ISO-10303-21;
HEADER;
/* Generated by software containing ST-Developer
 * from STEP Tools, Inc. (www.steptools.com) 
 */

FILE_DESCRIPTION(
/* description */ (''),
/* implementation_level */ '2;1');

FILE_NAME(
/* name */ 'Doppler.step',
/* time_stamp */ '2024-11-18T08:28:45+01:00',
/* author */ (''),
/* organization */ (''),
/* preprocessor_version */ 'ST-DEVELOPER v20',
/* originating_system */ 'Autodesk Translation Framework v13.20.0.188',

/* authorisation */ '');

FILE_SCHEMA (('AUTOMOTIVE_DESIGN { 1 0 10303 214 3 1 1 }'));
ENDSEC;

DATA;
#10=MECHANICAL_DESIGN_GEOMETRIC_PRESENTATION_REPRESENTATION('',(#13),#3098);
#11=SHAPE_REPRESENTATION_RELATIONSHIP('SRR','None',#3105,#12);
#12=ADVANCED_BREP_SHAPE_REPRESENTATION('',(#14),#3097);
#13=STYLED_ITEM('',(#3114),#14);
#14=MANIFOLD_SOLID_BREP('Body1',#1727);
#15=CONICAL_SURFACE('',#1907,0.45,0.785398163397448);
#16=CONICAL_SURFACE('',#1913,0.449999999999999,0.785398163397449);
#17=CONICAL_SURFACE('',#1919,0.449999999999999,0.785398163397449);
#18=CONICAL_SURFACE('',#1925,0.45,0.785398163397448);
#19=CONICAL_SURFACE('',#1931,0.45,0.785398163397448);
#20=CONICAL_SURFACE('',#1937,0.449999999999999,0.785398163397449);
#21=FACE_BOUND('',#525,.T.);
#22=FACE_BOUND('',#527,.T.);
#23=FACE_BOUND('',#531,.T.);
#24=FACE_BOUND('',#533,.T.);
#25=FACE_BOUND('',#537,.T.);
#26=FACE_BOUND('',#539,.T.);
#27=FACE_BOUND('',#542,.T.);
#28=FACE_BOUND('',#544,.T.);
#29=FACE_BOUND('',#547,.T.);
#30=FACE_BOUND('',#549,.T.);
#31=FACE_BOUND('',#553,.T.);
#32=FACE_BOUND('',#555,.T.);
#33=FACE_BOUND('',#559,.T.);
#34=FACE_BOUND('',#561,.T.);
#35=FACE_BOUND('',#565,.T.);
#36=FACE_BOUND('',#567,.T.);
#37=FACE_BOUND('',#593,.T.);
#38=FACE_BOUND('',#598,.T.);
#39=FACE_BOUND('',#602,.T.);
#40=FACE_BOUND('',#605,.T.);
#41=FACE_BOUND('',#609,.T.);
#42=FACE_BOUND('',#613,.T.);
#43=PLANE('',#1775);
#44=PLANE('',#1778);
#45=PLANE('',#1779);
#46=PLANE('',#1781);
#47=PLANE('',#1786);
#48=PLANE('',#1788);
#49=PLANE('',#1795);
#50=PLANE('',#1810);
#51=PLANE('',#1835);
#52=PLANE('',#1848);
#53=PLANE('',#1849);
#54=PLANE('',#1856);
#55=PLANE('',#1857);
#56=PLANE('',#1864);
#57=PLANE('',#1865);
#58=PLANE('',#1869);
#59=PLANE('',#1870);
#60=PLANE('',#1874);
#61=PLANE('',#1875);
#62=PLANE('',#1882);
#63=PLANE('',#1883);
#64=PLANE('',#1890);
#65=PLANE('',#1891);
#66=PLANE('',#1898);
#67=PLANE('',#1899);
#68=PLANE('',#1903);
#69=PLANE('',#1904);
#70=PLANE('',#1905);
#71=PLANE('',#1906);
#72=PLANE('',#1912);
#73=PLANE('',#1918);
#74=PLANE('',#1924);
#75=PLANE('',#1930);
#76=PLANE('',#1936);
#77=PLANE('',#1942);
#78=PLANE('',#1947);
#79=PLANE('',#1948);
#80=PLANE('',#1949);
#81=PLANE('',#1961);
#82=PLANE('',#1962);
#83=PLANE('',#1965);
#84=PLANE('',#1969);
#85=PLANE('',#1970);
#86=PLANE('',#1974);
#87=PLANE('',#1975);
#88=PLANE('',#1978);
#89=PLANE('',#1979);
#90=PLANE('',#1980);
#91=PLANE('',#1981);
#92=PLANE('',#1982);
#93=PLANE('',#1983);
#94=PLANE('',#1984);
#95=PLANE('',#1985);
#96=PLANE('',#1986);
#97=B_SPLINE_CURVE_WITH_KNOTS('',3,(#2620,#2621,#2622,#2623,#2624,#2625),
 .UNSPECIFIED.,.F.,.F.,(4,2,4),(0.,0.0587814095664542,0.097013022847789),
 .UNSPECIFIED.);
#98=B_SPLINE_CURVE_WITH_KNOTS('',3,(#2660,#2661,#2662,#2663,#2664,#2665),
 .UNSPECIFIED.,.F.,.F.,(4,2,4),(0.252766120019255,0.29099773330059,0.349779142867044),
 .UNSPECIFIED.);
#99=TOROIDAL_SURFACE('',#1753,1.,0.5);
#100=TOROIDAL_SURFACE('',#1767,1.,0.5);
#101=TOROIDAL_SURFACE('',#1797,3.5,0.5);
#102=TOROIDAL_SURFACE('',#1803,3.5,0.5);
#103=TOROIDAL_SURFACE('',#1811,3.5,0.5);
#104=TOROIDAL_SURFACE('',#1816,3.5,0.5);
#105=TOROIDAL_SURFACE('',#1821,3.5,0.5);
#106=TOROIDAL_SURFACE('',#1826,3.5,0.5);
#107=TOROIDAL_SURFACE('',#1831,3.5,0.5);
#108=TOROIDAL_SURFACE('',#1839,3.5,0.5);
#109=LINE('',#2601,#216);
#110=LINE('',#2602,#217);
#111=LINE('',#2603,#218);
#112=LINE('',#2615,#219);
#113=LINE('',#2616,#220);
#114=LINE('',#2639,#221);
#115=LINE('',#2641,#222);
#116=LINE('',#2642,#223);
#117=LINE('',#2644,#224);
#118=LINE('',#2645,#225);
#119=LINE('',#2668,#226);
#120=LINE('',#2669,#227);
#121=LINE('',#2672,#228);
#122=LINE('',#2674,#229);
#123=LINE('',#2675,#230);
#124=LINE('',#2677,#231);
#125=LINE('',#2679,#232);
#126=LINE('',#2680,#233);
#127=LINE('',#2683,#234);
#128=LINE('',#2685,#235);
#129=LINE('',#2686,#236);
#130=LINE('',#2687,#237);
#131=LINE('',#2690,#238);
#132=LINE('',#2692,#239);
#133=LINE('',#2693,#240);
#134=LINE('',#2695,#241);
#135=LINE('',#2697,#242);
#136=LINE('',#2698,#243);
#137=LINE('',#2700,#244);
#138=LINE('',#2705,#245);
#139=LINE('',#2707,#246);
#140=LINE('',#2709,#247);
#141=LINE('',#2711,#248);
#142=LINE('',#2713,#249);
#143=LINE('',#2715,#250);
#144=LINE('',#2716,#251);
#145=LINE('',#2726,#252);
#146=LINE('',#2749,#253);
#147=LINE('',#2759,#254);
#148=LINE('',#2761,#255);
#149=LINE('',#2762,#256);
#150=LINE('',#2770,#257);
#151=LINE('',#2778,#258);
#152=LINE('',#2786,#259);
#153=LINE('',#2794,#260);
#154=LINE('',#2806,#261);
#155=LINE('',#2816,#262);
#156=LINE('',#2822,#263);
#157=LINE('',#2831,#264);
#158=LINE('',#2836,#265);
#159=LINE('',#2845,#266);
#160=LINE('',#2850,#267);
#161=LINE('',#2858,#268);
#162=LINE('',#2866,#269);
#163=LINE('',#2874,#270);
#164=LINE('',#2880,#271);
#165=LINE('',#2888,#272);
#166=LINE('',#2894,#273);
#167=LINE('',#2902,#274);
#168=LINE('',#2908,#275);
#169=LINE('',#2916,#276);
#170=LINE('',#2926,#277);
#171=LINE('',#2930,#278);
#172=LINE('',#2937,#279);
#173=LINE('',#2941,#280);
#174=LINE('',#2948,#281);
#175=LINE('',#2952,#282);
#176=LINE('',#2959,#283);
#177=LINE('',#2963,#284);
#178=LINE('',#2970,#285);
#179=LINE('',#2974,#286);
#180=LINE('',#2981,#287);
#181=LINE('',#2985,#288);
#182=LINE('',#2992,#289);
#183=LINE('',#2999,#290);
#184=LINE('',#3000,#291);
#185=LINE('',#3003,#292);
#186=LINE('',#3006,#293);
#187=LINE('',#3013,#294);
#188=LINE('',#3018,#295);
#189=LINE('',#3024,#296);
#190=LINE('',#3026,#297);
#191=LINE('',#3028,#298);
#192=LINE('',#3030,#299);
#193=LINE('',#3031,#300);
#194=LINE('',#3035,#301);
#195=LINE('',#3039,#302);
#196=LINE('',#3043,#303);
#197=LINE('',#3048,#304);
#198=LINE('',#3053,#305);
#199=LINE('',#3054,#306);
#200=LINE('',#3058,#307);
#201=LINE('',#3062,#308);
#202=LINE('',#3066,#309);
#203=LINE('',#3070,#310);
#204=LINE('',#3072,#311);
#205=LINE('',#3073,#312);
#206=LINE('',#3075,#313);
#207=LINE('',#3078,#314);
#208=LINE('',#3079,#315);
#209=LINE('',#3082,#316);
#210=LINE('',#3083,#317);
#211=LINE('',#3086,#318);
#212=LINE('',#3087,#319);
#213=LINE('',#3090,#320);
#214=LINE('',#3091,#321);
#215=LINE('',#3093,#322);
#216=VECTOR('',#2001,10.);
#217=VECTOR('',#2002,10.);
#218=VECTOR('',#2003,10.);
#219=VECTOR('',#2016,10.);
#220=VECTOR('',#2017,10.);
#221=VECTOR('',#2036,10.);
#222=VECTOR('',#2037,10.);
#223=VECTOR('',#2038,10.);
#224=VECTOR('',#2041,10.);
#225=VECTOR('',#2042,10.);
#226=VECTOR('',#2061,10.);
#227=VECTOR('',#2062,10.);
#228=VECTOR('',#2065,10.);
#229=VECTOR('',#2066,10.);
#230=VECTOR('',#2067,10.);
#231=VECTOR('',#2068,10.);
#232=VECTOR('',#2069,10.);
#233=VECTOR('',#2070,10.);
#234=VECTOR('',#2073,10.);
#235=VECTOR('',#2074,10.);
#236=VECTOR('',#2075,10.);
#237=VECTOR('',#2076,10.);
#238=VECTOR('',#2079,10.);
#239=VECTOR('',#2080,10.);
#240=VECTOR('',#2081,10.);
#241=VECTOR('',#2082,10.);
#242=VECTOR('',#2083,10.);
#243=VECTOR('',#2084,10.);
#244=VECTOR('',#2087,10.);
#245=VECTOR('',#2094,10.);
#246=VECTOR('',#2095,10.);
#247=VECTOR('',#2096,10.);
#248=VECTOR('',#2097,10.);
#249=VECTOR('',#2098,10.);
#250=VECTOR('',#2099,10.);
#251=VECTOR('',#2100,10.);
#252=VECTOR('',#2115,10.);
#253=VECTOR('',#2150,3.);
#254=VECTOR('',#2163,3.);
#255=VECTOR('',#2166,10.);
#256=VECTOR('',#2167,10.);
#257=VECTOR('',#2178,3.);
#258=VECTOR('',#2189,3.);
#259=VECTOR('',#2200,3.);
#260=VECTOR('',#2211,3.);
#261=VECTOR('',#2228,3.);
#262=VECTOR('',#2241,3.);
#263=VECTOR('',#2248,2.5);
#264=VECTOR('',#2261,3.);
#265=VECTOR('',#2266,2.5);
#266=VECTOR('',#2279,3.);
#267=VECTOR('',#2284,2.5);
#268=VECTOR('',#2295,2.5);
#269=VECTOR('',#2306,2.5);
#270=VECTOR('',#2317,3.);
#271=VECTOR('',#2324,2.5);
#272=VECTOR('',#2335,3.);
#273=VECTOR('',#2342,2.5);
#274=VECTOR('',#2353,3.);
#275=VECTOR('',#2360,2.5);
#276=VECTOR('',#2371,3.);
#277=VECTOR('',#2386,0.45);
#278=VECTOR('',#2391,0.75);
#279=VECTOR('',#2400,0.449999999999999);
#280=VECTOR('',#2405,0.75);
#281=VECTOR('',#2414,0.449999999999999);
#282=VECTOR('',#2419,0.75);
#283=VECTOR('',#2428,0.45);
#284=VECTOR('',#2433,0.75);
#285=VECTOR('',#2442,0.45);
#286=VECTOR('',#2447,0.75);
#287=VECTOR('',#2456,0.449999999999999);
#288=VECTOR('',#2461,0.75);
#289=VECTOR('',#2470,1.5);
#290=VECTOR('',#2479,10.);
#291=VECTOR('',#2480,10.);
#292=VECTOR('',#2483,10.);
#293=VECTOR('',#2486,10.);
#294=VECTOR('',#2493,10.);
#295=VECTOR('',#2498,10.);
#296=VECTOR('',#2503,10.);
#297=VECTOR('',#2504,10.);
#298=VECTOR('',#2505,10.);
#299=VECTOR('',#2506,10.);
#300=VECTOR('',#2507,10.);
#301=VECTOR('',#2512,1.5);
#302=VECTOR('',#2519,10.);
#303=VECTOR('',#2524,1.5);
#304=VECTOR('',#2531,1.5);
#305=VECTOR('',#2538,10.);
#306=VECTOR('',#2539,10.);
#307=VECTOR('',#2544,1.5);
#308=VECTOR('',#2551,10.);
#309=VECTOR('',#2556,1.5);
#310=VECTOR('',#2561,10.);
#311=VECTOR('',#2562,10.);
#312=VECTOR('',#2563,10.);
#313=VECTOR('',#2566,10.);
#314=VECTOR('',#2569,10.);
#315=VECTOR('',#2570,10.);
#316=VECTOR('',#2573,10.);
#317=VECTOR('',#2574,10.);
#318=VECTOR('',#2577,10.);
#319=VECTOR('',#2578,10.);
#320=VECTOR('',#2581,10.);
#321=VECTOR('',#2582,10.);
#322=VECTOR('',#2585,10.);
#323=CYLINDRICAL_SURFACE('',#1745,0.5);
#324=CYLINDRICAL_SURFACE('',#1751,0.5);
#325=CYLINDRICAL_SURFACE('',#1760,0.5);
#326=CYLINDRICAL_SURFACE('',#1762,0.5);
#327=CYLINDRICAL_SURFACE('',#1771,0.5);
#328=CYLINDRICAL_SURFACE('',#1772,0.5);
#329=CYLINDRICAL_SURFACE('',#1773,0.5);
#330=CYLINDRICAL_SURFACE('',#1774,0.5);
#331=CYLINDRICAL_SURFACE('',#1801,3.);
#332=CYLINDRICAL_SURFACE('',#1807,3.);
#333=CYLINDRICAL_SURFACE('',#1809,0.5);
#334=CYLINDRICAL_SURFACE('',#1814,3.);
#335=CYLINDRICAL_SURFACE('',#1819,3.);
#336=CYLINDRICAL_SURFACE('',#1824,3.);
#337=CYLINDRICAL_SURFACE('',#1829,3.);
#338=CYLINDRICAL_SURFACE('',#1837,3.);
#339=CYLINDRICAL_SURFACE('',#1843,3.);
#340=CYLINDRICAL_SURFACE('',#1845,2.5);
#341=CYLINDRICAL_SURFACE('',#1851,3.);
#342=CYLINDRICAL_SURFACE('',#1853,2.5);
#343=CYLINDRICAL_SURFACE('',#1859,3.);
#344=CYLINDRICAL_SURFACE('',#1861,2.5);
#345=CYLINDRICAL_SURFACE('',#1866,2.5);
#346=CYLINDRICAL_SURFACE('',#1871,2.5);
#347=CYLINDRICAL_SURFACE('',#1877,3.);
#348=CYLINDRICAL_SURFACE('',#1879,2.5);
#349=CYLINDRICAL_SURFACE('',#1885,3.);
#350=CYLINDRICAL_SURFACE('',#1887,2.5);
#351=CYLINDRICAL_SURFACE('',#1893,3.);
#352=CYLINDRICAL_SURFACE('',#1895,2.5);
#353=CYLINDRICAL_SURFACE('',#1901,3.);
#354=CYLINDRICAL_SURFACE('',#1910,0.75);
#355=CYLINDRICAL_SURFACE('',#1916,0.75);
#356=CYLINDRICAL_SURFACE('',#1922,0.75);
#357=CYLINDRICAL_SURFACE('',#1928,0.75);
#358=CYLINDRICAL_SURFACE('',#1934,0.75);
#359=CYLINDRICAL_SURFACE('',#1940,0.75);
#360=CYLINDRICAL_SURFACE('',#1943,1.5);
#361=CYLINDRICAL_SURFACE('',#1958,1.5);
#362=CYLINDRICAL_SURFACE('',#1963,1.5);
#363=CYLINDRICAL_SURFACE('',#1966,1.5);
#364=CYLINDRICAL_SURFACE('',#1971,1.5);
#365=CYLINDRICAL_SURFACE('',#1976,1.5);
#366=FACE_OUTER_BOUND('',#483,.T.);
#367=FACE_OUTER_BOUND('',#484,.T.);
#368=FACE_OUTER_BOUND('',#485,.T.);
#369=FACE_OUTER_BOUND('',#486,.T.);
#370=FACE_OUTER_BOUND('',#487,.T.);
#371=FACE_OUTER_BOUND('',#488,.T.);
#372=FACE_OUTER_BOUND('',#489,.T.);
#373=FACE_OUTER_BOUND('',#490,.T.);
#374=FACE_OUTER_BOUND('',#491,.T.);
#375=FACE_OUTER_BOUND('',#492,.T.);
#376=FACE_OUTER_BOUND('',#493,.T.);
#377=FACE_OUTER_BOUND('',#494,.T.);
#378=FACE_OUTER_BOUND('',#495,.T.);
#379=FACE_OUTER_BOUND('',#496,.T.);
#380=FACE_OUTER_BOUND('',#497,.T.);
#381=FACE_OUTER_BOUND('',#498,.T.);
#382=FACE_OUTER_BOUND('',#499,.T.);
#383=FACE_OUTER_BOUND('',#500,.T.);
#384=FACE_OUTER_BOUND('',#501,.T.);
#385=FACE_OUTER_BOUND('',#502,.T.);
#386=FACE_OUTER_BOUND('',#503,.T.);
#387=FACE_OUTER_BOUND('',#504,.T.);
#388=FACE_OUTER_BOUND('',#505,.T.);
#389=FACE_OUTER_BOUND('',#506,.T.);
#390=FACE_OUTER_BOUND('',#507,.T.);
#391=FACE_OUTER_BOUND('',#508,.T.);
#392=FACE_OUTER_BOUND('',#509,.T.);
#393=FACE_OUTER_BOUND('',#510,.T.);
#394=FACE_OUTER_BOUND('',#511,.T.);
#395=FACE_OUTER_BOUND('',#512,.T.);
#396=FACE_OUTER_BOUND('',#513,.T.);
#397=FACE_OUTER_BOUND('',#514,.T.);
#398=FACE_OUTER_BOUND('',#515,.T.);
#399=FACE_OUTER_BOUND('',#516,.T.);
#400=FACE_OUTER_BOUND('',#517,.T.);
#401=FACE_OUTER_BOUND('',#518,.T.);
#402=FACE_OUTER_BOUND('',#519,.T.);
#403=FACE_OUTER_BOUND('',#520,.T.);
#404=FACE_OUTER_BOUND('',#521,.T.);
#405=FACE_OUTER_BOUND('',#522,.T.);
#406=FACE_OUTER_BOUND('',#523,.T.);
#407=FACE_OUTER_BOUND('',#524,.T.);
#408=FACE_OUTER_BOUND('',#526,.T.);
#409=FACE_OUTER_BOUND('',#528,.T.);
#410=FACE_OUTER_BOUND('',#529,.T.);
#411=FACE_OUTER_BOUND('',#530,.T.);
#412=FACE_OUTER_BOUND('',#532,.T.);
#413=FACE_OUTER_BOUND('',#534,.T.);
#414=FACE_OUTER_BOUND('',#535,.T.);
#415=FACE_OUTER_BOUND('',#536,.T.);
#416=FACE_OUTER_BOUND('',#538,.T.);
#417=FACE_OUTER_BOUND('',#540,.T.);
#418=FACE_OUTER_BOUND('',#541,.T.);
#419=FACE_OUTER_BOUND('',#543,.T.);
#420=FACE_OUTER_BOUND('',#545,.T.);
#421=FACE_OUTER_BOUND('',#546,.T.);
#422=FACE_OUTER_BOUND('',#548,.T.);
#423=FACE_OUTER_BOUND('',#550,.T.);
#424=FACE_OUTER_BOUND('',#551,.T.);
#425=FACE_OUTER_BOUND('',#552,.T.);
#426=FACE_OUTER_BOUND('',#554,.T.);
#427=FACE_OUTER_BOUND('',#556,.T.);
#428=FACE_OUTER_BOUND('',#557,.T.);
#429=FACE_OUTER_BOUND('',#558,.T.);
#430=FACE_OUTER_BOUND('',#560,.T.);
#431=FACE_OUTER_BOUND('',#562,.T.);
#432=FACE_OUTER_BOUND('',#563,.T.);
#433=FACE_OUTER_BOUND('',#564,.T.);
#434=FACE_OUTER_BOUND('',#566,.T.);
#435=FACE_OUTER_BOUND('',#568,.T.);
#436=FACE_OUTER_BOUND('',#569,.T.);
#437=FACE_OUTER_BOUND('',#570,.T.);
#438=FACE_OUTER_BOUND('',#571,.T.);
#439=FACE_OUTER_BOUND('',#572,.T.);
#440=FACE_OUTER_BOUND('',#573,.T.);
#441=FACE_OUTER_BOUND('',#574,.T.);
#442=FACE_OUTER_BOUND('',#575,.T.);
#443=FACE_OUTER_BOUND('',#576,.T.);
#444=FACE_OUTER_BOUND('',#577,.T.);
#445=FACE_OUTER_BOUND('',#578,.T.);
#446=FACE_OUTER_BOUND('',#579,.T.);
#447=FACE_OUTER_BOUND('',#580,.T.);
#448=FACE_OUTER_BOUND('',#581,.T.);
#449=FACE_OUTER_BOUND('',#582,.T.);
#450=FACE_OUTER_BOUND('',#583,.T.);
#451=FACE_OUTER_BOUND('',#584,.T.);
#452=FACE_OUTER_BOUND('',#585,.T.);
#453=FACE_OUTER_BOUND('',#586,.T.);
#454=FACE_OUTER_BOUND('',#587,.T.);
#455=FACE_OUTER_BOUND('',#588,.T.);
#456=FACE_OUTER_BOUND('',#589,.T.);
#457=FACE_OUTER_BOUND('',#590,.T.);
#458=FACE_OUTER_BOUND('',#591,.T.);
#459=FACE_OUTER_BOUND('',#592,.T.);
#460=FACE_OUTER_BOUND('',#594,.T.);
#461=FACE_OUTER_BOUND('',#595,.T.);
#462=FACE_OUTER_BOUND('',#596,.T.);
#463=FACE_OUTER_BOUND('',#597,.T.);
#464=FACE_OUTER_BOUND('',#599,.T.);
#465=FACE_OUTER_BOUND('',#600,.T.);
#466=FACE_OUTER_BOUND('',#601,.T.);
#467=FACE_OUTER_BOUND('',#603,.T.);
#468=FACE_OUTER_BOUND('',#604,.T.);
#469=FACE_OUTER_BOUND('',#606,.T.);
#470=FACE_OUTER_BOUND('',#607,.T.);
#471=FACE_OUTER_BOUND('',#608,.T.);
#472=FACE_OUTER_BOUND('',#610,.T.);
#473=FACE_OUTER_BOUND('',#611,.T.);
#474=FACE_OUTER_BOUND('',#612,.T.);
#475=FACE_OUTER_BOUND('',#614,.T.);
#476=FACE_OUTER_BOUND('',#615,.T.);
#477=FACE_OUTER_BOUND('',#616,.T.);
#478=FACE_OUTER_BOUND('',#617,.T.);
#479=FACE_OUTER_BOUND('',#618,.T.);
#480=FACE_OUTER_BOUND('',#619,.T.);
#481=FACE_OUTER_BOUND('',#620,.T.);
#482=FACE_OUTER_BOUND('',#621,.T.);
#483=EDGE_LOOP('',(#1130,#1131,#1132));
#484=EDGE_LOOP('',(#1133,#1134,#1135,#1136,#1137));
#485=EDGE_LOOP('',(#1138,#1139,#1140));
#486=EDGE_LOOP('',(#1141,#1142,#1143,#1144));
#487=EDGE_LOOP('',(#1145,#1146,#1147,#1148));
#488=EDGE_LOOP('',(#1149,#1150,#1151));
#489=EDGE_LOOP('',(#1152,#1153,#1154,#1155,#1156));
#490=EDGE_LOOP('',(#1157,#1158,#1159,#1160));
#491=EDGE_LOOP('',(#1161,#1162,#1163));
#492=EDGE_LOOP('',(#1164,#1165,#1166,#1167));
#493=EDGE_LOOP('',(#1168,#1169,#1170,#1171));
#494=EDGE_LOOP('',(#1172,#1173,#1174,#1175,#1176,#1177,#1178,#1179));
#495=EDGE_LOOP('',(#1180,#1181,#1182,#1183,#1184,#1185));
#496=EDGE_LOOP('',(#1186,#1187,#1188,#1189,#1190,#1191,#1192,#1193));
#497=EDGE_LOOP('',(#1194,#1195,#1196,#1197,#1198,#1199,#1200,#1201));
#498=EDGE_LOOP('',(#1202,#1203,#1204,#1205,#1206,#1207,#1208,#1209,#1210,
#1211));
#499=EDGE_LOOP('',(#1212,#1213,#1214));
#500=EDGE_LOOP('',(#1215,#1216,#1217,#1218,#1219,#1220,#1221,#1222,#1223,
#1224));
#501=EDGE_LOOP('',(#1225,#1226,#1227));
#502=EDGE_LOOP('',(#1228,#1229,#1230,#1231,#1232,#1233,#1234,#1235,#1236,
#1237,#1238,#1239));
#503=EDGE_LOOP('',(#1240,#1241,#1242));
#504=EDGE_LOOP('',(#1243,#1244,#1245,#1246,#1247,#1248));
#505=EDGE_LOOP('',(#1249,#1250,#1251,#1252,#1253));
#506=EDGE_LOOP('',(#1254,#1255,#1256,#1257,#1258,#1259,#1260));
#507=EDGE_LOOP('',(#1261,#1262,#1263,#1264,#1265));
#508=EDGE_LOOP('',(#1266,#1267,#1268,#1269));
#509=EDGE_LOOP('',(#1270,#1271,#1272,#1273));
#510=EDGE_LOOP('',(#1274,#1275,#1276,#1277));
#511=EDGE_LOOP('',(#1278,#1279,#1280,#1281));
#512=EDGE_LOOP('',(#1282,#1283,#1284,#1285,#1286));
#513=EDGE_LOOP('',(#1287,#1288,#1289,#1290));
#514=EDGE_LOOP('',(#1291,#1292,#1293,#1294,#1295));
#515=EDGE_LOOP('',(#1296,#1297,#1298,#1299));
#516=EDGE_LOOP('',(#1300,#1301,#1302,#1303,#1304,#1305));
#517=EDGE_LOOP('',(#1306,#1307,#1308,#1309));
#518=EDGE_LOOP('',(#1310,#1311,#1312,#1313,#1314));
#519=EDGE_LOOP('',(#1315,#1316,#1317));
#520=EDGE_LOOP('',(#1318,#1319,#1320,#1321,#1322));
#521=EDGE_LOOP('',(#1323,#1324,#1325,#1326,#1327,#1328));
#522=EDGE_LOOP('',(#1329,#1330,#1331,#1332,#1333));
#523=EDGE_LOOP('',(#1334,#1335,#1336,#1337));
#524=EDGE_LOOP('',(#1338));
#525=EDGE_LOOP('',(#1339));
#526=EDGE_LOOP('',(#1340));
#527=EDGE_LOOP('',(#1341));
#528=EDGE_LOOP('',(#1342,#1343,#1344,#1345));
#529=EDGE_LOOP('',(#1346,#1347,#1348,#1349));
#530=EDGE_LOOP('',(#1350));
#531=EDGE_LOOP('',(#1351));
#532=EDGE_LOOP('',(#1352));
#533=EDGE_LOOP('',(#1353));
#534=EDGE_LOOP('',(#1354,#1355,#1356,#1357));
#535=EDGE_LOOP('',(#1358,#1359,#1360,#1361));
#536=EDGE_LOOP('',(#1362));
#537=EDGE_LOOP('',(#1363));
#538=EDGE_LOOP('',(#1364));
#539=EDGE_LOOP('',(#1365));
#540=EDGE_LOOP('',(#1366,#1367,#1368,#1369));
#541=EDGE_LOOP('',(#1370));
#542=EDGE_LOOP('',(#1371));
#543=EDGE_LOOP('',(#1372));
#544=EDGE_LOOP('',(#1373));
#545=EDGE_LOOP('',(#1374,#1375,#1376,#1377));
#546=EDGE_LOOP('',(#1378));
#547=EDGE_LOOP('',(#1379));
#548=EDGE_LOOP('',(#1380));
#549=EDGE_LOOP('',(#1381));
#550=EDGE_LOOP('',(#1382,#1383,#1384,#1385));
#551=EDGE_LOOP('',(#1386,#1387,#1388,#1389));
#552=EDGE_LOOP('',(#1390));
#553=EDGE_LOOP('',(#1391));
#554=EDGE_LOOP('',(#1392));
#555=EDGE_LOOP('',(#1393));
#556=EDGE_LOOP('',(#1394,#1395,#1396,#1397));
#557=EDGE_LOOP('',(#1398,#1399,#1400,#1401));
#558=EDGE_LOOP('',(#1402));
#559=EDGE_LOOP('',(#1403));
#560=EDGE_LOOP('',(#1404));
#561=EDGE_LOOP('',(#1405));
#562=EDGE_LOOP('',(#1406,#1407,#1408,#1409));
#563=EDGE_LOOP('',(#1410,#1411,#1412,#1413));
#564=EDGE_LOOP('',(#1414));
#565=EDGE_LOOP('',(#1415));
#566=EDGE_LOOP('',(#1416));
#567=EDGE_LOOP('',(#1417));
#568=EDGE_LOOP('',(#1418,#1419,#1420,#1421));
#569=EDGE_LOOP('',(#1422));
#570=EDGE_LOOP('',(#1423));
#571=EDGE_LOOP('',(#1424));
#572=EDGE_LOOP('',(#1425));
#573=EDGE_LOOP('',(#1426,#1427,#1428,#1429));
#574=EDGE_LOOP('',(#1430,#1431,#1432,#1433));
#575=EDGE_LOOP('',(#1434));
#576=EDGE_LOOP('',(#1435,#1436,#1437,#1438));
#577=EDGE_LOOP('',(#1439,#1440,#1441,#1442));
#578=EDGE_LOOP('',(#1443));
#579=EDGE_LOOP('',(#1444,#1445,#1446,#1447));
#580=EDGE_LOOP('',(#1448,#1449,#1450,#1451));
#581=EDGE_LOOP('',(#1452));
#582=EDGE_LOOP('',(#1453,#1454,#1455,#1456));
#583=EDGE_LOOP('',(#1457,#1458,#1459,#1460));
#584=EDGE_LOOP('',(#1461));
#585=EDGE_LOOP('',(#1462,#1463,#1464,#1465));
#586=EDGE_LOOP('',(#1466,#1467,#1468,#1469));
#587=EDGE_LOOP('',(#1470));
#588=EDGE_LOOP('',(#1471,#1472,#1473,#1474));
#589=EDGE_LOOP('',(#1475,#1476,#1477,#1478));
#590=EDGE_LOOP('',(#1479));
#591=EDGE_LOOP('',(#1480,#1481,#1482,#1483,#1484));
#592=EDGE_LOOP('',(#1485));
#593=EDGE_LOOP('',(#1486));
#594=EDGE_LOOP('',(#1487,#1488,#1489));
#595=EDGE_LOOP('',(#1490,#1491,#1492,#1493,#1494,#1495,#1496,#1497,#1498,
#1499,#1500,#1501,#1502,#1503,#1504,#1505,#1506,#1507,#1508));
#596=EDGE_LOOP('',(#1509,#1510,#1511,#1512,#1513));
#597=EDGE_LOOP('',(#1514));
#598=EDGE_LOOP('',(#1515));
#599=EDGE_LOOP('',(#1516,#1517,#1518));
#600=EDGE_LOOP('',(#1519,#1520,#1521,#1522));
#601=EDGE_LOOP('',(#1523));
#602=EDGE_LOOP('',(#1524));
#603=EDGE_LOOP('',(#1525,#1526,#1527,#1528,#1529,#1530));
#604=EDGE_LOOP('',(#1531));
#605=EDGE_LOOP('',(#1532));
#606=EDGE_LOOP('',(#1533,#1534,#1535));
#607=EDGE_LOOP('',(#1536,#1537,#1538,#1539,#1540,#1541));
#608=EDGE_LOOP('',(#1542));
#609=EDGE_LOOP('',(#1543));
#610=EDGE_LOOP('',(#1544,#1545,#1546));
#611=EDGE_LOOP('',(#1547,#1548,#1549,#1550,#1551));
#612=EDGE_LOOP('',(#1552));
#613=EDGE_LOOP('',(#1553));
#614=EDGE_LOOP('',(#1554,#1555,#1556,#1557,#1558));
#615=EDGE_LOOP('',(#1559,#1560,#1561,#1562,#1563,#1564,#1565));
#616=EDGE_LOOP('',(#1566,#1567,#1568,#1569,#1570,#1571,#1572));
#617=EDGE_LOOP('',(#1573,#1574,#1575,#1576,#1577));
#618=EDGE_LOOP('',(#1578,#1579,#1580,#1581));
#619=EDGE_LOOP('',(#1582,#1583,#1584,#1585));
#620=EDGE_LOOP('',(#1586,#1587,#1588,#1589));
#621=EDGE_LOOP('',(#1590,#1591,#1592,#1593,#1594,#1595,#1596,#1597,#1598,
#1599,#1600,#1601,#1602,#1603,#1604,#1605));
#622=CIRCLE('',#1742,0.499999999999998);
#623=CIRCLE('',#1743,0.5);
#624=CIRCLE('',#1744,0.5);
#625=CIRCLE('',#1746,0.5);
#626=CIRCLE('',#1748,0.5);
#627=CIRCLE('',#1749,0.5);
#628=CIRCLE('',#1750,0.5);
#629=CIRCLE('',#1752,0.5);
#630=CIRCLE('',#1754,0.5);
#631=CIRCLE('',#1755,1.);
#632=CIRCLE('',#1757,0.5);
#633=CIRCLE('',#1758,0.499999999999998);
#634=CIRCLE('',#1759,0.5);
#635=CIRCLE('',#1761,0.5);
#636=CIRCLE('',#1764,0.5);
#637=CIRCLE('',#1765,0.5);
#638=CIRCLE('',#1766,0.5);
#639=CIRCLE('',#1768,0.5);
#640=CIRCLE('',#1769,0.5);
#641=CIRCLE('',#1770,1.);
#642=CIRCLE('',#1776,3.5);
#643=CIRCLE('',#1777,3.5);
#644=CIRCLE('',#1780,3.5);
#645=CIRCLE('',#1782,3.5);
#646=CIRCLE('',#1783,3.5);
#647=CIRCLE('',#1784,3.5);
#648=CIRCLE('',#1785,3.5);
#649=CIRCLE('',#1787,3.5);
#650=CIRCLE('',#1789,3.5);
#651=CIRCLE('',#1790,3.5);
#652=CIRCLE('',#1791,3.5);
#653=CIRCLE('',#1792,3.5);
#654=CIRCLE('',#1793,3.5);
#655=CIRCLE('',#1794,3.5);
#656=CIRCLE('',#1796,3.5);
#657=CIRCLE('',#1798,0.5);
#658=CIRCLE('',#1799,3.);
#659=CIRCLE('',#1800,3.);
#660=CIRCLE('',#1802,3.);
#661=CIRCLE('',#1804,0.5);
#662=CIRCLE('',#1805,3.);
#663=CIRCLE('',#1806,3.);
#664=CIRCLE('',#1808,3.);
#665=CIRCLE('',#1812,0.5);
#666=CIRCLE('',#1813,3.);
#667=CIRCLE('',#1815,3.);
#668=CIRCLE('',#1817,0.5);
#669=CIRCLE('',#1818,3.);
#670=CIRCLE('',#1820,3.);
#671=CIRCLE('',#1822,0.5);
#672=CIRCLE('',#1823,3.);
#673=CIRCLE('',#1825,3.);
#674=CIRCLE('',#1827,0.5);
#675=CIRCLE('',#1828,3.);
#676=CIRCLE('',#1830,3.);
#677=CIRCLE('',#1832,0.5);
#678=CIRCLE('',#1833,3.);
#679=CIRCLE('',#1834,3.);
#680=CIRCLE('',#1836,3.5);
#681=CIRCLE('',#1838,3.);
#682=CIRCLE('',#1840,0.5);
#683=CIRCLE('',#1841,3.);
#684=CIRCLE('',#1842,3.);
#685=CIRCLE('',#1844,3.);
#686=CIRCLE('',#1846,2.5);
#687=CIRCLE('',#1847,2.5);
#688=CIRCLE('',#1850,3.);
#689=CIRCLE('',#1852,3.);
#690=CIRCLE('',#1854,2.5);
#691=CIRCLE('',#1855,2.5);
#692=CIRCLE('',#1858,3.);
#693=CIRCLE('',#1860,3.);
#694=CIRCLE('',#1862,2.5);
#695=CIRCLE('',#1863,2.5);
#696=CIRCLE('',#1867,2.5);
#697=CIRCLE('',#1868,2.5);
#698=CIRCLE('',#1872,2.5);
#699=CIRCLE('',#1873,2.5);
#700=CIRCLE('',#1876,3.);
#701=CIRCLE('',#1878,3.);
#702=CIRCLE('',#1880,2.5);
#703=CIRCLE('',#1881,2.5);
#704=CIRCLE('',#1884,3.);
#705=CIRCLE('',#1886,3.);
#706=CIRCLE('',#1888,2.5);
#707=CIRCLE('',#1889,2.5);
#708=CIRCLE('',#1892,3.);
#709=CIRCLE('',#1894,3.);
#710=CIRCLE('',#1896,2.5);
#711=CIRCLE('',#1897,2.5);
#712=CIRCLE('',#1900,3.);
#713=CIRCLE('',#1902,3.);
#714=CIRCLE('',#1908,0.15);
#715=CIRCLE('',#1909,0.75);
#716=CIRCLE('',#1911,0.75);
#717=CIRCLE('',#1914,0.149999999999999);
#718=CIRCLE('',#1915,0.75);
#719=CIRCLE('',#1917,0.75);
#720=CIRCLE('',#1920,0.149999999999999);
#721=CIRCLE('',#1921,0.75);
#722=CIRCLE('',#1923,0.75);
#723=CIRCLE('',#1926,0.15);
#724=CIRCLE('',#1927,0.75);
#725=CIRCLE('',#1929,0.75);
#726=CIRCLE('',#1932,0.15);
#727=CIRCLE('',#1933,0.75);
#728=CIRCLE('',#1935,0.75);
#729=CIRCLE('',#1938,0.149999999999999);
#730=CIRCLE('',#1939,0.75);
#731=CIRCLE('',#1941,0.75);
#732=CIRCLE('',#1944,1.5);
#733=CIRCLE('',#1945,1.5);
#734=CIRCLE('',#1946,1.5);
#735=CIRCLE('',#1950,1.5);
#736=CIRCLE('',#1951,1.5);
#737=CIRCLE('',#1952,1.5);
#738=CIRCLE('',#1953,1.5);
#739=CIRCLE('',#1954,1.5);
#740=CIRCLE('',#1955,1.5);
#741=CIRCLE('',#1956,1.5);
#742=CIRCLE('',#1957,1.5);
#743=CIRCLE('',#1959,1.5);
#744=CIRCLE('',#1960,1.5);
#745=CIRCLE('',#1964,1.5);
#746=CIRCLE('',#1967,1.5);
#747=CIRCLE('',#1968,1.5);
#748=CIRCLE('',#1972,1.5);
#749=CIRCLE('',#1973,1.5);
#750=CIRCLE('',#1977,1.5);
#751=VERTEX_POINT('',#2590);
#752=VERTEX_POINT('',#2591);
#753=VERTEX_POINT('',#2593);
#754=VERTEX_POINT('',#2597);
#755=VERTEX_POINT('',#2598);
#756=VERTEX_POINT('',#2600);
#757=VERTEX_POINT('',#2605);
#758=VERTEX_POINT('',#2606);
#759=VERTEX_POINT('',#2608);
#760=VERTEX_POINT('',#2612);
#761=VERTEX_POINT('',#2613);
#762=VERTEX_POINT('',#2618);
#763=VERTEX_POINT('',#2619);
#764=VERTEX_POINT('',#2629);
#765=VERTEX_POINT('',#2630);
#766=VERTEX_POINT('',#2632);
#767=VERTEX_POINT('',#2636);
#768=VERTEX_POINT('',#2637);
#769=VERTEX_POINT('',#2640);
#770=VERTEX_POINT('',#2647);
#771=VERTEX_POINT('',#2648);
#772=VERTEX_POINT('',#2650);
#773=VERTEX_POINT('',#2654);
#774=VERTEX_POINT('',#2655);
#775=VERTEX_POINT('',#2657);
#776=VERTEX_POINT('',#2659);
#777=VERTEX_POINT('',#2671);
#778=VERTEX_POINT('',#2673);
#779=VERTEX_POINT('',#2676);
#780=VERTEX_POINT('',#2678);
#781=VERTEX_POINT('',#2682);
#782=VERTEX_POINT('',#2684);
#783=VERTEX_POINT('',#2689);
#784=VERTEX_POINT('',#2691);
#785=VERTEX_POINT('',#2694);
#786=VERTEX_POINT('',#2696);
#787=VERTEX_POINT('',#2704);
#788=VERTEX_POINT('',#2706);
#789=VERTEX_POINT('',#2708);
#790=VERTEX_POINT('',#2710);
#791=VERTEX_POINT('',#2712);
#792=VERTEX_POINT('',#2714);
#793=VERTEX_POINT('',#2720);
#794=VERTEX_POINT('',#2723);
#795=VERTEX_POINT('',#2731);
#796=VERTEX_POINT('',#2734);
#797=VERTEX_POINT('',#2741);
#798=VERTEX_POINT('',#2743);
#799=VERTEX_POINT('',#2747);
#800=VERTEX_POINT('',#2751);
#801=VERTEX_POINT('',#2753);
#802=VERTEX_POINT('',#2757);
#803=VERTEX_POINT('',#2765);
#804=VERTEX_POINT('',#2769);
#805=VERTEX_POINT('',#2773);
#806=VERTEX_POINT('',#2777);
#807=VERTEX_POINT('',#2781);
#808=VERTEX_POINT('',#2785);
#809=VERTEX_POINT('',#2789);
#810=VERTEX_POINT('',#2793);
#811=VERTEX_POINT('',#2797);
#812=VERTEX_POINT('',#2799);
#813=VERTEX_POINT('',#2805);
#814=VERTEX_POINT('',#2809);
#815=VERTEX_POINT('',#2811);
#816=VERTEX_POINT('',#2815);
#817=VERTEX_POINT('',#2819);
#818=VERTEX_POINT('',#2821);
#819=VERTEX_POINT('',#2826);
#820=VERTEX_POINT('',#2829);
#821=VERTEX_POINT('',#2833);
#822=VERTEX_POINT('',#2835);
#823=VERTEX_POINT('',#2840);
#824=VERTEX_POINT('',#2843);
#825=VERTEX_POINT('',#2847);
#826=VERTEX_POINT('',#2849);
#827=VERTEX_POINT('',#2855);
#828=VERTEX_POINT('',#2857);
#829=VERTEX_POINT('',#2863);
#830=VERTEX_POINT('',#2865);
#831=VERTEX_POINT('',#2870);
#832=VERTEX_POINT('',#2873);
#833=VERTEX_POINT('',#2877);
#834=VERTEX_POINT('',#2879);
#835=VERTEX_POINT('',#2884);
#836=VERTEX_POINT('',#2887);
#837=VERTEX_POINT('',#2891);
#838=VERTEX_POINT('',#2893);
#839=VERTEX_POINT('',#2898);
#840=VERTEX_POINT('',#2901);
#841=VERTEX_POINT('',#2905);
#842=VERTEX_POINT('',#2907);
#843=VERTEX_POINT('',#2912);
#844=VERTEX_POINT('',#2915);
#845=VERTEX_POINT('',#2923);
#846=VERTEX_POINT('',#2925);
#847=VERTEX_POINT('',#2929);
#848=VERTEX_POINT('',#2934);
#849=VERTEX_POINT('',#2936);
#850=VERTEX_POINT('',#2940);
#851=VERTEX_POINT('',#2945);
#852=VERTEX_POINT('',#2947);
#853=VERTEX_POINT('',#2951);
#854=VERTEX_POINT('',#2956);
#855=VERTEX_POINT('',#2958);
#856=VERTEX_POINT('',#2962);
#857=VERTEX_POINT('',#2967);
#858=VERTEX_POINT('',#2969);
#859=VERTEX_POINT('',#2973);
#860=VERTEX_POINT('',#2978);
#861=VERTEX_POINT('',#2980);
#862=VERTEX_POINT('',#2984);
#863=VERTEX_POINT('',#2989);
#864=VERTEX_POINT('',#2991);
#865=VERTEX_POINT('',#2993);
#866=VERTEX_POINT('',#2998);
#867=VERTEX_POINT('',#3002);
#868=VERTEX_POINT('',#3005);
#869=VERTEX_POINT('',#3008);
#870=VERTEX_POINT('',#3010);
#871=VERTEX_POINT('',#3012);
#872=VERTEX_POINT('',#3014);
#873=VERTEX_POINT('',#3017);
#874=VERTEX_POINT('',#3019);
#875=VERTEX_POINT('',#3021);
#876=VERTEX_POINT('',#3023);
#877=VERTEX_POINT('',#3025);
#878=VERTEX_POINT('',#3027);
#879=VERTEX_POINT('',#3029);
#880=VERTEX_POINT('',#3033);
#881=VERTEX_POINT('',#3041);
#882=VERTEX_POINT('',#3046);
#883=VERTEX_POINT('',#3052);
#884=VERTEX_POINT('',#3056);
#885=VERTEX_POINT('',#3064);
#886=VERTEX_POINT('',#3069);
#887=VERTEX_POINT('',#3071);
#888=VERTEX_POINT('',#3077);
#889=VERTEX_POINT('',#3081);
#890=VERTEX_POINT('',#3085);
#891=VERTEX_POINT('',#3089);
#892=EDGE_CURVE('',#751,#752,#622,.F.);
#893=EDGE_CURVE('',#753,#751,#623,.F.);
#894=EDGE_CURVE('',#752,#753,#624,.F.);
#895=EDGE_CURVE('',#754,#755,#625,.F.);
#896=EDGE_CURVE('',#755,#756,#109,.T.);
#897=EDGE_CURVE('',#756,#753,#110,.T.);
#898=EDGE_CURVE('',#751,#754,#111,.T.);
#899=EDGE_CURVE('',#757,#758,#626,.F.);
#900=EDGE_CURVE('',#759,#757,#627,.F.);
#901=EDGE_CURVE('',#758,#759,#628,.F.);
#902=EDGE_CURVE('',#760,#761,#629,.T.);
#903=EDGE_CURVE('',#761,#759,#112,.T.);
#904=EDGE_CURVE('',#757,#760,#113,.T.);
#905=EDGE_CURVE('',#762,#763,#97,.F.);
#906=EDGE_CURVE('',#763,#761,#630,.T.);
#907=EDGE_CURVE('',#760,#762,#631,.T.);
#908=EDGE_CURVE('',#764,#765,#632,.F.);
#909=EDGE_CURVE('',#766,#764,#633,.F.);
#910=EDGE_CURVE('',#765,#766,#634,.F.);
#911=EDGE_CURVE('',#767,#768,#635,.F.);
#912=EDGE_CURVE('',#768,#766,#114,.T.);
#913=EDGE_CURVE('',#764,#769,#115,.T.);
#914=EDGE_CURVE('',#769,#767,#116,.T.);
#915=EDGE_CURVE('',#752,#765,#117,.T.);
#916=EDGE_CURVE('',#766,#751,#118,.T.);
#917=EDGE_CURVE('',#770,#771,#636,.F.);
#918=EDGE_CURVE('',#772,#770,#637,.F.);
#919=EDGE_CURVE('',#771,#772,#638,.F.);
#920=EDGE_CURVE('',#773,#774,#639,.T.);
#921=EDGE_CURVE('',#774,#775,#640,.T.);
#922=EDGE_CURVE('',#775,#776,#98,.F.);
#923=EDGE_CURVE('',#776,#773,#641,.T.);
#924=EDGE_CURVE('',#770,#774,#119,.T.);
#925=EDGE_CURVE('',#773,#772,#120,.T.);
#926=EDGE_CURVE('',#765,#777,#121,.T.);
#927=EDGE_CURVE('',#777,#778,#122,.T.);
#928=EDGE_CURVE('',#778,#771,#123,.T.);
#929=EDGE_CURVE('',#772,#779,#124,.T.);
#930=EDGE_CURVE('',#779,#780,#125,.T.);
#931=EDGE_CURVE('',#780,#764,#126,.T.);
#932=EDGE_CURVE('',#771,#781,#127,.T.);
#933=EDGE_CURVE('',#781,#782,#128,.T.);
#934=EDGE_CURVE('',#782,#758,#129,.T.);
#935=EDGE_CURVE('',#759,#770,#130,.T.);
#936=EDGE_CURVE('',#758,#783,#131,.T.);
#937=EDGE_CURVE('',#783,#784,#132,.T.);
#938=EDGE_CURVE('',#784,#752,#133,.T.);
#939=EDGE_CURVE('',#753,#785,#134,.T.);
#940=EDGE_CURVE('',#785,#786,#135,.T.);
#941=EDGE_CURVE('',#786,#757,#136,.T.);
#942=EDGE_CURVE('',#762,#755,#137,.T.);
#943=EDGE_CURVE('',#786,#786,#642,.T.);
#944=EDGE_CURVE('',#756,#785,#643,.T.);
#945=EDGE_CURVE('',#754,#787,#138,.T.);
#946=EDGE_CURVE('',#788,#768,#139,.T.);
#947=EDGE_CURVE('',#789,#788,#140,.T.);
#948=EDGE_CURVE('',#789,#790,#141,.T.);
#949=EDGE_CURVE('',#790,#791,#142,.T.);
#950=EDGE_CURVE('',#791,#792,#143,.T.);
#951=EDGE_CURVE('',#792,#787,#144,.T.);
#952=EDGE_CURVE('',#769,#780,#644,.T.);
#953=EDGE_CURVE('',#793,#769,#645,.T.);
#954=EDGE_CURVE('',#780,#793,#646,.T.);
#955=EDGE_CURVE('',#794,#779,#647,.T.);
#956=EDGE_CURVE('',#779,#794,#648,.T.);
#957=EDGE_CURVE('',#767,#776,#145,.T.);
#958=EDGE_CURVE('',#781,#778,#649,.T.);
#959=EDGE_CURVE('',#777,#777,#650,.T.);
#960=EDGE_CURVE('',#795,#784,#651,.T.);
#961=EDGE_CURVE('',#784,#795,#652,.T.);
#962=EDGE_CURVE('',#796,#783,#653,.T.);
#963=EDGE_CURVE('',#782,#796,#654,.T.);
#964=EDGE_CURVE('',#778,#781,#655,.T.);
#965=EDGE_CURVE('',#783,#782,#656,.T.);
#966=EDGE_CURVE('',#794,#797,#657,.T.);
#967=EDGE_CURVE('',#797,#798,#658,.T.);
#968=EDGE_CURVE('',#798,#797,#659,.T.);
#969=EDGE_CURVE('',#799,#799,#660,.T.);
#970=EDGE_CURVE('',#799,#798,#146,.T.);
#971=EDGE_CURVE('',#793,#800,#661,.T.);
#972=EDGE_CURVE('',#800,#801,#662,.T.);
#973=EDGE_CURVE('',#801,#800,#663,.T.);
#974=EDGE_CURVE('',#802,#802,#664,.T.);
#975=EDGE_CURVE('',#802,#801,#147,.T.);
#976=EDGE_CURVE('',#763,#775,#148,.T.);
#977=EDGE_CURVE('',#774,#761,#149,.T.);
#978=EDGE_CURVE('',#777,#803,#665,.T.);
#979=EDGE_CURVE('',#803,#803,#666,.T.);
#980=EDGE_CURVE('',#803,#804,#150,.T.);
#981=EDGE_CURVE('',#804,#804,#667,.T.);
#982=EDGE_CURVE('',#795,#805,#668,.T.);
#983=EDGE_CURVE('',#805,#805,#669,.T.);
#984=EDGE_CURVE('',#805,#806,#151,.T.);
#985=EDGE_CURVE('',#806,#806,#670,.T.);
#986=EDGE_CURVE('',#778,#807,#671,.T.);
#987=EDGE_CURVE('',#807,#807,#672,.T.);
#988=EDGE_CURVE('',#807,#808,#152,.T.);
#989=EDGE_CURVE('',#808,#808,#673,.T.);
#990=EDGE_CURVE('',#796,#809,#674,.T.);
#991=EDGE_CURVE('',#809,#809,#675,.T.);
#992=EDGE_CURVE('',#809,#810,#153,.T.);
#993=EDGE_CURVE('',#810,#810,#676,.T.);
#994=EDGE_CURVE('',#786,#811,#677,.T.);
#995=EDGE_CURVE('',#811,#812,#678,.T.);
#996=EDGE_CURVE('',#812,#811,#679,.T.);
#997=EDGE_CURVE('',#785,#756,#680,.T.);
#998=EDGE_CURVE('',#812,#813,#154,.T.);
#999=EDGE_CURVE('',#813,#813,#681,.T.);
#1000=EDGE_CURVE('',#785,#814,#682,.T.);
#1001=EDGE_CURVE('',#814,#815,#683,.T.);
#1002=EDGE_CURVE('',#815,#814,#684,.T.);
#1003=EDGE_CURVE('',#815,#816,#155,.T.);
#1004=EDGE_CURVE('',#816,#816,#685,.T.);
#1005=EDGE_CURVE('',#817,#817,#686,.T.);
#1006=EDGE_CURVE('',#817,#818,#156,.T.);
#1007=EDGE_CURVE('',#818,#818,#687,.T.);
#1008=EDGE_CURVE('',#819,#819,#688,.T.);
#1009=EDGE_CURVE('',#820,#820,#689,.T.);
#1010=EDGE_CURVE('',#820,#819,#157,.T.);
#1011=EDGE_CURVE('',#821,#821,#690,.T.);
#1012=EDGE_CURVE('',#821,#822,#158,.T.);
#1013=EDGE_CURVE('',#822,#822,#691,.T.);
#1014=EDGE_CURVE('',#823,#823,#692,.T.);
#1015=EDGE_CURVE('',#824,#824,#693,.T.);
#1016=EDGE_CURVE('',#824,#823,#159,.T.);
#1017=EDGE_CURVE('',#825,#825,#694,.T.);
#1018=EDGE_CURVE('',#825,#826,#160,.T.);
#1019=EDGE_CURVE('',#826,#826,#695,.T.);
#1020=EDGE_CURVE('',#827,#827,#696,.T.);
#1021=EDGE_CURVE('',#827,#828,#161,.T.);
#1022=EDGE_CURVE('',#828,#828,#697,.T.);
#1023=EDGE_CURVE('',#829,#829,#698,.T.);
#1024=EDGE_CURVE('',#829,#830,#162,.T.);
#1025=EDGE_CURVE('',#830,#830,#699,.T.);
#1026=EDGE_CURVE('',#831,#831,#700,.T.);
#1027=EDGE_CURVE('',#831,#832,#163,.T.);
#1028=EDGE_CURVE('',#832,#832,#701,.T.);
#1029=EDGE_CURVE('',#833,#833,#702,.T.);
#1030=EDGE_CURVE('',#833,#834,#164,.T.);
#1031=EDGE_CURVE('',#834,#834,#703,.T.);
#1032=EDGE_CURVE('',#835,#835,#704,.T.);
#1033=EDGE_CURVE('',#835,#836,#165,.T.);
#1034=EDGE_CURVE('',#836,#836,#705,.T.);
#1035=EDGE_CURVE('',#837,#837,#706,.T.);
#1036=EDGE_CURVE('',#837,#838,#166,.T.);
#1037=EDGE_CURVE('',#838,#838,#707,.T.);
#1038=EDGE_CURVE('',#839,#839,#708,.T.);
#1039=EDGE_CURVE('',#839,#840,#167,.T.);
#1040=EDGE_CURVE('',#840,#840,#709,.T.);
#1041=EDGE_CURVE('',#841,#841,#710,.T.);
#1042=EDGE_CURVE('',#841,#842,#168,.T.);
#1043=EDGE_CURVE('',#842,#842,#711,.T.);
#1044=EDGE_CURVE('',#843,#843,#712,.T.);
#1045=EDGE_CURVE('',#843,#844,#169,.T.);
#1046=EDGE_CURVE('',#844,#844,#713,.T.);
#1047=EDGE_CURVE('',#845,#845,#714,.T.);
#1048=EDGE_CURVE('',#845,#846,#170,.T.);
#1049=EDGE_CURVE('',#846,#846,#715,.T.);
#1050=EDGE_CURVE('',#846,#847,#171,.T.);
#1051=EDGE_CURVE('',#847,#847,#716,.T.);
#1052=EDGE_CURVE('',#848,#848,#717,.T.);
#1053=EDGE_CURVE('',#848,#849,#172,.T.);
#1054=EDGE_CURVE('',#849,#849,#718,.T.);
#1055=EDGE_CURVE('',#849,#850,#173,.T.);
#1056=EDGE_CURVE('',#850,#850,#719,.T.);
#1057=EDGE_CURVE('',#851,#851,#720,.T.);
#1058=EDGE_CURVE('',#851,#852,#174,.T.);
#1059=EDGE_CURVE('',#852,#852,#721,.T.);
#1060=EDGE_CURVE('',#852,#853,#175,.T.);
#1061=EDGE_CURVE('',#853,#853,#722,.T.);
#1062=EDGE_CURVE('',#854,#854,#723,.T.);
#1063=EDGE_CURVE('',#854,#855,#176,.T.);
#1064=EDGE_CURVE('',#855,#855,#724,.T.);
#1065=EDGE_CURVE('',#855,#856,#177,.T.);
#1066=EDGE_CURVE('',#856,#856,#725,.T.);
#1067=EDGE_CURVE('',#857,#857,#726,.T.);
#1068=EDGE_CURVE('',#857,#858,#178,.T.);
#1069=EDGE_CURVE('',#858,#858,#727,.T.);
#1070=EDGE_CURVE('',#858,#859,#179,.T.);
#1071=EDGE_CURVE('',#859,#859,#728,.T.);
#1072=EDGE_CURVE('',#860,#860,#729,.T.);
#1073=EDGE_CURVE('',#860,#861,#180,.T.);
#1074=EDGE_CURVE('',#861,#861,#730,.T.);
#1075=EDGE_CURVE('',#861,#862,#181,.T.);
#1076=EDGE_CURVE('',#862,#862,#731,.T.);
#1077=EDGE_CURVE('',#863,#863,#732,.T.);
#1078=EDGE_CURVE('',#863,#864,#182,.T.);
#1079=EDGE_CURVE('',#865,#864,#733,.T.);
#1080=EDGE_CURVE('',#864,#865,#734,.T.);
#1081=EDGE_CURVE('',#866,#865,#183,.T.);
#1082=EDGE_CURVE('',#864,#866,#184,.T.);
#1083=EDGE_CURVE('',#867,#864,#185,.T.);
#1084=EDGE_CURVE('',#867,#867,#735,.T.);
#1085=EDGE_CURVE('',#868,#867,#186,.T.);
#1086=EDGE_CURVE('',#868,#791,#736,.T.);
#1087=EDGE_CURVE('',#790,#869,#737,.T.);
#1088=EDGE_CURVE('',#869,#870,#738,.T.);
#1089=EDGE_CURVE('',#871,#870,#187,.T.);
#1090=EDGE_CURVE('',#871,#872,#739,.T.);
#1091=EDGE_CURVE('',#872,#871,#740,.T.);
#1092=EDGE_CURVE('',#873,#871,#188,.T.);
#1093=EDGE_CURVE('',#873,#874,#741,.T.);
#1094=EDGE_CURVE('',#874,#875,#742,.T.);
#1095=EDGE_CURVE('',#876,#875,#189,.T.);
#1096=EDGE_CURVE('',#877,#876,#190,.T.);
#1097=EDGE_CURVE('',#878,#877,#191,.T.);
#1098=EDGE_CURVE('',#879,#878,#192,.T.);
#1099=EDGE_CURVE('',#865,#879,#193,.T.);
#1100=EDGE_CURVE('',#880,#880,#743,.T.);
#1101=EDGE_CURVE('',#880,#868,#194,.T.);
#1102=EDGE_CURVE('',#791,#868,#744,.T.);
#1103=EDGE_CURVE('',#792,#868,#195,.T.);
#1104=EDGE_CURVE('',#881,#881,#745,.T.);
#1105=EDGE_CURVE('',#881,#867,#196,.T.);
#1106=EDGE_CURVE('',#882,#882,#746,.T.);
#1107=EDGE_CURVE('',#882,#874,#197,.T.);
#1108=EDGE_CURVE('',#875,#873,#747,.T.);
#1109=EDGE_CURVE('',#883,#873,#198,.T.);
#1110=EDGE_CURVE('',#875,#883,#199,.T.);
#1111=EDGE_CURVE('',#884,#884,#748,.T.);
#1112=EDGE_CURVE('',#884,#869,#200,.T.);
#1113=EDGE_CURVE('',#870,#790,#749,.T.);
#1114=EDGE_CURVE('',#870,#789,#201,.T.);
#1115=EDGE_CURVE('',#885,#885,#750,.T.);
#1116=EDGE_CURVE('',#885,#872,#202,.T.);
#1117=EDGE_CURVE('',#879,#886,#203,.T.);
#1118=EDGE_CURVE('',#887,#886,#204,.T.);
#1119=EDGE_CURVE('',#866,#887,#205,.T.);
#1120=EDGE_CURVE('',#787,#887,#206,.T.);
#1121=EDGE_CURVE('',#888,#788,#207,.T.);
#1122=EDGE_CURVE('',#883,#888,#208,.T.);
#1123=EDGE_CURVE('',#889,#888,#209,.T.);
#1124=EDGE_CURVE('',#876,#889,#210,.T.);
#1125=EDGE_CURVE('',#890,#889,#211,.T.);
#1126=EDGE_CURVE('',#877,#890,#212,.T.);
#1127=EDGE_CURVE('',#891,#890,#213,.T.);
#1128=EDGE_CURVE('',#878,#891,#214,.T.);
#1129=EDGE_CURVE('',#886,#891,#215,.T.);
#1130=ORIENTED_EDGE('',*,*,#892,.F.);
#1131=ORIENTED_EDGE('',*,*,#893,.F.);
#1132=ORIENTED_EDGE('',*,*,#894,.F.);
#1133=ORIENTED_EDGE('',*,*,#895,.T.);
#1134=ORIENTED_EDGE('',*,*,#896,.T.);
#1135=ORIENTED_EDGE('',*,*,#897,.T.);
#1136=ORIENTED_EDGE('',*,*,#893,.T.);
#1137=ORIENTED_EDGE('',*,*,#898,.T.);
#1138=ORIENTED_EDGE('',*,*,#899,.F.);
#1139=ORIENTED_EDGE('',*,*,#900,.F.);
#1140=ORIENTED_EDGE('',*,*,#901,.F.);
#1141=ORIENTED_EDGE('',*,*,#902,.T.);
#1142=ORIENTED_EDGE('',*,*,#903,.T.);
#1143=ORIENTED_EDGE('',*,*,#900,.T.);
#1144=ORIENTED_EDGE('',*,*,#904,.T.);
#1145=ORIENTED_EDGE('',*,*,#905,.T.);
#1146=ORIENTED_EDGE('',*,*,#906,.T.);
#1147=ORIENTED_EDGE('',*,*,#902,.F.);
#1148=ORIENTED_EDGE('',*,*,#907,.T.);
#1149=ORIENTED_EDGE('',*,*,#908,.F.);
#1150=ORIENTED_EDGE('',*,*,#909,.F.);
#1151=ORIENTED_EDGE('',*,*,#910,.F.);
#1152=ORIENTED_EDGE('',*,*,#911,.T.);
#1153=ORIENTED_EDGE('',*,*,#912,.T.);
#1154=ORIENTED_EDGE('',*,*,#909,.T.);
#1155=ORIENTED_EDGE('',*,*,#913,.T.);
#1156=ORIENTED_EDGE('',*,*,#914,.T.);
#1157=ORIENTED_EDGE('',*,*,#892,.T.);
#1158=ORIENTED_EDGE('',*,*,#915,.T.);
#1159=ORIENTED_EDGE('',*,*,#910,.T.);
#1160=ORIENTED_EDGE('',*,*,#916,.T.);
#1161=ORIENTED_EDGE('',*,*,#917,.F.);
#1162=ORIENTED_EDGE('',*,*,#918,.F.);
#1163=ORIENTED_EDGE('',*,*,#919,.F.);
#1164=ORIENTED_EDGE('',*,*,#920,.T.);
#1165=ORIENTED_EDGE('',*,*,#921,.T.);
#1166=ORIENTED_EDGE('',*,*,#922,.T.);
#1167=ORIENTED_EDGE('',*,*,#923,.T.);
#1168=ORIENTED_EDGE('',*,*,#918,.T.);
#1169=ORIENTED_EDGE('',*,*,#924,.T.);
#1170=ORIENTED_EDGE('',*,*,#920,.F.);
#1171=ORIENTED_EDGE('',*,*,#925,.T.);
#1172=ORIENTED_EDGE('',*,*,#908,.T.);
#1173=ORIENTED_EDGE('',*,*,#926,.T.);
#1174=ORIENTED_EDGE('',*,*,#927,.T.);
#1175=ORIENTED_EDGE('',*,*,#928,.T.);
#1176=ORIENTED_EDGE('',*,*,#919,.T.);
#1177=ORIENTED_EDGE('',*,*,#929,.T.);
#1178=ORIENTED_EDGE('',*,*,#930,.T.);
#1179=ORIENTED_EDGE('',*,*,#931,.T.);
#1180=ORIENTED_EDGE('',*,*,#917,.T.);
#1181=ORIENTED_EDGE('',*,*,#932,.T.);
#1182=ORIENTED_EDGE('',*,*,#933,.T.);
#1183=ORIENTED_EDGE('',*,*,#934,.T.);
#1184=ORIENTED_EDGE('',*,*,#901,.T.);
#1185=ORIENTED_EDGE('',*,*,#935,.T.);
#1186=ORIENTED_EDGE('',*,*,#899,.T.);
#1187=ORIENTED_EDGE('',*,*,#936,.T.);
#1188=ORIENTED_EDGE('',*,*,#937,.T.);
#1189=ORIENTED_EDGE('',*,*,#938,.T.);
#1190=ORIENTED_EDGE('',*,*,#894,.T.);
#1191=ORIENTED_EDGE('',*,*,#939,.T.);
#1192=ORIENTED_EDGE('',*,*,#940,.T.);
#1193=ORIENTED_EDGE('',*,*,#941,.T.);
#1194=ORIENTED_EDGE('',*,*,#896,.F.);
#1195=ORIENTED_EDGE('',*,*,#942,.F.);
#1196=ORIENTED_EDGE('',*,*,#907,.F.);
#1197=ORIENTED_EDGE('',*,*,#904,.F.);
#1198=ORIENTED_EDGE('',*,*,#941,.F.);
#1199=ORIENTED_EDGE('',*,*,#943,.F.);
#1200=ORIENTED_EDGE('',*,*,#940,.F.);
#1201=ORIENTED_EDGE('',*,*,#944,.F.);
#1202=ORIENTED_EDGE('',*,*,#945,.F.);
#1203=ORIENTED_EDGE('',*,*,#898,.F.);
#1204=ORIENTED_EDGE('',*,*,#916,.F.);
#1205=ORIENTED_EDGE('',*,*,#912,.F.);
#1206=ORIENTED_EDGE('',*,*,#946,.F.);
#1207=ORIENTED_EDGE('',*,*,#947,.F.);
#1208=ORIENTED_EDGE('',*,*,#948,.T.);
#1209=ORIENTED_EDGE('',*,*,#949,.T.);
#1210=ORIENTED_EDGE('',*,*,#950,.T.);
#1211=ORIENTED_EDGE('',*,*,#951,.T.);
#1212=ORIENTED_EDGE('',*,*,#913,.F.);
#1213=ORIENTED_EDGE('',*,*,#931,.F.);
#1214=ORIENTED_EDGE('',*,*,#952,.F.);
#1215=ORIENTED_EDGE('',*,*,#914,.F.);
#1216=ORIENTED_EDGE('',*,*,#953,.F.);
#1217=ORIENTED_EDGE('',*,*,#954,.F.);
#1218=ORIENTED_EDGE('',*,*,#930,.F.);
#1219=ORIENTED_EDGE('',*,*,#955,.F.);
#1220=ORIENTED_EDGE('',*,*,#956,.F.);
#1221=ORIENTED_EDGE('',*,*,#929,.F.);
#1222=ORIENTED_EDGE('',*,*,#925,.F.);
#1223=ORIENTED_EDGE('',*,*,#923,.F.);
#1224=ORIENTED_EDGE('',*,*,#957,.F.);
#1225=ORIENTED_EDGE('',*,*,#928,.F.);
#1226=ORIENTED_EDGE('',*,*,#958,.F.);
#1227=ORIENTED_EDGE('',*,*,#932,.F.);
#1228=ORIENTED_EDGE('',*,*,#927,.F.);
#1229=ORIENTED_EDGE('',*,*,#959,.F.);
#1230=ORIENTED_EDGE('',*,*,#926,.F.);
#1231=ORIENTED_EDGE('',*,*,#915,.F.);
#1232=ORIENTED_EDGE('',*,*,#938,.F.);
#1233=ORIENTED_EDGE('',*,*,#960,.F.);
#1234=ORIENTED_EDGE('',*,*,#961,.F.);
#1235=ORIENTED_EDGE('',*,*,#937,.F.);
#1236=ORIENTED_EDGE('',*,*,#962,.F.);
#1237=ORIENTED_EDGE('',*,*,#963,.F.);
#1238=ORIENTED_EDGE('',*,*,#933,.F.);
#1239=ORIENTED_EDGE('',*,*,#964,.F.);
#1240=ORIENTED_EDGE('',*,*,#936,.F.);
#1241=ORIENTED_EDGE('',*,*,#934,.F.);
#1242=ORIENTED_EDGE('',*,*,#965,.F.);
#1243=ORIENTED_EDGE('',*,*,#956,.T.);
#1244=ORIENTED_EDGE('',*,*,#966,.T.);
#1245=ORIENTED_EDGE('',*,*,#967,.T.);
#1246=ORIENTED_EDGE('',*,*,#968,.T.);
#1247=ORIENTED_EDGE('',*,*,#966,.F.);
#1248=ORIENTED_EDGE('',*,*,#955,.T.);
#1249=ORIENTED_EDGE('',*,*,#969,.T.);
#1250=ORIENTED_EDGE('',*,*,#970,.T.);
#1251=ORIENTED_EDGE('',*,*,#967,.F.);
#1252=ORIENTED_EDGE('',*,*,#968,.F.);
#1253=ORIENTED_EDGE('',*,*,#970,.F.);
#1254=ORIENTED_EDGE('',*,*,#954,.T.);
#1255=ORIENTED_EDGE('',*,*,#971,.T.);
#1256=ORIENTED_EDGE('',*,*,#972,.T.);
#1257=ORIENTED_EDGE('',*,*,#973,.T.);
#1258=ORIENTED_EDGE('',*,*,#971,.F.);
#1259=ORIENTED_EDGE('',*,*,#953,.T.);
#1260=ORIENTED_EDGE('',*,*,#952,.T.);
#1261=ORIENTED_EDGE('',*,*,#974,.T.);
#1262=ORIENTED_EDGE('',*,*,#975,.T.);
#1263=ORIENTED_EDGE('',*,*,#972,.F.);
#1264=ORIENTED_EDGE('',*,*,#973,.F.);
#1265=ORIENTED_EDGE('',*,*,#975,.F.);
#1266=ORIENTED_EDGE('',*,*,#906,.F.);
#1267=ORIENTED_EDGE('',*,*,#976,.T.);
#1268=ORIENTED_EDGE('',*,*,#921,.F.);
#1269=ORIENTED_EDGE('',*,*,#977,.T.);
#1270=ORIENTED_EDGE('',*,*,#903,.F.);
#1271=ORIENTED_EDGE('',*,*,#977,.F.);
#1272=ORIENTED_EDGE('',*,*,#924,.F.);
#1273=ORIENTED_EDGE('',*,*,#935,.F.);
#1274=ORIENTED_EDGE('',*,*,#959,.T.);
#1275=ORIENTED_EDGE('',*,*,#978,.T.);
#1276=ORIENTED_EDGE('',*,*,#979,.T.);
#1277=ORIENTED_EDGE('',*,*,#978,.F.);
#1278=ORIENTED_EDGE('',*,*,#979,.F.);
#1279=ORIENTED_EDGE('',*,*,#980,.T.);
#1280=ORIENTED_EDGE('',*,*,#981,.T.);
#1281=ORIENTED_EDGE('',*,*,#980,.F.);
#1282=ORIENTED_EDGE('',*,*,#961,.T.);
#1283=ORIENTED_EDGE('',*,*,#982,.T.);
#1284=ORIENTED_EDGE('',*,*,#983,.T.);
#1285=ORIENTED_EDGE('',*,*,#982,.F.);
#1286=ORIENTED_EDGE('',*,*,#960,.T.);
#1287=ORIENTED_EDGE('',*,*,#983,.F.);
#1288=ORIENTED_EDGE('',*,*,#984,.T.);
#1289=ORIENTED_EDGE('',*,*,#985,.T.);
#1290=ORIENTED_EDGE('',*,*,#984,.F.);
#1291=ORIENTED_EDGE('',*,*,#964,.T.);
#1292=ORIENTED_EDGE('',*,*,#958,.T.);
#1293=ORIENTED_EDGE('',*,*,#986,.T.);
#1294=ORIENTED_EDGE('',*,*,#987,.T.);
#1295=ORIENTED_EDGE('',*,*,#986,.F.);
#1296=ORIENTED_EDGE('',*,*,#987,.F.);
#1297=ORIENTED_EDGE('',*,*,#988,.T.);
#1298=ORIENTED_EDGE('',*,*,#989,.T.);
#1299=ORIENTED_EDGE('',*,*,#988,.F.);
#1300=ORIENTED_EDGE('',*,*,#963,.T.);
#1301=ORIENTED_EDGE('',*,*,#990,.T.);
#1302=ORIENTED_EDGE('',*,*,#991,.T.);
#1303=ORIENTED_EDGE('',*,*,#990,.F.);
#1304=ORIENTED_EDGE('',*,*,#962,.T.);
#1305=ORIENTED_EDGE('',*,*,#965,.T.);
#1306=ORIENTED_EDGE('',*,*,#991,.F.);
#1307=ORIENTED_EDGE('',*,*,#992,.T.);
#1308=ORIENTED_EDGE('',*,*,#993,.T.);
#1309=ORIENTED_EDGE('',*,*,#992,.F.);
#1310=ORIENTED_EDGE('',*,*,#943,.T.);
#1311=ORIENTED_EDGE('',*,*,#994,.T.);
#1312=ORIENTED_EDGE('',*,*,#995,.T.);
#1313=ORIENTED_EDGE('',*,*,#996,.T.);
#1314=ORIENTED_EDGE('',*,*,#994,.F.);
#1315=ORIENTED_EDGE('',*,*,#897,.F.);
#1316=ORIENTED_EDGE('',*,*,#997,.F.);
#1317=ORIENTED_EDGE('',*,*,#939,.F.);
#1318=ORIENTED_EDGE('',*,*,#996,.F.);
#1319=ORIENTED_EDGE('',*,*,#998,.T.);
#1320=ORIENTED_EDGE('',*,*,#999,.T.);
#1321=ORIENTED_EDGE('',*,*,#998,.F.);
#1322=ORIENTED_EDGE('',*,*,#995,.F.);
#1323=ORIENTED_EDGE('',*,*,#944,.T.);
#1324=ORIENTED_EDGE('',*,*,#1000,.T.);
#1325=ORIENTED_EDGE('',*,*,#1001,.T.);
#1326=ORIENTED_EDGE('',*,*,#1002,.T.);
#1327=ORIENTED_EDGE('',*,*,#1000,.F.);
#1328=ORIENTED_EDGE('',*,*,#997,.T.);
#1329=ORIENTED_EDGE('',*,*,#1002,.F.);
#1330=ORIENTED_EDGE('',*,*,#1003,.T.);
#1331=ORIENTED_EDGE('',*,*,#1004,.T.);
#1332=ORIENTED_EDGE('',*,*,#1003,.F.);
#1333=ORIENTED_EDGE('',*,*,#1001,.F.);
#1334=ORIENTED_EDGE('',*,*,#1005,.F.);
#1335=ORIENTED_EDGE('',*,*,#1006,.T.);
#1336=ORIENTED_EDGE('',*,*,#1007,.T.);
#1337=ORIENTED_EDGE('',*,*,#1006,.F.);
#1338=ORIENTED_EDGE('',*,*,#969,.F.);
#1339=ORIENTED_EDGE('',*,*,#1005,.T.);
#1340=ORIENTED_EDGE('',*,*,#1008,.F.);
#1341=ORIENTED_EDGE('',*,*,#1007,.F.);
#1342=ORIENTED_EDGE('',*,*,#1009,.T.);
#1343=ORIENTED_EDGE('',*,*,#1010,.T.);
#1344=ORIENTED_EDGE('',*,*,#1008,.T.);
#1345=ORIENTED_EDGE('',*,*,#1010,.F.);
#1346=ORIENTED_EDGE('',*,*,#1011,.F.);
#1347=ORIENTED_EDGE('',*,*,#1012,.T.);
#1348=ORIENTED_EDGE('',*,*,#1013,.T.);
#1349=ORIENTED_EDGE('',*,*,#1012,.F.);
#1350=ORIENTED_EDGE('',*,*,#974,.F.);
#1351=ORIENTED_EDGE('',*,*,#1011,.T.);
#1352=ORIENTED_EDGE('',*,*,#1014,.F.);
#1353=ORIENTED_EDGE('',*,*,#1013,.F.);
#1354=ORIENTED_EDGE('',*,*,#1015,.T.);
#1355=ORIENTED_EDGE('',*,*,#1016,.T.);
#1356=ORIENTED_EDGE('',*,*,#1014,.T.);
#1357=ORIENTED_EDGE('',*,*,#1016,.F.);
#1358=ORIENTED_EDGE('',*,*,#1017,.F.);
#1359=ORIENTED_EDGE('',*,*,#1018,.T.);
#1360=ORIENTED_EDGE('',*,*,#1019,.T.);
#1361=ORIENTED_EDGE('',*,*,#1018,.F.);
#1362=ORIENTED_EDGE('',*,*,#1009,.F.);
#1363=ORIENTED_EDGE('',*,*,#1017,.T.);
#1364=ORIENTED_EDGE('',*,*,#999,.F.);
#1365=ORIENTED_EDGE('',*,*,#1019,.F.);
#1366=ORIENTED_EDGE('',*,*,#1020,.F.);
#1367=ORIENTED_EDGE('',*,*,#1021,.T.);
#1368=ORIENTED_EDGE('',*,*,#1022,.T.);
#1369=ORIENTED_EDGE('',*,*,#1021,.F.);
#1370=ORIENTED_EDGE('',*,*,#1015,.F.);
#1371=ORIENTED_EDGE('',*,*,#1020,.T.);
#1372=ORIENTED_EDGE('',*,*,#1004,.F.);
#1373=ORIENTED_EDGE('',*,*,#1022,.F.);
#1374=ORIENTED_EDGE('',*,*,#1023,.F.);
#1375=ORIENTED_EDGE('',*,*,#1024,.T.);
#1376=ORIENTED_EDGE('',*,*,#1025,.T.);
#1377=ORIENTED_EDGE('',*,*,#1024,.F.);
#1378=ORIENTED_EDGE('',*,*,#985,.F.);
#1379=ORIENTED_EDGE('',*,*,#1023,.T.);
#1380=ORIENTED_EDGE('',*,*,#1026,.F.);
#1381=ORIENTED_EDGE('',*,*,#1025,.F.);
#1382=ORIENTED_EDGE('',*,*,#1026,.T.);
#1383=ORIENTED_EDGE('',*,*,#1027,.T.);
#1384=ORIENTED_EDGE('',*,*,#1028,.F.);
#1385=ORIENTED_EDGE('',*,*,#1027,.F.);
#1386=ORIENTED_EDGE('',*,*,#1029,.F.);
#1387=ORIENTED_EDGE('',*,*,#1030,.T.);
#1388=ORIENTED_EDGE('',*,*,#1031,.T.);
#1389=ORIENTED_EDGE('',*,*,#1030,.F.);
#1390=ORIENTED_EDGE('',*,*,#989,.F.);
#1391=ORIENTED_EDGE('',*,*,#1029,.T.);
#1392=ORIENTED_EDGE('',*,*,#1032,.F.);
#1393=ORIENTED_EDGE('',*,*,#1031,.F.);
#1394=ORIENTED_EDGE('',*,*,#1032,.T.);
#1395=ORIENTED_EDGE('',*,*,#1033,.T.);
#1396=ORIENTED_EDGE('',*,*,#1034,.F.);
#1397=ORIENTED_EDGE('',*,*,#1033,.F.);
#1398=ORIENTED_EDGE('',*,*,#1035,.F.);
#1399=ORIENTED_EDGE('',*,*,#1036,.T.);
#1400=ORIENTED_EDGE('',*,*,#1037,.T.);
#1401=ORIENTED_EDGE('',*,*,#1036,.F.);
#1402=ORIENTED_EDGE('',*,*,#981,.F.);
#1403=ORIENTED_EDGE('',*,*,#1035,.T.);
#1404=ORIENTED_EDGE('',*,*,#1038,.F.);
#1405=ORIENTED_EDGE('',*,*,#1037,.F.);
#1406=ORIENTED_EDGE('',*,*,#1038,.T.);
#1407=ORIENTED_EDGE('',*,*,#1039,.T.);
#1408=ORIENTED_EDGE('',*,*,#1040,.F.);
#1409=ORIENTED_EDGE('',*,*,#1039,.F.);
#1410=ORIENTED_EDGE('',*,*,#1041,.F.);
#1411=ORIENTED_EDGE('',*,*,#1042,.T.);
#1412=ORIENTED_EDGE('',*,*,#1043,.T.);
#1413=ORIENTED_EDGE('',*,*,#1042,.F.);
#1414=ORIENTED_EDGE('',*,*,#993,.F.);
#1415=ORIENTED_EDGE('',*,*,#1041,.T.);
#1416=ORIENTED_EDGE('',*,*,#1044,.F.);
#1417=ORIENTED_EDGE('',*,*,#1043,.F.);
#1418=ORIENTED_EDGE('',*,*,#1044,.T.);
#1419=ORIENTED_EDGE('',*,*,#1045,.T.);
#1420=ORIENTED_EDGE('',*,*,#1046,.F.);
#1421=ORIENTED_EDGE('',*,*,#1045,.F.);
#1422=ORIENTED_EDGE('',*,*,#1034,.T.);
#1423=ORIENTED_EDGE('',*,*,#1028,.T.);
#1424=ORIENTED_EDGE('',*,*,#1046,.T.);
#1425=ORIENTED_EDGE('',*,*,#1040,.T.);
#1426=ORIENTED_EDGE('',*,*,#1047,.T.);
#1427=ORIENTED_EDGE('',*,*,#1048,.T.);
#1428=ORIENTED_EDGE('',*,*,#1049,.T.);
#1429=ORIENTED_EDGE('',*,*,#1048,.F.);
#1430=ORIENTED_EDGE('',*,*,#1049,.F.);
#1431=ORIENTED_EDGE('',*,*,#1050,.T.);
#1432=ORIENTED_EDGE('',*,*,#1051,.F.);
#1433=ORIENTED_EDGE('',*,*,#1050,.F.);
#1434=ORIENTED_EDGE('',*,*,#1047,.F.);
#1435=ORIENTED_EDGE('',*,*,#1052,.T.);
#1436=ORIENTED_EDGE('',*,*,#1053,.T.);
#1437=ORIENTED_EDGE('',*,*,#1054,.T.);
#1438=ORIENTED_EDGE('',*,*,#1053,.F.);
#1439=ORIENTED_EDGE('',*,*,#1054,.F.);
#1440=ORIENTED_EDGE('',*,*,#1055,.T.);
#1441=ORIENTED_EDGE('',*,*,#1056,.F.);
#1442=ORIENTED_EDGE('',*,*,#1055,.F.);
#1443=ORIENTED_EDGE('',*,*,#1052,.F.);
#1444=ORIENTED_EDGE('',*,*,#1057,.T.);
#1445=ORIENTED_EDGE('',*,*,#1058,.T.);
#1446=ORIENTED_EDGE('',*,*,#1059,.T.);
#1447=ORIENTED_EDGE('',*,*,#1058,.F.);
#1448=ORIENTED_EDGE('',*,*,#1059,.F.);
#1449=ORIENTED_EDGE('',*,*,#1060,.T.);
#1450=ORIENTED_EDGE('',*,*,#1061,.F.);
#1451=ORIENTED_EDGE('',*,*,#1060,.F.);
#1452=ORIENTED_EDGE('',*,*,#1057,.F.);
#1453=ORIENTED_EDGE('',*,*,#1062,.T.);
#1454=ORIENTED_EDGE('',*,*,#1063,.T.);
#1455=ORIENTED_EDGE('',*,*,#1064,.T.);
#1456=ORIENTED_EDGE('',*,*,#1063,.F.);
#1457=ORIENTED_EDGE('',*,*,#1064,.F.);
#1458=ORIENTED_EDGE('',*,*,#1065,.T.);
#1459=ORIENTED_EDGE('',*,*,#1066,.F.);
#1460=ORIENTED_EDGE('',*,*,#1065,.F.);
#1461=ORIENTED_EDGE('',*,*,#1062,.F.);
#1462=ORIENTED_EDGE('',*,*,#1067,.T.);
#1463=ORIENTED_EDGE('',*,*,#1068,.T.);
#1464=ORIENTED_EDGE('',*,*,#1069,.T.);
#1465=ORIENTED_EDGE('',*,*,#1068,.F.);
#1466=ORIENTED_EDGE('',*,*,#1069,.F.);
#1467=ORIENTED_EDGE('',*,*,#1070,.T.);
#1468=ORIENTED_EDGE('',*,*,#1071,.F.);
#1469=ORIENTED_EDGE('',*,*,#1070,.F.);
#1470=ORIENTED_EDGE('',*,*,#1067,.F.);
#1471=ORIENTED_EDGE('',*,*,#1072,.T.);
#1472=ORIENTED_EDGE('',*,*,#1073,.T.);
#1473=ORIENTED_EDGE('',*,*,#1074,.T.);
#1474=ORIENTED_EDGE('',*,*,#1073,.F.);
#1475=ORIENTED_EDGE('',*,*,#1074,.F.);
#1476=ORIENTED_EDGE('',*,*,#1075,.T.);
#1477=ORIENTED_EDGE('',*,*,#1076,.F.);
#1478=ORIENTED_EDGE('',*,*,#1075,.F.);
#1479=ORIENTED_EDGE('',*,*,#1072,.F.);
#1480=ORIENTED_EDGE('',*,*,#1077,.F.);
#1481=ORIENTED_EDGE('',*,*,#1078,.T.);
#1482=ORIENTED_EDGE('',*,*,#1079,.F.);
#1483=ORIENTED_EDGE('',*,*,#1080,.F.);
#1484=ORIENTED_EDGE('',*,*,#1078,.F.);
#1485=ORIENTED_EDGE('',*,*,#1077,.T.);
#1486=ORIENTED_EDGE('',*,*,#1051,.T.);
#1487=ORIENTED_EDGE('',*,*,#1080,.T.);
#1488=ORIENTED_EDGE('',*,*,#1081,.F.);
#1489=ORIENTED_EDGE('',*,*,#1082,.F.);
#1490=ORIENTED_EDGE('',*,*,#1079,.T.);
#1491=ORIENTED_EDGE('',*,*,#1083,.F.);
#1492=ORIENTED_EDGE('',*,*,#1084,.T.);
#1493=ORIENTED_EDGE('',*,*,#1085,.F.);
#1494=ORIENTED_EDGE('',*,*,#1086,.T.);
#1495=ORIENTED_EDGE('',*,*,#949,.F.);
#1496=ORIENTED_EDGE('',*,*,#1087,.T.);
#1497=ORIENTED_EDGE('',*,*,#1088,.T.);
#1498=ORIENTED_EDGE('',*,*,#1089,.F.);
#1499=ORIENTED_EDGE('',*,*,#1090,.T.);
#1500=ORIENTED_EDGE('',*,*,#1091,.T.);
#1501=ORIENTED_EDGE('',*,*,#1092,.F.);
#1502=ORIENTED_EDGE('',*,*,#1093,.T.);
#1503=ORIENTED_EDGE('',*,*,#1094,.T.);
#1504=ORIENTED_EDGE('',*,*,#1095,.F.);
#1505=ORIENTED_EDGE('',*,*,#1096,.F.);
#1506=ORIENTED_EDGE('',*,*,#1097,.F.);
#1507=ORIENTED_EDGE('',*,*,#1098,.F.);
#1508=ORIENTED_EDGE('',*,*,#1099,.F.);
#1509=ORIENTED_EDGE('',*,*,#1100,.F.);
#1510=ORIENTED_EDGE('',*,*,#1101,.T.);
#1511=ORIENTED_EDGE('',*,*,#1102,.F.);
#1512=ORIENTED_EDGE('',*,*,#1086,.F.);
#1513=ORIENTED_EDGE('',*,*,#1101,.F.);
#1514=ORIENTED_EDGE('',*,*,#1100,.T.);
#1515=ORIENTED_EDGE('',*,*,#1071,.T.);
#1516=ORIENTED_EDGE('',*,*,#1102,.T.);
#1517=ORIENTED_EDGE('',*,*,#1103,.F.);
#1518=ORIENTED_EDGE('',*,*,#950,.F.);
#1519=ORIENTED_EDGE('',*,*,#1104,.F.);
#1520=ORIENTED_EDGE('',*,*,#1105,.T.);
#1521=ORIENTED_EDGE('',*,*,#1084,.F.);
#1522=ORIENTED_EDGE('',*,*,#1105,.F.);
#1523=ORIENTED_EDGE('',*,*,#1104,.T.);
#1524=ORIENTED_EDGE('',*,*,#1066,.T.);
#1525=ORIENTED_EDGE('',*,*,#1106,.F.);
#1526=ORIENTED_EDGE('',*,*,#1107,.T.);
#1527=ORIENTED_EDGE('',*,*,#1093,.F.);
#1528=ORIENTED_EDGE('',*,*,#1108,.F.);
#1529=ORIENTED_EDGE('',*,*,#1094,.F.);
#1530=ORIENTED_EDGE('',*,*,#1107,.F.);
#1531=ORIENTED_EDGE('',*,*,#1106,.T.);
#1532=ORIENTED_EDGE('',*,*,#1056,.T.);
#1533=ORIENTED_EDGE('',*,*,#1108,.T.);
#1534=ORIENTED_EDGE('',*,*,#1109,.F.);
#1535=ORIENTED_EDGE('',*,*,#1110,.F.);
#1536=ORIENTED_EDGE('',*,*,#1111,.F.);
#1537=ORIENTED_EDGE('',*,*,#1112,.T.);
#1538=ORIENTED_EDGE('',*,*,#1087,.F.);
#1539=ORIENTED_EDGE('',*,*,#1113,.F.);
#1540=ORIENTED_EDGE('',*,*,#1088,.F.);
#1541=ORIENTED_EDGE('',*,*,#1112,.F.);
#1542=ORIENTED_EDGE('',*,*,#1111,.T.);
#1543=ORIENTED_EDGE('',*,*,#1076,.T.);
#1544=ORIENTED_EDGE('',*,*,#1113,.T.);
#1545=ORIENTED_EDGE('',*,*,#948,.F.);
#1546=ORIENTED_EDGE('',*,*,#1114,.F.);
#1547=ORIENTED_EDGE('',*,*,#1115,.F.);
#1548=ORIENTED_EDGE('',*,*,#1116,.T.);
#1549=ORIENTED_EDGE('',*,*,#1090,.F.);
#1550=ORIENTED_EDGE('',*,*,#1091,.F.);
#1551=ORIENTED_EDGE('',*,*,#1116,.F.);
#1552=ORIENTED_EDGE('',*,*,#1115,.T.);
#1553=ORIENTED_EDGE('',*,*,#1061,.T.);
#1554=ORIENTED_EDGE('',*,*,#1081,.T.);
#1555=ORIENTED_EDGE('',*,*,#1099,.T.);
#1556=ORIENTED_EDGE('',*,*,#1117,.T.);
#1557=ORIENTED_EDGE('',*,*,#1118,.F.);
#1558=ORIENTED_EDGE('',*,*,#1119,.F.);
#1559=ORIENTED_EDGE('',*,*,#1103,.T.);
#1560=ORIENTED_EDGE('',*,*,#1085,.T.);
#1561=ORIENTED_EDGE('',*,*,#1083,.T.);
#1562=ORIENTED_EDGE('',*,*,#1082,.T.);
#1563=ORIENTED_EDGE('',*,*,#1119,.T.);
#1564=ORIENTED_EDGE('',*,*,#1120,.F.);
#1565=ORIENTED_EDGE('',*,*,#951,.F.);
#1566=ORIENTED_EDGE('',*,*,#1109,.T.);
#1567=ORIENTED_EDGE('',*,*,#1092,.T.);
#1568=ORIENTED_EDGE('',*,*,#1089,.T.);
#1569=ORIENTED_EDGE('',*,*,#1114,.T.);
#1570=ORIENTED_EDGE('',*,*,#947,.T.);
#1571=ORIENTED_EDGE('',*,*,#1121,.F.);
#1572=ORIENTED_EDGE('',*,*,#1122,.F.);
#1573=ORIENTED_EDGE('',*,*,#1095,.T.);
#1574=ORIENTED_EDGE('',*,*,#1110,.T.);
#1575=ORIENTED_EDGE('',*,*,#1122,.T.);
#1576=ORIENTED_EDGE('',*,*,#1123,.F.);
#1577=ORIENTED_EDGE('',*,*,#1124,.F.);
#1578=ORIENTED_EDGE('',*,*,#1096,.T.);
#1579=ORIENTED_EDGE('',*,*,#1124,.T.);
#1580=ORIENTED_EDGE('',*,*,#1125,.F.);
#1581=ORIENTED_EDGE('',*,*,#1126,.F.);
#1582=ORIENTED_EDGE('',*,*,#1097,.T.);
#1583=ORIENTED_EDGE('',*,*,#1126,.T.);
#1584=ORIENTED_EDGE('',*,*,#1127,.F.);
#1585=ORIENTED_EDGE('',*,*,#1128,.F.);
#1586=ORIENTED_EDGE('',*,*,#1098,.T.);
#1587=ORIENTED_EDGE('',*,*,#1128,.T.);
#1588=ORIENTED_EDGE('',*,*,#1129,.F.);
#1589=ORIENTED_EDGE('',*,*,#1117,.F.);
#1590=ORIENTED_EDGE('',*,*,#942,.T.);
#1591=ORIENTED_EDGE('',*,*,#895,.F.);
#1592=ORIENTED_EDGE('',*,*,#945,.T.);
#1593=ORIENTED_EDGE('',*,*,#1120,.T.);
#1594=ORIENTED_EDGE('',*,*,#1118,.T.);
#1595=ORIENTED_EDGE('',*,*,#1129,.T.);
#1596=ORIENTED_EDGE('',*,*,#1127,.T.);
#1597=ORIENTED_EDGE('',*,*,#1125,.T.);
#1598=ORIENTED_EDGE('',*,*,#1123,.T.);
#1599=ORIENTED_EDGE('',*,*,#1121,.T.);
#1600=ORIENTED_EDGE('',*,*,#946,.T.);
#1601=ORIENTED_EDGE('',*,*,#911,.F.);
#1602=ORIENTED_EDGE('',*,*,#957,.T.);
#1603=ORIENTED_EDGE('',*,*,#922,.F.);
#1604=ORIENTED_EDGE('',*,*,#976,.F.);
#1605=ORIENTED_EDGE('',*,*,#905,.F.);
#1606=SPHERICAL_SURFACE('',#1741,0.5);
#1607=SPHERICAL_SURFACE('',#1747,0.5);
#1608=SPHERICAL_SURFACE('',#1756,0.499999999999998);
#1609=SPHERICAL_SURFACE('',#1763,0.5);
#1610=ADVANCED_FACE('',(#366),#1606,.T.);
#1611=ADVANCED_FACE('',(#367),#323,.T.);
#1612=ADVANCED_FACE('',(#368),#1607,.T.);
#1613=ADVANCED_FACE('',(#369),#324,.T.);
#1614=ADVANCED_FACE('',(#370),#99,.T.);
#1615=ADVANCED_FACE('',(#371),#1608,.T.);
#1616=ADVANCED_FACE('',(#372),#325,.T.);
#1617=ADVANCED_FACE('',(#373),#326,.T.);
#1618=ADVANCED_FACE('',(#374),#1609,.T.);
#1619=ADVANCED_FACE('',(#375),#100,.T.);
#1620=ADVANCED_FACE('',(#376),#327,.T.);
#1621=ADVANCED_FACE('',(#377),#328,.T.);
#1622=ADVANCED_FACE('',(#378),#329,.T.);
#1623=ADVANCED_FACE('',(#379),#330,.T.);
#1624=ADVANCED_FACE('',(#380),#43,.T.);
#1625=ADVANCED_FACE('',(#381),#44,.T.);
#1626=ADVANCED_FACE('',(#382),#45,.T.);
#1627=ADVANCED_FACE('',(#383),#46,.T.);
#1628=ADVANCED_FACE('',(#384),#47,.T.);
#1629=ADVANCED_FACE('',(#385),#48,.T.);
#1630=ADVANCED_FACE('',(#386),#49,.T.);
#1631=ADVANCED_FACE('',(#387),#101,.T.);
#1632=ADVANCED_FACE('',(#388),#331,.F.);
#1633=ADVANCED_FACE('',(#389),#102,.T.);
#1634=ADVANCED_FACE('',(#390),#332,.F.);
#1635=ADVANCED_FACE('',(#391),#333,.F.);
#1636=ADVANCED_FACE('',(#392),#50,.T.);
#1637=ADVANCED_FACE('',(#393),#103,.T.);
#1638=ADVANCED_FACE('',(#394),#334,.F.);
#1639=ADVANCED_FACE('',(#395),#104,.T.);
#1640=ADVANCED_FACE('',(#396),#335,.F.);
#1641=ADVANCED_FACE('',(#397),#105,.T.);
#1642=ADVANCED_FACE('',(#398),#336,.F.);
#1643=ADVANCED_FACE('',(#399),#106,.T.);
#1644=ADVANCED_FACE('',(#400),#337,.F.);
#1645=ADVANCED_FACE('',(#401),#107,.T.);
#1646=ADVANCED_FACE('',(#402),#51,.T.);
#1647=ADVANCED_FACE('',(#403),#338,.F.);
#1648=ADVANCED_FACE('',(#404),#108,.T.);
#1649=ADVANCED_FACE('',(#405),#339,.F.);
#1650=ADVANCED_FACE('',(#406),#340,.F.);
#1651=ADVANCED_FACE('',(#407,#21),#52,.T.);
#1652=ADVANCED_FACE('',(#408,#22),#53,.F.);
#1653=ADVANCED_FACE('',(#409),#341,.F.);
#1654=ADVANCED_FACE('',(#410),#342,.F.);
#1655=ADVANCED_FACE('',(#411,#23),#54,.T.);
#1656=ADVANCED_FACE('',(#412,#24),#55,.F.);
#1657=ADVANCED_FACE('',(#413),#343,.F.);
#1658=ADVANCED_FACE('',(#414),#344,.F.);
#1659=ADVANCED_FACE('',(#415,#25),#56,.T.);
#1660=ADVANCED_FACE('',(#416,#26),#57,.F.);
#1661=ADVANCED_FACE('',(#417),#345,.F.);
#1662=ADVANCED_FACE('',(#418,#27),#58,.T.);
#1663=ADVANCED_FACE('',(#419,#28),#59,.F.);
#1664=ADVANCED_FACE('',(#420),#346,.F.);
#1665=ADVANCED_FACE('',(#421,#29),#60,.T.);
#1666=ADVANCED_FACE('',(#422,#30),#61,.F.);
#1667=ADVANCED_FACE('',(#423),#347,.F.);
#1668=ADVANCED_FACE('',(#424),#348,.F.);
#1669=ADVANCED_FACE('',(#425,#31),#62,.T.);
#1670=ADVANCED_FACE('',(#426,#32),#63,.F.);
#1671=ADVANCED_FACE('',(#427),#349,.F.);
#1672=ADVANCED_FACE('',(#428),#350,.F.);
#1673=ADVANCED_FACE('',(#429,#33),#64,.T.);
#1674=ADVANCED_FACE('',(#430,#34),#65,.F.);
#1675=ADVANCED_FACE('',(#431),#351,.F.);
#1676=ADVANCED_FACE('',(#432),#352,.F.);
#1677=ADVANCED_FACE('',(#433,#35),#66,.T.);
#1678=ADVANCED_FACE('',(#434,#36),#67,.F.);
#1679=ADVANCED_FACE('',(#435),#353,.F.);
#1680=ADVANCED_FACE('',(#436),#68,.T.);
#1681=ADVANCED_FACE('',(#437),#69,.T.);
#1682=ADVANCED_FACE('',(#438),#70,.T.);
#1683=ADVANCED_FACE('',(#439),#71,.T.);
#1684=ADVANCED_FACE('',(#440),#15,.T.);
#1685=ADVANCED_FACE('',(#441),#354,.T.);
#1686=ADVANCED_FACE('',(#442),#72,.F.);
#1687=ADVANCED_FACE('',(#443),#16,.T.);
#1688=ADVANCED_FACE('',(#444),#355,.T.);
#1689=ADVANCED_FACE('',(#445),#73,.F.);
#1690=ADVANCED_FACE('',(#446),#17,.T.);
#1691=ADVANCED_FACE('',(#447),#356,.T.);
#1692=ADVANCED_FACE('',(#448),#74,.F.);
#1693=ADVANCED_FACE('',(#449),#18,.T.);
#1694=ADVANCED_FACE('',(#450),#357,.T.);
#1695=ADVANCED_FACE('',(#451),#75,.F.);
#1696=ADVANCED_FACE('',(#452),#19,.T.);
#1697=ADVANCED_FACE('',(#453),#358,.T.);
#1698=ADVANCED_FACE('',(#454),#76,.F.);
#1699=ADVANCED_FACE('',(#455),#20,.T.);
#1700=ADVANCED_FACE('',(#456),#359,.T.);
#1701=ADVANCED_FACE('',(#457),#77,.F.);
#1702=ADVANCED_FACE('',(#458),#360,.T.);
#1703=ADVANCED_FACE('',(#459,#37),#78,.F.);
#1704=ADVANCED_FACE('',(#460),#79,.F.);
#1705=ADVANCED_FACE('',(#461),#80,.F.);
#1706=ADVANCED_FACE('',(#462),#361,.T.);
#1707=ADVANCED_FACE('',(#463,#38),#81,.F.);
#1708=ADVANCED_FACE('',(#464),#82,.F.);
#1709=ADVANCED_FACE('',(#465),#362,.T.);
#1710=ADVANCED_FACE('',(#466,#39),#83,.F.);
#1711=ADVANCED_FACE('',(#467),#363,.T.);
#1712=ADVANCED_FACE('',(#468,#40),#84,.F.);
#1713=ADVANCED_FACE('',(#469),#85,.F.);
#1714=ADVANCED_FACE('',(#470),#364,.T.);
#1715=ADVANCED_FACE('',(#471,#41),#86,.F.);
#1716=ADVANCED_FACE('',(#472),#87,.F.);
#1717=ADVANCED_FACE('',(#473),#365,.T.);
#1718=ADVANCED_FACE('',(#474,#42),#88,.F.);
#1719=ADVANCED_FACE('',(#475),#89,.T.);
#1720=ADVANCED_FACE('',(#476),#90,.T.);
#1721=ADVANCED_FACE('',(#477),#91,.T.);
#1722=ADVANCED_FACE('',(#478),#92,.T.);
#1723=ADVANCED_FACE('',(#479),#93,.T.);
#1724=ADVANCED_FACE('',(#480),#94,.T.);
#1725=ADVANCED_FACE('',(#481),#95,.T.);
#1726=ADVANCED_FACE('',(#482),#96,.T.);
#1727=CLOSED_SHELL('',(#1610,#1611,#1612,#1613,#1614,#1615,#1616,#1617,
#1618,#1619,#1620,#1621,#1622,#1623,#1624,#1625,#1626,#1627,#1628,#1629,
#1630,#1631,#1632,#1633,#1634,#1635,#1636,#1637,#1638,#1639,#1640,#1641,
#1642,#1643,#1644,#1645,#1646,#1647,#1648,#1649,#1650,#1651,#1652,#1653,
#1654,#1655,#1656,#1657,#1658,#1659,#1660,#1661,#1662,#1663,#1664,#1665,
#1666,#1667,#1668,#1669,#1670,#1671,#1672,#1673,#1674,#1675,#1676,#1677,
#1678,#1679,#1680,#1681,#1682,#1683,#1684,#1685,#1686,#1687,#1688,#1689,
#1690,#1691,#1692,#1693,#1694,#1695,#1696,#1697,#1698,#1699,#1700,#1701,
#1702,#1703,#1704,#1705,#1706,#1707,#1708,#1709,#1710,#1711,#1712,#1713,
#1714,#1715,#1716,#1717,#1718,#1719,#1720,#1721,#1722,#1723,#1724,#1725,
#1726));
#1728=DERIVED_UNIT_ELEMENT(#1730,1.);
#1729=DERIVED_UNIT_ELEMENT(#3100,-3.);
#1730=(
MASS_UNIT()
NAMED_UNIT(*)
SI_UNIT(.KILO.,.GRAM.)
);
#1731=DERIVED_UNIT((#1728,#1729));
#1732=MEASURE_REPRESENTATION_ITEM('density measure',
POSITIVE_RATIO_MEASURE(7850.),#1731);
#1733=PROPERTY_DEFINITION_REPRESENTATION(#1738,#1735);
#1734=PROPERTY_DEFINITION_REPRESENTATION(#1739,#1736);
#1735=REPRESENTATION('material name',(#1737),#3097);
#1736=REPRESENTATION('density',(#1732),#3097);
#1737=DESCRIPTIVE_REPRESENTATION_ITEM('Steel','Steel');
#1738=PROPERTY_DEFINITION('material property','material name',#3107);
#1739=PROPERTY_DEFINITION('material property','density of part',#3107);
#1740=AXIS2_PLACEMENT_3D('',#2588,#1987,#1988);
#1741=AXIS2_PLACEMENT_3D('',#2589,#1989,#1990);
#1742=AXIS2_PLACEMENT_3D('',#2592,#1991,#1992);
#1743=AXIS2_PLACEMENT_3D('',#2594,#1993,#1994);
#1744=AXIS2_PLACEMENT_3D('',#2595,#1995,#1996);
#1745=AXIS2_PLACEMENT_3D('',#2596,#1997,#1998);
#1746=AXIS2_PLACEMENT_3D('',#2599,#1999,#2000);
#1747=AXIS2_PLACEMENT_3D('',#2604,#2004,#2005);
#1748=AXIS2_PLACEMENT_3D('',#2607,#2006,#2007);
#1749=AXIS2_PLACEMENT_3D('',#2609,#2008,#2009);
#1750=AXIS2_PLACEMENT_3D('',#2610,#2010,#2011);
#1751=AXIS2_PLACEMENT_3D('',#2611,#2012,#2013);
#1752=AXIS2_PLACEMENT_3D('',#2614,#2014,#2015);
#1753=AXIS2_PLACEMENT_3D('',#2617,#2018,#2019);
#1754=AXIS2_PLACEMENT_3D('',#2626,#2020,#2021);
#1755=AXIS2_PLACEMENT_3D('',#2627,#2022,#2023);
#1756=AXIS2_PLACEMENT_3D('',#2628,#2024,#2025);
#1757=AXIS2_PLACEMENT_3D('',#2631,#2026,#2027);
#1758=AXIS2_PLACEMENT_3D('',#2633,#2028,#2029);
#1759=AXIS2_PLACEMENT_3D('',#2634,#2030,#2031);
#1760=AXIS2_PLACEMENT_3D('',#2635,#2032,#2033);
#1761=AXIS2_PLACEMENT_3D('',#2638,#2034,#2035);
#1762=AXIS2_PLACEMENT_3D('',#2643,#2039,#2040);
#1763=AXIS2_PLACEMENT_3D('',#2646,#2043,#2044);
#1764=AXIS2_PLACEMENT_3D('',#2649,#2045,#2046);
#1765=AXIS2_PLACEMENT_3D('',#2651,#2047,#2048);
#1766=AXIS2_PLACEMENT_3D('',#2652,#2049,#2050);
#1767=AXIS2_PLACEMENT_3D('',#2653,#2051,#2052);
#1768=AXIS2_PLACEMENT_3D('',#2656,#2053,#2054);
#1769=AXIS2_PLACEMENT_3D('',#2658,#2055,#2056);
#1770=AXIS2_PLACEMENT_3D('',#2666,#2057,#2058);
#1771=AXIS2_PLACEMENT_3D('',#2667,#2059,#2060);
#1772=AXIS2_PLACEMENT_3D('',#2670,#2063,#2064);
#1773=AXIS2_PLACEMENT_3D('',#2681,#2071,#2072);
#1774=AXIS2_PLACEMENT_3D('',#2688,#2077,#2078);
#1775=AXIS2_PLACEMENT_3D('',#2699,#2085,#2086);
#1776=AXIS2_PLACEMENT_3D('',#2701,#2088,#2089);
#1777=AXIS2_PLACEMENT_3D('',#2702,#2090,#2091);
#1778=AXIS2_PLACEMENT_3D('',#2703,#2092,#2093);
#1779=AXIS2_PLACEMENT_3D('',#2717,#2101,#2102);
#1780=AXIS2_PLACEMENT_3D('',#2718,#2103,#2104);
#1781=AXIS2_PLACEMENT_3D('',#2719,#2105,#2106);
#1782=AXIS2_PLACEMENT_3D('',#2721,#2107,#2108);
#1783=AXIS2_PLACEMENT_3D('',#2722,#2109,#2110);
#1784=AXIS2_PLACEMENT_3D('',#2724,#2111,#2112);
#1785=AXIS2_PLACEMENT_3D('',#2725,#2113,#2114);
#1786=AXIS2_PLACEMENT_3D('',#2727,#2116,#2117);
#1787=AXIS2_PLACEMENT_3D('',#2728,#2118,#2119);
#1788=AXIS2_PLACEMENT_3D('',#2729,#2120,#2121);
#1789=AXIS2_PLACEMENT_3D('',#2730,#2122,#2123);
#1790=AXIS2_PLACEMENT_3D('',#2732,#2124,#2125);
#1791=AXIS2_PLACEMENT_3D('',#2733,#2126,#2127);
#1792=AXIS2_PLACEMENT_3D('',#2735,#2128,#2129);
#1793=AXIS2_PLACEMENT_3D('',#2736,#2130,#2131);
#1794=AXIS2_PLACEMENT_3D('',#2737,#2132,#2133);
#1795=AXIS2_PLACEMENT_3D('',#2738,#2134,#2135);
#1796=AXIS2_PLACEMENT_3D('',#2739,#2136,#2137);
#1797=AXIS2_PLACEMENT_3D('',#2740,#2138,#2139);
#1798=AXIS2_PLACEMENT_3D('',#2742,#2140,#2141);
#1799=AXIS2_PLACEMENT_3D('',#2744,#2142,#2143);
#1800=AXIS2_PLACEMENT_3D('',#2745,#2144,#2145);
#1801=AXIS2_PLACEMENT_3D('',#2746,#2146,#2147);
#1802=AXIS2_PLACEMENT_3D('',#2748,#2148,#2149);
#1803=AXIS2_PLACEMENT_3D('',#2750,#2151,#2152);
#1804=AXIS2_PLACEMENT_3D('',#2752,#2153,#2154);
#1805=AXIS2_PLACEMENT_3D('',#2754,#2155,#2156);
#1806=AXIS2_PLACEMENT_3D('',#2755,#2157,#2158);
#1807=AXIS2_PLACEMENT_3D('',#2756,#2159,#2160);
#1808=AXIS2_PLACEMENT_3D('',#2758,#2161,#2162);
#1809=AXIS2_PLACEMENT_3D('',#2760,#2164,#2165);
#1810=AXIS2_PLACEMENT_3D('',#2763,#2168,#2169);
#1811=AXIS2_PLACEMENT_3D('',#2764,#2170,#2171);
#1812=AXIS2_PLACEMENT_3D('',#2766,#2172,#2173);
#1813=AXIS2_PLACEMENT_3D('',#2767,#2174,#2175);
#1814=AXIS2_PLACEMENT_3D('',#2768,#2176,#2177);
#1815=AXIS2_PLACEMENT_3D('',#2771,#2179,#2180);
#1816=AXIS2_PLACEMENT_3D('',#2772,#2181,#2182);
#1817=AXIS2_PLACEMENT_3D('',#2774,#2183,#2184);
#1818=AXIS2_PLACEMENT_3D('',#2775,#2185,#2186);
#1819=AXIS2_PLACEMENT_3D('',#2776,#2187,#2188);
#1820=AXIS2_PLACEMENT_3D('',#2779,#2190,#2191);
#1821=AXIS2_PLACEMENT_3D('',#2780,#2192,#2193);
#1822=AXIS2_PLACEMENT_3D('',#2782,#2194,#2195);
#1823=AXIS2_PLACEMENT_3D('',#2783,#2196,#2197);
#1824=AXIS2_PLACEMENT_3D('',#2784,#2198,#2199);
#1825=AXIS2_PLACEMENT_3D('',#2787,#2201,#2202);
#1826=AXIS2_PLACEMENT_3D('',#2788,#2203,#2204);
#1827=AXIS2_PLACEMENT_3D('',#2790,#2205,#2206);
#1828=AXIS2_PLACEMENT_3D('',#2791,#2207,#2208);
#1829=AXIS2_PLACEMENT_3D('',#2792,#2209,#2210);
#1830=AXIS2_PLACEMENT_3D('',#2795,#2212,#2213);
#1831=AXIS2_PLACEMENT_3D('',#2796,#2214,#2215);
#1832=AXIS2_PLACEMENT_3D('',#2798,#2216,#2217);
#1833=AXIS2_PLACEMENT_3D('',#2800,#2218,#2219);
#1834=AXIS2_PLACEMENT_3D('',#2801,#2220,#2221);
#1835=AXIS2_PLACEMENT_3D('',#2802,#2222,#2223);
#1836=AXIS2_PLACEMENT_3D('',#2803,#2224,#2225);
#1837=AXIS2_PLACEMENT_3D('',#2804,#2226,#2227);
#1838=AXIS2_PLACEMENT_3D('',#2807,#2229,#2230);
#1839=AXIS2_PLACEMENT_3D('',#2808,#2231,#2232);
#1840=AXIS2_PLACEMENT_3D('',#2810,#2233,#2234);
#1841=AXIS2_PLACEMENT_3D('',#2812,#2235,#2236);
#1842=AXIS2_PLACEMENT_3D('',#2813,#2237,#2238);
#1843=AXIS2_PLACEMENT_3D('',#2814,#2239,#2240);
#1844=AXIS2_PLACEMENT_3D('',#2817,#2242,#2243);
#1845=AXIS2_PLACEMENT_3D('',#2818,#2244,#2245);
#1846=AXIS2_PLACEMENT_3D('',#2820,#2246,#2247);
#1847=AXIS2_PLACEMENT_3D('',#2823,#2249,#2250);
#1848=AXIS2_PLACEMENT_3D('',#2824,#2251,#2252);
#1849=AXIS2_PLACEMENT_3D('',#2825,#2253,#2254);
#1850=AXIS2_PLACEMENT_3D('',#2827,#2255,#2256);
#1851=AXIS2_PLACEMENT_3D('',#2828,#2257,#2258);
#1852=AXIS2_PLACEMENT_3D('',#2830,#2259,#2260);
#1853=AXIS2_PLACEMENT_3D('',#2832,#2262,#2263);
#1854=AXIS2_PLACEMENT_3D('',#2834,#2264,#2265);
#1855=AXIS2_PLACEMENT_3D('',#2837,#2267,#2268);
#1856=AXIS2_PLACEMENT_3D('',#2838,#2269,#2270);
#1857=AXIS2_PLACEMENT_3D('',#2839,#2271,#2272);
#1858=AXIS2_PLACEMENT_3D('',#2841,#2273,#2274);
#1859=AXIS2_PLACEMENT_3D('',#2842,#2275,#2276);
#1860=AXIS2_PLACEMENT_3D('',#2844,#2277,#2278);
#1861=AXIS2_PLACEMENT_3D('',#2846,#2280,#2281);
#1862=AXIS2_PLACEMENT_3D('',#2848,#2282,#2283);
#1863=AXIS2_PLACEMENT_3D('',#2851,#2285,#2286);
#1864=AXIS2_PLACEMENT_3D('',#2852,#2287,#2288);
#1865=AXIS2_PLACEMENT_3D('',#2853,#2289,#2290);
#1866=AXIS2_PLACEMENT_3D('',#2854,#2291,#2292);
#1867=AXIS2_PLACEMENT_3D('',#2856,#2293,#2294);
#1868=AXIS2_PLACEMENT_3D('',#2859,#2296,#2297);
#1869=AXIS2_PLACEMENT_3D('',#2860,#2298,#2299);
#1870=AXIS2_PLACEMENT_3D('',#2861,#2300,#2301);
#1871=AXIS2_PLACEMENT_3D('',#2862,#2302,#2303);
#1872=AXIS2_PLACEMENT_3D('',#2864,#2304,#2305);
#1873=AXIS2_PLACEMENT_3D('',#2867,#2307,#2308);
#1874=AXIS2_PLACEMENT_3D('',#2868,#2309,#2310);
#1875=AXIS2_PLACEMENT_3D('',#2869,#2311,#2312);
#1876=AXIS2_PLACEMENT_3D('',#2871,#2313,#2314);
#1877=AXIS2_PLACEMENT_3D('',#2872,#2315,#2316);
#1878=AXIS2_PLACEMENT_3D('',#2875,#2318,#2319);
#1879=AXIS2_PLACEMENT_3D('',#2876,#2320,#2321);
#1880=AXIS2_PLACEMENT_3D('',#2878,#2322,#2323);
#1881=AXIS2_PLACEMENT_3D('',#2881,#2325,#2326);
#1882=AXIS2_PLACEMENT_3D('',#2882,#2327,#2328);
#1883=AXIS2_PLACEMENT_3D('',#2883,#2329,#2330);
#1884=AXIS2_PLACEMENT_3D('',#2885,#2331,#2332);
#1885=AXIS2_PLACEMENT_3D('',#2886,#2333,#2334);
#1886=AXIS2_PLACEMENT_3D('',#2889,#2336,#2337);
#1887=AXIS2_PLACEMENT_3D('',#2890,#2338,#2339);
#1888=AXIS2_PLACEMENT_3D('',#2892,#2340,#2341);
#1889=AXIS2_PLACEMENT_3D('',#2895,#2343,#2344);
#1890=AXIS2_PLACEMENT_3D('',#2896,#2345,#2346);
#1891=AXIS2_PLACEMENT_3D('',#2897,#2347,#2348);
#1892=AXIS2_PLACEMENT_3D('',#2899,#2349,#2350);
#1893=AXIS2_PLACEMENT_3D('',#2900,#2351,#2352);
#1894=AXIS2_PLACEMENT_3D('',#2903,#2354,#2355);
#1895=AXIS2_PLACEMENT_3D('',#2904,#2356,#2357);
#1896=AXIS2_PLACEMENT_3D('',#2906,#2358,#2359);
#1897=AXIS2_PLACEMENT_3D('',#2909,#2361,#2362);
#1898=AXIS2_PLACEMENT_3D('',#2910,#2363,#2364);
#1899=AXIS2_PLACEMENT_3D('',#2911,#2365,#2366);
#1900=AXIS2_PLACEMENT_3D('',#2913,#2367,#2368);
#1901=AXIS2_PLACEMENT_3D('',#2914,#2369,#2370);
#1902=AXIS2_PLACEMENT_3D('',#2917,#2372,#2373);
#1903=AXIS2_PLACEMENT_3D('',#2918,#2374,#2375);
#1904=AXIS2_PLACEMENT_3D('',#2919,#2376,#2377);
#1905=AXIS2_PLACEMENT_3D('',#2920,#2378,#2379);
#1906=AXIS2_PLACEMENT_3D('',#2921,#2380,#2381);
#1907=AXIS2_PLACEMENT_3D('',#2922,#2382,#2383);
#1908=AXIS2_PLACEMENT_3D('',#2924,#2384,#2385);
#1909=AXIS2_PLACEMENT_3D('',#2927,#2387,#2388);
#1910=AXIS2_PLACEMENT_3D('',#2928,#2389,#2390);
#1911=AXIS2_PLACEMENT_3D('',#2931,#2392,#2393);
#1912=AXIS2_PLACEMENT_3D('',#2932,#2394,#2395);
#1913=AXIS2_PLACEMENT_3D('',#2933,#2396,#2397);
#1914=AXIS2_PLACEMENT_3D('',#2935,#2398,#2399);
#1915=AXIS2_PLACEMENT_3D('',#2938,#2401,#2402);
#1916=AXIS2_PLACEMENT_3D('',#2939,#2403,#2404);
#1917=AXIS2_PLACEMENT_3D('',#2942,#2406,#2407);
#1918=AXIS2_PLACEMENT_3D('',#2943,#2408,#2409);
#1919=AXIS2_PLACEMENT_3D('',#2944,#2410,#2411);
#1920=AXIS2_PLACEMENT_3D('',#2946,#2412,#2413);
#1921=AXIS2_PLACEMENT_3D('',#2949,#2415,#2416);
#1922=AXIS2_PLACEMENT_3D('',#2950,#2417,#2418);
#1923=AXIS2_PLACEMENT_3D('',#2953,#2420,#2421);
#1924=AXIS2_PLACEMENT_3D('',#2954,#2422,#2423);
#1925=AXIS2_PLACEMENT_3D('',#2955,#2424,#2425);
#1926=AXIS2_PLACEMENT_3D('',#2957,#2426,#2427);
#1927=AXIS2_PLACEMENT_3D('',#2960,#2429,#2430);
#1928=AXIS2_PLACEMENT_3D('',#2961,#2431,#2432);
#1929=AXIS2_PLACEMENT_3D('',#2964,#2434,#2435);
#1930=AXIS2_PLACEMENT_3D('',#2965,#2436,#2437);
#1931=AXIS2_PLACEMENT_3D('',#2966,#2438,#2439);
#1932=AXIS2_PLACEMENT_3D('',#2968,#2440,#2441);
#1933=AXIS2_PLACEMENT_3D('',#2971,#2443,#2444);
#1934=AXIS2_PLACEMENT_3D('',#2972,#2445,#2446);
#1935=AXIS2_PLACEMENT_3D('',#2975,#2448,#2449);
#1936=AXIS2_PLACEMENT_3D('',#2976,#2450,#2451);
#1937=AXIS2_PLACEMENT_3D('',#2977,#2452,#2453);
#1938=AXIS2_PLACEMENT_3D('',#2979,#2454,#2455);
#1939=AXIS2_PLACEMENT_3D('',#2982,#2457,#2458);
#1940=AXIS2_PLACEMENT_3D('',#2983,#2459,#2460);
#1941=AXIS2_PLACEMENT_3D('',#2986,#2462,#2463);
#1942=AXIS2_PLACEMENT_3D('',#2987,#2464,#2465);
#1943=AXIS2_PLACEMENT_3D('',#2988,#2466,#2467);
#1944=AXIS2_PLACEMENT_3D('',#2990,#2468,#2469);
#1945=AXIS2_PLACEMENT_3D('',#2994,#2471,#2472);
#1946=AXIS2_PLACEMENT_3D('',#2995,#2473,#2474);
#1947=AXIS2_PLACEMENT_3D('',#2996,#2475,#2476);
#1948=AXIS2_PLACEMENT_3D('',#2997,#2477,#2478);
#1949=AXIS2_PLACEMENT_3D('',#3001,#2481,#2482);
#1950=AXIS2_PLACEMENT_3D('',#3004,#2484,#2485);
#1951=AXIS2_PLACEMENT_3D('',#3007,#2487,#2488);
#1952=AXIS2_PLACEMENT_3D('',#3009,#2489,#2490);
#1953=AXIS2_PLACEMENT_3D('',#3011,#2491,#2492);
#1954=AXIS2_PLACEMENT_3D('',#3015,#2494,#2495);
#1955=AXIS2_PLACEMENT_3D('',#3016,#2496,#2497);
#1956=AXIS2_PLACEMENT_3D('',#3020,#2499,#2500);
#1957=AXIS2_PLACEMENT_3D('',#3022,#2501,#2502);
#1958=AXIS2_PLACEMENT_3D('',#3032,#2508,#2509);
#1959=AXIS2_PLACEMENT_3D('',#3034,#2510,#2511);
#1960=AXIS2_PLACEMENT_3D('',#3036,#2513,#2514);
#1961=AXIS2_PLACEMENT_3D('',#3037,#2515,#2516);
#1962=AXIS2_PLACEMENT_3D('',#3038,#2517,#2518);
#1963=AXIS2_PLACEMENT_3D('',#3040,#2520,#2521);
#1964=AXIS2_PLACEMENT_3D('',#3042,#2522,#2523);
#1965=AXIS2_PLACEMENT_3D('',#3044,#2525,#2526);
#1966=AXIS2_PLACEMENT_3D('',#3045,#2527,#2528);
#1967=AXIS2_PLACEMENT_3D('',#3047,#2529,#2530);
#1968=AXIS2_PLACEMENT_3D('',#3049,#2532,#2533);
#1969=AXIS2_PLACEMENT_3D('',#3050,#2534,#2535);
#1970=AXIS2_PLACEMENT_3D('',#3051,#2536,#2537);
#1971=AXIS2_PLACEMENT_3D('',#3055,#2540,#2541);
#1972=AXIS2_PLACEMENT_3D('',#3057,#2542,#2543);
#1973=AXIS2_PLACEMENT_3D('',#3059,#2545,#2546);
#1974=AXIS2_PLACEMENT_3D('',#3060,#2547,#2548);
#1975=AXIS2_PLACEMENT_3D('',#3061,#2549,#2550);
#1976=AXIS2_PLACEMENT_3D('',#3063,#2552,#2553);
#1977=AXIS2_PLACEMENT_3D('',#3065,#2554,#2555);
#1978=AXIS2_PLACEMENT_3D('',#3067,#2557,#2558);
#1979=AXIS2_PLACEMENT_3D('',#3068,#2559,#2560);
#1980=AXIS2_PLACEMENT_3D('',#3074,#2564,#2565);
#1981=AXIS2_PLACEMENT_3D('',#3076,#2567,#2568);
#1982=AXIS2_PLACEMENT_3D('',#3080,#2571,#2572);
#1983=AXIS2_PLACEMENT_3D('',#3084,#2575,#2576);
#1984=AXIS2_PLACEMENT_3D('',#3088,#2579,#2580);
#1985=AXIS2_PLACEMENT_3D('',#3092,#2583,#2584);
#1986=AXIS2_PLACEMENT_3D('',#3094,#2586,#2587);
#1987=DIRECTION('axis',(0.,0.,1.));
#1988=DIRECTION('refdir',(1.,0.,0.));
#1989=DIRECTION('center_axis',(-0.40824829046386,-0.816496580927729,0.408248290463861));
#1990=DIRECTION('ref_axis',(-0.577350269189628,0.577350269189623,0.577350269189627));
#1991=DIRECTION('center_axis',(-1.,0.,0.));
#1992=DIRECTION('ref_axis',(0.,1.,0.));
#1993=DIRECTION('center_axis',(0.,0.,1.));
#1994=DIRECTION('ref_axis',(-1.,0.,0.));
#1995=DIRECTION('center_axis',(0.,1.,0.));
#1996=DIRECTION('ref_axis',(0.,0.,1.));
#1997=DIRECTION('center_axis',(0.,0.,1.));
#1998=DIRECTION('ref_axis',(-0.707106781186549,0.707106781186546,0.));
#1999=DIRECTION('center_axis',(0.,0.,-1.));
#2000=DIRECTION('ref_axis',(-0.707106781186549,0.707106781186546,0.));
#2001=DIRECTION('',(0.,0.,1.));
#2002=DIRECTION('',(0.,0.,1.));
#2003=DIRECTION('',(0.,0.,-1.));
#2004=DIRECTION('center_axis',(-0.816496580927727,0.408248290463862,-0.408248290463862));
#2005=DIRECTION('ref_axis',(-0.577350269189625,-0.577350269189627,0.577350269189626));
#2006=DIRECTION('center_axis',(0.,-1.,0.));
#2007=DIRECTION('ref_axis',(-1.,0.,0.));
#2008=DIRECTION('center_axis',(0.,0.,1.));
#2009=DIRECTION('ref_axis',(0.,-1.,0.));
#2010=DIRECTION('center_axis',(-1.,0.,0.));
#2011=DIRECTION('ref_axis',(0.,0.,1.));
#2012=DIRECTION('center_axis',(0.,0.,1.));
#2013=DIRECTION('ref_axis',(-0.707106781186547,-0.707106781186548,0.));
#2014=DIRECTION('center_axis',(0.,0.,1.));
#2015=DIRECTION('ref_axis',(-1.,0.,0.));
#2016=DIRECTION('',(0.,0.,1.));
#2017=DIRECTION('',(0.,0.,-1.));
#2018=DIRECTION('center_axis',(-1.,0.,0.));
#2019=DIRECTION('ref_axis',(0.,0.,1.));
#2020=DIRECTION('center_axis',(1.,0.,0.));
#2021=DIRECTION('ref_axis',(0.,0.707106781186547,-0.707106781186548));
#2022=DIRECTION('center_axis',(-1.,0.,0.));
#2023=DIRECTION('ref_axis',(0.,0.707106781186547,-0.707106781186548));
#2024=DIRECTION('center_axis',(0.408248290463863,-0.816496580927726,0.408248290463863));
#2025=DIRECTION('ref_axis',(0.577350269189625,0.577350269189625,0.577350269189628));
#2026=DIRECTION('center_axis',(0.,1.,0.));
#2027=DIRECTION('ref_axis',(1.,0.,0.));
#2028=DIRECTION('center_axis',(0.,0.,1.));
#2029=DIRECTION('ref_axis',(0.,1.,0.));
#2030=DIRECTION('center_axis',(1.,0.,0.));
#2031=DIRECTION('ref_axis',(0.,0.,1.));
#2032=DIRECTION('center_axis',(0.,0.,1.));
#2033=DIRECTION('ref_axis',(0.707106781186551,0.707106781186544,0.));
#2034=DIRECTION('center_axis',(0.,0.,-1.));
#2035=DIRECTION('ref_axis',(0.707106781186551,0.707106781186544,0.));
#2036=DIRECTION('',(0.,0.,1.));
#2037=DIRECTION('',(0.,0.,-1.));
#2038=DIRECTION('',(0.,0.,-1.));
#2039=DIRECTION('center_axis',(-1.,0.,0.));
#2040=DIRECTION('ref_axis',(0.,0.707106781186546,0.707106781186549));
#2041=DIRECTION('',(1.,0.,0.));
#2042=DIRECTION('',(-1.,0.,0.));
#2043=DIRECTION('center_axis',(-0.408248290463859,-0.816496580927726,-0.408248290463867));
#2044=DIRECTION('ref_axis',(0.577350269189623,-0.577350269189628,0.577350269189626));
#2045=DIRECTION('center_axis',(1.,0.,0.));
#2046=DIRECTION('ref_axis',(0.,-1.,0.));
#2047=DIRECTION('center_axis',(0.,0.,1.));
#2048=DIRECTION('ref_axis',(1.,0.,0.));
#2049=DIRECTION('center_axis',(0.,-1.,0.));
#2050=DIRECTION('ref_axis',(0.,0.,1.));
#2051=DIRECTION('center_axis',(1.,0.,0.));
#2052=DIRECTION('ref_axis',(0.,0.,-1.));
#2053=DIRECTION('center_axis',(0.,0.,-1.));
#2054=DIRECTION('ref_axis',(1.,0.,0.));
#2055=DIRECTION('center_axis',(-1.,0.,0.));
#2056=DIRECTION('ref_axis',(0.,0.707106781186547,-0.707106781186548));
#2057=DIRECTION('center_axis',(1.,0.,0.));
#2058=DIRECTION('ref_axis',(0.,0.707106781186547,-0.707106781186548));
#2059=DIRECTION('center_axis',(0.,0.,1.));
#2060=DIRECTION('ref_axis',(0.707106781186549,-0.707106781186546,0.));
#2061=DIRECTION('',(0.,0.,-1.));
#2062=DIRECTION('',(0.,0.,1.));
#2063=DIRECTION('center_axis',(0.,1.,0.));
#2064=DIRECTION('ref_axis',(0.707106781186549,0.,0.707106781186546));
#2065=DIRECTION('',(0.,-1.,0.));
#2066=DIRECTION('',(0.,-1.,0.));
#2067=DIRECTION('',(0.,-1.,0.));
#2068=DIRECTION('',(0.,1.,0.));
#2069=DIRECTION('',(0.,1.,0.));
#2070=DIRECTION('',(0.,1.,0.));
#2071=DIRECTION('center_axis',(1.,0.,0.));
#2072=DIRECTION('ref_axis',(0.,-0.707106781186548,0.707106781186548));
#2073=DIRECTION('',(-1.,0.,0.));
#2074=DIRECTION('',(-1.,0.,0.));
#2075=DIRECTION('',(-1.,0.,0.));
#2076=DIRECTION('',(1.,0.,0.));
#2077=DIRECTION('center_axis',(0.,-1.,0.));
#2078=DIRECTION('ref_axis',(-0.707106781186547,0.,0.707106781186548));
#2079=DIRECTION('',(0.,1.,0.));
#2080=DIRECTION('',(0.,1.,0.));
#2081=DIRECTION('',(0.,1.,0.));
#2082=DIRECTION('',(0.,-1.,0.));
#2083=DIRECTION('',(0.,-1.,0.));
#2084=DIRECTION('',(0.,-1.,0.));
#2085=DIRECTION('center_axis',(-1.,0.,0.));
#2086=DIRECTION('ref_axis',(0.,-1.,0.));
#2087=DIRECTION('',(0.,1.,0.));
#2088=DIRECTION('center_axis',(-1.,0.,0.));
#2089=DIRECTION('ref_axis',(0.,1.,0.));
#2090=DIRECTION('center_axis',(-1.,0.,0.));
#2091=DIRECTION('ref_axis',(0.,1.,0.));
#2092=DIRECTION('center_axis',(0.,1.,0.));
#2093=DIRECTION('ref_axis',(-1.,0.,0.));
#2094=DIRECTION('',(-1.,0.,0.));
#2095=DIRECTION('',(-1.,0.,0.));
#2096=DIRECTION('',(0.,0.,1.));
#2097=DIRECTION('',(-1.,0.,0.));
#2098=DIRECTION('',(-1.,0.,0.));
#2099=DIRECTION('',(-1.,0.,0.));
#2100=DIRECTION('',(0.,0.,1.));
#2101=DIRECTION('center_axis',(1.,0.,0.));
#2102=DIRECTION('ref_axis',(0.,1.,0.));
#2103=DIRECTION('center_axis',(1.,0.,0.));
#2104=DIRECTION('ref_axis',(0.,1.,0.));
#2105=DIRECTION('center_axis',(1.,0.,0.));
#2106=DIRECTION('ref_axis',(0.,1.,0.));
#2107=DIRECTION('center_axis',(1.,0.,0.));
#2108=DIRECTION('ref_axis',(0.,1.,0.));
#2109=DIRECTION('center_axis',(1.,0.,0.));
#2110=DIRECTION('ref_axis',(0.,1.,0.));
#2111=DIRECTION('center_axis',(1.,0.,0.));
#2112=DIRECTION('ref_axis',(0.,1.,0.));
#2113=DIRECTION('center_axis',(1.,0.,0.));
#2114=DIRECTION('ref_axis',(0.,1.,0.));
#2115=DIRECTION('',(0.,-1.,0.));
#2116=DIRECTION('center_axis',(0.,0.,1.));
#2117=DIRECTION('ref_axis',(-1.,0.,0.));
#2118=DIRECTION('center_axis',(0.,0.,1.));
#2119=DIRECTION('ref_axis',(-1.,0.,0.));
#2120=DIRECTION('center_axis',(0.,0.,1.));
#2121=DIRECTION('ref_axis',(-1.,0.,0.));
#2122=DIRECTION('center_axis',(0.,0.,1.));
#2123=DIRECTION('ref_axis',(-1.,0.,0.));
#2124=DIRECTION('center_axis',(0.,0.,1.));
#2125=DIRECTION('ref_axis',(-1.,0.,0.));
#2126=DIRECTION('center_axis',(0.,0.,1.));
#2127=DIRECTION('ref_axis',(-1.,0.,0.));
#2128=DIRECTION('center_axis',(0.,0.,1.));
#2129=DIRECTION('ref_axis',(-1.,0.,0.));
#2130=DIRECTION('center_axis',(0.,0.,1.));
#2131=DIRECTION('ref_axis',(-1.,0.,0.));
#2132=DIRECTION('center_axis',(0.,0.,1.));
#2133=DIRECTION('ref_axis',(-1.,0.,0.));
#2134=DIRECTION('center_axis',(0.,0.,1.));
#2135=DIRECTION('ref_axis',(-1.,0.,0.));
#2136=DIRECTION('center_axis',(0.,0.,1.));
#2137=DIRECTION('ref_axis',(-1.,0.,0.));
#2138=DIRECTION('center_axis',(-1.,0.,0.));
#2139=DIRECTION('ref_axis',(0.,0.,1.));
#2140=DIRECTION('center_axis',(0.,-1.,0.));
#2141=DIRECTION('ref_axis',(0.,0.,-1.));
#2142=DIRECTION('center_axis',(-1.,0.,0.));
#2143=DIRECTION('ref_axis',(0.,1.,0.));
#2144=DIRECTION('center_axis',(-1.,0.,0.));
#2145=DIRECTION('ref_axis',(0.,1.,0.));
#2146=DIRECTION('center_axis',(1.,0.,0.));
#2147=DIRECTION('ref_axis',(0.,1.,0.));
#2148=DIRECTION('center_axis',(-1.,0.,0.));
#2149=DIRECTION('ref_axis',(0.,1.,0.));
#2150=DIRECTION('',(1.,0.,0.));
#2151=DIRECTION('center_axis',(-1.,0.,0.));
#2152=DIRECTION('ref_axis',(0.,0.,1.));
#2153=DIRECTION('center_axis',(0.,-1.,0.));
#2154=DIRECTION('ref_axis',(0.,0.,-1.));
#2155=DIRECTION('center_axis',(-1.,0.,0.));
#2156=DIRECTION('ref_axis',(0.,1.,0.));
#2157=DIRECTION('center_axis',(-1.,0.,0.));
#2158=DIRECTION('ref_axis',(0.,1.,0.));
#2159=DIRECTION('center_axis',(1.,0.,0.));
#2160=DIRECTION('ref_axis',(0.,1.,0.));
#2161=DIRECTION('center_axis',(-1.,0.,0.));
#2162=DIRECTION('ref_axis',(0.,1.,0.));
#2163=DIRECTION('',(1.,0.,0.));
#2164=DIRECTION('center_axis',(-1.,0.,0.));
#2165=DIRECTION('ref_axis',(0.,0.707106781186548,-0.707106781186548));
#2166=DIRECTION('',(1.,0.,0.));
#2167=DIRECTION('',(-1.,0.,0.));
#2168=DIRECTION('center_axis',(0.,-1.,0.));
#2169=DIRECTION('ref_axis',(1.,0.,0.));
#2170=DIRECTION('center_axis',(0.,0.,-1.));
#2171=DIRECTION('ref_axis',(-1.,0.,0.));
#2172=DIRECTION('center_axis',(0.,-1.,0.));
#2173=DIRECTION('ref_axis',(1.,0.,0.));
#2174=DIRECTION('center_axis',(0.,0.,-1.));
#2175=DIRECTION('ref_axis',(-1.,0.,0.));
#2176=DIRECTION('center_axis',(0.,0.,1.));
#2177=DIRECTION('ref_axis',(-1.,0.,0.));
#2178=DIRECTION('',(0.,0.,-1.));
#2179=DIRECTION('center_axis',(0.,0.,-1.));
#2180=DIRECTION('ref_axis',(-1.,0.,0.));
#2181=DIRECTION('center_axis',(0.,0.,-1.));
#2182=DIRECTION('ref_axis',(-1.,0.,0.));
#2183=DIRECTION('center_axis',(0.,-1.,0.));
#2184=DIRECTION('ref_axis',(1.,0.,0.));
#2185=DIRECTION('center_axis',(0.,0.,-1.));
#2186=DIRECTION('ref_axis',(-1.,0.,0.));
#2187=DIRECTION('center_axis',(0.,0.,1.));
#2188=DIRECTION('ref_axis',(-1.,0.,0.));
#2189=DIRECTION('',(0.,0.,-1.));
#2190=DIRECTION('center_axis',(0.,0.,-1.));
#2191=DIRECTION('ref_axis',(-1.,0.,0.));
#2192=DIRECTION('center_axis',(0.,0.,-1.));
#2193=DIRECTION('ref_axis',(-1.,0.,0.));
#2194=DIRECTION('center_axis',(0.,-1.,0.));
#2195=DIRECTION('ref_axis',(1.,0.,0.));
#2196=DIRECTION('center_axis',(0.,0.,-1.));
#2197=DIRECTION('ref_axis',(-1.,0.,0.));
#2198=DIRECTION('center_axis',(0.,0.,1.));
#2199=DIRECTION('ref_axis',(-1.,0.,0.));
#2200=DIRECTION('',(0.,0.,-1.));
#2201=DIRECTION('center_axis',(0.,0.,-1.));
#2202=DIRECTION('ref_axis',(-1.,0.,0.));
#2203=DIRECTION('center_axis',(0.,0.,-1.));
#2204=DIRECTION('ref_axis',(-1.,0.,0.));
#2205=DIRECTION('center_axis',(0.,-1.,0.));
#2206=DIRECTION('ref_axis',(1.,0.,0.));
#2207=DIRECTION('center_axis',(0.,0.,-1.));
#2208=DIRECTION('ref_axis',(-1.,0.,0.));
#2209=DIRECTION('center_axis',(0.,0.,1.));
#2210=DIRECTION('ref_axis',(-1.,0.,0.));
#2211=DIRECTION('',(0.,0.,-1.));
#2212=DIRECTION('center_axis',(0.,0.,-1.));
#2213=DIRECTION('ref_axis',(-1.,0.,0.));
#2214=DIRECTION('center_axis',(1.,0.,0.));
#2215=DIRECTION('ref_axis',(0.,0.,-1.));
#2216=DIRECTION('center_axis',(0.,-1.,0.));
#2217=DIRECTION('ref_axis',(0.,0.,1.));
#2218=DIRECTION('center_axis',(1.,0.,0.));
#2219=DIRECTION('ref_axis',(0.,1.,0.));
#2220=DIRECTION('center_axis',(1.,0.,0.));
#2221=DIRECTION('ref_axis',(0.,1.,0.));
#2222=DIRECTION('center_axis',(-1.,0.,0.));
#2223=DIRECTION('ref_axis',(0.,-1.,0.));
#2224=DIRECTION('center_axis',(-1.,0.,0.));
#2225=DIRECTION('ref_axis',(0.,1.,0.));
#2226=DIRECTION('center_axis',(1.,0.,0.));
#2227=DIRECTION('ref_axis',(0.,1.,0.));
#2228=DIRECTION('',(1.,0.,0.));
#2229=DIRECTION('center_axis',(1.,0.,0.));
#2230=DIRECTION('ref_axis',(0.,1.,0.));
#2231=DIRECTION('center_axis',(1.,0.,0.));
#2232=DIRECTION('ref_axis',(0.,0.,-1.));
#2233=DIRECTION('center_axis',(0.,-1.,0.));
#2234=DIRECTION('ref_axis',(0.,0.,1.));
#2235=DIRECTION('center_axis',(1.,0.,0.));
#2236=DIRECTION('ref_axis',(0.,1.,0.));
#2237=DIRECTION('center_axis',(1.,0.,0.));
#2238=DIRECTION('ref_axis',(0.,1.,0.));
#2239=DIRECTION('center_axis',(1.,0.,0.));
#2240=DIRECTION('ref_axis',(0.,1.,0.));
#2241=DIRECTION('',(1.,0.,0.));
#2242=DIRECTION('center_axis',(1.,0.,0.));
#2243=DIRECTION('ref_axis',(0.,1.,0.));
#2244=DIRECTION('center_axis',(1.,0.,0.));
#2245=DIRECTION('ref_axis',(0.,1.,0.));
#2246=DIRECTION('center_axis',(-1.,0.,0.));
#2247=DIRECTION('ref_axis',(0.,1.,0.));
#2248=DIRECTION('',(-1.,0.,0.));
#2249=DIRECTION('center_axis',(-1.,0.,0.));
#2250=DIRECTION('ref_axis',(0.,1.,0.));
#2251=DIRECTION('center_axis',(1.,0.,0.));
#2252=DIRECTION('ref_axis',(0.,1.,0.));
#2253=DIRECTION('center_axis',(1.,0.,0.));
#2254=DIRECTION('ref_axis',(0.,1.,0.));
#2255=DIRECTION('center_axis',(1.,0.,0.));
#2256=DIRECTION('ref_axis',(0.,1.,0.));
#2257=DIRECTION('center_axis',(1.,0.,0.));
#2258=DIRECTION('ref_axis',(0.,1.,0.));
#2259=DIRECTION('center_axis',(-1.,0.,0.));
#2260=DIRECTION('ref_axis',(0.,1.,0.));
#2261=DIRECTION('',(1.,0.,0.));
#2262=DIRECTION('center_axis',(1.,0.,0.));
#2263=DIRECTION('ref_axis',(0.,1.,0.));
#2264=DIRECTION('center_axis',(-1.,0.,0.));
#2265=DIRECTION('ref_axis',(0.,1.,0.));
#2266=DIRECTION('',(-1.,0.,0.));
#2267=DIRECTION('center_axis',(-1.,0.,0.));
#2268=DIRECTION('ref_axis',(0.,1.,0.));
#2269=DIRECTION('center_axis',(1.,0.,0.));
#2270=DIRECTION('ref_axis',(0.,1.,0.));
#2271=DIRECTION('center_axis',(1.,0.,0.));
#2272=DIRECTION('ref_axis',(0.,1.,0.));
#2273=DIRECTION('center_axis',(1.,0.,0.));
#2274=DIRECTION('ref_axis',(0.,1.,0.));
#2275=DIRECTION('center_axis',(1.,0.,0.));
#2276=DIRECTION('ref_axis',(0.,1.,0.));
#2277=DIRECTION('center_axis',(-1.,0.,0.));
#2278=DIRECTION('ref_axis',(0.,1.,0.));
#2279=DIRECTION('',(1.,0.,0.));
#2280=DIRECTION('center_axis',(1.,0.,0.));
#2281=DIRECTION('ref_axis',(0.,1.,0.));
#2282=DIRECTION('center_axis',(-1.,0.,0.));
#2283=DIRECTION('ref_axis',(0.,1.,0.));
#2284=DIRECTION('',(-1.,0.,0.));
#2285=DIRECTION('center_axis',(-1.,0.,0.));
#2286=DIRECTION('ref_axis',(0.,1.,0.));
#2287=DIRECTION('center_axis',(1.,0.,0.));
#2288=DIRECTION('ref_axis',(0.,1.,0.));
#2289=DIRECTION('center_axis',(1.,0.,0.));
#2290=DIRECTION('ref_axis',(0.,1.,0.));
#2291=DIRECTION('center_axis',(1.,0.,0.));
#2292=DIRECTION('ref_axis',(0.,1.,0.));
#2293=DIRECTION('center_axis',(-1.,0.,0.));
#2294=DIRECTION('ref_axis',(0.,1.,0.));
#2295=DIRECTION('',(-1.,0.,0.));
#2296=DIRECTION('center_axis',(-1.,0.,0.));
#2297=DIRECTION('ref_axis',(0.,1.,0.));
#2298=DIRECTION('center_axis',(1.,0.,0.));
#2299=DIRECTION('ref_axis',(0.,1.,0.));
#2300=DIRECTION('center_axis',(1.,0.,0.));
#2301=DIRECTION('ref_axis',(0.,1.,0.));
#2302=DIRECTION('center_axis',(0.,0.,1.));
#2303=DIRECTION('ref_axis',(-1.,0.,0.));
#2304=DIRECTION('center_axis',(0.,0.,-1.));
#2305=DIRECTION('ref_axis',(-1.,0.,0.));
#2306=DIRECTION('',(0.,0.,-1.));
#2307=DIRECTION('center_axis',(0.,0.,-1.));
#2308=DIRECTION('ref_axis',(-1.,0.,0.));
#2309=DIRECTION('center_axis',(0.,0.,1.));
#2310=DIRECTION('ref_axis',(-1.,0.,0.));
#2311=DIRECTION('center_axis',(0.,0.,1.));
#2312=DIRECTION('ref_axis',(-1.,0.,0.));
#2313=DIRECTION('center_axis',(0.,0.,1.));
#2314=DIRECTION('ref_axis',(-1.,0.,0.));
#2315=DIRECTION('center_axis',(0.,0.,1.));
#2316=DIRECTION('ref_axis',(-1.,0.,0.));
#2317=DIRECTION('',(0.,0.,-1.));
#2318=DIRECTION('center_axis',(0.,0.,1.));
#2319=DIRECTION('ref_axis',(-1.,0.,0.));
#2320=DIRECTION('center_axis',(0.,0.,1.));
#2321=DIRECTION('ref_axis',(-1.,0.,0.));
#2322=DIRECTION('center_axis',(0.,0.,-1.));
#2323=DIRECTION('ref_axis',(-1.,0.,0.));
#2324=DIRECTION('',(0.,0.,-1.));
#2325=DIRECTION('center_axis',(0.,0.,-1.));
#2326=DIRECTION('ref_axis',(-1.,0.,0.));
#2327=DIRECTION('center_axis',(0.,0.,1.));
#2328=DIRECTION('ref_axis',(-1.,0.,0.));
#2329=DIRECTION('center_axis',(0.,0.,1.));
#2330=DIRECTION('ref_axis',(-1.,0.,0.));
#2331=DIRECTION('center_axis',(0.,0.,1.));
#2332=DIRECTION('ref_axis',(-1.,0.,0.));
#2333=DIRECTION('center_axis',(0.,0.,1.));
#2334=DIRECTION('ref_axis',(-1.,0.,0.));
#2335=DIRECTION('',(0.,0.,-1.));
#2336=DIRECTION('center_axis',(0.,0.,1.));
#2337=DIRECTION('ref_axis',(-1.,0.,0.));
#2338=DIRECTION('center_axis',(0.,0.,1.));
#2339=DIRECTION('ref_axis',(-1.,0.,0.));
#2340=DIRECTION('center_axis',(0.,0.,-1.));
#2341=DIRECTION('ref_axis',(-1.,0.,0.));
#2342=DIRECTION('',(0.,0.,-1.));
#2343=DIRECTION('center_axis',(0.,0.,-1.));
#2344=DIRECTION('ref_axis',(-1.,0.,0.));
#2345=DIRECTION('center_axis',(0.,0.,1.));
#2346=DIRECTION('ref_axis',(-1.,0.,0.));
#2347=DIRECTION('center_axis',(0.,0.,1.));
#2348=DIRECTION('ref_axis',(-1.,0.,0.));
#2349=DIRECTION('center_axis',(0.,0.,1.));
#2350=DIRECTION('ref_axis',(-1.,0.,0.));
#2351=DIRECTION('center_axis',(0.,0.,1.));
#2352=DIRECTION('ref_axis',(-1.,0.,0.));
#2353=DIRECTION('',(0.,0.,-1.));
#2354=DIRECTION('center_axis',(0.,0.,1.));
#2355=DIRECTION('ref_axis',(-1.,0.,0.));
#2356=DIRECTION('center_axis',(0.,0.,1.));
#2357=DIRECTION('ref_axis',(-1.,0.,0.));
#2358=DIRECTION('center_axis',(0.,0.,-1.));
#2359=DIRECTION('ref_axis',(-1.,0.,0.));
#2360=DIRECTION('',(0.,0.,-1.));
#2361=DIRECTION('center_axis',(0.,0.,-1.));
#2362=DIRECTION('ref_axis',(-1.,0.,0.));
#2363=DIRECTION('center_axis',(0.,0.,1.));
#2364=DIRECTION('ref_axis',(-1.,0.,0.));
#2365=DIRECTION('center_axis',(0.,0.,1.));
#2366=DIRECTION('ref_axis',(-1.,0.,0.));
#2367=DIRECTION('center_axis',(0.,0.,1.));
#2368=DIRECTION('ref_axis',(-1.,0.,0.));
#2369=DIRECTION('center_axis',(0.,0.,1.));
#2370=DIRECTION('ref_axis',(-1.,0.,0.));
#2371=DIRECTION('',(0.,0.,-1.));
#2372=DIRECTION('center_axis',(0.,0.,1.));
#2373=DIRECTION('ref_axis',(-1.,0.,0.));
#2374=DIRECTION('center_axis',(0.,0.,1.));
#2375=DIRECTION('ref_axis',(1.,0.,0.));
#2376=DIRECTION('center_axis',(0.,0.,1.));
#2377=DIRECTION('ref_axis',(1.,0.,0.));
#2378=DIRECTION('center_axis',(0.,0.,1.));
#2379=DIRECTION('ref_axis',(1.,0.,0.));
#2380=DIRECTION('center_axis',(0.,0.,1.));
#2381=DIRECTION('ref_axis',(1.,0.,0.));
#2382=DIRECTION('center_axis',(0.,0.,1.));
#2383=DIRECTION('ref_axis',(1.,0.,0.));
#2384=DIRECTION('center_axis',(0.,0.,1.));
#2385=DIRECTION('ref_axis',(1.,0.,0.));
#2386=DIRECTION('',(-0.707106781186547,8.65956056235493E-17,0.707106781186547));
#2387=DIRECTION('center_axis',(0.,0.,-1.));
#2388=DIRECTION('ref_axis',(1.,0.,0.));
#2389=DIRECTION('center_axis',(0.,0.,-1.));
#2390=DIRECTION('ref_axis',(1.,0.,0.));
#2391=DIRECTION('',(0.,0.,1.));
#2392=DIRECTION('center_axis',(0.,0.,1.));
#2393=DIRECTION('ref_axis',(1.,0.,0.));
#2394=DIRECTION('center_axis',(0.,0.,1.));
#2395=DIRECTION('ref_axis',(1.,0.,0.));
#2396=DIRECTION('center_axis',(0.,0.,1.));
#2397=DIRECTION('ref_axis',(1.,0.,0.));
#2398=DIRECTION('center_axis',(0.,0.,1.));
#2399=DIRECTION('ref_axis',(1.,0.,0.));
#2400=DIRECTION('',(-0.707106781186548,8.65956056235494E-17,0.707106781186547));
#2401=DIRECTION('center_axis',(0.,0.,-1.));
#2402=DIRECTION('ref_axis',(1.,0.,0.));
#2403=DIRECTION('center_axis',(0.,0.,-1.));
#2404=DIRECTION('ref_axis',(1.,0.,0.));
#2405=DIRECTION('',(0.,0.,1.));
#2406=DIRECTION('center_axis',(0.,0.,1.));
#2407=DIRECTION('ref_axis',(1.,0.,0.));
#2408=DIRECTION('center_axis',(0.,0.,1.));
#2409=DIRECTION('ref_axis',(1.,0.,0.));
#2410=DIRECTION('center_axis',(0.,0.,1.));
#2411=DIRECTION('ref_axis',(1.,0.,0.));
#2412=DIRECTION('center_axis',(0.,0.,1.));
#2413=DIRECTION('ref_axis',(1.,0.,0.));
#2414=DIRECTION('',(-0.707106781186548,8.65956056235494E-17,0.707106781186547));
#2415=DIRECTION('center_axis',(0.,0.,-1.));
#2416=DIRECTION('ref_axis',(1.,0.,0.));
#2417=DIRECTION('center_axis',(0.,0.,-1.));
#2418=DIRECTION('ref_axis',(1.,0.,0.));
#2419=DIRECTION('',(0.,0.,1.));
#2420=DIRECTION('center_axis',(0.,0.,1.));
#2421=DIRECTION('ref_axis',(1.,0.,0.));
#2422=DIRECTION('center_axis',(0.,0.,1.));
#2423=DIRECTION('ref_axis',(1.,0.,0.));
#2424=DIRECTION('center_axis',(0.,0.,1.));
#2425=DIRECTION('ref_axis',(1.,0.,0.));
#2426=DIRECTION('center_axis',(0.,0.,1.));
#2427=DIRECTION('ref_axis',(1.,0.,0.));
#2428=DIRECTION('',(-0.707106781186547,8.65956056235493E-17,0.707106781186547));
#2429=DIRECTION('center_axis',(0.,0.,-1.));
#2430=DIRECTION('ref_axis',(1.,0.,0.));
#2431=DIRECTION('center_axis',(0.,0.,-1.));
#2432=DIRECTION('ref_axis',(1.,0.,0.));
#2433=DIRECTION('',(0.,0.,1.));
#2434=DIRECTION('center_axis',(0.,0.,1.));
#2435=DIRECTION('ref_axis',(1.,0.,0.));
#2436=DIRECTION('center_axis',(0.,0.,1.));
#2437=DIRECTION('ref_axis',(1.,0.,0.));
#2438=DIRECTION('center_axis',(0.,0.,1.));
#2439=DIRECTION('ref_axis',(1.,0.,0.));
#2440=DIRECTION('center_axis',(0.,0.,1.));
#2441=DIRECTION('ref_axis',(1.,0.,0.));
#2442=DIRECTION('',(-0.707106781186547,8.65956056235493E-17,0.707106781186547));
#2443=DIRECTION('center_axis',(0.,0.,-1.));
#2444=DIRECTION('ref_axis',(1.,0.,0.));
#2445=DIRECTION('center_axis',(0.,0.,-1.));
#2446=DIRECTION('ref_axis',(1.,0.,0.));
#2447=DIRECTION('',(0.,0.,1.));
#2448=DIRECTION('center_axis',(0.,0.,1.));
#2449=DIRECTION('ref_axis',(1.,0.,0.));
#2450=DIRECTION('center_axis',(0.,0.,1.));
#2451=DIRECTION('ref_axis',(1.,0.,0.));
#2452=DIRECTION('center_axis',(0.,0.,1.));
#2453=DIRECTION('ref_axis',(1.,0.,0.));
#2454=DIRECTION('center_axis',(0.,0.,1.));
#2455=DIRECTION('ref_axis',(1.,0.,0.));
#2456=DIRECTION('',(-0.707106781186548,8.65956056235494E-17,0.707106781186547));
#2457=DIRECTION('center_axis',(0.,0.,-1.));
#2458=DIRECTION('ref_axis',(1.,0.,0.));
#2459=DIRECTION('center_axis',(0.,0.,-1.));
#2460=DIRECTION('ref_axis',(1.,0.,0.));
#2461=DIRECTION('',(0.,0.,1.));
#2462=DIRECTION('center_axis',(0.,0.,1.));
#2463=DIRECTION('ref_axis',(1.,0.,0.));
#2464=DIRECTION('center_axis',(0.,0.,1.));
#2465=DIRECTION('ref_axis',(1.,0.,0.));
#2466=DIRECTION('center_axis',(0.,0.,-1.));
#2467=DIRECTION('ref_axis',(1.,0.,0.));
#2468=DIRECTION('center_axis',(0.,0.,-1.));
#2469=DIRECTION('ref_axis',(1.,0.,0.));
#2470=DIRECTION('',(0.,0.,1.));
#2471=DIRECTION('center_axis',(0.,0.,1.));
#2472=DIRECTION('ref_axis',(1.,0.,0.));
#2473=DIRECTION('center_axis',(0.,0.,1.));
#2474=DIRECTION('ref_axis',(1.,0.,0.));
#2475=DIRECTION('center_axis',(0.,0.,1.));
#2476=DIRECTION('ref_axis',(1.,0.,0.));
#2477=DIRECTION('center_axis',(0.,0.,1.));
#2478=DIRECTION('ref_axis',(1.,0.,0.));
#2479=DIRECTION('',(1.,-1.49794551230118E-33,0.));
#2480=DIRECTION('',(0.,-1.,0.));
#2481=DIRECTION('center_axis',(0.,0.,1.));
#2482=DIRECTION('ref_axis',(1.,0.,0.));
#2483=DIRECTION('',(0.,-1.,0.));
#2484=DIRECTION('center_axis',(0.,0.,1.));
#2485=DIRECTION('ref_axis',(1.,0.,0.));
#2486=DIRECTION('',(0.,-1.,0.));
#2487=DIRECTION('center_axis',(0.,0.,1.));
#2488=DIRECTION('ref_axis',(1.,0.,0.));
#2489=DIRECTION('center_axis',(0.,0.,1.));
#2490=DIRECTION('ref_axis',(1.,0.,0.));
#2491=DIRECTION('center_axis',(0.,0.,1.));
#2492=DIRECTION('ref_axis',(1.,0.,0.));
#2493=DIRECTION('',(0.,1.,0.));
#2494=DIRECTION('center_axis',(0.,0.,1.));
#2495=DIRECTION('ref_axis',(1.,0.,0.));
#2496=DIRECTION('center_axis',(0.,0.,1.));
#2497=DIRECTION('ref_axis',(1.,0.,0.));
#2498=DIRECTION('',(0.,1.,0.));
#2499=DIRECTION('center_axis',(0.,0.,1.));
#2500=DIRECTION('ref_axis',(1.,0.,0.));
#2501=DIRECTION('center_axis',(0.,0.,1.));
#2502=DIRECTION('ref_axis',(1.,0.,0.));
#2503=DIRECTION('',(1.,-1.49794551230118E-33,0.));
#2504=DIRECTION('',(0.,-1.,0.));
#2505=DIRECTION('',(1.,0.,0.));
#2506=DIRECTION('',(0.,1.,0.));
#2507=DIRECTION('',(1.,-1.49794551230118E-33,0.));
#2508=DIRECTION('center_axis',(0.,0.,-1.));
#2509=DIRECTION('ref_axis',(1.,0.,0.));
#2510=DIRECTION('center_axis',(0.,0.,-1.));
#2511=DIRECTION('ref_axis',(1.,0.,0.));
#2512=DIRECTION('',(0.,0.,1.));
#2513=DIRECTION('center_axis',(0.,0.,1.));
#2514=DIRECTION('ref_axis',(1.,0.,0.));
#2515=DIRECTION('center_axis',(0.,0.,1.));
#2516=DIRECTION('ref_axis',(1.,0.,0.));
#2517=DIRECTION('center_axis',(0.,0.,1.));
#2518=DIRECTION('ref_axis',(1.,0.,0.));
#2519=DIRECTION('',(0.,-1.,0.));
#2520=DIRECTION('center_axis',(0.,0.,-1.));
#2521=DIRECTION('ref_axis',(1.,0.,0.));
#2522=DIRECTION('center_axis',(0.,0.,-1.));
#2523=DIRECTION('ref_axis',(1.,0.,0.));
#2524=DIRECTION('',(0.,0.,1.));
#2525=DIRECTION('center_axis',(0.,0.,1.));
#2526=DIRECTION('ref_axis',(1.,0.,0.));
#2527=DIRECTION('center_axis',(0.,0.,-1.));
#2528=DIRECTION('ref_axis',(1.,0.,0.));
#2529=DIRECTION('center_axis',(0.,0.,-1.));
#2530=DIRECTION('ref_axis',(1.,0.,0.));
#2531=DIRECTION('',(0.,0.,1.));
#2532=DIRECTION('center_axis',(0.,0.,1.));
#2533=DIRECTION('ref_axis',(1.,0.,0.));
#2534=DIRECTION('center_axis',(0.,0.,1.));
#2535=DIRECTION('ref_axis',(1.,0.,0.));
#2536=DIRECTION('center_axis',(0.,0.,1.));
#2537=DIRECTION('ref_axis',(1.,0.,0.));
#2538=DIRECTION('',(0.,1.,0.));
#2539=DIRECTION('',(1.,-1.49794551230118E-33,0.));
#2540=DIRECTION('center_axis',(0.,0.,-1.));
#2541=DIRECTION('ref_axis',(1.,0.,0.));
#2542=DIRECTION('center_axis',(0.,0.,-1.));
#2543=DIRECTION('ref_axis',(1.,0.,0.));
#2544=DIRECTION('',(0.,0.,1.));
#2545=DIRECTION('center_axis',(0.,0.,1.));
#2546=DIRECTION('ref_axis',(1.,0.,0.));
#2547=DIRECTION('center_axis',(0.,0.,1.));
#2548=DIRECTION('ref_axis',(1.,0.,0.));
#2549=DIRECTION('center_axis',(0.,0.,1.));
#2550=DIRECTION('ref_axis',(1.,0.,0.));
#2551=DIRECTION('',(0.,1.,0.));
#2552=DIRECTION('center_axis',(0.,0.,-1.));
#2553=DIRECTION('ref_axis',(1.,0.,0.));
#2554=DIRECTION('center_axis',(0.,0.,-1.));
#2555=DIRECTION('ref_axis',(1.,0.,0.));
#2556=DIRECTION('',(0.,0.,1.));
#2557=DIRECTION('center_axis',(0.,0.,1.));
#2558=DIRECTION('ref_axis',(1.,0.,0.));
#2559=DIRECTION('center_axis',(-1.49794551230118E-33,-1.,0.));
#2560=DIRECTION('ref_axis',(1.,-1.49794551230118E-33,0.));
#2561=DIRECTION('',(0.,0.,1.));
#2562=DIRECTION('',(1.,-1.49794551230118E-33,0.));
#2563=DIRECTION('',(0.,0.,1.));
#2564=DIRECTION('center_axis',(-1.,0.,0.));
#2565=DIRECTION('ref_axis',(0.,-1.,0.));
#2566=DIRECTION('',(0.,-1.,0.));
#2567=DIRECTION('center_axis',(1.,0.,0.));
#2568=DIRECTION('ref_axis',(0.,1.,0.));
#2569=DIRECTION('',(0.,1.,0.));
#2570=DIRECTION('',(0.,0.,1.));
#2571=DIRECTION('center_axis',(-1.49794551230118E-33,-1.,0.));
#2572=DIRECTION('ref_axis',(1.,-1.49794551230118E-33,0.));
#2573=DIRECTION('',(1.,-1.49794551230118E-33,0.));
#2574=DIRECTION('',(0.,0.,1.));
#2575=DIRECTION('center_axis',(-1.,0.,0.));
#2576=DIRECTION('ref_axis',(0.,-1.,0.));
#2577=DIRECTION('',(0.,-1.,0.));
#2578=DIRECTION('',(0.,0.,1.));
#2579=DIRECTION('center_axis',(0.,-1.,0.));
#2580=DIRECTION('ref_axis',(1.,0.,0.));
#2581=DIRECTION('',(1.,0.,0.));
#2582=DIRECTION('',(0.,0.,1.));
#2583=DIRECTION('center_axis',(1.,0.,0.));
#2584=DIRECTION('ref_axis',(0.,1.,0.));
#2585=DIRECTION('',(0.,1.,0.));
#2586=DIRECTION('center_axis',(0.,0.,1.));
#2587=DIRECTION('ref_axis',(1.,0.,0.));
#2588=CARTESIAN_POINT('',(0.,0.,0.));
#2589=CARTESIAN_POINT('Origin',(1.5,35.5,8.5));
#2590=CARTESIAN_POINT('',(1.5,36.,8.5));
#2591=CARTESIAN_POINT('',(1.5,35.5,9.));
#2592=CARTESIAN_POINT('Origin',(1.5,35.5,8.5));
#2593=CARTESIAN_POINT('',(1.,35.5,8.5));
#2594=CARTESIAN_POINT('Origin',(1.5,35.5,8.5));
#2595=CARTESIAN_POINT('Origin',(1.5,35.5,8.5));
#2596=CARTESIAN_POINT('Origin',(1.5,35.5,0.5));
#2597=CARTESIAN_POINT('',(1.5,36.,1.));
#2598=CARTESIAN_POINT('',(1.,35.5,1.));
#2599=CARTESIAN_POINT('Origin',(1.5,35.5,1.));
#2600=CARTESIAN_POINT('',(1.,35.5,5.));
#2601=CARTESIAN_POINT('',(1.,35.5,0.5));
#2602=CARTESIAN_POINT('',(1.,35.5,0.5));
#2603=CARTESIAN_POINT('',(1.5,36.,0.5));
#2604=CARTESIAN_POINT('Origin',(1.5,4.49999999999999,8.5));
#2605=CARTESIAN_POINT('',(1.,4.49999999999999,8.5));
#2606=CARTESIAN_POINT('',(1.5,4.49999999999999,9.));
#2607=CARTESIAN_POINT('Origin',(1.5,4.49999999999999,8.5));
#2608=CARTESIAN_POINT('',(1.5,3.99999999999999,8.5));
#2609=CARTESIAN_POINT('Origin',(1.5,4.49999999999999,8.5));
#2610=CARTESIAN_POINT('Origin',(1.5,4.49999999999999,8.5));
#2611=CARTESIAN_POINT('Origin',(1.5,4.49999999999999,1.));
#2612=CARTESIAN_POINT('',(1.,4.49999999999999,1.5));
#2613=CARTESIAN_POINT('',(1.5,3.99999999999999,1.5));
#2614=CARTESIAN_POINT('Origin',(1.5,4.49999999999999,1.5));
#2615=CARTESIAN_POINT('',(1.5,3.99999999999999,1.));
#2616=CARTESIAN_POINT('',(1.,4.49999999999999,1.));
#2617=CARTESIAN_POINT('Origin',(1.5,3.49999999999999,1.5));
#2618=CARTESIAN_POINT('',(1.,4.36602540378443,1.));
#2619=CARTESIAN_POINT('',(1.5,3.49999999999999,1.));
#2620=CARTESIAN_POINT('Ctrl Pts',(1.5,3.49999999999999,1.));
#2621=CARTESIAN_POINT('Ctrl Pts',(1.36145088895952,3.63854911104047,1.));
#2622=CARTESIAN_POINT('Ctrl Pts',(1.19804364190564,3.807611636102,1.));
#2623=CARTESIAN_POINT('Ctrl Pts',(1.04478599994888,4.09236523657543,1.));
#2624=CARTESIAN_POINT('Ctrl Pts',(1.,4.23858669284665,1.));
#2625=CARTESIAN_POINT('Ctrl Pts',(1.,4.36602540378443,1.));
#2626=CARTESIAN_POINT('Origin',(1.5,3.49999999999999,1.5));
#2627=CARTESIAN_POINT('Origin',(1.,3.49999999999999,1.5));
#2628=CARTESIAN_POINT('Origin',(16.5,35.5,8.5));
#2629=CARTESIAN_POINT('',(17.,35.5,8.5));
#2630=CARTESIAN_POINT('',(16.5,35.5,9.));
#2631=CARTESIAN_POINT('Origin',(16.5,35.5,8.5));
#2632=CARTESIAN_POINT('',(16.5,36.,8.5));
#2633=CARTESIAN_POINT('Origin',(16.5,35.5,8.5));
#2634=CARTESIAN_POINT('Origin',(16.5,35.5,8.5));
#2635=CARTESIAN_POINT('Origin',(16.5,35.5,0.5));
#2636=CARTESIAN_POINT('',(17.,35.5,1.));
#2637=CARTESIAN_POINT('',(16.5,36.,1.));
#2638=CARTESIAN_POINT('Origin',(16.5,35.5,1.));
#2639=CARTESIAN_POINT('',(16.5,36.,0.5));
#2640=CARTESIAN_POINT('',(17.,35.5,5.));
#2641=CARTESIAN_POINT('',(17.,35.5,0.5));
#2642=CARTESIAN_POINT('',(17.,35.5,0.5));
#2643=CARTESIAN_POINT('Origin',(13.5,35.5,8.5));
#2644=CARTESIAN_POINT('',(13.5,35.5,9.));
#2645=CARTESIAN_POINT('',(13.5,36.,8.5));
#2646=CARTESIAN_POINT('Origin',(16.5,4.49999999999999,8.5));
#2647=CARTESIAN_POINT('',(16.5,3.99999999999999,8.5));
#2648=CARTESIAN_POINT('',(16.5,4.49999999999999,9.));
#2649=CARTESIAN_POINT('Origin',(16.5,4.49999999999999,8.5));
#2650=CARTESIAN_POINT('',(17.,4.49999999999999,8.5));
#2651=CARTESIAN_POINT('Origin',(16.5,4.49999999999999,8.5));
#2652=CARTESIAN_POINT('Origin',(16.5,4.49999999999999,8.5));
#2653=CARTESIAN_POINT('Origin',(16.5,3.49999999999999,1.5));
#2654=CARTESIAN_POINT('',(17.,4.49999999999999,1.5));
#2655=CARTESIAN_POINT('',(16.5,3.99999999999999,1.5));
#2656=CARTESIAN_POINT('Origin',(16.5,4.49999999999999,1.5));
#2657=CARTESIAN_POINT('',(16.5,3.49999999999999,1.));
#2658=CARTESIAN_POINT('Origin',(16.5,3.49999999999999,1.5));
#2659=CARTESIAN_POINT('',(17.,4.36602540378443,1.));
#2660=CARTESIAN_POINT('Ctrl Pts',(17.,4.36602540378443,1.));
#2661=CARTESIAN_POINT('Ctrl Pts',(17.,4.23858669284665,1.));
#2662=CARTESIAN_POINT('Ctrl Pts',(16.9552140000511,4.09236523657543,1.));
#2663=CARTESIAN_POINT('Ctrl Pts',(16.8019563580944,3.807611636102,1.));
#2664=CARTESIAN_POINT('Ctrl Pts',(16.6385491110405,3.63854911104047,1.));
#2665=CARTESIAN_POINT('Ctrl Pts',(16.5,3.49999999999999,1.));
#2666=CARTESIAN_POINT('Origin',(17.,3.49999999999999,1.5));
#2667=CARTESIAN_POINT('Origin',(16.5,4.49999999999999,1.));
#2668=CARTESIAN_POINT('',(16.5,3.99999999999999,1.));
#2669=CARTESIAN_POINT('',(17.,4.49999999999999,1.));
#2670=CARTESIAN_POINT('Origin',(16.5,12.,8.5));
#2671=CARTESIAN_POINT('',(16.5,24.,9.));
#2672=CARTESIAN_POINT('',(16.5,12.,9.));
#2673=CARTESIAN_POINT('',(16.5,7.99999999999999,9.));
#2674=CARTESIAN_POINT('',(16.5,12.,9.));
#2675=CARTESIAN_POINT('',(16.5,12.,9.));
#2676=CARTESIAN_POINT('',(17.,16.,8.5));
#2677=CARTESIAN_POINT('',(17.,12.,8.5));
#2678=CARTESIAN_POINT('',(17.,32.,8.5));
#2679=CARTESIAN_POINT('',(17.,12.,8.5));
#2680=CARTESIAN_POINT('',(17.,12.,8.5));
#2681=CARTESIAN_POINT('Origin',(5.,4.49999999999999,8.5));
#2682=CARTESIAN_POINT('',(13.,4.49999999999999,9.));
#2683=CARTESIAN_POINT('',(5.,4.49999999999999,9.));
#2684=CARTESIAN_POINT('',(5.,4.49999999999999,9.));
#2685=CARTESIAN_POINT('',(5.,4.49999999999999,9.));
#2686=CARTESIAN_POINT('',(5.,4.49999999999999,9.));
#2687=CARTESIAN_POINT('',(5.,3.99999999999999,8.5));
#2688=CARTESIAN_POINT('Origin',(1.5,28.,8.5));
#2689=CARTESIAN_POINT('',(1.5,7.99999999999999,9.));
#2690=CARTESIAN_POINT('',(1.5,28.,9.));
#2691=CARTESIAN_POINT('',(1.5,24.,9.));
#2692=CARTESIAN_POINT('',(1.5,28.,9.));
#2693=CARTESIAN_POINT('',(1.5,28.,9.));
#2694=CARTESIAN_POINT('',(1.,32.,8.5));
#2695=CARTESIAN_POINT('',(1.,28.,8.5));
#2696=CARTESIAN_POINT('',(1.,16.,8.5));
#2697=CARTESIAN_POINT('',(1.,28.,8.5));
#2698=CARTESIAN_POINT('',(1.,28.,8.5));
#2699=CARTESIAN_POINT('Origin',(1.,36.,1.));
#2700=CARTESIAN_POINT('',(1.,27.,1.));
#2701=CARTESIAN_POINT('Origin',(1.,16.,5.));
#2702=CARTESIAN_POINT('Origin',(1.,32.,5.));
#2703=CARTESIAN_POINT('Origin',(18.,36.,0.));
#2704=CARTESIAN_POINT('',(0.,36.,1.));
#2705=CARTESIAN_POINT('',(18.,36.,1.));
#2706=CARTESIAN_POINT('',(18.,36.,1.));
#2707=CARTESIAN_POINT('',(18.,36.,1.));
#2708=CARTESIAN_POINT('',(18.,36.,0.));
#2709=CARTESIAN_POINT('',(18.,36.,0.));
#2710=CARTESIAN_POINT('',(16.5,36.,0.));
#2711=CARTESIAN_POINT('',(18.,36.,0.));
#2712=CARTESIAN_POINT('',(1.5,36.,0.));
#2713=CARTESIAN_POINT('',(18.,36.,0.));
#2714=CARTESIAN_POINT('',(0.,36.,0.));
#2715=CARTESIAN_POINT('',(18.,36.,0.));
#2716=CARTESIAN_POINT('',(0.,36.,0.));
#2717=CARTESIAN_POINT('Origin',(17.,3.99999999999999,1.));
#2718=CARTESIAN_POINT('Origin',(17.,32.,5.));
#2719=CARTESIAN_POINT('Origin',(17.,3.99999999999999,1.));
#2720=CARTESIAN_POINT('',(17.,32.,1.5));
#2721=CARTESIAN_POINT('Origin',(17.,32.,5.));
#2722=CARTESIAN_POINT('Origin',(17.,32.,5.));
#2723=CARTESIAN_POINT('',(17.,16.,1.5));
#2724=CARTESIAN_POINT('Origin',(17.,16.,5.));
#2725=CARTESIAN_POINT('Origin',(17.,16.,5.));
#2726=CARTESIAN_POINT('',(17.,11.,1.));
#2727=CARTESIAN_POINT('Origin',(9.,20.,9.));
#2728=CARTESIAN_POINT('Origin',(13.,7.99999999999999,9.));
#2729=CARTESIAN_POINT('Origin',(9.,20.,9.));
#2730=CARTESIAN_POINT('Origin',(13.,24.,9.));
#2731=CARTESIAN_POINT('',(8.5,24.,9.));
#2732=CARTESIAN_POINT('Origin',(5.,24.,9.));
#2733=CARTESIAN_POINT('Origin',(5.,24.,9.));
#2734=CARTESIAN_POINT('',(8.5,7.99999999999999,9.));
#2735=CARTESIAN_POINT('Origin',(5.,7.99999999999999,9.));
#2736=CARTESIAN_POINT('Origin',(5.,7.99999999999999,9.));
#2737=CARTESIAN_POINT('Origin',(13.,7.99999999999999,9.));
#2738=CARTESIAN_POINT('Origin',(9.,20.,9.));
#2739=CARTESIAN_POINT('Origin',(5.,7.99999999999999,9.));
#2740=CARTESIAN_POINT('Origin',(16.5,16.,5.));
#2741=CARTESIAN_POINT('',(16.5,16.,2.));
#2742=CARTESIAN_POINT('Origin',(16.5,16.,1.5));
#2743=CARTESIAN_POINT('',(16.5,13.,5.));
#2744=CARTESIAN_POINT('Origin',(16.5,16.,5.));
#2745=CARTESIAN_POINT('Origin',(16.5,16.,5.));
#2746=CARTESIAN_POINT('Origin',(0.,16.,5.));
#2747=CARTESIAN_POINT('',(15.5,13.,5.));
#2748=CARTESIAN_POINT('Origin',(15.5,16.,5.));
#2749=CARTESIAN_POINT('',(0.,13.,5.));
#2750=CARTESIAN_POINT('Origin',(16.5,32.,5.));
#2751=CARTESIAN_POINT('',(16.5,32.,2.));
#2752=CARTESIAN_POINT('Origin',(16.5,32.,1.5));
#2753=CARTESIAN_POINT('',(16.5,29.,5.));
#2754=CARTESIAN_POINT('Origin',(16.5,32.,5.));
#2755=CARTESIAN_POINT('Origin',(16.5,32.,5.));
#2756=CARTESIAN_POINT('Origin',(0.,32.,5.));
#2757=CARTESIAN_POINT('',(15.5,29.,5.));
#2758=CARTESIAN_POINT('Origin',(15.5,32.,5.));
#2759=CARTESIAN_POINT('',(0.,29.,5.));
#2760=CARTESIAN_POINT('Origin',(5.,3.49999999999999,1.5));
#2761=CARTESIAN_POINT('',(5.,3.49999999999999,1.));
#2762=CARTESIAN_POINT('',(5.,3.99999999999999,1.5));
#2763=CARTESIAN_POINT('Origin',(1.,3.99999999999999,1.));
#2764=CARTESIAN_POINT('Origin',(13.,24.,8.5));
#2765=CARTESIAN_POINT('',(16.,24.,8.5));
#2766=CARTESIAN_POINT('Origin',(16.5,24.,8.5));
#2767=CARTESIAN_POINT('Origin',(13.,24.,8.5));
#2768=CARTESIAN_POINT('Origin',(13.,24.,1.));
#2769=CARTESIAN_POINT('',(16.,24.,7.5));
#2770=CARTESIAN_POINT('',(16.,24.,1.));
#2771=CARTESIAN_POINT('Origin',(13.,24.,7.5));
#2772=CARTESIAN_POINT('Origin',(5.,24.,8.5));
#2773=CARTESIAN_POINT('',(8.,24.,8.5));
#2774=CARTESIAN_POINT('Origin',(8.5,24.,8.5));
#2775=CARTESIAN_POINT('Origin',(5.,24.,8.5));
#2776=CARTESIAN_POINT('Origin',(5.,24.,1.));
#2777=CARTESIAN_POINT('',(8.,24.,7.5));
#2778=CARTESIAN_POINT('',(8.,24.,1.));
#2779=CARTESIAN_POINT('Origin',(5.,24.,7.5));
#2780=CARTESIAN_POINT('Origin',(13.,7.99999999999999,8.5));
#2781=CARTESIAN_POINT('',(16.,7.99999999999999,8.5));
#2782=CARTESIAN_POINT('Origin',(16.5,7.99999999999999,8.5));
#2783=CARTESIAN_POINT('Origin',(13.,7.99999999999999,8.5));
#2784=CARTESIAN_POINT('Origin',(13.,7.99999999999999,1.));
#2785=CARTESIAN_POINT('',(16.,7.99999999999999,7.5));
#2786=CARTESIAN_POINT('',(16.,7.99999999999999,1.));
#2787=CARTESIAN_POINT('Origin',(13.,7.99999999999999,7.5));
#2788=CARTESIAN_POINT('Origin',(5.,7.99999999999999,8.5));
#2789=CARTESIAN_POINT('',(8.,7.99999999999999,8.5));
#2790=CARTESIAN_POINT('Origin',(8.5,7.99999999999999,8.5));
#2791=CARTESIAN_POINT('Origin',(5.,7.99999999999999,8.5));
#2792=CARTESIAN_POINT('Origin',(5.,7.99999999999999,1.));
#2793=CARTESIAN_POINT('',(8.,7.99999999999999,7.5));
#2794=CARTESIAN_POINT('',(8.,7.99999999999999,1.));
#2795=CARTESIAN_POINT('Origin',(5.,7.99999999999999,7.5));
#2796=CARTESIAN_POINT('Origin',(1.5,16.,5.));
#2797=CARTESIAN_POINT('',(1.5,16.,8.));
#2798=CARTESIAN_POINT('Origin',(1.5,16.,8.5));
#2799=CARTESIAN_POINT('',(1.5,13.,5.));
#2800=CARTESIAN_POINT('Origin',(1.5,16.,5.));
#2801=CARTESIAN_POINT('Origin',(1.5,16.,5.));
#2802=CARTESIAN_POINT('Origin',(1.,36.,1.));
#2803=CARTESIAN_POINT('Origin',(1.,32.,5.));
#2804=CARTESIAN_POINT('Origin',(0.,16.,5.));
#2805=CARTESIAN_POINT('',(2.5,13.,5.));
#2806=CARTESIAN_POINT('',(0.,13.,5.));
#2807=CARTESIAN_POINT('Origin',(2.5,16.,5.));
#2808=CARTESIAN_POINT('Origin',(1.5,32.,5.));
#2809=CARTESIAN_POINT('',(1.5,32.,8.));
#2810=CARTESIAN_POINT('Origin',(1.5,32.,8.5));
#2811=CARTESIAN_POINT('',(1.5,29.,5.));
#2812=CARTESIAN_POINT('Origin',(1.5,32.,5.));
#2813=CARTESIAN_POINT('Origin',(1.5,32.,5.));
#2814=CARTESIAN_POINT('Origin',(0.,32.,5.));
#2815=CARTESIAN_POINT('',(2.5,29.,5.));
#2816=CARTESIAN_POINT('',(0.,29.,5.));
#2817=CARTESIAN_POINT('Origin',(2.5,32.,5.));
#2818=CARTESIAN_POINT('Origin',(10.5,16.,5.));
#2819=CARTESIAN_POINT('',(15.5,13.5,5.));
#2820=CARTESIAN_POINT('Origin',(15.5,16.,5.));
#2821=CARTESIAN_POINT('',(10.5,13.5,5.));
#2822=CARTESIAN_POINT('',(10.5,13.5,5.));
#2823=CARTESIAN_POINT('Origin',(10.5,16.,5.));
#2824=CARTESIAN_POINT('Origin',(15.5,16.,5.));
#2825=CARTESIAN_POINT('Origin',(10.5,16.,5.));
#2826=CARTESIAN_POINT('',(10.5,13.,5.));
#2827=CARTESIAN_POINT('Origin',(10.5,16.,5.));
#2828=CARTESIAN_POINT('Origin',(0.,16.,5.));
#2829=CARTESIAN_POINT('',(7.5,13.,5.));
#2830=CARTESIAN_POINT('Origin',(7.5,16.,5.));
#2831=CARTESIAN_POINT('',(0.,13.,5.));
#2832=CARTESIAN_POINT('Origin',(10.5,32.,5.));
#2833=CARTESIAN_POINT('',(15.5,29.5,5.));
#2834=CARTESIAN_POINT('Origin',(15.5,32.,5.));
#2835=CARTESIAN_POINT('',(10.5,29.5,5.));
#2836=CARTESIAN_POINT('',(10.5,29.5,5.));
#2837=CARTESIAN_POINT('Origin',(10.5,32.,5.));
#2838=CARTESIAN_POINT('Origin',(15.5,32.,5.));
#2839=CARTESIAN_POINT('Origin',(10.5,32.,5.));
#2840=CARTESIAN_POINT('',(10.5,29.,5.));
#2841=CARTESIAN_POINT('Origin',(10.5,32.,5.));
#2842=CARTESIAN_POINT('Origin',(0.,32.,5.));
#2843=CARTESIAN_POINT('',(7.5,29.,5.));
#2844=CARTESIAN_POINT('Origin',(7.5,32.,5.));
#2845=CARTESIAN_POINT('',(0.,29.,5.));
#2846=CARTESIAN_POINT('Origin',(2.5,16.,5.));
#2847=CARTESIAN_POINT('',(7.5,13.5,5.));
#2848=CARTESIAN_POINT('Origin',(7.5,16.,5.));
#2849=CARTESIAN_POINT('',(2.5,13.5,5.));
#2850=CARTESIAN_POINT('',(2.5,13.5,5.));
#2851=CARTESIAN_POINT('Origin',(2.5,16.,5.));
#2852=CARTESIAN_POINT('Origin',(7.5,16.,5.));
#2853=CARTESIAN_POINT('Origin',(2.5,16.,5.));
#2854=CARTESIAN_POINT('Origin',(2.5,32.,5.));
#2855=CARTESIAN_POINT('',(7.5,29.5,5.));
#2856=CARTESIAN_POINT('Origin',(7.5,32.,5.));
#2857=CARTESIAN_POINT('',(2.5,29.5,5.));
#2858=CARTESIAN_POINT('',(2.5,29.5,5.));
#2859=CARTESIAN_POINT('Origin',(2.5,32.,5.));
#2860=CARTESIAN_POINT('Origin',(7.5,32.,5.));
#2861=CARTESIAN_POINT('Origin',(2.5,32.,5.));
#2862=CARTESIAN_POINT('Origin',(5.,24.,2.5));
#2863=CARTESIAN_POINT('',(7.5,24.,7.5));
#2864=CARTESIAN_POINT('Origin',(5.,24.,7.5));
#2865=CARTESIAN_POINT('',(7.5,24.,2.5));
#2866=CARTESIAN_POINT('',(7.5,24.,2.5));
#2867=CARTESIAN_POINT('Origin',(5.,24.,2.5));
#2868=CARTESIAN_POINT('Origin',(5.,24.,7.5));
#2869=CARTESIAN_POINT('Origin',(5.,24.,2.5));
#2870=CARTESIAN_POINT('',(8.,24.,2.5));
#2871=CARTESIAN_POINT('Origin',(5.,24.,2.5));
#2872=CARTESIAN_POINT('Origin',(5.,24.,1.));
#2873=CARTESIAN_POINT('',(8.,24.,1.));
#2874=CARTESIAN_POINT('',(8.,24.,1.));
#2875=CARTESIAN_POINT('Origin',(5.,24.,1.));
#2876=CARTESIAN_POINT('Origin',(13.,7.99999999999999,2.5));
#2877=CARTESIAN_POINT('',(15.5,7.99999999999999,7.5));
#2878=CARTESIAN_POINT('Origin',(13.,7.99999999999999,7.5));
#2879=CARTESIAN_POINT('',(15.5,7.99999999999999,2.5));
#2880=CARTESIAN_POINT('',(15.5,7.99999999999999,2.5));
#2881=CARTESIAN_POINT('Origin',(13.,7.99999999999999,2.5));
#2882=CARTESIAN_POINT('Origin',(13.,8.,7.5));
#2883=CARTESIAN_POINT('Origin',(13.,8.,2.5));
#2884=CARTESIAN_POINT('',(16.,7.99999999999999,2.5));
#2885=CARTESIAN_POINT('Origin',(13.,7.99999999999999,2.5));
#2886=CARTESIAN_POINT('Origin',(13.,7.99999999999999,1.));
#2887=CARTESIAN_POINT('',(16.,7.99999999999999,1.));
#2888=CARTESIAN_POINT('',(16.,7.99999999999999,1.));
#2889=CARTESIAN_POINT('Origin',(13.,7.99999999999999,1.));
#2890=CARTESIAN_POINT('Origin',(13.,24.,2.5));
#2891=CARTESIAN_POINT('',(15.5,24.,7.5));
#2892=CARTESIAN_POINT('Origin',(13.,24.,7.5));
#2893=CARTESIAN_POINT('',(15.5,24.,2.5));
#2894=CARTESIAN_POINT('',(15.5,24.,2.5));
#2895=CARTESIAN_POINT('Origin',(13.,24.,2.5));
#2896=CARTESIAN_POINT('Origin',(13.,24.,7.5));
#2897=CARTESIAN_POINT('Origin',(13.,24.,2.5));
#2898=CARTESIAN_POINT('',(16.,24.,2.5));
#2899=CARTESIAN_POINT('Origin',(13.,24.,2.5));
#2900=CARTESIAN_POINT('Origin',(13.,24.,1.));
#2901=CARTESIAN_POINT('',(16.,24.,1.));
#2902=CARTESIAN_POINT('',(16.,24.,1.));
#2903=CARTESIAN_POINT('Origin',(13.,24.,1.));
#2904=CARTESIAN_POINT('Origin',(5.,7.99999999999999,2.5));
#2905=CARTESIAN_POINT('',(7.5,7.99999999999999,7.5));
#2906=CARTESIAN_POINT('Origin',(5.,7.99999999999999,7.5));
#2907=CARTESIAN_POINT('',(7.5,7.99999999999999,2.5));
#2908=CARTESIAN_POINT('',(7.5,7.99999999999999,2.5));
#2909=CARTESIAN_POINT('Origin',(5.,7.99999999999999,2.5));
#2910=CARTESIAN_POINT('Origin',(5.,8.,7.5));
#2911=CARTESIAN_POINT('Origin',(5.,8.,2.5));
#2912=CARTESIAN_POINT('',(8.,7.99999999999999,2.5));
#2913=CARTESIAN_POINT('Origin',(5.,7.99999999999999,2.5));
#2914=CARTESIAN_POINT('Origin',(5.,7.99999999999999,1.));
#2915=CARTESIAN_POINT('',(8.,7.99999999999999,1.));
#2916=CARTESIAN_POINT('',(8.,7.99999999999999,1.));
#2917=CARTESIAN_POINT('Origin',(5.,7.99999999999999,1.));
#2918=CARTESIAN_POINT('Origin',(9.,18.,1.));
#2919=CARTESIAN_POINT('Origin',(9.,18.,1.));
#2920=CARTESIAN_POINT('Origin',(9.,18.,1.));
#2921=CARTESIAN_POINT('Origin',(9.,18.,1.));
#2922=CARTESIAN_POINT('Origin',(1.5,1.5,-4.2));
#2923=CARTESIAN_POINT('',(1.35,1.5,-4.5));
#2924=CARTESIAN_POINT('Origin',(1.5,1.5,-4.5));
#2925=CARTESIAN_POINT('',(0.75,1.5,-3.9));
#2926=CARTESIAN_POINT('',(1.05,1.5,-4.2));
#2927=CARTESIAN_POINT('Origin',(1.5,1.5,-3.9));
#2928=CARTESIAN_POINT('Origin',(1.5,1.5,0.));
#2929=CARTESIAN_POINT('',(0.75,1.5,-1.5));
#2930=CARTESIAN_POINT('',(0.75,1.5,0.));
#2931=CARTESIAN_POINT('Origin',(1.5,1.5,-1.5));
#2932=CARTESIAN_POINT('Origin',(1.5,1.5,-4.5));
#2933=CARTESIAN_POINT('Origin',(16.5,1.5,-4.2));
#2934=CARTESIAN_POINT('',(16.35,1.5,-4.5));
#2935=CARTESIAN_POINT('Origin',(16.5,1.5,-4.5));
#2936=CARTESIAN_POINT('',(15.75,1.5,-3.9));
#2937=CARTESIAN_POINT('',(16.05,1.5,-4.2));
#2938=CARTESIAN_POINT('Origin',(16.5,1.5,-3.9));
#2939=CARTESIAN_POINT('Origin',(16.5,1.5,0.));
#2940=CARTESIAN_POINT('',(15.75,1.5,-1.5));
#2941=CARTESIAN_POINT('',(15.75,1.5,0.));
#2942=CARTESIAN_POINT('Origin',(16.5,1.5,-1.5));
#2943=CARTESIAN_POINT('Origin',(16.5,1.5,-4.5));
#2944=CARTESIAN_POINT('Origin',(16.5,19.5,-4.2));
#2945=CARTESIAN_POINT('',(16.35,19.5,-4.5));
#2946=CARTESIAN_POINT('Origin',(16.5,19.5,-4.5));
#2947=CARTESIAN_POINT('',(15.75,19.5,-3.9));
#2948=CARTESIAN_POINT('',(16.05,19.5,-4.2));
#2949=CARTESIAN_POINT('Origin',(16.5,19.5,-3.9));
#2950=CARTESIAN_POINT('Origin',(16.5,19.5,0.));
#2951=CARTESIAN_POINT('',(15.75,19.5,-1.5));
#2952=CARTESIAN_POINT('',(15.75,19.5,0.));
#2953=CARTESIAN_POINT('Origin',(16.5,19.5,-1.5));
#2954=CARTESIAN_POINT('Origin',(16.5,19.5,-4.5));
#2955=CARTESIAN_POINT('Origin',(1.5,19.5,-4.2));
#2956=CARTESIAN_POINT('',(1.35,19.5,-4.5));
#2957=CARTESIAN_POINT('Origin',(1.5,19.5,-4.5));
#2958=CARTESIAN_POINT('',(0.75,19.5,-3.9));
#2959=CARTESIAN_POINT('',(1.05,19.5,-4.2));
#2960=CARTESIAN_POINT('Origin',(1.5,19.5,-3.9));
#2961=CARTESIAN_POINT('Origin',(1.5,19.5,0.));
#2962=CARTESIAN_POINT('',(0.75,19.5,-1.5));
#2963=CARTESIAN_POINT('',(0.75,19.5,0.));
#2964=CARTESIAN_POINT('Origin',(1.5,19.5,-1.5));
#2965=CARTESIAN_POINT('Origin',(1.5,19.5,-4.5));
#2966=CARTESIAN_POINT('Origin',(1.5,34.5,-4.2));
#2967=CARTESIAN_POINT('',(1.35,34.5,-4.5));
#2968=CARTESIAN_POINT('Origin',(1.5,34.5,-4.5));
#2969=CARTESIAN_POINT('',(0.75,34.5,-3.9));
#2970=CARTESIAN_POINT('',(1.05,34.5,-4.2));
#2971=CARTESIAN_POINT('Origin',(1.5,34.5,-3.9));
#2972=CARTESIAN_POINT('Origin',(1.5,34.5,0.));
#2973=CARTESIAN_POINT('',(0.75,34.5,-1.5));
#2974=CARTESIAN_POINT('',(0.75,34.5,0.));
#2975=CARTESIAN_POINT('Origin',(1.5,34.5,-1.5));
#2976=CARTESIAN_POINT('Origin',(1.5,34.5,-4.5));
#2977=CARTESIAN_POINT('Origin',(16.5,34.5,-4.2));
#2978=CARTESIAN_POINT('',(16.35,34.5,-4.5));
#2979=CARTESIAN_POINT('Origin',(16.5,34.5,-4.5));
#2980=CARTESIAN_POINT('',(15.75,34.5,-3.9));
#2981=CARTESIAN_POINT('',(16.05,34.5,-4.2));
#2982=CARTESIAN_POINT('Origin',(16.5,34.5,-3.9));
#2983=CARTESIAN_POINT('Origin',(16.5,34.5,0.));
#2984=CARTESIAN_POINT('',(15.75,34.5,-1.5));
#2985=CARTESIAN_POINT('',(15.75,34.5,0.));
#2986=CARTESIAN_POINT('Origin',(16.5,34.5,-1.5));
#2987=CARTESIAN_POINT('Origin',(16.5,34.5,-4.5));
#2988=CARTESIAN_POINT('Origin',(1.5,1.5,0.));
#2989=CARTESIAN_POINT('',(0.,1.5,-1.5));
#2990=CARTESIAN_POINT('Origin',(1.5,1.5,-1.5));
#2991=CARTESIAN_POINT('',(0.,1.5,0.));
#2992=CARTESIAN_POINT('',(0.,1.5,0.));
#2993=CARTESIAN_POINT('',(1.5,0.,0.));
#2994=CARTESIAN_POINT('Origin',(1.5,1.5,0.));
#2995=CARTESIAN_POINT('Origin',(1.5,1.5,0.));
#2996=CARTESIAN_POINT('Origin',(1.5,1.5,-1.5));
#2997=CARTESIAN_POINT('Origin',(9.,18.,0.));
#2998=CARTESIAN_POINT('',(0.,0.,0.));
#2999=CARTESIAN_POINT('',(0.,0.,0.));
#3000=CARTESIAN_POINT('',(0.,36.,0.));
#3001=CARTESIAN_POINT('Origin',(9.,18.,0.));
#3002=CARTESIAN_POINT('',(0.,19.5,0.));
#3003=CARTESIAN_POINT('',(0.,36.,0.));
#3004=CARTESIAN_POINT('Origin',(1.5,19.5,0.));
#3005=CARTESIAN_POINT('',(1.11022302462516E-15,34.5,0.));
#3006=CARTESIAN_POINT('',(0.,36.,0.));
#3007=CARTESIAN_POINT('Origin',(1.5,34.5,0.));
#3008=CARTESIAN_POINT('',(15.,34.5,0.));
#3009=CARTESIAN_POINT('Origin',(16.5,34.5,0.));
#3010=CARTESIAN_POINT('',(18.,34.5,0.));
#3011=CARTESIAN_POINT('Origin',(16.5,34.5,0.));
#3012=CARTESIAN_POINT('',(18.,19.5,0.));
#3013=CARTESIAN_POINT('',(18.,-2.69630192214213E-32,0.));
#3014=CARTESIAN_POINT('',(15.,19.5,0.));
#3015=CARTESIAN_POINT('Origin',(16.5,19.5,0.));
#3016=CARTESIAN_POINT('Origin',(16.5,19.5,0.));
#3017=CARTESIAN_POINT('',(18.,1.5,0.));
#3018=CARTESIAN_POINT('',(18.,-2.69630192214213E-32,0.));
#3019=CARTESIAN_POINT('',(15.,1.5,0.));
#3020=CARTESIAN_POINT('Origin',(16.5,1.5,0.));
#3021=CARTESIAN_POINT('',(16.5,0.,0.));
#3022=CARTESIAN_POINT('Origin',(16.5,1.5,0.));
#3023=CARTESIAN_POINT('',(13.5,4.47034831374538E-8,0.));
#3024=CARTESIAN_POINT('',(0.,0.,0.));
#3025=CARTESIAN_POINT('',(13.5,3.00000004470348,0.));
#3026=CARTESIAN_POINT('',(13.5,3.00000004470348,0.));
#3027=CARTESIAN_POINT('',(4.5,3.00000004470348,0.));
#3028=CARTESIAN_POINT('',(4.5,3.00000004470348,0.));
#3029=CARTESIAN_POINT('',(4.5,4.47034831374538E-8,0.));
#3030=CARTESIAN_POINT('',(4.5,4.47034831374538E-8,0.));
#3031=CARTESIAN_POINT('',(0.,0.,0.));
#3032=CARTESIAN_POINT('Origin',(1.5,34.5,0.));
#3033=CARTESIAN_POINT('',(1.11022302462516E-15,34.5,-1.5));
#3034=CARTESIAN_POINT('Origin',(1.5,34.5,-1.5));
#3035=CARTESIAN_POINT('',(1.11022302462516E-15,34.5,0.));
#3036=CARTESIAN_POINT('Origin',(1.5,34.5,0.));
#3037=CARTESIAN_POINT('Origin',(1.5,34.5,-1.5));
#3038=CARTESIAN_POINT('Origin',(9.,18.,0.));
#3039=CARTESIAN_POINT('',(0.,36.,0.));
#3040=CARTESIAN_POINT('Origin',(1.5,19.5,0.));
#3041=CARTESIAN_POINT('',(0.,19.5,-1.5));
#3042=CARTESIAN_POINT('Origin',(1.5,19.5,-1.5));
#3043=CARTESIAN_POINT('',(0.,19.5,0.));
#3044=CARTESIAN_POINT('Origin',(1.5,19.5,-1.5));
#3045=CARTESIAN_POINT('Origin',(16.5,1.5,0.));
#3046=CARTESIAN_POINT('',(15.,1.5,-1.5));
#3047=CARTESIAN_POINT('Origin',(16.5,1.5,-1.5));
#3048=CARTESIAN_POINT('',(15.,1.5,0.));
#3049=CARTESIAN_POINT('Origin',(16.5,1.5,0.));
#3050=CARTESIAN_POINT('Origin',(16.5,1.5,-1.5));
#3051=CARTESIAN_POINT('Origin',(9.,18.,0.));
#3052=CARTESIAN_POINT('',(18.,-2.69630192214213E-32,0.));
#3053=CARTESIAN_POINT('',(18.,-2.69630192214213E-32,0.));
#3054=CARTESIAN_POINT('',(0.,0.,0.));
#3055=CARTESIAN_POINT('Origin',(16.5,34.5,0.));
#3056=CARTESIAN_POINT('',(15.,34.5,-1.5));
#3057=CARTESIAN_POINT('Origin',(16.5,34.5,-1.5));
#3058=CARTESIAN_POINT('',(15.,34.5,0.));
#3059=CARTESIAN_POINT('Origin',(16.5,34.5,0.));
#3060=CARTESIAN_POINT('Origin',(16.5,34.5,-1.5));
#3061=CARTESIAN_POINT('Origin',(9.,18.,0.));
#3062=CARTESIAN_POINT('',(18.,-2.69630192214213E-32,0.));
#3063=CARTESIAN_POINT('Origin',(16.5,19.5,0.));
#3064=CARTESIAN_POINT('',(15.,19.5,-1.5));
#3065=CARTESIAN_POINT('Origin',(16.5,19.5,-1.5));
#3066=CARTESIAN_POINT('',(15.,19.5,0.));
#3067=CARTESIAN_POINT('Origin',(16.5,19.5,-1.5));
#3068=CARTESIAN_POINT('Origin',(0.,0.,0.));
#3069=CARTESIAN_POINT('',(4.5,4.47034831374538E-8,1.));
#3070=CARTESIAN_POINT('',(4.5,4.47034831374538E-8,0.));
#3071=CARTESIAN_POINT('',(0.,0.,1.));
#3072=CARTESIAN_POINT('',(0.,0.,1.));
#3073=CARTESIAN_POINT('',(0.,0.,0.));
#3074=CARTESIAN_POINT('Origin',(0.,36.,0.));
#3075=CARTESIAN_POINT('',(0.,36.,1.));
#3076=CARTESIAN_POINT('Origin',(18.,-2.69630192214213E-32,0.));
#3077=CARTESIAN_POINT('',(18.,0.,1.));
#3078=CARTESIAN_POINT('',(18.,-2.69630192214213E-32,1.));
#3079=CARTESIAN_POINT('',(18.,-2.69630192214213E-32,0.));
#3080=CARTESIAN_POINT('Origin',(13.5,-2.0222264416066E-32,0.));
#3081=CARTESIAN_POINT('',(13.5,4.47034831374538E-8,1.));
#3082=CARTESIAN_POINT('',(0.,0.,1.));
#3083=CARTESIAN_POINT('',(13.5,4.47034831374538E-8,0.));
#3084=CARTESIAN_POINT('Origin',(13.5,3.00000004470348,0.));
#3085=CARTESIAN_POINT('',(13.5,3.00000004470348,1.));
#3086=CARTESIAN_POINT('',(13.5,3.00000004470348,1.));
#3087=CARTESIAN_POINT('',(13.5,3.00000004470348,0.));
#3088=CARTESIAN_POINT('Origin',(4.5,3.00000004470348,0.));
#3089=CARTESIAN_POINT('',(4.5,3.00000004470348,1.));
#3090=CARTESIAN_POINT('',(4.5,3.00000004470348,1.));
#3091=CARTESIAN_POINT('',(4.5,3.00000004470348,0.));
#3092=CARTESIAN_POINT('Origin',(4.5,4.47034831374538E-8,0.));
#3093=CARTESIAN_POINT('',(4.5,4.47034831374538E-8,1.));
#3094=CARTESIAN_POINT('Origin',(9.,18.,1.));
#3095=UNCERTAINTY_MEASURE_WITH_UNIT(LENGTH_MEASURE(0.01),#3099,
'DISTANCE_ACCURACY_VALUE',
'Maximum model space distance between geometric entities at asserted c
onnectivities');
#3096=UNCERTAINTY_MEASURE_WITH_UNIT(LENGTH_MEASURE(0.01),#3099,
'DISTANCE_ACCURACY_VALUE',
'Maximum model space distance between geometric entities at asserted c
onnectivities');
#3097=(
GEOMETRIC_REPRESENTATION_CONTEXT(3)
GLOBAL_UNCERTAINTY_ASSIGNED_CONTEXT((#3095))
GLOBAL_UNIT_ASSIGNED_CONTEXT((#3099,#3101,#3102))
REPRESENTATION_CONTEXT('','3D')
);
#3098=(
GEOMETRIC_REPRESENTATION_CONTEXT(3)
GLOBAL_UNCERTAINTY_ASSIGNED_CONTEXT((#3096))
GLOBAL_UNIT_ASSIGNED_CONTEXT((#3099,#3101,#3102))
REPRESENTATION_CONTEXT('','3D')
);
#3099=(
LENGTH_UNIT()
NAMED_UNIT(*)
SI_UNIT(.MILLI.,.METRE.)
);
#3100=(
LENGTH_UNIT()
NAMED_UNIT(*)
SI_UNIT($,.METRE.)
);
#3101=(
NAMED_UNIT(*)
PLANE_ANGLE_UNIT()
SI_UNIT($,.RADIAN.)
);
#3102=(
NAMED_UNIT(*)
SI_UNIT($,.STERADIAN.)
SOLID_ANGLE_UNIT()
);
#3103=SHAPE_DEFINITION_REPRESENTATION(#3104,#3105);
#3104=PRODUCT_DEFINITION_SHAPE('',$,#3107);
#3105=SHAPE_REPRESENTATION('',(#1740),#3097);
#3106=PRODUCT_DEFINITION_CONTEXT('part definition',#3111,'design');
#3107=PRODUCT_DEFINITION('Doppler','Doppler v3',#3108,#3106);
#3108=PRODUCT_DEFINITION_FORMATION('',$,#3113);
#3109=PRODUCT_RELATED_PRODUCT_CATEGORY('Doppler v3','Doppler v3',(#3113));
#3110=APPLICATION_PROTOCOL_DEFINITION('international standard',
'automotive_design',2009,#3111);
#3111=APPLICATION_CONTEXT(
'Core Data for Automotive Mechanical Design Process');
#3112=PRODUCT_CONTEXT('part definition',#3111,'mechanical');
#3113=PRODUCT('Doppler','Doppler v3',$,(#3112));
#3114=PRESENTATION_STYLE_ASSIGNMENT((#3115));
#3115=SURFACE_STYLE_USAGE(.BOTH.,#3116);
#3116=SURFACE_SIDE_STYLE('',(#3117));
#3117=SURFACE_STYLE_FILL_AREA(#3118);
#3118=FILL_AREA_STYLE('Steel - Satin',(#3119));
#3119=FILL_AREA_STYLE_COLOUR('Steel - Satin',#3120);
#3120=COLOUR_RGB('Steel - Satin',0.627450980392157,0.627450980392157,0.627450980392157);
ENDSEC;
END-ISO-10303-21;
