ISO-10303-21;
HEADER;
/* Generated by software containing ST-Developer
 * from STEP Tools, Inc. (www.steptools.com) 
 */

FILE_DESCRIPTION(
/* description */ (''),
/* implementation_level */ '2;1');

FILE_NAME(
/* name */ 'enkoder.step',
/* time_stamp */ '2024-11-18T08:29:06+01:00',
/* author */ (''),
/* organization */ (''),
/* preprocessor_version */ 'ST-DEVELOPER v20',
/* originating_system */ 'Autodesk Translation Framework v13.20.0.188',

/* authorisation */ '');

FILE_SCHEMA (('AUTOMOTIVE_DESIGN { 1 0 10303 214 3 1 1 }'));
ENDSEC;

DATA;
#10=MECHANICAL_DESIGN_GEOMETRIC_PRESENTATION_REPRESENTATION('',(#18,#19,
#20),#15832);
#11=SHAPE_REPRESENTATION_RELATIONSHIP('SRR','None',#15839,#12);
#12=ADVANCED_BREP_SHAPE_REPRESENTATION('',(#21,#22,#23),#15831);
#13=B_SPLINE_SURFACE_WITH_KNOTS('',3,3,((#13920,#13921,#13922,#13923,#13924,
#13925,#13926,#13927,#13928,#13929,#13930),(#13931,#13932,#13933,#13934,
#13935,#13936,#13937,#13938,#13939,#13940,#13941),(#13942,#13943,#13944,
#13945,#13946,#13947,#13948,#13949,#13950,#13951,#13952),(#13953,#13954,
#13955,#13956,#13957,#13958,#13959,#13960,#13961,#13962,#13963),(#13964,
#13965,#13966,#13967,#13968,#13969,#13970,#13971,#13972,#13973,#13974),
(#13975,#13976,#13977,#13978,#13979,#13980,#13981,#13982,#13983,#13984,
#13985),(#13986,#13987,#13988,#13989,#13990,#13991,#13992,#13993,#13994,
#13995,#13996)),.UNSPECIFIED.,.F.,.F.,.F.,(4,1,1,1,4),(4,1,1,1,1,1,1,1,
4),(0.,0.285714285714286,0.571428571428571,0.857142857142857,1.),(-2.07469429508601,
-1.48192449649001,-0.889154697894004,-0.296384899298001,2.22044604925031E-16,
0.296384899298002,0.889154697894004,1.48192449649001,2.07469429508601),
 .UNSPECIFIED.);
#14=B_SPLINE_SURFACE_WITH_KNOTS('',3,3,((#15316,#15317,#15318,#15319,#15320),
(#15321,#15322,#15323,#15324,#15325),(#15326,#15327,#15328,#15329,#15330),
(#15331,#15332,#15333,#15334,#15335),(#15336,#15337,#15338,#15339,#15340)),
 .UNSPECIFIED.,.F.,.F.,.F.,(4,1,4),(4,1,4),(0.,0.5,1.),(-4.85750712344851E-17,
0.673198425769241,1.5707963267949),.UNSPECIFIED.);
#15=B_SPLINE_SURFACE_WITH_KNOTS('',3,3,((#15346,#15347,#15348,#15349,#15350),
(#15351,#15352,#15353,#15354,#15355),(#15356,#15357,#15358,#15359,#15360),
(#15361,#15362,#15363,#15364,#15365),(#15366,#15367,#15368,#15369,#15370)),
 .UNSPECIFIED.,.F.,.F.,.F.,(4,1,4),(4,1,4),(0.,0.5,1.),(0.,0.673198425769241,
1.5707963267949),.UNSPECIFIED.);
#16=B_SPLINE_SURFACE_WITH_KNOTS('',3,3,((#15376,#15377,#15378,#15379,#15380),
(#15381,#15382,#15383,#15384,#15385),(#15386,#15387,#15388,#15389,#15390),
(#15391,#15392,#15393,#15394,#15395),(#15396,#15397,#15398,#15399,#15400)),
 .UNSPECIFIED.,.F.,.F.,.F.,(4,1,4),(4,1,4),(0.,0.5,1.),(0.,0.673198425769241,
1.5707963267949),.UNSPECIFIED.);
#17=B_SPLINE_SURFACE_WITH_KNOTS('',3,3,((#15406,#15407,#15408,#15409,#15410),
(#15411,#15412,#15413,#15414,#15415),(#15416,#15417,#15418,#15419,#15420),
(#15421,#15422,#15423,#15424,#15425),(#15426,#15427,#15428,#15429,#15430)),
 .UNSPECIFIED.,.F.,.F.,.F.,(4,1,4),(4,1,4),(0.,0.5,1.),(0.,0.673198425769241,
1.5707963267949),.UNSPECIFIED.);
#18=STYLED_ITEM('',(#15848),#21);
#19=STYLED_ITEM('',(#15848),#22);
#20=STYLED_ITEM('',(#15848),#23);
#21=MANIFOLD_SOLID_BREP('Body2',#8581);
#22=MANIFOLD_SOLID_BREP('Body4',#8582);
#23=MANIFOLD_SOLID_BREP('Body5',#8583);
#24=SPHERICAL_SURFACE('',#8732,0.5);
#25=SPHERICAL_SURFACE('',#8737,0.5);
#26=SPHERICAL_SURFACE('',#8742,0.499999999999998);
#27=SPHERICAL_SURFACE('',#8748,0.5);
#28=SPHERICAL_SURFACE('',#8942,0.5);
#29=SPHERICAL_SURFACE('',#8946,0.500000000000001);
#30=SPHERICAL_SURFACE('',#8950,0.5);
#31=SPHERICAL_SURFACE('',#8954,0.5);
#32=SPHERICAL_SURFACE('',#8960,0.500000000000002);
#33=SPHERICAL_SURFACE('',#8965,0.5);
#34=SPHERICAL_SURFACE('',#8969,0.500000000000001);
#35=SPHERICAL_SURFACE('',#8977,0.5);
#36=SPHERICAL_SURFACE('',#8983,0.5);
#37=SPHERICAL_SURFACE('',#8987,0.5);
#38=ELLIPSE('',#8660,4.24264068711929,3.);
#39=ELLIPSE('',#8661,4.24264068711929,3.);
#40=ELLIPSE('',#8663,4.24264068711929,3.);
#41=ELLIPSE('',#8664,4.24264068711929,3.);
#42=ELLIPSE('',#8677,4.24264068711929,3.);
#43=ELLIPSE('',#8686,4.24264068711929,3.);
#44=ELLIPSE('',#8688,4.24264068711929,3.);
#45=ELLIPSE('',#8690,4.24264068711929,3.);
#46=ELLIPSE('',#8701,4.24264068711929,3.);
#47=ELLIPSE('',#8704,4.24264068711929,3.);
#48=ELLIPSE('',#8782,4.24264068711929,3.);
#49=ELLIPSE('',#8783,4.24264068711929,3.);
#50=ELLIPSE('',#8792,4.24264068711929,3.);
#51=ELLIPSE('',#8794,4.24264068711929,3.);
#52=ELLIPSE('',#8801,3.53553390593274,2.5);
#53=ELLIPSE('',#8802,3.53553390593274,2.5);
#54=ELLIPSE('',#8812,3.53553390593274,2.5);
#55=ELLIPSE('',#8813,3.53553390593274,2.5);
#56=ELLIPSE('',#8815,3.53553390593274,2.5);
#57=ELLIPSE('',#8816,3.53553390593274,2.5);
#58=ELLIPSE('',#8830,3.53553390593274,2.5);
#59=ELLIPSE('',#8831,3.53553390593274,2.5);
#60=ELLIPSE('',#8837,3.53553390593274,2.5);
#61=ELLIPSE('',#8838,3.53553390593274,2.5);
#62=ELLIPSE('',#8840,3.53553390593274,2.5);
#63=ELLIPSE('',#8841,3.53553390593274,2.5);
#64=ELLIPSE('',#8845,3.53553390593274,2.5);
#65=ELLIPSE('',#8846,3.53553390593274,2.5);
#66=ELLIPSE('',#8848,3.53553390593274,2.5);
#67=ELLIPSE('',#8849,3.53553390593274,2.5);
#68=ELLIPSE('',#8895,4.24264068711928,3.);
#69=ELLIPSE('',#8896,4.24264068711928,3.);
#70=ELLIPSE('',#8899,4.24264068711928,3.);
#71=ELLIPSE('',#8900,4.24264068711928,3.);
#72=ELLIPSE('',#8914,4.24264068711928,3.);
#73=ELLIPSE('',#8916,4.24264068711928,3.);
#74=ELLIPSE('',#8929,4.24264068711928,3.);
#75=ELLIPSE('',#8932,4.24264068711928,3.);
#76=ELLIPSE('',#8940,4.24264068711928,3.);
#77=ELLIPSE('',#8976,0.707106781186546,0.5);
#78=ELLIPSE('',#8982,0.707106781186549,0.5);
#79=ELLIPSE('',#8999,3.20156211871643,2.);
#80=ELLIPSE('',#9000,3.20156211871643,2.);
#81=ELLIPSE('',#9001,3.53553390593274,2.5);
#82=ELLIPSE('',#9002,3.53553390593274,2.5);
#83=ELLIPSE('',#9020,4.24264068711928,3.);
#84=ELLIPSE('',#9022,4.24264068711928,3.);
#85=ELLIPSE('',#9033,4.24264068711928,3.);
#86=ELLIPSE('',#9045,3.53553390593273,2.5);
#87=ELLIPSE('',#9046,3.53553390593273,2.5);
#88=ELLIPSE('',#9048,3.53553390593273,2.5);
#89=ELLIPSE('',#9049,3.53553390593273,2.5);
#90=ELLIPSE('',#9060,3.53553390593273,2.5);
#91=ELLIPSE('',#9061,3.53553390593273,2.5);
#92=ELLIPSE('',#9063,3.53553390593273,2.5);
#93=ELLIPSE('',#9064,3.53553390593273,2.5);
#94=ELLIPSE('',#9076,3.53553390593273,2.5);
#95=ELLIPSE('',#9077,3.53553390593273,2.5);
#96=ELLIPSE('',#9079,3.53553390593273,2.5);
#97=ELLIPSE('',#9080,3.53553390593273,2.5);
#98=ELLIPSE('',#9086,3.53553390593273,2.5);
#99=ELLIPSE('',#9087,3.53553390593273,2.5);
#100=ELLIPSE('',#9089,3.53553390593273,2.5);
#101=ELLIPSE('',#9090,3.53553390593273,2.5);
#102=ELLIPSE('',#9094,3.53553390593274,2.5);
#103=ELLIPSE('',#9096,3.53553390593274,2.5);
#104=ELLIPSE('',#9098,3.53553390593274,2.5);
#105=ELLIPSE('',#9100,3.53553390593274,2.5);
#106=ELLIPSE('',#9687,0.509900505457654,0.5);
#107=ELLIPSE('',#9688,0.509900505457656,0.5);
#108=ELLIPSE('',#9690,0.509901951359276,0.5);
#109=ELLIPSE('',#9691,0.509901951359276,0.5);
#110=ELLIPSE('',#9693,0.509901951359282,0.5);
#111=ELLIPSE('',#9694,0.509901951359275,0.5);
#112=ELLIPSE('',#9696,0.509901951359276,0.5);
#113=ELLIPSE('',#9697,0.509901951359276,0.5);
#114=TOROIDAL_SURFACE('',#8642,3.5,0.5);
#115=TOROIDAL_SURFACE('',#8653,3.5,0.5);
#116=TOROIDAL_SURFACE('',#8666,3.5,0.5);
#117=TOROIDAL_SURFACE('',#8679,3.5,0.5);
#118=TOROIDAL_SURFACE('',#8691,3.5,0.5);
#119=TOROIDAL_SURFACE('',#8705,3.5,0.5);
#120=TOROIDAL_SURFACE('',#8711,3.5,0.5);
#121=TOROIDAL_SURFACE('',#8724,3.5,0.5);
#122=TOROIDAL_SURFACE('',#8760,3.5,0.5);
#123=TOROIDAL_SURFACE('',#8765,3.5,0.5);
#124=TOROIDAL_SURFACE('',#8884,3.5,0.5);
#125=TOROIDAL_SURFACE('',#8902,3.5,0.5);
#126=TOROIDAL_SURFACE('',#8918,3.5,0.5);
#127=TOROIDAL_SURFACE('',#8933,3.5,0.5);
#128=TOROIDAL_SURFACE('',#8958,2.5,0.5);
#129=TOROIDAL_SURFACE('',#9117,0.999999999999992,0.5);
#130=TOROIDAL_SURFACE('',#9122,5.5,0.5);
#131=TOROIDAL_SURFACE('',#9126,1.00000000000001,0.5);
#132=TOROIDAL_SURFACE('',#9132,0.999999999999997,0.5);
#133=TOROIDAL_SURFACE('',#9136,1.,0.5);
#134=TOROIDAL_SURFACE('',#9244,0.999999999999999,0.5);
#135=TOROIDAL_SURFACE('',#9248,5.5,0.5);
#136=TOROIDAL_SURFACE('',#9251,1.,0.5);
#137=TOROIDAL_SURFACE('',#9256,1.,0.5);
#138=TOROIDAL_SURFACE('',#9259,1.00000000000001,0.5);
#139=TOROIDAL_SURFACE('',#9272,0.999999999999999,0.5);
#140=TOROIDAL_SURFACE('',#9276,5.5,0.5);
#141=TOROIDAL_SURFACE('',#9279,1.00000000000001,0.5);
#142=TOROIDAL_SURFACE('',#9284,0.999999999999998,0.5);
#143=TOROIDAL_SURFACE('',#9287,0.999999999999999,0.5);
#144=TOROIDAL_SURFACE('',#9300,0.999999999999986,0.5);
#145=TOROIDAL_SURFACE('',#9304,5.50000000000001,0.5);
#146=TOROIDAL_SURFACE('',#9307,1.00000000000001,0.5);
#147=TOROIDAL_SURFACE('',#9312,1.,0.5);
#148=TOROIDAL_SURFACE('',#9315,0.999999999999977,0.5);
#149=TOROIDAL_SURFACE('',#9328,1.00000000000001,0.5);
#150=TOROIDAL_SURFACE('',#9332,5.49999999999999,0.5);
#151=TOROIDAL_SURFACE('',#9335,0.999999999999995,0.5);
#152=TOROIDAL_SURFACE('',#9340,1.,0.5);
#153=TOROIDAL_SURFACE('',#9343,1.,0.5);
#154=TOROIDAL_SURFACE('',#9356,1.00000000000002,0.5);
#155=TOROIDAL_SURFACE('',#9360,5.5,0.5);
#156=TOROIDAL_SURFACE('',#9363,0.999999999999996,0.5);
#157=TOROIDAL_SURFACE('',#9368,0.999999999999989,0.5);
#158=TOROIDAL_SURFACE('',#9371,0.999999999999992,0.5);
#159=TOROIDAL_SURFACE('',#9384,0.999999999999998,0.5);
#160=TOROIDAL_SURFACE('',#9390,0.999999999999984,0.5);
#161=TOROIDAL_SURFACE('',#9393,1.,0.5);
#162=TOROIDAL_SURFACE('',#9399,0.999999999999974,0.5);
#163=TOROIDAL_SURFACE('',#9402,5.50000000000001,0.5);
#164=TOROIDAL_SURFACE('',#9411,1.00000000000001,0.5);
#165=TOROIDAL_SURFACE('',#9417,1.00000000000001,0.5);
#166=TOROIDAL_SURFACE('',#9420,5.49999999999999,0.5);
#167=TOROIDAL_SURFACE('',#9423,0.999999999999998,0.5);
#168=TOROIDAL_SURFACE('',#9428,0.999999999999989,0.5);
#169=TOROIDAL_SURFACE('',#9439,1.,0.5);
#170=TOROIDAL_SURFACE('',#9445,1.00000000000002,0.5);
#171=TOROIDAL_SURFACE('',#9448,5.49999999999999,0.5);
#172=TOROIDAL_SURFACE('',#9451,0.999999999999998,0.5);
#173=TOROIDAL_SURFACE('',#9456,1.00000000000001,0.5);
#174=TOROIDAL_SURFACE('',#9467,3.5,0.5);
#175=TOROIDAL_SURFACE('',#9483,1.,0.5);
#176=TOROIDAL_SURFACE('',#9489,0.999999999999995,0.5);
#177=TOROIDAL_SURFACE('',#9492,5.50000000000001,0.5);
#178=TOROIDAL_SURFACE('',#9495,0.999999999999998,0.5);
#179=TOROIDAL_SURFACE('',#9500,0.999999999999998,0.5);
#180=TOROIDAL_SURFACE('',#9511,0.999999999999994,0.5);
#181=TOROIDAL_SURFACE('',#9517,1.00000000000001,0.5);
#182=TOROIDAL_SURFACE('',#9520,1.,0.5);
#183=TOROIDAL_SURFACE('',#9526,1.,0.5);
#184=TOROIDAL_SURFACE('',#9529,5.50000000000001,0.5);
#185=TOROIDAL_SURFACE('',#9538,0.999999999999998,0.5);
#186=TOROIDAL_SURFACE('',#9542,1.,0.5);
#187=TOROIDAL_SURFACE('',#9548,1.00000000000001,0.5);
#188=TOROIDAL_SURFACE('',#9551,5.5,0.5);
#189=TOROIDAL_SURFACE('',#9554,0.999999999999998,0.5);
#190=TOROIDAL_SURFACE('',#9565,5.5,0.5);
#191=TOROIDAL_SURFACE('',#9569,1.,0.5);
#192=TOROIDAL_SURFACE('',#9574,0.999999999999992,0.5);
#193=TOROIDAL_SURFACE('',#9577,1.,0.5);
#194=TOROIDAL_SURFACE('',#9583,0.999999999999994,0.5);
#195=TOROIDAL_SURFACE('',#9592,0.999999999999999,0.5);
#196=TOROIDAL_SURFACE('',#9598,0.999999999999987,0.5);
#197=TOROIDAL_SURFACE('',#9601,5.5,0.5);
#198=TOROIDAL_SURFACE('',#9604,1.00000000000001,0.5);
#199=TOROIDAL_SURFACE('',#9609,0.999999999999996,0.5);
#200=TOROIDAL_SURFACE('',#9620,0.999999999999993,0.5);
#201=TOROIDAL_SURFACE('',#9626,1.,0.5);
#202=TOROIDAL_SURFACE('',#9629,0.999999999999997,0.5);
#203=TOROIDAL_SURFACE('',#9635,0.999999999999999,0.5);
#204=TOROIDAL_SURFACE('',#9638,5.5,0.5);
#205=TOROIDAL_SURFACE('',#9647,1.00000000000003,0.5);
#206=TOROIDAL_SURFACE('',#9651,5.49999999999999,0.5);
#207=TOROIDAL_SURFACE('',#9654,1.00000000000001,0.5);
#208=TOROIDAL_SURFACE('',#9659,0.999999999999993,0.5);
#209=TOROIDAL_SURFACE('',#9662,1.,0.5);
#210=TOROIDAL_SURFACE('',#9675,4.5,0.5);
#211=TOROIDAL_SURFACE('',#9677,11.5000000149012,0.5);
#212=TOROIDAL_SURFACE('',#9701,0.599999999999998,0.5);
#213=TOROIDAL_SURFACE('',#9708,0.599999999999998,0.5);
#214=TOROIDAL_SURFACE('',#9712,0.600000000000002,0.5);
#215=TOROIDAL_SURFACE('',#9717,0.599999999999998,0.5);
#216=TOROIDAL_SURFACE('',#9723,0.600000000000016,0.5);
#217=TOROIDAL_SURFACE('',#9728,0.599999999999998,0.5);
#218=TOROIDAL_SURFACE('',#9734,0.599999999999998,0.5);
#219=TOROIDAL_SURFACE('',#9739,0.599999999999998,0.5);
#220=PLANE('',#8600);
#221=PLANE('',#8602);
#222=PLANE('',#8606);
#223=PLANE('',#8612);
#224=PLANE('',#8617);
#225=PLANE('',#8619);
#226=PLANE('',#8621);
#227=PLANE('',#8622);
#228=PLANE('',#8623);
#229=PLANE('',#8626);
#230=PLANE('',#8627);
#231=PLANE('',#8628);
#232=PLANE('',#8629);
#233=PLANE('',#8630);
#234=PLANE('',#8631);
#235=PLANE('',#8632);
#236=PLANE('',#8633);
#237=PLANE('',#8634);
#238=PLANE('',#8635);
#239=PLANE('',#8636);
#240=PLANE('',#8637);
#241=PLANE('',#8648);
#242=PLANE('',#8658);
#243=PLANE('',#8672);
#244=PLANE('',#8673);
#245=PLANE('',#8684);
#246=PLANE('',#8697);
#247=PLANE('',#8699);
#248=PLANE('',#8718);
#249=PLANE('',#8721);
#250=PLANE('',#8729);
#251=PLANE('',#8756);
#252=PLANE('',#8772);
#253=PLANE('',#8774);
#254=PLANE('',#8776);
#255=PLANE('',#8777);
#256=PLANE('',#8785);
#257=PLANE('',#8787);
#258=PLANE('',#8795);
#259=PLANE('',#8797);
#260=PLANE('',#8803);
#261=PLANE('',#8809);
#262=PLANE('',#8817);
#263=PLANE('',#8819);
#264=PLANE('',#8821);
#265=PLANE('',#8823);
#266=PLANE('',#8825);
#267=PLANE('',#8827);
#268=PLANE('',#8832);
#269=PLANE('',#8834);
#270=PLANE('',#8842);
#271=PLANE('',#8850);
#272=PLANE('',#8851);
#273=PLANE('',#8860);
#274=PLANE('',#8861);
#275=PLANE('',#8868);
#276=PLANE('',#8869);
#277=PLANE('',#8873);
#278=PLANE('',#8874);
#279=PLANE('',#8880);
#280=PLANE('',#8881);
#281=PLANE('',#8891);
#282=PLANE('',#8892);
#283=PLANE('',#8893);
#284=PLANE('',#8909);
#285=PLANE('',#8910);
#286=PLANE('',#8911);
#287=PLANE('',#8924);
#288=PLANE('',#8927);
#289=PLANE('',#8937);
#290=PLANE('',#9005);
#291=PLANE('',#9012);
#292=PLANE('',#9013);
#293=PLANE('',#9014);
#294=PLANE('',#9015);
#295=PLANE('',#9023);
#296=PLANE('',#9025);
#297=PLANE('',#9027);
#298=PLANE('',#9034);
#299=PLANE('',#9036);
#300=PLANE('',#9038);
#301=PLANE('',#9042);
#302=PLANE('',#9050);
#303=PLANE('',#9052);
#304=PLANE('',#9065);
#305=PLANE('',#9067);
#306=PLANE('',#9069);
#307=PLANE('',#9071);
#308=PLANE('',#9073);
#309=PLANE('',#9081);
#310=PLANE('',#9083);
#311=PLANE('',#9091);
#312=PLANE('',#9105);
#313=PLANE('',#9110);
#314=PLANE('',#9111);
#315=PLANE('',#9112);
#316=PLANE('',#9113);
#317=PLANE('',#9114);
#318=PLANE('',#9115);
#319=PLANE('',#9116);
#320=PLANE('',#9142);
#321=PLANE('',#9241);
#322=PLANE('',#9269);
#323=PLANE('',#9297);
#324=PLANE('',#9325);
#325=PLANE('',#9353);
#326=PLANE('',#9381);
#327=PLANE('',#9404);
#328=PLANE('',#9433);
#329=PLANE('',#9461);
#330=PLANE('',#9474);
#331=PLANE('',#9503);
#332=PLANE('',#9531);
#333=PLANE('',#9562);
#334=PLANE('',#9587);
#335=PLANE('',#9614);
#336=PLANE('',#9640);
#337=PLANE('',#9672);
#338=PLANE('',#9743);
#339=PLANE('',#9746);
#340=PLANE('',#9749);
#341=PLANE('',#9752);
#342=PLANE('',#9755);
#343=PLANE('',#9758);
#344=PLANE('',#9761);
#345=PLANE('',#9770);
#346=PLANE('',#9775);
#347=PLANE('',#9784);
#348=PLANE('',#9793);
#349=PLANE('',#9802);
#350=PLANE('',#9805);
#351=PLANE('',#9812);
#352=PLANE('',#9819);
#353=PLANE('',#9828);
#354=PLANE('',#9831);
#355=PLANE('',#9842);
#356=PLANE('',#9847);
#357=PLANE('',#9858);
#358=PLANE('',#9865);
#359=PLANE('',#9868);
#360=PLANE('',#9871);
#361=PLANE('',#9874);
#362=PLANE('',#9877);
#363=PLANE('',#9880);
#364=PLANE('',#9883);
#365=PLANE('',#9886);
#366=PLANE('',#9891);
#367=FACE_BOUND('',#920,.T.);
#368=FACE_BOUND('',#921,.T.);
#369=FACE_BOUND('',#923,.T.);
#370=FACE_BOUND('',#948,.T.);
#371=FACE_BOUND('',#949,.T.);
#372=FACE_BOUND('',#950,.T.);
#373=FACE_BOUND('',#990,.T.);
#374=FACE_BOUND('',#997,.T.);
#375=FACE_BOUND('',#999,.T.);
#376=FACE_BOUND('',#1040,.T.);
#377=FACE_BOUND('',#1046,.T.);
#378=FACE_BOUND('',#1049,.T.);
#379=FACE_BOUND('',#1051,.T.);
#380=FACE_BOUND('',#1055,.T.);
#381=FACE_BOUND('',#1057,.T.);
#382=FACE_BOUND('',#1150,.T.);
#383=FACE_BOUND('',#1164,.T.);
#384=FACE_BOUND('',#1260,.T.);
#385=FACE_BOUND('',#1454,.T.);
#386=FACE_BOUND('',#1455,.T.);
#387=FACE_BOUND('',#1456,.T.);
#388=FACE_BOUND('',#1457,.T.);
#389=FACE_BOUND('',#1458,.T.);
#390=FACE_BOUND('',#1459,.T.);
#391=FACE_BOUND('',#1460,.T.);
#392=FACE_BOUND('',#1461,.T.);
#393=FACE_BOUND('',#1462,.T.);
#394=FACE_BOUND('',#1463,.T.);
#395=FACE_BOUND('',#1464,.T.);
#396=FACE_BOUND('',#1465,.T.);
#397=FACE_BOUND('',#1466,.T.);
#398=FACE_BOUND('',#1467,.T.);
#399=FACE_BOUND('',#1468,.T.);
#400=FACE_BOUND('',#1469,.T.);
#401=FACE_BOUND('',#1470,.T.);
#402=FACE_OUTER_BOUND('',#919,.T.);
#403=FACE_OUTER_BOUND('',#922,.T.);
#404=FACE_OUTER_BOUND('',#924,.T.);
#405=FACE_OUTER_BOUND('',#925,.T.);
#406=FACE_OUTER_BOUND('',#926,.T.);
#407=FACE_OUTER_BOUND('',#927,.T.);
#408=FACE_OUTER_BOUND('',#928,.T.);
#409=FACE_OUTER_BOUND('',#929,.T.);
#410=FACE_OUTER_BOUND('',#930,.T.);
#411=FACE_OUTER_BOUND('',#931,.T.);
#412=FACE_OUTER_BOUND('',#932,.T.);
#413=FACE_OUTER_BOUND('',#933,.T.);
#414=FACE_OUTER_BOUND('',#934,.T.);
#415=FACE_OUTER_BOUND('',#935,.T.);
#416=FACE_OUTER_BOUND('',#936,.T.);
#417=FACE_OUTER_BOUND('',#937,.T.);
#418=FACE_OUTER_BOUND('',#938,.T.);
#419=FACE_OUTER_BOUND('',#939,.T.);
#420=FACE_OUTER_BOUND('',#940,.T.);
#421=FACE_OUTER_BOUND('',#941,.T.);
#422=FACE_OUTER_BOUND('',#942,.T.);
#423=FACE_OUTER_BOUND('',#943,.T.);
#424=FACE_OUTER_BOUND('',#944,.T.);
#425=FACE_OUTER_BOUND('',#945,.T.);
#426=FACE_OUTER_BOUND('',#946,.T.);
#427=FACE_OUTER_BOUND('',#947,.T.);
#428=FACE_OUTER_BOUND('',#951,.T.);
#429=FACE_OUTER_BOUND('',#952,.T.);
#430=FACE_OUTER_BOUND('',#953,.T.);
#431=FACE_OUTER_BOUND('',#954,.T.);
#432=FACE_OUTER_BOUND('',#955,.T.);
#433=FACE_OUTER_BOUND('',#956,.T.);
#434=FACE_OUTER_BOUND('',#957,.T.);
#435=FACE_OUTER_BOUND('',#958,.T.);
#436=FACE_OUTER_BOUND('',#959,.T.);
#437=FACE_OUTER_BOUND('',#960,.T.);
#438=FACE_OUTER_BOUND('',#961,.T.);
#439=FACE_OUTER_BOUND('',#962,.T.);
#440=FACE_OUTER_BOUND('',#963,.T.);
#441=FACE_OUTER_BOUND('',#964,.T.);
#442=FACE_OUTER_BOUND('',#965,.T.);
#443=FACE_OUTER_BOUND('',#966,.T.);
#444=FACE_OUTER_BOUND('',#967,.T.);
#445=FACE_OUTER_BOUND('',#968,.T.);
#446=FACE_OUTER_BOUND('',#969,.T.);
#447=FACE_OUTER_BOUND('',#970,.T.);
#448=FACE_OUTER_BOUND('',#971,.T.);
#449=FACE_OUTER_BOUND('',#972,.T.);
#450=FACE_OUTER_BOUND('',#973,.T.);
#451=FACE_OUTER_BOUND('',#974,.T.);
#452=FACE_OUTER_BOUND('',#975,.T.);
#453=FACE_OUTER_BOUND('',#976,.T.);
#454=FACE_OUTER_BOUND('',#977,.T.);
#455=FACE_OUTER_BOUND('',#978,.T.);
#456=FACE_OUTER_BOUND('',#979,.T.);
#457=FACE_OUTER_BOUND('',#980,.T.);
#458=FACE_OUTER_BOUND('',#981,.T.);
#459=FACE_OUTER_BOUND('',#982,.T.);
#460=FACE_OUTER_BOUND('',#983,.T.);
#461=FACE_OUTER_BOUND('',#984,.T.);
#462=FACE_OUTER_BOUND('',#985,.T.);
#463=FACE_OUTER_BOUND('',#986,.T.);
#464=FACE_OUTER_BOUND('',#987,.T.);
#465=FACE_OUTER_BOUND('',#988,.T.);
#466=FACE_OUTER_BOUND('',#989,.T.);
#467=FACE_OUTER_BOUND('',#991,.T.);
#468=FACE_OUTER_BOUND('',#992,.T.);
#469=FACE_OUTER_BOUND('',#993,.T.);
#470=FACE_OUTER_BOUND('',#994,.T.);
#471=FACE_OUTER_BOUND('',#995,.T.);
#472=FACE_OUTER_BOUND('',#996,.T.);
#473=FACE_OUTER_BOUND('',#998,.T.);
#474=FACE_OUTER_BOUND('',#1000,.T.);
#475=FACE_OUTER_BOUND('',#1001,.T.);
#476=FACE_OUTER_BOUND('',#1002,.T.);
#477=FACE_OUTER_BOUND('',#1003,.T.);
#478=FACE_OUTER_BOUND('',#1004,.T.);
#479=FACE_OUTER_BOUND('',#1005,.T.);
#480=FACE_OUTER_BOUND('',#1006,.T.);
#481=FACE_OUTER_BOUND('',#1007,.T.);
#482=FACE_OUTER_BOUND('',#1008,.T.);
#483=FACE_OUTER_BOUND('',#1009,.T.);
#484=FACE_OUTER_BOUND('',#1010,.T.);
#485=FACE_OUTER_BOUND('',#1011,.T.);
#486=FACE_OUTER_BOUND('',#1012,.T.);
#487=FACE_OUTER_BOUND('',#1013,.T.);
#488=FACE_OUTER_BOUND('',#1014,.T.);
#489=FACE_OUTER_BOUND('',#1015,.T.);
#490=FACE_OUTER_BOUND('',#1016,.T.);
#491=FACE_OUTER_BOUND('',#1017,.T.);
#492=FACE_OUTER_BOUND('',#1018,.T.);
#493=FACE_OUTER_BOUND('',#1019,.T.);
#494=FACE_OUTER_BOUND('',#1020,.T.);
#495=FACE_OUTER_BOUND('',#1021,.T.);
#496=FACE_OUTER_BOUND('',#1022,.T.);
#497=FACE_OUTER_BOUND('',#1023,.T.);
#498=FACE_OUTER_BOUND('',#1024,.T.);
#499=FACE_OUTER_BOUND('',#1025,.T.);
#500=FACE_OUTER_BOUND('',#1026,.T.);
#501=FACE_OUTER_BOUND('',#1027,.T.);
#502=FACE_OUTER_BOUND('',#1028,.T.);
#503=FACE_OUTER_BOUND('',#1029,.T.);
#504=FACE_OUTER_BOUND('',#1030,.T.);
#505=FACE_OUTER_BOUND('',#1031,.T.);
#506=FACE_OUTER_BOUND('',#1032,.T.);
#507=FACE_OUTER_BOUND('',#1033,.T.);
#508=FACE_OUTER_BOUND('',#1034,.T.);
#509=FACE_OUTER_BOUND('',#1035,.T.);
#510=FACE_OUTER_BOUND('',#1036,.T.);
#511=FACE_OUTER_BOUND('',#1037,.T.);
#512=FACE_OUTER_BOUND('',#1038,.T.);
#513=FACE_OUTER_BOUND('',#1039,.T.);
#514=FACE_OUTER_BOUND('',#1041,.T.);
#515=FACE_OUTER_BOUND('',#1042,.T.);
#516=FACE_OUTER_BOUND('',#1043,.T.);
#517=FACE_OUTER_BOUND('',#1044,.T.);
#518=FACE_OUTER_BOUND('',#1045,.T.);
#519=FACE_OUTER_BOUND('',#1047,.T.);
#520=FACE_OUTER_BOUND('',#1048,.T.);
#521=FACE_OUTER_BOUND('',#1050,.T.);
#522=FACE_OUTER_BOUND('',#1052,.T.);
#523=FACE_OUTER_BOUND('',#1053,.T.);
#524=FACE_OUTER_BOUND('',#1054,.T.);
#525=FACE_OUTER_BOUND('',#1056,.T.);
#526=FACE_OUTER_BOUND('',#1058,.T.);
#527=FACE_OUTER_BOUND('',#1059,.T.);
#528=FACE_OUTER_BOUND('',#1060,.T.);
#529=FACE_OUTER_BOUND('',#1061,.T.);
#530=FACE_OUTER_BOUND('',#1062,.T.);
#531=FACE_OUTER_BOUND('',#1063,.T.);
#532=FACE_OUTER_BOUND('',#1064,.T.);
#533=FACE_OUTER_BOUND('',#1065,.T.);
#534=FACE_OUTER_BOUND('',#1066,.T.);
#535=FACE_OUTER_BOUND('',#1067,.T.);
#536=FACE_OUTER_BOUND('',#1068,.T.);
#537=FACE_OUTER_BOUND('',#1069,.T.);
#538=FACE_OUTER_BOUND('',#1070,.T.);
#539=FACE_OUTER_BOUND('',#1071,.T.);
#540=FACE_OUTER_BOUND('',#1072,.T.);
#541=FACE_OUTER_BOUND('',#1073,.T.);
#542=FACE_OUTER_BOUND('',#1074,.T.);
#543=FACE_OUTER_BOUND('',#1075,.T.);
#544=FACE_OUTER_BOUND('',#1076,.T.);
#545=FACE_OUTER_BOUND('',#1077,.T.);
#546=FACE_OUTER_BOUND('',#1078,.T.);
#547=FACE_OUTER_BOUND('',#1079,.T.);
#548=FACE_OUTER_BOUND('',#1080,.T.);
#549=FACE_OUTER_BOUND('',#1081,.T.);
#550=FACE_OUTER_BOUND('',#1082,.T.);
#551=FACE_OUTER_BOUND('',#1083,.T.);
#552=FACE_OUTER_BOUND('',#1084,.T.);
#553=FACE_OUTER_BOUND('',#1085,.T.);
#554=FACE_OUTER_BOUND('',#1086,.T.);
#555=FACE_OUTER_BOUND('',#1087,.T.);
#556=FACE_OUTER_BOUND('',#1088,.T.);
#557=FACE_OUTER_BOUND('',#1089,.T.);
#558=FACE_OUTER_BOUND('',#1090,.T.);
#559=FACE_OUTER_BOUND('',#1091,.T.);
#560=FACE_OUTER_BOUND('',#1092,.T.);
#561=FACE_OUTER_BOUND('',#1093,.T.);
#562=FACE_OUTER_BOUND('',#1094,.T.);
#563=FACE_OUTER_BOUND('',#1095,.T.);
#564=FACE_OUTER_BOUND('',#1096,.T.);
#565=FACE_OUTER_BOUND('',#1097,.T.);
#566=FACE_OUTER_BOUND('',#1098,.T.);
#567=FACE_OUTER_BOUND('',#1099,.T.);
#568=FACE_OUTER_BOUND('',#1100,.T.);
#569=FACE_OUTER_BOUND('',#1101,.T.);
#570=FACE_OUTER_BOUND('',#1102,.T.);
#571=FACE_OUTER_BOUND('',#1103,.T.);
#572=FACE_OUTER_BOUND('',#1104,.T.);
#573=FACE_OUTER_BOUND('',#1105,.T.);
#574=FACE_OUTER_BOUND('',#1106,.T.);
#575=FACE_OUTER_BOUND('',#1107,.T.);
#576=FACE_OUTER_BOUND('',#1108,.T.);
#577=FACE_OUTER_BOUND('',#1109,.T.);
#578=FACE_OUTER_BOUND('',#1110,.T.);
#579=FACE_OUTER_BOUND('',#1111,.T.);
#580=FACE_OUTER_BOUND('',#1112,.T.);
#581=FACE_OUTER_BOUND('',#1113,.T.);
#582=FACE_OUTER_BOUND('',#1114,.T.);
#583=FACE_OUTER_BOUND('',#1115,.T.);
#584=FACE_OUTER_BOUND('',#1116,.T.);
#585=FACE_OUTER_BOUND('',#1117,.T.);
#586=FACE_OUTER_BOUND('',#1118,.T.);
#587=FACE_OUTER_BOUND('',#1119,.T.);
#588=FACE_OUTER_BOUND('',#1120,.T.);
#589=FACE_OUTER_BOUND('',#1121,.T.);
#590=FACE_OUTER_BOUND('',#1122,.T.);
#591=FACE_OUTER_BOUND('',#1123,.T.);
#592=FACE_OUTER_BOUND('',#1124,.T.);
#593=FACE_OUTER_BOUND('',#1125,.T.);
#594=FACE_OUTER_BOUND('',#1126,.T.);
#595=FACE_OUTER_BOUND('',#1127,.T.);
#596=FACE_OUTER_BOUND('',#1128,.T.);
#597=FACE_OUTER_BOUND('',#1129,.T.);
#598=FACE_OUTER_BOUND('',#1130,.T.);
#599=FACE_OUTER_BOUND('',#1131,.T.);
#600=FACE_OUTER_BOUND('',#1132,.T.);
#601=FACE_OUTER_BOUND('',#1133,.T.);
#602=FACE_OUTER_BOUND('',#1134,.T.);
#603=FACE_OUTER_BOUND('',#1135,.T.);
#604=FACE_OUTER_BOUND('',#1136,.T.);
#605=FACE_OUTER_BOUND('',#1137,.T.);
#606=FACE_OUTER_BOUND('',#1138,.T.);
#607=FACE_OUTER_BOUND('',#1139,.T.);
#608=FACE_OUTER_BOUND('',#1140,.T.);
#609=FACE_OUTER_BOUND('',#1141,.T.);
#610=FACE_OUTER_BOUND('',#1142,.T.);
#611=FACE_OUTER_BOUND('',#1143,.T.);
#612=FACE_OUTER_BOUND('',#1144,.T.);
#613=FACE_OUTER_BOUND('',#1145,.T.);
#614=FACE_OUTER_BOUND('',#1146,.T.);
#615=FACE_OUTER_BOUND('',#1147,.T.);
#616=FACE_OUTER_BOUND('',#1148,.T.);
#617=FACE_OUTER_BOUND('',#1149,.T.);
#618=FACE_OUTER_BOUND('',#1151,.T.);
#619=FACE_OUTER_BOUND('',#1152,.T.);
#620=FACE_OUTER_BOUND('',#1153,.T.);
#621=FACE_OUTER_BOUND('',#1154,.T.);
#622=FACE_OUTER_BOUND('',#1155,.T.);
#623=FACE_OUTER_BOUND('',#1156,.T.);
#624=FACE_OUTER_BOUND('',#1157,.T.);
#625=FACE_OUTER_BOUND('',#1158,.T.);
#626=FACE_OUTER_BOUND('',#1159,.T.);
#627=FACE_OUTER_BOUND('',#1160,.T.);
#628=FACE_OUTER_BOUND('',#1161,.T.);
#629=FACE_OUTER_BOUND('',#1162,.T.);
#630=FACE_OUTER_BOUND('',#1163,.T.);
#631=FACE_OUTER_BOUND('',#1165,.T.);
#632=FACE_OUTER_BOUND('',#1166,.T.);
#633=FACE_OUTER_BOUND('',#1167,.T.);
#634=FACE_OUTER_BOUND('',#1168,.T.);
#635=FACE_OUTER_BOUND('',#1169,.T.);
#636=FACE_OUTER_BOUND('',#1170,.T.);
#637=FACE_OUTER_BOUND('',#1171,.T.);
#638=FACE_OUTER_BOUND('',#1172,.T.);
#639=FACE_OUTER_BOUND('',#1173,.T.);
#640=FACE_OUTER_BOUND('',#1174,.T.);
#641=FACE_OUTER_BOUND('',#1175,.T.);
#642=FACE_OUTER_BOUND('',#1176,.T.);
#643=FACE_OUTER_BOUND('',#1177,.T.);
#644=FACE_OUTER_BOUND('',#1178,.T.);
#645=FACE_OUTER_BOUND('',#1179,.T.);
#646=FACE_OUTER_BOUND('',#1180,.T.);
#647=FACE_OUTER_BOUND('',#1181,.T.);
#648=FACE_OUTER_BOUND('',#1182,.T.);
#649=FACE_OUTER_BOUND('',#1183,.T.);
#650=FACE_OUTER_BOUND('',#1184,.T.);
#651=FACE_OUTER_BOUND('',#1185,.T.);
#652=FACE_OUTER_BOUND('',#1186,.T.);
#653=FACE_OUTER_BOUND('',#1187,.T.);
#654=FACE_OUTER_BOUND('',#1188,.T.);
#655=FACE_OUTER_BOUND('',#1189,.T.);
#656=FACE_OUTER_BOUND('',#1190,.T.);
#657=FACE_OUTER_BOUND('',#1191,.T.);
#658=FACE_OUTER_BOUND('',#1192,.T.);
#659=FACE_OUTER_BOUND('',#1193,.T.);
#660=FACE_OUTER_BOUND('',#1194,.T.);
#661=FACE_OUTER_BOUND('',#1195,.T.);
#662=FACE_OUTER_BOUND('',#1196,.T.);
#663=FACE_OUTER_BOUND('',#1197,.T.);
#664=FACE_OUTER_BOUND('',#1198,.T.);
#665=FACE_OUTER_BOUND('',#1199,.T.);
#666=FACE_OUTER_BOUND('',#1200,.T.);
#667=FACE_OUTER_BOUND('',#1201,.T.);
#668=FACE_OUTER_BOUND('',#1202,.T.);
#669=FACE_OUTER_BOUND('',#1203,.T.);
#670=FACE_OUTER_BOUND('',#1204,.T.);
#671=FACE_OUTER_BOUND('',#1205,.T.);
#672=FACE_OUTER_BOUND('',#1206,.T.);
#673=FACE_OUTER_BOUND('',#1207,.T.);
#674=FACE_OUTER_BOUND('',#1208,.T.);
#675=FACE_OUTER_BOUND('',#1209,.T.);
#676=FACE_OUTER_BOUND('',#1210,.T.);
#677=FACE_OUTER_BOUND('',#1211,.T.);
#678=FACE_OUTER_BOUND('',#1212,.T.);
#679=FACE_OUTER_BOUND('',#1213,.T.);
#680=FACE_OUTER_BOUND('',#1214,.T.);
#681=FACE_OUTER_BOUND('',#1215,.T.);
#682=FACE_OUTER_BOUND('',#1216,.T.);
#683=FACE_OUTER_BOUND('',#1217,.T.);
#684=FACE_OUTER_BOUND('',#1218,.T.);
#685=FACE_OUTER_BOUND('',#1219,.T.);
#686=FACE_OUTER_BOUND('',#1220,.T.);
#687=FACE_OUTER_BOUND('',#1221,.T.);
#688=FACE_OUTER_BOUND('',#1222,.T.);
#689=FACE_OUTER_BOUND('',#1223,.T.);
#690=FACE_OUTER_BOUND('',#1224,.T.);
#691=FACE_OUTER_BOUND('',#1225,.T.);
#692=FACE_OUTER_BOUND('',#1226,.T.);
#693=FACE_OUTER_BOUND('',#1227,.T.);
#694=FACE_OUTER_BOUND('',#1228,.T.);
#695=FACE_OUTER_BOUND('',#1229,.T.);
#696=FACE_OUTER_BOUND('',#1230,.T.);
#697=FACE_OUTER_BOUND('',#1231,.T.);
#698=FACE_OUTER_BOUND('',#1232,.T.);
#699=FACE_OUTER_BOUND('',#1233,.T.);
#700=FACE_OUTER_BOUND('',#1234,.T.);
#701=FACE_OUTER_BOUND('',#1235,.T.);
#702=FACE_OUTER_BOUND('',#1236,.T.);
#703=FACE_OUTER_BOUND('',#1237,.T.);
#704=FACE_OUTER_BOUND('',#1238,.T.);
#705=FACE_OUTER_BOUND('',#1239,.T.);
#706=FACE_OUTER_BOUND('',#1240,.T.);
#707=FACE_OUTER_BOUND('',#1241,.T.);
#708=FACE_OUTER_BOUND('',#1242,.T.);
#709=FACE_OUTER_BOUND('',#1243,.T.);
#710=FACE_OUTER_BOUND('',#1244,.T.);
#711=FACE_OUTER_BOUND('',#1245,.T.);
#712=FACE_OUTER_BOUND('',#1246,.T.);
#713=FACE_OUTER_BOUND('',#1247,.T.);
#714=FACE_OUTER_BOUND('',#1248,.T.);
#715=FACE_OUTER_BOUND('',#1249,.T.);
#716=FACE_OUTER_BOUND('',#1250,.T.);
#717=FACE_OUTER_BOUND('',#1251,.T.);
#718=FACE_OUTER_BOUND('',#1252,.T.);
#719=FACE_OUTER_BOUND('',#1253,.T.);
#720=FACE_OUTER_BOUND('',#1254,.T.);
#721=FACE_OUTER_BOUND('',#1255,.T.);
#722=FACE_OUTER_BOUND('',#1256,.T.);
#723=FACE_OUTER_BOUND('',#1257,.T.);
#724=FACE_OUTER_BOUND('',#1258,.T.);
#725=FACE_OUTER_BOUND('',#1259,.T.);
#726=FACE_OUTER_BOUND('',#1261,.T.);
#727=FACE_OUTER_BOUND('',#1262,.T.);
#728=FACE_OUTER_BOUND('',#1263,.T.);
#729=FACE_OUTER_BOUND('',#1264,.T.);
#730=FACE_OUTER_BOUND('',#1265,.T.);
#731=FACE_OUTER_BOUND('',#1266,.T.);
#732=FACE_OUTER_BOUND('',#1267,.T.);
#733=FACE_OUTER_BOUND('',#1268,.T.);
#734=FACE_OUTER_BOUND('',#1269,.T.);
#735=FACE_OUTER_BOUND('',#1270,.T.);
#736=FACE_OUTER_BOUND('',#1271,.T.);
#737=FACE_OUTER_BOUND('',#1272,.T.);
#738=FACE_OUTER_BOUND('',#1273,.T.);
#739=FACE_OUTER_BOUND('',#1274,.T.);
#740=FACE_OUTER_BOUND('',#1275,.T.);
#741=FACE_OUTER_BOUND('',#1276,.T.);
#742=FACE_OUTER_BOUND('',#1277,.T.);
#743=FACE_OUTER_BOUND('',#1278,.T.);
#744=FACE_OUTER_BOUND('',#1279,.T.);
#745=FACE_OUTER_BOUND('',#1280,.T.);
#746=FACE_OUTER_BOUND('',#1281,.T.);
#747=FACE_OUTER_BOUND('',#1282,.T.);
#748=FACE_OUTER_BOUND('',#1283,.T.);
#749=FACE_OUTER_BOUND('',#1284,.T.);
#750=FACE_OUTER_BOUND('',#1285,.T.);
#751=FACE_OUTER_BOUND('',#1286,.T.);
#752=FACE_OUTER_BOUND('',#1287,.T.);
#753=FACE_OUTER_BOUND('',#1288,.T.);
#754=FACE_OUTER_BOUND('',#1289,.T.);
#755=FACE_OUTER_BOUND('',#1290,.T.);
#756=FACE_OUTER_BOUND('',#1291,.T.);
#757=FACE_OUTER_BOUND('',#1292,.T.);
#758=FACE_OUTER_BOUND('',#1293,.T.);
#759=FACE_OUTER_BOUND('',#1294,.T.);
#760=FACE_OUTER_BOUND('',#1295,.T.);
#761=FACE_OUTER_BOUND('',#1296,.T.);
#762=FACE_OUTER_BOUND('',#1297,.T.);
#763=FACE_OUTER_BOUND('',#1298,.T.);
#764=FACE_OUTER_BOUND('',#1299,.T.);
#765=FACE_OUTER_BOUND('',#1300,.T.);
#766=FACE_OUTER_BOUND('',#1301,.T.);
#767=FACE_OUTER_BOUND('',#1302,.T.);
#768=FACE_OUTER_BOUND('',#1303,.T.);
#769=FACE_OUTER_BOUND('',#1304,.T.);
#770=FACE_OUTER_BOUND('',#1305,.T.);
#771=FACE_OUTER_BOUND('',#1306,.T.);
#772=FACE_OUTER_BOUND('',#1307,.T.);
#773=FACE_OUTER_BOUND('',#1308,.T.);
#774=FACE_OUTER_BOUND('',#1309,.T.);
#775=FACE_OUTER_BOUND('',#1310,.T.);
#776=FACE_OUTER_BOUND('',#1311,.T.);
#777=FACE_OUTER_BOUND('',#1312,.T.);
#778=FACE_OUTER_BOUND('',#1313,.T.);
#779=FACE_OUTER_BOUND('',#1314,.T.);
#780=FACE_OUTER_BOUND('',#1315,.T.);
#781=FACE_OUTER_BOUND('',#1316,.T.);
#782=FACE_OUTER_BOUND('',#1317,.T.);
#783=FACE_OUTER_BOUND('',#1318,.T.);
#784=FACE_OUTER_BOUND('',#1319,.T.);
#785=FACE_OUTER_BOUND('',#1320,.T.);
#786=FACE_OUTER_BOUND('',#1321,.T.);
#787=FACE_OUTER_BOUND('',#1322,.T.);
#788=FACE_OUTER_BOUND('',#1323,.T.);
#789=FACE_OUTER_BOUND('',#1324,.T.);
#790=FACE_OUTER_BOUND('',#1325,.T.);
#791=FACE_OUTER_BOUND('',#1326,.T.);
#792=FACE_OUTER_BOUND('',#1327,.T.);
#793=FACE_OUTER_BOUND('',#1328,.T.);
#794=FACE_OUTER_BOUND('',#1329,.T.);
#795=FACE_OUTER_BOUND('',#1330,.T.);
#796=FACE_OUTER_BOUND('',#1331,.T.);
#797=FACE_OUTER_BOUND('',#1332,.T.);
#798=FACE_OUTER_BOUND('',#1333,.T.);
#799=FACE_OUTER_BOUND('',#1334,.T.);
#800=FACE_OUTER_BOUND('',#1335,.T.);
#801=FACE_OUTER_BOUND('',#1336,.T.);
#802=FACE_OUTER_BOUND('',#1337,.T.);
#803=FACE_OUTER_BOUND('',#1338,.T.);
#804=FACE_OUTER_BOUND('',#1339,.T.);
#805=FACE_OUTER_BOUND('',#1340,.T.);
#806=FACE_OUTER_BOUND('',#1341,.T.);
#807=FACE_OUTER_BOUND('',#1342,.T.);
#808=FACE_OUTER_BOUND('',#1343,.T.);
#809=FACE_OUTER_BOUND('',#1344,.T.);
#810=FACE_OUTER_BOUND('',#1345,.T.);
#811=FACE_OUTER_BOUND('',#1346,.T.);
#812=FACE_OUTER_BOUND('',#1347,.T.);
#813=FACE_OUTER_BOUND('',#1348,.T.);
#814=FACE_OUTER_BOUND('',#1349,.T.);
#815=FACE_OUTER_BOUND('',#1350,.T.);
#816=FACE_OUTER_BOUND('',#1351,.T.);
#817=FACE_OUTER_BOUND('',#1352,.T.);
#818=FACE_OUTER_BOUND('',#1353,.T.);
#819=FACE_OUTER_BOUND('',#1354,.T.);
#820=FACE_OUTER_BOUND('',#1355,.T.);
#821=FACE_OUTER_BOUND('',#1356,.T.);
#822=FACE_OUTER_BOUND('',#1357,.T.);
#823=FACE_OUTER_BOUND('',#1358,.T.);
#824=FACE_OUTER_BOUND('',#1359,.T.);
#825=FACE_OUTER_BOUND('',#1360,.T.);
#826=FACE_OUTER_BOUND('',#1361,.T.);
#827=FACE_OUTER_BOUND('',#1362,.T.);
#828=FACE_OUTER_BOUND('',#1363,.T.);
#829=FACE_OUTER_BOUND('',#1364,.T.);
#830=FACE_OUTER_BOUND('',#1365,.T.);
#831=FACE_OUTER_BOUND('',#1366,.T.);
#832=FACE_OUTER_BOUND('',#1367,.T.);
#833=FACE_OUTER_BOUND('',#1368,.T.);
#834=FACE_OUTER_BOUND('',#1369,.T.);
#835=FACE_OUTER_BOUND('',#1370,.T.);
#836=FACE_OUTER_BOUND('',#1371,.T.);
#837=FACE_OUTER_BOUND('',#1372,.T.);
#838=FACE_OUTER_BOUND('',#1373,.T.);
#839=FACE_OUTER_BOUND('',#1374,.T.);
#840=FACE_OUTER_BOUND('',#1375,.T.);
#841=FACE_OUTER_BOUND('',#1376,.T.);
#842=FACE_OUTER_BOUND('',#1377,.T.);
#843=FACE_OUTER_BOUND('',#1378,.T.);
#844=FACE_OUTER_BOUND('',#1379,.T.);
#845=FACE_OUTER_BOUND('',#1380,.T.);
#846=FACE_OUTER_BOUND('',#1381,.T.);
#847=FACE_OUTER_BOUND('',#1382,.T.);
#848=FACE_OUTER_BOUND('',#1383,.T.);
#849=FACE_OUTER_BOUND('',#1384,.T.);
#850=FACE_OUTER_BOUND('',#1385,.T.);
#851=FACE_OUTER_BOUND('',#1386,.T.);
#852=FACE_OUTER_BOUND('',#1387,.T.);
#853=FACE_OUTER_BOUND('',#1388,.T.);
#854=FACE_OUTER_BOUND('',#1389,.T.);
#855=FACE_OUTER_BOUND('',#1390,.T.);
#856=FACE_OUTER_BOUND('',#1391,.T.);
#857=FACE_OUTER_BOUND('',#1392,.T.);
#858=FACE_OUTER_BOUND('',#1393,.T.);
#859=FACE_OUTER_BOUND('',#1394,.T.);
#860=FACE_OUTER_BOUND('',#1395,.T.);
#861=FACE_OUTER_BOUND('',#1396,.T.);
#862=FACE_OUTER_BOUND('',#1397,.T.);
#863=FACE_OUTER_BOUND('',#1398,.T.);
#864=FACE_OUTER_BOUND('',#1399,.T.);
#865=FACE_OUTER_BOUND('',#1400,.T.);
#866=FACE_OUTER_BOUND('',#1401,.T.);
#867=FACE_OUTER_BOUND('',#1402,.T.);
#868=FACE_OUTER_BOUND('',#1403,.T.);
#869=FACE_OUTER_BOUND('',#1404,.T.);
#870=FACE_OUTER_BOUND('',#1405,.T.);
#871=FACE_OUTER_BOUND('',#1406,.T.);
#872=FACE_OUTER_BOUND('',#1407,.T.);
#873=FACE_OUTER_BOUND('',#1408,.T.);
#874=FACE_OUTER_BOUND('',#1409,.T.);
#875=FACE_OUTER_BOUND('',#1410,.T.);
#876=FACE_OUTER_BOUND('',#1411,.T.);
#877=FACE_OUTER_BOUND('',#1412,.T.);
#878=FACE_OUTER_BOUND('',#1413,.T.);
#879=FACE_OUTER_BOUND('',#1414,.T.);
#880=FACE_OUTER_BOUND('',#1415,.T.);
#881=FACE_OUTER_BOUND('',#1416,.T.);
#882=FACE_OUTER_BOUND('',#1417,.T.);
#883=FACE_OUTER_BOUND('',#1418,.T.);
#884=FACE_OUTER_BOUND('',#1419,.T.);
#885=FACE_OUTER_BOUND('',#1420,.T.);
#886=FACE_OUTER_BOUND('',#1421,.T.);
#887=FACE_OUTER_BOUND('',#1422,.T.);
#888=FACE_OUTER_BOUND('',#1423,.T.);
#889=FACE_OUTER_BOUND('',#1424,.T.);
#890=FACE_OUTER_BOUND('',#1425,.T.);
#891=FACE_OUTER_BOUND('',#1426,.T.);
#892=FACE_OUTER_BOUND('',#1427,.T.);
#893=FACE_OUTER_BOUND('',#1428,.T.);
#894=FACE_OUTER_BOUND('',#1429,.T.);
#895=FACE_OUTER_BOUND('',#1430,.T.);
#896=FACE_OUTER_BOUND('',#1431,.T.);
#897=FACE_OUTER_BOUND('',#1432,.T.);
#898=FACE_OUTER_BOUND('',#1433,.T.);
#899=FACE_OUTER_BOUND('',#1434,.T.);
#900=FACE_OUTER_BOUND('',#1435,.T.);
#901=FACE_OUTER_BOUND('',#1436,.T.);
#902=FACE_OUTER_BOUND('',#1437,.T.);
#903=FACE_OUTER_BOUND('',#1438,.T.);
#904=FACE_OUTER_BOUND('',#1439,.T.);
#905=FACE_OUTER_BOUND('',#1440,.T.);
#906=FACE_OUTER_BOUND('',#1441,.T.);
#907=FACE_OUTER_BOUND('',#1442,.T.);
#908=FACE_OUTER_BOUND('',#1443,.T.);
#909=FACE_OUTER_BOUND('',#1444,.T.);
#910=FACE_OUTER_BOUND('',#1445,.T.);
#911=FACE_OUTER_BOUND('',#1446,.T.);
#912=FACE_OUTER_BOUND('',#1447,.T.);
#913=FACE_OUTER_BOUND('',#1448,.T.);
#914=FACE_OUTER_BOUND('',#1449,.T.);
#915=FACE_OUTER_BOUND('',#1450,.T.);
#916=FACE_OUTER_BOUND('',#1451,.T.);
#917=FACE_OUTER_BOUND('',#1452,.T.);
#918=FACE_OUTER_BOUND('',#1453,.T.);
#919=EDGE_LOOP('',(#5227,#5228,#5229,#5230,#5231,#5232,#5233,#5234,#5235,
#5236,#5237,#5238,#5239,#5240,#5241));
#920=EDGE_LOOP('',(#5242,#5243,#5244,#5245,#5246,#5247));
#921=EDGE_LOOP('',(#5248,#5249,#5250,#5251,#5252,#5253,#5254,#5255,#5256,
#5257));
#922=EDGE_LOOP('',(#5258));
#923=EDGE_LOOP('',(#5259));
#924=EDGE_LOOP('',(#5260,#5261,#5262,#5263,#5264));
#925=EDGE_LOOP('',(#5265,#5266));
#926=EDGE_LOOP('',(#5267,#5268,#5269,#5270));
#927=EDGE_LOOP('',(#5271,#5272,#5273,#5274,#5275,#5276));
#928=EDGE_LOOP('',(#5277,#5278,#5279,#5280));
#929=EDGE_LOOP('',(#5281,#5282,#5283,#5284,#5285,#5286));
#930=EDGE_LOOP('',(#5287));
#931=EDGE_LOOP('',(#5288));
#932=EDGE_LOOP('',(#5289,#5290,#5291,#5292));
#933=EDGE_LOOP('',(#5293,#5294,#5295,#5296));
#934=EDGE_LOOP('',(#5297,#5298,#5299,#5300));
#935=EDGE_LOOP('',(#5301,#5302,#5303,#5304));
#936=EDGE_LOOP('',(#5305,#5306,#5307,#5308));
#937=EDGE_LOOP('',(#5309,#5310,#5311,#5312));
#938=EDGE_LOOP('',(#5313,#5314,#5315,#5316));
#939=EDGE_LOOP('',(#5317,#5318,#5319,#5320));
#940=EDGE_LOOP('',(#5321,#5322,#5323,#5324));
#941=EDGE_LOOP('',(#5325,#5326,#5327,#5328));
#942=EDGE_LOOP('',(#5329,#5330,#5331,#5332));
#943=EDGE_LOOP('',(#5333,#5334,#5335,#5336));
#944=EDGE_LOOP('',(#5337,#5338,#5339,#5340));
#945=EDGE_LOOP('',(#5341,#5342,#5343,#5344));
#946=EDGE_LOOP('',(#5345,#5346,#5347,#5348));
#947=EDGE_LOOP('',(#5349,#5350,#5351,#5352,#5353,#5354,#5355,#5356,#5357,
#5358,#5359,#5360));
#948=EDGE_LOOP('',(#5361,#5362,#5363,#5364));
#949=EDGE_LOOP('',(#5365,#5366,#5367,#5368));
#950=EDGE_LOOP('',(#5369));
#951=EDGE_LOOP('',(#5370,#5371,#5372,#5373,#5374,#5375));
#952=EDGE_LOOP('',(#5376,#5377,#5378,#5379,#5380,#5381,#5382,#5383,#5384));
#953=EDGE_LOOP('',(#5385,#5386,#5387,#5388,#5389));
#954=EDGE_LOOP('',(#5390,#5391,#5392,#5393,#5394,#5395,#5396));
#955=EDGE_LOOP('',(#5397,#5398,#5399));
#956=EDGE_LOOP('',(#5400,#5401,#5402,#5403,#5404,#5405,#5406,#5407,#5408,
#5409));
#957=EDGE_LOOP('',(#5410,#5411,#5412,#5413,#5414,#5415));
#958=EDGE_LOOP('',(#5416,#5417,#5418));
#959=EDGE_LOOP('',(#5419,#5420,#5421,#5422,#5423,#5424));
#960=EDGE_LOOP('',(#5425,#5426,#5427,#5428,#5429,#5430,#5431,#5432,#5433));
#961=EDGE_LOOP('',(#5434,#5435,#5436,#5437,#5438,#5439));
#962=EDGE_LOOP('',(#5440,#5441,#5442));
#963=EDGE_LOOP('',(#5443,#5444,#5445,#5446,#5447,#5448,#5449,#5450,#5451));
#964=EDGE_LOOP('',(#5452,#5453,#5454,#5455,#5456,#5457));
#965=EDGE_LOOP('',(#5458,#5459,#5460,#5461,#5462,#5463,#5464));
#966=EDGE_LOOP('',(#5465,#5466,#5467));
#967=EDGE_LOOP('',(#5468,#5469,#5470,#5471,#5472,#5473,#5474,#5475,#5476));
#968=EDGE_LOOP('',(#5477,#5478,#5479,#5480,#5481));
#969=EDGE_LOOP('',(#5482,#5483,#5484,#5485,#5486));
#970=EDGE_LOOP('',(#5487,#5488,#5489,#5490,#5491,#5492,#5493));
#971=EDGE_LOOP('',(#5494,#5495,#5496,#5497,#5498,#5499,#5500,#5501,#5502,
#5503,#5504,#5505));
#972=EDGE_LOOP('',(#5506,#5507,#5508));
#973=EDGE_LOOP('',(#5509,#5510,#5511,#5512,#5513));
#974=EDGE_LOOP('',(#5514,#5515,#5516,#5517,#5518,#5519,#5520));
#975=EDGE_LOOP('',(#5521,#5522,#5523));
#976=EDGE_LOOP('',(#5524,#5525,#5526,#5527,#5528));
#977=EDGE_LOOP('',(#5529,#5530,#5531));
#978=EDGE_LOOP('',(#5532,#5533,#5534,#5535,#5536,#5537));
#979=EDGE_LOOP('',(#5538,#5539,#5540));
#980=EDGE_LOOP('',(#5541,#5542,#5543,#5544,#5545));
#981=EDGE_LOOP('',(#5546,#5547,#5548));
#982=EDGE_LOOP('',(#5549,#5550,#5551,#5552,#5553,#5554));
#983=EDGE_LOOP('',(#5555,#5556,#5557,#5558,#5559,#5560));
#984=EDGE_LOOP('',(#5561,#5562,#5563));
#985=EDGE_LOOP('',(#5564,#5565,#5566,#5567,#5568));
#986=EDGE_LOOP('',(#5569,#5570,#5571,#5572,#5573,#5574,#5575));
#987=EDGE_LOOP('',(#5576,#5577,#5578,#5579,#5580,#5581));
#988=EDGE_LOOP('',(#5582,#5583,#5584,#5585,#5586,#5587,#5588));
#989=EDGE_LOOP('',(#5589,#5590,#5591,#5592,#5593,#5594,#5595,#5596,#5597));
#990=EDGE_LOOP('',(#5598));
#991=EDGE_LOOP('',(#5599,#5600,#5601,#5602));
#992=EDGE_LOOP('',(#5603,#5604,#5605,#5606));
#993=EDGE_LOOP('',(#5607,#5608,#5609,#5610,#5611));
#994=EDGE_LOOP('',(#5612,#5613,#5614,#5615));
#995=EDGE_LOOP('',(#5616,#5617,#5618,#5619,#5620,#5621));
#996=EDGE_LOOP('',(#5622));
#997=EDGE_LOOP('',(#5623));
#998=EDGE_LOOP('',(#5624));
#999=EDGE_LOOP('',(#5625));
#1000=EDGE_LOOP('',(#5626,#5627,#5628,#5629,#5630,#5631));
#1001=EDGE_LOOP('',(#5632,#5633));
#1002=EDGE_LOOP('',(#5634,#5635,#5636,#5637));
#1003=EDGE_LOOP('',(#5638,#5639,#5640,#5641,#5642,#5643,#5644,#5645,#5646));
#1004=EDGE_LOOP('',(#5647,#5648,#5649,#5650));
#1005=EDGE_LOOP('',(#5651,#5652,#5653,#5654));
#1006=EDGE_LOOP('',(#5655,#5656,#5657,#5658,#5659,#5660,#5661,#5662,#5663));
#1007=EDGE_LOOP('',(#5664,#5665,#5666,#5667));
#1008=EDGE_LOOP('',(#5668,#5669,#5670,#5671));
#1009=EDGE_LOOP('',(#5672,#5673,#5674));
#1010=EDGE_LOOP('',(#5675,#5676,#5677,#5678));
#1011=EDGE_LOOP('',(#5679,#5680,#5681,#5682,#5683,#5684,#5685,#5686,#5687,
#5688,#5689,#5690,#5691));
#1012=EDGE_LOOP('',(#5692,#5693,#5694,#5695));
#1013=EDGE_LOOP('',(#5696,#5697,#5698));
#1014=EDGE_LOOP('',(#5699,#5700,#5701));
#1015=EDGE_LOOP('',(#5702,#5703,#5704,#5705));
#1016=EDGE_LOOP('',(#5706,#5707,#5708,#5709));
#1017=EDGE_LOOP('',(#5710,#5711,#5712,#5713));
#1018=EDGE_LOOP('',(#5714,#5715,#5716,#5717));
#1019=EDGE_LOOP('',(#5718,#5719,#5720,#5721));
#1020=EDGE_LOOP('',(#5722,#5723,#5724,#5725));
#1021=EDGE_LOOP('',(#5726,#5727,#5728));
#1022=EDGE_LOOP('',(#5729,#5730,#5731,#5732));
#1023=EDGE_LOOP('',(#5733,#5734,#5735,#5736));
#1024=EDGE_LOOP('',(#5737,#5738,#5739));
#1025=EDGE_LOOP('',(#5740,#5741,#5742));
#1026=EDGE_LOOP('',(#5743,#5744,#5745,#5746));
#1027=EDGE_LOOP('',(#5747,#5748,#5749));
#1028=EDGE_LOOP('',(#5750,#5751,#5752));
#1029=EDGE_LOOP('',(#5753));
#1030=EDGE_LOOP('',(#5754));
#1031=EDGE_LOOP('',(#5755,#5756,#5757));
#1032=EDGE_LOOP('',(#5758,#5759,#5760));
#1033=EDGE_LOOP('',(#5761,#5762,#5763));
#1034=EDGE_LOOP('',(#5764,#5765,#5766));
#1035=EDGE_LOOP('',(#5767,#5768,#5769));
#1036=EDGE_LOOP('',(#5770,#5771,#5772));
#1037=EDGE_LOOP('',(#5773,#5774,#5775));
#1038=EDGE_LOOP('',(#5776,#5777,#5778));
#1039=EDGE_LOOP('',(#5779));
#1040=EDGE_LOOP('',(#5780));
#1041=EDGE_LOOP('',(#5781,#5782,#5783,#5784));
#1042=EDGE_LOOP('',(#5785,#5786,#5787,#5788));
#1043=EDGE_LOOP('',(#5789,#5790,#5791,#5792,#5793,#5794));
#1044=EDGE_LOOP('',(#5795,#5796,#5797,#5798));
#1045=EDGE_LOOP('',(#5799));
#1046=EDGE_LOOP('',(#5800));
#1047=EDGE_LOOP('',(#5801,#5802,#5803,#5804));
#1048=EDGE_LOOP('',(#5805));
#1049=EDGE_LOOP('',(#5806));
#1050=EDGE_LOOP('',(#5807));
#1051=EDGE_LOOP('',(#5808));
#1052=EDGE_LOOP('',(#5809,#5810,#5811,#5812));
#1053=EDGE_LOOP('',(#5813,#5814,#5815,#5816));
#1054=EDGE_LOOP('',(#5817));
#1055=EDGE_LOOP('',(#5818));
#1056=EDGE_LOOP('',(#5819));
#1057=EDGE_LOOP('',(#5820));
#1058=EDGE_LOOP('',(#5821,#5822,#5823,#5824));
#1059=EDGE_LOOP('',(#5825,#5826,#5827,#5828,#5829,#5830,#5831));
#1060=EDGE_LOOP('',(#5832,#5833,#5834));
#1061=EDGE_LOOP('',(#5835,#5836,#5837,#5838,#5839));
#1062=EDGE_LOOP('',(#5840,#5841,#5842));
#1063=EDGE_LOOP('',(#5843,#5844,#5845,#5846,#5847,#5848,#5849,#5850,#5851,
#5852,#5853));
#1064=EDGE_LOOP('',(#5854,#5855,#5856,#5857,#5858,#5859,#5860));
#1065=EDGE_LOOP('',(#5861,#5862,#5863));
#1066=EDGE_LOOP('',(#5864,#5865,#5866,#5867,#5868));
#1067=EDGE_LOOP('',(#5869,#5870,#5871));
#1068=EDGE_LOOP('',(#5872,#5873,#5874,#5875,#5876,#5877,#5878,#5879,#5880));
#1069=EDGE_LOOP('',(#5881,#5882,#5883,#5884,#5885,#5886));
#1070=EDGE_LOOP('',(#5887,#5888,#5889,#5890,#5891,#5892,#5893,#5894,#5895));
#1071=EDGE_LOOP('',(#5896,#5897,#5898));
#1072=EDGE_LOOP('',(#5899,#5900,#5901,#5902,#5903,#5904,#5905,#5906));
#1073=EDGE_LOOP('',(#5907,#5908,#5909,#5910,#5911));
#1074=EDGE_LOOP('',(#5912,#5913,#5914));
#1075=EDGE_LOOP('',(#5915,#5916,#5917,#5918,#5919,#5920,#5921,#5922));
#1076=EDGE_LOOP('',(#5923,#5924,#5925));
#1077=EDGE_LOOP('',(#5926,#5927,#5928));
#1078=EDGE_LOOP('',(#5929,#5930,#5931));
#1079=EDGE_LOOP('',(#5932,#5933,#5934));
#1080=EDGE_LOOP('',(#5935,#5936,#5937,#5938));
#1081=EDGE_LOOP('',(#5939,#5940,#5941));
#1082=EDGE_LOOP('',(#5942,#5943,#5944,#5945,#5946));
#1083=EDGE_LOOP('',(#5947,#5948,#5949));
#1084=EDGE_LOOP('',(#5950,#5951,#5952));
#1085=EDGE_LOOP('',(#5953,#5954,#5955,#5956));
#1086=EDGE_LOOP('',(#5957,#5958,#5959,#5960));
#1087=EDGE_LOOP('',(#5961,#5962,#5963,#5964));
#1088=EDGE_LOOP('',(#5965,#5966,#5967));
#1089=EDGE_LOOP('',(#5968,#5969,#5970,#5971,#5972));
#1090=EDGE_LOOP('',(#5973,#5974,#5975));
#1091=EDGE_LOOP('',(#5976,#5977,#5978));
#1092=EDGE_LOOP('',(#5979,#5980,#5981,#5982));
#1093=EDGE_LOOP('',(#5983,#5984,#5985,#5986,#5987));
#1094=EDGE_LOOP('',(#5988,#5989,#5990,#5991,#5992));
#1095=EDGE_LOOP('',(#5993,#5994,#5995,#5996,#5997,#5998));
#1096=EDGE_LOOP('',(#5999,#6000,#6001,#6002,#6003,#6004));
#1097=EDGE_LOOP('',(#6005,#6006,#6007,#6008,#6009));
#1098=EDGE_LOOP('',(#6010,#6011,#6012,#6013,#6014,#6015));
#1099=EDGE_LOOP('',(#6016,#6017,#6018,#6019));
#1100=EDGE_LOOP('',(#6020,#6021,#6022,#6023,#6024,#6025));
#1101=EDGE_LOOP('',(#6026,#6027,#6028,#6029));
#1102=EDGE_LOOP('',(#6030,#6031,#6032,#6033));
#1103=EDGE_LOOP('',(#6034,#6035,#6036,#6037,#6038,#6039,#6040,#6041,#6042,
#6043,#6044,#6045));
#1104=EDGE_LOOP('',(#6046,#6047,#6048,#6049,#6050,#6051));
#1105=EDGE_LOOP('',(#6052,#6053,#6054,#6055));
#1106=EDGE_LOOP('',(#6056,#6057,#6058,#6059));
#1107=EDGE_LOOP('',(#6060,#6061,#6062,#6063));
#1108=EDGE_LOOP('',(#6064,#6065,#6066,#6067));
#1109=EDGE_LOOP('',(#6068,#6069,#6070,#6071,#6072,#6073,#6074,#6075,#6076,
#6077));
#1110=EDGE_LOOP('',(#6078,#6079,#6080,#6081));
#1111=EDGE_LOOP('',(#6082,#6083,#6084,#6085));
#1112=EDGE_LOOP('',(#6086,#6087,#6088,#6089));
#1113=EDGE_LOOP('',(#6090,#6091,#6092,#6093,#6094,#6095,#6096,#6097,#6098,
#6099));
#1114=EDGE_LOOP('',(#6100,#6101,#6102,#6103));
#1115=EDGE_LOOP('',(#6104,#6105,#6106,#6107));
#1116=EDGE_LOOP('',(#6108,#6109,#6110,#6111,#6112));
#1117=EDGE_LOOP('',(#6113,#6114,#6115,#6116,#6117));
#1118=EDGE_LOOP('',(#6118,#6119,#6120));
#1119=EDGE_LOOP('',(#6121,#6122,#6123));
#1120=EDGE_LOOP('',(#6124,#6125,#6126,#6127,#6128));
#1121=EDGE_LOOP('',(#6129,#6130,#6131,#6132,#6133));
#1122=EDGE_LOOP('',(#6134,#6135,#6136,#6137,#6138,#6139,#6140,#6141,#6142,
#6143,#6144,#6145,#6146,#6147,#6148,#6149));
#1123=EDGE_LOOP('',(#6150,#6151,#6152));
#1124=EDGE_LOOP('',(#6153,#6154,#6155));
#1125=EDGE_LOOP('',(#6156,#6157,#6158,#6159));
#1126=EDGE_LOOP('',(#6160,#6161,#6162,#6163));
#1127=EDGE_LOOP('',(#6164,#6165,#6166,#6167));
#1128=EDGE_LOOP('',(#6168,#6169,#6170,#6171));
#1129=EDGE_LOOP('',(#6172,#6173,#6174,#6175));
#1130=EDGE_LOOP('',(#6176,#6177,#6178));
#1131=EDGE_LOOP('',(#6179,#6180,#6181));
#1132=EDGE_LOOP('',(#6182,#6183,#6184,#6185));
#1133=EDGE_LOOP('',(#6186,#6187,#6188,#6189));
#1134=EDGE_LOOP('',(#6190,#6191,#6192));
#1135=EDGE_LOOP('',(#6193,#6194,#6195));
#1136=EDGE_LOOP('',(#6196,#6197,#6198,#6199));
#1137=EDGE_LOOP('',(#6200,#6201,#6202,#6203,#6204,#6205));
#1138=EDGE_LOOP('',(#6206,#6207,#6208,#6209,#6210,#6211));
#1139=EDGE_LOOP('',(#6212,#6213,#6214));
#1140=EDGE_LOOP('',(#6215,#6216,#6217));
#1141=EDGE_LOOP('',(#6218,#6219,#6220));
#1142=EDGE_LOOP('',(#6221,#6222,#6223));
#1143=EDGE_LOOP('',(#6224,#6225,#6226,#6227));
#1144=EDGE_LOOP('',(#6228,#6229,#6230));
#1145=EDGE_LOOP('',(#6231,#6232,#6233));
#1146=EDGE_LOOP('',(#6234,#6235,#6236));
#1147=EDGE_LOOP('',(#6237,#6238,#6239));
#1148=EDGE_LOOP('',(#6240,#6241,#6242,#6243));
#1149=EDGE_LOOP('',(#6244,#6245,#6246,#6247,#6248,#6249));
#1150=EDGE_LOOP('',(#6250));
#1151=EDGE_LOOP('',(#6251,#6252,#6253,#6254));
#1152=EDGE_LOOP('',(#6255,#6256,#6257,#6258,#6259));
#1153=EDGE_LOOP('',(#6260,#6261,#6262,#6263,#6264,#6265));
#1154=EDGE_LOOP('',(#6266,#6267,#6268,#6269,#6270));
#1155=EDGE_LOOP('',(#6271,#6272,#6273,#6274,#6275,#6276,#6277,#6278,#6279,
#6280));
#1156=EDGE_LOOP('',(#6281,#6282,#6283,#6284));
#1157=EDGE_LOOP('',(#6285,#6286,#6287,#6288));
#1158=EDGE_LOOP('',(#6289,#6290,#6291,#6292));
#1159=EDGE_LOOP('',(#6293,#6294,#6295,#6296));
#1160=EDGE_LOOP('',(#6297,#6298,#6299,#6300));
#1161=EDGE_LOOP('',(#6301,#6302,#6303,#6304));
#1162=EDGE_LOOP('',(#6305,#6306,#6307,#6308));
#1163=EDGE_LOOP('',(#6309,#6310,#6311,#6312,#6313,#6314,#6315,#6316,#6317,
#6318,#6319,#6320,#6321,#6322,#6323,#6324,#6325,#6326,#6327,#6328,#6329,
#6330,#6331,#6332,#6333,#6334,#6335,#6336,#6337,#6338,#6339,#6340,#6341,
#6342,#6343,#6344,#6345,#6346,#6347,#6348,#6349,#6350,#6351,#6352,#6353,
#6354,#6355,#6356,#6357,#6358,#6359,#6360,#6361,#6362,#6363,#6364,#6365,
#6366,#6367,#6368,#6369,#6370,#6371,#6372,#6373,#6374,#6375,#6376,#6377,
#6378,#6379,#6380,#6381,#6382,#6383,#6384,#6385,#6386,#6387,#6388,#6389,
#6390,#6391,#6392,#6393,#6394,#6395,#6396,#6397,#6398,#6399,#6400,#6401,
#6402,#6403,#6404,#6405,#6406,#6407,#6408,#6409,#6410,#6411,#6412,#6413,
#6414,#6415,#6416,#6417,#6418,#6419,#6420,#6421,#6422,#6423,#6424,#6425,
#6426,#6427,#6428,#6429,#6430,#6431,#6432,#6433,#6434,#6435,#6436,#6437));
#1164=EDGE_LOOP('',(#6438));
#1165=EDGE_LOOP('',(#6439,#6440,#6441,#6442));
#1166=EDGE_LOOP('',(#6443,#6444,#6445,#6446));
#1167=EDGE_LOOP('',(#6447,#6448,#6449,#6450));
#1168=EDGE_LOOP('',(#6451,#6452,#6453,#6454));
#1169=EDGE_LOOP('',(#6455,#6456,#6457,#6458));
#1170=EDGE_LOOP('',(#6459,#6460,#6461,#6462));
#1171=EDGE_LOOP('',(#6463,#6464,#6465,#6466));
#1172=EDGE_LOOP('',(#6467,#6468,#6469,#6470));
#1173=EDGE_LOOP('',(#6471,#6472,#6473,#6474));
#1174=EDGE_LOOP('',(#6475,#6476,#6477,#6478));
#1175=EDGE_LOOP('',(#6479,#6480,#6481,#6482));
#1176=EDGE_LOOP('',(#6483,#6484,#6485,#6486));
#1177=EDGE_LOOP('',(#6487,#6488,#6489,#6490));
#1178=EDGE_LOOP('',(#6491,#6492,#6493,#6494));
#1179=EDGE_LOOP('',(#6495,#6496,#6497,#6498));
#1180=EDGE_LOOP('',(#6499,#6500,#6501,#6502));
#1181=EDGE_LOOP('',(#6503,#6504,#6505,#6506));
#1182=EDGE_LOOP('',(#6507,#6508,#6509,#6510));
#1183=EDGE_LOOP('',(#6511,#6512,#6513,#6514));
#1184=EDGE_LOOP('',(#6515,#6516,#6517,#6518));
#1185=EDGE_LOOP('',(#6519,#6520,#6521,#6522));
#1186=EDGE_LOOP('',(#6523,#6524,#6525,#6526));
#1187=EDGE_LOOP('',(#6527,#6528,#6529,#6530));
#1188=EDGE_LOOP('',(#6531,#6532,#6533,#6534));
#1189=EDGE_LOOP('',(#6535,#6536,#6537,#6538));
#1190=EDGE_LOOP('',(#6539,#6540,#6541,#6542));
#1191=EDGE_LOOP('',(#6543,#6544,#6545,#6546));
#1192=EDGE_LOOP('',(#6547,#6548,#6549,#6550));
#1193=EDGE_LOOP('',(#6551,#6552,#6553,#6554));
#1194=EDGE_LOOP('',(#6555,#6556,#6557,#6558));
#1195=EDGE_LOOP('',(#6559,#6560,#6561,#6562));
#1196=EDGE_LOOP('',(#6563,#6564,#6565,#6566));
#1197=EDGE_LOOP('',(#6567,#6568,#6569,#6570));
#1198=EDGE_LOOP('',(#6571,#6572,#6573,#6574));
#1199=EDGE_LOOP('',(#6575,#6576,#6577,#6578));
#1200=EDGE_LOOP('',(#6579,#6580,#6581,#6582));
#1201=EDGE_LOOP('',(#6583,#6584,#6585,#6586));
#1202=EDGE_LOOP('',(#6587,#6588,#6589,#6590));
#1203=EDGE_LOOP('',(#6591,#6592,#6593,#6594));
#1204=EDGE_LOOP('',(#6595,#6596,#6597,#6598));
#1205=EDGE_LOOP('',(#6599,#6600,#6601,#6602));
#1206=EDGE_LOOP('',(#6603,#6604,#6605,#6606));
#1207=EDGE_LOOP('',(#6607,#6608,#6609,#6610));
#1208=EDGE_LOOP('',(#6611,#6612,#6613,#6614));
#1209=EDGE_LOOP('',(#6615,#6616,#6617,#6618));
#1210=EDGE_LOOP('',(#6619,#6620,#6621,#6622));
#1211=EDGE_LOOP('',(#6623,#6624,#6625,#6626));
#1212=EDGE_LOOP('',(#6627,#6628,#6629,#6630));
#1213=EDGE_LOOP('',(#6631,#6632,#6633,#6634));
#1214=EDGE_LOOP('',(#6635,#6636,#6637,#6638));
#1215=EDGE_LOOP('',(#6639,#6640,#6641,#6642));
#1216=EDGE_LOOP('',(#6643,#6644,#6645,#6646));
#1217=EDGE_LOOP('',(#6647,#6648,#6649,#6650));
#1218=EDGE_LOOP('',(#6651,#6652,#6653,#6654));
#1219=EDGE_LOOP('',(#6655,#6656,#6657,#6658));
#1220=EDGE_LOOP('',(#6659,#6660,#6661,#6662));
#1221=EDGE_LOOP('',(#6663,#6664,#6665,#6666));
#1222=EDGE_LOOP('',(#6667,#6668,#6669,#6670));
#1223=EDGE_LOOP('',(#6671,#6672,#6673,#6674));
#1224=EDGE_LOOP('',(#6675,#6676,#6677,#6678));
#1225=EDGE_LOOP('',(#6679,#6680,#6681,#6682));
#1226=EDGE_LOOP('',(#6683,#6684,#6685,#6686));
#1227=EDGE_LOOP('',(#6687,#6688,#6689,#6690));
#1228=EDGE_LOOP('',(#6691,#6692,#6693,#6694));
#1229=EDGE_LOOP('',(#6695,#6696,#6697,#6698));
#1230=EDGE_LOOP('',(#6699,#6700,#6701,#6702));
#1231=EDGE_LOOP('',(#6703,#6704,#6705,#6706));
#1232=EDGE_LOOP('',(#6707,#6708,#6709,#6710));
#1233=EDGE_LOOP('',(#6711,#6712,#6713,#6714));
#1234=EDGE_LOOP('',(#6715,#6716,#6717,#6718));
#1235=EDGE_LOOP('',(#6719,#6720,#6721,#6722));
#1236=EDGE_LOOP('',(#6723,#6724,#6725,#6726));
#1237=EDGE_LOOP('',(#6727,#6728,#6729,#6730));
#1238=EDGE_LOOP('',(#6731,#6732,#6733,#6734));
#1239=EDGE_LOOP('',(#6735,#6736,#6737,#6738));
#1240=EDGE_LOOP('',(#6739,#6740,#6741,#6742));
#1241=EDGE_LOOP('',(#6743,#6744,#6745,#6746));
#1242=EDGE_LOOP('',(#6747,#6748,#6749,#6750));
#1243=EDGE_LOOP('',(#6751,#6752,#6753,#6754));
#1244=EDGE_LOOP('',(#6755,#6756,#6757,#6758));
#1245=EDGE_LOOP('',(#6759,#6760,#6761,#6762));
#1246=EDGE_LOOP('',(#6763,#6764,#6765,#6766));
#1247=EDGE_LOOP('',(#6767,#6768,#6769,#6770));
#1248=EDGE_LOOP('',(#6771,#6772,#6773,#6774));
#1249=EDGE_LOOP('',(#6775,#6776,#6777,#6778));
#1250=EDGE_LOOP('',(#6779,#6780,#6781,#6782));
#1251=EDGE_LOOP('',(#6783,#6784,#6785,#6786));
#1252=EDGE_LOOP('',(#6787,#6788,#6789,#6790));
#1253=EDGE_LOOP('',(#6791,#6792,#6793,#6794));
#1254=EDGE_LOOP('',(#6795,#6796,#6797,#6798));
#1255=EDGE_LOOP('',(#6799,#6800,#6801,#6802));
#1256=EDGE_LOOP('',(#6803,#6804,#6805,#6806));
#1257=EDGE_LOOP('',(#6807,#6808,#6809,#6810,#6811));
#1258=EDGE_LOOP('',(#6812,#6813,#6814,#6815,#6816));
#1259=EDGE_LOOP('',(#6817));
#1260=EDGE_LOOP('',(#6818,#6819,#6820,#6821,#6822,#6823,#6824,#6825,#6826,
#6827,#6828,#6829,#6830,#6831,#6832,#6833,#6834,#6835,#6836,#6837));
#1261=EDGE_LOOP('',(#6838,#6839,#6840,#6841));
#1262=EDGE_LOOP('',(#6842,#6843,#6844,#6845));
#1263=EDGE_LOOP('',(#6846,#6847,#6848,#6849));
#1264=EDGE_LOOP('',(#6850,#6851,#6852,#6853));
#1265=EDGE_LOOP('',(#6854,#6855,#6856,#6857));
#1266=EDGE_LOOP('',(#6858,#6859,#6860,#6861));
#1267=EDGE_LOOP('',(#6862,#6863,#6864,#6865));
#1268=EDGE_LOOP('',(#6866,#6867,#6868,#6869));
#1269=EDGE_LOOP('',(#6870,#6871,#6872,#6873));
#1270=EDGE_LOOP('',(#6874,#6875,#6876,#6877));
#1271=EDGE_LOOP('',(#6878,#6879,#6880,#6881));
#1272=EDGE_LOOP('',(#6882,#6883,#6884,#6885));
#1273=EDGE_LOOP('',(#6886,#6887,#6888,#6889));
#1274=EDGE_LOOP('',(#6890,#6891,#6892,#6893));
#1275=EDGE_LOOP('',(#6894,#6895,#6896,#6897));
#1276=EDGE_LOOP('',(#6898,#6899,#6900,#6901));
#1277=EDGE_LOOP('',(#6902,#6903,#6904,#6905));
#1278=EDGE_LOOP('',(#6906,#6907,#6908,#6909));
#1279=EDGE_LOOP('',(#6910,#6911,#6912,#6913));
#1280=EDGE_LOOP('',(#6914,#6915,#6916,#6917));
#1281=EDGE_LOOP('',(#6918,#6919,#6920,#6921));
#1282=EDGE_LOOP('',(#6922,#6923,#6924,#6925));
#1283=EDGE_LOOP('',(#6926,#6927,#6928,#6929));
#1284=EDGE_LOOP('',(#6930,#6931,#6932,#6933));
#1285=EDGE_LOOP('',(#6934,#6935,#6936,#6937));
#1286=EDGE_LOOP('',(#6938,#6939,#6940,#6941));
#1287=EDGE_LOOP('',(#6942,#6943,#6944,#6945));
#1288=EDGE_LOOP('',(#6946,#6947,#6948,#6949));
#1289=EDGE_LOOP('',(#6950,#6951,#6952,#6953));
#1290=EDGE_LOOP('',(#6954,#6955,#6956,#6957));
#1291=EDGE_LOOP('',(#6958,#6959,#6960,#6961));
#1292=EDGE_LOOP('',(#6962,#6963,#6964,#6965));
#1293=EDGE_LOOP('',(#6966,#6967,#6968,#6969));
#1294=EDGE_LOOP('',(#6970,#6971,#6972,#6973));
#1295=EDGE_LOOP('',(#6974,#6975,#6976,#6977));
#1296=EDGE_LOOP('',(#6978,#6979,#6980,#6981));
#1297=EDGE_LOOP('',(#6982,#6983,#6984,#6985));
#1298=EDGE_LOOP('',(#6986,#6987,#6988,#6989));
#1299=EDGE_LOOP('',(#6990,#6991,#6992,#6993));
#1300=EDGE_LOOP('',(#6994,#6995,#6996,#6997));
#1301=EDGE_LOOP('',(#6998,#6999,#7000,#7001));
#1302=EDGE_LOOP('',(#7002,#7003,#7004,#7005));
#1303=EDGE_LOOP('',(#7006,#7007,#7008,#7009));
#1304=EDGE_LOOP('',(#7010,#7011,#7012,#7013));
#1305=EDGE_LOOP('',(#7014,#7015,#7016,#7017));
#1306=EDGE_LOOP('',(#7018,#7019,#7020,#7021));
#1307=EDGE_LOOP('',(#7022,#7023,#7024,#7025));
#1308=EDGE_LOOP('',(#7026,#7027,#7028,#7029));
#1309=EDGE_LOOP('',(#7030,#7031,#7032,#7033));
#1310=EDGE_LOOP('',(#7034,#7035,#7036,#7037));
#1311=EDGE_LOOP('',(#7038,#7039,#7040,#7041));
#1312=EDGE_LOOP('',(#7042,#7043,#7044,#7045));
#1313=EDGE_LOOP('',(#7046,#7047,#7048,#7049));
#1314=EDGE_LOOP('',(#7050,#7051,#7052,#7053));
#1315=EDGE_LOOP('',(#7054,#7055,#7056,#7057));
#1316=EDGE_LOOP('',(#7058,#7059,#7060,#7061));
#1317=EDGE_LOOP('',(#7062,#7063,#7064,#7065));
#1318=EDGE_LOOP('',(#7066,#7067,#7068,#7069));
#1319=EDGE_LOOP('',(#7070,#7071,#7072,#7073));
#1320=EDGE_LOOP('',(#7074,#7075,#7076,#7077));
#1321=EDGE_LOOP('',(#7078,#7079,#7080,#7081));
#1322=EDGE_LOOP('',(#7082,#7083,#7084,#7085));
#1323=EDGE_LOOP('',(#7086,#7087,#7088,#7089));
#1324=EDGE_LOOP('',(#7090,#7091,#7092,#7093));
#1325=EDGE_LOOP('',(#7094,#7095,#7096,#7097));
#1326=EDGE_LOOP('',(#7098,#7099,#7100,#7101));
#1327=EDGE_LOOP('',(#7102,#7103,#7104,#7105));
#1328=EDGE_LOOP('',(#7106,#7107,#7108,#7109));
#1329=EDGE_LOOP('',(#7110,#7111,#7112,#7113));
#1330=EDGE_LOOP('',(#7114,#7115,#7116,#7117));
#1331=EDGE_LOOP('',(#7118,#7119,#7120,#7121));
#1332=EDGE_LOOP('',(#7122,#7123,#7124,#7125));
#1333=EDGE_LOOP('',(#7126,#7127,#7128,#7129));
#1334=EDGE_LOOP('',(#7130,#7131,#7132,#7133));
#1335=EDGE_LOOP('',(#7134,#7135,#7136,#7137));
#1336=EDGE_LOOP('',(#7138,#7139,#7140,#7141));
#1337=EDGE_LOOP('',(#7142,#7143,#7144,#7145));
#1338=EDGE_LOOP('',(#7146,#7147,#7148,#7149));
#1339=EDGE_LOOP('',(#7150,#7151,#7152,#7153,#7154,#7155,#7156,#7157,#7158,
#7159,#7160,#7161,#7162,#7163,#7164,#7165,#7166,#7167,#7168,#7169,#7170,
#7171,#7172,#7173,#7174,#7175,#7176,#7177,#7178,#7179,#7180,#7181,#7182,
#7183,#7184,#7185,#7186,#7187,#7188,#7189,#7190,#7191,#7192,#7193,#7194,
#7195,#7196,#7197,#7198,#7199,#7200,#7201,#7202,#7203,#7204,#7205,#7206,
#7207,#7208,#7209,#7210,#7211,#7212,#7213,#7214,#7215,#7216,#7217));
#1340=EDGE_LOOP('',(#7218,#7219,#7220,#7221));
#1341=EDGE_LOOP('',(#7222,#7223,#7224));
#1342=EDGE_LOOP('',(#7225,#7226,#7227));
#1343=EDGE_LOOP('',(#7228,#7229,#7230));
#1344=EDGE_LOOP('',(#7231,#7232,#7233));
#1345=EDGE_LOOP('',(#7234,#7235,#7236,#7237));
#1346=EDGE_LOOP('',(#7238,#7239,#7240,#7241));
#1347=EDGE_LOOP('',(#7242,#7243,#7244,#7245));
#1348=EDGE_LOOP('',(#7246,#7247,#7248,#7249));
#1349=EDGE_LOOP('',(#7250,#7251,#7252,#7253));
#1350=EDGE_LOOP('',(#7254,#7255,#7256,#7257));
#1351=EDGE_LOOP('',(#7258,#7259,#7260,#7261));
#1352=EDGE_LOOP('',(#7262,#7263,#7264,#7265));
#1353=EDGE_LOOP('',(#7266,#7267,#7268,#7269));
#1354=EDGE_LOOP('',(#7270,#7271,#7272,#7273));
#1355=EDGE_LOOP('',(#7274,#7275,#7276,#7277));
#1356=EDGE_LOOP('',(#7278,#7279,#7280,#7281));
#1357=EDGE_LOOP('',(#7282,#7283,#7284,#7285));
#1358=EDGE_LOOP('',(#7286,#7287,#7288,#7289));
#1359=EDGE_LOOP('',(#7290,#7291,#7292,#7293));
#1360=EDGE_LOOP('',(#7294,#7295,#7296,#7297));
#1361=EDGE_LOOP('',(#7298,#7299,#7300,#7301));
#1362=EDGE_LOOP('',(#7302,#7303,#7304,#7305));
#1363=EDGE_LOOP('',(#7306,#7307,#7308,#7309));
#1364=EDGE_LOOP('',(#7310,#7311,#7312,#7313));
#1365=EDGE_LOOP('',(#7314,#7315,#7316,#7317));
#1366=EDGE_LOOP('',(#7318,#7319,#7320,#7321));
#1367=EDGE_LOOP('',(#7322,#7323,#7324,#7325));
#1368=EDGE_LOOP('',(#7326,#7327,#7328,#7329));
#1369=EDGE_LOOP('',(#7330,#7331,#7332,#7333));
#1370=EDGE_LOOP('',(#7334,#7335,#7336,#7337));
#1371=EDGE_LOOP('',(#7338,#7339,#7340,#7341));
#1372=EDGE_LOOP('',(#7342,#7343,#7344,#7345));
#1373=EDGE_LOOP('',(#7346,#7347,#7348,#7349));
#1374=EDGE_LOOP('',(#7350,#7351,#7352,#7353));
#1375=EDGE_LOOP('',(#7354,#7355,#7356,#7357));
#1376=EDGE_LOOP('',(#7358,#7359,#7360,#7361));
#1377=EDGE_LOOP('',(#7362,#7363,#7364,#7365));
#1378=EDGE_LOOP('',(#7366,#7367,#7368,#7369));
#1379=EDGE_LOOP('',(#7370,#7371,#7372,#7373));
#1380=EDGE_LOOP('',(#7374,#7375,#7376,#7377));
#1381=EDGE_LOOP('',(#7378,#7379,#7380,#7381));
#1382=EDGE_LOOP('',(#7382,#7383,#7384,#7385));
#1383=EDGE_LOOP('',(#7386,#7387,#7388,#7389));
#1384=EDGE_LOOP('',(#7390,#7391,#7392,#7393));
#1385=EDGE_LOOP('',(#7394,#7395,#7396,#7397));
#1386=EDGE_LOOP('',(#7398,#7399,#7400,#7401));
#1387=EDGE_LOOP('',(#7402,#7403,#7404,#7405));
#1388=EDGE_LOOP('',(#7406,#7407,#7408,#7409));
#1389=EDGE_LOOP('',(#7410,#7411,#7412,#7413));
#1390=EDGE_LOOP('',(#7414,#7415,#7416,#7417));
#1391=EDGE_LOOP('',(#7418,#7419,#7420,#7421));
#1392=EDGE_LOOP('',(#7422,#7423,#7424,#7425));
#1393=EDGE_LOOP('',(#7426,#7427,#7428,#7429));
#1394=EDGE_LOOP('',(#7430,#7431,#7432,#7433));
#1395=EDGE_LOOP('',(#7434,#7435,#7436,#7437));
#1396=EDGE_LOOP('',(#7438,#7439,#7440,#7441));
#1397=EDGE_LOOP('',(#7442,#7443,#7444,#7445));
#1398=EDGE_LOOP('',(#7446,#7447,#7448,#7449));
#1399=EDGE_LOOP('',(#7450,#7451,#7452,#7453));
#1400=EDGE_LOOP('',(#7454,#7455,#7456,#7457));
#1401=EDGE_LOOP('',(#7458,#7459,#7460,#7461));
#1402=EDGE_LOOP('',(#7462,#7463,#7464,#7465));
#1403=EDGE_LOOP('',(#7466,#7467,#7468,#7469));
#1404=EDGE_LOOP('',(#7470,#7471,#7472,#7473));
#1405=EDGE_LOOP('',(#7474,#7475,#7476,#7477));
#1406=EDGE_LOOP('',(#7478,#7479,#7480,#7481));
#1407=EDGE_LOOP('',(#7482,#7483,#7484,#7485));
#1408=EDGE_LOOP('',(#7486,#7487,#7488,#7489));
#1409=EDGE_LOOP('',(#7490,#7491,#7492,#7493));
#1410=EDGE_LOOP('',(#7494,#7495,#7496,#7497));
#1411=EDGE_LOOP('',(#7498,#7499,#7500,#7501));
#1412=EDGE_LOOP('',(#7502,#7503,#7504,#7505));
#1413=EDGE_LOOP('',(#7506,#7507,#7508,#7509));
#1414=EDGE_LOOP('',(#7510,#7511,#7512,#7513));
#1415=EDGE_LOOP('',(#7514,#7515,#7516,#7517));
#1416=EDGE_LOOP('',(#7518,#7519,#7520,#7521));
#1417=EDGE_LOOP('',(#7522,#7523,#7524,#7525));
#1418=EDGE_LOOP('',(#7526,#7527,#7528,#7529));
#1419=EDGE_LOOP('',(#7530,#7531,#7532,#7533));
#1420=EDGE_LOOP('',(#7534,#7535,#7536,#7537));
#1421=EDGE_LOOP('',(#7538,#7539,#7540,#7541));
#1422=EDGE_LOOP('',(#7542,#7543,#7544,#7545));
#1423=EDGE_LOOP('',(#7546,#7547,#7548,#7549));
#1424=EDGE_LOOP('',(#7550,#7551,#7552,#7553));
#1425=EDGE_LOOP('',(#7554,#7555,#7556,#7557));
#1426=EDGE_LOOP('',(#7558,#7559,#7560,#7561));
#1427=EDGE_LOOP('',(#7562,#7563,#7564,#7565));
#1428=EDGE_LOOP('',(#7566,#7567,#7568,#7569));
#1429=EDGE_LOOP('',(#7570,#7571,#7572,#7573));
#1430=EDGE_LOOP('',(#7574,#7575,#7576,#7577));
#1431=EDGE_LOOP('',(#7578,#7579,#7580,#7581));
#1432=EDGE_LOOP('',(#7582,#7583,#7584,#7585));
#1433=EDGE_LOOP('',(#7586,#7587,#7588,#7589));
#1434=EDGE_LOOP('',(#7590,#7591,#7592,#7593));
#1435=EDGE_LOOP('',(#7594,#7595,#7596,#7597));
#1436=EDGE_LOOP('',(#7598,#7599,#7600,#7601));
#1437=EDGE_LOOP('',(#7602,#7603,#7604,#7605));
#1438=EDGE_LOOP('',(#7606,#7607,#7608,#7609));
#1439=EDGE_LOOP('',(#7610,#7611,#7612,#7613));
#1440=EDGE_LOOP('',(#7614,#7615,#7616,#7617));
#1441=EDGE_LOOP('',(#7618,#7619,#7620,#7621));
#1442=EDGE_LOOP('',(#7622,#7623,#7624,#7625));
#1443=EDGE_LOOP('',(#7626,#7627,#7628,#7629));
#1444=EDGE_LOOP('',(#7630,#7631,#7632,#7633));
#1445=EDGE_LOOP('',(#7634,#7635,#7636,#7637));
#1446=EDGE_LOOP('',(#7638,#7639,#7640,#7641));
#1447=EDGE_LOOP('',(#7642,#7643,#7644,#7645));
#1448=EDGE_LOOP('',(#7646,#7647,#7648,#7649));
#1449=EDGE_LOOP('',(#7650,#7651,#7652,#7653));
#1450=EDGE_LOOP('',(#7654,#7655,#7656,#7657));
#1451=EDGE_LOOP('',(#7658,#7659,#7660,#7661));
#1452=EDGE_LOOP('',(#7662,#7663,#7664,#7665));
#1453=EDGE_LOOP('',(#7666));
#1454=EDGE_LOOP('',(#7667,#7668,#7669,#7670,#7671,#7672,#7673,#7674));
#1455=EDGE_LOOP('',(#7675,#7676,#7677,#7678,#7679,#7680,#7681,#7682,#7683,
#7684,#7685,#7686,#7687,#7688,#7689,#7690,#7691,#7692,#7693,#7694,#7695,
#7696,#7697,#7698));
#1456=EDGE_LOOP('',(#7699,#7700,#7701,#7702,#7703,#7704,#7705,#7706));
#1457=EDGE_LOOP('',(#7707,#7708,#7709,#7710,#7711,#7712,#7713,#7714));
#1458=EDGE_LOOP('',(#7715,#7716,#7717,#7718,#7719,#7720,#7721,#7722));
#1459=EDGE_LOOP('',(#7723,#7724,#7725,#7726,#7727,#7728,#7729,#7730));
#1460=EDGE_LOOP('',(#7731,#7732,#7733,#7734,#7735,#7736,#7737,#7738));
#1461=EDGE_LOOP('',(#7739,#7740,#7741,#7742,#7743,#7744,#7745,#7746));
#1462=EDGE_LOOP('',(#7747,#7748,#7749,#7750,#7751,#7752,#7753,#7754));
#1463=EDGE_LOOP('',(#7755,#7756,#7757,#7758,#7759,#7760,#7761,#7762));
#1464=EDGE_LOOP('',(#7763,#7764,#7765,#7766,#7767,#7768,#7769,#7770));
#1465=EDGE_LOOP('',(#7771,#7772,#7773,#7774,#7775,#7776,#7777,#7778));
#1466=EDGE_LOOP('',(#7779,#7780,#7781,#7782,#7783,#7784,#7785,#7786));
#1467=EDGE_LOOP('',(#7787,#7788,#7789,#7790,#7791,#7792,#7793,#7794));
#1468=EDGE_LOOP('',(#7795,#7796,#7797,#7798,#7799,#7800,#7801,#7802));
#1469=EDGE_LOOP('',(#7803,#7804,#7805,#7806,#7807,#7808,#7809,#7810));
#1470=EDGE_LOOP('',(#7811,#7812,#7813,#7814,#7815,#7816,#7817,#7818));
#1471=B_SPLINE_CURVE_WITH_KNOTS('',3,(#12989,#12990,#12991,#12992),
 .UNSPECIFIED.,.F.,.F.,(4,4),(0.455208369287859,0.503858394474643),
 .UNSPECIFIED.);
#1472=B_SPLINE_CURVE_WITH_KNOTS('',3,(#12996,#12997,#12998,#12999,#13000,
#13001,#13002,#13003,#13004,#13005,#13006,#13007),.UNSPECIFIED.,.F.,.F.,
(4,2,2,2,2,4),(0.,0.0897657857582007,0.179531571516401,0.262508236090904,
0.340607140902446,0.370304147705814),.UNSPECIFIED.);
#1473=B_SPLINE_CURVE_WITH_KNOTS('',3,(#13009,#13010,#13011,#13012,#13013,
#13014,#13015,#13016,#13017,#13018,#13019,#13020),.UNSPECIFIED.,.F.,.F.,
(4,2,2,2,2,4),(-0.370304147705815,-0.340607140902446,-0.262508236090904,
-0.179531571516401,-0.0897657857582008,0.),.UNSPECIFIED.);
#1474=B_SPLINE_CURVE_WITH_KNOTS('',3,(#13024,#13025,#13026,#13027),
 .UNSPECIFIED.,.F.,.F.,(4,4),(1.51157518342393,1.56022520861071),
 .UNSPECIFIED.);
#1475=B_SPLINE_CURVE_WITH_KNOTS('',3,(#13032,#13033,#13034,#13035,#13036,
#13037),.UNSPECIFIED.,.F.,.F.,(4,2,4),(1.4141856674225,1.42213528051442,
1.51157518342393),.UNSPECIFIED.);
#1476=B_SPLINE_CURVE_WITH_KNOTS('',3,(#13040,#13041,#13042,#13043,#13044,
#13045),.UNSPECIFIED.,.F.,.F.,(4,2,4),(0.503858394474643,0.593298297384154,
0.601247910476073),.UNSPECIFIED.);
#1477=B_SPLINE_CURVE_WITH_KNOTS('',3,(#13048,#13049,#13050,#13051,#13052,
#13053,#13054,#13055),.UNSPECIFIED.,.F.,.F.,(4,2,2,4),(0.4064688565448,
0.414418474030704,0.503858372463672,0.552508397575243),.UNSPECIFIED.);
#1478=B_SPLINE_CURVE_WITH_KNOTS('',3,(#13059,#13060,#13061,#13062,#13063,
#13064,#13065,#13066),.UNSPECIFIED.,.F.,.F.,(4,2,2,4),(1.46292509227945,
1.51157511739102,1.60101501582398,1.60896463330989),.UNSPECIFIED.);
#1479=B_SPLINE_CURVE_WITH_KNOTS('',3,(#13070,#13071,#13072,#13073,#13074,
#13075,#13076,#13077,#13078,#13079,#13080,#13081,#13082,#13083,#13084,#13085,
#13086,#13087,#13088,#13089,#13090,#13091),.UNSPECIFIED.,.F.,.F.,(4,2,2,
2,2,2,2,2,2,2,4),(0.467107919391948,0.496804921217378,0.574903820958788,
0.65788048117944,0.747646262065687,0.837412042951934,0.927177823838182,
1.01694360472443,1.09992026494508,1.17801916468649,1.20771616651192),
 .UNSPECIFIED.);
#1480=B_SPLINE_CURVE_WITH_KNOTS('',3,(#13095,#13096,#13097,#13098,#13099,
#13100),.UNSPECIFIED.,.F.,.F.,(4,2,4),(-0.0694567140362047,-0.0534668470621578,
0.),.UNSPECIFIED.);
#1481=B_SPLINE_CURVE_WITH_KNOTS('',3,(#13104,#13105,#13106,#13107,#13108,
#13109,#13110,#13111,#13112,#13113,#13114,#13115,#13116,#13117),
 .UNSPECIFIED.,.F.,.F.,(4,2,2,2,2,2,4),(0.922362849850345,0.955897507549833,
1.01762340415961,1.07934930076938,1.14107519737916,1.20280109398893,1.23633575168842),
 .UNSPECIFIED.);
#1482=B_SPLINE_CURVE_WITH_KNOTS('',3,(#13121,#13122,#13123,#13124,#13125,
#13126),.UNSPECIFIED.,.F.,.F.,(4,2,4),(0.490134710911311,0.543601557973469,
0.559591424947516),.UNSPECIFIED.);
#1483=B_SPLINE_CURVE_WITH_KNOTS('',3,(#13128,#13129,#13130,#13131,#13132,
#13133),.UNSPECIFIED.,.F.,.F.,(4,2,4),(0.420677996875106,0.436667863849154,
0.490134710911311),.UNSPECIFIED.);
#1484=B_SPLINE_CURVE_WITH_KNOTS('',3,(#13137,#13138,#13139,#13140,#13141,
#13142,#13143,#13144,#13145,#13146,#13147,#13148,#13149,#13150),
 .UNSPECIFIED.,.F.,.F.,(4,2,2,2,2,2,4),(0.202796649337424,0.236331307036912,
0.298057203646686,0.35978310025646,0.421508996866234,0.483234893476009,
0.516769551175496),.UNSPECIFIED.);
#1485=B_SPLINE_CURVE_WITH_KNOTS('',3,(#13153,#13154,#13155,#13156,#13157,
#13158),.UNSPECIFIED.,.F.,.F.,(4,2,4),(0.,0.0534668470621578,0.0694567140362046),
 .UNSPECIFIED.);
#1486=LINE('',#12987,#1984);
#1487=LINE('',#12994,#1985);
#1488=LINE('',#13022,#1986);
#1489=LINE('',#13029,#1987);
#1490=LINE('',#13039,#1988);
#1491=LINE('',#13057,#1989);
#1492=LINE('',#13068,#1990);
#1493=LINE('',#13092,#1991);
#1494=LINE('',#13102,#1992);
#1495=LINE('',#13119,#1993);
#1496=LINE('',#13135,#1994);
#1497=LINE('',#13152,#1995);
#1498=LINE('',#13173,#1996);
#1499=LINE('',#13180,#1997);
#1500=LINE('',#13191,#1998);
#1501=LINE('',#13193,#1999);
#1502=LINE('',#13195,#2000);
#1503=LINE('',#13196,#2001);
#1504=LINE('',#13200,#2002);
#1505=LINE('',#13202,#2003);
#1506=LINE('',#13204,#2004);
#1507=LINE('',#13205,#2005);
#1508=LINE('',#13209,#2006);
#1509=LINE('',#13211,#2007);
#1510=LINE('',#13213,#2008);
#1511=LINE('',#13214,#2009);
#1512=LINE('',#13218,#2010);
#1513=LINE('',#13221,#2011);
#1514=LINE('',#13223,#2012);
#1515=LINE('',#13224,#2013);
#1516=LINE('',#13227,#2014);
#1517=LINE('',#13228,#2015);
#1518=LINE('',#13231,#2016);
#1519=LINE('',#13232,#2017);
#1520=LINE('',#13234,#2018);
#1521=LINE('',#13237,#2019);
#1522=LINE('',#13239,#2020);
#1523=LINE('',#13240,#2021);
#1524=LINE('',#13243,#2022);
#1525=LINE('',#13244,#2023);
#1526=LINE('',#13247,#2024);
#1527=LINE('',#13248,#2025);
#1528=LINE('',#13250,#2026);
#1529=LINE('',#13253,#2027);
#1530=LINE('',#13255,#2028);
#1531=LINE('',#13256,#2029);
#1532=LINE('',#13259,#2030);
#1533=LINE('',#13261,#2031);
#1534=LINE('',#13262,#2032);
#1535=LINE('',#13264,#2033);
#1536=LINE('',#13270,#2034);
#1537=LINE('',#13274,#2035);
#1538=LINE('',#13278,#2036);
#1539=LINE('',#13281,#2037);
#1540=LINE('',#13282,#2038);
#1541=LINE('',#13297,#2039);
#1542=LINE('',#13299,#2040);
#1543=LINE('',#13300,#2041);
#1544=LINE('',#13302,#2042);
#1545=LINE('',#13307,#2043);
#1546=LINE('',#13317,#2044);
#1547=LINE('',#13318,#2045);
#1548=LINE('',#13323,#2046);
#1549=LINE('',#13345,#2047);
#1550=LINE('',#13346,#2048);
#1551=LINE('',#13348,#2049);
#1552=LINE('',#13350,#2050);
#1553=LINE('',#13353,#2051);
#1554=LINE('',#13355,#2052);
#1555=LINE('',#13370,#2053);
#1556=LINE('',#13371,#2054);
#1557=LINE('',#13374,#2055);
#1558=LINE('',#13395,#2056);
#1559=LINE('',#13397,#2057);
#1560=LINE('',#13399,#2058);
#1561=LINE('',#13401,#2059);
#1562=LINE('',#13404,#2060);
#1563=LINE('',#13405,#2061);
#1564=LINE('',#13408,#2062);
#1565=LINE('',#13423,#2063);
#1566=LINE('',#13438,#2064);
#1567=LINE('',#13440,#2065);
#1568=LINE('',#13445,#2066);
#1569=LINE('',#13448,#2067);
#1570=LINE('',#13449,#2068);
#1571=LINE('',#13452,#2069);
#1572=LINE('',#13463,#2070);
#1573=LINE('',#13464,#2071);
#1574=LINE('',#13467,#2072);
#1575=LINE('',#13488,#2073);
#1576=LINE('',#13497,#2074);
#1577=LINE('',#13498,#2075);
#1578=LINE('',#13500,#2076);
#1579=LINE('',#13503,#2077);
#1580=LINE('',#13504,#2078);
#1581=LINE('',#13516,#2079);
#1582=LINE('',#13524,#2080);
#1583=LINE('',#13533,#2081);
#1584=LINE('',#13538,#2082);
#1585=LINE('',#13541,#2083);
#1586=LINE('',#13546,#2084);
#1587=LINE('',#13553,#2085);
#1588=LINE('',#13555,#2086);
#1589=LINE('',#13559,#2087);
#1590=LINE('',#13562,#2088);
#1591=LINE('',#13568,#2089);
#1592=LINE('',#13574,#2090);
#1593=LINE('',#13576,#2091);
#1594=LINE('',#13580,#2092);
#1595=LINE('',#13588,#2093);
#1596=LINE('',#13591,#2094);
#1597=LINE('',#13598,#2095);
#1598=LINE('',#13609,#2096);
#1599=LINE('',#13614,#2097);
#1600=LINE('',#13615,#2098);
#1601=LINE('',#13618,#2099);
#1602=LINE('',#13619,#2100);
#1603=LINE('',#13664,#2101);
#1604=LINE('',#13673,#2102);
#1605=LINE('',#13680,#2103);
#1606=LINE('',#13685,#2104);
#1607=LINE('',#13692,#2105);
#1608=LINE('',#13707,#2106);
#1609=LINE('',#13708,#2107);
#1610=LINE('',#13711,#2108);
#1611=LINE('',#13713,#2109);
#1612=LINE('',#13715,#2110);
#1613=LINE('',#13716,#2111);
#1614=LINE('',#13719,#2112);
#1615=LINE('',#13720,#2113);
#1616=LINE('',#13729,#2114);
#1617=LINE('',#13751,#2115);
#1618=LINE('',#13752,#2116);
#1619=LINE('',#13755,#2117);
#1620=LINE('',#13757,#2118);
#1621=LINE('',#13759,#2119);
#1622=LINE('',#13760,#2120);
#1623=LINE('',#13763,#2121);
#1624=LINE('',#13764,#2122);
#1625=LINE('',#13767,#2123);
#1626=LINE('',#13789,#2124);
#1627=LINE('',#13791,#2125);
#1628=LINE('',#13795,#2126);
#1629=LINE('',#13797,#2127);
#1630=LINE('',#13800,#2128);
#1631=LINE('',#13803,#2129);
#1632=LINE('',#13804,#2130);
#1633=LINE('',#13807,#2131);
#1634=LINE('',#13821,#2132);
#1635=LINE('',#13822,#2133);
#1636=LINE('',#13824,#2134);
#1637=LINE('',#13862,#2135);
#1638=LINE('',#13864,#2136);
#1639=LINE('',#13865,#2137);
#1640=LINE('',#13877,#2138);
#1641=LINE('',#13879,#2139);
#1642=LINE('',#13882,#2140);
#1643=LINE('',#13892,#2141);
#1644=LINE('',#13906,#2142);
#1645=LINE('',#13907,#2143);
#1646=LINE('',#13909,#2144);
#1647=LINE('',#13911,#2145);
#1648=LINE('',#13914,#2146);
#1649=LINE('',#13916,#2147);
#1650=LINE('',#13919,#2148);
#1651=LINE('',#14003,#2149);
#1652=LINE('',#14005,#2150);
#1653=LINE('',#14008,#2151);
#1654=LINE('',#14010,#2152);
#1655=LINE('',#14016,#2153);
#1656=LINE('',#14022,#2154);
#1657=LINE('',#14023,#2155);
#1658=LINE('',#14026,#2156);
#1659=LINE('',#14034,#2157);
#1660=LINE('',#14037,#2158);
#1661=LINE('',#14042,#2159);
#1662=LINE('',#14049,#2160);
#1663=LINE('',#14052,#2161);
#1664=LINE('',#14054,#2162);
#1665=LINE('',#14056,#2163);
#1666=LINE('',#14059,#2164);
#1667=LINE('',#14063,#2165);
#1668=LINE('',#14067,#2166);
#1669=LINE('',#14073,#2167);
#1670=LINE('',#14076,#2168);
#1671=LINE('',#14078,#2169);
#1672=LINE('',#14080,#2170);
#1673=LINE('',#14084,#2171);
#1674=LINE('',#14090,#2172);
#1675=LINE('',#14103,#2173);
#1676=LINE('',#14109,#2174);
#1677=LINE('',#14113,#2175);
#1678=LINE('',#14114,#2176);
#1679=LINE('',#14128,#2177);
#1680=LINE('',#14129,#2178);
#1681=LINE('',#14134,#2179);
#1682=LINE('',#14135,#2180);
#1683=LINE('',#14161,#2181);
#1684=LINE('',#14165,#2182);
#1685=LINE('',#14171,#2183);
#1686=LINE('',#14175,#2184);
#1687=LINE('',#14183,#2185);
#1688=LINE('',#14185,#2186);
#1689=LINE('',#14186,#2187);
#1690=LINE('',#14193,#2188);
#1691=LINE('',#14195,#2189);
#1692=LINE('',#14196,#2190);
#1693=LINE('',#14198,#2191);
#1694=LINE('',#14199,#2192);
#1695=LINE('',#14201,#2193);
#1696=LINE('',#14203,#2194);
#1697=LINE('',#14206,#2195);
#1698=LINE('',#14233,#2196);
#1699=LINE('',#14234,#2197);
#1700=LINE('',#14251,#2198);
#1701=LINE('',#14252,#2199);
#1702=LINE('',#14259,#2200);
#1703=LINE('',#14267,#2201);
#1704=LINE('',#14275,#2202);
#1705=LINE('',#14283,#2203);
#1706=LINE('',#14293,#2204);
#1707=LINE('',#14301,#2205);
#1708=LINE('',#14309,#2206);
#1709=LINE('',#14317,#2207);
#1710=LINE('',#14325,#2208);
#1711=LINE('',#14333,#2209);
#1712=LINE('',#14341,#2210);
#1713=LINE('',#14349,#2211);
#1714=LINE('',#14357,#2212);
#1715=LINE('',#14365,#2213);
#1716=LINE('',#14373,#2214);
#1717=LINE('',#14381,#2215);
#1718=LINE('',#14389,#2216);
#1719=LINE('',#14397,#2217);
#1720=LINE('',#14405,#2218);
#1721=LINE('',#14413,#2219);
#1722=LINE('',#14421,#2220);
#1723=LINE('',#14429,#2221);
#1724=LINE('',#14437,#2222);
#1725=LINE('',#14445,#2223);
#1726=LINE('',#14453,#2224);
#1727=LINE('',#14461,#2225);
#1728=LINE('',#14469,#2226);
#1729=LINE('',#14477,#2227);
#1730=LINE('',#14485,#2228);
#1731=LINE('',#14493,#2229);
#1732=LINE('',#14502,#2230);
#1733=LINE('',#14505,#2231);
#1734=LINE('',#14508,#2232);
#1735=LINE('',#14512,#2233);
#1736=LINE('',#14513,#2234);
#1737=LINE('',#14516,#2235);
#1738=LINE('',#14535,#2236);
#1739=LINE('',#14547,#2237);
#1740=LINE('',#14551,#2238);
#1741=LINE('',#14554,#2239);
#1742=LINE('',#14557,#2240);
#1743=LINE('',#14561,#2241);
#1744=LINE('',#14562,#2242);
#1745=LINE('',#14565,#2243);
#1746=LINE('',#14584,#2244);
#1747=LINE('',#14596,#2245);
#1748=LINE('',#14600,#2246);
#1749=LINE('',#14603,#2247);
#1750=LINE('',#14606,#2248);
#1751=LINE('',#14610,#2249);
#1752=LINE('',#14611,#2250);
#1753=LINE('',#14614,#2251);
#1754=LINE('',#14633,#2252);
#1755=LINE('',#14645,#2253);
#1756=LINE('',#14649,#2254);
#1757=LINE('',#14652,#2255);
#1758=LINE('',#14655,#2256);
#1759=LINE('',#14659,#2257);
#1760=LINE('',#14660,#2258);
#1761=LINE('',#14663,#2259);
#1762=LINE('',#14682,#2260);
#1763=LINE('',#14694,#2261);
#1764=LINE('',#14698,#2262);
#1765=LINE('',#14701,#2263);
#1766=LINE('',#14704,#2264);
#1767=LINE('',#14708,#2265);
#1768=LINE('',#14709,#2266);
#1769=LINE('',#14712,#2267);
#1770=LINE('',#14731,#2268);
#1771=LINE('',#14743,#2269);
#1772=LINE('',#14747,#2270);
#1773=LINE('',#14750,#2271);
#1774=LINE('',#14753,#2272);
#1775=LINE('',#14757,#2273);
#1776=LINE('',#14758,#2274);
#1777=LINE('',#14761,#2275);
#1778=LINE('',#14772,#2276);
#1779=LINE('',#14786,#2277);
#1780=LINE('',#14795,#2278);
#1781=LINE('',#14797,#2279);
#1782=LINE('',#14798,#2280);
#1783=LINE('',#14801,#2281);
#1784=LINE('',#14805,#2282);
#1785=LINE('',#14809,#2283);
#1786=LINE('',#14820,#2284);
#1787=LINE('',#14836,#2285);
#1788=LINE('',#14843,#2286);
#1789=LINE('',#14846,#2287);
#1790=LINE('',#14849,#2288);
#1791=LINE('',#14850,#2289);
#1792=LINE('',#14853,#2290);
#1793=LINE('',#14858,#2291);
#1794=LINE('',#14869,#2292);
#1795=LINE('',#14885,#2293);
#1796=LINE('',#14892,#2294);
#1797=LINE('',#14895,#2295);
#1798=LINE('',#14898,#2296);
#1799=LINE('',#14899,#2297);
#1800=LINE('',#14902,#2298);
#1801=LINE('',#14907,#2299);
#1802=LINE('',#14919,#2300);
#1803=LINE('',#14924,#2301);
#1804=LINE('',#14926,#2302);
#1805=LINE('',#14930,#2303);
#1806=LINE('',#14934,#2304);
#1807=LINE('',#14936,#2305);
#1808=LINE('',#14940,#2306);
#1809=LINE('',#14944,#2307);
#1810=LINE('',#14946,#2308);
#1811=LINE('',#14950,#2309);
#1812=LINE('',#14954,#2310);
#1813=LINE('',#14956,#2311);
#1814=LINE('',#14960,#2312);
#1815=LINE('',#14971,#2313);
#1816=LINE('',#14987,#2314);
#1817=LINE('',#14994,#2315);
#1818=LINE('',#14996,#2316);
#1819=LINE('',#14997,#2317);
#1820=LINE('',#15000,#2318);
#1821=LINE('',#15005,#2319);
#1822=LINE('',#15009,#2320);
#1823=LINE('',#15020,#2321);
#1824=LINE('',#15034,#2322);
#1825=LINE('',#15043,#2323);
#1826=LINE('',#15045,#2324);
#1827=LINE('',#15046,#2325);
#1828=LINE('',#15049,#2326);
#1829=LINE('',#15053,#2327);
#1830=LINE('',#15057,#2328);
#1831=LINE('',#15074,#2329);
#1832=LINE('',#15088,#2330);
#1833=LINE('',#15091,#2331);
#1834=LINE('',#15094,#2332);
#1835=LINE('',#15097,#2333);
#1836=LINE('',#15101,#2334);
#1837=LINE('',#15102,#2335);
#1838=LINE('',#15105,#2336);
#1839=LINE('',#15120,#2337);
#1840=LINE('',#15134,#2338);
#1841=LINE('',#15139,#2339);
#1842=LINE('',#15142,#2340);
#1843=LINE('',#15145,#2341);
#1844=LINE('',#15146,#2342);
#1845=LINE('',#15149,#2343);
#1846=LINE('',#15153,#2344);
#1847=LINE('',#15164,#2345);
#1848=LINE('',#15180,#2346);
#1849=LINE('',#15187,#2347);
#1850=LINE('',#15190,#2348);
#1851=LINE('',#15193,#2349);
#1852=LINE('',#15194,#2350);
#1853=LINE('',#15197,#2351);
#1854=LINE('',#15202,#2352);
#1855=LINE('',#15213,#2353);
#1856=LINE('',#15227,#2354);
#1857=LINE('',#15236,#2355);
#1858=LINE('',#15238,#2356);
#1859=LINE('',#15239,#2357);
#1860=LINE('',#15242,#2358);
#1861=LINE('',#15246,#2359);
#1862=LINE('',#15250,#2360);
#1863=LINE('',#15269,#2361);
#1864=LINE('',#15281,#2362);
#1865=LINE('',#15285,#2363);
#1866=LINE('',#15288,#2364);
#1867=LINE('',#15291,#2365);
#1868=LINE('',#15295,#2366);
#1869=LINE('',#15296,#2367);
#1870=LINE('',#15299,#2368);
#1871=LINE('',#15315,#2369);
#1872=LINE('',#15438,#2370);
#1873=LINE('',#15447,#2371);
#1874=LINE('',#15451,#2372);
#1875=LINE('',#15456,#2373);
#1876=LINE('',#15465,#2374);
#1877=LINE('',#15471,#2375);
#1878=LINE('',#15474,#2376);
#1879=LINE('',#15483,#2377);
#1880=LINE('',#15489,#2378);
#1881=LINE('',#15492,#2379);
#1882=LINE('',#15501,#2380);
#1883=LINE('',#15507,#2381);
#1884=LINE('',#15510,#2382);
#1885=LINE('',#15512,#2383);
#1886=LINE('',#15513,#2384);
#1887=LINE('',#15516,#2385);
#1888=LINE('',#15520,#2386);
#1889=LINE('',#15521,#2387);
#1890=LINE('',#15524,#2388);
#1891=LINE('',#15528,#2389);
#1892=LINE('',#15529,#2390);
#1893=LINE('',#15532,#2391);
#1894=LINE('',#15536,#2392);
#1895=LINE('',#15537,#2393);
#1896=LINE('',#15540,#2394);
#1897=LINE('',#15544,#2395);
#1898=LINE('',#15545,#2396);
#1899=LINE('',#15548,#2397);
#1900=LINE('',#15552,#2398);
#1901=LINE('',#15553,#2399);
#1902=LINE('',#15556,#2400);
#1903=LINE('',#15560,#2401);
#1904=LINE('',#15562,#2402);
#1905=LINE('',#15563,#2403);
#1906=LINE('',#15567,#2404);
#1907=LINE('',#15575,#2405);
#1908=LINE('',#15578,#2406);
#1909=LINE('',#15579,#2407);
#1910=LINE('',#15583,#2408);
#1911=LINE('',#15588,#2409);
#1912=LINE('',#15590,#2410);
#1913=LINE('',#15591,#2411);
#1914=LINE('',#15597,#2412);
#1915=LINE('',#15603,#2413);
#1916=LINE('',#15606,#2414);
#1917=LINE('',#15607,#2415);
#1918=LINE('',#15611,#2416);
#1919=LINE('',#15617,#2417);
#1920=LINE('',#15621,#2418);
#1921=LINE('',#15624,#2419);
#1922=LINE('',#15625,#2420);
#1923=LINE('',#15631,#2421);
#1924=LINE('',#15635,#2422);
#1925=LINE('',#15639,#2423);
#1926=LINE('',#15641,#2424);
#1927=LINE('',#15645,#2425);
#1928=LINE('',#15648,#2426);
#1929=LINE('',#15649,#2427);
#1930=LINE('',#15653,#2428);
#1931=LINE('',#15659,#2429);
#1932=LINE('',#15662,#2430);
#1933=LINE('',#15663,#2431);
#1934=LINE('',#15667,#2432);
#1935=LINE('',#15673,#2433);
#1936=LINE('',#15676,#2434);
#1937=LINE('',#15677,#2435);
#1938=LINE('',#15681,#2436);
#1939=LINE('',#15687,#2437);
#1940=LINE('',#15691,#2438);
#1941=LINE('',#15694,#2439);
#1942=LINE('',#15695,#2440);
#1943=LINE('',#15700,#2441);
#1944=LINE('',#15701,#2442);
#1945=LINE('',#15705,#2443);
#1946=LINE('',#15709,#2444);
#1947=LINE('',#15715,#2445);
#1948=LINE('',#15719,#2446);
#1949=LINE('',#15722,#2447);
#1950=LINE('',#15723,#2448);
#1951=LINE('',#15729,#2449);
#1952=LINE('',#15732,#2450);
#1953=LINE('',#15733,#2451);
#1954=LINE('',#15737,#2452);
#1955=LINE('',#15743,#2453);
#1956=LINE('',#15747,#2454);
#1957=LINE('',#15751,#2455);
#1958=LINE('',#15753,#2456);
#1959=LINE('',#15757,#2457);
#1960=LINE('',#15761,#2458);
#1961=LINE('',#15765,#2459);
#1962=LINE('',#15767,#2460);
#1963=LINE('',#15771,#2461);
#1964=LINE('',#15774,#2462);
#1965=LINE('',#15775,#2463);
#1966=LINE('',#15779,#2464);
#1967=LINE('',#15782,#2465);
#1968=LINE('',#15783,#2466);
#1969=LINE('',#15787,#2467);
#1970=LINE('',#15790,#2468);
#1971=LINE('',#15791,#2469);
#1972=LINE('',#15795,#2470);
#1973=LINE('',#15798,#2471);
#1974=LINE('',#15799,#2472);
#1975=LINE('',#15803,#2473);
#1976=LINE('',#15806,#2474);
#1977=LINE('',#15807,#2475);
#1978=LINE('',#15811,#2476);
#1979=LINE('',#15813,#2477);
#1980=LINE('',#15817,#2478);
#1981=LINE('',#15820,#2479);
#1982=LINE('',#15821,#2480);
#1983=LINE('',#15825,#2481);
#1984=VECTOR('',#9898,3.);
#1985=VECTOR('',#9899,10.);
#1986=VECTOR('',#9900,10.);
#1987=VECTOR('',#9901,3.);
#1988=VECTOR('',#9904,10.);
#1989=VECTOR('',#9905,10.);
#1990=VECTOR('',#9906,10.);
#1991=VECTOR('',#9907,10.);
#1992=VECTOR('',#9908,10.);
#1993=VECTOR('',#9909,10.);
#1994=VECTOR('',#9910,10.);
#1995=VECTOR('',#9911,10.);
#1996=VECTOR('',#9934,2.5);
#1997=VECTOR('',#9945,2.5);
#1998=VECTOR('',#9958,10.);
#1999=VECTOR('',#9959,10.);
#2000=VECTOR('',#9960,10.);
#2001=VECTOR('',#9961,10.);
#2002=VECTOR('',#9964,10.);
#2003=VECTOR('',#9965,10.);
#2004=VECTOR('',#9966,10.);
#2005=VECTOR('',#9967,10.);
#2006=VECTOR('',#9970,10.);
#2007=VECTOR('',#9971,10.);
#2008=VECTOR('',#9972,10.);
#2009=VECTOR('',#9973,10.);
#2010=VECTOR('',#9978,2.);
#2011=VECTOR('',#9981,10.);
#2012=VECTOR('',#9982,10.);
#2013=VECTOR('',#9983,10.);
#2014=VECTOR('',#9986,10.);
#2015=VECTOR('',#9987,10.);
#2016=VECTOR('',#9990,10.);
#2017=VECTOR('',#9991,10.);
#2018=VECTOR('',#9994,10.);
#2019=VECTOR('',#9997,10.);
#2020=VECTOR('',#9998,10.);
#2021=VECTOR('',#9999,10.);
#2022=VECTOR('',#10002,10.);
#2023=VECTOR('',#10003,10.);
#2024=VECTOR('',#10006,10.);
#2025=VECTOR('',#10007,10.);
#2026=VECTOR('',#10010,10.);
#2027=VECTOR('',#10013,10.);
#2028=VECTOR('',#10014,10.);
#2029=VECTOR('',#10015,10.);
#2030=VECTOR('',#10018,10.);
#2031=VECTOR('',#10019,10.);
#2032=VECTOR('',#10020,10.);
#2033=VECTOR('',#10023,10.);
#2034=VECTOR('',#10028,10.);
#2035=VECTOR('',#10031,10.);
#2036=VECTOR('',#10034,10.);
#2037=VECTOR('',#10037,10.);
#2038=VECTOR('',#10038,10.);
#2039=VECTOR('',#10055,10.);
#2040=VECTOR('',#10056,10.);
#2041=VECTOR('',#10057,10.);
#2042=VECTOR('',#10058,10.);
#2043=VECTOR('',#10065,3.);
#2044=VECTOR('',#10078,10.);
#2045=VECTOR('',#10079,10.);
#2046=VECTOR('',#10084,3.);
#2047=VECTOR('',#10109,10.);
#2048=VECTOR('',#10110,10.);
#2049=VECTOR('',#10113,10.);
#2050=VECTOR('',#10114,10.);
#2051=VECTOR('',#10117,10.);
#2052=VECTOR('',#10120,3.);
#2053=VECTOR('',#10139,10.);
#2054=VECTOR('',#10140,10.);
#2055=VECTOR('',#10143,3.);
#2056=VECTOR('',#10168,10.);
#2057=VECTOR('',#10169,10.);
#2058=VECTOR('',#10170,10.);
#2059=VECTOR('',#10173,10.);
#2060=VECTOR('',#10176,10.);
#2061=VECTOR('',#10177,10.);
#2062=VECTOR('',#10180,3.);
#2063=VECTOR('',#10199,3.);
#2064=VECTOR('',#10218,10.);
#2065=VECTOR('',#10219,10.);
#2066=VECTOR('',#10224,10.);
#2067=VECTOR('',#10227,10.);
#2068=VECTOR('',#10228,10.);
#2069=VECTOR('',#10231,3.);
#2070=VECTOR('',#10246,10.);
#2071=VECTOR('',#10247,10.);
#2072=VECTOR('',#10250,3.);
#2073=VECTOR('',#10285,10.);
#2074=VECTOR('',#10298,10.);
#2075=VECTOR('',#10299,10.);
#2076=VECTOR('',#10302,10.);
#2077=VECTOR('',#10305,10.);
#2078=VECTOR('',#10306,10.);
#2079=VECTOR('',#10323,3.);
#2080=VECTOR('',#10334,3.);
#2081=VECTOR('',#10349,2.5);
#2082=VECTOR('',#10354,10.);
#2083=VECTOR('',#10357,10.);
#2084=VECTOR('',#10364,3.);
#2085=VECTOR('',#10373,10.);
#2086=VECTOR('',#10376,10.);
#2087=VECTOR('',#10379,10.);
#2088=VECTOR('',#10382,10.);
#2089=VECTOR('',#10389,3.);
#2090=VECTOR('',#10398,10.);
#2091=VECTOR('',#10401,10.);
#2092=VECTOR('',#10406,10.);
#2093=VECTOR('',#10417,10.);
#2094=VECTOR('',#10422,3.);
#2095=VECTOR('',#10433,10.);
#2096=VECTOR('',#10448,10.);
#2097=VECTOR('',#10457,10.);
#2098=VECTOR('',#10458,10.);
#2099=VECTOR('',#10463,10.);
#2100=VECTOR('',#10464,10.);
#2101=VECTOR('',#10549,2.5);
#2102=VECTOR('',#10562,2.5);
#2103=VECTOR('',#10573,3.);
#2104=VECTOR('',#10578,2.5);
#2105=VECTOR('',#10589,3.);
#2106=VECTOR('',#10606,10.);
#2107=VECTOR('',#10607,10.);
#2108=VECTOR('',#10610,10.);
#2109=VECTOR('',#10611,10.);
#2110=VECTOR('',#10612,10.);
#2111=VECTOR('',#10613,10.);
#2112=VECTOR('',#10616,10.);
#2113=VECTOR('',#10617,10.);
#2114=VECTOR('',#10626,3.);
#2115=VECTOR('',#10651,10.);
#2116=VECTOR('',#10652,10.);
#2117=VECTOR('',#10655,10.);
#2118=VECTOR('',#10656,10.);
#2119=VECTOR('',#10657,10.);
#2120=VECTOR('',#10658,10.);
#2121=VECTOR('',#10661,10.);
#2122=VECTOR('',#10662,10.);
#2123=VECTOR('',#10665,3.);
#2124=VECTOR('',#10690,10.);
#2125=VECTOR('',#10691,10.);
#2126=VECTOR('',#10694,10.);
#2127=VECTOR('',#10695,10.);
#2128=VECTOR('',#10698,10.);
#2129=VECTOR('',#10701,10.);
#2130=VECTOR('',#10702,10.);
#2131=VECTOR('',#10705,3.);
#2132=VECTOR('',#10724,10.);
#2133=VECTOR('',#10725,10.);
#2134=VECTOR('',#10728,3.);
#2135=VECTOR('',#10781,10.);
#2136=VECTOR('',#10782,10.);
#2137=VECTOR('',#10783,10.);
#2138=VECTOR('',#10802,10.);
#2139=VECTOR('',#10805,10.);
#2140=VECTOR('',#10808,10.);
#2141=VECTOR('',#10821,10.);
#2142=VECTOR('',#10842,10.);
#2143=VECTOR('',#10843,10.);
#2144=VECTOR('',#10846,10.);
#2145=VECTOR('',#10849,10.);
#2146=VECTOR('',#10854,10.);
#2147=VECTOR('',#10857,10.);
#2148=VECTOR('',#10862,10.);
#2149=VECTOR('',#10873,10.);
#2150=VECTOR('',#10876,10.);
#2151=VECTOR('',#10879,10.);
#2152=VECTOR('',#10880,10.);
#2153=VECTOR('',#10885,10.);
#2154=VECTOR('',#10890,10.);
#2155=VECTOR('',#10891,10.);
#2156=VECTOR('',#10894,2.);
#2157=VECTOR('',#10905,10.);
#2158=VECTOR('',#10908,10.);
#2159=VECTOR('',#10915,3.);
#2160=VECTOR('',#10924,10.);
#2161=VECTOR('',#10927,10.);
#2162=VECTOR('',#10930,10.);
#2163=VECTOR('',#10933,10.);
#2164=VECTOR('',#10936,10.);
#2165=VECTOR('',#10939,10.);
#2166=VECTOR('',#10946,3.);
#2167=VECTOR('',#10953,10.);
#2168=VECTOR('',#10956,10.);
#2169=VECTOR('',#10959,10.);
#2170=VECTOR('',#10962,10.);
#2171=VECTOR('',#10967,10.);
#2172=VECTOR('',#10974,10.);
#2173=VECTOR('',#10993,10.);
#2174=VECTOR('',#11000,10.);
#2175=VECTOR('',#11005,3.);
#2176=VECTOR('',#11006,3.);
#2177=VECTOR('',#11029,10.);
#2178=VECTOR('',#11030,10.);
#2179=VECTOR('',#11039,10.);
#2180=VECTOR('',#11040,10.);
#2181=VECTOR('',#11087,10.);
#2182=VECTOR('',#11090,10.);
#2183=VECTOR('',#11097,10.);
#2184=VECTOR('',#11100,10.);
#2185=VECTOR('',#11113,10.);
#2186=VECTOR('',#11114,10.);
#2187=VECTOR('',#11115,10.);
#2188=VECTOR('',#11126,10.);
#2189=VECTOR('',#11127,10.);
#2190=VECTOR('',#11128,10.);
#2191=VECTOR('',#11131,10.);
#2192=VECTOR('',#11132,10.);
#2193=VECTOR('',#11135,10.);
#2194=VECTOR('',#11138,10.);
#2195=VECTOR('',#11143,10.);
#2196=VECTOR('',#11176,10.);
#2197=VECTOR('',#11177,10.);
#2198=VECTOR('',#11198,10.);
#2199=VECTOR('',#11199,10.);
#2200=VECTOR('',#11206,10.);
#2201=VECTOR('',#11213,10.);
#2202=VECTOR('',#11220,10.);
#2203=VECTOR('',#11227,10.);
#2204=VECTOR('',#11236,10.);
#2205=VECTOR('',#11243,10.);
#2206=VECTOR('',#11250,10.);
#2207=VECTOR('',#11257,10.);
#2208=VECTOR('',#11264,10.);
#2209=VECTOR('',#11271,10.);
#2210=VECTOR('',#11278,10.);
#2211=VECTOR('',#11285,10.);
#2212=VECTOR('',#11292,10.);
#2213=VECTOR('',#11299,10.);
#2214=VECTOR('',#11306,10.);
#2215=VECTOR('',#11313,10.);
#2216=VECTOR('',#11320,10.);
#2217=VECTOR('',#11327,10.);
#2218=VECTOR('',#11334,10.);
#2219=VECTOR('',#11341,10.);
#2220=VECTOR('',#11348,10.);
#2221=VECTOR('',#11355,10.);
#2222=VECTOR('',#11362,10.);
#2223=VECTOR('',#11369,10.);
#2224=VECTOR('',#11376,10.);
#2225=VECTOR('',#11383,10.);
#2226=VECTOR('',#11390,10.);
#2227=VECTOR('',#11397,10.);
#2228=VECTOR('',#11404,10.);
#2229=VECTOR('',#11411,10.);
#2230=VECTOR('',#11422,10.);
#2231=VECTOR('',#11425,10.);
#2232=VECTOR('',#11428,10.);
#2233=VECTOR('',#11433,10.);
#2234=VECTOR('',#11434,10.);
#2235=VECTOR('',#11437,10.);
#2236=VECTOR('',#11464,10.);
#2237=VECTOR('',#11481,10.);
#2238=VECTOR('',#11486,10.);
#2239=VECTOR('',#11489,10.);
#2240=VECTOR('',#11492,10.);
#2241=VECTOR('',#11497,10.);
#2242=VECTOR('',#11498,10.);
#2243=VECTOR('',#11501,10.);
#2244=VECTOR('',#11528,10.);
#2245=VECTOR('',#11545,10.);
#2246=VECTOR('',#11550,10.);
#2247=VECTOR('',#11553,10.);
#2248=VECTOR('',#11556,10.);
#2249=VECTOR('',#11561,10.);
#2250=VECTOR('',#11562,10.);
#2251=VECTOR('',#11565,10.);
#2252=VECTOR('',#11592,10.);
#2253=VECTOR('',#11609,10.);
#2254=VECTOR('',#11614,10.);
#2255=VECTOR('',#11617,10.);
#2256=VECTOR('',#11620,10.);
#2257=VECTOR('',#11625,10.);
#2258=VECTOR('',#11626,10.);
#2259=VECTOR('',#11629,10.);
#2260=VECTOR('',#11656,10.);
#2261=VECTOR('',#11673,10.);
#2262=VECTOR('',#11678,10.);
#2263=VECTOR('',#11681,10.);
#2264=VECTOR('',#11684,10.);
#2265=VECTOR('',#11689,10.);
#2266=VECTOR('',#11690,10.);
#2267=VECTOR('',#11693,10.);
#2268=VECTOR('',#11720,10.);
#2269=VECTOR('',#11737,10.);
#2270=VECTOR('',#11742,10.);
#2271=VECTOR('',#11745,10.);
#2272=VECTOR('',#11748,10.);
#2273=VECTOR('',#11753,10.);
#2274=VECTOR('',#11754,10.);
#2275=VECTOR('',#11757,10.);
#2276=VECTOR('',#11772,10.);
#2277=VECTOR('',#11791,10.);
#2278=VECTOR('',#11804,10.);
#2279=VECTOR('',#11805,10.);
#2280=VECTOR('',#11806,10.);
#2281=VECTOR('',#11809,10.);
#2282=VECTOR('',#11814,10.);
#2283=VECTOR('',#11819,10.);
#2284=VECTOR('',#11834,10.);
#2285=VECTOR('',#11857,10.);
#2286=VECTOR('',#11866,10.);
#2287=VECTOR('',#11869,10.);
#2288=VECTOR('',#11872,10.);
#2289=VECTOR('',#11873,10.);
#2290=VECTOR('',#11876,10.);
#2291=VECTOR('',#11883,10.);
#2292=VECTOR('',#11898,10.);
#2293=VECTOR('',#11921,10.);
#2294=VECTOR('',#11930,10.);
#2295=VECTOR('',#11933,10.);
#2296=VECTOR('',#11936,10.);
#2297=VECTOR('',#11937,10.);
#2298=VECTOR('',#11940,10.);
#2299=VECTOR('',#11947,10.);
#2300=VECTOR('',#11962,4.);
#2301=VECTOR('',#11967,10.);
#2302=VECTOR('',#11968,10.);
#2303=VECTOR('',#11971,10.);
#2304=VECTOR('',#11974,10.);
#2305=VECTOR('',#11975,10.);
#2306=VECTOR('',#11978,10.);
#2307=VECTOR('',#11981,10.);
#2308=VECTOR('',#11982,10.);
#2309=VECTOR('',#11985,10.);
#2310=VECTOR('',#11988,10.);
#2311=VECTOR('',#11989,10.);
#2312=VECTOR('',#11992,10.);
#2313=VECTOR('',#12007,10.);
#2314=VECTOR('',#12030,10.);
#2315=VECTOR('',#12039,10.);
#2316=VECTOR('',#12040,10.);
#2317=VECTOR('',#12041,10.);
#2318=VECTOR('',#12044,10.);
#2319=VECTOR('',#12051,10.);
#2320=VECTOR('',#12056,10.);
#2321=VECTOR('',#12071,10.);
#2322=VECTOR('',#12090,10.);
#2323=VECTOR('',#12103,10.);
#2324=VECTOR('',#12104,10.);
#2325=VECTOR('',#12105,10.);
#2326=VECTOR('',#12108,10.);
#2327=VECTOR('',#12113,10.);
#2328=VECTOR('',#12118,10.);
#2329=VECTOR('',#12141,10.);
#2330=VECTOR('',#12162,10.);
#2331=VECTOR('',#12165,10.);
#2332=VECTOR('',#12168,10.);
#2333=VECTOR('',#12171,10.);
#2334=VECTOR('',#12176,10.);
#2335=VECTOR('',#12177,10.);
#2336=VECTOR('',#12180,10.);
#2337=VECTOR('',#12201,10.);
#2338=VECTOR('',#12220,10.);
#2339=VECTOR('',#12227,10.);
#2340=VECTOR('',#12230,10.);
#2341=VECTOR('',#12233,10.);
#2342=VECTOR('',#12234,10.);
#2343=VECTOR('',#12237,10.);
#2344=VECTOR('',#12242,10.);
#2345=VECTOR('',#12257,10.);
#2346=VECTOR('',#12280,10.);
#2347=VECTOR('',#12289,10.);
#2348=VECTOR('',#12292,10.);
#2349=VECTOR('',#12295,10.);
#2350=VECTOR('',#12296,10.);
#2351=VECTOR('',#12299,10.);
#2352=VECTOR('',#12306,10.);
#2353=VECTOR('',#12321,10.);
#2354=VECTOR('',#12340,10.);
#2355=VECTOR('',#12353,10.);
#2356=VECTOR('',#12354,10.);
#2357=VECTOR('',#12355,10.);
#2358=VECTOR('',#12358,10.);
#2359=VECTOR('',#12363,10.);
#2360=VECTOR('',#12368,10.);
#2361=VECTOR('',#12395,10.);
#2362=VECTOR('',#12412,10.);
#2363=VECTOR('',#12417,10.);
#2364=VECTOR('',#12420,10.);
#2365=VECTOR('',#12423,10.);
#2366=VECTOR('',#12428,10.);
#2367=VECTOR('',#12429,10.);
#2368=VECTOR('',#12432,10.);
#2369=VECTOR('',#12459,12.0000000149012);
#2370=VECTOR('',#12486,10.);
#2371=VECTOR('',#12499,10.);
#2372=VECTOR('',#12504,10.);
#2373=VECTOR('',#12511,10.);
#2374=VECTOR('',#12524,10.);
#2375=VECTOR('',#12533,10.);
#2376=VECTOR('',#12536,10.);
#2377=VECTOR('',#12549,10.);
#2378=VECTOR('',#12558,10.);
#2379=VECTOR('',#12561,10.);
#2380=VECTOR('',#12574,10.);
#2381=VECTOR('',#12583,10.);
#2382=VECTOR('',#12586,10.);
#2383=VECTOR('',#12587,10.);
#2384=VECTOR('',#12588,10.);
#2385=VECTOR('',#12591,10.);
#2386=VECTOR('',#12596,10.);
#2387=VECTOR('',#12597,10.);
#2388=VECTOR('',#12600,10.);
#2389=VECTOR('',#12605,10.);
#2390=VECTOR('',#12606,10.);
#2391=VECTOR('',#12609,10.);
#2392=VECTOR('',#12614,10.);
#2393=VECTOR('',#12615,10.);
#2394=VECTOR('',#12618,10.);
#2395=VECTOR('',#12623,10.);
#2396=VECTOR('',#12624,10.);
#2397=VECTOR('',#12627,10.);
#2398=VECTOR('',#12632,10.);
#2399=VECTOR('',#12633,10.);
#2400=VECTOR('',#12636,10.);
#2401=VECTOR('',#12641,10.);
#2402=VECTOR('',#12642,10.);
#2403=VECTOR('',#12643,10.);
#2404=VECTOR('',#12648,10.);
#2405=VECTOR('',#12661,10.);
#2406=VECTOR('',#12664,10.);
#2407=VECTOR('',#12665,10.);
#2408=VECTOR('',#12670,10.);
#2409=VECTOR('',#12677,10.);
#2410=VECTOR('',#12678,10.);
#2411=VECTOR('',#12679,10.);
#2412=VECTOR('',#12688,10.);
#2413=VECTOR('',#12697,10.);
#2414=VECTOR('',#12700,10.);
#2415=VECTOR('',#12701,10.);
#2416=VECTOR('',#12706,10.);
#2417=VECTOR('',#12715,10.);
#2418=VECTOR('',#12720,10.);
#2419=VECTOR('',#12723,10.);
#2420=VECTOR('',#12724,10.);
#2421=VECTOR('',#12733,10.);
#2422=VECTOR('',#12738,10.);
#2423=VECTOR('',#12743,10.);
#2424=VECTOR('',#12746,10.);
#2425=VECTOR('',#12751,10.);
#2426=VECTOR('',#12754,10.);
#2427=VECTOR('',#12755,10.);
#2428=VECTOR('',#12760,10.);
#2429=VECTOR('',#12769,10.);
#2430=VECTOR('',#12772,10.);
#2431=VECTOR('',#12773,10.);
#2432=VECTOR('',#12778,10.);
#2433=VECTOR('',#12787,10.);
#2434=VECTOR('',#12790,10.);
#2435=VECTOR('',#12791,10.);
#2436=VECTOR('',#12796,10.);
#2437=VECTOR('',#12805,10.);
#2438=VECTOR('',#12810,10.);
#2439=VECTOR('',#12813,10.);
#2440=VECTOR('',#12814,10.);
#2441=VECTOR('',#12821,10.);
#2442=VECTOR('',#12822,10.);
#2443=VECTOR('',#12827,10.);
#2444=VECTOR('',#12832,10.);
#2445=VECTOR('',#12841,10.);
#2446=VECTOR('',#12846,10.);
#2447=VECTOR('',#12849,10.);
#2448=VECTOR('',#12850,10.);
#2449=VECTOR('',#12859,10.);
#2450=VECTOR('',#12862,10.);
#2451=VECTOR('',#12863,10.);
#2452=VECTOR('',#12868,10.);
#2453=VECTOR('',#12877,10.);
#2454=VECTOR('',#12882,10.);
#2455=VECTOR('',#12887,10.);
#2456=VECTOR('',#12890,10.);
#2457=VECTOR('',#12895,10.);
#2458=VECTOR('',#12900,10.);
#2459=VECTOR('',#12905,10.);
#2460=VECTOR('',#12908,10.);
#2461=VECTOR('',#12913,10.);
#2462=VECTOR('',#12916,10.);
#2463=VECTOR('',#12917,10.);
#2464=VECTOR('',#12922,10.);
#2465=VECTOR('',#12925,10.);
#2466=VECTOR('',#12926,10.);
#2467=VECTOR('',#12931,10.);
#2468=VECTOR('',#12934,10.);
#2469=VECTOR('',#12935,10.);
#2470=VECTOR('',#12940,10.);
#2471=VECTOR('',#12943,10.);
#2472=VECTOR('',#12944,10.);
#2473=VECTOR('',#12949,10.);
#2474=VECTOR('',#12952,10.);
#2475=VECTOR('',#12953,10.);
#2476=VECTOR('',#12958,10.);
#2477=VECTOR('',#12961,10.);
#2478=VECTOR('',#12966,10.);
#2479=VECTOR('',#12969,10.);
#2480=VECTOR('',#12970,10.);
#2481=VECTOR('',#12975,10.);
#2482=CIRCLE('',#8598,3.);
#2483=CIRCLE('',#8599,3.);
#2484=CIRCLE('',#8601,2.);
#2485=CIRCLE('',#8603,3.);
#2486=CIRCLE('',#8604,2.5);
#2487=CIRCLE('',#8605,2.5);
#2488=CIRCLE('',#8607,3.);
#2489=CIRCLE('',#8610,2.5);
#2490=CIRCLE('',#8611,2.5);
#2491=CIRCLE('',#8613,3.);
#2492=CIRCLE('',#8615,2.5);
#2493=CIRCLE('',#8616,2.5);
#2494=CIRCLE('',#8618,3.);
#2495=CIRCLE('',#8620,3.);
#2496=CIRCLE('',#8625,2.);
#2497=CIRCLE('',#8638,0.5);
#2498=CIRCLE('',#8639,0.5);
#2499=CIRCLE('',#8640,0.5);
#2500=CIRCLE('',#8641,0.5);
#2501=CIRCLE('',#8643,3.5);
#2502=CIRCLE('',#8644,0.5);
#2503=CIRCLE('',#8645,3.);
#2504=CIRCLE('',#8646,3.);
#2505=CIRCLE('',#8647,3.5);
#2506=CIRCLE('',#8649,3.5);
#2507=CIRCLE('',#8650,3.5);
#2508=CIRCLE('',#8652,3.);
#2509=CIRCLE('',#8654,0.5);
#2510=CIRCLE('',#8655,3.);
#2511=CIRCLE('',#8656,3.);
#2512=CIRCLE('',#8657,3.5);
#2513=CIRCLE('',#8662,3.);
#2514=CIRCLE('',#8665,3.);
#2515=CIRCLE('',#8667,3.5);
#2516=CIRCLE('',#8668,3.5);
#2517=CIRCLE('',#8669,0.5);
#2518=CIRCLE('',#8670,3.);
#2519=CIRCLE('',#8671,3.);
#2520=CIRCLE('',#8674,3.5);
#2521=CIRCLE('',#8676,3.);
#2522=CIRCLE('',#8678,3.);
#2523=CIRCLE('',#8680,3.5);
#2524=CIRCLE('',#8681,0.5);
#2525=CIRCLE('',#8682,3.);
#2526=CIRCLE('',#8683,3.);
#2527=CIRCLE('',#8687,3.);
#2528=CIRCLE('',#8689,3.);
#2529=CIRCLE('',#8692,3.5);
#2530=CIRCLE('',#8693,0.5);
#2531=CIRCLE('',#8694,3.);
#2532=CIRCLE('',#8695,3.);
#2533=CIRCLE('',#8696,3.5);
#2534=CIRCLE('',#8698,3.5);
#2535=CIRCLE('',#8702,3.);
#2536=CIRCLE('',#8703,3.);
#2537=CIRCLE('',#8706,0.5);
#2538=CIRCLE('',#8707,3.);
#2539=CIRCLE('',#8708,3.);
#2540=CIRCLE('',#8710,3.);
#2541=CIRCLE('',#8712,3.5);
#2542=CIRCLE('',#8713,0.5);
#2543=CIRCLE('',#8714,3.);
#2544=CIRCLE('',#8715,3.);
#2545=CIRCLE('',#8716,3.5);
#2546=CIRCLE('',#8717,3.5);
#2547=CIRCLE('',#8719,3.5);
#2548=CIRCLE('',#8720,3.5);
#2549=CIRCLE('',#8723,3.);
#2550=CIRCLE('',#8725,0.5);
#2551=CIRCLE('',#8726,3.);
#2552=CIRCLE('',#8727,3.);
#2553=CIRCLE('',#8728,3.5);
#2554=CIRCLE('',#8731,3.);
#2555=CIRCLE('',#8733,0.499999999999998);
#2556=CIRCLE('',#8734,0.5);
#2557=CIRCLE('',#8735,0.5);
#2558=CIRCLE('',#8738,0.5);
#2559=CIRCLE('',#8739,0.5);
#2560=CIRCLE('',#8740,0.5);
#2561=CIRCLE('',#8743,0.5);
#2562=CIRCLE('',#8744,0.499999999999998);
#2563=CIRCLE('',#8745,0.5);
#2564=CIRCLE('',#8749,0.5);
#2565=CIRCLE('',#8750,0.5);
#2566=CIRCLE('',#8751,0.5);
#2567=CIRCLE('',#8757,3.5);
#2568=CIRCLE('',#8758,3.5);
#2569=CIRCLE('',#8759,3.5);
#2570=CIRCLE('',#8761,0.5);
#2571=CIRCLE('',#8762,3.);
#2572=CIRCLE('',#8764,3.);
#2573=CIRCLE('',#8766,0.5);
#2574=CIRCLE('',#8767,3.);
#2575=CIRCLE('',#8769,3.);
#2576=CIRCLE('',#8771,3.);
#2577=CIRCLE('',#8773,2.5);
#2578=CIRCLE('',#8778,3.);
#2579=CIRCLE('',#8779,2.5);
#2580=CIRCLE('',#8781,3.);
#2581=CIRCLE('',#8784,3.);
#2582=CIRCLE('',#8786,2.5);
#2583=CIRCLE('',#8788,3.);
#2584=CIRCLE('',#8789,2.5);
#2585=CIRCLE('',#8791,3.);
#2586=CIRCLE('',#8793,3.);
#2587=CIRCLE('',#8796,2.5);
#2588=CIRCLE('',#8798,2.5);
#2589=CIRCLE('',#8799,3.);
#2590=CIRCLE('',#8804,2.5);
#2591=CIRCLE('',#8806,3.);
#2592=CIRCLE('',#8807,3.);
#2593=CIRCLE('',#8808,3.);
#2594=CIRCLE('',#8810,2.5);
#2595=CIRCLE('',#8818,2.5);
#2596=CIRCLE('',#8820,2.5);
#2597=CIRCLE('',#8822,2.5);
#2598=CIRCLE('',#8824,2.5);
#2599=CIRCLE('',#8826,2.5);
#2600=CIRCLE('',#8828,2.5);
#2601=CIRCLE('',#8833,2.5);
#2602=CIRCLE('',#8835,2.5);
#2603=CIRCLE('',#8843,2.5);
#2604=CIRCLE('',#8862,3.);
#2605=CIRCLE('',#8864,3.);
#2606=CIRCLE('',#8866,2.5);
#2607=CIRCLE('',#8867,2.5);
#2608=CIRCLE('',#8871,2.5);
#2609=CIRCLE('',#8872,2.5);
#2610=CIRCLE('',#8875,3.);
#2611=CIRCLE('',#8878,2.5);
#2612=CIRCLE('',#8879,2.5);
#2613=CIRCLE('',#8882,3.);
#2614=CIRCLE('',#8885,3.5);
#2615=CIRCLE('',#8886,0.5);
#2616=CIRCLE('',#8887,3.);
#2617=CIRCLE('',#8888,3.);
#2618=CIRCLE('',#8889,3.5);
#2619=CIRCLE('',#8890,3.5);
#2620=CIRCLE('',#8897,3.);
#2621=CIRCLE('',#8898,3.);
#2622=CIRCLE('',#8901,3.);
#2623=CIRCLE('',#8903,3.5);
#2624=CIRCLE('',#8904,0.5);
#2625=CIRCLE('',#8905,3.);
#2626=CIRCLE('',#8906,3.);
#2627=CIRCLE('',#8907,3.5);
#2628=CIRCLE('',#8908,3.5);
#2629=CIRCLE('',#8913,3.);
#2630=CIRCLE('',#8915,3.);
#2631=CIRCLE('',#8917,3.);
#2632=CIRCLE('',#8919,3.5);
#2633=CIRCLE('',#8920,0.5);
#2634=CIRCLE('',#8921,3.);
#2635=CIRCLE('',#8922,3.5);
#2636=CIRCLE('',#8923,3.5);
#2637=CIRCLE('',#8925,2.5);
#2638=CIRCLE('',#8926,3.5);
#2639=CIRCLE('',#8930,3.);
#2640=CIRCLE('',#8931,3.);
#2641=CIRCLE('',#8934,0.5);
#2642=CIRCLE('',#8935,3.);
#2643=CIRCLE('',#8936,3.5);
#2644=CIRCLE('',#8939,3.);
#2645=CIRCLE('',#8941,3.);
#2646=CIRCLE('',#8943,0.500000000000001);
#2647=CIRCLE('',#8944,0.5);
#2648=CIRCLE('',#8945,0.5);
#2649=CIRCLE('',#8947,0.5);
#2650=CIRCLE('',#8948,0.500000000000001);
#2651=CIRCLE('',#8949,0.5);
#2652=CIRCLE('',#8951,0.5);
#2653=CIRCLE('',#8952,0.5);
#2654=CIRCLE('',#8953,0.5);
#2655=CIRCLE('',#8955,0.499999999999999);
#2656=CIRCLE('',#8956,0.5);
#2657=CIRCLE('',#8957,0.5);
#2658=CIRCLE('',#8959,2.);
#2659=CIRCLE('',#8961,0.499999999999999);
#2660=CIRCLE('',#8962,0.500000000000002);
#2661=CIRCLE('',#8963,0.499999999999998);
#2662=CIRCLE('',#8966,0.5);
#2663=CIRCLE('',#8967,0.5);
#2664=CIRCLE('',#8968,0.5);
#2665=CIRCLE('',#8970,0.5);
#2666=CIRCLE('',#8971,0.500000000000001);
#2667=CIRCLE('',#8972,0.5);
#2668=CIRCLE('',#8978,0.5);
#2669=CIRCLE('',#8979,0.5);
#2670=CIRCLE('',#8980,0.5);
#2671=CIRCLE('',#8984,0.5);
#2672=CIRCLE('',#8985,0.5);
#2673=CIRCLE('',#8986,0.5);
#2674=CIRCLE('',#8988,0.499999999999998);
#2675=CIRCLE('',#8989,0.5);
#2676=CIRCLE('',#8990,0.5);
#2677=CIRCLE('',#9006,3.);
#2678=CIRCLE('',#9007,3.);
#2679=CIRCLE('',#9008,3.);
#2680=CIRCLE('',#9009,3.);
#2681=CIRCLE('',#9011,2.);
#2682=CIRCLE('',#9016,3.);
#2683=CIRCLE('',#9017,2.5);
#2684=CIRCLE('',#9019,3.);
#2685=CIRCLE('',#9021,3.);
#2686=CIRCLE('',#9024,2.5);
#2687=CIRCLE('',#9026,2.5);
#2688=CIRCLE('',#9028,3.);
#2689=CIRCLE('',#9029,2.5);
#2690=CIRCLE('',#9031,3.);
#2691=CIRCLE('',#9032,3.);
#2692=CIRCLE('',#9035,2.5);
#2693=CIRCLE('',#9037,2.5);
#2694=CIRCLE('',#9039,2.5);
#2695=CIRCLE('',#9040,3.);
#2696=CIRCLE('',#9041,3.);
#2697=CIRCLE('',#9043,2.5);
#2698=CIRCLE('',#9051,2.5);
#2699=CIRCLE('',#9053,3.);
#2700=CIRCLE('',#9054,3.);
#2701=CIRCLE('',#9055,2.5);
#2702=CIRCLE('',#9057,3.);
#2703=CIRCLE('',#9058,3.);
#2704=CIRCLE('',#9066,2.5);
#2705=CIRCLE('',#9068,2.5);
#2706=CIRCLE('',#9070,2.5);
#2707=CIRCLE('',#9072,2.5);
#2708=CIRCLE('',#9074,2.5);
#2709=CIRCLE('',#9082,2.5);
#2710=CIRCLE('',#9084,2.5);
#2711=CIRCLE('',#9092,2.5);
#2712=CIRCLE('',#9095,2.5);
#2713=CIRCLE('',#9099,2.5);
#2714=CIRCLE('',#9118,0.500000000000002);
#2715=CIRCLE('',#9119,0.999999999999992);
#2716=CIRCLE('',#9120,0.5);
#2717=CIRCLE('',#9121,0.499999999999992);
#2718=CIRCLE('',#9123,0.5);
#2719=CIRCLE('',#9124,6.);
#2720=CIRCLE('',#9125,5.5);
#2721=CIRCLE('',#9127,0.5);
#2722=CIRCLE('',#9128,0.500000000000005);
#2723=CIRCLE('',#9129,1.00000000000001);
#2724=CIRCLE('',#9131,0.5);
#2725=CIRCLE('',#9133,0.500000000000272);
#2726=CIRCLE('',#9134,0.499999999999996);
#2727=CIRCLE('',#9135,0.999999999999997);
#2728=CIRCLE('',#9137,0.5);
#2729=CIRCLE('',#9138,0.500000000000004);
#2730=CIRCLE('',#9139,0.5);
#2731=CIRCLE('',#9140,1.);
#2732=CIRCLE('',#9143,11.5000000149012);
#2733=CIRCLE('',#9144,1.);
#2734=CIRCLE('',#9145,1.00000000000001);
#2735=CIRCLE('',#9146,5.50000000000001);
#2736=CIRCLE('',#9147,0.999999999999986);
#2737=CIRCLE('',#9148,0.999999999999977);
#2738=CIRCLE('',#9149,11.5000000149012);
#2739=CIRCLE('',#9150,0.999999999999998);
#2740=CIRCLE('',#9151,1.00000000000001);
#2741=CIRCLE('',#9152,5.5);
#2742=CIRCLE('',#9153,0.999999999999999);
#2743=CIRCLE('',#9154,0.999999999999999);
#2744=CIRCLE('',#9155,11.5000000149012);
#2745=CIRCLE('',#9156,11.5000000149012);
#2746=CIRCLE('',#9157,1.00000000000001);
#2747=CIRCLE('',#9158,0.999999999999994);
#2748=CIRCLE('',#9159,5.5);
#2749=CIRCLE('',#9160,1.);
#2750=CIRCLE('',#9161,1.);
#2751=CIRCLE('',#9162,11.5000000149012);
#2752=CIRCLE('',#9163,0.999999999999992);
#2753=CIRCLE('',#9164,1.);
#2754=CIRCLE('',#9165,5.5);
#2755=CIRCLE('',#9166,0.999999999999994);
#2756=CIRCLE('',#9167,1.);
#2757=CIRCLE('',#9168,11.5000000149012);
#2758=CIRCLE('',#9169,0.999999999999993);
#2759=CIRCLE('',#9170,1.00000000000001);
#2760=CIRCLE('',#9171,5.5);
#2761=CIRCLE('',#9172,1.00000000000003);
#2762=CIRCLE('',#9173,1.);
#2763=CIRCLE('',#9174,11.5000000149012);
#2764=CIRCLE('',#9175,1.00000000000001);
#2765=CIRCLE('',#9176,0.999999999999998);
#2766=CIRCLE('',#9177,5.49999999999999);
#2767=CIRCLE('',#9178,1.00000000000002);
#2768=CIRCLE('',#9179,1.);
#2769=CIRCLE('',#9180,11.5000000149012);
#2770=CIRCLE('',#9181,0.999999999999989);
#2771=CIRCLE('',#9182,0.999999999999998);
#2772=CIRCLE('',#9183,5.49999999999999);
#2773=CIRCLE('',#9184,1.00000000000001);
#2774=CIRCLE('',#9185,1.00000000000001);
#2775=CIRCLE('',#9186,11.5000000149012);
#2776=CIRCLE('',#9187,0.999999999999984);
#2777=CIRCLE('',#9188,0.999999999999998);
#2778=CIRCLE('',#9189,5.50000000000001);
#2779=CIRCLE('',#9190,0.999999999999974);
#2780=CIRCLE('',#9191,1.);
#2781=CIRCLE('',#9192,11.5000000149012);
#2782=CIRCLE('',#9193,0.999999999999996);
#2783=CIRCLE('',#9194,1.00000000000001);
#2784=CIRCLE('',#9195,5.5);
#2785=CIRCLE('',#9196,0.999999999999987);
#2786=CIRCLE('',#9197,0.999999999999999);
#2787=CIRCLE('',#9198,11.5000000149012);
#2788=CIRCLE('',#9199,1.);
#2789=CIRCLE('',#9200,0.999999999999993);
#2790=CIRCLE('',#9201,5.5);
#2791=CIRCLE('',#9202,0.999999999999999);
#2792=CIRCLE('',#9203,0.999999999999997);
#2793=CIRCLE('',#9204,11.5000000149012);
#2794=CIRCLE('',#9205,0.999999999999998);
#2795=CIRCLE('',#9206,0.999999999999998);
#2796=CIRCLE('',#9207,5.5);
#2797=CIRCLE('',#9208,1.00000000000001);
#2798=CIRCLE('',#9209,0.999999999999999);
#2799=CIRCLE('',#9210,11.5000000149012);
#2800=CIRCLE('',#9211,1.);
#2801=CIRCLE('',#9212,1.);
#2802=CIRCLE('',#9213,5.5);
#2803=CIRCLE('',#9214,0.999999999999999);
#2804=CIRCLE('',#9215,1.00000000000001);
#2805=CIRCLE('',#9216,11.5000000149012);
#2806=CIRCLE('',#9217,0.999999999999988);
#2807=CIRCLE('',#9218,0.999999999999996);
#2808=CIRCLE('',#9219,5.5);
#2809=CIRCLE('',#9220,1.00000000000002);
#2810=CIRCLE('',#9221,0.999999999999992);
#2811=CIRCLE('',#9222,11.5000000149012);
#2812=CIRCLE('',#9223,1.);
#2813=CIRCLE('',#9224,0.999999999999995);
#2814=CIRCLE('',#9225,5.49999999999999);
#2815=CIRCLE('',#9226,1.00000000000001);
#2816=CIRCLE('',#9227,1.);
#2817=CIRCLE('',#9228,11.5000000149012);
#2818=CIRCLE('',#9229,0.999999999999998);
#2819=CIRCLE('',#9230,0.999999999999998);
#2820=CIRCLE('',#9231,5.50000000000001);
#2821=CIRCLE('',#9232,0.999999999999995);
#2822=CIRCLE('',#9233,1.);
#2823=CIRCLE('',#9234,11.5000000149012);
#2824=CIRCLE('',#9235,4.5);
#2825=CIRCLE('',#9237,11.0000005364418);
#2826=CIRCLE('',#9238,11.0000005364418);
#2827=CIRCLE('',#9240,0.500000000000004);
#2828=CIRCLE('',#9243,0.499999999999992);
#2829=CIRCLE('',#9245,0.499999999999999);
#2830=CIRCLE('',#9246,0.5);
#2831=CIRCLE('',#9247,0.499999999999999);
#2832=CIRCLE('',#9249,0.5);
#2833=CIRCLE('',#9250,6.);
#2834=CIRCLE('',#9252,0.5);
#2835=CIRCLE('',#9253,0.500000000000004);
#2836=CIRCLE('',#9255,0.5);
#2837=CIRCLE('',#9257,0.500000000000272);
#2838=CIRCLE('',#9258,0.5);
#2839=CIRCLE('',#9260,0.5);
#2840=CIRCLE('',#9261,0.500000000000009);
#2841=CIRCLE('',#9262,0.5);
#2842=CIRCLE('',#9265,11.0000005364418);
#2843=CIRCLE('',#9266,11.0000005364418);
#2844=CIRCLE('',#9268,0.500000000000009);
#2845=CIRCLE('',#9271,0.499999999999999);
#2846=CIRCLE('',#9273,0.500000000000003);
#2847=CIRCLE('',#9274,0.5);
#2848=CIRCLE('',#9275,0.499999999999999);
#2849=CIRCLE('',#9277,0.5);
#2850=CIRCLE('',#9278,6.);
#2851=CIRCLE('',#9280,0.5);
#2852=CIRCLE('',#9281,0.500000000000015);
#2853=CIRCLE('',#9283,0.5);
#2854=CIRCLE('',#9285,0.500000000000272);
#2855=CIRCLE('',#9286,0.499999999999998);
#2856=CIRCLE('',#9288,0.5);
#2857=CIRCLE('',#9289,0.499999999999999);
#2858=CIRCLE('',#9290,0.5);
#2859=CIRCLE('',#9293,11.0000005364418);
#2860=CIRCLE('',#9294,11.0000005364418);
#2861=CIRCLE('',#9296,0.499999999999999);
#2862=CIRCLE('',#9299,0.499999999999999);
#2863=CIRCLE('',#9301,0.500000000000003);
#2864=CIRCLE('',#9302,0.5);
#2865=CIRCLE('',#9303,0.499999999999986);
#2866=CIRCLE('',#9305,0.5);
#2867=CIRCLE('',#9306,6.00000000000001);
#2868=CIRCLE('',#9308,0.5);
#2869=CIRCLE('',#9309,0.500000000000012);
#2870=CIRCLE('',#9311,0.5);
#2871=CIRCLE('',#9313,0.500000000000272);
#2872=CIRCLE('',#9314,0.500000000000005);
#2873=CIRCLE('',#9316,0.5);
#2874=CIRCLE('',#9317,0.499999999999977);
#2875=CIRCLE('',#9318,0.5);
#2876=CIRCLE('',#9321,11.0000005364418);
#2877=CIRCLE('',#9322,11.0000005364418);
#2878=CIRCLE('',#9324,0.499999999999977);
#2879=CIRCLE('',#9327,0.499999999999986);
#2880=CIRCLE('',#9329,0.500000000000002);
#2881=CIRCLE('',#9330,0.5);
#2882=CIRCLE('',#9331,0.500000000000012);
#2883=CIRCLE('',#9333,0.5);
#2884=CIRCLE('',#9334,5.99999999999999);
#2885=CIRCLE('',#9336,0.5);
#2886=CIRCLE('',#9337,0.499999999999996);
#2887=CIRCLE('',#9339,0.5);
#2888=CIRCLE('',#9341,0.500000000000272);
#2889=CIRCLE('',#9342,0.5);
#2890=CIRCLE('',#9344,0.5);
#2891=CIRCLE('',#9345,0.500000000000003);
#2892=CIRCLE('',#9346,0.5);
#2893=CIRCLE('',#9349,11.0000005364418);
#2894=CIRCLE('',#9350,11.0000005364418);
#2895=CIRCLE('',#9352,0.500000000000003);
#2896=CIRCLE('',#9355,0.500000000000012);
#2897=CIRCLE('',#9357,0.500000000000002);
#2898=CIRCLE('',#9358,0.5);
#2899=CIRCLE('',#9359,0.500000000000022);
#2900=CIRCLE('',#9361,0.5);
#2901=CIRCLE('',#9362,6.);
#2902=CIRCLE('',#9364,0.5);
#2903=CIRCLE('',#9365,0.499999999999996);
#2904=CIRCLE('',#9367,0.5);
#2905=CIRCLE('',#9369,0.500000000000272);
#2906=CIRCLE('',#9370,0.499999999999988);
#2907=CIRCLE('',#9372,0.5);
#2908=CIRCLE('',#9373,0.499999999999992);
#2909=CIRCLE('',#9374,0.5);
#2910=CIRCLE('',#9377,11.0000005364418);
#2911=CIRCLE('',#9378,11.0000005364418);
#2912=CIRCLE('',#9380,0.499999999999992);
#2913=CIRCLE('',#9383,0.500000000000022);
#2914=CIRCLE('',#9385,0.499999999999998);
#2915=CIRCLE('',#9386,0.5);
#2916=CIRCLE('',#9387,0.499999999999998);
#2917=CIRCLE('',#9389,0.5);
#2918=CIRCLE('',#9391,0.500000000000272);
#2919=CIRCLE('',#9392,0.499999999999984);
#2920=CIRCLE('',#9394,0.5);
#2921=CIRCLE('',#9395,0.500000000000003);
#2922=CIRCLE('',#9396,0.5);
#2923=CIRCLE('',#9398,0.5);
#2924=CIRCLE('',#9400,0.5);
#2925=CIRCLE('',#9401,0.499999999999974);
#2926=CIRCLE('',#9403,6.00000000000001);
#2927=CIRCLE('',#9406,0.499999999999974);
#2928=CIRCLE('',#9408,6.00000000000001);
#2929=CIRCLE('',#9410,0.499999999999998);
#2930=CIRCLE('',#9412,0.5);
#2931=CIRCLE('',#9413,0.500000000000009);
#2932=CIRCLE('',#9414,0.5);
#2933=CIRCLE('',#9416,0.5);
#2934=CIRCLE('',#9418,0.5);
#2935=CIRCLE('',#9419,0.500000000000012);
#2936=CIRCLE('',#9421,0.5);
#2937=CIRCLE('',#9422,5.99999999999999);
#2938=CIRCLE('',#9424,0.5);
#2939=CIRCLE('',#9425,0.499999999999998);
#2940=CIRCLE('',#9427,0.5);
#2941=CIRCLE('',#9429,0.500000000000002);
#2942=CIRCLE('',#9430,0.499999999999989);
#2943=CIRCLE('',#9432,0.499999999999998);
#2944=CIRCLE('',#9435,0.499999999999989);
#2945=CIRCLE('',#9437,11.0000005364418);
#2946=CIRCLE('',#9438,11.0000005364418);
#2947=CIRCLE('',#9440,0.5);
#2948=CIRCLE('',#9441,0.500000000000003);
#2949=CIRCLE('',#9442,0.5);
#2950=CIRCLE('',#9444,0.5);
#2951=CIRCLE('',#9446,0.5);
#2952=CIRCLE('',#9447,0.500000000000023);
#2953=CIRCLE('',#9449,0.5);
#2954=CIRCLE('',#9450,5.99999999999999);
#2955=CIRCLE('',#9452,0.5);
#2956=CIRCLE('',#9453,0.499999999999998);
#2957=CIRCLE('',#9455,0.5);
#2958=CIRCLE('',#9457,0.5);
#2959=CIRCLE('',#9458,0.500000000000008);
#2960=CIRCLE('',#9460,0.499999999999998);
#2961=CIRCLE('',#9463,0.500000000000008);
#2962=CIRCLE('',#9465,11.0000005364418);
#2963=CIRCLE('',#9466,11.0000005364418);
#2964=CIRCLE('',#9468,3.5);
#2965=CIRCLE('',#9469,0.5);
#2966=CIRCLE('',#9470,4.);
#2967=CIRCLE('',#9471,4.);
#2968=CIRCLE('',#9473,4.);
#2969=CIRCLE('',#9475,0.600000000000002);
#2970=CIRCLE('',#9476,0.599999999999998);
#2971=CIRCLE('',#9477,0.600000000000016);
#2972=CIRCLE('',#9478,0.599999999999998);
#2973=CIRCLE('',#9479,0.599999999999998);
#2974=CIRCLE('',#9480,0.599999999999998);
#2975=CIRCLE('',#9481,0.599999999999998);
#2976=CIRCLE('',#9482,0.599999999999998);
#2977=CIRCLE('',#9484,0.499999999999998);
#2978=CIRCLE('',#9485,0.5);
#2979=CIRCLE('',#9486,0.500000000000002);
#2980=CIRCLE('',#9488,0.5);
#2981=CIRCLE('',#9490,0.5);
#2982=CIRCLE('',#9491,0.499999999999995);
#2983=CIRCLE('',#9493,0.5);
#2984=CIRCLE('',#9494,6.00000000000001);
#2985=CIRCLE('',#9496,0.5);
#2986=CIRCLE('',#9497,0.499999999999998);
#2987=CIRCLE('',#9499,0.5);
#2988=CIRCLE('',#9501,0.500000000000272);
#2989=CIRCLE('',#9502,0.499999999999998);
#2990=CIRCLE('',#9505,0.499999999999998);
#2991=CIRCLE('',#9507,11.0000005364418);
#2992=CIRCLE('',#9508,11.0000005364418);
#2993=CIRCLE('',#9510,0.500000000000002);
#2994=CIRCLE('',#9512,0.5);
#2995=CIRCLE('',#9513,0.5);
#2996=CIRCLE('',#9514,0.499999999999994);
#2997=CIRCLE('',#9516,0.5);
#2998=CIRCLE('',#9518,0.500000000000272);
#2999=CIRCLE('',#9519,0.50000000000001);
#3000=CIRCLE('',#9521,0.5);
#3001=CIRCLE('',#9522,0.500000000000003);
#3002=CIRCLE('',#9523,0.5);
#3003=CIRCLE('',#9525,0.5);
#3004=CIRCLE('',#9527,0.5);
#3005=CIRCLE('',#9528,0.500000000000003);
#3006=CIRCLE('',#9530,6.);
#3007=CIRCLE('',#9533,0.500000000000003);
#3008=CIRCLE('',#9535,6.);
#3009=CIRCLE('',#9537,0.499999999999994);
#3010=CIRCLE('',#9539,0.499999999999998);
#3011=CIRCLE('',#9540,0.500000000000272);
#3012=CIRCLE('',#9541,0.499999999999998);
#3013=CIRCLE('',#9543,0.5);
#3014=CIRCLE('',#9544,0.499999999999999);
#3015=CIRCLE('',#9545,0.5);
#3016=CIRCLE('',#9547,0.5);
#3017=CIRCLE('',#9549,0.5);
#3018=CIRCLE('',#9550,0.500000000000012);
#3019=CIRCLE('',#9552,0.5);
#3020=CIRCLE('',#9553,6.);
#3021=CIRCLE('',#9555,0.5);
#3022=CIRCLE('',#9556,0.499999999999998);
#3023=CIRCLE('',#9559,6.);
#3024=CIRCLE('',#9561,0.499999999999998);
#3025=CIRCLE('',#9564,0.499999999999997);
#3026=CIRCLE('',#9566,0.500000000000003);
#3027=CIRCLE('',#9567,0.5);
#3028=CIRCLE('',#9568,6.);
#3029=CIRCLE('',#9570,0.5);
#3030=CIRCLE('',#9571,0.500000000000004);
#3031=CIRCLE('',#9573,0.5);
#3032=CIRCLE('',#9575,0.500000000000272);
#3033=CIRCLE('',#9576,0.499999999999992);
#3034=CIRCLE('',#9578,0.5);
#3035=CIRCLE('',#9579,0.500000000000003);
#3036=CIRCLE('',#9580,0.5);
#3037=CIRCLE('',#9582,0.5);
#3038=CIRCLE('',#9584,0.499999999999994);
#3039=CIRCLE('',#9586,0.500000000000003);
#3040=CIRCLE('',#9589,0.499999999999994);
#3041=CIRCLE('',#9591,6.);
#3042=CIRCLE('',#9593,0.5);
#3043=CIRCLE('',#9594,0.499999999999999);
#3044=CIRCLE('',#9595,0.5);
#3045=CIRCLE('',#9597,0.5);
#3046=CIRCLE('',#9599,0.5);
#3047=CIRCLE('',#9600,0.499999999999987);
#3048=CIRCLE('',#9602,0.5);
#3049=CIRCLE('',#9603,6.);
#3050=CIRCLE('',#9605,0.5);
#3051=CIRCLE('',#9606,0.500000000000012);
#3052=CIRCLE('',#9608,0.5);
#3053=CIRCLE('',#9610,0.499999999999986);
#3054=CIRCLE('',#9611,0.499999999999996);
#3055=CIRCLE('',#9613,0.500000000000012);
#3056=CIRCLE('',#9616,0.499999999999996);
#3057=CIRCLE('',#9618,11.0000005364418);
#3058=CIRCLE('',#9619,11.0000005364418);
#3059=CIRCLE('',#9621,0.500000000000001);
#3060=CIRCLE('',#9622,0.5);
#3061=CIRCLE('',#9623,0.499999999999993);
#3062=CIRCLE('',#9625,0.5);
#3063=CIRCLE('',#9627,0.500000000000272);
#3064=CIRCLE('',#9628,0.500000000000003);
#3065=CIRCLE('',#9630,0.5);
#3066=CIRCLE('',#9631,0.499999999999997);
#3067=CIRCLE('',#9632,0.5);
#3068=CIRCLE('',#9634,0.5);
#3069=CIRCLE('',#9636,0.5);
#3070=CIRCLE('',#9637,0.499999999999999);
#3071=CIRCLE('',#9639,6.);
#3072=CIRCLE('',#9642,0.499999999999999);
#3073=CIRCLE('',#9644,6.);
#3074=CIRCLE('',#9646,0.499999999999993);
#3075=CIRCLE('',#9648,0.499999999999993);
#3076=CIRCLE('',#9649,0.5);
#3077=CIRCLE('',#9650,0.50000000000003);
#3078=CIRCLE('',#9652,0.5);
#3079=CIRCLE('',#9653,6.);
#3080=CIRCLE('',#9655,0.5);
#3081=CIRCLE('',#9656,0.500000000000012);
#3082=CIRCLE('',#9658,0.5);
#3083=CIRCLE('',#9660,0.500000000000272);
#3084=CIRCLE('',#9661,0.499999999999993);
#3085=CIRCLE('',#9663,0.5);
#3086=CIRCLE('',#9664,0.500000000000003);
#3087=CIRCLE('',#9665,0.5);
#3088=CIRCLE('',#9668,11.0000005364418);
#3089=CIRCLE('',#9669,11.0000005364418);
#3090=CIRCLE('',#9671,0.500000000000003);
#3091=CIRCLE('',#9674,0.50000000000003);
#3092=CIRCLE('',#9676,0.5);
#3093=CIRCLE('',#9678,12.0000000149012);
#3094=CIRCLE('',#9679,0.5);
#3095=CIRCLE('',#9680,11.0000005364418);
#3096=CIRCLE('',#9681,11.0000005364418);
#3097=CIRCLE('',#9682,11.0000005364418);
#3098=CIRCLE('',#9683,11.0000005364418);
#3099=CIRCLE('',#9684,11.0000005364418);
#3100=CIRCLE('',#9686,12.0000000149012);
#3101=CIRCLE('',#9689,0.399999999999991);
#3102=CIRCLE('',#9692,0.4);
#3103=CIRCLE('',#9695,0.400000000000009);
#3104=CIRCLE('',#9698,0.4);
#3105=CIRCLE('',#9700,0.499999999999998);
#3106=CIRCLE('',#9702,0.499999999999998);
#3107=CIRCLE('',#9703,0.0999999999999979);
#3108=CIRCLE('',#9705,0.499999999999998);
#3109=CIRCLE('',#9707,0.5);
#3110=CIRCLE('',#9709,0.0999999999999979);
#3111=CIRCLE('',#9711,0.499999999999998);
#3112=CIRCLE('',#9713,0.500000000000007);
#3113=CIRCLE('',#9714,0.100000000000002);
#3114=CIRCLE('',#9716,0.499999999999998);
#3115=CIRCLE('',#9718,0.499999999999998);
#3116=CIRCLE('',#9719,0.0999999999999979);
#3117=CIRCLE('',#9722,0.499999999999998);
#3118=CIRCLE('',#9724,0.499999999999998);
#3119=CIRCLE('',#9725,0.100000000000016);
#3120=CIRCLE('',#9727,0.499999999999998);
#3121=CIRCLE('',#9729,0.500000000000007);
#3122=CIRCLE('',#9730,0.0999999999999979);
#3123=CIRCLE('',#9733,0.499999999999998);
#3124=CIRCLE('',#9735,0.500000000000007);
#3125=CIRCLE('',#9736,0.0999999999999979);
#3126=CIRCLE('',#9738,0.499999999999998);
#3127=CIRCLE('',#9740,0.499999999999997);
#3128=CIRCLE('',#9741,0.0999999999999979);
#3129=CIRCLE('',#9745,0.0999999999999979);
#3130=CIRCLE('',#9748,0.100000000000016);
#3131=CIRCLE('',#9751,0.400000000000009);
#3132=CIRCLE('',#9754,0.0999999999999979);
#3133=CIRCLE('',#9757,0.100000000000002);
#3134=CIRCLE('',#9760,0.4);
#3135=CIRCLE('',#9763,0.499999999999999);
#3136=CIRCLE('',#9765,11.0000005364418);
#3137=CIRCLE('',#9767,0.500000000000012);
#3138=CIRCLE('',#9769,0.499999999999993);
#3139=CIRCLE('',#9772,0.500000000000012);
#3140=CIRCLE('',#9774,6.);
#3141=CIRCLE('',#9777,0.499999999999999);
#3142=CIRCLE('',#9779,6.);
#3143=CIRCLE('',#9781,0.499999999999987);
#3144=CIRCLE('',#9783,0.499999999999996);
#3145=CIRCLE('',#9786,0.500000000000005);
#3146=CIRCLE('',#9788,6.);
#3147=CIRCLE('',#9790,5.99999999999999);
#3148=CIRCLE('',#9792,0.500000000000012);
#3149=CIRCLE('',#9795,0.500000000000009);
#3150=CIRCLE('',#9797,0.500000000000003);
#3151=CIRCLE('',#9799,11.0000005364418);
#3152=CIRCLE('',#9801,0.50000000000001);
#3153=CIRCLE('',#9804,0.5);
#3154=CIRCLE('',#9807,0.500000000000004);
#3155=CIRCLE('',#9809,6.);
#3156=CIRCLE('',#9811,0.499999999999998);
#3157=CIRCLE('',#9814,0.500000000000015);
#3158=CIRCLE('',#9816,6.);
#3159=CIRCLE('',#9818,0.500000000000005);
#3160=CIRCLE('',#9821,0.500000000000012);
#3161=CIRCLE('',#9823,6.00000000000001);
#3162=CIRCLE('',#9825,11.0000005364418);
#3163=CIRCLE('',#9827,0.499999999999992);
#3164=CIRCLE('',#9830,0.500000000000004);
#3165=CIRCLE('',#9833,0.499999999999998);
#3166=CIRCLE('',#9835,6.00000000000001);
#3167=CIRCLE('',#9837,0.499999999999995);
#3168=CIRCLE('',#9839,5.99999999999999);
#3169=CIRCLE('',#9841,0.500000000000023);
#3170=CIRCLE('',#9844,0.500000000000003);
#3171=CIRCLE('',#9846,0.5);
#3172=CIRCLE('',#9849,0.499999999999995);
#3173=CIRCLE('',#9851,5.99999999999999);
#3174=CIRCLE('',#9853,0.500000000000003);
#3175=CIRCLE('',#9855,11.0000005364418);
#3176=CIRCLE('',#9857,0.499999999999984);
#3177=CIRCLE('',#9860,0.499999999999997);
#3178=CIRCLE('',#9862,11.0000005364418);
#3179=CIRCLE('',#9864,0.500000000000003);
#3180=CIRCLE('',#9867,0.4);
#3181=CIRCLE('',#9870,0.0999999999999979);
#3182=CIRCLE('',#9873,0.0999999999999979);
#3183=CIRCLE('',#9876,0.399999999999991);
#3184=CIRCLE('',#9879,0.0999999999999979);
#3185=CIRCLE('',#9882,0.0999999999999979);
#3186=CIRCLE('',#9885,0.499999999999988);
#3187=CIRCLE('',#9888,0.499999999999996);
#3188=CIRCLE('',#9890,6.);
#3189=VERTEX_POINT('',#12984);
#3190=VERTEX_POINT('',#12986);
#3191=VERTEX_POINT('',#12988);
#3192=VERTEX_POINT('',#12993);
#3193=VERTEX_POINT('',#12995);
#3194=VERTEX_POINT('',#13008);
#3195=VERTEX_POINT('',#13021);
#3196=VERTEX_POINT('',#13023);
#3197=VERTEX_POINT('',#13028);
#3198=VERTEX_POINT('',#13031);
#3199=VERTEX_POINT('',#13038);
#3200=VERTEX_POINT('',#13046);
#3201=VERTEX_POINT('',#13047);
#3202=VERTEX_POINT('',#13056);
#3203=VERTEX_POINT('',#13058);
#3204=VERTEX_POINT('',#13067);
#3205=VERTEX_POINT('',#13069);
#3206=VERTEX_POINT('',#13093);
#3207=VERTEX_POINT('',#13094);
#3208=VERTEX_POINT('',#13101);
#3209=VERTEX_POINT('',#13103);
#3210=VERTEX_POINT('',#13118);
#3211=VERTEX_POINT('',#13120);
#3212=VERTEX_POINT('',#13127);
#3213=VERTEX_POINT('',#13134);
#3214=VERTEX_POINT('',#13136);
#3215=VERTEX_POINT('',#13151);
#3216=VERTEX_POINT('',#13160);
#3217=VERTEX_POINT('',#13164);
#3218=VERTEX_POINT('',#13171);
#3219=VERTEX_POINT('',#13178);
#3220=VERTEX_POINT('',#13183);
#3221=VERTEX_POINT('',#13186);
#3222=VERTEX_POINT('',#13189);
#3223=VERTEX_POINT('',#13190);
#3224=VERTEX_POINT('',#13192);
#3225=VERTEX_POINT('',#13194);
#3226=VERTEX_POINT('',#13198);
#3227=VERTEX_POINT('',#13199);
#3228=VERTEX_POINT('',#13201);
#3229=VERTEX_POINT('',#13203);
#3230=VERTEX_POINT('',#13207);
#3231=VERTEX_POINT('',#13208);
#3232=VERTEX_POINT('',#13210);
#3233=VERTEX_POINT('',#13212);
#3234=VERTEX_POINT('',#13216);
#3235=VERTEX_POINT('',#13220);
#3236=VERTEX_POINT('',#13222);
#3237=VERTEX_POINT('',#13226);
#3238=VERTEX_POINT('',#13230);
#3239=VERTEX_POINT('',#13236);
#3240=VERTEX_POINT('',#13238);
#3241=VERTEX_POINT('',#13242);
#3242=VERTEX_POINT('',#13246);
#3243=VERTEX_POINT('',#13252);
#3244=VERTEX_POINT('',#13254);
#3245=VERTEX_POINT('',#13258);
#3246=VERTEX_POINT('',#13260);
#3247=VERTEX_POINT('',#13266);
#3248=VERTEX_POINT('',#13267);
#3249=VERTEX_POINT('',#13269);
#3250=VERTEX_POINT('',#13271);
#3251=VERTEX_POINT('',#13273);
#3252=VERTEX_POINT('',#13275);
#3253=VERTEX_POINT('',#13277);
#3254=VERTEX_POINT('',#13279);
#3255=VERTEX_POINT('',#13284);
#3256=VERTEX_POINT('',#13285);
#3257=VERTEX_POINT('',#13287);
#3258=VERTEX_POINT('',#13289);
#3259=VERTEX_POINT('',#13294);
#3260=VERTEX_POINT('',#13295);
#3261=VERTEX_POINT('',#13298);
#3262=VERTEX_POINT('',#13301);
#3263=VERTEX_POINT('',#13305);
#3264=VERTEX_POINT('',#13309);
#3265=VERTEX_POINT('',#13311);
#3266=VERTEX_POINT('',#13316);
#3267=VERTEX_POINT('',#13320);
#3268=VERTEX_POINT('',#13321);
#3269=VERTEX_POINT('',#13324);
#3270=VERTEX_POINT('',#13326);
#3271=VERTEX_POINT('',#13328);
#3272=VERTEX_POINT('',#13330);
#3273=VERTEX_POINT('',#13334);
#3274=VERTEX_POINT('',#13335);
#3275=VERTEX_POINT('',#13338);
#3276=VERTEX_POINT('',#13340);
#3277=VERTEX_POINT('',#13344);
#3278=VERTEX_POINT('',#13349);
#3279=VERTEX_POINT('',#13351);
#3280=VERTEX_POINT('',#13356);
#3281=VERTEX_POINT('',#13358);
#3282=VERTEX_POINT('',#13363);
#3283=VERTEX_POINT('',#13365);
#3284=VERTEX_POINT('',#13369);
#3285=VERTEX_POINT('',#13373);
#3286=VERTEX_POINT('',#13375);
#3287=VERTEX_POINT('',#13377);
#3288=VERTEX_POINT('',#13379);
#3289=VERTEX_POINT('',#13381);
#3290=VERTEX_POINT('',#13385);
#3291=VERTEX_POINT('',#13386);
#3292=VERTEX_POINT('',#13388);
#3293=VERTEX_POINT('',#13390);
#3294=VERTEX_POINT('',#13396);
#3295=VERTEX_POINT('',#13398);
#3296=VERTEX_POINT('',#13403);
#3297=VERTEX_POINT('',#13407);
#3298=VERTEX_POINT('',#13409);
#3299=VERTEX_POINT('',#13412);
#3300=VERTEX_POINT('',#13416);
#3301=VERTEX_POINT('',#13418);
#3302=VERTEX_POINT('',#13422);
#3303=VERTEX_POINT('',#13426);
#3304=VERTEX_POINT('',#13427);
#3305=VERTEX_POINT('',#13429);
#3306=VERTEX_POINT('',#13431);
#3307=VERTEX_POINT('',#13434);
#3308=VERTEX_POINT('',#13439);
#3309=VERTEX_POINT('',#13441);
#3310=VERTEX_POINT('',#13443);
#3311=VERTEX_POINT('',#13447);
#3312=VERTEX_POINT('',#13451);
#3313=VERTEX_POINT('',#13455);
#3314=VERTEX_POINT('',#13457);
#3315=VERTEX_POINT('',#13462);
#3316=VERTEX_POINT('',#13466);
#3317=VERTEX_POINT('',#13470);
#3318=VERTEX_POINT('',#13476);
#3319=VERTEX_POINT('',#13482);
#3320=VERTEX_POINT('',#13490);
#3321=VERTEX_POINT('',#13496);
#3322=VERTEX_POINT('',#13502);
#3323=VERTEX_POINT('',#13507);
#3324=VERTEX_POINT('',#13511);
#3325=VERTEX_POINT('',#13515);
#3326=VERTEX_POINT('',#13519);
#3327=VERTEX_POINT('',#13523);
#3328=VERTEX_POINT('',#13529);
#3329=VERTEX_POINT('',#13536);
#3330=VERTEX_POINT('',#13537);
#3331=VERTEX_POINT('',#13540);
#3332=VERTEX_POINT('',#13544);
#3333=VERTEX_POINT('',#13547);
#3334=VERTEX_POINT('',#13549);
#3335=VERTEX_POINT('',#13557);
#3336=VERTEX_POINT('',#13558);
#3337=VERTEX_POINT('',#13561);
#3338=VERTEX_POINT('',#13565);
#3339=VERTEX_POINT('',#13567);
#3340=VERTEX_POINT('',#13569);
#3341=VERTEX_POINT('',#13578);
#3342=VERTEX_POINT('',#13583);
#3343=VERTEX_POINT('',#13587);
#3344=VERTEX_POINT('',#13596);
#3345=VERTEX_POINT('',#13600);
#3346=VERTEX_POINT('',#13604);
#3347=VERTEX_POINT('',#13608);
#3348=VERTEX_POINT('',#13626);
#3349=VERTEX_POINT('',#13663);
#3350=VERTEX_POINT('',#13670);
#3351=VERTEX_POINT('',#13672);
#3352=VERTEX_POINT('',#13677);
#3353=VERTEX_POINT('',#13682);
#3354=VERTEX_POINT('',#13684);
#3355=VERTEX_POINT('',#13689);
#3356=VERTEX_POINT('',#13694);
#3357=VERTEX_POINT('',#13695);
#3358=VERTEX_POINT('',#13697);
#3359=VERTEX_POINT('',#13699);
#3360=VERTEX_POINT('',#13702);
#3361=VERTEX_POINT('',#13706);
#3362=VERTEX_POINT('',#13710);
#3363=VERTEX_POINT('',#13712);
#3364=VERTEX_POINT('',#13714);
#3365=VERTEX_POINT('',#13718);
#3366=VERTEX_POINT('',#13722);
#3367=VERTEX_POINT('',#13723);
#3368=VERTEX_POINT('',#13725);
#3369=VERTEX_POINT('',#13727);
#3370=VERTEX_POINT('',#13730);
#3371=VERTEX_POINT('',#13732);
#3372=VERTEX_POINT('',#13734);
#3373=VERTEX_POINT('',#13738);
#3374=VERTEX_POINT('',#13739);
#3375=VERTEX_POINT('',#13741);
#3376=VERTEX_POINT('',#13743);
#3377=VERTEX_POINT('',#13746);
#3378=VERTEX_POINT('',#13750);
#3379=VERTEX_POINT('',#13754);
#3380=VERTEX_POINT('',#13756);
#3381=VERTEX_POINT('',#13758);
#3382=VERTEX_POINT('',#13762);
#3383=VERTEX_POINT('',#13766);
#3384=VERTEX_POINT('',#13768);
#3385=VERTEX_POINT('',#13770);
#3386=VERTEX_POINT('',#13772);
#3387=VERTEX_POINT('',#13774);
#3388=VERTEX_POINT('',#13778);
#3389=VERTEX_POINT('',#13779);
#3390=VERTEX_POINT('',#13781);
#3391=VERTEX_POINT('',#13784);
#3392=VERTEX_POINT('',#13788);
#3393=VERTEX_POINT('',#13790);
#3394=VERTEX_POINT('',#13792);
#3395=VERTEX_POINT('',#13794);
#3396=VERTEX_POINT('',#13796);
#3397=VERTEX_POINT('',#13798);
#3398=VERTEX_POINT('',#13802);
#3399=VERTEX_POINT('',#13806);
#3400=VERTEX_POINT('',#13808);
#3401=VERTEX_POINT('',#13811);
#3402=VERTEX_POINT('',#13815);
#3403=VERTEX_POINT('',#13820);
#3404=VERTEX_POINT('',#13825);
#3405=VERTEX_POINT('',#13827);
#3406=VERTEX_POINT('',#13831);
#3407=VERTEX_POINT('',#13832);
#3408=VERTEX_POINT('',#13837);
#3409=VERTEX_POINT('',#13839);
#3410=VERTEX_POINT('',#13843);
#3411=VERTEX_POINT('',#13848);
#3412=VERTEX_POINT('',#13849);
#3413=VERTEX_POINT('',#13856);
#3414=VERTEX_POINT('',#13858);
#3415=VERTEX_POINT('',#13863);
#3416=VERTEX_POINT('',#13868);
#3417=VERTEX_POINT('',#13873);
#3418=VERTEX_POINT('',#13881);
#3419=VERTEX_POINT('',#13885);
#3420=VERTEX_POINT('',#13887);
#3421=VERTEX_POINT('',#13891);
#3422=VERTEX_POINT('',#13895);
#3423=VERTEX_POINT('',#13900);
#3424=VERTEX_POINT('',#13902);
#3425=VERTEX_POINT('',#13997);
#3426=VERTEX_POINT('',#14007);
#3427=VERTEX_POINT('',#14009);
#3428=VERTEX_POINT('',#14011);
#3429=VERTEX_POINT('',#14013);
#3430=VERTEX_POINT('',#14015);
#3431=VERTEX_POINT('',#14017);
#3432=VERTEX_POINT('',#14019);
#3433=VERTEX_POINT('',#14021);
#3434=VERTEX_POINT('',#14025);
#3435=VERTEX_POINT('',#14032);
#3436=VERTEX_POINT('',#14033);
#3437=VERTEX_POINT('',#14036);
#3438=VERTEX_POINT('',#14041);
#3439=VERTEX_POINT('',#14043);
#3440=VERTEX_POINT('',#14048);
#3441=VERTEX_POINT('',#14050);
#3442=VERTEX_POINT('',#14058);
#3443=VERTEX_POINT('',#14060);
#3444=VERTEX_POINT('',#14062);
#3445=VERTEX_POINT('',#14068);
#3446=VERTEX_POINT('',#14072);
#3447=VERTEX_POINT('',#14074);
#3448=VERTEX_POINT('',#14082);
#3449=VERTEX_POINT('',#14085);
#3450=VERTEX_POINT('',#14089);
#3451=VERTEX_POINT('',#14093);
#3452=VERTEX_POINT('',#14097);
#3453=VERTEX_POINT('',#14101);
#3454=VERTEX_POINT('',#14105);
#3455=VERTEX_POINT('',#14108);
#3456=VERTEX_POINT('',#14112);
#3457=VERTEX_POINT('',#14118);
#3458=VERTEX_POINT('',#14122);
#3459=VERTEX_POINT('',#14158);
#3460=VERTEX_POINT('',#14160);
#3461=VERTEX_POINT('',#14162);
#3462=VERTEX_POINT('',#14164);
#3463=VERTEX_POINT('',#14168);
#3464=VERTEX_POINT('',#14170);
#3465=VERTEX_POINT('',#14172);
#3466=VERTEX_POINT('',#14174);
#3467=VERTEX_POINT('',#14182);
#3468=VERTEX_POINT('',#14184);
#3469=VERTEX_POINT('',#14192);
#3470=VERTEX_POINT('',#14194);
#3471=VERTEX_POINT('',#14209);
#3472=VERTEX_POINT('',#14210);
#3473=VERTEX_POINT('',#14212);
#3474=VERTEX_POINT('',#14214);
#3475=VERTEX_POINT('',#14218);
#3476=VERTEX_POINT('',#14219);
#3477=VERTEX_POINT('',#14224);
#3478=VERTEX_POINT('',#14225);
#3479=VERTEX_POINT('',#14230);
#3480=VERTEX_POINT('',#14231);
#3481=VERTEX_POINT('',#14236);
#3482=VERTEX_POINT('',#14237);
#3483=VERTEX_POINT('',#14242);
#3484=VERTEX_POINT('',#14243);
#3485=VERTEX_POINT('',#14245);
#3486=VERTEX_POINT('',#14247);
#3487=VERTEX_POINT('',#14254);
#3488=VERTEX_POINT('',#14256);
#3489=VERTEX_POINT('',#14258);
#3490=VERTEX_POINT('',#14260);
#3491=VERTEX_POINT('',#14262);
#3492=VERTEX_POINT('',#14264);
#3493=VERTEX_POINT('',#14266);
#3494=VERTEX_POINT('',#14268);
#3495=VERTEX_POINT('',#14270);
#3496=VERTEX_POINT('',#14272);
#3497=VERTEX_POINT('',#14274);
#3498=VERTEX_POINT('',#14276);
#3499=VERTEX_POINT('',#14278);
#3500=VERTEX_POINT('',#14280);
#3501=VERTEX_POINT('',#14282);
#3502=VERTEX_POINT('',#14284);
#3503=VERTEX_POINT('',#14286);
#3504=VERTEX_POINT('',#14288);
#3505=VERTEX_POINT('',#14290);
#3506=VERTEX_POINT('',#14292);
#3507=VERTEX_POINT('',#14294);
#3508=VERTEX_POINT('',#14296);
#3509=VERTEX_POINT('',#14298);
#3510=VERTEX_POINT('',#14300);
#3511=VERTEX_POINT('',#14302);
#3512=VERTEX_POINT('',#14304);
#3513=VERTEX_POINT('',#14306);
#3514=VERTEX_POINT('',#14308);
#3515=VERTEX_POINT('',#14310);
#3516=VERTEX_POINT('',#14312);
#3517=VERTEX_POINT('',#14314);
#3518=VERTEX_POINT('',#14316);
#3519=VERTEX_POINT('',#14318);
#3520=VERTEX_POINT('',#14320);
#3521=VERTEX_POINT('',#14322);
#3522=VERTEX_POINT('',#14324);
#3523=VERTEX_POINT('',#14326);
#3524=VERTEX_POINT('',#14328);
#3525=VERTEX_POINT('',#14330);
#3526=VERTEX_POINT('',#14332);
#3527=VERTEX_POINT('',#14334);
#3528=VERTEX_POINT('',#14336);
#3529=VERTEX_POINT('',#14338);
#3530=VERTEX_POINT('',#14340);
#3531=VERTEX_POINT('',#14342);
#3532=VERTEX_POINT('',#14344);
#3533=VERTEX_POINT('',#14346);
#3534=VERTEX_POINT('',#14348);
#3535=VERTEX_POINT('',#14350);
#3536=VERTEX_POINT('',#14352);
#3537=VERTEX_POINT('',#14354);
#3538=VERTEX_POINT('',#14356);
#3539=VERTEX_POINT('',#14358);
#3540=VERTEX_POINT('',#14360);
#3541=VERTEX_POINT('',#14362);
#3542=VERTEX_POINT('',#14364);
#3543=VERTEX_POINT('',#14366);
#3544=VERTEX_POINT('',#14368);
#3545=VERTEX_POINT('',#14370);
#3546=VERTEX_POINT('',#14372);
#3547=VERTEX_POINT('',#14374);
#3548=VERTEX_POINT('',#14376);
#3549=VERTEX_POINT('',#14378);
#3550=VERTEX_POINT('',#14380);
#3551=VERTEX_POINT('',#14382);
#3552=VERTEX_POINT('',#14384);
#3553=VERTEX_POINT('',#14386);
#3554=VERTEX_POINT('',#14388);
#3555=VERTEX_POINT('',#14390);
#3556=VERTEX_POINT('',#14392);
#3557=VERTEX_POINT('',#14394);
#3558=VERTEX_POINT('',#14396);
#3559=VERTEX_POINT('',#14398);
#3560=VERTEX_POINT('',#14400);
#3561=VERTEX_POINT('',#14402);
#3562=VERTEX_POINT('',#14404);
#3563=VERTEX_POINT('',#14406);
#3564=VERTEX_POINT('',#14408);
#3565=VERTEX_POINT('',#14410);
#3566=VERTEX_POINT('',#14412);
#3567=VERTEX_POINT('',#14414);
#3568=VERTEX_POINT('',#14416);
#3569=VERTEX_POINT('',#14418);
#3570=VERTEX_POINT('',#14420);
#3571=VERTEX_POINT('',#14422);
#3572=VERTEX_POINT('',#14424);
#3573=VERTEX_POINT('',#14426);
#3574=VERTEX_POINT('',#14428);
#3575=VERTEX_POINT('',#14430);
#3576=VERTEX_POINT('',#14432);
#3577=VERTEX_POINT('',#14434);
#3578=VERTEX_POINT('',#14436);
#3579=VERTEX_POINT('',#14438);
#3580=VERTEX_POINT('',#14440);
#3581=VERTEX_POINT('',#14442);
#3582=VERTEX_POINT('',#14444);
#3583=VERTEX_POINT('',#14446);
#3584=VERTEX_POINT('',#14448);
#3585=VERTEX_POINT('',#14450);
#3586=VERTEX_POINT('',#14452);
#3587=VERTEX_POINT('',#14454);
#3588=VERTEX_POINT('',#14456);
#3589=VERTEX_POINT('',#14458);
#3590=VERTEX_POINT('',#14460);
#3591=VERTEX_POINT('',#14462);
#3592=VERTEX_POINT('',#14464);
#3593=VERTEX_POINT('',#14466);
#3594=VERTEX_POINT('',#14468);
#3595=VERTEX_POINT('',#14470);
#3596=VERTEX_POINT('',#14472);
#3597=VERTEX_POINT('',#14474);
#3598=VERTEX_POINT('',#14476);
#3599=VERTEX_POINT('',#14478);
#3600=VERTEX_POINT('',#14480);
#3601=VERTEX_POINT('',#14482);
#3602=VERTEX_POINT('',#14484);
#3603=VERTEX_POINT('',#14486);
#3604=VERTEX_POINT('',#14488);
#3605=VERTEX_POINT('',#14490);
#3606=VERTEX_POINT('',#14492);
#3607=VERTEX_POINT('',#14494);
#3608=VERTEX_POINT('',#14497);
#3609=VERTEX_POINT('',#14501);
#3610=VERTEX_POINT('',#14503);
#3611=VERTEX_POINT('',#14507);
#3612=VERTEX_POINT('',#14511);
#3613=VERTEX_POINT('',#14515);
#3614=VERTEX_POINT('',#14519);
#3615=VERTEX_POINT('',#14521);
#3616=VERTEX_POINT('',#14525);
#3617=VERTEX_POINT('',#14529);
#3618=VERTEX_POINT('',#14533);
#3619=VERTEX_POINT('',#14537);
#3620=VERTEX_POINT('',#14541);
#3621=VERTEX_POINT('',#14543);
#3622=VERTEX_POINT('',#14550);
#3623=VERTEX_POINT('',#14552);
#3624=VERTEX_POINT('',#14556);
#3625=VERTEX_POINT('',#14560);
#3626=VERTEX_POINT('',#14564);
#3627=VERTEX_POINT('',#14568);
#3628=VERTEX_POINT('',#14570);
#3629=VERTEX_POINT('',#14574);
#3630=VERTEX_POINT('',#14578);
#3631=VERTEX_POINT('',#14582);
#3632=VERTEX_POINT('',#14586);
#3633=VERTEX_POINT('',#14590);
#3634=VERTEX_POINT('',#14592);
#3635=VERTEX_POINT('',#14599);
#3636=VERTEX_POINT('',#14601);
#3637=VERTEX_POINT('',#14605);
#3638=VERTEX_POINT('',#14609);
#3639=VERTEX_POINT('',#14613);
#3640=VERTEX_POINT('',#14617);
#3641=VERTEX_POINT('',#14619);
#3642=VERTEX_POINT('',#14623);
#3643=VERTEX_POINT('',#14627);
#3644=VERTEX_POINT('',#14631);
#3645=VERTEX_POINT('',#14635);
#3646=VERTEX_POINT('',#14639);
#3647=VERTEX_POINT('',#14641);
#3648=VERTEX_POINT('',#14648);
#3649=VERTEX_POINT('',#14650);
#3650=VERTEX_POINT('',#14654);
#3651=VERTEX_POINT('',#14658);
#3652=VERTEX_POINT('',#14662);
#3653=VERTEX_POINT('',#14666);
#3654=VERTEX_POINT('',#14668);
#3655=VERTEX_POINT('',#14672);
#3656=VERTEX_POINT('',#14676);
#3657=VERTEX_POINT('',#14680);
#3658=VERTEX_POINT('',#14684);
#3659=VERTEX_POINT('',#14688);
#3660=VERTEX_POINT('',#14690);
#3661=VERTEX_POINT('',#14697);
#3662=VERTEX_POINT('',#14699);
#3663=VERTEX_POINT('',#14703);
#3664=VERTEX_POINT('',#14707);
#3665=VERTEX_POINT('',#14711);
#3666=VERTEX_POINT('',#14715);
#3667=VERTEX_POINT('',#14717);
#3668=VERTEX_POINT('',#14721);
#3669=VERTEX_POINT('',#14725);
#3670=VERTEX_POINT('',#14729);
#3671=VERTEX_POINT('',#14733);
#3672=VERTEX_POINT('',#14737);
#3673=VERTEX_POINT('',#14739);
#3674=VERTEX_POINT('',#14746);
#3675=VERTEX_POINT('',#14748);
#3676=VERTEX_POINT('',#14752);
#3677=VERTEX_POINT('',#14756);
#3678=VERTEX_POINT('',#14760);
#3679=VERTEX_POINT('',#14764);
#3680=VERTEX_POINT('',#14766);
#3681=VERTEX_POINT('',#14770);
#3682=VERTEX_POINT('',#14774);
#3683=VERTEX_POINT('',#14778);
#3684=VERTEX_POINT('',#14780);
#3685=VERTEX_POINT('',#14784);
#3686=VERTEX_POINT('',#14788);
#3687=VERTEX_POINT('',#14794);
#3688=VERTEX_POINT('',#14796);
#3689=VERTEX_POINT('',#14800);
#3690=VERTEX_POINT('',#14804);
#3691=VERTEX_POINT('',#14808);
#3692=VERTEX_POINT('',#14812);
#3693=VERTEX_POINT('',#14814);
#3694=VERTEX_POINT('',#14818);
#3695=VERTEX_POINT('',#14822);
#3696=VERTEX_POINT('',#14826);
#3697=VERTEX_POINT('',#14830);
#3698=VERTEX_POINT('',#14834);
#3699=VERTEX_POINT('',#14838);
#3700=VERTEX_POINT('',#14842);
#3701=VERTEX_POINT('',#14844);
#3702=VERTEX_POINT('',#14848);
#3703=VERTEX_POINT('',#14852);
#3704=VERTEX_POINT('',#14857);
#3705=VERTEX_POINT('',#14861);
#3706=VERTEX_POINT('',#14863);
#3707=VERTEX_POINT('',#14867);
#3708=VERTEX_POINT('',#14871);
#3709=VERTEX_POINT('',#14875);
#3710=VERTEX_POINT('',#14879);
#3711=VERTEX_POINT('',#14883);
#3712=VERTEX_POINT('',#14887);
#3713=VERTEX_POINT('',#14891);
#3714=VERTEX_POINT('',#14893);
#3715=VERTEX_POINT('',#14897);
#3716=VERTEX_POINT('',#14901);
#3717=VERTEX_POINT('',#14906);
#3718=VERTEX_POINT('',#14910);
#3719=VERTEX_POINT('',#14912);
#3720=VERTEX_POINT('',#14914);
#3721=VERTEX_POINT('',#14918);
#3722=VERTEX_POINT('',#14922);
#3723=VERTEX_POINT('',#14923);
#3724=VERTEX_POINT('',#14925);
#3725=VERTEX_POINT('',#14927);
#3726=VERTEX_POINT('',#14929);
#3727=VERTEX_POINT('',#14931);
#3728=VERTEX_POINT('',#14933);
#3729=VERTEX_POINT('',#14935);
#3730=VERTEX_POINT('',#14937);
#3731=VERTEX_POINT('',#14939);
#3732=VERTEX_POINT('',#14941);
#3733=VERTEX_POINT('',#14943);
#3734=VERTEX_POINT('',#14945);
#3735=VERTEX_POINT('',#14947);
#3736=VERTEX_POINT('',#14949);
#3737=VERTEX_POINT('',#14951);
#3738=VERTEX_POINT('',#14953);
#3739=VERTEX_POINT('',#14955);
#3740=VERTEX_POINT('',#14957);
#3741=VERTEX_POINT('',#14959);
#3742=VERTEX_POINT('',#14963);
#3743=VERTEX_POINT('',#14965);
#3744=VERTEX_POINT('',#14969);
#3745=VERTEX_POINT('',#14973);
#3746=VERTEX_POINT('',#14977);
#3747=VERTEX_POINT('',#14981);
#3748=VERTEX_POINT('',#14985);
#3749=VERTEX_POINT('',#14989);
#3750=VERTEX_POINT('',#14993);
#3751=VERTEX_POINT('',#14995);
#3752=VERTEX_POINT('',#14999);
#3753=VERTEX_POINT('',#15004);
#3754=VERTEX_POINT('',#15008);
#3755=VERTEX_POINT('',#15012);
#3756=VERTEX_POINT('',#15014);
#3757=VERTEX_POINT('',#15018);
#3758=VERTEX_POINT('',#15022);
#3759=VERTEX_POINT('',#15026);
#3760=VERTEX_POINT('',#15028);
#3761=VERTEX_POINT('',#15032);
#3762=VERTEX_POINT('',#15036);
#3763=VERTEX_POINT('',#15042);
#3764=VERTEX_POINT('',#15044);
#3765=VERTEX_POINT('',#15048);
#3766=VERTEX_POINT('',#15052);
#3767=VERTEX_POINT('',#15056);
#3768=VERTEX_POINT('',#15060);
#3769=VERTEX_POINT('',#15062);
#3770=VERTEX_POINT('',#15066);
#3771=VERTEX_POINT('',#15068);
#3772=VERTEX_POINT('',#15072);
#3773=VERTEX_POINT('',#15076);
#3774=VERTEX_POINT('',#15080);
#3775=VERTEX_POINT('',#15084);
#3776=VERTEX_POINT('',#15090);
#3777=VERTEX_POINT('',#15092);
#3778=VERTEX_POINT('',#15096);
#3779=VERTEX_POINT('',#15100);
#3780=VERTEX_POINT('',#15104);
#3781=VERTEX_POINT('',#15108);
#3782=VERTEX_POINT('',#15110);
#3783=VERTEX_POINT('',#15114);
#3784=VERTEX_POINT('',#15118);
#3785=VERTEX_POINT('',#15122);
#3786=VERTEX_POINT('',#15126);
#3787=VERTEX_POINT('',#15128);
#3788=VERTEX_POINT('',#15132);
#3789=VERTEX_POINT('',#15138);
#3790=VERTEX_POINT('',#15140);
#3791=VERTEX_POINT('',#15144);
#3792=VERTEX_POINT('',#15148);
#3793=VERTEX_POINT('',#15152);
#3794=VERTEX_POINT('',#15156);
#3795=VERTEX_POINT('',#15158);
#3796=VERTEX_POINT('',#15162);
#3797=VERTEX_POINT('',#15166);
#3798=VERTEX_POINT('',#15170);
#3799=VERTEX_POINT('',#15174);
#3800=VERTEX_POINT('',#15178);
#3801=VERTEX_POINT('',#15182);
#3802=VERTEX_POINT('',#15186);
#3803=VERTEX_POINT('',#15188);
#3804=VERTEX_POINT('',#15192);
#3805=VERTEX_POINT('',#15196);
#3806=VERTEX_POINT('',#15201);
#3807=VERTEX_POINT('',#15205);
#3808=VERTEX_POINT('',#15207);
#3809=VERTEX_POINT('',#15211);
#3810=VERTEX_POINT('',#15215);
#3811=VERTEX_POINT('',#15219);
#3812=VERTEX_POINT('',#15221);
#3813=VERTEX_POINT('',#15225);
#3814=VERTEX_POINT('',#15229);
#3815=VERTEX_POINT('',#15235);
#3816=VERTEX_POINT('',#15237);
#3817=VERTEX_POINT('',#15241);
#3818=VERTEX_POINT('',#15245);
#3819=VERTEX_POINT('',#15249);
#3820=VERTEX_POINT('',#15253);
#3821=VERTEX_POINT('',#15255);
#3822=VERTEX_POINT('',#15259);
#3823=VERTEX_POINT('',#15263);
#3824=VERTEX_POINT('',#15267);
#3825=VERTEX_POINT('',#15271);
#3826=VERTEX_POINT('',#15275);
#3827=VERTEX_POINT('',#15277);
#3828=VERTEX_POINT('',#15284);
#3829=VERTEX_POINT('',#15286);
#3830=VERTEX_POINT('',#15290);
#3831=VERTEX_POINT('',#15294);
#3832=VERTEX_POINT('',#15298);
#3833=VERTEX_POINT('',#15304);
#3834=VERTEX_POINT('',#15313);
#3835=VERTEX_POINT('',#15341);
#3836=VERTEX_POINT('',#15343);
#3837=VERTEX_POINT('',#15371);
#3838=VERTEX_POINT('',#15373);
#3839=VERTEX_POINT('',#15401);
#3840=VERTEX_POINT('',#15403);
#3841=VERTEX_POINT('',#15431);
#3842=VERTEX_POINT('',#15433);
#3843=VERTEX_POINT('',#15437);
#3844=VERTEX_POINT('',#15441);
#3845=VERTEX_POINT('',#15445);
#3846=VERTEX_POINT('',#15449);
#3847=VERTEX_POINT('',#15455);
#3848=VERTEX_POINT('',#15459);
#3849=VERTEX_POINT('',#15463);
#3850=VERTEX_POINT('',#15467);
#3851=VERTEX_POINT('',#15473);
#3852=VERTEX_POINT('',#15477);
#3853=VERTEX_POINT('',#15481);
#3854=VERTEX_POINT('',#15485);
#3855=VERTEX_POINT('',#15491);
#3856=VERTEX_POINT('',#15495);
#3857=VERTEX_POINT('',#15499);
#3858=VERTEX_POINT('',#15503);
#3859=VERTEX_POINT('',#15509);
#3860=VERTEX_POINT('',#15511);
#3861=VERTEX_POINT('',#15515);
#3862=VERTEX_POINT('',#15519);
#3863=VERTEX_POINT('',#15523);
#3864=VERTEX_POINT('',#15527);
#3865=VERTEX_POINT('',#15531);
#3866=VERTEX_POINT('',#15535);
#3867=VERTEX_POINT('',#15539);
#3868=VERTEX_POINT('',#15543);
#3869=VERTEX_POINT('',#15547);
#3870=VERTEX_POINT('',#15551);
#3871=VERTEX_POINT('',#15555);
#3872=VERTEX_POINT('',#15559);
#3873=VERTEX_POINT('',#15561);
#3874=VERTEX_POINT('',#15565);
#3875=VERTEX_POINT('',#15573);
#3876=VERTEX_POINT('',#15577);
#3877=VERTEX_POINT('',#15581);
#3878=VERTEX_POINT('',#15587);
#3879=VERTEX_POINT('',#15589);
#3880=VERTEX_POINT('',#15595);
#3881=VERTEX_POINT('',#15601);
#3882=VERTEX_POINT('',#15605);
#3883=VERTEX_POINT('',#15609);
#3884=VERTEX_POINT('',#15615);
#3885=VERTEX_POINT('',#15619);
#3886=VERTEX_POINT('',#15623);
#3887=VERTEX_POINT('',#15629);
#3888=VERTEX_POINT('',#15633);
#3889=VERTEX_POINT('',#15637);
#3890=VERTEX_POINT('',#15643);
#3891=VERTEX_POINT('',#15647);
#3892=VERTEX_POINT('',#15651);
#3893=VERTEX_POINT('',#15657);
#3894=VERTEX_POINT('',#15661);
#3895=VERTEX_POINT('',#15665);
#3896=VERTEX_POINT('',#15671);
#3897=VERTEX_POINT('',#15675);
#3898=VERTEX_POINT('',#15679);
#3899=VERTEX_POINT('',#15685);
#3900=VERTEX_POINT('',#15689);
#3901=VERTEX_POINT('',#15693);
#3902=VERTEX_POINT('',#15699);
#3903=VERTEX_POINT('',#15703);
#3904=VERTEX_POINT('',#15707);
#3905=VERTEX_POINT('',#15713);
#3906=VERTEX_POINT('',#15717);
#3907=VERTEX_POINT('',#15721);
#3908=VERTEX_POINT('',#15727);
#3909=VERTEX_POINT('',#15731);
#3910=VERTEX_POINT('',#15735);
#3911=VERTEX_POINT('',#15741);
#3912=VERTEX_POINT('',#15745);
#3913=VERTEX_POINT('',#15749);
#3914=VERTEX_POINT('',#15755);
#3915=VERTEX_POINT('',#15759);
#3916=VERTEX_POINT('',#15763);
#3917=VERTEX_POINT('',#15769);
#3918=VERTEX_POINT('',#15773);
#3919=VERTEX_POINT('',#15777);
#3920=VERTEX_POINT('',#15781);
#3921=VERTEX_POINT('',#15785);
#3922=VERTEX_POINT('',#15789);
#3923=VERTEX_POINT('',#15793);
#3924=VERTEX_POINT('',#15797);
#3925=VERTEX_POINT('',#15801);
#3926=VERTEX_POINT('',#15805);
#3927=VERTEX_POINT('',#15809);
#3928=VERTEX_POINT('',#15815);
#3929=VERTEX_POINT('',#15819);
#3930=VERTEX_POINT('',#15823);
#3931=EDGE_CURVE('',#3189,#3189,#2482,.T.);
#3932=EDGE_CURVE('',#3189,#3190,#1486,.T.);
#3933=EDGE_CURVE('',#3191,#3190,#1471,.T.);
#3934=EDGE_CURVE('',#3192,#3191,#1487,.T.);
#3935=EDGE_CURVE('',#3193,#3192,#1472,.T.);
#3936=EDGE_CURVE('',#3194,#3193,#1473,.T.);
#3937=EDGE_CURVE('',#3195,#3194,#1488,.T.);
#3938=EDGE_CURVE('',#3196,#3195,#1474,.T.);
#3939=EDGE_CURVE('',#3196,#3197,#1489,.T.);
#3940=EDGE_CURVE('',#3197,#3197,#2483,.T.);
#3941=EDGE_CURVE('',#3198,#3196,#1475,.T.);
#3942=EDGE_CURVE('',#3199,#3198,#1490,.T.);
#3943=EDGE_CURVE('',#3190,#3199,#1476,.T.);
#3944=EDGE_CURVE('',#3200,#3201,#1477,.T.);
#3945=EDGE_CURVE('',#3202,#3200,#1491,.T.);
#3946=EDGE_CURVE('',#3203,#3202,#1478,.T.);
#3947=EDGE_CURVE('',#3204,#3203,#1492,.T.);
#3948=EDGE_CURVE('',#3205,#3204,#1479,.T.);
#3949=EDGE_CURVE('',#3201,#3205,#1493,.T.);
#3950=EDGE_CURVE('',#3206,#3207,#1480,.T.);
#3951=EDGE_CURVE('',#3208,#3206,#1494,.T.);
#3952=EDGE_CURVE('',#3209,#3208,#1481,.T.);
#3953=EDGE_CURVE('',#3210,#3209,#1495,.T.);
#3954=EDGE_CURVE('',#3211,#3210,#1482,.T.);
#3955=EDGE_CURVE('',#3212,#3211,#1483,.T.);
#3956=EDGE_CURVE('',#3213,#3212,#1496,.T.);
#3957=EDGE_CURVE('',#3214,#3213,#1484,.T.);
#3958=EDGE_CURVE('',#3215,#3214,#1497,.T.);
#3959=EDGE_CURVE('',#3207,#3215,#1485,.T.);
#3960=EDGE_CURVE('',#3216,#3216,#2484,.T.);
#3961=EDGE_CURVE('',#3201,#3203,#2485,.T.);
#3962=EDGE_CURVE('',#3217,#3205,#2486,.T.);
#3963=EDGE_CURVE('',#3204,#3217,#2487,.T.);
#3964=EDGE_CURVE('',#3202,#3200,#2488,.T.);
#3965=EDGE_CURVE('',#3218,#3218,#2489,.T.);
#3966=EDGE_CURVE('',#3218,#3193,#1498,.T.);
#3967=EDGE_CURVE('',#3192,#3194,#2490,.T.);
#3968=EDGE_CURVE('',#3195,#3191,#2491,.T.);
#3969=EDGE_CURVE('',#3219,#3219,#2492,.T.);
#3970=EDGE_CURVE('',#3219,#3211,#1499,.T.);
#3971=EDGE_CURVE('',#3210,#3212,#2493,.T.);
#3972=EDGE_CURVE('',#3220,#3220,#2494,.T.);
#3973=EDGE_CURVE('',#3221,#3221,#2495,.T.);
#3974=EDGE_CURVE('',#3222,#3223,#1500,.T.);
#3975=EDGE_CURVE('',#3223,#3224,#1501,.T.);
#3976=EDGE_CURVE('',#3224,#3225,#1502,.T.);
#3977=EDGE_CURVE('',#3225,#3222,#1503,.T.);
#3978=EDGE_CURVE('',#3226,#3227,#1504,.T.);
#3979=EDGE_CURVE('',#3227,#3228,#1505,.T.);
#3980=EDGE_CURVE('',#3228,#3229,#1506,.T.);
#3981=EDGE_CURVE('',#3229,#3226,#1507,.T.);
#3982=EDGE_CURVE('',#3230,#3231,#1508,.T.);
#3983=EDGE_CURVE('',#3232,#3231,#1509,.T.);
#3984=EDGE_CURVE('',#3233,#3232,#1510,.T.);
#3985=EDGE_CURVE('',#3233,#3230,#1511,.T.);
#3986=EDGE_CURVE('',#3234,#3234,#2496,.T.);
#3987=EDGE_CURVE('',#3234,#3216,#1512,.T.);
#3988=EDGE_CURVE('',#3226,#3235,#1513,.T.);
#3989=EDGE_CURVE('',#3236,#3235,#1514,.T.);
#3990=EDGE_CURVE('',#3227,#3236,#1515,.T.);
#3991=EDGE_CURVE('',#3237,#3236,#1516,.T.);
#3992=EDGE_CURVE('',#3228,#3237,#1517,.T.);
#3993=EDGE_CURVE('',#3238,#3237,#1518,.T.);
#3994=EDGE_CURVE('',#3229,#3238,#1519,.T.);
#3995=EDGE_CURVE('',#3235,#3238,#1520,.T.);
#3996=EDGE_CURVE('',#3222,#3239,#1521,.T.);
#3997=EDGE_CURVE('',#3240,#3239,#1522,.T.);
#3998=EDGE_CURVE('',#3223,#3240,#1523,.T.);
#3999=EDGE_CURVE('',#3241,#3240,#1524,.T.);
#4000=EDGE_CURVE('',#3224,#3241,#1525,.T.);
#4001=EDGE_CURVE('',#3242,#3241,#1526,.T.);
#4002=EDGE_CURVE('',#3225,#3242,#1527,.T.);
#4003=EDGE_CURVE('',#3239,#3242,#1528,.T.);
#4004=EDGE_CURVE('',#3230,#3243,#1529,.T.);
#4005=EDGE_CURVE('',#3244,#3243,#1530,.T.);
#4006=EDGE_CURVE('',#3231,#3244,#1531,.T.);
#4007=EDGE_CURVE('',#3232,#3245,#1532,.T.);
#4008=EDGE_CURVE('',#3246,#3245,#1533,.T.);
#4009=EDGE_CURVE('',#3233,#3246,#1534,.T.);
#4010=EDGE_CURVE('',#3243,#3246,#1535,.T.);
#4011=EDGE_CURVE('',#3247,#3248,#2497,.T.);
#4012=EDGE_CURVE('',#3247,#3249,#1536,.T.);
#4013=EDGE_CURVE('',#3250,#3249,#2498,.T.);
#4014=EDGE_CURVE('',#3250,#3251,#1537,.T.);
#4015=EDGE_CURVE('',#3252,#3251,#2499,.T.);
#4016=EDGE_CURVE('',#3252,#3253,#1538,.T.);
#4017=EDGE_CURVE('',#3254,#3253,#2500,.T.);
#4018=EDGE_CURVE('',#3254,#3244,#1539,.T.);
#4019=EDGE_CURVE('',#3245,#3248,#1540,.T.);
#4020=EDGE_CURVE('',#3255,#3256,#2501,.T.);
#4021=EDGE_CURVE('',#3256,#3257,#2502,.T.);
#4022=EDGE_CURVE('',#3257,#3258,#2503,.T.);
#4023=EDGE_CURVE('',#3258,#3257,#2504,.T.);
#4024=EDGE_CURVE('',#3256,#3255,#2505,.T.);
#4025=EDGE_CURVE('',#3259,#3260,#2506,.T.);
#4026=EDGE_CURVE('',#3255,#3259,#1541,.T.);
#4027=EDGE_CURVE('',#3261,#3255,#1542,.T.);
#4028=EDGE_CURVE('',#3253,#3261,#1543,.T.);
#4029=EDGE_CURVE('',#3262,#3252,#1544,.T.);
#4030=EDGE_CURVE('',#3260,#3262,#2507,.T.);
#4031=EDGE_CURVE('',#3263,#3263,#2508,.T.);
#4032=EDGE_CURVE('',#3263,#3258,#1545,.T.);
#4033=EDGE_CURVE('',#3260,#3264,#2509,.T.);
#4034=EDGE_CURVE('',#3264,#3265,#2510,.T.);
#4035=EDGE_CURVE('',#3265,#3264,#2511,.T.);
#4036=EDGE_CURVE('',#3262,#3259,#2512,.T.);
#4037=EDGE_CURVE('',#3266,#3262,#1546,.T.);
#4038=EDGE_CURVE('',#3259,#3266,#1547,.T.);
#4039=EDGE_CURVE('',#3267,#3268,#38,.T.);
#4040=EDGE_CURVE('',#3268,#3265,#1548,.T.);
#4041=EDGE_CURVE('',#3268,#3269,#39,.T.);
#4042=EDGE_CURVE('',#3269,#3270,#2513,.T.);
#4043=EDGE_CURVE('',#3270,#3271,#40,.T.);
#4044=EDGE_CURVE('',#3271,#3272,#41,.T.);
#4045=EDGE_CURVE('',#3272,#3267,#2514,.T.);
#4046=EDGE_CURVE('',#3273,#3274,#2515,.T.);
#4047=EDGE_CURVE('',#3274,#3273,#2516,.T.);
#4048=EDGE_CURVE('',#3273,#3275,#2517,.T.);
#4049=EDGE_CURVE('',#3275,#3276,#2518,.T.);
#4050=EDGE_CURVE('',#3276,#3275,#2519,.T.);
#4051=EDGE_CURVE('',#3277,#3273,#1549,.T.);
#4052=EDGE_CURVE('',#3274,#3277,#1550,.T.);
#4053=EDGE_CURVE('',#3251,#3274,#1551,.T.);
#4054=EDGE_CURVE('',#3278,#3250,#1552,.T.);
#4055=EDGE_CURVE('',#3279,#3278,#2520,.T.);
#4056=EDGE_CURVE('',#3273,#3279,#1553,.T.);
#4057=EDGE_CURVE('',#3276,#3271,#1554,.T.);
#4058=EDGE_CURVE('',#3270,#3280,#2521,.T.);
#4059=EDGE_CURVE('',#3281,#3280,#42,.T.);
#4060=EDGE_CURVE('',#3281,#3272,#2522,.T.);
#4061=EDGE_CURVE('',#3278,#3279,#2523,.T.);
#4062=EDGE_CURVE('',#3279,#3282,#2524,.T.);
#4063=EDGE_CURVE('',#3282,#3283,#2525,.T.);
#4064=EDGE_CURVE('',#3283,#3282,#2526,.T.);
#4065=EDGE_CURVE('',#3284,#3278,#1555,.T.);
#4066=EDGE_CURVE('',#3279,#3284,#1556,.T.);
#4067=EDGE_CURVE('',#3283,#3285,#1557,.T.);
#4068=EDGE_CURVE('',#3286,#3285,#43,.T.);
#4069=EDGE_CURVE('',#3286,#3287,#2527,.T.);
#4070=EDGE_CURVE('',#3288,#3287,#44,.T.);
#4071=EDGE_CURVE('',#3288,#3289,#2528,.T.);
#4072=EDGE_CURVE('',#3285,#3289,#45,.T.);
#4073=EDGE_CURVE('',#3290,#3291,#2529,.T.);
#4074=EDGE_CURVE('',#3291,#3292,#2530,.T.);
#4075=EDGE_CURVE('',#3292,#3293,#2531,.T.);
#4076=EDGE_CURVE('',#3293,#3292,#2532,.T.);
#4077=EDGE_CURVE('',#3291,#3290,#2533,.T.);
#4078=EDGE_CURVE('',#3249,#3290,#1558,.T.);
#4079=EDGE_CURVE('',#3294,#3247,#1559,.T.);
#4080=EDGE_CURVE('',#3295,#3294,#1560,.T.);
#4081=EDGE_CURVE('',#3295,#3295,#2534,.T.);
#4082=EDGE_CURVE('',#3291,#3295,#1561,.T.);
#4083=EDGE_CURVE('',#3296,#3291,#1562,.T.);
#4084=EDGE_CURVE('',#3290,#3296,#1563,.T.);
#4085=EDGE_CURVE('',#3293,#3297,#1564,.T.);
#4086=EDGE_CURVE('',#3297,#3298,#46,.T.);
#4087=EDGE_CURVE('',#3298,#3288,#2535,.T.);
#4088=EDGE_CURVE('',#3287,#3299,#2536,.T.);
#4089=EDGE_CURVE('',#3299,#3297,#47,.T.);
#4090=EDGE_CURVE('',#3295,#3300,#2537,.T.);
#4091=EDGE_CURVE('',#3300,#3301,#2538,.T.);
#4092=EDGE_CURVE('',#3301,#3300,#2539,.T.);
#4093=EDGE_CURVE('',#3301,#3302,#1565,.T.);
#4094=EDGE_CURVE('',#3302,#3302,#2540,.T.);
#4095=EDGE_CURVE('',#3303,#3304,#2541,.T.);
#4096=EDGE_CURVE('',#3304,#3305,#2542,.T.);
#4097=EDGE_CURVE('',#3305,#3306,#2543,.T.);
#4098=EDGE_CURVE('',#3306,#3305,#2544,.T.);
#4099=EDGE_CURVE('',#3304,#3307,#2545,.T.);
#4100=EDGE_CURVE('',#3307,#3303,#2546,.T.);
#4101=EDGE_CURVE('',#3248,#3303,#1566,.T.);
#4102=EDGE_CURVE('',#3308,#3254,#1567,.T.);
#4103=EDGE_CURVE('',#3309,#3308,#2547,.T.);
#4104=EDGE_CURVE('',#3310,#3309,#2548,.T.);
#4105=EDGE_CURVE('',#3307,#3310,#1568,.T.);
#4106=EDGE_CURVE('',#3311,#3307,#1569,.T.);
#4107=EDGE_CURVE('',#3303,#3311,#1570,.T.);
#4108=EDGE_CURVE('',#3306,#3312,#1571,.T.);
#4109=EDGE_CURVE('',#3312,#3312,#2549,.T.);
#4110=EDGE_CURVE('',#3309,#3313,#2550,.T.);
#4111=EDGE_CURVE('',#3313,#3314,#2551,.T.);
#4112=EDGE_CURVE('',#3314,#3313,#2552,.T.);
#4113=EDGE_CURVE('',#3308,#3310,#2553,.T.);
#4114=EDGE_CURVE('',#3315,#3308,#1572,.T.);
#4115=EDGE_CURVE('',#3310,#3315,#1573,.T.);
#4116=EDGE_CURVE('',#3314,#3316,#1574,.T.);
#4117=EDGE_CURVE('',#3316,#3316,#2554,.T.);
#4118=EDGE_CURVE('',#3284,#3317,#2555,.F.);
#4119=EDGE_CURVE('',#3296,#3284,#2556,.F.);
#4120=EDGE_CURVE('',#3317,#3296,#2557,.F.);
#4121=EDGE_CURVE('',#3294,#3318,#2558,.F.);
#4122=EDGE_CURVE('',#3311,#3294,#2559,.F.);
#4123=EDGE_CURVE('',#3318,#3311,#2560,.F.);
#4124=EDGE_CURVE('',#3266,#3319,#2561,.F.);
#4125=EDGE_CURVE('',#3277,#3266,#2562,.F.);
#4126=EDGE_CURVE('',#3319,#3277,#2563,.F.);
#4127=EDGE_CURVE('',#3317,#3319,#1575,.T.);
#4128=EDGE_CURVE('',#3315,#3320,#2564,.F.);
#4129=EDGE_CURVE('',#3261,#3315,#2565,.F.);
#4130=EDGE_CURVE('',#3320,#3261,#2566,.F.);
#4131=EDGE_CURVE('',#3319,#3321,#1576,.T.);
#4132=EDGE_CURVE('',#3321,#3320,#1577,.T.);
#4133=EDGE_CURVE('',#3320,#3318,#1578,.T.);
#4134=EDGE_CURVE('',#3318,#3322,#1579,.T.);
#4135=EDGE_CURVE('',#3322,#3317,#1580,.T.);
#4136=EDGE_CURVE('',#3321,#3321,#2567,.T.);
#4137=EDGE_CURVE('',#3323,#3322,#2568,.T.);
#4138=EDGE_CURVE('',#3322,#3323,#2569,.T.);
#4139=EDGE_CURVE('',#3321,#3324,#2570,.T.);
#4140=EDGE_CURVE('',#3324,#3324,#2571,.T.);
#4141=EDGE_CURVE('',#3324,#3325,#1581,.T.);
#4142=EDGE_CURVE('',#3325,#3325,#2572,.T.);
#4143=EDGE_CURVE('',#3323,#3326,#2573,.T.);
#4144=EDGE_CURVE('',#3326,#3326,#2574,.T.);
#4145=EDGE_CURVE('',#3326,#3327,#1582,.T.);
#4146=EDGE_CURVE('',#3327,#3327,#2575,.T.);
#4147=EDGE_CURVE('',#3199,#3198,#2576,.T.);
#4148=EDGE_CURVE('',#3328,#3328,#2577,.T.);
#4149=EDGE_CURVE('',#3328,#3217,#1583,.T.);
#4150=EDGE_CURVE('',#3329,#3330,#1584,.T.);
#4151=EDGE_CURVE('',#3267,#3329,#2578,.T.);
#4152=EDGE_CURVE('',#3331,#3267,#1585,.T.);
#4153=EDGE_CURVE('',#3330,#3331,#2579,.T.);
#4154=EDGE_CURVE('',#3332,#3332,#2580,.T.);
#4155=EDGE_CURVE('',#3332,#3268,#1586,.T.);
#4156=EDGE_CURVE('',#3333,#3329,#48,.T.);
#4157=EDGE_CURVE('',#3334,#3333,#49,.T.);
#4158=EDGE_CURVE('',#3334,#3269,#2581,.T.);
#4159=EDGE_CURVE('',#3330,#3334,#1587,.T.);
#4160=EDGE_CURVE('',#3331,#3330,#2582,.T.);
#4161=EDGE_CURVE('',#3269,#3331,#1588,.T.);
#4162=EDGE_CURVE('',#3335,#3336,#1589,.T.);
#4163=EDGE_CURVE('',#3299,#3335,#2583,.T.);
#4164=EDGE_CURVE('',#3337,#3299,#1590,.T.);
#4165=EDGE_CURVE('',#3336,#3337,#2584,.T.);
#4166=EDGE_CURVE('',#3338,#3338,#2585,.T.);
#4167=EDGE_CURVE('',#3338,#3339,#1591,.T.);
#4168=EDGE_CURVE('',#3340,#3339,#50,.T.);
#4169=EDGE_CURVE('',#3340,#3298,#2586,.T.);
#4170=EDGE_CURVE('',#3339,#3335,#51,.T.);
#4171=EDGE_CURVE('',#3336,#3340,#1592,.T.);
#4172=EDGE_CURVE('',#3337,#3336,#2587,.T.);
#4173=EDGE_CURVE('',#3298,#3337,#1593,.T.);
#4174=EDGE_CURVE('',#3341,#3330,#2588,.T.);
#4175=EDGE_CURVE('',#3341,#3281,#1594,.T.);
#4176=EDGE_CURVE('',#3329,#3281,#2589,.T.);
#4177=EDGE_CURVE('',#3342,#3331,#52,.T.);
#4178=EDGE_CURVE('',#3330,#3342,#53,.T.);
#4179=EDGE_CURVE('',#3272,#3343,#1595,.T.);
#4180=EDGE_CURVE('',#3343,#3331,#2590,.T.);
#4181=EDGE_CURVE('',#3339,#3333,#1596,.T.);
#4182=EDGE_CURVE('',#3280,#3334,#2591,.T.);
#4183=EDGE_CURVE('',#3335,#3286,#2592,.T.);
#4184=EDGE_CURVE('',#3289,#3340,#2593,.T.);
#4185=EDGE_CURVE('',#3336,#3344,#2594,.T.);
#4186=EDGE_CURVE('',#3344,#3286,#1597,.T.);
#4187=EDGE_CURVE('',#3345,#3336,#54,.T.);
#4188=EDGE_CURVE('',#3337,#3345,#55,.T.);
#4189=EDGE_CURVE('',#3346,#3337,#56,.T.);
#4190=EDGE_CURVE('',#3336,#3346,#57,.T.);
#4191=EDGE_CURVE('',#3287,#3347,#1598,.T.);
#4192=EDGE_CURVE('',#3337,#3347,#2595,.T.);
#4193=EDGE_CURVE('',#3343,#3341,#2596,.T.);
#4194=EDGE_CURVE('',#3280,#3341,#1599,.T.);
#4195=EDGE_CURVE('',#3343,#3270,#1600,.T.);
#4196=EDGE_CURVE('',#3341,#3343,#2597,.T.);
#4197=EDGE_CURVE('',#3289,#3344,#1601,.T.);
#4198=EDGE_CURVE('',#3347,#3288,#1602,.T.);
#4199=EDGE_CURVE('',#3344,#3347,#2598,.T.);
#4200=EDGE_CURVE('',#3347,#3344,#2599,.T.);
#4201=EDGE_CURVE('',#3330,#3341,#2600,.T.);
#4202=EDGE_CURVE('',#3348,#3343,#58,.T.);
#4203=EDGE_CURVE('',#3341,#3348,#59,.T.);
#4204=EDGE_CURVE('',#3331,#3343,#2601,.T.);
#4205=EDGE_CURVE('',#3344,#3336,#2602,.T.);
#4206=EDGE_CURVE('',#3346,#3344,#60,.T.);
#4207=EDGE_CURVE('',#3347,#3346,#61,.T.);
#4208=EDGE_CURVE('',#3345,#3347,#62,.T.);
#4209=EDGE_CURVE('',#3344,#3345,#63,.T.);
#4210=EDGE_CURVE('',#3347,#3337,#2603,.T.);
#4211=EDGE_CURVE('',#3348,#3330,#64,.T.);
#4212=EDGE_CURVE('',#3331,#3348,#65,.T.);
#4213=EDGE_CURVE('',#3342,#3341,#66,.T.);
#4214=EDGE_CURVE('',#3343,#3342,#67,.T.);
#4215=EDGE_CURVE('',#3213,#3209,#2604,.T.);
#4216=EDGE_CURVE('',#3208,#3214,#2605,.T.);
#4217=EDGE_CURVE('',#3207,#3349,#1603,.T.);
#4218=EDGE_CURVE('',#3349,#3349,#2606,.T.);
#4219=EDGE_CURVE('',#3206,#3215,#2607,.T.);
#4220=EDGE_CURVE('',#3350,#3350,#2608,.T.);
#4221=EDGE_CURVE('',#3350,#3351,#1604,.T.);
#4222=EDGE_CURVE('',#3351,#3351,#2609,.T.);
#4223=EDGE_CURVE('',#3352,#3352,#2610,.T.);
#4224=EDGE_CURVE('',#3352,#3221,#1605,.T.);
#4225=EDGE_CURVE('',#3353,#3353,#2611,.T.);
#4226=EDGE_CURVE('',#3353,#3354,#1606,.T.);
#4227=EDGE_CURVE('',#3354,#3354,#2612,.T.);
#4228=EDGE_CURVE('',#3355,#3355,#2613,.T.);
#4229=EDGE_CURVE('',#3355,#3220,#1607,.T.);
#4230=EDGE_CURVE('',#3356,#3357,#2614,.T.);
#4231=EDGE_CURVE('',#3357,#3358,#2615,.T.);
#4232=EDGE_CURVE('',#3358,#3359,#2616,.T.);
#4233=EDGE_CURVE('',#3359,#3358,#2617,.T.);
#4234=EDGE_CURVE('',#3357,#3360,#2618,.T.);
#4235=EDGE_CURVE('',#3360,#3356,#2619,.T.);
#4236=EDGE_CURVE('',#3361,#3357,#1608,.T.);
#4237=EDGE_CURVE('',#3360,#3361,#1609,.T.);
#4238=EDGE_CURVE('',#3362,#3356,#1610,.T.);
#4239=EDGE_CURVE('',#3363,#3362,#1611,.T.);
#4240=EDGE_CURVE('',#3364,#3363,#1612,.T.);
#4241=EDGE_CURVE('',#3357,#3364,#1613,.T.);
#4242=EDGE_CURVE('',#3365,#3360,#1614,.T.);
#4243=EDGE_CURVE('',#3356,#3365,#1615,.T.);
#4244=EDGE_CURVE('',#3366,#3367,#68,.T.);
#4245=EDGE_CURVE('',#3367,#3368,#69,.T.);
#4246=EDGE_CURVE('',#3368,#3369,#2620,.T.);
#4247=EDGE_CURVE('',#3369,#3359,#1616,.T.);
#4248=EDGE_CURVE('',#3369,#3370,#2621,.T.);
#4249=EDGE_CURVE('',#3370,#3371,#70,.T.);
#4250=EDGE_CURVE('',#3371,#3372,#71,.T.);
#4251=EDGE_CURVE('',#3372,#3366,#2622,.T.);
#4252=EDGE_CURVE('',#3373,#3374,#2623,.T.);
#4253=EDGE_CURVE('',#3374,#3375,#2624,.T.);
#4254=EDGE_CURVE('',#3375,#3376,#2625,.T.);
#4255=EDGE_CURVE('',#3376,#3375,#2626,.T.);
#4256=EDGE_CURVE('',#3374,#3377,#2627,.T.);
#4257=EDGE_CURVE('',#3377,#3373,#2628,.T.);
#4258=EDGE_CURVE('',#3378,#3374,#1617,.T.);
#4259=EDGE_CURVE('',#3377,#3378,#1618,.T.);
#4260=EDGE_CURVE('',#3379,#3373,#1619,.T.);
#4261=EDGE_CURVE('',#3380,#3379,#1620,.T.);
#4262=EDGE_CURVE('',#3381,#3380,#1621,.T.);
#4263=EDGE_CURVE('',#3374,#3381,#1622,.T.);
#4264=EDGE_CURVE('',#3382,#3377,#1623,.T.);
#4265=EDGE_CURVE('',#3373,#3382,#1624,.T.);
#4266=EDGE_CURVE('',#3376,#3383,#1625,.T.);
#4267=EDGE_CURVE('',#3383,#3384,#2629,.T.);
#4268=EDGE_CURVE('',#3384,#3385,#72,.T.);
#4269=EDGE_CURVE('',#3385,#3386,#2630,.T.);
#4270=EDGE_CURVE('',#3386,#3387,#73,.T.);
#4271=EDGE_CURVE('',#3387,#3383,#2631,.T.);
#4272=EDGE_CURVE('',#3388,#3389,#2632,.T.);
#4273=EDGE_CURVE('',#3389,#3390,#2633,.T.);
#4274=EDGE_CURVE('',#3390,#3390,#2634,.T.);
#4275=EDGE_CURVE('',#3389,#3391,#2635,.T.);
#4276=EDGE_CURVE('',#3391,#3388,#2636,.T.);
#4277=EDGE_CURVE('',#3392,#3388,#1626,.T.);
#4278=EDGE_CURVE('',#3393,#3392,#1627,.T.);
#4279=EDGE_CURVE('',#3394,#3393,#2637,.T.);
#4280=EDGE_CURVE('',#3395,#3394,#1628,.T.);
#4281=EDGE_CURVE('',#3396,#3395,#1629,.T.);
#4282=EDGE_CURVE('',#3397,#3396,#2638,.T.);
#4283=EDGE_CURVE('',#3391,#3397,#1630,.T.);
#4284=EDGE_CURVE('',#3398,#3391,#1631,.T.);
#4285=EDGE_CURVE('',#3388,#3398,#1632,.T.);
#4286=EDGE_CURVE('',#3390,#3399,#1633,.T.);
#4287=EDGE_CURVE('',#3400,#3399,#74,.T.);
#4288=EDGE_CURVE('',#3400,#3387,#2639,.T.);
#4289=EDGE_CURVE('',#3386,#3401,#2640,.T.);
#4290=EDGE_CURVE('',#3399,#3401,#75,.T.);
#4291=EDGE_CURVE('',#3396,#3402,#2641,.T.);
#4292=EDGE_CURVE('',#3402,#3402,#2642,.T.);
#4293=EDGE_CURVE('',#3396,#3397,#2643,.T.);
#4294=EDGE_CURVE('',#3403,#3396,#1634,.T.);
#4295=EDGE_CURVE('',#3397,#3403,#1635,.T.);
#4296=EDGE_CURVE('',#3402,#3371,#1636,.T.);
#4297=EDGE_CURVE('',#3370,#3404,#2644,.T.);
#4298=EDGE_CURVE('',#3405,#3404,#76,.T.);
#4299=EDGE_CURVE('',#3405,#3372,#2645,.T.);
#4300=EDGE_CURVE('',#3406,#3407,#2646,.F.);
#4301=EDGE_CURVE('',#3394,#3406,#2647,.F.);
#4302=EDGE_CURVE('',#3407,#3394,#2648,.F.);
#4303=EDGE_CURVE('',#3363,#3408,#2649,.F.);
#4304=EDGE_CURVE('',#3409,#3363,#2650,.F.);
#4305=EDGE_CURVE('',#3408,#3409,#2651,.F.);
#4306=EDGE_CURVE('',#3362,#3410,#2652,.F.);
#4307=EDGE_CURVE('',#3395,#3362,#2653,.F.);
#4308=EDGE_CURVE('',#3410,#3395,#2654,.F.);
#4309=EDGE_CURVE('',#3411,#3412,#2655,.F.);
#4310=EDGE_CURVE('',#3393,#3411,#2656,.F.);
#4311=EDGE_CURVE('',#3412,#3393,#2657,.F.);
#4312=EDGE_CURVE('',#3411,#3407,#2658,.T.);
#4313=EDGE_CURVE('',#3413,#3380,#2659,.F.);
#4314=EDGE_CURVE('',#3414,#3413,#2660,.F.);
#4315=EDGE_CURVE('',#3380,#3414,#2661,.F.);
#4316=EDGE_CURVE('',#3413,#3408,#1637,.T.);
#4317=EDGE_CURVE('',#3409,#3415,#1638,.T.);
#4318=EDGE_CURVE('',#3415,#3414,#1639,.T.);
#4319=EDGE_CURVE('',#3365,#3403,#2662,.F.);
#4320=EDGE_CURVE('',#3416,#3365,#2663,.F.);
#4321=EDGE_CURVE('',#3403,#3416,#2664,.F.);
#4322=EDGE_CURVE('',#3381,#3392,#2665,.F.);
#4323=EDGE_CURVE('',#3417,#3381,#2666,.F.);
#4324=EDGE_CURVE('',#3392,#3417,#2667,.F.);
#4325=EDGE_CURVE('',#3414,#3417,#1640,.T.);
#4326=EDGE_CURVE('',#3417,#3412,#1641,.T.);
#4327=EDGE_CURVE('',#3418,#3413,#1642,.T.);
#4328=EDGE_CURVE('',#3379,#3418,#77,.T.);
#4329=EDGE_CURVE('',#3361,#3419,#2668,.F.);
#4330=EDGE_CURVE('',#3420,#3361,#2669,.F.);
#4331=EDGE_CURVE('',#3419,#3420,#2670,.F.);
#4332=EDGE_CURVE('',#3421,#3420,#1643,.T.);
#4333=EDGE_CURVE('',#3364,#3421,#78,.T.);
#4334=EDGE_CURVE('',#3422,#3398,#2671,.F.);
#4335=EDGE_CURVE('',#3378,#3422,#2672,.F.);
#4336=EDGE_CURVE('',#3398,#3378,#2673,.F.);
#4337=EDGE_CURVE('',#3423,#3382,#2674,.F.);
#4338=EDGE_CURVE('',#3424,#3423,#2675,.F.);
#4339=EDGE_CURVE('',#3382,#3424,#2676,.F.);
#4340=EDGE_CURVE('',#3420,#3424,#1644,.T.);
#4341=EDGE_CURVE('',#3423,#3419,#1645,.T.);
#4342=EDGE_CURVE('',#3424,#3418,#1646,.T.);
#4343=EDGE_CURVE('',#3422,#3423,#1647,.T.);
#4344=EDGE_CURVE('',#3416,#3422,#1648,.T.);
#4345=EDGE_CURVE('',#3419,#3416,#1649,.T.);
#4346=EDGE_CURVE('',#3408,#3421,#1650,.T.);
#4347=EDGE_CURVE('',#3407,#3425,#79,.T.);
#4348=EDGE_CURVE('',#3425,#3411,#80,.T.);
#4349=EDGE_CURVE('',#3412,#3415,#81,.T.);
#4350=EDGE_CURVE('',#3415,#3406,#82,.T.);
#4351=EDGE_CURVE('',#3406,#3410,#1651,.T.);
#4352=EDGE_CURVE('',#3410,#3409,#1652,.T.);
#4353=EDGE_CURVE('',#3421,#3426,#1653,.T.);
#4354=EDGE_CURVE('',#3427,#3426,#1654,.T.);
#4355=EDGE_CURVE('',#3427,#3428,#2677,.T.);
#4356=EDGE_CURVE('',#3428,#3429,#2678,.T.);
#4357=EDGE_CURVE('',#3430,#3429,#1655,.T.);
#4358=EDGE_CURVE('',#3430,#3431,#2679,.T.);
#4359=EDGE_CURVE('',#3431,#3432,#2680,.T.);
#4360=EDGE_CURVE('',#3433,#3432,#1656,.T.);
#4361=EDGE_CURVE('',#3433,#3418,#1657,.T.);
#4362=EDGE_CURVE('',#3425,#3434,#1658,.T.);
#4363=EDGE_CURVE('',#3434,#3434,#2681,.T.);
#4364=EDGE_CURVE('',#3435,#3436,#1659,.T.);
#4365=EDGE_CURVE('',#3384,#3435,#2682,.T.);
#4366=EDGE_CURVE('',#3437,#3384,#1660,.T.);
#4367=EDGE_CURVE('',#3436,#3437,#2683,.T.);
#4368=EDGE_CURVE('',#3430,#3432,#2684,.T.);
#4369=EDGE_CURVE('',#3431,#3438,#1661,.T.);
#4370=EDGE_CURVE('',#3439,#3438,#83,.T.);
#4371=EDGE_CURVE('',#3439,#3385,#2685,.T.);
#4372=EDGE_CURVE('',#3438,#3435,#84,.T.);
#4373=EDGE_CURVE('',#3440,#3430,#1662,.T.);
#4374=EDGE_CURVE('',#3441,#3440,#2686,.T.);
#4375=EDGE_CURVE('',#3432,#3441,#1663,.T.);
#4376=EDGE_CURVE('',#3436,#3439,#1664,.T.);
#4377=EDGE_CURVE('',#3437,#3436,#2687,.T.);
#4378=EDGE_CURVE('',#3385,#3437,#1665,.T.);
#4379=EDGE_CURVE('',#3368,#3442,#1666,.T.);
#4380=EDGE_CURVE('',#3443,#3368,#2688,.T.);
#4381=EDGE_CURVE('',#3444,#3443,#1667,.T.);
#4382=EDGE_CURVE('',#3442,#3444,#2689,.T.);
#4383=EDGE_CURVE('',#3427,#3429,#2690,.T.);
#4384=EDGE_CURVE('',#3428,#3367,#1668,.T.);
#4385=EDGE_CURVE('',#3366,#3445,#2691,.T.);
#4386=EDGE_CURVE('',#3443,#3445,#85,.T.);
#4387=EDGE_CURVE('',#3446,#3427,#1669,.T.);
#4388=EDGE_CURVE('',#3447,#3446,#2692,.T.);
#4389=EDGE_CURVE('',#3429,#3447,#1670,.T.);
#4390=EDGE_CURVE('',#3442,#3366,#1671,.T.);
#4391=EDGE_CURVE('',#3444,#3442,#2693,.T.);
#4392=EDGE_CURVE('',#3445,#3444,#1672,.T.);
#4393=EDGE_CURVE('',#3436,#3448,#2694,.T.);
#4394=EDGE_CURVE('',#3448,#3400,#1673,.T.);
#4395=EDGE_CURVE('',#3449,#3400,#2695,.T.);
#4396=EDGE_CURVE('',#3435,#3449,#2696,.T.);
#4397=EDGE_CURVE('',#3387,#3450,#1674,.T.);
#4398=EDGE_CURVE('',#3450,#3437,#2697,.T.);
#4399=EDGE_CURVE('',#3451,#3436,#86,.T.);
#4400=EDGE_CURVE('',#3437,#3451,#87,.T.);
#4401=EDGE_CURVE('',#3452,#3437,#88,.T.);
#4402=EDGE_CURVE('',#3436,#3452,#89,.T.);
#4403=EDGE_CURVE('',#3442,#3453,#2698,.T.);
#4404=EDGE_CURVE('',#3453,#3370,#1675,.T.);
#4405=EDGE_CURVE('',#3454,#3443,#2699,.T.);
#4406=EDGE_CURVE('',#3404,#3454,#2700,.T.);
#4407=EDGE_CURVE('',#3404,#3455,#1676,.T.);
#4408=EDGE_CURVE('',#3455,#3444,#2701,.T.);
#4409=EDGE_CURVE('',#3449,#3456,#1677,.T.);
#4410=EDGE_CURVE('',#3456,#3454,#1678,.T.);
#4411=EDGE_CURVE('',#3445,#3405,#2702,.T.);
#4412=EDGE_CURVE('',#3401,#3439,#2703,.T.);
#4413=EDGE_CURVE('',#3457,#3442,#90,.T.);
#4414=EDGE_CURVE('',#3444,#3457,#91,.T.);
#4415=EDGE_CURVE('',#3458,#3444,#92,.T.);
#4416=EDGE_CURVE('',#3442,#3458,#93,.T.);
#4417=EDGE_CURVE('',#3455,#3453,#2704,.T.);
#4418=EDGE_CURVE('',#3372,#3453,#1679,.T.);
#4419=EDGE_CURVE('',#3455,#3405,#1680,.T.);
#4420=EDGE_CURVE('',#3453,#3455,#2705,.T.);
#4421=EDGE_CURVE('',#3450,#3448,#2706,.T.);
#4422=EDGE_CURVE('',#3401,#3448,#1681,.T.);
#4423=EDGE_CURVE('',#3450,#3386,#1682,.T.);
#4424=EDGE_CURVE('',#3448,#3450,#2707,.T.);
#4425=EDGE_CURVE('',#3453,#3442,#2708,.T.);
#4426=EDGE_CURVE('',#3458,#3453,#94,.T.);
#4427=EDGE_CURVE('',#3455,#3458,#95,.T.);
#4428=EDGE_CURVE('',#3457,#3455,#96,.T.);
#4429=EDGE_CURVE('',#3453,#3457,#97,.T.);
#4430=EDGE_CURVE('',#3444,#3455,#2709,.T.);
#4431=EDGE_CURVE('',#3448,#3436,#2710,.T.);
#4432=EDGE_CURVE('',#3452,#3448,#98,.T.);
#4433=EDGE_CURVE('',#3450,#3452,#99,.T.);
#4434=EDGE_CURVE('',#3451,#3450,#100,.T.);
#4435=EDGE_CURVE('',#3448,#3451,#101,.T.);
#4436=EDGE_CURVE('',#3437,#3450,#2711,.T.);
#4437=EDGE_CURVE('',#3459,#3446,#102,.T.);
#4438=EDGE_CURVE('',#3460,#3459,#1683,.T.);
#4439=EDGE_CURVE('',#3461,#3460,#2712,.T.);
#4440=EDGE_CURVE('',#3462,#3461,#1684,.T.);
#4441=EDGE_CURVE('',#3447,#3462,#103,.T.);
#4442=EDGE_CURVE('',#3463,#3440,#104,.T.);
#4443=EDGE_CURVE('',#3464,#3463,#1685,.T.);
#4444=EDGE_CURVE('',#3465,#3464,#2713,.T.);
#4445=EDGE_CURVE('',#3466,#3465,#1686,.T.);
#4446=EDGE_CURVE('',#3441,#3466,#105,.T.);
#4447=EDGE_CURVE('',#3467,#3459,#1687,.T.);
#4448=EDGE_CURVE('',#3468,#3467,#1688,.T.);
#4449=EDGE_CURVE('',#3468,#3460,#1689,.T.);
#4450=EDGE_CURVE('',#3465,#3469,#1690,.T.);
#4451=EDGE_CURVE('',#3469,#3470,#1691,.T.);
#4452=EDGE_CURVE('',#3466,#3470,#1692,.T.);
#4453=EDGE_CURVE('',#3469,#3468,#1693,.T.);
#4454=EDGE_CURVE('',#3461,#3464,#1694,.T.);
#4455=EDGE_CURVE('',#3462,#3463,#1695,.T.);
#4456=EDGE_CURVE('',#3470,#3433,#1696,.T.);
#4457=EDGE_CURVE('',#3426,#3467,#1697,.T.);
#4458=EDGE_CURVE('',#3471,#3472,#2714,.T.);
#4459=EDGE_CURVE('',#3472,#3473,#2715,.T.);
#4460=EDGE_CURVE('',#3473,#3474,#2716,.T.);
#4461=EDGE_CURVE('',#3474,#3471,#2717,.T.);
#4462=EDGE_CURVE('',#3475,#3476,#2718,.T.);
#4463=EDGE_CURVE('',#3476,#3474,#2719,.T.);
#4464=EDGE_CURVE('',#3473,#3475,#2720,.T.);
#4465=EDGE_CURVE('',#3477,#3478,#2721,.T.);
#4466=EDGE_CURVE('',#3478,#3476,#2722,.T.);
#4467=EDGE_CURVE('',#3475,#3477,#2723,.T.);
#4468=EDGE_CURVE('',#3479,#3480,#2724,.T.);
#4469=EDGE_CURVE('',#3480,#3478,#1698,.T.);
#4470=EDGE_CURVE('',#3477,#3479,#1699,.T.);
#4471=EDGE_CURVE('',#3481,#3482,#2725,.T.);
#4472=EDGE_CURVE('',#3482,#3480,#2726,.T.);
#4473=EDGE_CURVE('',#3479,#3481,#2727,.T.);
#4474=EDGE_CURVE('',#3483,#3484,#2728,.T.);
#4475=EDGE_CURVE('',#3484,#3485,#2729,.T.);
#4476=EDGE_CURVE('',#3486,#3485,#2730,.T.);
#4477=EDGE_CURVE('',#3486,#3483,#2731,.T.);
#4478=EDGE_CURVE('',#3471,#3484,#1700,.T.);
#4479=EDGE_CURVE('',#3483,#3472,#1701,.T.);
#4480=EDGE_CURVE('',#3487,#3486,#2732,.T.);
#4481=EDGE_CURVE('',#3488,#3487,#2733,.T.);
#4482=EDGE_CURVE('',#3489,#3488,#1702,.T.);
#4483=EDGE_CURVE('',#3490,#3489,#2734,.T.);
#4484=EDGE_CURVE('',#3491,#3490,#2735,.T.);
#4485=EDGE_CURVE('',#3492,#3491,#2736,.T.);
#4486=EDGE_CURVE('',#3493,#3492,#1703,.T.);
#4487=EDGE_CURVE('',#3494,#3493,#2737,.T.);
#4488=EDGE_CURVE('',#3495,#3494,#2738,.T.);
#4489=EDGE_CURVE('',#3496,#3495,#2739,.T.);
#4490=EDGE_CURVE('',#3497,#3496,#1704,.T.);
#4491=EDGE_CURVE('',#3498,#3497,#2740,.T.);
#4492=EDGE_CURVE('',#3499,#3498,#2741,.T.);
#4493=EDGE_CURVE('',#3500,#3499,#2742,.T.);
#4494=EDGE_CURVE('',#3501,#3500,#1705,.T.);
#4495=EDGE_CURVE('',#3502,#3501,#2743,.T.);
#4496=EDGE_CURVE('',#3503,#3502,#2744,.T.);
#4497=EDGE_CURVE('',#3504,#3503,#2745,.T.);
#4498=EDGE_CURVE('',#3505,#3504,#2746,.T.);
#4499=EDGE_CURVE('',#3506,#3505,#1706,.T.);
#4500=EDGE_CURVE('',#3507,#3506,#2747,.T.);
#4501=EDGE_CURVE('',#3508,#3507,#2748,.T.);
#4502=EDGE_CURVE('',#3509,#3508,#2749,.T.);
#4503=EDGE_CURVE('',#3510,#3509,#1707,.T.);
#4504=EDGE_CURVE('',#3511,#3510,#2750,.T.);
#4505=EDGE_CURVE('',#3512,#3511,#2751,.T.);
#4506=EDGE_CURVE('',#3513,#3512,#2752,.T.);
#4507=EDGE_CURVE('',#3514,#3513,#1708,.T.);
#4508=EDGE_CURVE('',#3515,#3514,#2753,.T.);
#4509=EDGE_CURVE('',#3516,#3515,#2754,.T.);
#4510=EDGE_CURVE('',#3517,#3516,#2755,.T.);
#4511=EDGE_CURVE('',#3518,#3517,#1709,.T.);
#4512=EDGE_CURVE('',#3519,#3518,#2756,.T.);
#4513=EDGE_CURVE('',#3520,#3519,#2757,.T.);
#4514=EDGE_CURVE('',#3521,#3520,#2758,.T.);
#4515=EDGE_CURVE('',#3522,#3521,#1710,.T.);
#4516=EDGE_CURVE('',#3523,#3522,#2759,.T.);
#4517=EDGE_CURVE('',#3524,#3523,#2760,.T.);
#4518=EDGE_CURVE('',#3525,#3524,#2761,.T.);
#4519=EDGE_CURVE('',#3526,#3525,#1711,.T.);
#4520=EDGE_CURVE('',#3527,#3526,#2762,.T.);
#4521=EDGE_CURVE('',#3528,#3527,#2763,.T.);
#4522=EDGE_CURVE('',#3529,#3528,#2764,.T.);
#4523=EDGE_CURVE('',#3530,#3529,#1712,.T.);
#4524=EDGE_CURVE('',#3531,#3530,#2765,.T.);
#4525=EDGE_CURVE('',#3532,#3531,#2766,.T.);
#4526=EDGE_CURVE('',#3533,#3532,#2767,.T.);
#4527=EDGE_CURVE('',#3534,#3533,#1713,.T.);
#4528=EDGE_CURVE('',#3535,#3534,#2768,.T.);
#4529=EDGE_CURVE('',#3536,#3535,#2769,.T.);
#4530=EDGE_CURVE('',#3537,#3536,#2770,.T.);
#4531=EDGE_CURVE('',#3538,#3537,#1714,.T.);
#4532=EDGE_CURVE('',#3539,#3538,#2771,.T.);
#4533=EDGE_CURVE('',#3540,#3539,#2772,.T.);
#4534=EDGE_CURVE('',#3541,#3540,#2773,.T.);
#4535=EDGE_CURVE('',#3542,#3541,#1715,.T.);
#4536=EDGE_CURVE('',#3543,#3542,#2774,.T.);
#4537=EDGE_CURVE('',#3544,#3543,#2775,.T.);
#4538=EDGE_CURVE('',#3545,#3544,#2776,.T.);
#4539=EDGE_CURVE('',#3546,#3545,#1716,.T.);
#4540=EDGE_CURVE('',#3547,#3546,#2777,.T.);
#4541=EDGE_CURVE('',#3548,#3547,#2778,.T.);
#4542=EDGE_CURVE('',#3549,#3548,#2779,.T.);
#4543=EDGE_CURVE('',#3550,#3549,#1717,.T.);
#4544=EDGE_CURVE('',#3551,#3550,#2780,.T.);
#4545=EDGE_CURVE('',#3552,#3551,#2781,.T.);
#4546=EDGE_CURVE('',#3553,#3552,#2782,.T.);
#4547=EDGE_CURVE('',#3554,#3553,#1718,.T.);
#4548=EDGE_CURVE('',#3555,#3554,#2783,.T.);
#4549=EDGE_CURVE('',#3556,#3555,#2784,.T.);
#4550=EDGE_CURVE('',#3557,#3556,#2785,.T.);
#4551=EDGE_CURVE('',#3558,#3557,#1719,.T.);
#4552=EDGE_CURVE('',#3559,#3558,#2786,.T.);
#4553=EDGE_CURVE('',#3560,#3559,#2787,.T.);
#4554=EDGE_CURVE('',#3561,#3560,#2788,.T.);
#4555=EDGE_CURVE('',#3562,#3561,#1720,.T.);
#4556=EDGE_CURVE('',#3563,#3562,#2789,.T.);
#4557=EDGE_CURVE('',#3564,#3563,#2790,.T.);
#4558=EDGE_CURVE('',#3565,#3564,#2791,.T.);
#4559=EDGE_CURVE('',#3566,#3565,#1721,.T.);
#4560=EDGE_CURVE('',#3567,#3566,#2792,.T.);
#4561=EDGE_CURVE('',#3568,#3567,#2793,.T.);
#4562=EDGE_CURVE('',#3569,#3568,#2794,.T.);
#4563=EDGE_CURVE('',#3570,#3569,#1722,.T.);
#4564=EDGE_CURVE('',#3571,#3570,#2795,.T.);
#4565=EDGE_CURVE('',#3572,#3571,#2796,.T.);
#4566=EDGE_CURVE('',#3573,#3572,#2797,.T.);
#4567=EDGE_CURVE('',#3574,#3573,#1723,.T.);
#4568=EDGE_CURVE('',#3575,#3574,#2798,.T.);
#4569=EDGE_CURVE('',#3576,#3575,#2799,.T.);
#4570=EDGE_CURVE('',#3577,#3576,#2800,.T.);
#4571=EDGE_CURVE('',#3578,#3577,#1724,.T.);
#4572=EDGE_CURVE('',#3579,#3578,#2801,.T.);
#4573=EDGE_CURVE('',#3580,#3579,#2802,.T.);
#4574=EDGE_CURVE('',#3581,#3580,#2803,.T.);
#4575=EDGE_CURVE('',#3582,#3581,#1725,.T.);
#4576=EDGE_CURVE('',#3583,#3582,#2804,.T.);
#4577=EDGE_CURVE('',#3584,#3583,#2805,.T.);
#4578=EDGE_CURVE('',#3585,#3584,#2806,.T.);
#4579=EDGE_CURVE('',#3586,#3585,#1726,.T.);
#4580=EDGE_CURVE('',#3587,#3586,#2807,.T.);
#4581=EDGE_CURVE('',#3588,#3587,#2808,.T.);
#4582=EDGE_CURVE('',#3589,#3588,#2809,.T.);
#4583=EDGE_CURVE('',#3590,#3589,#1727,.T.);
#4584=EDGE_CURVE('',#3591,#3590,#2810,.T.);
#4585=EDGE_CURVE('',#3592,#3591,#2811,.T.);
#4586=EDGE_CURVE('',#3593,#3592,#2812,.T.);
#4587=EDGE_CURVE('',#3594,#3593,#1728,.T.);
#4588=EDGE_CURVE('',#3595,#3594,#2813,.T.);
#4589=EDGE_CURVE('',#3596,#3595,#2814,.T.);
#4590=EDGE_CURVE('',#3597,#3596,#2815,.T.);
#4591=EDGE_CURVE('',#3598,#3597,#1729,.T.);
#4592=EDGE_CURVE('',#3599,#3598,#2816,.T.);
#4593=EDGE_CURVE('',#3600,#3599,#2817,.T.);
#4594=EDGE_CURVE('',#3601,#3600,#2818,.T.);
#4595=EDGE_CURVE('',#3602,#3601,#1730,.T.);
#4596=EDGE_CURVE('',#3603,#3602,#2819,.T.);
#4597=EDGE_CURVE('',#3604,#3603,#2820,.T.);
#4598=EDGE_CURVE('',#3605,#3604,#2821,.T.);
#4599=EDGE_CURVE('',#3606,#3605,#1731,.T.);
#4600=EDGE_CURVE('',#3607,#3606,#2822,.T.);
#4601=EDGE_CURVE('',#3481,#3607,#2823,.T.);
#4602=EDGE_CURVE('',#3608,#3608,#2824,.T.);
#4603=EDGE_CURVE('',#3485,#3482,#2825,.T.);
#4604=EDGE_CURVE('',#3485,#3609,#1732,.T.);
#4605=EDGE_CURVE('',#3610,#3609,#2826,.T.);
#4606=EDGE_CURVE('',#3482,#3610,#1733,.T.);
#4607=EDGE_CURVE('',#3484,#3611,#1734,.T.);
#4608=EDGE_CURVE('',#3609,#3611,#2827,.T.);
#4609=EDGE_CURVE('',#3471,#3612,#1735,.T.);
#4610=EDGE_CURVE('',#3611,#3612,#1736,.T.);
#4611=EDGE_CURVE('',#3474,#3613,#1737,.T.);
#4612=EDGE_CURVE('',#3612,#3613,#2828,.T.);
#4613=EDGE_CURVE('',#3614,#3581,#2829,.T.);
#4614=EDGE_CURVE('',#3580,#3615,#2830,.T.);
#4615=EDGE_CURVE('',#3615,#3614,#2831,.T.);
#4616=EDGE_CURVE('',#3579,#3616,#2832,.T.);
#4617=EDGE_CURVE('',#3616,#3615,#2833,.T.);
#4618=EDGE_CURVE('',#3578,#3617,#2834,.T.);
#4619=EDGE_CURVE('',#3617,#3616,#2835,.T.);
#4620=EDGE_CURVE('',#3577,#3618,#2836,.T.);
#4621=EDGE_CURVE('',#3618,#3617,#1738,.T.);
#4622=EDGE_CURVE('',#3576,#3619,#2837,.T.);
#4623=EDGE_CURVE('',#3619,#3618,#2838,.T.);
#4624=EDGE_CURVE('',#3582,#3620,#2839,.T.);
#4625=EDGE_CURVE('',#3620,#3621,#2840,.T.);
#4626=EDGE_CURVE('',#3583,#3621,#2841,.T.);
#4627=EDGE_CURVE('',#3614,#3620,#1739,.T.);
#4628=EDGE_CURVE('',#3621,#3619,#2842,.T.);
#4629=EDGE_CURVE('',#3621,#3622,#1740,.T.);
#4630=EDGE_CURVE('',#3623,#3622,#2843,.T.);
#4631=EDGE_CURVE('',#3619,#3623,#1741,.T.);
#4632=EDGE_CURVE('',#3620,#3624,#1742,.T.);
#4633=EDGE_CURVE('',#3622,#3624,#2844,.T.);
#4634=EDGE_CURVE('',#3614,#3625,#1743,.T.);
#4635=EDGE_CURVE('',#3624,#3625,#1744,.T.);
#4636=EDGE_CURVE('',#3615,#3626,#1745,.T.);
#4637=EDGE_CURVE('',#3625,#3626,#2845,.T.);
#4638=EDGE_CURVE('',#3627,#3500,#2846,.T.);
#4639=EDGE_CURVE('',#3499,#3628,#2847,.T.);
#4640=EDGE_CURVE('',#3628,#3627,#2848,.T.);
#4641=EDGE_CURVE('',#3498,#3629,#2849,.T.);
#4642=EDGE_CURVE('',#3629,#3628,#2850,.T.);
#4643=EDGE_CURVE('',#3497,#3630,#2851,.T.);
#4644=EDGE_CURVE('',#3630,#3629,#2852,.T.);
#4645=EDGE_CURVE('',#3496,#3631,#2853,.T.);
#4646=EDGE_CURVE('',#3631,#3630,#1746,.T.);
#4647=EDGE_CURVE('',#3495,#3632,#2854,.T.);
#4648=EDGE_CURVE('',#3632,#3631,#2855,.T.);
#4649=EDGE_CURVE('',#3501,#3633,#2856,.T.);
#4650=EDGE_CURVE('',#3633,#3634,#2857,.T.);
#4651=EDGE_CURVE('',#3502,#3634,#2858,.T.);
#4652=EDGE_CURVE('',#3627,#3633,#1747,.T.);
#4653=EDGE_CURVE('',#3634,#3632,#2859,.T.);
#4654=EDGE_CURVE('',#3634,#3635,#1748,.T.);
#4655=EDGE_CURVE('',#3636,#3635,#2860,.T.);
#4656=EDGE_CURVE('',#3632,#3636,#1749,.T.);
#4657=EDGE_CURVE('',#3633,#3637,#1750,.T.);
#4658=EDGE_CURVE('',#3635,#3637,#2861,.T.);
#4659=EDGE_CURVE('',#3627,#3638,#1751,.T.);
#4660=EDGE_CURVE('',#3637,#3638,#1752,.T.);
#4661=EDGE_CURVE('',#3628,#3639,#1753,.T.);
#4662=EDGE_CURVE('',#3638,#3639,#2862,.T.);
#4663=EDGE_CURVE('',#3640,#3492,#2863,.T.);
#4664=EDGE_CURVE('',#3491,#3641,#2864,.T.);
#4665=EDGE_CURVE('',#3641,#3640,#2865,.T.);
#4666=EDGE_CURVE('',#3490,#3642,#2866,.T.);
#4667=EDGE_CURVE('',#3642,#3641,#2867,.T.);
#4668=EDGE_CURVE('',#3489,#3643,#2868,.T.);
#4669=EDGE_CURVE('',#3643,#3642,#2869,.T.);
#4670=EDGE_CURVE('',#3488,#3644,#2870,.T.);
#4671=EDGE_CURVE('',#3644,#3643,#1754,.T.);
#4672=EDGE_CURVE('',#3487,#3645,#2871,.T.);
#4673=EDGE_CURVE('',#3645,#3644,#2872,.T.);
#4674=EDGE_CURVE('',#3493,#3646,#2873,.T.);
#4675=EDGE_CURVE('',#3646,#3647,#2874,.T.);
#4676=EDGE_CURVE('',#3494,#3647,#2875,.T.);
#4677=EDGE_CURVE('',#3640,#3646,#1755,.T.);
#4678=EDGE_CURVE('',#3647,#3645,#2876,.T.);
#4679=EDGE_CURVE('',#3647,#3648,#1756,.T.);
#4680=EDGE_CURVE('',#3649,#3648,#2877,.T.);
#4681=EDGE_CURVE('',#3645,#3649,#1757,.T.);
#4682=EDGE_CURVE('',#3646,#3650,#1758,.T.);
#4683=EDGE_CURVE('',#3648,#3650,#2878,.T.);
#4684=EDGE_CURVE('',#3640,#3651,#1759,.T.);
#4685=EDGE_CURVE('',#3650,#3651,#1760,.T.);
#4686=EDGE_CURVE('',#3641,#3652,#1761,.T.);
#4687=EDGE_CURVE('',#3651,#3652,#2879,.T.);
#4688=EDGE_CURVE('',#3653,#3597,#2880,.T.);
#4689=EDGE_CURVE('',#3596,#3654,#2881,.T.);
#4690=EDGE_CURVE('',#3654,#3653,#2882,.T.);
#4691=EDGE_CURVE('',#3595,#3655,#2883,.T.);
#4692=EDGE_CURVE('',#3655,#3654,#2884,.T.);
#4693=EDGE_CURVE('',#3594,#3656,#2885,.T.);
#4694=EDGE_CURVE('',#3656,#3655,#2886,.T.);
#4695=EDGE_CURVE('',#3593,#3657,#2887,.T.);
#4696=EDGE_CURVE('',#3657,#3656,#1762,.T.);
#4697=EDGE_CURVE('',#3592,#3658,#2888,.T.);
#4698=EDGE_CURVE('',#3658,#3657,#2889,.T.);
#4699=EDGE_CURVE('',#3598,#3659,#2890,.T.);
#4700=EDGE_CURVE('',#3659,#3660,#2891,.T.);
#4701=EDGE_CURVE('',#3599,#3660,#2892,.T.);
#4702=EDGE_CURVE('',#3653,#3659,#1763,.T.);
#4703=EDGE_CURVE('',#3660,#3658,#2893,.T.);
#4704=EDGE_CURVE('',#3660,#3661,#1764,.T.);
#4705=EDGE_CURVE('',#3662,#3661,#2894,.T.);
#4706=EDGE_CURVE('',#3658,#3662,#1765,.T.);
#4707=EDGE_CURVE('',#3659,#3663,#1766,.T.);
#4708=EDGE_CURVE('',#3661,#3663,#2895,.T.);
#4709=EDGE_CURVE('',#3653,#3664,#1767,.T.);
#4710=EDGE_CURVE('',#3663,#3664,#1768,.T.);
#4711=EDGE_CURVE('',#3654,#3665,#1769,.T.);
#4712=EDGE_CURVE('',#3664,#3665,#2896,.T.);
#4713=EDGE_CURVE('',#3666,#3589,#2897,.T.);
#4714=EDGE_CURVE('',#3588,#3667,#2898,.T.);
#4715=EDGE_CURVE('',#3667,#3666,#2899,.T.);
#4716=EDGE_CURVE('',#3587,#3668,#2900,.T.);
#4717=EDGE_CURVE('',#3668,#3667,#2901,.T.);
#4718=EDGE_CURVE('',#3586,#3669,#2902,.T.);
#4719=EDGE_CURVE('',#3669,#3668,#2903,.T.);
#4720=EDGE_CURVE('',#3585,#3670,#2904,.T.);
#4721=EDGE_CURVE('',#3670,#3669,#1770,.T.);
#4722=EDGE_CURVE('',#3584,#3671,#2905,.T.);
#4723=EDGE_CURVE('',#3671,#3670,#2906,.T.);
#4724=EDGE_CURVE('',#3590,#3672,#2907,.T.);
#4725=EDGE_CURVE('',#3672,#3673,#2908,.T.);
#4726=EDGE_CURVE('',#3591,#3673,#2909,.T.);
#4727=EDGE_CURVE('',#3666,#3672,#1771,.T.);
#4728=EDGE_CURVE('',#3673,#3671,#2910,.T.);
#4729=EDGE_CURVE('',#3673,#3674,#1772,.T.);
#4730=EDGE_CURVE('',#3675,#3674,#2911,.T.);
#4731=EDGE_CURVE('',#3671,#3675,#1773,.T.);
#4732=EDGE_CURVE('',#3672,#3676,#1774,.T.);
#4733=EDGE_CURVE('',#3674,#3676,#2912,.T.);
#4734=EDGE_CURVE('',#3666,#3677,#1775,.T.);
#4735=EDGE_CURVE('',#3676,#3677,#1776,.T.);
#4736=EDGE_CURVE('',#3667,#3678,#1777,.T.);
#4737=EDGE_CURVE('',#3677,#3678,#2913,.T.);
#4738=EDGE_CURVE('',#3679,#3547,#2914,.T.);
#4739=EDGE_CURVE('',#3546,#3680,#2915,.T.);
#4740=EDGE_CURVE('',#3680,#3679,#2916,.T.);
#4741=EDGE_CURVE('',#3545,#3681,#2917,.T.);
#4742=EDGE_CURVE('',#3681,#3680,#1778,.T.);
#4743=EDGE_CURVE('',#3544,#3682,#2918,.T.);
#4744=EDGE_CURVE('',#3682,#3681,#2919,.T.);
#4745=EDGE_CURVE('',#3550,#3683,#2920,.T.);
#4746=EDGE_CURVE('',#3683,#3684,#2921,.T.);
#4747=EDGE_CURVE('',#3551,#3684,#2922,.T.);
#4748=EDGE_CURVE('',#3549,#3685,#2923,.T.);
#4749=EDGE_CURVE('',#3685,#3683,#1779,.T.);
#4750=EDGE_CURVE('',#3548,#3686,#2924,.T.);
#4751=EDGE_CURVE('',#3686,#3685,#2925,.T.);
#4752=EDGE_CURVE('',#3679,#3686,#2926,.T.);
#4753=EDGE_CURVE('',#3685,#3687,#1780,.T.);
#4754=EDGE_CURVE('',#3688,#3687,#1781,.T.);
#4755=EDGE_CURVE('',#3683,#3688,#1782,.T.);
#4756=EDGE_CURVE('',#3686,#3689,#1783,.T.);
#4757=EDGE_CURVE('',#3687,#3689,#2927,.T.);
#4758=EDGE_CURVE('',#3679,#3690,#1784,.T.);
#4759=EDGE_CURVE('',#3689,#3690,#2928,.T.);
#4760=EDGE_CURVE('',#3680,#3691,#1785,.T.);
#4761=EDGE_CURVE('',#3690,#3691,#2929,.T.);
#4762=EDGE_CURVE('',#3542,#3692,#2930,.T.);
#4763=EDGE_CURVE('',#3692,#3693,#2931,.T.);
#4764=EDGE_CURVE('',#3543,#3693,#2932,.T.);
#4765=EDGE_CURVE('',#3541,#3694,#2933,.T.);
#4766=EDGE_CURVE('',#3694,#3692,#1786,.T.);
#4767=EDGE_CURVE('',#3540,#3695,#2934,.T.);
#4768=EDGE_CURVE('',#3695,#3694,#2935,.T.);
#4769=EDGE_CURVE('',#3539,#3696,#2936,.T.);
#4770=EDGE_CURVE('',#3696,#3695,#2937,.T.);
#4771=EDGE_CURVE('',#3538,#3697,#2938,.T.);
#4772=EDGE_CURVE('',#3697,#3696,#2939,.T.);
#4773=EDGE_CURVE('',#3537,#3698,#2940,.T.);
#4774=EDGE_CURVE('',#3698,#3697,#1787,.T.);
#4775=EDGE_CURVE('',#3699,#3536,#2941,.T.);
#4776=EDGE_CURVE('',#3699,#3698,#2942,.T.);
#4777=EDGE_CURVE('',#3697,#3700,#1788,.T.);
#4778=EDGE_CURVE('',#3701,#3700,#2943,.T.);
#4779=EDGE_CURVE('',#3696,#3701,#1789,.T.);
#4780=EDGE_CURVE('',#3698,#3702,#1790,.T.);
#4781=EDGE_CURVE('',#3700,#3702,#1791,.T.);
#4782=EDGE_CURVE('',#3699,#3703,#1792,.T.);
#4783=EDGE_CURVE('',#3702,#3703,#2944,.T.);
#4784=EDGE_CURVE('',#3693,#3699,#2945,.T.);
#4785=EDGE_CURVE('',#3693,#3704,#1793,.T.);
#4786=EDGE_CURVE('',#3703,#3704,#2946,.T.);
#4787=EDGE_CURVE('',#3534,#3705,#2947,.T.);
#4788=EDGE_CURVE('',#3705,#3706,#2948,.T.);
#4789=EDGE_CURVE('',#3535,#3706,#2949,.T.);
#4790=EDGE_CURVE('',#3533,#3707,#2950,.T.);
#4791=EDGE_CURVE('',#3707,#3705,#1794,.T.);
#4792=EDGE_CURVE('',#3532,#3708,#2951,.T.);
#4793=EDGE_CURVE('',#3708,#3707,#2952,.T.);
#4794=EDGE_CURVE('',#3531,#3709,#2953,.T.);
#4795=EDGE_CURVE('',#3709,#3708,#2954,.T.);
#4796=EDGE_CURVE('',#3530,#3710,#2955,.T.);
#4797=EDGE_CURVE('',#3710,#3709,#2956,.T.);
#4798=EDGE_CURVE('',#3529,#3711,#2957,.T.);
#4799=EDGE_CURVE('',#3711,#3710,#1795,.T.);
#4800=EDGE_CURVE('',#3712,#3528,#2958,.T.);
#4801=EDGE_CURVE('',#3712,#3711,#2959,.T.);
#4802=EDGE_CURVE('',#3710,#3713,#1796,.T.);
#4803=EDGE_CURVE('',#3714,#3713,#2960,.T.);
#4804=EDGE_CURVE('',#3709,#3714,#1797,.T.);
#4805=EDGE_CURVE('',#3711,#3715,#1798,.T.);
#4806=EDGE_CURVE('',#3713,#3715,#1799,.T.);
#4807=EDGE_CURVE('',#3712,#3716,#1800,.T.);
#4808=EDGE_CURVE('',#3715,#3716,#2961,.T.);
#4809=EDGE_CURVE('',#3706,#3712,#2962,.T.);
#4810=EDGE_CURVE('',#3706,#3717,#1801,.T.);
#4811=EDGE_CURVE('',#3716,#3717,#2963,.T.);
#4812=EDGE_CURVE('',#3718,#3718,#2964,.T.);
#4813=EDGE_CURVE('',#3718,#3719,#2965,.T.);
#4814=EDGE_CURVE('',#3719,#3720,#2966,.T.);
#4815=EDGE_CURVE('',#3720,#3719,#2967,.T.);
#4816=EDGE_CURVE('',#3720,#3721,#1802,.T.);
#4817=EDGE_CURVE('',#3721,#3721,#2968,.T.);
#4818=EDGE_CURVE('',#3722,#3723,#1803,.T.);
#4819=EDGE_CURVE('',#3724,#3722,#1804,.T.);
#4820=EDGE_CURVE('',#3725,#3724,#2969,.T.);
#4821=EDGE_CURVE('',#3726,#3725,#1805,.T.);
#4822=EDGE_CURVE('',#3727,#3726,#2970,.T.);
#4823=EDGE_CURVE('',#3728,#3727,#1806,.T.);
#4824=EDGE_CURVE('',#3729,#3728,#1807,.T.);
#4825=EDGE_CURVE('',#3730,#3729,#2971,.T.);
#4826=EDGE_CURVE('',#3731,#3730,#1808,.T.);
#4827=EDGE_CURVE('',#3732,#3731,#2972,.T.);
#4828=EDGE_CURVE('',#3733,#3732,#1809,.T.);
#4829=EDGE_CURVE('',#3734,#3733,#1810,.T.);
#4830=EDGE_CURVE('',#3735,#3734,#2973,.T.);
#4831=EDGE_CURVE('',#3736,#3735,#1811,.T.);
#4832=EDGE_CURVE('',#3737,#3736,#2974,.T.);
#4833=EDGE_CURVE('',#3738,#3737,#1812,.T.);
#4834=EDGE_CURVE('',#3739,#3738,#1813,.T.);
#4835=EDGE_CURVE('',#3740,#3739,#2975,.T.);
#4836=EDGE_CURVE('',#3741,#3740,#1814,.T.);
#4837=EDGE_CURVE('',#3723,#3741,#2976,.T.);
#4838=EDGE_CURVE('',#3742,#3607,#2977,.T.);
#4839=EDGE_CURVE('',#3606,#3743,#2978,.T.);
#4840=EDGE_CURVE('',#3743,#3742,#2979,.T.);
#4841=EDGE_CURVE('',#3605,#3744,#2980,.T.);
#4842=EDGE_CURVE('',#3744,#3743,#1815,.T.);
#4843=EDGE_CURVE('',#3604,#3745,#2981,.T.);
#4844=EDGE_CURVE('',#3745,#3744,#2982,.T.);
#4845=EDGE_CURVE('',#3603,#3746,#2983,.T.);
#4846=EDGE_CURVE('',#3746,#3745,#2984,.T.);
#4847=EDGE_CURVE('',#3602,#3747,#2985,.T.);
#4848=EDGE_CURVE('',#3747,#3746,#2986,.T.);
#4849=EDGE_CURVE('',#3601,#3748,#2987,.T.);
#4850=EDGE_CURVE('',#3748,#3747,#1816,.T.);
#4851=EDGE_CURVE('',#3600,#3749,#2988,.T.);
#4852=EDGE_CURVE('',#3749,#3748,#2989,.T.);
#4853=EDGE_CURVE('',#3748,#3750,#1817,.T.);
#4854=EDGE_CURVE('',#3751,#3750,#1818,.T.);
#4855=EDGE_CURVE('',#3747,#3751,#1819,.T.);
#4856=EDGE_CURVE('',#3749,#3752,#1820,.T.);
#4857=EDGE_CURVE('',#3750,#3752,#2990,.T.);
#4858=EDGE_CURVE('',#3742,#3749,#2991,.T.);
#4859=EDGE_CURVE('',#3742,#3753,#1821,.T.);
#4860=EDGE_CURVE('',#3752,#3753,#2992,.T.);
#4861=EDGE_CURVE('',#3743,#3754,#1822,.T.);
#4862=EDGE_CURVE('',#3753,#3754,#2993,.T.);
#4863=EDGE_CURVE('',#3755,#3507,#2994,.T.);
#4864=EDGE_CURVE('',#3506,#3756,#2995,.T.);
#4865=EDGE_CURVE('',#3756,#3755,#2996,.T.);
#4866=EDGE_CURVE('',#3505,#3757,#2997,.T.);
#4867=EDGE_CURVE('',#3757,#3756,#1823,.T.);
#4868=EDGE_CURVE('',#3504,#3758,#2998,.T.);
#4869=EDGE_CURVE('',#3758,#3757,#2999,.T.);
#4870=EDGE_CURVE('',#3510,#3759,#3000,.T.);
#4871=EDGE_CURVE('',#3759,#3760,#3001,.T.);
#4872=EDGE_CURVE('',#3511,#3760,#3002,.T.);
#4873=EDGE_CURVE('',#3509,#3761,#3003,.T.);
#4874=EDGE_CURVE('',#3761,#3759,#1824,.T.);
#4875=EDGE_CURVE('',#3508,#3762,#3004,.T.);
#4876=EDGE_CURVE('',#3762,#3761,#3005,.T.);
#4877=EDGE_CURVE('',#3755,#3762,#3006,.T.);
#4878=EDGE_CURVE('',#3761,#3763,#1825,.T.);
#4879=EDGE_CURVE('',#3764,#3763,#1826,.T.);
#4880=EDGE_CURVE('',#3759,#3764,#1827,.T.);
#4881=EDGE_CURVE('',#3762,#3765,#1828,.T.);
#4882=EDGE_CURVE('',#3763,#3765,#3007,.T.);
#4883=EDGE_CURVE('',#3755,#3766,#1829,.T.);
#4884=EDGE_CURVE('',#3765,#3766,#3008,.T.);
#4885=EDGE_CURVE('',#3756,#3767,#1830,.T.);
#4886=EDGE_CURVE('',#3766,#3767,#3009,.T.);
#4887=EDGE_CURVE('',#3768,#3569,#3010,.T.);
#4888=EDGE_CURVE('',#3568,#3769,#3011,.T.);
#4889=EDGE_CURVE('',#3769,#3768,#3012,.T.);
#4890=EDGE_CURVE('',#3574,#3770,#3013,.T.);
#4891=EDGE_CURVE('',#3770,#3771,#3014,.T.);
#4892=EDGE_CURVE('',#3575,#3771,#3015,.T.);
#4893=EDGE_CURVE('',#3573,#3772,#3016,.T.);
#4894=EDGE_CURVE('',#3772,#3770,#1831,.T.);
#4895=EDGE_CURVE('',#3572,#3773,#3017,.T.);
#4896=EDGE_CURVE('',#3773,#3772,#3018,.T.);
#4897=EDGE_CURVE('',#3571,#3774,#3019,.T.);
#4898=EDGE_CURVE('',#3774,#3773,#3020,.T.);
#4899=EDGE_CURVE('',#3570,#3775,#3021,.T.);
#4900=EDGE_CURVE('',#3775,#3774,#3022,.T.);
#4901=EDGE_CURVE('',#3768,#3775,#1832,.T.);
#4902=EDGE_CURVE('',#3774,#3776,#1833,.T.);
#4903=EDGE_CURVE('',#3777,#3776,#3023,.T.);
#4904=EDGE_CURVE('',#3773,#3777,#1834,.T.);
#4905=EDGE_CURVE('',#3775,#3778,#1835,.T.);
#4906=EDGE_CURVE('',#3776,#3778,#3024,.T.);
#4907=EDGE_CURVE('',#3768,#3779,#1836,.T.);
#4908=EDGE_CURVE('',#3778,#3779,#1837,.T.);
#4909=EDGE_CURVE('',#3769,#3780,#1838,.T.);
#4910=EDGE_CURVE('',#3779,#3780,#3025,.T.);
#4911=EDGE_CURVE('',#3781,#3516,#3026,.T.);
#4912=EDGE_CURVE('',#3515,#3782,#3027,.T.);
#4913=EDGE_CURVE('',#3782,#3781,#3028,.T.);
#4914=EDGE_CURVE('',#3514,#3783,#3029,.T.);
#4915=EDGE_CURVE('',#3783,#3782,#3030,.T.);
#4916=EDGE_CURVE('',#3513,#3784,#3031,.T.);
#4917=EDGE_CURVE('',#3784,#3783,#1839,.T.);
#4918=EDGE_CURVE('',#3512,#3785,#3032,.T.);
#4919=EDGE_CURVE('',#3785,#3784,#3033,.T.);
#4920=EDGE_CURVE('',#3518,#3786,#3034,.T.);
#4921=EDGE_CURVE('',#3786,#3787,#3035,.T.);
#4922=EDGE_CURVE('',#3519,#3787,#3036,.T.);
#4923=EDGE_CURVE('',#3517,#3788,#3037,.T.);
#4924=EDGE_CURVE('',#3788,#3786,#1840,.T.);
#4925=EDGE_CURVE('',#3781,#3788,#3038,.T.);
#4926=EDGE_CURVE('',#3786,#3789,#1841,.T.);
#4927=EDGE_CURVE('',#3790,#3789,#3039,.T.);
#4928=EDGE_CURVE('',#3787,#3790,#1842,.T.);
#4929=EDGE_CURVE('',#3788,#3791,#1843,.T.);
#4930=EDGE_CURVE('',#3789,#3791,#1844,.T.);
#4931=EDGE_CURVE('',#3781,#3792,#1845,.T.);
#4932=EDGE_CURVE('',#3791,#3792,#3040,.T.);
#4933=EDGE_CURVE('',#3782,#3793,#1846,.T.);
#4934=EDGE_CURVE('',#3792,#3793,#3041,.T.);
#4935=EDGE_CURVE('',#3558,#3794,#3042,.T.);
#4936=EDGE_CURVE('',#3794,#3795,#3043,.T.);
#4937=EDGE_CURVE('',#3559,#3795,#3044,.T.);
#4938=EDGE_CURVE('',#3557,#3796,#3045,.T.);
#4939=EDGE_CURVE('',#3796,#3794,#1847,.T.);
#4940=EDGE_CURVE('',#3556,#3797,#3046,.T.);
#4941=EDGE_CURVE('',#3797,#3796,#3047,.T.);
#4942=EDGE_CURVE('',#3555,#3798,#3048,.T.);
#4943=EDGE_CURVE('',#3798,#3797,#3049,.T.);
#4944=EDGE_CURVE('',#3554,#3799,#3050,.T.);
#4945=EDGE_CURVE('',#3799,#3798,#3051,.T.);
#4946=EDGE_CURVE('',#3553,#3800,#3052,.T.);
#4947=EDGE_CURVE('',#3800,#3799,#1848,.T.);
#4948=EDGE_CURVE('',#3801,#3552,#3053,.T.);
#4949=EDGE_CURVE('',#3801,#3800,#3054,.T.);
#4950=EDGE_CURVE('',#3799,#3802,#1849,.T.);
#4951=EDGE_CURVE('',#3803,#3802,#3055,.T.);
#4952=EDGE_CURVE('',#3798,#3803,#1850,.T.);
#4953=EDGE_CURVE('',#3800,#3804,#1851,.T.);
#4954=EDGE_CURVE('',#3802,#3804,#1852,.T.);
#4955=EDGE_CURVE('',#3801,#3805,#1853,.T.);
#4956=EDGE_CURVE('',#3804,#3805,#3056,.T.);
#4957=EDGE_CURVE('',#3795,#3801,#3057,.T.);
#4958=EDGE_CURVE('',#3795,#3806,#1854,.T.);
#4959=EDGE_CURVE('',#3805,#3806,#3058,.T.);
#4960=EDGE_CURVE('',#3807,#3563,#3059,.T.);
#4961=EDGE_CURVE('',#3562,#3808,#3060,.T.);
#4962=EDGE_CURVE('',#3808,#3807,#3061,.T.);
#4963=EDGE_CURVE('',#3561,#3809,#3062,.T.);
#4964=EDGE_CURVE('',#3809,#3808,#1855,.T.);
#4965=EDGE_CURVE('',#3560,#3810,#3063,.T.);
#4966=EDGE_CURVE('',#3810,#3809,#3064,.T.);
#4967=EDGE_CURVE('',#3566,#3811,#3065,.T.);
#4968=EDGE_CURVE('',#3811,#3812,#3066,.T.);
#4969=EDGE_CURVE('',#3567,#3812,#3067,.T.);
#4970=EDGE_CURVE('',#3565,#3813,#3068,.T.);
#4971=EDGE_CURVE('',#3813,#3811,#1856,.T.);
#4972=EDGE_CURVE('',#3564,#3814,#3069,.T.);
#4973=EDGE_CURVE('',#3814,#3813,#3070,.T.);
#4974=EDGE_CURVE('',#3807,#3814,#3071,.T.);
#4975=EDGE_CURVE('',#3813,#3815,#1857,.T.);
#4976=EDGE_CURVE('',#3816,#3815,#1858,.T.);
#4977=EDGE_CURVE('',#3811,#3816,#1859,.T.);
#4978=EDGE_CURVE('',#3814,#3817,#1860,.T.);
#4979=EDGE_CURVE('',#3815,#3817,#3072,.T.);
#4980=EDGE_CURVE('',#3807,#3818,#1861,.T.);
#4981=EDGE_CURVE('',#3817,#3818,#3073,.T.);
#4982=EDGE_CURVE('',#3808,#3819,#1862,.T.);
#4983=EDGE_CURVE('',#3818,#3819,#3074,.T.);
#4984=EDGE_CURVE('',#3820,#3525,#3075,.T.);
#4985=EDGE_CURVE('',#3524,#3821,#3076,.T.);
#4986=EDGE_CURVE('',#3821,#3820,#3077,.T.);
#4987=EDGE_CURVE('',#3523,#3822,#3078,.T.);
#4988=EDGE_CURVE('',#3822,#3821,#3079,.T.);
#4989=EDGE_CURVE('',#3522,#3823,#3080,.T.);
#4990=EDGE_CURVE('',#3823,#3822,#3081,.T.);
#4991=EDGE_CURVE('',#3521,#3824,#3082,.T.);
#4992=EDGE_CURVE('',#3824,#3823,#1863,.T.);
#4993=EDGE_CURVE('',#3520,#3825,#3083,.T.);
#4994=EDGE_CURVE('',#3825,#3824,#3084,.T.);
#4995=EDGE_CURVE('',#3526,#3826,#3085,.T.);
#4996=EDGE_CURVE('',#3826,#3827,#3086,.T.);
#4997=EDGE_CURVE('',#3527,#3827,#3087,.T.);
#4998=EDGE_CURVE('',#3820,#3826,#1864,.T.);
#4999=EDGE_CURVE('',#3827,#3825,#3088,.T.);
#5000=EDGE_CURVE('',#3827,#3828,#1865,.T.);
#5001=EDGE_CURVE('',#3829,#3828,#3089,.T.);
#5002=EDGE_CURVE('',#3825,#3829,#1866,.T.);
#5003=EDGE_CURVE('',#3826,#3830,#1867,.T.);
#5004=EDGE_CURVE('',#3828,#3830,#3090,.T.);
#5005=EDGE_CURVE('',#3820,#3831,#1868,.T.);
#5006=EDGE_CURVE('',#3830,#3831,#1869,.T.);
#5007=EDGE_CURVE('',#3821,#3832,#1870,.T.);
#5008=EDGE_CURVE('',#3831,#3832,#3091,.T.);
#5009=EDGE_CURVE('',#3721,#3608,#3092,.T.);
#5010=EDGE_CURVE('',#3833,#3833,#3093,.T.);
#5011=EDGE_CURVE('',#3833,#3503,#3094,.T.);
#5012=EDGE_CURVE('',#3771,#3769,#3095,.T.);
#5013=EDGE_CURVE('',#3812,#3810,#3096,.T.);
#5014=EDGE_CURVE('',#3684,#3682,#3097,.T.);
#5015=EDGE_CURVE('',#3787,#3785,#3098,.T.);
#5016=EDGE_CURVE('',#3760,#3758,#3099,.T.);
#5017=EDGE_CURVE('',#3834,#3834,#3100,.T.);
#5018=EDGE_CURVE('',#3834,#3833,#1871,.T.);
#5019=EDGE_CURVE('',#3835,#3738,#106,.T.);
#5020=EDGE_CURVE('',#3738,#3836,#107,.T.);
#5021=EDGE_CURVE('',#3836,#3835,#3101,.T.);
#5022=EDGE_CURVE('',#3837,#3733,#108,.T.);
#5023=EDGE_CURVE('',#3733,#3838,#109,.T.);
#5024=EDGE_CURVE('',#3838,#3837,#3102,.T.);
#5025=EDGE_CURVE('',#3839,#3728,#110,.T.);
#5026=EDGE_CURVE('',#3728,#3840,#111,.T.);
#5027=EDGE_CURVE('',#3840,#3839,#3103,.T.);
#5028=EDGE_CURVE('',#3841,#3722,#112,.T.);
#5029=EDGE_CURVE('',#3722,#3842,#113,.T.);
#5030=EDGE_CURVE('',#3842,#3841,#3104,.T.);
#5031=EDGE_CURVE('',#3835,#3843,#1872,.T.);
#5032=EDGE_CURVE('',#3843,#3739,#3105,.T.);
#5033=EDGE_CURVE('',#3844,#3740,#3106,.T.);
#5034=EDGE_CURVE('',#3843,#3844,#3107,.T.);
#5035=EDGE_CURVE('',#3845,#3741,#3108,.T.);
#5036=EDGE_CURVE('',#3844,#3845,#1873,.T.);
#5037=EDGE_CURVE('',#3723,#3846,#3109,.T.);
#5038=EDGE_CURVE('',#3846,#3842,#1874,.T.);
#5039=EDGE_CURVE('',#3845,#3846,#3110,.T.);
#5040=EDGE_CURVE('',#3841,#3847,#1875,.T.);
#5041=EDGE_CURVE('',#3847,#3724,#3111,.T.);
#5042=EDGE_CURVE('',#3848,#3725,#3112,.T.);
#5043=EDGE_CURVE('',#3847,#3848,#3113,.T.);
#5044=EDGE_CURVE('',#3849,#3726,#3114,.T.);
#5045=EDGE_CURVE('',#3848,#3849,#1876,.T.);
#5046=EDGE_CURVE('',#3850,#3727,#3115,.T.);
#5047=EDGE_CURVE('',#3849,#3850,#3116,.T.);
#5048=EDGE_CURVE('',#3850,#3840,#1877,.T.);
#5049=EDGE_CURVE('',#3839,#3851,#1878,.T.);
#5050=EDGE_CURVE('',#3851,#3729,#3117,.T.);
#5051=EDGE_CURVE('',#3852,#3730,#3118,.T.);
#5052=EDGE_CURVE('',#3851,#3852,#3119,.T.);
#5053=EDGE_CURVE('',#3853,#3731,#3120,.T.);
#5054=EDGE_CURVE('',#3852,#3853,#1879,.T.);
#5055=EDGE_CURVE('',#3854,#3732,#3121,.T.);
#5056=EDGE_CURVE('',#3853,#3854,#3122,.T.);
#5057=EDGE_CURVE('',#3854,#3838,#1880,.T.);
#5058=EDGE_CURVE('',#3837,#3855,#1881,.T.);
#5059=EDGE_CURVE('',#3855,#3734,#3123,.T.);
#5060=EDGE_CURVE('',#3856,#3735,#3124,.T.);
#5061=EDGE_CURVE('',#3855,#3856,#3125,.T.);
#5062=EDGE_CURVE('',#3857,#3736,#3126,.T.);
#5063=EDGE_CURVE('',#3856,#3857,#1882,.T.);
#5064=EDGE_CURVE('',#3858,#3737,#3127,.T.);
#5065=EDGE_CURVE('',#3857,#3858,#3128,.T.);
#5066=EDGE_CURVE('',#3858,#3836,#1883,.T.);
#5067=EDGE_CURVE('',#3854,#3859,#1884,.T.);
#5068=EDGE_CURVE('',#3860,#3859,#1885,.T.);
#5069=EDGE_CURVE('',#3838,#3860,#1886,.T.);
#5070=EDGE_CURVE('',#3853,#3861,#1887,.T.);
#5071=EDGE_CURVE('',#3859,#3861,#3129,.T.);
#5072=EDGE_CURVE('',#3852,#3862,#1888,.T.);
#5073=EDGE_CURVE('',#3861,#3862,#1889,.T.);
#5074=EDGE_CURVE('',#3863,#3851,#1890,.T.);
#5075=EDGE_CURVE('',#3862,#3863,#3130,.T.);
#5076=EDGE_CURVE('',#3839,#3864,#1891,.T.);
#5077=EDGE_CURVE('',#3863,#3864,#1892,.T.);
#5078=EDGE_CURVE('',#3840,#3865,#1893,.T.);
#5079=EDGE_CURVE('',#3864,#3865,#3131,.T.);
#5080=EDGE_CURVE('',#3850,#3866,#1894,.T.);
#5081=EDGE_CURVE('',#3865,#3866,#1895,.T.);
#5082=EDGE_CURVE('',#3849,#3867,#1896,.T.);
#5083=EDGE_CURVE('',#3866,#3867,#3132,.T.);
#5084=EDGE_CURVE('',#3848,#3868,#1897,.T.);
#5085=EDGE_CURVE('',#3867,#3868,#1898,.T.);
#5086=EDGE_CURVE('',#3847,#3869,#1899,.T.);
#5087=EDGE_CURVE('',#3868,#3869,#3133,.T.);
#5088=EDGE_CURVE('',#3841,#3870,#1900,.T.);
#5089=EDGE_CURVE('',#3869,#3870,#1901,.T.);
#5090=EDGE_CURVE('',#3842,#3871,#1902,.T.);
#5091=EDGE_CURVE('',#3870,#3871,#3134,.T.);
#5092=EDGE_CURVE('',#3772,#3872,#1903,.T.);
#5093=EDGE_CURVE('',#3873,#3872,#1904,.T.);
#5094=EDGE_CURVE('',#3770,#3873,#1905,.T.);
#5095=EDGE_CURVE('',#3874,#3873,#3135,.T.);
#5096=EDGE_CURVE('',#3771,#3874,#1906,.T.);
#5097=EDGE_CURVE('',#3780,#3874,#3136,.T.);
#5098=EDGE_CURVE('',#3872,#3777,#3137,.T.);
#5099=EDGE_CURVE('',#3875,#3829,#3138,.T.);
#5100=EDGE_CURVE('',#3824,#3875,#1907,.T.);
#5101=EDGE_CURVE('',#3876,#3875,#1908,.T.);
#5102=EDGE_CURVE('',#3823,#3876,#1909,.T.);
#5103=EDGE_CURVE('',#3877,#3876,#3139,.T.);
#5104=EDGE_CURVE('',#3822,#3877,#1910,.T.);
#5105=EDGE_CURVE('',#3832,#3877,#3140,.T.);
#5106=EDGE_CURVE('',#3796,#3878,#1911,.T.);
#5107=EDGE_CURVE('',#3879,#3878,#1912,.T.);
#5108=EDGE_CURVE('',#3794,#3879,#1913,.T.);
#5109=EDGE_CURVE('',#3806,#3879,#3141,.T.);
#5110=EDGE_CURVE('',#3880,#3803,#3142,.T.);
#5111=EDGE_CURVE('',#3797,#3880,#1914,.T.);
#5112=EDGE_CURVE('',#3878,#3880,#3143,.T.);
#5113=EDGE_CURVE('',#3881,#3610,#3144,.T.);
#5114=EDGE_CURVE('',#3480,#3881,#1915,.T.);
#5115=EDGE_CURVE('',#3882,#3881,#1916,.T.);
#5116=EDGE_CURVE('',#3478,#3882,#1917,.T.);
#5117=EDGE_CURVE('',#3883,#3882,#3145,.T.);
#5118=EDGE_CURVE('',#3476,#3883,#1918,.T.);
#5119=EDGE_CURVE('',#3613,#3883,#3146,.T.);
#5120=EDGE_CURVE('',#3884,#3701,#3147,.T.);
#5121=EDGE_CURVE('',#3695,#3884,#1919,.T.);
#5122=EDGE_CURVE('',#3885,#3884,#3148,.T.);
#5123=EDGE_CURVE('',#3694,#3885,#1920,.T.);
#5124=EDGE_CURVE('',#3886,#3885,#1921,.T.);
#5125=EDGE_CURVE('',#3692,#3886,#1922,.T.);
#5126=EDGE_CURVE('',#3704,#3886,#3149,.T.);
#5127=EDGE_CURVE('',#3887,#3764,#3150,.T.);
#5128=EDGE_CURVE('',#3760,#3887,#1923,.T.);
#5129=EDGE_CURVE('',#3888,#3887,#3151,.T.);
#5130=EDGE_CURVE('',#3758,#3888,#1924,.T.);
#5131=EDGE_CURVE('',#3889,#3888,#3152,.T.);
#5132=EDGE_CURVE('',#3757,#3889,#1925,.T.);
#5133=EDGE_CURVE('',#3767,#3889,#1926,.T.);
#5134=EDGE_CURVE('',#3890,#3623,#3153,.T.);
#5135=EDGE_CURVE('',#3618,#3890,#1927,.T.);
#5136=EDGE_CURVE('',#3891,#3890,#1928,.T.);
#5137=EDGE_CURVE('',#3617,#3891,#1929,.T.);
#5138=EDGE_CURVE('',#3892,#3891,#3154,.T.);
#5139=EDGE_CURVE('',#3616,#3892,#1930,.T.);
#5140=EDGE_CURVE('',#3626,#3892,#3155,.T.);
#5141=EDGE_CURVE('',#3893,#3636,#3156,.T.);
#5142=EDGE_CURVE('',#3631,#3893,#1931,.T.);
#5143=EDGE_CURVE('',#3894,#3893,#1932,.T.);
#5144=EDGE_CURVE('',#3630,#3894,#1933,.T.);
#5145=EDGE_CURVE('',#3895,#3894,#3157,.T.);
#5146=EDGE_CURVE('',#3629,#3895,#1934,.T.);
#5147=EDGE_CURVE('',#3639,#3895,#3158,.T.);
#5148=EDGE_CURVE('',#3896,#3649,#3159,.T.);
#5149=EDGE_CURVE('',#3644,#3896,#1935,.T.);
#5150=EDGE_CURVE('',#3897,#3896,#1936,.T.);
#5151=EDGE_CURVE('',#3643,#3897,#1937,.T.);
#5152=EDGE_CURVE('',#3898,#3897,#3160,.T.);
#5153=EDGE_CURVE('',#3642,#3898,#1938,.T.);
#5154=EDGE_CURVE('',#3652,#3898,#3161,.T.);
#5155=EDGE_CURVE('',#3899,#3790,#3162,.T.);
#5156=EDGE_CURVE('',#3785,#3899,#1939,.T.);
#5157=EDGE_CURVE('',#3900,#3899,#3163,.T.);
#5158=EDGE_CURVE('',#3784,#3900,#1940,.T.);
#5159=EDGE_CURVE('',#3901,#3900,#1941,.T.);
#5160=EDGE_CURVE('',#3783,#3901,#1942,.T.);
#5161=EDGE_CURVE('',#3793,#3901,#3164,.T.);
#5162=EDGE_CURVE('',#3744,#3902,#1943,.T.);
#5163=EDGE_CURVE('',#3754,#3902,#1944,.T.);
#5164=EDGE_CURVE('',#3903,#3751,#3165,.T.);
#5165=EDGE_CURVE('',#3746,#3903,#1945,.T.);
#5166=EDGE_CURVE('',#3904,#3903,#3166,.T.);
#5167=EDGE_CURVE('',#3745,#3904,#1946,.T.);
#5168=EDGE_CURVE('',#3902,#3904,#3167,.T.);
#5169=EDGE_CURVE('',#3905,#3714,#3168,.T.);
#5170=EDGE_CURVE('',#3708,#3905,#1947,.T.);
#5171=EDGE_CURVE('',#3906,#3905,#3169,.T.);
#5172=EDGE_CURVE('',#3707,#3906,#1948,.T.);
#5173=EDGE_CURVE('',#3907,#3906,#1949,.T.);
#5174=EDGE_CURVE('',#3705,#3907,#1950,.T.);
#5175=EDGE_CURVE('',#3717,#3907,#3170,.T.);
#5176=EDGE_CURVE('',#3908,#3662,#3171,.T.);
#5177=EDGE_CURVE('',#3657,#3908,#1951,.T.);
#5178=EDGE_CURVE('',#3909,#3908,#1952,.T.);
#5179=EDGE_CURVE('',#3656,#3909,#1953,.T.);
#5180=EDGE_CURVE('',#3910,#3909,#3172,.T.);
#5181=EDGE_CURVE('',#3655,#3910,#1954,.T.);
#5182=EDGE_CURVE('',#3665,#3910,#3173,.T.);
#5183=EDGE_CURVE('',#3911,#3688,#3174,.T.);
#5184=EDGE_CURVE('',#3684,#3911,#1955,.T.);
#5185=EDGE_CURVE('',#3912,#3911,#3175,.T.);
#5186=EDGE_CURVE('',#3682,#3912,#1956,.T.);
#5187=EDGE_CURVE('',#3913,#3912,#3176,.T.);
#5188=EDGE_CURVE('',#3681,#3913,#1957,.T.);
#5189=EDGE_CURVE('',#3691,#3913,#1958,.T.);
#5190=EDGE_CURVE('',#3914,#3816,#3177,.T.);
#5191=EDGE_CURVE('',#3812,#3914,#1959,.T.);
#5192=EDGE_CURVE('',#3915,#3914,#3178,.T.);
#5193=EDGE_CURVE('',#3810,#3915,#1960,.T.);
#5194=EDGE_CURVE('',#3916,#3915,#3179,.T.);
#5195=EDGE_CURVE('',#3809,#3916,#1961,.T.);
#5196=EDGE_CURVE('',#3819,#3916,#1962,.T.);
#5197=EDGE_CURVE('',#3917,#3860,#3180,.T.);
#5198=EDGE_CURVE('',#3837,#3917,#1963,.T.);
#5199=EDGE_CURVE('',#3918,#3917,#1964,.T.);
#5200=EDGE_CURVE('',#3855,#3918,#1965,.T.);
#5201=EDGE_CURVE('',#3919,#3918,#3181,.T.);
#5202=EDGE_CURVE('',#3856,#3919,#1966,.T.);
#5203=EDGE_CURVE('',#3920,#3919,#1967,.T.);
#5204=EDGE_CURVE('',#3857,#3920,#1968,.T.);
#5205=EDGE_CURVE('',#3921,#3920,#3182,.T.);
#5206=EDGE_CURVE('',#3858,#3921,#1969,.T.);
#5207=EDGE_CURVE('',#3922,#3921,#1970,.T.);
#5208=EDGE_CURVE('',#3836,#3922,#1971,.T.);
#5209=EDGE_CURVE('',#3923,#3922,#3183,.T.);
#5210=EDGE_CURVE('',#3835,#3923,#1972,.T.);
#5211=EDGE_CURVE('',#3924,#3923,#1973,.T.);
#5212=EDGE_CURVE('',#3843,#3924,#1974,.T.);
#5213=EDGE_CURVE('',#3925,#3924,#3184,.T.);
#5214=EDGE_CURVE('',#3844,#3925,#1975,.T.);
#5215=EDGE_CURVE('',#3926,#3925,#1976,.T.);
#5216=EDGE_CURVE('',#3845,#3926,#1977,.T.);
#5217=EDGE_CURVE('',#3927,#3926,#3185,.T.);
#5218=EDGE_CURVE('',#3846,#3927,#1978,.T.);
#5219=EDGE_CURVE('',#3871,#3927,#1979,.T.);
#5220=EDGE_CURVE('',#3928,#3675,#3186,.T.);
#5221=EDGE_CURVE('',#3670,#3928,#1980,.T.);
#5222=EDGE_CURVE('',#3929,#3928,#1981,.T.);
#5223=EDGE_CURVE('',#3669,#3929,#1982,.T.);
#5224=EDGE_CURVE('',#3930,#3929,#3187,.T.);
#5225=EDGE_CURVE('',#3668,#3930,#1983,.T.);
#5226=EDGE_CURVE('',#3678,#3930,#3188,.T.);
#5227=ORIENTED_EDGE('',*,*,#3931,.F.);
#5228=ORIENTED_EDGE('',*,*,#3932,.T.);
#5229=ORIENTED_EDGE('',*,*,#3933,.F.);
#5230=ORIENTED_EDGE('',*,*,#3934,.F.);
#5231=ORIENTED_EDGE('',*,*,#3935,.F.);
#5232=ORIENTED_EDGE('',*,*,#3936,.F.);
#5233=ORIENTED_EDGE('',*,*,#3937,.F.);
#5234=ORIENTED_EDGE('',*,*,#3938,.F.);
#5235=ORIENTED_EDGE('',*,*,#3939,.T.);
#5236=ORIENTED_EDGE('',*,*,#3940,.F.);
#5237=ORIENTED_EDGE('',*,*,#3939,.F.);
#5238=ORIENTED_EDGE('',*,*,#3941,.F.);
#5239=ORIENTED_EDGE('',*,*,#3942,.F.);
#5240=ORIENTED_EDGE('',*,*,#3943,.F.);
#5241=ORIENTED_EDGE('',*,*,#3932,.F.);
#5242=ORIENTED_EDGE('',*,*,#3944,.F.);
#5243=ORIENTED_EDGE('',*,*,#3945,.F.);
#5244=ORIENTED_EDGE('',*,*,#3946,.F.);
#5245=ORIENTED_EDGE('',*,*,#3947,.F.);
#5246=ORIENTED_EDGE('',*,*,#3948,.F.);
#5247=ORIENTED_EDGE('',*,*,#3949,.F.);
#5248=ORIENTED_EDGE('',*,*,#3950,.F.);
#5249=ORIENTED_EDGE('',*,*,#3951,.F.);
#5250=ORIENTED_EDGE('',*,*,#3952,.F.);
#5251=ORIENTED_EDGE('',*,*,#3953,.F.);
#5252=ORIENTED_EDGE('',*,*,#3954,.F.);
#5253=ORIENTED_EDGE('',*,*,#3955,.F.);
#5254=ORIENTED_EDGE('',*,*,#3956,.F.);
#5255=ORIENTED_EDGE('',*,*,#3957,.F.);
#5256=ORIENTED_EDGE('',*,*,#3958,.F.);
#5257=ORIENTED_EDGE('',*,*,#3959,.F.);
#5258=ORIENTED_EDGE('',*,*,#3931,.T.);
#5259=ORIENTED_EDGE('',*,*,#3960,.F.);
#5260=ORIENTED_EDGE('',*,*,#3947,.T.);
#5261=ORIENTED_EDGE('',*,*,#3961,.F.);
#5262=ORIENTED_EDGE('',*,*,#3949,.T.);
#5263=ORIENTED_EDGE('',*,*,#3962,.F.);
#5264=ORIENTED_EDGE('',*,*,#3963,.F.);
#5265=ORIENTED_EDGE('',*,*,#3945,.T.);
#5266=ORIENTED_EDGE('',*,*,#3964,.F.);
#5267=ORIENTED_EDGE('',*,*,#3946,.T.);
#5268=ORIENTED_EDGE('',*,*,#3964,.T.);
#5269=ORIENTED_EDGE('',*,*,#3944,.T.);
#5270=ORIENTED_EDGE('',*,*,#3961,.T.);
#5271=ORIENTED_EDGE('',*,*,#3965,.T.);
#5272=ORIENTED_EDGE('',*,*,#3966,.T.);
#5273=ORIENTED_EDGE('',*,*,#3935,.T.);
#5274=ORIENTED_EDGE('',*,*,#3967,.T.);
#5275=ORIENTED_EDGE('',*,*,#3936,.T.);
#5276=ORIENTED_EDGE('',*,*,#3966,.F.);
#5277=ORIENTED_EDGE('',*,*,#3937,.T.);
#5278=ORIENTED_EDGE('',*,*,#3967,.F.);
#5279=ORIENTED_EDGE('',*,*,#3934,.T.);
#5280=ORIENTED_EDGE('',*,*,#3968,.F.);
#5281=ORIENTED_EDGE('',*,*,#3969,.F.);
#5282=ORIENTED_EDGE('',*,*,#3970,.T.);
#5283=ORIENTED_EDGE('',*,*,#3954,.T.);
#5284=ORIENTED_EDGE('',*,*,#3971,.T.);
#5285=ORIENTED_EDGE('',*,*,#3955,.T.);
#5286=ORIENTED_EDGE('',*,*,#3970,.F.);
#5287=ORIENTED_EDGE('',*,*,#3972,.F.);
#5288=ORIENTED_EDGE('',*,*,#3973,.F.);
#5289=ORIENTED_EDGE('',*,*,#3974,.T.);
#5290=ORIENTED_EDGE('',*,*,#3975,.T.);
#5291=ORIENTED_EDGE('',*,*,#3976,.T.);
#5292=ORIENTED_EDGE('',*,*,#3977,.T.);
#5293=ORIENTED_EDGE('',*,*,#3978,.T.);
#5294=ORIENTED_EDGE('',*,*,#3979,.T.);
#5295=ORIENTED_EDGE('',*,*,#3980,.T.);
#5296=ORIENTED_EDGE('',*,*,#3981,.T.);
#5297=ORIENTED_EDGE('',*,*,#3982,.T.);
#5298=ORIENTED_EDGE('',*,*,#3983,.F.);
#5299=ORIENTED_EDGE('',*,*,#3984,.F.);
#5300=ORIENTED_EDGE('',*,*,#3985,.T.);
#5301=ORIENTED_EDGE('',*,*,#3986,.F.);
#5302=ORIENTED_EDGE('',*,*,#3987,.T.);
#5303=ORIENTED_EDGE('',*,*,#3960,.T.);
#5304=ORIENTED_EDGE('',*,*,#3987,.F.);
#5305=ORIENTED_EDGE('',*,*,#3978,.F.);
#5306=ORIENTED_EDGE('',*,*,#3988,.T.);
#5307=ORIENTED_EDGE('',*,*,#3989,.F.);
#5308=ORIENTED_EDGE('',*,*,#3990,.F.);
#5309=ORIENTED_EDGE('',*,*,#3979,.F.);
#5310=ORIENTED_EDGE('',*,*,#3990,.T.);
#5311=ORIENTED_EDGE('',*,*,#3991,.F.);
#5312=ORIENTED_EDGE('',*,*,#3992,.F.);
#5313=ORIENTED_EDGE('',*,*,#3980,.F.);
#5314=ORIENTED_EDGE('',*,*,#3992,.T.);
#5315=ORIENTED_EDGE('',*,*,#3993,.F.);
#5316=ORIENTED_EDGE('',*,*,#3994,.F.);
#5317=ORIENTED_EDGE('',*,*,#3981,.F.);
#5318=ORIENTED_EDGE('',*,*,#3994,.T.);
#5319=ORIENTED_EDGE('',*,*,#3995,.F.);
#5320=ORIENTED_EDGE('',*,*,#3988,.F.);
#5321=ORIENTED_EDGE('',*,*,#3974,.F.);
#5322=ORIENTED_EDGE('',*,*,#3996,.T.);
#5323=ORIENTED_EDGE('',*,*,#3997,.F.);
#5324=ORIENTED_EDGE('',*,*,#3998,.F.);
#5325=ORIENTED_EDGE('',*,*,#3975,.F.);
#5326=ORIENTED_EDGE('',*,*,#3998,.T.);
#5327=ORIENTED_EDGE('',*,*,#3999,.F.);
#5328=ORIENTED_EDGE('',*,*,#4000,.F.);
#5329=ORIENTED_EDGE('',*,*,#3976,.F.);
#5330=ORIENTED_EDGE('',*,*,#4000,.T.);
#5331=ORIENTED_EDGE('',*,*,#4001,.F.);
#5332=ORIENTED_EDGE('',*,*,#4002,.F.);
#5333=ORIENTED_EDGE('',*,*,#3977,.F.);
#5334=ORIENTED_EDGE('',*,*,#4002,.T.);
#5335=ORIENTED_EDGE('',*,*,#4003,.F.);
#5336=ORIENTED_EDGE('',*,*,#3996,.F.);
#5337=ORIENTED_EDGE('',*,*,#3982,.F.);
#5338=ORIENTED_EDGE('',*,*,#4004,.T.);
#5339=ORIENTED_EDGE('',*,*,#4005,.F.);
#5340=ORIENTED_EDGE('',*,*,#4006,.F.);
#5341=ORIENTED_EDGE('',*,*,#3984,.T.);
#5342=ORIENTED_EDGE('',*,*,#4007,.T.);
#5343=ORIENTED_EDGE('',*,*,#4008,.F.);
#5344=ORIENTED_EDGE('',*,*,#4009,.F.);
#5345=ORIENTED_EDGE('',*,*,#3985,.F.);
#5346=ORIENTED_EDGE('',*,*,#4009,.T.);
#5347=ORIENTED_EDGE('',*,*,#4010,.F.);
#5348=ORIENTED_EDGE('',*,*,#4004,.F.);
#5349=ORIENTED_EDGE('',*,*,#4011,.F.);
#5350=ORIENTED_EDGE('',*,*,#4012,.T.);
#5351=ORIENTED_EDGE('',*,*,#4013,.F.);
#5352=ORIENTED_EDGE('',*,*,#4014,.T.);
#5353=ORIENTED_EDGE('',*,*,#4015,.F.);
#5354=ORIENTED_EDGE('',*,*,#4016,.T.);
#5355=ORIENTED_EDGE('',*,*,#4017,.F.);
#5356=ORIENTED_EDGE('',*,*,#4018,.T.);
#5357=ORIENTED_EDGE('',*,*,#4005,.T.);
#5358=ORIENTED_EDGE('',*,*,#4010,.T.);
#5359=ORIENTED_EDGE('',*,*,#4008,.T.);
#5360=ORIENTED_EDGE('',*,*,#4019,.T.);
#5361=ORIENTED_EDGE('',*,*,#4003,.T.);
#5362=ORIENTED_EDGE('',*,*,#4001,.T.);
#5363=ORIENTED_EDGE('',*,*,#3999,.T.);
#5364=ORIENTED_EDGE('',*,*,#3997,.T.);
#5365=ORIENTED_EDGE('',*,*,#3995,.T.);
#5366=ORIENTED_EDGE('',*,*,#3993,.T.);
#5367=ORIENTED_EDGE('',*,*,#3991,.T.);
#5368=ORIENTED_EDGE('',*,*,#3989,.T.);
#5369=ORIENTED_EDGE('',*,*,#3986,.T.);
#5370=ORIENTED_EDGE('',*,*,#4020,.T.);
#5371=ORIENTED_EDGE('',*,*,#4021,.T.);
#5372=ORIENTED_EDGE('',*,*,#4022,.T.);
#5373=ORIENTED_EDGE('',*,*,#4023,.T.);
#5374=ORIENTED_EDGE('',*,*,#4021,.F.);
#5375=ORIENTED_EDGE('',*,*,#4024,.T.);
#5376=ORIENTED_EDGE('',*,*,#4025,.F.);
#5377=ORIENTED_EDGE('',*,*,#4026,.F.);
#5378=ORIENTED_EDGE('',*,*,#4024,.F.);
#5379=ORIENTED_EDGE('',*,*,#4020,.F.);
#5380=ORIENTED_EDGE('',*,*,#4027,.F.);
#5381=ORIENTED_EDGE('',*,*,#4028,.F.);
#5382=ORIENTED_EDGE('',*,*,#4016,.F.);
#5383=ORIENTED_EDGE('',*,*,#4029,.F.);
#5384=ORIENTED_EDGE('',*,*,#4030,.F.);
#5385=ORIENTED_EDGE('',*,*,#4031,.T.);
#5386=ORIENTED_EDGE('',*,*,#4032,.T.);
#5387=ORIENTED_EDGE('',*,*,#4022,.F.);
#5388=ORIENTED_EDGE('',*,*,#4023,.F.);
#5389=ORIENTED_EDGE('',*,*,#4032,.F.);
#5390=ORIENTED_EDGE('',*,*,#4025,.T.);
#5391=ORIENTED_EDGE('',*,*,#4033,.T.);
#5392=ORIENTED_EDGE('',*,*,#4034,.T.);
#5393=ORIENTED_EDGE('',*,*,#4035,.T.);
#5394=ORIENTED_EDGE('',*,*,#4033,.F.);
#5395=ORIENTED_EDGE('',*,*,#4030,.T.);
#5396=ORIENTED_EDGE('',*,*,#4036,.T.);
#5397=ORIENTED_EDGE('',*,*,#4036,.F.);
#5398=ORIENTED_EDGE('',*,*,#4037,.F.);
#5399=ORIENTED_EDGE('',*,*,#4038,.F.);
#5400=ORIENTED_EDGE('',*,*,#4039,.T.);
#5401=ORIENTED_EDGE('',*,*,#4040,.T.);
#5402=ORIENTED_EDGE('',*,*,#4034,.F.);
#5403=ORIENTED_EDGE('',*,*,#4035,.F.);
#5404=ORIENTED_EDGE('',*,*,#4040,.F.);
#5405=ORIENTED_EDGE('',*,*,#4041,.T.);
#5406=ORIENTED_EDGE('',*,*,#4042,.T.);
#5407=ORIENTED_EDGE('',*,*,#4043,.T.);
#5408=ORIENTED_EDGE('',*,*,#4044,.T.);
#5409=ORIENTED_EDGE('',*,*,#4045,.T.);
#5410=ORIENTED_EDGE('',*,*,#4046,.T.);
#5411=ORIENTED_EDGE('',*,*,#4047,.T.);
#5412=ORIENTED_EDGE('',*,*,#4048,.T.);
#5413=ORIENTED_EDGE('',*,*,#4049,.T.);
#5414=ORIENTED_EDGE('',*,*,#4050,.T.);
#5415=ORIENTED_EDGE('',*,*,#4048,.F.);
#5416=ORIENTED_EDGE('',*,*,#4046,.F.);
#5417=ORIENTED_EDGE('',*,*,#4051,.F.);
#5418=ORIENTED_EDGE('',*,*,#4052,.F.);
#5419=ORIENTED_EDGE('',*,*,#4047,.F.);
#5420=ORIENTED_EDGE('',*,*,#4053,.F.);
#5421=ORIENTED_EDGE('',*,*,#4014,.F.);
#5422=ORIENTED_EDGE('',*,*,#4054,.F.);
#5423=ORIENTED_EDGE('',*,*,#4055,.F.);
#5424=ORIENTED_EDGE('',*,*,#4056,.F.);
#5425=ORIENTED_EDGE('',*,*,#4050,.F.);
#5426=ORIENTED_EDGE('',*,*,#4057,.T.);
#5427=ORIENTED_EDGE('',*,*,#4043,.F.);
#5428=ORIENTED_EDGE('',*,*,#4058,.T.);
#5429=ORIENTED_EDGE('',*,*,#4059,.F.);
#5430=ORIENTED_EDGE('',*,*,#4060,.T.);
#5431=ORIENTED_EDGE('',*,*,#4044,.F.);
#5432=ORIENTED_EDGE('',*,*,#4057,.F.);
#5433=ORIENTED_EDGE('',*,*,#4049,.F.);
#5434=ORIENTED_EDGE('',*,*,#4055,.T.);
#5435=ORIENTED_EDGE('',*,*,#4061,.T.);
#5436=ORIENTED_EDGE('',*,*,#4062,.T.);
#5437=ORIENTED_EDGE('',*,*,#4063,.T.);
#5438=ORIENTED_EDGE('',*,*,#4064,.T.);
#5439=ORIENTED_EDGE('',*,*,#4062,.F.);
#5440=ORIENTED_EDGE('',*,*,#4061,.F.);
#5441=ORIENTED_EDGE('',*,*,#4065,.F.);
#5442=ORIENTED_EDGE('',*,*,#4066,.F.);
#5443=ORIENTED_EDGE('',*,*,#4064,.F.);
#5444=ORIENTED_EDGE('',*,*,#4067,.T.);
#5445=ORIENTED_EDGE('',*,*,#4068,.F.);
#5446=ORIENTED_EDGE('',*,*,#4069,.T.);
#5447=ORIENTED_EDGE('',*,*,#4070,.F.);
#5448=ORIENTED_EDGE('',*,*,#4071,.T.);
#5449=ORIENTED_EDGE('',*,*,#4072,.F.);
#5450=ORIENTED_EDGE('',*,*,#4067,.F.);
#5451=ORIENTED_EDGE('',*,*,#4063,.F.);
#5452=ORIENTED_EDGE('',*,*,#4073,.T.);
#5453=ORIENTED_EDGE('',*,*,#4074,.T.);
#5454=ORIENTED_EDGE('',*,*,#4075,.T.);
#5455=ORIENTED_EDGE('',*,*,#4076,.T.);
#5456=ORIENTED_EDGE('',*,*,#4074,.F.);
#5457=ORIENTED_EDGE('',*,*,#4077,.T.);
#5458=ORIENTED_EDGE('',*,*,#4073,.F.);
#5459=ORIENTED_EDGE('',*,*,#4078,.F.);
#5460=ORIENTED_EDGE('',*,*,#4012,.F.);
#5461=ORIENTED_EDGE('',*,*,#4079,.F.);
#5462=ORIENTED_EDGE('',*,*,#4080,.F.);
#5463=ORIENTED_EDGE('',*,*,#4081,.F.);
#5464=ORIENTED_EDGE('',*,*,#4082,.F.);
#5465=ORIENTED_EDGE('',*,*,#4077,.F.);
#5466=ORIENTED_EDGE('',*,*,#4083,.F.);
#5467=ORIENTED_EDGE('',*,*,#4084,.F.);
#5468=ORIENTED_EDGE('',*,*,#4076,.F.);
#5469=ORIENTED_EDGE('',*,*,#4085,.T.);
#5470=ORIENTED_EDGE('',*,*,#4086,.T.);
#5471=ORIENTED_EDGE('',*,*,#4087,.T.);
#5472=ORIENTED_EDGE('',*,*,#4070,.T.);
#5473=ORIENTED_EDGE('',*,*,#4088,.T.);
#5474=ORIENTED_EDGE('',*,*,#4089,.T.);
#5475=ORIENTED_EDGE('',*,*,#4085,.F.);
#5476=ORIENTED_EDGE('',*,*,#4075,.F.);
#5477=ORIENTED_EDGE('',*,*,#4081,.T.);
#5478=ORIENTED_EDGE('',*,*,#4090,.T.);
#5479=ORIENTED_EDGE('',*,*,#4091,.T.);
#5480=ORIENTED_EDGE('',*,*,#4092,.T.);
#5481=ORIENTED_EDGE('',*,*,#4090,.F.);
#5482=ORIENTED_EDGE('',*,*,#4092,.F.);
#5483=ORIENTED_EDGE('',*,*,#4093,.T.);
#5484=ORIENTED_EDGE('',*,*,#4094,.T.);
#5485=ORIENTED_EDGE('',*,*,#4093,.F.);
#5486=ORIENTED_EDGE('',*,*,#4091,.F.);
#5487=ORIENTED_EDGE('',*,*,#4095,.T.);
#5488=ORIENTED_EDGE('',*,*,#4096,.T.);
#5489=ORIENTED_EDGE('',*,*,#4097,.T.);
#5490=ORIENTED_EDGE('',*,*,#4098,.T.);
#5491=ORIENTED_EDGE('',*,*,#4096,.F.);
#5492=ORIENTED_EDGE('',*,*,#4099,.T.);
#5493=ORIENTED_EDGE('',*,*,#4100,.T.);
#5494=ORIENTED_EDGE('',*,*,#4095,.F.);
#5495=ORIENTED_EDGE('',*,*,#4101,.F.);
#5496=ORIENTED_EDGE('',*,*,#4019,.F.);
#5497=ORIENTED_EDGE('',*,*,#4007,.F.);
#5498=ORIENTED_EDGE('',*,*,#3983,.T.);
#5499=ORIENTED_EDGE('',*,*,#4006,.T.);
#5500=ORIENTED_EDGE('',*,*,#4018,.F.);
#5501=ORIENTED_EDGE('',*,*,#4102,.F.);
#5502=ORIENTED_EDGE('',*,*,#4103,.F.);
#5503=ORIENTED_EDGE('',*,*,#4104,.F.);
#5504=ORIENTED_EDGE('',*,*,#4105,.F.);
#5505=ORIENTED_EDGE('',*,*,#4099,.F.);
#5506=ORIENTED_EDGE('',*,*,#4100,.F.);
#5507=ORIENTED_EDGE('',*,*,#4106,.F.);
#5508=ORIENTED_EDGE('',*,*,#4107,.F.);
#5509=ORIENTED_EDGE('',*,*,#4098,.F.);
#5510=ORIENTED_EDGE('',*,*,#4108,.T.);
#5511=ORIENTED_EDGE('',*,*,#4109,.T.);
#5512=ORIENTED_EDGE('',*,*,#4108,.F.);
#5513=ORIENTED_EDGE('',*,*,#4097,.F.);
#5514=ORIENTED_EDGE('',*,*,#4104,.T.);
#5515=ORIENTED_EDGE('',*,*,#4110,.T.);
#5516=ORIENTED_EDGE('',*,*,#4111,.T.);
#5517=ORIENTED_EDGE('',*,*,#4112,.T.);
#5518=ORIENTED_EDGE('',*,*,#4110,.F.);
#5519=ORIENTED_EDGE('',*,*,#4103,.T.);
#5520=ORIENTED_EDGE('',*,*,#4113,.T.);
#5521=ORIENTED_EDGE('',*,*,#4113,.F.);
#5522=ORIENTED_EDGE('',*,*,#4114,.F.);
#5523=ORIENTED_EDGE('',*,*,#4115,.F.);
#5524=ORIENTED_EDGE('',*,*,#4112,.F.);
#5525=ORIENTED_EDGE('',*,*,#4116,.T.);
#5526=ORIENTED_EDGE('',*,*,#4117,.T.);
#5527=ORIENTED_EDGE('',*,*,#4116,.F.);
#5528=ORIENTED_EDGE('',*,*,#4111,.F.);
#5529=ORIENTED_EDGE('',*,*,#4118,.F.);
#5530=ORIENTED_EDGE('',*,*,#4119,.F.);
#5531=ORIENTED_EDGE('',*,*,#4120,.F.);
#5532=ORIENTED_EDGE('',*,*,#4078,.T.);
#5533=ORIENTED_EDGE('',*,*,#4084,.T.);
#5534=ORIENTED_EDGE('',*,*,#4119,.T.);
#5535=ORIENTED_EDGE('',*,*,#4065,.T.);
#5536=ORIENTED_EDGE('',*,*,#4054,.T.);
#5537=ORIENTED_EDGE('',*,*,#4013,.T.);
#5538=ORIENTED_EDGE('',*,*,#4121,.F.);
#5539=ORIENTED_EDGE('',*,*,#4122,.F.);
#5540=ORIENTED_EDGE('',*,*,#4123,.F.);
#5541=ORIENTED_EDGE('',*,*,#4101,.T.);
#5542=ORIENTED_EDGE('',*,*,#4107,.T.);
#5543=ORIENTED_EDGE('',*,*,#4122,.T.);
#5544=ORIENTED_EDGE('',*,*,#4079,.T.);
#5545=ORIENTED_EDGE('',*,*,#4011,.T.);
#5546=ORIENTED_EDGE('',*,*,#4124,.F.);
#5547=ORIENTED_EDGE('',*,*,#4125,.F.);
#5548=ORIENTED_EDGE('',*,*,#4126,.F.);
#5549=ORIENTED_EDGE('',*,*,#4053,.T.);
#5550=ORIENTED_EDGE('',*,*,#4052,.T.);
#5551=ORIENTED_EDGE('',*,*,#4125,.T.);
#5552=ORIENTED_EDGE('',*,*,#4037,.T.);
#5553=ORIENTED_EDGE('',*,*,#4029,.T.);
#5554=ORIENTED_EDGE('',*,*,#4015,.T.);
#5555=ORIENTED_EDGE('',*,*,#4118,.T.);
#5556=ORIENTED_EDGE('',*,*,#4127,.T.);
#5557=ORIENTED_EDGE('',*,*,#4126,.T.);
#5558=ORIENTED_EDGE('',*,*,#4051,.T.);
#5559=ORIENTED_EDGE('',*,*,#4056,.T.);
#5560=ORIENTED_EDGE('',*,*,#4066,.T.);
#5561=ORIENTED_EDGE('',*,*,#4128,.F.);
#5562=ORIENTED_EDGE('',*,*,#4129,.F.);
#5563=ORIENTED_EDGE('',*,*,#4130,.F.);
#5564=ORIENTED_EDGE('',*,*,#4028,.T.);
#5565=ORIENTED_EDGE('',*,*,#4129,.T.);
#5566=ORIENTED_EDGE('',*,*,#4114,.T.);
#5567=ORIENTED_EDGE('',*,*,#4102,.T.);
#5568=ORIENTED_EDGE('',*,*,#4017,.T.);
#5569=ORIENTED_EDGE('',*,*,#4124,.T.);
#5570=ORIENTED_EDGE('',*,*,#4131,.T.);
#5571=ORIENTED_EDGE('',*,*,#4132,.T.);
#5572=ORIENTED_EDGE('',*,*,#4130,.T.);
#5573=ORIENTED_EDGE('',*,*,#4027,.T.);
#5574=ORIENTED_EDGE('',*,*,#4026,.T.);
#5575=ORIENTED_EDGE('',*,*,#4038,.T.);
#5576=ORIENTED_EDGE('',*,*,#4128,.T.);
#5577=ORIENTED_EDGE('',*,*,#4133,.T.);
#5578=ORIENTED_EDGE('',*,*,#4123,.T.);
#5579=ORIENTED_EDGE('',*,*,#4106,.T.);
#5580=ORIENTED_EDGE('',*,*,#4105,.T.);
#5581=ORIENTED_EDGE('',*,*,#4115,.T.);
#5582=ORIENTED_EDGE('',*,*,#4121,.T.);
#5583=ORIENTED_EDGE('',*,*,#4134,.T.);
#5584=ORIENTED_EDGE('',*,*,#4135,.T.);
#5585=ORIENTED_EDGE('',*,*,#4120,.T.);
#5586=ORIENTED_EDGE('',*,*,#4083,.T.);
#5587=ORIENTED_EDGE('',*,*,#4082,.T.);
#5588=ORIENTED_EDGE('',*,*,#4080,.T.);
#5589=ORIENTED_EDGE('',*,*,#4136,.F.);
#5590=ORIENTED_EDGE('',*,*,#4131,.F.);
#5591=ORIENTED_EDGE('',*,*,#4127,.F.);
#5592=ORIENTED_EDGE('',*,*,#4135,.F.);
#5593=ORIENTED_EDGE('',*,*,#4137,.F.);
#5594=ORIENTED_EDGE('',*,*,#4138,.F.);
#5595=ORIENTED_EDGE('',*,*,#4134,.F.);
#5596=ORIENTED_EDGE('',*,*,#4133,.F.);
#5597=ORIENTED_EDGE('',*,*,#4132,.F.);
#5598=ORIENTED_EDGE('',*,*,#3940,.T.);
#5599=ORIENTED_EDGE('',*,*,#4136,.T.);
#5600=ORIENTED_EDGE('',*,*,#4139,.T.);
#5601=ORIENTED_EDGE('',*,*,#4140,.T.);
#5602=ORIENTED_EDGE('',*,*,#4139,.F.);
#5603=ORIENTED_EDGE('',*,*,#4140,.F.);
#5604=ORIENTED_EDGE('',*,*,#4141,.T.);
#5605=ORIENTED_EDGE('',*,*,#4142,.T.);
#5606=ORIENTED_EDGE('',*,*,#4141,.F.);
#5607=ORIENTED_EDGE('',*,*,#4138,.T.);
#5608=ORIENTED_EDGE('',*,*,#4143,.T.);
#5609=ORIENTED_EDGE('',*,*,#4144,.T.);
#5610=ORIENTED_EDGE('',*,*,#4143,.F.);
#5611=ORIENTED_EDGE('',*,*,#4137,.T.);
#5612=ORIENTED_EDGE('',*,*,#4144,.F.);
#5613=ORIENTED_EDGE('',*,*,#4145,.T.);
#5614=ORIENTED_EDGE('',*,*,#4146,.T.);
#5615=ORIENTED_EDGE('',*,*,#4145,.F.);
#5616=ORIENTED_EDGE('',*,*,#3941,.T.);
#5617=ORIENTED_EDGE('',*,*,#3938,.T.);
#5618=ORIENTED_EDGE('',*,*,#3968,.T.);
#5619=ORIENTED_EDGE('',*,*,#3933,.T.);
#5620=ORIENTED_EDGE('',*,*,#3943,.T.);
#5621=ORIENTED_EDGE('',*,*,#4147,.T.);
#5622=ORIENTED_EDGE('',*,*,#4117,.F.);
#5623=ORIENTED_EDGE('',*,*,#4148,.F.);
#5624=ORIENTED_EDGE('',*,*,#4109,.F.);
#5625=ORIENTED_EDGE('',*,*,#3965,.F.);
#5626=ORIENTED_EDGE('',*,*,#4148,.T.);
#5627=ORIENTED_EDGE('',*,*,#4149,.T.);
#5628=ORIENTED_EDGE('',*,*,#3962,.T.);
#5629=ORIENTED_EDGE('',*,*,#3948,.T.);
#5630=ORIENTED_EDGE('',*,*,#3963,.T.);
#5631=ORIENTED_EDGE('',*,*,#4149,.F.);
#5632=ORIENTED_EDGE('',*,*,#3942,.T.);
#5633=ORIENTED_EDGE('',*,*,#4147,.F.);
#5634=ORIENTED_EDGE('',*,*,#4150,.F.);
#5635=ORIENTED_EDGE('',*,*,#4151,.F.);
#5636=ORIENTED_EDGE('',*,*,#4152,.F.);
#5637=ORIENTED_EDGE('',*,*,#4153,.F.);
#5638=ORIENTED_EDGE('',*,*,#4154,.F.);
#5639=ORIENTED_EDGE('',*,*,#4155,.T.);
#5640=ORIENTED_EDGE('',*,*,#4039,.F.);
#5641=ORIENTED_EDGE('',*,*,#4151,.T.);
#5642=ORIENTED_EDGE('',*,*,#4156,.F.);
#5643=ORIENTED_EDGE('',*,*,#4157,.F.);
#5644=ORIENTED_EDGE('',*,*,#4158,.T.);
#5645=ORIENTED_EDGE('',*,*,#4041,.F.);
#5646=ORIENTED_EDGE('',*,*,#4155,.F.);
#5647=ORIENTED_EDGE('',*,*,#4159,.F.);
#5648=ORIENTED_EDGE('',*,*,#4160,.F.);
#5649=ORIENTED_EDGE('',*,*,#4161,.F.);
#5650=ORIENTED_EDGE('',*,*,#4158,.F.);
#5651=ORIENTED_EDGE('',*,*,#4162,.F.);
#5652=ORIENTED_EDGE('',*,*,#4163,.F.);
#5653=ORIENTED_EDGE('',*,*,#4164,.F.);
#5654=ORIENTED_EDGE('',*,*,#4165,.F.);
#5655=ORIENTED_EDGE('',*,*,#4166,.F.);
#5656=ORIENTED_EDGE('',*,*,#4167,.T.);
#5657=ORIENTED_EDGE('',*,*,#4168,.F.);
#5658=ORIENTED_EDGE('',*,*,#4169,.T.);
#5659=ORIENTED_EDGE('',*,*,#4086,.F.);
#5660=ORIENTED_EDGE('',*,*,#4089,.F.);
#5661=ORIENTED_EDGE('',*,*,#4163,.T.);
#5662=ORIENTED_EDGE('',*,*,#4170,.F.);
#5663=ORIENTED_EDGE('',*,*,#4167,.F.);
#5664=ORIENTED_EDGE('',*,*,#4171,.F.);
#5665=ORIENTED_EDGE('',*,*,#4172,.F.);
#5666=ORIENTED_EDGE('',*,*,#4173,.F.);
#5667=ORIENTED_EDGE('',*,*,#4169,.F.);
#5668=ORIENTED_EDGE('',*,*,#4150,.T.);
#5669=ORIENTED_EDGE('',*,*,#4174,.F.);
#5670=ORIENTED_EDGE('',*,*,#4175,.T.);
#5671=ORIENTED_EDGE('',*,*,#4176,.F.);
#5672=ORIENTED_EDGE('',*,*,#4153,.T.);
#5673=ORIENTED_EDGE('',*,*,#4177,.F.);
#5674=ORIENTED_EDGE('',*,*,#4178,.F.);
#5675=ORIENTED_EDGE('',*,*,#4152,.T.);
#5676=ORIENTED_EDGE('',*,*,#4045,.F.);
#5677=ORIENTED_EDGE('',*,*,#4179,.T.);
#5678=ORIENTED_EDGE('',*,*,#4180,.T.);
#5679=ORIENTED_EDGE('',*,*,#4168,.T.);
#5680=ORIENTED_EDGE('',*,*,#4181,.T.);
#5681=ORIENTED_EDGE('',*,*,#4156,.T.);
#5682=ORIENTED_EDGE('',*,*,#4176,.T.);
#5683=ORIENTED_EDGE('',*,*,#4059,.T.);
#5684=ORIENTED_EDGE('',*,*,#4182,.T.);
#5685=ORIENTED_EDGE('',*,*,#4157,.T.);
#5686=ORIENTED_EDGE('',*,*,#4181,.F.);
#5687=ORIENTED_EDGE('',*,*,#4170,.T.);
#5688=ORIENTED_EDGE('',*,*,#4183,.T.);
#5689=ORIENTED_EDGE('',*,*,#4068,.T.);
#5690=ORIENTED_EDGE('',*,*,#4072,.T.);
#5691=ORIENTED_EDGE('',*,*,#4184,.T.);
#5692=ORIENTED_EDGE('',*,*,#4162,.T.);
#5693=ORIENTED_EDGE('',*,*,#4185,.T.);
#5694=ORIENTED_EDGE('',*,*,#4186,.T.);
#5695=ORIENTED_EDGE('',*,*,#4183,.F.);
#5696=ORIENTED_EDGE('',*,*,#4172,.T.);
#5697=ORIENTED_EDGE('',*,*,#4187,.F.);
#5698=ORIENTED_EDGE('',*,*,#4188,.F.);
#5699=ORIENTED_EDGE('',*,*,#4165,.T.);
#5700=ORIENTED_EDGE('',*,*,#4189,.F.);
#5701=ORIENTED_EDGE('',*,*,#4190,.F.);
#5702=ORIENTED_EDGE('',*,*,#4164,.T.);
#5703=ORIENTED_EDGE('',*,*,#4088,.F.);
#5704=ORIENTED_EDGE('',*,*,#4191,.T.);
#5705=ORIENTED_EDGE('',*,*,#4192,.F.);
#5706=ORIENTED_EDGE('',*,*,#4175,.F.);
#5707=ORIENTED_EDGE('',*,*,#4193,.F.);
#5708=ORIENTED_EDGE('',*,*,#4179,.F.);
#5709=ORIENTED_EDGE('',*,*,#4060,.F.);
#5710=ORIENTED_EDGE('',*,*,#4194,.F.);
#5711=ORIENTED_EDGE('',*,*,#4058,.F.);
#5712=ORIENTED_EDGE('',*,*,#4195,.F.);
#5713=ORIENTED_EDGE('',*,*,#4196,.F.);
#5714=ORIENTED_EDGE('',*,*,#4197,.F.);
#5715=ORIENTED_EDGE('',*,*,#4071,.F.);
#5716=ORIENTED_EDGE('',*,*,#4198,.F.);
#5717=ORIENTED_EDGE('',*,*,#4199,.F.);
#5718=ORIENTED_EDGE('',*,*,#4186,.F.);
#5719=ORIENTED_EDGE('',*,*,#4200,.F.);
#5720=ORIENTED_EDGE('',*,*,#4191,.F.);
#5721=ORIENTED_EDGE('',*,*,#4069,.F.);
#5722=ORIENTED_EDGE('',*,*,#4159,.T.);
#5723=ORIENTED_EDGE('',*,*,#4182,.F.);
#5724=ORIENTED_EDGE('',*,*,#4194,.T.);
#5725=ORIENTED_EDGE('',*,*,#4201,.F.);
#5726=ORIENTED_EDGE('',*,*,#4196,.T.);
#5727=ORIENTED_EDGE('',*,*,#4202,.F.);
#5728=ORIENTED_EDGE('',*,*,#4203,.F.);
#5729=ORIENTED_EDGE('',*,*,#4161,.T.);
#5730=ORIENTED_EDGE('',*,*,#4204,.T.);
#5731=ORIENTED_EDGE('',*,*,#4195,.T.);
#5732=ORIENTED_EDGE('',*,*,#4042,.F.);
#5733=ORIENTED_EDGE('',*,*,#4171,.T.);
#5734=ORIENTED_EDGE('',*,*,#4184,.F.);
#5735=ORIENTED_EDGE('',*,*,#4197,.T.);
#5736=ORIENTED_EDGE('',*,*,#4205,.T.);
#5737=ORIENTED_EDGE('',*,*,#4200,.T.);
#5738=ORIENTED_EDGE('',*,*,#4206,.F.);
#5739=ORIENTED_EDGE('',*,*,#4207,.F.);
#5740=ORIENTED_EDGE('',*,*,#4199,.T.);
#5741=ORIENTED_EDGE('',*,*,#4208,.F.);
#5742=ORIENTED_EDGE('',*,*,#4209,.F.);
#5743=ORIENTED_EDGE('',*,*,#4173,.T.);
#5744=ORIENTED_EDGE('',*,*,#4210,.F.);
#5745=ORIENTED_EDGE('',*,*,#4198,.T.);
#5746=ORIENTED_EDGE('',*,*,#4087,.F.);
#5747=ORIENTED_EDGE('',*,*,#4160,.T.);
#5748=ORIENTED_EDGE('',*,*,#4211,.F.);
#5749=ORIENTED_EDGE('',*,*,#4212,.F.);
#5750=ORIENTED_EDGE('',*,*,#4193,.T.);
#5751=ORIENTED_EDGE('',*,*,#4213,.F.);
#5752=ORIENTED_EDGE('',*,*,#4214,.F.);
#5753=ORIENTED_EDGE('',*,*,#4154,.T.);
#5754=ORIENTED_EDGE('',*,*,#4166,.T.);
#5755=ORIENTED_EDGE('',*,*,#4211,.T.);
#5756=ORIENTED_EDGE('',*,*,#4201,.T.);
#5757=ORIENTED_EDGE('',*,*,#4203,.T.);
#5758=ORIENTED_EDGE('',*,*,#4202,.T.);
#5759=ORIENTED_EDGE('',*,*,#4204,.F.);
#5760=ORIENTED_EDGE('',*,*,#4212,.T.);
#5761=ORIENTED_EDGE('',*,*,#4214,.T.);
#5762=ORIENTED_EDGE('',*,*,#4177,.T.);
#5763=ORIENTED_EDGE('',*,*,#4180,.F.);
#5764=ORIENTED_EDGE('',*,*,#4178,.T.);
#5765=ORIENTED_EDGE('',*,*,#4213,.T.);
#5766=ORIENTED_EDGE('',*,*,#4174,.T.);
#5767=ORIENTED_EDGE('',*,*,#4189,.T.);
#5768=ORIENTED_EDGE('',*,*,#4192,.T.);
#5769=ORIENTED_EDGE('',*,*,#4207,.T.);
#5770=ORIENTED_EDGE('',*,*,#4206,.T.);
#5771=ORIENTED_EDGE('',*,*,#4185,.F.);
#5772=ORIENTED_EDGE('',*,*,#4190,.T.);
#5773=ORIENTED_EDGE('',*,*,#4209,.T.);
#5774=ORIENTED_EDGE('',*,*,#4187,.T.);
#5775=ORIENTED_EDGE('',*,*,#4205,.F.);
#5776=ORIENTED_EDGE('',*,*,#4188,.T.);
#5777=ORIENTED_EDGE('',*,*,#4208,.T.);
#5778=ORIENTED_EDGE('',*,*,#4210,.T.);
#5779=ORIENTED_EDGE('',*,*,#4031,.F.);
#5780=ORIENTED_EDGE('',*,*,#3969,.T.);
#5781=ORIENTED_EDGE('',*,*,#3956,.T.);
#5782=ORIENTED_EDGE('',*,*,#3971,.F.);
#5783=ORIENTED_EDGE('',*,*,#3953,.T.);
#5784=ORIENTED_EDGE('',*,*,#4215,.F.);
#5785=ORIENTED_EDGE('',*,*,#3957,.T.);
#5786=ORIENTED_EDGE('',*,*,#4215,.T.);
#5787=ORIENTED_EDGE('',*,*,#3952,.T.);
#5788=ORIENTED_EDGE('',*,*,#4216,.T.);
#5789=ORIENTED_EDGE('',*,*,#3950,.T.);
#5790=ORIENTED_EDGE('',*,*,#4217,.T.);
#5791=ORIENTED_EDGE('',*,*,#4218,.T.);
#5792=ORIENTED_EDGE('',*,*,#4217,.F.);
#5793=ORIENTED_EDGE('',*,*,#3959,.T.);
#5794=ORIENTED_EDGE('',*,*,#4219,.F.);
#5795=ORIENTED_EDGE('',*,*,#3958,.T.);
#5796=ORIENTED_EDGE('',*,*,#4216,.F.);
#5797=ORIENTED_EDGE('',*,*,#3951,.T.);
#5798=ORIENTED_EDGE('',*,*,#4219,.T.);
#5799=ORIENTED_EDGE('',*,*,#4094,.F.);
#5800=ORIENTED_EDGE('',*,*,#4218,.F.);
#5801=ORIENTED_EDGE('',*,*,#4220,.F.);
#5802=ORIENTED_EDGE('',*,*,#4221,.T.);
#5803=ORIENTED_EDGE('',*,*,#4222,.T.);
#5804=ORIENTED_EDGE('',*,*,#4221,.F.);
#5805=ORIENTED_EDGE('',*,*,#4142,.F.);
#5806=ORIENTED_EDGE('',*,*,#4220,.T.);
#5807=ORIENTED_EDGE('',*,*,#4223,.F.);
#5808=ORIENTED_EDGE('',*,*,#4222,.F.);
#5809=ORIENTED_EDGE('',*,*,#4223,.T.);
#5810=ORIENTED_EDGE('',*,*,#4224,.T.);
#5811=ORIENTED_EDGE('',*,*,#3973,.T.);
#5812=ORIENTED_EDGE('',*,*,#4224,.F.);
#5813=ORIENTED_EDGE('',*,*,#4225,.F.);
#5814=ORIENTED_EDGE('',*,*,#4226,.T.);
#5815=ORIENTED_EDGE('',*,*,#4227,.T.);
#5816=ORIENTED_EDGE('',*,*,#4226,.F.);
#5817=ORIENTED_EDGE('',*,*,#4146,.F.);
#5818=ORIENTED_EDGE('',*,*,#4225,.T.);
#5819=ORIENTED_EDGE('',*,*,#4228,.F.);
#5820=ORIENTED_EDGE('',*,*,#4227,.F.);
#5821=ORIENTED_EDGE('',*,*,#4228,.T.);
#5822=ORIENTED_EDGE('',*,*,#4229,.T.);
#5823=ORIENTED_EDGE('',*,*,#3972,.T.);
#5824=ORIENTED_EDGE('',*,*,#4229,.F.);
#5825=ORIENTED_EDGE('',*,*,#4230,.T.);
#5826=ORIENTED_EDGE('',*,*,#4231,.T.);
#5827=ORIENTED_EDGE('',*,*,#4232,.T.);
#5828=ORIENTED_EDGE('',*,*,#4233,.T.);
#5829=ORIENTED_EDGE('',*,*,#4231,.F.);
#5830=ORIENTED_EDGE('',*,*,#4234,.T.);
#5831=ORIENTED_EDGE('',*,*,#4235,.T.);
#5832=ORIENTED_EDGE('',*,*,#4234,.F.);
#5833=ORIENTED_EDGE('',*,*,#4236,.F.);
#5834=ORIENTED_EDGE('',*,*,#4237,.F.);
#5835=ORIENTED_EDGE('',*,*,#4230,.F.);
#5836=ORIENTED_EDGE('',*,*,#4238,.F.);
#5837=ORIENTED_EDGE('',*,*,#4239,.F.);
#5838=ORIENTED_EDGE('',*,*,#4240,.F.);
#5839=ORIENTED_EDGE('',*,*,#4241,.F.);
#5840=ORIENTED_EDGE('',*,*,#4235,.F.);
#5841=ORIENTED_EDGE('',*,*,#4242,.F.);
#5842=ORIENTED_EDGE('',*,*,#4243,.F.);
#5843=ORIENTED_EDGE('',*,*,#4244,.T.);
#5844=ORIENTED_EDGE('',*,*,#4245,.T.);
#5845=ORIENTED_EDGE('',*,*,#4246,.T.);
#5846=ORIENTED_EDGE('',*,*,#4247,.T.);
#5847=ORIENTED_EDGE('',*,*,#4232,.F.);
#5848=ORIENTED_EDGE('',*,*,#4233,.F.);
#5849=ORIENTED_EDGE('',*,*,#4247,.F.);
#5850=ORIENTED_EDGE('',*,*,#4248,.T.);
#5851=ORIENTED_EDGE('',*,*,#4249,.T.);
#5852=ORIENTED_EDGE('',*,*,#4250,.T.);
#5853=ORIENTED_EDGE('',*,*,#4251,.T.);
#5854=ORIENTED_EDGE('',*,*,#4252,.T.);
#5855=ORIENTED_EDGE('',*,*,#4253,.T.);
#5856=ORIENTED_EDGE('',*,*,#4254,.T.);
#5857=ORIENTED_EDGE('',*,*,#4255,.T.);
#5858=ORIENTED_EDGE('',*,*,#4253,.F.);
#5859=ORIENTED_EDGE('',*,*,#4256,.T.);
#5860=ORIENTED_EDGE('',*,*,#4257,.T.);
#5861=ORIENTED_EDGE('',*,*,#4256,.F.);
#5862=ORIENTED_EDGE('',*,*,#4258,.F.);
#5863=ORIENTED_EDGE('',*,*,#4259,.F.);
#5864=ORIENTED_EDGE('',*,*,#4252,.F.);
#5865=ORIENTED_EDGE('',*,*,#4260,.F.);
#5866=ORIENTED_EDGE('',*,*,#4261,.F.);
#5867=ORIENTED_EDGE('',*,*,#4262,.F.);
#5868=ORIENTED_EDGE('',*,*,#4263,.F.);
#5869=ORIENTED_EDGE('',*,*,#4257,.F.);
#5870=ORIENTED_EDGE('',*,*,#4264,.F.);
#5871=ORIENTED_EDGE('',*,*,#4265,.F.);
#5872=ORIENTED_EDGE('',*,*,#4255,.F.);
#5873=ORIENTED_EDGE('',*,*,#4266,.T.);
#5874=ORIENTED_EDGE('',*,*,#4267,.T.);
#5875=ORIENTED_EDGE('',*,*,#4268,.T.);
#5876=ORIENTED_EDGE('',*,*,#4269,.T.);
#5877=ORIENTED_EDGE('',*,*,#4270,.T.);
#5878=ORIENTED_EDGE('',*,*,#4271,.T.);
#5879=ORIENTED_EDGE('',*,*,#4266,.F.);
#5880=ORIENTED_EDGE('',*,*,#4254,.F.);
#5881=ORIENTED_EDGE('',*,*,#4272,.T.);
#5882=ORIENTED_EDGE('',*,*,#4273,.T.);
#5883=ORIENTED_EDGE('',*,*,#4274,.T.);
#5884=ORIENTED_EDGE('',*,*,#4273,.F.);
#5885=ORIENTED_EDGE('',*,*,#4275,.T.);
#5886=ORIENTED_EDGE('',*,*,#4276,.T.);
#5887=ORIENTED_EDGE('',*,*,#4272,.F.);
#5888=ORIENTED_EDGE('',*,*,#4277,.F.);
#5889=ORIENTED_EDGE('',*,*,#4278,.F.);
#5890=ORIENTED_EDGE('',*,*,#4279,.F.);
#5891=ORIENTED_EDGE('',*,*,#4280,.F.);
#5892=ORIENTED_EDGE('',*,*,#4281,.F.);
#5893=ORIENTED_EDGE('',*,*,#4282,.F.);
#5894=ORIENTED_EDGE('',*,*,#4283,.F.);
#5895=ORIENTED_EDGE('',*,*,#4275,.F.);
#5896=ORIENTED_EDGE('',*,*,#4276,.F.);
#5897=ORIENTED_EDGE('',*,*,#4284,.F.);
#5898=ORIENTED_EDGE('',*,*,#4285,.F.);
#5899=ORIENTED_EDGE('',*,*,#4274,.F.);
#5900=ORIENTED_EDGE('',*,*,#4286,.T.);
#5901=ORIENTED_EDGE('',*,*,#4287,.F.);
#5902=ORIENTED_EDGE('',*,*,#4288,.T.);
#5903=ORIENTED_EDGE('',*,*,#4270,.F.);
#5904=ORIENTED_EDGE('',*,*,#4289,.T.);
#5905=ORIENTED_EDGE('',*,*,#4290,.F.);
#5906=ORIENTED_EDGE('',*,*,#4286,.F.);
#5907=ORIENTED_EDGE('',*,*,#4282,.T.);
#5908=ORIENTED_EDGE('',*,*,#4291,.T.);
#5909=ORIENTED_EDGE('',*,*,#4292,.T.);
#5910=ORIENTED_EDGE('',*,*,#4291,.F.);
#5911=ORIENTED_EDGE('',*,*,#4293,.T.);
#5912=ORIENTED_EDGE('',*,*,#4293,.F.);
#5913=ORIENTED_EDGE('',*,*,#4294,.F.);
#5914=ORIENTED_EDGE('',*,*,#4295,.F.);
#5915=ORIENTED_EDGE('',*,*,#4292,.F.);
#5916=ORIENTED_EDGE('',*,*,#4296,.T.);
#5917=ORIENTED_EDGE('',*,*,#4249,.F.);
#5918=ORIENTED_EDGE('',*,*,#4297,.T.);
#5919=ORIENTED_EDGE('',*,*,#4298,.F.);
#5920=ORIENTED_EDGE('',*,*,#4299,.T.);
#5921=ORIENTED_EDGE('',*,*,#4250,.F.);
#5922=ORIENTED_EDGE('',*,*,#4296,.F.);
#5923=ORIENTED_EDGE('',*,*,#4300,.F.);
#5924=ORIENTED_EDGE('',*,*,#4301,.F.);
#5925=ORIENTED_EDGE('',*,*,#4302,.F.);
#5926=ORIENTED_EDGE('',*,*,#4303,.F.);
#5927=ORIENTED_EDGE('',*,*,#4304,.F.);
#5928=ORIENTED_EDGE('',*,*,#4305,.F.);
#5929=ORIENTED_EDGE('',*,*,#4306,.F.);
#5930=ORIENTED_EDGE('',*,*,#4307,.F.);
#5931=ORIENTED_EDGE('',*,*,#4308,.F.);
#5932=ORIENTED_EDGE('',*,*,#4309,.F.);
#5933=ORIENTED_EDGE('',*,*,#4310,.F.);
#5934=ORIENTED_EDGE('',*,*,#4311,.F.);
#5935=ORIENTED_EDGE('',*,*,#4302,.T.);
#5936=ORIENTED_EDGE('',*,*,#4279,.T.);
#5937=ORIENTED_EDGE('',*,*,#4310,.T.);
#5938=ORIENTED_EDGE('',*,*,#4312,.T.);
#5939=ORIENTED_EDGE('',*,*,#4313,.F.);
#5940=ORIENTED_EDGE('',*,*,#4314,.F.);
#5941=ORIENTED_EDGE('',*,*,#4315,.F.);
#5942=ORIENTED_EDGE('',*,*,#4314,.T.);
#5943=ORIENTED_EDGE('',*,*,#4316,.T.);
#5944=ORIENTED_EDGE('',*,*,#4305,.T.);
#5945=ORIENTED_EDGE('',*,*,#4317,.T.);
#5946=ORIENTED_EDGE('',*,*,#4318,.T.);
#5947=ORIENTED_EDGE('',*,*,#4319,.F.);
#5948=ORIENTED_EDGE('',*,*,#4320,.F.);
#5949=ORIENTED_EDGE('',*,*,#4321,.F.);
#5950=ORIENTED_EDGE('',*,*,#4322,.F.);
#5951=ORIENTED_EDGE('',*,*,#4323,.F.);
#5952=ORIENTED_EDGE('',*,*,#4324,.F.);
#5953=ORIENTED_EDGE('',*,*,#4323,.T.);
#5954=ORIENTED_EDGE('',*,*,#4262,.T.);
#5955=ORIENTED_EDGE('',*,*,#4315,.T.);
#5956=ORIENTED_EDGE('',*,*,#4325,.T.);
#5957=ORIENTED_EDGE('',*,*,#4311,.T.);
#5958=ORIENTED_EDGE('',*,*,#4278,.T.);
#5959=ORIENTED_EDGE('',*,*,#4324,.T.);
#5960=ORIENTED_EDGE('',*,*,#4326,.T.);
#5961=ORIENTED_EDGE('',*,*,#4327,.T.);
#5962=ORIENTED_EDGE('',*,*,#4313,.T.);
#5963=ORIENTED_EDGE('',*,*,#4261,.T.);
#5964=ORIENTED_EDGE('',*,*,#4328,.T.);
#5965=ORIENTED_EDGE('',*,*,#4329,.F.);
#5966=ORIENTED_EDGE('',*,*,#4330,.F.);
#5967=ORIENTED_EDGE('',*,*,#4331,.F.);
#5968=ORIENTED_EDGE('',*,*,#4332,.T.);
#5969=ORIENTED_EDGE('',*,*,#4330,.T.);
#5970=ORIENTED_EDGE('',*,*,#4236,.T.);
#5971=ORIENTED_EDGE('',*,*,#4241,.T.);
#5972=ORIENTED_EDGE('',*,*,#4333,.T.);
#5973=ORIENTED_EDGE('',*,*,#4334,.F.);
#5974=ORIENTED_EDGE('',*,*,#4335,.F.);
#5975=ORIENTED_EDGE('',*,*,#4336,.F.);
#5976=ORIENTED_EDGE('',*,*,#4337,.F.);
#5977=ORIENTED_EDGE('',*,*,#4338,.F.);
#5978=ORIENTED_EDGE('',*,*,#4339,.F.);
#5979=ORIENTED_EDGE('',*,*,#4331,.T.);
#5980=ORIENTED_EDGE('',*,*,#4340,.T.);
#5981=ORIENTED_EDGE('',*,*,#4338,.T.);
#5982=ORIENTED_EDGE('',*,*,#4341,.T.);
#5983=ORIENTED_EDGE('',*,*,#4260,.T.);
#5984=ORIENTED_EDGE('',*,*,#4265,.T.);
#5985=ORIENTED_EDGE('',*,*,#4339,.T.);
#5986=ORIENTED_EDGE('',*,*,#4342,.T.);
#5987=ORIENTED_EDGE('',*,*,#4328,.F.);
#5988=ORIENTED_EDGE('',*,*,#4335,.T.);
#5989=ORIENTED_EDGE('',*,*,#4343,.T.);
#5990=ORIENTED_EDGE('',*,*,#4337,.T.);
#5991=ORIENTED_EDGE('',*,*,#4264,.T.);
#5992=ORIENTED_EDGE('',*,*,#4259,.T.);
#5993=ORIENTED_EDGE('',*,*,#4322,.T.);
#5994=ORIENTED_EDGE('',*,*,#4277,.T.);
#5995=ORIENTED_EDGE('',*,*,#4285,.T.);
#5996=ORIENTED_EDGE('',*,*,#4336,.T.);
#5997=ORIENTED_EDGE('',*,*,#4258,.T.);
#5998=ORIENTED_EDGE('',*,*,#4263,.T.);
#5999=ORIENTED_EDGE('',*,*,#4334,.T.);
#6000=ORIENTED_EDGE('',*,*,#4284,.T.);
#6001=ORIENTED_EDGE('',*,*,#4283,.T.);
#6002=ORIENTED_EDGE('',*,*,#4295,.T.);
#6003=ORIENTED_EDGE('',*,*,#4321,.T.);
#6004=ORIENTED_EDGE('',*,*,#4344,.T.);
#6005=ORIENTED_EDGE('',*,*,#4320,.T.);
#6006=ORIENTED_EDGE('',*,*,#4242,.T.);
#6007=ORIENTED_EDGE('',*,*,#4237,.T.);
#6008=ORIENTED_EDGE('',*,*,#4329,.T.);
#6009=ORIENTED_EDGE('',*,*,#4345,.T.);
#6010=ORIENTED_EDGE('',*,*,#4319,.T.);
#6011=ORIENTED_EDGE('',*,*,#4294,.T.);
#6012=ORIENTED_EDGE('',*,*,#4281,.T.);
#6013=ORIENTED_EDGE('',*,*,#4307,.T.);
#6014=ORIENTED_EDGE('',*,*,#4238,.T.);
#6015=ORIENTED_EDGE('',*,*,#4243,.T.);
#6016=ORIENTED_EDGE('',*,*,#4240,.T.);
#6017=ORIENTED_EDGE('',*,*,#4303,.T.);
#6018=ORIENTED_EDGE('',*,*,#4346,.T.);
#6019=ORIENTED_EDGE('',*,*,#4333,.F.);
#6020=ORIENTED_EDGE('',*,*,#4300,.T.);
#6021=ORIENTED_EDGE('',*,*,#4347,.T.);
#6022=ORIENTED_EDGE('',*,*,#4348,.T.);
#6023=ORIENTED_EDGE('',*,*,#4309,.T.);
#6024=ORIENTED_EDGE('',*,*,#4349,.T.);
#6025=ORIENTED_EDGE('',*,*,#4350,.T.);
#6026=ORIENTED_EDGE('',*,*,#4308,.T.);
#6027=ORIENTED_EDGE('',*,*,#4280,.T.);
#6028=ORIENTED_EDGE('',*,*,#4301,.T.);
#6029=ORIENTED_EDGE('',*,*,#4351,.T.);
#6030=ORIENTED_EDGE('',*,*,#4304,.T.);
#6031=ORIENTED_EDGE('',*,*,#4239,.T.);
#6032=ORIENTED_EDGE('',*,*,#4306,.T.);
#6033=ORIENTED_EDGE('',*,*,#4352,.T.);
#6034=ORIENTED_EDGE('',*,*,#4342,.F.);
#6035=ORIENTED_EDGE('',*,*,#4340,.F.);
#6036=ORIENTED_EDGE('',*,*,#4332,.F.);
#6037=ORIENTED_EDGE('',*,*,#4353,.T.);
#6038=ORIENTED_EDGE('',*,*,#4354,.F.);
#6039=ORIENTED_EDGE('',*,*,#4355,.T.);
#6040=ORIENTED_EDGE('',*,*,#4356,.T.);
#6041=ORIENTED_EDGE('',*,*,#4357,.F.);
#6042=ORIENTED_EDGE('',*,*,#4358,.T.);
#6043=ORIENTED_EDGE('',*,*,#4359,.T.);
#6044=ORIENTED_EDGE('',*,*,#4360,.F.);
#6045=ORIENTED_EDGE('',*,*,#4361,.T.);
#6046=ORIENTED_EDGE('',*,*,#4312,.F.);
#6047=ORIENTED_EDGE('',*,*,#4348,.F.);
#6048=ORIENTED_EDGE('',*,*,#4362,.T.);
#6049=ORIENTED_EDGE('',*,*,#4363,.T.);
#6050=ORIENTED_EDGE('',*,*,#4362,.F.);
#6051=ORIENTED_EDGE('',*,*,#4347,.F.);
#6052=ORIENTED_EDGE('',*,*,#4317,.F.);
#6053=ORIENTED_EDGE('',*,*,#4352,.F.);
#6054=ORIENTED_EDGE('',*,*,#4351,.F.);
#6055=ORIENTED_EDGE('',*,*,#4350,.F.);
#6056=ORIENTED_EDGE('',*,*,#4318,.F.);
#6057=ORIENTED_EDGE('',*,*,#4349,.F.);
#6058=ORIENTED_EDGE('',*,*,#4326,.F.);
#6059=ORIENTED_EDGE('',*,*,#4325,.F.);
#6060=ORIENTED_EDGE('',*,*,#4341,.F.);
#6061=ORIENTED_EDGE('',*,*,#4343,.F.);
#6062=ORIENTED_EDGE('',*,*,#4344,.F.);
#6063=ORIENTED_EDGE('',*,*,#4345,.F.);
#6064=ORIENTED_EDGE('',*,*,#4364,.F.);
#6065=ORIENTED_EDGE('',*,*,#4365,.F.);
#6066=ORIENTED_EDGE('',*,*,#4366,.F.);
#6067=ORIENTED_EDGE('',*,*,#4367,.F.);
#6068=ORIENTED_EDGE('',*,*,#4358,.F.);
#6069=ORIENTED_EDGE('',*,*,#4368,.T.);
#6070=ORIENTED_EDGE('',*,*,#4359,.F.);
#6071=ORIENTED_EDGE('',*,*,#4369,.T.);
#6072=ORIENTED_EDGE('',*,*,#4370,.F.);
#6073=ORIENTED_EDGE('',*,*,#4371,.T.);
#6074=ORIENTED_EDGE('',*,*,#4268,.F.);
#6075=ORIENTED_EDGE('',*,*,#4365,.T.);
#6076=ORIENTED_EDGE('',*,*,#4372,.F.);
#6077=ORIENTED_EDGE('',*,*,#4369,.F.);
#6078=ORIENTED_EDGE('',*,*,#4373,.F.);
#6079=ORIENTED_EDGE('',*,*,#4374,.F.);
#6080=ORIENTED_EDGE('',*,*,#4375,.F.);
#6081=ORIENTED_EDGE('',*,*,#4368,.F.);
#6082=ORIENTED_EDGE('',*,*,#4376,.F.);
#6083=ORIENTED_EDGE('',*,*,#4377,.F.);
#6084=ORIENTED_EDGE('',*,*,#4378,.F.);
#6085=ORIENTED_EDGE('',*,*,#4371,.F.);
#6086=ORIENTED_EDGE('',*,*,#4379,.F.);
#6087=ORIENTED_EDGE('',*,*,#4380,.F.);
#6088=ORIENTED_EDGE('',*,*,#4381,.F.);
#6089=ORIENTED_EDGE('',*,*,#4382,.F.);
#6090=ORIENTED_EDGE('',*,*,#4355,.F.);
#6091=ORIENTED_EDGE('',*,*,#4383,.T.);
#6092=ORIENTED_EDGE('',*,*,#4356,.F.);
#6093=ORIENTED_EDGE('',*,*,#4384,.T.);
#6094=ORIENTED_EDGE('',*,*,#4244,.F.);
#6095=ORIENTED_EDGE('',*,*,#4385,.T.);
#6096=ORIENTED_EDGE('',*,*,#4386,.F.);
#6097=ORIENTED_EDGE('',*,*,#4380,.T.);
#6098=ORIENTED_EDGE('',*,*,#4245,.F.);
#6099=ORIENTED_EDGE('',*,*,#4384,.F.);
#6100=ORIENTED_EDGE('',*,*,#4387,.F.);
#6101=ORIENTED_EDGE('',*,*,#4388,.F.);
#6102=ORIENTED_EDGE('',*,*,#4389,.F.);
#6103=ORIENTED_EDGE('',*,*,#4383,.F.);
#6104=ORIENTED_EDGE('',*,*,#4390,.F.);
#6105=ORIENTED_EDGE('',*,*,#4391,.F.);
#6106=ORIENTED_EDGE('',*,*,#4392,.F.);
#6107=ORIENTED_EDGE('',*,*,#4385,.F.);
#6108=ORIENTED_EDGE('',*,*,#4364,.T.);
#6109=ORIENTED_EDGE('',*,*,#4393,.T.);
#6110=ORIENTED_EDGE('',*,*,#4394,.T.);
#6111=ORIENTED_EDGE('',*,*,#4395,.F.);
#6112=ORIENTED_EDGE('',*,*,#4396,.F.);
#6113=ORIENTED_EDGE('',*,*,#4366,.T.);
#6114=ORIENTED_EDGE('',*,*,#4267,.F.);
#6115=ORIENTED_EDGE('',*,*,#4271,.F.);
#6116=ORIENTED_EDGE('',*,*,#4397,.T.);
#6117=ORIENTED_EDGE('',*,*,#4398,.T.);
#6118=ORIENTED_EDGE('',*,*,#4377,.T.);
#6119=ORIENTED_EDGE('',*,*,#4399,.F.);
#6120=ORIENTED_EDGE('',*,*,#4400,.F.);
#6121=ORIENTED_EDGE('',*,*,#4367,.T.);
#6122=ORIENTED_EDGE('',*,*,#4401,.F.);
#6123=ORIENTED_EDGE('',*,*,#4402,.F.);
#6124=ORIENTED_EDGE('',*,*,#4379,.T.);
#6125=ORIENTED_EDGE('',*,*,#4403,.T.);
#6126=ORIENTED_EDGE('',*,*,#4404,.T.);
#6127=ORIENTED_EDGE('',*,*,#4248,.F.);
#6128=ORIENTED_EDGE('',*,*,#4246,.F.);
#6129=ORIENTED_EDGE('',*,*,#4381,.T.);
#6130=ORIENTED_EDGE('',*,*,#4405,.F.);
#6131=ORIENTED_EDGE('',*,*,#4406,.F.);
#6132=ORIENTED_EDGE('',*,*,#4407,.T.);
#6133=ORIENTED_EDGE('',*,*,#4408,.T.);
#6134=ORIENTED_EDGE('',*,*,#4370,.T.);
#6135=ORIENTED_EDGE('',*,*,#4372,.T.);
#6136=ORIENTED_EDGE('',*,*,#4396,.T.);
#6137=ORIENTED_EDGE('',*,*,#4409,.T.);
#6138=ORIENTED_EDGE('',*,*,#4410,.T.);
#6139=ORIENTED_EDGE('',*,*,#4405,.T.);
#6140=ORIENTED_EDGE('',*,*,#4386,.T.);
#6141=ORIENTED_EDGE('',*,*,#4411,.T.);
#6142=ORIENTED_EDGE('',*,*,#4298,.T.);
#6143=ORIENTED_EDGE('',*,*,#4406,.T.);
#6144=ORIENTED_EDGE('',*,*,#4410,.F.);
#6145=ORIENTED_EDGE('',*,*,#4409,.F.);
#6146=ORIENTED_EDGE('',*,*,#4395,.T.);
#6147=ORIENTED_EDGE('',*,*,#4287,.T.);
#6148=ORIENTED_EDGE('',*,*,#4290,.T.);
#6149=ORIENTED_EDGE('',*,*,#4412,.T.);
#6150=ORIENTED_EDGE('',*,*,#4391,.T.);
#6151=ORIENTED_EDGE('',*,*,#4413,.F.);
#6152=ORIENTED_EDGE('',*,*,#4414,.F.);
#6153=ORIENTED_EDGE('',*,*,#4382,.T.);
#6154=ORIENTED_EDGE('',*,*,#4415,.F.);
#6155=ORIENTED_EDGE('',*,*,#4416,.F.);
#6156=ORIENTED_EDGE('',*,*,#4404,.F.);
#6157=ORIENTED_EDGE('',*,*,#4417,.F.);
#6158=ORIENTED_EDGE('',*,*,#4407,.F.);
#6159=ORIENTED_EDGE('',*,*,#4297,.F.);
#6160=ORIENTED_EDGE('',*,*,#4418,.F.);
#6161=ORIENTED_EDGE('',*,*,#4299,.F.);
#6162=ORIENTED_EDGE('',*,*,#4419,.F.);
#6163=ORIENTED_EDGE('',*,*,#4420,.F.);
#6164=ORIENTED_EDGE('',*,*,#4394,.F.);
#6165=ORIENTED_EDGE('',*,*,#4421,.F.);
#6166=ORIENTED_EDGE('',*,*,#4397,.F.);
#6167=ORIENTED_EDGE('',*,*,#4288,.F.);
#6168=ORIENTED_EDGE('',*,*,#4422,.F.);
#6169=ORIENTED_EDGE('',*,*,#4289,.F.);
#6170=ORIENTED_EDGE('',*,*,#4423,.F.);
#6171=ORIENTED_EDGE('',*,*,#4424,.F.);
#6172=ORIENTED_EDGE('',*,*,#4390,.T.);
#6173=ORIENTED_EDGE('',*,*,#4251,.F.);
#6174=ORIENTED_EDGE('',*,*,#4418,.T.);
#6175=ORIENTED_EDGE('',*,*,#4425,.T.);
#6176=ORIENTED_EDGE('',*,*,#4417,.T.);
#6177=ORIENTED_EDGE('',*,*,#4426,.F.);
#6178=ORIENTED_EDGE('',*,*,#4427,.F.);
#6179=ORIENTED_EDGE('',*,*,#4420,.T.);
#6180=ORIENTED_EDGE('',*,*,#4428,.F.);
#6181=ORIENTED_EDGE('',*,*,#4429,.F.);
#6182=ORIENTED_EDGE('',*,*,#4392,.T.);
#6183=ORIENTED_EDGE('',*,*,#4430,.T.);
#6184=ORIENTED_EDGE('',*,*,#4419,.T.);
#6185=ORIENTED_EDGE('',*,*,#4411,.F.);
#6186=ORIENTED_EDGE('',*,*,#4376,.T.);
#6187=ORIENTED_EDGE('',*,*,#4412,.F.);
#6188=ORIENTED_EDGE('',*,*,#4422,.T.);
#6189=ORIENTED_EDGE('',*,*,#4431,.T.);
#6190=ORIENTED_EDGE('',*,*,#4421,.T.);
#6191=ORIENTED_EDGE('',*,*,#4432,.F.);
#6192=ORIENTED_EDGE('',*,*,#4433,.F.);
#6193=ORIENTED_EDGE('',*,*,#4424,.T.);
#6194=ORIENTED_EDGE('',*,*,#4434,.F.);
#6195=ORIENTED_EDGE('',*,*,#4435,.F.);
#6196=ORIENTED_EDGE('',*,*,#4378,.T.);
#6197=ORIENTED_EDGE('',*,*,#4436,.T.);
#6198=ORIENTED_EDGE('',*,*,#4423,.T.);
#6199=ORIENTED_EDGE('',*,*,#4269,.F.);
#6200=ORIENTED_EDGE('',*,*,#4388,.T.);
#6201=ORIENTED_EDGE('',*,*,#4437,.F.);
#6202=ORIENTED_EDGE('',*,*,#4438,.F.);
#6203=ORIENTED_EDGE('',*,*,#4439,.F.);
#6204=ORIENTED_EDGE('',*,*,#4440,.F.);
#6205=ORIENTED_EDGE('',*,*,#4441,.F.);
#6206=ORIENTED_EDGE('',*,*,#4374,.T.);
#6207=ORIENTED_EDGE('',*,*,#4442,.F.);
#6208=ORIENTED_EDGE('',*,*,#4443,.F.);
#6209=ORIENTED_EDGE('',*,*,#4444,.F.);
#6210=ORIENTED_EDGE('',*,*,#4445,.F.);
#6211=ORIENTED_EDGE('',*,*,#4446,.F.);
#6212=ORIENTED_EDGE('',*,*,#4428,.T.);
#6213=ORIENTED_EDGE('',*,*,#4430,.F.);
#6214=ORIENTED_EDGE('',*,*,#4414,.T.);
#6215=ORIENTED_EDGE('',*,*,#4413,.T.);
#6216=ORIENTED_EDGE('',*,*,#4425,.F.);
#6217=ORIENTED_EDGE('',*,*,#4429,.T.);
#6218=ORIENTED_EDGE('',*,*,#4416,.T.);
#6219=ORIENTED_EDGE('',*,*,#4426,.T.);
#6220=ORIENTED_EDGE('',*,*,#4403,.F.);
#6221=ORIENTED_EDGE('',*,*,#4427,.T.);
#6222=ORIENTED_EDGE('',*,*,#4415,.T.);
#6223=ORIENTED_EDGE('',*,*,#4408,.F.);
#6224=ORIENTED_EDGE('',*,*,#4438,.T.);
#6225=ORIENTED_EDGE('',*,*,#4447,.F.);
#6226=ORIENTED_EDGE('',*,*,#4448,.F.);
#6227=ORIENTED_EDGE('',*,*,#4449,.T.);
#6228=ORIENTED_EDGE('',*,*,#4434,.T.);
#6229=ORIENTED_EDGE('',*,*,#4436,.F.);
#6230=ORIENTED_EDGE('',*,*,#4400,.T.);
#6231=ORIENTED_EDGE('',*,*,#4399,.T.);
#6232=ORIENTED_EDGE('',*,*,#4431,.F.);
#6233=ORIENTED_EDGE('',*,*,#4435,.T.);
#6234=ORIENTED_EDGE('',*,*,#4402,.T.);
#6235=ORIENTED_EDGE('',*,*,#4432,.T.);
#6236=ORIENTED_EDGE('',*,*,#4393,.F.);
#6237=ORIENTED_EDGE('',*,*,#4433,.T.);
#6238=ORIENTED_EDGE('',*,*,#4401,.T.);
#6239=ORIENTED_EDGE('',*,*,#4398,.F.);
#6240=ORIENTED_EDGE('',*,*,#4445,.T.);
#6241=ORIENTED_EDGE('',*,*,#4450,.T.);
#6242=ORIENTED_EDGE('',*,*,#4451,.T.);
#6243=ORIENTED_EDGE('',*,*,#4452,.F.);
#6244=ORIENTED_EDGE('',*,*,#4439,.T.);
#6245=ORIENTED_EDGE('',*,*,#4449,.F.);
#6246=ORIENTED_EDGE('',*,*,#4453,.F.);
#6247=ORIENTED_EDGE('',*,*,#4450,.F.);
#6248=ORIENTED_EDGE('',*,*,#4444,.T.);
#6249=ORIENTED_EDGE('',*,*,#4454,.F.);
#6250=ORIENTED_EDGE('',*,*,#4363,.F.);
#6251=ORIENTED_EDGE('',*,*,#4440,.T.);
#6252=ORIENTED_EDGE('',*,*,#4454,.T.);
#6253=ORIENTED_EDGE('',*,*,#4443,.T.);
#6254=ORIENTED_EDGE('',*,*,#4455,.F.);
#6255=ORIENTED_EDGE('',*,*,#4446,.T.);
#6256=ORIENTED_EDGE('',*,*,#4452,.T.);
#6257=ORIENTED_EDGE('',*,*,#4456,.T.);
#6258=ORIENTED_EDGE('',*,*,#4360,.T.);
#6259=ORIENTED_EDGE('',*,*,#4375,.T.);
#6260=ORIENTED_EDGE('',*,*,#4441,.T.);
#6261=ORIENTED_EDGE('',*,*,#4455,.T.);
#6262=ORIENTED_EDGE('',*,*,#4442,.T.);
#6263=ORIENTED_EDGE('',*,*,#4373,.T.);
#6264=ORIENTED_EDGE('',*,*,#4357,.T.);
#6265=ORIENTED_EDGE('',*,*,#4389,.T.);
#6266=ORIENTED_EDGE('',*,*,#4437,.T.);
#6267=ORIENTED_EDGE('',*,*,#4387,.T.);
#6268=ORIENTED_EDGE('',*,*,#4354,.T.);
#6269=ORIENTED_EDGE('',*,*,#4457,.T.);
#6270=ORIENTED_EDGE('',*,*,#4447,.T.);
#6271=ORIENTED_EDGE('',*,*,#4327,.F.);
#6272=ORIENTED_EDGE('',*,*,#4361,.F.);
#6273=ORIENTED_EDGE('',*,*,#4456,.F.);
#6274=ORIENTED_EDGE('',*,*,#4451,.F.);
#6275=ORIENTED_EDGE('',*,*,#4453,.T.);
#6276=ORIENTED_EDGE('',*,*,#4448,.T.);
#6277=ORIENTED_EDGE('',*,*,#4457,.F.);
#6278=ORIENTED_EDGE('',*,*,#4353,.F.);
#6279=ORIENTED_EDGE('',*,*,#4346,.F.);
#6280=ORIENTED_EDGE('',*,*,#4316,.F.);
#6281=ORIENTED_EDGE('',*,*,#4458,.T.);
#6282=ORIENTED_EDGE('',*,*,#4459,.T.);
#6283=ORIENTED_EDGE('',*,*,#4460,.T.);
#6284=ORIENTED_EDGE('',*,*,#4461,.T.);
#6285=ORIENTED_EDGE('',*,*,#4462,.T.);
#6286=ORIENTED_EDGE('',*,*,#4463,.T.);
#6287=ORIENTED_EDGE('',*,*,#4460,.F.);
#6288=ORIENTED_EDGE('',*,*,#4464,.T.);
#6289=ORIENTED_EDGE('',*,*,#4465,.T.);
#6290=ORIENTED_EDGE('',*,*,#4466,.T.);
#6291=ORIENTED_EDGE('',*,*,#4462,.F.);
#6292=ORIENTED_EDGE('',*,*,#4467,.T.);
#6293=ORIENTED_EDGE('',*,*,#4468,.T.);
#6294=ORIENTED_EDGE('',*,*,#4469,.T.);
#6295=ORIENTED_EDGE('',*,*,#4465,.F.);
#6296=ORIENTED_EDGE('',*,*,#4470,.T.);
#6297=ORIENTED_EDGE('',*,*,#4471,.T.);
#6298=ORIENTED_EDGE('',*,*,#4472,.T.);
#6299=ORIENTED_EDGE('',*,*,#4468,.F.);
#6300=ORIENTED_EDGE('',*,*,#4473,.T.);
#6301=ORIENTED_EDGE('',*,*,#4474,.T.);
#6302=ORIENTED_EDGE('',*,*,#4475,.T.);
#6303=ORIENTED_EDGE('',*,*,#4476,.F.);
#6304=ORIENTED_EDGE('',*,*,#4477,.T.);
#6305=ORIENTED_EDGE('',*,*,#4458,.F.);
#6306=ORIENTED_EDGE('',*,*,#4478,.T.);
#6307=ORIENTED_EDGE('',*,*,#4474,.F.);
#6308=ORIENTED_EDGE('',*,*,#4479,.T.);
#6309=ORIENTED_EDGE('',*,*,#4473,.F.);
#6310=ORIENTED_EDGE('',*,*,#4470,.F.);
#6311=ORIENTED_EDGE('',*,*,#4467,.F.);
#6312=ORIENTED_EDGE('',*,*,#4464,.F.);
#6313=ORIENTED_EDGE('',*,*,#4459,.F.);
#6314=ORIENTED_EDGE('',*,*,#4479,.F.);
#6315=ORIENTED_EDGE('',*,*,#4477,.F.);
#6316=ORIENTED_EDGE('',*,*,#4480,.F.);
#6317=ORIENTED_EDGE('',*,*,#4481,.F.);
#6318=ORIENTED_EDGE('',*,*,#4482,.F.);
#6319=ORIENTED_EDGE('',*,*,#4483,.F.);
#6320=ORIENTED_EDGE('',*,*,#4484,.F.);
#6321=ORIENTED_EDGE('',*,*,#4485,.F.);
#6322=ORIENTED_EDGE('',*,*,#4486,.F.);
#6323=ORIENTED_EDGE('',*,*,#4487,.F.);
#6324=ORIENTED_EDGE('',*,*,#4488,.F.);
#6325=ORIENTED_EDGE('',*,*,#4489,.F.);
#6326=ORIENTED_EDGE('',*,*,#4490,.F.);
#6327=ORIENTED_EDGE('',*,*,#4491,.F.);
#6328=ORIENTED_EDGE('',*,*,#4492,.F.);
#6329=ORIENTED_EDGE('',*,*,#4493,.F.);
#6330=ORIENTED_EDGE('',*,*,#4494,.F.);
#6331=ORIENTED_EDGE('',*,*,#4495,.F.);
#6332=ORIENTED_EDGE('',*,*,#4496,.F.);
#6333=ORIENTED_EDGE('',*,*,#4497,.F.);
#6334=ORIENTED_EDGE('',*,*,#4498,.F.);
#6335=ORIENTED_EDGE('',*,*,#4499,.F.);
#6336=ORIENTED_EDGE('',*,*,#4500,.F.);
#6337=ORIENTED_EDGE('',*,*,#4501,.F.);
#6338=ORIENTED_EDGE('',*,*,#4502,.F.);
#6339=ORIENTED_EDGE('',*,*,#4503,.F.);
#6340=ORIENTED_EDGE('',*,*,#4504,.F.);
#6341=ORIENTED_EDGE('',*,*,#4505,.F.);
#6342=ORIENTED_EDGE('',*,*,#4506,.F.);
#6343=ORIENTED_EDGE('',*,*,#4507,.F.);
#6344=ORIENTED_EDGE('',*,*,#4508,.F.);
#6345=ORIENTED_EDGE('',*,*,#4509,.F.);
#6346=ORIENTED_EDGE('',*,*,#4510,.F.);
#6347=ORIENTED_EDGE('',*,*,#4511,.F.);
#6348=ORIENTED_EDGE('',*,*,#4512,.F.);
#6349=ORIENTED_EDGE('',*,*,#4513,.F.);
#6350=ORIENTED_EDGE('',*,*,#4514,.F.);
#6351=ORIENTED_EDGE('',*,*,#4515,.F.);
#6352=ORIENTED_EDGE('',*,*,#4516,.F.);
#6353=ORIENTED_EDGE('',*,*,#4517,.F.);
#6354=ORIENTED_EDGE('',*,*,#4518,.F.);
#6355=ORIENTED_EDGE('',*,*,#4519,.F.);
#6356=ORIENTED_EDGE('',*,*,#4520,.F.);
#6357=ORIENTED_EDGE('',*,*,#4521,.F.);
#6358=ORIENTED_EDGE('',*,*,#4522,.F.);
#6359=ORIENTED_EDGE('',*,*,#4523,.F.);
#6360=ORIENTED_EDGE('',*,*,#4524,.F.);
#6361=ORIENTED_EDGE('',*,*,#4525,.F.);
#6362=ORIENTED_EDGE('',*,*,#4526,.F.);
#6363=ORIENTED_EDGE('',*,*,#4527,.F.);
#6364=ORIENTED_EDGE('',*,*,#4528,.F.);
#6365=ORIENTED_EDGE('',*,*,#4529,.F.);
#6366=ORIENTED_EDGE('',*,*,#4530,.F.);
#6367=ORIENTED_EDGE('',*,*,#4531,.F.);
#6368=ORIENTED_EDGE('',*,*,#4532,.F.);
#6369=ORIENTED_EDGE('',*,*,#4533,.F.);
#6370=ORIENTED_EDGE('',*,*,#4534,.F.);
#6371=ORIENTED_EDGE('',*,*,#4535,.F.);
#6372=ORIENTED_EDGE('',*,*,#4536,.F.);
#6373=ORIENTED_EDGE('',*,*,#4537,.F.);
#6374=ORIENTED_EDGE('',*,*,#4538,.F.);
#6375=ORIENTED_EDGE('',*,*,#4539,.F.);
#6376=ORIENTED_EDGE('',*,*,#4540,.F.);
#6377=ORIENTED_EDGE('',*,*,#4541,.F.);
#6378=ORIENTED_EDGE('',*,*,#4542,.F.);
#6379=ORIENTED_EDGE('',*,*,#4543,.F.);
#6380=ORIENTED_EDGE('',*,*,#4544,.F.);
#6381=ORIENTED_EDGE('',*,*,#4545,.F.);
#6382=ORIENTED_EDGE('',*,*,#4546,.F.);
#6383=ORIENTED_EDGE('',*,*,#4547,.F.);
#6384=ORIENTED_EDGE('',*,*,#4548,.F.);
#6385=ORIENTED_EDGE('',*,*,#4549,.F.);
#6386=ORIENTED_EDGE('',*,*,#4550,.F.);
#6387=ORIENTED_EDGE('',*,*,#4551,.F.);
#6388=ORIENTED_EDGE('',*,*,#4552,.F.);
#6389=ORIENTED_EDGE('',*,*,#4553,.F.);
#6390=ORIENTED_EDGE('',*,*,#4554,.F.);
#6391=ORIENTED_EDGE('',*,*,#4555,.F.);
#6392=ORIENTED_EDGE('',*,*,#4556,.F.);
#6393=ORIENTED_EDGE('',*,*,#4557,.F.);
#6394=ORIENTED_EDGE('',*,*,#4558,.F.);
#6395=ORIENTED_EDGE('',*,*,#4559,.F.);
#6396=ORIENTED_EDGE('',*,*,#4560,.F.);
#6397=ORIENTED_EDGE('',*,*,#4561,.F.);
#6398=ORIENTED_EDGE('',*,*,#4562,.F.);
#6399=ORIENTED_EDGE('',*,*,#4563,.F.);
#6400=ORIENTED_EDGE('',*,*,#4564,.F.);
#6401=ORIENTED_EDGE('',*,*,#4565,.F.);
#6402=ORIENTED_EDGE('',*,*,#4566,.F.);
#6403=ORIENTED_EDGE('',*,*,#4567,.F.);
#6404=ORIENTED_EDGE('',*,*,#4568,.F.);
#6405=ORIENTED_EDGE('',*,*,#4569,.F.);
#6406=ORIENTED_EDGE('',*,*,#4570,.F.);
#6407=ORIENTED_EDGE('',*,*,#4571,.F.);
#6408=ORIENTED_EDGE('',*,*,#4572,.F.);
#6409=ORIENTED_EDGE('',*,*,#4573,.F.);
#6410=ORIENTED_EDGE('',*,*,#4574,.F.);
#6411=ORIENTED_EDGE('',*,*,#4575,.F.);
#6412=ORIENTED_EDGE('',*,*,#4576,.F.);
#6413=ORIENTED_EDGE('',*,*,#4577,.F.);
#6414=ORIENTED_EDGE('',*,*,#4578,.F.);
#6415=ORIENTED_EDGE('',*,*,#4579,.F.);
#6416=ORIENTED_EDGE('',*,*,#4580,.F.);
#6417=ORIENTED_EDGE('',*,*,#4581,.F.);
#6418=ORIENTED_EDGE('',*,*,#4582,.F.);
#6419=ORIENTED_EDGE('',*,*,#4583,.F.);
#6420=ORIENTED_EDGE('',*,*,#4584,.F.);
#6421=ORIENTED_EDGE('',*,*,#4585,.F.);
#6422=ORIENTED_EDGE('',*,*,#4586,.F.);
#6423=ORIENTED_EDGE('',*,*,#4587,.F.);
#6424=ORIENTED_EDGE('',*,*,#4588,.F.);
#6425=ORIENTED_EDGE('',*,*,#4589,.F.);
#6426=ORIENTED_EDGE('',*,*,#4590,.F.);
#6427=ORIENTED_EDGE('',*,*,#4591,.F.);
#6428=ORIENTED_EDGE('',*,*,#4592,.F.);
#6429=ORIENTED_EDGE('',*,*,#4593,.F.);
#6430=ORIENTED_EDGE('',*,*,#4594,.F.);
#6431=ORIENTED_EDGE('',*,*,#4595,.F.);
#6432=ORIENTED_EDGE('',*,*,#4596,.F.);
#6433=ORIENTED_EDGE('',*,*,#4597,.F.);
#6434=ORIENTED_EDGE('',*,*,#4598,.F.);
#6435=ORIENTED_EDGE('',*,*,#4599,.F.);
#6436=ORIENTED_EDGE('',*,*,#4600,.F.);
#6437=ORIENTED_EDGE('',*,*,#4601,.F.);
#6438=ORIENTED_EDGE('',*,*,#4602,.F.);
#6439=ORIENTED_EDGE('',*,*,#4603,.F.);
#6440=ORIENTED_EDGE('',*,*,#4604,.T.);
#6441=ORIENTED_EDGE('',*,*,#4605,.F.);
#6442=ORIENTED_EDGE('',*,*,#4606,.F.);
#6443=ORIENTED_EDGE('',*,*,#4475,.F.);
#6444=ORIENTED_EDGE('',*,*,#4607,.T.);
#6445=ORIENTED_EDGE('',*,*,#4608,.F.);
#6446=ORIENTED_EDGE('',*,*,#4604,.F.);
#6447=ORIENTED_EDGE('',*,*,#4478,.F.);
#6448=ORIENTED_EDGE('',*,*,#4609,.T.);
#6449=ORIENTED_EDGE('',*,*,#4610,.F.);
#6450=ORIENTED_EDGE('',*,*,#4607,.F.);
#6451=ORIENTED_EDGE('',*,*,#4461,.F.);
#6452=ORIENTED_EDGE('',*,*,#4611,.T.);
#6453=ORIENTED_EDGE('',*,*,#4612,.F.);
#6454=ORIENTED_EDGE('',*,*,#4609,.F.);
#6455=ORIENTED_EDGE('',*,*,#4613,.T.);
#6456=ORIENTED_EDGE('',*,*,#4574,.T.);
#6457=ORIENTED_EDGE('',*,*,#4614,.T.);
#6458=ORIENTED_EDGE('',*,*,#4615,.T.);
#6459=ORIENTED_EDGE('',*,*,#4616,.T.);
#6460=ORIENTED_EDGE('',*,*,#4617,.T.);
#6461=ORIENTED_EDGE('',*,*,#4614,.F.);
#6462=ORIENTED_EDGE('',*,*,#4573,.T.);
#6463=ORIENTED_EDGE('',*,*,#4618,.T.);
#6464=ORIENTED_EDGE('',*,*,#4619,.T.);
#6465=ORIENTED_EDGE('',*,*,#4616,.F.);
#6466=ORIENTED_EDGE('',*,*,#4572,.T.);
#6467=ORIENTED_EDGE('',*,*,#4620,.T.);
#6468=ORIENTED_EDGE('',*,*,#4621,.T.);
#6469=ORIENTED_EDGE('',*,*,#4618,.F.);
#6470=ORIENTED_EDGE('',*,*,#4571,.T.);
#6471=ORIENTED_EDGE('',*,*,#4622,.T.);
#6472=ORIENTED_EDGE('',*,*,#4623,.T.);
#6473=ORIENTED_EDGE('',*,*,#4620,.F.);
#6474=ORIENTED_EDGE('',*,*,#4570,.T.);
#6475=ORIENTED_EDGE('',*,*,#4624,.T.);
#6476=ORIENTED_EDGE('',*,*,#4625,.T.);
#6477=ORIENTED_EDGE('',*,*,#4626,.F.);
#6478=ORIENTED_EDGE('',*,*,#4576,.T.);
#6479=ORIENTED_EDGE('',*,*,#4613,.F.);
#6480=ORIENTED_EDGE('',*,*,#4627,.T.);
#6481=ORIENTED_EDGE('',*,*,#4624,.F.);
#6482=ORIENTED_EDGE('',*,*,#4575,.T.);
#6483=ORIENTED_EDGE('',*,*,#4628,.F.);
#6484=ORIENTED_EDGE('',*,*,#4629,.T.);
#6485=ORIENTED_EDGE('',*,*,#4630,.F.);
#6486=ORIENTED_EDGE('',*,*,#4631,.F.);
#6487=ORIENTED_EDGE('',*,*,#4625,.F.);
#6488=ORIENTED_EDGE('',*,*,#4632,.T.);
#6489=ORIENTED_EDGE('',*,*,#4633,.F.);
#6490=ORIENTED_EDGE('',*,*,#4629,.F.);
#6491=ORIENTED_EDGE('',*,*,#4627,.F.);
#6492=ORIENTED_EDGE('',*,*,#4634,.T.);
#6493=ORIENTED_EDGE('',*,*,#4635,.F.);
#6494=ORIENTED_EDGE('',*,*,#4632,.F.);
#6495=ORIENTED_EDGE('',*,*,#4615,.F.);
#6496=ORIENTED_EDGE('',*,*,#4636,.T.);
#6497=ORIENTED_EDGE('',*,*,#4637,.F.);
#6498=ORIENTED_EDGE('',*,*,#4634,.F.);
#6499=ORIENTED_EDGE('',*,*,#4638,.T.);
#6500=ORIENTED_EDGE('',*,*,#4493,.T.);
#6501=ORIENTED_EDGE('',*,*,#4639,.T.);
#6502=ORIENTED_EDGE('',*,*,#4640,.T.);
#6503=ORIENTED_EDGE('',*,*,#4641,.T.);
#6504=ORIENTED_EDGE('',*,*,#4642,.T.);
#6505=ORIENTED_EDGE('',*,*,#4639,.F.);
#6506=ORIENTED_EDGE('',*,*,#4492,.T.);
#6507=ORIENTED_EDGE('',*,*,#4643,.T.);
#6508=ORIENTED_EDGE('',*,*,#4644,.T.);
#6509=ORIENTED_EDGE('',*,*,#4641,.F.);
#6510=ORIENTED_EDGE('',*,*,#4491,.T.);
#6511=ORIENTED_EDGE('',*,*,#4645,.T.);
#6512=ORIENTED_EDGE('',*,*,#4646,.T.);
#6513=ORIENTED_EDGE('',*,*,#4643,.F.);
#6514=ORIENTED_EDGE('',*,*,#4490,.T.);
#6515=ORIENTED_EDGE('',*,*,#4647,.T.);
#6516=ORIENTED_EDGE('',*,*,#4648,.T.);
#6517=ORIENTED_EDGE('',*,*,#4645,.F.);
#6518=ORIENTED_EDGE('',*,*,#4489,.T.);
#6519=ORIENTED_EDGE('',*,*,#4649,.T.);
#6520=ORIENTED_EDGE('',*,*,#4650,.T.);
#6521=ORIENTED_EDGE('',*,*,#4651,.F.);
#6522=ORIENTED_EDGE('',*,*,#4495,.T.);
#6523=ORIENTED_EDGE('',*,*,#4638,.F.);
#6524=ORIENTED_EDGE('',*,*,#4652,.T.);
#6525=ORIENTED_EDGE('',*,*,#4649,.F.);
#6526=ORIENTED_EDGE('',*,*,#4494,.T.);
#6527=ORIENTED_EDGE('',*,*,#4653,.F.);
#6528=ORIENTED_EDGE('',*,*,#4654,.T.);
#6529=ORIENTED_EDGE('',*,*,#4655,.F.);
#6530=ORIENTED_EDGE('',*,*,#4656,.F.);
#6531=ORIENTED_EDGE('',*,*,#4650,.F.);
#6532=ORIENTED_EDGE('',*,*,#4657,.T.);
#6533=ORIENTED_EDGE('',*,*,#4658,.F.);
#6534=ORIENTED_EDGE('',*,*,#4654,.F.);
#6535=ORIENTED_EDGE('',*,*,#4652,.F.);
#6536=ORIENTED_EDGE('',*,*,#4659,.T.);
#6537=ORIENTED_EDGE('',*,*,#4660,.F.);
#6538=ORIENTED_EDGE('',*,*,#4657,.F.);
#6539=ORIENTED_EDGE('',*,*,#4640,.F.);
#6540=ORIENTED_EDGE('',*,*,#4661,.T.);
#6541=ORIENTED_EDGE('',*,*,#4662,.F.);
#6542=ORIENTED_EDGE('',*,*,#4659,.F.);
#6543=ORIENTED_EDGE('',*,*,#4663,.T.);
#6544=ORIENTED_EDGE('',*,*,#4485,.T.);
#6545=ORIENTED_EDGE('',*,*,#4664,.T.);
#6546=ORIENTED_EDGE('',*,*,#4665,.T.);
#6547=ORIENTED_EDGE('',*,*,#4666,.T.);
#6548=ORIENTED_EDGE('',*,*,#4667,.T.);
#6549=ORIENTED_EDGE('',*,*,#4664,.F.);
#6550=ORIENTED_EDGE('',*,*,#4484,.T.);
#6551=ORIENTED_EDGE('',*,*,#4668,.T.);
#6552=ORIENTED_EDGE('',*,*,#4669,.T.);
#6553=ORIENTED_EDGE('',*,*,#4666,.F.);
#6554=ORIENTED_EDGE('',*,*,#4483,.T.);
#6555=ORIENTED_EDGE('',*,*,#4670,.T.);
#6556=ORIENTED_EDGE('',*,*,#4671,.T.);
#6557=ORIENTED_EDGE('',*,*,#4668,.F.);
#6558=ORIENTED_EDGE('',*,*,#4482,.T.);
#6559=ORIENTED_EDGE('',*,*,#4672,.T.);
#6560=ORIENTED_EDGE('',*,*,#4673,.T.);
#6561=ORIENTED_EDGE('',*,*,#4670,.F.);
#6562=ORIENTED_EDGE('',*,*,#4481,.T.);
#6563=ORIENTED_EDGE('',*,*,#4674,.T.);
#6564=ORIENTED_EDGE('',*,*,#4675,.T.);
#6565=ORIENTED_EDGE('',*,*,#4676,.F.);
#6566=ORIENTED_EDGE('',*,*,#4487,.T.);
#6567=ORIENTED_EDGE('',*,*,#4663,.F.);
#6568=ORIENTED_EDGE('',*,*,#4677,.T.);
#6569=ORIENTED_EDGE('',*,*,#4674,.F.);
#6570=ORIENTED_EDGE('',*,*,#4486,.T.);
#6571=ORIENTED_EDGE('',*,*,#4678,.F.);
#6572=ORIENTED_EDGE('',*,*,#4679,.T.);
#6573=ORIENTED_EDGE('',*,*,#4680,.F.);
#6574=ORIENTED_EDGE('',*,*,#4681,.F.);
#6575=ORIENTED_EDGE('',*,*,#4675,.F.);
#6576=ORIENTED_EDGE('',*,*,#4682,.T.);
#6577=ORIENTED_EDGE('',*,*,#4683,.F.);
#6578=ORIENTED_EDGE('',*,*,#4679,.F.);
#6579=ORIENTED_EDGE('',*,*,#4677,.F.);
#6580=ORIENTED_EDGE('',*,*,#4684,.T.);
#6581=ORIENTED_EDGE('',*,*,#4685,.F.);
#6582=ORIENTED_EDGE('',*,*,#4682,.F.);
#6583=ORIENTED_EDGE('',*,*,#4665,.F.);
#6584=ORIENTED_EDGE('',*,*,#4686,.T.);
#6585=ORIENTED_EDGE('',*,*,#4687,.F.);
#6586=ORIENTED_EDGE('',*,*,#4684,.F.);
#6587=ORIENTED_EDGE('',*,*,#4688,.T.);
#6588=ORIENTED_EDGE('',*,*,#4590,.T.);
#6589=ORIENTED_EDGE('',*,*,#4689,.T.);
#6590=ORIENTED_EDGE('',*,*,#4690,.T.);
#6591=ORIENTED_EDGE('',*,*,#4691,.T.);
#6592=ORIENTED_EDGE('',*,*,#4692,.T.);
#6593=ORIENTED_EDGE('',*,*,#4689,.F.);
#6594=ORIENTED_EDGE('',*,*,#4589,.T.);
#6595=ORIENTED_EDGE('',*,*,#4693,.T.);
#6596=ORIENTED_EDGE('',*,*,#4694,.T.);
#6597=ORIENTED_EDGE('',*,*,#4691,.F.);
#6598=ORIENTED_EDGE('',*,*,#4588,.T.);
#6599=ORIENTED_EDGE('',*,*,#4695,.T.);
#6600=ORIENTED_EDGE('',*,*,#4696,.T.);
#6601=ORIENTED_EDGE('',*,*,#4693,.F.);
#6602=ORIENTED_EDGE('',*,*,#4587,.T.);
#6603=ORIENTED_EDGE('',*,*,#4697,.T.);
#6604=ORIENTED_EDGE('',*,*,#4698,.T.);
#6605=ORIENTED_EDGE('',*,*,#4695,.F.);
#6606=ORIENTED_EDGE('',*,*,#4586,.T.);
#6607=ORIENTED_EDGE('',*,*,#4699,.T.);
#6608=ORIENTED_EDGE('',*,*,#4700,.T.);
#6609=ORIENTED_EDGE('',*,*,#4701,.F.);
#6610=ORIENTED_EDGE('',*,*,#4592,.T.);
#6611=ORIENTED_EDGE('',*,*,#4688,.F.);
#6612=ORIENTED_EDGE('',*,*,#4702,.T.);
#6613=ORIENTED_EDGE('',*,*,#4699,.F.);
#6614=ORIENTED_EDGE('',*,*,#4591,.T.);
#6615=ORIENTED_EDGE('',*,*,#4703,.F.);
#6616=ORIENTED_EDGE('',*,*,#4704,.T.);
#6617=ORIENTED_EDGE('',*,*,#4705,.F.);
#6618=ORIENTED_EDGE('',*,*,#4706,.F.);
#6619=ORIENTED_EDGE('',*,*,#4700,.F.);
#6620=ORIENTED_EDGE('',*,*,#4707,.T.);
#6621=ORIENTED_EDGE('',*,*,#4708,.F.);
#6622=ORIENTED_EDGE('',*,*,#4704,.F.);
#6623=ORIENTED_EDGE('',*,*,#4702,.F.);
#6624=ORIENTED_EDGE('',*,*,#4709,.T.);
#6625=ORIENTED_EDGE('',*,*,#4710,.F.);
#6626=ORIENTED_EDGE('',*,*,#4707,.F.);
#6627=ORIENTED_EDGE('',*,*,#4690,.F.);
#6628=ORIENTED_EDGE('',*,*,#4711,.T.);
#6629=ORIENTED_EDGE('',*,*,#4712,.F.);
#6630=ORIENTED_EDGE('',*,*,#4709,.F.);
#6631=ORIENTED_EDGE('',*,*,#4713,.T.);
#6632=ORIENTED_EDGE('',*,*,#4582,.T.);
#6633=ORIENTED_EDGE('',*,*,#4714,.T.);
#6634=ORIENTED_EDGE('',*,*,#4715,.T.);
#6635=ORIENTED_EDGE('',*,*,#4716,.T.);
#6636=ORIENTED_EDGE('',*,*,#4717,.T.);
#6637=ORIENTED_EDGE('',*,*,#4714,.F.);
#6638=ORIENTED_EDGE('',*,*,#4581,.T.);
#6639=ORIENTED_EDGE('',*,*,#4718,.T.);
#6640=ORIENTED_EDGE('',*,*,#4719,.T.);
#6641=ORIENTED_EDGE('',*,*,#4716,.F.);
#6642=ORIENTED_EDGE('',*,*,#4580,.T.);
#6643=ORIENTED_EDGE('',*,*,#4720,.T.);
#6644=ORIENTED_EDGE('',*,*,#4721,.T.);
#6645=ORIENTED_EDGE('',*,*,#4718,.F.);
#6646=ORIENTED_EDGE('',*,*,#4579,.T.);
#6647=ORIENTED_EDGE('',*,*,#4722,.T.);
#6648=ORIENTED_EDGE('',*,*,#4723,.T.);
#6649=ORIENTED_EDGE('',*,*,#4720,.F.);
#6650=ORIENTED_EDGE('',*,*,#4578,.T.);
#6651=ORIENTED_EDGE('',*,*,#4724,.T.);
#6652=ORIENTED_EDGE('',*,*,#4725,.T.);
#6653=ORIENTED_EDGE('',*,*,#4726,.F.);
#6654=ORIENTED_EDGE('',*,*,#4584,.T.);
#6655=ORIENTED_EDGE('',*,*,#4713,.F.);
#6656=ORIENTED_EDGE('',*,*,#4727,.T.);
#6657=ORIENTED_EDGE('',*,*,#4724,.F.);
#6658=ORIENTED_EDGE('',*,*,#4583,.T.);
#6659=ORIENTED_EDGE('',*,*,#4728,.F.);
#6660=ORIENTED_EDGE('',*,*,#4729,.T.);
#6661=ORIENTED_EDGE('',*,*,#4730,.F.);
#6662=ORIENTED_EDGE('',*,*,#4731,.F.);
#6663=ORIENTED_EDGE('',*,*,#4725,.F.);
#6664=ORIENTED_EDGE('',*,*,#4732,.T.);
#6665=ORIENTED_EDGE('',*,*,#4733,.F.);
#6666=ORIENTED_EDGE('',*,*,#4729,.F.);
#6667=ORIENTED_EDGE('',*,*,#4727,.F.);
#6668=ORIENTED_EDGE('',*,*,#4734,.T.);
#6669=ORIENTED_EDGE('',*,*,#4735,.F.);
#6670=ORIENTED_EDGE('',*,*,#4732,.F.);
#6671=ORIENTED_EDGE('',*,*,#4715,.F.);
#6672=ORIENTED_EDGE('',*,*,#4736,.T.);
#6673=ORIENTED_EDGE('',*,*,#4737,.F.);
#6674=ORIENTED_EDGE('',*,*,#4734,.F.);
#6675=ORIENTED_EDGE('',*,*,#4738,.T.);
#6676=ORIENTED_EDGE('',*,*,#4540,.T.);
#6677=ORIENTED_EDGE('',*,*,#4739,.T.);
#6678=ORIENTED_EDGE('',*,*,#4740,.T.);
#6679=ORIENTED_EDGE('',*,*,#4741,.T.);
#6680=ORIENTED_EDGE('',*,*,#4742,.T.);
#6681=ORIENTED_EDGE('',*,*,#4739,.F.);
#6682=ORIENTED_EDGE('',*,*,#4539,.T.);
#6683=ORIENTED_EDGE('',*,*,#4743,.T.);
#6684=ORIENTED_EDGE('',*,*,#4744,.T.);
#6685=ORIENTED_EDGE('',*,*,#4741,.F.);
#6686=ORIENTED_EDGE('',*,*,#4538,.T.);
#6687=ORIENTED_EDGE('',*,*,#4745,.T.);
#6688=ORIENTED_EDGE('',*,*,#4746,.T.);
#6689=ORIENTED_EDGE('',*,*,#4747,.F.);
#6690=ORIENTED_EDGE('',*,*,#4544,.T.);
#6691=ORIENTED_EDGE('',*,*,#4748,.T.);
#6692=ORIENTED_EDGE('',*,*,#4749,.T.);
#6693=ORIENTED_EDGE('',*,*,#4745,.F.);
#6694=ORIENTED_EDGE('',*,*,#4543,.T.);
#6695=ORIENTED_EDGE('',*,*,#4750,.T.);
#6696=ORIENTED_EDGE('',*,*,#4751,.T.);
#6697=ORIENTED_EDGE('',*,*,#4748,.F.);
#6698=ORIENTED_EDGE('',*,*,#4542,.T.);
#6699=ORIENTED_EDGE('',*,*,#4738,.F.);
#6700=ORIENTED_EDGE('',*,*,#4752,.T.);
#6701=ORIENTED_EDGE('',*,*,#4750,.F.);
#6702=ORIENTED_EDGE('',*,*,#4541,.T.);
#6703=ORIENTED_EDGE('',*,*,#4749,.F.);
#6704=ORIENTED_EDGE('',*,*,#4753,.T.);
#6705=ORIENTED_EDGE('',*,*,#4754,.F.);
#6706=ORIENTED_EDGE('',*,*,#4755,.F.);
#6707=ORIENTED_EDGE('',*,*,#4751,.F.);
#6708=ORIENTED_EDGE('',*,*,#4756,.T.);
#6709=ORIENTED_EDGE('',*,*,#4757,.F.);
#6710=ORIENTED_EDGE('',*,*,#4753,.F.);
#6711=ORIENTED_EDGE('',*,*,#4752,.F.);
#6712=ORIENTED_EDGE('',*,*,#4758,.T.);
#6713=ORIENTED_EDGE('',*,*,#4759,.F.);
#6714=ORIENTED_EDGE('',*,*,#4756,.F.);
#6715=ORIENTED_EDGE('',*,*,#4740,.F.);
#6716=ORIENTED_EDGE('',*,*,#4760,.T.);
#6717=ORIENTED_EDGE('',*,*,#4761,.F.);
#6718=ORIENTED_EDGE('',*,*,#4758,.F.);
#6719=ORIENTED_EDGE('',*,*,#4762,.T.);
#6720=ORIENTED_EDGE('',*,*,#4763,.T.);
#6721=ORIENTED_EDGE('',*,*,#4764,.F.);
#6722=ORIENTED_EDGE('',*,*,#4536,.T.);
#6723=ORIENTED_EDGE('',*,*,#4765,.T.);
#6724=ORIENTED_EDGE('',*,*,#4766,.T.);
#6725=ORIENTED_EDGE('',*,*,#4762,.F.);
#6726=ORIENTED_EDGE('',*,*,#4535,.T.);
#6727=ORIENTED_EDGE('',*,*,#4767,.T.);
#6728=ORIENTED_EDGE('',*,*,#4768,.T.);
#6729=ORIENTED_EDGE('',*,*,#4765,.F.);
#6730=ORIENTED_EDGE('',*,*,#4534,.T.);
#6731=ORIENTED_EDGE('',*,*,#4769,.T.);
#6732=ORIENTED_EDGE('',*,*,#4770,.T.);
#6733=ORIENTED_EDGE('',*,*,#4767,.F.);
#6734=ORIENTED_EDGE('',*,*,#4533,.T.);
#6735=ORIENTED_EDGE('',*,*,#4771,.T.);
#6736=ORIENTED_EDGE('',*,*,#4772,.T.);
#6737=ORIENTED_EDGE('',*,*,#4769,.F.);
#6738=ORIENTED_EDGE('',*,*,#4532,.T.);
#6739=ORIENTED_EDGE('',*,*,#4773,.T.);
#6740=ORIENTED_EDGE('',*,*,#4774,.T.);
#6741=ORIENTED_EDGE('',*,*,#4771,.F.);
#6742=ORIENTED_EDGE('',*,*,#4531,.T.);
#6743=ORIENTED_EDGE('',*,*,#4775,.F.);
#6744=ORIENTED_EDGE('',*,*,#4776,.T.);
#6745=ORIENTED_EDGE('',*,*,#4773,.F.);
#6746=ORIENTED_EDGE('',*,*,#4530,.T.);
#6747=ORIENTED_EDGE('',*,*,#4772,.F.);
#6748=ORIENTED_EDGE('',*,*,#4777,.T.);
#6749=ORIENTED_EDGE('',*,*,#4778,.F.);
#6750=ORIENTED_EDGE('',*,*,#4779,.F.);
#6751=ORIENTED_EDGE('',*,*,#4774,.F.);
#6752=ORIENTED_EDGE('',*,*,#4780,.T.);
#6753=ORIENTED_EDGE('',*,*,#4781,.F.);
#6754=ORIENTED_EDGE('',*,*,#4777,.F.);
#6755=ORIENTED_EDGE('',*,*,#4776,.F.);
#6756=ORIENTED_EDGE('',*,*,#4782,.T.);
#6757=ORIENTED_EDGE('',*,*,#4783,.F.);
#6758=ORIENTED_EDGE('',*,*,#4780,.F.);
#6759=ORIENTED_EDGE('',*,*,#4784,.F.);
#6760=ORIENTED_EDGE('',*,*,#4785,.T.);
#6761=ORIENTED_EDGE('',*,*,#4786,.F.);
#6762=ORIENTED_EDGE('',*,*,#4782,.F.);
#6763=ORIENTED_EDGE('',*,*,#4787,.T.);
#6764=ORIENTED_EDGE('',*,*,#4788,.T.);
#6765=ORIENTED_EDGE('',*,*,#4789,.F.);
#6766=ORIENTED_EDGE('',*,*,#4528,.T.);
#6767=ORIENTED_EDGE('',*,*,#4790,.T.);
#6768=ORIENTED_EDGE('',*,*,#4791,.T.);
#6769=ORIENTED_EDGE('',*,*,#4787,.F.);
#6770=ORIENTED_EDGE('',*,*,#4527,.T.);
#6771=ORIENTED_EDGE('',*,*,#4792,.T.);
#6772=ORIENTED_EDGE('',*,*,#4793,.T.);
#6773=ORIENTED_EDGE('',*,*,#4790,.F.);
#6774=ORIENTED_EDGE('',*,*,#4526,.T.);
#6775=ORIENTED_EDGE('',*,*,#4794,.T.);
#6776=ORIENTED_EDGE('',*,*,#4795,.T.);
#6777=ORIENTED_EDGE('',*,*,#4792,.F.);
#6778=ORIENTED_EDGE('',*,*,#4525,.T.);
#6779=ORIENTED_EDGE('',*,*,#4796,.T.);
#6780=ORIENTED_EDGE('',*,*,#4797,.T.);
#6781=ORIENTED_EDGE('',*,*,#4794,.F.);
#6782=ORIENTED_EDGE('',*,*,#4524,.T.);
#6783=ORIENTED_EDGE('',*,*,#4798,.T.);
#6784=ORIENTED_EDGE('',*,*,#4799,.T.);
#6785=ORIENTED_EDGE('',*,*,#4796,.F.);
#6786=ORIENTED_EDGE('',*,*,#4523,.T.);
#6787=ORIENTED_EDGE('',*,*,#4800,.F.);
#6788=ORIENTED_EDGE('',*,*,#4801,.T.);
#6789=ORIENTED_EDGE('',*,*,#4798,.F.);
#6790=ORIENTED_EDGE('',*,*,#4522,.T.);
#6791=ORIENTED_EDGE('',*,*,#4797,.F.);
#6792=ORIENTED_EDGE('',*,*,#4802,.T.);
#6793=ORIENTED_EDGE('',*,*,#4803,.F.);
#6794=ORIENTED_EDGE('',*,*,#4804,.F.);
#6795=ORIENTED_EDGE('',*,*,#4799,.F.);
#6796=ORIENTED_EDGE('',*,*,#4805,.T.);
#6797=ORIENTED_EDGE('',*,*,#4806,.F.);
#6798=ORIENTED_EDGE('',*,*,#4802,.F.);
#6799=ORIENTED_EDGE('',*,*,#4801,.F.);
#6800=ORIENTED_EDGE('',*,*,#4807,.T.);
#6801=ORIENTED_EDGE('',*,*,#4808,.F.);
#6802=ORIENTED_EDGE('',*,*,#4805,.F.);
#6803=ORIENTED_EDGE('',*,*,#4809,.F.);
#6804=ORIENTED_EDGE('',*,*,#4810,.T.);
#6805=ORIENTED_EDGE('',*,*,#4811,.F.);
#6806=ORIENTED_EDGE('',*,*,#4807,.F.);
#6807=ORIENTED_EDGE('',*,*,#4812,.T.);
#6808=ORIENTED_EDGE('',*,*,#4813,.T.);
#6809=ORIENTED_EDGE('',*,*,#4814,.T.);
#6810=ORIENTED_EDGE('',*,*,#4815,.T.);
#6811=ORIENTED_EDGE('',*,*,#4813,.F.);
#6812=ORIENTED_EDGE('',*,*,#4815,.F.);
#6813=ORIENTED_EDGE('',*,*,#4816,.T.);
#6814=ORIENTED_EDGE('',*,*,#4817,.F.);
#6815=ORIENTED_EDGE('',*,*,#4816,.F.);
#6816=ORIENTED_EDGE('',*,*,#4814,.F.);
#6817=ORIENTED_EDGE('',*,*,#4812,.F.);
#6818=ORIENTED_EDGE('',*,*,#4818,.F.);
#6819=ORIENTED_EDGE('',*,*,#4819,.F.);
#6820=ORIENTED_EDGE('',*,*,#4820,.F.);
#6821=ORIENTED_EDGE('',*,*,#4821,.F.);
#6822=ORIENTED_EDGE('',*,*,#4822,.F.);
#6823=ORIENTED_EDGE('',*,*,#4823,.F.);
#6824=ORIENTED_EDGE('',*,*,#4824,.F.);
#6825=ORIENTED_EDGE('',*,*,#4825,.F.);
#6826=ORIENTED_EDGE('',*,*,#4826,.F.);
#6827=ORIENTED_EDGE('',*,*,#4827,.F.);
#6828=ORIENTED_EDGE('',*,*,#4828,.F.);
#6829=ORIENTED_EDGE('',*,*,#4829,.F.);
#6830=ORIENTED_EDGE('',*,*,#4830,.F.);
#6831=ORIENTED_EDGE('',*,*,#4831,.F.);
#6832=ORIENTED_EDGE('',*,*,#4832,.F.);
#6833=ORIENTED_EDGE('',*,*,#4833,.F.);
#6834=ORIENTED_EDGE('',*,*,#4834,.F.);
#6835=ORIENTED_EDGE('',*,*,#4835,.F.);
#6836=ORIENTED_EDGE('',*,*,#4836,.F.);
#6837=ORIENTED_EDGE('',*,*,#4837,.F.);
#6838=ORIENTED_EDGE('',*,*,#4838,.T.);
#6839=ORIENTED_EDGE('',*,*,#4600,.T.);
#6840=ORIENTED_EDGE('',*,*,#4839,.T.);
#6841=ORIENTED_EDGE('',*,*,#4840,.T.);
#6842=ORIENTED_EDGE('',*,*,#4841,.T.);
#6843=ORIENTED_EDGE('',*,*,#4842,.T.);
#6844=ORIENTED_EDGE('',*,*,#4839,.F.);
#6845=ORIENTED_EDGE('',*,*,#4599,.T.);
#6846=ORIENTED_EDGE('',*,*,#4843,.T.);
#6847=ORIENTED_EDGE('',*,*,#4844,.T.);
#6848=ORIENTED_EDGE('',*,*,#4841,.F.);
#6849=ORIENTED_EDGE('',*,*,#4598,.T.);
#6850=ORIENTED_EDGE('',*,*,#4845,.T.);
#6851=ORIENTED_EDGE('',*,*,#4846,.T.);
#6852=ORIENTED_EDGE('',*,*,#4843,.F.);
#6853=ORIENTED_EDGE('',*,*,#4597,.T.);
#6854=ORIENTED_EDGE('',*,*,#4847,.T.);
#6855=ORIENTED_EDGE('',*,*,#4848,.T.);
#6856=ORIENTED_EDGE('',*,*,#4845,.F.);
#6857=ORIENTED_EDGE('',*,*,#4596,.T.);
#6858=ORIENTED_EDGE('',*,*,#4849,.T.);
#6859=ORIENTED_EDGE('',*,*,#4850,.T.);
#6860=ORIENTED_EDGE('',*,*,#4847,.F.);
#6861=ORIENTED_EDGE('',*,*,#4595,.T.);
#6862=ORIENTED_EDGE('',*,*,#4851,.T.);
#6863=ORIENTED_EDGE('',*,*,#4852,.T.);
#6864=ORIENTED_EDGE('',*,*,#4849,.F.);
#6865=ORIENTED_EDGE('',*,*,#4594,.T.);
#6866=ORIENTED_EDGE('',*,*,#4850,.F.);
#6867=ORIENTED_EDGE('',*,*,#4853,.T.);
#6868=ORIENTED_EDGE('',*,*,#4854,.F.);
#6869=ORIENTED_EDGE('',*,*,#4855,.F.);
#6870=ORIENTED_EDGE('',*,*,#4852,.F.);
#6871=ORIENTED_EDGE('',*,*,#4856,.T.);
#6872=ORIENTED_EDGE('',*,*,#4857,.F.);
#6873=ORIENTED_EDGE('',*,*,#4853,.F.);
#6874=ORIENTED_EDGE('',*,*,#4858,.F.);
#6875=ORIENTED_EDGE('',*,*,#4859,.T.);
#6876=ORIENTED_EDGE('',*,*,#4860,.F.);
#6877=ORIENTED_EDGE('',*,*,#4856,.F.);
#6878=ORIENTED_EDGE('',*,*,#4840,.F.);
#6879=ORIENTED_EDGE('',*,*,#4861,.T.);
#6880=ORIENTED_EDGE('',*,*,#4862,.F.);
#6881=ORIENTED_EDGE('',*,*,#4859,.F.);
#6882=ORIENTED_EDGE('',*,*,#4863,.T.);
#6883=ORIENTED_EDGE('',*,*,#4500,.T.);
#6884=ORIENTED_EDGE('',*,*,#4864,.T.);
#6885=ORIENTED_EDGE('',*,*,#4865,.T.);
#6886=ORIENTED_EDGE('',*,*,#4866,.T.);
#6887=ORIENTED_EDGE('',*,*,#4867,.T.);
#6888=ORIENTED_EDGE('',*,*,#4864,.F.);
#6889=ORIENTED_EDGE('',*,*,#4499,.T.);
#6890=ORIENTED_EDGE('',*,*,#4868,.T.);
#6891=ORIENTED_EDGE('',*,*,#4869,.T.);
#6892=ORIENTED_EDGE('',*,*,#4866,.F.);
#6893=ORIENTED_EDGE('',*,*,#4498,.T.);
#6894=ORIENTED_EDGE('',*,*,#4870,.T.);
#6895=ORIENTED_EDGE('',*,*,#4871,.T.);
#6896=ORIENTED_EDGE('',*,*,#4872,.F.);
#6897=ORIENTED_EDGE('',*,*,#4504,.T.);
#6898=ORIENTED_EDGE('',*,*,#4873,.T.);
#6899=ORIENTED_EDGE('',*,*,#4874,.T.);
#6900=ORIENTED_EDGE('',*,*,#4870,.F.);
#6901=ORIENTED_EDGE('',*,*,#4503,.T.);
#6902=ORIENTED_EDGE('',*,*,#4875,.T.);
#6903=ORIENTED_EDGE('',*,*,#4876,.T.);
#6904=ORIENTED_EDGE('',*,*,#4873,.F.);
#6905=ORIENTED_EDGE('',*,*,#4502,.T.);
#6906=ORIENTED_EDGE('',*,*,#4863,.F.);
#6907=ORIENTED_EDGE('',*,*,#4877,.T.);
#6908=ORIENTED_EDGE('',*,*,#4875,.F.);
#6909=ORIENTED_EDGE('',*,*,#4501,.T.);
#6910=ORIENTED_EDGE('',*,*,#4874,.F.);
#6911=ORIENTED_EDGE('',*,*,#4878,.T.);
#6912=ORIENTED_EDGE('',*,*,#4879,.F.);
#6913=ORIENTED_EDGE('',*,*,#4880,.F.);
#6914=ORIENTED_EDGE('',*,*,#4876,.F.);
#6915=ORIENTED_EDGE('',*,*,#4881,.T.);
#6916=ORIENTED_EDGE('',*,*,#4882,.F.);
#6917=ORIENTED_EDGE('',*,*,#4878,.F.);
#6918=ORIENTED_EDGE('',*,*,#4877,.F.);
#6919=ORIENTED_EDGE('',*,*,#4883,.T.);
#6920=ORIENTED_EDGE('',*,*,#4884,.F.);
#6921=ORIENTED_EDGE('',*,*,#4881,.F.);
#6922=ORIENTED_EDGE('',*,*,#4865,.F.);
#6923=ORIENTED_EDGE('',*,*,#4885,.T.);
#6924=ORIENTED_EDGE('',*,*,#4886,.F.);
#6925=ORIENTED_EDGE('',*,*,#4883,.F.);
#6926=ORIENTED_EDGE('',*,*,#4887,.T.);
#6927=ORIENTED_EDGE('',*,*,#4562,.T.);
#6928=ORIENTED_EDGE('',*,*,#4888,.T.);
#6929=ORIENTED_EDGE('',*,*,#4889,.T.);
#6930=ORIENTED_EDGE('',*,*,#4890,.T.);
#6931=ORIENTED_EDGE('',*,*,#4891,.T.);
#6932=ORIENTED_EDGE('',*,*,#4892,.F.);
#6933=ORIENTED_EDGE('',*,*,#4568,.T.);
#6934=ORIENTED_EDGE('',*,*,#4893,.T.);
#6935=ORIENTED_EDGE('',*,*,#4894,.T.);
#6936=ORIENTED_EDGE('',*,*,#4890,.F.);
#6937=ORIENTED_EDGE('',*,*,#4567,.T.);
#6938=ORIENTED_EDGE('',*,*,#4895,.T.);
#6939=ORIENTED_EDGE('',*,*,#4896,.T.);
#6940=ORIENTED_EDGE('',*,*,#4893,.F.);
#6941=ORIENTED_EDGE('',*,*,#4566,.T.);
#6942=ORIENTED_EDGE('',*,*,#4897,.T.);
#6943=ORIENTED_EDGE('',*,*,#4898,.T.);
#6944=ORIENTED_EDGE('',*,*,#4895,.F.);
#6945=ORIENTED_EDGE('',*,*,#4565,.T.);
#6946=ORIENTED_EDGE('',*,*,#4899,.T.);
#6947=ORIENTED_EDGE('',*,*,#4900,.T.);
#6948=ORIENTED_EDGE('',*,*,#4897,.F.);
#6949=ORIENTED_EDGE('',*,*,#4564,.T.);
#6950=ORIENTED_EDGE('',*,*,#4887,.F.);
#6951=ORIENTED_EDGE('',*,*,#4901,.T.);
#6952=ORIENTED_EDGE('',*,*,#4899,.F.);
#6953=ORIENTED_EDGE('',*,*,#4563,.T.);
#6954=ORIENTED_EDGE('',*,*,#4898,.F.);
#6955=ORIENTED_EDGE('',*,*,#4902,.T.);
#6956=ORIENTED_EDGE('',*,*,#4903,.F.);
#6957=ORIENTED_EDGE('',*,*,#4904,.F.);
#6958=ORIENTED_EDGE('',*,*,#4900,.F.);
#6959=ORIENTED_EDGE('',*,*,#4905,.T.);
#6960=ORIENTED_EDGE('',*,*,#4906,.F.);
#6961=ORIENTED_EDGE('',*,*,#4902,.F.);
#6962=ORIENTED_EDGE('',*,*,#4901,.F.);
#6963=ORIENTED_EDGE('',*,*,#4907,.T.);
#6964=ORIENTED_EDGE('',*,*,#4908,.F.);
#6965=ORIENTED_EDGE('',*,*,#4905,.F.);
#6966=ORIENTED_EDGE('',*,*,#4889,.F.);
#6967=ORIENTED_EDGE('',*,*,#4909,.T.);
#6968=ORIENTED_EDGE('',*,*,#4910,.F.);
#6969=ORIENTED_EDGE('',*,*,#4907,.F.);
#6970=ORIENTED_EDGE('',*,*,#4911,.T.);
#6971=ORIENTED_EDGE('',*,*,#4509,.T.);
#6972=ORIENTED_EDGE('',*,*,#4912,.T.);
#6973=ORIENTED_EDGE('',*,*,#4913,.T.);
#6974=ORIENTED_EDGE('',*,*,#4914,.T.);
#6975=ORIENTED_EDGE('',*,*,#4915,.T.);
#6976=ORIENTED_EDGE('',*,*,#4912,.F.);
#6977=ORIENTED_EDGE('',*,*,#4508,.T.);
#6978=ORIENTED_EDGE('',*,*,#4916,.T.);
#6979=ORIENTED_EDGE('',*,*,#4917,.T.);
#6980=ORIENTED_EDGE('',*,*,#4914,.F.);
#6981=ORIENTED_EDGE('',*,*,#4507,.T.);
#6982=ORIENTED_EDGE('',*,*,#4918,.T.);
#6983=ORIENTED_EDGE('',*,*,#4919,.T.);
#6984=ORIENTED_EDGE('',*,*,#4916,.F.);
#6985=ORIENTED_EDGE('',*,*,#4506,.T.);
#6986=ORIENTED_EDGE('',*,*,#4920,.T.);
#6987=ORIENTED_EDGE('',*,*,#4921,.T.);
#6988=ORIENTED_EDGE('',*,*,#4922,.F.);
#6989=ORIENTED_EDGE('',*,*,#4512,.T.);
#6990=ORIENTED_EDGE('',*,*,#4923,.T.);
#6991=ORIENTED_EDGE('',*,*,#4924,.T.);
#6992=ORIENTED_EDGE('',*,*,#4920,.F.);
#6993=ORIENTED_EDGE('',*,*,#4511,.T.);
#6994=ORIENTED_EDGE('',*,*,#4911,.F.);
#6995=ORIENTED_EDGE('',*,*,#4925,.T.);
#6996=ORIENTED_EDGE('',*,*,#4923,.F.);
#6997=ORIENTED_EDGE('',*,*,#4510,.T.);
#6998=ORIENTED_EDGE('',*,*,#4921,.F.);
#6999=ORIENTED_EDGE('',*,*,#4926,.T.);
#7000=ORIENTED_EDGE('',*,*,#4927,.F.);
#7001=ORIENTED_EDGE('',*,*,#4928,.F.);
#7002=ORIENTED_EDGE('',*,*,#4924,.F.);
#7003=ORIENTED_EDGE('',*,*,#4929,.T.);
#7004=ORIENTED_EDGE('',*,*,#4930,.F.);
#7005=ORIENTED_EDGE('',*,*,#4926,.F.);
#7006=ORIENTED_EDGE('',*,*,#4925,.F.);
#7007=ORIENTED_EDGE('',*,*,#4931,.T.);
#7008=ORIENTED_EDGE('',*,*,#4932,.F.);
#7009=ORIENTED_EDGE('',*,*,#4929,.F.);
#7010=ORIENTED_EDGE('',*,*,#4913,.F.);
#7011=ORIENTED_EDGE('',*,*,#4933,.T.);
#7012=ORIENTED_EDGE('',*,*,#4934,.F.);
#7013=ORIENTED_EDGE('',*,*,#4931,.F.);
#7014=ORIENTED_EDGE('',*,*,#4935,.T.);
#7015=ORIENTED_EDGE('',*,*,#4936,.T.);
#7016=ORIENTED_EDGE('',*,*,#4937,.F.);
#7017=ORIENTED_EDGE('',*,*,#4552,.T.);
#7018=ORIENTED_EDGE('',*,*,#4938,.T.);
#7019=ORIENTED_EDGE('',*,*,#4939,.T.);
#7020=ORIENTED_EDGE('',*,*,#4935,.F.);
#7021=ORIENTED_EDGE('',*,*,#4551,.T.);
#7022=ORIENTED_EDGE('',*,*,#4940,.T.);
#7023=ORIENTED_EDGE('',*,*,#4941,.T.);
#7024=ORIENTED_EDGE('',*,*,#4938,.F.);
#7025=ORIENTED_EDGE('',*,*,#4550,.T.);
#7026=ORIENTED_EDGE('',*,*,#4942,.T.);
#7027=ORIENTED_EDGE('',*,*,#4943,.T.);
#7028=ORIENTED_EDGE('',*,*,#4940,.F.);
#7029=ORIENTED_EDGE('',*,*,#4549,.T.);
#7030=ORIENTED_EDGE('',*,*,#4944,.T.);
#7031=ORIENTED_EDGE('',*,*,#4945,.T.);
#7032=ORIENTED_EDGE('',*,*,#4942,.F.);
#7033=ORIENTED_EDGE('',*,*,#4548,.T.);
#7034=ORIENTED_EDGE('',*,*,#4946,.T.);
#7035=ORIENTED_EDGE('',*,*,#4947,.T.);
#7036=ORIENTED_EDGE('',*,*,#4944,.F.);
#7037=ORIENTED_EDGE('',*,*,#4547,.T.);
#7038=ORIENTED_EDGE('',*,*,#4948,.F.);
#7039=ORIENTED_EDGE('',*,*,#4949,.T.);
#7040=ORIENTED_EDGE('',*,*,#4946,.F.);
#7041=ORIENTED_EDGE('',*,*,#4546,.T.);
#7042=ORIENTED_EDGE('',*,*,#4945,.F.);
#7043=ORIENTED_EDGE('',*,*,#4950,.T.);
#7044=ORIENTED_EDGE('',*,*,#4951,.F.);
#7045=ORIENTED_EDGE('',*,*,#4952,.F.);
#7046=ORIENTED_EDGE('',*,*,#4947,.F.);
#7047=ORIENTED_EDGE('',*,*,#4953,.T.);
#7048=ORIENTED_EDGE('',*,*,#4954,.F.);
#7049=ORIENTED_EDGE('',*,*,#4950,.F.);
#7050=ORIENTED_EDGE('',*,*,#4949,.F.);
#7051=ORIENTED_EDGE('',*,*,#4955,.T.);
#7052=ORIENTED_EDGE('',*,*,#4956,.F.);
#7053=ORIENTED_EDGE('',*,*,#4953,.F.);
#7054=ORIENTED_EDGE('',*,*,#4957,.F.);
#7055=ORIENTED_EDGE('',*,*,#4958,.T.);
#7056=ORIENTED_EDGE('',*,*,#4959,.F.);
#7057=ORIENTED_EDGE('',*,*,#4955,.F.);
#7058=ORIENTED_EDGE('',*,*,#4960,.T.);
#7059=ORIENTED_EDGE('',*,*,#4556,.T.);
#7060=ORIENTED_EDGE('',*,*,#4961,.T.);
#7061=ORIENTED_EDGE('',*,*,#4962,.T.);
#7062=ORIENTED_EDGE('',*,*,#4963,.T.);
#7063=ORIENTED_EDGE('',*,*,#4964,.T.);
#7064=ORIENTED_EDGE('',*,*,#4961,.F.);
#7065=ORIENTED_EDGE('',*,*,#4555,.T.);
#7066=ORIENTED_EDGE('',*,*,#4965,.T.);
#7067=ORIENTED_EDGE('',*,*,#4966,.T.);
#7068=ORIENTED_EDGE('',*,*,#4963,.F.);
#7069=ORIENTED_EDGE('',*,*,#4554,.T.);
#7070=ORIENTED_EDGE('',*,*,#4967,.T.);
#7071=ORIENTED_EDGE('',*,*,#4968,.T.);
#7072=ORIENTED_EDGE('',*,*,#4969,.F.);
#7073=ORIENTED_EDGE('',*,*,#4560,.T.);
#7074=ORIENTED_EDGE('',*,*,#4970,.T.);
#7075=ORIENTED_EDGE('',*,*,#4971,.T.);
#7076=ORIENTED_EDGE('',*,*,#4967,.F.);
#7077=ORIENTED_EDGE('',*,*,#4559,.T.);
#7078=ORIENTED_EDGE('',*,*,#4972,.T.);
#7079=ORIENTED_EDGE('',*,*,#4973,.T.);
#7080=ORIENTED_EDGE('',*,*,#4970,.F.);
#7081=ORIENTED_EDGE('',*,*,#4558,.T.);
#7082=ORIENTED_EDGE('',*,*,#4960,.F.);
#7083=ORIENTED_EDGE('',*,*,#4974,.T.);
#7084=ORIENTED_EDGE('',*,*,#4972,.F.);
#7085=ORIENTED_EDGE('',*,*,#4557,.T.);
#7086=ORIENTED_EDGE('',*,*,#4971,.F.);
#7087=ORIENTED_EDGE('',*,*,#4975,.T.);
#7088=ORIENTED_EDGE('',*,*,#4976,.F.);
#7089=ORIENTED_EDGE('',*,*,#4977,.F.);
#7090=ORIENTED_EDGE('',*,*,#4973,.F.);
#7091=ORIENTED_EDGE('',*,*,#4978,.T.);
#7092=ORIENTED_EDGE('',*,*,#4979,.F.);
#7093=ORIENTED_EDGE('',*,*,#4975,.F.);
#7094=ORIENTED_EDGE('',*,*,#4974,.F.);
#7095=ORIENTED_EDGE('',*,*,#4980,.T.);
#7096=ORIENTED_EDGE('',*,*,#4981,.F.);
#7097=ORIENTED_EDGE('',*,*,#4978,.F.);
#7098=ORIENTED_EDGE('',*,*,#4962,.F.);
#7099=ORIENTED_EDGE('',*,*,#4982,.T.);
#7100=ORIENTED_EDGE('',*,*,#4983,.F.);
#7101=ORIENTED_EDGE('',*,*,#4980,.F.);
#7102=ORIENTED_EDGE('',*,*,#4984,.T.);
#7103=ORIENTED_EDGE('',*,*,#4518,.T.);
#7104=ORIENTED_EDGE('',*,*,#4985,.T.);
#7105=ORIENTED_EDGE('',*,*,#4986,.T.);
#7106=ORIENTED_EDGE('',*,*,#4987,.T.);
#7107=ORIENTED_EDGE('',*,*,#4988,.T.);
#7108=ORIENTED_EDGE('',*,*,#4985,.F.);
#7109=ORIENTED_EDGE('',*,*,#4517,.T.);
#7110=ORIENTED_EDGE('',*,*,#4989,.T.);
#7111=ORIENTED_EDGE('',*,*,#4990,.T.);
#7112=ORIENTED_EDGE('',*,*,#4987,.F.);
#7113=ORIENTED_EDGE('',*,*,#4516,.T.);
#7114=ORIENTED_EDGE('',*,*,#4991,.T.);
#7115=ORIENTED_EDGE('',*,*,#4992,.T.);
#7116=ORIENTED_EDGE('',*,*,#4989,.F.);
#7117=ORIENTED_EDGE('',*,*,#4515,.T.);
#7118=ORIENTED_EDGE('',*,*,#4993,.T.);
#7119=ORIENTED_EDGE('',*,*,#4994,.T.);
#7120=ORIENTED_EDGE('',*,*,#4991,.F.);
#7121=ORIENTED_EDGE('',*,*,#4514,.T.);
#7122=ORIENTED_EDGE('',*,*,#4995,.T.);
#7123=ORIENTED_EDGE('',*,*,#4996,.T.);
#7124=ORIENTED_EDGE('',*,*,#4997,.F.);
#7125=ORIENTED_EDGE('',*,*,#4520,.T.);
#7126=ORIENTED_EDGE('',*,*,#4984,.F.);
#7127=ORIENTED_EDGE('',*,*,#4998,.T.);
#7128=ORIENTED_EDGE('',*,*,#4995,.F.);
#7129=ORIENTED_EDGE('',*,*,#4519,.T.);
#7130=ORIENTED_EDGE('',*,*,#4999,.F.);
#7131=ORIENTED_EDGE('',*,*,#5000,.T.);
#7132=ORIENTED_EDGE('',*,*,#5001,.F.);
#7133=ORIENTED_EDGE('',*,*,#5002,.F.);
#7134=ORIENTED_EDGE('',*,*,#4996,.F.);
#7135=ORIENTED_EDGE('',*,*,#5003,.T.);
#7136=ORIENTED_EDGE('',*,*,#5004,.F.);
#7137=ORIENTED_EDGE('',*,*,#5000,.F.);
#7138=ORIENTED_EDGE('',*,*,#4998,.F.);
#7139=ORIENTED_EDGE('',*,*,#5005,.T.);
#7140=ORIENTED_EDGE('',*,*,#5006,.F.);
#7141=ORIENTED_EDGE('',*,*,#5003,.F.);
#7142=ORIENTED_EDGE('',*,*,#4986,.F.);
#7143=ORIENTED_EDGE('',*,*,#5007,.T.);
#7144=ORIENTED_EDGE('',*,*,#5008,.F.);
#7145=ORIENTED_EDGE('',*,*,#5005,.F.);
#7146=ORIENTED_EDGE('',*,*,#4817,.T.);
#7147=ORIENTED_EDGE('',*,*,#5009,.T.);
#7148=ORIENTED_EDGE('',*,*,#4602,.T.);
#7149=ORIENTED_EDGE('',*,*,#5009,.F.);
#7150=ORIENTED_EDGE('',*,*,#5010,.T.);
#7151=ORIENTED_EDGE('',*,*,#5011,.T.);
#7152=ORIENTED_EDGE('',*,*,#4496,.T.);
#7153=ORIENTED_EDGE('',*,*,#4651,.T.);
#7154=ORIENTED_EDGE('',*,*,#4653,.T.);
#7155=ORIENTED_EDGE('',*,*,#4647,.F.);
#7156=ORIENTED_EDGE('',*,*,#4488,.T.);
#7157=ORIENTED_EDGE('',*,*,#4676,.T.);
#7158=ORIENTED_EDGE('',*,*,#4678,.T.);
#7159=ORIENTED_EDGE('',*,*,#4672,.F.);
#7160=ORIENTED_EDGE('',*,*,#4480,.T.);
#7161=ORIENTED_EDGE('',*,*,#4476,.T.);
#7162=ORIENTED_EDGE('',*,*,#4603,.T.);
#7163=ORIENTED_EDGE('',*,*,#4471,.F.);
#7164=ORIENTED_EDGE('',*,*,#4601,.T.);
#7165=ORIENTED_EDGE('',*,*,#4838,.F.);
#7166=ORIENTED_EDGE('',*,*,#4858,.T.);
#7167=ORIENTED_EDGE('',*,*,#4851,.F.);
#7168=ORIENTED_EDGE('',*,*,#4593,.T.);
#7169=ORIENTED_EDGE('',*,*,#4701,.T.);
#7170=ORIENTED_EDGE('',*,*,#4703,.T.);
#7171=ORIENTED_EDGE('',*,*,#4697,.F.);
#7172=ORIENTED_EDGE('',*,*,#4585,.T.);
#7173=ORIENTED_EDGE('',*,*,#4726,.T.);
#7174=ORIENTED_EDGE('',*,*,#4728,.T.);
#7175=ORIENTED_EDGE('',*,*,#4722,.F.);
#7176=ORIENTED_EDGE('',*,*,#4577,.T.);
#7177=ORIENTED_EDGE('',*,*,#4626,.T.);
#7178=ORIENTED_EDGE('',*,*,#4628,.T.);
#7179=ORIENTED_EDGE('',*,*,#4622,.F.);
#7180=ORIENTED_EDGE('',*,*,#4569,.T.);
#7181=ORIENTED_EDGE('',*,*,#4892,.T.);
#7182=ORIENTED_EDGE('',*,*,#5012,.T.);
#7183=ORIENTED_EDGE('',*,*,#4888,.F.);
#7184=ORIENTED_EDGE('',*,*,#4561,.T.);
#7185=ORIENTED_EDGE('',*,*,#4969,.T.);
#7186=ORIENTED_EDGE('',*,*,#5013,.T.);
#7187=ORIENTED_EDGE('',*,*,#4965,.F.);
#7188=ORIENTED_EDGE('',*,*,#4553,.T.);
#7189=ORIENTED_EDGE('',*,*,#4937,.T.);
#7190=ORIENTED_EDGE('',*,*,#4957,.T.);
#7191=ORIENTED_EDGE('',*,*,#4948,.T.);
#7192=ORIENTED_EDGE('',*,*,#4545,.T.);
#7193=ORIENTED_EDGE('',*,*,#4747,.T.);
#7194=ORIENTED_EDGE('',*,*,#5014,.T.);
#7195=ORIENTED_EDGE('',*,*,#4743,.F.);
#7196=ORIENTED_EDGE('',*,*,#4537,.T.);
#7197=ORIENTED_EDGE('',*,*,#4764,.T.);
#7198=ORIENTED_EDGE('',*,*,#4784,.T.);
#7199=ORIENTED_EDGE('',*,*,#4775,.T.);
#7200=ORIENTED_EDGE('',*,*,#4529,.T.);
#7201=ORIENTED_EDGE('',*,*,#4789,.T.);
#7202=ORIENTED_EDGE('',*,*,#4809,.T.);
#7203=ORIENTED_EDGE('',*,*,#4800,.T.);
#7204=ORIENTED_EDGE('',*,*,#4521,.T.);
#7205=ORIENTED_EDGE('',*,*,#4997,.T.);
#7206=ORIENTED_EDGE('',*,*,#4999,.T.);
#7207=ORIENTED_EDGE('',*,*,#4993,.F.);
#7208=ORIENTED_EDGE('',*,*,#4513,.T.);
#7209=ORIENTED_EDGE('',*,*,#4922,.T.);
#7210=ORIENTED_EDGE('',*,*,#5015,.T.);
#7211=ORIENTED_EDGE('',*,*,#4918,.F.);
#7212=ORIENTED_EDGE('',*,*,#4505,.T.);
#7213=ORIENTED_EDGE('',*,*,#4872,.T.);
#7214=ORIENTED_EDGE('',*,*,#5016,.T.);
#7215=ORIENTED_EDGE('',*,*,#4868,.F.);
#7216=ORIENTED_EDGE('',*,*,#4497,.T.);
#7217=ORIENTED_EDGE('',*,*,#5011,.F.);
#7218=ORIENTED_EDGE('',*,*,#5017,.F.);
#7219=ORIENTED_EDGE('',*,*,#5018,.T.);
#7220=ORIENTED_EDGE('',*,*,#5010,.F.);
#7221=ORIENTED_EDGE('',*,*,#5018,.F.);
#7222=ORIENTED_EDGE('',*,*,#5019,.T.);
#7223=ORIENTED_EDGE('',*,*,#5020,.T.);
#7224=ORIENTED_EDGE('',*,*,#5021,.T.);
#7225=ORIENTED_EDGE('',*,*,#5022,.T.);
#7226=ORIENTED_EDGE('',*,*,#5023,.T.);
#7227=ORIENTED_EDGE('',*,*,#5024,.T.);
#7228=ORIENTED_EDGE('',*,*,#5025,.T.);
#7229=ORIENTED_EDGE('',*,*,#5026,.T.);
#7230=ORIENTED_EDGE('',*,*,#5027,.T.);
#7231=ORIENTED_EDGE('',*,*,#5028,.T.);
#7232=ORIENTED_EDGE('',*,*,#5029,.T.);
#7233=ORIENTED_EDGE('',*,*,#5030,.T.);
#7234=ORIENTED_EDGE('',*,*,#5019,.F.);
#7235=ORIENTED_EDGE('',*,*,#5031,.T.);
#7236=ORIENTED_EDGE('',*,*,#5032,.T.);
#7237=ORIENTED_EDGE('',*,*,#4834,.T.);
#7238=ORIENTED_EDGE('',*,*,#5033,.T.);
#7239=ORIENTED_EDGE('',*,*,#4835,.T.);
#7240=ORIENTED_EDGE('',*,*,#5032,.F.);
#7241=ORIENTED_EDGE('',*,*,#5034,.T.);
#7242=ORIENTED_EDGE('',*,*,#5035,.T.);
#7243=ORIENTED_EDGE('',*,*,#4836,.T.);
#7244=ORIENTED_EDGE('',*,*,#5033,.F.);
#7245=ORIENTED_EDGE('',*,*,#5036,.T.);
#7246=ORIENTED_EDGE('',*,*,#5029,.F.);
#7247=ORIENTED_EDGE('',*,*,#4818,.T.);
#7248=ORIENTED_EDGE('',*,*,#5037,.T.);
#7249=ORIENTED_EDGE('',*,*,#5038,.T.);
#7250=ORIENTED_EDGE('',*,*,#5037,.F.);
#7251=ORIENTED_EDGE('',*,*,#4837,.T.);
#7252=ORIENTED_EDGE('',*,*,#5035,.F.);
#7253=ORIENTED_EDGE('',*,*,#5039,.T.);
#7254=ORIENTED_EDGE('',*,*,#5028,.F.);
#7255=ORIENTED_EDGE('',*,*,#5040,.T.);
#7256=ORIENTED_EDGE('',*,*,#5041,.T.);
#7257=ORIENTED_EDGE('',*,*,#4819,.T.);
#7258=ORIENTED_EDGE('',*,*,#5042,.T.);
#7259=ORIENTED_EDGE('',*,*,#4820,.T.);
#7260=ORIENTED_EDGE('',*,*,#5041,.F.);
#7261=ORIENTED_EDGE('',*,*,#5043,.T.);
#7262=ORIENTED_EDGE('',*,*,#5044,.T.);
#7263=ORIENTED_EDGE('',*,*,#4821,.T.);
#7264=ORIENTED_EDGE('',*,*,#5042,.F.);
#7265=ORIENTED_EDGE('',*,*,#5045,.T.);
#7266=ORIENTED_EDGE('',*,*,#5046,.T.);
#7267=ORIENTED_EDGE('',*,*,#4822,.T.);
#7268=ORIENTED_EDGE('',*,*,#5044,.F.);
#7269=ORIENTED_EDGE('',*,*,#5047,.T.);
#7270=ORIENTED_EDGE('',*,*,#5026,.F.);
#7271=ORIENTED_EDGE('',*,*,#4823,.T.);
#7272=ORIENTED_EDGE('',*,*,#5046,.F.);
#7273=ORIENTED_EDGE('',*,*,#5048,.T.);
#7274=ORIENTED_EDGE('',*,*,#5025,.F.);
#7275=ORIENTED_EDGE('',*,*,#5049,.T.);
#7276=ORIENTED_EDGE('',*,*,#5050,.T.);
#7277=ORIENTED_EDGE('',*,*,#4824,.T.);
#7278=ORIENTED_EDGE('',*,*,#5051,.T.);
#7279=ORIENTED_EDGE('',*,*,#4825,.T.);
#7280=ORIENTED_EDGE('',*,*,#5050,.F.);
#7281=ORIENTED_EDGE('',*,*,#5052,.T.);
#7282=ORIENTED_EDGE('',*,*,#5053,.T.);
#7283=ORIENTED_EDGE('',*,*,#4826,.T.);
#7284=ORIENTED_EDGE('',*,*,#5051,.F.);
#7285=ORIENTED_EDGE('',*,*,#5054,.T.);
#7286=ORIENTED_EDGE('',*,*,#5055,.T.);
#7287=ORIENTED_EDGE('',*,*,#4827,.T.);
#7288=ORIENTED_EDGE('',*,*,#5053,.F.);
#7289=ORIENTED_EDGE('',*,*,#5056,.T.);
#7290=ORIENTED_EDGE('',*,*,#5023,.F.);
#7291=ORIENTED_EDGE('',*,*,#4828,.T.);
#7292=ORIENTED_EDGE('',*,*,#5055,.F.);
#7293=ORIENTED_EDGE('',*,*,#5057,.T.);
#7294=ORIENTED_EDGE('',*,*,#5022,.F.);
#7295=ORIENTED_EDGE('',*,*,#5058,.T.);
#7296=ORIENTED_EDGE('',*,*,#5059,.T.);
#7297=ORIENTED_EDGE('',*,*,#4829,.T.);
#7298=ORIENTED_EDGE('',*,*,#5060,.T.);
#7299=ORIENTED_EDGE('',*,*,#4830,.T.);
#7300=ORIENTED_EDGE('',*,*,#5059,.F.);
#7301=ORIENTED_EDGE('',*,*,#5061,.T.);
#7302=ORIENTED_EDGE('',*,*,#5062,.T.);
#7303=ORIENTED_EDGE('',*,*,#4831,.T.);
#7304=ORIENTED_EDGE('',*,*,#5060,.F.);
#7305=ORIENTED_EDGE('',*,*,#5063,.T.);
#7306=ORIENTED_EDGE('',*,*,#5064,.T.);
#7307=ORIENTED_EDGE('',*,*,#4832,.T.);
#7308=ORIENTED_EDGE('',*,*,#5062,.F.);
#7309=ORIENTED_EDGE('',*,*,#5065,.T.);
#7310=ORIENTED_EDGE('',*,*,#5020,.F.);
#7311=ORIENTED_EDGE('',*,*,#4833,.T.);
#7312=ORIENTED_EDGE('',*,*,#5064,.F.);
#7313=ORIENTED_EDGE('',*,*,#5066,.T.);
#7314=ORIENTED_EDGE('',*,*,#5057,.F.);
#7315=ORIENTED_EDGE('',*,*,#5067,.T.);
#7316=ORIENTED_EDGE('',*,*,#5068,.F.);
#7317=ORIENTED_EDGE('',*,*,#5069,.F.);
#7318=ORIENTED_EDGE('',*,*,#5056,.F.);
#7319=ORIENTED_EDGE('',*,*,#5070,.T.);
#7320=ORIENTED_EDGE('',*,*,#5071,.F.);
#7321=ORIENTED_EDGE('',*,*,#5067,.F.);
#7322=ORIENTED_EDGE('',*,*,#5054,.F.);
#7323=ORIENTED_EDGE('',*,*,#5072,.T.);
#7324=ORIENTED_EDGE('',*,*,#5073,.F.);
#7325=ORIENTED_EDGE('',*,*,#5070,.F.);
#7326=ORIENTED_EDGE('',*,*,#5052,.F.);
#7327=ORIENTED_EDGE('',*,*,#5074,.F.);
#7328=ORIENTED_EDGE('',*,*,#5075,.F.);
#7329=ORIENTED_EDGE('',*,*,#5072,.F.);
#7330=ORIENTED_EDGE('',*,*,#5049,.F.);
#7331=ORIENTED_EDGE('',*,*,#5076,.T.);
#7332=ORIENTED_EDGE('',*,*,#5077,.F.);
#7333=ORIENTED_EDGE('',*,*,#5074,.T.);
#7334=ORIENTED_EDGE('',*,*,#5027,.F.);
#7335=ORIENTED_EDGE('',*,*,#5078,.T.);
#7336=ORIENTED_EDGE('',*,*,#5079,.F.);
#7337=ORIENTED_EDGE('',*,*,#5076,.F.);
#7338=ORIENTED_EDGE('',*,*,#5048,.F.);
#7339=ORIENTED_EDGE('',*,*,#5080,.T.);
#7340=ORIENTED_EDGE('',*,*,#5081,.F.);
#7341=ORIENTED_EDGE('',*,*,#5078,.F.);
#7342=ORIENTED_EDGE('',*,*,#5047,.F.);
#7343=ORIENTED_EDGE('',*,*,#5082,.T.);
#7344=ORIENTED_EDGE('',*,*,#5083,.F.);
#7345=ORIENTED_EDGE('',*,*,#5080,.F.);
#7346=ORIENTED_EDGE('',*,*,#5045,.F.);
#7347=ORIENTED_EDGE('',*,*,#5084,.T.);
#7348=ORIENTED_EDGE('',*,*,#5085,.F.);
#7349=ORIENTED_EDGE('',*,*,#5082,.F.);
#7350=ORIENTED_EDGE('',*,*,#5043,.F.);
#7351=ORIENTED_EDGE('',*,*,#5086,.T.);
#7352=ORIENTED_EDGE('',*,*,#5087,.F.);
#7353=ORIENTED_EDGE('',*,*,#5084,.F.);
#7354=ORIENTED_EDGE('',*,*,#5040,.F.);
#7355=ORIENTED_EDGE('',*,*,#5088,.T.);
#7356=ORIENTED_EDGE('',*,*,#5089,.F.);
#7357=ORIENTED_EDGE('',*,*,#5086,.F.);
#7358=ORIENTED_EDGE('',*,*,#5030,.F.);
#7359=ORIENTED_EDGE('',*,*,#5090,.T.);
#7360=ORIENTED_EDGE('',*,*,#5091,.F.);
#7361=ORIENTED_EDGE('',*,*,#5088,.F.);
#7362=ORIENTED_EDGE('',*,*,#4894,.F.);
#7363=ORIENTED_EDGE('',*,*,#5092,.T.);
#7364=ORIENTED_EDGE('',*,*,#5093,.F.);
#7365=ORIENTED_EDGE('',*,*,#5094,.F.);
#7366=ORIENTED_EDGE('',*,*,#4891,.F.);
#7367=ORIENTED_EDGE('',*,*,#5094,.T.);
#7368=ORIENTED_EDGE('',*,*,#5095,.F.);
#7369=ORIENTED_EDGE('',*,*,#5096,.F.);
#7370=ORIENTED_EDGE('',*,*,#5012,.F.);
#7371=ORIENTED_EDGE('',*,*,#5096,.T.);
#7372=ORIENTED_EDGE('',*,*,#5097,.F.);
#7373=ORIENTED_EDGE('',*,*,#4909,.F.);
#7374=ORIENTED_EDGE('',*,*,#4896,.F.);
#7375=ORIENTED_EDGE('',*,*,#4904,.T.);
#7376=ORIENTED_EDGE('',*,*,#5098,.F.);
#7377=ORIENTED_EDGE('',*,*,#5092,.F.);
#7378=ORIENTED_EDGE('',*,*,#4994,.F.);
#7379=ORIENTED_EDGE('',*,*,#5002,.T.);
#7380=ORIENTED_EDGE('',*,*,#5099,.F.);
#7381=ORIENTED_EDGE('',*,*,#5100,.F.);
#7382=ORIENTED_EDGE('',*,*,#4992,.F.);
#7383=ORIENTED_EDGE('',*,*,#5100,.T.);
#7384=ORIENTED_EDGE('',*,*,#5101,.F.);
#7385=ORIENTED_EDGE('',*,*,#5102,.F.);
#7386=ORIENTED_EDGE('',*,*,#4990,.F.);
#7387=ORIENTED_EDGE('',*,*,#5102,.T.);
#7388=ORIENTED_EDGE('',*,*,#5103,.F.);
#7389=ORIENTED_EDGE('',*,*,#5104,.F.);
#7390=ORIENTED_EDGE('',*,*,#4988,.F.);
#7391=ORIENTED_EDGE('',*,*,#5104,.T.);
#7392=ORIENTED_EDGE('',*,*,#5105,.F.);
#7393=ORIENTED_EDGE('',*,*,#5007,.F.);
#7394=ORIENTED_EDGE('',*,*,#4939,.F.);
#7395=ORIENTED_EDGE('',*,*,#5106,.T.);
#7396=ORIENTED_EDGE('',*,*,#5107,.F.);
#7397=ORIENTED_EDGE('',*,*,#5108,.F.);
#7398=ORIENTED_EDGE('',*,*,#4936,.F.);
#7399=ORIENTED_EDGE('',*,*,#5108,.T.);
#7400=ORIENTED_EDGE('',*,*,#5109,.F.);
#7401=ORIENTED_EDGE('',*,*,#4958,.F.);
#7402=ORIENTED_EDGE('',*,*,#4943,.F.);
#7403=ORIENTED_EDGE('',*,*,#4952,.T.);
#7404=ORIENTED_EDGE('',*,*,#5110,.F.);
#7405=ORIENTED_EDGE('',*,*,#5111,.F.);
#7406=ORIENTED_EDGE('',*,*,#4941,.F.);
#7407=ORIENTED_EDGE('',*,*,#5111,.T.);
#7408=ORIENTED_EDGE('',*,*,#5112,.F.);
#7409=ORIENTED_EDGE('',*,*,#5106,.F.);
#7410=ORIENTED_EDGE('',*,*,#4472,.F.);
#7411=ORIENTED_EDGE('',*,*,#4606,.T.);
#7412=ORIENTED_EDGE('',*,*,#5113,.F.);
#7413=ORIENTED_EDGE('',*,*,#5114,.F.);
#7414=ORIENTED_EDGE('',*,*,#4469,.F.);
#7415=ORIENTED_EDGE('',*,*,#5114,.T.);
#7416=ORIENTED_EDGE('',*,*,#5115,.F.);
#7417=ORIENTED_EDGE('',*,*,#5116,.F.);
#7418=ORIENTED_EDGE('',*,*,#4466,.F.);
#7419=ORIENTED_EDGE('',*,*,#5116,.T.);
#7420=ORIENTED_EDGE('',*,*,#5117,.F.);
#7421=ORIENTED_EDGE('',*,*,#5118,.F.);
#7422=ORIENTED_EDGE('',*,*,#4463,.F.);
#7423=ORIENTED_EDGE('',*,*,#5118,.T.);
#7424=ORIENTED_EDGE('',*,*,#5119,.F.);
#7425=ORIENTED_EDGE('',*,*,#4611,.F.);
#7426=ORIENTED_EDGE('',*,*,#4770,.F.);
#7427=ORIENTED_EDGE('',*,*,#4779,.T.);
#7428=ORIENTED_EDGE('',*,*,#5120,.F.);
#7429=ORIENTED_EDGE('',*,*,#5121,.F.);
#7430=ORIENTED_EDGE('',*,*,#4768,.F.);
#7431=ORIENTED_EDGE('',*,*,#5121,.T.);
#7432=ORIENTED_EDGE('',*,*,#5122,.F.);
#7433=ORIENTED_EDGE('',*,*,#5123,.F.);
#7434=ORIENTED_EDGE('',*,*,#4766,.F.);
#7435=ORIENTED_EDGE('',*,*,#5123,.T.);
#7436=ORIENTED_EDGE('',*,*,#5124,.F.);
#7437=ORIENTED_EDGE('',*,*,#5125,.F.);
#7438=ORIENTED_EDGE('',*,*,#4763,.F.);
#7439=ORIENTED_EDGE('',*,*,#5125,.T.);
#7440=ORIENTED_EDGE('',*,*,#5126,.F.);
#7441=ORIENTED_EDGE('',*,*,#4785,.F.);
#7442=ORIENTED_EDGE('',*,*,#4871,.F.);
#7443=ORIENTED_EDGE('',*,*,#4880,.T.);
#7444=ORIENTED_EDGE('',*,*,#5127,.F.);
#7445=ORIENTED_EDGE('',*,*,#5128,.F.);
#7446=ORIENTED_EDGE('',*,*,#5016,.F.);
#7447=ORIENTED_EDGE('',*,*,#5128,.T.);
#7448=ORIENTED_EDGE('',*,*,#5129,.F.);
#7449=ORIENTED_EDGE('',*,*,#5130,.F.);
#7450=ORIENTED_EDGE('',*,*,#4869,.F.);
#7451=ORIENTED_EDGE('',*,*,#5130,.T.);
#7452=ORIENTED_EDGE('',*,*,#5131,.F.);
#7453=ORIENTED_EDGE('',*,*,#5132,.F.);
#7454=ORIENTED_EDGE('',*,*,#4867,.F.);
#7455=ORIENTED_EDGE('',*,*,#5132,.T.);
#7456=ORIENTED_EDGE('',*,*,#5133,.F.);
#7457=ORIENTED_EDGE('',*,*,#4885,.F.);
#7458=ORIENTED_EDGE('',*,*,#4623,.F.);
#7459=ORIENTED_EDGE('',*,*,#4631,.T.);
#7460=ORIENTED_EDGE('',*,*,#5134,.F.);
#7461=ORIENTED_EDGE('',*,*,#5135,.F.);
#7462=ORIENTED_EDGE('',*,*,#4621,.F.);
#7463=ORIENTED_EDGE('',*,*,#5135,.T.);
#7464=ORIENTED_EDGE('',*,*,#5136,.F.);
#7465=ORIENTED_EDGE('',*,*,#5137,.F.);
#7466=ORIENTED_EDGE('',*,*,#4619,.F.);
#7467=ORIENTED_EDGE('',*,*,#5137,.T.);
#7468=ORIENTED_EDGE('',*,*,#5138,.F.);
#7469=ORIENTED_EDGE('',*,*,#5139,.F.);
#7470=ORIENTED_EDGE('',*,*,#4617,.F.);
#7471=ORIENTED_EDGE('',*,*,#5139,.T.);
#7472=ORIENTED_EDGE('',*,*,#5140,.F.);
#7473=ORIENTED_EDGE('',*,*,#4636,.F.);
#7474=ORIENTED_EDGE('',*,*,#4648,.F.);
#7475=ORIENTED_EDGE('',*,*,#4656,.T.);
#7476=ORIENTED_EDGE('',*,*,#5141,.F.);
#7477=ORIENTED_EDGE('',*,*,#5142,.F.);
#7478=ORIENTED_EDGE('',*,*,#4646,.F.);
#7479=ORIENTED_EDGE('',*,*,#5142,.T.);
#7480=ORIENTED_EDGE('',*,*,#5143,.F.);
#7481=ORIENTED_EDGE('',*,*,#5144,.F.);
#7482=ORIENTED_EDGE('',*,*,#4644,.F.);
#7483=ORIENTED_EDGE('',*,*,#5144,.T.);
#7484=ORIENTED_EDGE('',*,*,#5145,.F.);
#7485=ORIENTED_EDGE('',*,*,#5146,.F.);
#7486=ORIENTED_EDGE('',*,*,#4642,.F.);
#7487=ORIENTED_EDGE('',*,*,#5146,.T.);
#7488=ORIENTED_EDGE('',*,*,#5147,.F.);
#7489=ORIENTED_EDGE('',*,*,#4661,.F.);
#7490=ORIENTED_EDGE('',*,*,#4673,.F.);
#7491=ORIENTED_EDGE('',*,*,#4681,.T.);
#7492=ORIENTED_EDGE('',*,*,#5148,.F.);
#7493=ORIENTED_EDGE('',*,*,#5149,.F.);
#7494=ORIENTED_EDGE('',*,*,#4671,.F.);
#7495=ORIENTED_EDGE('',*,*,#5149,.T.);
#7496=ORIENTED_EDGE('',*,*,#5150,.F.);
#7497=ORIENTED_EDGE('',*,*,#5151,.F.);
#7498=ORIENTED_EDGE('',*,*,#4669,.F.);
#7499=ORIENTED_EDGE('',*,*,#5151,.T.);
#7500=ORIENTED_EDGE('',*,*,#5152,.F.);
#7501=ORIENTED_EDGE('',*,*,#5153,.F.);
#7502=ORIENTED_EDGE('',*,*,#4667,.F.);
#7503=ORIENTED_EDGE('',*,*,#5153,.T.);
#7504=ORIENTED_EDGE('',*,*,#5154,.F.);
#7505=ORIENTED_EDGE('',*,*,#4686,.F.);
#7506=ORIENTED_EDGE('',*,*,#5015,.F.);
#7507=ORIENTED_EDGE('',*,*,#4928,.T.);
#7508=ORIENTED_EDGE('',*,*,#5155,.F.);
#7509=ORIENTED_EDGE('',*,*,#5156,.F.);
#7510=ORIENTED_EDGE('',*,*,#4919,.F.);
#7511=ORIENTED_EDGE('',*,*,#5156,.T.);
#7512=ORIENTED_EDGE('',*,*,#5157,.F.);
#7513=ORIENTED_EDGE('',*,*,#5158,.F.);
#7514=ORIENTED_EDGE('',*,*,#4917,.F.);
#7515=ORIENTED_EDGE('',*,*,#5158,.T.);
#7516=ORIENTED_EDGE('',*,*,#5159,.F.);
#7517=ORIENTED_EDGE('',*,*,#5160,.F.);
#7518=ORIENTED_EDGE('',*,*,#4915,.F.);
#7519=ORIENTED_EDGE('',*,*,#5160,.T.);
#7520=ORIENTED_EDGE('',*,*,#5161,.F.);
#7521=ORIENTED_EDGE('',*,*,#4933,.F.);
#7522=ORIENTED_EDGE('',*,*,#4842,.F.);
#7523=ORIENTED_EDGE('',*,*,#5162,.T.);
#7524=ORIENTED_EDGE('',*,*,#5163,.F.);
#7525=ORIENTED_EDGE('',*,*,#4861,.F.);
#7526=ORIENTED_EDGE('',*,*,#4848,.F.);
#7527=ORIENTED_EDGE('',*,*,#4855,.T.);
#7528=ORIENTED_EDGE('',*,*,#5164,.F.);
#7529=ORIENTED_EDGE('',*,*,#5165,.F.);
#7530=ORIENTED_EDGE('',*,*,#4846,.F.);
#7531=ORIENTED_EDGE('',*,*,#5165,.T.);
#7532=ORIENTED_EDGE('',*,*,#5166,.F.);
#7533=ORIENTED_EDGE('',*,*,#5167,.F.);
#7534=ORIENTED_EDGE('',*,*,#4844,.F.);
#7535=ORIENTED_EDGE('',*,*,#5167,.T.);
#7536=ORIENTED_EDGE('',*,*,#5168,.F.);
#7537=ORIENTED_EDGE('',*,*,#5162,.F.);
#7538=ORIENTED_EDGE('',*,*,#4795,.F.);
#7539=ORIENTED_EDGE('',*,*,#4804,.T.);
#7540=ORIENTED_EDGE('',*,*,#5169,.F.);
#7541=ORIENTED_EDGE('',*,*,#5170,.F.);
#7542=ORIENTED_EDGE('',*,*,#4793,.F.);
#7543=ORIENTED_EDGE('',*,*,#5170,.T.);
#7544=ORIENTED_EDGE('',*,*,#5171,.F.);
#7545=ORIENTED_EDGE('',*,*,#5172,.F.);
#7546=ORIENTED_EDGE('',*,*,#4791,.F.);
#7547=ORIENTED_EDGE('',*,*,#5172,.T.);
#7548=ORIENTED_EDGE('',*,*,#5173,.F.);
#7549=ORIENTED_EDGE('',*,*,#5174,.F.);
#7550=ORIENTED_EDGE('',*,*,#4788,.F.);
#7551=ORIENTED_EDGE('',*,*,#5174,.T.);
#7552=ORIENTED_EDGE('',*,*,#5175,.F.);
#7553=ORIENTED_EDGE('',*,*,#4810,.F.);
#7554=ORIENTED_EDGE('',*,*,#4698,.F.);
#7555=ORIENTED_EDGE('',*,*,#4706,.T.);
#7556=ORIENTED_EDGE('',*,*,#5176,.F.);
#7557=ORIENTED_EDGE('',*,*,#5177,.F.);
#7558=ORIENTED_EDGE('',*,*,#4696,.F.);
#7559=ORIENTED_EDGE('',*,*,#5177,.T.);
#7560=ORIENTED_EDGE('',*,*,#5178,.F.);
#7561=ORIENTED_EDGE('',*,*,#5179,.F.);
#7562=ORIENTED_EDGE('',*,*,#4694,.F.);
#7563=ORIENTED_EDGE('',*,*,#5179,.T.);
#7564=ORIENTED_EDGE('',*,*,#5180,.F.);
#7565=ORIENTED_EDGE('',*,*,#5181,.F.);
#7566=ORIENTED_EDGE('',*,*,#4692,.F.);
#7567=ORIENTED_EDGE('',*,*,#5181,.T.);
#7568=ORIENTED_EDGE('',*,*,#5182,.F.);
#7569=ORIENTED_EDGE('',*,*,#4711,.F.);
#7570=ORIENTED_EDGE('',*,*,#4746,.F.);
#7571=ORIENTED_EDGE('',*,*,#4755,.T.);
#7572=ORIENTED_EDGE('',*,*,#5183,.F.);
#7573=ORIENTED_EDGE('',*,*,#5184,.F.);
#7574=ORIENTED_EDGE('',*,*,#5014,.F.);
#7575=ORIENTED_EDGE('',*,*,#5184,.T.);
#7576=ORIENTED_EDGE('',*,*,#5185,.F.);
#7577=ORIENTED_EDGE('',*,*,#5186,.F.);
#7578=ORIENTED_EDGE('',*,*,#4744,.F.);
#7579=ORIENTED_EDGE('',*,*,#5186,.T.);
#7580=ORIENTED_EDGE('',*,*,#5187,.F.);
#7581=ORIENTED_EDGE('',*,*,#5188,.F.);
#7582=ORIENTED_EDGE('',*,*,#4742,.F.);
#7583=ORIENTED_EDGE('',*,*,#5188,.T.);
#7584=ORIENTED_EDGE('',*,*,#5189,.F.);
#7585=ORIENTED_EDGE('',*,*,#4760,.F.);
#7586=ORIENTED_EDGE('',*,*,#4968,.F.);
#7587=ORIENTED_EDGE('',*,*,#4977,.T.);
#7588=ORIENTED_EDGE('',*,*,#5190,.F.);
#7589=ORIENTED_EDGE('',*,*,#5191,.F.);
#7590=ORIENTED_EDGE('',*,*,#5013,.F.);
#7591=ORIENTED_EDGE('',*,*,#5191,.T.);
#7592=ORIENTED_EDGE('',*,*,#5192,.F.);
#7593=ORIENTED_EDGE('',*,*,#5193,.F.);
#7594=ORIENTED_EDGE('',*,*,#4966,.F.);
#7595=ORIENTED_EDGE('',*,*,#5193,.T.);
#7596=ORIENTED_EDGE('',*,*,#5194,.F.);
#7597=ORIENTED_EDGE('',*,*,#5195,.F.);
#7598=ORIENTED_EDGE('',*,*,#4964,.F.);
#7599=ORIENTED_EDGE('',*,*,#5195,.T.);
#7600=ORIENTED_EDGE('',*,*,#5196,.F.);
#7601=ORIENTED_EDGE('',*,*,#4982,.F.);
#7602=ORIENTED_EDGE('',*,*,#5024,.F.);
#7603=ORIENTED_EDGE('',*,*,#5069,.T.);
#7604=ORIENTED_EDGE('',*,*,#5197,.F.);
#7605=ORIENTED_EDGE('',*,*,#5198,.F.);
#7606=ORIENTED_EDGE('',*,*,#5058,.F.);
#7607=ORIENTED_EDGE('',*,*,#5198,.T.);
#7608=ORIENTED_EDGE('',*,*,#5199,.F.);
#7609=ORIENTED_EDGE('',*,*,#5200,.F.);
#7610=ORIENTED_EDGE('',*,*,#5061,.F.);
#7611=ORIENTED_EDGE('',*,*,#5200,.T.);
#7612=ORIENTED_EDGE('',*,*,#5201,.F.);
#7613=ORIENTED_EDGE('',*,*,#5202,.F.);
#7614=ORIENTED_EDGE('',*,*,#5063,.F.);
#7615=ORIENTED_EDGE('',*,*,#5202,.T.);
#7616=ORIENTED_EDGE('',*,*,#5203,.F.);
#7617=ORIENTED_EDGE('',*,*,#5204,.F.);
#7618=ORIENTED_EDGE('',*,*,#5065,.F.);
#7619=ORIENTED_EDGE('',*,*,#5204,.T.);
#7620=ORIENTED_EDGE('',*,*,#5205,.F.);
#7621=ORIENTED_EDGE('',*,*,#5206,.F.);
#7622=ORIENTED_EDGE('',*,*,#5066,.F.);
#7623=ORIENTED_EDGE('',*,*,#5206,.T.);
#7624=ORIENTED_EDGE('',*,*,#5207,.F.);
#7625=ORIENTED_EDGE('',*,*,#5208,.F.);
#7626=ORIENTED_EDGE('',*,*,#5021,.F.);
#7627=ORIENTED_EDGE('',*,*,#5208,.T.);
#7628=ORIENTED_EDGE('',*,*,#5209,.F.);
#7629=ORIENTED_EDGE('',*,*,#5210,.F.);
#7630=ORIENTED_EDGE('',*,*,#5031,.F.);
#7631=ORIENTED_EDGE('',*,*,#5210,.T.);
#7632=ORIENTED_EDGE('',*,*,#5211,.F.);
#7633=ORIENTED_EDGE('',*,*,#5212,.F.);
#7634=ORIENTED_EDGE('',*,*,#5034,.F.);
#7635=ORIENTED_EDGE('',*,*,#5212,.T.);
#7636=ORIENTED_EDGE('',*,*,#5213,.F.);
#7637=ORIENTED_EDGE('',*,*,#5214,.F.);
#7638=ORIENTED_EDGE('',*,*,#5036,.F.);
#7639=ORIENTED_EDGE('',*,*,#5214,.T.);
#7640=ORIENTED_EDGE('',*,*,#5215,.F.);
#7641=ORIENTED_EDGE('',*,*,#5216,.F.);
#7642=ORIENTED_EDGE('',*,*,#5039,.F.);
#7643=ORIENTED_EDGE('',*,*,#5216,.T.);
#7644=ORIENTED_EDGE('',*,*,#5217,.F.);
#7645=ORIENTED_EDGE('',*,*,#5218,.F.);
#7646=ORIENTED_EDGE('',*,*,#5038,.F.);
#7647=ORIENTED_EDGE('',*,*,#5218,.T.);
#7648=ORIENTED_EDGE('',*,*,#5219,.F.);
#7649=ORIENTED_EDGE('',*,*,#5090,.F.);
#7650=ORIENTED_EDGE('',*,*,#4723,.F.);
#7651=ORIENTED_EDGE('',*,*,#4731,.T.);
#7652=ORIENTED_EDGE('',*,*,#5220,.F.);
#7653=ORIENTED_EDGE('',*,*,#5221,.F.);
#7654=ORIENTED_EDGE('',*,*,#4721,.F.);
#7655=ORIENTED_EDGE('',*,*,#5221,.T.);
#7656=ORIENTED_EDGE('',*,*,#5222,.F.);
#7657=ORIENTED_EDGE('',*,*,#5223,.F.);
#7658=ORIENTED_EDGE('',*,*,#4719,.F.);
#7659=ORIENTED_EDGE('',*,*,#5223,.T.);
#7660=ORIENTED_EDGE('',*,*,#5224,.F.);
#7661=ORIENTED_EDGE('',*,*,#5225,.F.);
#7662=ORIENTED_EDGE('',*,*,#4717,.F.);
#7663=ORIENTED_EDGE('',*,*,#5225,.T.);
#7664=ORIENTED_EDGE('',*,*,#5226,.F.);
#7665=ORIENTED_EDGE('',*,*,#4736,.F.);
#7666=ORIENTED_EDGE('',*,*,#5017,.T.);
#7667=ORIENTED_EDGE('',*,*,#4737,.T.);
#7668=ORIENTED_EDGE('',*,*,#5226,.T.);
#7669=ORIENTED_EDGE('',*,*,#5224,.T.);
#7670=ORIENTED_EDGE('',*,*,#5222,.T.);
#7671=ORIENTED_EDGE('',*,*,#5220,.T.);
#7672=ORIENTED_EDGE('',*,*,#4730,.T.);
#7673=ORIENTED_EDGE('',*,*,#4733,.T.);
#7674=ORIENTED_EDGE('',*,*,#4735,.T.);
#7675=ORIENTED_EDGE('',*,*,#5077,.T.);
#7676=ORIENTED_EDGE('',*,*,#5079,.T.);
#7677=ORIENTED_EDGE('',*,*,#5081,.T.);
#7678=ORIENTED_EDGE('',*,*,#5083,.T.);
#7679=ORIENTED_EDGE('',*,*,#5085,.T.);
#7680=ORIENTED_EDGE('',*,*,#5087,.T.);
#7681=ORIENTED_EDGE('',*,*,#5089,.T.);
#7682=ORIENTED_EDGE('',*,*,#5091,.T.);
#7683=ORIENTED_EDGE('',*,*,#5219,.T.);
#7684=ORIENTED_EDGE('',*,*,#5217,.T.);
#7685=ORIENTED_EDGE('',*,*,#5215,.T.);
#7686=ORIENTED_EDGE('',*,*,#5213,.T.);
#7687=ORIENTED_EDGE('',*,*,#5211,.T.);
#7688=ORIENTED_EDGE('',*,*,#5209,.T.);
#7689=ORIENTED_EDGE('',*,*,#5207,.T.);
#7690=ORIENTED_EDGE('',*,*,#5205,.T.);
#7691=ORIENTED_EDGE('',*,*,#5203,.T.);
#7692=ORIENTED_EDGE('',*,*,#5201,.T.);
#7693=ORIENTED_EDGE('',*,*,#5199,.T.);
#7694=ORIENTED_EDGE('',*,*,#5197,.T.);
#7695=ORIENTED_EDGE('',*,*,#5068,.T.);
#7696=ORIENTED_EDGE('',*,*,#5071,.T.);
#7697=ORIENTED_EDGE('',*,*,#5073,.T.);
#7698=ORIENTED_EDGE('',*,*,#5075,.T.);
#7699=ORIENTED_EDGE('',*,*,#4979,.T.);
#7700=ORIENTED_EDGE('',*,*,#4981,.T.);
#7701=ORIENTED_EDGE('',*,*,#4983,.T.);
#7702=ORIENTED_EDGE('',*,*,#5196,.T.);
#7703=ORIENTED_EDGE('',*,*,#5194,.T.);
#7704=ORIENTED_EDGE('',*,*,#5192,.T.);
#7705=ORIENTED_EDGE('',*,*,#5190,.T.);
#7706=ORIENTED_EDGE('',*,*,#4976,.T.);
#7707=ORIENTED_EDGE('',*,*,#4757,.T.);
#7708=ORIENTED_EDGE('',*,*,#4759,.T.);
#7709=ORIENTED_EDGE('',*,*,#4761,.T.);
#7710=ORIENTED_EDGE('',*,*,#5189,.T.);
#7711=ORIENTED_EDGE('',*,*,#5187,.T.);
#7712=ORIENTED_EDGE('',*,*,#5185,.T.);
#7713=ORIENTED_EDGE('',*,*,#5183,.T.);
#7714=ORIENTED_EDGE('',*,*,#4754,.T.);
#7715=ORIENTED_EDGE('',*,*,#4712,.T.);
#7716=ORIENTED_EDGE('',*,*,#5182,.T.);
#7717=ORIENTED_EDGE('',*,*,#5180,.T.);
#7718=ORIENTED_EDGE('',*,*,#5178,.T.);
#7719=ORIENTED_EDGE('',*,*,#5176,.T.);
#7720=ORIENTED_EDGE('',*,*,#4705,.T.);
#7721=ORIENTED_EDGE('',*,*,#4708,.T.);
#7722=ORIENTED_EDGE('',*,*,#4710,.T.);
#7723=ORIENTED_EDGE('',*,*,#4803,.T.);
#7724=ORIENTED_EDGE('',*,*,#4806,.T.);
#7725=ORIENTED_EDGE('',*,*,#4808,.T.);
#7726=ORIENTED_EDGE('',*,*,#4811,.T.);
#7727=ORIENTED_EDGE('',*,*,#5175,.T.);
#7728=ORIENTED_EDGE('',*,*,#5173,.T.);
#7729=ORIENTED_EDGE('',*,*,#5171,.T.);
#7730=ORIENTED_EDGE('',*,*,#5169,.T.);
#7731=ORIENTED_EDGE('',*,*,#5168,.T.);
#7732=ORIENTED_EDGE('',*,*,#5166,.T.);
#7733=ORIENTED_EDGE('',*,*,#5164,.T.);
#7734=ORIENTED_EDGE('',*,*,#4854,.T.);
#7735=ORIENTED_EDGE('',*,*,#4857,.T.);
#7736=ORIENTED_EDGE('',*,*,#4860,.T.);
#7737=ORIENTED_EDGE('',*,*,#4862,.T.);
#7738=ORIENTED_EDGE('',*,*,#5163,.T.);
#7739=ORIENTED_EDGE('',*,*,#4932,.T.);
#7740=ORIENTED_EDGE('',*,*,#4934,.T.);
#7741=ORIENTED_EDGE('',*,*,#5161,.T.);
#7742=ORIENTED_EDGE('',*,*,#5159,.T.);
#7743=ORIENTED_EDGE('',*,*,#5157,.T.);
#7744=ORIENTED_EDGE('',*,*,#5155,.T.);
#7745=ORIENTED_EDGE('',*,*,#4927,.T.);
#7746=ORIENTED_EDGE('',*,*,#4930,.T.);
#7747=ORIENTED_EDGE('',*,*,#4687,.T.);
#7748=ORIENTED_EDGE('',*,*,#5154,.T.);
#7749=ORIENTED_EDGE('',*,*,#5152,.T.);
#7750=ORIENTED_EDGE('',*,*,#5150,.T.);
#7751=ORIENTED_EDGE('',*,*,#5148,.T.);
#7752=ORIENTED_EDGE('',*,*,#4680,.T.);
#7753=ORIENTED_EDGE('',*,*,#4683,.T.);
#7754=ORIENTED_EDGE('',*,*,#4685,.T.);
#7755=ORIENTED_EDGE('',*,*,#4662,.T.);
#7756=ORIENTED_EDGE('',*,*,#5147,.T.);
#7757=ORIENTED_EDGE('',*,*,#5145,.T.);
#7758=ORIENTED_EDGE('',*,*,#5143,.T.);
#7759=ORIENTED_EDGE('',*,*,#5141,.T.);
#7760=ORIENTED_EDGE('',*,*,#4655,.T.);
#7761=ORIENTED_EDGE('',*,*,#4658,.T.);
#7762=ORIENTED_EDGE('',*,*,#4660,.T.);
#7763=ORIENTED_EDGE('',*,*,#4637,.T.);
#7764=ORIENTED_EDGE('',*,*,#5140,.T.);
#7765=ORIENTED_EDGE('',*,*,#5138,.T.);
#7766=ORIENTED_EDGE('',*,*,#5136,.T.);
#7767=ORIENTED_EDGE('',*,*,#5134,.T.);
#7768=ORIENTED_EDGE('',*,*,#4630,.T.);
#7769=ORIENTED_EDGE('',*,*,#4633,.T.);
#7770=ORIENTED_EDGE('',*,*,#4635,.T.);
#7771=ORIENTED_EDGE('',*,*,#4882,.T.);
#7772=ORIENTED_EDGE('',*,*,#4884,.T.);
#7773=ORIENTED_EDGE('',*,*,#4886,.T.);
#7774=ORIENTED_EDGE('',*,*,#5133,.T.);
#7775=ORIENTED_EDGE('',*,*,#5131,.T.);
#7776=ORIENTED_EDGE('',*,*,#5129,.T.);
#7777=ORIENTED_EDGE('',*,*,#5127,.T.);
#7778=ORIENTED_EDGE('',*,*,#4879,.T.);
#7779=ORIENTED_EDGE('',*,*,#4778,.T.);
#7780=ORIENTED_EDGE('',*,*,#4781,.T.);
#7781=ORIENTED_EDGE('',*,*,#4783,.T.);
#7782=ORIENTED_EDGE('',*,*,#4786,.T.);
#7783=ORIENTED_EDGE('',*,*,#5126,.T.);
#7784=ORIENTED_EDGE('',*,*,#5124,.T.);
#7785=ORIENTED_EDGE('',*,*,#5122,.T.);
#7786=ORIENTED_EDGE('',*,*,#5120,.T.);
#7787=ORIENTED_EDGE('',*,*,#4612,.T.);
#7788=ORIENTED_EDGE('',*,*,#5119,.T.);
#7789=ORIENTED_EDGE('',*,*,#5117,.T.);
#7790=ORIENTED_EDGE('',*,*,#5115,.T.);
#7791=ORIENTED_EDGE('',*,*,#5113,.T.);
#7792=ORIENTED_EDGE('',*,*,#4605,.T.);
#7793=ORIENTED_EDGE('',*,*,#4608,.T.);
#7794=ORIENTED_EDGE('',*,*,#4610,.T.);
#7795=ORIENTED_EDGE('',*,*,#5112,.T.);
#7796=ORIENTED_EDGE('',*,*,#5110,.T.);
#7797=ORIENTED_EDGE('',*,*,#4951,.T.);
#7798=ORIENTED_EDGE('',*,*,#4954,.T.);
#7799=ORIENTED_EDGE('',*,*,#4956,.T.);
#7800=ORIENTED_EDGE('',*,*,#4959,.T.);
#7801=ORIENTED_EDGE('',*,*,#5109,.T.);
#7802=ORIENTED_EDGE('',*,*,#5107,.T.);
#7803=ORIENTED_EDGE('',*,*,#5008,.T.);
#7804=ORIENTED_EDGE('',*,*,#5105,.T.);
#7805=ORIENTED_EDGE('',*,*,#5103,.T.);
#7806=ORIENTED_EDGE('',*,*,#5101,.T.);
#7807=ORIENTED_EDGE('',*,*,#5099,.T.);
#7808=ORIENTED_EDGE('',*,*,#5001,.T.);
#7809=ORIENTED_EDGE('',*,*,#5004,.T.);
#7810=ORIENTED_EDGE('',*,*,#5006,.T.);
#7811=ORIENTED_EDGE('',*,*,#5098,.T.);
#7812=ORIENTED_EDGE('',*,*,#4903,.T.);
#7813=ORIENTED_EDGE('',*,*,#4906,.T.);
#7814=ORIENTED_EDGE('',*,*,#4908,.T.);
#7815=ORIENTED_EDGE('',*,*,#4910,.T.);
#7816=ORIENTED_EDGE('',*,*,#5097,.T.);
#7817=ORIENTED_EDGE('',*,*,#5095,.T.);
#7818=ORIENTED_EDGE('',*,*,#5093,.T.);
#7819=CYLINDRICAL_SURFACE('',#8597,3.);
#7820=CYLINDRICAL_SURFACE('',#8608,3.);
#7821=CYLINDRICAL_SURFACE('',#8609,2.5);
#7822=CYLINDRICAL_SURFACE('',#8614,2.5);
#7823=CYLINDRICAL_SURFACE('',#8624,2.);
#7824=CYLINDRICAL_SURFACE('',#8651,3.);
#7825=CYLINDRICAL_SURFACE('',#8659,3.);
#7826=CYLINDRICAL_SURFACE('',#8675,3.);
#7827=CYLINDRICAL_SURFACE('',#8685,3.);
#7828=CYLINDRICAL_SURFACE('',#8700,3.);
#7829=CYLINDRICAL_SURFACE('',#8709,3.);
#7830=CYLINDRICAL_SURFACE('',#8722,3.);
#7831=CYLINDRICAL_SURFACE('',#8730,3.);
#7832=CYLINDRICAL_SURFACE('',#8736,0.5);
#7833=CYLINDRICAL_SURFACE('',#8741,0.5);
#7834=CYLINDRICAL_SURFACE('',#8746,0.5);
#7835=CYLINDRICAL_SURFACE('',#8747,0.5);
#7836=CYLINDRICAL_SURFACE('',#8752,0.5);
#7837=CYLINDRICAL_SURFACE('',#8753,0.5);
#7838=CYLINDRICAL_SURFACE('',#8754,0.5);
#7839=CYLINDRICAL_SURFACE('',#8755,0.5);
#7840=CYLINDRICAL_SURFACE('',#8763,3.);
#7841=CYLINDRICAL_SURFACE('',#8768,3.);
#7842=CYLINDRICAL_SURFACE('',#8770,3.);
#7843=CYLINDRICAL_SURFACE('',#8775,2.5);
#7844=CYLINDRICAL_SURFACE('',#8780,3.);
#7845=CYLINDRICAL_SURFACE('',#8790,3.);
#7846=CYLINDRICAL_SURFACE('',#8800,2.5);
#7847=CYLINDRICAL_SURFACE('',#8805,3.);
#7848=CYLINDRICAL_SURFACE('',#8811,2.5);
#7849=CYLINDRICAL_SURFACE('',#8814,2.5);
#7850=CYLINDRICAL_SURFACE('',#8829,2.5);
#7851=CYLINDRICAL_SURFACE('',#8836,2.5);
#7852=CYLINDRICAL_SURFACE('',#8839,2.5);
#7853=CYLINDRICAL_SURFACE('',#8844,2.5);
#7854=CYLINDRICAL_SURFACE('',#8847,2.5);
#7855=CYLINDRICAL_SURFACE('',#8852,2.5);
#7856=CYLINDRICAL_SURFACE('',#8853,2.5);
#7857=CYLINDRICAL_SURFACE('',#8854,2.5);
#7858=CYLINDRICAL_SURFACE('',#8855,2.5);
#7859=CYLINDRICAL_SURFACE('',#8856,2.5);
#7860=CYLINDRICAL_SURFACE('',#8857,2.5);
#7861=CYLINDRICAL_SURFACE('',#8858,2.5);
#7862=CYLINDRICAL_SURFACE('',#8859,2.5);
#7863=CYLINDRICAL_SURFACE('',#8863,3.);
#7864=CYLINDRICAL_SURFACE('',#8865,2.5);
#7865=CYLINDRICAL_SURFACE('',#8870,2.5);
#7866=CYLINDRICAL_SURFACE('',#8876,3.);
#7867=CYLINDRICAL_SURFACE('',#8877,2.5);
#7868=CYLINDRICAL_SURFACE('',#8883,3.);
#7869=CYLINDRICAL_SURFACE('',#8894,3.);
#7870=CYLINDRICAL_SURFACE('',#8912,3.);
#7871=CYLINDRICAL_SURFACE('',#8928,3.);
#7872=CYLINDRICAL_SURFACE('',#8938,3.);
#7873=CYLINDRICAL_SURFACE('',#8964,0.5);
#7874=CYLINDRICAL_SURFACE('',#8973,0.5);
#7875=CYLINDRICAL_SURFACE('',#8974,0.5);
#7876=CYLINDRICAL_SURFACE('',#8975,0.5);
#7877=CYLINDRICAL_SURFACE('',#8981,0.5);
#7878=CYLINDRICAL_SURFACE('',#8991,0.5);
#7879=CYLINDRICAL_SURFACE('',#8992,0.5);
#7880=CYLINDRICAL_SURFACE('',#8993,0.5);
#7881=CYLINDRICAL_SURFACE('',#8994,0.5);
#7882=CYLINDRICAL_SURFACE('',#8995,0.5);
#7883=CYLINDRICAL_SURFACE('',#8996,0.5);
#7884=CYLINDRICAL_SURFACE('',#8997,0.5);
#7885=CYLINDRICAL_SURFACE('',#8998,0.5);
#7886=CYLINDRICAL_SURFACE('',#9003,0.5);
#7887=CYLINDRICAL_SURFACE('',#9004,0.5);
#7888=CYLINDRICAL_SURFACE('',#9010,2.);
#7889=CYLINDRICAL_SURFACE('',#9018,3.);
#7890=CYLINDRICAL_SURFACE('',#9030,3.);
#7891=CYLINDRICAL_SURFACE('',#9044,2.5);
#7892=CYLINDRICAL_SURFACE('',#9047,2.5);
#7893=CYLINDRICAL_SURFACE('',#9056,3.);
#7894=CYLINDRICAL_SURFACE('',#9059,2.5);
#7895=CYLINDRICAL_SURFACE('',#9062,2.5);
#7896=CYLINDRICAL_SURFACE('',#9075,2.5);
#7897=CYLINDRICAL_SURFACE('',#9078,2.5);
#7898=CYLINDRICAL_SURFACE('',#9085,2.5);
#7899=CYLINDRICAL_SURFACE('',#9088,2.5);
#7900=CYLINDRICAL_SURFACE('',#9093,2.5);
#7901=CYLINDRICAL_SURFACE('',#9097,2.5);
#7902=CYLINDRICAL_SURFACE('',#9101,2.5);
#7903=CYLINDRICAL_SURFACE('',#9102,2.5);
#7904=CYLINDRICAL_SURFACE('',#9103,2.5);
#7905=CYLINDRICAL_SURFACE('',#9104,2.5);
#7906=CYLINDRICAL_SURFACE('',#9106,2.5);
#7907=CYLINDRICAL_SURFACE('',#9107,2.5);
#7908=CYLINDRICAL_SURFACE('',#9108,2.5);
#7909=CYLINDRICAL_SURFACE('',#9109,2.5);
#7910=CYLINDRICAL_SURFACE('',#9130,0.5);
#7911=CYLINDRICAL_SURFACE('',#9141,0.5);
#7912=CYLINDRICAL_SURFACE('',#9236,11.0000005364418);
#7913=CYLINDRICAL_SURFACE('',#9239,0.500000000000004);
#7914=CYLINDRICAL_SURFACE('',#9242,0.499999999999992);
#7915=CYLINDRICAL_SURFACE('',#9254,0.5);
#7916=CYLINDRICAL_SURFACE('',#9263,0.5);
#7917=CYLINDRICAL_SURFACE('',#9264,11.0000005364418);
#7918=CYLINDRICAL_SURFACE('',#9267,0.500000000000009);
#7919=CYLINDRICAL_SURFACE('',#9270,0.499999999999999);
#7920=CYLINDRICAL_SURFACE('',#9282,0.5);
#7921=CYLINDRICAL_SURFACE('',#9291,0.5);
#7922=CYLINDRICAL_SURFACE('',#9292,11.0000005364418);
#7923=CYLINDRICAL_SURFACE('',#9295,0.499999999999999);
#7924=CYLINDRICAL_SURFACE('',#9298,0.499999999999999);
#7925=CYLINDRICAL_SURFACE('',#9310,0.5);
#7926=CYLINDRICAL_SURFACE('',#9319,0.5);
#7927=CYLINDRICAL_SURFACE('',#9320,11.0000005364418);
#7928=CYLINDRICAL_SURFACE('',#9323,0.499999999999977);
#7929=CYLINDRICAL_SURFACE('',#9326,0.499999999999986);
#7930=CYLINDRICAL_SURFACE('',#9338,0.5);
#7931=CYLINDRICAL_SURFACE('',#9347,0.5);
#7932=CYLINDRICAL_SURFACE('',#9348,11.0000005364418);
#7933=CYLINDRICAL_SURFACE('',#9351,0.500000000000003);
#7934=CYLINDRICAL_SURFACE('',#9354,0.500000000000012);
#7935=CYLINDRICAL_SURFACE('',#9366,0.5);
#7936=CYLINDRICAL_SURFACE('',#9375,0.5);
#7937=CYLINDRICAL_SURFACE('',#9376,11.0000005364418);
#7938=CYLINDRICAL_SURFACE('',#9379,0.499999999999992);
#7939=CYLINDRICAL_SURFACE('',#9382,0.500000000000022);
#7940=CYLINDRICAL_SURFACE('',#9388,0.5);
#7941=CYLINDRICAL_SURFACE('',#9397,0.5);
#7942=CYLINDRICAL_SURFACE('',#9405,0.499999999999974);
#7943=CYLINDRICAL_SURFACE('',#9407,6.00000000000001);
#7944=CYLINDRICAL_SURFACE('',#9409,0.499999999999998);
#7945=CYLINDRICAL_SURFACE('',#9415,0.5);
#7946=CYLINDRICAL_SURFACE('',#9426,0.5);
#7947=CYLINDRICAL_SURFACE('',#9431,0.499999999999998);
#7948=CYLINDRICAL_SURFACE('',#9434,0.499999999999989);
#7949=CYLINDRICAL_SURFACE('',#9436,11.0000005364418);
#7950=CYLINDRICAL_SURFACE('',#9443,0.5);
#7951=CYLINDRICAL_SURFACE('',#9454,0.5);
#7952=CYLINDRICAL_SURFACE('',#9459,0.499999999999998);
#7953=CYLINDRICAL_SURFACE('',#9462,0.500000000000008);
#7954=CYLINDRICAL_SURFACE('',#9464,11.0000005364418);
#7955=CYLINDRICAL_SURFACE('',#9472,4.);
#7956=CYLINDRICAL_SURFACE('',#9487,0.5);
#7957=CYLINDRICAL_SURFACE('',#9498,0.5);
#7958=CYLINDRICAL_SURFACE('',#9504,0.499999999999998);
#7959=CYLINDRICAL_SURFACE('',#9506,11.0000005364418);
#7960=CYLINDRICAL_SURFACE('',#9509,0.500000000000002);
#7961=CYLINDRICAL_SURFACE('',#9515,0.5);
#7962=CYLINDRICAL_SURFACE('',#9524,0.5);
#7963=CYLINDRICAL_SURFACE('',#9532,0.500000000000003);
#7964=CYLINDRICAL_SURFACE('',#9534,6.);
#7965=CYLINDRICAL_SURFACE('',#9536,0.499999999999994);
#7966=CYLINDRICAL_SURFACE('',#9546,0.5);
#7967=CYLINDRICAL_SURFACE('',#9557,0.5);
#7968=CYLINDRICAL_SURFACE('',#9558,6.);
#7969=CYLINDRICAL_SURFACE('',#9560,0.499999999999998);
#7970=CYLINDRICAL_SURFACE('',#9563,0.499999999999997);
#7971=CYLINDRICAL_SURFACE('',#9572,0.5);
#7972=CYLINDRICAL_SURFACE('',#9581,0.5);
#7973=CYLINDRICAL_SURFACE('',#9585,0.500000000000003);
#7974=CYLINDRICAL_SURFACE('',#9588,0.499999999999994);
#7975=CYLINDRICAL_SURFACE('',#9590,6.);
#7976=CYLINDRICAL_SURFACE('',#9596,0.5);
#7977=CYLINDRICAL_SURFACE('',#9607,0.5);
#7978=CYLINDRICAL_SURFACE('',#9612,0.500000000000012);
#7979=CYLINDRICAL_SURFACE('',#9615,0.499999999999996);
#7980=CYLINDRICAL_SURFACE('',#9617,11.0000005364418);
#7981=CYLINDRICAL_SURFACE('',#9624,0.5);
#7982=CYLINDRICAL_SURFACE('',#9633,0.5);
#7983=CYLINDRICAL_SURFACE('',#9641,0.499999999999999);
#7984=CYLINDRICAL_SURFACE('',#9643,6.);
#7985=CYLINDRICAL_SURFACE('',#9645,0.499999999999993);
#7986=CYLINDRICAL_SURFACE('',#9657,0.5);
#7987=CYLINDRICAL_SURFACE('',#9666,0.5);
#7988=CYLINDRICAL_SURFACE('',#9667,11.0000005364418);
#7989=CYLINDRICAL_SURFACE('',#9670,0.500000000000003);
#7990=CYLINDRICAL_SURFACE('',#9673,0.50000000000003);
#7991=CYLINDRICAL_SURFACE('',#9685,12.0000000149012);
#7992=CYLINDRICAL_SURFACE('',#9699,0.5);
#7993=CYLINDRICAL_SURFACE('',#9704,0.5);
#7994=CYLINDRICAL_SURFACE('',#9706,0.5);
#7995=CYLINDRICAL_SURFACE('',#9710,0.5);
#7996=CYLINDRICAL_SURFACE('',#9715,0.5);
#7997=CYLINDRICAL_SURFACE('',#9720,0.5);
#7998=CYLINDRICAL_SURFACE('',#9721,0.5);
#7999=CYLINDRICAL_SURFACE('',#9726,0.5);
#8000=CYLINDRICAL_SURFACE('',#9731,0.5);
#8001=CYLINDRICAL_SURFACE('',#9732,0.5);
#8002=CYLINDRICAL_SURFACE('',#9737,0.5);
#8003=CYLINDRICAL_SURFACE('',#9742,0.5);
#8004=CYLINDRICAL_SURFACE('',#9744,0.0999999999999979);
#8005=CYLINDRICAL_SURFACE('',#9747,0.100000000000016);
#8006=CYLINDRICAL_SURFACE('',#9750,0.400000000000009);
#8007=CYLINDRICAL_SURFACE('',#9753,0.0999999999999979);
#8008=CYLINDRICAL_SURFACE('',#9756,0.100000000000002);
#8009=CYLINDRICAL_SURFACE('',#9759,0.4);
#8010=CYLINDRICAL_SURFACE('',#9762,0.499999999999999);
#8011=CYLINDRICAL_SURFACE('',#9764,11.0000005364418);
#8012=CYLINDRICAL_SURFACE('',#9766,0.500000000000012);
#8013=CYLINDRICAL_SURFACE('',#9768,0.499999999999993);
#8014=CYLINDRICAL_SURFACE('',#9771,0.500000000000012);
#8015=CYLINDRICAL_SURFACE('',#9773,6.);
#8016=CYLINDRICAL_SURFACE('',#9776,0.499999999999999);
#8017=CYLINDRICAL_SURFACE('',#9778,6.);
#8018=CYLINDRICAL_SURFACE('',#9780,0.499999999999987);
#8019=CYLINDRICAL_SURFACE('',#9782,0.499999999999996);
#8020=CYLINDRICAL_SURFACE('',#9785,0.500000000000005);
#8021=CYLINDRICAL_SURFACE('',#9787,6.);
#8022=CYLINDRICAL_SURFACE('',#9789,5.99999999999999);
#8023=CYLINDRICAL_SURFACE('',#9791,0.500000000000012);
#8024=CYLINDRICAL_SURFACE('',#9794,0.500000000000009);
#8025=CYLINDRICAL_SURFACE('',#9796,0.500000000000003);
#8026=CYLINDRICAL_SURFACE('',#9798,11.0000005364418);
#8027=CYLINDRICAL_SURFACE('',#9800,0.50000000000001);
#8028=CYLINDRICAL_SURFACE('',#9803,0.5);
#8029=CYLINDRICAL_SURFACE('',#9806,0.500000000000004);
#8030=CYLINDRICAL_SURFACE('',#9808,6.);
#8031=CYLINDRICAL_SURFACE('',#9810,0.499999999999998);
#8032=CYLINDRICAL_SURFACE('',#9813,0.500000000000015);
#8033=CYLINDRICAL_SURFACE('',#9815,6.);
#8034=CYLINDRICAL_SURFACE('',#9817,0.500000000000005);
#8035=CYLINDRICAL_SURFACE('',#9820,0.500000000000012);
#8036=CYLINDRICAL_SURFACE('',#9822,6.00000000000001);
#8037=CYLINDRICAL_SURFACE('',#9824,11.0000005364418);
#8038=CYLINDRICAL_SURFACE('',#9826,0.499999999999992);
#8039=CYLINDRICAL_SURFACE('',#9829,0.500000000000004);
#8040=CYLINDRICAL_SURFACE('',#9832,0.499999999999998);
#8041=CYLINDRICAL_SURFACE('',#9834,6.00000000000001);
#8042=CYLINDRICAL_SURFACE('',#9836,0.499999999999995);
#8043=CYLINDRICAL_SURFACE('',#9838,5.99999999999999);
#8044=CYLINDRICAL_SURFACE('',#9840,0.500000000000023);
#8045=CYLINDRICAL_SURFACE('',#9843,0.500000000000003);
#8046=CYLINDRICAL_SURFACE('',#9845,0.5);
#8047=CYLINDRICAL_SURFACE('',#9848,0.499999999999995);
#8048=CYLINDRICAL_SURFACE('',#9850,5.99999999999999);
#8049=CYLINDRICAL_SURFACE('',#9852,0.500000000000003);
#8050=CYLINDRICAL_SURFACE('',#9854,11.0000005364418);
#8051=CYLINDRICAL_SURFACE('',#9856,0.499999999999984);
#8052=CYLINDRICAL_SURFACE('',#9859,0.499999999999997);
#8053=CYLINDRICAL_SURFACE('',#9861,11.0000005364418);
#8054=CYLINDRICAL_SURFACE('',#9863,0.500000000000003);
#8055=CYLINDRICAL_SURFACE('',#9866,0.4);
#8056=CYLINDRICAL_SURFACE('',#9869,0.0999999999999979);
#8057=CYLINDRICAL_SURFACE('',#9872,0.0999999999999979);
#8058=CYLINDRICAL_SURFACE('',#9875,0.399999999999991);
#8059=CYLINDRICAL_SURFACE('',#9878,0.0999999999999979);
#8060=CYLINDRICAL_SURFACE('',#9881,0.0999999999999979);
#8061=CYLINDRICAL_SURFACE('',#9884,0.499999999999988);
#8062=CYLINDRICAL_SURFACE('',#9887,0.499999999999996);
#8063=CYLINDRICAL_SURFACE('',#9889,6.);
#8064=ADVANCED_FACE('',(#402,#367,#368),#7819,.F.);
#8065=ADVANCED_FACE('',(#403,#369),#220,.T.);
#8066=ADVANCED_FACE('',(#404),#221,.T.);
#8067=ADVANCED_FACE('',(#405),#222,.F.);
#8068=ADVANCED_FACE('',(#406),#7820,.F.);
#8069=ADVANCED_FACE('',(#407),#7821,.F.);
#8070=ADVANCED_FACE('',(#408),#223,.T.);
#8071=ADVANCED_FACE('',(#409),#7822,.F.);
#8072=ADVANCED_FACE('',(#410),#224,.T.);
#8073=ADVANCED_FACE('',(#411),#225,.T.);
#8074=ADVANCED_FACE('',(#412),#226,.F.);
#8075=ADVANCED_FACE('',(#413),#227,.F.);
#8076=ADVANCED_FACE('',(#414),#228,.F.);
#8077=ADVANCED_FACE('',(#415),#7823,.F.);
#8078=ADVANCED_FACE('',(#416),#229,.T.);
#8079=ADVANCED_FACE('',(#417),#230,.T.);
#8080=ADVANCED_FACE('',(#418),#231,.T.);
#8081=ADVANCED_FACE('',(#419),#232,.T.);
#8082=ADVANCED_FACE('',(#420),#233,.T.);
#8083=ADVANCED_FACE('',(#421),#234,.T.);
#8084=ADVANCED_FACE('',(#422),#235,.T.);
#8085=ADVANCED_FACE('',(#423),#236,.T.);
#8086=ADVANCED_FACE('',(#424),#237,.T.);
#8087=ADVANCED_FACE('',(#425),#238,.T.);
#8088=ADVANCED_FACE('',(#426),#239,.T.);
#8089=ADVANCED_FACE('',(#427,#370,#371,#372),#240,.F.);
#8090=ADVANCED_FACE('',(#428),#114,.T.);
#8091=ADVANCED_FACE('',(#429),#241,.T.);
#8092=ADVANCED_FACE('',(#430),#7824,.F.);
#8093=ADVANCED_FACE('',(#431),#115,.T.);
#8094=ADVANCED_FACE('',(#432),#242,.T.);
#8095=ADVANCED_FACE('',(#433),#7825,.F.);
#8096=ADVANCED_FACE('',(#434),#116,.T.);
#8097=ADVANCED_FACE('',(#435),#243,.T.);
#8098=ADVANCED_FACE('',(#436),#244,.T.);
#8099=ADVANCED_FACE('',(#437),#7826,.F.);
#8100=ADVANCED_FACE('',(#438),#117,.T.);
#8101=ADVANCED_FACE('',(#439),#245,.T.);
#8102=ADVANCED_FACE('',(#440),#7827,.F.);
#8103=ADVANCED_FACE('',(#441),#118,.T.);
#8104=ADVANCED_FACE('',(#442),#246,.T.);
#8105=ADVANCED_FACE('',(#443),#247,.T.);
#8106=ADVANCED_FACE('',(#444),#7828,.F.);
#8107=ADVANCED_FACE('',(#445),#119,.T.);
#8108=ADVANCED_FACE('',(#446),#7829,.F.);
#8109=ADVANCED_FACE('',(#447),#120,.T.);
#8110=ADVANCED_FACE('',(#448),#248,.T.);
#8111=ADVANCED_FACE('',(#449),#249,.T.);
#8112=ADVANCED_FACE('',(#450),#7830,.F.);
#8113=ADVANCED_FACE('',(#451),#121,.T.);
#8114=ADVANCED_FACE('',(#452),#250,.T.);
#8115=ADVANCED_FACE('',(#453),#7831,.F.);
#8116=ADVANCED_FACE('',(#454),#24,.T.);
#8117=ADVANCED_FACE('',(#455),#7832,.T.);
#8118=ADVANCED_FACE('',(#456),#25,.T.);
#8119=ADVANCED_FACE('',(#457),#7833,.T.);
#8120=ADVANCED_FACE('',(#458),#26,.T.);
#8121=ADVANCED_FACE('',(#459),#7834,.T.);
#8122=ADVANCED_FACE('',(#460),#7835,.T.);
#8123=ADVANCED_FACE('',(#461),#27,.T.);
#8124=ADVANCED_FACE('',(#462),#7836,.T.);
#8125=ADVANCED_FACE('',(#463),#7837,.T.);
#8126=ADVANCED_FACE('',(#464),#7838,.T.);
#8127=ADVANCED_FACE('',(#465),#7839,.T.);
#8128=ADVANCED_FACE('',(#466,#373),#251,.T.);
#8129=ADVANCED_FACE('',(#467),#122,.T.);
#8130=ADVANCED_FACE('',(#468),#7840,.F.);
#8131=ADVANCED_FACE('',(#469),#123,.T.);
#8132=ADVANCED_FACE('',(#470),#7841,.F.);
#8133=ADVANCED_FACE('',(#471),#7842,.F.);
#8134=ADVANCED_FACE('',(#472,#374),#252,.F.);
#8135=ADVANCED_FACE('',(#473,#375),#253,.F.);
#8136=ADVANCED_FACE('',(#474),#7843,.F.);
#8137=ADVANCED_FACE('',(#475),#254,.F.);
#8138=ADVANCED_FACE('',(#476),#255,.F.);
#8139=ADVANCED_FACE('',(#477),#7844,.F.);
#8140=ADVANCED_FACE('',(#478),#256,.F.);
#8141=ADVANCED_FACE('',(#479),#257,.F.);
#8142=ADVANCED_FACE('',(#480),#7845,.F.);
#8143=ADVANCED_FACE('',(#481),#258,.F.);
#8144=ADVANCED_FACE('',(#482),#259,.F.);
#8145=ADVANCED_FACE('',(#483),#7846,.F.);
#8146=ADVANCED_FACE('',(#484),#260,.T.);
#8147=ADVANCED_FACE('',(#485),#7847,.F.);
#8148=ADVANCED_FACE('',(#486),#261,.T.);
#8149=ADVANCED_FACE('',(#487),#7848,.F.);
#8150=ADVANCED_FACE('',(#488),#7849,.F.);
#8151=ADVANCED_FACE('',(#489),#262,.F.);
#8152=ADVANCED_FACE('',(#490),#263,.T.);
#8153=ADVANCED_FACE('',(#491),#264,.T.);
#8154=ADVANCED_FACE('',(#492),#265,.T.);
#8155=ADVANCED_FACE('',(#493),#266,.T.);
#8156=ADVANCED_FACE('',(#494),#267,.F.);
#8157=ADVANCED_FACE('',(#495),#7850,.F.);
#8158=ADVANCED_FACE('',(#496),#268,.T.);
#8159=ADVANCED_FACE('',(#497),#269,.T.);
#8160=ADVANCED_FACE('',(#498),#7851,.F.);
#8161=ADVANCED_FACE('',(#499),#7852,.F.);
#8162=ADVANCED_FACE('',(#500),#270,.F.);
#8163=ADVANCED_FACE('',(#501),#7853,.F.);
#8164=ADVANCED_FACE('',(#502),#7854,.F.);
#8165=ADVANCED_FACE('',(#503),#271,.T.);
#8166=ADVANCED_FACE('',(#504),#272,.T.);
#8167=ADVANCED_FACE('',(#505),#7855,.F.);
#8168=ADVANCED_FACE('',(#506),#7856,.F.);
#8169=ADVANCED_FACE('',(#507),#7857,.F.);
#8170=ADVANCED_FACE('',(#508),#7858,.F.);
#8171=ADVANCED_FACE('',(#509),#7859,.F.);
#8172=ADVANCED_FACE('',(#510),#7860,.F.);
#8173=ADVANCED_FACE('',(#511),#7861,.F.);
#8174=ADVANCED_FACE('',(#512),#7862,.F.);
#8175=ADVANCED_FACE('',(#513,#376),#273,.T.);
#8176=ADVANCED_FACE('',(#514),#274,.F.);
#8177=ADVANCED_FACE('',(#515),#7863,.F.);
#8178=ADVANCED_FACE('',(#516),#7864,.F.);
#8179=ADVANCED_FACE('',(#517),#275,.T.);
#8180=ADVANCED_FACE('',(#518,#377),#276,.F.);
#8181=ADVANCED_FACE('',(#519),#7865,.F.);
#8182=ADVANCED_FACE('',(#520,#378),#277,.T.);
#8183=ADVANCED_FACE('',(#521,#379),#278,.F.);
#8184=ADVANCED_FACE('',(#522),#7866,.F.);
#8185=ADVANCED_FACE('',(#523),#7867,.F.);
#8186=ADVANCED_FACE('',(#524,#380),#279,.T.);
#8187=ADVANCED_FACE('',(#525,#381),#280,.F.);
#8188=ADVANCED_FACE('',(#526),#7868,.F.);
#8189=ADVANCED_FACE('',(#527),#124,.T.);
#8190=ADVANCED_FACE('',(#528),#281,.T.);
#8191=ADVANCED_FACE('',(#529),#282,.T.);
#8192=ADVANCED_FACE('',(#530),#283,.T.);
#8193=ADVANCED_FACE('',(#531),#7869,.F.);
#8194=ADVANCED_FACE('',(#532),#125,.T.);
#8195=ADVANCED_FACE('',(#533),#284,.T.);
#8196=ADVANCED_FACE('',(#534),#285,.T.);
#8197=ADVANCED_FACE('',(#535),#286,.T.);
#8198=ADVANCED_FACE('',(#536),#7870,.F.);
#8199=ADVANCED_FACE('',(#537),#126,.T.);
#8200=ADVANCED_FACE('',(#538),#287,.T.);
#8201=ADVANCED_FACE('',(#539),#288,.T.);
#8202=ADVANCED_FACE('',(#540),#7871,.F.);
#8203=ADVANCED_FACE('',(#541),#127,.T.);
#8204=ADVANCED_FACE('',(#542),#289,.T.);
#8205=ADVANCED_FACE('',(#543),#7872,.F.);
#8206=ADVANCED_FACE('',(#544),#28,.T.);
#8207=ADVANCED_FACE('',(#545),#29,.T.);
#8208=ADVANCED_FACE('',(#546),#30,.T.);
#8209=ADVANCED_FACE('',(#547),#31,.T.);
#8210=ADVANCED_FACE('',(#548),#128,.T.);
#8211=ADVANCED_FACE('',(#549),#32,.T.);
#8212=ADVANCED_FACE('',(#550),#7873,.T.);
#8213=ADVANCED_FACE('',(#551),#33,.T.);
#8214=ADVANCED_FACE('',(#552),#34,.T.);
#8215=ADVANCED_FACE('',(#553),#7874,.T.);
#8216=ADVANCED_FACE('',(#554),#7875,.T.);
#8217=ADVANCED_FACE('',(#555),#7876,.T.);
#8218=ADVANCED_FACE('',(#556),#35,.T.);
#8219=ADVANCED_FACE('',(#557),#7877,.T.);
#8220=ADVANCED_FACE('',(#558),#36,.T.);
#8221=ADVANCED_FACE('',(#559),#37,.T.);
#8222=ADVANCED_FACE('',(#560),#7878,.T.);
#8223=ADVANCED_FACE('',(#561),#7879,.T.);
#8224=ADVANCED_FACE('',(#562),#7880,.T.);
#8225=ADVANCED_FACE('',(#563),#7881,.T.);
#8226=ADVANCED_FACE('',(#564),#7882,.T.);
#8227=ADVANCED_FACE('',(#565),#7883,.T.);
#8228=ADVANCED_FACE('',(#566),#7884,.T.);
#8229=ADVANCED_FACE('',(#567),#7885,.T.);
#8230=ADVANCED_FACE('',(#568),#13,.F.);
#8231=ADVANCED_FACE('',(#569),#7886,.T.);
#8232=ADVANCED_FACE('',(#570),#7887,.T.);
#8233=ADVANCED_FACE('',(#571),#290,.F.);
#8234=ADVANCED_FACE('',(#572),#7888,.F.);
#8235=ADVANCED_FACE('',(#573),#291,.F.);
#8236=ADVANCED_FACE('',(#574),#292,.F.);
#8237=ADVANCED_FACE('',(#575),#293,.T.);
#8238=ADVANCED_FACE('',(#576),#294,.T.);
#8239=ADVANCED_FACE('',(#577),#7889,.F.);
#8240=ADVANCED_FACE('',(#578),#295,.F.);
#8241=ADVANCED_FACE('',(#579),#296,.T.);
#8242=ADVANCED_FACE('',(#580),#297,.T.);
#8243=ADVANCED_FACE('',(#581),#7890,.F.);
#8244=ADVANCED_FACE('',(#582),#298,.F.);
#8245=ADVANCED_FACE('',(#583),#299,.T.);
#8246=ADVANCED_FACE('',(#584),#300,.F.);
#8247=ADVANCED_FACE('',(#585),#301,.T.);
#8248=ADVANCED_FACE('',(#586),#7891,.F.);
#8249=ADVANCED_FACE('',(#587),#7892,.F.);
#8250=ADVANCED_FACE('',(#588),#302,.F.);
#8251=ADVANCED_FACE('',(#589),#303,.T.);
#8252=ADVANCED_FACE('',(#590),#7893,.F.);
#8253=ADVANCED_FACE('',(#591),#7894,.F.);
#8254=ADVANCED_FACE('',(#592),#7895,.F.);
#8255=ADVANCED_FACE('',(#593),#304,.F.);
#8256=ADVANCED_FACE('',(#594),#305,.F.);
#8257=ADVANCED_FACE('',(#595),#306,.F.);
#8258=ADVANCED_FACE('',(#596),#307,.F.);
#8259=ADVANCED_FACE('',(#597),#308,.F.);
#8260=ADVANCED_FACE('',(#598),#7896,.F.);
#8261=ADVANCED_FACE('',(#599),#7897,.F.);
#8262=ADVANCED_FACE('',(#600),#309,.T.);
#8263=ADVANCED_FACE('',(#601),#310,.F.);
#8264=ADVANCED_FACE('',(#602),#7898,.F.);
#8265=ADVANCED_FACE('',(#603),#7899,.F.);
#8266=ADVANCED_FACE('',(#604),#311,.T.);
#8267=ADVANCED_FACE('',(#605),#7900,.F.);
#8268=ADVANCED_FACE('',(#606),#7901,.F.);
#8269=ADVANCED_FACE('',(#607),#7902,.F.);
#8270=ADVANCED_FACE('',(#608),#7903,.F.);
#8271=ADVANCED_FACE('',(#609),#7904,.F.);
#8272=ADVANCED_FACE('',(#610),#7905,.F.);
#8273=ADVANCED_FACE('',(#611),#312,.T.);
#8274=ADVANCED_FACE('',(#612),#7906,.F.);
#8275=ADVANCED_FACE('',(#613),#7907,.F.);
#8276=ADVANCED_FACE('',(#614),#7908,.F.);
#8277=ADVANCED_FACE('',(#615),#7909,.F.);
#8278=ADVANCED_FACE('',(#616),#313,.T.);
#8279=ADVANCED_FACE('',(#617,#382),#314,.F.);
#8280=ADVANCED_FACE('',(#618),#315,.T.);
#8281=ADVANCED_FACE('',(#619),#316,.T.);
#8282=ADVANCED_FACE('',(#620),#317,.T.);
#8283=ADVANCED_FACE('',(#621),#318,.T.);
#8284=ADVANCED_FACE('',(#622),#319,.T.);
#8285=ADVANCED_FACE('',(#623),#129,.T.);
#8286=ADVANCED_FACE('',(#624),#130,.T.);
#8287=ADVANCED_FACE('',(#625),#131,.T.);
#8288=ADVANCED_FACE('',(#626),#7910,.T.);
#8289=ADVANCED_FACE('',(#627),#132,.T.);
#8290=ADVANCED_FACE('',(#628),#133,.T.);
#8291=ADVANCED_FACE('',(#629),#7911,.T.);
#8292=ADVANCED_FACE('',(#630,#383),#320,.F.);
#8293=ADVANCED_FACE('',(#631),#7912,.F.);
#8294=ADVANCED_FACE('',(#632),#7913,.F.);
#8295=ADVANCED_FACE('',(#633),#321,.T.);
#8296=ADVANCED_FACE('',(#634),#7914,.F.);
#8297=ADVANCED_FACE('',(#635),#134,.T.);
#8298=ADVANCED_FACE('',(#636),#135,.T.);
#8299=ADVANCED_FACE('',(#637),#136,.T.);
#8300=ADVANCED_FACE('',(#638),#7915,.T.);
#8301=ADVANCED_FACE('',(#639),#137,.T.);
#8302=ADVANCED_FACE('',(#640),#138,.T.);
#8303=ADVANCED_FACE('',(#641),#7916,.T.);
#8304=ADVANCED_FACE('',(#642),#7917,.F.);
#8305=ADVANCED_FACE('',(#643),#7918,.F.);
#8306=ADVANCED_FACE('',(#644),#322,.T.);
#8307=ADVANCED_FACE('',(#645),#7919,.F.);
#8308=ADVANCED_FACE('',(#646),#139,.T.);
#8309=ADVANCED_FACE('',(#647),#140,.T.);
#8310=ADVANCED_FACE('',(#648),#141,.T.);
#8311=ADVANCED_FACE('',(#649),#7920,.T.);
#8312=ADVANCED_FACE('',(#650),#142,.T.);
#8313=ADVANCED_FACE('',(#651),#143,.T.);
#8314=ADVANCED_FACE('',(#652),#7921,.T.);
#8315=ADVANCED_FACE('',(#653),#7922,.F.);
#8316=ADVANCED_FACE('',(#654),#7923,.F.);
#8317=ADVANCED_FACE('',(#655),#323,.T.);
#8318=ADVANCED_FACE('',(#656),#7924,.F.);
#8319=ADVANCED_FACE('',(#657),#144,.T.);
#8320=ADVANCED_FACE('',(#658),#145,.T.);
#8321=ADVANCED_FACE('',(#659),#146,.T.);
#8322=ADVANCED_FACE('',(#660),#7925,.T.);
#8323=ADVANCED_FACE('',(#661),#147,.T.);
#8324=ADVANCED_FACE('',(#662),#148,.T.);
#8325=ADVANCED_FACE('',(#663),#7926,.T.);
#8326=ADVANCED_FACE('',(#664),#7927,.F.);
#8327=ADVANCED_FACE('',(#665),#7928,.F.);
#8328=ADVANCED_FACE('',(#666),#324,.T.);
#8329=ADVANCED_FACE('',(#667),#7929,.F.);
#8330=ADVANCED_FACE('',(#668),#149,.T.);
#8331=ADVANCED_FACE('',(#669),#150,.T.);
#8332=ADVANCED_FACE('',(#670),#151,.T.);
#8333=ADVANCED_FACE('',(#671),#7930,.T.);
#8334=ADVANCED_FACE('',(#672),#152,.T.);
#8335=ADVANCED_FACE('',(#673),#153,.T.);
#8336=ADVANCED_FACE('',(#674),#7931,.T.);
#8337=ADVANCED_FACE('',(#675),#7932,.F.);
#8338=ADVANCED_FACE('',(#676),#7933,.F.);
#8339=ADVANCED_FACE('',(#677),#325,.T.);
#8340=ADVANCED_FACE('',(#678),#7934,.F.);
#8341=ADVANCED_FACE('',(#679),#154,.T.);
#8342=ADVANCED_FACE('',(#680),#155,.T.);
#8343=ADVANCED_FACE('',(#681),#156,.T.);
#8344=ADVANCED_FACE('',(#682),#7935,.T.);
#8345=ADVANCED_FACE('',(#683),#157,.T.);
#8346=ADVANCED_FACE('',(#684),#158,.T.);
#8347=ADVANCED_FACE('',(#685),#7936,.T.);
#8348=ADVANCED_FACE('',(#686),#7937,.F.);
#8349=ADVANCED_FACE('',(#687),#7938,.F.);
#8350=ADVANCED_FACE('',(#688),#326,.T.);
#8351=ADVANCED_FACE('',(#689),#7939,.F.);
#8352=ADVANCED_FACE('',(#690),#159,.T.);
#8353=ADVANCED_FACE('',(#691),#7940,.T.);
#8354=ADVANCED_FACE('',(#692),#160,.T.);
#8355=ADVANCED_FACE('',(#693),#161,.T.);
#8356=ADVANCED_FACE('',(#694),#7941,.T.);
#8357=ADVANCED_FACE('',(#695),#162,.T.);
#8358=ADVANCED_FACE('',(#696),#163,.T.);
#8359=ADVANCED_FACE('',(#697),#327,.T.);
#8360=ADVANCED_FACE('',(#698),#7942,.F.);
#8361=ADVANCED_FACE('',(#699),#7943,.T.);
#8362=ADVANCED_FACE('',(#700),#7944,.F.);
#8363=ADVANCED_FACE('',(#701),#164,.T.);
#8364=ADVANCED_FACE('',(#702),#7945,.T.);
#8365=ADVANCED_FACE('',(#703),#165,.T.);
#8366=ADVANCED_FACE('',(#704),#166,.T.);
#8367=ADVANCED_FACE('',(#705),#167,.T.);
#8368=ADVANCED_FACE('',(#706),#7946,.T.);
#8369=ADVANCED_FACE('',(#707),#168,.T.);
#8370=ADVANCED_FACE('',(#708),#7947,.F.);
#8371=ADVANCED_FACE('',(#709),#328,.T.);
#8372=ADVANCED_FACE('',(#710),#7948,.F.);
#8373=ADVANCED_FACE('',(#711),#7949,.F.);
#8374=ADVANCED_FACE('',(#712),#169,.T.);
#8375=ADVANCED_FACE('',(#713),#7950,.T.);
#8376=ADVANCED_FACE('',(#714),#170,.T.);
#8377=ADVANCED_FACE('',(#715),#171,.T.);
#8378=ADVANCED_FACE('',(#716),#172,.T.);
#8379=ADVANCED_FACE('',(#717),#7951,.T.);
#8380=ADVANCED_FACE('',(#718),#173,.T.);
#8381=ADVANCED_FACE('',(#719),#7952,.F.);
#8382=ADVANCED_FACE('',(#720),#329,.T.);
#8383=ADVANCED_FACE('',(#721),#7953,.F.);
#8384=ADVANCED_FACE('',(#722),#7954,.F.);
#8385=ADVANCED_FACE('',(#723),#174,.T.);
#8386=ADVANCED_FACE('',(#724),#7955,.T.);
#8387=ADVANCED_FACE('',(#725,#384),#330,.F.);
#8388=ADVANCED_FACE('',(#726),#175,.T.);
#8389=ADVANCED_FACE('',(#727),#7956,.T.);
#8390=ADVANCED_FACE('',(#728),#176,.T.);
#8391=ADVANCED_FACE('',(#729),#177,.T.);
#8392=ADVANCED_FACE('',(#730),#178,.T.);
#8393=ADVANCED_FACE('',(#731),#7957,.T.);
#8394=ADVANCED_FACE('',(#732),#179,.T.);
#8395=ADVANCED_FACE('',(#733),#331,.T.);
#8396=ADVANCED_FACE('',(#734),#7958,.F.);
#8397=ADVANCED_FACE('',(#735),#7959,.F.);
#8398=ADVANCED_FACE('',(#736),#7960,.F.);
#8399=ADVANCED_FACE('',(#737),#180,.T.);
#8400=ADVANCED_FACE('',(#738),#7961,.T.);
#8401=ADVANCED_FACE('',(#739),#181,.T.);
#8402=ADVANCED_FACE('',(#740),#182,.T.);
#8403=ADVANCED_FACE('',(#741),#7962,.T.);
#8404=ADVANCED_FACE('',(#742),#183,.T.);
#8405=ADVANCED_FACE('',(#743),#184,.T.);
#8406=ADVANCED_FACE('',(#744),#332,.T.);
#8407=ADVANCED_FACE('',(#745),#7963,.F.);
#8408=ADVANCED_FACE('',(#746),#7964,.T.);
#8409=ADVANCED_FACE('',(#747),#7965,.F.);
#8410=ADVANCED_FACE('',(#748),#185,.T.);
#8411=ADVANCED_FACE('',(#749),#186,.T.);
#8412=ADVANCED_FACE('',(#750),#7966,.T.);
#8413=ADVANCED_FACE('',(#751),#187,.T.);
#8414=ADVANCED_FACE('',(#752),#188,.T.);
#8415=ADVANCED_FACE('',(#753),#189,.T.);
#8416=ADVANCED_FACE('',(#754),#7967,.T.);
#8417=ADVANCED_FACE('',(#755),#7968,.T.);
#8418=ADVANCED_FACE('',(#756),#7969,.F.);
#8419=ADVANCED_FACE('',(#757),#333,.T.);
#8420=ADVANCED_FACE('',(#758),#7970,.F.);
#8421=ADVANCED_FACE('',(#759),#190,.T.);
#8422=ADVANCED_FACE('',(#760),#191,.T.);
#8423=ADVANCED_FACE('',(#761),#7971,.T.);
#8424=ADVANCED_FACE('',(#762),#192,.T.);
#8425=ADVANCED_FACE('',(#763),#193,.T.);
#8426=ADVANCED_FACE('',(#764),#7972,.T.);
#8427=ADVANCED_FACE('',(#765),#194,.T.);
#8428=ADVANCED_FACE('',(#766),#7973,.F.);
#8429=ADVANCED_FACE('',(#767),#334,.T.);
#8430=ADVANCED_FACE('',(#768),#7974,.F.);
#8431=ADVANCED_FACE('',(#769),#7975,.T.);
#8432=ADVANCED_FACE('',(#770),#195,.T.);
#8433=ADVANCED_FACE('',(#771),#7976,.T.);
#8434=ADVANCED_FACE('',(#772),#196,.T.);
#8435=ADVANCED_FACE('',(#773),#197,.T.);
#8436=ADVANCED_FACE('',(#774),#198,.T.);
#8437=ADVANCED_FACE('',(#775),#7977,.T.);
#8438=ADVANCED_FACE('',(#776),#199,.T.);
#8439=ADVANCED_FACE('',(#777),#7978,.F.);
#8440=ADVANCED_FACE('',(#778),#335,.T.);
#8441=ADVANCED_FACE('',(#779),#7979,.F.);
#8442=ADVANCED_FACE('',(#780),#7980,.F.);
#8443=ADVANCED_FACE('',(#781),#200,.T.);
#8444=ADVANCED_FACE('',(#782),#7981,.T.);
#8445=ADVANCED_FACE('',(#783),#201,.T.);
#8446=ADVANCED_FACE('',(#784),#202,.T.);
#8447=ADVANCED_FACE('',(#785),#7982,.T.);
#8448=ADVANCED_FACE('',(#786),#203,.T.);
#8449=ADVANCED_FACE('',(#787),#204,.T.);
#8450=ADVANCED_FACE('',(#788),#336,.T.);
#8451=ADVANCED_FACE('',(#789),#7983,.F.);
#8452=ADVANCED_FACE('',(#790),#7984,.T.);
#8453=ADVANCED_FACE('',(#791),#7985,.F.);
#8454=ADVANCED_FACE('',(#792),#205,.T.);
#8455=ADVANCED_FACE('',(#793),#206,.T.);
#8456=ADVANCED_FACE('',(#794),#207,.T.);
#8457=ADVANCED_FACE('',(#795),#7986,.T.);
#8458=ADVANCED_FACE('',(#796),#208,.T.);
#8459=ADVANCED_FACE('',(#797),#209,.T.);
#8460=ADVANCED_FACE('',(#798),#7987,.T.);
#8461=ADVANCED_FACE('',(#799),#7988,.F.);
#8462=ADVANCED_FACE('',(#800),#7989,.F.);
#8463=ADVANCED_FACE('',(#801),#337,.T.);
#8464=ADVANCED_FACE('',(#802),#7990,.F.);
#8465=ADVANCED_FACE('',(#803),#210,.F.);
#8466=ADVANCED_FACE('',(#804),#211,.T.);
#8467=ADVANCED_FACE('',(#805),#7991,.T.);
#8468=ADVANCED_FACE('',(#806),#14,.F.);
#8469=ADVANCED_FACE('',(#807),#15,.F.);
#8470=ADVANCED_FACE('',(#808),#16,.F.);
#8471=ADVANCED_FACE('',(#809),#17,.F.);
#8472=ADVANCED_FACE('',(#810),#7992,.T.);
#8473=ADVANCED_FACE('',(#811),#212,.T.);
#8474=ADVANCED_FACE('',(#812),#7993,.T.);
#8475=ADVANCED_FACE('',(#813),#7994,.T.);
#8476=ADVANCED_FACE('',(#814),#213,.T.);
#8477=ADVANCED_FACE('',(#815),#7995,.T.);
#8478=ADVANCED_FACE('',(#816),#214,.T.);
#8479=ADVANCED_FACE('',(#817),#7996,.T.);
#8480=ADVANCED_FACE('',(#818),#215,.T.);
#8481=ADVANCED_FACE('',(#819),#7997,.T.);
#8482=ADVANCED_FACE('',(#820),#7998,.T.);
#8483=ADVANCED_FACE('',(#821),#216,.T.);
#8484=ADVANCED_FACE('',(#822),#7999,.T.);
#8485=ADVANCED_FACE('',(#823),#217,.T.);
#8486=ADVANCED_FACE('',(#824),#8000,.T.);
#8487=ADVANCED_FACE('',(#825),#8001,.T.);
#8488=ADVANCED_FACE('',(#826),#218,.T.);
#8489=ADVANCED_FACE('',(#827),#8002,.T.);
#8490=ADVANCED_FACE('',(#828),#219,.T.);
#8491=ADVANCED_FACE('',(#829),#8003,.T.);
#8492=ADVANCED_FACE('',(#830),#338,.T.);
#8493=ADVANCED_FACE('',(#831),#8004,.F.);
#8494=ADVANCED_FACE('',(#832),#339,.T.);
#8495=ADVANCED_FACE('',(#833),#8005,.F.);
#8496=ADVANCED_FACE('',(#834),#340,.T.);
#8497=ADVANCED_FACE('',(#835),#8006,.T.);
#8498=ADVANCED_FACE('',(#836),#341,.T.);
#8499=ADVANCED_FACE('',(#837),#8007,.F.);
#8500=ADVANCED_FACE('',(#838),#342,.T.);
#8501=ADVANCED_FACE('',(#839),#8008,.F.);
#8502=ADVANCED_FACE('',(#840),#343,.T.);
#8503=ADVANCED_FACE('',(#841),#8009,.T.);
#8504=ADVANCED_FACE('',(#842),#344,.T.);
#8505=ADVANCED_FACE('',(#843),#8010,.F.);
#8506=ADVANCED_FACE('',(#844),#8011,.F.);
#8507=ADVANCED_FACE('',(#845),#8012,.F.);
#8508=ADVANCED_FACE('',(#846),#8013,.F.);
#8509=ADVANCED_FACE('',(#847),#345,.T.);
#8510=ADVANCED_FACE('',(#848),#8014,.F.);
#8511=ADVANCED_FACE('',(#849),#8015,.T.);
#8512=ADVANCED_FACE('',(#850),#346,.T.);
#8513=ADVANCED_FACE('',(#851),#8016,.F.);
#8514=ADVANCED_FACE('',(#852),#8017,.T.);
#8515=ADVANCED_FACE('',(#853),#8018,.F.);
#8516=ADVANCED_FACE('',(#854),#8019,.F.);
#8517=ADVANCED_FACE('',(#855),#347,.T.);
#8518=ADVANCED_FACE('',(#856),#8020,.F.);
#8519=ADVANCED_FACE('',(#857),#8021,.T.);
#8520=ADVANCED_FACE('',(#858),#8022,.T.);
#8521=ADVANCED_FACE('',(#859),#8023,.F.);
#8522=ADVANCED_FACE('',(#860),#348,.T.);
#8523=ADVANCED_FACE('',(#861),#8024,.F.);
#8524=ADVANCED_FACE('',(#862),#8025,.F.);
#8525=ADVANCED_FACE('',(#863),#8026,.F.);
#8526=ADVANCED_FACE('',(#864),#8027,.F.);
#8527=ADVANCED_FACE('',(#865),#349,.T.);
#8528=ADVANCED_FACE('',(#866),#8028,.F.);
#8529=ADVANCED_FACE('',(#867),#350,.T.);
#8530=ADVANCED_FACE('',(#868),#8029,.F.);
#8531=ADVANCED_FACE('',(#869),#8030,.T.);
#8532=ADVANCED_FACE('',(#870),#8031,.F.);
#8533=ADVANCED_FACE('',(#871),#351,.T.);
#8534=ADVANCED_FACE('',(#872),#8032,.F.);
#8535=ADVANCED_FACE('',(#873),#8033,.T.);
#8536=ADVANCED_FACE('',(#874),#8034,.F.);
#8537=ADVANCED_FACE('',(#875),#352,.T.);
#8538=ADVANCED_FACE('',(#876),#8035,.F.);
#8539=ADVANCED_FACE('',(#877),#8036,.T.);
#8540=ADVANCED_FACE('',(#878),#8037,.F.);
#8541=ADVANCED_FACE('',(#879),#8038,.F.);
#8542=ADVANCED_FACE('',(#880),#353,.T.);
#8543=ADVANCED_FACE('',(#881),#8039,.F.);
#8544=ADVANCED_FACE('',(#882),#354,.T.);
#8545=ADVANCED_FACE('',(#883),#8040,.F.);
#8546=ADVANCED_FACE('',(#884),#8041,.T.);
#8547=ADVANCED_FACE('',(#885),#8042,.F.);
#8548=ADVANCED_FACE('',(#886),#8043,.T.);
#8549=ADVANCED_FACE('',(#887),#8044,.F.);
#8550=ADVANCED_FACE('',(#888),#355,.T.);
#8551=ADVANCED_FACE('',(#889),#8045,.F.);
#8552=ADVANCED_FACE('',(#890),#8046,.F.);
#8553=ADVANCED_FACE('',(#891),#356,.T.);
#8554=ADVANCED_FACE('',(#892),#8047,.F.);
#8555=ADVANCED_FACE('',(#893),#8048,.T.);
#8556=ADVANCED_FACE('',(#894),#8049,.F.);
#8557=ADVANCED_FACE('',(#895),#8050,.F.);
#8558=ADVANCED_FACE('',(#896),#8051,.F.);
#8559=ADVANCED_FACE('',(#897),#357,.T.);
#8560=ADVANCED_FACE('',(#898),#8052,.F.);
#8561=ADVANCED_FACE('',(#899),#8053,.F.);
#8562=ADVANCED_FACE('',(#900),#8054,.F.);
#8563=ADVANCED_FACE('',(#901),#358,.T.);
#8564=ADVANCED_FACE('',(#902),#8055,.T.);
#8565=ADVANCED_FACE('',(#903),#359,.T.);
#8566=ADVANCED_FACE('',(#904),#8056,.F.);
#8567=ADVANCED_FACE('',(#905),#360,.T.);
#8568=ADVANCED_FACE('',(#906),#8057,.F.);
#8569=ADVANCED_FACE('',(#907),#361,.T.);
#8570=ADVANCED_FACE('',(#908),#8058,.T.);
#8571=ADVANCED_FACE('',(#909),#362,.T.);
#8572=ADVANCED_FACE('',(#910),#8059,.F.);
#8573=ADVANCED_FACE('',(#911),#363,.T.);
#8574=ADVANCED_FACE('',(#912),#8060,.F.);
#8575=ADVANCED_FACE('',(#913),#364,.T.);
#8576=ADVANCED_FACE('',(#914),#8061,.F.);
#8577=ADVANCED_FACE('',(#915),#365,.T.);
#8578=ADVANCED_FACE('',(#916),#8062,.F.);
#8579=ADVANCED_FACE('',(#917),#8063,.T.);
#8580=ADVANCED_FACE('',(#918,#385,#386,#387,#388,#389,#390,#391,#392,#393,
#394,#395,#396,#397,#398,#399,#400,#401),#366,.T.);
#8581=CLOSED_SHELL('',(#8064,#8065,#8066,#8067,#8068,#8069,#8070,#8071,
#8072,#8073,#8074,#8075,#8076,#8077,#8078,#8079,#8080,#8081,#8082,#8083,
#8084,#8085,#8086,#8087,#8088,#8089,#8090,#8091,#8092,#8093,#8094,#8095,
#8096,#8097,#8098,#8099,#8100,#8101,#8102,#8103,#8104,#8105,#8106,#8107,
#8108,#8109,#8110,#8111,#8112,#8113,#8114,#8115,#8116,#8117,#8118,#8119,
#8120,#8121,#8122,#8123,#8124,#8125,#8126,#8127,#8128,#8129,#8130,#8131,
#8132,#8133,#8134,#8135,#8136,#8137,#8138,#8139,#8140,#8141,#8142,#8143,
#8144,#8145,#8146,#8147,#8148,#8149,#8150,#8151,#8152,#8153,#8154,#8155,
#8156,#8157,#8158,#8159,#8160,#8161,#8162,#8163,#8164,#8165,#8166,#8167,
#8168,#8169,#8170,#8171,#8172,#8173,#8174,#8175,#8176,#8177,#8178,#8179,
#8180,#8181,#8182,#8183,#8184,#8185,#8186,#8187,#8188));
#8582=CLOSED_SHELL('',(#8189,#8190,#8191,#8192,#8193,#8194,#8195,#8196,
#8197,#8198,#8199,#8200,#8201,#8202,#8203,#8204,#8205,#8206,#8207,#8208,
#8209,#8210,#8211,#8212,#8213,#8214,#8215,#8216,#8217,#8218,#8219,#8220,
#8221,#8222,#8223,#8224,#8225,#8226,#8227,#8228,#8229,#8230,#8231,#8232,
#8233,#8234,#8235,#8236,#8237,#8238,#8239,#8240,#8241,#8242,#8243,#8244,
#8245,#8246,#8247,#8248,#8249,#8250,#8251,#8252,#8253,#8254,#8255,#8256,
#8257,#8258,#8259,#8260,#8261,#8262,#8263,#8264,#8265,#8266,#8267,#8268,
#8269,#8270,#8271,#8272,#8273,#8274,#8275,#8276,#8277,#8278,#8279,#8280,
#8281,#8282,#8283,#8284));
#8583=CLOSED_SHELL('',(#8285,#8286,#8287,#8288,#8289,#8290,#8291,#8292,
#8293,#8294,#8295,#8296,#8297,#8298,#8299,#8300,#8301,#8302,#8303,#8304,
#8305,#8306,#8307,#8308,#8309,#8310,#8311,#8312,#8313,#8314,#8315,#8316,
#8317,#8318,#8319,#8320,#8321,#8322,#8323,#8324,#8325,#8326,#8327,#8328,
#8329,#8330,#8331,#8332,#8333,#8334,#8335,#8336,#8337,#8338,#8339,#8340,
#8341,#8342,#8343,#8344,#8345,#8346,#8347,#8348,#8349,#8350,#8351,#8352,
#8353,#8354,#8355,#8356,#8357,#8358,#8359,#8360,#8361,#8362,#8363,#8364,
#8365,#8366,#8367,#8368,#8369,#8370,#8371,#8372,#8373,#8374,#8375,#8376,
#8377,#8378,#8379,#8380,#8381,#8382,#8383,#8384,#8385,#8386,#8387,#8388,
#8389,#8390,#8391,#8392,#8393,#8394,#8395,#8396,#8397,#8398,#8399,#8400,
#8401,#8402,#8403,#8404,#8405,#8406,#8407,#8408,#8409,#8410,#8411,#8412,
#8413,#8414,#8415,#8416,#8417,#8418,#8419,#8420,#8421,#8422,#8423,#8424,
#8425,#8426,#8427,#8428,#8429,#8430,#8431,#8432,#8433,#8434,#8435,#8436,
#8437,#8438,#8439,#8440,#8441,#8442,#8443,#8444,#8445,#8446,#8447,#8448,
#8449,#8450,#8451,#8452,#8453,#8454,#8455,#8456,#8457,#8458,#8459,#8460,
#8461,#8462,#8463,#8464,#8465,#8466,#8467,#8468,#8469,#8470,#8471,#8472,
#8473,#8474,#8475,#8476,#8477,#8478,#8479,#8480,#8481,#8482,#8483,#8484,
#8485,#8486,#8487,#8488,#8489,#8490,#8491,#8492,#8493,#8494,#8495,#8496,
#8497,#8498,#8499,#8500,#8501,#8502,#8503,#8504,#8505,#8506,#8507,#8508,
#8509,#8510,#8511,#8512,#8513,#8514,#8515,#8516,#8517,#8518,#8519,#8520,
#8521,#8522,#8523,#8524,#8525,#8526,#8527,#8528,#8529,#8530,#8531,#8532,
#8533,#8534,#8535,#8536,#8537,#8538,#8539,#8540,#8541,#8542,#8543,#8544,
#8545,#8546,#8547,#8548,#8549,#8550,#8551,#8552,#8553,#8554,#8555,#8556,
#8557,#8558,#8559,#8560,#8561,#8562,#8563,#8564,#8565,#8566,#8567,#8568,
#8569,#8570,#8571,#8572,#8573,#8574,#8575,#8576,#8577,#8578,#8579,#8580));
#8584=DERIVED_UNIT_ELEMENT(#8586,1.);
#8585=DERIVED_UNIT_ELEMENT(#15834,-3.);
#8586=(
MASS_UNIT()
NAMED_UNIT(*)
SI_UNIT(.KILO.,.GRAM.)
);
#8587=DERIVED_UNIT((#8584,#8585));
#8588=MEASURE_REPRESENTATION_ITEM('density measure',
POSITIVE_RATIO_MEASURE(7850.),#8587);
#8589=PROPERTY_DEFINITION_REPRESENTATION(#8594,#8591);
#8590=PROPERTY_DEFINITION_REPRESENTATION(#8595,#8592);
#8591=REPRESENTATION('material name',(#8593),#15831);
#8592=REPRESENTATION('density',(#8588),#15831);
#8593=DESCRIPTIVE_REPRESENTATION_ITEM('Steel','Steel');
#8594=PROPERTY_DEFINITION('material property','material name',#15841);
#8595=PROPERTY_DEFINITION('material property','density of part',#15841);
#8596=AXIS2_PLACEMENT_3D('',#12982,#9892,#9893);
#8597=AXIS2_PLACEMENT_3D('',#12983,#9894,#9895);
#8598=AXIS2_PLACEMENT_3D('',#12985,#9896,#9897);
#8599=AXIS2_PLACEMENT_3D('',#13030,#9902,#9903);
#8600=AXIS2_PLACEMENT_3D('',#13159,#9912,#9913);
#8601=AXIS2_PLACEMENT_3D('',#13161,#9914,#9915);
#8602=AXIS2_PLACEMENT_3D('',#13162,#9916,#9917);
#8603=AXIS2_PLACEMENT_3D('',#13163,#9918,#9919);
#8604=AXIS2_PLACEMENT_3D('',#13165,#9920,#9921);
#8605=AXIS2_PLACEMENT_3D('',#13166,#9922,#9923);
#8606=AXIS2_PLACEMENT_3D('',#13167,#9924,#9925);
#8607=AXIS2_PLACEMENT_3D('',#13168,#9926,#9927);
#8608=AXIS2_PLACEMENT_3D('',#13169,#9928,#9929);
#8609=AXIS2_PLACEMENT_3D('',#13170,#9930,#9931);
#8610=AXIS2_PLACEMENT_3D('',#13172,#9932,#9933);
#8611=AXIS2_PLACEMENT_3D('',#13174,#9935,#9936);
#8612=AXIS2_PLACEMENT_3D('',#13175,#9937,#9938);
#8613=AXIS2_PLACEMENT_3D('',#13176,#9939,#9940);
#8614=AXIS2_PLACEMENT_3D('',#13177,#9941,#9942);
#8615=AXIS2_PLACEMENT_3D('',#13179,#9943,#9944);
#8616=AXIS2_PLACEMENT_3D('',#13181,#9946,#9947);
#8617=AXIS2_PLACEMENT_3D('',#13182,#9948,#9949);
#8618=AXIS2_PLACEMENT_3D('',#13184,#9950,#9951);
#8619=AXIS2_PLACEMENT_3D('',#13185,#9952,#9953);
#8620=AXIS2_PLACEMENT_3D('',#13187,#9954,#9955);
#8621=AXIS2_PLACEMENT_3D('',#13188,#9956,#9957);
#8622=AXIS2_PLACEMENT_3D('',#13197,#9962,#9963);
#8623=AXIS2_PLACEMENT_3D('',#13206,#9968,#9969);
#8624=AXIS2_PLACEMENT_3D('',#13215,#9974,#9975);
#8625=AXIS2_PLACEMENT_3D('',#13217,#9976,#9977);
#8626=AXIS2_PLACEMENT_3D('',#13219,#9979,#9980);
#8627=AXIS2_PLACEMENT_3D('',#13225,#9984,#9985);
#8628=AXIS2_PLACEMENT_3D('',#13229,#9988,#9989);
#8629=AXIS2_PLACEMENT_3D('',#13233,#9992,#9993);
#8630=AXIS2_PLACEMENT_3D('',#13235,#9995,#9996);
#8631=AXIS2_PLACEMENT_3D('',#13241,#10000,#10001);
#8632=AXIS2_PLACEMENT_3D('',#13245,#10004,#10005);
#8633=AXIS2_PLACEMENT_3D('',#13249,#10008,#10009);
#8634=AXIS2_PLACEMENT_3D('',#13251,#10011,#10012);
#8635=AXIS2_PLACEMENT_3D('',#13257,#10016,#10017);
#8636=AXIS2_PLACEMENT_3D('',#13263,#10021,#10022);
#8637=AXIS2_PLACEMENT_3D('',#13265,#10024,#10025);
#8638=AXIS2_PLACEMENT_3D('',#13268,#10026,#10027);
#8639=AXIS2_PLACEMENT_3D('',#13272,#10029,#10030);
#8640=AXIS2_PLACEMENT_3D('',#13276,#10032,#10033);
#8641=AXIS2_PLACEMENT_3D('',#13280,#10035,#10036);
#8642=AXIS2_PLACEMENT_3D('',#13283,#10039,#10040);
#8643=AXIS2_PLACEMENT_3D('',#13286,#10041,#10042);
#8644=AXIS2_PLACEMENT_3D('',#13288,#10043,#10044);
#8645=AXIS2_PLACEMENT_3D('',#13290,#10045,#10046);
#8646=AXIS2_PLACEMENT_3D('',#13291,#10047,#10048);
#8647=AXIS2_PLACEMENT_3D('',#13292,#10049,#10050);
#8648=AXIS2_PLACEMENT_3D('',#13293,#10051,#10052);
#8649=AXIS2_PLACEMENT_3D('',#13296,#10053,#10054);
#8650=AXIS2_PLACEMENT_3D('',#13303,#10059,#10060);
#8651=AXIS2_PLACEMENT_3D('',#13304,#10061,#10062);
#8652=AXIS2_PLACEMENT_3D('',#13306,#10063,#10064);
#8653=AXIS2_PLACEMENT_3D('',#13308,#10066,#10067);
#8654=AXIS2_PLACEMENT_3D('',#13310,#10068,#10069);
#8655=AXIS2_PLACEMENT_3D('',#13312,#10070,#10071);
#8656=AXIS2_PLACEMENT_3D('',#13313,#10072,#10073);
#8657=AXIS2_PLACEMENT_3D('',#13314,#10074,#10075);
#8658=AXIS2_PLACEMENT_3D('',#13315,#10076,#10077);
#8659=AXIS2_PLACEMENT_3D('',#13319,#10080,#10081);
#8660=AXIS2_PLACEMENT_3D('',#13322,#10082,#10083);
#8661=AXIS2_PLACEMENT_3D('',#13325,#10085,#10086);
#8662=AXIS2_PLACEMENT_3D('',#13327,#10087,#10088);
#8663=AXIS2_PLACEMENT_3D('',#13329,#10089,#10090);
#8664=AXIS2_PLACEMENT_3D('',#13331,#10091,#10092);
#8665=AXIS2_PLACEMENT_3D('',#13332,#10093,#10094);
#8666=AXIS2_PLACEMENT_3D('',#13333,#10095,#10096);
#8667=AXIS2_PLACEMENT_3D('',#13336,#10097,#10098);
#8668=AXIS2_PLACEMENT_3D('',#13337,#10099,#10100);
#8669=AXIS2_PLACEMENT_3D('',#13339,#10101,#10102);
#8670=AXIS2_PLACEMENT_3D('',#13341,#10103,#10104);
#8671=AXIS2_PLACEMENT_3D('',#13342,#10105,#10106);
#8672=AXIS2_PLACEMENT_3D('',#13343,#10107,#10108);
#8673=AXIS2_PLACEMENT_3D('',#13347,#10111,#10112);
#8674=AXIS2_PLACEMENT_3D('',#13352,#10115,#10116);
#8675=AXIS2_PLACEMENT_3D('',#13354,#10118,#10119);
#8676=AXIS2_PLACEMENT_3D('',#13357,#10121,#10122);
#8677=AXIS2_PLACEMENT_3D('',#13359,#10123,#10124);
#8678=AXIS2_PLACEMENT_3D('',#13360,#10125,#10126);
#8679=AXIS2_PLACEMENT_3D('',#13361,#10127,#10128);
#8680=AXIS2_PLACEMENT_3D('',#13362,#10129,#10130);
#8681=AXIS2_PLACEMENT_3D('',#13364,#10131,#10132);
#8682=AXIS2_PLACEMENT_3D('',#13366,#10133,#10134);
#8683=AXIS2_PLACEMENT_3D('',#13367,#10135,#10136);
#8684=AXIS2_PLACEMENT_3D('',#13368,#10137,#10138);
#8685=AXIS2_PLACEMENT_3D('',#13372,#10141,#10142);
#8686=AXIS2_PLACEMENT_3D('',#13376,#10144,#10145);
#8687=AXIS2_PLACEMENT_3D('',#13378,#10146,#10147);
#8688=AXIS2_PLACEMENT_3D('',#13380,#10148,#10149);
#8689=AXIS2_PLACEMENT_3D('',#13382,#10150,#10151);
#8690=AXIS2_PLACEMENT_3D('',#13383,#10152,#10153);
#8691=AXIS2_PLACEMENT_3D('',#13384,#10154,#10155);
#8692=AXIS2_PLACEMENT_3D('',#13387,#10156,#10157);
#8693=AXIS2_PLACEMENT_3D('',#13389,#10158,#10159);
#8694=AXIS2_PLACEMENT_3D('',#13391,#10160,#10161);
#8695=AXIS2_PLACEMENT_3D('',#13392,#10162,#10163);
#8696=AXIS2_PLACEMENT_3D('',#13393,#10164,#10165);
#8697=AXIS2_PLACEMENT_3D('',#13394,#10166,#10167);
#8698=AXIS2_PLACEMENT_3D('',#13400,#10171,#10172);
#8699=AXIS2_PLACEMENT_3D('',#13402,#10174,#10175);
#8700=AXIS2_PLACEMENT_3D('',#13406,#10178,#10179);
#8701=AXIS2_PLACEMENT_3D('',#13410,#10181,#10182);
#8702=AXIS2_PLACEMENT_3D('',#13411,#10183,#10184);
#8703=AXIS2_PLACEMENT_3D('',#13413,#10185,#10186);
#8704=AXIS2_PLACEMENT_3D('',#13414,#10187,#10188);
#8705=AXIS2_PLACEMENT_3D('',#13415,#10189,#10190);
#8706=AXIS2_PLACEMENT_3D('',#13417,#10191,#10192);
#8707=AXIS2_PLACEMENT_3D('',#13419,#10193,#10194);
#8708=AXIS2_PLACEMENT_3D('',#13420,#10195,#10196);
#8709=AXIS2_PLACEMENT_3D('',#13421,#10197,#10198);
#8710=AXIS2_PLACEMENT_3D('',#13424,#10200,#10201);
#8711=AXIS2_PLACEMENT_3D('',#13425,#10202,#10203);
#8712=AXIS2_PLACEMENT_3D('',#13428,#10204,#10205);
#8713=AXIS2_PLACEMENT_3D('',#13430,#10206,#10207);
#8714=AXIS2_PLACEMENT_3D('',#13432,#10208,#10209);
#8715=AXIS2_PLACEMENT_3D('',#13433,#10210,#10211);
#8716=AXIS2_PLACEMENT_3D('',#13435,#10212,#10213);
#8717=AXIS2_PLACEMENT_3D('',#13436,#10214,#10215);
#8718=AXIS2_PLACEMENT_3D('',#13437,#10216,#10217);
#8719=AXIS2_PLACEMENT_3D('',#13442,#10220,#10221);
#8720=AXIS2_PLACEMENT_3D('',#13444,#10222,#10223);
#8721=AXIS2_PLACEMENT_3D('',#13446,#10225,#10226);
#8722=AXIS2_PLACEMENT_3D('',#13450,#10229,#10230);
#8723=AXIS2_PLACEMENT_3D('',#13453,#10232,#10233);
#8724=AXIS2_PLACEMENT_3D('',#13454,#10234,#10235);
#8725=AXIS2_PLACEMENT_3D('',#13456,#10236,#10237);
#8726=AXIS2_PLACEMENT_3D('',#13458,#10238,#10239);
#8727=AXIS2_PLACEMENT_3D('',#13459,#10240,#10241);
#8728=AXIS2_PLACEMENT_3D('',#13460,#10242,#10243);
#8729=AXIS2_PLACEMENT_3D('',#13461,#10244,#10245);
#8730=AXIS2_PLACEMENT_3D('',#13465,#10248,#10249);
#8731=AXIS2_PLACEMENT_3D('',#13468,#10251,#10252);
#8732=AXIS2_PLACEMENT_3D('',#13469,#10253,#10254);
#8733=AXIS2_PLACEMENT_3D('',#13471,#10255,#10256);
#8734=AXIS2_PLACEMENT_3D('',#13472,#10257,#10258);
#8735=AXIS2_PLACEMENT_3D('',#13473,#10259,#10260);
#8736=AXIS2_PLACEMENT_3D('',#13474,#10261,#10262);
#8737=AXIS2_PLACEMENT_3D('',#13475,#10263,#10264);
#8738=AXIS2_PLACEMENT_3D('',#13477,#10265,#10266);
#8739=AXIS2_PLACEMENT_3D('',#13478,#10267,#10268);
#8740=AXIS2_PLACEMENT_3D('',#13479,#10269,#10270);
#8741=AXIS2_PLACEMENT_3D('',#13480,#10271,#10272);
#8742=AXIS2_PLACEMENT_3D('',#13481,#10273,#10274);
#8743=AXIS2_PLACEMENT_3D('',#13483,#10275,#10276);
#8744=AXIS2_PLACEMENT_3D('',#13484,#10277,#10278);
#8745=AXIS2_PLACEMENT_3D('',#13485,#10279,#10280);
#8746=AXIS2_PLACEMENT_3D('',#13486,#10281,#10282);
#8747=AXIS2_PLACEMENT_3D('',#13487,#10283,#10284);
#8748=AXIS2_PLACEMENT_3D('',#13489,#10286,#10287);
#8749=AXIS2_PLACEMENT_3D('',#13491,#10288,#10289);
#8750=AXIS2_PLACEMENT_3D('',#13492,#10290,#10291);
#8751=AXIS2_PLACEMENT_3D('',#13493,#10292,#10293);
#8752=AXIS2_PLACEMENT_3D('',#13494,#10294,#10295);
#8753=AXIS2_PLACEMENT_3D('',#13495,#10296,#10297);
#8754=AXIS2_PLACEMENT_3D('',#13499,#10300,#10301);
#8755=AXIS2_PLACEMENT_3D('',#13501,#10303,#10304);
#8756=AXIS2_PLACEMENT_3D('',#13505,#10307,#10308);
#8757=AXIS2_PLACEMENT_3D('',#13506,#10309,#10310);
#8758=AXIS2_PLACEMENT_3D('',#13508,#10311,#10312);
#8759=AXIS2_PLACEMENT_3D('',#13509,#10313,#10314);
#8760=AXIS2_PLACEMENT_3D('',#13510,#10315,#10316);
#8761=AXIS2_PLACEMENT_3D('',#13512,#10317,#10318);
#8762=AXIS2_PLACEMENT_3D('',#13513,#10319,#10320);
#8763=AXIS2_PLACEMENT_3D('',#13514,#10321,#10322);
#8764=AXIS2_PLACEMENT_3D('',#13517,#10324,#10325);
#8765=AXIS2_PLACEMENT_3D('',#13518,#10326,#10327);
#8766=AXIS2_PLACEMENT_3D('',#13520,#10328,#10329);
#8767=AXIS2_PLACEMENT_3D('',#13521,#10330,#10331);
#8768=AXIS2_PLACEMENT_3D('',#13522,#10332,#10333);
#8769=AXIS2_PLACEMENT_3D('',#13525,#10335,#10336);
#8770=AXIS2_PLACEMENT_3D('',#13526,#10337,#10338);
#8771=AXIS2_PLACEMENT_3D('',#13527,#10339,#10340);
#8772=AXIS2_PLACEMENT_3D('',#13528,#10341,#10342);
#8773=AXIS2_PLACEMENT_3D('',#13530,#10343,#10344);
#8774=AXIS2_PLACEMENT_3D('',#13531,#10345,#10346);
#8775=AXIS2_PLACEMENT_3D('',#13532,#10347,#10348);
#8776=AXIS2_PLACEMENT_3D('',#13534,#10350,#10351);
#8777=AXIS2_PLACEMENT_3D('',#13535,#10352,#10353);
#8778=AXIS2_PLACEMENT_3D('',#13539,#10355,#10356);
#8779=AXIS2_PLACEMENT_3D('',#13542,#10358,#10359);
#8780=AXIS2_PLACEMENT_3D('',#13543,#10360,#10361);
#8781=AXIS2_PLACEMENT_3D('',#13545,#10362,#10363);
#8782=AXIS2_PLACEMENT_3D('',#13548,#10365,#10366);
#8783=AXIS2_PLACEMENT_3D('',#13550,#10367,#10368);
#8784=AXIS2_PLACEMENT_3D('',#13551,#10369,#10370);
#8785=AXIS2_PLACEMENT_3D('',#13552,#10371,#10372);
#8786=AXIS2_PLACEMENT_3D('',#13554,#10374,#10375);
#8787=AXIS2_PLACEMENT_3D('',#13556,#10377,#10378);
#8788=AXIS2_PLACEMENT_3D('',#13560,#10380,#10381);
#8789=AXIS2_PLACEMENT_3D('',#13563,#10383,#10384);
#8790=AXIS2_PLACEMENT_3D('',#13564,#10385,#10386);
#8791=AXIS2_PLACEMENT_3D('',#13566,#10387,#10388);
#8792=AXIS2_PLACEMENT_3D('',#13570,#10390,#10391);
#8793=AXIS2_PLACEMENT_3D('',#13571,#10392,#10393);
#8794=AXIS2_PLACEMENT_3D('',#13572,#10394,#10395);
#8795=AXIS2_PLACEMENT_3D('',#13573,#10396,#10397);
#8796=AXIS2_PLACEMENT_3D('',#13575,#10399,#10400);
#8797=AXIS2_PLACEMENT_3D('',#13577,#10402,#10403);
#8798=AXIS2_PLACEMENT_3D('',#13579,#10404,#10405);
#8799=AXIS2_PLACEMENT_3D('',#13581,#10407,#10408);
#8800=AXIS2_PLACEMENT_3D('',#13582,#10409,#10410);
#8801=AXIS2_PLACEMENT_3D('',#13584,#10411,#10412);
#8802=AXIS2_PLACEMENT_3D('',#13585,#10413,#10414);
#8803=AXIS2_PLACEMENT_3D('',#13586,#10415,#10416);
#8804=AXIS2_PLACEMENT_3D('',#13589,#10418,#10419);
#8805=AXIS2_PLACEMENT_3D('',#13590,#10420,#10421);
#8806=AXIS2_PLACEMENT_3D('',#13592,#10423,#10424);
#8807=AXIS2_PLACEMENT_3D('',#13593,#10425,#10426);
#8808=AXIS2_PLACEMENT_3D('',#13594,#10427,#10428);
#8809=AXIS2_PLACEMENT_3D('',#13595,#10429,#10430);
#8810=AXIS2_PLACEMENT_3D('',#13597,#10431,#10432);
#8811=AXIS2_PLACEMENT_3D('',#13599,#10434,#10435);
#8812=AXIS2_PLACEMENT_3D('',#13601,#10436,#10437);
#8813=AXIS2_PLACEMENT_3D('',#13602,#10438,#10439);
#8814=AXIS2_PLACEMENT_3D('',#13603,#10440,#10441);
#8815=AXIS2_PLACEMENT_3D('',#13605,#10442,#10443);
#8816=AXIS2_PLACEMENT_3D('',#13606,#10444,#10445);
#8817=AXIS2_PLACEMENT_3D('',#13607,#10446,#10447);
#8818=AXIS2_PLACEMENT_3D('',#13610,#10449,#10450);
#8819=AXIS2_PLACEMENT_3D('',#13611,#10451,#10452);
#8820=AXIS2_PLACEMENT_3D('',#13612,#10453,#10454);
#8821=AXIS2_PLACEMENT_3D('',#13613,#10455,#10456);
#8822=AXIS2_PLACEMENT_3D('',#13616,#10459,#10460);
#8823=AXIS2_PLACEMENT_3D('',#13617,#10461,#10462);
#8824=AXIS2_PLACEMENT_3D('',#13620,#10465,#10466);
#8825=AXIS2_PLACEMENT_3D('',#13621,#10467,#10468);
#8826=AXIS2_PLACEMENT_3D('',#13622,#10469,#10470);
#8827=AXIS2_PLACEMENT_3D('',#13623,#10471,#10472);
#8828=AXIS2_PLACEMENT_3D('',#13624,#10473,#10474);
#8829=AXIS2_PLACEMENT_3D('',#13625,#10475,#10476);
#8830=AXIS2_PLACEMENT_3D('',#13627,#10477,#10478);
#8831=AXIS2_PLACEMENT_3D('',#13628,#10479,#10480);
#8832=AXIS2_PLACEMENT_3D('',#13629,#10481,#10482);
#8833=AXIS2_PLACEMENT_3D('',#13630,#10483,#10484);
#8834=AXIS2_PLACEMENT_3D('',#13631,#10485,#10486);
#8835=AXIS2_PLACEMENT_3D('',#13632,#10487,#10488);
#8836=AXIS2_PLACEMENT_3D('',#13633,#10489,#10490);
#8837=AXIS2_PLACEMENT_3D('',#13634,#10491,#10492);
#8838=AXIS2_PLACEMENT_3D('',#13635,#10493,#10494);
#8839=AXIS2_PLACEMENT_3D('',#13636,#10495,#10496);
#8840=AXIS2_PLACEMENT_3D('',#13637,#10497,#10498);
#8841=AXIS2_PLACEMENT_3D('',#13638,#10499,#10500);
#8842=AXIS2_PLACEMENT_3D('',#13639,#10501,#10502);
#8843=AXIS2_PLACEMENT_3D('',#13640,#10503,#10504);
#8844=AXIS2_PLACEMENT_3D('',#13641,#10505,#10506);
#8845=AXIS2_PLACEMENT_3D('',#13642,#10507,#10508);
#8846=AXIS2_PLACEMENT_3D('',#13643,#10509,#10510);
#8847=AXIS2_PLACEMENT_3D('',#13644,#10511,#10512);
#8848=AXIS2_PLACEMENT_3D('',#13645,#10513,#10514);
#8849=AXIS2_PLACEMENT_3D('',#13646,#10515,#10516);
#8850=AXIS2_PLACEMENT_3D('',#13647,#10517,#10518);
#8851=AXIS2_PLACEMENT_3D('',#13648,#10519,#10520);
#8852=AXIS2_PLACEMENT_3D('',#13649,#10521,#10522);
#8853=AXIS2_PLACEMENT_3D('',#13650,#10523,#10524);
#8854=AXIS2_PLACEMENT_3D('',#13651,#10525,#10526);
#8855=AXIS2_PLACEMENT_3D('',#13652,#10527,#10528);
#8856=AXIS2_PLACEMENT_3D('',#13653,#10529,#10530);
#8857=AXIS2_PLACEMENT_3D('',#13654,#10531,#10532);
#8858=AXIS2_PLACEMENT_3D('',#13655,#10533,#10534);
#8859=AXIS2_PLACEMENT_3D('',#13656,#10535,#10536);
#8860=AXIS2_PLACEMENT_3D('',#13657,#10537,#10538);
#8861=AXIS2_PLACEMENT_3D('',#13658,#10539,#10540);
#8862=AXIS2_PLACEMENT_3D('',#13659,#10541,#10542);
#8863=AXIS2_PLACEMENT_3D('',#13660,#10543,#10544);
#8864=AXIS2_PLACEMENT_3D('',#13661,#10545,#10546);
#8865=AXIS2_PLACEMENT_3D('',#13662,#10547,#10548);
#8866=AXIS2_PLACEMENT_3D('',#13665,#10550,#10551);
#8867=AXIS2_PLACEMENT_3D('',#13666,#10552,#10553);
#8868=AXIS2_PLACEMENT_3D('',#13667,#10554,#10555);
#8869=AXIS2_PLACEMENT_3D('',#13668,#10556,#10557);
#8870=AXIS2_PLACEMENT_3D('',#13669,#10558,#10559);
#8871=AXIS2_PLACEMENT_3D('',#13671,#10560,#10561);
#8872=AXIS2_PLACEMENT_3D('',#13674,#10563,#10564);
#8873=AXIS2_PLACEMENT_3D('',#13675,#10565,#10566);
#8874=AXIS2_PLACEMENT_3D('',#13676,#10567,#10568);
#8875=AXIS2_PLACEMENT_3D('',#13678,#10569,#10570);
#8876=AXIS2_PLACEMENT_3D('',#13679,#10571,#10572);
#8877=AXIS2_PLACEMENT_3D('',#13681,#10574,#10575);
#8878=AXIS2_PLACEMENT_3D('',#13683,#10576,#10577);
#8879=AXIS2_PLACEMENT_3D('',#13686,#10579,#10580);
#8880=AXIS2_PLACEMENT_3D('',#13687,#10581,#10582);
#8881=AXIS2_PLACEMENT_3D('',#13688,#10583,#10584);
#8882=AXIS2_PLACEMENT_3D('',#13690,#10585,#10586);
#8883=AXIS2_PLACEMENT_3D('',#13691,#10587,#10588);
#8884=AXIS2_PLACEMENT_3D('',#13693,#10590,#10591);
#8885=AXIS2_PLACEMENT_3D('',#13696,#10592,#10593);
#8886=AXIS2_PLACEMENT_3D('',#13698,#10594,#10595);
#8887=AXIS2_PLACEMENT_3D('',#13700,#10596,#10597);
#8888=AXIS2_PLACEMENT_3D('',#13701,#10598,#10599);
#8889=AXIS2_PLACEMENT_3D('',#13703,#10600,#10601);
#8890=AXIS2_PLACEMENT_3D('',#13704,#10602,#10603);
#8891=AXIS2_PLACEMENT_3D('',#13705,#10604,#10605);
#8892=AXIS2_PLACEMENT_3D('',#13709,#10608,#10609);
#8893=AXIS2_PLACEMENT_3D('',#13717,#10614,#10615);
#8894=AXIS2_PLACEMENT_3D('',#13721,#10618,#10619);
#8895=AXIS2_PLACEMENT_3D('',#13724,#10620,#10621);
#8896=AXIS2_PLACEMENT_3D('',#13726,#10622,#10623);
#8897=AXIS2_PLACEMENT_3D('',#13728,#10624,#10625);
#8898=AXIS2_PLACEMENT_3D('',#13731,#10627,#10628);
#8899=AXIS2_PLACEMENT_3D('',#13733,#10629,#10630);
#8900=AXIS2_PLACEMENT_3D('',#13735,#10631,#10632);
#8901=AXIS2_PLACEMENT_3D('',#13736,#10633,#10634);
#8902=AXIS2_PLACEMENT_3D('',#13737,#10635,#10636);
#8903=AXIS2_PLACEMENT_3D('',#13740,#10637,#10638);
#8904=AXIS2_PLACEMENT_3D('',#13742,#10639,#10640);
#8905=AXIS2_PLACEMENT_3D('',#13744,#10641,#10642);
#8906=AXIS2_PLACEMENT_3D('',#13745,#10643,#10644);
#8907=AXIS2_PLACEMENT_3D('',#13747,#10645,#10646);
#8908=AXIS2_PLACEMENT_3D('',#13748,#10647,#10648);
#8909=AXIS2_PLACEMENT_3D('',#13749,#10649,#10650);
#8910=AXIS2_PLACEMENT_3D('',#13753,#10653,#10654);
#8911=AXIS2_PLACEMENT_3D('',#13761,#10659,#10660);
#8912=AXIS2_PLACEMENT_3D('',#13765,#10663,#10664);
#8913=AXIS2_PLACEMENT_3D('',#13769,#10666,#10667);
#8914=AXIS2_PLACEMENT_3D('',#13771,#10668,#10669);
#8915=AXIS2_PLACEMENT_3D('',#13773,#10670,#10671);
#8916=AXIS2_PLACEMENT_3D('',#13775,#10672,#10673);
#8917=AXIS2_PLACEMENT_3D('',#13776,#10674,#10675);
#8918=AXIS2_PLACEMENT_3D('',#13777,#10676,#10677);
#8919=AXIS2_PLACEMENT_3D('',#13780,#10678,#10679);
#8920=AXIS2_PLACEMENT_3D('',#13782,#10680,#10681);
#8921=AXIS2_PLACEMENT_3D('',#13783,#10682,#10683);
#8922=AXIS2_PLACEMENT_3D('',#13785,#10684,#10685);
#8923=AXIS2_PLACEMENT_3D('',#13786,#10686,#10687);
#8924=AXIS2_PLACEMENT_3D('',#13787,#10688,#10689);
#8925=AXIS2_PLACEMENT_3D('',#13793,#10692,#10693);
#8926=AXIS2_PLACEMENT_3D('',#13799,#10696,#10697);
#8927=AXIS2_PLACEMENT_3D('',#13801,#10699,#10700);
#8928=AXIS2_PLACEMENT_3D('',#13805,#10703,#10704);
#8929=AXIS2_PLACEMENT_3D('',#13809,#10706,#10707);
#8930=AXIS2_PLACEMENT_3D('',#13810,#10708,#10709);
#8931=AXIS2_PLACEMENT_3D('',#13812,#10710,#10711);
#8932=AXIS2_PLACEMENT_3D('',#13813,#10712,#10713);
#8933=AXIS2_PLACEMENT_3D('',#13814,#10714,#10715);
#8934=AXIS2_PLACEMENT_3D('',#13816,#10716,#10717);
#8935=AXIS2_PLACEMENT_3D('',#13817,#10718,#10719);
#8936=AXIS2_PLACEMENT_3D('',#13818,#10720,#10721);
#8937=AXIS2_PLACEMENT_3D('',#13819,#10722,#10723);
#8938=AXIS2_PLACEMENT_3D('',#13823,#10726,#10727);
#8939=AXIS2_PLACEMENT_3D('',#13826,#10729,#10730);
#8940=AXIS2_PLACEMENT_3D('',#13828,#10731,#10732);
#8941=AXIS2_PLACEMENT_3D('',#13829,#10733,#10734);
#8942=AXIS2_PLACEMENT_3D('',#13830,#10735,#10736);
#8943=AXIS2_PLACEMENT_3D('',#13833,#10737,#10738);
#8944=AXIS2_PLACEMENT_3D('',#13834,#10739,#10740);
#8945=AXIS2_PLACEMENT_3D('',#13835,#10741,#10742);
#8946=AXIS2_PLACEMENT_3D('',#13836,#10743,#10744);
#8947=AXIS2_PLACEMENT_3D('',#13838,#10745,#10746);
#8948=AXIS2_PLACEMENT_3D('',#13840,#10747,#10748);
#8949=AXIS2_PLACEMENT_3D('',#13841,#10749,#10750);
#8950=AXIS2_PLACEMENT_3D('',#13842,#10751,#10752);
#8951=AXIS2_PLACEMENT_3D('',#13844,#10753,#10754);
#8952=AXIS2_PLACEMENT_3D('',#13845,#10755,#10756);
#8953=AXIS2_PLACEMENT_3D('',#13846,#10757,#10758);
#8954=AXIS2_PLACEMENT_3D('',#13847,#10759,#10760);
#8955=AXIS2_PLACEMENT_3D('',#13850,#10761,#10762);
#8956=AXIS2_PLACEMENT_3D('',#13851,#10763,#10764);
#8957=AXIS2_PLACEMENT_3D('',#13852,#10765,#10766);
#8958=AXIS2_PLACEMENT_3D('',#13853,#10767,#10768);
#8959=AXIS2_PLACEMENT_3D('',#13854,#10769,#10770);
#8960=AXIS2_PLACEMENT_3D('',#13855,#10771,#10772);
#8961=AXIS2_PLACEMENT_3D('',#13857,#10773,#10774);
#8962=AXIS2_PLACEMENT_3D('',#13859,#10775,#10776);
#8963=AXIS2_PLACEMENT_3D('',#13860,#10777,#10778);
#8964=AXIS2_PLACEMENT_3D('',#13861,#10779,#10780);
#8965=AXIS2_PLACEMENT_3D('',#13866,#10784,#10785);
#8966=AXIS2_PLACEMENT_3D('',#13867,#10786,#10787);
#8967=AXIS2_PLACEMENT_3D('',#13869,#10788,#10789);
#8968=AXIS2_PLACEMENT_3D('',#13870,#10790,#10791);
#8969=AXIS2_PLACEMENT_3D('',#13871,#10792,#10793);
#8970=AXIS2_PLACEMENT_3D('',#13872,#10794,#10795);
#8971=AXIS2_PLACEMENT_3D('',#13874,#10796,#10797);
#8972=AXIS2_PLACEMENT_3D('',#13875,#10798,#10799);
#8973=AXIS2_PLACEMENT_3D('',#13876,#10800,#10801);
#8974=AXIS2_PLACEMENT_3D('',#13878,#10803,#10804);
#8975=AXIS2_PLACEMENT_3D('',#13880,#10806,#10807);
#8976=AXIS2_PLACEMENT_3D('',#13883,#10809,#10810);
#8977=AXIS2_PLACEMENT_3D('',#13884,#10811,#10812);
#8978=AXIS2_PLACEMENT_3D('',#13886,#10813,#10814);
#8979=AXIS2_PLACEMENT_3D('',#13888,#10815,#10816);
#8980=AXIS2_PLACEMENT_3D('',#13889,#10817,#10818);
#8981=AXIS2_PLACEMENT_3D('',#13890,#10819,#10820);
#8982=AXIS2_PLACEMENT_3D('',#13893,#10822,#10823);
#8983=AXIS2_PLACEMENT_3D('',#13894,#10824,#10825);
#8984=AXIS2_PLACEMENT_3D('',#13896,#10826,#10827);
#8985=AXIS2_PLACEMENT_3D('',#13897,#10828,#10829);
#8986=AXIS2_PLACEMENT_3D('',#13898,#10830,#10831);
#8987=AXIS2_PLACEMENT_3D('',#13899,#10832,#10833);
#8988=AXIS2_PLACEMENT_3D('',#13901,#10834,#10835);
#8989=AXIS2_PLACEMENT_3D('',#13903,#10836,#10837);
#8990=AXIS2_PLACEMENT_3D('',#13904,#10838,#10839);
#8991=AXIS2_PLACEMENT_3D('',#13905,#10840,#10841);
#8992=AXIS2_PLACEMENT_3D('',#13908,#10844,#10845);
#8993=AXIS2_PLACEMENT_3D('',#13910,#10847,#10848);
#8994=AXIS2_PLACEMENT_3D('',#13912,#10850,#10851);
#8995=AXIS2_PLACEMENT_3D('',#13913,#10852,#10853);
#8996=AXIS2_PLACEMENT_3D('',#13915,#10855,#10856);
#8997=AXIS2_PLACEMENT_3D('',#13917,#10858,#10859);
#8998=AXIS2_PLACEMENT_3D('',#13918,#10860,#10861);
#8999=AXIS2_PLACEMENT_3D('',#13998,#10863,#10864);
#9000=AXIS2_PLACEMENT_3D('',#13999,#10865,#10866);
#9001=AXIS2_PLACEMENT_3D('',#14000,#10867,#10868);
#9002=AXIS2_PLACEMENT_3D('',#14001,#10869,#10870);
#9003=AXIS2_PLACEMENT_3D('',#14002,#10871,#10872);
#9004=AXIS2_PLACEMENT_3D('',#14004,#10874,#10875);
#9005=AXIS2_PLACEMENT_3D('',#14006,#10877,#10878);
#9006=AXIS2_PLACEMENT_3D('',#14012,#10881,#10882);
#9007=AXIS2_PLACEMENT_3D('',#14014,#10883,#10884);
#9008=AXIS2_PLACEMENT_3D('',#14018,#10886,#10887);
#9009=AXIS2_PLACEMENT_3D('',#14020,#10888,#10889);
#9010=AXIS2_PLACEMENT_3D('',#14024,#10892,#10893);
#9011=AXIS2_PLACEMENT_3D('',#14027,#10895,#10896);
#9012=AXIS2_PLACEMENT_3D('',#14028,#10897,#10898);
#9013=AXIS2_PLACEMENT_3D('',#14029,#10899,#10900);
#9014=AXIS2_PLACEMENT_3D('',#14030,#10901,#10902);
#9015=AXIS2_PLACEMENT_3D('',#14031,#10903,#10904);
#9016=AXIS2_PLACEMENT_3D('',#14035,#10906,#10907);
#9017=AXIS2_PLACEMENT_3D('',#14038,#10909,#10910);
#9018=AXIS2_PLACEMENT_3D('',#14039,#10911,#10912);
#9019=AXIS2_PLACEMENT_3D('',#14040,#10913,#10914);
#9020=AXIS2_PLACEMENT_3D('',#14044,#10916,#10917);
#9021=AXIS2_PLACEMENT_3D('',#14045,#10918,#10919);
#9022=AXIS2_PLACEMENT_3D('',#14046,#10920,#10921);
#9023=AXIS2_PLACEMENT_3D('',#14047,#10922,#10923);
#9024=AXIS2_PLACEMENT_3D('',#14051,#10925,#10926);
#9025=AXIS2_PLACEMENT_3D('',#14053,#10928,#10929);
#9026=AXIS2_PLACEMENT_3D('',#14055,#10931,#10932);
#9027=AXIS2_PLACEMENT_3D('',#14057,#10934,#10935);
#9028=AXIS2_PLACEMENT_3D('',#14061,#10937,#10938);
#9029=AXIS2_PLACEMENT_3D('',#14064,#10940,#10941);
#9030=AXIS2_PLACEMENT_3D('',#14065,#10942,#10943);
#9031=AXIS2_PLACEMENT_3D('',#14066,#10944,#10945);
#9032=AXIS2_PLACEMENT_3D('',#14069,#10947,#10948);
#9033=AXIS2_PLACEMENT_3D('',#14070,#10949,#10950);
#9034=AXIS2_PLACEMENT_3D('',#14071,#10951,#10952);
#9035=AXIS2_PLACEMENT_3D('',#14075,#10954,#10955);
#9036=AXIS2_PLACEMENT_3D('',#14077,#10957,#10958);
#9037=AXIS2_PLACEMENT_3D('',#14079,#10960,#10961);
#9038=AXIS2_PLACEMENT_3D('',#14081,#10963,#10964);
#9039=AXIS2_PLACEMENT_3D('',#14083,#10965,#10966);
#9040=AXIS2_PLACEMENT_3D('',#14086,#10968,#10969);
#9041=AXIS2_PLACEMENT_3D('',#14087,#10970,#10971);
#9042=AXIS2_PLACEMENT_3D('',#14088,#10972,#10973);
#9043=AXIS2_PLACEMENT_3D('',#14091,#10975,#10976);
#9044=AXIS2_PLACEMENT_3D('',#14092,#10977,#10978);
#9045=AXIS2_PLACEMENT_3D('',#14094,#10979,#10980);
#9046=AXIS2_PLACEMENT_3D('',#14095,#10981,#10982);
#9047=AXIS2_PLACEMENT_3D('',#14096,#10983,#10984);
#9048=AXIS2_PLACEMENT_3D('',#14098,#10985,#10986);
#9049=AXIS2_PLACEMENT_3D('',#14099,#10987,#10988);
#9050=AXIS2_PLACEMENT_3D('',#14100,#10989,#10990);
#9051=AXIS2_PLACEMENT_3D('',#14102,#10991,#10992);
#9052=AXIS2_PLACEMENT_3D('',#14104,#10994,#10995);
#9053=AXIS2_PLACEMENT_3D('',#14106,#10996,#10997);
#9054=AXIS2_PLACEMENT_3D('',#14107,#10998,#10999);
#9055=AXIS2_PLACEMENT_3D('',#14110,#11001,#11002);
#9056=AXIS2_PLACEMENT_3D('',#14111,#11003,#11004);
#9057=AXIS2_PLACEMENT_3D('',#14115,#11007,#11008);
#9058=AXIS2_PLACEMENT_3D('',#14116,#11009,#11010);
#9059=AXIS2_PLACEMENT_3D('',#14117,#11011,#11012);
#9060=AXIS2_PLACEMENT_3D('',#14119,#11013,#11014);
#9061=AXIS2_PLACEMENT_3D('',#14120,#11015,#11016);
#9062=AXIS2_PLACEMENT_3D('',#14121,#11017,#11018);
#9063=AXIS2_PLACEMENT_3D('',#14123,#11019,#11020);
#9064=AXIS2_PLACEMENT_3D('',#14124,#11021,#11022);
#9065=AXIS2_PLACEMENT_3D('',#14125,#11023,#11024);
#9066=AXIS2_PLACEMENT_3D('',#14126,#11025,#11026);
#9067=AXIS2_PLACEMENT_3D('',#14127,#11027,#11028);
#9068=AXIS2_PLACEMENT_3D('',#14130,#11031,#11032);
#9069=AXIS2_PLACEMENT_3D('',#14131,#11033,#11034);
#9070=AXIS2_PLACEMENT_3D('',#14132,#11035,#11036);
#9071=AXIS2_PLACEMENT_3D('',#14133,#11037,#11038);
#9072=AXIS2_PLACEMENT_3D('',#14136,#11041,#11042);
#9073=AXIS2_PLACEMENT_3D('',#14137,#11043,#11044);
#9074=AXIS2_PLACEMENT_3D('',#14138,#11045,#11046);
#9075=AXIS2_PLACEMENT_3D('',#14139,#11047,#11048);
#9076=AXIS2_PLACEMENT_3D('',#14140,#11049,#11050);
#9077=AXIS2_PLACEMENT_3D('',#14141,#11051,#11052);
#9078=AXIS2_PLACEMENT_3D('',#14142,#11053,#11054);
#9079=AXIS2_PLACEMENT_3D('',#14143,#11055,#11056);
#9080=AXIS2_PLACEMENT_3D('',#14144,#11057,#11058);
#9081=AXIS2_PLACEMENT_3D('',#14145,#11059,#11060);
#9082=AXIS2_PLACEMENT_3D('',#14146,#11061,#11062);
#9083=AXIS2_PLACEMENT_3D('',#14147,#11063,#11064);
#9084=AXIS2_PLACEMENT_3D('',#14148,#11065,#11066);
#9085=AXIS2_PLACEMENT_3D('',#14149,#11067,#11068);
#9086=AXIS2_PLACEMENT_3D('',#14150,#11069,#11070);
#9087=AXIS2_PLACEMENT_3D('',#14151,#11071,#11072);
#9088=AXIS2_PLACEMENT_3D('',#14152,#11073,#11074);
#9089=AXIS2_PLACEMENT_3D('',#14153,#11075,#11076);
#9090=AXIS2_PLACEMENT_3D('',#14154,#11077,#11078);
#9091=AXIS2_PLACEMENT_3D('',#14155,#11079,#11080);
#9092=AXIS2_PLACEMENT_3D('',#14156,#11081,#11082);
#9093=AXIS2_PLACEMENT_3D('',#14157,#11083,#11084);
#9094=AXIS2_PLACEMENT_3D('',#14159,#11085,#11086);
#9095=AXIS2_PLACEMENT_3D('',#14163,#11088,#11089);
#9096=AXIS2_PLACEMENT_3D('',#14166,#11091,#11092);
#9097=AXIS2_PLACEMENT_3D('',#14167,#11093,#11094);
#9098=AXIS2_PLACEMENT_3D('',#14169,#11095,#11096);
#9099=AXIS2_PLACEMENT_3D('',#14173,#11098,#11099);
#9100=AXIS2_PLACEMENT_3D('',#14176,#11101,#11102);
#9101=AXIS2_PLACEMENT_3D('',#14177,#11103,#11104);
#9102=AXIS2_PLACEMENT_3D('',#14178,#11105,#11106);
#9103=AXIS2_PLACEMENT_3D('',#14179,#11107,#11108);
#9104=AXIS2_PLACEMENT_3D('',#14180,#11109,#11110);
#9105=AXIS2_PLACEMENT_3D('',#14181,#11111,#11112);
#9106=AXIS2_PLACEMENT_3D('',#14187,#11116,#11117);
#9107=AXIS2_PLACEMENT_3D('',#14188,#11118,#11119);
#9108=AXIS2_PLACEMENT_3D('',#14189,#11120,#11121);
#9109=AXIS2_PLACEMENT_3D('',#14190,#11122,#11123);
#9110=AXIS2_PLACEMENT_3D('',#14191,#11124,#11125);
#9111=AXIS2_PLACEMENT_3D('',#14197,#11129,#11130);
#9112=AXIS2_PLACEMENT_3D('',#14200,#11133,#11134);
#9113=AXIS2_PLACEMENT_3D('',#14202,#11136,#11137);
#9114=AXIS2_PLACEMENT_3D('',#14204,#11139,#11140);
#9115=AXIS2_PLACEMENT_3D('',#14205,#11141,#11142);
#9116=AXIS2_PLACEMENT_3D('',#14207,#11144,#11145);
#9117=AXIS2_PLACEMENT_3D('',#14208,#11146,#11147);
#9118=AXIS2_PLACEMENT_3D('',#14211,#11148,#11149);
#9119=AXIS2_PLACEMENT_3D('',#14213,#11150,#11151);
#9120=AXIS2_PLACEMENT_3D('',#14215,#11152,#11153);
#9121=AXIS2_PLACEMENT_3D('',#14216,#11154,#11155);
#9122=AXIS2_PLACEMENT_3D('',#14217,#11156,#11157);
#9123=AXIS2_PLACEMENT_3D('',#14220,#11158,#11159);
#9124=AXIS2_PLACEMENT_3D('',#14221,#11160,#11161);
#9125=AXIS2_PLACEMENT_3D('',#14222,#11162,#11163);
#9126=AXIS2_PLACEMENT_3D('',#14223,#11164,#11165);
#9127=AXIS2_PLACEMENT_3D('',#14226,#11166,#11167);
#9128=AXIS2_PLACEMENT_3D('',#14227,#11168,#11169);
#9129=AXIS2_PLACEMENT_3D('',#14228,#11170,#11171);
#9130=AXIS2_PLACEMENT_3D('',#14229,#11172,#11173);
#9131=AXIS2_PLACEMENT_3D('',#14232,#11174,#11175);
#9132=AXIS2_PLACEMENT_3D('',#14235,#11178,#11179);
#9133=AXIS2_PLACEMENT_3D('',#14238,#11180,#11181);
#9134=AXIS2_PLACEMENT_3D('',#14239,#11182,#11183);
#9135=AXIS2_PLACEMENT_3D('',#14240,#11184,#11185);
#9136=AXIS2_PLACEMENT_3D('',#14241,#11186,#11187);
#9137=AXIS2_PLACEMENT_3D('',#14244,#11188,#11189);
#9138=AXIS2_PLACEMENT_3D('',#14246,#11190,#11191);
#9139=AXIS2_PLACEMENT_3D('',#14248,#11192,#11193);
#9140=AXIS2_PLACEMENT_3D('',#14249,#11194,#11195);
#9141=AXIS2_PLACEMENT_3D('',#14250,#11196,#11197);
#9142=AXIS2_PLACEMENT_3D('',#14253,#11200,#11201);
#9143=AXIS2_PLACEMENT_3D('',#14255,#11202,#11203);
#9144=AXIS2_PLACEMENT_3D('',#14257,#11204,#11205);
#9145=AXIS2_PLACEMENT_3D('',#14261,#11207,#11208);
#9146=AXIS2_PLACEMENT_3D('',#14263,#11209,#11210);
#9147=AXIS2_PLACEMENT_3D('',#14265,#11211,#11212);
#9148=AXIS2_PLACEMENT_3D('',#14269,#11214,#11215);
#9149=AXIS2_PLACEMENT_3D('',#14271,#11216,#11217);
#9150=AXIS2_PLACEMENT_3D('',#14273,#11218,#11219);
#9151=AXIS2_PLACEMENT_3D('',#14277,#11221,#11222);
#9152=AXIS2_PLACEMENT_3D('',#14279,#11223,#11224);
#9153=AXIS2_PLACEMENT_3D('',#14281,#11225,#11226);
#9154=AXIS2_PLACEMENT_3D('',#14285,#11228,#11229);
#9155=AXIS2_PLACEMENT_3D('',#14287,#11230,#11231);
#9156=AXIS2_PLACEMENT_3D('',#14289,#11232,#11233);
#9157=AXIS2_PLACEMENT_3D('',#14291,#11234,#11235);
#9158=AXIS2_PLACEMENT_3D('',#14295,#11237,#11238);
#9159=AXIS2_PLACEMENT_3D('',#14297,#11239,#11240);
#9160=AXIS2_PLACEMENT_3D('',#14299,#11241,#11242);
#9161=AXIS2_PLACEMENT_3D('',#14303,#11244,#11245);
#9162=AXIS2_PLACEMENT_3D('',#14305,#11246,#11247);
#9163=AXIS2_PLACEMENT_3D('',#14307,#11248,#11249);
#9164=AXIS2_PLACEMENT_3D('',#14311,#11251,#11252);
#9165=AXIS2_PLACEMENT_3D('',#14313,#11253,#11254);
#9166=AXIS2_PLACEMENT_3D('',#14315,#11255,#11256);
#9167=AXIS2_PLACEMENT_3D('',#14319,#11258,#11259);
#9168=AXIS2_PLACEMENT_3D('',#14321,#11260,#11261);
#9169=AXIS2_PLACEMENT_3D('',#14323,#11262,#11263);
#9170=AXIS2_PLACEMENT_3D('',#14327,#11265,#11266);
#9171=AXIS2_PLACEMENT_3D('',#14329,#11267,#11268);
#9172=AXIS2_PLACEMENT_3D('',#14331,#11269,#11270);
#9173=AXIS2_PLACEMENT_3D('',#14335,#11272,#11273);
#9174=AXIS2_PLACEMENT_3D('',#14337,#11274,#11275);
#9175=AXIS2_PLACEMENT_3D('',#14339,#11276,#11277);
#9176=AXIS2_PLACEMENT_3D('',#14343,#11279,#11280);
#9177=AXIS2_PLACEMENT_3D('',#14345,#11281,#11282);
#9178=AXIS2_PLACEMENT_3D('',#14347,#11283,#11284);
#9179=AXIS2_PLACEMENT_3D('',#14351,#11286,#11287);
#9180=AXIS2_PLACEMENT_3D('',#14353,#11288,#11289);
#9181=AXIS2_PLACEMENT_3D('',#14355,#11290,#11291);
#9182=AXIS2_PLACEMENT_3D('',#14359,#11293,#11294);
#9183=AXIS2_PLACEMENT_3D('',#14361,#11295,#11296);
#9184=AXIS2_PLACEMENT_3D('',#14363,#11297,#11298);
#9185=AXIS2_PLACEMENT_3D('',#14367,#11300,#11301);
#9186=AXIS2_PLACEMENT_3D('',#14369,#11302,#11303);
#9187=AXIS2_PLACEMENT_3D('',#14371,#11304,#11305);
#9188=AXIS2_PLACEMENT_3D('',#14375,#11307,#11308);
#9189=AXIS2_PLACEMENT_3D('',#14377,#11309,#11310);
#9190=AXIS2_PLACEMENT_3D('',#14379,#11311,#11312);
#9191=AXIS2_PLACEMENT_3D('',#14383,#11314,#11315);
#9192=AXIS2_PLACEMENT_3D('',#14385,#11316,#11317);
#9193=AXIS2_PLACEMENT_3D('',#14387,#11318,#11319);
#9194=AXIS2_PLACEMENT_3D('',#14391,#11321,#11322);
#9195=AXIS2_PLACEMENT_3D('',#14393,#11323,#11324);
#9196=AXIS2_PLACEMENT_3D('',#14395,#11325,#11326);
#9197=AXIS2_PLACEMENT_3D('',#14399,#11328,#11329);
#9198=AXIS2_PLACEMENT_3D('',#14401,#11330,#11331);
#9199=AXIS2_PLACEMENT_3D('',#14403,#11332,#11333);
#9200=AXIS2_PLACEMENT_3D('',#14407,#11335,#11336);
#9201=AXIS2_PLACEMENT_3D('',#14409,#11337,#11338);
#9202=AXIS2_PLACEMENT_3D('',#14411,#11339,#11340);
#9203=AXIS2_PLACEMENT_3D('',#14415,#11342,#11343);
#9204=AXIS2_PLACEMENT_3D('',#14417,#11344,#11345);
#9205=AXIS2_PLACEMENT_3D('',#14419,#11346,#11347);
#9206=AXIS2_PLACEMENT_3D('',#14423,#11349,#11350);
#9207=AXIS2_PLACEMENT_3D('',#14425,#11351,#11352);
#9208=AXIS2_PLACEMENT_3D('',#14427,#11353,#11354);
#9209=AXIS2_PLACEMENT_3D('',#14431,#11356,#11357);
#9210=AXIS2_PLACEMENT_3D('',#14433,#11358,#11359);
#9211=AXIS2_PLACEMENT_3D('',#14435,#11360,#11361);
#9212=AXIS2_PLACEMENT_3D('',#14439,#11363,#11364);
#9213=AXIS2_PLACEMENT_3D('',#14441,#11365,#11366);
#9214=AXIS2_PLACEMENT_3D('',#14443,#11367,#11368);
#9215=AXIS2_PLACEMENT_3D('',#14447,#11370,#11371);
#9216=AXIS2_PLACEMENT_3D('',#14449,#11372,#11373);
#9217=AXIS2_PLACEMENT_3D('',#14451,#11374,#11375);
#9218=AXIS2_PLACEMENT_3D('',#14455,#11377,#11378);
#9219=AXIS2_PLACEMENT_3D('',#14457,#11379,#11380);
#9220=AXIS2_PLACEMENT_3D('',#14459,#11381,#11382);
#9221=AXIS2_PLACEMENT_3D('',#14463,#11384,#11385);
#9222=AXIS2_PLACEMENT_3D('',#14465,#11386,#11387);
#9223=AXIS2_PLACEMENT_3D('',#14467,#11388,#11389);
#9224=AXIS2_PLACEMENT_3D('',#14471,#11391,#11392);
#9225=AXIS2_PLACEMENT_3D('',#14473,#11393,#11394);
#9226=AXIS2_PLACEMENT_3D('',#14475,#11395,#11396);
#9227=AXIS2_PLACEMENT_3D('',#14479,#11398,#11399);
#9228=AXIS2_PLACEMENT_3D('',#14481,#11400,#11401);
#9229=AXIS2_PLACEMENT_3D('',#14483,#11402,#11403);
#9230=AXIS2_PLACEMENT_3D('',#14487,#11405,#11406);
#9231=AXIS2_PLACEMENT_3D('',#14489,#11407,#11408);
#9232=AXIS2_PLACEMENT_3D('',#14491,#11409,#11410);
#9233=AXIS2_PLACEMENT_3D('',#14495,#11412,#11413);
#9234=AXIS2_PLACEMENT_3D('',#14496,#11414,#11415);
#9235=AXIS2_PLACEMENT_3D('',#14498,#11416,#11417);
#9236=AXIS2_PLACEMENT_3D('',#14499,#11418,#11419);
#9237=AXIS2_PLACEMENT_3D('',#14500,#11420,#11421);
#9238=AXIS2_PLACEMENT_3D('',#14504,#11423,#11424);
#9239=AXIS2_PLACEMENT_3D('',#14506,#11426,#11427);
#9240=AXIS2_PLACEMENT_3D('',#14509,#11429,#11430);
#9241=AXIS2_PLACEMENT_3D('',#14510,#11431,#11432);
#9242=AXIS2_PLACEMENT_3D('',#14514,#11435,#11436);
#9243=AXIS2_PLACEMENT_3D('',#14517,#11438,#11439);
#9244=AXIS2_PLACEMENT_3D('',#14518,#11440,#11441);
#9245=AXIS2_PLACEMENT_3D('',#14520,#11442,#11443);
#9246=AXIS2_PLACEMENT_3D('',#14522,#11444,#11445);
#9247=AXIS2_PLACEMENT_3D('',#14523,#11446,#11447);
#9248=AXIS2_PLACEMENT_3D('',#14524,#11448,#11449);
#9249=AXIS2_PLACEMENT_3D('',#14526,#11450,#11451);
#9250=AXIS2_PLACEMENT_3D('',#14527,#11452,#11453);
#9251=AXIS2_PLACEMENT_3D('',#14528,#11454,#11455);
#9252=AXIS2_PLACEMENT_3D('',#14530,#11456,#11457);
#9253=AXIS2_PLACEMENT_3D('',#14531,#11458,#11459);
#9254=AXIS2_PLACEMENT_3D('',#14532,#11460,#11461);
#9255=AXIS2_PLACEMENT_3D('',#14534,#11462,#11463);
#9256=AXIS2_PLACEMENT_3D('',#14536,#11465,#11466);
#9257=AXIS2_PLACEMENT_3D('',#14538,#11467,#11468);
#9258=AXIS2_PLACEMENT_3D('',#14539,#11469,#11470);
#9259=AXIS2_PLACEMENT_3D('',#14540,#11471,#11472);
#9260=AXIS2_PLACEMENT_3D('',#14542,#11473,#11474);
#9261=AXIS2_PLACEMENT_3D('',#14544,#11475,#11476);
#9262=AXIS2_PLACEMENT_3D('',#14545,#11477,#11478);
#9263=AXIS2_PLACEMENT_3D('',#14546,#11479,#11480);
#9264=AXIS2_PLACEMENT_3D('',#14548,#11482,#11483);
#9265=AXIS2_PLACEMENT_3D('',#14549,#11484,#11485);
#9266=AXIS2_PLACEMENT_3D('',#14553,#11487,#11488);
#9267=AXIS2_PLACEMENT_3D('',#14555,#11490,#11491);
#9268=AXIS2_PLACEMENT_3D('',#14558,#11493,#11494);
#9269=AXIS2_PLACEMENT_3D('',#14559,#11495,#11496);
#9270=AXIS2_PLACEMENT_3D('',#14563,#11499,#11500);
#9271=AXIS2_PLACEMENT_3D('',#14566,#11502,#11503);
#9272=AXIS2_PLACEMENT_3D('',#14567,#11504,#11505);
#9273=AXIS2_PLACEMENT_3D('',#14569,#11506,#11507);
#9274=AXIS2_PLACEMENT_3D('',#14571,#11508,#11509);
#9275=AXIS2_PLACEMENT_3D('',#14572,#11510,#11511);
#9276=AXIS2_PLACEMENT_3D('',#14573,#11512,#11513);
#9277=AXIS2_PLACEMENT_3D('',#14575,#11514,#11515);
#9278=AXIS2_PLACEMENT_3D('',#14576,#11516,#11517);
#9279=AXIS2_PLACEMENT_3D('',#14577,#11518,#11519);
#9280=AXIS2_PLACEMENT_3D('',#14579,#11520,#11521);
#9281=AXIS2_PLACEMENT_3D('',#14580,#11522,#11523);
#9282=AXIS2_PLACEMENT_3D('',#14581,#11524,#11525);
#9283=AXIS2_PLACEMENT_3D('',#14583,#11526,#11527);
#9284=AXIS2_PLACEMENT_3D('',#14585,#11529,#11530);
#9285=AXIS2_PLACEMENT_3D('',#14587,#11531,#11532);
#9286=AXIS2_PLACEMENT_3D('',#14588,#11533,#11534);
#9287=AXIS2_PLACEMENT_3D('',#14589,#11535,#11536);
#9288=AXIS2_PLACEMENT_3D('',#14591,#11537,#11538);
#9289=AXIS2_PLACEMENT_3D('',#14593,#11539,#11540);
#9290=AXIS2_PLACEMENT_3D('',#14594,#11541,#11542);
#9291=AXIS2_PLACEMENT_3D('',#14595,#11543,#11544);
#9292=AXIS2_PLACEMENT_3D('',#14597,#11546,#11547);
#9293=AXIS2_PLACEMENT_3D('',#14598,#11548,#11549);
#9294=AXIS2_PLACEMENT_3D('',#14602,#11551,#11552);
#9295=AXIS2_PLACEMENT_3D('',#14604,#11554,#11555);
#9296=AXIS2_PLACEMENT_3D('',#14607,#11557,#11558);
#9297=AXIS2_PLACEMENT_3D('',#14608,#11559,#11560);
#9298=AXIS2_PLACEMENT_3D('',#14612,#11563,#11564);
#9299=AXIS2_PLACEMENT_3D('',#14615,#11566,#11567);
#9300=AXIS2_PLACEMENT_3D('',#14616,#11568,#11569);
#9301=AXIS2_PLACEMENT_3D('',#14618,#11570,#11571);
#9302=AXIS2_PLACEMENT_3D('',#14620,#11572,#11573);
#9303=AXIS2_PLACEMENT_3D('',#14621,#11574,#11575);
#9304=AXIS2_PLACEMENT_3D('',#14622,#11576,#11577);
#9305=AXIS2_PLACEMENT_3D('',#14624,#11578,#11579);
#9306=AXIS2_PLACEMENT_3D('',#14625,#11580,#11581);
#9307=AXIS2_PLACEMENT_3D('',#14626,#11582,#11583);
#9308=AXIS2_PLACEMENT_3D('',#14628,#11584,#11585);
#9309=AXIS2_PLACEMENT_3D('',#14629,#11586,#11587);
#9310=AXIS2_PLACEMENT_3D('',#14630,#11588,#11589);
#9311=AXIS2_PLACEMENT_3D('',#14632,#11590,#11591);
#9312=AXIS2_PLACEMENT_3D('',#14634,#11593,#11594);
#9313=AXIS2_PLACEMENT_3D('',#14636,#11595,#11596);
#9314=AXIS2_PLACEMENT_3D('',#14637,#11597,#11598);
#9315=AXIS2_PLACEMENT_3D('',#14638,#11599,#11600);
#9316=AXIS2_PLACEMENT_3D('',#14640,#11601,#11602);
#9317=AXIS2_PLACEMENT_3D('',#14642,#11603,#11604);
#9318=AXIS2_PLACEMENT_3D('',#14643,#11605,#11606);
#9319=AXIS2_PLACEMENT_3D('',#14644,#11607,#11608);
#9320=AXIS2_PLACEMENT_3D('',#14646,#11610,#11611);
#9321=AXIS2_PLACEMENT_3D('',#14647,#11612,#11613);
#9322=AXIS2_PLACEMENT_3D('',#14651,#11615,#11616);
#9323=AXIS2_PLACEMENT_3D('',#14653,#11618,#11619);
#9324=AXIS2_PLACEMENT_3D('',#14656,#11621,#11622);
#9325=AXIS2_PLACEMENT_3D('',#14657,#11623,#11624);
#9326=AXIS2_PLACEMENT_3D('',#14661,#11627,#11628);
#9327=AXIS2_PLACEMENT_3D('',#14664,#11630,#11631);
#9328=AXIS2_PLACEMENT_3D('',#14665,#11632,#11633);
#9329=AXIS2_PLACEMENT_3D('',#14667,#11634,#11635);
#9330=AXIS2_PLACEMENT_3D('',#14669,#11636,#11637);
#9331=AXIS2_PLACEMENT_3D('',#14670,#11638,#11639);
#9332=AXIS2_PLACEMENT_3D('',#14671,#11640,#11641);
#9333=AXIS2_PLACEMENT_3D('',#14673,#11642,#11643);
#9334=AXIS2_PLACEMENT_3D('',#14674,#11644,#11645);
#9335=AXIS2_PLACEMENT_3D('',#14675,#11646,#11647);
#9336=AXIS2_PLACEMENT_3D('',#14677,#11648,#11649);
#9337=AXIS2_PLACEMENT_3D('',#14678,#11650,#11651);
#9338=AXIS2_PLACEMENT_3D('',#14679,#11652,#11653);
#9339=AXIS2_PLACEMENT_3D('',#14681,#11654,#11655);
#9340=AXIS2_PLACEMENT_3D('',#14683,#11657,#11658);
#9341=AXIS2_PLACEMENT_3D('',#14685,#11659,#11660);
#9342=AXIS2_PLACEMENT_3D('',#14686,#11661,#11662);
#9343=AXIS2_PLACEMENT_3D('',#14687,#11663,#11664);
#9344=AXIS2_PLACEMENT_3D('',#14689,#11665,#11666);
#9345=AXIS2_PLACEMENT_3D('',#14691,#11667,#11668);
#9346=AXIS2_PLACEMENT_3D('',#14692,#11669,#11670);
#9347=AXIS2_PLACEMENT_3D('',#14693,#11671,#11672);
#9348=AXIS2_PLACEMENT_3D('',#14695,#11674,#11675);
#9349=AXIS2_PLACEMENT_3D('',#14696,#11676,#11677);
#9350=AXIS2_PLACEMENT_3D('',#14700,#11679,#11680);
#9351=AXIS2_PLACEMENT_3D('',#14702,#11682,#11683);
#9352=AXIS2_PLACEMENT_3D('',#14705,#11685,#11686);
#9353=AXIS2_PLACEMENT_3D('',#14706,#11687,#11688);
#9354=AXIS2_PLACEMENT_3D('',#14710,#11691,#11692);
#9355=AXIS2_PLACEMENT_3D('',#14713,#11694,#11695);
#9356=AXIS2_PLACEMENT_3D('',#14714,#11696,#11697);
#9357=AXIS2_PLACEMENT_3D('',#14716,#11698,#11699);
#9358=AXIS2_PLACEMENT_3D('',#14718,#11700,#11701);
#9359=AXIS2_PLACEMENT_3D('',#14719,#11702,#11703);
#9360=AXIS2_PLACEMENT_3D('',#14720,#11704,#11705);
#9361=AXIS2_PLACEMENT_3D('',#14722,#11706,#11707);
#9362=AXIS2_PLACEMENT_3D('',#14723,#11708,#11709);
#9363=AXIS2_PLACEMENT_3D('',#14724,#11710,#11711);
#9364=AXIS2_PLACEMENT_3D('',#14726,#11712,#11713);
#9365=AXIS2_PLACEMENT_3D('',#14727,#11714,#11715);
#9366=AXIS2_PLACEMENT_3D('',#14728,#11716,#11717);
#9367=AXIS2_PLACEMENT_3D('',#14730,#11718,#11719);
#9368=AXIS2_PLACEMENT_3D('',#14732,#11721,#11722);
#9369=AXIS2_PLACEMENT_3D('',#14734,#11723,#11724);
#9370=AXIS2_PLACEMENT_3D('',#14735,#11725,#11726);
#9371=AXIS2_PLACEMENT_3D('',#14736,#11727,#11728);
#9372=AXIS2_PLACEMENT_3D('',#14738,#11729,#11730);
#9373=AXIS2_PLACEMENT_3D('',#14740,#11731,#11732);
#9374=AXIS2_PLACEMENT_3D('',#14741,#11733,#11734);
#9375=AXIS2_PLACEMENT_3D('',#14742,#11735,#11736);
#9376=AXIS2_PLACEMENT_3D('',#14744,#11738,#11739);
#9377=AXIS2_PLACEMENT_3D('',#14745,#11740,#11741);
#9378=AXIS2_PLACEMENT_3D('',#14749,#11743,#11744);
#9379=AXIS2_PLACEMENT_3D('',#14751,#11746,#11747);
#9380=AXIS2_PLACEMENT_3D('',#14754,#11749,#11750);
#9381=AXIS2_PLACEMENT_3D('',#14755,#11751,#11752);
#9382=AXIS2_PLACEMENT_3D('',#14759,#11755,#11756);
#9383=AXIS2_PLACEMENT_3D('',#14762,#11758,#11759);
#9384=AXIS2_PLACEMENT_3D('',#14763,#11760,#11761);
#9385=AXIS2_PLACEMENT_3D('',#14765,#11762,#11763);
#9386=AXIS2_PLACEMENT_3D('',#14767,#11764,#11765);
#9387=AXIS2_PLACEMENT_3D('',#14768,#11766,#11767);
#9388=AXIS2_PLACEMENT_3D('',#14769,#11768,#11769);
#9389=AXIS2_PLACEMENT_3D('',#14771,#11770,#11771);
#9390=AXIS2_PLACEMENT_3D('',#14773,#11773,#11774);
#9391=AXIS2_PLACEMENT_3D('',#14775,#11775,#11776);
#9392=AXIS2_PLACEMENT_3D('',#14776,#11777,#11778);
#9393=AXIS2_PLACEMENT_3D('',#14777,#11779,#11780);
#9394=AXIS2_PLACEMENT_3D('',#14779,#11781,#11782);
#9395=AXIS2_PLACEMENT_3D('',#14781,#11783,#11784);
#9396=AXIS2_PLACEMENT_3D('',#14782,#11785,#11786);
#9397=AXIS2_PLACEMENT_3D('',#14783,#11787,#11788);
#9398=AXIS2_PLACEMENT_3D('',#14785,#11789,#11790);
#9399=AXIS2_PLACEMENT_3D('',#14787,#11792,#11793);
#9400=AXIS2_PLACEMENT_3D('',#14789,#11794,#11795);
#9401=AXIS2_PLACEMENT_3D('',#14790,#11796,#11797);
#9402=AXIS2_PLACEMENT_3D('',#14791,#11798,#11799);
#9403=AXIS2_PLACEMENT_3D('',#14792,#11800,#11801);
#9404=AXIS2_PLACEMENT_3D('',#14793,#11802,#11803);
#9405=AXIS2_PLACEMENT_3D('',#14799,#11807,#11808);
#9406=AXIS2_PLACEMENT_3D('',#14802,#11810,#11811);
#9407=AXIS2_PLACEMENT_3D('',#14803,#11812,#11813);
#9408=AXIS2_PLACEMENT_3D('',#14806,#11815,#11816);
#9409=AXIS2_PLACEMENT_3D('',#14807,#11817,#11818);
#9410=AXIS2_PLACEMENT_3D('',#14810,#11820,#11821);
#9411=AXIS2_PLACEMENT_3D('',#14811,#11822,#11823);
#9412=AXIS2_PLACEMENT_3D('',#14813,#11824,#11825);
#9413=AXIS2_PLACEMENT_3D('',#14815,#11826,#11827);
#9414=AXIS2_PLACEMENT_3D('',#14816,#11828,#11829);
#9415=AXIS2_PLACEMENT_3D('',#14817,#11830,#11831);
#9416=AXIS2_PLACEMENT_3D('',#14819,#11832,#11833);
#9417=AXIS2_PLACEMENT_3D('',#14821,#11835,#11836);
#9418=AXIS2_PLACEMENT_3D('',#14823,#11837,#11838);
#9419=AXIS2_PLACEMENT_3D('',#14824,#11839,#11840);
#9420=AXIS2_PLACEMENT_3D('',#14825,#11841,#11842);
#9421=AXIS2_PLACEMENT_3D('',#14827,#11843,#11844);
#9422=AXIS2_PLACEMENT_3D('',#14828,#11845,#11846);
#9423=AXIS2_PLACEMENT_3D('',#14829,#11847,#11848);
#9424=AXIS2_PLACEMENT_3D('',#14831,#11849,#11850);
#9425=AXIS2_PLACEMENT_3D('',#14832,#11851,#11852);
#9426=AXIS2_PLACEMENT_3D('',#14833,#11853,#11854);
#9427=AXIS2_PLACEMENT_3D('',#14835,#11855,#11856);
#9428=AXIS2_PLACEMENT_3D('',#14837,#11858,#11859);
#9429=AXIS2_PLACEMENT_3D('',#14839,#11860,#11861);
#9430=AXIS2_PLACEMENT_3D('',#14840,#11862,#11863);
#9431=AXIS2_PLACEMENT_3D('',#14841,#11864,#11865);
#9432=AXIS2_PLACEMENT_3D('',#14845,#11867,#11868);
#9433=AXIS2_PLACEMENT_3D('',#14847,#11870,#11871);
#9434=AXIS2_PLACEMENT_3D('',#14851,#11874,#11875);
#9435=AXIS2_PLACEMENT_3D('',#14854,#11877,#11878);
#9436=AXIS2_PLACEMENT_3D('',#14855,#11879,#11880);
#9437=AXIS2_PLACEMENT_3D('',#14856,#11881,#11882);
#9438=AXIS2_PLACEMENT_3D('',#14859,#11884,#11885);
#9439=AXIS2_PLACEMENT_3D('',#14860,#11886,#11887);
#9440=AXIS2_PLACEMENT_3D('',#14862,#11888,#11889);
#9441=AXIS2_PLACEMENT_3D('',#14864,#11890,#11891);
#9442=AXIS2_PLACEMENT_3D('',#14865,#11892,#11893);
#9443=AXIS2_PLACEMENT_3D('',#14866,#11894,#11895);
#9444=AXIS2_PLACEMENT_3D('',#14868,#11896,#11897);
#9445=AXIS2_PLACEMENT_3D('',#14870,#11899,#11900);
#9446=AXIS2_PLACEMENT_3D('',#14872,#11901,#11902);
#9447=AXIS2_PLACEMENT_3D('',#14873,#11903,#11904);
#9448=AXIS2_PLACEMENT_3D('',#14874,#11905,#11906);
#9449=AXIS2_PLACEMENT_3D('',#14876,#11907,#11908);
#9450=AXIS2_PLACEMENT_3D('',#14877,#11909,#11910);
#9451=AXIS2_PLACEMENT_3D('',#14878,#11911,#11912);
#9452=AXIS2_PLACEMENT_3D('',#14880,#11913,#11914);
#9453=AXIS2_PLACEMENT_3D('',#14881,#11915,#11916);
#9454=AXIS2_PLACEMENT_3D('',#14882,#11917,#11918);
#9455=AXIS2_PLACEMENT_3D('',#14884,#11919,#11920);
#9456=AXIS2_PLACEMENT_3D('',#14886,#11922,#11923);
#9457=AXIS2_PLACEMENT_3D('',#14888,#11924,#11925);
#9458=AXIS2_PLACEMENT_3D('',#14889,#11926,#11927);
#9459=AXIS2_PLACEMENT_3D('',#14890,#11928,#11929);
#9460=AXIS2_PLACEMENT_3D('',#14894,#11931,#11932);
#9461=AXIS2_PLACEMENT_3D('',#14896,#11934,#11935);
#9462=AXIS2_PLACEMENT_3D('',#14900,#11938,#11939);
#9463=AXIS2_PLACEMENT_3D('',#14903,#11941,#11942);
#9464=AXIS2_PLACEMENT_3D('',#14904,#11943,#11944);
#9465=AXIS2_PLACEMENT_3D('',#14905,#11945,#11946);
#9466=AXIS2_PLACEMENT_3D('',#14908,#11948,#11949);
#9467=AXIS2_PLACEMENT_3D('',#14909,#11950,#11951);
#9468=AXIS2_PLACEMENT_3D('',#14911,#11952,#11953);
#9469=AXIS2_PLACEMENT_3D('',#14913,#11954,#11955);
#9470=AXIS2_PLACEMENT_3D('',#14915,#11956,#11957);
#9471=AXIS2_PLACEMENT_3D('',#14916,#11958,#11959);
#9472=AXIS2_PLACEMENT_3D('',#14917,#11960,#11961);
#9473=AXIS2_PLACEMENT_3D('',#14920,#11963,#11964);
#9474=AXIS2_PLACEMENT_3D('',#14921,#11965,#11966);
#9475=AXIS2_PLACEMENT_3D('',#14928,#11969,#11970);
#9476=AXIS2_PLACEMENT_3D('',#14932,#11972,#11973);
#9477=AXIS2_PLACEMENT_3D('',#14938,#11976,#11977);
#9478=AXIS2_PLACEMENT_3D('',#14942,#11979,#11980);
#9479=AXIS2_PLACEMENT_3D('',#14948,#11983,#11984);
#9480=AXIS2_PLACEMENT_3D('',#14952,#11986,#11987);
#9481=AXIS2_PLACEMENT_3D('',#14958,#11990,#11991);
#9482=AXIS2_PLACEMENT_3D('',#14961,#11993,#11994);
#9483=AXIS2_PLACEMENT_3D('',#14962,#11995,#11996);
#9484=AXIS2_PLACEMENT_3D('',#14964,#11997,#11998);
#9485=AXIS2_PLACEMENT_3D('',#14966,#11999,#12000);
#9486=AXIS2_PLACEMENT_3D('',#14967,#12001,#12002);
#9487=AXIS2_PLACEMENT_3D('',#14968,#12003,#12004);
#9488=AXIS2_PLACEMENT_3D('',#14970,#12005,#12006);
#9489=AXIS2_PLACEMENT_3D('',#14972,#12008,#12009);
#9490=AXIS2_PLACEMENT_3D('',#14974,#12010,#12011);
#9491=AXIS2_PLACEMENT_3D('',#14975,#12012,#12013);
#9492=AXIS2_PLACEMENT_3D('',#14976,#12014,#12015);
#9493=AXIS2_PLACEMENT_3D('',#14978,#12016,#12017);
#9494=AXIS2_PLACEMENT_3D('',#14979,#12018,#12019);
#9495=AXIS2_PLACEMENT_3D('',#14980,#12020,#12021);
#9496=AXIS2_PLACEMENT_3D('',#14982,#12022,#12023);
#9497=AXIS2_PLACEMENT_3D('',#14983,#12024,#12025);
#9498=AXIS2_PLACEMENT_3D('',#14984,#12026,#12027);
#9499=AXIS2_PLACEMENT_3D('',#14986,#12028,#12029);
#9500=AXIS2_PLACEMENT_3D('',#14988,#12031,#12032);
#9501=AXIS2_PLACEMENT_3D('',#14990,#12033,#12034);
#9502=AXIS2_PLACEMENT_3D('',#14991,#12035,#12036);
#9503=AXIS2_PLACEMENT_3D('',#14992,#12037,#12038);
#9504=AXIS2_PLACEMENT_3D('',#14998,#12042,#12043);
#9505=AXIS2_PLACEMENT_3D('',#15001,#12045,#12046);
#9506=AXIS2_PLACEMENT_3D('',#15002,#12047,#12048);
#9507=AXIS2_PLACEMENT_3D('',#15003,#12049,#12050);
#9508=AXIS2_PLACEMENT_3D('',#15006,#12052,#12053);
#9509=AXIS2_PLACEMENT_3D('',#15007,#12054,#12055);
#9510=AXIS2_PLACEMENT_3D('',#15010,#12057,#12058);
#9511=AXIS2_PLACEMENT_3D('',#15011,#12059,#12060);
#9512=AXIS2_PLACEMENT_3D('',#15013,#12061,#12062);
#9513=AXIS2_PLACEMENT_3D('',#15015,#12063,#12064);
#9514=AXIS2_PLACEMENT_3D('',#15016,#12065,#12066);
#9515=AXIS2_PLACEMENT_3D('',#15017,#12067,#12068);
#9516=AXIS2_PLACEMENT_3D('',#15019,#12069,#12070);
#9517=AXIS2_PLACEMENT_3D('',#15021,#12072,#12073);
#9518=AXIS2_PLACEMENT_3D('',#15023,#12074,#12075);
#9519=AXIS2_PLACEMENT_3D('',#15024,#12076,#12077);
#9520=AXIS2_PLACEMENT_3D('',#15025,#12078,#12079);
#9521=AXIS2_PLACEMENT_3D('',#15027,#12080,#12081);
#9522=AXIS2_PLACEMENT_3D('',#15029,#12082,#12083);
#9523=AXIS2_PLACEMENT_3D('',#15030,#12084,#12085);
#9524=AXIS2_PLACEMENT_3D('',#15031,#12086,#12087);
#9525=AXIS2_PLACEMENT_3D('',#15033,#12088,#12089);
#9526=AXIS2_PLACEMENT_3D('',#15035,#12091,#12092);
#9527=AXIS2_PLACEMENT_3D('',#15037,#12093,#12094);
#9528=AXIS2_PLACEMENT_3D('',#15038,#12095,#12096);
#9529=AXIS2_PLACEMENT_3D('',#15039,#12097,#12098);
#9530=AXIS2_PLACEMENT_3D('',#15040,#12099,#12100);
#9531=AXIS2_PLACEMENT_3D('',#15041,#12101,#12102);
#9532=AXIS2_PLACEMENT_3D('',#15047,#12106,#12107);
#9533=AXIS2_PLACEMENT_3D('',#15050,#12109,#12110);
#9534=AXIS2_PLACEMENT_3D('',#15051,#12111,#12112);
#9535=AXIS2_PLACEMENT_3D('',#15054,#12114,#12115);
#9536=AXIS2_PLACEMENT_3D('',#15055,#12116,#12117);
#9537=AXIS2_PLACEMENT_3D('',#15058,#12119,#12120);
#9538=AXIS2_PLACEMENT_3D('',#15059,#12121,#12122);
#9539=AXIS2_PLACEMENT_3D('',#15061,#12123,#12124);
#9540=AXIS2_PLACEMENT_3D('',#15063,#12125,#12126);
#9541=AXIS2_PLACEMENT_3D('',#15064,#12127,#12128);
#9542=AXIS2_PLACEMENT_3D('',#15065,#12129,#12130);
#9543=AXIS2_PLACEMENT_3D('',#15067,#12131,#12132);
#9544=AXIS2_PLACEMENT_3D('',#15069,#12133,#12134);
#9545=AXIS2_PLACEMENT_3D('',#15070,#12135,#12136);
#9546=AXIS2_PLACEMENT_3D('',#15071,#12137,#12138);
#9547=AXIS2_PLACEMENT_3D('',#15073,#12139,#12140);
#9548=AXIS2_PLACEMENT_3D('',#15075,#12142,#12143);
#9549=AXIS2_PLACEMENT_3D('',#15077,#12144,#12145);
#9550=AXIS2_PLACEMENT_3D('',#15078,#12146,#12147);
#9551=AXIS2_PLACEMENT_3D('',#15079,#12148,#12149);
#9552=AXIS2_PLACEMENT_3D('',#15081,#12150,#12151);
#9553=AXIS2_PLACEMENT_3D('',#15082,#12152,#12153);
#9554=AXIS2_PLACEMENT_3D('',#15083,#12154,#12155);
#9555=AXIS2_PLACEMENT_3D('',#15085,#12156,#12157);
#9556=AXIS2_PLACEMENT_3D('',#15086,#12158,#12159);
#9557=AXIS2_PLACEMENT_3D('',#15087,#12160,#12161);
#9558=AXIS2_PLACEMENT_3D('',#15089,#12163,#12164);
#9559=AXIS2_PLACEMENT_3D('',#15093,#12166,#12167);
#9560=AXIS2_PLACEMENT_3D('',#15095,#12169,#12170);
#9561=AXIS2_PLACEMENT_3D('',#15098,#12172,#12173);
#9562=AXIS2_PLACEMENT_3D('',#15099,#12174,#12175);
#9563=AXIS2_PLACEMENT_3D('',#15103,#12178,#12179);
#9564=AXIS2_PLACEMENT_3D('',#15106,#12181,#12182);
#9565=AXIS2_PLACEMENT_3D('',#15107,#12183,#12184);
#9566=AXIS2_PLACEMENT_3D('',#15109,#12185,#12186);
#9567=AXIS2_PLACEMENT_3D('',#15111,#12187,#12188);
#9568=AXIS2_PLACEMENT_3D('',#15112,#12189,#12190);
#9569=AXIS2_PLACEMENT_3D('',#15113,#12191,#12192);
#9570=AXIS2_PLACEMENT_3D('',#15115,#12193,#12194);
#9571=AXIS2_PLACEMENT_3D('',#15116,#12195,#12196);
#9572=AXIS2_PLACEMENT_3D('',#15117,#12197,#12198);
#9573=AXIS2_PLACEMENT_3D('',#15119,#12199,#12200);
#9574=AXIS2_PLACEMENT_3D('',#15121,#12202,#12203);
#9575=AXIS2_PLACEMENT_3D('',#15123,#12204,#12205);
#9576=AXIS2_PLACEMENT_3D('',#15124,#12206,#12207);
#9577=AXIS2_PLACEMENT_3D('',#15125,#12208,#12209);
#9578=AXIS2_PLACEMENT_3D('',#15127,#12210,#12211);
#9579=AXIS2_PLACEMENT_3D('',#15129,#12212,#12213);
#9580=AXIS2_PLACEMENT_3D('',#15130,#12214,#12215);
#9581=AXIS2_PLACEMENT_3D('',#15131,#12216,#12217);
#9582=AXIS2_PLACEMENT_3D('',#15133,#12218,#12219);
#9583=AXIS2_PLACEMENT_3D('',#15135,#12221,#12222);
#9584=AXIS2_PLACEMENT_3D('',#15136,#12223,#12224);
#9585=AXIS2_PLACEMENT_3D('',#15137,#12225,#12226);
#9586=AXIS2_PLACEMENT_3D('',#15141,#12228,#12229);
#9587=AXIS2_PLACEMENT_3D('',#15143,#12231,#12232);
#9588=AXIS2_PLACEMENT_3D('',#15147,#12235,#12236);
#9589=AXIS2_PLACEMENT_3D('',#15150,#12238,#12239);
#9590=AXIS2_PLACEMENT_3D('',#15151,#12240,#12241);
#9591=AXIS2_PLACEMENT_3D('',#15154,#12243,#12244);
#9592=AXIS2_PLACEMENT_3D('',#15155,#12245,#12246);
#9593=AXIS2_PLACEMENT_3D('',#15157,#12247,#12248);
#9594=AXIS2_PLACEMENT_3D('',#15159,#12249,#12250);
#9595=AXIS2_PLACEMENT_3D('',#15160,#12251,#12252);
#9596=AXIS2_PLACEMENT_3D('',#15161,#12253,#12254);
#9597=AXIS2_PLACEMENT_3D('',#15163,#12255,#12256);
#9598=AXIS2_PLACEMENT_3D('',#15165,#12258,#12259);
#9599=AXIS2_PLACEMENT_3D('',#15167,#12260,#12261);
#9600=AXIS2_PLACEMENT_3D('',#15168,#12262,#12263);
#9601=AXIS2_PLACEMENT_3D('',#15169,#12264,#12265);
#9602=AXIS2_PLACEMENT_3D('',#15171,#12266,#12267);
#9603=AXIS2_PLACEMENT_3D('',#15172,#12268,#12269);
#9604=AXIS2_PLACEMENT_3D('',#15173,#12270,#12271);
#9605=AXIS2_PLACEMENT_3D('',#15175,#12272,#12273);
#9606=AXIS2_PLACEMENT_3D('',#15176,#12274,#12275);
#9607=AXIS2_PLACEMENT_3D('',#15177,#12276,#12277);
#9608=AXIS2_PLACEMENT_3D('',#15179,#12278,#12279);
#9609=AXIS2_PLACEMENT_3D('',#15181,#12281,#12282);
#9610=AXIS2_PLACEMENT_3D('',#15183,#12283,#12284);
#9611=AXIS2_PLACEMENT_3D('',#15184,#12285,#12286);
#9612=AXIS2_PLACEMENT_3D('',#15185,#12287,#12288);
#9613=AXIS2_PLACEMENT_3D('',#15189,#12290,#12291);
#9614=AXIS2_PLACEMENT_3D('',#15191,#12293,#12294);
#9615=AXIS2_PLACEMENT_3D('',#15195,#12297,#12298);
#9616=AXIS2_PLACEMENT_3D('',#15198,#12300,#12301);
#9617=AXIS2_PLACEMENT_3D('',#15199,#12302,#12303);
#9618=AXIS2_PLACEMENT_3D('',#15200,#12304,#12305);
#9619=AXIS2_PLACEMENT_3D('',#15203,#12307,#12308);
#9620=AXIS2_PLACEMENT_3D('',#15204,#12309,#12310);
#9621=AXIS2_PLACEMENT_3D('',#15206,#12311,#12312);
#9622=AXIS2_PLACEMENT_3D('',#15208,#12313,#12314);
#9623=AXIS2_PLACEMENT_3D('',#15209,#12315,#12316);
#9624=AXIS2_PLACEMENT_3D('',#15210,#12317,#12318);
#9625=AXIS2_PLACEMENT_3D('',#15212,#12319,#12320);
#9626=AXIS2_PLACEMENT_3D('',#15214,#12322,#12323);
#9627=AXIS2_PLACEMENT_3D('',#15216,#12324,#12325);
#9628=AXIS2_PLACEMENT_3D('',#15217,#12326,#12327);
#9629=AXIS2_PLACEMENT_3D('',#15218,#12328,#12329);
#9630=AXIS2_PLACEMENT_3D('',#15220,#12330,#12331);
#9631=AXIS2_PLACEMENT_3D('',#15222,#12332,#12333);
#9632=AXIS2_PLACEMENT_3D('',#15223,#12334,#12335);
#9633=AXIS2_PLACEMENT_3D('',#15224,#12336,#12337);
#9634=AXIS2_PLACEMENT_3D('',#15226,#12338,#12339);
#9635=AXIS2_PLACEMENT_3D('',#15228,#12341,#12342);
#9636=AXIS2_PLACEMENT_3D('',#15230,#12343,#12344);
#9637=AXIS2_PLACEMENT_3D('',#15231,#12345,#12346);
#9638=AXIS2_PLACEMENT_3D('',#15232,#12347,#12348);
#9639=AXIS2_PLACEMENT_3D('',#15233,#12349,#12350);
#9640=AXIS2_PLACEMENT_3D('',#15234,#12351,#12352);
#9641=AXIS2_PLACEMENT_3D('',#15240,#12356,#12357);
#9642=AXIS2_PLACEMENT_3D('',#15243,#12359,#12360);
#9643=AXIS2_PLACEMENT_3D('',#15244,#12361,#12362);
#9644=AXIS2_PLACEMENT_3D('',#15247,#12364,#12365);
#9645=AXIS2_PLACEMENT_3D('',#15248,#12366,#12367);
#9646=AXIS2_PLACEMENT_3D('',#15251,#12369,#12370);
#9647=AXIS2_PLACEMENT_3D('',#15252,#12371,#12372);
#9648=AXIS2_PLACEMENT_3D('',#15254,#12373,#12374);
#9649=AXIS2_PLACEMENT_3D('',#15256,#12375,#12376);
#9650=AXIS2_PLACEMENT_3D('',#15257,#12377,#12378);
#9651=AXIS2_PLACEMENT_3D('',#15258,#12379,#12380);
#9652=AXIS2_PLACEMENT_3D('',#15260,#12381,#12382);
#9653=AXIS2_PLACEMENT_3D('',#15261,#12383,#12384);
#9654=AXIS2_PLACEMENT_3D('',#15262,#12385,#12386);
#9655=AXIS2_PLACEMENT_3D('',#15264,#12387,#12388);
#9656=AXIS2_PLACEMENT_3D('',#15265,#12389,#12390);
#9657=AXIS2_PLACEMENT_3D('',#15266,#12391,#12392);
#9658=AXIS2_PLACEMENT_3D('',#15268,#12393,#12394);
#9659=AXIS2_PLACEMENT_3D('',#15270,#12396,#12397);
#9660=AXIS2_PLACEMENT_3D('',#15272,#12398,#12399);
#9661=AXIS2_PLACEMENT_3D('',#15273,#12400,#12401);
#9662=AXIS2_PLACEMENT_3D('',#15274,#12402,#12403);
#9663=AXIS2_PLACEMENT_3D('',#15276,#12404,#12405);
#9664=AXIS2_PLACEMENT_3D('',#15278,#12406,#12407);
#9665=AXIS2_PLACEMENT_3D('',#15279,#12408,#12409);
#9666=AXIS2_PLACEMENT_3D('',#15280,#12410,#12411);
#9667=AXIS2_PLACEMENT_3D('',#15282,#12413,#12414);
#9668=AXIS2_PLACEMENT_3D('',#15283,#12415,#12416);
#9669=AXIS2_PLACEMENT_3D('',#15287,#12418,#12419);
#9670=AXIS2_PLACEMENT_3D('',#15289,#12421,#12422);
#9671=AXIS2_PLACEMENT_3D('',#15292,#12424,#12425);
#9672=AXIS2_PLACEMENT_3D('',#15293,#12426,#12427);
#9673=AXIS2_PLACEMENT_3D('',#15297,#12430,#12431);
#9674=AXIS2_PLACEMENT_3D('',#15300,#12433,#12434);
#9675=AXIS2_PLACEMENT_3D('',#15301,#12435,#12436);
#9676=AXIS2_PLACEMENT_3D('',#15302,#12437,#12438);
#9677=AXIS2_PLACEMENT_3D('',#15303,#12439,#12440);
#9678=AXIS2_PLACEMENT_3D('',#15305,#12441,#12442);
#9679=AXIS2_PLACEMENT_3D('',#15306,#12443,#12444);
#9680=AXIS2_PLACEMENT_3D('',#15307,#12445,#12446);
#9681=AXIS2_PLACEMENT_3D('',#15308,#12447,#12448);
#9682=AXIS2_PLACEMENT_3D('',#15309,#12449,#12450);
#9683=AXIS2_PLACEMENT_3D('',#15310,#12451,#12452);
#9684=AXIS2_PLACEMENT_3D('',#15311,#12453,#12454);
#9685=AXIS2_PLACEMENT_3D('',#15312,#12455,#12456);
#9686=AXIS2_PLACEMENT_3D('',#15314,#12457,#12458);
#9687=AXIS2_PLACEMENT_3D('',#15342,#12460,#12461);
#9688=AXIS2_PLACEMENT_3D('',#15344,#12462,#12463);
#9689=AXIS2_PLACEMENT_3D('',#15345,#12464,#12465);
#9690=AXIS2_PLACEMENT_3D('',#15372,#12466,#12467);
#9691=AXIS2_PLACEMENT_3D('',#15374,#12468,#12469);
#9692=AXIS2_PLACEMENT_3D('',#15375,#12470,#12471);
#9693=AXIS2_PLACEMENT_3D('',#15402,#12472,#12473);
#9694=AXIS2_PLACEMENT_3D('',#15404,#12474,#12475);
#9695=AXIS2_PLACEMENT_3D('',#15405,#12476,#12477);
#9696=AXIS2_PLACEMENT_3D('',#15432,#12478,#12479);
#9697=AXIS2_PLACEMENT_3D('',#15434,#12480,#12481);
#9698=AXIS2_PLACEMENT_3D('',#15435,#12482,#12483);
#9699=AXIS2_PLACEMENT_3D('',#15436,#12484,#12485);
#9700=AXIS2_PLACEMENT_3D('',#15439,#12487,#12488);
#9701=AXIS2_PLACEMENT_3D('',#15440,#12489,#12490);
#9702=AXIS2_PLACEMENT_3D('',#15442,#12491,#12492);
#9703=AXIS2_PLACEMENT_3D('',#15443,#12493,#12494);
#9704=AXIS2_PLACEMENT_3D('',#15444,#12495,#12496);
#9705=AXIS2_PLACEMENT_3D('',#15446,#12497,#12498);
#9706=AXIS2_PLACEMENT_3D('',#15448,#12500,#12501);
#9707=AXIS2_PLACEMENT_3D('',#15450,#12502,#12503);
#9708=AXIS2_PLACEMENT_3D('',#15452,#12505,#12506);
#9709=AXIS2_PLACEMENT_3D('',#15453,#12507,#12508);
#9710=AXIS2_PLACEMENT_3D('',#15454,#12509,#12510);
#9711=AXIS2_PLACEMENT_3D('',#15457,#12512,#12513);
#9712=AXIS2_PLACEMENT_3D('',#15458,#12514,#12515);
#9713=AXIS2_PLACEMENT_3D('',#15460,#12516,#12517);
#9714=AXIS2_PLACEMENT_3D('',#15461,#12518,#12519);
#9715=AXIS2_PLACEMENT_3D('',#15462,#12520,#12521);
#9716=AXIS2_PLACEMENT_3D('',#15464,#12522,#12523);
#9717=AXIS2_PLACEMENT_3D('',#15466,#12525,#12526);
#9718=AXIS2_PLACEMENT_3D('',#15468,#12527,#12528);
#9719=AXIS2_PLACEMENT_3D('',#15469,#12529,#12530);
#9720=AXIS2_PLACEMENT_3D('',#15470,#12531,#12532);
#9721=AXIS2_PLACEMENT_3D('',#15472,#12534,#12535);
#9722=AXIS2_PLACEMENT_3D('',#15475,#12537,#12538);
#9723=AXIS2_PLACEMENT_3D('',#15476,#12539,#12540);
#9724=AXIS2_PLACEMENT_3D('',#15478,#12541,#12542);
#9725=AXIS2_PLACEMENT_3D('',#15479,#12543,#12544);
#9726=AXIS2_PLACEMENT_3D('',#15480,#12545,#12546);
#9727=AXIS2_PLACEMENT_3D('',#15482,#12547,#12548);
#9728=AXIS2_PLACEMENT_3D('',#15484,#12550,#12551);
#9729=AXIS2_PLACEMENT_3D('',#15486,#12552,#12553);
#9730=AXIS2_PLACEMENT_3D('',#15487,#12554,#12555);
#9731=AXIS2_PLACEMENT_3D('',#15488,#12556,#12557);
#9732=AXIS2_PLACEMENT_3D('',#15490,#12559,#12560);
#9733=AXIS2_PLACEMENT_3D('',#15493,#12562,#12563);
#9734=AXIS2_PLACEMENT_3D('',#15494,#12564,#12565);
#9735=AXIS2_PLACEMENT_3D('',#15496,#12566,#12567);
#9736=AXIS2_PLACEMENT_3D('',#15497,#12568,#12569);
#9737=AXIS2_PLACEMENT_3D('',#15498,#12570,#12571);
#9738=AXIS2_PLACEMENT_3D('',#15500,#12572,#12573);
#9739=AXIS2_PLACEMENT_3D('',#15502,#12575,#12576);
#9740=AXIS2_PLACEMENT_3D('',#15504,#12577,#12578);
#9741=AXIS2_PLACEMENT_3D('',#15505,#12579,#12580);
#9742=AXIS2_PLACEMENT_3D('',#15506,#12581,#12582);
#9743=AXIS2_PLACEMENT_3D('',#15508,#12584,#12585);
#9744=AXIS2_PLACEMENT_3D('',#15514,#12589,#12590);
#9745=AXIS2_PLACEMENT_3D('',#15517,#12592,#12593);
#9746=AXIS2_PLACEMENT_3D('',#15518,#12594,#12595);
#9747=AXIS2_PLACEMENT_3D('',#15522,#12598,#12599);
#9748=AXIS2_PLACEMENT_3D('',#15525,#12601,#12602);
#9749=AXIS2_PLACEMENT_3D('',#15526,#12603,#12604);
#9750=AXIS2_PLACEMENT_3D('',#15530,#12607,#12608);
#9751=AXIS2_PLACEMENT_3D('',#15533,#12610,#12611);
#9752=AXIS2_PLACEMENT_3D('',#15534,#12612,#12613);
#9753=AXIS2_PLACEMENT_3D('',#15538,#12616,#12617);
#9754=AXIS2_PLACEMENT_3D('',#15541,#12619,#12620);
#9755=AXIS2_PLACEMENT_3D('',#15542,#12621,#12622);
#9756=AXIS2_PLACEMENT_3D('',#15546,#12625,#12626);
#9757=AXIS2_PLACEMENT_3D('',#15549,#12628,#12629);
#9758=AXIS2_PLACEMENT_3D('',#15550,#12630,#12631);
#9759=AXIS2_PLACEMENT_3D('',#15554,#12634,#12635);
#9760=AXIS2_PLACEMENT_3D('',#15557,#12637,#12638);
#9761=AXIS2_PLACEMENT_3D('',#15558,#12639,#12640);
#9762=AXIS2_PLACEMENT_3D('',#15564,#12644,#12645);
#9763=AXIS2_PLACEMENT_3D('',#15566,#12646,#12647);
#9764=AXIS2_PLACEMENT_3D('',#15568,#12649,#12650);
#9765=AXIS2_PLACEMENT_3D('',#15569,#12651,#12652);
#9766=AXIS2_PLACEMENT_3D('',#15570,#12653,#12654);
#9767=AXIS2_PLACEMENT_3D('',#15571,#12655,#12656);
#9768=AXIS2_PLACEMENT_3D('',#15572,#12657,#12658);
#9769=AXIS2_PLACEMENT_3D('',#15574,#12659,#12660);
#9770=AXIS2_PLACEMENT_3D('',#15576,#12662,#12663);
#9771=AXIS2_PLACEMENT_3D('',#15580,#12666,#12667);
#9772=AXIS2_PLACEMENT_3D('',#15582,#12668,#12669);
#9773=AXIS2_PLACEMENT_3D('',#15584,#12671,#12672);
#9774=AXIS2_PLACEMENT_3D('',#15585,#12673,#12674);
#9775=AXIS2_PLACEMENT_3D('',#15586,#12675,#12676);
#9776=AXIS2_PLACEMENT_3D('',#15592,#12680,#12681);
#9777=AXIS2_PLACEMENT_3D('',#15593,#12682,#12683);
#9778=AXIS2_PLACEMENT_3D('',#15594,#12684,#12685);
#9779=AXIS2_PLACEMENT_3D('',#15596,#12686,#12687);
#9780=AXIS2_PLACEMENT_3D('',#15598,#12689,#12690);
#9781=AXIS2_PLACEMENT_3D('',#15599,#12691,#12692);
#9782=AXIS2_PLACEMENT_3D('',#15600,#12693,#12694);
#9783=AXIS2_PLACEMENT_3D('',#15602,#12695,#12696);
#9784=AXIS2_PLACEMENT_3D('',#15604,#12698,#12699);
#9785=AXIS2_PLACEMENT_3D('',#15608,#12702,#12703);
#9786=AXIS2_PLACEMENT_3D('',#15610,#12704,#12705);
#9787=AXIS2_PLACEMENT_3D('',#15612,#12707,#12708);
#9788=AXIS2_PLACEMENT_3D('',#15613,#12709,#12710);
#9789=AXIS2_PLACEMENT_3D('',#15614,#12711,#12712);
#9790=AXIS2_PLACEMENT_3D('',#15616,#12713,#12714);
#9791=AXIS2_PLACEMENT_3D('',#15618,#12716,#12717);
#9792=AXIS2_PLACEMENT_3D('',#15620,#12718,#12719);
#9793=AXIS2_PLACEMENT_3D('',#15622,#12721,#12722);
#9794=AXIS2_PLACEMENT_3D('',#15626,#12725,#12726);
#9795=AXIS2_PLACEMENT_3D('',#15627,#12727,#12728);
#9796=AXIS2_PLACEMENT_3D('',#15628,#12729,#12730);
#9797=AXIS2_PLACEMENT_3D('',#15630,#12731,#12732);
#9798=AXIS2_PLACEMENT_3D('',#15632,#12734,#12735);
#9799=AXIS2_PLACEMENT_3D('',#15634,#12736,#12737);
#9800=AXIS2_PLACEMENT_3D('',#15636,#12739,#12740);
#9801=AXIS2_PLACEMENT_3D('',#15638,#12741,#12742);
#9802=AXIS2_PLACEMENT_3D('',#15640,#12744,#12745);
#9803=AXIS2_PLACEMENT_3D('',#15642,#12747,#12748);
#9804=AXIS2_PLACEMENT_3D('',#15644,#12749,#12750);
#9805=AXIS2_PLACEMENT_3D('',#15646,#12752,#12753);
#9806=AXIS2_PLACEMENT_3D('',#15650,#12756,#12757);
#9807=AXIS2_PLACEMENT_3D('',#15652,#12758,#12759);
#9808=AXIS2_PLACEMENT_3D('',#15654,#12761,#12762);
#9809=AXIS2_PLACEMENT_3D('',#15655,#12763,#12764);
#9810=AXIS2_PLACEMENT_3D('',#15656,#12765,#12766);
#9811=AXIS2_PLACEMENT_3D('',#15658,#12767,#12768);
#9812=AXIS2_PLACEMENT_3D('',#15660,#12770,#12771);
#9813=AXIS2_PLACEMENT_3D('',#15664,#12774,#12775);
#9814=AXIS2_PLACEMENT_3D('',#15666,#12776,#12777);
#9815=AXIS2_PLACEMENT_3D('',#15668,#12779,#12780);
#9816=AXIS2_PLACEMENT_3D('',#15669,#12781,#12782);
#9817=AXIS2_PLACEMENT_3D('',#15670,#12783,#12784);
#9818=AXIS2_PLACEMENT_3D('',#15672,#12785,#12786);
#9819=AXIS2_PLACEMENT_3D('',#15674,#12788,#12789);
#9820=AXIS2_PLACEMENT_3D('',#15678,#12792,#12793);
#9821=AXIS2_PLACEMENT_3D('',#15680,#12794,#12795);
#9822=AXIS2_PLACEMENT_3D('',#15682,#12797,#12798);
#9823=AXIS2_PLACEMENT_3D('',#15683,#12799,#12800);
#9824=AXIS2_PLACEMENT_3D('',#15684,#12801,#12802);
#9825=AXIS2_PLACEMENT_3D('',#15686,#12803,#12804);
#9826=AXIS2_PLACEMENT_3D('',#15688,#12806,#12807);
#9827=AXIS2_PLACEMENT_3D('',#15690,#12808,#12809);
#9828=AXIS2_PLACEMENT_3D('',#15692,#12811,#12812);
#9829=AXIS2_PLACEMENT_3D('',#15696,#12815,#12816);
#9830=AXIS2_PLACEMENT_3D('',#15697,#12817,#12818);
#9831=AXIS2_PLACEMENT_3D('',#15698,#12819,#12820);
#9832=AXIS2_PLACEMENT_3D('',#15702,#12823,#12824);
#9833=AXIS2_PLACEMENT_3D('',#15704,#12825,#12826);
#9834=AXIS2_PLACEMENT_3D('',#15706,#12828,#12829);
#9835=AXIS2_PLACEMENT_3D('',#15708,#12830,#12831);
#9836=AXIS2_PLACEMENT_3D('',#15710,#12833,#12834);
#9837=AXIS2_PLACEMENT_3D('',#15711,#12835,#12836);
#9838=AXIS2_PLACEMENT_3D('',#15712,#12837,#12838);
#9839=AXIS2_PLACEMENT_3D('',#15714,#12839,#12840);
#9840=AXIS2_PLACEMENT_3D('',#15716,#12842,#12843);
#9841=AXIS2_PLACEMENT_3D('',#15718,#12844,#12845);
#9842=AXIS2_PLACEMENT_3D('',#15720,#12847,#12848);
#9843=AXIS2_PLACEMENT_3D('',#15724,#12851,#12852);
#9844=AXIS2_PLACEMENT_3D('',#15725,#12853,#12854);
#9845=AXIS2_PLACEMENT_3D('',#15726,#12855,#12856);
#9846=AXIS2_PLACEMENT_3D('',#15728,#12857,#12858);
#9847=AXIS2_PLACEMENT_3D('',#15730,#12860,#12861);
#9848=AXIS2_PLACEMENT_3D('',#15734,#12864,#12865);
#9849=AXIS2_PLACEMENT_3D('',#15736,#12866,#12867);
#9850=AXIS2_PLACEMENT_3D('',#15738,#12869,#12870);
#9851=AXIS2_PLACEMENT_3D('',#15739,#12871,#12872);
#9852=AXIS2_PLACEMENT_3D('',#15740,#12873,#12874);
#9853=AXIS2_PLACEMENT_3D('',#15742,#12875,#12876);
#9854=AXIS2_PLACEMENT_3D('',#15744,#12878,#12879);
#9855=AXIS2_PLACEMENT_3D('',#15746,#12880,#12881);
#9856=AXIS2_PLACEMENT_3D('',#15748,#12883,#12884);
#9857=AXIS2_PLACEMENT_3D('',#15750,#12885,#12886);
#9858=AXIS2_PLACEMENT_3D('',#15752,#12888,#12889);
#9859=AXIS2_PLACEMENT_3D('',#15754,#12891,#12892);
#9860=AXIS2_PLACEMENT_3D('',#15756,#12893,#12894);
#9861=AXIS2_PLACEMENT_3D('',#15758,#12896,#12897);
#9862=AXIS2_PLACEMENT_3D('',#15760,#12898,#12899);
#9863=AXIS2_PLACEMENT_3D('',#15762,#12901,#12902);
#9864=AXIS2_PLACEMENT_3D('',#15764,#12903,#12904);
#9865=AXIS2_PLACEMENT_3D('',#15766,#12906,#12907);
#9866=AXIS2_PLACEMENT_3D('',#15768,#12909,#12910);
#9867=AXIS2_PLACEMENT_3D('',#15770,#12911,#12912);
#9868=AXIS2_PLACEMENT_3D('',#15772,#12914,#12915);
#9869=AXIS2_PLACEMENT_3D('',#15776,#12918,#12919);
#9870=AXIS2_PLACEMENT_3D('',#15778,#12920,#12921);
#9871=AXIS2_PLACEMENT_3D('',#15780,#12923,#12924);
#9872=AXIS2_PLACEMENT_3D('',#15784,#12927,#12928);
#9873=AXIS2_PLACEMENT_3D('',#15786,#12929,#12930);
#9874=AXIS2_PLACEMENT_3D('',#15788,#12932,#12933);
#9875=AXIS2_PLACEMENT_3D('',#15792,#12936,#12937);
#9876=AXIS2_PLACEMENT_3D('',#15794,#12938,#12939);
#9877=AXIS2_PLACEMENT_3D('',#15796,#12941,#12942);
#9878=AXIS2_PLACEMENT_3D('',#15800,#12945,#12946);
#9879=AXIS2_PLACEMENT_3D('',#15802,#12947,#12948);
#9880=AXIS2_PLACEMENT_3D('',#15804,#12950,#12951);
#9881=AXIS2_PLACEMENT_3D('',#15808,#12954,#12955);
#9882=AXIS2_PLACEMENT_3D('',#15810,#12956,#12957);
#9883=AXIS2_PLACEMENT_3D('',#15812,#12959,#12960);
#9884=AXIS2_PLACEMENT_3D('',#15814,#12962,#12963);
#9885=AXIS2_PLACEMENT_3D('',#15816,#12964,#12965);
#9886=AXIS2_PLACEMENT_3D('',#15818,#12967,#12968);
#9887=AXIS2_PLACEMENT_3D('',#15822,#12971,#12972);
#9888=AXIS2_PLACEMENT_3D('',#15824,#12973,#12974);
#9889=AXIS2_PLACEMENT_3D('',#15826,#12976,#12977);
#9890=AXIS2_PLACEMENT_3D('',#15827,#12978,#12979);
#9891=AXIS2_PLACEMENT_3D('',#15828,#12980,#12981);
#9892=DIRECTION('axis',(0.,0.,1.));
#9893=DIRECTION('refdir',(1.,0.,0.));
#9894=DIRECTION('center_axis',(0.,0.,1.));
#9895=DIRECTION('ref_axis',(1.,0.,0.));
#9896=DIRECTION('center_axis',(0.,0.,1.));
#9897=DIRECTION('ref_axis',(1.,0.,0.));
#9898=DIRECTION('',(0.,0.,1.));
#9899=DIRECTION('',(0.,0.,-1.));
#9900=DIRECTION('',(0.,0.,-1.));
#9901=DIRECTION('',(0.,0.,1.));
#9902=DIRECTION('center_axis',(0.,0.,-1.));
#9903=DIRECTION('ref_axis',(1.,0.,0.));
#9904=DIRECTION('',(0.,0.,1.));
#9905=DIRECTION('',(0.,0.,-1.));
#9906=DIRECTION('',(0.,0.,1.));
#9907=DIRECTION('',(0.,0.,1.));
#9908=DIRECTION('',(0.,0.,-1.));
#9909=DIRECTION('',(0.,0.,1.));
#9910=DIRECTION('',(0.,0.,1.));
#9911=DIRECTION('',(0.,0.,-1.));
#9912=DIRECTION('center_axis',(0.,0.,1.));
#9913=DIRECTION('ref_axis',(1.,0.,0.));
#9914=DIRECTION('center_axis',(0.,0.,1.));
#9915=DIRECTION('ref_axis',(1.,0.,0.));
#9916=DIRECTION('center_axis',(0.,1.,0.));
#9917=DIRECTION('ref_axis',(-1.,0.,0.));
#9918=DIRECTION('center_axis',(0.,-1.,0.));
#9919=DIRECTION('ref_axis',(-1.,0.,0.));
#9920=DIRECTION('center_axis',(0.,1.,0.));
#9921=DIRECTION('ref_axis',(-1.,0.,0.));
#9922=DIRECTION('center_axis',(0.,1.,0.));
#9923=DIRECTION('ref_axis',(-1.,0.,0.));
#9924=DIRECTION('center_axis',(0.,1.,0.));
#9925=DIRECTION('ref_axis',(-1.,0.,0.));
#9926=DIRECTION('center_axis',(0.,1.,0.));
#9927=DIRECTION('ref_axis',(-1.,0.,0.));
#9928=DIRECTION('center_axis',(0.,-1.,0.));
#9929=DIRECTION('ref_axis',(1.,0.,1.22464679914735E-16));
#9930=DIRECTION('center_axis',(0.,1.,0.));
#9931=DIRECTION('ref_axis',(-1.,0.,0.));
#9932=DIRECTION('center_axis',(0.,-1.,0.));
#9933=DIRECTION('ref_axis',(-1.,0.,0.));
#9934=DIRECTION('',(0.,1.,0.));
#9935=DIRECTION('center_axis',(0.,1.,0.));
#9936=DIRECTION('ref_axis',(-1.,0.,0.));
#9937=DIRECTION('center_axis',(0.,1.,0.));
#9938=DIRECTION('ref_axis',(-1.,0.,0.));
#9939=DIRECTION('center_axis',(0.,-1.,0.));
#9940=DIRECTION('ref_axis',(-1.,0.,0.));
#9941=DIRECTION('center_axis',(1.,0.,0.));
#9942=DIRECTION('ref_axis',(0.,1.,0.));
#9943=DIRECTION('center_axis',(-1.,0.,0.));
#9944=DIRECTION('ref_axis',(0.,1.,0.));
#9945=DIRECTION('',(-1.,0.,0.));
#9946=DIRECTION('center_axis',(-1.,0.,0.));
#9947=DIRECTION('ref_axis',(0.,1.,0.));
#9948=DIRECTION('center_axis',(0.,0.,1.));
#9949=DIRECTION('ref_axis',(1.,0.,0.));
#9950=DIRECTION('center_axis',(0.,0.,-1.));
#9951=DIRECTION('ref_axis',(-1.,0.,0.));
#9952=DIRECTION('center_axis',(0.,0.,1.));
#9953=DIRECTION('ref_axis',(1.,0.,0.));
#9954=DIRECTION('center_axis',(0.,0.,-1.));
#9955=DIRECTION('ref_axis',(-1.,0.,0.));
#9956=DIRECTION('center_axis',(0.,0.,1.));
#9957=DIRECTION('ref_axis',(1.,0.,0.));
#9958=DIRECTION('',(-1.,0.,0.));
#9959=DIRECTION('',(-5.55111512312578E-17,1.,0.));
#9960=DIRECTION('',(1.,0.,0.));
#9961=DIRECTION('',(0.,-1.,0.));
#9962=DIRECTION('center_axis',(0.,0.,1.));
#9963=DIRECTION('ref_axis',(1.,0.,0.));
#9964=DIRECTION('',(0.,1.,0.));
#9965=DIRECTION('',(1.,0.,0.));
#9966=DIRECTION('',(0.,-1.,0.));
#9967=DIRECTION('',(-1.,0.,0.));
#9968=DIRECTION('center_axis',(0.,0.,1.));
#9969=DIRECTION('ref_axis',(1.,0.,0.));
#9970=DIRECTION('',(0.,-1.,0.));
#9971=DIRECTION('',(1.,0.,0.));
#9972=DIRECTION('',(0.,-1.,0.));
#9973=DIRECTION('',(1.,0.,0.));
#9974=DIRECTION('center_axis',(0.,0.,-1.));
#9975=DIRECTION('ref_axis',(1.,0.,0.));
#9976=DIRECTION('center_axis',(0.,0.,1.));
#9977=DIRECTION('ref_axis',(1.,0.,0.));
#9978=DIRECTION('',(0.,0.,1.));
#9979=DIRECTION('center_axis',(1.,0.,0.));
#9980=DIRECTION('ref_axis',(0.,-1.,0.));
#9981=DIRECTION('',(0.,0.,-1.));
#9982=DIRECTION('',(0.,-1.,0.));
#9983=DIRECTION('',(0.,0.,-1.));
#9984=DIRECTION('center_axis',(0.,-1.,0.));
#9985=DIRECTION('ref_axis',(-1.,0.,0.));
#9986=DIRECTION('',(-1.,0.,0.));
#9987=DIRECTION('',(0.,0.,-1.));
#9988=DIRECTION('center_axis',(-1.,0.,0.));
#9989=DIRECTION('ref_axis',(0.,1.,0.));
#9990=DIRECTION('',(0.,1.,0.));
#9991=DIRECTION('',(0.,0.,-1.));
#9992=DIRECTION('center_axis',(0.,1.,0.));
#9993=DIRECTION('ref_axis',(1.,0.,0.));
#9994=DIRECTION('',(1.,0.,0.));
#9995=DIRECTION('center_axis',(0.,1.,0.));
#9996=DIRECTION('ref_axis',(1.,0.,0.));
#9997=DIRECTION('',(0.,0.,-1.));
#9998=DIRECTION('',(1.,0.,0.));
#9999=DIRECTION('',(0.,0.,-1.));
#10000=DIRECTION('center_axis',(1.,5.55111512312578E-17,0.));
#10001=DIRECTION('ref_axis',(5.55111512312578E-17,-1.,0.));
#10002=DIRECTION('',(5.55111512312578E-17,-1.,0.));
#10003=DIRECTION('',(0.,0.,-1.));
#10004=DIRECTION('center_axis',(0.,-1.,0.));
#10005=DIRECTION('ref_axis',(-1.,0.,0.));
#10006=DIRECTION('',(-1.,0.,0.));
#10007=DIRECTION('',(0.,0.,-1.));
#10008=DIRECTION('center_axis',(-1.,0.,0.));
#10009=DIRECTION('ref_axis',(0.,1.,0.));
#10010=DIRECTION('',(0.,1.,0.));
#10011=DIRECTION('center_axis',(-1.,0.,0.));
#10012=DIRECTION('ref_axis',(0.,1.,0.));
#10013=DIRECTION('',(0.,0.,-1.));
#10014=DIRECTION('',(0.,1.,0.));
#10015=DIRECTION('',(0.,0.,-1.));
#10016=DIRECTION('center_axis',(1.,0.,0.));
#10017=DIRECTION('ref_axis',(0.,-1.,0.));
#10018=DIRECTION('',(0.,0.,-1.));
#10019=DIRECTION('',(0.,-1.,0.));
#10020=DIRECTION('',(0.,0.,-1.));
#10021=DIRECTION('center_axis',(0.,-1.,0.));
#10022=DIRECTION('ref_axis',(-1.,0.,0.));
#10023=DIRECTION('',(-1.,0.,0.));
#10024=DIRECTION('center_axis',(0.,0.,1.));
#10025=DIRECTION('ref_axis',(1.,0.,0.));
#10026=DIRECTION('center_axis',(0.,0.,1.));
#10027=DIRECTION('ref_axis',(-0.707106781186548,-0.707106781186547,0.));
#10028=DIRECTION('',(0.,1.,0.));
#10029=DIRECTION('center_axis',(0.,0.,1.));
#10030=DIRECTION('ref_axis',(-0.707106781186549,0.707106781186546,0.));
#10031=DIRECTION('',(1.,0.,0.));
#10032=DIRECTION('center_axis',(0.,0.,1.));
#10033=DIRECTION('ref_axis',(0.707106781186551,0.707106781186544,0.));
#10034=DIRECTION('',(0.,-1.,0.));
#10035=DIRECTION('center_axis',(0.,0.,1.));
#10036=DIRECTION('ref_axis',(0.707106781186551,-0.707106781186544,0.));
#10037=DIRECTION('',(-1.,0.,0.));
#10038=DIRECTION('',(-1.,0.,0.));
#10039=DIRECTION('center_axis',(-1.,0.,0.));
#10040=DIRECTION('ref_axis',(0.,0.,1.));
#10041=DIRECTION('center_axis',(1.,0.,0.));
#10042=DIRECTION('ref_axis',(0.,1.,0.));
#10043=DIRECTION('center_axis',(0.,-1.,0.));
#10044=DIRECTION('ref_axis',(0.,0.,-1.));
#10045=DIRECTION('center_axis',(-1.,0.,0.));
#10046=DIRECTION('ref_axis',(0.,1.,0.));
#10047=DIRECTION('center_axis',(-1.,0.,0.));
#10048=DIRECTION('ref_axis',(0.,1.,0.));
#10049=DIRECTION('center_axis',(1.,0.,0.));
#10050=DIRECTION('ref_axis',(0.,1.,0.));
#10051=DIRECTION('center_axis',(1.,0.,0.));
#10052=DIRECTION('ref_axis',(0.,1.,0.));
#10053=DIRECTION('center_axis',(1.,0.,0.));
#10054=DIRECTION('ref_axis',(0.,1.,0.));
#10055=DIRECTION('',(0.,1.,0.));
#10056=DIRECTION('',(0.,1.,0.));
#10057=DIRECTION('',(0.,0.,1.));
#10058=DIRECTION('',(0.,0.,-1.));
#10059=DIRECTION('center_axis',(1.,0.,0.));
#10060=DIRECTION('ref_axis',(0.,1.,0.));
#10061=DIRECTION('center_axis',(1.,0.,0.));
#10062=DIRECTION('ref_axis',(0.,1.,0.));
#10063=DIRECTION('center_axis',(-1.,0.,0.));
#10064=DIRECTION('ref_axis',(0.,1.,0.));
#10065=DIRECTION('',(1.,0.,0.));
#10066=DIRECTION('center_axis',(-1.,0.,0.));
#10067=DIRECTION('ref_axis',(0.,0.,1.));
#10068=DIRECTION('center_axis',(0.,-1.,0.));
#10069=DIRECTION('ref_axis',(0.,0.,-1.));
#10070=DIRECTION('center_axis',(-1.,0.,0.));
#10071=DIRECTION('ref_axis',(0.,1.,0.));
#10072=DIRECTION('center_axis',(-1.,0.,0.));
#10073=DIRECTION('ref_axis',(0.,1.,0.));
#10074=DIRECTION('center_axis',(1.,0.,0.));
#10075=DIRECTION('ref_axis',(0.,1.,0.));
#10076=DIRECTION('center_axis',(1.,0.,0.));
#10077=DIRECTION('ref_axis',(0.,1.,0.));
#10078=DIRECTION('',(0.,0.,-1.));
#10079=DIRECTION('',(0.,1.,0.));
#10080=DIRECTION('center_axis',(1.,0.,0.));
#10081=DIRECTION('ref_axis',(0.,1.,0.));
#10082=DIRECTION('center_axis',(-0.707106781186548,-0.707106781186547,0.));
#10083=DIRECTION('ref_axis',(-0.707106781186547,0.707106781186548,0.));
#10084=DIRECTION('',(1.,0.,0.));
#10085=DIRECTION('center_axis',(-0.707106781186548,-0.707106781186547,0.));
#10086=DIRECTION('ref_axis',(-0.707106781186547,0.707106781186548,0.));
#10087=DIRECTION('center_axis',(-1.,0.,0.));
#10088=DIRECTION('ref_axis',(0.,1.,0.));
#10089=DIRECTION('center_axis',(-0.707106781186548,0.707106781186547,0.));
#10090=DIRECTION('ref_axis',(-0.707106781186547,-0.707106781186548,0.));
#10091=DIRECTION('center_axis',(-0.707106781186548,0.707106781186547,0.));
#10092=DIRECTION('ref_axis',(-0.707106781186547,-0.707106781186548,0.));
#10093=DIRECTION('center_axis',(-1.,0.,0.));
#10094=DIRECTION('ref_axis',(0.,1.,0.));
#10095=DIRECTION('center_axis',(0.,-1.,0.));
#10096=DIRECTION('ref_axis',(0.,0.,-1.));
#10097=DIRECTION('center_axis',(0.,1.,0.));
#10098=DIRECTION('ref_axis',(-1.,0.,0.));
#10099=DIRECTION('center_axis',(0.,1.,0.));
#10100=DIRECTION('ref_axis',(-1.,0.,0.));
#10101=DIRECTION('center_axis',(-1.,0.,0.));
#10102=DIRECTION('ref_axis',(0.,0.,1.));
#10103=DIRECTION('center_axis',(0.,-1.,0.));
#10104=DIRECTION('ref_axis',(-1.,0.,0.));
#10105=DIRECTION('center_axis',(0.,-1.,0.));
#10106=DIRECTION('ref_axis',(-1.,0.,0.));
#10107=DIRECTION('center_axis',(0.,1.,0.));
#10108=DIRECTION('ref_axis',(-1.,0.,0.));
#10109=DIRECTION('',(-1.,0.,0.));
#10110=DIRECTION('',(0.,0.,1.));
#10111=DIRECTION('center_axis',(0.,1.,0.));
#10112=DIRECTION('ref_axis',(-1.,0.,0.));
#10113=DIRECTION('',(0.,0.,1.));
#10114=DIRECTION('',(0.,0.,-1.));
#10115=DIRECTION('center_axis',(0.,1.,0.));
#10116=DIRECTION('ref_axis',(-1.,0.,0.));
#10117=DIRECTION('',(-1.,0.,0.));
#10118=DIRECTION('center_axis',(0.,-1.,0.));
#10119=DIRECTION('ref_axis',(-1.,0.,0.));
#10120=DIRECTION('',(0.,-1.,0.));
#10121=DIRECTION('center_axis',(0.,-1.,0.));
#10122=DIRECTION('ref_axis',(-1.,0.,0.));
#10123=DIRECTION('center_axis',(0.707106781186548,0.707106781186547,0.));
#10124=DIRECTION('ref_axis',(-0.707106781186547,0.707106781186548,0.));
#10125=DIRECTION('center_axis',(0.,-1.,0.));
#10126=DIRECTION('ref_axis',(-1.,0.,0.));
#10127=DIRECTION('center_axis',(0.,-1.,0.));
#10128=DIRECTION('ref_axis',(0.,0.,-1.));
#10129=DIRECTION('center_axis',(0.,1.,0.));
#10130=DIRECTION('ref_axis',(-1.,0.,0.));
#10131=DIRECTION('center_axis',(-1.,0.,-1.38777878078145E-16));
#10132=DIRECTION('ref_axis',(-1.38777878078145E-16,0.,1.));
#10133=DIRECTION('center_axis',(0.,-1.,0.));
#10134=DIRECTION('ref_axis',(-1.,0.,0.));
#10135=DIRECTION('center_axis',(0.,-1.,0.));
#10136=DIRECTION('ref_axis',(-1.,0.,0.));
#10137=DIRECTION('center_axis',(0.,1.,0.));
#10138=DIRECTION('ref_axis',(-1.,0.,0.));
#10139=DIRECTION('',(0.,0.,-1.));
#10140=DIRECTION('',(-1.,0.,0.));
#10141=DIRECTION('center_axis',(0.,-1.,0.));
#10142=DIRECTION('ref_axis',(-1.,0.,0.));
#10143=DIRECTION('',(0.,-1.,0.));
#10144=DIRECTION('center_axis',(-0.707106781186548,0.707106781186547,0.));
#10145=DIRECTION('ref_axis',(-0.707106781186547,-0.707106781186548,0.));
#10146=DIRECTION('center_axis',(0.,-1.,0.));
#10147=DIRECTION('ref_axis',(-1.,0.,0.));
#10148=DIRECTION('center_axis',(0.707106781186548,0.707106781186547,0.));
#10149=DIRECTION('ref_axis',(-0.707106781186547,0.707106781186548,0.));
#10150=DIRECTION('center_axis',(0.,-1.,0.));
#10151=DIRECTION('ref_axis',(-1.,0.,0.));
#10152=DIRECTION('center_axis',(-0.707106781186548,0.707106781186547,0.));
#10153=DIRECTION('ref_axis',(-0.707106781186547,-0.707106781186548,0.));
#10154=DIRECTION('center_axis',(1.,0.,0.));
#10155=DIRECTION('ref_axis',(0.,0.,-1.));
#10156=DIRECTION('center_axis',(-1.,0.,0.));
#10157=DIRECTION('ref_axis',(0.,1.,0.));
#10158=DIRECTION('center_axis',(0.,-1.,0.));
#10159=DIRECTION('ref_axis',(0.,0.,1.));
#10160=DIRECTION('center_axis',(1.,0.,0.));
#10161=DIRECTION('ref_axis',(0.,1.,0.));
#10162=DIRECTION('center_axis',(1.,0.,0.));
#10163=DIRECTION('ref_axis',(0.,1.,0.));
#10164=DIRECTION('center_axis',(-1.,0.,0.));
#10165=DIRECTION('ref_axis',(0.,1.,0.));
#10166=DIRECTION('center_axis',(-1.,0.,0.));
#10167=DIRECTION('ref_axis',(0.,-1.,0.));
#10168=DIRECTION('',(0.,0.,1.));
#10169=DIRECTION('',(0.,0.,-1.));
#10170=DIRECTION('',(0.,-1.,0.));
#10171=DIRECTION('center_axis',(-1.,0.,0.));
#10172=DIRECTION('ref_axis',(0.,1.,0.));
#10173=DIRECTION('',(0.,-1.,0.));
#10174=DIRECTION('center_axis',(-1.,0.,0.));
#10175=DIRECTION('ref_axis',(0.,-1.,0.));
#10176=DIRECTION('',(0.,-1.,0.));
#10177=DIRECTION('',(0.,0.,1.));
#10178=DIRECTION('center_axis',(1.,0.,0.));
#10179=DIRECTION('ref_axis',(0.,1.,0.));
#10180=DIRECTION('',(1.,0.,0.));
#10181=DIRECTION('center_axis',(0.707106781186548,-0.707106781186547,0.));
#10182=DIRECTION('ref_axis',(-0.707106781186547,-0.707106781186548,0.));
#10183=DIRECTION('center_axis',(1.,0.,0.));
#10184=DIRECTION('ref_axis',(0.,1.,0.));
#10185=DIRECTION('center_axis',(1.,0.,0.));
#10186=DIRECTION('ref_axis',(0.,1.,0.));
#10187=DIRECTION('center_axis',(0.707106781186548,-0.707106781186547,0.));
#10188=DIRECTION('ref_axis',(-0.707106781186547,-0.707106781186548,0.));
#10189=DIRECTION('center_axis',(1.,0.,0.));
#10190=DIRECTION('ref_axis',(0.,0.,-1.));
#10191=DIRECTION('center_axis',(0.,-1.,0.));
#10192=DIRECTION('ref_axis',(0.,0.,1.));
#10193=DIRECTION('center_axis',(1.,0.,0.));
#10194=DIRECTION('ref_axis',(0.,1.,0.));
#10195=DIRECTION('center_axis',(1.,0.,0.));
#10196=DIRECTION('ref_axis',(0.,1.,0.));
#10197=DIRECTION('center_axis',(1.,0.,0.));
#10198=DIRECTION('ref_axis',(0.,1.,0.));
#10199=DIRECTION('',(1.,0.,0.));
#10200=DIRECTION('center_axis',(1.,0.,0.));
#10201=DIRECTION('ref_axis',(0.,1.,0.));
#10202=DIRECTION('center_axis',(0.,1.,0.));
#10203=DIRECTION('ref_axis',(0.,0.,1.));
#10204=DIRECTION('center_axis',(0.,-1.,0.));
#10205=DIRECTION('ref_axis',(-1.,0.,0.));
#10206=DIRECTION('center_axis',(-1.,0.,1.38777878078145E-16));
#10207=DIRECTION('ref_axis',(-1.38777878078145E-16,0.,-1.));
#10208=DIRECTION('center_axis',(0.,1.,0.));
#10209=DIRECTION('ref_axis',(-1.,0.,0.));
#10210=DIRECTION('center_axis',(0.,1.,0.));
#10211=DIRECTION('ref_axis',(-1.,0.,0.));
#10212=DIRECTION('center_axis',(0.,-1.,0.));
#10213=DIRECTION('ref_axis',(-1.,0.,0.));
#10214=DIRECTION('center_axis',(0.,-1.,0.));
#10215=DIRECTION('ref_axis',(-1.,0.,0.));
#10216=DIRECTION('center_axis',(0.,-1.,0.));
#10217=DIRECTION('ref_axis',(1.,0.,0.));
#10218=DIRECTION('',(0.,0.,1.));
#10219=DIRECTION('',(0.,0.,-1.));
#10220=DIRECTION('center_axis',(0.,-1.,0.));
#10221=DIRECTION('ref_axis',(-1.,0.,0.));
#10222=DIRECTION('center_axis',(0.,-1.,0.));
#10223=DIRECTION('ref_axis',(-1.,0.,0.));
#10224=DIRECTION('',(1.,0.,0.));
#10225=DIRECTION('center_axis',(0.,-1.,0.));
#10226=DIRECTION('ref_axis',(1.,0.,0.));
#10227=DIRECTION('',(1.,0.,0.));
#10228=DIRECTION('',(0.,0.,1.));
#10229=DIRECTION('center_axis',(0.,1.,0.));
#10230=DIRECTION('ref_axis',(-1.,0.,0.));
#10231=DIRECTION('',(0.,1.,0.));
#10232=DIRECTION('center_axis',(0.,1.,0.));
#10233=DIRECTION('ref_axis',(-1.,0.,0.));
#10234=DIRECTION('center_axis',(0.,1.,0.));
#10235=DIRECTION('ref_axis',(0.,0.,1.));
#10236=DIRECTION('center_axis',(-1.,0.,0.));
#10237=DIRECTION('ref_axis',(0.,0.,-1.));
#10238=DIRECTION('center_axis',(0.,1.,0.));
#10239=DIRECTION('ref_axis',(-1.,0.,0.));
#10240=DIRECTION('center_axis',(0.,1.,0.));
#10241=DIRECTION('ref_axis',(-1.,0.,0.));
#10242=DIRECTION('center_axis',(0.,-1.,0.));
#10243=DIRECTION('ref_axis',(-1.,0.,0.));
#10244=DIRECTION('center_axis',(0.,-1.,0.));
#10245=DIRECTION('ref_axis',(1.,0.,0.));
#10246=DIRECTION('',(0.,0.,-1.));
#10247=DIRECTION('',(1.,0.,0.));
#10248=DIRECTION('center_axis',(0.,1.,0.));
#10249=DIRECTION('ref_axis',(-1.,0.,0.));
#10250=DIRECTION('',(0.,1.,0.));
#10251=DIRECTION('center_axis',(0.,1.,0.));
#10252=DIRECTION('ref_axis',(-1.,0.,0.));
#10253=DIRECTION('center_axis',(-0.408248290463862,-0.816496580927726,0.408248290463863));
#10254=DIRECTION('ref_axis',(-0.577350269189628,0.577350269189623,0.577350269189627));
#10255=DIRECTION('center_axis',(-1.,0.,0.));
#10256=DIRECTION('ref_axis',(0.,1.,0.));
#10257=DIRECTION('center_axis',(0.,0.,1.));
#10258=DIRECTION('ref_axis',(-1.,0.,0.));
#10259=DIRECTION('center_axis',(0.,1.,0.));
#10260=DIRECTION('ref_axis',(0.,0.,1.));
#10261=DIRECTION('center_axis',(0.,0.,1.));
#10262=DIRECTION('ref_axis',(-0.707106781186549,0.707106781186546,0.));
#10263=DIRECTION('center_axis',(-0.816496580927726,0.408248290463863,-0.408248290463863));
#10264=DIRECTION('ref_axis',(-0.577350269189625,-0.577350269189627,0.577350269189625));
#10265=DIRECTION('center_axis',(0.,-1.,0.));
#10266=DIRECTION('ref_axis',(-1.,0.,0.));
#10267=DIRECTION('center_axis',(0.,0.,1.));
#10268=DIRECTION('ref_axis',(0.,-1.,0.));
#10269=DIRECTION('center_axis',(-1.,0.,0.));
#10270=DIRECTION('ref_axis',(0.,0.,1.));
#10271=DIRECTION('center_axis',(0.,0.,1.));
#10272=DIRECTION('ref_axis',(-0.707106781186547,-0.707106781186548,0.));
#10273=DIRECTION('center_axis',(0.40824829046386,-0.816496580927727,0.408248290463864));
#10274=DIRECTION('ref_axis',(0.577350269189625,0.577350269189625,0.577350269189628));
#10275=DIRECTION('center_axis',(0.,1.,0.));
#10276=DIRECTION('ref_axis',(1.,0.,0.));
#10277=DIRECTION('center_axis',(0.,0.,1.));
#10278=DIRECTION('ref_axis',(0.,1.,0.));
#10279=DIRECTION('center_axis',(1.,-4.44089209850064E-15,0.));
#10280=DIRECTION('ref_axis',(0.,0.,1.));
#10281=DIRECTION('center_axis',(0.,0.,1.));
#10282=DIRECTION('ref_axis',(0.707106781186548,0.707106781186548,0.));
#10283=DIRECTION('center_axis',(-1.,0.,0.));
#10284=DIRECTION('ref_axis',(0.,0.707106781186546,0.707106781186549));
#10285=DIRECTION('',(1.,0.,0.));
#10286=DIRECTION('center_axis',(-0.408248290463863,-0.816496580927726,-0.408248290463863));
#10287=DIRECTION('ref_axis',(0.577350269189626,-0.577350269189626,0.577350269189626));
#10288=DIRECTION('center_axis',(1.,0.,0.));
#10289=DIRECTION('ref_axis',(0.,-1.,0.));
#10290=DIRECTION('center_axis',(0.,0.,1.));
#10291=DIRECTION('ref_axis',(1.,0.,0.));
#10292=DIRECTION('center_axis',(0.,-1.,0.));
#10293=DIRECTION('ref_axis',(0.,0.,1.));
#10294=DIRECTION('center_axis',(0.,0.,1.));
#10295=DIRECTION('ref_axis',(0.707106781186549,-0.707106781186546,0.));
#10296=DIRECTION('center_axis',(0.,1.,0.));
#10297=DIRECTION('ref_axis',(0.707106781186549,0.,0.707106781186546));
#10298=DIRECTION('',(0.,-1.,0.));
#10299=DIRECTION('',(0.,-1.,0.));
#10300=DIRECTION('center_axis',(1.,0.,0.));
#10301=DIRECTION('ref_axis',(0.,-0.707106781186548,0.707106781186548));
#10302=DIRECTION('',(-1.,0.,0.));
#10303=DIRECTION('center_axis',(0.,-1.,0.));
#10304=DIRECTION('ref_axis',(-0.707106781186547,0.,0.707106781186548));
#10305=DIRECTION('',(0.,1.,0.));
#10306=DIRECTION('',(0.,1.,0.));
#10307=DIRECTION('center_axis',(0.,0.,1.));
#10308=DIRECTION('ref_axis',(-1.,0.,0.));
#10309=DIRECTION('center_axis',(0.,0.,1.));
#10310=DIRECTION('ref_axis',(-1.,0.,0.));
#10311=DIRECTION('center_axis',(0.,0.,1.));
#10312=DIRECTION('ref_axis',(-1.,0.,0.));
#10313=DIRECTION('center_axis',(0.,0.,1.));
#10314=DIRECTION('ref_axis',(-1.,0.,0.));
#10315=DIRECTION('center_axis',(0.,0.,-1.));
#10316=DIRECTION('ref_axis',(-1.,0.,0.));
#10317=DIRECTION('center_axis',(0.,-1.,0.));
#10318=DIRECTION('ref_axis',(1.,0.,0.));
#10319=DIRECTION('center_axis',(0.,0.,-1.));
#10320=DIRECTION('ref_axis',(-1.,0.,0.));
#10321=DIRECTION('center_axis',(0.,0.,1.));
#10322=DIRECTION('ref_axis',(-1.,0.,0.));
#10323=DIRECTION('',(0.,0.,-1.));
#10324=DIRECTION('center_axis',(0.,0.,-1.));
#10325=DIRECTION('ref_axis',(-1.,0.,0.));
#10326=DIRECTION('center_axis',(0.,0.,-1.));
#10327=DIRECTION('ref_axis',(-1.,0.,0.));
#10328=DIRECTION('center_axis',(0.,-1.,0.));
#10329=DIRECTION('ref_axis',(1.,0.,0.));
#10330=DIRECTION('center_axis',(0.,0.,-1.));
#10331=DIRECTION('ref_axis',(-1.,0.,0.));
#10332=DIRECTION('center_axis',(0.,0.,1.));
#10333=DIRECTION('ref_axis',(-1.,0.,0.));
#10334=DIRECTION('',(0.,0.,-1.));
#10335=DIRECTION('center_axis',(0.,0.,-1.));
#10336=DIRECTION('ref_axis',(-1.,0.,0.));
#10337=DIRECTION('center_axis',(0.,-1.,0.));
#10338=DIRECTION('ref_axis',(-1.,0.,0.));
#10339=DIRECTION('center_axis',(0.,1.,0.));
#10340=DIRECTION('ref_axis',(-1.,0.,0.));
#10341=DIRECTION('center_axis',(0.,1.,0.));
#10342=DIRECTION('ref_axis',(-1.,0.,0.));
#10343=DIRECTION('center_axis',(0.,-1.,0.));
#10344=DIRECTION('ref_axis',(-1.,0.,0.));
#10345=DIRECTION('center_axis',(0.,1.,0.));
#10346=DIRECTION('ref_axis',(-1.,0.,0.));
#10347=DIRECTION('center_axis',(0.,1.,0.));
#10348=DIRECTION('ref_axis',(-1.,0.,0.));
#10349=DIRECTION('',(0.,1.,0.));
#10350=DIRECTION('center_axis',(0.,1.,0.));
#10351=DIRECTION('ref_axis',(-1.,0.,0.));
#10352=DIRECTION('center_axis',(0.,1.,0.));
#10353=DIRECTION('ref_axis',(-1.,0.,0.));
#10354=DIRECTION('',(0.,0.,1.));
#10355=DIRECTION('center_axis',(0.,1.,0.));
#10356=DIRECTION('ref_axis',(-1.,0.,0.));
#10357=DIRECTION('',(0.,0.,-1.));
#10358=DIRECTION('center_axis',(0.,-1.,0.));
#10359=DIRECTION('ref_axis',(-1.,0.,0.));
#10360=DIRECTION('center_axis',(0.,1.,0.));
#10361=DIRECTION('ref_axis',(-1.,0.,0.));
#10362=DIRECTION('center_axis',(0.,1.,0.));
#10363=DIRECTION('ref_axis',(-1.,0.,0.));
#10364=DIRECTION('',(0.,1.,0.));
#10365=DIRECTION('center_axis',(0.707106781186548,-0.707106781186547,0.));
#10366=DIRECTION('ref_axis',(-0.707106781186547,-0.707106781186548,0.));
#10367=DIRECTION('center_axis',(0.707106781186548,-0.707106781186547,0.));
#10368=DIRECTION('ref_axis',(-0.707106781186547,-0.707106781186548,0.));
#10369=DIRECTION('center_axis',(0.,1.,0.));
#10370=DIRECTION('ref_axis',(-1.,0.,0.));
#10371=DIRECTION('center_axis',(0.,1.,0.));
#10372=DIRECTION('ref_axis',(-1.,0.,0.));
#10373=DIRECTION('',(0.,0.,1.));
#10374=DIRECTION('center_axis',(0.,-1.,0.));
#10375=DIRECTION('ref_axis',(-1.,0.,0.));
#10376=DIRECTION('',(0.,0.,-1.));
#10377=DIRECTION('center_axis',(0.,1.,0.));
#10378=DIRECTION('ref_axis',(-1.,0.,0.));
#10379=DIRECTION('',(0.,0.,-1.));
#10380=DIRECTION('center_axis',(0.,1.,0.));
#10381=DIRECTION('ref_axis',(-1.,0.,0.));
#10382=DIRECTION('',(0.,0.,1.));
#10383=DIRECTION('center_axis',(0.,-1.,0.));
#10384=DIRECTION('ref_axis',(-1.,0.,0.));
#10385=DIRECTION('center_axis',(0.,1.,0.));
#10386=DIRECTION('ref_axis',(-1.,0.,0.));
#10387=DIRECTION('center_axis',(0.,1.,0.));
#10388=DIRECTION('ref_axis',(-1.,0.,0.));
#10389=DIRECTION('',(0.,1.,0.));
#10390=DIRECTION('center_axis',(-0.707106781186548,-0.707106781186547,0.));
#10391=DIRECTION('ref_axis',(-0.707106781186547,0.707106781186548,0.));
#10392=DIRECTION('center_axis',(0.,1.,0.));
#10393=DIRECTION('ref_axis',(-1.,0.,0.));
#10394=DIRECTION('center_axis',(-0.707106781186548,-0.707106781186547,0.));
#10395=DIRECTION('ref_axis',(-0.707106781186547,0.707106781186548,0.));
#10396=DIRECTION('center_axis',(0.,1.,0.));
#10397=DIRECTION('ref_axis',(-1.,0.,0.));
#10398=DIRECTION('',(0.,0.,-1.));
#10399=DIRECTION('center_axis',(0.,-1.,0.));
#10400=DIRECTION('ref_axis',(-1.,0.,0.));
#10401=DIRECTION('',(0.,0.,1.));
#10402=DIRECTION('center_axis',(1.,0.,0.));
#10403=DIRECTION('ref_axis',(0.,1.,0.));
#10404=DIRECTION('center_axis',(-1.,0.,0.));
#10405=DIRECTION('ref_axis',(0.,1.,0.));
#10406=DIRECTION('',(0.,0.,-1.));
#10407=DIRECTION('center_axis',(1.,0.,0.));
#10408=DIRECTION('ref_axis',(0.,1.,0.));
#10409=DIRECTION('center_axis',(0.,-1.,0.));
#10410=DIRECTION('ref_axis',(-1.,0.,0.));
#10411=DIRECTION('center_axis',(-0.707106781186548,-0.707106781186548,0.));
#10412=DIRECTION('ref_axis',(-0.707106781186547,0.707106781186547,0.));
#10413=DIRECTION('center_axis',(0.707106781186548,-0.707106781186548,0.));
#10414=DIRECTION('ref_axis',(-0.707106781186547,-0.707106781186547,0.));
#10415=DIRECTION('center_axis',(1.,0.,0.));
#10416=DIRECTION('ref_axis',(0.,1.,0.));
#10417=DIRECTION('',(0.,0.,1.));
#10418=DIRECTION('center_axis',(-1.,0.,0.));
#10419=DIRECTION('ref_axis',(0.,1.,0.));
#10420=DIRECTION('center_axis',(1.,0.,0.));
#10421=DIRECTION('ref_axis',(0.,1.,0.));
#10422=DIRECTION('',(1.,0.,0.));
#10423=DIRECTION('center_axis',(1.,0.,0.));
#10424=DIRECTION('ref_axis',(0.,1.,0.));
#10425=DIRECTION('center_axis',(-1.,0.,0.));
#10426=DIRECTION('ref_axis',(0.,1.,0.));
#10427=DIRECTION('center_axis',(-1.,0.,0.));
#10428=DIRECTION('ref_axis',(0.,1.,0.));
#10429=DIRECTION('center_axis',(1.,0.,0.));
#10430=DIRECTION('ref_axis',(0.,1.,0.));
#10431=DIRECTION('center_axis',(-1.,0.,0.));
#10432=DIRECTION('ref_axis',(0.,1.,0.));
#10433=DIRECTION('',(0.,0.,1.));
#10434=DIRECTION('center_axis',(0.,-1.,0.));
#10435=DIRECTION('ref_axis',(-1.,0.,0.));
#10436=DIRECTION('center_axis',(-0.707106781186548,-0.707106781186548,0.));
#10437=DIRECTION('ref_axis',(-0.707106781186547,0.707106781186547,0.));
#10438=DIRECTION('center_axis',(0.707106781186548,-0.707106781186548,0.));
#10439=DIRECTION('ref_axis',(-0.707106781186547,-0.707106781186547,0.));
#10440=DIRECTION('center_axis',(0.,-1.,0.));
#10441=DIRECTION('ref_axis',(-1.,0.,0.));
#10442=DIRECTION('center_axis',(0.707106781186548,-0.707106781186548,0.));
#10443=DIRECTION('ref_axis',(-0.707106781186547,-0.707106781186547,0.));
#10444=DIRECTION('center_axis',(-0.707106781186548,-0.707106781186548,0.));
#10445=DIRECTION('ref_axis',(-0.707106781186547,0.707106781186547,0.));
#10446=DIRECTION('center_axis',(1.,0.,0.));
#10447=DIRECTION('ref_axis',(0.,1.,0.));
#10448=DIRECTION('',(0.,0.,-1.));
#10449=DIRECTION('center_axis',(-1.,0.,0.));
#10450=DIRECTION('ref_axis',(0.,1.,0.));
#10451=DIRECTION('center_axis',(0.,1.,0.));
#10452=DIRECTION('ref_axis',(-1.,0.,0.));
#10453=DIRECTION('center_axis',(0.,1.,0.));
#10454=DIRECTION('ref_axis',(-1.,0.,0.));
#10455=DIRECTION('center_axis',(0.,1.,0.));
#10456=DIRECTION('ref_axis',(-1.,0.,0.));
#10457=DIRECTION('',(0.,0.,-1.));
#10458=DIRECTION('',(0.,0.,1.));
#10459=DIRECTION('center_axis',(0.,1.,0.));
#10460=DIRECTION('ref_axis',(-1.,0.,0.));
#10461=DIRECTION('center_axis',(0.,1.,0.));
#10462=DIRECTION('ref_axis',(-1.,0.,0.));
#10463=DIRECTION('',(0.,0.,1.));
#10464=DIRECTION('',(0.,0.,-1.));
#10465=DIRECTION('center_axis',(0.,1.,0.));
#10466=DIRECTION('ref_axis',(-1.,0.,0.));
#10467=DIRECTION('center_axis',(0.,1.,0.));
#10468=DIRECTION('ref_axis',(-1.,0.,0.));
#10469=DIRECTION('center_axis',(0.,1.,0.));
#10470=DIRECTION('ref_axis',(-1.,0.,0.));
#10471=DIRECTION('center_axis',(1.,0.,0.));
#10472=DIRECTION('ref_axis',(0.,1.,0.));
#10473=DIRECTION('center_axis',(-1.,0.,0.));
#10474=DIRECTION('ref_axis',(0.,1.,0.));
#10475=DIRECTION('center_axis',(0.,-1.,0.));
#10476=DIRECTION('ref_axis',(-1.,0.,0.));
#10477=DIRECTION('center_axis',(-0.707106781186548,0.707106781186548,0.));
#10478=DIRECTION('ref_axis',(-0.707106781186547,-0.707106781186547,0.));
#10479=DIRECTION('center_axis',(0.707106781186548,0.707106781186548,0.));
#10480=DIRECTION('ref_axis',(-0.707106781186547,0.707106781186547,0.));
#10481=DIRECTION('center_axis',(1.,0.,0.));
#10482=DIRECTION('ref_axis',(0.,1.,0.));
#10483=DIRECTION('center_axis',(-1.,0.,0.));
#10484=DIRECTION('ref_axis',(0.,1.,0.));
#10485=DIRECTION('center_axis',(1.,0.,0.));
#10486=DIRECTION('ref_axis',(0.,1.,0.));
#10487=DIRECTION('center_axis',(-1.,0.,0.));
#10488=DIRECTION('ref_axis',(0.,1.,0.));
#10489=DIRECTION('center_axis',(0.,-1.,0.));
#10490=DIRECTION('ref_axis',(-1.,0.,0.));
#10491=DIRECTION('center_axis',(-0.707106781186548,0.707106781186548,0.));
#10492=DIRECTION('ref_axis',(-0.707106781186547,-0.707106781186547,0.));
#10493=DIRECTION('center_axis',(0.707106781186548,0.707106781186548,0.));
#10494=DIRECTION('ref_axis',(-0.707106781186547,0.707106781186547,0.));
#10495=DIRECTION('center_axis',(0.,-1.,0.));
#10496=DIRECTION('ref_axis',(-1.,0.,0.));
#10497=DIRECTION('center_axis',(0.707106781186548,0.707106781186548,0.));
#10498=DIRECTION('ref_axis',(-0.707106781186547,0.707106781186547,0.));
#10499=DIRECTION('center_axis',(-0.707106781186548,0.707106781186548,0.));
#10500=DIRECTION('ref_axis',(-0.707106781186547,-0.707106781186547,0.));
#10501=DIRECTION('center_axis',(1.,0.,0.));
#10502=DIRECTION('ref_axis',(0.,1.,0.));
#10503=DIRECTION('center_axis',(-1.,0.,0.));
#10504=DIRECTION('ref_axis',(0.,1.,0.));
#10505=DIRECTION('center_axis',(0.,-1.,0.));
#10506=DIRECTION('ref_axis',(-1.,0.,0.));
#10507=DIRECTION('center_axis',(0.707106781186548,-0.707106781186548,0.));
#10508=DIRECTION('ref_axis',(-0.707106781186547,-0.707106781186547,0.));
#10509=DIRECTION('center_axis',(-0.707106781186548,-0.707106781186548,0.));
#10510=DIRECTION('ref_axis',(-0.707106781186547,0.707106781186547,0.));
#10511=DIRECTION('center_axis',(0.,-1.,0.));
#10512=DIRECTION('ref_axis',(-1.,0.,0.));
#10513=DIRECTION('center_axis',(0.707106781186548,0.707106781186548,0.));
#10514=DIRECTION('ref_axis',(-0.707106781186547,0.707106781186547,0.));
#10515=DIRECTION('center_axis',(-0.707106781186548,0.707106781186548,0.));
#10516=DIRECTION('ref_axis',(-0.707106781186547,-0.707106781186547,0.));
#10517=DIRECTION('center_axis',(0.,1.,0.));
#10518=DIRECTION('ref_axis',(-1.,0.,0.));
#10519=DIRECTION('center_axis',(0.,1.,0.));
#10520=DIRECTION('ref_axis',(-1.,0.,0.));
#10521=DIRECTION('center_axis',(1.,0.,0.));
#10522=DIRECTION('ref_axis',(0.,1.,0.));
#10523=DIRECTION('center_axis',(1.,0.,0.));
#10524=DIRECTION('ref_axis',(0.,1.,0.));
#10525=DIRECTION('center_axis',(1.,0.,0.));
#10526=DIRECTION('ref_axis',(0.,1.,0.));
#10527=DIRECTION('center_axis',(1.,0.,0.));
#10528=DIRECTION('ref_axis',(0.,1.,0.));
#10529=DIRECTION('center_axis',(1.,0.,0.));
#10530=DIRECTION('ref_axis',(0.,1.,0.));
#10531=DIRECTION('center_axis',(1.,0.,0.));
#10532=DIRECTION('ref_axis',(0.,1.,0.));
#10533=DIRECTION('center_axis',(1.,0.,0.));
#10534=DIRECTION('ref_axis',(0.,1.,0.));
#10535=DIRECTION('center_axis',(1.,0.,0.));
#10536=DIRECTION('ref_axis',(0.,1.,0.));
#10537=DIRECTION('center_axis',(1.,0.,0.));
#10538=DIRECTION('ref_axis',(0.,1.,0.));
#10539=DIRECTION('center_axis',(1.,0.,0.));
#10540=DIRECTION('ref_axis',(0.,1.,0.));
#10541=DIRECTION('center_axis',(1.,0.,0.));
#10542=DIRECTION('ref_axis',(0.,1.,0.));
#10543=DIRECTION('center_axis',(1.,0.,0.));
#10544=DIRECTION('ref_axis',(0.,1.,0.));
#10545=DIRECTION('center_axis',(-1.,0.,0.));
#10546=DIRECTION('ref_axis',(0.,1.,0.));
#10547=DIRECTION('center_axis',(1.,0.,0.));
#10548=DIRECTION('ref_axis',(0.,1.,0.));
#10549=DIRECTION('',(-1.,0.,0.));
#10550=DIRECTION('center_axis',(-1.,0.,0.));
#10551=DIRECTION('ref_axis',(0.,1.,0.));
#10552=DIRECTION('center_axis',(-1.,0.,0.));
#10553=DIRECTION('ref_axis',(0.,1.,0.));
#10554=DIRECTION('center_axis',(1.,0.,0.));
#10555=DIRECTION('ref_axis',(0.,1.,0.));
#10556=DIRECTION('center_axis',(1.,0.,0.));
#10557=DIRECTION('ref_axis',(0.,1.,0.));
#10558=DIRECTION('center_axis',(0.,0.,1.));
#10559=DIRECTION('ref_axis',(-1.,0.,0.));
#10560=DIRECTION('center_axis',(0.,0.,-1.));
#10561=DIRECTION('ref_axis',(-1.,0.,0.));
#10562=DIRECTION('',(0.,0.,-1.));
#10563=DIRECTION('center_axis',(0.,0.,-1.));
#10564=DIRECTION('ref_axis',(-1.,0.,0.));
#10565=DIRECTION('center_axis',(0.,0.,1.));
#10566=DIRECTION('ref_axis',(-1.,0.,0.));
#10567=DIRECTION('center_axis',(0.,0.,1.));
#10568=DIRECTION('ref_axis',(-1.,0.,0.));
#10569=DIRECTION('center_axis',(0.,0.,1.));
#10570=DIRECTION('ref_axis',(-1.,0.,0.));
#10571=DIRECTION('center_axis',(0.,0.,1.));
#10572=DIRECTION('ref_axis',(-1.,0.,0.));
#10573=DIRECTION('',(0.,0.,-1.));
#10574=DIRECTION('center_axis',(0.,0.,1.));
#10575=DIRECTION('ref_axis',(-1.,0.,0.));
#10576=DIRECTION('center_axis',(0.,0.,-1.));
#10577=DIRECTION('ref_axis',(-1.,0.,0.));
#10578=DIRECTION('',(0.,0.,-1.));
#10579=DIRECTION('center_axis',(0.,0.,-1.));
#10580=DIRECTION('ref_axis',(-1.,0.,0.));
#10581=DIRECTION('center_axis',(0.,0.,1.));
#10582=DIRECTION('ref_axis',(-1.,0.,0.));
#10583=DIRECTION('center_axis',(0.,0.,1.));
#10584=DIRECTION('ref_axis',(-1.,0.,0.));
#10585=DIRECTION('center_axis',(0.,0.,1.));
#10586=DIRECTION('ref_axis',(-1.,0.,0.));
#10587=DIRECTION('center_axis',(0.,0.,1.));
#10588=DIRECTION('ref_axis',(-1.,0.,0.));
#10589=DIRECTION('',(0.,0.,-1.));
#10590=DIRECTION('center_axis',(1.,0.,0.));
#10591=DIRECTION('ref_axis',(0.,0.,-1.));
#10592=DIRECTION('center_axis',(-1.,0.,0.));
#10593=DIRECTION('ref_axis',(0.,1.,0.));
#10594=DIRECTION('center_axis',(0.,-1.,0.));
#10595=DIRECTION('ref_axis',(0.,0.,1.));
#10596=DIRECTION('center_axis',(1.,0.,0.));
#10597=DIRECTION('ref_axis',(0.,1.,0.));
#10598=DIRECTION('center_axis',(1.,0.,0.));
#10599=DIRECTION('ref_axis',(0.,1.,0.));
#10600=DIRECTION('center_axis',(-1.,0.,0.));
#10601=DIRECTION('ref_axis',(0.,1.,0.));
#10602=DIRECTION('center_axis',(-1.,0.,0.));
#10603=DIRECTION('ref_axis',(0.,1.,0.));
#10604=DIRECTION('center_axis',(-1.,0.,0.));
#10605=DIRECTION('ref_axis',(0.,1.,0.));
#10606=DIRECTION('',(0.,-1.,0.));
#10607=DIRECTION('',(0.,0.,1.));
#10608=DIRECTION('center_axis',(-1.,0.,0.));
#10609=DIRECTION('ref_axis',(0.,1.,0.));
#10610=DIRECTION('',(0.,1.,0.));
#10611=DIRECTION('',(0.,0.707106781186548,-0.707106781186548));
#10612=DIRECTION('',(0.,0.,-1.));
#10613=DIRECTION('',(0.,-1.,0.));
#10614=DIRECTION('center_axis',(-1.,0.,0.));
#10615=DIRECTION('ref_axis',(0.,1.,0.));
#10616=DIRECTION('',(0.,0.,1.));
#10617=DIRECTION('',(0.,1.,0.));
#10618=DIRECTION('center_axis',(-1.,0.,0.));
#10619=DIRECTION('ref_axis',(0.,1.,0.));
#10620=DIRECTION('center_axis',(0.707106781186547,0.,0.707106781186548));
#10621=DIRECTION('ref_axis',(0.707106781186548,0.,-0.707106781186547));
#10622=DIRECTION('center_axis',(0.707106781186547,0.,0.707106781186548));
#10623=DIRECTION('ref_axis',(0.707106781186548,0.,-0.707106781186547));
#10624=DIRECTION('center_axis',(1.,0.,0.));
#10625=DIRECTION('ref_axis',(0.,1.,0.));
#10626=DIRECTION('',(-1.,0.,0.));
#10627=DIRECTION('center_axis',(1.,0.,0.));
#10628=DIRECTION('ref_axis',(0.,1.,0.));
#10629=DIRECTION('center_axis',(0.707106781186547,0.,-0.707106781186548));
#10630=DIRECTION('ref_axis',(0.707106781186548,0.,0.707106781186547));
#10631=DIRECTION('center_axis',(0.707106781186547,0.,-0.707106781186548));
#10632=DIRECTION('ref_axis',(0.707106781186548,0.,0.707106781186547));
#10633=DIRECTION('center_axis',(1.,0.,0.));
#10634=DIRECTION('ref_axis',(0.,1.,0.));
#10635=DIRECTION('center_axis',(-1.,0.,0.));
#10636=DIRECTION('ref_axis',(0.,0.,1.));
#10637=DIRECTION('center_axis',(1.,0.,0.));
#10638=DIRECTION('ref_axis',(0.,1.,0.));
#10639=DIRECTION('center_axis',(0.,-1.,0.));
#10640=DIRECTION('ref_axis',(0.,0.,-1.));
#10641=DIRECTION('center_axis',(-1.,0.,0.));
#10642=DIRECTION('ref_axis',(0.,1.,0.));
#10643=DIRECTION('center_axis',(-1.,0.,0.));
#10644=DIRECTION('ref_axis',(0.,1.,0.));
#10645=DIRECTION('center_axis',(1.,0.,0.));
#10646=DIRECTION('ref_axis',(0.,1.,0.));
#10647=DIRECTION('center_axis',(1.,0.,0.));
#10648=DIRECTION('ref_axis',(0.,1.,0.));
#10649=DIRECTION('center_axis',(1.,0.,0.));
#10650=DIRECTION('ref_axis',(0.,-1.,0.));
#10651=DIRECTION('',(0.,-1.,0.));
#10652=DIRECTION('',(0.,0.,-1.));
#10653=DIRECTION('center_axis',(1.,0.,0.));
#10654=DIRECTION('ref_axis',(0.,-1.,0.));
#10655=DIRECTION('',(0.,1.,0.));
#10656=DIRECTION('',(0.,0.,1.));
#10657=DIRECTION('',(0.,-0.707106781186548,0.707106781186548));
#10658=DIRECTION('',(0.,-1.,0.));
#10659=DIRECTION('center_axis',(1.,0.,0.));
#10660=DIRECTION('ref_axis',(0.,-1.,0.));
#10661=DIRECTION('',(0.,0.,-1.));
#10662=DIRECTION('',(0.,1.,0.));
#10663=DIRECTION('center_axis',(-1.,0.,0.));
#10664=DIRECTION('ref_axis',(0.,1.,0.));
#10665=DIRECTION('',(-1.,0.,0.));
#10666=DIRECTION('center_axis',(-1.,0.,0.));
#10667=DIRECTION('ref_axis',(0.,1.,0.));
#10668=DIRECTION('center_axis',(-0.707106781186547,0.,0.707106781186548));
#10669=DIRECTION('ref_axis',(0.707106781186548,0.,0.707106781186547));
#10670=DIRECTION('center_axis',(-1.,0.,0.));
#10671=DIRECTION('ref_axis',(0.,1.,0.));
#10672=DIRECTION('center_axis',(-0.707106781186547,0.,-0.707106781186548));
#10673=DIRECTION('ref_axis',(0.707106781186548,0.,-0.707106781186547));
#10674=DIRECTION('center_axis',(-1.,0.,0.));
#10675=DIRECTION('ref_axis',(0.,1.,0.));
#10676=DIRECTION('center_axis',(0.,0.,1.));
#10677=DIRECTION('ref_axis',(1.,0.,0.));
#10678=DIRECTION('center_axis',(0.,0.,-1.));
#10679=DIRECTION('ref_axis',(1.,0.,0.));
#10680=DIRECTION('center_axis',(0.,-1.,0.));
#10681=DIRECTION('ref_axis',(-1.,0.,0.));
#10682=DIRECTION('center_axis',(0.,0.,1.));
#10683=DIRECTION('ref_axis',(1.,0.,0.));
#10684=DIRECTION('center_axis',(0.,0.,-1.));
#10685=DIRECTION('ref_axis',(1.,0.,0.));
#10686=DIRECTION('center_axis',(0.,0.,-1.));
#10687=DIRECTION('ref_axis',(1.,0.,0.));
#10688=DIRECTION('center_axis',(0.,0.,-1.));
#10689=DIRECTION('ref_axis',(1.,0.,0.));
#10690=DIRECTION('',(0.,1.,0.));
#10691=DIRECTION('',(1.,0.,0.));
#10692=DIRECTION('center_axis',(0.,0.,-1.));
#10693=DIRECTION('ref_axis',(0.,1.,0.));
#10694=DIRECTION('',(1.,0.,0.));
#10695=DIRECTION('',(0.,-1.,0.));
#10696=DIRECTION('center_axis',(0.,0.,-1.));
#10697=DIRECTION('ref_axis',(1.,0.,0.));
#10698=DIRECTION('',(-1.,0.,0.));
#10699=DIRECTION('center_axis',(0.,0.,-1.));
#10700=DIRECTION('ref_axis',(1.,0.,0.));
#10701=DIRECTION('',(-1.,0.,0.));
#10702=DIRECTION('',(0.,1.,0.));
#10703=DIRECTION('center_axis',(0.,0.,1.));
#10704=DIRECTION('ref_axis',(1.,0.,0.));
#10705=DIRECTION('',(0.,0.,1.));
#10706=DIRECTION('center_axis',(0.707106781186547,0.,-0.707106781186548));
#10707=DIRECTION('ref_axis',(0.707106781186548,0.,0.707106781186547));
#10708=DIRECTION('center_axis',(0.,0.,1.));
#10709=DIRECTION('ref_axis',(1.,0.,0.));
#10710=DIRECTION('center_axis',(0.,0.,1.));
#10711=DIRECTION('ref_axis',(1.,0.,0.));
#10712=DIRECTION('center_axis',(0.707106781186547,0.,-0.707106781186548));
#10713=DIRECTION('ref_axis',(0.707106781186548,0.,0.707106781186547));
#10714=DIRECTION('center_axis',(0.,0.,1.));
#10715=DIRECTION('ref_axis',(1.,0.,0.));
#10716=DIRECTION('center_axis',(0.,-1.,0.));
#10717=DIRECTION('ref_axis',(-1.,0.,0.));
#10718=DIRECTION('center_axis',(0.,0.,1.));
#10719=DIRECTION('ref_axis',(1.,0.,0.));
#10720=DIRECTION('center_axis',(0.,0.,-1.));
#10721=DIRECTION('ref_axis',(1.,0.,0.));
#10722=DIRECTION('center_axis',(0.,0.,-1.));
#10723=DIRECTION('ref_axis',(1.,0.,0.));
#10724=DIRECTION('',(0.,-1.,0.));
#10725=DIRECTION('',(-1.,0.,0.));
#10726=DIRECTION('center_axis',(0.,0.,1.));
#10727=DIRECTION('ref_axis',(1.,0.,0.));
#10728=DIRECTION('',(0.,0.,1.));
#10729=DIRECTION('center_axis',(0.,0.,1.));
#10730=DIRECTION('ref_axis',(1.,0.,0.));
#10731=DIRECTION('center_axis',(-0.707106781186547,0.,-0.707106781186548));
#10732=DIRECTION('ref_axis',(0.707106781186548,0.,-0.707106781186547));
#10733=DIRECTION('center_axis',(0.,0.,1.));
#10734=DIRECTION('ref_axis',(1.,0.,0.));
#10735=DIRECTION('center_axis',(-0.2405693301822,-0.849821491826356,0.46896676791188));
#10736=DIRECTION('ref_axis',(0.387881588679176,-0.52707061389346,-0.756137845325632));
#10737=DIRECTION('center_axis',(0.363248823955533,0.658805848446614,-0.658805848446612));
#10738=DIRECTION('ref_axis',(0.,-0.707106781186546,-0.707106781186549));
#10739=DIRECTION('center_axis',(1.,0.,0.));
#10740=DIRECTION('ref_axis',(0.,0.,-1.));
#10741=DIRECTION('center_axis',(-0.482842676711832,-0.875707114020295,4.96104691716774E-15));
#10742=DIRECTION('ref_axis',(0.875707114020295,-0.482842676711832,0.));
#10743=DIRECTION('center_axis',(0.,0.,1.));
#10744=DIRECTION('ref_axis',(1.,0.,0.));
#10745=DIRECTION('center_axis',(0.,-4.44089209850063E-15,-1.));
#10746=DIRECTION('ref_axis',(-1.,0.,0.));
#10747=DIRECTION('center_axis',(-2.35513868802566E-15,-0.707106781186548,
0.707106781186548));
#10748=DIRECTION('ref_axis',(0.,-0.707106781186548,-0.707106781186548));
#10749=DIRECTION('center_axis',(-1.,0.,0.));
#10750=DIRECTION('ref_axis',(0.,-1.,0.));
#10751=DIRECTION('center_axis',(0.170112439679112,-0.941663177664661,0.290400099340399));
#10752=DIRECTION('ref_axis',(-0.475963149477968,-0.336556770590779,-0.812519920068745));
#10753=DIRECTION('center_axis',(0.,0.707106781186545,-0.70710678118655));
#10754=DIRECTION('ref_axis',(-1.,0.,0.));
#10755=DIRECTION('center_axis',(0.,-1.,0.));
#10756=DIRECTION('ref_axis',(0.,0.,-1.));
#10757=DIRECTION('center_axis',(-1.,0.,0.));
#10758=DIRECTION('ref_axis',(0.,-0.707106781186549,-0.707106781186546));
#10759=DIRECTION('center_axis',(0.2405693301822,-0.849821491826354,0.468966767911882));
#10760=DIRECTION('ref_axis',(-0.387881588679178,-0.52707061389346,-0.756137845325631));
#10761=DIRECTION('center_axis',(-0.363248823955539,0.658805848446608,-0.658805848446614));
#10762=DIRECTION('ref_axis',(-0.875707114020294,-0.482842676711833,0.));
#10763=DIRECTION('center_axis',(0.48284267671183,-0.875707114020296,0.));
#10764=DIRECTION('ref_axis',(0.,0.,-1.));
#10765=DIRECTION('center_axis',(-1.,0.,0.));
#10766=DIRECTION('ref_axis',(0.,-0.707106781186549,-0.707106781186546));
#10767=DIRECTION('center_axis',(0.,0.,1.));
#10768=DIRECTION('ref_axis',(1.,0.,0.));
#10769=DIRECTION('center_axis',(0.,0.,1.));
#10770=DIRECTION('ref_axis',(0.,1.,0.));
#10771=DIRECTION('center_axis',(0.,0.,1.));
#10772=DIRECTION('ref_axis',(1.,0.,0.));
#10773=DIRECTION('center_axis',(2.2204460492503E-15,0.,-1.));
#10774=DIRECTION('ref_axis',(0.,-1.,0.));
#10775=DIRECTION('center_axis',(1.,-8.88178419700125E-15,8.88178419700124E-15));
#10776=DIRECTION('ref_axis',(0.,-0.707106781186547,-0.707106781186548));
#10777=DIRECTION('center_axis',(0.,-0.707106781186551,0.707106781186544));
#10778=DIRECTION('ref_axis',(1.,0.,0.));
#10779=DIRECTION('center_axis',(1.,0.,0.));
#10780=DIRECTION('ref_axis',(0.,-0.923879532511286,-0.382683432365091));
#10781=DIRECTION('',(-1.,0.,0.));
#10782=DIRECTION('',(1.,0.,0.));
#10783=DIRECTION('',(1.,0.,0.));
#10784=DIRECTION('center_axis',(-0.408248290463863,-0.816496580927726,-0.408248290463863));
#10785=DIRECTION('ref_axis',(-0.577350269189626,0.577350269189626,-0.577350269189626));
#10786=DIRECTION('center_axis',(0.,1.,0.));
#10787=DIRECTION('ref_axis',(-1.,0.,0.));
#10788=DIRECTION('center_axis',(0.,0.,-1.));
#10789=DIRECTION('ref_axis',(0.,1.,0.));
#10790=DIRECTION('center_axis',(-1.,0.,0.));
#10791=DIRECTION('ref_axis',(0.,0.,-1.));
#10792=DIRECTION('center_axis',(-0.170112439679112,-0.94166317766466,0.290400099340402));
#10793=DIRECTION('ref_axis',(0.475963149477965,-0.336556770590778,-0.812519920068747));
#10794=DIRECTION('center_axis',(0.,-1.,6.66133814775093E-15));
#10795=DIRECTION('ref_axis',(1.,0.,0.));
#10796=DIRECTION('center_axis',(-3.14018491736755E-15,0.707106781186545,
-0.70710678118655));
#10797=DIRECTION('ref_axis',(0.,-0.70710678118655,-0.707106781186545));
#10798=DIRECTION('center_axis',(1.,6.28036983473509E-15,0.));
#10799=DIRECTION('ref_axis',(0.,0.,-1.));
#10800=DIRECTION('center_axis',(0.,0.707106781186548,-0.707106781186548));
#10801=DIRECTION('ref_axis',(0.707106781186546,-0.500000000000003,-0.5));
#10802=DIRECTION('',(0.,0.707106781186548,-0.707106781186548));
#10803=DIRECTION('center_axis',(-1.,0.,0.));
#10804=DIRECTION('ref_axis',(0.,-0.382683432365092,-0.923879532511286));
#10805=DIRECTION('',(-1.,0.,0.));
#10806=DIRECTION('center_axis',(0.,0.,-1.));
#10807=DIRECTION('ref_axis',(0.70710678118655,-0.707106781186545,0.));
#10808=DIRECTION('',(0.,0.,-1.));
#10809=DIRECTION('center_axis',(0.,-0.707106781186546,-0.707106781186549));
#10810=DIRECTION('ref_axis',(0.,-0.707106781186549,0.707106781186546));
#10811=DIRECTION('center_axis',(-0.408248290463863,-0.816496580927726,0.408248290463863));
#10812=DIRECTION('ref_axis',(-0.577350269189626,0.577350269189626,0.577350269189626));
#10813=DIRECTION('center_axis',(0.,0.,1.));
#10814=DIRECTION('ref_axis',(-1.,0.,0.));
#10815=DIRECTION('center_axis',(0.,1.,0.));
#10816=DIRECTION('ref_axis',(0.,0.,1.));
#10817=DIRECTION('center_axis',(-1.,0.,0.));
#10818=DIRECTION('ref_axis',(0.,1.,0.));
#10819=DIRECTION('center_axis',(0.,-1.,0.));
#10820=DIRECTION('ref_axis',(-0.707106781186547,0.,0.707106781186548));
#10821=DIRECTION('',(0.,1.,0.));
#10822=DIRECTION('center_axis',(0.,0.707106781186546,0.707106781186549));
#10823=DIRECTION('ref_axis',(0.,0.707106781186549,-0.707106781186546));
#10824=DIRECTION('center_axis',(0.408248290463859,-0.816496580927728,-0.408248290463862));
#10825=DIRECTION('ref_axis',(0.577350269189626,0.577350269189622,-0.577350269189629));
#10826=DIRECTION('center_axis',(1.,0.,0.));
#10827=DIRECTION('ref_axis',(0.,1.,0.));
#10828=DIRECTION('center_axis',(0.,0.,-1.));
#10829=DIRECTION('ref_axis',(1.,0.,0.));
#10830=DIRECTION('center_axis',(-4.44089209850062E-15,1.,0.));
#10831=DIRECTION('ref_axis',(0.,0.,-1.));
#10832=DIRECTION('center_axis',(0.408248290463863,0.408248290463859,-0.816496580927728));
#10833=DIRECTION('ref_axis',(0.577350269189629,0.577350269189625,0.577350269189623));
#10834=DIRECTION('center_axis',(0.,0.,1.));
#10835=DIRECTION('ref_axis',(0.,1.,0.));
#10836=DIRECTION('center_axis',(1.,0.,0.));
#10837=DIRECTION('ref_axis',(0.,0.,1.));
#10838=DIRECTION('center_axis',(0.,1.,4.44089209850062E-15));
#10839=DIRECTION('ref_axis',(1.,0.,0.));
#10840=DIRECTION('center_axis',(-1.,0.,0.));
#10841=DIRECTION('ref_axis',(0.,0.707106781186549,0.707106781186546));
#10842=DIRECTION('',(1.,0.,0.));
#10843=DIRECTION('',(-1.,0.,0.));
#10844=DIRECTION('center_axis',(0.,1.,0.));
#10845=DIRECTION('ref_axis',(0.707106781186549,0.,0.707106781186546));
#10846=DIRECTION('',(0.,-1.,0.));
#10847=DIRECTION('center_axis',(0.,0.,-1.));
#10848=DIRECTION('ref_axis',(0.707106781186551,0.707106781186544,0.));
#10849=DIRECTION('',(0.,0.,1.));
#10850=DIRECTION('center_axis',(0.,-1.,0.));
#10851=DIRECTION('ref_axis',(0.707106781186551,0.,-0.707106781186544));
#10852=DIRECTION('center_axis',(1.,0.,0.));
#10853=DIRECTION('ref_axis',(0.,0.707106781186551,-0.707106781186544));
#10854=DIRECTION('',(1.,0.,0.));
#10855=DIRECTION('center_axis',(0.,0.,-1.));
#10856=DIRECTION('ref_axis',(-0.707106781186546,0.707106781186549,0.));
#10857=DIRECTION('',(0.,0.,-1.));
#10858=DIRECTION('center_axis',(0.,1.,0.));
#10859=DIRECTION('ref_axis',(-0.707106781186549,0.,-0.707106781186546));
#10860=DIRECTION('center_axis',(0.,0.,-1.));
#10861=DIRECTION('ref_axis',(-0.707106781186548,-0.707106781186547,0.));
#10862=DIRECTION('',(0.,0.,1.));
#10863=DIRECTION('center_axis',(0.,0.78086880944303,0.624695047554424));
#10864=DIRECTION('ref_axis',(0.,-0.624695047554424,0.78086880944303));
#10865=DIRECTION('center_axis',(0.,0.78086880944303,0.624695047554424));
#10866=DIRECTION('ref_axis',(0.,-0.624695047554424,0.78086880944303));
#10867=DIRECTION('center_axis',(0.,-0.707106781186548,-0.707106781186548));
#10868=DIRECTION('ref_axis',(0.,-0.707106781186548,0.707106781186548));
#10869=DIRECTION('center_axis',(0.,-0.707106781186548,-0.707106781186548));
#10870=DIRECTION('ref_axis',(0.,-0.707106781186548,0.707106781186548));
#10871=DIRECTION('center_axis',(-1.,0.,0.));
#10872=DIRECTION('ref_axis',(0.,-0.382683432365092,-0.923879532511286));
#10873=DIRECTION('',(-1.,0.,0.));
#10874=DIRECTION('center_axis',(0.,-0.707106781186548,0.707106781186548));
#10875=DIRECTION('ref_axis',(-0.707106781186547,-0.5,-0.500000000000001));
#10876=DIRECTION('',(0.,-0.707106781186548,0.707106781186548));
#10877=DIRECTION('center_axis',(0.,0.,-1.));
#10878=DIRECTION('ref_axis',(1.,0.,0.));
#10879=DIRECTION('',(1.,0.,0.));
#10880=DIRECTION('',(0.,-1.,0.));
#10881=DIRECTION('center_axis',(0.,0.,-1.));
#10882=DIRECTION('ref_axis',(1.,0.,0.));
#10883=DIRECTION('center_axis',(0.,0.,-1.));
#10884=DIRECTION('ref_axis',(1.,0.,0.));
#10885=DIRECTION('',(-1.,0.,0.));
#10886=DIRECTION('center_axis',(0.,0.,-1.));
#10887=DIRECTION('ref_axis',(1.,0.,0.));
#10888=DIRECTION('center_axis',(0.,0.,-1.));
#10889=DIRECTION('ref_axis',(1.,0.,0.));
#10890=DIRECTION('',(0.,1.,0.));
#10891=DIRECTION('',(1.,0.,0.));
#10892=DIRECTION('center_axis',(0.,0.,-1.));
#10893=DIRECTION('ref_axis',(1.,0.,0.));
#10894=DIRECTION('',(0.,0.,1.));
#10895=DIRECTION('center_axis',(0.,0.,1.));
#10896=DIRECTION('ref_axis',(1.,0.,0.));
#10897=DIRECTION('center_axis',(0.,0.707106781186548,0.707106781186548));
#10898=DIRECTION('ref_axis',(0.,0.707106781186548,-0.707106781186548));
#10899=DIRECTION('center_axis',(0.,0.707106781186548,0.707106781186548));
#10900=DIRECTION('ref_axis',(0.,0.707106781186548,-0.707106781186548));
#10901=DIRECTION('center_axis',(0.,1.,0.));
#10902=DIRECTION('ref_axis',(1.,0.,0.));
#10903=DIRECTION('center_axis',(0.,0.,1.));
#10904=DIRECTION('ref_axis',(1.,0.,0.));
#10905=DIRECTION('',(0.,1.,0.));
#10906=DIRECTION('center_axis',(0.,0.,-1.));
#10907=DIRECTION('ref_axis',(1.,0.,0.));
#10908=DIRECTION('',(0.,-1.,0.));
#10909=DIRECTION('center_axis',(0.,0.,1.));
#10910=DIRECTION('ref_axis',(1.,0.,0.));
#10911=DIRECTION('center_axis',(0.,0.,-1.));
#10912=DIRECTION('ref_axis',(1.,0.,0.));
#10913=DIRECTION('center_axis',(0.,0.,1.));
#10914=DIRECTION('ref_axis',(1.,0.,0.));
#10915=DIRECTION('',(0.,0.,-1.));
#10916=DIRECTION('center_axis',(0.707106781186547,0.,0.707106781186548));
#10917=DIRECTION('ref_axis',(0.707106781186548,0.,-0.707106781186547));
#10918=DIRECTION('center_axis',(0.,0.,-1.));
#10919=DIRECTION('ref_axis',(1.,0.,0.));
#10920=DIRECTION('center_axis',(0.707106781186547,0.,0.707106781186548));
#10921=DIRECTION('ref_axis',(0.707106781186548,0.,-0.707106781186547));
#10922=DIRECTION('center_axis',(0.,0.,1.));
#10923=DIRECTION('ref_axis',(1.,0.,0.));
#10924=DIRECTION('',(-1.,0.,0.));
#10925=DIRECTION('center_axis',(0.,0.,-1.));
#10926=DIRECTION('ref_axis',(1.,0.,0.));
#10927=DIRECTION('',(0.,1.,0.));
#10928=DIRECTION('center_axis',(0.,0.,1.));
#10929=DIRECTION('ref_axis',(1.,0.,0.));
#10930=DIRECTION('',(0.,1.,0.));
#10931=DIRECTION('center_axis',(0.,0.,1.));
#10932=DIRECTION('ref_axis',(1.,0.,0.));
#10933=DIRECTION('',(0.,-1.,0.));
#10934=DIRECTION('center_axis',(0.,0.,1.));
#10935=DIRECTION('ref_axis',(1.,0.,0.));
#10936=DIRECTION('',(0.,1.,0.));
#10937=DIRECTION('center_axis',(0.,0.,-1.));
#10938=DIRECTION('ref_axis',(1.,0.,0.));
#10939=DIRECTION('',(0.,-1.,0.));
#10940=DIRECTION('center_axis',(0.,0.,1.));
#10941=DIRECTION('ref_axis',(1.,0.,0.));
#10942=DIRECTION('center_axis',(0.,0.,-1.));
#10943=DIRECTION('ref_axis',(1.,0.,0.));
#10944=DIRECTION('center_axis',(0.,0.,1.));
#10945=DIRECTION('ref_axis',(1.,0.,0.));
#10946=DIRECTION('',(0.,0.,-1.));
#10947=DIRECTION('center_axis',(0.,0.,-1.));
#10948=DIRECTION('ref_axis',(1.,0.,0.));
#10949=DIRECTION('center_axis',(-0.707106781186547,0.,0.707106781186548));
#10950=DIRECTION('ref_axis',(0.707106781186548,0.,0.707106781186547));
#10951=DIRECTION('center_axis',(0.,0.,1.));
#10952=DIRECTION('ref_axis',(1.,0.,0.));
#10953=DIRECTION('',(0.,-1.,0.));
#10954=DIRECTION('center_axis',(0.,0.,-1.));
#10955=DIRECTION('ref_axis',(1.,0.,0.));
#10956=DIRECTION('',(-1.,0.,0.));
#10957=DIRECTION('center_axis',(0.,0.,1.));
#10958=DIRECTION('ref_axis',(1.,0.,0.));
#10959=DIRECTION('',(0.,1.,0.));
#10960=DIRECTION('center_axis',(0.,0.,1.));
#10961=DIRECTION('ref_axis',(1.,0.,0.));
#10962=DIRECTION('',(0.,-1.,0.));
#10963=DIRECTION('center_axis',(1.,0.,0.));
#10964=DIRECTION('ref_axis',(0.,1.,0.));
#10965=DIRECTION('center_axis',(1.,0.,0.));
#10966=DIRECTION('ref_axis',(0.,1.,0.));
#10967=DIRECTION('',(0.,-1.,0.));
#10968=DIRECTION('center_axis',(1.,0.,0.));
#10969=DIRECTION('ref_axis',(0.,1.,0.));
#10970=DIRECTION('center_axis',(1.,0.,0.));
#10971=DIRECTION('ref_axis',(0.,1.,0.));
#10972=DIRECTION('center_axis',(1.,0.,0.));
#10973=DIRECTION('ref_axis',(0.,1.,0.));
#10974=DIRECTION('',(0.,1.,0.));
#10975=DIRECTION('center_axis',(-1.,0.,0.));
#10976=DIRECTION('ref_axis',(0.,1.,0.));
#10977=DIRECTION('center_axis',(0.,0.,-1.));
#10978=DIRECTION('ref_axis',(1.,0.,0.));
#10979=DIRECTION('center_axis',(0.707106781186546,0.,0.707106781186549));
#10980=DIRECTION('ref_axis',(0.707106781186549,0.,-0.707106781186546));
#10981=DIRECTION('center_axis',(-0.707106781186546,0.,0.707106781186549));
#10982=DIRECTION('ref_axis',(0.707106781186549,0.,0.707106781186546));
#10983=DIRECTION('center_axis',(0.,0.,-1.));
#10984=DIRECTION('ref_axis',(1.,0.,0.));
#10985=DIRECTION('center_axis',(-0.707106781186546,0.,0.707106781186549));
#10986=DIRECTION('ref_axis',(0.707106781186549,0.,0.707106781186546));
#10987=DIRECTION('center_axis',(0.707106781186546,0.,0.707106781186549));
#10988=DIRECTION('ref_axis',(0.707106781186549,0.,-0.707106781186546));
#10989=DIRECTION('center_axis',(1.,0.,0.));
#10990=DIRECTION('ref_axis',(0.,1.,0.));
#10991=DIRECTION('center_axis',(1.,0.,0.));
#10992=DIRECTION('ref_axis',(0.,1.,0.));
#10993=DIRECTION('',(0.,-1.,0.));
#10994=DIRECTION('center_axis',(1.,0.,0.));
#10995=DIRECTION('ref_axis',(0.,1.,0.));
#10996=DIRECTION('center_axis',(-1.,0.,0.));
#10997=DIRECTION('ref_axis',(0.,1.,0.));
#10998=DIRECTION('center_axis',(-1.,0.,0.));
#10999=DIRECTION('ref_axis',(0.,1.,0.));
#11000=DIRECTION('',(0.,1.,0.));
#11001=DIRECTION('center_axis',(-1.,0.,0.));
#11002=DIRECTION('ref_axis',(0.,1.,0.));
#11003=DIRECTION('center_axis',(-1.,0.,0.));
#11004=DIRECTION('ref_axis',(0.,1.,0.));
#11005=DIRECTION('',(-1.,0.,0.));
#11006=DIRECTION('',(-1.,0.,0.));
#11007=DIRECTION('center_axis',(-1.,0.,0.));
#11008=DIRECTION('ref_axis',(0.,1.,0.));
#11009=DIRECTION('center_axis',(1.,0.,0.));
#11010=DIRECTION('ref_axis',(0.,1.,0.));
#11011=DIRECTION('center_axis',(0.,0.,-1.));
#11012=DIRECTION('ref_axis',(1.,0.,0.));
#11013=DIRECTION('center_axis',(0.707106781186546,0.,0.707106781186549));
#11014=DIRECTION('ref_axis',(0.707106781186549,0.,-0.707106781186546));
#11015=DIRECTION('center_axis',(-0.707106781186546,0.,0.707106781186549));
#11016=DIRECTION('ref_axis',(0.707106781186549,0.,0.707106781186546));
#11017=DIRECTION('center_axis',(0.,0.,-1.));
#11018=DIRECTION('ref_axis',(1.,0.,0.));
#11019=DIRECTION('center_axis',(-0.707106781186546,0.,0.707106781186549));
#11020=DIRECTION('ref_axis',(0.707106781186549,0.,0.707106781186546));
#11021=DIRECTION('center_axis',(0.707106781186546,0.,0.707106781186549));
#11022=DIRECTION('ref_axis',(0.707106781186549,0.,-0.707106781186546));
#11023=DIRECTION('center_axis',(0.,0.,1.));
#11024=DIRECTION('ref_axis',(1.,0.,0.));
#11025=DIRECTION('center_axis',(0.,0.,-1.));
#11026=DIRECTION('ref_axis',(1.,0.,0.));
#11027=DIRECTION('center_axis',(0.,0.,1.));
#11028=DIRECTION('ref_axis',(1.,0.,0.));
#11029=DIRECTION('',(0.,-1.,0.));
#11030=DIRECTION('',(0.,1.,0.));
#11031=DIRECTION('center_axis',(0.,0.,-1.));
#11032=DIRECTION('ref_axis',(1.,0.,0.));
#11033=DIRECTION('center_axis',(0.,0.,1.));
#11034=DIRECTION('ref_axis',(1.,0.,0.));
#11035=DIRECTION('center_axis',(0.,0.,-1.));
#11036=DIRECTION('ref_axis',(1.,0.,0.));
#11037=DIRECTION('center_axis',(0.,0.,1.));
#11038=DIRECTION('ref_axis',(1.,0.,0.));
#11039=DIRECTION('',(0.,-1.,0.));
#11040=DIRECTION('',(0.,1.,0.));
#11041=DIRECTION('center_axis',(0.,0.,-1.));
#11042=DIRECTION('ref_axis',(1.,0.,0.));
#11043=DIRECTION('center_axis',(1.,0.,0.));
#11044=DIRECTION('ref_axis',(0.,1.,0.));
#11045=DIRECTION('center_axis',(1.,0.,0.));
#11046=DIRECTION('ref_axis',(0.,1.,0.));
#11047=DIRECTION('center_axis',(0.,0.,-1.));
#11048=DIRECTION('ref_axis',(1.,0.,0.));
#11049=DIRECTION('center_axis',(0.707106781186546,0.,-0.707106781186549));
#11050=DIRECTION('ref_axis',(0.707106781186549,0.,0.707106781186546));
#11051=DIRECTION('center_axis',(-0.707106781186546,0.,-0.707106781186549));
#11052=DIRECTION('ref_axis',(0.707106781186549,0.,-0.707106781186546));
#11053=DIRECTION('center_axis',(0.,0.,-1.));
#11054=DIRECTION('ref_axis',(1.,0.,0.));
#11055=DIRECTION('center_axis',(-0.707106781186546,0.,-0.707106781186549));
#11056=DIRECTION('ref_axis',(0.707106781186549,0.,-0.707106781186546));
#11057=DIRECTION('center_axis',(0.707106781186546,0.,-0.707106781186549));
#11058=DIRECTION('ref_axis',(0.707106781186549,0.,0.707106781186546));
#11059=DIRECTION('center_axis',(1.,0.,0.));
#11060=DIRECTION('ref_axis',(0.,1.,0.));
#11061=DIRECTION('center_axis',(-1.,0.,0.));
#11062=DIRECTION('ref_axis',(0.,1.,0.));
#11063=DIRECTION('center_axis',(1.,0.,0.));
#11064=DIRECTION('ref_axis',(0.,1.,0.));
#11065=DIRECTION('center_axis',(1.,0.,0.));
#11066=DIRECTION('ref_axis',(0.,1.,0.));
#11067=DIRECTION('center_axis',(0.,0.,-1.));
#11068=DIRECTION('ref_axis',(1.,0.,0.));
#11069=DIRECTION('center_axis',(0.707106781186546,0.,-0.707106781186549));
#11070=DIRECTION('ref_axis',(0.707106781186549,0.,0.707106781186546));
#11071=DIRECTION('center_axis',(-0.707106781186546,0.,-0.707106781186549));
#11072=DIRECTION('ref_axis',(0.707106781186549,0.,-0.707106781186546));
#11073=DIRECTION('center_axis',(0.,0.,-1.));
#11074=DIRECTION('ref_axis',(1.,0.,0.));
#11075=DIRECTION('center_axis',(-0.707106781186546,0.,-0.707106781186549));
#11076=DIRECTION('ref_axis',(0.707106781186549,0.,-0.707106781186546));
#11077=DIRECTION('center_axis',(0.707106781186546,0.,-0.707106781186549));
#11078=DIRECTION('ref_axis',(0.707106781186549,0.,0.707106781186546));
#11079=DIRECTION('center_axis',(1.,0.,0.));
#11080=DIRECTION('ref_axis',(0.,1.,0.));
#11081=DIRECTION('center_axis',(-1.,0.,0.));
#11082=DIRECTION('ref_axis',(0.,1.,0.));
#11083=DIRECTION('center_axis',(0.,0.,-1.));
#11084=DIRECTION('ref_axis',(1.,0.,0.));
#11085=DIRECTION('center_axis',(0.707106781186548,0.,-0.707106781186548));
#11086=DIRECTION('ref_axis',(0.707106781186547,0.,0.707106781186547));
#11087=DIRECTION('',(0.,0.,-1.));
#11088=DIRECTION('center_axis',(0.,0.,-1.));
#11089=DIRECTION('ref_axis',(1.,0.,0.));
#11090=DIRECTION('',(0.,0.,1.));
#11091=DIRECTION('center_axis',(0.,-0.707106781186547,-0.707106781186548));
#11092=DIRECTION('ref_axis',(0.,-0.707106781186548,0.707106781186547));
#11093=DIRECTION('center_axis',(0.,0.,-1.));
#11094=DIRECTION('ref_axis',(1.,0.,0.));
#11095=DIRECTION('center_axis',(0.,-0.707106781186547,-0.707106781186548));
#11096=DIRECTION('ref_axis',(0.,-0.707106781186548,0.707106781186547));
#11097=DIRECTION('',(0.,0.,-1.));
#11098=DIRECTION('center_axis',(0.,0.,-1.));
#11099=DIRECTION('ref_axis',(1.,0.,0.));
#11100=DIRECTION('',(0.,0.,1.));
#11101=DIRECTION('center_axis',(-0.707106781186547,0.,-0.707106781186548));
#11102=DIRECTION('ref_axis',(0.707106781186548,0.,-0.707106781186547));
#11103=DIRECTION('center_axis',(-1.,0.,0.));
#11104=DIRECTION('ref_axis',(0.,1.,0.));
#11105=DIRECTION('center_axis',(-1.,0.,0.));
#11106=DIRECTION('ref_axis',(0.,1.,0.));
#11107=DIRECTION('center_axis',(-1.,0.,0.));
#11108=DIRECTION('ref_axis',(0.,-1.,1.22464679914735E-16));
#11109=DIRECTION('center_axis',(-1.,0.,0.));
#11110=DIRECTION('ref_axis',(0.,-1.,-1.22464679914735E-16));
#11111=DIRECTION('center_axis',(-1.,0.,0.));
#11112=DIRECTION('ref_axis',(0.,1.,0.));
#11113=DIRECTION('',(0.,1.,0.));
#11114=DIRECTION('',(0.,0.,-1.));
#11115=DIRECTION('',(0.,1.,0.));
#11116=DIRECTION('center_axis',(-1.,0.,0.));
#11117=DIRECTION('ref_axis',(0.,1.,0.));
#11118=DIRECTION('center_axis',(-1.,0.,0.));
#11119=DIRECTION('ref_axis',(0.,1.,0.));
#11120=DIRECTION('center_axis',(-1.,0.,0.));
#11121=DIRECTION('ref_axis',(0.,-1.,1.22464679914735E-16));
#11122=DIRECTION('center_axis',(-1.,0.,0.));
#11123=DIRECTION('ref_axis',(0.,-1.,-1.22464679914735E-16));
#11124=DIRECTION('center_axis',(1.,0.,0.));
#11125=DIRECTION('ref_axis',(0.,-1.,0.));
#11126=DIRECTION('',(0.,-1.,0.));
#11127=DIRECTION('',(0.,0.,-1.));
#11128=DIRECTION('',(0.,-1.,0.));
#11129=DIRECTION('center_axis',(0.,0.,-1.));
#11130=DIRECTION('ref_axis',(1.,0.,0.));
#11131=DIRECTION('',(-1.,0.,0.));
#11132=DIRECTION('',(1.,0.,0.));
#11133=DIRECTION('center_axis',(0.,1.,0.));
#11134=DIRECTION('ref_axis',(1.,0.,0.));
#11135=DIRECTION('',(1.,0.,0.));
#11136=DIRECTION('center_axis',(0.707106781186547,0.,0.707106781186548));
#11137=DIRECTION('ref_axis',(0.707106781186548,0.,-0.707106781186547));
#11138=DIRECTION('',(0.707106781186548,0.,-0.707106781186547));
#11139=DIRECTION('center_axis',(0.,0.707106781186547,0.707106781186548));
#11140=DIRECTION('ref_axis',(1.,0.,0.));
#11141=DIRECTION('center_axis',(-0.707106781186548,0.,0.707106781186548));
#11142=DIRECTION('ref_axis',(0.707106781186548,0.,0.707106781186548));
#11143=DIRECTION('',(0.707106781186548,0.,0.707106781186548));
#11144=DIRECTION('center_axis',(0.,-1.,0.));
#11145=DIRECTION('ref_axis',(-1.,0.,0.));
#11146=DIRECTION('center_axis',(0.,0.,-1.));
#11147=DIRECTION('ref_axis',(-1.,0.,0.));
#11148=DIRECTION('center_axis',(0.555570233019591,0.831469612302553,0.));
#11149=DIRECTION('ref_axis',(0.831469612302553,-0.555570233019591,0.));
#11150=DIRECTION('center_axis',(0.,0.,-1.));
#11151=DIRECTION('ref_axis',(-0.232696241318781,0.972549463665531,0.));
#11152=DIRECTION('center_axis',(-0.871742164992043,0.489964894431209,0.));
#11153=DIRECTION('ref_axis',(0.,0.,-1.));
#11154=DIRECTION('center_axis',(0.,0.,1.));
#11155=DIRECTION('ref_axis',(-0.232696241318781,0.972549463665531,0.));
#11156=DIRECTION('center_axis',(0.,0.,1.));
#11157=DIRECTION('ref_axis',(1.,0.,0.));
#11158=DIRECTION('center_axis',(-0.891704918552211,0.452617209383155,0.));
#11159=DIRECTION('ref_axis',(0.,0.,-1.));
#11160=DIRECTION('center_axis',(0.,0.,-1.));
#11161=DIRECTION('ref_axis',(-0.471396736825998,-0.881921264348355,0.));
#11162=DIRECTION('center_axis',(0.,0.,1.));
#11163=DIRECTION('ref_axis',(-0.471396736825998,-0.881921264348355,0.));
#11164=DIRECTION('center_axis',(0.,0.,-1.));
#11165=DIRECTION('ref_axis',(0.937924430511292,0.346839678598151,0.));
#11166=DIRECTION('center_axis',(0.382683432365077,0.923879532511292,0.));
#11167=DIRECTION('ref_axis',(0.,0.,-1.));
#11168=DIRECTION('center_axis',(0.,0.,1.));
#11169=DIRECTION('ref_axis',(0.937924430511293,0.346839678598148,0.));
#11170=DIRECTION('center_axis',(0.,0.,-1.));
#11171=DIRECTION('ref_axis',(0.937924430511293,0.346839678598148,0.));
#11172=DIRECTION('center_axis',(-0.382683432365089,-0.923879532511287,0.));
#11173=DIRECTION('ref_axis',(-0.653281482438178,0.270598050073107,-0.707106781186554));
#11174=DIRECTION('center_axis',(0.382683432365084,0.923879532511289,0.));
#11175=DIRECTION('ref_axis',(0.,0.,-1.));
#11176=DIRECTION('',(0.382683432365089,0.923879532511287,0.));
#11177=DIRECTION('',(-0.382683432365089,-0.923879532511287,0.));
#11178=DIRECTION('center_axis',(0.,0.,-1.));
#11179=DIRECTION('ref_axis',(-1.,0.,0.));
#11180=DIRECTION('center_axis',(0.904608436012342,-0.426243565928338,-1.10908246663755E-14));
#11181=DIRECTION('ref_axis',(4.44606680360706E-7,9.43580142908671E-7,-0.999999999999456));
#11182=DIRECTION('center_axis',(0.,0.,1.));
#11183=DIRECTION('ref_axis',(0.36057151324986,-0.932731571156839,0.));
#11184=DIRECTION('center_axis',(0.,0.,-1.));
#11185=DIRECTION('ref_axis',(0.36057151324986,-0.932731571156839,0.));
#11186=DIRECTION('center_axis',(0.,0.,-1.));
#11187=DIRECTION('ref_axis',(-1.,0.,0.));
#11188=DIRECTION('center_axis',(-0.555570233019594,-0.831469612302551,0.));
#11189=DIRECTION('ref_axis',(0.,0.,-1.));
#11190=DIRECTION('center_axis',(0.,0.,1.));
#11191=DIRECTION('ref_axis',(-0.975860757488571,-0.218393640003164,0.));
#11192=DIRECTION('center_axis',(0.856982092095765,-0.51534618833088,0.));
#11193=DIRECTION('ref_axis',(0.,0.,-1.));
#11194=DIRECTION('center_axis',(0.,0.,-1.));
#11195=DIRECTION('ref_axis',(-0.975860757488571,-0.218393640003164,0.));
#11196=DIRECTION('center_axis',(0.555570233019603,0.831469612302545,0.));
#11197=DIRECTION('ref_axis',(0.587937801209668,-0.392847479193553,-0.707106781186556));
#11198=DIRECTION('',(-0.555570233019603,-0.831469612302545,0.));
#11199=DIRECTION('',(0.555570233019603,0.831469612302545,0.));
#11200=DIRECTION('center_axis',(0.,0.,1.));
#11201=DIRECTION('ref_axis',(1.,0.,0.));
#11202=DIRECTION('center_axis',(0.,0.,1.));
#11203=DIRECTION('ref_axis',(1.,0.,0.));
#11204=DIRECTION('center_axis',(0.,0.,-1.));
#11205=DIRECTION('ref_axis',(-0.0238162780274463,-0.999716352222429,0.));
#11206=DIRECTION('',(-0.707106781186548,-0.707106781186548,0.));
#11207=DIRECTION('center_axis',(0.,0.,-1.));
#11208=DIRECTION('ref_axis',(0.999258983078032,-0.0384900602475288,0.));
#11209=DIRECTION('center_axis',(0.,0.,1.));
#11210=DIRECTION('ref_axis',(-0.773010453362737,-0.634393284163645,0.));
#11211=DIRECTION('center_axis',(0.,0.,-1.));
#11212=DIRECTION('ref_axis',(0.157195272253614,0.987567540161741,0.));
#11213=DIRECTION('',(0.831469612302545,0.555570233019602,0.));
#11214=DIRECTION('center_axis',(0.,0.,-1.));
#11215=DIRECTION('ref_axis',(-0.985153408187769,0.171676330156558,0.));
#11216=DIRECTION('center_axis',(0.,0.,1.));
#11217=DIRECTION('ref_axis',(1.,0.,0.));
#11218=DIRECTION('center_axis',(0.,0.,-1.));
#11219=DIRECTION('ref_axis',(-0.404578256870139,-0.914503381113444,0.));
#11220=DIRECTION('',(-0.923879532511288,-0.382683432365088,0.));
#11221=DIRECTION('center_axis',(0.,0.,-1.));
#11222=DIRECTION('ref_axis',(0.908465413776381,-0.417960036333749,0.));
#11223=DIRECTION('center_axis',(0.,0.,1.));
#11224=DIRECTION('ref_axis',(-0.956940335732209,-0.290284677254462,0.));
#11225=DIRECTION('center_axis',(0.,0.,-1.));
#11226=DIRECTION('ref_axis',(0.523155230604081,0.852237410990383,0.));
#11227=DIRECTION('',(0.98078528040323,0.195090322016129,0.));
#11228=DIRECTION('center_axis',(0.,0.,-1.));
#11229=DIRECTION('ref_axis',(-0.844465382928256,0.535610135299767,0.));
#11230=DIRECTION('center_axis',(0.,0.,1.));
#11231=DIRECTION('ref_axis',(1.,0.,0.));
#11232=DIRECTION('center_axis',(0.,0.,1.));
#11233=DIRECTION('ref_axis',(1.,0.,0.));
#11234=DIRECTION('center_axis',(0.,0.,-1.));
#11235=DIRECTION('ref_axis',(-0.723746863615376,-0.690065560223742,0.));
#11236=DIRECTION('',(-1.,0.,0.));
#11237=DIRECTION('center_axis',(0.,0.,-1.));
#11238=DIRECTION('ref_axis',(0.67936622048675,-0.73379938570535,0.));
#11239=DIRECTION('center_axis',(0.,0.,1.));
#11240=DIRECTION('ref_axis',(-0.995184726672197,0.0980171403295612,0.));
#11241=DIRECTION('center_axis',(0.,0.,-1.));
#11242=DIRECTION('ref_axis',(0.809469547509078,0.587161861547093,0.));
#11243=DIRECTION('',(0.98078528040323,-0.195090322016128,0.));
#11244=DIRECTION('center_axis',(0.,0.,-1.));
#11245=DIRECTION('ref_axis',(-0.575215158215693,0.818002152661529,0.));
#11246=DIRECTION('center_axis',(0.,0.,1.));
#11247=DIRECTION('ref_axis',(1.,0.,0.));
#11248=DIRECTION('center_axis',(0.,0.,-1.));
#11249=DIRECTION('ref_axis',(-0.932731571156846,-0.360571513249843,0.));
#11250=DIRECTION('',(-0.923879532511286,0.382683432365091,0.));
#11251=DIRECTION('center_axis',(0.,0.,-1.));
#11252=DIRECTION('ref_axis',(0.346839678598147,-0.937924430511294,0.));
#11253=DIRECTION('center_axis',(0.,0.,1.));
#11254=DIRECTION('ref_axis',(-0.881921264348354,0.471396736825999,0.));
#11255=DIRECTION('center_axis',(0.,0.,-1.));
#11256=DIRECTION('ref_axis',(0.972549463665526,0.232696241318799,0.));
#11257=DIRECTION('',(0.831469612302545,-0.555570233019602,0.));
#11258=DIRECTION('center_axis',(0.,0.,-1.));
#11259=DIRECTION('ref_axis',(-0.21839364000316,0.975860757488572,0.));
#11260=DIRECTION('center_axis',(0.,0.,1.));
#11261=DIRECTION('ref_axis',(1.,0.,0.));
#11262=DIRECTION('center_axis',(0.,0.,-1.));
#11263=DIRECTION('ref_axis',(-0.999716352222429,0.023816278027438,0.));
#11264=DIRECTION('',(-0.707106781186548,0.707106781186548,0.));
#11265=DIRECTION('center_axis',(0.,0.,-1.));
#11266=DIRECTION('ref_axis',(-0.0384900602475107,-0.999258983078032,0.));
#11267=DIRECTION('center_axis',(0.,0.,1.));
#11268=DIRECTION('ref_axis',(-0.634393284163646,0.773010453362737,0.));
#11269=DIRECTION('center_axis',(0.,0.,-1.));
#11270=DIRECTION('ref_axis',(0.98756754016174,-0.157195272253619,0.));
#11271=DIRECTION('',(0.555570233019603,-0.831469612302545,0.));
#11272=DIRECTION('center_axis',(0.,0.,-1.));
#11273=DIRECTION('ref_axis',(0.171676330156564,0.985153408187768,0.));
#11274=DIRECTION('center_axis',(0.,0.,1.));
#11275=DIRECTION('ref_axis',(1.,0.,0.));
#11276=DIRECTION('center_axis',(0.,0.,-1.));
#11277=DIRECTION('ref_axis',(-0.914503381113448,0.404578256870129,0.));
#11278=DIRECTION('',(-0.38268343236509,0.923879532511286,0.));
#11279=DIRECTION('center_axis',(0.,0.,-1.));
#11280=DIRECTION('ref_axis',(-0.417960036333759,-0.908465413776376,0.));
#11281=DIRECTION('center_axis',(0.,0.,1.));
#11282=DIRECTION('ref_axis',(-0.290284677254463,0.956940335732209,0.));
#11283=DIRECTION('center_axis',(0.,0.,-1.));
#11284=DIRECTION('ref_axis',(0.852237410990385,-0.523155230604077,0.));
#11285=DIRECTION('',(0.195090322016129,-0.98078528040323,0.));
#11286=DIRECTION('center_axis',(0.,0.,-1.));
#11287=DIRECTION('ref_axis',(0.535610135299765,0.844465382928257,0.));
#11288=DIRECTION('center_axis',(0.,0.,1.));
#11289=DIRECTION('ref_axis',(1.,0.,0.));
#11290=DIRECTION('center_axis',(0.,0.,-1.));
#11291=DIRECTION('ref_axis',(-0.690065560223727,0.72374686361539,0.));
#11292=DIRECTION('',(0.,1.,0.));
#11293=DIRECTION('center_axis',(0.,0.,-1.));
#11294=DIRECTION('ref_axis',(-0.733799385705337,-0.679366220486764,0.));
#11295=DIRECTION('center_axis',(0.,0.,1.));
#11296=DIRECTION('ref_axis',(0.0980171403295613,0.995184726672197,0.));
#11297=DIRECTION('center_axis',(0.,0.,-1.));
#11298=DIRECTION('ref_axis',(0.587161861547101,-0.809469547509073,0.));
#11299=DIRECTION('',(-0.195090322016129,-0.98078528040323,0.));
#11300=DIRECTION('center_axis',(0.,0.,-1.));
#11301=DIRECTION('ref_axis',(0.818002152661532,0.575215158215689,0.));
#11302=DIRECTION('center_axis',(0.,0.,1.));
#11303=DIRECTION('ref_axis',(1.,0.,0.));
#11304=DIRECTION('center_axis',(0.,0.,-1.));
#11305=DIRECTION('ref_axis',(-0.360571513249837,0.932731571156848,0.));
#11306=DIRECTION('',(0.382683432365091,0.923879532511286,0.));
#11307=DIRECTION('center_axis',(0.,0.,-1.));
#11308=DIRECTION('ref_axis',(-0.937924430511293,-0.346839678598149,0.));
#11309=DIRECTION('center_axis',(0.,0.,1.));
#11310=DIRECTION('ref_axis',(0.471396736825999,0.881921264348355,0.));
#11311=DIRECTION('center_axis',(0.,0.,-1.));
#11312=DIRECTION('ref_axis',(0.232696241318807,-0.972549463665525,0.));
#11313=DIRECTION('',(-0.555570233019604,-0.831469612302544,0.));
#11314=DIRECTION('center_axis',(0.,0.,-1.));
#11315=DIRECTION('ref_axis',(0.975860757488571,0.218393640003168,0.));
#11316=DIRECTION('center_axis',(0.,0.,1.));
#11317=DIRECTION('ref_axis',(1.,0.,0.));
#11318=DIRECTION('center_axis',(0.,0.,-1.));
#11319=DIRECTION('ref_axis',(0.0238162780274289,0.999716352222429,0.));
#11320=DIRECTION('',(0.707106781186548,0.707106781186548,0.));
#11321=DIRECTION('center_axis',(0.,0.,-1.));
#11322=DIRECTION('ref_axis',(-0.999258983078032,0.0384900602475288,0.));
#11323=DIRECTION('center_axis',(0.,0.,1.));
#11324=DIRECTION('ref_axis',(0.773010453362737,0.634393284163646,0.));
#11325=DIRECTION('center_axis',(0.,0.,-1.));
#11326=DIRECTION('ref_axis',(-0.157195272253632,-0.987567540161738,0.));
#11327=DIRECTION('',(-0.831469612302545,-0.555570233019602,0.));
#11328=DIRECTION('center_axis',(0.,0.,-1.));
#11329=DIRECTION('ref_axis',(0.985153408187769,-0.171676330156556,0.));
#11330=DIRECTION('center_axis',(0.,0.,1.));
#11331=DIRECTION('ref_axis',(1.,0.,0.));
#11332=DIRECTION('center_axis',(0.,0.,-1.));
#11333=DIRECTION('ref_axis',(0.404578256870117,0.914503381113453,0.));
#11334=DIRECTION('',(0.923879532511287,0.382683432365089,0.));
#11335=DIRECTION('center_axis',(0.,0.,-1.));
#11336=DIRECTION('ref_axis',(-0.908465413776375,0.417960036333762,0.));
#11337=DIRECTION('center_axis',(0.,0.,1.));
#11338=DIRECTION('ref_axis',(0.956940335732209,0.290284677254463,0.));
#11339=DIRECTION('center_axis',(0.,0.,-1.));
#11340=DIRECTION('ref_axis',(-0.523155230604081,-0.852237410990383,0.));
#11341=DIRECTION('',(-0.98078528040323,-0.195090322016129,0.));
#11342=DIRECTION('center_axis',(0.,0.,-1.));
#11343=DIRECTION('ref_axis',(0.844465382928256,-0.535610135299767,0.));
#11344=DIRECTION('center_axis',(0.,0.,1.));
#11345=DIRECTION('ref_axis',(1.,0.,0.));
#11346=DIRECTION('center_axis',(0.,0.,-1.));
#11347=DIRECTION('ref_axis',(0.723746863615385,0.690065560223732,0.));
#11348=DIRECTION('',(1.,0.,0.));
#11349=DIRECTION('center_axis',(0.,0.,-1.));
#11350=DIRECTION('ref_axis',(-0.679366220486745,0.733799385705354,0.));
#11351=DIRECTION('center_axis',(0.,0.,1.));
#11352=DIRECTION('ref_axis',(0.995184726672197,-0.0980171403295605,0.));
#11353=DIRECTION('center_axis',(0.,0.,-1.));
#11354=DIRECTION('ref_axis',(-0.809469547509084,-0.587161861547085,0.));
#11355=DIRECTION('',(-0.98078528040323,0.195090322016128,0.));
#11356=DIRECTION('center_axis',(0.,0.,-1.));
#11357=DIRECTION('ref_axis',(0.575215158215681,-0.818002152661537,0.));
#11358=DIRECTION('center_axis',(0.,0.,1.));
#11359=DIRECTION('ref_axis',(1.,0.,0.));
#11360=DIRECTION('center_axis',(0.,0.,-1.));
#11361=DIRECTION('ref_axis',(0.932731571156846,0.360571513249843,0.));
#11362=DIRECTION('',(0.923879532511286,-0.382683432365091,0.));
#11363=DIRECTION('center_axis',(0.,0.,-1.));
#11364=DIRECTION('ref_axis',(-0.346839678598147,0.937924430511294,0.));
#11365=DIRECTION('center_axis',(0.,0.,1.));
#11366=DIRECTION('ref_axis',(0.881921264348355,-0.471396736825998,0.));
#11367=DIRECTION('center_axis',(0.,0.,-1.));
#11368=DIRECTION('ref_axis',(-0.972549463665525,-0.232696241318804,0.));
#11369=DIRECTION('',(-0.831469612302546,0.555570233019601,0.));
#11370=DIRECTION('center_axis',(0.,0.,-1.));
#11371=DIRECTION('ref_axis',(0.218393640003157,-0.975860757488573,0.));
#11372=DIRECTION('center_axis',(0.,0.,1.));
#11373=DIRECTION('ref_axis',(1.,0.,0.));
#11374=DIRECTION('center_axis',(0.,0.,-1.));
#11375=DIRECTION('ref_axis',(0.999716352222429,-0.0238162780274473,0.));
#11376=DIRECTION('',(0.707106781186548,-0.707106781186548,0.));
#11377=DIRECTION('center_axis',(0.,0.,-1.));
#11378=DIRECTION('ref_axis',(0.0384900602475117,0.999258983078032,0.));
#11379=DIRECTION('center_axis',(0.,0.,1.));
#11380=DIRECTION('ref_axis',(0.634393284163643,-0.773010453362739,0.));
#11381=DIRECTION('center_axis',(0.,0.,-1.));
#11382=DIRECTION('ref_axis',(-0.987567540161741,0.157195272253613,0.));
#11383=DIRECTION('',(-0.555570233019602,0.831469612302545,0.));
#11384=DIRECTION('center_axis',(0.,0.,-1.));
#11385=DIRECTION('ref_axis',(-0.171676330156567,-0.985153408187767,0.));
#11386=DIRECTION('center_axis',(0.,0.,1.));
#11387=DIRECTION('ref_axis',(1.,0.,0.));
#11388=DIRECTION('center_axis',(0.,0.,-1.));
#11389=DIRECTION('ref_axis',(0.914503381113448,-0.404578256870128,0.));
#11390=DIRECTION('',(0.38268343236509,-0.923879532511287,0.));
#11391=DIRECTION('center_axis',(0.,0.,-1.));
#11392=DIRECTION('ref_axis',(0.417960036333762,0.908465413776375,0.));
#11393=DIRECTION('center_axis',(0.,0.,1.));
#11394=DIRECTION('ref_axis',(0.290284677254462,-0.956940335732209,0.));
#11395=DIRECTION('center_axis',(0.,0.,-1.));
#11396=DIRECTION('ref_axis',(-0.852237410990378,0.52315523060409,0.));
#11397=DIRECTION('',(-0.195090322016129,0.98078528040323,0.));
#11398=DIRECTION('center_axis',(0.,0.,-1.));
#11399=DIRECTION('ref_axis',(-0.535610135299767,-0.844465382928256,0.));
#11400=DIRECTION('center_axis',(0.,0.,1.));
#11401=DIRECTION('ref_axis',(1.,0.,0.));
#11402=DIRECTION('center_axis',(0.,0.,-1.));
#11403=DIRECTION('ref_axis',(0.690065560223732,-0.723746863615385,0.));
#11404=DIRECTION('',(0.,-1.,0.));
#11405=DIRECTION('center_axis',(0.,0.,-1.));
#11406=DIRECTION('ref_axis',(0.733799385705345,0.679366220486755,0.));
#11407=DIRECTION('center_axis',(0.,0.,1.));
#11408=DIRECTION('ref_axis',(-0.0980171403295625,-0.995184726672197,0.));
#11409=DIRECTION('center_axis',(0.,0.,-1.));
#11410=DIRECTION('ref_axis',(-0.587161861547086,0.809469547509084,0.));
#11411=DIRECTION('',(0.195090322016129,0.98078528040323,0.));
#11412=DIRECTION('center_axis',(0.,0.,-1.));
#11413=DIRECTION('ref_axis',(-0.818002152661536,-0.575215158215683,0.));
#11414=DIRECTION('center_axis',(0.,0.,1.));
#11415=DIRECTION('ref_axis',(1.,0.,0.));
#11416=DIRECTION('center_axis',(0.,0.,-1.));
#11417=DIRECTION('ref_axis',(1.,0.,0.));
#11418=DIRECTION('center_axis',(0.,0.,1.));
#11419=DIRECTION('ref_axis',(-0.515346188330874,-0.856982092095768,0.));
#11420=DIRECTION('center_axis',(0.,0.,1.));
#11421=DIRECTION('ref_axis',(-0.471396736825997,-0.881921264348356,0.));
#11422=DIRECTION('',(0.,0.,1.));
#11423=DIRECTION('center_axis',(0.,0.,-1.));
#11424=DIRECTION('ref_axis',(-0.515346188330874,-0.856982092095768,0.));
#11425=DIRECTION('',(0.,0.,1.));
#11426=DIRECTION('center_axis',(0.,0.,1.));
#11427=DIRECTION('ref_axis',(-0.831469612302548,0.555570233019598,0.));
#11428=DIRECTION('',(0.,0.,1.));
#11429=DIRECTION('center_axis',(0.,0.,-1.));
#11430=DIRECTION('ref_axis',(-0.831469612302548,0.555570233019598,0.));
#11431=DIRECTION('center_axis',(0.831469612302545,-0.555570233019603,0.));
#11432=DIRECTION('ref_axis',(0.555570233019603,0.831469612302545,0.));
#11433=DIRECTION('',(0.,0.,1.));
#11434=DIRECTION('',(0.555570233019603,0.831469612302545,0.));
#11435=DIRECTION('center_axis',(0.,0.,1.));
#11436=DIRECTION('ref_axis',(0.489964894431204,0.871742164992045,0.));
#11437=DIRECTION('',(0.,0.,1.));
#11438=DIRECTION('center_axis',(0.,0.,-1.));
#11439=DIRECTION('ref_axis',(0.489964894431204,0.871742164992045,0.));
#11440=DIRECTION('center_axis',(0.,0.,-1.));
#11441=DIRECTION('ref_axis',(-1.,0.,0.));
#11442=DIRECTION('center_axis',(-0.831469612302548,0.555570233019599,0.));
#11443=DIRECTION('ref_axis',(0.555570233019599,0.831469612302548,0.));
#11444=DIRECTION('center_axis',(-0.489964894431188,-0.871742164992055,0.));
#11445=DIRECTION('ref_axis',(0.,0.,-1.));
#11446=DIRECTION('center_axis',(0.,0.,1.));
#11447=DIRECTION('ref_axis',(-0.972549463665525,-0.232696241318804,0.));
#11448=DIRECTION('center_axis',(0.,0.,1.));
#11449=DIRECTION('ref_axis',(1.,0.,0.));
#11450=DIRECTION('center_axis',(-0.452617209383155,-0.891704918552211,0.));
#11451=DIRECTION('ref_axis',(0.,0.,-1.));
#11452=DIRECTION('center_axis',(0.,0.,-1.));
#11453=DIRECTION('ref_axis',(0.881921264348355,-0.471396736825998,0.));
#11454=DIRECTION('center_axis',(0.,0.,-1.));
#11455=DIRECTION('ref_axis',(-1.,0.,0.));
#11456=DIRECTION('center_axis',(-0.923879532511283,0.382683432365099,0.));
#11457=DIRECTION('ref_axis',(0.,0.,-1.));
#11458=DIRECTION('center_axis',(0.,0.,1.));
#11459=DIRECTION('ref_axis',(-0.346839678598147,0.937924430511294,0.));
#11460=DIRECTION('center_axis',(0.923879532511287,-0.382683432365091,0.));
#11461=DIRECTION('ref_axis',(-0.270598050073105,-0.653281482438186,-0.707106781186548));
#11462=DIRECTION('center_axis',(-0.923879532511284,0.382683432365096,0.));
#11463=DIRECTION('ref_axis',(0.,0.,-1.));
#11464=DIRECTION('',(-0.923879532511286,0.382683432365091,0.));
#11465=DIRECTION('center_axis',(0.,0.,-1.));
#11466=DIRECTION('ref_axis',(0.932731571156848,0.360571513249837,0.));
#11467=DIRECTION('center_axis',(0.426243565928334,0.904608436012343,-7.00451910498473E-16));
#11468=DIRECTION('ref_axis',(-9.43580156231347E-7,4.44606698124275E-7,-0.999999999999456));
#11469=DIRECTION('center_axis',(0.,0.,1.));
#11470=DIRECTION('ref_axis',(0.932731571156846,0.360571513249844,0.));
#11471=DIRECTION('center_axis',(0.,0.,-1.));
#11472=DIRECTION('ref_axis',(-1.,0.,0.));
#11473=DIRECTION('center_axis',(0.831469612302559,-0.555570233019582,0.));
#11474=DIRECTION('ref_axis',(0.,0.,-1.));
#11475=DIRECTION('center_axis',(0.,0.,1.));
#11476=DIRECTION('ref_axis',(0.218393640003157,-0.975860757488573,0.));
#11477=DIRECTION('center_axis',(0.515346188330877,0.856982092095766,0.));
#11478=DIRECTION('ref_axis',(0.,0.,-1.));
#11479=DIRECTION('center_axis',(-0.831469612302546,0.555570233019601,0.));
#11480=DIRECTION('ref_axis',(0.392847479193557,0.587937801209682,-0.707106781186542));
#11481=DIRECTION('',(0.831469612302546,-0.555570233019601,0.));
#11482=DIRECTION('center_axis',(0.,0.,1.));
#11483=DIRECTION('ref_axis',(0.856982092095768,-0.515346188330874,0.));
#11484=DIRECTION('center_axis',(0.,0.,1.));
#11485=DIRECTION('ref_axis',(0.881921264348354,-0.471396736825999,0.));
#11486=DIRECTION('',(0.,0.,1.));
#11487=DIRECTION('center_axis',(0.,0.,-1.));
#11488=DIRECTION('ref_axis',(0.856982092095768,-0.515346188330874,0.));
#11489=DIRECTION('',(0.,0.,1.));
#11490=DIRECTION('center_axis',(0.,0.,1.));
#11491=DIRECTION('ref_axis',(-0.555570233019588,-0.831469612302555,0.));
#11492=DIRECTION('',(0.,0.,1.));
#11493=DIRECTION('center_axis',(0.,0.,-1.));
#11494=DIRECTION('ref_axis',(-0.555570233019588,-0.831469612302555,0.));
#11495=DIRECTION('center_axis',(0.555570233019601,0.831469612302546,0.));
#11496=DIRECTION('ref_axis',(-0.831469612302546,0.555570233019601,0.));
#11497=DIRECTION('',(0.,0.,1.));
#11498=DIRECTION('',(-0.831469612302546,0.555570233019601,0.));
#11499=DIRECTION('center_axis',(0.,0.,1.));
#11500=DIRECTION('ref_axis',(-0.871742164992055,0.489964894431188,0.));
#11501=DIRECTION('',(0.,0.,1.));
#11502=DIRECTION('center_axis',(0.,0.,-1.));
#11503=DIRECTION('ref_axis',(-0.871742164992055,0.489964894431188,0.));
#11504=DIRECTION('center_axis',(0.,0.,-1.));
#11505=DIRECTION('ref_axis',(-1.,0.,0.));
#11506=DIRECTION('center_axis',(0.98078528040323,0.19509032201613,0.));
#11507=DIRECTION('ref_axis',(0.19509032201613,-0.98078528040323,0.));
#11508=DIRECTION('center_axis',(-0.26995729691647,0.962872295707771,0.));
#11509=DIRECTION('ref_axis',(0.,0.,-1.));
#11510=DIRECTION('center_axis',(0.,0.,1.));
#11511=DIRECTION('ref_axis',(0.523155230604081,0.852237410990383,0.));
#11512=DIRECTION('center_axis',(0.,0.,1.));
#11513=DIRECTION('ref_axis',(1.,0.,0.));
#11514=DIRECTION('center_axis',(-0.310481896689109,0.950579292762226,0.));
#11515=DIRECTION('ref_axis',(0.,0.,-1.));
#11516=DIRECTION('center_axis',(0.,0.,-1.));
#11517=DIRECTION('ref_axis',(-0.956940335732209,-0.290284677254462,0.));
#11518=DIRECTION('center_axis',(0.,0.,-1.));
#11519=DIRECTION('ref_axis',(0.908465413776383,-0.417960036333744,0.));
#11520=DIRECTION('center_axis',(0.923879532511274,0.38268343236512,0.));
#11521=DIRECTION('ref_axis',(0.,0.,-1.));
#11522=DIRECTION('center_axis',(0.,0.,1.));
#11523=DIRECTION('ref_axis',(0.908465413776381,-0.417960036333749,0.));
#11524=DIRECTION('center_axis',(-0.923879532511288,-0.382683432365088,0.));
#11525=DIRECTION('ref_axis',(-0.270598050073105,0.653281482438186,-0.707106781186548));
#11526=DIRECTION('center_axis',(0.923879532511289,0.382683432365084,0.));
#11527=DIRECTION('ref_axis',(0.,0.,-1.));
#11528=DIRECTION('',(0.923879532511288,0.382683432365088,0.));
#11529=DIRECTION('center_axis',(0.,0.,-1.));
#11530=DIRECTION('ref_axis',(-1.,0.,0.));
#11531=DIRECTION('center_axis',(0.338255043517853,-0.941054475327935,-4.75579382681456E-15));
#11532=DIRECTION('ref_axis',(9.81596333104483E-7,3.52827518312701E-7,-0.999999999999456));
#11533=DIRECTION('center_axis',(0.,0.,1.));
#11534=DIRECTION('ref_axis',(-0.404578256870139,-0.914503381113444,0.));
#11535=DIRECTION('center_axis',(0.,0.,-1.));
#11536=DIRECTION('ref_axis',(-1.,0.,0.));
#11537=DIRECTION('center_axis',(-0.98078528040323,-0.195090322016132,0.));
#11538=DIRECTION('ref_axis',(0.,0.,-1.));
#11539=DIRECTION('center_axis',(0.,0.,1.));
#11540=DIRECTION('ref_axis',(-0.844465382928256,0.535610135299767,0.));
#11541=DIRECTION('center_axis',(0.241573064248949,-0.970382633103753,0.));
#11542=DIRECTION('ref_axis',(0.,0.,-1.));
#11543=DIRECTION('center_axis',(0.98078528040323,0.195090322016129,0.));
#11544=DIRECTION('ref_axis',(0.137949689641461,-0.693519922661077,-0.707106781186547));
#11545=DIRECTION('',(-0.98078528040323,-0.195090322016129,0.));
#11546=DIRECTION('center_axis',(0.,0.,1.));
#11547=DIRECTION('ref_axis',(-0.970382633103753,-0.241573064248951,0.));
#11548=DIRECTION('center_axis',(0.,0.,1.));
#11549=DIRECTION('ref_axis',(-0.956940335732209,-0.290284677254461,0.));
#11550=DIRECTION('',(0.,0.,1.));
#11551=DIRECTION('center_axis',(0.,0.,-1.));
#11552=DIRECTION('ref_axis',(-0.970382633103753,-0.241573064248951,0.));
#11553=DIRECTION('',(0.,0.,1.));
#11554=DIRECTION('center_axis',(0.,0.,1.));
#11555=DIRECTION('ref_axis',(-0.195090322016132,0.98078528040323,0.));
#11556=DIRECTION('',(0.,0.,1.));
#11557=DIRECTION('center_axis',(0.,0.,-1.));
#11558=DIRECTION('ref_axis',(-0.195090322016132,0.98078528040323,0.));
#11559=DIRECTION('center_axis',(0.195090322016129,-0.98078528040323,0.));
#11560=DIRECTION('ref_axis',(0.98078528040323,0.195090322016129,0.));
#11561=DIRECTION('',(0.,0.,1.));
#11562=DIRECTION('',(0.98078528040323,0.195090322016129,0.));
#11563=DIRECTION('center_axis',(0.,0.,1.));
#11564=DIRECTION('ref_axis',(0.962872295707771,0.26995729691647,0.));
#11565=DIRECTION('',(0.,0.,1.));
#11566=DIRECTION('center_axis',(0.,0.,-1.));
#11567=DIRECTION('ref_axis',(0.962872295707771,0.26995729691647,0.));
#11568=DIRECTION('center_axis',(0.,0.,-1.));
#11569=DIRECTION('ref_axis',(-1.,0.,0.));
#11570=DIRECTION('center_axis',(0.831469612302551,0.555570233019594,0.));
#11571=DIRECTION('ref_axis',(0.555570233019594,-0.831469612302551,0.));
#11572=DIRECTION('center_axis',(-0.6178832963239,0.78626982145057,0.));
#11573=DIRECTION('ref_axis',(0.,0.,-1.));
#11574=DIRECTION('center_axis',(0.,0.,1.));
#11575=DIRECTION('ref_axis',(0.157195272253614,0.987567540161741,0.));
#11576=DIRECTION('center_axis',(0.,0.,1.));
#11577=DIRECTION('ref_axis',(1.,0.,0.));
#11578=DIRECTION('center_axis',(-0.650618816055785,0.759404474699859,0.));
#11579=DIRECTION('ref_axis',(0.,0.,-1.));
#11580=DIRECTION('center_axis',(0.,0.,-1.));
#11581=DIRECTION('ref_axis',(-0.773010453362737,-0.634393284163645,0.));
#11582=DIRECTION('center_axis',(0.,0.,-1.));
#11583=DIRECTION('ref_axis',(0.999258983078032,-0.0384900602475181,0.));
#11584=DIRECTION('center_axis',(0.707106781186552,0.707106781186543,0.));
#11585=DIRECTION('ref_axis',(0.,0.,-1.));
#11586=DIRECTION('center_axis',(0.,0.,1.));
#11587=DIRECTION('ref_axis',(0.999258983078032,-0.0384900602475288,0.));
#11588=DIRECTION('center_axis',(-0.707106781186548,-0.707106781186548,0.));
#11589=DIRECTION('ref_axis',(-0.5,0.5,-0.707106781186548));
#11590=DIRECTION('center_axis',(0.707106781186548,0.707106781186548,0.));
#11591=DIRECTION('ref_axis',(0.,0.,-1.));
#11592=DIRECTION('',(0.707106781186548,0.707106781186548,0.));
#11593=DIRECTION('center_axis',(0.,0.,-1.));
#11594=DIRECTION('ref_axis',(-1.,0.,0.));
#11595=DIRECTION('center_axis',(0.672632868135833,-0.739976367665457,3.75052118701985E-15));
#11596=DIRECTION('ref_axis',(7.71855486191988E-7,7.01610738395759E-7,-0.999999999999456));
#11597=DIRECTION('center_axis',(0.,0.,1.));
#11598=DIRECTION('ref_axis',(-0.0238162780274463,-0.999716352222429,0.));
#11599=DIRECTION('center_axis',(0.,0.,-1.));
#11600=DIRECTION('ref_axis',(-1.,0.,0.));
#11601=DIRECTION('center_axis',(-0.831469612302571,-0.555570233019564,0.));
#11602=DIRECTION('ref_axis',(0.,0.,-1.));
#11603=DIRECTION('center_axis',(0.,0.,1.));
#11604=DIRECTION('ref_axis',(-0.985153408187769,0.171676330156558,0.));
#11605=DIRECTION('center_axis',(0.59453376640926,-0.804070644035224,0.));
#11606=DIRECTION('ref_axis',(0.,0.,-1.));
#11607=DIRECTION('center_axis',(0.831469612302546,0.555570233019602,0.));
#11608=DIRECTION('ref_axis',(0.392847479193539,-0.58793780120968,-0.707106781186554));
#11609=DIRECTION('',(-0.831469612302545,-0.555570233019602,0.));
#11610=DIRECTION('center_axis',(0.,0.,1.));
#11611=DIRECTION('ref_axis',(-0.804070644035226,-0.594533766409257,0.));
#11612=DIRECTION('center_axis',(0.,0.,1.));
#11613=DIRECTION('ref_axis',(-0.773010453362737,-0.634393284163645,0.));
#11614=DIRECTION('',(0.,0.,1.));
#11615=DIRECTION('center_axis',(0.,0.,-1.));
#11616=DIRECTION('ref_axis',(-0.804070644035226,-0.594533766409257,0.));
#11617=DIRECTION('',(0.,0.,1.));
#11618=DIRECTION('center_axis',(0.,0.,1.));
#11619=DIRECTION('ref_axis',(-0.55557023301957,0.831469612302567,0.));
#11620=DIRECTION('',(0.,0.,1.));
#11621=DIRECTION('center_axis',(0.,0.,-1.));
#11622=DIRECTION('ref_axis',(-0.55557023301957,0.831469612302567,0.));
#11623=DIRECTION('center_axis',(0.555570233019602,-0.831469612302546,0.));
#11624=DIRECTION('ref_axis',(0.831469612302545,0.555570233019602,0.));
#11625=DIRECTION('',(0.,0.,1.));
#11626=DIRECTION('',(0.831469612302545,0.555570233019602,0.));
#11627=DIRECTION('center_axis',(0.,0.,1.));
#11628=DIRECTION('ref_axis',(0.786269821450572,0.617883296323898,0.));
#11629=DIRECTION('',(0.,0.,1.));
#11630=DIRECTION('center_axis',(0.,0.,-1.));
#11631=DIRECTION('ref_axis',(0.786269821450572,0.617883296323898,0.));
#11632=DIRECTION('center_axis',(0.,0.,-1.));
#11633=DIRECTION('ref_axis',(-1.,0.,0.));
#11634=DIRECTION('center_axis',(-0.195090322016122,0.980785280403232,0.));
#11635=DIRECTION('ref_axis',(0.980785280403232,0.195090322016122,0.));
#11636=DIRECTION('center_axis',(-0.962872295707766,-0.269957296916488,0.));
#11637=DIRECTION('ref_axis',(0.,0.,-1.));
#11638=DIRECTION('center_axis',(0.,0.,1.));
#11639=DIRECTION('ref_axis',(-0.852237410990378,0.52315523060409,0.));
#11640=DIRECTION('center_axis',(0.,0.,1.));
#11641=DIRECTION('ref_axis',(1.,0.,0.));
#11642=DIRECTION('center_axis',(-0.950579292762223,-0.310481896689117,0.));
#11643=DIRECTION('ref_axis',(0.,0.,-1.));
#11644=DIRECTION('center_axis',(0.,0.,-1.));
#11645=DIRECTION('ref_axis',(0.290284677254462,-0.956940335732209,0.));
#11646=DIRECTION('center_axis',(0.,0.,-1.));
#11647=DIRECTION('ref_axis',(-1.,0.,0.));
#11648=DIRECTION('center_axis',(-0.382683432365077,0.923879532511292,0.));
#11649=DIRECTION('ref_axis',(0.,0.,-1.));
#11650=DIRECTION('center_axis',(0.,0.,1.));
#11651=DIRECTION('ref_axis',(0.417960036333762,0.908465413776375,0.));
#11652=DIRECTION('center_axis',(0.38268343236509,-0.923879532511287,0.));
#11653=DIRECTION('ref_axis',(-0.653281482438178,-0.270598050073107,-0.707106781186554));
#11654=DIRECTION('center_axis',(-0.382683432365091,0.923879532511286,0.));
#11655=DIRECTION('ref_axis',(0.,0.,-1.));
#11656=DIRECTION('',(-0.38268343236509,0.923879532511287,0.));
#11657=DIRECTION('center_axis',(0.,0.,-1.));
#11658=DIRECTION('ref_axis',(0.914503381113447,-0.404578256870131,0.));
#11659=DIRECTION('center_axis',(0.941054475327948,0.338255043517818,-1.61183844648231E-14));
#11660=DIRECTION('ref_axis',(-3.52827527194485E-7,9.81596324222699E-7,-0.999999999999456));
#11661=DIRECTION('center_axis',(0.,0.,1.));
#11662=DIRECTION('ref_axis',(0.914503381113448,-0.404578256870128,0.));
#11663=DIRECTION('center_axis',(0.,0.,-1.));
#11664=DIRECTION('ref_axis',(-1.,0.,0.));
#11665=DIRECTION('center_axis',(0.195090322016135,-0.980785280403229,0.));
#11666=DIRECTION('ref_axis',(0.,0.,-1.));
#11667=DIRECTION('center_axis',(0.,0.,1.));
#11668=DIRECTION('ref_axis',(-0.535610135299767,-0.844465382928256,0.));
#11669=DIRECTION('center_axis',(0.970382633103753,0.241573064248951,0.));
#11670=DIRECTION('ref_axis',(0.,0.,-1.));
#11671=DIRECTION('center_axis',(-0.195090322016129,0.98078528040323,0.));
#11672=DIRECTION('ref_axis',(0.693519922661082,0.137949689641472,-0.707106781186539));
#11673=DIRECTION('',(0.195090322016129,-0.98078528040323,0.));
#11674=DIRECTION('center_axis',(0.,0.,1.));
#11675=DIRECTION('ref_axis',(0.241573064248951,-0.970382633103753,0.));
#11676=DIRECTION('center_axis',(0.,0.,1.));
#11677=DIRECTION('ref_axis',(0.290284677254462,-0.956940335732209,0.));
#11678=DIRECTION('',(0.,0.,1.));
#11679=DIRECTION('center_axis',(0.,0.,-1.));
#11680=DIRECTION('ref_axis',(0.241573064248951,-0.970382633103753,0.));
#11681=DIRECTION('',(0.,0.,1.));
#11682=DIRECTION('center_axis',(0.,0.,1.));
#11683=DIRECTION('ref_axis',(-0.980785280403229,-0.195090322016135,0.));
#11684=DIRECTION('',(0.,0.,1.));
#11685=DIRECTION('center_axis',(0.,0.,-1.));
#11686=DIRECTION('ref_axis',(-0.980785280403229,-0.195090322016135,0.));
#11687=DIRECTION('center_axis',(0.98078528040323,0.195090322016129,0.));
#11688=DIRECTION('ref_axis',(-0.195090322016129,0.98078528040323,0.));
#11689=DIRECTION('',(0.,0.,1.));
#11690=DIRECTION('',(-0.195090322016129,0.98078528040323,0.));
#11691=DIRECTION('center_axis',(0.,0.,1.));
#11692=DIRECTION('ref_axis',(-0.269957296916499,0.962872295707763,0.));
#11693=DIRECTION('',(0.,0.,1.));
#11694=DIRECTION('center_axis',(0.,0.,-1.));
#11695=DIRECTION('ref_axis',(-0.269957296916499,0.962872295707763,0.));
#11696=DIRECTION('center_axis',(0.,0.,-1.));
#11697=DIRECTION('ref_axis',(-1.,0.,0.));
#11698=DIRECTION('center_axis',(-0.555570233019565,0.83146961230257,0.));
#11699=DIRECTION('ref_axis',(0.83146961230257,0.555570233019565,0.));
#11700=DIRECTION('center_axis',(-0.786269821450547,-0.61788329632393,0.));
#11701=DIRECTION('ref_axis',(0.,0.,-1.));
#11702=DIRECTION('center_axis',(0.,0.,1.));
#11703=DIRECTION('ref_axis',(-0.987567540161741,0.157195272253613,0.));
#11704=DIRECTION('center_axis',(0.,0.,1.));
#11705=DIRECTION('ref_axis',(1.,0.,0.));
#11706=DIRECTION('center_axis',(-0.759404474699868,-0.650618816055774,0.));
#11707=DIRECTION('ref_axis',(0.,0.,-1.));
#11708=DIRECTION('center_axis',(0.,0.,-1.));
#11709=DIRECTION('ref_axis',(0.634393284163643,-0.773010453362739,0.));
#11710=DIRECTION('center_axis',(0.,0.,-1.));
#11711=DIRECTION('ref_axis',(-1.,0.,0.));
#11712=DIRECTION('center_axis',(-0.707106781186548,0.707106781186548,0.));
#11713=DIRECTION('ref_axis',(0.,0.,-1.));
#11714=DIRECTION('center_axis',(0.,0.,1.));
#11715=DIRECTION('ref_axis',(0.0384900602475117,0.999258983078032,0.));
#11716=DIRECTION('center_axis',(0.707106781186548,-0.707106781186548,0.));
#11717=DIRECTION('ref_axis',(-0.499999999999996,-0.500000000000009,-0.707106781186544));
#11718=DIRECTION('center_axis',(-0.707106781186543,0.707106781186552,0.));
#11719=DIRECTION('ref_axis',(0.,0.,-1.));
#11720=DIRECTION('',(-0.707106781186548,0.707106781186548,0.));
#11721=DIRECTION('center_axis',(0.,0.,-1.));
#11722=DIRECTION('ref_axis',(0.999716352222429,-0.0238162780274514,0.));
#11723=DIRECTION('center_axis',(0.739976367665423,0.67263286813587,7.03672869085696E-15));
#11724=DIRECTION('ref_axis',(-7.01610733954867E-7,7.71855486191988E-7,-0.999999999999456));
#11725=DIRECTION('center_axis',(0.,0.,1.));
#11726=DIRECTION('ref_axis',(0.999716352222429,-0.0238162780274473,0.));
#11727=DIRECTION('center_axis',(0.,0.,-1.));
#11728=DIRECTION('ref_axis',(-1.,0.,0.));
#11729=DIRECTION('center_axis',(0.555570233019591,-0.831469612302553,0.));
#11730=DIRECTION('ref_axis',(0.,0.,-1.));
#11731=DIRECTION('center_axis',(0.,0.,1.));
#11732=DIRECTION('ref_axis',(-0.171676330156567,-0.985153408187767,0.));
#11733=DIRECTION('center_axis',(0.804070644035225,0.594533766409259,0.));
#11734=DIRECTION('ref_axis',(0.,0.,-1.));
#11735=DIRECTION('center_axis',(-0.555570233019602,0.831469612302545,0.));
#11736=DIRECTION('ref_axis',(0.587937801209685,0.392847479193547,-0.707106781186545));
#11737=DIRECTION('',(0.555570233019602,-0.831469612302545,0.));
#11738=DIRECTION('center_axis',(0.,0.,1.));
#11739=DIRECTION('ref_axis',(0.594533766409257,-0.804070644035226,0.));
#11740=DIRECTION('center_axis',(0.,0.,1.));
#11741=DIRECTION('ref_axis',(0.634393284163644,-0.773010453362738,0.));
#11742=DIRECTION('',(0.,0.,1.));
#11743=DIRECTION('center_axis',(0.,0.,-1.));
#11744=DIRECTION('ref_axis',(0.594533766409257,-0.804070644035226,0.));
#11745=DIRECTION('',(0.,0.,1.));
#11746=DIRECTION('center_axis',(0.,0.,1.));
#11747=DIRECTION('ref_axis',(-0.831469612302551,-0.555570233019593,0.));
#11748=DIRECTION('',(0.,0.,1.));
#11749=DIRECTION('center_axis',(0.,0.,-1.));
#11750=DIRECTION('ref_axis',(-0.831469612302551,-0.555570233019593,0.));
#11751=DIRECTION('center_axis',(0.831469612302545,0.555570233019602,0.));
#11752=DIRECTION('ref_axis',(-0.555570233019602,0.831469612302545,0.));
#11753=DIRECTION('',(0.,0.,1.));
#11754=DIRECTION('',(-0.555570233019602,0.831469612302545,0.));
#11755=DIRECTION('center_axis',(0.,0.,1.));
#11756=DIRECTION('ref_axis',(-0.617883296323932,0.786269821450545,0.));
#11757=DIRECTION('',(0.,0.,1.));
#11758=DIRECTION('center_axis',(0.,0.,-1.));
#11759=DIRECTION('ref_axis',(-0.617883296323932,0.786269821450545,0.));
#11760=DIRECTION('center_axis',(0.,0.,-1.));
#11761=DIRECTION('ref_axis',(-1.,0.,0.));
#11762=DIRECTION('center_axis',(-0.891704918552211,0.452617209383155,0.));
#11763=DIRECTION('ref_axis',(0.452617209383155,0.891704918552211,0.));
#11764=DIRECTION('center_axis',(-0.382683432365091,-0.923879532511286,0.));
#11765=DIRECTION('ref_axis',(0.,0.,-1.));
#11766=DIRECTION('center_axis',(0.,0.,1.));
#11767=DIRECTION('ref_axis',(-0.937924430511293,-0.346839678598149,0.));
#11768=DIRECTION('center_axis',(0.382683432365091,0.923879532511286,0.));
#11769=DIRECTION('ref_axis',(0.65328148243818,-0.270598050073095,-0.707106781186556));
#11770=DIRECTION('center_axis',(-0.382683432365084,-0.923879532511289,0.));
#11771=DIRECTION('ref_axis',(0.,0.,-1.));
#11772=DIRECTION('',(-0.382683432365091,-0.923879532511286,0.));
#11773=DIRECTION('center_axis',(0.,0.,-1.));
#11774=DIRECTION('ref_axis',(-1.,0.,0.));
#11775=DIRECTION('center_axis',(-0.904608436012352,0.426243565928316,-9.19789826603636E-15));
#11776=DIRECTION('ref_axis',(-4.44606680360706E-7,-9.43580138467779E-7,
-0.999999999999456));
#11777=DIRECTION('center_axis',(0.,0.,1.));
#11778=DIRECTION('ref_axis',(-0.360571513249837,0.932731571156848,0.));
#11779=DIRECTION('center_axis',(0.,0.,-1.));
#11780=DIRECTION('ref_axis',(0.97586075748857,0.21839364000317,0.));
#11781=DIRECTION('center_axis',(0.555570233019603,0.831469612302545,0.));
#11782=DIRECTION('ref_axis',(0.,0.,-1.));
#11783=DIRECTION('center_axis',(0.,0.,1.));
#11784=DIRECTION('ref_axis',(0.975860757488571,0.218393640003168,0.));
#11785=DIRECTION('center_axis',(-0.856982092095767,0.515346188330876,0.));
#11786=DIRECTION('ref_axis',(0.,0.,-1.));
#11787=DIRECTION('center_axis',(-0.555570233019604,-0.831469612302544,0.));
#11788=DIRECTION('ref_axis',(-0.587937801209685,0.392847479193547,-0.707106781186545));
#11789=DIRECTION('center_axis',(0.555570233019601,0.831469612302546,0.));
#11790=DIRECTION('ref_axis',(0.,0.,-1.));
#11791=DIRECTION('',(0.555570233019604,0.831469612302544,0.));
#11792=DIRECTION('center_axis',(0.,0.,-1.));
#11793=DIRECTION('ref_axis',(-1.,0.,0.));
#11794=DIRECTION('center_axis',(0.871742164992031,-0.48996489443123,0.));
#11795=DIRECTION('ref_axis',(0.,0.,-1.));
#11796=DIRECTION('center_axis',(0.,0.,1.));
#11797=DIRECTION('ref_axis',(0.232696241318807,-0.972549463665525,0.));
#11798=DIRECTION('center_axis',(0.,0.,1.));
#11799=DIRECTION('ref_axis',(1.,0.,0.));
#11800=DIRECTION('center_axis',(0.,0.,-1.));
#11801=DIRECTION('ref_axis',(0.471396736825999,0.881921264348355,0.));
#11802=DIRECTION('center_axis',(-0.831469612302544,0.555570233019604,0.));
#11803=DIRECTION('ref_axis',(-0.555570233019604,-0.831469612302544,0.));
#11804=DIRECTION('',(0.,0.,1.));
#11805=DIRECTION('',(-0.555570233019604,-0.831469612302544,0.));
#11806=DIRECTION('',(0.,0.,1.));
#11807=DIRECTION('center_axis',(0.,0.,1.));
#11808=DIRECTION('ref_axis',(-0.489964894431222,-0.871742164992036,0.));
#11809=DIRECTION('',(0.,0.,1.));
#11810=DIRECTION('center_axis',(0.,0.,-1.));
#11811=DIRECTION('ref_axis',(-0.489964894431222,-0.871742164992036,0.));
#11812=DIRECTION('center_axis',(0.,0.,1.));
#11813=DIRECTION('ref_axis',(0.489964894431201,0.871742164992047,0.));
#11814=DIRECTION('',(0.,0.,1.));
#11815=DIRECTION('center_axis',(0.,0.,1.));
#11816=DIRECTION('ref_axis',(0.489964894431201,0.871742164992047,0.));
#11817=DIRECTION('center_axis',(0.,0.,1.));
#11818=DIRECTION('ref_axis',(-0.923879532511286,0.382683432365091,0.));
#11819=DIRECTION('',(0.,0.,1.));
#11820=DIRECTION('center_axis',(0.,0.,-1.));
#11821=DIRECTION('ref_axis',(-0.923879532511286,0.382683432365091,0.));
#11822=DIRECTION('center_axis',(0.,0.,-1.));
#11823=DIRECTION('ref_axis',(0.818002152661534,0.575215158215685,0.));
#11824=DIRECTION('center_axis',(0.195090322016105,0.980785280403235,0.));
#11825=DIRECTION('ref_axis',(0.,0.,-1.));
#11826=DIRECTION('center_axis',(0.,0.,1.));
#11827=DIRECTION('ref_axis',(0.818002152661532,0.575215158215689,0.));
#11828=DIRECTION('center_axis',(-0.988962662822707,0.148164947077979,0.));
#11829=DIRECTION('ref_axis',(0.,0.,-1.));
#11830=DIRECTION('center_axis',(-0.195090322016129,-0.98078528040323,0.));
#11831=DIRECTION('ref_axis',(-0.69351992266107,0.137949689641462,-0.707106781186553));
#11832=DIRECTION('center_axis',(0.195090322016125,0.980785280403231,0.));
#11833=DIRECTION('ref_axis',(0.,0.,-1.));
#11834=DIRECTION('',(0.195090322016129,0.98078528040323,0.));
#11835=DIRECTION('center_axis',(0.,0.,-1.));
#11836=DIRECTION('ref_axis',(-1.,0.,0.));
#11837=DIRECTION('center_axis',(0.992886191402563,-0.119067253777487,0.));
#11838=DIRECTION('ref_axis',(0.,0.,-1.));
#11839=DIRECTION('center_axis',(0.,0.,1.));
#11840=DIRECTION('ref_axis',(0.587161861547101,-0.809469547509073,0.));
#11841=DIRECTION('center_axis',(0.,0.,1.));
#11842=DIRECTION('ref_axis',(1.,0.,0.));
#11843=DIRECTION('center_axis',(0.997037030524285,-0.076923076923093,0.));
#11844=DIRECTION('ref_axis',(0.,0.,-1.));
#11845=DIRECTION('center_axis',(0.,0.,-1.));
#11846=DIRECTION('ref_axis',(0.0980171403295614,0.995184726672197,0.));
#11847=DIRECTION('center_axis',(0.,0.,-1.));
#11848=DIRECTION('ref_axis',(-1.,0.,0.));
#11849=DIRECTION('center_axis',(-8.88178419700113E-15,-1.,0.));
#11850=DIRECTION('ref_axis',(0.,0.,-1.));
#11851=DIRECTION('center_axis',(0.,0.,1.));
#11852=DIRECTION('ref_axis',(-0.733799385705337,-0.679366220486764,0.));
#11853=DIRECTION('center_axis',(0.,1.,0.));
#11854=DIRECTION('ref_axis',(0.707106781186553,0.,-0.707106781186543));
#11855=DIRECTION('center_axis',(0.,-1.,0.));
#11856=DIRECTION('ref_axis',(0.,0.,-1.));
#11857=DIRECTION('',(0.,-1.,0.));
#11858=DIRECTION('center_axis',(0.,0.,-1.));
#11859=DIRECTION('ref_axis',(-1.,0.,0.));
#11860=DIRECTION('center_axis',(0.99886556980184,-0.0476190451862023,0.));
#11861=DIRECTION('ref_axis',(-0.0476190451862023,-0.99886556980184,0.));
#11862=DIRECTION('center_axis',(0.,0.,1.));
#11863=DIRECTION('ref_axis',(-0.690065560223727,0.72374686361539,0.));
#11864=DIRECTION('center_axis',(0.,0.,1.));
#11865=DIRECTION('ref_axis',(-1.,8.88178419700128E-15,0.));
#11866=DIRECTION('',(0.,0.,1.));
#11867=DIRECTION('center_axis',(0.,0.,-1.));
#11868=DIRECTION('ref_axis',(-1.,8.88178419700128E-15,0.));
#11869=DIRECTION('',(0.,0.,1.));
#11870=DIRECTION('center_axis',(1.,0.,0.));
#11871=DIRECTION('ref_axis',(0.,1.,0.));
#11872=DIRECTION('',(0.,0.,1.));
#11873=DIRECTION('',(0.,1.,0.));
#11874=DIRECTION('center_axis',(0.,0.,1.));
#11875=DIRECTION('ref_axis',(0.0476190451862212,0.998865569801839,0.));
#11876=DIRECTION('',(0.,0.,1.));
#11877=DIRECTION('center_axis',(0.,0.,-1.));
#11878=DIRECTION('ref_axis',(0.0476190451862212,0.998865569801839,0.));
#11879=DIRECTION('center_axis',(0.,0.,1.));
#11880=DIRECTION('ref_axis',(0.148164947077978,0.988962662822707,0.));
#11881=DIRECTION('center_axis',(0.,0.,1.));
#11882=DIRECTION('ref_axis',(0.0980171403295605,0.995184726672197,0.));
#11883=DIRECTION('',(0.,0.,1.));
#11884=DIRECTION('center_axis',(0.,0.,-1.));
#11885=DIRECTION('ref_axis',(0.148164947077978,0.988962662822707,0.));
#11886=DIRECTION('center_axis',(0.,0.,-1.));
#11887=DIRECTION('ref_axis',(-1.,0.,0.));
#11888=DIRECTION('center_axis',(-0.195090322016134,0.980785280403229,0.));
#11889=DIRECTION('ref_axis',(0.,0.,-1.));
#11890=DIRECTION('center_axis',(0.,0.,1.));
#11891=DIRECTION('ref_axis',(0.535610135299765,0.844465382928257,0.));
#11892=DIRECTION('center_axis',(-0.970382633103749,-0.241573064248966,0.));
#11893=DIRECTION('ref_axis',(0.,0.,-1.));
#11894=DIRECTION('center_axis',(0.195090322016129,-0.98078528040323,0.));
#11895=DIRECTION('ref_axis',(-0.693519922661082,-0.137949689641472,-0.707106781186539));
#11896=DIRECTION('center_axis',(-0.19509032201613,0.98078528040323,0.));
#11897=DIRECTION('ref_axis',(0.,0.,-1.));
#11898=DIRECTION('',(-0.195090322016129,0.98078528040323,0.));
#11899=DIRECTION('center_axis',(0.,0.,-1.));
#11900=DIRECTION('ref_axis',(0.852237410990383,-0.523155230604081,0.));
#11901=DIRECTION('center_axis',(0.962872295707756,0.269957296916522,0.));
#11902=DIRECTION('ref_axis',(0.,0.,-1.));
#11903=DIRECTION('center_axis',(0.,0.,1.));
#11904=DIRECTION('ref_axis',(0.852237410990385,-0.523155230604077,0.));
#11905=DIRECTION('center_axis',(0.,0.,1.));
#11906=DIRECTION('ref_axis',(1.,0.,0.));
#11907=DIRECTION('center_axis',(0.950579292762225,0.310481896689112,0.));
#11908=DIRECTION('ref_axis',(0.,0.,-1.));
#11909=DIRECTION('center_axis',(0.,0.,-1.));
#11910=DIRECTION('ref_axis',(-0.290284677254463,0.956940335732209,0.));
#11911=DIRECTION('center_axis',(0.,0.,-1.));
#11912=DIRECTION('ref_axis',(-1.,0.,0.));
#11913=DIRECTION('center_axis',(0.382683432365091,-0.923879532511286,0.));
#11914=DIRECTION('ref_axis',(0.,0.,-1.));
#11915=DIRECTION('center_axis',(0.,0.,1.));
#11916=DIRECTION('ref_axis',(-0.417960036333759,-0.908465413776376,0.));
#11917=DIRECTION('center_axis',(-0.38268343236509,0.923879532511287,0.));
#11918=DIRECTION('ref_axis',(0.65328148243818,0.270598050073095,-0.707106781186556));
#11919=DIRECTION('center_axis',(0.382683432365089,-0.923879532511287,0.));
#11920=DIRECTION('ref_axis',(0.,0.,-1.));
#11921=DIRECTION('',(0.38268343236509,-0.923879532511286,0.));
#11922=DIRECTION('center_axis',(0.,0.,-1.));
#11923=DIRECTION('ref_axis',(-1.,0.,0.));
#11924=DIRECTION('center_axis',(0.941054475327948,0.338255043517819,0.));
#11925=DIRECTION('ref_axis',(0.338255043517819,-0.941054475327948,0.));
#11926=DIRECTION('center_axis',(0.,0.,1.));
#11927=DIRECTION('ref_axis',(-0.914503381113448,0.404578256870129,0.));
#11928=DIRECTION('center_axis',(0.,0.,1.));
#11929=DIRECTION('ref_axis',(-0.923879532511286,-0.382683432365091,0.));
#11930=DIRECTION('',(0.,0.,1.));
#11931=DIRECTION('center_axis',(0.,0.,-1.));
#11932=DIRECTION('ref_axis',(-0.923879532511286,-0.382683432365091,0.));
#11933=DIRECTION('',(0.,0.,1.));
#11934=DIRECTION('center_axis',(0.923879532511287,0.38268343236509,0.));
#11935=DIRECTION('ref_axis',(-0.38268343236509,0.923879532511286,0.));
#11936=DIRECTION('',(0.,0.,1.));
#11937=DIRECTION('',(-0.38268343236509,0.923879532511286,0.));
#11938=DIRECTION('center_axis',(0.,0.,1.));
#11939=DIRECTION('ref_axis',(-0.338255043517813,0.94105447532795,0.));
#11940=DIRECTION('',(0.,0.,1.));
#11941=DIRECTION('center_axis',(0.,0.,-1.));
#11942=DIRECTION('ref_axis',(-0.338255043517813,0.94105447532795,0.));
#11943=DIRECTION('center_axis',(0.,0.,1.));
#11944=DIRECTION('ref_axis',(-0.241573064248951,0.970382633103753,0.));
#11945=DIRECTION('center_axis',(0.,0.,1.));
#11946=DIRECTION('ref_axis',(-0.290284677254463,0.956940335732209,0.));
#11947=DIRECTION('',(0.,0.,1.));
#11948=DIRECTION('center_axis',(0.,0.,-1.));
#11949=DIRECTION('ref_axis',(-0.241573064248951,0.970382633103753,0.));
#11950=DIRECTION('center_axis',(0.,0.,-1.));
#11951=DIRECTION('ref_axis',(-1.,0.,0.));
#11952=DIRECTION('center_axis',(0.,0.,1.));
#11953=DIRECTION('ref_axis',(1.,0.,0.));
#11954=DIRECTION('center_axis',(0.,-1.,0.));
#11955=DIRECTION('ref_axis',(1.,0.,0.));
#11956=DIRECTION('center_axis',(0.,0.,-1.));
#11957=DIRECTION('ref_axis',(1.,0.,0.));
#11958=DIRECTION('center_axis',(0.,0.,-1.));
#11959=DIRECTION('ref_axis',(1.,0.,0.));
#11960=DIRECTION('center_axis',(0.,0.,-1.));
#11961=DIRECTION('ref_axis',(1.,0.,0.));
#11962=DIRECTION('',(0.,0.,1.));
#11963=DIRECTION('center_axis',(0.,0.,1.));
#11964=DIRECTION('ref_axis',(1.,0.,0.));
#11965=DIRECTION('center_axis',(0.,0.,1.));
#11966=DIRECTION('ref_axis',(1.,0.,0.));
#11967=DIRECTION('',(0.,-1.,0.));
#11968=DIRECTION('',(-1.,0.,0.));
#11969=DIRECTION('center_axis',(0.,0.,-1.));
#11970=DIRECTION('ref_axis',(0.707106781186525,-0.70710678118657,0.));
#11971=DIRECTION('',(0.,-1.,0.));
#11972=DIRECTION('center_axis',(0.,0.,-1.));
#11973=DIRECTION('ref_axis',(0.707106781186548,0.707106781186548,0.));
#11974=DIRECTION('',(1.,0.,0.));
#11975=DIRECTION('',(-1.82337159948669E-14,-1.,0.));
#11976=DIRECTION('center_axis',(0.,0.,-1.));
#11977=DIRECTION('ref_axis',(0.707106781186525,0.70710678118657,0.));
#11978=DIRECTION('',(1.,0.,0.));
#11979=DIRECTION('center_axis',(0.,0.,-1.));
#11980=DIRECTION('ref_axis',(-0.707106781186548,0.707106781186548,0.));
#11981=DIRECTION('',(0.,1.,0.));
#11982=DIRECTION('',(1.,0.,0.));
#11983=DIRECTION('center_axis',(0.,0.,-1.));
#11984=DIRECTION('ref_axis',(-0.707106781186548,0.707106781186548,0.));
#11985=DIRECTION('',(-4.93430434258988E-15,1.,0.));
#11986=DIRECTION('center_axis',(0.,0.,-1.));
#11987=DIRECTION('ref_axis',(-0.707132848953236,-0.707080712458825,0.));
#11988=DIRECTION('',(-0.999999997281786,7.37321375027477E-5,0.));
#11989=DIRECTION('',(0.,1.,0.));
#11990=DIRECTION('center_axis',(0.,0.,-1.));
#11991=DIRECTION('ref_axis',(-0.707106781186548,-0.707106781186548,0.));
#11992=DIRECTION('',(-1.,0.,0.));
#11993=DIRECTION('center_axis',(0.,0.,-1.));
#11994=DIRECTION('ref_axis',(0.707106781186548,-0.707106781186548,0.));
#11995=DIRECTION('center_axis',(0.,0.,-1.));
#11996=DIRECTION('ref_axis',(-1.,0.,0.));
#11997=DIRECTION('center_axis',(-0.988962662822707,0.148164947077981,-7.24871258254164E-15));
#11998=DIRECTION('ref_axis',(0.148164947077981,0.988962662822707,0.));
#11999=DIRECTION('center_axis',(-0.195090322016121,-0.980785280403232,0.));
#12000=DIRECTION('ref_axis',(0.,0.,-1.));
#12001=DIRECTION('center_axis',(0.,0.,1.));
#12002=DIRECTION('ref_axis',(-0.818002152661536,-0.575215158215683,0.));
#12003=DIRECTION('center_axis',(0.195090322016129,0.98078528040323,0.));
#12004=DIRECTION('ref_axis',(0.693519922661069,-0.137949689641475,-0.707106781186552));
#12005=DIRECTION('center_axis',(-0.19509032201613,-0.98078528040323,0.));
#12006=DIRECTION('ref_axis',(0.,0.,-1.));
#12007=DIRECTION('',(-0.195090322016129,-0.98078528040323,0.));
#12008=DIRECTION('center_axis',(0.,0.,-1.));
#12009=DIRECTION('ref_axis',(-1.,0.,0.));
#12010=DIRECTION('center_axis',(-0.992886191402561,0.119067253777505,0.));
#12011=DIRECTION('ref_axis',(0.,0.,-1.));
#12012=DIRECTION('center_axis',(0.,0.,1.));
#12013=DIRECTION('ref_axis',(-0.587161861547086,0.809469547509084,0.));
#12014=DIRECTION('center_axis',(0.,0.,1.));
#12015=DIRECTION('ref_axis',(1.,0.,0.));
#12016=DIRECTION('center_axis',(-0.997037030524286,0.0769230769230784,0.));
#12017=DIRECTION('ref_axis',(0.,0.,-1.));
#12018=DIRECTION('center_axis',(0.,0.,-1.));
#12019=DIRECTION('ref_axis',(-0.0980171403295625,-0.995184726672197,0.));
#12020=DIRECTION('center_axis',(0.,0.,-1.));
#12021=DIRECTION('ref_axis',(-1.,0.,0.));
#12022=DIRECTION('center_axis',(4.44089209850064E-15,1.,0.));
#12023=DIRECTION('ref_axis',(0.,0.,-1.));
#12024=DIRECTION('center_axis',(0.,0.,1.));
#12025=DIRECTION('ref_axis',(0.733799385705345,0.679366220486755,0.));
#12026=DIRECTION('center_axis',(0.,-1.,0.));
#12027=DIRECTION('ref_axis',(-0.707106781186553,0.,-0.707106781186543));
#12028=DIRECTION('center_axis',(0.,1.,0.));
#12029=DIRECTION('ref_axis',(0.,0.,-1.));
#12030=DIRECTION('',(0.,1.,0.));
#12031=DIRECTION('center_axis',(0.,0.,-1.));
#12032=DIRECTION('ref_axis',(-1.,0.,0.));
#12033=DIRECTION('center_axis',(0.998865569801841,-0.0476190451861847,-8.89797984331995E-15));
#12034=DIRECTION('ref_axis',(4.96705254704196E-8,1.04189797234199E-6,-0.999999999999456));
#12035=DIRECTION('center_axis',(0.,0.,1.));
#12036=DIRECTION('ref_axis',(0.690065560223732,-0.723746863615385,0.));
#12037=DIRECTION('center_axis',(-1.,0.,0.));
#12038=DIRECTION('ref_axis',(0.,-1.,0.));
#12039=DIRECTION('',(0.,0.,1.));
#12040=DIRECTION('',(0.,-1.,0.));
#12041=DIRECTION('',(0.,0.,1.));
#12042=DIRECTION('center_axis',(0.,0.,1.));
#12043=DIRECTION('ref_axis',(-0.0476190451862204,-0.998865569801839,0.));
#12044=DIRECTION('',(0.,0.,1.));
#12045=DIRECTION('center_axis',(0.,0.,-1.));
#12046=DIRECTION('ref_axis',(-0.0476190451862204,-0.998865569801839,0.));
#12047=DIRECTION('center_axis',(0.,0.,1.));
#12048=DIRECTION('ref_axis',(-0.148164947077979,-0.988962662822707,0.));
#12049=DIRECTION('center_axis',(0.,0.,1.));
#12050=DIRECTION('ref_axis',(-0.0980171403295615,-0.995184726672197,0.));
#12051=DIRECTION('',(0.,0.,1.));
#12052=DIRECTION('center_axis',(0.,0.,-1.));
#12053=DIRECTION('ref_axis',(-0.148164947077979,-0.988962662822707,0.));
#12054=DIRECTION('center_axis',(0.,0.,1.));
#12055=DIRECTION('ref_axis',(-0.980785280403233,0.195090322016118,0.));
#12056=DIRECTION('',(0.,0.,1.));
#12057=DIRECTION('center_axis',(0.,0.,-1.));
#12058=DIRECTION('ref_axis',(-0.980785280403233,0.195090322016118,0.));
#12059=DIRECTION('center_axis',(0.,0.,-1.));
#12060=DIRECTION('ref_axis',(-1.,0.,0.));
#12061=DIRECTION('center_axis',(-0.0769230769230679,-0.997037030524287,
0.));
#12062=DIRECTION('ref_axis',(-0.997037030524287,0.0769230769230679,0.));
#12063=DIRECTION('center_axis',(1.,-1.77635683940026E-14,0.));
#12064=DIRECTION('ref_axis',(0.,0.,-1.));
#12065=DIRECTION('center_axis',(0.,0.,1.));
#12066=DIRECTION('ref_axis',(0.67936622048675,-0.73379938570535,0.));
#12067=DIRECTION('center_axis',(-1.,0.,0.));
#12068=DIRECTION('ref_axis',(0.,0.707106781186546,-0.707106781186549));
#12069=DIRECTION('center_axis',(1.,0.,0.));
#12070=DIRECTION('ref_axis',(0.,0.,-1.));
#12071=DIRECTION('',(1.,0.,0.));
#12072=DIRECTION('center_axis',(0.,0.,-1.));
#12073=DIRECTION('ref_axis',(-1.,0.,0.));
#12074=DIRECTION('center_axis',(-0.0476190451862297,-0.998865569801839,
-1.29514459208021E-15));
#12075=DIRECTION('ref_axis',(1.04189799898734E-6,-4.96705343522038E-8,-0.999999999999456));
#12076=DIRECTION('center_axis',(0.,0.,1.));
#12077=DIRECTION('ref_axis',(-0.723746863615376,-0.690065560223741,0.));
#12078=DIRECTION('center_axis',(0.,0.,-1.));
#12079=DIRECTION('ref_axis',(-1.,0.,0.));
#12080=DIRECTION('center_axis',(-0.98078528040323,0.195090322016132,0.));
#12081=DIRECTION('ref_axis',(0.,0.,-1.));
#12082=DIRECTION('center_axis',(0.,0.,1.));
#12083=DIRECTION('ref_axis',(-0.575215158215693,0.818002152661529,0.));
#12084=DIRECTION('center_axis',(-0.14816494707798,-0.988962662822707,0.));
#12085=DIRECTION('ref_axis',(0.,0.,-1.));
#12086=DIRECTION('center_axis',(0.980785280403231,-0.195090322016128,0.));
#12087=DIRECTION('ref_axis',(-0.137949689641461,-0.693519922661077,-0.707106781186547));
#12088=DIRECTION('center_axis',(-0.98078528040323,0.195090322016129,0.));
#12089=DIRECTION('ref_axis',(0.,0.,-1.));
#12090=DIRECTION('',(-0.98078528040323,0.195090322016128,0.));
#12091=DIRECTION('center_axis',(0.,0.,-1.));
#12092=DIRECTION('ref_axis',(0.809469547509078,0.587161861547094,0.));
#12093=DIRECTION('center_axis',(0.119067253777487,0.992886191402563,0.));
#12094=DIRECTION('ref_axis',(0.,0.,-1.));
#12095=DIRECTION('center_axis',(0.,0.,1.));
#12096=DIRECTION('ref_axis',(0.809469547509078,0.587161861547094,0.));
#12097=DIRECTION('center_axis',(0.,0.,1.));
#12098=DIRECTION('ref_axis',(1.,0.,0.));
#12099=DIRECTION('center_axis',(0.,0.,-1.));
#12100=DIRECTION('ref_axis',(-0.995184726672197,0.0980171403295612,0.));
#12101=DIRECTION('center_axis',(-0.195090322016128,-0.980785280403231,0.));
#12102=DIRECTION('ref_axis',(0.98078528040323,-0.195090322016128,0.));
#12103=DIRECTION('',(0.,0.,1.));
#12104=DIRECTION('',(0.980785280403231,-0.195090322016128,0.));
#12105=DIRECTION('',(0.,0.,1.));
#12106=DIRECTION('center_axis',(0.,0.,1.));
#12107=DIRECTION('ref_axis',(0.992886191402563,-0.119067253777487,0.));
#12108=DIRECTION('',(0.,0.,1.));
#12109=DIRECTION('center_axis',(0.,0.,-1.));
#12110=DIRECTION('ref_axis',(0.992886191402563,-0.119067253777487,0.));
#12111=DIRECTION('center_axis',(0.,0.,1.));
#12112=DIRECTION('ref_axis',(-0.992886191402561,0.119067253777509,0.));
#12113=DIRECTION('',(0.,0.,1.));
#12114=DIRECTION('center_axis',(0.,0.,1.));
#12115=DIRECTION('ref_axis',(-0.992886191402561,0.119067253777509,0.));
#12116=DIRECTION('center_axis',(0.,0.,1.));
#12117=DIRECTION('ref_axis',(-1.77635683940027E-14,-1.,0.));
#12118=DIRECTION('',(0.,0.,1.));
#12119=DIRECTION('center_axis',(0.,0.,-1.));
#12120=DIRECTION('ref_axis',(-1.77635683940027E-14,-1.,0.));
#12121=DIRECTION('center_axis',(0.,0.,-1.));
#12122=DIRECTION('ref_axis',(0.723746863615382,0.690065560223736,0.));
#12123=DIRECTION('center_axis',(1.,8.88178419700128E-15,0.));
#12124=DIRECTION('ref_axis',(8.88178419700128E-15,-1.,0.));
#12125=DIRECTION('center_axis',(0.0476190451862023,0.99886556980184,-4.49231771452378E-16));
#12126=DIRECTION('ref_axis',(-1.04189798122377E-6,4.96705343522038E-8,-0.999999999999456));
#12127=DIRECTION('center_axis',(0.,0.,1.));
#12128=DIRECTION('ref_axis',(0.723746863615385,0.690065560223732,0.));
#12129=DIRECTION('center_axis',(0.,0.,-1.));
#12130=DIRECTION('ref_axis',(-1.,0.,0.));
#12131=DIRECTION('center_axis',(0.980785280403228,-0.195090322016141,0.));
#12132=DIRECTION('ref_axis',(0.,0.,-1.));
#12133=DIRECTION('center_axis',(0.,0.,1.));
#12134=DIRECTION('ref_axis',(0.575215158215681,-0.818002152661537,0.));
#12135=DIRECTION('center_axis',(0.14816494707798,0.988962662822707,0.));
#12136=DIRECTION('ref_axis',(0.,0.,-1.));
#12137=DIRECTION('center_axis',(-0.980785280403231,0.195090322016128,0.));
#12138=DIRECTION('ref_axis',(0.137949689641461,0.693519922661077,-0.707106781186547));
#12139=DIRECTION('center_axis',(0.98078528040323,-0.19509032201613,0.));
#12140=DIRECTION('ref_axis',(0.,0.,-1.));
#12141=DIRECTION('',(0.98078528040323,-0.195090322016128,0.));
#12142=DIRECTION('center_axis',(0.,0.,-1.));
#12143=DIRECTION('ref_axis',(-1.,0.,0.));
#12144=DIRECTION('center_axis',(-0.119067253777489,-0.992886191402563,0.));
#12145=DIRECTION('ref_axis',(0.,0.,-1.));
#12146=DIRECTION('center_axis',(0.,0.,1.));
#12147=DIRECTION('ref_axis',(-0.809469547509084,-0.587161861547085,0.));
#12148=DIRECTION('center_axis',(0.,0.,1.));
#12149=DIRECTION('ref_axis',(1.,0.,0.));
#12150=DIRECTION('center_axis',(-0.076923076923078,-0.997037030524286,0.));
#12151=DIRECTION('ref_axis',(0.,0.,-1.));
#12152=DIRECTION('center_axis',(0.,0.,-1.));
#12153=DIRECTION('ref_axis',(0.995184726672197,-0.0980171403295605,0.));
#12154=DIRECTION('center_axis',(0.,0.,-1.));
#12155=DIRECTION('ref_axis',(-1.,0.,0.));
#12156=DIRECTION('center_axis',(-1.,1.77635683940026E-14,0.));
#12157=DIRECTION('ref_axis',(0.,0.,-1.));
#12158=DIRECTION('center_axis',(0.,0.,1.));
#12159=DIRECTION('ref_axis',(-0.679366220486745,0.733799385705354,0.));
#12160=DIRECTION('center_axis',(1.,0.,0.));
#12161=DIRECTION('ref_axis',(0.,-0.707106781186546,-0.707106781186549));
#12162=DIRECTION('',(-1.,0.,0.));
#12163=DIRECTION('center_axis',(0.,0.,1.));
#12164=DIRECTION('ref_axis',(0.992886191402561,-0.119067253777508,0.));
#12165=DIRECTION('',(0.,0.,1.));
#12166=DIRECTION('center_axis',(0.,0.,1.));
#12167=DIRECTION('ref_axis',(0.992886191402561,-0.119067253777508,0.));
#12168=DIRECTION('',(0.,0.,1.));
#12169=DIRECTION('center_axis',(0.,0.,1.));
#12170=DIRECTION('ref_axis',(1.77635683940026E-14,1.,0.));
#12171=DIRECTION('',(0.,0.,1.));
#12172=DIRECTION('center_axis',(0.,0.,-1.));
#12173=DIRECTION('ref_axis',(1.77635683940026E-14,1.,0.));
#12174=DIRECTION('center_axis',(0.,-1.,0.));
#12175=DIRECTION('ref_axis',(1.,0.,0.));
#12176=DIRECTION('',(0.,0.,1.));
#12177=DIRECTION('',(1.,0.,0.));
#12178=DIRECTION('center_axis',(0.,0.,1.));
#12179=DIRECTION('ref_axis',(0.99886556980184,-0.0476190451862115,0.));
#12180=DIRECTION('',(0.,0.,1.));
#12181=DIRECTION('center_axis',(0.,0.,-1.));
#12182=DIRECTION('ref_axis',(0.99886556980184,-0.0476190451862115,0.));
#12183=DIRECTION('center_axis',(0.,0.,1.));
#12184=DIRECTION('ref_axis',(1.,0.,0.));
#12185=DIRECTION('center_axis',(-0.489964894431202,-0.871742164992047,0.));
#12186=DIRECTION('ref_axis',(-0.871742164992047,0.489964894431202,0.));
#12187=DIRECTION('center_axis',(0.452617209383155,0.891704918552211,0.));
#12188=DIRECTION('ref_axis',(0.,0.,-1.));
#12189=DIRECTION('center_axis',(0.,0.,-1.));
#12190=DIRECTION('ref_axis',(-0.881921264348354,0.471396736825999,0.));
#12191=DIRECTION('center_axis',(0.,0.,-1.));
#12192=DIRECTION('ref_axis',(-1.,0.,0.));
#12193=DIRECTION('center_axis',(0.923879532511283,-0.382683432365099,0.));
#12194=DIRECTION('ref_axis',(0.,0.,-1.));
#12195=DIRECTION('center_axis',(0.,0.,1.));
#12196=DIRECTION('ref_axis',(0.346839678598147,-0.937924430511294,0.));
#12197=DIRECTION('center_axis',(-0.923879532511286,0.382683432365091,0.));
#12198=DIRECTION('ref_axis',(0.270598050073105,0.653281482438186,-0.707106781186548));
#12199=DIRECTION('center_axis',(0.923879532511283,-0.382683432365099,0.));
#12200=DIRECTION('ref_axis',(0.,0.,-1.));
#12201=DIRECTION('',(0.923879532511286,-0.382683432365091,0.));
#12202=DIRECTION('center_axis',(0.,0.,-1.));
#12203=DIRECTION('ref_axis',(-1.,0.,0.));
#12204=DIRECTION('center_axis',(-0.426243565928331,-0.904608436012345,3.54828553613601E-15));
#12205=DIRECTION('ref_axis',(9.43580165113131E-7,-4.44606707006059E-7,-0.999999999999456));
#12206=DIRECTION('center_axis',(0.,0.,1.));
#12207=DIRECTION('ref_axis',(-0.932731571156846,-0.360571513249843,0.));
#12208=DIRECTION('center_axis',(0.,0.,-1.));
#12209=DIRECTION('ref_axis',(-1.,0.,0.));
#12210=DIRECTION('center_axis',(-0.831469612302551,0.555570233019594,0.));
#12211=DIRECTION('ref_axis',(0.,0.,-1.));
#12212=DIRECTION('center_axis',(0.,0.,1.));
#12213=DIRECTION('ref_axis',(-0.21839364000316,0.975860757488572,0.));
#12214=DIRECTION('center_axis',(-0.515346188330866,-0.856982092095773,0.));
#12215=DIRECTION('ref_axis',(0.,0.,-1.));
#12216=DIRECTION('center_axis',(0.831469612302546,-0.555570233019602,0.));
#12217=DIRECTION('ref_axis',(-0.392847479193536,-0.587937801209688,-0.707106781186549));
#12218=DIRECTION('center_axis',(-0.831469612302548,0.555570233019598,0.));
#12219=DIRECTION('ref_axis',(0.,0.,-1.));
#12220=DIRECTION('',(-0.831469612302545,0.555570233019602,0.));
#12221=DIRECTION('center_axis',(0.,0.,-1.));
#12222=DIRECTION('ref_axis',(0.972549463665527,0.232696241318799,0.));
#12223=DIRECTION('center_axis',(0.,0.,1.));
#12224=DIRECTION('ref_axis',(0.972549463665527,0.232696241318799,0.));
#12225=DIRECTION('center_axis',(0.,0.,1.));
#12226=DIRECTION('ref_axis',(0.555570233019594,0.831469612302551,0.));
#12227=DIRECTION('',(0.,0.,1.));
#12228=DIRECTION('center_axis',(0.,0.,-1.));
#12229=DIRECTION('ref_axis',(0.555570233019594,0.831469612302551,0.));
#12230=DIRECTION('',(0.,0.,1.));
#12231=DIRECTION('center_axis',(-0.555570233019602,-0.831469612302546,0.));
#12232=DIRECTION('ref_axis',(0.831469612302545,-0.555570233019602,0.));
#12233=DIRECTION('',(0.,0.,1.));
#12234=DIRECTION('',(0.831469612302545,-0.555570233019602,0.));
#12235=DIRECTION('center_axis',(0.,0.,1.));
#12236=DIRECTION('ref_axis',(0.871742164992046,-0.489964894431203,0.));
#12237=DIRECTION('',(0.,0.,1.));
#12238=DIRECTION('center_axis',(0.,0.,-1.));
#12239=DIRECTION('ref_axis',(0.871742164992046,-0.489964894431203,0.));
#12240=DIRECTION('center_axis',(0.,0.,1.));
#12241=DIRECTION('ref_axis',(-0.871742164992047,0.489964894431201,0.));
#12242=DIRECTION('',(0.,0.,1.));
#12243=DIRECTION('center_axis',(0.,0.,1.));
#12244=DIRECTION('ref_axis',(-0.871742164992047,0.489964894431201,0.));
#12245=DIRECTION('center_axis',(0.,0.,-1.));
#12246=DIRECTION('ref_axis',(0.985153408187768,-0.17167633015656,0.));
#12247=DIRECTION('center_axis',(0.831469612302548,0.555570233019599,0.));
#12248=DIRECTION('ref_axis',(0.,0.,-1.));
#12249=DIRECTION('center_axis',(0.,0.,1.));
#12250=DIRECTION('ref_axis',(0.985153408187769,-0.171676330156556,0.));
#12251=DIRECTION('center_axis',(-0.594533766409257,0.804070644035226,0.));
#12252=DIRECTION('ref_axis',(0.,0.,-1.));
#12253=DIRECTION('center_axis',(-0.831469612302545,-0.555570233019602,0.));
#12254=DIRECTION('ref_axis',(-0.392847479193557,0.587937801209682,-0.707106781186542));
#12255=DIRECTION('center_axis',(0.831469612302542,0.555570233019607,0.));
#12256=DIRECTION('ref_axis',(0.,0.,-1.));
#12257=DIRECTION('',(0.831469612302545,0.555570233019602,0.));
#12258=DIRECTION('center_axis',(0.,0.,-1.));
#12259=DIRECTION('ref_axis',(-1.,0.,0.));
#12260=DIRECTION('center_axis',(0.617883296323875,-0.78626982145059,0.));
#12261=DIRECTION('ref_axis',(0.,0.,-1.));
#12262=DIRECTION('center_axis',(0.,0.,1.));
#12263=DIRECTION('ref_axis',(-0.157195272253632,-0.987567540161738,0.));
#12264=DIRECTION('center_axis',(0.,0.,1.));
#12265=DIRECTION('ref_axis',(1.,0.,0.));
#12266=DIRECTION('center_axis',(0.650618816055787,-0.759404474699858,0.));
#12267=DIRECTION('ref_axis',(0.,0.,-1.));
#12268=DIRECTION('center_axis',(0.,0.,-1.));
#12269=DIRECTION('ref_axis',(0.773010453362737,0.634393284163646,0.));
#12270=DIRECTION('center_axis',(0.,0.,-1.));
#12271=DIRECTION('ref_axis',(-1.,0.,0.));
#12272=DIRECTION('center_axis',(-0.707106781186552,-0.707106781186543,0.));
#12273=DIRECTION('ref_axis',(0.,0.,-1.));
#12274=DIRECTION('center_axis',(0.,0.,1.));
#12275=DIRECTION('ref_axis',(-0.999258983078032,0.0384900602475288,0.));
#12276=DIRECTION('center_axis',(0.707106781186548,0.707106781186548,0.));
#12277=DIRECTION('ref_axis',(0.5,-0.5,-0.707106781186548));
#12278=DIRECTION('center_axis',(-0.707106781186548,-0.707106781186548,0.));
#12279=DIRECTION('ref_axis',(0.,0.,-1.));
#12280=DIRECTION('',(-0.707106781186547,-0.707106781186547,0.));
#12281=DIRECTION('center_axis',(0.,0.,-1.));
#12282=DIRECTION('ref_axis',(-1.,0.,0.));
#12283=DIRECTION('center_axis',(0.67263286813585,-0.739976367665441,0.));
#12284=DIRECTION('ref_axis',(-0.739976367665441,-0.67263286813585,0.));
#12285=DIRECTION('center_axis',(0.,0.,1.));
#12286=DIRECTION('ref_axis',(0.0238162780274289,0.999716352222429,0.));
#12287=DIRECTION('center_axis',(0.,0.,1.));
#12288=DIRECTION('ref_axis',(-0.707106781186548,0.707106781186548,0.));
#12289=DIRECTION('',(0.,0.,1.));
#12290=DIRECTION('center_axis',(0.,0.,-1.));
#12291=DIRECTION('ref_axis',(-0.707106781186548,0.707106781186548,0.));
#12292=DIRECTION('',(0.,0.,1.));
#12293=DIRECTION('center_axis',(0.707106781186548,-0.707106781186548,0.));
#12294=DIRECTION('ref_axis',(0.707106781186548,0.707106781186548,0.));
#12295=DIRECTION('',(0.,0.,1.));
#12296=DIRECTION('',(0.707106781186548,0.707106781186548,0.));
#12297=DIRECTION('center_axis',(0.,0.,1.));
#12298=DIRECTION('ref_axis',(0.739976367665445,0.672632868135846,0.));
#12299=DIRECTION('',(0.,0.,1.));
#12300=DIRECTION('center_axis',(0.,0.,-1.));
#12301=DIRECTION('ref_axis',(0.739976367665445,0.672632868135846,0.));
#12302=DIRECTION('center_axis',(0.,0.,1.));
#12303=DIRECTION('ref_axis',(0.804070644035226,0.594533766409257,0.));
#12304=DIRECTION('center_axis',(0.,0.,1.));
#12305=DIRECTION('ref_axis',(0.773010453362737,0.634393284163645,0.));
#12306=DIRECTION('',(0.,0.,1.));
#12307=DIRECTION('center_axis',(0.,0.,-1.));
#12308=DIRECTION('ref_axis',(0.804070644035226,0.594533766409257,0.));
#12309=DIRECTION('center_axis',(0.,0.,-1.));
#12310=DIRECTION('ref_axis',(-1.,0.,0.));
#12311=DIRECTION('center_axis',(-0.310481896689109,0.950579292762226,0.));
#12312=DIRECTION('ref_axis',(0.950579292762226,0.310481896689109,0.));
#12313=DIRECTION('center_axis',(-0.923879532511291,-0.38268343236508,0.));
#12314=DIRECTION('ref_axis',(0.,0.,-1.));
#12315=DIRECTION('center_axis',(0.,0.,1.));
#12316=DIRECTION('ref_axis',(-0.908465413776375,0.417960036333762,0.));
#12317=DIRECTION('center_axis',(0.923879532511287,0.382683432365089,0.));
#12318=DIRECTION('ref_axis',(0.270598050073105,-0.653281482438186,-0.707106781186548));
#12319=DIRECTION('center_axis',(-0.923879532511292,-0.382683432365077,0.));
#12320=DIRECTION('ref_axis',(0.,0.,-1.));
#12321=DIRECTION('',(-0.923879532511287,-0.382683432365089,0.));
#12322=DIRECTION('center_axis',(0.,0.,-1.));
#12323=DIRECTION('ref_axis',(-1.,0.,0.));
#12324=DIRECTION('center_axis',(-0.338255043517793,0.941054475327957,5.9807337908498E-16));
#12325=DIRECTION('ref_axis',(-9.81596324222699E-7,-3.52827509430916E-7,
-0.999999999999456));
#12326=DIRECTION('center_axis',(0.,0.,1.));
#12327=DIRECTION('ref_axis',(0.404578256870117,0.914503381113453,0.));
#12328=DIRECTION('center_axis',(0.,0.,-1.));
#12329=DIRECTION('ref_axis',(0.844465382928256,-0.535610135299766,0.));
#12330=DIRECTION('center_axis',(0.980785280403233,0.195090322016115,0.));
#12331=DIRECTION('ref_axis',(0.,0.,-1.));
#12332=DIRECTION('center_axis',(0.,0.,1.));
#12333=DIRECTION('ref_axis',(0.844465382928256,-0.535610135299767,0.));
#12334=DIRECTION('center_axis',(-0.241573064248949,0.970382633103753,0.));
#12335=DIRECTION('ref_axis',(0.,0.,-1.));
#12336=DIRECTION('center_axis',(-0.98078528040323,-0.195090322016129,0.));
#12337=DIRECTION('ref_axis',(-0.137949689641461,0.693519922661077,-0.707106781186547));
#12338=DIRECTION('center_axis',(0.98078528040323,0.19509032201613,0.));
#12339=DIRECTION('ref_axis',(0.,0.,-1.));
#12340=DIRECTION('',(0.98078528040323,0.195090322016129,0.));
#12341=DIRECTION('center_axis',(0.,0.,-1.));
#12342=DIRECTION('ref_axis',(-1.,0.,0.));
#12343=DIRECTION('center_axis',(0.26995729691647,-0.962872295707771,0.));
#12344=DIRECTION('ref_axis',(0.,0.,-1.));
#12345=DIRECTION('center_axis',(0.,0.,1.));
#12346=DIRECTION('ref_axis',(-0.523155230604081,-0.852237410990383,0.));
#12347=DIRECTION('center_axis',(0.,0.,1.));
#12348=DIRECTION('ref_axis',(1.,0.,0.));
#12349=DIRECTION('center_axis',(0.,0.,-1.));
#12350=DIRECTION('ref_axis',(0.956940335732209,0.290284677254463,0.));
#12351=DIRECTION('center_axis',(-0.195090322016129,0.98078528040323,0.));
#12352=DIRECTION('ref_axis',(-0.98078528040323,-0.195090322016129,0.));
#12353=DIRECTION('',(0.,0.,1.));
#12354=DIRECTION('',(-0.98078528040323,-0.195090322016129,0.));
#12355=DIRECTION('',(0.,0.,1.));
#12356=DIRECTION('center_axis',(0.,0.,1.));
#12357=DIRECTION('ref_axis',(-0.962872295707771,-0.26995729691647,0.));
#12358=DIRECTION('',(0.,0.,1.));
#12359=DIRECTION('center_axis',(0.,0.,-1.));
#12360=DIRECTION('ref_axis',(-0.962872295707771,-0.26995729691647,0.));
#12361=DIRECTION('center_axis',(0.,0.,1.));
#12362=DIRECTION('ref_axis',(0.962872295707772,0.269957296916467,0.));
#12363=DIRECTION('',(0.,0.,1.));
#12364=DIRECTION('center_axis',(0.,0.,1.));
#12365=DIRECTION('ref_axis',(0.962872295707772,0.269957296916467,0.));
#12366=DIRECTION('center_axis',(0.,0.,1.));
#12367=DIRECTION('ref_axis',(-0.382683432365068,0.923879532511296,0.));
#12368=DIRECTION('',(0.,0.,1.));
#12369=DIRECTION('center_axis',(0.,0.,-1.));
#12370=DIRECTION('ref_axis',(-0.382683432365068,0.923879532511296,0.));
#12371=DIRECTION('center_axis',(0.,0.,-1.));
#12372=DIRECTION('ref_axis',(0.987567540161742,-0.157195272253606,0.));
#12373=DIRECTION('center_axis',(0.55557023301957,-0.831469612302567,0.));
#12374=DIRECTION('ref_axis',(-0.831469612302567,-0.55557023301957,0.));
#12375=DIRECTION('center_axis',(0.786269821450535,0.617883296323945,0.));
#12376=DIRECTION('ref_axis',(0.,0.,-1.));
#12377=DIRECTION('center_axis',(0.,0.,1.));
#12378=DIRECTION('ref_axis',(0.98756754016174,-0.157195272253619,0.));
#12379=DIRECTION('center_axis',(0.,0.,1.));
#12380=DIRECTION('ref_axis',(1.,0.,0.));
#12381=DIRECTION('center_axis',(0.759404474699868,0.650618816055774,0.));
#12382=DIRECTION('ref_axis',(0.,0.,-1.));
#12383=DIRECTION('center_axis',(0.,0.,-1.));
#12384=DIRECTION('ref_axis',(-0.634393284163646,0.773010453362736,0.));
#12385=DIRECTION('center_axis',(0.,0.,-1.));
#12386=DIRECTION('ref_axis',(-1.,0.,0.));
#12387=DIRECTION('center_axis',(0.707106781186565,-0.70710678118653,0.));
#12388=DIRECTION('ref_axis',(0.,0.,-1.));
#12389=DIRECTION('center_axis',(0.,0.,1.));
#12390=DIRECTION('ref_axis',(-0.0384900602475107,-0.999258983078032,0.));
#12391=DIRECTION('center_axis',(-0.707106781186548,0.707106781186548,0.));
#12392=DIRECTION('ref_axis',(0.499999999999996,0.500000000000009,-0.707106781186544));
#12393=DIRECTION('center_axis',(0.707106781186552,-0.707106781186543,0.));
#12394=DIRECTION('ref_axis',(0.,0.,-1.));
#12395=DIRECTION('',(0.707106781186548,-0.707106781186548,0.));
#12396=DIRECTION('center_axis',(0.,0.,-1.));
#12397=DIRECTION('ref_axis',(-1.,0.,0.));
#12398=DIRECTION('center_axis',(-0.739976367665427,-0.672632868135866,-8.50042006984E-15));
#12399=DIRECTION('ref_axis',(7.01610787245573E-7,-7.71855521719124E-7,-0.999999999999456));
#12400=DIRECTION('center_axis',(0.,0.,1.));
#12401=DIRECTION('ref_axis',(-0.999716352222429,0.023816278027438,0.));
#12402=DIRECTION('center_axis',(0.,0.,-1.));
#12403=DIRECTION('ref_axis',(-1.,0.,0.));
#12404=DIRECTION('center_axis',(-0.555570233019597,0.831469612302549,0.));
#12405=DIRECTION('ref_axis',(0.,0.,-1.));
#12406=DIRECTION('center_axis',(0.,0.,1.));
#12407=DIRECTION('ref_axis',(0.171676330156564,0.985153408187768,0.));
#12408=DIRECTION('center_axis',(-0.804070644035228,-0.594533766409254,0.));
#12409=DIRECTION('ref_axis',(0.,0.,-1.));
#12410=DIRECTION('center_axis',(0.555570233019603,-0.831469612302545,0.));
#12411=DIRECTION('ref_axis',(-0.587937801209685,-0.392847479193547,-0.707106781186545));
#12412=DIRECTION('',(-0.555570233019603,0.831469612302545,0.));
#12413=DIRECTION('center_axis',(0.,0.,1.));
#12414=DIRECTION('ref_axis',(-0.594533766409257,0.804070644035226,0.));
#12415=DIRECTION('center_axis',(0.,0.,1.));
#12416=DIRECTION('ref_axis',(-0.634393284163646,0.773010453362737,0.));
#12417=DIRECTION('',(0.,0.,1.));
#12418=DIRECTION('center_axis',(0.,0.,-1.));
#12419=DIRECTION('ref_axis',(-0.594533766409257,0.804070644035226,0.));
#12420=DIRECTION('',(0.,0.,1.));
#12421=DIRECTION('center_axis',(0.,0.,1.));
#12422=DIRECTION('ref_axis',(0.831469612302551,0.555570233019594,0.));
#12423=DIRECTION('',(0.,0.,1.));
#12424=DIRECTION('center_axis',(0.,0.,-1.));
#12425=DIRECTION('ref_axis',(0.831469612302551,0.555570233019594,0.));
#12426=DIRECTION('center_axis',(-0.831469612302545,-0.555570233019603,0.));
#12427=DIRECTION('ref_axis',(0.555570233019603,-0.831469612302545,0.));
#12428=DIRECTION('',(0.,0.,1.));
#12429=DIRECTION('',(0.555570233019603,-0.831469612302545,0.));
#12430=DIRECTION('center_axis',(0.,0.,1.));
#12431=DIRECTION('ref_axis',(0.617883296323941,-0.786269821450538,0.));
#12432=DIRECTION('',(0.,0.,1.));
#12433=DIRECTION('center_axis',(0.,0.,-1.));
#12434=DIRECTION('ref_axis',(0.617883296323941,-0.786269821450538,0.));
#12435=DIRECTION('center_axis',(0.,0.,1.));
#12436=DIRECTION('ref_axis',(1.,0.,0.));
#12437=DIRECTION('center_axis',(0.,-1.,0.));
#12438=DIRECTION('ref_axis',(-1.,0.,0.));
#12439=DIRECTION('center_axis',(0.,0.,1.));
#12440=DIRECTION('ref_axis',(1.,0.,0.));
#12441=DIRECTION('center_axis',(0.,0.,-1.));
#12442=DIRECTION('ref_axis',(1.,0.,0.));
#12443=DIRECTION('center_axis',(0.,-1.,0.));
#12444=DIRECTION('ref_axis',(-1.,0.,0.));
#12445=DIRECTION('center_axis',(0.,0.,1.));
#12446=DIRECTION('ref_axis',(0.995184726672197,-0.098017140329561,0.));
#12447=DIRECTION('center_axis',(0.,0.,1.));
#12448=DIRECTION('ref_axis',(0.956940335732209,0.290284677254462,0.));
#12449=DIRECTION('center_axis',(0.,0.,1.));
#12450=DIRECTION('ref_axis',(0.471396736825998,0.881921264348355,0.));
#12451=DIRECTION('center_axis',(0.,0.,1.));
#12452=DIRECTION('ref_axis',(-0.881921264348355,0.471396736825998,0.));
#12453=DIRECTION('center_axis',(0.,0.,1.));
#12454=DIRECTION('ref_axis',(-0.995184726672197,0.0980171403295606,0.));
#12455=DIRECTION('center_axis',(0.,0.,1.));
#12456=DIRECTION('ref_axis',(1.,0.,0.));
#12457=DIRECTION('center_axis',(0.,0.,1.));
#12458=DIRECTION('ref_axis',(1.,0.,0.));
#12459=DIRECTION('',(0.,0.,-1.));
#12460=DIRECTION('center_axis',(-0.196102231685991,0.980583456278849,0.));
#12461=DIRECTION('ref_axis',(0.980583456278849,0.196102231685991,0.));
#12462=DIRECTION('center_axis',(0.980568994576703,-0.196174531667171,0.));
#12463=DIRECTION('ref_axis',(0.196174531667171,0.980568994576703,0.));
#12464=DIRECTION('center_axis',(0.,0.,-1.));
#12465=DIRECTION('ref_axis',(7.37321375066118E-5,0.999999997281786,0.));
#12466=DIRECTION('center_axis',(0.980580675690921,0.196116135138181,0.));
#12467=DIRECTION('ref_axis',(0.196116135138181,-0.980580675690921,0.));
#12468=DIRECTION('center_axis',(-0.196116135138181,-0.980580675690921,0.));
#12469=DIRECTION('ref_axis',(0.980580675690921,-0.196116135138181,0.));
#12470=DIRECTION('center_axis',(0.,0.,-1.));
#12471=DIRECTION('ref_axis',(1.,0.,0.));
#12472=DIRECTION('center_axis',(0.196116135138144,-0.980580675690928,0.));
#12473=DIRECTION('ref_axis',(-0.980580675690928,-0.196116135138144,0.));
#12474=DIRECTION('center_axis',(-0.980580675690924,0.196116135138164,0.));
#12475=DIRECTION('ref_axis',(-0.196116135138164,-0.980580675690924,0.));
#12476=DIRECTION('center_axis',(0.,0.,-1.));
#12477=DIRECTION('ref_axis',(0.,-1.,0.));
#12478=DIRECTION('center_axis',(-0.980580675690921,-0.196116135138181,0.));
#12479=DIRECTION('ref_axis',(-0.196116135138181,0.980580675690921,0.));
#12480=DIRECTION('center_axis',(0.196116135138181,0.980580675690921,0.));
#12481=DIRECTION('ref_axis',(-0.980580675690921,0.196116135138181,0.));
#12482=DIRECTION('center_axis',(0.,0.,-1.));
#12483=DIRECTION('ref_axis',(-1.,0.,0.));
#12484=DIRECTION('center_axis',(0.,-1.,0.));
#12485=DIRECTION('ref_axis',(0.70710678118654,0.,-0.707106781186555));
#12486=DIRECTION('',(0.,-1.,0.));
#12487=DIRECTION('center_axis',(0.,1.,0.));
#12488=DIRECTION('ref_axis',(1.,0.,0.));
#12489=DIRECTION('center_axis',(0.,0.,1.));
#12490=DIRECTION('ref_axis',(1.,0.,0.));
#12491=DIRECTION('center_axis',(-1.,0.,0.));
#12492=DIRECTION('ref_axis',(0.,1.,0.));
#12493=DIRECTION('center_axis',(0.,0.,1.));
#12494=DIRECTION('ref_axis',(-0.707106781186547,-0.707106781186547,0.));
#12495=DIRECTION('center_axis',(1.,0.,0.));
#12496=DIRECTION('ref_axis',(0.,0.707106781186546,-0.707106781186549));
#12497=DIRECTION('center_axis',(-1.,0.,0.));
#12498=DIRECTION('ref_axis',(0.,1.,0.));
#12499=DIRECTION('',(1.,0.,0.));
#12500=DIRECTION('center_axis',(0.,1.,0.));
#12501=DIRECTION('ref_axis',(-0.70710678118654,0.,-0.707106781186555));
#12502=DIRECTION('center_axis',(0.,1.,0.));
#12503=DIRECTION('ref_axis',(0.,0.,-1.));
#12504=DIRECTION('',(0.,1.,0.));
#12505=DIRECTION('center_axis',(0.,0.,1.));
#12506=DIRECTION('ref_axis',(1.,0.,0.));
#12507=DIRECTION('center_axis',(0.,0.,1.));
#12508=DIRECTION('ref_axis',(0.707106781186547,-0.707106781186547,0.));
#12509=DIRECTION('center_axis',(1.,0.,0.));
#12510=DIRECTION('ref_axis',(0.,0.707106781186546,-0.707106781186549));
#12511=DIRECTION('',(1.,0.,0.));
#12512=DIRECTION('center_axis',(-1.,0.,0.));
#12513=DIRECTION('ref_axis',(0.,1.,0.));
#12514=DIRECTION('center_axis',(0.,0.,1.));
#12515=DIRECTION('ref_axis',(1.,0.,0.));
#12516=DIRECTION('center_axis',(0.,-1.,0.));
#12517=DIRECTION('ref_axis',(-1.,0.,0.));
#12518=DIRECTION('center_axis',(0.,0.,1.));
#12519=DIRECTION('ref_axis',(0.707106781186525,-0.70710678118657,0.));
#12520=DIRECTION('center_axis',(0.,1.,0.));
#12521=DIRECTION('ref_axis',(-0.707106781186553,0.,-0.707106781186542));
#12522=DIRECTION('center_axis',(0.,-1.,0.));
#12523=DIRECTION('ref_axis',(-1.,0.,0.));
#12524=DIRECTION('',(0.,1.,0.));
#12525=DIRECTION('center_axis',(0.,0.,1.));
#12526=DIRECTION('ref_axis',(1.,0.,0.));
#12527=DIRECTION('center_axis',(1.,0.,0.));
#12528=DIRECTION('ref_axis',(0.,-1.,0.));
#12529=DIRECTION('center_axis',(0.,0.,1.));
#12530=DIRECTION('ref_axis',(0.707106781186547,0.707106781186547,0.));
#12531=DIRECTION('center_axis',(-1.,0.,0.));
#12532=DIRECTION('ref_axis',(0.,-0.707106781186546,-0.707106781186549));
#12533=DIRECTION('',(-1.,0.,0.));
#12534=DIRECTION('center_axis',(1.82337159948669E-14,1.,0.));
#12535=DIRECTION('ref_axis',(-0.70710678118654,1.25607396694703E-14,-0.707106781186555));
#12536=DIRECTION('',(1.82337159948669E-14,1.,0.));
#12537=DIRECTION('center_axis',(-1.77635683940026E-14,-1.,0.));
#12538=DIRECTION('ref_axis',(-1.,1.77635683940026E-14,0.));
#12539=DIRECTION('center_axis',(0.,0.,1.));
#12540=DIRECTION('ref_axis',(1.,0.,0.));
#12541=DIRECTION('center_axis',(1.,0.,0.));
#12542=DIRECTION('ref_axis',(0.,-1.,0.));
#12543=DIRECTION('center_axis',(0.,0.,1.));
#12544=DIRECTION('ref_axis',(0.707106781186525,0.70710678118657,0.));
#12545=DIRECTION('center_axis',(-1.,0.,0.));
#12546=DIRECTION('ref_axis',(0.,-0.707106781186546,-0.707106781186549));
#12547=DIRECTION('center_axis',(1.,0.,0.));
#12548=DIRECTION('ref_axis',(0.,-1.,0.));
#12549=DIRECTION('',(-1.,0.,0.));
#12550=DIRECTION('center_axis',(0.,0.,1.));
#12551=DIRECTION('ref_axis',(1.,0.,0.));
#12552=DIRECTION('center_axis',(0.,1.,0.));
#12553=DIRECTION('ref_axis',(1.,0.,0.));
#12554=DIRECTION('center_axis',(0.,0.,1.));
#12555=DIRECTION('ref_axis',(-0.707106781186547,0.707106781186547,0.));
#12556=DIRECTION('center_axis',(0.,-1.,0.));
#12557=DIRECTION('ref_axis',(0.70710678118654,0.,-0.707106781186555));
#12558=DIRECTION('',(0.,-1.,0.));
#12559=DIRECTION('center_axis',(-1.,0.,0.));
#12560=DIRECTION('ref_axis',(0.,-0.707106781186546,-0.707106781186549));
#12561=DIRECTION('',(-1.,0.,0.));
#12562=DIRECTION('center_axis',(1.,0.,0.));
#12563=DIRECTION('ref_axis',(0.,-1.,0.));
#12564=DIRECTION('center_axis',(0.,0.,1.));
#12565=DIRECTION('ref_axis',(1.,0.,0.));
#12566=DIRECTION('center_axis',(0.,1.,0.));
#12567=DIRECTION('ref_axis',(1.,0.,0.));
#12568=DIRECTION('center_axis',(0.,0.,1.));
#12569=DIRECTION('ref_axis',(-0.707106781186547,0.707106781186547,0.));
#12570=DIRECTION('center_axis',(4.93430434258988E-15,-1.,0.));
#12571=DIRECTION('ref_axis',(0.707106781186553,1.25607396694701E-14,-0.707106781186542));
#12572=DIRECTION('center_axis',(-8.88178419700128E-15,1.,0.));
#12573=DIRECTION('ref_axis',(1.,8.88178419700128E-15,0.));
#12574=DIRECTION('',(4.93430434258988E-15,-1.,0.));
#12575=DIRECTION('center_axis',(0.,0.,1.));
#12576=DIRECTION('ref_axis',(1.,0.,0.));
#12577=DIRECTION('center_axis',(-0.999999997281786,7.37321374622018E-5,
0.));
#12578=DIRECTION('ref_axis',(7.37321374622018E-5,0.999999997281786,0.));
#12579=DIRECTION('center_axis',(0.,0.,1.));
#12580=DIRECTION('ref_axis',(-0.707132848953236,-0.707080712458825,0.));
#12581=DIRECTION('center_axis',(0.999999997281786,-7.37321375027477E-5,
0.));
#12582=DIRECTION('ref_axis',(5.21364944034621E-5,0.707106779264478,-0.70710678118655));
#12583=DIRECTION('',(0.999999997281786,-7.37321375027477E-5,0.));
#12584=DIRECTION('center_axis',(1.,0.,0.));
#12585=DIRECTION('ref_axis',(0.,1.,0.));
#12586=DIRECTION('',(0.,0.,1.));
#12587=DIRECTION('',(0.,1.,0.));
#12588=DIRECTION('',(0.,0.,1.));
#12589=DIRECTION('center_axis',(0.,0.,1.));
#12590=DIRECTION('ref_axis',(0.,1.,0.));
#12591=DIRECTION('',(0.,0.,1.));
#12592=DIRECTION('center_axis',(0.,0.,-1.));
#12593=DIRECTION('ref_axis',(0.,1.,0.));
#12594=DIRECTION('center_axis',(0.,-1.,0.));
#12595=DIRECTION('ref_axis',(1.,0.,0.));
#12596=DIRECTION('',(0.,0.,1.));
#12597=DIRECTION('',(1.,0.,0.));
#12598=DIRECTION('center_axis',(0.,0.,1.));
#12599=DIRECTION('ref_axis',(1.,0.,0.));
#12600=DIRECTION('',(0.,0.,-1.));
#12601=DIRECTION('center_axis',(0.,0.,-1.));
#12602=DIRECTION('ref_axis',(1.,0.,0.));
#12603=DIRECTION('center_axis',(-1.,1.82337159948669E-14,0.));
#12604=DIRECTION('ref_axis',(-1.82337159948669E-14,-1.,0.));
#12605=DIRECTION('',(0.,0.,1.));
#12606=DIRECTION('',(-1.82337159948669E-14,-1.,0.));
#12607=DIRECTION('center_axis',(0.,0.,1.));
#12608=DIRECTION('ref_axis',(-1.,0.,0.));
#12609=DIRECTION('',(0.,0.,1.));
#12610=DIRECTION('center_axis',(0.,0.,1.));
#12611=DIRECTION('ref_axis',(-1.,0.,0.));
#12612=DIRECTION('center_axis',(0.,-1.,0.));
#12613=DIRECTION('ref_axis',(1.,0.,0.));
#12614=DIRECTION('',(0.,0.,1.));
#12615=DIRECTION('',(1.,0.,0.));
#12616=DIRECTION('center_axis',(0.,0.,1.));
#12617=DIRECTION('ref_axis',(1.,0.,0.));
#12618=DIRECTION('',(0.,0.,1.));
#12619=DIRECTION('center_axis',(0.,0.,-1.));
#12620=DIRECTION('ref_axis',(1.,0.,0.));
#12621=DIRECTION('center_axis',(-1.,0.,0.));
#12622=DIRECTION('ref_axis',(0.,-1.,0.));
#12623=DIRECTION('',(0.,0.,1.));
#12624=DIRECTION('',(0.,-1.,0.));
#12625=DIRECTION('center_axis',(0.,0.,1.));
#12626=DIRECTION('ref_axis',(0.,-1.,0.));
#12627=DIRECTION('',(0.,0.,1.));
#12628=DIRECTION('center_axis',(0.,0.,-1.));
#12629=DIRECTION('ref_axis',(0.,-1.,0.));
#12630=DIRECTION('center_axis',(0.,1.,0.));
#12631=DIRECTION('ref_axis',(-1.,0.,0.));
#12632=DIRECTION('',(0.,0.,1.));
#12633=DIRECTION('',(-1.,0.,0.));
#12634=DIRECTION('center_axis',(0.,0.,1.));
#12635=DIRECTION('ref_axis',(0.,1.,0.));
#12636=DIRECTION('',(0.,0.,1.));
#12637=DIRECTION('center_axis',(0.,0.,1.));
#12638=DIRECTION('ref_axis',(0.,1.,0.));
#12639=DIRECTION('center_axis',(0.195090322016128,0.980785280403231,0.));
#12640=DIRECTION('ref_axis',(-0.98078528040323,0.195090322016128,0.));
#12641=DIRECTION('',(0.,0.,1.));
#12642=DIRECTION('',(-0.98078528040323,0.195090322016128,0.));
#12643=DIRECTION('',(0.,0.,1.));
#12644=DIRECTION('center_axis',(0.,0.,1.));
#12645=DIRECTION('ref_axis',(-0.195090322016141,-0.980785280403228,0.));
#12646=DIRECTION('center_axis',(0.,0.,-1.));
#12647=DIRECTION('ref_axis',(-0.195090322016141,-0.980785280403228,0.));
#12648=DIRECTION('',(0.,0.,1.));
#12649=DIRECTION('center_axis',(0.,0.,1.));
#12650=DIRECTION('ref_axis',(0.988962662822707,-0.148164947077978,0.));
#12651=DIRECTION('center_axis',(0.,0.,-1.));
#12652=DIRECTION('ref_axis',(0.988962662822707,-0.148164947077978,0.));
#12653=DIRECTION('center_axis',(0.,0.,1.));
#12654=DIRECTION('ref_axis',(-0.992886191402564,0.119067253777485,0.));
#12655=DIRECTION('center_axis',(0.,0.,-1.));
#12656=DIRECTION('ref_axis',(-0.992886191402564,0.119067253777485,0.));
#12657=DIRECTION('center_axis',(0.,0.,1.));
#12658=DIRECTION('ref_axis',(-0.672632868135842,0.739976367665449,0.));
#12659=DIRECTION('center_axis',(0.,0.,-1.));
#12660=DIRECTION('ref_axis',(-0.672632868135842,0.739976367665449,0.));
#12661=DIRECTION('',(0.,0.,1.));
#12662=DIRECTION('center_axis',(0.707106781186548,0.707106781186548,0.));
#12663=DIRECTION('ref_axis',(-0.707106781186548,0.707106781186548,0.));
#12664=DIRECTION('',(-0.707106781186548,0.707106781186548,0.));
#12665=DIRECTION('',(0.,0.,1.));
#12666=DIRECTION('center_axis',(0.,0.,1.));
#12667=DIRECTION('ref_axis',(-0.70710678118653,-0.707106781186565,0.));
#12668=DIRECTION('center_axis',(0.,0.,-1.));
#12669=DIRECTION('ref_axis',(-0.70710678118653,-0.707106781186565,0.));
#12670=DIRECTION('',(0.,0.,1.));
#12671=DIRECTION('center_axis',(0.,0.,1.));
#12672=DIRECTION('ref_axis',(-0.6178832963239,0.78626982145057,0.));
#12673=DIRECTION('center_axis',(0.,0.,1.));
#12674=DIRECTION('ref_axis',(-0.6178832963239,0.78626982145057,0.));
#12675=DIRECTION('center_axis',(-0.555570233019602,0.831469612302545,0.));
#12676=DIRECTION('ref_axis',(-0.831469612302545,-0.555570233019602,0.));
#12677=DIRECTION('',(0.,0.,1.));
#12678=DIRECTION('',(-0.831469612302545,-0.555570233019602,0.));
#12679=DIRECTION('',(0.,0.,1.));
#12680=DIRECTION('center_axis',(0.,0.,1.));
#12681=DIRECTION('ref_axis',(0.555570233019599,-0.831469612302548,0.));
#12682=DIRECTION('center_axis',(0.,0.,-1.));
#12683=DIRECTION('ref_axis',(0.555570233019599,-0.831469612302548,0.));
#12684=DIRECTION('center_axis',(0.,0.,1.));
#12685=DIRECTION('ref_axis',(0.786269821450571,0.617883296323899,0.));
#12686=DIRECTION('center_axis',(0.,0.,1.));
#12687=DIRECTION('ref_axis',(0.786269821450571,0.617883296323899,0.));
#12688=DIRECTION('',(0.,0.,1.));
#12689=DIRECTION('center_axis',(0.,0.,1.));
#12690=DIRECTION('ref_axis',(-0.786269821450587,-0.617883296323878,0.));
#12691=DIRECTION('center_axis',(0.,0.,-1.));
#12692=DIRECTION('ref_axis',(-0.786269821450587,-0.617883296323878,0.));
#12693=DIRECTION('center_axis',(0.,0.,1.));
#12694=DIRECTION('ref_axis',(-0.426243565928338,-0.904608436012342,0.));
#12695=DIRECTION('center_axis',(0.,0.,-1.));
#12696=DIRECTION('ref_axis',(-0.426243565928338,-0.904608436012342,0.));
#12697=DIRECTION('',(0.,0.,1.));
#12698=DIRECTION('center_axis',(-0.923879532511287,0.382683432365089,0.));
#12699=DIRECTION('ref_axis',(-0.382683432365089,-0.923879532511287,0.));
#12700=DIRECTION('',(-0.382683432365089,-0.923879532511287,0.));
#12701=DIRECTION('',(0.,0.,1.));
#12702=DIRECTION('center_axis',(0.,0.,1.));
#12703=DIRECTION('ref_axis',(0.92387953251129,-0.382683432365081,0.));
#12704=DIRECTION('center_axis',(0.,0.,-1.));
#12705=DIRECTION('ref_axis',(0.92387953251129,-0.382683432365081,0.));
#12706=DIRECTION('',(0.,0.,1.));
#12707=DIRECTION('center_axis',(0.,0.,1.));
#12708=DIRECTION('ref_axis',(-0.489964894431201,-0.871742164992048,0.));
#12709=DIRECTION('center_axis',(0.,0.,1.));
#12710=DIRECTION('ref_axis',(-0.489964894431201,-0.871742164992048,0.));
#12711=DIRECTION('center_axis',(0.,0.,1.));
#12712=DIRECTION('ref_axis',(0.119067253777508,0.992886191402561,0.));
#12713=DIRECTION('center_axis',(0.,0.,1.));
#12714=DIRECTION('ref_axis',(0.119067253777508,0.992886191402561,0.));
#12715=DIRECTION('',(0.,0.,1.));
#12716=DIRECTION('center_axis',(0.,0.,1.));
#12717=DIRECTION('ref_axis',(-0.119067253777485,-0.992886191402564,0.));
#12718=DIRECTION('center_axis',(0.,0.,-1.));
#12719=DIRECTION('ref_axis',(-0.119067253777485,-0.992886191402564,0.));
#12720=DIRECTION('',(0.,0.,1.));
#12721=DIRECTION('center_axis',(-0.98078528040323,0.195090322016129,0.));
#12722=DIRECTION('ref_axis',(-0.195090322016129,-0.98078528040323,0.));
#12723=DIRECTION('',(-0.195090322016129,-0.98078528040323,0.));
#12724=DIRECTION('',(0.,0.,1.));
#12725=DIRECTION('center_axis',(0.,0.,1.));
#12726=DIRECTION('ref_axis',(0.980785280403236,-0.195090322016101,0.));
#12727=DIRECTION('center_axis',(0.,0.,-1.));
#12728=DIRECTION('ref_axis',(0.980785280403236,-0.195090322016101,0.));
#12729=DIRECTION('center_axis',(0.,0.,1.));
#12730=DIRECTION('ref_axis',(0.19509032201613,0.98078528040323,0.));
#12731=DIRECTION('center_axis',(0.,0.,-1.));
#12732=DIRECTION('ref_axis',(0.19509032201613,0.98078528040323,0.));
#12733=DIRECTION('',(0.,0.,1.));
#12734=DIRECTION('center_axis',(0.,0.,1.));
#12735=DIRECTION('ref_axis',(-0.988962662822707,0.148164947077978,0.));
#12736=DIRECTION('center_axis',(0.,0.,-1.));
#12737=DIRECTION('ref_axis',(-0.988962662822707,0.148164947077978,0.));
#12738=DIRECTION('',(0.,0.,1.));
#12739=DIRECTION('center_axis',(0.,0.,1.));
#12740=DIRECTION('ref_axis',(-0.998865569801841,0.0476190451861837,0.));
#12741=DIRECTION('center_axis',(0.,0.,-1.));
#12742=DIRECTION('ref_axis',(-0.998865569801841,0.0476190451861837,0.));
#12743=DIRECTION('',(0.,0.,1.));
#12744=DIRECTION('center_axis',(0.,1.,0.));
#12745=DIRECTION('ref_axis',(-1.,0.,0.));
#12746=DIRECTION('',(-1.,0.,0.));
#12747=DIRECTION('center_axis',(0.,0.,1.));
#12748=DIRECTION('ref_axis',(0.904608436012335,-0.426243565928352,0.));
#12749=DIRECTION('center_axis',(0.,0.,-1.));
#12750=DIRECTION('ref_axis',(0.904608436012335,-0.426243565928352,0.));
#12751=DIRECTION('',(0.,0.,1.));
#12752=DIRECTION('center_axis',(-0.382683432365091,-0.923879532511287,0.));
#12753=DIRECTION('ref_axis',(0.923879532511286,-0.382683432365091,0.));
#12754=DIRECTION('',(0.923879532511286,-0.382683432365091,0.));
#12755=DIRECTION('',(0.,0.,1.));
#12756=DIRECTION('center_axis',(0.,0.,1.));
#12757=DIRECTION('ref_axis',(0.382683432365096,0.923879532511284,0.));
#12758=DIRECTION('center_axis',(0.,0.,-1.));
#12759=DIRECTION('ref_axis',(0.382683432365096,0.923879532511284,0.));
#12760=DIRECTION('',(0.,0.,1.));
#12761=DIRECTION('center_axis',(0.,0.,1.));
#12762=DIRECTION('ref_axis',(0.871742164992047,-0.489964894431201,0.));
#12763=DIRECTION('center_axis',(0.,0.,1.));
#12764=DIRECTION('ref_axis',(0.871742164992047,-0.489964894431201,0.));
#12765=DIRECTION('center_axis',(0.,0.,1.));
#12766=DIRECTION('ref_axis',(-0.94105447532796,-0.338255043517785,0.));
#12767=DIRECTION('center_axis',(0.,0.,-1.));
#12768=DIRECTION('ref_axis',(-0.94105447532796,-0.338255043517785,0.));
#12769=DIRECTION('',(0.,0.,1.));
#12770=DIRECTION('center_axis',(-0.382683432365088,0.923879532511288,0.));
#12771=DIRECTION('ref_axis',(-0.923879532511288,-0.382683432365088,0.));
#12772=DIRECTION('',(-0.923879532511288,-0.382683432365088,0.));
#12773=DIRECTION('',(0.,0.,1.));
#12774=DIRECTION('center_axis',(0.,0.,1.));
#12775=DIRECTION('ref_axis',(0.382683432365123,-0.923879532511273,0.));
#12776=DIRECTION('center_axis',(0.,0.,-1.));
#12777=DIRECTION('ref_axis',(0.382683432365123,-0.923879532511273,0.));
#12778=DIRECTION('',(0.,0.,1.));
#12779=DIRECTION('center_axis',(0.,0.,1.));
#12780=DIRECTION('ref_axis',(-0.962872295707772,-0.269957296916467,0.));
#12781=DIRECTION('center_axis',(0.,0.,1.));
#12782=DIRECTION('ref_axis',(-0.962872295707772,-0.269957296916467,0.));
#12783=DIRECTION('center_axis',(0.,0.,1.));
#12784=DIRECTION('ref_axis',(-0.739976367665431,-0.672632868135861,0.));
#12785=DIRECTION('center_axis',(0.,0.,-1.));
#12786=DIRECTION('ref_axis',(-0.739976367665431,-0.672632868135861,0.));
#12787=DIRECTION('',(0.,0.,1.));
#12788=DIRECTION('center_axis',(-0.707106781186548,0.707106781186548,0.));
#12789=DIRECTION('ref_axis',(-0.707106781186548,-0.707106781186548,0.));
#12790=DIRECTION('',(-0.707106781186548,-0.707106781186548,0.));
#12791=DIRECTION('',(0.,0.,1.));
#12792=DIRECTION('center_axis',(0.,0.,1.));
#12793=DIRECTION('ref_axis',(0.707106781186548,-0.707106781186548,0.));
#12794=DIRECTION('center_axis',(0.,0.,-1.));
#12795=DIRECTION('ref_axis',(0.707106781186548,-0.707106781186548,0.));
#12796=DIRECTION('',(0.,0.,1.));
#12797=DIRECTION('center_axis',(0.,0.,1.));
#12798=DIRECTION('ref_axis',(-0.786269821450571,-0.617883296323899,0.));
#12799=DIRECTION('center_axis',(0.,0.,1.));
#12800=DIRECTION('ref_axis',(-0.786269821450571,-0.617883296323899,0.));
#12801=DIRECTION('center_axis',(0.,0.,1.));
#12802=DIRECTION('ref_axis',(-0.856982092095767,0.515346188330875,0.));
#12803=DIRECTION('center_axis',(0.,0.,-1.));
#12804=DIRECTION('ref_axis',(-0.856982092095767,0.515346188330875,0.));
#12805=DIRECTION('',(0.,0.,1.));
#12806=DIRECTION('center_axis',(0.,0.,1.));
#12807=DIRECTION('ref_axis',(-0.904608436012332,0.426243565928359,0.));
#12808=DIRECTION('center_axis',(0.,0.,-1.));
#12809=DIRECTION('ref_axis',(-0.904608436012332,0.426243565928359,0.));
#12810=DIRECTION('',(0.,0.,1.));
#12811=DIRECTION('center_axis',(0.382683432365091,0.923879532511286,0.));
#12812=DIRECTION('ref_axis',(-0.923879532511286,0.382683432365091,0.));
#12813=DIRECTION('',(-0.923879532511286,0.382683432365091,0.));
#12814=DIRECTION('',(0.,0.,1.));
#12815=DIRECTION('center_axis',(0.,0.,1.));
#12816=DIRECTION('ref_axis',(-0.382683432365096,-0.923879532511284,0.));
#12817=DIRECTION('center_axis',(0.,0.,-1.));
#12818=DIRECTION('ref_axis',(-0.382683432365096,-0.923879532511284,0.));
#12819=DIRECTION('center_axis',(0.98078528040323,-0.195090322016129,0.));
#12820=DIRECTION('ref_axis',(0.195090322016129,0.98078528040323,0.));
#12821=DIRECTION('',(0.,0.,1.));
#12822=DIRECTION('',(0.195090322016129,0.98078528040323,0.));
#12823=DIRECTION('center_axis',(0.,0.,1.));
#12824=DIRECTION('ref_axis',(1.,-4.44089209850064E-15,0.));
#12825=DIRECTION('center_axis',(0.,0.,-1.));
#12826=DIRECTION('ref_axis',(1.,-4.44089209850064E-15,0.));
#12827=DIRECTION('',(0.,0.,1.));
#12828=DIRECTION('center_axis',(0.,0.,1.));
#12829=DIRECTION('ref_axis',(-0.119067253777511,-0.99288619140256,0.));
#12830=DIRECTION('center_axis',(0.,0.,1.));
#12831=DIRECTION('ref_axis',(-0.119067253777511,-0.99288619140256,0.));
#12832=DIRECTION('',(0.,0.,1.));
#12833=DIRECTION('center_axis',(0.,0.,1.));
#12834=DIRECTION('ref_axis',(0.119067253777506,0.992886191402561,0.));
#12835=DIRECTION('center_axis',(0.,0.,-1.));
#12836=DIRECTION('ref_axis',(0.119067253777506,0.992886191402561,0.));
#12837=DIRECTION('center_axis',(0.,0.,1.));
#12838=DIRECTION('ref_axis',(-0.269957296916466,0.962872295707772,0.));
#12839=DIRECTION('center_axis',(0.,0.,1.));
#12840=DIRECTION('ref_axis',(-0.269957296916466,0.962872295707772,0.));
#12841=DIRECTION('',(0.,0.,1.));
#12842=DIRECTION('center_axis',(0.,0.,1.));
#12843=DIRECTION('ref_axis',(0.269957296916511,-0.962872295707759,0.));
#12844=DIRECTION('center_axis',(0.,0.,-1.));
#12845=DIRECTION('ref_axis',(0.269957296916511,-0.962872295707759,0.));
#12846=DIRECTION('',(0.,0.,1.));
#12847=DIRECTION('center_axis',(-0.98078528040323,-0.195090322016129,0.));
#12848=DIRECTION('ref_axis',(0.195090322016129,-0.98078528040323,0.));
#12849=DIRECTION('',(0.195090322016129,-0.98078528040323,0.));
#12850=DIRECTION('',(0.,0.,1.));
#12851=DIRECTION('center_axis',(0.,0.,1.));
#12852=DIRECTION('ref_axis',(0.98078528040323,0.19509032201613,0.));
#12853=DIRECTION('center_axis',(0.,0.,-1.));
#12854=DIRECTION('ref_axis',(0.98078528040323,0.19509032201613,0.));
#12855=DIRECTION('center_axis',(0.,0.,1.));
#12856=DIRECTION('ref_axis',(0.338255043517819,-0.941054475327948,0.));
#12857=DIRECTION('center_axis',(0.,0.,-1.));
#12858=DIRECTION('ref_axis',(0.338255043517819,-0.941054475327948,0.));
#12859=DIRECTION('',(0.,0.,1.));
#12860=DIRECTION('center_axis',(-0.923879532511287,-0.38268343236509,0.));
#12861=DIRECTION('ref_axis',(0.38268343236509,-0.923879532511287,0.));
#12862=DIRECTION('',(0.38268343236509,-0.923879532511287,0.));
#12863=DIRECTION('',(0.,0.,1.));
#12864=DIRECTION('center_axis',(0.,0.,1.));
#12865=DIRECTION('ref_axis',(0.923879532511291,0.38268343236508,0.));
#12866=DIRECTION('center_axis',(0.,0.,-1.));
#12867=DIRECTION('ref_axis',(0.923879532511291,0.38268343236508,0.));
#12868=DIRECTION('',(0.,0.,1.));
#12869=DIRECTION('center_axis',(0.,0.,1.));
#12870=DIRECTION('ref_axis',(0.269957296916466,-0.962872295707772,0.));
#12871=DIRECTION('center_axis',(0.,0.,1.));
#12872=DIRECTION('ref_axis',(0.269957296916466,-0.962872295707772,0.));
#12873=DIRECTION('center_axis',(0.,0.,1.));
#12874=DIRECTION('ref_axis',(0.831469612302551,-0.555570233019594,0.));
#12875=DIRECTION('center_axis',(0.,0.,-1.));
#12876=DIRECTION('ref_axis',(0.831469612302551,-0.555570233019594,0.));
#12877=DIRECTION('',(0.,0.,1.));
#12878=DIRECTION('center_axis',(0.,0.,1.));
#12879=DIRECTION('ref_axis',(0.515346188330875,0.856982092095767,0.));
#12880=DIRECTION('center_axis',(0.,0.,-1.));
#12881=DIRECTION('ref_axis',(0.515346188330875,0.856982092095767,0.));
#12882=DIRECTION('',(0.,0.,1.));
#12883=DIRECTION('center_axis',(0.,0.,1.));
#12884=DIRECTION('ref_axis',(0.426243565928366,0.904608436012328,0.));
#12885=DIRECTION('center_axis',(0.,0.,-1.));
#12886=DIRECTION('ref_axis',(0.426243565928366,0.904608436012328,0.));
#12887=DIRECTION('',(0.,0.,1.));
#12888=DIRECTION('center_axis',(0.923879532511286,-0.382683432365091,0.));
#12889=DIRECTION('ref_axis',(0.382683432365091,0.923879532511286,0.));
#12890=DIRECTION('',(0.382683432365091,0.923879532511286,0.));
#12891=DIRECTION('center_axis',(0.,0.,1.));
#12892=DIRECTION('ref_axis',(0.195090322016115,-0.980785280403233,0.));
#12893=DIRECTION('center_axis',(0.,0.,-1.));
#12894=DIRECTION('ref_axis',(0.195090322016115,-0.980785280403233,0.));
#12895=DIRECTION('',(0.,0.,1.));
#12896=DIRECTION('center_axis',(0.,0.,1.));
#12897=DIRECTION('ref_axis',(0.970382633103753,0.241573064248951,0.));
#12898=DIRECTION('center_axis',(0.,0.,-1.));
#12899=DIRECTION('ref_axis',(0.970382633103753,0.241573064248951,0.));
#12900=DIRECTION('',(0.,0.,1.));
#12901=DIRECTION('center_axis',(0.,0.,1.));
#12902=DIRECTION('ref_axis',(0.941054475327942,0.338255043517835,0.));
#12903=DIRECTION('center_axis',(0.,0.,-1.));
#12904=DIRECTION('ref_axis',(0.941054475327942,0.338255043517835,0.));
#12905=DIRECTION('',(0.,0.,1.));
#12906=DIRECTION('center_axis',(0.382683432365089,-0.923879532511287,0.));
#12907=DIRECTION('ref_axis',(0.923879532511287,0.382683432365089,0.));
#12908=DIRECTION('',(0.923879532511287,0.382683432365089,0.));
#12909=DIRECTION('center_axis',(0.,0.,1.));
#12910=DIRECTION('ref_axis',(0.,-1.,0.));
#12911=DIRECTION('center_axis',(0.,0.,1.));
#12912=DIRECTION('ref_axis',(0.,-1.,0.));
#12913=DIRECTION('',(0.,0.,1.));
#12914=DIRECTION('center_axis',(0.,-1.,0.));
#12915=DIRECTION('ref_axis',(1.,0.,0.));
#12916=DIRECTION('',(1.,0.,0.));
#12917=DIRECTION('',(0.,0.,1.));
#12918=DIRECTION('center_axis',(0.,0.,1.));
#12919=DIRECTION('ref_axis',(0.,1.,0.));
#12920=DIRECTION('center_axis',(0.,0.,-1.));
#12921=DIRECTION('ref_axis',(0.,1.,0.));
#12922=DIRECTION('',(0.,0.,1.));
#12923=DIRECTION('center_axis',(1.,4.93430434258988E-15,0.));
#12924=DIRECTION('ref_axis',(-4.93430434258988E-15,1.,0.));
#12925=DIRECTION('',(-4.93430434258988E-15,1.,0.));
#12926=DIRECTION('',(0.,0.,1.));
#12927=DIRECTION('center_axis',(0.,0.,1.));
#12928=DIRECTION('ref_axis',(-1.,0.,0.));
#12929=DIRECTION('center_axis',(0.,0.,-1.));
#12930=DIRECTION('ref_axis',(-1.,0.,0.));
#12931=DIRECTION('',(0.,0.,1.));
#12932=DIRECTION('center_axis',(7.37321375027477E-5,0.999999997281786,0.));
#12933=DIRECTION('ref_axis',(-0.999999997281786,7.37321375027477E-5,0.));
#12934=DIRECTION('',(-0.999999997281786,7.37321375027477E-5,0.));
#12935=DIRECTION('',(0.,0.,1.));
#12936=DIRECTION('center_axis',(0.,0.,1.));
#12937=DIRECTION('ref_axis',(1.,-2.22044604925036E-14,0.));
#12938=DIRECTION('center_axis',(0.,0.,1.));
#12939=DIRECTION('ref_axis',(1.,-2.22044604925036E-14,0.));
#12940=DIRECTION('',(0.,0.,1.));
#12941=DIRECTION('center_axis',(1.,0.,0.));
#12942=DIRECTION('ref_axis',(0.,1.,0.));
#12943=DIRECTION('',(0.,1.,0.));
#12944=DIRECTION('',(0.,0.,1.));
#12945=DIRECTION('center_axis',(0.,0.,1.));
#12946=DIRECTION('ref_axis',(-1.,0.,0.));
#12947=DIRECTION('center_axis',(0.,0.,-1.));
#12948=DIRECTION('ref_axis',(-1.,0.,0.));
#12949=DIRECTION('',(0.,0.,1.));
#12950=DIRECTION('center_axis',(0.,1.,0.));
#12951=DIRECTION('ref_axis',(-1.,0.,0.));
#12952=DIRECTION('',(-1.,0.,0.));
#12953=DIRECTION('',(0.,0.,1.));
#12954=DIRECTION('center_axis',(0.,0.,1.));
#12955=DIRECTION('ref_axis',(0.,-1.,0.));
#12956=DIRECTION('center_axis',(0.,0.,-1.));
#12957=DIRECTION('ref_axis',(0.,-1.,0.));
#12958=DIRECTION('',(0.,0.,1.));
#12959=DIRECTION('center_axis',(-1.,0.,0.));
#12960=DIRECTION('ref_axis',(0.,-1.,0.));
#12961=DIRECTION('',(0.,-1.,0.));
#12962=DIRECTION('center_axis',(0.,0.,1.));
#12963=DIRECTION('ref_axis',(0.67263286813583,-0.73997636766546,0.));
#12964=DIRECTION('center_axis',(0.,0.,-1.));
#12965=DIRECTION('ref_axis',(0.67263286813583,-0.73997636766546,0.));
#12966=DIRECTION('',(0.,0.,1.));
#12967=DIRECTION('center_axis',(-0.707106781186548,-0.707106781186548,0.));
#12968=DIRECTION('ref_axis',(0.707106781186548,-0.707106781186548,0.));
#12969=DIRECTION('',(0.707106781186548,-0.707106781186548,0.));
#12970=DIRECTION('',(0.,0.,1.));
#12971=DIRECTION('center_axis',(0.,0.,1.));
#12972=DIRECTION('ref_axis',(0.707106781186552,0.707106781186543,0.));
#12973=DIRECTION('center_axis',(0.,0.,-1.));
#12974=DIRECTION('ref_axis',(0.707106781186552,0.707106781186543,0.));
#12975=DIRECTION('',(0.,0.,1.));
#12976=DIRECTION('center_axis',(0.,0.,1.));
#12977=DIRECTION('ref_axis',(0.617883296323899,-0.786269821450571,0.));
#12978=DIRECTION('center_axis',(0.,0.,1.));
#12979=DIRECTION('ref_axis',(0.617883296323899,-0.786269821450571,0.));
#12980=DIRECTION('center_axis',(0.,0.,1.));
#12981=DIRECTION('ref_axis',(1.,0.,0.));
#12982=CARTESIAN_POINT('',(0.,0.,0.));
#12983=CARTESIAN_POINT('Origin',(8.,7.,0.));
#12984=CARTESIAN_POINT('',(5.,7.,0.));
#12985=CARTESIAN_POINT('Origin',(8.,7.,0.));
#12986=CARTESIAN_POINT('',(5.,7.,3.17157281203354));
#12987=CARTESIAN_POINT('',(5.,7.,0.));
#12988=CARTESIAN_POINT('',(5.04196010845019,6.5,3.18675996313283));
#12989=CARTESIAN_POINT('Ctrl Pts',(5.04196010845019,6.5,3.18675996313283));
#12990=CARTESIAN_POINT('Ctrl Pts',(5.01342816219476,6.66879727041426,3.17619238115507));
#12991=CARTESIAN_POINT('Ctrl Pts',(5.,6.83783324937739,3.17157281203354));
#12992=CARTESIAN_POINT('Ctrl Pts',(5.,7.,3.17157281203354));
#12993=CARTESIAN_POINT('',(5.04196010845019,6.5,3.72748608254374));
#12994=CARTESIAN_POINT('',(5.04196010845019,6.5,0.));
#12995=CARTESIAN_POINT('',(6.50000017881393,4.40192368540842,6.));
#12996=CARTESIAN_POINT('Ctrl Pts',(6.50000017881393,4.40192368540842,6.));
#12997=CARTESIAN_POINT('Ctrl Pts',(6.50000017881393,4.40192368540842,5.70078071413933));
#12998=CARTESIAN_POINT('Ctrl Pts',(6.44206931762036,4.43282292797115,5.38386375761785));
#12999=CARTESIAN_POINT('Ctrl Pts',(6.22185159879643,4.58013623114555,4.81395838727424));
#13000=CARTESIAN_POINT('Ctrl Pts',(6.06020930737882,4.69994541829906,4.56160391810728));
#13001=CARTESIAN_POINT('Ctrl Pts',(5.74428583723013,5.01076065401224,4.19398822701813));
#13002=CARTESIAN_POINT('Ctrl Pts',(5.55839711720963,5.23747826467476,4.03840372069706));
#13003=CARTESIAN_POINT('Ctrl Pts',(5.29891917759842,5.67172265216808,3.85844662631222));
#13004=CARTESIAN_POINT('Ctrl Pts',(5.18586467037166,5.92411266713934,3.79757141098069));
#13005=CARTESIAN_POINT('Ctrl Pts',(5.08267126529721,6.29267329190131,3.7463739874158));
#13006=CARTESIAN_POINT('Ctrl Pts',(5.05949642547027,6.3962537494075,3.73552657880119));
#13007=CARTESIAN_POINT('Ctrl Pts',(5.04196010845019,6.5,3.72748608254374));
#13008=CARTESIAN_POINT('',(5.04196010845019,6.5,8.27251391745626));
#13009=CARTESIAN_POINT('Ctrl Pts',(5.04196010845019,6.5,8.27251391745626));
#13010=CARTESIAN_POINT('Ctrl Pts',(5.05949642547027,6.3962537494075,8.26447342119881));
#13011=CARTESIAN_POINT('Ctrl Pts',(5.08267126529721,6.29267329190131,8.2536260125842));
#13012=CARTESIAN_POINT('Ctrl Pts',(5.18586467037166,5.92411266713934,8.20242858901931));
#13013=CARTESIAN_POINT('Ctrl Pts',(5.29891917759842,5.67172265216808,8.14155337368778));
#13014=CARTESIAN_POINT('Ctrl Pts',(5.55839711720963,5.23747826467476,7.96159627930294));
#13015=CARTESIAN_POINT('Ctrl Pts',(5.74428583723013,5.01076065401224,7.80601177298187));
#13016=CARTESIAN_POINT('Ctrl Pts',(6.06020930737882,4.69994541829906,7.43839608189272));
#13017=CARTESIAN_POINT('Ctrl Pts',(6.22185159879643,4.58013623114555,7.18604161272576));
#13018=CARTESIAN_POINT('Ctrl Pts',(6.44206931762036,4.43282292797115,6.61613624238215));
#13019=CARTESIAN_POINT('Ctrl Pts',(6.50000017881394,4.40192368540842,6.29921928586067));
#13020=CARTESIAN_POINT('Ctrl Pts',(6.50000017881394,4.40192368540842,6.));
#13021=CARTESIAN_POINT('',(5.04196010845019,6.5,8.81324003686717));
#13022=CARTESIAN_POINT('',(5.04196010845019,6.5,0.));
#13023=CARTESIAN_POINT('',(5.,7.,8.82842718796646));
#13024=CARTESIAN_POINT('Ctrl Pts',(5.,7.,8.82842718796646));
#13025=CARTESIAN_POINT('Ctrl Pts',(5.,6.83783324937739,8.82842718796646));
#13026=CARTESIAN_POINT('Ctrl Pts',(5.01342816219476,6.66879727041426,8.82380761884493));
#13027=CARTESIAN_POINT('Ctrl Pts',(5.04196010845019,6.5,8.81324003686717));
#13028=CARTESIAN_POINT('',(5.,7.,10.));
#13029=CARTESIAN_POINT('',(5.,7.,0.));
#13030=CARTESIAN_POINT('Origin',(8.,7.,10.));
#13031=CARTESIAN_POINT('',(5.17157287525381,8.,8.76177794490372));
#13032=CARTESIAN_POINT('Ctrl Pts',(5.17157287525381,8.,8.76177794490372));
#13033=CARTESIAN_POINT('Ctrl Pts',(5.16222696697842,7.9735657795285,8.76574256884428));
#13034=CARTESIAN_POINT('Ctrl Pts',(5.15323602554904,7.94695576357306,8.76950071365097));
#13035=CARTESIAN_POINT('Ctrl Pts',(5.04758846080701,7.61912985688392,8.81310776473921));
#13036=CARTESIAN_POINT('Ctrl Pts',(5.,7.29813300969837,8.82842718796646));
#13037=CARTESIAN_POINT('Ctrl Pts',(5.,7.,8.82842718796646));
#13038=CARTESIAN_POINT('',(5.17157287525381,8.,3.23822205509628));
#13039=CARTESIAN_POINT('',(5.17157287525381,8.,0.));
#13040=CARTESIAN_POINT('Ctrl Pts',(5.,7.,3.17157281203354));
#13041=CARTESIAN_POINT('Ctrl Pts',(5.,7.29813300969837,3.17157281203354));
#13042=CARTESIAN_POINT('Ctrl Pts',(5.04758846080701,7.61912985688392,3.18689223526079));
#13043=CARTESIAN_POINT('Ctrl Pts',(5.15323602554904,7.94695576357306,3.23049928634903));
#13044=CARTESIAN_POINT('Ctrl Pts',(5.16222696697842,7.9735657795285,3.23425743115572));
#13045=CARTESIAN_POINT('Ctrl Pts',(5.17157287525381,8.,3.23822205509628));
#13046=CARTESIAN_POINT('',(10.8284271247462,8.,3.23822213095088));
#13047=CARTESIAN_POINT('',(10.9580398915498,6.5,3.18676002936144));
#13048=CARTESIAN_POINT('Ctrl Pts',(10.8284271247462,8.,3.23822213095088));
#13049=CARTESIAN_POINT('Ctrl Pts',(10.8377730381632,7.97356576498592,3.23425750411521));
#13050=CARTESIAN_POINT('Ctrl Pts',(10.8467639843494,7.94695573427723,3.23049935666978));
#13051=CARTESIAN_POINT('Ctrl Pts',(10.9524115439004,7.61912982630865,3.18689230038645));
#13052=CARTESIAN_POINT('Ctrl Pts',(11.,7.29813299477656,3.17157287525381));
#13053=CARTESIAN_POINT('Ctrl Pts',(11.,6.8378332496281,3.17157287525381));
#13054=CARTESIAN_POINT('Ctrl Pts',(10.9865718378157,6.66879727047604,3.1761924453175));
#13055=CARTESIAN_POINT('Ctrl Pts',(10.9580398915498,6.5,3.18676002936144));
#13056=CARTESIAN_POINT('',(10.8284271247462,8.,8.76177786904912));
#13057=CARTESIAN_POINT('',(10.8284271247462,8.,0.));
#13058=CARTESIAN_POINT('',(10.9580398915498,6.5,8.81323997063856));
#13059=CARTESIAN_POINT('Ctrl Pts',(10.9580398915498,6.5,8.81323997063856));
#13060=CARTESIAN_POINT('Ctrl Pts',(10.9865718378157,6.66879727047604,8.8238075546825));
#13061=CARTESIAN_POINT('Ctrl Pts',(11.,6.8378332496281,8.82842712474619));
#13062=CARTESIAN_POINT('Ctrl Pts',(11.,7.29813299477656,8.82842712474619));
#13063=CARTESIAN_POINT('Ctrl Pts',(10.9524115439004,7.61912982630865,8.81310769961355));
#13064=CARTESIAN_POINT('Ctrl Pts',(10.8467639843494,7.94695573427723,8.76950064333022));
#13065=CARTESIAN_POINT('Ctrl Pts',(10.8377730381632,7.97356576498592,8.76574249588479));
#13066=CARTESIAN_POINT('Ctrl Pts',(10.8284271247462,8.,8.76177786904912));
#13067=CARTESIAN_POINT('',(10.9580398915498,6.5,8.2725138354691));
#13068=CARTESIAN_POINT('',(10.9580398915498,6.5,0.));
#13069=CARTESIAN_POINT('',(10.9580398915498,6.5,3.7274861645309));
#13070=CARTESIAN_POINT('Ctrl Pts',(10.9580398915498,6.5,3.7274861645309));
#13071=CARTESIAN_POINT('Ctrl Pts',(10.9405035774363,6.39625376660303,3.73552666112561));
#13072=CARTESIAN_POINT('Ctrl Pts',(10.9173287424143,6.29267332635106,3.74637406970271));
#13073=CARTESIAN_POINT('Ctrl Pts',(10.8141353535308,5.92411273434202,3.79757149468193));
#13074=CARTESIAN_POINT('Ctrl Pts',(10.7010808609012,5.67172273374653,3.85844671241218));
#13075=CARTESIAN_POINT('Ctrl Pts',(10.4416029540407,5.2374783656951,4.03840380720957));
#13076=CARTESIAN_POINT('Ctrl Pts',(10.2557142560157,5.01076076125204,4.1939883117213));
#13077=CARTESIAN_POINT('Ctrl Pts',(9.93979082313802,4.69994552993552,4.56160399038903));
#13078=CARTESIAN_POINT('Ctrl Pts',(9.77814854978358,4.58013634080446,4.81395844840152));
#13079=CARTESIAN_POINT('Ctrl Pts',(9.55793085503291,4.43282303320114,5.38386379067743));
#13080=CARTESIAN_POINT('Ctrl Pts',(9.5,4.40192378864668,5.70078073037918));
#13081=CARTESIAN_POINT('Ctrl Pts',(9.5,4.40192378864668,6.29921926962082));
#13082=CARTESIAN_POINT('Ctrl Pts',(9.55793085503291,4.43282303320114,6.61613620932257));
#13083=CARTESIAN_POINT('Ctrl Pts',(9.77814854978358,4.58013634080446,7.18604155159848));
#13084=CARTESIAN_POINT('Ctrl Pts',(9.93979082313802,4.69994552993552,7.43839600961097));
#13085=CARTESIAN_POINT('Ctrl Pts',(10.2557142560157,5.01076076125204,7.8060116882787));
#13086=CARTESIAN_POINT('Ctrl Pts',(10.4416029540407,5.2374783656951,7.96159619279043));
#13087=CARTESIAN_POINT('Ctrl Pts',(10.7010808609012,5.67172273374653,8.14155328758782));
#13088=CARTESIAN_POINT('Ctrl Pts',(10.8141353535308,5.92411273434202,8.20242850531807));
#13089=CARTESIAN_POINT('Ctrl Pts',(10.9173287424143,6.29267332635105,8.25362593029729));
#13090=CARTESIAN_POINT('Ctrl Pts',(10.9405035774363,6.39625376660303,8.26447333887439));
#13091=CARTESIAN_POINT('Ctrl Pts',(10.9580398915498,6.5,8.2725138354691));
#13092=CARTESIAN_POINT('',(10.9580398915498,6.5,0.));
#13093=CARTESIAN_POINT('',(6.5,9.59807621135332,6.69336866760159));
#13094=CARTESIAN_POINT('',(6.34168823382415,9.50000041723251,6.));
#13095=CARTESIAN_POINT('Ctrl Pts',(6.5,9.59807621135332,6.69336866760159));
#13096=CARTESIAN_POINT('Ctrl Pts',(6.47560874754606,9.58399391518316,6.64458566135116));
#13097=CARTESIAN_POINT('Ctrl Pts',(6.45386132548271,9.57098147445605,6.59389032888843));
#13098=CARTESIAN_POINT('Ctrl Pts',(6.37181770220223,9.52081357836197,6.36793846450911));
#13099=CARTESIAN_POINT('Ctrl Pts',(6.34168823382415,9.50000041723251,6.17822282354053));
#13100=CARTESIAN_POINT('Ctrl Pts',(6.34168823382415,9.50000041723251,6.));
#13101=CARTESIAN_POINT('',(6.5,9.59807621135332,7.79743153116095));
#13102=CARTESIAN_POINT('',(6.5,9.59807621135332,0.));
#13103=CARTESIAN_POINT('',(9.5,9.59807621135332,7.79743153116095));
#13104=CARTESIAN_POINT('Ctrl Pts',(9.5,9.59807621135332,7.79743153116095));
#13105=CARTESIAN_POINT('Ctrl Pts',(9.41222188041161,9.64875493232664,7.86515396982886));
#13106=CARTESIAN_POINT('Ctrl Pts',(9.31715544475595,9.6972855330952,7.92391778920079));
#13107=CARTESIAN_POINT('Ctrl Pts',(9.05464771735203,9.81468252832492,8.05858860919003));
#13108=CARTESIAN_POINT('Ctrl Pts',(8.852956771165,9.88438286213345,8.12797309777923));
#13109=CARTESIAN_POINT('Ctrl Pts',(8.42846947814771,9.97718235268578,8.21637387525553));
#13110=CARTESIAN_POINT('Ctrl Pts',(8.20575298869925,10.,8.23606760431561));
#13111=CARTESIAN_POINT('Ctrl Pts',(7.79424701130075,10.,8.23606760431561));
#13112=CARTESIAN_POINT('Ctrl Pts',(7.57153052185229,9.97718235268578,8.21637387525553));
#13113=CARTESIAN_POINT('Ctrl Pts',(7.147043228835,9.88438286213345,8.12797309777923));
#13114=CARTESIAN_POINT('Ctrl Pts',(6.94535228264797,9.81468252832492,8.05858860919003));
#13115=CARTESIAN_POINT('Ctrl Pts',(6.68284455524405,9.6972855330952,7.92391778920079));
#13116=CARTESIAN_POINT('Ctrl Pts',(6.5877781195884,9.64875493232664,7.86515396982886));
#13117=CARTESIAN_POINT('Ctrl Pts',(6.5,9.59807621135332,7.79743153116095));
#13118=CARTESIAN_POINT('',(9.5,9.59807621135332,6.69336866760159));
#13119=CARTESIAN_POINT('',(9.5,9.59807621135332,0.));
#13120=CARTESIAN_POINT('',(9.65831176617585,9.50000041723251,6.));
#13121=CARTESIAN_POINT('Ctrl Pts',(9.65831176617585,9.50000041723251,6.));
#13122=CARTESIAN_POINT('Ctrl Pts',(9.65831176617585,9.50000041723251,6.17822282354052));
#13123=CARTESIAN_POINT('Ctrl Pts',(9.62818229779777,9.52081357836197,6.3679384645091));
#13124=CARTESIAN_POINT('Ctrl Pts',(9.54613867451729,9.57098147445605,6.59389032888843));
#13125=CARTESIAN_POINT('Ctrl Pts',(9.52439125245394,9.58399391518316,6.64458566135116));
#13126=CARTESIAN_POINT('Ctrl Pts',(9.5,9.59807621135332,6.69336866760159));
#13127=CARTESIAN_POINT('',(9.5,9.59807621135332,5.30663133239841));
#13128=CARTESIAN_POINT('Ctrl Pts',(9.5,9.59807621135332,5.30663133239841));
#13129=CARTESIAN_POINT('Ctrl Pts',(9.52439125245394,9.58399391518316,5.35541433864884));
#13130=CARTESIAN_POINT('Ctrl Pts',(9.54613867451729,9.57098147445605,5.40610967111157));
#13131=CARTESIAN_POINT('Ctrl Pts',(9.62818229779777,9.52081357836197,5.6320615354909));
#13132=CARTESIAN_POINT('Ctrl Pts',(9.65831176617585,9.50000041723251,5.82177717645948));
#13133=CARTESIAN_POINT('Ctrl Pts',(9.65831176617585,9.50000041723251,6.));
#13134=CARTESIAN_POINT('',(9.5,9.59807621135332,4.20256846883905));
#13135=CARTESIAN_POINT('',(9.5,9.59807621135332,0.));
#13136=CARTESIAN_POINT('',(6.5,9.59807621135332,4.20256846883905));
#13137=CARTESIAN_POINT('Ctrl Pts',(6.5,9.59807621135332,4.20256846883905));
#13138=CARTESIAN_POINT('Ctrl Pts',(6.5877781195884,9.64875493232664,4.13484603017114));
#13139=CARTESIAN_POINT('Ctrl Pts',(6.68284455524405,9.69728553309521,4.07608221079921));
#13140=CARTESIAN_POINT('Ctrl Pts',(6.94535228264797,9.81468252832492,3.94141139080997));
#13141=CARTESIAN_POINT('Ctrl Pts',(7.147043228835,9.88438286213345,3.87202690222077));
#13142=CARTESIAN_POINT('Ctrl Pts',(7.57153052185229,9.97718235268578,3.78362612474447));
#13143=CARTESIAN_POINT('Ctrl Pts',(7.79424701130075,10.,3.76393239568438));
#13144=CARTESIAN_POINT('Ctrl Pts',(8.20575298869925,10.,3.76393239568438));
#13145=CARTESIAN_POINT('Ctrl Pts',(8.42846947814771,9.97718235268578,3.78362612474447));
#13146=CARTESIAN_POINT('Ctrl Pts',(8.852956771165,9.88438286213345,3.87202690222077));
#13147=CARTESIAN_POINT('Ctrl Pts',(9.05464771735203,9.81468252832492,3.94141139080997));
#13148=CARTESIAN_POINT('Ctrl Pts',(9.31715544475595,9.69728553309521,4.07608221079921));
#13149=CARTESIAN_POINT('Ctrl Pts',(9.41222188041161,9.64875493232664,4.13484603017114));
#13150=CARTESIAN_POINT('Ctrl Pts',(9.5,9.59807621135332,4.20256846883905));
#13151=CARTESIAN_POINT('',(6.5,9.59807621135332,5.30663133239841));
#13152=CARTESIAN_POINT('',(6.5,9.59807621135332,0.));
#13153=CARTESIAN_POINT('Ctrl Pts',(6.34168823382415,9.50000041723251,6.));
#13154=CARTESIAN_POINT('Ctrl Pts',(6.34168823382415,9.50000041723251,5.82177717645947));
#13155=CARTESIAN_POINT('Ctrl Pts',(6.37181770220223,9.52081357836197,5.63206153549089));
#13156=CARTESIAN_POINT('Ctrl Pts',(6.45386132548271,9.57098147445605,5.40610967111157));
#13157=CARTESIAN_POINT('Ctrl Pts',(6.47560874754606,9.58399391518316,5.35541433864883));
#13158=CARTESIAN_POINT('Ctrl Pts',(6.5,9.59807621135332,5.30663133239841));
#13159=CARTESIAN_POINT('Origin',(8.,7.,0.));
#13160=CARTESIAN_POINT('',(6.,7.,0.));
#13161=CARTESIAN_POINT('Origin',(8.,7.,0.));
#13162=CARTESIAN_POINT('Origin',(12.,6.5,6.));
#13163=CARTESIAN_POINT('Origin',(12.,6.5,6.));
#13164=CARTESIAN_POINT('',(14.5,6.5,6.));
#13165=CARTESIAN_POINT('Origin',(12.,6.5,6.));
#13166=CARTESIAN_POINT('Origin',(12.,6.5,6.));
#13167=CARTESIAN_POINT('Origin',(12.,8.,6.));
#13168=CARTESIAN_POINT('Origin',(12.,8.,6.));
#13169=CARTESIAN_POINT('Origin',(12.,8.,6.));
#13170=CARTESIAN_POINT('Origin',(4.00000017881393,0.,6.));
#13171=CARTESIAN_POINT('',(6.50000017881393,1.5,6.));
#13172=CARTESIAN_POINT('Origin',(4.00000017881393,1.5,6.));
#13173=CARTESIAN_POINT('',(6.50000017881393,0.,6.));
#13174=CARTESIAN_POINT('Origin',(4.00000017881393,6.5,6.));
#13175=CARTESIAN_POINT('Origin',(4.00000017881393,6.5,6.));
#13176=CARTESIAN_POINT('Origin',(4.00000017881393,6.5,6.));
#13177=CARTESIAN_POINT('Origin',(9.5,12.0000004172325,6.));
#13178=CARTESIAN_POINT('',(14.5,9.50000041723251,6.));
#13179=CARTESIAN_POINT('Origin',(14.5,12.0000004172325,6.));
#13180=CARTESIAN_POINT('',(9.5,9.50000041723251,6.));
#13181=CARTESIAN_POINT('Origin',(9.5,12.0000004172325,6.));
#13182=CARTESIAN_POINT('Origin',(8.,16.,2.));
#13183=CARTESIAN_POINT('',(7.00000005960464,20.0000000596047,2.));
#13184=CARTESIAN_POINT('Origin',(4.00000005960464,20.0000000596047,2.));
#13185=CARTESIAN_POINT('Origin',(8.,16.,2.));
#13186=CARTESIAN_POINT('',(15.0000000596046,20.0000000596047,2.));
#13187=CARTESIAN_POINT('Origin',(12.0000000596046,20.0000000596047,2.));
#13188=CARTESIAN_POINT('Origin',(8.,16.,0.));
#13189=CARTESIAN_POINT('',(4.5,25.,0.));
#13190=CARTESIAN_POINT('',(2.,25.,0.));
#13191=CARTESIAN_POINT('',(4.5,25.,0.));
#13192=CARTESIAN_POINT('',(2.,30.,0.));
#13193=CARTESIAN_POINT('',(2.,30.,0.));
#13194=CARTESIAN_POINT('',(4.5,30.,0.));
#13195=CARTESIAN_POINT('',(4.5,30.,0.));
#13196=CARTESIAN_POINT('',(4.5,25.,0.));
#13197=CARTESIAN_POINT('Origin',(8.,16.,0.));
#13198=CARTESIAN_POINT('',(11.5,25.,0.));
#13199=CARTESIAN_POINT('',(11.5,30.,0.));
#13200=CARTESIAN_POINT('',(11.5,25.,0.));
#13201=CARTESIAN_POINT('',(14.,30.,0.));
#13202=CARTESIAN_POINT('',(14.,30.,0.));
#13203=CARTESIAN_POINT('',(14.,25.,0.));
#13204=CARTESIAN_POINT('',(14.,25.,0.));
#13205=CARTESIAN_POINT('',(11.5,25.,0.));
#13206=CARTESIAN_POINT('Origin',(8.,16.,0.));
#13207=CARTESIAN_POINT('',(14.,3.,0.));
#13208=CARTESIAN_POINT('',(14.,0.,0.));
#13209=CARTESIAN_POINT('',(14.,3.,0.));
#13210=CARTESIAN_POINT('',(2.,0.,0.));
#13211=CARTESIAN_POINT('',(0.,0.,0.));
#13212=CARTESIAN_POINT('',(2.,3.,0.));
#13213=CARTESIAN_POINT('',(2.,3.,0.));
#13214=CARTESIAN_POINT('',(2.,3.,0.));
#13215=CARTESIAN_POINT('Origin',(8.,7.,0.));
#13216=CARTESIAN_POINT('',(6.,7.,-2.));
#13217=CARTESIAN_POINT('Origin',(8.,7.,-2.));
#13218=CARTESIAN_POINT('',(6.,7.,0.));
#13219=CARTESIAN_POINT('Origin',(11.5,30.,0.));
#13220=CARTESIAN_POINT('',(11.5,25.,-2.));
#13221=CARTESIAN_POINT('',(11.5,25.,0.));
#13222=CARTESIAN_POINT('',(11.5,30.,-2.));
#13223=CARTESIAN_POINT('',(11.5,25.,-2.));
#13224=CARTESIAN_POINT('',(11.5,30.,0.));
#13225=CARTESIAN_POINT('Origin',(14.,30.,0.));
#13226=CARTESIAN_POINT('',(14.,30.,-2.));
#13227=CARTESIAN_POINT('',(14.,30.,-2.));
#13228=CARTESIAN_POINT('',(14.,30.,0.));
#13229=CARTESIAN_POINT('Origin',(14.,25.,0.));
#13230=CARTESIAN_POINT('',(14.,25.,-2.));
#13231=CARTESIAN_POINT('',(14.,25.,-2.));
#13232=CARTESIAN_POINT('',(14.,25.,0.));
#13233=CARTESIAN_POINT('Origin',(11.5,25.,0.));
#13234=CARTESIAN_POINT('',(11.5,25.,-2.));
#13235=CARTESIAN_POINT('Origin',(2.,25.,0.));
#13236=CARTESIAN_POINT('',(4.5,25.,-2.));
#13237=CARTESIAN_POINT('',(4.5,25.,0.));
#13238=CARTESIAN_POINT('',(2.,25.,-2.));
#13239=CARTESIAN_POINT('',(4.5,25.,-2.));
#13240=CARTESIAN_POINT('',(2.,25.,0.));
#13241=CARTESIAN_POINT('Origin',(2.,30.,0.));
#13242=CARTESIAN_POINT('',(2.,30.,-2.));
#13243=CARTESIAN_POINT('',(2.,30.,-2.));
#13244=CARTESIAN_POINT('',(2.,30.,0.));
#13245=CARTESIAN_POINT('Origin',(4.5,30.,0.));
#13246=CARTESIAN_POINT('',(4.5,30.,-2.));
#13247=CARTESIAN_POINT('',(4.5,30.,-2.));
#13248=CARTESIAN_POINT('',(4.5,30.,0.));
#13249=CARTESIAN_POINT('Origin',(4.5,25.,0.));
#13250=CARTESIAN_POINT('',(4.5,25.,-2.));
#13251=CARTESIAN_POINT('Origin',(14.,0.,0.));
#13252=CARTESIAN_POINT('',(14.,3.,-2.));
#13253=CARTESIAN_POINT('',(14.,3.,0.));
#13254=CARTESIAN_POINT('',(14.,0.,-2.));
#13255=CARTESIAN_POINT('',(14.,3.,-2.));
#13256=CARTESIAN_POINT('',(14.,0.,0.));
#13257=CARTESIAN_POINT('Origin',(2.,3.,0.));
#13258=CARTESIAN_POINT('',(2.,0.,-2.));
#13259=CARTESIAN_POINT('',(2.,0.,0.));
#13260=CARTESIAN_POINT('',(2.,3.,-2.));
#13261=CARTESIAN_POINT('',(2.,3.,-2.));
#13262=CARTESIAN_POINT('',(2.,3.,0.));
#13263=CARTESIAN_POINT('Origin',(14.,3.,0.));
#13264=CARTESIAN_POINT('',(2.,3.,-2.));
#13265=CARTESIAN_POINT('Origin',(8.,16.,-2.));
#13266=CARTESIAN_POINT('',(0.,0.499999999999998,-2.));
#13267=CARTESIAN_POINT('',(0.5,0.,-2.));
#13268=CARTESIAN_POINT('Origin',(0.5,0.5,-2.));
#13269=CARTESIAN_POINT('',(0.,31.5,-2.));
#13270=CARTESIAN_POINT('',(0.,32.,-2.));
#13271=CARTESIAN_POINT('',(0.5,32.,-2.));
#13272=CARTESIAN_POINT('Origin',(0.5,31.5,-2.));
#13273=CARTESIAN_POINT('',(15.5,32.,-2.));
#13274=CARTESIAN_POINT('',(16.,32.,-2.));
#13275=CARTESIAN_POINT('',(16.,31.5,-2.));
#13276=CARTESIAN_POINT('Origin',(15.5,31.5,-2.));
#13277=CARTESIAN_POINT('',(16.,0.499999999999998,-2.));
#13278=CARTESIAN_POINT('',(16.,0.,-2.));
#13279=CARTESIAN_POINT('',(15.5,0.,-2.));
#13280=CARTESIAN_POINT('Origin',(15.5,0.499999999999998,-2.));
#13281=CARTESIAN_POINT('',(0.,0.,-2.));
#13282=CARTESIAN_POINT('',(0.,0.,-2.));
#13283=CARTESIAN_POINT('Origin',(15.5,12.0000004172325,6.));
#13284=CARTESIAN_POINT('',(16.,12.0000004172325,9.5));
#13285=CARTESIAN_POINT('',(16.,12.0000004172325,2.5));
#13286=CARTESIAN_POINT('Origin',(16.,12.0000004172325,6.));
#13287=CARTESIAN_POINT('',(15.5,12.0000004172325,3.));
#13288=CARTESIAN_POINT('Origin',(15.5,12.0000004172325,2.5));
#13289=CARTESIAN_POINT('',(15.5,9.00000041723251,6.));
#13290=CARTESIAN_POINT('Origin',(15.5,12.0000004172325,6.));
#13291=CARTESIAN_POINT('Origin',(15.5,12.0000004172325,6.));
#13292=CARTESIAN_POINT('Origin',(16.,12.0000004172325,6.));
#13293=CARTESIAN_POINT('Origin',(16.,0.,2.));
#13294=CARTESIAN_POINT('',(16.,28.,9.5));
#13295=CARTESIAN_POINT('',(16.,28.,2.5));
#13296=CARTESIAN_POINT('Origin',(16.,28.,6.));
#13297=CARTESIAN_POINT('',(16.,8.,9.5));
#13298=CARTESIAN_POINT('',(16.,0.5,9.5));
#13299=CARTESIAN_POINT('',(16.,8.,9.5));
#13300=CARTESIAN_POINT('',(16.,0.499999999999998,0.));
#13301=CARTESIAN_POINT('',(16.,31.5,6.));
#13302=CARTESIAN_POINT('',(16.,31.5,2.));
#13303=CARTESIAN_POINT('Origin',(16.,28.,6.));
#13304=CARTESIAN_POINT('Origin',(0.,12.0000004172325,6.));
#13305=CARTESIAN_POINT('',(14.5,9.00000041723251,6.));
#13306=CARTESIAN_POINT('Origin',(14.5,12.0000004172325,6.));
#13307=CARTESIAN_POINT('',(0.,9.00000041723251,6.));
#13308=CARTESIAN_POINT('Origin',(15.5,28.,6.));
#13309=CARTESIAN_POINT('',(15.5,28.,3.));
#13310=CARTESIAN_POINT('Origin',(15.5,28.,2.5));
#13311=CARTESIAN_POINT('',(15.5,25.,6.));
#13312=CARTESIAN_POINT('Origin',(15.5,28.,6.));
#13313=CARTESIAN_POINT('Origin',(15.5,28.,6.));
#13314=CARTESIAN_POINT('Origin',(16.,28.,6.));
#13315=CARTESIAN_POINT('Origin',(16.,0.,2.));
#13316=CARTESIAN_POINT('',(16.,31.5,9.5));
#13317=CARTESIAN_POINT('',(16.,31.5,2.));
#13318=CARTESIAN_POINT('',(16.,8.,9.5));
#13319=CARTESIAN_POINT('Origin',(0.,28.,6.));
#13320=CARTESIAN_POINT('',(14.5,25.5,4.3416876048223));
#13321=CARTESIAN_POINT('',(15.,25.,6.));
#13322=CARTESIAN_POINT('Origin',(12.,28.,6.));
#13323=CARTESIAN_POINT('',(0.,25.,6.));
#13324=CARTESIAN_POINT('',(14.5,25.5,7.6583123951777));
#13325=CARTESIAN_POINT('Origin',(12.,28.,6.));
#13326=CARTESIAN_POINT('',(14.5,30.5,7.6583123951777));
#13327=CARTESIAN_POINT('Origin',(14.5,28.,6.));
#13328=CARTESIAN_POINT('',(15.,31.,6.));
#13329=CARTESIAN_POINT('Origin',(12.,28.,6.));
#13330=CARTESIAN_POINT('',(14.5,30.5,4.3416876048223));
#13331=CARTESIAN_POINT('Origin',(12.,28.,6.));
#13332=CARTESIAN_POINT('Origin',(14.5,28.,6.));
#13333=CARTESIAN_POINT('Origin',(12.,31.5,6.));
#13334=CARTESIAN_POINT('',(12.,32.,9.5));
#13335=CARTESIAN_POINT('',(15.5,32.,6.));
#13336=CARTESIAN_POINT('Origin',(12.,32.,6.));
#13337=CARTESIAN_POINT('Origin',(12.,32.,6.));
#13338=CARTESIAN_POINT('',(12.,31.5,9.));
#13339=CARTESIAN_POINT('Origin',(12.,31.5,9.5));
#13340=CARTESIAN_POINT('',(15.,31.5,6.));
#13341=CARTESIAN_POINT('Origin',(12.,31.5,6.));
#13342=CARTESIAN_POINT('Origin',(12.,31.5,6.));
#13343=CARTESIAN_POINT('Origin',(16.,32.,2.));
#13344=CARTESIAN_POINT('',(15.5,32.,9.5));
#13345=CARTESIAN_POINT('',(12.,32.,9.5));
#13346=CARTESIAN_POINT('',(15.5,32.,2.));
#13347=CARTESIAN_POINT('Origin',(16.,32.,2.));
#13348=CARTESIAN_POINT('',(15.5,32.,0.));
#13349=CARTESIAN_POINT('',(0.5,32.,6.));
#13350=CARTESIAN_POINT('',(0.5,32.,0.));
#13351=CARTESIAN_POINT('',(4.00000017881393,32.,9.5));
#13352=CARTESIAN_POINT('Origin',(4.00000017881393,32.,6.));
#13353=CARTESIAN_POINT('',(12.,32.,9.5));
#13354=CARTESIAN_POINT('Origin',(12.,32.,6.));
#13355=CARTESIAN_POINT('',(15.,32.,6.));
#13356=CARTESIAN_POINT('',(9.5,30.5,7.6583123951777));
#13357=CARTESIAN_POINT('Origin',(12.,30.5,6.));
#13358=CARTESIAN_POINT('',(9.5,30.5,4.3416876048223));
#13359=CARTESIAN_POINT('Origin',(12.,28.,6.));
#13360=CARTESIAN_POINT('Origin',(12.,30.5,6.));
#13361=CARTESIAN_POINT('Origin',(4.00000017881393,31.5,6.));
#13362=CARTESIAN_POINT('Origin',(4.00000017881393,32.,6.));
#13363=CARTESIAN_POINT('',(4.00000017881393,31.5,9.));
#13364=CARTESIAN_POINT('Origin',(4.00000017881393,31.5,9.5));
#13365=CARTESIAN_POINT('',(7.00000017881393,31.5,6.));
#13366=CARTESIAN_POINT('Origin',(4.00000017881393,31.5,6.));
#13367=CARTESIAN_POINT('Origin',(4.00000017881393,31.5,6.));
#13368=CARTESIAN_POINT('Origin',(16.,32.,2.));
#13369=CARTESIAN_POINT('',(0.5,32.,9.5));
#13370=CARTESIAN_POINT('',(0.5,32.,2.));
#13371=CARTESIAN_POINT('',(12.,32.,9.5));
#13372=CARTESIAN_POINT('Origin',(4.00000017881393,32.,6.));
#13373=CARTESIAN_POINT('',(7.00000017881393,31.,6.));
#13374=CARTESIAN_POINT('',(7.00000017881393,32.,6.));
#13375=CARTESIAN_POINT('',(6.50000017881393,30.5,7.6583123951777));
#13376=CARTESIAN_POINT('Origin',(4.00000017881393,28.,6.));
#13377=CARTESIAN_POINT('',(1.5,30.5,7.65831212560552));
#13378=CARTESIAN_POINT('Origin',(4.00000017881393,30.5,6.));
#13379=CARTESIAN_POINT('',(1.5,30.5,4.34168787439448));
#13380=CARTESIAN_POINT('Origin',(4.00000017881393,28.,6.));
#13381=CARTESIAN_POINT('',(6.5,30.5,4.34168733525018));
#13382=CARTESIAN_POINT('Origin',(4.00000017881393,30.5,6.));
#13383=CARTESIAN_POINT('Origin',(4.00000017881393,28.,6.));
#13384=CARTESIAN_POINT('Origin',(0.5,28.,6.));
#13385=CARTESIAN_POINT('',(0.,31.5,6.));
#13386=CARTESIAN_POINT('',(0.,28.,9.5));
#13387=CARTESIAN_POINT('Origin',(0.,28.,6.));
#13388=CARTESIAN_POINT('',(0.5,28.,9.));
#13389=CARTESIAN_POINT('Origin',(0.5,28.,9.5));
#13390=CARTESIAN_POINT('',(0.5,25.,6.));
#13391=CARTESIAN_POINT('Origin',(0.5,28.,6.));
#13392=CARTESIAN_POINT('Origin',(0.5,28.,6.));
#13393=CARTESIAN_POINT('Origin',(0.,28.,6.));
#13394=CARTESIAN_POINT('Origin',(0.,32.,2.));
#13395=CARTESIAN_POINT('',(0.,31.5,0.));
#13396=CARTESIAN_POINT('',(0.,0.5,9.5));
#13397=CARTESIAN_POINT('',(0.,0.5,0.));
#13398=CARTESIAN_POINT('',(0.,12.0000004172325,9.5));
#13399=CARTESIAN_POINT('',(0.,24.,9.5));
#13400=CARTESIAN_POINT('Origin',(0.,12.0000004172325,6.));
#13401=CARTESIAN_POINT('',(0.,24.,9.5));
#13402=CARTESIAN_POINT('Origin',(0.,32.,2.));
#13403=CARTESIAN_POINT('',(0.,31.5,9.5));
#13404=CARTESIAN_POINT('',(0.,24.,9.5));
#13405=CARTESIAN_POINT('',(0.,31.5,2.));
#13406=CARTESIAN_POINT('Origin',(0.,28.,6.));
#13407=CARTESIAN_POINT('',(1.00000017881393,25.,6.));
#13408=CARTESIAN_POINT('',(0.,25.,6.));
#13409=CARTESIAN_POINT('',(1.5,25.5,4.34168787439448));
#13410=CARTESIAN_POINT('Origin',(4.00000017881393,28.,6.));
#13411=CARTESIAN_POINT('Origin',(1.5,28.,6.));
#13412=CARTESIAN_POINT('',(1.5,25.5,7.65831212560552));
#13413=CARTESIAN_POINT('Origin',(1.5,28.,6.));
#13414=CARTESIAN_POINT('Origin',(4.00000017881393,28.,6.));
#13415=CARTESIAN_POINT('Origin',(0.5,12.0000004172325,6.));
#13416=CARTESIAN_POINT('',(0.5,12.0000004172325,9.));
#13417=CARTESIAN_POINT('Origin',(0.5,12.0000004172325,9.5));
#13418=CARTESIAN_POINT('',(0.5,9.00000041723251,6.));
#13419=CARTESIAN_POINT('Origin',(0.5,12.0000004172325,6.));
#13420=CARTESIAN_POINT('Origin',(0.5,12.0000004172325,6.));
#13421=CARTESIAN_POINT('Origin',(0.,12.0000004172325,6.));
#13422=CARTESIAN_POINT('',(1.5,9.00000041723251,6.));
#13423=CARTESIAN_POINT('',(0.,9.00000041723251,6.));
#13424=CARTESIAN_POINT('Origin',(1.5,12.0000004172325,6.));
#13425=CARTESIAN_POINT('Origin',(4.00000017881393,0.5,6.));
#13426=CARTESIAN_POINT('',(0.5,0.,6.));
#13427=CARTESIAN_POINT('',(4.00000017881393,0.,2.5));
#13428=CARTESIAN_POINT('Origin',(4.00000017881393,0.,6.));
#13429=CARTESIAN_POINT('',(4.00000017881393,0.5,3.));
#13430=CARTESIAN_POINT('Origin',(4.00000017881393,0.5,2.5));
#13431=CARTESIAN_POINT('',(7.00000017881393,0.5,6.));
#13432=CARTESIAN_POINT('Origin',(4.00000017881393,0.5,6.));
#13433=CARTESIAN_POINT('Origin',(4.00000017881393,0.5,6.));
#13434=CARTESIAN_POINT('',(4.00000017881393,0.,9.5));
#13435=CARTESIAN_POINT('Origin',(4.00000017881393,0.,6.));
#13436=CARTESIAN_POINT('Origin',(4.00000017881393,0.,6.));
#13437=CARTESIAN_POINT('Origin',(0.,0.,2.));
#13438=CARTESIAN_POINT('',(0.5,0.,0.));
#13439=CARTESIAN_POINT('',(15.5,0.,6.));
#13440=CARTESIAN_POINT('',(15.5,0.,2.));
#13441=CARTESIAN_POINT('',(12.,0.,2.5));
#13442=CARTESIAN_POINT('Origin',(12.,0.,6.));
#13443=CARTESIAN_POINT('',(12.,0.,9.5));
#13444=CARTESIAN_POINT('Origin',(12.,0.,6.));
#13445=CARTESIAN_POINT('',(4.,0.,9.5));
#13446=CARTESIAN_POINT('Origin',(0.,0.,2.));
#13447=CARTESIAN_POINT('',(0.5,0.,9.5));
#13448=CARTESIAN_POINT('',(4.,0.,9.5));
#13449=CARTESIAN_POINT('',(0.5,0.,2.));
#13450=CARTESIAN_POINT('Origin',(4.00000017881393,0.,6.));
#13451=CARTESIAN_POINT('',(7.00000017881393,1.5,6.));
#13452=CARTESIAN_POINT('',(7.00000017881393,0.,6.));
#13453=CARTESIAN_POINT('Origin',(4.00000017881393,1.5,6.));
#13454=CARTESIAN_POINT('Origin',(12.,0.5,6.));
#13455=CARTESIAN_POINT('',(12.,0.5,3.));
#13456=CARTESIAN_POINT('Origin',(12.,0.5,2.5));
#13457=CARTESIAN_POINT('',(15.,0.5,6.));
#13458=CARTESIAN_POINT('Origin',(12.,0.5,6.));
#13459=CARTESIAN_POINT('Origin',(12.,0.5,6.));
#13460=CARTESIAN_POINT('Origin',(12.,0.,6.));
#13461=CARTESIAN_POINT('Origin',(0.,0.,2.));
#13462=CARTESIAN_POINT('',(15.5,0.,9.5));
#13463=CARTESIAN_POINT('',(15.5,0.,2.));
#13464=CARTESIAN_POINT('',(4.,0.,9.5));
#13465=CARTESIAN_POINT('Origin',(12.,0.,6.));
#13466=CARTESIAN_POINT('',(15.,1.5,6.));
#13467=CARTESIAN_POINT('',(15.,0.,6.));
#13468=CARTESIAN_POINT('Origin',(12.,1.5,6.));
#13469=CARTESIAN_POINT('Origin',(0.5,31.5,9.5));
#13470=CARTESIAN_POINT('',(0.5,31.5,10.));
#13471=CARTESIAN_POINT('Origin',(0.5,31.5,9.5));
#13472=CARTESIAN_POINT('Origin',(0.5,31.5,9.5));
#13473=CARTESIAN_POINT('Origin',(0.5,31.5,9.5));
#13474=CARTESIAN_POINT('Origin',(0.5,31.5,2.));
#13475=CARTESIAN_POINT('Origin',(0.5,0.5,9.5));
#13476=CARTESIAN_POINT('',(0.5,0.499999999999998,10.));
#13477=CARTESIAN_POINT('Origin',(0.5,0.499999999999998,9.5));
#13478=CARTESIAN_POINT('Origin',(0.5,0.5,9.5));
#13479=CARTESIAN_POINT('Origin',(0.5,0.5,9.5));
#13480=CARTESIAN_POINT('Origin',(0.5,0.5,2.));
#13481=CARTESIAN_POINT('Origin',(15.5,31.5,9.5));
#13482=CARTESIAN_POINT('',(15.5,31.5,10.));
#13483=CARTESIAN_POINT('Origin',(15.5,31.5,9.5));
#13484=CARTESIAN_POINT('Origin',(15.5,31.5,9.5));
#13485=CARTESIAN_POINT('Origin',(15.5,31.5,9.5));
#13486=CARTESIAN_POINT('Origin',(15.5,31.5,2.));
#13487=CARTESIAN_POINT('Origin',(12.,31.5,9.5));
#13488=CARTESIAN_POINT('',(12.,31.5,10.));
#13489=CARTESIAN_POINT('Origin',(15.5,0.5,9.5));
#13490=CARTESIAN_POINT('',(15.5,0.5,10.));
#13491=CARTESIAN_POINT('Origin',(15.5,0.5,9.5));
#13492=CARTESIAN_POINT('Origin',(15.5,0.5,9.5));
#13493=CARTESIAN_POINT('Origin',(15.5,0.5,9.5));
#13494=CARTESIAN_POINT('Origin',(15.5,0.5,2.));
#13495=CARTESIAN_POINT('Origin',(15.5,8.,9.5));
#13496=CARTESIAN_POINT('',(15.5000000596046,20.0000000596047,10.));
#13497=CARTESIAN_POINT('',(15.5,8.,10.));
#13498=CARTESIAN_POINT('',(15.5,8.,10.));
#13499=CARTESIAN_POINT('Origin',(4.,0.5,9.5));
#13500=CARTESIAN_POINT('',(4.,0.5,10.));
#13501=CARTESIAN_POINT('Origin',(0.5,24.,9.5));
#13502=CARTESIAN_POINT('',(0.5,20.0000000596047,10.));
#13503=CARTESIAN_POINT('',(0.5,24.,10.));
#13504=CARTESIAN_POINT('',(0.5,24.,10.));
#13505=CARTESIAN_POINT('Origin',(8.,16.,10.));
#13506=CARTESIAN_POINT('Origin',(12.0000000596046,20.0000000596047,10.));
#13507=CARTESIAN_POINT('',(7.50000005960465,20.0000000596047,10.));
#13508=CARTESIAN_POINT('Origin',(4.00000005960464,20.0000000596047,10.));
#13509=CARTESIAN_POINT('Origin',(4.00000005960464,20.0000000596047,10.));
#13510=CARTESIAN_POINT('Origin',(12.0000000596046,20.0000000596047,9.5));
#13511=CARTESIAN_POINT('',(15.0000000596046,20.0000000596047,9.5));
#13512=CARTESIAN_POINT('Origin',(15.5000000596046,20.0000000596047,9.5));
#13513=CARTESIAN_POINT('Origin',(12.0000000596046,20.0000000596047,9.5));
#13514=CARTESIAN_POINT('Origin',(12.0000000596046,20.0000000596047,2.));
#13515=CARTESIAN_POINT('',(15.0000000596046,20.0000000596047,8.5));
#13516=CARTESIAN_POINT('',(15.0000000596046,20.0000000596047,2.));
#13517=CARTESIAN_POINT('Origin',(12.0000000596046,20.0000000596047,8.5));
#13518=CARTESIAN_POINT('Origin',(4.00000005960464,20.0000000596047,9.5));
#13519=CARTESIAN_POINT('',(7.00000005960464,20.0000000596047,9.5));
#13520=CARTESIAN_POINT('Origin',(7.50000005960465,20.0000000596047,9.5));
#13521=CARTESIAN_POINT('Origin',(4.00000005960464,20.0000000596047,9.5));
#13522=CARTESIAN_POINT('Origin',(4.00000005960464,20.0000000596047,2.));
#13523=CARTESIAN_POINT('',(7.00000005960464,20.0000000596047,8.5));
#13524=CARTESIAN_POINT('',(7.00000005960464,20.0000000596047,2.));
#13525=CARTESIAN_POINT('Origin',(4.00000005960464,20.0000000596047,8.5));
#13526=CARTESIAN_POINT('Origin',(4.00000017881393,8.,6.));
#13527=CARTESIAN_POINT('Origin',(4.00000017881393,8.,6.));
#13528=CARTESIAN_POINT('Origin',(12.,1.5,6.));
#13529=CARTESIAN_POINT('',(14.5,1.5,6.));
#13530=CARTESIAN_POINT('Origin',(12.,1.5,6.));
#13531=CARTESIAN_POINT('Origin',(4.00000017881393,1.5,6.));
#13532=CARTESIAN_POINT('Origin',(12.,0.,6.));
#13533=CARTESIAN_POINT('',(14.5,0.,6.));
#13534=CARTESIAN_POINT('Origin',(4.00000017881393,8.,6.));
#13535=CARTESIAN_POINT('Origin',(12.,25.5,6.));
#13536=CARTESIAN_POINT('',(9.5,25.5,4.34168760482229));
#13537=CARTESIAN_POINT('',(9.5,25.5,6.));
#13538=CARTESIAN_POINT('',(9.5,25.5,6.));
#13539=CARTESIAN_POINT('Origin',(12.,25.5,6.));
#13540=CARTESIAN_POINT('',(14.5,25.5,6.));
#13541=CARTESIAN_POINT('',(14.5,25.5,6.));
#13542=CARTESIAN_POINT('Origin',(12.,25.5,6.));
#13543=CARTESIAN_POINT('Origin',(12.,24.,6.));
#13544=CARTESIAN_POINT('',(15.,24.,6.));
#13545=CARTESIAN_POINT('Origin',(12.,24.,6.));
#13546=CARTESIAN_POINT('',(15.,24.,6.));
#13547=CARTESIAN_POINT('',(9.,25.,6.));
#13548=CARTESIAN_POINT('Origin',(12.,28.,6.));
#13549=CARTESIAN_POINT('',(9.5,25.5,7.6583123951777));
#13550=CARTESIAN_POINT('Origin',(12.,28.,6.));
#13551=CARTESIAN_POINT('Origin',(12.,25.5,6.));
#13552=CARTESIAN_POINT('Origin',(12.,25.5,6.));
#13553=CARTESIAN_POINT('',(9.5,25.5,6.));
#13554=CARTESIAN_POINT('Origin',(12.,25.5,6.));
#13555=CARTESIAN_POINT('',(14.5,25.5,6.));
#13556=CARTESIAN_POINT('Origin',(4.00000017881393,25.5,6.));
#13557=CARTESIAN_POINT('',(6.50000017881393,25.5,7.6583123951777));
#13558=CARTESIAN_POINT('',(6.5,25.5,6.));
#13559=CARTESIAN_POINT('',(6.5,25.5,6.));
#13560=CARTESIAN_POINT('Origin',(4.00000017881393,25.5,6.));
#13561=CARTESIAN_POINT('',(1.5,25.5,6.));
#13562=CARTESIAN_POINT('',(1.5,25.5,6.));
#13563=CARTESIAN_POINT('Origin',(4.00000017881393,25.5,6.));
#13564=CARTESIAN_POINT('Origin',(4.00000017881393,24.,6.));
#13565=CARTESIAN_POINT('',(7.00000017881393,24.,6.));
#13566=CARTESIAN_POINT('Origin',(4.00000017881393,24.,6.));
#13567=CARTESIAN_POINT('',(7.00000017881393,25.,6.));
#13568=CARTESIAN_POINT('',(7.00000017881393,24.,6.));
#13569=CARTESIAN_POINT('',(6.50000017881393,25.5,4.34168760482229));
#13570=CARTESIAN_POINT('Origin',(4.00000017881393,28.,6.));
#13571=CARTESIAN_POINT('Origin',(4.00000017881393,25.5,6.));
#13572=CARTESIAN_POINT('Origin',(4.00000017881393,28.,6.));
#13573=CARTESIAN_POINT('Origin',(4.00000017881393,25.5,6.));
#13574=CARTESIAN_POINT('',(6.5,25.5,6.));
#13575=CARTESIAN_POINT('Origin',(4.00000017881393,25.5,6.));
#13576=CARTESIAN_POINT('',(1.5,25.5,6.));
#13577=CARTESIAN_POINT('Origin',(9.5,28.,6.));
#13578=CARTESIAN_POINT('',(9.5,30.5,6.));
#13579=CARTESIAN_POINT('Origin',(9.5,28.,6.));
#13580=CARTESIAN_POINT('',(9.5,30.5,6.));
#13581=CARTESIAN_POINT('Origin',(9.5,28.,6.));
#13582=CARTESIAN_POINT('Origin',(12.,32.,6.));
#13583=CARTESIAN_POINT('',(12.,28.,3.5));
#13584=CARTESIAN_POINT('Origin',(12.,28.,6.));
#13585=CARTESIAN_POINT('Origin',(12.,28.,6.));
#13586=CARTESIAN_POINT('Origin',(14.5,28.,6.));
#13587=CARTESIAN_POINT('',(14.5,30.5,6.));
#13588=CARTESIAN_POINT('',(14.5,30.5,6.));
#13589=CARTESIAN_POINT('Origin',(14.5,28.,6.));
#13590=CARTESIAN_POINT('Origin',(0.,28.,6.));
#13591=CARTESIAN_POINT('',(0.,25.,6.));
#13592=CARTESIAN_POINT('Origin',(9.5,28.,6.));
#13593=CARTESIAN_POINT('Origin',(6.5,28.,6.));
#13594=CARTESIAN_POINT('Origin',(6.5,28.,6.));
#13595=CARTESIAN_POINT('Origin',(6.5,28.,6.));
#13596=CARTESIAN_POINT('',(6.5,30.5,6.));
#13597=CARTESIAN_POINT('Origin',(6.5,28.,6.));
#13598=CARTESIAN_POINT('',(6.5,30.5,6.));
#13599=CARTESIAN_POINT('Origin',(4.00000017881393,32.,6.));
#13600=CARTESIAN_POINT('',(4.00000017881393,28.,3.5));
#13601=CARTESIAN_POINT('Origin',(4.00000017881393,28.,6.));
#13602=CARTESIAN_POINT('Origin',(4.00000017881393,28.,6.));
#13603=CARTESIAN_POINT('Origin',(4.00000017881393,32.,6.));
#13604=CARTESIAN_POINT('',(4.00000017881393,28.,8.5));
#13605=CARTESIAN_POINT('Origin',(4.00000017881393,28.,6.));
#13606=CARTESIAN_POINT('Origin',(4.00000017881393,28.,6.));
#13607=CARTESIAN_POINT('Origin',(1.5,28.,6.));
#13608=CARTESIAN_POINT('',(1.5,30.5,6.));
#13609=CARTESIAN_POINT('',(1.5,30.5,6.));
#13610=CARTESIAN_POINT('Origin',(1.5,28.,6.));
#13611=CARTESIAN_POINT('Origin',(12.,30.5,6.));
#13612=CARTESIAN_POINT('Origin',(12.,30.5,6.));
#13613=CARTESIAN_POINT('Origin',(12.,30.5,6.));
#13614=CARTESIAN_POINT('',(9.5,30.5,6.));
#13615=CARTESIAN_POINT('',(14.5,30.5,6.));
#13616=CARTESIAN_POINT('Origin',(12.,30.5,6.));
#13617=CARTESIAN_POINT('Origin',(4.00000017881393,30.5,6.));
#13618=CARTESIAN_POINT('',(6.5,30.5,6.));
#13619=CARTESIAN_POINT('',(1.5,30.5,6.));
#13620=CARTESIAN_POINT('Origin',(4.00000017881393,30.5,6.));
#13621=CARTESIAN_POINT('Origin',(4.00000017881393,30.5,6.));
#13622=CARTESIAN_POINT('Origin',(4.00000017881393,30.5,6.));
#13623=CARTESIAN_POINT('Origin',(9.5,28.,6.));
#13624=CARTESIAN_POINT('Origin',(9.5,28.,6.));
#13625=CARTESIAN_POINT('Origin',(12.,32.,6.));
#13626=CARTESIAN_POINT('',(12.,28.,8.5));
#13627=CARTESIAN_POINT('Origin',(12.,28.,6.));
#13628=CARTESIAN_POINT('Origin',(12.,28.,6.));
#13629=CARTESIAN_POINT('Origin',(14.5,28.,6.));
#13630=CARTESIAN_POINT('Origin',(14.5,28.,6.));
#13631=CARTESIAN_POINT('Origin',(6.5,28.,6.));
#13632=CARTESIAN_POINT('Origin',(6.5,28.,6.));
#13633=CARTESIAN_POINT('Origin',(4.00000017881393,32.,6.));
#13634=CARTESIAN_POINT('Origin',(4.00000017881393,28.,6.));
#13635=CARTESIAN_POINT('Origin',(4.00000017881393,28.,6.));
#13636=CARTESIAN_POINT('Origin',(4.00000017881393,32.,6.));
#13637=CARTESIAN_POINT('Origin',(4.00000017881393,28.,6.));
#13638=CARTESIAN_POINT('Origin',(4.00000017881393,28.,6.));
#13639=CARTESIAN_POINT('Origin',(1.5,28.,6.));
#13640=CARTESIAN_POINT('Origin',(1.5,28.,6.));
#13641=CARTESIAN_POINT('Origin',(12.,32.,6.));
#13642=CARTESIAN_POINT('Origin',(12.,28.,6.));
#13643=CARTESIAN_POINT('Origin',(12.,28.,6.));
#13644=CARTESIAN_POINT('Origin',(12.,32.,6.));
#13645=CARTESIAN_POINT('Origin',(12.,28.,6.));
#13646=CARTESIAN_POINT('Origin',(12.,28.,6.));
#13647=CARTESIAN_POINT('Origin',(12.,24.,6.));
#13648=CARTESIAN_POINT('Origin',(4.00000017881393,24.,6.));
#13649=CARTESIAN_POINT('Origin',(9.5,28.,6.));
#13650=CARTESIAN_POINT('Origin',(9.5,28.,6.));
#13651=CARTESIAN_POINT('Origin',(9.5,28.,6.));
#13652=CARTESIAN_POINT('Origin',(9.5,28.,6.));
#13653=CARTESIAN_POINT('Origin',(1.5,28.,6.));
#13654=CARTESIAN_POINT('Origin',(1.5,28.,6.));
#13655=CARTESIAN_POINT('Origin',(1.5,28.,6.));
#13656=CARTESIAN_POINT('Origin',(1.5,28.,6.));
#13657=CARTESIAN_POINT('Origin',(14.5,12.0000004172325,6.));
#13658=CARTESIAN_POINT('Origin',(9.5,12.0000004172325,6.));
#13659=CARTESIAN_POINT('Origin',(9.5,12.0000004172325,6.));
#13660=CARTESIAN_POINT('Origin',(0.,12.0000004172325,6.));
#13661=CARTESIAN_POINT('Origin',(6.5,12.0000004172325,6.));
#13662=CARTESIAN_POINT('Origin',(1.5,12.0000004172325,6.));
#13663=CARTESIAN_POINT('',(1.5,9.50000041723251,6.));
#13664=CARTESIAN_POINT('',(1.5,9.50000041723251,6.));
#13665=CARTESIAN_POINT('Origin',(1.5,12.0000004172325,6.));
#13666=CARTESIAN_POINT('Origin',(6.5,12.0000004172325,6.));
#13667=CARTESIAN_POINT('Origin',(6.5,12.0000004172325,6.));
#13668=CARTESIAN_POINT('Origin',(1.5,12.0000004172325,6.));
#13669=CARTESIAN_POINT('Origin',(12.0000000596046,20.0000000596047,3.5));
#13670=CARTESIAN_POINT('',(14.5000000596046,20.0000000596047,8.5));
#13671=CARTESIAN_POINT('Origin',(12.0000000596046,20.0000000596047,8.5));
#13672=CARTESIAN_POINT('',(14.5000000596046,20.0000000596047,3.5));
#13673=CARTESIAN_POINT('',(14.5000000596046,20.0000000596047,3.5));
#13674=CARTESIAN_POINT('Origin',(12.0000000596046,20.0000000596047,3.5));
#13675=CARTESIAN_POINT('Origin',(12.0000000596046,20.0000000596047,8.5));
#13676=CARTESIAN_POINT('Origin',(12.0000000596046,20.0000000596047,3.5));
#13677=CARTESIAN_POINT('',(15.0000000596046,20.0000000596047,3.5));
#13678=CARTESIAN_POINT('Origin',(12.0000000596046,20.0000000596047,3.5));
#13679=CARTESIAN_POINT('Origin',(12.0000000596046,20.0000000596047,2.));
#13680=CARTESIAN_POINT('',(15.0000000596046,20.0000000596047,2.));
#13681=CARTESIAN_POINT('Origin',(4.00000005960464,20.0000000596047,3.5));
#13682=CARTESIAN_POINT('',(6.50000005960464,20.0000000596047,8.5));
#13683=CARTESIAN_POINT('Origin',(4.00000005960464,20.0000000596047,8.5));
#13684=CARTESIAN_POINT('',(6.50000005960464,20.0000000596047,3.5));
#13685=CARTESIAN_POINT('',(6.50000005960464,20.0000000596047,3.5));
#13686=CARTESIAN_POINT('Origin',(4.00000005960464,20.0000000596047,3.5));
#13687=CARTESIAN_POINT('Origin',(4.00000005960464,20.0000000596047,8.5));
#13688=CARTESIAN_POINT('Origin',(4.00000005960464,20.0000000596047,3.5));
#13689=CARTESIAN_POINT('',(7.00000005960464,20.0000000596047,3.5));
#13690=CARTESIAN_POINT('Origin',(4.00000005960464,20.0000000596047,3.5));
#13691=CARTESIAN_POINT('Origin',(4.00000005960464,20.0000000596047,2.));
#13692=CARTESIAN_POINT('',(7.00000005960464,20.0000000596047,2.));
#13693=CARTESIAN_POINT('Origin',(0.5,12.0000001928386,-10.));
#13694=CARTESIAN_POINT('',(0.,12.0000001928386,-13.5));
#13695=CARTESIAN_POINT('',(0.,12.0000001928386,-6.5));
#13696=CARTESIAN_POINT('Origin',(0.,12.0000001928386,-10.));
#13697=CARTESIAN_POINT('',(0.5,12.0000001928386,-7.));
#13698=CARTESIAN_POINT('Origin',(0.5,12.0000001928386,-6.5));
#13699=CARTESIAN_POINT('',(0.5,9.00000019283856,-10.));
#13700=CARTESIAN_POINT('Origin',(0.5,12.0000001928386,-10.));
#13701=CARTESIAN_POINT('Origin',(0.5,12.0000001928386,-10.));
#13702=CARTESIAN_POINT('',(0.,15.5,-10.));
#13703=CARTESIAN_POINT('Origin',(0.,12.0000001928386,-10.));
#13704=CARTESIAN_POINT('Origin',(0.,12.0000001928386,-10.));
#13705=CARTESIAN_POINT('Origin',(0.,4.,-6.));
#13706=CARTESIAN_POINT('',(0.,15.5,-6.5));
#13707=CARTESIAN_POINT('',(0.,7.,-6.5));
#13708=CARTESIAN_POINT('',(0.,15.5,-6.));
#13709=CARTESIAN_POINT('Origin',(0.,4.,-6.));
#13710=CARTESIAN_POINT('',(0.,8.20710669177958,-13.5));
#13711=CARTESIAN_POINT('',(0.,7.,-13.5));
#13712=CARTESIAN_POINT('',(0.,4.5,-9.79289330822042));
#13713=CARTESIAN_POINT('',(0.,3.35355339804385,-8.64644670626427));
#13714=CARTESIAN_POINT('',(0.,4.5,-6.5));
#13715=CARTESIAN_POINT('',(0.,4.5,-5.));
#13716=CARTESIAN_POINT('',(0.,7.,-6.5));
#13717=CARTESIAN_POINT('Origin',(0.,4.,-6.));
#13718=CARTESIAN_POINT('',(0.,15.5,-13.5));
#13719=CARTESIAN_POINT('',(0.,15.5,-6.));
#13720=CARTESIAN_POINT('',(0.,7.,-13.5));
#13721=CARTESIAN_POINT('Origin',(16.,12.0000001928386,-10.));
#13722=CARTESIAN_POINT('',(1.5,13.6583123951777,-7.5));
#13723=CARTESIAN_POINT('',(1.,12.,-7.));
#13724=CARTESIAN_POINT('Origin',(4.,12.,-10.));
#13725=CARTESIAN_POINT('',(1.5,10.3416876048223,-7.5));
#13726=CARTESIAN_POINT('Origin',(4.,12.,-10.));
#13727=CARTESIAN_POINT('',(1.5,9.00000019283856,-10.));
#13728=CARTESIAN_POINT('Origin',(1.5,12.0000001928386,-10.));
#13729=CARTESIAN_POINT('',(16.,9.00000019283856,-10.));
#13730=CARTESIAN_POINT('',(1.5,10.3416876048223,-12.5));
#13731=CARTESIAN_POINT('Origin',(1.5,12.0000001928386,-10.));
#13732=CARTESIAN_POINT('',(1.,12.,-13.));
#13733=CARTESIAN_POINT('Origin',(4.,12.,-10.));
#13734=CARTESIAN_POINT('',(1.5,13.6583123951777,-12.5));
#13735=CARTESIAN_POINT('Origin',(4.,12.,-10.));
#13736=CARTESIAN_POINT('Origin',(1.5,12.0000001928386,-10.));
#13737=CARTESIAN_POINT('Origin',(15.5,12.0000001928386,-10.));
#13738=CARTESIAN_POINT('',(16.,12.0000001928386,-6.5));
#13739=CARTESIAN_POINT('',(16.,12.0000001928386,-13.5));
#13740=CARTESIAN_POINT('Origin',(16.,12.0000001928386,-10.));
#13741=CARTESIAN_POINT('',(15.5,12.0000001928386,-13.));
#13742=CARTESIAN_POINT('Origin',(15.5,12.0000001928386,-13.5));
#13743=CARTESIAN_POINT('',(15.5,9.00000019283856,-10.));
#13744=CARTESIAN_POINT('Origin',(15.5,12.0000001928386,-10.));
#13745=CARTESIAN_POINT('Origin',(15.5,12.0000001928386,-10.));
#13746=CARTESIAN_POINT('',(16.,15.5,-10.));
#13747=CARTESIAN_POINT('Origin',(16.,12.0000001928386,-10.));
#13748=CARTESIAN_POINT('Origin',(16.,12.0000001928386,-10.));
#13749=CARTESIAN_POINT('Origin',(16.,16.,-6.));
#13750=CARTESIAN_POINT('',(16.,15.5,-13.5));
#13751=CARTESIAN_POINT('',(16.,13.,-13.5));
#13752=CARTESIAN_POINT('',(16.,15.5,-6.));
#13753=CARTESIAN_POINT('Origin',(16.,16.,-6.));
#13754=CARTESIAN_POINT('',(16.,4.5,-6.5));
#13755=CARTESIAN_POINT('',(16.,13.,-6.5));
#13756=CARTESIAN_POINT('',(16.,4.5,-9.79289330822042));
#13757=CARTESIAN_POINT('',(16.,4.5,-5.));
#13758=CARTESIAN_POINT('',(16.,8.20710669177958,-13.5));
#13759=CARTESIAN_POINT('',(16.,6.35355339804386,-11.6464467062643));
#13760=CARTESIAN_POINT('',(16.,13.,-13.5));
#13761=CARTESIAN_POINT('Origin',(16.,16.,-6.));
#13762=CARTESIAN_POINT('',(16.,15.5,-6.5));
#13763=CARTESIAN_POINT('',(16.,15.5,-6.));
#13764=CARTESIAN_POINT('',(16.,13.,-6.5));
#13765=CARTESIAN_POINT('Origin',(16.,12.0000001928386,-10.));
#13766=CARTESIAN_POINT('',(14.5,9.00000019283856,-10.));
#13767=CARTESIAN_POINT('',(16.,9.00000019283856,-10.));
#13768=CARTESIAN_POINT('',(14.5,10.3416876048223,-7.5));
#13769=CARTESIAN_POINT('Origin',(14.5,12.0000001928386,-10.));
#13770=CARTESIAN_POINT('',(14.5,13.6583123951777,-7.5));
#13771=CARTESIAN_POINT('Origin',(12.,12.,-10.));
#13772=CARTESIAN_POINT('',(14.5,13.6583123951777,-12.5));
#13773=CARTESIAN_POINT('Origin',(14.5,12.0000001928386,-10.));
#13774=CARTESIAN_POINT('',(14.5,10.3416876048223,-12.5));
#13775=CARTESIAN_POINT('Origin',(12.,12.,-10.));
#13776=CARTESIAN_POINT('Origin',(14.5,12.0000001928386,-10.));
#13777=CARTESIAN_POINT('Origin',(12.,12.,-13.5));
#13778=CARTESIAN_POINT('',(15.5,12.,-14.));
#13779=CARTESIAN_POINT('',(8.5,12.,-14.));
#13780=CARTESIAN_POINT('Origin',(12.,12.,-14.));
#13781=CARTESIAN_POINT('',(9.,12.,-13.5));
#13782=CARTESIAN_POINT('Origin',(8.5,12.,-13.5));
#13783=CARTESIAN_POINT('Origin',(12.,12.,-13.5));
#13784=CARTESIAN_POINT('',(12.,15.5,-14.));
#13785=CARTESIAN_POINT('Origin',(12.,12.,-14.));
#13786=CARTESIAN_POINT('Origin',(12.,12.,-14.));
#13787=CARTESIAN_POINT('Origin',(8.,10.,-14.));
#13788=CARTESIAN_POINT('',(15.5,8.20710669177958,-14.));
#13789=CARTESIAN_POINT('',(15.5,13.,-14.));
#13790=CARTESIAN_POINT('',(10.1892677850507,8.20710669177958,-14.));
#13791=CARTESIAN_POINT('',(12.,8.20710669177958,-14.));
#13792=CARTESIAN_POINT('',(5.81073221494926,8.20710669177958,-14.));
#13793=CARTESIAN_POINT('Origin',(8.,7.,-14.));
#13794=CARTESIAN_POINT('',(0.5,8.20710669177958,-14.));
#13795=CARTESIAN_POINT('',(12.,8.20710669177958,-14.));
#13796=CARTESIAN_POINT('',(0.5,12.,-14.));
#13797=CARTESIAN_POINT('',(0.5,7.,-14.));
#13798=CARTESIAN_POINT('',(4.,15.5,-14.));
#13799=CARTESIAN_POINT('Origin',(4.,12.,-14.));
#13800=CARTESIAN_POINT('',(4.,15.5,-14.));
#13801=CARTESIAN_POINT('Origin',(8.,10.,-14.));
#13802=CARTESIAN_POINT('',(15.5,15.5,-14.));
#13803=CARTESIAN_POINT('',(4.,15.5,-14.));
#13804=CARTESIAN_POINT('',(15.5,13.,-14.));
#13805=CARTESIAN_POINT('Origin',(12.,12.,-14.));
#13806=CARTESIAN_POINT('',(9.,12.,-13.));
#13807=CARTESIAN_POINT('',(9.,12.,-14.));
#13808=CARTESIAN_POINT('',(9.5,10.3416876048223,-12.5));
#13809=CARTESIAN_POINT('Origin',(12.,12.,-10.));
#13810=CARTESIAN_POINT('Origin',(12.,12.,-12.5));
#13811=CARTESIAN_POINT('',(9.5,13.6583123951777,-12.5));
#13812=CARTESIAN_POINT('Origin',(12.,12.,-12.5));
#13813=CARTESIAN_POINT('Origin',(12.,12.,-10.));
#13814=CARTESIAN_POINT('Origin',(4.,12.,-13.5));
#13815=CARTESIAN_POINT('',(1.,12.,-13.5));
#13816=CARTESIAN_POINT('Origin',(0.500000000000001,12.,-13.5));
#13817=CARTESIAN_POINT('Origin',(4.,12.,-13.5));
#13818=CARTESIAN_POINT('Origin',(4.,12.,-14.));
#13819=CARTESIAN_POINT('Origin',(8.,10.,-14.));
#13820=CARTESIAN_POINT('',(0.5,15.5,-14.));
#13821=CARTESIAN_POINT('',(0.5,7.,-14.));
#13822=CARTESIAN_POINT('',(4.,15.5,-14.));
#13823=CARTESIAN_POINT('Origin',(4.,12.,-14.));
#13824=CARTESIAN_POINT('',(1.,12.,-14.));
#13825=CARTESIAN_POINT('',(6.5,10.3416876048223,-12.5));
#13826=CARTESIAN_POINT('Origin',(4.,12.,-12.5));
#13827=CARTESIAN_POINT('',(6.5,13.6583123951777,-12.5));
#13828=CARTESIAN_POINT('Origin',(4.,12.,-10.));
#13829=CARTESIAN_POINT('Origin',(4.,12.,-12.5));
#13830=CARTESIAN_POINT('Origin',(5.81073221494926,8.20710669177958,-13.5));
#13831=CARTESIAN_POINT('',(5.81073221494926,7.85355330118631,-13.8535533905933));
#13832=CARTESIAN_POINT('',(6.24858577195941,7.96568535342367,-13.5));
#13833=CARTESIAN_POINT('Origin',(5.81073221494926,8.20710669177958,-13.5));
#13834=CARTESIAN_POINT('Origin',(5.81073221494926,8.20710669177958,-13.5));
#13835=CARTESIAN_POINT('Origin',(5.81073221494926,8.20710669177958,-13.5));
#13836=CARTESIAN_POINT('Origin',(0.5,4.5,-9.79289330822042));
#13837=CARTESIAN_POINT('',(0.5,4.,-9.79289330822042));
#13838=CARTESIAN_POINT('Origin',(0.5,4.5,-9.79289330822042));
#13839=CARTESIAN_POINT('',(0.5,4.14644660940673,-10.1464466988137));
#13840=CARTESIAN_POINT('Origin',(0.5,4.5,-9.79289330822042));
#13841=CARTESIAN_POINT('Origin',(0.5,4.5,-9.79289330822042));
#13842=CARTESIAN_POINT('Origin',(0.5,8.20710669177958,-13.5));
#13843=CARTESIAN_POINT('',(0.5,7.85355330118631,-13.8535533905933));
#13844=CARTESIAN_POINT('Origin',(0.5,8.20710669177958,-13.5));
#13845=CARTESIAN_POINT('Origin',(0.5,8.20710669177958,-13.5));
#13846=CARTESIAN_POINT('Origin',(0.5,8.20710669177958,-13.5));
#13847=CARTESIAN_POINT('Origin',(10.1892677850507,8.20710669177958,-13.5));
#13848=CARTESIAN_POINT('',(9.75141422804059,7.96568535342367,-13.5));
#13849=CARTESIAN_POINT('',(10.1892677850507,7.85355330118631,-13.8535533905933));
#13850=CARTESIAN_POINT('Origin',(10.1892677850507,8.20710669177958,-13.5));
#13851=CARTESIAN_POINT('Origin',(10.1892677850507,8.20710669177958,-13.5));
#13852=CARTESIAN_POINT('Origin',(10.1892677850507,8.20710669177958,-13.5));
#13853=CARTESIAN_POINT('Origin',(8.,7.,-13.5));
#13854=CARTESIAN_POINT('Origin',(8.,7.,-13.5));
#13855=CARTESIAN_POINT('Origin',(15.5,4.5,-9.79289330822042));
#13856=CARTESIAN_POINT('',(15.5,4.,-9.79289330822042));
#13857=CARTESIAN_POINT('Origin',(15.5,4.5,-9.79289330822042));
#13858=CARTESIAN_POINT('',(15.5,4.14644660940673,-10.1464466988137));
#13859=CARTESIAN_POINT('Origin',(15.5,4.5,-9.79289330822042));
#13860=CARTESIAN_POINT('Origin',(15.5,4.5,-9.79289330822042));
#13861=CARTESIAN_POINT('Origin',(13.375,4.5,-9.79289330822042));
#13862=CARTESIAN_POINT('',(13.375,4.,-9.79289330822042));
#13863=CARTESIAN_POINT('',(8.000000059012,4.14644660940673,-10.1464466988137));
#13864=CARTESIAN_POINT('',(13.375,4.14644660940673,-10.1464466988137));
#13865=CARTESIAN_POINT('',(13.375,4.14644660940673,-10.1464466988137));
#13866=CARTESIAN_POINT('Origin',(0.5,15.5,-13.5));
#13867=CARTESIAN_POINT('Origin',(0.5,15.5,-13.5));
#13868=CARTESIAN_POINT('',(0.5,16.,-13.5));
#13869=CARTESIAN_POINT('Origin',(0.5,15.5,-13.5));
#13870=CARTESIAN_POINT('Origin',(0.5,15.5,-13.5));
#13871=CARTESIAN_POINT('Origin',(15.5,8.20710669177958,-13.5));
#13872=CARTESIAN_POINT('Origin',(15.5,8.20710669177958,-13.5));
#13873=CARTESIAN_POINT('',(15.5,7.85355330118631,-13.8535533905933));
#13874=CARTESIAN_POINT('Origin',(15.5,8.20710669177958,-13.5));
#13875=CARTESIAN_POINT('Origin',(15.5,8.20710669177958,-13.5));
#13876=CARTESIAN_POINT('Origin',(15.5,6.35355339804386,-11.6464467062643));
#13877=CARTESIAN_POINT('',(15.5,6.00000000745058,-12.0000000968575));
#13878=CARTESIAN_POINT('Origin',(12.,8.20710669177958,-13.5));
#13879=CARTESIAN_POINT('',(12.,7.85355330118631,-13.8535533905933));
#13880=CARTESIAN_POINT('Origin',(15.5,4.5,-5.));
#13881=CARTESIAN_POINT('',(15.5,4.,-6.));
#13882=CARTESIAN_POINT('',(15.5,4.,-5.));
#13883=CARTESIAN_POINT('Origin',(15.5,4.5,-6.5));
#13884=CARTESIAN_POINT('Origin',(0.5,15.5,-6.5));
#13885=CARTESIAN_POINT('',(0.5,16.,-6.5));
#13886=CARTESIAN_POINT('Origin',(0.5,15.5,-6.5));
#13887=CARTESIAN_POINT('',(0.5,15.5,-6.));
#13888=CARTESIAN_POINT('Origin',(0.5,15.5,-6.5));
#13889=CARTESIAN_POINT('Origin',(0.5,15.5,-6.5));
#13890=CARTESIAN_POINT('Origin',(0.5,7.,-6.5));
#13891=CARTESIAN_POINT('',(0.5,4.,-6.));
#13892=CARTESIAN_POINT('',(0.5,7.,-6.));
#13893=CARTESIAN_POINT('Origin',(0.5,4.5,-6.5));
#13894=CARTESIAN_POINT('Origin',(15.5,15.5,-13.5));
#13895=CARTESIAN_POINT('',(15.5,16.,-13.5));
#13896=CARTESIAN_POINT('Origin',(15.5,15.5,-13.5));
#13897=CARTESIAN_POINT('Origin',(15.5,15.5,-13.5));
#13898=CARTESIAN_POINT('Origin',(15.5,15.5,-13.5));
#13899=CARTESIAN_POINT('Origin',(15.5,15.5,-6.5));
#13900=CARTESIAN_POINT('',(15.5,16.,-6.5));
#13901=CARTESIAN_POINT('Origin',(15.5,15.5,-6.5));
#13902=CARTESIAN_POINT('',(15.5,15.5,-6.));
#13903=CARTESIAN_POINT('Origin',(15.5,15.5,-6.5));
#13904=CARTESIAN_POINT('Origin',(15.5,15.5,-6.5));
#13905=CARTESIAN_POINT('Origin',(4.,15.5,-6.5));
#13906=CARTESIAN_POINT('',(4.,15.5,-6.));
#13907=CARTESIAN_POINT('',(4.,16.,-6.5));
#13908=CARTESIAN_POINT('Origin',(15.5,13.,-6.5));
#13909=CARTESIAN_POINT('',(15.5,13.,-6.));
#13910=CARTESIAN_POINT('Origin',(15.5,15.5,-6.));
#13911=CARTESIAN_POINT('',(15.5,16.,-6.));
#13912=CARTESIAN_POINT('Origin',(15.5,13.,-13.5));
#13913=CARTESIAN_POINT('Origin',(4.,15.5,-13.5));
#13914=CARTESIAN_POINT('',(4.,16.,-13.5));
#13915=CARTESIAN_POINT('Origin',(0.5,15.5,-6.));
#13916=CARTESIAN_POINT('',(0.5,16.,-6.));
#13917=CARTESIAN_POINT('Origin',(0.5,7.,-13.5));
#13918=CARTESIAN_POINT('Origin',(0.5,4.5,-5.));
#13919=CARTESIAN_POINT('',(0.5,4.,-5.));
#13920=CARTESIAN_POINT('Ctrl Pts',(10.1892677850507,7.85355330118631,-13.8535533905933));
#13921=CARTESIAN_POINT('Ctrl Pts',(10.4277799152408,7.42097602651389,-13.4209761159209));
#13922=CARTESIAN_POINT('Ctrl Pts',(10.6406790246476,6.41156538546286,-12.4115654748698));
#13923=CARTESIAN_POINT('Ctrl Pts',(10.0590426493085,4.97527522211114,-10.9752753115181));
#13924=CARTESIAN_POINT('Ctrl Pts',(8.9882560408573,4.25569048329873,-10.2556905727057));
#13925=CARTESIAN_POINT('Ctrl Pts',(7.99998557889798,4.11023059648179,-10.1102306858888));
#13926=CARTESIAN_POINT('Ctrl Pts',(7.01150036658584,4.25535063029771,-10.2553507197047));
#13927=CARTESIAN_POINT('Ctrl Pts',(5.9415443374551,4.97577631095963,-10.9757764003666));
#13928=CARTESIAN_POINT('Ctrl Pts',(5.35890603192589,6.41138290225246,-12.4113829916594));
#13929=CARTESIAN_POINT('Ctrl Pts',(5.57222008475924,7.42097602651389,-13.4209761159209));
#13930=CARTESIAN_POINT('Ctrl Pts',(5.81073221494926,7.85355330118631,-13.8535533905933));
#13931=CARTESIAN_POINT('Ctrl Pts',(10.1350358631946,7.83860224854953,-13.8386023379565));
#13932=CARTESIAN_POINT('Ctrl Pts',(10.3644312287923,7.41048992513279,-13.4105056956408));
#13933=CARTESIAN_POINT('Ctrl Pts',(10.5614168091138,6.41330949327865,-12.4132522023771));
#13934=CARTESIAN_POINT('Ctrl Pts',(9.96697736266344,5.00638929920157,-11.0063542086838));
#13935=CARTESIAN_POINT('Ctrl Pts',(8.92547196876737,4.32526166406065,-10.325286818114));
#13936=CARTESIAN_POINT('Ctrl Pts',(8.00001033219521,4.19290242689976,-10.1929626525845));
#13937=CARTESIAN_POINT('Ctrl Pts',(7.07442169061795,4.32474606394926,-10.3247980832733));
#13938=CARTESIAN_POINT('Ctrl Pts',(6.03350613312069,5.00705775411877,-11.0070133932302));
#13939=CARTESIAN_POINT('Ctrl Pts',(5.4381445691556,6.41309013467687,-12.4130277145134));
#13940=CARTESIAN_POINT('Ctrl Pts',(5.63556877120766,7.41048992513279,-13.4105056956408));
#13941=CARTESIAN_POINT('Ctrl Pts',(5.86496413680539,7.83860224854953,-13.8386023379565));
#13942=CARTESIAN_POINT('Ctrl Pts',(10.0265841409445,7.82322939343612,-13.7941776659894));
#13943=CARTESIAN_POINT('Ctrl Pts',(10.2377454743759,7.40719590137558,-13.3718931663437));
#13944=CARTESIAN_POINT('Ctrl Pts',(10.4029664048249,6.44224816793272,-12.3911502064138));
#13945=CARTESIAN_POINT('Ctrl Pts',(9.78297344724133,5.10950764845361,-11.0274469275446));
#13946=CARTESIAN_POINT('Ctrl Pts',(8.79997753082018,4.51752898349354,-10.4110119830086));
#13947=CARTESIAN_POINT('Ctrl Pts',(8.00008612251419,4.4144436653103,-10.301845226476));
#13948=CARTESIAN_POINT('Ctrl Pts',(7.20019770135099,4.51670905976585,-10.41021660141));
#13949=CARTESIAN_POINT('Ctrl Pts',(6.21728448475075,5.11051844083155,-11.0284215109218));
#13950=CARTESIAN_POINT('Ctrl Pts',(5.59655809086305,6.44192904549844,-12.390848328639));
#13951=CARTESIAN_POINT('Ctrl Pts',(5.76225452562406,7.40719590137558,-13.3718931663437));
#13952=CARTESIAN_POINT('Ctrl Pts',(5.97341585905545,7.82322939343612,-13.7941776659894));
#13953=CARTESIAN_POINT('Ctrl Pts',(9.88353289055784,7.84650057421852,-13.6920316564682));
#13954=CARTESIAN_POINT('Ctrl Pts',(10.0747837168185,7.45633911309045,-13.2697544694027));
#13955=CARTESIAN_POINT('Ctrl Pts',(10.211785836096,6.55591651367724,-12.2895582092914));
#13956=CARTESIAN_POINT('Ctrl Pts',(9.59928223533548,5.34267749185787,-10.9301590619616));
#13957=CARTESIAN_POINT('Ctrl Pts',(8.6937763071109,4.84600473252172,-10.3275064398048));
#13958=CARTESIAN_POINT('Ctrl Pts',(8.00012260204508,4.76820243392449,-10.2242916813809));
#13959=CARTESIAN_POINT('Ctrl Pts',(7.30655411959432,4.8450295650037,-10.3266178828727));
#13960=CARTESIAN_POINT('Ctrl Pts',(6.40082191050011,5.34386521274138,-10.9312269241817));
#13961=CARTESIAN_POINT('Ctrl Pts',(5.78773897939712,6.55553716104437,-12.289236076523));
#13962=CARTESIAN_POINT('Ctrl Pts',(5.92521628318152,7.45633911309045,-13.2697544694027));
#13963=CARTESIAN_POINT('Ctrl Pts',(6.11646710944216,7.84650057421852,-13.6920316564682));
#13964=CARTESIAN_POINT('Ctrl Pts',(9.79510621345082,7.90219086531291,-13.5875851399378));
#13965=CARTESIAN_POINT('Ctrl Pts',(9.9810080047767,7.53698064875817,-13.1601945057327));
#13966=CARTESIAN_POINT('Ctrl Pts',(10.12369092539,6.6925747520692,-12.1656044288249));
#13967=CARTESIAN_POINT('Ctrl Pts',(9.57587900466854,5.54266517810677,-10.7686986548153));
#13968=CARTESIAN_POINT('Ctrl Pts',(8.71251622044106,5.03872259835457,-10.1102241216801));
#13969=CARTESIAN_POINT('Ctrl Pts',(8.00008657662214,4.95025928045254,-9.98701291593182));
#13970=CARTESIAN_POINT('Ctrl Pts',(7.28761502193693,5.03807020004515,-10.1095870532419));
#13971=CARTESIAN_POINT('Ctrl Pts',(6.42432790202365,5.54353055086056,-10.7695031453271));
#13972=CARTESIAN_POINT('Ctrl Pts',(5.87591189249273,6.6922687326763,-12.1653489578221));
#13973=CARTESIAN_POINT('Ctrl Pts',(6.0189919952233,7.53698064875817,-13.1601945057327));
#13974=CARTESIAN_POINT('Ctrl Pts',(6.20489378654918,7.90219086531291,-13.5875851399378));
#13975=CARTESIAN_POINT('Ctrl Pts',(9.76067219551062,7.9488946504351,-13.5218953112789));
#13976=CARTESIAN_POINT('Ctrl Pts',(9.94972844268541,7.59818066494207,-13.0906145246335));
#13977=CARTESIAN_POINT('Ctrl Pts',(10.1117951994027,6.7821765832582,-12.0849066180722));
#13978=CARTESIAN_POINT('Ctrl Pts',(9.6248087883205,5.63620955816225,-10.658460210806));
#13979=CARTESIAN_POINT('Ctrl Pts',(8.76837781413476,5.081627343526,-9.95412082787722));
#13980=CARTESIAN_POINT('Ctrl Pts',(7.99999804859727,4.97298277714169,-9.81420610223285));
#13981=CARTESIAN_POINT('Ctrl Pts',(7.23151342007644,5.0812397193718,-9.95370540558589));
#13982=CARTESIAN_POINT('Ctrl Pts',(6.3755995967527,5.63673184042686,-10.659036150442));
#13983=CARTESIAN_POINT('Ctrl Pts',(5.88784870708255,6.78199551577302,-12.0847069479068));
#13984=CARTESIAN_POINT('Ctrl Pts',(6.0502715573146,7.59818066494207,-13.0906145246335));
#13985=CARTESIAN_POINT('Ctrl Pts',(6.23932780448939,7.9488946504351,-13.5218953112789));
#13986=CARTESIAN_POINT('Ctrl Pts',(9.75141422804059,7.96568535342367,-13.5));
#13987=CARTESIAN_POINT('Ctrl Pts',(9.94222393219261,7.61962353368573,-13.0674227253276));
#13988=CARTESIAN_POINT('Ctrl Pts',(10.1125432197181,6.81209502084491,-12.0580120842766));
#13989=CARTESIAN_POINT('Ctrl Pts',(9.64723411944678,5.66306289016353,-10.6217219209248));
#13990=CARTESIAN_POINT('Ctrl Pts',(8.79060483268584,5.0873950991136,-9.90213718211241));
#13991=CARTESIAN_POINT('Ctrl Pts',(7.99998846311839,4.97102718966006,-9.75667729529549));
#13992=CARTESIAN_POINT('Ctrl Pts',(7.20920029326867,5.08712321671278,-9.9017973291114));
#13993=CARTESIAN_POINT('Ctrl Pts',(6.35323546996408,5.66346376124233,-10.6222230097733));
#13994=CARTESIAN_POINT('Ctrl Pts',(5.88712482554071,6.81194903427659,-12.0578296010662));
#13995=CARTESIAN_POINT('Ctrl Pts',(6.05777606780739,7.61962353368574,-13.0674227253276));
#13996=CARTESIAN_POINT('Ctrl Pts',(6.24858577195941,7.96568535342367,-13.5));
#13997=CARTESIAN_POINT('',(6.,7.,-12.2928933082204));
#13998=CARTESIAN_POINT('Origin',(8.,7.,-12.2928933082204));
#13999=CARTESIAN_POINT('Origin',(8.,7.,-12.2928933082204));
#14000=CARTESIAN_POINT('Origin',(8.,6.64644660940673,-12.6464466988137));
#14001=CARTESIAN_POINT('Origin',(8.,6.64644660940673,-12.6464466988137));
#14002=CARTESIAN_POINT('Origin',(12.,8.20710669177958,-13.5));
#14003=CARTESIAN_POINT('',(12.,7.85355330118631,-13.8535533905933));
#14004=CARTESIAN_POINT('Origin',(0.5,3.35355339804385,-8.64644670626427));
#14005=CARTESIAN_POINT('',(0.5,3.00000000745058,-9.00000009685755));
#14006=CARTESIAN_POINT('Origin',(8.,10.,-6.));
#14007=CARTESIAN_POINT('',(4.25,4.,-6.));
#14008=CARTESIAN_POINT('',(0.,4.,-6.));
#14009=CARTESIAN_POINT('',(4.25,9.01043481422465,-6.));
#14010=CARTESIAN_POINT('',(4.25,7.,-6.));
#14011=CARTESIAN_POINT('',(1.,12.,-6.));
#14012=CARTESIAN_POINT('Origin',(4.,12.,-6.));
#14013=CARTESIAN_POINT('',(6.82842712474619,11.,-6.));
#14014=CARTESIAN_POINT('Origin',(4.,12.,-6.));
#14015=CARTESIAN_POINT('',(9.17157287525381,11.,-6.));
#14016=CARTESIAN_POINT('',(6.625,11.,-6.));
#14017=CARTESIAN_POINT('',(9.,12.,-6.));
#14018=CARTESIAN_POINT('Origin',(12.,12.,-6.));
#14019=CARTESIAN_POINT('',(11.75,9.01043481422465,-6.));
#14020=CARTESIAN_POINT('Origin',(12.,12.,-6.));
#14021=CARTESIAN_POINT('',(11.75,4.,-6.));
#14022=CARTESIAN_POINT('',(11.75,10.,-6.));
#14023=CARTESIAN_POINT('',(0.,4.,-6.));
#14024=CARTESIAN_POINT('Origin',(8.,7.,-4.));
#14025=CARTESIAN_POINT('',(6.,7.,-4.));
#14026=CARTESIAN_POINT('',(6.,7.,-4.));
#14027=CARTESIAN_POINT('Origin',(8.,7.,-4.));
#14028=CARTESIAN_POINT('Origin',(16.,4.00000005960464,-10.0000001490116));
#14029=CARTESIAN_POINT('Origin',(16.,4.00000005960464,-10.0000001490116));
#14030=CARTESIAN_POINT('Origin',(0.,16.,-6.));
#14031=CARTESIAN_POINT('Origin',(12.,12.,-7.5));
#14032=CARTESIAN_POINT('',(9.5,10.3416876048223,-7.5));
#14033=CARTESIAN_POINT('',(9.5,12.,-7.50000000000001));
#14034=CARTESIAN_POINT('',(9.5,12.0000000964193,-7.5));
#14035=CARTESIAN_POINT('Origin',(12.,12.,-7.5));
#14036=CARTESIAN_POINT('',(14.5,12.,-7.50000000000001));
#14037=CARTESIAN_POINT('',(14.5,12.0000000964193,-7.5));
#14038=CARTESIAN_POINT('Origin',(12.,12.,-7.5));
#14039=CARTESIAN_POINT('Origin',(12.,12.,-6.));
#14040=CARTESIAN_POINT('Origin',(12.,12.,-6.));
#14041=CARTESIAN_POINT('',(9.,12.,-7.));
#14042=CARTESIAN_POINT('',(9.,12.,-6.));
#14043=CARTESIAN_POINT('',(9.5,13.6583123951777,-7.5));
#14044=CARTESIAN_POINT('Origin',(12.,12.,-10.));
#14045=CARTESIAN_POINT('Origin',(12.,12.,-7.5));
#14046=CARTESIAN_POINT('Origin',(12.,12.,-10.));
#14047=CARTESIAN_POINT('Origin',(12.,12.,-6.));
#14048=CARTESIAN_POINT('',(9.70871215252208,11.,-6.));
#14049=CARTESIAN_POINT('',(6.625,11.,-6.));
#14050=CARTESIAN_POINT('',(11.75,9.51253140723345,-6.));
#14051=CARTESIAN_POINT('Origin',(12.,12.,-6.));
#14052=CARTESIAN_POINT('',(11.75,10.,-6.));
#14053=CARTESIAN_POINT('Origin',(12.,12.,-7.5));
#14054=CARTESIAN_POINT('',(9.5,12.0000000964193,-7.5));
#14055=CARTESIAN_POINT('Origin',(12.,12.,-7.5));
#14056=CARTESIAN_POINT('',(14.5,12.0000000964193,-7.5));
#14057=CARTESIAN_POINT('Origin',(4.,12.,-7.5));
#14058=CARTESIAN_POINT('',(1.5,12.,-7.50000000000001));
#14059=CARTESIAN_POINT('',(1.5,12.0000000964193,-7.5));
#14060=CARTESIAN_POINT('',(6.5,10.3416876048223,-7.5));
#14061=CARTESIAN_POINT('Origin',(4.,12.,-7.5));
#14062=CARTESIAN_POINT('',(6.5,12.,-7.50000000000001));
#14063=CARTESIAN_POINT('',(6.5,12.0000000964193,-7.5));
#14064=CARTESIAN_POINT('Origin',(4.,12.,-7.5));
#14065=CARTESIAN_POINT('Origin',(4.,12.,-6.));
#14066=CARTESIAN_POINT('Origin',(4.,12.,-6.));
#14067=CARTESIAN_POINT('',(1.,12.,-6.));
#14068=CARTESIAN_POINT('',(6.5,13.6583123951777,-7.5));
#14069=CARTESIAN_POINT('Origin',(4.,12.,-7.5));
#14070=CARTESIAN_POINT('Origin',(4.,12.,-10.));
#14071=CARTESIAN_POINT('Origin',(4.,12.,-6.));
#14072=CARTESIAN_POINT('',(4.25,9.51253140723345,-6.));
#14073=CARTESIAN_POINT('',(4.25,7.,-6.));
#14074=CARTESIAN_POINT('',(6.29128784747792,11.,-6.));
#14075=CARTESIAN_POINT('Origin',(4.,12.,-6.));
#14076=CARTESIAN_POINT('',(6.625,11.,-6.));
#14077=CARTESIAN_POINT('Origin',(4.,12.,-7.5));
#14078=CARTESIAN_POINT('',(1.5,12.0000000964193,-7.5));
#14079=CARTESIAN_POINT('Origin',(4.,12.,-7.5));
#14080=CARTESIAN_POINT('',(6.5,12.0000000964193,-7.5));
#14081=CARTESIAN_POINT('Origin',(9.5,12.0000001928386,-10.));
#14082=CARTESIAN_POINT('',(9.5,12.,-12.5));
#14083=CARTESIAN_POINT('Origin',(9.5,12.0000001928386,-10.));
#14084=CARTESIAN_POINT('',(9.5,12.0000000964193,-12.5));
#14085=CARTESIAN_POINT('',(9.5,9.00000019283856,-10.));
#14086=CARTESIAN_POINT('Origin',(9.5,12.0000001928386,-10.));
#14087=CARTESIAN_POINT('Origin',(9.5,12.0000001928386,-10.));
#14088=CARTESIAN_POINT('Origin',(14.5,12.0000001928386,-10.));
#14089=CARTESIAN_POINT('',(14.5,12.,-12.5));
#14090=CARTESIAN_POINT('',(14.5,12.0000000964193,-12.5));
#14091=CARTESIAN_POINT('Origin',(14.5,12.0000001928386,-10.));
#14092=CARTESIAN_POINT('Origin',(12.,12.,0.));
#14093=CARTESIAN_POINT('',(12.,14.5,-10.));
#14094=CARTESIAN_POINT('Origin',(12.,12.,-10.));
#14095=CARTESIAN_POINT('Origin',(12.,12.,-10.));
#14096=CARTESIAN_POINT('Origin',(12.,12.,0.));
#14097=CARTESIAN_POINT('',(12.,9.5,-10.));
#14098=CARTESIAN_POINT('Origin',(12.,12.,-10.));
#14099=CARTESIAN_POINT('Origin',(12.,12.,-10.));
#14100=CARTESIAN_POINT('Origin',(1.5,12.0000001928386,-10.));
#14101=CARTESIAN_POINT('',(1.5,12.,-12.5));
#14102=CARTESIAN_POINT('Origin',(1.5,12.0000001928386,-10.));
#14103=CARTESIAN_POINT('',(1.5,12.0000000964193,-12.5));
#14104=CARTESIAN_POINT('Origin',(6.5,12.0000001928386,-10.));
#14105=CARTESIAN_POINT('',(6.5,9.00000019283856,-10.));
#14106=CARTESIAN_POINT('Origin',(6.5,12.0000001928386,-10.));
#14107=CARTESIAN_POINT('Origin',(6.5,12.0000001928386,-10.));
#14108=CARTESIAN_POINT('',(6.5,12.,-12.5));
#14109=CARTESIAN_POINT('',(6.5,12.0000000964193,-12.5));
#14110=CARTESIAN_POINT('Origin',(6.5,12.0000001928386,-10.));
#14111=CARTESIAN_POINT('Origin',(16.,12.0000001928386,-10.));
#14112=CARTESIAN_POINT('',(8.,9.00000009641928,-10.));
#14113=CARTESIAN_POINT('',(16.,9.00000019283856,-10.));
#14114=CARTESIAN_POINT('',(16.,9.00000019283856,-10.));
#14115=CARTESIAN_POINT('Origin',(6.5,12.0000001928386,-10.));
#14116=CARTESIAN_POINT('Origin',(9.5,12.0000001928386,-10.));
#14117=CARTESIAN_POINT('Origin',(4.,12.,0.));
#14118=CARTESIAN_POINT('',(4.,14.5,-10.));
#14119=CARTESIAN_POINT('Origin',(4.,12.,-10.));
#14120=CARTESIAN_POINT('Origin',(4.,12.,-10.));
#14121=CARTESIAN_POINT('Origin',(4.,12.,0.));
#14122=CARTESIAN_POINT('',(4.,9.5,-10.));
#14123=CARTESIAN_POINT('Origin',(4.,12.,-10.));
#14124=CARTESIAN_POINT('Origin',(4.,12.,-10.));
#14125=CARTESIAN_POINT('Origin',(4.,12.,-12.5));
#14126=CARTESIAN_POINT('Origin',(4.,12.,-12.5));
#14127=CARTESIAN_POINT('Origin',(4.,12.,-12.5));
#14128=CARTESIAN_POINT('',(1.5,12.0000000964193,-12.5));
#14129=CARTESIAN_POINT('',(6.5,12.0000000964193,-12.5));
#14130=CARTESIAN_POINT('Origin',(4.,12.,-12.5));
#14131=CARTESIAN_POINT('Origin',(12.,12.,-12.5));
#14132=CARTESIAN_POINT('Origin',(12.,12.,-12.5));
#14133=CARTESIAN_POINT('Origin',(12.,12.,-12.5));
#14134=CARTESIAN_POINT('',(9.5,12.0000000964193,-12.5));
#14135=CARTESIAN_POINT('',(14.5,12.0000000964193,-12.5));
#14136=CARTESIAN_POINT('Origin',(12.,12.,-12.5));
#14137=CARTESIAN_POINT('Origin',(1.5,12.0000001928386,-10.));
#14138=CARTESIAN_POINT('Origin',(1.5,12.0000001928386,-10.));
#14139=CARTESIAN_POINT('Origin',(4.,12.,0.));
#14140=CARTESIAN_POINT('Origin',(4.,12.,-10.));
#14141=CARTESIAN_POINT('Origin',(4.,12.,-10.));
#14142=CARTESIAN_POINT('Origin',(4.,12.,0.));
#14143=CARTESIAN_POINT('Origin',(4.,12.,-10.));
#14144=CARTESIAN_POINT('Origin',(4.,12.,-10.));
#14145=CARTESIAN_POINT('Origin',(6.5,12.0000001928386,-10.));
#14146=CARTESIAN_POINT('Origin',(6.5,12.0000001928386,-10.));
#14147=CARTESIAN_POINT('Origin',(9.5,12.0000001928386,-10.));
#14148=CARTESIAN_POINT('Origin',(9.5,12.0000001928386,-10.));
#14149=CARTESIAN_POINT('Origin',(12.,12.,0.));
#14150=CARTESIAN_POINT('Origin',(12.,12.,-10.));
#14151=CARTESIAN_POINT('Origin',(12.,12.,-10.));
#14152=CARTESIAN_POINT('Origin',(12.,12.,0.));
#14153=CARTESIAN_POINT('Origin',(12.,12.,-10.));
#14154=CARTESIAN_POINT('Origin',(12.,12.,-10.));
#14155=CARTESIAN_POINT('Origin',(14.5,12.0000001928386,-10.));
#14156=CARTESIAN_POINT('Origin',(14.5,12.0000001928386,-10.));
#14157=CARTESIAN_POINT('Origin',(4.,12.,0.));
#14158=CARTESIAN_POINT('',(5.25,9.8349364905389,-5.));
#14159=CARTESIAN_POINT('Origin',(4.,12.,-6.25));
#14160=CARTESIAN_POINT('',(5.25,9.8349364905389,-4.));
#14161=CARTESIAN_POINT('',(5.25,9.8349364905389,0.));
#14162=CARTESIAN_POINT('',(5.5,10.,-4.));
#14163=CARTESIAN_POINT('Origin',(4.,12.,-4.));
#14164=CARTESIAN_POINT('',(5.5,10.,-5.));
#14165=CARTESIAN_POINT('',(5.5,10.,0.));
#14166=CARTESIAN_POINT('Origin',(4.,12.,-7.));
#14167=CARTESIAN_POINT('Origin',(12.,12.,0.));
#14168=CARTESIAN_POINT('',(10.5,10.,-5.));
#14169=CARTESIAN_POINT('Origin',(12.,12.,-7.));
#14170=CARTESIAN_POINT('',(10.5,10.,-4.));
#14171=CARTESIAN_POINT('',(10.5,10.,0.));
#14172=CARTESIAN_POINT('',(10.75,9.83493649053891,-4.));
#14173=CARTESIAN_POINT('Origin',(12.,12.,-4.));
#14174=CARTESIAN_POINT('',(10.75,9.83493649053891,-5.));
#14175=CARTESIAN_POINT('',(10.75,9.83493649053891,0.));
#14176=CARTESIAN_POINT('Origin',(12.,12.,-6.25));
#14177=CARTESIAN_POINT('Origin',(6.5,12.0000001928386,-10.));
#14178=CARTESIAN_POINT('Origin',(6.5,12.0000001928386,-10.));
#14179=CARTESIAN_POINT('Origin',(6.5,12.0000001928386,-10.));
#14180=CARTESIAN_POINT('Origin',(6.5,12.0000001928386,-10.));
#14181=CARTESIAN_POINT('Origin',(5.25,4.,-4.));
#14182=CARTESIAN_POINT('',(5.25,4.,-5.));
#14183=CARTESIAN_POINT('',(5.25,7.,-5.));
#14184=CARTESIAN_POINT('',(5.25,4.,-4.));
#14185=CARTESIAN_POINT('',(5.25,4.,-4.));
#14186=CARTESIAN_POINT('',(5.25,4.,-4.));
#14187=CARTESIAN_POINT('Origin',(14.5,12.0000001928386,-10.));
#14188=CARTESIAN_POINT('Origin',(14.5,12.0000001928386,-10.));
#14189=CARTESIAN_POINT('Origin',(14.5,12.0000001928386,-10.));
#14190=CARTESIAN_POINT('Origin',(14.5,12.0000001928386,-10.));
#14191=CARTESIAN_POINT('Origin',(10.75,10.,-4.));
#14192=CARTESIAN_POINT('',(10.75,4.,-4.));
#14193=CARTESIAN_POINT('',(10.75,10.,-4.));
#14194=CARTESIAN_POINT('',(10.75,4.,-5.));
#14195=CARTESIAN_POINT('',(10.75,4.,-4.));
#14196=CARTESIAN_POINT('',(10.75,10.,-5.));
#14197=CARTESIAN_POINT('Origin',(8.,7.,-4.));
#14198=CARTESIAN_POINT('',(10.75,4.,-4.));
#14199=CARTESIAN_POINT('',(5.25,10.,-4.));
#14200=CARTESIAN_POINT('Origin',(5.25,10.,-4.));
#14201=CARTESIAN_POINT('',(6.625,10.,-5.));
#14202=CARTESIAN_POINT('Origin',(11.25,10.,-5.5));
#14203=CARTESIAN_POINT('',(10.75,4.,-5.));
#14204=CARTESIAN_POINT('Origin',(6.625,10.5,-5.5));
#14205=CARTESIAN_POINT('Origin',(4.75,7.,-5.5));
#14206=CARTESIAN_POINT('',(6.625,4.,-3.625));
#14207=CARTESIAN_POINT('Origin',(10.75,4.,-4.));
#14208=CARTESIAN_POINT('Origin',(-53.1847718138028,19.3336759275517,0.5));
#14209=CARTESIAN_POINT('',(-53.6005066199541,19.6114610440615,0.5));
#14210=CARTESIAN_POINT('',(-54.0162414261054,19.8892461605713,0.));
#14211=CARTESIAN_POINT('Origin',(-54.0162414261054,19.8892461605713,0.5));
#14212=CARTESIAN_POINT('',(-52.6948069193716,20.2054180925437,0.));
#14213=CARTESIAN_POINT('Origin',(-53.1847718138028,19.3336759275517,0.));
#14214=CARTESIAN_POINT('',(-52.9397893665872,19.7695470100477,0.5));
#14215=CARTESIAN_POINT('Origin',(-52.6948069193716,20.2054180925437,0.5));
#14216=CARTESIAN_POINT('Origin',(-53.1847718138028,19.3336759275517,0.5));
#14217=CARTESIAN_POINT('Origin',(-50.,25.,0.5));
#14218=CARTESIAN_POINT('',(-52.4893946516073,20.0956229479628,0.));
#14219=CARTESIAN_POINT('',(-52.7157032562989,19.6497704886867,0.5));
#14220=CARTESIAN_POINT('Origin',(-52.4893946516073,20.0956229479628,0.5));
#14221=CARTESIAN_POINT('Origin',(-50.,25.,0.5));
#14222=CARTESIAN_POINT('Origin',(-50.,25.,0.));
#14223=CARTESIAN_POINT('Origin',(-52.9420118609905,19.2039180294106,0.5));
#14224=CARTESIAN_POINT('',(-52.0181323284792,18.8212345970455,0.));
#14225=CARTESIAN_POINT('',(-52.4800720947349,19.0125763132281,0.5));
#14226=CARTESIAN_POINT('Origin',(-52.0181323284792,18.8212345970455,0.5));
#14227=CARTESIAN_POINT('Origin',(-52.9420118609905,19.2039180294106,0.5));
#14228=CARTESIAN_POINT('Origin',(-52.9420118609905,19.2039180294106,0.));
#14229=CARTESIAN_POINT('Origin',(-50.7780962811118,21.8149464404315,0.5));
#14230=CARTESIAN_POINT('',(-53.5516781383912,15.1189275042356,0.));
#14231=CARTESIAN_POINT('',(-54.0136179046468,15.3102692204181,0.5));
#14232=CARTESIAN_POINT('Origin',(-53.5516781383912,15.1189275042356,0.5));
#14233=CARTESIAN_POINT('',(-51.2400360473674,22.006288156614,0.5));
#14234=CARTESIAN_POINT('',(-50.7780962811118,21.8149464404315,0.));
#14235=CARTESIAN_POINT('Origin',(-54.4755576709025,15.5016109366007,0.5));
#14236=CARTESIAN_POINT('',(-54.9018010145275,14.5970029723784,0.));
#14237=CARTESIAN_POINT('',(-54.6886794538666,15.0493067185945,0.5));
#14238=CARTESIAN_POINT('Origin',(-54.9018012368308,14.5970025005883,0.5));
#14239=CARTESIAN_POINT('Origin',(-54.4755576709025,15.5016109366007,0.5));
#14240=CARTESIAN_POINT('Origin',(-54.4755576709025,15.5016109366007,0.));
#14241=CARTESIAN_POINT('Origin',(-55.4111352539274,16.0016875732734,0.5));
#14242=CARTESIAN_POINT('',(-56.24260486623,16.557257806293,0.));
#14243=CARTESIAN_POINT('',(-55.8268700600787,16.2794726897832,0.5));
#14244=CARTESIAN_POINT('Origin',(-56.24260486623,16.557257806293,0.5));
#14245=CARTESIAN_POINT('',(-55.6688083480929,15.5731965272255,0.5));
#14246=CARTESIAN_POINT('Origin',(-55.4111352539274,16.0016875732734,0.5));
#14247=CARTESIAN_POINT('',(-55.9264814422583,15.1447054811776,0.));
#14248=CARTESIAN_POINT('Origin',(-55.9264814422583,15.1447054811776,0.5));
#14249=CARTESIAN_POINT('Origin',(-55.4111352539274,16.0016875732734,0.));
#14250=CARTESIAN_POINT('Origin',(-53.3291698361906,20.9175214614014,0.5));
#14251=CARTESIAN_POINT('',(-52.9134350300394,20.6397363448916,0.5));
#14252=CARTESIAN_POINT('',(-53.3291698361906,20.9175214614014,0.));
#14253=CARTESIAN_POINT('Origin',(-50.,25.,0.));
#14254=CARTESIAN_POINT('',(-58.5097282391791,17.2647220064147,0.));
#14255=CARTESIAN_POINT('Origin',(-50.,25.,0.));
#14256=CARTESIAN_POINT('',(-57.0626454762548,17.2302477425586,0.));
#14257=CARTESIAN_POINT('Origin',(-57.7697522574414,17.9373545237452,0.));
#14258=CARTESIAN_POINT('',(-54.2290223043626,20.0638709144509,0.));
#14259=CARTESIAN_POINT('',(-51.9377344568846,22.3551587619288,0.));
#14260=CARTESIAN_POINT('',(-54.1767246108493,21.4215965116932,0.));
#14261=CARTESIAN_POINT('Origin',(-54.9361290855491,20.7709776956374,0.));
#14262=CARTESIAN_POINT('',(-54.3244840179782,21.6016418702186,0.));
#14263=CARTESIAN_POINT('Origin',(-50.,25.,0.));
#14264=CARTESIAN_POINT('',(-55.6663240724483,21.8152281861972,0.));
#14265=CARTESIAN_POINT('Origin',(-55.1107538394287,20.9837585738947,0.));
#14266=CARTESIAN_POINT('',(-58.9983124267266,19.5888647460726,0.));
#14267=CARTESIAN_POINT('',(-54.6380487716182,22.5022997761119,0.));
#14268=CARTESIAN_POINT('',(-59.2468128377422,18.1628613673608,0.));
#14269=CARTESIAN_POINT('Origin',(-58.442742193707,18.75739513377,0.));
#14270=CARTESIAN_POINT('',(-60.8221264802942,21.1100669945047,0.));
#14271=CARTESIAN_POINT('Origin',(-50.,25.,0.));
#14272=CARTESIAN_POINT('',(-59.4983890633993,20.5244423290975,0.));
#14273=CARTESIAN_POINT('Origin',(-59.8810724957644,21.4483218616088,0.));
#14274=CARTESIAN_POINT('',(-55.7960819705894,22.0579881390095,0.));
#14275=CARTESIAN_POINT('',(-52.8023701272034,23.2980241863769,0.));
#14276=CARTESIAN_POINT('',(-55.2281861101922,23.2923495682099,0.));
#14277=CARTESIAN_POINT('Origin',(-56.1787654029545,22.9818676715208,0.));
#14278=CARTESIAN_POINT('',(-55.2957976263927,23.5152348669594,0.));
#14279=CARTESIAN_POINT('Origin',(-50.,25.,0.));
#14280=CARTESIAN_POINT('',(-56.4537602441166,24.2260628504462,0.));
#14281=CARTESIAN_POINT('Origin',(-56.2586699221005,23.245277570043,0.));
#14282=CARTESIAN_POINT('',(-60.3841084901593,23.4442679761994,0.));
#14283=CARTESIAN_POINT('',(-55.2408268255837,24.4673303082005,0.));
#14284=CARTESIAN_POINT('',(-61.159400801247,22.2219096315472,0.));
#14285=CARTESIAN_POINT('Origin',(-60.1890181681432,22.4634826957961,0.));
#14286=CARTESIAN_POINT('',(-61.5000000149012,25.,0.));
#14287=CARTESIAN_POINT('Origin',(-50.,25.,0.));
#14288=CARTESIAN_POINT('',(-61.4869540676054,25.547619020351,0.));
#14289=CARTESIAN_POINT('Origin',(-50.,25.,0.));
#14290=CARTESIAN_POINT('',(-60.4880890187526,24.5,0.));
#14291=CARTESIAN_POINT('Origin',(-60.4880890187526,25.5,0.));
#14292=CARTESIAN_POINT('',(-56.4807406984079,24.5,0.));
#14293=CARTESIAN_POINT('',(-53.2403703492039,24.5,0.));
#14294=CARTESIAN_POINT('',(-55.4837036678836,25.4230769230769,0.));
#14295=CARTESIAN_POINT('Origin',(-56.4807406984078,25.5,0.));
#14296=CARTESIAN_POINT('',(-55.4608740527141,25.6548698957763,0.));
#14297=CARTESIAN_POINT('Origin',(-50.,25.,0.));
#14298=CARTESIAN_POINT('',(-56.2586699221005,26.754722429957,0.));
#14299=CARTESIAN_POINT('Origin',(-56.4537602441167,25.7739371495538,0.));
#14300=CARTESIAN_POINT('',(-60.1890181681432,27.5365173042039,0.));
#14301=CARTESIAN_POINT('',(-55.0457365035676,26.5134549722027,0.));
#14302=CARTESIAN_POINT('',(-61.3730711529821,26.7038969708786,0.));
#14303=CARTESIAN_POINT('Origin',(-60.3841084901593,26.5557320238006,0.));
#14304=CARTESIAN_POINT('',(-60.4029970276216,29.9018010145275,0.));
#14305=CARTESIAN_POINT('Origin',(-50.,25.,0.));
#14306=CARTESIAN_POINT('',(-59.8810724957644,28.5516781383912,0.));
#14307=CARTESIAN_POINT('Origin',(-59.4983890633994,29.4755576709025,0.));
#14308=CARTESIAN_POINT('',(-56.1787654029545,27.0181323284792,0.));
#14309=CARTESIAN_POINT('',(-53.1850535595685,25.7780962811118,0.));
#14310=CARTESIAN_POINT('',(-54.9043770520372,27.4893946516073,0.));
#14311=CARTESIAN_POINT('Origin',(-55.7960819705894,27.9420118609905,0.));
#14312=CARTESIAN_POINT('',(-54.7945819074563,27.6948069193716,0.));
#14313=CARTESIAN_POINT('Origin',(-50.,25.,0.));
#14314=CARTESIAN_POINT('',(-55.1107538394287,29.0162414261054,0.));
#14315=CARTESIAN_POINT('Origin',(-55.6663240724483,28.1847718138028,0.));
#14316=CARTESIAN_POINT('',(-58.442742193707,31.24260486623,0.));
#14317=CARTESIAN_POINT('',(-54.0824785385986,28.3291698361906,0.));
#14318=CARTESIAN_POINT('',(-59.8552945188224,30.9264814422583,0.));
#14319=CARTESIAN_POINT('Origin',(-58.9983124267266,30.4111352539274,0.));
#14320=CARTESIAN_POINT('',(-57.7352779935853,33.5097282391791,0.));
#14321=CARTESIAN_POINT('Origin',(-50.,25.,0.));
#14322=CARTESIAN_POINT('',(-57.7697522574414,32.0626454762548,0.));
#14323=CARTESIAN_POINT('Origin',(-57.0626454762548,32.7697522574414,0.));
#14324=CARTESIAN_POINT('',(-54.9361290855491,29.2290223043626,0.));
#14325=CARTESIAN_POINT('',(-52.6448412380712,26.9377344568846,0.));
#14326=CARTESIAN_POINT('',(-53.5784034883068,29.1767246108492,0.));
#14327=CARTESIAN_POINT('Origin',(-54.2290223043626,29.9361290855491,0.));
#14328=CARTESIAN_POINT('',(-53.3983581297814,29.3244840179782,0.));
#14329=CARTESIAN_POINT('Origin',(-50.,25.,0.));
#14330=CARTESIAN_POINT('',(-53.1847718138028,30.6663240724483,0.));
#14331=CARTESIAN_POINT('Origin',(-54.0162414261054,30.1107538394287,0.));
#14332=CARTESIAN_POINT('',(-55.4111352539274,33.9983124267266,0.));
#14333=CARTESIAN_POINT('',(-52.4977002238881,29.6380487716182,0.));
#14334=CARTESIAN_POINT('',(-56.8371386326392,34.2468128377422,0.));
#14335=CARTESIAN_POINT('Origin',(-56.24260486623,33.442742193707,0.));
#14336=CARTESIAN_POINT('',(-53.889933181909,35.8221269710924,0.));
#14337=CARTESIAN_POINT('Origin',(-50.,25.,0.));
#14338=CARTESIAN_POINT('',(-54.4755576709025,34.4983890633993,0.));
#14339=CARTESIAN_POINT('Origin',(-53.5516781383912,34.8810724957644,0.));
#14340=CARTESIAN_POINT('',(-52.9420118609905,30.7960819705894,0.));
#14341=CARTESIAN_POINT('',(-51.7019758136231,27.8023701272034,0.));
#14342=CARTESIAN_POINT('',(-51.7076504317901,30.2281861101922,0.));
#14343=CARTESIAN_POINT('Origin',(-52.0181323284792,31.1787654029545,0.));
#14344=CARTESIAN_POINT('',(-51.4847651330405,30.2957976263927,0.));
#14345=CARTESIAN_POINT('Origin',(-50.,25.,0.));
#14346=CARTESIAN_POINT('',(-50.7739371495538,31.4537602441166,0.));
#14347=CARTESIAN_POINT('Origin',(-51.7547224299571,31.2586699221005,0.));
#14348=CARTESIAN_POINT('',(-51.5557320238007,35.3841084901593,0.));
#14349=CARTESIAN_POINT('',(-50.5326696917995,30.2408268255837,0.));
#14350=CARTESIAN_POINT('',(-52.7780903684528,36.159400801247,0.));
#14351=CARTESIAN_POINT('Origin',(-52.5365173042039,35.1890181681432,0.));
#14352=CARTESIAN_POINT('',(-49.4523809548138,36.4869545885544,0.));
#14353=CARTESIAN_POINT('Origin',(-50.,25.,0.));
#14354=CARTESIAN_POINT('',(-50.5,35.4880890187526,0.));
#14355=CARTESIAN_POINT('Origin',(-49.5,35.4880890187526,0.));
#14356=CARTESIAN_POINT('',(-50.5,31.4807406984079,0.));
#14357=CARTESIAN_POINT('',(-50.5,28.2403703492039,0.));
#14358=CARTESIAN_POINT('',(-49.5769230769231,30.4837036678836,0.));
#14359=CARTESIAN_POINT('Origin',(-49.5,31.4807406984079,0.));
#14360=CARTESIAN_POINT('',(-49.3451301042237,30.4608740527141,0.));
#14361=CARTESIAN_POINT('Origin',(-50.,25.,0.));
#14362=CARTESIAN_POINT('',(-48.245277570043,31.2586699221005,0.));
#14363=CARTESIAN_POINT('Origin',(-49.2260628504462,31.4537602441166,0.));
#14364=CARTESIAN_POINT('',(-47.4634826957961,35.1890181681432,0.));
#14365=CARTESIAN_POINT('',(-48.4865450277973,30.0457365035676,0.));
#14366=CARTESIAN_POINT('',(-48.2961030291214,36.3730711529821,0.));
#14367=CARTESIAN_POINT('Origin',(-48.4442679761994,35.3841084901593,0.));
#14368=CARTESIAN_POINT('',(-45.0981989854725,35.4029970276216,0.));
#14369=CARTESIAN_POINT('Origin',(-50.,25.,0.));
#14370=CARTESIAN_POINT('',(-46.4483218616088,34.8810724957644,0.));
#14371=CARTESIAN_POINT('Origin',(-45.5244423290975,34.4983890633994,0.));
#14372=CARTESIAN_POINT('',(-47.9818676715208,31.1787654029545,0.));
#14373=CARTESIAN_POINT('',(-49.2219037188882,28.1850535595685,0.));
#14374=CARTESIAN_POINT('',(-47.5106053483927,29.9043770520372,0.));
#14375=CARTESIAN_POINT('Origin',(-47.0579881390095,30.7960819705894,0.));
#14376=CARTESIAN_POINT('',(-47.3051930806284,29.7945819074563,0.));
#14377=CARTESIAN_POINT('Origin',(-50.,25.,0.));
#14378=CARTESIAN_POINT('',(-45.9837585738946,30.1107538394287,0.));
#14379=CARTESIAN_POINT('Origin',(-46.8152281861972,30.6663240724483,0.));
#14380=CARTESIAN_POINT('',(-43.75739513377,33.442742193707,0.));
#14381=CARTESIAN_POINT('',(-46.6708301638094,29.0824785385986,0.));
#14382=CARTESIAN_POINT('',(-44.0735185577417,34.8552945188223,0.));
#14383=CARTESIAN_POINT('Origin',(-44.5888647460726,33.9983124267266,0.));
#14384=CARTESIAN_POINT('',(-41.4902713748932,32.7352783443907,0.));
#14385=CARTESIAN_POINT('Origin',(-50.,25.,0.));
#14386=CARTESIAN_POINT('',(-42.9373545237452,32.7697522574414,0.));
#14387=CARTESIAN_POINT('Origin',(-42.2302477425586,32.0626454762548,0.));
#14388=CARTESIAN_POINT('',(-45.7709776956374,29.9361290855491,0.));
#14389=CARTESIAN_POINT('',(-48.0622655431154,27.6448412380712,0.));
#14390=CARTESIAN_POINT('',(-45.8232753891507,28.5784034883068,0.));
#14391=CARTESIAN_POINT('Origin',(-45.0638709144509,29.2290223043626,0.));
#14392=CARTESIAN_POINT('',(-45.6755159820219,28.3983581297815,0.));
#14393=CARTESIAN_POINT('Origin',(-50.,25.,0.));
#14394=CARTESIAN_POINT('',(-44.3336759275517,28.1847718138028,0.));
#14395=CARTESIAN_POINT('Origin',(-44.8892461605713,29.0162414261053,0.));
#14396=CARTESIAN_POINT('',(-41.0016875732734,30.4111352539274,0.));
#14397=CARTESIAN_POINT('',(-45.3619512283818,27.4977002238881,0.));
#14398=CARTESIAN_POINT('',(-40.7531871622578,31.8371386326392,0.));
#14399=CARTESIAN_POINT('Origin',(-41.557257806293,31.24260486623,0.));
#14400=CARTESIAN_POINT('',(-39.1778735197058,28.8899330054952,0.));
#14401=CARTESIAN_POINT('Origin',(-50.,25.,0.));
#14402=CARTESIAN_POINT('',(-40.5016109366007,29.4755576709025,0.));
#14403=CARTESIAN_POINT('Origin',(-40.1189275042356,28.5516781383912,0.));
#14404=CARTESIAN_POINT('',(-44.2039180294106,27.9420118609905,0.));
#14405=CARTESIAN_POINT('',(-47.1976298727966,26.7019758136231,0.));
#14406=CARTESIAN_POINT('',(-44.7718138898078,26.7076504317901,0.));
#14407=CARTESIAN_POINT('Origin',(-43.8212345970455,27.0181323284792,0.));
#14408=CARTESIAN_POINT('',(-44.7042023736073,26.4847651330406,0.));
#14409=CARTESIAN_POINT('Origin',(-50.,25.,0.));
#14410=CARTESIAN_POINT('',(-43.5462397558834,25.7739371495538,0.));
#14411=CARTESIAN_POINT('Origin',(-43.7413300778995,26.754722429957,0.));
#14412=CARTESIAN_POINT('',(-39.6158915098407,26.5557320238006,0.));
#14413=CARTESIAN_POINT('',(-44.7591731744163,25.5326696917995,0.));
#14414=CARTESIAN_POINT('',(-38.840599198753,27.7780903684528,0.));
#14415=CARTESIAN_POINT('Origin',(-39.8109818318568,27.5365173042039,0.));
#14416=CARTESIAN_POINT('',(-38.5130459323946,24.4523809796491,0.));
#14417=CARTESIAN_POINT('Origin',(-50.,25.,0.));
#14418=CARTESIAN_POINT('',(-39.5119109812474,25.5,0.));
#14419=CARTESIAN_POINT('Origin',(-39.5119109812474,24.5,0.));
#14420=CARTESIAN_POINT('',(-43.5192593015921,25.5,0.));
#14421=CARTESIAN_POINT('',(-46.7596296507961,25.5,0.));
#14422=CARTESIAN_POINT('',(-44.5162963321164,24.5769230769231,0.));
#14423=CARTESIAN_POINT('Origin',(-43.5192593015922,24.5,0.));
#14424=CARTESIAN_POINT('',(-44.5391259472859,24.3451301042237,0.));
#14425=CARTESIAN_POINT('Origin',(-50.,25.,0.));
#14426=CARTESIAN_POINT('',(-43.7413300778995,23.245277570043,0.));
#14427=CARTESIAN_POINT('Origin',(-43.5462397558833,24.2260628504462,0.));
#14428=CARTESIAN_POINT('',(-39.8109818318568,22.4634826957961,0.));
#14429=CARTESIAN_POINT('',(-44.9542634964324,23.4865450277973,0.));
#14430=CARTESIAN_POINT('',(-38.626928847018,23.2961030291214,0.));
#14431=CARTESIAN_POINT('Origin',(-39.6158915098407,23.4442679761994,0.));
#14432=CARTESIAN_POINT('',(-39.5970029723784,20.0981989854725,0.));
#14433=CARTESIAN_POINT('Origin',(-50.,25.,0.));
#14434=CARTESIAN_POINT('',(-40.1189275042356,21.4483218616088,0.));
#14435=CARTESIAN_POINT('Origin',(-40.5016109366007,20.5244423290975,0.));
#14436=CARTESIAN_POINT('',(-43.8212345970455,22.9818676715208,0.));
#14437=CARTESIAN_POINT('',(-46.8149464404315,24.2219037188882,0.));
#14438=CARTESIAN_POINT('',(-45.0956229479628,22.5106053483927,0.));
#14439=CARTESIAN_POINT('Origin',(-44.2039180294106,22.0579881390095,0.));
#14440=CARTESIAN_POINT('',(-45.2054180925437,22.3051930806284,0.));
#14441=CARTESIAN_POINT('Origin',(-50.,25.,0.));
#14442=CARTESIAN_POINT('',(-44.8892461605713,20.9837585738947,0.));
#14443=CARTESIAN_POINT('Origin',(-44.3336759275517,21.8152281861972,0.));
#14444=CARTESIAN_POINT('',(-41.557257806293,18.75739513377,0.));
#14445=CARTESIAN_POINT('',(-45.9175214614014,21.6708301638094,0.));
#14446=CARTESIAN_POINT('',(-40.1447054811776,19.0735185577417,0.));
#14447=CARTESIAN_POINT('Origin',(-41.0016875732734,19.5888647460726,0.));
#14448=CARTESIAN_POINT('',(-42.2647220064147,16.4902717608209,0.));
#14449=CARTESIAN_POINT('Origin',(-50.,25.,0.));
#14450=CARTESIAN_POINT('',(-42.2302477425586,17.9373545237452,0.));
#14451=CARTESIAN_POINT('Origin',(-42.9373545237452,17.2302477425586,0.));
#14452=CARTESIAN_POINT('',(-45.0638709144509,20.7709776956374,0.));
#14453=CARTESIAN_POINT('',(-47.3551587619288,23.0622655431154,0.));
#14454=CARTESIAN_POINT('',(-46.4215965116932,20.8232753891507,0.));
#14455=CARTESIAN_POINT('Origin',(-45.7709776956374,20.0638709144509,0.));
#14456=CARTESIAN_POINT('',(-46.6016418702186,20.6755159820218,0.));
#14457=CARTESIAN_POINT('Origin',(-50.,25.,0.));
#14458=CARTESIAN_POINT('',(-46.8152281861972,19.3336759275517,0.));
#14459=CARTESIAN_POINT('Origin',(-45.9837585738946,19.8892461605713,0.));
#14460=CARTESIAN_POINT('',(-44.5888647460726,16.0016875732734,0.));
#14461=CARTESIAN_POINT('',(-47.5022997761119,20.3619512283818,0.));
#14462=CARTESIAN_POINT('',(-43.1628613673608,15.7531871622578,0.));
#14463=CARTESIAN_POINT('Origin',(-43.75739513377,16.557257806293,0.));
#14464=CARTESIAN_POINT('',(-46.1100669945047,14.1778735197058,0.));
#14465=CARTESIAN_POINT('Origin',(-50.,25.,0.));
#14466=CARTESIAN_POINT('',(-45.5244423290975,15.5016109366007,0.));
#14467=CARTESIAN_POINT('Origin',(-46.4483218616088,15.1189275042356,0.));
#14468=CARTESIAN_POINT('',(-47.0579881390095,19.2039180294106,0.));
#14469=CARTESIAN_POINT('',(-48.2980241863769,22.1976298727966,0.));
#14470=CARTESIAN_POINT('',(-48.2923495682099,19.7718138898078,0.));
#14471=CARTESIAN_POINT('Origin',(-47.9818676715208,18.8212345970455,0.));
#14472=CARTESIAN_POINT('',(-48.5152348669595,19.7042023736073,0.));
#14473=CARTESIAN_POINT('Origin',(-50.,25.,0.));
#14474=CARTESIAN_POINT('',(-49.2260628504462,18.5462397558834,0.));
#14475=CARTESIAN_POINT('Origin',(-48.245277570043,18.7413300778995,0.));
#14476=CARTESIAN_POINT('',(-48.4442679761994,14.6158915098407,0.));
#14477=CARTESIAN_POINT('',(-49.4673303082005,19.7591731744163,0.));
#14478=CARTESIAN_POINT('',(-47.2219096315472,13.840599198753,0.));
#14479=CARTESIAN_POINT('Origin',(-47.4634826957961,14.8109818318568,0.));
#14480=CARTESIAN_POINT('',(-50.5476190203509,13.5130459323946,0.));
#14481=CARTESIAN_POINT('Origin',(-50.,25.,0.));
#14482=CARTESIAN_POINT('',(-49.5,14.5119109812474,0.));
#14483=CARTESIAN_POINT('Origin',(-50.5,14.5119109812474,0.));
#14484=CARTESIAN_POINT('',(-49.5,18.5192593015921,0.));
#14485=CARTESIAN_POINT('',(-49.5,21.7596296507961,0.));
#14486=CARTESIAN_POINT('',(-50.4230769230769,19.5162963321164,0.));
#14487=CARTESIAN_POINT('Origin',(-50.5,18.5192593015921,0.));
#14488=CARTESIAN_POINT('',(-50.6548698957763,19.5391259472859,0.));
#14489=CARTESIAN_POINT('Origin',(-50.,25.,0.));
#14490=CARTESIAN_POINT('',(-51.754722429957,18.7413300778995,0.));
#14491=CARTESIAN_POINT('Origin',(-50.7739371495538,18.5462397558834,0.));
#14492=CARTESIAN_POINT('',(-52.5365173042039,14.8109818318568,0.));
#14493=CARTESIAN_POINT('',(-51.5134549722028,19.9542634964324,0.));
#14494=CARTESIAN_POINT('',(-51.7038968936046,13.6269293628022,0.));
#14495=CARTESIAN_POINT('Origin',(-51.5557320238007,14.6158915098407,0.));
#14496=CARTESIAN_POINT('Origin',(-50.,25.,0.));
#14497=CARTESIAN_POINT('',(-54.5,25.,0.));
#14498=CARTESIAN_POINT('Origin',(-50.,25.,0.));
#14499=CARTESIAN_POINT('Origin',(-50.,25.,0.));
#14500=CARTESIAN_POINT('Origin',(-50.,25.,0.5));
#14501=CARTESIAN_POINT('',(-55.6688083480929,15.5731965272255,2.));
#14502=CARTESIAN_POINT('',(-55.6688083480929,15.5731965272255,0.));
#14503=CARTESIAN_POINT('',(-54.6886794538666,15.0493067185945,2.));
#14504=CARTESIAN_POINT('Origin',(-50.,25.,2.));
#14505=CARTESIAN_POINT('',(-54.6886794538666,15.0493067185945,0.));
#14506=CARTESIAN_POINT('Origin',(-55.4111352539274,16.0016875732734,0.));
#14507=CARTESIAN_POINT('',(-55.8268700600787,16.2794726897832,2.));
#14508=CARTESIAN_POINT('',(-55.8268700600787,16.2794726897832,0.));
#14509=CARTESIAN_POINT('Origin',(-55.4111352539274,16.0016875732734,2.));
#14510=CARTESIAN_POINT('Origin',(-55.8268700600787,16.2794726897832,0.));
#14511=CARTESIAN_POINT('',(-53.6005066199541,19.6114610440615,2.));
#14512=CARTESIAN_POINT('',(-53.6005066199541,19.6114610440615,0.));
#14513=CARTESIAN_POINT('',(-53.6005066199541,19.6114610440615,2.));
#14514=CARTESIAN_POINT('Origin',(-53.1847718138028,19.3336759275517,0.));
#14515=CARTESIAN_POINT('',(-52.9397893665872,19.7695470100477,2.));
#14516=CARTESIAN_POINT('',(-52.9397893665872,19.7695470100477,0.));
#14517=CARTESIAN_POINT('Origin',(-53.1847718138028,19.3336759275517,2.));
#14518=CARTESIAN_POINT('Origin',(-44.3336759275517,21.8152281861972,0.5));
#14519=CARTESIAN_POINT('',(-44.6114610440615,21.3994933800459,0.5));
#14520=CARTESIAN_POINT('Origin',(-44.8892461605713,20.9837585738947,0.5));
#14521=CARTESIAN_POINT('',(-44.7695470100477,22.0602106334128,0.5));
#14522=CARTESIAN_POINT('Origin',(-45.2054180925437,22.3051930806284,0.5));
#14523=CARTESIAN_POINT('Origin',(-44.3336759275517,21.8152281861972,0.5));
#14524=CARTESIAN_POINT('Origin',(-50.,25.,0.5));
#14525=CARTESIAN_POINT('',(-44.6497704886867,22.2842967437011,0.5));
#14526=CARTESIAN_POINT('Origin',(-45.0956229479628,22.5106053483927,0.5));
#14527=CARTESIAN_POINT('Origin',(-50.,25.,0.5));
#14528=CARTESIAN_POINT('Origin',(-44.2039180294106,22.0579881390095,0.5));
#14529=CARTESIAN_POINT('',(-44.0125763132281,22.5199279052651,0.5));
#14530=CARTESIAN_POINT('Origin',(-43.8212345970455,22.9818676715208,0.5));
#14531=CARTESIAN_POINT('Origin',(-44.2039180294106,22.0579881390095,0.5));
#14532=CARTESIAN_POINT('Origin',(-46.8149464404315,24.2219037188882,0.5));
#14533=CARTESIAN_POINT('',(-40.3102692204181,20.9863820953532,0.5));
#14534=CARTESIAN_POINT('Origin',(-40.1189275042356,21.4483218616088,0.5));
#14535=CARTESIAN_POINT('',(-47.006288156614,23.7599639526326,0.5));
#14536=CARTESIAN_POINT('Origin',(-40.5016109366007,20.5244423290975,0.5));
#14537=CARTESIAN_POINT('',(-40.0493067185945,20.3113205461333,0.5));
#14538=CARTESIAN_POINT('Origin',(-39.5970025005883,20.0981987631692,0.5));
#14539=CARTESIAN_POINT('Origin',(-40.5016109366007,20.5244423290975,0.5));
#14540=CARTESIAN_POINT('Origin',(-41.0016875732734,19.5888647460726,0.5));
#14541=CARTESIAN_POINT('',(-41.2794726897832,19.1731299399213,0.5));
#14542=CARTESIAN_POINT('Origin',(-41.557257806293,18.75739513377,0.5));
#14543=CARTESIAN_POINT('',(-40.5731965272255,19.3311916519071,0.5));
#14544=CARTESIAN_POINT('Origin',(-41.0016875732734,19.5888647460726,0.5));
#14545=CARTESIAN_POINT('Origin',(-40.1447054811776,19.0735185577417,0.5));
#14546=CARTESIAN_POINT('Origin',(-45.9175214614014,21.6708301638094,0.5));
#14547=CARTESIAN_POINT('',(-45.6397363448916,22.0865649699607,0.5));
#14548=CARTESIAN_POINT('Origin',(-50.,25.,0.));
#14549=CARTESIAN_POINT('Origin',(-50.,25.,0.5));
#14550=CARTESIAN_POINT('',(-40.5731965272255,19.3311916519071,2.));
#14551=CARTESIAN_POINT('',(-40.5731965272255,19.3311916519071,0.));
#14552=CARTESIAN_POINT('',(-40.0493067185945,20.3113205461333,2.));
#14553=CARTESIAN_POINT('Origin',(-50.,25.,2.));
#14554=CARTESIAN_POINT('',(-40.0493067185945,20.3113205461333,0.));
#14555=CARTESIAN_POINT('Origin',(-41.0016875732734,19.5888647460726,0.));
#14556=CARTESIAN_POINT('',(-41.2794726897832,19.1731299399213,2.));
#14557=CARTESIAN_POINT('',(-41.2794726897832,19.1731299399213,0.));
#14558=CARTESIAN_POINT('Origin',(-41.0016875732734,19.5888647460726,2.));
#14559=CARTESIAN_POINT('Origin',(-41.2794726897832,19.1731299399213,0.));
#14560=CARTESIAN_POINT('',(-44.6114610440615,21.3994933800459,2.));
#14561=CARTESIAN_POINT('',(-44.6114610440615,21.3994933800459,0.));
#14562=CARTESIAN_POINT('',(-44.6114610440615,21.3994933800459,2.));
#14563=CARTESIAN_POINT('Origin',(-44.3336759275517,21.8152281861972,0.));
#14564=CARTESIAN_POINT('',(-44.7695470100477,22.0602106334128,2.));
#14565=CARTESIAN_POINT('',(-44.7695470100477,22.0602106334128,0.));
#14566=CARTESIAN_POINT('Origin',(-44.3336759275517,21.8152281861972,2.));
#14567=CARTESIAN_POINT('Origin',(-56.2586699221005,23.245277570043,0.5));
#14568=CARTESIAN_POINT('',(-56.3562150831086,23.7356702102446,0.5));
#14569=CARTESIAN_POINT('Origin',(-56.4537602441166,24.2260628504462,0.5));
#14570=CARTESIAN_POINT('',(-55.7772337742466,23.3802562185012,0.5));
#14571=CARTESIAN_POINT('Origin',(-55.2957976263927,23.5152348669594,0.5));
#14572=CARTESIAN_POINT('Origin',(-56.2586699221005,23.245277570043,0.5));
#14573=CARTESIAN_POINT('Origin',(-50.,25.,0.5));
#14574=CARTESIAN_POINT('',(-55.7034757565734,23.1371086198654,0.5));
#14575=CARTESIAN_POINT('Origin',(-55.2281861101922,23.2923495682099,0.5));
#14576=CARTESIAN_POINT('Origin',(-50.,25.,0.5));
#14577=CARTESIAN_POINT('Origin',(-56.1787654029545,22.9818676715208,0.5));
#14578=CARTESIAN_POINT('',(-55.9874236867719,22.5199279052652,0.5));
#14579=CARTESIAN_POINT('Origin',(-55.7960819705894,22.0579881390095,0.5));
#14580=CARTESIAN_POINT('Origin',(-56.1787654029545,22.9818676715208,0.5));
#14581=CARTESIAN_POINT('Origin',(-52.8023701272034,23.2980241863769,0.5));
#14582=CARTESIAN_POINT('',(-59.6897307795819,20.9863820953532,0.5));
#14583=CARTESIAN_POINT('Origin',(-59.4983890633993,20.5244423290975,0.5));
#14584=CARTESIAN_POINT('',(-52.993711843386,23.7599639526326,0.5));
#14585=CARTESIAN_POINT('Origin',(-59.8810724957644,21.4483218616088,0.5));
#14586=CARTESIAN_POINT('',(-60.3515997334284,21.2791943398499,0.5));
#14587=CARTESIAN_POINT('Origin',(-60.8221269710924,21.110066818091,0.5));
#14588=CARTESIAN_POINT('Origin',(-59.8810724957644,21.4483218616088,0.5));
#14589=CARTESIAN_POINT('Origin',(-60.1890181681432,22.4634826957961,0.5));
#14590=CARTESIAN_POINT('',(-60.2865633291513,22.9538753359977,0.5));
#14591=CARTESIAN_POINT('Origin',(-60.3841084901593,23.4442679761994,0.5));
#14592=CARTESIAN_POINT('',(-60.6742094846951,22.3426961636717,0.5));
#14593=CARTESIAN_POINT('Origin',(-60.1890181681432,22.4634826957961,0.5));
#14594=CARTESIAN_POINT('Origin',(-61.159400801247,22.2219096315472,0.5));
#14595=CARTESIAN_POINT('Origin',(-55.2408268255837,24.4673303082005,0.5));
#14596=CARTESIAN_POINT('',(-55.1432816645756,23.9769376679989,0.5));
#14597=CARTESIAN_POINT('Origin',(-50.,25.,0.));
#14598=CARTESIAN_POINT('Origin',(-50.,25.,0.5));
#14599=CARTESIAN_POINT('',(-60.6742094846951,22.3426961636717,2.));
#14600=CARTESIAN_POINT('',(-60.6742094846951,22.3426961636717,0.));
#14601=CARTESIAN_POINT('',(-60.3515997334284,21.2791943398499,2.));
#14602=CARTESIAN_POINT('Origin',(-50.,25.,2.));
#14603=CARTESIAN_POINT('',(-60.3515997334284,21.2791943398499,0.));
#14604=CARTESIAN_POINT('Origin',(-60.1890181681432,22.4634826957961,0.));
#14605=CARTESIAN_POINT('',(-60.2865633291513,22.9538753359977,2.));
#14606=CARTESIAN_POINT('',(-60.2865633291513,22.9538753359977,0.));
#14607=CARTESIAN_POINT('Origin',(-60.1890181681432,22.4634826957961,2.));
#14608=CARTESIAN_POINT('Origin',(-60.2865633291513,22.9538753359977,0.));
#14609=CARTESIAN_POINT('',(-56.3562150831086,23.7356702102446,2.));
#14610=CARTESIAN_POINT('',(-56.3562150831086,23.7356702102446,0.));
#14611=CARTESIAN_POINT('',(-56.3562150831086,23.7356702102446,2.));
#14612=CARTESIAN_POINT('Origin',(-56.2586699221005,23.245277570043,0.));
#14613=CARTESIAN_POINT('',(-55.7772337742466,23.3802562185012,2.));
#14614=CARTESIAN_POINT('',(-55.7772337742466,23.3802562185012,0.));
#14615=CARTESIAN_POINT('Origin',(-56.2586699221005,23.245277570043,2.));
#14616=CARTESIAN_POINT('Origin',(-55.1107538394287,20.9837585738947,0.5));
#14617=CARTESIAN_POINT('',(-55.3885389559385,21.3994933800459,0.5));
#14618=CARTESIAN_POINT('Origin',(-55.6663240724483,21.8152281861972,0.5));
#14619=CARTESIAN_POINT('',(-54.7176189287034,21.2927002220566,0.5));
#14620=CARTESIAN_POINT('Origin',(-54.3244840179782,21.6016418702186,0.5));
#14621=CARTESIAN_POINT('Origin',(-55.1107538394287,20.9837585738947,0.5));
#14622=CARTESIAN_POINT('Origin',(-50.,25.,0.5));
#14623=CARTESIAN_POINT('',(-54.5564268481992,21.0962871036653,0.5));
#14624=CARTESIAN_POINT('Origin',(-54.1767246108493,21.4215965116932,0.5));
#14625=CARTESIAN_POINT('Origin',(-50.,25.,0.5));
#14626=CARTESIAN_POINT('Origin',(-54.9361290855491,20.7709776956374,0.5));
#14627=CARTESIAN_POINT('',(-54.5825756949558,20.4174243050442,0.5));
#14628=CARTESIAN_POINT('Origin',(-54.2290223043626,20.0638709144509,0.5));
#14629=CARTESIAN_POINT('Origin',(-54.9361290855491,20.7709776956374,0.5));
#14630=CARTESIAN_POINT('Origin',(-51.9377344568846,22.3551587619288,0.5));
#14631=CARTESIAN_POINT('',(-57.4161988668481,17.5838011331519,0.5));
#14632=CARTESIAN_POINT('Origin',(-57.0626454762548,17.2302477425586,0.5));
#14633=CARTESIAN_POINT('',(-52.2912878474779,22.7087121525221,0.5));
#14634=CARTESIAN_POINT('Origin',(-57.7697522574414,17.9373545237452,0.5));
#14635=CARTESIAN_POINT('',(-58.1397404412741,17.6010380896773,0.5));
#14636=CARTESIAN_POINT('Origin',(-58.5097286251068,17.2647216556093,0.5));
#14637=CARTESIAN_POINT('Origin',(-57.7697522574414,17.9373545237452,0.5));
#14638=CARTESIAN_POINT('Origin',(-58.442742193707,18.75739513377,0.5));
#14639=CARTESIAN_POINT('',(-58.7205273102168,19.1731299399213,0.5));
#14640=CARTESIAN_POINT('Origin',(-58.9983124267266,19.5888647460726,0.5));
#14641=CARTESIAN_POINT('',(-58.8447775157246,18.4601282505654,0.5));
#14642=CARTESIAN_POINT('Origin',(-58.442742193707,18.75739513377,0.5));
#14643=CARTESIAN_POINT('Origin',(-59.2468128377422,18.1628613673608,0.5));
#14644=CARTESIAN_POINT('Origin',(-54.6380487716182,22.5022997761119,0.5));
#14645=CARTESIAN_POINT('',(-54.3602636551084,22.0865649699607,0.5));
#14646=CARTESIAN_POINT('Origin',(-50.,25.,0.));
#14647=CARTESIAN_POINT('Origin',(-50.,25.,0.5));
#14648=CARTESIAN_POINT('',(-58.8447775157246,18.4601282505654,2.));
#14649=CARTESIAN_POINT('',(-58.8447775157246,18.4601282505654,0.));
#14650=CARTESIAN_POINT('',(-58.1397404412741,17.6010380896773,2.));
#14651=CARTESIAN_POINT('Origin',(-50.,25.,2.));
#14652=CARTESIAN_POINT('',(-58.1397404412741,17.6010380896773,0.));
#14653=CARTESIAN_POINT('Origin',(-58.442742193707,18.75739513377,0.));
#14654=CARTESIAN_POINT('',(-58.7205273102168,19.1731299399213,2.));
#14655=CARTESIAN_POINT('',(-58.7205273102168,19.1731299399213,0.));
#14656=CARTESIAN_POINT('Origin',(-58.442742193707,18.75739513377,2.));
#14657=CARTESIAN_POINT('Origin',(-58.7205273102168,19.1731299399213,0.));
#14658=CARTESIAN_POINT('',(-55.3885389559385,21.3994933800459,2.));
#14659=CARTESIAN_POINT('',(-55.3885389559385,21.3994933800459,0.));
#14660=CARTESIAN_POINT('',(-55.3885389559385,21.3994933800459,2.));
#14661=CARTESIAN_POINT('Origin',(-55.1107538394287,20.9837585738947,0.));
#14662=CARTESIAN_POINT('',(-54.7176189287034,21.2927002220566,2.));
#14663=CARTESIAN_POINT('',(-54.7176189287034,21.2927002220566,0.));
#14664=CARTESIAN_POINT('Origin',(-55.1107538394287,20.9837585738947,2.));
#14665=CARTESIAN_POINT('Origin',(-48.245277570043,18.7413300778995,0.5));
#14666=CARTESIAN_POINT('',(-48.7356702102446,18.6437849168914,0.5));
#14667=CARTESIAN_POINT('Origin',(-49.2260628504462,18.5462397558834,0.5));
#14668=CARTESIAN_POINT('',(-48.3802562185012,19.2227662257534,0.5));
#14669=CARTESIAN_POINT('Origin',(-48.5152348669595,19.7042023736073,0.5));
#14670=CARTESIAN_POINT('Origin',(-48.245277570043,18.7413300778995,0.5));
#14671=CARTESIAN_POINT('Origin',(-50.,25.,0.5));
#14672=CARTESIAN_POINT('',(-48.1371086198654,19.2965242434266,0.5));
#14673=CARTESIAN_POINT('Origin',(-48.2923495682099,19.7718138898078,0.5));
#14674=CARTESIAN_POINT('Origin',(-50.,25.,0.5));
#14675=CARTESIAN_POINT('Origin',(-47.9818676715208,18.8212345970455,0.5));
#14676=CARTESIAN_POINT('',(-47.5199279052652,19.0125763132281,0.5));
#14677=CARTESIAN_POINT('Origin',(-47.0579881390095,19.2039180294106,0.5));
#14678=CARTESIAN_POINT('Origin',(-47.9818676715208,18.8212345970455,0.5));
#14679=CARTESIAN_POINT('Origin',(-48.2980241863769,22.1976298727966,0.5));
#14680=CARTESIAN_POINT('',(-45.9863820953532,15.3102692204181,0.5));
#14681=CARTESIAN_POINT('Origin',(-45.5244423290975,15.5016109366007,0.5));
#14682=CARTESIAN_POINT('',(-48.7599639526326,22.006288156614,0.5));
#14683=CARTESIAN_POINT('Origin',(-46.4483218616088,15.1189275042356,0.5));
#14684=CARTESIAN_POINT('',(-46.2791943398499,14.6484002665716,0.5));
#14685=CARTESIAN_POINT('Origin',(-46.110066818091,14.1778730289076,0.5));
#14686=CARTESIAN_POINT('Origin',(-46.4483218616088,15.1189275042356,0.5));
#14687=CARTESIAN_POINT('Origin',(-47.4634826957961,14.8109818318568,0.5));
#14688=CARTESIAN_POINT('',(-47.9538753359977,14.7134366708487,0.5));
#14689=CARTESIAN_POINT('Origin',(-48.4442679761994,14.6158915098407,0.5));
#14690=CARTESIAN_POINT('',(-47.3426961636716,14.3257905153049,0.5));
#14691=CARTESIAN_POINT('Origin',(-47.4634826957961,14.8109818318568,0.5));
#14692=CARTESIAN_POINT('Origin',(-47.2219096315472,13.840599198753,0.5));
#14693=CARTESIAN_POINT('Origin',(-49.4673303082005,19.7591731744163,0.5));
#14694=CARTESIAN_POINT('',(-48.9769376679989,19.8567183354244,0.5));
#14695=CARTESIAN_POINT('Origin',(-50.,25.,0.));
#14696=CARTESIAN_POINT('Origin',(-50.,25.,0.5));
#14697=CARTESIAN_POINT('',(-47.3426961636716,14.3257905153049,2.));
#14698=CARTESIAN_POINT('',(-47.3426961636716,14.3257905153049,0.));
#14699=CARTESIAN_POINT('',(-46.2791943398499,14.6484002665716,2.));
#14700=CARTESIAN_POINT('Origin',(-50.,25.,2.));
#14701=CARTESIAN_POINT('',(-46.2791943398499,14.6484002665716,0.));
#14702=CARTESIAN_POINT('Origin',(-47.4634826957961,14.8109818318568,0.));
#14703=CARTESIAN_POINT('',(-47.9538753359977,14.7134366708487,2.));
#14704=CARTESIAN_POINT('',(-47.9538753359977,14.7134366708487,0.));
#14705=CARTESIAN_POINT('Origin',(-47.4634826957961,14.8109818318568,2.));
#14706=CARTESIAN_POINT('Origin',(-47.9538753359977,14.7134366708487,0.));
#14707=CARTESIAN_POINT('',(-48.7356702102446,18.6437849168914,2.));
#14708=CARTESIAN_POINT('',(-48.7356702102446,18.6437849168914,0.));
#14709=CARTESIAN_POINT('',(-48.7356702102446,18.6437849168914,2.));
#14710=CARTESIAN_POINT('Origin',(-48.245277570043,18.7413300778995,0.));
#14711=CARTESIAN_POINT('',(-48.3802562185012,19.2227662257534,2.));
#14712=CARTESIAN_POINT('',(-48.3802562185012,19.2227662257534,0.));
#14713=CARTESIAN_POINT('Origin',(-48.245277570043,18.7413300778995,2.));
#14714=CARTESIAN_POINT('Origin',(-45.9837585738946,19.8892461605713,0.5));
#14715=CARTESIAN_POINT('',(-46.3994933800459,19.6114610440615,0.5));
#14716=CARTESIAN_POINT('Origin',(-46.8152281861972,19.3336759275517,0.5));
#14717=CARTESIAN_POINT('',(-46.2927002220566,20.2823810712966,0.5));
#14718=CARTESIAN_POINT('Origin',(-46.6016418702186,20.6755159820218,0.5));
#14719=CARTESIAN_POINT('Origin',(-45.9837585738946,19.8892461605713,0.5));
#14720=CARTESIAN_POINT('Origin',(-50.,25.,0.5));
#14721=CARTESIAN_POINT('',(-46.0962871036653,20.4435731518008,0.5));
#14722=CARTESIAN_POINT('Origin',(-46.4215965116932,20.8232753891507,0.5));
#14723=CARTESIAN_POINT('Origin',(-50.,25.,0.5));
#14724=CARTESIAN_POINT('Origin',(-45.7709776956374,20.0638709144509,0.5));
#14725=CARTESIAN_POINT('',(-45.4174243050442,20.4174243050442,0.5));
#14726=CARTESIAN_POINT('Origin',(-45.0638709144509,20.7709776956374,0.5));
#14727=CARTESIAN_POINT('Origin',(-45.7709776956374,20.0638709144509,0.5));
#14728=CARTESIAN_POINT('Origin',(-47.3551587619288,23.0622655431154,0.5));
#14729=CARTESIAN_POINT('',(-42.5838011331519,17.5838011331519,0.5));
#14730=CARTESIAN_POINT('Origin',(-42.2302477425586,17.9373545237452,0.5));
#14731=CARTESIAN_POINT('',(-47.7087121525221,22.7087121525221,0.5));
#14732=CARTESIAN_POINT('Origin',(-42.9373545237452,17.2302477425586,0.5));
#14733=CARTESIAN_POINT('',(-42.6010380896773,16.8602595587259,0.5));
#14734=CARTESIAN_POINT('Origin',(-42.2647216556093,16.4902713748932,0.5));
#14735=CARTESIAN_POINT('Origin',(-42.9373545237452,17.2302477425586,0.5));
#14736=CARTESIAN_POINT('Origin',(-43.75739513377,16.557257806293,0.5));
#14737=CARTESIAN_POINT('',(-44.1731299399213,16.2794726897832,0.5));
#14738=CARTESIAN_POINT('Origin',(-44.5888647460726,16.0016875732734,0.5));
#14739=CARTESIAN_POINT('',(-43.4601282505654,16.1552224842754,0.5));
#14740=CARTESIAN_POINT('Origin',(-43.75739513377,16.557257806293,0.5));
#14741=CARTESIAN_POINT('Origin',(-43.1628613673608,15.7531871622578,0.5));
#14742=CARTESIAN_POINT('Origin',(-47.5022997761119,20.3619512283818,0.5));
#14743=CARTESIAN_POINT('',(-47.0865649699607,20.6397363448916,0.5));
#14744=CARTESIAN_POINT('Origin',(-50.,25.,0.));
#14745=CARTESIAN_POINT('Origin',(-50.,25.,0.5));
#14746=CARTESIAN_POINT('',(-43.4601282505654,16.1552224842754,2.));
#14747=CARTESIAN_POINT('',(-43.4601282505654,16.1552224842754,0.));
#14748=CARTESIAN_POINT('',(-42.6010380896773,16.8602595587259,2.));
#14749=CARTESIAN_POINT('Origin',(-50.,25.,2.));
#14750=CARTESIAN_POINT('',(-42.6010380896773,16.8602595587259,0.));
#14751=CARTESIAN_POINT('Origin',(-43.75739513377,16.557257806293,0.));
#14752=CARTESIAN_POINT('',(-44.1731299399213,16.2794726897832,2.));
#14753=CARTESIAN_POINT('',(-44.1731299399213,16.2794726897832,0.));
#14754=CARTESIAN_POINT('Origin',(-43.75739513377,16.557257806293,2.));
#14755=CARTESIAN_POINT('Origin',(-44.1731299399213,16.2794726897832,0.));
#14756=CARTESIAN_POINT('',(-46.3994933800459,19.6114610440615,2.));
#14757=CARTESIAN_POINT('',(-46.3994933800459,19.6114610440615,0.));
#14758=CARTESIAN_POINT('',(-46.3994933800459,19.6114610440615,2.));
#14759=CARTESIAN_POINT('Origin',(-45.9837585738946,19.8892461605713,0.));
#14760=CARTESIAN_POINT('',(-46.2927002220566,20.2823810712966,2.));
#14761=CARTESIAN_POINT('',(-46.2927002220566,20.2823810712966,0.));
#14762=CARTESIAN_POINT('Origin',(-45.9837585738946,19.8892461605713,2.));
#14763=CARTESIAN_POINT('Origin',(-47.0579881390095,30.7960819705894,0.5));
#14764=CARTESIAN_POINT('',(-47.2842967437011,30.3502295113133,0.5));
#14765=CARTESIAN_POINT('Origin',(-47.5106053483927,29.9043770520372,0.5));
#14766=CARTESIAN_POINT('',(-47.5199279052651,30.9874236867719,0.5));
#14767=CARTESIAN_POINT('Origin',(-47.9818676715208,31.1787654029545,0.5));
#14768=CARTESIAN_POINT('Origin',(-47.0579881390095,30.7960819705894,0.5));
#14769=CARTESIAN_POINT('Origin',(-49.2219037188882,28.1850535595685,0.5));
#14770=CARTESIAN_POINT('',(-45.9863820953532,34.6897307795819,0.5));
#14771=CARTESIAN_POINT('Origin',(-46.4483218616088,34.8810724957644,0.5));
#14772=CARTESIAN_POINT('',(-48.7599639526326,27.993711843386,0.5));
#14773=CARTESIAN_POINT('Origin',(-45.5244423290975,34.4983890633994,0.5));
#14774=CARTESIAN_POINT('',(-45.3113205461333,34.9506932814055,0.5));
#14775=CARTESIAN_POINT('Origin',(-45.0981987631692,35.4029974994117,0.5));
#14776=CARTESIAN_POINT('Origin',(-45.5244423290975,34.4983890633994,0.5));
#14777=CARTESIAN_POINT('Origin',(-44.5888647460726,33.9983124267266,0.5));
#14778=CARTESIAN_POINT('',(-44.1731299399213,33.7205273102168,0.5));
#14779=CARTESIAN_POINT('Origin',(-43.75739513377,33.442742193707,0.5));
#14780=CARTESIAN_POINT('',(-44.3311916519071,34.4268034727745,0.5));
#14781=CARTESIAN_POINT('Origin',(-44.5888647460726,33.9983124267266,0.5));
#14782=CARTESIAN_POINT('Origin',(-44.0735185577417,34.8552945188223,0.5));
#14783=CARTESIAN_POINT('Origin',(-46.6708301638094,29.0824785385986,0.5));
#14784=CARTESIAN_POINT('',(-46.3994933800459,30.3885389559385,0.5));
#14785=CARTESIAN_POINT('Origin',(-45.9837585738946,30.1107538394287,0.5));
#14786=CARTESIAN_POINT('',(-47.0865649699607,29.3602636551084,0.5));
#14787=CARTESIAN_POINT('Origin',(-46.8152281861972,30.6663240724483,0.5));
#14788=CARTESIAN_POINT('',(-47.0602106334128,30.2304529899523,0.5));
#14789=CARTESIAN_POINT('Origin',(-47.3051930806284,29.7945819074563,0.5));
#14790=CARTESIAN_POINT('Origin',(-46.8152281861972,30.6663240724483,0.5));
#14791=CARTESIAN_POINT('Origin',(-50.,25.,0.5));
#14792=CARTESIAN_POINT('Origin',(-50.,25.,0.5));
#14793=CARTESIAN_POINT('Origin',(-44.1731299399213,33.7205273102168,0.));
#14794=CARTESIAN_POINT('',(-46.3994933800459,30.3885389559385,2.));
#14795=CARTESIAN_POINT('',(-46.3994933800459,30.3885389559385,0.));
#14796=CARTESIAN_POINT('',(-44.1731299399213,33.7205273102168,2.));
#14797=CARTESIAN_POINT('',(-46.3994933800459,30.3885389559385,2.));
#14798=CARTESIAN_POINT('',(-44.1731299399213,33.7205273102168,0.));
#14799=CARTESIAN_POINT('Origin',(-46.8152281861972,30.6663240724483,0.));
#14800=CARTESIAN_POINT('',(-47.0602106334128,30.2304529899523,2.));
#14801=CARTESIAN_POINT('',(-47.0602106334128,30.2304529899523,0.));
#14802=CARTESIAN_POINT('Origin',(-46.8152281861972,30.6663240724483,2.));
#14803=CARTESIAN_POINT('Origin',(-50.,25.,0.));
#14804=CARTESIAN_POINT('',(-47.2842967437011,30.3502295113133,2.));
#14805=CARTESIAN_POINT('',(-47.2842967437011,30.3502295113133,0.));
#14806=CARTESIAN_POINT('Origin',(-50.,25.,2.));
#14807=CARTESIAN_POINT('Origin',(-47.0579881390095,30.7960819705894,0.));
#14808=CARTESIAN_POINT('',(-47.5199279052651,30.9874236867719,2.));
#14809=CARTESIAN_POINT('',(-47.5199279052651,30.9874236867719,0.));
#14810=CARTESIAN_POINT('Origin',(-47.0579881390095,30.7960819705894,2.));
#14811=CARTESIAN_POINT('Origin',(-48.4442679761994,35.3841084901593,0.5));
#14812=CARTESIAN_POINT('',(-47.9538753359977,35.2865633291513,0.5));
#14813=CARTESIAN_POINT('Origin',(-47.4634826957961,35.1890181681432,0.5));
#14814=CARTESIAN_POINT('',(-48.3701855026604,35.8785898215707,0.5));
#14815=CARTESIAN_POINT('Origin',(-48.4442679761994,35.3841084901593,0.5));
#14816=CARTESIAN_POINT('Origin',(-48.2961030291214,36.3730711529821,0.5));
#14817=CARTESIAN_POINT('Origin',(-48.4865450277973,30.0457365035676,0.5));
#14818=CARTESIAN_POINT('',(-48.7356702102446,31.3562150831086,0.5));
#14819=CARTESIAN_POINT('Origin',(-48.245277570043,31.2586699221005,0.5));
#14820=CARTESIAN_POINT('',(-48.9769376679989,30.1432816645756,0.5));
#14821=CARTESIAN_POINT('Origin',(-49.2260628504462,31.4537602441166,0.5));
#14822=CARTESIAN_POINT('',(-49.2855964773349,30.9573171484154,0.5));
#14823=CARTESIAN_POINT('Origin',(-49.3451301042237,30.4608740527141,0.5));
#14824=CARTESIAN_POINT('Origin',(-49.2260628504462,31.4537602441166,0.5));
#14825=CARTESIAN_POINT('Origin',(-50.,25.,0.5));
#14826=CARTESIAN_POINT('',(-49.5384615384615,30.9822221831457,0.5));
#14827=CARTESIAN_POINT('Origin',(-49.5769230769231,30.4837036678836,0.5));
#14828=CARTESIAN_POINT('Origin',(-50.,25.,0.5));
#14829=CARTESIAN_POINT('Origin',(-49.5,31.4807406984079,0.5));
#14830=CARTESIAN_POINT('',(-50.,31.4807406984079,0.5));
#14831=CARTESIAN_POINT('Origin',(-50.5,31.4807406984079,0.5));
#14832=CARTESIAN_POINT('Origin',(-49.5,31.4807406984079,0.5));
#14833=CARTESIAN_POINT('Origin',(-50.5,28.2403703492039,0.5));
#14834=CARTESIAN_POINT('',(-50.,35.4880890187526,0.5));
#14835=CARTESIAN_POINT('Origin',(-50.5,35.4880890187526,0.5));
#14836=CARTESIAN_POINT('',(-50.,28.2403703492039,0.5));
#14837=CARTESIAN_POINT('Origin',(-49.5,35.4880890187526,0.5));
#14838=CARTESIAN_POINT('',(-49.4761904774069,35.9875218036535,0.5));
#14839=CARTESIAN_POINT('Origin',(-49.4523809548138,36.4869545885544,0.5));
#14840=CARTESIAN_POINT('Origin',(-49.5,35.4880890187526,0.5));
#14841=CARTESIAN_POINT('Origin',(-49.5,31.4807406984079,0.));
#14842=CARTESIAN_POINT('',(-50.,31.4807406984079,2.));
#14843=CARTESIAN_POINT('',(-50.,31.4807406984079,0.));
#14844=CARTESIAN_POINT('',(-49.5384615384615,30.9822221831457,2.));
#14845=CARTESIAN_POINT('Origin',(-49.5,31.4807406984079,2.));
#14846=CARTESIAN_POINT('',(-49.5384615384615,30.9822221831457,0.));
#14847=CARTESIAN_POINT('Origin',(-50.,31.4807406984079,0.));
#14848=CARTESIAN_POINT('',(-50.,35.4880890187526,2.));
#14849=CARTESIAN_POINT('',(-50.,35.4880890187526,0.));
#14850=CARTESIAN_POINT('',(-50.,31.4807406984079,2.));
#14851=CARTESIAN_POINT('Origin',(-49.5,35.4880890187526,0.));
#14852=CARTESIAN_POINT('',(-49.4761904774069,35.9875218036535,2.));
#14853=CARTESIAN_POINT('',(-49.4761904774069,35.9875218036535,0.));
#14854=CARTESIAN_POINT('Origin',(-49.5,35.4880890187526,2.));
#14855=CARTESIAN_POINT('Origin',(-50.,25.,0.));
#14856=CARTESIAN_POINT('Origin',(-50.,25.,0.5));
#14857=CARTESIAN_POINT('',(-48.3701855026604,35.8785898215707,2.));
#14858=CARTESIAN_POINT('',(-48.3701855026604,35.8785898215707,0.));
#14859=CARTESIAN_POINT('Origin',(-50.,25.,2.));
#14860=CARTESIAN_POINT('Origin',(-52.5365173042039,35.1890181681432,0.5));
#14861=CARTESIAN_POINT('',(-52.0461246640023,35.2865633291513,0.5));
#14862=CARTESIAN_POINT('Origin',(-51.5557320238007,35.3841084901593,0.5));
#14863=CARTESIAN_POINT('',(-52.6573038363284,35.6742094846951,0.5));
#14864=CARTESIAN_POINT('Origin',(-52.5365173042039,35.1890181681432,0.5));
#14865=CARTESIAN_POINT('Origin',(-52.7780903684528,36.159400801247,0.5));
#14866=CARTESIAN_POINT('Origin',(-50.5326696917995,30.2408268255837,0.5));
#14867=CARTESIAN_POINT('',(-51.2643297897554,31.3562150831086,0.5));
#14868=CARTESIAN_POINT('Origin',(-50.7739371495538,31.4537602441166,0.5));
#14869=CARTESIAN_POINT('',(-51.0230623320011,30.1432816645756,0.5));
#14870=CARTESIAN_POINT('Origin',(-51.7547224299571,31.2586699221005,0.5));
#14871=CARTESIAN_POINT('',(-51.6197437814988,30.7772337742466,0.5));
#14872=CARTESIAN_POINT('Origin',(-51.4847651330405,30.2957976263927,0.5));
#14873=CARTESIAN_POINT('Origin',(-51.7547224299571,31.2586699221005,0.5));
#14874=CARTESIAN_POINT('Origin',(-50.,25.,0.5));
#14875=CARTESIAN_POINT('',(-51.8628913801346,30.7034757565734,0.5));
#14876=CARTESIAN_POINT('Origin',(-51.7076504317901,30.2281861101922,0.5));
#14877=CARTESIAN_POINT('Origin',(-50.,25.,0.5));
#14878=CARTESIAN_POINT('Origin',(-52.0181323284792,31.1787654029545,0.5));
#14879=CARTESIAN_POINT('',(-52.4800720947349,30.9874236867719,0.5));
#14880=CARTESIAN_POINT('Origin',(-52.9420118609905,30.7960819705894,0.5));
#14881=CARTESIAN_POINT('Origin',(-52.0181323284792,31.1787654029545,0.5));
#14882=CARTESIAN_POINT('Origin',(-51.7019758136231,27.8023701272034,0.5));
#14883=CARTESIAN_POINT('',(-54.0136179046468,34.6897307795819,0.5));
#14884=CARTESIAN_POINT('Origin',(-54.4755576709025,34.4983890633993,0.5));
#14885=CARTESIAN_POINT('',(-51.2400360473674,27.993711843386,0.5));
#14886=CARTESIAN_POINT('Origin',(-53.5516781383912,34.8810724957644,0.5));
#14887=CARTESIAN_POINT('',(-53.7208056601501,35.3515997334284,0.5));
#14888=CARTESIAN_POINT('Origin',(-53.889933181909,35.8221269710924,0.5));
#14889=CARTESIAN_POINT('Origin',(-53.5516781383912,34.8810724957644,0.5));
#14890=CARTESIAN_POINT('Origin',(-52.0181323284792,31.1787654029545,0.));
#14891=CARTESIAN_POINT('',(-52.4800720947349,30.9874236867719,2.));
#14892=CARTESIAN_POINT('',(-52.4800720947349,30.9874236867719,0.));
#14893=CARTESIAN_POINT('',(-51.8628913801346,30.7034757565734,2.));
#14894=CARTESIAN_POINT('Origin',(-52.0181323284792,31.1787654029545,2.));
#14895=CARTESIAN_POINT('',(-51.8628913801346,30.7034757565734,0.));
#14896=CARTESIAN_POINT('Origin',(-52.4800720947349,30.9874236867719,0.));
#14897=CARTESIAN_POINT('',(-54.0136179046468,34.6897307795819,2.));
#14898=CARTESIAN_POINT('',(-54.0136179046468,34.6897307795819,0.));
#14899=CARTESIAN_POINT('',(-52.4800720947349,30.9874236867719,2.));
#14900=CARTESIAN_POINT('Origin',(-53.5516781383912,34.8810724957644,0.));
#14901=CARTESIAN_POINT('',(-53.7208056601501,35.3515997334284,2.));
#14902=CARTESIAN_POINT('',(-53.7208056601501,35.3515997334284,0.));
#14903=CARTESIAN_POINT('Origin',(-53.5516781383912,34.8810724957644,2.));
#14904=CARTESIAN_POINT('Origin',(-50.,25.,0.));
#14905=CARTESIAN_POINT('Origin',(-50.,25.,0.5));
#14906=CARTESIAN_POINT('',(-52.6573038363284,35.6742094846951,2.));
#14907=CARTESIAN_POINT('',(-52.6573038363284,35.6742094846951,0.));
#14908=CARTESIAN_POINT('Origin',(-50.,25.,2.));
#14909=CARTESIAN_POINT('Origin',(-50.,25.,-1.5));
#14910=CARTESIAN_POINT('',(-46.5,25.,-2.));
#14911=CARTESIAN_POINT('Origin',(-50.,25.,-2.));
#14912=CARTESIAN_POINT('',(-46.,25.,-1.5));
#14913=CARTESIAN_POINT('Origin',(-46.5,25.,-1.5));
#14914=CARTESIAN_POINT('',(-54.,25.,-1.5));
#14915=CARTESIAN_POINT('Origin',(-50.,25.,-1.5));
#14916=CARTESIAN_POINT('Origin',(-50.,25.,-1.5));
#14917=CARTESIAN_POINT('Origin',(-50.,25.,0.));
#14918=CARTESIAN_POINT('',(-54.,25.,-0.5));
#14919=CARTESIAN_POINT('',(-54.,25.,0.));
#14920=CARTESIAN_POINT('Origin',(-50.,25.,-0.5));
#14921=CARTESIAN_POINT('Origin',(-50.,25.,-2.));
#14922=CARTESIAN_POINT('',(-48.5,23.5703563401733,-2.));
#14923=CARTESIAN_POINT('',(-48.5,22.65,-2.));
#14924=CARTESIAN_POINT('',(-48.5,24.3351781700866,-2.));
#14925=CARTESIAN_POINT('',(-47.709327927865,23.5703563401733,-2.));
#14926=CARTESIAN_POINT('',(-48.8546639639325,23.5703563401733,-2.));
#14927=CARTESIAN_POINT('',(-47.109327927865,24.1703563401733,-2.));
#14928=CARTESIAN_POINT('Origin',(-47.709327927865,24.1703563401733,-2.));
#14929=CARTESIAN_POINT('',(-47.109327927865,25.8757845192388,-2.));
#14930=CARTESIAN_POINT('',(-47.109327927865,25.4378922596194,-2.));
#14931=CARTESIAN_POINT('',(-47.709327927865,26.4757845192388,-2.));
#14932=CARTESIAN_POINT('Origin',(-47.709327927865,25.8757845192388,-2.));
#14933=CARTESIAN_POINT('',(-48.5,26.4757845192388,-2.));
#14934=CARTESIAN_POINT('',(-49.3,26.4757845192388,-2.));
#14935=CARTESIAN_POINT('',(-48.5,27.35,-2.));
#14936=CARTESIAN_POINT('',(-48.5,26.175,-2.));
#14937=CARTESIAN_POINT('',(-49.1,27.95,-2.));
#14938=CARTESIAN_POINT('Origin',(-49.1,27.35,-2.));
#14939=CARTESIAN_POINT('',(-50.9,27.95,-2.));
#14940=CARTESIAN_POINT('',(-50.45,27.95,-2.));
#14941=CARTESIAN_POINT('',(-51.5,27.35,-2.));
#14942=CARTESIAN_POINT('Origin',(-50.9,27.35,-2.));
#14943=CARTESIAN_POINT('',(-51.5,26.4757845192388,-2.));
#14944=CARTESIAN_POINT('',(-51.5,25.6878922596194,-2.));
#14945=CARTESIAN_POINT('',(-52.409327927865,26.4757845192388,-2.));
#14946=CARTESIAN_POINT('',(-51.2046639639325,26.4757845192388,-2.));
#14947=CARTESIAN_POINT('',(-53.009327927865,25.8757845192388,-2.));
#14948=CARTESIAN_POINT('Origin',(-52.409327927865,25.8757845192388,-2.));
#14949=CARTESIAN_POINT('',(-53.009327927865,24.0757771462968,-2.));
#14950=CARTESIAN_POINT('',(-53.009327927865,24.5378885731484,-2.));
#14951=CARTESIAN_POINT('',(-52.4093721671475,23.4757771479278,-2.));
#14952=CARTESIAN_POINT('Origin',(-52.409327927865,24.0757771462968,-2.));
#14953=CARTESIAN_POINT('',(-51.5,23.4757100979739,-2.));
#14954=CARTESIAN_POINT('',(-50.7000598852604,23.4756511166792,-2.));
#14955=CARTESIAN_POINT('',(-51.5,22.65,-2.));
#14956=CARTESIAN_POINT('',(-51.5,23.825,-2.));
#14957=CARTESIAN_POINT('',(-50.9,22.05,-2.));
#14958=CARTESIAN_POINT('Origin',(-50.9,22.65,-2.));
#14959=CARTESIAN_POINT('',(-49.1,22.05,-2.));
#14960=CARTESIAN_POINT('',(-49.55,22.05,-2.));
#14961=CARTESIAN_POINT('Origin',(-49.1,22.65,-2.));
#14962=CARTESIAN_POINT('Origin',(-51.5557320238007,14.6158915098407,0.5));
#14963=CARTESIAN_POINT('',(-51.6298144973396,14.1214101784293,0.5));
#14964=CARTESIAN_POINT('Origin',(-51.7038969708786,13.626928847018,0.5));
#14965=CARTESIAN_POINT('',(-52.0461246640023,14.7134366708487,0.5));
#14966=CARTESIAN_POINT('Origin',(-52.5365173042039,14.8109818318568,0.5));
#14967=CARTESIAN_POINT('Origin',(-51.5557320238007,14.6158915098407,0.5));
#14968=CARTESIAN_POINT('Origin',(-51.5134549722028,19.9542634964324,0.5));
#14969=CARTESIAN_POINT('',(-51.2643297897554,18.6437849168914,0.5));
#14970=CARTESIAN_POINT('Origin',(-51.754722429957,18.7413300778995,0.5));
#14971=CARTESIAN_POINT('',(-51.0230623320011,19.8567183354244,0.5));
#14972=CARTESIAN_POINT('Origin',(-50.7739371495538,18.5462397558834,0.5));
#14973=CARTESIAN_POINT('',(-50.7144035226651,19.0426828515846,0.5));
#14974=CARTESIAN_POINT('Origin',(-50.6548698957763,19.5391259472859,0.5));
#14975=CARTESIAN_POINT('Origin',(-50.7739371495538,18.5462397558834,0.5));
#14976=CARTESIAN_POINT('Origin',(-50.,25.,0.5));
#14977=CARTESIAN_POINT('',(-50.4615384615385,19.0177778168543,0.5));
#14978=CARTESIAN_POINT('Origin',(-50.4230769230769,19.5162963321164,0.5));
#14979=CARTESIAN_POINT('Origin',(-50.,25.,0.5));
#14980=CARTESIAN_POINT('Origin',(-50.5,18.5192593015921,0.5));
#14981=CARTESIAN_POINT('',(-50.,18.5192593015921,0.5));
#14982=CARTESIAN_POINT('Origin',(-49.5,18.5192593015921,0.5));
#14983=CARTESIAN_POINT('Origin',(-50.5,18.5192593015921,0.5));
#14984=CARTESIAN_POINT('Origin',(-49.5,21.7596296507961,0.5));
#14985=CARTESIAN_POINT('',(-50.,14.5119109812474,0.5));
#14986=CARTESIAN_POINT('Origin',(-49.5,14.5119109812474,0.5));
#14987=CARTESIAN_POINT('',(-50.,21.7596296507961,0.5));
#14988=CARTESIAN_POINT('Origin',(-50.5,14.5119109812474,0.5));
#14989=CARTESIAN_POINT('',(-50.5238095225931,14.0124781963465,0.5));
#14990=CARTESIAN_POINT('Origin',(-50.5476190451862,13.5130454114456,0.5));
#14991=CARTESIAN_POINT('Origin',(-50.5,14.5119109812474,0.5));
#14992=CARTESIAN_POINT('Origin',(-50.,18.5192593015921,0.));
#14993=CARTESIAN_POINT('',(-50.,14.5119109812474,2.));
#14994=CARTESIAN_POINT('',(-50.,14.5119109812474,0.));
#14995=CARTESIAN_POINT('',(-50.,18.5192593015921,2.));
#14996=CARTESIAN_POINT('',(-50.,18.5192593015921,2.));
#14997=CARTESIAN_POINT('',(-50.,18.5192593015921,0.));
#14998=CARTESIAN_POINT('Origin',(-50.5,14.5119109812474,0.));
#14999=CARTESIAN_POINT('',(-50.5238095225931,14.0124781963465,2.));
#15000=CARTESIAN_POINT('',(-50.5238095225931,14.0124781963465,0.));
#15001=CARTESIAN_POINT('Origin',(-50.5,14.5119109812474,2.));
#15002=CARTESIAN_POINT('Origin',(-50.,25.,0.));
#15003=CARTESIAN_POINT('Origin',(-50.,25.,0.5));
#15004=CARTESIAN_POINT('',(-51.6298144973396,14.1214101784293,2.));
#15005=CARTESIAN_POINT('',(-51.6298144973396,14.1214101784293,0.));
#15006=CARTESIAN_POINT('Origin',(-50.,25.,2.));
#15007=CARTESIAN_POINT('Origin',(-51.5557320238007,14.6158915098407,0.));
#15008=CARTESIAN_POINT('',(-52.0461246640023,14.7134366708487,2.));
#15009=CARTESIAN_POINT('',(-52.0461246640023,14.7134366708487,0.));
#15010=CARTESIAN_POINT('Origin',(-51.5557320238007,14.6158915098407,2.));
#15011=CARTESIAN_POINT('Origin',(-56.4807406984078,25.5,0.5));
#15012=CARTESIAN_POINT('',(-55.9822221831457,25.4615384615385,0.5));
#15013=CARTESIAN_POINT('Origin',(-55.4837036678836,25.4230769230769,0.5));
#15014=CARTESIAN_POINT('',(-56.4807406984079,25.,0.5));
#15015=CARTESIAN_POINT('Origin',(-56.4807406984079,24.5,0.5));
#15016=CARTESIAN_POINT('Origin',(-56.4807406984078,25.5,0.5));
#15017=CARTESIAN_POINT('Origin',(-53.2403703492039,24.5,0.5));
#15018=CARTESIAN_POINT('',(-60.4880890187526,25.,0.5));
#15019=CARTESIAN_POINT('Origin',(-60.4880890187526,24.5,0.5));
#15020=CARTESIAN_POINT('',(-53.2403703492039,25.,0.5));
#15021=CARTESIAN_POINT('Origin',(-60.4880890187526,25.5,0.5));
#15022=CARTESIAN_POINT('',(-60.9875218036535,25.5238095225931,0.5));
#15023=CARTESIAN_POINT('Origin',(-61.4869545885544,25.5476190451862,0.5));
#15024=CARTESIAN_POINT('Origin',(-60.4880890187526,25.5,0.5));
#15025=CARTESIAN_POINT('Origin',(-60.3841084901593,26.5557320238006,0.5));
#15026=CARTESIAN_POINT('',(-60.2865633291513,27.0461246640023,0.5));
#15027=CARTESIAN_POINT('Origin',(-60.1890181681432,27.5365173042039,0.5));
#15028=CARTESIAN_POINT('',(-60.8785898215707,26.6298144973396,0.5));
#15029=CARTESIAN_POINT('Origin',(-60.3841084901593,26.5557320238006,0.5));
#15030=CARTESIAN_POINT('Origin',(-61.3730711529821,26.7038969708786,0.5));
#15031=CARTESIAN_POINT('Origin',(-55.0457365035676,26.5134549722027,0.5));
#15032=CARTESIAN_POINT('',(-56.3562150831086,26.2643297897554,0.5));
#15033=CARTESIAN_POINT('Origin',(-56.2586699221005,26.754722429957,0.5));
#15034=CARTESIAN_POINT('',(-55.1432816645756,26.0230623320011,0.5));
#15035=CARTESIAN_POINT('Origin',(-56.4537602441167,25.7739371495538,0.5));
#15036=CARTESIAN_POINT('',(-55.9573171484154,25.7144035226651,0.5));
#15037=CARTESIAN_POINT('Origin',(-55.4608740527141,25.6548698957763,0.5));
#15038=CARTESIAN_POINT('Origin',(-56.4537602441167,25.7739371495538,0.5));
#15039=CARTESIAN_POINT('Origin',(-50.,25.,0.5));
#15040=CARTESIAN_POINT('Origin',(-50.,25.,0.5));
#15041=CARTESIAN_POINT('Origin',(-60.2865633291513,27.0461246640023,0.));
#15042=CARTESIAN_POINT('',(-56.3562150831086,26.2643297897554,2.));
#15043=CARTESIAN_POINT('',(-56.3562150831086,26.2643297897554,0.));
#15044=CARTESIAN_POINT('',(-60.2865633291513,27.0461246640023,2.));
#15045=CARTESIAN_POINT('',(-56.3562150831086,26.2643297897554,2.));
#15046=CARTESIAN_POINT('',(-60.2865633291513,27.0461246640023,0.));
#15047=CARTESIAN_POINT('Origin',(-56.4537602441167,25.7739371495538,0.));
#15048=CARTESIAN_POINT('',(-55.9573171484154,25.7144035226651,2.));
#15049=CARTESIAN_POINT('',(-55.9573171484154,25.7144035226651,0.));
#15050=CARTESIAN_POINT('Origin',(-56.4537602441167,25.7739371495538,2.));
#15051=CARTESIAN_POINT('Origin',(-50.,25.,0.));
#15052=CARTESIAN_POINT('',(-55.9822221831457,25.4615384615385,2.));
#15053=CARTESIAN_POINT('',(-55.9822221831457,25.4615384615385,0.));
#15054=CARTESIAN_POINT('Origin',(-50.,25.,2.));
#15055=CARTESIAN_POINT('Origin',(-56.4807406984078,25.5,0.));
#15056=CARTESIAN_POINT('',(-56.4807406984079,25.,2.));
#15057=CARTESIAN_POINT('',(-56.4807406984079,25.,0.));
#15058=CARTESIAN_POINT('Origin',(-56.4807406984078,25.5,2.));
#15059=CARTESIAN_POINT('Origin',(-39.5119109812474,24.5,0.5));
#15060=CARTESIAN_POINT('',(-39.5119109812474,25.,0.5));
#15061=CARTESIAN_POINT('Origin',(-39.5119109812474,25.5,0.5));
#15062=CARTESIAN_POINT('',(-39.0124781963465,24.4761904774069,0.5));
#15063=CARTESIAN_POINT('Origin',(-38.5130454114456,24.4523809548138,0.5));
#15064=CARTESIAN_POINT('Origin',(-39.5119109812474,24.5,0.5));
#15065=CARTESIAN_POINT('Origin',(-39.6158915098407,23.4442679761994,0.5));
#15066=CARTESIAN_POINT('',(-39.7134366708487,22.9538753359977,0.5));
#15067=CARTESIAN_POINT('Origin',(-39.8109818318568,22.4634826957961,0.5));
#15068=CARTESIAN_POINT('',(-39.1214101784293,23.3701855026604,0.5));
#15069=CARTESIAN_POINT('Origin',(-39.6158915098407,23.4442679761994,0.5));
#15070=CARTESIAN_POINT('Origin',(-38.626928847018,23.2961030291214,0.5));
#15071=CARTESIAN_POINT('Origin',(-44.9542634964324,23.4865450277973,0.5));
#15072=CARTESIAN_POINT('',(-43.6437849168914,23.7356702102446,0.5));
#15073=CARTESIAN_POINT('Origin',(-43.7413300778995,23.245277570043,0.5));
#15074=CARTESIAN_POINT('',(-44.8567183354244,23.9769376679989,0.5));
#15075=CARTESIAN_POINT('Origin',(-43.5462397558833,24.2260628504462,0.5));
#15076=CARTESIAN_POINT('',(-44.0426828515846,24.285596477335,0.5));
#15077=CARTESIAN_POINT('Origin',(-44.5391259472859,24.3451301042237,0.5));
#15078=CARTESIAN_POINT('Origin',(-43.5462397558833,24.2260628504462,0.5));
#15079=CARTESIAN_POINT('Origin',(-50.,25.,0.5));
#15080=CARTESIAN_POINT('',(-44.0177778168543,24.5384615384615,0.5));
#15081=CARTESIAN_POINT('Origin',(-44.5162963321164,24.5769230769231,0.5));
#15082=CARTESIAN_POINT('Origin',(-50.,25.,0.5));
#15083=CARTESIAN_POINT('Origin',(-43.5192593015922,24.5,0.5));
#15084=CARTESIAN_POINT('',(-43.5192593015921,25.,0.5));
#15085=CARTESIAN_POINT('Origin',(-43.5192593015921,25.5,0.5));
#15086=CARTESIAN_POINT('Origin',(-43.5192593015922,24.5,0.5));
#15087=CARTESIAN_POINT('Origin',(-46.7596296507961,25.5,0.5));
#15088=CARTESIAN_POINT('',(-46.7596296507961,25.,0.5));
#15089=CARTESIAN_POINT('Origin',(-50.,25.,0.));
#15090=CARTESIAN_POINT('',(-44.0177778168543,24.5384615384615,2.));
#15091=CARTESIAN_POINT('',(-44.0177778168543,24.5384615384615,0.));
#15092=CARTESIAN_POINT('',(-44.0426828515846,24.285596477335,2.));
#15093=CARTESIAN_POINT('Origin',(-50.,25.,2.));
#15094=CARTESIAN_POINT('',(-44.0426828515846,24.285596477335,0.));
#15095=CARTESIAN_POINT('Origin',(-43.5192593015922,24.5,0.));
#15096=CARTESIAN_POINT('',(-43.5192593015921,25.,2.));
#15097=CARTESIAN_POINT('',(-43.5192593015921,25.,0.));
#15098=CARTESIAN_POINT('Origin',(-43.5192593015922,24.5,2.));
#15099=CARTESIAN_POINT('Origin',(-43.5192593015921,25.,0.));
#15100=CARTESIAN_POINT('',(-39.5119109812474,25.,2.));
#15101=CARTESIAN_POINT('',(-39.5119109812474,25.,0.));
#15102=CARTESIAN_POINT('',(-43.5192593015921,25.,2.));
#15103=CARTESIAN_POINT('Origin',(-39.5119109812474,24.5,0.));
#15104=CARTESIAN_POINT('',(-39.0124781963465,24.4761904774069,2.));
#15105=CARTESIAN_POINT('',(-39.0124781963465,24.4761904774069,0.));
#15106=CARTESIAN_POINT('Origin',(-39.5119109812474,24.5,2.));
#15107=CARTESIAN_POINT('Origin',(-50.,25.,0.5));
#15108=CARTESIAN_POINT('',(-55.2304529899523,27.9397893665872,0.5));
#15109=CARTESIAN_POINT('Origin',(-54.7945819074563,27.6948069193716,0.5));
#15110=CARTESIAN_POINT('',(-55.3502295113133,27.7157032562989,0.5));
#15111=CARTESIAN_POINT('Origin',(-54.9043770520372,27.4893946516073,0.5));
#15112=CARTESIAN_POINT('Origin',(-50.,25.,0.5));
#15113=CARTESIAN_POINT('Origin',(-55.7960819705894,27.9420118609905,0.5));
#15114=CARTESIAN_POINT('',(-55.9874236867719,27.4800720947349,0.5));
#15115=CARTESIAN_POINT('Origin',(-56.1787654029545,27.0181323284792,0.5));
#15116=CARTESIAN_POINT('Origin',(-55.7960819705894,27.9420118609905,0.5));
#15117=CARTESIAN_POINT('Origin',(-53.1850535595685,25.7780962811118,0.5));
#15118=CARTESIAN_POINT('',(-59.6897307795819,29.0136179046468,0.5));
#15119=CARTESIAN_POINT('Origin',(-59.8810724957644,28.5516781383912,0.5));
#15120=CARTESIAN_POINT('',(-52.993711843386,26.2400360473674,0.5));
#15121=CARTESIAN_POINT('Origin',(-59.4983890633994,29.4755576709025,0.5));
#15122=CARTESIAN_POINT('',(-59.9506932814055,29.6886794538667,0.5));
#15123=CARTESIAN_POINT('Origin',(-60.4029974994117,29.9018012368308,0.5));
#15124=CARTESIAN_POINT('Origin',(-59.4983890633994,29.4755576709025,0.5));
#15125=CARTESIAN_POINT('Origin',(-58.9983124267266,30.4111352539274,0.5));
#15126=CARTESIAN_POINT('',(-58.7205273102168,30.8268700600787,0.5));
#15127=CARTESIAN_POINT('Origin',(-58.442742193707,31.24260486623,0.5));
#15128=CARTESIAN_POINT('',(-59.4268034727745,30.6688083480929,0.5));
#15129=CARTESIAN_POINT('Origin',(-58.9983124267266,30.4111352539274,0.5));
#15130=CARTESIAN_POINT('Origin',(-59.8552945188224,30.9264814422583,0.5));
#15131=CARTESIAN_POINT('Origin',(-54.0824785385986,28.3291698361906,0.5));
#15132=CARTESIAN_POINT('',(-55.3885389559385,28.6005066199541,0.5));
#15133=CARTESIAN_POINT('Origin',(-55.1107538394287,29.0162414261054,0.5));
#15134=CARTESIAN_POINT('',(-54.3602636551084,27.9134350300394,0.5));
#15135=CARTESIAN_POINT('Origin',(-55.6663240724483,28.1847718138028,0.5));
#15136=CARTESIAN_POINT('Origin',(-55.6663240724483,28.1847718138028,0.5));
#15137=CARTESIAN_POINT('Origin',(-58.9983124267266,30.4111352539274,0.));
#15138=CARTESIAN_POINT('',(-58.7205273102168,30.8268700600787,2.));
#15139=CARTESIAN_POINT('',(-58.7205273102168,30.8268700600787,0.));
#15140=CARTESIAN_POINT('',(-59.4268034727745,30.6688083480929,2.));
#15141=CARTESIAN_POINT('Origin',(-58.9983124267266,30.4111352539274,2.));
#15142=CARTESIAN_POINT('',(-59.4268034727745,30.6688083480929,0.));
#15143=CARTESIAN_POINT('Origin',(-58.7205273102168,30.8268700600787,0.));
#15144=CARTESIAN_POINT('',(-55.3885389559385,28.6005066199541,2.));
#15145=CARTESIAN_POINT('',(-55.3885389559385,28.6005066199541,0.));
#15146=CARTESIAN_POINT('',(-55.3885389559385,28.6005066199541,2.));
#15147=CARTESIAN_POINT('Origin',(-55.6663240724483,28.1847718138028,0.));
#15148=CARTESIAN_POINT('',(-55.2304529899523,27.9397893665872,2.));
#15149=CARTESIAN_POINT('',(-55.2304529899523,27.9397893665872,0.));
#15150=CARTESIAN_POINT('Origin',(-55.6663240724483,28.1847718138028,2.));
#15151=CARTESIAN_POINT('Origin',(-50.,25.,0.));
#15152=CARTESIAN_POINT('',(-55.3502295113133,27.7157032562989,2.));
#15153=CARTESIAN_POINT('',(-55.3502295113133,27.7157032562989,0.));
#15154=CARTESIAN_POINT('Origin',(-50.,25.,2.));
#15155=CARTESIAN_POINT('Origin',(-41.557257806293,31.24260486623,0.5));
#15156=CARTESIAN_POINT('',(-41.2794726897832,30.8268700600787,0.5));
#15157=CARTESIAN_POINT('Origin',(-41.0016875732734,30.4111352539274,0.5));
#15158=CARTESIAN_POINT('',(-41.1552224842754,31.5398717494346,0.5));
#15159=CARTESIAN_POINT('Origin',(-41.557257806293,31.24260486623,0.5));
#15160=CARTESIAN_POINT('Origin',(-40.7531871622578,31.8371386326392,0.5));
#15161=CARTESIAN_POINT('Origin',(-45.3619512283818,27.4977002238881,0.5));
#15162=CARTESIAN_POINT('',(-44.6114610440615,28.6005066199541,0.5));
#15163=CARTESIAN_POINT('Origin',(-44.3336759275517,28.1847718138028,0.5));
#15164=CARTESIAN_POINT('',(-45.6397363448916,27.9134350300393,0.5));
#15165=CARTESIAN_POINT('Origin',(-44.8892461605713,29.0162414261053,0.5));
#15166=CARTESIAN_POINT('',(-45.2823810712966,28.7072997779434,0.5));
#15167=CARTESIAN_POINT('Origin',(-45.6755159820219,28.3983581297815,0.5));
#15168=CARTESIAN_POINT('Origin',(-44.8892461605713,29.0162414261053,0.5));
#15169=CARTESIAN_POINT('Origin',(-50.,25.,0.5));
#15170=CARTESIAN_POINT('',(-45.4435731518008,28.9037128963347,0.5));
#15171=CARTESIAN_POINT('Origin',(-45.8232753891507,28.5784034883068,0.5));
#15172=CARTESIAN_POINT('Origin',(-50.,25.,0.5));
#15173=CARTESIAN_POINT('Origin',(-45.0638709144509,29.2290223043626,0.5));
#15174=CARTESIAN_POINT('',(-45.4174243050442,29.5825756949558,0.5));
#15175=CARTESIAN_POINT('Origin',(-45.7709776956374,29.9361290855491,0.5));
#15176=CARTESIAN_POINT('Origin',(-45.0638709144509,29.2290223043626,0.5));
#15177=CARTESIAN_POINT('Origin',(-48.0622655431154,27.6448412380712,0.5));
#15178=CARTESIAN_POINT('',(-42.5838011331519,32.4161988668481,0.5));
#15179=CARTESIAN_POINT('Origin',(-42.9373545237452,32.7697522574414,0.5));
#15180=CARTESIAN_POINT('',(-47.7087121525221,27.2912878474779,0.5));
#15181=CARTESIAN_POINT('Origin',(-42.2302477425586,32.0626454762548,0.5));
#15182=CARTESIAN_POINT('',(-41.8602595587259,32.3989619103228,0.5));
#15183=CARTESIAN_POINT('Origin',(-41.4902713748932,32.7352783443907,0.5));
#15184=CARTESIAN_POINT('Origin',(-42.2302477425586,32.0626454762548,0.5));
#15185=CARTESIAN_POINT('Origin',(-45.0638709144509,29.2290223043626,0.));
#15186=CARTESIAN_POINT('',(-45.4174243050442,29.5825756949558,2.));
#15187=CARTESIAN_POINT('',(-45.4174243050442,29.5825756949558,0.));
#15188=CARTESIAN_POINT('',(-45.4435731518008,28.9037128963347,2.));
#15189=CARTESIAN_POINT('Origin',(-45.0638709144509,29.2290223043626,2.));
#15190=CARTESIAN_POINT('',(-45.4435731518008,28.9037128963347,0.));
#15191=CARTESIAN_POINT('Origin',(-45.4174243050442,29.5825756949558,0.));
#15192=CARTESIAN_POINT('',(-42.5838011331519,32.4161988668481,2.));
#15193=CARTESIAN_POINT('',(-42.5838011331519,32.4161988668481,0.));
#15194=CARTESIAN_POINT('',(-45.4174243050442,29.5825756949558,2.));
#15195=CARTESIAN_POINT('Origin',(-42.2302477425586,32.0626454762548,0.));
#15196=CARTESIAN_POINT('',(-41.8602595587259,32.3989619103228,2.));
#15197=CARTESIAN_POINT('',(-41.8602595587259,32.3989619103228,0.));
#15198=CARTESIAN_POINT('Origin',(-42.2302477425586,32.0626454762548,2.));
#15199=CARTESIAN_POINT('Origin',(-50.,25.,0.));
#15200=CARTESIAN_POINT('Origin',(-50.,25.,0.5));
#15201=CARTESIAN_POINT('',(-41.1552224842754,31.5398717494346,2.));
#15202=CARTESIAN_POINT('',(-41.1552224842754,31.5398717494346,0.));
#15203=CARTESIAN_POINT('Origin',(-50.,25.,2.));
#15204=CARTESIAN_POINT('Origin',(-43.8212345970455,27.0181323284792,0.5));
#15205=CARTESIAN_POINT('',(-44.2965242434266,26.8628913801346,0.5));
#15206=CARTESIAN_POINT('Origin',(-44.7718138898078,26.7076504317901,0.5));
#15207=CARTESIAN_POINT('',(-44.0125763132281,27.4800720947348,0.5));
#15208=CARTESIAN_POINT('Origin',(-44.2039180294106,27.9420118609905,0.5));
#15209=CARTESIAN_POINT('Origin',(-43.8212345970455,27.0181323284792,0.5));
#15210=CARTESIAN_POINT('Origin',(-47.1976298727966,26.7019758136231,0.5));
#15211=CARTESIAN_POINT('',(-40.3102692204181,29.0136179046468,0.5));
#15212=CARTESIAN_POINT('Origin',(-40.5016109366007,29.4755576709025,0.5));
#15213=CARTESIAN_POINT('',(-47.006288156614,26.2400360473674,0.5));
#15214=CARTESIAN_POINT('Origin',(-40.1189275042356,28.5516781383912,0.5));
#15215=CARTESIAN_POINT('',(-39.6484002665716,28.7208056601501,0.5));
#15216=CARTESIAN_POINT('Origin',(-39.1778730289076,28.889933181909,0.5));
#15217=CARTESIAN_POINT('Origin',(-40.1189275042356,28.5516781383912,0.5));
#15218=CARTESIAN_POINT('Origin',(-39.8109818318568,27.5365173042039,0.5));
#15219=CARTESIAN_POINT('',(-39.7134366708487,27.0461246640023,0.5));
#15220=CARTESIAN_POINT('Origin',(-39.6158915098407,26.5557320238006,0.5));
#15221=CARTESIAN_POINT('',(-39.3257905153049,27.6573038363283,0.5));
#15222=CARTESIAN_POINT('Origin',(-39.8109818318568,27.5365173042039,0.5));
#15223=CARTESIAN_POINT('Origin',(-38.840599198753,27.7780903684528,0.5));
#15224=CARTESIAN_POINT('Origin',(-44.7591731744163,25.5326696917995,0.5));
#15225=CARTESIAN_POINT('',(-43.6437849168914,26.2643297897554,0.5));
#15226=CARTESIAN_POINT('Origin',(-43.5462397558834,25.7739371495538,0.5));
#15227=CARTESIAN_POINT('',(-44.8567183354244,26.0230623320011,0.5));
#15228=CARTESIAN_POINT('Origin',(-43.7413300778995,26.754722429957,0.5));
#15229=CARTESIAN_POINT('',(-44.2227662257534,26.6197437814988,0.5));
#15230=CARTESIAN_POINT('Origin',(-44.7042023736073,26.4847651330406,0.5));
#15231=CARTESIAN_POINT('Origin',(-43.7413300778995,26.754722429957,0.5));
#15232=CARTESIAN_POINT('Origin',(-50.,25.,0.5));
#15233=CARTESIAN_POINT('Origin',(-50.,25.,0.5));
#15234=CARTESIAN_POINT('Origin',(-39.7134366708487,27.0461246640023,0.));
#15235=CARTESIAN_POINT('',(-43.6437849168914,26.2643297897554,2.));
#15236=CARTESIAN_POINT('',(-43.6437849168914,26.2643297897554,0.));
#15237=CARTESIAN_POINT('',(-39.7134366708487,27.0461246640023,2.));
#15238=CARTESIAN_POINT('',(-43.6437849168914,26.2643297897554,2.));
#15239=CARTESIAN_POINT('',(-39.7134366708487,27.0461246640023,0.));
#15240=CARTESIAN_POINT('Origin',(-43.7413300778995,26.754722429957,0.));
#15241=CARTESIAN_POINT('',(-44.2227662257534,26.6197437814988,2.));
#15242=CARTESIAN_POINT('',(-44.2227662257534,26.6197437814988,0.));
#15243=CARTESIAN_POINT('Origin',(-43.7413300778995,26.754722429957,2.));
#15244=CARTESIAN_POINT('Origin',(-50.,25.,0.));
#15245=CARTESIAN_POINT('',(-44.2965242434266,26.8628913801346,2.));
#15246=CARTESIAN_POINT('',(-44.2965242434266,26.8628913801346,0.));
#15247=CARTESIAN_POINT('Origin',(-50.,25.,2.));
#15248=CARTESIAN_POINT('Origin',(-43.8212345970455,27.0181323284792,0.));
#15249=CARTESIAN_POINT('',(-44.0125763132281,27.4800720947348,2.));
#15250=CARTESIAN_POINT('',(-44.0125763132281,27.4800720947348,0.));
#15251=CARTESIAN_POINT('Origin',(-43.8212345970455,27.0181323284792,2.));
#15252=CARTESIAN_POINT('Origin',(-54.0162414261054,30.1107538394287,0.5));
#15253=CARTESIAN_POINT('',(-53.6005066199541,30.3885389559385,0.5));
#15254=CARTESIAN_POINT('Origin',(-53.1847718138028,30.6663240724483,0.5));
#15255=CARTESIAN_POINT('',(-53.7072997779434,29.7176189287034,0.5));
#15256=CARTESIAN_POINT('Origin',(-53.3983581297814,29.3244840179782,0.5));
#15257=CARTESIAN_POINT('Origin',(-54.0162414261054,30.1107538394287,0.5));
#15258=CARTESIAN_POINT('Origin',(-50.,25.,0.5));
#15259=CARTESIAN_POINT('',(-53.9037128963347,29.5564268481992,0.5));
#15260=CARTESIAN_POINT('Origin',(-53.5784034883068,29.1767246108492,0.5));
#15261=CARTESIAN_POINT('Origin',(-50.,25.,0.5));
#15262=CARTESIAN_POINT('Origin',(-54.2290223043626,29.9361290855491,0.5));
#15263=CARTESIAN_POINT('',(-54.5825756949558,29.5825756949558,0.5));
#15264=CARTESIAN_POINT('Origin',(-54.9361290855491,29.2290223043626,0.5));
#15265=CARTESIAN_POINT('Origin',(-54.2290223043626,29.9361290855491,0.5));
#15266=CARTESIAN_POINT('Origin',(-52.6448412380712,26.9377344568846,0.5));
#15267=CARTESIAN_POINT('',(-57.4161988668481,32.4161988668481,0.5));
#15268=CARTESIAN_POINT('Origin',(-57.7697522574414,32.0626454762548,0.5));
#15269=CARTESIAN_POINT('',(-52.2912878474779,27.2912878474779,0.5));
#15270=CARTESIAN_POINT('Origin',(-57.0626454762548,32.7697522574414,0.5));
#15271=CARTESIAN_POINT('',(-57.3989619103228,33.1397404412741,0.5));
#15272=CARTESIAN_POINT('Origin',(-57.7352783443907,33.5097286251068,0.5));
#15273=CARTESIAN_POINT('Origin',(-57.0626454762548,32.7697522574414,0.5));
#15274=CARTESIAN_POINT('Origin',(-56.24260486623,33.442742193707,0.5));
#15275=CARTESIAN_POINT('',(-55.8268700600787,33.7205273102168,0.5));
#15276=CARTESIAN_POINT('Origin',(-55.4111352539274,33.9983124267266,0.5));
#15277=CARTESIAN_POINT('',(-56.5398717494346,33.8447775157246,0.5));
#15278=CARTESIAN_POINT('Origin',(-56.24260486623,33.442742193707,0.5));
#15279=CARTESIAN_POINT('Origin',(-56.8371386326392,34.2468128377422,0.5));
#15280=CARTESIAN_POINT('Origin',(-52.4977002238881,29.6380487716182,0.5));
#15281=CARTESIAN_POINT('',(-52.9134350300393,29.3602636551084,0.5));
#15282=CARTESIAN_POINT('Origin',(-50.,25.,0.));
#15283=CARTESIAN_POINT('Origin',(-50.,25.,0.5));
#15284=CARTESIAN_POINT('',(-56.5398717494346,33.8447775157246,2.));
#15285=CARTESIAN_POINT('',(-56.5398717494346,33.8447775157246,0.));
#15286=CARTESIAN_POINT('',(-57.3989619103228,33.1397404412741,2.));
#15287=CARTESIAN_POINT('Origin',(-50.,25.,2.));
#15288=CARTESIAN_POINT('',(-57.3989619103228,33.1397404412741,0.));
#15289=CARTESIAN_POINT('Origin',(-56.24260486623,33.442742193707,0.));
#15290=CARTESIAN_POINT('',(-55.8268700600787,33.7205273102168,2.));
#15291=CARTESIAN_POINT('',(-55.8268700600787,33.7205273102168,0.));
#15292=CARTESIAN_POINT('Origin',(-56.24260486623,33.442742193707,2.));
#15293=CARTESIAN_POINT('Origin',(-55.8268700600787,33.7205273102168,0.));
#15294=CARTESIAN_POINT('',(-53.6005066199541,30.3885389559385,2.));
#15295=CARTESIAN_POINT('',(-53.6005066199541,30.3885389559385,0.));
#15296=CARTESIAN_POINT('',(-53.6005066199541,30.3885389559385,2.));
#15297=CARTESIAN_POINT('Origin',(-54.0162414261054,30.1107538394287,0.));
#15298=CARTESIAN_POINT('',(-53.7072997779434,29.7176189287034,2.));
#15299=CARTESIAN_POINT('',(-53.7072997779434,29.7176189287034,0.));
#15300=CARTESIAN_POINT('Origin',(-54.0162414261054,30.1107538394287,2.));
#15301=CARTESIAN_POINT('Origin',(-50.,25.,-0.5));
#15302=CARTESIAN_POINT('Origin',(-54.5,25.,-0.5));
#15303=CARTESIAN_POINT('Origin',(-50.,25.,0.5));
#15304=CARTESIAN_POINT('',(-62.0000000149012,25.,0.5));
#15305=CARTESIAN_POINT('Origin',(-50.,25.,0.5));
#15306=CARTESIAN_POINT('Origin',(-61.5000000149012,25.,0.5));
#15307=CARTESIAN_POINT('Origin',(-50.,25.,0.5));
#15308=CARTESIAN_POINT('Origin',(-50.,25.,0.5));
#15309=CARTESIAN_POINT('Origin',(-50.,25.,0.5));
#15310=CARTESIAN_POINT('Origin',(-50.,25.,0.5));
#15311=CARTESIAN_POINT('Origin',(-50.,25.,0.5));
#15312=CARTESIAN_POINT('Origin',(-50.,25.,0.));
#15313=CARTESIAN_POINT('',(-62.0000000149012,25.,2.));
#15314=CARTESIAN_POINT('Origin',(-50.,25.,2.));
#15315=CARTESIAN_POINT('',(-62.0000000149012,25.,0.));
#15316=CARTESIAN_POINT('Ctrl Pts',(-51.,23.575702725032,-1.5));
#15317=CARTESIAN_POINT('Ctrl Pts',(-51.,23.575702725032,-1.61219973762821));
#15318=CARTESIAN_POINT('Ctrl Pts',(-51.0913861803769,23.5574268365266,-1.87444695705394));
#15319=CARTESIAN_POINT('Ctrl Pts',(-51.3504003498291,23.505627822029,-2.));
#15320=CARTESIAN_POINT('Ctrl Pts',(-51.5,23.4757100979739,-2.));
#15321=CARTESIAN_POINT('Ctrl Pts',(-51.,23.6804175646758,-1.5));
#15322=CARTESIAN_POINT('Ctrl Pts',(-51.,23.6804175646758,-1.6359280445361));
#15323=CARTESIAN_POINT('Ctrl Pts',(-51.1377429123773,23.61505869464,-1.92224559370688));
#15324=CARTESIAN_POINT('Ctrl Pts',(-51.3703454991449,23.5255744419976,-2.));
#15325=CARTESIAN_POINT('Ctrl Pts',(-51.5,23.4757100979739,-2.));
#15326=CARTESIAN_POINT('Ctrl Pts',(-51.0867557846486,23.8889238450692,-1.5));
#15327=CARTESIAN_POINT('Ctrl Pts',(-51.0867557846486,23.8889238450692,-1.66286205755607));
#15328=CARTESIAN_POINT('Ctrl Pts',(-51.2445332405818,23.7311580219762,-1.97228881193818));
#15329=CARTESIAN_POINT('Ctrl Pts',(-51.4102357977766,23.5654676819347,-2.));
#15330=CARTESIAN_POINT('Ctrl Pts',(-51.5,23.4757100979739,-2.));
#15331=CARTESIAN_POINT('Ctrl Pts',(-51.2952556677858,23.9756950030957,-1.5));
#15332=CARTESIAN_POINT('Ctrl Pts',(-51.2952556677858,23.9756950030957,-1.6359280445361));
#15333=CARTESIAN_POINT('Ctrl Pts',(-51.3606246937233,23.837956910142,-1.92224559370687));
#15334=CARTESIAN_POINT('Ctrl Pts',(-51.4501260964084,23.6053609218719,-2.));
#15335=CARTESIAN_POINT('Ctrl Pts',(-51.5,23.4757100979739,-2.));
#15336=CARTESIAN_POINT('Ctrl Pts',(-51.399970507145,23.9757027239447,-1.5));
#15337=CARTESIAN_POINT('Ctrl Pts',(-51.399970507145,23.9757027239447,-1.61219973762821));
#15338=CARTESIAN_POINT('Ctrl Pts',(-51.4182531336991,23.8843178913365,-1.87444695705393));
#15339=CARTESIAN_POINT('Ctrl Pts',(-51.4700712457242,23.6253075418405,-2.));
#15340=CARTESIAN_POINT('Ctrl Pts',(-51.5,23.4757100979739,-2.));
#15341=CARTESIAN_POINT('',(-51.,23.575702725032,-1.5));
#15342=CARTESIAN_POINT('Origin',(-51.5,23.4757100979739,-1.5));
#15343=CARTESIAN_POINT('',(-51.399970507145,23.9757027239447,-1.5));
#15344=CARTESIAN_POINT('Origin',(-51.5,23.4757100979739,-1.5));
#15345=CARTESIAN_POINT('Origin',(-51.4,23.575702725032,-1.5));
#15346=CARTESIAN_POINT('Ctrl Pts',(-51.4,25.9757845192388,-1.5));
#15347=CARTESIAN_POINT('Ctrl Pts',(-51.4,25.9757845192388,-1.61219973762821));
#15348=CARTESIAN_POINT('Ctrl Pts',(-51.418278028824,26.0671746633586,-1.8744436535466));
#15349=CARTESIAN_POINT('Ctrl Pts',(-51.4700800699658,26.3261848690678,-2.));
#15350=CARTESIAN_POINT('Ctrl Pts',(-51.5,26.4757845192388,-2.));
#15351=CARTESIAN_POINT('Ctrl Pts',(-51.2952802448803,25.9757845192388,-1.5));
#15352=CARTESIAN_POINT('Ctrl Pts',(-51.2952802448803,25.9757845192388,-1.63593093004051));
#15353=CARTESIAN_POINT('Ctrl Pts',(-51.3606468485906,26.1135386376399,-1.92223138224097));
#15354=CARTESIAN_POINT('Ctrl Pts',(-51.450133449943,26.3461314890906,-2.));
#15355=CARTESIAN_POINT('Ctrl Pts',(-51.5,26.4757845192388,-2.));
#15356=CARTESIAN_POINT('Ctrl Pts',(-51.0867667175359,26.0625512367746,-1.5));
#15357=CARTESIAN_POINT('Ctrl Pts',(-51.0867667175359,26.0625512367746,-1.66286853995011));
#15358=CARTESIAN_POINT('Ctrl Pts',(-51.2445442011656,26.2203287204044,-1.97225191052522));
#15359=CARTESIAN_POINT('Ctrl Pts',(-51.4102402098974,26.3860247291362,-2.));
#15360=CARTESIAN_POINT('Ctrl Pts',(-51.5,26.4757845192388,-2.));
#15361=CARTESIAN_POINT('Ctrl Pts',(-51.,26.2710647641191,-1.5));
#15362=CARTESIAN_POINT('Ctrl Pts',(-51.,26.2710647641191,-1.63593093004051));
#15363=CARTESIAN_POINT('Ctrl Pts',(-51.1377541184011,26.3364313678294,-1.92223138224097));
#15364=CARTESIAN_POINT('Ctrl Pts',(-51.3703469698518,26.4259179691818,-2.));
#15365=CARTESIAN_POINT('Ctrl Pts',(-51.5,26.4757845192388,-2.));
#15366=CARTESIAN_POINT('Ctrl Pts',(-51.,26.3757845192388,-1.5));
#15367=CARTESIAN_POINT('Ctrl Pts',(-51.,26.3757845192388,-1.61219973762821));
#15368=CARTESIAN_POINT('Ctrl Pts',(-51.0913901441198,26.3940625480627,-1.87444365354661));
#15369=CARTESIAN_POINT('Ctrl Pts',(-51.350400349829,26.4458645892046,-2.));
#15370=CARTESIAN_POINT('Ctrl Pts',(-51.5,26.4757845192388,-2.));
#15371=CARTESIAN_POINT('',(-51.4,25.9757845192388,-1.5));
#15372=CARTESIAN_POINT('Origin',(-51.5,26.4757845192388,-1.5));
#15373=CARTESIAN_POINT('',(-51.,26.3757845192388,-1.5));
#15374=CARTESIAN_POINT('Origin',(-51.5,26.4757845192388,-1.5));
#15375=CARTESIAN_POINT('Origin',(-51.4,26.3757845192388,-1.5));
#15376=CARTESIAN_POINT('Ctrl Pts',(-49.,26.3757845192388,-1.5));
#15377=CARTESIAN_POINT('Ctrl Pts',(-49.,26.3757845192388,-1.61219973762822));
#15378=CARTESIAN_POINT('Ctrl Pts',(-48.9086138194844,26.3940617553419,-1.87444695693836));
#15379=CARTESIAN_POINT('Ctrl Pts',(-48.6495996501709,26.4458645892046,-2.));
#15380=CARTESIAN_POINT('Ctrl Pts',(-48.5,26.4757845192388,-2.));
#15381=CARTESIAN_POINT('Ctrl Pts',(-49.,26.2710647641191,-1.5));
#15382=CARTESIAN_POINT('Ctrl Pts',(-49.,26.2710647641191,-1.63593093004052));
#15383=CARTESIAN_POINT('Ctrl Pts',(-48.8622526243986,26.3364302715605,-1.92224954804402));
#15384=CARTESIAN_POINT('Ctrl Pts',(-48.6296530301481,26.4259179691818,-2.));
#15385=CARTESIAN_POINT('Ctrl Pts',(-48.5,26.4757845192388,-2.));
#15386=CARTESIAN_POINT('Ctrl Pts',(-48.9132356375149,26.0625488817239,-1.5));
#15387=CARTESIAN_POINT('Ctrl Pts',(-48.9132356375149,26.0625488817239,-1.66286853995013));
#15388=CARTESIAN_POINT('Ctrl Pts',(-48.7554530475732,26.2203314716656,-1.9722970275229));
#15389=CARTESIAN_POINT('Ctrl Pts',(-48.5897597901026,26.3860247291362,-2.));
#15390=CARTESIAN_POINT('Ctrl Pts',(-48.5,26.4757845192388,-2.));
#15391=CARTESIAN_POINT('Ctrl Pts',(-48.7047197551196,25.9757845192388,-1.5));
#15392=CARTESIAN_POINT('Ctrl Pts',(-48.7047197551196,25.9757845192388,-1.63593093004052));
#15393=CARTESIAN_POINT('Ctrl Pts',(-48.6393542476783,26.1135318948401,-1.92224954804401));
#15394=CARTESIAN_POINT('Ctrl Pts',(-48.549866550057,26.3461314890906,-2.));
#15395=CARTESIAN_POINT('Ctrl Pts',(-48.5,26.4757845192388,-2.));
#15396=CARTESIAN_POINT('Ctrl Pts',(-48.6,25.9757845192388,-1.5));
#15397=CARTESIAN_POINT('Ctrl Pts',(-48.6,25.9757845192388,-1.61219973762821));
#15398=CARTESIAN_POINT('Ctrl Pts',(-48.5817227638969,26.0671706997544,-1.87444695693835));
#15399=CARTESIAN_POINT('Ctrl Pts',(-48.5299199300342,26.3261848690678,-2.));
#15400=CARTESIAN_POINT('Ctrl Pts',(-48.5,26.4757845192388,-2.));
#15401=CARTESIAN_POINT('',(-49.,26.3757845192388,-1.5));
#15402=CARTESIAN_POINT('Origin',(-48.5,26.4757845192388,-1.5));
#15403=CARTESIAN_POINT('',(-48.6,25.9757845192388,-1.5));
#15404=CARTESIAN_POINT('Origin',(-48.5,26.4757845192388,-1.5));
#15405=CARTESIAN_POINT('Origin',(-48.6,26.3757845192388,-1.5));
#15406=CARTESIAN_POINT('Ctrl Pts',(-48.6,24.0703563401733,-1.5));
#15407=CARTESIAN_POINT('Ctrl Pts',(-48.6,24.0703563401733,-1.61219973762821));
#15408=CARTESIAN_POINT('Ctrl Pts',(-48.5817235320776,23.9789740005612,-1.87445015806744));
#15409=CARTESIAN_POINT('Ctrl Pts',(-48.5299199300342,23.7199559903442,-2.));
#15410=CARTESIAN_POINT('Ctrl Pts',(-48.5,23.5703563401733,-2.));
#15411=CARTESIAN_POINT('Ctrl Pts',(-48.7047197551197,24.0703563401733,-1.5));
#15412=CARTESIAN_POINT('Ctrl Pts',(-48.7047197551197,24.0703563401733,-1.63593093004051));
#15413=CARTESIAN_POINT('Ctrl Pts',(-48.6393553100103,23.9326154986358,-1.92226715149094));
#15414=CARTESIAN_POINT('Ctrl Pts',(-48.549866550057,23.7000093703214,-2.));
#15415=CARTESIAN_POINT('Ctrl Pts',(-48.5,23.5703563401733,-2.));
#15416=CARTESIAN_POINT('Ctrl Pts',(-48.9132379333128,23.9835942734861,-1.5));
#15417=CARTESIAN_POINT('Ctrl Pts',(-48.9132379333128,23.9835942734861,-1.66286853995011));
#15418=CARTESIAN_POINT('Ctrl Pts',(-48.7554503599357,23.825806700109,-1.97234077251048));
#15419=CARTESIAN_POINT('Ctrl Pts',(-48.5897597901026,23.6601161302758,-2.));
#15420=CARTESIAN_POINT('Ctrl Pts',(-48.5,23.5703563401733,-2.));
#15421=CARTESIAN_POINT('Ctrl Pts',(-49.,23.7750760952929,-1.5));
#15422=CARTESIAN_POINT('Ctrl Pts',(-49.,23.7750760952929,-1.63593093004051));
#15423=CARTESIAN_POINT('Ctrl Pts',(-48.8622591584625,23.7097116501836,-1.92226715149094));
#15424=CARTESIAN_POINT('Ctrl Pts',(-48.6296530301482,23.6202228902303,-2.));
#15425=CARTESIAN_POINT('Ctrl Pts',(-48.5,23.5703563401733,-2.));
#15426=CARTESIAN_POINT('Ctrl Pts',(-49.,23.6703563401733,-1.5));
#15427=CARTESIAN_POINT('Ctrl Pts',(-49.,23.6703563401733,-1.61219973762821));
#15428=CARTESIAN_POINT('Ctrl Pts',(-48.9086176603879,23.6520798722509,-1.87445015806744));
#15429=CARTESIAN_POINT('Ctrl Pts',(-48.6495996501709,23.6002762702075,-2.));
#15430=CARTESIAN_POINT('Ctrl Pts',(-48.5,23.5703563401733,-2.));
#15431=CARTESIAN_POINT('',(-48.6,24.0703563401733,-1.5));
#15432=CARTESIAN_POINT('Origin',(-48.5,23.5703563401733,-1.5));
#15433=CARTESIAN_POINT('',(-49.,23.6703563401733,-1.5));
#15434=CARTESIAN_POINT('Origin',(-48.5,23.5703563401733,-1.5));
#15435=CARTESIAN_POINT('Origin',(-48.6,23.6703563401733,-1.5));
#15436=CARTESIAN_POINT('Origin',(-51.5,23.825,-1.5));
#15437=CARTESIAN_POINT('',(-51.,22.65,-1.5));
#15438=CARTESIAN_POINT('',(-51.,23.825,-1.5));
#15439=CARTESIAN_POINT('Origin',(-51.5,22.65,-1.5));
#15440=CARTESIAN_POINT('Origin',(-50.9,22.65,-1.5));
#15441=CARTESIAN_POINT('',(-50.9,22.55,-1.5));
#15442=CARTESIAN_POINT('Origin',(-50.9,22.05,-1.5));
#15443=CARTESIAN_POINT('Origin',(-50.9,22.65,-1.5));
#15444=CARTESIAN_POINT('Origin',(-49.55,22.05,-1.5));
#15445=CARTESIAN_POINT('',(-49.1,22.55,-1.5));
#15446=CARTESIAN_POINT('Origin',(-49.1,22.05,-1.5));
#15447=CARTESIAN_POINT('',(-49.55,22.55,-1.5));
#15448=CARTESIAN_POINT('Origin',(-48.5,24.3351781700866,-1.5));
#15449=CARTESIAN_POINT('',(-49.,22.65,-1.5));
#15450=CARTESIAN_POINT('Origin',(-48.5,22.65,-1.5));
#15451=CARTESIAN_POINT('',(-49.,24.3351781700866,-1.5));
#15452=CARTESIAN_POINT('Origin',(-49.1,22.65,-1.5));
#15453=CARTESIAN_POINT('Origin',(-49.1,22.65,-1.5));
#15454=CARTESIAN_POINT('Origin',(-48.8546639639325,23.5703563401733,-1.5));
#15455=CARTESIAN_POINT('',(-47.709327927865,24.0703563401733,-1.5));
#15456=CARTESIAN_POINT('',(-48.8546639639325,24.0703563401733,-1.5));
#15457=CARTESIAN_POINT('Origin',(-47.709327927865,23.5703563401733,-1.5));
#15458=CARTESIAN_POINT('Origin',(-47.709327927865,24.1703563401733,-1.5));
#15459=CARTESIAN_POINT('',(-47.609327927865,24.1703563401733,-1.5));
#15460=CARTESIAN_POINT('Origin',(-47.109327927865,24.1703563401733,-1.5));
#15461=CARTESIAN_POINT('Origin',(-47.709327927865,24.1703563401733,-1.5));
#15462=CARTESIAN_POINT('Origin',(-47.109327927865,25.4378922596194,-1.5));
#15463=CARTESIAN_POINT('',(-47.609327927865,25.8757845192388,-1.5));
#15464=CARTESIAN_POINT('Origin',(-47.109327927865,25.8757845192388,-1.5));
#15465=CARTESIAN_POINT('',(-47.609327927865,25.4378922596194,-1.5));
#15466=CARTESIAN_POINT('Origin',(-47.709327927865,25.8757845192388,-1.5));
#15467=CARTESIAN_POINT('',(-47.709327927865,25.9757845192388,-1.5));
#15468=CARTESIAN_POINT('Origin',(-47.709327927865,26.4757845192388,-1.5));
#15469=CARTESIAN_POINT('Origin',(-47.709327927865,25.8757845192388,-1.5));
#15470=CARTESIAN_POINT('Origin',(-49.3,26.4757845192388,-1.5));
#15471=CARTESIAN_POINT('',(-49.3,25.9757845192388,-1.5));
#15472=CARTESIAN_POINT('Origin',(-48.5,26.175,-1.5));
#15473=CARTESIAN_POINT('',(-49.,27.35,-1.5));
#15474=CARTESIAN_POINT('',(-49.,26.175,-1.5));
#15475=CARTESIAN_POINT('Origin',(-48.5,27.35,-1.5));
#15476=CARTESIAN_POINT('Origin',(-49.1,27.35,-1.5));
#15477=CARTESIAN_POINT('',(-49.1,27.45,-1.5));
#15478=CARTESIAN_POINT('Origin',(-49.1,27.95,-1.5));
#15479=CARTESIAN_POINT('Origin',(-49.1,27.35,-1.5));
#15480=CARTESIAN_POINT('Origin',(-50.45,27.95,-1.5));
#15481=CARTESIAN_POINT('',(-50.9,27.45,-1.5));
#15482=CARTESIAN_POINT('Origin',(-50.9,27.95,-1.5));
#15483=CARTESIAN_POINT('',(-50.45,27.45,-1.5));
#15484=CARTESIAN_POINT('Origin',(-50.9,27.35,-1.5));
#15485=CARTESIAN_POINT('',(-51.,27.35,-1.5));
#15486=CARTESIAN_POINT('Origin',(-51.5,27.35,-1.5));
#15487=CARTESIAN_POINT('Origin',(-50.9,27.35,-1.5));
#15488=CARTESIAN_POINT('Origin',(-51.5,25.6878922596194,-1.5));
#15489=CARTESIAN_POINT('',(-51.,25.6878922596194,-1.5));
#15490=CARTESIAN_POINT('Origin',(-51.2046639639325,26.4757845192388,-1.5));
#15491=CARTESIAN_POINT('',(-52.409327927865,25.9757845192388,-1.5));
#15492=CARTESIAN_POINT('',(-51.2046639639325,25.9757845192388,-1.5));
#15493=CARTESIAN_POINT('Origin',(-52.409327927865,26.4757845192388,-1.5));
#15494=CARTESIAN_POINT('Origin',(-52.409327927865,25.8757845192388,-1.5));
#15495=CARTESIAN_POINT('',(-52.509327927865,25.8757845192388,-1.5));
#15496=CARTESIAN_POINT('Origin',(-53.009327927865,25.8757845192388,-1.5));
#15497=CARTESIAN_POINT('Origin',(-52.409327927865,25.8757845192388,-1.5));
#15498=CARTESIAN_POINT('Origin',(-53.009327927865,24.5378885731484,-1.5));
#15499=CARTESIAN_POINT('',(-52.509327927865,24.0757771462968,-1.5));
#15500=CARTESIAN_POINT('Origin',(-53.009327927865,24.0757771462968,-1.5));
#15501=CARTESIAN_POINT('',(-52.509327927865,24.5378885731484,-1.5));
#15502=CARTESIAN_POINT('Origin',(-52.409327927865,24.0757771462968,-1.5));
#15503=CARTESIAN_POINT('',(-52.4093353010788,23.9757771465687,-1.5));
#15504=CARTESIAN_POINT('Origin',(-52.4093721671475,23.4757771479278,-1.5));
#15505=CARTESIAN_POINT('Origin',(-52.409327927865,24.0757771462968,-1.5));
#15506=CARTESIAN_POINT('Origin',(-50.7000598852604,23.4756511166792,-1.5));
#15507=CARTESIAN_POINT('',(-50.7000230191916,23.9756511153201,-1.5));
#15508=CARTESIAN_POINT('Origin',(-51.,26.3757845192388,0.));
#15509=CARTESIAN_POINT('',(-51.,27.35,2.));
#15510=CARTESIAN_POINT('',(-51.,27.35,0.));
#15511=CARTESIAN_POINT('',(-51.,26.3757845192388,2.));
#15512=CARTESIAN_POINT('',(-51.,27.35,2.));
#15513=CARTESIAN_POINT('',(-51.,26.3757845192388,0.));
#15514=CARTESIAN_POINT('Origin',(-50.9,27.35,0.));
#15515=CARTESIAN_POINT('',(-50.9,27.45,2.));
#15516=CARTESIAN_POINT('',(-50.9,27.45,0.));
#15517=CARTESIAN_POINT('Origin',(-50.9,27.35,2.));
#15518=CARTESIAN_POINT('Origin',(-50.9,27.45,0.));
#15519=CARTESIAN_POINT('',(-49.1,27.45,2.));
#15520=CARTESIAN_POINT('',(-49.1,27.45,0.));
#15521=CARTESIAN_POINT('',(-49.1,27.45,2.));
#15522=CARTESIAN_POINT('Origin',(-49.1,27.35,0.));
#15523=CARTESIAN_POINT('',(-49.,27.35,2.));
#15524=CARTESIAN_POINT('',(-49.,27.35,0.));
#15525=CARTESIAN_POINT('Origin',(-49.1,27.35,2.));
#15526=CARTESIAN_POINT('Origin',(-49.,27.35,0.));
#15527=CARTESIAN_POINT('',(-49.,26.3757845192388,2.));
#15528=CARTESIAN_POINT('',(-49.,26.3757845192388,0.));
#15529=CARTESIAN_POINT('',(-49.,26.3757845192388,2.));
#15530=CARTESIAN_POINT('Origin',(-48.6,26.3757845192388,0.));
#15531=CARTESIAN_POINT('',(-48.6,25.9757845192388,2.));
#15532=CARTESIAN_POINT('',(-48.6,25.9757845192388,0.));
#15533=CARTESIAN_POINT('Origin',(-48.6,26.3757845192388,2.));
#15534=CARTESIAN_POINT('Origin',(-48.6,25.9757845192388,0.));
#15535=CARTESIAN_POINT('',(-47.709327927865,25.9757845192388,2.));
#15536=CARTESIAN_POINT('',(-47.709327927865,25.9757845192388,0.));
#15537=CARTESIAN_POINT('',(-48.6,25.9757845192388,2.));
#15538=CARTESIAN_POINT('Origin',(-47.709327927865,25.8757845192388,0.));
#15539=CARTESIAN_POINT('',(-47.609327927865,25.8757845192388,2.));
#15540=CARTESIAN_POINT('',(-47.609327927865,25.8757845192388,0.));
#15541=CARTESIAN_POINT('Origin',(-47.709327927865,25.8757845192388,2.));
#15542=CARTESIAN_POINT('Origin',(-47.609327927865,25.8757845192388,0.));
#15543=CARTESIAN_POINT('',(-47.609327927865,24.1703563401733,2.));
#15544=CARTESIAN_POINT('',(-47.609327927865,24.1703563401733,0.));
#15545=CARTESIAN_POINT('',(-47.609327927865,25.8757845192388,2.));
#15546=CARTESIAN_POINT('Origin',(-47.709327927865,24.1703563401733,0.));
#15547=CARTESIAN_POINT('',(-47.709327927865,24.0703563401733,2.));
#15548=CARTESIAN_POINT('',(-47.709327927865,24.0703563401733,0.));
#15549=CARTESIAN_POINT('Origin',(-47.709327927865,24.1703563401733,2.));
#15550=CARTESIAN_POINT('Origin',(-47.709327927865,24.0703563401733,0.));
#15551=CARTESIAN_POINT('',(-48.6,24.0703563401733,2.));
#15552=CARTESIAN_POINT('',(-48.6,24.0703563401733,0.));
#15553=CARTESIAN_POINT('',(-47.709327927865,24.0703563401733,2.));
#15554=CARTESIAN_POINT('Origin',(-48.6,23.6703563401733,0.));
#15555=CARTESIAN_POINT('',(-49.,23.6703563401733,2.));
#15556=CARTESIAN_POINT('',(-49.,23.6703563401733,0.));
#15557=CARTESIAN_POINT('Origin',(-48.6,23.6703563401733,2.));
#15558=CARTESIAN_POINT('Origin',(-39.7134366708487,22.9538753359977,0.));
#15559=CARTESIAN_POINT('',(-43.6437849168914,23.7356702102446,2.));
#15560=CARTESIAN_POINT('',(-43.6437849168914,23.7356702102446,0.));
#15561=CARTESIAN_POINT('',(-39.7134366708487,22.9538753359977,2.));
#15562=CARTESIAN_POINT('',(-43.6437849168914,23.7356702102446,2.));
#15563=CARTESIAN_POINT('',(-39.7134366708487,22.9538753359977,0.));
#15564=CARTESIAN_POINT('Origin',(-39.6158915098407,23.4442679761994,0.));
#15565=CARTESIAN_POINT('',(-39.1214101784293,23.3701855026604,2.));
#15566=CARTESIAN_POINT('Origin',(-39.6158915098407,23.4442679761994,2.));
#15567=CARTESIAN_POINT('',(-39.1214101784293,23.3701855026604,0.));
#15568=CARTESIAN_POINT('Origin',(-50.,25.,0.));
#15569=CARTESIAN_POINT('Origin',(-50.,25.,2.));
#15570=CARTESIAN_POINT('Origin',(-43.5462397558833,24.2260628504462,0.));
#15571=CARTESIAN_POINT('Origin',(-43.5462397558833,24.2260628504462,2.));
#15572=CARTESIAN_POINT('Origin',(-57.0626454762548,32.7697522574414,0.));
#15573=CARTESIAN_POINT('',(-57.4161988668481,32.4161988668481,2.));
#15574=CARTESIAN_POINT('Origin',(-57.0626454762548,32.7697522574414,2.));
#15575=CARTESIAN_POINT('',(-57.4161988668481,32.4161988668481,0.));
#15576=CARTESIAN_POINT('Origin',(-54.5825756949558,29.5825756949558,0.));
#15577=CARTESIAN_POINT('',(-54.5825756949558,29.5825756949558,2.));
#15578=CARTESIAN_POINT('',(-54.5825756949558,29.5825756949558,2.));
#15579=CARTESIAN_POINT('',(-54.5825756949558,29.5825756949558,0.));
#15580=CARTESIAN_POINT('Origin',(-54.2290223043626,29.9361290855491,0.));
#15581=CARTESIAN_POINT('',(-53.9037128963347,29.5564268481992,2.));
#15582=CARTESIAN_POINT('Origin',(-54.2290223043626,29.9361290855491,2.));
#15583=CARTESIAN_POINT('',(-53.9037128963347,29.5564268481992,0.));
#15584=CARTESIAN_POINT('Origin',(-50.,25.,0.));
#15585=CARTESIAN_POINT('Origin',(-50.,25.,2.));
#15586=CARTESIAN_POINT('Origin',(-41.2794726897832,30.8268700600787,0.));
#15587=CARTESIAN_POINT('',(-44.6114610440615,28.6005066199541,2.));
#15588=CARTESIAN_POINT('',(-44.6114610440615,28.6005066199541,0.));
#15589=CARTESIAN_POINT('',(-41.2794726897832,30.8268700600787,2.));
#15590=CARTESIAN_POINT('',(-44.6114610440615,28.6005066199541,2.));
#15591=CARTESIAN_POINT('',(-41.2794726897832,30.8268700600787,0.));
#15592=CARTESIAN_POINT('Origin',(-41.557257806293,31.24260486623,0.));
#15593=CARTESIAN_POINT('Origin',(-41.557257806293,31.24260486623,2.));
#15594=CARTESIAN_POINT('Origin',(-50.,25.,0.));
#15595=CARTESIAN_POINT('',(-45.2823810712966,28.7072997779434,2.));
#15596=CARTESIAN_POINT('Origin',(-50.,25.,2.));
#15597=CARTESIAN_POINT('',(-45.2823810712966,28.7072997779434,0.));
#15598=CARTESIAN_POINT('Origin',(-44.8892461605713,29.0162414261053,0.));
#15599=CARTESIAN_POINT('Origin',(-44.8892461605713,29.0162414261053,2.));
#15600=CARTESIAN_POINT('Origin',(-54.4755576709025,15.5016109366007,0.));
#15601=CARTESIAN_POINT('',(-54.0136179046468,15.3102692204181,2.));
#15602=CARTESIAN_POINT('Origin',(-54.4755576709025,15.5016109366007,2.));
#15603=CARTESIAN_POINT('',(-54.0136179046468,15.3102692204181,0.));
#15604=CARTESIAN_POINT('Origin',(-52.4800720947349,19.0125763132281,0.));
#15605=CARTESIAN_POINT('',(-52.4800720947349,19.0125763132281,2.));
#15606=CARTESIAN_POINT('',(-52.4800720947349,19.0125763132281,2.));
#15607=CARTESIAN_POINT('',(-52.4800720947349,19.0125763132281,0.));
#15608=CARTESIAN_POINT('Origin',(-52.9420118609905,19.2039180294106,0.));
#15609=CARTESIAN_POINT('',(-52.7157032562989,19.6497704886867,2.));
#15610=CARTESIAN_POINT('Origin',(-52.9420118609905,19.2039180294106,2.));
#15611=CARTESIAN_POINT('',(-52.7157032562989,19.6497704886867,0.));
#15612=CARTESIAN_POINT('Origin',(-50.,25.,0.));
#15613=CARTESIAN_POINT('Origin',(-50.,25.,2.));
#15614=CARTESIAN_POINT('Origin',(-50.,25.,0.));
#15615=CARTESIAN_POINT('',(-49.2855964773349,30.9573171484154,2.));
#15616=CARTESIAN_POINT('Origin',(-50.,25.,2.));
#15617=CARTESIAN_POINT('',(-49.2855964773349,30.9573171484154,0.));
#15618=CARTESIAN_POINT('Origin',(-49.2260628504462,31.4537602441166,0.));
#15619=CARTESIAN_POINT('',(-48.7356702102446,31.3562150831086,2.));
#15620=CARTESIAN_POINT('Origin',(-49.2260628504462,31.4537602441166,2.));
#15621=CARTESIAN_POINT('',(-48.7356702102446,31.3562150831086,0.));
#15622=CARTESIAN_POINT('Origin',(-47.9538753359977,35.2865633291513,0.));
#15623=CARTESIAN_POINT('',(-47.9538753359977,35.2865633291513,2.));
#15624=CARTESIAN_POINT('',(-48.7356702102446,31.3562150831086,2.));
#15625=CARTESIAN_POINT('',(-47.9538753359977,35.2865633291513,0.));
#15626=CARTESIAN_POINT('Origin',(-48.4442679761994,35.3841084901593,0.));
#15627=CARTESIAN_POINT('Origin',(-48.4442679761994,35.3841084901593,2.));
#15628=CARTESIAN_POINT('Origin',(-60.3841084901593,26.5557320238006,0.));
#15629=CARTESIAN_POINT('',(-60.8785898215707,26.6298144973396,2.));
#15630=CARTESIAN_POINT('Origin',(-60.3841084901593,26.5557320238006,2.));
#15631=CARTESIAN_POINT('',(-60.8785898215707,26.6298144973396,0.));
#15632=CARTESIAN_POINT('Origin',(-50.,25.,0.));
#15633=CARTESIAN_POINT('',(-60.9875218036535,25.5238095225931,2.));
#15634=CARTESIAN_POINT('Origin',(-50.,25.,2.));
#15635=CARTESIAN_POINT('',(-60.9875218036535,25.5238095225931,0.));
#15636=CARTESIAN_POINT('Origin',(-60.4880890187526,25.5,0.));
#15637=CARTESIAN_POINT('',(-60.4880890187526,25.,2.));
#15638=CARTESIAN_POINT('Origin',(-60.4880890187526,25.5,2.));
#15639=CARTESIAN_POINT('',(-60.4880890187526,25.,0.));
#15640=CARTESIAN_POINT('Origin',(-56.4807406984079,25.,0.));
#15641=CARTESIAN_POINT('',(-56.4807406984079,25.,2.));
#15642=CARTESIAN_POINT('Origin',(-40.5016109366007,20.5244423290975,0.));
#15643=CARTESIAN_POINT('',(-40.3102692204181,20.9863820953532,2.));
#15644=CARTESIAN_POINT('Origin',(-40.5016109366007,20.5244423290975,2.));
#15645=CARTESIAN_POINT('',(-40.3102692204181,20.9863820953532,0.));
#15646=CARTESIAN_POINT('Origin',(-44.0125763132281,22.5199279052651,0.));
#15647=CARTESIAN_POINT('',(-44.0125763132281,22.5199279052651,2.));
#15648=CARTESIAN_POINT('',(-44.0125763132281,22.5199279052651,2.));
#15649=CARTESIAN_POINT('',(-44.0125763132281,22.5199279052651,0.));
#15650=CARTESIAN_POINT('Origin',(-44.2039180294106,22.0579881390095,0.));
#15651=CARTESIAN_POINT('',(-44.6497704886867,22.2842967437011,2.));
#15652=CARTESIAN_POINT('Origin',(-44.2039180294106,22.0579881390095,2.));
#15653=CARTESIAN_POINT('',(-44.6497704886867,22.2842967437011,0.));
#15654=CARTESIAN_POINT('Origin',(-50.,25.,0.));
#15655=CARTESIAN_POINT('Origin',(-50.,25.,2.));
#15656=CARTESIAN_POINT('Origin',(-59.8810724957644,21.4483218616088,0.));
#15657=CARTESIAN_POINT('',(-59.6897307795819,20.9863820953532,2.));
#15658=CARTESIAN_POINT('Origin',(-59.8810724957644,21.4483218616088,2.));
#15659=CARTESIAN_POINT('',(-59.6897307795819,20.9863820953532,0.));
#15660=CARTESIAN_POINT('Origin',(-55.9874236867719,22.5199279052652,0.));
#15661=CARTESIAN_POINT('',(-55.9874236867719,22.5199279052652,2.));
#15662=CARTESIAN_POINT('',(-55.9874236867719,22.5199279052652,2.));
#15663=CARTESIAN_POINT('',(-55.9874236867719,22.5199279052652,0.));
#15664=CARTESIAN_POINT('Origin',(-56.1787654029545,22.9818676715208,0.));
#15665=CARTESIAN_POINT('',(-55.7034757565734,23.1371086198654,2.));
#15666=CARTESIAN_POINT('Origin',(-56.1787654029545,22.9818676715208,2.));
#15667=CARTESIAN_POINT('',(-55.7034757565734,23.1371086198654,0.));
#15668=CARTESIAN_POINT('Origin',(-50.,25.,0.));
#15669=CARTESIAN_POINT('Origin',(-50.,25.,2.));
#15670=CARTESIAN_POINT('Origin',(-57.7697522574414,17.9373545237452,0.));
#15671=CARTESIAN_POINT('',(-57.4161988668481,17.5838011331519,2.));
#15672=CARTESIAN_POINT('Origin',(-57.7697522574414,17.9373545237452,2.));
#15673=CARTESIAN_POINT('',(-57.4161988668481,17.5838011331519,0.));
#15674=CARTESIAN_POINT('Origin',(-54.5825756949558,20.4174243050442,0.));
#15675=CARTESIAN_POINT('',(-54.5825756949558,20.4174243050442,2.));
#15676=CARTESIAN_POINT('',(-54.5825756949558,20.4174243050442,2.));
#15677=CARTESIAN_POINT('',(-54.5825756949558,20.4174243050442,0.));
#15678=CARTESIAN_POINT('Origin',(-54.9361290855491,20.7709776956374,0.));
#15679=CARTESIAN_POINT('',(-54.5564268481992,21.0962871036653,2.));
#15680=CARTESIAN_POINT('Origin',(-54.9361290855491,20.7709776956374,2.));
#15681=CARTESIAN_POINT('',(-54.5564268481992,21.0962871036653,0.));
#15682=CARTESIAN_POINT('Origin',(-50.,25.,0.));
#15683=CARTESIAN_POINT('Origin',(-50.,25.,2.));
#15684=CARTESIAN_POINT('Origin',(-50.,25.,0.));
#15685=CARTESIAN_POINT('',(-59.9506932814055,29.6886794538667,2.));
#15686=CARTESIAN_POINT('Origin',(-50.,25.,2.));
#15687=CARTESIAN_POINT('',(-59.9506932814055,29.6886794538667,0.));
#15688=CARTESIAN_POINT('Origin',(-59.4983890633994,29.4755576709025,0.));
#15689=CARTESIAN_POINT('',(-59.6897307795819,29.0136179046468,2.));
#15690=CARTESIAN_POINT('Origin',(-59.4983890633994,29.4755576709025,2.));
#15691=CARTESIAN_POINT('',(-59.6897307795819,29.0136179046468,0.));
#15692=CARTESIAN_POINT('Origin',(-55.9874236867719,27.4800720947349,0.));
#15693=CARTESIAN_POINT('',(-55.9874236867719,27.4800720947349,2.));
#15694=CARTESIAN_POINT('',(-55.9874236867719,27.4800720947349,2.));
#15695=CARTESIAN_POINT('',(-55.9874236867719,27.4800720947349,0.));
#15696=CARTESIAN_POINT('Origin',(-55.7960819705894,27.9420118609905,0.));
#15697=CARTESIAN_POINT('Origin',(-55.7960819705894,27.9420118609905,2.));
#15698=CARTESIAN_POINT('Origin',(-52.0461246640023,14.7134366708487,0.));
#15699=CARTESIAN_POINT('',(-51.2643297897554,18.6437849168914,2.));
#15700=CARTESIAN_POINT('',(-51.2643297897554,18.6437849168914,0.));
#15701=CARTESIAN_POINT('',(-51.2643297897554,18.6437849168914,2.));
#15702=CARTESIAN_POINT('Origin',(-50.5,18.5192593015921,0.));
#15703=CARTESIAN_POINT('',(-50.4615384615385,19.0177778168543,2.));
#15704=CARTESIAN_POINT('Origin',(-50.5,18.5192593015921,2.));
#15705=CARTESIAN_POINT('',(-50.4615384615385,19.0177778168543,0.));
#15706=CARTESIAN_POINT('Origin',(-50.,25.,0.));
#15707=CARTESIAN_POINT('',(-50.7144035226651,19.0426828515846,2.));
#15708=CARTESIAN_POINT('Origin',(-50.,25.,2.));
#15709=CARTESIAN_POINT('',(-50.7144035226651,19.0426828515846,0.));
#15710=CARTESIAN_POINT('Origin',(-50.7739371495538,18.5462397558834,0.));
#15711=CARTESIAN_POINT('Origin',(-50.7739371495538,18.5462397558834,2.));
#15712=CARTESIAN_POINT('Origin',(-50.,25.,0.));
#15713=CARTESIAN_POINT('',(-51.6197437814988,30.7772337742466,2.));
#15714=CARTESIAN_POINT('Origin',(-50.,25.,2.));
#15715=CARTESIAN_POINT('',(-51.6197437814988,30.7772337742466,0.));
#15716=CARTESIAN_POINT('Origin',(-51.7547224299571,31.2586699221005,0.));
#15717=CARTESIAN_POINT('',(-51.2643297897554,31.3562150831086,2.));
#15718=CARTESIAN_POINT('Origin',(-51.7547224299571,31.2586699221005,2.));
#15719=CARTESIAN_POINT('',(-51.2643297897554,31.3562150831086,0.));
#15720=CARTESIAN_POINT('Origin',(-52.0461246640023,35.2865633291513,0.));
#15721=CARTESIAN_POINT('',(-52.0461246640023,35.2865633291513,2.));
#15722=CARTESIAN_POINT('',(-51.2643297897554,31.3562150831086,2.));
#15723=CARTESIAN_POINT('',(-52.0461246640023,35.2865633291513,0.));
#15724=CARTESIAN_POINT('Origin',(-52.5365173042039,35.1890181681432,0.));
#15725=CARTESIAN_POINT('Origin',(-52.5365173042039,35.1890181681432,2.));
#15726=CARTESIAN_POINT('Origin',(-46.4483218616088,15.1189275042356,0.));
#15727=CARTESIAN_POINT('',(-45.9863820953532,15.3102692204181,2.));
#15728=CARTESIAN_POINT('Origin',(-46.4483218616088,15.1189275042356,2.));
#15729=CARTESIAN_POINT('',(-45.9863820953532,15.3102692204181,0.));
#15730=CARTESIAN_POINT('Origin',(-47.5199279052652,19.0125763132281,0.));
#15731=CARTESIAN_POINT('',(-47.5199279052652,19.0125763132281,2.));
#15732=CARTESIAN_POINT('',(-47.5199279052652,19.0125763132281,2.));
#15733=CARTESIAN_POINT('',(-47.5199279052652,19.0125763132281,0.));
#15734=CARTESIAN_POINT('Origin',(-47.9818676715208,18.8212345970455,0.));
#15735=CARTESIAN_POINT('',(-48.1371086198654,19.2965242434266,2.));
#15736=CARTESIAN_POINT('Origin',(-47.9818676715208,18.8212345970455,2.));
#15737=CARTESIAN_POINT('',(-48.1371086198654,19.2965242434266,0.));
#15738=CARTESIAN_POINT('Origin',(-50.,25.,0.));
#15739=CARTESIAN_POINT('Origin',(-50.,25.,2.));
#15740=CARTESIAN_POINT('Origin',(-44.5888647460726,33.9983124267266,0.));
#15741=CARTESIAN_POINT('',(-44.3311916519071,34.4268034727745,2.));
#15742=CARTESIAN_POINT('Origin',(-44.5888647460726,33.9983124267266,2.));
#15743=CARTESIAN_POINT('',(-44.3311916519071,34.4268034727745,0.));
#15744=CARTESIAN_POINT('Origin',(-50.,25.,0.));
#15745=CARTESIAN_POINT('',(-45.3113205461333,34.9506932814055,2.));
#15746=CARTESIAN_POINT('Origin',(-50.,25.,2.));
#15747=CARTESIAN_POINT('',(-45.3113205461333,34.9506932814055,0.));
#15748=CARTESIAN_POINT('Origin',(-45.5244423290975,34.4983890633994,0.));
#15749=CARTESIAN_POINT('',(-45.9863820953532,34.6897307795819,2.));
#15750=CARTESIAN_POINT('Origin',(-45.5244423290975,34.4983890633994,2.));
#15751=CARTESIAN_POINT('',(-45.9863820953532,34.6897307795819,0.));
#15752=CARTESIAN_POINT('Origin',(-47.5199279052651,30.9874236867719,0.));
#15753=CARTESIAN_POINT('',(-47.5199279052651,30.9874236867719,2.));
#15754=CARTESIAN_POINT('Origin',(-39.8109818318568,27.5365173042039,0.));
#15755=CARTESIAN_POINT('',(-39.3257905153049,27.6573038363283,2.));
#15756=CARTESIAN_POINT('Origin',(-39.8109818318568,27.5365173042039,2.));
#15757=CARTESIAN_POINT('',(-39.3257905153049,27.6573038363283,0.));
#15758=CARTESIAN_POINT('Origin',(-50.,25.,0.));
#15759=CARTESIAN_POINT('',(-39.6484002665716,28.7208056601501,2.));
#15760=CARTESIAN_POINT('Origin',(-50.,25.,2.));
#15761=CARTESIAN_POINT('',(-39.6484002665716,28.7208056601501,0.));
#15762=CARTESIAN_POINT('Origin',(-40.1189275042356,28.5516781383912,0.));
#15763=CARTESIAN_POINT('',(-40.3102692204181,29.0136179046468,2.));
#15764=CARTESIAN_POINT('Origin',(-40.1189275042356,28.5516781383912,2.));
#15765=CARTESIAN_POINT('',(-40.3102692204181,29.0136179046468,0.));
#15766=CARTESIAN_POINT('Origin',(-44.0125763132281,27.4800720947348,0.));
#15767=CARTESIAN_POINT('',(-44.0125763132281,27.4800720947348,2.));
#15768=CARTESIAN_POINT('Origin',(-51.4,26.3757845192388,0.));
#15769=CARTESIAN_POINT('',(-51.4,25.9757845192388,2.));
#15770=CARTESIAN_POINT('Origin',(-51.4,26.3757845192388,2.));
#15771=CARTESIAN_POINT('',(-51.4,25.9757845192388,0.));
#15772=CARTESIAN_POINT('Origin',(-52.409327927865,25.9757845192388,0.));
#15773=CARTESIAN_POINT('',(-52.409327927865,25.9757845192388,2.));
#15774=CARTESIAN_POINT('',(-52.409327927865,25.9757845192388,2.));
#15775=CARTESIAN_POINT('',(-52.409327927865,25.9757845192388,0.));
#15776=CARTESIAN_POINT('Origin',(-52.409327927865,25.8757845192388,0.));
#15777=CARTESIAN_POINT('',(-52.509327927865,25.8757845192388,2.));
#15778=CARTESIAN_POINT('Origin',(-52.409327927865,25.8757845192388,2.));
#15779=CARTESIAN_POINT('',(-52.509327927865,25.8757845192388,0.));
#15780=CARTESIAN_POINT('Origin',(-52.509327927865,24.0757771462968,0.));
#15781=CARTESIAN_POINT('',(-52.509327927865,24.0757771462968,2.));
#15782=CARTESIAN_POINT('',(-52.509327927865,24.0757771462968,2.));
#15783=CARTESIAN_POINT('',(-52.509327927865,24.0757771462968,0.));
#15784=CARTESIAN_POINT('Origin',(-52.409327927865,24.0757771462968,0.));
#15785=CARTESIAN_POINT('',(-52.4093353010788,23.9757771465687,2.));
#15786=CARTESIAN_POINT('Origin',(-52.409327927865,24.0757771462968,2.));
#15787=CARTESIAN_POINT('',(-52.4093353010788,23.9757771465687,0.));
#15788=CARTESIAN_POINT('Origin',(-51.399970507145,23.9757027239447,0.));
#15789=CARTESIAN_POINT('',(-51.399970507145,23.9757027239447,2.));
#15790=CARTESIAN_POINT('',(-51.399970507145,23.9757027239447,2.));
#15791=CARTESIAN_POINT('',(-51.399970507145,23.9757027239447,0.));
#15792=CARTESIAN_POINT('Origin',(-51.4,23.575702725032,0.));
#15793=CARTESIAN_POINT('',(-51.,23.575702725032,2.));
#15794=CARTESIAN_POINT('Origin',(-51.4,23.575702725032,2.));
#15795=CARTESIAN_POINT('',(-51.,23.575702725032,0.));
#15796=CARTESIAN_POINT('Origin',(-51.,22.65,0.));
#15797=CARTESIAN_POINT('',(-51.,22.65,2.));
#15798=CARTESIAN_POINT('',(-51.,23.575702725032,2.));
#15799=CARTESIAN_POINT('',(-51.,22.65,0.));
#15800=CARTESIAN_POINT('Origin',(-50.9,22.65,0.));
#15801=CARTESIAN_POINT('',(-50.9,22.55,2.));
#15802=CARTESIAN_POINT('Origin',(-50.9,22.65,2.));
#15803=CARTESIAN_POINT('',(-50.9,22.55,0.));
#15804=CARTESIAN_POINT('Origin',(-49.1,22.55,0.));
#15805=CARTESIAN_POINT('',(-49.1,22.55,2.));
#15806=CARTESIAN_POINT('',(-50.9,22.55,2.));
#15807=CARTESIAN_POINT('',(-49.1,22.55,0.));
#15808=CARTESIAN_POINT('Origin',(-49.1,22.65,0.));
#15809=CARTESIAN_POINT('',(-49.,22.65,2.));
#15810=CARTESIAN_POINT('Origin',(-49.1,22.65,2.));
#15811=CARTESIAN_POINT('',(-49.,22.65,0.));
#15812=CARTESIAN_POINT('Origin',(-49.,23.6703563401733,0.));
#15813=CARTESIAN_POINT('',(-49.,22.65,2.));
#15814=CARTESIAN_POINT('Origin',(-42.9373545237452,17.2302477425586,0.));
#15815=CARTESIAN_POINT('',(-42.5838011331519,17.5838011331519,2.));
#15816=CARTESIAN_POINT('Origin',(-42.9373545237452,17.2302477425586,2.));
#15817=CARTESIAN_POINT('',(-42.5838011331519,17.5838011331519,0.));
#15818=CARTESIAN_POINT('Origin',(-45.4174243050442,20.4174243050442,0.));
#15819=CARTESIAN_POINT('',(-45.4174243050442,20.4174243050442,2.));
#15820=CARTESIAN_POINT('',(-45.4174243050442,20.4174243050442,2.));
#15821=CARTESIAN_POINT('',(-45.4174243050442,20.4174243050442,0.));
#15822=CARTESIAN_POINT('Origin',(-45.7709776956374,20.0638709144509,0.));
#15823=CARTESIAN_POINT('',(-46.0962871036653,20.4435731518008,2.));
#15824=CARTESIAN_POINT('Origin',(-45.7709776956374,20.0638709144509,2.));
#15825=CARTESIAN_POINT('',(-46.0962871036653,20.4435731518008,0.));
#15826=CARTESIAN_POINT('Origin',(-50.,25.,0.));
#15827=CARTESIAN_POINT('Origin',(-50.,25.,2.));
#15828=CARTESIAN_POINT('Origin',(-50.,25.,2.));
#15829=UNCERTAINTY_MEASURE_WITH_UNIT(LENGTH_MEASURE(0.01),#15833,
'DISTANCE_ACCURACY_VALUE',
'Maximum model space distance between geometric entities at asserted c
onnectivities');
#15830=UNCERTAINTY_MEASURE_WITH_UNIT(LENGTH_MEASURE(0.01),#15833,
'DISTANCE_ACCURACY_VALUE',
'Maximum model space distance between geometric entities at asserted c
onnectivities');
#15831=(
GEOMETRIC_REPRESENTATION_CONTEXT(3)
GLOBAL_UNCERTAINTY_ASSIGNED_CONTEXT((#15829))
GLOBAL_UNIT_ASSIGNED_CONTEXT((#15833,#15835,#15836))
REPRESENTATION_CONTEXT('','3D')
);
#15832=(
GEOMETRIC_REPRESENTATION_CONTEXT(3)
GLOBAL_UNCERTAINTY_ASSIGNED_CONTEXT((#15830))
GLOBAL_UNIT_ASSIGNED_CONTEXT((#15833,#15835,#15836))
REPRESENTATION_CONTEXT('','3D')
);
#15833=(
LENGTH_UNIT()
NAMED_UNIT(*)
SI_UNIT(.MILLI.,.METRE.)
);
#15834=(
LENGTH_UNIT()
NAMED_UNIT(*)
SI_UNIT($,.METRE.)
);
#15835=(
NAMED_UNIT(*)
PLANE_ANGLE_UNIT()
SI_UNIT($,.RADIAN.)
);
#15836=(
NAMED_UNIT(*)
SI_UNIT($,.STERADIAN.)
SOLID_ANGLE_UNIT()
);
#15837=SHAPE_DEFINITION_REPRESENTATION(#15838,#15839);
#15838=PRODUCT_DEFINITION_SHAPE('',$,#15841);
#15839=SHAPE_REPRESENTATION('',(#8596),#15831);
#15840=PRODUCT_DEFINITION_CONTEXT('part definition',#15845,'design');
#15841=PRODUCT_DEFINITION('enkoder_sensro','enkoder_sensro v4',#15842,#15840);
#15842=PRODUCT_DEFINITION_FORMATION('',$,#15847);
#15843=PRODUCT_RELATED_PRODUCT_CATEGORY('enkoder_sensro v4',
'enkoder_sensro v4',(#15847));
#15844=APPLICATION_PROTOCOL_DEFINITION('international standard',
'automotive_design',2009,#15845);
#15845=APPLICATION_CONTEXT(
'Core Data for Automotive Mechanical Design Process');
#15846=PRODUCT_CONTEXT('part definition',#15845,'mechanical');
#15847=PRODUCT('enkoder_sensro','enkoder_sensro v4',$,(#15846));
#15848=PRESENTATION_STYLE_ASSIGNMENT((#15849));
#15849=SURFACE_STYLE_USAGE(.BOTH.,#15850);
#15850=SURFACE_SIDE_STYLE('',(#15851));
#15851=SURFACE_STYLE_FILL_AREA(#15852);
#15852=FILL_AREA_STYLE('Steel - Satin',(#15853));
#15853=FILL_AREA_STYLE_COLOUR('Steel - Satin',#15854);
#15854=COLOUR_RGB('Steel - Satin',0.627450980392157,0.627450980392157,0.627450980392157);
ENDSEC;
END-ISO-10303-21;
