ISO-10303-21;
HEADER;
/* Generated by software containing ST-Developer
 * from STEP Tools, Inc. (www.steptools.com) 
 */

FILE_DESCRIPTION(
/* description */ (''),
/* implementation_level */ '2;1');

FILE_NAME(
/* name */ 'hridele_DC_krok.step',
/* time_stamp */ '2024-11-18T08:30:09+01:00',
/* author */ (''),
/* organization */ (''),
/* preprocessor_version */ 'ST-DEVELOPER v20',
/* originating_system */ 'Autodesk Translation Framework v13.20.0.188',

/* authorisation */ '');

FILE_SCHEMA (('AUTOMOTIVE_DESIGN { 1 0 10303 214 3 1 1 }'));
ENDSEC;

DATA;
#10=MECHANICAL_DESIGN_GEOMETRIC_PRESENTATION_REPRESENTATION('',(#17,#18,
#19),#7740);
#11=SHAPE_REPRESENTATION_RELATIONSHIP('SRR','None',#7747,#12);
#12=ADVANCED_BREP_SHAPE_REPRESENTATION('',(#20,#21,#22),#7739);
#13=SPHERICAL_SURFACE('',#4027,0.5);
#14=SPHERICAL_SURFACE('',#4033,0.5);
#15=SPHERICAL_SURFACE('',#4052,0.5);
#16=SPHERICAL_SURFACE('',#4058,0.5);
#17=STYLED_ITEM('',(#7756),#20);
#18=STYLED_ITEM('',(#7756),#21);
#19=STYLED_ITEM('',(#7756),#22);
#20=MANIFOLD_SOLID_BREP('Body1',#3812);
#21=MANIFOLD_SOLID_BREP('Body2',#3813);
#22=MANIFOLD_SOLID_BREP('Body5',#3814);
#23=FACE_BOUND('',#1135,.T.);
#24=FACE_BOUND('',#1180,.T.);
#25=FACE_BOUND('',#1196,.T.);
#26=FACE_BOUND('',#1242,.T.);
#27=FACE_BOUND('',#1250,.T.);
#28=B_SPLINE_CURVE_WITH_KNOTS('',3,(#6004,#6005,#6006,#6007,#6008,#6009,
#6010,#6011),.UNSPECIFIED.,.F.,.F.,(4,2,2,4),(-0.0808585593941094,-0.0517144019688831,
-0.0030779940129069,-0.00164466791078747),.UNSPECIFIED.);
#29=B_SPLINE_CURVE_WITH_KNOTS('',3,(#6027,#6028,#6029,#6030,#6031,#6032,
#6033,#6034),.UNSPECIFIED.,.F.,.F.,(4,2,2,4),(-0.116390513436861,-0.082462275935365,
-0.0778229820681596,-0.077350603685663),.UNSPECIFIED.);
#30=B_SPLINE_CURVE_WITH_KNOTS('',3,(#6041,#6042,#6043,#6044,#6045,#6046,
#6047),.UNSPECIFIED.,.F.,.F.,(4,3,4),(-0.0481859301260862,-0.0229981263558406,
-0.0180582002015523),.UNSPECIFIED.);
#31=B_SPLINE_CURVE_WITH_KNOTS('',3,(#6049,#6050,#6051,#6052),
 .UNSPECIFIED.,.F.,.F.,(4,4),(-0.00163586599433819,0.),.UNSPECIFIED.);
#32=B_SPLINE_CURVE_WITH_KNOTS('',3,(#6057,#6058,#6059,#6060),
 .UNSPECIFIED.,.F.,.F.,(4,4),(-0.107776006563923,-0.106535692033765),
 .UNSPECIFIED.);
#33=B_SPLINE_CURVE_WITH_KNOTS('',3,(#6061,#6062,#6063,#6064,#6065,#6066,
#6067,#6068,#6069,#6070),.UNSPECIFIED.,.F.,.F.,(4,3,3,4),(-0.0301102646346285,
-0.00477733205265148,-0.00289259215143853,0.),.UNSPECIFIED.);
#34=B_SPLINE_CURVE_WITH_KNOTS('',3,(#6075,#6076,#6077,#6078,#6079,#6080,
#6081,#6082),.UNSPECIFIED.,.F.,.F.,(4,2,2,4),(-0.0808585593539287,-0.0517144019433263,
-0.00307799401175727,-0.00164466791036011),.UNSPECIFIED.);
#35=B_SPLINE_CURVE_WITH_KNOTS('',3,(#6087,#6088,#6089,#6090,#6091,#6092,
#6093,#6094),.UNSPECIFIED.,.F.,.F.,(4,2,2,4),(-0.116390513542175,-0.0824622759568222,
-0.0778229820835147,-0.0773506037006668),.UNSPECIFIED.);
#36=B_SPLINE_CURVE_WITH_KNOTS('',3,(#6098,#6099,#6100,#6101),
 .UNSPECIFIED.,.F.,.F.,(4,4),(-0.1077760064635,-0.106535691935834),
 .UNSPECIFIED.);
#37=B_SPLINE_CURVE_WITH_KNOTS('',3,(#6103,#6104,#6105,#6106,#6107,#6108,
#6109,#6110,#6111,#6112),.UNSPECIFIED.,.F.,.F.,(4,3,3,4),(-0.0301102649038737,
-0.0047773703198067,-0.0028925921508084,0.),.UNSPECIFIED.);
#38=B_SPLINE_CURVE_WITH_KNOTS('',3,(#6116,#6117,#6118,#6119,#6120,#6121,
#6122),.UNSPECIFIED.,.F.,.F.,(4,3,4),(-0.048185935505547,-0.0229981608667604,
-0.0180582013506094),.UNSPECIFIED.);
#39=B_SPLINE_CURVE_WITH_KNOTS('',3,(#6124,#6125,#6126,#6127),
 .UNSPECIFIED.,.F.,.F.,(4,4),(-0.00163586599425329,0.),.UNSPECIFIED.);
#40=B_SPLINE_CURVE_WITH_KNOTS('',3,(#6132,#6133,#6134,#6135,#6136,#6137,
#6138,#6139),.UNSPECIFIED.,.F.,.F.,(4,2,2,4),(-0.0808585593991512,-0.0517144019721035,
-0.00307799401304931,-0.00164466791084011),.UNSPECIFIED.);
#41=B_SPLINE_CURVE_WITH_KNOTS('',3,(#6144,#6145,#6146,#6147,#6148,#6149,
#6150,#6151),.UNSPECIFIED.,.F.,.F.,(4,2,2,4),(-0.1163905132216,-0.0824622759232681,
-0.0778229820730189,-0.0773506036922795),.UNSPECIFIED.);
#42=B_SPLINE_CURVE_WITH_KNOTS('',3,(#6158,#6159,#6160,#6161,#6162,#6163,
#6164),.UNSPECIFIED.,.F.,.F.,(4,3,4),(-0.0481859247528606,-0.0229980918853553,
-0.0180581990539224),.UNSPECIFIED.);
#43=B_SPLINE_CURVE_WITH_KNOTS('',3,(#6166,#6167,#6168,#6169),
 .UNSPECIFIED.,.F.,.F.,(4,4),(-0.0016358659942585,0.),.UNSPECIFIED.);
#44=B_SPLINE_CURVE_WITH_KNOTS('',3,(#6172,#6173,#6174,#6175),
 .UNSPECIFIED.,.F.,.F.,(4,4),(-0.107776006524188,-0.10653569199496),
 .UNSPECIFIED.);
#45=B_SPLINE_CURVE_WITH_KNOTS('',3,(#6176,#6177,#6178,#6179,#6180,#6181,
#6182,#6183,#6184,#6185),.UNSPECIFIED.,.F.,.F.,(4,3,3,4),(-0.0301102637040078,
-0.00477721721716346,-0.00289259214774044,0.),.UNSPECIFIED.);
#46=B_SPLINE_CURVE_WITH_KNOTS('',3,(#6191,#6192,#6193,#6194,#6195,#6196,
#6197,#6198),.UNSPECIFIED.,.F.,.F.,(4,2,2,4),(-0.0808585594370934,-0.0517144019962121,
-0.00307799401412841,-0.00164466791124072),.UNSPECIFIED.);
#47=B_SPLINE_CURVE_WITH_KNOTS('',3,(#6213,#6214,#6215,#6216,#6217,#6218,
#6219,#6220),.UNSPECIFIED.,.F.,.F.,(4,2,2,4),(-0.116390513659076,-0.0824622759853367,
-0.0778229820906807,-0.0773506037060028),.UNSPECIFIED.);
#48=B_SPLINE_CURVE_WITH_KNOTS('',3,(#6227,#6228,#6229,#6230,#6231,#6232,
#6233),.UNSPECIFIED.,.F.,.F.,(4,3,4),(-0.0481859355073766,-0.0229981608785939,
-0.0180582013510053),.UNSPECIFIED.);
#49=B_SPLINE_CURVE_WITH_KNOTS('',3,(#6234,#6235,#6236,#6237),
 .UNSPECIFIED.,.F.,.F.,(4,4),(-0.00163586599426519,0.),.UNSPECIFIED.);
#50=B_SPLINE_CURVE_WITH_KNOTS('',3,(#6240,#6241,#6242,#6243),
 .UNSPECIFIED.,.F.,.F.,(4,4),(-0.107776006565264,-0.106535692035259),
 .UNSPECIFIED.);
#51=B_SPLINE_CURVE_WITH_KNOTS('',3,(#6244,#6245,#6246,#6247,#6248,#6249,
#6250,#6251,#6252,#6253),.UNSPECIFIED.,.F.,.F.,(4,3,3,4),(-0.0301102649043626,
-0.00477737024725049,-0.00289259215084431,0.),.UNSPECIFIED.);
#52=B_SPLINE_CURVE_WITH_KNOTS('',3,(#6283,#6284,#6285,#6286),
 .UNSPECIFIED.,.F.,.F.,(4,4),(-3.14159265361969,-2.87215374199248),
 .UNSPECIFIED.);
#53=B_SPLINE_CURVE_WITH_KNOTS('',3,(#6288,#6289,#6290,#6291,#6292,#6293,
#6294,#6295,#6296,#6297,#6298,#6299,#6300,#6301,#6302,#6303,#6304,#6305,
#6306,#6307,#6308,#6309,#6310,#6311,#6312),.UNSPECIFIED.,.F.,.F.,(4,3,3,
3,3,3,3,3,4),(0.076567187192101,0.0933388696269927,0.0950136191235245,0.0960414743136773,
0.0970693023011889,0.0991247922428344,0.103234437202493,0.111443027175839,
0.113458265458424),.UNSPECIFIED.);
#54=B_SPLINE_CURVE_WITH_KNOTS('',3,(#6334,#6335,#6336,#6337,#6338,#6339),
 .UNSPECIFIED.,.F.,.F.,(4,2,4),(-0.000463684045506734,0.,0.0177741026449079),
 .UNSPECIFIED.);
#55=B_SPLINE_CURVE_WITH_KNOTS('',3,(#6342,#6343,#6344,#6345),
 .UNSPECIFIED.,.F.,.F.,(4,4),(-3.14159265358979,-2.89538045036008),
 .UNSPECIFIED.);
#56=B_SPLINE_CURVE_WITH_KNOTS('',3,(#6374,#6375,#6376,#6377,#6378),
 .UNSPECIFIED.,.F.,.F.,(4,1,4),(-3.14159265358979,-8.88178419700125E-16,
3.14159265358979),.UNSPECIFIED.);
#57=B_SPLINE_CURVE_WITH_KNOTS('',3,(#6381,#6382,#6383,#6384,#6385,#6386),
 .UNSPECIFIED.,.F.,.F.,(4,2,4),(-0.105204235861899,-0.104662649999981,-0.0836576736331783),
 .UNSPECIFIED.);
#58=B_SPLINE_CURVE_WITH_KNOTS('',3,(#6407,#6408,#6409,#6410,#6411,#6412,
#6413,#6414,#6415,#6416,#6417,#6418,#6419,#6420,#6421,#6422,#6423,#6424,
#6425,#6426,#6427,#6428,#6429,#6430,#6431),.UNSPECIFIED.,.F.,.F.,(4,3,3,
3,3,3,3,3,4),(-0.113458265526306,-0.111443027235669,-0.103234437229487,
-0.0991247922531613,-0.0970693023033959,-0.0960414743125953,-0.0950136191206865,
-0.0782419366865248,-0.0765671871898315),.UNSPECIFIED.);
#59=B_SPLINE_CURVE_WITH_KNOTS('',3,(#6435,#6436,#6437,#6438),
 .UNSPECIFIED.,.F.,.F.,(4,4),(-3.14159265361969,-3.00687193614368),
 .UNSPECIFIED.);
#60=B_SPLINE_CURVE_WITH_KNOTS('',3,(#6439,#6440,#6441,#6442),
 .UNSPECIFIED.,.F.,.F.,(4,4),(-3.00687193614368,-2.87215374199248),
 .UNSPECIFIED.);
#61=B_SPLINE_CURVE_WITH_KNOTS('',3,(#6474,#6475,#6476,#6477,#6478,#6479),
 .UNSPECIFIED.,.F.,.F.,(4,2,4),(-0.0177745081231532,0.,0.000463716156727249),
 .UNSPECIFIED.);
#62=B_SPLINE_CURVE_WITH_KNOTS('',3,(#6482,#6483,#6484,#6485,#6486),
 .UNSPECIFIED.,.F.,.F.,(4,1,4),(3.14159265358979,3.26469875520465,3.38780485681951),
 .UNSPECIFIED.);
#63=B_SPLINE_CURVE_WITH_KNOTS('',3,(#6515,#6516,#6517,#6518,#6519),
 .UNSPECIFIED.,.F.,.F.,(4,1,4),(-3.14159265358979,0.,3.14159265358979),
 .UNSPECIFIED.);
#64=B_SPLINE_CURVE_WITH_KNOTS('',3,(#6522,#6523,#6524,#6525,#6526,#6527),
 .UNSPECIFIED.,.F.,.F.,(4,2,4),(-0.105204235169714,-0.104662649323823,-0.0836576730799886),
 .UNSPECIFIED.);
#65=B_SPLINE_CURVE_WITH_KNOTS('',3,(#6548,#6549,#6550,#6551,#6552,#6553,
#6554,#6555,#6556,#6557,#6558,#6559,#6560,#6561,#6562,#6563,#6564,#6565,
#6566,#6567,#6568,#6569,#6570,#6571,#6572),.UNSPECIFIED.,.F.,.F.,(4,3,3,
3,3,3,3,3,4),(-0.113458265502716,-0.11144302721477,-0.10323443721943,-0.0991247922486828,
-0.0970693023009395,-0.0960414743109891,-0.0950136191208655,-0.0782419366873712,
-0.0765671871899663),.UNSPECIFIED.);
#66=B_SPLINE_CURVE_WITH_KNOTS('',3,(#6575,#6576,#6577,#6578),
 .UNSPECIFIED.,.F.,.F.,(4,4),(-3.14159265361969,-2.87215374199248),
 .UNSPECIFIED.);
#67=B_SPLINE_CURVE_WITH_KNOTS('',3,(#6584,#6585,#6586,#6587,#6588,#6589),
 .UNSPECIFIED.,.F.,.F.,(4,2,4),(-0.105204241387553,-0.104662648562178,-0.083657674961164),
 .UNSPECIFIED.);
#68=B_SPLINE_CURVE_WITH_KNOTS('',3,(#6592,#6593,#6594,#6595,#6596,#6597),
 .UNSPECIFIED.,.F.,.F.,(4,2,4),(-0.0177738715070821,0.,0.000463665736535306),
 .UNSPECIFIED.);
#69=B_SPLINE_CURVE_WITH_KNOTS('',3,(#6600,#6601,#6602,#6603,#6604,#6605,
#6606,#6607,#6608,#6609,#6610,#6611,#6612,#6613,#6614,#6615,#6616,#6617,
#6618,#6619,#6620,#6621,#6622,#6623,#6624),.UNSPECIFIED.,.F.,.F.,(4,3,3,
3,3,3,3,3,4),(-0.113458265518312,-0.111443027223376,-0.103234437210714,
-0.0991247922307574,-0.0970693022795231,-0.0960414742884412,-0.0950136190960213,
-0.0782419366656568,-0.0765671871646989),.UNSPECIFIED.);
#70=B_SPLINE_CURVE_WITH_KNOTS('',3,(#6629,#6630,#6631,#6632,#6633,#6634),
 .UNSPECIFIED.,.F.,.F.,(4,2,4),(-0.105204231949839,-0.104662649688495,-0.0836576720934001),
 .UNSPECIFIED.);
#71=B_SPLINE_CURVE_WITH_KNOTS('',3,(#6637,#6638,#6639,#6640,#6641,#6642),
 .UNSPECIFIED.,.F.,.F.,(4,2,4),(-0.0177742177621253,0.,0.00046369319736446),
 .UNSPECIFIED.);
#72=B_SPLINE_CURVE_WITH_KNOTS('',3,(#6675,#6676,#6677,#6678,#6679),
 .UNSPECIFIED.,.F.,.F.,(4,1,4),(3.14159265358979,3.26469875520465,3.38780485681951),
 .UNSPECIFIED.);
#73=B_SPLINE_CURVE_WITH_KNOTS('',3,(#6703,#6704,#6705,#6706),
 .UNSPECIFIED.,.F.,.F.,(4,4),(-3.14159265358979,-2.89538045036008),
 .UNSPECIFIED.);
#74=B_SPLINE_CURVE_WITH_KNOTS('',3,(#6740,#6741,#6742,#6743),
 .UNSPECIFIED.,.F.,.F.,(4,4),(-3.14159265358979,3.14159265358979),
 .UNSPECIFIED.);
#75=B_SPLINE_CURVE_WITH_KNOTS('',3,(#6768,#6769,#6770,#6771,#6772,#6773),
 .UNSPECIFIED.,.F.,.F.,(4,2,4),(3.1415926535599,3.30263766146071,3.41103156518711),
 .UNSPECIFIED.);
#76=B_SPLINE_CURVE_WITH_KNOTS('',3,(#6801,#6802,#6803,#6804,#6805),
 .UNSPECIFIED.,.F.,.F.,(4,1,4),(-3.14159265358979,-1.99840144432528E-15,
3.14159265358979),.UNSPECIFIED.);
#77=B_SPLINE_CURVE_WITH_KNOTS('',3,(#6823,#6824,#6825,#6826,#6827,#6828,
#6829,#6830,#6831,#6832,#6833,#6834,#6835,#6836,#6837,#6838),
 .UNSPECIFIED.,.F.,.F.,(4,2,2,2,2,2,2,4),(-0.163146497044464,-0.162804587857702,
-0.151307147110921,-0.139849534909711,-0.119351207107152,-0.100358915790921,
-0.0821342337227997,-0.0814224427091406),.UNSPECIFIED.);
#78=B_SPLINE_CURVE_WITH_KNOTS('',3,(#6841,#6842,#6843,#6844,#6845,#6846,
#6847,#6848,#6849,#6850,#6851,#6852),.UNSPECIFIED.,.F.,.F.,(4,2,2,2,2,4),
(-0.000341722532602798,0.,0.0221634545963757,0.0437307010374209,0.0635028906766679,
0.0814224427091357),.UNSPECIFIED.);
#79=B_SPLINE_CURVE_WITH_KNOTS('',3,(#6857,#6858,#6859,#6860,#6861,#6862,
#6863,#6864,#6865,#6866,#6867,#6868),.UNSPECIFIED.,.F.,.F.,(4,2,2,2,2,4),
(-0.000341722532609393,0.,0.0221634545968099,0.0437307010380185,0.0635028906774107,
0.0814224427097852),.UNSPECIFIED.);
#80=B_SPLINE_CURVE_WITH_KNOTS('',3,(#6874,#6875,#6876,#6877,#6878,#6879,
#6880,#6881,#6882,#6883,#6884,#6885,#6886,#6887,#6888,#6889),
 .UNSPECIFIED.,.F.,.F.,(4,2,2,2,2,2,2,4),(-0.163146497044806,-0.162804587858042,
-0.151307147111273,-0.139849534910072,-0.119351207107464,-0.100358915791188,
-0.0821342337230276,-0.0814224427093083),.UNSPECIFIED.);
#81=B_SPLINE_CURVE_WITH_KNOTS('',3,(#7163,#7164,#7165,#7166,#7167,#7168,
#7169,#7170,#7171,#7172,#7173,#7174),.UNSPECIFIED.,.F.,.F.,(4,2,2,2,2,4),
(-0.00034172253221021,0.,0.0221634545704205,0.0437307010016981,0.0635028906323342,
0.0814224426704654),.UNSPECIFIED.);
#82=B_SPLINE_CURVE_WITH_KNOTS('',3,(#7177,#7178,#7179,#7180,#7181,#7182,
#7183,#7184,#7185,#7186,#7187,#7188,#7189,#7190,#7191,#7192),
 .UNSPECIFIED.,.F.,.F.,(4,2,2,2,2,2,2,4),(-0.163146496965204,-0.162804587778841,
-0.151307147028717,-0.139849534825129,-0.119351207034053,-0.100358915728285,
-0.0821342336694424,-0.0814224426700568),.UNSPECIFIED.);
#83=B_SPLINE_CURVE_WITH_KNOTS('',3,(#7197,#7198,#7199,#7200,#7201,#7202,
#7203,#7204,#7205,#7206,#7207,#7208,#7209,#7210,#7211,#7212),
 .UNSPECIFIED.,.F.,.F.,(4,2,2,2,2,2,2,4),(-0.163146496965476,-0.162804587779108,
-0.151307147028964,-0.139849534825383,-0.119351207034273,-0.100358915728473,
-0.0821342336696022,-0.0814224426701743),.UNSPECIFIED.);
#84=B_SPLINE_CURVE_WITH_KNOTS('',3,(#7218,#7219,#7220,#7221,#7222,#7223,
#7224,#7225,#7226,#7227,#7228,#7229),.UNSPECIFIED.,.F.,.F.,(4,2,2,2,2,4),
(-0.000341722532207436,0.,0.0221634545702481,0.0437307010014605,0.0635028906320388,
0.0814224426702053),.UNSPECIFIED.);
#85=B_SPLINE_CURVE_WITH_KNOTS('',3,(#7563,#7564,#7565,#7566,#7567,#7568,
#7569,#7570,#7571,#7572,#7573,#7574),.UNSPECIFIED.,.F.,.F.,(4,2,2,2,2,4),
(-0.000348360927167086,0.,0.0232412074358718,0.0452834668798002,0.0649985082828206,
0.0826244961399405),.UNSPECIFIED.);
#86=B_SPLINE_CURVE_WITH_KNOTS('',3,(#7577,#7578,#7579,#7580,#7581,#7582,
#7583,#7584,#7585,#7586,#7587,#7588,#7589,#7590,#7591,#7592),
 .UNSPECIFIED.,.F.,.F.,(4,2,2,2,2,2,2,4),(-0.165569751076871,-0.165221099993085,
-0.152858903313967,-0.140557165205073,-0.119736455056307,-0.100994731614673,
-0.0832777261933181,-0.0826244961400263),.UNSPECIFIED.);
#87=B_SPLINE_CURVE_WITH_KNOTS('',3,(#7597,#7598,#7599,#7600,#7601,#7602,
#7603,#7604,#7605,#7606,#7607,#7608,#7609,#7610,#7611,#7612),
 .UNSPECIFIED.,.F.,.F.,(4,2,2,2,2,2,2,4),(-0.16556975107593,-0.165221099992147,
-0.152858903313006,-0.140557165204102,-0.119736455055475,-0.100994731613965,
-0.0832777261927151,-0.0826244961395619),.UNSPECIFIED.);
#88=B_SPLINE_CURVE_WITH_KNOTS('',3,(#7618,#7619,#7620,#7621,#7622,#7623,
#7624,#7625,#7626,#7627,#7628,#7629),.UNSPECIFIED.,.F.,.F.,(4,2,2,2,2,4),
(-0.000348360927165016,0.,0.0232412074356859,0.0452834668795509,0.0649985082825126,
0.0826244961396677),.UNSPECIFIED.);
#89=PLANE('',#3900);
#90=PLANE('',#3903);
#91=PLANE('',#3906);
#92=PLANE('',#3911);
#93=PLANE('',#3914);
#94=PLANE('',#3917);
#95=PLANE('',#3922);
#96=PLANE('',#3963);
#97=PLANE('',#3965);
#98=PLANE('',#3976);
#99=PLANE('',#3977);
#100=PLANE('',#3979);
#101=PLANE('',#3981);
#102=PLANE('',#3982);
#103=PLANE('',#3983);
#104=PLANE('',#3985);
#105=PLANE('',#3992);
#106=PLANE('',#4005);
#107=PLANE('',#4008);
#108=PLANE('',#4009);
#109=PLANE('',#4018);
#110=PLANE('',#4021);
#111=PLANE('',#4022);
#112=PLANE('',#4023);
#113=PLANE('',#4026);
#114=PLANE('',#4103);
#115=PLANE('',#4106);
#116=PLANE('',#4109);
#117=PLANE('',#4110);
#118=PLANE('',#4113);
#119=PLANE('',#4116);
#120=PLANE('',#4117);
#121=PLANE('',#4119);
#122=PLANE('',#4123);
#123=PLANE('',#4126);
#124=PLANE('',#4129);
#125=PLANE('',#4132);
#126=PLANE('',#4142);
#127=PLANE('',#4143);
#128=PLANE('',#4145);
#129=PLANE('',#4147);
#130=PLANE('',#4148);
#131=PLANE('',#4149);
#132=PLANE('',#4150);
#133=PLANE('',#4152);
#134=PLANE('',#4221);
#135=PLANE('',#4224);
#136=PLANE('',#4227);
#137=PLANE('',#4230);
#138=PLANE('',#4233);
#139=PLANE('',#4237);
#140=PLANE('',#4238);
#141=PLANE('',#4254);
#142=PLANE('',#4255);
#143=PLANE('',#4257);
#144=PLANE('',#4261);
#145=PLANE('',#4264);
#146=PLANE('',#4265);
#147=PLANE('',#4266);
#148=PLANE('',#4268);
#149=PLANE('',#4272);
#150=PLANE('',#4275);
#151=PLANE('',#4277);
#152=PLANE('',#4280);
#153=PLANE('',#4283);
#154=PLANE('',#4285);
#155=PLANE('',#4286);
#156=PLANE('',#4287);
#157=PLANE('',#4288);
#158=PLANE('',#4289);
#159=PLANE('',#4290);
#160=PLANE('',#4292);
#161=PLANE('',#4295);
#162=LINE('',#5679,#407);
#163=LINE('',#5680,#408);
#164=LINE('',#5682,#409);
#165=LINE('',#5683,#410);
#166=LINE('',#5688,#411);
#167=LINE('',#5689,#412);
#168=LINE('',#5719,#413);
#169=LINE('',#5720,#414);
#170=LINE('',#5793,#415);
#171=LINE('',#5794,#416);
#172=LINE('',#5827,#417);
#173=LINE('',#5828,#418);
#174=LINE('',#5830,#419);
#175=LINE('',#5831,#420);
#176=LINE('',#5833,#421);
#177=LINE('',#5834,#422);
#178=LINE('',#5845,#423);
#179=LINE('',#5846,#424);
#180=LINE('',#5848,#425);
#181=LINE('',#5849,#426);
#182=LINE('',#5854,#427);
#183=LINE('',#5855,#428);
#184=LINE('',#5885,#429);
#185=LINE('',#5886,#430);
#186=LINE('',#5897,#431);
#187=LINE('',#5898,#432);
#188=LINE('',#5900,#433);
#189=LINE('',#5901,#434);
#190=LINE('',#5934,#435);
#191=LINE('',#5935,#436);
#192=LINE('',#5937,#437);
#193=LINE('',#5938,#438);
#194=LINE('',#5941,#439);
#195=LINE('',#5942,#440);
#196=LINE('',#5945,#441);
#197=LINE('',#5949,#442);
#198=LINE('',#5950,#443);
#199=LINE('',#5953,#444);
#200=LINE('',#5956,#445);
#201=LINE('',#5959,#446);
#202=LINE('',#5963,#447);
#203=LINE('',#5966,#448);
#204=LINE('',#5968,#449);
#205=LINE('',#5971,#450);
#206=LINE('',#5975,#451);
#207=LINE('',#5976,#452);
#208=LINE('',#5979,#453);
#209=LINE('',#5982,#454);
#210=LINE('',#5985,#455);
#211=LINE('',#5989,#456);
#212=LINE('',#5992,#457);
#213=LINE('',#6013,#458);
#214=LINE('',#6014,#459);
#215=LINE('',#6017,#460);
#216=LINE('',#6020,#461);
#217=LINE('',#6039,#462);
#218=LINE('',#6055,#463);
#219=LINE('',#6114,#464);
#220=LINE('',#6156,#465);
#221=LINE('',#6200,#466);
#222=LINE('',#6203,#467);
#223=LINE('',#6206,#468);
#224=LINE('',#6225,#469);
#225=LINE('',#6238,#470);
#226=LINE('',#6255,#471);
#227=LINE('',#6257,#472);
#228=LINE('',#6259,#473);
#229=LINE('',#6709,#474);
#230=LINE('',#6711,#475);
#231=LINE('',#6712,#476);
#232=LINE('',#6714,#477);
#233=LINE('',#6716,#478);
#234=LINE('',#6815,#479);
#235=LINE('',#6855,#480);
#236=LINE('',#6869,#481);
#237=LINE('',#6892,#482);
#238=LINE('',#6893,#483);
#239=LINE('',#6896,#484);
#240=LINE('',#6898,#485);
#241=LINE('',#6899,#486);
#242=LINE('',#6902,#487);
#243=LINE('',#6908,#488);
#244=LINE('',#6911,#489);
#245=LINE('',#6924,#490);
#246=LINE('',#6925,#491);
#247=LINE('',#6937,#492);
#248=LINE('',#6938,#493);
#249=LINE('',#6943,#494);
#250=LINE('',#6944,#495);
#251=LINE('',#6955,#496);
#252=LINE('',#6956,#497);
#253=LINE('',#6964,#498);
#254=LINE('',#6965,#499);
#255=LINE('',#6977,#500);
#256=LINE('',#6978,#501);
#257=LINE('',#6990,#502);
#258=LINE('',#6991,#503);
#259=LINE('',#6996,#504);
#260=LINE('',#6997,#505);
#261=LINE('',#7008,#506);
#262=LINE('',#7009,#507);
#263=LINE('',#7017,#508);
#264=LINE('',#7018,#509);
#265=LINE('',#7023,#510);
#266=LINE('',#7024,#511);
#267=LINE('',#7035,#512);
#268=LINE('',#7036,#513);
#269=LINE('',#7044,#514);
#270=LINE('',#7045,#515);
#271=LINE('',#7050,#516);
#272=LINE('',#7051,#517);
#273=LINE('',#7062,#518);
#274=LINE('',#7063,#519);
#275=LINE('',#7071,#520);
#276=LINE('',#7072,#521);
#277=LINE('',#7075,#522);
#278=LINE('',#7077,#523);
#279=LINE('',#7078,#524);
#280=LINE('',#7081,#525);
#281=LINE('',#7085,#526);
#282=LINE('',#7086,#527);
#283=LINE('',#7089,#528);
#284=LINE('',#7093,#529);
#285=LINE('',#7094,#530);
#286=LINE('',#7097,#531);
#287=LINE('',#7098,#532);
#288=LINE('',#7101,#533);
#289=LINE('',#7105,#534);
#290=LINE('',#7106,#535);
#291=LINE('',#7109,#536);
#292=LINE('',#7112,#537);
#293=LINE('',#7115,#538);
#294=LINE('',#7117,#539);
#295=LINE('',#7120,#540);
#296=LINE('',#7126,#541);
#297=LINE('',#7129,#542);
#298=LINE('',#7132,#543);
#299=LINE('',#7133,#544);
#300=LINE('',#7136,#545);
#301=LINE('',#7140,#546);
#302=LINE('',#7141,#547);
#303=LINE('',#7144,#548);
#304=LINE('',#7147,#549);
#305=LINE('',#7149,#550);
#306=LINE('',#7152,#551);
#307=LINE('',#7155,#552);
#308=LINE('',#7157,#553);
#309=LINE('',#7161,#554);
#310=LINE('',#7176,#555);
#311=LINE('',#7216,#556);
#312=LINE('',#7230,#557);
#313=LINE('',#7235,#558);
#314=LINE('',#7236,#559);
#315=LINE('',#7239,#560);
#316=LINE('',#7240,#561);
#317=LINE('',#7241,#562);
#318=LINE('',#7248,#563);
#319=LINE('',#7249,#564);
#320=LINE('',#7251,#565);
#321=LINE('',#7255,#566);
#322=LINE('',#7257,#567);
#323=LINE('',#7260,#568);
#324=LINE('',#7387,#569);
#325=LINE('',#7390,#570);
#326=LINE('',#7396,#571);
#327=LINE('',#7399,#572);
#328=LINE('',#7407,#573);
#329=LINE('',#7408,#574);
#330=LINE('',#7414,#575);
#331=LINE('',#7417,#576);
#332=LINE('',#7428,#577);
#333=LINE('',#7429,#578);
#334=LINE('',#7437,#579);
#335=LINE('',#7438,#580);
#336=LINE('',#7441,#581);
#337=LINE('',#7444,#582);
#338=LINE('',#7455,#583);
#339=LINE('',#7456,#584);
#340=LINE('',#7464,#585);
#341=LINE('',#7465,#586);
#342=LINE('',#7468,#587);
#343=LINE('',#7471,#588);
#344=LINE('',#7482,#589);
#345=LINE('',#7483,#590);
#346=LINE('',#7491,#591);
#347=LINE('',#7492,#592);
#348=LINE('',#7495,#593);
#349=LINE('',#7500,#594);
#350=LINE('',#7503,#595);
#351=LINE('',#7504,#596);
#352=LINE('',#7507,#597);
#353=LINE('',#7511,#598);
#354=LINE('',#7513,#599);
#355=LINE('',#7514,#600);
#356=LINE('',#7517,#601);
#357=LINE('',#7521,#602);
#358=LINE('',#7522,#603);
#359=LINE('',#7525,#604);
#360=LINE('',#7529,#605);
#361=LINE('',#7531,#606);
#362=LINE('',#7532,#607);
#363=LINE('',#7535,#608);
#364=LINE('',#7539,#609);
#365=LINE('',#7540,#610);
#366=LINE('',#7543,#611);
#367=LINE('',#7549,#612);
#368=LINE('',#7551,#613);
#369=LINE('',#7553,#614);
#370=LINE('',#7554,#615);
#371=LINE('',#7561,#616);
#372=LINE('',#7576,#617);
#373=LINE('',#7616,#618);
#374=LINE('',#7630,#619);
#375=LINE('',#7636,#620);
#376=LINE('',#7644,#621);
#377=LINE('',#7647,#622);
#378=LINE('',#7648,#623);
#379=LINE('',#7649,#624);
#380=LINE('',#7650,#625);
#381=LINE('',#7659,#626);
#382=LINE('',#7661,#627);
#383=LINE('',#7665,#628);
#384=LINE('',#7669,#629);
#385=LINE('',#7673,#630);
#386=LINE('',#7676,#631);
#387=LINE('',#7685,#632);
#388=LINE('',#7688,#633);
#389=LINE('',#7691,#634);
#390=LINE('',#7694,#635);
#391=LINE('',#7695,#636);
#392=LINE('',#7698,#637);
#393=LINE('',#7701,#638);
#394=LINE('',#7702,#639);
#395=LINE('',#7704,#640);
#396=LINE('',#7706,#641);
#397=LINE('',#7709,#642);
#398=LINE('',#7712,#643);
#399=LINE('',#7713,#644);
#400=LINE('',#7715,#645);
#401=LINE('',#7718,#646);
#402=LINE('',#7720,#647);
#403=LINE('',#7722,#648);
#404=LINE('',#7727,#649);
#405=LINE('',#7733,#650);
#406=LINE('',#7736,#651);
#407=VECTOR('',#4347,10.);
#408=VECTOR('',#4348,10.);
#409=VECTOR('',#4351,10.);
#410=VECTOR('',#4352,10.);
#411=VECTOR('',#4357,10.);
#412=VECTOR('',#4358,10.);
#413=VECTOR('',#4365,10.);
#414=VECTOR('',#4366,10.);
#415=VECTOR('',#4391,10.);
#416=VECTOR('',#4392,10.);
#417=VECTOR('',#4401,10.);
#418=VECTOR('',#4402,10.);
#419=VECTOR('',#4405,10.);
#420=VECTOR('',#4406,10.);
#421=VECTOR('',#4409,10.);
#422=VECTOR('',#4410,10.);
#423=VECTOR('',#4423,10.);
#424=VECTOR('',#4424,10.);
#425=VECTOR('',#4427,10.);
#426=VECTOR('',#4428,10.);
#427=VECTOR('',#4433,10.);
#428=VECTOR('',#4434,10.);
#429=VECTOR('',#4441,10.);
#430=VECTOR('',#4442,10.);
#431=VECTOR('',#4455,10.);
#432=VECTOR('',#4456,10.);
#433=VECTOR('',#4459,10.);
#434=VECTOR('',#4460,10.);
#435=VECTOR('',#4469,10.);
#436=VECTOR('',#4470,10.);
#437=VECTOR('',#4473,10.);
#438=VECTOR('',#4474,10.);
#439=VECTOR('',#4477,0.5);
#440=VECTOR('',#4478,10.);
#441=VECTOR('',#4481,10.);
#442=VECTOR('',#4486,0.5);
#443=VECTOR('',#4487,10.);
#444=VECTOR('',#4490,10.);
#445=VECTOR('',#4495,10.);
#446=VECTOR('',#4498,10.);
#447=VECTOR('',#4503,10.);
#448=VECTOR('',#4506,10.);
#449=VECTOR('',#4509,0.5);
#450=VECTOR('',#4512,10.);
#451=VECTOR('',#4517,10.);
#452=VECTOR('',#4518,10.);
#453=VECTOR('',#4521,10.);
#454=VECTOR('',#4526,10.);
#455=VECTOR('',#4529,10.);
#456=VECTOR('',#4534,10.);
#457=VECTOR('',#4537,10.);
#458=VECTOR('',#4552,10.);
#459=VECTOR('',#4553,10.);
#460=VECTOR('',#4556,10.);
#461=VECTOR('',#4559,10.);
#462=VECTOR('',#4570,10.);
#463=VECTOR('',#4573,10.);
#464=VECTOR('',#4588,10.);
#465=VECTOR('',#4603,10.);
#466=VECTOR('',#4614,10.);
#467=VECTOR('',#4617,10.);
#468=VECTOR('',#4620,10.);
#469=VECTOR('',#4631,10.);
#470=VECTOR('',#4632,10.);
#471=VECTOR('',#4635,10.);
#472=VECTOR('',#4638,0.5);
#473=VECTOR('',#4641,10.);
#474=VECTOR('',#4692,10.);
#475=VECTOR('',#4695,10.);
#476=VECTOR('',#4696,10.);
#477=VECTOR('',#4699,10.);
#478=VECTOR('',#4702,10.);
#479=VECTOR('',#4731,5.);
#480=VECTOR('',#4744,10.);
#481=VECTOR('',#4745,10.);
#482=VECTOR('',#4754,10.);
#483=VECTOR('',#4755,10.);
#484=VECTOR('',#4758,10.);
#485=VECTOR('',#4759,10.);
#486=VECTOR('',#4760,10.);
#487=VECTOR('',#4763,10.);
#488=VECTOR('',#4772,10.);
#489=VECTOR('',#4777,10.);
#490=VECTOR('',#4792,10.);
#491=VECTOR('',#4793,10.);
#492=VECTOR('',#4806,10.);
#493=VECTOR('',#4807,10.);
#494=VECTOR('',#4812,10.);
#495=VECTOR('',#4813,10.);
#496=VECTOR('',#4826,10.);
#497=VECTOR('',#4827,10.);
#498=VECTOR('',#4838,10.);
#499=VECTOR('',#4839,10.);
#500=VECTOR('',#4852,10.);
#501=VECTOR('',#4853,10.);
#502=VECTOR('',#4866,10.);
#503=VECTOR('',#4867,10.);
#504=VECTOR('',#4872,10.);
#505=VECTOR('',#4873,10.);
#506=VECTOR('',#4886,10.);
#507=VECTOR('',#4887,10.);
#508=VECTOR('',#4898,10.);
#509=VECTOR('',#4899,10.);
#510=VECTOR('',#4904,10.);
#511=VECTOR('',#4905,10.);
#512=VECTOR('',#4918,10.);
#513=VECTOR('',#4919,10.);
#514=VECTOR('',#4930,10.);
#515=VECTOR('',#4931,10.);
#516=VECTOR('',#4936,10.);
#517=VECTOR('',#4937,10.);
#518=VECTOR('',#4950,10.);
#519=VECTOR('',#4951,10.);
#520=VECTOR('',#4962,10.);
#521=VECTOR('',#4963,10.);
#522=VECTOR('',#4966,10.);
#523=VECTOR('',#4967,10.);
#524=VECTOR('',#4968,10.);
#525=VECTOR('',#4971,10.);
#526=VECTOR('',#4976,10.);
#527=VECTOR('',#4977,10.);
#528=VECTOR('',#4980,10.);
#529=VECTOR('',#4985,10.);
#530=VECTOR('',#4986,10.);
#531=VECTOR('',#4989,10.);
#532=VECTOR('',#4990,10.);
#533=VECTOR('',#4993,10.);
#534=VECTOR('',#4998,10.);
#535=VECTOR('',#4999,10.);
#536=VECTOR('',#5002,10.);
#537=VECTOR('',#5007,10.);
#538=VECTOR('',#5010,10.);
#539=VECTOR('',#5011,10.);
#540=VECTOR('',#5014,10.);
#541=VECTOR('',#5021,10.);
#542=VECTOR('',#5024,10.);
#543=VECTOR('',#5027,10.);
#544=VECTOR('',#5028,10.);
#545=VECTOR('',#5031,10.);
#546=VECTOR('',#5036,10.);
#547=VECTOR('',#5037,10.);
#548=VECTOR('',#5040,10.);
#549=VECTOR('',#5043,10.);
#550=VECTOR('',#5046,10.);
#551=VECTOR('',#5049,10.);
#552=VECTOR('',#5052,10.);
#553=VECTOR('',#5055,10.);
#554=VECTOR('',#5058,10.);
#555=VECTOR('',#5059,10.);
#556=VECTOR('',#5068,10.);
#557=VECTOR('',#5069,10.);
#558=VECTOR('',#5078,10.);
#559=VECTOR('',#5079,10.);
#560=VECTOR('',#5082,10.);
#561=VECTOR('',#5083,10.);
#562=VECTOR('',#5084,10.);
#563=VECTOR('',#5093,10.);
#564=VECTOR('',#5094,10.);
#565=VECTOR('',#5097,10.);
#566=VECTOR('',#5104,10.);
#567=VECTOR('',#5107,10.);
#568=VECTOR('',#5112,5.);
#569=VECTOR('',#5139,10.);
#570=VECTOR('',#5142,10.);
#571=VECTOR('',#5147,10.);
#572=VECTOR('',#5150,10.);
#573=VECTOR('',#5161,10.);
#574=VECTOR('',#5162,10.);
#575=VECTOR('',#5171,10.);
#576=VECTOR('',#5174,10.);
#577=VECTOR('',#5187,10.);
#578=VECTOR('',#5188,10.);
#579=VECTOR('',#5199,10.);
#580=VECTOR('',#5200,10.);
#581=VECTOR('',#5203,10.);
#582=VECTOR('',#5206,10.);
#583=VECTOR('',#5219,10.);
#584=VECTOR('',#5220,10.);
#585=VECTOR('',#5231,10.);
#586=VECTOR('',#5232,10.);
#587=VECTOR('',#5235,10.);
#588=VECTOR('',#5238,10.);
#589=VECTOR('',#5251,10.);
#590=VECTOR('',#5252,10.);
#591=VECTOR('',#5263,10.);
#592=VECTOR('',#5264,10.);
#593=VECTOR('',#5267,10.);
#594=VECTOR('',#5272,10.);
#595=VECTOR('',#5275,10.);
#596=VECTOR('',#5276,10.);
#597=VECTOR('',#5279,10.);
#598=VECTOR('',#5284,10.);
#599=VECTOR('',#5285,10.);
#600=VECTOR('',#5286,10.);
#601=VECTOR('',#5289,10.);
#602=VECTOR('',#5294,10.);
#603=VECTOR('',#5295,10.);
#604=VECTOR('',#5298,10.);
#605=VECTOR('',#5303,10.);
#606=VECTOR('',#5304,10.);
#607=VECTOR('',#5305,10.);
#608=VECTOR('',#5308,10.);
#609=VECTOR('',#5313,10.);
#610=VECTOR('',#5314,10.);
#611=VECTOR('',#5317,10.);
#612=VECTOR('',#5324,10.);
#613=VECTOR('',#5325,10.);
#614=VECTOR('',#5326,10.);
#615=VECTOR('',#5327,10.);
#616=VECTOR('',#5334,10.);
#617=VECTOR('',#5335,10.);
#618=VECTOR('',#5344,10.);
#619=VECTOR('',#5345,10.);
#620=VECTOR('',#5354,10.);
#621=VECTOR('',#5365,10.);
#622=VECTOR('',#5368,10.);
#623=VECTOR('',#5369,10.);
#624=VECTOR('',#5370,10.);
#625=VECTOR('',#5371,10.);
#626=VECTOR('',#5380,10.);
#627=VECTOR('',#5381,10.);
#628=VECTOR('',#5384,10.);
#629=VECTOR('',#5389,10.);
#630=VECTOR('',#5392,10.);
#631=VECTOR('',#5395,10.);
#632=VECTOR('',#5408,10.);
#633=VECTOR('',#5411,10.);
#634=VECTOR('',#5414,10.);
#635=VECTOR('',#5417,10.);
#636=VECTOR('',#5418,10.);
#637=VECTOR('',#5421,10.);
#638=VECTOR('',#5426,10.);
#639=VECTOR('',#5427,10.);
#640=VECTOR('',#5430,10.);
#641=VECTOR('',#5433,10.);
#642=VECTOR('',#5436,10.);
#643=VECTOR('',#5441,10.);
#644=VECTOR('',#5442,10.);
#645=VECTOR('',#5445,10.);
#646=VECTOR('',#5450,10.);
#647=VECTOR('',#5453,10.);
#648=VECTOR('',#5456,10.);
#649=VECTOR('',#5465,10.);
#650=VECTOR('',#5476,10.);
#651=VECTOR('',#5481,5.);
#652=CYLINDRICAL_SURFACE('',#3851,0.5);
#653=CYLINDRICAL_SURFACE('',#3852,0.5);
#654=CYLINDRICAL_SURFACE('',#3853,0.1);
#655=CYLINDRICAL_SURFACE('',#3857,0.5);
#656=CYLINDRICAL_SURFACE('',#3869,0.5);
#657=CYLINDRICAL_SURFACE('',#3873,0.1);
#658=CYLINDRICAL_SURFACE('',#3874,0.5);
#659=CYLINDRICAL_SURFACE('',#3875,0.5);
#660=CYLINDRICAL_SURFACE('',#3881,0.5);
#661=CYLINDRICAL_SURFACE('',#3882,0.5);
#662=CYLINDRICAL_SURFACE('',#3883,0.1);
#663=CYLINDRICAL_SURFACE('',#3887,0.5);
#664=CYLINDRICAL_SURFACE('',#3893,0.5);
#665=CYLINDRICAL_SURFACE('',#3894,0.5);
#666=CYLINDRICAL_SURFACE('',#3898,0.1);
#667=CYLINDRICAL_SURFACE('',#3899,0.5);
#668=CYLINDRICAL_SURFACE('',#3901,0.4);
#669=CYLINDRICAL_SURFACE('',#3904,0.4);
#670=CYLINDRICAL_SURFACE('',#3907,0.9);
#671=CYLINDRICAL_SURFACE('',#3909,0.9);
#672=CYLINDRICAL_SURFACE('',#3912,0.4);
#673=CYLINDRICAL_SURFACE('',#3915,0.4);
#674=CYLINDRICAL_SURFACE('',#3918,0.9);
#675=CYLINDRICAL_SURFACE('',#3920,0.9);
#676=CYLINDRICAL_SURFACE('',#3928,0.9);
#677=CYLINDRICAL_SURFACE('',#3929,0.9);
#678=CYLINDRICAL_SURFACE('',#3935,0.9);
#679=CYLINDRICAL_SURFACE('',#3943,0.9);
#680=CYLINDRICAL_SURFACE('',#3950,0.9);
#681=CYLINDRICAL_SURFACE('',#3955,0.9);
#682=CYLINDRICAL_SURFACE('',#3956,0.9);
#683=CYLINDRICAL_SURFACE('',#3962,0.9);
#684=CYLINDRICAL_SURFACE('',#3964,0.4);
#685=CYLINDRICAL_SURFACE('',#3990,0.4);
#686=CYLINDRICAL_SURFACE('',#3991,0.4);
#687=CYLINDRICAL_SURFACE('',#3993,0.4);
#688=CYLINDRICAL_SURFACE('',#4006,5.);
#689=CYLINDRICAL_SURFACE('',#4013,0.5);
#690=CYLINDRICAL_SURFACE('',#4017,0.5);
#691=CYLINDRICAL_SURFACE('',#4019,2.8);
#692=CYLINDRICAL_SURFACE('',#4025,2.8);
#693=CYLINDRICAL_SURFACE('',#4031,0.5);
#694=CYLINDRICAL_SURFACE('',#4037,0.5);
#695=CYLINDRICAL_SURFACE('',#4039,0.5);
#696=CYLINDRICAL_SURFACE('',#4045,0.5);
#697=CYLINDRICAL_SURFACE('',#4051,0.5);
#698=CYLINDRICAL_SURFACE('',#4056,0.5);
#699=CYLINDRICAL_SURFACE('',#4062,0.5);
#700=CYLINDRICAL_SURFACE('',#4064,0.5);
#701=CYLINDRICAL_SURFACE('',#4070,0.5);
#702=CYLINDRICAL_SURFACE('',#4076,0.5);
#703=CYLINDRICAL_SURFACE('',#4077,0.5);
#704=CYLINDRICAL_SURFACE('',#4083,0.5);
#705=CYLINDRICAL_SURFACE('',#4089,0.5);
#706=CYLINDRICAL_SURFACE('',#4090,0.5);
#707=CYLINDRICAL_SURFACE('',#4096,0.5);
#708=CYLINDRICAL_SURFACE('',#4102,0.5);
#709=CYLINDRICAL_SURFACE('',#4104,0.1);
#710=CYLINDRICAL_SURFACE('',#4107,0.1);
#711=CYLINDRICAL_SURFACE('',#4111,0.1);
#712=CYLINDRICAL_SURFACE('',#4114,0.1);
#713=CYLINDRICAL_SURFACE('',#4121,0.1);
#714=CYLINDRICAL_SURFACE('',#4124,0.1);
#715=CYLINDRICAL_SURFACE('',#4127,0.1);
#716=CYLINDRICAL_SURFACE('',#4130,0.1);
#717=CYLINDRICAL_SURFACE('',#4133,0.5);
#718=CYLINDRICAL_SURFACE('',#4137,0.5);
#719=CYLINDRICAL_SURFACE('',#4141,2.8);
#720=CYLINDRICAL_SURFACE('',#4151,2.8);
#721=CYLINDRICAL_SURFACE('',#4153,5.);
#722=CYLINDRICAL_SURFACE('',#4166,0.5);
#723=CYLINDRICAL_SURFACE('',#4168,0.5);
#724=CYLINDRICAL_SURFACE('',#4175,0.5);
#725=CYLINDRICAL_SURFACE('',#4179,0.5);
#726=CYLINDRICAL_SURFACE('',#4185,0.5);
#727=CYLINDRICAL_SURFACE('',#4191,0.5);
#728=CYLINDRICAL_SURFACE('',#4192,0.5);
#729=CYLINDRICAL_SURFACE('',#4198,0.5);
#730=CYLINDRICAL_SURFACE('',#4204,0.5);
#731=CYLINDRICAL_SURFACE('',#4205,0.5);
#732=CYLINDRICAL_SURFACE('',#4211,0.5);
#733=CYLINDRICAL_SURFACE('',#4217,0.5);
#734=CYLINDRICAL_SURFACE('',#4218,0.1);
#735=CYLINDRICAL_SURFACE('',#4222,0.399999999999999);
#736=CYLINDRICAL_SURFACE('',#4225,0.1);
#737=CYLINDRICAL_SURFACE('',#4228,0.0999999999999979);
#738=CYLINDRICAL_SURFACE('',#4231,0.4);
#739=CYLINDRICAL_SURFACE('',#4234,0.100000000000007);
#740=CYLINDRICAL_SURFACE('',#4240,0.5);
#741=CYLINDRICAL_SURFACE('',#4244,0.5);
#742=CYLINDRICAL_SURFACE('',#4248,2.56946207944502);
#743=CYLINDRICAL_SURFACE('',#4270,0.0999999999999979);
#744=CYLINDRICAL_SURFACE('',#4273,0.0999999999999979);
#745=CYLINDRICAL_SURFACE('',#4276,0.399999999999991);
#746=CYLINDRICAL_SURFACE('',#4278,0.0999999999999934);
#747=CYLINDRICAL_SURFACE('',#4281,0.1);
#748=CYLINDRICAL_SURFACE('',#4284,0.399999999999999);
#749=CYLINDRICAL_SURFACE('',#4294,2.56946207944502);
#750=CYLINDRICAL_SURFACE('',#4296,5.);
#751=TOROIDAL_SURFACE('',#3846,0.6,0.5);
#752=TOROIDAL_SURFACE('',#3864,0.6,0.5);
#753=TOROIDAL_SURFACE('',#3876,0.6,0.5);
#754=TOROIDAL_SURFACE('',#3888,0.6,0.5);
#755=TOROIDAL_SURFACE('',#3923,1.3,0.9);
#756=TOROIDAL_SURFACE('',#3931,1.3,0.9);
#757=TOROIDAL_SURFACE('',#3937,1.3,0.9);
#758=TOROIDAL_SURFACE('',#3940,1.3,0.9);
#759=TOROIDAL_SURFACE('',#3945,1.3,0.9);
#760=TOROIDAL_SURFACE('',#3947,1.3,0.9);
#761=TOROIDAL_SURFACE('',#3952,1.3,0.9);
#762=TOROIDAL_SURFACE('',#3958,1.3,0.9);
#763=TOROIDAL_SURFACE('',#3994,3.3,1.7);
#764=TOROIDAL_SURFACE('',#3997,3.3,1.7);
#765=TOROIDAL_SURFACE('',#4001,3.3,1.7);
#766=TOROIDAL_SURFACE('',#4003,3.3,1.7);
#767=TOROIDAL_SURFACE('',#4010,3.3,0.5);
#768=TOROIDAL_SURFACE('',#4014,3.3,0.5);
#769=TOROIDAL_SURFACE('',#4041,0.6,0.5);
#770=TOROIDAL_SURFACE('',#4047,0.6,0.5);
#771=TOROIDAL_SURFACE('',#4066,0.6,0.5);
#772=TOROIDAL_SURFACE('',#4072,0.6,0.5);
#773=TOROIDAL_SURFACE('',#4079,0.6,0.5);
#774=TOROIDAL_SURFACE('',#4085,0.6,0.5);
#775=TOROIDAL_SURFACE('',#4092,0.6,0.5);
#776=TOROIDAL_SURFACE('',#4098,0.6,0.5);
#777=TOROIDAL_SURFACE('',#4134,3.3,0.5);
#778=TOROIDAL_SURFACE('',#4138,3.3,0.5);
#779=TOROIDAL_SURFACE('',#4171,0.600000000000007,0.5);
#780=TOROIDAL_SURFACE('',#4176,0.6,0.5);
#781=TOROIDAL_SURFACE('',#4181,0.599999999999998,0.5);
#782=TOROIDAL_SURFACE('',#4187,0.6,0.5);
#783=TOROIDAL_SURFACE('',#4194,0.6,0.5);
#784=TOROIDAL_SURFACE('',#4200,0.599999999999993,0.5);
#785=TOROIDAL_SURFACE('',#4207,0.599999999999998,0.5);
#786=TOROIDAL_SURFACE('',#4213,0.599999999999998,0.5);
#787=TOROIDAL_SURFACE('',#4241,3.06946207944502,0.5);
#788=TOROIDAL_SURFACE('',#4245,3.06946207944502,0.5);
#789=FACE_OUTER_BOUND('',#1031,.T.);
#790=FACE_OUTER_BOUND('',#1032,.T.);
#791=FACE_OUTER_BOUND('',#1033,.T.);
#792=FACE_OUTER_BOUND('',#1034,.T.);
#793=FACE_OUTER_BOUND('',#1035,.T.);
#794=FACE_OUTER_BOUND('',#1036,.T.);
#795=FACE_OUTER_BOUND('',#1037,.T.);
#796=FACE_OUTER_BOUND('',#1038,.T.);
#797=FACE_OUTER_BOUND('',#1039,.T.);
#798=FACE_OUTER_BOUND('',#1040,.T.);
#799=FACE_OUTER_BOUND('',#1041,.T.);
#800=FACE_OUTER_BOUND('',#1042,.T.);
#801=FACE_OUTER_BOUND('',#1043,.T.);
#802=FACE_OUTER_BOUND('',#1044,.T.);
#803=FACE_OUTER_BOUND('',#1045,.T.);
#804=FACE_OUTER_BOUND('',#1046,.T.);
#805=FACE_OUTER_BOUND('',#1047,.T.);
#806=FACE_OUTER_BOUND('',#1048,.T.);
#807=FACE_OUTER_BOUND('',#1049,.T.);
#808=FACE_OUTER_BOUND('',#1050,.T.);
#809=FACE_OUTER_BOUND('',#1051,.T.);
#810=FACE_OUTER_BOUND('',#1052,.T.);
#811=FACE_OUTER_BOUND('',#1053,.T.);
#812=FACE_OUTER_BOUND('',#1054,.T.);
#813=FACE_OUTER_BOUND('',#1055,.T.);
#814=FACE_OUTER_BOUND('',#1056,.T.);
#815=FACE_OUTER_BOUND('',#1057,.T.);
#816=FACE_OUTER_BOUND('',#1058,.T.);
#817=FACE_OUTER_BOUND('',#1059,.T.);
#818=FACE_OUTER_BOUND('',#1060,.T.);
#819=FACE_OUTER_BOUND('',#1061,.T.);
#820=FACE_OUTER_BOUND('',#1062,.T.);
#821=FACE_OUTER_BOUND('',#1063,.T.);
#822=FACE_OUTER_BOUND('',#1064,.T.);
#823=FACE_OUTER_BOUND('',#1065,.T.);
#824=FACE_OUTER_BOUND('',#1066,.T.);
#825=FACE_OUTER_BOUND('',#1067,.T.);
#826=FACE_OUTER_BOUND('',#1068,.T.);
#827=FACE_OUTER_BOUND('',#1069,.T.);
#828=FACE_OUTER_BOUND('',#1070,.T.);
#829=FACE_OUTER_BOUND('',#1071,.T.);
#830=FACE_OUTER_BOUND('',#1072,.T.);
#831=FACE_OUTER_BOUND('',#1073,.T.);
#832=FACE_OUTER_BOUND('',#1074,.T.);
#833=FACE_OUTER_BOUND('',#1075,.T.);
#834=FACE_OUTER_BOUND('',#1076,.T.);
#835=FACE_OUTER_BOUND('',#1077,.T.);
#836=FACE_OUTER_BOUND('',#1078,.T.);
#837=FACE_OUTER_BOUND('',#1079,.T.);
#838=FACE_OUTER_BOUND('',#1080,.T.);
#839=FACE_OUTER_BOUND('',#1081,.T.);
#840=FACE_OUTER_BOUND('',#1082,.T.);
#841=FACE_OUTER_BOUND('',#1083,.T.);
#842=FACE_OUTER_BOUND('',#1084,.T.);
#843=FACE_OUTER_BOUND('',#1085,.T.);
#844=FACE_OUTER_BOUND('',#1086,.T.);
#845=FACE_OUTER_BOUND('',#1087,.T.);
#846=FACE_OUTER_BOUND('',#1088,.T.);
#847=FACE_OUTER_BOUND('',#1089,.T.);
#848=FACE_OUTER_BOUND('',#1090,.T.);
#849=FACE_OUTER_BOUND('',#1091,.T.);
#850=FACE_OUTER_BOUND('',#1092,.T.);
#851=FACE_OUTER_BOUND('',#1093,.T.);
#852=FACE_OUTER_BOUND('',#1094,.T.);
#853=FACE_OUTER_BOUND('',#1095,.T.);
#854=FACE_OUTER_BOUND('',#1096,.T.);
#855=FACE_OUTER_BOUND('',#1097,.T.);
#856=FACE_OUTER_BOUND('',#1098,.T.);
#857=FACE_OUTER_BOUND('',#1099,.T.);
#858=FACE_OUTER_BOUND('',#1100,.T.);
#859=FACE_OUTER_BOUND('',#1101,.T.);
#860=FACE_OUTER_BOUND('',#1102,.T.);
#861=FACE_OUTER_BOUND('',#1103,.T.);
#862=FACE_OUTER_BOUND('',#1104,.T.);
#863=FACE_OUTER_BOUND('',#1105,.T.);
#864=FACE_OUTER_BOUND('',#1106,.T.);
#865=FACE_OUTER_BOUND('',#1107,.T.);
#866=FACE_OUTER_BOUND('',#1108,.T.);
#867=FACE_OUTER_BOUND('',#1109,.T.);
#868=FACE_OUTER_BOUND('',#1110,.T.);
#869=FACE_OUTER_BOUND('',#1111,.T.);
#870=FACE_OUTER_BOUND('',#1112,.T.);
#871=FACE_OUTER_BOUND('',#1113,.T.);
#872=FACE_OUTER_BOUND('',#1114,.T.);
#873=FACE_OUTER_BOUND('',#1115,.T.);
#874=FACE_OUTER_BOUND('',#1116,.T.);
#875=FACE_OUTER_BOUND('',#1117,.T.);
#876=FACE_OUTER_BOUND('',#1118,.T.);
#877=FACE_OUTER_BOUND('',#1119,.T.);
#878=FACE_OUTER_BOUND('',#1120,.T.);
#879=FACE_OUTER_BOUND('',#1121,.T.);
#880=FACE_OUTER_BOUND('',#1122,.T.);
#881=FACE_OUTER_BOUND('',#1123,.T.);
#882=FACE_OUTER_BOUND('',#1124,.T.);
#883=FACE_OUTER_BOUND('',#1125,.T.);
#884=FACE_OUTER_BOUND('',#1126,.T.);
#885=FACE_OUTER_BOUND('',#1127,.T.);
#886=FACE_OUTER_BOUND('',#1128,.T.);
#887=FACE_OUTER_BOUND('',#1129,.T.);
#888=FACE_OUTER_BOUND('',#1130,.T.);
#889=FACE_OUTER_BOUND('',#1131,.T.);
#890=FACE_OUTER_BOUND('',#1132,.T.);
#891=FACE_OUTER_BOUND('',#1133,.T.);
#892=FACE_OUTER_BOUND('',#1134,.T.);
#893=FACE_OUTER_BOUND('',#1136,.T.);
#894=FACE_OUTER_BOUND('',#1137,.T.);
#895=FACE_OUTER_BOUND('',#1138,.T.);
#896=FACE_OUTER_BOUND('',#1139,.T.);
#897=FACE_OUTER_BOUND('',#1140,.T.);
#898=FACE_OUTER_BOUND('',#1141,.T.);
#899=FACE_OUTER_BOUND('',#1142,.T.);
#900=FACE_OUTER_BOUND('',#1143,.T.);
#901=FACE_OUTER_BOUND('',#1144,.T.);
#902=FACE_OUTER_BOUND('',#1145,.T.);
#903=FACE_OUTER_BOUND('',#1146,.T.);
#904=FACE_OUTER_BOUND('',#1147,.T.);
#905=FACE_OUTER_BOUND('',#1148,.T.);
#906=FACE_OUTER_BOUND('',#1149,.T.);
#907=FACE_OUTER_BOUND('',#1150,.T.);
#908=FACE_OUTER_BOUND('',#1151,.T.);
#909=FACE_OUTER_BOUND('',#1152,.T.);
#910=FACE_OUTER_BOUND('',#1153,.T.);
#911=FACE_OUTER_BOUND('',#1154,.T.);
#912=FACE_OUTER_BOUND('',#1155,.T.);
#913=FACE_OUTER_BOUND('',#1156,.T.);
#914=FACE_OUTER_BOUND('',#1157,.T.);
#915=FACE_OUTER_BOUND('',#1158,.T.);
#916=FACE_OUTER_BOUND('',#1159,.T.);
#917=FACE_OUTER_BOUND('',#1160,.T.);
#918=FACE_OUTER_BOUND('',#1161,.T.);
#919=FACE_OUTER_BOUND('',#1162,.T.);
#920=FACE_OUTER_BOUND('',#1163,.T.);
#921=FACE_OUTER_BOUND('',#1164,.T.);
#922=FACE_OUTER_BOUND('',#1165,.T.);
#923=FACE_OUTER_BOUND('',#1166,.T.);
#924=FACE_OUTER_BOUND('',#1167,.T.);
#925=FACE_OUTER_BOUND('',#1168,.T.);
#926=FACE_OUTER_BOUND('',#1169,.T.);
#927=FACE_OUTER_BOUND('',#1170,.T.);
#928=FACE_OUTER_BOUND('',#1171,.T.);
#929=FACE_OUTER_BOUND('',#1172,.T.);
#930=FACE_OUTER_BOUND('',#1173,.T.);
#931=FACE_OUTER_BOUND('',#1174,.T.);
#932=FACE_OUTER_BOUND('',#1175,.T.);
#933=FACE_OUTER_BOUND('',#1176,.T.);
#934=FACE_OUTER_BOUND('',#1177,.T.);
#935=FACE_OUTER_BOUND('',#1178,.T.);
#936=FACE_OUTER_BOUND('',#1179,.T.);
#937=FACE_OUTER_BOUND('',#1181,.T.);
#938=FACE_OUTER_BOUND('',#1182,.T.);
#939=FACE_OUTER_BOUND('',#1183,.T.);
#940=FACE_OUTER_BOUND('',#1184,.T.);
#941=FACE_OUTER_BOUND('',#1185,.T.);
#942=FACE_OUTER_BOUND('',#1186,.T.);
#943=FACE_OUTER_BOUND('',#1187,.T.);
#944=FACE_OUTER_BOUND('',#1188,.T.);
#945=FACE_OUTER_BOUND('',#1189,.T.);
#946=FACE_OUTER_BOUND('',#1190,.T.);
#947=FACE_OUTER_BOUND('',#1191,.T.);
#948=FACE_OUTER_BOUND('',#1192,.T.);
#949=FACE_OUTER_BOUND('',#1193,.T.);
#950=FACE_OUTER_BOUND('',#1194,.T.);
#951=FACE_OUTER_BOUND('',#1195,.T.);
#952=FACE_OUTER_BOUND('',#1197,.T.);
#953=FACE_OUTER_BOUND('',#1198,.T.);
#954=FACE_OUTER_BOUND('',#1199,.T.);
#955=FACE_OUTER_BOUND('',#1200,.T.);
#956=FACE_OUTER_BOUND('',#1201,.T.);
#957=FACE_OUTER_BOUND('',#1202,.T.);
#958=FACE_OUTER_BOUND('',#1203,.T.);
#959=FACE_OUTER_BOUND('',#1204,.T.);
#960=FACE_OUTER_BOUND('',#1205,.T.);
#961=FACE_OUTER_BOUND('',#1206,.T.);
#962=FACE_OUTER_BOUND('',#1207,.T.);
#963=FACE_OUTER_BOUND('',#1208,.T.);
#964=FACE_OUTER_BOUND('',#1209,.T.);
#965=FACE_OUTER_BOUND('',#1210,.T.);
#966=FACE_OUTER_BOUND('',#1211,.T.);
#967=FACE_OUTER_BOUND('',#1212,.T.);
#968=FACE_OUTER_BOUND('',#1213,.T.);
#969=FACE_OUTER_BOUND('',#1214,.T.);
#970=FACE_OUTER_BOUND('',#1215,.T.);
#971=FACE_OUTER_BOUND('',#1216,.T.);
#972=FACE_OUTER_BOUND('',#1217,.T.);
#973=FACE_OUTER_BOUND('',#1218,.T.);
#974=FACE_OUTER_BOUND('',#1219,.T.);
#975=FACE_OUTER_BOUND('',#1220,.T.);
#976=FACE_OUTER_BOUND('',#1221,.T.);
#977=FACE_OUTER_BOUND('',#1222,.T.);
#978=FACE_OUTER_BOUND('',#1223,.T.);
#979=FACE_OUTER_BOUND('',#1224,.T.);
#980=FACE_OUTER_BOUND('',#1225,.T.);
#981=FACE_OUTER_BOUND('',#1226,.T.);
#982=FACE_OUTER_BOUND('',#1227,.T.);
#983=FACE_OUTER_BOUND('',#1228,.T.);
#984=FACE_OUTER_BOUND('',#1229,.T.);
#985=FACE_OUTER_BOUND('',#1230,.T.);
#986=FACE_OUTER_BOUND('',#1231,.T.);
#987=FACE_OUTER_BOUND('',#1232,.T.);
#988=FACE_OUTER_BOUND('',#1233,.T.);
#989=FACE_OUTER_BOUND('',#1234,.T.);
#990=FACE_OUTER_BOUND('',#1235,.T.);
#991=FACE_OUTER_BOUND('',#1236,.T.);
#992=FACE_OUTER_BOUND('',#1237,.T.);
#993=FACE_OUTER_BOUND('',#1238,.T.);
#994=FACE_OUTER_BOUND('',#1239,.T.);
#995=FACE_OUTER_BOUND('',#1240,.T.);
#996=FACE_OUTER_BOUND('',#1241,.T.);
#997=FACE_OUTER_BOUND('',#1243,.T.);
#998=FACE_OUTER_BOUND('',#1244,.T.);
#999=FACE_OUTER_BOUND('',#1245,.T.);
#1000=FACE_OUTER_BOUND('',#1246,.T.);
#1001=FACE_OUTER_BOUND('',#1247,.T.);
#1002=FACE_OUTER_BOUND('',#1248,.T.);
#1003=FACE_OUTER_BOUND('',#1249,.T.);
#1004=FACE_OUTER_BOUND('',#1251,.T.);
#1005=FACE_OUTER_BOUND('',#1252,.T.);
#1006=FACE_OUTER_BOUND('',#1253,.T.);
#1007=FACE_OUTER_BOUND('',#1254,.T.);
#1008=FACE_OUTER_BOUND('',#1255,.T.);
#1009=FACE_OUTER_BOUND('',#1256,.T.);
#1010=FACE_OUTER_BOUND('',#1257,.T.);
#1011=FACE_OUTER_BOUND('',#1258,.T.);
#1012=FACE_OUTER_BOUND('',#1259,.T.);
#1013=FACE_OUTER_BOUND('',#1260,.T.);
#1014=FACE_OUTER_BOUND('',#1261,.T.);
#1015=FACE_OUTER_BOUND('',#1262,.T.);
#1016=FACE_OUTER_BOUND('',#1263,.T.);
#1017=FACE_OUTER_BOUND('',#1264,.T.);
#1018=FACE_OUTER_BOUND('',#1265,.T.);
#1019=FACE_OUTER_BOUND('',#1266,.T.);
#1020=FACE_OUTER_BOUND('',#1267,.T.);
#1021=FACE_OUTER_BOUND('',#1268,.T.);
#1022=FACE_OUTER_BOUND('',#1269,.T.);
#1023=FACE_OUTER_BOUND('',#1270,.T.);
#1024=FACE_OUTER_BOUND('',#1271,.T.);
#1025=FACE_OUTER_BOUND('',#1272,.T.);
#1026=FACE_OUTER_BOUND('',#1273,.T.);
#1027=FACE_OUTER_BOUND('',#1274,.T.);
#1028=FACE_OUTER_BOUND('',#1275,.T.);
#1029=FACE_OUTER_BOUND('',#1276,.T.);
#1030=FACE_OUTER_BOUND('',#1277,.T.);
#1031=EDGE_LOOP('',(#2420,#2421,#2422));
#1032=EDGE_LOOP('',(#2423,#2424,#2425));
#1033=EDGE_LOOP('',(#2426,#2427,#2428));
#1034=EDGE_LOOP('',(#2429,#2430,#2431));
#1035=EDGE_LOOP('',(#2432,#2433,#2434));
#1036=EDGE_LOOP('',(#2435,#2436,#2437));
#1037=EDGE_LOOP('',(#2438,#2439,#2440,#2441));
#1038=EDGE_LOOP('',(#2442,#2443,#2444,#2445));
#1039=EDGE_LOOP('',(#2446,#2447,#2448,#2449));
#1040=EDGE_LOOP('',(#2450,#2451,#2452,#2453));
#1041=EDGE_LOOP('',(#2454,#2455,#2456));
#1042=EDGE_LOOP('',(#2457,#2458,#2459,#2460));
#1043=EDGE_LOOP('',(#2461,#2462,#2463));
#1044=EDGE_LOOP('',(#2464,#2465,#2466));
#1045=EDGE_LOOP('',(#2467,#2468,#2469,#2470));
#1046=EDGE_LOOP('',(#2471,#2472,#2473,#2474));
#1047=EDGE_LOOP('',(#2475,#2476,#2477));
#1048=EDGE_LOOP('',(#2478,#2479,#2480,#2481));
#1049=EDGE_LOOP('',(#2482,#2483,#2484,#2485));
#1050=EDGE_LOOP('',(#2486,#2487,#2488,#2489));
#1051=EDGE_LOOP('',(#2490,#2491,#2492,#2493));
#1052=EDGE_LOOP('',(#2494,#2495,#2496,#2497));
#1053=EDGE_LOOP('',(#2498,#2499,#2500,#2501));
#1054=EDGE_LOOP('',(#2502,#2503,#2504,#2505));
#1055=EDGE_LOOP('',(#2506,#2507,#2508));
#1056=EDGE_LOOP('',(#2509,#2510,#2511,#2512));
#1057=EDGE_LOOP('',(#2513,#2514,#2515,#2516));
#1058=EDGE_LOOP('',(#2517,#2518,#2519,#2520));
#1059=EDGE_LOOP('',(#2521,#2522,#2523,#2524));
#1060=EDGE_LOOP('',(#2525,#2526,#2527));
#1061=EDGE_LOOP('',(#2528,#2529,#2530,#2531));
#1062=EDGE_LOOP('',(#2532,#2533,#2534,#2535));
#1063=EDGE_LOOP('',(#2536,#2537,#2538,#2539));
#1064=EDGE_LOOP('',(#2540,#2541,#2542,#2543));
#1065=EDGE_LOOP('',(#2544,#2545,#2546,#2547));
#1066=EDGE_LOOP('',(#2548,#2549,#2550,#2551));
#1067=EDGE_LOOP('',(#2552,#2553,#2554,#2555));
#1068=EDGE_LOOP('',(#2556,#2557,#2558,#2559));
#1069=EDGE_LOOP('',(#2560,#2561,#2562,#2563));
#1070=EDGE_LOOP('',(#2564,#2565,#2566,#2567));
#1071=EDGE_LOOP('',(#2568,#2569,#2570,#2571));
#1072=EDGE_LOOP('',(#2572,#2573,#2574,#2575));
#1073=EDGE_LOOP('',(#2576,#2577,#2578,#2579));
#1074=EDGE_LOOP('',(#2580,#2581,#2582,#2583));
#1075=EDGE_LOOP('',(#2584,#2585,#2586,#2587));
#1076=EDGE_LOOP('',(#2588,#2589,#2590,#2591));
#1077=EDGE_LOOP('',(#2592,#2593,#2594,#2595,#2596,#2597,#2598,#2599,#2600,
#2601,#2602,#2603,#2604,#2605,#2606,#2607));
#1078=EDGE_LOOP('',(#2608,#2609,#2610,#2611,#2612));
#1079=EDGE_LOOP('',(#2613,#2614,#2615,#2616));
#1080=EDGE_LOOP('',(#2617,#2618,#2619,#2620));
#1081=EDGE_LOOP('',(#2621,#2622,#2623,#2624,#2625));
#1082=EDGE_LOOP('',(#2626,#2627,#2628,#2629,#2630,#2631,#2632,#2633));
#1083=EDGE_LOOP('',(#2634,#2635,#2636,#2637,#2638));
#1084=EDGE_LOOP('',(#2639,#2640,#2641,#2642,#2643));
#1085=EDGE_LOOP('',(#2644,#2645,#2646,#2647,#2648,#2649,#2650,#2651));
#1086=EDGE_LOOP('',(#2652,#2653,#2654,#2655,#2656));
#1087=EDGE_LOOP('',(#2657,#2658,#2659,#2660,#2661));
#1088=EDGE_LOOP('',(#2662,#2663,#2664,#2665,#2666,#2667,#2668,#2669));
#1089=EDGE_LOOP('',(#2670,#2671,#2672,#2673,#2674));
#1090=EDGE_LOOP('',(#2675,#2676,#2677,#2678));
#1091=EDGE_LOOP('',(#2679,#2680,#2681,#2682));
#1092=EDGE_LOOP('',(#2683,#2684,#2685,#2686,#2687));
#1093=EDGE_LOOP('',(#2688,#2689,#2690,#2691,#2692,#2693,#2694,#2695));
#1094=EDGE_LOOP('',(#2696,#2697,#2698,#2699));
#1095=EDGE_LOOP('',(#2700,#2701,#2702,#2703));
#1096=EDGE_LOOP('',(#2704,#2705,#2706,#2707));
#1097=EDGE_LOOP('',(#2708,#2709,#2710,#2711,#2712,#2713));
#1098=EDGE_LOOP('',(#2714,#2715,#2716,#2717,#2718,#2719));
#1099=EDGE_LOOP('',(#2720,#2721,#2722,#2723,#2724,#2725));
#1100=EDGE_LOOP('',(#2726,#2727,#2728,#2729,#2730,#2731,#2732));
#1101=EDGE_LOOP('',(#2733,#2734,#2735,#2736,#2737,#2738));
#1102=EDGE_LOOP('',(#2739,#2740,#2741,#2742,#2743,#2744));
#1103=EDGE_LOOP('',(#2745,#2746,#2747,#2748,#2749,#2750));
#1104=EDGE_LOOP('',(#2751,#2752));
#1105=EDGE_LOOP('',(#2753,#2754,#2755,#2756,#2757,#2758,#2759));
#1106=EDGE_LOOP('',(#2760,#2761,#2762,#2763,#2764,#2765,#2766));
#1107=EDGE_LOOP('',(#2767,#2768));
#1108=EDGE_LOOP('',(#2769,#2770));
#1109=EDGE_LOOP('',(#2771,#2772,#2773,#2774,#2775,#2776,#2777));
#1110=EDGE_LOOP('',(#2778,#2779,#2780,#2781,#2782,#2783,#2784));
#1111=EDGE_LOOP('',(#2785,#2786,#2787,#2788,#2789,#2790));
#1112=EDGE_LOOP('',(#2791,#2792,#2793,#2794,#2795,#2796));
#1113=EDGE_LOOP('',(#2797,#2798,#2799,#2800));
#1114=EDGE_LOOP('',(#2801,#2802,#2803,#2804));
#1115=EDGE_LOOP('',(#2805,#2806,#2807,#2808));
#1116=EDGE_LOOP('',(#2809,#2810,#2811,#2812));
#1117=EDGE_LOOP('',(#2813,#2814,#2815,#2816));
#1118=EDGE_LOOP('',(#2817,#2818,#2819,#2820,#2821,#2822));
#1119=EDGE_LOOP('',(#2823,#2824,#2825,#2826));
#1120=EDGE_LOOP('',(#2827,#2828,#2829,#2830,#2831,#2832));
#1121=EDGE_LOOP('',(#2833,#2834,#2835,#2836,#2837,#2838));
#1122=EDGE_LOOP('',(#2839,#2840,#2841,#2842));
#1123=EDGE_LOOP('',(#2843,#2844,#2845,#2846));
#1124=EDGE_LOOP('',(#2847,#2848));
#1125=EDGE_LOOP('',(#2849,#2850,#2851,#2852,#2853,#2854,#2855,#2856,#2857,
#2858,#2859,#2860,#2861,#2862,#2863,#2864,#2865,#2866,#2867,#2868));
#1126=EDGE_LOOP('',(#2869,#2870,#2871,#2872));
#1127=EDGE_LOOP('',(#2873,#2874,#2875,#2876));
#1128=EDGE_LOOP('',(#2877,#2878,#2879,#2880));
#1129=EDGE_LOOP('',(#2881,#2882,#2883,#2884));
#1130=EDGE_LOOP('',(#2885,#2886,#2887,#2888));
#1131=EDGE_LOOP('',(#2889,#2890,#2891,#2892));
#1132=EDGE_LOOP('',(#2893,#2894,#2895,#2896));
#1133=EDGE_LOOP('',(#2897,#2898,#2899,#2900));
#1134=EDGE_LOOP('',(#2901));
#1135=EDGE_LOOP('',(#2902,#2903,#2904,#2905));
#1136=EDGE_LOOP('',(#2906,#2907,#2908,#2909));
#1137=EDGE_LOOP('',(#2910,#2911,#2912,#2913));
#1138=EDGE_LOOP('',(#2914,#2915,#2916,#2917));
#1139=EDGE_LOOP('',(#2918,#2919,#2920,#2921));
#1140=EDGE_LOOP('',(#2922,#2923,#2924));
#1141=EDGE_LOOP('',(#2925,#2926,#2927,#2928));
#1142=EDGE_LOOP('',(#2929,#2930,#2931));
#1143=EDGE_LOOP('',(#2932,#2933,#2934,#2935));
#1144=EDGE_LOOP('',(#2936,#2937,#2938,#2939));
#1145=EDGE_LOOP('',(#2940,#2941,#2942,#2943));
#1146=EDGE_LOOP('',(#2944,#2945,#2946,#2947));
#1147=EDGE_LOOP('',(#2948,#2949,#2950,#2951));
#1148=EDGE_LOOP('',(#2952,#2953,#2954,#2955));
#1149=EDGE_LOOP('',(#2956,#2957,#2958));
#1150=EDGE_LOOP('',(#2959,#2960,#2961,#2962));
#1151=EDGE_LOOP('',(#2963,#2964,#2965));
#1152=EDGE_LOOP('',(#2966,#2967,#2968,#2969));
#1153=EDGE_LOOP('',(#2970,#2971,#2972,#2973));
#1154=EDGE_LOOP('',(#2974,#2975,#2976,#2977));
#1155=EDGE_LOOP('',(#2978,#2979,#2980,#2981));
#1156=EDGE_LOOP('',(#2982,#2983,#2984,#2985));
#1157=EDGE_LOOP('',(#2986,#2987,#2988,#2989));
#1158=EDGE_LOOP('',(#2990,#2991,#2992,#2993));
#1159=EDGE_LOOP('',(#2994,#2995,#2996,#2997));
#1160=EDGE_LOOP('',(#2998,#2999,#3000,#3001));
#1161=EDGE_LOOP('',(#3002,#3003,#3004,#3005));
#1162=EDGE_LOOP('',(#3006,#3007,#3008,#3009));
#1163=EDGE_LOOP('',(#3010,#3011,#3012,#3013));
#1164=EDGE_LOOP('',(#3014,#3015,#3016,#3017));
#1165=EDGE_LOOP('',(#3018,#3019,#3020,#3021));
#1166=EDGE_LOOP('',(#3022,#3023,#3024,#3025));
#1167=EDGE_LOOP('',(#3026,#3027,#3028,#3029));
#1168=EDGE_LOOP('',(#3030,#3031,#3032,#3033,#3034));
#1169=EDGE_LOOP('',(#3035,#3036,#3037,#3038));
#1170=EDGE_LOOP('',(#3039,#3040,#3041,#3042));
#1171=EDGE_LOOP('',(#3043,#3044,#3045,#3046));
#1172=EDGE_LOOP('',(#3047,#3048,#3049,#3050,#3051));
#1173=EDGE_LOOP('',(#3052,#3053,#3054,#3055));
#1174=EDGE_LOOP('',(#3056,#3057,#3058,#3059));
#1175=EDGE_LOOP('',(#3060,#3061,#3062,#3063));
#1176=EDGE_LOOP('',(#3064,#3065,#3066,#3067));
#1177=EDGE_LOOP('',(#3068,#3069,#3070,#3071));
#1178=EDGE_LOOP('',(#3072,#3073,#3074,#3075,#3076,#3077,#3078,#3079,#3080,
#3081,#3082,#3083));
#1179=EDGE_LOOP('',(#3084));
#1180=EDGE_LOOP('',(#3085,#3086,#3087,#3088,#3089,#3090,#3091,#3092,#3093,
#3094,#3095,#3096,#3097,#3098,#3099,#3100,#3101,#3102,#3103,#3104));
#1181=EDGE_LOOP('',(#3105,#3106,#3107,#3108));
#1182=EDGE_LOOP('',(#3109,#3110,#3111,#3112));
#1183=EDGE_LOOP('',(#3113,#3114,#3115,#3116));
#1184=EDGE_LOOP('',(#3117,#3118,#3119,#3120,#3121));
#1185=EDGE_LOOP('',(#3122,#3123,#3124,#3125));
#1186=EDGE_LOOP('',(#3126,#3127,#3128,#3129));
#1187=EDGE_LOOP('',(#3130,#3131,#3132,#3133));
#1188=EDGE_LOOP('',(#3134,#3135,#3136,#3137));
#1189=EDGE_LOOP('',(#3138,#3139,#3140,#3141));
#1190=EDGE_LOOP('',(#3142,#3143,#3144,#3145));
#1191=EDGE_LOOP('',(#3146,#3147,#3148,#3149));
#1192=EDGE_LOOP('',(#3150,#3151,#3152,#3153));
#1193=EDGE_LOOP('',(#3154,#3155,#3156,#3157));
#1194=EDGE_LOOP('',(#3158,#3159,#3160,#3161,#3162,#3163));
#1195=EDGE_LOOP('',(#3164));
#1196=EDGE_LOOP('',(#3165,#3166,#3167,#3168));
#1197=EDGE_LOOP('',(#3169,#3170,#3171,#3172,#3173,#3174,#3175,#3176,#3177,
#3178,#3179,#3180));
#1198=EDGE_LOOP('',(#3181,#3182,#3183,#3184,#3185));
#1199=EDGE_LOOP('',(#3186,#3187,#3188,#3189));
#1200=EDGE_LOOP('',(#3190,#3191,#3192,#3193,#3194,#3195));
#1201=EDGE_LOOP('',(#3196,#3197,#3198,#3199,#3200,#3201));
#1202=EDGE_LOOP('',(#3202,#3203,#3204,#3205));
#1203=EDGE_LOOP('',(#3206,#3207,#3208,#3209,#3210,#3211));
#1204=EDGE_LOOP('',(#3212,#3213,#3214,#3215));
#1205=EDGE_LOOP('',(#3216,#3217,#3218));
#1206=EDGE_LOOP('',(#3219,#3220,#3221));
#1207=EDGE_LOOP('',(#3222,#3223,#3224));
#1208=EDGE_LOOP('',(#3225,#3226,#3227));
#1209=EDGE_LOOP('',(#3228,#3229,#3230,#3231));
#1210=EDGE_LOOP('',(#3232,#3233,#3234,#3235));
#1211=EDGE_LOOP('',(#3236,#3237,#3238,#3239));
#1212=EDGE_LOOP('',(#3240,#3241,#3242,#3243));
#1213=EDGE_LOOP('',(#3244,#3245,#3246,#3247));
#1214=EDGE_LOOP('',(#3248,#3249,#3250,#3251));
#1215=EDGE_LOOP('',(#3252,#3253,#3254,#3255));
#1216=EDGE_LOOP('',(#3256,#3257,#3258,#3259));
#1217=EDGE_LOOP('',(#3260,#3261,#3262,#3263));
#1218=EDGE_LOOP('',(#3264,#3265,#3266,#3267));
#1219=EDGE_LOOP('',(#3268,#3269,#3270,#3271));
#1220=EDGE_LOOP('',(#3272,#3273,#3274,#3275));
#1221=EDGE_LOOP('',(#3276,#3277,#3278,#3279));
#1222=EDGE_LOOP('',(#3280,#3281,#3282,#3283));
#1223=EDGE_LOOP('',(#3284,#3285,#3286,#3287));
#1224=EDGE_LOOP('',(#3288,#3289,#3290,#3291));
#1225=EDGE_LOOP('',(#3292,#3293,#3294,#3295));
#1226=EDGE_LOOP('',(#3296,#3297,#3298,#3299));
#1227=EDGE_LOOP('',(#3300,#3301,#3302,#3303));
#1228=EDGE_LOOP('',(#3304,#3305,#3306,#3307));
#1229=EDGE_LOOP('',(#3308,#3309,#3310,#3311,#3312));
#1230=EDGE_LOOP('',(#3313,#3314,#3315,#3316));
#1231=EDGE_LOOP('',(#3317,#3318,#3319,#3320));
#1232=EDGE_LOOP('',(#3321,#3322,#3323,#3324,#3325));
#1233=EDGE_LOOP('',(#3326,#3327,#3328,#3329));
#1234=EDGE_LOOP('',(#3330,#3331,#3332,#3333));
#1235=EDGE_LOOP('',(#3334,#3335,#3336,#3337));
#1236=EDGE_LOOP('',(#3338,#3339,#3340,#3341,#3342));
#1237=EDGE_LOOP('',(#3343,#3344,#3345,#3346));
#1238=EDGE_LOOP('',(#3347,#3348,#3349,#3350));
#1239=EDGE_LOOP('',(#3351,#3352,#3353,#3354,#3355));
#1240=EDGE_LOOP('',(#3356,#3357,#3358,#3359,#3360,#3361));
#1241=EDGE_LOOP('',(#3362));
#1242=EDGE_LOOP('',(#3363,#3364,#3365,#3366,#3367,#3368,#3369,#3370,#3371,
#3372,#3373,#3374,#3375,#3376,#3377,#3378,#3379,#3380,#3381,#3382));
#1243=EDGE_LOOP('',(#3383,#3384,#3385,#3386));
#1244=EDGE_LOOP('',(#3387,#3388,#3389,#3390));
#1245=EDGE_LOOP('',(#3391,#3392,#3393,#3394));
#1246=EDGE_LOOP('',(#3395,#3396,#3397,#3398));
#1247=EDGE_LOOP('',(#3399,#3400,#3401,#3402,#3403,#3404,#3405,#3406));
#1248=EDGE_LOOP('',(#3407,#3408,#3409,#3410,#3411,#3412));
#1249=EDGE_LOOP('',(#3413));
#1250=EDGE_LOOP('',(#3414,#3415,#3416,#3417));
#1251=EDGE_LOOP('',(#3418,#3419,#3420,#3421,#3422,#3423));
#1252=EDGE_LOOP('',(#3424,#3425,#3426,#3427,#3428,#3429));
#1253=EDGE_LOOP('',(#3430,#3431));
#1254=EDGE_LOOP('',(#3432,#3433,#3434,#3435,#3436,#3437));
#1255=EDGE_LOOP('',(#3438,#3439,#3440,#3441,#3442,#3443));
#1256=EDGE_LOOP('',(#3444,#3445));
#1257=EDGE_LOOP('',(#3446,#3447,#3448,#3449));
#1258=EDGE_LOOP('',(#3450,#3451,#3452,#3453));
#1259=EDGE_LOOP('',(#3454,#3455,#3456,#3457));
#1260=EDGE_LOOP('',(#3458,#3459,#3460,#3461,#3462));
#1261=EDGE_LOOP('',(#3463,#3464,#3465,#3466));
#1262=EDGE_LOOP('',(#3467,#3468,#3469,#3470));
#1263=EDGE_LOOP('',(#3471,#3472,#3473,#3474,#3475));
#1264=EDGE_LOOP('',(#3476,#3477,#3478,#3479,#3480,#3481));
#1265=EDGE_LOOP('',(#3482,#3483,#3484,#3485,#3486));
#1266=EDGE_LOOP('',(#3487,#3488,#3489,#3490));
#1267=EDGE_LOOP('',(#3491,#3492,#3493,#3494));
#1268=EDGE_LOOP('',(#3495,#3496,#3497,#3498,#3499));
#1269=EDGE_LOOP('',(#3500,#3501,#3502,#3503,#3504,#3505));
#1270=EDGE_LOOP('',(#3506,#3507,#3508));
#1271=EDGE_LOOP('',(#3509,#3510,#3511));
#1272=EDGE_LOOP('',(#3512,#3513,#3514,#3515,#3516,#3517));
#1273=EDGE_LOOP('',(#3518,#3519,#3520));
#1274=EDGE_LOOP('',(#3521,#3522,#3523));
#1275=EDGE_LOOP('',(#3524,#3525,#3526,#3527,#3528,#3529,#3530,#3531));
#1276=EDGE_LOOP('',(#3532,#3533,#3534,#3535,#3536,#3537));
#1277=EDGE_LOOP('',(#3538,#3539,#3540,#3541));
#1278=CIRCLE('',#3830,0.4);
#1279=CIRCLE('',#3833,0.4);
#1280=CIRCLE('',#3836,0.4);
#1281=CIRCLE('',#3839,0.4);
#1282=CIRCLE('',#3842,0.4);
#1283=CIRCLE('',#3845,0.4);
#1284=CIRCLE('',#3847,0.1);
#1285=CIRCLE('',#3848,0.5);
#1286=CIRCLE('',#3849,0.6);
#1287=CIRCLE('',#3850,0.5);
#1288=CIRCLE('',#3854,0.1);
#1289=CIRCLE('',#3860,0.4);
#1290=CIRCLE('',#3863,0.4);
#1291=CIRCLE('',#3865,0.6);
#1292=CIRCLE('',#3866,0.5);
#1293=CIRCLE('',#3867,0.1);
#1294=CIRCLE('',#3868,0.5);
#1295=CIRCLE('',#3870,0.1);
#1296=CIRCLE('',#3877,0.1);
#1297=CIRCLE('',#3878,0.5);
#1298=CIRCLE('',#3879,0.6);
#1299=CIRCLE('',#3880,0.5);
#1300=CIRCLE('',#3884,0.1);
#1301=CIRCLE('',#3889,0.1);
#1302=CIRCLE('',#3890,0.5);
#1303=CIRCLE('',#3891,0.6);
#1304=CIRCLE('',#3892,0.5);
#1305=CIRCLE('',#3895,0.100000000000001);
#1306=CIRCLE('',#3902,0.4);
#1307=CIRCLE('',#3905,0.4);
#1308=CIRCLE('',#3908,0.9);
#1309=CIRCLE('',#3910,0.9);
#1310=CIRCLE('',#3913,0.4);
#1311=CIRCLE('',#3916,0.4);
#1312=CIRCLE('',#3919,0.9);
#1313=CIRCLE('',#3921,0.9);
#1314=CIRCLE('',#3924,1.3);
#1315=CIRCLE('',#3925,0.9);
#1316=CIRCLE('',#3926,0.4);
#1317=CIRCLE('',#3927,0.9);
#1318=CIRCLE('',#3930,0.9);
#1319=CIRCLE('',#3932,0.4);
#1320=CIRCLE('',#3933,1.3);
#1321=CIRCLE('',#3934,0.9);
#1322=CIRCLE('',#3936,0.9);
#1323=CIRCLE('',#3938,1.3);
#1324=CIRCLE('',#3939,0.4);
#1325=CIRCLE('',#3941,1.3);
#1326=CIRCLE('',#3942,0.9);
#1327=CIRCLE('',#3944,0.9);
#1328=CIRCLE('',#3946,1.3);
#1329=CIRCLE('',#3948,1.3);
#1330=CIRCLE('',#3949,0.9);
#1331=CIRCLE('',#3951,0.9);
#1332=CIRCLE('',#3953,1.3);
#1333=CIRCLE('',#3954,0.9);
#1334=CIRCLE('',#3957,0.9);
#1335=CIRCLE('',#3959,0.4);
#1336=CIRCLE('',#3960,1.3);
#1337=CIRCLE('',#3961,0.9);
#1338=CIRCLE('',#3966,1.7);
#1339=CIRCLE('',#3967,1.7);
#1340=CIRCLE('',#3968,1.7);
#1341=CIRCLE('',#3969,1.7);
#1342=CIRCLE('',#3970,1.7);
#1343=CIRCLE('',#3971,1.7);
#1344=CIRCLE('',#3972,1.7);
#1345=CIRCLE('',#3973,1.7);
#1346=CIRCLE('',#3974,1.7);
#1347=CIRCLE('',#3975,1.7);
#1348=CIRCLE('',#3978,3.3);
#1349=CIRCLE('',#3980,3.3);
#1350=CIRCLE('',#3984,3.3);
#1351=CIRCLE('',#3986,3.3);
#1352=CIRCLE('',#3987,1.7);
#1353=CIRCLE('',#3988,1.7);
#1354=CIRCLE('',#3989,1.7);
#1355=CIRCLE('',#3995,5.);
#1356=CIRCLE('',#3996,1.7);
#1357=CIRCLE('',#3998,5.);
#1358=CIRCLE('',#3999,1.7);
#1359=CIRCLE('',#4000,1.7);
#1360=CIRCLE('',#4002,5.);
#1361=CIRCLE('',#4004,5.);
#1362=CIRCLE('',#4007,5.);
#1363=CIRCLE('',#4011,3.3);
#1364=CIRCLE('',#4012,2.8);
#1365=CIRCLE('',#4015,3.3);
#1366=CIRCLE('',#4016,2.8);
#1367=CIRCLE('',#4020,2.8);
#1368=CIRCLE('',#4024,2.8);
#1369=CIRCLE('',#4028,0.5);
#1370=CIRCLE('',#4029,0.5);
#1371=CIRCLE('',#4030,0.5);
#1372=CIRCLE('',#4032,0.5);
#1373=CIRCLE('',#4034,0.5);
#1374=CIRCLE('',#4035,0.5);
#1375=CIRCLE('',#4036,0.5);
#1376=CIRCLE('',#4038,0.5);
#1377=CIRCLE('',#4040,0.5);
#1378=CIRCLE('',#4042,0.5);
#1379=CIRCLE('',#4043,0.6);
#1380=CIRCLE('',#4044,0.1);
#1381=CIRCLE('',#4046,0.5);
#1382=CIRCLE('',#4048,0.5);
#1383=CIRCLE('',#4049,0.6);
#1384=CIRCLE('',#4050,0.1);
#1385=CIRCLE('',#4053,0.5);
#1386=CIRCLE('',#4054,0.5);
#1387=CIRCLE('',#4055,0.5);
#1388=CIRCLE('',#4057,0.5);
#1389=CIRCLE('',#4059,0.5);
#1390=CIRCLE('',#4060,0.5);
#1391=CIRCLE('',#4061,0.5);
#1392=CIRCLE('',#4063,0.5);
#1393=CIRCLE('',#4065,0.5);
#1394=CIRCLE('',#4067,0.5);
#1395=CIRCLE('',#4068,0.6);
#1396=CIRCLE('',#4069,0.1);
#1397=CIRCLE('',#4071,0.5);
#1398=CIRCLE('',#4073,0.499999999999998);
#1399=CIRCLE('',#4074,0.6);
#1400=CIRCLE('',#4075,0.1);
#1401=CIRCLE('',#4078,0.5);
#1402=CIRCLE('',#4080,0.499999999999998);
#1403=CIRCLE('',#4081,0.6);
#1404=CIRCLE('',#4082,0.1);
#1405=CIRCLE('',#4084,0.5);
#1406=CIRCLE('',#4086,0.5);
#1407=CIRCLE('',#4087,0.6);
#1408=CIRCLE('',#4088,0.1);
#1409=CIRCLE('',#4091,0.5);
#1410=CIRCLE('',#4093,0.5);
#1411=CIRCLE('',#4094,0.6);
#1412=CIRCLE('',#4095,0.1);
#1413=CIRCLE('',#4097,0.5);
#1414=CIRCLE('',#4099,0.499999999999998);
#1415=CIRCLE('',#4100,0.6);
#1416=CIRCLE('',#4101,0.1);
#1417=CIRCLE('',#4105,0.1);
#1418=CIRCLE('',#4108,0.1);
#1419=CIRCLE('',#4112,0.1);
#1420=CIRCLE('',#4115,0.1);
#1421=CIRCLE('',#4118,2.8);
#1422=CIRCLE('',#4120,5.);
#1423=CIRCLE('',#4122,0.1);
#1424=CIRCLE('',#4125,0.1);
#1425=CIRCLE('',#4128,0.1);
#1426=CIRCLE('',#4131,0.1);
#1427=CIRCLE('',#4135,3.3);
#1428=CIRCLE('',#4136,2.8);
#1429=CIRCLE('',#4139,2.8);
#1430=CIRCLE('',#4140,3.3);
#1431=CIRCLE('',#4144,5.);
#1432=CIRCLE('',#4146,2.8);
#1433=CIRCLE('',#4156,0.399999999999999);
#1434=CIRCLE('',#4159,0.399999999999991);
#1435=CIRCLE('',#4162,0.399999999999999);
#1436=CIRCLE('',#4165,0.4);
#1437=CIRCLE('',#4167,0.499999999999998);
#1438=CIRCLE('',#4169,0.5);
#1439=CIRCLE('',#4170,0.499999999999993);
#1440=CIRCLE('',#4172,0.500000000000003);
#1441=CIRCLE('',#4173,0.600000000000007);
#1442=CIRCLE('',#4174,0.100000000000007);
#1443=CIRCLE('',#4177,0.6);
#1444=CIRCLE('',#4178,0.1);
#1445=CIRCLE('',#4180,0.500000000000002);
#1446=CIRCLE('',#4182,0.500000000000003);
#1447=CIRCLE('',#4183,0.599999999999998);
#1448=CIRCLE('',#4184,0.0999999999999979);
#1449=CIRCLE('',#4186,0.499999999999998);
#1450=CIRCLE('',#4188,0.5);
#1451=CIRCLE('',#4189,0.6);
#1452=CIRCLE('',#4190,0.1);
#1453=CIRCLE('',#4193,0.499999999999998);
#1454=CIRCLE('',#4195,0.5);
#1455=CIRCLE('',#4196,0.6);
#1456=CIRCLE('',#4197,0.1);
#1457=CIRCLE('',#4199,0.500000000000007);
#1458=CIRCLE('',#4201,0.499999999999998);
#1459=CIRCLE('',#4202,0.599999999999993);
#1460=CIRCLE('',#4203,0.0999999999999934);
#1461=CIRCLE('',#4206,0.500000000000002);
#1462=CIRCLE('',#4208,0.500000000000003);
#1463=CIRCLE('',#4209,0.599999999999998);
#1464=CIRCLE('',#4210,0.0999999999999979);
#1465=CIRCLE('',#4212,0.499999999999998);
#1466=CIRCLE('',#4214,0.5);
#1467=CIRCLE('',#4215,0.599999999999998);
#1468=CIRCLE('',#4216,0.0999999999999979);
#1469=CIRCLE('',#4219,0.1);
#1470=CIRCLE('',#4220,0.1);
#1471=CIRCLE('',#4223,0.399999999999999);
#1472=CIRCLE('',#4226,0.1);
#1473=CIRCLE('',#4229,0.0999999999999979);
#1474=CIRCLE('',#4232,0.4);
#1475=CIRCLE('',#4235,0.100000000000007);
#1476=CIRCLE('',#4236,0.100000000000007);
#1477=CIRCLE('',#4239,5.);
#1478=CIRCLE('',#4242,3.06946207944502);
#1479=CIRCLE('',#4243,2.56946207944502);
#1480=CIRCLE('',#4246,2.56946207944502);
#1481=CIRCLE('',#4247,3.06946207944502);
#1482=CIRCLE('',#4249,2.56946207944502);
#1483=CIRCLE('',#4250,2.56946207944502);
#1484=CIRCLE('',#4251,2.56946207944502);
#1485=CIRCLE('',#4252,2.56946207944502);
#1486=CIRCLE('',#4253,2.56946207944502);
#1487=CIRCLE('',#4256,5.);
#1488=CIRCLE('',#4258,2.56946207944502);
#1489=CIRCLE('',#4259,0.399999999999991);
#1490=CIRCLE('',#4260,0.0999999999999934);
#1491=CIRCLE('',#4262,0.1);
#1492=CIRCLE('',#4263,0.399999999999999);
#1493=CIRCLE('',#4267,2.56946207944502);
#1494=CIRCLE('',#4269,2.56946207944502);
#1495=CIRCLE('',#4271,0.0999999999999979);
#1496=CIRCLE('',#4274,0.0999999999999979);
#1497=CIRCLE('',#4279,0.0999999999999934);
#1498=CIRCLE('',#4282,0.1);
#1499=CIRCLE('',#4291,2.56946207944502);
#1500=CIRCLE('',#4293,2.56946207944502);
#1501=ELLIPSE('',#3828,0.509901951359279,0.5);
#1502=ELLIPSE('',#3829,0.509901951359279,0.500000000000001);
#1503=ELLIPSE('',#3831,0.509901951359279,0.500000000000001);
#1504=ELLIPSE('',#3832,0.509901951359279,0.5);
#1505=ELLIPSE('',#3834,0.509901951359279,0.5);
#1506=ELLIPSE('',#3835,0.509901951359279,0.500000000000001);
#1507=ELLIPSE('',#3837,0.509901951359279,0.500000000000001);
#1508=ELLIPSE('',#3838,0.509901951359279,0.5);
#1509=ELLIPSE('',#3840,0.509901951359279,0.500000000000001);
#1510=ELLIPSE('',#3841,0.509901951359279,0.500000000000001);
#1511=ELLIPSE('',#3843,0.509901951359279,0.500000000000001);
#1512=ELLIPSE('',#3844,0.509901951359279,0.500000000000001);
#1513=ELLIPSE('',#3855,1.20415945787923,0.9);
#1514=ELLIPSE('',#3856,1.20415945787923,0.9);
#1515=ELLIPSE('',#3858,0.509901951359279,0.5);
#1516=ELLIPSE('',#3859,0.509901951359279,0.500000000000001);
#1517=ELLIPSE('',#3861,0.509901951359279,0.500000000000001);
#1518=ELLIPSE('',#3862,0.509901951359279,0.500000000000001);
#1519=ELLIPSE('',#3871,1.20415945787923,0.9);
#1520=ELLIPSE('',#3872,1.20415945787923,0.9);
#1521=ELLIPSE('',#3885,1.20415945787923,0.9);
#1522=ELLIPSE('',#3886,1.20415945787923,0.9);
#1523=ELLIPSE('',#3896,1.20415945787923,0.9);
#1524=ELLIPSE('',#3897,1.20415945787923,0.9);
#1525=ELLIPSE('',#4154,0.509901951359277,0.5);
#1526=ELLIPSE('',#4155,0.509901951359279,0.5);
#1527=ELLIPSE('',#4157,0.509900505457654,0.5);
#1528=ELLIPSE('',#4158,0.509900505457654,0.5);
#1529=ELLIPSE('',#4160,0.509901951359277,0.5);
#1530=ELLIPSE('',#4161,0.509901951359279,0.500000000000001);
#1531=ELLIPSE('',#4163,0.509901951359279,0.5);
#1532=ELLIPSE('',#4164,0.509901951359281,0.5);
#1533=VERTEX_POINT('',#5508);
#1534=VERTEX_POINT('',#5509);
#1535=VERTEX_POINT('',#5511);
#1536=VERTEX_POINT('',#5539);
#1537=VERTEX_POINT('',#5540);
#1538=VERTEX_POINT('',#5542);
#1539=VERTEX_POINT('',#5570);
#1540=VERTEX_POINT('',#5571);
#1541=VERTEX_POINT('',#5573);
#1542=VERTEX_POINT('',#5601);
#1543=VERTEX_POINT('',#5602);
#1544=VERTEX_POINT('',#5604);
#1545=VERTEX_POINT('',#5632);
#1546=VERTEX_POINT('',#5633);
#1547=VERTEX_POINT('',#5635);
#1548=VERTEX_POINT('',#5663);
#1549=VERTEX_POINT('',#5664);
#1550=VERTEX_POINT('',#5666);
#1551=VERTEX_POINT('',#5670);
#1552=VERTEX_POINT('',#5671);
#1553=VERTEX_POINT('',#5673);
#1554=VERTEX_POINT('',#5675);
#1555=VERTEX_POINT('',#5685);
#1556=VERTEX_POINT('',#5686);
#1557=VERTEX_POINT('',#5715);
#1558=VERTEX_POINT('',#5746);
#1559=VERTEX_POINT('',#5747);
#1560=VERTEX_POINT('',#5749);
#1561=VERTEX_POINT('',#5777);
#1562=VERTEX_POINT('',#5778);
#1563=VERTEX_POINT('',#5780);
#1564=VERTEX_POINT('',#5784);
#1565=VERTEX_POINT('',#5785);
#1566=VERTEX_POINT('',#5787);
#1567=VERTEX_POINT('',#5789);
#1568=VERTEX_POINT('',#5820);
#1569=VERTEX_POINT('',#5821);
#1570=VERTEX_POINT('',#5823);
#1571=VERTEX_POINT('',#5836);
#1572=VERTEX_POINT('',#5837);
#1573=VERTEX_POINT('',#5839);
#1574=VERTEX_POINT('',#5841);
#1575=VERTEX_POINT('',#5851);
#1576=VERTEX_POINT('',#5852);
#1577=VERTEX_POINT('',#5881);
#1578=VERTEX_POINT('',#5888);
#1579=VERTEX_POINT('',#5889);
#1580=VERTEX_POINT('',#5891);
#1581=VERTEX_POINT('',#5893);
#1582=VERTEX_POINT('',#5927);
#1583=VERTEX_POINT('',#5928);
#1584=VERTEX_POINT('',#5930);
#1585=VERTEX_POINT('',#5940);
#1586=VERTEX_POINT('',#5944);
#1587=VERTEX_POINT('',#5948);
#1588=VERTEX_POINT('',#5952);
#1589=VERTEX_POINT('',#5958);
#1590=VERTEX_POINT('',#5962);
#1591=VERTEX_POINT('',#5964);
#1592=VERTEX_POINT('',#5970);
#1593=VERTEX_POINT('',#5974);
#1594=VERTEX_POINT('',#5978);
#1595=VERTEX_POINT('',#5984);
#1596=VERTEX_POINT('',#5988);
#1597=VERTEX_POINT('',#5990);
#1598=VERTEX_POINT('',#5995);
#1599=VERTEX_POINT('',#5996);
#1600=VERTEX_POINT('',#5998);
#1601=VERTEX_POINT('',#6000);
#1602=VERTEX_POINT('',#6002);
#1603=VERTEX_POINT('',#6016);
#1604=VERTEX_POINT('',#6018);
#1605=VERTEX_POINT('',#6022);
#1606=VERTEX_POINT('',#6024);
#1607=VERTEX_POINT('',#6026);
#1608=VERTEX_POINT('',#6037);
#1609=VERTEX_POINT('',#6038);
#1610=VERTEX_POINT('',#6040);
#1611=VERTEX_POINT('',#6048);
#1612=VERTEX_POINT('',#6053);
#1613=VERTEX_POINT('',#6056);
#1614=VERTEX_POINT('',#6072);
#1615=VERTEX_POINT('',#6084);
#1616=VERTEX_POINT('',#6086);
#1617=VERTEX_POINT('',#6097);
#1618=VERTEX_POINT('',#6102);
#1619=VERTEX_POINT('',#6113);
#1620=VERTEX_POINT('',#6115);
#1621=VERTEX_POINT('',#6123);
#1622=VERTEX_POINT('',#6130);
#1623=VERTEX_POINT('',#6141);
#1624=VERTEX_POINT('',#6143);
#1625=VERTEX_POINT('',#6154);
#1626=VERTEX_POINT('',#6155);
#1627=VERTEX_POINT('',#6157);
#1628=VERTEX_POINT('',#6165);
#1629=VERTEX_POINT('',#6171);
#1630=VERTEX_POINT('',#6187);
#1631=VERTEX_POINT('',#6188);
#1632=VERTEX_POINT('',#6202);
#1633=VERTEX_POINT('',#6204);
#1634=VERTEX_POINT('',#6208);
#1635=VERTEX_POINT('',#6210);
#1636=VERTEX_POINT('',#6212);
#1637=VERTEX_POINT('',#6223);
#1638=VERTEX_POINT('',#6224);
#1639=VERTEX_POINT('',#6226);
#1640=VERTEX_POINT('',#6239);
#1641=VERTEX_POINT('',#6280);
#1642=VERTEX_POINT('',#6282);
#1643=VERTEX_POINT('',#6333);
#1644=VERTEX_POINT('',#6340);
#1645=VERTEX_POINT('',#6371);
#1646=VERTEX_POINT('',#6373);
#1647=VERTEX_POINT('',#6379);
#1648=VERTEX_POINT('',#6432);
#1649=VERTEX_POINT('',#6434);
#1650=VERTEX_POINT('',#6473);
#1651=VERTEX_POINT('',#6480);
#1652=VERTEX_POINT('',#6512);
#1653=VERTEX_POINT('',#6514);
#1654=VERTEX_POINT('',#6520);
#1655=VERTEX_POINT('',#6573);
#1656=VERTEX_POINT('',#6583);
#1657=VERTEX_POINT('',#6590);
#1658=VERTEX_POINT('',#6628);
#1659=VERTEX_POINT('',#6635);
#1660=VERTEX_POINT('',#6673);
#1661=VERTEX_POINT('',#6700);
#1662=VERTEX_POINT('',#6702);
#1663=VERTEX_POINT('',#6739);
#1664=VERTEX_POINT('',#6767);
#1665=VERTEX_POINT('',#6800);
#1666=VERTEX_POINT('',#6813);
#1667=VERTEX_POINT('',#6819);
#1668=VERTEX_POINT('',#6820);
#1669=VERTEX_POINT('',#6822);
#1670=VERTEX_POINT('',#6839);
#1671=VERTEX_POINT('',#6854);
#1672=VERTEX_POINT('',#6856);
#1673=VERTEX_POINT('',#6871);
#1674=VERTEX_POINT('',#6873);
#1675=VERTEX_POINT('',#6895);
#1676=VERTEX_POINT('',#6897);
#1677=VERTEX_POINT('',#6901);
#1678=VERTEX_POINT('',#6907);
#1679=VERTEX_POINT('',#6914);
#1680=VERTEX_POINT('',#6915);
#1681=VERTEX_POINT('',#6917);
#1682=VERTEX_POINT('',#6921);
#1683=VERTEX_POINT('',#6922);
#1684=VERTEX_POINT('',#6927);
#1685=VERTEX_POINT('',#6928);
#1686=VERTEX_POINT('',#6930);
#1687=VERTEX_POINT('',#6934);
#1688=VERTEX_POINT('',#6935);
#1689=VERTEX_POINT('',#6940);
#1690=VERTEX_POINT('',#6941);
#1691=VERTEX_POINT('',#6946);
#1692=VERTEX_POINT('',#6947);
#1693=VERTEX_POINT('',#6952);
#1694=VERTEX_POINT('',#6953);
#1695=VERTEX_POINT('',#6958);
#1696=VERTEX_POINT('',#6959);
#1697=VERTEX_POINT('',#6967);
#1698=VERTEX_POINT('',#6968);
#1699=VERTEX_POINT('',#6970);
#1700=VERTEX_POINT('',#6974);
#1701=VERTEX_POINT('',#6975);
#1702=VERTEX_POINT('',#6980);
#1703=VERTEX_POINT('',#6981);
#1704=VERTEX_POINT('',#6983);
#1705=VERTEX_POINT('',#6987);
#1706=VERTEX_POINT('',#6988);
#1707=VERTEX_POINT('',#6993);
#1708=VERTEX_POINT('',#6994);
#1709=VERTEX_POINT('',#6999);
#1710=VERTEX_POINT('',#7000);
#1711=VERTEX_POINT('',#7005);
#1712=VERTEX_POINT('',#7006);
#1713=VERTEX_POINT('',#7011);
#1714=VERTEX_POINT('',#7012);
#1715=VERTEX_POINT('',#7020);
#1716=VERTEX_POINT('',#7021);
#1717=VERTEX_POINT('',#7026);
#1718=VERTEX_POINT('',#7027);
#1719=VERTEX_POINT('',#7032);
#1720=VERTEX_POINT('',#7033);
#1721=VERTEX_POINT('',#7038);
#1722=VERTEX_POINT('',#7039);
#1723=VERTEX_POINT('',#7047);
#1724=VERTEX_POINT('',#7048);
#1725=VERTEX_POINT('',#7053);
#1726=VERTEX_POINT('',#7054);
#1727=VERTEX_POINT('',#7059);
#1728=VERTEX_POINT('',#7060);
#1729=VERTEX_POINT('',#7065);
#1730=VERTEX_POINT('',#7066);
#1731=VERTEX_POINT('',#7074);
#1732=VERTEX_POINT('',#7076);
#1733=VERTEX_POINT('',#7080);
#1734=VERTEX_POINT('',#7084);
#1735=VERTEX_POINT('',#7088);
#1736=VERTEX_POINT('',#7092);
#1737=VERTEX_POINT('',#7096);
#1738=VERTEX_POINT('',#7100);
#1739=VERTEX_POINT('',#7104);
#1740=VERTEX_POINT('',#7108);
#1741=VERTEX_POINT('',#7114);
#1742=VERTEX_POINT('',#7116);
#1743=VERTEX_POINT('',#7118);
#1744=VERTEX_POINT('',#7122);
#1745=VERTEX_POINT('',#7125);
#1746=VERTEX_POINT('',#7127);
#1747=VERTEX_POINT('',#7131);
#1748=VERTEX_POINT('',#7135);
#1749=VERTEX_POINT('',#7139);
#1750=VERTEX_POINT('',#7143);
#1751=VERTEX_POINT('',#7145);
#1752=VERTEX_POINT('',#7151);
#1753=VERTEX_POINT('',#7153);
#1754=VERTEX_POINT('',#7159);
#1755=VERTEX_POINT('',#7160);
#1756=VERTEX_POINT('',#7162);
#1757=VERTEX_POINT('',#7175);
#1758=VERTEX_POINT('',#7194);
#1759=VERTEX_POINT('',#7196);
#1760=VERTEX_POINT('',#7215);
#1761=VERTEX_POINT('',#7217);
#1762=VERTEX_POINT('',#7238);
#1763=VERTEX_POINT('',#7243);
#1764=VERTEX_POINT('',#7246);
#1765=VERTEX_POINT('',#7286);
#1766=VERTEX_POINT('',#7287);
#1767=VERTEX_POINT('',#7289);
#1768=VERTEX_POINT('',#7317);
#1769=VERTEX_POINT('',#7318);
#1770=VERTEX_POINT('',#7320);
#1771=VERTEX_POINT('',#7348);
#1772=VERTEX_POINT('',#7349);
#1773=VERTEX_POINT('',#7351);
#1774=VERTEX_POINT('',#7379);
#1775=VERTEX_POINT('',#7380);
#1776=VERTEX_POINT('',#7382);
#1777=VERTEX_POINT('',#7386);
#1778=VERTEX_POINT('',#7388);
#1779=VERTEX_POINT('',#7392);
#1780=VERTEX_POINT('',#7393);
#1781=VERTEX_POINT('',#7395);
#1782=VERTEX_POINT('',#7397);
#1783=VERTEX_POINT('',#7401);
#1784=VERTEX_POINT('',#7402);
#1785=VERTEX_POINT('',#7413);
#1786=VERTEX_POINT('',#7415);
#1787=VERTEX_POINT('',#7419);
#1788=VERTEX_POINT('',#7420);
#1789=VERTEX_POINT('',#7425);
#1790=VERTEX_POINT('',#7426);
#1791=VERTEX_POINT('',#7431);
#1792=VERTEX_POINT('',#7432);
#1793=VERTEX_POINT('',#7440);
#1794=VERTEX_POINT('',#7442);
#1795=VERTEX_POINT('',#7446);
#1796=VERTEX_POINT('',#7447);
#1797=VERTEX_POINT('',#7452);
#1798=VERTEX_POINT('',#7453);
#1799=VERTEX_POINT('',#7458);
#1800=VERTEX_POINT('',#7459);
#1801=VERTEX_POINT('',#7467);
#1802=VERTEX_POINT('',#7469);
#1803=VERTEX_POINT('',#7473);
#1804=VERTEX_POINT('',#7474);
#1805=VERTEX_POINT('',#7479);
#1806=VERTEX_POINT('',#7480);
#1807=VERTEX_POINT('',#7485);
#1808=VERTEX_POINT('',#7486);
#1809=VERTEX_POINT('',#7494);
#1810=VERTEX_POINT('',#7496);
#1811=VERTEX_POINT('',#7498);
#1812=VERTEX_POINT('',#7502);
#1813=VERTEX_POINT('',#7506);
#1814=VERTEX_POINT('',#7510);
#1815=VERTEX_POINT('',#7512);
#1816=VERTEX_POINT('',#7516);
#1817=VERTEX_POINT('',#7520);
#1818=VERTEX_POINT('',#7524);
#1819=VERTEX_POINT('',#7528);
#1820=VERTEX_POINT('',#7530);
#1821=VERTEX_POINT('',#7534);
#1822=VERTEX_POINT('',#7538);
#1823=VERTEX_POINT('',#7542);
#1824=VERTEX_POINT('',#7544);
#1825=VERTEX_POINT('',#7548);
#1826=VERTEX_POINT('',#7550);
#1827=VERTEX_POINT('',#7552);
#1828=VERTEX_POINT('',#7556);
#1829=VERTEX_POINT('',#7559);
#1830=VERTEX_POINT('',#7560);
#1831=VERTEX_POINT('',#7562);
#1832=VERTEX_POINT('',#7575);
#1833=VERTEX_POINT('',#7594);
#1834=VERTEX_POINT('',#7596);
#1835=VERTEX_POINT('',#7615);
#1836=VERTEX_POINT('',#7617);
#1837=VERTEX_POINT('',#7635);
#1838=VERTEX_POINT('',#7640);
#1839=VERTEX_POINT('',#7642);
#1840=VERTEX_POINT('',#7646);
#1841=VERTEX_POINT('',#7652);
#1842=VERTEX_POINT('',#7655);
#1843=VERTEX_POINT('',#7656);
#1844=VERTEX_POINT('',#7658);
#1845=VERTEX_POINT('',#7660);
#1846=VERTEX_POINT('',#7662);
#1847=VERTEX_POINT('',#7664);
#1848=VERTEX_POINT('',#7668);
#1849=VERTEX_POINT('',#7670);
#1850=VERTEX_POINT('',#7672);
#1851=VERTEX_POINT('',#7674);
#1852=VERTEX_POINT('',#7682);
#1853=VERTEX_POINT('',#7683);
#1854=VERTEX_POINT('',#7687);
#1855=VERTEX_POINT('',#7689);
#1856=VERTEX_POINT('',#7693);
#1857=VERTEX_POINT('',#7697);
#1858=VERTEX_POINT('',#7708);
#1859=EDGE_CURVE('',#1533,#1534,#1501,.T.);
#1860=EDGE_CURVE('',#1534,#1535,#1502,.T.);
#1861=EDGE_CURVE('',#1535,#1533,#1278,.T.);
#1862=EDGE_CURVE('',#1536,#1537,#1503,.T.);
#1863=EDGE_CURVE('',#1537,#1538,#1504,.T.);
#1864=EDGE_CURVE('',#1538,#1536,#1279,.T.);
#1865=EDGE_CURVE('',#1539,#1540,#1505,.T.);
#1866=EDGE_CURVE('',#1540,#1541,#1506,.T.);
#1867=EDGE_CURVE('',#1541,#1539,#1280,.T.);
#1868=EDGE_CURVE('',#1542,#1543,#1507,.T.);
#1869=EDGE_CURVE('',#1543,#1544,#1508,.T.);
#1870=EDGE_CURVE('',#1544,#1542,#1281,.T.);
#1871=EDGE_CURVE('',#1545,#1546,#1509,.T.);
#1872=EDGE_CURVE('',#1546,#1547,#1510,.T.);
#1873=EDGE_CURVE('',#1547,#1545,#1282,.T.);
#1874=EDGE_CURVE('',#1548,#1549,#1511,.T.);
#1875=EDGE_CURVE('',#1549,#1550,#1512,.T.);
#1876=EDGE_CURVE('',#1550,#1548,#1283,.T.);
#1877=EDGE_CURVE('',#1551,#1552,#1284,.F.);
#1878=EDGE_CURVE('',#1553,#1551,#1285,.T.);
#1879=EDGE_CURVE('',#1553,#1554,#1286,.T.);
#1880=EDGE_CURVE('',#1552,#1554,#1287,.T.);
#1881=EDGE_CURVE('',#1549,#1553,#162,.T.);
#1882=EDGE_CURVE('',#1551,#1550,#163,.T.);
#1883=EDGE_CURVE('',#1533,#1552,#164,.T.);
#1884=EDGE_CURVE('',#1554,#1534,#165,.T.);
#1885=EDGE_CURVE('',#1555,#1556,#1288,.T.);
#1886=EDGE_CURVE('',#1556,#1551,#166,.T.);
#1887=EDGE_CURVE('',#1552,#1555,#167,.T.);
#1888=EDGE_CURVE('',#1555,#1557,#1513,.T.);
#1889=EDGE_CURVE('',#1557,#1556,#1514,.T.);
#1890=EDGE_CURVE('',#1546,#1549,#168,.T.);
#1891=EDGE_CURVE('',#1548,#1547,#169,.T.);
#1892=EDGE_CURVE('',#1558,#1559,#1515,.T.);
#1893=EDGE_CURVE('',#1559,#1560,#1516,.T.);
#1894=EDGE_CURVE('',#1560,#1558,#1289,.T.);
#1895=EDGE_CURVE('',#1561,#1562,#1517,.T.);
#1896=EDGE_CURVE('',#1562,#1563,#1518,.T.);
#1897=EDGE_CURVE('',#1563,#1561,#1290,.T.);
#1898=EDGE_CURVE('',#1564,#1565,#1291,.T.);
#1899=EDGE_CURVE('',#1566,#1565,#1292,.T.);
#1900=EDGE_CURVE('',#1567,#1566,#1293,.F.);
#1901=EDGE_CURVE('',#1564,#1567,#1294,.T.);
#1902=EDGE_CURVE('',#1545,#1566,#170,.T.);
#1903=EDGE_CURVE('',#1565,#1546,#171,.T.);
#1904=EDGE_CURVE('',#1568,#1569,#1295,.T.);
#1905=EDGE_CURVE('',#1569,#1570,#1519,.T.);
#1906=EDGE_CURVE('',#1570,#1568,#1520,.T.);
#1907=EDGE_CURVE('',#1568,#1567,#172,.T.);
#1908=EDGE_CURVE('',#1566,#1569,#173,.T.);
#1909=EDGE_CURVE('',#1562,#1564,#174,.T.);
#1910=EDGE_CURVE('',#1567,#1563,#175,.T.);
#1911=EDGE_CURVE('',#1559,#1562,#176,.T.);
#1912=EDGE_CURVE('',#1561,#1560,#177,.T.);
#1913=EDGE_CURVE('',#1571,#1572,#1296,.F.);
#1914=EDGE_CURVE('',#1573,#1571,#1297,.T.);
#1915=EDGE_CURVE('',#1573,#1574,#1298,.T.);
#1916=EDGE_CURVE('',#1572,#1574,#1299,.T.);
#1917=EDGE_CURVE('',#1543,#1573,#178,.T.);
#1918=EDGE_CURVE('',#1571,#1544,#179,.T.);
#1919=EDGE_CURVE('',#1558,#1572,#180,.T.);
#1920=EDGE_CURVE('',#1574,#1559,#181,.T.);
#1921=EDGE_CURVE('',#1575,#1576,#1300,.T.);
#1922=EDGE_CURVE('',#1576,#1571,#182,.T.);
#1923=EDGE_CURVE('',#1572,#1575,#183,.T.);
#1924=EDGE_CURVE('',#1575,#1577,#1521,.T.);
#1925=EDGE_CURVE('',#1577,#1576,#1522,.T.);
#1926=EDGE_CURVE('',#1540,#1543,#184,.T.);
#1927=EDGE_CURVE('',#1542,#1541,#185,.T.);
#1928=EDGE_CURVE('',#1578,#1579,#1301,.F.);
#1929=EDGE_CURVE('',#1580,#1578,#1302,.T.);
#1930=EDGE_CURVE('',#1580,#1581,#1303,.T.);
#1931=EDGE_CURVE('',#1579,#1581,#1304,.T.);
#1932=EDGE_CURVE('',#1537,#1580,#186,.T.);
#1933=EDGE_CURVE('',#1578,#1538,#187,.T.);
#1934=EDGE_CURVE('',#1539,#1579,#188,.T.);
#1935=EDGE_CURVE('',#1581,#1540,#189,.T.);
#1936=EDGE_CURVE('',#1582,#1583,#1305,.T.);
#1937=EDGE_CURVE('',#1583,#1584,#1523,.T.);
#1938=EDGE_CURVE('',#1584,#1582,#1524,.T.);
#1939=EDGE_CURVE('',#1582,#1578,#190,.T.);
#1940=EDGE_CURVE('',#1579,#1583,#191,.T.);
#1941=EDGE_CURVE('',#1534,#1537,#192,.T.);
#1942=EDGE_CURVE('',#1536,#1535,#193,.T.);
#1943=EDGE_CURVE('',#1585,#1545,#194,.T.);
#1944=EDGE_CURVE('',#1569,#1585,#195,.T.);
#1945=EDGE_CURVE('',#1547,#1586,#196,.T.);
#1946=EDGE_CURVE('',#1585,#1586,#1306,.T.);
#1947=EDGE_CURVE('',#1587,#1548,#197,.T.);
#1948=EDGE_CURVE('',#1586,#1587,#198,.T.);
#1949=EDGE_CURVE('',#1550,#1588,#199,.T.);
#1950=EDGE_CURVE('',#1587,#1588,#1307,.T.);
#1951=EDGE_CURVE('',#1588,#1556,#200,.T.);
#1952=EDGE_CURVE('',#1557,#1589,#201,.T.);
#1953=EDGE_CURVE('',#1589,#1588,#1308,.T.);
#1954=EDGE_CURVE('',#1555,#1590,#202,.T.);
#1955=EDGE_CURVE('',#1591,#1590,#1309,.T.);
#1956=EDGE_CURVE('',#1591,#1557,#203,.T.);
#1957=EDGE_CURVE('',#1590,#1533,#204,.T.);
#1958=EDGE_CURVE('',#1535,#1592,#205,.T.);
#1959=EDGE_CURVE('',#1590,#1592,#1310,.T.);
#1960=EDGE_CURVE('',#1593,#1536,#206,.T.);
#1961=EDGE_CURVE('',#1592,#1593,#207,.T.);
#1962=EDGE_CURVE('',#1538,#1594,#208,.T.);
#1963=EDGE_CURVE('',#1593,#1594,#1311,.T.);
#1964=EDGE_CURVE('',#1594,#1582,#209,.T.);
#1965=EDGE_CURVE('',#1584,#1595,#210,.T.);
#1966=EDGE_CURVE('',#1595,#1594,#1312,.T.);
#1967=EDGE_CURVE('',#1583,#1596,#211,.T.);
#1968=EDGE_CURVE('',#1597,#1596,#1313,.T.);
#1969=EDGE_CURVE('',#1597,#1584,#212,.T.);
#1970=EDGE_CURVE('',#1598,#1599,#1314,.T.);
#1971=EDGE_CURVE('',#1599,#1600,#1315,.T.);
#1972=EDGE_CURVE('',#1600,#1601,#1316,.T.);
#1973=EDGE_CURVE('',#1602,#1601,#1317,.T.);
#1974=EDGE_CURVE('',#1598,#1602,#28,.T.);
#1975=EDGE_CURVE('',#1575,#1600,#213,.T.);
#1976=EDGE_CURVE('',#1599,#1577,#214,.T.);
#1977=EDGE_CURVE('',#1577,#1603,#215,.T.);
#1978=EDGE_CURVE('',#1603,#1604,#1318,.T.);
#1979=EDGE_CURVE('',#1604,#1576,#216,.T.);
#1980=EDGE_CURVE('',#1605,#1604,#1319,.T.);
#1981=EDGE_CURVE('',#1603,#1606,#1320,.T.);
#1982=EDGE_CURVE('',#1607,#1606,#29,.T.);
#1983=EDGE_CURVE('',#1607,#1605,#1321,.T.);
#1984=EDGE_CURVE('',#1608,#1609,#217,.T.);
#1985=EDGE_CURVE('',#1610,#1609,#30,.T.);
#1986=EDGE_CURVE('',#1611,#1610,#31,.T.);
#1987=EDGE_CURVE('',#1611,#1612,#1322,.T.);
#1988=EDGE_CURVE('',#1612,#1605,#218,.T.);
#1989=EDGE_CURVE('',#1613,#1607,#32,.T.);
#1990=EDGE_CURVE('',#1608,#1613,#33,.T.);
#1991=EDGE_CURVE('',#1614,#1597,#1323,.T.);
#1992=EDGE_CURVE('',#1596,#1612,#1324,.T.);
#1993=EDGE_CURVE('',#1614,#1611,#34,.T.);
#1994=EDGE_CURVE('',#1595,#1615,#1325,.T.);
#1995=EDGE_CURVE('',#1616,#1615,#35,.T.);
#1996=EDGE_CURVE('',#1616,#1593,#1326,.T.);
#1997=EDGE_CURVE('',#1617,#1616,#36,.T.);
#1998=EDGE_CURVE('',#1618,#1617,#37,.T.);
#1999=EDGE_CURVE('',#1618,#1619,#219,.T.);
#2000=EDGE_CURVE('',#1620,#1619,#38,.T.);
#2001=EDGE_CURVE('',#1621,#1620,#39,.T.);
#2002=EDGE_CURVE('',#1621,#1592,#1327,.T.);
#2003=EDGE_CURVE('',#1622,#1591,#1328,.T.);
#2004=EDGE_CURVE('',#1622,#1621,#40,.T.);
#2005=EDGE_CURVE('',#1589,#1623,#1329,.T.);
#2006=EDGE_CURVE('',#1624,#1623,#41,.T.);
#2007=EDGE_CURVE('',#1624,#1587,#1330,.T.);
#2008=EDGE_CURVE('',#1625,#1626,#220,.T.);
#2009=EDGE_CURVE('',#1627,#1626,#42,.T.);
#2010=EDGE_CURVE('',#1628,#1627,#43,.T.);
#2011=EDGE_CURVE('',#1628,#1586,#1331,.T.);
#2012=EDGE_CURVE('',#1629,#1624,#44,.T.);
#2013=EDGE_CURVE('',#1625,#1629,#45,.T.);
#2014=EDGE_CURVE('',#1630,#1631,#1332,.T.);
#2015=EDGE_CURVE('',#1631,#1585,#1333,.T.);
#2016=EDGE_CURVE('',#1630,#1628,#46,.T.);
#2017=EDGE_CURVE('',#1631,#1570,#221,.T.);
#2018=EDGE_CURVE('',#1570,#1632,#222,.T.);
#2019=EDGE_CURVE('',#1632,#1633,#1334,.T.);
#2020=EDGE_CURVE('',#1633,#1568,#223,.T.);
#2021=EDGE_CURVE('',#1634,#1633,#1335,.T.);
#2022=EDGE_CURVE('',#1632,#1635,#1336,.T.);
#2023=EDGE_CURVE('',#1636,#1635,#47,.T.);
#2024=EDGE_CURVE('',#1636,#1634,#1337,.T.);
#2025=EDGE_CURVE('',#1637,#1638,#224,.T.);
#2026=EDGE_CURVE('',#1639,#1638,#48,.T.);
#2027=EDGE_CURVE('',#1602,#1639,#49,.T.);
#2028=EDGE_CURVE('',#1601,#1634,#225,.T.);
#2029=EDGE_CURVE('',#1640,#1636,#50,.T.);
#2030=EDGE_CURVE('',#1637,#1640,#51,.T.);
#2031=EDGE_CURVE('',#1563,#1633,#226,.T.);
#2032=EDGE_CURVE('',#1634,#1561,#227,.T.);
#2033=EDGE_CURVE('',#1560,#1601,#228,.T.);
#2034=EDGE_CURVE('',#1641,#1617,#1338,.T.);
#2035=EDGE_CURVE('',#1641,#1642,#52,.T.);
#2036=EDGE_CURVE('',#1642,#1620,#1339,.T.);
#2037=EDGE_CURVE('',#1618,#1619,#53,.T.);
#2038=EDGE_CURVE('',#1643,#1615,#54,.T.);
#2039=EDGE_CURVE('',#1644,#1643,#1340,.T.);
#2040=EDGE_CURVE('',#1644,#1641,#55,.T.);
#2041=EDGE_CURVE('',#1645,#1610,#1341,.T.);
#2042=EDGE_CURVE('',#1645,#1646,#56,.T.);
#2043=EDGE_CURVE('',#1647,#1646,#1342,.T.);
#2044=EDGE_CURVE('',#1647,#1614,#57,.T.);
#2045=EDGE_CURVE('',#1609,#1608,#58,.T.);
#2046=EDGE_CURVE('',#1648,#1613,#1343,.T.);
#2047=EDGE_CURVE('',#1648,#1649,#59,.T.);
#2048=EDGE_CURVE('',#1649,#1645,#60,.T.);
#2049=EDGE_CURVE('',#1606,#1650,#61,.T.);
#2050=EDGE_CURVE('',#1651,#1650,#1344,.T.);
#2051=EDGE_CURVE('',#1651,#1648,#62,.T.);
#2052=EDGE_CURVE('',#1652,#1639,#1345,.T.);
#2053=EDGE_CURVE('',#1652,#1653,#63,.T.);
#2054=EDGE_CURVE('',#1653,#1654,#1346,.T.);
#2055=EDGE_CURVE('',#1654,#1598,#64,.T.);
#2056=EDGE_CURVE('',#1638,#1637,#65,.T.);
#2057=EDGE_CURVE('',#1655,#1640,#1347,.T.);
#2058=EDGE_CURVE('',#1655,#1652,#66,.T.);
#2059=EDGE_CURVE('',#1650,#1654,#1348,.T.);
#2060=EDGE_CURVE('',#1656,#1630,#67,.T.);
#2061=EDGE_CURVE('',#1657,#1656,#1349,.T.);
#2062=EDGE_CURVE('',#1635,#1657,#68,.T.);
#2063=EDGE_CURVE('',#1626,#1625,#69,.T.);
#2064=EDGE_CURVE('',#1643,#1647,#1350,.T.);
#2065=EDGE_CURVE('',#1658,#1622,#70,.T.);
#2066=EDGE_CURVE('',#1659,#1658,#1351,.T.);
#2067=EDGE_CURVE('',#1623,#1659,#71,.T.);
#2068=EDGE_CURVE('',#1660,#1657,#1352,.T.);
#2069=EDGE_CURVE('',#1660,#1655,#72,.T.);
#2070=EDGE_CURVE('',#1661,#1659,#1353,.T.);
#2071=EDGE_CURVE('',#1661,#1662,#73,.T.);
#2072=EDGE_CURVE('',#1662,#1629,#1354,.T.);
#2073=EDGE_CURVE('',#1600,#1558,#229,.T.);
#2074=EDGE_CURVE('',#1544,#1604,#230,.T.);
#2075=EDGE_CURVE('',#1605,#1542,#231,.T.);
#2076=EDGE_CURVE('',#1541,#1612,#232,.T.);
#2077=EDGE_CURVE('',#1596,#1539,#233,.T.);
#2078=EDGE_CURVE('',#1646,#1644,#1355,.T.);
#2079=EDGE_CURVE('',#1642,#1663,#74,.T.);
#2080=EDGE_CURVE('',#1663,#1658,#1356,.T.);
#2081=EDGE_CURVE('',#1663,#1661,#1357,.T.);
#2082=EDGE_CURVE('',#1662,#1664,#75,.T.);
#2083=EDGE_CURVE('',#1664,#1627,#1358,.T.);
#2084=EDGE_CURVE('',#1664,#1665,#76,.T.);
#2085=EDGE_CURVE('',#1665,#1656,#1359,.T.);
#2086=EDGE_CURVE('',#1665,#1660,#1360,.T.);
#2087=EDGE_CURVE('',#1653,#1651,#1361,.T.);
#2088=EDGE_CURVE('',#1666,#1666,#1362,.T.);
#2089=EDGE_CURVE('',#1666,#1649,#234,.T.);
#2090=EDGE_CURVE('',#1667,#1668,#1363,.T.);
#2091=EDGE_CURVE('',#1668,#1669,#77,.T.);
#2092=EDGE_CURVE('',#1669,#1670,#1364,.T.);
#2093=EDGE_CURVE('',#1667,#1670,#78,.T.);
#2094=EDGE_CURVE('',#1668,#1671,#235,.T.);
#2095=EDGE_CURVE('',#1671,#1672,#79,.T.);
#2096=EDGE_CURVE('',#1672,#1669,#236,.T.);
#2097=EDGE_CURVE('',#1671,#1673,#1365,.T.);
#2098=EDGE_CURVE('',#1673,#1674,#80,.T.);
#2099=EDGE_CURVE('',#1674,#1672,#1366,.T.);
#2100=EDGE_CURVE('',#1670,#1674,#237,.T.);
#2101=EDGE_CURVE('',#1673,#1667,#238,.T.);
#2102=EDGE_CURVE('',#1675,#1670,#239,.T.);
#2103=EDGE_CURVE('',#1676,#1675,#240,.T.);
#2104=EDGE_CURVE('',#1676,#1674,#241,.T.);
#2105=EDGE_CURVE('',#1677,#1669,#242,.T.);
#2106=EDGE_CURVE('',#1675,#1677,#1367,.T.);
#2107=EDGE_CURVE('',#1677,#1678,#243,.T.);
#2108=EDGE_CURVE('',#1678,#1676,#1368,.T.);
#2109=EDGE_CURVE('',#1678,#1672,#244,.T.);
#2110=EDGE_CURVE('',#1679,#1680,#1369,.F.);
#2111=EDGE_CURVE('',#1681,#1679,#1370,.F.);
#2112=EDGE_CURVE('',#1680,#1681,#1371,.F.);
#2113=EDGE_CURVE('',#1682,#1683,#1372,.T.);
#2114=EDGE_CURVE('',#1683,#1681,#245,.T.);
#2115=EDGE_CURVE('',#1679,#1682,#246,.T.);
#2116=EDGE_CURVE('',#1684,#1685,#1373,.F.);
#2117=EDGE_CURVE('',#1686,#1684,#1374,.F.);
#2118=EDGE_CURVE('',#1685,#1686,#1375,.F.);
#2119=EDGE_CURVE('',#1687,#1688,#1376,.T.);
#2120=EDGE_CURVE('',#1688,#1686,#247,.T.);
#2121=EDGE_CURVE('',#1684,#1687,#248,.T.);
#2122=EDGE_CURVE('',#1689,#1690,#1377,.T.);
#2123=EDGE_CURVE('',#1690,#1685,#249,.T.);
#2124=EDGE_CURVE('',#1686,#1689,#250,.T.);
#2125=EDGE_CURVE('',#1691,#1692,#1378,.T.);
#2126=EDGE_CURVE('',#1692,#1690,#1379,.T.);
#2127=EDGE_CURVE('',#1689,#1691,#1380,.T.);
#2128=EDGE_CURVE('',#1693,#1694,#1381,.T.);
#2129=EDGE_CURVE('',#1694,#1692,#251,.T.);
#2130=EDGE_CURVE('',#1691,#1693,#252,.T.);
#2131=EDGE_CURVE('',#1695,#1696,#1382,.T.);
#2132=EDGE_CURVE('',#1696,#1694,#1383,.T.);
#2133=EDGE_CURVE('',#1693,#1695,#1384,.T.);
#2134=EDGE_CURVE('',#1680,#1696,#253,.T.);
#2135=EDGE_CURVE('',#1695,#1679,#254,.T.);
#2136=EDGE_CURVE('',#1697,#1698,#1385,.F.);
#2137=EDGE_CURVE('',#1699,#1697,#1386,.F.);
#2138=EDGE_CURVE('',#1698,#1699,#1387,.F.);
#2139=EDGE_CURVE('',#1700,#1701,#1388,.T.);
#2140=EDGE_CURVE('',#1701,#1699,#255,.T.);
#2141=EDGE_CURVE('',#1697,#1700,#256,.T.);
#2142=EDGE_CURVE('',#1702,#1703,#1389,.F.);
#2143=EDGE_CURVE('',#1704,#1702,#1390,.F.);
#2144=EDGE_CURVE('',#1703,#1704,#1391,.F.);
#2145=EDGE_CURVE('',#1705,#1706,#1392,.T.);
#2146=EDGE_CURVE('',#1706,#1704,#257,.T.);
#2147=EDGE_CURVE('',#1702,#1705,#258,.T.);
#2148=EDGE_CURVE('',#1707,#1708,#1393,.T.);
#2149=EDGE_CURVE('',#1708,#1703,#259,.T.);
#2150=EDGE_CURVE('',#1704,#1707,#260,.T.);
#2151=EDGE_CURVE('',#1709,#1710,#1394,.T.);
#2152=EDGE_CURVE('',#1710,#1708,#1395,.T.);
#2153=EDGE_CURVE('',#1707,#1709,#1396,.T.);
#2154=EDGE_CURVE('',#1711,#1712,#1397,.T.);
#2155=EDGE_CURVE('',#1712,#1710,#261,.T.);
#2156=EDGE_CURVE('',#1709,#1711,#262,.T.);
#2157=EDGE_CURVE('',#1713,#1714,#1398,.T.);
#2158=EDGE_CURVE('',#1714,#1712,#1399,.T.);
#2159=EDGE_CURVE('',#1711,#1713,#1400,.T.);
#2160=EDGE_CURVE('',#1685,#1714,#263,.T.);
#2161=EDGE_CURVE('',#1713,#1684,#264,.T.);
#2162=EDGE_CURVE('',#1715,#1716,#1401,.T.);
#2163=EDGE_CURVE('',#1716,#1698,#265,.T.);
#2164=EDGE_CURVE('',#1699,#1715,#266,.T.);
#2165=EDGE_CURVE('',#1717,#1718,#1402,.T.);
#2166=EDGE_CURVE('',#1718,#1716,#1403,.T.);
#2167=EDGE_CURVE('',#1715,#1717,#1404,.T.);
#2168=EDGE_CURVE('',#1719,#1720,#1405,.T.);
#2169=EDGE_CURVE('',#1720,#1718,#267,.T.);
#2170=EDGE_CURVE('',#1717,#1719,#268,.T.);
#2171=EDGE_CURVE('',#1721,#1722,#1406,.T.);
#2172=EDGE_CURVE('',#1722,#1720,#1407,.T.);
#2173=EDGE_CURVE('',#1719,#1721,#1408,.T.);
#2174=EDGE_CURVE('',#1703,#1722,#269,.T.);
#2175=EDGE_CURVE('',#1721,#1702,#270,.T.);
#2176=EDGE_CURVE('',#1723,#1724,#1409,.T.);
#2177=EDGE_CURVE('',#1724,#1680,#271,.T.);
#2178=EDGE_CURVE('',#1681,#1723,#272,.T.);
#2179=EDGE_CURVE('',#1725,#1726,#1410,.T.);
#2180=EDGE_CURVE('',#1726,#1724,#1411,.T.);
#2181=EDGE_CURVE('',#1723,#1725,#1412,.T.);
#2182=EDGE_CURVE('',#1727,#1728,#1413,.T.);
#2183=EDGE_CURVE('',#1728,#1726,#273,.T.);
#2184=EDGE_CURVE('',#1725,#1727,#274,.T.);
#2185=EDGE_CURVE('',#1729,#1730,#1414,.T.);
#2186=EDGE_CURVE('',#1730,#1728,#1415,.T.);
#2187=EDGE_CURVE('',#1727,#1729,#1416,.T.);
#2188=EDGE_CURVE('',#1698,#1730,#275,.T.);
#2189=EDGE_CURVE('',#1729,#1697,#276,.T.);
#2190=EDGE_CURVE('',#1731,#1695,#277,.T.);
#2191=EDGE_CURVE('',#1732,#1731,#278,.T.);
#2192=EDGE_CURVE('',#1732,#1682,#279,.T.);
#2193=EDGE_CURVE('',#1693,#1733,#280,.T.);
#2194=EDGE_CURVE('',#1731,#1733,#1417,.T.);
#2195=EDGE_CURVE('',#1734,#1691,#281,.T.);
#2196=EDGE_CURVE('',#1733,#1734,#282,.T.);
#2197=EDGE_CURVE('',#1689,#1735,#283,.T.);
#2198=EDGE_CURVE('',#1734,#1735,#1418,.T.);
#2199=EDGE_CURVE('',#1688,#1736,#284,.T.);
#2200=EDGE_CURVE('',#1735,#1736,#285,.T.);
#2201=EDGE_CURVE('',#1737,#1713,#286,.T.);
#2202=EDGE_CURVE('',#1737,#1687,#287,.T.);
#2203=EDGE_CURVE('',#1711,#1738,#288,.T.);
#2204=EDGE_CURVE('',#1738,#1737,#1419,.T.);
#2205=EDGE_CURVE('',#1739,#1709,#289,.T.);
#2206=EDGE_CURVE('',#1739,#1738,#290,.T.);
#2207=EDGE_CURVE('',#1707,#1740,#291,.T.);
#2208=EDGE_CURVE('',#1740,#1739,#1420,.T.);
#2209=EDGE_CURVE('',#1706,#1740,#292,.T.);
#2210=EDGE_CURVE('',#1741,#1705,#293,.T.);
#2211=EDGE_CURVE('',#1741,#1742,#294,.T.);
#2212=EDGE_CURVE('',#1742,#1743,#1421,.T.);
#2213=EDGE_CURVE('',#1743,#1736,#295,.T.);
#2214=EDGE_CURVE('',#1744,#1744,#1422,.T.);
#2215=EDGE_CURVE('',#1719,#1745,#296,.T.);
#2216=EDGE_CURVE('',#1746,#1745,#1423,.T.);
#2217=EDGE_CURVE('',#1746,#1721,#297,.T.);
#2218=EDGE_CURVE('',#1747,#1717,#298,.T.);
#2219=EDGE_CURVE('',#1745,#1747,#299,.T.);
#2220=EDGE_CURVE('',#1715,#1748,#300,.T.);
#2221=EDGE_CURVE('',#1747,#1748,#1424,.T.);
#2222=EDGE_CURVE('',#1701,#1749,#301,.T.);
#2223=EDGE_CURVE('',#1748,#1749,#302,.T.);
#2224=EDGE_CURVE('',#1727,#1750,#303,.T.);
#2225=EDGE_CURVE('',#1750,#1751,#1425,.T.);
#2226=EDGE_CURVE('',#1751,#1729,#304,.T.);
#2227=EDGE_CURVE('',#1751,#1700,#305,.T.);
#2228=EDGE_CURVE('',#1723,#1752,#306,.T.);
#2229=EDGE_CURVE('',#1752,#1753,#1426,.T.);
#2230=EDGE_CURVE('',#1753,#1725,#307,.T.);
#2231=EDGE_CURVE('',#1753,#1750,#308,.T.);
#2232=EDGE_CURVE('',#1754,#1755,#309,.T.);
#2233=EDGE_CURVE('',#1755,#1756,#81,.T.);
#2234=EDGE_CURVE('',#1756,#1757,#310,.T.);
#2235=EDGE_CURVE('',#1754,#1757,#82,.T.);
#2236=EDGE_CURVE('',#1755,#1758,#1427,.T.);
#2237=EDGE_CURVE('',#1758,#1759,#83,.T.);
#2238=EDGE_CURVE('',#1759,#1756,#1428,.T.);
#2239=EDGE_CURVE('',#1758,#1760,#311,.T.);
#2240=EDGE_CURVE('',#1760,#1761,#84,.T.);
#2241=EDGE_CURVE('',#1761,#1759,#312,.T.);
#2242=EDGE_CURVE('',#1757,#1761,#1429,.T.);
#2243=EDGE_CURVE('',#1760,#1754,#1430,.T.);
#2244=EDGE_CURVE('',#1743,#1757,#313,.T.);
#2245=EDGE_CURVE('',#1742,#1761,#314,.T.);
#2246=EDGE_CURVE('',#1762,#1756,#315,.T.);
#2247=EDGE_CURVE('',#1732,#1762,#316,.T.);
#2248=EDGE_CURVE('',#1736,#1732,#317,.T.);
#2249=EDGE_CURVE('',#1763,#1763,#1431,.T.);
#2250=EDGE_CURVE('',#1762,#1764,#1432,.T.);
#2251=EDGE_CURVE('',#1764,#1749,#318,.T.);
#2252=EDGE_CURVE('',#1683,#1752,#319,.T.);
#2253=EDGE_CURVE('',#1741,#1746,#320,.T.);
#2254=EDGE_CURVE('',#1749,#1741,#321,.T.);
#2255=EDGE_CURVE('',#1764,#1759,#322,.T.);
#2256=EDGE_CURVE('',#1763,#1744,#323,.T.);
#2257=EDGE_CURVE('',#1765,#1766,#1525,.T.);
#2258=EDGE_CURVE('',#1766,#1767,#1526,.T.);
#2259=EDGE_CURVE('',#1767,#1765,#1433,.T.);
#2260=EDGE_CURVE('',#1768,#1769,#1527,.T.);
#2261=EDGE_CURVE('',#1769,#1770,#1528,.T.);
#2262=EDGE_CURVE('',#1770,#1768,#1434,.T.);
#2263=EDGE_CURVE('',#1771,#1772,#1529,.T.);
#2264=EDGE_CURVE('',#1772,#1773,#1530,.T.);
#2265=EDGE_CURVE('',#1773,#1771,#1435,.T.);
#2266=EDGE_CURVE('',#1774,#1775,#1531,.T.);
#2267=EDGE_CURVE('',#1775,#1776,#1532,.T.);
#2268=EDGE_CURVE('',#1776,#1774,#1436,.T.);
#2269=EDGE_CURVE('',#1765,#1777,#324,.T.);
#2270=EDGE_CURVE('',#1777,#1778,#1437,.T.);
#2271=EDGE_CURVE('',#1778,#1766,#325,.T.);
#2272=EDGE_CURVE('',#1779,#1780,#1438,.T.);
#2273=EDGE_CURVE('',#1780,#1781,#326,.T.);
#2274=EDGE_CURVE('',#1781,#1782,#1439,.T.);
#2275=EDGE_CURVE('',#1782,#1779,#327,.T.);
#2276=EDGE_CURVE('',#1783,#1784,#1440,.T.);
#2277=EDGE_CURVE('',#1784,#1782,#1441,.T.);
#2278=EDGE_CURVE('',#1781,#1783,#1442,.T.);
#2279=EDGE_CURVE('',#1775,#1784,#328,.T.);
#2280=EDGE_CURVE('',#1783,#1776,#329,.T.);
#2281=EDGE_CURVE('',#1779,#1778,#1443,.T.);
#2282=EDGE_CURVE('',#1777,#1780,#1444,.T.);
#2283=EDGE_CURVE('',#1774,#1785,#330,.T.);
#2284=EDGE_CURVE('',#1785,#1786,#1445,.T.);
#2285=EDGE_CURVE('',#1786,#1775,#331,.T.);
#2286=EDGE_CURVE('',#1787,#1788,#1446,.T.);
#2287=EDGE_CURVE('',#1788,#1786,#1447,.T.);
#2288=EDGE_CURVE('',#1785,#1787,#1448,.T.);
#2289=EDGE_CURVE('',#1789,#1790,#1449,.T.);
#2290=EDGE_CURVE('',#1790,#1788,#332,.T.);
#2291=EDGE_CURVE('',#1787,#1789,#333,.T.);
#2292=EDGE_CURVE('',#1791,#1792,#1450,.T.);
#2293=EDGE_CURVE('',#1792,#1790,#1451,.T.);
#2294=EDGE_CURVE('',#1789,#1791,#1452,.T.);
#2295=EDGE_CURVE('',#1772,#1792,#334,.T.);
#2296=EDGE_CURVE('',#1791,#1773,#335,.T.);
#2297=EDGE_CURVE('',#1771,#1793,#336,.T.);
#2298=EDGE_CURVE('',#1793,#1794,#1453,.T.);
#2299=EDGE_CURVE('',#1794,#1772,#337,.T.);
#2300=EDGE_CURVE('',#1795,#1796,#1454,.T.);
#2301=EDGE_CURVE('',#1796,#1794,#1455,.T.);
#2302=EDGE_CURVE('',#1793,#1795,#1456,.T.);
#2303=EDGE_CURVE('',#1797,#1798,#1457,.T.);
#2304=EDGE_CURVE('',#1798,#1796,#338,.T.);
#2305=EDGE_CURVE('',#1795,#1797,#339,.T.);
#2306=EDGE_CURVE('',#1799,#1800,#1458,.T.);
#2307=EDGE_CURVE('',#1800,#1798,#1459,.T.);
#2308=EDGE_CURVE('',#1797,#1799,#1460,.T.);
#2309=EDGE_CURVE('',#1769,#1800,#340,.T.);
#2310=EDGE_CURVE('',#1799,#1770,#341,.T.);
#2311=EDGE_CURVE('',#1768,#1801,#342,.T.);
#2312=EDGE_CURVE('',#1801,#1802,#1461,.T.);
#2313=EDGE_CURVE('',#1802,#1769,#343,.T.);
#2314=EDGE_CURVE('',#1803,#1804,#1462,.T.);
#2315=EDGE_CURVE('',#1804,#1802,#1463,.T.);
#2316=EDGE_CURVE('',#1801,#1803,#1464,.T.);
#2317=EDGE_CURVE('',#1805,#1806,#1465,.T.);
#2318=EDGE_CURVE('',#1806,#1804,#344,.T.);
#2319=EDGE_CURVE('',#1803,#1805,#345,.T.);
#2320=EDGE_CURVE('',#1807,#1808,#1466,.T.);
#2321=EDGE_CURVE('',#1808,#1806,#1467,.T.);
#2322=EDGE_CURVE('',#1805,#1807,#1468,.T.);
#2323=EDGE_CURVE('',#1766,#1808,#346,.T.);
#2324=EDGE_CURVE('',#1807,#1767,#347,.T.);
#2325=EDGE_CURVE('',#1809,#1793,#348,.T.);
#2326=EDGE_CURVE('',#1809,#1810,#1469,.T.);
#2327=EDGE_CURVE('',#1811,#1810,#1470,.T.);
#2328=EDGE_CURVE('',#1811,#1795,#349,.T.);
#2329=EDGE_CURVE('',#1812,#1771,#350,.T.);
#2330=EDGE_CURVE('',#1812,#1809,#351,.T.);
#2331=EDGE_CURVE('',#1813,#1773,#352,.T.);
#2332=EDGE_CURVE('',#1813,#1812,#1471,.T.);
#2333=EDGE_CURVE('',#1814,#1791,#353,.T.);
#2334=EDGE_CURVE('',#1815,#1814,#354,.T.);
#2335=EDGE_CURVE('',#1815,#1813,#355,.T.);
#2336=EDGE_CURVE('',#1816,#1789,#356,.T.);
#2337=EDGE_CURVE('',#1814,#1816,#1472,.T.);
#2338=EDGE_CURVE('',#1817,#1787,#357,.T.);
#2339=EDGE_CURVE('',#1816,#1817,#358,.T.);
#2340=EDGE_CURVE('',#1818,#1785,#359,.T.);
#2341=EDGE_CURVE('',#1817,#1818,#1473,.T.);
#2342=EDGE_CURVE('',#1819,#1774,#360,.T.);
#2343=EDGE_CURVE('',#1819,#1820,#361,.T.);
#2344=EDGE_CURVE('',#1818,#1820,#362,.T.);
#2345=EDGE_CURVE('',#1821,#1776,#363,.T.);
#2346=EDGE_CURVE('',#1821,#1819,#1474,.T.);
#2347=EDGE_CURVE('',#1822,#1783,#364,.T.);
#2348=EDGE_CURVE('',#1822,#1821,#365,.T.);
#2349=EDGE_CURVE('',#1823,#1781,#366,.T.);
#2350=EDGE_CURVE('',#1824,#1823,#1475,.T.);
#2351=EDGE_CURVE('',#1824,#1822,#1476,.T.);
#2352=EDGE_CURVE('',#1825,#1780,#367,.T.);
#2353=EDGE_CURVE('',#1826,#1825,#368,.T.);
#2354=EDGE_CURVE('',#1826,#1827,#369,.T.);
#2355=EDGE_CURVE('',#1823,#1827,#370,.T.);
#2356=EDGE_CURVE('',#1828,#1828,#1477,.T.);
#2357=EDGE_CURVE('',#1829,#1830,#371,.T.);
#2358=EDGE_CURVE('',#1830,#1831,#85,.T.);
#2359=EDGE_CURVE('',#1831,#1832,#372,.T.);
#2360=EDGE_CURVE('',#1829,#1832,#86,.T.);
#2361=EDGE_CURVE('',#1830,#1833,#1478,.T.);
#2362=EDGE_CURVE('',#1833,#1834,#87,.T.);
#2363=EDGE_CURVE('',#1834,#1831,#1479,.T.);
#2364=EDGE_CURVE('',#1833,#1835,#373,.T.);
#2365=EDGE_CURVE('',#1835,#1836,#88,.T.);
#2366=EDGE_CURVE('',#1836,#1834,#374,.T.);
#2367=EDGE_CURVE('',#1832,#1836,#1480,.T.);
#2368=EDGE_CURVE('',#1835,#1829,#1481,.T.);
#2369=EDGE_CURVE('',#1837,#1832,#375,.T.);
#2370=EDGE_CURVE('',#1824,#1837,#1482,.T.);
#2371=EDGE_CURVE('',#1827,#1824,#1483,.T.);
#2372=EDGE_CURVE('',#1826,#1827,#1484,.T.);
#2373=EDGE_CURVE('',#1838,#1826,#1485,.T.);
#2374=EDGE_CURVE('',#1839,#1838,#1486,.T.);
#2375=EDGE_CURVE('',#1839,#1836,#376,.T.);
#2376=EDGE_CURVE('',#1840,#1831,#377,.T.);
#2377=EDGE_CURVE('',#1815,#1840,#378,.T.);
#2378=EDGE_CURVE('',#1820,#1815,#379,.T.);
#2379=EDGE_CURVE('',#1837,#1820,#380,.T.);
#2380=EDGE_CURVE('',#1841,#1841,#1487,.T.);
#2381=EDGE_CURVE('',#1842,#1843,#1488,.T.);
#2382=EDGE_CURVE('',#1843,#1844,#381,.T.);
#2383=EDGE_CURVE('',#1845,#1844,#382,.T.);
#2384=EDGE_CURVE('',#1846,#1845,#1489,.T.);
#2385=EDGE_CURVE('',#1847,#1846,#383,.T.);
#2386=EDGE_CURVE('',#1842,#1847,#1490,.T.);
#2387=EDGE_CURVE('',#1848,#1839,#384,.T.);
#2388=EDGE_CURVE('',#1849,#1838,#1491,.T.);
#2389=EDGE_CURVE('',#1850,#1849,#385,.T.);
#2390=EDGE_CURVE('',#1851,#1850,#1492,.T.);
#2391=EDGE_CURVE('',#1848,#1851,#386,.T.);
#2392=EDGE_CURVE('',#1840,#1810,#1493,.T.);
#2393=EDGE_CURVE('',#1852,#1853,#1494,.T.);
#2394=EDGE_CURVE('',#1852,#1853,#387,.T.);
#2395=EDGE_CURVE('',#1854,#1805,#388,.T.);
#2396=EDGE_CURVE('',#1855,#1854,#1495,.T.);
#2397=EDGE_CURVE('',#1855,#1807,#389,.T.);
#2398=EDGE_CURVE('',#1856,#1803,#390,.T.);
#2399=EDGE_CURVE('',#1854,#1856,#391,.T.);
#2400=EDGE_CURVE('',#1857,#1801,#392,.T.);
#2401=EDGE_CURVE('',#1856,#1857,#1496,.T.);
#2402=EDGE_CURVE('',#1845,#1768,#393,.T.);
#2403=EDGE_CURVE('',#1857,#1844,#394,.T.);
#2404=EDGE_CURVE('',#1846,#1770,#395,.T.);
#2405=EDGE_CURVE('',#1847,#1799,#396,.T.);
#2406=EDGE_CURVE('',#1858,#1797,#397,.T.);
#2407=EDGE_CURVE('',#1842,#1858,#1497,.T.);
#2408=EDGE_CURVE('',#1852,#1811,#398,.T.);
#2409=EDGE_CURVE('',#1858,#1853,#399,.T.);
#2410=EDGE_CURVE('',#1849,#1777,#400,.T.);
#2411=EDGE_CURVE('',#1825,#1838,#1498,.T.);
#2412=EDGE_CURVE('',#1850,#1765,#401,.T.);
#2413=EDGE_CURVE('',#1851,#1767,#402,.T.);
#2414=EDGE_CURVE('',#1848,#1855,#403,.T.);
#2415=EDGE_CURVE('',#1844,#1848,#404,.T.);
#2416=EDGE_CURVE('',#1853,#1842,#1499,.T.);
#2417=EDGE_CURVE('',#1810,#1852,#1500,.T.);
#2418=EDGE_CURVE('',#1843,#1834,#405,.T.);
#2419=EDGE_CURVE('',#1841,#1828,#406,.T.);
#2420=ORIENTED_EDGE('',*,*,#1859,.T.);
#2421=ORIENTED_EDGE('',*,*,#1860,.T.);
#2422=ORIENTED_EDGE('',*,*,#1861,.T.);
#2423=ORIENTED_EDGE('',*,*,#1862,.T.);
#2424=ORIENTED_EDGE('',*,*,#1863,.T.);
#2425=ORIENTED_EDGE('',*,*,#1864,.T.);
#2426=ORIENTED_EDGE('',*,*,#1865,.T.);
#2427=ORIENTED_EDGE('',*,*,#1866,.T.);
#2428=ORIENTED_EDGE('',*,*,#1867,.T.);
#2429=ORIENTED_EDGE('',*,*,#1868,.T.);
#2430=ORIENTED_EDGE('',*,*,#1869,.T.);
#2431=ORIENTED_EDGE('',*,*,#1870,.T.);
#2432=ORIENTED_EDGE('',*,*,#1871,.T.);
#2433=ORIENTED_EDGE('',*,*,#1872,.T.);
#2434=ORIENTED_EDGE('',*,*,#1873,.T.);
#2435=ORIENTED_EDGE('',*,*,#1874,.T.);
#2436=ORIENTED_EDGE('',*,*,#1875,.T.);
#2437=ORIENTED_EDGE('',*,*,#1876,.T.);
#2438=ORIENTED_EDGE('',*,*,#1877,.F.);
#2439=ORIENTED_EDGE('',*,*,#1878,.F.);
#2440=ORIENTED_EDGE('',*,*,#1879,.T.);
#2441=ORIENTED_EDGE('',*,*,#1880,.F.);
#2442=ORIENTED_EDGE('',*,*,#1875,.F.);
#2443=ORIENTED_EDGE('',*,*,#1881,.T.);
#2444=ORIENTED_EDGE('',*,*,#1878,.T.);
#2445=ORIENTED_EDGE('',*,*,#1882,.T.);
#2446=ORIENTED_EDGE('',*,*,#1859,.F.);
#2447=ORIENTED_EDGE('',*,*,#1883,.T.);
#2448=ORIENTED_EDGE('',*,*,#1880,.T.);
#2449=ORIENTED_EDGE('',*,*,#1884,.T.);
#2450=ORIENTED_EDGE('',*,*,#1885,.T.);
#2451=ORIENTED_EDGE('',*,*,#1886,.T.);
#2452=ORIENTED_EDGE('',*,*,#1877,.T.);
#2453=ORIENTED_EDGE('',*,*,#1887,.T.);
#2454=ORIENTED_EDGE('',*,*,#1885,.F.);
#2455=ORIENTED_EDGE('',*,*,#1888,.T.);
#2456=ORIENTED_EDGE('',*,*,#1889,.T.);
#2457=ORIENTED_EDGE('',*,*,#1872,.F.);
#2458=ORIENTED_EDGE('',*,*,#1890,.T.);
#2459=ORIENTED_EDGE('',*,*,#1874,.F.);
#2460=ORIENTED_EDGE('',*,*,#1891,.T.);
#2461=ORIENTED_EDGE('',*,*,#1892,.T.);
#2462=ORIENTED_EDGE('',*,*,#1893,.T.);
#2463=ORIENTED_EDGE('',*,*,#1894,.T.);
#2464=ORIENTED_EDGE('',*,*,#1895,.T.);
#2465=ORIENTED_EDGE('',*,*,#1896,.T.);
#2466=ORIENTED_EDGE('',*,*,#1897,.T.);
#2467=ORIENTED_EDGE('',*,*,#1898,.T.);
#2468=ORIENTED_EDGE('',*,*,#1899,.F.);
#2469=ORIENTED_EDGE('',*,*,#1900,.F.);
#2470=ORIENTED_EDGE('',*,*,#1901,.F.);
#2471=ORIENTED_EDGE('',*,*,#1871,.F.);
#2472=ORIENTED_EDGE('',*,*,#1902,.T.);
#2473=ORIENTED_EDGE('',*,*,#1899,.T.);
#2474=ORIENTED_EDGE('',*,*,#1903,.T.);
#2475=ORIENTED_EDGE('',*,*,#1904,.T.);
#2476=ORIENTED_EDGE('',*,*,#1905,.T.);
#2477=ORIENTED_EDGE('',*,*,#1906,.T.);
#2478=ORIENTED_EDGE('',*,*,#1904,.F.);
#2479=ORIENTED_EDGE('',*,*,#1907,.T.);
#2480=ORIENTED_EDGE('',*,*,#1900,.T.);
#2481=ORIENTED_EDGE('',*,*,#1908,.T.);
#2482=ORIENTED_EDGE('',*,*,#1896,.F.);
#2483=ORIENTED_EDGE('',*,*,#1909,.T.);
#2484=ORIENTED_EDGE('',*,*,#1901,.T.);
#2485=ORIENTED_EDGE('',*,*,#1910,.T.);
#2486=ORIENTED_EDGE('',*,*,#1893,.F.);
#2487=ORIENTED_EDGE('',*,*,#1911,.T.);
#2488=ORIENTED_EDGE('',*,*,#1895,.F.);
#2489=ORIENTED_EDGE('',*,*,#1912,.T.);
#2490=ORIENTED_EDGE('',*,*,#1913,.F.);
#2491=ORIENTED_EDGE('',*,*,#1914,.F.);
#2492=ORIENTED_EDGE('',*,*,#1915,.T.);
#2493=ORIENTED_EDGE('',*,*,#1916,.F.);
#2494=ORIENTED_EDGE('',*,*,#1869,.F.);
#2495=ORIENTED_EDGE('',*,*,#1917,.T.);
#2496=ORIENTED_EDGE('',*,*,#1914,.T.);
#2497=ORIENTED_EDGE('',*,*,#1918,.T.);
#2498=ORIENTED_EDGE('',*,*,#1892,.F.);
#2499=ORIENTED_EDGE('',*,*,#1919,.T.);
#2500=ORIENTED_EDGE('',*,*,#1916,.T.);
#2501=ORIENTED_EDGE('',*,*,#1920,.T.);
#2502=ORIENTED_EDGE('',*,*,#1921,.T.);
#2503=ORIENTED_EDGE('',*,*,#1922,.T.);
#2504=ORIENTED_EDGE('',*,*,#1913,.T.);
#2505=ORIENTED_EDGE('',*,*,#1923,.T.);
#2506=ORIENTED_EDGE('',*,*,#1921,.F.);
#2507=ORIENTED_EDGE('',*,*,#1924,.T.);
#2508=ORIENTED_EDGE('',*,*,#1925,.T.);
#2509=ORIENTED_EDGE('',*,*,#1866,.F.);
#2510=ORIENTED_EDGE('',*,*,#1926,.T.);
#2511=ORIENTED_EDGE('',*,*,#1868,.F.);
#2512=ORIENTED_EDGE('',*,*,#1927,.T.);
#2513=ORIENTED_EDGE('',*,*,#1928,.F.);
#2514=ORIENTED_EDGE('',*,*,#1929,.F.);
#2515=ORIENTED_EDGE('',*,*,#1930,.T.);
#2516=ORIENTED_EDGE('',*,*,#1931,.F.);
#2517=ORIENTED_EDGE('',*,*,#1863,.F.);
#2518=ORIENTED_EDGE('',*,*,#1932,.T.);
#2519=ORIENTED_EDGE('',*,*,#1929,.T.);
#2520=ORIENTED_EDGE('',*,*,#1933,.T.);
#2521=ORIENTED_EDGE('',*,*,#1865,.F.);
#2522=ORIENTED_EDGE('',*,*,#1934,.T.);
#2523=ORIENTED_EDGE('',*,*,#1931,.T.);
#2524=ORIENTED_EDGE('',*,*,#1935,.T.);
#2525=ORIENTED_EDGE('',*,*,#1936,.T.);
#2526=ORIENTED_EDGE('',*,*,#1937,.T.);
#2527=ORIENTED_EDGE('',*,*,#1938,.T.);
#2528=ORIENTED_EDGE('',*,*,#1936,.F.);
#2529=ORIENTED_EDGE('',*,*,#1939,.T.);
#2530=ORIENTED_EDGE('',*,*,#1928,.T.);
#2531=ORIENTED_EDGE('',*,*,#1940,.T.);
#2532=ORIENTED_EDGE('',*,*,#1860,.F.);
#2533=ORIENTED_EDGE('',*,*,#1941,.T.);
#2534=ORIENTED_EDGE('',*,*,#1862,.F.);
#2535=ORIENTED_EDGE('',*,*,#1942,.T.);
#2536=ORIENTED_EDGE('',*,*,#1908,.F.);
#2537=ORIENTED_EDGE('',*,*,#1902,.F.);
#2538=ORIENTED_EDGE('',*,*,#1943,.F.);
#2539=ORIENTED_EDGE('',*,*,#1944,.F.);
#2540=ORIENTED_EDGE('',*,*,#1873,.F.);
#2541=ORIENTED_EDGE('',*,*,#1945,.T.);
#2542=ORIENTED_EDGE('',*,*,#1946,.F.);
#2543=ORIENTED_EDGE('',*,*,#1943,.T.);
#2544=ORIENTED_EDGE('',*,*,#1891,.F.);
#2545=ORIENTED_EDGE('',*,*,#1947,.F.);
#2546=ORIENTED_EDGE('',*,*,#1948,.F.);
#2547=ORIENTED_EDGE('',*,*,#1945,.F.);
#2548=ORIENTED_EDGE('',*,*,#1876,.F.);
#2549=ORIENTED_EDGE('',*,*,#1949,.T.);
#2550=ORIENTED_EDGE('',*,*,#1950,.F.);
#2551=ORIENTED_EDGE('',*,*,#1947,.T.);
#2552=ORIENTED_EDGE('',*,*,#1882,.F.);
#2553=ORIENTED_EDGE('',*,*,#1886,.F.);
#2554=ORIENTED_EDGE('',*,*,#1951,.F.);
#2555=ORIENTED_EDGE('',*,*,#1949,.F.);
#2556=ORIENTED_EDGE('',*,*,#1889,.F.);
#2557=ORIENTED_EDGE('',*,*,#1952,.T.);
#2558=ORIENTED_EDGE('',*,*,#1953,.T.);
#2559=ORIENTED_EDGE('',*,*,#1951,.T.);
#2560=ORIENTED_EDGE('',*,*,#1888,.F.);
#2561=ORIENTED_EDGE('',*,*,#1954,.T.);
#2562=ORIENTED_EDGE('',*,*,#1955,.F.);
#2563=ORIENTED_EDGE('',*,*,#1956,.T.);
#2564=ORIENTED_EDGE('',*,*,#1887,.F.);
#2565=ORIENTED_EDGE('',*,*,#1883,.F.);
#2566=ORIENTED_EDGE('',*,*,#1957,.F.);
#2567=ORIENTED_EDGE('',*,*,#1954,.F.);
#2568=ORIENTED_EDGE('',*,*,#1861,.F.);
#2569=ORIENTED_EDGE('',*,*,#1958,.T.);
#2570=ORIENTED_EDGE('',*,*,#1959,.F.);
#2571=ORIENTED_EDGE('',*,*,#1957,.T.);
#2572=ORIENTED_EDGE('',*,*,#1942,.F.);
#2573=ORIENTED_EDGE('',*,*,#1960,.F.);
#2574=ORIENTED_EDGE('',*,*,#1961,.F.);
#2575=ORIENTED_EDGE('',*,*,#1958,.F.);
#2576=ORIENTED_EDGE('',*,*,#1864,.F.);
#2577=ORIENTED_EDGE('',*,*,#1962,.T.);
#2578=ORIENTED_EDGE('',*,*,#1963,.F.);
#2579=ORIENTED_EDGE('',*,*,#1960,.T.);
#2580=ORIENTED_EDGE('',*,*,#1933,.F.);
#2581=ORIENTED_EDGE('',*,*,#1939,.F.);
#2582=ORIENTED_EDGE('',*,*,#1964,.F.);
#2583=ORIENTED_EDGE('',*,*,#1962,.F.);
#2584=ORIENTED_EDGE('',*,*,#1938,.F.);
#2585=ORIENTED_EDGE('',*,*,#1965,.T.);
#2586=ORIENTED_EDGE('',*,*,#1966,.T.);
#2587=ORIENTED_EDGE('',*,*,#1964,.T.);
#2588=ORIENTED_EDGE('',*,*,#1937,.F.);
#2589=ORIENTED_EDGE('',*,*,#1967,.T.);
#2590=ORIENTED_EDGE('',*,*,#1968,.F.);
#2591=ORIENTED_EDGE('',*,*,#1969,.T.);
#2592=ORIENTED_EDGE('',*,*,#1930,.F.);
#2593=ORIENTED_EDGE('',*,*,#1932,.F.);
#2594=ORIENTED_EDGE('',*,*,#1941,.F.);
#2595=ORIENTED_EDGE('',*,*,#1884,.F.);
#2596=ORIENTED_EDGE('',*,*,#1879,.F.);
#2597=ORIENTED_EDGE('',*,*,#1881,.F.);
#2598=ORIENTED_EDGE('',*,*,#1890,.F.);
#2599=ORIENTED_EDGE('',*,*,#1903,.F.);
#2600=ORIENTED_EDGE('',*,*,#1898,.F.);
#2601=ORIENTED_EDGE('',*,*,#1909,.F.);
#2602=ORIENTED_EDGE('',*,*,#1911,.F.);
#2603=ORIENTED_EDGE('',*,*,#1920,.F.);
#2604=ORIENTED_EDGE('',*,*,#1915,.F.);
#2605=ORIENTED_EDGE('',*,*,#1917,.F.);
#2606=ORIENTED_EDGE('',*,*,#1926,.F.);
#2607=ORIENTED_EDGE('',*,*,#1935,.F.);
#2608=ORIENTED_EDGE('',*,*,#1970,.T.);
#2609=ORIENTED_EDGE('',*,*,#1971,.T.);
#2610=ORIENTED_EDGE('',*,*,#1972,.T.);
#2611=ORIENTED_EDGE('',*,*,#1973,.F.);
#2612=ORIENTED_EDGE('',*,*,#1974,.F.);
#2613=ORIENTED_EDGE('',*,*,#1924,.F.);
#2614=ORIENTED_EDGE('',*,*,#1975,.T.);
#2615=ORIENTED_EDGE('',*,*,#1971,.F.);
#2616=ORIENTED_EDGE('',*,*,#1976,.T.);
#2617=ORIENTED_EDGE('',*,*,#1925,.F.);
#2618=ORIENTED_EDGE('',*,*,#1977,.T.);
#2619=ORIENTED_EDGE('',*,*,#1978,.T.);
#2620=ORIENTED_EDGE('',*,*,#1979,.T.);
#2621=ORIENTED_EDGE('',*,*,#1980,.T.);
#2622=ORIENTED_EDGE('',*,*,#1978,.F.);
#2623=ORIENTED_EDGE('',*,*,#1981,.T.);
#2624=ORIENTED_EDGE('',*,*,#1982,.F.);
#2625=ORIENTED_EDGE('',*,*,#1983,.T.);
#2626=ORIENTED_EDGE('',*,*,#1984,.T.);
#2627=ORIENTED_EDGE('',*,*,#1985,.F.);
#2628=ORIENTED_EDGE('',*,*,#1986,.F.);
#2629=ORIENTED_EDGE('',*,*,#1987,.T.);
#2630=ORIENTED_EDGE('',*,*,#1988,.T.);
#2631=ORIENTED_EDGE('',*,*,#1983,.F.);
#2632=ORIENTED_EDGE('',*,*,#1989,.F.);
#2633=ORIENTED_EDGE('',*,*,#1990,.F.);
#2634=ORIENTED_EDGE('',*,*,#1991,.T.);
#2635=ORIENTED_EDGE('',*,*,#1968,.T.);
#2636=ORIENTED_EDGE('',*,*,#1992,.T.);
#2637=ORIENTED_EDGE('',*,*,#1987,.F.);
#2638=ORIENTED_EDGE('',*,*,#1993,.F.);
#2639=ORIENTED_EDGE('',*,*,#1963,.T.);
#2640=ORIENTED_EDGE('',*,*,#1966,.F.);
#2641=ORIENTED_EDGE('',*,*,#1994,.T.);
#2642=ORIENTED_EDGE('',*,*,#1995,.F.);
#2643=ORIENTED_EDGE('',*,*,#1996,.T.);
#2644=ORIENTED_EDGE('',*,*,#1961,.T.);
#2645=ORIENTED_EDGE('',*,*,#1996,.F.);
#2646=ORIENTED_EDGE('',*,*,#1997,.F.);
#2647=ORIENTED_EDGE('',*,*,#1998,.F.);
#2648=ORIENTED_EDGE('',*,*,#1999,.T.);
#2649=ORIENTED_EDGE('',*,*,#2000,.F.);
#2650=ORIENTED_EDGE('',*,*,#2001,.F.);
#2651=ORIENTED_EDGE('',*,*,#2002,.T.);
#2652=ORIENTED_EDGE('',*,*,#2003,.T.);
#2653=ORIENTED_EDGE('',*,*,#1955,.T.);
#2654=ORIENTED_EDGE('',*,*,#1959,.T.);
#2655=ORIENTED_EDGE('',*,*,#2002,.F.);
#2656=ORIENTED_EDGE('',*,*,#2004,.F.);
#2657=ORIENTED_EDGE('',*,*,#1950,.T.);
#2658=ORIENTED_EDGE('',*,*,#1953,.F.);
#2659=ORIENTED_EDGE('',*,*,#2005,.T.);
#2660=ORIENTED_EDGE('',*,*,#2006,.F.);
#2661=ORIENTED_EDGE('',*,*,#2007,.T.);
#2662=ORIENTED_EDGE('',*,*,#2008,.T.);
#2663=ORIENTED_EDGE('',*,*,#2009,.F.);
#2664=ORIENTED_EDGE('',*,*,#2010,.F.);
#2665=ORIENTED_EDGE('',*,*,#2011,.T.);
#2666=ORIENTED_EDGE('',*,*,#1948,.T.);
#2667=ORIENTED_EDGE('',*,*,#2007,.F.);
#2668=ORIENTED_EDGE('',*,*,#2012,.F.);
#2669=ORIENTED_EDGE('',*,*,#2013,.F.);
#2670=ORIENTED_EDGE('',*,*,#2014,.T.);
#2671=ORIENTED_EDGE('',*,*,#2015,.T.);
#2672=ORIENTED_EDGE('',*,*,#1946,.T.);
#2673=ORIENTED_EDGE('',*,*,#2011,.F.);
#2674=ORIENTED_EDGE('',*,*,#2016,.F.);
#2675=ORIENTED_EDGE('',*,*,#1905,.F.);
#2676=ORIENTED_EDGE('',*,*,#1944,.T.);
#2677=ORIENTED_EDGE('',*,*,#2015,.F.);
#2678=ORIENTED_EDGE('',*,*,#2017,.T.);
#2679=ORIENTED_EDGE('',*,*,#1906,.F.);
#2680=ORIENTED_EDGE('',*,*,#2018,.T.);
#2681=ORIENTED_EDGE('',*,*,#2019,.T.);
#2682=ORIENTED_EDGE('',*,*,#2020,.T.);
#2683=ORIENTED_EDGE('',*,*,#2021,.T.);
#2684=ORIENTED_EDGE('',*,*,#2019,.F.);
#2685=ORIENTED_EDGE('',*,*,#2022,.T.);
#2686=ORIENTED_EDGE('',*,*,#2023,.F.);
#2687=ORIENTED_EDGE('',*,*,#2024,.T.);
#2688=ORIENTED_EDGE('',*,*,#2025,.T.);
#2689=ORIENTED_EDGE('',*,*,#2026,.F.);
#2690=ORIENTED_EDGE('',*,*,#2027,.F.);
#2691=ORIENTED_EDGE('',*,*,#1973,.T.);
#2692=ORIENTED_EDGE('',*,*,#2028,.T.);
#2693=ORIENTED_EDGE('',*,*,#2024,.F.);
#2694=ORIENTED_EDGE('',*,*,#2029,.F.);
#2695=ORIENTED_EDGE('',*,*,#2030,.F.);
#2696=ORIENTED_EDGE('',*,*,#1907,.F.);
#2697=ORIENTED_EDGE('',*,*,#2020,.F.);
#2698=ORIENTED_EDGE('',*,*,#2031,.F.);
#2699=ORIENTED_EDGE('',*,*,#1910,.F.);
#2700=ORIENTED_EDGE('',*,*,#1897,.F.);
#2701=ORIENTED_EDGE('',*,*,#2031,.T.);
#2702=ORIENTED_EDGE('',*,*,#2021,.F.);
#2703=ORIENTED_EDGE('',*,*,#2032,.T.);
#2704=ORIENTED_EDGE('',*,*,#1912,.F.);
#2705=ORIENTED_EDGE('',*,*,#2032,.F.);
#2706=ORIENTED_EDGE('',*,*,#2028,.F.);
#2707=ORIENTED_EDGE('',*,*,#2033,.F.);
#2708=ORIENTED_EDGE('',*,*,#1998,.T.);
#2709=ORIENTED_EDGE('',*,*,#2034,.F.);
#2710=ORIENTED_EDGE('',*,*,#2035,.T.);
#2711=ORIENTED_EDGE('',*,*,#2036,.T.);
#2712=ORIENTED_EDGE('',*,*,#2000,.T.);
#2713=ORIENTED_EDGE('',*,*,#2037,.F.);
#2714=ORIENTED_EDGE('',*,*,#1997,.T.);
#2715=ORIENTED_EDGE('',*,*,#1995,.T.);
#2716=ORIENTED_EDGE('',*,*,#2038,.F.);
#2717=ORIENTED_EDGE('',*,*,#2039,.F.);
#2718=ORIENTED_EDGE('',*,*,#2040,.T.);
#2719=ORIENTED_EDGE('',*,*,#2034,.T.);
#2720=ORIENTED_EDGE('',*,*,#1993,.T.);
#2721=ORIENTED_EDGE('',*,*,#1986,.T.);
#2722=ORIENTED_EDGE('',*,*,#2041,.F.);
#2723=ORIENTED_EDGE('',*,*,#2042,.T.);
#2724=ORIENTED_EDGE('',*,*,#2043,.F.);
#2725=ORIENTED_EDGE('',*,*,#2044,.T.);
#2726=ORIENTED_EDGE('',*,*,#1985,.T.);
#2727=ORIENTED_EDGE('',*,*,#2045,.T.);
#2728=ORIENTED_EDGE('',*,*,#1990,.T.);
#2729=ORIENTED_EDGE('',*,*,#2046,.F.);
#2730=ORIENTED_EDGE('',*,*,#2047,.T.);
#2731=ORIENTED_EDGE('',*,*,#2048,.T.);
#2732=ORIENTED_EDGE('',*,*,#2041,.T.);
#2733=ORIENTED_EDGE('',*,*,#1989,.T.);
#2734=ORIENTED_EDGE('',*,*,#1982,.T.);
#2735=ORIENTED_EDGE('',*,*,#2049,.T.);
#2736=ORIENTED_EDGE('',*,*,#2050,.F.);
#2737=ORIENTED_EDGE('',*,*,#2051,.T.);
#2738=ORIENTED_EDGE('',*,*,#2046,.T.);
#2739=ORIENTED_EDGE('',*,*,#1974,.T.);
#2740=ORIENTED_EDGE('',*,*,#2027,.T.);
#2741=ORIENTED_EDGE('',*,*,#2052,.F.);
#2742=ORIENTED_EDGE('',*,*,#2053,.T.);
#2743=ORIENTED_EDGE('',*,*,#2054,.T.);
#2744=ORIENTED_EDGE('',*,*,#2055,.T.);
#2745=ORIENTED_EDGE('',*,*,#2026,.T.);
#2746=ORIENTED_EDGE('',*,*,#2056,.T.);
#2747=ORIENTED_EDGE('',*,*,#2030,.T.);
#2748=ORIENTED_EDGE('',*,*,#2057,.F.);
#2749=ORIENTED_EDGE('',*,*,#2058,.T.);
#2750=ORIENTED_EDGE('',*,*,#2052,.T.);
#2751=ORIENTED_EDGE('',*,*,#2025,.F.);
#2752=ORIENTED_EDGE('',*,*,#2056,.F.);
#2753=ORIENTED_EDGE('',*,*,#1981,.F.);
#2754=ORIENTED_EDGE('',*,*,#1977,.F.);
#2755=ORIENTED_EDGE('',*,*,#1976,.F.);
#2756=ORIENTED_EDGE('',*,*,#1970,.F.);
#2757=ORIENTED_EDGE('',*,*,#2055,.F.);
#2758=ORIENTED_EDGE('',*,*,#2059,.F.);
#2759=ORIENTED_EDGE('',*,*,#2049,.F.);
#2760=ORIENTED_EDGE('',*,*,#2014,.F.);
#2761=ORIENTED_EDGE('',*,*,#2060,.F.);
#2762=ORIENTED_EDGE('',*,*,#2061,.F.);
#2763=ORIENTED_EDGE('',*,*,#2062,.F.);
#2764=ORIENTED_EDGE('',*,*,#2022,.F.);
#2765=ORIENTED_EDGE('',*,*,#2018,.F.);
#2766=ORIENTED_EDGE('',*,*,#2017,.F.);
#2767=ORIENTED_EDGE('',*,*,#1984,.F.);
#2768=ORIENTED_EDGE('',*,*,#2045,.F.);
#2769=ORIENTED_EDGE('',*,*,#2008,.F.);
#2770=ORIENTED_EDGE('',*,*,#2063,.F.);
#2771=ORIENTED_EDGE('',*,*,#1994,.F.);
#2772=ORIENTED_EDGE('',*,*,#1965,.F.);
#2773=ORIENTED_EDGE('',*,*,#1969,.F.);
#2774=ORIENTED_EDGE('',*,*,#1991,.F.);
#2775=ORIENTED_EDGE('',*,*,#2044,.F.);
#2776=ORIENTED_EDGE('',*,*,#2064,.F.);
#2777=ORIENTED_EDGE('',*,*,#2038,.T.);
#2778=ORIENTED_EDGE('',*,*,#2003,.F.);
#2779=ORIENTED_EDGE('',*,*,#2065,.F.);
#2780=ORIENTED_EDGE('',*,*,#2066,.F.);
#2781=ORIENTED_EDGE('',*,*,#2067,.F.);
#2782=ORIENTED_EDGE('',*,*,#2005,.F.);
#2783=ORIENTED_EDGE('',*,*,#1952,.F.);
#2784=ORIENTED_EDGE('',*,*,#1956,.F.);
#2785=ORIENTED_EDGE('',*,*,#2023,.T.);
#2786=ORIENTED_EDGE('',*,*,#2062,.T.);
#2787=ORIENTED_EDGE('',*,*,#2068,.F.);
#2788=ORIENTED_EDGE('',*,*,#2069,.T.);
#2789=ORIENTED_EDGE('',*,*,#2057,.T.);
#2790=ORIENTED_EDGE('',*,*,#2029,.T.);
#2791=ORIENTED_EDGE('',*,*,#2006,.T.);
#2792=ORIENTED_EDGE('',*,*,#2067,.T.);
#2793=ORIENTED_EDGE('',*,*,#2070,.F.);
#2794=ORIENTED_EDGE('',*,*,#2071,.T.);
#2795=ORIENTED_EDGE('',*,*,#2072,.T.);
#2796=ORIENTED_EDGE('',*,*,#2012,.T.);
#2797=ORIENTED_EDGE('',*,*,#1894,.F.);
#2798=ORIENTED_EDGE('',*,*,#2033,.T.);
#2799=ORIENTED_EDGE('',*,*,#1972,.F.);
#2800=ORIENTED_EDGE('',*,*,#2073,.T.);
#2801=ORIENTED_EDGE('',*,*,#1870,.F.);
#2802=ORIENTED_EDGE('',*,*,#2074,.T.);
#2803=ORIENTED_EDGE('',*,*,#1980,.F.);
#2804=ORIENTED_EDGE('',*,*,#2075,.T.);
#2805=ORIENTED_EDGE('',*,*,#1927,.F.);
#2806=ORIENTED_EDGE('',*,*,#2075,.F.);
#2807=ORIENTED_EDGE('',*,*,#1988,.F.);
#2808=ORIENTED_EDGE('',*,*,#2076,.F.);
#2809=ORIENTED_EDGE('',*,*,#1867,.F.);
#2810=ORIENTED_EDGE('',*,*,#2076,.T.);
#2811=ORIENTED_EDGE('',*,*,#1992,.F.);
#2812=ORIENTED_EDGE('',*,*,#2077,.T.);
#2813=ORIENTED_EDGE('',*,*,#2043,.T.);
#2814=ORIENTED_EDGE('',*,*,#2078,.T.);
#2815=ORIENTED_EDGE('',*,*,#2039,.T.);
#2816=ORIENTED_EDGE('',*,*,#2064,.T.);
#2817=ORIENTED_EDGE('',*,*,#2001,.T.);
#2818=ORIENTED_EDGE('',*,*,#2036,.F.);
#2819=ORIENTED_EDGE('',*,*,#2079,.T.);
#2820=ORIENTED_EDGE('',*,*,#2080,.T.);
#2821=ORIENTED_EDGE('',*,*,#2065,.T.);
#2822=ORIENTED_EDGE('',*,*,#2004,.T.);
#2823=ORIENTED_EDGE('',*,*,#2080,.F.);
#2824=ORIENTED_EDGE('',*,*,#2081,.T.);
#2825=ORIENTED_EDGE('',*,*,#2070,.T.);
#2826=ORIENTED_EDGE('',*,*,#2066,.T.);
#2827=ORIENTED_EDGE('',*,*,#2013,.T.);
#2828=ORIENTED_EDGE('',*,*,#2072,.F.);
#2829=ORIENTED_EDGE('',*,*,#2082,.T.);
#2830=ORIENTED_EDGE('',*,*,#2083,.T.);
#2831=ORIENTED_EDGE('',*,*,#2009,.T.);
#2832=ORIENTED_EDGE('',*,*,#2063,.T.);
#2833=ORIENTED_EDGE('',*,*,#2010,.T.);
#2834=ORIENTED_EDGE('',*,*,#2083,.F.);
#2835=ORIENTED_EDGE('',*,*,#2084,.T.);
#2836=ORIENTED_EDGE('',*,*,#2085,.T.);
#2837=ORIENTED_EDGE('',*,*,#2060,.T.);
#2838=ORIENTED_EDGE('',*,*,#2016,.T.);
#2839=ORIENTED_EDGE('',*,*,#2085,.F.);
#2840=ORIENTED_EDGE('',*,*,#2086,.T.);
#2841=ORIENTED_EDGE('',*,*,#2068,.T.);
#2842=ORIENTED_EDGE('',*,*,#2061,.T.);
#2843=ORIENTED_EDGE('',*,*,#2054,.F.);
#2844=ORIENTED_EDGE('',*,*,#2087,.T.);
#2845=ORIENTED_EDGE('',*,*,#2050,.T.);
#2846=ORIENTED_EDGE('',*,*,#2059,.T.);
#2847=ORIENTED_EDGE('',*,*,#1999,.F.);
#2848=ORIENTED_EDGE('',*,*,#2037,.T.);
#2849=ORIENTED_EDGE('',*,*,#2088,.F.);
#2850=ORIENTED_EDGE('',*,*,#2089,.T.);
#2851=ORIENTED_EDGE('',*,*,#2047,.F.);
#2852=ORIENTED_EDGE('',*,*,#2051,.F.);
#2853=ORIENTED_EDGE('',*,*,#2087,.F.);
#2854=ORIENTED_EDGE('',*,*,#2053,.F.);
#2855=ORIENTED_EDGE('',*,*,#2058,.F.);
#2856=ORIENTED_EDGE('',*,*,#2069,.F.);
#2857=ORIENTED_EDGE('',*,*,#2086,.F.);
#2858=ORIENTED_EDGE('',*,*,#2084,.F.);
#2859=ORIENTED_EDGE('',*,*,#2082,.F.);
#2860=ORIENTED_EDGE('',*,*,#2071,.F.);
#2861=ORIENTED_EDGE('',*,*,#2081,.F.);
#2862=ORIENTED_EDGE('',*,*,#2079,.F.);
#2863=ORIENTED_EDGE('',*,*,#2035,.F.);
#2864=ORIENTED_EDGE('',*,*,#2040,.F.);
#2865=ORIENTED_EDGE('',*,*,#2078,.F.);
#2866=ORIENTED_EDGE('',*,*,#2042,.F.);
#2867=ORIENTED_EDGE('',*,*,#2048,.F.);
#2868=ORIENTED_EDGE('',*,*,#2089,.F.);
#2869=ORIENTED_EDGE('',*,*,#1919,.F.);
#2870=ORIENTED_EDGE('',*,*,#2073,.F.);
#2871=ORIENTED_EDGE('',*,*,#1975,.F.);
#2872=ORIENTED_EDGE('',*,*,#1923,.F.);
#2873=ORIENTED_EDGE('',*,*,#1922,.F.);
#2874=ORIENTED_EDGE('',*,*,#1979,.F.);
#2875=ORIENTED_EDGE('',*,*,#2074,.F.);
#2876=ORIENTED_EDGE('',*,*,#1918,.F.);
#2877=ORIENTED_EDGE('',*,*,#2090,.T.);
#2878=ORIENTED_EDGE('',*,*,#2091,.T.);
#2879=ORIENTED_EDGE('',*,*,#2092,.T.);
#2880=ORIENTED_EDGE('',*,*,#2093,.F.);
#2881=ORIENTED_EDGE('',*,*,#2094,.T.);
#2882=ORIENTED_EDGE('',*,*,#2095,.T.);
#2883=ORIENTED_EDGE('',*,*,#2096,.T.);
#2884=ORIENTED_EDGE('',*,*,#2091,.F.);
#2885=ORIENTED_EDGE('',*,*,#2097,.T.);
#2886=ORIENTED_EDGE('',*,*,#2098,.T.);
#2887=ORIENTED_EDGE('',*,*,#2099,.T.);
#2888=ORIENTED_EDGE('',*,*,#2095,.F.);
#2889=ORIENTED_EDGE('',*,*,#2100,.T.);
#2890=ORIENTED_EDGE('',*,*,#2098,.F.);
#2891=ORIENTED_EDGE('',*,*,#2101,.T.);
#2892=ORIENTED_EDGE('',*,*,#2093,.T.);
#2893=ORIENTED_EDGE('',*,*,#2100,.F.);
#2894=ORIENTED_EDGE('',*,*,#2102,.F.);
#2895=ORIENTED_EDGE('',*,*,#2103,.F.);
#2896=ORIENTED_EDGE('',*,*,#2104,.T.);
#2897=ORIENTED_EDGE('',*,*,#2092,.F.);
#2898=ORIENTED_EDGE('',*,*,#2105,.F.);
#2899=ORIENTED_EDGE('',*,*,#2106,.F.);
#2900=ORIENTED_EDGE('',*,*,#2102,.T.);
#2901=ORIENTED_EDGE('',*,*,#2088,.T.);
#2902=ORIENTED_EDGE('',*,*,#2090,.F.);
#2903=ORIENTED_EDGE('',*,*,#2101,.F.);
#2904=ORIENTED_EDGE('',*,*,#2097,.F.);
#2905=ORIENTED_EDGE('',*,*,#2094,.F.);
#2906=ORIENTED_EDGE('',*,*,#1934,.F.);
#2907=ORIENTED_EDGE('',*,*,#2077,.F.);
#2908=ORIENTED_EDGE('',*,*,#1967,.F.);
#2909=ORIENTED_EDGE('',*,*,#1940,.F.);
#2910=ORIENTED_EDGE('',*,*,#2107,.T.);
#2911=ORIENTED_EDGE('',*,*,#2108,.T.);
#2912=ORIENTED_EDGE('',*,*,#2103,.T.);
#2913=ORIENTED_EDGE('',*,*,#2106,.T.);
#2914=ORIENTED_EDGE('',*,*,#2099,.F.);
#2915=ORIENTED_EDGE('',*,*,#2104,.F.);
#2916=ORIENTED_EDGE('',*,*,#2108,.F.);
#2917=ORIENTED_EDGE('',*,*,#2109,.T.);
#2918=ORIENTED_EDGE('',*,*,#2096,.F.);
#2919=ORIENTED_EDGE('',*,*,#2109,.F.);
#2920=ORIENTED_EDGE('',*,*,#2107,.F.);
#2921=ORIENTED_EDGE('',*,*,#2105,.T.);
#2922=ORIENTED_EDGE('',*,*,#2110,.F.);
#2923=ORIENTED_EDGE('',*,*,#2111,.F.);
#2924=ORIENTED_EDGE('',*,*,#2112,.F.);
#2925=ORIENTED_EDGE('',*,*,#2113,.T.);
#2926=ORIENTED_EDGE('',*,*,#2114,.T.);
#2927=ORIENTED_EDGE('',*,*,#2111,.T.);
#2928=ORIENTED_EDGE('',*,*,#2115,.T.);
#2929=ORIENTED_EDGE('',*,*,#2116,.F.);
#2930=ORIENTED_EDGE('',*,*,#2117,.F.);
#2931=ORIENTED_EDGE('',*,*,#2118,.F.);
#2932=ORIENTED_EDGE('',*,*,#2119,.T.);
#2933=ORIENTED_EDGE('',*,*,#2120,.T.);
#2934=ORIENTED_EDGE('',*,*,#2117,.T.);
#2935=ORIENTED_EDGE('',*,*,#2121,.T.);
#2936=ORIENTED_EDGE('',*,*,#2122,.T.);
#2937=ORIENTED_EDGE('',*,*,#2123,.T.);
#2938=ORIENTED_EDGE('',*,*,#2118,.T.);
#2939=ORIENTED_EDGE('',*,*,#2124,.T.);
#2940=ORIENTED_EDGE('',*,*,#2125,.T.);
#2941=ORIENTED_EDGE('',*,*,#2126,.T.);
#2942=ORIENTED_EDGE('',*,*,#2122,.F.);
#2943=ORIENTED_EDGE('',*,*,#2127,.T.);
#2944=ORIENTED_EDGE('',*,*,#2128,.T.);
#2945=ORIENTED_EDGE('',*,*,#2129,.T.);
#2946=ORIENTED_EDGE('',*,*,#2125,.F.);
#2947=ORIENTED_EDGE('',*,*,#2130,.T.);
#2948=ORIENTED_EDGE('',*,*,#2131,.T.);
#2949=ORIENTED_EDGE('',*,*,#2132,.T.);
#2950=ORIENTED_EDGE('',*,*,#2128,.F.);
#2951=ORIENTED_EDGE('',*,*,#2133,.T.);
#2952=ORIENTED_EDGE('',*,*,#2110,.T.);
#2953=ORIENTED_EDGE('',*,*,#2134,.T.);
#2954=ORIENTED_EDGE('',*,*,#2131,.F.);
#2955=ORIENTED_EDGE('',*,*,#2135,.T.);
#2956=ORIENTED_EDGE('',*,*,#2136,.F.);
#2957=ORIENTED_EDGE('',*,*,#2137,.F.);
#2958=ORIENTED_EDGE('',*,*,#2138,.F.);
#2959=ORIENTED_EDGE('',*,*,#2139,.T.);
#2960=ORIENTED_EDGE('',*,*,#2140,.T.);
#2961=ORIENTED_EDGE('',*,*,#2137,.T.);
#2962=ORIENTED_EDGE('',*,*,#2141,.T.);
#2963=ORIENTED_EDGE('',*,*,#2142,.F.);
#2964=ORIENTED_EDGE('',*,*,#2143,.F.);
#2965=ORIENTED_EDGE('',*,*,#2144,.F.);
#2966=ORIENTED_EDGE('',*,*,#2145,.T.);
#2967=ORIENTED_EDGE('',*,*,#2146,.T.);
#2968=ORIENTED_EDGE('',*,*,#2143,.T.);
#2969=ORIENTED_EDGE('',*,*,#2147,.T.);
#2970=ORIENTED_EDGE('',*,*,#2148,.T.);
#2971=ORIENTED_EDGE('',*,*,#2149,.T.);
#2972=ORIENTED_EDGE('',*,*,#2144,.T.);
#2973=ORIENTED_EDGE('',*,*,#2150,.T.);
#2974=ORIENTED_EDGE('',*,*,#2151,.T.);
#2975=ORIENTED_EDGE('',*,*,#2152,.T.);
#2976=ORIENTED_EDGE('',*,*,#2148,.F.);
#2977=ORIENTED_EDGE('',*,*,#2153,.T.);
#2978=ORIENTED_EDGE('',*,*,#2154,.T.);
#2979=ORIENTED_EDGE('',*,*,#2155,.T.);
#2980=ORIENTED_EDGE('',*,*,#2151,.F.);
#2981=ORIENTED_EDGE('',*,*,#2156,.T.);
#2982=ORIENTED_EDGE('',*,*,#2157,.T.);
#2983=ORIENTED_EDGE('',*,*,#2158,.T.);
#2984=ORIENTED_EDGE('',*,*,#2154,.F.);
#2985=ORIENTED_EDGE('',*,*,#2159,.T.);
#2986=ORIENTED_EDGE('',*,*,#2116,.T.);
#2987=ORIENTED_EDGE('',*,*,#2160,.T.);
#2988=ORIENTED_EDGE('',*,*,#2157,.F.);
#2989=ORIENTED_EDGE('',*,*,#2161,.T.);
#2990=ORIENTED_EDGE('',*,*,#2162,.T.);
#2991=ORIENTED_EDGE('',*,*,#2163,.T.);
#2992=ORIENTED_EDGE('',*,*,#2138,.T.);
#2993=ORIENTED_EDGE('',*,*,#2164,.T.);
#2994=ORIENTED_EDGE('',*,*,#2165,.T.);
#2995=ORIENTED_EDGE('',*,*,#2166,.T.);
#2996=ORIENTED_EDGE('',*,*,#2162,.F.);
#2997=ORIENTED_EDGE('',*,*,#2167,.T.);
#2998=ORIENTED_EDGE('',*,*,#2168,.T.);
#2999=ORIENTED_EDGE('',*,*,#2169,.T.);
#3000=ORIENTED_EDGE('',*,*,#2165,.F.);
#3001=ORIENTED_EDGE('',*,*,#2170,.T.);
#3002=ORIENTED_EDGE('',*,*,#2171,.T.);
#3003=ORIENTED_EDGE('',*,*,#2172,.T.);
#3004=ORIENTED_EDGE('',*,*,#2168,.F.);
#3005=ORIENTED_EDGE('',*,*,#2173,.T.);
#3006=ORIENTED_EDGE('',*,*,#2142,.T.);
#3007=ORIENTED_EDGE('',*,*,#2174,.T.);
#3008=ORIENTED_EDGE('',*,*,#2171,.F.);
#3009=ORIENTED_EDGE('',*,*,#2175,.T.);
#3010=ORIENTED_EDGE('',*,*,#2176,.T.);
#3011=ORIENTED_EDGE('',*,*,#2177,.T.);
#3012=ORIENTED_EDGE('',*,*,#2112,.T.);
#3013=ORIENTED_EDGE('',*,*,#2178,.T.);
#3014=ORIENTED_EDGE('',*,*,#2179,.T.);
#3015=ORIENTED_EDGE('',*,*,#2180,.T.);
#3016=ORIENTED_EDGE('',*,*,#2176,.F.);
#3017=ORIENTED_EDGE('',*,*,#2181,.T.);
#3018=ORIENTED_EDGE('',*,*,#2182,.T.);
#3019=ORIENTED_EDGE('',*,*,#2183,.T.);
#3020=ORIENTED_EDGE('',*,*,#2179,.F.);
#3021=ORIENTED_EDGE('',*,*,#2184,.T.);
#3022=ORIENTED_EDGE('',*,*,#2185,.T.);
#3023=ORIENTED_EDGE('',*,*,#2186,.T.);
#3024=ORIENTED_EDGE('',*,*,#2182,.F.);
#3025=ORIENTED_EDGE('',*,*,#2187,.T.);
#3026=ORIENTED_EDGE('',*,*,#2136,.T.);
#3027=ORIENTED_EDGE('',*,*,#2188,.T.);
#3028=ORIENTED_EDGE('',*,*,#2185,.F.);
#3029=ORIENTED_EDGE('',*,*,#2189,.T.);
#3030=ORIENTED_EDGE('',*,*,#2115,.F.);
#3031=ORIENTED_EDGE('',*,*,#2135,.F.);
#3032=ORIENTED_EDGE('',*,*,#2190,.F.);
#3033=ORIENTED_EDGE('',*,*,#2191,.F.);
#3034=ORIENTED_EDGE('',*,*,#2192,.T.);
#3035=ORIENTED_EDGE('',*,*,#2133,.F.);
#3036=ORIENTED_EDGE('',*,*,#2193,.T.);
#3037=ORIENTED_EDGE('',*,*,#2194,.F.);
#3038=ORIENTED_EDGE('',*,*,#2190,.T.);
#3039=ORIENTED_EDGE('',*,*,#2130,.F.);
#3040=ORIENTED_EDGE('',*,*,#2195,.F.);
#3041=ORIENTED_EDGE('',*,*,#2196,.F.);
#3042=ORIENTED_EDGE('',*,*,#2193,.F.);
#3043=ORIENTED_EDGE('',*,*,#2127,.F.);
#3044=ORIENTED_EDGE('',*,*,#2197,.T.);
#3045=ORIENTED_EDGE('',*,*,#2198,.F.);
#3046=ORIENTED_EDGE('',*,*,#2195,.T.);
#3047=ORIENTED_EDGE('',*,*,#2124,.F.);
#3048=ORIENTED_EDGE('',*,*,#2120,.F.);
#3049=ORIENTED_EDGE('',*,*,#2199,.T.);
#3050=ORIENTED_EDGE('',*,*,#2200,.F.);
#3051=ORIENTED_EDGE('',*,*,#2197,.F.);
#3052=ORIENTED_EDGE('',*,*,#2121,.F.);
#3053=ORIENTED_EDGE('',*,*,#2161,.F.);
#3054=ORIENTED_EDGE('',*,*,#2201,.F.);
#3055=ORIENTED_EDGE('',*,*,#2202,.T.);
#3056=ORIENTED_EDGE('',*,*,#2159,.F.);
#3057=ORIENTED_EDGE('',*,*,#2203,.T.);
#3058=ORIENTED_EDGE('',*,*,#2204,.T.);
#3059=ORIENTED_EDGE('',*,*,#2201,.T.);
#3060=ORIENTED_EDGE('',*,*,#2156,.F.);
#3061=ORIENTED_EDGE('',*,*,#2205,.F.);
#3062=ORIENTED_EDGE('',*,*,#2206,.T.);
#3063=ORIENTED_EDGE('',*,*,#2203,.F.);
#3064=ORIENTED_EDGE('',*,*,#2153,.F.);
#3065=ORIENTED_EDGE('',*,*,#2207,.T.);
#3066=ORIENTED_EDGE('',*,*,#2208,.T.);
#3067=ORIENTED_EDGE('',*,*,#2205,.T.);
#3068=ORIENTED_EDGE('',*,*,#2150,.F.);
#3069=ORIENTED_EDGE('',*,*,#2146,.F.);
#3070=ORIENTED_EDGE('',*,*,#2209,.T.);
#3071=ORIENTED_EDGE('',*,*,#2207,.F.);
#3072=ORIENTED_EDGE('',*,*,#2119,.F.);
#3073=ORIENTED_EDGE('',*,*,#2202,.F.);
#3074=ORIENTED_EDGE('',*,*,#2204,.F.);
#3075=ORIENTED_EDGE('',*,*,#2206,.F.);
#3076=ORIENTED_EDGE('',*,*,#2208,.F.);
#3077=ORIENTED_EDGE('',*,*,#2209,.F.);
#3078=ORIENTED_EDGE('',*,*,#2145,.F.);
#3079=ORIENTED_EDGE('',*,*,#2210,.F.);
#3080=ORIENTED_EDGE('',*,*,#2211,.T.);
#3081=ORIENTED_EDGE('',*,*,#2212,.T.);
#3082=ORIENTED_EDGE('',*,*,#2213,.T.);
#3083=ORIENTED_EDGE('',*,*,#2199,.F.);
#3084=ORIENTED_EDGE('',*,*,#2214,.T.);
#3085=ORIENTED_EDGE('',*,*,#2163,.F.);
#3086=ORIENTED_EDGE('',*,*,#2166,.F.);
#3087=ORIENTED_EDGE('',*,*,#2169,.F.);
#3088=ORIENTED_EDGE('',*,*,#2172,.F.);
#3089=ORIENTED_EDGE('',*,*,#2174,.F.);
#3090=ORIENTED_EDGE('',*,*,#2149,.F.);
#3091=ORIENTED_EDGE('',*,*,#2152,.F.);
#3092=ORIENTED_EDGE('',*,*,#2155,.F.);
#3093=ORIENTED_EDGE('',*,*,#2158,.F.);
#3094=ORIENTED_EDGE('',*,*,#2160,.F.);
#3095=ORIENTED_EDGE('',*,*,#2123,.F.);
#3096=ORIENTED_EDGE('',*,*,#2126,.F.);
#3097=ORIENTED_EDGE('',*,*,#2129,.F.);
#3098=ORIENTED_EDGE('',*,*,#2132,.F.);
#3099=ORIENTED_EDGE('',*,*,#2134,.F.);
#3100=ORIENTED_EDGE('',*,*,#2177,.F.);
#3101=ORIENTED_EDGE('',*,*,#2180,.F.);
#3102=ORIENTED_EDGE('',*,*,#2183,.F.);
#3103=ORIENTED_EDGE('',*,*,#2186,.F.);
#3104=ORIENTED_EDGE('',*,*,#2188,.F.);
#3105=ORIENTED_EDGE('',*,*,#2173,.F.);
#3106=ORIENTED_EDGE('',*,*,#2215,.T.);
#3107=ORIENTED_EDGE('',*,*,#2216,.F.);
#3108=ORIENTED_EDGE('',*,*,#2217,.T.);
#3109=ORIENTED_EDGE('',*,*,#2170,.F.);
#3110=ORIENTED_EDGE('',*,*,#2218,.F.);
#3111=ORIENTED_EDGE('',*,*,#2219,.F.);
#3112=ORIENTED_EDGE('',*,*,#2215,.F.);
#3113=ORIENTED_EDGE('',*,*,#2167,.F.);
#3114=ORIENTED_EDGE('',*,*,#2220,.T.);
#3115=ORIENTED_EDGE('',*,*,#2221,.F.);
#3116=ORIENTED_EDGE('',*,*,#2218,.T.);
#3117=ORIENTED_EDGE('',*,*,#2140,.F.);
#3118=ORIENTED_EDGE('',*,*,#2222,.T.);
#3119=ORIENTED_EDGE('',*,*,#2223,.F.);
#3120=ORIENTED_EDGE('',*,*,#2220,.F.);
#3121=ORIENTED_EDGE('',*,*,#2164,.F.);
#3122=ORIENTED_EDGE('',*,*,#2187,.F.);
#3123=ORIENTED_EDGE('',*,*,#2224,.T.);
#3124=ORIENTED_EDGE('',*,*,#2225,.T.);
#3125=ORIENTED_EDGE('',*,*,#2226,.T.);
#3126=ORIENTED_EDGE('',*,*,#2189,.F.);
#3127=ORIENTED_EDGE('',*,*,#2226,.F.);
#3128=ORIENTED_EDGE('',*,*,#2227,.T.);
#3129=ORIENTED_EDGE('',*,*,#2141,.F.);
#3130=ORIENTED_EDGE('',*,*,#2181,.F.);
#3131=ORIENTED_EDGE('',*,*,#2228,.T.);
#3132=ORIENTED_EDGE('',*,*,#2229,.T.);
#3133=ORIENTED_EDGE('',*,*,#2230,.T.);
#3134=ORIENTED_EDGE('',*,*,#2184,.F.);
#3135=ORIENTED_EDGE('',*,*,#2230,.F.);
#3136=ORIENTED_EDGE('',*,*,#2231,.T.);
#3137=ORIENTED_EDGE('',*,*,#2224,.F.);
#3138=ORIENTED_EDGE('',*,*,#2232,.T.);
#3139=ORIENTED_EDGE('',*,*,#2233,.T.);
#3140=ORIENTED_EDGE('',*,*,#2234,.T.);
#3141=ORIENTED_EDGE('',*,*,#2235,.F.);
#3142=ORIENTED_EDGE('',*,*,#2236,.T.);
#3143=ORIENTED_EDGE('',*,*,#2237,.T.);
#3144=ORIENTED_EDGE('',*,*,#2238,.T.);
#3145=ORIENTED_EDGE('',*,*,#2233,.F.);
#3146=ORIENTED_EDGE('',*,*,#2239,.T.);
#3147=ORIENTED_EDGE('',*,*,#2240,.T.);
#3148=ORIENTED_EDGE('',*,*,#2241,.T.);
#3149=ORIENTED_EDGE('',*,*,#2237,.F.);
#3150=ORIENTED_EDGE('',*,*,#2242,.T.);
#3151=ORIENTED_EDGE('',*,*,#2240,.F.);
#3152=ORIENTED_EDGE('',*,*,#2243,.T.);
#3153=ORIENTED_EDGE('',*,*,#2235,.T.);
#3154=ORIENTED_EDGE('',*,*,#2242,.F.);
#3155=ORIENTED_EDGE('',*,*,#2244,.F.);
#3156=ORIENTED_EDGE('',*,*,#2212,.F.);
#3157=ORIENTED_EDGE('',*,*,#2245,.T.);
#3158=ORIENTED_EDGE('',*,*,#2234,.F.);
#3159=ORIENTED_EDGE('',*,*,#2246,.F.);
#3160=ORIENTED_EDGE('',*,*,#2247,.F.);
#3161=ORIENTED_EDGE('',*,*,#2248,.F.);
#3162=ORIENTED_EDGE('',*,*,#2213,.F.);
#3163=ORIENTED_EDGE('',*,*,#2244,.T.);
#3164=ORIENTED_EDGE('',*,*,#2249,.T.);
#3165=ORIENTED_EDGE('',*,*,#2232,.F.);
#3166=ORIENTED_EDGE('',*,*,#2243,.F.);
#3167=ORIENTED_EDGE('',*,*,#2239,.F.);
#3168=ORIENTED_EDGE('',*,*,#2236,.F.);
#3169=ORIENTED_EDGE('',*,*,#2113,.F.);
#3170=ORIENTED_EDGE('',*,*,#2192,.F.);
#3171=ORIENTED_EDGE('',*,*,#2247,.T.);
#3172=ORIENTED_EDGE('',*,*,#2250,.T.);
#3173=ORIENTED_EDGE('',*,*,#2251,.T.);
#3174=ORIENTED_EDGE('',*,*,#2222,.F.);
#3175=ORIENTED_EDGE('',*,*,#2139,.F.);
#3176=ORIENTED_EDGE('',*,*,#2227,.F.);
#3177=ORIENTED_EDGE('',*,*,#2225,.F.);
#3178=ORIENTED_EDGE('',*,*,#2231,.F.);
#3179=ORIENTED_EDGE('',*,*,#2229,.F.);
#3180=ORIENTED_EDGE('',*,*,#2252,.F.);
#3181=ORIENTED_EDGE('',*,*,#2175,.F.);
#3182=ORIENTED_EDGE('',*,*,#2217,.F.);
#3183=ORIENTED_EDGE('',*,*,#2253,.F.);
#3184=ORIENTED_EDGE('',*,*,#2210,.T.);
#3185=ORIENTED_EDGE('',*,*,#2147,.F.);
#3186=ORIENTED_EDGE('',*,*,#2114,.F.);
#3187=ORIENTED_EDGE('',*,*,#2252,.T.);
#3188=ORIENTED_EDGE('',*,*,#2228,.F.);
#3189=ORIENTED_EDGE('',*,*,#2178,.F.);
#3190=ORIENTED_EDGE('',*,*,#2198,.T.);
#3191=ORIENTED_EDGE('',*,*,#2200,.T.);
#3192=ORIENTED_EDGE('',*,*,#2248,.T.);
#3193=ORIENTED_EDGE('',*,*,#2191,.T.);
#3194=ORIENTED_EDGE('',*,*,#2194,.T.);
#3195=ORIENTED_EDGE('',*,*,#2196,.T.);
#3196=ORIENTED_EDGE('',*,*,#2216,.T.);
#3197=ORIENTED_EDGE('',*,*,#2219,.T.);
#3198=ORIENTED_EDGE('',*,*,#2221,.T.);
#3199=ORIENTED_EDGE('',*,*,#2223,.T.);
#3200=ORIENTED_EDGE('',*,*,#2254,.T.);
#3201=ORIENTED_EDGE('',*,*,#2253,.T.);
#3202=ORIENTED_EDGE('',*,*,#2238,.F.);
#3203=ORIENTED_EDGE('',*,*,#2255,.F.);
#3204=ORIENTED_EDGE('',*,*,#2250,.F.);
#3205=ORIENTED_EDGE('',*,*,#2246,.T.);
#3206=ORIENTED_EDGE('',*,*,#2241,.F.);
#3207=ORIENTED_EDGE('',*,*,#2245,.F.);
#3208=ORIENTED_EDGE('',*,*,#2211,.F.);
#3209=ORIENTED_EDGE('',*,*,#2254,.F.);
#3210=ORIENTED_EDGE('',*,*,#2251,.F.);
#3211=ORIENTED_EDGE('',*,*,#2255,.T.);
#3212=ORIENTED_EDGE('',*,*,#2249,.F.);
#3213=ORIENTED_EDGE('',*,*,#2256,.T.);
#3214=ORIENTED_EDGE('',*,*,#2214,.F.);
#3215=ORIENTED_EDGE('',*,*,#2256,.F.);
#3216=ORIENTED_EDGE('',*,*,#2257,.T.);
#3217=ORIENTED_EDGE('',*,*,#2258,.T.);
#3218=ORIENTED_EDGE('',*,*,#2259,.T.);
#3219=ORIENTED_EDGE('',*,*,#2260,.T.);
#3220=ORIENTED_EDGE('',*,*,#2261,.T.);
#3221=ORIENTED_EDGE('',*,*,#2262,.T.);
#3222=ORIENTED_EDGE('',*,*,#2263,.T.);
#3223=ORIENTED_EDGE('',*,*,#2264,.T.);
#3224=ORIENTED_EDGE('',*,*,#2265,.T.);
#3225=ORIENTED_EDGE('',*,*,#2266,.T.);
#3226=ORIENTED_EDGE('',*,*,#2267,.T.);
#3227=ORIENTED_EDGE('',*,*,#2268,.T.);
#3228=ORIENTED_EDGE('',*,*,#2257,.F.);
#3229=ORIENTED_EDGE('',*,*,#2269,.T.);
#3230=ORIENTED_EDGE('',*,*,#2270,.T.);
#3231=ORIENTED_EDGE('',*,*,#2271,.T.);
#3232=ORIENTED_EDGE('',*,*,#2272,.T.);
#3233=ORIENTED_EDGE('',*,*,#2273,.T.);
#3234=ORIENTED_EDGE('',*,*,#2274,.T.);
#3235=ORIENTED_EDGE('',*,*,#2275,.T.);
#3236=ORIENTED_EDGE('',*,*,#2276,.T.);
#3237=ORIENTED_EDGE('',*,*,#2277,.T.);
#3238=ORIENTED_EDGE('',*,*,#2274,.F.);
#3239=ORIENTED_EDGE('',*,*,#2278,.T.);
#3240=ORIENTED_EDGE('',*,*,#2267,.F.);
#3241=ORIENTED_EDGE('',*,*,#2279,.T.);
#3242=ORIENTED_EDGE('',*,*,#2276,.F.);
#3243=ORIENTED_EDGE('',*,*,#2280,.T.);
#3244=ORIENTED_EDGE('',*,*,#2272,.F.);
#3245=ORIENTED_EDGE('',*,*,#2281,.T.);
#3246=ORIENTED_EDGE('',*,*,#2270,.F.);
#3247=ORIENTED_EDGE('',*,*,#2282,.T.);
#3248=ORIENTED_EDGE('',*,*,#2266,.F.);
#3249=ORIENTED_EDGE('',*,*,#2283,.T.);
#3250=ORIENTED_EDGE('',*,*,#2284,.T.);
#3251=ORIENTED_EDGE('',*,*,#2285,.T.);
#3252=ORIENTED_EDGE('',*,*,#2286,.T.);
#3253=ORIENTED_EDGE('',*,*,#2287,.T.);
#3254=ORIENTED_EDGE('',*,*,#2284,.F.);
#3255=ORIENTED_EDGE('',*,*,#2288,.T.);
#3256=ORIENTED_EDGE('',*,*,#2289,.T.);
#3257=ORIENTED_EDGE('',*,*,#2290,.T.);
#3258=ORIENTED_EDGE('',*,*,#2286,.F.);
#3259=ORIENTED_EDGE('',*,*,#2291,.T.);
#3260=ORIENTED_EDGE('',*,*,#2292,.T.);
#3261=ORIENTED_EDGE('',*,*,#2293,.T.);
#3262=ORIENTED_EDGE('',*,*,#2289,.F.);
#3263=ORIENTED_EDGE('',*,*,#2294,.T.);
#3264=ORIENTED_EDGE('',*,*,#2264,.F.);
#3265=ORIENTED_EDGE('',*,*,#2295,.T.);
#3266=ORIENTED_EDGE('',*,*,#2292,.F.);
#3267=ORIENTED_EDGE('',*,*,#2296,.T.);
#3268=ORIENTED_EDGE('',*,*,#2263,.F.);
#3269=ORIENTED_EDGE('',*,*,#2297,.T.);
#3270=ORIENTED_EDGE('',*,*,#2298,.T.);
#3271=ORIENTED_EDGE('',*,*,#2299,.T.);
#3272=ORIENTED_EDGE('',*,*,#2300,.T.);
#3273=ORIENTED_EDGE('',*,*,#2301,.T.);
#3274=ORIENTED_EDGE('',*,*,#2298,.F.);
#3275=ORIENTED_EDGE('',*,*,#2302,.T.);
#3276=ORIENTED_EDGE('',*,*,#2303,.T.);
#3277=ORIENTED_EDGE('',*,*,#2304,.T.);
#3278=ORIENTED_EDGE('',*,*,#2300,.F.);
#3279=ORIENTED_EDGE('',*,*,#2305,.T.);
#3280=ORIENTED_EDGE('',*,*,#2306,.T.);
#3281=ORIENTED_EDGE('',*,*,#2307,.T.);
#3282=ORIENTED_EDGE('',*,*,#2303,.F.);
#3283=ORIENTED_EDGE('',*,*,#2308,.T.);
#3284=ORIENTED_EDGE('',*,*,#2261,.F.);
#3285=ORIENTED_EDGE('',*,*,#2309,.T.);
#3286=ORIENTED_EDGE('',*,*,#2306,.F.);
#3287=ORIENTED_EDGE('',*,*,#2310,.T.);
#3288=ORIENTED_EDGE('',*,*,#2260,.F.);
#3289=ORIENTED_EDGE('',*,*,#2311,.T.);
#3290=ORIENTED_EDGE('',*,*,#2312,.T.);
#3291=ORIENTED_EDGE('',*,*,#2313,.T.);
#3292=ORIENTED_EDGE('',*,*,#2314,.T.);
#3293=ORIENTED_EDGE('',*,*,#2315,.T.);
#3294=ORIENTED_EDGE('',*,*,#2312,.F.);
#3295=ORIENTED_EDGE('',*,*,#2316,.T.);
#3296=ORIENTED_EDGE('',*,*,#2317,.T.);
#3297=ORIENTED_EDGE('',*,*,#2318,.T.);
#3298=ORIENTED_EDGE('',*,*,#2314,.F.);
#3299=ORIENTED_EDGE('',*,*,#2319,.T.);
#3300=ORIENTED_EDGE('',*,*,#2320,.T.);
#3301=ORIENTED_EDGE('',*,*,#2321,.T.);
#3302=ORIENTED_EDGE('',*,*,#2317,.F.);
#3303=ORIENTED_EDGE('',*,*,#2322,.T.);
#3304=ORIENTED_EDGE('',*,*,#2258,.F.);
#3305=ORIENTED_EDGE('',*,*,#2323,.T.);
#3306=ORIENTED_EDGE('',*,*,#2320,.F.);
#3307=ORIENTED_EDGE('',*,*,#2324,.T.);
#3308=ORIENTED_EDGE('',*,*,#2302,.F.);
#3309=ORIENTED_EDGE('',*,*,#2325,.F.);
#3310=ORIENTED_EDGE('',*,*,#2326,.T.);
#3311=ORIENTED_EDGE('',*,*,#2327,.F.);
#3312=ORIENTED_EDGE('',*,*,#2328,.T.);
#3313=ORIENTED_EDGE('',*,*,#2297,.F.);
#3314=ORIENTED_EDGE('',*,*,#2329,.F.);
#3315=ORIENTED_EDGE('',*,*,#2330,.T.);
#3316=ORIENTED_EDGE('',*,*,#2325,.T.);
#3317=ORIENTED_EDGE('',*,*,#2265,.F.);
#3318=ORIENTED_EDGE('',*,*,#2331,.F.);
#3319=ORIENTED_EDGE('',*,*,#2332,.T.);
#3320=ORIENTED_EDGE('',*,*,#2329,.T.);
#3321=ORIENTED_EDGE('',*,*,#2296,.F.);
#3322=ORIENTED_EDGE('',*,*,#2333,.F.);
#3323=ORIENTED_EDGE('',*,*,#2334,.F.);
#3324=ORIENTED_EDGE('',*,*,#2335,.T.);
#3325=ORIENTED_EDGE('',*,*,#2331,.T.);
#3326=ORIENTED_EDGE('',*,*,#2294,.F.);
#3327=ORIENTED_EDGE('',*,*,#2336,.F.);
#3328=ORIENTED_EDGE('',*,*,#2337,.F.);
#3329=ORIENTED_EDGE('',*,*,#2333,.T.);
#3330=ORIENTED_EDGE('',*,*,#2291,.F.);
#3331=ORIENTED_EDGE('',*,*,#2338,.F.);
#3332=ORIENTED_EDGE('',*,*,#2339,.F.);
#3333=ORIENTED_EDGE('',*,*,#2336,.T.);
#3334=ORIENTED_EDGE('',*,*,#2288,.F.);
#3335=ORIENTED_EDGE('',*,*,#2340,.F.);
#3336=ORIENTED_EDGE('',*,*,#2341,.F.);
#3337=ORIENTED_EDGE('',*,*,#2338,.T.);
#3338=ORIENTED_EDGE('',*,*,#2283,.F.);
#3339=ORIENTED_EDGE('',*,*,#2342,.F.);
#3340=ORIENTED_EDGE('',*,*,#2343,.T.);
#3341=ORIENTED_EDGE('',*,*,#2344,.F.);
#3342=ORIENTED_EDGE('',*,*,#2340,.T.);
#3343=ORIENTED_EDGE('',*,*,#2268,.F.);
#3344=ORIENTED_EDGE('',*,*,#2345,.F.);
#3345=ORIENTED_EDGE('',*,*,#2346,.T.);
#3346=ORIENTED_EDGE('',*,*,#2342,.T.);
#3347=ORIENTED_EDGE('',*,*,#2280,.F.);
#3348=ORIENTED_EDGE('',*,*,#2347,.F.);
#3349=ORIENTED_EDGE('',*,*,#2348,.T.);
#3350=ORIENTED_EDGE('',*,*,#2345,.T.);
#3351=ORIENTED_EDGE('',*,*,#2278,.F.);
#3352=ORIENTED_EDGE('',*,*,#2349,.F.);
#3353=ORIENTED_EDGE('',*,*,#2350,.F.);
#3354=ORIENTED_EDGE('',*,*,#2351,.T.);
#3355=ORIENTED_EDGE('',*,*,#2347,.T.);
#3356=ORIENTED_EDGE('',*,*,#2273,.F.);
#3357=ORIENTED_EDGE('',*,*,#2352,.F.);
#3358=ORIENTED_EDGE('',*,*,#2353,.F.);
#3359=ORIENTED_EDGE('',*,*,#2354,.T.);
#3360=ORIENTED_EDGE('',*,*,#2355,.F.);
#3361=ORIENTED_EDGE('',*,*,#2349,.T.);
#3362=ORIENTED_EDGE('',*,*,#2356,.T.);
#3363=ORIENTED_EDGE('',*,*,#2275,.F.);
#3364=ORIENTED_EDGE('',*,*,#2277,.F.);
#3365=ORIENTED_EDGE('',*,*,#2279,.F.);
#3366=ORIENTED_EDGE('',*,*,#2285,.F.);
#3367=ORIENTED_EDGE('',*,*,#2287,.F.);
#3368=ORIENTED_EDGE('',*,*,#2290,.F.);
#3369=ORIENTED_EDGE('',*,*,#2293,.F.);
#3370=ORIENTED_EDGE('',*,*,#2295,.F.);
#3371=ORIENTED_EDGE('',*,*,#2299,.F.);
#3372=ORIENTED_EDGE('',*,*,#2301,.F.);
#3373=ORIENTED_EDGE('',*,*,#2304,.F.);
#3374=ORIENTED_EDGE('',*,*,#2307,.F.);
#3375=ORIENTED_EDGE('',*,*,#2309,.F.);
#3376=ORIENTED_EDGE('',*,*,#2313,.F.);
#3377=ORIENTED_EDGE('',*,*,#2315,.F.);
#3378=ORIENTED_EDGE('',*,*,#2318,.F.);
#3379=ORIENTED_EDGE('',*,*,#2321,.F.);
#3380=ORIENTED_EDGE('',*,*,#2323,.F.);
#3381=ORIENTED_EDGE('',*,*,#2271,.F.);
#3382=ORIENTED_EDGE('',*,*,#2281,.F.);
#3383=ORIENTED_EDGE('',*,*,#2357,.T.);
#3384=ORIENTED_EDGE('',*,*,#2358,.T.);
#3385=ORIENTED_EDGE('',*,*,#2359,.T.);
#3386=ORIENTED_EDGE('',*,*,#2360,.F.);
#3387=ORIENTED_EDGE('',*,*,#2361,.T.);
#3388=ORIENTED_EDGE('',*,*,#2362,.T.);
#3389=ORIENTED_EDGE('',*,*,#2363,.T.);
#3390=ORIENTED_EDGE('',*,*,#2358,.F.);
#3391=ORIENTED_EDGE('',*,*,#2364,.T.);
#3392=ORIENTED_EDGE('',*,*,#2365,.T.);
#3393=ORIENTED_EDGE('',*,*,#2366,.T.);
#3394=ORIENTED_EDGE('',*,*,#2362,.F.);
#3395=ORIENTED_EDGE('',*,*,#2367,.T.);
#3396=ORIENTED_EDGE('',*,*,#2365,.F.);
#3397=ORIENTED_EDGE('',*,*,#2368,.T.);
#3398=ORIENTED_EDGE('',*,*,#2360,.T.);
#3399=ORIENTED_EDGE('',*,*,#2367,.F.);
#3400=ORIENTED_EDGE('',*,*,#2369,.F.);
#3401=ORIENTED_EDGE('',*,*,#2370,.F.);
#3402=ORIENTED_EDGE('',*,*,#2371,.F.);
#3403=ORIENTED_EDGE('',*,*,#2372,.F.);
#3404=ORIENTED_EDGE('',*,*,#2373,.F.);
#3405=ORIENTED_EDGE('',*,*,#2374,.F.);
#3406=ORIENTED_EDGE('',*,*,#2375,.T.);
#3407=ORIENTED_EDGE('',*,*,#2359,.F.);
#3408=ORIENTED_EDGE('',*,*,#2376,.F.);
#3409=ORIENTED_EDGE('',*,*,#2377,.F.);
#3410=ORIENTED_EDGE('',*,*,#2378,.F.);
#3411=ORIENTED_EDGE('',*,*,#2379,.F.);
#3412=ORIENTED_EDGE('',*,*,#2369,.T.);
#3413=ORIENTED_EDGE('',*,*,#2380,.T.);
#3414=ORIENTED_EDGE('',*,*,#2357,.F.);
#3415=ORIENTED_EDGE('',*,*,#2368,.F.);
#3416=ORIENTED_EDGE('',*,*,#2364,.F.);
#3417=ORIENTED_EDGE('',*,*,#2361,.F.);
#3418=ORIENTED_EDGE('',*,*,#2381,.T.);
#3419=ORIENTED_EDGE('',*,*,#2382,.T.);
#3420=ORIENTED_EDGE('',*,*,#2383,.F.);
#3421=ORIENTED_EDGE('',*,*,#2384,.F.);
#3422=ORIENTED_EDGE('',*,*,#2385,.F.);
#3423=ORIENTED_EDGE('',*,*,#2386,.F.);
#3424=ORIENTED_EDGE('',*,*,#2387,.T.);
#3425=ORIENTED_EDGE('',*,*,#2374,.T.);
#3426=ORIENTED_EDGE('',*,*,#2388,.F.);
#3427=ORIENTED_EDGE('',*,*,#2389,.F.);
#3428=ORIENTED_EDGE('',*,*,#2390,.F.);
#3429=ORIENTED_EDGE('',*,*,#2391,.F.);
#3430=ORIENTED_EDGE('',*,*,#2372,.T.);
#3431=ORIENTED_EDGE('',*,*,#2354,.F.);
#3432=ORIENTED_EDGE('',*,*,#2379,.T.);
#3433=ORIENTED_EDGE('',*,*,#2343,.F.);
#3434=ORIENTED_EDGE('',*,*,#2346,.F.);
#3435=ORIENTED_EDGE('',*,*,#2348,.F.);
#3436=ORIENTED_EDGE('',*,*,#2351,.F.);
#3437=ORIENTED_EDGE('',*,*,#2370,.T.);
#3438=ORIENTED_EDGE('',*,*,#2392,.T.);
#3439=ORIENTED_EDGE('',*,*,#2326,.F.);
#3440=ORIENTED_EDGE('',*,*,#2330,.F.);
#3441=ORIENTED_EDGE('',*,*,#2332,.F.);
#3442=ORIENTED_EDGE('',*,*,#2335,.F.);
#3443=ORIENTED_EDGE('',*,*,#2377,.T.);
#3444=ORIENTED_EDGE('',*,*,#2393,.T.);
#3445=ORIENTED_EDGE('',*,*,#2394,.F.);
#3446=ORIENTED_EDGE('',*,*,#2322,.F.);
#3447=ORIENTED_EDGE('',*,*,#2395,.F.);
#3448=ORIENTED_EDGE('',*,*,#2396,.F.);
#3449=ORIENTED_EDGE('',*,*,#2397,.T.);
#3450=ORIENTED_EDGE('',*,*,#2319,.F.);
#3451=ORIENTED_EDGE('',*,*,#2398,.F.);
#3452=ORIENTED_EDGE('',*,*,#2399,.F.);
#3453=ORIENTED_EDGE('',*,*,#2395,.T.);
#3454=ORIENTED_EDGE('',*,*,#2316,.F.);
#3455=ORIENTED_EDGE('',*,*,#2400,.F.);
#3456=ORIENTED_EDGE('',*,*,#2401,.F.);
#3457=ORIENTED_EDGE('',*,*,#2398,.T.);
#3458=ORIENTED_EDGE('',*,*,#2311,.F.);
#3459=ORIENTED_EDGE('',*,*,#2402,.F.);
#3460=ORIENTED_EDGE('',*,*,#2383,.T.);
#3461=ORIENTED_EDGE('',*,*,#2403,.F.);
#3462=ORIENTED_EDGE('',*,*,#2400,.T.);
#3463=ORIENTED_EDGE('',*,*,#2262,.F.);
#3464=ORIENTED_EDGE('',*,*,#2404,.F.);
#3465=ORIENTED_EDGE('',*,*,#2384,.T.);
#3466=ORIENTED_EDGE('',*,*,#2402,.T.);
#3467=ORIENTED_EDGE('',*,*,#2310,.F.);
#3468=ORIENTED_EDGE('',*,*,#2405,.F.);
#3469=ORIENTED_EDGE('',*,*,#2385,.T.);
#3470=ORIENTED_EDGE('',*,*,#2404,.T.);
#3471=ORIENTED_EDGE('',*,*,#2308,.F.);
#3472=ORIENTED_EDGE('',*,*,#2406,.F.);
#3473=ORIENTED_EDGE('',*,*,#2407,.F.);
#3474=ORIENTED_EDGE('',*,*,#2386,.T.);
#3475=ORIENTED_EDGE('',*,*,#2405,.T.);
#3476=ORIENTED_EDGE('',*,*,#2305,.F.);
#3477=ORIENTED_EDGE('',*,*,#2328,.F.);
#3478=ORIENTED_EDGE('',*,*,#2408,.F.);
#3479=ORIENTED_EDGE('',*,*,#2394,.T.);
#3480=ORIENTED_EDGE('',*,*,#2409,.F.);
#3481=ORIENTED_EDGE('',*,*,#2406,.T.);
#3482=ORIENTED_EDGE('',*,*,#2282,.F.);
#3483=ORIENTED_EDGE('',*,*,#2410,.F.);
#3484=ORIENTED_EDGE('',*,*,#2388,.T.);
#3485=ORIENTED_EDGE('',*,*,#2411,.F.);
#3486=ORIENTED_EDGE('',*,*,#2352,.T.);
#3487=ORIENTED_EDGE('',*,*,#2269,.F.);
#3488=ORIENTED_EDGE('',*,*,#2412,.F.);
#3489=ORIENTED_EDGE('',*,*,#2389,.T.);
#3490=ORIENTED_EDGE('',*,*,#2410,.T.);
#3491=ORIENTED_EDGE('',*,*,#2259,.F.);
#3492=ORIENTED_EDGE('',*,*,#2413,.F.);
#3493=ORIENTED_EDGE('',*,*,#2390,.T.);
#3494=ORIENTED_EDGE('',*,*,#2412,.T.);
#3495=ORIENTED_EDGE('',*,*,#2324,.F.);
#3496=ORIENTED_EDGE('',*,*,#2397,.F.);
#3497=ORIENTED_EDGE('',*,*,#2414,.F.);
#3498=ORIENTED_EDGE('',*,*,#2391,.T.);
#3499=ORIENTED_EDGE('',*,*,#2413,.T.);
#3500=ORIENTED_EDGE('',*,*,#2334,.T.);
#3501=ORIENTED_EDGE('',*,*,#2337,.T.);
#3502=ORIENTED_EDGE('',*,*,#2339,.T.);
#3503=ORIENTED_EDGE('',*,*,#2341,.T.);
#3504=ORIENTED_EDGE('',*,*,#2344,.T.);
#3505=ORIENTED_EDGE('',*,*,#2378,.T.);
#3506=ORIENTED_EDGE('',*,*,#2350,.T.);
#3507=ORIENTED_EDGE('',*,*,#2355,.T.);
#3508=ORIENTED_EDGE('',*,*,#2371,.T.);
#3509=ORIENTED_EDGE('',*,*,#2411,.T.);
#3510=ORIENTED_EDGE('',*,*,#2373,.T.);
#3511=ORIENTED_EDGE('',*,*,#2353,.T.);
#3512=ORIENTED_EDGE('',*,*,#2403,.T.);
#3513=ORIENTED_EDGE('',*,*,#2415,.T.);
#3514=ORIENTED_EDGE('',*,*,#2414,.T.);
#3515=ORIENTED_EDGE('',*,*,#2396,.T.);
#3516=ORIENTED_EDGE('',*,*,#2399,.T.);
#3517=ORIENTED_EDGE('',*,*,#2401,.T.);
#3518=ORIENTED_EDGE('',*,*,#2409,.T.);
#3519=ORIENTED_EDGE('',*,*,#2416,.T.);
#3520=ORIENTED_EDGE('',*,*,#2407,.T.);
#3521=ORIENTED_EDGE('',*,*,#2408,.T.);
#3522=ORIENTED_EDGE('',*,*,#2327,.T.);
#3523=ORIENTED_EDGE('',*,*,#2417,.T.);
#3524=ORIENTED_EDGE('',*,*,#2363,.F.);
#3525=ORIENTED_EDGE('',*,*,#2418,.F.);
#3526=ORIENTED_EDGE('',*,*,#2381,.F.);
#3527=ORIENTED_EDGE('',*,*,#2416,.F.);
#3528=ORIENTED_EDGE('',*,*,#2393,.F.);
#3529=ORIENTED_EDGE('',*,*,#2417,.F.);
#3530=ORIENTED_EDGE('',*,*,#2392,.F.);
#3531=ORIENTED_EDGE('',*,*,#2376,.T.);
#3532=ORIENTED_EDGE('',*,*,#2366,.F.);
#3533=ORIENTED_EDGE('',*,*,#2375,.F.);
#3534=ORIENTED_EDGE('',*,*,#2387,.F.);
#3535=ORIENTED_EDGE('',*,*,#2415,.F.);
#3536=ORIENTED_EDGE('',*,*,#2382,.F.);
#3537=ORIENTED_EDGE('',*,*,#2418,.T.);
#3538=ORIENTED_EDGE('',*,*,#2380,.F.);
#3539=ORIENTED_EDGE('',*,*,#2419,.T.);
#3540=ORIENTED_EDGE('',*,*,#2356,.F.);
#3541=ORIENTED_EDGE('',*,*,#2419,.F.);
#3542=B_SPLINE_SURFACE_WITH_KNOTS('',3,3,((#5483,#5484,#5485,#5486,#5487),
(#5488,#5489,#5490,#5491,#5492),(#5493,#5494,#5495,#5496,#5497),(#5498,
#5499,#5500,#5501,#5502),(#5503,#5504,#5505,#5506,#5507)),.UNSPECIFIED.,
 .F.,.F.,.F.,(4,1,4),(4,1,4),(0.,0.5,1.),(0.,0.673198425769241,1.5707963267949),
 .UNSPECIFIED.);
#3543=B_SPLINE_SURFACE_WITH_KNOTS('',3,3,((#5514,#5515,#5516,#5517,#5518),
(#5519,#5520,#5521,#5522,#5523),(#5524,#5525,#5526,#5527,#5528),(#5529,
#5530,#5531,#5532,#5533),(#5534,#5535,#5536,#5537,#5538)),.UNSPECIFIED.,
 .F.,.F.,.F.,(4,1,4),(4,1,4),(0.,0.5,1.),(0.,0.673198425769241,1.5707963267949),
 .UNSPECIFIED.);
#3544=B_SPLINE_SURFACE_WITH_KNOTS('',3,3,((#5545,#5546,#5547,#5548,#5549),
(#5550,#5551,#5552,#5553,#5554),(#5555,#5556,#5557,#5558,#5559),(#5560,
#5561,#5562,#5563,#5564),(#5565,#5566,#5567,#5568,#5569)),.UNSPECIFIED.,
 .F.,.F.,.F.,(4,1,4),(4,1,4),(0.,0.5,1.),(0.,0.673198425769241,1.5707963267949),
 .UNSPECIFIED.);
#3545=B_SPLINE_SURFACE_WITH_KNOTS('',3,3,((#5576,#5577,#5578,#5579,#5580),
(#5581,#5582,#5583,#5584,#5585),(#5586,#5587,#5588,#5589,#5590),(#5591,
#5592,#5593,#5594,#5595),(#5596,#5597,#5598,#5599,#5600)),.UNSPECIFIED.,
 .F.,.F.,.F.,(4,1,4),(4,1,4),(0.,0.5,1.),(-4.85722573273505E-17,0.673198425769241,
1.5707963267949),.UNSPECIFIED.);
#3546=B_SPLINE_SURFACE_WITH_KNOTS('',3,3,((#5607,#5608,#5609,#5610,#5611),
(#5612,#5613,#5614,#5615,#5616),(#5617,#5618,#5619,#5620,#5621),(#5622,
#5623,#5624,#5625,#5626),(#5627,#5628,#5629,#5630,#5631)),.UNSPECIFIED.,
 .F.,.F.,.F.,(4,1,4),(4,1,4),(0.,0.5,1.),(0.,0.673198425769241,1.5707963267949),
 .UNSPECIFIED.);
#3547=B_SPLINE_SURFACE_WITH_KNOTS('',3,3,((#5638,#5639,#5640,#5641,#5642),
(#5643,#5644,#5645,#5646,#5647),(#5648,#5649,#5650,#5651,#5652),(#5653,
#5654,#5655,#5656,#5657),(#5658,#5659,#5660,#5661,#5662)),.UNSPECIFIED.,
 .F.,.F.,.F.,(4,1,4),(4,1,4),(0.,0.5,1.),(-1.45716771982052E-16,0.673198425769241,
1.5707963267949),.UNSPECIFIED.);
#3548=B_SPLINE_SURFACE_WITH_KNOTS('',3,3,((#5690,#5691,#5692,#5693,#5694),
(#5695,#5696,#5697,#5698,#5699),(#5700,#5701,#5702,#5703,#5704),(#5705,
#5706,#5707,#5708,#5709),(#5710,#5711,#5712,#5713,#5714)),.UNSPECIFIED.,
 .F.,.F.,.F.,(4,1,4),(4,1,4),(0.,0.571428571428571,1.),(-3.08568350186624E-16,
0.897597901025655,1.5707963267949),.UNSPECIFIED.);
#3549=B_SPLINE_SURFACE_WITH_KNOTS('',3,3,((#5721,#5722,#5723,#5724,#5725),
(#5726,#5727,#5728,#5729,#5730),(#5731,#5732,#5733,#5734,#5735),(#5736,
#5737,#5738,#5739,#5740),(#5741,#5742,#5743,#5744,#5745)),.UNSPECIFIED.,
 .F.,.F.,.F.,(4,1,4),(4,1,4),(0.,0.5,1.),(0.,0.673198425769241,1.5707963267949),
 .UNSPECIFIED.);
#3550=B_SPLINE_SURFACE_WITH_KNOTS('',3,3,((#5752,#5753,#5754,#5755,#5756),
(#5757,#5758,#5759,#5760,#5761),(#5762,#5763,#5764,#5765,#5766),(#5767,
#5768,#5769,#5770,#5771),(#5772,#5773,#5774,#5775,#5776)),.UNSPECIFIED.,
 .F.,.F.,.F.,(4,1,4),(4,1,4),(0.,0.5,1.),(8.67361737988402E-17,0.673198425769241,
1.5707963267949),.UNSPECIFIED.);
#3551=B_SPLINE_SURFACE_WITH_KNOTS('',3,3,((#5795,#5796,#5797,#5798,#5799),
(#5800,#5801,#5802,#5803,#5804),(#5805,#5806,#5807,#5808,#5809),(#5810,
#5811,#5812,#5813,#5814),(#5815,#5816,#5817,#5818,#5819)),.UNSPECIFIED.,
 .F.,.F.,.F.,(4,1,4),(4,1,4),(0.,0.571428571428571,1.),(-1.5707963267949,
-0.897597901025655,2.22044604925031E-16),.UNSPECIFIED.);
#3552=B_SPLINE_SURFACE_WITH_KNOTS('',3,3,((#5856,#5857,#5858,#5859,#5860),
(#5861,#5862,#5863,#5864,#5865),(#5866,#5867,#5868,#5869,#5870),(#5871,
#5872,#5873,#5874,#5875),(#5876,#5877,#5878,#5879,#5880)),.UNSPECIFIED.,
 .F.,.F.,.F.,(4,1,4),(4,1,4),(0.,0.571428571428571,1.),(-1.5707963267949,
-0.897597901025655,0.),.UNSPECIFIED.);
#3553=B_SPLINE_SURFACE_WITH_KNOTS('',3,3,((#5902,#5903,#5904,#5905,#5906),
(#5907,#5908,#5909,#5910,#5911),(#5912,#5913,#5914,#5915,#5916),(#5917,
#5918,#5919,#5920,#5921),(#5922,#5923,#5924,#5925,#5926)),.UNSPECIFIED.,
 .F.,.F.,.F.,(4,1,4),(4,1,4),(0.,0.571428571428571,1.),(-1.5707963267949,
-0.897597901025655,-1.16138303137218E-32),.UNSPECIFIED.);
#3554=B_SPLINE_SURFACE_WITH_KNOTS('',3,3,((#6260,#6261,#6262,#6263),(#6264,
#6265,#6266,#6267),(#6268,#6269,#6270,#6271),(#6272,#6273,#6274,#6275),
(#6276,#6277,#6278,#6279)),.UNSPECIFIED.,.F.,.F.,.F.,(4,1,4),(4,4),(0.,
0.446127313732861,1.04096373204334),(-3.14159265373218,-2.87215374199248),
 .UNSPECIFIED.);
#3555=B_SPLINE_SURFACE_WITH_KNOTS('',3,3,((#6313,#6314,#6315,#6316),(#6317,
#6318,#6319,#6320),(#6321,#6322,#6323,#6324),(#6325,#6326,#6327,#6328),
(#6329,#6330,#6331,#6332)),.UNSPECIFIED.,.F.,.F.,.F.,(4,1,4),(4,4),(0.,
0.600069637588435,1.05012186577976),(-3.14159265358979,-2.89538045036008),
 .UNSPECIFIED.);
#3556=B_SPLINE_SURFACE_WITH_KNOTS('',3,3,((#6346,#6347,#6348,#6349,#6350),
(#6351,#6352,#6353,#6354,#6355),(#6356,#6357,#6358,#6359,#6360),(#6361,
#6362,#6363,#6364,#6365),(#6366,#6367,#6368,#6369,#6370)),.UNSPECIFIED.,
 .F.,.F.,.F.,(4,1,4),(4,1,4),(0.,0.449040580212167,1.04776135382839),(-3.14159265358979,
-8.88178419700125E-16,3.14159265358979),.UNSPECIFIED.);
#3557=B_SPLINE_SURFACE_WITH_KNOTS('',3,3,((#6387,#6388,#6389,#6390),(#6391,
#6392,#6393,#6394),(#6395,#6396,#6397,#6398),(#6399,#6400,#6401,#6402),
(#6403,#6404,#6405,#6406)),.UNSPECIFIED.,.F.,.F.,.F.,(4,1,4),(4,4),(0.,
0.446127313732862,1.04096373204334),(-3.14159265373218,-2.87215374199248),
 .UNSPECIFIED.);
#3558=B_SPLINE_SURFACE_WITH_KNOTS('',3,3,((#6443,#6444,#6445,#6446,#6447),
(#6448,#6449,#6450,#6451,#6452),(#6453,#6454,#6455,#6456,#6457),(#6458,
#6459,#6460,#6461,#6462),(#6463,#6464,#6465,#6466,#6467),(#6468,#6469,#6470,
#6471,#6472)),.UNSPECIFIED.,.F.,.F.,.F.,(4,1,1,4),(4,1,4),(0.,0.450052228191644,
0.750087046986073,1.0501218657805),(3.14159265358979,3.26469875520465,3.38780485681951),
 .UNSPECIFIED.);
#3559=B_SPLINE_SURFACE_WITH_KNOTS('',3,3,((#6487,#6488,#6489,#6490,#6491),
(#6492,#6493,#6494,#6495,#6496),(#6497,#6498,#6499,#6500,#6501),(#6502,
#6503,#6504,#6505,#6506),(#6507,#6508,#6509,#6510,#6511)),.UNSPECIFIED.,
 .F.,.F.,.F.,(4,1,4),(4,1,4),(0.,0.449040580212168,1.04776135382839),(-3.14159265358979,
0.,3.14159265358979),.UNSPECIFIED.);
#3560=B_SPLINE_SURFACE_WITH_KNOTS('',3,3,((#6528,#6529,#6530,#6531),(#6532,
#6533,#6534,#6535),(#6536,#6537,#6538,#6539),(#6540,#6541,#6542,#6543),
(#6544,#6545,#6546,#6547)),.UNSPECIFIED.,.F.,.F.,.F.,(4,1,4),(4,4),(0.,
0.446127313732861,1.04096373204334),(-3.14159265373218,-2.87215374199248),
 .UNSPECIFIED.);
#3561=B_SPLINE_SURFACE_WITH_KNOTS('',3,3,((#6643,#6644,#6645,#6646,#6647),
(#6648,#6649,#6650,#6651,#6652),(#6653,#6654,#6655,#6656,#6657),(#6658,
#6659,#6660,#6661,#6662),(#6663,#6664,#6665,#6666,#6667),(#6668,#6669,#6670,
#6671,#6672)),.UNSPECIFIED.,.F.,.F.,.F.,(4,1,1,4),(4,1,4),(0.,0.450052228192218,
0.75008704698703,1.05012186578184),(3.14159265358979,3.26469875520465,3.38780485681951),
 .UNSPECIFIED.);
#3562=B_SPLINE_SURFACE_WITH_KNOTS('',3,3,((#6680,#6681,#6682,#6683),(#6684,
#6685,#6686,#6687),(#6688,#6689,#6690,#6691),(#6692,#6693,#6694,#6695),
(#6696,#6697,#6698,#6699)),.UNSPECIFIED.,.F.,.F.,.F.,(4,1,4),(4,4),(0.,
0.600069637590102,1.05012186578268),(-3.14159265358979,-2.89538045036008),
 .UNSPECIFIED.);
#3563=B_SPLINE_SURFACE_WITH_KNOTS('',3,3,((#6719,#6720,#6721,#6722),(#6723,
#6724,#6725,#6726),(#6727,#6728,#6729,#6730),(#6731,#6732,#6733,#6734),
(#6735,#6736,#6737,#6738)),.UNSPECIFIED.,.F.,.F.,.F.,(4,1,4),(4,4),(0.,
0.598720773616223,1.04776135382839),(-3.14159265358979,3.14159265358979),
 .UNSPECIFIED.);
#3564=B_SPLINE_SURFACE_WITH_KNOTS('',3,3,((#6747,#6748,#6749,#6750),(#6751,
#6752,#6753,#6754),(#6755,#6756,#6757,#6758),(#6759,#6760,#6761,#6762),
(#6763,#6764,#6765,#6766)),.UNSPECIFIED.,.F.,.F.,.F.,(4,1,4),(4,4),(0.,
0.446127313729042,1.04096373203443),(3.14159265351808,3.41103156518711),
 .UNSPECIFIED.);
#3565=B_SPLINE_SURFACE_WITH_KNOTS('',3,3,((#6775,#6776,#6777,#6778,#6779),
(#6780,#6781,#6782,#6783,#6784),(#6785,#6786,#6787,#6788,#6789),(#6790,
#6791,#6792,#6793,#6794),(#6795,#6796,#6797,#6798,#6799)),.UNSPECIFIED.,
 .F.,.F.,.F.,(4,1,4),(4,1,4),(0.,0.449040580212166,1.04776135382839),(-3.14159265358979,
-1.99840144432528E-15,3.14159265358979),.UNSPECIFIED.);
#3566=B_SPLINE_SURFACE_WITH_KNOTS('',3,3,((#7261,#7262,#7263,#7264,#7265),
(#7266,#7267,#7268,#7269,#7270),(#7271,#7272,#7273,#7274,#7275),(#7276,
#7277,#7278,#7279,#7280),(#7281,#7282,#7283,#7284,#7285)),.UNSPECIFIED.,
 .F.,.F.,.F.,(4,1,4),(4,1,4),(0.,0.5,1.),(-4.85722573273497E-17,0.673198425769241,
1.57079632679489),.UNSPECIFIED.);
#3567=B_SPLINE_SURFACE_WITH_KNOTS('',3,3,((#7292,#7293,#7294,#7295,#7296),
(#7297,#7298,#7299,#7300,#7301),(#7302,#7303,#7304,#7305,#7306),(#7307,
#7308,#7309,#7310,#7311),(#7312,#7313,#7314,#7315,#7316)),.UNSPECIFIED.,
 .F.,.F.,.F.,(4,1,4),(4,1,4),(0.,0.5,1.),(0.,0.673198425769243,1.5707963267949),
 .UNSPECIFIED.);
#3568=B_SPLINE_SURFACE_WITH_KNOTS('',3,3,((#7323,#7324,#7325,#7326,#7327),
(#7328,#7329,#7330,#7331,#7332),(#7333,#7334,#7335,#7336,#7337),(#7338,
#7339,#7340,#7341,#7342),(#7343,#7344,#7345,#7346,#7347)),.UNSPECIFIED.,
 .F.,.F.,.F.,(4,1,4),(4,1,4),(0.,0.5,1.),(0.,0.673198425769241,1.5707963267949),
 .UNSPECIFIED.);
#3569=B_SPLINE_SURFACE_WITH_KNOTS('',3,3,((#7354,#7355,#7356,#7357,#7358),
(#7359,#7360,#7361,#7362,#7363),(#7364,#7365,#7366,#7367,#7368),(#7369,
#7370,#7371,#7372,#7373),(#7374,#7375,#7376,#7377,#7378)),.UNSPECIFIED.,
 .F.,.F.,.F.,(4,1,4),(4,1,4),(0.,0.5,1.),(0.,0.673198425769243,1.5707963267949),
 .UNSPECIFIED.);
#3570=ADVANCED_FACE('',(#789),#3542,.F.);
#3571=ADVANCED_FACE('',(#790),#3543,.F.);
#3572=ADVANCED_FACE('',(#791),#3544,.F.);
#3573=ADVANCED_FACE('',(#792),#3545,.F.);
#3574=ADVANCED_FACE('',(#793),#3546,.F.);
#3575=ADVANCED_FACE('',(#794),#3547,.F.);
#3576=ADVANCED_FACE('',(#795),#751,.T.);
#3577=ADVANCED_FACE('',(#796),#652,.T.);
#3578=ADVANCED_FACE('',(#797),#653,.T.);
#3579=ADVANCED_FACE('',(#798),#654,.F.);
#3580=ADVANCED_FACE('',(#799),#3548,.T.);
#3581=ADVANCED_FACE('',(#800),#655,.T.);
#3582=ADVANCED_FACE('',(#801),#3549,.F.);
#3583=ADVANCED_FACE('',(#802),#3550,.F.);
#3584=ADVANCED_FACE('',(#803),#752,.T.);
#3585=ADVANCED_FACE('',(#804),#656,.T.);
#3586=ADVANCED_FACE('',(#805),#3551,.T.);
#3587=ADVANCED_FACE('',(#806),#657,.F.);
#3588=ADVANCED_FACE('',(#807),#658,.T.);
#3589=ADVANCED_FACE('',(#808),#659,.T.);
#3590=ADVANCED_FACE('',(#809),#753,.T.);
#3591=ADVANCED_FACE('',(#810),#660,.T.);
#3592=ADVANCED_FACE('',(#811),#661,.T.);
#3593=ADVANCED_FACE('',(#812),#662,.F.);
#3594=ADVANCED_FACE('',(#813),#3552,.T.);
#3595=ADVANCED_FACE('',(#814),#663,.T.);
#3596=ADVANCED_FACE('',(#815),#754,.T.);
#3597=ADVANCED_FACE('',(#816),#664,.T.);
#3598=ADVANCED_FACE('',(#817),#665,.T.);
#3599=ADVANCED_FACE('',(#818),#3553,.T.);
#3600=ADVANCED_FACE('',(#819),#666,.F.);
#3601=ADVANCED_FACE('',(#820),#667,.T.);
#3602=ADVANCED_FACE('',(#821),#89,.T.);
#3603=ADVANCED_FACE('',(#822),#668,.T.);
#3604=ADVANCED_FACE('',(#823),#90,.T.);
#3605=ADVANCED_FACE('',(#824),#669,.T.);
#3606=ADVANCED_FACE('',(#825),#91,.T.);
#3607=ADVANCED_FACE('',(#826),#670,.F.);
#3608=ADVANCED_FACE('',(#827),#671,.F.);
#3609=ADVANCED_FACE('',(#828),#92,.T.);
#3610=ADVANCED_FACE('',(#829),#672,.T.);
#3611=ADVANCED_FACE('',(#830),#93,.T.);
#3612=ADVANCED_FACE('',(#831),#673,.T.);
#3613=ADVANCED_FACE('',(#832),#94,.T.);
#3614=ADVANCED_FACE('',(#833),#674,.F.);
#3615=ADVANCED_FACE('',(#834),#675,.F.);
#3616=ADVANCED_FACE('',(#835),#95,.T.);
#3617=ADVANCED_FACE('',(#836),#755,.F.);
#3618=ADVANCED_FACE('',(#837),#676,.F.);
#3619=ADVANCED_FACE('',(#838),#677,.F.);
#3620=ADVANCED_FACE('',(#839),#756,.F.);
#3621=ADVANCED_FACE('',(#840),#678,.F.);
#3622=ADVANCED_FACE('',(#841),#757,.F.);
#3623=ADVANCED_FACE('',(#842),#758,.F.);
#3624=ADVANCED_FACE('',(#843),#679,.F.);
#3625=ADVANCED_FACE('',(#844),#759,.F.);
#3626=ADVANCED_FACE('',(#845),#760,.F.);
#3627=ADVANCED_FACE('',(#846),#680,.F.);
#3628=ADVANCED_FACE('',(#847),#761,.F.);
#3629=ADVANCED_FACE('',(#848),#681,.F.);
#3630=ADVANCED_FACE('',(#849),#682,.F.);
#3631=ADVANCED_FACE('',(#850),#762,.F.);
#3632=ADVANCED_FACE('',(#851),#683,.F.);
#3633=ADVANCED_FACE('',(#852),#96,.T.);
#3634=ADVANCED_FACE('',(#853),#684,.T.);
#3635=ADVANCED_FACE('',(#854),#97,.T.);
#3636=ADVANCED_FACE('',(#855),#3554,.F.);
#3637=ADVANCED_FACE('',(#856),#3555,.F.);
#3638=ADVANCED_FACE('',(#857),#3556,.F.);
#3639=ADVANCED_FACE('',(#858),#3557,.F.);
#3640=ADVANCED_FACE('',(#859),#3558,.F.);
#3641=ADVANCED_FACE('',(#860),#3559,.F.);
#3642=ADVANCED_FACE('',(#861),#3560,.F.);
#3643=ADVANCED_FACE('',(#862),#98,.T.);
#3644=ADVANCED_FACE('',(#863),#99,.T.);
#3645=ADVANCED_FACE('',(#864),#100,.T.);
#3646=ADVANCED_FACE('',(#865),#101,.T.);
#3647=ADVANCED_FACE('',(#866),#102,.T.);
#3648=ADVANCED_FACE('',(#867),#103,.T.);
#3649=ADVANCED_FACE('',(#868),#104,.T.);
#3650=ADVANCED_FACE('',(#869),#3561,.F.);
#3651=ADVANCED_FACE('',(#870),#3562,.F.);
#3652=ADVANCED_FACE('',(#871),#685,.T.);
#3653=ADVANCED_FACE('',(#872),#686,.T.);
#3654=ADVANCED_FACE('',(#873),#105,.T.);
#3655=ADVANCED_FACE('',(#874),#687,.T.);
#3656=ADVANCED_FACE('',(#875),#763,.T.);
#3657=ADVANCED_FACE('',(#876),#3563,.F.);
#3658=ADVANCED_FACE('',(#877),#764,.T.);
#3659=ADVANCED_FACE('',(#878),#3564,.F.);
#3660=ADVANCED_FACE('',(#879),#3565,.F.);
#3661=ADVANCED_FACE('',(#880),#765,.T.);
#3662=ADVANCED_FACE('',(#881),#766,.T.);
#3663=ADVANCED_FACE('',(#882),#106,.T.);
#3664=ADVANCED_FACE('',(#883),#688,.T.);
#3665=ADVANCED_FACE('',(#884),#107,.T.);
#3666=ADVANCED_FACE('',(#885),#108,.T.);
#3667=ADVANCED_FACE('',(#886),#767,.T.);
#3668=ADVANCED_FACE('',(#887),#689,.T.);
#3669=ADVANCED_FACE('',(#888),#768,.T.);
#3670=ADVANCED_FACE('',(#889),#690,.T.);
#3671=ADVANCED_FACE('',(#890),#109,.T.);
#3672=ADVANCED_FACE('',(#891),#691,.F.);
#3673=ADVANCED_FACE('',(#892,#23),#110,.F.);
#3674=ADVANCED_FACE('',(#893),#111,.T.);
#3675=ADVANCED_FACE('',(#894),#112,.F.);
#3676=ADVANCED_FACE('',(#895),#692,.F.);
#3677=ADVANCED_FACE('',(#896),#113,.T.);
#3678=ADVANCED_FACE('',(#897),#13,.T.);
#3679=ADVANCED_FACE('',(#898),#693,.T.);
#3680=ADVANCED_FACE('',(#899),#14,.T.);
#3681=ADVANCED_FACE('',(#900),#694,.T.);
#3682=ADVANCED_FACE('',(#901),#695,.T.);
#3683=ADVANCED_FACE('',(#902),#769,.T.);
#3684=ADVANCED_FACE('',(#903),#696,.T.);
#3685=ADVANCED_FACE('',(#904),#770,.T.);
#3686=ADVANCED_FACE('',(#905),#697,.T.);
#3687=ADVANCED_FACE('',(#906),#15,.T.);
#3688=ADVANCED_FACE('',(#907),#698,.T.);
#3689=ADVANCED_FACE('',(#908),#16,.T.);
#3690=ADVANCED_FACE('',(#909),#699,.T.);
#3691=ADVANCED_FACE('',(#910),#700,.T.);
#3692=ADVANCED_FACE('',(#911),#771,.T.);
#3693=ADVANCED_FACE('',(#912),#701,.T.);
#3694=ADVANCED_FACE('',(#913),#772,.T.);
#3695=ADVANCED_FACE('',(#914),#702,.T.);
#3696=ADVANCED_FACE('',(#915),#703,.T.);
#3697=ADVANCED_FACE('',(#916),#773,.T.);
#3698=ADVANCED_FACE('',(#917),#704,.T.);
#3699=ADVANCED_FACE('',(#918),#774,.T.);
#3700=ADVANCED_FACE('',(#919),#705,.T.);
#3701=ADVANCED_FACE('',(#920),#706,.T.);
#3702=ADVANCED_FACE('',(#921),#775,.T.);
#3703=ADVANCED_FACE('',(#922),#707,.T.);
#3704=ADVANCED_FACE('',(#923),#776,.T.);
#3705=ADVANCED_FACE('',(#924),#708,.T.);
#3706=ADVANCED_FACE('',(#925),#114,.T.);
#3707=ADVANCED_FACE('',(#926),#709,.F.);
#3708=ADVANCED_FACE('',(#927),#115,.T.);
#3709=ADVANCED_FACE('',(#928),#710,.F.);
#3710=ADVANCED_FACE('',(#929),#116,.T.);
#3711=ADVANCED_FACE('',(#930),#117,.T.);
#3712=ADVANCED_FACE('',(#931),#711,.F.);
#3713=ADVANCED_FACE('',(#932),#118,.T.);
#3714=ADVANCED_FACE('',(#933),#712,.F.);
#3715=ADVANCED_FACE('',(#934),#119,.T.);
#3716=ADVANCED_FACE('',(#935),#120,.F.);
#3717=ADVANCED_FACE('',(#936,#24),#121,.T.);
#3718=ADVANCED_FACE('',(#937),#713,.F.);
#3719=ADVANCED_FACE('',(#938),#122,.T.);
#3720=ADVANCED_FACE('',(#939),#714,.F.);
#3721=ADVANCED_FACE('',(#940),#123,.T.);
#3722=ADVANCED_FACE('',(#941),#715,.F.);
#3723=ADVANCED_FACE('',(#942),#124,.T.);
#3724=ADVANCED_FACE('',(#943),#716,.F.);
#3725=ADVANCED_FACE('',(#944),#125,.T.);
#3726=ADVANCED_FACE('',(#945),#717,.T.);
#3727=ADVANCED_FACE('',(#946),#777,.T.);
#3728=ADVANCED_FACE('',(#947),#718,.T.);
#3729=ADVANCED_FACE('',(#948),#778,.T.);
#3730=ADVANCED_FACE('',(#949),#719,.F.);
#3731=ADVANCED_FACE('',(#950),#126,.T.);
#3732=ADVANCED_FACE('',(#951,#25),#127,.F.);
#3733=ADVANCED_FACE('',(#952),#128,.F.);
#3734=ADVANCED_FACE('',(#953),#129,.T.);
#3735=ADVANCED_FACE('',(#954),#130,.T.);
#3736=ADVANCED_FACE('',(#955),#131,.T.);
#3737=ADVANCED_FACE('',(#956),#132,.T.);
#3738=ADVANCED_FACE('',(#957),#720,.F.);
#3739=ADVANCED_FACE('',(#958),#133,.T.);
#3740=ADVANCED_FACE('',(#959),#721,.T.);
#3741=ADVANCED_FACE('',(#960),#3566,.F.);
#3742=ADVANCED_FACE('',(#961),#3567,.F.);
#3743=ADVANCED_FACE('',(#962),#3568,.F.);
#3744=ADVANCED_FACE('',(#963),#3569,.F.);
#3745=ADVANCED_FACE('',(#964),#722,.T.);
#3746=ADVANCED_FACE('',(#965),#723,.T.);
#3747=ADVANCED_FACE('',(#966),#779,.T.);
#3748=ADVANCED_FACE('',(#967),#724,.T.);
#3749=ADVANCED_FACE('',(#968),#780,.T.);
#3750=ADVANCED_FACE('',(#969),#725,.T.);
#3751=ADVANCED_FACE('',(#970),#781,.T.);
#3752=ADVANCED_FACE('',(#971),#726,.T.);
#3753=ADVANCED_FACE('',(#972),#782,.T.);
#3754=ADVANCED_FACE('',(#973),#727,.T.);
#3755=ADVANCED_FACE('',(#974),#728,.T.);
#3756=ADVANCED_FACE('',(#975),#783,.T.);
#3757=ADVANCED_FACE('',(#976),#729,.T.);
#3758=ADVANCED_FACE('',(#977),#784,.T.);
#3759=ADVANCED_FACE('',(#978),#730,.T.);
#3760=ADVANCED_FACE('',(#979),#731,.T.);
#3761=ADVANCED_FACE('',(#980),#785,.T.);
#3762=ADVANCED_FACE('',(#981),#732,.T.);
#3763=ADVANCED_FACE('',(#982),#786,.T.);
#3764=ADVANCED_FACE('',(#983),#733,.T.);
#3765=ADVANCED_FACE('',(#984),#734,.F.);
#3766=ADVANCED_FACE('',(#985),#134,.T.);
#3767=ADVANCED_FACE('',(#986),#735,.T.);
#3768=ADVANCED_FACE('',(#987),#135,.T.);
#3769=ADVANCED_FACE('',(#988),#736,.F.);
#3770=ADVANCED_FACE('',(#989),#136,.T.);
#3771=ADVANCED_FACE('',(#990),#737,.F.);
#3772=ADVANCED_FACE('',(#991),#137,.T.);
#3773=ADVANCED_FACE('',(#992),#738,.T.);
#3774=ADVANCED_FACE('',(#993),#138,.T.);
#3775=ADVANCED_FACE('',(#994),#739,.F.);
#3776=ADVANCED_FACE('',(#995),#139,.T.);
#3777=ADVANCED_FACE('',(#996,#26),#140,.T.);
#3778=ADVANCED_FACE('',(#997),#740,.T.);
#3779=ADVANCED_FACE('',(#998),#787,.T.);
#3780=ADVANCED_FACE('',(#999),#741,.T.);
#3781=ADVANCED_FACE('',(#1000),#788,.T.);
#3782=ADVANCED_FACE('',(#1001),#742,.F.);
#3783=ADVANCED_FACE('',(#1002),#141,.T.);
#3784=ADVANCED_FACE('',(#1003,#27),#142,.F.);
#3785=ADVANCED_FACE('',(#1004),#143,.F.);
#3786=ADVANCED_FACE('',(#1005),#144,.F.);
#3787=ADVANCED_FACE('',(#1006),#145,.F.);
#3788=ADVANCED_FACE('',(#1007),#146,.F.);
#3789=ADVANCED_FACE('',(#1008),#147,.F.);
#3790=ADVANCED_FACE('',(#1009),#148,.F.);
#3791=ADVANCED_FACE('',(#1010),#743,.F.);
#3792=ADVANCED_FACE('',(#1011),#149,.T.);
#3793=ADVANCED_FACE('',(#1012),#744,.F.);
#3794=ADVANCED_FACE('',(#1013),#150,.T.);
#3795=ADVANCED_FACE('',(#1014),#745,.T.);
#3796=ADVANCED_FACE('',(#1015),#151,.T.);
#3797=ADVANCED_FACE('',(#1016),#746,.F.);
#3798=ADVANCED_FACE('',(#1017),#152,.T.);
#3799=ADVANCED_FACE('',(#1018),#747,.F.);
#3800=ADVANCED_FACE('',(#1019),#153,.T.);
#3801=ADVANCED_FACE('',(#1020),#748,.T.);
#3802=ADVANCED_FACE('',(#1021),#154,.T.);
#3803=ADVANCED_FACE('',(#1022),#155,.T.);
#3804=ADVANCED_FACE('',(#1023),#156,.T.);
#3805=ADVANCED_FACE('',(#1024),#157,.T.);
#3806=ADVANCED_FACE('',(#1025),#158,.T.);
#3807=ADVANCED_FACE('',(#1026),#159,.T.);
#3808=ADVANCED_FACE('',(#1027),#160,.T.);
#3809=ADVANCED_FACE('',(#1028),#749,.F.);
#3810=ADVANCED_FACE('',(#1029),#161,.T.);
#3811=ADVANCED_FACE('',(#1030),#750,.T.);
#3812=CLOSED_SHELL('',(#3570,#3571,#3572,#3573,#3574,#3575,#3576,#3577,
#3578,#3579,#3580,#3581,#3582,#3583,#3584,#3585,#3586,#3587,#3588,#3589,
#3590,#3591,#3592,#3593,#3594,#3595,#3596,#3597,#3598,#3599,#3600,#3601,
#3602,#3603,#3604,#3605,#3606,#3607,#3608,#3609,#3610,#3611,#3612,#3613,
#3614,#3615,#3616,#3617,#3618,#3619,#3620,#3621,#3622,#3623,#3624,#3625,
#3626,#3627,#3628,#3629,#3630,#3631,#3632,#3633,#3634,#3635,#3636,#3637,
#3638,#3639,#3640,#3641,#3642,#3643,#3644,#3645,#3646,#3647,#3648,#3649,
#3650,#3651,#3652,#3653,#3654,#3655,#3656,#3657,#3658,#3659,#3660,#3661,
#3662,#3663,#3664,#3665,#3666,#3667,#3668,#3669,#3670,#3671,#3672,#3673,
#3674,#3675,#3676,#3677));
#3813=CLOSED_SHELL('',(#3678,#3679,#3680,#3681,#3682,#3683,#3684,#3685,
#3686,#3687,#3688,#3689,#3690,#3691,#3692,#3693,#3694,#3695,#3696,#3697,
#3698,#3699,#3700,#3701,#3702,#3703,#3704,#3705,#3706,#3707,#3708,#3709,
#3710,#3711,#3712,#3713,#3714,#3715,#3716,#3717,#3718,#3719,#3720,#3721,
#3722,#3723,#3724,#3725,#3726,#3727,#3728,#3729,#3730,#3731,#3732,#3733,
#3734,#3735,#3736,#3737,#3738,#3739,#3740));
#3814=CLOSED_SHELL('',(#3741,#3742,#3743,#3744,#3745,#3746,#3747,#3748,
#3749,#3750,#3751,#3752,#3753,#3754,#3755,#3756,#3757,#3758,#3759,#3760,
#3761,#3762,#3763,#3764,#3765,#3766,#3767,#3768,#3769,#3770,#3771,#3772,
#3773,#3774,#3775,#3776,#3777,#3778,#3779,#3780,#3781,#3782,#3783,#3784,
#3785,#3786,#3787,#3788,#3789,#3790,#3791,#3792,#3793,#3794,#3795,#3796,
#3797,#3798,#3799,#3800,#3801,#3802,#3803,#3804,#3805,#3806,#3807,#3808,
#3809,#3810,#3811));
#3815=DERIVED_UNIT_ELEMENT(#3817,1.);
#3816=DERIVED_UNIT_ELEMENT(#7742,-3.);
#3817=(
MASS_UNIT()
NAMED_UNIT(*)
SI_UNIT(.KILO.,.GRAM.)
);
#3818=DERIVED_UNIT((#3815,#3816));
#3819=MEASURE_REPRESENTATION_ITEM('density measure',
POSITIVE_RATIO_MEASURE(7850.),#3818);
#3820=PROPERTY_DEFINITION_REPRESENTATION(#3825,#3822);
#3821=PROPERTY_DEFINITION_REPRESENTATION(#3826,#3823);
#3822=REPRESENTATION('material name',(#3824),#7739);
#3823=REPRESENTATION('density',(#3819),#7739);
#3824=DESCRIPTIVE_REPRESENTATION_ITEM('Steel','Steel');
#3825=PROPERTY_DEFINITION('material property','material name',#7749);
#3826=PROPERTY_DEFINITION('material property','density of part',#7749);
#3827=AXIS2_PLACEMENT_3D('',#5482,#4297,#4298);
#3828=AXIS2_PLACEMENT_3D('',#5510,#4299,#4300);
#3829=AXIS2_PLACEMENT_3D('',#5512,#4301,#4302);
#3830=AXIS2_PLACEMENT_3D('',#5513,#4303,#4304);
#3831=AXIS2_PLACEMENT_3D('',#5541,#4305,#4306);
#3832=AXIS2_PLACEMENT_3D('',#5543,#4307,#4308);
#3833=AXIS2_PLACEMENT_3D('',#5544,#4309,#4310);
#3834=AXIS2_PLACEMENT_3D('',#5572,#4311,#4312);
#3835=AXIS2_PLACEMENT_3D('',#5574,#4313,#4314);
#3836=AXIS2_PLACEMENT_3D('',#5575,#4315,#4316);
#3837=AXIS2_PLACEMENT_3D('',#5603,#4317,#4318);
#3838=AXIS2_PLACEMENT_3D('',#5605,#4319,#4320);
#3839=AXIS2_PLACEMENT_3D('',#5606,#4321,#4322);
#3840=AXIS2_PLACEMENT_3D('',#5634,#4323,#4324);
#3841=AXIS2_PLACEMENT_3D('',#5636,#4325,#4326);
#3842=AXIS2_PLACEMENT_3D('',#5637,#4327,#4328);
#3843=AXIS2_PLACEMENT_3D('',#5665,#4329,#4330);
#3844=AXIS2_PLACEMENT_3D('',#5667,#4331,#4332);
#3845=AXIS2_PLACEMENT_3D('',#5668,#4333,#4334);
#3846=AXIS2_PLACEMENT_3D('',#5669,#4335,#4336);
#3847=AXIS2_PLACEMENT_3D('',#5672,#4337,#4338);
#3848=AXIS2_PLACEMENT_3D('',#5674,#4339,#4340);
#3849=AXIS2_PLACEMENT_3D('',#5676,#4341,#4342);
#3850=AXIS2_PLACEMENT_3D('',#5677,#4343,#4344);
#3851=AXIS2_PLACEMENT_3D('',#5678,#4345,#4346);
#3852=AXIS2_PLACEMENT_3D('',#5681,#4349,#4350);
#3853=AXIS2_PLACEMENT_3D('',#5684,#4353,#4354);
#3854=AXIS2_PLACEMENT_3D('',#5687,#4355,#4356);
#3855=AXIS2_PLACEMENT_3D('',#5716,#4359,#4360);
#3856=AXIS2_PLACEMENT_3D('',#5717,#4361,#4362);
#3857=AXIS2_PLACEMENT_3D('',#5718,#4363,#4364);
#3858=AXIS2_PLACEMENT_3D('',#5748,#4367,#4368);
#3859=AXIS2_PLACEMENT_3D('',#5750,#4369,#4370);
#3860=AXIS2_PLACEMENT_3D('',#5751,#4371,#4372);
#3861=AXIS2_PLACEMENT_3D('',#5779,#4373,#4374);
#3862=AXIS2_PLACEMENT_3D('',#5781,#4375,#4376);
#3863=AXIS2_PLACEMENT_3D('',#5782,#4377,#4378);
#3864=AXIS2_PLACEMENT_3D('',#5783,#4379,#4380);
#3865=AXIS2_PLACEMENT_3D('',#5786,#4381,#4382);
#3866=AXIS2_PLACEMENT_3D('',#5788,#4383,#4384);
#3867=AXIS2_PLACEMENT_3D('',#5790,#4385,#4386);
#3868=AXIS2_PLACEMENT_3D('',#5791,#4387,#4388);
#3869=AXIS2_PLACEMENT_3D('',#5792,#4389,#4390);
#3870=AXIS2_PLACEMENT_3D('',#5822,#4393,#4394);
#3871=AXIS2_PLACEMENT_3D('',#5824,#4395,#4396);
#3872=AXIS2_PLACEMENT_3D('',#5825,#4397,#4398);
#3873=AXIS2_PLACEMENT_3D('',#5826,#4399,#4400);
#3874=AXIS2_PLACEMENT_3D('',#5829,#4403,#4404);
#3875=AXIS2_PLACEMENT_3D('',#5832,#4407,#4408);
#3876=AXIS2_PLACEMENT_3D('',#5835,#4411,#4412);
#3877=AXIS2_PLACEMENT_3D('',#5838,#4413,#4414);
#3878=AXIS2_PLACEMENT_3D('',#5840,#4415,#4416);
#3879=AXIS2_PLACEMENT_3D('',#5842,#4417,#4418);
#3880=AXIS2_PLACEMENT_3D('',#5843,#4419,#4420);
#3881=AXIS2_PLACEMENT_3D('',#5844,#4421,#4422);
#3882=AXIS2_PLACEMENT_3D('',#5847,#4425,#4426);
#3883=AXIS2_PLACEMENT_3D('',#5850,#4429,#4430);
#3884=AXIS2_PLACEMENT_3D('',#5853,#4431,#4432);
#3885=AXIS2_PLACEMENT_3D('',#5882,#4435,#4436);
#3886=AXIS2_PLACEMENT_3D('',#5883,#4437,#4438);
#3887=AXIS2_PLACEMENT_3D('',#5884,#4439,#4440);
#3888=AXIS2_PLACEMENT_3D('',#5887,#4443,#4444);
#3889=AXIS2_PLACEMENT_3D('',#5890,#4445,#4446);
#3890=AXIS2_PLACEMENT_3D('',#5892,#4447,#4448);
#3891=AXIS2_PLACEMENT_3D('',#5894,#4449,#4450);
#3892=AXIS2_PLACEMENT_3D('',#5895,#4451,#4452);
#3893=AXIS2_PLACEMENT_3D('',#5896,#4453,#4454);
#3894=AXIS2_PLACEMENT_3D('',#5899,#4457,#4458);
#3895=AXIS2_PLACEMENT_3D('',#5929,#4461,#4462);
#3896=AXIS2_PLACEMENT_3D('',#5931,#4463,#4464);
#3897=AXIS2_PLACEMENT_3D('',#5932,#4465,#4466);
#3898=AXIS2_PLACEMENT_3D('',#5933,#4467,#4468);
#3899=AXIS2_PLACEMENT_3D('',#5936,#4471,#4472);
#3900=AXIS2_PLACEMENT_3D('',#5939,#4475,#4476);
#3901=AXIS2_PLACEMENT_3D('',#5943,#4479,#4480);
#3902=AXIS2_PLACEMENT_3D('',#5946,#4482,#4483);
#3903=AXIS2_PLACEMENT_3D('',#5947,#4484,#4485);
#3904=AXIS2_PLACEMENT_3D('',#5951,#4488,#4489);
#3905=AXIS2_PLACEMENT_3D('',#5954,#4491,#4492);
#3906=AXIS2_PLACEMENT_3D('',#5955,#4493,#4494);
#3907=AXIS2_PLACEMENT_3D('',#5957,#4496,#4497);
#3908=AXIS2_PLACEMENT_3D('',#5960,#4499,#4500);
#3909=AXIS2_PLACEMENT_3D('',#5961,#4501,#4502);
#3910=AXIS2_PLACEMENT_3D('',#5965,#4504,#4505);
#3911=AXIS2_PLACEMENT_3D('',#5967,#4507,#4508);
#3912=AXIS2_PLACEMENT_3D('',#5969,#4510,#4511);
#3913=AXIS2_PLACEMENT_3D('',#5972,#4513,#4514);
#3914=AXIS2_PLACEMENT_3D('',#5973,#4515,#4516);
#3915=AXIS2_PLACEMENT_3D('',#5977,#4519,#4520);
#3916=AXIS2_PLACEMENT_3D('',#5980,#4522,#4523);
#3917=AXIS2_PLACEMENT_3D('',#5981,#4524,#4525);
#3918=AXIS2_PLACEMENT_3D('',#5983,#4527,#4528);
#3919=AXIS2_PLACEMENT_3D('',#5986,#4530,#4531);
#3920=AXIS2_PLACEMENT_3D('',#5987,#4532,#4533);
#3921=AXIS2_PLACEMENT_3D('',#5991,#4535,#4536);
#3922=AXIS2_PLACEMENT_3D('',#5993,#4538,#4539);
#3923=AXIS2_PLACEMENT_3D('',#5994,#4540,#4541);
#3924=AXIS2_PLACEMENT_3D('',#5997,#4542,#4543);
#3925=AXIS2_PLACEMENT_3D('',#5999,#4544,#4545);
#3926=AXIS2_PLACEMENT_3D('',#6001,#4546,#4547);
#3927=AXIS2_PLACEMENT_3D('',#6003,#4548,#4549);
#3928=AXIS2_PLACEMENT_3D('',#6012,#4550,#4551);
#3929=AXIS2_PLACEMENT_3D('',#6015,#4554,#4555);
#3930=AXIS2_PLACEMENT_3D('',#6019,#4557,#4558);
#3931=AXIS2_PLACEMENT_3D('',#6021,#4560,#4561);
#3932=AXIS2_PLACEMENT_3D('',#6023,#4562,#4563);
#3933=AXIS2_PLACEMENT_3D('',#6025,#4564,#4565);
#3934=AXIS2_PLACEMENT_3D('',#6035,#4566,#4567);
#3935=AXIS2_PLACEMENT_3D('',#6036,#4568,#4569);
#3936=AXIS2_PLACEMENT_3D('',#6054,#4571,#4572);
#3937=AXIS2_PLACEMENT_3D('',#6071,#4574,#4575);
#3938=AXIS2_PLACEMENT_3D('',#6073,#4576,#4577);
#3939=AXIS2_PLACEMENT_3D('',#6074,#4578,#4579);
#3940=AXIS2_PLACEMENT_3D('',#6083,#4580,#4581);
#3941=AXIS2_PLACEMENT_3D('',#6085,#4582,#4583);
#3942=AXIS2_PLACEMENT_3D('',#6095,#4584,#4585);
#3943=AXIS2_PLACEMENT_3D('',#6096,#4586,#4587);
#3944=AXIS2_PLACEMENT_3D('',#6128,#4589,#4590);
#3945=AXIS2_PLACEMENT_3D('',#6129,#4591,#4592);
#3946=AXIS2_PLACEMENT_3D('',#6131,#4593,#4594);
#3947=AXIS2_PLACEMENT_3D('',#6140,#4595,#4596);
#3948=AXIS2_PLACEMENT_3D('',#6142,#4597,#4598);
#3949=AXIS2_PLACEMENT_3D('',#6152,#4599,#4600);
#3950=AXIS2_PLACEMENT_3D('',#6153,#4601,#4602);
#3951=AXIS2_PLACEMENT_3D('',#6170,#4604,#4605);
#3952=AXIS2_PLACEMENT_3D('',#6186,#4606,#4607);
#3953=AXIS2_PLACEMENT_3D('',#6189,#4608,#4609);
#3954=AXIS2_PLACEMENT_3D('',#6190,#4610,#4611);
#3955=AXIS2_PLACEMENT_3D('',#6199,#4612,#4613);
#3956=AXIS2_PLACEMENT_3D('',#6201,#4615,#4616);
#3957=AXIS2_PLACEMENT_3D('',#6205,#4618,#4619);
#3958=AXIS2_PLACEMENT_3D('',#6207,#4621,#4622);
#3959=AXIS2_PLACEMENT_3D('',#6209,#4623,#4624);
#3960=AXIS2_PLACEMENT_3D('',#6211,#4625,#4626);
#3961=AXIS2_PLACEMENT_3D('',#6221,#4627,#4628);
#3962=AXIS2_PLACEMENT_3D('',#6222,#4629,#4630);
#3963=AXIS2_PLACEMENT_3D('',#6254,#4633,#4634);
#3964=AXIS2_PLACEMENT_3D('',#6256,#4636,#4637);
#3965=AXIS2_PLACEMENT_3D('',#6258,#4639,#4640);
#3966=AXIS2_PLACEMENT_3D('',#6281,#4642,#4643);
#3967=AXIS2_PLACEMENT_3D('',#6287,#4644,#4645);
#3968=AXIS2_PLACEMENT_3D('',#6341,#4646,#4647);
#3969=AXIS2_PLACEMENT_3D('',#6372,#4648,#4649);
#3970=AXIS2_PLACEMENT_3D('',#6380,#4650,#4651);
#3971=AXIS2_PLACEMENT_3D('',#6433,#4652,#4653);
#3972=AXIS2_PLACEMENT_3D('',#6481,#4654,#4655);
#3973=AXIS2_PLACEMENT_3D('',#6513,#4656,#4657);
#3974=AXIS2_PLACEMENT_3D('',#6521,#4658,#4659);
#3975=AXIS2_PLACEMENT_3D('',#6574,#4660,#4661);
#3976=AXIS2_PLACEMENT_3D('',#6579,#4662,#4663);
#3977=AXIS2_PLACEMENT_3D('',#6580,#4664,#4665);
#3978=AXIS2_PLACEMENT_3D('',#6581,#4666,#4667);
#3979=AXIS2_PLACEMENT_3D('',#6582,#4668,#4669);
#3980=AXIS2_PLACEMENT_3D('',#6591,#4670,#4671);
#3981=AXIS2_PLACEMENT_3D('',#6598,#4672,#4673);
#3982=AXIS2_PLACEMENT_3D('',#6599,#4674,#4675);
#3983=AXIS2_PLACEMENT_3D('',#6625,#4676,#4677);
#3984=AXIS2_PLACEMENT_3D('',#6626,#4678,#4679);
#3985=AXIS2_PLACEMENT_3D('',#6627,#4680,#4681);
#3986=AXIS2_PLACEMENT_3D('',#6636,#4682,#4683);
#3987=AXIS2_PLACEMENT_3D('',#6674,#4684,#4685);
#3988=AXIS2_PLACEMENT_3D('',#6701,#4686,#4687);
#3989=AXIS2_PLACEMENT_3D('',#6707,#4688,#4689);
#3990=AXIS2_PLACEMENT_3D('',#6708,#4690,#4691);
#3991=AXIS2_PLACEMENT_3D('',#6710,#4693,#4694);
#3992=AXIS2_PLACEMENT_3D('',#6713,#4697,#4698);
#3993=AXIS2_PLACEMENT_3D('',#6715,#4700,#4701);
#3994=AXIS2_PLACEMENT_3D('',#6717,#4703,#4704);
#3995=AXIS2_PLACEMENT_3D('',#6718,#4705,#4706);
#3996=AXIS2_PLACEMENT_3D('',#6744,#4707,#4708);
#3997=AXIS2_PLACEMENT_3D('',#6745,#4709,#4710);
#3998=AXIS2_PLACEMENT_3D('',#6746,#4711,#4712);
#3999=AXIS2_PLACEMENT_3D('',#6774,#4713,#4714);
#4000=AXIS2_PLACEMENT_3D('',#6806,#4715,#4716);
#4001=AXIS2_PLACEMENT_3D('',#6807,#4717,#4718);
#4002=AXIS2_PLACEMENT_3D('',#6808,#4719,#4720);
#4003=AXIS2_PLACEMENT_3D('',#6809,#4721,#4722);
#4004=AXIS2_PLACEMENT_3D('',#6810,#4723,#4724);
#4005=AXIS2_PLACEMENT_3D('',#6811,#4725,#4726);
#4006=AXIS2_PLACEMENT_3D('',#6812,#4727,#4728);
#4007=AXIS2_PLACEMENT_3D('',#6814,#4729,#4730);
#4008=AXIS2_PLACEMENT_3D('',#6816,#4732,#4733);
#4009=AXIS2_PLACEMENT_3D('',#6817,#4734,#4735);
#4010=AXIS2_PLACEMENT_3D('',#6818,#4736,#4737);
#4011=AXIS2_PLACEMENT_3D('',#6821,#4738,#4739);
#4012=AXIS2_PLACEMENT_3D('',#6840,#4740,#4741);
#4013=AXIS2_PLACEMENT_3D('',#6853,#4742,#4743);
#4014=AXIS2_PLACEMENT_3D('',#6870,#4746,#4747);
#4015=AXIS2_PLACEMENT_3D('',#6872,#4748,#4749);
#4016=AXIS2_PLACEMENT_3D('',#6890,#4750,#4751);
#4017=AXIS2_PLACEMENT_3D('',#6891,#4752,#4753);
#4018=AXIS2_PLACEMENT_3D('',#6894,#4756,#4757);
#4019=AXIS2_PLACEMENT_3D('',#6900,#4761,#4762);
#4020=AXIS2_PLACEMENT_3D('',#6903,#4764,#4765);
#4021=AXIS2_PLACEMENT_3D('',#6904,#4766,#4767);
#4022=AXIS2_PLACEMENT_3D('',#6905,#4768,#4769);
#4023=AXIS2_PLACEMENT_3D('',#6906,#4770,#4771);
#4024=AXIS2_PLACEMENT_3D('',#6909,#4773,#4774);
#4025=AXIS2_PLACEMENT_3D('',#6910,#4775,#4776);
#4026=AXIS2_PLACEMENT_3D('',#6912,#4778,#4779);
#4027=AXIS2_PLACEMENT_3D('',#6913,#4780,#4781);
#4028=AXIS2_PLACEMENT_3D('',#6916,#4782,#4783);
#4029=AXIS2_PLACEMENT_3D('',#6918,#4784,#4785);
#4030=AXIS2_PLACEMENT_3D('',#6919,#4786,#4787);
#4031=AXIS2_PLACEMENT_3D('',#6920,#4788,#4789);
#4032=AXIS2_PLACEMENT_3D('',#6923,#4790,#4791);
#4033=AXIS2_PLACEMENT_3D('',#6926,#4794,#4795);
#4034=AXIS2_PLACEMENT_3D('',#6929,#4796,#4797);
#4035=AXIS2_PLACEMENT_3D('',#6931,#4798,#4799);
#4036=AXIS2_PLACEMENT_3D('',#6932,#4800,#4801);
#4037=AXIS2_PLACEMENT_3D('',#6933,#4802,#4803);
#4038=AXIS2_PLACEMENT_3D('',#6936,#4804,#4805);
#4039=AXIS2_PLACEMENT_3D('',#6939,#4808,#4809);
#4040=AXIS2_PLACEMENT_3D('',#6942,#4810,#4811);
#4041=AXIS2_PLACEMENT_3D('',#6945,#4814,#4815);
#4042=AXIS2_PLACEMENT_3D('',#6948,#4816,#4817);
#4043=AXIS2_PLACEMENT_3D('',#6949,#4818,#4819);
#4044=AXIS2_PLACEMENT_3D('',#6950,#4820,#4821);
#4045=AXIS2_PLACEMENT_3D('',#6951,#4822,#4823);
#4046=AXIS2_PLACEMENT_3D('',#6954,#4824,#4825);
#4047=AXIS2_PLACEMENT_3D('',#6957,#4828,#4829);
#4048=AXIS2_PLACEMENT_3D('',#6960,#4830,#4831);
#4049=AXIS2_PLACEMENT_3D('',#6961,#4832,#4833);
#4050=AXIS2_PLACEMENT_3D('',#6962,#4834,#4835);
#4051=AXIS2_PLACEMENT_3D('',#6963,#4836,#4837);
#4052=AXIS2_PLACEMENT_3D('',#6966,#4840,#4841);
#4053=AXIS2_PLACEMENT_3D('',#6969,#4842,#4843);
#4054=AXIS2_PLACEMENT_3D('',#6971,#4844,#4845);
#4055=AXIS2_PLACEMENT_3D('',#6972,#4846,#4847);
#4056=AXIS2_PLACEMENT_3D('',#6973,#4848,#4849);
#4057=AXIS2_PLACEMENT_3D('',#6976,#4850,#4851);
#4058=AXIS2_PLACEMENT_3D('',#6979,#4854,#4855);
#4059=AXIS2_PLACEMENT_3D('',#6982,#4856,#4857);
#4060=AXIS2_PLACEMENT_3D('',#6984,#4858,#4859);
#4061=AXIS2_PLACEMENT_3D('',#6985,#4860,#4861);
#4062=AXIS2_PLACEMENT_3D('',#6986,#4862,#4863);
#4063=AXIS2_PLACEMENT_3D('',#6989,#4864,#4865);
#4064=AXIS2_PLACEMENT_3D('',#6992,#4868,#4869);
#4065=AXIS2_PLACEMENT_3D('',#6995,#4870,#4871);
#4066=AXIS2_PLACEMENT_3D('',#6998,#4874,#4875);
#4067=AXIS2_PLACEMENT_3D('',#7001,#4876,#4877);
#4068=AXIS2_PLACEMENT_3D('',#7002,#4878,#4879);
#4069=AXIS2_PLACEMENT_3D('',#7003,#4880,#4881);
#4070=AXIS2_PLACEMENT_3D('',#7004,#4882,#4883);
#4071=AXIS2_PLACEMENT_3D('',#7007,#4884,#4885);
#4072=AXIS2_PLACEMENT_3D('',#7010,#4888,#4889);
#4073=AXIS2_PLACEMENT_3D('',#7013,#4890,#4891);
#4074=AXIS2_PLACEMENT_3D('',#7014,#4892,#4893);
#4075=AXIS2_PLACEMENT_3D('',#7015,#4894,#4895);
#4076=AXIS2_PLACEMENT_3D('',#7016,#4896,#4897);
#4077=AXIS2_PLACEMENT_3D('',#7019,#4900,#4901);
#4078=AXIS2_PLACEMENT_3D('',#7022,#4902,#4903);
#4079=AXIS2_PLACEMENT_3D('',#7025,#4906,#4907);
#4080=AXIS2_PLACEMENT_3D('',#7028,#4908,#4909);
#4081=AXIS2_PLACEMENT_3D('',#7029,#4910,#4911);
#4082=AXIS2_PLACEMENT_3D('',#7030,#4912,#4913);
#4083=AXIS2_PLACEMENT_3D('',#7031,#4914,#4915);
#4084=AXIS2_PLACEMENT_3D('',#7034,#4916,#4917);
#4085=AXIS2_PLACEMENT_3D('',#7037,#4920,#4921);
#4086=AXIS2_PLACEMENT_3D('',#7040,#4922,#4923);
#4087=AXIS2_PLACEMENT_3D('',#7041,#4924,#4925);
#4088=AXIS2_PLACEMENT_3D('',#7042,#4926,#4927);
#4089=AXIS2_PLACEMENT_3D('',#7043,#4928,#4929);
#4090=AXIS2_PLACEMENT_3D('',#7046,#4932,#4933);
#4091=AXIS2_PLACEMENT_3D('',#7049,#4934,#4935);
#4092=AXIS2_PLACEMENT_3D('',#7052,#4938,#4939);
#4093=AXIS2_PLACEMENT_3D('',#7055,#4940,#4941);
#4094=AXIS2_PLACEMENT_3D('',#7056,#4942,#4943);
#4095=AXIS2_PLACEMENT_3D('',#7057,#4944,#4945);
#4096=AXIS2_PLACEMENT_3D('',#7058,#4946,#4947);
#4097=AXIS2_PLACEMENT_3D('',#7061,#4948,#4949);
#4098=AXIS2_PLACEMENT_3D('',#7064,#4952,#4953);
#4099=AXIS2_PLACEMENT_3D('',#7067,#4954,#4955);
#4100=AXIS2_PLACEMENT_3D('',#7068,#4956,#4957);
#4101=AXIS2_PLACEMENT_3D('',#7069,#4958,#4959);
#4102=AXIS2_PLACEMENT_3D('',#7070,#4960,#4961);
#4103=AXIS2_PLACEMENT_3D('',#7073,#4964,#4965);
#4104=AXIS2_PLACEMENT_3D('',#7079,#4969,#4970);
#4105=AXIS2_PLACEMENT_3D('',#7082,#4972,#4973);
#4106=AXIS2_PLACEMENT_3D('',#7083,#4974,#4975);
#4107=AXIS2_PLACEMENT_3D('',#7087,#4978,#4979);
#4108=AXIS2_PLACEMENT_3D('',#7090,#4981,#4982);
#4109=AXIS2_PLACEMENT_3D('',#7091,#4983,#4984);
#4110=AXIS2_PLACEMENT_3D('',#7095,#4987,#4988);
#4111=AXIS2_PLACEMENT_3D('',#7099,#4991,#4992);
#4112=AXIS2_PLACEMENT_3D('',#7102,#4994,#4995);
#4113=AXIS2_PLACEMENT_3D('',#7103,#4996,#4997);
#4114=AXIS2_PLACEMENT_3D('',#7107,#5000,#5001);
#4115=AXIS2_PLACEMENT_3D('',#7110,#5003,#5004);
#4116=AXIS2_PLACEMENT_3D('',#7111,#5005,#5006);
#4117=AXIS2_PLACEMENT_3D('',#7113,#5008,#5009);
#4118=AXIS2_PLACEMENT_3D('',#7119,#5012,#5013);
#4119=AXIS2_PLACEMENT_3D('',#7121,#5015,#5016);
#4120=AXIS2_PLACEMENT_3D('',#7123,#5017,#5018);
#4121=AXIS2_PLACEMENT_3D('',#7124,#5019,#5020);
#4122=AXIS2_PLACEMENT_3D('',#7128,#5022,#5023);
#4123=AXIS2_PLACEMENT_3D('',#7130,#5025,#5026);
#4124=AXIS2_PLACEMENT_3D('',#7134,#5029,#5030);
#4125=AXIS2_PLACEMENT_3D('',#7137,#5032,#5033);
#4126=AXIS2_PLACEMENT_3D('',#7138,#5034,#5035);
#4127=AXIS2_PLACEMENT_3D('',#7142,#5038,#5039);
#4128=AXIS2_PLACEMENT_3D('',#7146,#5041,#5042);
#4129=AXIS2_PLACEMENT_3D('',#7148,#5044,#5045);
#4130=AXIS2_PLACEMENT_3D('',#7150,#5047,#5048);
#4131=AXIS2_PLACEMENT_3D('',#7154,#5050,#5051);
#4132=AXIS2_PLACEMENT_3D('',#7156,#5053,#5054);
#4133=AXIS2_PLACEMENT_3D('',#7158,#5056,#5057);
#4134=AXIS2_PLACEMENT_3D('',#7193,#5060,#5061);
#4135=AXIS2_PLACEMENT_3D('',#7195,#5062,#5063);
#4136=AXIS2_PLACEMENT_3D('',#7213,#5064,#5065);
#4137=AXIS2_PLACEMENT_3D('',#7214,#5066,#5067);
#4138=AXIS2_PLACEMENT_3D('',#7231,#5070,#5071);
#4139=AXIS2_PLACEMENT_3D('',#7232,#5072,#5073);
#4140=AXIS2_PLACEMENT_3D('',#7233,#5074,#5075);
#4141=AXIS2_PLACEMENT_3D('',#7234,#5076,#5077);
#4142=AXIS2_PLACEMENT_3D('',#7237,#5080,#5081);
#4143=AXIS2_PLACEMENT_3D('',#7242,#5085,#5086);
#4144=AXIS2_PLACEMENT_3D('',#7244,#5087,#5088);
#4145=AXIS2_PLACEMENT_3D('',#7245,#5089,#5090);
#4146=AXIS2_PLACEMENT_3D('',#7247,#5091,#5092);
#4147=AXIS2_PLACEMENT_3D('',#7250,#5095,#5096);
#4148=AXIS2_PLACEMENT_3D('',#7252,#5098,#5099);
#4149=AXIS2_PLACEMENT_3D('',#7253,#5100,#5101);
#4150=AXIS2_PLACEMENT_3D('',#7254,#5102,#5103);
#4151=AXIS2_PLACEMENT_3D('',#7256,#5105,#5106);
#4152=AXIS2_PLACEMENT_3D('',#7258,#5108,#5109);
#4153=AXIS2_PLACEMENT_3D('',#7259,#5110,#5111);
#4154=AXIS2_PLACEMENT_3D('',#7288,#5113,#5114);
#4155=AXIS2_PLACEMENT_3D('',#7290,#5115,#5116);
#4156=AXIS2_PLACEMENT_3D('',#7291,#5117,#5118);
#4157=AXIS2_PLACEMENT_3D('',#7319,#5119,#5120);
#4158=AXIS2_PLACEMENT_3D('',#7321,#5121,#5122);
#4159=AXIS2_PLACEMENT_3D('',#7322,#5123,#5124);
#4160=AXIS2_PLACEMENT_3D('',#7350,#5125,#5126);
#4161=AXIS2_PLACEMENT_3D('',#7352,#5127,#5128);
#4162=AXIS2_PLACEMENT_3D('',#7353,#5129,#5130);
#4163=AXIS2_PLACEMENT_3D('',#7381,#5131,#5132);
#4164=AXIS2_PLACEMENT_3D('',#7383,#5133,#5134);
#4165=AXIS2_PLACEMENT_3D('',#7384,#5135,#5136);
#4166=AXIS2_PLACEMENT_3D('',#7385,#5137,#5138);
#4167=AXIS2_PLACEMENT_3D('',#7389,#5140,#5141);
#4168=AXIS2_PLACEMENT_3D('',#7391,#5143,#5144);
#4169=AXIS2_PLACEMENT_3D('',#7394,#5145,#5146);
#4170=AXIS2_PLACEMENT_3D('',#7398,#5148,#5149);
#4171=AXIS2_PLACEMENT_3D('',#7400,#5151,#5152);
#4172=AXIS2_PLACEMENT_3D('',#7403,#5153,#5154);
#4173=AXIS2_PLACEMENT_3D('',#7404,#5155,#5156);
#4174=AXIS2_PLACEMENT_3D('',#7405,#5157,#5158);
#4175=AXIS2_PLACEMENT_3D('',#7406,#5159,#5160);
#4176=AXIS2_PLACEMENT_3D('',#7409,#5163,#5164);
#4177=AXIS2_PLACEMENT_3D('',#7410,#5165,#5166);
#4178=AXIS2_PLACEMENT_3D('',#7411,#5167,#5168);
#4179=AXIS2_PLACEMENT_3D('',#7412,#5169,#5170);
#4180=AXIS2_PLACEMENT_3D('',#7416,#5172,#5173);
#4181=AXIS2_PLACEMENT_3D('',#7418,#5175,#5176);
#4182=AXIS2_PLACEMENT_3D('',#7421,#5177,#5178);
#4183=AXIS2_PLACEMENT_3D('',#7422,#5179,#5180);
#4184=AXIS2_PLACEMENT_3D('',#7423,#5181,#5182);
#4185=AXIS2_PLACEMENT_3D('',#7424,#5183,#5184);
#4186=AXIS2_PLACEMENT_3D('',#7427,#5185,#5186);
#4187=AXIS2_PLACEMENT_3D('',#7430,#5189,#5190);
#4188=AXIS2_PLACEMENT_3D('',#7433,#5191,#5192);
#4189=AXIS2_PLACEMENT_3D('',#7434,#5193,#5194);
#4190=AXIS2_PLACEMENT_3D('',#7435,#5195,#5196);
#4191=AXIS2_PLACEMENT_3D('',#7436,#5197,#5198);
#4192=AXIS2_PLACEMENT_3D('',#7439,#5201,#5202);
#4193=AXIS2_PLACEMENT_3D('',#7443,#5204,#5205);
#4194=AXIS2_PLACEMENT_3D('',#7445,#5207,#5208);
#4195=AXIS2_PLACEMENT_3D('',#7448,#5209,#5210);
#4196=AXIS2_PLACEMENT_3D('',#7449,#5211,#5212);
#4197=AXIS2_PLACEMENT_3D('',#7450,#5213,#5214);
#4198=AXIS2_PLACEMENT_3D('',#7451,#5215,#5216);
#4199=AXIS2_PLACEMENT_3D('',#7454,#5217,#5218);
#4200=AXIS2_PLACEMENT_3D('',#7457,#5221,#5222);
#4201=AXIS2_PLACEMENT_3D('',#7460,#5223,#5224);
#4202=AXIS2_PLACEMENT_3D('',#7461,#5225,#5226);
#4203=AXIS2_PLACEMENT_3D('',#7462,#5227,#5228);
#4204=AXIS2_PLACEMENT_3D('',#7463,#5229,#5230);
#4205=AXIS2_PLACEMENT_3D('',#7466,#5233,#5234);
#4206=AXIS2_PLACEMENT_3D('',#7470,#5236,#5237);
#4207=AXIS2_PLACEMENT_3D('',#7472,#5239,#5240);
#4208=AXIS2_PLACEMENT_3D('',#7475,#5241,#5242);
#4209=AXIS2_PLACEMENT_3D('',#7476,#5243,#5244);
#4210=AXIS2_PLACEMENT_3D('',#7477,#5245,#5246);
#4211=AXIS2_PLACEMENT_3D('',#7478,#5247,#5248);
#4212=AXIS2_PLACEMENT_3D('',#7481,#5249,#5250);
#4213=AXIS2_PLACEMENT_3D('',#7484,#5253,#5254);
#4214=AXIS2_PLACEMENT_3D('',#7487,#5255,#5256);
#4215=AXIS2_PLACEMENT_3D('',#7488,#5257,#5258);
#4216=AXIS2_PLACEMENT_3D('',#7489,#5259,#5260);
#4217=AXIS2_PLACEMENT_3D('',#7490,#5261,#5262);
#4218=AXIS2_PLACEMENT_3D('',#7493,#5265,#5266);
#4219=AXIS2_PLACEMENT_3D('',#7497,#5268,#5269);
#4220=AXIS2_PLACEMENT_3D('',#7499,#5270,#5271);
#4221=AXIS2_PLACEMENT_3D('',#7501,#5273,#5274);
#4222=AXIS2_PLACEMENT_3D('',#7505,#5277,#5278);
#4223=AXIS2_PLACEMENT_3D('',#7508,#5280,#5281);
#4224=AXIS2_PLACEMENT_3D('',#7509,#5282,#5283);
#4225=AXIS2_PLACEMENT_3D('',#7515,#5287,#5288);
#4226=AXIS2_PLACEMENT_3D('',#7518,#5290,#5291);
#4227=AXIS2_PLACEMENT_3D('',#7519,#5292,#5293);
#4228=AXIS2_PLACEMENT_3D('',#7523,#5296,#5297);
#4229=AXIS2_PLACEMENT_3D('',#7526,#5299,#5300);
#4230=AXIS2_PLACEMENT_3D('',#7527,#5301,#5302);
#4231=AXIS2_PLACEMENT_3D('',#7533,#5306,#5307);
#4232=AXIS2_PLACEMENT_3D('',#7536,#5309,#5310);
#4233=AXIS2_PLACEMENT_3D('',#7537,#5311,#5312);
#4234=AXIS2_PLACEMENT_3D('',#7541,#5315,#5316);
#4235=AXIS2_PLACEMENT_3D('',#7545,#5318,#5319);
#4236=AXIS2_PLACEMENT_3D('',#7546,#5320,#5321);
#4237=AXIS2_PLACEMENT_3D('',#7547,#5322,#5323);
#4238=AXIS2_PLACEMENT_3D('',#7555,#5328,#5329);
#4239=AXIS2_PLACEMENT_3D('',#7557,#5330,#5331);
#4240=AXIS2_PLACEMENT_3D('',#7558,#5332,#5333);
#4241=AXIS2_PLACEMENT_3D('',#7593,#5336,#5337);
#4242=AXIS2_PLACEMENT_3D('',#7595,#5338,#5339);
#4243=AXIS2_PLACEMENT_3D('',#7613,#5340,#5341);
#4244=AXIS2_PLACEMENT_3D('',#7614,#5342,#5343);
#4245=AXIS2_PLACEMENT_3D('',#7631,#5346,#5347);
#4246=AXIS2_PLACEMENT_3D('',#7632,#5348,#5349);
#4247=AXIS2_PLACEMENT_3D('',#7633,#5350,#5351);
#4248=AXIS2_PLACEMENT_3D('',#7634,#5352,#5353);
#4249=AXIS2_PLACEMENT_3D('',#7637,#5355,#5356);
#4250=AXIS2_PLACEMENT_3D('',#7638,#5357,#5358);
#4251=AXIS2_PLACEMENT_3D('',#7639,#5359,#5360);
#4252=AXIS2_PLACEMENT_3D('',#7641,#5361,#5362);
#4253=AXIS2_PLACEMENT_3D('',#7643,#5363,#5364);
#4254=AXIS2_PLACEMENT_3D('',#7645,#5366,#5367);
#4255=AXIS2_PLACEMENT_3D('',#7651,#5372,#5373);
#4256=AXIS2_PLACEMENT_3D('',#7653,#5374,#5375);
#4257=AXIS2_PLACEMENT_3D('',#7654,#5376,#5377);
#4258=AXIS2_PLACEMENT_3D('',#7657,#5378,#5379);
#4259=AXIS2_PLACEMENT_3D('',#7663,#5382,#5383);
#4260=AXIS2_PLACEMENT_3D('',#7666,#5385,#5386);
#4261=AXIS2_PLACEMENT_3D('',#7667,#5387,#5388);
#4262=AXIS2_PLACEMENT_3D('',#7671,#5390,#5391);
#4263=AXIS2_PLACEMENT_3D('',#7675,#5393,#5394);
#4264=AXIS2_PLACEMENT_3D('',#7677,#5396,#5397);
#4265=AXIS2_PLACEMENT_3D('',#7678,#5398,#5399);
#4266=AXIS2_PLACEMENT_3D('',#7679,#5400,#5401);
#4267=AXIS2_PLACEMENT_3D('',#7680,#5402,#5403);
#4268=AXIS2_PLACEMENT_3D('',#7681,#5404,#5405);
#4269=AXIS2_PLACEMENT_3D('',#7684,#5406,#5407);
#4270=AXIS2_PLACEMENT_3D('',#7686,#5409,#5410);
#4271=AXIS2_PLACEMENT_3D('',#7690,#5412,#5413);
#4272=AXIS2_PLACEMENT_3D('',#7692,#5415,#5416);
#4273=AXIS2_PLACEMENT_3D('',#7696,#5419,#5420);
#4274=AXIS2_PLACEMENT_3D('',#7699,#5422,#5423);
#4275=AXIS2_PLACEMENT_3D('',#7700,#5424,#5425);
#4276=AXIS2_PLACEMENT_3D('',#7703,#5428,#5429);
#4277=AXIS2_PLACEMENT_3D('',#7705,#5431,#5432);
#4278=AXIS2_PLACEMENT_3D('',#7707,#5434,#5435);
#4279=AXIS2_PLACEMENT_3D('',#7710,#5437,#5438);
#4280=AXIS2_PLACEMENT_3D('',#7711,#5439,#5440);
#4281=AXIS2_PLACEMENT_3D('',#7714,#5443,#5444);
#4282=AXIS2_PLACEMENT_3D('',#7716,#5446,#5447);
#4283=AXIS2_PLACEMENT_3D('',#7717,#5448,#5449);
#4284=AXIS2_PLACEMENT_3D('',#7719,#5451,#5452);
#4285=AXIS2_PLACEMENT_3D('',#7721,#5454,#5455);
#4286=AXIS2_PLACEMENT_3D('',#7723,#5457,#5458);
#4287=AXIS2_PLACEMENT_3D('',#7724,#5459,#5460);
#4288=AXIS2_PLACEMENT_3D('',#7725,#5461,#5462);
#4289=AXIS2_PLACEMENT_3D('',#7726,#5463,#5464);
#4290=AXIS2_PLACEMENT_3D('',#7728,#5466,#5467);
#4291=AXIS2_PLACEMENT_3D('',#7729,#5468,#5469);
#4292=AXIS2_PLACEMENT_3D('',#7730,#5470,#5471);
#4293=AXIS2_PLACEMENT_3D('',#7731,#5472,#5473);
#4294=AXIS2_PLACEMENT_3D('',#7732,#5474,#5475);
#4295=AXIS2_PLACEMENT_3D('',#7734,#5477,#5478);
#4296=AXIS2_PLACEMENT_3D('',#7735,#5479,#5480);
#4297=DIRECTION('axis',(0.,0.,1.));
#4298=DIRECTION('refdir',(1.,0.,0.));
#4299=DIRECTION('center_axis',(-0.196116135138184,-0.98058067569092,0.));
#4300=DIRECTION('ref_axis',(0.98058067569092,-0.196116135138184,0.));
#4301=DIRECTION('center_axis',(0.98058067569092,0.196116135138184,0.));
#4302=DIRECTION('ref_axis',(0.196116135138184,-0.98058067569092,0.));
#4303=DIRECTION('center_axis',(0.,0.,1.));
#4304=DIRECTION('ref_axis',(1.73472347597681E-16,-1.,0.));
#4305=DIRECTION('center_axis',(-0.98058067569092,0.196116135138184,0.));
#4306=DIRECTION('ref_axis',(-0.196116135138184,-0.98058067569092,0.));
#4307=DIRECTION('center_axis',(0.196116135138184,-0.98058067569092,0.));
#4308=DIRECTION('ref_axis',(-0.98058067569092,-0.196116135138184,0.));
#4309=DIRECTION('center_axis',(0.,0.,1.));
#4310=DIRECTION('ref_axis',(-1.,0.,0.));
#4311=DIRECTION('center_axis',(-0.98058067569092,0.196116135138184,0.));
#4312=DIRECTION('ref_axis',(-0.196116135138184,-0.98058067569092,0.));
#4313=DIRECTION('center_axis',(0.196116135138184,-0.98058067569092,0.));
#4314=DIRECTION('ref_axis',(-0.98058067569092,-0.196116135138184,0.));
#4315=DIRECTION('center_axis',(0.,0.,1.));
#4316=DIRECTION('ref_axis',(-1.,-1.73472347597681E-16,0.));
#4317=DIRECTION('center_axis',(0.196116135138184,0.98058067569092,5.44331621827276E-16));
#4318=DIRECTION('ref_axis',(-0.98058067569092,0.196116135138184,0.));
#4319=DIRECTION('center_axis',(-0.98058067569092,-0.196116135138184,0.));
#4320=DIRECTION('ref_axis',(-0.196116135138184,0.98058067569092,0.));
#4321=DIRECTION('center_axis',(0.,0.,1.));
#4322=DIRECTION('ref_axis',(6.93889390390723E-16,1.,0.));
#4323=DIRECTION('center_axis',(0.98058067569092,-0.196116135138184,0.));
#4324=DIRECTION('ref_axis',(0.196116135138184,0.98058067569092,0.));
#4325=DIRECTION('center_axis',(-0.196116135138184,0.98058067569092,0.));
#4326=DIRECTION('ref_axis',(0.98058067569092,0.196116135138184,0.));
#4327=DIRECTION('center_axis',(0.,0.,1.));
#4328=DIRECTION('ref_axis',(1.,0.,0.));
#4329=DIRECTION('center_axis',(-0.196116135138184,-0.98058067569092,0.));
#4330=DIRECTION('ref_axis',(0.98058067569092,-0.196116135138184,0.));
#4331=DIRECTION('center_axis',(0.98058067569092,0.196116135138184,0.));
#4332=DIRECTION('ref_axis',(0.196116135138184,-0.98058067569092,0.));
#4333=DIRECTION('center_axis',(0.,0.,1.));
#4334=DIRECTION('ref_axis',(0.,-1.,0.));
#4335=DIRECTION('center_axis',(0.,0.,-1.));
#4336=DIRECTION('ref_axis',(-1.,0.,0.));
#4337=DIRECTION('center_axis',(0.,0.,-1.));
#4338=DIRECTION('ref_axis',(0.,1.,0.));
#4339=DIRECTION('center_axis',(1.,0.,0.));
#4340=DIRECTION('ref_axis',(0.,0.,1.));
#4341=DIRECTION('center_axis',(0.,0.,1.));
#4342=DIRECTION('ref_axis',(-0.707106781186547,0.707106781186548,0.));
#4343=DIRECTION('center_axis',(0.,-1.,0.));
#4344=DIRECTION('ref_axis',(1.,0.,0.));
#4345=DIRECTION('center_axis',(1.,-1.91417762866406E-16,0.));
#4346=DIRECTION('ref_axis',(0.,-0.707106781186547,0.707106781186548));
#4347=DIRECTION('',(-1.,1.91417762866406E-16,0.));
#4348=DIRECTION('',(1.,-1.91417762866406E-16,0.));
#4349=DIRECTION('center_axis',(0.,1.,0.));
#4350=DIRECTION('ref_axis',(0.707106781186547,0.,0.707106781186548));
#4351=DIRECTION('',(0.,1.,0.));
#4352=DIRECTION('',(0.,-1.,0.));
#4353=DIRECTION('center_axis',(0.,0.,-1.));
#4354=DIRECTION('ref_axis',(-0.707106781186548,0.707106781186548,0.));
#4355=DIRECTION('center_axis',(0.,2.77555756156289E-15,-1.));
#4356=DIRECTION('ref_axis',(-1.,0.,0.));
#4357=DIRECTION('',(0.,0.,1.));
#4358=DIRECTION('',(0.,0.,-1.));
#4359=DIRECTION('center_axis',(-0.66436383882992,-0.74740931868366,2.04886675165926E-16));
#4360=DIRECTION('ref_axis',(-0.74740931868366,0.66436383882992,-2.30497509561667E-16));
#4361=DIRECTION('center_axis',(0.74740931868366,0.66436383882992,-2.04886675165926E-16));
#4362=DIRECTION('ref_axis',(-0.664363838829919,0.74740931868366,-2.30497509561667E-16));
#4363=DIRECTION('center_axis',(0.,1.,0.));
#4364=DIRECTION('ref_axis',(0.707106781186547,0.,0.707106781186548));
#4365=DIRECTION('',(0.,-1.,0.));
#4366=DIRECTION('',(0.,1.,0.));
#4367=DIRECTION('center_axis',(0.196116135138185,0.98058067569092,-4.08248716370457E-16));
#4368=DIRECTION('ref_axis',(-0.98058067569092,0.196116135138185,0.));
#4369=DIRECTION('center_axis',(-0.98058067569092,-0.196116135138184,0.));
#4370=DIRECTION('ref_axis',(-0.196116135138184,0.98058067569092,0.));
#4371=DIRECTION('center_axis',(0.,0.,1.));
#4372=DIRECTION('ref_axis',(0.,1.,0.));
#4373=DIRECTION('center_axis',(0.98058067569092,-0.196116135138184,5.44331621827277E-16));
#4374=DIRECTION('ref_axis',(0.196116135138184,0.98058067569092,0.));
#4375=DIRECTION('center_axis',(-0.196116135138185,0.98058067569092,2.7216581091364E-17));
#4376=DIRECTION('ref_axis',(0.98058067569092,0.196116135138185,0.));
#4377=DIRECTION('center_axis',(0.,0.,1.));
#4378=DIRECTION('ref_axis',(1.,0.,0.));
#4379=DIRECTION('center_axis',(0.,0.,1.));
#4380=DIRECTION('ref_axis',(1.,0.,0.));
#4381=DIRECTION('center_axis',(0.,0.,1.));
#4382=DIRECTION('ref_axis',(-0.707106781186547,-0.707106781186547,0.));
#4383=DIRECTION('center_axis',(1.,2.77555756156289E-16,0.));
#4384=DIRECTION('ref_axis',(-2.77555756156289E-16,1.,0.));
#4385=DIRECTION('center_axis',(0.,0.,-1.));
#4386=DIRECTION('ref_axis',(-1.,0.,0.));
#4387=DIRECTION('center_axis',(0.,1.,0.));
#4388=DIRECTION('ref_axis',(0.,0.,1.));
#4389=DIRECTION('center_axis',(-1.,-1.91417762866406E-16,0.));
#4390=DIRECTION('ref_axis',(0.,0.707106781186547,0.707106781186548));
#4391=DIRECTION('',(-1.,-1.91417762866406E-16,0.));
#4392=DIRECTION('',(1.,1.91417762866406E-16,0.));
#4393=DIRECTION('center_axis',(-2.77555756156289E-15,3.85185988877447E-30,
1.));
#4394=DIRECTION('ref_axis',(-1.,0.,-2.77555756156289E-15));
#4395=DIRECTION('center_axis',(0.74740931868366,-0.66436383882992,2.30497509561667E-16));
#4396=DIRECTION('ref_axis',(-0.66436383882992,-0.74740931868366,-2.30497509561667E-16));
#4397=DIRECTION('center_axis',(-0.66436383882992,0.74740931868366,-2.04886675165926E-16));
#4398=DIRECTION('ref_axis',(-0.74740931868366,-0.66436383882992,-2.30497509561667E-16));
#4399=DIRECTION('center_axis',(0.,0.,1.));
#4400=DIRECTION('ref_axis',(-0.707106781186548,-0.707106781186547,0.));
#4401=DIRECTION('',(0.,0.,1.));
#4402=DIRECTION('',(0.,0.,-1.));
#4403=DIRECTION('center_axis',(0.,1.,0.));
#4404=DIRECTION('ref_axis',(0.707106781186547,0.,0.707106781186548));
#4405=DIRECTION('',(0.,-1.,0.));
#4406=DIRECTION('',(0.,1.,0.));
#4407=DIRECTION('center_axis',(-1.,0.,0.));
#4408=DIRECTION('ref_axis',(0.,0.707106781186547,0.707106781186548));
#4409=DIRECTION('',(1.,0.,0.));
#4410=DIRECTION('',(-1.,0.,0.));
#4411=DIRECTION('center_axis',(0.,0.,-1.));
#4412=DIRECTION('ref_axis',(-1.,0.,0.));
#4413=DIRECTION('center_axis',(0.,0.,-1.));
#4414=DIRECTION('ref_axis',(0.,-1.,0.));
#4415=DIRECTION('center_axis',(-1.,-2.77555756156289E-16,0.));
#4416=DIRECTION('ref_axis',(0.,0.,1.));
#4417=DIRECTION('center_axis',(0.,0.,1.));
#4418=DIRECTION('ref_axis',(0.707106781186548,-0.707106781186547,0.));
#4419=DIRECTION('center_axis',(0.,1.,0.));
#4420=DIRECTION('ref_axis',(-1.,0.,0.));
#4421=DIRECTION('center_axis',(-1.,-1.91417762866406E-16,0.));
#4422=DIRECTION('ref_axis',(0.,0.707106781186547,0.707106781186548));
#4423=DIRECTION('',(1.,1.91417762866406E-16,0.));
#4424=DIRECTION('',(-1.,-1.91417762866406E-16,0.));
#4425=DIRECTION('center_axis',(0.,-1.,0.));
#4426=DIRECTION('ref_axis',(-0.707106781186547,0.,0.707106781186548));
#4427=DIRECTION('',(0.,-1.,0.));
#4428=DIRECTION('',(0.,1.,0.));
#4429=DIRECTION('center_axis',(0.,0.,-1.));
#4430=DIRECTION('ref_axis',(0.707106781186548,-0.707106781186548,0.));
#4431=DIRECTION('center_axis',(0.,0.,-1.));
#4432=DIRECTION('ref_axis',(1.,1.38777878078144E-15,0.));
#4433=DIRECTION('',(0.,0.,1.));
#4434=DIRECTION('',(0.,0.,-1.));
#4435=DIRECTION('center_axis',(0.66436383882992,0.74740931868366,2.30497509561667E-16));
#4436=DIRECTION('ref_axis',(0.74740931868366,-0.664363838829919,0.));
#4437=DIRECTION('center_axis',(-0.74740931868366,-0.66436383882992,4.35384184727593E-16));
#4438=DIRECTION('ref_axis',(0.66436383882992,-0.74740931868366,0.));
#4439=DIRECTION('center_axis',(0.,-1.,0.));
#4440=DIRECTION('ref_axis',(-0.707106781186547,0.,0.707106781186548));
#4441=DIRECTION('',(0.,1.,0.));
#4442=DIRECTION('',(0.,-1.,0.));
#4443=DIRECTION('center_axis',(5.55111512312578E-16,0.,-1.));
#4444=DIRECTION('ref_axis',(-1.,0.,0.));
#4445=DIRECTION('center_axis',(0.,0.,-1.));
#4446=DIRECTION('ref_axis',(1.,0.,0.));
#4447=DIRECTION('center_axis',(0.,-1.,0.));
#4448=DIRECTION('ref_axis',(0.,0.,1.));
#4449=DIRECTION('center_axis',(0.,0.,1.));
#4450=DIRECTION('ref_axis',(0.707106781186548,0.707106781186547,0.));
#4451=DIRECTION('center_axis',(-1.,2.77555756156289E-16,-5.55111512312578E-16));
#4452=DIRECTION('ref_axis',(-2.77555756156289E-16,-1.,0.));
#4453=DIRECTION('center_axis',(0.,-1.,0.));
#4454=DIRECTION('ref_axis',(-0.707106781186547,0.,0.707106781186548));
#4455=DIRECTION('',(0.,1.,0.));
#4456=DIRECTION('',(0.,-1.,0.));
#4457=DIRECTION('center_axis',(1.,-1.91417762866406E-16,0.));
#4458=DIRECTION('ref_axis',(0.,-0.707106781186547,0.707106781186548));
#4459=DIRECTION('',(1.,-1.91417762866406E-16,0.));
#4460=DIRECTION('',(-1.,1.91417762866406E-16,0.));
#4461=DIRECTION('center_axis',(0.,0.,1.));
#4462=DIRECTION('ref_axis',(1.,-1.38777878078143E-15,0.));
#4463=DIRECTION('center_axis',(-0.74740931868366,0.664363838829919,-2.04886675165926E-16));
#4464=DIRECTION('ref_axis',(0.664363838829919,0.74740931868366,0.));
#4465=DIRECTION('center_axis',(0.66436383882992,-0.74740931868366,2.04886675165926E-16));
#4466=DIRECTION('ref_axis',(0.74740931868366,0.66436383882992,0.));
#4467=DIRECTION('center_axis',(0.,0.,1.));
#4468=DIRECTION('ref_axis',(0.707106781186548,0.707106781186548,0.));
#4469=DIRECTION('',(0.,0.,1.));
#4470=DIRECTION('',(0.,0.,-1.));
#4471=DIRECTION('center_axis',(1.,0.,0.));
#4472=DIRECTION('ref_axis',(0.,-0.707106781186547,0.707106781186548));
#4473=DIRECTION('',(-1.,0.,0.));
#4474=DIRECTION('',(1.,0.,0.));
#4475=DIRECTION('center_axis',(-1.91417762866406E-16,1.,0.));
#4476=DIRECTION('ref_axis',(-1.,-1.91417762866406E-16,0.));
#4477=DIRECTION('',(0.,0.,1.));
#4478=DIRECTION('',(1.,1.91417762866406E-16,0.));
#4479=DIRECTION('center_axis',(0.,0.,1.));
#4480=DIRECTION('ref_axis',(0.707106781186547,0.707106781186548,0.));
#4481=DIRECTION('',(0.,0.,-1.));
#4482=DIRECTION('center_axis',(0.,0.,-1.));
#4483=DIRECTION('ref_axis',(0.707106781186547,0.707106781186548,0.));
#4484=DIRECTION('center_axis',(1.,0.,0.));
#4485=DIRECTION('ref_axis',(0.,1.,0.));
#4486=DIRECTION('',(0.,0.,1.));
#4487=DIRECTION('',(0.,-1.,0.));
#4488=DIRECTION('center_axis',(0.,0.,1.));
#4489=DIRECTION('ref_axis',(0.707106781186547,-0.707106781186548,0.));
#4490=DIRECTION('',(0.,0.,-1.));
#4491=DIRECTION('center_axis',(0.,0.,-1.));
#4492=DIRECTION('ref_axis',(0.707106781186547,-0.707106781186548,0.));
#4493=DIRECTION('center_axis',(-1.91417762866406E-16,-1.,0.));
#4494=DIRECTION('ref_axis',(1.,-1.91417762866406E-16,0.));
#4495=DIRECTION('',(-1.,1.91417762866406E-16,0.));
#4496=DIRECTION('center_axis',(1.,-1.91417762866406E-16,0.));
#4497=DIRECTION('ref_axis',(1.09034198519707E-16,0.707106781186547,-0.707106781186547));
#4498=DIRECTION('',(1.,-1.91417762866406E-16,0.));
#4499=DIRECTION('center_axis',(1.,0.,0.));
#4500=DIRECTION('ref_axis',(0.,0.,-1.));
#4501=DIRECTION('center_axis',(0.,1.,0.));
#4502=DIRECTION('ref_axis',(-0.707106781186547,0.,-0.707106781186547));
#4503=DIRECTION('',(0.,-1.,0.));
#4504=DIRECTION('center_axis',(0.,1.,0.));
#4505=DIRECTION('ref_axis',(0.,0.,-1.));
#4506=DIRECTION('',(0.,1.,0.));
#4507=DIRECTION('center_axis',(1.,0.,0.));
#4508=DIRECTION('ref_axis',(0.,1.,0.));
#4509=DIRECTION('',(0.,0.,1.));
#4510=DIRECTION('center_axis',(0.,0.,1.));
#4511=DIRECTION('ref_axis',(0.707106781186548,-0.707106781186547,0.));
#4512=DIRECTION('',(0.,0.,-1.));
#4513=DIRECTION('center_axis',(0.,0.,-1.));
#4514=DIRECTION('ref_axis',(0.707106781186548,-0.707106781186547,0.));
#4515=DIRECTION('center_axis',(0.,-1.,0.));
#4516=DIRECTION('ref_axis',(1.,0.,0.));
#4517=DIRECTION('',(0.,0.,1.));
#4518=DIRECTION('',(-1.,0.,0.));
#4519=DIRECTION('center_axis',(0.,0.,1.));
#4520=DIRECTION('ref_axis',(-0.707106781186548,-0.707106781186547,0.));
#4521=DIRECTION('',(0.,0.,-1.));
#4522=DIRECTION('center_axis',(0.,0.,-1.));
#4523=DIRECTION('ref_axis',(-0.707106781186548,-0.707106781186547,0.));
#4524=DIRECTION('center_axis',(-1.,0.,0.));
#4525=DIRECTION('ref_axis',(0.,-1.,0.));
#4526=DIRECTION('',(0.,1.,0.));
#4527=DIRECTION('center_axis',(0.,-1.,0.));
#4528=DIRECTION('ref_axis',(0.707106781186547,0.,-0.707106781186547));
#4529=DIRECTION('',(0.,-1.,0.));
#4530=DIRECTION('center_axis',(0.,-1.,0.));
#4531=DIRECTION('ref_axis',(0.,0.,-1.));
#4532=DIRECTION('center_axis',(1.,-1.91417762866406E-16,0.));
#4533=DIRECTION('ref_axis',(1.09034198519707E-16,0.707106781186547,-0.707106781186547));
#4534=DIRECTION('',(-1.,1.91417762866406E-16,0.));
#4535=DIRECTION('center_axis',(1.,0.,0.));
#4536=DIRECTION('ref_axis',(0.,0.,-1.));
#4537=DIRECTION('',(1.,-1.91417762866406E-16,0.));
#4538=DIRECTION('center_axis',(0.,0.,1.));
#4539=DIRECTION('ref_axis',(1.,0.,0.));
#4540=DIRECTION('center_axis',(0.,0.,1.));
#4541=DIRECTION('ref_axis',(1.,0.,0.));
#4542=DIRECTION('center_axis',(0.,0.,1.));
#4543=DIRECTION('ref_axis',(-0.707106781186548,0.707106781186547,0.));
#4544=DIRECTION('center_axis',(0.,-1.,0.));
#4545=DIRECTION('ref_axis',(0.,0.,-1.));
#4546=DIRECTION('center_axis',(0.,0.,-1.));
#4547=DIRECTION('ref_axis',(-0.707106781186548,0.707106781186547,0.));
#4548=DIRECTION('center_axis',(-1.,7.70988211545248E-17,0.));
#4549=DIRECTION('ref_axis',(0.,0.,-1.));
#4550=DIRECTION('center_axis',(0.,-1.,0.));
#4551=DIRECTION('ref_axis',(0.707106781186547,0.,-0.707106781186547));
#4552=DIRECTION('',(0.,1.,0.));
#4553=DIRECTION('',(0.,-1.,0.));
#4554=DIRECTION('center_axis',(-1.,-1.91417762866406E-16,0.));
#4555=DIRECTION('ref_axis',(0.,-0.707106781186548,-0.707106781186547));
#4556=DIRECTION('',(-1.,-1.91417762866406E-16,0.));
#4557=DIRECTION('center_axis',(-1.,0.,0.));
#4558=DIRECTION('ref_axis',(0.,0.,-1.));
#4559=DIRECTION('',(1.,1.91417762866406E-16,0.));
#4560=DIRECTION('center_axis',(0.,0.,1.));
#4561=DIRECTION('ref_axis',(1.,0.,0.));
#4562=DIRECTION('center_axis',(0.,0.,-1.));
#4563=DIRECTION('ref_axis',(-0.707106781186547,0.707106781186548,0.));
#4564=DIRECTION('center_axis',(0.,0.,1.));
#4565=DIRECTION('ref_axis',(-0.707106781186547,0.707106781186548,0.));
#4566=DIRECTION('center_axis',(0.,-1.,0.));
#4567=DIRECTION('ref_axis',(0.,0.,-1.));
#4568=DIRECTION('center_axis',(0.,-1.,0.));
#4569=DIRECTION('ref_axis',(0.707106781186548,0.,-0.707106781186547));
#4570=DIRECTION('',(0.,-1.,0.));
#4571=DIRECTION('center_axis',(-7.70988211545247E-17,-1.,0.));
#4572=DIRECTION('ref_axis',(0.,0.,-1.));
#4573=DIRECTION('',(0.,1.,0.));
#4574=DIRECTION('center_axis',(0.,0.,1.));
#4575=DIRECTION('ref_axis',(1.,0.,0.));
#4576=DIRECTION('center_axis',(0.,0.,1.));
#4577=DIRECTION('ref_axis',(-0.707106781186547,-0.707106781186548,0.));
#4578=DIRECTION('center_axis',(0.,0.,-1.));
#4579=DIRECTION('ref_axis',(-0.707106781186547,-0.707106781186548,0.));
#4580=DIRECTION('center_axis',(0.,0.,-1.));
#4581=DIRECTION('ref_axis',(-1.,0.,0.));
#4582=DIRECTION('center_axis',(0.,0.,1.));
#4583=DIRECTION('ref_axis',(-0.707106781186548,-0.707106781186547,0.));
#4584=DIRECTION('center_axis',(1.,0.,0.));
#4585=DIRECTION('ref_axis',(0.,0.,-1.));
#4586=DIRECTION('center_axis',(-1.,0.,0.));
#4587=DIRECTION('ref_axis',(0.,0.707106781186547,-0.707106781186547));
#4588=DIRECTION('',(1.,0.,0.));
#4589=DIRECTION('center_axis',(1.,-7.70988211545248E-17,0.));
#4590=DIRECTION('ref_axis',(0.,0.,-1.));
#4591=DIRECTION('center_axis',(0.,0.,1.));
#4592=DIRECTION('ref_axis',(1.,0.,0.));
#4593=DIRECTION('center_axis',(0.,0.,1.));
#4594=DIRECTION('ref_axis',(0.707106781186548,-0.707106781186547,0.));
#4595=DIRECTION('center_axis',(0.,0.,1.));
#4596=DIRECTION('ref_axis',(1.,0.,0.));
#4597=DIRECTION('center_axis',(0.,0.,1.));
#4598=DIRECTION('ref_axis',(0.707106781186547,-0.707106781186548,0.));
#4599=DIRECTION('center_axis',(0.,1.,0.));
#4600=DIRECTION('ref_axis',(0.,0.,-1.));
#4601=DIRECTION('center_axis',(0.,1.,0.));
#4602=DIRECTION('ref_axis',(-0.707106781186548,0.,-0.707106781186547));
#4603=DIRECTION('',(0.,1.,0.));
#4604=DIRECTION('center_axis',(-7.70988211545247E-17,1.,0.));
#4605=DIRECTION('ref_axis',(0.,0.,-1.));
#4606=DIRECTION('center_axis',(0.,0.,1.));
#4607=DIRECTION('ref_axis',(1.,0.,0.));
#4608=DIRECTION('center_axis',(0.,0.,1.));
#4609=DIRECTION('ref_axis',(0.707106781186547,0.707106781186548,0.));
#4610=DIRECTION('center_axis',(-1.,0.,0.));
#4611=DIRECTION('ref_axis',(0.,0.,-1.));
#4612=DIRECTION('center_axis',(-1.,-1.91417762866406E-16,0.));
#4613=DIRECTION('ref_axis',(0.,-0.707106781186547,-0.707106781186547));
#4614=DIRECTION('',(-1.,-1.91417762866406E-16,0.));
#4615=DIRECTION('center_axis',(0.,1.,0.));
#4616=DIRECTION('ref_axis',(-0.707106781186547,0.,-0.707106781186547));
#4617=DIRECTION('',(0.,1.,0.));
#4618=DIRECTION('center_axis',(3.08395284618099E-16,1.,0.));
#4619=DIRECTION('ref_axis',(0.,0.,-1.));
#4620=DIRECTION('',(0.,-1.,0.));
#4621=DIRECTION('center_axis',(0.,0.,1.));
#4622=DIRECTION('ref_axis',(1.,0.,0.));
#4623=DIRECTION('center_axis',(0.,0.,-1.));
#4624=DIRECTION('ref_axis',(0.707106781186547,0.707106781186548,0.));
#4625=DIRECTION('center_axis',(0.,0.,1.));
#4626=DIRECTION('ref_axis',(0.707106781186547,0.707106781186548,0.));
#4627=DIRECTION('center_axis',(-1.,-1.54197642309049E-16,0.));
#4628=DIRECTION('ref_axis',(0.,0.,-1.));
#4629=DIRECTION('center_axis',(-1.,0.,0.));
#4630=DIRECTION('ref_axis',(0.,-0.707106781186547,-0.707106781186547));
#4631=DIRECTION('',(-1.,0.,0.));
#4632=DIRECTION('',(1.,0.,0.));
#4633=DIRECTION('center_axis',(1.,0.,0.));
#4634=DIRECTION('ref_axis',(0.,1.,0.));
#4635=DIRECTION('',(0.,0.,-1.));
#4636=DIRECTION('center_axis',(0.,0.,1.));
#4637=DIRECTION('ref_axis',(0.707106781186547,0.707106781186548,0.));
#4638=DIRECTION('',(0.,0.,1.));
#4639=DIRECTION('center_axis',(0.,1.,0.));
#4640=DIRECTION('ref_axis',(-1.,0.,0.));
#4641=DIRECTION('',(0.,0.,-1.));
#4642=DIRECTION('center_axis',(-0.988441893831907,0.151513152551267,0.00513683968701466));
#4643=DIRECTION('ref_axis',(-0.151515151588847,-0.988454935158406,0.));
#4644=DIRECTION('center_axis',(-0.988441893843192,-0.151513152477568,-0.0051368396893188));
#4645=DIRECTION('ref_axis',(0.151515151515149,-0.988454935169703,0.));
#4646=DIRECTION('center_axis',(-0.893697839811302,0.448669333826831,1.45912341002393E-16));
#4647=DIRECTION('ref_axis',(-0.448669333826831,-0.893697839811302,0.));
#4648=DIRECTION('center_axis',(-0.151513152477568,0.988441893843192,-0.00513683968931811));
#4649=DIRECTION('ref_axis',(-0.988454935169703,-0.151515151515148,0.));
#4650=DIRECTION('center_axis',(0.448669333826831,-0.893697839811302,-2.91824682004786E-16));
#4651=DIRECTION('ref_axis',(0.,-3.26536183713281E-16,1.));
#4652=DIRECTION('center_axis',(0.151513152551267,0.988441893831907,0.00513683968701537));
#4653=DIRECTION('ref_axis',(-0.988454935158406,0.151515151588847,0.));
#4654=DIRECTION('center_axis',(0.448669333826831,0.893697839811302,-2.91824682004786E-16));
#4655=DIRECTION('ref_axis',(-0.893697839811302,0.448669333826831,0.));
#4656=DIRECTION('center_axis',(0.988441893843192,0.151513152477566,-0.00513683968931682));
#4657=DIRECTION('ref_axis',(-0.151515151515146,0.988454935169703,0.));
#4658=DIRECTION('center_axis',(0.893697839811302,0.448669333826831,0.));
#4659=DIRECTION('ref_axis',(-0.448669333826831,0.893697839811302,0.));
#4660=DIRECTION('center_axis',(0.988441893831907,-0.151513152551266,0.00513683968701349));
#4661=DIRECTION('ref_axis',(0.151515151588846,0.988454935158406,0.));
#4662=DIRECTION('center_axis',(0.,0.,1.));
#4663=DIRECTION('ref_axis',(1.,0.,0.));
#4664=DIRECTION('center_axis',(0.,0.,1.));
#4665=DIRECTION('ref_axis',(1.,0.,0.));
#4666=DIRECTION('center_axis',(0.,0.,-1.));
#4667=DIRECTION('ref_axis',(1.,0.,0.));
#4668=DIRECTION('center_axis',(0.,0.,1.));
#4669=DIRECTION('ref_axis',(1.,0.,0.));
#4670=DIRECTION('center_axis',(0.,0.,-1.));
#4671=DIRECTION('ref_axis',(1.,0.,0.));
#4672=DIRECTION('center_axis',(0.,0.,1.));
#4673=DIRECTION('ref_axis',(1.,0.,0.));
#4674=DIRECTION('center_axis',(0.,0.,1.));
#4675=DIRECTION('ref_axis',(1.,0.,0.));
#4676=DIRECTION('center_axis',(0.,0.,1.));
#4677=DIRECTION('ref_axis',(1.,0.,0.));
#4678=DIRECTION('center_axis',(0.,0.,-1.));
#4679=DIRECTION('ref_axis',(1.,0.,0.));
#4680=DIRECTION('center_axis',(0.,0.,1.));
#4681=DIRECTION('ref_axis',(1.,0.,0.));
#4682=DIRECTION('center_axis',(0.,0.,-1.));
#4683=DIRECTION('ref_axis',(1.,0.,0.));
#4684=DIRECTION('center_axis',(0.893697839811302,-0.448669333826831,5.94431014600627E-19));
#4685=DIRECTION('ref_axis',(0.448669333826831,0.893697839811302,0.));
#4686=DIRECTION('center_axis',(-0.448669333826832,-0.893697839811302,0.));
#4687=DIRECTION('ref_axis',(0.893697839811302,-0.448669333826832,0.));
#4688=DIRECTION('center_axis',(-0.151513152551267,-0.988441893831907,0.00513683968701438));
#4689=DIRECTION('ref_axis',(0.988454935158406,-0.151515151588847,0.));
#4690=DIRECTION('center_axis',(0.,0.,1.));
#4691=DIRECTION('ref_axis',(-0.707106781186548,0.707106781186547,0.));
#4692=DIRECTION('',(0.,0.,1.));
#4693=DIRECTION('center_axis',(0.,0.,1.));
#4694=DIRECTION('ref_axis',(-0.707106781186547,0.707106781186548,0.));
#4695=DIRECTION('',(0.,0.,-1.));
#4696=DIRECTION('',(0.,0.,1.));
#4697=DIRECTION('center_axis',(-1.,0.,0.));
#4698=DIRECTION('ref_axis',(0.,-1.,0.));
#4699=DIRECTION('',(0.,0.,-1.));
#4700=DIRECTION('center_axis',(0.,0.,1.));
#4701=DIRECTION('ref_axis',(-0.707106781186547,-0.707106781186548,0.));
#4702=DIRECTION('',(0.,0.,1.));
#4703=DIRECTION('center_axis',(0.,0.,1.));
#4704=DIRECTION('ref_axis',(1.,0.,0.));
#4705=DIRECTION('center_axis',(0.,0.,1.));
#4706=DIRECTION('ref_axis',(1.,0.,0.));
#4707=DIRECTION('center_axis',(-0.893697839811302,-0.448669333826831,-5.83649364009572E-16));
#4708=DIRECTION('ref_axis',(0.448669333826831,-0.893697839811302,0.));
#4709=DIRECTION('center_axis',(0.,0.,1.));
#4710=DIRECTION('ref_axis',(1.,0.,0.));
#4711=DIRECTION('center_axis',(0.,0.,1.));
#4712=DIRECTION('ref_axis',(1.,0.,0.));
#4713=DIRECTION('center_axis',(0.151513152477567,-0.988441893843192,-0.00513683968931764));
#4714=DIRECTION('ref_axis',(0.988454935169703,0.151515151515148,0.));
#4715=DIRECTION('center_axis',(0.448669333826831,-0.893697839811302,-4.3833145402178E-16));
#4716=DIRECTION('ref_axis',(0.893697839811302,0.448669333826831,0.));
#4717=DIRECTION('center_axis',(0.,0.,1.));
#4718=DIRECTION('ref_axis',(1.,0.,0.));
#4719=DIRECTION('center_axis',(0.,0.,1.));
#4720=DIRECTION('ref_axis',(1.,0.,0.));
#4721=DIRECTION('center_axis',(0.,0.,1.));
#4722=DIRECTION('ref_axis',(1.,0.,0.));
#4723=DIRECTION('center_axis',(0.,0.,1.));
#4724=DIRECTION('ref_axis',(1.,0.,0.));
#4725=DIRECTION('center_axis',(0.,0.,1.));
#4726=DIRECTION('ref_axis',(1.,0.,0.));
#4727=DIRECTION('center_axis',(0.,0.,-1.));
#4728=DIRECTION('ref_axis',(1.,0.,0.));
#4729=DIRECTION('center_axis',(0.,0.,-1.));
#4730=DIRECTION('ref_axis',(1.,0.,0.));
#4731=DIRECTION('',(0.,0.,1.));
#4732=DIRECTION('center_axis',(-1.,0.,0.));
#4733=DIRECTION('ref_axis',(0.,-1.,0.));
#4734=DIRECTION('center_axis',(-1.91417762866406E-16,1.,0.));
#4735=DIRECTION('ref_axis',(-1.,-1.91417762866406E-16,0.));
#4736=DIRECTION('center_axis',(0.,0.,1.));
#4737=DIRECTION('ref_axis',(1.,0.,0.));
#4738=DIRECTION('center_axis',(0.,0.,-1.));
#4739=DIRECTION('ref_axis',(0.,-1.,0.));
#4740=DIRECTION('center_axis',(0.,0.,1.));
#4741=DIRECTION('ref_axis',(0.,-1.,0.));
#4742=DIRECTION('center_axis',(0.,-1.,0.));
#4743=DIRECTION('ref_axis',(0.707106781186547,0.,-0.707106781186548));
#4744=DIRECTION('',(0.,1.,0.));
#4745=DIRECTION('',(0.,-1.,0.));
#4746=DIRECTION('center_axis',(0.,0.,1.));
#4747=DIRECTION('ref_axis',(1.,0.,0.));
#4748=DIRECTION('center_axis',(0.,0.,-1.));
#4749=DIRECTION('ref_axis',(0.,1.,0.));
#4750=DIRECTION('center_axis',(0.,0.,1.));
#4751=DIRECTION('ref_axis',(0.,1.,0.));
#4752=DIRECTION('center_axis',(0.,1.,0.));
#4753=DIRECTION('ref_axis',(-0.707106781186547,0.,-0.707106781186548));
#4754=DIRECTION('',(0.,1.,0.));
#4755=DIRECTION('',(0.,-1.,0.));
#4756=DIRECTION('center_axis',(-1.,0.,0.));
#4757=DIRECTION('ref_axis',(0.,1.,0.));
#4758=DIRECTION('',(0.,0.,-1.));
#4759=DIRECTION('',(0.,-1.,0.));
#4760=DIRECTION('',(0.,0.,-1.));
#4761=DIRECTION('center_axis',(0.,0.,-1.));
#4762=DIRECTION('ref_axis',(-0.714285714285714,-0.699854212223765,0.));
#4763=DIRECTION('',(0.,0.,-1.));
#4764=DIRECTION('center_axis',(0.,0.,-1.));
#4765=DIRECTION('ref_axis',(-0.714285714285714,-0.699854212223765,0.));
#4766=DIRECTION('center_axis',(0.,0.,1.));
#4767=DIRECTION('ref_axis',(1.,0.,0.));
#4768=DIRECTION('center_axis',(-1.91417762866406E-16,-1.,0.));
#4769=DIRECTION('ref_axis',(1.,-1.91417762866406E-16,0.));
#4770=DIRECTION('center_axis',(0.,0.,1.));
#4771=DIRECTION('ref_axis',(1.,0.,0.));
#4772=DIRECTION('',(0.,1.,0.));
#4773=DIRECTION('center_axis',(0.,0.,-1.));
#4774=DIRECTION('ref_axis',(0.714285714285714,0.699854212223765,0.));
#4775=DIRECTION('center_axis',(0.,0.,-1.));
#4776=DIRECTION('ref_axis',(0.714285714285714,0.699854212223765,0.));
#4777=DIRECTION('',(0.,0.,-1.));
#4778=DIRECTION('center_axis',(1.,0.,0.));
#4779=DIRECTION('ref_axis',(0.,-1.,0.));
#4780=DIRECTION('center_axis',(-0.816496580927726,-0.408248290463863,0.408248290463863));
#4781=DIRECTION('ref_axis',(0.577350269189626,-0.577350269189626,0.577350269189626));
#4782=DIRECTION('center_axis',(1.,0.,0.));
#4783=DIRECTION('ref_axis',(0.,-1.,0.));
#4784=DIRECTION('center_axis',(0.,0.,1.));
#4785=DIRECTION('ref_axis',(1.,0.,0.));
#4786=DIRECTION('center_axis',(5.55111512312578E-16,-1.,0.));
#4787=DIRECTION('ref_axis',(0.,0.,1.));
#4788=DIRECTION('center_axis',(0.,0.,1.));
#4789=DIRECTION('ref_axis',(0.707106781186549,-0.707106781186546,0.));
#4790=DIRECTION('center_axis',(0.,0.,1.));
#4791=DIRECTION('ref_axis',(0.707106781186549,-0.707106781186546,0.));
#4792=DIRECTION('',(0.,0.,1.));
#4793=DIRECTION('',(0.,0.,-1.));
#4794=DIRECTION('center_axis',(0.408248290463863,-0.816496580927725,0.408248290463866));
#4795=DIRECTION('ref_axis',(0.577350269189622,0.577350269189627,0.577350269189628));
#4796=DIRECTION('center_axis',(0.,1.,0.));
#4797=DIRECTION('ref_axis',(1.,0.,0.));
#4798=DIRECTION('center_axis',(0.,0.,1.));
#4799=DIRECTION('ref_axis',(0.,1.,0.));
#4800=DIRECTION('center_axis',(1.,-4.44089209850062E-15,0.));
#4801=DIRECTION('ref_axis',(0.,0.,1.));
#4802=DIRECTION('center_axis',(0.,0.,1.));
#4803=DIRECTION('ref_axis',(0.707106781186546,0.707106781186549,0.));
#4804=DIRECTION('center_axis',(0.,0.,1.));
#4805=DIRECTION('ref_axis',(0.707106781186546,0.707106781186549,0.));
#4806=DIRECTION('',(0.,0.,1.));
#4807=DIRECTION('',(0.,0.,-1.));
#4808=DIRECTION('center_axis',(-1.,0.,0.));
#4809=DIRECTION('ref_axis',(0.,0.707106781186548,0.707106781186548));
#4810=DIRECTION('center_axis',(1.,0.,0.));
#4811=DIRECTION('ref_axis',(0.,1.,0.));
#4812=DIRECTION('',(1.,0.,0.));
#4813=DIRECTION('',(-1.,0.,0.));
#4814=DIRECTION('center_axis',(0.,0.,1.));
#4815=DIRECTION('ref_axis',(1.,0.,0.));
#4816=DIRECTION('center_axis',(0.,-1.,0.));
#4817=DIRECTION('ref_axis',(1.,0.,0.));
#4818=DIRECTION('center_axis',(0.,0.,1.));
#4819=DIRECTION('ref_axis',(-0.707106781186549,-0.707106781186546,0.));
#4820=DIRECTION('center_axis',(0.,0.,-1.));
#4821=DIRECTION('ref_axis',(-0.707106781186549,-0.707106781186546,0.));
#4822=DIRECTION('center_axis',(0.,1.,0.));
#4823=DIRECTION('ref_axis',(0.707106781186548,0.,0.707106781186548));
#4824=DIRECTION('center_axis',(-2.77555756156289E-16,-1.,0.));
#4825=DIRECTION('ref_axis',(1.,-2.77555756156289E-16,0.));
#4826=DIRECTION('',(0.,-1.,0.));
#4827=DIRECTION('',(0.,1.,0.));
#4828=DIRECTION('center_axis',(0.,0.,1.));
#4829=DIRECTION('ref_axis',(1.,0.,0.));
#4830=DIRECTION('center_axis',(-1.,0.,0.));
#4831=DIRECTION('ref_axis',(0.,-1.,0.));
#4832=DIRECTION('center_axis',(0.,0.,1.));
#4833=DIRECTION('ref_axis',(-0.707106781186549,0.707106781186546,0.));
#4834=DIRECTION('center_axis',(0.,0.,-1.));
#4835=DIRECTION('ref_axis',(-0.707106781186549,0.707106781186546,0.));
#4836=DIRECTION('center_axis',(1.,-1.91417762866406E-16,0.));
#4837=DIRECTION('ref_axis',(0.,-0.707106781186547,0.707106781186548));
#4838=DIRECTION('',(-1.,1.91417762866406E-16,0.));
#4839=DIRECTION('',(1.,-1.91417762866406E-16,0.));
#4840=DIRECTION('center_axis',(0.408248290463863,-0.816496580927726,-0.408248290463863));
#4841=DIRECTION('ref_axis',(-0.577350269189626,-0.577350269189625,0.577350269189626));
#4842=DIRECTION('center_axis',(5.55111512312578E-16,-1.,5.55111512312578E-16));
#4843=DIRECTION('ref_axis',(-1.,-5.55111512312578E-16,0.));
#4844=DIRECTION('center_axis',(0.,0.,1.));
#4845=DIRECTION('ref_axis',(0.,-1.,0.));
#4846=DIRECTION('center_axis',(-1.,0.,0.));
#4847=DIRECTION('ref_axis',(0.,0.,1.));
#4848=DIRECTION('center_axis',(0.,0.,1.));
#4849=DIRECTION('ref_axis',(-0.707106781186549,-0.707106781186546,0.));
#4850=DIRECTION('center_axis',(0.,0.,1.));
#4851=DIRECTION('ref_axis',(-0.707106781186549,-0.707106781186546,0.));
#4852=DIRECTION('',(0.,0.,1.));
#4853=DIRECTION('',(0.,0.,-1.));
#4854=DIRECTION('center_axis',(-0.816496580927726,-0.408248290463863,-0.408248290463863));
#4855=DIRECTION('ref_axis',(-0.577350269189626,0.577350269189626,0.577350269189626));
#4856=DIRECTION('center_axis',(-1.,0.,0.));
#4857=DIRECTION('ref_axis',(0.,1.,0.));
#4858=DIRECTION('center_axis',(0.,0.,1.));
#4859=DIRECTION('ref_axis',(-1.,0.,0.));
#4860=DIRECTION('center_axis',(-5.55111512312578E-16,1.,0.));
#4861=DIRECTION('ref_axis',(0.,0.,1.));
#4862=DIRECTION('center_axis',(0.,0.,1.));
#4863=DIRECTION('ref_axis',(-0.707106781186549,0.707106781186546,0.));
#4864=DIRECTION('center_axis',(0.,0.,1.));
#4865=DIRECTION('ref_axis',(-0.707106781186549,0.707106781186546,0.));
#4866=DIRECTION('',(0.,0.,1.));
#4867=DIRECTION('',(0.,0.,-1.));
#4868=DIRECTION('center_axis',(0.,-1.,0.));
#4869=DIRECTION('ref_axis',(-0.707106781186549,0.,0.707106781186546));
#4870=DIRECTION('center_axis',(0.,1.,0.));
#4871=DIRECTION('ref_axis',(-1.,0.,0.));
#4872=DIRECTION('',(0.,1.,0.));
#4873=DIRECTION('',(0.,-1.,0.));
#4874=DIRECTION('center_axis',(0.,0.,1.));
#4875=DIRECTION('ref_axis',(1.,0.,0.));
#4876=DIRECTION('center_axis',(1.,0.,0.));
#4877=DIRECTION('ref_axis',(0.,1.,0.));
#4878=DIRECTION('center_axis',(0.,0.,1.));
#4879=DIRECTION('ref_axis',(0.707106781186549,-0.707106781186546,0.));
#4880=DIRECTION('center_axis',(0.,0.,-1.));
#4881=DIRECTION('ref_axis',(0.707106781186549,-0.707106781186546,0.));
#4882=DIRECTION('center_axis',(-1.,0.,0.));
#4883=DIRECTION('ref_axis',(0.,0.707106781186547,0.707106781186548));
#4884=DIRECTION('center_axis',(1.,0.,0.));
#4885=DIRECTION('ref_axis',(0.,1.,0.));
#4886=DIRECTION('',(1.,0.,0.));
#4887=DIRECTION('',(-1.,0.,0.));
#4888=DIRECTION('center_axis',(0.,0.,1.));
#4889=DIRECTION('ref_axis',(1.,0.,0.));
#4890=DIRECTION('center_axis',(5.5511151231258E-16,-1.,0.));
#4891=DIRECTION('ref_axis',(1.,5.5511151231258E-16,0.));
#4892=DIRECTION('center_axis',(0.,0.,1.));
#4893=DIRECTION('ref_axis',(-0.707106781186549,-0.707106781186546,0.));
#4894=DIRECTION('center_axis',(0.,0.,-1.));
#4895=DIRECTION('ref_axis',(-0.707106781186549,-0.707106781186546,0.));
#4896=DIRECTION('center_axis',(0.,1.,0.));
#4897=DIRECTION('ref_axis',(0.707106781186549,0.,0.707106781186546));
#4898=DIRECTION('',(0.,-1.,0.));
#4899=DIRECTION('',(0.,1.,0.));
#4900=DIRECTION('center_axis',(1.,1.91417762866406E-16,0.));
#4901=DIRECTION('ref_axis',(0.,-0.707106781186547,0.707106781186548));
#4902=DIRECTION('center_axis',(-1.,0.,0.));
#4903=DIRECTION('ref_axis',(0.,-1.,0.));
#4904=DIRECTION('',(-1.,-1.91417762866406E-16,0.));
#4905=DIRECTION('',(1.,1.91417762866406E-16,0.));
#4906=DIRECTION('center_axis',(0.,0.,1.));
#4907=DIRECTION('ref_axis',(1.,0.,0.));
#4908=DIRECTION('center_axis',(0.,1.,0.));
#4909=DIRECTION('ref_axis',(-1.,0.,0.));
#4910=DIRECTION('center_axis',(0.,0.,1.));
#4911=DIRECTION('ref_axis',(0.707106781186549,0.707106781186546,0.));
#4912=DIRECTION('center_axis',(0.,0.,-1.));
#4913=DIRECTION('ref_axis',(0.707106781186549,0.707106781186546,0.));
#4914=DIRECTION('center_axis',(0.,-1.,0.));
#4915=DIRECTION('ref_axis',(-0.707106781186549,0.,0.707106781186546));
#4916=DIRECTION('center_axis',(2.77555756156289E-16,1.,0.));
#4917=DIRECTION('ref_axis',(-1.,2.77555756156289E-16,0.));
#4918=DIRECTION('',(0.,1.,0.));
#4919=DIRECTION('',(0.,-1.,0.));
#4920=DIRECTION('center_axis',(0.,0.,1.));
#4921=DIRECTION('ref_axis',(1.,0.,0.));
#4922=DIRECTION('center_axis',(1.,0.,0.));
#4923=DIRECTION('ref_axis',(0.,1.,0.));
#4924=DIRECTION('center_axis',(0.,0.,1.));
#4925=DIRECTION('ref_axis',(0.707106781186549,-0.707106781186546,0.));
#4926=DIRECTION('center_axis',(0.,0.,-1.));
#4927=DIRECTION('ref_axis',(0.707106781186549,-0.707106781186546,0.));
#4928=DIRECTION('center_axis',(-1.,1.91417762866406E-16,0.));
#4929=DIRECTION('ref_axis',(0.,0.707106781186547,0.707106781186548));
#4930=DIRECTION('',(1.,-1.91417762866406E-16,0.));
#4931=DIRECTION('',(-1.,1.91417762866406E-16,0.));
#4932=DIRECTION('center_axis',(0.,1.,0.));
#4933=DIRECTION('ref_axis',(0.707106781186549,0.,0.707106781186546));
#4934=DIRECTION('center_axis',(0.,-1.,0.));
#4935=DIRECTION('ref_axis',(1.,0.,0.));
#4936=DIRECTION('',(0.,-1.,0.));
#4937=DIRECTION('',(0.,1.,0.));
#4938=DIRECTION('center_axis',(0.,0.,1.));
#4939=DIRECTION('ref_axis',(1.,0.,0.));
#4940=DIRECTION('center_axis',(-1.,0.,0.));
#4941=DIRECTION('ref_axis',(0.,-1.,0.));
#4942=DIRECTION('center_axis',(0.,0.,1.));
#4943=DIRECTION('ref_axis',(-0.707106781186549,0.707106781186546,0.));
#4944=DIRECTION('center_axis',(0.,0.,-1.));
#4945=DIRECTION('ref_axis',(-0.707106781186549,0.707106781186546,0.));
#4946=DIRECTION('center_axis',(1.,0.,0.));
#4947=DIRECTION('ref_axis',(0.,-0.707106781186547,0.707106781186548));
#4948=DIRECTION('center_axis',(-1.,0.,0.));
#4949=DIRECTION('ref_axis',(0.,-1.,0.));
#4950=DIRECTION('',(-1.,0.,0.));
#4951=DIRECTION('',(1.,0.,0.));
#4952=DIRECTION('center_axis',(0.,0.,1.));
#4953=DIRECTION('ref_axis',(1.,0.,0.));
#4954=DIRECTION('center_axis',(-5.5511151231258E-16,1.,0.));
#4955=DIRECTION('ref_axis',(-1.,-5.5511151231258E-16,0.));
#4956=DIRECTION('center_axis',(0.,0.,1.));
#4957=DIRECTION('ref_axis',(0.707106781186549,0.707106781186546,0.));
#4958=DIRECTION('center_axis',(0.,0.,-1.));
#4959=DIRECTION('ref_axis',(0.707106781186549,0.707106781186546,0.));
#4960=DIRECTION('center_axis',(3.82835525732813E-16,-1.,0.));
#4961=DIRECTION('ref_axis',(-0.707106781186549,-3.92523114670942E-16,0.707106781186546));
#4962=DIRECTION('',(-3.82835525732813E-16,1.,0.));
#4963=DIRECTION('',(3.82835525732813E-16,-1.,0.));
#4964=DIRECTION('center_axis',(-1.91417762866406E-16,-1.,0.));
#4965=DIRECTION('ref_axis',(1.,-1.91417762866406E-16,0.));
#4966=DIRECTION('',(0.,0.,1.));
#4967=DIRECTION('',(-1.,1.91417762866406E-16,0.));
#4968=DIRECTION('',(1.,-1.91417762866406E-16,0.));
#4969=DIRECTION('center_axis',(0.,0.,1.));
#4970=DIRECTION('ref_axis',(-0.707106781186548,0.707106781186548,0.));
#4971=DIRECTION('',(0.,0.,-1.));
#4972=DIRECTION('center_axis',(0.,0.,1.));
#4973=DIRECTION('ref_axis',(-0.707106781186548,0.707106781186548,0.));
#4974=DIRECTION('center_axis',(1.,0.,0.));
#4975=DIRECTION('ref_axis',(0.,1.,0.));
#4976=DIRECTION('',(0.,0.,1.));
#4977=DIRECTION('',(0.,-1.,0.));
#4978=DIRECTION('center_axis',(0.,0.,1.));
#4979=DIRECTION('ref_axis',(-0.707106781186548,-0.707106781186548,0.));
#4980=DIRECTION('',(0.,0.,-1.));
#4981=DIRECTION('center_axis',(0.,0.,1.));
#4982=DIRECTION('ref_axis',(-0.707106781186548,-0.707106781186548,0.));
#4983=DIRECTION('center_axis',(0.,1.,0.));
#4984=DIRECTION('ref_axis',(-1.,0.,0.));
#4985=DIRECTION('',(-1.,0.,0.));
#4986=DIRECTION('',(1.,0.,0.));
#4987=DIRECTION('center_axis',(1.,0.,0.));
#4988=DIRECTION('ref_axis',(0.,1.,0.));
#4989=DIRECTION('',(0.,0.,1.));
#4990=DIRECTION('',(0.,1.,0.));
#4991=DIRECTION('center_axis',(0.,0.,1.));
#4992=DIRECTION('ref_axis',(-0.707106781186555,-0.70710678118654,0.));
#4993=DIRECTION('',(0.,0.,-1.));
#4994=DIRECTION('center_axis',(0.,0.,-1.));
#4995=DIRECTION('ref_axis',(-0.707106781186555,-0.70710678118654,0.));
#4996=DIRECTION('center_axis',(0.,1.,0.));
#4997=DIRECTION('ref_axis',(-1.,0.,0.));
#4998=DIRECTION('',(0.,0.,1.));
#4999=DIRECTION('',(-1.,0.,0.));
#5000=DIRECTION('center_axis',(0.,0.,1.));
#5001=DIRECTION('ref_axis',(0.70710678118654,-0.707106781186555,0.));
#5002=DIRECTION('',(0.,0.,-1.));
#5003=DIRECTION('center_axis',(0.,0.,-1.));
#5004=DIRECTION('ref_axis',(0.70710678118654,-0.707106781186555,0.));
#5005=DIRECTION('center_axis',(-1.,0.,0.));
#5006=DIRECTION('ref_axis',(0.,-1.,0.));
#5007=DIRECTION('',(0.,-1.,0.));
#5008=DIRECTION('center_axis',(0.,0.,1.));
#5009=DIRECTION('ref_axis',(1.,0.,0.));
#5010=DIRECTION('',(-1.,1.91417762866406E-16,0.));
#5011=DIRECTION('',(0.,-1.,0.));
#5012=DIRECTION('center_axis',(0.,0.,-1.));
#5013=DIRECTION('ref_axis',(-0.714285714285714,-0.699854212223765,0.));
#5014=DIRECTION('',(0.,1.,0.));
#5015=DIRECTION('center_axis',(0.,0.,1.));
#5016=DIRECTION('ref_axis',(1.,0.,0.));
#5017=DIRECTION('center_axis',(0.,0.,1.));
#5018=DIRECTION('ref_axis',(1.,0.,0.));
#5019=DIRECTION('center_axis',(0.,0.,1.));
#5020=DIRECTION('ref_axis',(0.70710678118654,-0.707106781186555,0.));
#5021=DIRECTION('',(0.,0.,-1.));
#5022=DIRECTION('center_axis',(0.,0.,1.));
#5023=DIRECTION('ref_axis',(0.70710678118654,-0.707106781186555,0.));
#5024=DIRECTION('',(0.,0.,1.));
#5025=DIRECTION('center_axis',(-1.,0.,0.));
#5026=DIRECTION('ref_axis',(0.,-1.,0.));
#5027=DIRECTION('',(0.,0.,1.));
#5028=DIRECTION('',(0.,1.,0.));
#5029=DIRECTION('center_axis',(0.,0.,1.));
#5030=DIRECTION('ref_axis',(0.707106781186555,0.70710678118654,0.));
#5031=DIRECTION('',(0.,0.,-1.));
#5032=DIRECTION('center_axis',(0.,0.,1.));
#5033=DIRECTION('ref_axis',(0.707106781186555,0.70710678118654,0.));
#5034=DIRECTION('center_axis',(1.91417762866406E-16,-1.,0.));
#5035=DIRECTION('ref_axis',(1.,1.91417762866406E-16,0.));
#5036=DIRECTION('',(1.,1.91417762866406E-16,0.));
#5037=DIRECTION('',(-1.,-1.91417762866406E-16,0.));
#5038=DIRECTION('center_axis',(0.,0.,1.));
#5039=DIRECTION('ref_axis',(0.707106781186555,0.70710678118654,0.));
#5040=DIRECTION('',(0.,0.,-1.));
#5041=DIRECTION('center_axis',(0.,0.,-1.));
#5042=DIRECTION('ref_axis',(0.707106781186555,0.70710678118654,0.));
#5043=DIRECTION('',(0.,0.,1.));
#5044=DIRECTION('center_axis',(-1.,-3.82835525732813E-16,0.));
#5045=DIRECTION('ref_axis',(3.82835525732813E-16,-1.,0.));
#5046=DIRECTION('',(3.82835525732813E-16,-1.,0.));
#5047=DIRECTION('center_axis',(0.,0.,1.));
#5048=DIRECTION('ref_axis',(-0.70710678118654,0.707106781186555,0.));
#5049=DIRECTION('',(0.,0.,-1.));
#5050=DIRECTION('center_axis',(0.,0.,-1.));
#5051=DIRECTION('ref_axis',(-0.70710678118654,0.707106781186555,0.));
#5052=DIRECTION('',(0.,0.,1.));
#5053=DIRECTION('center_axis',(0.,-1.,0.));
#5054=DIRECTION('ref_axis',(1.,0.,0.));
#5055=DIRECTION('',(1.,0.,0.));
#5056=DIRECTION('center_axis',(0.,-1.,0.));
#5057=DIRECTION('ref_axis',(0.707106781186547,0.,-0.707106781186548));
#5058=DIRECTION('',(0.,1.,0.));
#5059=DIRECTION('',(0.,-1.,0.));
#5060=DIRECTION('center_axis',(0.,0.,1.));
#5061=DIRECTION('ref_axis',(1.,0.,0.));
#5062=DIRECTION('center_axis',(0.,0.,-1.));
#5063=DIRECTION('ref_axis',(0.,1.,0.));
#5064=DIRECTION('center_axis',(0.,0.,1.));
#5065=DIRECTION('ref_axis',(0.,1.,0.));
#5066=DIRECTION('center_axis',(0.,1.,0.));
#5067=DIRECTION('ref_axis',(-0.707106781186547,0.,-0.707106781186548));
#5068=DIRECTION('',(0.,-1.,0.));
#5069=DIRECTION('',(0.,1.,0.));
#5070=DIRECTION('center_axis',(0.,0.,1.));
#5071=DIRECTION('ref_axis',(1.,0.,0.));
#5072=DIRECTION('center_axis',(0.,0.,1.));
#5073=DIRECTION('ref_axis',(0.,-1.,0.));
#5074=DIRECTION('center_axis',(0.,0.,-1.));
#5075=DIRECTION('ref_axis',(0.,-1.,0.));
#5076=DIRECTION('center_axis',(0.,0.,-1.));
#5077=DIRECTION('ref_axis',(-0.714285714285714,-0.699854212223765,0.));
#5078=DIRECTION('',(0.,0.,-1.));
#5079=DIRECTION('',(0.,0.,-1.));
#5080=DIRECTION('center_axis',(1.,0.,0.));
#5081=DIRECTION('ref_axis',(0.,-1.,0.));
#5082=DIRECTION('',(0.,0.,-1.));
#5083=DIRECTION('',(0.,1.,0.));
#5084=DIRECTION('',(0.,1.,0.));
#5085=DIRECTION('center_axis',(0.,0.,1.));
#5086=DIRECTION('ref_axis',(1.,0.,0.));
#5087=DIRECTION('center_axis',(0.,0.,-1.));
#5088=DIRECTION('ref_axis',(1.,0.,0.));
#5089=DIRECTION('center_axis',(0.,0.,1.));
#5090=DIRECTION('ref_axis',(1.,0.,0.));
#5091=DIRECTION('center_axis',(0.,0.,-1.));
#5092=DIRECTION('ref_axis',(0.714285714285714,0.699854212223765,0.));
#5093=DIRECTION('',(0.,-1.,0.));
#5094=DIRECTION('',(0.,1.,0.));
#5095=DIRECTION('center_axis',(1.91417762866406E-16,1.,0.));
#5096=DIRECTION('ref_axis',(-1.,1.91417762866406E-16,0.));
#5097=DIRECTION('',(1.,-1.91417762866406E-16,0.));
#5098=DIRECTION('center_axis',(1.,0.,0.));
#5099=DIRECTION('ref_axis',(0.,1.,0.));
#5100=DIRECTION('center_axis',(0.,0.,1.));
#5101=DIRECTION('ref_axis',(1.,0.,0.));
#5102=DIRECTION('center_axis',(0.,0.,1.));
#5103=DIRECTION('ref_axis',(1.,0.,0.));
#5104=DIRECTION('',(0.,-1.,0.));
#5105=DIRECTION('center_axis',(0.,0.,-1.));
#5106=DIRECTION('ref_axis',(0.714285714285714,0.699854212223765,0.));
#5107=DIRECTION('',(0.,0.,-1.));
#5108=DIRECTION('center_axis',(-1.,0.,0.));
#5109=DIRECTION('ref_axis',(0.,1.,0.));
#5110=DIRECTION('center_axis',(0.,0.,-1.));
#5111=DIRECTION('ref_axis',(1.,0.,0.));
#5112=DIRECTION('',(0.,0.,1.));
#5113=DIRECTION('center_axis',(-0.196116135138191,-0.980580675690919,0.));
#5114=DIRECTION('ref_axis',(0.980580675690919,-0.196116135138191,0.));
#5115=DIRECTION('center_axis',(0.980580675690919,0.196116135138188,0.));
#5116=DIRECTION('ref_axis',(0.196116135138188,-0.980580675690919,0.));
#5117=DIRECTION('center_axis',(0.,0.,1.));
#5118=DIRECTION('ref_axis',(0.,-1.,0.));
#5119=DIRECTION('center_axis',(0.980568994576705,-0.196174531667163,3.37586096948008E-15));
#5120=DIRECTION('ref_axis',(0.196174531667163,0.980568994576705,0.));
#5121=DIRECTION('center_axis',(-0.196102231685996,0.980583456278848,0.));
#5122=DIRECTION('ref_axis',(0.980583456278848,0.196102231685996,0.));
#5123=DIRECTION('center_axis',(0.,0.,1.));
#5124=DIRECTION('ref_axis',(1.,4.85722573273516E-15,0.));
#5125=DIRECTION('center_axis',(0.19611613513819,0.980580675690919,0.));
#5126=DIRECTION('ref_axis',(-0.980580675690919,0.19611613513819,0.));
#5127=DIRECTION('center_axis',(-0.980580675690919,-0.196116135138188,0.));
#5128=DIRECTION('ref_axis',(-0.196116135138188,0.980580675690919,0.));
#5129=DIRECTION('center_axis',(0.,0.,1.));
#5130=DIRECTION('ref_axis',(0.,1.,0.));
#5131=DIRECTION('center_axis',(-0.980580675690919,0.196116135138188,3.26598973096373E-15));
#5132=DIRECTION('ref_axis',(-0.196116135138188,-0.980580675690919,0.));
#5133=DIRECTION('center_axis',(0.196116135138181,-0.980580675690921,0.));
#5134=DIRECTION('ref_axis',(-0.980580675690921,-0.196116135138181,0.));
#5135=DIRECTION('center_axis',(0.,0.,1.));
#5136=DIRECTION('ref_axis',(-1.,9.02056207507939E-15,0.));
#5137=DIRECTION('center_axis',(4.55842899871673E-15,1.,0.));
#5138=DIRECTION('ref_axis',(0.707106781186546,-3.14018491736755E-15,0.707106781186549));
#5139=DIRECTION('',(4.55842899871673E-15,1.,0.));
#5140=DIRECTION('center_axis',(-4.44089209850064E-15,-1.,0.));
#5141=DIRECTION('ref_axis',(1.,-4.44089209850064E-15,0.));
#5142=DIRECTION('',(-4.55842899871673E-15,-1.,0.));
#5143=DIRECTION('center_axis',(1.,0.,0.));
#5144=DIRECTION('ref_axis',(0.,-0.707106781186548,0.707106781186548));
#5145=DIRECTION('center_axis',(1.,0.,0.));
#5146=DIRECTION('ref_axis',(0.,0.,1.));
#5147=DIRECTION('',(1.,0.,0.));
#5148=DIRECTION('center_axis',(-1.,0.,0.));
#5149=DIRECTION('ref_axis',(0.,-1.,0.));
#5150=DIRECTION('',(-1.,0.,0.));
#5151=DIRECTION('center_axis',(0.,0.,-1.));
#5152=DIRECTION('ref_axis',(-1.,0.,0.));
#5153=DIRECTION('center_axis',(-6.10622663543833E-15,1.,0.));
#5154=DIRECTION('ref_axis',(-1.,-6.10622663543833E-15,0.));
#5155=DIRECTION('center_axis',(0.,0.,1.));
#5156=DIRECTION('ref_axis',(0.707106781186559,0.707106781186536,0.));
#5157=DIRECTION('center_axis',(0.,0.,-1.));
#5158=DIRECTION('ref_axis',(0.707106781186559,0.707106781186536,0.));
#5159=DIRECTION('center_axis',(-9.11685799743348E-15,-1.,0.));
#5160=DIRECTION('ref_axis',(-0.707106781186546,6.67289294940605E-15,0.707106781186549));
#5161=DIRECTION('',(9.11685799743348E-15,1.,0.));
#5162=DIRECTION('',(-9.11685799743348E-15,-1.,0.));
#5163=DIRECTION('center_axis',(0.,0.,-1.));
#5164=DIRECTION('ref_axis',(-1.,0.,0.));
#5165=DIRECTION('center_axis',(0.,0.,1.));
#5166=DIRECTION('ref_axis',(-0.707106781186538,0.707106781186557,0.));
#5167=DIRECTION('center_axis',(0.,0.,-1.));
#5168=DIRECTION('ref_axis',(-0.707106781186538,0.707106781186557,0.));
#5169=DIRECTION('center_axis',(1.,0.,0.));
#5170=DIRECTION('ref_axis',(0.,-0.707106781186547,0.707106781186548));
#5171=DIRECTION('',(1.,0.,0.));
#5172=DIRECTION('center_axis',(-1.,0.,0.));
#5173=DIRECTION('ref_axis',(0.,-1.,0.));
#5174=DIRECTION('',(-1.,0.,0.));
#5175=DIRECTION('center_axis',(0.,0.,-1.));
#5176=DIRECTION('ref_axis',(-1.,0.,0.));
#5177=DIRECTION('center_axis',(0.,1.,0.));
#5178=DIRECTION('ref_axis',(-1.,0.,0.));
#5179=DIRECTION('center_axis',(0.,0.,1.));
#5180=DIRECTION('ref_axis',(0.707106781186545,0.70710678118655,0.));
#5181=DIRECTION('center_axis',(0.,0.,-1.));
#5182=DIRECTION('ref_axis',(0.707106781186545,0.70710678118655,0.));
#5183=DIRECTION('center_axis',(0.,-1.,0.));
#5184=DIRECTION('ref_axis',(-0.707106781186546,0.,0.707106781186549));
#5185=DIRECTION('center_axis',(2.7755575615629E-16,1.,0.));
#5186=DIRECTION('ref_axis',(-1.,2.7755575615629E-16,0.));
#5187=DIRECTION('',(0.,1.,0.));
#5188=DIRECTION('',(0.,-1.,0.));
#5189=DIRECTION('center_axis',(0.,0.,-1.));
#5190=DIRECTION('ref_axis',(-1.,0.,0.));
#5191=DIRECTION('center_axis',(1.,0.,0.));
#5192=DIRECTION('ref_axis',(0.,1.,0.));
#5193=DIRECTION('center_axis',(0.,0.,1.));
#5194=DIRECTION('ref_axis',(0.707106781186538,-0.707106781186557,0.));
#5195=DIRECTION('center_axis',(0.,0.,-1.));
#5196=DIRECTION('ref_axis',(0.707106781186538,-0.707106781186557,0.));
#5197=DIRECTION('center_axis',(-1.,-2.18137556332804E-15,0.));
#5198=DIRECTION('ref_axis',(0.,0.707106781186547,0.707106781186548));
#5199=DIRECTION('',(1.,2.18137556332804E-15,0.));
#5200=DIRECTION('',(-1.,-2.18137556332804E-15,0.));
#5201=DIRECTION('center_axis',(-4.35229529494206E-15,-1.,0.));
#5202=DIRECTION('ref_axis',(-0.707106781186546,3.14018491736755E-15,0.707106781186549));
#5203=DIRECTION('',(-4.35229529494206E-15,-1.,0.));
#5204=DIRECTION('center_axis',(4.44089209850064E-15,1.,0.));
#5205=DIRECTION('ref_axis',(-1.,4.44089209850064E-15,0.));
#5206=DIRECTION('',(4.35229529494206E-15,1.,0.));
#5207=DIRECTION('center_axis',(0.,0.,-1.));
#5208=DIRECTION('ref_axis',(-1.,0.,0.));
#5209=DIRECTION('center_axis',(1.,0.,0.));
#5210=DIRECTION('ref_axis',(0.,1.,0.));
#5211=DIRECTION('center_axis',(0.,0.,1.));
#5212=DIRECTION('ref_axis',(0.707106781186538,-0.707106781186557,0.));
#5213=DIRECTION('center_axis',(0.,0.,-1.));
#5214=DIRECTION('ref_axis',(0.707106781186538,-0.707106781186557,0.));
#5215=DIRECTION('center_axis',(-1.,0.,0.));
#5216=DIRECTION('ref_axis',(0.,0.707106781186548,0.707106781186548));
#5217=DIRECTION('center_axis',(1.,0.,0.));
#5218=DIRECTION('ref_axis',(0.,1.,0.));
#5219=DIRECTION('',(1.,0.,0.));
#5220=DIRECTION('',(-1.,0.,0.));
#5221=DIRECTION('center_axis',(0.,0.,-1.));
#5222=DIRECTION('ref_axis',(-1.,0.,0.));
#5223=DIRECTION('center_axis',(6.10622663543838E-15,-1.,0.));
#5224=DIRECTION('ref_axis',(1.,6.10622663543838E-15,0.));
#5225=DIRECTION('center_axis',(0.,0.,1.));
#5226=DIRECTION('ref_axis',(-0.707106781186539,-0.707106781186556,0.));
#5227=DIRECTION('center_axis',(0.,0.,-1.));
#5228=DIRECTION('ref_axis',(-0.707106781186539,-0.707106781186556,0.));
#5229=DIRECTION('center_axis',(-4.79731989375661E-15,1.,0.));
#5230=DIRECTION('ref_axis',(0.707106781186546,3.5327080320385E-15,0.707106781186549));
#5231=DIRECTION('',(4.79731989375661E-15,-1.,0.));
#5232=DIRECTION('',(-4.79731989375661E-15,1.,0.));
#5233=DIRECTION('center_axis',(-0.999999997281786,7.37321375010975E-5,0.));
#5234=DIRECTION('ref_axis',(5.21364944160227E-5,0.70710677926448,0.707106781186548));
#5235=DIRECTION('',(-0.999999997281786,7.37321375010975E-5,0.));
#5236=DIRECTION('center_axis',(0.999999997281786,-7.37321374977281E-5,0.));
#5237=DIRECTION('ref_axis',(7.37321374977281E-5,0.999999997281786,0.));
#5238=DIRECTION('',(0.999999997281786,-7.37321375010975E-5,0.));
#5239=DIRECTION('center_axis',(0.,0.,-1.));
#5240=DIRECTION('ref_axis',(-1.,0.,0.));
#5241=DIRECTION('center_axis',(0.,-1.,0.));
#5242=DIRECTION('ref_axis',(1.,0.,0.));
#5243=DIRECTION('center_axis',(0.,0.,1.));
#5244=DIRECTION('ref_axis',(-0.707132848953252,-0.707080712458809,0.));
#5245=DIRECTION('center_axis',(0.,0.,-1.));
#5246=DIRECTION('ref_axis',(-0.707132848953252,-0.707080712458809,0.));
#5247=DIRECTION('center_axis',(-2.46715217129494E-15,1.,0.));
#5248=DIRECTION('ref_axis',(0.707106781186546,1.76635401601925E-15,0.707106781186549));
#5249=DIRECTION('center_axis',(2.22044604925032E-15,-1.,0.));
#5250=DIRECTION('ref_axis',(1.,2.22044604925032E-15,0.));
#5251=DIRECTION('',(2.46715217129494E-15,-1.,0.));
#5252=DIRECTION('',(-2.46715217129494E-15,1.,0.));
#5253=DIRECTION('center_axis',(0.,0.,-1.));
#5254=DIRECTION('ref_axis',(-1.,0.,0.));
#5255=DIRECTION('center_axis',(-1.,0.,0.));
#5256=DIRECTION('ref_axis',(0.,-1.,0.));
#5257=DIRECTION('center_axis',(0.,0.,1.));
#5258=DIRECTION('ref_axis',(-0.707106781186548,0.707106781186547,0.));
#5259=DIRECTION('center_axis',(0.,0.,-1.));
#5260=DIRECTION('ref_axis',(-0.707106781186548,0.707106781186547,0.));
#5261=DIRECTION('center_axis',(1.,9.62467320806081E-16,0.));
#5262=DIRECTION('ref_axis',(0.,-0.707106781186547,0.707106781186548));
#5263=DIRECTION('',(-1.,-9.62467320806081E-16,0.));
#5264=DIRECTION('',(1.,9.62467320806081E-16,0.));
#5265=DIRECTION('center_axis',(0.,0.,1.));
#5266=DIRECTION('ref_axis',(0.,-1.,0.));
#5267=DIRECTION('',(0.,0.,1.));
#5268=DIRECTION('center_axis',(0.,0.,-1.));
#5269=DIRECTION('ref_axis',(0.,-1.,0.));
#5270=DIRECTION('center_axis',(0.,0.,1.));
#5271=DIRECTION('ref_axis',(0.,-1.,0.));
#5272=DIRECTION('',(0.,0.,1.));
#5273=DIRECTION('center_axis',(-1.,4.35229529494206E-15,0.));
#5274=DIRECTION('ref_axis',(-4.35229529494206E-15,-1.,0.));
#5275=DIRECTION('',(0.,0.,1.));
#5276=DIRECTION('',(-4.35229529494206E-15,-1.,0.));
#5277=DIRECTION('center_axis',(0.,0.,1.));
#5278=DIRECTION('ref_axis',(0.,1.,0.));
#5279=DIRECTION('',(0.,0.,1.));
#5280=DIRECTION('center_axis',(0.,0.,1.));
#5281=DIRECTION('ref_axis',(0.,1.,0.));
#5282=DIRECTION('center_axis',(-2.18137556332804E-15,1.,0.));
#5283=DIRECTION('ref_axis',(-1.,-2.18137556332804E-15,0.));
#5284=DIRECTION('',(0.,0.,1.));
#5285=DIRECTION('',(1.,2.18137556332804E-15,0.));
#5286=DIRECTION('',(-1.,-2.18137556332804E-15,0.));
#5287=DIRECTION('center_axis',(0.,0.,1.));
#5288=DIRECTION('ref_axis',(0.,-1.,0.));
#5289=DIRECTION('',(0.,0.,1.));
#5290=DIRECTION('center_axis',(0.,0.,1.));
#5291=DIRECTION('ref_axis',(0.,-1.,0.));
#5292=DIRECTION('center_axis',(-1.,0.,0.));
#5293=DIRECTION('ref_axis',(0.,-1.,0.));
#5294=DIRECTION('',(0.,0.,1.));
#5295=DIRECTION('',(0.,1.,0.));
#5296=DIRECTION('center_axis',(0.,0.,1.));
#5297=DIRECTION('ref_axis',(1.,0.,0.));
#5298=DIRECTION('',(0.,0.,1.));
#5299=DIRECTION('center_axis',(0.,0.,1.));
#5300=DIRECTION('ref_axis',(1.,0.,0.));
#5301=DIRECTION('center_axis',(0.,-1.,0.));
#5302=DIRECTION('ref_axis',(1.,0.,0.));
#5303=DIRECTION('',(0.,0.,1.));
#5304=DIRECTION('',(1.,0.,0.));
#5305=DIRECTION('',(-1.,0.,0.));
#5306=DIRECTION('center_axis',(0.,0.,1.));
#5307=DIRECTION('ref_axis',(-1.,2.77555756156289E-15,0.));
#5308=DIRECTION('',(0.,0.,1.));
#5309=DIRECTION('center_axis',(0.,0.,1.));
#5310=DIRECTION('ref_axis',(-1.,2.77555756156289E-15,0.));
#5311=DIRECTION('center_axis',(-1.,9.11685799743348E-15,0.));
#5312=DIRECTION('ref_axis',(-9.11685799743348E-15,-1.,0.));
#5313=DIRECTION('',(0.,0.,1.));
#5314=DIRECTION('',(-9.11685799743348E-15,-1.,0.));
#5315=DIRECTION('center_axis',(0.,0.,1.));
#5316=DIRECTION('ref_axis',(1.,5.55111512312541E-15,0.));
#5317=DIRECTION('',(0.,0.,1.));
#5318=DIRECTION('center_axis',(0.,0.,1.));
#5319=DIRECTION('ref_axis',(1.,5.55111512312541E-15,0.));
#5320=DIRECTION('center_axis',(0.,0.,-1.));
#5321=DIRECTION('ref_axis',(1.,5.55111512312541E-15,0.));
#5322=DIRECTION('center_axis',(0.,-1.,0.));
#5323=DIRECTION('ref_axis',(1.,0.,0.));
#5324=DIRECTION('',(0.,0.,1.));
#5325=DIRECTION('',(-1.,0.,0.));
#5326=DIRECTION('',(1.,0.,0.));
#5327=DIRECTION('',(-1.,0.,0.));
#5328=DIRECTION('center_axis',(0.,0.,1.));
#5329=DIRECTION('ref_axis',(1.,0.,0.));
#5330=DIRECTION('center_axis',(0.,0.,1.));
#5331=DIRECTION('ref_axis',(1.,0.,0.));
#5332=DIRECTION('center_axis',(-0.000640682547875435,0.999999794762915,
0.));
#5333=DIRECTION('ref_axis',(-0.70710663606201,-0.000453030974190661,-0.707106781186551));
#5334=DIRECTION('',(0.000640682547875435,-0.999999794762915,0.));
#5335=DIRECTION('',(-0.000640682547875435,0.999999794762915,0.));
#5336=DIRECTION('center_axis',(0.,0.,1.));
#5337=DIRECTION('ref_axis',(1.,0.,0.));
#5338=DIRECTION('center_axis',(0.,0.,-1.));
#5339=DIRECTION('ref_axis',(0.000640682547881254,-0.999999794762915,0.));
#5340=DIRECTION('center_axis',(0.,0.,1.));
#5341=DIRECTION('ref_axis',(0.000640682547881255,-0.999999794762915,0.));
#5342=DIRECTION('center_axis',(0.000640682547877618,-0.999999794762915,
0.));
#5343=DIRECTION('ref_axis',(0.70710663606201,0.000453030974192231,-0.707106781186551));
#5344=DIRECTION('',(-0.000640682547877618,0.999999794762915,0.));
#5345=DIRECTION('',(0.000640682547877618,-0.999999794762915,0.));
#5346=DIRECTION('center_axis',(0.,0.,1.));
#5347=DIRECTION('ref_axis',(1.,0.,0.));
#5348=DIRECTION('center_axis',(0.,0.,1.));
#5349=DIRECTION('ref_axis',(-0.000640682547877799,0.999999794762915,0.));
#5350=DIRECTION('center_axis',(0.,0.,-1.));
#5351=DIRECTION('ref_axis',(-0.000640682547877798,0.999999794762915,0.));
#5352=DIRECTION('center_axis',(0.,0.,-1.));
#5353=DIRECTION('ref_axis',(0.610515535342257,0.79200428098954,0.));
#5354=DIRECTION('',(0.,0.,-1.));
#5355=DIRECTION('center_axis',(0.,0.,-1.));
#5356=DIRECTION('ref_axis',(0.610515535342257,0.79200428098954,0.));
#5357=DIRECTION('center_axis',(0.,0.,-1.));
#5358=DIRECTION('ref_axis',(0.610515535342257,0.79200428098954,0.));
#5359=DIRECTION('center_axis',(0.,0.,-1.));
#5360=DIRECTION('ref_axis',(0.610515535342257,0.79200428098954,0.));
#5361=DIRECTION('center_axis',(0.,0.,-1.));
#5362=DIRECTION('ref_axis',(0.610515535342257,0.79200428098954,0.));
#5363=DIRECTION('center_axis',(0.,0.,-1.));
#5364=DIRECTION('ref_axis',(0.610515535342257,0.79200428098954,0.));
#5365=DIRECTION('',(0.,0.,-1.));
#5366=DIRECTION('center_axis',(-0.999999794762915,-0.000640682547875435,
0.));
#5367=DIRECTION('ref_axis',(-0.000640682547875435,0.999999794762915,0.));
#5368=DIRECTION('',(0.,0.,-1.));
#5369=DIRECTION('',(0.000640682547875435,-0.999999794762915,0.));
#5370=DIRECTION('',(0.000640682547875435,-0.999999794762915,0.));
#5371=DIRECTION('',(0.000640682547875435,-0.999999794762915,0.));
#5372=DIRECTION('center_axis',(0.,0.,1.));
#5373=DIRECTION('ref_axis',(1.,0.,0.));
#5374=DIRECTION('center_axis',(0.,0.,-1.));
#5375=DIRECTION('ref_axis',(1.,0.,0.));
#5376=DIRECTION('center_axis',(0.,0.,1.));
#5377=DIRECTION('ref_axis',(1.,0.,0.));
#5378=DIRECTION('center_axis',(0.,0.,-1.));
#5379=DIRECTION('ref_axis',(-0.610515535342253,-0.792004280989542,0.));
#5380=DIRECTION('',(-0.000640682547877618,0.999999794762915,0.));
#5381=DIRECTION('',(-0.999999997281786,7.37321375010975E-5,0.));
#5382=DIRECTION('center_axis',(0.,0.,1.));
#5383=DIRECTION('ref_axis',(1.,-2.84494650060202E-14,0.));
#5384=DIRECTION('',(-4.79731989375661E-15,1.,0.));
#5385=DIRECTION('center_axis',(0.,0.,-1.));
#5386=DIRECTION('ref_axis',(-1.,-5.55111512312615E-15,0.));
#5387=DIRECTION('center_axis',(0.,0.,1.));
#5388=DIRECTION('ref_axis',(1.,0.,0.));
#5389=DIRECTION('',(-0.000640682547877618,0.999999794762915,0.));
#5390=DIRECTION('center_axis',(0.,0.,-1.));
#5391=DIRECTION('ref_axis',(0.,1.,0.));
#5392=DIRECTION('',(4.55842899871673E-15,1.,0.));
#5393=DIRECTION('center_axis',(0.,0.,1.));
#5394=DIRECTION('ref_axis',(0.,-1.,0.));
#5395=DIRECTION('',(1.,9.62467320806081E-16,0.));
#5396=DIRECTION('center_axis',(0.,0.,1.));
#5397=DIRECTION('ref_axis',(1.,0.,0.));
#5398=DIRECTION('center_axis',(0.,0.,1.));
#5399=DIRECTION('ref_axis',(1.,0.,0.));
#5400=DIRECTION('center_axis',(0.,0.,1.));
#5401=DIRECTION('ref_axis',(1.,0.,0.));
#5402=DIRECTION('center_axis',(0.,0.,-1.));
#5403=DIRECTION('ref_axis',(-0.610515535342253,-0.792004280989542,0.));
#5404=DIRECTION('center_axis',(0.,0.,1.));
#5405=DIRECTION('ref_axis',(1.,0.,0.));
#5406=DIRECTION('center_axis',(0.,0.,-1.));
#5407=DIRECTION('ref_axis',(-0.610515535342253,-0.792004280989542,0.));
#5408=DIRECTION('',(-1.,0.,0.));
#5409=DIRECTION('center_axis',(0.,0.,1.));
#5410=DIRECTION('ref_axis',(0.,1.,0.));
#5411=DIRECTION('',(0.,0.,1.));
#5412=DIRECTION('center_axis',(0.,0.,1.));
#5413=DIRECTION('ref_axis',(0.,1.,0.));
#5414=DIRECTION('',(0.,0.,1.));
#5415=DIRECTION('center_axis',(1.,2.46715217129494E-15,0.));
#5416=DIRECTION('ref_axis',(-2.46715217129494E-15,1.,0.));
#5417=DIRECTION('',(0.,0.,1.));
#5418=DIRECTION('',(2.46715217129494E-15,-1.,0.));
#5419=DIRECTION('center_axis',(0.,0.,1.));
#5420=DIRECTION('ref_axis',(-1.,0.,0.));
#5421=DIRECTION('',(0.,0.,1.));
#5422=DIRECTION('center_axis',(0.,0.,1.));
#5423=DIRECTION('ref_axis',(-1.,0.,0.));
#5424=DIRECTION('center_axis',(7.37321375010975E-5,0.999999997281786,0.));
#5425=DIRECTION('ref_axis',(-0.999999997281786,7.37321375010975E-5,0.));
#5426=DIRECTION('',(0.,0.,1.));
#5427=DIRECTION('',(0.999999997281786,-7.37321375010975E-5,0.));
#5428=DIRECTION('center_axis',(0.,0.,1.));
#5429=DIRECTION('ref_axis',(1.,-2.84494650060202E-14,0.));
#5430=DIRECTION('',(0.,0.,1.));
#5431=DIRECTION('center_axis',(1.,4.79731989375661E-15,0.));
#5432=DIRECTION('ref_axis',(-4.79731989375661E-15,1.,0.));
#5433=DIRECTION('',(0.,0.,1.));
#5434=DIRECTION('center_axis',(0.,0.,1.));
#5435=DIRECTION('ref_axis',(-1.,-5.55111512312615E-15,0.));
#5436=DIRECTION('',(0.,0.,1.));
#5437=DIRECTION('center_axis',(0.,0.,1.));
#5438=DIRECTION('ref_axis',(-1.,-5.55111512312615E-15,0.));
#5439=DIRECTION('center_axis',(0.,1.,0.));
#5440=DIRECTION('ref_axis',(-1.,0.,0.));
#5441=DIRECTION('',(1.,0.,0.));
#5442=DIRECTION('',(1.,0.,0.));
#5443=DIRECTION('center_axis',(0.,0.,1.));
#5444=DIRECTION('ref_axis',(0.,1.,0.));
#5445=DIRECTION('',(0.,0.,1.));
#5446=DIRECTION('center_axis',(0.,0.,1.));
#5447=DIRECTION('ref_axis',(0.,1.,0.));
#5448=DIRECTION('center_axis',(1.,-4.55842899871673E-15,0.));
#5449=DIRECTION('ref_axis',(4.55842899871673E-15,1.,0.));
#5450=DIRECTION('',(0.,0.,1.));
#5451=DIRECTION('center_axis',(0.,0.,1.));
#5452=DIRECTION('ref_axis',(0.,-1.,0.));
#5453=DIRECTION('',(0.,0.,1.));
#5454=DIRECTION('center_axis',(9.62467320806081E-16,-1.,0.));
#5455=DIRECTION('ref_axis',(1.,9.62467320806081E-16,0.));
#5456=DIRECTION('',(-1.,-9.62467320806081E-16,0.));
#5457=DIRECTION('center_axis',(0.,0.,1.));
#5458=DIRECTION('ref_axis',(1.,0.,0.));
#5459=DIRECTION('center_axis',(0.,0.,1.));
#5460=DIRECTION('ref_axis',(1.,0.,0.));
#5461=DIRECTION('center_axis',(0.,0.,1.));
#5462=DIRECTION('ref_axis',(1.,0.,0.));
#5463=DIRECTION('center_axis',(0.,0.,1.));
#5464=DIRECTION('ref_axis',(1.,0.,0.));
#5465=DIRECTION('',(-0.000640682547877618,0.999999794762915,0.));
#5466=DIRECTION('center_axis',(0.,0.,1.));
#5467=DIRECTION('ref_axis',(1.,0.,0.));
#5468=DIRECTION('center_axis',(0.,0.,-1.));
#5469=DIRECTION('ref_axis',(-0.610515535342253,-0.792004280989542,0.));
#5470=DIRECTION('center_axis',(0.,0.,1.));
#5471=DIRECTION('ref_axis',(1.,0.,0.));
#5472=DIRECTION('center_axis',(0.,0.,-1.));
#5473=DIRECTION('ref_axis',(-0.610515535342253,-0.792004280989542,0.));
#5474=DIRECTION('center_axis',(0.,0.,-1.));
#5475=DIRECTION('ref_axis',(-0.610515535342253,-0.792004280989542,0.));
#5476=DIRECTION('',(0.,0.,-1.));
#5477=DIRECTION('center_axis',(0.999999794762915,0.000640682547877618,0.));
#5478=DIRECTION('ref_axis',(0.000640682547877618,-0.999999794762915,0.));
#5479=DIRECTION('center_axis',(0.,0.,-1.));
#5480=DIRECTION('ref_axis',(1.,0.,0.));
#5481=DIRECTION('',(0.,0.,1.));
#5482=CARTESIAN_POINT('',(0.,0.,0.));
#5483=CARTESIAN_POINT('Ctrl Pts',(0.9,-1.95,10.5));
#5484=CARTESIAN_POINT('Ctrl Pts',(0.9,-1.95,10.6121997376282));
#5485=CARTESIAN_POINT('Ctrl Pts',(0.808843902747583,-1.93176878054952,10.8746387155271));
#5486=CARTESIAN_POINT('Ctrl Pts',(0.549599650170943,-1.87991993003419,11.));
#5487=CARTESIAN_POINT('Ctrl Pts',(0.4,-1.85,11.));
#5488=CARTESIAN_POINT('Ctrl Pts',(0.9,-2.05471975511966,10.5));
#5489=CARTESIAN_POINT('Ctrl Pts',(0.9,-2.05471975511966,10.6359309300405));
#5490=CARTESIAN_POINT('Ctrl Pts',(0.762644037184751,-1.98941788499734,10.9233040547585));
#5491=CARTESIAN_POINT('Ctrl Pts',(0.52965303014815,-1.89986655005698,11.));
#5492=CARTESIAN_POINT('Ctrl Pts',(0.4,-1.85,11.));
#5493=CARTESIAN_POINT('Ctrl Pts',(0.81340201605114,-2.26340201605114,10.5));
#5494=CARTESIAN_POINT('Ctrl Pts',(0.81340201605114,-2.26340201605114,10.6628685399501));
#5495=CARTESIAN_POINT('Ctrl Pts',(0.65524651211353,-2.10524651211353,10.974969639984));
#5496=CARTESIAN_POINT('Ctrl Pts',(0.489759790102566,-1.93975979010257,11.));
#5497=CARTESIAN_POINT('Ctrl Pts',(0.4,-1.85,11.));
#5498=CARTESIAN_POINT('Ctrl Pts',(0.60471975511966,-2.35,10.5));
#5499=CARTESIAN_POINT('Ctrl Pts',(0.60471975511966,-2.35,10.6359309300405));
#5500=CARTESIAN_POINT('Ctrl Pts',(0.539417884997342,-2.21264403718475,10.9233040547586));
#5501=CARTESIAN_POINT('Ctrl Pts',(0.44986655005698,-1.97965303014815,11.));
#5502=CARTESIAN_POINT('Ctrl Pts',(0.4,-1.85,11.));
#5503=CARTESIAN_POINT('Ctrl Pts',(0.5,-2.35,10.5));
#5504=CARTESIAN_POINT('Ctrl Pts',(0.5,-2.35,10.6121997376282));
#5505=CARTESIAN_POINT('Ctrl Pts',(0.481768780549518,-2.25884390274758,10.8746387155271));
#5506=CARTESIAN_POINT('Ctrl Pts',(0.429919930034188,-1.99959965017094,11.));
#5507=CARTESIAN_POINT('Ctrl Pts',(0.4,-1.85,11.));
#5508=CARTESIAN_POINT('',(0.9,-1.95,10.5));
#5509=CARTESIAN_POINT('',(0.4,-1.85,11.));
#5510=CARTESIAN_POINT('Origin',(0.4,-1.85,10.5));
#5511=CARTESIAN_POINT('',(0.5,-2.35,10.5));
#5512=CARTESIAN_POINT('Origin',(0.4,-1.85,10.5));
#5513=CARTESIAN_POINT('Origin',(0.5,-1.95,10.5));
#5514=CARTESIAN_POINT('Ctrl Pts',(-0.5,-2.35,10.5));
#5515=CARTESIAN_POINT('Ctrl Pts',(-0.5,-2.35,10.6121997376282));
#5516=CARTESIAN_POINT('Ctrl Pts',(-0.481768780549517,-2.25884390274758,
10.8746387155271));
#5517=CARTESIAN_POINT('Ctrl Pts',(-0.429919930034188,-1.99959965017094,
11.));
#5518=CARTESIAN_POINT('Ctrl Pts',(-0.4,-1.85,11.));
#5519=CARTESIAN_POINT('Ctrl Pts',(-0.60471975511966,-2.35,10.5));
#5520=CARTESIAN_POINT('Ctrl Pts',(-0.60471975511966,-2.35,10.6359309300405));
#5521=CARTESIAN_POINT('Ctrl Pts',(-0.539417884997341,-2.21264403718475,
10.9233040547585));
#5522=CARTESIAN_POINT('Ctrl Pts',(-0.449866550056981,-1.97965303014815,
11.));
#5523=CARTESIAN_POINT('Ctrl Pts',(-0.4,-1.85,11.));
#5524=CARTESIAN_POINT('Ctrl Pts',(-0.81340201605114,-2.26340201605114,10.5));
#5525=CARTESIAN_POINT('Ctrl Pts',(-0.81340201605114,-2.26340201605114,10.6628685399501));
#5526=CARTESIAN_POINT('Ctrl Pts',(-0.655246512113529,-2.10524651211353,
10.974969639984));
#5527=CARTESIAN_POINT('Ctrl Pts',(-0.489759790102566,-1.93975979010257,
11.));
#5528=CARTESIAN_POINT('Ctrl Pts',(-0.4,-1.85,11.));
#5529=CARTESIAN_POINT('Ctrl Pts',(-0.9,-2.05471975511966,10.5));
#5530=CARTESIAN_POINT('Ctrl Pts',(-0.9,-2.05471975511966,10.6359309300405));
#5531=CARTESIAN_POINT('Ctrl Pts',(-0.76264403718475,-1.98941788499734,10.9233040547585));
#5532=CARTESIAN_POINT('Ctrl Pts',(-0.529653030148151,-1.89986655005698,
11.));
#5533=CARTESIAN_POINT('Ctrl Pts',(-0.4,-1.85,11.));
#5534=CARTESIAN_POINT('Ctrl Pts',(-0.9,-1.95,10.5));
#5535=CARTESIAN_POINT('Ctrl Pts',(-0.9,-1.95,10.6121997376282));
#5536=CARTESIAN_POINT('Ctrl Pts',(-0.808843902747583,-1.93176878054952,
10.8746387155271));
#5537=CARTESIAN_POINT('Ctrl Pts',(-0.549599650170943,-1.87991993003419,
11.));
#5538=CARTESIAN_POINT('Ctrl Pts',(-0.4,-1.85,11.));
#5539=CARTESIAN_POINT('',(-0.5,-2.35,10.5));
#5540=CARTESIAN_POINT('',(-0.4,-1.85,11.));
#5541=CARTESIAN_POINT('Origin',(-0.4,-1.85,10.5));
#5542=CARTESIAN_POINT('',(-0.9,-1.95,10.5));
#5543=CARTESIAN_POINT('Origin',(-0.4,-1.85,10.5));
#5544=CARTESIAN_POINT('Origin',(-0.5,-1.95,10.5));
#5545=CARTESIAN_POINT('Ctrl Pts',(-1.95,-0.899999999999999,10.5));
#5546=CARTESIAN_POINT('Ctrl Pts',(-1.95,-0.899999999999999,10.6121997376282));
#5547=CARTESIAN_POINT('Ctrl Pts',(-1.93176878054952,-0.808843902747582,
10.8746387155271));
#5548=CARTESIAN_POINT('Ctrl Pts',(-1.87991993003419,-0.549599650170942,
11.));
#5549=CARTESIAN_POINT('Ctrl Pts',(-1.85,-0.399999999999999,11.));
#5550=CARTESIAN_POINT('Ctrl Pts',(-2.05471975511966,-0.899999999999999,
10.5));
#5551=CARTESIAN_POINT('Ctrl Pts',(-2.05471975511966,-0.899999999999999,
10.6359309300405));
#5552=CARTESIAN_POINT('Ctrl Pts',(-1.98941788499734,-0.76264403718475,10.9233040547585));
#5553=CARTESIAN_POINT('Ctrl Pts',(-1.89986655005698,-0.529653030148149,
11.));
#5554=CARTESIAN_POINT('Ctrl Pts',(-1.85,-0.399999999999999,11.));
#5555=CARTESIAN_POINT('Ctrl Pts',(-2.26340201605114,-0.81340201605114,10.5));
#5556=CARTESIAN_POINT('Ctrl Pts',(-2.26340201605114,-0.81340201605114,10.6628685399501));
#5557=CARTESIAN_POINT('Ctrl Pts',(-2.10524651211353,-0.65524651211353,10.974969639984));
#5558=CARTESIAN_POINT('Ctrl Pts',(-1.93975979010257,-0.489759790102565,
11.));
#5559=CARTESIAN_POINT('Ctrl Pts',(-1.85,-0.399999999999999,11.));
#5560=CARTESIAN_POINT('Ctrl Pts',(-2.35,-0.604719755119659,10.5));
#5561=CARTESIAN_POINT('Ctrl Pts',(-2.35,-0.604719755119659,10.6359309300405));
#5562=CARTESIAN_POINT('Ctrl Pts',(-2.21264403718475,-0.539417884997341,
10.9233040547585));
#5563=CARTESIAN_POINT('Ctrl Pts',(-1.97965303014815,-0.449866550056979,
11.));
#5564=CARTESIAN_POINT('Ctrl Pts',(-1.85,-0.399999999999999,11.));
#5565=CARTESIAN_POINT('Ctrl Pts',(-2.35,-0.499999999999999,10.5));
#5566=CARTESIAN_POINT('Ctrl Pts',(-2.35,-0.499999999999999,10.6121997376282));
#5567=CARTESIAN_POINT('Ctrl Pts',(-2.25884390274758,-0.481768780549517,
10.8746387155271));
#5568=CARTESIAN_POINT('Ctrl Pts',(-1.99959965017094,-0.429919930034187,
11.));
#5569=CARTESIAN_POINT('Ctrl Pts',(-1.85,-0.399999999999999,11.));
#5570=CARTESIAN_POINT('',(-1.95,-0.899999999999999,10.5));
#5571=CARTESIAN_POINT('',(-1.85,-0.399999999999999,11.));
#5572=CARTESIAN_POINT('Origin',(-1.85,-0.399999999999999,10.5));
#5573=CARTESIAN_POINT('',(-2.35,-0.499999999999999,10.5));
#5574=CARTESIAN_POINT('Origin',(-1.85,-0.399999999999999,10.5));
#5575=CARTESIAN_POINT('Origin',(-1.95,-0.499999999999999,10.5));
#5576=CARTESIAN_POINT('Ctrl Pts',(-2.35,0.499999999999999,10.5));
#5577=CARTESIAN_POINT('Ctrl Pts',(-2.35,0.499999999999999,10.6121997376282));
#5578=CARTESIAN_POINT('Ctrl Pts',(-2.25884390274759,0.481768780549516,10.8746387155271));
#5579=CARTESIAN_POINT('Ctrl Pts',(-1.99959965017095,0.429919930034188,11.));
#5580=CARTESIAN_POINT('Ctrl Pts',(-1.85,0.399999999999999,11.));
#5581=CARTESIAN_POINT('Ctrl Pts',(-2.35,0.604719755119659,10.5));
#5582=CARTESIAN_POINT('Ctrl Pts',(-2.35,0.604719755119659,10.6359309300405));
#5583=CARTESIAN_POINT('Ctrl Pts',(-2.21264403718475,0.539417884997341,10.9233040547585));
#5584=CARTESIAN_POINT('Ctrl Pts',(-1.97965303014815,0.44986655005698,11.));
#5585=CARTESIAN_POINT('Ctrl Pts',(-1.85,0.399999999999999,11.));
#5586=CARTESIAN_POINT('Ctrl Pts',(-2.26340201605114,0.813402016051139,10.5));
#5587=CARTESIAN_POINT('Ctrl Pts',(-2.26340201605114,0.813402016051139,10.6628685399501));
#5588=CARTESIAN_POINT('Ctrl Pts',(-2.10524651211353,0.655246512113529,10.974969639984));
#5589=CARTESIAN_POINT('Ctrl Pts',(-1.93975979010257,0.489759790102566,11.));
#5590=CARTESIAN_POINT('Ctrl Pts',(-1.85,0.399999999999999,11.));
#5591=CARTESIAN_POINT('Ctrl Pts',(-2.05471975511966,0.899999999999999,10.5));
#5592=CARTESIAN_POINT('Ctrl Pts',(-2.05471975511966,0.899999999999999,10.6359309300405));
#5593=CARTESIAN_POINT('Ctrl Pts',(-1.98941788499734,0.76264403718475,10.9233040547585));
#5594=CARTESIAN_POINT('Ctrl Pts',(-1.89986655005698,0.529653030148151,11.));
#5595=CARTESIAN_POINT('Ctrl Pts',(-1.85,0.399999999999999,11.));
#5596=CARTESIAN_POINT('Ctrl Pts',(-1.95,0.899999999999999,10.5));
#5597=CARTESIAN_POINT('Ctrl Pts',(-1.95,0.899999999999999,10.6121997376282));
#5598=CARTESIAN_POINT('Ctrl Pts',(-1.93176878054952,0.808843902747583,10.8746387155271));
#5599=CARTESIAN_POINT('Ctrl Pts',(-1.87991993003419,0.549599650170943,11.));
#5600=CARTESIAN_POINT('Ctrl Pts',(-1.85,0.4,11.));
#5601=CARTESIAN_POINT('',(-2.35,0.499999999999999,10.5));
#5602=CARTESIAN_POINT('',(-1.85,0.399999999999999,11.));
#5603=CARTESIAN_POINT('Origin',(-1.85,0.399999999999999,10.5));
#5604=CARTESIAN_POINT('',(-1.95,0.899999999999999,10.5));
#5605=CARTESIAN_POINT('Origin',(-1.85,0.399999999999999,10.5));
#5606=CARTESIAN_POINT('Origin',(-1.95,0.499999999999999,10.5));
#5607=CARTESIAN_POINT('Ctrl Pts',(1.95,0.9,10.5));
#5608=CARTESIAN_POINT('Ctrl Pts',(1.95,0.9,10.6121997376282));
#5609=CARTESIAN_POINT('Ctrl Pts',(1.93176878054952,0.808843902747583,10.8746387155271));
#5610=CARTESIAN_POINT('Ctrl Pts',(1.87991993003419,0.549599650170943,11.));
#5611=CARTESIAN_POINT('Ctrl Pts',(1.85,0.4,11.));
#5612=CARTESIAN_POINT('Ctrl Pts',(2.05471975511966,0.9,10.5));
#5613=CARTESIAN_POINT('Ctrl Pts',(2.05471975511966,0.9,10.6359309300405));
#5614=CARTESIAN_POINT('Ctrl Pts',(1.98941788499734,0.762644037184751,10.9233040547585));
#5615=CARTESIAN_POINT('Ctrl Pts',(1.89986655005698,0.52965303014815,11.));
#5616=CARTESIAN_POINT('Ctrl Pts',(1.85,0.4,11.));
#5617=CARTESIAN_POINT('Ctrl Pts',(2.26340201605114,0.81340201605114,10.5));
#5618=CARTESIAN_POINT('Ctrl Pts',(2.26340201605114,0.81340201605114,10.6628685399501));
#5619=CARTESIAN_POINT('Ctrl Pts',(2.10524651211353,0.65524651211353,10.974969639984));
#5620=CARTESIAN_POINT('Ctrl Pts',(1.93975979010257,0.489759790102565,11.));
#5621=CARTESIAN_POINT('Ctrl Pts',(1.85,0.4,11.));
#5622=CARTESIAN_POINT('Ctrl Pts',(2.35,0.60471975511966,10.5));
#5623=CARTESIAN_POINT('Ctrl Pts',(2.35,0.60471975511966,10.6359309300405));
#5624=CARTESIAN_POINT('Ctrl Pts',(2.21264403718475,0.539417884997342,10.9233040547585));
#5625=CARTESIAN_POINT('Ctrl Pts',(1.97965303014815,0.44986655005698,11.));
#5626=CARTESIAN_POINT('Ctrl Pts',(1.85,0.4,11.));
#5627=CARTESIAN_POINT('Ctrl Pts',(2.35,0.5,10.5));
#5628=CARTESIAN_POINT('Ctrl Pts',(2.35,0.5,10.6121997376282));
#5629=CARTESIAN_POINT('Ctrl Pts',(2.25884390274758,0.481768780549518,10.8746387155271));
#5630=CARTESIAN_POINT('Ctrl Pts',(1.99959965017094,0.429919930034188,11.));
#5631=CARTESIAN_POINT('Ctrl Pts',(1.85,0.4,11.));
#5632=CARTESIAN_POINT('',(1.95,0.9,10.5));
#5633=CARTESIAN_POINT('',(1.85,0.4,11.));
#5634=CARTESIAN_POINT('Origin',(1.85,0.4,10.5));
#5635=CARTESIAN_POINT('',(2.35,0.5,10.5));
#5636=CARTESIAN_POINT('Origin',(1.85,0.4,10.5));
#5637=CARTESIAN_POINT('Origin',(1.95,0.5,10.5));
#5638=CARTESIAN_POINT('Ctrl Pts',(2.35,-0.5,10.5));
#5639=CARTESIAN_POINT('Ctrl Pts',(2.35,-0.5,10.6121997376282));
#5640=CARTESIAN_POINT('Ctrl Pts',(2.25884390274758,-0.481768780549517,10.8746387155271));
#5641=CARTESIAN_POINT('Ctrl Pts',(1.99959965017094,-0.429919930034188,11.));
#5642=CARTESIAN_POINT('Ctrl Pts',(1.85,-0.4,11.));
#5643=CARTESIAN_POINT('Ctrl Pts',(2.35,-0.60471975511966,10.5));
#5644=CARTESIAN_POINT('Ctrl Pts',(2.35,-0.60471975511966,10.6359309300405));
#5645=CARTESIAN_POINT('Ctrl Pts',(2.21264403718475,-0.539417884997341,10.9233040547585));
#5646=CARTESIAN_POINT('Ctrl Pts',(1.97965303014815,-0.449866550056981,11.));
#5647=CARTESIAN_POINT('Ctrl Pts',(1.85,-0.4,11.));
#5648=CARTESIAN_POINT('Ctrl Pts',(2.26340201605114,-0.81340201605114,10.5));
#5649=CARTESIAN_POINT('Ctrl Pts',(2.26340201605114,-0.81340201605114,10.6628685399501));
#5650=CARTESIAN_POINT('Ctrl Pts',(2.10524651211353,-0.65524651211353,10.974969639984));
#5651=CARTESIAN_POINT('Ctrl Pts',(1.93975979010257,-0.489759790102566,11.));
#5652=CARTESIAN_POINT('Ctrl Pts',(1.85,-0.4,11.));
#5653=CARTESIAN_POINT('Ctrl Pts',(2.05471975511966,-0.9,10.5));
#5654=CARTESIAN_POINT('Ctrl Pts',(2.05471975511966,-0.9,10.6359309300405));
#5655=CARTESIAN_POINT('Ctrl Pts',(1.98941788499734,-0.762644037184751,10.9233040547585));
#5656=CARTESIAN_POINT('Ctrl Pts',(1.89986655005698,-0.529653030148151,11.));
#5657=CARTESIAN_POINT('Ctrl Pts',(1.85,-0.4,11.));
#5658=CARTESIAN_POINT('Ctrl Pts',(1.95,-0.9,10.5));
#5659=CARTESIAN_POINT('Ctrl Pts',(1.95,-0.9,10.6121997376282));
#5660=CARTESIAN_POINT('Ctrl Pts',(1.93176878054952,-0.808843902747583,10.8746387155271));
#5661=CARTESIAN_POINT('Ctrl Pts',(1.87991993003419,-0.549599650170943,11.));
#5662=CARTESIAN_POINT('Ctrl Pts',(1.85,-0.4,11.));
#5663=CARTESIAN_POINT('',(2.35,-0.5,10.5));
#5664=CARTESIAN_POINT('',(1.85,-0.4,11.));
#5665=CARTESIAN_POINT('Origin',(1.85,-0.4,10.5));
#5666=CARTESIAN_POINT('',(1.95,-0.9,10.5));
#5667=CARTESIAN_POINT('Origin',(1.85,-0.4,10.5));
#5668=CARTESIAN_POINT('Origin',(1.95,-0.5,10.5));
#5669=CARTESIAN_POINT('Origin',(1.,-1.,10.5));
#5670=CARTESIAN_POINT('',(1.,-0.9,10.5));
#5671=CARTESIAN_POINT('',(0.9,-1.,10.5));
#5672=CARTESIAN_POINT('Origin',(1.,-1.,10.5));
#5673=CARTESIAN_POINT('',(1.,-0.4,11.));
#5674=CARTESIAN_POINT('Origin',(1.,-0.4,10.5));
#5675=CARTESIAN_POINT('',(0.4,-1.,11.));
#5676=CARTESIAN_POINT('Origin',(1.,-1.,11.));
#5677=CARTESIAN_POINT('Origin',(0.4,-1.,10.5));
#5678=CARTESIAN_POINT('Origin',(0.5,-0.4,10.5));
#5679=CARTESIAN_POINT('',(0.5,-0.4,11.));
#5680=CARTESIAN_POINT('',(0.5,-0.9,10.5));
#5681=CARTESIAN_POINT('Origin',(0.4,-1.225,10.5));
#5682=CARTESIAN_POINT('',(0.9,-1.225,10.5));
#5683=CARTESIAN_POINT('',(0.4,-1.225,11.));
#5684=CARTESIAN_POINT('Origin',(1.,-1.,1.));
#5685=CARTESIAN_POINT('',(0.9,-1.,2.9));
#5686=CARTESIAN_POINT('',(1.,-0.9,2.9));
#5687=CARTESIAN_POINT('Origin',(1.,-1.,2.9));
#5688=CARTESIAN_POINT('',(1.,-0.9,1.));
#5689=CARTESIAN_POINT('',(0.9,-1.,1.));
#5690=CARTESIAN_POINT('Ctrl Pts',(1.,-0.9,2.9));
#5691=CARTESIAN_POINT('Ctrl Pts',(1.,-0.9,2.6307206296923));
#5692=CARTESIAN_POINT('Ctrl Pts',(1.20045441779835,-1.12551122002314,2.16391408423649));
#5693=CARTESIAN_POINT('Ctrl Pts',(1.62048041979487,-1.59804047226923,2.));
#5694=CARTESIAN_POINT('Ctrl Pts',(1.8,-1.8,2.));
#5695=CARTESIAN_POINT('Ctrl Pts',(0.970080069965812,-0.9,2.9));
#5696=CARTESIAN_POINT('Ctrl Pts',(0.970080069965812,-0.9,2.62163420099231));
#5697=CARTESIAN_POINT('Ctrl Pts',(1.18676844799515,-1.14009587764536,2.15292372882412));
#5698=CARTESIAN_POINT('Ctrl Pts',(1.6162061440757,-1.6023147479884,2.));
#5699=CARTESIAN_POINT('Ctrl Pts',(1.8,-1.8,2.));
#5700=CARTESIAN_POINT('Ctrl Pts',(0.918231497584259,-0.92507248869997,2.9));
#5701=CARTESIAN_POINT('Ctrl Pts',(0.918231497584259,-0.92507248869997,2.61382780116827));
#5702=CARTESIAN_POINT('Ctrl Pts',(1.16259137405504,-1.1662215666397,2.14426131871329));
#5703=CARTESIAN_POINT('Ctrl Pts',(1.60872616156715,-1.60979473049694,2.));
#5704=CARTESIAN_POINT('Ctrl Pts',(1.8,-1.8,2.));
#5705=CARTESIAN_POINT('Ctrl Pts',(0.9,-0.977560052474358,2.9));
#5706=CARTESIAN_POINT('Ctrl Pts',(0.9,-0.977560052474358,2.62399602981914));
#5707=CARTESIAN_POINT('Ctrl Pts',(1.13643183885703,-1.19017372486756,2.15562650939539));
#5708=CARTESIAN_POINT('Ctrl Pts',(1.60124617905861,-1.61727471300549,2.));
#5709=CARTESIAN_POINT('Ctrl Pts',(1.8,-1.8,2.));
#5710=CARTESIAN_POINT('Ctrl Pts',(0.9,-1.,2.9));
#5711=CARTESIAN_POINT('Ctrl Pts',(0.9,-1.,2.6307206296923));
#5712=CARTESIAN_POINT('Ctrl Pts',(1.12551122002314,-1.20045441779835,2.16391408423649));
#5713=CARTESIAN_POINT('Ctrl Pts',(1.59804047226923,-1.62048041979487,2.));
#5714=CARTESIAN_POINT('Ctrl Pts',(1.8,-1.8,2.));
#5715=CARTESIAN_POINT('',(1.8,-1.8,2.));
#5716=CARTESIAN_POINT('Origin',(1.8,-1.8,2.9));
#5717=CARTESIAN_POINT('Origin',(1.8,-1.8,2.9));
#5718=CARTESIAN_POINT('Origin',(1.85,-0.5,10.5));
#5719=CARTESIAN_POINT('',(1.85,-0.5,11.));
#5720=CARTESIAN_POINT('',(2.35,-0.5,10.5));
#5721=CARTESIAN_POINT('Ctrl Pts',(-0.9,1.95,10.5));
#5722=CARTESIAN_POINT('Ctrl Pts',(-0.9,1.95,10.6121997376282));
#5723=CARTESIAN_POINT('Ctrl Pts',(-0.808843902747584,1.93176878054952,10.8746387155271));
#5724=CARTESIAN_POINT('Ctrl Pts',(-0.549599650170944,1.87991993003419,11.));
#5725=CARTESIAN_POINT('Ctrl Pts',(-0.400000000000001,1.85,11.));
#5726=CARTESIAN_POINT('Ctrl Pts',(-0.9,2.05471975511966,10.5));
#5727=CARTESIAN_POINT('Ctrl Pts',(-0.9,2.05471975511966,10.6359309300405));
#5728=CARTESIAN_POINT('Ctrl Pts',(-0.762644037184751,1.98941788499734,10.9233040547586));
#5729=CARTESIAN_POINT('Ctrl Pts',(-0.529653030148151,1.89986655005698,11.));
#5730=CARTESIAN_POINT('Ctrl Pts',(-0.400000000000001,1.85,11.));
#5731=CARTESIAN_POINT('Ctrl Pts',(-0.81340201605114,2.26340201605114,10.5));
#5732=CARTESIAN_POINT('Ctrl Pts',(-0.81340201605114,2.26340201605114,10.6628685399501));
#5733=CARTESIAN_POINT('Ctrl Pts',(-0.65524651211353,2.10524651211353,10.974969639984));
#5734=CARTESIAN_POINT('Ctrl Pts',(-0.489759790102566,1.93975979010257,11.));
#5735=CARTESIAN_POINT('Ctrl Pts',(-0.400000000000001,1.85,11.));
#5736=CARTESIAN_POINT('Ctrl Pts',(-0.60471975511966,2.35,10.5));
#5737=CARTESIAN_POINT('Ctrl Pts',(-0.60471975511966,2.35,10.6359309300405));
#5738=CARTESIAN_POINT('Ctrl Pts',(-0.539417884997341,2.21264403718475,10.9233040547586));
#5739=CARTESIAN_POINT('Ctrl Pts',(-0.449866550056981,1.97965303014815,11.));
#5740=CARTESIAN_POINT('Ctrl Pts',(-0.400000000000001,1.85,11.));
#5741=CARTESIAN_POINT('Ctrl Pts',(-0.5,2.35,10.5));
#5742=CARTESIAN_POINT('Ctrl Pts',(-0.5,2.35,10.6121997376282));
#5743=CARTESIAN_POINT('Ctrl Pts',(-0.481768780549517,2.25884390274758,10.8746387155271));
#5744=CARTESIAN_POINT('Ctrl Pts',(-0.429919930034189,1.99959965017094,11.));
#5745=CARTESIAN_POINT('Ctrl Pts',(-0.400000000000001,1.85,11.));
#5746=CARTESIAN_POINT('',(-0.9,1.95,10.5));
#5747=CARTESIAN_POINT('',(-0.4,1.85,11.));
#5748=CARTESIAN_POINT('Origin',(-0.4,1.85,10.5));
#5749=CARTESIAN_POINT('',(-0.5,2.35,10.5));
#5750=CARTESIAN_POINT('Origin',(-0.4,1.85,10.5));
#5751=CARTESIAN_POINT('Origin',(-0.5,1.95,10.5));
#5752=CARTESIAN_POINT('Ctrl Pts',(0.5,2.35,10.5));
#5753=CARTESIAN_POINT('Ctrl Pts',(0.5,2.35,10.6121997376282));
#5754=CARTESIAN_POINT('Ctrl Pts',(0.481768780549517,2.25884390274759,10.8746387155271));
#5755=CARTESIAN_POINT('Ctrl Pts',(0.429919930034188,1.99959965017094,11.));
#5756=CARTESIAN_POINT('Ctrl Pts',(0.4,1.85,11.));
#5757=CARTESIAN_POINT('Ctrl Pts',(0.60471975511966,2.35,10.5));
#5758=CARTESIAN_POINT('Ctrl Pts',(0.60471975511966,2.35,10.6359309300405));
#5759=CARTESIAN_POINT('Ctrl Pts',(0.539417884997342,2.21264403718475,10.9233040547585));
#5760=CARTESIAN_POINT('Ctrl Pts',(0.449866550056981,1.97965303014815,11.));
#5761=CARTESIAN_POINT('Ctrl Pts',(0.4,1.85,11.));
#5762=CARTESIAN_POINT('Ctrl Pts',(0.81340201605114,2.26340201605114,10.5));
#5763=CARTESIAN_POINT('Ctrl Pts',(0.81340201605114,2.26340201605114,10.6628685399501));
#5764=CARTESIAN_POINT('Ctrl Pts',(0.655246512113531,2.10524651211353,10.974969639984));
#5765=CARTESIAN_POINT('Ctrl Pts',(0.489759790102566,1.93975979010257,11.));
#5766=CARTESIAN_POINT('Ctrl Pts',(0.4,1.85,11.));
#5767=CARTESIAN_POINT('Ctrl Pts',(0.899999999999999,2.05471975511966,10.5));
#5768=CARTESIAN_POINT('Ctrl Pts',(0.899999999999999,2.05471975511966,10.6359309300405));
#5769=CARTESIAN_POINT('Ctrl Pts',(0.762644037184752,1.98941788499734,10.9233040547585));
#5770=CARTESIAN_POINT('Ctrl Pts',(0.529653030148152,1.89986655005698,11.));
#5771=CARTESIAN_POINT('Ctrl Pts',(0.4,1.85,11.));
#5772=CARTESIAN_POINT('Ctrl Pts',(0.899999999999999,1.95,10.5));
#5773=CARTESIAN_POINT('Ctrl Pts',(0.899999999999999,1.95,10.6121997376282));
#5774=CARTESIAN_POINT('Ctrl Pts',(0.808843902747584,1.93176878054952,10.8746387155271));
#5775=CARTESIAN_POINT('Ctrl Pts',(0.549599650170944,1.87991993003419,11.));
#5776=CARTESIAN_POINT('Ctrl Pts',(0.4,1.85,11.));
#5777=CARTESIAN_POINT('',(0.5,2.35,10.5));
#5778=CARTESIAN_POINT('',(0.4,1.85,11.));
#5779=CARTESIAN_POINT('Origin',(0.4,1.85,10.5));
#5780=CARTESIAN_POINT('',(0.9,1.95,10.5));
#5781=CARTESIAN_POINT('Origin',(0.4,1.85,10.5));
#5782=CARTESIAN_POINT('Origin',(0.5,1.95,10.5));
#5783=CARTESIAN_POINT('Origin',(1.,1.,10.5));
#5784=CARTESIAN_POINT('',(0.4,1.,11.));
#5785=CARTESIAN_POINT('',(1.,0.4,11.));
#5786=CARTESIAN_POINT('Origin',(1.,1.,11.));
#5787=CARTESIAN_POINT('',(1.,0.9,10.5));
#5788=CARTESIAN_POINT('Origin',(1.,0.4,10.5));
#5789=CARTESIAN_POINT('',(0.9,1.,10.5));
#5790=CARTESIAN_POINT('Origin',(1.,1.,10.5));
#5791=CARTESIAN_POINT('Origin',(0.4,1.,10.5));
#5792=CARTESIAN_POINT('Origin',(1.225,0.4,10.5));
#5793=CARTESIAN_POINT('',(1.225,0.9,10.5));
#5794=CARTESIAN_POINT('',(1.225,0.4,11.));
#5795=CARTESIAN_POINT('Ctrl Pts',(1.8,1.8,2.));
#5796=CARTESIAN_POINT('Ctrl Pts',(1.62048041979487,1.59804047226923,2.));
#5797=CARTESIAN_POINT('Ctrl Pts',(1.20045441779835,1.12551122002314,2.16391408423649));
#5798=CARTESIAN_POINT('Ctrl Pts',(1.,0.9,2.6307206296923));
#5799=CARTESIAN_POINT('Ctrl Pts',(1.,0.9,2.9));
#5800=CARTESIAN_POINT('Ctrl Pts',(1.8,1.8,2.));
#5801=CARTESIAN_POINT('Ctrl Pts',(1.6162061440757,1.6023147479884,2.));
#5802=CARTESIAN_POINT('Ctrl Pts',(1.18676844799515,1.14009587764536,2.15292372882412));
#5803=CARTESIAN_POINT('Ctrl Pts',(0.970080069965812,0.9,2.62163420099231));
#5804=CARTESIAN_POINT('Ctrl Pts',(0.970080069965812,0.9,2.9));
#5805=CARTESIAN_POINT('Ctrl Pts',(1.8,1.8,2.));
#5806=CARTESIAN_POINT('Ctrl Pts',(1.60872616156715,1.60979473049694,2.));
#5807=CARTESIAN_POINT('Ctrl Pts',(1.16259137405505,1.1662215666397,2.14426131871329));
#5808=CARTESIAN_POINT('Ctrl Pts',(0.918231497584259,0.92507248869997,2.61382780116827));
#5809=CARTESIAN_POINT('Ctrl Pts',(0.918231497584259,0.92507248869997,2.9));
#5810=CARTESIAN_POINT('Ctrl Pts',(1.8,1.8,2.));
#5811=CARTESIAN_POINT('Ctrl Pts',(1.60124617905861,1.61727471300549,2.));
#5812=CARTESIAN_POINT('Ctrl Pts',(1.13643183885703,1.19017372486756,2.1556265093954));
#5813=CARTESIAN_POINT('Ctrl Pts',(0.9,0.977560052474358,2.62399602981914));
#5814=CARTESIAN_POINT('Ctrl Pts',(0.9,0.977560052474358,2.9));
#5815=CARTESIAN_POINT('Ctrl Pts',(1.8,1.8,2.));
#5816=CARTESIAN_POINT('Ctrl Pts',(1.59804047226923,1.62048041979487,2.));
#5817=CARTESIAN_POINT('Ctrl Pts',(1.12551122002314,1.20045441779835,2.16391408423649));
#5818=CARTESIAN_POINT('Ctrl Pts',(0.9,1.,2.6307206296923));
#5819=CARTESIAN_POINT('Ctrl Pts',(0.9,1.,2.9));
#5820=CARTESIAN_POINT('',(0.9,1.,2.9));
#5821=CARTESIAN_POINT('',(1.,0.9,2.9));
#5822=CARTESIAN_POINT('Origin',(1.,1.,2.9));
#5823=CARTESIAN_POINT('',(1.8,1.8,2.));
#5824=CARTESIAN_POINT('Origin',(1.8,1.8,2.9));
#5825=CARTESIAN_POINT('Origin',(1.8,1.8,2.9));
#5826=CARTESIAN_POINT('Origin',(1.,1.,1.));
#5827=CARTESIAN_POINT('',(0.9,1.,1.));
#5828=CARTESIAN_POINT('',(1.,0.9,1.));
#5829=CARTESIAN_POINT('Origin',(0.4,-1.225,10.5));
#5830=CARTESIAN_POINT('',(0.4,-1.225,11.));
#5831=CARTESIAN_POINT('',(0.9,-1.225,10.5));
#5832=CARTESIAN_POINT('Origin',(0.5,1.85,10.5));
#5833=CARTESIAN_POINT('',(0.5,1.85,11.));
#5834=CARTESIAN_POINT('',(0.5,2.35,10.5));
#5835=CARTESIAN_POINT('Origin',(-1.,1.,10.5));
#5836=CARTESIAN_POINT('',(-1.,0.899999999999999,10.5));
#5837=CARTESIAN_POINT('',(-0.9,1.,10.5));
#5838=CARTESIAN_POINT('Origin',(-1.,1.,10.5));
#5839=CARTESIAN_POINT('',(-1.,0.399999999999999,11.));
#5840=CARTESIAN_POINT('Origin',(-1.,0.399999999999999,10.5));
#5841=CARTESIAN_POINT('',(-0.4,1.,11.));
#5842=CARTESIAN_POINT('Origin',(-1.,1.,11.));
#5843=CARTESIAN_POINT('Origin',(-0.4,1.,10.5));
#5844=CARTESIAN_POINT('Origin',(1.225,0.4,10.5));
#5845=CARTESIAN_POINT('',(1.225,0.4,11.));
#5846=CARTESIAN_POINT('',(1.225,0.9,10.5));
#5847=CARTESIAN_POINT('Origin',(-0.4,-0.5,10.5));
#5848=CARTESIAN_POINT('',(-0.9,-0.5,10.5));
#5849=CARTESIAN_POINT('',(-0.4,-0.5,11.));
#5850=CARTESIAN_POINT('Origin',(-1.,1.,1.));
#5851=CARTESIAN_POINT('',(-0.9,1.,2.9));
#5852=CARTESIAN_POINT('',(-1.,0.899999999999999,2.9));
#5853=CARTESIAN_POINT('Origin',(-1.,1.,2.9));
#5854=CARTESIAN_POINT('',(-1.,0.899999999999999,1.));
#5855=CARTESIAN_POINT('',(-0.9,1.,1.));
#5856=CARTESIAN_POINT('Ctrl Pts',(-1.8,1.8,2.));
#5857=CARTESIAN_POINT('Ctrl Pts',(-1.59804047226923,1.62048041979487,2.));
#5858=CARTESIAN_POINT('Ctrl Pts',(-1.12551122002314,1.20045441779835,2.16391408423649));
#5859=CARTESIAN_POINT('Ctrl Pts',(-0.9,1.,2.6307206296923));
#5860=CARTESIAN_POINT('Ctrl Pts',(-0.9,1.,2.9));
#5861=CARTESIAN_POINT('Ctrl Pts',(-1.8,1.8,2.));
#5862=CARTESIAN_POINT('Ctrl Pts',(-1.6023147479884,1.6162061440757,2.));
#5863=CARTESIAN_POINT('Ctrl Pts',(-1.14009587764536,1.18676844799515,2.15292372882412));
#5864=CARTESIAN_POINT('Ctrl Pts',(-0.9,0.970080069965811,2.62163420099231));
#5865=CARTESIAN_POINT('Ctrl Pts',(-0.9,0.970080069965811,2.9));
#5866=CARTESIAN_POINT('Ctrl Pts',(-1.8,1.8,2.));
#5867=CARTESIAN_POINT('Ctrl Pts',(-1.60979473049694,1.60872616156715,2.));
#5868=CARTESIAN_POINT('Ctrl Pts',(-1.1662215666397,1.16259137405504,2.14426131871329));
#5869=CARTESIAN_POINT('Ctrl Pts',(-0.925072488699971,0.918231497584259,
2.61382780116827));
#5870=CARTESIAN_POINT('Ctrl Pts',(-0.925072488699971,0.918231497584259,
2.9));
#5871=CARTESIAN_POINT('Ctrl Pts',(-1.8,1.8,2.));
#5872=CARTESIAN_POINT('Ctrl Pts',(-1.61727471300549,1.6012461790586,2.));
#5873=CARTESIAN_POINT('Ctrl Pts',(-1.19017372486756,1.13643183885703,2.15562650939539));
#5874=CARTESIAN_POINT('Ctrl Pts',(-0.977560052474359,0.9,2.62399602981914));
#5875=CARTESIAN_POINT('Ctrl Pts',(-0.977560052474359,0.9,2.9));
#5876=CARTESIAN_POINT('Ctrl Pts',(-1.8,1.8,2.));
#5877=CARTESIAN_POINT('Ctrl Pts',(-1.62048041979487,1.59804047226923,2.));
#5878=CARTESIAN_POINT('Ctrl Pts',(-1.20045441779835,1.12551122002314,2.16391408423649));
#5879=CARTESIAN_POINT('Ctrl Pts',(-1.,0.9,2.6307206296923));
#5880=CARTESIAN_POINT('Ctrl Pts',(-1.,0.9,2.9));
#5881=CARTESIAN_POINT('',(-1.8,1.8,2.));
#5882=CARTESIAN_POINT('Origin',(-1.8,1.8,2.9));
#5883=CARTESIAN_POINT('Origin',(-1.8,1.8,2.9));
#5884=CARTESIAN_POINT('Origin',(-1.85,0.5,10.5));
#5885=CARTESIAN_POINT('',(-1.85,0.5,11.));
#5886=CARTESIAN_POINT('',(-2.35,0.5,10.5));
#5887=CARTESIAN_POINT('Origin',(-1.,-1.,10.5));
#5888=CARTESIAN_POINT('',(-0.9,-1.,10.5));
#5889=CARTESIAN_POINT('',(-1.,-0.899999999999999,10.5));
#5890=CARTESIAN_POINT('Origin',(-1.,-1.,10.5));
#5891=CARTESIAN_POINT('',(-0.4,-1.,11.));
#5892=CARTESIAN_POINT('Origin',(-0.4,-1.,10.5));
#5893=CARTESIAN_POINT('',(-1.,-0.399999999999999,11.));
#5894=CARTESIAN_POINT('Origin',(-1.,-1.,11.));
#5895=CARTESIAN_POINT('Origin',(-1.,-0.399999999999999,10.5));
#5896=CARTESIAN_POINT('Origin',(-0.4,-0.5,10.5));
#5897=CARTESIAN_POINT('',(-0.4,-0.5,11.));
#5898=CARTESIAN_POINT('',(-0.9,-0.5,10.5));
#5899=CARTESIAN_POINT('Origin',(0.5,-0.4,10.5));
#5900=CARTESIAN_POINT('',(0.5,-0.9,10.5));
#5901=CARTESIAN_POINT('',(0.5,-0.4,11.));
#5902=CARTESIAN_POINT('Ctrl Pts',(-1.8,-1.8,2.));
#5903=CARTESIAN_POINT('Ctrl Pts',(-1.62048041979487,-1.59804047226923,2.));
#5904=CARTESIAN_POINT('Ctrl Pts',(-1.20045441779835,-1.12551122002314,2.16391408423649));
#5905=CARTESIAN_POINT('Ctrl Pts',(-1.,-0.899999999999999,2.6307206296923));
#5906=CARTESIAN_POINT('Ctrl Pts',(-1.,-0.899999999999999,2.9));
#5907=CARTESIAN_POINT('Ctrl Pts',(-1.8,-1.8,2.));
#5908=CARTESIAN_POINT('Ctrl Pts',(-1.6162061440757,-1.6023147479884,2.));
#5909=CARTESIAN_POINT('Ctrl Pts',(-1.18676844799516,-1.14009587764536,2.15292372882412));
#5910=CARTESIAN_POINT('Ctrl Pts',(-0.970080069965813,-0.899999999999999,
2.62163420099231));
#5911=CARTESIAN_POINT('Ctrl Pts',(-0.970080069965813,-0.899999999999999,
2.9));
#5912=CARTESIAN_POINT('Ctrl Pts',(-1.8,-1.8,2.));
#5913=CARTESIAN_POINT('Ctrl Pts',(-1.60872616156715,-1.60979473049694,2.));
#5914=CARTESIAN_POINT('Ctrl Pts',(-1.16259137405505,-1.16622156663969,2.14426131871329));
#5915=CARTESIAN_POINT('Ctrl Pts',(-0.91823149758426,-0.92507248869997,2.61382780116827));
#5916=CARTESIAN_POINT('Ctrl Pts',(-0.91823149758426,-0.92507248869997,2.9));
#5917=CARTESIAN_POINT('Ctrl Pts',(-1.8,-1.8,2.));
#5918=CARTESIAN_POINT('Ctrl Pts',(-1.60124617905861,-1.61727471300549,2.));
#5919=CARTESIAN_POINT('Ctrl Pts',(-1.13643183885703,-1.19017372486756,2.15562650939539));
#5920=CARTESIAN_POINT('Ctrl Pts',(-0.900000000000001,-0.977560052474358,
2.62399602981914));
#5921=CARTESIAN_POINT('Ctrl Pts',(-0.900000000000001,-0.977560052474358,
2.9));
#5922=CARTESIAN_POINT('Ctrl Pts',(-1.8,-1.8,2.));
#5923=CARTESIAN_POINT('Ctrl Pts',(-1.59804047226923,-1.62048041979487,2.));
#5924=CARTESIAN_POINT('Ctrl Pts',(-1.12551122002315,-1.20045441779835,2.16391408423649));
#5925=CARTESIAN_POINT('Ctrl Pts',(-0.900000000000001,-0.999999999999999,
2.6307206296923));
#5926=CARTESIAN_POINT('Ctrl Pts',(-0.900000000000001,-0.999999999999999,
2.9));
#5927=CARTESIAN_POINT('',(-0.9,-0.999999999999999,2.9));
#5928=CARTESIAN_POINT('',(-1.,-0.899999999999999,2.9));
#5929=CARTESIAN_POINT('Origin',(-1.,-0.999999999999999,2.9));
#5930=CARTESIAN_POINT('',(-1.8,-1.8,2.));
#5931=CARTESIAN_POINT('Origin',(-1.8,-1.8,2.9));
#5932=CARTESIAN_POINT('Origin',(-1.8,-1.8,2.9));
#5933=CARTESIAN_POINT('Origin',(-1.,-1.,1.));
#5934=CARTESIAN_POINT('',(-0.9,-1.,1.));
#5935=CARTESIAN_POINT('',(-1.,-0.899999999999999,1.));
#5936=CARTESIAN_POINT('Origin',(-0.5,-1.85,10.5));
#5937=CARTESIAN_POINT('',(-0.5,-1.85,11.));
#5938=CARTESIAN_POINT('',(-0.5,-2.35,10.5));
#5939=CARTESIAN_POINT('Origin',(2.45,0.9,1.));
#5940=CARTESIAN_POINT('',(1.95,0.9,2.9));
#5941=CARTESIAN_POINT('',(1.95,0.9,1.));
#5942=CARTESIAN_POINT('',(1.225,0.9,2.9));
#5943=CARTESIAN_POINT('Origin',(1.95,0.5,1.));
#5944=CARTESIAN_POINT('',(2.35,0.5,2.9));
#5945=CARTESIAN_POINT('',(2.35,0.5,1.));
#5946=CARTESIAN_POINT('Origin',(1.95,0.5,2.9));
#5947=CARTESIAN_POINT('Origin',(2.35,-1.,1.));
#5948=CARTESIAN_POINT('',(2.35,-0.5,2.9));
#5949=CARTESIAN_POINT('',(2.35,-0.5,1.));
#5950=CARTESIAN_POINT('',(2.35,-0.5,2.9));
#5951=CARTESIAN_POINT('Origin',(1.95,-0.5,1.));
#5952=CARTESIAN_POINT('',(1.95,-0.9,2.9));
#5953=CARTESIAN_POINT('',(1.95,-0.9,1.));
#5954=CARTESIAN_POINT('Origin',(1.95,-0.5,2.9));
#5955=CARTESIAN_POINT('Origin',(1.,-0.9,1.));
#5956=CARTESIAN_POINT('',(0.5,-0.9,2.9));
#5957=CARTESIAN_POINT('Origin',(0.5,-1.8,2.9));
#5958=CARTESIAN_POINT('',(1.95,-1.8,2.));
#5959=CARTESIAN_POINT('',(0.5,-1.8,2.));
#5960=CARTESIAN_POINT('Origin',(1.95,-1.8,2.9));
#5961=CARTESIAN_POINT('Origin',(1.8,-1.225,2.9));
#5962=CARTESIAN_POINT('',(0.9,-1.95,2.9));
#5963=CARTESIAN_POINT('',(0.9,-1.225,2.9));
#5964=CARTESIAN_POINT('',(1.8,-1.95,2.));
#5965=CARTESIAN_POINT('Origin',(1.8,-1.95,2.9));
#5966=CARTESIAN_POINT('',(1.8,-1.225,2.));
#5967=CARTESIAN_POINT('Origin',(0.9,-2.45,1.));
#5968=CARTESIAN_POINT('',(0.9,-1.95,1.));
#5969=CARTESIAN_POINT('Origin',(0.5,-1.95,1.));
#5970=CARTESIAN_POINT('',(0.5,-2.35,2.9));
#5971=CARTESIAN_POINT('',(0.5,-2.35,1.));
#5972=CARTESIAN_POINT('Origin',(0.5,-1.95,2.9));
#5973=CARTESIAN_POINT('Origin',(-1.,-2.35,1.));
#5974=CARTESIAN_POINT('',(-0.5,-2.35,2.9));
#5975=CARTESIAN_POINT('',(-0.5,-2.35,1.));
#5976=CARTESIAN_POINT('',(-0.5,-2.35,2.9));
#5977=CARTESIAN_POINT('Origin',(-0.5,-1.95,1.));
#5978=CARTESIAN_POINT('',(-0.9,-1.95,2.9));
#5979=CARTESIAN_POINT('',(-0.9,-1.95,1.));
#5980=CARTESIAN_POINT('Origin',(-0.5,-1.95,2.9));
#5981=CARTESIAN_POINT('Origin',(-0.9,-1.,1.));
#5982=CARTESIAN_POINT('',(-0.9,-0.5,2.9));
#5983=CARTESIAN_POINT('Origin',(-1.8,-0.5,2.9));
#5984=CARTESIAN_POINT('',(-1.8,-1.95,2.));
#5985=CARTESIAN_POINT('',(-1.8,-0.5,2.));
#5986=CARTESIAN_POINT('Origin',(-1.8,-1.95,2.9));
#5987=CARTESIAN_POINT('Origin',(0.5,-1.8,2.9));
#5988=CARTESIAN_POINT('',(-1.95,-0.9,2.9));
#5989=CARTESIAN_POINT('',(0.5,-0.9,2.9));
#5990=CARTESIAN_POINT('',(-1.95,-1.8,2.));
#5991=CARTESIAN_POINT('Origin',(-1.95,-1.8,2.9));
#5992=CARTESIAN_POINT('',(0.5,-1.8,2.));
#5993=CARTESIAN_POINT('Origin',(0.,0.,11.));
#5994=CARTESIAN_POINT('Origin',(-0.5,1.95,2.9));
#5995=CARTESIAN_POINT('',(-1.27363354709668,2.99474453088777,2.));
#5996=CARTESIAN_POINT('',(-1.8,1.95,2.));
#5997=CARTESIAN_POINT('Origin',(-0.5,1.95,2.));
#5998=CARTESIAN_POINT('',(-0.9,1.95,2.9));
#5999=CARTESIAN_POINT('Origin',(-1.8,1.95,2.9));
#6000=CARTESIAN_POINT('',(-0.5,2.35,2.9));
#6001=CARTESIAN_POINT('Origin',(-0.5,1.95,2.9));
#6002=CARTESIAN_POINT('',(-0.5,3.21148668222578,2.00082441961871));
#6003=CARTESIAN_POINT('Origin',(-0.5,3.25,2.9));
#6004=CARTESIAN_POINT('Ctrl Pts',(-1.27363354709769,2.99474453089231,2.));
#6005=CARTESIAN_POINT('Ctrl Pts',(-1.23046708737156,3.0043586463756,1.99999999999981));
#6006=CARTESIAN_POINT('Ctrl Pts',(-1.1412937041088,3.04491491551781,2.00070298553903));
#6007=CARTESIAN_POINT('Ctrl Pts',(-0.826438522545453,3.1572948811522,2.00229219699265));
#6008=CARTESIAN_POINT('Ctrl Pts',(-0.674283223141076,3.18751784753302,2.00181414467376));
#6009=CARTESIAN_POINT('Ctrl Pts',(-0.509400928453293,3.21021563758835,2.00087840348516));
#6010=CARTESIAN_POINT('Ctrl Pts',(-0.504701585415067,3.21085445828361,2.00085149891459));
#6011=CARTESIAN_POINT('Ctrl Pts',(-0.499999999999999,3.21148668222577,2.00082441961872));
#6012=CARTESIAN_POINT('Origin',(-1.8,-0.5,2.9));
#6013=CARTESIAN_POINT('',(-0.9,-0.5,2.9));
#6014=CARTESIAN_POINT('',(-1.8,-0.5,2.));
#6015=CARTESIAN_POINT('Origin',(1.225,1.8,2.9));
#6016=CARTESIAN_POINT('',(-1.95,1.8,2.));
#6017=CARTESIAN_POINT('',(1.225,1.8,2.));
#6018=CARTESIAN_POINT('',(-1.95,0.9,2.9));
#6019=CARTESIAN_POINT('Origin',(-1.95,1.8,2.9));
#6020=CARTESIAN_POINT('',(1.225,0.9,2.9));
#6021=CARTESIAN_POINT('Origin',(-1.95,0.5,2.9));
#6022=CARTESIAN_POINT('',(-2.35,0.5,2.9));
#6023=CARTESIAN_POINT('Origin',(-1.95,0.5,2.9));
#6024=CARTESIAN_POINT('',(-2.99474453087234,1.27363354713135,2.));
#6025=CARTESIAN_POINT('Origin',(-1.95,0.5,2.));
#6026=CARTESIAN_POINT('',(-3.21148668222578,0.5,2.00082441961871));
#6027=CARTESIAN_POINT('Ctrl Pts',(-3.21148668222578,0.5,2.00082441961871));
#6028=CARTESIAN_POINT('Ctrl Pts',(-3.17969305817017,0.736435903771392,2.00218619808909));
#6029=CARTESIAN_POINT('Ctrl Pts',(-3.10953447234246,0.968194413423649,2.00158015344702));
#6030=CARTESIAN_POINT('Ctrl Pts',(-3.01136938398237,1.22095682012911,2.00014305886968));
#6031=CARTESIAN_POINT('Ctrl Pts',(-3.00127639101719,1.24807502517702,2.00002297090188));
#6032=CARTESIAN_POINT('Ctrl Pts',(-2.99567565692979,1.26964487985649,2.00000113788639));
#6033=CARTESIAN_POINT('Ctrl Pts',(-2.99518636565382,1.27164975124119,1.99999999999998));
#6034=CARTESIAN_POINT('Ctrl Pts',(-2.99474453088425,1.27363354713401,2.));
#6035=CARTESIAN_POINT('Origin',(-3.25,0.5,2.9));
#6036=CARTESIAN_POINT('Origin',(-3.25,0.5,2.9));
#6037=CARTESIAN_POINT('',(-3.2499999998213,0.184505500841875,2.));
#6038=CARTESIAN_POINT('',(-3.24999999992116,-0.184505498923285,2.));
#6039=CARTESIAN_POINT('',(-3.25,0.5,2.));
#6040=CARTESIAN_POINT('',(-3.21370328490797,-0.483781190752449,2.0007322153699));
#6041=CARTESIAN_POINT('Ctrl Pts',(-3.21370328490796,-0.48378119075245,2.0007322153699));
#6042=CARTESIAN_POINT('Ctrl Pts',(-3.22524122471528,-0.400702223828849,
2.00026651502891));
#6043=CARTESIAN_POINT('Ctrl Pts',(-3.23557739976752,-0.31726253842537,2.00004740855934));
#6044=CARTESIAN_POINT('Ctrl Pts',(-3.24473451956488,-0.233690157113005,
1.99997289731512));
#6045=CARTESIAN_POINT('Ctrl Pts',(-3.24653044810226,-0.217299629539148,
1.9999582838916));
#6046=CARTESIAN_POINT('Ctrl Pts',(-3.24828108300443,-0.200903866638171,
1.9999493059604));
#6047=CARTESIAN_POINT('Ctrl Pts',(-3.24998666962638,-0.184504397852872,
1.99994529187911));
#6048=CARTESIAN_POINT('',(-3.21148668222577,-0.5,2.00082441961871));
#6049=CARTESIAN_POINT('Ctrl Pts',(-3.21147990758395,-0.500001477694163,
2.00081824972614));
#6050=CARTESIAN_POINT('Ctrl Pts',(-3.21221063159054,-0.494590901908326,
2.00078718509331));
#6051=CARTESIAN_POINT('Ctrl Pts',(-3.21295146045753,-0.489182059573775,
2.00075638342397));
#6052=CARTESIAN_POINT('Ctrl Pts',(-3.21370146990534,-0.483780945169541,
2.00072593673838));
#6053=CARTESIAN_POINT('',(-2.35,-0.5,2.9));
#6054=CARTESIAN_POINT('Origin',(-3.25,-0.5,2.9));
#6055=CARTESIAN_POINT('',(-2.35,0.5,2.9));
#6056=CARTESIAN_POINT('',(-3.2137032848741,0.48378119099636,2.00073221537127));
#6057=CARTESIAN_POINT('Ctrl Pts',(-3.21370236066022,0.483781065382066,2.00072912603274));
#6058=CARTESIAN_POINT('Ctrl Pts',(-3.21295321078681,0.489175623160901,2.00075947461831));
#6059=CARTESIAN_POINT('Ctrl Pts',(-3.21220534015109,0.494580251984156,2.00078997168907));
#6060=CARTESIAN_POINT('Ctrl Pts',(-3.21148044218643,0.500001108591952,2.00082122418146));
#6061=CARTESIAN_POINT('Ctrl Pts',(-3.24998671824988,0.184501609168188,1.99994528520974));
#6062=CARTESIAN_POINT('Ctrl Pts',(-3.24123403658292,0.268658345491823,1.99996587582237));
#6063=CARTESIAN_POINT('Ctrl Pts',(-3.23129452985474,0.352713922391977,2.00011543865262));
#6064=CARTESIAN_POINT('Ctrl Pts',(-3.22014279252262,0.436441584538053,2.00049316042748));
#6065=CARTESIAN_POINT('Ctrl Pts',(-3.21931311659585,0.44267082251401,2.000521262476));
#6066=CARTESIAN_POINT('Ctrl Pts',(-3.21847673958757,0.448898225743709,2.00055063850695));
#6067=CARTESIAN_POINT('Ctrl Pts',(-3.21763365569009,0.455123691332695,2.00058133507998));
#6068=CARTESIAN_POINT('Ctrl Pts',(-3.21633971096324,0.464678384993924,2.00062844743609));
#6069=CARTESIAN_POINT('Ctrl Pts',(-3.21502960417604,0.474231025264175,2.00067868178012));
#6070=CARTESIAN_POINT('Ctrl Pts',(-3.21370328483666,0.483781191265852,2.00073221537278));
#6071=CARTESIAN_POINT('Origin',(-1.95,-0.5,2.9));
#6072=CARTESIAN_POINT('',(-2.99474453088781,-1.27363354709662,2.));
#6073=CARTESIAN_POINT('Origin',(-1.95,-0.5,2.));
#6074=CARTESIAN_POINT('Origin',(-1.95,-0.5,2.9));
#6075=CARTESIAN_POINT('Ctrl Pts',(-2.99474453089236,-1.27363354709763,2.));
#6076=CARTESIAN_POINT('Ctrl Pts',(-3.00435864637564,-1.23046708737148,1.99999999999981));
#6077=CARTESIAN_POINT('Ctrl Pts',(-3.04491491551784,-1.14129370410872,2.00070298553903));
#6078=CARTESIAN_POINT('Ctrl Pts',(-3.15729488115213,-0.826438522545639,
2.00229219699265));
#6079=CARTESIAN_POINT('Ctrl Pts',(-3.18751784753298,-0.674283223141333,
2.00181414467376));
#6080=CARTESIAN_POINT('Ctrl Pts',(-3.21021563758834,-0.509400928453308,
2.00087840348516));
#6081=CARTESIAN_POINT('Ctrl Pts',(-3.21085445828364,-0.504701585414824,
2.00085149891459));
#6082=CARTESIAN_POINT('Ctrl Pts',(-3.21148668222577,-0.5,2.00082441961872));
#6083=CARTESIAN_POINT('Origin',(-0.5,-1.95,2.9));
#6084=CARTESIAN_POINT('',(-1.27363354713146,-2.99474453087229,2.));
#6085=CARTESIAN_POINT('Origin',(-0.5,-1.95,2.));
#6086=CARTESIAN_POINT('',(-0.5,-3.21148668222577,2.00082441961871));
#6087=CARTESIAN_POINT('Ctrl Pts',(-0.5,-3.21148668222577,2.00082441961872));
#6088=CARTESIAN_POINT('Ctrl Pts',(-0.736435903765989,-3.1796930581709,2.00218619808906));
#6089=CARTESIAN_POINT('Ctrl Pts',(-0.968194413413742,-3.10953447234743,
2.00158015344715));
#6090=CARTESIAN_POINT('Ctrl Pts',(-1.22095682007782,-3.01136938400214,2.00014305886996));
#6091=CARTESIAN_POINT('Ctrl Pts',(-1.24807502516095,-3.00127639102163,2.0000229709019));
#6092=CARTESIAN_POINT('Ctrl Pts',(-1.26964487985375,-2.99567565693042,2.00000113788639));
#6093=CARTESIAN_POINT('Ctrl Pts',(-1.2716497512396,-2.99518636565416,1.99999999999998));
#6094=CARTESIAN_POINT('Ctrl Pts',(-1.27363354713412,-2.99474453088421,2.));
#6095=CARTESIAN_POINT('Origin',(-0.5,-3.25,2.9));
#6096=CARTESIAN_POINT('Origin',(-0.5,-3.25,2.9));
#6097=CARTESIAN_POINT('',(-0.483781190996357,-3.21370328487409,2.00073221537127));
#6098=CARTESIAN_POINT('Ctrl Pts',(-0.483781517011514,-3.21370521683368,
2.00072646649567));
#6099=CARTESIAN_POINT('Ctrl Pts',(-0.489175948225202,-3.21295604921551,
2.00075688202887));
#6100=CARTESIAN_POINT('Ctrl Pts',(-0.494577508932583,-3.21220499683727,
2.00078710765193));
#6101=CARTESIAN_POINT('Ctrl Pts',(-0.499992525523457,-3.21147394271575,
2.00081776279276));
#6102=CARTESIAN_POINT('',(-0.184505500841775,-3.24999999982131,2.));
#6103=CARTESIAN_POINT('Ctrl Pts',(-0.184501609168088,-3.24998671824989,
1.99994528520974));
#6104=CARTESIAN_POINT('Ctrl Pts',(-0.268658220304569,-3.24123404960989,
1.99996587579191));
#6105=CARTESIAN_POINT('Ctrl Pts',(-0.352713668000178,-3.23129455994962,
2.00011543820489));
#6106=CARTESIAN_POINT('Ctrl Pts',(-0.436441205145781,-3.2201428430544,2.00049315871593));
#6107=CARTESIAN_POINT('Ctrl Pts',(-0.442670569643878,-3.2193131505579,2.00052126128316));
#6108=CARTESIAN_POINT('Ctrl Pts',(-0.44889809933882,-3.21847675670597,2.00055063788367));
#6109=CARTESIAN_POINT('Ctrl Pts',(-0.4551236913327,-3.21763365569011,2.00058133507998));
#6110=CARTESIAN_POINT('Ctrl Pts',(-0.464678384998087,-3.21633971096269,
2.00062844743611));
#6111=CARTESIAN_POINT('Ctrl Pts',(-0.474231025266252,-3.21502960417576,
2.00067868178013));
#6112=CARTESIAN_POINT('Ctrl Pts',(-0.48378119126585,-3.21370328483667,2.00073221537278));
#6113=CARTESIAN_POINT('',(0.184505498923416,-3.24999999992115,2.));
#6114=CARTESIAN_POINT('',(-0.5,-3.25,2.));
#6115=CARTESIAN_POINT('',(0.483781190752448,-3.21370328490796,2.0007322153699));
#6116=CARTESIAN_POINT('Ctrl Pts',(0.483781190752451,-3.21370328490797,2.0007322153699));
#6117=CARTESIAN_POINT('Ctrl Pts',(0.400702330781914,-3.22524120986173,2.00026651562844));
#6118=CARTESIAN_POINT('Ctrl Pts',(0.31726275638363,-3.23557737279467,2.00004740913541));
#6119=CARTESIAN_POINT('Ctrl Pts',(0.23369048310932,-3.24473448384918,1.99997289760588));
#6120=CARTESIAN_POINT('Ctrl Pts',(0.21729984707385,-3.24653042487783,1.99995828401081));
#6121=CARTESIAN_POINT('Ctrl Pts',(0.200903975513464,-3.24828107168262,1.99994930598709));
#6122=CARTESIAN_POINT('Ctrl Pts',(0.184504397853005,-3.24998666962637,1.99994529187911));
#6123=CARTESIAN_POINT('',(0.5,-3.21148668222578,2.00082441961871));
#6124=CARTESIAN_POINT('Ctrl Pts',(0.499992397602422,-3.21147305451854,2.00082020296855));
#6125=CARTESIAN_POINT('Ctrl Pts',(0.494587867445722,-3.21221012710112,2.00078984865683));
#6126=CARTESIAN_POINT('Ctrl Pts',(0.48918225953873,-3.2129542690986,2.00075943372353));
#6127=CARTESIAN_POINT('Ctrl Pts',(0.483781368217615,-3.2137043345383,2.00072902640678));
#6128=CARTESIAN_POINT('Origin',(0.5,-3.25,2.9));
#6129=CARTESIAN_POINT('Origin',(0.5,-1.95,2.9));
#6130=CARTESIAN_POINT('',(1.27363354709663,-2.99474453088778,2.));
#6131=CARTESIAN_POINT('Origin',(0.5,-1.95,2.));
#6132=CARTESIAN_POINT('Ctrl Pts',(1.27363354709764,-2.99474453089233,2.));
#6133=CARTESIAN_POINT('Ctrl Pts',(1.23046708737152,-3.00435864637562,1.99999999999981));
#6134=CARTESIAN_POINT('Ctrl Pts',(1.14129370410869,-3.04491491551785,2.00070298553903));
#6135=CARTESIAN_POINT('Ctrl Pts',(0.826438522545486,-3.15729488115218,2.00229219699265));
#6136=CARTESIAN_POINT('Ctrl Pts',(0.674283223141111,-3.18751784753301,2.00181414467376));
#6137=CARTESIAN_POINT('Ctrl Pts',(0.509400928453294,-3.21021563758835,2.00087840348516));
#6138=CARTESIAN_POINT('Ctrl Pts',(0.5047015854151,-3.21085445828361,2.00085149891459));
#6139=CARTESIAN_POINT('Ctrl Pts',(0.5,-3.21148668222578,2.00082441961871));
#6140=CARTESIAN_POINT('Origin',(1.95,-0.5,2.9));
#6141=CARTESIAN_POINT('',(2.99474453087229,-1.27363354713144,2.));
#6142=CARTESIAN_POINT('Origin',(1.95,-0.5,2.));
#6143=CARTESIAN_POINT('',(3.21148668222579,-0.5,2.00082441961871));
#6144=CARTESIAN_POINT('Ctrl Pts',(3.21148668222579,-0.499999999999999,2.00082441961871));
#6145=CARTESIAN_POINT('Ctrl Pts',(3.17969305816804,-0.73643590378727,2.00218619808918));
#6146=CARTESIAN_POINT('Ctrl Pts',(3.10953447232785,-0.968194413452775,2.00158015344664));
#6147=CARTESIAN_POINT('Ctrl Pts',(3.01136938393686,-1.22095682024748,2.00014305886904));
#6148=CARTESIAN_POINT('Ctrl Pts',(3.00127639100588,-1.24807502521699,2.00002297090181));
#6149=CARTESIAN_POINT('Ctrl Pts',(2.9956756569284,-1.26964487986212,2.00000113788639));
#6150=CARTESIAN_POINT('Ctrl Pts',(2.99518636565322,-1.27164975124388,1.99999999999998));
#6151=CARTESIAN_POINT('Ctrl Pts',(2.99474453088423,-1.2736335471341,2.));
#6152=CARTESIAN_POINT('Origin',(3.25,-0.5,2.9));
#6153=CARTESIAN_POINT('Origin',(3.25,-0.5,2.9));
#6154=CARTESIAN_POINT('',(3.24999999982129,-0.184505500842102,2.));
#6155=CARTESIAN_POINT('',(3.24999999992116,0.184505498923164,2.));
#6156=CARTESIAN_POINT('',(3.25,-0.5,2.));
#6157=CARTESIAN_POINT('',(3.21370328490797,0.48378119075245,2.0007322153699));
#6158=CARTESIAN_POINT('Ctrl Pts',(3.21370328490796,0.483781190752452,2.0007322153699));
#6159=CARTESIAN_POINT('Ctrl Pts',(3.22524123955146,0.40070211700091,2.00026651443009));
#6160=CARTESIAN_POINT('Ctrl Pts',(3.23557742670884,0.317262320721986,2.00004740798397));
#6161=CARTESIAN_POINT('Ctrl Pts',(3.24473455523881,0.233689831497979,1.99997289702474));
#6162=CARTESIAN_POINT('Ctrl Pts',(3.24653047129954,0.217299412258884,1.99995828377257));
#6163=CARTESIAN_POINT('Ctrl Pts',(3.24828109431301,0.200903757890232,1.99994930593379));
#6164=CARTESIAN_POINT('Ctrl Pts',(3.24998666962639,0.18450439785276,1.99994529187916));
#6165=CARTESIAN_POINT('',(3.21148668222578,0.5,2.00082441961871));
#6166=CARTESIAN_POINT('Ctrl Pts',(3.21147990758396,0.500001477694163,2.00081824972614));
#6167=CARTESIAN_POINT('Ctrl Pts',(3.21221063159062,0.494590901907774,2.00078718509331));
#6168=CARTESIAN_POINT('Ctrl Pts',(3.21295146045759,0.489182059573513,2.00075638342397));
#6169=CARTESIAN_POINT('Ctrl Pts',(3.21370146990535,0.483780945169543,2.00072593673838));
#6170=CARTESIAN_POINT('Origin',(3.25,0.5,2.9));
#6171=CARTESIAN_POINT('',(3.21370328487409,-0.483781190996357,2.00073221537127));
#6172=CARTESIAN_POINT('Ctrl Pts',(3.2137052168337,-0.483781517011517,2.00072646649566));
#6173=CARTESIAN_POINT('Ctrl Pts',(3.21295604921552,-0.489175948225202,2.00075688202887));
#6174=CARTESIAN_POINT('Ctrl Pts',(3.21220499683729,-0.494577508932581,2.00078710765193));
#6175=CARTESIAN_POINT('Ctrl Pts',(3.21147394271577,-0.499992525523457,2.00081776279275));
#6176=CARTESIAN_POINT('Ctrl Pts',(3.24998671824989,-0.184501609168417,1.99994528520983));
#6177=CARTESIAN_POINT('Ctrl Pts',(3.24123399750249,-0.268658721049247,1.99996587591381));
#6178=CARTESIAN_POINT('Ctrl Pts',(3.23129443957093,-0.352714685560698,2.00011543999584));
#6179=CARTESIAN_POINT('Ctrl Pts',(3.22014264092851,-0.436442722705337,2.00049316556212));
#6180=CARTESIAN_POINT('Ctrl Pts',(3.21931301472064,-0.442671581042541,2.00052126605418));
#6181=CARTESIAN_POINT('Ctrl Pts',(3.21847668825314,-0.448898604804225,2.00055064037608));
#6182=CARTESIAN_POINT('Ctrl Pts',(3.21763365572078,-0.455123691106282,2.00058133507888));
#6183=CARTESIAN_POINT('Ctrl Pts',(3.21633971099387,-0.46467838476984,2.00062844743495));
#6184=CARTESIAN_POINT('Ctrl Pts',(3.21502960420857,-0.474231025027902,2.00067868177885));
#6185=CARTESIAN_POINT('Ctrl Pts',(3.21370328487117,-0.483781191017408,2.00073221537139));
#6186=CARTESIAN_POINT('Origin',(1.95,0.5,2.9));
#6187=CARTESIAN_POINT('',(2.99474453088778,1.27363354709663,2.));
#6188=CARTESIAN_POINT('',(1.95,1.8,2.));
#6189=CARTESIAN_POINT('Origin',(1.95,0.5,2.));
#6190=CARTESIAN_POINT('Origin',(1.95,1.8,2.9));
#6191=CARTESIAN_POINT('Ctrl Pts',(2.99474453089234,1.27363354709765,2.));
#6192=CARTESIAN_POINT('Ctrl Pts',(3.00435864637562,1.23046708737153,1.99999999999981));
#6193=CARTESIAN_POINT('Ctrl Pts',(3.04491491551785,1.14129370410868,2.00070298553903));
#6194=CARTESIAN_POINT('Ctrl Pts',(3.15729488115209,0.826438522545733,2.00229219699265));
#6195=CARTESIAN_POINT('Ctrl Pts',(3.18751784753296,0.674283223141401,2.00181414467376));
#6196=CARTESIAN_POINT('Ctrl Pts',(3.21021563758833,0.50940092845329,2.00087840348516));
#6197=CARTESIAN_POINT('Ctrl Pts',(3.21085445828357,0.504701585415334,2.0008514989146));
#6198=CARTESIAN_POINT('Ctrl Pts',(3.21148668222577,0.499999999999999,2.00082441961871));
#6199=CARTESIAN_POINT('Origin',(1.225,1.8,2.9));
#6200=CARTESIAN_POINT('',(1.225,1.8,2.));
#6201=CARTESIAN_POINT('Origin',(1.8,-1.225,2.9));
#6202=CARTESIAN_POINT('',(1.8,1.95,2.));
#6203=CARTESIAN_POINT('',(1.8,-1.225,2.));
#6204=CARTESIAN_POINT('',(0.9,1.95,2.9));
#6205=CARTESIAN_POINT('Origin',(1.8,1.95,2.9));
#6206=CARTESIAN_POINT('',(0.9,-1.225,2.9));
#6207=CARTESIAN_POINT('Origin',(0.5,1.95,2.9));
#6208=CARTESIAN_POINT('',(0.5,2.35,2.9));
#6209=CARTESIAN_POINT('Origin',(0.5,1.95,2.9));
#6210=CARTESIAN_POINT('',(1.27363354713143,2.99474453087228,2.));
#6211=CARTESIAN_POINT('Origin',(0.5,1.95,2.));
#6212=CARTESIAN_POINT('',(0.5,3.21148668222578,2.00082441961871));
#6213=CARTESIAN_POINT('Ctrl Pts',(0.5,3.21148668222578,2.00082441961872));
#6214=CARTESIAN_POINT('Ctrl Pts',(0.736435903781173,3.17969305816886,2.00218619808914));
#6215=CARTESIAN_POINT('Ctrl Pts',(0.968194413441589,3.10953447233346,2.00158015344679));
#6216=CARTESIAN_POINT('Ctrl Pts',(1.22095682018388,3.0113693839614,2.00014305886939));
#6217=CARTESIAN_POINT('Ctrl Pts',(1.24807502519756,3.00127639101121,2.00002297090184));
#6218=CARTESIAN_POINT('Ctrl Pts',(1.26964487985803,2.99567565692936,2.00000113788639));
#6219=CARTESIAN_POINT('Ctrl Pts',(1.27164975124116,2.99518636565382,1.99999999999998));
#6220=CARTESIAN_POINT('Ctrl Pts',(1.27363354713409,2.99474453088423,2.));
#6221=CARTESIAN_POINT('Origin',(0.5,3.25,2.9));
#6222=CARTESIAN_POINT('Origin',(0.5,3.25,2.9));
#6223=CARTESIAN_POINT('',(0.184505500841741,3.24999999982132,2.));
#6224=CARTESIAN_POINT('',(-0.184505498923465,3.24999999992114,2.));
#6225=CARTESIAN_POINT('',(0.5,3.25,2.));
#6226=CARTESIAN_POINT('',(-0.483781190752449,3.21370328490797,2.0007322153699));
#6227=CARTESIAN_POINT('Ctrl Pts',(-0.48378119075245,3.21370328490797,2.0007322153699));
#6228=CARTESIAN_POINT('Ctrl Pts',(-0.400702330818604,3.22524120985664,2.00026651562864));
#6229=CARTESIAN_POINT('Ctrl Pts',(-0.317262756458396,3.23557737278542,2.00004740913561));
#6230=CARTESIAN_POINT('Ctrl Pts',(-0.233690483221153,3.24473448383693,1.99997289760598));
#6231=CARTESIAN_POINT('Ctrl Pts',(-0.217299847148493,3.24653042486986,1.99995828401085));
#6232=CARTESIAN_POINT('Ctrl Pts',(-0.20090397555085,3.24828107167873,1.9999493059871));
#6233=CARTESIAN_POINT('Ctrl Pts',(-0.18450439785306,3.24998666962637,1.99994529187911));
#6234=CARTESIAN_POINT('Ctrl Pts',(-0.500001477694163,3.21147990758396,2.00081824972614));
#6235=CARTESIAN_POINT('Ctrl Pts',(-0.494590901907824,3.21221063159062,2.00078718509331));
#6236=CARTESIAN_POINT('Ctrl Pts',(-0.489182059573536,3.21295146045759,2.00075638342397));
#6237=CARTESIAN_POINT('Ctrl Pts',(-0.483780945169544,3.21370146990536,2.00072593673838));
#6238=CARTESIAN_POINT('',(0.5,2.35,2.9));
#6239=CARTESIAN_POINT('',(0.48378119099636,3.21370328487411,2.00073221537127));
#6240=CARTESIAN_POINT('Ctrl Pts',(0.483781065382069,3.21370236066021,2.00072912603274));
#6241=CARTESIAN_POINT('Ctrl Pts',(0.489175623160902,3.2129532107868,2.00075947461831));
#6242=CARTESIAN_POINT('Ctrl Pts',(0.494580251984159,3.21220534015109,2.00078997168907));
#6243=CARTESIAN_POINT('Ctrl Pts',(0.500001108591956,3.21148044218643,2.00082122418146));
#6244=CARTESIAN_POINT('Ctrl Pts',(0.184501609168051,3.2499867182499,1.99994528520974));
#6245=CARTESIAN_POINT('Ctrl Pts',(0.268658220542237,3.24123404958516,1.99996587579197));
#6246=CARTESIAN_POINT('Ctrl Pts',(0.352713668483172,3.23129455989248,2.00011543820574));
#6247=CARTESIAN_POINT('Ctrl Pts',(0.436441205866127,3.22014284295846,2.00049315871918));
#6248=CARTESIAN_POINT('Ctrl Pts',(0.442670570123998,3.21931315049342,2.00052126128543));
#6249=CARTESIAN_POINT('Ctrl Pts',(0.448898099578821,3.21847675667346,2.00055063788486));
#6250=CARTESIAN_POINT('Ctrl Pts',(0.455123691332698,3.21763365569011,2.00058133507998));
#6251=CARTESIAN_POINT('Ctrl Pts',(0.464678384997854,3.21633971096272,2.00062844743611));
#6252=CARTESIAN_POINT('Ctrl Pts',(0.474231025266132,3.21502960417577,2.00067868178013));
#6253=CARTESIAN_POINT('Ctrl Pts',(0.483781191265847,3.21370328483667,2.00073221537278));
#6254=CARTESIAN_POINT('Origin',(0.9,-2.45,1.));
#6255=CARTESIAN_POINT('',(0.9,1.95,1.));
#6256=CARTESIAN_POINT('Origin',(0.5,1.95,1.));
#6257=CARTESIAN_POINT('',(0.5,2.35,1.));
#6258=CARTESIAN_POINT('Origin',(1.,2.35,1.));
#6259=CARTESIAN_POINT('',(-0.5,2.35,1.));
#6260=CARTESIAN_POINT('Ctrl Pts',(-0.757575758390621,-4.94227467572361,
0.301493002397801));
#6261=CARTESIAN_POINT('Ctrl Pts',(-0.256449917089105,-5.01908966764179,
0.299774161799011));
#6262=CARTESIAN_POINT('Ctrl Pts',(0.256438755061289,-5.01909137852681,0.299774123517227));
#6263=CARTESIAN_POINT('Ctrl Pts',(0.757575757575743,-4.94227467584851,0.301493002395006));
#6264=CARTESIAN_POINT('Ctrl Pts',(-0.755602439900354,-4.94257715552287,
0.690125011638116));
#6265=CARTESIAN_POINT('Ctrl Pts',(-0.25672756726356,-5.01893497188823,0.693108917670577));
#6266=CARTESIAN_POINT('Ctrl Pts',(0.256716455370363,-5.01893667259123,0.693108984132425));
#6267=CARTESIAN_POINT('Ctrl Pts',(0.755602439089358,-4.94257715564685,0.690125011643056));
#6268=CARTESIAN_POINT('Ctrl Pts',(-0.702210743448415,-4.62511191945866,
1.60010684065523));
#6269=CARTESIAN_POINT('Ctrl Pts',(-0.240255498553581,-4.68687730847534,
1.61422857331886));
#6270=CARTESIAN_POINT('Ctrl Pts',(0.240245209000068,-4.68687868416506,1.61422888785198));
#6271=CARTESIAN_POINT('Ctrl Pts',(0.702210742696946,-4.62511191955923,1.60010684067847));
#6272=CARTESIAN_POINT('Ctrl Pts',(-0.562182105395346,-3.72569309873193,
2.01600284643469));
#6273=CARTESIAN_POINT('Ctrl Pts',(-0.190830343999047,-3.75425088455874,
2.02399311473309));
#6274=CARTESIAN_POINT('Ctrl Pts',(0.190822072544342,-3.75425152062073,2.02399329269954));
#6275=CARTESIAN_POINT('Ctrl Pts',(0.562182104791806,-3.72569309877828,2.01600284644715));
#6276=CARTESIAN_POINT('Ctrl Pts',(-0.48378119126585,-3.21370328483667,2.00073221537278));
#6277=CARTESIAN_POINT('Ctrl Pts',(-0.163579148901432,-3.2283111916001,1.99809031309529));
#6278=CARTESIAN_POINT('Ctrl Pts',(0.163572016753148,-3.22831151695904,1.9980902542531));
#6279=CARTESIAN_POINT('Ctrl Pts',(0.483781190745171,-3.21370328486042,2.00073221536848));
#6280=CARTESIAN_POINT('',(-0.757575757944235,-4.94227467579203,0.30149300239627));
#6281=CARTESIAN_POINT('Origin',(-0.500000000243195,-3.26190128602274,0.30149300239627));
#6282=CARTESIAN_POINT('',(0.757575757575743,-4.94227467584851,0.301493002395006));
#6283=CARTESIAN_POINT('Ctrl Pts',(-0.757575758111031,-4.94227467576646,
0.301493002396842));
#6284=CARTESIAN_POINT('Ctrl Pts',(-0.256449916898336,-5.01908966764179,
0.299774161799011));
#6285=CARTESIAN_POINT('Ctrl Pts',(0.256438755154488,-5.01909137851252,0.299774123517547));
#6286=CARTESIAN_POINT('Ctrl Pts',(0.757575757575743,-4.94227467584851,0.301493002395006));
#6287=CARTESIAN_POINT('Origin',(0.49999999999999,-3.26190128606002,0.301493002395006));
#6288=CARTESIAN_POINT('Ctrl Pts',(-0.184501609149723,-3.24998671807332,
1.99994528520522));
#6289=CARTESIAN_POINT('Ctrl Pts',(-0.128780174688911,-3.25578329335347,
1.99993168461274));
#6290=CARTESIAN_POINT('Ctrl Pts',(-0.0727983377045098,-3.25894615838932,
1.99992184498085));
#6291=CARTESIAN_POINT('Ctrl Pts',(-0.0167802231881391,-3.25947175657165,
1.99992028446051));
#6292=CARTESIAN_POINT('Ctrl Pts',(-0.0111864904515964,-3.25952424059015,
1.99992012863353));
#6293=CARTESIAN_POINT('Ctrl Pts',(-0.00559239028304008,-3.25955047001328,
1.99992005026787));
#6294=CARTESIAN_POINT('Ctrl Pts',(1.85770010939243E-6,-3.25955046911634,
1.99992005039365));
#6295=CARTESIAN_POINT('Ctrl Pts',(0.00343525260627324,-3.25955046856585,
1.99992005047084));
#6296=CARTESIAN_POINT('Ctrl Pts',(0.00686864416755536,-3.25954056527755,
1.99992007959143));
#6297=CARTESIAN_POINT('Ctrl Pts',(0.0103019810210835,-3.25952075928485,
1.99992013770036));
#6298=CARTESIAN_POINT('Ctrl Pts',(0.013735227009836,-3.25950095381632,1.99992019580776));
#6299=CARTESIAN_POINT('Ctrl Pts',(0.0171684127037727,-3.2594712461998,1.99992028290188));
#6300=CARTESIAN_POINT('Ctrl Pts',(0.0206014867444233,-3.25943163653234,
1.99992039881796));
#6301=CARTESIAN_POINT('Ctrl Pts',(0.0274670802534737,-3.25935242359589,
1.99992063063141));
#6302=CARTESIAN_POINT('Ctrl Pts',(0.0343321936948996,-3.25923360927338,
1.99992097782177));
#6303=CARTESIAN_POINT('Ctrl Pts',(0.0411964161937749,-3.25907519510637,
1.99992143775901));
#6304=CARTESIAN_POINT('Ctrl Pts',(0.0549204032700123,-3.25875846965335,
1.99992235733479));
#6305=CARTESIAN_POINT('Ctrl Pts',(0.0686405612308396,-3.25828345436766,
1.9999237292927));
#6306=CARTESIAN_POINT('Ctrl Pts',(0.0823536024365912,-3.2576501739546,1.99992551186473));
#6307=CARTESIAN_POINT('Ctrl Pts',(0.109743981325905,-3.25638526194882,1.99992907236764));
#6308=CARTESIAN_POINT('Ctrl Pts',(0.137103842809426,-3.25448904209396,1.99993429579206));
#6309=CARTESIAN_POINT('Ctrl Pts',(0.16440686288116,-3.2519619183524,1.9999405334235));
#6310=CARTESIAN_POINT('Ctrl Pts',(0.171109875792217,-3.25134149822954,1.99994206478977));
#6311=CARTESIAN_POINT('Ctrl Pts',(0.177809172648949,-3.25068304341675,1.99994365444468));
#6312=CARTESIAN_POINT('Ctrl Pts',(0.184504397844904,-3.24998666954845,1.99994529187712));
#6313=CARTESIAN_POINT('Ctrl Pts',(-2.24334666913416,-4.46848919905651,0.3));
#6314=CARTESIAN_POINT('Ctrl Pts',(-1.7768909136303,-4.70266722182738,0.3));
#6315=CARTESIAN_POINT('Ctrl Pts',(-1.27347917559246,-4.86319450556895,0.303262529457463));
#6316=CARTESIAN_POINT('Ctrl Pts',(-0.757575757944232,-4.94227467579203,
0.30149300239627));
#6317=CARTESIAN_POINT('Ctrl Pts',(-2.24334666913416,-4.46848919905651,0.834132736775534));
#6318=CARTESIAN_POINT('Ctrl Pts',(-1.78193165827006,-4.69943432745886,0.820662338931643));
#6319=CARTESIAN_POINT('Ctrl Pts',(-1.27260773325232,-4.86329259451613,0.818806743877714));
#6320=CARTESIAN_POINT('Ctrl Pts',(-0.754921518958763,-4.94268153037683,
0.824227795276828));
#6321=CARTESIAN_POINT('Ctrl Pts',(-2.03155565370793,-4.0466257938546,1.75806093279543));
#6322=CARTESIAN_POINT('Ctrl Pts',(-1.63673246544063,-4.27272369259789,1.72359965161096));
#6323=CARTESIAN_POINT('Ctrl Pts',(-1.1562862072445,-4.4388971690454,1.7125846253839));
#6324=CARTESIAN_POINT('Ctrl Pts',(-0.682005797856737,-4.49767963567421,
1.72931998835913));
#6325=CARTESIAN_POINT('Ctrl Pts',(-1.59979948460247,-3.18661703782119,2.02624103073487));
#6326=CARTESIAN_POINT('Ctrl Pts',(-1.31346367641497,-3.39785617105652,2.01455543381263));
#6327=CARTESIAN_POINT('Ctrl Pts',(-0.921261428269821,-3.55204825268954,
2.01152095836273));
#6328=CARTESIAN_POINT('Ctrl Pts',(-0.539421185600828,-3.57723672397003,
2.01692812167617));
#6329=CARTESIAN_POINT('Ctrl Pts',(-1.42061952135577,-2.82971110728827,1.99473390376402));
#6330=CARTESIAN_POINT('Ctrl Pts',(-1.17478969235703,-3.02993379683411,2.00014938984882));
#6331=CARTESIAN_POINT('Ctrl Pts',(-0.822345222327175,-3.17579158863985,
2.00325190274582));
#6332=CARTESIAN_POINT('Ctrl Pts',(-0.48016172380317,-3.19006097391078,1.99985851439407));
#6333=CARTESIAN_POINT('',(-1.48060880162854,-2.9492028713773,2.));
#6334=CARTESIAN_POINT('Ctrl Pts',(-1.48060880162854,-2.9492028713773,2.));
#6335=CARTESIAN_POINT('Ctrl Pts',(-1.47909892222069,-2.94953330324445,2.));
#6336=CARTESIAN_POINT('Ctrl Pts',(-1.47758888867422,-2.94986375579663,2.));
#6337=CARTESIAN_POINT('Ctrl Pts',(-1.41820158703406,-2.96285957551601,2.));
#6338=CARTESIAN_POINT('Ctrl Pts',(-1.34424146484214,-2.97901860201081,2.));
#6339=CARTESIAN_POINT('Ctrl Pts',(-1.27363354713412,-2.9947445308842,2.));
#6340=CARTESIAN_POINT('',(-2.24334666913416,-4.46848919905651,0.3));
#6341=CARTESIAN_POINT('Origin',(-1.48060880162854,-2.9492028713773,0.3));
#6342=CARTESIAN_POINT('Ctrl Pts',(-2.24334666913416,-4.46848919905651,0.3));
#6343=CARTESIAN_POINT('Ctrl Pts',(-1.7768909136303,-4.70266722182738,0.3));
#6344=CARTESIAN_POINT('Ctrl Pts',(-1.27347917559246,-4.86319450556895,0.303262529457463));
#6345=CARTESIAN_POINT('Ctrl Pts',(-0.757575757944232,-4.94227467579203,
0.30149300239627));
#6346=CARTESIAN_POINT('Ctrl Pts',(-4.94227467584851,-0.757575757575758,
0.301493002395006));
#6347=CARTESIAN_POINT('Ctrl Pts',(-4.9027334609609,-1.0155348369643,0.302377791206584));
#6348=CARTESIAN_POINT('Ctrl Pts',(-4.78317880218217,-1.5252742644034,0.303057022435747));
#6349=CARTESIAN_POINT('Ctrl Pts',(-4.58558088550237,-2.01011346296875,0.3));
#6350=CARTESIAN_POINT('Ctrl Pts',(-4.46848919905651,-2.24334666913416,0.3));
#6351=CARTESIAN_POINT('Ctrl Pts',(-4.9425791308773,-0.755589553075846,0.692662826680324));
#6352=CARTESIAN_POINT('Ctrl Pts',(-4.90301264725873,-1.01406163152584,0.690952577445858));
#6353=CARTESIAN_POINT('Ctrl Pts',(-4.78280088188848,-1.52767527948037,0.690322845836935));
#6354=CARTESIAN_POINT('Ctrl Pts',(-4.58441754829316,-2.01219411636233,0.69485161269889));
#6355=CARTESIAN_POINT('Ctrl Pts',(-4.46848919905651,-2.24334666913416,0.699699066588168));
#6356=CARTESIAN_POINT('Ctrl Pts',(-4.62070456154115,-0.701491138847559,
1.60857778525394));
#6357=CARTESIAN_POINT('Ctrl Pts',(-4.58844697211816,-0.944693964583886,
1.6007201907788));
#6358=CARTESIAN_POINT('Ctrl Pts',(-4.4756897806779,-1.43608260330056,1.59702133488775));
#6359=CARTESIAN_POINT('Ctrl Pts',(-4.27660923147349,-1.88429441468154,1.61945812292725));
#6360=CARTESIAN_POINT('Ctrl Pts',(-4.16336109438438,-2.09016108743465,1.63579508937941));
#6361=CARTESIAN_POINT('Ctrl Pts',(-3.71130412200697,-0.559950870039673,
2.02093324607059));
#6362=CARTESIAN_POINT('Ctrl Pts',(-3.69669035940071,-0.757929430294344,
2.01659812674896));
#6363=CARTESIAN_POINT('Ctrl Pts',(-3.60921757490368,-1.16363427058381,2.01537522946745));
#6364=CARTESIAN_POINT('Ctrl Pts',(-3.4177158711357,-1.51142597897381,2.026137537319));
#6365=CARTESIAN_POINT('Ctrl Pts',(-3.31026831445324,-1.66187699384772,2.03516287407318));
#6366=CARTESIAN_POINT('Ctrl Pts',(-3.19615361304976,-0.48109429502634,2.00011592047105));
#6367=CARTESIAN_POINT('Ctrl Pts',(-3.18893178091591,-0.652503706082887,
2.00174417890796));
#6368=CARTESIAN_POINT('Ctrl Pts',(-3.11520087524407,-1.00647757470086,2.00257602702578));
#6369=CARTESIAN_POINT('Ctrl Pts',(-2.93552706121638,-1.3002008765719,1.9977927390922));
#6370=CARTESIAN_POINT('Ctrl Pts',(-2.83532780213168,-1.42343930967956,1.99521801482718));
#6371=CARTESIAN_POINT('',(-4.94227467584851,-0.757575757575742,0.301493002395006));
#6372=CARTESIAN_POINT('Origin',(-3.26190128606002,-0.49999999999999,0.301493002395006));
#6373=CARTESIAN_POINT('',(-4.46848919905651,-2.24334666913416,0.3));
#6374=CARTESIAN_POINT('Ctrl Pts',(-4.94227467584851,-0.757575757575758,
0.301493002395006));
#6375=CARTESIAN_POINT('Ctrl Pts',(-4.9027334609609,-1.0155348369643,0.302377791206584));
#6376=CARTESIAN_POINT('Ctrl Pts',(-4.78317880218217,-1.5252742644034,0.303057022435747));
#6377=CARTESIAN_POINT('Ctrl Pts',(-4.58558088550237,-2.01011346296875,0.3));
#6378=CARTESIAN_POINT('Ctrl Pts',(-4.46848919905651,-2.24334666913416,0.3));
#6379=CARTESIAN_POINT('',(-2.9492028713773,-1.48060880162854,2.));
#6380=CARTESIAN_POINT('Origin',(-2.9492028713773,-1.48060880162854,0.3));
#6381=CARTESIAN_POINT('Ctrl Pts',(-2.94920287137729,-1.48060880162854,2.));
#6382=CARTESIAN_POINT('Ctrl Pts',(-2.94953361888087,-1.4790974799478,2.));
#6383=CARTESIAN_POINT('Ctrl Pts',(-2.94986439527955,-1.47758596649631,2.));
#6384=CARTESIAN_POINT('Ctrl Pts',(-2.96302206547005,-1.41745904966357,2.));
#6385=CARTESIAN_POINT('Ctrl Pts',(-2.97915394700092,-1.34363377877107,2.));
#6386=CARTESIAN_POINT('Ctrl Pts',(-2.99474453089233,-1.27363354709762,2.));
#6387=CARTESIAN_POINT('Ctrl Pts',(-4.94227467572361,0.757575758390626,0.301493002397801));
#6388=CARTESIAN_POINT('Ctrl Pts',(-5.01908966764179,0.256449917089109,0.299774161799011));
#6389=CARTESIAN_POINT('Ctrl Pts',(-5.01909137852681,-0.256438755061285,
0.299774123517227));
#6390=CARTESIAN_POINT('Ctrl Pts',(-4.94227467584851,-0.757575757575742,
0.301493002395006));
#6391=CARTESIAN_POINT('Ctrl Pts',(-4.94257715552287,0.755602439900359,0.690125011638117));
#6392=CARTESIAN_POINT('Ctrl Pts',(-5.01893497188823,0.256727567263564,0.693108917670577));
#6393=CARTESIAN_POINT('Ctrl Pts',(-5.01893667259123,-0.256716455370359,
0.693108984132426));
#6394=CARTESIAN_POINT('Ctrl Pts',(-4.94257715564685,-0.755602439089357,
0.690125011643056));
#6395=CARTESIAN_POINT('Ctrl Pts',(-4.62511191945866,0.70221074344842,1.60010684065523));
#6396=CARTESIAN_POINT('Ctrl Pts',(-4.68687730847534,0.240255498553589,1.61422857331886));
#6397=CARTESIAN_POINT('Ctrl Pts',(-4.68687868416506,-0.240245209000066,
1.61422888785198));
#6398=CARTESIAN_POINT('Ctrl Pts',(-4.62511191955923,-0.702210742696945,
1.60010684067847));
#6399=CARTESIAN_POINT('Ctrl Pts',(-3.72569309873193,0.56218210539535,2.01600284643469));
#6400=CARTESIAN_POINT('Ctrl Pts',(-3.75425088455874,0.190830343999049,2.0239931147331));
#6401=CARTESIAN_POINT('Ctrl Pts',(-3.75425152062073,-0.190822072544339,
2.02399329269954));
#6402=CARTESIAN_POINT('Ctrl Pts',(-3.72569309877828,-0.562182104791804,
2.01600284644715));
#6403=CARTESIAN_POINT('Ctrl Pts',(-3.21370328483666,0.483781191265852,2.00073221537278));
#6404=CARTESIAN_POINT('Ctrl Pts',(-3.22831119160009,0.163579148901435,1.99809031309529));
#6405=CARTESIAN_POINT('Ctrl Pts',(-3.22831151695904,-0.163572016753145,
1.9980902542531));
#6406=CARTESIAN_POINT('Ctrl Pts',(-3.21370328486042,-0.483781190745169,
2.00073221536848));
#6407=CARTESIAN_POINT('Ctrl Pts',(-3.24998666954844,-0.18450439784477,1.99994529187712));
#6408=CARTESIAN_POINT('Ctrl Pts',(-3.25068304341674,-0.17780917264885,1.99994365444468));
#6409=CARTESIAN_POINT('Ctrl Pts',(-3.25134149822953,-0.171109875792156,
1.99994206478977));
#6410=CARTESIAN_POINT('Ctrl Pts',(-3.25196191835239,-0.164406862881138,
1.9999405334235));
#6411=CARTESIAN_POINT('Ctrl Pts',(-3.25448904209394,-0.137103842809427,
1.99993429579206));
#6412=CARTESIAN_POINT('Ctrl Pts',(-3.2563852619488,-0.109743981325936,1.99992907236764));
#6413=CARTESIAN_POINT('Ctrl Pts',(-3.25765017395459,-0.0823536024365769,
1.99992551186473));
#6414=CARTESIAN_POINT('Ctrl Pts',(-3.25828345436769,-0.0686405612300421,
1.9999237292927));
#6415=CARTESIAN_POINT('Ctrl Pts',(-3.25875846965335,-0.0549204032684309,
1.99992235733479));
#6416=CARTESIAN_POINT('Ctrl Pts',(-3.25907519510634,-0.0411964161937655,
1.99992143775901));
#6417=CARTESIAN_POINT('Ctrl Pts',(-3.25923360927331,-0.0343321936963991,
1.99992097782177));
#6418=CARTESIAN_POINT('Ctrl Pts',(-3.25935242359584,-0.0274670802564818,
1.99992063063141));
#6419=CARTESIAN_POINT('Ctrl Pts',(-3.25943163653233,-0.0206014867444159,
1.99992039881796));
#6420=CARTESIAN_POINT('Ctrl Pts',(-3.25947124619978,-0.0171684127048347,
1.99992028290188));
#6421=CARTESIAN_POINT('Ctrl Pts',(-3.2595009538163,-0.0137352270119642,
1.99992019580776));
#6422=CARTESIAN_POINT('Ctrl Pts',(-3.25952075928484,-0.0103019810210778,
1.99992013770036));
#6423=CARTESIAN_POINT('Ctrl Pts',(-3.25954056527753,-0.00686864417053619,
1.99992007959143));
#6424=CARTESIAN_POINT('Ctrl Pts',(-3.25955046856586,-0.00343525261223935,
1.99992005047084));
#6425=CARTESIAN_POINT('Ctrl Pts',(-3.25955046911635,-1.85770010541268E-6,
1.99992005039365));
#6426=CARTESIAN_POINT('Ctrl Pts',(-3.25955047809871,0.0560214167230228,
1.99992004913405));
#6427=CARTESIAN_POINT('Ctrl Pts',(-3.25691567628905,0.112030410163324,1.9999284419921));
#6428=CARTESIAN_POINT('Ctrl Pts',(-3.25164450000174,0.167801704996487,1.99994131622744));
#6429=CARTESIAN_POINT('Ctrl Pts',(-3.25111814256153,0.173370791360866,1.9999426017943));
#6430=CARTESIAN_POINT('Ctrl Pts',(-3.25056553964179,0.178937501632075,1.99994392710739));
#6431=CARTESIAN_POINT('Ctrl Pts',(-3.24998671807329,0.184501609149822,1.99994528520522));
#6432=CARTESIAN_POINT('',(-4.94227467579203,0.757575757944238,0.301493002396269));
#6433=CARTESIAN_POINT('Origin',(-3.26190128602274,0.500000000243198,0.301493002396269));
#6434=CARTESIAN_POINT('',(-4.99992178336328,-2.02491349580396E-6,0.30028985093225));
#6435=CARTESIAN_POINT('Ctrl Pts',(-4.94227467576646,0.757575758111039,0.301493002396842));
#6436=CARTESIAN_POINT('Ctrl Pts',(-4.98068253140341,0.507010490897585,0.300633574049163));
#6437=CARTESIAN_POINT('Ctrl Pts',(-4.99988670709625,0.253504460892383,0.300203854329197));
#6438=CARTESIAN_POINT('Ctrl Pts',(-4.99988656126069,-2.9367618428755E-6,
0.300203857592669));
#6439=CARTESIAN_POINT('Ctrl Pts',(-4.9998865612607,-2.93676184297958E-6,
0.300203857592669));
#6440=CARTESIAN_POINT('Ctrl Pts',(-4.99988641542787,-0.253505586094267,
0.300203860856079));
#6441=CARTESIAN_POINT('Ctrl Pts',(-4.98068266747323,-0.507009603024482,
0.300633571005219));
#6442=CARTESIAN_POINT('Ctrl Pts',(-4.94227467584851,-0.757575757575742,
0.301493002395006));
#6443=CARTESIAN_POINT('Ctrl Pts',(-4.46848919905651,2.24334666913416,0.3));
#6444=CARTESIAN_POINT('Ctrl Pts',(-4.58557821044194,2.01011879138223,0.3));
#6445=CARTESIAN_POINT('Ctrl Pts',(-4.78317423919815,1.52526350580415,0.303016017374014));
#6446=CARTESIAN_POINT('Ctrl Pts',(-4.90273459068049,1.01552746676834,0.302377765926866));
#6447=CARTESIAN_POINT('Ctrl Pts',(-4.94227467579203,0.757575757944225,0.30149300239627));
#6448=CARTESIAN_POINT('Ctrl Pts',(-4.46848919905651,2.24334666913416,0.700599552581932));
#6449=CARTESIAN_POINT('Ctrl Pts',(-4.58441671890997,2.01218100594062,0.695644128026728));
#6450=CARTESIAN_POINT('Ctrl Pts',(-4.78260179810449,1.52756335759245,0.691185292776397));
#6451=CARTESIAN_POINT('Ctrl Pts',(-4.90300493346975,1.01408465035894,0.691779593347789));
#6452=CARTESIAN_POINT('Ctrl Pts',(-4.94257981673063,0.755585078705122,0.693544097056965));
#6453=CARTESIAN_POINT('Ctrl Pts',(-4.24838598372569,2.13284672318321,1.36552731797305));
#6454=CARTESIAN_POINT('Ctrl Pts',(-4.36238424743708,1.91987364780287,1.35258648171415));
#6455=CARTESIAN_POINT('Ctrl Pts',(-4.56115647832049,1.46145784283888,1.3359209245685));
#6456=CARTESIAN_POINT('Ctrl Pts',(-4.67600755583464,0.964057600061321,1.33845621648364));
#6457=CARTESIAN_POINT('Ctrl Pts',(-4.71031442433682,0.716599349711417,1.34450191782865));
#6458=CARTESIAN_POINT('Ctrl Pts',(-3.55177091071887,1.78312021964183,1.92970860674226));
#6459=CARTESIAN_POINT('Ctrl Pts',(-3.6608512584622,1.61704872156919,1.91847060332458));
#6460=CARTESIAN_POINT('Ctrl Pts',(-3.85445393823716,1.24072721158136,1.90349134075015));
#6461=CARTESIAN_POINT('Ctrl Pts',(-3.94923235131849,0.810741929879109,1.90581061635888));
#6462=CARTESIAN_POINT('Ctrl Pts',(-3.9688249601054,0.599995108179319,1.91121437071999));
#6463=CARTESIAN_POINT('Ctrl Pts',(-3.0676483943086,1.5400728301861,2.01573865507809));
#6464=CARTESIAN_POINT('Ctrl Pts',(-3.17139850255618,1.4035782181748,2.01278060202077));
#6465=CARTESIAN_POINT('Ctrl Pts',(-3.35673526946747,1.08324744000568,2.0095477062933));
#6466=CARTESIAN_POINT('Ctrl Pts',(-3.43736586118356,0.704017047172898,2.01001904786302));
#6467=CARTESIAN_POINT('Ctrl Pts',(-3.4481781406152,0.519668031668002,2.01123825258236));
#6468=CARTESIAN_POINT('Ctrl Pts',(-2.82971110728651,1.42061952135488,1.99473390376387));
#6469=CARTESIAN_POINT('Ctrl Pts',(-2.92982245205941,1.29770460685561,1.99744164680631));
#6470=CARTESIAN_POINT('Ctrl Pts',(-3.10918271851044,1.00446581828203,2.00239784120748));
#6471=CARTESIAN_POINT('Ctrl Pts',(-3.18292628127343,0.651253473064778,2.00155520856988));
#6472=CARTESIAN_POINT('Ctrl Pts',(-3.19006097390887,0.480161723802873,1.99985851439398));
#6473=CARTESIAN_POINT('',(-2.9492028713773,1.48060880162854,2.));
#6474=CARTESIAN_POINT('Ctrl Pts',(-2.99474453088419,1.27363354713399,2.));
#6475=CARTESIAN_POINT('Ctrl Pts',(-2.97901868600036,1.34424108773685,2.));
#6476=CARTESIAN_POINT('Ctrl Pts',(-2.96285986443413,1.418200266681,2.));
#6477=CARTESIAN_POINT('Ctrl Pts',(-2.94986373291668,1.47758899323799,2.));
#6478=CARTESIAN_POINT('Ctrl Pts',(-2.94953332612764,1.47909881765796,2.));
#6479=CARTESIAN_POINT('Ctrl Pts',(-2.9492028713773,1.48060880162855,2.));
#6480=CARTESIAN_POINT('',(-4.46848919905651,2.24334666913416,0.3));
#6481=CARTESIAN_POINT('Origin',(-2.9492028713773,1.48060880162854,0.3));
#6482=CARTESIAN_POINT('Ctrl Pts',(-4.46848919905651,2.24334666913416,0.3));
#6483=CARTESIAN_POINT('Ctrl Pts',(-4.58557821044194,2.01011879138223,0.3));
#6484=CARTESIAN_POINT('Ctrl Pts',(-4.78317423919815,1.52526350580415,0.303016017374014));
#6485=CARTESIAN_POINT('Ctrl Pts',(-4.90273459068049,1.01552746676834,0.302377765926866));
#6486=CARTESIAN_POINT('Ctrl Pts',(-4.94227467579203,0.757575757944225,0.30149300239627));
#6487=CARTESIAN_POINT('Ctrl Pts',(-0.757575757575758,4.94227467584851,0.301493002395006));
#6488=CARTESIAN_POINT('Ctrl Pts',(-1.0155348369643,4.9027334609609,0.302377791206584));
#6489=CARTESIAN_POINT('Ctrl Pts',(-1.5252742644034,4.78317880218217,0.303057022435747));
#6490=CARTESIAN_POINT('Ctrl Pts',(-2.01011346296875,4.58558088550237,0.3));
#6491=CARTESIAN_POINT('Ctrl Pts',(-2.24334666913416,4.46848919905651,0.3));
#6492=CARTESIAN_POINT('Ctrl Pts',(-0.755589553075846,4.9425791308773,0.692662826680325));
#6493=CARTESIAN_POINT('Ctrl Pts',(-1.01406163152584,4.90301264725873,0.690952577445859));
#6494=CARTESIAN_POINT('Ctrl Pts',(-1.52767527948037,4.78280088188848,0.690322845836936));
#6495=CARTESIAN_POINT('Ctrl Pts',(-2.01219411636233,4.58441754829316,0.694851612698892));
#6496=CARTESIAN_POINT('Ctrl Pts',(-2.24334666913416,4.46848919905651,0.699699066588169));
#6497=CARTESIAN_POINT('Ctrl Pts',(-0.701491138847558,4.62070456154114,1.60857778525394));
#6498=CARTESIAN_POINT('Ctrl Pts',(-0.944693964583888,4.58844697211816,1.6007201907788));
#6499=CARTESIAN_POINT('Ctrl Pts',(-1.43608260330056,4.4756897806779,1.59702133488775));
#6500=CARTESIAN_POINT('Ctrl Pts',(-1.88429441468154,4.27660923147349,1.61945812292726));
#6501=CARTESIAN_POINT('Ctrl Pts',(-2.09016108743465,4.16336109438438,1.63579508937941));
#6502=CARTESIAN_POINT('Ctrl Pts',(-0.559950870039672,3.71130412200697,2.02093324607059));
#6503=CARTESIAN_POINT('Ctrl Pts',(-0.757929430294346,3.6966903594007,2.01659812674896));
#6504=CARTESIAN_POINT('Ctrl Pts',(-1.16363427058381,3.60921757490367,2.01537522946745));
#6505=CARTESIAN_POINT('Ctrl Pts',(-1.5114259789738,3.4177158711357,2.026137537319));
#6506=CARTESIAN_POINT('Ctrl Pts',(-1.66187699384771,3.31026831445323,2.03516287407318));
#6507=CARTESIAN_POINT('Ctrl Pts',(-0.481094295026339,3.19615361304976,2.00011592047105));
#6508=CARTESIAN_POINT('Ctrl Pts',(-0.652503706082889,3.1889317809159,2.00174417890795));
#6509=CARTESIAN_POINT('Ctrl Pts',(-1.00647757470086,3.11520087524406,2.00257602702578));
#6510=CARTESIAN_POINT('Ctrl Pts',(-1.30020087657189,2.93552706121638,1.9977927390922));
#6511=CARTESIAN_POINT('Ctrl Pts',(-1.42343930967956,2.83532780213168,1.99521801482718));
#6512=CARTESIAN_POINT('',(-0.757575757575736,4.94227467584852,0.301493002395006));
#6513=CARTESIAN_POINT('Origin',(-0.499999999999987,3.26190128606002,0.301493002395006));
#6514=CARTESIAN_POINT('',(-2.24334666913416,4.46848919905651,0.3));
#6515=CARTESIAN_POINT('Ctrl Pts',(-0.757575757575758,4.94227467584851,0.301493002395006));
#6516=CARTESIAN_POINT('Ctrl Pts',(-1.0155348369643,4.9027334609609,0.302377791206584));
#6517=CARTESIAN_POINT('Ctrl Pts',(-1.5252742644034,4.78317880218217,0.303057022435747));
#6518=CARTESIAN_POINT('Ctrl Pts',(-2.01011346296875,4.58558088550237,0.3));
#6519=CARTESIAN_POINT('Ctrl Pts',(-2.24334666913416,4.46848919905651,0.3));
#6520=CARTESIAN_POINT('',(-1.48060880162854,2.9492028713773,2.));
#6521=CARTESIAN_POINT('Origin',(-1.48060880162854,2.9492028713773,0.3));
#6522=CARTESIAN_POINT('Ctrl Pts',(-1.48060880162854,2.9492028713773,2.));
#6523=CARTESIAN_POINT('Ctrl Pts',(-1.47909748004193,2.94953361886027,2.));
#6524=CARTESIAN_POINT('Ctrl Pts',(-1.47758596640217,2.94986439530015,2.));
#6525=CARTESIAN_POINT('Ctrl Pts',(-1.41745905192304,2.96302206497557,2.));
#6526=CARTESIAN_POINT('Ctrl Pts',(-1.34363377931279,2.97915394688026,2.));
#6527=CARTESIAN_POINT('Ctrl Pts',(-1.27363354709769,2.99474453089231,2.));
#6528=CARTESIAN_POINT('Ctrl Pts',(0.757575758390617,4.94227467572361,0.301493002397801));
#6529=CARTESIAN_POINT('Ctrl Pts',(0.256449917089103,5.01908966764178,0.299774161799011));
#6530=CARTESIAN_POINT('Ctrl Pts',(-0.256438755061288,5.01909137852681,0.299774123517227));
#6531=CARTESIAN_POINT('Ctrl Pts',(-0.757575757575741,4.94227467584851,0.301493002395006));
#6532=CARTESIAN_POINT('Ctrl Pts',(0.75560243990035,4.94257715552287,0.690125011638116));
#6533=CARTESIAN_POINT('Ctrl Pts',(0.256727567263557,5.01893497188823,0.693108917670577));
#6534=CARTESIAN_POINT('Ctrl Pts',(-0.256716455370363,5.01893667259123,0.693108984132425));
#6535=CARTESIAN_POINT('Ctrl Pts',(-0.755602439089356,4.94257715564685,0.690125011643056));
#6536=CARTESIAN_POINT('Ctrl Pts',(0.702210743448411,4.62511191945866,1.60010684065523));
#6537=CARTESIAN_POINT('Ctrl Pts',(0.240255498553572,4.68687730847534,1.61422857331886));
#6538=CARTESIAN_POINT('Ctrl Pts',(-0.240245209000066,4.68687868416506,1.61422888785198));
#6539=CARTESIAN_POINT('Ctrl Pts',(-0.702210742696944,4.62511191955923,1.60010684067846));
#6540=CARTESIAN_POINT('Ctrl Pts',(0.562182105395343,3.72569309873193,2.01600284643469));
#6541=CARTESIAN_POINT('Ctrl Pts',(0.190830343999037,3.75425088455874,2.02399311473309));
#6542=CARTESIAN_POINT('Ctrl Pts',(-0.190822072544343,3.75425152062074,2.02399329269954));
#6543=CARTESIAN_POINT('Ctrl Pts',(-0.562182104791804,3.72569309877829,2.01600284644715));
#6544=CARTESIAN_POINT('Ctrl Pts',(0.483781191265847,3.21370328483667,2.00073221537278));
#6545=CARTESIAN_POINT('Ctrl Pts',(0.163579148901421,3.2283111916001,1.99809031309529));
#6546=CARTESIAN_POINT('Ctrl Pts',(-0.163572016753147,3.22831151695904,1.9980902542531));
#6547=CARTESIAN_POINT('Ctrl Pts',(-0.483781190745169,3.21370328486042,2.00073221536848));
#6548=CARTESIAN_POINT('Ctrl Pts',(-0.184504397844957,3.24998666954845,1.99994529187712));
#6549=CARTESIAN_POINT('Ctrl Pts',(-0.177809172649017,3.25068304341675,1.99994365444468));
#6550=CARTESIAN_POINT('Ctrl Pts',(-0.171109875792293,3.25134149822954,1.99994206478977));
#6551=CARTESIAN_POINT('Ctrl Pts',(-0.164406862881238,3.2519619183524,1.9999405334235));
#6552=CARTESIAN_POINT('Ctrl Pts',(-0.13710384280899,3.254489042094,1.99993429579206));
#6553=CARTESIAN_POINT('Ctrl Pts',(-0.109743981324956,3.25638526194884,1.99992907236764));
#6554=CARTESIAN_POINT('Ctrl Pts',(-0.0823536024366321,3.25765017395458,
1.99992551186473));
#6555=CARTESIAN_POINT('Ctrl Pts',(-0.0686405612311165,3.25828345436763,
1.9999237292927));
#6556=CARTESIAN_POINT('Ctrl Pts',(-0.0549204032705261,3.25875846965332,
1.99992235733479));
#6557=CARTESIAN_POINT('Ctrl Pts',(-0.0411964161937972,3.25907519510636,
1.99992143775901));
#6558=CARTESIAN_POINT('Ctrl Pts',(-0.0343321936928342,3.25923360927341,
1.99992097782177));
#6559=CARTESIAN_POINT('Ctrl Pts',(-0.0274670802493205,3.2593524235959,1.99992063063141));
#6560=CARTESIAN_POINT('Ctrl Pts',(-0.0206014867444375,3.25943163653231,
1.99992039881796));
#6561=CARTESIAN_POINT('Ctrl Pts',(-0.0171684127079106,3.25947124619972,
1.99992028290188));
#6562=CARTESIAN_POINT('Ctrl Pts',(-0.0137352270180967,3.25950095381626,
1.99992019580776));
#6563=CARTESIAN_POINT('Ctrl Pts',(-0.0103019810210931,3.25952075928484,
1.99992013770036));
#6564=CARTESIAN_POINT('Ctrl Pts',(-0.00686864416756014,3.25954056527754,
1.99992007959142));
#6565=CARTESIAN_POINT('Ctrl Pts',(-0.00343525260627009,3.25955046856584,
1.99992005047084));
#6566=CARTESIAN_POINT('Ctrl Pts',(-1.8577001159933E-6,3.25955046911633,
1.99992005039365));
#6567=CARTESIAN_POINT('Ctrl Pts',(0.0560214167205187,3.25955047809869,1.99992004913405));
#6568=CARTESIAN_POINT('Ctrl Pts',(0.112030410158451,3.25691567628928,1.9999284419921));
#6569=CARTESIAN_POINT('Ctrl Pts',(0.167801704989293,3.25164450000243,1.99994131622744));
#6570=CARTESIAN_POINT('Ctrl Pts',(0.173370791356028,3.25111814256202,1.9999426017943));
#6571=CARTESIAN_POINT('Ctrl Pts',(0.178937501629588,3.25056553964206,1.99994392710739));
#6572=CARTESIAN_POINT('Ctrl Pts',(0.184501609149687,3.24998671807332,1.99994528520522));
#6573=CARTESIAN_POINT('',(0.757575757944232,4.94227467579203,0.30149300239627));
#6574=CARTESIAN_POINT('Origin',(0.500000000243194,3.26190128602274,0.30149300239627));
#6575=CARTESIAN_POINT('Ctrl Pts',(0.757575758111024,4.94227467576646,0.301493002396842));
#6576=CARTESIAN_POINT('Ctrl Pts',(0.256449916898335,5.01908966764178,0.299774161799011));
#6577=CARTESIAN_POINT('Ctrl Pts',(-0.256438755154484,5.01909137851252,0.299774123517547));
#6578=CARTESIAN_POINT('Ctrl Pts',(-0.757575757575736,4.94227467584852,0.301493002395006));
#6579=CARTESIAN_POINT('Origin',(0.,0.,2.));
#6580=CARTESIAN_POINT('Origin',(0.,0.,2.));
#6581=CARTESIAN_POINT('Origin',(0.,0.,2.));
#6582=CARTESIAN_POINT('Origin',(0.,0.,2.));
#6583=CARTESIAN_POINT('',(2.9492028713773,1.48060880162854,2.));
#6584=CARTESIAN_POINT('Ctrl Pts',(2.94920287137729,1.48060880162854,2.));
#6585=CARTESIAN_POINT('Ctrl Pts',(2.94953362530319,1.47909745060154,2.));
#6586=CARTESIAN_POINT('Ctrl Pts',(2.94986438885814,1.47758599584287,2.));
#6587=CARTESIAN_POINT('Ctrl Pts',(2.96302214792114,1.41745867286267,2.));
#6588=CARTESIAN_POINT('Ctrl Pts',(2.97915396721859,1.34363368799571,2.));
#6589=CARTESIAN_POINT('Ctrl Pts',(2.99474453089233,1.27363354709765,2.));
#6590=CARTESIAN_POINT('',(1.48060880162854,2.9492028713773,2.));
#6591=CARTESIAN_POINT('Origin',(0.,0.,2.));
#6592=CARTESIAN_POINT('Ctrl Pts',(1.27363354713409,2.99474453088422,2.));
#6593=CARTESIAN_POINT('Ctrl Pts',(1.34424167980528,2.97901855413382,2.));
#6594=CARTESIAN_POINT('Ctrl Pts',(1.41820233968487,2.96285941082183,2.));
#6595=CARTESIAN_POINT('Ctrl Pts',(1.4775888290547,2.94986376884217,2.));
#6596=CARTESIAN_POINT('Ctrl Pts',(1.4790989818396,2.94953329019706,2.));
#6597=CARTESIAN_POINT('Ctrl Pts',(1.48060880162854,2.9492028713773,2.));
#6598=CARTESIAN_POINT('Origin',(0.,0.,2.));
#6599=CARTESIAN_POINT('Origin',(0.,0.,2.));
#6600=CARTESIAN_POINT('Ctrl Pts',(3.2499866695485,0.184504397844662,1.99994529187717));
#6601=CARTESIAN_POINT('Ctrl Pts',(3.25068304341762,0.177809172640719,1.99994365444474));
#6602=CARTESIAN_POINT('Ctrl Pts',(3.25134149823112,0.171109875775991,1.99994206478982));
#6603=CARTESIAN_POINT('Ctrl Pts',(3.25196191835463,0.164406862856938,1.99994053342355));
#6604=CARTESIAN_POINT('Ctrl Pts',(3.25448904209544,0.137103842789191,1.99993429579212));
#6605=CARTESIAN_POINT('Ctrl Pts',(3.25638526194974,0.109743981309684,1.99992907236771));
#6606=CARTESIAN_POINT('Ctrl Pts',(3.25765017395516,0.0823536024244094,1.9999255118648));
#6607=CARTESIAN_POINT('Ctrl Pts',(3.25828345436813,0.0686405612186313,1.99992372929277));
#6608=CARTESIAN_POINT('Ctrl Pts',(3.25875846965362,0.0549204032577814,1.99992235733487));
#6609=CARTESIAN_POINT('Ctrl Pts',(3.25907519510646,0.0411964161876716,1.99992143775909));
#6610=CARTESIAN_POINT('Ctrl Pts',(3.25923360927332,0.0343321936937424,1.99992097782185));
#6611=CARTESIAN_POINT('Ctrl Pts',(3.25935242359585,0.0274670802572616,1.99992063063149));
#6612=CARTESIAN_POINT('Ctrl Pts',(3.25943163653237,0.0206014867413679,1.99992039881805));
#6613=CARTESIAN_POINT('Ctrl Pts',(3.25947124619982,0.0171684127013854,1.99992028290196));
#6614=CARTESIAN_POINT('Ctrl Pts',(3.25950095381633,0.0137352270081167,1.99992019580785));
#6615=CARTESIAN_POINT('Ctrl Pts',(3.25952075928485,0.0103019810195518,1.99992013770045));
#6616=CARTESIAN_POINT('Ctrl Pts',(3.25954056527752,0.00686864417056497,
1.99992007959151));
#6617=CARTESIAN_POINT('Ctrl Pts',(3.25955046856587,0.00343525261382292,
1.99992005047093));
#6618=CARTESIAN_POINT('Ctrl Pts',(3.25955046911636,1.85770010339546E-6,
1.99992005039373));
#6619=CARTESIAN_POINT('Ctrl Pts',(3.25955047809872,-0.0560214167083413,
1.99992004913414));
#6620=CARTESIAN_POINT('Ctrl Pts',(3.25691567629043,-0.112030410134818,1.9999284419922));
#6621=CARTESIAN_POINT('Ctrl Pts',(3.25164450000575,-0.167801704954469,1.99994131622752));
#6622=CARTESIAN_POINT('Ctrl Pts',(3.25111814256434,-0.17337079133294,1.99994260179439));
#6623=CARTESIAN_POINT('Ctrl Pts',(3.25056553964327,-0.178937501618232,1.99994392710748));
#6624=CARTESIAN_POINT('Ctrl Pts',(3.24998671807331,-0.184501609150048,1.99994528520531));
#6625=CARTESIAN_POINT('Origin',(0.,0.,2.));
#6626=CARTESIAN_POINT('Origin',(0.,0.,2.));
#6627=CARTESIAN_POINT('Origin',(0.,0.,2.));
#6628=CARTESIAN_POINT('',(1.48060880162854,-2.9492028713773,2.));
#6629=CARTESIAN_POINT('Ctrl Pts',(1.48060880162854,-2.9492028713773,2.));
#6630=CARTESIAN_POINT('Ctrl Pts',(1.47909749515999,-2.94953361555173,2.));
#6631=CARTESIAN_POINT('Ctrl Pts',(1.47758595128396,-2.94986439860822,2.));
#6632=CARTESIAN_POINT('Ctrl Pts',(1.41745924654383,-2.96302202238885,2.));
#6633=CARTESIAN_POINT('Ctrl Pts',(1.34363382619749,-2.97915393643803,2.));
#6634=CARTESIAN_POINT('Ctrl Pts',(1.27363354709764,-2.99474453089234,2.));
#6635=CARTESIAN_POINT('',(2.9492028713773,-1.48060880162854,2.));
#6636=CARTESIAN_POINT('Origin',(0.,0.,2.));
#6637=CARTESIAN_POINT('Ctrl Pts',(2.99474453088422,-1.27363354713409,2.));
#6638=CARTESIAN_POINT('Ctrl Pts',(2.97901862585589,-1.34424135778007,2.));
#6639=CARTESIAN_POINT('Ctrl Pts',(2.96285965754123,-1.41820121217949,2.));
#6640=CARTESIAN_POINT('Ctrl Pts',(2.94986374927573,-1.47758891847542,2.));
#6641=CARTESIAN_POINT('Ctrl Pts',(2.94953330976627,-1.47909889241979,2.));
#6642=CARTESIAN_POINT('Ctrl Pts',(2.94920287137729,-1.48060880162854,2.));
#6643=CARTESIAN_POINT('Ctrl Pts',(2.24334666913415,4.46848919905651,0.3));
#6644=CARTESIAN_POINT('Ctrl Pts',(2.01011879138223,4.58557821044194,0.3));
#6645=CARTESIAN_POINT('Ctrl Pts',(1.52526350580415,4.78317423919815,0.303016017374014));
#6646=CARTESIAN_POINT('Ctrl Pts',(1.01552746676834,4.90273459068049,0.302377765926867));
#6647=CARTESIAN_POINT('Ctrl Pts',(0.75757575794423,4.94227467579203,0.30149300239627));
#6648=CARTESIAN_POINT('Ctrl Pts',(2.24334666913415,4.46848919905651,0.700599552582444));
#6649=CARTESIAN_POINT('Ctrl Pts',(2.01218100594061,4.58441671890997,0.695644128027233));
#6650=CARTESIAN_POINT('Ctrl Pts',(1.52756335759245,4.78260179810449,0.691185292776893));
#6651=CARTESIAN_POINT('Ctrl Pts',(1.01408465035894,4.90300493346975,0.691779593348286));
#6652=CARTESIAN_POINT('Ctrl Pts',(0.755585078705124,4.94257981673063,0.693544097057466));
#6653=CARTESIAN_POINT('Ctrl Pts',(2.13284672318292,4.24838598372511,1.3655273179744));
#6654=CARTESIAN_POINT('Ctrl Pts',(1.91987364780262,4.3623842474365,1.35258648171549));
#6655=CARTESIAN_POINT('Ctrl Pts',(1.46145784283871,4.56115647831991,1.33592092456981));
#6656=CARTESIAN_POINT('Ctrl Pts',(0.964057600061194,4.67600755583403,1.33845621648496));
#6657=CARTESIAN_POINT('Ctrl Pts',(0.716599349711321,4.7103144243362,1.34450191782997));
#6658=CARTESIAN_POINT('Ctrl Pts',(1.78312021964075,3.55177091071673,1.92970860674343));
#6659=CARTESIAN_POINT('Ctrl Pts',(1.61704872156825,3.66085125846005,1.91847060332577));
#6660=CARTESIAN_POINT('Ctrl Pts',(1.24072721158068,3.85445393823499,1.90349134075136));
#6661=CARTESIAN_POINT('Ctrl Pts',(0.810741929878643,3.94923235131625,1.90581061636008));
#6662=CARTESIAN_POINT('Ctrl Pts',(0.599995108178968,3.96882496010313,1.91121437072119));
#6663=CARTESIAN_POINT('Ctrl Pts',(1.54007283018462,3.06764839430568,2.01573865507839));
#6664=CARTESIAN_POINT('Ctrl Pts',(1.40357821817351,3.17139850255322,2.01278060202113));
#6665=CARTESIAN_POINT('Ctrl Pts',(1.08324744000473,3.35673526946445,2.00954770629374));
#6666=CARTESIAN_POINT('Ctrl Pts',(0.704017047172255,3.43736586118046,2.01001904786345));
#6667=CARTESIAN_POINT('Ctrl Pts',(0.519668031667521,3.44817814061205,2.01123825258276));
#6668=CARTESIAN_POINT('Ctrl Pts',(1.42061952135328,2.82971110728332,1.99473390376359));
#6669=CARTESIAN_POINT('Ctrl Pts',(1.29770460685419,2.92982245205617,1.9974416468061));
#6670=CARTESIAN_POINT('Ctrl Pts',(1.00446581828097,3.10918271850712,2.00239784120739));
#6671=CARTESIAN_POINT('Ctrl Pts',(0.651253473064074,3.18292628127002,2.00155520856977));
#6672=CARTESIAN_POINT('Ctrl Pts',(0.480161723802347,3.19006097390541,1.99985851439383));
#6673=CARTESIAN_POINT('',(2.24334666913416,4.46848919905651,0.3));
#6674=CARTESIAN_POINT('Origin',(1.48060880162854,2.9492028713773,0.3));
#6675=CARTESIAN_POINT('Ctrl Pts',(2.24334666913415,4.46848919905651,0.3));
#6676=CARTESIAN_POINT('Ctrl Pts',(2.01011879138223,4.58557821044194,0.3));
#6677=CARTESIAN_POINT('Ctrl Pts',(1.52526350580415,4.78317423919815,0.303016017374014));
#6678=CARTESIAN_POINT('Ctrl Pts',(1.01552746676834,4.90273459068049,0.302377765926867));
#6679=CARTESIAN_POINT('Ctrl Pts',(0.75757575794423,4.94227467579203,0.30149300239627));
#6680=CARTESIAN_POINT('Ctrl Pts',(4.46848919905651,-2.24334666913416,0.3));
#6681=CARTESIAN_POINT('Ctrl Pts',(4.70266722182738,-1.77689091363031,0.3));
#6682=CARTESIAN_POINT('Ctrl Pts',(4.86319450556894,-1.27347917559246,0.303262529457463));
#6683=CARTESIAN_POINT('Ctrl Pts',(4.94227467579203,-0.757575757944233,0.30149300239627));
#6684=CARTESIAN_POINT('Ctrl Pts',(4.46848919905651,-2.24334666913416,0.834132736777017));
#6685=CARTESIAN_POINT('Ctrl Pts',(4.69943432745885,-1.78193165827007,0.820662338933086));
#6686=CARTESIAN_POINT('Ctrl Pts',(4.86329259451613,-1.27260773325232,0.818806743879144));
#6687=CARTESIAN_POINT('Ctrl Pts',(4.94268153037683,-0.754921518958756,0.82422779527828));
#6688=CARTESIAN_POINT('Ctrl Pts',(4.04662579385211,-2.03155565370668,1.75806093279936));
#6689=CARTESIAN_POINT('Ctrl Pts',(4.27272369259538,-1.63673246543976,1.72359965161482));
#6690=CARTESIAN_POINT('Ctrl Pts',(4.4388971690429,-1.15628620724383,1.71258462538772));
#6691=CARTESIAN_POINT('Ctrl Pts',(4.49767963567159,-0.682005797856316,1.72931998836299));
#6692=CARTESIAN_POINT('Ctrl Pts',(3.18661703781511,-1.59979948459942,2.02624103073617));
#6693=CARTESIAN_POINT('Ctrl Pts',(3.39785617105031,-1.31346367641268,2.01455543381413));
#6694=CARTESIAN_POINT('Ctrl Pts',(3.55204825268324,-0.921261428268152,2.01152095836431));
#6695=CARTESIAN_POINT('Ctrl Pts',(3.5772367239635,-0.539421185599821,2.01692812167764));
#6696=CARTESIAN_POINT('Ctrl Pts',(2.82971110728133,-1.42061952135228,1.99473390376341));
#6697=CARTESIAN_POINT('Ctrl Pts',(3.02993379682695,-1.17478969235435,2.00014938984854));
#6698=CARTESIAN_POINT('Ctrl Pts',(3.17579158863253,-0.822345222325251,2.00325190274565));
#6699=CARTESIAN_POINT('Ctrl Pts',(3.19006097390325,-0.480161723802018,1.99985851439374));
#6700=CARTESIAN_POINT('',(4.46848919905651,-2.24334666913416,0.3));
#6701=CARTESIAN_POINT('Origin',(2.9492028713773,-1.48060880162854,0.3));
#6702=CARTESIAN_POINT('',(4.94227467579203,-0.757575757944233,0.30149300239627));
#6703=CARTESIAN_POINT('Ctrl Pts',(4.46848919905651,-2.24334666913416,0.3));
#6704=CARTESIAN_POINT('Ctrl Pts',(4.70266722182738,-1.77689091363031,0.3));
#6705=CARTESIAN_POINT('Ctrl Pts',(4.86319450556894,-1.27347917559246,0.303262529457463));
#6706=CARTESIAN_POINT('Ctrl Pts',(4.94227467579203,-0.757575757944233,0.30149300239627));
#6707=CARTESIAN_POINT('Origin',(3.26190128602274,-0.500000000243194,0.30149300239627));
#6708=CARTESIAN_POINT('Origin',(-0.5,1.95,1.));
#6709=CARTESIAN_POINT('',(-0.9,1.95,1.));
#6710=CARTESIAN_POINT('Origin',(-1.95,0.5,1.));
#6711=CARTESIAN_POINT('',(-1.95,0.9,1.));
#6712=CARTESIAN_POINT('',(-2.35,0.5,1.));
#6713=CARTESIAN_POINT('Origin',(-2.35,1.,1.));
#6714=CARTESIAN_POINT('',(-2.35,-0.5,1.));
#6715=CARTESIAN_POINT('Origin',(-1.95,-0.5,1.));
#6716=CARTESIAN_POINT('',(-1.95,-0.9,1.));
#6717=CARTESIAN_POINT('Origin',(0.,0.,0.3));
#6718=CARTESIAN_POINT('Origin',(0.,0.,0.3));
#6719=CARTESIAN_POINT('Ctrl Pts',(0.757575757575757,-4.94227467584851,0.301493002395006));
#6720=CARTESIAN_POINT('Ctrl Pts',(1.27349391635285,-4.86319224607329,0.303262580018161));
#6721=CARTESIAN_POINT('Ctrl Pts',(1.77688025680334,-4.70267257194823,0.3));
#6722=CARTESIAN_POINT('Ctrl Pts',(2.24334666913416,-4.46848919905651,0.3));
#6723=CARTESIAN_POINT('Ctrl Pts',(0.754927484909208,-4.9426806158869,0.823052768108764));
#6724=CARTESIAN_POINT('Ctrl Pts',(1.27262069095195,-4.86329264270325,0.817649278095017));
#6725=CARTESIAN_POINT('Ctrl Pts',(1.78191516475759,-4.69944846127332,0.819494821869635));
#6726=CARTESIAN_POINT('Ctrl Pts',(2.24334666913416,-4.46848919905651,0.832932088784226));
#6727=CARTESIAN_POINT('Ctrl Pts',(0.682346737902816,-4.49979793215617,1.72619550145712));
#6728=CARTESIAN_POINT('Ctrl Pts',(1.15684786072773,-4.44091466898554,1.70949428526791));
#6729=CARTESIAN_POINT('Ctrl Pts',(1.63742976814848,-4.27475289303533,1.72047948577058));
#6730=CARTESIAN_POINT('Ctrl Pts',(2.03256544594747,-4.04863718414828,1.75487826127526));
#6731=CARTESIAN_POINT('Ctrl Pts',(0.540236726286338,-3.58251649476766,2.01572891467071));
#6732=CARTESIAN_POINT('Ctrl Pts',(0.922623393082018,-3.55714356166865,2.01024161334561));
#6733=CARTESIAN_POINT('Ctrl Pts',(1.31531600236308,-3.40287755871047,2.01333177397484));
#6734=CARTESIAN_POINT('Ctrl Pts',(1.60226757280567,-3.19153318637284,2.02517665926168));
#6735=CARTESIAN_POINT('Ctrl Pts',(0.481094295026339,-3.19615361304976,2.00011592047105));
#6736=CARTESIAN_POINT('Ctrl Pts',(0.823913117139435,-3.18170994878205,2.00337243734486));
#6737=CARTESIAN_POINT('Ctrl Pts',(1.17696244346424,-3.03572632030106,2.00036746335722));
#6738=CARTESIAN_POINT('Ctrl Pts',(1.42343930967956,-2.83532780213168,1.99521801482718));
#6739=CARTESIAN_POINT('',(2.24334666913416,-4.46848919905651,0.3));
#6740=CARTESIAN_POINT('Ctrl Pts',(0.757575757575757,-4.94227467584851,0.301493002395006));
#6741=CARTESIAN_POINT('Ctrl Pts',(1.27349391635285,-4.86319224607329,0.303262580018161));
#6742=CARTESIAN_POINT('Ctrl Pts',(1.77688025680334,-4.70267257194823,0.3));
#6743=CARTESIAN_POINT('Ctrl Pts',(2.24334666913416,-4.46848919905651,0.3));
#6744=CARTESIAN_POINT('Origin',(1.48060880162854,-2.9492028713773,0.3));
#6745=CARTESIAN_POINT('Origin',(0.,0.,0.3));
#6746=CARTESIAN_POINT('Origin',(0.,0.,0.3));
#6747=CARTESIAN_POINT('Ctrl Pts',(4.94227467578405,-0.757575757996289,0.301493002396448));
#6748=CARTESIAN_POINT('Ctrl Pts',(5.0190896676421,-0.256449916820066,0.299774161799783));
#6749=CARTESIAN_POINT('Ctrl Pts',(5.01909137850666,0.256438755192736,0.299774123517678));
#6750=CARTESIAN_POINT('Ctrl Pts',(4.94227467584851,0.757575757575745,0.301493002395006));
#6751=CARTESIAN_POINT('Ctrl Pts',(4.94257715558286,-0.755602439507918,0.69012501163718));
#6752=CARTESIAN_POINT('Ctrl Pts',(5.01893497188881,-0.256727566994167,0.693108917668144));
#6753=CARTESIAN_POINT('Ctrl Pts',(5.0189366725712,0.256716455501224,0.693108984128277));
#6754=CARTESIAN_POINT('Ctrl Pts',(4.94257715564685,0.755602439089377,0.69012501163973));
#6755=CARTESIAN_POINT('Ctrl Pts',(4.62511191951302,-0.702210743085698,1.6001068406553));
#6756=CARTESIAN_POINT('Ctrl Pts',(4.68687730848228,-0.24025549830214,1.61422857330885));
#6757=CARTESIAN_POINT('Ctrl Pts',(4.68687868415481,0.240245209121544,1.61422888783697));
#6758=CARTESIAN_POINT('Ctrl Pts',(4.62511191956493,0.702210742697878,1.60010684066729));
#6759=CARTESIAN_POINT('Ctrl Pts',(3.72569309877319,-0.562182105106203,2.01600284643418));
#6760=CARTESIAN_POINT('Ctrl Pts',(3.7542508845784,-0.19083034379973,2.02399311472717));
#6761=CARTESIAN_POINT('Ctrl Pts',(3.75425152063273,0.190822072642775,2.0239932926911));
#6762=CARTESIAN_POINT('Ctrl Pts',(3.72569309879711,0.562182104794727,2.01600284644061));
#6763=CARTESIAN_POINT('Ctrl Pts',(3.21370328487117,-0.483781191017408,2.00073221537139));
#6764=CARTESIAN_POINT('Ctrl Pts',(3.22831119162376,-0.163579148731041,1.99809031309661));
#6765=CARTESIAN_POINT('Ctrl Pts',(3.22831151697884,0.163572016838371,1.99809025425494));
#6766=CARTESIAN_POINT('Ctrl Pts',(3.21370328488343,0.483781190748695,2.00073221536917));
#6767=CARTESIAN_POINT('',(4.94227467584851,0.75757575757574,0.301493002395006));
#6768=CARTESIAN_POINT('Ctrl Pts',(4.94227467581982,-0.757575757762964,0.301493002395648));
#6769=CARTESIAN_POINT('Ctrl Pts',(4.98818738712882,-0.458050293708057,0.300465642629399));
#6770=CARTESIAN_POINT('Ctrl Pts',(5.00679733759127,-0.15432671295666,0.300391598919844));
#6771=CARTESIAN_POINT('Ctrl Pts',(4.99173044034256,0.352463739505263,0.30058844535653));
#6772=CARTESIAN_POINT('Ctrl Pts',(4.97317807645733,0.555968073196683,0.300801496502329));
#6773=CARTESIAN_POINT('Ctrl Pts',(4.94227467584851,0.757575757575745,0.301493002395006));
#6774=CARTESIAN_POINT('Origin',(3.26190128606002,0.499999999999988,0.301493002395006));
#6775=CARTESIAN_POINT('Ctrl Pts',(4.94227467584851,0.757575757575757,0.301493002395006));
#6776=CARTESIAN_POINT('Ctrl Pts',(4.9027334609609,1.0155348369643,0.302377791206584));
#6777=CARTESIAN_POINT('Ctrl Pts',(4.78317880218217,1.5252742644034,0.303057022435747));
#6778=CARTESIAN_POINT('Ctrl Pts',(4.58558088550237,2.01011346296875,0.3));
#6779=CARTESIAN_POINT('Ctrl Pts',(4.46848919905651,2.24334666913416,0.3));
#6780=CARTESIAN_POINT('Ctrl Pts',(4.9425791308773,0.755589553075846,0.692662826680323));
#6781=CARTESIAN_POINT('Ctrl Pts',(4.90301264725873,1.01406163152584,0.690952577445857));
#6782=CARTESIAN_POINT('Ctrl Pts',(4.78280088188848,1.52767527948037,0.690322845836935));
#6783=CARTESIAN_POINT('Ctrl Pts',(4.58441754829316,2.01219411636234,0.69485161269889));
#6784=CARTESIAN_POINT('Ctrl Pts',(4.46848919905651,2.24334666913416,0.699699066588167));
#6785=CARTESIAN_POINT('Ctrl Pts',(4.62070456154115,0.701491138847559,1.60857778525394));
#6786=CARTESIAN_POINT('Ctrl Pts',(4.58844697211816,0.944693964583887,1.60072019077879));
#6787=CARTESIAN_POINT('Ctrl Pts',(4.4756897806779,1.43608260330056,1.59702133488775));
#6788=CARTESIAN_POINT('Ctrl Pts',(4.27660923147349,1.88429441468155,1.61945812292725));
#6789=CARTESIAN_POINT('Ctrl Pts',(4.16336109438438,2.09016108743465,1.6357950893794));
#6790=CARTESIAN_POINT('Ctrl Pts',(3.71130412200698,0.559950870039673,2.02093324607059));
#6791=CARTESIAN_POINT('Ctrl Pts',(3.69669035940071,0.757929430294345,2.01659812674896));
#6792=CARTESIAN_POINT('Ctrl Pts',(3.60921757490369,1.16363427058381,2.01537522946745));
#6793=CARTESIAN_POINT('Ctrl Pts',(3.4177158711357,1.51142597897382,2.026137537319));
#6794=CARTESIAN_POINT('Ctrl Pts',(3.31026831445324,1.66187699384772,2.03516287407317));
#6795=CARTESIAN_POINT('Ctrl Pts',(3.19615361304977,0.48109429502634,2.00011592047105));
#6796=CARTESIAN_POINT('Ctrl Pts',(3.18893178091592,0.652503706082888,2.00174417890796));
#6797=CARTESIAN_POINT('Ctrl Pts',(3.11520087524408,1.00647757470085,2.00257602702578));
#6798=CARTESIAN_POINT('Ctrl Pts',(2.93552706121638,1.30020087657191,1.9977927390922));
#6799=CARTESIAN_POINT('Ctrl Pts',(2.83532780213169,1.42343930967957,1.99521801482718));
#6800=CARTESIAN_POINT('',(4.46848919905651,2.24334666913416,0.3));
#6801=CARTESIAN_POINT('Ctrl Pts',(4.94227467584851,0.757575757575757,0.301493002395006));
#6802=CARTESIAN_POINT('Ctrl Pts',(4.9027334609609,1.0155348369643,0.302377791206584));
#6803=CARTESIAN_POINT('Ctrl Pts',(4.78317880218217,1.5252742644034,0.303057022435747));
#6804=CARTESIAN_POINT('Ctrl Pts',(4.58558088550237,2.01011346296875,0.3));
#6805=CARTESIAN_POINT('Ctrl Pts',(4.46848919905651,2.24334666913416,0.3));
#6806=CARTESIAN_POINT('Origin',(2.94920287137729,1.48060880162854,0.3));
#6807=CARTESIAN_POINT('Origin',(0.,0.,0.3));
#6808=CARTESIAN_POINT('Origin',(0.,0.,0.3));
#6809=CARTESIAN_POINT('Origin',(0.,0.,0.3));
#6810=CARTESIAN_POINT('Origin',(0.,0.,0.3));
#6811=CARTESIAN_POINT('Origin',(0.,0.,2.));
#6812=CARTESIAN_POINT('Origin',(0.,0.,1.));
#6813=CARTESIAN_POINT('',(-5.,-5.55111512312578E-16,-8.));
#6814=CARTESIAN_POINT('Origin',(0.,0.,-8.));
#6815=CARTESIAN_POINT('',(-5.,6.12323399573677E-16,1.));
#6816=CARTESIAN_POINT('Origin',(-0.9,-1.,1.));
#6817=CARTESIAN_POINT('Origin',(2.45,0.9,1.));
#6818=CARTESIAN_POINT('Origin',(0.,0.,-7.5));
#6819=CARTESIAN_POINT('',(2.5,-2.1540659228538,-8.));
#6820=CARTESIAN_POINT('',(-2.5,-2.1540659228538,-8.));
#6821=CARTESIAN_POINT('Origin',(0.,0.,-8.));
#6822=CARTESIAN_POINT('',(-2.,-1.95959179422654,-7.5));
#6823=CARTESIAN_POINT('Ctrl Pts',(-2.5,-2.1540659228538,-8.));
#6824=CARTESIAN_POINT('Ctrl Pts',(-2.49893218899934,-2.15366934780405,-8.));
#6825=CARTESIAN_POINT('Ctrl Pts',(-2.49786441519503,-2.15327267705035,-7.99999657933904));
#6826=CARTESIAN_POINT('Ctrl Pts',(-2.46089227915975,-2.13953398054501,-7.99975970842175));
#6827=CARTESIAN_POINT('Ctrl Pts',(-2.42510465636336,-2.12610996483531,-7.99566284496943));
#6828=CARTESIAN_POINT('Ctrl Pts',(-2.35512481018763,-2.0996129668327,-7.97988875700991));
#6829=CARTESIAN_POINT('Ctrl Pts',(-2.32103220756797,-2.08657855824408,-7.96826129115525));
#6830=CARTESIAN_POINT('Ctrl Pts',(-2.2299877787218,-2.05145994686316,-7.92573264864859));
#6831=CARTESIAN_POINT('Ctrl Pts',(-2.1767583211038,-2.03054862362589,-7.88710904891336));
#6832=CARTESIAN_POINT('Ctrl Pts',(-2.09081135339,-1.9963887555137,-7.7937501421839));
#6833=CARTESIAN_POINT('Ctrl Pts',(-2.05755244469161,-1.98296993851803,-7.74112631831779));
#6834=CARTESIAN_POINT('Ctrl Pts',(-2.01275377016631,-1.96481172056071,-7.62721569591496));
#6835=CARTESIAN_POINT('Ctrl Pts',(-2.00090966774753,-1.95996316075454,-7.56766102650574));
#6836=CARTESIAN_POINT('Ctrl Pts',(-2.00001675594454,-1.95959863485877,-7.50472785858537));
#6837=CARTESIAN_POINT('Ctrl Pts',(-2.,-1.95959179422654,-7.50236333202467));
#6838=CARTESIAN_POINT('Ctrl Pts',(-2.,-1.95959179422654,-7.49999999999985));
#6839=CARTESIAN_POINT('',(2.,-1.95959179422654,-7.5));
#6840=CARTESIAN_POINT('Origin',(0.,0.,-7.5));
#6841=CARTESIAN_POINT('Ctrl Pts',(2.5,-2.1540659228538,-8.));
#6842=CARTESIAN_POINT('Ctrl Pts',(2.49893218899934,-2.15366934780405,-8.));
#6843=CARTESIAN_POINT('Ctrl Pts',(2.49786441519503,-2.15327267705035,-7.99999657933904));
#6844=CARTESIAN_POINT('Ctrl Pts',(2.42754645335323,-2.12714280628236,-7.99954607033659));
#6845=CARTESIAN_POINT('Ctrl Pts',(2.35893041975061,-2.1011635567586,-7.98471932443718));
#6846=CARTESIAN_POINT('Ctrl Pts',(2.23351061606878,-2.05284796808457,-7.928461491641));
#6847=CARTESIAN_POINT('Ctrl Pts',(2.17722352497426,-2.03073940542976,-7.88810069581483));
#6848=CARTESIAN_POINT('Ctrl Pts',(2.0876898952697,-1.9951425270135,-7.78989710555179));
#6849=CARTESIAN_POINT('Ctrl Pts',(2.05368959139489,-1.98141044834731,-7.73461596036851));
#6850=CARTESIAN_POINT('Ctrl Pts',(2.01061215486314,-1.96393697940395,-7.61823809211353));
#6851=CARTESIAN_POINT('Ctrl Pts',(2.,-1.95959179422654,-7.55949759181568));
#6852=CARTESIAN_POINT('Ctrl Pts',(2.,-1.95959179422654,-7.5));
#6853=CARTESIAN_POINT('Origin',(-2.5,0.979795897113271,-7.5));
#6854=CARTESIAN_POINT('',(-2.5,2.1540659228538,-8.));
#6855=CARTESIAN_POINT('',(-2.5,0.979795897113271,-8.));
#6856=CARTESIAN_POINT('',(-2.,1.95959179422654,-7.5));
#6857=CARTESIAN_POINT('Ctrl Pts',(-2.5,2.1540659228538,-8.));
#6858=CARTESIAN_POINT('Ctrl Pts',(-2.49893218899932,2.15366934780404,-8.));
#6859=CARTESIAN_POINT('Ctrl Pts',(-2.49786441519504,2.15327267705036,-7.99999657933904));
#6860=CARTESIAN_POINT('Ctrl Pts',(-2.4275464533519,2.12714280628178,-7.99954607033659));
#6861=CARTESIAN_POINT('Ctrl Pts',(-2.35893041974881,2.10116355675791,-7.98471932443677));
#6862=CARTESIAN_POINT('Ctrl Pts',(-2.23351061606659,2.05284796808371,-7.92846149163963));
#6863=CARTESIAN_POINT('Ctrl Pts',(-2.17722352497229,2.03073940542898,-7.88810069581319));
#6864=CARTESIAN_POINT('Ctrl Pts',(-2.08768989526826,1.99514252701293,-7.78989710554974));
#6865=CARTESIAN_POINT('Ctrl Pts',(-2.05368959139375,1.98141044834685,-7.73461596036633));
#6866=CARTESIAN_POINT('Ctrl Pts',(-2.01061215486285,1.96393697940383,-7.61823809211194));
#6867=CARTESIAN_POINT('Ctrl Pts',(-2.,1.95959179422654,-7.55949759181486));
#6868=CARTESIAN_POINT('Ctrl Pts',(-2.,1.95959179422654,-7.5));
#6869=CARTESIAN_POINT('',(-2.,0.979795897113271,-7.5));
#6870=CARTESIAN_POINT('Origin',(0.,0.,-7.5));
#6871=CARTESIAN_POINT('',(2.5,2.1540659228538,-8.));
#6872=CARTESIAN_POINT('Origin',(0.,0.,-8.));
#6873=CARTESIAN_POINT('',(2.,1.95959179422654,-7.5));
#6874=CARTESIAN_POINT('Ctrl Pts',(2.5,2.1540659228538,-8.));
#6875=CARTESIAN_POINT('Ctrl Pts',(2.49893218899934,2.15366934780405,-8.));
#6876=CARTESIAN_POINT('Ctrl Pts',(2.49786441519503,2.15327267705035,-7.99999657933904));
#6877=CARTESIAN_POINT('Ctrl Pts',(2.46089227915977,2.13953398054501,-7.99975970842175));
#6878=CARTESIAN_POINT('Ctrl Pts',(2.42510465636356,2.12610996483537,-7.99566284496945));
#6879=CARTESIAN_POINT('Ctrl Pts',(2.35512481018806,2.09961296683285,-7.97988875701003));
#6880=CARTESIAN_POINT('Ctrl Pts',(2.32103220756848,2.08657855824427,-7.96826129115544));
#6881=CARTESIAN_POINT('Ctrl Pts',(2.22998777872233,2.05145994686337,-7.92573264864893));
#6882=CARTESIAN_POINT('Ctrl Pts',(2.17675832110428,2.03054862362607,-7.88710904891376));
#6883=CARTESIAN_POINT('Ctrl Pts',(2.09081135339035,1.99638875551384,-7.79375014218439));
#6884=CARTESIAN_POINT('Ctrl Pts',(2.05755244469189,1.98296993851815,-7.74112631831832));
#6885=CARTESIAN_POINT('Ctrl Pts',(2.01275377016646,1.96481172056077,-7.62721569591553));
#6886=CARTESIAN_POINT('Ctrl Pts',(2.00090966774761,1.95996316075458,-7.56766102650632));
#6887=CARTESIAN_POINT('Ctrl Pts',(2.00001675594454,1.95959863485877,-7.50472785858576));
#6888=CARTESIAN_POINT('Ctrl Pts',(2.,1.95959179422654,-7.50236333202486));
#6889=CARTESIAN_POINT('Ctrl Pts',(2.,1.95959179422654,-7.49999999999984));
#6890=CARTESIAN_POINT('Origin',(0.,0.,-7.5));
#6891=CARTESIAN_POINT('Origin',(2.5,-0.979795897113271,-7.5));
#6892=CARTESIAN_POINT('',(2.,-0.979795897113271,-7.5));
#6893=CARTESIAN_POINT('',(2.5,-0.979795897113271,-8.));
#6894=CARTESIAN_POINT('Origin',(2.,-1.95959179422654,1.));
#6895=CARTESIAN_POINT('',(2.,-1.95959179422654,1.));
#6896=CARTESIAN_POINT('',(2.,-1.95959179422654,1.));
#6897=CARTESIAN_POINT('',(2.,1.95959179422654,1.));
#6898=CARTESIAN_POINT('',(2.,-1.95959179422654,1.));
#6899=CARTESIAN_POINT('',(2.,1.95959179422654,1.));
#6900=CARTESIAN_POINT('Origin',(0.,0.,1.));
#6901=CARTESIAN_POINT('',(-2.,-1.95959179422654,1.));
#6902=CARTESIAN_POINT('',(-2.,-1.95959179422654,1.));
#6903=CARTESIAN_POINT('Origin',(0.,0.,1.));
#6904=CARTESIAN_POINT('Origin',(0.,0.,-8.));
#6905=CARTESIAN_POINT('Origin',(1.,-0.9,1.));
#6906=CARTESIAN_POINT('Origin',(0.,0.,1.));
#6907=CARTESIAN_POINT('',(-2.,1.95959179422654,1.));
#6908=CARTESIAN_POINT('',(-2.,1.95959179422654,1.));
#6909=CARTESIAN_POINT('Origin',(0.,0.,1.));
#6910=CARTESIAN_POINT('Origin',(0.,0.,1.));
#6911=CARTESIAN_POINT('',(-2.,1.95959179422654,1.));
#6912=CARTESIAN_POINT('Origin',(-2.,1.95959179422654,1.));
#6913=CARTESIAN_POINT('Origin',(10.5,1.5,7.5));
#6914=CARTESIAN_POINT('',(10.5,1.,7.5));
#6915=CARTESIAN_POINT('',(10.5,1.5,8.));
#6916=CARTESIAN_POINT('Origin',(10.5,1.5,7.5));
#6917=CARTESIAN_POINT('',(11.,1.5,7.5));
#6918=CARTESIAN_POINT('Origin',(10.5,1.5,7.5));
#6919=CARTESIAN_POINT('Origin',(10.5,1.5,7.5));
#6920=CARTESIAN_POINT('Origin',(10.5,1.5,0.));
#6921=CARTESIAN_POINT('',(10.5,1.,0.));
#6922=CARTESIAN_POINT('',(11.,1.5,0.));
#6923=CARTESIAN_POINT('Origin',(10.5,1.5,0.));
#6924=CARTESIAN_POINT('',(11.,1.5,0.));
#6925=CARTESIAN_POINT('',(10.5,1.,0.));
#6926=CARTESIAN_POINT('Origin',(10.5,-1.5,7.5));
#6927=CARTESIAN_POINT('',(11.,-1.5,7.5));
#6928=CARTESIAN_POINT('',(10.5,-1.5,8.));
#6929=CARTESIAN_POINT('Origin',(10.5,-1.5,7.5));
#6930=CARTESIAN_POINT('',(10.5,-1.,7.5));
#6931=CARTESIAN_POINT('Origin',(10.5,-1.5,7.5));
#6932=CARTESIAN_POINT('Origin',(10.5,-1.5,7.5));
#6933=CARTESIAN_POINT('Origin',(10.5,-1.5,0.));
#6934=CARTESIAN_POINT('',(11.,-1.5,0.));
#6935=CARTESIAN_POINT('',(10.5,-1.,0.));
#6936=CARTESIAN_POINT('Origin',(10.5,-1.5,0.));
#6937=CARTESIAN_POINT('',(10.5,-1.,0.));
#6938=CARTESIAN_POINT('',(11.,-1.5,0.));
#6939=CARTESIAN_POINT('Origin',(11.5,-1.5,7.5));
#6940=CARTESIAN_POINT('',(9.65,-1.,7.5));
#6941=CARTESIAN_POINT('',(9.65,-1.5,8.));
#6942=CARTESIAN_POINT('Origin',(9.65,-1.5,7.5));
#6943=CARTESIAN_POINT('',(11.5,-1.5,8.));
#6944=CARTESIAN_POINT('',(11.5,-1.,7.5));
#6945=CARTESIAN_POINT('Origin',(9.65,-0.9,7.5));
#6946=CARTESIAN_POINT('',(9.55,-0.9,7.5));
#6947=CARTESIAN_POINT('',(9.05,-0.9,8.));
#6948=CARTESIAN_POINT('Origin',(9.05,-0.9,7.5));
#6949=CARTESIAN_POINT('Origin',(9.65,-0.9,8.));
#6950=CARTESIAN_POINT('Origin',(9.65,-0.9,7.5));
#6951=CARTESIAN_POINT('Origin',(9.05,-0.5,7.5));
#6952=CARTESIAN_POINT('',(9.55,0.9,7.5));
#6953=CARTESIAN_POINT('',(9.05,0.9,8.));
#6954=CARTESIAN_POINT('Origin',(9.05,0.9,7.5));
#6955=CARTESIAN_POINT('',(9.05,-0.5,8.));
#6956=CARTESIAN_POINT('',(9.55,-0.5,7.5));
#6957=CARTESIAN_POINT('Origin',(9.65,0.9,7.5));
#6958=CARTESIAN_POINT('',(9.65,1.,7.5));
#6959=CARTESIAN_POINT('',(9.65,1.5,8.));
#6960=CARTESIAN_POINT('Origin',(9.65,1.5,7.5));
#6961=CARTESIAN_POINT('Origin',(9.65,0.9,8.));
#6962=CARTESIAN_POINT('Origin',(9.65,0.9,7.5));
#6963=CARTESIAN_POINT('Origin',(10.775,1.5,7.5));
#6964=CARTESIAN_POINT('',(10.775,1.5,8.));
#6965=CARTESIAN_POINT('',(10.775,1.,7.5));
#6966=CARTESIAN_POINT('Origin',(13.5,1.5,7.5));
#6967=CARTESIAN_POINT('',(13.,1.5,7.5));
#6968=CARTESIAN_POINT('',(13.5,1.5,8.));
#6969=CARTESIAN_POINT('Origin',(13.5,1.5,7.5));
#6970=CARTESIAN_POINT('',(13.5,1.,7.5));
#6971=CARTESIAN_POINT('Origin',(13.5,1.5,7.5));
#6972=CARTESIAN_POINT('Origin',(13.5,1.5,7.5));
#6973=CARTESIAN_POINT('Origin',(13.5,1.5,0.));
#6974=CARTESIAN_POINT('',(13.,1.5,0.));
#6975=CARTESIAN_POINT('',(13.5,1.,0.));
#6976=CARTESIAN_POINT('Origin',(13.5,1.5,0.));
#6977=CARTESIAN_POINT('',(13.5,1.,0.));
#6978=CARTESIAN_POINT('',(13.,1.5,0.));
#6979=CARTESIAN_POINT('Origin',(13.5,-1.5,7.5));
#6980=CARTESIAN_POINT('',(13.5,-1.,7.5));
#6981=CARTESIAN_POINT('',(13.5,-1.5,8.));
#6982=CARTESIAN_POINT('Origin',(13.5,-1.5,7.5));
#6983=CARTESIAN_POINT('',(13.,-1.5,7.5));
#6984=CARTESIAN_POINT('Origin',(13.5,-1.5,7.5));
#6985=CARTESIAN_POINT('Origin',(13.5,-1.5,7.5));
#6986=CARTESIAN_POINT('Origin',(13.5,-1.5,0.));
#6987=CARTESIAN_POINT('',(13.5,-1.,0.));
#6988=CARTESIAN_POINT('',(13.,-1.5,0.));
#6989=CARTESIAN_POINT('Origin',(13.5,-1.5,0.));
#6990=CARTESIAN_POINT('',(13.,-1.5,0.));
#6991=CARTESIAN_POINT('',(13.5,-1.,0.));
#6992=CARTESIAN_POINT('Origin',(13.5,-0.5,7.5));
#6993=CARTESIAN_POINT('',(13.,-2.35,7.5));
#6994=CARTESIAN_POINT('',(13.5,-2.35,8.));
#6995=CARTESIAN_POINT('Origin',(13.5,-2.35,7.5));
#6996=CARTESIAN_POINT('',(13.5,-0.5,8.));
#6997=CARTESIAN_POINT('',(13.,-0.5,7.5));
#6998=CARTESIAN_POINT('Origin',(12.9,-2.35,7.5));
#6999=CARTESIAN_POINT('',(12.9,-2.45,7.5));
#7000=CARTESIAN_POINT('',(12.9,-2.95,8.));
#7001=CARTESIAN_POINT('Origin',(12.9,-2.95,7.5));
#7002=CARTESIAN_POINT('Origin',(12.9,-2.35,8.));
#7003=CARTESIAN_POINT('Origin',(12.9,-2.35,7.5));
#7004=CARTESIAN_POINT('Origin',(12.5,-2.95,7.5));
#7005=CARTESIAN_POINT('',(11.1,-2.45,7.5));
#7006=CARTESIAN_POINT('',(11.1,-2.95,8.));
#7007=CARTESIAN_POINT('Origin',(11.1,-2.95,7.5));
#7008=CARTESIAN_POINT('',(12.5,-2.95,8.));
#7009=CARTESIAN_POINT('',(12.5,-2.45,7.5));
#7010=CARTESIAN_POINT('Origin',(11.1,-2.35,7.5));
#7011=CARTESIAN_POINT('',(11.,-2.35,7.5));
#7012=CARTESIAN_POINT('',(10.5,-2.35,8.));
#7013=CARTESIAN_POINT('Origin',(10.5,-2.35,7.5));
#7014=CARTESIAN_POINT('Origin',(11.1,-2.35,8.));
#7015=CARTESIAN_POINT('Origin',(11.1,-2.35,7.5));
#7016=CARTESIAN_POINT('Origin',(10.5,-1.225,7.5));
#7017=CARTESIAN_POINT('',(10.5,-1.225,8.));
#7018=CARTESIAN_POINT('',(11.,-1.225,7.5));
#7019=CARTESIAN_POINT('Origin',(12.5,1.5,7.5));
#7020=CARTESIAN_POINT('',(14.35,1.,7.5));
#7021=CARTESIAN_POINT('',(14.35,1.5,8.));
#7022=CARTESIAN_POINT('Origin',(14.35,1.5,7.5));
#7023=CARTESIAN_POINT('',(12.5,1.5,8.));
#7024=CARTESIAN_POINT('',(12.5,1.,7.5));
#7025=CARTESIAN_POINT('Origin',(14.35,0.9,7.5));
#7026=CARTESIAN_POINT('',(14.45,0.9,7.5));
#7027=CARTESIAN_POINT('',(14.95,0.9,8.));
#7028=CARTESIAN_POINT('Origin',(14.95,0.9,7.5));
#7029=CARTESIAN_POINT('Origin',(14.35,0.9,8.));
#7030=CARTESIAN_POINT('Origin',(14.35,0.9,7.5));
#7031=CARTESIAN_POINT('Origin',(14.95,0.5,7.5));
#7032=CARTESIAN_POINT('',(14.45,-0.9,7.5));
#7033=CARTESIAN_POINT('',(14.95,-0.9,8.));
#7034=CARTESIAN_POINT('Origin',(14.95,-0.9,7.5));
#7035=CARTESIAN_POINT('',(14.95,0.5,8.));
#7036=CARTESIAN_POINT('',(14.45,0.5,7.5));
#7037=CARTESIAN_POINT('Origin',(14.35,-0.9,7.5));
#7038=CARTESIAN_POINT('',(14.35,-1.,7.5));
#7039=CARTESIAN_POINT('',(14.35,-1.5,8.));
#7040=CARTESIAN_POINT('Origin',(14.35,-1.5,7.5));
#7041=CARTESIAN_POINT('Origin',(14.35,-0.9,8.));
#7042=CARTESIAN_POINT('Origin',(14.35,-0.9,7.5));
#7043=CARTESIAN_POINT('Origin',(13.225,-1.5,7.5));
#7044=CARTESIAN_POINT('',(13.225,-1.5,8.));
#7045=CARTESIAN_POINT('',(13.225,-1.,7.5));
#7046=CARTESIAN_POINT('Origin',(10.5,0.5,7.5));
#7047=CARTESIAN_POINT('',(11.,2.35,7.5));
#7048=CARTESIAN_POINT('',(10.5,2.35,8.));
#7049=CARTESIAN_POINT('Origin',(10.5,2.35,7.5));
#7050=CARTESIAN_POINT('',(10.5,0.5,8.));
#7051=CARTESIAN_POINT('',(11.,0.5,7.5));
#7052=CARTESIAN_POINT('Origin',(11.1,2.35,7.5));
#7053=CARTESIAN_POINT('',(11.1,2.45,7.5));
#7054=CARTESIAN_POINT('',(11.1,2.95,8.));
#7055=CARTESIAN_POINT('Origin',(11.1,2.95,7.5));
#7056=CARTESIAN_POINT('Origin',(11.1,2.35,8.));
#7057=CARTESIAN_POINT('Origin',(11.1,2.35,7.5));
#7058=CARTESIAN_POINT('Origin',(11.5,2.95,7.5));
#7059=CARTESIAN_POINT('',(12.9,2.45,7.5));
#7060=CARTESIAN_POINT('',(12.9,2.95,8.));
#7061=CARTESIAN_POINT('Origin',(12.9,2.95,7.5));
#7062=CARTESIAN_POINT('',(11.5,2.95,8.));
#7063=CARTESIAN_POINT('',(11.5,2.45,7.5));
#7064=CARTESIAN_POINT('Origin',(12.9,2.35,7.5));
#7065=CARTESIAN_POINT('',(13.,2.35,7.5));
#7066=CARTESIAN_POINT('',(13.5,2.35,8.));
#7067=CARTESIAN_POINT('Origin',(13.5,2.35,7.5));
#7068=CARTESIAN_POINT('Origin',(12.9,2.35,8.));
#7069=CARTESIAN_POINT('Origin',(12.9,2.35,7.5));
#7070=CARTESIAN_POINT('Origin',(13.5,1.225,7.5));
#7071=CARTESIAN_POINT('',(13.5,1.225,8.));
#7072=CARTESIAN_POINT('',(13.,1.225,7.5));
#7073=CARTESIAN_POINT('Origin',(9.55,1.,0.));
#7074=CARTESIAN_POINT('',(9.65,1.,0.));
#7075=CARTESIAN_POINT('',(9.65,1.,0.));
#7076=CARTESIAN_POINT('',(10.,1.,0.));
#7077=CARTESIAN_POINT('',(10.775,1.,0.));
#7078=CARTESIAN_POINT('',(11.,1.,0.));
#7079=CARTESIAN_POINT('Origin',(9.65,0.9,0.));
#7080=CARTESIAN_POINT('',(9.55,0.9,0.));
#7081=CARTESIAN_POINT('',(9.55,0.9,0.));
#7082=CARTESIAN_POINT('Origin',(9.65,0.9,0.));
#7083=CARTESIAN_POINT('Origin',(9.55,-1.,0.));
#7084=CARTESIAN_POINT('',(9.55,-0.9,0.));
#7085=CARTESIAN_POINT('',(9.55,-0.9,0.));
#7086=CARTESIAN_POINT('',(9.55,-0.5,0.));
#7087=CARTESIAN_POINT('Origin',(9.65,-0.9,0.));
#7088=CARTESIAN_POINT('',(9.65,-1.,0.));
#7089=CARTESIAN_POINT('',(9.65,-1.,0.));
#7090=CARTESIAN_POINT('Origin',(9.65,-0.9,0.));
#7091=CARTESIAN_POINT('Origin',(11.,-1.,0.));
#7092=CARTESIAN_POINT('',(10.,-1.,0.));
#7093=CARTESIAN_POINT('',(9.55,-1.,0.));
#7094=CARTESIAN_POINT('',(11.5,-1.,0.));
#7095=CARTESIAN_POINT('Origin',(11.,-2.45,0.));
#7096=CARTESIAN_POINT('',(11.,-2.35,0.));
#7097=CARTESIAN_POINT('',(11.,-2.35,0.));
#7098=CARTESIAN_POINT('',(11.,-2.45,0.));
#7099=CARTESIAN_POINT('Origin',(11.1,-2.35,0.));
#7100=CARTESIAN_POINT('',(11.1,-2.45,0.));
#7101=CARTESIAN_POINT('',(11.1,-2.45,0.));
#7102=CARTESIAN_POINT('Origin',(11.1,-2.35,0.));
#7103=CARTESIAN_POINT('Origin',(13.,-2.45,0.));
#7104=CARTESIAN_POINT('',(12.9,-2.45,0.));
#7105=CARTESIAN_POINT('',(12.9,-2.45,0.));
#7106=CARTESIAN_POINT('',(13.,-2.45,0.));
#7107=CARTESIAN_POINT('Origin',(12.9,-2.35,0.));
#7108=CARTESIAN_POINT('',(13.,-2.35,0.));
#7109=CARTESIAN_POINT('',(13.,-2.35,0.));
#7110=CARTESIAN_POINT('Origin',(12.9,-2.35,0.));
#7111=CARTESIAN_POINT('Origin',(13.,-1.,0.));
#7112=CARTESIAN_POINT('',(13.,-1.,0.));
#7113=CARTESIAN_POINT('Origin',(12.,0.,0.));
#7114=CARTESIAN_POINT('',(14.,-1.,0.));
#7115=CARTESIAN_POINT('',(13.,-1.,0.));
#7116=CARTESIAN_POINT('',(14.,-1.95959179422654,0.));
#7117=CARTESIAN_POINT('',(14.,-1.95959179422654,0.));
#7118=CARTESIAN_POINT('',(10.,-1.95959179422654,0.));
#7119=CARTESIAN_POINT('Origin',(12.,0.,0.));
#7120=CARTESIAN_POINT('',(10.,1.95959179422654,0.));
#7121=CARTESIAN_POINT('Origin',(12.,0.,8.));
#7122=CARTESIAN_POINT('',(7.,-5.55111512312578E-16,8.));
#7123=CARTESIAN_POINT('Origin',(12.,0.,8.));
#7124=CARTESIAN_POINT('Origin',(14.35,-0.9,0.));
#7125=CARTESIAN_POINT('',(14.45,-0.9,0.));
#7126=CARTESIAN_POINT('',(14.45,-0.9,0.));
#7127=CARTESIAN_POINT('',(14.35,-1.,0.));
#7128=CARTESIAN_POINT('Origin',(14.35,-0.9,0.));
#7129=CARTESIAN_POINT('',(14.35,-1.,0.));
#7130=CARTESIAN_POINT('Origin',(14.45,1.,0.));
#7131=CARTESIAN_POINT('',(14.45,0.9,0.));
#7132=CARTESIAN_POINT('',(14.45,0.9,0.));
#7133=CARTESIAN_POINT('',(14.45,0.5,0.));
#7134=CARTESIAN_POINT('Origin',(14.35,0.9,0.));
#7135=CARTESIAN_POINT('',(14.35,1.,0.));
#7136=CARTESIAN_POINT('',(14.35,1.,0.));
#7137=CARTESIAN_POINT('Origin',(14.35,0.9,0.));
#7138=CARTESIAN_POINT('Origin',(13.,1.,0.));
#7139=CARTESIAN_POINT('',(14.,1.,0.));
#7140=CARTESIAN_POINT('',(14.45,1.,0.));
#7141=CARTESIAN_POINT('',(12.5,1.,0.));
#7142=CARTESIAN_POINT('Origin',(12.9,2.35,0.));
#7143=CARTESIAN_POINT('',(12.9,2.45,0.));
#7144=CARTESIAN_POINT('',(12.9,2.45,0.));
#7145=CARTESIAN_POINT('',(13.,2.35,0.));
#7146=CARTESIAN_POINT('Origin',(12.9,2.35,0.));
#7147=CARTESIAN_POINT('',(13.,2.35,0.));
#7148=CARTESIAN_POINT('Origin',(13.,2.45,0.));
#7149=CARTESIAN_POINT('',(13.,2.45,0.));
#7150=CARTESIAN_POINT('Origin',(11.1,2.35,0.));
#7151=CARTESIAN_POINT('',(11.,2.35,0.));
#7152=CARTESIAN_POINT('',(11.,2.35,0.));
#7153=CARTESIAN_POINT('',(11.1,2.45,0.));
#7154=CARTESIAN_POINT('Origin',(11.1,2.35,0.));
#7155=CARTESIAN_POINT('',(11.1,2.45,0.));
#7156=CARTESIAN_POINT('Origin',(11.,2.45,0.));
#7157=CARTESIAN_POINT('',(11.,2.45,0.));
#7158=CARTESIAN_POINT('Origin',(9.5,0.979795897113271,-7.5));
#7159=CARTESIAN_POINT('',(9.5,-2.1540659228538,-8.));
#7160=CARTESIAN_POINT('',(9.5,2.1540659228538,-8.));
#7161=CARTESIAN_POINT('',(9.5,0.979795897113271,-8.));
#7162=CARTESIAN_POINT('',(10.,1.95959179422654,-7.5));
#7163=CARTESIAN_POINT('Ctrl Pts',(9.5,2.1540659228538,-8.));
#7164=CARTESIAN_POINT('Ctrl Pts',(9.50106781099943,2.15366934780451,-8.));
#7165=CARTESIAN_POINT('Ctrl Pts',(9.502135584806,2.15327267704962,-7.99999657933903));
#7166=CARTESIAN_POINT('Ctrl Pts',(9.57245354656736,2.12714280631729,-7.99954607033713));
#7167=CARTESIAN_POINT('Ctrl Pts',(9.64106958014107,2.10116355679967,-7.98471932446182));
#7168=CARTESIAN_POINT('Ctrl Pts',(9.76648938379869,2.05284796813626,-7.92846149172375));
#7169=CARTESIAN_POINT('Ctrl Pts',(9.82277647490711,2.03073940547655,-7.88810069591377));
#7170=CARTESIAN_POINT('Ctrl Pts',(9.91231010464416,1.9951425270481,-7.78989710567486));
#7171=CARTESIAN_POINT('Ctrl Pts',(9.9463104085368,1.98141044837493,-7.73461596049926));
#7172=CARTESIAN_POINT('Ctrl Pts',(9.98938784511927,1.96393697941117,-7.61823809220981));
#7173=CARTESIAN_POINT('Ctrl Pts',(10.,1.95959179422654,-7.5594975918651));
#7174=CARTESIAN_POINT('Ctrl Pts',(10.,1.95959179422654,-7.5));
#7175=CARTESIAN_POINT('',(10.,-1.95959179422654,-7.5));
#7176=CARTESIAN_POINT('',(10.,0.979795897113271,-7.5));
#7177=CARTESIAN_POINT('Ctrl Pts',(9.5,-2.1540659228538,-8.));
#7178=CARTESIAN_POINT('Ctrl Pts',(9.50106781099942,-2.15366934780451,-8.));
#7179=CARTESIAN_POINT('Ctrl Pts',(9.50213558480601,-2.15327267704961,-7.99999657933903));
#7180=CARTESIAN_POINT('Ctrl Pts',(9.5391077208519,-2.13953398054339,-7.99975970842168));
#7181=CARTESIAN_POINT('Ctrl Pts',(9.57489534368497,-2.12610996481718,-7.99566284496419));
#7182=CARTESIAN_POINT('Ctrl Pts',(9.64487518991087,-2.09961296679522,-7.97988875698207));
#7183=CARTESIAN_POINT('Ctrl Pts',(9.67896779255239,-2.08657855819798,-7.96826129111125));
#7184=CARTESIAN_POINT('Ctrl Pts',(9.77001222140621,-2.05145994681321,-7.92573264856694));
#7185=CARTESIAN_POINT('Ctrl Pts',(9.82324167901032,-2.03054862358087,-7.88710904881762));
#7186=CARTESIAN_POINT('Ctrl Pts',(9.90918864669393,-1.99638875548002,-7.79375014206659));
#7187=CARTESIAN_POINT('Ctrl Pts',(9.94244755537618,-1.98296993849065,-7.74112631819282));
#7188=CARTESIAN_POINT('Ctrl Pts',(9.98724622986915,-1.96481172054625,-7.62721569577933));
#7189=CARTESIAN_POINT('Ctrl Pts',(9.99909033227124,-1.95996316074688,-7.56766102636687));
#7190=CARTESIAN_POINT('Ctrl Pts',(9.99998324405612,-1.9595986348585,-7.504727858493));
#7191=CARTESIAN_POINT('Ctrl Pts',(10.,-1.95959179422654,-7.5023633319785));
#7192=CARTESIAN_POINT('Ctrl Pts',(10.,-1.95959179422654,-7.49999999999985));
#7193=CARTESIAN_POINT('Origin',(12.,0.,-7.5));
#7194=CARTESIAN_POINT('',(14.5,2.1540659228538,-8.));
#7195=CARTESIAN_POINT('Origin',(12.,0.,-8.));
#7196=CARTESIAN_POINT('',(14.,1.95959179422654,-7.5));
#7197=CARTESIAN_POINT('Ctrl Pts',(14.5,2.1540659228538,-8.));
#7198=CARTESIAN_POINT('Ctrl Pts',(14.4989321890006,2.15366934780451,-8.));
#7199=CARTESIAN_POINT('Ctrl Pts',(14.497864415194,2.15327267704961,-7.99999657933903));
#7200=CARTESIAN_POINT('Ctrl Pts',(14.4608922791486,2.13953398054357,-7.99975970842169));
#7201=CARTESIAN_POINT('Ctrl Pts',(14.4251046563153,2.12610996481727,-7.99566284496423));
#7202=CARTESIAN_POINT('Ctrl Pts',(14.3551248100894,2.09961296679533,-7.97988875698215));
#7203=CARTESIAN_POINT('Ctrl Pts',(14.321032207448,2.08657855819811,-7.96826129111138));
#7204=CARTESIAN_POINT('Ctrl Pts',(14.2299877785942,2.05145994681335,-7.92573264856718));
#7205=CARTESIAN_POINT('Ctrl Pts',(14.17675832099,2.03054862358101,-7.8871090488179));
#7206=CARTESIAN_POINT('Ctrl Pts',(14.0908113533063,1.99638875548012,-7.79375014206694));
#7207=CARTESIAN_POINT('Ctrl Pts',(14.057552444624,1.98296993849073,-7.74112631819319));
#7208=CARTESIAN_POINT('Ctrl Pts',(14.012753770131,1.96481172054629,-7.62721569577974));
#7209=CARTESIAN_POINT('Ctrl Pts',(14.0009096677288,1.95996316074691,-7.56766102636728));
#7210=CARTESIAN_POINT('Ctrl Pts',(14.0000167559439,1.9595986348585,-7.50472785849328));
#7211=CARTESIAN_POINT('Ctrl Pts',(14.,1.95959179422654,-7.50236333197864));
#7212=CARTESIAN_POINT('Ctrl Pts',(14.,1.95959179422654,-7.49999999999985));
#7213=CARTESIAN_POINT('Origin',(12.,0.,-7.5));
#7214=CARTESIAN_POINT('Origin',(14.5,-0.979795897113271,-7.5));
#7215=CARTESIAN_POINT('',(14.5,-2.1540659228538,-8.));
#7216=CARTESIAN_POINT('',(14.5,-0.979795897113271,-8.));
#7217=CARTESIAN_POINT('',(14.,-1.95959179422654,-7.5));
#7218=CARTESIAN_POINT('Ctrl Pts',(14.5,-2.1540659228538,-8.));
#7219=CARTESIAN_POINT('Ctrl Pts',(14.4989321890006,-2.15366934780451,-8.));
#7220=CARTESIAN_POINT('Ctrl Pts',(14.497864415194,-2.15327267704961,-7.99999657933903));
#7221=CARTESIAN_POINT('Ctrl Pts',(14.4275464534332,-2.12714280631752,-7.99954607033713));
#7222=CARTESIAN_POINT('Ctrl Pts',(14.3589304198596,-2.10116355679995,-7.98471932446198));
#7223=CARTESIAN_POINT('Ctrl Pts',(14.2335106162022,-2.0528479681366,-7.9284614917243));
#7224=CARTESIAN_POINT('Ctrl Pts',(14.1772235250937,-2.03073940547686,-7.88810069591442));
#7225=CARTESIAN_POINT('Ctrl Pts',(14.0876898953564,-1.99514252704832,-7.78989710567568));
#7226=CARTESIAN_POINT('Ctrl Pts',(14.0536895914636,-1.98141044837511,-7.73461596050012));
#7227=CARTESIAN_POINT('Ctrl Pts',(14.0106121548809,-1.96393697941122,-7.61823809221045));
#7228=CARTESIAN_POINT('Ctrl Pts',(14.,-1.95959179422654,-7.55949759186542));
#7229=CARTESIAN_POINT('Ctrl Pts',(14.,-1.95959179422654,-7.5));
#7230=CARTESIAN_POINT('',(14.,-0.979795897113271,-7.5));
#7231=CARTESIAN_POINT('Origin',(12.,0.,-7.5));
#7232=CARTESIAN_POINT('Origin',(12.,0.,-7.5));
#7233=CARTESIAN_POINT('Origin',(12.,0.,-8.));
#7234=CARTESIAN_POINT('Origin',(12.,0.,0.));
#7235=CARTESIAN_POINT('',(10.,-1.95959179422654,0.));
#7236=CARTESIAN_POINT('',(14.,-1.95959179422654,0.));
#7237=CARTESIAN_POINT('Origin',(10.,1.95959179422654,0.));
#7238=CARTESIAN_POINT('',(10.,1.95959179422654,0.));
#7239=CARTESIAN_POINT('',(10.,1.95959179422654,0.));
#7240=CARTESIAN_POINT('',(10.,1.95959179422654,0.));
#7241=CARTESIAN_POINT('',(10.,1.95959179422654,0.));
#7242=CARTESIAN_POINT('Origin',(12.,0.,-8.));
#7243=CARTESIAN_POINT('',(7.,-5.55111512312578E-16,-8.));
#7244=CARTESIAN_POINT('Origin',(12.,0.,-8.));
#7245=CARTESIAN_POINT('Origin',(12.,0.,0.));
#7246=CARTESIAN_POINT('',(14.,1.95959179422654,0.));
#7247=CARTESIAN_POINT('Origin',(12.,0.,0.));
#7248=CARTESIAN_POINT('',(14.,-1.95959179422654,0.));
#7249=CARTESIAN_POINT('',(11.,1.,0.));
#7250=CARTESIAN_POINT('Origin',(14.45,-1.,0.));
#7251=CARTESIAN_POINT('',(13.225,-1.,0.));
#7252=CARTESIAN_POINT('Origin',(11.,1.,0.));
#7253=CARTESIAN_POINT('Origin',(12.,0.,0.));
#7254=CARTESIAN_POINT('Origin',(12.,0.,0.));
#7255=CARTESIAN_POINT('',(14.,-1.95959179422654,0.));
#7256=CARTESIAN_POINT('Origin',(12.,0.,0.));
#7257=CARTESIAN_POINT('',(14.,1.95959179422654,0.));
#7258=CARTESIAN_POINT('Origin',(14.,-1.95959179422654,0.));
#7259=CARTESIAN_POINT('Origin',(12.,0.,0.));
#7260=CARTESIAN_POINT('',(7.,6.12323399573677E-16,0.));
#7261=CARTESIAN_POINT('Ctrl Pts',(24.0089540769957,1.39768011844361,5.5));
#7262=CARTESIAN_POINT('Ctrl Pts',(24.0089540769957,1.39768011844361,5.6121997376282));
#7263=CARTESIAN_POINT('Ctrl Pts',(23.9176847860209,1.41593397663856,5.87454437633809));
#7264=CARTESIAN_POINT('Ctrl Pts',(23.6585537271666,1.46776018840943,6.));
#7265=CARTESIAN_POINT('Ctrl Pts',(23.5089540769957,1.49768011844362,6.));
#7266=CARTESIAN_POINT('Ctrl Pts',(24.0089540769957,1.29296036332396,5.5));
#7267=CARTESIAN_POINT('Ctrl Pts',(24.0089540769957,1.29296036332396,5.63593093004051));
#7268=CARTESIAN_POINT('Ctrl Pts',(23.8714055514116,1.35829354100388,5.9227852706515));
#7269=CARTESIAN_POINT('Ctrl Pts',(23.6386071071438,1.44781356838663,6.));
#7270=CARTESIAN_POINT('Ctrl Pts',(23.5089540769957,1.49768011844362,6.));
#7271=CARTESIAN_POINT('Ctrl Pts',(23.9222662106237,1.08436798481556,5.5));
#7272=CARTESIAN_POINT('Ctrl Pts',(23.9222662106237,1.08436798481556,5.66286853995011));
#7273=CARTESIAN_POINT('Ctrl Pts',(23.7643148706263,1.24231932481302,5.97364028914078));
#7274=CARTESIAN_POINT('Ctrl Pts',(23.5987138670982,1.40792032834105,6.));
#7275=CARTESIAN_POINT('Ctrl Pts',(23.5089540769957,1.49768011844362,6.));
#7276=CARTESIAN_POINT('Ctrl Pts',(23.7136738321153,0.99768011844362,5.5));
#7277=CARTESIAN_POINT('Ctrl Pts',(23.7136738321153,0.99768011844362,5.63593093004051));
#7278=CARTESIAN_POINT('Ctrl Pts',(23.6483406544354,1.13522864402772,5.9227852706515));
#7279=CARTESIAN_POINT('Ctrl Pts',(23.5588206270527,1.36802708829546,6.));
#7280=CARTESIAN_POINT('Ctrl Pts',(23.5089540769957,1.49768011844362,6.));
#7281=CARTESIAN_POINT('Ctrl Pts',(23.6089540769957,0.99768011844362,5.5));
#7282=CARTESIAN_POINT('Ctrl Pts',(23.6089540769957,0.99768011844362,5.61219973762821));
#7283=CARTESIAN_POINT('Ctrl Pts',(23.5907002188007,1.08894940941837,5.87454437633809));
#7284=CARTESIAN_POINT('Ctrl Pts',(23.5388740070299,1.34808046827267,6.));
#7285=CARTESIAN_POINT('Ctrl Pts',(23.5089540769957,1.49768011844362,6.));
#7286=CARTESIAN_POINT('',(24.0089540769957,1.39768011844361,5.5));
#7287=CARTESIAN_POINT('',(23.5089540769957,1.49768011844362,6.));
#7288=CARTESIAN_POINT('Origin',(23.5089540769957,1.49768011844362,5.5));
#7289=CARTESIAN_POINT('',(23.6089540769957,0.997680118443617,5.5));
#7290=CARTESIAN_POINT('Origin',(23.5089540769957,1.49768011844362,5.5));
#7291=CARTESIAN_POINT('Origin',(23.6089540769957,1.39768011844362,5.5));
#7292=CARTESIAN_POINT('Ctrl Pts',(23.6089835698507,-1.00240167685049,5.5));
#7293=CARTESIAN_POINT('Ctrl Pts',(23.6089835698507,-1.00240167685049,5.61219973762821));
#7294=CARTESIAN_POINT('Ctrl Pts',(23.5907243237856,-1.09366964320474,5.8745443584821));
#7295=CARTESIAN_POINT('Ctrl Pts',(23.5388828312714,-1.35279685895469,6.));
#7296=CARTESIAN_POINT('Ctrl Pts',(23.5089540769957,-1.50239430282124,6.));
#7297=CARTESIAN_POINT('Ctrl Pts',(23.7136984092099,-1.00240939769944,5.5));
#7298=CARTESIAN_POINT('Ctrl Pts',(23.7136984092099,-1.00240939769944,5.6359280445361));
#7299=CARTESIAN_POINT('Ctrl Pts',(23.648361732322,-1.13994868614839,5.92278113725816));
#7300=CARTESIAN_POINT('Ctrl Pts',(23.5588279805873,-1.37274347892326,6.));
#7301=CARTESIAN_POINT('Ctrl Pts',(23.5089540769957,-1.50239430282124,6.));
#7302=CARTESIAN_POINT('Ctrl Pts',(23.9222747622097,-1.08910409150136,5.5));
#7303=CARTESIAN_POINT('Ctrl Pts',(23.9222747622097,-1.08910409150136,5.66286205755607));
#7304=CARTESIAN_POINT('Ctrl Pts',(23.7643286656349,-1.24703854280222,5.97363158651389));
#7305=CARTESIAN_POINT('Ctrl Pts',(23.598718279219,-1.41263671886041,6.));
#7306=CARTESIAN_POINT('Ctrl Pts',(23.5089540769957,-1.50239430282125,6.));
#7307=CARTESIAN_POINT('Ctrl Pts',(24.0089540769957,-1.29768683611937,5.5));
#7308=CARTESIAN_POINT('Ctrl Pts',(24.0089540769957,-1.29768683611937,5.6359280445361));
#7309=CARTESIAN_POINT('Ctrl Pts',(23.8714099715077,-1.3630133717639,5.92278113725816));
#7310=CARTESIAN_POINT('Ctrl Pts',(23.6386085778508,-1.45252995879755,6.));
#7311=CARTESIAN_POINT('Ctrl Pts',(23.5089540769957,-1.50239430282125,6.));
#7312=CARTESIAN_POINT('Ctrl Pts',(24.0089540769957,-1.40240167576319,5.5));
#7313=CARTESIAN_POINT('Ctrl Pts',(24.0089540769957,-1.40240167576319,5.61219973762821));
#7314=CARTESIAN_POINT('Ctrl Pts',(23.9176847645963,-1.42065419239639,5.87454435848211));
#7315=CARTESIAN_POINT('Ctrl Pts',(23.6585537271666,-1.47247657876613,6.));
#7316=CARTESIAN_POINT('Ctrl Pts',(23.5089540769957,-1.50239430282125,6.));
#7317=CARTESIAN_POINT('',(23.6089835698507,-1.00240167685049,5.5));
#7318=CARTESIAN_POINT('',(23.5089540769957,-1.50239430282125,6.));
#7319=CARTESIAN_POINT('Origin',(23.5089540769957,-1.50239430282125,5.5));
#7320=CARTESIAN_POINT('',(24.0089540769957,-1.40240167576319,5.5));
#7321=CARTESIAN_POINT('Origin',(23.5089540769957,-1.50239430282125,5.5));
#7322=CARTESIAN_POINT('Origin',(23.6089540769957,-1.40240167576319,5.5));
#7323=CARTESIAN_POINT('Ctrl Pts',(26.0089540769957,-1.30774806062187,5.5));
#7324=CARTESIAN_POINT('Ctrl Pts',(26.0089540769957,-1.30774806062187,5.6121997376282));
#7325=CARTESIAN_POINT('Ctrl Pts',(26.1002353760267,-1.32600432042807,5.87453436844839));
#7326=CARTESIAN_POINT('Ctrl Pts',(26.3593544268247,-1.37782813058768,6.));
#7327=CARTESIAN_POINT('Ctrl Pts',(26.5089540769957,-1.40774806062187,6.));
#7328=CARTESIAN_POINT('Ctrl Pts',(26.0089540769957,-1.20302830550221,5.5));
#7329=CARTESIAN_POINT('Ctrl Pts',(26.0089540769957,-1.20302830550221,5.63593093004051));
#7330=CARTESIAN_POINT('Ctrl Pts',(26.1465230304314,-1.26836480441679,5.92273023589684));
#7331=CARTESIAN_POINT('Ctrl Pts',(26.3793010468475,-1.35788151056489,6.));
#7332=CARTESIAN_POINT('Ctrl Pts',(26.5089540769957,-1.40774806062187,6.));
#7333=CARTESIAN_POINT('Ctrl Pts',(26.0956504865947,-0.994444470220941,5.5));
#7334=CARTESIAN_POINT('Ctrl Pts',(26.0956504865947,-0.994444470220941,5.66286853995011));
#7335=CARTESIAN_POINT('Ctrl Pts',(26.2535827253479,-1.15237670897407,5.97350105849823));
#7336=CARTESIAN_POINT('Ctrl Pts',(26.4191942868931,-1.3179882705193,6.));
#7337=CARTESIAN_POINT('Ctrl Pts',(26.5089540769957,-1.40774806062187,6.));
#7338=CARTESIAN_POINT('Ctrl Pts',(26.304234321876,-0.907748060621872,5.5));
#7339=CARTESIAN_POINT('Ctrl Pts',(26.304234321876,-0.907748060621872,5.63593093004051));
#7340=CARTESIAN_POINT('Ctrl Pts',(26.3695708207906,-1.04531701405755,5.92273023589683));
#7341=CARTESIAN_POINT('Ctrl Pts',(26.4590875269387,-1.27809503047372,6.));
#7342=CARTESIAN_POINT('Ctrl Pts',(26.5089540769957,-1.40774806062187,6.));
#7343=CARTESIAN_POINT('Ctrl Pts',(26.4089540769957,-0.907748060621872,5.5));
#7344=CARTESIAN_POINT('Ctrl Pts',(26.4089540769957,-0.907748060621872,5.61219973762821));
#7345=CARTESIAN_POINT('Ctrl Pts',(26.4272103368019,-0.999029359652869,5.87453436844839));
#7346=CARTESIAN_POINT('Ctrl Pts',(26.4790341469615,-1.25814841045092,6.));
#7347=CARTESIAN_POINT('Ctrl Pts',(26.5089540769957,-1.40774806062187,6.));
#7348=CARTESIAN_POINT('',(26.0089540769957,-1.30774806062187,5.5));
#7349=CARTESIAN_POINT('',(26.5089540769957,-1.40774806062187,6.));
#7350=CARTESIAN_POINT('Origin',(26.5089540769957,-1.40774806062187,5.5));
#7351=CARTESIAN_POINT('',(26.4089540769957,-0.907748060621869,5.5));
#7352=CARTESIAN_POINT('Origin',(26.5089540769957,-1.40774806062187,5.5));
#7353=CARTESIAN_POINT('Origin',(26.4089540769957,-1.30774806062187,5.5));
#7354=CARTESIAN_POINT('Ctrl Pts',(26.4089540769957,0.997680118443617,5.5));
#7355=CARTESIAN_POINT('Ctrl Pts',(26.4089540769957,0.997680118443617,5.6121997376282));
#7356=CARTESIAN_POINT('Ctrl Pts',(26.4272104111467,1.08896178919874,5.87453405864186));
#7357=CARTESIAN_POINT('Ctrl Pts',(26.4790341469615,1.34808046827266,6.));
#7358=CARTESIAN_POINT('Ctrl Pts',(26.5089540769957,1.49768011844361,6.));
#7359=CARTESIAN_POINT('Ctrl Pts',(26.304234321876,0.997680118443617,5.5));
#7360=CARTESIAN_POINT('Ctrl Pts',(26.304234321876,0.997680118443617,5.63593093004051));
#7361=CARTESIAN_POINT('Ctrl Pts',(26.3695709236035,1.13524970424854,5.92272853222837));
#7362=CARTESIAN_POINT('Ctrl Pts',(26.4590875269387,1.36802708829546,6.));
#7363=CARTESIAN_POINT('Ctrl Pts',(26.5089540769957,1.49768011844361,6.));
#7364=CARTESIAN_POINT('Ctrl Pts',(26.0956507483415,1.08437678978941,5.5));
#7365=CARTESIAN_POINT('Ctrl Pts',(26.0956507483415,1.08437678978941,5.66286853995011));
#7366=CARTESIAN_POINT('Ctrl Pts',(26.2535824028034,1.2423084442513,5.97349675335665));
#7367=CARTESIAN_POINT('Ctrl Pts',(26.4191942868931,1.40792032834104,6.));
#7368=CARTESIAN_POINT('Ctrl Pts',(26.5089540769957,1.49768011844361,6.));
#7369=CARTESIAN_POINT('Ctrl Pts',(26.0089540769957,1.29296036332396,5.5));
#7370=CARTESIAN_POINT('Ctrl Pts',(26.0089540769957,1.29296036332396,5.63593093004051));
#7371=CARTESIAN_POINT('Ctrl Pts',(26.1465236628006,1.35829696505143,5.92272853222837));
#7372=CARTESIAN_POINT('Ctrl Pts',(26.3793010468475,1.44781356838663,6.));
#7373=CARTESIAN_POINT('Ctrl Pts',(26.5089540769957,1.49768011844361,6.));
#7374=CARTESIAN_POINT('Ctrl Pts',(26.0089540769957,1.39768011844362,5.5));
#7375=CARTESIAN_POINT('Ctrl Pts',(26.0089540769957,1.39768011844362,5.61219973762821));
#7376=CARTESIAN_POINT('Ctrl Pts',(26.1002357477508,1.41593645259464,5.87453405864187));
#7377=CARTESIAN_POINT('Ctrl Pts',(26.3593544268247,1.46776018840942,6.));
#7378=CARTESIAN_POINT('Ctrl Pts',(26.5089540769957,1.49768011844361,6.));
#7379=CARTESIAN_POINT('',(26.4089540769957,0.997680118443617,5.5));
#7380=CARTESIAN_POINT('',(26.5089540769957,1.49768011844362,6.));
#7381=CARTESIAN_POINT('Origin',(26.5089540769957,1.49768011844362,5.5));
#7382=CARTESIAN_POINT('',(26.0089540769957,1.39768011844362,5.5));
#7383=CARTESIAN_POINT('Origin',(26.5089540769957,1.49768011844362,5.5));
#7384=CARTESIAN_POINT('Origin',(26.4089540769957,1.39768011844361,5.5));
#7385=CARTESIAN_POINT('Origin',(23.5089540769957,0.709787858824233,5.5));
#7386=CARTESIAN_POINT('',(24.0089540769957,2.37189559920482,5.5));
#7387=CARTESIAN_POINT('',(24.0089540769957,0.709787858824231,5.5));
#7388=CARTESIAN_POINT('',(23.5089540769957,2.37189559920482,6.));
#7389=CARTESIAN_POINT('Origin',(23.5089540769957,2.37189559920482,5.5));
#7390=CARTESIAN_POINT('',(23.5089540769957,0.709787858824233,6.));
#7391=CARTESIAN_POINT('Origin',(24.5589540769957,2.97189559920482,5.5));
#7392=CARTESIAN_POINT('',(24.1089540769957,2.97189559920482,6.));
#7393=CARTESIAN_POINT('',(24.1089540769957,2.47189559920482,5.5));
#7394=CARTESIAN_POINT('Origin',(24.1089540769957,2.97189559920482,5.5));
#7395=CARTESIAN_POINT('',(25.9089540769957,2.47189559920482,5.5));
#7396=CARTESIAN_POINT('',(24.5589540769957,2.47189559920482,5.5));
#7397=CARTESIAN_POINT('',(25.9089540769957,2.97189559920482,6.));
#7398=CARTESIAN_POINT('Origin',(25.9089540769957,2.97189559920482,5.5));
#7399=CARTESIAN_POINT('',(24.5589540769957,2.97189559920482,6.));
#7400=CARTESIAN_POINT('Origin',(25.9089540769957,2.37189559920482,5.5));
#7401=CARTESIAN_POINT('',(26.0089540769957,2.37189559920482,5.5));
#7402=CARTESIAN_POINT('',(26.5089540769957,2.37189559920482,6.));
#7403=CARTESIAN_POINT('Origin',(26.5089540769957,2.37189559920482,5.5));
#7404=CARTESIAN_POINT('Origin',(25.9089540769957,2.37189559920482,6.));
#7405=CARTESIAN_POINT('Origin',(25.9089540769957,2.37189559920482,5.5));
#7406=CARTESIAN_POINT('Origin',(26.5089540769957,1.19689559920482,5.5));
#7407=CARTESIAN_POINT('',(26.5089540769957,1.19689559920482,6.));
#7408=CARTESIAN_POINT('',(26.0089540769957,1.19689559920483,5.5));
#7409=CARTESIAN_POINT('Origin',(24.1089540769957,2.37189559920482,5.5));
#7410=CARTESIAN_POINT('Origin',(24.1089540769957,2.37189559920482,6.));
#7411=CARTESIAN_POINT('Origin',(24.1089540769957,2.37189559920482,5.5));
#7412=CARTESIAN_POINT('Origin',(25.7089540769957,1.49768011844362,5.5));
#7413=CARTESIAN_POINT('',(27.2996261491307,0.997680118443614,5.5));
#7414=CARTESIAN_POINT('',(25.7089540769957,0.997680118443617,5.5));
#7415=CARTESIAN_POINT('',(27.2996261491307,1.49768011844362,6.));
#7416=CARTESIAN_POINT('Origin',(27.2996261491307,1.49768011844362,5.5));
#7417=CARTESIAN_POINT('',(25.7089540769957,1.49768011844362,6.));
#7418=CARTESIAN_POINT('Origin',(27.2996261491307,0.897680118443617,5.5));
#7419=CARTESIAN_POINT('',(27.3996261491307,0.897680118443617,5.5));
#7420=CARTESIAN_POINT('',(27.8996261491307,0.897680118443617,6.));
#7421=CARTESIAN_POINT('Origin',(27.8996261491307,0.897680118443617,5.5));
#7422=CARTESIAN_POINT('Origin',(27.2996261491307,0.897680118443617,6.));
#7423=CARTESIAN_POINT('Origin',(27.2996261491307,0.897680118443617,5.5));
#7424=CARTESIAN_POINT('Origin',(27.8996261491307,0.459787858824229,5.5));
#7425=CARTESIAN_POINT('',(27.3996261491307,-0.807748060621867,5.5));
#7426=CARTESIAN_POINT('',(27.8996261491307,-0.807748060621867,6.));
#7427=CARTESIAN_POINT('Origin',(27.8996261491307,-0.807748060621867,5.5));
#7428=CARTESIAN_POINT('',(27.8996261491307,0.459787858824229,6.));
#7429=CARTESIAN_POINT('',(27.3996261491307,0.459787858824229,5.5));
#7430=CARTESIAN_POINT('Origin',(27.2996261491307,-0.807748060621867,5.5));
#7431=CARTESIAN_POINT('',(27.2996261491307,-0.907748060621867,5.5));
#7432=CARTESIAN_POINT('',(27.2996261491307,-1.40774806062187,6.));
#7433=CARTESIAN_POINT('Origin',(27.2996261491307,-1.40774806062187,5.5));
#7434=CARTESIAN_POINT('Origin',(27.2996261491307,-0.807748060621867,6.));
#7435=CARTESIAN_POINT('Origin',(27.2996261491307,-0.807748060621867,5.5));
#7436=CARTESIAN_POINT('Origin',(26.1542901130632,-1.40774806062187,5.5));
#7437=CARTESIAN_POINT('',(26.1542901130632,-1.40774806062187,6.));
#7438=CARTESIAN_POINT('',(26.1542901130632,-0.90774806062187,5.5));
#7439=CARTESIAN_POINT('Origin',(26.5089540769957,-0.642926230708518,5.5));
#7440=CARTESIAN_POINT('',(26.0089540769957,-2.32810440079518,5.5));
#7441=CARTESIAN_POINT('',(26.0089540769957,-0.642926230708515,5.5));
#7442=CARTESIAN_POINT('',(26.5089540769957,-2.32810440079519,6.));
#7443=CARTESIAN_POINT('Origin',(26.5089540769957,-2.32810440079519,5.5));
#7444=CARTESIAN_POINT('',(26.5089540769957,-0.642926230708518,6.));
#7445=CARTESIAN_POINT('Origin',(25.9089540769957,-2.32810440079518,5.5));
#7446=CARTESIAN_POINT('',(25.9089540769957,-2.42810440079518,5.5));
#7447=CARTESIAN_POINT('',(25.9089540769957,-2.92810440079518,6.));
#7448=CARTESIAN_POINT('Origin',(25.9089540769957,-2.92810440079518,5.5));
#7449=CARTESIAN_POINT('Origin',(25.9089540769957,-2.32810440079518,6.));
#7450=CARTESIAN_POINT('Origin',(25.9089540769957,-2.32810440079518,5.5));
#7451=CARTESIAN_POINT('Origin',(25.4589540769957,-2.92810440079518,5.5));
#7452=CARTESIAN_POINT('',(24.1089540769957,-2.42810440079518,5.5));
#7453=CARTESIAN_POINT('',(24.1089540769957,-2.92810440079518,6.));
#7454=CARTESIAN_POINT('Origin',(24.1089540769957,-2.92810440079518,5.5));
#7455=CARTESIAN_POINT('',(25.4589540769957,-2.92810440079518,6.));
#7456=CARTESIAN_POINT('',(25.4589540769957,-2.42810440079518,5.5));
#7457=CARTESIAN_POINT('Origin',(24.1089540769957,-2.32810440079518,5.5));
#7458=CARTESIAN_POINT('',(24.0089540769957,-2.32810440079518,5.5));
#7459=CARTESIAN_POINT('',(23.5089540769957,-2.32810440079519,6.));
#7460=CARTESIAN_POINT('Origin',(23.5089540769957,-2.32810440079519,5.5));
#7461=CARTESIAN_POINT('Origin',(24.1089540769957,-2.32810440079518,6.));
#7462=CARTESIAN_POINT('Origin',(24.1089540769957,-2.32810440079518,5.5));
#7463=CARTESIAN_POINT('Origin',(23.5089540769957,-1.15310440079518,5.5));
#7464=CARTESIAN_POINT('',(23.5089540769957,-1.15310440079518,6.));
#7465=CARTESIAN_POINT('',(24.0089540769957,-1.15310440079517,5.5));
#7466=CARTESIAN_POINT('Origin',(24.3088941917353,-1.50245328411595,5.5));
#7467=CARTESIAN_POINT('',(22.5996187759169,-1.00232725422651,5.5));
#7468=CARTESIAN_POINT('',(24.3089310578041,-1.00245328547505,5.5));
#7469=CARTESIAN_POINT('',(22.5995819098482,-1.5023272528674,6.));
#7470=CARTESIAN_POINT('Origin',(22.5995819098482,-1.5023272528674,5.5));
#7471=CARTESIAN_POINT('',(24.3088941917353,-1.50245328411595,6.));
#7472=CARTESIAN_POINT('Origin',(22.5996261491306,-0.90232725449833,5.5));
#7473=CARTESIAN_POINT('',(22.4996261491307,-0.90232725449833,5.5));
#7474=CARTESIAN_POINT('',(21.9996261491307,-0.90232725449833,6.));
#7475=CARTESIAN_POINT('Origin',(21.9996261491307,-0.90232725449833,5.5));
#7476=CARTESIAN_POINT('Origin',(22.5996261491306,-0.90232725449833,6.));
#7477=CARTESIAN_POINT('Origin',(22.5996261491306,-0.90232725449833,5.5));
#7478=CARTESIAN_POINT('Origin',(21.9996261491307,-0.440215827646749,5.5));
#7479=CARTESIAN_POINT('',(22.4996261491306,0.897680118443617,5.5));
#7480=CARTESIAN_POINT('',(21.9996261491307,0.897680118443616,6.));
#7481=CARTESIAN_POINT('Origin',(21.9996261491307,0.897680118443616,5.5));
#7482=CARTESIAN_POINT('',(21.9996261491307,-0.440215827646749,6.));
#7483=CARTESIAN_POINT('',(22.4996261491307,-0.440215827646748,5.5));
#7484=CARTESIAN_POINT('Origin',(22.5996261491306,0.897680118443618,5.5));
#7485=CARTESIAN_POINT('',(22.5996261491306,0.997680118443616,5.5));
#7486=CARTESIAN_POINT('',(22.5996261491306,1.49768011844362,6.));
#7487=CARTESIAN_POINT('Origin',(22.5996261491306,1.49768011844362,5.5));
#7488=CARTESIAN_POINT('Origin',(22.5996261491306,0.897680118443618,6.));
#7489=CARTESIAN_POINT('Origin',(22.5996261491306,0.897680118443618,5.5));
#7490=CARTESIAN_POINT('Origin',(23.8042901130632,1.49768011844362,5.5));
#7491=CARTESIAN_POINT('',(23.8042901130632,1.49768011844362,6.));
#7492=CARTESIAN_POINT('',(23.8042901130632,0.997680118443617,5.5));
#7493=CARTESIAN_POINT('Origin',(25.9089540769957,-2.32810440079518,-2.));
#7494=CARTESIAN_POINT('',(26.0089540769957,-2.32810440079518,-2.));
#7495=CARTESIAN_POINT('',(26.0089540769957,-2.32810440079518,-2.));
#7496=CARTESIAN_POINT('',(26.0074042955819,-2.34564163148681,-2.));
#7497=CARTESIAN_POINT('Origin',(25.9089540769957,-2.32810440079518,-2.));
#7498=CARTESIAN_POINT('',(25.9089540769957,-2.42810440079518,-2.));
#7499=CARTESIAN_POINT('Origin',(25.9089540769957,-2.32810440079518,-2.));
#7500=CARTESIAN_POINT('',(25.9089540769957,-2.42810440079518,-2.));
#7501=CARTESIAN_POINT('Origin',(26.0089540769957,-1.30774806062187,-2.));
#7502=CARTESIAN_POINT('',(26.0089540769957,-1.30774806062187,-2.));
#7503=CARTESIAN_POINT('',(26.0089540769957,-1.30774806062187,-2.));
#7504=CARTESIAN_POINT('',(26.0089540769957,-2.32810440079518,-2.));
#7505=CARTESIAN_POINT('Origin',(26.4089540769957,-1.30774806062187,-2.));
#7506=CARTESIAN_POINT('',(26.4089540769957,-0.907748060621869,-2.));
#7507=CARTESIAN_POINT('',(26.4089540769957,-0.907748060621869,-2.));
#7508=CARTESIAN_POINT('Origin',(26.4089540769957,-1.30774806062187,-2.));
#7509=CARTESIAN_POINT('Origin',(27.2996261491307,-0.907748060621867,-2.));
#7510=CARTESIAN_POINT('',(27.2996261491307,-0.907748060621867,-2.));
#7511=CARTESIAN_POINT('',(27.2996261491307,-0.907748060621867,-2.));
#7512=CARTESIAN_POINT('',(26.5795500058088,-0.907748060621869,-2.));
#7513=CARTESIAN_POINT('',(26.1542901130632,-0.90774806062187,-2.));
#7514=CARTESIAN_POINT('',(27.2996261491307,-0.907748060621867,-2.));
#7515=CARTESIAN_POINT('Origin',(27.2996261491307,-0.807748060621867,-2.));
#7516=CARTESIAN_POINT('',(27.3996261491307,-0.807748060621867,-2.));
#7517=CARTESIAN_POINT('',(27.3996261491307,-0.807748060621867,-2.));
#7518=CARTESIAN_POINT('Origin',(27.2996261491307,-0.807748060621867,-2.));
#7519=CARTESIAN_POINT('Origin',(27.3996261491307,0.897680118443617,-2.));
#7520=CARTESIAN_POINT('',(27.3996261491307,0.897680118443617,-2.));
#7521=CARTESIAN_POINT('',(27.3996261491307,0.897680118443617,-2.));
#7522=CARTESIAN_POINT('',(27.3996261491307,0.459787858824229,-2.));
#7523=CARTESIAN_POINT('Origin',(27.2996261491307,0.897680118443617,-2.));
#7524=CARTESIAN_POINT('',(27.2996261491307,0.997680118443614,-2.));
#7525=CARTESIAN_POINT('',(27.2996261491307,0.997680118443614,-2.));
#7526=CARTESIAN_POINT('Origin',(27.2996261491307,0.897680118443617,-2.));
#7527=CARTESIAN_POINT('Origin',(26.4089540769957,0.997680118443617,-2.));
#7528=CARTESIAN_POINT('',(26.4089540769957,0.997680118443617,-2.));
#7529=CARTESIAN_POINT('',(26.4089540769957,0.997680118443617,-2.));
#7530=CARTESIAN_POINT('',(26.5783292309777,0.997680118443617,-2.));
#7531=CARTESIAN_POINT('',(26.4089540769957,0.997680118443617,-2.));
#7532=CARTESIAN_POINT('',(25.7089540769957,0.997680118443617,-2.));
#7533=CARTESIAN_POINT('Origin',(26.4089540769957,1.39768011844362,-2.));
#7534=CARTESIAN_POINT('',(26.0089540769957,1.39768011844362,-2.));
#7535=CARTESIAN_POINT('',(26.0089540769957,1.39768011844362,-2.));
#7536=CARTESIAN_POINT('Origin',(26.4089540769957,1.39768011844362,-2.));
#7537=CARTESIAN_POINT('Origin',(26.0089540769957,2.37189559920482,-2.));
#7538=CARTESIAN_POINT('',(26.0089540769957,2.37189559920482,-2.));
#7539=CARTESIAN_POINT('',(26.0089540769957,2.37189559920482,-2.));
#7540=CARTESIAN_POINT('',(26.0089540769957,1.39768011844362,-2.));
#7541=CARTESIAN_POINT('Origin',(25.9089540769957,2.37189559920482,-2.));
#7542=CARTESIAN_POINT('',(25.9089540769957,2.47189559920482,-2.));
#7543=CARTESIAN_POINT('',(25.9089540769957,2.47189559920482,-2.));
#7544=CARTESIAN_POINT('',(26.0074042955818,2.3894328298965,-2.));
#7545=CARTESIAN_POINT('Origin',(25.9089540769957,2.37189559920482,-2.));
#7546=CARTESIAN_POINT('Origin',(25.9089540769957,2.37189559920482,-2.));
#7547=CARTESIAN_POINT('Origin',(24.1089540769957,2.47189559920482,-2.));
#7548=CARTESIAN_POINT('',(24.1089540769957,2.47189559920482,-2.));
#7549=CARTESIAN_POINT('',(24.1089540769957,2.47189559920482,-2.));
#7550=CARTESIAN_POINT('',(24.2345928062015,2.47189559920482,-2.));
#7551=CARTESIAN_POINT('',(24.5589540769957,2.47189559920482,-2.));
#7552=CARTESIAN_POINT('',(25.7833153477899,2.47189559920482,-2.));
#7553=CARTESIAN_POINT('',(25.9089540769957,2.47189559920482,-2.));
#7554=CARTESIAN_POINT('',(24.5589540769957,2.47189559920482,-2.));
#7555=CARTESIAN_POINT('Origin',(25.0089540769957,0.0218955992048409,6.));
#7556=CARTESIAN_POINT('',(20.0089540769957,0.0218955992048404,6.));
#7557=CARTESIAN_POINT('Origin',(25.0089540769957,0.0218955992048411,6.));
#7558=CARTESIAN_POINT('Origin',(27.0796052325568,-0.99378773550134,-7.5));
#7559=CARTESIAN_POINT('',(27.0775015910663,2.28964969504137,-8.));
#7560=CARTESIAN_POINT('',(27.0804057132436,-2.24320607088347,-8.));
#7561=CARTESIAN_POINT('',(27.0796052325568,-0.99378773550134,-8.));
#7562=CARTESIAN_POINT('',(26.5802569155772,-2.01111762435556,-7.5));
#7563=CARTESIAN_POINT('Ctrl Pts',(27.0804057132436,-2.24320607088347,-8.));
#7564=CARTESIAN_POINT('Ctrl Pts',(27.0793429329877,-2.24273821327122,-8.));
#7565=CARTESIAN_POINT('Ctrl Pts',(27.0782802072972,-2.2422702344278,-7.99999661340694));
#7566=CARTESIAN_POINT('Ctrl Pts',(27.0063215873611,-2.21057289133164,-7.99953803186483));
#7567=CARTESIAN_POINT('Ctrl Pts',(26.9360482928456,-2.17894000176987,-7.9840200983253));
#7568=CARTESIAN_POINT('Ctrl Pts',(26.8095982334048,-2.12085703048086,-7.92578813225607));
#7569=CARTESIAN_POINT('Ctrl Pts',(26.753456913772,-2.09449364849715,-7.8847714428858));
#7570=CARTESIAN_POINT('Ctrl Pts',(26.6653783132821,-2.05254996022837,-7.78593607386969));
#7571=CARTESIAN_POINT('Ctrl Pts',(26.6322004755579,-2.03646995105843,-7.73109233707638));
#7572=CARTESIAN_POINT('Ctrl Pts',(26.5905004145821,-2.01615924155373,-7.61606352407576));
#7573=CARTESIAN_POINT('Ctrl Pts',(26.5802569155772,-2.01111762435556,-7.55845513589292));
#7574=CARTESIAN_POINT('Ctrl Pts',(26.5802569155772,-2.01111762435556,-7.5));
#7575=CARTESIAN_POINT('',(26.5776505939697,2.05692056596558,-7.5));
#7576=CARTESIAN_POINT('',(26.5796053351753,-0.994108076775278,-7.5));
#7577=CARTESIAN_POINT('Ctrl Pts',(27.0775015910663,2.28964969504137,-8.));
#7578=CARTESIAN_POINT('Ctrl Pts',(27.0764394111792,2.28918047600396,-8.));
#7579=CARTESIAN_POINT('Ctrl Pts',(27.0753772860128,2.2887111358054,-7.99999661340694));
#7580=CARTESIAN_POINT('Ctrl Pts',(27.0366577441158,2.27159613423926,-7.99974971998927));
#7581=CARTESIAN_POINT('Ctrl Pts',(26.9991342057449,2.25482442291999,-7.99525360469747));
#7582=CARTESIAN_POINT('Ctrl Pts',(26.9259644345729,2.22175349940541,-7.97794405873736));
#7583=CARTESIAN_POINT('Ctrl Pts',(26.8903900289361,2.20548848333559,-7.96519009244164));
#7584=CARTESIAN_POINT('Ctrl Pts',(26.79900940186,2.16326564878703,-7.92012040676333));
#7585=CARTESIAN_POINT('Ctrl Pts',(26.7466466684695,2.1385672530819,-7.88056416477516));
#7586=CARTESIAN_POINT('Ctrl Pts',(26.6636068284421,2.09888040647006,-7.78656798860173));
#7587=CARTESIAN_POINT('Ctrl Pts',(26.6318733254623,2.08346217247994,-7.7346497923972));
#7588=CARTESIAN_POINT('Ctrl Pts',(26.589573975319,2.06280509936416,-7.62307488037873));
#7589=CARTESIAN_POINT('Ctrl Pts',(26.5784576013333,2.05731774566697,-7.56531918564233));
#7590=CARTESIAN_POINT('Ctrl Pts',(26.5776646691154,2.05692749336483,-7.50433393025695));
#7591=CARTESIAN_POINT('Ctrl Pts',(26.5776505939697,2.05692056596558,-7.50216638362858));
#7592=CARTESIAN_POINT('Ctrl Pts',(26.5776505939697,2.05692056596558,-7.49999999999981));
#7593=CARTESIAN_POINT('Origin',(25.0089540769957,0.021895599204844,-7.5));
#7594=CARTESIAN_POINT('',(22.9404065629251,-2.24585849663169,-8.));
#7595=CARTESIAN_POINT('Origin',(25.0089540769957,0.021895599204844,-8.));
#7596=CARTESIAN_POINT('',(23.4402575600217,-2.0131293675559,-7.5));
#7597=CARTESIAN_POINT('Ctrl Pts',(22.9404065629251,-2.24585849663169,-8.));
#7598=CARTESIAN_POINT('Ctrl Pts',(22.9414687428121,-2.24538927759428,-8.));
#7599=CARTESIAN_POINT('Ctrl Pts',(22.9425308679786,-2.24491993739572,-7.99999661340694));
#7600=CARTESIAN_POINT('Ctrl Pts',(22.9812504098756,-2.22780493582954,-7.99974971998927));
#7601=CARTESIAN_POINT('Ctrl Pts',(23.018773948247,-2.21103322451011,-7.99525360469742));
#7602=CARTESIAN_POINT('Ctrl Pts',(23.0919437194194,-2.17796230099528,-7.97794405873707));
#7603=CARTESIAN_POINT('Ctrl Pts',(23.1275181250564,-2.16169728492536,-7.96519009244118));
#7604=CARTESIAN_POINT('Ctrl Pts',(23.2188987521326,-2.11947445037677,-7.9201204067625));
#7605=CARTESIAN_POINT('Ctrl Pts',(23.2712614855229,-2.0947760546717,-7.88056416477419));
#7606=CARTESIAN_POINT('Ctrl Pts',(23.3543013255501,-2.05508920806,-7.78656798860056));
#7607=CARTESIAN_POINT('Ctrl Pts',(23.3860348285297,-2.03967097406995,-7.73464979239597));
#7608=CARTESIAN_POINT('Ctrl Pts',(23.4283341786727,-2.01901390095431,-7.62307488037741));
#7609=CARTESIAN_POINT('Ctrl Pts',(23.4394505526582,-2.01352654725721,-7.56531918564098));
#7610=CARTESIAN_POINT('Ctrl Pts',(23.4402434848759,-2.01313629495515,-7.50433393025605));
#7611=CARTESIAN_POINT('Ctrl Pts',(23.4402575600217,-2.0131293675559,-7.50216638362813));
#7612=CARTESIAN_POINT('Ctrl Pts',(23.4402575600217,-2.0131293675559,-7.49999999999981));
#7613=CARTESIAN_POINT('Origin',(25.0089540769957,0.021895599204844,-7.5));
#7614=CARTESIAN_POINT('Origin',(22.9383029214345,1.03757893391102,-7.5));
#7615=CARTESIAN_POINT('',(22.9375024407478,2.28699726929315,-8.));
#7616=CARTESIAN_POINT('',(22.9383029214345,1.03757893391102,-8.));
#7617=CARTESIAN_POINT('',(23.4376512384141,2.05490882276524,-7.5));
#7618=CARTESIAN_POINT('Ctrl Pts',(22.9375024407478,2.28699726929315,-8.));
#7619=CARTESIAN_POINT('Ctrl Pts',(22.9385652210036,2.28652941168091,-8.));
#7620=CARTESIAN_POINT('Ctrl Pts',(22.9396279466941,2.28606143283748,-7.99999661340694));
#7621=CARTESIAN_POINT('Ctrl Pts',(23.0115865666297,2.25436408974162,-7.99953803186483));
#7622=CARTESIAN_POINT('Ctrl Pts',(23.081859861145,2.22273120017989,-7.98402009832547));
#7623=CARTESIAN_POINT('Ctrl Pts',(23.2083099205856,2.16464822889095,-7.92578813225664));
#7624=CARTESIAN_POINT('Ctrl Pts',(23.2644512402185,2.1382848469072,-7.88477144288647));
#7625=CARTESIAN_POINT('Ctrl Pts',(23.3525298407087,2.09634115863832,-7.78593607387051));
#7626=CARTESIAN_POINT('Ctrl Pts',(23.385707678433,2.08026114946832,-7.73109233707725));
#7627=CARTESIAN_POINT('Ctrl Pts',(23.4274077394092,2.05995043996346,-7.61606352407637));
#7628=CARTESIAN_POINT('Ctrl Pts',(23.4376512384141,2.05490882276524,-7.55845513589323));
#7629=CARTESIAN_POINT('Ctrl Pts',(23.4376512384141,2.05490882276524,-7.5));
#7630=CARTESIAN_POINT('',(23.438302818816,1.03789927518496,-7.5));
#7631=CARTESIAN_POINT('Origin',(25.0089540769957,0.0218955992048414,-7.5));
#7632=CARTESIAN_POINT('Origin',(25.0089540769957,0.0218955992048414,-7.5));
#7633=CARTESIAN_POINT('Origin',(25.0089540769957,0.0218955992048414,-8.));
#7634=CARTESIAN_POINT('Origin',(25.0089540769957,0.0218955992048414,-2.));
#7635=CARTESIAN_POINT('',(26.5776505939697,2.05692056596558,-2.));
#7636=CARTESIAN_POINT('',(26.5776505939697,2.05692056596558,-2.));
#7637=CARTESIAN_POINT('Origin',(25.0089540769957,0.0218955992048414,-2.));
#7638=CARTESIAN_POINT('Origin',(25.0089540769957,0.0218955992048414,-2.));
#7639=CARTESIAN_POINT('Origin',(25.0089540769957,0.0218955992048414,-2.));
#7640=CARTESIAN_POINT('',(24.0105038584095,2.38943282989651,-2.));
#7641=CARTESIAN_POINT('Origin',(25.0089540769957,0.0218955992048414,-2.));
#7642=CARTESIAN_POINT('',(23.4376512384141,2.05490882276524,-2.));
#7643=CARTESIAN_POINT('Origin',(25.0089540769957,0.0218955992048414,-2.));
#7644=CARTESIAN_POINT('',(23.4376512384141,2.05490882276524,-2.));
#7645=CARTESIAN_POINT('Origin',(26.5802569155772,-2.01111762435556,-2.));
#7646=CARTESIAN_POINT('',(26.5802569155772,-2.01111762435556,-2.));
#7647=CARTESIAN_POINT('',(26.5802569155772,-2.01111762435556,-2.));
#7648=CARTESIAN_POINT('',(26.5802569155772,-2.01111762435556,-2.));
#7649=CARTESIAN_POINT('',(26.5802569155772,-2.01111762435556,-2.));
#7650=CARTESIAN_POINT('',(26.5802569155772,-2.01111762435556,-2.));
#7651=CARTESIAN_POINT('Origin',(25.0089540769957,0.0218955992048409,-8.));
#7652=CARTESIAN_POINT('',(20.0089540769957,0.0218955992048406,-8.));
#7653=CARTESIAN_POINT('Origin',(25.0089540769957,0.0218955992048411,-8.));
#7654=CARTESIAN_POINT('Origin',(25.0089540769957,0.0218955992048409,-2.));
#7655=CARTESIAN_POINT('',(24.0105038584095,-2.34564163148682,-2.));
#7656=CARTESIAN_POINT('',(23.4402575600217,-2.0131293675559,-2.));
#7657=CARTESIAN_POINT('Origin',(25.0089540769957,0.021895599204844,-2.));
#7658=CARTESIAN_POINT('',(23.4396099962957,-1.00238918857484,-2.));
#7659=CARTESIAN_POINT('',(23.4376512384141,2.05490882276524,-2.));
#7660=CARTESIAN_POINT('',(23.6089835698507,-1.00240167685049,-2.));
#7661=CARTESIAN_POINT('',(23.6089835698507,-1.00240167685049,-2.));
#7662=CARTESIAN_POINT('',(24.0089540769957,-1.4024016757632,-2.));
#7663=CARTESIAN_POINT('Origin',(23.6089540769957,-1.40240167576319,-2.));
#7664=CARTESIAN_POINT('',(24.0089540769957,-2.32810440079518,-2.));
#7665=CARTESIAN_POINT('',(24.0089540769957,-1.4024016757632,-2.));
#7666=CARTESIAN_POINT('Origin',(24.1089540769957,-2.32810440079518,-2.));
#7667=CARTESIAN_POINT('Origin',(25.0089540769957,0.0218955992048409,-2.));
#7668=CARTESIAN_POINT('',(23.4383285865331,0.997680118443617,-2.));
#7669=CARTESIAN_POINT('',(23.4376512384141,2.05490882276524,-2.));
#7670=CARTESIAN_POINT('',(24.0089540769957,2.37189559920482,-2.));
#7671=CARTESIAN_POINT('Origin',(24.1089540769957,2.37189559920482,-2.));
#7672=CARTESIAN_POINT('',(24.0089540769957,1.39768011844362,-2.));
#7673=CARTESIAN_POINT('',(24.0089540769957,2.37189559920482,-2.));
#7674=CARTESIAN_POINT('',(23.6089540769957,0.997680118443617,-2.));
#7675=CARTESIAN_POINT('Origin',(23.6089540769957,1.39768011844362,-2.));
#7676=CARTESIAN_POINT('',(22.5996261491306,0.997680118443616,-2.));
#7677=CARTESIAN_POINT('Origin',(25.0089540769957,0.0218955992048409,-2.));
#7678=CARTESIAN_POINT('Origin',(25.0089540769957,0.0218955992048409,-2.));
#7679=CARTESIAN_POINT('Origin',(25.0089540769957,0.0218955992048409,-2.));
#7680=CARTESIAN_POINT('Origin',(25.0089540769957,0.021895599204844,-2.));
#7681=CARTESIAN_POINT('Origin',(25.0089540769957,0.0218955992048409,-2.));
#7682=CARTESIAN_POINT('',(25.7833153477897,-2.42810440079518,-2.));
#7683=CARTESIAN_POINT('',(24.2345928062016,-2.42810440079518,-2.));
#7684=CARTESIAN_POINT('Origin',(25.0089540769957,0.021895599204844,-2.));
#7685=CARTESIAN_POINT('',(24.1089540769957,-2.42810440079518,-2.));
#7686=CARTESIAN_POINT('Origin',(22.5996261491306,0.897680118443618,-2.));
#7687=CARTESIAN_POINT('',(22.4996261491306,0.897680118443617,-2.));
#7688=CARTESIAN_POINT('',(22.4996261491306,0.897680118443617,-2.));
#7689=CARTESIAN_POINT('',(22.5996261491306,0.997680118443616,-2.));
#7690=CARTESIAN_POINT('Origin',(22.5996261491306,0.897680118443618,-2.));
#7691=CARTESIAN_POINT('',(22.5996261491306,0.997680118443616,-2.));
#7692=CARTESIAN_POINT('Origin',(22.4996261491307,-0.90232725449833,-2.));
#7693=CARTESIAN_POINT('',(22.4996261491307,-0.90232725449833,-2.));
#7694=CARTESIAN_POINT('',(22.4996261491307,-0.90232725449833,-2.));
#7695=CARTESIAN_POINT('',(22.4996261491306,-0.440215827646748,-2.));
#7696=CARTESIAN_POINT('Origin',(22.5996261491306,-0.90232725449833,-2.));
#7697=CARTESIAN_POINT('',(22.5996187759169,-1.00232725422651,-2.));
#7698=CARTESIAN_POINT('',(22.5996187759169,-1.00232725422651,-2.));
#7699=CARTESIAN_POINT('Origin',(22.5996261491306,-0.90232725449833,-2.));
#7700=CARTESIAN_POINT('Origin',(23.6089835698507,-1.00240167685049,-2.));
#7701=CARTESIAN_POINT('',(23.6089835698507,-1.00240167685049,-2.));
#7702=CARTESIAN_POINT('',(24.308931057804,-1.00245328547505,-2.));
#7703=CARTESIAN_POINT('Origin',(23.6089540769957,-1.40240167576319,-2.));
#7704=CARTESIAN_POINT('',(24.0089540769957,-1.4024016757632,-2.));
#7705=CARTESIAN_POINT('Origin',(24.0089540769957,-2.32810440079518,-2.));
#7706=CARTESIAN_POINT('',(24.0089540769957,-2.32810440079518,-2.));
#7707=CARTESIAN_POINT('Origin',(24.1089540769957,-2.32810440079518,-2.));
#7708=CARTESIAN_POINT('',(24.1089540769957,-2.42810440079518,-2.));
#7709=CARTESIAN_POINT('',(24.1089540769957,-2.42810440079518,-2.));
#7710=CARTESIAN_POINT('Origin',(24.1089540769957,-2.32810440079518,-2.));
#7711=CARTESIAN_POINT('Origin',(25.9089540769957,-2.42810440079518,-2.));
#7712=CARTESIAN_POINT('',(25.4589540769957,-2.42810440079518,-2.));
#7713=CARTESIAN_POINT('',(25.4589540769957,-2.42810440079518,-2.));
#7714=CARTESIAN_POINT('Origin',(24.1089540769957,2.37189559920482,-2.));
#7715=CARTESIAN_POINT('',(24.0089540769957,2.37189559920482,-2.));
#7716=CARTESIAN_POINT('Origin',(24.1089540769957,2.37189559920482,-2.));
#7717=CARTESIAN_POINT('Origin',(24.0089540769957,1.39768011844362,-2.));
#7718=CARTESIAN_POINT('',(24.0089540769957,1.39768011844362,-2.));
#7719=CARTESIAN_POINT('Origin',(23.6089540769957,1.39768011844362,-2.));
#7720=CARTESIAN_POINT('',(23.6089540769957,0.997680118443617,-2.));
#7721=CARTESIAN_POINT('Origin',(22.5996261491306,0.997680118443616,-2.));
#7722=CARTESIAN_POINT('',(23.8042901130632,0.997680118443617,-2.));
#7723=CARTESIAN_POINT('Origin',(25.0089540769957,0.0218955992048409,-2.));
#7724=CARTESIAN_POINT('Origin',(25.0089540769957,0.0218955992048409,-2.));
#7725=CARTESIAN_POINT('Origin',(25.0089540769957,0.0218955992048409,-2.));
#7726=CARTESIAN_POINT('Origin',(25.0089540769957,0.0218955992048409,-2.));
#7727=CARTESIAN_POINT('',(23.4376512384141,2.05490882276524,-2.));
#7728=CARTESIAN_POINT('Origin',(25.0089540769957,0.0218955992048409,-2.));
#7729=CARTESIAN_POINT('Origin',(25.0089540769957,0.021895599204844,-2.));
#7730=CARTESIAN_POINT('Origin',(25.0089540769957,0.0218955992048409,-2.));
#7731=CARTESIAN_POINT('Origin',(25.0089540769957,0.021895599204844,-2.));
#7732=CARTESIAN_POINT('Origin',(25.0089540769957,0.021895599204844,-2.));
#7733=CARTESIAN_POINT('',(23.4402575600217,-2.0131293675559,-2.));
#7734=CARTESIAN_POINT('Origin',(23.4376512384141,2.05490882276524,-2.));
#7735=CARTESIAN_POINT('Origin',(25.0089540769957,0.0218955992048411,-2.));
#7736=CARTESIAN_POINT('',(20.0089540769957,0.0218955992048417,-2.));
#7737=UNCERTAINTY_MEASURE_WITH_UNIT(LENGTH_MEASURE(0.01),#7741,
'DISTANCE_ACCURACY_VALUE',
'Maximum model space distance between geometric entities at asserted c
onnectivities');
#7738=UNCERTAINTY_MEASURE_WITH_UNIT(LENGTH_MEASURE(0.01),#7741,
'DISTANCE_ACCURACY_VALUE',
'Maximum model space distance between geometric entities at asserted c
onnectivities');
#7739=(
GEOMETRIC_REPRESENTATION_CONTEXT(3)
GLOBAL_UNCERTAINTY_ASSIGNED_CONTEXT((#7737))
GLOBAL_UNIT_ASSIGNED_CONTEXT((#7741,#7743,#7744))
REPRESENTATION_CONTEXT('','3D')
);
#7740=(
GEOMETRIC_REPRESENTATION_CONTEXT(3)
GLOBAL_UNCERTAINTY_ASSIGNED_CONTEXT((#7738))
GLOBAL_UNIT_ASSIGNED_CONTEXT((#7741,#7743,#7744))
REPRESENTATION_CONTEXT('','3D')
);
#7741=(
LENGTH_UNIT()
NAMED_UNIT(*)
SI_UNIT(.MILLI.,.METRE.)
);
#7742=(
LENGTH_UNIT()
NAMED_UNIT(*)
SI_UNIT($,.METRE.)
);
#7743=(
NAMED_UNIT(*)
PLANE_ANGLE_UNIT()
SI_UNIT($,.RADIAN.)
);
#7744=(
NAMED_UNIT(*)
SI_UNIT($,.STERADIAN.)
SOLID_ANGLE_UNIT()
);
#7745=SHAPE_DEFINITION_REPRESENTATION(#7746,#7747);
#7746=PRODUCT_DEFINITION_SHAPE('',$,#7749);
#7747=SHAPE_REPRESENTATION('',(#3827),#7739);
#7748=PRODUCT_DEFINITION_CONTEXT('part definition',#7753,'design');
#7749=PRODUCT_DEFINITION('hridele','hridele v7',#7750,#7748);
#7750=PRODUCT_DEFINITION_FORMATION('',$,#7755);
#7751=PRODUCT_RELATED_PRODUCT_CATEGORY('hridele v7','hridele v7',(#7755));
#7752=APPLICATION_PROTOCOL_DEFINITION('international standard',
'automotive_design',2009,#7753);
#7753=APPLICATION_CONTEXT(
'Core Data for Automotive Mechanical Design Process');
#7754=PRODUCT_CONTEXT('part definition',#7753,'mechanical');
#7755=PRODUCT('hridele','hridele v7',$,(#7754));
#7756=PRESENTATION_STYLE_ASSIGNMENT((#7757));
#7757=SURFACE_STYLE_USAGE(.BOTH.,#7758);
#7758=SURFACE_SIDE_STYLE('',(#7759));
#7759=SURFACE_STYLE_FILL_AREA(#7760);
#7760=FILL_AREA_STYLE('Steel - Satin',(#7761));
#7761=FILL_AREA_STYLE_COLOUR('Steel - Satin',#7762);
#7762=COLOUR_RGB('Steel - Satin',0.627450980392157,0.627450980392157,0.627450980392157);
ENDSEC;
END-ISO-10303-21;
