ISO-10303-21;
HEADER;
/* Generated by software containing ST-Developer
 * from STEP Tools, Inc. (www.steptools.com) 
 */

FILE_DESCRIPTION(
/* description */ (''),
/* implementation_level */ '2;1');

FILE_NAME(
/* name */ 'indukcni.step',
/* time_stamp */ '2024-11-18T08:30:32+01:00',
/* author */ (''),
/* organization */ (''),
/* preprocessor_version */ 'ST-DEVELOPER v20',
/* originating_system */ 'Autodesk Translation Framework v13.20.0.188',

/* authorisation */ '');

FILE_SCHEMA (('AUTOMOTIVE_DESIGN { 1 0 10303 214 3 1 1 }'));
ENDSEC;

DATA;
#10=MECHANICAL_DESIGN_GEOMETRIC_PRESENTATION_REPRESENTATION('',(#13),#4640);
#11=SHAPE_REPRESENTATION_RELATIONSHIP('SRR','None',#4647,#12);
#12=ADVANCED_BREP_SHAPE_REPRESENTATION('',(#14),#4639);
#13=STYLED_ITEM('',(#4656),#14);
#14=MANIFOLD_SOLID_BREP('Body1',#2493);
#15=SPHERICAL_SURFACE('',#2661,0.5);
#16=B_SPLINE_CURVE_WITH_KNOTS('',3,(#4183,#4184,#4185,#4186,#4187,#4188),
 .UNSPECIFIED.,.F.,.F.,(4,2,4),(0.,0.0881713855735412,0.176342771147082),
 .UNSPECIFIED.);
#17=B_SPLINE_CURVE_WITH_KNOTS('',3,(#4220,#4221,#4222,#4223,#4224,#4225,
#4226,#4227,#4228,#4229),.UNSPECIFIED.,.F.,.F.,(4,2,2,2,4),(-0.084102540874872,
-0.0610266485811906,-0.0379507562875092,-0.0189753781437546,0.),
 .UNSPECIFIED.);
#18=B_SPLINE_CURVE_WITH_KNOTS('',3,(#4235,#4236,#4237,#4238,#4239,#4240),
 .UNSPECIFIED.,.F.,.F.,(4,2,4),(0.371484272649157,0.459655658222698,0.547827043796239),
 .UNSPECIFIED.);
#19=FACE_BOUND('',#642,.T.);
#20=FACE_BOUND('',#643,.T.);
#21=FACE_BOUND('',#644,.T.);
#22=FACE_BOUND('',#645,.T.);
#23=FACE_BOUND('',#659,.T.);
#24=FACE_BOUND('',#660,.T.);
#25=FACE_BOUND('',#789,.T.);
#26=FACE_BOUND('',#790,.T.);
#27=FACE_BOUND('',#791,.T.);
#28=FACE_BOUND('',#792,.T.);
#29=FACE_BOUND('',#793,.T.);
#30=FACE_BOUND('',#794,.T.);
#31=FACE_BOUND('',#795,.T.);
#32=FACE_BOUND('',#796,.T.);
#33=ELLIPSE('',#2519,4.24264068711929,3.);
#34=ELLIPSE('',#2520,4.24264068711929,3.);
#35=ELLIPSE('',#2522,4.24264068711929,3.);
#36=ELLIPSE('',#2523,4.24264068711929,3.);
#37=ELLIPSE('',#2531,4.24264068711929,3.);
#38=ELLIPSE('',#2532,4.24264068711929,3.);
#39=ELLIPSE('',#2534,4.24264068711929,3.);
#40=ELLIPSE('',#2535,4.24264068711929,3.);
#41=ELLIPSE('',#2543,4.24264068711929,3.);
#42=ELLIPSE('',#2544,4.24264068711929,3.);
#43=ELLIPSE('',#2546,4.24264068711929,3.);
#44=ELLIPSE('',#2547,4.24264068711929,3.);
#45=ELLIPSE('',#2571,4.24264068711929,3.);
#46=ELLIPSE('',#2579,4.24264068711929,3.);
#47=ELLIPSE('',#2587,4.24264068711929,3.);
#48=ELLIPSE('',#2595,4.24264068711929,3.);
#49=ELLIPSE('',#2597,4.24264068711929,3.);
#50=ELLIPSE('',#2598,4.24264068711929,3.);
#51=ELLIPSE('',#2605,4.24264068711929,3.);
#52=ELLIPSE('',#2607,4.24264068711929,3.);
#53=ELLIPSE('',#2608,4.24264068711929,3.);
#54=ELLIPSE('',#2615,4.24264068711929,3.);
#55=ELLIPSE('',#2617,4.24264068711929,3.);
#56=ELLIPSE('',#2618,4.24264068711929,3.);
#57=ELLIPSE('',#2630,4.24264068711929,3.);
#58=ELLIPSE('',#2639,4.24264068711929,3.);
#59=ELLIPSE('',#2648,4.24264068711929,3.);
#60=ELLIPSE('',#2660,0.707106781186548,0.5);
#61=ELLIPSE('',#2686,4.24264068711929,3.);
#62=ELLIPSE('',#2689,4.24264068711929,3.);
#63=ELLIPSE('',#2693,3.53553390593274,2.5);
#64=ELLIPSE('',#2694,3.53553390593274,2.5);
#65=ELLIPSE('',#2699,4.24264068711929,3.);
#66=ELLIPSE('',#2702,4.24264068711929,3.);
#67=ELLIPSE('',#2706,3.53553390593274,2.5);
#68=ELLIPSE('',#2707,3.53553390593274,2.5);
#69=ELLIPSE('',#2712,4.24264068711929,3.);
#70=ELLIPSE('',#2715,4.24264068711929,3.);
#71=ELLIPSE('',#2719,3.53553390593274,2.5);
#72=ELLIPSE('',#2720,3.53553390593274,2.5);
#73=ELLIPSE('',#2731,4.24264068711929,3.);
#74=ELLIPSE('',#2747,4.24264068711929,3.);
#75=ELLIPSE('',#2763,4.24264068711929,3.);
#76=ELLIPSE('',#2782,3.53553390593274,2.5);
#77=ELLIPSE('',#2783,3.53553390593274,2.5);
#78=ELLIPSE('',#2785,3.53553390593274,2.5);
#79=ELLIPSE('',#2786,3.53553390593274,2.5);
#80=ELLIPSE('',#2788,3.53553390593274,2.5);
#81=ELLIPSE('',#2789,3.53553390593274,2.5);
#82=ELLIPSE('',#2803,3.53553390593274,2.5);
#83=ELLIPSE('',#2804,3.53553390593274,2.5);
#84=ELLIPSE('',#2806,3.53553390593274,2.5);
#85=ELLIPSE('',#2807,3.53553390593274,2.5);
#86=ELLIPSE('',#2809,3.53553390593274,2.5);
#87=ELLIPSE('',#2810,3.53553390593274,2.5);
#88=ELLIPSE('',#2824,3.53553390593274,2.5);
#89=ELLIPSE('',#2825,3.53553390593274,2.5);
#90=ELLIPSE('',#2827,3.53553390593274,2.5);
#91=ELLIPSE('',#2828,3.53553390593274,2.5);
#92=ELLIPSE('',#2830,3.53553390593274,2.5);
#93=ELLIPSE('',#2831,3.53553390593274,2.5);
#94=ELLIPSE('',#2849,3.53553390593274,2.5);
#95=ELLIPSE('',#2850,3.53553390593274,2.5);
#96=ELLIPSE('',#2856,3.53553390593274,2.5);
#97=ELLIPSE('',#2857,3.53553390593274,2.5);
#98=ELLIPSE('',#2863,3.53553390593274,2.5);
#99=ELLIPSE('',#2864,3.53553390593274,2.5);
#100=ELLIPSE('',#2868,3.53553390593274,2.5);
#101=ELLIPSE('',#2869,3.53553390593274,2.5);
#102=ELLIPSE('',#2871,3.53553390593274,2.5);
#103=ELLIPSE('',#2872,3.53553390593274,2.5);
#104=ELLIPSE('',#2874,3.53553390593274,2.5);
#105=ELLIPSE('',#2875,3.53553390593274,2.5);
#106=ELLIPSE('',#2877,3.53553390593274,2.5);
#107=ELLIPSE('',#2878,3.53553390593274,2.5);
#108=ELLIPSE('',#2880,3.53553390593274,2.5);
#109=ELLIPSE('',#2881,3.53553390593274,2.5);
#110=ELLIPSE('',#2883,3.53553390593274,2.5);
#111=ELLIPSE('',#2884,3.53553390593274,2.5);
#112=ELLIPSE('',#2886,3.53553390593274,2.5);
#113=ELLIPSE('',#2887,3.53553390593274,2.5);
#114=ELLIPSE('',#2889,3.53553390593274,2.5);
#115=ELLIPSE('',#2890,3.53553390593274,2.5);
#116=ELLIPSE('',#2892,3.53553390593274,2.5);
#117=ELLIPSE('',#2893,3.53553390593274,2.5);
#118=CYLINDRICAL_SURFACE('',#2517,3.);
#119=CYLINDRICAL_SURFACE('',#2529,3.);
#120=CYLINDRICAL_SURFACE('',#2541,3.);
#121=CYLINDRICAL_SURFACE('',#2570,3.);
#122=CYLINDRICAL_SURFACE('',#2578,3.);
#123=CYLINDRICAL_SURFACE('',#2586,3.);
#124=CYLINDRICAL_SURFACE('',#2594,3.);
#125=CYLINDRICAL_SURFACE('',#2604,3.);
#126=CYLINDRICAL_SURFACE('',#2614,3.);
#127=CYLINDRICAL_SURFACE('',#2629,3.);
#128=CYLINDRICAL_SURFACE('',#2638,3.);
#129=CYLINDRICAL_SURFACE('',#2647,3.);
#130=CYLINDRICAL_SURFACE('',#2652,0.5);
#131=CYLINDRICAL_SURFACE('',#2659,0.5);
#132=CYLINDRICAL_SURFACE('',#2665,0.5);
#133=CYLINDRICAL_SURFACE('',#2667,0.5);
#134=CYLINDRICAL_SURFACE('',#2668,0.5);
#135=CYLINDRICAL_SURFACE('',#2669,0.5);
#136=CYLINDRICAL_SURFACE('',#2684,3.);
#137=CYLINDRICAL_SURFACE('',#2692,2.5);
#138=CYLINDRICAL_SURFACE('',#2697,3.);
#139=CYLINDRICAL_SURFACE('',#2705,2.5);
#140=CYLINDRICAL_SURFACE('',#2710,3.);
#141=CYLINDRICAL_SURFACE('',#2718,2.5);
#142=CYLINDRICAL_SURFACE('',#2730,3.);
#143=CYLINDRICAL_SURFACE('',#2746,3.);
#144=CYLINDRICAL_SURFACE('',#2762,3.);
#145=CYLINDRICAL_SURFACE('',#2771,3.);
#146=CYLINDRICAL_SURFACE('',#2781,2.5);
#147=CYLINDRICAL_SURFACE('',#2784,2.5);
#148=CYLINDRICAL_SURFACE('',#2787,2.5);
#149=CYLINDRICAL_SURFACE('',#2792,3.);
#150=CYLINDRICAL_SURFACE('',#2802,2.5);
#151=CYLINDRICAL_SURFACE('',#2805,2.5);
#152=CYLINDRICAL_SURFACE('',#2808,2.5);
#153=CYLINDRICAL_SURFACE('',#2813,3.);
#154=CYLINDRICAL_SURFACE('',#2823,2.5);
#155=CYLINDRICAL_SURFACE('',#2826,2.5);
#156=CYLINDRICAL_SURFACE('',#2829,2.5);
#157=CYLINDRICAL_SURFACE('',#2848,2.5);
#158=CYLINDRICAL_SURFACE('',#2855,2.5);
#159=CYLINDRICAL_SURFACE('',#2862,2.5);
#160=CYLINDRICAL_SURFACE('',#2867,2.5);
#161=CYLINDRICAL_SURFACE('',#2870,2.5);
#162=CYLINDRICAL_SURFACE('',#2873,2.5);
#163=CYLINDRICAL_SURFACE('',#2876,2.5);
#164=CYLINDRICAL_SURFACE('',#2879,2.5);
#165=CYLINDRICAL_SURFACE('',#2882,2.5);
#166=CYLINDRICAL_SURFACE('',#2885,2.5);
#167=CYLINDRICAL_SURFACE('',#2888,2.5);
#168=CYLINDRICAL_SURFACE('',#2891,2.5);
#169=CYLINDRICAL_SURFACE('',#2894,2.5);
#170=CYLINDRICAL_SURFACE('',#2895,2.5);
#171=CYLINDRICAL_SURFACE('',#2896,2.5);
#172=CYLINDRICAL_SURFACE('',#2897,2.5);
#173=CYLINDRICAL_SURFACE('',#2898,2.5);
#174=CYLINDRICAL_SURFACE('',#2899,2.5);
#175=CYLINDRICAL_SURFACE('',#2900,2.5);
#176=CYLINDRICAL_SURFACE('',#2901,2.5);
#177=CYLINDRICAL_SURFACE('',#2902,2.5);
#178=CYLINDRICAL_SURFACE('',#2903,2.5);
#179=CYLINDRICAL_SURFACE('',#2904,2.5);
#180=CYLINDRICAL_SURFACE('',#2905,2.5);
#181=CYLINDRICAL_SURFACE('',#2906,2.5);
#182=CYLINDRICAL_SURFACE('',#2907,2.5);
#183=CYLINDRICAL_SURFACE('',#2908,2.5);
#184=CYLINDRICAL_SURFACE('',#2909,2.5);
#185=CYLINDRICAL_SURFACE('',#2910,2.5);
#186=CYLINDRICAL_SURFACE('',#2911,2.5);
#187=CYLINDRICAL_SURFACE('',#2912,2.5);
#188=CYLINDRICAL_SURFACE('',#2913,2.5);
#189=CYLINDRICAL_SURFACE('',#2914,2.5);
#190=CYLINDRICAL_SURFACE('',#2915,2.5);
#191=CYLINDRICAL_SURFACE('',#2916,2.5);
#192=CYLINDRICAL_SURFACE('',#2917,2.5);
#193=CYLINDRICAL_SURFACE('',#2918,1.95);
#194=CYLINDRICAL_SURFACE('',#2920,1.95);
#195=CYLINDRICAL_SURFACE('',#2922,3.);
#196=CYLINDRICAL_SURFACE('',#2925,3.00000000000001);
#197=LINE('',#3902,#308);
#198=LINE('',#3904,#309);
#199=LINE('',#3906,#310);
#200=LINE('',#3908,#311);
#201=LINE('',#3911,#312);
#202=LINE('',#3913,#313);
#203=LINE('',#3916,#314);
#204=LINE('',#3917,#315);
#205=LINE('',#3920,#316);
#206=LINE('',#3942,#317);
#207=LINE('',#3964,#318);
#208=LINE('',#3992,#319);
#209=LINE('',#3993,#320);
#210=LINE('',#3996,#321);
#211=LINE('',#4001,#322);
#212=LINE('',#4006,#323);
#213=LINE('',#4010,#324);
#214=LINE('',#4014,#325);
#215=LINE('',#4016,#326);
#216=LINE('',#4020,#327);
#217=LINE('',#4034,#328);
#218=LINE('',#4047,#329);
#219=LINE('',#4060,#330);
#220=LINE('',#4076,#331);
#221=LINE('',#4094,#332);
#222=LINE('',#4112,#333);
#223=LINE('',#4126,#334);
#224=LINE('',#4128,#335);
#225=LINE('',#4130,#336);
#226=LINE('',#4131,#337);
#227=LINE('',#4143,#338);
#228=LINE('',#4158,#339);
#229=LINE('',#4173,#340);
#230=LINE('',#4181,#341);
#231=LINE('',#4189,#342);
#232=LINE('',#4192,#343);
#233=LINE('',#4197,#344);
#234=LINE('',#4199,#345);
#235=LINE('',#4201,#346);
#236=LINE('',#4205,#347);
#237=LINE('',#4207,#348);
#238=LINE('',#4209,#349);
#239=LINE('',#4210,#350);
#240=LINE('',#4233,#351);
#241=LINE('',#4241,#352);
#242=LINE('',#4246,#353);
#243=LINE('',#4248,#354);
#244=LINE('',#4251,#355);
#245=LINE('',#4253,#356);
#246=LINE('',#4256,#357);
#247=LINE('',#4258,#358);
#248=LINE('',#4261,#359);
#249=LINE('',#4263,#360);
#250=LINE('',#4266,#361);
#251=LINE('',#4268,#362);
#252=LINE('',#4271,#363);
#253=LINE('',#4273,#364);
#254=LINE('',#4278,#365);
#255=LINE('',#4288,#366);
#256=LINE('',#4295,#367);
#257=LINE('',#4301,#368);
#258=LINE('',#4311,#369);
#259=LINE('',#4318,#370);
#260=LINE('',#4324,#371);
#261=LINE('',#4334,#372);
#262=LINE('',#4341,#373);
#263=LINE('',#4346,#374);
#264=LINE('',#4349,#375);
#265=LINE('',#4352,#376);
#266=LINE('',#4356,#377);
#267=LINE('',#4363,#378);
#268=LINE('',#4369,#379);
#269=LINE('',#4371,#380);
#270=LINE('',#4375,#381);
#271=LINE('',#4378,#382);
#272=LINE('',#4381,#383);
#273=LINE('',#4385,#384);
#274=LINE('',#4392,#385);
#275=LINE('',#4398,#386);
#276=LINE('',#4400,#387);
#277=LINE('',#4404,#388);
#278=LINE('',#4407,#389);
#279=LINE('',#4410,#390);
#280=LINE('',#4414,#391);
#281=LINE('',#4421,#392);
#282=LINE('',#4427,#393);
#283=LINE('',#4429,#394);
#284=LINE('',#4433,#395);
#285=LINE('',#4439,#396);
#286=LINE('',#4442,#397);
#287=LINE('',#4462,#398);
#288=LINE('',#4468,#399);
#289=LINE('',#4471,#400);
#290=LINE('',#4491,#401);
#291=LINE('',#4497,#402);
#292=LINE('',#4500,#403);
#293=LINE('',#4518,#404);
#294=LINE('',#4519,#405);
#295=LINE('',#4524,#406);
#296=LINE('',#4525,#407);
#297=LINE('',#4530,#408);
#298=LINE('',#4531,#409);
#299=LINE('',#4613,#410);
#300=LINE('',#4617,#411);
#301=LINE('',#4620,#412);
#302=LINE('',#4623,#413);
#303=LINE('',#4626,#414);
#304=LINE('',#4627,#415);
#305=LINE('',#4631,#416);
#306=LINE('',#4633,#417);
#307=LINE('',#4635,#418);
#308=VECTOR('',#2946,10.);
#309=VECTOR('',#2947,10.);
#310=VECTOR('',#2948,10.);
#311=VECTOR('',#2949,10.);
#312=VECTOR('',#2952,10.);
#313=VECTOR('',#2955,10.);
#314=VECTOR('',#2958,10.);
#315=VECTOR('',#2959,10.);
#316=VECTOR('',#2962,3.);
#317=VECTOR('',#2987,3.);
#318=VECTOR('',#3012,3.);
#319=VECTOR('',#3043,10.);
#320=VECTOR('',#3044,10.);
#321=VECTOR('',#3047,10.);
#322=VECTOR('',#3052,10.);
#323=VECTOR('',#3057,10.);
#324=VECTOR('',#3060,10.);
#325=VECTOR('',#3063,10.);
#326=VECTOR('',#3064,10.);
#327=VECTOR('',#3069,10.);
#328=VECTOR('',#3084,3.);
#329=VECTOR('',#3101,3.);
#330=VECTOR('',#3118,3.);
#331=VECTOR('',#3137,3.);
#332=VECTOR('',#3158,3.);
#333=VECTOR('',#3179,3.);
#334=VECTOR('',#3196,10.);
#335=VECTOR('',#3197,10.);
#336=VECTOR('',#3198,10.);
#337=VECTOR('',#3199,10.);
#338=VECTOR('',#3212,3.);
#339=VECTOR('',#3231,3.);
#340=VECTOR('',#3250,3.);
#341=VECTOR('',#3259,10.);
#342=VECTOR('',#3260,10.);
#343=VECTOR('',#3263,10.);
#344=VECTOR('',#3270,10.);
#345=VECTOR('',#3271,10.);
#346=VECTOR('',#3272,10.);
#347=VECTOR('',#3275,10.);
#348=VECTOR('',#3276,10.);
#349=VECTOR('',#3277,10.);
#350=VECTOR('',#3278,10.);
#351=VECTOR('',#3301,10.);
#352=VECTOR('',#3302,10.);
#353=VECTOR('',#3309,10.);
#354=VECTOR('',#3310,10.);
#355=VECTOR('',#3315,10.);
#356=VECTOR('',#3318,10.);
#357=VECTOR('',#3321,10.);
#358=VECTOR('',#3322,10.);
#359=VECTOR('',#3327,10.);
#360=VECTOR('',#3330,10.);
#361=VECTOR('',#3333,10.);
#362=VECTOR('',#3334,10.);
#363=VECTOR('',#3339,10.);
#364=VECTOR('',#3342,10.);
#365=VECTOR('',#3347,3.);
#366=VECTOR('',#3360,10.);
#367=VECTOR('',#3369,10.);
#368=VECTOR('',#3376,3.);
#369=VECTOR('',#3389,10.);
#370=VECTOR('',#3398,10.);
#371=VECTOR('',#3405,3.);
#372=VECTOR('',#3418,10.);
#373=VECTOR('',#3427,10.);
#374=VECTOR('',#3432,10.);
#375=VECTOR('',#3435,10.);
#376=VECTOR('',#3440,10.);
#377=VECTOR('',#3445,10.);
#378=VECTOR('',#3454,3.);
#379=VECTOR('',#3465,10.);
#380=VECTOR('',#3468,10.);
#381=VECTOR('',#3471,10.);
#382=VECTOR('',#3474,10.);
#383=VECTOR('',#3479,10.);
#384=VECTOR('',#3484,10.);
#385=VECTOR('',#3493,3.);
#386=VECTOR('',#3504,10.);
#387=VECTOR('',#3507,10.);
#388=VECTOR('',#3510,10.);
#389=VECTOR('',#3513,10.);
#390=VECTOR('',#3518,10.);
#391=VECTOR('',#3523,10.);
#392=VECTOR('',#3532,3.);
#393=VECTOR('',#3543,10.);
#394=VECTOR('',#3546,10.);
#395=VECTOR('',#3551,3.);
#396=VECTOR('',#3560,10.);
#397=VECTOR('',#3563,10.);
#398=VECTOR('',#3596,3.);
#399=VECTOR('',#3605,10.);
#400=VECTOR('',#3608,10.);
#401=VECTOR('',#3641,3.);
#402=VECTOR('',#3650,10.);
#403=VECTOR('',#3653,10.);
#404=VECTOR('',#3684,10.);
#405=VECTOR('',#3685,10.);
#406=VECTOR('',#3694,10.);
#407=VECTOR('',#3695,10.);
#408=VECTOR('',#3704,10.);
#409=VECTOR('',#3705,10.);
#410=VECTOR('',#3860,1.95);
#411=VECTOR('',#3865,1.95);
#412=VECTOR('',#3868,10.);
#413=VECTOR('',#3871,10.);
#414=VECTOR('',#3874,10.);
#415=VECTOR('',#3875,10.);
#416=VECTOR('',#3880,10.);
#417=VECTOR('',#3883,10.);
#418=VECTOR('',#3886,10.);
#419=PLANE('',#2513);
#420=PLANE('',#2516);
#421=PLANE('',#2556);
#422=PLANE('',#2557);
#423=PLANE('',#2625);
#424=PLANE('',#2654);
#425=PLANE('',#2657);
#426=PLANE('',#2670);
#427=PLANE('',#2672);
#428=PLANE('',#2674);
#429=PLANE('',#2676);
#430=PLANE('',#2678);
#431=PLANE('',#2680);
#432=PLANE('',#2682);
#433=PLANE('',#2690);
#434=PLANE('',#2695);
#435=PLANE('',#2703);
#436=PLANE('',#2708);
#437=PLANE('',#2716);
#438=PLANE('',#2721);
#439=PLANE('',#2723);
#440=PLANE('',#2726);
#441=PLANE('',#2735);
#442=PLANE('',#2737);
#443=PLANE('',#2739);
#444=PLANE('',#2742);
#445=PLANE('',#2751);
#446=PLANE('',#2753);
#447=PLANE('',#2755);
#448=PLANE('',#2758);
#449=PLANE('',#2767);
#450=PLANE('',#2769);
#451=PLANE('',#2775);
#452=PLANE('',#2777);
#453=PLANE('',#2779);
#454=PLANE('',#2790);
#455=PLANE('',#2796);
#456=PLANE('',#2798);
#457=PLANE('',#2800);
#458=PLANE('',#2811);
#459=PLANE('',#2817);
#460=PLANE('',#2819);
#461=PLANE('',#2821);
#462=PLANE('',#2832);
#463=PLANE('',#2834);
#464=PLANE('',#2836);
#465=PLANE('',#2838);
#466=PLANE('',#2840);
#467=PLANE('',#2842);
#468=PLANE('',#2844);
#469=PLANE('',#2846);
#470=PLANE('',#2851);
#471=PLANE('',#2853);
#472=PLANE('',#2858);
#473=PLANE('',#2860);
#474=PLANE('',#2865);
#475=PLANE('',#2924);
#476=PLANE('',#2927);
#477=PLANE('',#2928);
#478=PLANE('',#2929);
#479=FACE_OUTER_BOUND('',#631,.T.);
#480=FACE_OUTER_BOUND('',#632,.T.);
#481=FACE_OUTER_BOUND('',#633,.T.);
#482=FACE_OUTER_BOUND('',#634,.T.);
#483=FACE_OUTER_BOUND('',#635,.T.);
#484=FACE_OUTER_BOUND('',#636,.T.);
#485=FACE_OUTER_BOUND('',#637,.T.);
#486=FACE_OUTER_BOUND('',#638,.T.);
#487=FACE_OUTER_BOUND('',#639,.T.);
#488=FACE_OUTER_BOUND('',#640,.T.);
#489=FACE_OUTER_BOUND('',#641,.T.);
#490=FACE_OUTER_BOUND('',#646,.T.);
#491=FACE_OUTER_BOUND('',#647,.T.);
#492=FACE_OUTER_BOUND('',#648,.T.);
#493=FACE_OUTER_BOUND('',#649,.T.);
#494=FACE_OUTER_BOUND('',#650,.T.);
#495=FACE_OUTER_BOUND('',#651,.T.);
#496=FACE_OUTER_BOUND('',#652,.T.);
#497=FACE_OUTER_BOUND('',#653,.T.);
#498=FACE_OUTER_BOUND('',#654,.T.);
#499=FACE_OUTER_BOUND('',#655,.T.);
#500=FACE_OUTER_BOUND('',#656,.T.);
#501=FACE_OUTER_BOUND('',#657,.T.);
#502=FACE_OUTER_BOUND('',#658,.T.);
#503=FACE_OUTER_BOUND('',#661,.T.);
#504=FACE_OUTER_BOUND('',#662,.T.);
#505=FACE_OUTER_BOUND('',#663,.T.);
#506=FACE_OUTER_BOUND('',#664,.T.);
#507=FACE_OUTER_BOUND('',#665,.T.);
#508=FACE_OUTER_BOUND('',#666,.T.);
#509=FACE_OUTER_BOUND('',#667,.T.);
#510=FACE_OUTER_BOUND('',#668,.T.);
#511=FACE_OUTER_BOUND('',#669,.T.);
#512=FACE_OUTER_BOUND('',#670,.T.);
#513=FACE_OUTER_BOUND('',#671,.T.);
#514=FACE_OUTER_BOUND('',#672,.T.);
#515=FACE_OUTER_BOUND('',#673,.T.);
#516=FACE_OUTER_BOUND('',#674,.T.);
#517=FACE_OUTER_BOUND('',#675,.T.);
#518=FACE_OUTER_BOUND('',#676,.T.);
#519=FACE_OUTER_BOUND('',#677,.T.);
#520=FACE_OUTER_BOUND('',#678,.T.);
#521=FACE_OUTER_BOUND('',#679,.T.);
#522=FACE_OUTER_BOUND('',#680,.T.);
#523=FACE_OUTER_BOUND('',#681,.T.);
#524=FACE_OUTER_BOUND('',#682,.T.);
#525=FACE_OUTER_BOUND('',#683,.T.);
#526=FACE_OUTER_BOUND('',#684,.T.);
#527=FACE_OUTER_BOUND('',#685,.T.);
#528=FACE_OUTER_BOUND('',#686,.T.);
#529=FACE_OUTER_BOUND('',#687,.T.);
#530=FACE_OUTER_BOUND('',#688,.T.);
#531=FACE_OUTER_BOUND('',#689,.T.);
#532=FACE_OUTER_BOUND('',#690,.T.);
#533=FACE_OUTER_BOUND('',#691,.T.);
#534=FACE_OUTER_BOUND('',#692,.T.);
#535=FACE_OUTER_BOUND('',#693,.T.);
#536=FACE_OUTER_BOUND('',#694,.T.);
#537=FACE_OUTER_BOUND('',#695,.T.);
#538=FACE_OUTER_BOUND('',#696,.T.);
#539=FACE_OUTER_BOUND('',#697,.T.);
#540=FACE_OUTER_BOUND('',#698,.T.);
#541=FACE_OUTER_BOUND('',#699,.T.);
#542=FACE_OUTER_BOUND('',#700,.T.);
#543=FACE_OUTER_BOUND('',#701,.T.);
#544=FACE_OUTER_BOUND('',#702,.T.);
#545=FACE_OUTER_BOUND('',#703,.T.);
#546=FACE_OUTER_BOUND('',#704,.T.);
#547=FACE_OUTER_BOUND('',#705,.T.);
#548=FACE_OUTER_BOUND('',#706,.T.);
#549=FACE_OUTER_BOUND('',#707,.T.);
#550=FACE_OUTER_BOUND('',#708,.T.);
#551=FACE_OUTER_BOUND('',#709,.T.);
#552=FACE_OUTER_BOUND('',#710,.T.);
#553=FACE_OUTER_BOUND('',#711,.T.);
#554=FACE_OUTER_BOUND('',#712,.T.);
#555=FACE_OUTER_BOUND('',#713,.T.);
#556=FACE_OUTER_BOUND('',#714,.T.);
#557=FACE_OUTER_BOUND('',#715,.T.);
#558=FACE_OUTER_BOUND('',#716,.T.);
#559=FACE_OUTER_BOUND('',#717,.T.);
#560=FACE_OUTER_BOUND('',#718,.T.);
#561=FACE_OUTER_BOUND('',#719,.T.);
#562=FACE_OUTER_BOUND('',#720,.T.);
#563=FACE_OUTER_BOUND('',#721,.T.);
#564=FACE_OUTER_BOUND('',#722,.T.);
#565=FACE_OUTER_BOUND('',#723,.T.);
#566=FACE_OUTER_BOUND('',#724,.T.);
#567=FACE_OUTER_BOUND('',#725,.T.);
#568=FACE_OUTER_BOUND('',#726,.T.);
#569=FACE_OUTER_BOUND('',#727,.T.);
#570=FACE_OUTER_BOUND('',#728,.T.);
#571=FACE_OUTER_BOUND('',#729,.T.);
#572=FACE_OUTER_BOUND('',#730,.T.);
#573=FACE_OUTER_BOUND('',#731,.T.);
#574=FACE_OUTER_BOUND('',#732,.T.);
#575=FACE_OUTER_BOUND('',#733,.T.);
#576=FACE_OUTER_BOUND('',#734,.T.);
#577=FACE_OUTER_BOUND('',#735,.T.);
#578=FACE_OUTER_BOUND('',#736,.T.);
#579=FACE_OUTER_BOUND('',#737,.T.);
#580=FACE_OUTER_BOUND('',#738,.T.);
#581=FACE_OUTER_BOUND('',#739,.T.);
#582=FACE_OUTER_BOUND('',#740,.T.);
#583=FACE_OUTER_BOUND('',#741,.T.);
#584=FACE_OUTER_BOUND('',#742,.T.);
#585=FACE_OUTER_BOUND('',#743,.T.);
#586=FACE_OUTER_BOUND('',#744,.T.);
#587=FACE_OUTER_BOUND('',#745,.T.);
#588=FACE_OUTER_BOUND('',#746,.T.);
#589=FACE_OUTER_BOUND('',#747,.T.);
#590=FACE_OUTER_BOUND('',#748,.T.);
#591=FACE_OUTER_BOUND('',#749,.T.);
#592=FACE_OUTER_BOUND('',#750,.T.);
#593=FACE_OUTER_BOUND('',#751,.T.);
#594=FACE_OUTER_BOUND('',#752,.T.);
#595=FACE_OUTER_BOUND('',#753,.T.);
#596=FACE_OUTER_BOUND('',#754,.T.);
#597=FACE_OUTER_BOUND('',#755,.T.);
#598=FACE_OUTER_BOUND('',#756,.T.);
#599=FACE_OUTER_BOUND('',#757,.T.);
#600=FACE_OUTER_BOUND('',#758,.T.);
#601=FACE_OUTER_BOUND('',#759,.T.);
#602=FACE_OUTER_BOUND('',#760,.T.);
#603=FACE_OUTER_BOUND('',#761,.T.);
#604=FACE_OUTER_BOUND('',#762,.T.);
#605=FACE_OUTER_BOUND('',#763,.T.);
#606=FACE_OUTER_BOUND('',#764,.T.);
#607=FACE_OUTER_BOUND('',#765,.T.);
#608=FACE_OUTER_BOUND('',#766,.T.);
#609=FACE_OUTER_BOUND('',#767,.T.);
#610=FACE_OUTER_BOUND('',#768,.T.);
#611=FACE_OUTER_BOUND('',#769,.T.);
#612=FACE_OUTER_BOUND('',#770,.T.);
#613=FACE_OUTER_BOUND('',#771,.T.);
#614=FACE_OUTER_BOUND('',#772,.T.);
#615=FACE_OUTER_BOUND('',#773,.T.);
#616=FACE_OUTER_BOUND('',#774,.T.);
#617=FACE_OUTER_BOUND('',#775,.T.);
#618=FACE_OUTER_BOUND('',#776,.T.);
#619=FACE_OUTER_BOUND('',#777,.T.);
#620=FACE_OUTER_BOUND('',#778,.T.);
#621=FACE_OUTER_BOUND('',#779,.T.);
#622=FACE_OUTER_BOUND('',#780,.T.);
#623=FACE_OUTER_BOUND('',#781,.T.);
#624=FACE_OUTER_BOUND('',#782,.T.);
#625=FACE_OUTER_BOUND('',#783,.T.);
#626=FACE_OUTER_BOUND('',#784,.T.);
#627=FACE_OUTER_BOUND('',#785,.T.);
#628=FACE_OUTER_BOUND('',#786,.T.);
#629=FACE_OUTER_BOUND('',#787,.T.);
#630=FACE_OUTER_BOUND('',#788,.T.);
#631=EDGE_LOOP('',(#1559,#1560,#1561,#1562,#1563,#1564));
#632=EDGE_LOOP('',(#1565,#1566,#1567,#1568,#1569,#1570,#1571,#1572,#1573));
#633=EDGE_LOOP('',(#1574,#1575,#1576));
#634=EDGE_LOOP('',(#1577,#1578,#1579,#1580,#1581,#1582,#1583,#1584,#1585,
#1586,#1587));
#635=EDGE_LOOP('',(#1588,#1589,#1590,#1591,#1592));
#636=EDGE_LOOP('',(#1593,#1594,#1595,#1596,#1597,#1598,#1599,#1600,#1601,
#1602,#1603));
#637=EDGE_LOOP('',(#1604,#1605,#1606,#1607,#1608));
#638=EDGE_LOOP('',(#1609,#1610,#1611,#1612,#1613,#1614,#1615,#1616,#1617,
#1618,#1619));
#639=EDGE_LOOP('',(#1620,#1621,#1622,#1623,#1624,#1625,#1626));
#640=EDGE_LOOP('',(#1627,#1628,#1629));
#641=EDGE_LOOP('',(#1630,#1631,#1632,#1633,#1634,#1635,#1636,#1637,#1638,
#1639,#1640,#1641,#1642,#1643,#1644,#1645,#1646));
#642=EDGE_LOOP('',(#1647));
#643=EDGE_LOOP('',(#1648));
#644=EDGE_LOOP('',(#1649));
#645=EDGE_LOOP('',(#1650));
#646=EDGE_LOOP('',(#1651,#1652,#1653,#1654,#1655,#1656,#1657,#1658,#1659));
#647=EDGE_LOOP('',(#1660,#1661,#1662,#1663,#1664,#1665));
#648=EDGE_LOOP('',(#1666,#1667,#1668,#1669,#1670,#1671,#1672,#1673,#1674));
#649=EDGE_LOOP('',(#1675,#1676,#1677,#1678,#1679,#1680));
#650=EDGE_LOOP('',(#1681,#1682,#1683,#1684,#1685,#1686,#1687,#1688,#1689));
#651=EDGE_LOOP('',(#1690,#1691,#1692,#1693,#1694,#1695));
#652=EDGE_LOOP('',(#1696,#1697,#1698,#1699,#1700,#1701,#1702,#1703,#1704));
#653=EDGE_LOOP('',(#1705,#1706,#1707,#1708,#1709));
#654=EDGE_LOOP('',(#1710,#1711,#1712,#1713,#1714,#1715,#1716,#1717,#1718));
#655=EDGE_LOOP('',(#1719,#1720,#1721,#1722,#1723));
#656=EDGE_LOOP('',(#1724,#1725,#1726,#1727,#1728,#1729,#1730,#1731,#1732));
#657=EDGE_LOOP('',(#1733,#1734,#1735,#1736,#1737));
#658=EDGE_LOOP('',(#1738,#1739,#1740,#1741,#1742,#1743,#1744));
#659=EDGE_LOOP('',(#1745));
#660=EDGE_LOOP('',(#1746));
#661=EDGE_LOOP('',(#1747,#1748,#1749,#1750,#1751,#1752,#1753,#1754,#1755));
#662=EDGE_LOOP('',(#1756,#1757,#1758,#1759,#1760));
#663=EDGE_LOOP('',(#1761,#1762,#1763,#1764,#1765,#1766,#1767,#1768,#1769));
#664=EDGE_LOOP('',(#1770,#1771,#1772,#1773,#1774,#1775));
#665=EDGE_LOOP('',(#1776,#1777,#1778,#1779,#1780,#1781,#1782,#1783,#1784));
#666=EDGE_LOOP('',(#1785,#1786,#1787,#1788));
#667=EDGE_LOOP('',(#1789,#1790,#1791,#1792,#1793));
#668=EDGE_LOOP('',(#1794,#1795,#1796,#1797,#1798,#1799,#1800,#1801,#1802,
#1803));
#669=EDGE_LOOP('',(#1804,#1805,#1806,#1807,#1808));
#670=EDGE_LOOP('',(#1809,#1810,#1811));
#671=EDGE_LOOP('',(#1812,#1813,#1814,#1815,#1816));
#672=EDGE_LOOP('',(#1817,#1818,#1819,#1820,#1821,#1822,#1823,#1824,#1825,
#1826));
#673=EDGE_LOOP('',(#1827,#1828,#1829,#1830,#1831,#1832));
#674=EDGE_LOOP('',(#1833,#1834,#1835,#1836));
#675=EDGE_LOOP('',(#1837,#1838,#1839,#1840,#1841));
#676=EDGE_LOOP('',(#1842,#1843,#1844,#1845));
#677=EDGE_LOOP('',(#1846,#1847,#1848,#1849,#1850));
#678=EDGE_LOOP('',(#1851,#1852,#1853,#1854));
#679=EDGE_LOOP('',(#1855,#1856,#1857,#1858,#1859));
#680=EDGE_LOOP('',(#1860,#1861,#1862,#1863));
#681=EDGE_LOOP('',(#1864,#1865,#1866,#1867,#1868));
#682=EDGE_LOOP('',(#1869,#1870,#1871,#1872,#1873,#1874,#1875,#1876));
#683=EDGE_LOOP('',(#1877,#1878,#1879,#1880));
#684=EDGE_LOOP('',(#1881,#1882,#1883));
#685=EDGE_LOOP('',(#1884,#1885,#1886,#1887));
#686=EDGE_LOOP('',(#1888,#1889,#1890,#1891,#1892,#1893,#1894,#1895));
#687=EDGE_LOOP('',(#1896,#1897,#1898,#1899));
#688=EDGE_LOOP('',(#1900,#1901,#1902));
#689=EDGE_LOOP('',(#1903,#1904,#1905,#1906));
#690=EDGE_LOOP('',(#1907,#1908,#1909,#1910,#1911,#1912,#1913,#1914));
#691=EDGE_LOOP('',(#1915,#1916,#1917,#1918));
#692=EDGE_LOOP('',(#1919,#1920,#1921));
#693=EDGE_LOOP('',(#1922,#1923,#1924,#1925));
#694=EDGE_LOOP('',(#1926,#1927,#1928,#1929));
#695=EDGE_LOOP('',(#1930,#1931,#1932,#1933,#1934));
#696=EDGE_LOOP('',(#1935,#1936,#1937,#1938,#1939,#1940,#1941,#1942,#1943,
#1944,#1945,#1946,#1947,#1948));
#697=EDGE_LOOP('',(#1949,#1950,#1951,#1952));
#698=EDGE_LOOP('',(#1953,#1954,#1955,#1956,#1957));
#699=EDGE_LOOP('',(#1958,#1959,#1960,#1961));
#700=EDGE_LOOP('',(#1962,#1963,#1964,#1965,#1966));
#701=EDGE_LOOP('',(#1967,#1968,#1969,#1970,#1971,#1972,#1973,#1974,#1975,
#1976,#1977,#1978,#1979,#1980));
#702=EDGE_LOOP('',(#1981,#1982,#1983,#1984));
#703=EDGE_LOOP('',(#1985,#1986,#1987,#1988,#1989));
#704=EDGE_LOOP('',(#1990,#1991,#1992,#1993));
#705=EDGE_LOOP('',(#1994,#1995,#1996,#1997,#1998));
#706=EDGE_LOOP('',(#1999,#2000,#2001,#2002,#2003,#2004,#2005,#2006,#2007,
#2008,#2009,#2010,#2011,#2012));
#707=EDGE_LOOP('',(#2013,#2014,#2015,#2016));
#708=EDGE_LOOP('',(#2017,#2018,#2019,#2020,#2021));
#709=EDGE_LOOP('',(#2022,#2023,#2024,#2025,#2026,#2027,#2028,#2029));
#710=EDGE_LOOP('',(#2030,#2031,#2032,#2033));
#711=EDGE_LOOP('',(#2034,#2035,#2036,#2037));
#712=EDGE_LOOP('',(#2038,#2039,#2040,#2041));
#713=EDGE_LOOP('',(#2042,#2043,#2044));
#714=EDGE_LOOP('',(#2045,#2046,#2047));
#715=EDGE_LOOP('',(#2048,#2049,#2050));
#716=EDGE_LOOP('',(#2051,#2052,#2053,#2054));
#717=EDGE_LOOP('',(#2055,#2056,#2057,#2058,#2059,#2060,#2061,#2062));
#718=EDGE_LOOP('',(#2063,#2064,#2065,#2066));
#719=EDGE_LOOP('',(#2067,#2068,#2069,#2070));
#720=EDGE_LOOP('',(#2071,#2072,#2073,#2074));
#721=EDGE_LOOP('',(#2075,#2076,#2077));
#722=EDGE_LOOP('',(#2078,#2079,#2080));
#723=EDGE_LOOP('',(#2081,#2082,#2083));
#724=EDGE_LOOP('',(#2084,#2085,#2086,#2087));
#725=EDGE_LOOP('',(#2088,#2089,#2090,#2091,#2092,#2093,#2094,#2095));
#726=EDGE_LOOP('',(#2096,#2097,#2098,#2099));
#727=EDGE_LOOP('',(#2100,#2101,#2102,#2103));
#728=EDGE_LOOP('',(#2104,#2105,#2106,#2107));
#729=EDGE_LOOP('',(#2108,#2109,#2110));
#730=EDGE_LOOP('',(#2111,#2112,#2113));
#731=EDGE_LOOP('',(#2114,#2115,#2116));
#732=EDGE_LOOP('',(#2117,#2118,#2119,#2120));
#733=EDGE_LOOP('',(#2121,#2122,#2123,#2124,#2125));
#734=EDGE_LOOP('',(#2126,#2127,#2128,#2129));
#735=EDGE_LOOP('',(#2130,#2131,#2132,#2133,#2134));
#736=EDGE_LOOP('',(#2135,#2136,#2137,#2138));
#737=EDGE_LOOP('',(#2139,#2140,#2141,#2142,#2143));
#738=EDGE_LOOP('',(#2144,#2145,#2146,#2147));
#739=EDGE_LOOP('',(#2148,#2149,#2150,#2151));
#740=EDGE_LOOP('',(#2152,#2153,#2154));
#741=EDGE_LOOP('',(#2155,#2156,#2157,#2158));
#742=EDGE_LOOP('',(#2159,#2160,#2161,#2162));
#743=EDGE_LOOP('',(#2163,#2164,#2165));
#744=EDGE_LOOP('',(#2166,#2167,#2168,#2169));
#745=EDGE_LOOP('',(#2170,#2171,#2172,#2173));
#746=EDGE_LOOP('',(#2174,#2175,#2176));
#747=EDGE_LOOP('',(#2177,#2178,#2179,#2180));
#748=EDGE_LOOP('',(#2181,#2182,#2183));
#749=EDGE_LOOP('',(#2184,#2185,#2186));
#750=EDGE_LOOP('',(#2187,#2188,#2189));
#751=EDGE_LOOP('',(#2190,#2191,#2192));
#752=EDGE_LOOP('',(#2193,#2194,#2195));
#753=EDGE_LOOP('',(#2196,#2197,#2198));
#754=EDGE_LOOP('',(#2199,#2200,#2201));
#755=EDGE_LOOP('',(#2202,#2203,#2204));
#756=EDGE_LOOP('',(#2205,#2206,#2207));
#757=EDGE_LOOP('',(#2208,#2209,#2210));
#758=EDGE_LOOP('',(#2211,#2212,#2213));
#759=EDGE_LOOP('',(#2214,#2215,#2216));
#760=EDGE_LOOP('',(#2217,#2218,#2219));
#761=EDGE_LOOP('',(#2220,#2221,#2222));
#762=EDGE_LOOP('',(#2223,#2224,#2225));
#763=EDGE_LOOP('',(#2226,#2227,#2228));
#764=EDGE_LOOP('',(#2229,#2230,#2231));
#765=EDGE_LOOP('',(#2232,#2233,#2234));
#766=EDGE_LOOP('',(#2235,#2236,#2237));
#767=EDGE_LOOP('',(#2238,#2239,#2240));
#768=EDGE_LOOP('',(#2241,#2242,#2243));
#769=EDGE_LOOP('',(#2244,#2245,#2246));
#770=EDGE_LOOP('',(#2247,#2248,#2249));
#771=EDGE_LOOP('',(#2250,#2251,#2252));
#772=EDGE_LOOP('',(#2253,#2254,#2255));
#773=EDGE_LOOP('',(#2256,#2257,#2258));
#774=EDGE_LOOP('',(#2259,#2260,#2261));
#775=EDGE_LOOP('',(#2262,#2263,#2264));
#776=EDGE_LOOP('',(#2265,#2266,#2267));
#777=EDGE_LOOP('',(#2268,#2269,#2270));
#778=EDGE_LOOP('',(#2271,#2272,#2273));
#779=EDGE_LOOP('',(#2274,#2275,#2276));
#780=EDGE_LOOP('',(#2277,#2278,#2279));
#781=EDGE_LOOP('',(#2280,#2281,#2282,#2283));
#782=EDGE_LOOP('',(#2284,#2285,#2286,#2287));
#783=EDGE_LOOP('',(#2288,#2289,#2290,#2291,#2292,#2293,#2294,#2295));
#784=EDGE_LOOP('',(#2296,#2297,#2298,#2299));
#785=EDGE_LOOP('',(#2300,#2301,#2302,#2303,#2304,#2305,#2306));
#786=EDGE_LOOP('',(#2307,#2308,#2309,#2310));
#787=EDGE_LOOP('',(#2311,#2312,#2313,#2314));
#788=EDGE_LOOP('',(#2315,#2316,#2317,#2318,#2319,#2320));
#789=EDGE_LOOP('',(#2321));
#790=EDGE_LOOP('',(#2322));
#791=EDGE_LOOP('',(#2323));
#792=EDGE_LOOP('',(#2324));
#793=EDGE_LOOP('',(#2325));
#794=EDGE_LOOP('',(#2326));
#795=EDGE_LOOP('',(#2327));
#796=EDGE_LOOP('',(#2328));
#797=CIRCLE('',#2508,3.5);
#798=CIRCLE('',#2509,0.5);
#799=CIRCLE('',#2510,3.);
#800=CIRCLE('',#2511,3.);
#801=CIRCLE('',#2512,3.5);
#802=CIRCLE('',#2514,3.5);
#803=CIRCLE('',#2515,3.5);
#804=CIRCLE('',#2518,3.);
#805=CIRCLE('',#2521,3.);
#806=CIRCLE('',#2524,3.);
#807=CIRCLE('',#2526,0.5);
#808=CIRCLE('',#2527,3.);
#809=CIRCLE('',#2528,3.);
#810=CIRCLE('',#2530,3.);
#811=CIRCLE('',#2533,3.);
#812=CIRCLE('',#2536,3.);
#813=CIRCLE('',#2538,0.5);
#814=CIRCLE('',#2539,3.);
#815=CIRCLE('',#2540,3.);
#816=CIRCLE('',#2542,3.);
#817=CIRCLE('',#2545,3.);
#818=CIRCLE('',#2548,3.);
#819=CIRCLE('',#2550,3.5);
#820=CIRCLE('',#2551,3.5);
#821=CIRCLE('',#2552,0.5);
#822=CIRCLE('',#2553,3.);
#823=CIRCLE('',#2554,3.);
#824=CIRCLE('',#2555,3.5);
#825=CIRCLE('',#2558,3.5);
#826=CIRCLE('',#2559,3.5);
#827=CIRCLE('',#2560,3.5);
#828=CIRCLE('',#2561,3.5);
#829=CIRCLE('',#2562,3.);
#830=CIRCLE('',#2563,3.00000000000001);
#831=CIRCLE('',#2564,3.5);
#832=CIRCLE('',#2565,3.5);
#833=CIRCLE('',#2566,3.5);
#834=CIRCLE('',#2567,1.95);
#835=CIRCLE('',#2568,1.95);
#836=CIRCLE('',#2569,3.5);
#837=CIRCLE('',#2572,3.);
#838=CIRCLE('',#2573,3.);
#839=CIRCLE('',#2575,0.5);
#840=CIRCLE('',#2576,3.);
#841=CIRCLE('',#2577,3.);
#842=CIRCLE('',#2580,3.);
#843=CIRCLE('',#2581,3.);
#844=CIRCLE('',#2583,0.5);
#845=CIRCLE('',#2584,3.);
#846=CIRCLE('',#2585,3.);
#847=CIRCLE('',#2588,3.);
#848=CIRCLE('',#2589,3.);
#849=CIRCLE('',#2591,0.5);
#850=CIRCLE('',#2592,3.);
#851=CIRCLE('',#2593,3.);
#852=CIRCLE('',#2596,3.);
#853=CIRCLE('',#2599,3.);
#854=CIRCLE('',#2601,0.5);
#855=CIRCLE('',#2602,3.);
#856=CIRCLE('',#2603,3.);
#857=CIRCLE('',#2606,3.);
#858=CIRCLE('',#2609,3.);
#859=CIRCLE('',#2611,0.5);
#860=CIRCLE('',#2612,3.);
#861=CIRCLE('',#2613,3.);
#862=CIRCLE('',#2616,3.);
#863=CIRCLE('',#2619,3.);
#864=CIRCLE('',#2621,3.5);
#865=CIRCLE('',#2622,0.5);
#866=CIRCLE('',#2623,3.);
#867=CIRCLE('',#2624,3.);
#868=CIRCLE('',#2626,3.5);
#869=CIRCLE('',#2627,3.5);
#870=CIRCLE('',#2628,3.5);
#871=CIRCLE('',#2631,3.);
#872=CIRCLE('',#2632,3.);
#873=CIRCLE('',#2633,3.);
#874=CIRCLE('',#2635,0.5);
#875=CIRCLE('',#2636,3.);
#876=CIRCLE('',#2637,3.);
#877=CIRCLE('',#2640,3.);
#878=CIRCLE('',#2641,3.);
#879=CIRCLE('',#2642,3.);
#880=CIRCLE('',#2644,0.5);
#881=CIRCLE('',#2645,3.);
#882=CIRCLE('',#2646,3.);
#883=CIRCLE('',#2649,3.);
#884=CIRCLE('',#2650,3.);
#885=CIRCLE('',#2651,3.);
#886=CIRCLE('',#2653,0.5);
#887=CIRCLE('',#2655,0.5);
#888=CIRCLE('',#2656,3.00000000000001);
#889=CIRCLE('',#2658,0.5);
#890=CIRCLE('',#2662,0.499999999999998);
#891=CIRCLE('',#2663,0.5);
#892=CIRCLE('',#2664,0.5);
#893=CIRCLE('',#2666,0.5);
#894=CIRCLE('',#2671,3.);
#895=CIRCLE('',#2673,2.5);
#896=CIRCLE('',#2675,2.5);
#897=CIRCLE('',#2677,2.5);
#898=CIRCLE('',#2679,2.5);
#899=CIRCLE('',#2681,2.5);
#900=CIRCLE('',#2683,2.5);
#901=CIRCLE('',#2685,3.);
#902=CIRCLE('',#2687,3.);
#903=CIRCLE('',#2688,3.);
#904=CIRCLE('',#2691,2.5);
#905=CIRCLE('',#2696,2.5);
#906=CIRCLE('',#2698,3.);
#907=CIRCLE('',#2700,3.);
#908=CIRCLE('',#2701,3.);
#909=CIRCLE('',#2704,2.5);
#910=CIRCLE('',#2709,2.5);
#911=CIRCLE('',#2711,3.);
#912=CIRCLE('',#2713,3.);
#913=CIRCLE('',#2714,3.);
#914=CIRCLE('',#2717,2.5);
#915=CIRCLE('',#2722,2.5);
#916=CIRCLE('',#2724,3.);
#917=CIRCLE('',#2725,2.5);
#918=CIRCLE('',#2727,3.);
#919=CIRCLE('',#2728,3.);
#920=CIRCLE('',#2729,2.5);
#921=CIRCLE('',#2732,3.);
#922=CIRCLE('',#2733,3.);
#923=CIRCLE('',#2734,3.);
#924=CIRCLE('',#2736,2.5);
#925=CIRCLE('',#2738,2.5);
#926=CIRCLE('',#2740,3.);
#927=CIRCLE('',#2741,2.5);
#928=CIRCLE('',#2743,3.);
#929=CIRCLE('',#2744,3.);
#930=CIRCLE('',#2745,2.5);
#931=CIRCLE('',#2748,3.);
#932=CIRCLE('',#2749,3.);
#933=CIRCLE('',#2750,3.);
#934=CIRCLE('',#2752,2.5);
#935=CIRCLE('',#2754,2.5);
#936=CIRCLE('',#2756,3.);
#937=CIRCLE('',#2757,2.5);
#938=CIRCLE('',#2759,3.);
#939=CIRCLE('',#2760,3.);
#940=CIRCLE('',#2761,2.5);
#941=CIRCLE('',#2764,3.);
#942=CIRCLE('',#2765,3.);
#943=CIRCLE('',#2766,3.);
#944=CIRCLE('',#2768,2.5);
#945=CIRCLE('',#2770,2.5);
#946=CIRCLE('',#2772,3.);
#947=CIRCLE('',#2773,3.);
#948=CIRCLE('',#2774,3.);
#949=CIRCLE('',#2776,2.5);
#950=CIRCLE('',#2778,2.5);
#951=CIRCLE('',#2780,2.5);
#952=CIRCLE('',#2791,2.5);
#953=CIRCLE('',#2793,3.);
#954=CIRCLE('',#2794,3.);
#955=CIRCLE('',#2795,3.);
#956=CIRCLE('',#2797,2.5);
#957=CIRCLE('',#2799,2.5);
#958=CIRCLE('',#2801,2.5);
#959=CIRCLE('',#2812,2.5);
#960=CIRCLE('',#2814,3.);
#961=CIRCLE('',#2815,3.);
#962=CIRCLE('',#2816,3.);
#963=CIRCLE('',#2818,2.5);
#964=CIRCLE('',#2820,2.5);
#965=CIRCLE('',#2822,2.5);
#966=CIRCLE('',#2833,2.5);
#967=CIRCLE('',#2835,2.5);
#968=CIRCLE('',#2837,2.5);
#969=CIRCLE('',#2839,2.5);
#970=CIRCLE('',#2841,2.5);
#971=CIRCLE('',#2843,2.5);
#972=CIRCLE('',#2845,2.5);
#973=CIRCLE('',#2847,2.5);
#974=CIRCLE('',#2852,2.5);
#975=CIRCLE('',#2854,2.5);
#976=CIRCLE('',#2859,2.5);
#977=CIRCLE('',#2861,2.5);
#978=CIRCLE('',#2866,2.5);
#979=CIRCLE('',#2919,1.95);
#980=CIRCLE('',#2921,1.95);
#981=CIRCLE('',#2923,3.);
#982=CIRCLE('',#2926,3.00000000000001);
#983=VERTEX_POINT('',#3891);
#984=VERTEX_POINT('',#3892);
#985=VERTEX_POINT('',#3894);
#986=VERTEX_POINT('',#3896);
#987=VERTEX_POINT('',#3901);
#988=VERTEX_POINT('',#3903);
#989=VERTEX_POINT('',#3905);
#990=VERTEX_POINT('',#3907);
#991=VERTEX_POINT('',#3910);
#992=VERTEX_POINT('',#3915);
#993=VERTEX_POINT('',#3919);
#994=VERTEX_POINT('',#3921);
#995=VERTEX_POINT('',#3923);
#996=VERTEX_POINT('',#3925);
#997=VERTEX_POINT('',#3927);
#998=VERTEX_POINT('',#3929);
#999=VERTEX_POINT('',#3931);
#1000=VERTEX_POINT('',#3935);
#1001=VERTEX_POINT('',#3937);
#1002=VERTEX_POINT('',#3941);
#1003=VERTEX_POINT('',#3943);
#1004=VERTEX_POINT('',#3945);
#1005=VERTEX_POINT('',#3947);
#1006=VERTEX_POINT('',#3949);
#1007=VERTEX_POINT('',#3951);
#1008=VERTEX_POINT('',#3953);
#1009=VERTEX_POINT('',#3957);
#1010=VERTEX_POINT('',#3959);
#1011=VERTEX_POINT('',#3963);
#1012=VERTEX_POINT('',#3965);
#1013=VERTEX_POINT('',#3967);
#1014=VERTEX_POINT('',#3969);
#1015=VERTEX_POINT('',#3971);
#1016=VERTEX_POINT('',#3973);
#1017=VERTEX_POINT('',#3975);
#1018=VERTEX_POINT('',#3979);
#1019=VERTEX_POINT('',#3980);
#1020=VERTEX_POINT('',#3982);
#1021=VERTEX_POINT('',#3984);
#1022=VERTEX_POINT('',#3986);
#1023=VERTEX_POINT('',#3991);
#1024=VERTEX_POINT('',#3995);
#1025=VERTEX_POINT('',#3997);
#1026=VERTEX_POINT('',#4000);
#1027=VERTEX_POINT('',#4002);
#1028=VERTEX_POINT('',#4005);
#1029=VERTEX_POINT('',#4007);
#1030=VERTEX_POINT('',#4009);
#1031=VERTEX_POINT('',#4011);
#1032=VERTEX_POINT('',#4013);
#1033=VERTEX_POINT('',#4015);
#1034=VERTEX_POINT('',#4017);
#1035=VERTEX_POINT('',#4021);
#1036=VERTEX_POINT('',#4023);
#1037=VERTEX_POINT('',#4025);
#1038=VERTEX_POINT('',#4027);
#1039=VERTEX_POINT('',#4030);
#1040=VERTEX_POINT('',#4031);
#1041=VERTEX_POINT('',#4037);
#1042=VERTEX_POINT('',#4039);
#1043=VERTEX_POINT('',#4043);
#1044=VERTEX_POINT('',#4044);
#1045=VERTEX_POINT('',#4050);
#1046=VERTEX_POINT('',#4052);
#1047=VERTEX_POINT('',#4056);
#1048=VERTEX_POINT('',#4057);
#1049=VERTEX_POINT('',#4063);
#1050=VERTEX_POINT('',#4065);
#1051=VERTEX_POINT('',#4069);
#1052=VERTEX_POINT('',#4070);
#1053=VERTEX_POINT('',#4072);
#1054=VERTEX_POINT('',#4074);
#1055=VERTEX_POINT('',#4077);
#1056=VERTEX_POINT('',#4081);
#1057=VERTEX_POINT('',#4083);
#1058=VERTEX_POINT('',#4087);
#1059=VERTEX_POINT('',#4088);
#1060=VERTEX_POINT('',#4090);
#1061=VERTEX_POINT('',#4092);
#1062=VERTEX_POINT('',#4095);
#1063=VERTEX_POINT('',#4099);
#1064=VERTEX_POINT('',#4101);
#1065=VERTEX_POINT('',#4105);
#1066=VERTEX_POINT('',#4106);
#1067=VERTEX_POINT('',#4108);
#1068=VERTEX_POINT('',#4110);
#1069=VERTEX_POINT('',#4113);
#1070=VERTEX_POINT('',#4117);
#1071=VERTEX_POINT('',#4119);
#1072=VERTEX_POINT('',#4121);
#1073=VERTEX_POINT('',#4125);
#1074=VERTEX_POINT('',#4127);
#1075=VERTEX_POINT('',#4129);
#1076=VERTEX_POINT('',#4132);
#1077=VERTEX_POINT('',#4135);
#1078=VERTEX_POINT('',#4138);
#1079=VERTEX_POINT('',#4139);
#1080=VERTEX_POINT('',#4141);
#1081=VERTEX_POINT('',#4147);
#1082=VERTEX_POINT('',#4149);
#1083=VERTEX_POINT('',#4153);
#1084=VERTEX_POINT('',#4154);
#1085=VERTEX_POINT('',#4156);
#1086=VERTEX_POINT('',#4162);
#1087=VERTEX_POINT('',#4164);
#1088=VERTEX_POINT('',#4168);
#1089=VERTEX_POINT('',#4169);
#1090=VERTEX_POINT('',#4171);
#1091=VERTEX_POINT('',#4177);
#1092=VERTEX_POINT('',#4178);
#1093=VERTEX_POINT('',#4180);
#1094=VERTEX_POINT('',#4182);
#1095=VERTEX_POINT('',#4191);
#1096=VERTEX_POINT('',#4196);
#1097=VERTEX_POINT('',#4198);
#1098=VERTEX_POINT('',#4200);
#1099=VERTEX_POINT('',#4202);
#1100=VERTEX_POINT('',#4204);
#1101=VERTEX_POINT('',#4206);
#1102=VERTEX_POINT('',#4208);
#1103=VERTEX_POINT('',#4232);
#1104=VERTEX_POINT('',#4234);
#1105=VERTEX_POINT('',#4245);
#1106=VERTEX_POINT('',#4247);
#1107=VERTEX_POINT('',#4255);
#1108=VERTEX_POINT('',#4257);
#1109=VERTEX_POINT('',#4265);
#1110=VERTEX_POINT('',#4267);
#1111=VERTEX_POINT('',#4275);
#1112=VERTEX_POINT('',#4277);
#1113=VERTEX_POINT('',#4279);
#1114=VERTEX_POINT('',#4282);
#1115=VERTEX_POINT('',#4286);
#1116=VERTEX_POINT('',#4290);
#1117=VERTEX_POINT('',#4294);
#1118=VERTEX_POINT('',#4298);
#1119=VERTEX_POINT('',#4300);
#1120=VERTEX_POINT('',#4302);
#1121=VERTEX_POINT('',#4305);
#1122=VERTEX_POINT('',#4309);
#1123=VERTEX_POINT('',#4313);
#1124=VERTEX_POINT('',#4317);
#1125=VERTEX_POINT('',#4321);
#1126=VERTEX_POINT('',#4323);
#1127=VERTEX_POINT('',#4325);
#1128=VERTEX_POINT('',#4328);
#1129=VERTEX_POINT('',#4332);
#1130=VERTEX_POINT('',#4336);
#1131=VERTEX_POINT('',#4340);
#1132=VERTEX_POINT('',#4344);
#1133=VERTEX_POINT('',#4345);
#1134=VERTEX_POINT('',#4348);
#1135=VERTEX_POINT('',#4353);
#1136=VERTEX_POINT('',#4359);
#1137=VERTEX_POINT('',#4361);
#1138=VERTEX_POINT('',#4373);
#1139=VERTEX_POINT('',#4374);
#1140=VERTEX_POINT('',#4377);
#1141=VERTEX_POINT('',#4382);
#1142=VERTEX_POINT('',#4388);
#1143=VERTEX_POINT('',#4390);
#1144=VERTEX_POINT('',#4402);
#1145=VERTEX_POINT('',#4403);
#1146=VERTEX_POINT('',#4406);
#1147=VERTEX_POINT('',#4411);
#1148=VERTEX_POINT('',#4417);
#1149=VERTEX_POINT('',#4419);
#1150=VERTEX_POINT('',#4431);
#1151=VERTEX_POINT('',#4437);
#1152=VERTEX_POINT('',#4441);
#1153=VERTEX_POINT('',#4447);
#1154=VERTEX_POINT('',#4451);
#1155=VERTEX_POINT('',#4460);
#1156=VERTEX_POINT('',#4466);
#1157=VERTEX_POINT('',#4470);
#1158=VERTEX_POINT('',#4476);
#1159=VERTEX_POINT('',#4480);
#1160=VERTEX_POINT('',#4489);
#1161=VERTEX_POINT('',#4495);
#1162=VERTEX_POINT('',#4499);
#1163=VERTEX_POINT('',#4505);
#1164=VERTEX_POINT('',#4509);
#1165=VERTEX_POINT('',#4538);
#1166=VERTEX_POINT('',#4546);
#1167=VERTEX_POINT('',#4554);
#1168=VERTEX_POINT('',#4611);
#1169=VERTEX_POINT('',#4615);
#1170=VERTEX_POINT('',#4619);
#1171=VERTEX_POINT('',#4621);
#1172=VERTEX_POINT('',#4625);
#1173=VERTEX_POINT('',#4629);
#1174=EDGE_CURVE('',#983,#984,#797,.T.);
#1175=EDGE_CURVE('',#984,#985,#798,.T.);
#1176=EDGE_CURVE('',#985,#986,#799,.T.);
#1177=EDGE_CURVE('',#986,#985,#800,.T.);
#1178=EDGE_CURVE('',#984,#983,#801,.T.);
#1179=EDGE_CURVE('',#987,#983,#197,.T.);
#1180=EDGE_CURVE('',#988,#987,#198,.T.);
#1181=EDGE_CURVE('',#988,#989,#199,.T.);
#1182=EDGE_CURVE('',#990,#989,#200,.T.);
#1183=EDGE_CURVE('',#990,#990,#802,.T.);
#1184=EDGE_CURVE('',#991,#990,#201,.T.);
#1185=EDGE_CURVE('',#991,#991,#803,.T.);
#1186=EDGE_CURVE('',#984,#991,#202,.T.);
#1187=EDGE_CURVE('',#992,#984,#203,.T.);
#1188=EDGE_CURVE('',#983,#992,#204,.T.);
#1189=EDGE_CURVE('',#986,#993,#205,.T.);
#1190=EDGE_CURVE('',#993,#994,#804,.T.);
#1191=EDGE_CURVE('',#995,#994,#33,.T.);
#1192=EDGE_CURVE('',#996,#995,#34,.T.);
#1193=EDGE_CURVE('',#996,#997,#805,.T.);
#1194=EDGE_CURVE('',#998,#997,#35,.T.);
#1195=EDGE_CURVE('',#999,#998,#36,.T.);
#1196=EDGE_CURVE('',#999,#993,#806,.T.);
#1197=EDGE_CURVE('',#991,#1000,#807,.T.);
#1198=EDGE_CURVE('',#1000,#1001,#808,.T.);
#1199=EDGE_CURVE('',#1001,#1000,#809,.T.);
#1200=EDGE_CURVE('',#1001,#1002,#206,.T.);
#1201=EDGE_CURVE('',#1002,#1003,#810,.T.);
#1202=EDGE_CURVE('',#1004,#1003,#37,.T.);
#1203=EDGE_CURVE('',#1005,#1004,#38,.T.);
#1204=EDGE_CURVE('',#1005,#1006,#811,.T.);
#1205=EDGE_CURVE('',#1007,#1006,#39,.T.);
#1206=EDGE_CURVE('',#1008,#1007,#40,.T.);
#1207=EDGE_CURVE('',#1008,#1002,#812,.T.);
#1208=EDGE_CURVE('',#990,#1009,#813,.T.);
#1209=EDGE_CURVE('',#1009,#1010,#814,.T.);
#1210=EDGE_CURVE('',#1010,#1009,#815,.T.);
#1211=EDGE_CURVE('',#1010,#1011,#207,.T.);
#1212=EDGE_CURVE('',#1011,#1012,#816,.T.);
#1213=EDGE_CURVE('',#1013,#1012,#41,.T.);
#1214=EDGE_CURVE('',#1014,#1013,#42,.T.);
#1215=EDGE_CURVE('',#1014,#1015,#817,.T.);
#1216=EDGE_CURVE('',#1016,#1015,#43,.T.);
#1217=EDGE_CURVE('',#1017,#1016,#44,.T.);
#1218=EDGE_CURVE('',#1017,#1011,#818,.T.);
#1219=EDGE_CURVE('',#1018,#1019,#819,.T.);
#1220=EDGE_CURVE('',#1019,#1020,#820,.T.);
#1221=EDGE_CURVE('',#1020,#1021,#821,.T.);
#1222=EDGE_CURVE('',#1021,#1022,#822,.T.);
#1223=EDGE_CURVE('',#1022,#1021,#823,.T.);
#1224=EDGE_CURVE('',#1020,#1018,#824,.T.);
#1225=EDGE_CURVE('',#1023,#1018,#208,.T.);
#1226=EDGE_CURVE('',#1019,#1023,#209,.T.);
#1227=EDGE_CURVE('',#1024,#1019,#210,.T.);
#1228=EDGE_CURVE('',#1025,#1024,#825,.T.);
#1229=EDGE_CURVE('',#1024,#1025,#826,.T.);
#1230=EDGE_CURVE('',#1026,#1024,#211,.T.);
#1231=EDGE_CURVE('',#1027,#1026,#827,.T.);
#1232=EDGE_CURVE('',#1026,#1027,#828,.T.);
#1233=EDGE_CURVE('',#1028,#1026,#212,.T.);
#1234=EDGE_CURVE('',#1028,#1029,#829,.T.);
#1235=EDGE_CURVE('',#1029,#1030,#213,.T.);
#1236=EDGE_CURVE('',#1030,#1031,#830,.T.);
#1237=EDGE_CURVE('',#1031,#1032,#214,.T.);
#1238=EDGE_CURVE('',#1033,#1032,#215,.T.);
#1239=EDGE_CURVE('',#1034,#1033,#831,.T.);
#1240=EDGE_CURVE('',#1033,#1034,#832,.T.);
#1241=EDGE_CURVE('',#1018,#1033,#216,.T.);
#1242=EDGE_CURVE('',#1035,#1035,#833,.T.);
#1243=EDGE_CURVE('',#1036,#1036,#834,.T.);
#1244=EDGE_CURVE('',#1037,#1037,#835,.T.);
#1245=EDGE_CURVE('',#1038,#1038,#836,.T.);
#1246=EDGE_CURVE('',#1039,#1040,#45,.T.);
#1247=EDGE_CURVE('',#1040,#999,#837,.T.);
#1248=EDGE_CURVE('',#998,#1022,#217,.T.);
#1249=EDGE_CURVE('',#997,#1039,#838,.T.);
#1250=EDGE_CURVE('',#1025,#1041,#839,.T.);
#1251=EDGE_CURVE('',#1041,#1042,#840,.T.);
#1252=EDGE_CURVE('',#1042,#1041,#841,.T.);
#1253=EDGE_CURVE('',#1043,#1044,#46,.T.);
#1254=EDGE_CURVE('',#1044,#1008,#842,.T.);
#1255=EDGE_CURVE('',#1007,#1042,#218,.T.);
#1256=EDGE_CURVE('',#1006,#1043,#843,.T.);
#1257=EDGE_CURVE('',#1027,#1045,#844,.T.);
#1258=EDGE_CURVE('',#1045,#1046,#845,.T.);
#1259=EDGE_CURVE('',#1046,#1045,#846,.T.);
#1260=EDGE_CURVE('',#1047,#1048,#47,.T.);
#1261=EDGE_CURVE('',#1048,#1017,#847,.T.);
#1262=EDGE_CURVE('',#1016,#1046,#219,.T.);
#1263=EDGE_CURVE('',#1015,#1047,#848,.T.);
#1264=EDGE_CURVE('',#1034,#1049,#849,.T.);
#1265=EDGE_CURVE('',#1049,#1050,#850,.T.);
#1266=EDGE_CURVE('',#1050,#1049,#851,.T.);
#1267=EDGE_CURVE('',#1051,#1052,#48,.T.);
#1268=EDGE_CURVE('',#1052,#1053,#852,.T.);
#1269=EDGE_CURVE('',#1053,#1054,#49,.T.);
#1270=EDGE_CURVE('',#1054,#1050,#220,.T.);
#1271=EDGE_CURVE('',#1054,#1055,#50,.T.);
#1272=EDGE_CURVE('',#1055,#1051,#853,.T.);
#1273=EDGE_CURVE('',#1038,#1056,#854,.T.);
#1274=EDGE_CURVE('',#1056,#1057,#855,.T.);
#1275=EDGE_CURVE('',#1057,#1056,#856,.T.);
#1276=EDGE_CURVE('',#1058,#1059,#51,.T.);
#1277=EDGE_CURVE('',#1059,#1060,#857,.T.);
#1278=EDGE_CURVE('',#1060,#1061,#52,.T.);
#1279=EDGE_CURVE('',#1061,#1057,#221,.T.);
#1280=EDGE_CURVE('',#1061,#1062,#53,.T.);
#1281=EDGE_CURVE('',#1062,#1058,#858,.T.);
#1282=EDGE_CURVE('',#1035,#1063,#859,.T.);
#1283=EDGE_CURVE('',#1063,#1064,#860,.T.);
#1284=EDGE_CURVE('',#1064,#1063,#861,.T.);
#1285=EDGE_CURVE('',#1065,#1066,#54,.T.);
#1286=EDGE_CURVE('',#1066,#1067,#862,.T.);
#1287=EDGE_CURVE('',#1067,#1068,#55,.T.);
#1288=EDGE_CURVE('',#1068,#1064,#222,.T.);
#1289=EDGE_CURVE('',#1068,#1069,#56,.T.);
#1290=EDGE_CURVE('',#1069,#1065,#863,.T.);
#1291=EDGE_CURVE('',#1070,#1070,#864,.T.);
#1292=EDGE_CURVE('',#1070,#1071,#865,.T.);
#1293=EDGE_CURVE('',#1071,#1072,#866,.T.);
#1294=EDGE_CURVE('',#1072,#1071,#867,.T.);
#1295=EDGE_CURVE('',#1032,#1073,#223,.T.);
#1296=EDGE_CURVE('',#1074,#1031,#224,.T.);
#1297=EDGE_CURVE('',#1075,#1074,#225,.T.);
#1298=EDGE_CURVE('',#1073,#1075,#226,.T.);
#1299=EDGE_CURVE('',#1076,#1073,#868,.T.);
#1300=EDGE_CURVE('',#1073,#1076,#869,.T.);
#1301=EDGE_CURVE('',#1077,#1077,#870,.T.);
#1302=EDGE_CURVE('',#1078,#1079,#57,.T.);
#1303=EDGE_CURVE('',#1080,#1078,#871,.T.);
#1304=EDGE_CURVE('',#1080,#1072,#227,.T.);
#1305=EDGE_CURVE('',#1066,#1080,#872,.T.);
#1306=EDGE_CURVE('',#1079,#1065,#873,.T.);
#1307=EDGE_CURVE('',#1077,#1081,#874,.T.);
#1308=EDGE_CURVE('',#1081,#1082,#875,.T.);
#1309=EDGE_CURVE('',#1082,#1081,#876,.T.);
#1310=EDGE_CURVE('',#1083,#1084,#58,.T.);
#1311=EDGE_CURVE('',#1085,#1083,#877,.T.);
#1312=EDGE_CURVE('',#1085,#1082,#228,.T.);
#1313=EDGE_CURVE('',#1059,#1085,#878,.T.);
#1314=EDGE_CURVE('',#1084,#1058,#879,.T.);
#1315=EDGE_CURVE('',#1076,#1086,#880,.T.);
#1316=EDGE_CURVE('',#1086,#1087,#881,.T.);
#1317=EDGE_CURVE('',#1087,#1086,#882,.T.);
#1318=EDGE_CURVE('',#1088,#1089,#59,.T.);
#1319=EDGE_CURVE('',#1090,#1088,#883,.T.);
#1320=EDGE_CURVE('',#1090,#1087,#229,.T.);
#1321=EDGE_CURVE('',#1052,#1090,#884,.T.);
#1322=EDGE_CURVE('',#1089,#1051,#885,.T.);
#1323=EDGE_CURVE('',#1091,#1092,#886,.T.);
#1324=EDGE_CURVE('',#1092,#1093,#230,.T.);
#1325=EDGE_CURVE('',#1093,#1094,#16,.F.);
#1326=EDGE_CURVE('',#1094,#1091,#231,.T.);
#1327=EDGE_CURVE('',#1092,#1095,#232,.T.);
#1328=EDGE_CURVE('',#1075,#1095,#887,.F.);
#1329=EDGE_CURVE('',#1074,#1093,#888,.T.);
#1330=EDGE_CURVE('',#1091,#1096,#233,.T.);
#1331=EDGE_CURVE('',#1097,#1096,#234,.T.);
#1332=EDGE_CURVE('',#1098,#1097,#235,.T.);
#1333=EDGE_CURVE('',#1099,#1098,#889,.T.);
#1334=EDGE_CURVE('',#1100,#1099,#236,.T.);
#1335=EDGE_CURVE('',#1101,#1100,#237,.T.);
#1336=EDGE_CURVE('',#1102,#1101,#238,.T.);
#1337=EDGE_CURVE('',#1095,#1102,#239,.T.);
#1338=EDGE_CURVE('',#1102,#1032,#60,.T.);
#1339=EDGE_CURVE('',#1101,#1023,#890,.F.);
#1340=EDGE_CURVE('',#992,#1101,#891,.F.);
#1341=EDGE_CURVE('',#1023,#992,#892,.F.);
#1342=EDGE_CURVE('',#1100,#987,#893,.F.);
#1343=EDGE_CURVE('',#989,#1028,#17,.F.);
#1344=EDGE_CURVE('',#1098,#1103,#240,.T.);
#1345=EDGE_CURVE('',#1103,#1104,#18,.F.);
#1346=EDGE_CURVE('',#1104,#1099,#241,.T.);
#1347=EDGE_CURVE('',#1104,#988,#894,.T.);
#1348=EDGE_CURVE('',#1089,#1105,#242,.T.);
#1349=EDGE_CURVE('',#1106,#1051,#243,.T.);
#1350=EDGE_CURVE('',#1105,#1106,#895,.T.);
#1351=EDGE_CURVE('',#1105,#1088,#244,.T.);
#1352=EDGE_CURVE('',#1106,#1105,#896,.T.);
#1353=EDGE_CURVE('',#1052,#1106,#245,.T.);
#1354=EDGE_CURVE('',#1084,#1107,#246,.T.);
#1355=EDGE_CURVE('',#1108,#1058,#247,.T.);
#1356=EDGE_CURVE('',#1107,#1108,#897,.T.);
#1357=EDGE_CURVE('',#1107,#1083,#248,.T.);
#1358=EDGE_CURVE('',#1108,#1107,#898,.T.);
#1359=EDGE_CURVE('',#1059,#1108,#249,.T.);
#1360=EDGE_CURVE('',#1079,#1109,#250,.T.);
#1361=EDGE_CURVE('',#1110,#1065,#251,.T.);
#1362=EDGE_CURVE('',#1109,#1110,#899,.T.);
#1363=EDGE_CURVE('',#1109,#1078,#252,.T.);
#1364=EDGE_CURVE('',#1110,#1109,#900,.T.);
#1365=EDGE_CURVE('',#1066,#1110,#253,.T.);
#1366=EDGE_CURVE('',#1111,#1111,#901,.T.);
#1367=EDGE_CURVE('',#1111,#1112,#254,.T.);
#1368=EDGE_CURVE('',#1112,#1113,#61,.T.);
#1369=EDGE_CURVE('',#1113,#1088,#902,.T.);
#1370=EDGE_CURVE('',#1089,#1114,#903,.T.);
#1371=EDGE_CURVE('',#1114,#1112,#62,.T.);
#1372=EDGE_CURVE('',#1115,#1105,#904,.T.);
#1373=EDGE_CURVE('',#1115,#1114,#255,.T.);
#1374=EDGE_CURVE('',#1116,#1106,#63,.T.);
#1375=EDGE_CURVE('',#1105,#1116,#64,.T.);
#1376=EDGE_CURVE('',#1055,#1117,#256,.T.);
#1377=EDGE_CURVE('',#1117,#1106,#905,.T.);
#1378=EDGE_CURVE('',#1118,#1118,#906,.T.);
#1379=EDGE_CURVE('',#1118,#1119,#257,.T.);
#1380=EDGE_CURVE('',#1119,#1120,#65,.T.);
#1381=EDGE_CURVE('',#1120,#1083,#907,.T.);
#1382=EDGE_CURVE('',#1084,#1121,#908,.T.);
#1383=EDGE_CURVE('',#1121,#1119,#66,.T.);
#1384=EDGE_CURVE('',#1122,#1107,#909,.T.);
#1385=EDGE_CURVE('',#1122,#1121,#258,.T.);
#1386=EDGE_CURVE('',#1123,#1108,#67,.T.);
#1387=EDGE_CURVE('',#1107,#1123,#68,.T.);
#1388=EDGE_CURVE('',#1062,#1124,#259,.T.);
#1389=EDGE_CURVE('',#1124,#1108,#910,.T.);
#1390=EDGE_CURVE('',#1125,#1125,#911,.T.);
#1391=EDGE_CURVE('',#1125,#1126,#260,.T.);
#1392=EDGE_CURVE('',#1126,#1127,#69,.T.);
#1393=EDGE_CURVE('',#1127,#1078,#912,.T.);
#1394=EDGE_CURVE('',#1079,#1128,#913,.T.);
#1395=EDGE_CURVE('',#1128,#1126,#70,.T.);
#1396=EDGE_CURVE('',#1129,#1109,#914,.T.);
#1397=EDGE_CURVE('',#1129,#1128,#261,.T.);
#1398=EDGE_CURVE('',#1130,#1110,#71,.T.);
#1399=EDGE_CURVE('',#1109,#1130,#72,.T.);
#1400=EDGE_CURVE('',#1069,#1131,#262,.T.);
#1401=EDGE_CURVE('',#1131,#1110,#915,.T.);
#1402=EDGE_CURVE('',#1132,#1133,#263,.T.);
#1403=EDGE_CURVE('',#1132,#1039,#916,.T.);
#1404=EDGE_CURVE('',#1134,#1039,#264,.T.);
#1405=EDGE_CURVE('',#1133,#1134,#917,.T.);
#1406=EDGE_CURVE('',#1113,#1115,#265,.T.);
#1407=EDGE_CURVE('',#1135,#1113,#918,.T.);
#1408=EDGE_CURVE('',#1053,#1135,#919,.T.);
#1409=EDGE_CURVE('',#1117,#1053,#266,.T.);
#1410=EDGE_CURVE('',#1115,#1117,#920,.T.);
#1411=EDGE_CURVE('',#1136,#1132,#73,.T.);
#1412=EDGE_CURVE('',#1137,#1136,#921,.T.);
#1413=EDGE_CURVE('',#1137,#1135,#267,.T.);
#1414=EDGE_CURVE('',#1114,#1055,#922,.T.);
#1415=EDGE_CURVE('',#1040,#1137,#923,.T.);
#1416=EDGE_CURVE('',#1117,#1115,#924,.T.);
#1417=EDGE_CURVE('',#1133,#1136,#268,.T.);
#1418=EDGE_CURVE('',#1134,#1133,#925,.T.);
#1419=EDGE_CURVE('',#1040,#1134,#269,.T.);
#1420=EDGE_CURVE('',#1138,#1139,#270,.T.);
#1421=EDGE_CURVE('',#1138,#1043,#926,.T.);
#1422=EDGE_CURVE('',#1140,#1043,#271,.T.);
#1423=EDGE_CURVE('',#1139,#1140,#927,.T.);
#1424=EDGE_CURVE('',#1120,#1122,#272,.T.);
#1425=EDGE_CURVE('',#1141,#1120,#928,.T.);
#1426=EDGE_CURVE('',#1060,#1141,#929,.T.);
#1427=EDGE_CURVE('',#1124,#1060,#273,.T.);
#1428=EDGE_CURVE('',#1122,#1124,#930,.T.);
#1429=EDGE_CURVE('',#1142,#1138,#74,.T.);
#1430=EDGE_CURVE('',#1143,#1142,#931,.T.);
#1431=EDGE_CURVE('',#1143,#1141,#274,.T.);
#1432=EDGE_CURVE('',#1121,#1062,#932,.T.);
#1433=EDGE_CURVE('',#1044,#1143,#933,.T.);
#1434=EDGE_CURVE('',#1124,#1122,#934,.T.);
#1435=EDGE_CURVE('',#1139,#1142,#275,.T.);
#1436=EDGE_CURVE('',#1140,#1139,#935,.T.);
#1437=EDGE_CURVE('',#1044,#1140,#276,.T.);
#1438=EDGE_CURVE('',#1144,#1145,#277,.T.);
#1439=EDGE_CURVE('',#1144,#1047,#936,.T.);
#1440=EDGE_CURVE('',#1146,#1047,#278,.T.);
#1441=EDGE_CURVE('',#1145,#1146,#937,.T.);
#1442=EDGE_CURVE('',#1127,#1129,#279,.T.);
#1443=EDGE_CURVE('',#1147,#1127,#938,.T.);
#1444=EDGE_CURVE('',#1067,#1147,#939,.T.);
#1445=EDGE_CURVE('',#1131,#1067,#280,.T.);
#1446=EDGE_CURVE('',#1129,#1131,#940,.T.);
#1447=EDGE_CURVE('',#1148,#1144,#75,.T.);
#1448=EDGE_CURVE('',#1149,#1148,#941,.T.);
#1449=EDGE_CURVE('',#1149,#1147,#281,.T.);
#1450=EDGE_CURVE('',#1128,#1069,#942,.T.);
#1451=EDGE_CURVE('',#1048,#1149,#943,.T.);
#1452=EDGE_CURVE('',#1131,#1129,#944,.T.);
#1453=EDGE_CURVE('',#1145,#1148,#282,.T.);
#1454=EDGE_CURVE('',#1146,#1145,#945,.T.);
#1455=EDGE_CURVE('',#1048,#1146,#283,.T.);
#1456=EDGE_CURVE('',#1150,#1150,#946,.T.);
#1457=EDGE_CURVE('',#1150,#995,#284,.T.);
#1458=EDGE_CURVE('',#994,#1136,#947,.T.);
#1459=EDGE_CURVE('',#1132,#996,#948,.T.);
#1460=EDGE_CURVE('',#1151,#1133,#949,.T.);
#1461=EDGE_CURVE('',#1151,#996,#285,.T.);
#1462=EDGE_CURVE('',#997,#1152,#286,.T.);
#1463=EDGE_CURVE('',#1152,#1134,#950,.T.);
#1464=EDGE_CURVE('',#1105,#1115,#951,.T.);
#1465=EDGE_CURVE('',#1153,#1117,#76,.T.);
#1466=EDGE_CURVE('',#1115,#1153,#77,.T.);
#1467=EDGE_CURVE('',#1154,#1134,#78,.T.);
#1468=EDGE_CURVE('',#1133,#1154,#79,.T.);
#1469=EDGE_CURVE('',#1116,#1115,#80,.T.);
#1470=EDGE_CURVE('',#1117,#1116,#81,.T.);
#1471=EDGE_CURVE('',#1106,#1117,#952,.T.);
#1472=EDGE_CURVE('',#1155,#1155,#953,.T.);
#1473=EDGE_CURVE('',#1155,#1004,#287,.T.);
#1474=EDGE_CURVE('',#1003,#1142,#954,.T.);
#1475=EDGE_CURVE('',#1138,#1005,#955,.T.);
#1476=EDGE_CURVE('',#1156,#1139,#956,.T.);
#1477=EDGE_CURVE('',#1156,#1005,#288,.T.);
#1478=EDGE_CURVE('',#1006,#1157,#289,.T.);
#1479=EDGE_CURVE('',#1157,#1140,#957,.T.);
#1480=EDGE_CURVE('',#1107,#1122,#958,.T.);
#1481=EDGE_CURVE('',#1158,#1124,#82,.T.);
#1482=EDGE_CURVE('',#1122,#1158,#83,.T.);
#1483=EDGE_CURVE('',#1159,#1140,#84,.T.);
#1484=EDGE_CURVE('',#1139,#1159,#85,.T.);
#1485=EDGE_CURVE('',#1123,#1122,#86,.T.);
#1486=EDGE_CURVE('',#1124,#1123,#87,.T.);
#1487=EDGE_CURVE('',#1108,#1124,#959,.T.);
#1488=EDGE_CURVE('',#1160,#1160,#960,.T.);
#1489=EDGE_CURVE('',#1160,#1013,#290,.T.);
#1490=EDGE_CURVE('',#1012,#1148,#961,.T.);
#1491=EDGE_CURVE('',#1144,#1014,#962,.T.);
#1492=EDGE_CURVE('',#1161,#1145,#963,.T.);
#1493=EDGE_CURVE('',#1161,#1014,#291,.T.);
#1494=EDGE_CURVE('',#1015,#1162,#292,.T.);
#1495=EDGE_CURVE('',#1162,#1146,#964,.T.);
#1496=EDGE_CURVE('',#1109,#1129,#965,.T.);
#1497=EDGE_CURVE('',#1163,#1131,#88,.T.);
#1498=EDGE_CURVE('',#1129,#1163,#89,.T.);
#1499=EDGE_CURVE('',#1164,#1146,#90,.T.);
#1500=EDGE_CURVE('',#1145,#1164,#91,.T.);
#1501=EDGE_CURVE('',#1130,#1129,#92,.T.);
#1502=EDGE_CURVE('',#1131,#1130,#93,.T.);
#1503=EDGE_CURVE('',#1110,#1131,#966,.T.);
#1504=EDGE_CURVE('',#994,#1151,#293,.T.);
#1505=EDGE_CURVE('',#1152,#999,#294,.T.);
#1506=EDGE_CURVE('',#1151,#1152,#967,.T.);
#1507=EDGE_CURVE('',#1152,#1151,#968,.T.);
#1508=EDGE_CURVE('',#1003,#1156,#295,.T.);
#1509=EDGE_CURVE('',#1157,#1008,#296,.T.);
#1510=EDGE_CURVE('',#1156,#1157,#969,.T.);
#1511=EDGE_CURVE('',#1157,#1156,#970,.T.);
#1512=EDGE_CURVE('',#1012,#1161,#297,.T.);
#1513=EDGE_CURVE('',#1162,#1017,#298,.T.);
#1514=EDGE_CURVE('',#1161,#1162,#971,.T.);
#1515=EDGE_CURVE('',#1162,#1161,#972,.T.);
#1516=EDGE_CURVE('',#1133,#1151,#973,.T.);
#1517=EDGE_CURVE('',#1165,#1152,#94,.T.);
#1518=EDGE_CURVE('',#1151,#1165,#95,.T.);
#1519=EDGE_CURVE('',#1134,#1152,#974,.T.);
#1520=EDGE_CURVE('',#1139,#1156,#975,.T.);
#1521=EDGE_CURVE('',#1166,#1157,#96,.T.);
#1522=EDGE_CURVE('',#1156,#1166,#97,.T.);
#1523=EDGE_CURVE('',#1140,#1157,#976,.T.);
#1524=EDGE_CURVE('',#1145,#1161,#977,.T.);
#1525=EDGE_CURVE('',#1167,#1162,#98,.T.);
#1526=EDGE_CURVE('',#1161,#1167,#99,.T.);
#1527=EDGE_CURVE('',#1146,#1162,#978,.T.);
#1528=EDGE_CURVE('',#1165,#1133,#100,.T.);
#1529=EDGE_CURVE('',#1134,#1165,#101,.T.);
#1530=EDGE_CURVE('',#1153,#1105,#102,.T.);
#1531=EDGE_CURVE('',#1106,#1153,#103,.T.);
#1532=EDGE_CURVE('',#1154,#1151,#104,.T.);
#1533=EDGE_CURVE('',#1152,#1154,#105,.T.);
#1534=EDGE_CURVE('',#1166,#1139,#106,.T.);
#1535=EDGE_CURVE('',#1140,#1166,#107,.T.);
#1536=EDGE_CURVE('',#1158,#1107,#108,.T.);
#1537=EDGE_CURVE('',#1108,#1158,#109,.T.);
#1538=EDGE_CURVE('',#1159,#1156,#110,.T.);
#1539=EDGE_CURVE('',#1157,#1159,#111,.T.);
#1540=EDGE_CURVE('',#1167,#1145,#112,.T.);
#1541=EDGE_CURVE('',#1146,#1167,#113,.T.);
#1542=EDGE_CURVE('',#1163,#1109,#114,.T.);
#1543=EDGE_CURVE('',#1110,#1163,#115,.T.);
#1544=EDGE_CURVE('',#1164,#1161,#116,.T.);
#1545=EDGE_CURVE('',#1162,#1164,#117,.T.);
#1546=EDGE_CURVE('',#1168,#1168,#979,.T.);
#1547=EDGE_CURVE('',#1168,#1036,#299,.T.);
#1548=EDGE_CURVE('',#1169,#1169,#980,.T.);
#1549=EDGE_CURVE('',#1169,#1037,#300,.T.);
#1550=EDGE_CURVE('',#1103,#1170,#301,.T.);
#1551=EDGE_CURVE('',#1171,#1170,#981,.T.);
#1552=EDGE_CURVE('',#1171,#1029,#302,.T.);
#1553=EDGE_CURVE('',#1172,#1171,#303,.T.);
#1554=EDGE_CURVE('',#1172,#1030,#304,.T.);
#1555=EDGE_CURVE('',#1173,#1172,#982,.T.);
#1556=EDGE_CURVE('',#1094,#1173,#305,.T.);
#1557=EDGE_CURVE('',#1096,#1173,#306,.T.);
#1558=EDGE_CURVE('',#1170,#1097,#307,.T.);
#1559=ORIENTED_EDGE('',*,*,#1174,.T.);
#1560=ORIENTED_EDGE('',*,*,#1175,.T.);
#1561=ORIENTED_EDGE('',*,*,#1176,.T.);
#1562=ORIENTED_EDGE('',*,*,#1177,.T.);
#1563=ORIENTED_EDGE('',*,*,#1175,.F.);
#1564=ORIENTED_EDGE('',*,*,#1178,.T.);
#1565=ORIENTED_EDGE('',*,*,#1174,.F.);
#1566=ORIENTED_EDGE('',*,*,#1179,.F.);
#1567=ORIENTED_EDGE('',*,*,#1180,.F.);
#1568=ORIENTED_EDGE('',*,*,#1181,.T.);
#1569=ORIENTED_EDGE('',*,*,#1182,.F.);
#1570=ORIENTED_EDGE('',*,*,#1183,.F.);
#1571=ORIENTED_EDGE('',*,*,#1184,.F.);
#1572=ORIENTED_EDGE('',*,*,#1185,.F.);
#1573=ORIENTED_EDGE('',*,*,#1186,.F.);
#1574=ORIENTED_EDGE('',*,*,#1178,.F.);
#1575=ORIENTED_EDGE('',*,*,#1187,.F.);
#1576=ORIENTED_EDGE('',*,*,#1188,.F.);
#1577=ORIENTED_EDGE('',*,*,#1177,.F.);
#1578=ORIENTED_EDGE('',*,*,#1189,.T.);
#1579=ORIENTED_EDGE('',*,*,#1190,.T.);
#1580=ORIENTED_EDGE('',*,*,#1191,.F.);
#1581=ORIENTED_EDGE('',*,*,#1192,.F.);
#1582=ORIENTED_EDGE('',*,*,#1193,.T.);
#1583=ORIENTED_EDGE('',*,*,#1194,.F.);
#1584=ORIENTED_EDGE('',*,*,#1195,.F.);
#1585=ORIENTED_EDGE('',*,*,#1196,.T.);
#1586=ORIENTED_EDGE('',*,*,#1189,.F.);
#1587=ORIENTED_EDGE('',*,*,#1176,.F.);
#1588=ORIENTED_EDGE('',*,*,#1185,.T.);
#1589=ORIENTED_EDGE('',*,*,#1197,.T.);
#1590=ORIENTED_EDGE('',*,*,#1198,.T.);
#1591=ORIENTED_EDGE('',*,*,#1199,.T.);
#1592=ORIENTED_EDGE('',*,*,#1197,.F.);
#1593=ORIENTED_EDGE('',*,*,#1199,.F.);
#1594=ORIENTED_EDGE('',*,*,#1200,.T.);
#1595=ORIENTED_EDGE('',*,*,#1201,.T.);
#1596=ORIENTED_EDGE('',*,*,#1202,.F.);
#1597=ORIENTED_EDGE('',*,*,#1203,.F.);
#1598=ORIENTED_EDGE('',*,*,#1204,.T.);
#1599=ORIENTED_EDGE('',*,*,#1205,.F.);
#1600=ORIENTED_EDGE('',*,*,#1206,.F.);
#1601=ORIENTED_EDGE('',*,*,#1207,.T.);
#1602=ORIENTED_EDGE('',*,*,#1200,.F.);
#1603=ORIENTED_EDGE('',*,*,#1198,.F.);
#1604=ORIENTED_EDGE('',*,*,#1183,.T.);
#1605=ORIENTED_EDGE('',*,*,#1208,.T.);
#1606=ORIENTED_EDGE('',*,*,#1209,.T.);
#1607=ORIENTED_EDGE('',*,*,#1210,.T.);
#1608=ORIENTED_EDGE('',*,*,#1208,.F.);
#1609=ORIENTED_EDGE('',*,*,#1210,.F.);
#1610=ORIENTED_EDGE('',*,*,#1211,.T.);
#1611=ORIENTED_EDGE('',*,*,#1212,.T.);
#1612=ORIENTED_EDGE('',*,*,#1213,.F.);
#1613=ORIENTED_EDGE('',*,*,#1214,.F.);
#1614=ORIENTED_EDGE('',*,*,#1215,.T.);
#1615=ORIENTED_EDGE('',*,*,#1216,.F.);
#1616=ORIENTED_EDGE('',*,*,#1217,.F.);
#1617=ORIENTED_EDGE('',*,*,#1218,.T.);
#1618=ORIENTED_EDGE('',*,*,#1211,.F.);
#1619=ORIENTED_EDGE('',*,*,#1209,.F.);
#1620=ORIENTED_EDGE('',*,*,#1219,.T.);
#1621=ORIENTED_EDGE('',*,*,#1220,.T.);
#1622=ORIENTED_EDGE('',*,*,#1221,.T.);
#1623=ORIENTED_EDGE('',*,*,#1222,.T.);
#1624=ORIENTED_EDGE('',*,*,#1223,.T.);
#1625=ORIENTED_EDGE('',*,*,#1221,.F.);
#1626=ORIENTED_EDGE('',*,*,#1224,.T.);
#1627=ORIENTED_EDGE('',*,*,#1219,.F.);
#1628=ORIENTED_EDGE('',*,*,#1225,.F.);
#1629=ORIENTED_EDGE('',*,*,#1226,.F.);
#1630=ORIENTED_EDGE('',*,*,#1220,.F.);
#1631=ORIENTED_EDGE('',*,*,#1227,.F.);
#1632=ORIENTED_EDGE('',*,*,#1228,.F.);
#1633=ORIENTED_EDGE('',*,*,#1229,.F.);
#1634=ORIENTED_EDGE('',*,*,#1230,.F.);
#1635=ORIENTED_EDGE('',*,*,#1231,.F.);
#1636=ORIENTED_EDGE('',*,*,#1232,.F.);
#1637=ORIENTED_EDGE('',*,*,#1233,.F.);
#1638=ORIENTED_EDGE('',*,*,#1234,.T.);
#1639=ORIENTED_EDGE('',*,*,#1235,.T.);
#1640=ORIENTED_EDGE('',*,*,#1236,.T.);
#1641=ORIENTED_EDGE('',*,*,#1237,.T.);
#1642=ORIENTED_EDGE('',*,*,#1238,.F.);
#1643=ORIENTED_EDGE('',*,*,#1239,.F.);
#1644=ORIENTED_EDGE('',*,*,#1240,.F.);
#1645=ORIENTED_EDGE('',*,*,#1241,.F.);
#1646=ORIENTED_EDGE('',*,*,#1224,.F.);
#1647=ORIENTED_EDGE('',*,*,#1242,.F.);
#1648=ORIENTED_EDGE('',*,*,#1243,.T.);
#1649=ORIENTED_EDGE('',*,*,#1244,.T.);
#1650=ORIENTED_EDGE('',*,*,#1245,.F.);
#1651=ORIENTED_EDGE('',*,*,#1246,.T.);
#1652=ORIENTED_EDGE('',*,*,#1247,.T.);
#1653=ORIENTED_EDGE('',*,*,#1195,.T.);
#1654=ORIENTED_EDGE('',*,*,#1248,.T.);
#1655=ORIENTED_EDGE('',*,*,#1222,.F.);
#1656=ORIENTED_EDGE('',*,*,#1223,.F.);
#1657=ORIENTED_EDGE('',*,*,#1248,.F.);
#1658=ORIENTED_EDGE('',*,*,#1194,.T.);
#1659=ORIENTED_EDGE('',*,*,#1249,.T.);
#1660=ORIENTED_EDGE('',*,*,#1229,.T.);
#1661=ORIENTED_EDGE('',*,*,#1250,.T.);
#1662=ORIENTED_EDGE('',*,*,#1251,.T.);
#1663=ORIENTED_EDGE('',*,*,#1252,.T.);
#1664=ORIENTED_EDGE('',*,*,#1250,.F.);
#1665=ORIENTED_EDGE('',*,*,#1228,.T.);
#1666=ORIENTED_EDGE('',*,*,#1253,.T.);
#1667=ORIENTED_EDGE('',*,*,#1254,.T.);
#1668=ORIENTED_EDGE('',*,*,#1206,.T.);
#1669=ORIENTED_EDGE('',*,*,#1255,.T.);
#1670=ORIENTED_EDGE('',*,*,#1251,.F.);
#1671=ORIENTED_EDGE('',*,*,#1252,.F.);
#1672=ORIENTED_EDGE('',*,*,#1255,.F.);
#1673=ORIENTED_EDGE('',*,*,#1205,.T.);
#1674=ORIENTED_EDGE('',*,*,#1256,.T.);
#1675=ORIENTED_EDGE('',*,*,#1232,.T.);
#1676=ORIENTED_EDGE('',*,*,#1257,.T.);
#1677=ORIENTED_EDGE('',*,*,#1258,.T.);
#1678=ORIENTED_EDGE('',*,*,#1259,.T.);
#1679=ORIENTED_EDGE('',*,*,#1257,.F.);
#1680=ORIENTED_EDGE('',*,*,#1231,.T.);
#1681=ORIENTED_EDGE('',*,*,#1260,.T.);
#1682=ORIENTED_EDGE('',*,*,#1261,.T.);
#1683=ORIENTED_EDGE('',*,*,#1217,.T.);
#1684=ORIENTED_EDGE('',*,*,#1262,.T.);
#1685=ORIENTED_EDGE('',*,*,#1258,.F.);
#1686=ORIENTED_EDGE('',*,*,#1259,.F.);
#1687=ORIENTED_EDGE('',*,*,#1262,.F.);
#1688=ORIENTED_EDGE('',*,*,#1216,.T.);
#1689=ORIENTED_EDGE('',*,*,#1263,.T.);
#1690=ORIENTED_EDGE('',*,*,#1240,.T.);
#1691=ORIENTED_EDGE('',*,*,#1264,.T.);
#1692=ORIENTED_EDGE('',*,*,#1265,.T.);
#1693=ORIENTED_EDGE('',*,*,#1266,.T.);
#1694=ORIENTED_EDGE('',*,*,#1264,.F.);
#1695=ORIENTED_EDGE('',*,*,#1239,.T.);
#1696=ORIENTED_EDGE('',*,*,#1267,.T.);
#1697=ORIENTED_EDGE('',*,*,#1268,.T.);
#1698=ORIENTED_EDGE('',*,*,#1269,.T.);
#1699=ORIENTED_EDGE('',*,*,#1270,.T.);
#1700=ORIENTED_EDGE('',*,*,#1265,.F.);
#1701=ORIENTED_EDGE('',*,*,#1266,.F.);
#1702=ORIENTED_EDGE('',*,*,#1270,.F.);
#1703=ORIENTED_EDGE('',*,*,#1271,.T.);
#1704=ORIENTED_EDGE('',*,*,#1272,.T.);
#1705=ORIENTED_EDGE('',*,*,#1245,.T.);
#1706=ORIENTED_EDGE('',*,*,#1273,.T.);
#1707=ORIENTED_EDGE('',*,*,#1274,.T.);
#1708=ORIENTED_EDGE('',*,*,#1275,.T.);
#1709=ORIENTED_EDGE('',*,*,#1273,.F.);
#1710=ORIENTED_EDGE('',*,*,#1276,.T.);
#1711=ORIENTED_EDGE('',*,*,#1277,.T.);
#1712=ORIENTED_EDGE('',*,*,#1278,.T.);
#1713=ORIENTED_EDGE('',*,*,#1279,.T.);
#1714=ORIENTED_EDGE('',*,*,#1274,.F.);
#1715=ORIENTED_EDGE('',*,*,#1275,.F.);
#1716=ORIENTED_EDGE('',*,*,#1279,.F.);
#1717=ORIENTED_EDGE('',*,*,#1280,.T.);
#1718=ORIENTED_EDGE('',*,*,#1281,.T.);
#1719=ORIENTED_EDGE('',*,*,#1242,.T.);
#1720=ORIENTED_EDGE('',*,*,#1282,.T.);
#1721=ORIENTED_EDGE('',*,*,#1283,.T.);
#1722=ORIENTED_EDGE('',*,*,#1284,.T.);
#1723=ORIENTED_EDGE('',*,*,#1282,.F.);
#1724=ORIENTED_EDGE('',*,*,#1285,.T.);
#1725=ORIENTED_EDGE('',*,*,#1286,.T.);
#1726=ORIENTED_EDGE('',*,*,#1287,.T.);
#1727=ORIENTED_EDGE('',*,*,#1288,.T.);
#1728=ORIENTED_EDGE('',*,*,#1283,.F.);
#1729=ORIENTED_EDGE('',*,*,#1284,.F.);
#1730=ORIENTED_EDGE('',*,*,#1288,.F.);
#1731=ORIENTED_EDGE('',*,*,#1289,.T.);
#1732=ORIENTED_EDGE('',*,*,#1290,.T.);
#1733=ORIENTED_EDGE('',*,*,#1291,.T.);
#1734=ORIENTED_EDGE('',*,*,#1292,.T.);
#1735=ORIENTED_EDGE('',*,*,#1293,.T.);
#1736=ORIENTED_EDGE('',*,*,#1294,.T.);
#1737=ORIENTED_EDGE('',*,*,#1292,.F.);
#1738=ORIENTED_EDGE('',*,*,#1295,.F.);
#1739=ORIENTED_EDGE('',*,*,#1237,.F.);
#1740=ORIENTED_EDGE('',*,*,#1296,.F.);
#1741=ORIENTED_EDGE('',*,*,#1297,.F.);
#1742=ORIENTED_EDGE('',*,*,#1298,.F.);
#1743=ORIENTED_EDGE('',*,*,#1299,.F.);
#1744=ORIENTED_EDGE('',*,*,#1300,.F.);
#1745=ORIENTED_EDGE('',*,*,#1301,.F.);
#1746=ORIENTED_EDGE('',*,*,#1291,.F.);
#1747=ORIENTED_EDGE('',*,*,#1302,.F.);
#1748=ORIENTED_EDGE('',*,*,#1303,.F.);
#1749=ORIENTED_EDGE('',*,*,#1304,.T.);
#1750=ORIENTED_EDGE('',*,*,#1293,.F.);
#1751=ORIENTED_EDGE('',*,*,#1294,.F.);
#1752=ORIENTED_EDGE('',*,*,#1304,.F.);
#1753=ORIENTED_EDGE('',*,*,#1305,.F.);
#1754=ORIENTED_EDGE('',*,*,#1285,.F.);
#1755=ORIENTED_EDGE('',*,*,#1306,.F.);
#1756=ORIENTED_EDGE('',*,*,#1301,.T.);
#1757=ORIENTED_EDGE('',*,*,#1307,.T.);
#1758=ORIENTED_EDGE('',*,*,#1308,.T.);
#1759=ORIENTED_EDGE('',*,*,#1309,.T.);
#1760=ORIENTED_EDGE('',*,*,#1307,.F.);
#1761=ORIENTED_EDGE('',*,*,#1310,.F.);
#1762=ORIENTED_EDGE('',*,*,#1311,.F.);
#1763=ORIENTED_EDGE('',*,*,#1312,.T.);
#1764=ORIENTED_EDGE('',*,*,#1308,.F.);
#1765=ORIENTED_EDGE('',*,*,#1309,.F.);
#1766=ORIENTED_EDGE('',*,*,#1312,.F.);
#1767=ORIENTED_EDGE('',*,*,#1313,.F.);
#1768=ORIENTED_EDGE('',*,*,#1276,.F.);
#1769=ORIENTED_EDGE('',*,*,#1314,.F.);
#1770=ORIENTED_EDGE('',*,*,#1300,.T.);
#1771=ORIENTED_EDGE('',*,*,#1315,.T.);
#1772=ORIENTED_EDGE('',*,*,#1316,.T.);
#1773=ORIENTED_EDGE('',*,*,#1317,.T.);
#1774=ORIENTED_EDGE('',*,*,#1315,.F.);
#1775=ORIENTED_EDGE('',*,*,#1299,.T.);
#1776=ORIENTED_EDGE('',*,*,#1318,.F.);
#1777=ORIENTED_EDGE('',*,*,#1319,.F.);
#1778=ORIENTED_EDGE('',*,*,#1320,.T.);
#1779=ORIENTED_EDGE('',*,*,#1316,.F.);
#1780=ORIENTED_EDGE('',*,*,#1317,.F.);
#1781=ORIENTED_EDGE('',*,*,#1320,.F.);
#1782=ORIENTED_EDGE('',*,*,#1321,.F.);
#1783=ORIENTED_EDGE('',*,*,#1267,.F.);
#1784=ORIENTED_EDGE('',*,*,#1322,.F.);
#1785=ORIENTED_EDGE('',*,*,#1323,.T.);
#1786=ORIENTED_EDGE('',*,*,#1324,.T.);
#1787=ORIENTED_EDGE('',*,*,#1325,.T.);
#1788=ORIENTED_EDGE('',*,*,#1326,.T.);
#1789=ORIENTED_EDGE('',*,*,#1324,.F.);
#1790=ORIENTED_EDGE('',*,*,#1327,.T.);
#1791=ORIENTED_EDGE('',*,*,#1328,.F.);
#1792=ORIENTED_EDGE('',*,*,#1297,.T.);
#1793=ORIENTED_EDGE('',*,*,#1329,.T.);
#1794=ORIENTED_EDGE('',*,*,#1323,.F.);
#1795=ORIENTED_EDGE('',*,*,#1330,.T.);
#1796=ORIENTED_EDGE('',*,*,#1331,.F.);
#1797=ORIENTED_EDGE('',*,*,#1332,.F.);
#1798=ORIENTED_EDGE('',*,*,#1333,.F.);
#1799=ORIENTED_EDGE('',*,*,#1334,.F.);
#1800=ORIENTED_EDGE('',*,*,#1335,.F.);
#1801=ORIENTED_EDGE('',*,*,#1336,.F.);
#1802=ORIENTED_EDGE('',*,*,#1337,.F.);
#1803=ORIENTED_EDGE('',*,*,#1327,.F.);
#1804=ORIENTED_EDGE('',*,*,#1295,.T.);
#1805=ORIENTED_EDGE('',*,*,#1298,.T.);
#1806=ORIENTED_EDGE('',*,*,#1328,.T.);
#1807=ORIENTED_EDGE('',*,*,#1337,.T.);
#1808=ORIENTED_EDGE('',*,*,#1338,.T.);
#1809=ORIENTED_EDGE('',*,*,#1339,.F.);
#1810=ORIENTED_EDGE('',*,*,#1340,.F.);
#1811=ORIENTED_EDGE('',*,*,#1341,.F.);
#1812=ORIENTED_EDGE('',*,*,#1342,.T.);
#1813=ORIENTED_EDGE('',*,*,#1179,.T.);
#1814=ORIENTED_EDGE('',*,*,#1188,.T.);
#1815=ORIENTED_EDGE('',*,*,#1340,.T.);
#1816=ORIENTED_EDGE('',*,*,#1335,.T.);
#1817=ORIENTED_EDGE('',*,*,#1343,.T.);
#1818=ORIENTED_EDGE('',*,*,#1233,.T.);
#1819=ORIENTED_EDGE('',*,*,#1230,.T.);
#1820=ORIENTED_EDGE('',*,*,#1227,.T.);
#1821=ORIENTED_EDGE('',*,*,#1226,.T.);
#1822=ORIENTED_EDGE('',*,*,#1341,.T.);
#1823=ORIENTED_EDGE('',*,*,#1187,.T.);
#1824=ORIENTED_EDGE('',*,*,#1186,.T.);
#1825=ORIENTED_EDGE('',*,*,#1184,.T.);
#1826=ORIENTED_EDGE('',*,*,#1182,.T.);
#1827=ORIENTED_EDGE('',*,*,#1336,.T.);
#1828=ORIENTED_EDGE('',*,*,#1339,.T.);
#1829=ORIENTED_EDGE('',*,*,#1225,.T.);
#1830=ORIENTED_EDGE('',*,*,#1241,.T.);
#1831=ORIENTED_EDGE('',*,*,#1238,.T.);
#1832=ORIENTED_EDGE('',*,*,#1338,.F.);
#1833=ORIENTED_EDGE('',*,*,#1333,.T.);
#1834=ORIENTED_EDGE('',*,*,#1344,.T.);
#1835=ORIENTED_EDGE('',*,*,#1345,.T.);
#1836=ORIENTED_EDGE('',*,*,#1346,.T.);
#1837=ORIENTED_EDGE('',*,*,#1346,.F.);
#1838=ORIENTED_EDGE('',*,*,#1347,.T.);
#1839=ORIENTED_EDGE('',*,*,#1180,.T.);
#1840=ORIENTED_EDGE('',*,*,#1342,.F.);
#1841=ORIENTED_EDGE('',*,*,#1334,.T.);
#1842=ORIENTED_EDGE('',*,*,#1348,.F.);
#1843=ORIENTED_EDGE('',*,*,#1322,.T.);
#1844=ORIENTED_EDGE('',*,*,#1349,.F.);
#1845=ORIENTED_EDGE('',*,*,#1350,.F.);
#1846=ORIENTED_EDGE('',*,*,#1351,.F.);
#1847=ORIENTED_EDGE('',*,*,#1352,.F.);
#1848=ORIENTED_EDGE('',*,*,#1353,.F.);
#1849=ORIENTED_EDGE('',*,*,#1321,.T.);
#1850=ORIENTED_EDGE('',*,*,#1319,.T.);
#1851=ORIENTED_EDGE('',*,*,#1354,.F.);
#1852=ORIENTED_EDGE('',*,*,#1314,.T.);
#1853=ORIENTED_EDGE('',*,*,#1355,.F.);
#1854=ORIENTED_EDGE('',*,*,#1356,.F.);
#1855=ORIENTED_EDGE('',*,*,#1357,.F.);
#1856=ORIENTED_EDGE('',*,*,#1358,.F.);
#1857=ORIENTED_EDGE('',*,*,#1359,.F.);
#1858=ORIENTED_EDGE('',*,*,#1313,.T.);
#1859=ORIENTED_EDGE('',*,*,#1311,.T.);
#1860=ORIENTED_EDGE('',*,*,#1360,.F.);
#1861=ORIENTED_EDGE('',*,*,#1306,.T.);
#1862=ORIENTED_EDGE('',*,*,#1361,.F.);
#1863=ORIENTED_EDGE('',*,*,#1362,.F.);
#1864=ORIENTED_EDGE('',*,*,#1363,.F.);
#1865=ORIENTED_EDGE('',*,*,#1364,.F.);
#1866=ORIENTED_EDGE('',*,*,#1365,.F.);
#1867=ORIENTED_EDGE('',*,*,#1305,.T.);
#1868=ORIENTED_EDGE('',*,*,#1303,.T.);
#1869=ORIENTED_EDGE('',*,*,#1366,.F.);
#1870=ORIENTED_EDGE('',*,*,#1367,.T.);
#1871=ORIENTED_EDGE('',*,*,#1368,.T.);
#1872=ORIENTED_EDGE('',*,*,#1369,.T.);
#1873=ORIENTED_EDGE('',*,*,#1318,.T.);
#1874=ORIENTED_EDGE('',*,*,#1370,.T.);
#1875=ORIENTED_EDGE('',*,*,#1371,.T.);
#1876=ORIENTED_EDGE('',*,*,#1367,.F.);
#1877=ORIENTED_EDGE('',*,*,#1348,.T.);
#1878=ORIENTED_EDGE('',*,*,#1372,.F.);
#1879=ORIENTED_EDGE('',*,*,#1373,.T.);
#1880=ORIENTED_EDGE('',*,*,#1370,.F.);
#1881=ORIENTED_EDGE('',*,*,#1350,.T.);
#1882=ORIENTED_EDGE('',*,*,#1374,.F.);
#1883=ORIENTED_EDGE('',*,*,#1375,.F.);
#1884=ORIENTED_EDGE('',*,*,#1349,.T.);
#1885=ORIENTED_EDGE('',*,*,#1272,.F.);
#1886=ORIENTED_EDGE('',*,*,#1376,.T.);
#1887=ORIENTED_EDGE('',*,*,#1377,.T.);
#1888=ORIENTED_EDGE('',*,*,#1378,.F.);
#1889=ORIENTED_EDGE('',*,*,#1379,.T.);
#1890=ORIENTED_EDGE('',*,*,#1380,.T.);
#1891=ORIENTED_EDGE('',*,*,#1381,.T.);
#1892=ORIENTED_EDGE('',*,*,#1310,.T.);
#1893=ORIENTED_EDGE('',*,*,#1382,.T.);
#1894=ORIENTED_EDGE('',*,*,#1383,.T.);
#1895=ORIENTED_EDGE('',*,*,#1379,.F.);
#1896=ORIENTED_EDGE('',*,*,#1354,.T.);
#1897=ORIENTED_EDGE('',*,*,#1384,.F.);
#1898=ORIENTED_EDGE('',*,*,#1385,.T.);
#1899=ORIENTED_EDGE('',*,*,#1382,.F.);
#1900=ORIENTED_EDGE('',*,*,#1356,.T.);
#1901=ORIENTED_EDGE('',*,*,#1386,.F.);
#1902=ORIENTED_EDGE('',*,*,#1387,.F.);
#1903=ORIENTED_EDGE('',*,*,#1355,.T.);
#1904=ORIENTED_EDGE('',*,*,#1281,.F.);
#1905=ORIENTED_EDGE('',*,*,#1388,.T.);
#1906=ORIENTED_EDGE('',*,*,#1389,.T.);
#1907=ORIENTED_EDGE('',*,*,#1390,.F.);
#1908=ORIENTED_EDGE('',*,*,#1391,.T.);
#1909=ORIENTED_EDGE('',*,*,#1392,.T.);
#1910=ORIENTED_EDGE('',*,*,#1393,.T.);
#1911=ORIENTED_EDGE('',*,*,#1302,.T.);
#1912=ORIENTED_EDGE('',*,*,#1394,.T.);
#1913=ORIENTED_EDGE('',*,*,#1395,.T.);
#1914=ORIENTED_EDGE('',*,*,#1391,.F.);
#1915=ORIENTED_EDGE('',*,*,#1360,.T.);
#1916=ORIENTED_EDGE('',*,*,#1396,.F.);
#1917=ORIENTED_EDGE('',*,*,#1397,.T.);
#1918=ORIENTED_EDGE('',*,*,#1394,.F.);
#1919=ORIENTED_EDGE('',*,*,#1362,.T.);
#1920=ORIENTED_EDGE('',*,*,#1398,.F.);
#1921=ORIENTED_EDGE('',*,*,#1399,.F.);
#1922=ORIENTED_EDGE('',*,*,#1361,.T.);
#1923=ORIENTED_EDGE('',*,*,#1290,.F.);
#1924=ORIENTED_EDGE('',*,*,#1400,.T.);
#1925=ORIENTED_EDGE('',*,*,#1401,.T.);
#1926=ORIENTED_EDGE('',*,*,#1402,.F.);
#1927=ORIENTED_EDGE('',*,*,#1403,.T.);
#1928=ORIENTED_EDGE('',*,*,#1404,.F.);
#1929=ORIENTED_EDGE('',*,*,#1405,.F.);
#1930=ORIENTED_EDGE('',*,*,#1406,.F.);
#1931=ORIENTED_EDGE('',*,*,#1407,.F.);
#1932=ORIENTED_EDGE('',*,*,#1408,.F.);
#1933=ORIENTED_EDGE('',*,*,#1409,.F.);
#1934=ORIENTED_EDGE('',*,*,#1410,.F.);
#1935=ORIENTED_EDGE('',*,*,#1411,.F.);
#1936=ORIENTED_EDGE('',*,*,#1412,.F.);
#1937=ORIENTED_EDGE('',*,*,#1413,.T.);
#1938=ORIENTED_EDGE('',*,*,#1407,.T.);
#1939=ORIENTED_EDGE('',*,*,#1368,.F.);
#1940=ORIENTED_EDGE('',*,*,#1371,.F.);
#1941=ORIENTED_EDGE('',*,*,#1414,.T.);
#1942=ORIENTED_EDGE('',*,*,#1271,.F.);
#1943=ORIENTED_EDGE('',*,*,#1269,.F.);
#1944=ORIENTED_EDGE('',*,*,#1408,.T.);
#1945=ORIENTED_EDGE('',*,*,#1413,.F.);
#1946=ORIENTED_EDGE('',*,*,#1415,.F.);
#1947=ORIENTED_EDGE('',*,*,#1246,.F.);
#1948=ORIENTED_EDGE('',*,*,#1403,.F.);
#1949=ORIENTED_EDGE('',*,*,#1373,.F.);
#1950=ORIENTED_EDGE('',*,*,#1416,.F.);
#1951=ORIENTED_EDGE('',*,*,#1376,.F.);
#1952=ORIENTED_EDGE('',*,*,#1414,.F.);
#1953=ORIENTED_EDGE('',*,*,#1417,.F.);
#1954=ORIENTED_EDGE('',*,*,#1418,.F.);
#1955=ORIENTED_EDGE('',*,*,#1419,.F.);
#1956=ORIENTED_EDGE('',*,*,#1415,.T.);
#1957=ORIENTED_EDGE('',*,*,#1412,.T.);
#1958=ORIENTED_EDGE('',*,*,#1420,.F.);
#1959=ORIENTED_EDGE('',*,*,#1421,.T.);
#1960=ORIENTED_EDGE('',*,*,#1422,.F.);
#1961=ORIENTED_EDGE('',*,*,#1423,.F.);
#1962=ORIENTED_EDGE('',*,*,#1424,.F.);
#1963=ORIENTED_EDGE('',*,*,#1425,.F.);
#1964=ORIENTED_EDGE('',*,*,#1426,.F.);
#1965=ORIENTED_EDGE('',*,*,#1427,.F.);
#1966=ORIENTED_EDGE('',*,*,#1428,.F.);
#1967=ORIENTED_EDGE('',*,*,#1429,.F.);
#1968=ORIENTED_EDGE('',*,*,#1430,.F.);
#1969=ORIENTED_EDGE('',*,*,#1431,.T.);
#1970=ORIENTED_EDGE('',*,*,#1425,.T.);
#1971=ORIENTED_EDGE('',*,*,#1380,.F.);
#1972=ORIENTED_EDGE('',*,*,#1383,.F.);
#1973=ORIENTED_EDGE('',*,*,#1432,.T.);
#1974=ORIENTED_EDGE('',*,*,#1280,.F.);
#1975=ORIENTED_EDGE('',*,*,#1278,.F.);
#1976=ORIENTED_EDGE('',*,*,#1426,.T.);
#1977=ORIENTED_EDGE('',*,*,#1431,.F.);
#1978=ORIENTED_EDGE('',*,*,#1433,.F.);
#1979=ORIENTED_EDGE('',*,*,#1253,.F.);
#1980=ORIENTED_EDGE('',*,*,#1421,.F.);
#1981=ORIENTED_EDGE('',*,*,#1385,.F.);
#1982=ORIENTED_EDGE('',*,*,#1434,.F.);
#1983=ORIENTED_EDGE('',*,*,#1388,.F.);
#1984=ORIENTED_EDGE('',*,*,#1432,.F.);
#1985=ORIENTED_EDGE('',*,*,#1435,.F.);
#1986=ORIENTED_EDGE('',*,*,#1436,.F.);
#1987=ORIENTED_EDGE('',*,*,#1437,.F.);
#1988=ORIENTED_EDGE('',*,*,#1433,.T.);
#1989=ORIENTED_EDGE('',*,*,#1430,.T.);
#1990=ORIENTED_EDGE('',*,*,#1438,.F.);
#1991=ORIENTED_EDGE('',*,*,#1439,.T.);
#1992=ORIENTED_EDGE('',*,*,#1440,.F.);
#1993=ORIENTED_EDGE('',*,*,#1441,.F.);
#1994=ORIENTED_EDGE('',*,*,#1442,.F.);
#1995=ORIENTED_EDGE('',*,*,#1443,.F.);
#1996=ORIENTED_EDGE('',*,*,#1444,.F.);
#1997=ORIENTED_EDGE('',*,*,#1445,.F.);
#1998=ORIENTED_EDGE('',*,*,#1446,.F.);
#1999=ORIENTED_EDGE('',*,*,#1447,.F.);
#2000=ORIENTED_EDGE('',*,*,#1448,.F.);
#2001=ORIENTED_EDGE('',*,*,#1449,.T.);
#2002=ORIENTED_EDGE('',*,*,#1443,.T.);
#2003=ORIENTED_EDGE('',*,*,#1392,.F.);
#2004=ORIENTED_EDGE('',*,*,#1395,.F.);
#2005=ORIENTED_EDGE('',*,*,#1450,.T.);
#2006=ORIENTED_EDGE('',*,*,#1289,.F.);
#2007=ORIENTED_EDGE('',*,*,#1287,.F.);
#2008=ORIENTED_EDGE('',*,*,#1444,.T.);
#2009=ORIENTED_EDGE('',*,*,#1449,.F.);
#2010=ORIENTED_EDGE('',*,*,#1451,.F.);
#2011=ORIENTED_EDGE('',*,*,#1260,.F.);
#2012=ORIENTED_EDGE('',*,*,#1439,.F.);
#2013=ORIENTED_EDGE('',*,*,#1397,.F.);
#2014=ORIENTED_EDGE('',*,*,#1452,.F.);
#2015=ORIENTED_EDGE('',*,*,#1400,.F.);
#2016=ORIENTED_EDGE('',*,*,#1450,.F.);
#2017=ORIENTED_EDGE('',*,*,#1453,.F.);
#2018=ORIENTED_EDGE('',*,*,#1454,.F.);
#2019=ORIENTED_EDGE('',*,*,#1455,.F.);
#2020=ORIENTED_EDGE('',*,*,#1451,.T.);
#2021=ORIENTED_EDGE('',*,*,#1448,.T.);
#2022=ORIENTED_EDGE('',*,*,#1456,.F.);
#2023=ORIENTED_EDGE('',*,*,#1457,.T.);
#2024=ORIENTED_EDGE('',*,*,#1191,.T.);
#2025=ORIENTED_EDGE('',*,*,#1458,.T.);
#2026=ORIENTED_EDGE('',*,*,#1411,.T.);
#2027=ORIENTED_EDGE('',*,*,#1459,.T.);
#2028=ORIENTED_EDGE('',*,*,#1192,.T.);
#2029=ORIENTED_EDGE('',*,*,#1457,.F.);
#2030=ORIENTED_EDGE('',*,*,#1402,.T.);
#2031=ORIENTED_EDGE('',*,*,#1460,.F.);
#2032=ORIENTED_EDGE('',*,*,#1461,.T.);
#2033=ORIENTED_EDGE('',*,*,#1459,.F.);
#2034=ORIENTED_EDGE('',*,*,#1404,.T.);
#2035=ORIENTED_EDGE('',*,*,#1249,.F.);
#2036=ORIENTED_EDGE('',*,*,#1462,.T.);
#2037=ORIENTED_EDGE('',*,*,#1463,.T.);
#2038=ORIENTED_EDGE('',*,*,#1351,.T.);
#2039=ORIENTED_EDGE('',*,*,#1369,.F.);
#2040=ORIENTED_EDGE('',*,*,#1406,.T.);
#2041=ORIENTED_EDGE('',*,*,#1464,.F.);
#2042=ORIENTED_EDGE('',*,*,#1410,.T.);
#2043=ORIENTED_EDGE('',*,*,#1465,.F.);
#2044=ORIENTED_EDGE('',*,*,#1466,.F.);
#2045=ORIENTED_EDGE('',*,*,#1405,.T.);
#2046=ORIENTED_EDGE('',*,*,#1467,.F.);
#2047=ORIENTED_EDGE('',*,*,#1468,.F.);
#2048=ORIENTED_EDGE('',*,*,#1416,.T.);
#2049=ORIENTED_EDGE('',*,*,#1469,.F.);
#2050=ORIENTED_EDGE('',*,*,#1470,.F.);
#2051=ORIENTED_EDGE('',*,*,#1353,.T.);
#2052=ORIENTED_EDGE('',*,*,#1471,.T.);
#2053=ORIENTED_EDGE('',*,*,#1409,.T.);
#2054=ORIENTED_EDGE('',*,*,#1268,.F.);
#2055=ORIENTED_EDGE('',*,*,#1472,.F.);
#2056=ORIENTED_EDGE('',*,*,#1473,.T.);
#2057=ORIENTED_EDGE('',*,*,#1202,.T.);
#2058=ORIENTED_EDGE('',*,*,#1474,.T.);
#2059=ORIENTED_EDGE('',*,*,#1429,.T.);
#2060=ORIENTED_EDGE('',*,*,#1475,.T.);
#2061=ORIENTED_EDGE('',*,*,#1203,.T.);
#2062=ORIENTED_EDGE('',*,*,#1473,.F.);
#2063=ORIENTED_EDGE('',*,*,#1420,.T.);
#2064=ORIENTED_EDGE('',*,*,#1476,.F.);
#2065=ORIENTED_EDGE('',*,*,#1477,.T.);
#2066=ORIENTED_EDGE('',*,*,#1475,.F.);
#2067=ORIENTED_EDGE('',*,*,#1422,.T.);
#2068=ORIENTED_EDGE('',*,*,#1256,.F.);
#2069=ORIENTED_EDGE('',*,*,#1478,.T.);
#2070=ORIENTED_EDGE('',*,*,#1479,.T.);
#2071=ORIENTED_EDGE('',*,*,#1357,.T.);
#2072=ORIENTED_EDGE('',*,*,#1381,.F.);
#2073=ORIENTED_EDGE('',*,*,#1424,.T.);
#2074=ORIENTED_EDGE('',*,*,#1480,.F.);
#2075=ORIENTED_EDGE('',*,*,#1428,.T.);
#2076=ORIENTED_EDGE('',*,*,#1481,.F.);
#2077=ORIENTED_EDGE('',*,*,#1482,.F.);
#2078=ORIENTED_EDGE('',*,*,#1423,.T.);
#2079=ORIENTED_EDGE('',*,*,#1483,.F.);
#2080=ORIENTED_EDGE('',*,*,#1484,.F.);
#2081=ORIENTED_EDGE('',*,*,#1434,.T.);
#2082=ORIENTED_EDGE('',*,*,#1485,.F.);
#2083=ORIENTED_EDGE('',*,*,#1486,.F.);
#2084=ORIENTED_EDGE('',*,*,#1359,.T.);
#2085=ORIENTED_EDGE('',*,*,#1487,.T.);
#2086=ORIENTED_EDGE('',*,*,#1427,.T.);
#2087=ORIENTED_EDGE('',*,*,#1277,.F.);
#2088=ORIENTED_EDGE('',*,*,#1488,.F.);
#2089=ORIENTED_EDGE('',*,*,#1489,.T.);
#2090=ORIENTED_EDGE('',*,*,#1213,.T.);
#2091=ORIENTED_EDGE('',*,*,#1490,.T.);
#2092=ORIENTED_EDGE('',*,*,#1447,.T.);
#2093=ORIENTED_EDGE('',*,*,#1491,.T.);
#2094=ORIENTED_EDGE('',*,*,#1214,.T.);
#2095=ORIENTED_EDGE('',*,*,#1489,.F.);
#2096=ORIENTED_EDGE('',*,*,#1438,.T.);
#2097=ORIENTED_EDGE('',*,*,#1492,.F.);
#2098=ORIENTED_EDGE('',*,*,#1493,.T.);
#2099=ORIENTED_EDGE('',*,*,#1491,.F.);
#2100=ORIENTED_EDGE('',*,*,#1440,.T.);
#2101=ORIENTED_EDGE('',*,*,#1263,.F.);
#2102=ORIENTED_EDGE('',*,*,#1494,.T.);
#2103=ORIENTED_EDGE('',*,*,#1495,.T.);
#2104=ORIENTED_EDGE('',*,*,#1363,.T.);
#2105=ORIENTED_EDGE('',*,*,#1393,.F.);
#2106=ORIENTED_EDGE('',*,*,#1442,.T.);
#2107=ORIENTED_EDGE('',*,*,#1496,.F.);
#2108=ORIENTED_EDGE('',*,*,#1446,.T.);
#2109=ORIENTED_EDGE('',*,*,#1497,.F.);
#2110=ORIENTED_EDGE('',*,*,#1498,.F.);
#2111=ORIENTED_EDGE('',*,*,#1441,.T.);
#2112=ORIENTED_EDGE('',*,*,#1499,.F.);
#2113=ORIENTED_EDGE('',*,*,#1500,.F.);
#2114=ORIENTED_EDGE('',*,*,#1452,.T.);
#2115=ORIENTED_EDGE('',*,*,#1501,.F.);
#2116=ORIENTED_EDGE('',*,*,#1502,.F.);
#2117=ORIENTED_EDGE('',*,*,#1365,.T.);
#2118=ORIENTED_EDGE('',*,*,#1503,.T.);
#2119=ORIENTED_EDGE('',*,*,#1445,.T.);
#2120=ORIENTED_EDGE('',*,*,#1286,.F.);
#2121=ORIENTED_EDGE('',*,*,#1504,.F.);
#2122=ORIENTED_EDGE('',*,*,#1190,.F.);
#2123=ORIENTED_EDGE('',*,*,#1196,.F.);
#2124=ORIENTED_EDGE('',*,*,#1505,.F.);
#2125=ORIENTED_EDGE('',*,*,#1506,.F.);
#2126=ORIENTED_EDGE('',*,*,#1461,.F.);
#2127=ORIENTED_EDGE('',*,*,#1507,.F.);
#2128=ORIENTED_EDGE('',*,*,#1462,.F.);
#2129=ORIENTED_EDGE('',*,*,#1193,.F.);
#2130=ORIENTED_EDGE('',*,*,#1508,.F.);
#2131=ORIENTED_EDGE('',*,*,#1201,.F.);
#2132=ORIENTED_EDGE('',*,*,#1207,.F.);
#2133=ORIENTED_EDGE('',*,*,#1509,.F.);
#2134=ORIENTED_EDGE('',*,*,#1510,.F.);
#2135=ORIENTED_EDGE('',*,*,#1477,.F.);
#2136=ORIENTED_EDGE('',*,*,#1511,.F.);
#2137=ORIENTED_EDGE('',*,*,#1478,.F.);
#2138=ORIENTED_EDGE('',*,*,#1204,.F.);
#2139=ORIENTED_EDGE('',*,*,#1512,.F.);
#2140=ORIENTED_EDGE('',*,*,#1212,.F.);
#2141=ORIENTED_EDGE('',*,*,#1218,.F.);
#2142=ORIENTED_EDGE('',*,*,#1513,.F.);
#2143=ORIENTED_EDGE('',*,*,#1514,.F.);
#2144=ORIENTED_EDGE('',*,*,#1493,.F.);
#2145=ORIENTED_EDGE('',*,*,#1515,.F.);
#2146=ORIENTED_EDGE('',*,*,#1494,.F.);
#2147=ORIENTED_EDGE('',*,*,#1215,.F.);
#2148=ORIENTED_EDGE('',*,*,#1417,.T.);
#2149=ORIENTED_EDGE('',*,*,#1458,.F.);
#2150=ORIENTED_EDGE('',*,*,#1504,.T.);
#2151=ORIENTED_EDGE('',*,*,#1516,.F.);
#2152=ORIENTED_EDGE('',*,*,#1506,.T.);
#2153=ORIENTED_EDGE('',*,*,#1517,.F.);
#2154=ORIENTED_EDGE('',*,*,#1518,.F.);
#2155=ORIENTED_EDGE('',*,*,#1419,.T.);
#2156=ORIENTED_EDGE('',*,*,#1519,.T.);
#2157=ORIENTED_EDGE('',*,*,#1505,.T.);
#2158=ORIENTED_EDGE('',*,*,#1247,.F.);
#2159=ORIENTED_EDGE('',*,*,#1435,.T.);
#2160=ORIENTED_EDGE('',*,*,#1474,.F.);
#2161=ORIENTED_EDGE('',*,*,#1508,.T.);
#2162=ORIENTED_EDGE('',*,*,#1520,.F.);
#2163=ORIENTED_EDGE('',*,*,#1510,.T.);
#2164=ORIENTED_EDGE('',*,*,#1521,.F.);
#2165=ORIENTED_EDGE('',*,*,#1522,.F.);
#2166=ORIENTED_EDGE('',*,*,#1437,.T.);
#2167=ORIENTED_EDGE('',*,*,#1523,.T.);
#2168=ORIENTED_EDGE('',*,*,#1509,.T.);
#2169=ORIENTED_EDGE('',*,*,#1254,.F.);
#2170=ORIENTED_EDGE('',*,*,#1453,.T.);
#2171=ORIENTED_EDGE('',*,*,#1490,.F.);
#2172=ORIENTED_EDGE('',*,*,#1512,.T.);
#2173=ORIENTED_EDGE('',*,*,#1524,.F.);
#2174=ORIENTED_EDGE('',*,*,#1514,.T.);
#2175=ORIENTED_EDGE('',*,*,#1525,.F.);
#2176=ORIENTED_EDGE('',*,*,#1526,.F.);
#2177=ORIENTED_EDGE('',*,*,#1455,.T.);
#2178=ORIENTED_EDGE('',*,*,#1527,.T.);
#2179=ORIENTED_EDGE('',*,*,#1513,.T.);
#2180=ORIENTED_EDGE('',*,*,#1261,.F.);
#2181=ORIENTED_EDGE('',*,*,#1418,.T.);
#2182=ORIENTED_EDGE('',*,*,#1528,.F.);
#2183=ORIENTED_EDGE('',*,*,#1529,.F.);
#2184=ORIENTED_EDGE('',*,*,#1352,.T.);
#2185=ORIENTED_EDGE('',*,*,#1530,.F.);
#2186=ORIENTED_EDGE('',*,*,#1531,.F.);
#2187=ORIENTED_EDGE('',*,*,#1507,.T.);
#2188=ORIENTED_EDGE('',*,*,#1532,.F.);
#2189=ORIENTED_EDGE('',*,*,#1533,.F.);
#2190=ORIENTED_EDGE('',*,*,#1436,.T.);
#2191=ORIENTED_EDGE('',*,*,#1534,.F.);
#2192=ORIENTED_EDGE('',*,*,#1535,.F.);
#2193=ORIENTED_EDGE('',*,*,#1358,.T.);
#2194=ORIENTED_EDGE('',*,*,#1536,.F.);
#2195=ORIENTED_EDGE('',*,*,#1537,.F.);
#2196=ORIENTED_EDGE('',*,*,#1511,.T.);
#2197=ORIENTED_EDGE('',*,*,#1538,.F.);
#2198=ORIENTED_EDGE('',*,*,#1539,.F.);
#2199=ORIENTED_EDGE('',*,*,#1454,.T.);
#2200=ORIENTED_EDGE('',*,*,#1540,.F.);
#2201=ORIENTED_EDGE('',*,*,#1541,.F.);
#2202=ORIENTED_EDGE('',*,*,#1364,.T.);
#2203=ORIENTED_EDGE('',*,*,#1542,.F.);
#2204=ORIENTED_EDGE('',*,*,#1543,.F.);
#2205=ORIENTED_EDGE('',*,*,#1515,.T.);
#2206=ORIENTED_EDGE('',*,*,#1544,.F.);
#2207=ORIENTED_EDGE('',*,*,#1545,.F.);
#2208=ORIENTED_EDGE('',*,*,#1530,.T.);
#2209=ORIENTED_EDGE('',*,*,#1464,.T.);
#2210=ORIENTED_EDGE('',*,*,#1466,.T.);
#2211=ORIENTED_EDGE('',*,*,#1465,.T.);
#2212=ORIENTED_EDGE('',*,*,#1471,.F.);
#2213=ORIENTED_EDGE('',*,*,#1531,.T.);
#2214=ORIENTED_EDGE('',*,*,#1470,.T.);
#2215=ORIENTED_EDGE('',*,*,#1374,.T.);
#2216=ORIENTED_EDGE('',*,*,#1377,.F.);
#2217=ORIENTED_EDGE('',*,*,#1375,.T.);
#2218=ORIENTED_EDGE('',*,*,#1469,.T.);
#2219=ORIENTED_EDGE('',*,*,#1372,.T.);
#2220=ORIENTED_EDGE('',*,*,#1528,.T.);
#2221=ORIENTED_EDGE('',*,*,#1516,.T.);
#2222=ORIENTED_EDGE('',*,*,#1518,.T.);
#2223=ORIENTED_EDGE('',*,*,#1517,.T.);
#2224=ORIENTED_EDGE('',*,*,#1519,.F.);
#2225=ORIENTED_EDGE('',*,*,#1529,.T.);
#2226=ORIENTED_EDGE('',*,*,#1533,.T.);
#2227=ORIENTED_EDGE('',*,*,#1467,.T.);
#2228=ORIENTED_EDGE('',*,*,#1463,.F.);
#2229=ORIENTED_EDGE('',*,*,#1468,.T.);
#2230=ORIENTED_EDGE('',*,*,#1532,.T.);
#2231=ORIENTED_EDGE('',*,*,#1460,.T.);
#2232=ORIENTED_EDGE('',*,*,#1536,.T.);
#2233=ORIENTED_EDGE('',*,*,#1480,.T.);
#2234=ORIENTED_EDGE('',*,*,#1482,.T.);
#2235=ORIENTED_EDGE('',*,*,#1481,.T.);
#2236=ORIENTED_EDGE('',*,*,#1487,.F.);
#2237=ORIENTED_EDGE('',*,*,#1537,.T.);
#2238=ORIENTED_EDGE('',*,*,#1486,.T.);
#2239=ORIENTED_EDGE('',*,*,#1386,.T.);
#2240=ORIENTED_EDGE('',*,*,#1389,.F.);
#2241=ORIENTED_EDGE('',*,*,#1387,.T.);
#2242=ORIENTED_EDGE('',*,*,#1485,.T.);
#2243=ORIENTED_EDGE('',*,*,#1384,.T.);
#2244=ORIENTED_EDGE('',*,*,#1534,.T.);
#2245=ORIENTED_EDGE('',*,*,#1520,.T.);
#2246=ORIENTED_EDGE('',*,*,#1522,.T.);
#2247=ORIENTED_EDGE('',*,*,#1521,.T.);
#2248=ORIENTED_EDGE('',*,*,#1523,.F.);
#2249=ORIENTED_EDGE('',*,*,#1535,.T.);
#2250=ORIENTED_EDGE('',*,*,#1539,.T.);
#2251=ORIENTED_EDGE('',*,*,#1483,.T.);
#2252=ORIENTED_EDGE('',*,*,#1479,.F.);
#2253=ORIENTED_EDGE('',*,*,#1484,.T.);
#2254=ORIENTED_EDGE('',*,*,#1538,.T.);
#2255=ORIENTED_EDGE('',*,*,#1476,.T.);
#2256=ORIENTED_EDGE('',*,*,#1542,.T.);
#2257=ORIENTED_EDGE('',*,*,#1496,.T.);
#2258=ORIENTED_EDGE('',*,*,#1498,.T.);
#2259=ORIENTED_EDGE('',*,*,#1497,.T.);
#2260=ORIENTED_EDGE('',*,*,#1503,.F.);
#2261=ORIENTED_EDGE('',*,*,#1543,.T.);
#2262=ORIENTED_EDGE('',*,*,#1502,.T.);
#2263=ORIENTED_EDGE('',*,*,#1398,.T.);
#2264=ORIENTED_EDGE('',*,*,#1401,.F.);
#2265=ORIENTED_EDGE('',*,*,#1399,.T.);
#2266=ORIENTED_EDGE('',*,*,#1501,.T.);
#2267=ORIENTED_EDGE('',*,*,#1396,.T.);
#2268=ORIENTED_EDGE('',*,*,#1540,.T.);
#2269=ORIENTED_EDGE('',*,*,#1524,.T.);
#2270=ORIENTED_EDGE('',*,*,#1526,.T.);
#2271=ORIENTED_EDGE('',*,*,#1525,.T.);
#2272=ORIENTED_EDGE('',*,*,#1527,.F.);
#2273=ORIENTED_EDGE('',*,*,#1541,.T.);
#2274=ORIENTED_EDGE('',*,*,#1545,.T.);
#2275=ORIENTED_EDGE('',*,*,#1499,.T.);
#2276=ORIENTED_EDGE('',*,*,#1495,.F.);
#2277=ORIENTED_EDGE('',*,*,#1500,.T.);
#2278=ORIENTED_EDGE('',*,*,#1544,.T.);
#2279=ORIENTED_EDGE('',*,*,#1492,.T.);
#2280=ORIENTED_EDGE('',*,*,#1546,.F.);
#2281=ORIENTED_EDGE('',*,*,#1547,.T.);
#2282=ORIENTED_EDGE('',*,*,#1243,.F.);
#2283=ORIENTED_EDGE('',*,*,#1547,.F.);
#2284=ORIENTED_EDGE('',*,*,#1548,.F.);
#2285=ORIENTED_EDGE('',*,*,#1549,.T.);
#2286=ORIENTED_EDGE('',*,*,#1244,.F.);
#2287=ORIENTED_EDGE('',*,*,#1549,.F.);
#2288=ORIENTED_EDGE('',*,*,#1550,.T.);
#2289=ORIENTED_EDGE('',*,*,#1551,.F.);
#2290=ORIENTED_EDGE('',*,*,#1552,.T.);
#2291=ORIENTED_EDGE('',*,*,#1234,.F.);
#2292=ORIENTED_EDGE('',*,*,#1343,.F.);
#2293=ORIENTED_EDGE('',*,*,#1181,.F.);
#2294=ORIENTED_EDGE('',*,*,#1347,.F.);
#2295=ORIENTED_EDGE('',*,*,#1345,.F.);
#2296=ORIENTED_EDGE('',*,*,#1552,.F.);
#2297=ORIENTED_EDGE('',*,*,#1553,.F.);
#2298=ORIENTED_EDGE('',*,*,#1554,.T.);
#2299=ORIENTED_EDGE('',*,*,#1235,.F.);
#2300=ORIENTED_EDGE('',*,*,#1554,.F.);
#2301=ORIENTED_EDGE('',*,*,#1555,.F.);
#2302=ORIENTED_EDGE('',*,*,#1556,.F.);
#2303=ORIENTED_EDGE('',*,*,#1325,.F.);
#2304=ORIENTED_EDGE('',*,*,#1329,.F.);
#2305=ORIENTED_EDGE('',*,*,#1296,.T.);
#2306=ORIENTED_EDGE('',*,*,#1236,.F.);
#2307=ORIENTED_EDGE('',*,*,#1326,.F.);
#2308=ORIENTED_EDGE('',*,*,#1556,.T.);
#2309=ORIENTED_EDGE('',*,*,#1557,.F.);
#2310=ORIENTED_EDGE('',*,*,#1330,.F.);
#2311=ORIENTED_EDGE('',*,*,#1344,.F.);
#2312=ORIENTED_EDGE('',*,*,#1332,.T.);
#2313=ORIENTED_EDGE('',*,*,#1558,.F.);
#2314=ORIENTED_EDGE('',*,*,#1550,.F.);
#2315=ORIENTED_EDGE('',*,*,#1558,.T.);
#2316=ORIENTED_EDGE('',*,*,#1331,.T.);
#2317=ORIENTED_EDGE('',*,*,#1557,.T.);
#2318=ORIENTED_EDGE('',*,*,#1555,.T.);
#2319=ORIENTED_EDGE('',*,*,#1553,.T.);
#2320=ORIENTED_EDGE('',*,*,#1551,.T.);
#2321=ORIENTED_EDGE('',*,*,#1366,.T.);
#2322=ORIENTED_EDGE('',*,*,#1548,.T.);
#2323=ORIENTED_EDGE('',*,*,#1390,.T.);
#2324=ORIENTED_EDGE('',*,*,#1378,.T.);
#2325=ORIENTED_EDGE('',*,*,#1472,.T.);
#2326=ORIENTED_EDGE('',*,*,#1546,.T.);
#2327=ORIENTED_EDGE('',*,*,#1456,.T.);
#2328=ORIENTED_EDGE('',*,*,#1488,.T.);
#2329=TOROIDAL_SURFACE('',#2507,3.5,0.5);
#2330=TOROIDAL_SURFACE('',#2525,3.5,0.5);
#2331=TOROIDAL_SURFACE('',#2537,3.5,0.5);
#2332=TOROIDAL_SURFACE('',#2549,3.5,0.5);
#2333=TOROIDAL_SURFACE('',#2574,3.5,0.5);
#2334=TOROIDAL_SURFACE('',#2582,3.5,0.5);
#2335=TOROIDAL_SURFACE('',#2590,3.5,0.5);
#2336=TOROIDAL_SURFACE('',#2600,3.5,0.5);
#2337=TOROIDAL_SURFACE('',#2610,3.5,0.5);
#2338=TOROIDAL_SURFACE('',#2620,3.5,0.5);
#2339=TOROIDAL_SURFACE('',#2634,3.5,0.5);
#2340=TOROIDAL_SURFACE('',#2643,3.5,0.5);
#2341=ADVANCED_FACE('',(#479),#2329,.T.);
#2342=ADVANCED_FACE('',(#480),#419,.T.);
#2343=ADVANCED_FACE('',(#481),#420,.T.);
#2344=ADVANCED_FACE('',(#482),#118,.F.);
#2345=ADVANCED_FACE('',(#483),#2330,.T.);
#2346=ADVANCED_FACE('',(#484),#119,.F.);
#2347=ADVANCED_FACE('',(#485),#2331,.T.);
#2348=ADVANCED_FACE('',(#486),#120,.F.);
#2349=ADVANCED_FACE('',(#487),#2332,.T.);
#2350=ADVANCED_FACE('',(#488),#421,.T.);
#2351=ADVANCED_FACE('',(#489,#19,#20,#21,#22),#422,.T.);
#2352=ADVANCED_FACE('',(#490),#121,.F.);
#2353=ADVANCED_FACE('',(#491),#2333,.T.);
#2354=ADVANCED_FACE('',(#492),#122,.F.);
#2355=ADVANCED_FACE('',(#493),#2334,.T.);
#2356=ADVANCED_FACE('',(#494),#123,.F.);
#2357=ADVANCED_FACE('',(#495),#2335,.T.);
#2358=ADVANCED_FACE('',(#496),#124,.F.);
#2359=ADVANCED_FACE('',(#497),#2336,.T.);
#2360=ADVANCED_FACE('',(#498),#125,.F.);
#2361=ADVANCED_FACE('',(#499),#2337,.T.);
#2362=ADVANCED_FACE('',(#500),#126,.F.);
#2363=ADVANCED_FACE('',(#501),#2338,.T.);
#2364=ADVANCED_FACE('',(#502,#23,#24),#423,.T.);
#2365=ADVANCED_FACE('',(#503),#127,.F.);
#2366=ADVANCED_FACE('',(#504),#2339,.T.);
#2367=ADVANCED_FACE('',(#505),#128,.F.);
#2368=ADVANCED_FACE('',(#506),#2340,.T.);
#2369=ADVANCED_FACE('',(#507),#129,.F.);
#2370=ADVANCED_FACE('',(#508),#130,.T.);
#2371=ADVANCED_FACE('',(#509),#424,.T.);
#2372=ADVANCED_FACE('',(#510),#425,.T.);
#2373=ADVANCED_FACE('',(#511),#131,.T.);
#2374=ADVANCED_FACE('',(#512),#15,.T.);
#2375=ADVANCED_FACE('',(#513),#132,.T.);
#2376=ADVANCED_FACE('',(#514),#133,.T.);
#2377=ADVANCED_FACE('',(#515),#134,.T.);
#2378=ADVANCED_FACE('',(#516),#135,.T.);
#2379=ADVANCED_FACE('',(#517),#426,.T.);
#2380=ADVANCED_FACE('',(#518),#427,.T.);
#2381=ADVANCED_FACE('',(#519),#428,.T.);
#2382=ADVANCED_FACE('',(#520),#429,.T.);
#2383=ADVANCED_FACE('',(#521),#430,.T.);
#2384=ADVANCED_FACE('',(#522),#431,.T.);
#2385=ADVANCED_FACE('',(#523),#432,.T.);
#2386=ADVANCED_FACE('',(#524),#136,.F.);
#2387=ADVANCED_FACE('',(#525),#433,.F.);
#2388=ADVANCED_FACE('',(#526),#137,.F.);
#2389=ADVANCED_FACE('',(#527),#434,.T.);
#2390=ADVANCED_FACE('',(#528),#138,.F.);
#2391=ADVANCED_FACE('',(#529),#435,.F.);
#2392=ADVANCED_FACE('',(#530),#139,.F.);
#2393=ADVANCED_FACE('',(#531),#436,.T.);
#2394=ADVANCED_FACE('',(#532),#140,.F.);
#2395=ADVANCED_FACE('',(#533),#437,.F.);
#2396=ADVANCED_FACE('',(#534),#141,.F.);
#2397=ADVANCED_FACE('',(#535),#438,.T.);
#2398=ADVANCED_FACE('',(#536),#439,.T.);
#2399=ADVANCED_FACE('',(#537),#440,.F.);
#2400=ADVANCED_FACE('',(#538),#142,.F.);
#2401=ADVANCED_FACE('',(#539),#441,.F.);
#2402=ADVANCED_FACE('',(#540),#442,.T.);
#2403=ADVANCED_FACE('',(#541),#443,.T.);
#2404=ADVANCED_FACE('',(#542),#444,.F.);
#2405=ADVANCED_FACE('',(#543),#143,.F.);
#2406=ADVANCED_FACE('',(#544),#445,.F.);
#2407=ADVANCED_FACE('',(#545),#446,.T.);
#2408=ADVANCED_FACE('',(#546),#447,.T.);
#2409=ADVANCED_FACE('',(#547),#448,.F.);
#2410=ADVANCED_FACE('',(#548),#144,.F.);
#2411=ADVANCED_FACE('',(#549),#449,.F.);
#2412=ADVANCED_FACE('',(#550),#450,.T.);
#2413=ADVANCED_FACE('',(#551),#145,.F.);
#2414=ADVANCED_FACE('',(#552),#451,.F.);
#2415=ADVANCED_FACE('',(#553),#452,.T.);
#2416=ADVANCED_FACE('',(#554),#453,.F.);
#2417=ADVANCED_FACE('',(#555),#146,.F.);
#2418=ADVANCED_FACE('',(#556),#147,.F.);
#2419=ADVANCED_FACE('',(#557),#148,.F.);
#2420=ADVANCED_FACE('',(#558),#454,.T.);
#2421=ADVANCED_FACE('',(#559),#149,.F.);
#2422=ADVANCED_FACE('',(#560),#455,.F.);
#2423=ADVANCED_FACE('',(#561),#456,.T.);
#2424=ADVANCED_FACE('',(#562),#457,.F.);
#2425=ADVANCED_FACE('',(#563),#150,.F.);
#2426=ADVANCED_FACE('',(#564),#151,.F.);
#2427=ADVANCED_FACE('',(#565),#152,.F.);
#2428=ADVANCED_FACE('',(#566),#458,.T.);
#2429=ADVANCED_FACE('',(#567),#153,.F.);
#2430=ADVANCED_FACE('',(#568),#459,.F.);
#2431=ADVANCED_FACE('',(#569),#460,.T.);
#2432=ADVANCED_FACE('',(#570),#461,.F.);
#2433=ADVANCED_FACE('',(#571),#154,.F.);
#2434=ADVANCED_FACE('',(#572),#155,.F.);
#2435=ADVANCED_FACE('',(#573),#156,.F.);
#2436=ADVANCED_FACE('',(#574),#462,.T.);
#2437=ADVANCED_FACE('',(#575),#463,.F.);
#2438=ADVANCED_FACE('',(#576),#464,.F.);
#2439=ADVANCED_FACE('',(#577),#465,.F.);
#2440=ADVANCED_FACE('',(#578),#466,.F.);
#2441=ADVANCED_FACE('',(#579),#467,.F.);
#2442=ADVANCED_FACE('',(#580),#468,.F.);
#2443=ADVANCED_FACE('',(#581),#469,.F.);
#2444=ADVANCED_FACE('',(#582),#157,.F.);
#2445=ADVANCED_FACE('',(#583),#470,.T.);
#2446=ADVANCED_FACE('',(#584),#471,.F.);
#2447=ADVANCED_FACE('',(#585),#158,.F.);
#2448=ADVANCED_FACE('',(#586),#472,.T.);
#2449=ADVANCED_FACE('',(#587),#473,.F.);
#2450=ADVANCED_FACE('',(#588),#159,.F.);
#2451=ADVANCED_FACE('',(#589),#474,.T.);
#2452=ADVANCED_FACE('',(#590),#160,.F.);
#2453=ADVANCED_FACE('',(#591),#161,.F.);
#2454=ADVANCED_FACE('',(#592),#162,.F.);
#2455=ADVANCED_FACE('',(#593),#163,.F.);
#2456=ADVANCED_FACE('',(#594),#164,.F.);
#2457=ADVANCED_FACE('',(#595),#165,.F.);
#2458=ADVANCED_FACE('',(#596),#166,.F.);
#2459=ADVANCED_FACE('',(#597),#167,.F.);
#2460=ADVANCED_FACE('',(#598),#168,.F.);
#2461=ADVANCED_FACE('',(#599),#169,.F.);
#2462=ADVANCED_FACE('',(#600),#170,.F.);
#2463=ADVANCED_FACE('',(#601),#171,.F.);
#2464=ADVANCED_FACE('',(#602),#172,.F.);
#2465=ADVANCED_FACE('',(#603),#173,.F.);
#2466=ADVANCED_FACE('',(#604),#174,.F.);
#2467=ADVANCED_FACE('',(#605),#175,.F.);
#2468=ADVANCED_FACE('',(#606),#176,.F.);
#2469=ADVANCED_FACE('',(#607),#177,.F.);
#2470=ADVANCED_FACE('',(#608),#178,.F.);
#2471=ADVANCED_FACE('',(#609),#179,.F.);
#2472=ADVANCED_FACE('',(#610),#180,.F.);
#2473=ADVANCED_FACE('',(#611),#181,.F.);
#2474=ADVANCED_FACE('',(#612),#182,.F.);
#2475=ADVANCED_FACE('',(#613),#183,.F.);
#2476=ADVANCED_FACE('',(#614),#184,.F.);
#2477=ADVANCED_FACE('',(#615),#185,.F.);
#2478=ADVANCED_FACE('',(#616),#186,.F.);
#2479=ADVANCED_FACE('',(#617),#187,.F.);
#2480=ADVANCED_FACE('',(#618),#188,.F.);
#2481=ADVANCED_FACE('',(#619),#189,.F.);
#2482=ADVANCED_FACE('',(#620),#190,.F.);
#2483=ADVANCED_FACE('',(#621),#191,.F.);
#2484=ADVANCED_FACE('',(#622),#192,.F.);
#2485=ADVANCED_FACE('',(#623),#193,.F.);
#2486=ADVANCED_FACE('',(#624),#194,.F.);
#2487=ADVANCED_FACE('',(#625),#195,.T.);
#2488=ADVANCED_FACE('',(#626),#475,.T.);
#2489=ADVANCED_FACE('',(#627),#196,.T.);
#2490=ADVANCED_FACE('',(#628),#476,.T.);
#2491=ADVANCED_FACE('',(#629),#477,.T.);
#2492=ADVANCED_FACE('',(#630,#25,#26,#27,#28,#29,#30,#31,#32),#478,.F.);
#2493=CLOSED_SHELL('',(#2341,#2342,#2343,#2344,#2345,#2346,#2347,#2348,
#2349,#2350,#2351,#2352,#2353,#2354,#2355,#2356,#2357,#2358,#2359,#2360,
#2361,#2362,#2363,#2364,#2365,#2366,#2367,#2368,#2369,#2370,#2371,#2372,
#2373,#2374,#2375,#2376,#2377,#2378,#2379,#2380,#2381,#2382,#2383,#2384,
#2385,#2386,#2387,#2388,#2389,#2390,#2391,#2392,#2393,#2394,#2395,#2396,
#2397,#2398,#2399,#2400,#2401,#2402,#2403,#2404,#2405,#2406,#2407,#2408,
#2409,#2410,#2411,#2412,#2413,#2414,#2415,#2416,#2417,#2418,#2419,#2420,
#2421,#2422,#2423,#2424,#2425,#2426,#2427,#2428,#2429,#2430,#2431,#2432,
#2433,#2434,#2435,#2436,#2437,#2438,#2439,#2440,#2441,#2442,#2443,#2444,
#2445,#2446,#2447,#2448,#2449,#2450,#2451,#2452,#2453,#2454,#2455,#2456,
#2457,#2458,#2459,#2460,#2461,#2462,#2463,#2464,#2465,#2466,#2467,#2468,
#2469,#2470,#2471,#2472,#2473,#2474,#2475,#2476,#2477,#2478,#2479,#2480,
#2481,#2482,#2483,#2484,#2485,#2486,#2487,#2488,#2489,#2490,#2491,#2492));
#2494=DERIVED_UNIT_ELEMENT(#2496,1.);
#2495=DERIVED_UNIT_ELEMENT(#4642,-3.);
#2496=(
MASS_UNIT()
NAMED_UNIT(*)
SI_UNIT(.KILO.,.GRAM.)
);
#2497=DERIVED_UNIT((#2494,#2495));
#2498=MEASURE_REPRESENTATION_ITEM('density measure',
POSITIVE_RATIO_MEASURE(7850.),#2497);
#2499=PROPERTY_DEFINITION_REPRESENTATION(#2504,#2501);
#2500=PROPERTY_DEFINITION_REPRESENTATION(#2505,#2502);
#2501=REPRESENTATION('material name',(#2503),#4639);
#2502=REPRESENTATION('density',(#2498),#4639);
#2503=DESCRIPTIVE_REPRESENTATION_ITEM('Steel','Steel');
#2504=PROPERTY_DEFINITION('material property','material name',#4649);
#2505=PROPERTY_DEFINITION('material property','density of part',#4649);
#2506=AXIS2_PLACEMENT_3D('',#3889,#2930,#2931);
#2507=AXIS2_PLACEMENT_3D('',#3890,#2932,#2933);
#2508=AXIS2_PLACEMENT_3D('',#3893,#2934,#2935);
#2509=AXIS2_PLACEMENT_3D('',#3895,#2936,#2937);
#2510=AXIS2_PLACEMENT_3D('',#3897,#2938,#2939);
#2511=AXIS2_PLACEMENT_3D('',#3898,#2940,#2941);
#2512=AXIS2_PLACEMENT_3D('',#3899,#2942,#2943);
#2513=AXIS2_PLACEMENT_3D('',#3900,#2944,#2945);
#2514=AXIS2_PLACEMENT_3D('',#3909,#2950,#2951);
#2515=AXIS2_PLACEMENT_3D('',#3912,#2953,#2954);
#2516=AXIS2_PLACEMENT_3D('',#3914,#2956,#2957);
#2517=AXIS2_PLACEMENT_3D('',#3918,#2960,#2961);
#2518=AXIS2_PLACEMENT_3D('',#3922,#2963,#2964);
#2519=AXIS2_PLACEMENT_3D('',#3924,#2965,#2966);
#2520=AXIS2_PLACEMENT_3D('',#3926,#2967,#2968);
#2521=AXIS2_PLACEMENT_3D('',#3928,#2969,#2970);
#2522=AXIS2_PLACEMENT_3D('',#3930,#2971,#2972);
#2523=AXIS2_PLACEMENT_3D('',#3932,#2973,#2974);
#2524=AXIS2_PLACEMENT_3D('',#3933,#2975,#2976);
#2525=AXIS2_PLACEMENT_3D('',#3934,#2977,#2978);
#2526=AXIS2_PLACEMENT_3D('',#3936,#2979,#2980);
#2527=AXIS2_PLACEMENT_3D('',#3938,#2981,#2982);
#2528=AXIS2_PLACEMENT_3D('',#3939,#2983,#2984);
#2529=AXIS2_PLACEMENT_3D('',#3940,#2985,#2986);
#2530=AXIS2_PLACEMENT_3D('',#3944,#2988,#2989);
#2531=AXIS2_PLACEMENT_3D('',#3946,#2990,#2991);
#2532=AXIS2_PLACEMENT_3D('',#3948,#2992,#2993);
#2533=AXIS2_PLACEMENT_3D('',#3950,#2994,#2995);
#2534=AXIS2_PLACEMENT_3D('',#3952,#2996,#2997);
#2535=AXIS2_PLACEMENT_3D('',#3954,#2998,#2999);
#2536=AXIS2_PLACEMENT_3D('',#3955,#3000,#3001);
#2537=AXIS2_PLACEMENT_3D('',#3956,#3002,#3003);
#2538=AXIS2_PLACEMENT_3D('',#3958,#3004,#3005);
#2539=AXIS2_PLACEMENT_3D('',#3960,#3006,#3007);
#2540=AXIS2_PLACEMENT_3D('',#3961,#3008,#3009);
#2541=AXIS2_PLACEMENT_3D('',#3962,#3010,#3011);
#2542=AXIS2_PLACEMENT_3D('',#3966,#3013,#3014);
#2543=AXIS2_PLACEMENT_3D('',#3968,#3015,#3016);
#2544=AXIS2_PLACEMENT_3D('',#3970,#3017,#3018);
#2545=AXIS2_PLACEMENT_3D('',#3972,#3019,#3020);
#2546=AXIS2_PLACEMENT_3D('',#3974,#3021,#3022);
#2547=AXIS2_PLACEMENT_3D('',#3976,#3023,#3024);
#2548=AXIS2_PLACEMENT_3D('',#3977,#3025,#3026);
#2549=AXIS2_PLACEMENT_3D('',#3978,#3027,#3028);
#2550=AXIS2_PLACEMENT_3D('',#3981,#3029,#3030);
#2551=AXIS2_PLACEMENT_3D('',#3983,#3031,#3032);
#2552=AXIS2_PLACEMENT_3D('',#3985,#3033,#3034);
#2553=AXIS2_PLACEMENT_3D('',#3987,#3035,#3036);
#2554=AXIS2_PLACEMENT_3D('',#3988,#3037,#3038);
#2555=AXIS2_PLACEMENT_3D('',#3989,#3039,#3040);
#2556=AXIS2_PLACEMENT_3D('',#3990,#3041,#3042);
#2557=AXIS2_PLACEMENT_3D('',#3994,#3045,#3046);
#2558=AXIS2_PLACEMENT_3D('',#3998,#3048,#3049);
#2559=AXIS2_PLACEMENT_3D('',#3999,#3050,#3051);
#2560=AXIS2_PLACEMENT_3D('',#4003,#3053,#3054);
#2561=AXIS2_PLACEMENT_3D('',#4004,#3055,#3056);
#2562=AXIS2_PLACEMENT_3D('',#4008,#3058,#3059);
#2563=AXIS2_PLACEMENT_3D('',#4012,#3061,#3062);
#2564=AXIS2_PLACEMENT_3D('',#4018,#3065,#3066);
#2565=AXIS2_PLACEMENT_3D('',#4019,#3067,#3068);
#2566=AXIS2_PLACEMENT_3D('',#4022,#3070,#3071);
#2567=AXIS2_PLACEMENT_3D('',#4024,#3072,#3073);
#2568=AXIS2_PLACEMENT_3D('',#4026,#3074,#3075);
#2569=AXIS2_PLACEMENT_3D('',#4028,#3076,#3077);
#2570=AXIS2_PLACEMENT_3D('',#4029,#3078,#3079);
#2571=AXIS2_PLACEMENT_3D('',#4032,#3080,#3081);
#2572=AXIS2_PLACEMENT_3D('',#4033,#3082,#3083);
#2573=AXIS2_PLACEMENT_3D('',#4035,#3085,#3086);
#2574=AXIS2_PLACEMENT_3D('',#4036,#3087,#3088);
#2575=AXIS2_PLACEMENT_3D('',#4038,#3089,#3090);
#2576=AXIS2_PLACEMENT_3D('',#4040,#3091,#3092);
#2577=AXIS2_PLACEMENT_3D('',#4041,#3093,#3094);
#2578=AXIS2_PLACEMENT_3D('',#4042,#3095,#3096);
#2579=AXIS2_PLACEMENT_3D('',#4045,#3097,#3098);
#2580=AXIS2_PLACEMENT_3D('',#4046,#3099,#3100);
#2581=AXIS2_PLACEMENT_3D('',#4048,#3102,#3103);
#2582=AXIS2_PLACEMENT_3D('',#4049,#3104,#3105);
#2583=AXIS2_PLACEMENT_3D('',#4051,#3106,#3107);
#2584=AXIS2_PLACEMENT_3D('',#4053,#3108,#3109);
#2585=AXIS2_PLACEMENT_3D('',#4054,#3110,#3111);
#2586=AXIS2_PLACEMENT_3D('',#4055,#3112,#3113);
#2587=AXIS2_PLACEMENT_3D('',#4058,#3114,#3115);
#2588=AXIS2_PLACEMENT_3D('',#4059,#3116,#3117);
#2589=AXIS2_PLACEMENT_3D('',#4061,#3119,#3120);
#2590=AXIS2_PLACEMENT_3D('',#4062,#3121,#3122);
#2591=AXIS2_PLACEMENT_3D('',#4064,#3123,#3124);
#2592=AXIS2_PLACEMENT_3D('',#4066,#3125,#3126);
#2593=AXIS2_PLACEMENT_3D('',#4067,#3127,#3128);
#2594=AXIS2_PLACEMENT_3D('',#4068,#3129,#3130);
#2595=AXIS2_PLACEMENT_3D('',#4071,#3131,#3132);
#2596=AXIS2_PLACEMENT_3D('',#4073,#3133,#3134);
#2597=AXIS2_PLACEMENT_3D('',#4075,#3135,#3136);
#2598=AXIS2_PLACEMENT_3D('',#4078,#3138,#3139);
#2599=AXIS2_PLACEMENT_3D('',#4079,#3140,#3141);
#2600=AXIS2_PLACEMENT_3D('',#4080,#3142,#3143);
#2601=AXIS2_PLACEMENT_3D('',#4082,#3144,#3145);
#2602=AXIS2_PLACEMENT_3D('',#4084,#3146,#3147);
#2603=AXIS2_PLACEMENT_3D('',#4085,#3148,#3149);
#2604=AXIS2_PLACEMENT_3D('',#4086,#3150,#3151);
#2605=AXIS2_PLACEMENT_3D('',#4089,#3152,#3153);
#2606=AXIS2_PLACEMENT_3D('',#4091,#3154,#3155);
#2607=AXIS2_PLACEMENT_3D('',#4093,#3156,#3157);
#2608=AXIS2_PLACEMENT_3D('',#4096,#3159,#3160);
#2609=AXIS2_PLACEMENT_3D('',#4097,#3161,#3162);
#2610=AXIS2_PLACEMENT_3D('',#4098,#3163,#3164);
#2611=AXIS2_PLACEMENT_3D('',#4100,#3165,#3166);
#2612=AXIS2_PLACEMENT_3D('',#4102,#3167,#3168);
#2613=AXIS2_PLACEMENT_3D('',#4103,#3169,#3170);
#2614=AXIS2_PLACEMENT_3D('',#4104,#3171,#3172);
#2615=AXIS2_PLACEMENT_3D('',#4107,#3173,#3174);
#2616=AXIS2_PLACEMENT_3D('',#4109,#3175,#3176);
#2617=AXIS2_PLACEMENT_3D('',#4111,#3177,#3178);
#2618=AXIS2_PLACEMENT_3D('',#4114,#3180,#3181);
#2619=AXIS2_PLACEMENT_3D('',#4115,#3182,#3183);
#2620=AXIS2_PLACEMENT_3D('',#4116,#3184,#3185);
#2621=AXIS2_PLACEMENT_3D('',#4118,#3186,#3187);
#2622=AXIS2_PLACEMENT_3D('',#4120,#3188,#3189);
#2623=AXIS2_PLACEMENT_3D('',#4122,#3190,#3191);
#2624=AXIS2_PLACEMENT_3D('',#4123,#3192,#3193);
#2625=AXIS2_PLACEMENT_3D('',#4124,#3194,#3195);
#2626=AXIS2_PLACEMENT_3D('',#4133,#3200,#3201);
#2627=AXIS2_PLACEMENT_3D('',#4134,#3202,#3203);
#2628=AXIS2_PLACEMENT_3D('',#4136,#3204,#3205);
#2629=AXIS2_PLACEMENT_3D('',#4137,#3206,#3207);
#2630=AXIS2_PLACEMENT_3D('',#4140,#3208,#3209);
#2631=AXIS2_PLACEMENT_3D('',#4142,#3210,#3211);
#2632=AXIS2_PLACEMENT_3D('',#4144,#3213,#3214);
#2633=AXIS2_PLACEMENT_3D('',#4145,#3215,#3216);
#2634=AXIS2_PLACEMENT_3D('',#4146,#3217,#3218);
#2635=AXIS2_PLACEMENT_3D('',#4148,#3219,#3220);
#2636=AXIS2_PLACEMENT_3D('',#4150,#3221,#3222);
#2637=AXIS2_PLACEMENT_3D('',#4151,#3223,#3224);
#2638=AXIS2_PLACEMENT_3D('',#4152,#3225,#3226);
#2639=AXIS2_PLACEMENT_3D('',#4155,#3227,#3228);
#2640=AXIS2_PLACEMENT_3D('',#4157,#3229,#3230);
#2641=AXIS2_PLACEMENT_3D('',#4159,#3232,#3233);
#2642=AXIS2_PLACEMENT_3D('',#4160,#3234,#3235);
#2643=AXIS2_PLACEMENT_3D('',#4161,#3236,#3237);
#2644=AXIS2_PLACEMENT_3D('',#4163,#3238,#3239);
#2645=AXIS2_PLACEMENT_3D('',#4165,#3240,#3241);
#2646=AXIS2_PLACEMENT_3D('',#4166,#3242,#3243);
#2647=AXIS2_PLACEMENT_3D('',#4167,#3244,#3245);
#2648=AXIS2_PLACEMENT_3D('',#4170,#3246,#3247);
#2649=AXIS2_PLACEMENT_3D('',#4172,#3248,#3249);
#2650=AXIS2_PLACEMENT_3D('',#4174,#3251,#3252);
#2651=AXIS2_PLACEMENT_3D('',#4175,#3253,#3254);
#2652=AXIS2_PLACEMENT_3D('',#4176,#3255,#3256);
#2653=AXIS2_PLACEMENT_3D('',#4179,#3257,#3258);
#2654=AXIS2_PLACEMENT_3D('',#4190,#3261,#3262);
#2655=AXIS2_PLACEMENT_3D('',#4193,#3264,#3265);
#2656=AXIS2_PLACEMENT_3D('',#4194,#3266,#3267);
#2657=AXIS2_PLACEMENT_3D('',#4195,#3268,#3269);
#2658=AXIS2_PLACEMENT_3D('',#4203,#3273,#3274);
#2659=AXIS2_PLACEMENT_3D('',#4211,#3279,#3280);
#2660=AXIS2_PLACEMENT_3D('',#4212,#3281,#3282);
#2661=AXIS2_PLACEMENT_3D('',#4213,#3283,#3284);
#2662=AXIS2_PLACEMENT_3D('',#4214,#3285,#3286);
#2663=AXIS2_PLACEMENT_3D('',#4215,#3287,#3288);
#2664=AXIS2_PLACEMENT_3D('',#4216,#3289,#3290);
#2665=AXIS2_PLACEMENT_3D('',#4217,#3291,#3292);
#2666=AXIS2_PLACEMENT_3D('',#4218,#3293,#3294);
#2667=AXIS2_PLACEMENT_3D('',#4219,#3295,#3296);
#2668=AXIS2_PLACEMENT_3D('',#4230,#3297,#3298);
#2669=AXIS2_PLACEMENT_3D('',#4231,#3299,#3300);
#2670=AXIS2_PLACEMENT_3D('',#4242,#3303,#3304);
#2671=AXIS2_PLACEMENT_3D('',#4243,#3305,#3306);
#2672=AXIS2_PLACEMENT_3D('',#4244,#3307,#3308);
#2673=AXIS2_PLACEMENT_3D('',#4249,#3311,#3312);
#2674=AXIS2_PLACEMENT_3D('',#4250,#3313,#3314);
#2675=AXIS2_PLACEMENT_3D('',#4252,#3316,#3317);
#2676=AXIS2_PLACEMENT_3D('',#4254,#3319,#3320);
#2677=AXIS2_PLACEMENT_3D('',#4259,#3323,#3324);
#2678=AXIS2_PLACEMENT_3D('',#4260,#3325,#3326);
#2679=AXIS2_PLACEMENT_3D('',#4262,#3328,#3329);
#2680=AXIS2_PLACEMENT_3D('',#4264,#3331,#3332);
#2681=AXIS2_PLACEMENT_3D('',#4269,#3335,#3336);
#2682=AXIS2_PLACEMENT_3D('',#4270,#3337,#3338);
#2683=AXIS2_PLACEMENT_3D('',#4272,#3340,#3341);
#2684=AXIS2_PLACEMENT_3D('',#4274,#3343,#3344);
#2685=AXIS2_PLACEMENT_3D('',#4276,#3345,#3346);
#2686=AXIS2_PLACEMENT_3D('',#4280,#3348,#3349);
#2687=AXIS2_PLACEMENT_3D('',#4281,#3350,#3351);
#2688=AXIS2_PLACEMENT_3D('',#4283,#3352,#3353);
#2689=AXIS2_PLACEMENT_3D('',#4284,#3354,#3355);
#2690=AXIS2_PLACEMENT_3D('',#4285,#3356,#3357);
#2691=AXIS2_PLACEMENT_3D('',#4287,#3358,#3359);
#2692=AXIS2_PLACEMENT_3D('',#4289,#3361,#3362);
#2693=AXIS2_PLACEMENT_3D('',#4291,#3363,#3364);
#2694=AXIS2_PLACEMENT_3D('',#4292,#3365,#3366);
#2695=AXIS2_PLACEMENT_3D('',#4293,#3367,#3368);
#2696=AXIS2_PLACEMENT_3D('',#4296,#3370,#3371);
#2697=AXIS2_PLACEMENT_3D('',#4297,#3372,#3373);
#2698=AXIS2_PLACEMENT_3D('',#4299,#3374,#3375);
#2699=AXIS2_PLACEMENT_3D('',#4303,#3377,#3378);
#2700=AXIS2_PLACEMENT_3D('',#4304,#3379,#3380);
#2701=AXIS2_PLACEMENT_3D('',#4306,#3381,#3382);
#2702=AXIS2_PLACEMENT_3D('',#4307,#3383,#3384);
#2703=AXIS2_PLACEMENT_3D('',#4308,#3385,#3386);
#2704=AXIS2_PLACEMENT_3D('',#4310,#3387,#3388);
#2705=AXIS2_PLACEMENT_3D('',#4312,#3390,#3391);
#2706=AXIS2_PLACEMENT_3D('',#4314,#3392,#3393);
#2707=AXIS2_PLACEMENT_3D('',#4315,#3394,#3395);
#2708=AXIS2_PLACEMENT_3D('',#4316,#3396,#3397);
#2709=AXIS2_PLACEMENT_3D('',#4319,#3399,#3400);
#2710=AXIS2_PLACEMENT_3D('',#4320,#3401,#3402);
#2711=AXIS2_PLACEMENT_3D('',#4322,#3403,#3404);
#2712=AXIS2_PLACEMENT_3D('',#4326,#3406,#3407);
#2713=AXIS2_PLACEMENT_3D('',#4327,#3408,#3409);
#2714=AXIS2_PLACEMENT_3D('',#4329,#3410,#3411);
#2715=AXIS2_PLACEMENT_3D('',#4330,#3412,#3413);
#2716=AXIS2_PLACEMENT_3D('',#4331,#3414,#3415);
#2717=AXIS2_PLACEMENT_3D('',#4333,#3416,#3417);
#2718=AXIS2_PLACEMENT_3D('',#4335,#3419,#3420);
#2719=AXIS2_PLACEMENT_3D('',#4337,#3421,#3422);
#2720=AXIS2_PLACEMENT_3D('',#4338,#3423,#3424);
#2721=AXIS2_PLACEMENT_3D('',#4339,#3425,#3426);
#2722=AXIS2_PLACEMENT_3D('',#4342,#3428,#3429);
#2723=AXIS2_PLACEMENT_3D('',#4343,#3430,#3431);
#2724=AXIS2_PLACEMENT_3D('',#4347,#3433,#3434);
#2725=AXIS2_PLACEMENT_3D('',#4350,#3436,#3437);
#2726=AXIS2_PLACEMENT_3D('',#4351,#3438,#3439);
#2727=AXIS2_PLACEMENT_3D('',#4354,#3441,#3442);
#2728=AXIS2_PLACEMENT_3D('',#4355,#3443,#3444);
#2729=AXIS2_PLACEMENT_3D('',#4357,#3446,#3447);
#2730=AXIS2_PLACEMENT_3D('',#4358,#3448,#3449);
#2731=AXIS2_PLACEMENT_3D('',#4360,#3450,#3451);
#2732=AXIS2_PLACEMENT_3D('',#4362,#3452,#3453);
#2733=AXIS2_PLACEMENT_3D('',#4364,#3455,#3456);
#2734=AXIS2_PLACEMENT_3D('',#4365,#3457,#3458);
#2735=AXIS2_PLACEMENT_3D('',#4366,#3459,#3460);
#2736=AXIS2_PLACEMENT_3D('',#4367,#3461,#3462);
#2737=AXIS2_PLACEMENT_3D('',#4368,#3463,#3464);
#2738=AXIS2_PLACEMENT_3D('',#4370,#3466,#3467);
#2739=AXIS2_PLACEMENT_3D('',#4372,#3469,#3470);
#2740=AXIS2_PLACEMENT_3D('',#4376,#3472,#3473);
#2741=AXIS2_PLACEMENT_3D('',#4379,#3475,#3476);
#2742=AXIS2_PLACEMENT_3D('',#4380,#3477,#3478);
#2743=AXIS2_PLACEMENT_3D('',#4383,#3480,#3481);
#2744=AXIS2_PLACEMENT_3D('',#4384,#3482,#3483);
#2745=AXIS2_PLACEMENT_3D('',#4386,#3485,#3486);
#2746=AXIS2_PLACEMENT_3D('',#4387,#3487,#3488);
#2747=AXIS2_PLACEMENT_3D('',#4389,#3489,#3490);
#2748=AXIS2_PLACEMENT_3D('',#4391,#3491,#3492);
#2749=AXIS2_PLACEMENT_3D('',#4393,#3494,#3495);
#2750=AXIS2_PLACEMENT_3D('',#4394,#3496,#3497);
#2751=AXIS2_PLACEMENT_3D('',#4395,#3498,#3499);
#2752=AXIS2_PLACEMENT_3D('',#4396,#3500,#3501);
#2753=AXIS2_PLACEMENT_3D('',#4397,#3502,#3503);
#2754=AXIS2_PLACEMENT_3D('',#4399,#3505,#3506);
#2755=AXIS2_PLACEMENT_3D('',#4401,#3508,#3509);
#2756=AXIS2_PLACEMENT_3D('',#4405,#3511,#3512);
#2757=AXIS2_PLACEMENT_3D('',#4408,#3514,#3515);
#2758=AXIS2_PLACEMENT_3D('',#4409,#3516,#3517);
#2759=AXIS2_PLACEMENT_3D('',#4412,#3519,#3520);
#2760=AXIS2_PLACEMENT_3D('',#4413,#3521,#3522);
#2761=AXIS2_PLACEMENT_3D('',#4415,#3524,#3525);
#2762=AXIS2_PLACEMENT_3D('',#4416,#3526,#3527);
#2763=AXIS2_PLACEMENT_3D('',#4418,#3528,#3529);
#2764=AXIS2_PLACEMENT_3D('',#4420,#3530,#3531);
#2765=AXIS2_PLACEMENT_3D('',#4422,#3533,#3534);
#2766=AXIS2_PLACEMENT_3D('',#4423,#3535,#3536);
#2767=AXIS2_PLACEMENT_3D('',#4424,#3537,#3538);
#2768=AXIS2_PLACEMENT_3D('',#4425,#3539,#3540);
#2769=AXIS2_PLACEMENT_3D('',#4426,#3541,#3542);
#2770=AXIS2_PLACEMENT_3D('',#4428,#3544,#3545);
#2771=AXIS2_PLACEMENT_3D('',#4430,#3547,#3548);
#2772=AXIS2_PLACEMENT_3D('',#4432,#3549,#3550);
#2773=AXIS2_PLACEMENT_3D('',#4434,#3552,#3553);
#2774=AXIS2_PLACEMENT_3D('',#4435,#3554,#3555);
#2775=AXIS2_PLACEMENT_3D('',#4436,#3556,#3557);
#2776=AXIS2_PLACEMENT_3D('',#4438,#3558,#3559);
#2777=AXIS2_PLACEMENT_3D('',#4440,#3561,#3562);
#2778=AXIS2_PLACEMENT_3D('',#4443,#3564,#3565);
#2779=AXIS2_PLACEMENT_3D('',#4444,#3566,#3567);
#2780=AXIS2_PLACEMENT_3D('',#4445,#3568,#3569);
#2781=AXIS2_PLACEMENT_3D('',#4446,#3570,#3571);
#2782=AXIS2_PLACEMENT_3D('',#4448,#3572,#3573);
#2783=AXIS2_PLACEMENT_3D('',#4449,#3574,#3575);
#2784=AXIS2_PLACEMENT_3D('',#4450,#3576,#3577);
#2785=AXIS2_PLACEMENT_3D('',#4452,#3578,#3579);
#2786=AXIS2_PLACEMENT_3D('',#4453,#3580,#3581);
#2787=AXIS2_PLACEMENT_3D('',#4454,#3582,#3583);
#2788=AXIS2_PLACEMENT_3D('',#4455,#3584,#3585);
#2789=AXIS2_PLACEMENT_3D('',#4456,#3586,#3587);
#2790=AXIS2_PLACEMENT_3D('',#4457,#3588,#3589);
#2791=AXIS2_PLACEMENT_3D('',#4458,#3590,#3591);
#2792=AXIS2_PLACEMENT_3D('',#4459,#3592,#3593);
#2793=AXIS2_PLACEMENT_3D('',#4461,#3594,#3595);
#2794=AXIS2_PLACEMENT_3D('',#4463,#3597,#3598);
#2795=AXIS2_PLACEMENT_3D('',#4464,#3599,#3600);
#2796=AXIS2_PLACEMENT_3D('',#4465,#3601,#3602);
#2797=AXIS2_PLACEMENT_3D('',#4467,#3603,#3604);
#2798=AXIS2_PLACEMENT_3D('',#4469,#3606,#3607);
#2799=AXIS2_PLACEMENT_3D('',#4472,#3609,#3610);
#2800=AXIS2_PLACEMENT_3D('',#4473,#3611,#3612);
#2801=AXIS2_PLACEMENT_3D('',#4474,#3613,#3614);
#2802=AXIS2_PLACEMENT_3D('',#4475,#3615,#3616);
#2803=AXIS2_PLACEMENT_3D('',#4477,#3617,#3618);
#2804=AXIS2_PLACEMENT_3D('',#4478,#3619,#3620);
#2805=AXIS2_PLACEMENT_3D('',#4479,#3621,#3622);
#2806=AXIS2_PLACEMENT_3D('',#4481,#3623,#3624);
#2807=AXIS2_PLACEMENT_3D('',#4482,#3625,#3626);
#2808=AXIS2_PLACEMENT_3D('',#4483,#3627,#3628);
#2809=AXIS2_PLACEMENT_3D('',#4484,#3629,#3630);
#2810=AXIS2_PLACEMENT_3D('',#4485,#3631,#3632);
#2811=AXIS2_PLACEMENT_3D('',#4486,#3633,#3634);
#2812=AXIS2_PLACEMENT_3D('',#4487,#3635,#3636);
#2813=AXIS2_PLACEMENT_3D('',#4488,#3637,#3638);
#2814=AXIS2_PLACEMENT_3D('',#4490,#3639,#3640);
#2815=AXIS2_PLACEMENT_3D('',#4492,#3642,#3643);
#2816=AXIS2_PLACEMENT_3D('',#4493,#3644,#3645);
#2817=AXIS2_PLACEMENT_3D('',#4494,#3646,#3647);
#2818=AXIS2_PLACEMENT_3D('',#4496,#3648,#3649);
#2819=AXIS2_PLACEMENT_3D('',#4498,#3651,#3652);
#2820=AXIS2_PLACEMENT_3D('',#4501,#3654,#3655);
#2821=AXIS2_PLACEMENT_3D('',#4502,#3656,#3657);
#2822=AXIS2_PLACEMENT_3D('',#4503,#3658,#3659);
#2823=AXIS2_PLACEMENT_3D('',#4504,#3660,#3661);
#2824=AXIS2_PLACEMENT_3D('',#4506,#3662,#3663);
#2825=AXIS2_PLACEMENT_3D('',#4507,#3664,#3665);
#2826=AXIS2_PLACEMENT_3D('',#4508,#3666,#3667);
#2827=AXIS2_PLACEMENT_3D('',#4510,#3668,#3669);
#2828=AXIS2_PLACEMENT_3D('',#4511,#3670,#3671);
#2829=AXIS2_PLACEMENT_3D('',#4512,#3672,#3673);
#2830=AXIS2_PLACEMENT_3D('',#4513,#3674,#3675);
#2831=AXIS2_PLACEMENT_3D('',#4514,#3676,#3677);
#2832=AXIS2_PLACEMENT_3D('',#4515,#3678,#3679);
#2833=AXIS2_PLACEMENT_3D('',#4516,#3680,#3681);
#2834=AXIS2_PLACEMENT_3D('',#4517,#3682,#3683);
#2835=AXIS2_PLACEMENT_3D('',#4520,#3686,#3687);
#2836=AXIS2_PLACEMENT_3D('',#4521,#3688,#3689);
#2837=AXIS2_PLACEMENT_3D('',#4522,#3690,#3691);
#2838=AXIS2_PLACEMENT_3D('',#4523,#3692,#3693);
#2839=AXIS2_PLACEMENT_3D('',#4526,#3696,#3697);
#2840=AXIS2_PLACEMENT_3D('',#4527,#3698,#3699);
#2841=AXIS2_PLACEMENT_3D('',#4528,#3700,#3701);
#2842=AXIS2_PLACEMENT_3D('',#4529,#3702,#3703);
#2843=AXIS2_PLACEMENT_3D('',#4532,#3706,#3707);
#2844=AXIS2_PLACEMENT_3D('',#4533,#3708,#3709);
#2845=AXIS2_PLACEMENT_3D('',#4534,#3710,#3711);
#2846=AXIS2_PLACEMENT_3D('',#4535,#3712,#3713);
#2847=AXIS2_PLACEMENT_3D('',#4536,#3714,#3715);
#2848=AXIS2_PLACEMENT_3D('',#4537,#3716,#3717);
#2849=AXIS2_PLACEMENT_3D('',#4539,#3718,#3719);
#2850=AXIS2_PLACEMENT_3D('',#4540,#3720,#3721);
#2851=AXIS2_PLACEMENT_3D('',#4541,#3722,#3723);
#2852=AXIS2_PLACEMENT_3D('',#4542,#3724,#3725);
#2853=AXIS2_PLACEMENT_3D('',#4543,#3726,#3727);
#2854=AXIS2_PLACEMENT_3D('',#4544,#3728,#3729);
#2855=AXIS2_PLACEMENT_3D('',#4545,#3730,#3731);
#2856=AXIS2_PLACEMENT_3D('',#4547,#3732,#3733);
#2857=AXIS2_PLACEMENT_3D('',#4548,#3734,#3735);
#2858=AXIS2_PLACEMENT_3D('',#4549,#3736,#3737);
#2859=AXIS2_PLACEMENT_3D('',#4550,#3738,#3739);
#2860=AXIS2_PLACEMENT_3D('',#4551,#3740,#3741);
#2861=AXIS2_PLACEMENT_3D('',#4552,#3742,#3743);
#2862=AXIS2_PLACEMENT_3D('',#4553,#3744,#3745);
#2863=AXIS2_PLACEMENT_3D('',#4555,#3746,#3747);
#2864=AXIS2_PLACEMENT_3D('',#4556,#3748,#3749);
#2865=AXIS2_PLACEMENT_3D('',#4557,#3750,#3751);
#2866=AXIS2_PLACEMENT_3D('',#4558,#3752,#3753);
#2867=AXIS2_PLACEMENT_3D('',#4559,#3754,#3755);
#2868=AXIS2_PLACEMENT_3D('',#4560,#3756,#3757);
#2869=AXIS2_PLACEMENT_3D('',#4561,#3758,#3759);
#2870=AXIS2_PLACEMENT_3D('',#4562,#3760,#3761);
#2871=AXIS2_PLACEMENT_3D('',#4563,#3762,#3763);
#2872=AXIS2_PLACEMENT_3D('',#4564,#3764,#3765);
#2873=AXIS2_PLACEMENT_3D('',#4565,#3766,#3767);
#2874=AXIS2_PLACEMENT_3D('',#4566,#3768,#3769);
#2875=AXIS2_PLACEMENT_3D('',#4567,#3770,#3771);
#2876=AXIS2_PLACEMENT_3D('',#4568,#3772,#3773);
#2877=AXIS2_PLACEMENT_3D('',#4569,#3774,#3775);
#2878=AXIS2_PLACEMENT_3D('',#4570,#3776,#3777);
#2879=AXIS2_PLACEMENT_3D('',#4571,#3778,#3779);
#2880=AXIS2_PLACEMENT_3D('',#4572,#3780,#3781);
#2881=AXIS2_PLACEMENT_3D('',#4573,#3782,#3783);
#2882=AXIS2_PLACEMENT_3D('',#4574,#3784,#3785);
#2883=AXIS2_PLACEMENT_3D('',#4575,#3786,#3787);
#2884=AXIS2_PLACEMENT_3D('',#4576,#3788,#3789);
#2885=AXIS2_PLACEMENT_3D('',#4577,#3790,#3791);
#2886=AXIS2_PLACEMENT_3D('',#4578,#3792,#3793);
#2887=AXIS2_PLACEMENT_3D('',#4579,#3794,#3795);
#2888=AXIS2_PLACEMENT_3D('',#4580,#3796,#3797);
#2889=AXIS2_PLACEMENT_3D('',#4581,#3798,#3799);
#2890=AXIS2_PLACEMENT_3D('',#4582,#3800,#3801);
#2891=AXIS2_PLACEMENT_3D('',#4583,#3802,#3803);
#2892=AXIS2_PLACEMENT_3D('',#4584,#3804,#3805);
#2893=AXIS2_PLACEMENT_3D('',#4585,#3806,#3807);
#2894=AXIS2_PLACEMENT_3D('',#4586,#3808,#3809);
#2895=AXIS2_PLACEMENT_3D('',#4587,#3810,#3811);
#2896=AXIS2_PLACEMENT_3D('',#4588,#3812,#3813);
#2897=AXIS2_PLACEMENT_3D('',#4589,#3814,#3815);
#2898=AXIS2_PLACEMENT_3D('',#4590,#3816,#3817);
#2899=AXIS2_PLACEMENT_3D('',#4591,#3818,#3819);
#2900=AXIS2_PLACEMENT_3D('',#4592,#3820,#3821);
#2901=AXIS2_PLACEMENT_3D('',#4593,#3822,#3823);
#2902=AXIS2_PLACEMENT_3D('',#4594,#3824,#3825);
#2903=AXIS2_PLACEMENT_3D('',#4595,#3826,#3827);
#2904=AXIS2_PLACEMENT_3D('',#4596,#3828,#3829);
#2905=AXIS2_PLACEMENT_3D('',#4597,#3830,#3831);
#2906=AXIS2_PLACEMENT_3D('',#4598,#3832,#3833);
#2907=AXIS2_PLACEMENT_3D('',#4599,#3834,#3835);
#2908=AXIS2_PLACEMENT_3D('',#4600,#3836,#3837);
#2909=AXIS2_PLACEMENT_3D('',#4601,#3838,#3839);
#2910=AXIS2_PLACEMENT_3D('',#4602,#3840,#3841);
#2911=AXIS2_PLACEMENT_3D('',#4603,#3842,#3843);
#2912=AXIS2_PLACEMENT_3D('',#4604,#3844,#3845);
#2913=AXIS2_PLACEMENT_3D('',#4605,#3846,#3847);
#2914=AXIS2_PLACEMENT_3D('',#4606,#3848,#3849);
#2915=AXIS2_PLACEMENT_3D('',#4607,#3850,#3851);
#2916=AXIS2_PLACEMENT_3D('',#4608,#3852,#3853);
#2917=AXIS2_PLACEMENT_3D('',#4609,#3854,#3855);
#2918=AXIS2_PLACEMENT_3D('',#4610,#3856,#3857);
#2919=AXIS2_PLACEMENT_3D('',#4612,#3858,#3859);
#2920=AXIS2_PLACEMENT_3D('',#4614,#3861,#3862);
#2921=AXIS2_PLACEMENT_3D('',#4616,#3863,#3864);
#2922=AXIS2_PLACEMENT_3D('',#4618,#3866,#3867);
#2923=AXIS2_PLACEMENT_3D('',#4622,#3869,#3870);
#2924=AXIS2_PLACEMENT_3D('',#4624,#3872,#3873);
#2925=AXIS2_PLACEMENT_3D('',#4628,#3876,#3877);
#2926=AXIS2_PLACEMENT_3D('',#4630,#3878,#3879);
#2927=AXIS2_PLACEMENT_3D('',#4632,#3881,#3882);
#2928=AXIS2_PLACEMENT_3D('',#4634,#3884,#3885);
#2929=AXIS2_PLACEMENT_3D('',#4636,#3887,#3888);
#2930=DIRECTION('axis',(0.,0.,1.));
#2931=DIRECTION('refdir',(1.,0.,0.));
#2932=DIRECTION('center_axis',(1.,0.,0.));
#2933=DIRECTION('ref_axis',(0.,0.,-1.));
#2934=DIRECTION('center_axis',(-1.,0.,0.));
#2935=DIRECTION('ref_axis',(0.,1.,0.));
#2936=DIRECTION('center_axis',(0.,-1.,0.));
#2937=DIRECTION('ref_axis',(0.,0.,1.));
#2938=DIRECTION('center_axis',(1.,0.,0.));
#2939=DIRECTION('ref_axis',(0.,1.,0.));
#2940=DIRECTION('center_axis',(1.,0.,0.));
#2941=DIRECTION('ref_axis',(0.,1.,0.));
#2942=DIRECTION('center_axis',(-1.,0.,0.));
#2943=DIRECTION('ref_axis',(0.,1.,0.));
#2944=DIRECTION('center_axis',(-1.,0.,0.));
#2945=DIRECTION('ref_axis',(0.,-1.,0.));
#2946=DIRECTION('',(0.,0.,1.));
#2947=DIRECTION('',(0.,1.,0.));
#2948=DIRECTION('',(0.,0.,1.));
#2949=DIRECTION('',(0.,-1.,0.));
#2950=DIRECTION('center_axis',(-1.,0.,0.));
#2951=DIRECTION('ref_axis',(0.,1.,0.));
#2952=DIRECTION('',(0.,-1.,0.));
#2953=DIRECTION('center_axis',(-1.,0.,0.));
#2954=DIRECTION('ref_axis',(0.,1.,0.));
#2955=DIRECTION('',(0.,-1.,0.));
#2956=DIRECTION('center_axis',(-1.,0.,0.));
#2957=DIRECTION('ref_axis',(0.,-1.,0.));
#2958=DIRECTION('',(0.,-1.,0.));
#2959=DIRECTION('',(0.,0.,1.));
#2960=DIRECTION('center_axis',(1.,0.,0.));
#2961=DIRECTION('ref_axis',(0.,1.,0.));
#2962=DIRECTION('',(1.,0.,0.));
#2963=DIRECTION('center_axis',(1.,0.,0.));
#2964=DIRECTION('ref_axis',(0.,1.,0.));
#2965=DIRECTION('center_axis',(-0.707106781186548,0.,0.707106781186547));
#2966=DIRECTION('ref_axis',(0.707106781186547,0.,0.707106781186548));
#2967=DIRECTION('center_axis',(-0.707106781186548,0.,0.707106781186547));
#2968=DIRECTION('ref_axis',(0.707106781186547,0.,0.707106781186548));
#2969=DIRECTION('center_axis',(1.,0.,0.));
#2970=DIRECTION('ref_axis',(0.,1.,0.));
#2971=DIRECTION('center_axis',(-0.707106781186548,0.,-0.707106781186547));
#2972=DIRECTION('ref_axis',(-0.707106781186547,0.,0.707106781186548));
#2973=DIRECTION('center_axis',(-0.707106781186548,0.,-0.707106781186547));
#2974=DIRECTION('ref_axis',(-0.707106781186547,0.,0.707106781186548));
#2975=DIRECTION('center_axis',(1.,0.,0.));
#2976=DIRECTION('ref_axis',(0.,1.,0.));
#2977=DIRECTION('center_axis',(1.,0.,0.));
#2978=DIRECTION('ref_axis',(0.,0.,-1.));
#2979=DIRECTION('center_axis',(0.,-1.,0.));
#2980=DIRECTION('ref_axis',(0.,0.,1.));
#2981=DIRECTION('center_axis',(1.,0.,0.));
#2982=DIRECTION('ref_axis',(0.,1.,0.));
#2983=DIRECTION('center_axis',(1.,0.,0.));
#2984=DIRECTION('ref_axis',(0.,1.,0.));
#2985=DIRECTION('center_axis',(1.,0.,0.));
#2986=DIRECTION('ref_axis',(0.,1.,0.));
#2987=DIRECTION('',(1.,0.,0.));
#2988=DIRECTION('center_axis',(1.,0.,0.));
#2989=DIRECTION('ref_axis',(0.,1.,0.));
#2990=DIRECTION('center_axis',(-0.707106781186547,0.,0.707106781186548));
#2991=DIRECTION('ref_axis',(0.707106781186548,0.,0.707106781186547));
#2992=DIRECTION('center_axis',(-0.707106781186547,0.,0.707106781186548));
#2993=DIRECTION('ref_axis',(0.707106781186548,0.,0.707106781186547));
#2994=DIRECTION('center_axis',(1.,0.,0.));
#2995=DIRECTION('ref_axis',(0.,1.,0.));
#2996=DIRECTION('center_axis',(-0.707106781186547,0.,-0.707106781186548));
#2997=DIRECTION('ref_axis',(-0.707106781186548,0.,0.707106781186547));
#2998=DIRECTION('center_axis',(-0.707106781186547,0.,-0.707106781186548));
#2999=DIRECTION('ref_axis',(-0.707106781186548,0.,0.707106781186547));
#3000=DIRECTION('center_axis',(1.,0.,0.));
#3001=DIRECTION('ref_axis',(0.,1.,0.));
#3002=DIRECTION('center_axis',(1.,0.,0.));
#3003=DIRECTION('ref_axis',(0.,0.,-1.));
#3004=DIRECTION('center_axis',(0.,-1.,0.));
#3005=DIRECTION('ref_axis',(0.,0.,1.));
#3006=DIRECTION('center_axis',(1.,0.,0.));
#3007=DIRECTION('ref_axis',(0.,1.,0.));
#3008=DIRECTION('center_axis',(1.,0.,0.));
#3009=DIRECTION('ref_axis',(0.,1.,0.));
#3010=DIRECTION('center_axis',(1.,0.,0.));
#3011=DIRECTION('ref_axis',(0.,1.,0.));
#3012=DIRECTION('',(1.,0.,0.));
#3013=DIRECTION('center_axis',(1.,0.,0.));
#3014=DIRECTION('ref_axis',(0.,1.,0.));
#3015=DIRECTION('center_axis',(-0.707106781186548,0.,0.707106781186547));
#3016=DIRECTION('ref_axis',(0.707106781186547,0.,0.707106781186548));
#3017=DIRECTION('center_axis',(-0.707106781186548,0.,0.707106781186547));
#3018=DIRECTION('ref_axis',(0.707106781186547,0.,0.707106781186548));
#3019=DIRECTION('center_axis',(1.,0.,0.));
#3020=DIRECTION('ref_axis',(0.,1.,0.));
#3021=DIRECTION('center_axis',(-0.707106781186548,0.,-0.707106781186547));
#3022=DIRECTION('ref_axis',(-0.707106781186547,0.,0.707106781186548));
#3023=DIRECTION('center_axis',(-0.707106781186548,0.,-0.707106781186547));
#3024=DIRECTION('ref_axis',(-0.707106781186547,0.,0.707106781186548));
#3025=DIRECTION('center_axis',(1.,0.,0.));
#3026=DIRECTION('ref_axis',(0.,1.,0.));
#3027=DIRECTION('center_axis',(0.,0.,-1.));
#3028=DIRECTION('ref_axis',(-1.,0.,0.));
#3029=DIRECTION('center_axis',(0.,0.,1.));
#3030=DIRECTION('ref_axis',(1.,0.,0.));
#3031=DIRECTION('center_axis',(0.,0.,1.));
#3032=DIRECTION('ref_axis',(1.,0.,0.));
#3033=DIRECTION('center_axis',(0.,-1.,0.));
#3034=DIRECTION('ref_axis',(1.,0.,0.));
#3035=DIRECTION('center_axis',(0.,0.,-1.));
#3036=DIRECTION('ref_axis',(1.,0.,0.));
#3037=DIRECTION('center_axis',(0.,0.,-1.));
#3038=DIRECTION('ref_axis',(1.,0.,0.));
#3039=DIRECTION('center_axis',(0.,0.,1.));
#3040=DIRECTION('ref_axis',(1.,0.,0.));
#3041=DIRECTION('center_axis',(0.,0.,1.));
#3042=DIRECTION('ref_axis',(1.,0.,0.));
#3043=DIRECTION('',(1.,0.,0.));
#3044=DIRECTION('',(0.,1.,0.));
#3045=DIRECTION('center_axis',(0.,0.,1.));
#3046=DIRECTION('ref_axis',(1.,0.,0.));
#3047=DIRECTION('',(0.,1.,0.));
#3048=DIRECTION('center_axis',(0.,0.,1.));
#3049=DIRECTION('ref_axis',(1.,0.,0.));
#3050=DIRECTION('center_axis',(0.,0.,1.));
#3051=DIRECTION('ref_axis',(1.,0.,0.));
#3052=DIRECTION('',(0.,1.,0.));
#3053=DIRECTION('center_axis',(0.,0.,1.));
#3054=DIRECTION('ref_axis',(1.,0.,0.));
#3055=DIRECTION('center_axis',(0.,0.,1.));
#3056=DIRECTION('ref_axis',(1.,0.,0.));
#3057=DIRECTION('',(0.,1.,0.));
#3058=DIRECTION('center_axis',(0.,0.,1.));
#3059=DIRECTION('ref_axis',(-0.666666661699613,0.745355996942598,0.));
#3060=DIRECTION('',(1.,0.,0.));
#3061=DIRECTION('center_axis',(0.,0.,1.));
#3062=DIRECTION('ref_axis',(7.45058059692381E-8,-0.999999999999997,0.));
#3063=DIRECTION('',(0.,1.,0.));
#3064=DIRECTION('',(1.,0.,0.));
#3065=DIRECTION('center_axis',(0.,0.,1.));
#3066=DIRECTION('ref_axis',(1.,0.,0.));
#3067=DIRECTION('center_axis',(0.,0.,1.));
#3068=DIRECTION('ref_axis',(1.,0.,0.));
#3069=DIRECTION('',(1.,0.,0.));
#3070=DIRECTION('center_axis',(0.,0.,1.));
#3071=DIRECTION('ref_axis',(1.,0.,0.));
#3072=DIRECTION('center_axis',(0.,0.,-1.));
#3073=DIRECTION('ref_axis',(1.,0.,0.));
#3074=DIRECTION('center_axis',(0.,0.,-1.));
#3075=DIRECTION('ref_axis',(1.,0.,0.));
#3076=DIRECTION('center_axis',(0.,0.,1.));
#3077=DIRECTION('ref_axis',(1.,0.,0.));
#3078=DIRECTION('center_axis',(0.,0.,-1.));
#3079=DIRECTION('ref_axis',(1.,0.,0.));
#3080=DIRECTION('center_axis',(0.707106781186548,0.,-0.707106781186547));
#3081=DIRECTION('ref_axis',(0.707106781186547,0.,0.707106781186548));
#3082=DIRECTION('center_axis',(0.,0.,-1.));
#3083=DIRECTION('ref_axis',(1.,0.,0.));
#3084=DIRECTION('',(0.,0.,1.));
#3085=DIRECTION('center_axis',(0.,0.,-1.));
#3086=DIRECTION('ref_axis',(1.,0.,0.));
#3087=DIRECTION('center_axis',(0.,0.,-1.));
#3088=DIRECTION('ref_axis',(-1.,0.,0.));
#3089=DIRECTION('center_axis',(0.,-1.,0.));
#3090=DIRECTION('ref_axis',(1.,0.,0.));
#3091=DIRECTION('center_axis',(0.,0.,-1.));
#3092=DIRECTION('ref_axis',(1.,0.,0.));
#3093=DIRECTION('center_axis',(0.,0.,-1.));
#3094=DIRECTION('ref_axis',(1.,0.,0.));
#3095=DIRECTION('center_axis',(0.,0.,-1.));
#3096=DIRECTION('ref_axis',(1.,0.,0.));
#3097=DIRECTION('center_axis',(0.707106781186547,0.,-0.707106781186548));
#3098=DIRECTION('ref_axis',(0.707106781186548,0.,0.707106781186547));
#3099=DIRECTION('center_axis',(0.,0.,-1.));
#3100=DIRECTION('ref_axis',(1.,0.,0.));
#3101=DIRECTION('',(0.,0.,1.));
#3102=DIRECTION('center_axis',(0.,0.,-1.));
#3103=DIRECTION('ref_axis',(1.,0.,0.));
#3104=DIRECTION('center_axis',(0.,0.,-1.));
#3105=DIRECTION('ref_axis',(-1.,0.,0.));
#3106=DIRECTION('center_axis',(0.,-1.,0.));
#3107=DIRECTION('ref_axis',(1.,0.,0.));
#3108=DIRECTION('center_axis',(0.,0.,-1.));
#3109=DIRECTION('ref_axis',(1.,0.,0.));
#3110=DIRECTION('center_axis',(0.,0.,-1.));
#3111=DIRECTION('ref_axis',(1.,0.,0.));
#3112=DIRECTION('center_axis',(0.,0.,-1.));
#3113=DIRECTION('ref_axis',(1.,0.,0.));
#3114=DIRECTION('center_axis',(0.707106781186548,0.,-0.707106781186547));
#3115=DIRECTION('ref_axis',(0.707106781186547,0.,0.707106781186548));
#3116=DIRECTION('center_axis',(0.,0.,-1.));
#3117=DIRECTION('ref_axis',(1.,0.,0.));
#3118=DIRECTION('',(0.,0.,1.));
#3119=DIRECTION('center_axis',(0.,0.,-1.));
#3120=DIRECTION('ref_axis',(1.,0.,0.));
#3121=DIRECTION('center_axis',(0.,0.,-1.));
#3122=DIRECTION('ref_axis',(-1.,0.,0.));
#3123=DIRECTION('center_axis',(0.,-1.,0.));
#3124=DIRECTION('ref_axis',(1.,0.,0.));
#3125=DIRECTION('center_axis',(0.,0.,-1.));
#3126=DIRECTION('ref_axis',(1.,0.,0.));
#3127=DIRECTION('center_axis',(0.,0.,-1.));
#3128=DIRECTION('ref_axis',(1.,0.,0.));
#3129=DIRECTION('center_axis',(0.,0.,-1.));
#3130=DIRECTION('ref_axis',(1.,0.,0.));
#3131=DIRECTION('center_axis',(0.707106781186548,0.,-0.707106781186548));
#3132=DIRECTION('ref_axis',(0.707106781186547,0.,0.707106781186547));
#3133=DIRECTION('center_axis',(0.,0.,-1.));
#3134=DIRECTION('ref_axis',(1.,0.,0.));
#3135=DIRECTION('center_axis',(-0.707106781186548,0.,-0.707106781186548));
#3136=DIRECTION('ref_axis',(-0.707106781186547,0.,0.707106781186547));
#3137=DIRECTION('',(0.,0.,1.));
#3138=DIRECTION('center_axis',(-0.707106781186548,0.,-0.707106781186548));
#3139=DIRECTION('ref_axis',(-0.707106781186547,0.,0.707106781186547));
#3140=DIRECTION('center_axis',(0.,0.,-1.));
#3141=DIRECTION('ref_axis',(1.,0.,0.));
#3142=DIRECTION('center_axis',(0.,0.,-1.));
#3143=DIRECTION('ref_axis',(-1.,0.,0.));
#3144=DIRECTION('center_axis',(0.,-1.,0.));
#3145=DIRECTION('ref_axis',(1.,0.,0.));
#3146=DIRECTION('center_axis',(0.,0.,-1.));
#3147=DIRECTION('ref_axis',(1.,0.,0.));
#3148=DIRECTION('center_axis',(0.,0.,-1.));
#3149=DIRECTION('ref_axis',(1.,0.,0.));
#3150=DIRECTION('center_axis',(0.,0.,-1.));
#3151=DIRECTION('ref_axis',(1.,0.,0.));
#3152=DIRECTION('center_axis',(0.707106781186547,0.,-0.707106781186548));
#3153=DIRECTION('ref_axis',(0.707106781186548,0.,0.707106781186547));
#3154=DIRECTION('center_axis',(0.,0.,-1.));
#3155=DIRECTION('ref_axis',(1.,0.,0.));
#3156=DIRECTION('center_axis',(-0.707106781186547,0.,-0.707106781186548));
#3157=DIRECTION('ref_axis',(-0.707106781186548,0.,0.707106781186547));
#3158=DIRECTION('',(0.,0.,1.));
#3159=DIRECTION('center_axis',(-0.707106781186547,0.,-0.707106781186548));
#3160=DIRECTION('ref_axis',(-0.707106781186548,0.,0.707106781186547));
#3161=DIRECTION('center_axis',(0.,0.,-1.));
#3162=DIRECTION('ref_axis',(1.,0.,0.));
#3163=DIRECTION('center_axis',(0.,0.,-1.));
#3164=DIRECTION('ref_axis',(-1.,0.,0.));
#3165=DIRECTION('center_axis',(0.,-1.,0.));
#3166=DIRECTION('ref_axis',(1.,0.,0.));
#3167=DIRECTION('center_axis',(0.,0.,-1.));
#3168=DIRECTION('ref_axis',(1.,0.,0.));
#3169=DIRECTION('center_axis',(0.,0.,-1.));
#3170=DIRECTION('ref_axis',(1.,0.,0.));
#3171=DIRECTION('center_axis',(0.,0.,-1.));
#3172=DIRECTION('ref_axis',(1.,0.,0.));
#3173=DIRECTION('center_axis',(0.707106781186548,0.,-0.707106781186548));
#3174=DIRECTION('ref_axis',(0.707106781186547,0.,0.707106781186547));
#3175=DIRECTION('center_axis',(0.,0.,-1.));
#3176=DIRECTION('ref_axis',(1.,0.,0.));
#3177=DIRECTION('center_axis',(-0.707106781186548,0.,-0.707106781186548));
#3178=DIRECTION('ref_axis',(-0.707106781186547,0.,0.707106781186547));
#3179=DIRECTION('',(0.,0.,1.));
#3180=DIRECTION('center_axis',(-0.707106781186548,0.,-0.707106781186548));
#3181=DIRECTION('ref_axis',(-0.707106781186547,0.,0.707106781186547));
#3182=DIRECTION('center_axis',(0.,0.,-1.));
#3183=DIRECTION('ref_axis',(1.,0.,0.));
#3184=DIRECTION('center_axis',(-1.,0.,0.));
#3185=DIRECTION('ref_axis',(0.,0.,1.));
#3186=DIRECTION('center_axis',(1.,0.,0.));
#3187=DIRECTION('ref_axis',(0.,1.,0.));
#3188=DIRECTION('center_axis',(0.,-1.,0.));
#3189=DIRECTION('ref_axis',(0.,0.,-1.));
#3190=DIRECTION('center_axis',(-1.,0.,0.));
#3191=DIRECTION('ref_axis',(0.,1.,0.));
#3192=DIRECTION('center_axis',(-1.,0.,0.));
#3193=DIRECTION('ref_axis',(0.,1.,0.));
#3194=DIRECTION('center_axis',(1.,0.,0.));
#3195=DIRECTION('ref_axis',(0.,1.,0.));
#3196=DIRECTION('',(0.,0.,-1.));
#3197=DIRECTION('',(0.,0.,1.));
#3198=DIRECTION('',(0.,-1.,0.));
#3199=DIRECTION('',(0.,0.,-1.));
#3200=DIRECTION('center_axis',(1.,0.,0.));
#3201=DIRECTION('ref_axis',(0.,1.,0.));
#3202=DIRECTION('center_axis',(1.,0.,0.));
#3203=DIRECTION('ref_axis',(0.,1.,0.));
#3204=DIRECTION('center_axis',(1.,0.,0.));
#3205=DIRECTION('ref_axis',(0.,1.,0.));
#3206=DIRECTION('center_axis',(1.,0.,0.));
#3207=DIRECTION('ref_axis',(0.,1.,0.));
#3208=DIRECTION('center_axis',(0.707106781186548,0.,0.707106781186548));
#3209=DIRECTION('ref_axis',(-0.707106781186547,0.,0.707106781186547));
#3210=DIRECTION('center_axis',(1.,0.,0.));
#3211=DIRECTION('ref_axis',(0.,1.,0.));
#3212=DIRECTION('',(1.,0.,0.));
#3213=DIRECTION('center_axis',(1.,0.,0.));
#3214=DIRECTION('ref_axis',(0.,1.,0.));
#3215=DIRECTION('center_axis',(1.,0.,0.));
#3216=DIRECTION('ref_axis',(0.,1.,0.));
#3217=DIRECTION('center_axis',(-1.,0.,0.));
#3218=DIRECTION('ref_axis',(0.,0.,1.));
#3219=DIRECTION('center_axis',(0.,-1.,0.));
#3220=DIRECTION('ref_axis',(0.,0.,-1.));
#3221=DIRECTION('center_axis',(-1.,0.,0.));
#3222=DIRECTION('ref_axis',(0.,1.,0.));
#3223=DIRECTION('center_axis',(-1.,0.,0.));
#3224=DIRECTION('ref_axis',(0.,1.,0.));
#3225=DIRECTION('center_axis',(1.,0.,0.));
#3226=DIRECTION('ref_axis',(0.,1.,0.));
#3227=DIRECTION('center_axis',(0.707106781186547,0.,0.707106781186548));
#3228=DIRECTION('ref_axis',(-0.707106781186548,0.,0.707106781186547));
#3229=DIRECTION('center_axis',(1.,0.,0.));
#3230=DIRECTION('ref_axis',(0.,1.,0.));
#3231=DIRECTION('',(1.,0.,0.));
#3232=DIRECTION('center_axis',(1.,0.,0.));
#3233=DIRECTION('ref_axis',(0.,1.,0.));
#3234=DIRECTION('center_axis',(1.,0.,0.));
#3235=DIRECTION('ref_axis',(0.,1.,0.));
#3236=DIRECTION('center_axis',(-1.,0.,0.));
#3237=DIRECTION('ref_axis',(0.,0.,1.));
#3238=DIRECTION('center_axis',(0.,-1.,0.));
#3239=DIRECTION('ref_axis',(0.,0.,-1.));
#3240=DIRECTION('center_axis',(-1.,0.,0.));
#3241=DIRECTION('ref_axis',(0.,1.,0.));
#3242=DIRECTION('center_axis',(-1.,0.,0.));
#3243=DIRECTION('ref_axis',(0.,1.,0.));
#3244=DIRECTION('center_axis',(1.,0.,0.));
#3245=DIRECTION('ref_axis',(0.,1.,0.));
#3246=DIRECTION('center_axis',(0.707106781186548,0.,0.707106781186548));
#3247=DIRECTION('ref_axis',(-0.707106781186547,0.,0.707106781186547));
#3248=DIRECTION('center_axis',(1.,0.,0.));
#3249=DIRECTION('ref_axis',(0.,1.,0.));
#3250=DIRECTION('',(1.,0.,0.));
#3251=DIRECTION('center_axis',(1.,0.,0.));
#3252=DIRECTION('ref_axis',(0.,1.,0.));
#3253=DIRECTION('center_axis',(1.,0.,0.));
#3254=DIRECTION('ref_axis',(0.,1.,0.));
#3255=DIRECTION('center_axis',(-2.56205313375036E-16,1.,0.));
#3256=DIRECTION('ref_axis',(0.707106781186546,0.,0.707106781186549));
#3257=DIRECTION('center_axis',(0.,-1.,0.));
#3258=DIRECTION('ref_axis',(0.707106781186546,0.,0.707106781186549));
#3259=DIRECTION('',(2.56205313375036E-16,-1.,0.));
#3260=DIRECTION('',(-2.56205313375036E-16,1.,0.));
#3261=DIRECTION('center_axis',(0.,0.,1.));
#3262=DIRECTION('ref_axis',(1.,0.,0.));
#3263=DIRECTION('',(-1.,0.,0.));
#3264=DIRECTION('center_axis',(0.,0.,-1.));
#3265=DIRECTION('ref_axis',(0.707106781186551,0.707106781186544,0.));
#3266=DIRECTION('center_axis',(0.,0.,-1.));
#3267=DIRECTION('ref_axis',(7.45058059692381E-8,-0.999999999999997,0.));
#3268=DIRECTION('center_axis',(0.,1.,0.));
#3269=DIRECTION('ref_axis',(1.,0.,0.));
#3270=DIRECTION('',(0.,0.,-1.));
#3271=DIRECTION('',(1.,0.,0.));
#3272=DIRECTION('',(0.,0.,-1.));
#3273=DIRECTION('center_axis',(0.,-1.,0.));
#3274=DIRECTION('ref_axis',(-0.707106781186548,0.,0.707106781186547));
#3275=DIRECTION('',(-1.,0.,0.));
#3276=DIRECTION('',(0.,0.,-1.));
#3277=DIRECTION('',(-1.,0.,0.));
#3278=DIRECTION('',(0.,0.,1.));
#3279=DIRECTION('center_axis',(0.,0.,1.));
#3280=DIRECTION('ref_axis',(0.707106781186551,0.707106781186544,0.));
#3281=DIRECTION('center_axis',(0.707106781186548,0.,-0.707106781186548));
#3282=DIRECTION('ref_axis',(-0.707106781186547,0.,-0.707106781186547));
#3283=DIRECTION('center_axis',(-0.408248290463856,-0.816496580927732,0.408248290463857));
#3284=DIRECTION('ref_axis',(-0.577350269189631,0.577350269189616,0.577350269189631));
#3285=DIRECTION('center_axis',(-1.,0.,0.));
#3286=DIRECTION('ref_axis',(0.,1.,0.));
#3287=DIRECTION('center_axis',(0.,0.,1.));
#3288=DIRECTION('ref_axis',(-1.,0.,0.));
#3289=DIRECTION('center_axis',(8.88178419700125E-15,1.,0.));
#3290=DIRECTION('ref_axis',(0.,0.,1.));
#3291=DIRECTION('center_axis',(0.,0.,1.));
#3292=DIRECTION('ref_axis',(-0.707106781186555,0.70710678118654,0.));
#3293=DIRECTION('center_axis',(0.,0.,-1.));
#3294=DIRECTION('ref_axis',(-0.707106781186555,0.70710678118654,0.));
#3295=DIRECTION('center_axis',(0.,-1.,0.));
#3296=DIRECTION('ref_axis',(-0.707106781186547,0.,0.707106781186548));
#3297=DIRECTION('center_axis',(-1.,0.,0.));
#3298=DIRECTION('ref_axis',(0.,0.707106781186546,0.707106781186549));
#3299=DIRECTION('center_axis',(1.06752213906265E-17,-1.,0.));
#3300=DIRECTION('ref_axis',(-0.707106781186548,0.,0.707106781186547));
#3301=DIRECTION('',(1.06752213906265E-17,-1.,0.));
#3302=DIRECTION('',(-1.06752213906265E-17,1.,0.));
#3303=DIRECTION('center_axis',(0.,0.,1.));
#3304=DIRECTION('ref_axis',(1.,0.,0.));
#3305=DIRECTION('center_axis',(0.,0.,-1.));
#3306=DIRECTION('ref_axis',(-0.666666661699613,0.745355996942598,0.));
#3307=DIRECTION('center_axis',(1.,0.,0.));
#3308=DIRECTION('ref_axis',(0.,1.,0.));
#3309=DIRECTION('',(0.,-1.,0.));
#3310=DIRECTION('',(0.,1.,0.));
#3311=DIRECTION('center_axis',(1.,0.,0.));
#3312=DIRECTION('ref_axis',(0.,1.,0.));
#3313=DIRECTION('center_axis',(1.,0.,0.));
#3314=DIRECTION('ref_axis',(0.,1.,0.));
#3315=DIRECTION('',(0.,-1.,0.));
#3316=DIRECTION('center_axis',(1.,0.,0.));
#3317=DIRECTION('ref_axis',(0.,1.,0.));
#3318=DIRECTION('',(0.,1.,0.));
#3319=DIRECTION('center_axis',(1.,0.,0.));
#3320=DIRECTION('ref_axis',(0.,1.,0.));
#3321=DIRECTION('',(0.,-1.,0.));
#3322=DIRECTION('',(0.,1.,0.));
#3323=DIRECTION('center_axis',(1.,0.,0.));
#3324=DIRECTION('ref_axis',(0.,1.,0.));
#3325=DIRECTION('center_axis',(1.,0.,0.));
#3326=DIRECTION('ref_axis',(0.,1.,0.));
#3327=DIRECTION('',(0.,-1.,0.));
#3328=DIRECTION('center_axis',(1.,0.,0.));
#3329=DIRECTION('ref_axis',(0.,1.,0.));
#3330=DIRECTION('',(0.,1.,0.));
#3331=DIRECTION('center_axis',(1.,0.,0.));
#3332=DIRECTION('ref_axis',(0.,1.,0.));
#3333=DIRECTION('',(0.,-1.,0.));
#3334=DIRECTION('',(0.,1.,0.));
#3335=DIRECTION('center_axis',(1.,0.,0.));
#3336=DIRECTION('ref_axis',(0.,1.,0.));
#3337=DIRECTION('center_axis',(1.,0.,0.));
#3338=DIRECTION('ref_axis',(0.,1.,0.));
#3339=DIRECTION('',(0.,-1.,0.));
#3340=DIRECTION('center_axis',(1.,0.,0.));
#3341=DIRECTION('ref_axis',(0.,1.,0.));
#3342=DIRECTION('',(0.,1.,0.));
#3343=DIRECTION('center_axis',(0.,0.,-1.));
#3344=DIRECTION('ref_axis',(1.,0.,0.));
#3345=DIRECTION('center_axis',(0.,0.,1.));
#3346=DIRECTION('ref_axis',(1.,0.,0.));
#3347=DIRECTION('',(0.,0.,1.));
#3348=DIRECTION('center_axis',(-0.707106781186548,0.,0.707106781186548));
#3349=DIRECTION('ref_axis',(0.707106781186547,0.,0.707106781186547));
#3350=DIRECTION('center_axis',(0.,0.,1.));
#3351=DIRECTION('ref_axis',(1.,0.,0.));
#3352=DIRECTION('center_axis',(0.,0.,1.));
#3353=DIRECTION('ref_axis',(1.,0.,0.));
#3354=DIRECTION('center_axis',(-0.707106781186548,0.,0.707106781186548));
#3355=DIRECTION('ref_axis',(0.707106781186547,0.,0.707106781186547));
#3356=DIRECTION('center_axis',(0.,0.,1.));
#3357=DIRECTION('ref_axis',(1.,0.,0.));
#3358=DIRECTION('center_axis',(0.,0.,-1.));
#3359=DIRECTION('ref_axis',(1.,0.,0.));
#3360=DIRECTION('',(0.,1.,0.));
#3361=DIRECTION('center_axis',(1.,0.,0.));
#3362=DIRECTION('ref_axis',(0.,1.,0.));
#3363=DIRECTION('center_axis',(0.707106781186548,0.,-0.707106781186548));
#3364=DIRECTION('ref_axis',(0.707106781186547,0.,0.707106781186547));
#3365=DIRECTION('center_axis',(0.707106781186548,0.,0.707106781186548));
#3366=DIRECTION('ref_axis',(-0.707106781186547,0.,0.707106781186547));
#3367=DIRECTION('center_axis',(0.,0.,1.));
#3368=DIRECTION('ref_axis',(1.,0.,0.));
#3369=DIRECTION('',(0.,-1.,0.));
#3370=DIRECTION('center_axis',(0.,0.,-1.));
#3371=DIRECTION('ref_axis',(1.,0.,0.));
#3372=DIRECTION('center_axis',(0.,0.,-1.));
#3373=DIRECTION('ref_axis',(1.,0.,0.));
#3374=DIRECTION('center_axis',(0.,0.,1.));
#3375=DIRECTION('ref_axis',(1.,0.,0.));
#3376=DIRECTION('',(0.,0.,1.));
#3377=DIRECTION('center_axis',(-0.707106781186547,0.,0.707106781186548));
#3378=DIRECTION('ref_axis',(0.707106781186548,0.,0.707106781186547));
#3379=DIRECTION('center_axis',(0.,0.,1.));
#3380=DIRECTION('ref_axis',(1.,0.,0.));
#3381=DIRECTION('center_axis',(0.,0.,1.));
#3382=DIRECTION('ref_axis',(1.,0.,0.));
#3383=DIRECTION('center_axis',(-0.707106781186547,0.,0.707106781186548));
#3384=DIRECTION('ref_axis',(0.707106781186548,0.,0.707106781186547));
#3385=DIRECTION('center_axis',(0.,0.,1.));
#3386=DIRECTION('ref_axis',(1.,0.,0.));
#3387=DIRECTION('center_axis',(0.,0.,-1.));
#3388=DIRECTION('ref_axis',(1.,0.,0.));
#3389=DIRECTION('',(0.,1.,0.));
#3390=DIRECTION('center_axis',(1.,0.,0.));
#3391=DIRECTION('ref_axis',(0.,1.,0.));
#3392=DIRECTION('center_axis',(0.707106781186547,0.,-0.707106781186548));
#3393=DIRECTION('ref_axis',(0.707106781186548,0.,0.707106781186547));
#3394=DIRECTION('center_axis',(0.707106781186547,0.,0.707106781186548));
#3395=DIRECTION('ref_axis',(-0.707106781186548,0.,0.707106781186547));
#3396=DIRECTION('center_axis',(0.,0.,1.));
#3397=DIRECTION('ref_axis',(1.,0.,0.));
#3398=DIRECTION('',(0.,-1.,0.));
#3399=DIRECTION('center_axis',(0.,0.,-1.));
#3400=DIRECTION('ref_axis',(1.,0.,0.));
#3401=DIRECTION('center_axis',(0.,0.,-1.));
#3402=DIRECTION('ref_axis',(1.,0.,0.));
#3403=DIRECTION('center_axis',(0.,0.,1.));
#3404=DIRECTION('ref_axis',(1.,0.,0.));
#3405=DIRECTION('',(0.,0.,1.));
#3406=DIRECTION('center_axis',(-0.707106781186548,0.,0.707106781186548));
#3407=DIRECTION('ref_axis',(0.707106781186547,0.,0.707106781186547));
#3408=DIRECTION('center_axis',(0.,0.,1.));
#3409=DIRECTION('ref_axis',(1.,0.,0.));
#3410=DIRECTION('center_axis',(0.,0.,1.));
#3411=DIRECTION('ref_axis',(1.,0.,0.));
#3412=DIRECTION('center_axis',(-0.707106781186548,0.,0.707106781186548));
#3413=DIRECTION('ref_axis',(0.707106781186547,0.,0.707106781186547));
#3414=DIRECTION('center_axis',(0.,0.,1.));
#3415=DIRECTION('ref_axis',(1.,0.,0.));
#3416=DIRECTION('center_axis',(0.,0.,-1.));
#3417=DIRECTION('ref_axis',(1.,0.,0.));
#3418=DIRECTION('',(0.,1.,0.));
#3419=DIRECTION('center_axis',(1.,0.,0.));
#3420=DIRECTION('ref_axis',(0.,1.,0.));
#3421=DIRECTION('center_axis',(0.707106781186548,0.,-0.707106781186548));
#3422=DIRECTION('ref_axis',(0.707106781186547,0.,0.707106781186547));
#3423=DIRECTION('center_axis',(0.707106781186548,0.,0.707106781186548));
#3424=DIRECTION('ref_axis',(-0.707106781186547,0.,0.707106781186547));
#3425=DIRECTION('center_axis',(0.,0.,1.));
#3426=DIRECTION('ref_axis',(1.,0.,0.));
#3427=DIRECTION('',(0.,-1.,0.));
#3428=DIRECTION('center_axis',(0.,0.,-1.));
#3429=DIRECTION('ref_axis',(1.,0.,0.));
#3430=DIRECTION('center_axis',(1.,0.,0.));
#3431=DIRECTION('ref_axis',(0.,1.,0.));
#3432=DIRECTION('',(0.,-1.,0.));
#3433=DIRECTION('center_axis',(1.,0.,0.));
#3434=DIRECTION('ref_axis',(0.,1.,0.));
#3435=DIRECTION('',(0.,1.,0.));
#3436=DIRECTION('center_axis',(1.,0.,0.));
#3437=DIRECTION('ref_axis',(0.,1.,0.));
#3438=DIRECTION('center_axis',(1.,0.,0.));
#3439=DIRECTION('ref_axis',(0.,1.,0.));
#3440=DIRECTION('',(0.,1.,0.));
#3441=DIRECTION('center_axis',(1.,0.,0.));
#3442=DIRECTION('ref_axis',(0.,1.,0.));
#3443=DIRECTION('center_axis',(1.,0.,0.));
#3444=DIRECTION('ref_axis',(0.,1.,0.));
#3445=DIRECTION('',(0.,-1.,0.));
#3446=DIRECTION('center_axis',(-1.,0.,0.));
#3447=DIRECTION('ref_axis',(0.,1.,0.));
#3448=DIRECTION('center_axis',(1.,0.,0.));
#3449=DIRECTION('ref_axis',(0.,1.,0.));
#3450=DIRECTION('center_axis',(0.707106781186548,0.,0.707106781186547));
#3451=DIRECTION('ref_axis',(-0.707106781186547,0.,0.707106781186548));
#3452=DIRECTION('center_axis',(1.,0.,0.));
#3453=DIRECTION('ref_axis',(0.,1.,0.));
#3454=DIRECTION('',(1.,0.,0.));
#3455=DIRECTION('center_axis',(1.,0.,0.));
#3456=DIRECTION('ref_axis',(0.,1.,0.));
#3457=DIRECTION('center_axis',(1.,0.,0.));
#3458=DIRECTION('ref_axis',(0.,1.,0.));
#3459=DIRECTION('center_axis',(1.,0.,0.));
#3460=DIRECTION('ref_axis',(0.,1.,0.));
#3461=DIRECTION('center_axis',(-1.,0.,0.));
#3462=DIRECTION('ref_axis',(0.,1.,0.));
#3463=DIRECTION('center_axis',(1.,0.,0.));
#3464=DIRECTION('ref_axis',(0.,1.,0.));
#3465=DIRECTION('',(0.,-1.,0.));
#3466=DIRECTION('center_axis',(1.,0.,0.));
#3467=DIRECTION('ref_axis',(0.,1.,0.));
#3468=DIRECTION('',(0.,1.,0.));
#3469=DIRECTION('center_axis',(1.,0.,0.));
#3470=DIRECTION('ref_axis',(0.,1.,0.));
#3471=DIRECTION('',(0.,-1.,0.));
#3472=DIRECTION('center_axis',(1.,0.,0.));
#3473=DIRECTION('ref_axis',(0.,1.,0.));
#3474=DIRECTION('',(0.,1.,0.));
#3475=DIRECTION('center_axis',(1.,0.,0.));
#3476=DIRECTION('ref_axis',(0.,1.,0.));
#3477=DIRECTION('center_axis',(1.,0.,0.));
#3478=DIRECTION('ref_axis',(0.,1.,0.));
#3479=DIRECTION('',(0.,1.,0.));
#3480=DIRECTION('center_axis',(1.,0.,0.));
#3481=DIRECTION('ref_axis',(0.,1.,0.));
#3482=DIRECTION('center_axis',(1.,0.,0.));
#3483=DIRECTION('ref_axis',(0.,1.,0.));
#3484=DIRECTION('',(0.,-1.,0.));
#3485=DIRECTION('center_axis',(-1.,0.,0.));
#3486=DIRECTION('ref_axis',(0.,1.,0.));
#3487=DIRECTION('center_axis',(1.,0.,0.));
#3488=DIRECTION('ref_axis',(0.,1.,0.));
#3489=DIRECTION('center_axis',(0.707106781186547,0.,0.707106781186548));
#3490=DIRECTION('ref_axis',(-0.707106781186548,0.,0.707106781186547));
#3491=DIRECTION('center_axis',(1.,0.,0.));
#3492=DIRECTION('ref_axis',(0.,1.,0.));
#3493=DIRECTION('',(1.,0.,0.));
#3494=DIRECTION('center_axis',(1.,0.,0.));
#3495=DIRECTION('ref_axis',(0.,1.,0.));
#3496=DIRECTION('center_axis',(1.,0.,0.));
#3497=DIRECTION('ref_axis',(0.,1.,0.));
#3498=DIRECTION('center_axis',(1.,0.,0.));
#3499=DIRECTION('ref_axis',(0.,1.,0.));
#3500=DIRECTION('center_axis',(-1.,0.,0.));
#3501=DIRECTION('ref_axis',(0.,1.,0.));
#3502=DIRECTION('center_axis',(1.,0.,0.));
#3503=DIRECTION('ref_axis',(0.,1.,0.));
#3504=DIRECTION('',(0.,-1.,0.));
#3505=DIRECTION('center_axis',(1.,0.,0.));
#3506=DIRECTION('ref_axis',(0.,1.,0.));
#3507=DIRECTION('',(0.,1.,0.));
#3508=DIRECTION('center_axis',(1.,0.,0.));
#3509=DIRECTION('ref_axis',(0.,1.,0.));
#3510=DIRECTION('',(0.,-1.,0.));
#3511=DIRECTION('center_axis',(1.,0.,0.));
#3512=DIRECTION('ref_axis',(0.,1.,0.));
#3513=DIRECTION('',(0.,1.,0.));
#3514=DIRECTION('center_axis',(1.,0.,0.));
#3515=DIRECTION('ref_axis',(0.,1.,0.));
#3516=DIRECTION('center_axis',(1.,0.,0.));
#3517=DIRECTION('ref_axis',(0.,1.,0.));
#3518=DIRECTION('',(0.,1.,0.));
#3519=DIRECTION('center_axis',(1.,0.,0.));
#3520=DIRECTION('ref_axis',(0.,1.,0.));
#3521=DIRECTION('center_axis',(1.,0.,0.));
#3522=DIRECTION('ref_axis',(0.,1.,0.));
#3523=DIRECTION('',(0.,-1.,0.));
#3524=DIRECTION('center_axis',(-1.,0.,0.));
#3525=DIRECTION('ref_axis',(0.,1.,0.));
#3526=DIRECTION('center_axis',(1.,0.,0.));
#3527=DIRECTION('ref_axis',(0.,1.,0.));
#3528=DIRECTION('center_axis',(0.707106781186548,0.,0.707106781186547));
#3529=DIRECTION('ref_axis',(-0.707106781186547,0.,0.707106781186548));
#3530=DIRECTION('center_axis',(1.,0.,0.));
#3531=DIRECTION('ref_axis',(0.,1.,0.));
#3532=DIRECTION('',(1.,0.,0.));
#3533=DIRECTION('center_axis',(1.,0.,0.));
#3534=DIRECTION('ref_axis',(0.,1.,0.));
#3535=DIRECTION('center_axis',(1.,0.,0.));
#3536=DIRECTION('ref_axis',(0.,1.,0.));
#3537=DIRECTION('center_axis',(1.,0.,0.));
#3538=DIRECTION('ref_axis',(0.,1.,0.));
#3539=DIRECTION('center_axis',(-1.,0.,0.));
#3540=DIRECTION('ref_axis',(0.,1.,0.));
#3541=DIRECTION('center_axis',(1.,0.,0.));
#3542=DIRECTION('ref_axis',(0.,1.,0.));
#3543=DIRECTION('',(0.,-1.,0.));
#3544=DIRECTION('center_axis',(1.,0.,0.));
#3545=DIRECTION('ref_axis',(0.,1.,0.));
#3546=DIRECTION('',(0.,1.,0.));
#3547=DIRECTION('center_axis',(0.,0.,-1.));
#3548=DIRECTION('ref_axis',(1.,0.,0.));
#3549=DIRECTION('center_axis',(0.,0.,1.));
#3550=DIRECTION('ref_axis',(1.,0.,0.));
#3551=DIRECTION('',(0.,0.,1.));
#3552=DIRECTION('center_axis',(0.,0.,1.));
#3553=DIRECTION('ref_axis',(1.,0.,0.));
#3554=DIRECTION('center_axis',(0.,0.,1.));
#3555=DIRECTION('ref_axis',(1.,0.,0.));
#3556=DIRECTION('center_axis',(0.,0.,1.));
#3557=DIRECTION('ref_axis',(1.,0.,0.));
#3558=DIRECTION('center_axis',(0.,0.,-1.));
#3559=DIRECTION('ref_axis',(1.,0.,0.));
#3560=DIRECTION('',(0.,1.,0.));
#3561=DIRECTION('center_axis',(0.,0.,1.));
#3562=DIRECTION('ref_axis',(1.,0.,0.));
#3563=DIRECTION('',(0.,-1.,0.));
#3564=DIRECTION('center_axis',(0.,0.,-1.));
#3565=DIRECTION('ref_axis',(1.,0.,0.));
#3566=DIRECTION('center_axis',(0.,0.,1.));
#3567=DIRECTION('ref_axis',(1.,0.,0.));
#3568=DIRECTION('center_axis',(0.,0.,-1.));
#3569=DIRECTION('ref_axis',(1.,0.,0.));
#3570=DIRECTION('center_axis',(1.,0.,0.));
#3571=DIRECTION('ref_axis',(0.,-1.,1.22464679914735E-16));
#3572=DIRECTION('center_axis',(-0.707106781186548,0.,-0.707106781186548));
#3573=DIRECTION('ref_axis',(-0.707106781186547,0.,0.707106781186547));
#3574=DIRECTION('center_axis',(-0.707106781186548,0.,0.707106781186548));
#3575=DIRECTION('ref_axis',(0.707106781186547,0.,0.707106781186547));
#3576=DIRECTION('center_axis',(1.,0.,0.));
#3577=DIRECTION('ref_axis',(0.,1.,0.));
#3578=DIRECTION('center_axis',(0.707106781186548,0.,-0.707106781186548));
#3579=DIRECTION('ref_axis',(0.707106781186547,0.,0.707106781186547));
#3580=DIRECTION('center_axis',(0.707106781186548,0.,0.707106781186548));
#3581=DIRECTION('ref_axis',(-0.707106781186547,0.,0.707106781186547));
#3582=DIRECTION('center_axis',(1.,0.,0.));
#3583=DIRECTION('ref_axis',(0.,1.,0.));
#3584=DIRECTION('center_axis',(-0.707106781186548,0.,0.707106781186548));
#3585=DIRECTION('ref_axis',(0.707106781186547,0.,0.707106781186547));
#3586=DIRECTION('center_axis',(-0.707106781186548,0.,-0.707106781186548));
#3587=DIRECTION('ref_axis',(-0.707106781186547,0.,0.707106781186547));
#3588=DIRECTION('center_axis',(0.,0.,1.));
#3589=DIRECTION('ref_axis',(1.,0.,0.));
#3590=DIRECTION('center_axis',(0.,0.,-1.));
#3591=DIRECTION('ref_axis',(1.,0.,0.));
#3592=DIRECTION('center_axis',(0.,0.,-1.));
#3593=DIRECTION('ref_axis',(1.,0.,0.));
#3594=DIRECTION('center_axis',(0.,0.,1.));
#3595=DIRECTION('ref_axis',(1.,0.,0.));
#3596=DIRECTION('',(0.,0.,1.));
#3597=DIRECTION('center_axis',(0.,0.,1.));
#3598=DIRECTION('ref_axis',(1.,0.,0.));
#3599=DIRECTION('center_axis',(0.,0.,1.));
#3600=DIRECTION('ref_axis',(1.,0.,0.));
#3601=DIRECTION('center_axis',(0.,0.,1.));
#3602=DIRECTION('ref_axis',(1.,0.,0.));
#3603=DIRECTION('center_axis',(0.,0.,-1.));
#3604=DIRECTION('ref_axis',(1.,0.,0.));
#3605=DIRECTION('',(0.,1.,0.));
#3606=DIRECTION('center_axis',(0.,0.,1.));
#3607=DIRECTION('ref_axis',(1.,0.,0.));
#3608=DIRECTION('',(0.,-1.,0.));
#3609=DIRECTION('center_axis',(0.,0.,-1.));
#3610=DIRECTION('ref_axis',(1.,0.,0.));
#3611=DIRECTION('center_axis',(0.,0.,1.));
#3612=DIRECTION('ref_axis',(1.,0.,0.));
#3613=DIRECTION('center_axis',(0.,0.,-1.));
#3614=DIRECTION('ref_axis',(1.,0.,0.));
#3615=DIRECTION('center_axis',(1.,0.,0.));
#3616=DIRECTION('ref_axis',(0.,-1.,1.22464679914735E-16));
#3617=DIRECTION('center_axis',(-0.707106781186547,0.,-0.707106781186548));
#3618=DIRECTION('ref_axis',(-0.707106781186548,0.,0.707106781186547));
#3619=DIRECTION('center_axis',(-0.707106781186547,0.,0.707106781186548));
#3620=DIRECTION('ref_axis',(0.707106781186548,0.,0.707106781186547));
#3621=DIRECTION('center_axis',(1.,0.,0.));
#3622=DIRECTION('ref_axis',(0.,1.,0.));
#3623=DIRECTION('center_axis',(0.707106781186547,0.,-0.707106781186548));
#3624=DIRECTION('ref_axis',(0.707106781186548,0.,0.707106781186547));
#3625=DIRECTION('center_axis',(0.707106781186547,0.,0.707106781186548));
#3626=DIRECTION('ref_axis',(-0.707106781186548,0.,0.707106781186547));
#3627=DIRECTION('center_axis',(1.,0.,0.));
#3628=DIRECTION('ref_axis',(0.,1.,0.));
#3629=DIRECTION('center_axis',(-0.707106781186547,0.,0.707106781186548));
#3630=DIRECTION('ref_axis',(0.707106781186548,0.,0.707106781186547));
#3631=DIRECTION('center_axis',(-0.707106781186547,0.,-0.707106781186548));
#3632=DIRECTION('ref_axis',(-0.707106781186548,0.,0.707106781186547));
#3633=DIRECTION('center_axis',(0.,0.,1.));
#3634=DIRECTION('ref_axis',(1.,0.,0.));
#3635=DIRECTION('center_axis',(0.,0.,-1.));
#3636=DIRECTION('ref_axis',(1.,0.,0.));
#3637=DIRECTION('center_axis',(0.,0.,-1.));
#3638=DIRECTION('ref_axis',(1.,0.,0.));
#3639=DIRECTION('center_axis',(0.,0.,1.));
#3640=DIRECTION('ref_axis',(1.,0.,0.));
#3641=DIRECTION('',(0.,0.,1.));
#3642=DIRECTION('center_axis',(0.,0.,1.));
#3643=DIRECTION('ref_axis',(1.,0.,0.));
#3644=DIRECTION('center_axis',(0.,0.,1.));
#3645=DIRECTION('ref_axis',(1.,0.,0.));
#3646=DIRECTION('center_axis',(0.,0.,1.));
#3647=DIRECTION('ref_axis',(1.,0.,0.));
#3648=DIRECTION('center_axis',(0.,0.,-1.));
#3649=DIRECTION('ref_axis',(1.,0.,0.));
#3650=DIRECTION('',(0.,1.,0.));
#3651=DIRECTION('center_axis',(0.,0.,1.));
#3652=DIRECTION('ref_axis',(1.,0.,0.));
#3653=DIRECTION('',(0.,-1.,0.));
#3654=DIRECTION('center_axis',(0.,0.,-1.));
#3655=DIRECTION('ref_axis',(1.,0.,0.));
#3656=DIRECTION('center_axis',(0.,0.,1.));
#3657=DIRECTION('ref_axis',(1.,0.,0.));
#3658=DIRECTION('center_axis',(0.,0.,-1.));
#3659=DIRECTION('ref_axis',(1.,0.,0.));
#3660=DIRECTION('center_axis',(1.,0.,0.));
#3661=DIRECTION('ref_axis',(0.,-1.,1.22464679914735E-16));
#3662=DIRECTION('center_axis',(-0.707106781186548,0.,-0.707106781186548));
#3663=DIRECTION('ref_axis',(-0.707106781186547,0.,0.707106781186547));
#3664=DIRECTION('center_axis',(-0.707106781186548,0.,0.707106781186548));
#3665=DIRECTION('ref_axis',(0.707106781186547,0.,0.707106781186547));
#3666=DIRECTION('center_axis',(1.,0.,0.));
#3667=DIRECTION('ref_axis',(0.,1.,0.));
#3668=DIRECTION('center_axis',(0.707106781186548,0.,-0.707106781186548));
#3669=DIRECTION('ref_axis',(0.707106781186547,0.,0.707106781186547));
#3670=DIRECTION('center_axis',(0.707106781186548,0.,0.707106781186548));
#3671=DIRECTION('ref_axis',(-0.707106781186547,0.,0.707106781186547));
#3672=DIRECTION('center_axis',(1.,0.,0.));
#3673=DIRECTION('ref_axis',(0.,1.,0.));
#3674=DIRECTION('center_axis',(-0.707106781186548,0.,0.707106781186548));
#3675=DIRECTION('ref_axis',(0.707106781186547,0.,0.707106781186547));
#3676=DIRECTION('center_axis',(-0.707106781186548,0.,-0.707106781186548));
#3677=DIRECTION('ref_axis',(-0.707106781186547,0.,0.707106781186547));
#3678=DIRECTION('center_axis',(0.,0.,1.));
#3679=DIRECTION('ref_axis',(1.,0.,0.));
#3680=DIRECTION('center_axis',(0.,0.,-1.));
#3681=DIRECTION('ref_axis',(1.,0.,0.));
#3682=DIRECTION('center_axis',(1.,0.,0.));
#3683=DIRECTION('ref_axis',(0.,1.,0.));
#3684=DIRECTION('',(0.,1.,0.));
#3685=DIRECTION('',(0.,-1.,0.));
#3686=DIRECTION('center_axis',(-1.,0.,0.));
#3687=DIRECTION('ref_axis',(0.,1.,0.));
#3688=DIRECTION('center_axis',(1.,0.,0.));
#3689=DIRECTION('ref_axis',(0.,1.,0.));
#3690=DIRECTION('center_axis',(-1.,0.,0.));
#3691=DIRECTION('ref_axis',(0.,1.,0.));
#3692=DIRECTION('center_axis',(1.,0.,0.));
#3693=DIRECTION('ref_axis',(0.,1.,0.));
#3694=DIRECTION('',(0.,1.,0.));
#3695=DIRECTION('',(0.,-1.,0.));
#3696=DIRECTION('center_axis',(-1.,0.,0.));
#3697=DIRECTION('ref_axis',(0.,1.,0.));
#3698=DIRECTION('center_axis',(1.,0.,0.));
#3699=DIRECTION('ref_axis',(0.,1.,0.));
#3700=DIRECTION('center_axis',(-1.,0.,0.));
#3701=DIRECTION('ref_axis',(0.,1.,0.));
#3702=DIRECTION('center_axis',(1.,0.,0.));
#3703=DIRECTION('ref_axis',(0.,1.,0.));
#3704=DIRECTION('',(0.,1.,0.));
#3705=DIRECTION('',(0.,-1.,0.));
#3706=DIRECTION('center_axis',(-1.,0.,0.));
#3707=DIRECTION('ref_axis',(0.,1.,0.));
#3708=DIRECTION('center_axis',(1.,0.,0.));
#3709=DIRECTION('ref_axis',(0.,1.,0.));
#3710=DIRECTION('center_axis',(-1.,0.,0.));
#3711=DIRECTION('ref_axis',(0.,1.,0.));
#3712=DIRECTION('center_axis',(0.,0.,1.));
#3713=DIRECTION('ref_axis',(1.,0.,0.));
#3714=DIRECTION('center_axis',(0.,0.,-1.));
#3715=DIRECTION('ref_axis',(1.,0.,0.));
#3716=DIRECTION('center_axis',(1.,0.,0.));
#3717=DIRECTION('ref_axis',(0.,-1.,1.22464679914735E-16));
#3718=DIRECTION('center_axis',(-0.707106781186548,0.,-0.707106781186548));
#3719=DIRECTION('ref_axis',(-0.707106781186547,0.,0.707106781186547));
#3720=DIRECTION('center_axis',(-0.707106781186548,0.,0.707106781186548));
#3721=DIRECTION('ref_axis',(0.707106781186547,0.,0.707106781186547));
#3722=DIRECTION('center_axis',(0.,0.,1.));
#3723=DIRECTION('ref_axis',(1.,0.,0.));
#3724=DIRECTION('center_axis',(0.,0.,-1.));
#3725=DIRECTION('ref_axis',(1.,0.,0.));
#3726=DIRECTION('center_axis',(0.,0.,1.));
#3727=DIRECTION('ref_axis',(1.,0.,0.));
#3728=DIRECTION('center_axis',(0.,0.,-1.));
#3729=DIRECTION('ref_axis',(1.,0.,0.));
#3730=DIRECTION('center_axis',(1.,0.,0.));
#3731=DIRECTION('ref_axis',(0.,-1.,1.22464679914735E-16));
#3732=DIRECTION('center_axis',(-0.707106781186547,0.,-0.707106781186548));
#3733=DIRECTION('ref_axis',(-0.707106781186548,0.,0.707106781186547));
#3734=DIRECTION('center_axis',(-0.707106781186547,0.,0.707106781186548));
#3735=DIRECTION('ref_axis',(0.707106781186548,0.,0.707106781186547));
#3736=DIRECTION('center_axis',(0.,0.,1.));
#3737=DIRECTION('ref_axis',(1.,0.,0.));
#3738=DIRECTION('center_axis',(0.,0.,-1.));
#3739=DIRECTION('ref_axis',(1.,0.,0.));
#3740=DIRECTION('center_axis',(0.,0.,1.));
#3741=DIRECTION('ref_axis',(1.,0.,0.));
#3742=DIRECTION('center_axis',(0.,0.,-1.));
#3743=DIRECTION('ref_axis',(1.,0.,0.));
#3744=DIRECTION('center_axis',(1.,0.,0.));
#3745=DIRECTION('ref_axis',(0.,-1.,1.22464679914735E-16));
#3746=DIRECTION('center_axis',(-0.707106781186548,0.,-0.707106781186548));
#3747=DIRECTION('ref_axis',(-0.707106781186547,0.,0.707106781186547));
#3748=DIRECTION('center_axis',(-0.707106781186548,0.,0.707106781186548));
#3749=DIRECTION('ref_axis',(0.707106781186547,0.,0.707106781186547));
#3750=DIRECTION('center_axis',(0.,0.,1.));
#3751=DIRECTION('ref_axis',(1.,0.,0.));
#3752=DIRECTION('center_axis',(0.,0.,-1.));
#3753=DIRECTION('ref_axis',(1.,0.,0.));
#3754=DIRECTION('center_axis',(1.,0.,0.));
#3755=DIRECTION('ref_axis',(0.,-1.,1.22464679914735E-16));
#3756=DIRECTION('center_axis',(0.707106781186548,0.,0.707106781186548));
#3757=DIRECTION('ref_axis',(-0.707106781186547,0.,0.707106781186547));
#3758=DIRECTION('center_axis',(0.707106781186548,0.,-0.707106781186548));
#3759=DIRECTION('ref_axis',(0.707106781186547,0.,0.707106781186547));
#3760=DIRECTION('center_axis',(1.,0.,0.));
#3761=DIRECTION('ref_axis',(0.,-1.,1.22464679914735E-16));
#3762=DIRECTION('center_axis',(0.707106781186548,0.,0.707106781186548));
#3763=DIRECTION('ref_axis',(-0.707106781186547,0.,0.707106781186547));
#3764=DIRECTION('center_axis',(0.707106781186548,0.,-0.707106781186548));
#3765=DIRECTION('ref_axis',(0.707106781186547,0.,0.707106781186547));
#3766=DIRECTION('center_axis',(1.,0.,0.));
#3767=DIRECTION('ref_axis',(0.,1.,0.));
#3768=DIRECTION('center_axis',(-0.707106781186548,0.,0.707106781186548));
#3769=DIRECTION('ref_axis',(0.707106781186547,0.,0.707106781186547));
#3770=DIRECTION('center_axis',(-0.707106781186548,0.,-0.707106781186548));
#3771=DIRECTION('ref_axis',(-0.707106781186547,0.,0.707106781186547));
#3772=DIRECTION('center_axis',(1.,0.,0.));
#3773=DIRECTION('ref_axis',(0.,-1.,1.22464679914735E-16));
#3774=DIRECTION('center_axis',(0.707106781186547,0.,0.707106781186548));
#3775=DIRECTION('ref_axis',(-0.707106781186548,0.,0.707106781186547));
#3776=DIRECTION('center_axis',(0.707106781186547,0.,-0.707106781186548));
#3777=DIRECTION('ref_axis',(0.707106781186548,0.,0.707106781186547));
#3778=DIRECTION('center_axis',(1.,0.,0.));
#3779=DIRECTION('ref_axis',(0.,-1.,1.22464679914735E-16));
#3780=DIRECTION('center_axis',(0.707106781186547,0.,0.707106781186548));
#3781=DIRECTION('ref_axis',(-0.707106781186548,0.,0.707106781186547));
#3782=DIRECTION('center_axis',(0.707106781186547,0.,-0.707106781186548));
#3783=DIRECTION('ref_axis',(0.707106781186548,0.,0.707106781186547));
#3784=DIRECTION('center_axis',(1.,0.,0.));
#3785=DIRECTION('ref_axis',(0.,1.,0.));
#3786=DIRECTION('center_axis',(-0.707106781186547,0.,0.707106781186548));
#3787=DIRECTION('ref_axis',(0.707106781186548,0.,0.707106781186547));
#3788=DIRECTION('center_axis',(-0.707106781186547,0.,-0.707106781186548));
#3789=DIRECTION('ref_axis',(-0.707106781186548,0.,0.707106781186547));
#3790=DIRECTION('center_axis',(1.,0.,0.));
#3791=DIRECTION('ref_axis',(0.,-1.,1.22464679914735E-16));
#3792=DIRECTION('center_axis',(0.707106781186548,0.,0.707106781186548));
#3793=DIRECTION('ref_axis',(-0.707106781186547,0.,0.707106781186547));
#3794=DIRECTION('center_axis',(0.707106781186548,0.,-0.707106781186548));
#3795=DIRECTION('ref_axis',(0.707106781186547,0.,0.707106781186547));
#3796=DIRECTION('center_axis',(1.,0.,0.));
#3797=DIRECTION('ref_axis',(0.,-1.,1.22464679914735E-16));
#3798=DIRECTION('center_axis',(0.707106781186548,0.,0.707106781186548));
#3799=DIRECTION('ref_axis',(-0.707106781186547,0.,0.707106781186547));
#3800=DIRECTION('center_axis',(0.707106781186548,0.,-0.707106781186548));
#3801=DIRECTION('ref_axis',(0.707106781186547,0.,0.707106781186547));
#3802=DIRECTION('center_axis',(1.,0.,0.));
#3803=DIRECTION('ref_axis',(0.,1.,0.));
#3804=DIRECTION('center_axis',(-0.707106781186548,0.,0.707106781186548));
#3805=DIRECTION('ref_axis',(0.707106781186547,0.,0.707106781186547));
#3806=DIRECTION('center_axis',(-0.707106781186548,0.,-0.707106781186548));
#3807=DIRECTION('ref_axis',(-0.707106781186547,0.,0.707106781186547));
#3808=DIRECTION('center_axis',(0.,0.,1.));
#3809=DIRECTION('ref_axis',(1.,0.,0.));
#3810=DIRECTION('center_axis',(0.,0.,1.));
#3811=DIRECTION('ref_axis',(1.,0.,0.));
#3812=DIRECTION('center_axis',(0.,0.,1.));
#3813=DIRECTION('ref_axis',(1.,0.,0.));
#3814=DIRECTION('center_axis',(0.,0.,1.));
#3815=DIRECTION('ref_axis',(1.,0.,0.));
#3816=DIRECTION('center_axis',(0.,0.,1.));
#3817=DIRECTION('ref_axis',(1.,0.,0.));
#3818=DIRECTION('center_axis',(0.,0.,1.));
#3819=DIRECTION('ref_axis',(1.,0.,0.));
#3820=DIRECTION('center_axis',(0.,0.,1.));
#3821=DIRECTION('ref_axis',(1.,0.,0.));
#3822=DIRECTION('center_axis',(0.,0.,1.));
#3823=DIRECTION('ref_axis',(1.,0.,0.));
#3824=DIRECTION('center_axis',(0.,0.,1.));
#3825=DIRECTION('ref_axis',(1.,0.,0.));
#3826=DIRECTION('center_axis',(0.,0.,1.));
#3827=DIRECTION('ref_axis',(1.,0.,0.));
#3828=DIRECTION('center_axis',(0.,0.,1.));
#3829=DIRECTION('ref_axis',(1.,0.,0.));
#3830=DIRECTION('center_axis',(0.,0.,1.));
#3831=DIRECTION('ref_axis',(1.,0.,0.));
#3832=DIRECTION('center_axis',(0.,0.,1.));
#3833=DIRECTION('ref_axis',(1.,0.,0.));
#3834=DIRECTION('center_axis',(0.,0.,1.));
#3835=DIRECTION('ref_axis',(1.,0.,0.));
#3836=DIRECTION('center_axis',(0.,0.,1.));
#3837=DIRECTION('ref_axis',(1.,0.,0.));
#3838=DIRECTION('center_axis',(0.,0.,1.));
#3839=DIRECTION('ref_axis',(1.,0.,0.));
#3840=DIRECTION('center_axis',(0.,0.,1.));
#3841=DIRECTION('ref_axis',(1.,0.,0.));
#3842=DIRECTION('center_axis',(0.,0.,1.));
#3843=DIRECTION('ref_axis',(1.,0.,0.));
#3844=DIRECTION('center_axis',(0.,0.,1.));
#3845=DIRECTION('ref_axis',(1.,0.,0.));
#3846=DIRECTION('center_axis',(0.,0.,1.));
#3847=DIRECTION('ref_axis',(1.,0.,0.));
#3848=DIRECTION('center_axis',(0.,0.,1.));
#3849=DIRECTION('ref_axis',(1.,0.,0.));
#3850=DIRECTION('center_axis',(0.,0.,1.));
#3851=DIRECTION('ref_axis',(1.,0.,0.));
#3852=DIRECTION('center_axis',(0.,0.,1.));
#3853=DIRECTION('ref_axis',(1.,0.,0.));
#3854=DIRECTION('center_axis',(0.,0.,1.));
#3855=DIRECTION('ref_axis',(1.,0.,0.));
#3856=DIRECTION('center_axis',(0.,0.,-1.));
#3857=DIRECTION('ref_axis',(1.,0.,0.));
#3858=DIRECTION('center_axis',(0.,0.,1.));
#3859=DIRECTION('ref_axis',(1.,0.,0.));
#3860=DIRECTION('',(0.,0.,1.));
#3861=DIRECTION('center_axis',(0.,0.,-1.));
#3862=DIRECTION('ref_axis',(1.,0.,0.));
#3863=DIRECTION('center_axis',(0.,0.,1.));
#3864=DIRECTION('ref_axis',(1.,0.,0.));
#3865=DIRECTION('',(0.,0.,1.));
#3866=DIRECTION('center_axis',(0.,0.,-1.));
#3867=DIRECTION('ref_axis',(-0.666666661699613,0.745355996942598,0.));
#3868=DIRECTION('',(0.,0.,-1.));
#3869=DIRECTION('center_axis',(0.,0.,-1.));
#3870=DIRECTION('ref_axis',(-0.666666661699613,0.745355996942598,0.));
#3871=DIRECTION('',(0.,0.,1.));
#3872=DIRECTION('center_axis',(0.,-1.,0.));
#3873=DIRECTION('ref_axis',(-1.,0.,0.));
#3874=DIRECTION('',(-1.,0.,0.));
#3875=DIRECTION('',(0.,0.,1.));
#3876=DIRECTION('center_axis',(0.,0.,-1.));
#3877=DIRECTION('ref_axis',(7.45058059692381E-8,-0.999999999999997,0.));
#3878=DIRECTION('center_axis',(0.,0.,-1.));
#3879=DIRECTION('ref_axis',(7.45058059692381E-8,-0.999999999999997,0.));
#3880=DIRECTION('',(0.,0.,-1.));
#3881=DIRECTION('center_axis',(1.,2.56205313375036E-16,0.));
#3882=DIRECTION('ref_axis',(2.56205313375036E-16,-1.,0.));
#3883=DIRECTION('',(2.56205313375036E-16,-1.,0.));
#3884=DIRECTION('center_axis',(-1.,-1.06752213906265E-17,0.));
#3885=DIRECTION('ref_axis',(-1.06752213906265E-17,1.,0.));
#3886=DIRECTION('',(-1.06752213906265E-17,1.,0.));
#3887=DIRECTION('center_axis',(0.,0.,1.));
#3888=DIRECTION('ref_axis',(1.,0.,0.));
#3889=CARTESIAN_POINT('',(0.,0.,0.));
#3890=CARTESIAN_POINT('Origin',(1.50000001490116,26.5,4.));
#3891=CARTESIAN_POINT('',(1.00000001490116,30.,4.));
#3892=CARTESIAN_POINT('',(1.00000001490116,26.5,7.5));
#3893=CARTESIAN_POINT('Origin',(1.00000001490116,26.5,4.));
#3894=CARTESIAN_POINT('',(1.50000001490116,26.5,7.));
#3895=CARTESIAN_POINT('Origin',(1.50000001490116,26.5,7.5));
#3896=CARTESIAN_POINT('',(1.50000001490116,23.5,4.));
#3897=CARTESIAN_POINT('Origin',(1.50000001490116,26.5,4.));
#3898=CARTESIAN_POINT('Origin',(1.50000001490116,26.5,4.));
#3899=CARTESIAN_POINT('Origin',(1.00000001490116,26.5,4.));
#3900=CARTESIAN_POINT('Origin',(1.00000001490116,30.5,0.));
#3901=CARTESIAN_POINT('',(1.00000001490116,30.,0.));
#3902=CARTESIAN_POINT('',(1.00000001490116,30.,0.));
#3903=CARTESIAN_POINT('',(1.00000001490116,6.73606799082779,0.));
#3904=CARTESIAN_POINT('',(1.00000001490116,23.25,0.));
#3905=CARTESIAN_POINT('',(1.00000001490116,6.73606799082779,7.5));
#3906=CARTESIAN_POINT('',(1.00000001490116,6.73606799082779,0.));
#3907=CARTESIAN_POINT('',(1.00000001490116,10.5,7.5));
#3908=CARTESIAN_POINT('',(1.00000001490116,23.25,7.5));
#3909=CARTESIAN_POINT('Origin',(1.00000001490116,10.5,4.));
#3910=CARTESIAN_POINT('',(1.00000001490116,18.5,7.5));
#3911=CARTESIAN_POINT('',(1.00000001490116,23.25,7.5));
#3912=CARTESIAN_POINT('Origin',(1.00000001490116,18.5,4.));
#3913=CARTESIAN_POINT('',(1.00000001490116,23.25,7.5));
#3914=CARTESIAN_POINT('Origin',(1.00000001490116,30.5,0.));
#3915=CARTESIAN_POINT('',(1.00000001490116,30.,7.5));
#3916=CARTESIAN_POINT('',(1.00000001490116,23.25,7.5));
#3917=CARTESIAN_POINT('',(1.00000001490116,30.,0.));
#3918=CARTESIAN_POINT('Origin',(0.,26.5,4.));
#3919=CARTESIAN_POINT('',(2.5000000126246,23.5,4.));
#3920=CARTESIAN_POINT('',(0.,23.5,4.));
#3921=CARTESIAN_POINT('',(2.5,24.8416876048223,1.5));
#3922=CARTESIAN_POINT('Origin',(2.5,26.5,4.));
#3923=CARTESIAN_POINT('',(2.00000001490116,26.5,0.999999999999998));
#3924=CARTESIAN_POINT('Origin',(5.00000001490116,26.5,4.));
#3925=CARTESIAN_POINT('',(2.5,28.1583123951777,1.5));
#3926=CARTESIAN_POINT('Origin',(5.00000001490116,26.5,4.));
#3927=CARTESIAN_POINT('',(2.5,28.1583123951777,6.5));
#3928=CARTESIAN_POINT('Origin',(2.5,26.5,4.));
#3929=CARTESIAN_POINT('',(2.00000001490116,26.5,7.));
#3930=CARTESIAN_POINT('Origin',(5.00000001490116,26.5,4.));
#3931=CARTESIAN_POINT('',(2.5,24.8416876048223,6.5));
#3932=CARTESIAN_POINT('Origin',(5.00000001490116,26.5,4.));
#3933=CARTESIAN_POINT('Origin',(2.5,26.5,4.));
#3934=CARTESIAN_POINT('Origin',(1.50000001490116,18.5,4.));
#3935=CARTESIAN_POINT('',(1.50000001490116,18.5,7.));
#3936=CARTESIAN_POINT('Origin',(1.50000001490116,18.5,7.5));
#3937=CARTESIAN_POINT('',(1.50000001490116,15.5,4.));
#3938=CARTESIAN_POINT('Origin',(1.50000001490116,18.5,4.));
#3939=CARTESIAN_POINT('Origin',(1.50000001490116,18.5,4.));
#3940=CARTESIAN_POINT('Origin',(0.,18.5,4.));
#3941=CARTESIAN_POINT('',(2.50000001262459,15.5,4.));
#3942=CARTESIAN_POINT('',(0.,15.5,4.));
#3943=CARTESIAN_POINT('',(2.5,16.8416876048223,1.5));
#3944=CARTESIAN_POINT('Origin',(2.5,18.5,4.));
#3945=CARTESIAN_POINT('',(2.00000001490116,18.5,1.));
#3946=CARTESIAN_POINT('Origin',(5.00000001490116,18.5,4.));
#3947=CARTESIAN_POINT('',(2.5,20.1583123951777,1.5));
#3948=CARTESIAN_POINT('Origin',(5.00000001490116,18.5,4.));
#3949=CARTESIAN_POINT('',(2.5,20.1583123951777,6.5));
#3950=CARTESIAN_POINT('Origin',(2.5,18.5,4.));
#3951=CARTESIAN_POINT('',(2.00000001490116,18.5,7.));
#3952=CARTESIAN_POINT('Origin',(5.00000001490116,18.5,4.));
#3953=CARTESIAN_POINT('',(2.5,16.8416876048223,6.5));
#3954=CARTESIAN_POINT('Origin',(5.00000001490116,18.5,4.));
#3955=CARTESIAN_POINT('Origin',(2.5,18.5,4.));
#3956=CARTESIAN_POINT('Origin',(1.50000001490116,10.5,4.));
#3957=CARTESIAN_POINT('',(1.50000001490116,10.5,7.));
#3958=CARTESIAN_POINT('Origin',(1.50000001490116,10.5,7.5));
#3959=CARTESIAN_POINT('',(1.50000001490116,7.5,4.));
#3960=CARTESIAN_POINT('Origin',(1.50000001490116,10.5,4.));
#3961=CARTESIAN_POINT('Origin',(1.50000001490116,10.5,4.));
#3962=CARTESIAN_POINT('Origin',(0.,10.5,4.));
#3963=CARTESIAN_POINT('',(2.5000000126246,7.5,4.));
#3964=CARTESIAN_POINT('',(0.,7.5,4.));
#3965=CARTESIAN_POINT('',(2.5,8.8416876048223,1.5));
#3966=CARTESIAN_POINT('Origin',(2.5,10.5,4.));
#3967=CARTESIAN_POINT('',(2.00000001490116,10.5,0.999999999999998));
#3968=CARTESIAN_POINT('Origin',(5.00000001490116,10.5,4.));
#3969=CARTESIAN_POINT('',(2.5,12.1583123951777,1.5));
#3970=CARTESIAN_POINT('Origin',(5.00000001490116,10.5,4.));
#3971=CARTESIAN_POINT('',(2.5,12.1583123951777,6.5));
#3972=CARTESIAN_POINT('Origin',(2.5,10.5,4.));
#3973=CARTESIAN_POINT('',(2.00000001490116,10.5,7.));
#3974=CARTESIAN_POINT('Origin',(5.00000001490116,10.5,4.));
#3975=CARTESIAN_POINT('',(2.5,8.8416876048223,6.5));
#3976=CARTESIAN_POINT('Origin',(5.00000001490116,10.5,4.));
#3977=CARTESIAN_POINT('Origin',(2.5,10.5,4.));
#3978=CARTESIAN_POINT('Origin',(5.00000001490116,26.5,7.5));
#3979=CARTESIAN_POINT('',(5.00000001490116,30.,8.));
#3980=CARTESIAN_POINT('',(1.50000001490116,26.5,8.));
#3981=CARTESIAN_POINT('Origin',(5.00000001490116,26.5,8.));
#3982=CARTESIAN_POINT('',(8.50000001490116,26.5,8.));
#3983=CARTESIAN_POINT('Origin',(5.00000001490116,26.5,8.));
#3984=CARTESIAN_POINT('',(8.00000001490116,26.5,7.5));
#3985=CARTESIAN_POINT('Origin',(8.50000001490116,26.5,7.5));
#3986=CARTESIAN_POINT('',(2.00000001490116,26.5,7.5));
#3987=CARTESIAN_POINT('Origin',(5.00000001490116,26.5,7.5));
#3988=CARTESIAN_POINT('Origin',(5.00000001490116,26.5,7.5));
#3989=CARTESIAN_POINT('Origin',(5.00000001490116,26.5,8.));
#3990=CARTESIAN_POINT('Origin',(9.,16.,8.));
#3991=CARTESIAN_POINT('',(1.50000001490116,30.,8.));
#3992=CARTESIAN_POINT('',(4.5,30.,8.));
#3993=CARTESIAN_POINT('',(1.50000001490116,23.25,8.));
#3994=CARTESIAN_POINT('Origin',(9.,16.,8.));
#3995=CARTESIAN_POINT('',(1.50000001490116,18.5,8.));
#3996=CARTESIAN_POINT('',(1.50000001490116,23.25,8.));
#3997=CARTESIAN_POINT('',(8.50000001490116,18.5,8.));
#3998=CARTESIAN_POINT('Origin',(5.00000001490116,18.5,8.));
#3999=CARTESIAN_POINT('Origin',(5.00000001490116,18.5,8.));
#4000=CARTESIAN_POINT('',(1.50000001490116,10.5,8.));
#4001=CARTESIAN_POINT('',(1.50000001490116,23.25,8.));
#4002=CARTESIAN_POINT('',(8.50000001490116,10.5,8.));
#4003=CARTESIAN_POINT('Origin',(5.00000001490116,10.5,8.));
#4004=CARTESIAN_POINT('Origin',(5.00000001490116,10.5,8.));
#4005=CARTESIAN_POINT('',(1.50000001490116,7.0980762199565,8.));
#4006=CARTESIAN_POINT('',(1.50000001490116,23.25,8.));
#4007=CARTESIAN_POINT('',(3.,1.5,8.));
#4008=CARTESIAN_POINT('Origin',(3.,4.5,8.));
#4009=CARTESIAN_POINT('',(15.0000002235174,1.5,8.));
#4010=CARTESIAN_POINT('',(3.,1.5,8.));
#4011=CARTESIAN_POINT('',(17.0000000149012,6.73606796417179,8.));
#4012=CARTESIAN_POINT('Origin',(15.,4.5,8.));
#4013=CARTESIAN_POINT('',(17.0000000149012,30.,8.));
#4014=CARTESIAN_POINT('',(17.0000000149012,30.5,8.));
#4015=CARTESIAN_POINT('',(13.0000000149012,30.,8.));
#4016=CARTESIAN_POINT('',(4.5,30.,8.));
#4017=CARTESIAN_POINT('',(16.5000000149012,26.5,8.));
#4018=CARTESIAN_POINT('Origin',(13.0000000149012,26.5,8.));
#4019=CARTESIAN_POINT('Origin',(13.0000000149012,26.5,8.));
#4020=CARTESIAN_POINT('',(4.5,30.,8.));
#4021=CARTESIAN_POINT('',(16.5000000149012,10.5,8.));
#4022=CARTESIAN_POINT('Origin',(13.0000000149012,10.5,8.));
#4023=CARTESIAN_POINT('',(1.05,4.5,8.));
#4024=CARTESIAN_POINT('Origin',(3.,4.5,8.));
#4025=CARTESIAN_POINT('',(13.05,4.5,8.));
#4026=CARTESIAN_POINT('Origin',(15.,4.5,8.));
#4027=CARTESIAN_POINT('',(16.5000000149012,18.5,8.));
#4028=CARTESIAN_POINT('Origin',(13.0000000149012,18.5,8.));
#4029=CARTESIAN_POINT('Origin',(5.00000001490116,26.5,0.));
#4030=CARTESIAN_POINT('',(7.5,28.1583123951777,6.5));
#4031=CARTESIAN_POINT('',(7.5,24.8416876048223,6.5));
#4032=CARTESIAN_POINT('Origin',(5.00000001490116,26.5,4.));
#4033=CARTESIAN_POINT('Origin',(5.00000001490116,26.5,6.5));
#4034=CARTESIAN_POINT('',(2.00000001490116,26.5,0.));
#4035=CARTESIAN_POINT('Origin',(5.00000001490116,26.5,6.5));
#4036=CARTESIAN_POINT('Origin',(5.00000001490116,18.5,7.5));
#4037=CARTESIAN_POINT('',(8.00000001490116,18.5,7.5));
#4038=CARTESIAN_POINT('Origin',(8.50000001490116,18.5,7.5));
#4039=CARTESIAN_POINT('',(2.00000001490116,18.5,7.5));
#4040=CARTESIAN_POINT('Origin',(5.00000001490116,18.5,7.5));
#4041=CARTESIAN_POINT('Origin',(5.00000001490116,18.5,7.5));
#4042=CARTESIAN_POINT('Origin',(5.00000001490116,18.5,0.));
#4043=CARTESIAN_POINT('',(7.5,20.1583123951777,6.5));
#4044=CARTESIAN_POINT('',(7.5,16.8416876048223,6.5));
#4045=CARTESIAN_POINT('Origin',(5.00000001490116,18.5,4.));
#4046=CARTESIAN_POINT('Origin',(5.00000001490116,18.5,6.5));
#4047=CARTESIAN_POINT('',(2.00000001490116,18.5,0.));
#4048=CARTESIAN_POINT('Origin',(5.00000001490116,18.5,6.5));
#4049=CARTESIAN_POINT('Origin',(5.00000001490116,10.5,7.5));
#4050=CARTESIAN_POINT('',(8.00000001490116,10.5,7.5));
#4051=CARTESIAN_POINT('Origin',(8.50000001490116,10.5,7.5));
#4052=CARTESIAN_POINT('',(2.00000001490116,10.5,7.5));
#4053=CARTESIAN_POINT('Origin',(5.00000001490116,10.5,7.5));
#4054=CARTESIAN_POINT('Origin',(5.00000001490116,10.5,7.5));
#4055=CARTESIAN_POINT('Origin',(5.00000001490116,10.5,0.));
#4056=CARTESIAN_POINT('',(7.5,12.1583123951777,6.5));
#4057=CARTESIAN_POINT('',(7.5,8.8416876048223,6.5));
#4058=CARTESIAN_POINT('Origin',(5.00000001490116,10.5,4.));
#4059=CARTESIAN_POINT('Origin',(5.00000001490116,10.5,6.5));
#4060=CARTESIAN_POINT('',(2.00000001490116,10.5,0.));
#4061=CARTESIAN_POINT('Origin',(5.00000001490116,10.5,6.5));
#4062=CARTESIAN_POINT('Origin',(13.0000000149012,26.5,7.5));
#4063=CARTESIAN_POINT('',(16.0000000149012,26.5,7.5));
#4064=CARTESIAN_POINT('Origin',(16.5000000149012,26.5,7.5));
#4065=CARTESIAN_POINT('',(10.0000000149012,26.5,7.5));
#4066=CARTESIAN_POINT('Origin',(13.0000000149012,26.5,7.5));
#4067=CARTESIAN_POINT('Origin',(13.0000000149012,26.5,7.5));
#4068=CARTESIAN_POINT('Origin',(13.0000000149012,26.5,0.));
#4069=CARTESIAN_POINT('',(15.5,28.1583123951777,6.5));
#4070=CARTESIAN_POINT('',(15.5,24.8416876048223,6.5));
#4071=CARTESIAN_POINT('Origin',(13.0000000149012,26.5,4.));
#4072=CARTESIAN_POINT('',(10.5,24.8416876048223,6.5));
#4073=CARTESIAN_POINT('Origin',(13.0000000149012,26.5,6.5));
#4074=CARTESIAN_POINT('',(10.0000000149012,26.5,7.));
#4075=CARTESIAN_POINT('Origin',(13.0000000149012,26.5,4.));
#4076=CARTESIAN_POINT('',(10.0000000149012,26.5,0.));
#4077=CARTESIAN_POINT('',(10.5,28.1583123951777,6.5));
#4078=CARTESIAN_POINT('Origin',(13.0000000149012,26.5,4.));
#4079=CARTESIAN_POINT('Origin',(13.0000000149012,26.5,6.5));
#4080=CARTESIAN_POINT('Origin',(13.0000000149012,18.5,7.5));
#4081=CARTESIAN_POINT('',(16.0000000149012,18.5,7.5));
#4082=CARTESIAN_POINT('Origin',(16.5000000149012,18.5,7.5));
#4083=CARTESIAN_POINT('',(10.0000000149012,18.5,7.5));
#4084=CARTESIAN_POINT('Origin',(13.0000000149012,18.5,7.5));
#4085=CARTESIAN_POINT('Origin',(13.0000000149012,18.5,7.5));
#4086=CARTESIAN_POINT('Origin',(13.0000000149012,18.5,0.));
#4087=CARTESIAN_POINT('',(15.5,20.1583123951777,6.5));
#4088=CARTESIAN_POINT('',(15.5,16.8416876048223,6.5));
#4089=CARTESIAN_POINT('Origin',(13.0000000149012,18.5,4.));
#4090=CARTESIAN_POINT('',(10.5,16.8416876048223,6.5));
#4091=CARTESIAN_POINT('Origin',(13.0000000149012,18.5,6.5));
#4092=CARTESIAN_POINT('',(10.0000000149012,18.5,7.));
#4093=CARTESIAN_POINT('Origin',(13.0000000149012,18.5,4.));
#4094=CARTESIAN_POINT('',(10.0000000149012,18.5,0.));
#4095=CARTESIAN_POINT('',(10.5,20.1583123951777,6.5));
#4096=CARTESIAN_POINT('Origin',(13.0000000149012,18.5,4.));
#4097=CARTESIAN_POINT('Origin',(13.0000000149012,18.5,6.5));
#4098=CARTESIAN_POINT('Origin',(13.0000000149012,10.5,7.5));
#4099=CARTESIAN_POINT('',(16.0000000149012,10.5,7.5));
#4100=CARTESIAN_POINT('Origin',(16.5000000149012,10.5,7.5));
#4101=CARTESIAN_POINT('',(10.0000000149012,10.5,7.5));
#4102=CARTESIAN_POINT('Origin',(13.0000000149012,10.5,7.5));
#4103=CARTESIAN_POINT('Origin',(13.0000000149012,10.5,7.5));
#4104=CARTESIAN_POINT('Origin',(13.0000000149012,10.5,0.));
#4105=CARTESIAN_POINT('',(15.5,12.1583123951777,6.5));
#4106=CARTESIAN_POINT('',(15.5,8.8416876048223,6.5));
#4107=CARTESIAN_POINT('Origin',(13.0000000149012,10.5,4.));
#4108=CARTESIAN_POINT('',(10.5,8.8416876048223,6.5));
#4109=CARTESIAN_POINT('Origin',(13.0000000149012,10.5,6.5));
#4110=CARTESIAN_POINT('',(10.0000000149012,10.5,7.));
#4111=CARTESIAN_POINT('Origin',(13.0000000149012,10.5,4.));
#4112=CARTESIAN_POINT('',(10.0000000149012,10.5,0.));
#4113=CARTESIAN_POINT('',(10.5,12.1583123951777,6.5));
#4114=CARTESIAN_POINT('Origin',(13.0000000149012,10.5,4.));
#4115=CARTESIAN_POINT('Origin',(13.0000000149012,10.5,6.5));
#4116=CARTESIAN_POINT('Origin',(16.5000000149012,10.5,4.));
#4117=CARTESIAN_POINT('',(17.0000000149012,10.5,0.499999999999998));
#4118=CARTESIAN_POINT('Origin',(17.0000000149012,10.5,4.));
#4119=CARTESIAN_POINT('',(16.5000000149012,10.5,0.999999999999998));
#4120=CARTESIAN_POINT('Origin',(16.5000000149012,10.5,0.499999999999998));
#4121=CARTESIAN_POINT('',(16.5000000149012,7.5,4.));
#4122=CARTESIAN_POINT('Origin',(16.5000000149012,10.5,4.));
#4123=CARTESIAN_POINT('Origin',(16.5000000149012,10.5,4.));
#4124=CARTESIAN_POINT('Origin',(17.0000000149012,6.73606796417179,0.));
#4125=CARTESIAN_POINT('',(17.0000000149012,30.,4.));
#4126=CARTESIAN_POINT('',(17.0000000149012,30.,0.));
#4127=CARTESIAN_POINT('',(17.0000000149012,6.73606796417179,0.));
#4128=CARTESIAN_POINT('',(17.0000000149012,6.73606796417179,0.));
#4129=CARTESIAN_POINT('',(17.0000000149012,30.,0.));
#4130=CARTESIAN_POINT('',(17.0000000149012,11.3680339820859,0.));
#4131=CARTESIAN_POINT('',(17.0000000149012,30.,0.));
#4132=CARTESIAN_POINT('',(17.0000000149012,26.5,0.499999999999998));
#4133=CARTESIAN_POINT('Origin',(17.0000000149012,26.5,4.));
#4134=CARTESIAN_POINT('Origin',(17.0000000149012,26.5,4.));
#4135=CARTESIAN_POINT('',(17.0000000149012,18.5,0.5));
#4136=CARTESIAN_POINT('Origin',(17.0000000149012,18.5,4.));
#4137=CARTESIAN_POINT('Origin',(15.5,10.5,4.));
#4138=CARTESIAN_POINT('',(15.5,8.84168758235795,1.50000001490116));
#4139=CARTESIAN_POINT('',(15.5,12.1583124176421,1.50000001490116));
#4140=CARTESIAN_POINT('Origin',(13.0000000149012,10.5,4.));
#4141=CARTESIAN_POINT('',(15.5,7.5,4.));
#4142=CARTESIAN_POINT('Origin',(15.5,10.5,4.));
#4143=CARTESIAN_POINT('',(15.5,7.5,4.));
#4144=CARTESIAN_POINT('Origin',(15.5,10.5,4.));
#4145=CARTESIAN_POINT('Origin',(15.5,10.5,4.));
#4146=CARTESIAN_POINT('Origin',(16.5000000149012,18.5,4.));
#4147=CARTESIAN_POINT('',(16.5000000149012,18.5,1.));
#4148=CARTESIAN_POINT('Origin',(16.5000000149012,18.5,0.5));
#4149=CARTESIAN_POINT('',(16.5000000149012,15.5,4.));
#4150=CARTESIAN_POINT('Origin',(16.5000000149012,18.5,4.));
#4151=CARTESIAN_POINT('Origin',(16.5000000149012,18.5,4.));
#4152=CARTESIAN_POINT('Origin',(15.5,18.5,4.));
#4153=CARTESIAN_POINT('',(15.5,16.8416875823579,1.50000001490117));
#4154=CARTESIAN_POINT('',(15.5,20.1583124176421,1.50000001490117));
#4155=CARTESIAN_POINT('Origin',(13.0000000149012,18.5,4.));
#4156=CARTESIAN_POINT('',(15.5,15.5,4.));
#4157=CARTESIAN_POINT('Origin',(15.5,18.5,4.));
#4158=CARTESIAN_POINT('',(15.5,15.5,4.));
#4159=CARTESIAN_POINT('Origin',(15.5,18.5,4.));
#4160=CARTESIAN_POINT('Origin',(15.5,18.5,4.));
#4161=CARTESIAN_POINT('Origin',(16.5000000149012,26.5,4.));
#4162=CARTESIAN_POINT('',(16.5000000149012,26.5,0.999999999999998));
#4163=CARTESIAN_POINT('Origin',(16.5000000149012,26.5,0.499999999999998));
#4164=CARTESIAN_POINT('',(16.5000000149012,23.5,4.));
#4165=CARTESIAN_POINT('Origin',(16.5000000149012,26.5,4.));
#4166=CARTESIAN_POINT('Origin',(16.5000000149012,26.5,4.));
#4167=CARTESIAN_POINT('Origin',(15.5,26.5,4.));
#4168=CARTESIAN_POINT('',(15.5,24.8416875823579,1.50000001490116));
#4169=CARTESIAN_POINT('',(15.5,28.1583124176421,1.50000001490116));
#4170=CARTESIAN_POINT('Origin',(13.0000000149012,26.5,4.));
#4171=CARTESIAN_POINT('',(15.5,23.5,4.));
#4172=CARTESIAN_POINT('Origin',(15.5,26.5,4.));
#4173=CARTESIAN_POINT('',(15.5,23.5,4.));
#4174=CARTESIAN_POINT('Origin',(15.5,26.5,4.));
#4175=CARTESIAN_POINT('Origin',(15.5,26.5,4.));
#4176=CARTESIAN_POINT('Origin',(17.5,23.25,-0.5));
#4177=CARTESIAN_POINT('',(18.,30.5,-0.5));
#4178=CARTESIAN_POINT('',(17.5,30.5,0.));
#4179=CARTESIAN_POINT('Origin',(17.5,30.5,-0.5));
#4180=CARTESIAN_POINT('',(17.5,6.15831239517771,0.));
#4181=CARTESIAN_POINT('',(17.5,23.25,0.));
#4182=CARTESIAN_POINT('',(18.,4.5,-0.5));
#4183=CARTESIAN_POINT('Ctrl Pts',(18.,4.5,-0.5));
#4184=CARTESIAN_POINT('Ctrl Pts',(18.,4.77210280329593,-0.38891449572401));
#4185=CARTESIAN_POINT('Ctrl Pts',(17.9609679212207,5.06682461894356,-0.267572869566887));
#4186=CARTESIAN_POINT('Ctrl Pts',(17.7918186914448,5.63771232411096,-0.0741625022335741));
#4187=CARTESIAN_POINT('Ctrl Pts',(17.6624618906629,5.91339187969565,-5.48107996209693E-17));
#4188=CARTESIAN_POINT('Ctrl Pts',(17.5,6.15831239517771,-3.46944695195361E-17));
#4189=CARTESIAN_POINT('',(18.,23.25,-0.5));
#4190=CARTESIAN_POINT('Origin',(9.,16.,0.));
#4191=CARTESIAN_POINT('',(16.5000000149012,30.5,0.));
#4192=CARTESIAN_POINT('',(18.,30.5,0.));
#4193=CARTESIAN_POINT('Origin',(16.5000000149012,30.,0.));
#4194=CARTESIAN_POINT('Origin',(15.,4.5,0.));
#4195=CARTESIAN_POINT('Origin',(0.,30.5,0.));
#4196=CARTESIAN_POINT('',(18.,30.5,-1.));
#4197=CARTESIAN_POINT('',(18.,30.5,0.));
#4198=CARTESIAN_POINT('',(0.,30.5,-1.));
#4199=CARTESIAN_POINT('',(18.,30.5,-1.));
#4200=CARTESIAN_POINT('',(0.,30.5,-0.5));
#4201=CARTESIAN_POINT('',(0.,30.5,0.));
#4202=CARTESIAN_POINT('',(0.5,30.5,0.));
#4203=CARTESIAN_POINT('Origin',(0.5,30.5,-0.5));
#4204=CARTESIAN_POINT('',(1.50000001490116,30.5,0.));
#4205=CARTESIAN_POINT('',(18.,30.5,0.));
#4206=CARTESIAN_POINT('',(1.50000001490116,30.5,7.5));
#4207=CARTESIAN_POINT('',(1.50000001490116,30.5,0.));
#4208=CARTESIAN_POINT('',(16.5000000149012,30.5,7.5));
#4209=CARTESIAN_POINT('',(4.5,30.5,7.5));
#4210=CARTESIAN_POINT('',(16.5000000149012,30.5,0.));
#4211=CARTESIAN_POINT('Origin',(16.5000000149012,30.,0.));
#4212=CARTESIAN_POINT('Origin',(16.5000000149012,30.,7.5));
#4213=CARTESIAN_POINT('Origin',(1.50000001490116,30.,7.5));
#4214=CARTESIAN_POINT('Origin',(1.50000001490116,30.,7.5));
#4215=CARTESIAN_POINT('Origin',(1.50000001490116,30.,7.5));
#4216=CARTESIAN_POINT('Origin',(1.50000001490116,30.,7.5));
#4217=CARTESIAN_POINT('Origin',(1.50000001490116,30.,0.));
#4218=CARTESIAN_POINT('Origin',(1.50000001490116,30.,0.));
#4219=CARTESIAN_POINT('Origin',(1.50000001490116,23.25,7.5));
#4220=CARTESIAN_POINT('Ctrl Pts',(1.50000001490116,7.0980762199565,8.));
#4221=CARTESIAN_POINT('Ctrl Pts',(1.43338565154284,7.0596163998491,8.));
#4222=CARTESIAN_POINT('Ctrl Pts',(1.36367108563732,7.01563220505534,7.9860512573491));
#4223=CARTESIAN_POINT('Ctrl Pts',(1.23626425524026,6.92800616296741,7.93043564636287));
#4224=CARTESIAN_POINT('Ctrl Pts',(1.17848495738364,6.88443382256078,7.8888587375969));
#4225=CARTESIAN_POINT('Ctrl Pts',(1.09481517444538,6.81788653748153,7.79820164803834));
#4226=CARTESIAN_POINT('Ctrl Pts',(1.06017202819596,6.78867918670308,7.74608894796219));
#4227=CARTESIAN_POINT('Ctrl Pts',(1.0127155709669,6.74759551741167,7.62869437737925));
#4228=CARTESIAN_POINT('Ctrl Pts',(1.00000001490116,6.73606799082779,7.56325126047918));
#4229=CARTESIAN_POINT('Ctrl Pts',(1.00000001490116,6.73606799082779,7.5));
#4230=CARTESIAN_POINT('Origin',(4.5,30.,7.5));
#4231=CARTESIAN_POINT('Origin',(0.5,10.25,-0.5));
#4232=CARTESIAN_POINT('',(2.77555756156289E-16,4.5,-0.5));
#4233=CARTESIAN_POINT('',(2.08166817117217E-16,10.25,-0.5));
#4234=CARTESIAN_POINT('',(0.5,6.1583123951777,0.));
#4235=CARTESIAN_POINT('Ctrl Pts',(0.5,6.1583123951777,3.46944695195361E-17));
#4236=CARTESIAN_POINT('Ctrl Pts',(0.337538109337117,5.91339187969564,1.32584371896384E-16));
#4237=CARTESIAN_POINT('Ctrl Pts',(0.20818130855522,5.63771232411096,-0.0741625022335737));
#4238=CARTESIAN_POINT('Ctrl Pts',(0.0390320787792589,5.06682461894355,-0.267572869566884));
#4239=CARTESIAN_POINT('Ctrl Pts',(4.74811399564342E-16,4.77210280329593,
-0.388914495724011));
#4240=CARTESIAN_POINT('Ctrl Pts',(4.77716157230536E-16,4.5,-0.5));
#4241=CARTESIAN_POINT('',(0.5,10.25,0.));
#4242=CARTESIAN_POINT('Origin',(9.,16.,0.));
#4243=CARTESIAN_POINT('Origin',(3.,4.5,0.));
#4244=CARTESIAN_POINT('Origin',(15.5,26.5,4.));
#4245=CARTESIAN_POINT('',(15.5000000149012,26.5,1.5));
#4246=CARTESIAN_POINT('',(15.5,26.5,1.5));
#4247=CARTESIAN_POINT('',(15.5000000149012,26.5,6.5));
#4248=CARTESIAN_POINT('',(15.5,26.5,6.5));
#4249=CARTESIAN_POINT('Origin',(15.5,26.5,4.));
#4250=CARTESIAN_POINT('Origin',(15.5,26.5,4.));
#4251=CARTESIAN_POINT('',(15.5,26.5,1.5));
#4252=CARTESIAN_POINT('Origin',(15.5,26.5,4.));
#4253=CARTESIAN_POINT('',(15.5,26.5,6.5));
#4254=CARTESIAN_POINT('Origin',(15.5,18.5,4.));
#4255=CARTESIAN_POINT('',(15.5000000149012,18.5,1.5));
#4256=CARTESIAN_POINT('',(15.5,18.5,1.5));
#4257=CARTESIAN_POINT('',(15.5000000149012,18.5,6.5));
#4258=CARTESIAN_POINT('',(15.5,18.5,6.5));
#4259=CARTESIAN_POINT('Origin',(15.5,18.5,4.));
#4260=CARTESIAN_POINT('Origin',(15.5,18.5,4.));
#4261=CARTESIAN_POINT('',(15.5,18.5,1.5));
#4262=CARTESIAN_POINT('Origin',(15.5,18.5,4.));
#4263=CARTESIAN_POINT('',(15.5,18.5,6.5));
#4264=CARTESIAN_POINT('Origin',(15.5,10.5,4.));
#4265=CARTESIAN_POINT('',(15.5000000149012,10.5,1.5));
#4266=CARTESIAN_POINT('',(15.5,10.5,1.5));
#4267=CARTESIAN_POINT('',(15.5000000149012,10.5,6.5));
#4268=CARTESIAN_POINT('',(15.5,10.5,6.5));
#4269=CARTESIAN_POINT('Origin',(15.5,10.5,4.));
#4270=CARTESIAN_POINT('Origin',(15.5,10.5,4.));
#4271=CARTESIAN_POINT('',(15.5,10.5,1.5));
#4272=CARTESIAN_POINT('Origin',(15.5,10.5,4.));
#4273=CARTESIAN_POINT('',(15.5,10.5,6.5));
#4274=CARTESIAN_POINT('Origin',(13.0000000149012,26.5,0.));
#4275=CARTESIAN_POINT('',(10.0000000149012,26.5,-1.));
#4276=CARTESIAN_POINT('Origin',(13.0000000149012,26.5,-1.));
#4277=CARTESIAN_POINT('',(10.0000000149012,26.5,0.999999999999998));
#4278=CARTESIAN_POINT('',(10.0000000149012,26.5,0.));
#4279=CARTESIAN_POINT('',(10.5,24.8416876048223,1.5));
#4280=CARTESIAN_POINT('Origin',(13.0000000149012,26.5,4.));
#4281=CARTESIAN_POINT('Origin',(13.0000000149012,26.5,1.5));
#4282=CARTESIAN_POINT('',(10.5,28.1583123951777,1.5));
#4283=CARTESIAN_POINT('Origin',(13.0000000149012,26.5,1.5));
#4284=CARTESIAN_POINT('Origin',(13.0000000149012,26.5,4.));
#4285=CARTESIAN_POINT('Origin',(13.0000000149012,26.5,1.5));
#4286=CARTESIAN_POINT('',(10.5000000149012,26.5,1.5));
#4287=CARTESIAN_POINT('Origin',(13.0000000149012,26.5,1.5));
#4288=CARTESIAN_POINT('',(10.5,26.5,1.5));
#4289=CARTESIAN_POINT('Origin',(0.,26.5,4.));
#4290=CARTESIAN_POINT('',(13.0000000149012,29.,4.));
#4291=CARTESIAN_POINT('Origin',(13.0000000149012,26.5,4.));
#4292=CARTESIAN_POINT('Origin',(13.0000000149012,26.5,4.));
#4293=CARTESIAN_POINT('Origin',(13.0000000149012,26.5,6.5));
#4294=CARTESIAN_POINT('',(10.5000000149012,26.5,6.5));
#4295=CARTESIAN_POINT('',(10.5,26.5,6.5));
#4296=CARTESIAN_POINT('Origin',(13.0000000149012,26.5,6.5));
#4297=CARTESIAN_POINT('Origin',(13.0000000149012,18.5,0.));
#4298=CARTESIAN_POINT('',(10.0000000149012,18.5,-1.));
#4299=CARTESIAN_POINT('Origin',(13.0000000149012,18.5,-1.));
#4300=CARTESIAN_POINT('',(10.0000000149012,18.5,1.));
#4301=CARTESIAN_POINT('',(10.0000000149012,18.5,0.));
#4302=CARTESIAN_POINT('',(10.5,16.8416876048223,1.5));
#4303=CARTESIAN_POINT('Origin',(13.0000000149012,18.5,4.));
#4304=CARTESIAN_POINT('Origin',(13.0000000149012,18.5,1.5));
#4305=CARTESIAN_POINT('',(10.5,20.1583123951777,1.5));
#4306=CARTESIAN_POINT('Origin',(13.0000000149012,18.5,1.5));
#4307=CARTESIAN_POINT('Origin',(13.0000000149012,18.5,4.));
#4308=CARTESIAN_POINT('Origin',(13.0000000149012,18.5,1.5));
#4309=CARTESIAN_POINT('',(10.5000000149012,18.5,1.5));
#4310=CARTESIAN_POINT('Origin',(13.0000000149012,18.5,1.5));
#4311=CARTESIAN_POINT('',(10.5,18.5,1.5));
#4312=CARTESIAN_POINT('Origin',(0.,18.5,4.));
#4313=CARTESIAN_POINT('',(13.0000000149012,21.,4.));
#4314=CARTESIAN_POINT('Origin',(13.0000000149012,18.5,4.));
#4315=CARTESIAN_POINT('Origin',(13.0000000149012,18.5,4.));
#4316=CARTESIAN_POINT('Origin',(13.0000000149012,18.5,6.5));
#4317=CARTESIAN_POINT('',(10.5000000149012,18.5,6.5));
#4318=CARTESIAN_POINT('',(10.5,18.5,6.5));
#4319=CARTESIAN_POINT('Origin',(13.0000000149012,18.5,6.5));
#4320=CARTESIAN_POINT('Origin',(13.0000000149012,10.5,0.));
#4321=CARTESIAN_POINT('',(10.0000000149012,10.5,-1.));
#4322=CARTESIAN_POINT('Origin',(13.0000000149012,10.5,-1.));
#4323=CARTESIAN_POINT('',(10.0000000149012,10.5,0.999999999999998));
#4324=CARTESIAN_POINT('',(10.0000000149012,10.5,0.));
#4325=CARTESIAN_POINT('',(10.5,8.8416876048223,1.5));
#4326=CARTESIAN_POINT('Origin',(13.0000000149012,10.5,4.));
#4327=CARTESIAN_POINT('Origin',(13.0000000149012,10.5,1.5));
#4328=CARTESIAN_POINT('',(10.5,12.1583123951777,1.5));
#4329=CARTESIAN_POINT('Origin',(13.0000000149012,10.5,1.5));
#4330=CARTESIAN_POINT('Origin',(13.0000000149012,10.5,4.));
#4331=CARTESIAN_POINT('Origin',(13.0000000149012,10.5,1.5));
#4332=CARTESIAN_POINT('',(10.5000000149012,10.5,1.5));
#4333=CARTESIAN_POINT('Origin',(13.0000000149012,10.5,1.5));
#4334=CARTESIAN_POINT('',(10.5,10.5,1.5));
#4335=CARTESIAN_POINT('Origin',(0.,10.5,4.));
#4336=CARTESIAN_POINT('',(13.0000000149012,13.,4.));
#4337=CARTESIAN_POINT('Origin',(13.0000000149012,10.5,4.));
#4338=CARTESIAN_POINT('Origin',(13.0000000149012,10.5,4.));
#4339=CARTESIAN_POINT('Origin',(13.0000000149012,10.5,6.5));
#4340=CARTESIAN_POINT('',(10.5000000149012,10.5,6.5));
#4341=CARTESIAN_POINT('',(10.5,10.5,6.5));
#4342=CARTESIAN_POINT('Origin',(13.0000000149012,10.5,6.5));
#4343=CARTESIAN_POINT('Origin',(7.5,26.5,4.));
#4344=CARTESIAN_POINT('',(7.5,28.1583124176421,1.50000001490116));
#4345=CARTESIAN_POINT('',(7.50000001490116,26.5,1.5));
#4346=CARTESIAN_POINT('',(7.5,26.5,1.5));
#4347=CARTESIAN_POINT('Origin',(7.5,26.5,4.));
#4348=CARTESIAN_POINT('',(7.50000001490116,26.5,6.5));
#4349=CARTESIAN_POINT('',(7.5,26.5,6.5));
#4350=CARTESIAN_POINT('Origin',(7.5,26.5,4.));
#4351=CARTESIAN_POINT('Origin',(10.5,26.5,4.));
#4352=CARTESIAN_POINT('',(10.5,26.5,1.5));
#4353=CARTESIAN_POINT('',(10.5000000126246,23.5,4.));
#4354=CARTESIAN_POINT('Origin',(10.5,26.5,4.));
#4355=CARTESIAN_POINT('Origin',(10.5,26.5,4.));
#4356=CARTESIAN_POINT('',(10.5,26.5,6.5));
#4357=CARTESIAN_POINT('Origin',(10.5,26.5,4.));
#4358=CARTESIAN_POINT('Origin',(7.5,26.5,4.));
#4359=CARTESIAN_POINT('',(7.5,24.841687582358,1.50000001490116));
#4360=CARTESIAN_POINT('Origin',(5.00000001490116,26.5,4.));
#4361=CARTESIAN_POINT('',(7.5,23.5,4.));
#4362=CARTESIAN_POINT('Origin',(7.5,26.5,4.));
#4363=CARTESIAN_POINT('',(7.5,23.5,4.));
#4364=CARTESIAN_POINT('Origin',(10.5,26.5,4.));
#4365=CARTESIAN_POINT('Origin',(7.5,26.5,4.));
#4366=CARTESIAN_POINT('Origin',(10.5,26.5,4.));
#4367=CARTESIAN_POINT('Origin',(10.5,26.5,4.));
#4368=CARTESIAN_POINT('Origin',(7.5,26.5,4.));
#4369=CARTESIAN_POINT('',(7.5,26.5,1.5));
#4370=CARTESIAN_POINT('Origin',(7.5,26.5,4.));
#4371=CARTESIAN_POINT('',(7.5,26.5,6.5));
#4372=CARTESIAN_POINT('Origin',(7.5,18.5,4.));
#4373=CARTESIAN_POINT('',(7.5,20.1583124176421,1.50000001490116));
#4374=CARTESIAN_POINT('',(7.50000001490116,18.5,1.5));
#4375=CARTESIAN_POINT('',(7.5,18.5,1.5));
#4376=CARTESIAN_POINT('Origin',(7.5,18.5,4.));
#4377=CARTESIAN_POINT('',(7.50000001490116,18.5,6.5));
#4378=CARTESIAN_POINT('',(7.5,18.5,6.5));
#4379=CARTESIAN_POINT('Origin',(7.5,18.5,4.));
#4380=CARTESIAN_POINT('Origin',(10.5,18.5,4.));
#4381=CARTESIAN_POINT('',(10.5,18.5,1.5));
#4382=CARTESIAN_POINT('',(10.5000000126246,15.5,4.));
#4383=CARTESIAN_POINT('Origin',(10.5,18.5,4.));
#4384=CARTESIAN_POINT('Origin',(10.5,18.5,4.));
#4385=CARTESIAN_POINT('',(10.5,18.5,6.5));
#4386=CARTESIAN_POINT('Origin',(10.5,18.5,4.));
#4387=CARTESIAN_POINT('Origin',(7.5,18.5,4.));
#4388=CARTESIAN_POINT('',(7.5,16.841687582358,1.50000001490116));
#4389=CARTESIAN_POINT('Origin',(5.00000001490116,18.5,4.));
#4390=CARTESIAN_POINT('',(7.5,15.5,4.));
#4391=CARTESIAN_POINT('Origin',(7.5,18.5,4.));
#4392=CARTESIAN_POINT('',(7.5,15.5,4.));
#4393=CARTESIAN_POINT('Origin',(10.5,18.5,4.));
#4394=CARTESIAN_POINT('Origin',(7.5,18.5,4.));
#4395=CARTESIAN_POINT('Origin',(10.5,18.5,4.));
#4396=CARTESIAN_POINT('Origin',(10.5,18.5,4.));
#4397=CARTESIAN_POINT('Origin',(7.5,18.5,4.));
#4398=CARTESIAN_POINT('',(7.5,18.5,1.5));
#4399=CARTESIAN_POINT('Origin',(7.5,18.5,4.));
#4400=CARTESIAN_POINT('',(7.5,18.5,6.5));
#4401=CARTESIAN_POINT('Origin',(7.5,10.5,4.));
#4402=CARTESIAN_POINT('',(7.5,12.1583124176421,1.50000001490116));
#4403=CARTESIAN_POINT('',(7.50000001490116,10.5,1.5));
#4404=CARTESIAN_POINT('',(7.5,10.5,1.5));
#4405=CARTESIAN_POINT('Origin',(7.5,10.5,4.));
#4406=CARTESIAN_POINT('',(7.50000001490116,10.5,6.5));
#4407=CARTESIAN_POINT('',(7.5,10.5,6.5));
#4408=CARTESIAN_POINT('Origin',(7.5,10.5,4.));
#4409=CARTESIAN_POINT('Origin',(10.5,10.5,4.));
#4410=CARTESIAN_POINT('',(10.5,10.5,1.5));
#4411=CARTESIAN_POINT('',(10.5000000126246,7.5,4.));
#4412=CARTESIAN_POINT('Origin',(10.5,10.5,4.));
#4413=CARTESIAN_POINT('Origin',(10.5,10.5,4.));
#4414=CARTESIAN_POINT('',(10.5,10.5,6.5));
#4415=CARTESIAN_POINT('Origin',(10.5,10.5,4.));
#4416=CARTESIAN_POINT('Origin',(7.5,10.5,4.));
#4417=CARTESIAN_POINT('',(7.5,8.84168758235796,1.50000001490116));
#4418=CARTESIAN_POINT('Origin',(5.00000001490116,10.5,4.));
#4419=CARTESIAN_POINT('',(7.5,7.5,4.));
#4420=CARTESIAN_POINT('Origin',(7.5,10.5,4.));
#4421=CARTESIAN_POINT('',(7.5,7.5,4.));
#4422=CARTESIAN_POINT('Origin',(10.5,10.5,4.));
#4423=CARTESIAN_POINT('Origin',(7.5,10.5,4.));
#4424=CARTESIAN_POINT('Origin',(10.5,10.5,4.));
#4425=CARTESIAN_POINT('Origin',(10.5,10.5,4.));
#4426=CARTESIAN_POINT('Origin',(7.5,10.5,4.));
#4427=CARTESIAN_POINT('',(7.5,10.5,1.5));
#4428=CARTESIAN_POINT('Origin',(7.5,10.5,4.));
#4429=CARTESIAN_POINT('',(7.5,10.5,6.5));
#4430=CARTESIAN_POINT('Origin',(5.00000001490116,26.5,0.));
#4431=CARTESIAN_POINT('',(2.00000001490116,26.5,-1.));
#4432=CARTESIAN_POINT('Origin',(5.00000001490116,26.5,-1.));
#4433=CARTESIAN_POINT('',(2.00000001490116,26.5,0.));
#4434=CARTESIAN_POINT('Origin',(5.00000001490116,26.5,1.5));
#4435=CARTESIAN_POINT('Origin',(5.00000001490116,26.5,1.5));
#4436=CARTESIAN_POINT('Origin',(5.00000001490116,26.5,1.5));
#4437=CARTESIAN_POINT('',(2.50000001490116,26.5,1.5));
#4438=CARTESIAN_POINT('Origin',(5.00000001490116,26.5,1.5));
#4439=CARTESIAN_POINT('',(2.5,26.5,1.5));
#4440=CARTESIAN_POINT('Origin',(5.00000001490116,26.5,6.5));
#4441=CARTESIAN_POINT('',(2.50000001490116,26.5,6.5));
#4442=CARTESIAN_POINT('',(2.5,26.5,6.5));
#4443=CARTESIAN_POINT('Origin',(5.00000001490116,26.5,6.5));
#4444=CARTESIAN_POINT('Origin',(13.0000000149012,26.5,1.5));
#4445=CARTESIAN_POINT('Origin',(13.0000000149012,26.5,1.5));
#4446=CARTESIAN_POINT('Origin',(0.,26.5,4.));
#4447=CARTESIAN_POINT('',(13.0000000149012,24.,4.));
#4448=CARTESIAN_POINT('Origin',(13.0000000149012,26.5,4.));
#4449=CARTESIAN_POINT('Origin',(13.0000000149012,26.5,4.));
#4450=CARTESIAN_POINT('Origin',(0.,26.5,4.));
#4451=CARTESIAN_POINT('',(5.00000001490116,29.,4.));
#4452=CARTESIAN_POINT('Origin',(5.00000001490116,26.5,4.));
#4453=CARTESIAN_POINT('Origin',(5.00000001490116,26.5,4.));
#4454=CARTESIAN_POINT('Origin',(0.,26.5,4.));
#4455=CARTESIAN_POINT('Origin',(13.0000000149012,26.5,4.));
#4456=CARTESIAN_POINT('Origin',(13.0000000149012,26.5,4.));
#4457=CARTESIAN_POINT('Origin',(13.0000000149012,26.5,6.5));
#4458=CARTESIAN_POINT('Origin',(13.0000000149012,26.5,6.5));
#4459=CARTESIAN_POINT('Origin',(5.00000001490116,18.5,0.));
#4460=CARTESIAN_POINT('',(2.00000001490116,18.5,-1.));
#4461=CARTESIAN_POINT('Origin',(5.00000001490116,18.5,-1.));
#4462=CARTESIAN_POINT('',(2.00000001490116,18.5,0.));
#4463=CARTESIAN_POINT('Origin',(5.00000001490116,18.5,1.5));
#4464=CARTESIAN_POINT('Origin',(5.00000001490116,18.5,1.5));
#4465=CARTESIAN_POINT('Origin',(5.00000001490116,18.5,1.5));
#4466=CARTESIAN_POINT('',(2.50000001490116,18.5,1.5));
#4467=CARTESIAN_POINT('Origin',(5.00000001490116,18.5,1.5));
#4468=CARTESIAN_POINT('',(2.5,18.5,1.5));
#4469=CARTESIAN_POINT('Origin',(5.00000001490116,18.5,6.5));
#4470=CARTESIAN_POINT('',(2.50000001490116,18.5,6.5));
#4471=CARTESIAN_POINT('',(2.5,18.5,6.5));
#4472=CARTESIAN_POINT('Origin',(5.00000001490116,18.5,6.5));
#4473=CARTESIAN_POINT('Origin',(13.0000000149012,18.5,1.5));
#4474=CARTESIAN_POINT('Origin',(13.0000000149012,18.5,1.5));
#4475=CARTESIAN_POINT('Origin',(0.,18.5,4.));
#4476=CARTESIAN_POINT('',(13.0000000149012,16.,4.));
#4477=CARTESIAN_POINT('Origin',(13.0000000149012,18.5,4.));
#4478=CARTESIAN_POINT('Origin',(13.0000000149012,18.5,4.));
#4479=CARTESIAN_POINT('Origin',(0.,18.5,4.));
#4480=CARTESIAN_POINT('',(5.00000001490116,21.,4.));
#4481=CARTESIAN_POINT('Origin',(5.00000001490116,18.5,4.));
#4482=CARTESIAN_POINT('Origin',(5.00000001490116,18.5,4.));
#4483=CARTESIAN_POINT('Origin',(0.,18.5,4.));
#4484=CARTESIAN_POINT('Origin',(13.0000000149012,18.5,4.));
#4485=CARTESIAN_POINT('Origin',(13.0000000149012,18.5,4.));
#4486=CARTESIAN_POINT('Origin',(13.0000000149012,18.5,6.5));
#4487=CARTESIAN_POINT('Origin',(13.0000000149012,18.5,6.5));
#4488=CARTESIAN_POINT('Origin',(5.00000001490116,10.5,0.));
#4489=CARTESIAN_POINT('',(2.00000001490116,10.5,-1.));
#4490=CARTESIAN_POINT('Origin',(5.00000001490116,10.5,-1.));
#4491=CARTESIAN_POINT('',(2.00000001490116,10.5,0.));
#4492=CARTESIAN_POINT('Origin',(5.00000001490116,10.5,1.5));
#4493=CARTESIAN_POINT('Origin',(5.00000001490116,10.5,1.5));
#4494=CARTESIAN_POINT('Origin',(5.00000001490116,10.5,1.5));
#4495=CARTESIAN_POINT('',(2.50000001490116,10.5,1.5));
#4496=CARTESIAN_POINT('Origin',(5.00000001490116,10.5,1.5));
#4497=CARTESIAN_POINT('',(2.5,10.5,1.5));
#4498=CARTESIAN_POINT('Origin',(5.00000001490116,10.5,6.5));
#4499=CARTESIAN_POINT('',(2.50000001490116,10.5,6.5));
#4500=CARTESIAN_POINT('',(2.5,10.5,6.5));
#4501=CARTESIAN_POINT('Origin',(5.00000001490116,10.5,6.5));
#4502=CARTESIAN_POINT('Origin',(13.0000000149012,10.5,1.5));
#4503=CARTESIAN_POINT('Origin',(13.0000000149012,10.5,1.5));
#4504=CARTESIAN_POINT('Origin',(0.,10.5,4.));
#4505=CARTESIAN_POINT('',(13.0000000149012,8.,4.));
#4506=CARTESIAN_POINT('Origin',(13.0000000149012,10.5,4.));
#4507=CARTESIAN_POINT('Origin',(13.0000000149012,10.5,4.));
#4508=CARTESIAN_POINT('Origin',(0.,10.5,4.));
#4509=CARTESIAN_POINT('',(5.00000001490116,13.,4.));
#4510=CARTESIAN_POINT('Origin',(5.00000001490116,10.5,4.));
#4511=CARTESIAN_POINT('Origin',(5.00000001490116,10.5,4.));
#4512=CARTESIAN_POINT('Origin',(0.,10.5,4.));
#4513=CARTESIAN_POINT('Origin',(13.0000000149012,10.5,4.));
#4514=CARTESIAN_POINT('Origin',(13.0000000149012,10.5,4.));
#4515=CARTESIAN_POINT('Origin',(13.0000000149012,10.5,6.5));
#4516=CARTESIAN_POINT('Origin',(13.0000000149012,10.5,6.5));
#4517=CARTESIAN_POINT('Origin',(2.5,26.5,4.));
#4518=CARTESIAN_POINT('',(2.5,26.5,1.5));
#4519=CARTESIAN_POINT('',(2.5,26.5,6.5));
#4520=CARTESIAN_POINT('Origin',(2.5,26.5,4.));
#4521=CARTESIAN_POINT('Origin',(2.5,26.5,4.));
#4522=CARTESIAN_POINT('Origin',(2.5,26.5,4.));
#4523=CARTESIAN_POINT('Origin',(2.5,18.5,4.));
#4524=CARTESIAN_POINT('',(2.5,18.5,1.5));
#4525=CARTESIAN_POINT('',(2.5,18.5,6.5));
#4526=CARTESIAN_POINT('Origin',(2.5,18.5,4.));
#4527=CARTESIAN_POINT('Origin',(2.5,18.5,4.));
#4528=CARTESIAN_POINT('Origin',(2.5,18.5,4.));
#4529=CARTESIAN_POINT('Origin',(2.5,10.5,4.));
#4530=CARTESIAN_POINT('',(2.5,10.5,1.5));
#4531=CARTESIAN_POINT('',(2.5,10.5,6.5));
#4532=CARTESIAN_POINT('Origin',(2.5,10.5,4.));
#4533=CARTESIAN_POINT('Origin',(2.5,10.5,4.));
#4534=CARTESIAN_POINT('Origin',(2.5,10.5,4.));
#4535=CARTESIAN_POINT('Origin',(5.00000001490116,26.5,1.5));
#4536=CARTESIAN_POINT('Origin',(5.00000001490116,26.5,1.5));
#4537=CARTESIAN_POINT('Origin',(0.,26.5,4.));
#4538=CARTESIAN_POINT('',(5.00000001490116,24.,4.));
#4539=CARTESIAN_POINT('Origin',(5.00000001490116,26.5,4.));
#4540=CARTESIAN_POINT('Origin',(5.00000001490116,26.5,4.));
#4541=CARTESIAN_POINT('Origin',(5.00000001490116,26.5,6.5));
#4542=CARTESIAN_POINT('Origin',(5.00000001490116,26.5,6.5));
#4543=CARTESIAN_POINT('Origin',(5.00000001490116,18.5,1.5));
#4544=CARTESIAN_POINT('Origin',(5.00000001490116,18.5,1.5));
#4545=CARTESIAN_POINT('Origin',(0.,18.5,4.));
#4546=CARTESIAN_POINT('',(5.00000001490116,16.,4.));
#4547=CARTESIAN_POINT('Origin',(5.00000001490116,18.5,4.));
#4548=CARTESIAN_POINT('Origin',(5.00000001490116,18.5,4.));
#4549=CARTESIAN_POINT('Origin',(5.00000001490116,18.5,6.5));
#4550=CARTESIAN_POINT('Origin',(5.00000001490116,18.5,6.5));
#4551=CARTESIAN_POINT('Origin',(5.00000001490116,10.5,1.5));
#4552=CARTESIAN_POINT('Origin',(5.00000001490116,10.5,1.5));
#4553=CARTESIAN_POINT('Origin',(0.,10.5,4.));
#4554=CARTESIAN_POINT('',(5.00000001490116,8.,4.));
#4555=CARTESIAN_POINT('Origin',(5.00000001490116,10.5,4.));
#4556=CARTESIAN_POINT('Origin',(5.00000001490116,10.5,4.));
#4557=CARTESIAN_POINT('Origin',(5.00000001490116,10.5,6.5));
#4558=CARTESIAN_POINT('Origin',(5.00000001490116,10.5,6.5));
#4559=CARTESIAN_POINT('Origin',(0.,26.5,4.));
#4560=CARTESIAN_POINT('Origin',(5.00000001490116,26.5,4.));
#4561=CARTESIAN_POINT('Origin',(5.00000001490116,26.5,4.));
#4562=CARTESIAN_POINT('Origin',(0.,26.5,4.));
#4563=CARTESIAN_POINT('Origin',(13.0000000149012,26.5,4.));
#4564=CARTESIAN_POINT('Origin',(13.0000000149012,26.5,4.));
#4565=CARTESIAN_POINT('Origin',(0.,26.5,4.));
#4566=CARTESIAN_POINT('Origin',(5.00000001490116,26.5,4.));
#4567=CARTESIAN_POINT('Origin',(5.00000001490116,26.5,4.));
#4568=CARTESIAN_POINT('Origin',(0.,18.5,4.));
#4569=CARTESIAN_POINT('Origin',(5.00000001490116,18.5,4.));
#4570=CARTESIAN_POINT('Origin',(5.00000001490116,18.5,4.));
#4571=CARTESIAN_POINT('Origin',(0.,18.5,4.));
#4572=CARTESIAN_POINT('Origin',(13.0000000149012,18.5,4.));
#4573=CARTESIAN_POINT('Origin',(13.0000000149012,18.5,4.));
#4574=CARTESIAN_POINT('Origin',(0.,18.5,4.));
#4575=CARTESIAN_POINT('Origin',(5.00000001490116,18.5,4.));
#4576=CARTESIAN_POINT('Origin',(5.00000001490116,18.5,4.));
#4577=CARTESIAN_POINT('Origin',(0.,10.5,4.));
#4578=CARTESIAN_POINT('Origin',(5.00000001490116,10.5,4.));
#4579=CARTESIAN_POINT('Origin',(5.00000001490116,10.5,4.));
#4580=CARTESIAN_POINT('Origin',(0.,10.5,4.));
#4581=CARTESIAN_POINT('Origin',(13.0000000149012,10.5,4.));
#4582=CARTESIAN_POINT('Origin',(13.0000000149012,10.5,4.));
#4583=CARTESIAN_POINT('Origin',(0.,10.5,4.));
#4584=CARTESIAN_POINT('Origin',(5.00000001490116,10.5,4.));
#4585=CARTESIAN_POINT('Origin',(5.00000001490116,10.5,4.));
#4586=CARTESIAN_POINT('Origin',(13.0000000149012,26.5,1.5));
#4587=CARTESIAN_POINT('Origin',(13.0000000149012,26.5,1.5));
#4588=CARTESIAN_POINT('Origin',(13.0000000149012,26.5,1.5));
#4589=CARTESIAN_POINT('Origin',(13.0000000149012,26.5,1.5));
#4590=CARTESIAN_POINT('Origin',(5.00000001490116,26.5,1.5));
#4591=CARTESIAN_POINT('Origin',(5.00000001490116,26.5,1.5));
#4592=CARTESIAN_POINT('Origin',(5.00000001490116,26.5,1.5));
#4593=CARTESIAN_POINT('Origin',(5.00000001490116,26.5,1.5));
#4594=CARTESIAN_POINT('Origin',(13.0000000149012,18.5,1.5));
#4595=CARTESIAN_POINT('Origin',(13.0000000149012,18.5,1.5));
#4596=CARTESIAN_POINT('Origin',(13.0000000149012,18.5,1.5));
#4597=CARTESIAN_POINT('Origin',(13.0000000149012,18.5,1.5));
#4598=CARTESIAN_POINT('Origin',(5.00000001490116,18.5,1.5));
#4599=CARTESIAN_POINT('Origin',(5.00000001490116,18.5,1.5));
#4600=CARTESIAN_POINT('Origin',(5.00000001490116,18.5,1.5));
#4601=CARTESIAN_POINT('Origin',(5.00000001490116,18.5,1.5));
#4602=CARTESIAN_POINT('Origin',(13.0000000149012,10.5,1.5));
#4603=CARTESIAN_POINT('Origin',(13.0000000149012,10.5,1.5));
#4604=CARTESIAN_POINT('Origin',(13.0000000149012,10.5,1.5));
#4605=CARTESIAN_POINT('Origin',(13.0000000149012,10.5,1.5));
#4606=CARTESIAN_POINT('Origin',(5.00000001490116,10.5,1.5));
#4607=CARTESIAN_POINT('Origin',(5.00000001490116,10.5,1.5));
#4608=CARTESIAN_POINT('Origin',(5.00000001490116,10.5,1.5));
#4609=CARTESIAN_POINT('Origin',(5.00000001490116,10.5,1.5));
#4610=CARTESIAN_POINT('Origin',(3.,4.5,0.));
#4611=CARTESIAN_POINT('',(1.05,4.5,-1.));
#4612=CARTESIAN_POINT('Origin',(3.,4.5,-1.));
#4613=CARTESIAN_POINT('',(1.05,4.5,0.));
#4614=CARTESIAN_POINT('Origin',(15.,4.5,0.));
#4615=CARTESIAN_POINT('',(13.05,4.5,-1.));
#4616=CARTESIAN_POINT('Origin',(15.,4.5,-1.));
#4617=CARTESIAN_POINT('',(13.05,4.5,0.));
#4618=CARTESIAN_POINT('Origin',(3.,4.5,0.));
#4619=CARTESIAN_POINT('',(0.,4.5,-1.));
#4620=CARTESIAN_POINT('',(2.77555756156289E-16,4.5,0.));
#4621=CARTESIAN_POINT('',(3.,1.5,-1.));
#4622=CARTESIAN_POINT('Origin',(3.,4.5,-1.));
#4623=CARTESIAN_POINT('',(3.,1.5,0.));
#4624=CARTESIAN_POINT('Origin',(15.0000002235174,1.5,0.));
#4625=CARTESIAN_POINT('',(15.0000002235174,1.5,-1.));
#4626=CARTESIAN_POINT('',(3.,1.5,-1.));
#4627=CARTESIAN_POINT('',(15.0000002235174,1.5,0.));
#4628=CARTESIAN_POINT('Origin',(15.,4.5,0.));
#4629=CARTESIAN_POINT('',(18.,4.5,-1.));
#4630=CARTESIAN_POINT('Origin',(15.,4.5,-1.));
#4631=CARTESIAN_POINT('',(18.,4.5,0.));
#4632=CARTESIAN_POINT('Origin',(18.,30.5,0.));
#4633=CARTESIAN_POINT('',(18.,4.5,-1.));
#4634=CARTESIAN_POINT('Origin',(2.77555756156289E-16,4.5,0.));
#4635=CARTESIAN_POINT('',(0.,30.5,-1.));
#4636=CARTESIAN_POINT('Origin',(9.,16.,-1.));
#4637=UNCERTAINTY_MEASURE_WITH_UNIT(LENGTH_MEASURE(0.01),#4641,
'DISTANCE_ACCURACY_VALUE',
'Maximum model space distance between geometric entities at asserted c
onnectivities');
#4638=UNCERTAINTY_MEASURE_WITH_UNIT(LENGTH_MEASURE(0.01),#4641,
'DISTANCE_ACCURACY_VALUE',
'Maximum model space distance between geometric entities at asserted c
onnectivities');
#4639=(
GEOMETRIC_REPRESENTATION_CONTEXT(3)
GLOBAL_UNCERTAINTY_ASSIGNED_CONTEXT((#4637))
GLOBAL_UNIT_ASSIGNED_CONTEXT((#4641,#4643,#4644))
REPRESENTATION_CONTEXT('','3D')
);
#4640=(
GEOMETRIC_REPRESENTATION_CONTEXT(3)
GLOBAL_UNCERTAINTY_ASSIGNED_CONTEXT((#4638))
GLOBAL_UNIT_ASSIGNED_CONTEXT((#4641,#4643,#4644))
REPRESENTATION_CONTEXT('','3D')
);
#4641=(
LENGTH_UNIT()
NAMED_UNIT(*)
SI_UNIT(.MILLI.,.METRE.)
);
#4642=(
LENGTH_UNIT()
NAMED_UNIT(*)
SI_UNIT($,.METRE.)
);
#4643=(
NAMED_UNIT(*)
PLANE_ANGLE_UNIT()
SI_UNIT($,.RADIAN.)
);
#4644=(
NAMED_UNIT(*)
SI_UNIT($,.STERADIAN.)
SOLID_ANGLE_UNIT()
);
#4645=SHAPE_DEFINITION_REPRESENTATION(#4646,#4647);
#4646=PRODUCT_DEFINITION_SHAPE('',$,#4649);
#4647=SHAPE_REPRESENTATION('',(#2506),#4639);
#4648=PRODUCT_DEFINITION_CONTEXT('part definition',#4653,'design');
#4649=PRODUCT_DEFINITION('indukcni','indukcni v1',#4650,#4648);
#4650=PRODUCT_DEFINITION_FORMATION('',$,#4655);
#4651=PRODUCT_RELATED_PRODUCT_CATEGORY('indukcni v1','indukcni v1',(#4655));
#4652=APPLICATION_PROTOCOL_DEFINITION('international standard',
'automotive_design',2009,#4653);
#4653=APPLICATION_CONTEXT(
'Core Data for Automotive Mechanical Design Process');
#4654=PRODUCT_CONTEXT('part definition',#4653,'mechanical');
#4655=PRODUCT('indukcni','indukcni v1',$,(#4654));
#4656=PRESENTATION_STYLE_ASSIGNMENT((#4657));
#4657=SURFACE_STYLE_USAGE(.BOTH.,#4658);
#4658=SURFACE_SIDE_STYLE('',(#4659));
#4659=SURFACE_STYLE_FILL_AREA(#4660);
#4660=FILL_AREA_STYLE('Steel - Satin',(#4661));
#4661=FILL_AREA_STYLE_COLOUR('Steel - Satin',#4662);
#4662=COLOUR_RGB('Steel - Satin',0.627450980392157,0.627450980392157,0.627450980392157);
ENDSEC;
END-ISO-10303-21;
