ISO-10303-21;
HEADER;
/* Generated by software containing ST-Developer
 * from STEP Tools, Inc. (www.steptools.com) 
 */

FILE_DESCRIPTION(
/* description */ (''),
/* implementation_level */ '2;1');

FILE_NAME(
/* name */ 'Line_sensor.step',
/* time_stamp */ '2024-11-18T08:31:06+01:00',
/* author */ (''),
/* organization */ (''),
/* preprocessor_version */ 'ST-DEVELOPER v20',
/* originating_system */ 'Autodesk Translation Framework v13.20.0.188',

/* authorisation */ '');

FILE_SCHEMA (('AUTOMOTIVE_DESIGN { 1 0 10303 214 3 1 1 }'));
ENDSEC;

DATA;
#10=MECHANICAL_DESIGN_GEOMETRIC_PRESENTATION_REPRESENTATION('',(#21,#22,
#23,#24),#4458);
#11=SHAPE_REPRESENTATION_RELATIONSHIP('SRR','None',#4465,#12);
#12=ADVANCED_BREP_SHAPE_REPRESENTATION('',(#25,#26,#27,#28),#4457);
#13=B_SPLINE_CURVE_WITH_KNOTS('',3,(#3717,#3718,#3719,#3720,#3721,#3722,
#3723,#3724,#3725,#3726,#3727,#3728,#3729,#3730,#3731,#3732,#3733,#3734),
 .UNSPECIFIED.,.F.,.F.,(4,2,2,2,2,2,2,2,4),(0.0628809905465712,0.104857657289842,
0.209715314579683,0.28070841634962,0.351701518119557,0.417663300085006,
0.483625082050455,0.551288025085705,0.618950968120956),.UNSPECIFIED.);
#14=B_SPLINE_CURVE_WITH_KNOTS('',3,(#3735,#3736,#3737,#3738,#3739,#3740,
#3741,#3742,#3743,#3744,#3745,#3746,#3747,#3748,#3749,#3750,#3751,#3752),
 .UNSPECIFIED.,.F.,.F.,(4,2,2,2,2,2,2,2,4),(0.618950968120956,0.686613911156206,
0.754276854191456,0.820238636156905,0.886200418122354,0.957193519892291,
1.02818662166223,1.13304427895207,1.17502094569534),.UNSPECIFIED.);
#15=B_SPLINE_CURVE_WITH_KNOTS('',3,(#4017,#4018,#4019,#4020,#4021,#4022,
#4023,#4024,#4025,#4026,#4027,#4028,#4029,#4030,#4031,#4032,#4033,#4034),
 .UNSPECIFIED.,.F.,.F.,(4,2,2,2,2,2,2,2,4),(0.624252122435618,0.665858086774765,
0.685982570328113,0.706107053881461,0.719083837767227,0.732060621652994,
0.745037405538761,0.758014189424528,0.759363972620171),.UNSPECIFIED.);
#16=B_SPLINE_CURVE_WITH_KNOTS('',3,(#4038,#4039,#4040,#4041,#4042,#4043),
 .UNSPECIFIED.,.F.,.F.,(4,2,4),(0.0700456391756265,0.0714351657517921,0.0995097836779746),
 .UNSPECIFIED.);
#17=B_SPLINE_CURVE_WITH_KNOTS('',3,(#4047,#4048,#4049,#4050),
 .UNSPECIFIED.,.F.,.F.,(4,4),(0.0628809905465712,0.0990749106959564),
 .UNSPECIFIED.);
#18=B_SPLINE_CURVE_WITH_KNOTS('',3,(#4054,#4055,#4056,#4057,#4058,#4059,
#4060,#4061,#4062,#4063,#4064,#4065,#4066,#4067,#4068,#4069,#4070,#4071,
#4072,#4073),.UNSPECIFIED.,.F.,.F.,(4,2,2,2,2,2,2,2,2,4),(0.553491167033489,
0.618950968120956,0.686613911156206,0.754276854191456,0.820238636156905,
0.886200418122354,0.957193519892291,1.02818662166223,1.13304427895207,1.17502094569534),
 .UNSPECIFIED.);
#19=B_SPLINE_CURVE_WITH_KNOTS('',3,(#4077,#4078,#4079,#4080,#4081,#4082),
 .UNSPECIFIED.,.F.,.F.,(4,2,4),(0.470012526970851,0.494019362218596,0.495839965468475),
 .UNSPECIFIED.);
#20=B_SPLINE_CURVE_WITH_KNOTS('',3,(#4089,#4090,#4091,#4092,#4093,#4094,
#4095,#4096,#4097,#4098,#4099,#4100,#4101,#4102,#4103),.UNSPECIFIED.,.F.,
 .F.,(4,2,3,2,2,2,4),(0.290017963339443,0.29723282009038,0.315972723618521,
0.334712627146661,0.353452530674801,0.373483051467909,0.393513572261017),
 .UNSPECIFIED.);
#21=STYLED_ITEM('',(#4474),#25);
#22=STYLED_ITEM('',(#4474),#26);
#23=STYLED_ITEM('',(#4474),#27);
#24=STYLED_ITEM('',(#4474),#28);
#25=MANIFOLD_SOLID_BREP('Body2',#2658);
#26=MANIFOLD_SOLID_BREP('Body4',#2659);
#27=MANIFOLD_SOLID_BREP('Body5',#2660);
#28=MANIFOLD_SOLID_BREP('Body6',#2661);
#29=FACE_BOUND('',#370,.T.);
#30=FACE_BOUND('',#373,.T.);
#31=FACE_BOUND('',#377,.T.);
#32=FACE_BOUND('',#409,.T.);
#33=FACE_BOUND('',#410,.T.);
#34=FACE_BOUND('',#416,.T.);
#35=FACE_BOUND('',#427,.T.);
#36=FACE_BOUND('',#430,.T.);
#37=FACE_BOUND('',#433,.T.);
#38=FACE_BOUND('',#436,.T.);
#39=FACE_BOUND('',#439,.T.);
#40=FACE_BOUND('',#442,.T.);
#41=FACE_BOUND('',#445,.T.);
#42=FACE_BOUND('',#449,.T.);
#43=FACE_BOUND('',#455,.T.);
#44=FACE_BOUND('',#456,.T.);
#45=FACE_BOUND('',#457,.T.);
#46=FACE_BOUND('',#459,.T.);
#47=FACE_BOUND('',#460,.T.);
#48=FACE_BOUND('',#461,.T.);
#49=FACE_BOUND('',#479,.T.);
#50=FACE_BOUND('',#480,.T.);
#51=FACE_BOUND('',#490,.T.);
#52=FACE_BOUND('',#505,.T.);
#53=FACE_BOUND('',#508,.T.);
#54=FACE_BOUND('',#511,.T.);
#55=FACE_BOUND('',#514,.T.);
#56=FACE_BOUND('',#518,.T.);
#57=FACE_BOUND('',#528,.T.);
#58=FACE_BOUND('',#529,.T.);
#59=FACE_BOUND('',#530,.T.);
#60=FACE_BOUND('',#532,.T.);
#61=FACE_BOUND('',#533,.T.);
#62=FACE_BOUND('',#537,.T.);
#63=FACE_BOUND('',#540,.T.);
#64=FACE_BOUND('',#544,.T.);
#65=PLANE('',#2680);
#66=PLANE('',#2681);
#67=PLANE('',#2682);
#68=PLANE('',#2684);
#69=PLANE('',#2687);
#70=PLANE('',#2688);
#71=PLANE('',#2689);
#72=PLANE('',#2690);
#73=PLANE('',#2691);
#74=PLANE('',#2692);
#75=PLANE('',#2693);
#76=PLANE('',#2694);
#77=PLANE('',#2695);
#78=PLANE('',#2696);
#79=PLANE('',#2697);
#80=PLANE('',#2698);
#81=PLANE('',#2702);
#82=PLANE('',#2703);
#83=PLANE('',#2704);
#84=PLANE('',#2705);
#85=PLANE('',#2706);
#86=PLANE('',#2707);
#87=PLANE('',#2708);
#88=PLANE('',#2709);
#89=PLANE('',#2710);
#90=PLANE('',#2711);
#91=PLANE('',#2712);
#92=PLANE('',#2713);
#93=PLANE('',#2714);
#94=PLANE('',#2715);
#95=PLANE('',#2716);
#96=PLANE('',#2717);
#97=PLANE('',#2718);
#98=PLANE('',#2719);
#99=PLANE('',#2720);
#100=PLANE('',#2722);
#101=PLANE('',#2723);
#102=PLANE('',#2724);
#103=PLANE('',#2725);
#104=PLANE('',#2726);
#105=PLANE('',#2728);
#106=PLANE('',#2729);
#107=PLANE('',#2730);
#108=PLANE('',#2732);
#109=PLANE('',#2733);
#110=PLANE('',#2734);
#111=PLANE('',#2735);
#112=PLANE('',#2739);
#113=PLANE('',#2744);
#114=PLANE('',#2749);
#115=PLANE('',#2754);
#116=PLANE('',#2759);
#117=PLANE('',#2764);
#118=PLANE('',#2769);
#119=PLANE('',#2770);
#120=PLANE('',#2771);
#121=PLANE('',#2775);
#122=PLANE('',#2779);
#123=PLANE('',#2780);
#124=PLANE('',#2791);
#125=PLANE('',#2796);
#126=PLANE('',#2797);
#127=PLANE('',#2798);
#128=PLANE('',#2799);
#129=PLANE('',#2800);
#130=PLANE('',#2801);
#131=PLANE('',#2802);
#132=PLANE('',#2803);
#133=PLANE('',#2804);
#134=PLANE('',#2805);
#135=PLANE('',#2806);
#136=PLANE('',#2808);
#137=PLANE('',#2809);
#138=PLANE('',#2810);
#139=PLANE('',#2811);
#140=PLANE('',#2812);
#141=PLANE('',#2813);
#142=PLANE('',#2814);
#143=PLANE('',#2815);
#144=PLANE('',#2816);
#145=PLANE('',#2818);
#146=PLANE('',#2819);
#147=PLANE('',#2820);
#148=PLANE('',#2821);
#149=PLANE('',#2822);
#150=PLANE('',#2823);
#151=PLANE('',#2824);
#152=PLANE('',#2826);
#153=PLANE('',#2827);
#154=PLANE('',#2828);
#155=PLANE('',#2829);
#156=PLANE('',#2833);
#157=PLANE('',#2838);
#158=PLANE('',#2842);
#159=PLANE('',#2847);
#160=PLANE('',#2849);
#161=PLANE('',#2853);
#162=PLANE('',#2857);
#163=PLANE('',#2858);
#164=PLANE('',#2859);
#165=PLANE('',#2863);
#166=PLANE('',#2867);
#167=PLANE('',#2868);
#168=PLANE('',#2874);
#169=PLANE('',#2875);
#170=PLANE('',#2876);
#171=PLANE('',#2878);
#172=PLANE('',#2881);
#173=PLANE('',#2882);
#174=PLANE('',#2883);
#175=PLANE('',#2884);
#176=PLANE('',#2885);
#177=PLANE('',#2886);
#178=PLANE('',#2887);
#179=PLANE('',#2888);
#180=PLANE('',#2889);
#181=PLANE('',#2890);
#182=PLANE('',#2891);
#183=CYLINDRICAL_SURFACE('',#2678,1.75);
#184=CYLINDRICAL_SURFACE('',#2685,2.5);
#185=CYLINDRICAL_SURFACE('',#2700,1.75);
#186=CYLINDRICAL_SURFACE('',#2731,1.75);
#187=CYLINDRICAL_SURFACE('',#2736,3.);
#188=CYLINDRICAL_SURFACE('',#2741,3.);
#189=CYLINDRICAL_SURFACE('',#2746,3.);
#190=CYLINDRICAL_SURFACE('',#2751,3.);
#191=CYLINDRICAL_SURFACE('',#2756,3.);
#192=CYLINDRICAL_SURFACE('',#2761,3.);
#193=CYLINDRICAL_SURFACE('',#2766,2.5);
#194=CYLINDRICAL_SURFACE('',#2767,2.5);
#195=CYLINDRICAL_SURFACE('',#2768,2.5);
#196=CYLINDRICAL_SURFACE('',#2772,4.);
#197=CYLINDRICAL_SURFACE('',#2776,4.);
#198=CYLINDRICAL_SURFACE('',#2781,0.5);
#199=CYLINDRICAL_SURFACE('',#2783,1.75);
#200=CYLINDRICAL_SURFACE('',#2786,3.);
#201=CYLINDRICAL_SURFACE('',#2789,0.5);
#202=CYLINDRICAL_SURFACE('',#2792,2.5);
#203=CYLINDRICAL_SURFACE('',#2825,1.75);
#204=CYLINDRICAL_SURFACE('',#2830,3.);
#205=CYLINDRICAL_SURFACE('',#2835,3.);
#206=CYLINDRICAL_SURFACE('',#2839,3.);
#207=CYLINDRICAL_SURFACE('',#2844,3.);
#208=CYLINDRICAL_SURFACE('',#2850,3.);
#209=CYLINDRICAL_SURFACE('',#2855,2.5);
#210=CYLINDRICAL_SURFACE('',#2856,2.5);
#211=CYLINDRICAL_SURFACE('',#2860,4.);
#212=CYLINDRICAL_SURFACE('',#2864,4.);
#213=CYLINDRICAL_SURFACE('',#2872,1.75);
#214=CYLINDRICAL_SURFACE('',#2879,2.5);
#215=FACE_OUTER_BOUND('',#367,.T.);
#216=FACE_OUTER_BOUND('',#368,.T.);
#217=FACE_OUTER_BOUND('',#369,.T.);
#218=FACE_OUTER_BOUND('',#371,.T.);
#219=FACE_OUTER_BOUND('',#372,.T.);
#220=FACE_OUTER_BOUND('',#374,.T.);
#221=FACE_OUTER_BOUND('',#375,.T.);
#222=FACE_OUTER_BOUND('',#376,.T.);
#223=FACE_OUTER_BOUND('',#378,.T.);
#224=FACE_OUTER_BOUND('',#379,.T.);
#225=FACE_OUTER_BOUND('',#380,.T.);
#226=FACE_OUTER_BOUND('',#381,.T.);
#227=FACE_OUTER_BOUND('',#382,.T.);
#228=FACE_OUTER_BOUND('',#383,.T.);
#229=FACE_OUTER_BOUND('',#384,.T.);
#230=FACE_OUTER_BOUND('',#385,.T.);
#231=FACE_OUTER_BOUND('',#386,.T.);
#232=FACE_OUTER_BOUND('',#387,.T.);
#233=FACE_OUTER_BOUND('',#388,.T.);
#234=FACE_OUTER_BOUND('',#389,.T.);
#235=FACE_OUTER_BOUND('',#390,.T.);
#236=FACE_OUTER_BOUND('',#391,.T.);
#237=FACE_OUTER_BOUND('',#392,.T.);
#238=FACE_OUTER_BOUND('',#393,.T.);
#239=FACE_OUTER_BOUND('',#394,.T.);
#240=FACE_OUTER_BOUND('',#395,.T.);
#241=FACE_OUTER_BOUND('',#396,.T.);
#242=FACE_OUTER_BOUND('',#397,.T.);
#243=FACE_OUTER_BOUND('',#398,.T.);
#244=FACE_OUTER_BOUND('',#399,.T.);
#245=FACE_OUTER_BOUND('',#400,.T.);
#246=FACE_OUTER_BOUND('',#401,.T.);
#247=FACE_OUTER_BOUND('',#402,.T.);
#248=FACE_OUTER_BOUND('',#403,.T.);
#249=FACE_OUTER_BOUND('',#404,.T.);
#250=FACE_OUTER_BOUND('',#405,.T.);
#251=FACE_OUTER_BOUND('',#406,.T.);
#252=FACE_OUTER_BOUND('',#407,.T.);
#253=FACE_OUTER_BOUND('',#408,.T.);
#254=FACE_OUTER_BOUND('',#411,.T.);
#255=FACE_OUTER_BOUND('',#412,.T.);
#256=FACE_OUTER_BOUND('',#413,.T.);
#257=FACE_OUTER_BOUND('',#414,.T.);
#258=FACE_OUTER_BOUND('',#415,.T.);
#259=FACE_OUTER_BOUND('',#417,.T.);
#260=FACE_OUTER_BOUND('',#418,.T.);
#261=FACE_OUTER_BOUND('',#419,.T.);
#262=FACE_OUTER_BOUND('',#420,.T.);
#263=FACE_OUTER_BOUND('',#421,.T.);
#264=FACE_OUTER_BOUND('',#422,.T.);
#265=FACE_OUTER_BOUND('',#423,.T.);
#266=FACE_OUTER_BOUND('',#424,.T.);
#267=FACE_OUTER_BOUND('',#425,.T.);
#268=FACE_OUTER_BOUND('',#426,.T.);
#269=FACE_OUTER_BOUND('',#428,.T.);
#270=FACE_OUTER_BOUND('',#429,.T.);
#271=FACE_OUTER_BOUND('',#431,.T.);
#272=FACE_OUTER_BOUND('',#432,.T.);
#273=FACE_OUTER_BOUND('',#434,.T.);
#274=FACE_OUTER_BOUND('',#435,.T.);
#275=FACE_OUTER_BOUND('',#437,.T.);
#276=FACE_OUTER_BOUND('',#438,.T.);
#277=FACE_OUTER_BOUND('',#440,.T.);
#278=FACE_OUTER_BOUND('',#441,.T.);
#279=FACE_OUTER_BOUND('',#443,.T.);
#280=FACE_OUTER_BOUND('',#444,.T.);
#281=FACE_OUTER_BOUND('',#446,.T.);
#282=FACE_OUTER_BOUND('',#447,.T.);
#283=FACE_OUTER_BOUND('',#448,.T.);
#284=FACE_OUTER_BOUND('',#450,.T.);
#285=FACE_OUTER_BOUND('',#451,.T.);
#286=FACE_OUTER_BOUND('',#452,.T.);
#287=FACE_OUTER_BOUND('',#453,.T.);
#288=FACE_OUTER_BOUND('',#454,.T.);
#289=FACE_OUTER_BOUND('',#458,.T.);
#290=FACE_OUTER_BOUND('',#462,.T.);
#291=FACE_OUTER_BOUND('',#463,.T.);
#292=FACE_OUTER_BOUND('',#464,.T.);
#293=FACE_OUTER_BOUND('',#465,.T.);
#294=FACE_OUTER_BOUND('',#466,.T.);
#295=FACE_OUTER_BOUND('',#467,.T.);
#296=FACE_OUTER_BOUND('',#468,.T.);
#297=FACE_OUTER_BOUND('',#469,.T.);
#298=FACE_OUTER_BOUND('',#470,.T.);
#299=FACE_OUTER_BOUND('',#471,.T.);
#300=FACE_OUTER_BOUND('',#472,.T.);
#301=FACE_OUTER_BOUND('',#473,.T.);
#302=FACE_OUTER_BOUND('',#474,.T.);
#303=FACE_OUTER_BOUND('',#475,.T.);
#304=FACE_OUTER_BOUND('',#476,.T.);
#305=FACE_OUTER_BOUND('',#477,.T.);
#306=FACE_OUTER_BOUND('',#478,.T.);
#307=FACE_OUTER_BOUND('',#481,.T.);
#308=FACE_OUTER_BOUND('',#482,.T.);
#309=FACE_OUTER_BOUND('',#483,.T.);
#310=FACE_OUTER_BOUND('',#484,.T.);
#311=FACE_OUTER_BOUND('',#485,.T.);
#312=FACE_OUTER_BOUND('',#486,.T.);
#313=FACE_OUTER_BOUND('',#487,.T.);
#314=FACE_OUTER_BOUND('',#488,.T.);
#315=FACE_OUTER_BOUND('',#489,.T.);
#316=FACE_OUTER_BOUND('',#491,.T.);
#317=FACE_OUTER_BOUND('',#492,.T.);
#318=FACE_OUTER_BOUND('',#493,.T.);
#319=FACE_OUTER_BOUND('',#494,.T.);
#320=FACE_OUTER_BOUND('',#495,.T.);
#321=FACE_OUTER_BOUND('',#496,.T.);
#322=FACE_OUTER_BOUND('',#497,.T.);
#323=FACE_OUTER_BOUND('',#498,.T.);
#324=FACE_OUTER_BOUND('',#499,.T.);
#325=FACE_OUTER_BOUND('',#500,.T.);
#326=FACE_OUTER_BOUND('',#501,.T.);
#327=FACE_OUTER_BOUND('',#502,.T.);
#328=FACE_OUTER_BOUND('',#503,.T.);
#329=FACE_OUTER_BOUND('',#504,.T.);
#330=FACE_OUTER_BOUND('',#506,.T.);
#331=FACE_OUTER_BOUND('',#507,.T.);
#332=FACE_OUTER_BOUND('',#509,.T.);
#333=FACE_OUTER_BOUND('',#510,.T.);
#334=FACE_OUTER_BOUND('',#512,.T.);
#335=FACE_OUTER_BOUND('',#513,.T.);
#336=FACE_OUTER_BOUND('',#515,.T.);
#337=FACE_OUTER_BOUND('',#516,.T.);
#338=FACE_OUTER_BOUND('',#517,.T.);
#339=FACE_OUTER_BOUND('',#519,.T.);
#340=FACE_OUTER_BOUND('',#520,.T.);
#341=FACE_OUTER_BOUND('',#521,.T.);
#342=FACE_OUTER_BOUND('',#522,.T.);
#343=FACE_OUTER_BOUND('',#523,.T.);
#344=FACE_OUTER_BOUND('',#524,.T.);
#345=FACE_OUTER_BOUND('',#525,.T.);
#346=FACE_OUTER_BOUND('',#526,.T.);
#347=FACE_OUTER_BOUND('',#527,.T.);
#348=FACE_OUTER_BOUND('',#531,.T.);
#349=FACE_OUTER_BOUND('',#534,.T.);
#350=FACE_OUTER_BOUND('',#535,.T.);
#351=FACE_OUTER_BOUND('',#536,.T.);
#352=FACE_OUTER_BOUND('',#538,.T.);
#353=FACE_OUTER_BOUND('',#539,.T.);
#354=FACE_OUTER_BOUND('',#541,.T.);
#355=FACE_OUTER_BOUND('',#542,.T.);
#356=FACE_OUTER_BOUND('',#543,.T.);
#357=FACE_OUTER_BOUND('',#545,.T.);
#358=FACE_OUTER_BOUND('',#546,.T.);
#359=FACE_OUTER_BOUND('',#547,.T.);
#360=FACE_OUTER_BOUND('',#548,.T.);
#361=FACE_OUTER_BOUND('',#549,.T.);
#362=FACE_OUTER_BOUND('',#550,.T.);
#363=FACE_OUTER_BOUND('',#551,.T.);
#364=FACE_OUTER_BOUND('',#552,.T.);
#365=FACE_OUTER_BOUND('',#553,.T.);
#366=FACE_OUTER_BOUND('',#554,.T.);
#367=EDGE_LOOP('',(#1784,#1785,#1786,#1787));
#368=EDGE_LOOP('',(#1788,#1789,#1790,#1791));
#369=EDGE_LOOP('',(#1792,#1793,#1794,#1795));
#370=EDGE_LOOP('',(#1796));
#371=EDGE_LOOP('',(#1797,#1798,#1799,#1800));
#372=EDGE_LOOP('',(#1801,#1802,#1803,#1804));
#373=EDGE_LOOP('',(#1805));
#374=EDGE_LOOP('',(#1806,#1807,#1808,#1809));
#375=EDGE_LOOP('',(#1810,#1811,#1812,#1813));
#376=EDGE_LOOP('',(#1814));
#377=EDGE_LOOP('',(#1815));
#378=EDGE_LOOP('',(#1816,#1817,#1818,#1819));
#379=EDGE_LOOP('',(#1820,#1821,#1822,#1823));
#380=EDGE_LOOP('',(#1824,#1825,#1826,#1827));
#381=EDGE_LOOP('',(#1828,#1829,#1830,#1831));
#382=EDGE_LOOP('',(#1832,#1833,#1834,#1835));
#383=EDGE_LOOP('',(#1836,#1837,#1838,#1839));
#384=EDGE_LOOP('',(#1840,#1841,#1842,#1843));
#385=EDGE_LOOP('',(#1844,#1845,#1846,#1847,#1848,#1849,#1850,#1851,#1852,
#1853,#1854,#1855));
#386=EDGE_LOOP('',(#1856,#1857,#1858,#1859));
#387=EDGE_LOOP('',(#1860,#1861,#1862,#1863,#1864,#1865,#1866,#1867,#1868,
#1869,#1870,#1871));
#388=EDGE_LOOP('',(#1872,#1873));
#389=EDGE_LOOP('',(#1874,#1875,#1876,#1877,#1878,#1879));
#390=EDGE_LOOP('',(#1880,#1881,#1882,#1883,#1884,#1885,#1886,#1887));
#391=EDGE_LOOP('',(#1888,#1889,#1890,#1891));
#392=EDGE_LOOP('',(#1892,#1893,#1894,#1895));
#393=EDGE_LOOP('',(#1896,#1897,#1898,#1899));
#394=EDGE_LOOP('',(#1900,#1901,#1902,#1903));
#395=EDGE_LOOP('',(#1904,#1905,#1906,#1907));
#396=EDGE_LOOP('',(#1908,#1909,#1910,#1911));
#397=EDGE_LOOP('',(#1912,#1913,#1914,#1915));
#398=EDGE_LOOP('',(#1916,#1917,#1918,#1919));
#399=EDGE_LOOP('',(#1920,#1921,#1922,#1923));
#400=EDGE_LOOP('',(#1924,#1925,#1926,#1927,#1928,#1929));
#401=EDGE_LOOP('',(#1930,#1931,#1932,#1933));
#402=EDGE_LOOP('',(#1934,#1935,#1936,#1937));
#403=EDGE_LOOP('',(#1938,#1939,#1940,#1941));
#404=EDGE_LOOP('',(#1942,#1943,#1944,#1945));
#405=EDGE_LOOP('',(#1946,#1947,#1948,#1949));
#406=EDGE_LOOP('',(#1950,#1951,#1952,#1953));
#407=EDGE_LOOP('',(#1954,#1955,#1956,#1957));
#408=EDGE_LOOP('',(#1958,#1959,#1960,#1961,#1962,#1963));
#409=EDGE_LOOP('',(#1964));
#410=EDGE_LOOP('',(#1965,#1966,#1967,#1968,#1969,#1970));
#411=EDGE_LOOP('',(#1971,#1972,#1973,#1974,#1975));
#412=EDGE_LOOP('',(#1976,#1977,#1978,#1979,#1980));
#413=EDGE_LOOP('',(#1981,#1982,#1983,#1984));
#414=EDGE_LOOP('',(#1985,#1986,#1987,#1988));
#415=EDGE_LOOP('',(#1989,#1990,#1991,#1992,#1993));
#416=EDGE_LOOP('',(#1994));
#417=EDGE_LOOP('',(#1995,#1996,#1997,#1998,#1999,#2000,#2001,#2002));
#418=EDGE_LOOP('',(#2003,#2004,#2005,#2006));
#419=EDGE_LOOP('',(#2007,#2008,#2009,#2010));
#420=EDGE_LOOP('',(#2011,#2012,#2013,#2014));
#421=EDGE_LOOP('',(#2015,#2016,#2017,#2018));
#422=EDGE_LOOP('',(#2019,#2020,#2021,#2022));
#423=EDGE_LOOP('',(#2023,#2024,#2025,#2026));
#424=EDGE_LOOP('',(#2027,#2028,#2029,#2030));
#425=EDGE_LOOP('',(#2031,#2032,#2033,#2034));
#426=EDGE_LOOP('',(#2035));
#427=EDGE_LOOP('',(#2036));
#428=EDGE_LOOP('',(#2037,#2038,#2039,#2040));
#429=EDGE_LOOP('',(#2041));
#430=EDGE_LOOP('',(#2042));
#431=EDGE_LOOP('',(#2043,#2044,#2045,#2046));
#432=EDGE_LOOP('',(#2047));
#433=EDGE_LOOP('',(#2048));
#434=EDGE_LOOP('',(#2049,#2050,#2051,#2052));
#435=EDGE_LOOP('',(#2053));
#436=EDGE_LOOP('',(#2054));
#437=EDGE_LOOP('',(#2055,#2056,#2057,#2058));
#438=EDGE_LOOP('',(#2059));
#439=EDGE_LOOP('',(#2060));
#440=EDGE_LOOP('',(#2061,#2062,#2063,#2064));
#441=EDGE_LOOP('',(#2065));
#442=EDGE_LOOP('',(#2066));
#443=EDGE_LOOP('',(#2067,#2068,#2069,#2070));
#444=EDGE_LOOP('',(#2071,#2072,#2073,#2074));
#445=EDGE_LOOP('',(#2075,#2076,#2077));
#446=EDGE_LOOP('',(#2078,#2079,#2080,#2081));
#447=EDGE_LOOP('',(#2082,#2083,#2084,#2085,#2086,#2087));
#448=EDGE_LOOP('',(#2088,#2089,#2090,#2091,#2092));
#449=EDGE_LOOP('',(#2093));
#450=EDGE_LOOP('',(#2094,#2095,#2096,#2097));
#451=EDGE_LOOP('',(#2098,#2099,#2100,#2101));
#452=EDGE_LOOP('',(#2102,#2103,#2104,#2105));
#453=EDGE_LOOP('',(#2106,#2107,#2108,#2109));
#454=EDGE_LOOP('',(#2110,#2111,#2112,#2113,#2114,#2115,#2116,#2117));
#455=EDGE_LOOP('',(#2118));
#456=EDGE_LOOP('',(#2119));
#457=EDGE_LOOP('',(#2120));
#458=EDGE_LOOP('',(#2121,#2122,#2123,#2124,#2125,#2126,#2127,#2128));
#459=EDGE_LOOP('',(#2129));
#460=EDGE_LOOP('',(#2130));
#461=EDGE_LOOP('',(#2131));
#462=EDGE_LOOP('',(#2132,#2133,#2134,#2135));
#463=EDGE_LOOP('',(#2136,#2137,#2138,#2139,#2140,#2141,#2142,#2143,#2144,
#2145));
#464=EDGE_LOOP('',(#2146,#2147,#2148,#2149,#2150,#2151));
#465=EDGE_LOOP('',(#2152,#2153,#2154,#2155));
#466=EDGE_LOOP('',(#2156,#2157));
#467=EDGE_LOOP('',(#2158,#2159,#2160,#2161,#2162,#2163,#2164,#2165));
#468=EDGE_LOOP('',(#2166,#2167,#2168,#2169));
#469=EDGE_LOOP('',(#2170,#2171,#2172,#2173));
#470=EDGE_LOOP('',(#2174,#2175,#2176,#2177));
#471=EDGE_LOOP('',(#2178,#2179,#2180,#2181));
#472=EDGE_LOOP('',(#2182,#2183,#2184,#2185));
#473=EDGE_LOOP('',(#2186,#2187,#2188,#2189));
#474=EDGE_LOOP('',(#2190,#2191,#2192,#2193));
#475=EDGE_LOOP('',(#2194,#2195,#2196,#2197));
#476=EDGE_LOOP('',(#2198,#2199,#2200,#2201));
#477=EDGE_LOOP('',(#2202,#2203,#2204,#2205));
#478=EDGE_LOOP('',(#2206,#2207,#2208,#2209,#2210,#2211));
#479=EDGE_LOOP('',(#2212));
#480=EDGE_LOOP('',(#2213,#2214,#2215,#2216,#2217,#2218));
#481=EDGE_LOOP('',(#2219,#2220,#2221,#2222));
#482=EDGE_LOOP('',(#2223,#2224,#2225,#2226));
#483=EDGE_LOOP('',(#2227,#2228,#2229,#2230));
#484=EDGE_LOOP('',(#2231,#2232,#2233,#2234));
#485=EDGE_LOOP('',(#2235,#2236,#2237,#2238));
#486=EDGE_LOOP('',(#2239,#2240,#2241,#2242));
#487=EDGE_LOOP('',(#2243,#2244,#2245,#2246,#2247,#2248));
#488=EDGE_LOOP('',(#2249,#2250,#2251,#2252,#2253));
#489=EDGE_LOOP('',(#2254,#2255,#2256,#2257,#2258));
#490=EDGE_LOOP('',(#2259));
#491=EDGE_LOOP('',(#2260,#2261,#2262,#2263));
#492=EDGE_LOOP('',(#2264,#2265,#2266,#2267));
#493=EDGE_LOOP('',(#2268,#2269,#2270,#2271,#2272));
#494=EDGE_LOOP('',(#2273,#2274,#2275,#2276,#2277,#2278,#2279,#2280));
#495=EDGE_LOOP('',(#2281,#2282,#2283,#2284));
#496=EDGE_LOOP('',(#2285,#2286,#2287,#2288));
#497=EDGE_LOOP('',(#2289,#2290,#2291,#2292));
#498=EDGE_LOOP('',(#2293,#2294,#2295,#2296));
#499=EDGE_LOOP('',(#2297,#2298,#2299,#2300));
#500=EDGE_LOOP('',(#2301,#2302,#2303,#2304));
#501=EDGE_LOOP('',(#2305,#2306,#2307,#2308));
#502=EDGE_LOOP('',(#2309,#2310,#2311,#2312,#2313,#2314,#2315,#2316));
#503=EDGE_LOOP('',(#2317,#2318,#2319,#2320));
#504=EDGE_LOOP('',(#2321));
#505=EDGE_LOOP('',(#2322));
#506=EDGE_LOOP('',(#2323,#2324,#2325,#2326));
#507=EDGE_LOOP('',(#2327));
#508=EDGE_LOOP('',(#2328));
#509=EDGE_LOOP('',(#2329,#2330,#2331,#2332));
#510=EDGE_LOOP('',(#2333));
#511=EDGE_LOOP('',(#2334));
#512=EDGE_LOOP('',(#2335,#2336,#2337,#2338));
#513=EDGE_LOOP('',(#2339));
#514=EDGE_LOOP('',(#2340));
#515=EDGE_LOOP('',(#2341,#2342,#2343,#2344,#2345));
#516=EDGE_LOOP('',(#2346,#2347,#2348,#2349));
#517=EDGE_LOOP('',(#2350));
#518=EDGE_LOOP('',(#2351));
#519=EDGE_LOOP('',(#2352,#2353,#2354,#2355));
#520=EDGE_LOOP('',(#2356,#2357,#2358,#2359));
#521=EDGE_LOOP('',(#2360,#2361,#2362,#2363,#2364,#2365));
#522=EDGE_LOOP('',(#2366,#2367,#2368,#2369,#2370,#2371,#2372,#2373,#2374));
#523=EDGE_LOOP('',(#2375,#2376,#2377,#2378));
#524=EDGE_LOOP('',(#2379,#2380,#2381,#2382));
#525=EDGE_LOOP('',(#2383,#2384,#2385,#2386));
#526=EDGE_LOOP('',(#2387,#2388,#2389,#2390));
#527=EDGE_LOOP('',(#2391,#2392,#2393,#2394,#2395,#2396,#2397,#2398));
#528=EDGE_LOOP('',(#2399));
#529=EDGE_LOOP('',(#2400));
#530=EDGE_LOOP('',(#2401));
#531=EDGE_LOOP('',(#2402,#2403,#2404,#2405,#2406,#2407,#2408,#2409,#2410,
#2411,#2412,#2413));
#532=EDGE_LOOP('',(#2414));
#533=EDGE_LOOP('',(#2415));
#534=EDGE_LOOP('',(#2416,#2417,#2418,#2419));
#535=EDGE_LOOP('',(#2420,#2421,#2422,#2423));
#536=EDGE_LOOP('',(#2424,#2425,#2426,#2427));
#537=EDGE_LOOP('',(#2428));
#538=EDGE_LOOP('',(#2429,#2430,#2431,#2432));
#539=EDGE_LOOP('',(#2433,#2434,#2435,#2436));
#540=EDGE_LOOP('',(#2437));
#541=EDGE_LOOP('',(#2438,#2439,#2440,#2441));
#542=EDGE_LOOP('',(#2442,#2443,#2444,#2445));
#543=EDGE_LOOP('',(#2446));
#544=EDGE_LOOP('',(#2447));
#545=EDGE_LOOP('',(#2448,#2449,#2450,#2451));
#546=EDGE_LOOP('',(#2452,#2453,#2454,#2455));
#547=EDGE_LOOP('',(#2456,#2457,#2458,#2459));
#548=EDGE_LOOP('',(#2460,#2461,#2462,#2463));
#549=EDGE_LOOP('',(#2464,#2465,#2466,#2467));
#550=EDGE_LOOP('',(#2468,#2469,#2470,#2471));
#551=EDGE_LOOP('',(#2472,#2473,#2474,#2475));
#552=EDGE_LOOP('',(#2476,#2477,#2478,#2479,#2480,#2481,#2482,#2483,#2484,
#2485,#2486,#2487));
#553=EDGE_LOOP('',(#2488,#2489,#2490,#2491));
#554=EDGE_LOOP('',(#2492,#2493,#2494,#2495,#2496,#2497,#2498,#2499,#2500,
#2501,#2502,#2503));
#555=LINE('',#3620,#842);
#556=LINE('',#3624,#843);
#557=LINE('',#3629,#844);
#558=LINE('',#3631,#845);
#559=LINE('',#3633,#846);
#560=LINE('',#3634,#847);
#561=LINE('',#3638,#848);
#562=LINE('',#3640,#849);
#563=LINE('',#3642,#850);
#564=LINE('',#3643,#851);
#565=LINE('',#3646,#852);
#566=LINE('',#3648,#853);
#567=LINE('',#3649,#854);
#568=LINE('',#3654,#855);
#569=LINE('',#3656,#856);
#570=LINE('',#3657,#857);
#571=LINE('',#3661,#858);
#572=LINE('',#3665,#859);
#573=LINE('',#3667,#860);
#574=LINE('',#3668,#861);
#575=LINE('',#3672,#862);
#576=LINE('',#3674,#863);
#577=LINE('',#3676,#864);
#578=LINE('',#3677,#865);
#579=LINE('',#3679,#866);
#580=LINE('',#3680,#867);
#581=LINE('',#3683,#868);
#582=LINE('',#3685,#869);
#583=LINE('',#3686,#870);
#584=LINE('',#3689,#871);
#585=LINE('',#3691,#872);
#586=LINE('',#3692,#873);
#587=LINE('',#3695,#874);
#588=LINE('',#3697,#875);
#589=LINE('',#3698,#876);
#590=LINE('',#3700,#877);
#591=LINE('',#3701,#878);
#592=LINE('',#3703,#879);
#593=LINE('',#3705,#880);
#594=LINE('',#3710,#881);
#595=LINE('',#3716,#882);
#596=LINE('',#3756,#883);
#597=LINE('',#3758,#884);
#598=LINE('',#3760,#885);
#599=LINE('',#3762,#886);
#600=LINE('',#3764,#887);
#601=LINE('',#3766,#888);
#602=LINE('',#3768,#889);
#603=LINE('',#3769,#890);
#604=LINE('',#3773,#891);
#605=LINE('',#3775,#892);
#606=LINE('',#3777,#893);
#607=LINE('',#3778,#894);
#608=LINE('',#3781,#895);
#609=LINE('',#3783,#896);
#610=LINE('',#3784,#897);
#611=LINE('',#3787,#898);
#612=LINE('',#3789,#899);
#613=LINE('',#3790,#900);
#614=LINE('',#3793,#901);
#615=LINE('',#3795,#902);
#616=LINE('',#3796,#903);
#617=LINE('',#3799,#904);
#618=LINE('',#3801,#905);
#619=LINE('',#3802,#906);
#620=LINE('',#3804,#907);
#621=LINE('',#3805,#908);
#622=LINE('',#3808,#909);
#623=LINE('',#3810,#910);
#624=LINE('',#3811,#911);
#625=LINE('',#3814,#912);
#626=LINE('',#3815,#913);
#627=LINE('',#3818,#914);
#628=LINE('',#3819,#915);
#629=LINE('',#3824,#916);
#630=LINE('',#3826,#917);
#631=LINE('',#3827,#918);
#632=LINE('',#3828,#919);
#633=LINE('',#3831,#920);
#634=LINE('',#3833,#921);
#635=LINE('',#3834,#922);
#636=LINE('',#3837,#923);
#637=LINE('',#3838,#924);
#638=LINE('',#3839,#925);
#639=LINE('',#3842,#926);
#640=LINE('',#3843,#927);
#641=LINE('',#3846,#928);
#642=LINE('',#3847,#929);
#643=LINE('',#3849,#930);
#644=LINE('',#3851,#931);
#645=LINE('',#3855,#932);
#646=LINE('',#3857,#933);
#647=LINE('',#3859,#934);
#648=LINE('',#3861,#935);
#649=LINE('',#3863,#936);
#650=LINE('',#3864,#937);
#651=LINE('',#3869,#938);
#652=LINE('',#3871,#939);
#653=LINE('',#3873,#940);
#654=LINE('',#3874,#941);
#655=LINE('',#3878,#942);
#656=LINE('',#3880,#943);
#657=LINE('',#3882,#944);
#658=LINE('',#3884,#945);
#659=LINE('',#3885,#946);
#660=LINE('',#3888,#947);
#661=LINE('',#3890,#948);
#662=LINE('',#3891,#949);
#663=LINE('',#3893,#950);
#664=LINE('',#3894,#951);
#665=LINE('',#3896,#952);
#666=LINE('',#3900,#953);
#667=LINE('',#3902,#954);
#668=LINE('',#3903,#955);
#669=LINE('',#3905,#956);
#670=LINE('',#3908,#957);
#671=LINE('',#3910,#958);
#672=LINE('',#3912,#959);
#673=LINE('',#3914,#960);
#674=LINE('',#3917,#961);
#675=LINE('',#3918,#962);
#676=LINE('',#3923,#963);
#677=LINE('',#3932,#964);
#678=LINE('',#3941,#965);
#679=LINE('',#3950,#966);
#680=LINE('',#3959,#967);
#681=LINE('',#3968,#968);
#682=LINE('',#3974,#969);
#683=LINE('',#3976,#970);
#684=LINE('',#3978,#971);
#685=LINE('',#3981,#972);
#686=LINE('',#3983,#973);
#687=LINE('',#3984,#974);
#688=LINE('',#3986,#975);
#689=LINE('',#3989,#976);
#690=LINE('',#3991,#977);
#691=LINE('',#3992,#978);
#692=LINE('',#3998,#979);
#693=LINE('',#4001,#980);
#694=LINE('',#4003,#981);
#695=LINE('',#4004,#982);
#696=LINE('',#4015,#983);
#697=LINE('',#4035,#984);
#698=LINE('',#4045,#985);
#699=LINE('',#4075,#986);
#700=LINE('',#4084,#987);
#701=LINE('',#4108,#988);
#702=LINE('',#4110,#989);
#703=LINE('',#4115,#990);
#704=LINE('',#4121,#991);
#705=LINE('',#4123,#992);
#706=LINE('',#4125,#993);
#707=LINE('',#4126,#994);
#708=LINE('',#4130,#995);
#709=LINE('',#4132,#996);
#710=LINE('',#4134,#997);
#711=LINE('',#4135,#998);
#712=LINE('',#4138,#999);
#713=LINE('',#4140,#1000);
#714=LINE('',#4141,#1001);
#715=LINE('',#4144,#1002);
#716=LINE('',#4146,#1003);
#717=LINE('',#4147,#1004);
#718=LINE('',#4150,#1005);
#719=LINE('',#4152,#1006);
#720=LINE('',#4153,#1007);
#721=LINE('',#4156,#1008);
#722=LINE('',#4158,#1009);
#723=LINE('',#4159,#1010);
#724=LINE('',#4161,#1011);
#725=LINE('',#4162,#1012);
#726=LINE('',#4165,#1013);
#727=LINE('',#4167,#1014);
#728=LINE('',#4168,#1015);
#729=LINE('',#4171,#1016);
#730=LINE('',#4172,#1017);
#731=LINE('',#4175,#1018);
#732=LINE('',#4176,#1019);
#733=LINE('',#4180,#1020);
#734=LINE('',#4182,#1021);
#735=LINE('',#4184,#1022);
#736=LINE('',#4186,#1023);
#737=LINE('',#4188,#1024);
#738=LINE('',#4189,#1025);
#739=LINE('',#4195,#1026);
#740=LINE('',#4196,#1027);
#741=LINE('',#4197,#1028);
#742=LINE('',#4200,#1029);
#743=LINE('',#4202,#1030);
#744=LINE('',#4203,#1031);
#745=LINE('',#4206,#1032);
#746=LINE('',#4208,#1033);
#747=LINE('',#4209,#1034);
#748=LINE('',#4211,#1035);
#749=LINE('',#4213,#1036);
#750=LINE('',#4214,#1037);
#751=LINE('',#4217,#1038);
#752=LINE('',#4218,#1039);
#753=LINE('',#4220,#1040);
#754=LINE('',#4225,#1041);
#755=LINE('',#4227,#1042);
#756=LINE('',#4229,#1043);
#757=LINE('',#4231,#1044);
#758=LINE('',#4232,#1045);
#759=LINE('',#4235,#1046);
#760=LINE('',#4237,#1047);
#761=LINE('',#4239,#1048);
#762=LINE('',#4240,#1049);
#763=LINE('',#4245,#1050);
#764=LINE('',#4246,#1051);
#765=LINE('',#4249,#1052);
#766=LINE('',#4250,#1053);
#767=LINE('',#4252,#1054);
#768=LINE('',#4253,#1055);
#769=LINE('',#4255,#1056);
#770=LINE('',#4257,#1057);
#771=LINE('',#4258,#1058);
#772=LINE('',#4260,#1059);
#773=LINE('',#4262,#1060);
#774=LINE('',#4265,#1061);
#775=LINE('',#4268,#1062);
#776=LINE('',#4270,#1063);
#777=LINE('',#4271,#1064);
#778=LINE('',#4274,#1065);
#779=LINE('',#4275,#1066);
#780=LINE('',#4277,#1067);
#781=LINE('',#4280,#1068);
#782=LINE('',#4282,#1069);
#783=LINE('',#4283,#1070);
#784=LINE('',#4288,#1071);
#785=LINE('',#4297,#1072);
#786=LINE('',#4304,#1073);
#787=LINE('',#4313,#1074);
#788=LINE('',#4323,#1075);
#789=LINE('',#4329,#1076);
#790=LINE('',#4331,#1077);
#791=LINE('',#4334,#1078);
#792=LINE('',#4336,#1079);
#793=LINE('',#4337,#1080);
#794=LINE('',#4339,#1081);
#795=LINE('',#4340,#1082);
#796=LINE('',#4343,#1083);
#797=LINE('',#4345,#1084);
#798=LINE('',#4346,#1085);
#799=LINE('',#4352,#1086);
#800=LINE('',#4355,#1087);
#801=LINE('',#4357,#1088);
#802=LINE('',#4358,#1089);
#803=LINE('',#4368,#1090);
#804=LINE('',#4372,#1091);
#805=LINE('',#4377,#1092);
#806=LINE('',#4379,#1093);
#807=LINE('',#4381,#1094);
#808=LINE('',#4382,#1095);
#809=LINE('',#4386,#1096);
#810=LINE('',#4388,#1097);
#811=LINE('',#4390,#1098);
#812=LINE('',#4391,#1099);
#813=LINE('',#4394,#1100);
#814=LINE('',#4396,#1101);
#815=LINE('',#4397,#1102);
#816=LINE('',#4402,#1103);
#817=LINE('',#4404,#1104);
#818=LINE('',#4405,#1105);
#819=LINE('',#4409,#1106);
#820=LINE('',#4413,#1107);
#821=LINE('',#4415,#1108);
#822=LINE('',#4416,#1109);
#823=LINE('',#4420,#1110);
#824=LINE('',#4422,#1111);
#825=LINE('',#4424,#1112);
#826=LINE('',#4425,#1113);
#827=LINE('',#4427,#1114);
#828=LINE('',#4428,#1115);
#829=LINE('',#4431,#1116);
#830=LINE('',#4433,#1117);
#831=LINE('',#4434,#1118);
#832=LINE('',#4437,#1119);
#833=LINE('',#4439,#1120);
#834=LINE('',#4440,#1121);
#835=LINE('',#4443,#1122);
#836=LINE('',#4445,#1123);
#837=LINE('',#4446,#1124);
#838=LINE('',#4448,#1125);
#839=LINE('',#4449,#1126);
#840=LINE('',#4451,#1127);
#841=LINE('',#4453,#1128);
#842=VECTOR('',#2898,2.5);
#843=VECTOR('',#2903,1.75);
#844=VECTOR('',#2908,10.);
#845=VECTOR('',#2909,10.);
#846=VECTOR('',#2910,10.);
#847=VECTOR('',#2911,10.);
#848=VECTOR('',#2914,10.);
#849=VECTOR('',#2915,10.);
#850=VECTOR('',#2916,10.);
#851=VECTOR('',#2917,10.);
#852=VECTOR('',#2920,10.);
#853=VECTOR('',#2921,10.);
#854=VECTOR('',#2922,10.);
#855=VECTOR('',#2927,10.);
#856=VECTOR('',#2928,10.);
#857=VECTOR('',#2929,10.);
#858=VECTOR('',#2934,2.5);
#859=VECTOR('',#2939,10.);
#860=VECTOR('',#2940,10.);
#861=VECTOR('',#2941,10.);
#862=VECTOR('',#2944,10.);
#863=VECTOR('',#2945,10.);
#864=VECTOR('',#2946,10.);
#865=VECTOR('',#2947,10.);
#866=VECTOR('',#2950,10.);
#867=VECTOR('',#2951,10.);
#868=VECTOR('',#2954,10.);
#869=VECTOR('',#2955,10.);
#870=VECTOR('',#2956,10.);
#871=VECTOR('',#2959,10.);
#872=VECTOR('',#2960,10.);
#873=VECTOR('',#2961,10.);
#874=VECTOR('',#2964,10.);
#875=VECTOR('',#2965,10.);
#876=VECTOR('',#2966,10.);
#877=VECTOR('',#2969,10.);
#878=VECTOR('',#2970,10.);
#879=VECTOR('',#2973,10.);
#880=VECTOR('',#2976,10.);
#881=VECTOR('',#2981,10.);
#882=VECTOR('',#2988,1.75);
#883=VECTOR('',#2991,10.);
#884=VECTOR('',#2992,10.);
#885=VECTOR('',#2993,10.);
#886=VECTOR('',#2994,10.);
#887=VECTOR('',#2995,10.);
#888=VECTOR('',#2996,10.);
#889=VECTOR('',#2997,10.);
#890=VECTOR('',#2998,10.);
#891=VECTOR('',#3001,10.);
#892=VECTOR('',#3002,10.);
#893=VECTOR('',#3003,10.);
#894=VECTOR('',#3004,10.);
#895=VECTOR('',#3007,10.);
#896=VECTOR('',#3008,10.);
#897=VECTOR('',#3009,10.);
#898=VECTOR('',#3012,10.);
#899=VECTOR('',#3013,10.);
#900=VECTOR('',#3014,10.);
#901=VECTOR('',#3017,10.);
#902=VECTOR('',#3018,10.);
#903=VECTOR('',#3019,10.);
#904=VECTOR('',#3022,10.);
#905=VECTOR('',#3023,10.);
#906=VECTOR('',#3024,10.);
#907=VECTOR('',#3027,10.);
#908=VECTOR('',#3028,10.);
#909=VECTOR('',#3031,10.);
#910=VECTOR('',#3032,10.);
#911=VECTOR('',#3033,10.);
#912=VECTOR('',#3036,10.);
#913=VECTOR('',#3037,10.);
#914=VECTOR('',#3040,10.);
#915=VECTOR('',#3041,10.);
#916=VECTOR('',#3046,10.);
#917=VECTOR('',#3047,10.);
#918=VECTOR('',#3048,10.);
#919=VECTOR('',#3049,10.);
#920=VECTOR('',#3052,10.);
#921=VECTOR('',#3053,10.);
#922=VECTOR('',#3054,10.);
#923=VECTOR('',#3057,10.);
#924=VECTOR('',#3058,10.);
#925=VECTOR('',#3059,10.);
#926=VECTOR('',#3062,10.);
#927=VECTOR('',#3063,10.);
#928=VECTOR('',#3066,10.);
#929=VECTOR('',#3067,10.);
#930=VECTOR('',#3070,10.);
#931=VECTOR('',#3073,10.);
#932=VECTOR('',#3076,10.);
#933=VECTOR('',#3077,10.);
#934=VECTOR('',#3078,10.);
#935=VECTOR('',#3079,10.);
#936=VECTOR('',#3080,10.);
#937=VECTOR('',#3081,10.);
#938=VECTOR('',#3086,10.);
#939=VECTOR('',#3087,10.);
#940=VECTOR('',#3088,10.);
#941=VECTOR('',#3089,10.);
#942=VECTOR('',#3092,10.);
#943=VECTOR('',#3093,10.);
#944=VECTOR('',#3094,10.);
#945=VECTOR('',#3095,10.);
#946=VECTOR('',#3096,10.);
#947=VECTOR('',#3099,10.);
#948=VECTOR('',#3100,10.);
#949=VECTOR('',#3101,10.);
#950=VECTOR('',#3104,10.);
#951=VECTOR('',#3105,10.);
#952=VECTOR('',#3108,10.);
#953=VECTOR('',#3113,10.);
#954=VECTOR('',#3114,10.);
#955=VECTOR('',#3115,10.);
#956=VECTOR('',#3118,10.);
#957=VECTOR('',#3123,1.75);
#958=VECTOR('',#3126,10.);
#959=VECTOR('',#3129,10.);
#960=VECTOR('',#3132,10.);
#961=VECTOR('',#3135,10.);
#962=VECTOR('',#3136,10.);
#963=VECTOR('',#3141,3.);
#964=VECTOR('',#3152,3.);
#965=VECTOR('',#3163,3.);
#966=VECTOR('',#3174,3.);
#967=VECTOR('',#3185,3.);
#968=VECTOR('',#3196,3.);
#969=VECTOR('',#3205,2.5);
#970=VECTOR('',#3208,2.5);
#971=VECTOR('',#3211,2.5);
#972=VECTOR('',#3214,10.);
#973=VECTOR('',#3215,10.);
#974=VECTOR('',#3216,10.);
#975=VECTOR('',#3219,10.);
#976=VECTOR('',#3222,10.);
#977=VECTOR('',#3223,10.);
#978=VECTOR('',#3224,10.);
#979=VECTOR('',#3231,10.);
#980=VECTOR('',#3234,10.);
#981=VECTOR('',#3235,10.);
#982=VECTOR('',#3236,10.);
#983=VECTOR('',#3251,10.);
#984=VECTOR('',#3252,10.);
#985=VECTOR('',#3255,10.);
#986=VECTOR('',#3258,10.);
#987=VECTOR('',#3259,10.);
#988=VECTOR('',#3272,10.);
#989=VECTOR('',#3275,10.);
#990=VECTOR('',#3280,2.5);
#991=VECTOR('',#3287,10.);
#992=VECTOR('',#3288,10.);
#993=VECTOR('',#3289,10.);
#994=VECTOR('',#3290,10.);
#995=VECTOR('',#3293,10.);
#996=VECTOR('',#3294,10.);
#997=VECTOR('',#3295,10.);
#998=VECTOR('',#3296,10.);
#999=VECTOR('',#3299,10.);
#1000=VECTOR('',#3300,10.);
#1001=VECTOR('',#3301,10.);
#1002=VECTOR('',#3304,10.);
#1003=VECTOR('',#3305,10.);
#1004=VECTOR('',#3306,10.);
#1005=VECTOR('',#3309,10.);
#1006=VECTOR('',#3310,10.);
#1007=VECTOR('',#3311,10.);
#1008=VECTOR('',#3314,10.);
#1009=VECTOR('',#3315,10.);
#1010=VECTOR('',#3316,10.);
#1011=VECTOR('',#3319,10.);
#1012=VECTOR('',#3320,10.);
#1013=VECTOR('',#3323,10.);
#1014=VECTOR('',#3324,10.);
#1015=VECTOR('',#3325,10.);
#1016=VECTOR('',#3328,10.);
#1017=VECTOR('',#3329,10.);
#1018=VECTOR('',#3332,10.);
#1019=VECTOR('',#3333,10.);
#1020=VECTOR('',#3336,10.);
#1021=VECTOR('',#3337,10.);
#1022=VECTOR('',#3338,10.);
#1023=VECTOR('',#3339,10.);
#1024=VECTOR('',#3340,10.);
#1025=VECTOR('',#3341,10.);
#1026=VECTOR('',#3346,10.);
#1027=VECTOR('',#3347,10.);
#1028=VECTOR('',#3348,10.);
#1029=VECTOR('',#3351,10.);
#1030=VECTOR('',#3352,10.);
#1031=VECTOR('',#3353,10.);
#1032=VECTOR('',#3356,10.);
#1033=VECTOR('',#3357,10.);
#1034=VECTOR('',#3358,10.);
#1035=VECTOR('',#3361,10.);
#1036=VECTOR('',#3362,10.);
#1037=VECTOR('',#3363,10.);
#1038=VECTOR('',#3366,10.);
#1039=VECTOR('',#3367,10.);
#1040=VECTOR('',#3370,10.);
#1041=VECTOR('',#3375,10.);
#1042=VECTOR('',#3376,10.);
#1043=VECTOR('',#3377,10.);
#1044=VECTOR('',#3378,10.);
#1045=VECTOR('',#3379,10.);
#1046=VECTOR('',#3382,10.);
#1047=VECTOR('',#3383,10.);
#1048=VECTOR('',#3384,10.);
#1049=VECTOR('',#3385,10.);
#1050=VECTOR('',#3390,10.);
#1051=VECTOR('',#3391,10.);
#1052=VECTOR('',#3394,10.);
#1053=VECTOR('',#3395,10.);
#1054=VECTOR('',#3398,10.);
#1055=VECTOR('',#3399,10.);
#1056=VECTOR('',#3402,10.);
#1057=VECTOR('',#3403,10.);
#1058=VECTOR('',#3404,10.);
#1059=VECTOR('',#3407,10.);
#1060=VECTOR('',#3410,10.);
#1061=VECTOR('',#3415,1.75);
#1062=VECTOR('',#3418,10.);
#1063=VECTOR('',#3419,10.);
#1064=VECTOR('',#3420,10.);
#1065=VECTOR('',#3423,10.);
#1066=VECTOR('',#3424,10.);
#1067=VECTOR('',#3427,10.);
#1068=VECTOR('',#3430,10.);
#1069=VECTOR('',#3431,10.);
#1070=VECTOR('',#3432,10.);
#1071=VECTOR('',#3437,3.);
#1072=VECTOR('',#3448,3.);
#1073=VECTOR('',#3457,3.);
#1074=VECTOR('',#3468,3.);
#1075=VECTOR('',#3481,3.);
#1076=VECTOR('',#3490,2.5);
#1077=VECTOR('',#3493,2.5);
#1078=VECTOR('',#3496,10.);
#1079=VECTOR('',#3497,10.);
#1080=VECTOR('',#3498,10.);
#1081=VECTOR('',#3501,10.);
#1082=VECTOR('',#3502,10.);
#1083=VECTOR('',#3505,10.);
#1084=VECTOR('',#3506,10.);
#1085=VECTOR('',#3507,10.);
#1086=VECTOR('',#3514,10.);
#1087=VECTOR('',#3517,10.);
#1088=VECTOR('',#3518,10.);
#1089=VECTOR('',#3519,10.);
#1090=VECTOR('',#3534,2.5);
#1091=VECTOR('',#3539,1.75);
#1092=VECTOR('',#3544,10.);
#1093=VECTOR('',#3545,10.);
#1094=VECTOR('',#3546,10.);
#1095=VECTOR('',#3547,10.);
#1096=VECTOR('',#3550,10.);
#1097=VECTOR('',#3551,10.);
#1098=VECTOR('',#3552,10.);
#1099=VECTOR('',#3553,10.);
#1100=VECTOR('',#3556,10.);
#1101=VECTOR('',#3557,10.);
#1102=VECTOR('',#3558,10.);
#1103=VECTOR('',#3563,10.);
#1104=VECTOR('',#3564,10.);
#1105=VECTOR('',#3565,10.);
#1106=VECTOR('',#3570,2.5);
#1107=VECTOR('',#3575,10.);
#1108=VECTOR('',#3576,10.);
#1109=VECTOR('',#3577,10.);
#1110=VECTOR('',#3580,10.);
#1111=VECTOR('',#3581,10.);
#1112=VECTOR('',#3582,10.);
#1113=VECTOR('',#3583,10.);
#1114=VECTOR('',#3586,10.);
#1115=VECTOR('',#3587,10.);
#1116=VECTOR('',#3590,10.);
#1117=VECTOR('',#3591,10.);
#1118=VECTOR('',#3592,10.);
#1119=VECTOR('',#3595,10.);
#1120=VECTOR('',#3596,10.);
#1121=VECTOR('',#3597,10.);
#1122=VECTOR('',#3600,10.);
#1123=VECTOR('',#3601,10.);
#1124=VECTOR('',#3602,10.);
#1125=VECTOR('',#3605,10.);
#1126=VECTOR('',#3606,10.);
#1127=VECTOR('',#3609,10.);
#1128=VECTOR('',#3612,10.);
#1129=CIRCLE('',#2676,3.25);
#1130=CIRCLE('',#2677,1.75);
#1131=CIRCLE('',#2679,1.75);
#1132=CIRCLE('',#2683,2.5);
#1133=CIRCLE('',#2686,2.5);
#1134=CIRCLE('',#2699,1.75);
#1135=CIRCLE('',#2701,1.75);
#1136=CIRCLE('',#2721,1.75);
#1137=CIRCLE('',#2727,1.75);
#1138=CIRCLE('',#2737,3.);
#1139=CIRCLE('',#2738,3.);
#1140=CIRCLE('',#2740,2.5);
#1141=CIRCLE('',#2742,3.);
#1142=CIRCLE('',#2743,3.);
#1143=CIRCLE('',#2745,2.5);
#1144=CIRCLE('',#2747,3.);
#1145=CIRCLE('',#2748,3.);
#1146=CIRCLE('',#2750,2.5);
#1147=CIRCLE('',#2752,3.);
#1148=CIRCLE('',#2753,3.);
#1149=CIRCLE('',#2755,2.5);
#1150=CIRCLE('',#2757,3.);
#1151=CIRCLE('',#2758,3.);
#1152=CIRCLE('',#2760,2.5);
#1153=CIRCLE('',#2762,3.);
#1154=CIRCLE('',#2763,3.);
#1155=CIRCLE('',#2765,2.5);
#1156=CIRCLE('',#2773,4.);
#1157=CIRCLE('',#2774,4.);
#1158=CIRCLE('',#2777,4.);
#1159=CIRCLE('',#2778,4.);
#1160=CIRCLE('',#2782,0.5);
#1161=CIRCLE('',#2784,1.75);
#1162=CIRCLE('',#2785,1.75);
#1163=CIRCLE('',#2787,3.);
#1164=CIRCLE('',#2788,3.);
#1165=CIRCLE('',#2790,0.5);
#1166=CIRCLE('',#2793,2.5);
#1167=CIRCLE('',#2794,2.5);
#1168=CIRCLE('',#2795,2.5);
#1169=CIRCLE('',#2807,1.75);
#1170=CIRCLE('',#2817,1.75);
#1171=CIRCLE('',#2831,3.);
#1172=CIRCLE('',#2832,3.);
#1173=CIRCLE('',#2834,2.5);
#1174=CIRCLE('',#2836,3.);
#1175=CIRCLE('',#2837,3.);
#1176=CIRCLE('',#2840,3.);
#1177=CIRCLE('',#2841,3.);
#1178=CIRCLE('',#2843,2.5);
#1179=CIRCLE('',#2845,3.);
#1180=CIRCLE('',#2846,3.);
#1181=CIRCLE('',#2848,2.5);
#1182=CIRCLE('',#2851,3.);
#1183=CIRCLE('',#2852,3.);
#1184=CIRCLE('',#2854,2.5);
#1185=CIRCLE('',#2861,4.);
#1186=CIRCLE('',#2862,4.);
#1187=CIRCLE('',#2865,4.);
#1188=CIRCLE('',#2866,4.);
#1189=CIRCLE('',#2870,3.25);
#1190=CIRCLE('',#2871,1.75);
#1191=CIRCLE('',#2873,1.75);
#1192=CIRCLE('',#2877,2.5);
#1193=CIRCLE('',#2880,2.5);
#1194=VERTEX_POINT('',#3617);
#1195=VERTEX_POINT('',#3619);
#1196=VERTEX_POINT('',#3623);
#1197=VERTEX_POINT('',#3627);
#1198=VERTEX_POINT('',#3628);
#1199=VERTEX_POINT('',#3630);
#1200=VERTEX_POINT('',#3632);
#1201=VERTEX_POINT('',#3636);
#1202=VERTEX_POINT('',#3637);
#1203=VERTEX_POINT('',#3639);
#1204=VERTEX_POINT('',#3641);
#1205=VERTEX_POINT('',#3645);
#1206=VERTEX_POINT('',#3647);
#1207=VERTEX_POINT('',#3650);
#1208=VERTEX_POINT('',#3653);
#1209=VERTEX_POINT('',#3655);
#1210=VERTEX_POINT('',#3659);
#1211=VERTEX_POINT('',#3664);
#1212=VERTEX_POINT('',#3666);
#1213=VERTEX_POINT('',#3670);
#1214=VERTEX_POINT('',#3671);
#1215=VERTEX_POINT('',#3673);
#1216=VERTEX_POINT('',#3675);
#1217=VERTEX_POINT('',#3682);
#1218=VERTEX_POINT('',#3684);
#1219=VERTEX_POINT('',#3688);
#1220=VERTEX_POINT('',#3690);
#1221=VERTEX_POINT('',#3694);
#1222=VERTEX_POINT('',#3696);
#1223=VERTEX_POINT('',#3708);
#1224=VERTEX_POINT('',#3709);
#1225=VERTEX_POINT('',#3713);
#1226=VERTEX_POINT('',#3715);
#1227=VERTEX_POINT('',#3754);
#1228=VERTEX_POINT('',#3755);
#1229=VERTEX_POINT('',#3757);
#1230=VERTEX_POINT('',#3759);
#1231=VERTEX_POINT('',#3761);
#1232=VERTEX_POINT('',#3763);
#1233=VERTEX_POINT('',#3765);
#1234=VERTEX_POINT('',#3767);
#1235=VERTEX_POINT('',#3771);
#1236=VERTEX_POINT('',#3772);
#1237=VERTEX_POINT('',#3774);
#1238=VERTEX_POINT('',#3776);
#1239=VERTEX_POINT('',#3780);
#1240=VERTEX_POINT('',#3782);
#1241=VERTEX_POINT('',#3786);
#1242=VERTEX_POINT('',#3788);
#1243=VERTEX_POINT('',#3792);
#1244=VERTEX_POINT('',#3794);
#1245=VERTEX_POINT('',#3798);
#1246=VERTEX_POINT('',#3800);
#1247=VERTEX_POINT('',#3807);
#1248=VERTEX_POINT('',#3809);
#1249=VERTEX_POINT('',#3813);
#1250=VERTEX_POINT('',#3817);
#1251=VERTEX_POINT('',#3822);
#1252=VERTEX_POINT('',#3823);
#1253=VERTEX_POINT('',#3825);
#1254=VERTEX_POINT('',#3830);
#1255=VERTEX_POINT('',#3832);
#1256=VERTEX_POINT('',#3836);
#1257=VERTEX_POINT('',#3841);
#1258=VERTEX_POINT('',#3845);
#1259=VERTEX_POINT('',#3853);
#1260=VERTEX_POINT('',#3854);
#1261=VERTEX_POINT('',#3856);
#1262=VERTEX_POINT('',#3858);
#1263=VERTEX_POINT('',#3860);
#1264=VERTEX_POINT('',#3862);
#1265=VERTEX_POINT('',#3865);
#1266=VERTEX_POINT('',#3868);
#1267=VERTEX_POINT('',#3870);
#1268=VERTEX_POINT('',#3872);
#1269=VERTEX_POINT('',#3876);
#1270=VERTEX_POINT('',#3877);
#1271=VERTEX_POINT('',#3879);
#1272=VERTEX_POINT('',#3881);
#1273=VERTEX_POINT('',#3883);
#1274=VERTEX_POINT('',#3887);
#1275=VERTEX_POINT('',#3889);
#1276=VERTEX_POINT('',#3897);
#1277=VERTEX_POINT('',#3901);
#1278=VERTEX_POINT('',#3916);
#1279=VERTEX_POINT('',#3920);
#1280=VERTEX_POINT('',#3922);
#1281=VERTEX_POINT('',#3926);
#1282=VERTEX_POINT('',#3929);
#1283=VERTEX_POINT('',#3931);
#1284=VERTEX_POINT('',#3935);
#1285=VERTEX_POINT('',#3938);
#1286=VERTEX_POINT('',#3940);
#1287=VERTEX_POINT('',#3944);
#1288=VERTEX_POINT('',#3947);
#1289=VERTEX_POINT('',#3949);
#1290=VERTEX_POINT('',#3953);
#1291=VERTEX_POINT('',#3956);
#1292=VERTEX_POINT('',#3958);
#1293=VERTEX_POINT('',#3962);
#1294=VERTEX_POINT('',#3965);
#1295=VERTEX_POINT('',#3967);
#1296=VERTEX_POINT('',#3971);
#1297=VERTEX_POINT('',#3980);
#1298=VERTEX_POINT('',#3982);
#1299=VERTEX_POINT('',#3988);
#1300=VERTEX_POINT('',#3990);
#1301=VERTEX_POINT('',#3994);
#1302=VERTEX_POINT('',#3996);
#1303=VERTEX_POINT('',#4000);
#1304=VERTEX_POINT('',#4002);
#1305=VERTEX_POINT('',#4011);
#1306=VERTEX_POINT('',#4012);
#1307=VERTEX_POINT('',#4014);
#1308=VERTEX_POINT('',#4016);
#1309=VERTEX_POINT('',#4037);
#1310=VERTEX_POINT('',#4044);
#1311=VERTEX_POINT('',#4046);
#1312=VERTEX_POINT('',#4051);
#1313=VERTEX_POINT('',#4053);
#1314=VERTEX_POINT('',#4074);
#1315=VERTEX_POINT('',#4076);
#1316=VERTEX_POINT('',#4083);
#1317=VERTEX_POINT('',#4087);
#1318=VERTEX_POINT('',#4106);
#1319=VERTEX_POINT('',#4112);
#1320=VERTEX_POINT('',#4114);
#1321=VERTEX_POINT('',#4119);
#1322=VERTEX_POINT('',#4120);
#1323=VERTEX_POINT('',#4122);
#1324=VERTEX_POINT('',#4124);
#1325=VERTEX_POINT('',#4128);
#1326=VERTEX_POINT('',#4129);
#1327=VERTEX_POINT('',#4131);
#1328=VERTEX_POINT('',#4133);
#1329=VERTEX_POINT('',#4137);
#1330=VERTEX_POINT('',#4139);
#1331=VERTEX_POINT('',#4143);
#1332=VERTEX_POINT('',#4145);
#1333=VERTEX_POINT('',#4149);
#1334=VERTEX_POINT('',#4151);
#1335=VERTEX_POINT('',#4155);
#1336=VERTEX_POINT('',#4157);
#1337=VERTEX_POINT('',#4164);
#1338=VERTEX_POINT('',#4166);
#1339=VERTEX_POINT('',#4170);
#1340=VERTEX_POINT('',#4174);
#1341=VERTEX_POINT('',#4178);
#1342=VERTEX_POINT('',#4179);
#1343=VERTEX_POINT('',#4181);
#1344=VERTEX_POINT('',#4183);
#1345=VERTEX_POINT('',#4185);
#1346=VERTEX_POINT('',#4187);
#1347=VERTEX_POINT('',#4190);
#1348=VERTEX_POINT('',#4193);
#1349=VERTEX_POINT('',#4194);
#1350=VERTEX_POINT('',#4199);
#1351=VERTEX_POINT('',#4201);
#1352=VERTEX_POINT('',#4205);
#1353=VERTEX_POINT('',#4207);
#1354=VERTEX_POINT('',#4212);
#1355=VERTEX_POINT('',#4216);
#1356=VERTEX_POINT('',#4223);
#1357=VERTEX_POINT('',#4224);
#1358=VERTEX_POINT('',#4226);
#1359=VERTEX_POINT('',#4228);
#1360=VERTEX_POINT('',#4230);
#1361=VERTEX_POINT('',#4234);
#1362=VERTEX_POINT('',#4236);
#1363=VERTEX_POINT('',#4238);
#1364=VERTEX_POINT('',#4241);
#1365=VERTEX_POINT('',#4244);
#1366=VERTEX_POINT('',#4248);
#1367=VERTEX_POINT('',#4256);
#1368=VERTEX_POINT('',#4267);
#1369=VERTEX_POINT('',#4269);
#1370=VERTEX_POINT('',#4273);
#1371=VERTEX_POINT('',#4279);
#1372=VERTEX_POINT('',#4281);
#1373=VERTEX_POINT('',#4285);
#1374=VERTEX_POINT('',#4287);
#1375=VERTEX_POINT('',#4291);
#1376=VERTEX_POINT('',#4294);
#1377=VERTEX_POINT('',#4296);
#1378=VERTEX_POINT('',#4301);
#1379=VERTEX_POINT('',#4303);
#1380=VERTEX_POINT('',#4307);
#1381=VERTEX_POINT('',#4310);
#1382=VERTEX_POINT('',#4312);
#1383=VERTEX_POINT('',#4316);
#1384=VERTEX_POINT('',#4320);
#1385=VERTEX_POINT('',#4322);
#1386=VERTEX_POINT('',#4326);
#1387=VERTEX_POINT('',#4333);
#1388=VERTEX_POINT('',#4335);
#1389=VERTEX_POINT('',#4342);
#1390=VERTEX_POINT('',#4344);
#1391=VERTEX_POINT('',#4348);
#1392=VERTEX_POINT('',#4350);
#1393=VERTEX_POINT('',#4354);
#1394=VERTEX_POINT('',#4356);
#1395=VERTEX_POINT('',#4365);
#1396=VERTEX_POINT('',#4367);
#1397=VERTEX_POINT('',#4371);
#1398=VERTEX_POINT('',#4375);
#1399=VERTEX_POINT('',#4376);
#1400=VERTEX_POINT('',#4378);
#1401=VERTEX_POINT('',#4380);
#1402=VERTEX_POINT('',#4384);
#1403=VERTEX_POINT('',#4385);
#1404=VERTEX_POINT('',#4387);
#1405=VERTEX_POINT('',#4389);
#1406=VERTEX_POINT('',#4393);
#1407=VERTEX_POINT('',#4395);
#1408=VERTEX_POINT('',#4398);
#1409=VERTEX_POINT('',#4401);
#1410=VERTEX_POINT('',#4403);
#1411=VERTEX_POINT('',#4407);
#1412=VERTEX_POINT('',#4412);
#1413=VERTEX_POINT('',#4414);
#1414=VERTEX_POINT('',#4418);
#1415=VERTEX_POINT('',#4419);
#1416=VERTEX_POINT('',#4421);
#1417=VERTEX_POINT('',#4423);
#1418=VERTEX_POINT('',#4430);
#1419=VERTEX_POINT('',#4432);
#1420=VERTEX_POINT('',#4436);
#1421=VERTEX_POINT('',#4438);
#1422=VERTEX_POINT('',#4442);
#1423=VERTEX_POINT('',#4444);
#1424=EDGE_CURVE('',#1194,#1194,#1129,.T.);
#1425=EDGE_CURVE('',#1194,#1195,#555,.T.);
#1426=EDGE_CURVE('',#1195,#1195,#1130,.T.);
#1427=EDGE_CURVE('',#1195,#1196,#556,.T.);
#1428=EDGE_CURVE('',#1196,#1196,#1131,.T.);
#1429=EDGE_CURVE('',#1197,#1198,#557,.T.);
#1430=EDGE_CURVE('',#1198,#1199,#558,.T.);
#1431=EDGE_CURVE('',#1199,#1200,#559,.T.);
#1432=EDGE_CURVE('',#1200,#1197,#560,.T.);
#1433=EDGE_CURVE('',#1201,#1202,#561,.T.);
#1434=EDGE_CURVE('',#1201,#1203,#562,.T.);
#1435=EDGE_CURVE('',#1204,#1203,#563,.T.);
#1436=EDGE_CURVE('',#1202,#1204,#564,.T.);
#1437=EDGE_CURVE('',#1205,#1204,#565,.T.);
#1438=EDGE_CURVE('',#1203,#1206,#566,.T.);
#1439=EDGE_CURVE('',#1206,#1205,#567,.T.);
#1440=EDGE_CURVE('',#1207,#1207,#1132,.T.);
#1441=EDGE_CURVE('',#1208,#1202,#568,.T.);
#1442=EDGE_CURVE('',#1208,#1209,#569,.T.);
#1443=EDGE_CURVE('',#1201,#1209,#570,.T.);
#1444=EDGE_CURVE('',#1210,#1210,#1133,.T.);
#1445=EDGE_CURVE('',#1210,#1207,#571,.T.);
#1446=EDGE_CURVE('',#1208,#1211,#572,.T.);
#1447=EDGE_CURVE('',#1212,#1211,#573,.T.);
#1448=EDGE_CURVE('',#1209,#1212,#574,.T.);
#1449=EDGE_CURVE('',#1213,#1214,#575,.T.);
#1450=EDGE_CURVE('',#1213,#1215,#576,.T.);
#1451=EDGE_CURVE('',#1216,#1215,#577,.T.);
#1452=EDGE_CURVE('',#1214,#1216,#578,.T.);
#1453=EDGE_CURVE('',#1215,#1212,#579,.T.);
#1454=EDGE_CURVE('',#1211,#1216,#580,.T.);
#1455=EDGE_CURVE('',#1217,#1214,#581,.T.);
#1456=EDGE_CURVE('',#1217,#1218,#582,.T.);
#1457=EDGE_CURVE('',#1213,#1218,#583,.T.);
#1458=EDGE_CURVE('',#1217,#1219,#584,.T.);
#1459=EDGE_CURVE('',#1220,#1219,#585,.T.);
#1460=EDGE_CURVE('',#1218,#1220,#586,.T.);
#1461=EDGE_CURVE('',#1221,#1220,#587,.T.);
#1462=EDGE_CURVE('',#1219,#1222,#588,.T.);
#1463=EDGE_CURVE('',#1222,#1221,#589,.T.);
#1464=EDGE_CURVE('',#1206,#1197,#590,.T.);
#1465=EDGE_CURVE('',#1205,#1200,#591,.T.);
#1466=EDGE_CURVE('',#1222,#1199,#592,.T.);
#1467=EDGE_CURVE('',#1221,#1198,#593,.T.);
#1468=EDGE_CURVE('',#1223,#1224,#594,.T.);
#1469=EDGE_CURVE('',#1224,#1223,#1134,.T.);
#1470=EDGE_CURVE('',#1225,#1225,#1135,.T.);
#1471=EDGE_CURVE('',#1225,#1226,#595,.T.);
#1472=EDGE_CURVE('',#1224,#1226,#13,.T.);
#1473=EDGE_CURVE('',#1226,#1223,#14,.T.);
#1474=EDGE_CURVE('',#1227,#1228,#596,.T.);
#1475=EDGE_CURVE('',#1229,#1227,#597,.T.);
#1476=EDGE_CURVE('',#1229,#1230,#598,.T.);
#1477=EDGE_CURVE('',#1230,#1231,#599,.T.);
#1478=EDGE_CURVE('',#1231,#1232,#600,.T.);
#1479=EDGE_CURVE('',#1232,#1233,#601,.T.);
#1480=EDGE_CURVE('',#1233,#1234,#602,.T.);
#1481=EDGE_CURVE('',#1234,#1228,#603,.T.);
#1482=EDGE_CURVE('',#1235,#1236,#604,.T.);
#1483=EDGE_CURVE('',#1236,#1237,#605,.T.);
#1484=EDGE_CURVE('',#1237,#1238,#606,.T.);
#1485=EDGE_CURVE('',#1235,#1238,#607,.T.);
#1486=EDGE_CURVE('',#1236,#1239,#608,.T.);
#1487=EDGE_CURVE('',#1239,#1240,#609,.T.);
#1488=EDGE_CURVE('',#1240,#1237,#610,.T.);
#1489=EDGE_CURVE('',#1241,#1240,#611,.T.);
#1490=EDGE_CURVE('',#1239,#1242,#612,.T.);
#1491=EDGE_CURVE('',#1242,#1241,#613,.T.);
#1492=EDGE_CURVE('',#1243,#1241,#614,.T.);
#1493=EDGE_CURVE('',#1242,#1244,#615,.T.);
#1494=EDGE_CURVE('',#1244,#1243,#616,.T.);
#1495=EDGE_CURVE('',#1245,#1243,#617,.T.);
#1496=EDGE_CURVE('',#1244,#1246,#618,.T.);
#1497=EDGE_CURVE('',#1246,#1245,#619,.T.);
#1498=EDGE_CURVE('',#1238,#1245,#620,.T.);
#1499=EDGE_CURVE('',#1246,#1235,#621,.T.);
#1500=EDGE_CURVE('',#1247,#1245,#622,.T.);
#1501=EDGE_CURVE('',#1248,#1247,#623,.T.);
#1502=EDGE_CURVE('',#1248,#1243,#624,.T.);
#1503=EDGE_CURVE('',#1249,#1238,#625,.T.);
#1504=EDGE_CURVE('',#1247,#1249,#626,.T.);
#1505=EDGE_CURVE('',#1250,#1237,#627,.T.);
#1506=EDGE_CURVE('',#1249,#1250,#628,.T.);
#1507=EDGE_CURVE('',#1251,#1252,#629,.T.);
#1508=EDGE_CURVE('',#1252,#1253,#630,.T.);
#1509=EDGE_CURVE('',#1253,#1248,#631,.T.);
#1510=EDGE_CURVE('',#1248,#1251,#632,.T.);
#1511=EDGE_CURVE('',#1252,#1254,#633,.T.);
#1512=EDGE_CURVE('',#1254,#1255,#634,.T.);
#1513=EDGE_CURVE('',#1255,#1253,#635,.T.);
#1514=EDGE_CURVE('',#1254,#1256,#636,.T.);
#1515=EDGE_CURVE('',#1256,#1250,#637,.T.);
#1516=EDGE_CURVE('',#1250,#1255,#638,.T.);
#1517=EDGE_CURVE('',#1256,#1257,#639,.T.);
#1518=EDGE_CURVE('',#1257,#1249,#640,.T.);
#1519=EDGE_CURVE('',#1257,#1258,#641,.T.);
#1520=EDGE_CURVE('',#1258,#1247,#642,.T.);
#1521=EDGE_CURVE('',#1258,#1251,#643,.T.);
#1522=EDGE_CURVE('',#1253,#1241,#644,.T.);
#1523=EDGE_CURVE('',#1259,#1260,#645,.T.);
#1524=EDGE_CURVE('',#1259,#1261,#646,.T.);
#1525=EDGE_CURVE('',#1262,#1261,#647,.T.);
#1526=EDGE_CURVE('',#1263,#1262,#648,.T.);
#1527=EDGE_CURVE('',#1264,#1263,#649,.T.);
#1528=EDGE_CURVE('',#1260,#1264,#650,.T.);
#1529=EDGE_CURVE('',#1265,#1265,#1136,.T.);
#1530=EDGE_CURVE('',#1266,#1234,#651,.T.);
#1531=EDGE_CURVE('',#1266,#1267,#652,.T.);
#1532=EDGE_CURVE('',#1268,#1267,#653,.T.);
#1533=EDGE_CURVE('',#1228,#1268,#654,.T.);
#1534=EDGE_CURVE('',#1269,#1270,#655,.T.);
#1535=EDGE_CURVE('',#1269,#1271,#656,.T.);
#1536=EDGE_CURVE('',#1271,#1272,#657,.T.);
#1537=EDGE_CURVE('',#1273,#1272,#658,.T.);
#1538=EDGE_CURVE('',#1270,#1273,#659,.T.);
#1539=EDGE_CURVE('',#1274,#1269,#660,.T.);
#1540=EDGE_CURVE('',#1274,#1275,#661,.T.);
#1541=EDGE_CURVE('',#1275,#1271,#662,.T.);
#1542=EDGE_CURVE('',#1268,#1274,#663,.T.);
#1543=EDGE_CURVE('',#1267,#1275,#664,.T.);
#1544=EDGE_CURVE('',#1272,#1266,#665,.T.);
#1545=EDGE_CURVE('',#1276,#1276,#1137,.T.);
#1546=EDGE_CURVE('',#1259,#1233,#666,.T.);
#1547=EDGE_CURVE('',#1260,#1277,#667,.T.);
#1548=EDGE_CURVE('',#1273,#1277,#668,.T.);
#1549=EDGE_CURVE('',#1255,#1240,#669,.T.);
#1550=EDGE_CURVE('',#1276,#1265,#670,.T.);
#1551=EDGE_CURVE('',#1261,#1232,#671,.T.);
#1552=EDGE_CURVE('',#1262,#1231,#672,.T.);
#1553=EDGE_CURVE('',#1263,#1230,#673,.T.);
#1554=EDGE_CURVE('',#1270,#1278,#674,.T.);
#1555=EDGE_CURVE('',#1277,#1278,#675,.T.);
#1556=EDGE_CURVE('',#1279,#1279,#1138,.T.);
#1557=EDGE_CURVE('',#1279,#1280,#676,.T.);
#1558=EDGE_CURVE('',#1280,#1280,#1139,.T.);
#1559=EDGE_CURVE('',#1281,#1281,#1140,.T.);
#1560=EDGE_CURVE('',#1282,#1282,#1141,.T.);
#1561=EDGE_CURVE('',#1282,#1283,#677,.T.);
#1562=EDGE_CURVE('',#1283,#1283,#1142,.T.);
#1563=EDGE_CURVE('',#1284,#1284,#1143,.T.);
#1564=EDGE_CURVE('',#1285,#1285,#1144,.T.);
#1565=EDGE_CURVE('',#1285,#1286,#678,.T.);
#1566=EDGE_CURVE('',#1286,#1286,#1145,.T.);
#1567=EDGE_CURVE('',#1287,#1287,#1146,.T.);
#1568=EDGE_CURVE('',#1288,#1288,#1147,.T.);
#1569=EDGE_CURVE('',#1288,#1289,#679,.T.);
#1570=EDGE_CURVE('',#1289,#1289,#1148,.T.);
#1571=EDGE_CURVE('',#1290,#1290,#1149,.T.);
#1572=EDGE_CURVE('',#1291,#1291,#1150,.T.);
#1573=EDGE_CURVE('',#1291,#1292,#680,.T.);
#1574=EDGE_CURVE('',#1292,#1292,#1151,.T.);
#1575=EDGE_CURVE('',#1293,#1293,#1152,.T.);
#1576=EDGE_CURVE('',#1294,#1294,#1153,.T.);
#1577=EDGE_CURVE('',#1294,#1295,#681,.T.);
#1578=EDGE_CURVE('',#1295,#1295,#1154,.T.);
#1579=EDGE_CURVE('',#1296,#1296,#1155,.T.);
#1580=EDGE_CURVE('',#1281,#1290,#682,.T.);
#1581=EDGE_CURVE('',#1284,#1293,#683,.T.);
#1582=EDGE_CURVE('',#1287,#1296,#684,.T.);
#1583=EDGE_CURVE('',#1264,#1297,#685,.T.);
#1584=EDGE_CURVE('',#1297,#1298,#686,.T.);
#1585=EDGE_CURVE('',#1278,#1298,#687,.T.);
#1586=EDGE_CURVE('',#1228,#1270,#688,.T.);
#1587=EDGE_CURVE('',#1229,#1299,#689,.T.);
#1588=EDGE_CURVE('',#1300,#1227,#690,.T.);
#1589=EDGE_CURVE('',#1299,#1300,#691,.T.);
#1590=EDGE_CURVE('',#1301,#1299,#1156,.T.);
#1591=EDGE_CURVE('',#1302,#1300,#1157,.T.);
#1592=EDGE_CURVE('',#1301,#1302,#692,.T.);
#1593=EDGE_CURVE('',#1301,#1303,#693,.T.);
#1594=EDGE_CURVE('',#1304,#1302,#694,.T.);
#1595=EDGE_CURVE('',#1303,#1304,#695,.T.);
#1596=EDGE_CURVE('',#1297,#1303,#1158,.T.);
#1597=EDGE_CURVE('',#1298,#1304,#1159,.T.);
#1598=EDGE_CURVE('',#1305,#1306,#1160,.T.);
#1599=EDGE_CURVE('',#1306,#1307,#696,.T.);
#1600=EDGE_CURVE('',#1307,#1308,#15,.T.);
#1601=EDGE_CURVE('',#1308,#1305,#697,.T.);
#1602=EDGE_CURVE('',#1309,#1308,#16,.T.);
#1603=EDGE_CURVE('',#1310,#1309,#698,.T.);
#1604=EDGE_CURVE('',#1311,#1310,#17,.T.);
#1605=EDGE_CURVE('',#1311,#1312,#1161,.T.);
#1606=EDGE_CURVE('',#1313,#1312,#18,.T.);
#1607=EDGE_CURVE('',#1314,#1313,#699,.T.);
#1608=EDGE_CURVE('',#1315,#1314,#19,.T.);
#1609=EDGE_CURVE('',#1316,#1315,#700,.T.);
#1610=EDGE_CURVE('',#1305,#1316,#1162,.T.);
#1611=EDGE_CURVE('',#1317,#1307,#1163,.T.);
#1612=EDGE_CURVE('',#1315,#1317,#20,.T.);
#1613=EDGE_CURVE('',#1314,#1309,#1164,.T.);
#1614=EDGE_CURVE('',#1318,#1316,#1165,.T.);
#1615=EDGE_CURVE('',#1317,#1318,#701,.T.);
#1616=EDGE_CURVE('',#1312,#1311,#702,.T.);
#1617=EDGE_CURVE('',#1319,#1319,#1166,.T.);
#1618=EDGE_CURVE('',#1319,#1320,#703,.T.);
#1619=EDGE_CURVE('',#1320,#1313,#1167,.T.);
#1620=EDGE_CURVE('',#1310,#1320,#1168,.T.);
#1621=EDGE_CURVE('',#1321,#1322,#704,.T.);
#1622=EDGE_CURVE('',#1321,#1323,#705,.T.);
#1623=EDGE_CURVE('',#1323,#1324,#706,.T.);
#1624=EDGE_CURVE('',#1324,#1322,#707,.T.);
#1625=EDGE_CURVE('',#1325,#1326,#708,.T.);
#1626=EDGE_CURVE('',#1326,#1327,#709,.T.);
#1627=EDGE_CURVE('',#1327,#1328,#710,.T.);
#1628=EDGE_CURVE('',#1328,#1325,#711,.T.);
#1629=EDGE_CURVE('',#1326,#1329,#712,.T.);
#1630=EDGE_CURVE('',#1329,#1330,#713,.T.);
#1631=EDGE_CURVE('',#1330,#1327,#714,.T.);
#1632=EDGE_CURVE('',#1329,#1331,#715,.T.);
#1633=EDGE_CURVE('',#1331,#1332,#716,.T.);
#1634=EDGE_CURVE('',#1332,#1330,#717,.T.);
#1635=EDGE_CURVE('',#1331,#1333,#718,.T.);
#1636=EDGE_CURVE('',#1333,#1334,#719,.T.);
#1637=EDGE_CURVE('',#1334,#1332,#720,.T.);
#1638=EDGE_CURVE('',#1335,#1334,#721,.T.);
#1639=EDGE_CURVE('',#1333,#1336,#722,.T.);
#1640=EDGE_CURVE('',#1336,#1335,#723,.T.);
#1641=EDGE_CURVE('',#1328,#1335,#724,.T.);
#1642=EDGE_CURVE('',#1336,#1325,#725,.T.);
#1643=EDGE_CURVE('',#1335,#1337,#726,.T.);
#1644=EDGE_CURVE('',#1338,#1337,#727,.T.);
#1645=EDGE_CURVE('',#1334,#1338,#728,.T.);
#1646=EDGE_CURVE('',#1328,#1339,#729,.T.);
#1647=EDGE_CURVE('',#1337,#1339,#730,.T.);
#1648=EDGE_CURVE('',#1327,#1340,#731,.T.);
#1649=EDGE_CURVE('',#1339,#1340,#732,.T.);
#1650=EDGE_CURVE('',#1341,#1342,#733,.T.);
#1651=EDGE_CURVE('',#1341,#1343,#734,.T.);
#1652=EDGE_CURVE('',#1344,#1343,#735,.T.);
#1653=EDGE_CURVE('',#1345,#1344,#736,.T.);
#1654=EDGE_CURVE('',#1346,#1345,#737,.T.);
#1655=EDGE_CURVE('',#1342,#1346,#738,.T.);
#1656=EDGE_CURVE('',#1347,#1347,#1169,.T.);
#1657=EDGE_CURVE('',#1348,#1349,#739,.T.);
#1658=EDGE_CURVE('',#1349,#1338,#740,.T.);
#1659=EDGE_CURVE('',#1348,#1337,#741,.T.);
#1660=EDGE_CURVE('',#1349,#1350,#742,.T.);
#1661=EDGE_CURVE('',#1350,#1351,#743,.T.);
#1662=EDGE_CURVE('',#1351,#1338,#744,.T.);
#1663=EDGE_CURVE('',#1352,#1351,#745,.T.);
#1664=EDGE_CURVE('',#1350,#1353,#746,.T.);
#1665=EDGE_CURVE('',#1353,#1352,#747,.T.);
#1666=EDGE_CURVE('',#1340,#1352,#748,.T.);
#1667=EDGE_CURVE('',#1353,#1354,#749,.T.);
#1668=EDGE_CURVE('',#1354,#1340,#750,.T.);
#1669=EDGE_CURVE('',#1354,#1355,#751,.T.);
#1670=EDGE_CURVE('',#1355,#1339,#752,.T.);
#1671=EDGE_CURVE('',#1355,#1348,#753,.T.);
#1672=EDGE_CURVE('',#1356,#1357,#754,.T.);
#1673=EDGE_CURVE('',#1358,#1356,#755,.T.);
#1674=EDGE_CURVE('',#1359,#1358,#756,.T.);
#1675=EDGE_CURVE('',#1359,#1360,#757,.T.);
#1676=EDGE_CURVE('',#1360,#1357,#758,.T.);
#1677=EDGE_CURVE('',#1357,#1361,#759,.T.);
#1678=EDGE_CURVE('',#1362,#1360,#760,.T.);
#1679=EDGE_CURVE('',#1363,#1362,#761,.T.);
#1680=EDGE_CURVE('',#1361,#1363,#762,.T.);
#1681=EDGE_CURVE('',#1364,#1364,#1170,.T.);
#1682=EDGE_CURVE('',#1365,#1359,#763,.T.);
#1683=EDGE_CURVE('',#1365,#1362,#764,.T.);
#1684=EDGE_CURVE('',#1366,#1365,#765,.T.);
#1685=EDGE_CURVE('',#1366,#1363,#766,.T.);
#1686=EDGE_CURVE('',#1361,#1324,#767,.T.);
#1687=EDGE_CURVE('',#1322,#1366,#768,.T.);
#1688=EDGE_CURVE('',#1346,#1323,#769,.T.);
#1689=EDGE_CURVE('',#1345,#1367,#770,.T.);
#1690=EDGE_CURVE('',#1356,#1367,#771,.T.);
#1691=EDGE_CURVE('',#1330,#1352,#772,.T.);
#1692=EDGE_CURVE('',#1332,#1351,#773,.T.);
#1693=EDGE_CURVE('',#1364,#1347,#774,.T.);
#1694=EDGE_CURVE('',#1341,#1368,#775,.T.);
#1695=EDGE_CURVE('',#1369,#1368,#776,.T.);
#1696=EDGE_CURVE('',#1343,#1369,#777,.T.);
#1697=EDGE_CURVE('',#1370,#1369,#778,.T.);
#1698=EDGE_CURVE('',#1344,#1370,#779,.T.);
#1699=EDGE_CURVE('',#1367,#1370,#780,.T.);
#1700=EDGE_CURVE('',#1358,#1371,#781,.T.);
#1701=EDGE_CURVE('',#1368,#1372,#782,.T.);
#1702=EDGE_CURVE('',#1371,#1372,#783,.T.);
#1703=EDGE_CURVE('',#1373,#1373,#1171,.T.);
#1704=EDGE_CURVE('',#1373,#1374,#784,.T.);
#1705=EDGE_CURVE('',#1374,#1374,#1172,.T.);
#1706=EDGE_CURVE('',#1375,#1375,#1173,.T.);
#1707=EDGE_CURVE('',#1376,#1376,#1174,.T.);
#1708=EDGE_CURVE('',#1376,#1377,#785,.T.);
#1709=EDGE_CURVE('',#1377,#1377,#1175,.T.);
#1710=EDGE_CURVE('',#1378,#1378,#1176,.T.);
#1711=EDGE_CURVE('',#1378,#1379,#786,.T.);
#1712=EDGE_CURVE('',#1379,#1379,#1177,.T.);
#1713=EDGE_CURVE('',#1380,#1380,#1178,.T.);
#1714=EDGE_CURVE('',#1381,#1381,#1179,.T.);
#1715=EDGE_CURVE('',#1381,#1382,#787,.T.);
#1716=EDGE_CURVE('',#1382,#1382,#1180,.T.);
#1717=EDGE_CURVE('',#1383,#1383,#1181,.T.);
#1718=EDGE_CURVE('',#1384,#1384,#1182,.T.);
#1719=EDGE_CURVE('',#1384,#1385,#788,.T.);
#1720=EDGE_CURVE('',#1385,#1385,#1183,.T.);
#1721=EDGE_CURVE('',#1386,#1386,#1184,.T.);
#1722=EDGE_CURVE('',#1375,#1383,#789,.T.);
#1723=EDGE_CURVE('',#1380,#1386,#790,.T.);
#1724=EDGE_CURVE('',#1387,#1321,#791,.T.);
#1725=EDGE_CURVE('',#1387,#1388,#792,.T.);
#1726=EDGE_CURVE('',#1342,#1388,#793,.T.);
#1727=EDGE_CURVE('',#1322,#1318,#794,.T.);
#1728=EDGE_CURVE('',#1306,#1358,#795,.T.);
#1729=EDGE_CURVE('',#1371,#1389,#796,.T.);
#1730=EDGE_CURVE('',#1390,#1372,#797,.T.);
#1731=EDGE_CURVE('',#1389,#1390,#798,.T.);
#1732=EDGE_CURVE('',#1391,#1389,#1185,.T.);
#1733=EDGE_CURVE('',#1392,#1390,#1186,.T.);
#1734=EDGE_CURVE('',#1391,#1392,#799,.T.);
#1735=EDGE_CURVE('',#1391,#1393,#800,.T.);
#1736=EDGE_CURVE('',#1394,#1392,#801,.T.);
#1737=EDGE_CURVE('',#1393,#1394,#802,.T.);
#1738=EDGE_CURVE('',#1387,#1393,#1187,.T.);
#1739=EDGE_CURVE('',#1388,#1394,#1188,.T.);
#1740=EDGE_CURVE('',#1395,#1395,#1189,.T.);
#1741=EDGE_CURVE('',#1395,#1396,#803,.T.);
#1742=EDGE_CURVE('',#1396,#1396,#1190,.T.);
#1743=EDGE_CURVE('',#1396,#1397,#804,.T.);
#1744=EDGE_CURVE('',#1397,#1397,#1191,.T.);
#1745=EDGE_CURVE('',#1398,#1399,#805,.T.);
#1746=EDGE_CURVE('',#1399,#1400,#806,.T.);
#1747=EDGE_CURVE('',#1400,#1401,#807,.T.);
#1748=EDGE_CURVE('',#1401,#1398,#808,.T.);
#1749=EDGE_CURVE('',#1402,#1403,#809,.T.);
#1750=EDGE_CURVE('',#1402,#1404,#810,.T.);
#1751=EDGE_CURVE('',#1405,#1404,#811,.T.);
#1752=EDGE_CURVE('',#1403,#1405,#812,.T.);
#1753=EDGE_CURVE('',#1406,#1405,#813,.T.);
#1754=EDGE_CURVE('',#1404,#1407,#814,.T.);
#1755=EDGE_CURVE('',#1407,#1406,#815,.T.);
#1756=EDGE_CURVE('',#1408,#1408,#1192,.T.);
#1757=EDGE_CURVE('',#1409,#1403,#816,.T.);
#1758=EDGE_CURVE('',#1409,#1410,#817,.T.);
#1759=EDGE_CURVE('',#1402,#1410,#818,.T.);
#1760=EDGE_CURVE('',#1411,#1411,#1193,.T.);
#1761=EDGE_CURVE('',#1411,#1408,#819,.T.);
#1762=EDGE_CURVE('',#1409,#1412,#820,.T.);
#1763=EDGE_CURVE('',#1413,#1412,#821,.T.);
#1764=EDGE_CURVE('',#1410,#1413,#822,.T.);
#1765=EDGE_CURVE('',#1414,#1415,#823,.T.);
#1766=EDGE_CURVE('',#1414,#1416,#824,.T.);
#1767=EDGE_CURVE('',#1417,#1416,#825,.T.);
#1768=EDGE_CURVE('',#1415,#1417,#826,.T.);
#1769=EDGE_CURVE('',#1416,#1413,#827,.T.);
#1770=EDGE_CURVE('',#1412,#1417,#828,.T.);
#1771=EDGE_CURVE('',#1418,#1415,#829,.T.);
#1772=EDGE_CURVE('',#1418,#1419,#830,.T.);
#1773=EDGE_CURVE('',#1414,#1419,#831,.T.);
#1774=EDGE_CURVE('',#1418,#1420,#832,.T.);
#1775=EDGE_CURVE('',#1421,#1420,#833,.T.);
#1776=EDGE_CURVE('',#1419,#1421,#834,.T.);
#1777=EDGE_CURVE('',#1422,#1421,#835,.T.);
#1778=EDGE_CURVE('',#1420,#1423,#836,.T.);
#1779=EDGE_CURVE('',#1423,#1422,#837,.T.);
#1780=EDGE_CURVE('',#1407,#1398,#838,.T.);
#1781=EDGE_CURVE('',#1406,#1401,#839,.T.);
#1782=EDGE_CURVE('',#1423,#1400,#840,.T.);
#1783=EDGE_CURVE('',#1422,#1399,#841,.T.);
#1784=ORIENTED_EDGE('',*,*,#1424,.T.);
#1785=ORIENTED_EDGE('',*,*,#1425,.T.);
#1786=ORIENTED_EDGE('',*,*,#1426,.T.);
#1787=ORIENTED_EDGE('',*,*,#1425,.F.);
#1788=ORIENTED_EDGE('',*,*,#1426,.F.);
#1789=ORIENTED_EDGE('',*,*,#1427,.T.);
#1790=ORIENTED_EDGE('',*,*,#1428,.F.);
#1791=ORIENTED_EDGE('',*,*,#1427,.F.);
#1792=ORIENTED_EDGE('',*,*,#1429,.T.);
#1793=ORIENTED_EDGE('',*,*,#1430,.T.);
#1794=ORIENTED_EDGE('',*,*,#1431,.T.);
#1795=ORIENTED_EDGE('',*,*,#1432,.T.);
#1796=ORIENTED_EDGE('',*,*,#1424,.F.);
#1797=ORIENTED_EDGE('',*,*,#1433,.F.);
#1798=ORIENTED_EDGE('',*,*,#1434,.T.);
#1799=ORIENTED_EDGE('',*,*,#1435,.F.);
#1800=ORIENTED_EDGE('',*,*,#1436,.F.);
#1801=ORIENTED_EDGE('',*,*,#1437,.T.);
#1802=ORIENTED_EDGE('',*,*,#1435,.T.);
#1803=ORIENTED_EDGE('',*,*,#1438,.T.);
#1804=ORIENTED_EDGE('',*,*,#1439,.T.);
#1805=ORIENTED_EDGE('',*,*,#1440,.F.);
#1806=ORIENTED_EDGE('',*,*,#1433,.T.);
#1807=ORIENTED_EDGE('',*,*,#1441,.F.);
#1808=ORIENTED_EDGE('',*,*,#1442,.T.);
#1809=ORIENTED_EDGE('',*,*,#1443,.F.);
#1810=ORIENTED_EDGE('',*,*,#1444,.F.);
#1811=ORIENTED_EDGE('',*,*,#1445,.T.);
#1812=ORIENTED_EDGE('',*,*,#1440,.T.);
#1813=ORIENTED_EDGE('',*,*,#1445,.F.);
#1814=ORIENTED_EDGE('',*,*,#1444,.T.);
#1815=ORIENTED_EDGE('',*,*,#1428,.T.);
#1816=ORIENTED_EDGE('',*,*,#1442,.F.);
#1817=ORIENTED_EDGE('',*,*,#1446,.T.);
#1818=ORIENTED_EDGE('',*,*,#1447,.F.);
#1819=ORIENTED_EDGE('',*,*,#1448,.F.);
#1820=ORIENTED_EDGE('',*,*,#1449,.F.);
#1821=ORIENTED_EDGE('',*,*,#1450,.T.);
#1822=ORIENTED_EDGE('',*,*,#1451,.F.);
#1823=ORIENTED_EDGE('',*,*,#1452,.F.);
#1824=ORIENTED_EDGE('',*,*,#1451,.T.);
#1825=ORIENTED_EDGE('',*,*,#1453,.T.);
#1826=ORIENTED_EDGE('',*,*,#1447,.T.);
#1827=ORIENTED_EDGE('',*,*,#1454,.T.);
#1828=ORIENTED_EDGE('',*,*,#1449,.T.);
#1829=ORIENTED_EDGE('',*,*,#1455,.F.);
#1830=ORIENTED_EDGE('',*,*,#1456,.T.);
#1831=ORIENTED_EDGE('',*,*,#1457,.F.);
#1832=ORIENTED_EDGE('',*,*,#1456,.F.);
#1833=ORIENTED_EDGE('',*,*,#1458,.T.);
#1834=ORIENTED_EDGE('',*,*,#1459,.F.);
#1835=ORIENTED_EDGE('',*,*,#1460,.F.);
#1836=ORIENTED_EDGE('',*,*,#1461,.T.);
#1837=ORIENTED_EDGE('',*,*,#1459,.T.);
#1838=ORIENTED_EDGE('',*,*,#1462,.T.);
#1839=ORIENTED_EDGE('',*,*,#1463,.T.);
#1840=ORIENTED_EDGE('',*,*,#1464,.T.);
#1841=ORIENTED_EDGE('',*,*,#1432,.F.);
#1842=ORIENTED_EDGE('',*,*,#1465,.F.);
#1843=ORIENTED_EDGE('',*,*,#1439,.F.);
#1844=ORIENTED_EDGE('',*,*,#1455,.T.);
#1845=ORIENTED_EDGE('',*,*,#1452,.T.);
#1846=ORIENTED_EDGE('',*,*,#1454,.F.);
#1847=ORIENTED_EDGE('',*,*,#1446,.F.);
#1848=ORIENTED_EDGE('',*,*,#1441,.T.);
#1849=ORIENTED_EDGE('',*,*,#1436,.T.);
#1850=ORIENTED_EDGE('',*,*,#1437,.F.);
#1851=ORIENTED_EDGE('',*,*,#1465,.T.);
#1852=ORIENTED_EDGE('',*,*,#1431,.F.);
#1853=ORIENTED_EDGE('',*,*,#1466,.F.);
#1854=ORIENTED_EDGE('',*,*,#1462,.F.);
#1855=ORIENTED_EDGE('',*,*,#1458,.F.);
#1856=ORIENTED_EDGE('',*,*,#1466,.T.);
#1857=ORIENTED_EDGE('',*,*,#1430,.F.);
#1858=ORIENTED_EDGE('',*,*,#1467,.F.);
#1859=ORIENTED_EDGE('',*,*,#1463,.F.);
#1860=ORIENTED_EDGE('',*,*,#1443,.T.);
#1861=ORIENTED_EDGE('',*,*,#1448,.T.);
#1862=ORIENTED_EDGE('',*,*,#1453,.F.);
#1863=ORIENTED_EDGE('',*,*,#1450,.F.);
#1864=ORIENTED_EDGE('',*,*,#1457,.T.);
#1865=ORIENTED_EDGE('',*,*,#1460,.T.);
#1866=ORIENTED_EDGE('',*,*,#1461,.F.);
#1867=ORIENTED_EDGE('',*,*,#1467,.T.);
#1868=ORIENTED_EDGE('',*,*,#1429,.F.);
#1869=ORIENTED_EDGE('',*,*,#1464,.F.);
#1870=ORIENTED_EDGE('',*,*,#1438,.F.);
#1871=ORIENTED_EDGE('',*,*,#1434,.F.);
#1872=ORIENTED_EDGE('',*,*,#1468,.F.);
#1873=ORIENTED_EDGE('',*,*,#1469,.F.);
#1874=ORIENTED_EDGE('',*,*,#1470,.F.);
#1875=ORIENTED_EDGE('',*,*,#1471,.T.);
#1876=ORIENTED_EDGE('',*,*,#1472,.F.);
#1877=ORIENTED_EDGE('',*,*,#1469,.T.);
#1878=ORIENTED_EDGE('',*,*,#1473,.F.);
#1879=ORIENTED_EDGE('',*,*,#1471,.F.);
#1880=ORIENTED_EDGE('',*,*,#1474,.F.);
#1881=ORIENTED_EDGE('',*,*,#1475,.F.);
#1882=ORIENTED_EDGE('',*,*,#1476,.T.);
#1883=ORIENTED_EDGE('',*,*,#1477,.T.);
#1884=ORIENTED_EDGE('',*,*,#1478,.T.);
#1885=ORIENTED_EDGE('',*,*,#1479,.T.);
#1886=ORIENTED_EDGE('',*,*,#1480,.T.);
#1887=ORIENTED_EDGE('',*,*,#1481,.T.);
#1888=ORIENTED_EDGE('',*,*,#1482,.T.);
#1889=ORIENTED_EDGE('',*,*,#1483,.T.);
#1890=ORIENTED_EDGE('',*,*,#1484,.T.);
#1891=ORIENTED_EDGE('',*,*,#1485,.F.);
#1892=ORIENTED_EDGE('',*,*,#1486,.T.);
#1893=ORIENTED_EDGE('',*,*,#1487,.T.);
#1894=ORIENTED_EDGE('',*,*,#1488,.T.);
#1895=ORIENTED_EDGE('',*,*,#1483,.F.);
#1896=ORIENTED_EDGE('',*,*,#1489,.T.);
#1897=ORIENTED_EDGE('',*,*,#1487,.F.);
#1898=ORIENTED_EDGE('',*,*,#1490,.T.);
#1899=ORIENTED_EDGE('',*,*,#1491,.T.);
#1900=ORIENTED_EDGE('',*,*,#1492,.T.);
#1901=ORIENTED_EDGE('',*,*,#1491,.F.);
#1902=ORIENTED_EDGE('',*,*,#1493,.T.);
#1903=ORIENTED_EDGE('',*,*,#1494,.T.);
#1904=ORIENTED_EDGE('',*,*,#1495,.T.);
#1905=ORIENTED_EDGE('',*,*,#1494,.F.);
#1906=ORIENTED_EDGE('',*,*,#1496,.T.);
#1907=ORIENTED_EDGE('',*,*,#1497,.T.);
#1908=ORIENTED_EDGE('',*,*,#1498,.T.);
#1909=ORIENTED_EDGE('',*,*,#1497,.F.);
#1910=ORIENTED_EDGE('',*,*,#1499,.T.);
#1911=ORIENTED_EDGE('',*,*,#1485,.T.);
#1912=ORIENTED_EDGE('',*,*,#1495,.F.);
#1913=ORIENTED_EDGE('',*,*,#1500,.F.);
#1914=ORIENTED_EDGE('',*,*,#1501,.F.);
#1915=ORIENTED_EDGE('',*,*,#1502,.T.);
#1916=ORIENTED_EDGE('',*,*,#1498,.F.);
#1917=ORIENTED_EDGE('',*,*,#1503,.F.);
#1918=ORIENTED_EDGE('',*,*,#1504,.F.);
#1919=ORIENTED_EDGE('',*,*,#1500,.T.);
#1920=ORIENTED_EDGE('',*,*,#1484,.F.);
#1921=ORIENTED_EDGE('',*,*,#1505,.F.);
#1922=ORIENTED_EDGE('',*,*,#1506,.F.);
#1923=ORIENTED_EDGE('',*,*,#1503,.T.);
#1924=ORIENTED_EDGE('',*,*,#1482,.F.);
#1925=ORIENTED_EDGE('',*,*,#1499,.F.);
#1926=ORIENTED_EDGE('',*,*,#1496,.F.);
#1927=ORIENTED_EDGE('',*,*,#1493,.F.);
#1928=ORIENTED_EDGE('',*,*,#1490,.F.);
#1929=ORIENTED_EDGE('',*,*,#1486,.F.);
#1930=ORIENTED_EDGE('',*,*,#1507,.T.);
#1931=ORIENTED_EDGE('',*,*,#1508,.T.);
#1932=ORIENTED_EDGE('',*,*,#1509,.T.);
#1933=ORIENTED_EDGE('',*,*,#1510,.T.);
#1934=ORIENTED_EDGE('',*,*,#1511,.T.);
#1935=ORIENTED_EDGE('',*,*,#1512,.T.);
#1936=ORIENTED_EDGE('',*,*,#1513,.T.);
#1937=ORIENTED_EDGE('',*,*,#1508,.F.);
#1938=ORIENTED_EDGE('',*,*,#1514,.T.);
#1939=ORIENTED_EDGE('',*,*,#1515,.T.);
#1940=ORIENTED_EDGE('',*,*,#1516,.T.);
#1941=ORIENTED_EDGE('',*,*,#1512,.F.);
#1942=ORIENTED_EDGE('',*,*,#1517,.T.);
#1943=ORIENTED_EDGE('',*,*,#1518,.T.);
#1944=ORIENTED_EDGE('',*,*,#1506,.T.);
#1945=ORIENTED_EDGE('',*,*,#1515,.F.);
#1946=ORIENTED_EDGE('',*,*,#1504,.T.);
#1947=ORIENTED_EDGE('',*,*,#1518,.F.);
#1948=ORIENTED_EDGE('',*,*,#1519,.T.);
#1949=ORIENTED_EDGE('',*,*,#1520,.T.);
#1950=ORIENTED_EDGE('',*,*,#1501,.T.);
#1951=ORIENTED_EDGE('',*,*,#1520,.F.);
#1952=ORIENTED_EDGE('',*,*,#1521,.T.);
#1953=ORIENTED_EDGE('',*,*,#1510,.F.);
#1954=ORIENTED_EDGE('',*,*,#1492,.F.);
#1955=ORIENTED_EDGE('',*,*,#1502,.F.);
#1956=ORIENTED_EDGE('',*,*,#1509,.F.);
#1957=ORIENTED_EDGE('',*,*,#1522,.T.);
#1958=ORIENTED_EDGE('',*,*,#1523,.F.);
#1959=ORIENTED_EDGE('',*,*,#1524,.T.);
#1960=ORIENTED_EDGE('',*,*,#1525,.F.);
#1961=ORIENTED_EDGE('',*,*,#1526,.F.);
#1962=ORIENTED_EDGE('',*,*,#1527,.F.);
#1963=ORIENTED_EDGE('',*,*,#1528,.F.);
#1964=ORIENTED_EDGE('',*,*,#1529,.F.);
#1965=ORIENTED_EDGE('',*,*,#1507,.F.);
#1966=ORIENTED_EDGE('',*,*,#1521,.F.);
#1967=ORIENTED_EDGE('',*,*,#1519,.F.);
#1968=ORIENTED_EDGE('',*,*,#1517,.F.);
#1969=ORIENTED_EDGE('',*,*,#1514,.F.);
#1970=ORIENTED_EDGE('',*,*,#1511,.F.);
#1971=ORIENTED_EDGE('',*,*,#1481,.F.);
#1972=ORIENTED_EDGE('',*,*,#1530,.F.);
#1973=ORIENTED_EDGE('',*,*,#1531,.T.);
#1974=ORIENTED_EDGE('',*,*,#1532,.F.);
#1975=ORIENTED_EDGE('',*,*,#1533,.F.);
#1976=ORIENTED_EDGE('',*,*,#1534,.F.);
#1977=ORIENTED_EDGE('',*,*,#1535,.T.);
#1978=ORIENTED_EDGE('',*,*,#1536,.T.);
#1979=ORIENTED_EDGE('',*,*,#1537,.F.);
#1980=ORIENTED_EDGE('',*,*,#1538,.F.);
#1981=ORIENTED_EDGE('',*,*,#1539,.F.);
#1982=ORIENTED_EDGE('',*,*,#1540,.T.);
#1983=ORIENTED_EDGE('',*,*,#1541,.T.);
#1984=ORIENTED_EDGE('',*,*,#1535,.F.);
#1985=ORIENTED_EDGE('',*,*,#1542,.F.);
#1986=ORIENTED_EDGE('',*,*,#1532,.T.);
#1987=ORIENTED_EDGE('',*,*,#1543,.T.);
#1988=ORIENTED_EDGE('',*,*,#1540,.F.);
#1989=ORIENTED_EDGE('',*,*,#1543,.F.);
#1990=ORIENTED_EDGE('',*,*,#1531,.F.);
#1991=ORIENTED_EDGE('',*,*,#1544,.F.);
#1992=ORIENTED_EDGE('',*,*,#1536,.F.);
#1993=ORIENTED_EDGE('',*,*,#1541,.F.);
#1994=ORIENTED_EDGE('',*,*,#1545,.F.);
#1995=ORIENTED_EDGE('',*,*,#1537,.T.);
#1996=ORIENTED_EDGE('',*,*,#1544,.T.);
#1997=ORIENTED_EDGE('',*,*,#1530,.T.);
#1998=ORIENTED_EDGE('',*,*,#1480,.F.);
#1999=ORIENTED_EDGE('',*,*,#1546,.F.);
#2000=ORIENTED_EDGE('',*,*,#1523,.T.);
#2001=ORIENTED_EDGE('',*,*,#1547,.T.);
#2002=ORIENTED_EDGE('',*,*,#1548,.F.);
#2003=ORIENTED_EDGE('',*,*,#1489,.F.);
#2004=ORIENTED_EDGE('',*,*,#1522,.F.);
#2005=ORIENTED_EDGE('',*,*,#1513,.F.);
#2006=ORIENTED_EDGE('',*,*,#1549,.T.);
#2007=ORIENTED_EDGE('',*,*,#1488,.F.);
#2008=ORIENTED_EDGE('',*,*,#1549,.F.);
#2009=ORIENTED_EDGE('',*,*,#1516,.F.);
#2010=ORIENTED_EDGE('',*,*,#1505,.T.);
#2011=ORIENTED_EDGE('',*,*,#1545,.T.);
#2012=ORIENTED_EDGE('',*,*,#1550,.T.);
#2013=ORIENTED_EDGE('',*,*,#1529,.T.);
#2014=ORIENTED_EDGE('',*,*,#1550,.F.);
#2015=ORIENTED_EDGE('',*,*,#1524,.F.);
#2016=ORIENTED_EDGE('',*,*,#1546,.T.);
#2017=ORIENTED_EDGE('',*,*,#1479,.F.);
#2018=ORIENTED_EDGE('',*,*,#1551,.F.);
#2019=ORIENTED_EDGE('',*,*,#1525,.T.);
#2020=ORIENTED_EDGE('',*,*,#1551,.T.);
#2021=ORIENTED_EDGE('',*,*,#1478,.F.);
#2022=ORIENTED_EDGE('',*,*,#1552,.F.);
#2023=ORIENTED_EDGE('',*,*,#1526,.T.);
#2024=ORIENTED_EDGE('',*,*,#1552,.T.);
#2025=ORIENTED_EDGE('',*,*,#1477,.F.);
#2026=ORIENTED_EDGE('',*,*,#1553,.F.);
#2027=ORIENTED_EDGE('',*,*,#1554,.F.);
#2028=ORIENTED_EDGE('',*,*,#1538,.T.);
#2029=ORIENTED_EDGE('',*,*,#1548,.T.);
#2030=ORIENTED_EDGE('',*,*,#1555,.T.);
#2031=ORIENTED_EDGE('',*,*,#1556,.F.);
#2032=ORIENTED_EDGE('',*,*,#1557,.T.);
#2033=ORIENTED_EDGE('',*,*,#1558,.T.);
#2034=ORIENTED_EDGE('',*,*,#1557,.F.);
#2035=ORIENTED_EDGE('',*,*,#1558,.F.);
#2036=ORIENTED_EDGE('',*,*,#1559,.F.);
#2037=ORIENTED_EDGE('',*,*,#1560,.F.);
#2038=ORIENTED_EDGE('',*,*,#1561,.T.);
#2039=ORIENTED_EDGE('',*,*,#1562,.T.);
#2040=ORIENTED_EDGE('',*,*,#1561,.F.);
#2041=ORIENTED_EDGE('',*,*,#1562,.F.);
#2042=ORIENTED_EDGE('',*,*,#1563,.F.);
#2043=ORIENTED_EDGE('',*,*,#1564,.F.);
#2044=ORIENTED_EDGE('',*,*,#1565,.T.);
#2045=ORIENTED_EDGE('',*,*,#1566,.T.);
#2046=ORIENTED_EDGE('',*,*,#1565,.F.);
#2047=ORIENTED_EDGE('',*,*,#1566,.F.);
#2048=ORIENTED_EDGE('',*,*,#1567,.F.);
#2049=ORIENTED_EDGE('',*,*,#1568,.F.);
#2050=ORIENTED_EDGE('',*,*,#1569,.T.);
#2051=ORIENTED_EDGE('',*,*,#1570,.T.);
#2052=ORIENTED_EDGE('',*,*,#1569,.F.);
#2053=ORIENTED_EDGE('',*,*,#1570,.F.);
#2054=ORIENTED_EDGE('',*,*,#1571,.F.);
#2055=ORIENTED_EDGE('',*,*,#1572,.F.);
#2056=ORIENTED_EDGE('',*,*,#1573,.T.);
#2057=ORIENTED_EDGE('',*,*,#1574,.T.);
#2058=ORIENTED_EDGE('',*,*,#1573,.F.);
#2059=ORIENTED_EDGE('',*,*,#1574,.F.);
#2060=ORIENTED_EDGE('',*,*,#1575,.F.);
#2061=ORIENTED_EDGE('',*,*,#1576,.F.);
#2062=ORIENTED_EDGE('',*,*,#1577,.T.);
#2063=ORIENTED_EDGE('',*,*,#1578,.T.);
#2064=ORIENTED_EDGE('',*,*,#1577,.F.);
#2065=ORIENTED_EDGE('',*,*,#1578,.F.);
#2066=ORIENTED_EDGE('',*,*,#1579,.F.);
#2067=ORIENTED_EDGE('',*,*,#1559,.T.);
#2068=ORIENTED_EDGE('',*,*,#1580,.T.);
#2069=ORIENTED_EDGE('',*,*,#1571,.T.);
#2070=ORIENTED_EDGE('',*,*,#1580,.F.);
#2071=ORIENTED_EDGE('',*,*,#1563,.T.);
#2072=ORIENTED_EDGE('',*,*,#1581,.T.);
#2073=ORIENTED_EDGE('',*,*,#1575,.T.);
#2074=ORIENTED_EDGE('',*,*,#1581,.F.);
#2075=ORIENTED_EDGE('',*,*,#1472,.T.);
#2076=ORIENTED_EDGE('',*,*,#1473,.T.);
#2077=ORIENTED_EDGE('',*,*,#1468,.T.);
#2078=ORIENTED_EDGE('',*,*,#1567,.T.);
#2079=ORIENTED_EDGE('',*,*,#1582,.T.);
#2080=ORIENTED_EDGE('',*,*,#1579,.T.);
#2081=ORIENTED_EDGE('',*,*,#1582,.F.);
#2082=ORIENTED_EDGE('',*,*,#1583,.T.);
#2083=ORIENTED_EDGE('',*,*,#1584,.T.);
#2084=ORIENTED_EDGE('',*,*,#1585,.F.);
#2085=ORIENTED_EDGE('',*,*,#1555,.F.);
#2086=ORIENTED_EDGE('',*,*,#1547,.F.);
#2087=ORIENTED_EDGE('',*,*,#1528,.T.);
#2088=ORIENTED_EDGE('',*,*,#1534,.T.);
#2089=ORIENTED_EDGE('',*,*,#1586,.F.);
#2090=ORIENTED_EDGE('',*,*,#1533,.T.);
#2091=ORIENTED_EDGE('',*,*,#1542,.T.);
#2092=ORIENTED_EDGE('',*,*,#1539,.T.);
#2093=ORIENTED_EDGE('',*,*,#1470,.T.);
#2094=ORIENTED_EDGE('',*,*,#1587,.F.);
#2095=ORIENTED_EDGE('',*,*,#1475,.T.);
#2096=ORIENTED_EDGE('',*,*,#1588,.F.);
#2097=ORIENTED_EDGE('',*,*,#1589,.F.);
#2098=ORIENTED_EDGE('',*,*,#1590,.T.);
#2099=ORIENTED_EDGE('',*,*,#1589,.T.);
#2100=ORIENTED_EDGE('',*,*,#1591,.F.);
#2101=ORIENTED_EDGE('',*,*,#1592,.F.);
#2102=ORIENTED_EDGE('',*,*,#1593,.F.);
#2103=ORIENTED_EDGE('',*,*,#1592,.T.);
#2104=ORIENTED_EDGE('',*,*,#1594,.F.);
#2105=ORIENTED_EDGE('',*,*,#1595,.F.);
#2106=ORIENTED_EDGE('',*,*,#1596,.T.);
#2107=ORIENTED_EDGE('',*,*,#1595,.T.);
#2108=ORIENTED_EDGE('',*,*,#1597,.F.);
#2109=ORIENTED_EDGE('',*,*,#1584,.F.);
#2110=ORIENTED_EDGE('',*,*,#1597,.T.);
#2111=ORIENTED_EDGE('',*,*,#1594,.T.);
#2112=ORIENTED_EDGE('',*,*,#1591,.T.);
#2113=ORIENTED_EDGE('',*,*,#1588,.T.);
#2114=ORIENTED_EDGE('',*,*,#1474,.T.);
#2115=ORIENTED_EDGE('',*,*,#1586,.T.);
#2116=ORIENTED_EDGE('',*,*,#1554,.T.);
#2117=ORIENTED_EDGE('',*,*,#1585,.T.);
#2118=ORIENTED_EDGE('',*,*,#1556,.T.);
#2119=ORIENTED_EDGE('',*,*,#1560,.T.);
#2120=ORIENTED_EDGE('',*,*,#1564,.T.);
#2121=ORIENTED_EDGE('',*,*,#1596,.F.);
#2122=ORIENTED_EDGE('',*,*,#1583,.F.);
#2123=ORIENTED_EDGE('',*,*,#1527,.T.);
#2124=ORIENTED_EDGE('',*,*,#1553,.T.);
#2125=ORIENTED_EDGE('',*,*,#1476,.F.);
#2126=ORIENTED_EDGE('',*,*,#1587,.T.);
#2127=ORIENTED_EDGE('',*,*,#1590,.F.);
#2128=ORIENTED_EDGE('',*,*,#1593,.T.);
#2129=ORIENTED_EDGE('',*,*,#1568,.T.);
#2130=ORIENTED_EDGE('',*,*,#1572,.T.);
#2131=ORIENTED_EDGE('',*,*,#1576,.T.);
#2132=ORIENTED_EDGE('',*,*,#1598,.T.);
#2133=ORIENTED_EDGE('',*,*,#1599,.T.);
#2134=ORIENTED_EDGE('',*,*,#1600,.T.);
#2135=ORIENTED_EDGE('',*,*,#1601,.T.);
#2136=ORIENTED_EDGE('',*,*,#1601,.F.);
#2137=ORIENTED_EDGE('',*,*,#1602,.F.);
#2138=ORIENTED_EDGE('',*,*,#1603,.F.);
#2139=ORIENTED_EDGE('',*,*,#1604,.F.);
#2140=ORIENTED_EDGE('',*,*,#1605,.T.);
#2141=ORIENTED_EDGE('',*,*,#1606,.F.);
#2142=ORIENTED_EDGE('',*,*,#1607,.F.);
#2143=ORIENTED_EDGE('',*,*,#1608,.F.);
#2144=ORIENTED_EDGE('',*,*,#1609,.F.);
#2145=ORIENTED_EDGE('',*,*,#1610,.F.);
#2146=ORIENTED_EDGE('',*,*,#1600,.F.);
#2147=ORIENTED_EDGE('',*,*,#1611,.F.);
#2148=ORIENTED_EDGE('',*,*,#1612,.F.);
#2149=ORIENTED_EDGE('',*,*,#1608,.T.);
#2150=ORIENTED_EDGE('',*,*,#1613,.T.);
#2151=ORIENTED_EDGE('',*,*,#1602,.T.);
#2152=ORIENTED_EDGE('',*,*,#1614,.T.);
#2153=ORIENTED_EDGE('',*,*,#1609,.T.);
#2154=ORIENTED_EDGE('',*,*,#1612,.T.);
#2155=ORIENTED_EDGE('',*,*,#1615,.T.);
#2156=ORIENTED_EDGE('',*,*,#1616,.F.);
#2157=ORIENTED_EDGE('',*,*,#1605,.F.);
#2158=ORIENTED_EDGE('',*,*,#1617,.T.);
#2159=ORIENTED_EDGE('',*,*,#1618,.T.);
#2160=ORIENTED_EDGE('',*,*,#1619,.T.);
#2161=ORIENTED_EDGE('',*,*,#1606,.T.);
#2162=ORIENTED_EDGE('',*,*,#1616,.T.);
#2163=ORIENTED_EDGE('',*,*,#1604,.T.);
#2164=ORIENTED_EDGE('',*,*,#1620,.T.);
#2165=ORIENTED_EDGE('',*,*,#1618,.F.);
#2166=ORIENTED_EDGE('',*,*,#1621,.F.);
#2167=ORIENTED_EDGE('',*,*,#1622,.T.);
#2168=ORIENTED_EDGE('',*,*,#1623,.T.);
#2169=ORIENTED_EDGE('',*,*,#1624,.T.);
#2170=ORIENTED_EDGE('',*,*,#1625,.T.);
#2171=ORIENTED_EDGE('',*,*,#1626,.T.);
#2172=ORIENTED_EDGE('',*,*,#1627,.T.);
#2173=ORIENTED_EDGE('',*,*,#1628,.T.);
#2174=ORIENTED_EDGE('',*,*,#1629,.T.);
#2175=ORIENTED_EDGE('',*,*,#1630,.T.);
#2176=ORIENTED_EDGE('',*,*,#1631,.T.);
#2177=ORIENTED_EDGE('',*,*,#1626,.F.);
#2178=ORIENTED_EDGE('',*,*,#1632,.T.);
#2179=ORIENTED_EDGE('',*,*,#1633,.T.);
#2180=ORIENTED_EDGE('',*,*,#1634,.T.);
#2181=ORIENTED_EDGE('',*,*,#1630,.F.);
#2182=ORIENTED_EDGE('',*,*,#1635,.T.);
#2183=ORIENTED_EDGE('',*,*,#1636,.T.);
#2184=ORIENTED_EDGE('',*,*,#1637,.T.);
#2185=ORIENTED_EDGE('',*,*,#1633,.F.);
#2186=ORIENTED_EDGE('',*,*,#1638,.T.);
#2187=ORIENTED_EDGE('',*,*,#1636,.F.);
#2188=ORIENTED_EDGE('',*,*,#1639,.T.);
#2189=ORIENTED_EDGE('',*,*,#1640,.T.);
#2190=ORIENTED_EDGE('',*,*,#1641,.T.);
#2191=ORIENTED_EDGE('',*,*,#1640,.F.);
#2192=ORIENTED_EDGE('',*,*,#1642,.T.);
#2193=ORIENTED_EDGE('',*,*,#1628,.F.);
#2194=ORIENTED_EDGE('',*,*,#1638,.F.);
#2195=ORIENTED_EDGE('',*,*,#1643,.T.);
#2196=ORIENTED_EDGE('',*,*,#1644,.F.);
#2197=ORIENTED_EDGE('',*,*,#1645,.F.);
#2198=ORIENTED_EDGE('',*,*,#1641,.F.);
#2199=ORIENTED_EDGE('',*,*,#1646,.T.);
#2200=ORIENTED_EDGE('',*,*,#1647,.F.);
#2201=ORIENTED_EDGE('',*,*,#1643,.F.);
#2202=ORIENTED_EDGE('',*,*,#1627,.F.);
#2203=ORIENTED_EDGE('',*,*,#1648,.T.);
#2204=ORIENTED_EDGE('',*,*,#1649,.F.);
#2205=ORIENTED_EDGE('',*,*,#1646,.F.);
#2206=ORIENTED_EDGE('',*,*,#1650,.F.);
#2207=ORIENTED_EDGE('',*,*,#1651,.T.);
#2208=ORIENTED_EDGE('',*,*,#1652,.F.);
#2209=ORIENTED_EDGE('',*,*,#1653,.F.);
#2210=ORIENTED_EDGE('',*,*,#1654,.F.);
#2211=ORIENTED_EDGE('',*,*,#1655,.F.);
#2212=ORIENTED_EDGE('',*,*,#1656,.F.);
#2213=ORIENTED_EDGE('',*,*,#1625,.F.);
#2214=ORIENTED_EDGE('',*,*,#1642,.F.);
#2215=ORIENTED_EDGE('',*,*,#1639,.F.);
#2216=ORIENTED_EDGE('',*,*,#1635,.F.);
#2217=ORIENTED_EDGE('',*,*,#1632,.F.);
#2218=ORIENTED_EDGE('',*,*,#1629,.F.);
#2219=ORIENTED_EDGE('',*,*,#1657,.T.);
#2220=ORIENTED_EDGE('',*,*,#1658,.T.);
#2221=ORIENTED_EDGE('',*,*,#1644,.T.);
#2222=ORIENTED_EDGE('',*,*,#1659,.F.);
#2223=ORIENTED_EDGE('',*,*,#1660,.T.);
#2224=ORIENTED_EDGE('',*,*,#1661,.T.);
#2225=ORIENTED_EDGE('',*,*,#1662,.T.);
#2226=ORIENTED_EDGE('',*,*,#1658,.F.);
#2227=ORIENTED_EDGE('',*,*,#1663,.T.);
#2228=ORIENTED_EDGE('',*,*,#1661,.F.);
#2229=ORIENTED_EDGE('',*,*,#1664,.T.);
#2230=ORIENTED_EDGE('',*,*,#1665,.T.);
#2231=ORIENTED_EDGE('',*,*,#1666,.T.);
#2232=ORIENTED_EDGE('',*,*,#1665,.F.);
#2233=ORIENTED_EDGE('',*,*,#1667,.T.);
#2234=ORIENTED_EDGE('',*,*,#1668,.T.);
#2235=ORIENTED_EDGE('',*,*,#1649,.T.);
#2236=ORIENTED_EDGE('',*,*,#1668,.F.);
#2237=ORIENTED_EDGE('',*,*,#1669,.T.);
#2238=ORIENTED_EDGE('',*,*,#1670,.T.);
#2239=ORIENTED_EDGE('',*,*,#1647,.T.);
#2240=ORIENTED_EDGE('',*,*,#1670,.F.);
#2241=ORIENTED_EDGE('',*,*,#1671,.T.);
#2242=ORIENTED_EDGE('',*,*,#1659,.T.);
#2243=ORIENTED_EDGE('',*,*,#1657,.F.);
#2244=ORIENTED_EDGE('',*,*,#1671,.F.);
#2245=ORIENTED_EDGE('',*,*,#1669,.F.);
#2246=ORIENTED_EDGE('',*,*,#1667,.F.);
#2247=ORIENTED_EDGE('',*,*,#1664,.F.);
#2248=ORIENTED_EDGE('',*,*,#1660,.F.);
#2249=ORIENTED_EDGE('',*,*,#1672,.F.);
#2250=ORIENTED_EDGE('',*,*,#1673,.F.);
#2251=ORIENTED_EDGE('',*,*,#1674,.F.);
#2252=ORIENTED_EDGE('',*,*,#1675,.T.);
#2253=ORIENTED_EDGE('',*,*,#1676,.T.);
#2254=ORIENTED_EDGE('',*,*,#1677,.F.);
#2255=ORIENTED_EDGE('',*,*,#1676,.F.);
#2256=ORIENTED_EDGE('',*,*,#1678,.F.);
#2257=ORIENTED_EDGE('',*,*,#1679,.F.);
#2258=ORIENTED_EDGE('',*,*,#1680,.F.);
#2259=ORIENTED_EDGE('',*,*,#1681,.F.);
#2260=ORIENTED_EDGE('',*,*,#1682,.F.);
#2261=ORIENTED_EDGE('',*,*,#1683,.T.);
#2262=ORIENTED_EDGE('',*,*,#1678,.T.);
#2263=ORIENTED_EDGE('',*,*,#1675,.F.);
#2264=ORIENTED_EDGE('',*,*,#1684,.F.);
#2265=ORIENTED_EDGE('',*,*,#1685,.T.);
#2266=ORIENTED_EDGE('',*,*,#1679,.T.);
#2267=ORIENTED_EDGE('',*,*,#1683,.F.);
#2268=ORIENTED_EDGE('',*,*,#1686,.F.);
#2269=ORIENTED_EDGE('',*,*,#1680,.T.);
#2270=ORIENTED_EDGE('',*,*,#1685,.F.);
#2271=ORIENTED_EDGE('',*,*,#1687,.F.);
#2272=ORIENTED_EDGE('',*,*,#1624,.F.);
#2273=ORIENTED_EDGE('',*,*,#1672,.T.);
#2274=ORIENTED_EDGE('',*,*,#1677,.T.);
#2275=ORIENTED_EDGE('',*,*,#1686,.T.);
#2276=ORIENTED_EDGE('',*,*,#1623,.F.);
#2277=ORIENTED_EDGE('',*,*,#1688,.F.);
#2278=ORIENTED_EDGE('',*,*,#1654,.T.);
#2279=ORIENTED_EDGE('',*,*,#1689,.T.);
#2280=ORIENTED_EDGE('',*,*,#1690,.F.);
#2281=ORIENTED_EDGE('',*,*,#1631,.F.);
#2282=ORIENTED_EDGE('',*,*,#1691,.T.);
#2283=ORIENTED_EDGE('',*,*,#1666,.F.);
#2284=ORIENTED_EDGE('',*,*,#1648,.F.);
#2285=ORIENTED_EDGE('',*,*,#1634,.F.);
#2286=ORIENTED_EDGE('',*,*,#1692,.T.);
#2287=ORIENTED_EDGE('',*,*,#1663,.F.);
#2288=ORIENTED_EDGE('',*,*,#1691,.F.);
#2289=ORIENTED_EDGE('',*,*,#1637,.F.);
#2290=ORIENTED_EDGE('',*,*,#1645,.T.);
#2291=ORIENTED_EDGE('',*,*,#1662,.F.);
#2292=ORIENTED_EDGE('',*,*,#1692,.F.);
#2293=ORIENTED_EDGE('',*,*,#1681,.T.);
#2294=ORIENTED_EDGE('',*,*,#1693,.T.);
#2295=ORIENTED_EDGE('',*,*,#1656,.T.);
#2296=ORIENTED_EDGE('',*,*,#1693,.F.);
#2297=ORIENTED_EDGE('',*,*,#1651,.F.);
#2298=ORIENTED_EDGE('',*,*,#1694,.T.);
#2299=ORIENTED_EDGE('',*,*,#1695,.F.);
#2300=ORIENTED_EDGE('',*,*,#1696,.F.);
#2301=ORIENTED_EDGE('',*,*,#1652,.T.);
#2302=ORIENTED_EDGE('',*,*,#1696,.T.);
#2303=ORIENTED_EDGE('',*,*,#1697,.F.);
#2304=ORIENTED_EDGE('',*,*,#1698,.F.);
#2305=ORIENTED_EDGE('',*,*,#1653,.T.);
#2306=ORIENTED_EDGE('',*,*,#1698,.T.);
#2307=ORIENTED_EDGE('',*,*,#1699,.F.);
#2308=ORIENTED_EDGE('',*,*,#1689,.F.);
#2309=ORIENTED_EDGE('',*,*,#1700,.F.);
#2310=ORIENTED_EDGE('',*,*,#1673,.T.);
#2311=ORIENTED_EDGE('',*,*,#1690,.T.);
#2312=ORIENTED_EDGE('',*,*,#1699,.T.);
#2313=ORIENTED_EDGE('',*,*,#1697,.T.);
#2314=ORIENTED_EDGE('',*,*,#1695,.T.);
#2315=ORIENTED_EDGE('',*,*,#1701,.T.);
#2316=ORIENTED_EDGE('',*,*,#1702,.F.);
#2317=ORIENTED_EDGE('',*,*,#1703,.F.);
#2318=ORIENTED_EDGE('',*,*,#1704,.T.);
#2319=ORIENTED_EDGE('',*,*,#1705,.T.);
#2320=ORIENTED_EDGE('',*,*,#1704,.F.);
#2321=ORIENTED_EDGE('',*,*,#1705,.F.);
#2322=ORIENTED_EDGE('',*,*,#1706,.F.);
#2323=ORIENTED_EDGE('',*,*,#1707,.F.);
#2324=ORIENTED_EDGE('',*,*,#1708,.T.);
#2325=ORIENTED_EDGE('',*,*,#1709,.T.);
#2326=ORIENTED_EDGE('',*,*,#1708,.F.);
#2327=ORIENTED_EDGE('',*,*,#1709,.F.);
#2328=ORIENTED_EDGE('',*,*,#1617,.F.);
#2329=ORIENTED_EDGE('',*,*,#1710,.F.);
#2330=ORIENTED_EDGE('',*,*,#1711,.T.);
#2331=ORIENTED_EDGE('',*,*,#1712,.T.);
#2332=ORIENTED_EDGE('',*,*,#1711,.F.);
#2333=ORIENTED_EDGE('',*,*,#1712,.F.);
#2334=ORIENTED_EDGE('',*,*,#1713,.F.);
#2335=ORIENTED_EDGE('',*,*,#1714,.F.);
#2336=ORIENTED_EDGE('',*,*,#1715,.T.);
#2337=ORIENTED_EDGE('',*,*,#1716,.T.);
#2338=ORIENTED_EDGE('',*,*,#1715,.F.);
#2339=ORIENTED_EDGE('',*,*,#1716,.F.);
#2340=ORIENTED_EDGE('',*,*,#1717,.F.);
#2341=ORIENTED_EDGE('',*,*,#1607,.T.);
#2342=ORIENTED_EDGE('',*,*,#1619,.F.);
#2343=ORIENTED_EDGE('',*,*,#1620,.F.);
#2344=ORIENTED_EDGE('',*,*,#1603,.T.);
#2345=ORIENTED_EDGE('',*,*,#1613,.F.);
#2346=ORIENTED_EDGE('',*,*,#1718,.F.);
#2347=ORIENTED_EDGE('',*,*,#1719,.T.);
#2348=ORIENTED_EDGE('',*,*,#1720,.T.);
#2349=ORIENTED_EDGE('',*,*,#1719,.F.);
#2350=ORIENTED_EDGE('',*,*,#1720,.F.);
#2351=ORIENTED_EDGE('',*,*,#1721,.F.);
#2352=ORIENTED_EDGE('',*,*,#1706,.T.);
#2353=ORIENTED_EDGE('',*,*,#1722,.T.);
#2354=ORIENTED_EDGE('',*,*,#1717,.T.);
#2355=ORIENTED_EDGE('',*,*,#1722,.F.);
#2356=ORIENTED_EDGE('',*,*,#1713,.T.);
#2357=ORIENTED_EDGE('',*,*,#1723,.T.);
#2358=ORIENTED_EDGE('',*,*,#1721,.T.);
#2359=ORIENTED_EDGE('',*,*,#1723,.F.);
#2360=ORIENTED_EDGE('',*,*,#1724,.F.);
#2361=ORIENTED_EDGE('',*,*,#1725,.T.);
#2362=ORIENTED_EDGE('',*,*,#1726,.F.);
#2363=ORIENTED_EDGE('',*,*,#1655,.T.);
#2364=ORIENTED_EDGE('',*,*,#1688,.T.);
#2365=ORIENTED_EDGE('',*,*,#1622,.F.);
#2366=ORIENTED_EDGE('',*,*,#1598,.F.);
#2367=ORIENTED_EDGE('',*,*,#1610,.T.);
#2368=ORIENTED_EDGE('',*,*,#1614,.F.);
#2369=ORIENTED_EDGE('',*,*,#1727,.F.);
#2370=ORIENTED_EDGE('',*,*,#1687,.T.);
#2371=ORIENTED_EDGE('',*,*,#1684,.T.);
#2372=ORIENTED_EDGE('',*,*,#1682,.T.);
#2373=ORIENTED_EDGE('',*,*,#1674,.T.);
#2374=ORIENTED_EDGE('',*,*,#1728,.F.);
#2375=ORIENTED_EDGE('',*,*,#1729,.F.);
#2376=ORIENTED_EDGE('',*,*,#1702,.T.);
#2377=ORIENTED_EDGE('',*,*,#1730,.F.);
#2378=ORIENTED_EDGE('',*,*,#1731,.F.);
#2379=ORIENTED_EDGE('',*,*,#1732,.T.);
#2380=ORIENTED_EDGE('',*,*,#1731,.T.);
#2381=ORIENTED_EDGE('',*,*,#1733,.F.);
#2382=ORIENTED_EDGE('',*,*,#1734,.F.);
#2383=ORIENTED_EDGE('',*,*,#1735,.F.);
#2384=ORIENTED_EDGE('',*,*,#1734,.T.);
#2385=ORIENTED_EDGE('',*,*,#1736,.F.);
#2386=ORIENTED_EDGE('',*,*,#1737,.F.);
#2387=ORIENTED_EDGE('',*,*,#1738,.T.);
#2388=ORIENTED_EDGE('',*,*,#1737,.T.);
#2389=ORIENTED_EDGE('',*,*,#1739,.F.);
#2390=ORIENTED_EDGE('',*,*,#1725,.F.);
#2391=ORIENTED_EDGE('',*,*,#1739,.T.);
#2392=ORIENTED_EDGE('',*,*,#1736,.T.);
#2393=ORIENTED_EDGE('',*,*,#1733,.T.);
#2394=ORIENTED_EDGE('',*,*,#1730,.T.);
#2395=ORIENTED_EDGE('',*,*,#1701,.F.);
#2396=ORIENTED_EDGE('',*,*,#1694,.F.);
#2397=ORIENTED_EDGE('',*,*,#1650,.T.);
#2398=ORIENTED_EDGE('',*,*,#1726,.T.);
#2399=ORIENTED_EDGE('',*,*,#1703,.T.);
#2400=ORIENTED_EDGE('',*,*,#1707,.T.);
#2401=ORIENTED_EDGE('',*,*,#1710,.T.);
#2402=ORIENTED_EDGE('',*,*,#1599,.F.);
#2403=ORIENTED_EDGE('',*,*,#1728,.T.);
#2404=ORIENTED_EDGE('',*,*,#1700,.T.);
#2405=ORIENTED_EDGE('',*,*,#1729,.T.);
#2406=ORIENTED_EDGE('',*,*,#1732,.F.);
#2407=ORIENTED_EDGE('',*,*,#1735,.T.);
#2408=ORIENTED_EDGE('',*,*,#1738,.F.);
#2409=ORIENTED_EDGE('',*,*,#1724,.T.);
#2410=ORIENTED_EDGE('',*,*,#1621,.T.);
#2411=ORIENTED_EDGE('',*,*,#1727,.T.);
#2412=ORIENTED_EDGE('',*,*,#1615,.F.);
#2413=ORIENTED_EDGE('',*,*,#1611,.T.);
#2414=ORIENTED_EDGE('',*,*,#1714,.T.);
#2415=ORIENTED_EDGE('',*,*,#1718,.T.);
#2416=ORIENTED_EDGE('',*,*,#1740,.T.);
#2417=ORIENTED_EDGE('',*,*,#1741,.T.);
#2418=ORIENTED_EDGE('',*,*,#1742,.T.);
#2419=ORIENTED_EDGE('',*,*,#1741,.F.);
#2420=ORIENTED_EDGE('',*,*,#1742,.F.);
#2421=ORIENTED_EDGE('',*,*,#1743,.T.);
#2422=ORIENTED_EDGE('',*,*,#1744,.F.);
#2423=ORIENTED_EDGE('',*,*,#1743,.F.);
#2424=ORIENTED_EDGE('',*,*,#1745,.T.);
#2425=ORIENTED_EDGE('',*,*,#1746,.T.);
#2426=ORIENTED_EDGE('',*,*,#1747,.T.);
#2427=ORIENTED_EDGE('',*,*,#1748,.T.);
#2428=ORIENTED_EDGE('',*,*,#1740,.F.);
#2429=ORIENTED_EDGE('',*,*,#1749,.F.);
#2430=ORIENTED_EDGE('',*,*,#1750,.T.);
#2431=ORIENTED_EDGE('',*,*,#1751,.F.);
#2432=ORIENTED_EDGE('',*,*,#1752,.F.);
#2433=ORIENTED_EDGE('',*,*,#1753,.T.);
#2434=ORIENTED_EDGE('',*,*,#1751,.T.);
#2435=ORIENTED_EDGE('',*,*,#1754,.T.);
#2436=ORIENTED_EDGE('',*,*,#1755,.T.);
#2437=ORIENTED_EDGE('',*,*,#1756,.F.);
#2438=ORIENTED_EDGE('',*,*,#1749,.T.);
#2439=ORIENTED_EDGE('',*,*,#1757,.F.);
#2440=ORIENTED_EDGE('',*,*,#1758,.T.);
#2441=ORIENTED_EDGE('',*,*,#1759,.F.);
#2442=ORIENTED_EDGE('',*,*,#1760,.F.);
#2443=ORIENTED_EDGE('',*,*,#1761,.T.);
#2444=ORIENTED_EDGE('',*,*,#1756,.T.);
#2445=ORIENTED_EDGE('',*,*,#1761,.F.);
#2446=ORIENTED_EDGE('',*,*,#1760,.T.);
#2447=ORIENTED_EDGE('',*,*,#1744,.T.);
#2448=ORIENTED_EDGE('',*,*,#1758,.F.);
#2449=ORIENTED_EDGE('',*,*,#1762,.T.);
#2450=ORIENTED_EDGE('',*,*,#1763,.F.);
#2451=ORIENTED_EDGE('',*,*,#1764,.F.);
#2452=ORIENTED_EDGE('',*,*,#1765,.F.);
#2453=ORIENTED_EDGE('',*,*,#1766,.T.);
#2454=ORIENTED_EDGE('',*,*,#1767,.F.);
#2455=ORIENTED_EDGE('',*,*,#1768,.F.);
#2456=ORIENTED_EDGE('',*,*,#1767,.T.);
#2457=ORIENTED_EDGE('',*,*,#1769,.T.);
#2458=ORIENTED_EDGE('',*,*,#1763,.T.);
#2459=ORIENTED_EDGE('',*,*,#1770,.T.);
#2460=ORIENTED_EDGE('',*,*,#1765,.T.);
#2461=ORIENTED_EDGE('',*,*,#1771,.F.);
#2462=ORIENTED_EDGE('',*,*,#1772,.T.);
#2463=ORIENTED_EDGE('',*,*,#1773,.F.);
#2464=ORIENTED_EDGE('',*,*,#1772,.F.);
#2465=ORIENTED_EDGE('',*,*,#1774,.T.);
#2466=ORIENTED_EDGE('',*,*,#1775,.F.);
#2467=ORIENTED_EDGE('',*,*,#1776,.F.);
#2468=ORIENTED_EDGE('',*,*,#1777,.T.);
#2469=ORIENTED_EDGE('',*,*,#1775,.T.);
#2470=ORIENTED_EDGE('',*,*,#1778,.T.);
#2471=ORIENTED_EDGE('',*,*,#1779,.T.);
#2472=ORIENTED_EDGE('',*,*,#1780,.T.);
#2473=ORIENTED_EDGE('',*,*,#1748,.F.);
#2474=ORIENTED_EDGE('',*,*,#1781,.F.);
#2475=ORIENTED_EDGE('',*,*,#1755,.F.);
#2476=ORIENTED_EDGE('',*,*,#1771,.T.);
#2477=ORIENTED_EDGE('',*,*,#1768,.T.);
#2478=ORIENTED_EDGE('',*,*,#1770,.F.);
#2479=ORIENTED_EDGE('',*,*,#1762,.F.);
#2480=ORIENTED_EDGE('',*,*,#1757,.T.);
#2481=ORIENTED_EDGE('',*,*,#1752,.T.);
#2482=ORIENTED_EDGE('',*,*,#1753,.F.);
#2483=ORIENTED_EDGE('',*,*,#1781,.T.);
#2484=ORIENTED_EDGE('',*,*,#1747,.F.);
#2485=ORIENTED_EDGE('',*,*,#1782,.F.);
#2486=ORIENTED_EDGE('',*,*,#1778,.F.);
#2487=ORIENTED_EDGE('',*,*,#1774,.F.);
#2488=ORIENTED_EDGE('',*,*,#1782,.T.);
#2489=ORIENTED_EDGE('',*,*,#1746,.F.);
#2490=ORIENTED_EDGE('',*,*,#1783,.F.);
#2491=ORIENTED_EDGE('',*,*,#1779,.F.);
#2492=ORIENTED_EDGE('',*,*,#1759,.T.);
#2493=ORIENTED_EDGE('',*,*,#1764,.T.);
#2494=ORIENTED_EDGE('',*,*,#1769,.F.);
#2495=ORIENTED_EDGE('',*,*,#1766,.F.);
#2496=ORIENTED_EDGE('',*,*,#1773,.T.);
#2497=ORIENTED_EDGE('',*,*,#1776,.T.);
#2498=ORIENTED_EDGE('',*,*,#1777,.F.);
#2499=ORIENTED_EDGE('',*,*,#1783,.T.);
#2500=ORIENTED_EDGE('',*,*,#1745,.F.);
#2501=ORIENTED_EDGE('',*,*,#1780,.F.);
#2502=ORIENTED_EDGE('',*,*,#1754,.F.);
#2503=ORIENTED_EDGE('',*,*,#1750,.F.);
#2504=CONICAL_SURFACE('',#2675,2.5,0.785398163397448);
#2505=CONICAL_SURFACE('',#2869,2.5,0.785398163397448);
#2506=ADVANCED_FACE('',(#215),#2504,.F.);
#2507=ADVANCED_FACE('',(#216),#183,.F.);
#2508=ADVANCED_FACE('',(#217,#29),#65,.T.);
#2509=ADVANCED_FACE('',(#218),#66,.T.);
#2510=ADVANCED_FACE('',(#219,#30),#67,.F.);
#2511=ADVANCED_FACE('',(#220),#68,.F.);
#2512=ADVANCED_FACE('',(#221),#184,.T.);
#2513=ADVANCED_FACE('',(#222,#31),#69,.F.);
#2514=ADVANCED_FACE('',(#223),#70,.T.);
#2515=ADVANCED_FACE('',(#224),#71,.T.);
#2516=ADVANCED_FACE('',(#225),#72,.T.);
#2517=ADVANCED_FACE('',(#226),#73,.F.);
#2518=ADVANCED_FACE('',(#227),#74,.T.);
#2519=ADVANCED_FACE('',(#228),#75,.T.);
#2520=ADVANCED_FACE('',(#229),#76,.T.);
#2521=ADVANCED_FACE('',(#230),#77,.T.);
#2522=ADVANCED_FACE('',(#231),#78,.T.);
#2523=ADVANCED_FACE('',(#232),#79,.T.);
#2524=ADVANCED_FACE('',(#233),#80,.F.);
#2525=ADVANCED_FACE('',(#234),#185,.F.);
#2526=ADVANCED_FACE('',(#235),#81,.T.);
#2527=ADVANCED_FACE('',(#236),#82,.T.);
#2528=ADVANCED_FACE('',(#237),#83,.T.);
#2529=ADVANCED_FACE('',(#238),#84,.T.);
#2530=ADVANCED_FACE('',(#239),#85,.T.);
#2531=ADVANCED_FACE('',(#240),#86,.T.);
#2532=ADVANCED_FACE('',(#241),#87,.T.);
#2533=ADVANCED_FACE('',(#242),#88,.F.);
#2534=ADVANCED_FACE('',(#243),#89,.F.);
#2535=ADVANCED_FACE('',(#244),#90,.F.);
#2536=ADVANCED_FACE('',(#245),#91,.F.);
#2537=ADVANCED_FACE('',(#246),#92,.T.);
#2538=ADVANCED_FACE('',(#247),#93,.T.);
#2539=ADVANCED_FACE('',(#248),#94,.T.);
#2540=ADVANCED_FACE('',(#249),#95,.T.);
#2541=ADVANCED_FACE('',(#250),#96,.T.);
#2542=ADVANCED_FACE('',(#251),#97,.T.);
#2543=ADVANCED_FACE('',(#252),#98,.F.);
#2544=ADVANCED_FACE('',(#253,#32,#33),#99,.F.);
#2545=ADVANCED_FACE('',(#254),#100,.F.);
#2546=ADVANCED_FACE('',(#255),#101,.F.);
#2547=ADVANCED_FACE('',(#256),#102,.F.);
#2548=ADVANCED_FACE('',(#257),#103,.F.);
#2549=ADVANCED_FACE('',(#258,#34),#104,.T.);
#2550=ADVANCED_FACE('',(#259),#105,.T.);
#2551=ADVANCED_FACE('',(#260),#106,.F.);
#2552=ADVANCED_FACE('',(#261),#107,.F.);
#2553=ADVANCED_FACE('',(#262),#186,.F.);
#2554=ADVANCED_FACE('',(#263),#108,.T.);
#2555=ADVANCED_FACE('',(#264),#109,.T.);
#2556=ADVANCED_FACE('',(#265),#110,.T.);
#2557=ADVANCED_FACE('',(#266),#111,.T.);
#2558=ADVANCED_FACE('',(#267),#187,.F.);
#2559=ADVANCED_FACE('',(#268,#35),#112,.T.);
#2560=ADVANCED_FACE('',(#269),#188,.F.);
#2561=ADVANCED_FACE('',(#270,#36),#113,.T.);
#2562=ADVANCED_FACE('',(#271),#189,.F.);
#2563=ADVANCED_FACE('',(#272,#37),#114,.T.);
#2564=ADVANCED_FACE('',(#273),#190,.F.);
#2565=ADVANCED_FACE('',(#274,#38),#115,.F.);
#2566=ADVANCED_FACE('',(#275),#191,.F.);
#2567=ADVANCED_FACE('',(#276,#39),#116,.F.);
#2568=ADVANCED_FACE('',(#277),#192,.F.);
#2569=ADVANCED_FACE('',(#278,#40),#117,.F.);
#2570=ADVANCED_FACE('',(#279),#193,.F.);
#2571=ADVANCED_FACE('',(#280,#41),#194,.F.);
#2572=ADVANCED_FACE('',(#281),#195,.F.);
#2573=ADVANCED_FACE('',(#282),#118,.T.);
#2574=ADVANCED_FACE('',(#283,#42),#119,.T.);
#2575=ADVANCED_FACE('',(#284),#120,.T.);
#2576=ADVANCED_FACE('',(#285),#196,.T.);
#2577=ADVANCED_FACE('',(#286),#121,.T.);
#2578=ADVANCED_FACE('',(#287),#197,.T.);
#2579=ADVANCED_FACE('',(#288,#43,#44,#45),#122,.T.);
#2580=ADVANCED_FACE('',(#289,#46,#47,#48),#123,.F.);
#2581=ADVANCED_FACE('',(#290),#198,.T.);
#2582=ADVANCED_FACE('',(#291),#199,.F.);
#2583=ADVANCED_FACE('',(#292),#200,.F.);
#2584=ADVANCED_FACE('',(#293),#201,.T.);
#2585=ADVANCED_FACE('',(#294),#124,.T.);
#2586=ADVANCED_FACE('',(#295),#202,.F.);
#2587=ADVANCED_FACE('',(#296),#125,.T.);
#2588=ADVANCED_FACE('',(#297),#126,.T.);
#2589=ADVANCED_FACE('',(#298),#127,.T.);
#2590=ADVANCED_FACE('',(#299),#128,.T.);
#2591=ADVANCED_FACE('',(#300),#129,.T.);
#2592=ADVANCED_FACE('',(#301),#130,.T.);
#2593=ADVANCED_FACE('',(#302),#131,.T.);
#2594=ADVANCED_FACE('',(#303),#132,.F.);
#2595=ADVANCED_FACE('',(#304),#133,.F.);
#2596=ADVANCED_FACE('',(#305),#134,.F.);
#2597=ADVANCED_FACE('',(#306,#49,#50),#135,.F.);
#2598=ADVANCED_FACE('',(#307),#136,.T.);
#2599=ADVANCED_FACE('',(#308),#137,.T.);
#2600=ADVANCED_FACE('',(#309),#138,.T.);
#2601=ADVANCED_FACE('',(#310),#139,.T.);
#2602=ADVANCED_FACE('',(#311),#140,.T.);
#2603=ADVANCED_FACE('',(#312),#141,.T.);
#2604=ADVANCED_FACE('',(#313),#142,.F.);
#2605=ADVANCED_FACE('',(#314),#143,.F.);
#2606=ADVANCED_FACE('',(#315,#51),#144,.F.);
#2607=ADVANCED_FACE('',(#316),#145,.F.);
#2608=ADVANCED_FACE('',(#317),#146,.F.);
#2609=ADVANCED_FACE('',(#318),#147,.F.);
#2610=ADVANCED_FACE('',(#319),#148,.T.);
#2611=ADVANCED_FACE('',(#320),#149,.F.);
#2612=ADVANCED_FACE('',(#321),#150,.F.);
#2613=ADVANCED_FACE('',(#322),#151,.F.);
#2614=ADVANCED_FACE('',(#323),#203,.F.);
#2615=ADVANCED_FACE('',(#324),#152,.T.);
#2616=ADVANCED_FACE('',(#325),#153,.T.);
#2617=ADVANCED_FACE('',(#326),#154,.T.);
#2618=ADVANCED_FACE('',(#327),#155,.T.);
#2619=ADVANCED_FACE('',(#328),#204,.F.);
#2620=ADVANCED_FACE('',(#329,#52),#156,.T.);
#2621=ADVANCED_FACE('',(#330),#205,.F.);
#2622=ADVANCED_FACE('',(#331,#53),#157,.T.);
#2623=ADVANCED_FACE('',(#332),#206,.F.);
#2624=ADVANCED_FACE('',(#333,#54),#158,.T.);
#2625=ADVANCED_FACE('',(#334),#207,.F.);
#2626=ADVANCED_FACE('',(#335,#55),#159,.F.);
#2627=ADVANCED_FACE('',(#336),#160,.F.);
#2628=ADVANCED_FACE('',(#337),#208,.F.);
#2629=ADVANCED_FACE('',(#338,#56),#161,.F.);
#2630=ADVANCED_FACE('',(#339),#209,.F.);
#2631=ADVANCED_FACE('',(#340),#210,.F.);
#2632=ADVANCED_FACE('',(#341),#162,.T.);
#2633=ADVANCED_FACE('',(#342),#163,.T.);
#2634=ADVANCED_FACE('',(#343),#164,.T.);
#2635=ADVANCED_FACE('',(#344),#211,.T.);
#2636=ADVANCED_FACE('',(#345),#165,.T.);
#2637=ADVANCED_FACE('',(#346),#212,.T.);
#2638=ADVANCED_FACE('',(#347,#57,#58,#59),#166,.T.);
#2639=ADVANCED_FACE('',(#348,#60,#61),#167,.F.);
#2640=ADVANCED_FACE('',(#349),#2505,.F.);
#2641=ADVANCED_FACE('',(#350),#213,.F.);
#2642=ADVANCED_FACE('',(#351,#62),#168,.T.);
#2643=ADVANCED_FACE('',(#352),#169,.T.);
#2644=ADVANCED_FACE('',(#353,#63),#170,.F.);
#2645=ADVANCED_FACE('',(#354),#171,.F.);
#2646=ADVANCED_FACE('',(#355),#214,.T.);
#2647=ADVANCED_FACE('',(#356,#64),#172,.F.);
#2648=ADVANCED_FACE('',(#357),#173,.T.);
#2649=ADVANCED_FACE('',(#358),#174,.T.);
#2650=ADVANCED_FACE('',(#359),#175,.T.);
#2651=ADVANCED_FACE('',(#360),#176,.F.);
#2652=ADVANCED_FACE('',(#361),#177,.T.);
#2653=ADVANCED_FACE('',(#362),#178,.T.);
#2654=ADVANCED_FACE('',(#363),#179,.T.);
#2655=ADVANCED_FACE('',(#364),#180,.T.);
#2656=ADVANCED_FACE('',(#365),#181,.T.);
#2657=ADVANCED_FACE('',(#366),#182,.T.);
#2658=CLOSED_SHELL('',(#2506,#2507,#2508,#2509,#2510,#2511,#2512,#2513,
#2514,#2515,#2516,#2517,#2518,#2519,#2520,#2521,#2522,#2523));
#2659=CLOSED_SHELL('',(#2524,#2525,#2526,#2527,#2528,#2529,#2530,#2531,
#2532,#2533,#2534,#2535,#2536,#2537,#2538,#2539,#2540,#2541,#2542,#2543,
#2544,#2545,#2546,#2547,#2548,#2549,#2550,#2551,#2552,#2553,#2554,#2555,
#2556,#2557,#2558,#2559,#2560,#2561,#2562,#2563,#2564,#2565,#2566,#2567,
#2568,#2569,#2570,#2571,#2572,#2573,#2574,#2575,#2576,#2577,#2578,#2579,
#2580));
#2660=CLOSED_SHELL('',(#2581,#2582,#2583,#2584,#2585,#2586,#2587,#2588,
#2589,#2590,#2591,#2592,#2593,#2594,#2595,#2596,#2597,#2598,#2599,#2600,
#2601,#2602,#2603,#2604,#2605,#2606,#2607,#2608,#2609,#2610,#2611,#2612,
#2613,#2614,#2615,#2616,#2617,#2618,#2619,#2620,#2621,#2622,#2623,#2624,
#2625,#2626,#2627,#2628,#2629,#2630,#2631,#2632,#2633,#2634,#2635,#2636,
#2637,#2638,#2639));
#2661=CLOSED_SHELL('',(#2640,#2641,#2642,#2643,#2644,#2645,#2646,#2647,
#2648,#2649,#2650,#2651,#2652,#2653,#2654,#2655,#2656,#2657));
#2662=DERIVED_UNIT_ELEMENT(#2664,1.);
#2663=DERIVED_UNIT_ELEMENT(#4460,-3.);
#2664=(
MASS_UNIT()
NAMED_UNIT(*)
SI_UNIT(.KILO.,.GRAM.)
);
#2665=DERIVED_UNIT((#2662,#2663));
#2666=MEASURE_REPRESENTATION_ITEM('density measure',
POSITIVE_RATIO_MEASURE(7850.),#2665);
#2667=PROPERTY_DEFINITION_REPRESENTATION(#2672,#2669);
#2668=PROPERTY_DEFINITION_REPRESENTATION(#2673,#2670);
#2669=REPRESENTATION('material name',(#2671),#4457);
#2670=REPRESENTATION('density',(#2666),#4457);
#2671=DESCRIPTIVE_REPRESENTATION_ITEM('Steel','Steel');
#2672=PROPERTY_DEFINITION('material property','material name',#4467);
#2673=PROPERTY_DEFINITION('material property','density of part',#4467);
#2674=AXIS2_PLACEMENT_3D('',#3615,#2892,#2893);
#2675=AXIS2_PLACEMENT_3D('',#3616,#2894,#2895);
#2676=AXIS2_PLACEMENT_3D('',#3618,#2896,#2897);
#2677=AXIS2_PLACEMENT_3D('',#3621,#2899,#2900);
#2678=AXIS2_PLACEMENT_3D('',#3622,#2901,#2902);
#2679=AXIS2_PLACEMENT_3D('',#3625,#2904,#2905);
#2680=AXIS2_PLACEMENT_3D('',#3626,#2906,#2907);
#2681=AXIS2_PLACEMENT_3D('',#3635,#2912,#2913);
#2682=AXIS2_PLACEMENT_3D('',#3644,#2918,#2919);
#2683=AXIS2_PLACEMENT_3D('',#3651,#2923,#2924);
#2684=AXIS2_PLACEMENT_3D('',#3652,#2925,#2926);
#2685=AXIS2_PLACEMENT_3D('',#3658,#2930,#2931);
#2686=AXIS2_PLACEMENT_3D('',#3660,#2932,#2933);
#2687=AXIS2_PLACEMENT_3D('',#3662,#2935,#2936);
#2688=AXIS2_PLACEMENT_3D('',#3663,#2937,#2938);
#2689=AXIS2_PLACEMENT_3D('',#3669,#2942,#2943);
#2690=AXIS2_PLACEMENT_3D('',#3678,#2948,#2949);
#2691=AXIS2_PLACEMENT_3D('',#3681,#2952,#2953);
#2692=AXIS2_PLACEMENT_3D('',#3687,#2957,#2958);
#2693=AXIS2_PLACEMENT_3D('',#3693,#2962,#2963);
#2694=AXIS2_PLACEMENT_3D('',#3699,#2967,#2968);
#2695=AXIS2_PLACEMENT_3D('',#3702,#2971,#2972);
#2696=AXIS2_PLACEMENT_3D('',#3704,#2974,#2975);
#2697=AXIS2_PLACEMENT_3D('',#3706,#2977,#2978);
#2698=AXIS2_PLACEMENT_3D('',#3707,#2979,#2980);
#2699=AXIS2_PLACEMENT_3D('',#3711,#2982,#2983);
#2700=AXIS2_PLACEMENT_3D('',#3712,#2984,#2985);
#2701=AXIS2_PLACEMENT_3D('',#3714,#2986,#2987);
#2702=AXIS2_PLACEMENT_3D('',#3753,#2989,#2990);
#2703=AXIS2_PLACEMENT_3D('',#3770,#2999,#3000);
#2704=AXIS2_PLACEMENT_3D('',#3779,#3005,#3006);
#2705=AXIS2_PLACEMENT_3D('',#3785,#3010,#3011);
#2706=AXIS2_PLACEMENT_3D('',#3791,#3015,#3016);
#2707=AXIS2_PLACEMENT_3D('',#3797,#3020,#3021);
#2708=AXIS2_PLACEMENT_3D('',#3803,#3025,#3026);
#2709=AXIS2_PLACEMENT_3D('',#3806,#3029,#3030);
#2710=AXIS2_PLACEMENT_3D('',#3812,#3034,#3035);
#2711=AXIS2_PLACEMENT_3D('',#3816,#3038,#3039);
#2712=AXIS2_PLACEMENT_3D('',#3820,#3042,#3043);
#2713=AXIS2_PLACEMENT_3D('',#3821,#3044,#3045);
#2714=AXIS2_PLACEMENT_3D('',#3829,#3050,#3051);
#2715=AXIS2_PLACEMENT_3D('',#3835,#3055,#3056);
#2716=AXIS2_PLACEMENT_3D('',#3840,#3060,#3061);
#2717=AXIS2_PLACEMENT_3D('',#3844,#3064,#3065);
#2718=AXIS2_PLACEMENT_3D('',#3848,#3068,#3069);
#2719=AXIS2_PLACEMENT_3D('',#3850,#3071,#3072);
#2720=AXIS2_PLACEMENT_3D('',#3852,#3074,#3075);
#2721=AXIS2_PLACEMENT_3D('',#3866,#3082,#3083);
#2722=AXIS2_PLACEMENT_3D('',#3867,#3084,#3085);
#2723=AXIS2_PLACEMENT_3D('',#3875,#3090,#3091);
#2724=AXIS2_PLACEMENT_3D('',#3886,#3097,#3098);
#2725=AXIS2_PLACEMENT_3D('',#3892,#3102,#3103);
#2726=AXIS2_PLACEMENT_3D('',#3895,#3106,#3107);
#2727=AXIS2_PLACEMENT_3D('',#3898,#3109,#3110);
#2728=AXIS2_PLACEMENT_3D('',#3899,#3111,#3112);
#2729=AXIS2_PLACEMENT_3D('',#3904,#3116,#3117);
#2730=AXIS2_PLACEMENT_3D('',#3906,#3119,#3120);
#2731=AXIS2_PLACEMENT_3D('',#3907,#3121,#3122);
#2732=AXIS2_PLACEMENT_3D('',#3909,#3124,#3125);
#2733=AXIS2_PLACEMENT_3D('',#3911,#3127,#3128);
#2734=AXIS2_PLACEMENT_3D('',#3913,#3130,#3131);
#2735=AXIS2_PLACEMENT_3D('',#3915,#3133,#3134);
#2736=AXIS2_PLACEMENT_3D('',#3919,#3137,#3138);
#2737=AXIS2_PLACEMENT_3D('',#3921,#3139,#3140);
#2738=AXIS2_PLACEMENT_3D('',#3924,#3142,#3143);
#2739=AXIS2_PLACEMENT_3D('',#3925,#3144,#3145);
#2740=AXIS2_PLACEMENT_3D('',#3927,#3146,#3147);
#2741=AXIS2_PLACEMENT_3D('',#3928,#3148,#3149);
#2742=AXIS2_PLACEMENT_3D('',#3930,#3150,#3151);
#2743=AXIS2_PLACEMENT_3D('',#3933,#3153,#3154);
#2744=AXIS2_PLACEMENT_3D('',#3934,#3155,#3156);
#2745=AXIS2_PLACEMENT_3D('',#3936,#3157,#3158);
#2746=AXIS2_PLACEMENT_3D('',#3937,#3159,#3160);
#2747=AXIS2_PLACEMENT_3D('',#3939,#3161,#3162);
#2748=AXIS2_PLACEMENT_3D('',#3942,#3164,#3165);
#2749=AXIS2_PLACEMENT_3D('',#3943,#3166,#3167);
#2750=AXIS2_PLACEMENT_3D('',#3945,#3168,#3169);
#2751=AXIS2_PLACEMENT_3D('',#3946,#3170,#3171);
#2752=AXIS2_PLACEMENT_3D('',#3948,#3172,#3173);
#2753=AXIS2_PLACEMENT_3D('',#3951,#3175,#3176);
#2754=AXIS2_PLACEMENT_3D('',#3952,#3177,#3178);
#2755=AXIS2_PLACEMENT_3D('',#3954,#3179,#3180);
#2756=AXIS2_PLACEMENT_3D('',#3955,#3181,#3182);
#2757=AXIS2_PLACEMENT_3D('',#3957,#3183,#3184);
#2758=AXIS2_PLACEMENT_3D('',#3960,#3186,#3187);
#2759=AXIS2_PLACEMENT_3D('',#3961,#3188,#3189);
#2760=AXIS2_PLACEMENT_3D('',#3963,#3190,#3191);
#2761=AXIS2_PLACEMENT_3D('',#3964,#3192,#3193);
#2762=AXIS2_PLACEMENT_3D('',#3966,#3194,#3195);
#2763=AXIS2_PLACEMENT_3D('',#3969,#3197,#3198);
#2764=AXIS2_PLACEMENT_3D('',#3970,#3199,#3200);
#2765=AXIS2_PLACEMENT_3D('',#3972,#3201,#3202);
#2766=AXIS2_PLACEMENT_3D('',#3973,#3203,#3204);
#2767=AXIS2_PLACEMENT_3D('',#3975,#3206,#3207);
#2768=AXIS2_PLACEMENT_3D('',#3977,#3209,#3210);
#2769=AXIS2_PLACEMENT_3D('',#3979,#3212,#3213);
#2770=AXIS2_PLACEMENT_3D('',#3985,#3217,#3218);
#2771=AXIS2_PLACEMENT_3D('',#3987,#3220,#3221);
#2772=AXIS2_PLACEMENT_3D('',#3993,#3225,#3226);
#2773=AXIS2_PLACEMENT_3D('',#3995,#3227,#3228);
#2774=AXIS2_PLACEMENT_3D('',#3997,#3229,#3230);
#2775=AXIS2_PLACEMENT_3D('',#3999,#3232,#3233);
#2776=AXIS2_PLACEMENT_3D('',#4005,#3237,#3238);
#2777=AXIS2_PLACEMENT_3D('',#4006,#3239,#3240);
#2778=AXIS2_PLACEMENT_3D('',#4007,#3241,#3242);
#2779=AXIS2_PLACEMENT_3D('',#4008,#3243,#3244);
#2780=AXIS2_PLACEMENT_3D('',#4009,#3245,#3246);
#2781=AXIS2_PLACEMENT_3D('',#4010,#3247,#3248);
#2782=AXIS2_PLACEMENT_3D('',#4013,#3249,#3250);
#2783=AXIS2_PLACEMENT_3D('',#4036,#3253,#3254);
#2784=AXIS2_PLACEMENT_3D('',#4052,#3256,#3257);
#2785=AXIS2_PLACEMENT_3D('',#4085,#3260,#3261);
#2786=AXIS2_PLACEMENT_3D('',#4086,#3262,#3263);
#2787=AXIS2_PLACEMENT_3D('',#4088,#3264,#3265);
#2788=AXIS2_PLACEMENT_3D('',#4104,#3266,#3267);
#2789=AXIS2_PLACEMENT_3D('',#4105,#3268,#3269);
#2790=AXIS2_PLACEMENT_3D('',#4107,#3270,#3271);
#2791=AXIS2_PLACEMENT_3D('',#4109,#3273,#3274);
#2792=AXIS2_PLACEMENT_3D('',#4111,#3276,#3277);
#2793=AXIS2_PLACEMENT_3D('',#4113,#3278,#3279);
#2794=AXIS2_PLACEMENT_3D('',#4116,#3281,#3282);
#2795=AXIS2_PLACEMENT_3D('',#4117,#3283,#3284);
#2796=AXIS2_PLACEMENT_3D('',#4118,#3285,#3286);
#2797=AXIS2_PLACEMENT_3D('',#4127,#3291,#3292);
#2798=AXIS2_PLACEMENT_3D('',#4136,#3297,#3298);
#2799=AXIS2_PLACEMENT_3D('',#4142,#3302,#3303);
#2800=AXIS2_PLACEMENT_3D('',#4148,#3307,#3308);
#2801=AXIS2_PLACEMENT_3D('',#4154,#3312,#3313);
#2802=AXIS2_PLACEMENT_3D('',#4160,#3317,#3318);
#2803=AXIS2_PLACEMENT_3D('',#4163,#3321,#3322);
#2804=AXIS2_PLACEMENT_3D('',#4169,#3326,#3327);
#2805=AXIS2_PLACEMENT_3D('',#4173,#3330,#3331);
#2806=AXIS2_PLACEMENT_3D('',#4177,#3334,#3335);
#2807=AXIS2_PLACEMENT_3D('',#4191,#3342,#3343);
#2808=AXIS2_PLACEMENT_3D('',#4192,#3344,#3345);
#2809=AXIS2_PLACEMENT_3D('',#4198,#3349,#3350);
#2810=AXIS2_PLACEMENT_3D('',#4204,#3354,#3355);
#2811=AXIS2_PLACEMENT_3D('',#4210,#3359,#3360);
#2812=AXIS2_PLACEMENT_3D('',#4215,#3364,#3365);
#2813=AXIS2_PLACEMENT_3D('',#4219,#3368,#3369);
#2814=AXIS2_PLACEMENT_3D('',#4221,#3371,#3372);
#2815=AXIS2_PLACEMENT_3D('',#4222,#3373,#3374);
#2816=AXIS2_PLACEMENT_3D('',#4233,#3380,#3381);
#2817=AXIS2_PLACEMENT_3D('',#4242,#3386,#3387);
#2818=AXIS2_PLACEMENT_3D('',#4243,#3388,#3389);
#2819=AXIS2_PLACEMENT_3D('',#4247,#3392,#3393);
#2820=AXIS2_PLACEMENT_3D('',#4251,#3396,#3397);
#2821=AXIS2_PLACEMENT_3D('',#4254,#3400,#3401);
#2822=AXIS2_PLACEMENT_3D('',#4259,#3405,#3406);
#2823=AXIS2_PLACEMENT_3D('',#4261,#3408,#3409);
#2824=AXIS2_PLACEMENT_3D('',#4263,#3411,#3412);
#2825=AXIS2_PLACEMENT_3D('',#4264,#3413,#3414);
#2826=AXIS2_PLACEMENT_3D('',#4266,#3416,#3417);
#2827=AXIS2_PLACEMENT_3D('',#4272,#3421,#3422);
#2828=AXIS2_PLACEMENT_3D('',#4276,#3425,#3426);
#2829=AXIS2_PLACEMENT_3D('',#4278,#3428,#3429);
#2830=AXIS2_PLACEMENT_3D('',#4284,#3433,#3434);
#2831=AXIS2_PLACEMENT_3D('',#4286,#3435,#3436);
#2832=AXIS2_PLACEMENT_3D('',#4289,#3438,#3439);
#2833=AXIS2_PLACEMENT_3D('',#4290,#3440,#3441);
#2834=AXIS2_PLACEMENT_3D('',#4292,#3442,#3443);
#2835=AXIS2_PLACEMENT_3D('',#4293,#3444,#3445);
#2836=AXIS2_PLACEMENT_3D('',#4295,#3446,#3447);
#2837=AXIS2_PLACEMENT_3D('',#4298,#3449,#3450);
#2838=AXIS2_PLACEMENT_3D('',#4299,#3451,#3452);
#2839=AXIS2_PLACEMENT_3D('',#4300,#3453,#3454);
#2840=AXIS2_PLACEMENT_3D('',#4302,#3455,#3456);
#2841=AXIS2_PLACEMENT_3D('',#4305,#3458,#3459);
#2842=AXIS2_PLACEMENT_3D('',#4306,#3460,#3461);
#2843=AXIS2_PLACEMENT_3D('',#4308,#3462,#3463);
#2844=AXIS2_PLACEMENT_3D('',#4309,#3464,#3465);
#2845=AXIS2_PLACEMENT_3D('',#4311,#3466,#3467);
#2846=AXIS2_PLACEMENT_3D('',#4314,#3469,#3470);
#2847=AXIS2_PLACEMENT_3D('',#4315,#3471,#3472);
#2848=AXIS2_PLACEMENT_3D('',#4317,#3473,#3474);
#2849=AXIS2_PLACEMENT_3D('',#4318,#3475,#3476);
#2850=AXIS2_PLACEMENT_3D('',#4319,#3477,#3478);
#2851=AXIS2_PLACEMENT_3D('',#4321,#3479,#3480);
#2852=AXIS2_PLACEMENT_3D('',#4324,#3482,#3483);
#2853=AXIS2_PLACEMENT_3D('',#4325,#3484,#3485);
#2854=AXIS2_PLACEMENT_3D('',#4327,#3486,#3487);
#2855=AXIS2_PLACEMENT_3D('',#4328,#3488,#3489);
#2856=AXIS2_PLACEMENT_3D('',#4330,#3491,#3492);
#2857=AXIS2_PLACEMENT_3D('',#4332,#3494,#3495);
#2858=AXIS2_PLACEMENT_3D('',#4338,#3499,#3500);
#2859=AXIS2_PLACEMENT_3D('',#4341,#3503,#3504);
#2860=AXIS2_PLACEMENT_3D('',#4347,#3508,#3509);
#2861=AXIS2_PLACEMENT_3D('',#4349,#3510,#3511);
#2862=AXIS2_PLACEMENT_3D('',#4351,#3512,#3513);
#2863=AXIS2_PLACEMENT_3D('',#4353,#3515,#3516);
#2864=AXIS2_PLACEMENT_3D('',#4359,#3520,#3521);
#2865=AXIS2_PLACEMENT_3D('',#4360,#3522,#3523);
#2866=AXIS2_PLACEMENT_3D('',#4361,#3524,#3525);
#2867=AXIS2_PLACEMENT_3D('',#4362,#3526,#3527);
#2868=AXIS2_PLACEMENT_3D('',#4363,#3528,#3529);
#2869=AXIS2_PLACEMENT_3D('',#4364,#3530,#3531);
#2870=AXIS2_PLACEMENT_3D('',#4366,#3532,#3533);
#2871=AXIS2_PLACEMENT_3D('',#4369,#3535,#3536);
#2872=AXIS2_PLACEMENT_3D('',#4370,#3537,#3538);
#2873=AXIS2_PLACEMENT_3D('',#4373,#3540,#3541);
#2874=AXIS2_PLACEMENT_3D('',#4374,#3542,#3543);
#2875=AXIS2_PLACEMENT_3D('',#4383,#3548,#3549);
#2876=AXIS2_PLACEMENT_3D('',#4392,#3554,#3555);
#2877=AXIS2_PLACEMENT_3D('',#4399,#3559,#3560);
#2878=AXIS2_PLACEMENT_3D('',#4400,#3561,#3562);
#2879=AXIS2_PLACEMENT_3D('',#4406,#3566,#3567);
#2880=AXIS2_PLACEMENT_3D('',#4408,#3568,#3569);
#2881=AXIS2_PLACEMENT_3D('',#4410,#3571,#3572);
#2882=AXIS2_PLACEMENT_3D('',#4411,#3573,#3574);
#2883=AXIS2_PLACEMENT_3D('',#4417,#3578,#3579);
#2884=AXIS2_PLACEMENT_3D('',#4426,#3584,#3585);
#2885=AXIS2_PLACEMENT_3D('',#4429,#3588,#3589);
#2886=AXIS2_PLACEMENT_3D('',#4435,#3593,#3594);
#2887=AXIS2_PLACEMENT_3D('',#4441,#3598,#3599);
#2888=AXIS2_PLACEMENT_3D('',#4447,#3603,#3604);
#2889=AXIS2_PLACEMENT_3D('',#4450,#3607,#3608);
#2890=AXIS2_PLACEMENT_3D('',#4452,#3610,#3611);
#2891=AXIS2_PLACEMENT_3D('',#4454,#3613,#3614);
#2892=DIRECTION('axis',(0.,0.,1.));
#2893=DIRECTION('refdir',(1.,0.,0.));
#2894=DIRECTION('center_axis',(0.,0.,1.));
#2895=DIRECTION('ref_axis',(1.,0.,0.));
#2896=DIRECTION('center_axis',(0.,0.,1.));
#2897=DIRECTION('ref_axis',(1.,0.,0.));
#2898=DIRECTION('',(0.707106781186547,8.65956056235493E-17,-0.707106781186548));
#2899=DIRECTION('center_axis',(0.,0.,-1.));
#2900=DIRECTION('ref_axis',(1.,0.,0.));
#2901=DIRECTION('center_axis',(0.,0.,1.));
#2902=DIRECTION('ref_axis',(1.,0.,0.));
#2903=DIRECTION('',(0.,0.,-1.));
#2904=DIRECTION('center_axis',(0.,0.,1.));
#2905=DIRECTION('ref_axis',(1.,0.,0.));
#2906=DIRECTION('center_axis',(0.,0.,1.));
#2907=DIRECTION('ref_axis',(1.,0.,0.));
#2908=DIRECTION('',(-1.,0.,0.));
#2909=DIRECTION('',(0.,-1.,0.));
#2910=DIRECTION('',(1.,0.,0.));
#2911=DIRECTION('',(0.,1.,0.));
#2912=DIRECTION('center_axis',(-1.,0.,0.));
#2913=DIRECTION('ref_axis',(0.,1.,0.));
#2914=DIRECTION('',(0.,-1.,0.));
#2915=DIRECTION('',(0.,0.,-1.));
#2916=DIRECTION('',(0.,1.,0.));
#2917=DIRECTION('',(0.,0.,-1.));
#2918=DIRECTION('center_axis',(0.,0.,1.));
#2919=DIRECTION('ref_axis',(1.,0.,0.));
#2920=DIRECTION('',(-1.,0.,0.));
#2921=DIRECTION('',(1.,0.,0.));
#2922=DIRECTION('',(0.,-1.,0.));
#2923=DIRECTION('center_axis',(0.,0.,-1.));
#2924=DIRECTION('ref_axis',(1.,0.,0.));
#2925=DIRECTION('center_axis',(0.,0.,1.));
#2926=DIRECTION('ref_axis',(1.,0.,0.));
#2927=DIRECTION('',(1.,0.,0.));
#2928=DIRECTION('',(0.,1.,0.));
#2929=DIRECTION('',(-1.,0.,0.));
#2930=DIRECTION('center_axis',(0.,0.,-1.));
#2931=DIRECTION('ref_axis',(1.,0.,0.));
#2932=DIRECTION('center_axis',(0.,0.,-1.));
#2933=DIRECTION('ref_axis',(1.,0.,0.));
#2934=DIRECTION('',(0.,0.,1.));
#2935=DIRECTION('center_axis',(0.,0.,1.));
#2936=DIRECTION('ref_axis',(1.,0.,0.));
#2937=DIRECTION('center_axis',(1.,0.,0.));
#2938=DIRECTION('ref_axis',(0.,-1.,0.));
#2939=DIRECTION('',(0.,0.,-1.));
#2940=DIRECTION('',(0.,-1.,0.));
#2941=DIRECTION('',(0.,0.,-1.));
#2942=DIRECTION('center_axis',(-1.,0.,0.));
#2943=DIRECTION('ref_axis',(0.,1.,0.));
#2944=DIRECTION('',(0.,-1.,0.));
#2945=DIRECTION('',(0.,0.,-1.));
#2946=DIRECTION('',(0.,1.,0.));
#2947=DIRECTION('',(0.,0.,-1.));
#2948=DIRECTION('center_axis',(0.,0.,-1.));
#2949=DIRECTION('ref_axis',(-1.,0.,0.));
#2950=DIRECTION('',(1.,0.,0.));
#2951=DIRECTION('',(-1.,0.,0.));
#2952=DIRECTION('center_axis',(0.,0.,1.));
#2953=DIRECTION('ref_axis',(1.,0.,0.));
#2954=DIRECTION('',(1.,0.,0.));
#2955=DIRECTION('',(0.,1.,0.));
#2956=DIRECTION('',(-1.,0.,0.));
#2957=DIRECTION('center_axis',(1.,0.,0.));
#2958=DIRECTION('ref_axis',(0.,-1.,0.));
#2959=DIRECTION('',(0.,0.,-1.));
#2960=DIRECTION('',(0.,-1.,0.));
#2961=DIRECTION('',(0.,0.,-1.));
#2962=DIRECTION('center_axis',(0.,0.,-1.));
#2963=DIRECTION('ref_axis',(-1.,0.,0.));
#2964=DIRECTION('',(1.,0.,0.));
#2965=DIRECTION('',(-1.,0.,0.));
#2966=DIRECTION('',(0.,1.,0.));
#2967=DIRECTION('center_axis',(1.,0.,0.));
#2968=DIRECTION('ref_axis',(0.,1.,0.));
#2969=DIRECTION('',(0.,0.,1.));
#2970=DIRECTION('',(0.,0.,1.));
#2971=DIRECTION('center_axis',(0.,-1.,0.));
#2972=DIRECTION('ref_axis',(1.,0.,0.));
#2973=DIRECTION('',(0.,0.,1.));
#2974=DIRECTION('center_axis',(-1.,0.,0.));
#2975=DIRECTION('ref_axis',(0.,-1.,0.));
#2976=DIRECTION('',(0.,0.,1.));
#2977=DIRECTION('center_axis',(0.,1.,0.));
#2978=DIRECTION('ref_axis',(-1.,0.,0.));
#2979=DIRECTION('center_axis',(0.,0.,1.));
#2980=DIRECTION('ref_axis',(1.,0.,0.));
#2981=DIRECTION('',(0.,-1.,0.));
#2982=DIRECTION('center_axis',(0.,0.,1.));
#2983=DIRECTION('ref_axis',(1.,0.,0.));
#2984=DIRECTION('center_axis',(0.,0.,1.));
#2985=DIRECTION('ref_axis',(1.,0.,0.));
#2986=DIRECTION('center_axis',(0.,0.,1.));
#2987=DIRECTION('ref_axis',(1.,0.,0.));
#2988=DIRECTION('',(0.,0.,1.));
#2989=DIRECTION('center_axis',(0.,0.,1.));
#2990=DIRECTION('ref_axis',(1.,0.,0.));
#2991=DIRECTION('',(-1.,0.,0.));
#2992=DIRECTION('',(0.,1.,0.));
#2993=DIRECTION('',(1.,0.,0.));
#2994=DIRECTION('',(0.707106781186547,0.707106781186547,0.));
#2995=DIRECTION('',(0.,1.,0.));
#2996=DIRECTION('',(-0.707106781186547,0.707106781186547,0.));
#2997=DIRECTION('',(-1.,0.,0.));
#2998=DIRECTION('',(-2.41999219759311E-16,-1.,0.));
#2999=DIRECTION('center_axis',(0.,0.707106781186547,-0.707106781186548));
#3000=DIRECTION('ref_axis',(-1.,0.,0.));
#3001=DIRECTION('',(1.,0.,0.));
#3002=DIRECTION('',(0.281084637714821,-0.678598344545847,-0.678598344545847));
#3003=DIRECTION('',(-1.,0.,0.));
#3004=DIRECTION('',(-0.577350269189624,-0.577350269189627,-0.577350269189626));
#3005=DIRECTION('center_axis',(-0.5,0.5,-0.707106781186547));
#3006=DIRECTION('ref_axis',(-0.816496580927726,0.,0.577350269189626));
#3007=DIRECTION('',(0.707106781186548,0.707106781186547,0.));
#3008=DIRECTION('',(0.678598344545841,-0.281084637714831,-0.678598344545849));
#3009=DIRECTION('',(-0.707106781186548,-0.707106781186547,0.));
#3010=DIRECTION('center_axis',(-0.707106781186552,0.,-0.707106781186543));
#3011=DIRECTION('ref_axis',(-0.707106781186543,0.,0.707106781186552));
#3012=DIRECTION('',(0.,-1.,0.));
#3013=DIRECTION('',(0.,1.,0.));
#3014=DIRECTION('',(0.67859834454584,0.281084637714832,-0.678598344545849));
#3015=DIRECTION('center_axis',(-0.5,-0.5,-0.707106781186548));
#3016=DIRECTION('ref_axis',(-0.816496580927726,0.,0.577350269189625));
#3017=DIRECTION('',(0.707106781186548,-0.707106781186547,0.));
#3018=DIRECTION('',(-0.707106781186548,0.707106781186547,0.));
#3019=DIRECTION('',(0.281084637714821,0.678598344545847,-0.678598344545847));
#3020=DIRECTION('center_axis',(0.,-0.707106781186547,-0.707106781186548));
#3021=DIRECTION('ref_axis',(-1.,0.,0.));
#3022=DIRECTION('',(1.,0.,0.));
#3023=DIRECTION('',(-1.,0.,0.));
#3024=DIRECTION('',(-0.577350269189624,0.577350269189627,-0.577350269189626));
#3025=DIRECTION('center_axis',(0.707106781186549,0.,-0.707106781186546));
#3026=DIRECTION('ref_axis',(-0.707106781186546,0.,-0.707106781186549));
#3027=DIRECTION('',(0.,1.,0.));
#3028=DIRECTION('',(0.,-1.,0.));
#3029=DIRECTION('center_axis',(0.,1.,0.));
#3030=DIRECTION('ref_axis',(-1.,0.,0.));
#3031=DIRECTION('',(0.,0.,1.));
#3032=DIRECTION('',(-1.,0.,0.));
#3033=DIRECTION('',(0.,0.,1.));
#3034=DIRECTION('center_axis',(-1.,0.,0.));
#3035=DIRECTION('ref_axis',(0.,-1.,0.));
#3036=DIRECTION('',(0.,0.,1.));
#3037=DIRECTION('',(0.,-1.,0.));
#3038=DIRECTION('center_axis',(0.,-1.,0.));
#3039=DIRECTION('ref_axis',(1.,0.,0.));
#3040=DIRECTION('',(0.,0.,1.));
#3041=DIRECTION('',(1.,0.,0.));
#3042=DIRECTION('center_axis',(0.,0.,1.));
#3043=DIRECTION('ref_axis',(1.,0.,0.));
#3044=DIRECTION('center_axis',(-0.5,-0.500000000000001,-0.707106781186547));
#3045=DIRECTION('ref_axis',(-0.816496580927726,0.,0.577350269189627));
#3046=DIRECTION('',(0.707106781186548,-0.707106781186547,0.));
#3047=DIRECTION('',(-0.67859834454585,-0.281084637714816,0.678598344545846));
#3048=DIRECTION('',(-0.707106781186548,0.707106781186547,0.));
#3049=DIRECTION('',(0.281084637714821,0.678598344545847,-0.678598344545847));
#3050=DIRECTION('center_axis',(-0.707106781186546,0.,-0.707106781186549));
#3051=DIRECTION('ref_axis',(-0.707106781186549,0.,0.707106781186546));
#3052=DIRECTION('',(0.,-1.,0.));
#3053=DIRECTION('',(-0.67859834454585,0.281084637714815,0.678598344545846));
#3054=DIRECTION('',(0.,1.,0.));
#3055=DIRECTION('center_axis',(-0.5,0.500000000000001,-0.707106781186547));
#3056=DIRECTION('ref_axis',(-0.816496580927726,0.,0.577350269189626));
#3057=DIRECTION('',(-0.707106781186548,-0.707106781186547,0.));
#3058=DIRECTION('',(-0.281084637714821,0.678598344545847,0.678598344545847));
#3059=DIRECTION('',(0.707106781186548,0.707106781186547,0.));
#3060=DIRECTION('center_axis',(0.,0.707106781186547,-0.707106781186548));
#3061=DIRECTION('ref_axis',(-1.,0.,0.));
#3062=DIRECTION('',(-1.,0.,0.));
#3063=DIRECTION('',(0.577350269189624,0.577350269189627,0.577350269189626));
#3064=DIRECTION('center_axis',(0.707106781186549,0.,-0.707106781186546));
#3065=DIRECTION('ref_axis',(-0.707106781186546,0.,-0.707106781186549));
#3066=DIRECTION('',(0.,1.,0.));
#3067=DIRECTION('',(0.577350269189624,-0.577350269189627,0.577350269189626));
#3068=DIRECTION('center_axis',(0.,-0.707106781186547,-0.707106781186548));
#3069=DIRECTION('ref_axis',(-1.,0.,0.));
#3070=DIRECTION('',(1.,0.,0.));
#3071=DIRECTION('center_axis',(0.707106781186547,0.707106781186548,0.));
#3072=DIRECTION('ref_axis',(-0.707106781186548,0.707106781186547,0.));
#3073=DIRECTION('',(0.,0.,1.));
#3074=DIRECTION('center_axis',(0.,0.,1.));
#3075=DIRECTION('ref_axis',(1.,0.,0.));
#3076=DIRECTION('',(-1.,0.,0.));
#3077=DIRECTION('',(0.707106781186547,-0.707106781186547,0.));
#3078=DIRECTION('',(0.,1.,0.));
#3079=DIRECTION('',(0.707106781186547,0.707106781186547,0.));
#3080=DIRECTION('',(1.,0.,0.));
#3081=DIRECTION('',(0.,-1.,0.));
#3082=DIRECTION('center_axis',(0.,0.,-1.));
#3083=DIRECTION('ref_axis',(1.,0.,0.));
#3084=DIRECTION('center_axis',(1.,-2.41999219759311E-16,0.));
#3085=DIRECTION('ref_axis',(-2.41999219759311E-16,-1.,0.));
#3086=DIRECTION('',(0.,0.,1.));
#3087=DIRECTION('',(-2.41999219759311E-16,-1.,0.));
#3088=DIRECTION('',(0.,0.,-1.));
#3089=DIRECTION('',(-2.41999219759311E-16,-1.,0.));
#3090=DIRECTION('center_axis',(-1.,2.1779929778338E-15,0.));
#3091=DIRECTION('ref_axis',(2.1779929778338E-15,1.,0.));
#3092=DIRECTION('',(2.1779929778338E-15,1.,0.));
#3093=DIRECTION('',(0.,0.,-1.));
#3094=DIRECTION('',(2.1779929778338E-15,1.,0.));
#3095=DIRECTION('',(0.,0.,-1.));
#3096=DIRECTION('',(2.1779929778338E-15,1.,0.));
#3097=DIRECTION('center_axis',(-0.500000000000001,-0.866025403784438,0.));
#3098=DIRECTION('ref_axis',(-0.866025403784438,0.500000000000001,0.));
#3099=DIRECTION('',(-0.866025403784438,0.500000000000001,0.));
#3100=DIRECTION('',(0.,0.,-1.));
#3101=DIRECTION('',(-0.866025403784438,0.500000000000001,0.));
#3102=DIRECTION('center_axis',(0.499999999999998,-0.86602540378444,0.));
#3103=DIRECTION('ref_axis',(-0.86602540378444,-0.499999999999998,0.));
#3104=DIRECTION('',(-0.86602540378444,-0.499999999999998,0.));
#3105=DIRECTION('',(-0.86602540378444,-0.499999999999998,0.));
#3106=DIRECTION('center_axis',(0.,0.,1.));
#3107=DIRECTION('ref_axis',(1.,0.,0.));
#3108=DIRECTION('',(1.,0.,0.));
#3109=DIRECTION('center_axis',(0.,0.,1.));
#3110=DIRECTION('ref_axis',(1.,0.,0.));
#3111=DIRECTION('center_axis',(0.,1.,0.));
#3112=DIRECTION('ref_axis',(-1.,0.,0.));
#3113=DIRECTION('',(0.,0.,1.));
#3114=DIRECTION('',(0.,0.,1.));
#3115=DIRECTION('',(-1.,0.,0.));
#3116=DIRECTION('center_axis',(1.,0.,0.));
#3117=DIRECTION('ref_axis',(0.,1.,0.));
#3118=DIRECTION('',(0.,0.,1.));
#3119=DIRECTION('center_axis',(0.707106781186547,-0.707106781186548,0.));
#3120=DIRECTION('ref_axis',(0.707106781186548,0.707106781186547,0.));
#3121=DIRECTION('center_axis',(0.,0.,1.));
#3122=DIRECTION('ref_axis',(1.,0.,0.));
#3123=DIRECTION('',(0.,0.,-1.));
#3124=DIRECTION('center_axis',(0.707106781186548,0.707106781186548,0.));
#3125=DIRECTION('ref_axis',(-0.707106781186548,0.707106781186548,0.));
#3126=DIRECTION('',(0.,0.,1.));
#3127=DIRECTION('center_axis',(1.,0.,0.));
#3128=DIRECTION('ref_axis',(0.,1.,0.));
#3129=DIRECTION('',(0.,0.,1.));
#3130=DIRECTION('center_axis',(0.707106781186548,-0.707106781186548,0.));
#3131=DIRECTION('ref_axis',(0.707106781186548,0.707106781186548,0.));
#3132=DIRECTION('',(0.,0.,1.));
#3133=DIRECTION('center_axis',(0.,0.,1.));
#3134=DIRECTION('ref_axis',(1.,0.,0.));
#3135=DIRECTION('',(-1.,0.,0.));
#3136=DIRECTION('',(0.,-1.,0.));
#3137=DIRECTION('center_axis',(0.,-1.,0.));
#3138=DIRECTION('ref_axis',(1.,0.,0.));
#3139=DIRECTION('center_axis',(0.,-1.,0.));
#3140=DIRECTION('ref_axis',(1.,0.,0.));
#3141=DIRECTION('',(0.,-1.,0.));
#3142=DIRECTION('center_axis',(0.,-1.,0.));
#3143=DIRECTION('ref_axis',(1.,0.,0.));
#3144=DIRECTION('center_axis',(0.,1.,0.));
#3145=DIRECTION('ref_axis',(1.,0.,0.));
#3146=DIRECTION('center_axis',(0.,1.,0.));
#3147=DIRECTION('ref_axis',(1.,0.,0.));
#3148=DIRECTION('center_axis',(0.,-1.,0.));
#3149=DIRECTION('ref_axis',(1.,0.,0.));
#3150=DIRECTION('center_axis',(0.,-1.,0.));
#3151=DIRECTION('ref_axis',(1.,0.,0.));
#3152=DIRECTION('',(0.,-1.,0.));
#3153=DIRECTION('center_axis',(0.,-1.,0.));
#3154=DIRECTION('ref_axis',(1.,0.,0.));
#3155=DIRECTION('center_axis',(0.,1.,0.));
#3156=DIRECTION('ref_axis',(1.,0.,0.));
#3157=DIRECTION('center_axis',(0.,1.,0.));
#3158=DIRECTION('ref_axis',(1.,0.,0.));
#3159=DIRECTION('center_axis',(0.,-1.,0.));
#3160=DIRECTION('ref_axis',(1.,0.,0.));
#3161=DIRECTION('center_axis',(0.,-1.,0.));
#3162=DIRECTION('ref_axis',(1.,0.,0.));
#3163=DIRECTION('',(0.,-1.,0.));
#3164=DIRECTION('center_axis',(0.,-1.,0.));
#3165=DIRECTION('ref_axis',(1.,0.,0.));
#3166=DIRECTION('center_axis',(0.,1.,0.));
#3167=DIRECTION('ref_axis',(1.,0.,0.));
#3168=DIRECTION('center_axis',(0.,1.,0.));
#3169=DIRECTION('ref_axis',(1.,0.,0.));
#3170=DIRECTION('center_axis',(0.,1.,0.));
#3171=DIRECTION('ref_axis',(1.,0.,0.));
#3172=DIRECTION('center_axis',(0.,1.,0.));
#3173=DIRECTION('ref_axis',(1.,0.,0.));
#3174=DIRECTION('',(0.,1.,0.));
#3175=DIRECTION('center_axis',(0.,1.,0.));
#3176=DIRECTION('ref_axis',(1.,0.,0.));
#3177=DIRECTION('center_axis',(0.,1.,0.));
#3178=DIRECTION('ref_axis',(1.,0.,0.));
#3179=DIRECTION('center_axis',(0.,-1.,0.));
#3180=DIRECTION('ref_axis',(1.,0.,0.));
#3181=DIRECTION('center_axis',(0.,1.,0.));
#3182=DIRECTION('ref_axis',(1.,0.,0.));
#3183=DIRECTION('center_axis',(0.,1.,0.));
#3184=DIRECTION('ref_axis',(1.,0.,0.));
#3185=DIRECTION('',(0.,1.,0.));
#3186=DIRECTION('center_axis',(0.,1.,0.));
#3187=DIRECTION('ref_axis',(1.,0.,0.));
#3188=DIRECTION('center_axis',(0.,1.,0.));
#3189=DIRECTION('ref_axis',(1.,0.,0.));
#3190=DIRECTION('center_axis',(0.,-1.,0.));
#3191=DIRECTION('ref_axis',(1.,0.,0.));
#3192=DIRECTION('center_axis',(0.,1.,0.));
#3193=DIRECTION('ref_axis',(1.,0.,0.));
#3194=DIRECTION('center_axis',(0.,1.,0.));
#3195=DIRECTION('ref_axis',(1.,0.,0.));
#3196=DIRECTION('',(0.,1.,0.));
#3197=DIRECTION('center_axis',(0.,1.,0.));
#3198=DIRECTION('ref_axis',(1.,0.,0.));
#3199=DIRECTION('center_axis',(0.,1.,0.));
#3200=DIRECTION('ref_axis',(1.,0.,0.));
#3201=DIRECTION('center_axis',(0.,-1.,0.));
#3202=DIRECTION('ref_axis',(1.,0.,0.));
#3203=DIRECTION('center_axis',(0.,1.,0.));
#3204=DIRECTION('ref_axis',(1.,0.,0.));
#3205=DIRECTION('',(0.,-1.,0.));
#3206=DIRECTION('center_axis',(0.,1.,0.));
#3207=DIRECTION('ref_axis',(1.,0.,0.));
#3208=DIRECTION('',(0.,-1.,0.));
#3209=DIRECTION('center_axis',(0.,1.,0.));
#3210=DIRECTION('ref_axis',(1.,0.,0.));
#3211=DIRECTION('',(0.,-1.,0.));
#3212=DIRECTION('center_axis',(-1.,0.,2.16840434497101E-18));
#3213=DIRECTION('ref_axis',(2.16840434497101E-18,0.,1.));
#3214=DIRECTION('',(0.,0.,1.));
#3215=DIRECTION('',(0.,1.,0.));
#3216=DIRECTION('',(2.16840434497101E-18,0.,1.));
#3217=DIRECTION('center_axis',(0.,0.,-1.));
#3218=DIRECTION('ref_axis',(-1.,0.,0.));
#3219=DIRECTION('',(-1.,0.,0.));
#3220=DIRECTION('center_axis',(1.,0.,1.11022302462516E-15));
#3221=DIRECTION('ref_axis',(1.11022302462516E-15,0.,-1.));
#3222=DIRECTION('',(-1.11022302462516E-15,0.,1.));
#3223=DIRECTION('',(1.11022302462516E-15,0.,-1.));
#3224=DIRECTION('',(0.,1.,0.));
#3225=DIRECTION('center_axis',(0.,1.,0.));
#3226=DIRECTION('ref_axis',(1.11022302462516E-15,0.,1.));
#3227=DIRECTION('center_axis',(0.,1.,0.));
#3228=DIRECTION('ref_axis',(1.11022302462516E-15,0.,1.));
#3229=DIRECTION('center_axis',(0.,1.,0.));
#3230=DIRECTION('ref_axis',(1.11022302462516E-15,0.,1.));
#3231=DIRECTION('',(0.,1.,0.));
#3232=DIRECTION('center_axis',(0.,0.,1.));
#3233=DIRECTION('ref_axis',(1.,0.,0.));
#3234=DIRECTION('',(-1.,0.,0.));
#3235=DIRECTION('',(1.,0.,0.));
#3236=DIRECTION('',(0.,1.,0.));
#3237=DIRECTION('center_axis',(0.,1.,0.));
#3238=DIRECTION('ref_axis',(-1.,0.,2.77555756156289E-16));
#3239=DIRECTION('center_axis',(0.,1.,0.));
#3240=DIRECTION('ref_axis',(-1.,0.,2.77555756156289E-16));
#3241=DIRECTION('center_axis',(0.,1.,0.));
#3242=DIRECTION('ref_axis',(-1.,0.,2.77555756156289E-16));
#3243=DIRECTION('center_axis',(0.,1.,0.));
#3244=DIRECTION('ref_axis',(1.,0.,0.));
#3245=DIRECTION('center_axis',(0.,1.,0.));
#3246=DIRECTION('ref_axis',(1.,0.,0.));
#3247=DIRECTION('center_axis',(0.,0.,-1.));
#3248=DIRECTION('ref_axis',(-0.870504323813372,-0.492160768674448,0.));
#3249=DIRECTION('center_axis',(0.,0.,1.));
#3250=DIRECTION('ref_axis',(-0.870504323813372,-0.492160768674448,0.));
#3251=DIRECTION('',(0.,0.,1.));
#3252=DIRECTION('',(0.,0.,-1.));
#3253=DIRECTION('center_axis',(0.,0.,1.));
#3254=DIRECTION('ref_axis',(6.12323399573677E-17,1.,0.));
#3255=DIRECTION('',(0.,0.,-1.));
#3256=DIRECTION('center_axis',(0.,0.,1.));
#3257=DIRECTION('ref_axis',(1.,0.,0.));
#3258=DIRECTION('',(0.,0.,1.));
#3259=DIRECTION('',(0.,0.,1.));
#3260=DIRECTION('center_axis',(0.,0.,1.));
#3261=DIRECTION('ref_axis',(1.,0.,0.));
#3262=DIRECTION('center_axis',(0.,1.,0.));
#3263=DIRECTION('ref_axis',(-0.288111200500184,0.,0.95759695913591));
#3264=DIRECTION('center_axis',(0.,1.,0.));
#3265=DIRECTION('ref_axis',(1.,0.,0.));
#3266=DIRECTION('center_axis',(0.,1.,0.));
#3267=DIRECTION('ref_axis',(1.,0.,0.));
#3268=DIRECTION('center_axis',(0.,0.,1.));
#3269=DIRECTION('ref_axis',(0.870504323813372,-0.492160768674448,0.));
#3270=DIRECTION('center_axis',(0.,0.,1.));
#3271=DIRECTION('ref_axis',(0.870504323813372,-0.492160768674448,0.));
#3272=DIRECTION('',(0.,0.,-1.));
#3273=DIRECTION('center_axis',(0.,0.,-1.));
#3274=DIRECTION('ref_axis',(1.,0.,0.));
#3275=DIRECTION('',(0.,-1.,0.));
#3276=DIRECTION('center_axis',(0.,1.,0.));
#3277=DIRECTION('ref_axis',(1.,0.,0.));
#3278=DIRECTION('center_axis',(0.,1.,0.));
#3279=DIRECTION('ref_axis',(1.,0.,0.));
#3280=DIRECTION('',(0.,-1.,0.));
#3281=DIRECTION('center_axis',(0.,-1.,0.));
#3282=DIRECTION('ref_axis',(1.,0.,0.));
#3283=DIRECTION('center_axis',(0.,-1.,0.));
#3284=DIRECTION('ref_axis',(1.,0.,0.));
#3285=DIRECTION('center_axis',(0.,0.,1.));
#3286=DIRECTION('ref_axis',(1.,0.,0.));
#3287=DIRECTION('',(1.,0.,0.));
#3288=DIRECTION('',(0.,-1.,0.));
#3289=DIRECTION('',(1.,0.,0.));
#3290=DIRECTION('',(7.19123142748546E-16,1.,0.));
#3291=DIRECTION('center_axis',(-0.5,-0.500000000000001,-0.707106781186547));
#3292=DIRECTION('ref_axis',(-0.816496580927726,0.,0.577350269189626));
#3293=DIRECTION('',(0.707106781186548,-0.707106781186547,0.));
#3294=DIRECTION('',(-0.67859834454585,-0.281084637714814,0.678598344545846));
#3295=DIRECTION('',(-0.707106781186548,0.707106781186547,0.));
#3296=DIRECTION('',(0.281084637714821,0.678598344545847,-0.678598344545847));
#3297=DIRECTION('center_axis',(-0.707106781186546,0.,-0.707106781186549));
#3298=DIRECTION('ref_axis',(-0.707106781186549,0.,0.707106781186546));
#3299=DIRECTION('',(0.,-1.,0.));
#3300=DIRECTION('',(-0.67859834454585,0.281084637714814,0.678598344545846));
#3301=DIRECTION('',(0.,1.,0.));
#3302=DIRECTION('center_axis',(-0.499999999999999,0.5,-0.707106781186548));
#3303=DIRECTION('ref_axis',(-0.816496580927726,0.,0.577350269189625));
#3304=DIRECTION('',(-0.707106781186548,-0.707106781186547,0.));
#3305=DIRECTION('',(-0.281084637714821,0.678598344545847,0.678598344545847));
#3306=DIRECTION('',(0.707106781186548,0.707106781186547,0.));
#3307=DIRECTION('center_axis',(0.,0.707106781186547,-0.707106781186548));
#3308=DIRECTION('ref_axis',(-1.,0.,0.));
#3309=DIRECTION('',(-1.,0.,0.));
#3310=DIRECTION('',(0.577350269189624,0.577350269189627,0.577350269189626));
#3311=DIRECTION('',(1.,0.,0.));
#3312=DIRECTION('center_axis',(0.707106781186549,0.,-0.707106781186546));
#3313=DIRECTION('ref_axis',(-0.707106781186546,0.,-0.707106781186549));
#3314=DIRECTION('',(0.,-1.,0.));
#3315=DIRECTION('',(0.,1.,0.));
#3316=DIRECTION('',(0.577350269189624,-0.577350269189627,0.577350269189626));
#3317=DIRECTION('center_axis',(0.,-0.707106781186547,-0.707106781186548));
#3318=DIRECTION('ref_axis',(-1.,0.,0.));
#3319=DIRECTION('',(-1.,0.,0.));
#3320=DIRECTION('',(1.,0.,0.));
#3321=DIRECTION('center_axis',(-1.,0.,0.));
#3322=DIRECTION('ref_axis',(0.,-1.,0.));
#3323=DIRECTION('',(0.,0.,1.));
#3324=DIRECTION('',(0.,1.,0.));
#3325=DIRECTION('',(0.,0.,1.));
#3326=DIRECTION('center_axis',(0.,1.,0.));
#3327=DIRECTION('ref_axis',(-1.,0.,0.));
#3328=DIRECTION('',(0.,0.,1.));
#3329=DIRECTION('',(1.,0.,0.));
#3330=DIRECTION('center_axis',(0.707106781186547,0.707106781186548,0.));
#3331=DIRECTION('ref_axis',(-0.707106781186548,0.707106781186547,0.));
#3332=DIRECTION('',(0.,0.,1.));
#3333=DIRECTION('',(0.707106781186548,-0.707106781186547,0.));
#3334=DIRECTION('center_axis',(0.,0.,1.));
#3335=DIRECTION('ref_axis',(1.,0.,0.));
#3336=DIRECTION('',(-1.,0.,0.));
#3337=DIRECTION('',(0.707106781186547,-0.707106781186547,0.));
#3338=DIRECTION('',(0.,1.,0.));
#3339=DIRECTION('',(0.707106781186547,0.707106781186547,0.));
#3340=DIRECTION('',(1.,0.,0.));
#3341=DIRECTION('',(0.,-1.,0.));
#3342=DIRECTION('center_axis',(0.,0.,-1.));
#3343=DIRECTION('ref_axis',(1.,0.,0.));
#3344=DIRECTION('center_axis',(0.707106781186549,0.,-0.707106781186546));
#3345=DIRECTION('ref_axis',(-0.707106781186546,0.,-0.707106781186549));
#3346=DIRECTION('',(0.,-1.,0.));
#3347=DIRECTION('',(-0.577350269189623,-0.577350269189629,-0.577350269189625));
#3348=DIRECTION('',(-0.577350269189624,0.577350269189627,-0.577350269189626));
#3349=DIRECTION('center_axis',(0.,0.707106781186546,-0.707106781186549));
#3350=DIRECTION('ref_axis',(-1.,0.,0.));
#3351=DIRECTION('',(1.,0.,0.));
#3352=DIRECTION('',(0.281084637714815,-0.67859834454585,-0.678598344545846));
#3353=DIRECTION('',(-1.,0.,0.));
#3354=DIRECTION('center_axis',(-0.5,0.500000000000001,-0.707106781186547));
#3355=DIRECTION('ref_axis',(-0.816496580927726,0.,0.577350269189626));
#3356=DIRECTION('',(-0.707106781186548,-0.707106781186547,0.));
#3357=DIRECTION('',(0.707106781186548,0.707106781186547,0.));
#3358=DIRECTION('',(0.678598344545841,-0.281084637714831,-0.678598344545849));
#3359=DIRECTION('center_axis',(-0.707106781186552,0.,-0.707106781186543));
#3360=DIRECTION('ref_axis',(-0.707106781186543,0.,0.707106781186552));
#3361=DIRECTION('',(0.,-1.,0.));
#3362=DIRECTION('',(0.,1.,0.));
#3363=DIRECTION('',(0.67859834454584,0.281084637714832,-0.678598344545849));
#3364=DIRECTION('center_axis',(-0.5,-0.5,-0.707106781186548));
#3365=DIRECTION('ref_axis',(-0.816496580927726,0.,0.577350269189625));
#3366=DIRECTION('',(-0.707106781186548,0.707106781186547,0.));
#3367=DIRECTION('',(0.281084637714821,0.678598344545847,-0.678598344545847));
#3368=DIRECTION('center_axis',(0.,-0.707106781186547,-0.707106781186548));
#3369=DIRECTION('ref_axis',(-1.,0.,0.));
#3370=DIRECTION('',(-1.,0.,0.));
#3371=DIRECTION('center_axis',(0.,0.,1.));
#3372=DIRECTION('ref_axis',(1.,0.,0.));
#3373=DIRECTION('center_axis',(1.,-2.51693099961991E-15,0.));
#3374=DIRECTION('ref_axis',(-2.51693099961991E-15,-1.,0.));
#3375=DIRECTION('',(0.,0.,-1.));
#3376=DIRECTION('',(-2.51693099961991E-15,-1.,0.));
#3377=DIRECTION('',(-2.51693099961991E-15,-1.,0.));
#3378=DIRECTION('',(0.,0.,-1.));
#3379=DIRECTION('',(-2.51693099961991E-15,-1.,0.));
#3380=DIRECTION('center_axis',(0.,0.,-1.));
#3381=DIRECTION('ref_axis',(-1.,0.,0.));
#3382=DIRECTION('',(-1.,0.,0.));
#3383=DIRECTION('',(0.86602540378444,-0.499999999999998,0.));
#3384=DIRECTION('',(0.866025403784439,0.499999999999999,0.));
#3385=DIRECTION('',(7.19123142748546E-16,1.,0.));
#3386=DIRECTION('center_axis',(0.,0.,1.));
#3387=DIRECTION('ref_axis',(1.,0.,0.));
#3388=DIRECTION('center_axis',(0.499999999999998,0.86602540378444,0.));
#3389=DIRECTION('ref_axis',(0.86602540378444,-0.499999999999998,0.));
#3390=DIRECTION('',(0.86602540378444,-0.499999999999998,0.));
#3391=DIRECTION('',(0.,0.,-1.));
#3392=DIRECTION('center_axis',(-0.499999999999999,0.866025403784439,0.));
#3393=DIRECTION('ref_axis',(0.866025403784439,0.499999999999999,0.));
#3394=DIRECTION('',(0.866025403784439,0.499999999999999,0.));
#3395=DIRECTION('',(0.,0.,-1.));
#3396=DIRECTION('center_axis',(-1.,7.19123142748546E-16,0.));
#3397=DIRECTION('ref_axis',(7.19123142748546E-16,1.,0.));
#3398=DIRECTION('',(0.,0.,1.));
#3399=DIRECTION('',(7.19123142748546E-16,1.,0.));
#3400=DIRECTION('center_axis',(0.,-1.,0.));
#3401=DIRECTION('ref_axis',(1.,0.,0.));
#3402=DIRECTION('',(0.,0.,1.));
#3403=DIRECTION('',(0.,0.,1.));
#3404=DIRECTION('',(1.,0.,0.));
#3405=DIRECTION('center_axis',(1.,0.,0.));
#3406=DIRECTION('ref_axis',(0.,1.,0.));
#3407=DIRECTION('',(0.,0.,1.));
#3408=DIRECTION('center_axis',(0.707106781186547,-0.707106781186548,0.));
#3409=DIRECTION('ref_axis',(0.707106781186548,0.707106781186547,0.));
#3410=DIRECTION('',(0.,0.,1.));
#3411=DIRECTION('center_axis',(0.,-1.,0.));
#3412=DIRECTION('ref_axis',(1.,0.,0.));
#3413=DIRECTION('center_axis',(0.,0.,1.));
#3414=DIRECTION('ref_axis',(1.,0.,0.));
#3415=DIRECTION('',(0.,0.,-1.));
#3416=DIRECTION('center_axis',(0.707106781186548,0.707106781186548,0.));
#3417=DIRECTION('ref_axis',(-0.707106781186548,0.707106781186548,0.));
#3418=DIRECTION('',(0.,0.,1.));
#3419=DIRECTION('',(-0.707106781186547,0.707106781186547,0.));
#3420=DIRECTION('',(0.,0.,1.));
#3421=DIRECTION('center_axis',(1.,0.,0.));
#3422=DIRECTION('ref_axis',(0.,1.,0.));
#3423=DIRECTION('',(0.,1.,0.));
#3424=DIRECTION('',(0.,0.,1.));
#3425=DIRECTION('center_axis',(0.707106781186548,-0.707106781186548,0.));
#3426=DIRECTION('ref_axis',(0.707106781186548,0.707106781186548,0.));
#3427=DIRECTION('',(0.707106781186547,0.707106781186547,0.));
#3428=DIRECTION('center_axis',(0.,0.,1.));
#3429=DIRECTION('ref_axis',(1.,0.,0.));
#3430=DIRECTION('',(1.,0.,0.));
#3431=DIRECTION('',(-1.,0.,0.));
#3432=DIRECTION('',(0.,1.,0.));
#3433=DIRECTION('center_axis',(0.,-1.,0.));
#3434=DIRECTION('ref_axis',(1.,0.,0.));
#3435=DIRECTION('center_axis',(0.,-1.,0.));
#3436=DIRECTION('ref_axis',(1.,0.,0.));
#3437=DIRECTION('',(0.,-1.,0.));
#3438=DIRECTION('center_axis',(0.,-1.,0.));
#3439=DIRECTION('ref_axis',(1.,0.,0.));
#3440=DIRECTION('center_axis',(0.,1.,0.));
#3441=DIRECTION('ref_axis',(1.,0.,0.));
#3442=DIRECTION('center_axis',(0.,1.,0.));
#3443=DIRECTION('ref_axis',(1.,0.,0.));
#3444=DIRECTION('center_axis',(0.,-1.,0.));
#3445=DIRECTION('ref_axis',(1.,0.,0.));
#3446=DIRECTION('center_axis',(0.,-1.,0.));
#3447=DIRECTION('ref_axis',(1.,0.,0.));
#3448=DIRECTION('',(0.,-1.,0.));
#3449=DIRECTION('center_axis',(0.,-1.,0.));
#3450=DIRECTION('ref_axis',(1.,0.,0.));
#3451=DIRECTION('center_axis',(0.,1.,0.));
#3452=DIRECTION('ref_axis',(1.,0.,0.));
#3453=DIRECTION('center_axis',(0.,-1.,0.));
#3454=DIRECTION('ref_axis',(1.,0.,0.));
#3455=DIRECTION('center_axis',(0.,-1.,0.));
#3456=DIRECTION('ref_axis',(1.,0.,0.));
#3457=DIRECTION('',(0.,-1.,0.));
#3458=DIRECTION('center_axis',(0.,-1.,0.));
#3459=DIRECTION('ref_axis',(1.,0.,0.));
#3460=DIRECTION('center_axis',(0.,1.,0.));
#3461=DIRECTION('ref_axis',(1.,0.,0.));
#3462=DIRECTION('center_axis',(0.,1.,0.));
#3463=DIRECTION('ref_axis',(1.,0.,0.));
#3464=DIRECTION('center_axis',(0.,1.,0.));
#3465=DIRECTION('ref_axis',(1.,0.,0.));
#3466=DIRECTION('center_axis',(0.,1.,0.));
#3467=DIRECTION('ref_axis',(1.,0.,0.));
#3468=DIRECTION('',(0.,1.,0.));
#3469=DIRECTION('center_axis',(0.,1.,0.));
#3470=DIRECTION('ref_axis',(1.,0.,0.));
#3471=DIRECTION('center_axis',(0.,1.,0.));
#3472=DIRECTION('ref_axis',(1.,0.,0.));
#3473=DIRECTION('center_axis',(0.,-1.,0.));
#3474=DIRECTION('ref_axis',(1.,0.,0.));
#3475=DIRECTION('center_axis',(0.,1.,0.));
#3476=DIRECTION('ref_axis',(1.,0.,0.));
#3477=DIRECTION('center_axis',(0.,1.,0.));
#3478=DIRECTION('ref_axis',(1.,0.,0.));
#3479=DIRECTION('center_axis',(0.,1.,0.));
#3480=DIRECTION('ref_axis',(1.,0.,0.));
#3481=DIRECTION('',(0.,1.,0.));
#3482=DIRECTION('center_axis',(0.,1.,0.));
#3483=DIRECTION('ref_axis',(1.,0.,0.));
#3484=DIRECTION('center_axis',(0.,1.,0.));
#3485=DIRECTION('ref_axis',(1.,0.,0.));
#3486=DIRECTION('center_axis',(0.,-1.,0.));
#3487=DIRECTION('ref_axis',(1.,0.,0.));
#3488=DIRECTION('center_axis',(0.,1.,0.));
#3489=DIRECTION('ref_axis',(1.,0.,0.));
#3490=DIRECTION('',(0.,-1.,0.));
#3491=DIRECTION('center_axis',(0.,1.,0.));
#3492=DIRECTION('ref_axis',(1.,0.,0.));
#3493=DIRECTION('',(0.,-1.,0.));
#3494=DIRECTION('center_axis',(-1.,0.,2.16840434497101E-18));
#3495=DIRECTION('ref_axis',(2.16840434497101E-18,0.,1.));
#3496=DIRECTION('',(-2.16840434497101E-18,0.,-1.));
#3497=DIRECTION('',(0.,1.,0.));
#3498=DIRECTION('',(0.,0.,1.));
#3499=DIRECTION('center_axis',(0.,0.,-1.));
#3500=DIRECTION('ref_axis',(-1.,0.,0.));
#3501=DIRECTION('',(1.,0.,0.));
#3502=DIRECTION('',(1.,0.,0.));
#3503=DIRECTION('center_axis',(1.,0.,1.11022302462516E-15));
#3504=DIRECTION('ref_axis',(1.11022302462516E-15,0.,-1.));
#3505=DIRECTION('',(-1.11022302462516E-15,0.,1.));
#3506=DIRECTION('',(1.11022302462516E-15,0.,-1.));
#3507=DIRECTION('',(0.,1.,0.));
#3508=DIRECTION('center_axis',(0.,1.,0.));
#3509=DIRECTION('ref_axis',(1.11022302462516E-15,0.,1.));
#3510=DIRECTION('center_axis',(0.,1.,0.));
#3511=DIRECTION('ref_axis',(1.11022302462516E-15,0.,1.));
#3512=DIRECTION('center_axis',(0.,1.,0.));
#3513=DIRECTION('ref_axis',(1.11022302462516E-15,0.,1.));
#3514=DIRECTION('',(0.,1.,0.));
#3515=DIRECTION('center_axis',(0.,0.,1.));
#3516=DIRECTION('ref_axis',(1.,0.,0.));
#3517=DIRECTION('',(-1.,0.,0.));
#3518=DIRECTION('',(1.,0.,0.));
#3519=DIRECTION('',(0.,1.,0.));
#3520=DIRECTION('center_axis',(0.,1.,0.));
#3521=DIRECTION('ref_axis',(-1.,0.,2.77555756156289E-16));
#3522=DIRECTION('center_axis',(0.,1.,0.));
#3523=DIRECTION('ref_axis',(-1.,0.,2.77555756156289E-16));
#3524=DIRECTION('center_axis',(0.,1.,0.));
#3525=DIRECTION('ref_axis',(-1.,0.,2.77555756156289E-16));
#3526=DIRECTION('center_axis',(0.,1.,0.));
#3527=DIRECTION('ref_axis',(1.,0.,0.));
#3528=DIRECTION('center_axis',(0.,1.,0.));
#3529=DIRECTION('ref_axis',(1.,0.,0.));
#3530=DIRECTION('center_axis',(0.,0.,1.));
#3531=DIRECTION('ref_axis',(1.,0.,0.));
#3532=DIRECTION('center_axis',(0.,0.,1.));
#3533=DIRECTION('ref_axis',(1.,0.,0.));
#3534=DIRECTION('',(0.707106781186547,8.65956056235493E-17,-0.707106781186548));
#3535=DIRECTION('center_axis',(0.,0.,-1.));
#3536=DIRECTION('ref_axis',(1.,0.,0.));
#3537=DIRECTION('center_axis',(0.,0.,1.));
#3538=DIRECTION('ref_axis',(1.,0.,0.));
#3539=DIRECTION('',(0.,0.,-1.));
#3540=DIRECTION('center_axis',(0.,0.,1.));
#3541=DIRECTION('ref_axis',(1.,0.,0.));
#3542=DIRECTION('center_axis',(0.,0.,1.));
#3543=DIRECTION('ref_axis',(1.,0.,0.));
#3544=DIRECTION('',(-1.,0.,0.));
#3545=DIRECTION('',(0.,-1.,0.));
#3546=DIRECTION('',(1.,0.,0.));
#3547=DIRECTION('',(0.,1.,0.));
#3548=DIRECTION('center_axis',(-1.,0.,0.));
#3549=DIRECTION('ref_axis',(0.,1.,0.));
#3550=DIRECTION('',(0.,-1.,0.));
#3551=DIRECTION('',(0.,0.,-1.));
#3552=DIRECTION('',(0.,1.,0.));
#3553=DIRECTION('',(0.,0.,-1.));
#3554=DIRECTION('center_axis',(0.,0.,1.));
#3555=DIRECTION('ref_axis',(1.,0.,0.));
#3556=DIRECTION('',(-1.,0.,0.));
#3557=DIRECTION('',(1.,0.,0.));
#3558=DIRECTION('',(0.,-1.,0.));
#3559=DIRECTION('center_axis',(0.,0.,-1.));
#3560=DIRECTION('ref_axis',(1.,0.,0.));
#3561=DIRECTION('center_axis',(0.,0.,1.));
#3562=DIRECTION('ref_axis',(1.,0.,0.));
#3563=DIRECTION('',(1.,0.,0.));
#3564=DIRECTION('',(0.,1.,0.));
#3565=DIRECTION('',(-1.,0.,0.));
#3566=DIRECTION('center_axis',(0.,0.,-1.));
#3567=DIRECTION('ref_axis',(1.,0.,0.));
#3568=DIRECTION('center_axis',(0.,0.,-1.));
#3569=DIRECTION('ref_axis',(1.,0.,0.));
#3570=DIRECTION('',(0.,0.,1.));
#3571=DIRECTION('center_axis',(0.,0.,1.));
#3572=DIRECTION('ref_axis',(1.,0.,0.));
#3573=DIRECTION('center_axis',(1.,0.,0.));
#3574=DIRECTION('ref_axis',(0.,-1.,0.));
#3575=DIRECTION('',(0.,0.,-1.));
#3576=DIRECTION('',(0.,-1.,0.));
#3577=DIRECTION('',(0.,0.,-1.));
#3578=DIRECTION('center_axis',(-1.,0.,0.));
#3579=DIRECTION('ref_axis',(0.,1.,0.));
#3580=DIRECTION('',(0.,-1.,0.));
#3581=DIRECTION('',(0.,0.,-1.));
#3582=DIRECTION('',(0.,1.,0.));
#3583=DIRECTION('',(0.,0.,-1.));
#3584=DIRECTION('center_axis',(0.,0.,-1.));
#3585=DIRECTION('ref_axis',(-1.,0.,0.));
#3586=DIRECTION('',(1.,0.,0.));
#3587=DIRECTION('',(-1.,0.,0.));
#3588=DIRECTION('center_axis',(0.,0.,1.));
#3589=DIRECTION('ref_axis',(1.,0.,0.));
#3590=DIRECTION('',(1.,0.,0.));
#3591=DIRECTION('',(0.,1.,0.));
#3592=DIRECTION('',(-1.,0.,0.));
#3593=DIRECTION('center_axis',(1.,0.,0.));
#3594=DIRECTION('ref_axis',(0.,-1.,0.));
#3595=DIRECTION('',(0.,0.,-1.));
#3596=DIRECTION('',(0.,-1.,0.));
#3597=DIRECTION('',(0.,0.,-1.));
#3598=DIRECTION('center_axis',(0.,0.,-1.));
#3599=DIRECTION('ref_axis',(-1.,0.,0.));
#3600=DIRECTION('',(1.,0.,0.));
#3601=DIRECTION('',(-1.,0.,0.));
#3602=DIRECTION('',(0.,1.,0.));
#3603=DIRECTION('center_axis',(1.,0.,0.));
#3604=DIRECTION('ref_axis',(0.,1.,0.));
#3605=DIRECTION('',(0.,0.,1.));
#3606=DIRECTION('',(0.,0.,1.));
#3607=DIRECTION('center_axis',(0.,-1.,0.));
#3608=DIRECTION('ref_axis',(1.,0.,0.));
#3609=DIRECTION('',(0.,0.,1.));
#3610=DIRECTION('center_axis',(-1.,0.,0.));
#3611=DIRECTION('ref_axis',(0.,-1.,0.));
#3612=DIRECTION('',(0.,0.,1.));
#3613=DIRECTION('center_axis',(0.,1.,0.));
#3614=DIRECTION('ref_axis',(-1.,0.,0.));
#3615=CARTESIAN_POINT('',(0.,0.,0.));
#3616=CARTESIAN_POINT('Origin',(18.0917241995108,26.2282796701394,0.75));
#3617=CARTESIAN_POINT('',(14.8417241995108,26.2282796701394,1.5));
#3618=CARTESIAN_POINT('Origin',(18.0917241995108,26.2282796701394,1.5));
#3619=CARTESIAN_POINT('',(16.3417241995108,26.2282796701394,0.));
#3620=CARTESIAN_POINT('',(15.5917241995108,26.2282796701394,0.75));
#3621=CARTESIAN_POINT('Origin',(18.0917241995108,26.2282796701394,0.));
#3622=CARTESIAN_POINT('Origin',(18.0917241995108,26.2282796701394,0.));
#3623=CARTESIAN_POINT('',(16.3417241995108,26.2282796701394,-2.));
#3624=CARTESIAN_POINT('',(16.3417241995108,26.2282796701394,0.));
#3625=CARTESIAN_POINT('Origin',(18.0917241995108,26.2282796701394,-2.));
#3626=CARTESIAN_POINT('Origin',(12.0917241995108,25.2282796701394,1.5));
#3627=CARTESIAN_POINT('',(24.0917241995108,30.2282796701394,1.5));
#3628=CARTESIAN_POINT('',(0.0917241995108142,30.2282796701394,1.5));
#3629=CARTESIAN_POINT('',(12.0917241995108,30.2282796701394,1.5));
#3630=CARTESIAN_POINT('',(0.0917241995108142,20.2282796701394,1.5));
#3631=CARTESIAN_POINT('',(0.0917241995108142,30.2282796701394,1.5));
#3632=CARTESIAN_POINT('',(24.0917241995108,20.2282796701394,1.5));
#3633=CARTESIAN_POINT('',(0.0917241995108142,20.2282796701394,1.5));
#3634=CARTESIAN_POINT('',(24.0917241995108,30.2282796701394,1.5));
#3635=CARTESIAN_POINT('Origin',(12.0917241995108,20.2282796701394,0.));
#3636=CARTESIAN_POINT('',(12.0917241995108,30.2282796701394,0.));
#3637=CARTESIAN_POINT('',(12.0917241995108,20.2282796701394,0.));
#3638=CARTESIAN_POINT('',(12.0917241995108,22.7282796701394,0.));
#3639=CARTESIAN_POINT('',(12.0917241995108,30.2282796701394,-1.));
#3640=CARTESIAN_POINT('',(12.0917241995108,30.2282796701394,0.));
#3641=CARTESIAN_POINT('',(12.0917241995108,20.2282796701394,-1.));
#3642=CARTESIAN_POINT('',(12.0917241995108,20.2282796701394,-1.));
#3643=CARTESIAN_POINT('',(12.0917241995108,20.2282796701394,0.));
#3644=CARTESIAN_POINT('Origin',(18.0917241995108,25.2282796701394,-1.));
#3645=CARTESIAN_POINT('',(24.0917241995108,20.2282796701394,-1.));
#3646=CARTESIAN_POINT('',(24.0917241995108,20.2282796701394,-1.));
#3647=CARTESIAN_POINT('',(24.0917241995108,30.2282796701394,-1.));
#3648=CARTESIAN_POINT('',(0.0917241995108142,30.2282796701394,-1.));
#3649=CARTESIAN_POINT('',(24.0917241995108,30.2282796701394,-1.));
#3650=CARTESIAN_POINT('',(15.5917241995108,26.2282796701394,-1.));
#3651=CARTESIAN_POINT('Origin',(18.0917241995108,26.2282796701394,-1.));
#3652=CARTESIAN_POINT('Origin',(12.0917241995108,25.2282796701394,0.));
#3653=CARTESIAN_POINT('',(4.59172419951082,20.2282796701394,0.));
#3654=CARTESIAN_POINT('',(0.0917241995108142,20.2282796701394,0.));
#3655=CARTESIAN_POINT('',(4.59172419951082,30.2282796701394,0.));
#3656=CARTESIAN_POINT('',(4.59172419951082,27.7282796701394,0.));
#3657=CARTESIAN_POINT('',(12.0917241995108,30.2282796701394,0.));
#3658=CARTESIAN_POINT('Origin',(18.0917241995108,26.2282796701394,0.));
#3659=CARTESIAN_POINT('',(15.5917241995108,26.2282796701394,-2.));
#3660=CARTESIAN_POINT('Origin',(18.0917241995108,26.2282796701394,-2.));
#3661=CARTESIAN_POINT('',(15.5917241995108,26.2282796701394,0.));
#3662=CARTESIAN_POINT('Origin',(18.0917241995108,26.2282796701394,-2.));
#3663=CARTESIAN_POINT('Origin',(4.59172419951082,30.2282796701394,0.));
#3664=CARTESIAN_POINT('',(4.59172419951082,20.2282796701394,-2.));
#3665=CARTESIAN_POINT('',(4.59172419951082,20.2282796701394,0.));
#3666=CARTESIAN_POINT('',(4.59172419951082,30.2282796701394,-2.));
#3667=CARTESIAN_POINT('',(4.59172419951082,30.2282796701394,-2.));
#3668=CARTESIAN_POINT('',(4.59172419951082,30.2282796701394,0.));
#3669=CARTESIAN_POINT('Origin',(3.09172419951081,20.2282796701394,0.));
#3670=CARTESIAN_POINT('',(3.09172419951081,30.2282796701394,0.));
#3671=CARTESIAN_POINT('',(3.09172419951081,20.2282796701394,0.));
#3672=CARTESIAN_POINT('',(3.09172419951081,22.7282796701394,0.));
#3673=CARTESIAN_POINT('',(3.09172419951081,30.2282796701394,-2.));
#3674=CARTESIAN_POINT('',(3.09172419951081,30.2282796701394,0.));
#3675=CARTESIAN_POINT('',(3.09172419951081,20.2282796701394,-2.));
#3676=CARTESIAN_POINT('',(3.09172419951081,30.2282796701394,-2.));
#3677=CARTESIAN_POINT('',(3.09172419951081,20.2282796701394,0.));
#3678=CARTESIAN_POINT('Origin',(3.84172419951081,25.2282796701394,-2.));
#3679=CARTESIAN_POINT('',(4.59172419951082,30.2282796701394,-2.));
#3680=CARTESIAN_POINT('',(3.09172419951081,20.2282796701394,-2.));
#3681=CARTESIAN_POINT('Origin',(12.0917241995108,25.2282796701394,0.));
#3682=CARTESIAN_POINT('',(1.09172419951081,20.2282796701394,0.));
#3683=CARTESIAN_POINT('',(0.0917241995108142,20.2282796701394,0.));
#3684=CARTESIAN_POINT('',(1.09172419951081,30.2282796701394,0.));
#3685=CARTESIAN_POINT('',(1.09172419951082,27.7282796701394,0.));
#3686=CARTESIAN_POINT('',(12.0917241995108,30.2282796701394,0.));
#3687=CARTESIAN_POINT('Origin',(1.09172419951081,30.2282796701394,0.));
#3688=CARTESIAN_POINT('',(1.09172419951081,20.2282796701394,-2.));
#3689=CARTESIAN_POINT('',(1.09172419951081,20.2282796701394,0.));
#3690=CARTESIAN_POINT('',(1.09172419951081,30.2282796701394,-2.));
#3691=CARTESIAN_POINT('',(1.09172419951081,30.2282796701394,-2.));
#3692=CARTESIAN_POINT('',(1.09172419951081,30.2282796701394,0.));
#3693=CARTESIAN_POINT('Origin',(0.591724199510814,25.2282796701394,-2.));
#3694=CARTESIAN_POINT('',(0.0917241995108142,30.2282796701394,-2.));
#3695=CARTESIAN_POINT('',(1.09172419951081,30.2282796701394,-2.));
#3696=CARTESIAN_POINT('',(0.0917241995108142,20.2282796701394,-2.));
#3697=CARTESIAN_POINT('',(0.0917241995108142,20.2282796701394,-2.));
#3698=CARTESIAN_POINT('',(0.0917241995108142,30.2282796701394,-2.));
#3699=CARTESIAN_POINT('Origin',(24.0917241995108,20.2282796701394,0.));
#3700=CARTESIAN_POINT('',(24.0917241995108,30.2282796701394,0.));
#3701=CARTESIAN_POINT('',(24.0917241995108,20.2282796701394,0.));
#3702=CARTESIAN_POINT('Origin',(0.0917241995108142,20.2282796701394,0.));
#3703=CARTESIAN_POINT('',(0.0917241995108142,20.2282796701394,0.));
#3704=CARTESIAN_POINT('Origin',(0.0917241995108142,30.2282796701394,0.));
#3705=CARTESIAN_POINT('',(0.0917241995108142,30.2282796701394,0.));
#3706=CARTESIAN_POINT('Origin',(24.0917241995108,30.2282796701394,0.));
#3707=CARTESIAN_POINT('Origin',(13.2500002235174,4.,7.));
#3708=CARTESIAN_POINT('',(14.9494897427832,4.41741510981975,7.));
#3709=CARTESIAN_POINT('',(14.9494897427832,3.58258489018025,7.));
#3710=CARTESIAN_POINT('',(14.9494897427832,0.,7.));
#3711=CARTESIAN_POINT('Origin',(13.2500002235174,4.,7.));
#3712=CARTESIAN_POINT('Origin',(13.2500002235174,4.,0.));
#3713=CARTESIAN_POINT('',(11.5000002235174,4.,3.5));
#3714=CARTESIAN_POINT('Origin',(13.2500002235174,4.,3.5));
#3715=CARTESIAN_POINT('',(11.5000002235174,4.,5.20871205497109));
#3716=CARTESIAN_POINT('',(11.5000002235174,4.,0.));
#3717=CARTESIAN_POINT('Ctrl Pts',(14.9494897427832,3.58258489018025,7.));
#3718=CARTESIAN_POINT('Ctrl Pts',(14.9263110951783,3.48821392049435,6.88644828088055));
#3719=CARTESIAN_POINT('Ctrl Pts',(14.8947668336172,3.39392086856286,6.77245640130626));
#3720=CARTESIAN_POINT('Ctrl Pts',(14.7545903871693,3.07174174042189,6.37946200791123));
#3721=CARTESIAN_POINT('Ctrl Pts',(14.5995746790828,2.8555269618325,6.10925259586338));
#3722=CARTESIAN_POINT('Ctrl Pts',(14.2688364107317,2.56614152668148,5.72135751323785));
#3723=CARTESIAN_POINT('Ctrl Pts',(14.0976776007397,2.45420471063826,5.56231717022749));
#3724=CARTESIAN_POINT('Ctrl Pts',(13.701361397459,2.29579546742481,5.29457039024545));
#3725=CARTESIAN_POINT('Ctrl Pts',(13.4757438928921,2.25,5.18614518967815));
#3726=CARTESIAN_POINT('Ctrl Pts',(13.0402551309924,2.25,5.04919026512703));
#3727=CARTESIAN_POINT('Ctrl Pts',(12.8097776262902,2.29060467136227,5.01002483513903));
#3728=CARTESIAN_POINT('Ctrl Pts',(12.3814258347252,2.46331300537686,4.99363237873273));
#3729=CARTESIAN_POINT('Ctrl Pts',(12.1836172924571,2.59544593054433,5.01502482837984));
#3730=CARTESIAN_POINT('Ctrl Pts',(11.8678256083929,2.90363473851417,5.07577399519036));
#3731=CARTESIAN_POINT('Ctrl Pts',(11.730052212376,3.10107085963457,5.1194998050681));
#3732=CARTESIAN_POINT('Ctrl Pts',(11.5460954318445,3.53629452103677,5.18706509305808));
#3733=CARTESIAN_POINT('Ctrl Pts',(11.5000002235174,3.77445685654917,5.20871205497109));
#3734=CARTESIAN_POINT('Ctrl Pts',(11.5000002235174,4.,5.20871205497109));
#3735=CARTESIAN_POINT('Ctrl Pts',(11.5000002235174,4.,5.20871205497109));
#3736=CARTESIAN_POINT('Ctrl Pts',(11.5000002235174,4.22554314345083,5.20871205497109));
#3737=CARTESIAN_POINT('Ctrl Pts',(11.5460954318445,4.46370547896323,5.18706509305808));
#3738=CARTESIAN_POINT('Ctrl Pts',(11.730052212376,4.89892914036543,5.1194998050681));
#3739=CARTESIAN_POINT('Ctrl Pts',(11.8678256083929,5.09636526148583,5.07577399519036));
#3740=CARTESIAN_POINT('Ctrl Pts',(12.1836172924571,5.40455406945567,5.01502482837984));
#3741=CARTESIAN_POINT('Ctrl Pts',(12.3814258347252,5.53668699462314,4.99363237873273));
#3742=CARTESIAN_POINT('Ctrl Pts',(12.8097776262902,5.70939532863773,5.01002483513903));
#3743=CARTESIAN_POINT('Ctrl Pts',(13.0402551309924,5.75,5.04919026512703));
#3744=CARTESIAN_POINT('Ctrl Pts',(13.4757438928921,5.75,5.18614518967815));
#3745=CARTESIAN_POINT('Ctrl Pts',(13.701361397459,5.70420453257519,5.29457039024545));
#3746=CARTESIAN_POINT('Ctrl Pts',(14.0976776007397,5.54579528936174,5.56231717022749));
#3747=CARTESIAN_POINT('Ctrl Pts',(14.2688364107317,5.43385847331852,5.72135751323785));
#3748=CARTESIAN_POINT('Ctrl Pts',(14.5995746790828,5.1444730381675,6.10925259586338));
#3749=CARTESIAN_POINT('Ctrl Pts',(14.7545903871693,4.92825825957811,6.37946200791123));
#3750=CARTESIAN_POINT('Ctrl Pts',(14.8947668336172,4.60607913143714,6.77245640130626));
#3751=CARTESIAN_POINT('Ctrl Pts',(14.9263110951783,4.51178607950565,6.88644828088055));
#3752=CARTESIAN_POINT('Ctrl Pts',(14.9494897427832,4.41741510981975,7.));
#3753=CARTESIAN_POINT('Origin',(15.,5.,3.5));
#3754=CARTESIAN_POINT('',(25.,7.66,3.5));
#3755=CARTESIAN_POINT('',(16.0000002235174,7.66,3.5));
#3756=CARTESIAN_POINT('',(0.,7.66,3.5));
#3757=CARTESIAN_POINT('',(25.,0.,3.5));
#3758=CARTESIAN_POINT('',(25.,0.,3.5));
#3759=CARTESIAN_POINT('',(27.5,0.,3.5));
#3760=CARTESIAN_POINT('',(0.,0.,3.5));
#3761=CARTESIAN_POINT('',(30.,2.5,3.5));
#3762=CARTESIAN_POINT('',(27.5,0.,3.5));
#3763=CARTESIAN_POINT('',(30.,7.5,3.5));
#3764=CARTESIAN_POINT('',(30.,2.5,3.5));
#3765=CARTESIAN_POINT('',(27.5,10.,3.5));
#3766=CARTESIAN_POINT('',(27.5,10.,3.5));
#3767=CARTESIAN_POINT('',(16.0000002235174,10.,3.5));
#3768=CARTESIAN_POINT('',(27.5,10.,3.5));
#3769=CARTESIAN_POINT('',(16.0000002235174,7.5,3.5));
#3770=CARTESIAN_POINT('Origin',(23.7500002458692,1.25,1.25));
#3771=CARTESIAN_POINT('',(22.5000003278255,1.5,1.5));
#3772=CARTESIAN_POINT('',(26.8786796564404,1.5,1.5));
#3773=CARTESIAN_POINT('',(23.7500002458692,1.5,1.5));
#3774=CARTESIAN_POINT('',(27.0857864376269,1.,1.));
#3775=CARTESIAN_POINT('',(26.8786796564404,1.5,1.5));
#3776=CARTESIAN_POINT('',(22.0000003278255,1.,1.));
#3777=CARTESIAN_POINT('',(23.7500002458692,1.,1.));
#3778=CARTESIAN_POINT('',(22.5000003278255,1.5,1.5));
#3779=CARTESIAN_POINT('Origin',(27.5125631739017,1.7803301268681,1.25));
#3780=CARTESIAN_POINT('',(28.5,3.12132034355965,1.5));
#3781=CARTESIAN_POINT('',(27.3357864786051,1.95710682216474,1.5));
#3782=CARTESIAN_POINT('',(29.,2.91421356237309,1.));
#3783=CARTESIAN_POINT('',(28.5,3.12132034355965,1.5));
#3784=CARTESIAN_POINT('',(27.6893398691984,1.60355343157147,1.));
#3785=CARTESIAN_POINT('Origin',(28.75,3.95710678118655,1.25));
#3786=CARTESIAN_POINT('',(29.,7.08578643762691,1.));
#3787=CARTESIAN_POINT('',(29.,3.95710678118655,1.));
#3788=CARTESIAN_POINT('',(28.5,6.87867965644035,1.5));
#3789=CARTESIAN_POINT('',(28.5,3.95710678118655,1.5));
#3790=CARTESIAN_POINT('',(28.5,6.87867965644035,1.5));
#3791=CARTESIAN_POINT('Origin',(28.4696699550883,7.26256309194535,1.25));
#3792=CARTESIAN_POINT('',(27.0857864376269,9.,1.));
#3793=CARTESIAN_POINT('',(28.6464466503849,7.43933978724199,1.));
#3794=CARTESIAN_POINT('',(26.8786796564404,8.5,1.5));
#3795=CARTESIAN_POINT('',(28.2928932597916,7.08578639664871,1.5));
#3796=CARTESIAN_POINT('',(26.8786796564404,8.5,1.5));
#3797=CARTESIAN_POINT('Origin',(26.2928933007698,8.75,1.25));
#3798=CARTESIAN_POINT('',(22.0000003278255,9.,1.));
#3799=CARTESIAN_POINT('',(26.2928933007698,9.,1.));
#3800=CARTESIAN_POINT('',(22.5000003278255,8.5,1.5));
#3801=CARTESIAN_POINT('',(26.2928933007698,8.5,1.5));
#3802=CARTESIAN_POINT('',(22.5000003278255,8.5,1.5));
#3803=CARTESIAN_POINT('Origin',(22.2500003278255,7.,1.25));
#3804=CARTESIAN_POINT('',(22.0000003278255,7.,1.));
#3805=CARTESIAN_POINT('',(22.5000003278255,7.,1.5));
#3806=CARTESIAN_POINT('Origin',(27.0857864376269,9.,0.));
#3807=CARTESIAN_POINT('',(22.0000003278255,9.,0.5));
#3808=CARTESIAN_POINT('',(22.0000003278255,9.,0.));
#3809=CARTESIAN_POINT('',(27.0857864376269,9.,0.5));
#3810=CARTESIAN_POINT('',(21.0428932188135,9.,0.5));
#3811=CARTESIAN_POINT('',(27.0857864376269,9.,0.));
#3812=CARTESIAN_POINT('Origin',(22.0000003278255,9.,0.));
#3813=CARTESIAN_POINT('',(22.0000003278255,1.,0.5));
#3814=CARTESIAN_POINT('',(22.0000003278255,1.,0.));
#3815=CARTESIAN_POINT('',(22.0000003278255,7.,0.5));
#3816=CARTESIAN_POINT('Origin',(22.0000003278255,1.,0.));
#3817=CARTESIAN_POINT('',(27.0857864376269,1.,0.5));
#3818=CARTESIAN_POINT('',(27.0857864376269,1.,0.));
#3819=CARTESIAN_POINT('',(18.5000001639128,1.,0.5));
#3820=CARTESIAN_POINT('Origin',(25.5000001639128,5.,1.5));
#3821=CARTESIAN_POINT('Origin',(26.1982233047034,10.2411165235168,0.25));
#3822=CARTESIAN_POINT('',(27.2928932188135,9.5,0.));
#3823=CARTESIAN_POINT('',(29.5,7.29289321881345,0.));
#3824=CARTESIAN_POINT('',(26.375,10.4178932188135,0.));
#3825=CARTESIAN_POINT('',(29.,7.08578643762691,0.5));
#3826=CARTESIAN_POINT('',(29.5,7.29289321881345,0.));
#3827=CARTESIAN_POINT('',(26.0214466094067,10.0643398282202,0.5));
#3828=CARTESIAN_POINT('',(27.0857864376269,9.,0.5));
#3829=CARTESIAN_POINT('Origin',(29.25,3.95710678118655,0.25));
#3830=CARTESIAN_POINT('',(29.5,2.70710678118655,0.));
#3831=CARTESIAN_POINT('',(29.5,3.95710678118655,0.));
#3832=CARTESIAN_POINT('',(29.,2.91421356237309,0.5));
#3833=CARTESIAN_POINT('',(29.5,2.70710678118655,0.));
#3834=CARTESIAN_POINT('',(29.,3.95710678118655,0.5));
#3835=CARTESIAN_POINT('Origin',(25.2411165235168,-1.19822330470336,0.25));
#3836=CARTESIAN_POINT('',(27.2928932188135,0.5,0.));
#3837=CARTESIAN_POINT('',(25.4178932188134,-1.375,0.));
#3838=CARTESIAN_POINT('',(27.2928932188135,0.5,0.));
#3839=CARTESIAN_POINT('',(25.0643398282202,-1.02144660940673,0.5));
#3840=CARTESIAN_POINT('Origin',(18.5000001639128,0.75,0.25));
#3841=CARTESIAN_POINT('',(21.5000003278255,0.499999999999999,0.));
#3842=CARTESIAN_POINT('',(18.5000001639128,0.5,0.));
#3843=CARTESIAN_POINT('',(21.5000003278255,0.499999999999999,0.));
#3844=CARTESIAN_POINT('Origin',(21.7500003278255,7.,0.25));
#3845=CARTESIAN_POINT('',(21.5000003278255,9.5,0.));
#3846=CARTESIAN_POINT('',(21.5000003278255,7.,0.));
#3847=CARTESIAN_POINT('',(21.5000003278255,9.5,0.));
#3848=CARTESIAN_POINT('Origin',(21.0428932188135,9.25,0.25));
#3849=CARTESIAN_POINT('',(21.0428932188135,9.5,0.));
#3850=CARTESIAN_POINT('Origin',(29.,7.08578643762691,0.));
#3851=CARTESIAN_POINT('',(29.,7.08578643762691,0.));
#3852=CARTESIAN_POINT('Origin',(15.,5.,0.));
#3853=CARTESIAN_POINT('',(27.5,10.,0.));
#3854=CARTESIAN_POINT('',(0.,10.,0.));
#3855=CARTESIAN_POINT('',(27.5,10.,0.));
#3856=CARTESIAN_POINT('',(30.,7.5,0.));
#3857=CARTESIAN_POINT('',(27.5,10.,0.));
#3858=CARTESIAN_POINT('',(30.,2.5,0.));
#3859=CARTESIAN_POINT('',(30.,2.5,0.));
#3860=CARTESIAN_POINT('',(27.5,0.,0.));
#3861=CARTESIAN_POINT('',(27.5,0.,0.));
#3862=CARTESIAN_POINT('',(0.,0.,0.));
#3863=CARTESIAN_POINT('',(0.,0.,0.));
#3864=CARTESIAN_POINT('',(0.,10.,0.));
#3865=CARTESIAN_POINT('',(11.5000002235174,4.,0.));
#3866=CARTESIAN_POINT('Origin',(13.2500002235174,4.,0.));
#3867=CARTESIAN_POINT('Origin',(16.0000002235174,10.,3.5));
#3868=CARTESIAN_POINT('',(16.0000002235174,10.,1.));
#3869=CARTESIAN_POINT('',(16.0000002235174,10.,1.75));
#3870=CARTESIAN_POINT('',(16.0000002235174,2.41228675972853,1.));
#3871=CARTESIAN_POINT('',(16.0000002235174,3.91228675972853,1.));
#3872=CARTESIAN_POINT('',(16.0000002235174,2.41228675972853,3.5));
#3873=CARTESIAN_POINT('',(16.0000002235174,2.41228675972853,3.5));
#3874=CARTESIAN_POINT('',(16.0000002235174,5.,3.5));
#3875=CARTESIAN_POINT('Origin',(10.5000002235174,2.41228675972853,3.5));
#3876=CARTESIAN_POINT('',(10.5000002235174,2.41228675972853,3.5));
#3877=CARTESIAN_POINT('',(10.5000002235174,7.66,3.5));
#3878=CARTESIAN_POINT('',(10.5000002235174,1.20614337986428,3.5));
#3879=CARTESIAN_POINT('',(10.5000002235174,2.41228675972853,1.));
#3880=CARTESIAN_POINT('',(10.5000002235174,2.41228675972853,3.5));
#3881=CARTESIAN_POINT('',(10.5000002235174,10.,1.));
#3882=CARTESIAN_POINT('',(10.5000002235174,7.70614337986427,1.));
#3883=CARTESIAN_POINT('',(10.5000002235174,10.,3.5));
#3884=CARTESIAN_POINT('',(10.5000002235174,10.,1.75));
#3885=CARTESIAN_POINT('',(10.5000002235174,3.70614337986427,3.5));
#3886=CARTESIAN_POINT('Origin',(13.2500002235174,0.824573519457065,3.5));
#3887=CARTESIAN_POINT('',(13.2500002235174,0.824573519457066,3.5));
#3888=CARTESIAN_POINT('',(17.8347755434828,-1.82244774569892,3.5));
#3889=CARTESIAN_POINT('',(13.2500002235174,0.824573519457066,1.));
#3890=CARTESIAN_POINT('',(13.2500002235174,0.824573519457066,3.5));
#3891=CARTESIAN_POINT('',(10.8817311706791,2.19189429462673,1.));
#3892=CARTESIAN_POINT('Origin',(16.0000002235174,2.41228675972853,3.5));
#3893=CARTESIAN_POINT('',(18.852724735914,4.05930802488451,3.5));
#3894=CARTESIAN_POINT('',(14.2432692763557,1.398037674491,1.));
#3895=CARTESIAN_POINT('Origin',(13.2500002235174,5.41228675972853,1.));
#3896=CARTESIAN_POINT('',(20.3750001117587,10.,1.));
#3897=CARTESIAN_POINT('',(11.5000002235174,4.,1.));
#3898=CARTESIAN_POINT('Origin',(13.2500002235174,4.,1.));
#3899=CARTESIAN_POINT('Origin',(27.5,10.,0.));
#3900=CARTESIAN_POINT('',(27.5,10.,0.));
#3901=CARTESIAN_POINT('',(0.,10.,3.5));
#3902=CARTESIAN_POINT('',(0.,10.,0.));
#3903=CARTESIAN_POINT('',(27.5,10.,3.5));
#3904=CARTESIAN_POINT('Origin',(29.,2.91421356237309,0.));
#3905=CARTESIAN_POINT('',(29.,2.91421356237309,0.));
#3906=CARTESIAN_POINT('Origin',(27.0857864376269,1.,0.));
#3907=CARTESIAN_POINT('Origin',(13.2500002235174,4.,0.));
#3908=CARTESIAN_POINT('',(11.5000002235174,4.,0.));
#3909=CARTESIAN_POINT('Origin',(30.,7.5,0.));
#3910=CARTESIAN_POINT('',(30.,7.5,0.));
#3911=CARTESIAN_POINT('Origin',(30.,2.5,0.));
#3912=CARTESIAN_POINT('',(30.,2.5,0.));
#3913=CARTESIAN_POINT('Origin',(27.5,0.,0.));
#3914=CARTESIAN_POINT('',(27.5,0.,0.));
#3915=CARTESIAN_POINT('Origin',(15.,5.,3.5));
#3916=CARTESIAN_POINT('',(0.,7.66,3.5));
#3917=CARTESIAN_POINT('',(0.,7.66,3.5));
#3918=CARTESIAN_POINT('',(0.,10.,3.5));
#3919=CARTESIAN_POINT('Origin',(4.5,7.66,7.5));
#3920=CARTESIAN_POINT('',(1.5,7.66,7.5));
#3921=CARTESIAN_POINT('Origin',(4.5,7.66,7.5));
#3922=CARTESIAN_POINT('',(1.5,6.66,7.5));
#3923=CARTESIAN_POINT('',(1.5,7.66,7.5));
#3924=CARTESIAN_POINT('Origin',(4.5,6.66,7.5));
#3925=CARTESIAN_POINT('Origin',(4.5,6.66,7.5));
#3926=CARTESIAN_POINT('',(2.,6.66,7.5));
#3927=CARTESIAN_POINT('Origin',(4.5,6.66,7.5));
#3928=CARTESIAN_POINT('Origin',(12.5,7.66,7.5));
#3929=CARTESIAN_POINT('',(9.5,7.66,7.5));
#3930=CARTESIAN_POINT('Origin',(12.5,7.66,7.5));
#3931=CARTESIAN_POINT('',(9.5,6.66,7.5));
#3932=CARTESIAN_POINT('',(9.5,7.66,7.5));
#3933=CARTESIAN_POINT('Origin',(12.5,6.66,7.5));
#3934=CARTESIAN_POINT('Origin',(12.5,6.66,7.5));
#3935=CARTESIAN_POINT('',(10.,6.66,7.5));
#3936=CARTESIAN_POINT('Origin',(12.5,6.66,7.5));
#3937=CARTESIAN_POINT('Origin',(20.5,7.66,7.5));
#3938=CARTESIAN_POINT('',(17.5,7.66,7.5));
#3939=CARTESIAN_POINT('Origin',(20.5,7.66,7.5));
#3940=CARTESIAN_POINT('',(17.5,6.66,7.5));
#3941=CARTESIAN_POINT('',(17.5,7.66,7.5));
#3942=CARTESIAN_POINT('Origin',(20.5,6.66,7.5));
#3943=CARTESIAN_POINT('Origin',(20.5,6.66,7.5));
#3944=CARTESIAN_POINT('',(18.,6.66,7.5));
#3945=CARTESIAN_POINT('Origin',(20.5,6.66,7.5));
#3946=CARTESIAN_POINT('Origin',(4.5,0.,7.5));
#3947=CARTESIAN_POINT('',(1.5,0.,7.5));
#3948=CARTESIAN_POINT('Origin',(4.5,0.,7.5));
#3949=CARTESIAN_POINT('',(1.5,1.,7.5));
#3950=CARTESIAN_POINT('',(1.5,0.,7.5));
#3951=CARTESIAN_POINT('Origin',(4.5,1.,7.5));
#3952=CARTESIAN_POINT('Origin',(4.5,1.,7.5));
#3953=CARTESIAN_POINT('',(2.,1.,7.5));
#3954=CARTESIAN_POINT('Origin',(4.5,1.,7.5));
#3955=CARTESIAN_POINT('Origin',(12.5,0.,7.5));
#3956=CARTESIAN_POINT('',(9.5,0.,7.5));
#3957=CARTESIAN_POINT('Origin',(12.5,0.,7.5));
#3958=CARTESIAN_POINT('',(9.5,1.,7.5));
#3959=CARTESIAN_POINT('',(9.5,0.,7.5));
#3960=CARTESIAN_POINT('Origin',(12.5,1.,7.5));
#3961=CARTESIAN_POINT('Origin',(12.5,1.,7.5));
#3962=CARTESIAN_POINT('',(10.,1.,7.5));
#3963=CARTESIAN_POINT('Origin',(12.5,1.,7.5));
#3964=CARTESIAN_POINT('Origin',(20.5,0.,7.5));
#3965=CARTESIAN_POINT('',(17.5,0.,7.5));
#3966=CARTESIAN_POINT('Origin',(20.5,0.,7.5));
#3967=CARTESIAN_POINT('',(17.5,1.,7.5));
#3968=CARTESIAN_POINT('',(17.5,0.,7.5));
#3969=CARTESIAN_POINT('Origin',(20.5,1.,7.5));
#3970=CARTESIAN_POINT('Origin',(20.5,1.,7.5));
#3971=CARTESIAN_POINT('',(18.,1.,7.5));
#3972=CARTESIAN_POINT('Origin',(20.5,1.,7.5));
#3973=CARTESIAN_POINT('Origin',(4.5,0.,7.5));
#3974=CARTESIAN_POINT('',(2.,0.,7.5));
#3975=CARTESIAN_POINT('Origin',(12.5,0.,7.5));
#3976=CARTESIAN_POINT('',(10.,0.,7.5));
#3977=CARTESIAN_POINT('Origin',(20.5,0.,7.5));
#3978=CARTESIAN_POINT('',(18.,0.,7.5));
#3979=CARTESIAN_POINT('Origin',(0.,0.,3.5));
#3980=CARTESIAN_POINT('',(0.,0.,7.5));
#3981=CARTESIAN_POINT('',(0.,0.,0.));
#3982=CARTESIAN_POINT('',(0.,7.66,7.5));
#3983=CARTESIAN_POINT('',(0.,0.,7.5));
#3984=CARTESIAN_POINT('',(8.67361737988404E-18,7.66,7.5));
#3985=CARTESIAN_POINT('Origin',(25.,0.,3.5));
#3986=CARTESIAN_POINT('',(0.,7.66,3.5));
#3987=CARTESIAN_POINT('Origin',(25.,0.,7.5));
#3988=CARTESIAN_POINT('',(25.,0.,7.5));
#3989=CARTESIAN_POINT('',(25.,0.,3.5));
#3990=CARTESIAN_POINT('',(25.,7.66,7.5));
#3991=CARTESIAN_POINT('',(25.,7.66,3.5));
#3992=CARTESIAN_POINT('',(25.,0.,7.5));
#3993=CARTESIAN_POINT('Origin',(21.,0.,7.5));
#3994=CARTESIAN_POINT('',(21.,0.,11.5));
#3995=CARTESIAN_POINT('Origin',(21.,0.,7.5));
#3996=CARTESIAN_POINT('',(21.,7.66,11.5));
#3997=CARTESIAN_POINT('Origin',(21.,7.66,7.5));
#3998=CARTESIAN_POINT('',(21.,0.,11.5));
#3999=CARTESIAN_POINT('Origin',(4.,0.,11.5));
#4000=CARTESIAN_POINT('',(4.,0.,11.5));
#4001=CARTESIAN_POINT('',(21.,0.,11.5));
#4002=CARTESIAN_POINT('',(4.,7.66,11.5));
#4003=CARTESIAN_POINT('',(21.,7.66,11.5));
#4004=CARTESIAN_POINT('',(4.,0.,11.5));
#4005=CARTESIAN_POINT('Origin',(4.,0.,7.5));
#4006=CARTESIAN_POINT('Origin',(4.,0.,7.5));
#4007=CARTESIAN_POINT('Origin',(4.,7.66,7.5));
#4008=CARTESIAN_POINT('Origin',(12.5,7.66,7.5));
#4009=CARTESIAN_POINT('Origin',(12.5,0.,7.5));
#4010=CARTESIAN_POINT('Origin',(15.1779265706583,-12.16,0.));
#4011=CARTESIAN_POINT('',(14.7494984935159,-11.9022222222222,3.5));
#4012=CARTESIAN_POINT('',(15.1779265706583,-12.66,3.5));
#4013=CARTESIAN_POINT('Origin',(15.1779265706583,-12.16,3.5));
#4014=CARTESIAN_POINT('',(15.1779265706583,-12.66,6.14770222134241));
#4015=CARTESIAN_POINT('',(15.1779265706583,-12.66,0.));
#4016=CARTESIAN_POINT('',(14.7494984938327,-11.9022222216956,5.51511800733175));
#4017=CARTESIAN_POINT('Ctrl Pts',(15.1779265706583,-12.66,6.14770222134241));
#4018=CARTESIAN_POINT('Ctrl Pts',(15.1145267909366,-12.66,6.02215298405893));
#4019=CARTESIAN_POINT('Ctrl Pts',(15.0433045238683,-12.6488310282863,5.90326065420754));
#4020=CARTESIAN_POINT('Ctrl Pts',(14.9301215501107,-12.5961752302973,5.73968340361366));
#4021=CARTESIAN_POINT('Ctrl Pts',(14.8888150644704,-12.5712786709383,5.68407530052809));
#4022=CARTESIAN_POINT('Ctrl Pts',(14.8099601543083,-12.5025439897144,5.58477052905869));
#4023=CARTESIAN_POINT('Ctrl Pts',(14.7725646723663,-12.4585188515702,5.54108200569319));
#4024=CARTESIAN_POINT('Ctrl Pts',(14.7248440528957,-12.374809599436,5.48732439861613));
#4025=CARTESIAN_POINT('Ctrl Pts',(14.707480368884,-12.3350919281422,5.46841733407227));
#4026=CARTESIAN_POINT('Ctrl Pts',(14.6839667877206,-12.2493340476085,5.44316098137142));
#4027=CARTESIAN_POINT('Ctrl Pts',(14.6779265706583,-12.2032559462859,5.43683838422179));
#4028=CARTESIAN_POINT('Ctrl Pts',(14.6779265706583,-12.1167440537141,5.43683838422179));
#4029=CARTESIAN_POINT('Ctrl Pts',(14.6839667877206,-12.0706659523915,5.44316098137142));
#4030=CARTESIAN_POINT('Ctrl Pts',(14.707480368884,-11.9849080718578,5.46841733407227));
#4031=CARTESIAN_POINT('Ctrl Pts',(14.7248440528957,-11.945190400564,5.48732439861613));
#4032=CARTESIAN_POINT('Ctrl Pts',(14.7454980250516,-11.9089601801279,5.51059124074966));
#4033=CARTESIAN_POINT('Ctrl Pts',(14.7474806591647,-11.9055758739431,5.51283116268524));
#4034=CARTESIAN_POINT('Ctrl Pts',(14.7494984939134,-11.9022222215616,5.51511800706404));
#4035=CARTESIAN_POINT('',(14.7494984935159,-11.9022222222222,0.));
#4036=CARTESIAN_POINT('Origin',(13.2500002235174,-11.,0.));
#4037=CARTESIAN_POINT('',(14.8707716447857,-11.66,5.66167418331784));
#4038=CARTESIAN_POINT('Ctrl Pts',(14.8707716447857,-11.66,5.66167418331784));
#4039=CARTESIAN_POINT('Ctrl Pts',(14.8691410384152,-11.6640043033405,5.65957129420427));
#4040=CARTESIAN_POINT('Ctrl Pts',(14.8674966987198,-11.6679998464946,5.65745647214133));
#4041=CARTESIAN_POINT('Ctrl Pts',(14.8323404893026,-11.752535410122,5.61236768965206));
#4042=CARTESIAN_POINT('Ctrl Pts',(14.7932342324618,-11.829533184714,5.5646844187424));
#4043=CARTESIAN_POINT('Ctrl Pts',(14.7494984939134,-11.9022222215616,5.51511800706404));
#4044=CARTESIAN_POINT('',(14.8707716447857,-11.66,6.7066263123344));
#4045=CARTESIAN_POINT('',(14.8707716447857,-11.66,0.));
#4046=CARTESIAN_POINT('',(14.9494897427832,-11.4174151098198,7.));
#4047=CARTESIAN_POINT('Ctrl Pts',(14.9494897427832,-11.4174151098198,7.));
#4048=CARTESIAN_POINT('Ctrl Pts',(14.9295042083025,-11.4987854425839,6.90209127657108));
#4049=CARTESIAN_POINT('Ctrl Pts',(14.9033080637081,-11.5800998516064,6.80385214752811));
#4050=CARTESIAN_POINT('Ctrl Pts',(14.8707716447857,-11.66,6.7066263123344));
#4051=CARTESIAN_POINT('',(14.9494897427832,-10.5825848901803,7.));
#4052=CARTESIAN_POINT('Origin',(13.2500002235174,-11.,7.));
#4053=CARTESIAN_POINT('',(11.6292288022491,-11.66,5.15655008136134));
#4054=CARTESIAN_POINT('Ctrl Pts',(11.6292288022491,-11.66,5.15655008136134));
#4055=CARTESIAN_POINT('Ctrl Pts',(11.5430142953869,-11.4482818048166,5.18858537633685));
#4056=CARTESIAN_POINT('Ctrl Pts',(11.5000002235174,-11.2181993369582,5.20871205497109));
#4057=CARTESIAN_POINT('Ctrl Pts',(11.5000002235174,-10.7744568565492,5.20871205497109));
#4058=CARTESIAN_POINT('Ctrl Pts',(11.5460954318445,-10.5362945210368,5.18706509305808));
#4059=CARTESIAN_POINT('Ctrl Pts',(11.730052212376,-10.1010708596346,5.1194998050681));
#4060=CARTESIAN_POINT('Ctrl Pts',(11.8678256083929,-9.90363473851417,5.07577399519036));
#4061=CARTESIAN_POINT('Ctrl Pts',(12.1836172924571,-9.59544593054433,5.01502482837984));
#4062=CARTESIAN_POINT('Ctrl Pts',(12.3814258347252,-9.46331300537686,4.99363237873273));
#4063=CARTESIAN_POINT('Ctrl Pts',(12.8097776262902,-9.29060467136227,5.01002483513903));
#4064=CARTESIAN_POINT('Ctrl Pts',(13.0402551309924,-9.25,5.04919026512703));
#4065=CARTESIAN_POINT('Ctrl Pts',(13.4757438928921,-9.25,5.18614518967815));
#4066=CARTESIAN_POINT('Ctrl Pts',(13.701361397459,-9.29579546742481,5.29457039024545));
#4067=CARTESIAN_POINT('Ctrl Pts',(14.0976776007397,-9.45420471063826,5.56231717022749));
#4068=CARTESIAN_POINT('Ctrl Pts',(14.2688364107317,-9.56614152668148,5.72135751323785));
#4069=CARTESIAN_POINT('Ctrl Pts',(14.5995746790828,-9.8555269618325,6.10925259586338));
#4070=CARTESIAN_POINT('Ctrl Pts',(14.7545903871693,-10.0717417404219,6.37946200791123));
#4071=CARTESIAN_POINT('Ctrl Pts',(14.8947668336172,-10.3939208685629,6.77245640130625));
#4072=CARTESIAN_POINT('Ctrl Pts',(14.9263110951783,-10.4882139204943,6.88644828088055));
#4073=CARTESIAN_POINT('Ctrl Pts',(14.9494897427832,-10.5825848901803,7.));
#4074=CARTESIAN_POINT('',(11.6292288022491,-11.66,4.62915386668538));
#4075=CARTESIAN_POINT('',(11.6292288022491,-11.66,0.));
#4076=CARTESIAN_POINT('',(11.7505019535189,-11.9022222222222,4.59513293276251));
#4077=CARTESIAN_POINT('Ctrl Pts',(11.7505019535189,-11.9022222222222,4.59513293276249));
#4078=CARTESIAN_POINT('Ctrl Pts',(11.707397368658,-11.8305821663291,4.60625454397562));
#4079=CARTESIAN_POINT('Ctrl Pts',(11.6691620880506,-11.7553423035665,4.61714243635064));
#4080=CARTESIAN_POINT('Ctrl Pts',(11.634078521142,-11.6718168073978,4.6276861817505));
#4081=CARTESIAN_POINT('Ctrl Pts',(11.6316375069458,-11.6659150905071,4.62842326999842));
#4082=CARTESIAN_POINT('Ctrl Pts',(11.6292288022491,-11.66,4.62915386668538));
#4083=CARTESIAN_POINT('',(11.750501953519,-11.9022222222222,3.5));
#4084=CARTESIAN_POINT('',(11.750501953519,-11.9022222222222,0.));
#4085=CARTESIAN_POINT('Origin',(13.2500002235174,-11.,3.5));
#4086=CARTESIAN_POINT('Origin',(12.5,-12.66,7.5));
#4087=CARTESIAN_POINT('',(11.3220738763765,-12.66,4.74092587136819));
#4088=CARTESIAN_POINT('Origin',(12.5,-12.66,7.5));
#4089=CARTESIAN_POINT('Ctrl Pts',(11.7505019535189,-11.9022222222222,4.59513293276249));
#4090=CARTESIAN_POINT('Ctrl Pts',(11.7634508041937,-11.9237432828955,4.59179194053797));
#4091=CARTESIAN_POINT('Ctrl Pts',(11.7749002472086,-11.9464734488328,4.58892989013561));
#4092=CARTESIAN_POINT('Ctrl Pts',(11.8096319635729,-12.031001037162,4.58040092675364));
#4093=CARTESIAN_POINT('Ctrl Pts',(11.8220738763765,-12.0975336549062,4.57760095625035));
#4094=CARTESIAN_POINT('Ctrl Pts',(11.8220738763765,-12.16,4.57760095625035));
#4095=CARTESIAN_POINT('Ctrl Pts',(11.8220738763765,-12.2224663450938,4.57760095625035));
#4096=CARTESIAN_POINT('Ctrl Pts',(11.8096319635729,-12.288998962838,4.58040092675364));
#4097=CARTESIAN_POINT('Ctrl Pts',(11.759477848718,-12.4110604909525,4.5927171222611));
#4098=CARTESIAN_POINT('Ctrl Pts',(11.7217748998453,-12.466581078477,4.60235321815157));
#4099=CARTESIAN_POINT('Ctrl Pts',(11.6329820350666,-12.5570185167232,4.62762211109567));
#4100=CARTESIAN_POINT('Ctrl Pts',(11.5750864084288,-12.5965081672476,4.64537211247819));
#4101=CARTESIAN_POINT('Ctrl Pts',(11.4503032382227,-12.647967153319,4.688861041591));
#4102=CARTESIAN_POINT('Ctrl Pts',(11.3834802004913,-12.66,4.71470978946598));
#4103=CARTESIAN_POINT('Ctrl Pts',(11.3220738763765,-12.66,4.74092587136819));
#4104=CARTESIAN_POINT('Origin',(12.5,-11.66,7.5));
#4105=CARTESIAN_POINT('Origin',(11.3220738763765,-12.16,0.));
#4106=CARTESIAN_POINT('',(11.3220738763765,-12.66,3.5));
#4107=CARTESIAN_POINT('Origin',(11.3220738763765,-12.16,3.5));
#4108=CARTESIAN_POINT('',(11.3220738763765,-12.66,0.));
#4109=CARTESIAN_POINT('Origin',(13.2500002235174,-11.,7.));
#4110=CARTESIAN_POINT('',(14.9494897427832,-12.66,7.));
#4111=CARTESIAN_POINT('Origin',(12.5,-12.66,7.5));
#4112=CARTESIAN_POINT('',(10.,-6.,7.5));
#4113=CARTESIAN_POINT('Origin',(12.5,-6.,7.5));
#4114=CARTESIAN_POINT('',(10.,-11.66,7.5));
#4115=CARTESIAN_POINT('',(10.,-12.66,7.5));
#4116=CARTESIAN_POINT('Origin',(12.5,-11.66,7.5));
#4117=CARTESIAN_POINT('Origin',(12.5,-11.66,7.5));
#4118=CARTESIAN_POINT('Origin',(15.,-10.,3.5));
#4119=CARTESIAN_POINT('',(0.,-12.66,3.5));
#4120=CARTESIAN_POINT('',(10.5000002235174,-12.66,3.5));
#4121=CARTESIAN_POINT('',(0.,-12.66,3.5));
#4122=CARTESIAN_POINT('',(0.,-15.,3.5));
#4123=CARTESIAN_POINT('',(0.,-5.,3.5));
#4124=CARTESIAN_POINT('',(10.5000002235174,-15.,3.5));
#4125=CARTESIAN_POINT('',(0.,-15.,3.5));
#4126=CARTESIAN_POINT('',(10.5000002235174,-12.7938566201357,3.5));
#4127=CARTESIAN_POINT('Origin',(26.1982233047034,-4.75888347648318,0.25));
#4128=CARTESIAN_POINT('',(27.2928932188135,-5.5,0.));
#4129=CARTESIAN_POINT('',(29.5,-7.70710678118655,0.));
#4130=CARTESIAN_POINT('',(26.375,-4.58210678118655,0.));
#4131=CARTESIAN_POINT('',(29.,-7.91421356237309,0.5));
#4132=CARTESIAN_POINT('',(29.5,-7.70710678118655,0.));
#4133=CARTESIAN_POINT('',(27.0857864376269,-6.,0.5));
#4134=CARTESIAN_POINT('',(26.0214466094067,-4.93566017177982,0.5));
#4135=CARTESIAN_POINT('',(27.0857864376269,-6.,0.5));
#4136=CARTESIAN_POINT('Origin',(29.25,-11.0428932188135,0.25));
#4137=CARTESIAN_POINT('',(29.5,-12.2928932188135,0.));
#4138=CARTESIAN_POINT('',(29.5,-11.0428932188135,0.));
#4139=CARTESIAN_POINT('',(29.,-12.0857864376269,0.5));
#4140=CARTESIAN_POINT('',(29.5,-12.2928932188135,0.));
#4141=CARTESIAN_POINT('',(29.,-11.0428932188135,0.5));
#4142=CARTESIAN_POINT('Origin',(25.2411165235168,-16.1982233047034,0.25));
#4143=CARTESIAN_POINT('',(27.2928932188135,-14.5,0.));
#4144=CARTESIAN_POINT('',(25.4178932188134,-16.375,0.));
#4145=CARTESIAN_POINT('',(27.0857864376269,-14.,0.5));
#4146=CARTESIAN_POINT('',(27.2928932188135,-14.5,0.));
#4147=CARTESIAN_POINT('',(25.0643398282202,-16.0214466094067,0.5));
#4148=CARTESIAN_POINT('Origin',(18.5000001639128,-14.25,0.25));
#4149=CARTESIAN_POINT('',(21.5000003278255,-14.5,0.));
#4150=CARTESIAN_POINT('',(18.5000001639128,-14.5,0.));
#4151=CARTESIAN_POINT('',(22.0000003278255,-14.,0.5));
#4152=CARTESIAN_POINT('',(21.5000003278255,-14.5,0.));
#4153=CARTESIAN_POINT('',(18.5000001639128,-14.,0.5));
#4154=CARTESIAN_POINT('Origin',(21.7500003278255,-8.,0.25));
#4155=CARTESIAN_POINT('',(22.0000003278255,-6.,0.5));
#4156=CARTESIAN_POINT('',(22.0000003278255,-8.,0.5));
#4157=CARTESIAN_POINT('',(21.5000003278255,-5.5,0.));
#4158=CARTESIAN_POINT('',(21.5000003278255,-8.,0.));
#4159=CARTESIAN_POINT('',(21.5000003278255,-5.5,0.));
#4160=CARTESIAN_POINT('Origin',(21.0428932188135,-5.75,0.25));
#4161=CARTESIAN_POINT('',(21.0428932188135,-6.,0.5));
#4162=CARTESIAN_POINT('',(21.0428932188135,-5.5,0.));
#4163=CARTESIAN_POINT('Origin',(22.0000003278255,-6.,0.));
#4164=CARTESIAN_POINT('',(22.0000003278255,-6.,1.));
#4165=CARTESIAN_POINT('',(22.0000003278255,-6.,0.));
#4166=CARTESIAN_POINT('',(22.0000003278255,-14.,1.));
#4167=CARTESIAN_POINT('',(22.0000003278255,-8.,1.));
#4168=CARTESIAN_POINT('',(22.0000003278255,-14.,0.));
#4169=CARTESIAN_POINT('Origin',(27.0857864376269,-6.,0.));
#4170=CARTESIAN_POINT('',(27.0857864376269,-6.,1.));
#4171=CARTESIAN_POINT('',(27.0857864376269,-6.,0.));
#4172=CARTESIAN_POINT('',(26.2928933007698,-6.,1.));
#4173=CARTESIAN_POINT('Origin',(29.,-7.91421356237309,0.));
#4174=CARTESIAN_POINT('',(29.,-7.91421356237309,1.));
#4175=CARTESIAN_POINT('',(29.,-7.91421356237309,0.));
#4176=CARTESIAN_POINT('',(28.6464466503849,-7.56066021275801,1.));
#4177=CARTESIAN_POINT('Origin',(15.,-10.,0.));
#4178=CARTESIAN_POINT('',(27.5,-5.,0.));
#4179=CARTESIAN_POINT('',(0.,-5.,0.));
#4180=CARTESIAN_POINT('',(27.5,-5.,0.));
#4181=CARTESIAN_POINT('',(30.,-7.5,0.));
#4182=CARTESIAN_POINT('',(27.5,-5.,0.));
#4183=CARTESIAN_POINT('',(30.,-12.5,0.));
#4184=CARTESIAN_POINT('',(30.,-12.5,0.));
#4185=CARTESIAN_POINT('',(27.5,-15.,0.));
#4186=CARTESIAN_POINT('',(27.5,-15.,0.));
#4187=CARTESIAN_POINT('',(0.,-15.,0.));
#4188=CARTESIAN_POINT('',(0.,-15.,0.));
#4189=CARTESIAN_POINT('',(0.,-5.,0.));
#4190=CARTESIAN_POINT('',(11.5000002235174,-11.,0.));
#4191=CARTESIAN_POINT('Origin',(13.2500002235174,-11.,0.));
#4192=CARTESIAN_POINT('Origin',(22.2500003278255,-8.,1.25));
#4193=CARTESIAN_POINT('',(22.5000003278255,-6.5,1.5));
#4194=CARTESIAN_POINT('',(22.5000003278255,-13.5,1.5));
#4195=CARTESIAN_POINT('',(22.5000003278255,-8.,1.5));
#4196=CARTESIAN_POINT('',(22.5000003278255,-13.5,1.5));
#4197=CARTESIAN_POINT('',(22.5000003278255,-6.5,1.5));
#4198=CARTESIAN_POINT('Origin',(23.7500002458692,-13.75,1.25));
#4199=CARTESIAN_POINT('',(26.8786796564404,-13.5,1.5));
#4200=CARTESIAN_POINT('',(23.7500002458692,-13.5,1.5));
#4201=CARTESIAN_POINT('',(27.0857864376269,-14.,1.));
#4202=CARTESIAN_POINT('',(26.8786796564404,-13.5,1.5));
#4203=CARTESIAN_POINT('',(23.7500002458692,-14.,1.));
#4204=CARTESIAN_POINT('Origin',(27.5125631739017,-13.2196698731319,1.25));
#4205=CARTESIAN_POINT('',(29.,-12.0857864376269,1.));
#4206=CARTESIAN_POINT('',(27.6893398691984,-13.3964465684285,1.));
#4207=CARTESIAN_POINT('',(28.5,-11.8786796564404,1.5));
#4208=CARTESIAN_POINT('',(27.3357864786051,-13.0428931778353,1.5));
#4209=CARTESIAN_POINT('',(28.5,-11.8786796564404,1.5));
#4210=CARTESIAN_POINT('Origin',(28.75,-11.0428932188135,1.25));
#4211=CARTESIAN_POINT('',(29.,-11.0428932188135,1.));
#4212=CARTESIAN_POINT('',(28.5,-8.12132034355965,1.5));
#4213=CARTESIAN_POINT('',(28.5,-11.0428932188135,1.5));
#4214=CARTESIAN_POINT('',(28.5,-8.12132034355965,1.5));
#4215=CARTESIAN_POINT('Origin',(28.4696699550883,-7.73743690805465,1.25));
#4216=CARTESIAN_POINT('',(26.8786796564404,-6.5,1.5));
#4217=CARTESIAN_POINT('',(28.2928932597916,-7.91421360335129,1.5));
#4218=CARTESIAN_POINT('',(26.8786796564404,-6.5,1.5));
#4219=CARTESIAN_POINT('Origin',(26.2928933007698,-6.25,1.25));
#4220=CARTESIAN_POINT('',(26.2928933007698,-6.5,1.5));
#4221=CARTESIAN_POINT('Origin',(25.5000001639128,-10.,1.5));
#4222=CARTESIAN_POINT('Origin',(16.0000002235174,-9.41228675972854,3.5));
#4223=CARTESIAN_POINT('',(16.0000002235174,-15.,3.5));
#4224=CARTESIAN_POINT('',(16.0000002235174,-15.,1.));
#4225=CARTESIAN_POINT('',(16.0000002235174,-15.,1.75));
#4226=CARTESIAN_POINT('',(16.0000002235174,-12.66,3.5));
#4227=CARTESIAN_POINT('',(16.0000002235174,-9.70614337986427,3.5));
#4228=CARTESIAN_POINT('',(16.0000002235174,-9.41228675972854,3.5));
#4229=CARTESIAN_POINT('',(16.0000002235174,-11.0361433798643,3.5));
#4230=CARTESIAN_POINT('',(16.0000002235174,-9.41228675972854,1.));
#4231=CARTESIAN_POINT('',(16.0000002235174,-9.41228675972854,3.5));
#4232=CARTESIAN_POINT('',(16.0000002235174,-15.5877132402715,1.));
#4233=CARTESIAN_POINT('Origin',(13.2500002235174,-12.5,1.));
#4234=CARTESIAN_POINT('',(10.5000002235174,-15.,1.));
#4235=CARTESIAN_POINT('',(6.62500011175871,-15.,1.));
#4236=CARTESIAN_POINT('',(13.2500002235174,-7.82457351945707,1.));
#4237=CARTESIAN_POINT('',(16.0000002235174,-9.41228675972854,1.));
#4238=CARTESIAN_POINT('',(10.5000002235174,-9.41228675972853,1.));
#4239=CARTESIAN_POINT('',(13.2500002235174,-7.82457351945707,1.));
#4240=CARTESIAN_POINT('',(10.5000002235174,-9.41228675972853,1.));
#4241=CARTESIAN_POINT('',(11.5000002235174,-11.,1.));
#4242=CARTESIAN_POINT('Origin',(13.2500002235174,-11.,1.));
#4243=CARTESIAN_POINT('Origin',(13.2500002235174,-7.82457351945707,3.5));
#4244=CARTESIAN_POINT('',(13.2500002235174,-7.82457351945707,3.5));
#4245=CARTESIAN_POINT('',(18.7031506822689,-10.9729514047488,3.5));
#4246=CARTESIAN_POINT('',(13.2500002235174,-7.82457351945707,3.5));
#4247=CARTESIAN_POINT('Origin',(10.5000002235174,-9.41228675972853,3.5));
#4248=CARTESIAN_POINT('',(10.5000002235174,-9.41228675972853,3.5));
#4249=CARTESIAN_POINT('',(15.2343495971279,-6.67890887443682,3.5));
#4250=CARTESIAN_POINT('',(10.5000002235174,-9.41228675972853,3.5));
#4251=CARTESIAN_POINT('Origin',(10.5000002235174,-15.5877132402715,3.5));
#4252=CARTESIAN_POINT('',(10.5000002235174,-15.,1.75));
#4253=CARTESIAN_POINT('',(10.5000002235174,-14.1238566201357,3.5));
#4254=CARTESIAN_POINT('Origin',(0.,-15.,0.));
#4255=CARTESIAN_POINT('',(0.,-15.,0.));
#4256=CARTESIAN_POINT('',(27.5,-15.,3.5));
#4257=CARTESIAN_POINT('',(27.5,-15.,0.));
#4258=CARTESIAN_POINT('',(0.,-15.,3.5));
#4259=CARTESIAN_POINT('Origin',(29.,-12.0857864376269,0.));
#4260=CARTESIAN_POINT('',(29.,-12.0857864376269,0.));
#4261=CARTESIAN_POINT('Origin',(27.0857864376269,-14.,0.));
#4262=CARTESIAN_POINT('',(27.0857864376269,-14.,0.));
#4263=CARTESIAN_POINT('Origin',(22.0000003278255,-14.,0.));
#4264=CARTESIAN_POINT('Origin',(13.2500002235174,-11.,0.));
#4265=CARTESIAN_POINT('',(11.5000002235174,-11.,0.));
#4266=CARTESIAN_POINT('Origin',(30.,-7.5,0.));
#4267=CARTESIAN_POINT('',(27.5,-5.,3.5));
#4268=CARTESIAN_POINT('',(27.5,-5.,0.));
#4269=CARTESIAN_POINT('',(30.,-7.5,3.5));
#4270=CARTESIAN_POINT('',(27.5,-5.,3.5));
#4271=CARTESIAN_POINT('',(30.,-7.5,0.));
#4272=CARTESIAN_POINT('Origin',(30.,-12.5,0.));
#4273=CARTESIAN_POINT('',(30.,-12.5,3.5));
#4274=CARTESIAN_POINT('',(30.,-12.5,3.5));
#4275=CARTESIAN_POINT('',(30.,-12.5,0.));
#4276=CARTESIAN_POINT('Origin',(27.5,-15.,0.));
#4277=CARTESIAN_POINT('',(27.5,-15.,3.5));
#4278=CARTESIAN_POINT('Origin',(15.,-10.,3.5));
#4279=CARTESIAN_POINT('',(25.,-12.66,3.5));
#4280=CARTESIAN_POINT('',(0.,-12.66,3.5));
#4281=CARTESIAN_POINT('',(25.,-5.,3.5));
#4282=CARTESIAN_POINT('',(27.5,-5.,3.5));
#4283=CARTESIAN_POINT('',(25.,-12.66,3.5));
#4284=CARTESIAN_POINT('Origin',(4.5,-5.,7.5));
#4285=CARTESIAN_POINT('',(1.5,-5.,7.5));
#4286=CARTESIAN_POINT('Origin',(4.5,-5.,7.5));
#4287=CARTESIAN_POINT('',(1.5,-6.,7.5));
#4288=CARTESIAN_POINT('',(1.5,-5.,7.5));
#4289=CARTESIAN_POINT('Origin',(4.5,-6.,7.5));
#4290=CARTESIAN_POINT('Origin',(4.5,-6.,7.5));
#4291=CARTESIAN_POINT('',(2.,-6.,7.5));
#4292=CARTESIAN_POINT('Origin',(4.5,-6.,7.5));
#4293=CARTESIAN_POINT('Origin',(12.5,-5.,7.5));
#4294=CARTESIAN_POINT('',(9.5,-5.,7.5));
#4295=CARTESIAN_POINT('Origin',(12.5,-5.,7.5));
#4296=CARTESIAN_POINT('',(9.5,-6.,7.5));
#4297=CARTESIAN_POINT('',(9.5,-5.,7.5));
#4298=CARTESIAN_POINT('Origin',(12.5,-6.,7.5));
#4299=CARTESIAN_POINT('Origin',(12.5,-6.,7.5));
#4300=CARTESIAN_POINT('Origin',(20.5,-5.,7.5));
#4301=CARTESIAN_POINT('',(17.5,-5.,7.5));
#4302=CARTESIAN_POINT('Origin',(20.5,-5.,7.5));
#4303=CARTESIAN_POINT('',(17.5,-6.,7.5));
#4304=CARTESIAN_POINT('',(17.5,-5.,7.5));
#4305=CARTESIAN_POINT('Origin',(20.5,-6.,7.5));
#4306=CARTESIAN_POINT('Origin',(20.5,-6.,7.5));
#4307=CARTESIAN_POINT('',(18.,-6.,7.5));
#4308=CARTESIAN_POINT('Origin',(20.5,-6.,7.5));
#4309=CARTESIAN_POINT('Origin',(4.5,-12.66,7.5));
#4310=CARTESIAN_POINT('',(1.5,-12.66,7.5));
#4311=CARTESIAN_POINT('Origin',(4.5,-12.66,7.5));
#4312=CARTESIAN_POINT('',(1.5,-11.66,7.5));
#4313=CARTESIAN_POINT('',(1.5,-12.66,7.5));
#4314=CARTESIAN_POINT('Origin',(4.5,-11.66,7.5));
#4315=CARTESIAN_POINT('Origin',(4.5,-11.66,7.5));
#4316=CARTESIAN_POINT('',(2.,-11.66,7.5));
#4317=CARTESIAN_POINT('Origin',(4.5,-11.66,7.5));
#4318=CARTESIAN_POINT('Origin',(12.5,-11.66,7.5));
#4319=CARTESIAN_POINT('Origin',(20.5,-12.66,7.5));
#4320=CARTESIAN_POINT('',(17.5,-12.66,7.5));
#4321=CARTESIAN_POINT('Origin',(20.5,-12.66,7.5));
#4322=CARTESIAN_POINT('',(17.5,-11.66,7.5));
#4323=CARTESIAN_POINT('',(17.5,-12.66,7.5));
#4324=CARTESIAN_POINT('Origin',(20.5,-11.66,7.5));
#4325=CARTESIAN_POINT('Origin',(20.5,-11.66,7.5));
#4326=CARTESIAN_POINT('',(18.,-11.66,7.5));
#4327=CARTESIAN_POINT('Origin',(20.5,-11.66,7.5));
#4328=CARTESIAN_POINT('Origin',(4.5,-12.66,7.5));
#4329=CARTESIAN_POINT('',(2.,-12.66,7.5));
#4330=CARTESIAN_POINT('Origin',(20.5,-12.66,7.5));
#4331=CARTESIAN_POINT('',(18.,-12.66,7.5));
#4332=CARTESIAN_POINT('Origin',(0.,-12.66,3.5));
#4333=CARTESIAN_POINT('',(0.,-12.66,7.5));
#4334=CARTESIAN_POINT('',(0.,-12.66,7.5));
#4335=CARTESIAN_POINT('',(0.,-5.,7.5));
#4336=CARTESIAN_POINT('',(0.,-12.66,7.5));
#4337=CARTESIAN_POINT('',(0.,-5.,0.));
#4338=CARTESIAN_POINT('Origin',(25.,-12.66,3.5));
#4339=CARTESIAN_POINT('',(0.,-12.66,3.5));
#4340=CARTESIAN_POINT('',(0.,-12.66,3.5));
#4341=CARTESIAN_POINT('Origin',(25.,-12.66,7.5));
#4342=CARTESIAN_POINT('',(25.,-12.66,7.5));
#4343=CARTESIAN_POINT('',(25.,-12.66,3.5));
#4344=CARTESIAN_POINT('',(25.,-5.,7.5));
#4345=CARTESIAN_POINT('',(25.,-5.,3.5));
#4346=CARTESIAN_POINT('',(25.,-12.66,7.5));
#4347=CARTESIAN_POINT('Origin',(21.,-12.66,7.5));
#4348=CARTESIAN_POINT('',(21.,-12.66,11.5));
#4349=CARTESIAN_POINT('Origin',(21.,-12.66,7.5));
#4350=CARTESIAN_POINT('',(21.,-5.,11.5));
#4351=CARTESIAN_POINT('Origin',(21.,-5.,7.5));
#4352=CARTESIAN_POINT('',(21.,-12.66,11.5));
#4353=CARTESIAN_POINT('Origin',(4.,-12.66,11.5));
#4354=CARTESIAN_POINT('',(4.,-12.66,11.5));
#4355=CARTESIAN_POINT('',(21.,-12.66,11.5));
#4356=CARTESIAN_POINT('',(4.,-5.,11.5));
#4357=CARTESIAN_POINT('',(21.,-5.,11.5));
#4358=CARTESIAN_POINT('',(4.,-12.66,11.5));
#4359=CARTESIAN_POINT('Origin',(4.,-12.66,7.5));
#4360=CARTESIAN_POINT('Origin',(4.,-12.66,7.5));
#4361=CARTESIAN_POINT('Origin',(4.,-5.,7.5));
#4362=CARTESIAN_POINT('Origin',(12.5,-5.,7.5));
#4363=CARTESIAN_POINT('Origin',(12.5,-12.66,7.5));
#4364=CARTESIAN_POINT('Origin',(18.0917241995108,26.2282796701394,0.75));
#4365=CARTESIAN_POINT('',(14.8417241995108,26.2282796701394,1.5));
#4366=CARTESIAN_POINT('Origin',(18.0917241995108,26.2282796701394,1.5));
#4367=CARTESIAN_POINT('',(16.3417241995108,26.2282796701394,0.));
#4368=CARTESIAN_POINT('',(15.5917241995108,26.2282796701394,0.75));
#4369=CARTESIAN_POINT('Origin',(18.0917241995108,26.2282796701394,0.));
#4370=CARTESIAN_POINT('Origin',(18.0917241995108,26.2282796701394,0.));
#4371=CARTESIAN_POINT('',(16.3417241995108,26.2282796701394,-2.));
#4372=CARTESIAN_POINT('',(16.3417241995108,26.2282796701394,0.));
#4373=CARTESIAN_POINT('Origin',(18.0917241995108,26.2282796701394,-2.));
#4374=CARTESIAN_POINT('Origin',(12.0917241995108,25.2282796701394,1.5));
#4375=CARTESIAN_POINT('',(24.0917241995108,30.2282796701394,1.5));
#4376=CARTESIAN_POINT('',(0.0917241995108142,30.2282796701394,1.5));
#4377=CARTESIAN_POINT('',(12.0917241995108,30.2282796701394,1.5));
#4378=CARTESIAN_POINT('',(0.0917241995108142,20.2282796701394,1.5));
#4379=CARTESIAN_POINT('',(0.0917241995108142,30.2282796701394,1.5));
#4380=CARTESIAN_POINT('',(24.0917241995108,20.2282796701394,1.5));
#4381=CARTESIAN_POINT('',(0.0917241995108142,20.2282796701394,1.5));
#4382=CARTESIAN_POINT('',(24.0917241995108,30.2282796701394,1.5));
#4383=CARTESIAN_POINT('Origin',(12.0917241995108,20.2282796701394,0.));
#4384=CARTESIAN_POINT('',(12.0917241995108,30.2282796701394,0.));
#4385=CARTESIAN_POINT('',(12.0917241995108,20.2282796701394,0.));
#4386=CARTESIAN_POINT('',(12.0917241995108,22.7282796701394,0.));
#4387=CARTESIAN_POINT('',(12.0917241995108,30.2282796701394,-1.));
#4388=CARTESIAN_POINT('',(12.0917241995108,30.2282796701394,0.));
#4389=CARTESIAN_POINT('',(12.0917241995108,20.2282796701394,-1.));
#4390=CARTESIAN_POINT('',(12.0917241995108,20.2282796701394,-1.));
#4391=CARTESIAN_POINT('',(12.0917241995108,20.2282796701394,0.));
#4392=CARTESIAN_POINT('Origin',(18.0917241995108,25.2282796701394,-1.));
#4393=CARTESIAN_POINT('',(24.0917241995108,20.2282796701394,-1.));
#4394=CARTESIAN_POINT('',(24.0917241995108,20.2282796701394,-1.));
#4395=CARTESIAN_POINT('',(24.0917241995108,30.2282796701394,-1.));
#4396=CARTESIAN_POINT('',(0.0917241995108142,30.2282796701394,-1.));
#4397=CARTESIAN_POINT('',(24.0917241995108,30.2282796701394,-1.));
#4398=CARTESIAN_POINT('',(15.5917241995108,26.2282796701394,-1.));
#4399=CARTESIAN_POINT('Origin',(18.0917241995108,26.2282796701394,-1.));
#4400=CARTESIAN_POINT('Origin',(12.0917241995108,25.2282796701394,0.));
#4401=CARTESIAN_POINT('',(4.59172419951082,20.2282796701394,0.));
#4402=CARTESIAN_POINT('',(0.0917241995108142,20.2282796701394,0.));
#4403=CARTESIAN_POINT('',(4.59172419951082,30.2282796701394,0.));
#4404=CARTESIAN_POINT('',(4.59172419951082,27.7282796701394,0.));
#4405=CARTESIAN_POINT('',(12.0917241995108,30.2282796701394,0.));
#4406=CARTESIAN_POINT('Origin',(18.0917241995108,26.2282796701394,0.));
#4407=CARTESIAN_POINT('',(15.5917241995108,26.2282796701394,-2.));
#4408=CARTESIAN_POINT('Origin',(18.0917241995108,26.2282796701394,-2.));
#4409=CARTESIAN_POINT('',(15.5917241995108,26.2282796701394,0.));
#4410=CARTESIAN_POINT('Origin',(18.0917241995108,26.2282796701394,-2.));
#4411=CARTESIAN_POINT('Origin',(4.59172419951082,30.2282796701394,0.));
#4412=CARTESIAN_POINT('',(4.59172419951082,20.2282796701394,-2.));
#4413=CARTESIAN_POINT('',(4.59172419951082,20.2282796701394,0.));
#4414=CARTESIAN_POINT('',(4.59172419951082,30.2282796701394,-2.));
#4415=CARTESIAN_POINT('',(4.59172419951082,30.2282796701394,-2.));
#4416=CARTESIAN_POINT('',(4.59172419951082,30.2282796701394,0.));
#4417=CARTESIAN_POINT('Origin',(3.09172419951081,20.2282796701394,0.));
#4418=CARTESIAN_POINT('',(3.09172419951081,30.2282796701394,0.));
#4419=CARTESIAN_POINT('',(3.09172419951081,20.2282796701394,0.));
#4420=CARTESIAN_POINT('',(3.09172419951081,22.7282796701394,0.));
#4421=CARTESIAN_POINT('',(3.09172419951081,30.2282796701394,-2.));
#4422=CARTESIAN_POINT('',(3.09172419951081,30.2282796701394,0.));
#4423=CARTESIAN_POINT('',(3.09172419951081,20.2282796701394,-2.));
#4424=CARTESIAN_POINT('',(3.09172419951081,30.2282796701394,-2.));
#4425=CARTESIAN_POINT('',(3.09172419951081,20.2282796701394,0.));
#4426=CARTESIAN_POINT('Origin',(3.84172419951081,25.2282796701394,-2.));
#4427=CARTESIAN_POINT('',(4.59172419951082,30.2282796701394,-2.));
#4428=CARTESIAN_POINT('',(3.09172419951081,20.2282796701394,-2.));
#4429=CARTESIAN_POINT('Origin',(12.0917241995108,25.2282796701394,0.));
#4430=CARTESIAN_POINT('',(1.09172419951081,20.2282796701394,0.));
#4431=CARTESIAN_POINT('',(0.0917241995108142,20.2282796701394,0.));
#4432=CARTESIAN_POINT('',(1.09172419951081,30.2282796701394,0.));
#4433=CARTESIAN_POINT('',(1.09172419951082,27.7282796701394,0.));
#4434=CARTESIAN_POINT('',(12.0917241995108,30.2282796701394,0.));
#4435=CARTESIAN_POINT('Origin',(1.09172419951081,30.2282796701394,0.));
#4436=CARTESIAN_POINT('',(1.09172419951081,20.2282796701394,-2.));
#4437=CARTESIAN_POINT('',(1.09172419951081,20.2282796701394,0.));
#4438=CARTESIAN_POINT('',(1.09172419951081,30.2282796701394,-2.));
#4439=CARTESIAN_POINT('',(1.09172419951081,30.2282796701394,-2.));
#4440=CARTESIAN_POINT('',(1.09172419951081,30.2282796701394,0.));
#4441=CARTESIAN_POINT('Origin',(0.591724199510814,25.2282796701394,-2.));
#4442=CARTESIAN_POINT('',(0.0917241995108142,30.2282796701394,-2.));
#4443=CARTESIAN_POINT('',(1.09172419951081,30.2282796701394,-2.));
#4444=CARTESIAN_POINT('',(0.0917241995108142,20.2282796701394,-2.));
#4445=CARTESIAN_POINT('',(0.0917241995108142,20.2282796701394,-2.));
#4446=CARTESIAN_POINT('',(0.0917241995108142,30.2282796701394,-2.));
#4447=CARTESIAN_POINT('Origin',(24.0917241995108,20.2282796701394,0.));
#4448=CARTESIAN_POINT('',(24.0917241995108,30.2282796701394,0.));
#4449=CARTESIAN_POINT('',(24.0917241995108,20.2282796701394,0.));
#4450=CARTESIAN_POINT('Origin',(0.0917241995108142,20.2282796701394,0.));
#4451=CARTESIAN_POINT('',(0.0917241995108142,20.2282796701394,0.));
#4452=CARTESIAN_POINT('Origin',(0.0917241995108142,30.2282796701394,0.));
#4453=CARTESIAN_POINT('',(0.0917241995108142,30.2282796701394,0.));
#4454=CARTESIAN_POINT('Origin',(24.0917241995108,30.2282796701394,0.));
#4455=UNCERTAINTY_MEASURE_WITH_UNIT(LENGTH_MEASURE(0.01),#4459,
'DISTANCE_ACCURACY_VALUE',
'Maximum model space distance between geometric entities at asserted c
onnectivities');
#4456=UNCERTAINTY_MEASURE_WITH_UNIT(LENGTH_MEASURE(0.01),#4459,
'DISTANCE_ACCURACY_VALUE',
'Maximum model space distance between geometric entities at asserted c
onnectivities');
#4457=(
GEOMETRIC_REPRESENTATION_CONTEXT(3)
GLOBAL_UNCERTAINTY_ASSIGNED_CONTEXT((#4455))
GLOBAL_UNIT_ASSIGNED_CONTEXT((#4459,#4461,#4462))
REPRESENTATION_CONTEXT('','3D')
);
#4458=(
GEOMETRIC_REPRESENTATION_CONTEXT(3)
GLOBAL_UNCERTAINTY_ASSIGNED_CONTEXT((#4456))
GLOBAL_UNIT_ASSIGNED_CONTEXT((#4459,#4461,#4462))
REPRESENTATION_CONTEXT('','3D')
);
#4459=(
LENGTH_UNIT()
NAMED_UNIT(*)
SI_UNIT(.MILLI.,.METRE.)
);
#4460=(
LENGTH_UNIT()
NAMED_UNIT(*)
SI_UNIT($,.METRE.)
);
#4461=(
NAMED_UNIT(*)
PLANE_ANGLE_UNIT()
SI_UNIT($,.RADIAN.)
);
#4462=(
NAMED_UNIT(*)
SI_UNIT($,.STERADIAN.)
SOLID_ANGLE_UNIT()
);
#4463=SHAPE_DEFINITION_REPRESENTATION(#4464,#4465);
#4464=PRODUCT_DEFINITION_SHAPE('',$,#4467);
#4465=SHAPE_REPRESENTATION('',(#2674),#4457);
#4466=PRODUCT_DEFINITION_CONTEXT('part definition',#4471,'design');
#4467=PRODUCT_DEFINITION('Line_sensor','Line_sensor v9',#4468,#4466);
#4468=PRODUCT_DEFINITION_FORMATION('',$,#4473);
#4469=PRODUCT_RELATED_PRODUCT_CATEGORY('Line_sensor v9',
'Line_sensor v9',(#4473));
#4470=APPLICATION_PROTOCOL_DEFINITION('international standard',
'automotive_design',2009,#4471);
#4471=APPLICATION_CONTEXT(
'Core Data for Automotive Mechanical Design Process');
#4472=PRODUCT_CONTEXT('part definition',#4471,'mechanical');
#4473=PRODUCT('Line_sensor','Line_sensor v9',$,(#4472));
#4474=PRESENTATION_STYLE_ASSIGNMENT((#4475));
#4475=SURFACE_STYLE_USAGE(.BOTH.,#4476);
#4476=SURFACE_SIDE_STYLE('',(#4477));
#4477=SURFACE_STYLE_FILL_AREA(#4478);
#4478=FILL_AREA_STYLE('Steel - Satin',(#4479));
#4479=FILL_AREA_STYLE_COLOUR('Steel - Satin',#4480);
#4480=COLOUR_RGB('Steel - Satin',0.627450980392157,0.627450980392157,0.627450980392157);
ENDSEC;
END-ISO-10303-21;
