ISO-10303-21;
HEADER;
/* Generated by software containing ST-Developer
 * from STEP Tools, Inc. (www.steptools.com) 
 */

FILE_DESCRIPTION(
/* description */ (''),
/* implementation_level */ '2;1');

FILE_NAME(
/* name */ 'motor_DC.step',
/* time_stamp */ '2024-11-18T08:31:46+01:00',
/* author */ (''),
/* organization */ (''),
/* preprocessor_version */ 'ST-DEVELOPER v20',
/* originating_system */ 'Autodesk Translation Framework v13.20.0.188',

/* authorisation */ '');

FILE_SCHEMA (('AUTOMOTIVE_DESIGN { 1 0 10303 214 3 1 1 }'));
ENDSEC;

DATA;
#10=MECHANICAL_DESIGN_GEOMETRIC_PRESENTATION_REPRESENTATION('',(#13,#14),
#11829);
#11=SHAPE_REPRESENTATION_RELATIONSHIP('SRR','None',#11836,#12);
#12=ADVANCED_BREP_SHAPE_REPRESENTATION('',(#15,#16),#11828);
#13=STYLED_ITEM('',(#11845),#15);
#14=STYLED_ITEM('',(#11845),#16);
#15=MANIFOLD_SOLID_BREP('Body1',#6776);
#16=MANIFOLD_SOLID_BREP('Body2',#6777);
#17=FACE_BOUND('',#1996,.T.);
#18=FACE_BOUND('',#1997,.T.);
#19=FACE_BOUND('',#2017,.T.);
#20=FACE_BOUND('',#2021,.T.);
#21=FACE_BOUND('',#2025,.T.);
#22=FACE_BOUND('',#2027,.T.);
#23=FACE_BOUND('',#2028,.T.);
#24=FACE_BOUND('',#2029,.T.);
#25=FACE_BOUND('',#2034,.T.);
#26=FACE_BOUND('',#2039,.T.);
#27=FACE_BOUND('',#2041,.T.);
#28=FACE_BOUND('',#2042,.T.);
#29=FACE_BOUND('',#2051,.T.);
#30=FACE_BOUND('',#2055,.T.);
#31=FACE_BOUND('',#2062,.T.);
#32=FACE_BOUND('',#2069,.T.);
#33=FACE_BOUND('',#2072,.T.);
#34=FACE_BOUND('',#2083,.T.);
#35=FACE_BOUND('',#2086,.T.);
#36=FACE_BOUND('',#2104,.T.);
#37=FACE_BOUND('',#2115,.T.);
#38=FACE_BOUND('',#2118,.T.);
#39=FACE_BOUND('',#2129,.T.);
#40=FACE_BOUND('',#2133,.T.);
#41=FACE_BOUND('',#2134,.T.);
#42=FACE_BOUND('',#2135,.T.);
#43=FACE_BOUND('',#2136,.T.);
#44=FACE_BOUND('',#2152,.T.);
#45=FACE_BOUND('',#2156,.T.);
#46=FACE_BOUND('',#2160,.T.);
#47=FACE_BOUND('',#2164,.T.);
#48=FACE_BOUND('',#2168,.T.);
#49=FACE_BOUND('',#2179,.T.);
#50=FACE_BOUND('',#2181,.T.);
#51=FACE_BOUND('',#2183,.T.);
#52=FACE_BOUND('',#2185,.T.);
#53=FACE_BOUND('',#2187,.T.);
#54=FACE_BOUND('',#2210,.T.);
#55=FACE_BOUND('',#2211,.T.);
#56=FACE_BOUND('',#2212,.T.);
#57=FACE_BOUND('',#2213,.T.);
#58=FACE_BOUND('',#2214,.T.);
#59=FACE_BOUND('',#2215,.T.);
#60=FACE_BOUND('',#2216,.T.);
#61=FACE_BOUND('',#2217,.T.);
#62=FACE_BOUND('',#2222,.T.);
#63=FACE_BOUND('',#2225,.T.);
#64=FACE_BOUND('',#2229,.T.);
#65=FACE_BOUND('',#2233,.T.);
#66=FACE_BOUND('',#2234,.T.);
#67=FACE_BOUND('',#2235,.T.);
#68=FACE_BOUND('',#2236,.T.);
#69=FACE_BOUND('',#2237,.T.);
#70=FACE_BOUND('',#2238,.T.);
#71=FACE_BOUND('',#2239,.T.);
#72=FACE_BOUND('',#2249,.T.);
#73=FACE_BOUND('',#2250,.T.);
#74=FACE_BOUND('',#2258,.T.);
#75=FACE_BOUND('',#2262,.T.);
#76=FACE_BOUND('',#2266,.T.);
#77=FACE_BOUND('',#2268,.T.);
#78=FACE_BOUND('',#2269,.T.);
#79=FACE_BOUND('',#2270,.T.);
#80=FACE_BOUND('',#2275,.T.);
#81=FACE_BOUND('',#2280,.T.);
#82=FACE_BOUND('',#2282,.T.);
#83=FACE_BOUND('',#2283,.T.);
#84=FACE_BOUND('',#2292,.T.);
#85=FACE_BOUND('',#2296,.T.);
#86=FACE_BOUND('',#2303,.T.);
#87=FACE_BOUND('',#2310,.T.);
#88=FACE_BOUND('',#2313,.T.);
#89=FACE_BOUND('',#2324,.T.);
#90=FACE_BOUND('',#2327,.T.);
#91=FACE_BOUND('',#2345,.T.);
#92=FACE_BOUND('',#2356,.T.);
#93=FACE_BOUND('',#2359,.T.);
#94=FACE_BOUND('',#2370,.T.);
#95=FACE_BOUND('',#2374,.T.);
#96=FACE_BOUND('',#2375,.T.);
#97=FACE_BOUND('',#2376,.T.);
#98=FACE_BOUND('',#2377,.T.);
#99=FACE_BOUND('',#2394,.T.);
#100=FACE_BOUND('',#2398,.T.);
#101=FACE_BOUND('',#2402,.T.);
#102=FACE_BOUND('',#2406,.T.);
#103=FACE_BOUND('',#2410,.T.);
#104=FACE_BOUND('',#2421,.T.);
#105=FACE_BOUND('',#2423,.T.);
#106=FACE_BOUND('',#2425,.T.);
#107=FACE_BOUND('',#2427,.T.);
#108=FACE_BOUND('',#2429,.T.);
#109=ELLIPSE('',#6799,2.82842712474619,2.);
#110=ELLIPSE('',#6801,2.16478440058479,2.);
#111=ELLIPSE('',#6803,2.16478440058479,2.);
#112=ELLIPSE('',#6804,2.82842712474619,2.);
#113=ELLIPSE('',#6807,2.82842712474619,2.);
#114=ELLIPSE('',#6812,2.75771644662754,1.95);
#115=ELLIPSE('',#6814,2.75771644662754,1.95);
#116=PLANE('',#6796);
#117=PLANE('',#6810);
#118=PLANE('',#6811);
#119=PLANE('',#6813);
#120=PLANE('',#6815);
#121=PLANE('',#6816);
#122=PLANE('',#6817);
#123=PLANE('',#6823);
#124=PLANE('',#6837);
#125=PLANE('',#6844);
#126=PLANE('',#6849);
#127=PLANE('',#6850);
#128=PLANE('',#6856);
#129=PLANE('',#6858);
#130=PLANE('',#6861);
#131=PLANE('',#6868);
#132=PLANE('',#6870);
#133=PLANE('',#6874);
#134=PLANE('',#6880);
#135=PLANE('',#6881);
#136=PLANE('',#6892);
#137=PLANE('',#6895);
#138=PLANE('',#6899);
#139=PLANE('',#6902);
#140=PLANE('',#6904);
#141=PLANE('',#6908);
#142=PLANE('',#6910);
#143=PLANE('',#6915);
#144=PLANE('',#6920);
#145=PLANE('',#6927);
#146=PLANE('',#6932);
#147=PLANE('',#6934);
#148=PLANE('',#6935);
#149=PLANE('',#6936);
#150=PLANE('',#6940);
#151=PLANE('',#6945);
#152=PLANE('',#6952);
#153=PLANE('',#6959);
#154=PLANE('',#6964);
#155=PLANE('',#6969);
#156=PLANE('',#6974);
#157=PLANE('',#6979);
#158=PLANE('',#6985);
#159=PLANE('',#6992);
#160=PLANE('',#6997);
#161=PLANE('',#7002);
#162=PLANE('',#7012);
#163=PLANE('',#7015);
#164=PLANE('',#7020);
#165=PLANE('',#7026);
#166=PLANE('',#7031);
#167=PLANE('',#7035);
#168=PLANE('',#7039);
#169=PLANE('',#7043);
#170=PLANE('',#7047);
#171=PLANE('',#7052);
#172=PLANE('',#7057);
#173=PLANE('',#7061);
#174=PLANE('',#7065);
#175=PLANE('',#7069);
#176=PLANE('',#7073);
#177=PLANE('',#7075);
#178=PLANE('',#7076);
#179=PLANE('',#7077);
#180=PLANE('',#7078);
#181=PLANE('',#7080);
#182=PLANE('',#7082);
#183=PLANE('',#7084);
#184=PLANE('',#7086);
#185=PLANE('',#7087);
#186=PLANE('',#7093);
#187=PLANE('',#7094);
#188=PLANE('',#7099);
#189=PLANE('',#7100);
#190=PLANE('',#7105);
#191=PLANE('',#7106);
#192=PLANE('',#7111);
#193=PLANE('',#7112);
#194=PLANE('',#7117);
#195=PLANE('',#7118);
#196=PLANE('',#7132);
#197=PLANE('',#7135);
#198=PLANE('',#7136);
#199=PLANE('',#7138);
#200=PLANE('',#7140);
#201=PLANE('',#7142);
#202=PLANE('',#7144);
#203=PLANE('',#7146);
#204=PLANE('',#7147);
#205=PLANE('',#7148);
#206=PLANE('',#7155);
#207=PLANE('',#7158);
#208=PLANE('',#7161);
#209=PLANE('',#7164);
#210=PLANE('',#7171);
#211=PLANE('',#7172);
#212=PLANE('',#7175);
#213=PLANE('',#7178);
#214=PLANE('',#7188);
#215=PLANE('',#7195);
#216=PLANE('',#7205);
#217=PLANE('',#7208);
#218=PLANE('',#7209);
#219=PLANE('',#7220);
#220=PLANE('',#7227);
#221=PLANE('',#7233);
#222=PLANE('',#7234);
#223=PLANE('',#7236);
#224=PLANE('',#7245);
#225=PLANE('',#7247);
#226=PLANE('',#7251);
#227=PLANE('',#7259);
#228=PLANE('',#7261);
#229=PLANE('',#7267);
#230=PLANE('',#7273);
#231=PLANE('',#7274);
#232=PLANE('',#7285);
#233=PLANE('',#7288);
#234=PLANE('',#7292);
#235=PLANE('',#7295);
#236=PLANE('',#7297);
#237=PLANE('',#7300);
#238=PLANE('',#7302);
#239=PLANE('',#7307);
#240=PLANE('',#7312);
#241=PLANE('',#7319);
#242=PLANE('',#7324);
#243=PLANE('',#7326);
#244=PLANE('',#7327);
#245=PLANE('',#7328);
#246=PLANE('',#7332);
#247=PLANE('',#7337);
#248=PLANE('',#7344);
#249=PLANE('',#7351);
#250=PLANE('',#7356);
#251=PLANE('',#7361);
#252=PLANE('',#7366);
#253=PLANE('',#7371);
#254=PLANE('',#7377);
#255=PLANE('',#7384);
#256=PLANE('',#7389);
#257=PLANE('',#7394);
#258=PLANE('',#7404);
#259=PLANE('',#7407);
#260=PLANE('',#7412);
#261=PLANE('',#7418);
#262=PLANE('',#7423);
#263=PLANE('',#7427);
#264=PLANE('',#7431);
#265=PLANE('',#7435);
#266=PLANE('',#7439);
#267=PLANE('',#7444);
#268=PLANE('',#7449);
#269=PLANE('',#7453);
#270=PLANE('',#7457);
#271=PLANE('',#7461);
#272=PLANE('',#7465);
#273=PLANE('',#7467);
#274=PLANE('',#7468);
#275=PLANE('',#7469);
#276=PLANE('',#7470);
#277=PLANE('',#7472);
#278=PLANE('',#7474);
#279=PLANE('',#7476);
#280=PLANE('',#7478);
#281=PLANE('',#7479);
#282=PLANE('',#7481);
#283=PLANE('',#7486);
#284=PLANE('',#7487);
#285=PLANE('',#7492);
#286=PLANE('',#7493);
#287=PLANE('',#7498);
#288=PLANE('',#7499);
#289=PLANE('',#7504);
#290=PLANE('',#7505);
#291=PLANE('',#7510);
#292=PLANE('',#7511);
#293=PLANE('',#7525);
#294=PLANE('',#7528);
#295=PLANE('',#7529);
#296=PLANE('',#7531);
#297=PLANE('',#7533);
#298=PLANE('',#7535);
#299=PLANE('',#7537);
#300=PLANE('',#7539);
#301=PLANE('',#7540);
#302=PLANE('',#7544);
#303=PLANE('',#7546);
#304=PLANE('',#7548);
#305=PLANE('',#7550);
#306=PLANE('',#7554);
#307=PLANE('',#7555);
#308=PLANE('',#7557);
#309=LINE('',#9681,#866);
#310=LINE('',#9684,#867);
#311=LINE('',#9687,#868);
#312=LINE('',#9691,#869);
#313=LINE('',#9692,#870);
#314=LINE('',#9695,#871);
#315=LINE('',#9697,#872);
#316=LINE('',#9701,#873);
#317=LINE('',#9704,#874);
#318=LINE('',#9708,#875);
#319=LINE('',#9712,#876);
#320=LINE('',#9717,#877);
#321=LINE('',#9721,#878);
#322=LINE('',#9724,#879);
#323=LINE('',#9725,#880);
#324=LINE('',#9727,#881);
#325=LINE('',#9728,#882);
#326=LINE('',#9731,#883);
#327=LINE('',#9733,#884);
#328=LINE('',#9734,#885);
#329=LINE('',#9737,#886);
#330=LINE('',#9741,#887);
#331=LINE('',#9742,#888);
#332=LINE('',#9745,#889);
#333=LINE('',#9746,#890);
#334=LINE('',#9750,#891);
#335=LINE('',#9752,#892);
#336=LINE('',#9753,#893);
#337=LINE('',#9755,#894);
#338=LINE('',#9756,#895);
#339=LINE('',#9759,#896);
#340=LINE('',#9761,#897);
#341=LINE('',#9765,#898);
#342=LINE('',#9769,#899);
#343=LINE('',#9773,#900);
#344=LINE('',#9775,#901);
#345=LINE('',#9776,#902);
#346=LINE('',#9783,#903);
#347=LINE('',#9787,#904);
#348=LINE('',#9791,#905);
#349=LINE('',#9795,#906);
#350=LINE('',#9800,#907);
#351=LINE('',#9803,#908);
#352=LINE('',#9809,#909);
#353=LINE('',#9815,#910);
#354=LINE('',#9820,#911);
#355=LINE('',#9824,#912);
#356=LINE('',#9828,#913);
#357=LINE('',#9831,#914);
#358=LINE('',#9834,#915);
#359=LINE('',#9837,#916);
#360=LINE('',#9839,#917);
#361=LINE('',#9841,#918);
#362=LINE('',#9843,#919);
#363=LINE('',#9847,#920);
#364=LINE('',#9849,#921);
#365=LINE('',#9851,#922);
#366=LINE('',#9853,#923);
#367=LINE('',#9855,#924);
#368=LINE('',#9857,#925);
#369=LINE('',#9861,#926);
#370=LINE('',#9863,#927);
#371=LINE('',#9865,#928);
#372=LINE('',#9867,#929);
#373=LINE('',#9868,#930);
#374=LINE('',#9870,#931);
#375=LINE('',#9871,#932);
#376=LINE('',#9891,#933);
#377=LINE('',#9907,#934);
#378=LINE('',#9910,#935);
#379=LINE('',#9913,#936);
#380=LINE('',#9916,#937);
#381=LINE('',#9919,#938);
#382=LINE('',#9920,#939);
#383=LINE('',#9935,#940);
#384=LINE('',#9939,#941);
#385=LINE('',#9945,#942);
#386=LINE('',#9959,#943);
#387=LINE('',#9963,#944);
#388=LINE('',#9974,#945);
#389=LINE('',#9978,#946);
#390=LINE('',#9997,#947);
#391=LINE('',#10000,#948);
#392=LINE('',#10006,#949);
#393=LINE('',#10009,#950);
#394=LINE('',#10012,#951);
#395=LINE('',#10016,#952);
#396=LINE('',#10017,#953);
#397=LINE('',#10019,#954);
#398=LINE('',#10020,#955);
#399=LINE('',#10022,#956);
#400=LINE('',#10026,#957);
#401=LINE('',#10028,#958);
#402=LINE('',#10030,#959);
#403=LINE('',#10032,#960);
#404=LINE('',#10034,#961);
#405=LINE('',#10036,#962);
#406=LINE('',#10038,#963);
#407=LINE('',#10040,#964);
#408=LINE('',#10042,#965);
#409=LINE('',#10044,#966);
#410=LINE('',#10046,#967);
#411=LINE('',#10048,#968);
#412=LINE('',#10050,#969);
#413=LINE('',#10052,#970);
#414=LINE('',#10054,#971);
#415=LINE('',#10056,#972);
#416=LINE('',#10058,#973);
#417=LINE('',#10060,#974);
#418=LINE('',#10062,#975);
#419=LINE('',#10067,#976);
#420=LINE('',#10071,#977);
#421=LINE('',#10075,#978);
#422=LINE('',#10079,#979);
#423=LINE('',#10088,#980);
#424=LINE('',#10096,#981);
#425=LINE('',#10098,#982);
#426=LINE('',#10101,#983);
#427=LINE('',#10110,#984);
#428=LINE('',#10112,#985);
#429=LINE('',#10114,#986);
#430=LINE('',#10116,#987);
#431=LINE('',#10118,#988);
#432=LINE('',#10120,#989);
#433=LINE('',#10122,#990);
#434=LINE('',#10124,#991);
#435=LINE('',#10126,#992);
#436=LINE('',#10128,#993);
#437=LINE('',#10130,#994);
#438=LINE('',#10132,#995);
#439=LINE('',#10134,#996);
#440=LINE('',#10136,#997);
#441=LINE('',#10138,#998);
#442=LINE('',#10140,#999);
#443=LINE('',#10142,#1000);
#444=LINE('',#10144,#1001);
#445=LINE('',#10146,#1002);
#446=LINE('',#10148,#1003);
#447=LINE('',#10150,#1004);
#448=LINE('',#10152,#1005);
#449=LINE('',#10156,#1006);
#450=LINE('',#10160,#1007);
#451=LINE('',#10161,#1008);
#452=LINE('',#10164,#1009);
#453=LINE('',#10167,#1010);
#454=LINE('',#10177,#1011);
#455=LINE('',#10188,#1012);
#456=LINE('',#10198,#1013);
#457=LINE('',#10203,#1014);
#458=LINE('',#10205,#1015);
#459=LINE('',#10206,#1016);
#460=LINE('',#10212,#1017);
#461=LINE('',#10215,#1018);
#462=LINE('',#10218,#1019);
#463=LINE('',#10221,#1020);
#464=LINE('',#10227,#1021);
#465=LINE('',#10230,#1022);
#466=LINE('',#10233,#1023);
#467=LINE('',#10236,#1024);
#468=LINE('',#10241,#1025);
#469=LINE('',#10252,#1026);
#470=LINE('',#10264,#1027);
#471=LINE('',#10267,#1028);
#472=LINE('',#10270,#1029);
#473=LINE('',#10273,#1030);
#474=LINE('',#10279,#1031);
#475=LINE('',#10282,#1032);
#476=LINE('',#10285,#1033);
#477=LINE('',#10288,#1034);
#478=LINE('',#10294,#1035);
#479=LINE('',#10297,#1036);
#480=LINE('',#10300,#1037);
#481=LINE('',#10303,#1038);
#482=LINE('',#10308,#1039);
#483=LINE('',#10312,#1040);
#484=LINE('',#10318,#1041);
#485=LINE('',#10347,#1042);
#486=LINE('',#10359,#1043);
#487=LINE('',#10362,#1044);
#488=LINE('',#10365,#1045);
#489=LINE('',#10368,#1046);
#490=LINE('',#10387,#1047);
#491=LINE('',#10391,#1048);
#492=LINE('',#10394,#1049);
#493=LINE('',#10397,#1050);
#494=LINE('',#10400,#1051);
#495=LINE('',#10403,#1052);
#496=LINE('',#10406,#1053);
#497=LINE('',#10409,#1054);
#498=LINE('',#10412,#1055);
#499=LINE('',#10415,#1056);
#500=LINE('',#10418,#1057);
#501=LINE('',#10420,#1058);
#502=LINE('',#10422,#1059);
#503=LINE('',#10424,#1060);
#504=LINE('',#10426,#1061);
#505=LINE('',#10427,#1062);
#506=LINE('',#10428,#1063);
#507=LINE('',#10432,#1064);
#508=LINE('',#10435,#1065);
#509=LINE('',#10437,#1066);
#510=LINE('',#10439,#1067);
#511=LINE('',#10441,#1068);
#512=LINE('',#10443,#1069);
#513=LINE('',#10444,#1070);
#514=LINE('',#10445,#1071);
#515=LINE('',#10450,#1072);
#516=LINE('',#10453,#1073);
#517=LINE('',#10456,#1074);
#518=LINE('',#10458,#1075);
#519=LINE('',#10460,#1076);
#520=LINE('',#10462,#1077);
#521=LINE('',#10463,#1078);
#522=LINE('',#10464,#1079);
#523=LINE('',#10468,#1080);
#524=LINE('',#10473,#1081);
#525=LINE('',#10483,#1082);
#526=LINE('',#10486,#1083);
#527=LINE('',#10488,#1084);
#528=LINE('',#10489,#1085);
#529=LINE('',#10495,#1086);
#530=LINE('',#10498,#1087);
#531=LINE('',#10500,#1088);
#532=LINE('',#10501,#1089);
#533=LINE('',#10507,#1090);
#534=LINE('',#10509,#1091);
#535=LINE('',#10515,#1092);
#536=LINE('',#10517,#1093);
#537=LINE('',#10522,#1094);
#538=LINE('',#10531,#1095);
#539=LINE('',#10540,#1096);
#540=LINE('',#10543,#1097);
#541=LINE('',#10548,#1098);
#542=LINE('',#10551,#1099);
#543=LINE('',#10564,#1100);
#544=LINE('',#10570,#1101);
#545=LINE('',#10571,#1102);
#546=LINE('',#10573,#1103);
#547=LINE('',#10574,#1104);
#548=LINE('',#10576,#1105);
#549=LINE('',#10577,#1106);
#550=LINE('',#10578,#1107);
#551=LINE('',#10581,#1108);
#552=LINE('',#10584,#1109);
#553=LINE('',#10587,#1110);
#554=LINE('',#10590,#1111);
#555=LINE('',#10592,#1112);
#556=LINE('',#10594,#1113);
#557=LINE('',#10596,#1114);
#558=LINE('',#10598,#1115);
#559=LINE('',#10603,#1116);
#560=LINE('',#10613,#1117);
#561=LINE('',#10623,#1118);
#562=LINE('',#10633,#1119);
#563=LINE('',#10643,#1120);
#564=LINE('',#10651,#1121);
#565=LINE('',#10655,#1122);
#566=LINE('',#10659,#1123);
#567=LINE('',#10663,#1124);
#568=LINE('',#10667,#1125);
#569=LINE('',#10672,#1126);
#570=LINE('',#10677,#1127);
#571=LINE('',#10695,#1128);
#572=LINE('',#10697,#1129);
#573=LINE('',#10702,#1130);
#574=LINE('',#10706,#1131);
#575=LINE('',#10709,#1132);
#576=LINE('',#10712,#1133);
#577=LINE('',#10715,#1134);
#578=LINE('',#10716,#1135);
#579=LINE('',#10720,#1136);
#580=LINE('',#10723,#1137);
#581=LINE('',#10724,#1138);
#582=LINE('',#10728,#1139);
#583=LINE('',#10731,#1140);
#584=LINE('',#10732,#1141);
#585=LINE('',#10736,#1142);
#586=LINE('',#10738,#1143);
#587=LINE('',#10742,#1144);
#588=LINE('',#10746,#1145);
#589=LINE('',#10750,#1146);
#590=LINE('',#10753,#1147);
#591=LINE('',#10755,#1148);
#592=LINE('',#10756,#1149);
#593=LINE('',#10758,#1150);
#594=LINE('',#10762,#1151);
#595=LINE('',#10765,#1152);
#596=LINE('',#10766,#1153);
#597=LINE('',#10774,#1154);
#598=LINE('',#10780,#1155);
#599=LINE('',#10786,#1156);
#600=LINE('',#10791,#1157);
#601=LINE('',#10799,#1158);
#602=LINE('',#10802,#1159);
#603=LINE('',#10804,#1160);
#604=LINE('',#10807,#1161);
#605=LINE('',#10811,#1162);
#606=LINE('',#10819,#1163);
#607=LINE('',#10822,#1164);
#608=LINE('',#10824,#1165);
#609=LINE('',#10827,#1166);
#610=LINE('',#10832,#1167);
#611=LINE('',#10837,#1168);
#612=LINE('',#10840,#1169);
#613=LINE('',#10843,#1170);
#614=LINE('',#10845,#1171);
#615=LINE('',#10847,#1172);
#616=LINE('',#10849,#1173);
#617=LINE('',#10850,#1174);
#618=LINE('',#10851,#1175);
#619=LINE('',#10854,#1176);
#620=LINE('',#10856,#1177);
#621=LINE('',#10858,#1178);
#622=LINE('',#10862,#1179);
#623=LINE('',#10863,#1180);
#624=LINE('',#10864,#1181);
#625=LINE('',#10871,#1182);
#626=LINE('',#10875,#1183);
#627=LINE('',#10879,#1184);
#628=LINE('',#10883,#1185);
#629=LINE('',#10894,#1186);
#630=LINE('',#10898,#1187);
#631=LINE('',#10902,#1188);
#632=LINE('',#10904,#1189);
#633=LINE('',#10908,#1190);
#634=LINE('',#10911,#1191);
#635=LINE('',#10913,#1192);
#636=LINE('',#10915,#1193);
#637=LINE('',#10917,#1194);
#638=LINE('',#10919,#1195);
#639=LINE('',#10921,#1196);
#640=LINE('',#10923,#1197);
#641=LINE('',#10925,#1198);
#642=LINE('',#10927,#1199);
#643=LINE('',#10929,#1200);
#644=LINE('',#10933,#1201);
#645=LINE('',#10935,#1202);
#646=LINE('',#10937,#1203);
#647=LINE('',#10939,#1204);
#648=LINE('',#10941,#1205);
#649=LINE('',#10943,#1206);
#650=LINE('',#10947,#1207);
#651=LINE('',#10948,#1208);
#652=LINE('',#10968,#1209);
#653=LINE('',#10969,#1210);
#654=LINE('',#10972,#1211);
#655=LINE('',#10974,#1212);
#656=LINE('',#10978,#1213);
#657=LINE('',#10989,#1214);
#658=LINE('',#10993,#1215);
#659=LINE('',#11008,#1216);
#660=LINE('',#11010,#1217);
#661=LINE('',#11014,#1218);
#662=LINE('',#11015,#1219);
#663=LINE('',#11033,#1220);
#664=LINE('',#11037,#1221);
#665=LINE('',#11043,#1222);
#666=LINE('',#11052,#1223);
#667=LINE('',#11056,#1224);
#668=LINE('',#11075,#1225);
#669=LINE('',#11080,#1226);
#670=LINE('',#11084,#1227);
#671=LINE('',#11088,#1228);
#672=LINE('',#11112,#1229);
#673=LINE('',#11115,#1230);
#674=LINE('',#11119,#1231);
#675=LINE('',#11121,#1232);
#676=LINE('',#11123,#1233);
#677=LINE('',#11124,#1234);
#678=LINE('',#11126,#1235);
#679=LINE('',#11127,#1236);
#680=LINE('',#11130,#1237);
#681=LINE('',#11132,#1238);
#682=LINE('',#11134,#1239);
#683=LINE('',#11136,#1240);
#684=LINE('',#11138,#1241);
#685=LINE('',#11140,#1242);
#686=LINE('',#11142,#1243);
#687=LINE('',#11144,#1244);
#688=LINE('',#11146,#1245);
#689=LINE('',#11148,#1246);
#690=LINE('',#11150,#1247);
#691=LINE('',#11152,#1248);
#692=LINE('',#11154,#1249);
#693=LINE('',#11156,#1250);
#694=LINE('',#11158,#1251);
#695=LINE('',#11160,#1252);
#696=LINE('',#11162,#1253);
#697=LINE('',#11163,#1254);
#698=LINE('',#11164,#1255);
#699=LINE('',#11167,#1256);
#700=LINE('',#11172,#1257);
#701=LINE('',#11176,#1258);
#702=LINE('',#11180,#1259);
#703=LINE('',#11184,#1260);
#704=LINE('',#11193,#1261);
#705=LINE('',#11200,#1262);
#706=LINE('',#11203,#1263);
#707=LINE('',#11206,#1264);
#708=LINE('',#11213,#1265);
#709=LINE('',#11214,#1266);
#710=LINE('',#11216,#1267);
#711=LINE('',#11220,#1268);
#712=LINE('',#11222,#1269);
#713=LINE('',#11224,#1270);
#714=LINE('',#11226,#1271);
#715=LINE('',#11228,#1272);
#716=LINE('',#11230,#1273);
#717=LINE('',#11232,#1274);
#718=LINE('',#11234,#1275);
#719=LINE('',#11236,#1276);
#720=LINE('',#11238,#1277);
#721=LINE('',#11240,#1278);
#722=LINE('',#11242,#1279);
#723=LINE('',#11244,#1280);
#724=LINE('',#11246,#1281);
#725=LINE('',#11248,#1282);
#726=LINE('',#11250,#1283);
#727=LINE('',#11252,#1284);
#728=LINE('',#11254,#1285);
#729=LINE('',#11256,#1286);
#730=LINE('',#11257,#1287);
#731=LINE('',#11259,#1288);
#732=LINE('',#11263,#1289);
#733=LINE('',#11266,#1290);
#734=LINE('',#11276,#1291);
#735=LINE('',#11287,#1292);
#736=LINE('',#11297,#1293);
#737=LINE('',#11301,#1294);
#738=LINE('',#11302,#1295);
#739=LINE('',#11308,#1296);
#740=LINE('',#11311,#1297);
#741=LINE('',#11314,#1298);
#742=LINE('',#11316,#1299);
#743=LINE('',#11323,#1300);
#744=LINE('',#11326,#1301);
#745=LINE('',#11329,#1302);
#746=LINE('',#11331,#1303);
#747=LINE('',#11337,#1304);
#748=LINE('',#11348,#1305);
#749=LINE('',#11360,#1306);
#750=LINE('',#11363,#1307);
#751=LINE('',#11366,#1308);
#752=LINE('',#11368,#1309);
#753=LINE('',#11375,#1310);
#754=LINE('',#11378,#1311);
#755=LINE('',#11381,#1312);
#756=LINE('',#11383,#1313);
#757=LINE('',#11390,#1314);
#758=LINE('',#11393,#1315);
#759=LINE('',#11396,#1316);
#760=LINE('',#11398,#1317);
#761=LINE('',#11405,#1318);
#762=LINE('',#11408,#1319);
#763=LINE('',#11414,#1320);
#764=LINE('',#11443,#1321);
#765=LINE('',#11455,#1322);
#766=LINE('',#11458,#1323);
#767=LINE('',#11461,#1324);
#768=LINE('',#11463,#1325);
#769=LINE('',#11470,#1326);
#770=LINE('',#11486,#1327);
#771=LINE('',#11490,#1328);
#772=LINE('',#11493,#1329);
#773=LINE('',#11496,#1330);
#774=LINE('',#11499,#1331);
#775=LINE('',#11502,#1332);
#776=LINE('',#11505,#1333);
#777=LINE('',#11508,#1334);
#778=LINE('',#11511,#1335);
#779=LINE('',#11513,#1336);
#780=LINE('',#11515,#1337);
#781=LINE('',#11517,#1338);
#782=LINE('',#11519,#1339);
#783=LINE('',#11521,#1340);
#784=LINE('',#11523,#1341);
#785=LINE('',#11524,#1342);
#786=LINE('',#11527,#1343);
#787=LINE('',#11530,#1344);
#788=LINE('',#11532,#1345);
#789=LINE('',#11534,#1346);
#790=LINE('',#11536,#1347);
#791=LINE('',#11538,#1348);
#792=LINE('',#11540,#1349);
#793=LINE('',#11541,#1350);
#794=LINE('',#11546,#1351);
#795=LINE('',#11549,#1352);
#796=LINE('',#11551,#1353);
#797=LINE('',#11553,#1354);
#798=LINE('',#11555,#1355);
#799=LINE('',#11557,#1356);
#800=LINE('',#11559,#1357);
#801=LINE('',#11560,#1358);
#802=LINE('',#11563,#1359);
#803=LINE('',#11569,#1360);
#804=LINE('',#11579,#1361);
#805=LINE('',#11582,#1362);
#806=LINE('',#11584,#1363);
#807=LINE('',#11585,#1364);
#808=LINE('',#11591,#1365);
#809=LINE('',#11594,#1366);
#810=LINE('',#11596,#1367);
#811=LINE('',#11597,#1368);
#812=LINE('',#11602,#1369);
#813=LINE('',#11605,#1370);
#814=LINE('',#11610,#1371);
#815=LINE('',#11613,#1372);
#816=LINE('',#11618,#1373);
#817=LINE('',#11627,#1374);
#818=LINE('',#11637,#1375);
#819=LINE('',#11639,#1376);
#820=LINE('',#11645,#1377);
#821=LINE('',#11647,#1378);
#822=LINE('',#11660,#1379);
#823=LINE('',#11666,#1380);
#824=LINE('',#11667,#1381);
#825=LINE('',#11669,#1382);
#826=LINE('',#11670,#1383);
#827=LINE('',#11672,#1384);
#828=LINE('',#11673,#1385);
#829=LINE('',#11676,#1386);
#830=LINE('',#11679,#1387);
#831=LINE('',#11682,#1388);
#832=LINE('',#11685,#1389);
#833=LINE('',#11687,#1390);
#834=LINE('',#11689,#1391);
#835=LINE('',#11691,#1392);
#836=LINE('',#11692,#1393);
#837=LINE('',#11694,#1394);
#838=LINE('',#11696,#1395);
#839=LINE('',#11701,#1396);
#840=LINE('',#11711,#1397);
#841=LINE('',#11721,#1398);
#842=LINE('',#11731,#1399);
#843=LINE('',#11741,#1400);
#844=LINE('',#11749,#1401);
#845=LINE('',#11753,#1402);
#846=LINE('',#11757,#1403);
#847=LINE('',#11761,#1404);
#848=LINE('',#11765,#1405);
#849=LINE('',#11770,#1406);
#850=LINE('',#11775,#1407);
#851=LINE('',#11795,#1408);
#852=LINE('',#11797,#1409);
#853=LINE('',#11799,#1410);
#854=LINE('',#11800,#1411);
#855=LINE('',#11802,#1412);
#856=LINE('',#11804,#1413);
#857=LINE('',#11806,#1414);
#858=LINE('',#11808,#1415);
#859=LINE('',#11810,#1416);
#860=LINE('',#11812,#1417);
#861=LINE('',#11815,#1418);
#862=LINE('',#11817,#1419);
#863=LINE('',#11819,#1420);
#864=LINE('',#11821,#1421);
#865=LINE('',#11824,#1422);
#866=VECTOR('',#7568,10.);
#867=VECTOR('',#7571,10.);
#868=VECTOR('',#7574,10.);
#869=VECTOR('',#7577,10.);
#870=VECTOR('',#7578,10.);
#871=VECTOR('',#7581,10.);
#872=VECTOR('',#7582,10.);
#873=VECTOR('',#7587,10.);
#874=VECTOR('',#7590,10.);
#875=VECTOR('',#7593,10.);
#876=VECTOR('',#7596,10.);
#877=VECTOR('',#7601,10.);
#878=VECTOR('',#7604,10.);
#879=VECTOR('',#7609,10.);
#880=VECTOR('',#7610,10.);
#881=VECTOR('',#7613,10.);
#882=VECTOR('',#7614,10.);
#883=VECTOR('',#7617,10.);
#884=VECTOR('',#7618,10.);
#885=VECTOR('',#7619,10.);
#886=VECTOR('',#7622,10.);
#887=VECTOR('',#7625,10.);
#888=VECTOR('',#7626,10.);
#889=VECTOR('',#7629,10.);
#890=VECTOR('',#7630,10.);
#891=VECTOR('',#7635,10.);
#892=VECTOR('',#7636,10.);
#893=VECTOR('',#7637,10.);
#894=VECTOR('',#7640,10.);
#895=VECTOR('',#7641,10.);
#896=VECTOR('',#7644,10.);
#897=VECTOR('',#7645,10.);
#898=VECTOR('',#7648,10.);
#899=VECTOR('',#7651,10.);
#900=VECTOR('',#7654,10.);
#901=VECTOR('',#7655,10.);
#902=VECTOR('',#7656,10.);
#903=VECTOR('',#7663,10.);
#904=VECTOR('',#7666,10.);
#905=VECTOR('',#7669,10.);
#906=VECTOR('',#7672,10.);
#907=VECTOR('',#7677,10.);
#908=VECTOR('',#7680,1.95);
#909=VECTOR('',#7687,1.95);
#910=VECTOR('',#7694,1.95);
#911=VECTOR('',#7699,10.);
#912=VECTOR('',#7702,10.);
#913=VECTOR('',#7707,10.);
#914=VECTOR('',#7710,10.);
#915=VECTOR('',#7713,10.);
#916=VECTOR('',#7716,10.);
#917=VECTOR('',#7719,10.);
#918=VECTOR('',#7720,10.);
#919=VECTOR('',#7721,10.);
#920=VECTOR('',#7724,10.);
#921=VECTOR('',#7725,10.);
#922=VECTOR('',#7726,10.);
#923=VECTOR('',#7727,10.);
#924=VECTOR('',#7728,10.);
#925=VECTOR('',#7729,10.);
#926=VECTOR('',#7732,10.);
#927=VECTOR('',#7733,10.);
#928=VECTOR('',#7734,10.);
#929=VECTOR('',#7735,10.);
#930=VECTOR('',#7736,10.);
#931=VECTOR('',#7737,10.);
#932=VECTOR('',#7738,10.);
#933=VECTOR('',#7751,10.);
#934=VECTOR('',#7756,10.);
#935=VECTOR('',#7759,10.);
#936=VECTOR('',#7762,10.);
#937=VECTOR('',#7765,10.);
#938=VECTOR('',#7768,10.);
#939=VECTOR('',#7769,10.);
#940=VECTOR('',#7772,10.);
#941=VECTOR('',#7777,10.);
#942=VECTOR('',#7784,3.);
#943=VECTOR('',#7787,10.);
#944=VECTOR('',#7790,10.);
#945=VECTOR('',#7799,10.);
#946=VECTOR('',#7804,3.);
#947=VECTOR('',#7805,10.);
#948=VECTOR('',#7808,10.);
#949=VECTOR('',#7815,10.);
#950=VECTOR('',#7818,10.);
#951=VECTOR('',#7821,10.);
#952=VECTOR('',#7826,10.);
#953=VECTOR('',#7827,10.);
#954=VECTOR('',#7828,10.);
#955=VECTOR('',#7829,10.);
#956=VECTOR('',#7832,10.);
#957=VECTOR('',#7835,10.);
#958=VECTOR('',#7836,10.);
#959=VECTOR('',#7837,10.);
#960=VECTOR('',#7838,10.);
#961=VECTOR('',#7839,10.);
#962=VECTOR('',#7840,10.);
#963=VECTOR('',#7841,10.);
#964=VECTOR('',#7842,10.);
#965=VECTOR('',#7843,10.);
#966=VECTOR('',#7844,10.);
#967=VECTOR('',#7845,10.);
#968=VECTOR('',#7846,10.);
#969=VECTOR('',#7847,10.);
#970=VECTOR('',#7848,10.);
#971=VECTOR('',#7849,10.);
#972=VECTOR('',#7850,10.);
#973=VECTOR('',#7851,10.);
#974=VECTOR('',#7852,10.);
#975=VECTOR('',#7855,10.);
#976=VECTOR('',#7858,10.);
#977=VECTOR('',#7861,10.);
#978=VECTOR('',#7864,10.);
#979=VECTOR('',#7867,10.);
#980=VECTOR('',#7880,3.);
#981=VECTOR('',#7891,10.);
#982=VECTOR('',#7894,10.);
#983=VECTOR('',#7897,3.);
#984=VECTOR('',#7908,10.);
#985=VECTOR('',#7909,10.);
#986=VECTOR('',#7910,10.);
#987=VECTOR('',#7911,10.);
#988=VECTOR('',#7912,10.);
#989=VECTOR('',#7913,10.);
#990=VECTOR('',#7914,10.);
#991=VECTOR('',#7915,10.);
#992=VECTOR('',#7916,10.);
#993=VECTOR('',#7917,10.);
#994=VECTOR('',#7918,10.);
#995=VECTOR('',#7919,10.);
#996=VECTOR('',#7920,10.);
#997=VECTOR('',#7921,10.);
#998=VECTOR('',#7922,10.);
#999=VECTOR('',#7923,10.);
#1000=VECTOR('',#7924,10.);
#1001=VECTOR('',#7925,10.);
#1002=VECTOR('',#7926,10.);
#1003=VECTOR('',#7927,10.);
#1004=VECTOR('',#7928,10.);
#1005=VECTOR('',#7929,10.);
#1006=VECTOR('',#7932,10.);
#1007=VECTOR('',#7935,10.);
#1008=VECTOR('',#7936,10.);
#1009=VECTOR('',#7941,2.5);
#1010=VECTOR('',#7946,2.5);
#1011=VECTOR('',#7961,3.);
#1012=VECTOR('',#7976,3.);
#1013=VECTOR('',#7993,2.5);
#1014=VECTOR('',#8000,10.);
#1015=VECTOR('',#8001,10.);
#1016=VECTOR('',#8002,10.);
#1017=VECTOR('',#8007,10.);
#1018=VECTOR('',#8010,10.);
#1019=VECTOR('',#8013,10.);
#1020=VECTOR('',#8016,10.);
#1021=VECTOR('',#8021,10.);
#1022=VECTOR('',#8024,10.);
#1023=VECTOR('',#8027,10.);
#1024=VECTOR('',#8030,10.);
#1025=VECTOR('',#8035,3.);
#1026=VECTOR('',#8050,3.);
#1027=VECTOR('',#8065,10.);
#1028=VECTOR('',#8068,10.);
#1029=VECTOR('',#8071,10.);
#1030=VECTOR('',#8074,10.);
#1031=VECTOR('',#8079,10.);
#1032=VECTOR('',#8082,10.);
#1033=VECTOR('',#8085,10.);
#1034=VECTOR('',#8088,10.);
#1035=VECTOR('',#8093,10.);
#1036=VECTOR('',#8096,10.);
#1037=VECTOR('',#8099,10.);
#1038=VECTOR('',#8102,10.);
#1039=VECTOR('',#8107,10.);
#1040=VECTOR('',#8112,10.);
#1041=VECTOR('',#8119,3.);
#1042=VECTOR('',#8132,3.);
#1043=VECTOR('',#8147,10.);
#1044=VECTOR('',#8150,10.);
#1045=VECTOR('',#8153,10.);
#1046=VECTOR('',#8156,10.);
#1047=VECTOR('',#8163,10.);
#1048=VECTOR('',#8168,10.);
#1049=VECTOR('',#8171,10.);
#1050=VECTOR('',#8174,10.);
#1051=VECTOR('',#8177,10.);
#1052=VECTOR('',#8180,10.);
#1053=VECTOR('',#8183,10.);
#1054=VECTOR('',#8186,10.);
#1055=VECTOR('',#8189,10.);
#1056=VECTOR('',#8192,10.);
#1057=VECTOR('',#8195,10.);
#1058=VECTOR('',#8196,10.);
#1059=VECTOR('',#8197,10.);
#1060=VECTOR('',#8198,10.);
#1061=VECTOR('',#8199,10.);
#1062=VECTOR('',#8200,10.);
#1063=VECTOR('',#8201,10.);
#1064=VECTOR('',#8206,10.);
#1065=VECTOR('',#8209,10.);
#1066=VECTOR('',#8210,10.);
#1067=VECTOR('',#8211,10.);
#1068=VECTOR('',#8212,10.);
#1069=VECTOR('',#8213,10.);
#1070=VECTOR('',#8214,10.);
#1071=VECTOR('',#8215,10.);
#1072=VECTOR('',#8222,10.);
#1073=VECTOR('',#8225,10.);
#1074=VECTOR('',#8228,10.);
#1075=VECTOR('',#8229,10.);
#1076=VECTOR('',#8230,10.);
#1077=VECTOR('',#8231,10.);
#1078=VECTOR('',#8232,10.);
#1079=VECTOR('',#8233,10.);
#1080=VECTOR('',#8238,10.);
#1081=VECTOR('',#8243,3.);
#1082=VECTOR('',#8254,10.);
#1083=VECTOR('',#8257,10.);
#1084=VECTOR('',#8260,10.);
#1085=VECTOR('',#8261,10.);
#1086=VECTOR('',#8266,10.);
#1087=VECTOR('',#8269,10.);
#1088=VECTOR('',#8272,10.);
#1089=VECTOR('',#8273,10.);
#1090=VECTOR('',#8280,10.);
#1091=VECTOR('',#8283,10.);
#1092=VECTOR('',#8290,10.);
#1093=VECTOR('',#8293,10.);
#1094=VECTOR('',#8298,3.);
#1095=VECTOR('',#8309,3.);
#1096=VECTOR('',#8320,10.);
#1097=VECTOR('',#8325,10.);
#1098=VECTOR('',#8330,10.);
#1099=VECTOR('',#8335,10.);
#1100=VECTOR('',#8356,3.);
#1101=VECTOR('',#8365,10.);
#1102=VECTOR('',#8366,10.);
#1103=VECTOR('',#8369,10.);
#1104=VECTOR('',#8370,10.);
#1105=VECTOR('',#8373,10.);
#1106=VECTOR('',#8374,10.);
#1107=VECTOR('',#8375,10.);
#1108=VECTOR('',#8380,2.5);
#1109=VECTOR('',#8385,2.5);
#1110=VECTOR('',#8390,2.5);
#1111=VECTOR('',#8395,2.5);
#1112=VECTOR('',#8398,10.);
#1113=VECTOR('',#8401,10.);
#1114=VECTOR('',#8404,10.);
#1115=VECTOR('',#8407,10.);
#1116=VECTOR('',#8412,3.);
#1117=VECTOR('',#8425,3.);
#1118=VECTOR('',#8438,3.);
#1119=VECTOR('',#8451,3.);
#1120=VECTOR('',#8464,3.);
#1121=VECTOR('',#8475,2.5);
#1122=VECTOR('',#8480,2.5);
#1123=VECTOR('',#8485,2.5);
#1124=VECTOR('',#8490,2.5);
#1125=VECTOR('',#8495,2.5);
#1126=VECTOR('',#8502,1.);
#1127=VECTOR('',#8509,1.);
#1128=VECTOR('',#8534,10.);
#1129=VECTOR('',#8537,10.);
#1130=VECTOR('',#8544,3.);
#1131=VECTOR('',#8549,3.);
#1132=VECTOR('',#8552,10.);
#1133=VECTOR('',#8555,10.);
#1134=VECTOR('',#8558,10.);
#1135=VECTOR('',#8559,10.);
#1136=VECTOR('',#8564,10.);
#1137=VECTOR('',#8567,10.);
#1138=VECTOR('',#8568,10.);
#1139=VECTOR('',#8573,10.);
#1140=VECTOR('',#8576,10.);
#1141=VECTOR('',#8577,10.);
#1142=VECTOR('',#8582,10.);
#1143=VECTOR('',#8585,10.);
#1144=VECTOR('',#8590,3.);
#1145=VECTOR('',#8595,3.);
#1146=VECTOR('',#8600,3.);
#1147=VECTOR('',#8603,10.);
#1148=VECTOR('',#8604,10.);
#1149=VECTOR('',#8605,10.);
#1150=VECTOR('',#8608,10.);
#1151=VECTOR('',#8613,10.);
#1152=VECTOR('',#8616,10.);
#1153=VECTOR('',#8617,10.);
#1154=VECTOR('',#8628,1.5);
#1155=VECTOR('',#8635,1.5);
#1156=VECTOR('',#8642,1.49999999999999);
#1157=VECTOR('',#8647,10.);
#1158=VECTOR('',#8656,10.);
#1159=VECTOR('',#8659,10.);
#1160=VECTOR('',#8660,10.);
#1161=VECTOR('',#8663,10.);
#1162=VECTOR('',#8666,10.);
#1163=VECTOR('',#8675,10.);
#1164=VECTOR('',#8678,10.);
#1165=VECTOR('',#8679,10.);
#1166=VECTOR('',#8682,10.);
#1167=VECTOR('',#8687,3.);
#1168=VECTOR('',#8694,10.);
#1169=VECTOR('',#8697,10.);
#1170=VECTOR('',#8700,10.);
#1171=VECTOR('',#8701,10.);
#1172=VECTOR('',#8702,10.);
#1173=VECTOR('',#8703,10.);
#1174=VECTOR('',#8704,10.);
#1175=VECTOR('',#8705,10.);
#1176=VECTOR('',#8708,10.);
#1177=VECTOR('',#8709,10.);
#1178=VECTOR('',#8710,10.);
#1179=VECTOR('',#8713,10.);
#1180=VECTOR('',#8714,10.);
#1181=VECTOR('',#8715,10.);
#1182=VECTOR('',#8720,10.);
#1183=VECTOR('',#8723,10.);
#1184=VECTOR('',#8726,10.);
#1185=VECTOR('',#8729,10.);
#1186=VECTOR('',#8740,10.);
#1187=VECTOR('',#8743,10.);
#1188=VECTOR('',#8748,10.);
#1189=VECTOR('',#8749,10.);
#1190=VECTOR('',#8754,10.);
#1191=VECTOR('',#8757,10.);
#1192=VECTOR('',#8760,10.);
#1193=VECTOR('',#8761,10.);
#1194=VECTOR('',#8762,10.);
#1195=VECTOR('',#8763,10.);
#1196=VECTOR('',#8764,10.);
#1197=VECTOR('',#8765,10.);
#1198=VECTOR('',#8766,10.);
#1199=VECTOR('',#8767,10.);
#1200=VECTOR('',#8768,10.);
#1201=VECTOR('',#8771,10.);
#1202=VECTOR('',#8772,10.);
#1203=VECTOR('',#8773,10.);
#1204=VECTOR('',#8774,10.);
#1205=VECTOR('',#8775,10.);
#1206=VECTOR('',#8776,10.);
#1207=VECTOR('',#8779,10.);
#1208=VECTOR('',#8780,10.);
#1209=VECTOR('',#8793,10.);
#1210=VECTOR('',#8794,10.);
#1211=VECTOR('',#8797,10.);
#1212=VECTOR('',#8798,10.);
#1213=VECTOR('',#8801,10.);
#1214=VECTOR('',#8812,10.);
#1215=VECTOR('',#8815,10.);
#1216=VECTOR('',#8820,10.);
#1217=VECTOR('',#8821,10.);
#1218=VECTOR('',#8826,10.);
#1219=VECTOR('',#8827,10.);
#1220=VECTOR('',#8832,10.);
#1221=VECTOR('',#8837,10.);
#1222=VECTOR('',#8844,3.);
#1223=VECTOR('',#8847,10.);
#1224=VECTOR('',#8850,10.);
#1225=VECTOR('',#8861,10.);
#1226=VECTOR('',#8866,3.);
#1227=VECTOR('',#8869,10.);
#1228=VECTOR('',#8872,10.);
#1229=VECTOR('',#8881,10.);
#1230=VECTOR('',#8884,10.);
#1231=VECTOR('',#8889,10.);
#1232=VECTOR('',#8892,10.);
#1233=VECTOR('',#8893,10.);
#1234=VECTOR('',#8894,10.);
#1235=VECTOR('',#8895,10.);
#1236=VECTOR('',#8896,10.);
#1237=VECTOR('',#8899,10.);
#1238=VECTOR('',#8900,10.);
#1239=VECTOR('',#8901,10.);
#1240=VECTOR('',#8902,10.);
#1241=VECTOR('',#8903,10.);
#1242=VECTOR('',#8904,10.);
#1243=VECTOR('',#8905,10.);
#1244=VECTOR('',#8906,10.);
#1245=VECTOR('',#8907,10.);
#1246=VECTOR('',#8908,10.);
#1247=VECTOR('',#8909,10.);
#1248=VECTOR('',#8910,10.);
#1249=VECTOR('',#8911,10.);
#1250=VECTOR('',#8912,10.);
#1251=VECTOR('',#8913,10.);
#1252=VECTOR('',#8914,10.);
#1253=VECTOR('',#8917,10.);
#1254=VECTOR('',#8918,10.);
#1255=VECTOR('',#8919,10.);
#1256=VECTOR('',#8922,10.);
#1257=VECTOR('',#8925,10.);
#1258=VECTOR('',#8928,10.);
#1259=VECTOR('',#8931,10.);
#1260=VECTOR('',#8934,10.);
#1261=VECTOR('',#8947,3.);
#1262=VECTOR('',#8956,10.);
#1263=VECTOR('',#8961,10.);
#1264=VECTOR('',#8964,3.);
#1265=VECTOR('',#8973,10.);
#1266=VECTOR('',#8974,10.);
#1267=VECTOR('',#8975,10.);
#1268=VECTOR('',#8978,10.);
#1269=VECTOR('',#8979,10.);
#1270=VECTOR('',#8980,10.);
#1271=VECTOR('',#8981,10.);
#1272=VECTOR('',#8982,10.);
#1273=VECTOR('',#8983,10.);
#1274=VECTOR('',#8984,10.);
#1275=VECTOR('',#8985,10.);
#1276=VECTOR('',#8986,10.);
#1277=VECTOR('',#8987,10.);
#1278=VECTOR('',#8988,10.);
#1279=VECTOR('',#8989,10.);
#1280=VECTOR('',#8990,10.);
#1281=VECTOR('',#8991,10.);
#1282=VECTOR('',#8992,10.);
#1283=VECTOR('',#8993,10.);
#1284=VECTOR('',#8994,10.);
#1285=VECTOR('',#8995,10.);
#1286=VECTOR('',#8996,10.);
#1287=VECTOR('',#8997,10.);
#1288=VECTOR('',#8998,10.);
#1289=VECTOR('',#9005,2.5);
#1290=VECTOR('',#9010,2.5);
#1291=VECTOR('',#9025,3.);
#1292=VECTOR('',#9040,3.);
#1293=VECTOR('',#9057,2.5);
#1294=VECTOR('',#9064,10.);
#1295=VECTOR('',#9065,10.);
#1296=VECTOR('',#9070,10.);
#1297=VECTOR('',#9073,10.);
#1298=VECTOR('',#9076,10.);
#1299=VECTOR('',#9077,10.);
#1300=VECTOR('',#9084,10.);
#1301=VECTOR('',#9087,10.);
#1302=VECTOR('',#9090,10.);
#1303=VECTOR('',#9091,10.);
#1304=VECTOR('',#9098,3.);
#1305=VECTOR('',#9113,3.);
#1306=VECTOR('',#9128,10.);
#1307=VECTOR('',#9131,10.);
#1308=VECTOR('',#9134,10.);
#1309=VECTOR('',#9135,10.);
#1310=VECTOR('',#9142,10.);
#1311=VECTOR('',#9145,10.);
#1312=VECTOR('',#9148,10.);
#1313=VECTOR('',#9149,10.);
#1314=VECTOR('',#9156,10.);
#1315=VECTOR('',#9159,10.);
#1316=VECTOR('',#9162,10.);
#1317=VECTOR('',#9163,10.);
#1318=VECTOR('',#9172,10.);
#1319=VECTOR('',#9175,10.);
#1320=VECTOR('',#9182,3.);
#1321=VECTOR('',#9195,3.);
#1322=VECTOR('',#9210,10.);
#1323=VECTOR('',#9213,10.);
#1324=VECTOR('',#9216,10.);
#1325=VECTOR('',#9217,10.);
#1326=VECTOR('',#9224,10.);
#1327=VECTOR('',#9229,10.);
#1328=VECTOR('',#9234,10.);
#1329=VECTOR('',#9237,10.);
#1330=VECTOR('',#9240,10.);
#1331=VECTOR('',#9243,10.);
#1332=VECTOR('',#9246,10.);
#1333=VECTOR('',#9249,10.);
#1334=VECTOR('',#9252,10.);
#1335=VECTOR('',#9255,10.);
#1336=VECTOR('',#9258,10.);
#1337=VECTOR('',#9259,10.);
#1338=VECTOR('',#9260,10.);
#1339=VECTOR('',#9261,10.);
#1340=VECTOR('',#9262,10.);
#1341=VECTOR('',#9263,10.);
#1342=VECTOR('',#9264,10.);
#1343=VECTOR('',#9267,10.);
#1344=VECTOR('',#9272,10.);
#1345=VECTOR('',#9273,10.);
#1346=VECTOR('',#9274,10.);
#1347=VECTOR('',#9275,10.);
#1348=VECTOR('',#9276,10.);
#1349=VECTOR('',#9277,10.);
#1350=VECTOR('',#9278,10.);
#1351=VECTOR('',#9285,10.);
#1352=VECTOR('',#9288,10.);
#1353=VECTOR('',#9291,10.);
#1354=VECTOR('',#9292,10.);
#1355=VECTOR('',#9293,10.);
#1356=VECTOR('',#9294,10.);
#1357=VECTOR('',#9295,10.);
#1358=VECTOR('',#9296,10.);
#1359=VECTOR('',#9299,10.);
#1360=VECTOR('',#9306,3.);
#1361=VECTOR('',#9317,10.);
#1362=VECTOR('',#9320,10.);
#1363=VECTOR('',#9323,10.);
#1364=VECTOR('',#9324,10.);
#1365=VECTOR('',#9329,10.);
#1366=VECTOR('',#9332,10.);
#1367=VECTOR('',#9335,10.);
#1368=VECTOR('',#9336,10.);
#1369=VECTOR('',#9341,10.);
#1370=VECTOR('',#9346,10.);
#1371=VECTOR('',#9351,10.);
#1372=VECTOR('',#9356,10.);
#1373=VECTOR('',#9361,3.);
#1374=VECTOR('',#9372,3.);
#1375=VECTOR('',#9385,10.);
#1376=VECTOR('',#9388,10.);
#1377=VECTOR('',#9395,10.);
#1378=VECTOR('',#9398,10.);
#1379=VECTOR('',#9419,3.);
#1380=VECTOR('',#9428,10.);
#1381=VECTOR('',#9429,10.);
#1382=VECTOR('',#9432,10.);
#1383=VECTOR('',#9433,10.);
#1384=VECTOR('',#9436,10.);
#1385=VECTOR('',#9437,10.);
#1386=VECTOR('',#9442,2.5);
#1387=VECTOR('',#9447,2.5);
#1388=VECTOR('',#9452,2.5);
#1389=VECTOR('',#9457,2.5);
#1390=VECTOR('',#9460,10.);
#1391=VECTOR('',#9463,10.);
#1392=VECTOR('',#9466,10.);
#1393=VECTOR('',#9467,10.);
#1394=VECTOR('',#9470,10.);
#1395=VECTOR('',#9473,10.);
#1396=VECTOR('',#9478,3.);
#1397=VECTOR('',#9491,3.);
#1398=VECTOR('',#9504,3.);
#1399=VECTOR('',#9517,3.);
#1400=VECTOR('',#9530,3.);
#1401=VECTOR('',#9541,2.5);
#1402=VECTOR('',#9546,2.5);
#1403=VECTOR('',#9551,2.5);
#1404=VECTOR('',#9556,2.5);
#1405=VECTOR('',#9561,2.5);
#1406=VECTOR('',#9568,1.);
#1407=VECTOR('',#9575,1.);
#1408=VECTOR('',#9604,3.);
#1409=VECTOR('',#9607,3.);
#1410=VECTOR('',#9610,10.);
#1411=VECTOR('',#9611,10.);
#1412=VECTOR('',#9614,10.);
#1413=VECTOR('',#9617,10.);
#1414=VECTOR('',#9620,10.);
#1415=VECTOR('',#9623,10.);
#1416=VECTOR('',#9626,10.);
#1417=VECTOR('',#9629,10.);
#1418=VECTOR('',#9634,3.);
#1419=VECTOR('',#9637,3.);
#1420=VECTOR('',#9640,3.);
#1421=VECTOR('',#9643,10.);
#1422=VECTOR('',#9648,10.);
#1423=CYLINDRICAL_SURFACE('',#6794,1.95);
#1424=CYLINDRICAL_SURFACE('',#6798,2.);
#1425=CYLINDRICAL_SURFACE('',#6800,2.);
#1426=CYLINDRICAL_SURFACE('',#6802,2.);
#1427=CYLINDRICAL_SURFACE('',#6805,2.);
#1428=CYLINDRICAL_SURFACE('',#6808,2.);
#1429=CYLINDRICAL_SURFACE('',#6809,2.);
#1430=CYLINDRICAL_SURFACE('',#6829,1.95);
#1431=CYLINDRICAL_SURFACE('',#6831,1.95);
#1432=CYLINDRICAL_SURFACE('',#6834,1.95);
#1433=CYLINDRICAL_SURFACE('',#6840,3.);
#1434=CYLINDRICAL_SURFACE('',#6842,2.5);
#1435=CYLINDRICAL_SURFACE('',#6847,3.);
#1436=CYLINDRICAL_SURFACE('',#6851,4.);
#1437=CYLINDRICAL_SURFACE('',#6853,3.);
#1438=CYLINDRICAL_SURFACE('',#6859,3.);
#1439=CYLINDRICAL_SURFACE('',#6863,3.);
#1440=CYLINDRICAL_SURFACE('',#6871,3.);
#1441=CYLINDRICAL_SURFACE('',#6876,2.5);
#1442=CYLINDRICAL_SURFACE('',#6878,2.5);
#1443=CYLINDRICAL_SURFACE('',#6890,3.);
#1444=CYLINDRICAL_SURFACE('',#6893,3.);
#1445=CYLINDRICAL_SURFACE('',#6897,3.);
#1446=CYLINDRICAL_SURFACE('',#6900,3.);
#1447=CYLINDRICAL_SURFACE('',#6909,2.5);
#1448=CYLINDRICAL_SURFACE('',#6911,2.5);
#1449=CYLINDRICAL_SURFACE('',#6912,3.);
#1450=CYLINDRICAL_SURFACE('',#6917,3.);
#1451=CYLINDRICAL_SURFACE('',#6922,2.5);
#1452=CYLINDRICAL_SURFACE('',#6924,3.);
#1453=CYLINDRICAL_SURFACE('',#6929,3.);
#1454=CYLINDRICAL_SURFACE('',#6933,2.5);
#1455=CYLINDRICAL_SURFACE('',#6937,3.);
#1456=CYLINDRICAL_SURFACE('',#6942,3.);
#1457=CYLINDRICAL_SURFACE('',#6947,3.);
#1458=CYLINDRICAL_SURFACE('',#6954,3.);
#1459=CYLINDRICAL_SURFACE('',#6961,3.);
#1460=CYLINDRICAL_SURFACE('',#6966,3.);
#1461=CYLINDRICAL_SURFACE('',#6971,3.);
#1462=CYLINDRICAL_SURFACE('',#6976,3.);
#1463=CYLINDRICAL_SURFACE('',#6981,3.);
#1464=CYLINDRICAL_SURFACE('',#6987,3.);
#1465=CYLINDRICAL_SURFACE('',#6994,3.);
#1466=CYLINDRICAL_SURFACE('',#6999,3.);
#1467=CYLINDRICAL_SURFACE('',#7004,2.5);
#1468=CYLINDRICAL_SURFACE('',#7006,2.5);
#1469=CYLINDRICAL_SURFACE('',#7008,2.5);
#1470=CYLINDRICAL_SURFACE('',#7010,2.5);
#1471=CYLINDRICAL_SURFACE('',#7013,2.5);
#1472=CYLINDRICAL_SURFACE('',#7016,2.5);
#1473=CYLINDRICAL_SURFACE('',#7018,2.5);
#1474=CYLINDRICAL_SURFACE('',#7021,2.5);
#1475=CYLINDRICAL_SURFACE('',#7023,3.);
#1476=CYLINDRICAL_SURFACE('',#7028,3.);
#1477=CYLINDRICAL_SURFACE('',#7032,3.);
#1478=CYLINDRICAL_SURFACE('',#7036,3.);
#1479=CYLINDRICAL_SURFACE('',#7040,3.);
#1480=CYLINDRICAL_SURFACE('',#7044,3.);
#1481=CYLINDRICAL_SURFACE('',#7049,3.);
#1482=CYLINDRICAL_SURFACE('',#7054,3.);
#1483=CYLINDRICAL_SURFACE('',#7058,3.);
#1484=CYLINDRICAL_SURFACE('',#7062,3.);
#1485=CYLINDRICAL_SURFACE('',#7066,3.);
#1486=CYLINDRICAL_SURFACE('',#7070,3.);
#1487=CYLINDRICAL_SURFACE('',#7079,2.5);
#1488=CYLINDRICAL_SURFACE('',#7081,2.5);
#1489=CYLINDRICAL_SURFACE('',#7083,2.5);
#1490=CYLINDRICAL_SURFACE('',#7085,2.5);
#1491=CYLINDRICAL_SURFACE('',#7088,3.2);
#1492=CYLINDRICAL_SURFACE('',#7089,3.2);
#1493=CYLINDRICAL_SURFACE('',#7090,3.);
#1494=CYLINDRICAL_SURFACE('',#7096,3.);
#1495=CYLINDRICAL_SURFACE('',#7102,3.);
#1496=CYLINDRICAL_SURFACE('',#7108,3.);
#1497=CYLINDRICAL_SURFACE('',#7114,3.);
#1498=CYLINDRICAL_SURFACE('',#7120,2.5);
#1499=CYLINDRICAL_SURFACE('',#7122,2.5);
#1500=CYLINDRICAL_SURFACE('',#7124,2.5);
#1501=CYLINDRICAL_SURFACE('',#7126,2.5);
#1502=CYLINDRICAL_SURFACE('',#7128,2.5);
#1503=CYLINDRICAL_SURFACE('',#7130,1.);
#1504=CYLINDRICAL_SURFACE('',#7133,1.);
#1505=CYLINDRICAL_SURFACE('',#7149,3.);
#1506=CYLINDRICAL_SURFACE('',#7151,3.);
#1507=CYLINDRICAL_SURFACE('',#7153,5.);
#1508=CYLINDRICAL_SURFACE('',#7156,5.);
#1509=CYLINDRICAL_SURFACE('',#7159,5.);
#1510=CYLINDRICAL_SURFACE('',#7162,5.);
#1511=CYLINDRICAL_SURFACE('',#7165,3.);
#1512=CYLINDRICAL_SURFACE('',#7167,3.);
#1513=CYLINDRICAL_SURFACE('',#7169,3.);
#1514=CYLINDRICAL_SURFACE('',#7173,3.);
#1515=CYLINDRICAL_SURFACE('',#7176,3.);
#1516=CYLINDRICAL_SURFACE('',#7179,1.5);
#1517=CYLINDRICAL_SURFACE('',#7182,1.5);
#1518=CYLINDRICAL_SURFACE('',#7185,1.49999999999999);
#1519=CYLINDRICAL_SURFACE('',#7192,3.);
#1520=CYLINDRICAL_SURFACE('',#7199,3.);
#1521=CYLINDRICAL_SURFACE('',#7202,3.);
#1522=CYLINDRICAL_SURFACE('',#7206,3.);
#1523=CYLINDRICAL_SURFACE('',#7223,3.);
#1524=CYLINDRICAL_SURFACE('',#7225,2.5);
#1525=CYLINDRICAL_SURFACE('',#7230,3.);
#1526=CYLINDRICAL_SURFACE('',#7235,4.);
#1527=CYLINDRICAL_SURFACE('',#7241,3.);
#1528=CYLINDRICAL_SURFACE('',#7248,3.);
#1529=CYLINDRICAL_SURFACE('',#7253,3.);
#1530=CYLINDRICAL_SURFACE('',#7262,3.);
#1531=CYLINDRICAL_SURFACE('',#7269,2.5);
#1532=CYLINDRICAL_SURFACE('',#7271,2.5);
#1533=CYLINDRICAL_SURFACE('',#7283,3.);
#1534=CYLINDRICAL_SURFACE('',#7286,3.);
#1535=CYLINDRICAL_SURFACE('',#7290,3.);
#1536=CYLINDRICAL_SURFACE('',#7293,3.);
#1537=CYLINDRICAL_SURFACE('',#7301,2.5);
#1538=CYLINDRICAL_SURFACE('',#7303,2.5);
#1539=CYLINDRICAL_SURFACE('',#7304,3.);
#1540=CYLINDRICAL_SURFACE('',#7309,3.);
#1541=CYLINDRICAL_SURFACE('',#7314,2.5);
#1542=CYLINDRICAL_SURFACE('',#7316,3.);
#1543=CYLINDRICAL_SURFACE('',#7321,3.);
#1544=CYLINDRICAL_SURFACE('',#7325,2.5);
#1545=CYLINDRICAL_SURFACE('',#7329,3.);
#1546=CYLINDRICAL_SURFACE('',#7334,3.);
#1547=CYLINDRICAL_SURFACE('',#7339,3.);
#1548=CYLINDRICAL_SURFACE('',#7346,3.);
#1549=CYLINDRICAL_SURFACE('',#7353,3.);
#1550=CYLINDRICAL_SURFACE('',#7358,3.);
#1551=CYLINDRICAL_SURFACE('',#7363,3.);
#1552=CYLINDRICAL_SURFACE('',#7368,3.);
#1553=CYLINDRICAL_SURFACE('',#7373,3.);
#1554=CYLINDRICAL_SURFACE('',#7379,3.);
#1555=CYLINDRICAL_SURFACE('',#7386,3.);
#1556=CYLINDRICAL_SURFACE('',#7391,3.);
#1557=CYLINDRICAL_SURFACE('',#7396,2.5);
#1558=CYLINDRICAL_SURFACE('',#7398,2.5);
#1559=CYLINDRICAL_SURFACE('',#7400,2.5);
#1560=CYLINDRICAL_SURFACE('',#7402,2.5);
#1561=CYLINDRICAL_SURFACE('',#7405,2.5);
#1562=CYLINDRICAL_SURFACE('',#7408,2.5);
#1563=CYLINDRICAL_SURFACE('',#7410,2.5);
#1564=CYLINDRICAL_SURFACE('',#7413,2.5);
#1565=CYLINDRICAL_SURFACE('',#7415,3.);
#1566=CYLINDRICAL_SURFACE('',#7420,3.);
#1567=CYLINDRICAL_SURFACE('',#7424,3.);
#1568=CYLINDRICAL_SURFACE('',#7428,3.);
#1569=CYLINDRICAL_SURFACE('',#7432,3.);
#1570=CYLINDRICAL_SURFACE('',#7436,3.);
#1571=CYLINDRICAL_SURFACE('',#7441,3.);
#1572=CYLINDRICAL_SURFACE('',#7446,3.);
#1573=CYLINDRICAL_SURFACE('',#7450,3.);
#1574=CYLINDRICAL_SURFACE('',#7454,3.);
#1575=CYLINDRICAL_SURFACE('',#7458,3.);
#1576=CYLINDRICAL_SURFACE('',#7462,3.);
#1577=CYLINDRICAL_SURFACE('',#7471,2.5);
#1578=CYLINDRICAL_SURFACE('',#7473,2.5);
#1579=CYLINDRICAL_SURFACE('',#7475,2.5);
#1580=CYLINDRICAL_SURFACE('',#7477,2.5);
#1581=CYLINDRICAL_SURFACE('',#7480,3.2);
#1582=CYLINDRICAL_SURFACE('',#7482,3.2);
#1583=CYLINDRICAL_SURFACE('',#7483,3.);
#1584=CYLINDRICAL_SURFACE('',#7489,3.);
#1585=CYLINDRICAL_SURFACE('',#7495,3.);
#1586=CYLINDRICAL_SURFACE('',#7501,3.);
#1587=CYLINDRICAL_SURFACE('',#7507,3.);
#1588=CYLINDRICAL_SURFACE('',#7513,2.5);
#1589=CYLINDRICAL_SURFACE('',#7515,2.5);
#1590=CYLINDRICAL_SURFACE('',#7517,2.5);
#1591=CYLINDRICAL_SURFACE('',#7519,2.5);
#1592=CYLINDRICAL_SURFACE('',#7521,2.5);
#1593=CYLINDRICAL_SURFACE('',#7523,1.);
#1594=CYLINDRICAL_SURFACE('',#7526,1.);
#1595=CYLINDRICAL_SURFACE('',#7541,3.);
#1596=CYLINDRICAL_SURFACE('',#7542,3.);
#1597=CYLINDRICAL_SURFACE('',#7543,5.);
#1598=CYLINDRICAL_SURFACE('',#7545,5.);
#1599=CYLINDRICAL_SURFACE('',#7547,5.);
#1600=CYLINDRICAL_SURFACE('',#7549,5.);
#1601=CYLINDRICAL_SURFACE('',#7551,3.);
#1602=CYLINDRICAL_SURFACE('',#7552,3.);
#1603=CYLINDRICAL_SURFACE('',#7553,3.);
#1604=CYLINDRICAL_SURFACE('',#7556,3.);
#1605=FACE_OUTER_BOUND('',#1981,.T.);
#1606=FACE_OUTER_BOUND('',#1982,.T.);
#1607=FACE_OUTER_BOUND('',#1983,.T.);
#1608=FACE_OUTER_BOUND('',#1984,.T.);
#1609=FACE_OUTER_BOUND('',#1985,.T.);
#1610=FACE_OUTER_BOUND('',#1986,.T.);
#1611=FACE_OUTER_BOUND('',#1987,.T.);
#1612=FACE_OUTER_BOUND('',#1988,.T.);
#1613=FACE_OUTER_BOUND('',#1989,.T.);
#1614=FACE_OUTER_BOUND('',#1990,.T.);
#1615=FACE_OUTER_BOUND('',#1991,.T.);
#1616=FACE_OUTER_BOUND('',#1992,.T.);
#1617=FACE_OUTER_BOUND('',#1993,.T.);
#1618=FACE_OUTER_BOUND('',#1994,.T.);
#1619=FACE_OUTER_BOUND('',#1995,.T.);
#1620=FACE_OUTER_BOUND('',#1998,.T.);
#1621=FACE_OUTER_BOUND('',#1999,.T.);
#1622=FACE_OUTER_BOUND('',#2000,.T.);
#1623=FACE_OUTER_BOUND('',#2001,.T.);
#1624=FACE_OUTER_BOUND('',#2002,.T.);
#1625=FACE_OUTER_BOUND('',#2003,.T.);
#1626=FACE_OUTER_BOUND('',#2004,.T.);
#1627=FACE_OUTER_BOUND('',#2005,.T.);
#1628=FACE_OUTER_BOUND('',#2006,.T.);
#1629=FACE_OUTER_BOUND('',#2007,.T.);
#1630=FACE_OUTER_BOUND('',#2008,.T.);
#1631=FACE_OUTER_BOUND('',#2009,.T.);
#1632=FACE_OUTER_BOUND('',#2010,.T.);
#1633=FACE_OUTER_BOUND('',#2011,.T.);
#1634=FACE_OUTER_BOUND('',#2012,.T.);
#1635=FACE_OUTER_BOUND('',#2013,.T.);
#1636=FACE_OUTER_BOUND('',#2014,.T.);
#1637=FACE_OUTER_BOUND('',#2015,.T.);
#1638=FACE_OUTER_BOUND('',#2016,.T.);
#1639=FACE_OUTER_BOUND('',#2018,.T.);
#1640=FACE_OUTER_BOUND('',#2019,.T.);
#1641=FACE_OUTER_BOUND('',#2020,.T.);
#1642=FACE_OUTER_BOUND('',#2022,.T.);
#1643=FACE_OUTER_BOUND('',#2023,.T.);
#1644=FACE_OUTER_BOUND('',#2024,.T.);
#1645=FACE_OUTER_BOUND('',#2026,.T.);
#1646=FACE_OUTER_BOUND('',#2030,.T.);
#1647=FACE_OUTER_BOUND('',#2031,.T.);
#1648=FACE_OUTER_BOUND('',#2032,.T.);
#1649=FACE_OUTER_BOUND('',#2033,.T.);
#1650=FACE_OUTER_BOUND('',#2035,.T.);
#1651=FACE_OUTER_BOUND('',#2036,.T.);
#1652=FACE_OUTER_BOUND('',#2037,.T.);
#1653=FACE_OUTER_BOUND('',#2038,.T.);
#1654=FACE_OUTER_BOUND('',#2040,.T.);
#1655=FACE_OUTER_BOUND('',#2043,.T.);
#1656=FACE_OUTER_BOUND('',#2044,.T.);
#1657=FACE_OUTER_BOUND('',#2045,.T.);
#1658=FACE_OUTER_BOUND('',#2046,.T.);
#1659=FACE_OUTER_BOUND('',#2047,.T.);
#1660=FACE_OUTER_BOUND('',#2048,.T.);
#1661=FACE_OUTER_BOUND('',#2049,.T.);
#1662=FACE_OUTER_BOUND('',#2050,.T.);
#1663=FACE_OUTER_BOUND('',#2052,.T.);
#1664=FACE_OUTER_BOUND('',#2053,.T.);
#1665=FACE_OUTER_BOUND('',#2054,.T.);
#1666=FACE_OUTER_BOUND('',#2056,.T.);
#1667=FACE_OUTER_BOUND('',#2057,.T.);
#1668=FACE_OUTER_BOUND('',#2058,.T.);
#1669=FACE_OUTER_BOUND('',#2059,.T.);
#1670=FACE_OUTER_BOUND('',#2060,.T.);
#1671=FACE_OUTER_BOUND('',#2061,.T.);
#1672=FACE_OUTER_BOUND('',#2063,.T.);
#1673=FACE_OUTER_BOUND('',#2064,.T.);
#1674=FACE_OUTER_BOUND('',#2065,.T.);
#1675=FACE_OUTER_BOUND('',#2066,.T.);
#1676=FACE_OUTER_BOUND('',#2067,.T.);
#1677=FACE_OUTER_BOUND('',#2068,.T.);
#1678=FACE_OUTER_BOUND('',#2070,.T.);
#1679=FACE_OUTER_BOUND('',#2071,.T.);
#1680=FACE_OUTER_BOUND('',#2073,.T.);
#1681=FACE_OUTER_BOUND('',#2074,.T.);
#1682=FACE_OUTER_BOUND('',#2075,.T.);
#1683=FACE_OUTER_BOUND('',#2076,.T.);
#1684=FACE_OUTER_BOUND('',#2077,.T.);
#1685=FACE_OUTER_BOUND('',#2078,.T.);
#1686=FACE_OUTER_BOUND('',#2079,.T.);
#1687=FACE_OUTER_BOUND('',#2080,.T.);
#1688=FACE_OUTER_BOUND('',#2081,.T.);
#1689=FACE_OUTER_BOUND('',#2082,.T.);
#1690=FACE_OUTER_BOUND('',#2084,.T.);
#1691=FACE_OUTER_BOUND('',#2085,.T.);
#1692=FACE_OUTER_BOUND('',#2087,.T.);
#1693=FACE_OUTER_BOUND('',#2088,.T.);
#1694=FACE_OUTER_BOUND('',#2089,.T.);
#1695=FACE_OUTER_BOUND('',#2090,.T.);
#1696=FACE_OUTER_BOUND('',#2091,.T.);
#1697=FACE_OUTER_BOUND('',#2092,.T.);
#1698=FACE_OUTER_BOUND('',#2093,.T.);
#1699=FACE_OUTER_BOUND('',#2094,.T.);
#1700=FACE_OUTER_BOUND('',#2095,.T.);
#1701=FACE_OUTER_BOUND('',#2096,.T.);
#1702=FACE_OUTER_BOUND('',#2097,.T.);
#1703=FACE_OUTER_BOUND('',#2098,.T.);
#1704=FACE_OUTER_BOUND('',#2099,.T.);
#1705=FACE_OUTER_BOUND('',#2100,.T.);
#1706=FACE_OUTER_BOUND('',#2101,.T.);
#1707=FACE_OUTER_BOUND('',#2102,.T.);
#1708=FACE_OUTER_BOUND('',#2103,.T.);
#1709=FACE_OUTER_BOUND('',#2105,.T.);
#1710=FACE_OUTER_BOUND('',#2106,.T.);
#1711=FACE_OUTER_BOUND('',#2107,.T.);
#1712=FACE_OUTER_BOUND('',#2108,.T.);
#1713=FACE_OUTER_BOUND('',#2109,.T.);
#1714=FACE_OUTER_BOUND('',#2110,.T.);
#1715=FACE_OUTER_BOUND('',#2111,.T.);
#1716=FACE_OUTER_BOUND('',#2112,.T.);
#1717=FACE_OUTER_BOUND('',#2113,.T.);
#1718=FACE_OUTER_BOUND('',#2114,.T.);
#1719=FACE_OUTER_BOUND('',#2116,.T.);
#1720=FACE_OUTER_BOUND('',#2117,.T.);
#1721=FACE_OUTER_BOUND('',#2119,.T.);
#1722=FACE_OUTER_BOUND('',#2120,.T.);
#1723=FACE_OUTER_BOUND('',#2121,.T.);
#1724=FACE_OUTER_BOUND('',#2122,.T.);
#1725=FACE_OUTER_BOUND('',#2123,.T.);
#1726=FACE_OUTER_BOUND('',#2124,.T.);
#1727=FACE_OUTER_BOUND('',#2125,.T.);
#1728=FACE_OUTER_BOUND('',#2126,.T.);
#1729=FACE_OUTER_BOUND('',#2127,.T.);
#1730=FACE_OUTER_BOUND('',#2128,.T.);
#1731=FACE_OUTER_BOUND('',#2130,.T.);
#1732=FACE_OUTER_BOUND('',#2131,.T.);
#1733=FACE_OUTER_BOUND('',#2132,.T.);
#1734=FACE_OUTER_BOUND('',#2137,.T.);
#1735=FACE_OUTER_BOUND('',#2138,.T.);
#1736=FACE_OUTER_BOUND('',#2139,.T.);
#1737=FACE_OUTER_BOUND('',#2140,.T.);
#1738=FACE_OUTER_BOUND('',#2141,.T.);
#1739=FACE_OUTER_BOUND('',#2142,.T.);
#1740=FACE_OUTER_BOUND('',#2143,.T.);
#1741=FACE_OUTER_BOUND('',#2144,.T.);
#1742=FACE_OUTER_BOUND('',#2145,.T.);
#1743=FACE_OUTER_BOUND('',#2146,.T.);
#1744=FACE_OUTER_BOUND('',#2147,.T.);
#1745=FACE_OUTER_BOUND('',#2148,.T.);
#1746=FACE_OUTER_BOUND('',#2149,.T.);
#1747=FACE_OUTER_BOUND('',#2150,.T.);
#1748=FACE_OUTER_BOUND('',#2151,.T.);
#1749=FACE_OUTER_BOUND('',#2153,.T.);
#1750=FACE_OUTER_BOUND('',#2154,.T.);
#1751=FACE_OUTER_BOUND('',#2155,.T.);
#1752=FACE_OUTER_BOUND('',#2157,.T.);
#1753=FACE_OUTER_BOUND('',#2158,.T.);
#1754=FACE_OUTER_BOUND('',#2159,.T.);
#1755=FACE_OUTER_BOUND('',#2161,.T.);
#1756=FACE_OUTER_BOUND('',#2162,.T.);
#1757=FACE_OUTER_BOUND('',#2163,.T.);
#1758=FACE_OUTER_BOUND('',#2165,.T.);
#1759=FACE_OUTER_BOUND('',#2166,.T.);
#1760=FACE_OUTER_BOUND('',#2167,.T.);
#1761=FACE_OUTER_BOUND('',#2169,.T.);
#1762=FACE_OUTER_BOUND('',#2170,.T.);
#1763=FACE_OUTER_BOUND('',#2171,.T.);
#1764=FACE_OUTER_BOUND('',#2172,.T.);
#1765=FACE_OUTER_BOUND('',#2173,.T.);
#1766=FACE_OUTER_BOUND('',#2174,.T.);
#1767=FACE_OUTER_BOUND('',#2175,.T.);
#1768=FACE_OUTER_BOUND('',#2176,.T.);
#1769=FACE_OUTER_BOUND('',#2177,.T.);
#1770=FACE_OUTER_BOUND('',#2178,.T.);
#1771=FACE_OUTER_BOUND('',#2180,.T.);
#1772=FACE_OUTER_BOUND('',#2182,.T.);
#1773=FACE_OUTER_BOUND('',#2184,.T.);
#1774=FACE_OUTER_BOUND('',#2186,.T.);
#1775=FACE_OUTER_BOUND('',#2188,.T.);
#1776=FACE_OUTER_BOUND('',#2189,.T.);
#1777=FACE_OUTER_BOUND('',#2190,.T.);
#1778=FACE_OUTER_BOUND('',#2191,.T.);
#1779=FACE_OUTER_BOUND('',#2192,.T.);
#1780=FACE_OUTER_BOUND('',#2193,.T.);
#1781=FACE_OUTER_BOUND('',#2194,.T.);
#1782=FACE_OUTER_BOUND('',#2195,.T.);
#1783=FACE_OUTER_BOUND('',#2196,.T.);
#1784=FACE_OUTER_BOUND('',#2197,.T.);
#1785=FACE_OUTER_BOUND('',#2198,.T.);
#1786=FACE_OUTER_BOUND('',#2199,.T.);
#1787=FACE_OUTER_BOUND('',#2200,.T.);
#1788=FACE_OUTER_BOUND('',#2201,.T.);
#1789=FACE_OUTER_BOUND('',#2202,.T.);
#1790=FACE_OUTER_BOUND('',#2203,.T.);
#1791=FACE_OUTER_BOUND('',#2204,.T.);
#1792=FACE_OUTER_BOUND('',#2205,.T.);
#1793=FACE_OUTER_BOUND('',#2206,.T.);
#1794=FACE_OUTER_BOUND('',#2207,.T.);
#1795=FACE_OUTER_BOUND('',#2208,.T.);
#1796=FACE_OUTER_BOUND('',#2209,.T.);
#1797=FACE_OUTER_BOUND('',#2218,.T.);
#1798=FACE_OUTER_BOUND('',#2219,.T.);
#1799=FACE_OUTER_BOUND('',#2220,.T.);
#1800=FACE_OUTER_BOUND('',#2221,.T.);
#1801=FACE_OUTER_BOUND('',#2223,.T.);
#1802=FACE_OUTER_BOUND('',#2224,.T.);
#1803=FACE_OUTER_BOUND('',#2226,.T.);
#1804=FACE_OUTER_BOUND('',#2227,.T.);
#1805=FACE_OUTER_BOUND('',#2228,.T.);
#1806=FACE_OUTER_BOUND('',#2230,.T.);
#1807=FACE_OUTER_BOUND('',#2231,.T.);
#1808=FACE_OUTER_BOUND('',#2232,.T.);
#1809=FACE_OUTER_BOUND('',#2240,.T.);
#1810=FACE_OUTER_BOUND('',#2241,.T.);
#1811=FACE_OUTER_BOUND('',#2242,.T.);
#1812=FACE_OUTER_BOUND('',#2243,.T.);
#1813=FACE_OUTER_BOUND('',#2244,.T.);
#1814=FACE_OUTER_BOUND('',#2245,.T.);
#1815=FACE_OUTER_BOUND('',#2246,.T.);
#1816=FACE_OUTER_BOUND('',#2247,.T.);
#1817=FACE_OUTER_BOUND('',#2248,.T.);
#1818=FACE_OUTER_BOUND('',#2251,.T.);
#1819=FACE_OUTER_BOUND('',#2252,.T.);
#1820=FACE_OUTER_BOUND('',#2253,.T.);
#1821=FACE_OUTER_BOUND('',#2254,.T.);
#1822=FACE_OUTER_BOUND('',#2255,.T.);
#1823=FACE_OUTER_BOUND('',#2256,.T.);
#1824=FACE_OUTER_BOUND('',#2257,.T.);
#1825=FACE_OUTER_BOUND('',#2259,.T.);
#1826=FACE_OUTER_BOUND('',#2260,.T.);
#1827=FACE_OUTER_BOUND('',#2261,.T.);
#1828=FACE_OUTER_BOUND('',#2263,.T.);
#1829=FACE_OUTER_BOUND('',#2264,.T.);
#1830=FACE_OUTER_BOUND('',#2265,.T.);
#1831=FACE_OUTER_BOUND('',#2267,.T.);
#1832=FACE_OUTER_BOUND('',#2271,.T.);
#1833=FACE_OUTER_BOUND('',#2272,.T.);
#1834=FACE_OUTER_BOUND('',#2273,.T.);
#1835=FACE_OUTER_BOUND('',#2274,.T.);
#1836=FACE_OUTER_BOUND('',#2276,.T.);
#1837=FACE_OUTER_BOUND('',#2277,.T.);
#1838=FACE_OUTER_BOUND('',#2278,.T.);
#1839=FACE_OUTER_BOUND('',#2279,.T.);
#1840=FACE_OUTER_BOUND('',#2281,.T.);
#1841=FACE_OUTER_BOUND('',#2284,.T.);
#1842=FACE_OUTER_BOUND('',#2285,.T.);
#1843=FACE_OUTER_BOUND('',#2286,.T.);
#1844=FACE_OUTER_BOUND('',#2287,.T.);
#1845=FACE_OUTER_BOUND('',#2288,.T.);
#1846=FACE_OUTER_BOUND('',#2289,.T.);
#1847=FACE_OUTER_BOUND('',#2290,.T.);
#1848=FACE_OUTER_BOUND('',#2291,.T.);
#1849=FACE_OUTER_BOUND('',#2293,.T.);
#1850=FACE_OUTER_BOUND('',#2294,.T.);
#1851=FACE_OUTER_BOUND('',#2295,.T.);
#1852=FACE_OUTER_BOUND('',#2297,.T.);
#1853=FACE_OUTER_BOUND('',#2298,.T.);
#1854=FACE_OUTER_BOUND('',#2299,.T.);
#1855=FACE_OUTER_BOUND('',#2300,.T.);
#1856=FACE_OUTER_BOUND('',#2301,.T.);
#1857=FACE_OUTER_BOUND('',#2302,.T.);
#1858=FACE_OUTER_BOUND('',#2304,.T.);
#1859=FACE_OUTER_BOUND('',#2305,.T.);
#1860=FACE_OUTER_BOUND('',#2306,.T.);
#1861=FACE_OUTER_BOUND('',#2307,.T.);
#1862=FACE_OUTER_BOUND('',#2308,.T.);
#1863=FACE_OUTER_BOUND('',#2309,.T.);
#1864=FACE_OUTER_BOUND('',#2311,.T.);
#1865=FACE_OUTER_BOUND('',#2312,.T.);
#1866=FACE_OUTER_BOUND('',#2314,.T.);
#1867=FACE_OUTER_BOUND('',#2315,.T.);
#1868=FACE_OUTER_BOUND('',#2316,.T.);
#1869=FACE_OUTER_BOUND('',#2317,.T.);
#1870=FACE_OUTER_BOUND('',#2318,.T.);
#1871=FACE_OUTER_BOUND('',#2319,.T.);
#1872=FACE_OUTER_BOUND('',#2320,.T.);
#1873=FACE_OUTER_BOUND('',#2321,.T.);
#1874=FACE_OUTER_BOUND('',#2322,.T.);
#1875=FACE_OUTER_BOUND('',#2323,.T.);
#1876=FACE_OUTER_BOUND('',#2325,.T.);
#1877=FACE_OUTER_BOUND('',#2326,.T.);
#1878=FACE_OUTER_BOUND('',#2328,.T.);
#1879=FACE_OUTER_BOUND('',#2329,.T.);
#1880=FACE_OUTER_BOUND('',#2330,.T.);
#1881=FACE_OUTER_BOUND('',#2331,.T.);
#1882=FACE_OUTER_BOUND('',#2332,.T.);
#1883=FACE_OUTER_BOUND('',#2333,.T.);
#1884=FACE_OUTER_BOUND('',#2334,.T.);
#1885=FACE_OUTER_BOUND('',#2335,.T.);
#1886=FACE_OUTER_BOUND('',#2336,.T.);
#1887=FACE_OUTER_BOUND('',#2337,.T.);
#1888=FACE_OUTER_BOUND('',#2338,.T.);
#1889=FACE_OUTER_BOUND('',#2339,.T.);
#1890=FACE_OUTER_BOUND('',#2340,.T.);
#1891=FACE_OUTER_BOUND('',#2341,.T.);
#1892=FACE_OUTER_BOUND('',#2342,.T.);
#1893=FACE_OUTER_BOUND('',#2343,.T.);
#1894=FACE_OUTER_BOUND('',#2344,.T.);
#1895=FACE_OUTER_BOUND('',#2346,.T.);
#1896=FACE_OUTER_BOUND('',#2347,.T.);
#1897=FACE_OUTER_BOUND('',#2348,.T.);
#1898=FACE_OUTER_BOUND('',#2349,.T.);
#1899=FACE_OUTER_BOUND('',#2350,.T.);
#1900=FACE_OUTER_BOUND('',#2351,.T.);
#1901=FACE_OUTER_BOUND('',#2352,.T.);
#1902=FACE_OUTER_BOUND('',#2353,.T.);
#1903=FACE_OUTER_BOUND('',#2354,.T.);
#1904=FACE_OUTER_BOUND('',#2355,.T.);
#1905=FACE_OUTER_BOUND('',#2357,.T.);
#1906=FACE_OUTER_BOUND('',#2358,.T.);
#1907=FACE_OUTER_BOUND('',#2360,.T.);
#1908=FACE_OUTER_BOUND('',#2361,.T.);
#1909=FACE_OUTER_BOUND('',#2362,.T.);
#1910=FACE_OUTER_BOUND('',#2363,.T.);
#1911=FACE_OUTER_BOUND('',#2364,.T.);
#1912=FACE_OUTER_BOUND('',#2365,.T.);
#1913=FACE_OUTER_BOUND('',#2366,.T.);
#1914=FACE_OUTER_BOUND('',#2367,.T.);
#1915=FACE_OUTER_BOUND('',#2368,.T.);
#1916=FACE_OUTER_BOUND('',#2369,.T.);
#1917=FACE_OUTER_BOUND('',#2371,.T.);
#1918=FACE_OUTER_BOUND('',#2372,.T.);
#1919=FACE_OUTER_BOUND('',#2373,.T.);
#1920=FACE_OUTER_BOUND('',#2378,.T.);
#1921=FACE_OUTER_BOUND('',#2379,.T.);
#1922=FACE_OUTER_BOUND('',#2380,.T.);
#1923=FACE_OUTER_BOUND('',#2381,.T.);
#1924=FACE_OUTER_BOUND('',#2382,.T.);
#1925=FACE_OUTER_BOUND('',#2383,.T.);
#1926=FACE_OUTER_BOUND('',#2384,.T.);
#1927=FACE_OUTER_BOUND('',#2385,.T.);
#1928=FACE_OUTER_BOUND('',#2386,.T.);
#1929=FACE_OUTER_BOUND('',#2387,.T.);
#1930=FACE_OUTER_BOUND('',#2388,.T.);
#1931=FACE_OUTER_BOUND('',#2389,.T.);
#1932=FACE_OUTER_BOUND('',#2390,.T.);
#1933=FACE_OUTER_BOUND('',#2391,.T.);
#1934=FACE_OUTER_BOUND('',#2392,.T.);
#1935=FACE_OUTER_BOUND('',#2393,.T.);
#1936=FACE_OUTER_BOUND('',#2395,.T.);
#1937=FACE_OUTER_BOUND('',#2396,.T.);
#1938=FACE_OUTER_BOUND('',#2397,.T.);
#1939=FACE_OUTER_BOUND('',#2399,.T.);
#1940=FACE_OUTER_BOUND('',#2400,.T.);
#1941=FACE_OUTER_BOUND('',#2401,.T.);
#1942=FACE_OUTER_BOUND('',#2403,.T.);
#1943=FACE_OUTER_BOUND('',#2404,.T.);
#1944=FACE_OUTER_BOUND('',#2405,.T.);
#1945=FACE_OUTER_BOUND('',#2407,.T.);
#1946=FACE_OUTER_BOUND('',#2408,.T.);
#1947=FACE_OUTER_BOUND('',#2409,.T.);
#1948=FACE_OUTER_BOUND('',#2411,.T.);
#1949=FACE_OUTER_BOUND('',#2412,.T.);
#1950=FACE_OUTER_BOUND('',#2413,.T.);
#1951=FACE_OUTER_BOUND('',#2414,.T.);
#1952=FACE_OUTER_BOUND('',#2415,.T.);
#1953=FACE_OUTER_BOUND('',#2416,.T.);
#1954=FACE_OUTER_BOUND('',#2417,.T.);
#1955=FACE_OUTER_BOUND('',#2418,.T.);
#1956=FACE_OUTER_BOUND('',#2419,.T.);
#1957=FACE_OUTER_BOUND('',#2420,.T.);
#1958=FACE_OUTER_BOUND('',#2422,.T.);
#1959=FACE_OUTER_BOUND('',#2424,.T.);
#1960=FACE_OUTER_BOUND('',#2426,.T.);
#1961=FACE_OUTER_BOUND('',#2428,.T.);
#1962=FACE_OUTER_BOUND('',#2430,.T.);
#1963=FACE_OUTER_BOUND('',#2431,.T.);
#1964=FACE_OUTER_BOUND('',#2432,.T.);
#1965=FACE_OUTER_BOUND('',#2433,.T.);
#1966=FACE_OUTER_BOUND('',#2434,.T.);
#1967=FACE_OUTER_BOUND('',#2435,.T.);
#1968=FACE_OUTER_BOUND('',#2436,.T.);
#1969=FACE_OUTER_BOUND('',#2437,.T.);
#1970=FACE_OUTER_BOUND('',#2438,.T.);
#1971=FACE_OUTER_BOUND('',#2439,.T.);
#1972=FACE_OUTER_BOUND('',#2440,.T.);
#1973=FACE_OUTER_BOUND('',#2441,.T.);
#1974=FACE_OUTER_BOUND('',#2442,.T.);
#1975=FACE_OUTER_BOUND('',#2443,.T.);
#1976=FACE_OUTER_BOUND('',#2444,.T.);
#1977=FACE_OUTER_BOUND('',#2445,.T.);
#1978=FACE_OUTER_BOUND('',#2446,.T.);
#1979=FACE_OUTER_BOUND('',#2447,.T.);
#1980=FACE_OUTER_BOUND('',#2448,.T.);
#1981=EDGE_LOOP('',(#4463,#4464,#4465,#4466));
#1982=EDGE_LOOP('',(#4467,#4468,#4469,#4470));
#1983=EDGE_LOOP('',(#4471,#4472,#4473,#4474,#4475,#4476));
#1984=EDGE_LOOP('',(#4477,#4478,#4479,#4480));
#1985=EDGE_LOOP('',(#4481,#4482,#4483,#4484));
#1986=EDGE_LOOP('',(#4485,#4486,#4487,#4488));
#1987=EDGE_LOOP('',(#4489,#4490,#4491,#4492));
#1988=EDGE_LOOP('',(#4493,#4494,#4495,#4496));
#1989=EDGE_LOOP('',(#4497,#4498,#4499,#4500));
#1990=EDGE_LOOP('',(#4501,#4502,#4503,#4504,#4505,#4506));
#1991=EDGE_LOOP('',(#4507,#4508,#4509,#4510,#4511,#4512));
#1992=EDGE_LOOP('',(#4513,#4514,#4515,#4516,#4517,#4518));
#1993=EDGE_LOOP('',(#4519,#4520,#4521,#4522,#4523,#4524));
#1994=EDGE_LOOP('',(#4525,#4526,#4527,#4528,#4529,#4530));
#1995=EDGE_LOOP('',(#4531,#4532,#4533,#4534,#4535,#4536,#4537,#4538,#4539,
#4540,#4541,#4542,#4543,#4544));
#1996=EDGE_LOOP('',(#4545));
#1997=EDGE_LOOP('',(#4546));
#1998=EDGE_LOOP('',(#4547,#4548,#4549,#4550,#4551,#4552,#4553,#4554,#4555,
#4556,#4557,#4558,#4559,#4560));
#1999=EDGE_LOOP('',(#4561,#4562,#4563,#4564,#4565));
#2000=EDGE_LOOP('',(#4566,#4567,#4568,#4569));
#2001=EDGE_LOOP('',(#4570,#4571,#4572,#4573));
#2002=EDGE_LOOP('',(#4574,#4575,#4576,#4577));
#2003=EDGE_LOOP('',(#4578,#4579,#4580,#4581));
#2004=EDGE_LOOP('',(#4582,#4583,#4584,#4585));
#2005=EDGE_LOOP('',(#4586,#4587,#4588,#4589,#4590,#4591,#4592,#4593,#4594,
#4595,#4596,#4597,#4598,#4599,#4600,#4601,#4602,#4603,#4604,#4605,#4606,
#4607,#4608,#4609,#4610));
#2006=EDGE_LOOP('',(#4611,#4612,#4613,#4614,#4615));
#2007=EDGE_LOOP('',(#4616,#4617,#4618,#4619));
#2008=EDGE_LOOP('',(#4620,#4621));
#2009=EDGE_LOOP('',(#4622,#4623,#4624,#4625,#4626));
#2010=EDGE_LOOP('',(#4627,#4628,#4629,#4630,#4631,#4632));
#2011=EDGE_LOOP('',(#4633,#4634,#4635,#4636));
#2012=EDGE_LOOP('',(#4637,#4638,#4639));
#2013=EDGE_LOOP('',(#4640,#4641,#4642,#4643,#4644));
#2014=EDGE_LOOP('',(#4645,#4646,#4647,#4648));
#2015=EDGE_LOOP('',(#4649,#4650,#4651,#4652,#4653,#4654,#4655,#4656,#4657,
#4658,#4659));
#2016=EDGE_LOOP('',(#4660));
#2017=EDGE_LOOP('',(#4661));
#2018=EDGE_LOOP('',(#4662,#4663,#4664));
#2019=EDGE_LOOP('',(#4665,#4666,#4667,#4668,#4669,#4670,#4671,#4672,#4673));
#2020=EDGE_LOOP('',(#4674));
#2021=EDGE_LOOP('',(#4675));
#2022=EDGE_LOOP('',(#4676,#4677,#4678,#4679));
#2023=EDGE_LOOP('',(#4680,#4681,#4682,#4683));
#2024=EDGE_LOOP('',(#4684,#4685,#4686,#4687,#4688,#4689,#4690,#4691,#4692,
#4693,#4694,#4695));
#2025=EDGE_LOOP('',(#4696));
#2026=EDGE_LOOP('',(#4697,#4698,#4699,#4700,#4701,#4702,#4703,#4704,#4705,
#4706,#4707,#4708,#4709,#4710,#4711,#4712,#4713,#4714,#4715,#4716,#4717,
#4718,#4719,#4720,#4721,#4722,#4723,#4724,#4725,#4726,#4727,#4728,#4729));
#2027=EDGE_LOOP('',(#4730));
#2028=EDGE_LOOP('',(#4731,#4732,#4733,#4734,#4735,#4736,#4737,#4738));
#2029=EDGE_LOOP('',(#4739));
#2030=EDGE_LOOP('',(#4740,#4741,#4742,#4743));
#2031=EDGE_LOOP('',(#4744,#4745,#4746,#4747));
#2032=EDGE_LOOP('',(#4748,#4749,#4750,#4751));
#2033=EDGE_LOOP('',(#4752));
#2034=EDGE_LOOP('',(#4753));
#2035=EDGE_LOOP('',(#4754,#4755,#4756,#4757));
#2036=EDGE_LOOP('',(#4758,#4759,#4760,#4761));
#2037=EDGE_LOOP('',(#4762,#4763,#4764,#4765));
#2038=EDGE_LOOP('',(#4766));
#2039=EDGE_LOOP('',(#4767));
#2040=EDGE_LOOP('',(#4768,#4769,#4770,#4771,#4772,#4773,#4774,#4775,#4776,
#4777,#4778,#4779,#4780,#4781,#4782,#4783,#4784,#4785,#4786,#4787,#4788,
#4789,#4790,#4791,#4792,#4793,#4794,#4795,#4796,#4797,#4798,#4799,#4800,
#4801,#4802));
#2041=EDGE_LOOP('',(#4803));
#2042=EDGE_LOOP('',(#4804));
#2043=EDGE_LOOP('',(#4805,#4806));
#2044=EDGE_LOOP('',(#4807,#4808,#4809,#4810));
#2045=EDGE_LOOP('',(#4811,#4812));
#2046=EDGE_LOOP('',(#4813,#4814,#4815,#4816));
#2047=EDGE_LOOP('',(#4817,#4818,#4819,#4820));
#2048=EDGE_LOOP('',(#4821,#4822,#4823,#4824));
#2049=EDGE_LOOP('',(#4825,#4826,#4827,#4828));
#2050=EDGE_LOOP('',(#4829));
#2051=EDGE_LOOP('',(#4830));
#2052=EDGE_LOOP('',(#4831,#4832,#4833,#4834));
#2053=EDGE_LOOP('',(#4835,#4836,#4837,#4838));
#2054=EDGE_LOOP('',(#4839));
#2055=EDGE_LOOP('',(#4840));
#2056=EDGE_LOOP('',(#4841,#4842,#4843,#4844));
#2057=EDGE_LOOP('',(#4845,#4846,#4847,#4848));
#2058=EDGE_LOOP('',(#4849,#4850,#4851,#4852));
#2059=EDGE_LOOP('',(#4853));
#2060=EDGE_LOOP('',(#4854,#4855));
#2061=EDGE_LOOP('',(#4856,#4857,#4858,#4859,#4860,#4861));
#2062=EDGE_LOOP('',(#4862));
#2063=EDGE_LOOP('',(#4863,#4864,#4865,#4866));
#2064=EDGE_LOOP('',(#4867,#4868,#4869,#4870));
#2065=EDGE_LOOP('',(#4871,#4872,#4873,#4874));
#2066=EDGE_LOOP('',(#4875,#4876,#4877,#4878));
#2067=EDGE_LOOP('',(#4879,#4880,#4881,#4882,#4883,#4884,#4885,#4886));
#2068=EDGE_LOOP('',(#4887));
#2069=EDGE_LOOP('',(#4888));
#2070=EDGE_LOOP('',(#4889,#4890,#4891,#4892,#4893,#4894,#4895,#4896));
#2071=EDGE_LOOP('',(#4897));
#2072=EDGE_LOOP('',(#4898));
#2073=EDGE_LOOP('',(#4899,#4900,#4901,#4902));
#2074=EDGE_LOOP('',(#4903,#4904,#4905,#4906));
#2075=EDGE_LOOP('',(#4907,#4908,#4909,#4910));
#2076=EDGE_LOOP('',(#4911,#4912,#4913,#4914));
#2077=EDGE_LOOP('',(#4915,#4916,#4917,#4918));
#2078=EDGE_LOOP('',(#4919,#4920,#4921,#4922));
#2079=EDGE_LOOP('',(#4923,#4924,#4925,#4926));
#2080=EDGE_LOOP('',(#4927,#4928,#4929,#4930));
#2081=EDGE_LOOP('',(#4931,#4932,#4933,#4934,#4935,#4936,#4937,#4938,#4939));
#2082=EDGE_LOOP('',(#4940));
#2083=EDGE_LOOP('',(#4941));
#2084=EDGE_LOOP('',(#4942,#4943,#4944,#4945,#4946,#4947,#4948,#4949));
#2085=EDGE_LOOP('',(#4950));
#2086=EDGE_LOOP('',(#4951));
#2087=EDGE_LOOP('',(#4952,#4953,#4954,#4955));
#2088=EDGE_LOOP('',(#4956,#4957,#4958,#4959));
#2089=EDGE_LOOP('',(#4960,#4961,#4962,#4963,#4964));
#2090=EDGE_LOOP('',(#4965,#4966,#4967,#4968));
#2091=EDGE_LOOP('',(#4969,#4970,#4971,#4972));
#2092=EDGE_LOOP('',(#4973,#4974,#4975,#4976));
#2093=EDGE_LOOP('',(#4977,#4978,#4979,#4980));
#2094=EDGE_LOOP('',(#4981,#4982,#4983,#4984));
#2095=EDGE_LOOP('',(#4985,#4986,#4987,#4988,#4989,#4990,#4991,#4992,#4993,
#4994,#4995,#4996));
#2096=EDGE_LOOP('',(#4997,#4998,#4999,#5000));
#2097=EDGE_LOOP('',(#5001,#5002,#5003,#5004,#5005,#5006,#5007,#5008,#5009,
#5010,#5011,#5012));
#2098=EDGE_LOOP('',(#5013,#5014,#5015,#5016));
#2099=EDGE_LOOP('',(#5017,#5018,#5019,#5020));
#2100=EDGE_LOOP('',(#5021,#5022,#5023,#5024,#5025,#5026,#5027,#5028,#5029,
#5030,#5031,#5032));
#2101=EDGE_LOOP('',(#5033,#5034,#5035,#5036));
#2102=EDGE_LOOP('',(#5037,#5038,#5039,#5040));
#2103=EDGE_LOOP('',(#5041));
#2104=EDGE_LOOP('',(#5042));
#2105=EDGE_LOOP('',(#5043,#5044,#5045,#5046));
#2106=EDGE_LOOP('',(#5047,#5048,#5049,#5050));
#2107=EDGE_LOOP('',(#5051,#5052,#5053,#5054));
#2108=EDGE_LOOP('',(#5055,#5056,#5057,#5058));
#2109=EDGE_LOOP('',(#5059,#5060,#5061,#5062));
#2110=EDGE_LOOP('',(#5063,#5064,#5065,#5066));
#2111=EDGE_LOOP('',(#5067,#5068,#5069,#5070));
#2112=EDGE_LOOP('',(#5071,#5072,#5073,#5074));
#2113=EDGE_LOOP('',(#5075,#5076,#5077,#5078));
#2114=EDGE_LOOP('',(#5079));
#2115=EDGE_LOOP('',(#5080));
#2116=EDGE_LOOP('',(#5081,#5082,#5083,#5084));
#2117=EDGE_LOOP('',(#5085));
#2118=EDGE_LOOP('',(#5086));
#2119=EDGE_LOOP('',(#5087,#5088,#5089,#5090));
#2120=EDGE_LOOP('',(#5091,#5092,#5093,#5094));
#2121=EDGE_LOOP('',(#5095,#5096,#5097,#5098));
#2122=EDGE_LOOP('',(#5099,#5100,#5101,#5102));
#2123=EDGE_LOOP('',(#5103,#5104,#5105,#5106));
#2124=EDGE_LOOP('',(#5107,#5108,#5109,#5110));
#2125=EDGE_LOOP('',(#5111,#5112,#5113,#5114));
#2126=EDGE_LOOP('',(#5115,#5116,#5117,#5118));
#2127=EDGE_LOOP('',(#5119,#5120,#5121,#5122));
#2128=EDGE_LOOP('',(#5123));
#2129=EDGE_LOOP('',(#5124));
#2130=EDGE_LOOP('',(#5125,#5126,#5127,#5128,#5129,#5130,#5131,#5132,#5133,
#5134,#5135,#5136));
#2131=EDGE_LOOP('',(#5137,#5138,#5139,#5140,#5141,#5142,#5143,#5144,#5145,
#5146,#5147,#5148));
#2132=EDGE_LOOP('',(#5149,#5150,#5151,#5152,#5153,#5154,#5155,#5156,#5157,
#5158,#5159,#5160,#5161,#5162,#5163,#5164,#5165,#5166,#5167,#5168));
#2133=EDGE_LOOP('',(#5169));
#2134=EDGE_LOOP('',(#5170));
#2135=EDGE_LOOP('',(#5171));
#2136=EDGE_LOOP('',(#5172));
#2137=EDGE_LOOP('',(#5173,#5174));
#2138=EDGE_LOOP('',(#5175,#5176,#5177,#5178));
#2139=EDGE_LOOP('',(#5179,#5180));
#2140=EDGE_LOOP('',(#5181,#5182,#5183,#5184));
#2141=EDGE_LOOP('',(#5185,#5186));
#2142=EDGE_LOOP('',(#5187,#5188,#5189,#5190));
#2143=EDGE_LOOP('',(#5191,#5192));
#2144=EDGE_LOOP('',(#5193,#5194,#5195,#5196));
#2145=EDGE_LOOP('',(#5197,#5198,#5199,#5200,#5201,#5202,#5203,#5204,#5205,
#5206,#5207,#5208));
#2146=EDGE_LOOP('',(#5209,#5210,#5211,#5212,#5213,#5214,#5215,#5216,#5217,
#5218,#5219,#5220));
#2147=EDGE_LOOP('',(#5221,#5222,#5223,#5224,#5225,#5226,#5227,#5228,#5229));
#2148=EDGE_LOOP('',(#5230,#5231,#5232,#5233,#5234,#5235,#5236,#5237,#5238));
#2149=EDGE_LOOP('',(#5239,#5240,#5241,#5242));
#2150=EDGE_LOOP('',(#5243));
#2151=EDGE_LOOP('',(#5244));
#2152=EDGE_LOOP('',(#5245));
#2153=EDGE_LOOP('',(#5246,#5247,#5248,#5249));
#2154=EDGE_LOOP('',(#5250));
#2155=EDGE_LOOP('',(#5251));
#2156=EDGE_LOOP('',(#5252));
#2157=EDGE_LOOP('',(#5253,#5254,#5255,#5256));
#2158=EDGE_LOOP('',(#5257));
#2159=EDGE_LOOP('',(#5258));
#2160=EDGE_LOOP('',(#5259));
#2161=EDGE_LOOP('',(#5260,#5261,#5262,#5263));
#2162=EDGE_LOOP('',(#5264));
#2163=EDGE_LOOP('',(#5265));
#2164=EDGE_LOOP('',(#5266));
#2165=EDGE_LOOP('',(#5267,#5268,#5269,#5270));
#2166=EDGE_LOOP('',(#5271));
#2167=EDGE_LOOP('',(#5272));
#2168=EDGE_LOOP('',(#5273));
#2169=EDGE_LOOP('',(#5274,#5275,#5276,#5277));
#2170=EDGE_LOOP('',(#5278,#5279,#5280,#5281));
#2171=EDGE_LOOP('',(#5282,#5283,#5284,#5285));
#2172=EDGE_LOOP('',(#5286,#5287,#5288,#5289));
#2173=EDGE_LOOP('',(#5290,#5291,#5292,#5293));
#2174=EDGE_LOOP('',(#5294,#5295,#5296,#5297));
#2175=EDGE_LOOP('',(#5298));
#2176=EDGE_LOOP('',(#5299,#5300,#5301,#5302));
#2177=EDGE_LOOP('',(#5303));
#2178=EDGE_LOOP('',(#5304));
#2179=EDGE_LOOP('',(#5305));
#2180=EDGE_LOOP('',(#5306));
#2181=EDGE_LOOP('',(#5307));
#2182=EDGE_LOOP('',(#5308));
#2183=EDGE_LOOP('',(#5309));
#2184=EDGE_LOOP('',(#5310));
#2185=EDGE_LOOP('',(#5311));
#2186=EDGE_LOOP('',(#5312));
#2187=EDGE_LOOP('',(#5313));
#2188=EDGE_LOOP('',(#5314,#5315,#5316,#5317,#5318,#5319,#5320,#5321,#5322,
#5323,#5324,#5325,#5326,#5327,#5328,#5329,#5330,#5331,#5332,#5333,#5334,
#5335,#5336,#5337,#5338,#5339,#5340,#5341,#5342));
#2189=EDGE_LOOP('',(#5343,#5344,#5345,#5346));
#2190=EDGE_LOOP('',(#5347,#5348,#5349,#5350));
#2191=EDGE_LOOP('',(#5351,#5352,#5353,#5354));
#2192=EDGE_LOOP('',(#5355,#5356,#5357,#5358));
#2193=EDGE_LOOP('',(#5359,#5360,#5361,#5362));
#2194=EDGE_LOOP('',(#5363,#5364,#5365,#5366));
#2195=EDGE_LOOP('',(#5367,#5368,#5369,#5370));
#2196=EDGE_LOOP('',(#5371,#5372,#5373,#5374));
#2197=EDGE_LOOP('',(#5375,#5376,#5377,#5378));
#2198=EDGE_LOOP('',(#5379,#5380,#5381,#5382));
#2199=EDGE_LOOP('',(#5383,#5384,#5385,#5386));
#2200=EDGE_LOOP('',(#5387,#5388,#5389,#5390));
#2201=EDGE_LOOP('',(#5391,#5392,#5393,#5394));
#2202=EDGE_LOOP('',(#5395,#5396,#5397,#5398));
#2203=EDGE_LOOP('',(#5399,#5400,#5401,#5402));
#2204=EDGE_LOOP('',(#5403,#5404,#5405,#5406));
#2205=EDGE_LOOP('',(#5407,#5408,#5409,#5410));
#2206=EDGE_LOOP('',(#5411,#5412,#5413,#5414));
#2207=EDGE_LOOP('',(#5415,#5416,#5417,#5418));
#2208=EDGE_LOOP('',(#5419,#5420,#5421,#5422));
#2209=EDGE_LOOP('',(#5423,#5424,#5425,#5426,#5427,#5428,#5429,#5430,#5431,
#5432,#5433,#5434,#5435,#5436,#5437));
#2210=EDGE_LOOP('',(#5438));
#2211=EDGE_LOOP('',(#5439));
#2212=EDGE_LOOP('',(#5440));
#2213=EDGE_LOOP('',(#5441));
#2214=EDGE_LOOP('',(#5442));
#2215=EDGE_LOOP('',(#5443,#5444,#5445,#5446,#5447,#5448,#5449,#5450));
#2216=EDGE_LOOP('',(#5451));
#2217=EDGE_LOOP('',(#5452));
#2218=EDGE_LOOP('',(#5453,#5454,#5455,#5456));
#2219=EDGE_LOOP('',(#5457,#5458,#5459,#5460));
#2220=EDGE_LOOP('',(#5461,#5462,#5463,#5464));
#2221=EDGE_LOOP('',(#5465,#5466,#5467,#5468));
#2222=EDGE_LOOP('',(#5469));
#2223=EDGE_LOOP('',(#5470,#5471,#5472,#5473,#5474,#5475,#5476,#5477));
#2224=EDGE_LOOP('',(#5478,#5479,#5480,#5481));
#2225=EDGE_LOOP('',(#5482));
#2226=EDGE_LOOP('',(#5483,#5484,#5485,#5486,#5487,#5488,#5489,#5490));
#2227=EDGE_LOOP('',(#5491,#5492,#5493,#5494));
#2228=EDGE_LOOP('',(#5495));
#2229=EDGE_LOOP('',(#5496));
#2230=EDGE_LOOP('',(#5497,#5498,#5499,#5500));
#2231=EDGE_LOOP('',(#5501,#5502,#5503,#5504,#5505,#5506,#5507,#5508,#5509,
#5510,#5511,#5512));
#2232=EDGE_LOOP('',(#5513,#5514,#5515,#5516,#5517,#5518,#5519,#5520,#5521));
#2233=EDGE_LOOP('',(#5522));
#2234=EDGE_LOOP('',(#5523));
#2235=EDGE_LOOP('',(#5524,#5525,#5526,#5527,#5528,#5529,#5530,#5531));
#2236=EDGE_LOOP('',(#5532));
#2237=EDGE_LOOP('',(#5533));
#2238=EDGE_LOOP('',(#5534));
#2239=EDGE_LOOP('',(#5535));
#2240=EDGE_LOOP('',(#5536,#5537,#5538,#5539));
#2241=EDGE_LOOP('',(#5540,#5541,#5542,#5543));
#2242=EDGE_LOOP('',(#5544,#5545,#5546,#5547));
#2243=EDGE_LOOP('',(#5548,#5549,#5550,#5551,#5552,#5553,#5554,#5555,#5556,
#5557,#5558,#5559,#5560,#5561,#5562,#5563,#5564,#5565,#5566,#5567,#5568,
#5569,#5570,#5571,#5572));
#2244=EDGE_LOOP('',(#5573,#5574,#5575,#5576,#5577));
#2245=EDGE_LOOP('',(#5578,#5579,#5580,#5581));
#2246=EDGE_LOOP('',(#5582,#5583));
#2247=EDGE_LOOP('',(#5584,#5585,#5586,#5587,#5588));
#2248=EDGE_LOOP('',(#5589,#5590,#5591,#5592,#5593,#5594,#5595,#5596,#5597));
#2249=EDGE_LOOP('',(#5598));
#2250=EDGE_LOOP('',(#5599));
#2251=EDGE_LOOP('',(#5600,#5601,#5602,#5603,#5604,#5605));
#2252=EDGE_LOOP('',(#5606,#5607,#5608,#5609));
#2253=EDGE_LOOP('',(#5610,#5611,#5612));
#2254=EDGE_LOOP('',(#5613,#5614,#5615,#5616,#5617));
#2255=EDGE_LOOP('',(#5618,#5619,#5620,#5621));
#2256=EDGE_LOOP('',(#5622,#5623,#5624,#5625,#5626,#5627,#5628,#5629,#5630,
#5631,#5632));
#2257=EDGE_LOOP('',(#5633));
#2258=EDGE_LOOP('',(#5634));
#2259=EDGE_LOOP('',(#5635,#5636,#5637));
#2260=EDGE_LOOP('',(#5638,#5639,#5640,#5641,#5642,#5643,#5644,#5645,#5646));
#2261=EDGE_LOOP('',(#5647));
#2262=EDGE_LOOP('',(#5648));
#2263=EDGE_LOOP('',(#5649,#5650,#5651,#5652));
#2264=EDGE_LOOP('',(#5653,#5654,#5655,#5656));
#2265=EDGE_LOOP('',(#5657,#5658,#5659,#5660,#5661,#5662,#5663,#5664,#5665,
#5666,#5667,#5668));
#2266=EDGE_LOOP('',(#5669));
#2267=EDGE_LOOP('',(#5670,#5671,#5672,#5673,#5674,#5675,#5676,#5677,#5678,
#5679,#5680,#5681,#5682,#5683,#5684,#5685,#5686,#5687,#5688,#5689,#5690,
#5691,#5692,#5693,#5694,#5695,#5696,#5697,#5698,#5699,#5700));
#2268=EDGE_LOOP('',(#5701));
#2269=EDGE_LOOP('',(#5702,#5703,#5704,#5705,#5706,#5707,#5708,#5709));
#2270=EDGE_LOOP('',(#5710));
#2271=EDGE_LOOP('',(#5711,#5712,#5713,#5714));
#2272=EDGE_LOOP('',(#5715,#5716,#5717,#5718));
#2273=EDGE_LOOP('',(#5719,#5720,#5721,#5722));
#2274=EDGE_LOOP('',(#5723));
#2275=EDGE_LOOP('',(#5724));
#2276=EDGE_LOOP('',(#5725,#5726,#5727,#5728));
#2277=EDGE_LOOP('',(#5729,#5730,#5731,#5732));
#2278=EDGE_LOOP('',(#5733,#5734,#5735,#5736));
#2279=EDGE_LOOP('',(#5737));
#2280=EDGE_LOOP('',(#5738));
#2281=EDGE_LOOP('',(#5739,#5740,#5741,#5742,#5743,#5744,#5745,#5746,#5747,
#5748,#5749,#5750,#5751,#5752,#5753,#5754,#5755,#5756,#5757,#5758,#5759,
#5760,#5761,#5762,#5763,#5764,#5765,#5766,#5767,#5768,#5769,#5770,#5771,
#5772,#5773));
#2282=EDGE_LOOP('',(#5774));
#2283=EDGE_LOOP('',(#5775));
#2284=EDGE_LOOP('',(#5776,#5777));
#2285=EDGE_LOOP('',(#5778,#5779,#5780,#5781));
#2286=EDGE_LOOP('',(#5782,#5783));
#2287=EDGE_LOOP('',(#5784,#5785,#5786,#5787));
#2288=EDGE_LOOP('',(#5788,#5789,#5790,#5791));
#2289=EDGE_LOOP('',(#5792,#5793,#5794,#5795));
#2290=EDGE_LOOP('',(#5796,#5797,#5798,#5799));
#2291=EDGE_LOOP('',(#5800));
#2292=EDGE_LOOP('',(#5801));
#2293=EDGE_LOOP('',(#5802,#5803,#5804,#5805));
#2294=EDGE_LOOP('',(#5806,#5807,#5808,#5809));
#2295=EDGE_LOOP('',(#5810));
#2296=EDGE_LOOP('',(#5811));
#2297=EDGE_LOOP('',(#5812,#5813,#5814,#5815));
#2298=EDGE_LOOP('',(#5816,#5817,#5818,#5819));
#2299=EDGE_LOOP('',(#5820,#5821,#5822,#5823));
#2300=EDGE_LOOP('',(#5824));
#2301=EDGE_LOOP('',(#5825,#5826));
#2302=EDGE_LOOP('',(#5827,#5828,#5829,#5830,#5831,#5832,#5833));
#2303=EDGE_LOOP('',(#5834));
#2304=EDGE_LOOP('',(#5835,#5836,#5837,#5838));
#2305=EDGE_LOOP('',(#5839,#5840,#5841,#5842));
#2306=EDGE_LOOP('',(#5843,#5844,#5845,#5846));
#2307=EDGE_LOOP('',(#5847,#5848,#5849,#5850));
#2308=EDGE_LOOP('',(#5851,#5852,#5853,#5854,#5855,#5856,#5857,#5858));
#2309=EDGE_LOOP('',(#5859));
#2310=EDGE_LOOP('',(#5860));
#2311=EDGE_LOOP('',(#5861,#5862,#5863,#5864,#5865,#5866,#5867,#5868));
#2312=EDGE_LOOP('',(#5869));
#2313=EDGE_LOOP('',(#5870));
#2314=EDGE_LOOP('',(#5871,#5872,#5873,#5874));
#2315=EDGE_LOOP('',(#5875,#5876,#5877,#5878));
#2316=EDGE_LOOP('',(#5879,#5880,#5881,#5882));
#2317=EDGE_LOOP('',(#5883,#5884,#5885,#5886));
#2318=EDGE_LOOP('',(#5887,#5888,#5889,#5890));
#2319=EDGE_LOOP('',(#5891,#5892,#5893,#5894));
#2320=EDGE_LOOP('',(#5895,#5896,#5897,#5898));
#2321=EDGE_LOOP('',(#5899,#5900,#5901,#5902));
#2322=EDGE_LOOP('',(#5903,#5904,#5905,#5906,#5907,#5908,#5909,#5910,#5911));
#2323=EDGE_LOOP('',(#5912));
#2324=EDGE_LOOP('',(#5913));
#2325=EDGE_LOOP('',(#5914,#5915,#5916,#5917,#5918,#5919,#5920,#5921));
#2326=EDGE_LOOP('',(#5922));
#2327=EDGE_LOOP('',(#5923));
#2328=EDGE_LOOP('',(#5924,#5925,#5926,#5927));
#2329=EDGE_LOOP('',(#5928,#5929,#5930,#5931));
#2330=EDGE_LOOP('',(#5932,#5933,#5934,#5935,#5936));
#2331=EDGE_LOOP('',(#5937,#5938,#5939,#5940));
#2332=EDGE_LOOP('',(#5941,#5942,#5943,#5944));
#2333=EDGE_LOOP('',(#5945,#5946,#5947,#5948));
#2334=EDGE_LOOP('',(#5949,#5950,#5951,#5952));
#2335=EDGE_LOOP('',(#5953,#5954,#5955,#5956));
#2336=EDGE_LOOP('',(#5957,#5958,#5959,#5960,#5961,#5962,#5963,#5964,#5965,
#5966,#5967,#5968));
#2337=EDGE_LOOP('',(#5969,#5970,#5971,#5972));
#2338=EDGE_LOOP('',(#5973,#5974,#5975,#5976,#5977,#5978,#5979,#5980,#5981,
#5982,#5983,#5984));
#2339=EDGE_LOOP('',(#5985,#5986,#5987,#5988));
#2340=EDGE_LOOP('',(#5989,#5990,#5991,#5992));
#2341=EDGE_LOOP('',(#5993,#5994,#5995,#5996,#5997,#5998,#5999,#6000,#6001,
#6002,#6003,#6004));
#2342=EDGE_LOOP('',(#6005,#6006,#6007,#6008));
#2343=EDGE_LOOP('',(#6009,#6010,#6011,#6012));
#2344=EDGE_LOOP('',(#6013));
#2345=EDGE_LOOP('',(#6014));
#2346=EDGE_LOOP('',(#6015,#6016,#6017,#6018));
#2347=EDGE_LOOP('',(#6019,#6020,#6021,#6022));
#2348=EDGE_LOOP('',(#6023,#6024,#6025,#6026));
#2349=EDGE_LOOP('',(#6027,#6028,#6029,#6030));
#2350=EDGE_LOOP('',(#6031,#6032,#6033,#6034));
#2351=EDGE_LOOP('',(#6035,#6036,#6037,#6038));
#2352=EDGE_LOOP('',(#6039,#6040,#6041,#6042));
#2353=EDGE_LOOP('',(#6043,#6044,#6045,#6046));
#2354=EDGE_LOOP('',(#6047,#6048,#6049,#6050));
#2355=EDGE_LOOP('',(#6051));
#2356=EDGE_LOOP('',(#6052));
#2357=EDGE_LOOP('',(#6053,#6054,#6055,#6056));
#2358=EDGE_LOOP('',(#6057));
#2359=EDGE_LOOP('',(#6058));
#2360=EDGE_LOOP('',(#6059,#6060,#6061,#6062));
#2361=EDGE_LOOP('',(#6063,#6064,#6065,#6066));
#2362=EDGE_LOOP('',(#6067,#6068,#6069,#6070));
#2363=EDGE_LOOP('',(#6071,#6072,#6073,#6074));
#2364=EDGE_LOOP('',(#6075,#6076,#6077,#6078));
#2365=EDGE_LOOP('',(#6079,#6080,#6081,#6082));
#2366=EDGE_LOOP('',(#6083,#6084,#6085,#6086));
#2367=EDGE_LOOP('',(#6087,#6088,#6089,#6090));
#2368=EDGE_LOOP('',(#6091,#6092,#6093,#6094));
#2369=EDGE_LOOP('',(#6095));
#2370=EDGE_LOOP('',(#6096));
#2371=EDGE_LOOP('',(#6097,#6098,#6099,#6100,#6101,#6102,#6103,#6104,#6105,
#6106,#6107,#6108));
#2372=EDGE_LOOP('',(#6109,#6110,#6111,#6112,#6113,#6114,#6115,#6116,#6117,
#6118,#6119,#6120));
#2373=EDGE_LOOP('',(#6121,#6122,#6123,#6124,#6125,#6126,#6127,#6128,#6129,
#6130,#6131,#6132,#6133,#6134,#6135,#6136,#6137,#6138,#6139,#6140));
#2374=EDGE_LOOP('',(#6141));
#2375=EDGE_LOOP('',(#6142));
#2376=EDGE_LOOP('',(#6143));
#2377=EDGE_LOOP('',(#6144));
#2378=EDGE_LOOP('',(#6145,#6146));
#2379=EDGE_LOOP('',(#6147,#6148,#6149,#6150));
#2380=EDGE_LOOP('',(#6151,#6152));
#2381=EDGE_LOOP('',(#6153,#6154,#6155,#6156));
#2382=EDGE_LOOP('',(#6157,#6158));
#2383=EDGE_LOOP('',(#6159,#6160,#6161,#6162));
#2384=EDGE_LOOP('',(#6163,#6164));
#2385=EDGE_LOOP('',(#6165,#6166,#6167,#6168));
#2386=EDGE_LOOP('',(#6169,#6170,#6171,#6172,#6173,#6174,#6175,#6176,#6177,
#6178,#6179,#6180));
#2387=EDGE_LOOP('',(#6181,#6182,#6183,#6184,#6185,#6186,#6187,#6188,#6189,
#6190,#6191,#6192));
#2388=EDGE_LOOP('',(#6193,#6194,#6195,#6196,#6197,#6198,#6199,#6200,#6201));
#2389=EDGE_LOOP('',(#6202,#6203,#6204,#6205,#6206,#6207,#6208,#6209,#6210));
#2390=EDGE_LOOP('',(#6211,#6212,#6213,#6214,#6215,#6216,#6217,#6218,#6219));
#2391=EDGE_LOOP('',(#6220,#6221,#6222,#6223));
#2392=EDGE_LOOP('',(#6224));
#2393=EDGE_LOOP('',(#6225));
#2394=EDGE_LOOP('',(#6226));
#2395=EDGE_LOOP('',(#6227,#6228,#6229,#6230));
#2396=EDGE_LOOP('',(#6231));
#2397=EDGE_LOOP('',(#6232));
#2398=EDGE_LOOP('',(#6233));
#2399=EDGE_LOOP('',(#6234,#6235,#6236,#6237));
#2400=EDGE_LOOP('',(#6238));
#2401=EDGE_LOOP('',(#6239));
#2402=EDGE_LOOP('',(#6240));
#2403=EDGE_LOOP('',(#6241,#6242,#6243,#6244));
#2404=EDGE_LOOP('',(#6245));
#2405=EDGE_LOOP('',(#6246));
#2406=EDGE_LOOP('',(#6247));
#2407=EDGE_LOOP('',(#6248,#6249,#6250,#6251));
#2408=EDGE_LOOP('',(#6252));
#2409=EDGE_LOOP('',(#6253));
#2410=EDGE_LOOP('',(#6254));
#2411=EDGE_LOOP('',(#6255,#6256,#6257,#6258));
#2412=EDGE_LOOP('',(#6259,#6260,#6261,#6262));
#2413=EDGE_LOOP('',(#6263,#6264,#6265,#6266));
#2414=EDGE_LOOP('',(#6267,#6268,#6269,#6270));
#2415=EDGE_LOOP('',(#6271,#6272,#6273,#6274));
#2416=EDGE_LOOP('',(#6275,#6276,#6277,#6278));
#2417=EDGE_LOOP('',(#6279));
#2418=EDGE_LOOP('',(#6280,#6281,#6282,#6283));
#2419=EDGE_LOOP('',(#6284));
#2420=EDGE_LOOP('',(#6285));
#2421=EDGE_LOOP('',(#6286));
#2422=EDGE_LOOP('',(#6287));
#2423=EDGE_LOOP('',(#6288));
#2424=EDGE_LOOP('',(#6289));
#2425=EDGE_LOOP('',(#6290));
#2426=EDGE_LOOP('',(#6291));
#2427=EDGE_LOOP('',(#6292));
#2428=EDGE_LOOP('',(#6293));
#2429=EDGE_LOOP('',(#6294));
#2430=EDGE_LOOP('',(#6295,#6296,#6297,#6298,#6299,#6300,#6301,#6302,#6303,
#6304,#6305,#6306,#6307,#6308,#6309,#6310,#6311,#6312,#6313,#6314,#6315,
#6316,#6317,#6318,#6319,#6320,#6321,#6322,#6323));
#2431=EDGE_LOOP('',(#6324,#6325,#6326,#6327));
#2432=EDGE_LOOP('',(#6328,#6329,#6330,#6331));
#2433=EDGE_LOOP('',(#6332,#6333,#6334,#6335));
#2434=EDGE_LOOP('',(#6336,#6337,#6338,#6339));
#2435=EDGE_LOOP('',(#6340,#6341,#6342,#6343));
#2436=EDGE_LOOP('',(#6344,#6345,#6346,#6347));
#2437=EDGE_LOOP('',(#6348,#6349,#6350,#6351));
#2438=EDGE_LOOP('',(#6352,#6353,#6354,#6355));
#2439=EDGE_LOOP('',(#6356,#6357,#6358,#6359));
#2440=EDGE_LOOP('',(#6360,#6361,#6362,#6363));
#2441=EDGE_LOOP('',(#6364,#6365,#6366,#6367));
#2442=EDGE_LOOP('',(#6368,#6369,#6370,#6371));
#2443=EDGE_LOOP('',(#6372,#6373,#6374,#6375));
#2444=EDGE_LOOP('',(#6376,#6377,#6378,#6379));
#2445=EDGE_LOOP('',(#6380,#6381,#6382,#6383,#6384));
#2446=EDGE_LOOP('',(#6385,#6386,#6387,#6388));
#2447=EDGE_LOOP('',(#6389,#6390,#6391,#6392));
#2448=EDGE_LOOP('',(#6393,#6394,#6395,#6396,#6397,#6398));
#2449=CIRCLE('',#6792,3.95);
#2450=CIRCLE('',#6793,1.95);
#2451=CIRCLE('',#6795,1.95);
#2452=CIRCLE('',#6797,2.);
#2453=CIRCLE('',#6806,2.);
#2454=CIRCLE('',#6818,3.);
#2455=CIRCLE('',#6819,3.);
#2456=CIRCLE('',#6820,3.);
#2457=CIRCLE('',#6821,3.);
#2458=CIRCLE('',#6822,3.);
#2459=CIRCLE('',#6824,3.);
#2460=CIRCLE('',#6825,3.);
#2461=CIRCLE('',#6826,3.);
#2462=CIRCLE('',#6827,3.);
#2463=CIRCLE('',#6828,3.);
#2464=CIRCLE('',#6830,1.95);
#2465=CIRCLE('',#6832,1.95);
#2466=CIRCLE('',#6833,1.95);
#2467=CIRCLE('',#6835,1.95);
#2468=CIRCLE('',#6836,1.95);
#2469=CIRCLE('',#6838,3.);
#2470=CIRCLE('',#6839,2.5);
#2471=CIRCLE('',#6841,3.);
#2472=CIRCLE('',#6843,2.5);
#2473=CIRCLE('',#6845,4.);
#2474=CIRCLE('',#6846,3.2);
#2475=CIRCLE('',#6848,3.);
#2476=CIRCLE('',#6852,4.);
#2477=CIRCLE('',#6854,3.);
#2478=CIRCLE('',#6855,3.);
#2479=CIRCLE('',#6857,2.5);
#2480=CIRCLE('',#6860,3.);
#2481=CIRCLE('',#6862,2.5);
#2482=CIRCLE('',#6864,3.);
#2483=CIRCLE('',#6865,3.);
#2484=CIRCLE('',#6866,3.);
#2485=CIRCLE('',#6867,3.);
#2486=CIRCLE('',#6869,2.5);
#2487=CIRCLE('',#6872,3.);
#2488=CIRCLE('',#6873,3.);
#2489=CIRCLE('',#6875,2.5);
#2490=CIRCLE('',#6877,2.5);
#2491=CIRCLE('',#6879,2.5);
#2492=CIRCLE('',#6882,3.2);
#2493=CIRCLE('',#6883,3.2);
#2494=CIRCLE('',#6884,1.);
#2495=CIRCLE('',#6885,5.);
#2496=CIRCLE('',#6886,5.);
#2497=CIRCLE('',#6887,5.);
#2498=CIRCLE('',#6888,5.);
#2499=CIRCLE('',#6889,1.);
#2500=CIRCLE('',#6891,3.);
#2501=CIRCLE('',#6894,3.);
#2502=CIRCLE('',#6896,2.5);
#2503=CIRCLE('',#6898,3.);
#2504=CIRCLE('',#6901,3.);
#2505=CIRCLE('',#6903,2.5);
#2506=CIRCLE('',#6905,3.2);
#2507=CIRCLE('',#6906,3.);
#2508=CIRCLE('',#6907,3.);
#2509=CIRCLE('',#6913,3.);
#2510=CIRCLE('',#6914,3.);
#2511=CIRCLE('',#6916,2.5);
#2512=CIRCLE('',#6918,3.);
#2513=CIRCLE('',#6919,3.);
#2514=CIRCLE('',#6921,2.5);
#2515=CIRCLE('',#6923,2.5);
#2516=CIRCLE('',#6925,3.);
#2517=CIRCLE('',#6926,3.);
#2518=CIRCLE('',#6928,2.5);
#2519=CIRCLE('',#6930,3.);
#2520=CIRCLE('',#6931,3.);
#2521=CIRCLE('',#6938,3.);
#2522=CIRCLE('',#6939,3.);
#2523=CIRCLE('',#6941,2.5);
#2524=CIRCLE('',#6943,3.);
#2525=CIRCLE('',#6944,3.);
#2526=CIRCLE('',#6946,2.5);
#2527=CIRCLE('',#6948,3.);
#2528=CIRCLE('',#6949,3.);
#2529=CIRCLE('',#6950,3.);
#2530=CIRCLE('',#6951,3.);
#2531=CIRCLE('',#6953,2.5);
#2532=CIRCLE('',#6955,3.);
#2533=CIRCLE('',#6956,3.);
#2534=CIRCLE('',#6957,3.);
#2535=CIRCLE('',#6958,3.);
#2536=CIRCLE('',#6960,2.5);
#2537=CIRCLE('',#6962,3.);
#2538=CIRCLE('',#6963,3.);
#2539=CIRCLE('',#6965,2.5);
#2540=CIRCLE('',#6967,3.);
#2541=CIRCLE('',#6968,3.);
#2542=CIRCLE('',#6970,2.5);
#2543=CIRCLE('',#6972,3.);
#2544=CIRCLE('',#6973,3.);
#2545=CIRCLE('',#6975,2.5);
#2546=CIRCLE('',#6977,3.);
#2547=CIRCLE('',#6978,3.);
#2548=CIRCLE('',#6980,2.5);
#2549=CIRCLE('',#6982,3.);
#2550=CIRCLE('',#6983,3.);
#2551=CIRCLE('',#6984,3.);
#2552=CIRCLE('',#6986,2.5);
#2553=CIRCLE('',#6988,3.);
#2554=CIRCLE('',#6989,3.);
#2555=CIRCLE('',#6990,3.);
#2556=CIRCLE('',#6991,3.);
#2557=CIRCLE('',#6993,2.5);
#2558=CIRCLE('',#6995,3.);
#2559=CIRCLE('',#6996,3.);
#2560=CIRCLE('',#6998,2.5);
#2561=CIRCLE('',#7000,3.);
#2562=CIRCLE('',#7001,3.);
#2563=CIRCLE('',#7003,2.5);
#2564=CIRCLE('',#7005,2.5);
#2565=CIRCLE('',#7007,2.5);
#2566=CIRCLE('',#7009,2.5);
#2567=CIRCLE('',#7011,2.5);
#2568=CIRCLE('',#7014,2.5);
#2569=CIRCLE('',#7017,2.5);
#2570=CIRCLE('',#7019,2.5);
#2571=CIRCLE('',#7022,2.5);
#2572=CIRCLE('',#7024,3.);
#2573=CIRCLE('',#7025,3.);
#2574=CIRCLE('',#7027,2.5);
#2575=CIRCLE('',#7029,3.);
#2576=CIRCLE('',#7030,3.);
#2577=CIRCLE('',#7033,3.);
#2578=CIRCLE('',#7034,3.);
#2579=CIRCLE('',#7037,3.);
#2580=CIRCLE('',#7038,3.);
#2581=CIRCLE('',#7041,3.);
#2582=CIRCLE('',#7042,3.);
#2583=CIRCLE('',#7045,3.);
#2584=CIRCLE('',#7046,3.);
#2585=CIRCLE('',#7048,2.5);
#2586=CIRCLE('',#7050,3.);
#2587=CIRCLE('',#7051,3.);
#2588=CIRCLE('',#7053,2.5);
#2589=CIRCLE('',#7055,3.);
#2590=CIRCLE('',#7056,3.);
#2591=CIRCLE('',#7059,3.);
#2592=CIRCLE('',#7060,3.);
#2593=CIRCLE('',#7063,3.);
#2594=CIRCLE('',#7064,3.);
#2595=CIRCLE('',#7067,3.);
#2596=CIRCLE('',#7068,3.);
#2597=CIRCLE('',#7071,3.);
#2598=CIRCLE('',#7072,3.);
#2599=CIRCLE('',#7074,2.5);
#2600=CIRCLE('',#7091,3.);
#2601=CIRCLE('',#7092,3.);
#2602=CIRCLE('',#7095,2.5);
#2603=CIRCLE('',#7097,3.);
#2604=CIRCLE('',#7098,3.);
#2605=CIRCLE('',#7101,2.5);
#2606=CIRCLE('',#7103,3.);
#2607=CIRCLE('',#7104,3.);
#2608=CIRCLE('',#7107,2.5);
#2609=CIRCLE('',#7109,3.);
#2610=CIRCLE('',#7110,3.);
#2611=CIRCLE('',#7113,2.5);
#2612=CIRCLE('',#7115,3.);
#2613=CIRCLE('',#7116,3.);
#2614=CIRCLE('',#7119,2.5);
#2615=CIRCLE('',#7121,2.5);
#2616=CIRCLE('',#7123,2.5);
#2617=CIRCLE('',#7125,2.5);
#2618=CIRCLE('',#7127,2.5);
#2619=CIRCLE('',#7129,2.5);
#2620=CIRCLE('',#7131,1.);
#2621=CIRCLE('',#7134,1.);
#2622=CIRCLE('',#7137,3.);
#2623=CIRCLE('',#7139,3.);
#2624=CIRCLE('',#7141,3.);
#2625=CIRCLE('',#7143,3.);
#2626=CIRCLE('',#7145,3.);
#2627=CIRCLE('',#7150,3.);
#2628=CIRCLE('',#7152,3.);
#2629=CIRCLE('',#7154,5.);
#2630=CIRCLE('',#7157,5.);
#2631=CIRCLE('',#7160,5.);
#2632=CIRCLE('',#7163,5.);
#2633=CIRCLE('',#7166,3.);
#2634=CIRCLE('',#7168,3.);
#2635=CIRCLE('',#7170,3.);
#2636=CIRCLE('',#7174,3.);
#2637=CIRCLE('',#7177,3.);
#2638=CIRCLE('',#7180,1.5);
#2639=CIRCLE('',#7181,1.5);
#2640=CIRCLE('',#7183,1.5);
#2641=CIRCLE('',#7184,1.5);
#2642=CIRCLE('',#7186,1.49999999999999);
#2643=CIRCLE('',#7187,1.49999999999999);
#2644=CIRCLE('',#7189,3.);
#2645=CIRCLE('',#7190,3.);
#2646=CIRCLE('',#7191,3.);
#2647=CIRCLE('',#7193,3.);
#2648=CIRCLE('',#7194,3.);
#2649=CIRCLE('',#7196,3.);
#2650=CIRCLE('',#7197,3.);
#2651=CIRCLE('',#7198,3.);
#2652=CIRCLE('',#7200,3.);
#2653=CIRCLE('',#7201,3.);
#2654=CIRCLE('',#7203,3.);
#2655=CIRCLE('',#7204,3.);
#2656=CIRCLE('',#7207,3.);
#2657=CIRCLE('',#7210,4.);
#2658=CIRCLE('',#7211,3.);
#2659=CIRCLE('',#7212,3.);
#2660=CIRCLE('',#7213,5.);
#2661=CIRCLE('',#7214,5.);
#2662=CIRCLE('',#7215,5.);
#2663=CIRCLE('',#7216,5.);
#2664=CIRCLE('',#7217,3.);
#2665=CIRCLE('',#7218,3.);
#2666=CIRCLE('',#7219,3.);
#2667=CIRCLE('',#7221,2.5);
#2668=CIRCLE('',#7222,3.);
#2669=CIRCLE('',#7224,3.);
#2670=CIRCLE('',#7226,2.5);
#2671=CIRCLE('',#7228,3.2);
#2672=CIRCLE('',#7229,4.);
#2673=CIRCLE('',#7231,3.);
#2674=CIRCLE('',#7232,3.);
#2675=CIRCLE('',#7237,3.);
#2676=CIRCLE('',#7238,3.);
#2677=CIRCLE('',#7239,3.);
#2678=CIRCLE('',#7240,3.);
#2679=CIRCLE('',#7242,3.);
#2680=CIRCLE('',#7243,3.);
#2681=CIRCLE('',#7244,3.);
#2682=CIRCLE('',#7246,2.5);
#2683=CIRCLE('',#7249,3.);
#2684=CIRCLE('',#7250,3.);
#2685=CIRCLE('',#7252,2.5);
#2686=CIRCLE('',#7254,3.);
#2687=CIRCLE('',#7255,3.);
#2688=CIRCLE('',#7256,3.);
#2689=CIRCLE('',#7257,3.);
#2690=CIRCLE('',#7258,3.);
#2691=CIRCLE('',#7260,2.5);
#2692=CIRCLE('',#7263,3.);
#2693=CIRCLE('',#7264,3.);
#2694=CIRCLE('',#7265,3.);
#2695=CIRCLE('',#7266,3.);
#2696=CIRCLE('',#7268,2.5);
#2697=CIRCLE('',#7270,2.5);
#2698=CIRCLE('',#7272,2.5);
#2699=CIRCLE('',#7275,3.2);
#2700=CIRCLE('',#7276,3.2);
#2701=CIRCLE('',#7277,1.);
#2702=CIRCLE('',#7278,5.);
#2703=CIRCLE('',#7279,5.);
#2704=CIRCLE('',#7280,5.);
#2705=CIRCLE('',#7281,5.);
#2706=CIRCLE('',#7282,1.);
#2707=CIRCLE('',#7284,3.);
#2708=CIRCLE('',#7287,3.);
#2709=CIRCLE('',#7289,2.5);
#2710=CIRCLE('',#7291,3.);
#2711=CIRCLE('',#7294,3.);
#2712=CIRCLE('',#7296,2.5);
#2713=CIRCLE('',#7298,3.);
#2714=CIRCLE('',#7299,3.2);
#2715=CIRCLE('',#7305,3.);
#2716=CIRCLE('',#7306,3.);
#2717=CIRCLE('',#7308,2.5);
#2718=CIRCLE('',#7310,3.);
#2719=CIRCLE('',#7311,3.);
#2720=CIRCLE('',#7313,2.5);
#2721=CIRCLE('',#7315,2.5);
#2722=CIRCLE('',#7317,3.);
#2723=CIRCLE('',#7318,3.);
#2724=CIRCLE('',#7320,2.5);
#2725=CIRCLE('',#7322,3.);
#2726=CIRCLE('',#7323,3.);
#2727=CIRCLE('',#7330,3.);
#2728=CIRCLE('',#7331,3.);
#2729=CIRCLE('',#7333,2.5);
#2730=CIRCLE('',#7335,3.);
#2731=CIRCLE('',#7336,3.);
#2732=CIRCLE('',#7338,2.5);
#2733=CIRCLE('',#7340,3.);
#2734=CIRCLE('',#7341,3.);
#2735=CIRCLE('',#7342,3.);
#2736=CIRCLE('',#7343,3.);
#2737=CIRCLE('',#7345,2.5);
#2738=CIRCLE('',#7347,3.);
#2739=CIRCLE('',#7348,3.);
#2740=CIRCLE('',#7349,3.);
#2741=CIRCLE('',#7350,3.);
#2742=CIRCLE('',#7352,2.5);
#2743=CIRCLE('',#7354,3.);
#2744=CIRCLE('',#7355,3.);
#2745=CIRCLE('',#7357,2.5);
#2746=CIRCLE('',#7359,3.);
#2747=CIRCLE('',#7360,3.);
#2748=CIRCLE('',#7362,2.5);
#2749=CIRCLE('',#7364,3.);
#2750=CIRCLE('',#7365,3.);
#2751=CIRCLE('',#7367,2.5);
#2752=CIRCLE('',#7369,3.);
#2753=CIRCLE('',#7370,3.);
#2754=CIRCLE('',#7372,2.5);
#2755=CIRCLE('',#7374,3.);
#2756=CIRCLE('',#7375,3.);
#2757=CIRCLE('',#7376,3.);
#2758=CIRCLE('',#7378,2.5);
#2759=CIRCLE('',#7380,3.);
#2760=CIRCLE('',#7381,3.);
#2761=CIRCLE('',#7382,3.);
#2762=CIRCLE('',#7383,3.);
#2763=CIRCLE('',#7385,2.5);
#2764=CIRCLE('',#7387,3.);
#2765=CIRCLE('',#7388,3.);
#2766=CIRCLE('',#7390,2.5);
#2767=CIRCLE('',#7392,3.);
#2768=CIRCLE('',#7393,3.);
#2769=CIRCLE('',#7395,2.5);
#2770=CIRCLE('',#7397,2.5);
#2771=CIRCLE('',#7399,2.5);
#2772=CIRCLE('',#7401,2.5);
#2773=CIRCLE('',#7403,2.5);
#2774=CIRCLE('',#7406,2.5);
#2775=CIRCLE('',#7409,2.5);
#2776=CIRCLE('',#7411,2.5);
#2777=CIRCLE('',#7414,2.5);
#2778=CIRCLE('',#7416,3.);
#2779=CIRCLE('',#7417,3.);
#2780=CIRCLE('',#7419,2.5);
#2781=CIRCLE('',#7421,3.);
#2782=CIRCLE('',#7422,3.);
#2783=CIRCLE('',#7425,3.);
#2784=CIRCLE('',#7426,3.);
#2785=CIRCLE('',#7429,3.);
#2786=CIRCLE('',#7430,3.);
#2787=CIRCLE('',#7433,3.);
#2788=CIRCLE('',#7434,3.);
#2789=CIRCLE('',#7437,3.);
#2790=CIRCLE('',#7438,3.);
#2791=CIRCLE('',#7440,2.5);
#2792=CIRCLE('',#7442,3.);
#2793=CIRCLE('',#7443,3.);
#2794=CIRCLE('',#7445,2.5);
#2795=CIRCLE('',#7447,3.);
#2796=CIRCLE('',#7448,3.);
#2797=CIRCLE('',#7451,3.);
#2798=CIRCLE('',#7452,3.);
#2799=CIRCLE('',#7455,3.);
#2800=CIRCLE('',#7456,3.);
#2801=CIRCLE('',#7459,3.);
#2802=CIRCLE('',#7460,3.);
#2803=CIRCLE('',#7463,3.);
#2804=CIRCLE('',#7464,3.);
#2805=CIRCLE('',#7466,2.5);
#2806=CIRCLE('',#7484,3.);
#2807=CIRCLE('',#7485,3.);
#2808=CIRCLE('',#7488,2.5);
#2809=CIRCLE('',#7490,3.);
#2810=CIRCLE('',#7491,3.);
#2811=CIRCLE('',#7494,2.5);
#2812=CIRCLE('',#7496,3.);
#2813=CIRCLE('',#7497,3.);
#2814=CIRCLE('',#7500,2.5);
#2815=CIRCLE('',#7502,3.);
#2816=CIRCLE('',#7503,3.);
#2817=CIRCLE('',#7506,2.5);
#2818=CIRCLE('',#7508,3.);
#2819=CIRCLE('',#7509,3.);
#2820=CIRCLE('',#7512,2.5);
#2821=CIRCLE('',#7514,2.5);
#2822=CIRCLE('',#7516,2.5);
#2823=CIRCLE('',#7518,2.5);
#2824=CIRCLE('',#7520,2.5);
#2825=CIRCLE('',#7522,2.5);
#2826=CIRCLE('',#7524,1.);
#2827=CIRCLE('',#7527,1.);
#2828=CIRCLE('',#7530,3.);
#2829=CIRCLE('',#7532,3.);
#2830=CIRCLE('',#7534,3.);
#2831=CIRCLE('',#7536,3.);
#2832=CIRCLE('',#7538,3.);
#2833=B_SPLINE_CURVE_WITH_KNOTS('',3,(#9655,#9656,#9657,#9658,#9659,#9660,
#9661,#9662,#9663,#9664),.UNSPECIFIED.,.F.,.F.,(4,2,2,2,4),(0.59239094763658,
0.666437995345357,0.740487323995746,0.814537678348674,0.888587710703628),
 .UNSPECIFIED.);
#2834=B_SPLINE_CURVE_WITH_KNOTS('',3,(#9668,#9669,#9670,#9671,#9672,#9673,
#9674,#9675,#9676,#9677),.UNSPECIFIED.,.F.,.F.,(4,2,2,2,4),(0.296194184569532,
0.370244216924485,0.444294571277414,0.518343899927803,0.59239094763658),
 .UNSPECIFIED.);
#2835=B_SPLINE_CURVE_WITH_KNOTS('',3,(#9873,#9874,#9875,#9876,#9877,#9878,
#9879,#9880,#9881,#9882,#9883,#9884),.UNSPECIFIED.,.F.,.F.,(4,2,2,2,2,4),
(0.,0.0604340316452085,0.120868063290417,0.241736126580834,0.36006196705804,
0.478387807535246),.UNSPECIFIED.);
#2836=B_SPLINE_CURVE_WITH_KNOTS('',3,(#9894,#9895,#9896,#9897,#9898,#9899,
#9900,#9901,#9902,#9903),.UNSPECIFIED.,.F.,.F.,(4,2,2,2,4),(0.153386954598424,
0.1805227074497,0.3610454148994,0.4696554642939,0.569503843528859),
 .UNSPECIFIED.);
#2837=B_SPLINE_CURVE_WITH_KNOTS('',3,(#9922,#9923,#9924,#9925,#9926,#9927,
#9928,#9929,#9930,#9931,#9932,#9933),.UNSPECIFIED.,.F.,.F.,(4,2,2,2,2,4),
(0.500862378271116,0.516258941190505,0.609083770566952,0.7019085999434,
0.793712293391365,0.885515986839331),.UNSPECIFIED.);
#2838=B_SPLINE_CURVE_WITH_KNOTS('',3,(#9948,#9949,#9950,#9951,#9952,#9953,
#9954,#9955,#9956,#9957),.UNSPECIFIED.,.F.,.F.,(4,2,2,2,4),(1.4805295909017,
1.58037797013666,1.68898801953116,1.86951072698086,1.89664647983213),
 .UNSPECIFIED.);
#2839=B_SPLINE_CURVE_WITH_KNOTS('',3,(#9965,#9966,#9967,#9968),
 .UNSPECIFIED.,.F.,.F.,(4,4),(0.153386954598423,0.175474175490796),
 .UNSPECIFIED.);
#2840=B_SPLINE_CURVE_WITH_KNOTS('',3,(#9980,#9981,#9982,#9983,#9984,#9985,
#9986,#9987,#9988,#9989,#9990,#9991,#9992,#9993,#9994,#9995),
 .UNSPECIFIED.,.F.,.F.,(4,2,2,2,2,2,2,4),(0.732066734430663,0.793712293391365,
0.885515986839331,0.977319680287296,1.06912337373526,1.16194820311171,1.25477303248816,
1.27016959540754),.UNSPECIFIED.);
#2841=B_SPLINE_CURVE_WITH_KNOTS('',3,(#10320,#10321,#10322,#10323,#10324,
#10325,#10326,#10327,#10328,#10329,#10330,#10331),.UNSPECIFIED.,.F.,.F.,
(4,2,2,2,2,4),(0.500862378271117,0.516258941190505,0.609083770566953,0.7019085999434,
0.793712293391366,0.885515986839331),.UNSPECIFIED.);
#2842=B_SPLINE_CURVE_WITH_KNOTS('',3,(#10334,#10335,#10336,#10337,#10338,
#10339),.UNSPECIFIED.,.F.,.F.,(4,2,4),(0.885515986839331,0.977319680287297,
1.038965239248),.UNSPECIFIED.);
#2843=B_SPLINE_CURVE_WITH_KNOTS('',3,(#10373,#10374,#10375,#10376,#10377,
#10378,#10379,#10380,#10381,#10382,#10383,#10384),.UNSPECIFIED.,.F.,.F.,
(4,2,2,2,2,4),(0.885515986839332,0.977319680287297,1.06912337373526,1.16194820311171,
1.25477303248816,1.27016959540755),.UNSPECIFIED.);
#2844=B_SPLINE_CURVE_WITH_KNOTS('',3,(#10952,#10953,#10954,#10955,#10956,
#10957,#10958,#10959,#10960,#10961,#10962,#10963),.UNSPECIFIED.,.F.,.F.,
(4,2,2,2,2,4),(0.,0.0604340316452085,0.120868063290417,0.241736126580834,
0.36006196705804,0.478387807535246),.UNSPECIFIED.);
#2845=B_SPLINE_CURVE_WITH_KNOTS('',3,(#10996,#10997,#10998,#10999,#11000,
#11001,#11002,#11003,#11004,#11005),.UNSPECIFIED.,.F.,.F.,(4,2,2,2,4),(0.153386954598424,
0.1805227074497,0.3610454148994,0.4696554642939,0.569503843528859),
 .UNSPECIFIED.);
#2846=B_SPLINE_CURVE_WITH_KNOTS('',3,(#11018,#11019,#11020,#11021,#11022,
#11023,#11024,#11025,#11026,#11027,#11028,#11029),.UNSPECIFIED.,.F.,.F.,
(4,2,2,2,2,4),(0.500862378271116,0.516258941190505,0.609083770566952,0.7019085999434,
0.793712293391365,0.885515986839331),.UNSPECIFIED.);
#2847=B_SPLINE_CURVE_WITH_KNOTS('',3,(#11047,#11048,#11049,#11050),
 .UNSPECIFIED.,.F.,.F.,(4,4),(0.153386954598423,0.175474175490796),
 .UNSPECIFIED.);
#2848=B_SPLINE_CURVE_WITH_KNOTS('',3,(#11060,#11061,#11062,#11063,#11064,
#11065,#11066,#11067,#11068,#11069),.UNSPECIFIED.,.F.,.F.,(4,2,2,2,4),(1.4805295909017,
1.58037797013666,1.68898801953116,1.86951072698086,1.89664647983213),
 .UNSPECIFIED.);
#2849=B_SPLINE_CURVE_WITH_KNOTS('',3,(#11090,#11091,#11092,#11093,#11094,
#11095,#11096,#11097,#11098,#11099,#11100,#11101,#11102,#11103,#11104,#11105),
 .UNSPECIFIED.,.F.,.F.,(4,2,2,2,2,2,2,4),(0.732066734430663,0.793712293391365,
0.885515986839331,0.977319680287296,1.06912337373526,1.16194820311171,1.25477303248816,
1.27016959540754),.UNSPECIFIED.);
#2850=B_SPLINE_CURVE_WITH_KNOTS('',3,(#11415,#11416,#11417,#11418,#11419,
#11420),.UNSPECIFIED.,.F.,.F.,(4,2,4),(0.885515986839331,0.977319680287297,
1.038965239248),.UNSPECIFIED.);
#2851=B_SPLINE_CURVE_WITH_KNOTS('',3,(#11424,#11425,#11426,#11427,#11428,
#11429,#11430,#11431,#11432,#11433,#11434,#11435),.UNSPECIFIED.,.F.,.F.,
(4,2,2,2,2,4),(0.500862378271117,0.516258941190505,0.609083770566953,0.7019085999434,
0.793712293391366,0.885515986839331),.UNSPECIFIED.);
#2852=B_SPLINE_CURVE_WITH_KNOTS('',3,(#11472,#11473,#11474,#11475,#11476,
#11477,#11478,#11479,#11480,#11481,#11482,#11483),.UNSPECIFIED.,.F.,.F.,
(4,2,2,2,2,4),(0.885515986839332,0.977319680287297,1.06912337373526,1.16194820311171,
1.25477303248816,1.27016959540755),.UNSPECIFIED.);
#2853=VERTEX_POINT('',#9653);
#2854=VERTEX_POINT('',#9654);
#2855=VERTEX_POINT('',#9665);
#2856=VERTEX_POINT('',#9667);
#2857=VERTEX_POINT('',#9680);
#2858=VERTEX_POINT('',#9682);
#2859=VERTEX_POINT('',#9686);
#2860=VERTEX_POINT('',#9688);
#2861=VERTEX_POINT('',#9690);
#2862=VERTEX_POINT('',#9694);
#2863=VERTEX_POINT('',#9696);
#2864=VERTEX_POINT('',#9700);
#2865=VERTEX_POINT('',#9702);
#2866=VERTEX_POINT('',#9706);
#2867=VERTEX_POINT('',#9707);
#2868=VERTEX_POINT('',#9709);
#2869=VERTEX_POINT('',#9711);
#2870=VERTEX_POINT('',#9715);
#2871=VERTEX_POINT('',#9716);
#2872=VERTEX_POINT('',#9718);
#2873=VERTEX_POINT('',#9720);
#2874=VERTEX_POINT('',#9730);
#2875=VERTEX_POINT('',#9732);
#2876=VERTEX_POINT('',#9736);
#2877=VERTEX_POINT('',#9738);
#2878=VERTEX_POINT('',#9740);
#2879=VERTEX_POINT('',#9744);
#2880=VERTEX_POINT('',#9749);
#2881=VERTEX_POINT('',#9751);
#2882=VERTEX_POINT('',#9758);
#2883=VERTEX_POINT('',#9760);
#2884=VERTEX_POINT('',#9762);
#2885=VERTEX_POINT('',#9764);
#2886=VERTEX_POINT('',#9766);
#2887=VERTEX_POINT('',#9768);
#2888=VERTEX_POINT('',#9770);
#2889=VERTEX_POINT('',#9772);
#2890=VERTEX_POINT('',#9774);
#2891=VERTEX_POINT('',#9777);
#2892=VERTEX_POINT('',#9779);
#2893=VERTEX_POINT('',#9782);
#2894=VERTEX_POINT('',#9784);
#2895=VERTEX_POINT('',#9786);
#2896=VERTEX_POINT('',#9788);
#2897=VERTEX_POINT('',#9790);
#2898=VERTEX_POINT('',#9792);
#2899=VERTEX_POINT('',#9794);
#2900=VERTEX_POINT('',#9796);
#2901=VERTEX_POINT('',#9798);
#2902=VERTEX_POINT('',#9802);
#2903=VERTEX_POINT('',#9806);
#2904=VERTEX_POINT('',#9808);
#2905=VERTEX_POINT('',#9812);
#2906=VERTEX_POINT('',#9814);
#2907=VERTEX_POINT('',#9818);
#2908=VERTEX_POINT('',#9819);
#2909=VERTEX_POINT('',#9821);
#2910=VERTEX_POINT('',#9823);
#2911=VERTEX_POINT('',#9827);
#2912=VERTEX_POINT('',#9829);
#2913=VERTEX_POINT('',#9833);
#2914=VERTEX_POINT('',#9835);
#2915=VERTEX_POINT('',#9840);
#2916=VERTEX_POINT('',#9842);
#2917=VERTEX_POINT('',#9844);
#2918=VERTEX_POINT('',#9846);
#2919=VERTEX_POINT('',#9848);
#2920=VERTEX_POINT('',#9850);
#2921=VERTEX_POINT('',#9852);
#2922=VERTEX_POINT('',#9854);
#2923=VERTEX_POINT('',#9856);
#2924=VERTEX_POINT('',#9858);
#2925=VERTEX_POINT('',#9860);
#2926=VERTEX_POINT('',#9862);
#2927=VERTEX_POINT('',#9864);
#2928=VERTEX_POINT('',#9866);
#2929=VERTEX_POINT('',#9869);
#2930=VERTEX_POINT('',#9889);
#2931=VERTEX_POINT('',#9893);
#2932=VERTEX_POINT('',#9904);
#2933=VERTEX_POINT('',#9906);
#2934=VERTEX_POINT('',#9908);
#2935=VERTEX_POINT('',#9912);
#2936=VERTEX_POINT('',#9914);
#2937=VERTEX_POINT('',#9918);
#2938=VERTEX_POINT('',#9934);
#2939=VERTEX_POINT('',#9938);
#2940=VERTEX_POINT('',#9942);
#2941=VERTEX_POINT('',#9944);
#2942=VERTEX_POINT('',#9946);
#2943=VERTEX_POINT('',#9958);
#2944=VERTEX_POINT('',#9960);
#2945=VERTEX_POINT('',#9962);
#2946=VERTEX_POINT('',#9964);
#2947=VERTEX_POINT('',#9971);
#2948=VERTEX_POINT('',#9976);
#2949=VERTEX_POINT('',#9979);
#2950=VERTEX_POINT('',#9996);
#2951=VERTEX_POINT('',#9998);
#2952=VERTEX_POINT('',#10002);
#2953=VERTEX_POINT('',#10005);
#2954=VERTEX_POINT('',#10007);
#2955=VERTEX_POINT('',#10011);
#2956=VERTEX_POINT('',#10015);
#2957=VERTEX_POINT('',#10018);
#2958=VERTEX_POINT('',#10023);
#2959=VERTEX_POINT('',#10025);
#2960=VERTEX_POINT('',#10027);
#2961=VERTEX_POINT('',#10029);
#2962=VERTEX_POINT('',#10031);
#2963=VERTEX_POINT('',#10033);
#2964=VERTEX_POINT('',#10035);
#2965=VERTEX_POINT('',#10037);
#2966=VERTEX_POINT('',#10039);
#2967=VERTEX_POINT('',#10041);
#2968=VERTEX_POINT('',#10043);
#2969=VERTEX_POINT('',#10045);
#2970=VERTEX_POINT('',#10047);
#2971=VERTEX_POINT('',#10049);
#2972=VERTEX_POINT('',#10051);
#2973=VERTEX_POINT('',#10053);
#2974=VERTEX_POINT('',#10055);
#2975=VERTEX_POINT('',#10057);
#2976=VERTEX_POINT('',#10059);
#2977=VERTEX_POINT('',#10063);
#2978=VERTEX_POINT('',#10065);
#2979=VERTEX_POINT('',#10066);
#2980=VERTEX_POINT('',#10068);
#2981=VERTEX_POINT('',#10070);
#2982=VERTEX_POINT('',#10072);
#2983=VERTEX_POINT('',#10074);
#2984=VERTEX_POINT('',#10076);
#2985=VERTEX_POINT('',#10078);
#2986=VERTEX_POINT('',#10081);
#2987=VERTEX_POINT('',#10087);
#2988=VERTEX_POINT('',#10091);
#2989=VERTEX_POINT('',#10094);
#2990=VERTEX_POINT('',#10100);
#2991=VERTEX_POINT('',#10104);
#2992=VERTEX_POINT('',#10107);
#2993=VERTEX_POINT('',#10109);
#2994=VERTEX_POINT('',#10111);
#2995=VERTEX_POINT('',#10113);
#2996=VERTEX_POINT('',#10115);
#2997=VERTEX_POINT('',#10117);
#2998=VERTEX_POINT('',#10119);
#2999=VERTEX_POINT('',#10121);
#3000=VERTEX_POINT('',#10123);
#3001=VERTEX_POINT('',#10125);
#3002=VERTEX_POINT('',#10127);
#3003=VERTEX_POINT('',#10129);
#3004=VERTEX_POINT('',#10131);
#3005=VERTEX_POINT('',#10133);
#3006=VERTEX_POINT('',#10135);
#3007=VERTEX_POINT('',#10137);
#3008=VERTEX_POINT('',#10139);
#3009=VERTEX_POINT('',#10141);
#3010=VERTEX_POINT('',#10143);
#3011=VERTEX_POINT('',#10145);
#3012=VERTEX_POINT('',#10147);
#3013=VERTEX_POINT('',#10149);
#3014=VERTEX_POINT('',#10151);
#3015=VERTEX_POINT('',#10153);
#3016=VERTEX_POINT('',#10155);
#3017=VERTEX_POINT('',#10157);
#3018=VERTEX_POINT('',#10159);
#3019=VERTEX_POINT('',#10174);
#3020=VERTEX_POINT('',#10176);
#3021=VERTEX_POINT('',#10180);
#3022=VERTEX_POINT('',#10185);
#3023=VERTEX_POINT('',#10187);
#3024=VERTEX_POINT('',#10191);
#3025=VERTEX_POINT('',#10202);
#3026=VERTEX_POINT('',#10204);
#3027=VERTEX_POINT('',#10208);
#3028=VERTEX_POINT('',#10209);
#3029=VERTEX_POINT('',#10211);
#3030=VERTEX_POINT('',#10213);
#3031=VERTEX_POINT('',#10217);
#3032=VERTEX_POINT('',#10219);
#3033=VERTEX_POINT('',#10223);
#3034=VERTEX_POINT('',#10224);
#3035=VERTEX_POINT('',#10226);
#3036=VERTEX_POINT('',#10228);
#3037=VERTEX_POINT('',#10232);
#3038=VERTEX_POINT('',#10234);
#3039=VERTEX_POINT('',#10238);
#3040=VERTEX_POINT('',#10240);
#3041=VERTEX_POINT('',#10246);
#3042=VERTEX_POINT('',#10249);
#3043=VERTEX_POINT('',#10251);
#3044=VERTEX_POINT('',#10257);
#3045=VERTEX_POINT('',#10260);
#3046=VERTEX_POINT('',#10261);
#3047=VERTEX_POINT('',#10263);
#3048=VERTEX_POINT('',#10265);
#3049=VERTEX_POINT('',#10269);
#3050=VERTEX_POINT('',#10271);
#3051=VERTEX_POINT('',#10275);
#3052=VERTEX_POINT('',#10276);
#3053=VERTEX_POINT('',#10278);
#3054=VERTEX_POINT('',#10280);
#3055=VERTEX_POINT('',#10284);
#3056=VERTEX_POINT('',#10286);
#3057=VERTEX_POINT('',#10290);
#3058=VERTEX_POINT('',#10291);
#3059=VERTEX_POINT('',#10293);
#3060=VERTEX_POINT('',#10295);
#3061=VERTEX_POINT('',#10299);
#3062=VERTEX_POINT('',#10301);
#3063=VERTEX_POINT('',#10305);
#3064=VERTEX_POINT('',#10307);
#3065=VERTEX_POINT('',#10311);
#3066=VERTEX_POINT('',#10315);
#3067=VERTEX_POINT('',#10317);
#3068=VERTEX_POINT('',#10319);
#3069=VERTEX_POINT('',#10341);
#3070=VERTEX_POINT('',#10344);
#3071=VERTEX_POINT('',#10346);
#3072=VERTEX_POINT('',#10352);
#3073=VERTEX_POINT('',#10355);
#3074=VERTEX_POINT('',#10356);
#3075=VERTEX_POINT('',#10358);
#3076=VERTEX_POINT('',#10360);
#3077=VERTEX_POINT('',#10364);
#3078=VERTEX_POINT('',#10366);
#3079=VERTEX_POINT('',#10370);
#3080=VERTEX_POINT('',#10371);
#3081=VERTEX_POINT('',#10385);
#3082=VERTEX_POINT('',#10389);
#3083=VERTEX_POINT('',#10393);
#3084=VERTEX_POINT('',#10395);
#3085=VERTEX_POINT('',#10399);
#3086=VERTEX_POINT('',#10401);
#3087=VERTEX_POINT('',#10405);
#3088=VERTEX_POINT('',#10407);
#3089=VERTEX_POINT('',#10411);
#3090=VERTEX_POINT('',#10413);
#3091=VERTEX_POINT('',#10417);
#3092=VERTEX_POINT('',#10419);
#3093=VERTEX_POINT('',#10421);
#3094=VERTEX_POINT('',#10423);
#3095=VERTEX_POINT('',#10425);
#3096=VERTEX_POINT('',#10430);
#3097=VERTEX_POINT('',#10434);
#3098=VERTEX_POINT('',#10436);
#3099=VERTEX_POINT('',#10438);
#3100=VERTEX_POINT('',#10440);
#3101=VERTEX_POINT('',#10442);
#3102=VERTEX_POINT('',#10449);
#3103=VERTEX_POINT('',#10451);
#3104=VERTEX_POINT('',#10455);
#3105=VERTEX_POINT('',#10457);
#3106=VERTEX_POINT('',#10459);
#3107=VERTEX_POINT('',#10461);
#3108=VERTEX_POINT('',#10466);
#3109=VERTEX_POINT('',#10470);
#3110=VERTEX_POINT('',#10472);
#3111=VERTEX_POINT('',#10476);
#3112=VERTEX_POINT('',#10479);
#3113=VERTEX_POINT('',#10480);
#3114=VERTEX_POINT('',#10482);
#3115=VERTEX_POINT('',#10484);
#3116=VERTEX_POINT('',#10491);
#3117=VERTEX_POINT('',#10492);
#3118=VERTEX_POINT('',#10494);
#3119=VERTEX_POINT('',#10496);
#3120=VERTEX_POINT('',#10503);
#3121=VERTEX_POINT('',#10505);
#3122=VERTEX_POINT('',#10511);
#3123=VERTEX_POINT('',#10513);
#3124=VERTEX_POINT('',#10519);
#3125=VERTEX_POINT('',#10521);
#3126=VERTEX_POINT('',#10525);
#3127=VERTEX_POINT('',#10528);
#3128=VERTEX_POINT('',#10530);
#3129=VERTEX_POINT('',#10534);
#3130=VERTEX_POINT('',#10537);
#3131=VERTEX_POINT('',#10539);
#3132=VERTEX_POINT('',#10545);
#3133=VERTEX_POINT('',#10547);
#3134=VERTEX_POINT('',#10561);
#3135=VERTEX_POINT('',#10563);
#3136=VERTEX_POINT('',#10567);
#3137=VERTEX_POINT('',#10600);
#3138=VERTEX_POINT('',#10602);
#3139=VERTEX_POINT('',#10607);
#3140=VERTEX_POINT('',#10610);
#3141=VERTEX_POINT('',#10612);
#3142=VERTEX_POINT('',#10617);
#3143=VERTEX_POINT('',#10620);
#3144=VERTEX_POINT('',#10622);
#3145=VERTEX_POINT('',#10627);
#3146=VERTEX_POINT('',#10630);
#3147=VERTEX_POINT('',#10632);
#3148=VERTEX_POINT('',#10637);
#3149=VERTEX_POINT('',#10640);
#3150=VERTEX_POINT('',#10642);
#3151=VERTEX_POINT('',#10647);
#3152=VERTEX_POINT('',#10650);
#3153=VERTEX_POINT('',#10654);
#3154=VERTEX_POINT('',#10658);
#3155=VERTEX_POINT('',#10662);
#3156=VERTEX_POINT('',#10666);
#3157=VERTEX_POINT('',#10670);
#3158=VERTEX_POINT('',#10675);
#3159=VERTEX_POINT('',#10680);
#3160=VERTEX_POINT('',#10683);
#3161=VERTEX_POINT('',#10686);
#3162=VERTEX_POINT('',#10689);
#3163=VERTEX_POINT('',#10692);
#3164=VERTEX_POINT('',#10700);
#3165=VERTEX_POINT('',#10704);
#3166=VERTEX_POINT('',#10708);
#3167=VERTEX_POINT('',#10710);
#3168=VERTEX_POINT('',#10714);
#3169=VERTEX_POINT('',#10718);
#3170=VERTEX_POINT('',#10722);
#3171=VERTEX_POINT('',#10726);
#3172=VERTEX_POINT('',#10730);
#3173=VERTEX_POINT('',#10734);
#3174=VERTEX_POINT('',#10740);
#3175=VERTEX_POINT('',#10744);
#3176=VERTEX_POINT('',#10748);
#3177=VERTEX_POINT('',#10752);
#3178=VERTEX_POINT('',#10754);
#3179=VERTEX_POINT('',#10760);
#3180=VERTEX_POINT('',#10764);
#3181=VERTEX_POINT('',#10771);
#3182=VERTEX_POINT('',#10773);
#3183=VERTEX_POINT('',#10777);
#3184=VERTEX_POINT('',#10779);
#3185=VERTEX_POINT('',#10783);
#3186=VERTEX_POINT('',#10785);
#3187=VERTEX_POINT('',#10789);
#3188=VERTEX_POINT('',#10790);
#3189=VERTEX_POINT('',#10792);
#3190=VERTEX_POINT('',#10794);
#3191=VERTEX_POINT('',#10798);
#3192=VERTEX_POINT('',#10800);
#3193=VERTEX_POINT('',#10803);
#3194=VERTEX_POINT('',#10805);
#3195=VERTEX_POINT('',#10809);
#3196=VERTEX_POINT('',#10810);
#3197=VERTEX_POINT('',#10812);
#3198=VERTEX_POINT('',#10814);
#3199=VERTEX_POINT('',#10818);
#3200=VERTEX_POINT('',#10820);
#3201=VERTEX_POINT('',#10823);
#3202=VERTEX_POINT('',#10825);
#3203=VERTEX_POINT('',#10829);
#3204=VERTEX_POINT('',#10831);
#3205=VERTEX_POINT('',#10836);
#3206=VERTEX_POINT('',#10838);
#3207=VERTEX_POINT('',#10842);
#3208=VERTEX_POINT('',#10844);
#3209=VERTEX_POINT('',#10846);
#3210=VERTEX_POINT('',#10848);
#3211=VERTEX_POINT('',#10853);
#3212=VERTEX_POINT('',#10855);
#3213=VERTEX_POINT('',#10857);
#3214=VERTEX_POINT('',#10859);
#3215=VERTEX_POINT('',#10861);
#3216=VERTEX_POINT('',#10865);
#3217=VERTEX_POINT('',#10867);
#3218=VERTEX_POINT('',#10869);
#3219=VERTEX_POINT('',#10870);
#3220=VERTEX_POINT('',#10872);
#3221=VERTEX_POINT('',#10874);
#3222=VERTEX_POINT('',#10876);
#3223=VERTEX_POINT('',#10878);
#3224=VERTEX_POINT('',#10880);
#3225=VERTEX_POINT('',#10882);
#3226=VERTEX_POINT('',#10885);
#3227=VERTEX_POINT('',#10887);
#3228=VERTEX_POINT('',#10889);
#3229=VERTEX_POINT('',#10892);
#3230=VERTEX_POINT('',#10893);
#3231=VERTEX_POINT('',#10895);
#3232=VERTEX_POINT('',#10897);
#3233=VERTEX_POINT('',#10901);
#3234=VERTEX_POINT('',#10903);
#3235=VERTEX_POINT('',#10907);
#3236=VERTEX_POINT('',#10909);
#3237=VERTEX_POINT('',#10914);
#3238=VERTEX_POINT('',#10916);
#3239=VERTEX_POINT('',#10918);
#3240=VERTEX_POINT('',#10920);
#3241=VERTEX_POINT('',#10922);
#3242=VERTEX_POINT('',#10924);
#3243=VERTEX_POINT('',#10926);
#3244=VERTEX_POINT('',#10928);
#3245=VERTEX_POINT('',#10930);
#3246=VERTEX_POINT('',#10932);
#3247=VERTEX_POINT('',#10934);
#3248=VERTEX_POINT('',#10936);
#3249=VERTEX_POINT('',#10938);
#3250=VERTEX_POINT('',#10940);
#3251=VERTEX_POINT('',#10942);
#3252=VERTEX_POINT('',#10944);
#3253=VERTEX_POINT('',#10946);
#3254=VERTEX_POINT('',#10951);
#3255=VERTEX_POINT('',#10971);
#3256=VERTEX_POINT('',#10973);
#3257=VERTEX_POINT('',#10975);
#3258=VERTEX_POINT('',#10977);
#3259=VERTEX_POINT('',#10980);
#3260=VERTEX_POINT('',#10982);
#3261=VERTEX_POINT('',#10985);
#3262=VERTEX_POINT('',#10986);
#3263=VERTEX_POINT('',#10988);
#3264=VERTEX_POINT('',#10990);
#3265=VERTEX_POINT('',#10992);
#3266=VERTEX_POINT('',#10994);
#3267=VERTEX_POINT('',#11007);
#3268=VERTEX_POINT('',#11009);
#3269=VERTEX_POINT('',#11013);
#3270=VERTEX_POINT('',#11017);
#3271=VERTEX_POINT('',#11030);
#3272=VERTEX_POINT('',#11032);
#3273=VERTEX_POINT('',#11036);
#3274=VERTEX_POINT('',#11040);
#3275=VERTEX_POINT('',#11042);
#3276=VERTEX_POINT('',#11044);
#3277=VERTEX_POINT('',#11046);
#3278=VERTEX_POINT('',#11051);
#3279=VERTEX_POINT('',#11053);
#3280=VERTEX_POINT('',#11055);
#3281=VERTEX_POINT('',#11057);
#3282=VERTEX_POINT('',#11059);
#3283=VERTEX_POINT('',#11072);
#3284=VERTEX_POINT('',#11077);
#3285=VERTEX_POINT('',#11079);
#3286=VERTEX_POINT('',#11081);
#3287=VERTEX_POINT('',#11083);
#3288=VERTEX_POINT('',#11085);
#3289=VERTEX_POINT('',#11087);
#3290=VERTEX_POINT('',#11089);
#3291=VERTEX_POINT('',#11108);
#3292=VERTEX_POINT('',#11111);
#3293=VERTEX_POINT('',#11113);
#3294=VERTEX_POINT('',#11117);
#3295=VERTEX_POINT('',#11122);
#3296=VERTEX_POINT('',#11125);
#3297=VERTEX_POINT('',#11129);
#3298=VERTEX_POINT('',#11131);
#3299=VERTEX_POINT('',#11133);
#3300=VERTEX_POINT('',#11135);
#3301=VERTEX_POINT('',#11137);
#3302=VERTEX_POINT('',#11139);
#3303=VERTEX_POINT('',#11141);
#3304=VERTEX_POINT('',#11143);
#3305=VERTEX_POINT('',#11145);
#3306=VERTEX_POINT('',#11147);
#3307=VERTEX_POINT('',#11149);
#3308=VERTEX_POINT('',#11151);
#3309=VERTEX_POINT('',#11153);
#3310=VERTEX_POINT('',#11155);
#3311=VERTEX_POINT('',#11157);
#3312=VERTEX_POINT('',#11159);
#3313=VERTEX_POINT('',#11165);
#3314=VERTEX_POINT('',#11168);
#3315=VERTEX_POINT('',#11170);
#3316=VERTEX_POINT('',#11171);
#3317=VERTEX_POINT('',#11173);
#3318=VERTEX_POINT('',#11175);
#3319=VERTEX_POINT('',#11177);
#3320=VERTEX_POINT('',#11179);
#3321=VERTEX_POINT('',#11181);
#3322=VERTEX_POINT('',#11183);
#3323=VERTEX_POINT('',#11186);
#3324=VERTEX_POINT('',#11192);
#3325=VERTEX_POINT('',#11196);
#3326=VERTEX_POINT('',#11199);
#3327=VERTEX_POINT('',#11205);
#3328=VERTEX_POINT('',#11209);
#3329=VERTEX_POINT('',#11212);
#3330=VERTEX_POINT('',#11215);
#3331=VERTEX_POINT('',#11217);
#3332=VERTEX_POINT('',#11219);
#3333=VERTEX_POINT('',#11221);
#3334=VERTEX_POINT('',#11223);
#3335=VERTEX_POINT('',#11225);
#3336=VERTEX_POINT('',#11227);
#3337=VERTEX_POINT('',#11229);
#3338=VERTEX_POINT('',#11231);
#3339=VERTEX_POINT('',#11233);
#3340=VERTEX_POINT('',#11235);
#3341=VERTEX_POINT('',#11237);
#3342=VERTEX_POINT('',#11239);
#3343=VERTEX_POINT('',#11241);
#3344=VERTEX_POINT('',#11243);
#3345=VERTEX_POINT('',#11245);
#3346=VERTEX_POINT('',#11247);
#3347=VERTEX_POINT('',#11249);
#3348=VERTEX_POINT('',#11251);
#3349=VERTEX_POINT('',#11253);
#3350=VERTEX_POINT('',#11255);
#3351=VERTEX_POINT('',#11258);
#3352=VERTEX_POINT('',#11273);
#3353=VERTEX_POINT('',#11275);
#3354=VERTEX_POINT('',#11279);
#3355=VERTEX_POINT('',#11284);
#3356=VERTEX_POINT('',#11286);
#3357=VERTEX_POINT('',#11290);
#3358=VERTEX_POINT('',#11304);
#3359=VERTEX_POINT('',#11305);
#3360=VERTEX_POINT('',#11307);
#3361=VERTEX_POINT('',#11309);
#3362=VERTEX_POINT('',#11313);
#3363=VERTEX_POINT('',#11315);
#3364=VERTEX_POINT('',#11319);
#3365=VERTEX_POINT('',#11320);
#3366=VERTEX_POINT('',#11322);
#3367=VERTEX_POINT('',#11324);
#3368=VERTEX_POINT('',#11328);
#3369=VERTEX_POINT('',#11330);
#3370=VERTEX_POINT('',#11334);
#3371=VERTEX_POINT('',#11336);
#3372=VERTEX_POINT('',#11342);
#3373=VERTEX_POINT('',#11345);
#3374=VERTEX_POINT('',#11347);
#3375=VERTEX_POINT('',#11353);
#3376=VERTEX_POINT('',#11356);
#3377=VERTEX_POINT('',#11357);
#3378=VERTEX_POINT('',#11359);
#3379=VERTEX_POINT('',#11361);
#3380=VERTEX_POINT('',#11365);
#3381=VERTEX_POINT('',#11367);
#3382=VERTEX_POINT('',#11371);
#3383=VERTEX_POINT('',#11372);
#3384=VERTEX_POINT('',#11374);
#3385=VERTEX_POINT('',#11376);
#3386=VERTEX_POINT('',#11380);
#3387=VERTEX_POINT('',#11382);
#3388=VERTEX_POINT('',#11386);
#3389=VERTEX_POINT('',#11387);
#3390=VERTEX_POINT('',#11389);
#3391=VERTEX_POINT('',#11391);
#3392=VERTEX_POINT('',#11395);
#3393=VERTEX_POINT('',#11397);
#3394=VERTEX_POINT('',#11401);
#3395=VERTEX_POINT('',#11403);
#3396=VERTEX_POINT('',#11407);
#3397=VERTEX_POINT('',#11411);
#3398=VERTEX_POINT('',#11413);
#3399=VERTEX_POINT('',#11422);
#3400=VERTEX_POINT('',#11437);
#3401=VERTEX_POINT('',#11440);
#3402=VERTEX_POINT('',#11442);
#3403=VERTEX_POINT('',#11448);
#3404=VERTEX_POINT('',#11451);
#3405=VERTEX_POINT('',#11452);
#3406=VERTEX_POINT('',#11454);
#3407=VERTEX_POINT('',#11456);
#3408=VERTEX_POINT('',#11460);
#3409=VERTEX_POINT('',#11462);
#3410=VERTEX_POINT('',#11466);
#3411=VERTEX_POINT('',#11467);
#3412=VERTEX_POINT('',#11469);
#3413=VERTEX_POINT('',#11485);
#3414=VERTEX_POINT('',#11489);
#3415=VERTEX_POINT('',#11491);
#3416=VERTEX_POINT('',#11495);
#3417=VERTEX_POINT('',#11497);
#3418=VERTEX_POINT('',#11501);
#3419=VERTEX_POINT('',#11503);
#3420=VERTEX_POINT('',#11507);
#3421=VERTEX_POINT('',#11509);
#3422=VERTEX_POINT('',#11514);
#3423=VERTEX_POINT('',#11516);
#3424=VERTEX_POINT('',#11518);
#3425=VERTEX_POINT('',#11520);
#3426=VERTEX_POINT('',#11522);
#3427=VERTEX_POINT('',#11526);
#3428=VERTEX_POINT('',#11531);
#3429=VERTEX_POINT('',#11533);
#3430=VERTEX_POINT('',#11535);
#3431=VERTEX_POINT('',#11537);
#3432=VERTEX_POINT('',#11539);
#3433=VERTEX_POINT('',#11545);
#3434=VERTEX_POINT('',#11547);
#3435=VERTEX_POINT('',#11552);
#3436=VERTEX_POINT('',#11554);
#3437=VERTEX_POINT('',#11556);
#3438=VERTEX_POINT('',#11558);
#3439=VERTEX_POINT('',#11562);
#3440=VERTEX_POINT('',#11566);
#3441=VERTEX_POINT('',#11568);
#3442=VERTEX_POINT('',#11572);
#3443=VERTEX_POINT('',#11575);
#3444=VERTEX_POINT('',#11576);
#3445=VERTEX_POINT('',#11578);
#3446=VERTEX_POINT('',#11580);
#3447=VERTEX_POINT('',#11587);
#3448=VERTEX_POINT('',#11588);
#3449=VERTEX_POINT('',#11590);
#3450=VERTEX_POINT('',#11592);
#3451=VERTEX_POINT('',#11599);
#3452=VERTEX_POINT('',#11601);
#3453=VERTEX_POINT('',#11607);
#3454=VERTEX_POINT('',#11609);
#3455=VERTEX_POINT('',#11615);
#3456=VERTEX_POINT('',#11617);
#3457=VERTEX_POINT('',#11621);
#3458=VERTEX_POINT('',#11624);
#3459=VERTEX_POINT('',#11626);
#3460=VERTEX_POINT('',#11630);
#3461=VERTEX_POINT('',#11633);
#3462=VERTEX_POINT('',#11635);
#3463=VERTEX_POINT('',#11641);
#3464=VERTEX_POINT('',#11643);
#3465=VERTEX_POINT('',#11657);
#3466=VERTEX_POINT('',#11659);
#3467=VERTEX_POINT('',#11663);
#3468=VERTEX_POINT('',#11698);
#3469=VERTEX_POINT('',#11700);
#3470=VERTEX_POINT('',#11705);
#3471=VERTEX_POINT('',#11708);
#3472=VERTEX_POINT('',#11710);
#3473=VERTEX_POINT('',#11715);
#3474=VERTEX_POINT('',#11718);
#3475=VERTEX_POINT('',#11720);
#3476=VERTEX_POINT('',#11725);
#3477=VERTEX_POINT('',#11728);
#3478=VERTEX_POINT('',#11730);
#3479=VERTEX_POINT('',#11735);
#3480=VERTEX_POINT('',#11738);
#3481=VERTEX_POINT('',#11740);
#3482=VERTEX_POINT('',#11745);
#3483=VERTEX_POINT('',#11748);
#3484=VERTEX_POINT('',#11752);
#3485=VERTEX_POINT('',#11756);
#3486=VERTEX_POINT('',#11760);
#3487=VERTEX_POINT('',#11764);
#3488=VERTEX_POINT('',#11768);
#3489=VERTEX_POINT('',#11773);
#3490=VERTEX_POINT('',#11778);
#3491=VERTEX_POINT('',#11781);
#3492=VERTEX_POINT('',#11784);
#3493=VERTEX_POINT('',#11787);
#3494=VERTEX_POINT('',#11790);
#3495=EDGE_CURVE('',#2853,#2854,#2833,.T.);
#3496=EDGE_CURVE('',#2854,#2855,#2449,.T.);
#3497=EDGE_CURVE('',#2855,#2856,#2834,.T.);
#3498=EDGE_CURVE('',#2856,#2853,#2450,.T.);
#3499=EDGE_CURVE('',#2856,#2857,#309,.T.);
#3500=EDGE_CURVE('',#2857,#2858,#2451,.T.);
#3501=EDGE_CURVE('',#2858,#2853,#310,.T.);
#3502=EDGE_CURVE('',#2859,#2855,#311,.T.);
#3503=EDGE_CURVE('',#2860,#2859,#2452,.F.);
#3504=EDGE_CURVE('',#2861,#2860,#312,.T.);
#3505=EDGE_CURVE('',#2857,#2861,#313,.T.);
#3506=EDGE_CURVE('',#2862,#2860,#314,.T.);
#3507=EDGE_CURVE('',#2859,#2863,#315,.T.);
#3508=EDGE_CURVE('',#2863,#2862,#109,.T.);
#3509=EDGE_CURVE('',#2863,#2864,#316,.T.);
#3510=EDGE_CURVE('',#2864,#2865,#110,.T.);
#3511=EDGE_CURVE('',#2865,#2862,#317,.T.);
#3512=EDGE_CURVE('',#2866,#2867,#318,.T.);
#3513=EDGE_CURVE('',#2867,#2868,#111,.T.);
#3514=EDGE_CURVE('',#2868,#2869,#319,.T.);
#3515=EDGE_CURVE('',#2869,#2866,#112,.T.);
#3516=EDGE_CURVE('',#2870,#2871,#320,.T.);
#3517=EDGE_CURVE('',#2871,#2872,#2453,.F.);
#3518=EDGE_CURVE('',#2872,#2873,#321,.T.);
#3519=EDGE_CURVE('',#2873,#2870,#113,.T.);
#3520=EDGE_CURVE('',#2867,#2870,#322,.T.);
#3521=EDGE_CURVE('',#2873,#2868,#323,.T.);
#3522=EDGE_CURVE('',#2864,#2866,#324,.T.);
#3523=EDGE_CURVE('',#2869,#2865,#325,.T.);
#3524=EDGE_CURVE('',#2865,#2874,#326,.T.);
#3525=EDGE_CURVE('',#2875,#2874,#327,.T.);
#3526=EDGE_CURVE('',#2861,#2875,#328,.T.);
#3527=EDGE_CURVE('',#2869,#2876,#329,.T.);
#3528=EDGE_CURVE('',#2877,#2876,#114,.T.);
#3529=EDGE_CURVE('',#2877,#2878,#330,.T.);
#3530=EDGE_CURVE('',#2874,#2878,#331,.T.);
#3531=EDGE_CURVE('',#2868,#2879,#332,.T.);
#3532=EDGE_CURVE('',#2878,#2879,#333,.T.);
#3533=EDGE_CURVE('',#2876,#2877,#115,.T.);
#3534=EDGE_CURVE('',#2872,#2880,#334,.T.);
#3535=EDGE_CURVE('',#2880,#2881,#335,.T.);
#3536=EDGE_CURVE('',#2879,#2881,#336,.T.);
#3537=EDGE_CURVE('',#2880,#2858,#337,.T.);
#3538=EDGE_CURVE('',#2854,#2871,#338,.T.);
#3539=EDGE_CURVE('',#2882,#2863,#339,.T.);
#3540=EDGE_CURVE('',#2882,#2883,#340,.T.);
#3541=EDGE_CURVE('',#2883,#2884,#2454,.T.);
#3542=EDGE_CURVE('',#2885,#2884,#341,.T.);
#3543=EDGE_CURVE('',#2885,#2886,#2455,.T.);
#3544=EDGE_CURVE('',#2887,#2886,#342,.T.);
#3545=EDGE_CURVE('',#2887,#2888,#2456,.T.);
#3546=EDGE_CURVE('',#2889,#2888,#343,.T.);
#3547=EDGE_CURVE('',#2890,#2889,#344,.T.);
#3548=EDGE_CURVE('',#2870,#2890,#345,.T.);
#3549=EDGE_CURVE('',#2891,#2891,#2457,.T.);
#3550=EDGE_CURVE('',#2892,#2892,#2458,.T.);
#3551=EDGE_CURVE('',#2881,#2893,#346,.T.);
#3552=EDGE_CURVE('',#2893,#2894,#2459,.T.);
#3553=EDGE_CURVE('',#2894,#2895,#347,.T.);
#3554=EDGE_CURVE('',#2895,#2896,#2460,.T.);
#3555=EDGE_CURVE('',#2897,#2896,#348,.T.);
#3556=EDGE_CURVE('',#2897,#2898,#2461,.T.);
#3557=EDGE_CURVE('',#2899,#2898,#349,.T.);
#3558=EDGE_CURVE('',#2899,#2900,#2462,.T.);
#3559=EDGE_CURVE('',#2900,#2901,#2463,.T.);
#3560=EDGE_CURVE('',#2901,#2875,#350,.T.);
#3561=EDGE_CURVE('',#2877,#2902,#351,.T.);
#3562=EDGE_CURVE('',#2902,#2902,#2464,.T.);
#3563=EDGE_CURVE('',#2903,#2903,#2465,.T.);
#3564=EDGE_CURVE('',#2903,#2904,#352,.T.);
#3565=EDGE_CURVE('',#2904,#2904,#2466,.T.);
#3566=EDGE_CURVE('',#2905,#2905,#2467,.T.);
#3567=EDGE_CURVE('',#2905,#2906,#353,.T.);
#3568=EDGE_CURVE('',#2906,#2906,#2468,.T.);
#3569=EDGE_CURVE('',#2907,#2908,#354,.T.);
#3570=EDGE_CURVE('',#2909,#2907,#2469,.T.);
#3571=EDGE_CURVE('',#2910,#2909,#355,.T.);
#3572=EDGE_CURVE('',#2908,#2910,#2470,.T.);
#3573=EDGE_CURVE('',#2911,#2907,#356,.T.);
#3574=EDGE_CURVE('',#2911,#2912,#2471,.T.);
#3575=EDGE_CURVE('',#2909,#2912,#357,.T.);
#3576=EDGE_CURVE('',#2913,#2910,#358,.T.);
#3577=EDGE_CURVE('',#2913,#2914,#2472,.T.);
#3578=EDGE_CURVE('',#2908,#2914,#359,.T.);
#3579=EDGE_CURVE('',#2912,#2911,#360,.T.);
#3580=EDGE_CURVE('',#2914,#2915,#361,.T.);
#3581=EDGE_CURVE('',#2915,#2916,#362,.T.);
#3582=EDGE_CURVE('',#2916,#2917,#2473,.T.);
#3583=EDGE_CURVE('',#2917,#2918,#363,.T.);
#3584=EDGE_CURVE('',#2918,#2919,#364,.T.);
#3585=EDGE_CURVE('',#2919,#2920,#365,.T.);
#3586=EDGE_CURVE('',#2920,#2921,#366,.T.);
#3587=EDGE_CURVE('',#2921,#2922,#367,.T.);
#3588=EDGE_CURVE('',#2922,#2923,#368,.T.);
#3589=EDGE_CURVE('',#2923,#2924,#2474,.T.);
#3590=EDGE_CURVE('',#2924,#2925,#369,.T.);
#3591=EDGE_CURVE('',#2925,#2926,#370,.T.);
#3592=EDGE_CURVE('',#2926,#2927,#371,.T.);
#3593=EDGE_CURVE('',#2927,#2928,#372,.T.);
#3594=EDGE_CURVE('',#2928,#2885,#373,.T.);
#3595=EDGE_CURVE('',#2884,#2929,#374,.T.);
#3596=EDGE_CURVE('',#2929,#2913,#375,.T.);
#3597=EDGE_CURVE('',#2916,#2883,#2835,.T.);
#3598=EDGE_CURVE('',#2915,#2929,#2475,.T.);
#3599=EDGE_CURVE('',#2930,#2882,#2476,.T.);
#3600=EDGE_CURVE('',#2930,#2917,#376,.T.);
#3601=EDGE_CURVE('',#2931,#2895,#2836,.T.);
#3602=EDGE_CURVE('',#2931,#2932,#2477,.T.);
#3603=EDGE_CURVE('',#2933,#2932,#377,.T.);
#3604=EDGE_CURVE('',#2933,#2934,#2478,.T.);
#3605=EDGE_CURVE('',#2896,#2934,#378,.T.);
#3606=EDGE_CURVE('',#2935,#2933,#379,.T.);
#3607=EDGE_CURVE('',#2936,#2935,#2479,.T.);
#3608=EDGE_CURVE('',#2934,#2936,#380,.T.);
#3609=EDGE_CURVE('',#2937,#2931,#381,.T.);
#3610=EDGE_CURVE('',#2932,#2937,#382,.T.);
#3611=EDGE_CURVE('',#2898,#2924,#2837,.T.);
#3612=EDGE_CURVE('',#2938,#2897,#383,.T.);
#3613=EDGE_CURVE('',#2938,#2925,#2480,.T.);
#3614=EDGE_CURVE('',#2939,#2938,#384,.T.);
#3615=EDGE_CURVE('',#2926,#2939,#2481,.T.);
#3616=EDGE_CURVE('',#2940,#2940,#2482,.T.);
#3617=EDGE_CURVE('',#2940,#2941,#385,.T.);
#3618=EDGE_CURVE('',#2941,#2942,#2483,.T.);
#3619=EDGE_CURVE('',#2894,#2942,#2838,.T.);
#3620=EDGE_CURVE('',#2943,#2893,#386,.T.);
#3621=EDGE_CURVE('',#2943,#2944,#2484,.T.);
#3622=EDGE_CURVE('',#2945,#2944,#387,.T.);
#3623=EDGE_CURVE('',#2946,#2945,#2839,.T.);
#3624=EDGE_CURVE('',#2946,#2941,#2485,.T.);
#3625=EDGE_CURVE('',#2947,#2947,#2486,.T.);
#3626=EDGE_CURVE('',#2942,#2946,#388,.T.);
#3627=EDGE_CURVE('',#2948,#2948,#2487,.T.);
#3628=EDGE_CURVE('',#2948,#2900,#389,.T.);
#3629=EDGE_CURVE('',#2949,#2899,#2840,.T.);
#3630=EDGE_CURVE('',#2950,#2949,#390,.T.);
#3631=EDGE_CURVE('',#2950,#2951,#2488,.T.);
#3632=EDGE_CURVE('',#2901,#2951,#391,.T.);
#3633=EDGE_CURVE('',#2952,#2952,#2489,.T.);
#3634=EDGE_CURVE('',#2953,#2935,#392,.T.);
#3635=EDGE_CURVE('',#2953,#2954,#2490,.T.);
#3636=EDGE_CURVE('',#2936,#2954,#393,.T.);
#3637=EDGE_CURVE('',#2955,#2939,#394,.T.);
#3638=EDGE_CURVE('',#2955,#2927,#2491,.T.);
#3639=EDGE_CURVE('',#2954,#2956,#395,.T.);
#3640=EDGE_CURVE('',#2956,#2887,#396,.T.);
#3641=EDGE_CURVE('',#2886,#2957,#397,.T.);
#3642=EDGE_CURVE('',#2957,#2955,#398,.T.);
#3643=EDGE_CURVE('',#2951,#2950,#399,.T.);
#3644=EDGE_CURVE('',#2958,#2949,#2492,.T.);
#3645=EDGE_CURVE('',#2958,#2959,#400,.T.);
#3646=EDGE_CURVE('',#2959,#2960,#401,.T.);
#3647=EDGE_CURVE('',#2960,#2961,#402,.T.);
#3648=EDGE_CURVE('',#2962,#2961,#403,.T.);
#3649=EDGE_CURVE('',#2962,#2963,#404,.T.);
#3650=EDGE_CURVE('',#2963,#2964,#405,.T.);
#3651=EDGE_CURVE('',#2964,#2965,#406,.T.);
#3652=EDGE_CURVE('',#2966,#2965,#407,.T.);
#3653=EDGE_CURVE('',#2966,#2967,#408,.T.);
#3654=EDGE_CURVE('',#2967,#2968,#409,.T.);
#3655=EDGE_CURVE('',#2968,#2969,#410,.T.);
#3656=EDGE_CURVE('',#2970,#2969,#411,.T.);
#3657=EDGE_CURVE('',#2970,#2971,#412,.T.);
#3658=EDGE_CURVE('',#2971,#2972,#413,.T.);
#3659=EDGE_CURVE('',#2972,#2973,#414,.T.);
#3660=EDGE_CURVE('',#2974,#2973,#415,.T.);
#3661=EDGE_CURVE('',#2975,#2974,#416,.T.);
#3662=EDGE_CURVE('',#2976,#2975,#417,.T.);
#3663=EDGE_CURVE('',#2945,#2976,#2493,.T.);
#3664=EDGE_CURVE('',#2944,#2943,#418,.T.);
#3665=EDGE_CURVE('',#2977,#2977,#2494,.T.);
#3666=EDGE_CURVE('',#2978,#2979,#419,.T.);
#3667=EDGE_CURVE('',#2979,#2980,#2495,.T.);
#3668=EDGE_CURVE('',#2980,#2981,#420,.T.);
#3669=EDGE_CURVE('',#2981,#2982,#2496,.T.);
#3670=EDGE_CURVE('',#2982,#2983,#421,.T.);
#3671=EDGE_CURVE('',#2983,#2984,#2497,.T.);
#3672=EDGE_CURVE('',#2984,#2985,#422,.T.);
#3673=EDGE_CURVE('',#2985,#2978,#2498,.T.);
#3674=EDGE_CURVE('',#2986,#2986,#2499,.T.);
#3675=EDGE_CURVE('',#2928,#2957,#2500,.T.);
#3676=EDGE_CURVE('',#2892,#2987,#423,.T.);
#3677=EDGE_CURVE('',#2987,#2987,#2501,.T.);
#3678=EDGE_CURVE('',#2988,#2988,#2502,.T.);
#3679=EDGE_CURVE('',#2956,#2989,#2503,.T.);
#3680=EDGE_CURVE('',#2888,#2989,#424,.T.);
#3681=EDGE_CURVE('',#2989,#2953,#425,.T.);
#3682=EDGE_CURVE('',#2891,#2990,#426,.T.);
#3683=EDGE_CURVE('',#2990,#2990,#2504,.T.);
#3684=EDGE_CURVE('',#2991,#2991,#2505,.T.);
#3685=EDGE_CURVE('',#2937,#2992,#2506,.T.);
#3686=EDGE_CURVE('',#2992,#2993,#427,.T.);
#3687=EDGE_CURVE('',#2993,#2994,#428,.T.);
#3688=EDGE_CURVE('',#2994,#2995,#429,.T.);
#3689=EDGE_CURVE('',#2995,#2996,#430,.T.);
#3690=EDGE_CURVE('',#2996,#2997,#431,.T.);
#3691=EDGE_CURVE('',#2997,#2998,#432,.T.);
#3692=EDGE_CURVE('',#2998,#2999,#433,.T.);
#3693=EDGE_CURVE('',#2999,#3000,#434,.T.);
#3694=EDGE_CURVE('',#3000,#3001,#435,.T.);
#3695=EDGE_CURVE('',#3001,#3002,#436,.T.);
#3696=EDGE_CURVE('',#3002,#3003,#437,.T.);
#3697=EDGE_CURVE('',#3003,#3004,#438,.T.);
#3698=EDGE_CURVE('',#3004,#3005,#439,.T.);
#3699=EDGE_CURVE('',#3005,#3006,#440,.T.);
#3700=EDGE_CURVE('',#3006,#3007,#441,.T.);
#3701=EDGE_CURVE('',#3007,#3008,#442,.T.);
#3702=EDGE_CURVE('',#3008,#3009,#443,.T.);
#3703=EDGE_CURVE('',#3009,#3010,#444,.T.);
#3704=EDGE_CURVE('',#3010,#3011,#445,.T.);
#3705=EDGE_CURVE('',#3011,#3012,#446,.T.);
#3706=EDGE_CURVE('',#3012,#3013,#447,.T.);
#3707=EDGE_CURVE('',#3013,#3014,#448,.T.);
#3708=EDGE_CURVE('',#3014,#3015,#2507,.T.);
#3709=EDGE_CURVE('',#3015,#3016,#449,.T.);
#3710=EDGE_CURVE('',#3016,#3017,#2508,.T.);
#3711=EDGE_CURVE('',#3017,#3018,#450,.T.);
#3712=EDGE_CURVE('',#3018,#2889,#451,.T.);
#3713=EDGE_CURVE('',#2991,#2947,#452,.T.);
#3714=EDGE_CURVE('',#2988,#2952,#453,.T.);
#3715=EDGE_CURVE('',#3006,#3009,#2509,.T.);
#3716=EDGE_CURVE('',#3008,#3007,#2510,.T.);
#3717=EDGE_CURVE('',#3010,#3005,#2511,.T.);
#3718=EDGE_CURVE('',#3019,#3019,#2512,.T.);
#3719=EDGE_CURVE('',#3019,#3020,#454,.T.);
#3720=EDGE_CURVE('',#3020,#3020,#2513,.T.);
#3721=EDGE_CURVE('',#3021,#3021,#2514,.T.);
#3722=EDGE_CURVE('',#3004,#3011,#2515,.T.);
#3723=EDGE_CURVE('',#3022,#3022,#2516,.T.);
#3724=EDGE_CURVE('',#3022,#3023,#455,.T.);
#3725=EDGE_CURVE('',#3023,#3023,#2517,.T.);
#3726=EDGE_CURVE('',#3024,#3024,#2518,.T.);
#3727=EDGE_CURVE('',#3013,#3002,#2519,.T.);
#3728=EDGE_CURVE('',#3012,#3003,#2520,.T.);
#3729=EDGE_CURVE('',#3024,#3021,#456,.T.);
#3730=EDGE_CURVE('',#3025,#3001,#457,.T.);
#3731=EDGE_CURVE('',#3026,#3025,#458,.T.);
#3732=EDGE_CURVE('',#3026,#3014,#459,.T.);
#3733=EDGE_CURVE('',#3027,#3028,#2521,.T.);
#3734=EDGE_CURVE('',#3029,#3027,#460,.T.);
#3735=EDGE_CURVE('',#3029,#3030,#2522,.T.);
#3736=EDGE_CURVE('',#3028,#3030,#461,.T.);
#3737=EDGE_CURVE('',#3031,#3029,#462,.T.);
#3738=EDGE_CURVE('',#3032,#3031,#2523,.T.);
#3739=EDGE_CURVE('',#3030,#3032,#463,.T.);
#3740=EDGE_CURVE('',#3033,#3034,#2524,.T.);
#3741=EDGE_CURVE('',#3035,#3033,#464,.T.);
#3742=EDGE_CURVE('',#3035,#3036,#2525,.T.);
#3743=EDGE_CURVE('',#3034,#3036,#465,.T.);
#3744=EDGE_CURVE('',#3037,#3035,#466,.T.);
#3745=EDGE_CURVE('',#3038,#3037,#2526,.T.);
#3746=EDGE_CURVE('',#3036,#3038,#467,.T.);
#3747=EDGE_CURVE('',#3039,#3039,#2527,.T.);
#3748=EDGE_CURVE('',#3039,#3040,#468,.T.);
#3749=EDGE_CURVE('',#2965,#3040,#2528,.T.);
#3750=EDGE_CURVE('',#2964,#2963,#2529,.T.);
#3751=EDGE_CURVE('',#3040,#2962,#2530,.T.);
#3752=EDGE_CURVE('',#3041,#3041,#2531,.T.);
#3753=EDGE_CURVE('',#3042,#3042,#2532,.T.);
#3754=EDGE_CURVE('',#3042,#3043,#469,.T.);
#3755=EDGE_CURVE('',#2969,#3043,#2533,.T.);
#3756=EDGE_CURVE('',#2968,#2967,#2534,.T.);
#3757=EDGE_CURVE('',#3043,#2966,#2535,.T.);
#3758=EDGE_CURVE('',#3044,#3044,#2536,.T.);
#3759=EDGE_CURVE('',#3045,#3046,#2537,.T.);
#3760=EDGE_CURVE('',#3047,#3045,#470,.T.);
#3761=EDGE_CURVE('',#3047,#3048,#2538,.T.);
#3762=EDGE_CURVE('',#3046,#3048,#471,.T.);
#3763=EDGE_CURVE('',#3049,#3047,#472,.T.);
#3764=EDGE_CURVE('',#3050,#3049,#2539,.T.);
#3765=EDGE_CURVE('',#3048,#3050,#473,.T.);
#3766=EDGE_CURVE('',#3051,#3052,#2540,.T.);
#3767=EDGE_CURVE('',#3053,#3051,#474,.T.);
#3768=EDGE_CURVE('',#3053,#3054,#2541,.T.);
#3769=EDGE_CURVE('',#3052,#3054,#475,.T.);
#3770=EDGE_CURVE('',#3055,#3053,#476,.T.);
#3771=EDGE_CURVE('',#3056,#3055,#2542,.T.);
#3772=EDGE_CURVE('',#3054,#3056,#477,.T.);
#3773=EDGE_CURVE('',#3057,#3058,#2543,.T.);
#3774=EDGE_CURVE('',#3059,#3057,#478,.T.);
#3775=EDGE_CURVE('',#3059,#3060,#2544,.T.);
#3776=EDGE_CURVE('',#3058,#3060,#479,.T.);
#3777=EDGE_CURVE('',#3061,#3059,#480,.T.);
#3778=EDGE_CURVE('',#3062,#3061,#2545,.T.);
#3779=EDGE_CURVE('',#3060,#3062,#481,.T.);
#3780=EDGE_CURVE('',#3063,#2995,#2546,.T.);
#3781=EDGE_CURVE('',#3064,#3063,#482,.T.);
#3782=EDGE_CURVE('',#3064,#2996,#2547,.T.);
#3783=EDGE_CURVE('',#3065,#3064,#483,.T.);
#3784=EDGE_CURVE('',#2997,#3065,#2548,.T.);
#3785=EDGE_CURVE('',#3066,#3066,#2549,.T.);
#3786=EDGE_CURVE('',#3066,#3067,#484,.T.);
#3787=EDGE_CURVE('',#3068,#3067,#2841,.T.);
#3788=EDGE_CURVE('',#2961,#3068,#2550,.T.);
#3789=EDGE_CURVE('',#2960,#2959,#2551,.T.);
#3790=EDGE_CURVE('',#3067,#2958,#2842,.T.);
#3791=EDGE_CURVE('',#3069,#3069,#2552,.T.);
#3792=EDGE_CURVE('',#3070,#3070,#2553,.T.);
#3793=EDGE_CURVE('',#3070,#3071,#485,.T.);
#3794=EDGE_CURVE('',#2973,#3071,#2554,.T.);
#3795=EDGE_CURVE('',#2972,#2971,#2555,.T.);
#3796=EDGE_CURVE('',#3071,#2970,#2556,.T.);
#3797=EDGE_CURVE('',#3072,#3072,#2557,.T.);
#3798=EDGE_CURVE('',#3073,#3074,#2558,.T.);
#3799=EDGE_CURVE('',#3075,#3073,#486,.T.);
#3800=EDGE_CURVE('',#3075,#3076,#2559,.T.);
#3801=EDGE_CURVE('',#3074,#3076,#487,.T.);
#3802=EDGE_CURVE('',#3077,#3075,#488,.T.);
#3803=EDGE_CURVE('',#3078,#3077,#2560,.T.);
#3804=EDGE_CURVE('',#3076,#3078,#489,.T.);
#3805=EDGE_CURVE('',#3079,#3080,#2561,.T.);
#3806=EDGE_CURVE('',#2923,#3079,#2843,.T.);
#3807=EDGE_CURVE('',#2922,#3081,#2562,.T.);
#3808=EDGE_CURVE('',#3080,#3081,#490,.T.);
#3809=EDGE_CURVE('',#3082,#2921,#2563,.T.);
#3810=EDGE_CURVE('',#3081,#3082,#491,.T.);
#3811=EDGE_CURVE('',#3083,#3031,#492,.T.);
#3812=EDGE_CURVE('',#3083,#3084,#2564,.T.);
#3813=EDGE_CURVE('',#3032,#3084,#493,.T.);
#3814=EDGE_CURVE('',#3085,#3037,#494,.T.);
#3815=EDGE_CURVE('',#3085,#3086,#2565,.T.);
#3816=EDGE_CURVE('',#3038,#3086,#495,.T.);
#3817=EDGE_CURVE('',#3087,#3049,#496,.T.);
#3818=EDGE_CURVE('',#3087,#3088,#2566,.T.);
#3819=EDGE_CURVE('',#3050,#3088,#497,.T.);
#3820=EDGE_CURVE('',#3089,#3055,#498,.T.);
#3821=EDGE_CURVE('',#3089,#3090,#2567,.T.);
#3822=EDGE_CURVE('',#3056,#3090,#499,.T.);
#3823=EDGE_CURVE('',#3084,#3091,#500,.T.);
#3824=EDGE_CURVE('',#3091,#3092,#501,.T.);
#3825=EDGE_CURVE('',#3092,#3093,#502,.T.);
#3826=EDGE_CURVE('',#3093,#3094,#503,.T.);
#3827=EDGE_CURVE('',#3094,#3095,#504,.T.);
#3828=EDGE_CURVE('',#3095,#3061,#505,.T.);
#3829=EDGE_CURVE('',#3057,#3028,#506,.T.);
#3830=EDGE_CURVE('',#3095,#3096,#2568,.T.);
#3831=EDGE_CURVE('',#3062,#3096,#507,.T.);
#3832=EDGE_CURVE('',#3086,#3097,#508,.T.);
#3833=EDGE_CURVE('',#3097,#3098,#509,.T.);
#3834=EDGE_CURVE('',#3098,#3099,#510,.T.);
#3835=EDGE_CURVE('',#3099,#3100,#511,.T.);
#3836=EDGE_CURVE('',#3100,#3101,#512,.T.);
#3837=EDGE_CURVE('',#3101,#3065,#513,.T.);
#3838=EDGE_CURVE('',#3063,#3034,#514,.T.);
#3839=EDGE_CURVE('',#3101,#2998,#2569,.T.);
#3840=EDGE_CURVE('',#3102,#3077,#515,.T.);
#3841=EDGE_CURVE('',#3102,#3103,#2570,.T.);
#3842=EDGE_CURVE('',#3078,#3103,#516,.T.);
#3843=EDGE_CURVE('',#3096,#3104,#517,.T.);
#3844=EDGE_CURVE('',#3104,#3105,#518,.T.);
#3845=EDGE_CURVE('',#3105,#3106,#519,.T.);
#3846=EDGE_CURVE('',#3106,#3107,#520,.T.);
#3847=EDGE_CURVE('',#3107,#3102,#521,.T.);
#3848=EDGE_CURVE('',#3073,#3058,#522,.T.);
#3849=EDGE_CURVE('',#2920,#3108,#2571,.T.);
#3850=EDGE_CURVE('',#3082,#3108,#523,.T.);
#3851=EDGE_CURVE('',#3109,#3109,#2572,.T.);
#3852=EDGE_CURVE('',#3109,#3110,#524,.T.);
#3853=EDGE_CURVE('',#3110,#3110,#2573,.T.);
#3854=EDGE_CURVE('',#3111,#3111,#2574,.T.);
#3855=EDGE_CURVE('',#3112,#3113,#2575,.T.);
#3856=EDGE_CURVE('',#3114,#3112,#525,.T.);
#3857=EDGE_CURVE('',#3114,#3115,#2576,.T.);
#3858=EDGE_CURVE('',#3113,#3115,#526,.T.);
#3859=EDGE_CURVE('',#3115,#3087,#527,.T.);
#3860=EDGE_CURVE('',#3088,#3114,#528,.T.);
#3861=EDGE_CURVE('',#3116,#3117,#2577,.T.);
#3862=EDGE_CURVE('',#3118,#3116,#529,.T.);
#3863=EDGE_CURVE('',#3118,#3119,#2578,.T.);
#3864=EDGE_CURVE('',#3117,#3119,#530,.T.);
#3865=EDGE_CURVE('',#3119,#3089,#531,.T.);
#3866=EDGE_CURVE('',#3090,#3118,#532,.T.);
#3867=EDGE_CURVE('',#3092,#3120,#2579,.T.);
#3868=EDGE_CURVE('',#3091,#3121,#2580,.T.);
#3869=EDGE_CURVE('',#3120,#3121,#533,.T.);
#3870=EDGE_CURVE('',#3121,#3083,#534,.T.);
#3871=EDGE_CURVE('',#3098,#3122,#2581,.T.);
#3872=EDGE_CURVE('',#3097,#3123,#2582,.T.);
#3873=EDGE_CURVE('',#3122,#3123,#535,.T.);
#3874=EDGE_CURVE('',#3123,#3085,#536,.T.);
#3875=EDGE_CURVE('',#3124,#3124,#2583,.T.);
#3876=EDGE_CURVE('',#3124,#3125,#537,.T.);
#3877=EDGE_CURVE('',#3125,#3125,#2584,.T.);
#3878=EDGE_CURVE('',#3126,#3126,#2585,.T.);
#3879=EDGE_CURVE('',#3127,#3127,#2586,.T.);
#3880=EDGE_CURVE('',#3127,#3128,#538,.T.);
#3881=EDGE_CURVE('',#3128,#3128,#2587,.T.);
#3882=EDGE_CURVE('',#3129,#3129,#2588,.T.);
#3883=EDGE_CURVE('',#3130,#3106,#2589,.T.);
#3884=EDGE_CURVE('',#3131,#3130,#539,.T.);
#3885=EDGE_CURVE('',#3131,#3107,#2590,.T.);
#3886=EDGE_CURVE('',#3103,#3131,#540,.T.);
#3887=EDGE_CURVE('',#3132,#2918,#2591,.T.);
#3888=EDGE_CURVE('',#3133,#3132,#541,.T.);
#3889=EDGE_CURVE('',#3133,#2919,#2592,.T.);
#3890=EDGE_CURVE('',#3108,#3133,#542,.T.);
#3891=EDGE_CURVE('',#3105,#3093,#2593,.T.);
#3892=EDGE_CURVE('',#3104,#3094,#2594,.T.);
#3893=EDGE_CURVE('',#3000,#3099,#2595,.T.);
#3894=EDGE_CURVE('',#2999,#3100,#2596,.T.);
#3895=EDGE_CURVE('',#3134,#3134,#2597,.T.);
#3896=EDGE_CURVE('',#3134,#3135,#543,.T.);
#3897=EDGE_CURVE('',#3135,#3135,#2598,.T.);
#3898=EDGE_CURVE('',#3136,#3136,#2599,.T.);
#3899=EDGE_CURVE('',#3045,#3074,#544,.T.);
#3900=EDGE_CURVE('',#3130,#3113,#545,.T.);
#3901=EDGE_CURVE('',#3051,#3080,#546,.T.);
#3902=EDGE_CURVE('',#3132,#3117,#547,.T.);
#3903=EDGE_CURVE('',#3116,#3120,#548,.T.);
#3904=EDGE_CURVE('',#3025,#2930,#549,.T.);
#3905=EDGE_CURVE('',#3112,#3122,#550,.T.);
#3906=EDGE_CURVE('',#3126,#3041,#551,.T.);
#3907=EDGE_CURVE('',#3111,#3044,#552,.T.);
#3908=EDGE_CURVE('',#3136,#3069,#553,.T.);
#3909=EDGE_CURVE('',#3129,#3072,#554,.T.);
#3910=EDGE_CURVE('',#3033,#3046,#555,.T.);
#3911=EDGE_CURVE('',#3027,#3052,#556,.T.);
#3912=EDGE_CURVE('',#3068,#3079,#557,.T.);
#3913=EDGE_CURVE('',#2976,#2992,#558,.T.);
#3914=EDGE_CURVE('',#3137,#3137,#2600,.T.);
#3915=EDGE_CURVE('',#3137,#3138,#559,.T.);
#3916=EDGE_CURVE('',#3138,#3138,#2601,.T.);
#3917=EDGE_CURVE('',#3139,#3139,#2602,.T.);
#3918=EDGE_CURVE('',#3140,#3140,#2603,.T.);
#3919=EDGE_CURVE('',#3140,#3141,#560,.T.);
#3920=EDGE_CURVE('',#3141,#3141,#2604,.T.);
#3921=EDGE_CURVE('',#3142,#3142,#2605,.T.);
#3922=EDGE_CURVE('',#3143,#3143,#2606,.T.);
#3923=EDGE_CURVE('',#3143,#3144,#561,.T.);
#3924=EDGE_CURVE('',#3144,#3144,#2607,.T.);
#3925=EDGE_CURVE('',#3145,#3145,#2608,.T.);
#3926=EDGE_CURVE('',#3146,#3146,#2609,.T.);
#3927=EDGE_CURVE('',#3146,#3147,#562,.T.);
#3928=EDGE_CURVE('',#3147,#3147,#2610,.T.);
#3929=EDGE_CURVE('',#3148,#3148,#2611,.T.);
#3930=EDGE_CURVE('',#3149,#3149,#2612,.T.);
#3931=EDGE_CURVE('',#3149,#3150,#563,.T.);
#3932=EDGE_CURVE('',#3150,#3150,#2613,.T.);
#3933=EDGE_CURVE('',#3151,#3151,#2614,.T.);
#3934=EDGE_CURVE('',#3139,#3152,#564,.T.);
#3935=EDGE_CURVE('',#3152,#3152,#2615,.T.);
#3936=EDGE_CURVE('',#3142,#3153,#565,.T.);
#3937=EDGE_CURVE('',#3153,#3153,#2616,.T.);
#3938=EDGE_CURVE('',#3145,#3154,#566,.T.);
#3939=EDGE_CURVE('',#3154,#3154,#2617,.T.);
#3940=EDGE_CURVE('',#3148,#3155,#567,.T.);
#3941=EDGE_CURVE('',#3155,#3155,#2618,.T.);
#3942=EDGE_CURVE('',#3151,#3156,#568,.T.);
#3943=EDGE_CURVE('',#3156,#3156,#2619,.T.);
#3944=EDGE_CURVE('',#3157,#3157,#2620,.T.);
#3945=EDGE_CURVE('',#3157,#2986,#569,.T.);
#3946=EDGE_CURVE('',#3158,#3158,#2621,.T.);
#3947=EDGE_CURVE('',#3158,#2977,#570,.T.);
#3948=EDGE_CURVE('',#3159,#3159,#2622,.T.);
#3949=EDGE_CURVE('',#3160,#3160,#2623,.T.);
#3950=EDGE_CURVE('',#3161,#3161,#2624,.T.);
#3951=EDGE_CURVE('',#3162,#3162,#2625,.T.);
#3952=EDGE_CURVE('',#3163,#3163,#2626,.T.);
#3953=EDGE_CURVE('',#2974,#2994,#571,.T.);
#3954=EDGE_CURVE('',#2975,#2993,#572,.T.);
#3955=EDGE_CURVE('',#3164,#3164,#2627,.T.);
#3956=EDGE_CURVE('',#3164,#3163,#573,.T.);
#3957=EDGE_CURVE('',#3165,#3165,#2628,.T.);
#3958=EDGE_CURVE('',#3165,#3162,#574,.T.);
#3959=EDGE_CURVE('',#3166,#2979,#575,.T.);
#3960=EDGE_CURVE('',#3167,#3166,#2629,.T.);
#3961=EDGE_CURVE('',#3167,#2980,#576,.T.);
#3962=EDGE_CURVE('',#3168,#3167,#577,.T.);
#3963=EDGE_CURVE('',#3168,#2981,#578,.T.);
#3964=EDGE_CURVE('',#3169,#3168,#2630,.T.);
#3965=EDGE_CURVE('',#3169,#2982,#579,.T.);
#3966=EDGE_CURVE('',#3170,#3169,#580,.T.);
#3967=EDGE_CURVE('',#3170,#2983,#581,.T.);
#3968=EDGE_CURVE('',#3171,#3170,#2631,.T.);
#3969=EDGE_CURVE('',#3171,#2984,#582,.T.);
#3970=EDGE_CURVE('',#3172,#3171,#583,.T.);
#3971=EDGE_CURVE('',#3172,#2985,#584,.T.);
#3972=EDGE_CURVE('',#3173,#3172,#2632,.T.);
#3973=EDGE_CURVE('',#2978,#3173,#585,.T.);
#3974=EDGE_CURVE('',#3166,#3173,#586,.T.);
#3975=EDGE_CURVE('',#3174,#3174,#2633,.T.);
#3976=EDGE_CURVE('',#3174,#3161,#587,.T.);
#3977=EDGE_CURVE('',#3175,#3175,#2634,.T.);
#3978=EDGE_CURVE('',#3175,#3160,#588,.T.);
#3979=EDGE_CURVE('',#3176,#3176,#2635,.T.);
#3980=EDGE_CURVE('',#3176,#3159,#589,.T.);
#3981=EDGE_CURVE('',#3177,#3017,#590,.T.);
#3982=EDGE_CURVE('',#3178,#3177,#591,.T.);
#3983=EDGE_CURVE('',#3178,#3018,#592,.T.);
#3984=EDGE_CURVE('',#2890,#3178,#593,.T.);
#3985=EDGE_CURVE('',#3179,#3026,#2636,.T.);
#3986=EDGE_CURVE('',#3179,#3015,#594,.T.);
#3987=EDGE_CURVE('',#3180,#3179,#595,.T.);
#3988=EDGE_CURVE('',#3016,#3180,#596,.T.);
#3989=EDGE_CURVE('',#3177,#3180,#2637,.T.);
#3990=EDGE_CURVE('',#3181,#3181,#2638,.T.);
#3991=EDGE_CURVE('',#3181,#3182,#597,.T.);
#3992=EDGE_CURVE('',#3182,#3182,#2639,.T.);
#3993=EDGE_CURVE('',#3183,#3183,#2640,.T.);
#3994=EDGE_CURVE('',#3183,#3184,#598,.T.);
#3995=EDGE_CURVE('',#3184,#3184,#2641,.T.);
#3996=EDGE_CURVE('',#3185,#3185,#2642,.T.);
#3997=EDGE_CURVE('',#3185,#3186,#599,.T.);
#3998=EDGE_CURVE('',#3186,#3186,#2643,.T.);
#3999=EDGE_CURVE('',#3187,#3188,#600,.T.);
#4000=EDGE_CURVE('',#3189,#3187,#2644,.T.);
#4001=EDGE_CURVE('',#3190,#3189,#2645,.T.);
#4002=EDGE_CURVE('',#3188,#3190,#2646,.T.);
#4003=EDGE_CURVE('',#3191,#3187,#601,.T.);
#4004=EDGE_CURVE('',#3192,#3191,#2647,.T.);
#4005=EDGE_CURVE('',#3188,#3192,#602,.T.);
#4006=EDGE_CURVE('',#3193,#3190,#603,.T.);
#4007=EDGE_CURVE('',#3194,#3193,#2648,.T.);
#4008=EDGE_CURVE('',#3189,#3194,#604,.T.);
#4009=EDGE_CURVE('',#3195,#3196,#605,.T.);
#4010=EDGE_CURVE('',#3197,#3195,#2649,.T.);
#4011=EDGE_CURVE('',#3198,#3197,#2650,.T.);
#4012=EDGE_CURVE('',#3196,#3198,#2651,.T.);
#4013=EDGE_CURVE('',#3199,#3195,#606,.T.);
#4014=EDGE_CURVE('',#3200,#3199,#2652,.T.);
#4015=EDGE_CURVE('',#3196,#3200,#607,.T.);
#4016=EDGE_CURVE('',#3201,#3198,#608,.T.);
#4017=EDGE_CURVE('',#3202,#3201,#2653,.T.);
#4018=EDGE_CURVE('',#3202,#3197,#609,.T.);
#4019=EDGE_CURVE('',#3203,#3203,#2654,.T.);
#4020=EDGE_CURVE('',#3203,#3204,#610,.T.);
#4021=EDGE_CURVE('',#3204,#3204,#2655,.T.);
#4022=EDGE_CURVE('',#3205,#3189,#611,.T.);
#4023=EDGE_CURVE('',#3205,#3206,#2656,.T.);
#4024=EDGE_CURVE('',#3190,#3206,#612,.T.);
#4025=EDGE_CURVE('',#3207,#3192,#613,.T.);
#4026=EDGE_CURVE('',#3207,#3208,#614,.T.);
#4027=EDGE_CURVE('',#3208,#3209,#615,.T.);
#4028=EDGE_CURVE('',#3210,#3209,#616,.T.);
#4029=EDGE_CURVE('',#3199,#3210,#617,.T.);
#4030=EDGE_CURVE('',#3191,#3200,#618,.T.);
#4031=EDGE_CURVE('',#3211,#3193,#619,.T.);
#4032=EDGE_CURVE('',#3212,#3211,#620,.T.);
#4033=EDGE_CURVE('',#3213,#3212,#621,.T.);
#4034=EDGE_CURVE('',#3214,#3213,#2657,.T.);
#4035=EDGE_CURVE('',#3215,#3214,#622,.T.);
#4036=EDGE_CURVE('',#3202,#3215,#623,.T.);
#4037=EDGE_CURVE('',#3194,#3201,#624,.T.);
#4038=EDGE_CURVE('',#3216,#3216,#2658,.T.);
#4039=EDGE_CURVE('',#3217,#3217,#2659,.T.);
#4040=EDGE_CURVE('',#3218,#3219,#625,.T.);
#4041=EDGE_CURVE('',#3220,#3218,#2660,.T.);
#4042=EDGE_CURVE('',#3221,#3220,#626,.T.);
#4043=EDGE_CURVE('',#3222,#3221,#2661,.T.);
#4044=EDGE_CURVE('',#3223,#3222,#627,.T.);
#4045=EDGE_CURVE('',#3224,#3223,#2662,.T.);
#4046=EDGE_CURVE('',#3225,#3224,#628,.T.);
#4047=EDGE_CURVE('',#3219,#3225,#2663,.T.);
#4048=EDGE_CURVE('',#3226,#3226,#2664,.T.);
#4049=EDGE_CURVE('',#3227,#3227,#2665,.T.);
#4050=EDGE_CURVE('',#3228,#3228,#2666,.T.);
#4051=EDGE_CURVE('',#3229,#3230,#629,.T.);
#4052=EDGE_CURVE('',#3230,#3231,#2667,.T.);
#4053=EDGE_CURVE('',#3231,#3232,#630,.T.);
#4054=EDGE_CURVE('',#3232,#3229,#2668,.T.);
#4055=EDGE_CURVE('',#3233,#3229,#631,.T.);
#4056=EDGE_CURVE('',#3232,#3234,#632,.T.);
#4057=EDGE_CURVE('',#3233,#3234,#2669,.T.);
#4058=EDGE_CURVE('',#3230,#3235,#633,.T.);
#4059=EDGE_CURVE('',#3236,#3235,#2670,.T.);
#4060=EDGE_CURVE('',#3236,#3231,#634,.T.);
#4061=EDGE_CURVE('',#3234,#3233,#635,.T.);
#4062=EDGE_CURVE('',#3237,#3236,#636,.T.);
#4063=EDGE_CURVE('',#3238,#3237,#637,.T.);
#4064=EDGE_CURVE('',#3239,#3238,#638,.T.);
#4065=EDGE_CURVE('',#3240,#3239,#639,.T.);
#4066=EDGE_CURVE('',#3241,#3240,#640,.T.);
#4067=EDGE_CURVE('',#3242,#3241,#641,.T.);
#4068=EDGE_CURVE('',#3243,#3242,#642,.T.);
#4069=EDGE_CURVE('',#3244,#3243,#643,.T.);
#4070=EDGE_CURVE('',#3245,#3244,#2671,.T.);
#4071=EDGE_CURVE('',#3246,#3245,#644,.T.);
#4072=EDGE_CURVE('',#3247,#3246,#645,.T.);
#4073=EDGE_CURVE('',#3248,#3247,#646,.T.);
#4074=EDGE_CURVE('',#3249,#3248,#647,.T.);
#4075=EDGE_CURVE('',#3250,#3249,#648,.T.);
#4076=EDGE_CURVE('',#3251,#3250,#649,.T.);
#4077=EDGE_CURVE('',#3252,#3251,#2672,.T.);
#4078=EDGE_CURVE('',#3253,#3252,#650,.T.);
#4079=EDGE_CURVE('',#3235,#3253,#651,.T.);
#4080=EDGE_CURVE('',#3253,#3237,#2673,.T.);
#4081=EDGE_CURVE('',#3252,#3254,#2844,.T.);
#4082=EDGE_CURVE('',#3254,#3238,#2674,.T.);
#4083=EDGE_CURVE('',#3214,#3251,#652,.T.);
#4084=EDGE_CURVE('',#3213,#3254,#653,.T.);
#4085=EDGE_CURVE('',#3212,#3255,#654,.T.);
#4086=EDGE_CURVE('',#3255,#3256,#655,.T.);
#4087=EDGE_CURVE('',#3257,#3256,#2675,.T.);
#4088=EDGE_CURVE('',#3257,#3258,#656,.T.);
#4089=EDGE_CURVE('',#3239,#3258,#2676,.T.);
#4090=EDGE_CURVE('',#3259,#3259,#2677,.T.);
#4091=EDGE_CURVE('',#3260,#3260,#2678,.T.);
#4092=EDGE_CURVE('',#3261,#3262,#2679,.T.);
#4093=EDGE_CURVE('',#3262,#3263,#657,.T.);
#4094=EDGE_CURVE('',#3264,#3263,#2680,.T.);
#4095=EDGE_CURVE('',#3264,#3265,#658,.T.);
#4096=EDGE_CURVE('',#3266,#3265,#2681,.T.);
#4097=EDGE_CURVE('',#3266,#3261,#2845,.T.);
#4098=EDGE_CURVE('',#3267,#3264,#659,.T.);
#4099=EDGE_CURVE('',#3263,#3268,#660,.T.);
#4100=EDGE_CURVE('',#3268,#3267,#2682,.T.);
#4101=EDGE_CURVE('',#3269,#3266,#661,.T.);
#4102=EDGE_CURVE('',#3265,#3269,#662,.T.);
#4103=EDGE_CURVE('',#3270,#3244,#2846,.T.);
#4104=EDGE_CURVE('',#3271,#3243,#2683,.T.);
#4105=EDGE_CURVE('',#3271,#3272,#663,.T.);
#4106=EDGE_CURVE('',#3272,#3270,#2684,.T.);
#4107=EDGE_CURVE('',#3273,#3271,#664,.T.);
#4108=EDGE_CURVE('',#3242,#3273,#2685,.T.);
#4109=EDGE_CURVE('',#3274,#3274,#2686,.T.);
#4110=EDGE_CURVE('',#3274,#3275,#665,.T.);
#4111=EDGE_CURVE('',#3276,#3275,#2687,.T.);
#4112=EDGE_CURVE('',#3276,#3277,#2847,.T.);
#4113=EDGE_CURVE('',#3277,#3278,#666,.T.);
#4114=EDGE_CURVE('',#3279,#3278,#2688,.T.);
#4115=EDGE_CURVE('',#3279,#3280,#667,.T.);
#4116=EDGE_CURVE('',#3280,#3281,#2689,.T.);
#4117=EDGE_CURVE('',#3281,#3282,#2848,.T.);
#4118=EDGE_CURVE('',#3275,#3282,#2690,.T.);
#4119=EDGE_CURVE('',#3283,#3283,#2691,.T.);
#4120=EDGE_CURVE('',#3282,#3276,#668,.T.);
#4121=EDGE_CURVE('',#3284,#3284,#2692,.T.);
#4122=EDGE_CURVE('',#3284,#3285,#669,.T.);
#4123=EDGE_CURVE('',#3285,#3286,#2693,.T.);
#4124=EDGE_CURVE('',#3286,#3287,#670,.T.);
#4125=EDGE_CURVE('',#3288,#3287,#2694,.T.);
#4126=EDGE_CURVE('',#3288,#3289,#671,.T.);
#4127=EDGE_CURVE('',#3289,#3290,#2849,.T.);
#4128=EDGE_CURVE('',#3290,#3285,#2695,.T.);
#4129=EDGE_CURVE('',#3291,#3291,#2696,.T.);
#4130=EDGE_CURVE('',#3268,#3292,#672,.T.);
#4131=EDGE_CURVE('',#3293,#3292,#2697,.T.);
#4132=EDGE_CURVE('',#3293,#3267,#673,.T.);
#4133=EDGE_CURVE('',#3294,#3241,#2698,.T.);
#4134=EDGE_CURVE('',#3294,#3273,#674,.T.);
#4135=EDGE_CURVE('',#3272,#3262,#675,.T.);
#4136=EDGE_CURVE('',#3295,#3294,#676,.T.);
#4137=EDGE_CURVE('',#3258,#3295,#677,.T.);
#4138=EDGE_CURVE('',#3296,#3257,#678,.T.);
#4139=EDGE_CURVE('',#3292,#3296,#679,.T.);
#4140=EDGE_CURVE('',#3210,#3297,#680,.T.);
#4141=EDGE_CURVE('',#3298,#3297,#681,.T.);
#4142=EDGE_CURVE('',#3299,#3298,#682,.T.);
#4143=EDGE_CURVE('',#3300,#3299,#683,.T.);
#4144=EDGE_CURVE('',#3300,#3301,#684,.T.);
#4145=EDGE_CURVE('',#3302,#3301,#685,.T.);
#4146=EDGE_CURVE('',#3303,#3302,#686,.T.);
#4147=EDGE_CURVE('',#3304,#3303,#687,.T.);
#4148=EDGE_CURVE('',#3304,#3305,#688,.T.);
#4149=EDGE_CURVE('',#3306,#3305,#689,.T.);
#4150=EDGE_CURVE('',#3307,#3306,#690,.T.);
#4151=EDGE_CURVE('',#3308,#3307,#691,.T.);
#4152=EDGE_CURVE('',#3308,#3309,#692,.T.);
#4153=EDGE_CURVE('',#3310,#3309,#693,.T.);
#4154=EDGE_CURVE('',#3311,#3310,#694,.T.);
#4155=EDGE_CURVE('',#3312,#3311,#695,.T.);
#4156=EDGE_CURVE('',#3312,#3289,#2699,.T.);
#4157=EDGE_CURVE('',#3287,#3288,#696,.T.);
#4158=EDGE_CURVE('',#3286,#3280,#697,.T.);
#4159=EDGE_CURVE('',#3278,#3279,#698,.T.);
#4160=EDGE_CURVE('',#3277,#3313,#2700,.T.);
#4161=EDGE_CURVE('',#3313,#3207,#699,.T.);
#4162=EDGE_CURVE('',#3314,#3314,#2701,.T.);
#4163=EDGE_CURVE('',#3315,#3316,#700,.T.);
#4164=EDGE_CURVE('',#3317,#3315,#2702,.T.);
#4165=EDGE_CURVE('',#3318,#3317,#701,.T.);
#4166=EDGE_CURVE('',#3319,#3318,#2703,.T.);
#4167=EDGE_CURVE('',#3320,#3319,#702,.T.);
#4168=EDGE_CURVE('',#3321,#3320,#2704,.T.);
#4169=EDGE_CURVE('',#3322,#3321,#703,.T.);
#4170=EDGE_CURVE('',#3316,#3322,#2705,.T.);
#4171=EDGE_CURVE('',#3323,#3323,#2706,.T.);
#4172=EDGE_CURVE('',#3240,#3295,#2707,.T.);
#4173=EDGE_CURVE('',#3259,#3324,#704,.T.);
#4174=EDGE_CURVE('',#3324,#3324,#2708,.T.);
#4175=EDGE_CURVE('',#3325,#3325,#2709,.T.);
#4176=EDGE_CURVE('',#3256,#3326,#705,.T.);
#4177=EDGE_CURVE('',#3296,#3326,#2710,.T.);
#4178=EDGE_CURVE('',#3326,#3293,#706,.T.);
#4179=EDGE_CURVE('',#3260,#3327,#707,.T.);
#4180=EDGE_CURVE('',#3327,#3327,#2711,.T.);
#4181=EDGE_CURVE('',#3328,#3328,#2712,.T.);
#4182=EDGE_CURVE('',#3329,#3255,#708,.T.);
#4183=EDGE_CURVE('',#3206,#3329,#709,.T.);
#4184=EDGE_CURVE('',#3330,#3205,#710,.T.);
#4185=EDGE_CURVE('',#3331,#3330,#2713,.T.);
#4186=EDGE_CURVE('',#3332,#3331,#711,.T.);
#4187=EDGE_CURVE('',#3333,#3332,#712,.T.);
#4188=EDGE_CURVE('',#3334,#3333,#713,.T.);
#4189=EDGE_CURVE('',#3335,#3334,#714,.T.);
#4190=EDGE_CURVE('',#3336,#3335,#715,.T.);
#4191=EDGE_CURVE('',#3337,#3336,#716,.T.);
#4192=EDGE_CURVE('',#3338,#3337,#717,.T.);
#4193=EDGE_CURVE('',#3339,#3338,#718,.T.);
#4194=EDGE_CURVE('',#3340,#3339,#719,.T.);
#4195=EDGE_CURVE('',#3341,#3340,#720,.T.);
#4196=EDGE_CURVE('',#3342,#3341,#721,.T.);
#4197=EDGE_CURVE('',#3343,#3342,#722,.T.);
#4198=EDGE_CURVE('',#3344,#3343,#723,.T.);
#4199=EDGE_CURVE('',#3345,#3344,#724,.T.);
#4200=EDGE_CURVE('',#3346,#3345,#725,.T.);
#4201=EDGE_CURVE('',#3347,#3346,#726,.T.);
#4202=EDGE_CURVE('',#3348,#3347,#727,.T.);
#4203=EDGE_CURVE('',#3349,#3348,#728,.T.);
#4204=EDGE_CURVE('',#3350,#3349,#729,.T.);
#4205=EDGE_CURVE('',#3209,#3350,#730,.T.);
#4206=EDGE_CURVE('',#3351,#3208,#731,.T.);
#4207=EDGE_CURVE('',#3269,#3351,#2714,.T.);
#4208=EDGE_CURVE('',#3328,#3283,#732,.T.);
#4209=EDGE_CURVE('',#3325,#3291,#733,.T.);
#4210=EDGE_CURVE('',#3339,#3336,#2715,.T.);
#4211=EDGE_CURVE('',#3337,#3338,#2716,.T.);
#4212=EDGE_CURVE('',#3335,#3340,#2717,.T.);
#4213=EDGE_CURVE('',#3352,#3352,#2718,.T.);
#4214=EDGE_CURVE('',#3352,#3353,#734,.T.);
#4215=EDGE_CURVE('',#3353,#3353,#2719,.T.);
#4216=EDGE_CURVE('',#3354,#3354,#2720,.T.);
#4217=EDGE_CURVE('',#3341,#3334,#2721,.T.);
#4218=EDGE_CURVE('',#3355,#3355,#2722,.T.);
#4219=EDGE_CURVE('',#3355,#3356,#735,.T.);
#4220=EDGE_CURVE('',#3356,#3356,#2723,.T.);
#4221=EDGE_CURVE('',#3357,#3357,#2724,.T.);
#4222=EDGE_CURVE('',#3332,#3343,#2725,.T.);
#4223=EDGE_CURVE('',#3333,#3342,#2726,.T.);
#4224=EDGE_CURVE('',#3357,#3354,#736,.T.);
#4225=EDGE_CURVE('',#3197,#3331,#737,.T.);
#4226=EDGE_CURVE('',#3215,#3344,#738,.T.);
#4227=EDGE_CURVE('',#3358,#3359,#2727,.T.);
#4228=EDGE_CURVE('',#3359,#3360,#739,.T.);
#4229=EDGE_CURVE('',#3361,#3360,#2728,.T.);
#4230=EDGE_CURVE('',#3361,#3358,#740,.T.);
#4231=EDGE_CURVE('',#3362,#3361,#741,.T.);
#4232=EDGE_CURVE('',#3360,#3363,#742,.T.);
#4233=EDGE_CURVE('',#3363,#3362,#2729,.T.);
#4234=EDGE_CURVE('',#3364,#3365,#2730,.T.);
#4235=EDGE_CURVE('',#3365,#3366,#743,.T.);
#4236=EDGE_CURVE('',#3367,#3366,#2731,.T.);
#4237=EDGE_CURVE('',#3367,#3364,#744,.T.);
#4238=EDGE_CURVE('',#3368,#3367,#745,.T.);
#4239=EDGE_CURVE('',#3366,#3369,#746,.T.);
#4240=EDGE_CURVE('',#3369,#3368,#2732,.T.);
#4241=EDGE_CURVE('',#3370,#3370,#2733,.T.);
#4242=EDGE_CURVE('',#3370,#3371,#747,.T.);
#4243=EDGE_CURVE('',#3371,#3308,#2734,.T.);
#4244=EDGE_CURVE('',#3306,#3307,#2735,.T.);
#4245=EDGE_CURVE('',#3305,#3371,#2736,.T.);
#4246=EDGE_CURVE('',#3372,#3372,#2737,.T.);
#4247=EDGE_CURVE('',#3373,#3373,#2738,.T.);
#4248=EDGE_CURVE('',#3373,#3374,#748,.T.);
#4249=EDGE_CURVE('',#3374,#3304,#2739,.T.);
#4250=EDGE_CURVE('',#3302,#3303,#2740,.T.);
#4251=EDGE_CURVE('',#3301,#3374,#2741,.T.);
#4252=EDGE_CURVE('',#3375,#3375,#2742,.T.);
#4253=EDGE_CURVE('',#3376,#3377,#2743,.T.);
#4254=EDGE_CURVE('',#3377,#3378,#749,.T.);
#4255=EDGE_CURVE('',#3379,#3378,#2744,.T.);
#4256=EDGE_CURVE('',#3379,#3376,#750,.T.);
#4257=EDGE_CURVE('',#3380,#3379,#751,.T.);
#4258=EDGE_CURVE('',#3378,#3381,#752,.T.);
#4259=EDGE_CURVE('',#3381,#3380,#2745,.T.);
#4260=EDGE_CURVE('',#3382,#3383,#2746,.T.);
#4261=EDGE_CURVE('',#3383,#3384,#753,.T.);
#4262=EDGE_CURVE('',#3385,#3384,#2747,.T.);
#4263=EDGE_CURVE('',#3385,#3382,#754,.T.);
#4264=EDGE_CURVE('',#3386,#3385,#755,.T.);
#4265=EDGE_CURVE('',#3384,#3387,#756,.T.);
#4266=EDGE_CURVE('',#3387,#3386,#2748,.T.);
#4267=EDGE_CURVE('',#3388,#3389,#2749,.T.);
#4268=EDGE_CURVE('',#3389,#3390,#757,.T.);
#4269=EDGE_CURVE('',#3391,#3390,#2750,.T.);
#4270=EDGE_CURVE('',#3391,#3388,#758,.T.);
#4271=EDGE_CURVE('',#3392,#3391,#759,.T.);
#4272=EDGE_CURVE('',#3390,#3393,#760,.T.);
#4273=EDGE_CURVE('',#3393,#3392,#2751,.T.);
#4274=EDGE_CURVE('',#3394,#3350,#2752,.T.);
#4275=EDGE_CURVE('',#3395,#3349,#2753,.T.);
#4276=EDGE_CURVE('',#3395,#3394,#761,.T.);
#4277=EDGE_CURVE('',#3396,#3395,#762,.T.);
#4278=EDGE_CURVE('',#3348,#3396,#2754,.T.);
#4279=EDGE_CURVE('',#3397,#3397,#2755,.T.);
#4280=EDGE_CURVE('',#3397,#3398,#763,.T.);
#4281=EDGE_CURVE('',#3398,#3312,#2850,.T.);
#4282=EDGE_CURVE('',#3310,#3311,#2756,.T.);
#4283=EDGE_CURVE('',#3309,#3399,#2757,.T.);
#4284=EDGE_CURVE('',#3399,#3398,#2851,.T.);
#4285=EDGE_CURVE('',#3400,#3400,#2758,.T.);
#4286=EDGE_CURVE('',#3401,#3401,#2759,.T.);
#4287=EDGE_CURVE('',#3401,#3402,#764,.T.);
#4288=EDGE_CURVE('',#3402,#3300,#2760,.T.);
#4289=EDGE_CURVE('',#3298,#3299,#2761,.T.);
#4290=EDGE_CURVE('',#3297,#3402,#2762,.T.);
#4291=EDGE_CURVE('',#3403,#3403,#2763,.T.);
#4292=EDGE_CURVE('',#3404,#3405,#2764,.T.);
#4293=EDGE_CURVE('',#3405,#3406,#765,.T.);
#4294=EDGE_CURVE('',#3407,#3406,#2765,.T.);
#4295=EDGE_CURVE('',#3407,#3404,#766,.T.);
#4296=EDGE_CURVE('',#3408,#3407,#767,.T.);
#4297=EDGE_CURVE('',#3406,#3409,#768,.T.);
#4298=EDGE_CURVE('',#3409,#3408,#2766,.T.);
#4299=EDGE_CURVE('',#3410,#3411,#2767,.T.);
#4300=EDGE_CURVE('',#3411,#3412,#769,.T.);
#4301=EDGE_CURVE('',#3246,#3412,#2768,.T.);
#4302=EDGE_CURVE('',#3245,#3410,#2852,.T.);
#4303=EDGE_CURVE('',#3412,#3413,#770,.T.);
#4304=EDGE_CURVE('',#3413,#3247,#2769,.T.);
#4305=EDGE_CURVE('',#3363,#3414,#771,.T.);
#4306=EDGE_CURVE('',#3415,#3414,#2770,.T.);
#4307=EDGE_CURVE('',#3415,#3362,#772,.T.);
#4308=EDGE_CURVE('',#3369,#3416,#773,.T.);
#4309=EDGE_CURVE('',#3417,#3416,#2771,.T.);
#4310=EDGE_CURVE('',#3417,#3368,#774,.T.);
#4311=EDGE_CURVE('',#3381,#3418,#775,.T.);
#4312=EDGE_CURVE('',#3419,#3418,#2772,.T.);
#4313=EDGE_CURVE('',#3419,#3380,#776,.T.);
#4314=EDGE_CURVE('',#3387,#3420,#777,.T.);
#4315=EDGE_CURVE('',#3421,#3420,#2773,.T.);
#4316=EDGE_CURVE('',#3421,#3386,#778,.T.);
#4317=EDGE_CURVE('',#3388,#3359,#779,.T.);
#4318=EDGE_CURVE('',#3422,#3392,#780,.T.);
#4319=EDGE_CURVE('',#3423,#3422,#781,.T.);
#4320=EDGE_CURVE('',#3424,#3423,#782,.T.);
#4321=EDGE_CURVE('',#3425,#3424,#783,.T.);
#4322=EDGE_CURVE('',#3426,#3425,#784,.T.);
#4323=EDGE_CURVE('',#3414,#3426,#785,.T.);
#4324=EDGE_CURVE('',#3393,#3427,#786,.T.);
#4325=EDGE_CURVE('',#3422,#3427,#2774,.T.);
#4326=EDGE_CURVE('',#3394,#3365,#787,.T.);
#4327=EDGE_CURVE('',#3428,#3396,#788,.T.);
#4328=EDGE_CURVE('',#3429,#3428,#789,.T.);
#4329=EDGE_CURVE('',#3430,#3429,#790,.T.);
#4330=EDGE_CURVE('',#3431,#3430,#791,.T.);
#4331=EDGE_CURVE('',#3432,#3431,#792,.T.);
#4332=EDGE_CURVE('',#3416,#3432,#793,.T.);
#4333=EDGE_CURVE('',#3428,#3347,#2775,.T.);
#4334=EDGE_CURVE('',#3409,#3433,#794,.T.);
#4335=EDGE_CURVE('',#3434,#3433,#2776,.T.);
#4336=EDGE_CURVE('',#3434,#3408,#795,.T.);
#4337=EDGE_CURVE('',#3404,#3389,#796,.T.);
#4338=EDGE_CURVE('',#3435,#3434,#797,.T.);
#4339=EDGE_CURVE('',#3436,#3435,#798,.T.);
#4340=EDGE_CURVE('',#3437,#3436,#799,.T.);
#4341=EDGE_CURVE('',#3438,#3437,#800,.T.);
#4342=EDGE_CURVE('',#3427,#3438,#801,.T.);
#4343=EDGE_CURVE('',#3413,#3439,#802,.T.);
#4344=EDGE_CURVE('',#3248,#3439,#2777,.T.);
#4345=EDGE_CURVE('',#3440,#3440,#2778,.T.);
#4346=EDGE_CURVE('',#3440,#3441,#803,.T.);
#4347=EDGE_CURVE('',#3441,#3441,#2779,.T.);
#4348=EDGE_CURVE('',#3442,#3442,#2780,.T.);
#4349=EDGE_CURVE('',#3443,#3444,#2781,.T.);
#4350=EDGE_CURVE('',#3444,#3445,#804,.T.);
#4351=EDGE_CURVE('',#3446,#3445,#2782,.T.);
#4352=EDGE_CURVE('',#3446,#3443,#805,.T.);
#4353=EDGE_CURVE('',#3445,#3419,#806,.T.);
#4354=EDGE_CURVE('',#3418,#3446,#807,.T.);
#4355=EDGE_CURVE('',#3447,#3448,#2783,.T.);
#4356=EDGE_CURVE('',#3448,#3449,#808,.T.);
#4357=EDGE_CURVE('',#3450,#3449,#2784,.T.);
#4358=EDGE_CURVE('',#3450,#3447,#809,.T.);
#4359=EDGE_CURVE('',#3449,#3421,#810,.T.);
#4360=EDGE_CURVE('',#3420,#3450,#811,.T.);
#4361=EDGE_CURVE('',#3425,#3451,#2785,.T.);
#4362=EDGE_CURVE('',#3451,#3452,#812,.T.);
#4363=EDGE_CURVE('',#3426,#3452,#2786,.T.);
#4364=EDGE_CURVE('',#3452,#3415,#813,.T.);
#4365=EDGE_CURVE('',#3431,#3453,#2787,.T.);
#4366=EDGE_CURVE('',#3453,#3454,#814,.T.);
#4367=EDGE_CURVE('',#3432,#3454,#2788,.T.);
#4368=EDGE_CURVE('',#3454,#3417,#815,.T.);
#4369=EDGE_CURVE('',#3455,#3455,#2789,.T.);
#4370=EDGE_CURVE('',#3455,#3456,#816,.T.);
#4371=EDGE_CURVE('',#3456,#3456,#2790,.T.);
#4372=EDGE_CURVE('',#3457,#3457,#2791,.T.);
#4373=EDGE_CURVE('',#3458,#3458,#2792,.T.);
#4374=EDGE_CURVE('',#3458,#3459,#817,.T.);
#4375=EDGE_CURVE('',#3459,#3459,#2793,.T.);
#4376=EDGE_CURVE('',#3460,#3460,#2794,.T.);
#4377=EDGE_CURVE('',#3461,#3436,#2795,.T.);
#4378=EDGE_CURVE('',#3462,#3435,#2796,.T.);
#4379=EDGE_CURVE('',#3462,#3461,#818,.T.);
#4380=EDGE_CURVE('',#3433,#3462,#819,.T.);
#4381=EDGE_CURVE('',#3463,#3250,#2797,.T.);
#4382=EDGE_CURVE('',#3464,#3249,#2798,.T.);
#4383=EDGE_CURVE('',#3464,#3463,#820,.T.);
#4384=EDGE_CURVE('',#3439,#3464,#821,.T.);
#4385=EDGE_CURVE('',#3437,#3424,#2799,.T.);
#4386=EDGE_CURVE('',#3438,#3423,#2800,.T.);
#4387=EDGE_CURVE('',#3345,#3430,#2801,.T.);
#4388=EDGE_CURVE('',#3346,#3429,#2802,.T.);
#4389=EDGE_CURVE('',#3465,#3465,#2803,.T.);
#4390=EDGE_CURVE('',#3465,#3466,#822,.T.);
#4391=EDGE_CURVE('',#3466,#3466,#2804,.T.);
#4392=EDGE_CURVE('',#3467,#3467,#2805,.T.);
#4393=EDGE_CURVE('',#3461,#3444,#823,.T.);
#4394=EDGE_CURVE('',#3376,#3405,#824,.T.);
#4395=EDGE_CURVE('',#3463,#3448,#825,.T.);
#4396=EDGE_CURVE('',#3382,#3411,#826,.T.);
#4397=EDGE_CURVE('',#3443,#3453,#827,.T.);
#4398=EDGE_CURVE('',#3447,#3451,#828,.T.);
#4399=EDGE_CURVE('',#3457,#3372,#829,.T.);
#4400=EDGE_CURVE('',#3442,#3375,#830,.T.);
#4401=EDGE_CURVE('',#3467,#3400,#831,.T.);
#4402=EDGE_CURVE('',#3460,#3403,#832,.T.);
#4403=EDGE_CURVE('',#3364,#3377,#833,.T.);
#4404=EDGE_CURVE('',#3358,#3383,#834,.T.);
#4405=EDGE_CURVE('',#3290,#3270,#835,.T.);
#4406=EDGE_CURVE('',#3399,#3410,#836,.T.);
#4407=EDGE_CURVE('',#3281,#3261,#837,.T.);
#4408=EDGE_CURVE('',#3313,#3351,#838,.T.);
#4409=EDGE_CURVE('',#3468,#3468,#2806,.T.);
#4410=EDGE_CURVE('',#3468,#3469,#839,.T.);
#4411=EDGE_CURVE('',#3469,#3469,#2807,.T.);
#4412=EDGE_CURVE('',#3470,#3470,#2808,.T.);
#4413=EDGE_CURVE('',#3471,#3471,#2809,.T.);
#4414=EDGE_CURVE('',#3471,#3472,#840,.T.);
#4415=EDGE_CURVE('',#3472,#3472,#2810,.T.);
#4416=EDGE_CURVE('',#3473,#3473,#2811,.T.);
#4417=EDGE_CURVE('',#3474,#3474,#2812,.T.);
#4418=EDGE_CURVE('',#3474,#3475,#841,.T.);
#4419=EDGE_CURVE('',#3475,#3475,#2813,.T.);
#4420=EDGE_CURVE('',#3476,#3476,#2814,.T.);
#4421=EDGE_CURVE('',#3477,#3477,#2815,.T.);
#4422=EDGE_CURVE('',#3477,#3478,#842,.T.);
#4423=EDGE_CURVE('',#3478,#3478,#2816,.T.);
#4424=EDGE_CURVE('',#3479,#3479,#2817,.T.);
#4425=EDGE_CURVE('',#3480,#3480,#2818,.T.);
#4426=EDGE_CURVE('',#3480,#3481,#843,.T.);
#4427=EDGE_CURVE('',#3481,#3481,#2819,.T.);
#4428=EDGE_CURVE('',#3482,#3482,#2820,.T.);
#4429=EDGE_CURVE('',#3470,#3483,#844,.T.);
#4430=EDGE_CURVE('',#3483,#3483,#2821,.T.);
#4431=EDGE_CURVE('',#3473,#3484,#845,.T.);
#4432=EDGE_CURVE('',#3484,#3484,#2822,.T.);
#4433=EDGE_CURVE('',#3476,#3485,#846,.T.);
#4434=EDGE_CURVE('',#3485,#3485,#2823,.T.);
#4435=EDGE_CURVE('',#3479,#3486,#847,.T.);
#4436=EDGE_CURVE('',#3486,#3486,#2824,.T.);
#4437=EDGE_CURVE('',#3482,#3487,#848,.T.);
#4438=EDGE_CURVE('',#3487,#3487,#2825,.T.);
#4439=EDGE_CURVE('',#3488,#3488,#2826,.T.);
#4440=EDGE_CURVE('',#3488,#3323,#849,.T.);
#4441=EDGE_CURVE('',#3489,#3489,#2827,.T.);
#4442=EDGE_CURVE('',#3489,#3314,#850,.T.);
#4443=EDGE_CURVE('',#3490,#3490,#2828,.T.);
#4444=EDGE_CURVE('',#3491,#3491,#2829,.T.);
#4445=EDGE_CURVE('',#3492,#3492,#2830,.T.);
#4446=EDGE_CURVE('',#3493,#3493,#2831,.T.);
#4447=EDGE_CURVE('',#3494,#3494,#2832,.T.);
#4448=EDGE_CURVE('',#3216,#3494,#851,.T.);
#4449=EDGE_CURVE('',#3217,#3493,#852,.T.);
#4450=EDGE_CURVE('',#3218,#3316,#853,.T.);
#4451=EDGE_CURVE('',#3220,#3322,#854,.T.);
#4452=EDGE_CURVE('',#3221,#3321,#855,.T.);
#4453=EDGE_CURVE('',#3222,#3320,#856,.T.);
#4454=EDGE_CURVE('',#3223,#3319,#857,.T.);
#4455=EDGE_CURVE('',#3224,#3318,#858,.T.);
#4456=EDGE_CURVE('',#3225,#3317,#859,.T.);
#4457=EDGE_CURVE('',#3315,#3219,#860,.T.);
#4458=EDGE_CURVE('',#3226,#3492,#861,.T.);
#4459=EDGE_CURVE('',#3227,#3491,#862,.T.);
#4460=EDGE_CURVE('',#3228,#3490,#863,.T.);
#4461=EDGE_CURVE('',#3211,#3329,#864,.T.);
#4462=EDGE_CURVE('',#3198,#3330,#865,.T.);
#4463=ORIENTED_EDGE('',*,*,#3495,.T.);
#4464=ORIENTED_EDGE('',*,*,#3496,.T.);
#4465=ORIENTED_EDGE('',*,*,#3497,.T.);
#4466=ORIENTED_EDGE('',*,*,#3498,.T.);
#4467=ORIENTED_EDGE('',*,*,#3498,.F.);
#4468=ORIENTED_EDGE('',*,*,#3499,.T.);
#4469=ORIENTED_EDGE('',*,*,#3500,.T.);
#4470=ORIENTED_EDGE('',*,*,#3501,.T.);
#4471=ORIENTED_EDGE('',*,*,#3497,.F.);
#4472=ORIENTED_EDGE('',*,*,#3502,.F.);
#4473=ORIENTED_EDGE('',*,*,#3503,.F.);
#4474=ORIENTED_EDGE('',*,*,#3504,.F.);
#4475=ORIENTED_EDGE('',*,*,#3505,.F.);
#4476=ORIENTED_EDGE('',*,*,#3499,.F.);
#4477=ORIENTED_EDGE('',*,*,#3506,.T.);
#4478=ORIENTED_EDGE('',*,*,#3503,.T.);
#4479=ORIENTED_EDGE('',*,*,#3507,.T.);
#4480=ORIENTED_EDGE('',*,*,#3508,.T.);
#4481=ORIENTED_EDGE('',*,*,#3509,.T.);
#4482=ORIENTED_EDGE('',*,*,#3510,.T.);
#4483=ORIENTED_EDGE('',*,*,#3511,.T.);
#4484=ORIENTED_EDGE('',*,*,#3508,.F.);
#4485=ORIENTED_EDGE('',*,*,#3512,.T.);
#4486=ORIENTED_EDGE('',*,*,#3513,.T.);
#4487=ORIENTED_EDGE('',*,*,#3514,.T.);
#4488=ORIENTED_EDGE('',*,*,#3515,.T.);
#4489=ORIENTED_EDGE('',*,*,#3516,.T.);
#4490=ORIENTED_EDGE('',*,*,#3517,.T.);
#4491=ORIENTED_EDGE('',*,*,#3518,.T.);
#4492=ORIENTED_EDGE('',*,*,#3519,.T.);
#4493=ORIENTED_EDGE('',*,*,#3520,.T.);
#4494=ORIENTED_EDGE('',*,*,#3519,.F.);
#4495=ORIENTED_EDGE('',*,*,#3521,.T.);
#4496=ORIENTED_EDGE('',*,*,#3513,.F.);
#4497=ORIENTED_EDGE('',*,*,#3522,.T.);
#4498=ORIENTED_EDGE('',*,*,#3515,.F.);
#4499=ORIENTED_EDGE('',*,*,#3523,.T.);
#4500=ORIENTED_EDGE('',*,*,#3510,.F.);
#4501=ORIENTED_EDGE('',*,*,#3506,.F.);
#4502=ORIENTED_EDGE('',*,*,#3511,.F.);
#4503=ORIENTED_EDGE('',*,*,#3524,.T.);
#4504=ORIENTED_EDGE('',*,*,#3525,.F.);
#4505=ORIENTED_EDGE('',*,*,#3526,.F.);
#4506=ORIENTED_EDGE('',*,*,#3504,.T.);
#4507=ORIENTED_EDGE('',*,*,#3523,.F.);
#4508=ORIENTED_EDGE('',*,*,#3527,.T.);
#4509=ORIENTED_EDGE('',*,*,#3528,.F.);
#4510=ORIENTED_EDGE('',*,*,#3529,.T.);
#4511=ORIENTED_EDGE('',*,*,#3530,.F.);
#4512=ORIENTED_EDGE('',*,*,#3524,.F.);
#4513=ORIENTED_EDGE('',*,*,#3514,.F.);
#4514=ORIENTED_EDGE('',*,*,#3531,.T.);
#4515=ORIENTED_EDGE('',*,*,#3532,.F.);
#4516=ORIENTED_EDGE('',*,*,#3529,.F.);
#4517=ORIENTED_EDGE('',*,*,#3533,.F.);
#4518=ORIENTED_EDGE('',*,*,#3527,.F.);
#4519=ORIENTED_EDGE('',*,*,#3521,.F.);
#4520=ORIENTED_EDGE('',*,*,#3518,.F.);
#4521=ORIENTED_EDGE('',*,*,#3534,.T.);
#4522=ORIENTED_EDGE('',*,*,#3535,.T.);
#4523=ORIENTED_EDGE('',*,*,#3536,.F.);
#4524=ORIENTED_EDGE('',*,*,#3531,.F.);
#4525=ORIENTED_EDGE('',*,*,#3495,.F.);
#4526=ORIENTED_EDGE('',*,*,#3501,.F.);
#4527=ORIENTED_EDGE('',*,*,#3537,.F.);
#4528=ORIENTED_EDGE('',*,*,#3534,.F.);
#4529=ORIENTED_EDGE('',*,*,#3517,.F.);
#4530=ORIENTED_EDGE('',*,*,#3538,.F.);
#4531=ORIENTED_EDGE('',*,*,#3509,.F.);
#4532=ORIENTED_EDGE('',*,*,#3539,.F.);
#4533=ORIENTED_EDGE('',*,*,#3540,.T.);
#4534=ORIENTED_EDGE('',*,*,#3541,.T.);
#4535=ORIENTED_EDGE('',*,*,#3542,.F.);
#4536=ORIENTED_EDGE('',*,*,#3543,.T.);
#4537=ORIENTED_EDGE('',*,*,#3544,.F.);
#4538=ORIENTED_EDGE('',*,*,#3545,.T.);
#4539=ORIENTED_EDGE('',*,*,#3546,.F.);
#4540=ORIENTED_EDGE('',*,*,#3547,.F.);
#4541=ORIENTED_EDGE('',*,*,#3548,.F.);
#4542=ORIENTED_EDGE('',*,*,#3520,.F.);
#4543=ORIENTED_EDGE('',*,*,#3512,.F.);
#4544=ORIENTED_EDGE('',*,*,#3522,.F.);
#4545=ORIENTED_EDGE('',*,*,#3549,.T.);
#4546=ORIENTED_EDGE('',*,*,#3550,.T.);
#4547=ORIENTED_EDGE('',*,*,#3525,.T.);
#4548=ORIENTED_EDGE('',*,*,#3530,.T.);
#4549=ORIENTED_EDGE('',*,*,#3532,.T.);
#4550=ORIENTED_EDGE('',*,*,#3536,.T.);
#4551=ORIENTED_EDGE('',*,*,#3551,.T.);
#4552=ORIENTED_EDGE('',*,*,#3552,.T.);
#4553=ORIENTED_EDGE('',*,*,#3553,.T.);
#4554=ORIENTED_EDGE('',*,*,#3554,.T.);
#4555=ORIENTED_EDGE('',*,*,#3555,.F.);
#4556=ORIENTED_EDGE('',*,*,#3556,.T.);
#4557=ORIENTED_EDGE('',*,*,#3557,.F.);
#4558=ORIENTED_EDGE('',*,*,#3558,.T.);
#4559=ORIENTED_EDGE('',*,*,#3559,.T.);
#4560=ORIENTED_EDGE('',*,*,#3560,.T.);
#4561=ORIENTED_EDGE('',*,*,#3533,.T.);
#4562=ORIENTED_EDGE('',*,*,#3561,.T.);
#4563=ORIENTED_EDGE('',*,*,#3562,.F.);
#4564=ORIENTED_EDGE('',*,*,#3561,.F.);
#4565=ORIENTED_EDGE('',*,*,#3528,.T.);
#4566=ORIENTED_EDGE('',*,*,#3563,.F.);
#4567=ORIENTED_EDGE('',*,*,#3564,.T.);
#4568=ORIENTED_EDGE('',*,*,#3565,.F.);
#4569=ORIENTED_EDGE('',*,*,#3564,.F.);
#4570=ORIENTED_EDGE('',*,*,#3566,.F.);
#4571=ORIENTED_EDGE('',*,*,#3567,.T.);
#4572=ORIENTED_EDGE('',*,*,#3568,.F.);
#4573=ORIENTED_EDGE('',*,*,#3567,.F.);
#4574=ORIENTED_EDGE('',*,*,#3569,.F.);
#4575=ORIENTED_EDGE('',*,*,#3570,.F.);
#4576=ORIENTED_EDGE('',*,*,#3571,.F.);
#4577=ORIENTED_EDGE('',*,*,#3572,.F.);
#4578=ORIENTED_EDGE('',*,*,#3573,.F.);
#4579=ORIENTED_EDGE('',*,*,#3574,.T.);
#4580=ORIENTED_EDGE('',*,*,#3575,.F.);
#4581=ORIENTED_EDGE('',*,*,#3570,.T.);
#4582=ORIENTED_EDGE('',*,*,#3572,.T.);
#4583=ORIENTED_EDGE('',*,*,#3576,.F.);
#4584=ORIENTED_EDGE('',*,*,#3577,.T.);
#4585=ORIENTED_EDGE('',*,*,#3578,.F.);
#4586=ORIENTED_EDGE('',*,*,#3579,.T.);
#4587=ORIENTED_EDGE('',*,*,#3573,.T.);
#4588=ORIENTED_EDGE('',*,*,#3569,.T.);
#4589=ORIENTED_EDGE('',*,*,#3578,.T.);
#4590=ORIENTED_EDGE('',*,*,#3580,.T.);
#4591=ORIENTED_EDGE('',*,*,#3581,.T.);
#4592=ORIENTED_EDGE('',*,*,#3582,.T.);
#4593=ORIENTED_EDGE('',*,*,#3583,.T.);
#4594=ORIENTED_EDGE('',*,*,#3584,.T.);
#4595=ORIENTED_EDGE('',*,*,#3585,.T.);
#4596=ORIENTED_EDGE('',*,*,#3586,.T.);
#4597=ORIENTED_EDGE('',*,*,#3587,.T.);
#4598=ORIENTED_EDGE('',*,*,#3588,.T.);
#4599=ORIENTED_EDGE('',*,*,#3589,.T.);
#4600=ORIENTED_EDGE('',*,*,#3590,.T.);
#4601=ORIENTED_EDGE('',*,*,#3591,.T.);
#4602=ORIENTED_EDGE('',*,*,#3592,.T.);
#4603=ORIENTED_EDGE('',*,*,#3593,.T.);
#4604=ORIENTED_EDGE('',*,*,#3594,.T.);
#4605=ORIENTED_EDGE('',*,*,#3542,.T.);
#4606=ORIENTED_EDGE('',*,*,#3595,.T.);
#4607=ORIENTED_EDGE('',*,*,#3596,.T.);
#4608=ORIENTED_EDGE('',*,*,#3576,.T.);
#4609=ORIENTED_EDGE('',*,*,#3571,.T.);
#4610=ORIENTED_EDGE('',*,*,#3575,.T.);
#4611=ORIENTED_EDGE('',*,*,#3595,.F.);
#4612=ORIENTED_EDGE('',*,*,#3541,.F.);
#4613=ORIENTED_EDGE('',*,*,#3597,.F.);
#4614=ORIENTED_EDGE('',*,*,#3581,.F.);
#4615=ORIENTED_EDGE('',*,*,#3598,.T.);
#4616=ORIENTED_EDGE('',*,*,#3596,.F.);
#4617=ORIENTED_EDGE('',*,*,#3598,.F.);
#4618=ORIENTED_EDGE('',*,*,#3580,.F.);
#4619=ORIENTED_EDGE('',*,*,#3577,.F.);
#4620=ORIENTED_EDGE('',*,*,#3579,.F.);
#4621=ORIENTED_EDGE('',*,*,#3574,.F.);
#4622=ORIENTED_EDGE('',*,*,#3597,.T.);
#4623=ORIENTED_EDGE('',*,*,#3540,.F.);
#4624=ORIENTED_EDGE('',*,*,#3599,.F.);
#4625=ORIENTED_EDGE('',*,*,#3600,.T.);
#4626=ORIENTED_EDGE('',*,*,#3582,.F.);
#4627=ORIENTED_EDGE('',*,*,#3554,.F.);
#4628=ORIENTED_EDGE('',*,*,#3601,.F.);
#4629=ORIENTED_EDGE('',*,*,#3602,.T.);
#4630=ORIENTED_EDGE('',*,*,#3603,.F.);
#4631=ORIENTED_EDGE('',*,*,#3604,.T.);
#4632=ORIENTED_EDGE('',*,*,#3605,.F.);
#4633=ORIENTED_EDGE('',*,*,#3606,.F.);
#4634=ORIENTED_EDGE('',*,*,#3607,.F.);
#4635=ORIENTED_EDGE('',*,*,#3608,.F.);
#4636=ORIENTED_EDGE('',*,*,#3604,.F.);
#4637=ORIENTED_EDGE('',*,*,#3609,.F.);
#4638=ORIENTED_EDGE('',*,*,#3610,.F.);
#4639=ORIENTED_EDGE('',*,*,#3602,.F.);
#4640=ORIENTED_EDGE('',*,*,#3611,.F.);
#4641=ORIENTED_EDGE('',*,*,#3556,.F.);
#4642=ORIENTED_EDGE('',*,*,#3612,.F.);
#4643=ORIENTED_EDGE('',*,*,#3613,.T.);
#4644=ORIENTED_EDGE('',*,*,#3590,.F.);
#4645=ORIENTED_EDGE('',*,*,#3614,.F.);
#4646=ORIENTED_EDGE('',*,*,#3615,.F.);
#4647=ORIENTED_EDGE('',*,*,#3591,.F.);
#4648=ORIENTED_EDGE('',*,*,#3613,.F.);
#4649=ORIENTED_EDGE('',*,*,#3616,.T.);
#4650=ORIENTED_EDGE('',*,*,#3617,.T.);
#4651=ORIENTED_EDGE('',*,*,#3618,.T.);
#4652=ORIENTED_EDGE('',*,*,#3619,.F.);
#4653=ORIENTED_EDGE('',*,*,#3552,.F.);
#4654=ORIENTED_EDGE('',*,*,#3620,.F.);
#4655=ORIENTED_EDGE('',*,*,#3621,.T.);
#4656=ORIENTED_EDGE('',*,*,#3622,.F.);
#4657=ORIENTED_EDGE('',*,*,#3623,.F.);
#4658=ORIENTED_EDGE('',*,*,#3624,.T.);
#4659=ORIENTED_EDGE('',*,*,#3617,.F.);
#4660=ORIENTED_EDGE('',*,*,#3616,.F.);
#4661=ORIENTED_EDGE('',*,*,#3625,.F.);
#4662=ORIENTED_EDGE('',*,*,#3626,.F.);
#4663=ORIENTED_EDGE('',*,*,#3618,.F.);
#4664=ORIENTED_EDGE('',*,*,#3624,.F.);
#4665=ORIENTED_EDGE('',*,*,#3627,.T.);
#4666=ORIENTED_EDGE('',*,*,#3628,.T.);
#4667=ORIENTED_EDGE('',*,*,#3558,.F.);
#4668=ORIENTED_EDGE('',*,*,#3629,.F.);
#4669=ORIENTED_EDGE('',*,*,#3630,.F.);
#4670=ORIENTED_EDGE('',*,*,#3631,.T.);
#4671=ORIENTED_EDGE('',*,*,#3632,.F.);
#4672=ORIENTED_EDGE('',*,*,#3559,.F.);
#4673=ORIENTED_EDGE('',*,*,#3628,.F.);
#4674=ORIENTED_EDGE('',*,*,#3627,.F.);
#4675=ORIENTED_EDGE('',*,*,#3633,.F.);
#4676=ORIENTED_EDGE('',*,*,#3607,.T.);
#4677=ORIENTED_EDGE('',*,*,#3634,.F.);
#4678=ORIENTED_EDGE('',*,*,#3635,.T.);
#4679=ORIENTED_EDGE('',*,*,#3636,.F.);
#4680=ORIENTED_EDGE('',*,*,#3615,.T.);
#4681=ORIENTED_EDGE('',*,*,#3637,.F.);
#4682=ORIENTED_EDGE('',*,*,#3638,.T.);
#4683=ORIENTED_EDGE('',*,*,#3592,.F.);
#4684=ORIENTED_EDGE('',*,*,#3605,.T.);
#4685=ORIENTED_EDGE('',*,*,#3608,.T.);
#4686=ORIENTED_EDGE('',*,*,#3636,.T.);
#4687=ORIENTED_EDGE('',*,*,#3639,.T.);
#4688=ORIENTED_EDGE('',*,*,#3640,.T.);
#4689=ORIENTED_EDGE('',*,*,#3544,.T.);
#4690=ORIENTED_EDGE('',*,*,#3641,.T.);
#4691=ORIENTED_EDGE('',*,*,#3642,.T.);
#4692=ORIENTED_EDGE('',*,*,#3637,.T.);
#4693=ORIENTED_EDGE('',*,*,#3614,.T.);
#4694=ORIENTED_EDGE('',*,*,#3612,.T.);
#4695=ORIENTED_EDGE('',*,*,#3555,.T.);
#4696=ORIENTED_EDGE('',*,*,#3562,.T.);
#4697=ORIENTED_EDGE('',*,*,#3505,.T.);
#4698=ORIENTED_EDGE('',*,*,#3526,.T.);
#4699=ORIENTED_EDGE('',*,*,#3560,.F.);
#4700=ORIENTED_EDGE('',*,*,#3632,.T.);
#4701=ORIENTED_EDGE('',*,*,#3643,.T.);
#4702=ORIENTED_EDGE('',*,*,#3630,.T.);
#4703=ORIENTED_EDGE('',*,*,#3644,.F.);
#4704=ORIENTED_EDGE('',*,*,#3645,.T.);
#4705=ORIENTED_EDGE('',*,*,#3646,.T.);
#4706=ORIENTED_EDGE('',*,*,#3647,.T.);
#4707=ORIENTED_EDGE('',*,*,#3648,.F.);
#4708=ORIENTED_EDGE('',*,*,#3649,.T.);
#4709=ORIENTED_EDGE('',*,*,#3650,.T.);
#4710=ORIENTED_EDGE('',*,*,#3651,.T.);
#4711=ORIENTED_EDGE('',*,*,#3652,.F.);
#4712=ORIENTED_EDGE('',*,*,#3653,.T.);
#4713=ORIENTED_EDGE('',*,*,#3654,.T.);
#4714=ORIENTED_EDGE('',*,*,#3655,.T.);
#4715=ORIENTED_EDGE('',*,*,#3656,.F.);
#4716=ORIENTED_EDGE('',*,*,#3657,.T.);
#4717=ORIENTED_EDGE('',*,*,#3658,.T.);
#4718=ORIENTED_EDGE('',*,*,#3659,.T.);
#4719=ORIENTED_EDGE('',*,*,#3660,.F.);
#4720=ORIENTED_EDGE('',*,*,#3661,.F.);
#4721=ORIENTED_EDGE('',*,*,#3662,.F.);
#4722=ORIENTED_EDGE('',*,*,#3663,.F.);
#4723=ORIENTED_EDGE('',*,*,#3622,.T.);
#4724=ORIENTED_EDGE('',*,*,#3664,.T.);
#4725=ORIENTED_EDGE('',*,*,#3620,.T.);
#4726=ORIENTED_EDGE('',*,*,#3551,.F.);
#4727=ORIENTED_EDGE('',*,*,#3535,.F.);
#4728=ORIENTED_EDGE('',*,*,#3537,.T.);
#4729=ORIENTED_EDGE('',*,*,#3500,.F.);
#4730=ORIENTED_EDGE('',*,*,#3665,.F.);
#4731=ORIENTED_EDGE('',*,*,#3666,.T.);
#4732=ORIENTED_EDGE('',*,*,#3667,.T.);
#4733=ORIENTED_EDGE('',*,*,#3668,.T.);
#4734=ORIENTED_EDGE('',*,*,#3669,.T.);
#4735=ORIENTED_EDGE('',*,*,#3670,.T.);
#4736=ORIENTED_EDGE('',*,*,#3671,.T.);
#4737=ORIENTED_EDGE('',*,*,#3672,.T.);
#4738=ORIENTED_EDGE('',*,*,#3673,.T.);
#4739=ORIENTED_EDGE('',*,*,#3674,.F.);
#4740=ORIENTED_EDGE('',*,*,#3543,.F.);
#4741=ORIENTED_EDGE('',*,*,#3594,.F.);
#4742=ORIENTED_EDGE('',*,*,#3675,.T.);
#4743=ORIENTED_EDGE('',*,*,#3641,.F.);
#4744=ORIENTED_EDGE('',*,*,#3642,.F.);
#4745=ORIENTED_EDGE('',*,*,#3675,.F.);
#4746=ORIENTED_EDGE('',*,*,#3593,.F.);
#4747=ORIENTED_EDGE('',*,*,#3638,.F.);
#4748=ORIENTED_EDGE('',*,*,#3550,.F.);
#4749=ORIENTED_EDGE('',*,*,#3676,.T.);
#4750=ORIENTED_EDGE('',*,*,#3677,.T.);
#4751=ORIENTED_EDGE('',*,*,#3676,.F.);
#4752=ORIENTED_EDGE('',*,*,#3677,.F.);
#4753=ORIENTED_EDGE('',*,*,#3678,.F.);
#4754=ORIENTED_EDGE('',*,*,#3545,.F.);
#4755=ORIENTED_EDGE('',*,*,#3640,.F.);
#4756=ORIENTED_EDGE('',*,*,#3679,.T.);
#4757=ORIENTED_EDGE('',*,*,#3680,.F.);
#4758=ORIENTED_EDGE('',*,*,#3681,.F.);
#4759=ORIENTED_EDGE('',*,*,#3679,.F.);
#4760=ORIENTED_EDGE('',*,*,#3639,.F.);
#4761=ORIENTED_EDGE('',*,*,#3635,.F.);
#4762=ORIENTED_EDGE('',*,*,#3549,.F.);
#4763=ORIENTED_EDGE('',*,*,#3682,.T.);
#4764=ORIENTED_EDGE('',*,*,#3683,.T.);
#4765=ORIENTED_EDGE('',*,*,#3682,.F.);
#4766=ORIENTED_EDGE('',*,*,#3683,.F.);
#4767=ORIENTED_EDGE('',*,*,#3684,.F.);
#4768=ORIENTED_EDGE('',*,*,#3610,.T.);
#4769=ORIENTED_EDGE('',*,*,#3685,.T.);
#4770=ORIENTED_EDGE('',*,*,#3686,.T.);
#4771=ORIENTED_EDGE('',*,*,#3687,.T.);
#4772=ORIENTED_EDGE('',*,*,#3688,.T.);
#4773=ORIENTED_EDGE('',*,*,#3689,.T.);
#4774=ORIENTED_EDGE('',*,*,#3690,.T.);
#4775=ORIENTED_EDGE('',*,*,#3691,.T.);
#4776=ORIENTED_EDGE('',*,*,#3692,.T.);
#4777=ORIENTED_EDGE('',*,*,#3693,.T.);
#4778=ORIENTED_EDGE('',*,*,#3694,.T.);
#4779=ORIENTED_EDGE('',*,*,#3695,.T.);
#4780=ORIENTED_EDGE('',*,*,#3696,.T.);
#4781=ORIENTED_EDGE('',*,*,#3697,.T.);
#4782=ORIENTED_EDGE('',*,*,#3698,.T.);
#4783=ORIENTED_EDGE('',*,*,#3699,.T.);
#4784=ORIENTED_EDGE('',*,*,#3700,.T.);
#4785=ORIENTED_EDGE('',*,*,#3701,.T.);
#4786=ORIENTED_EDGE('',*,*,#3702,.T.);
#4787=ORIENTED_EDGE('',*,*,#3703,.T.);
#4788=ORIENTED_EDGE('',*,*,#3704,.T.);
#4789=ORIENTED_EDGE('',*,*,#3705,.T.);
#4790=ORIENTED_EDGE('',*,*,#3706,.T.);
#4791=ORIENTED_EDGE('',*,*,#3707,.T.);
#4792=ORIENTED_EDGE('',*,*,#3708,.T.);
#4793=ORIENTED_EDGE('',*,*,#3709,.T.);
#4794=ORIENTED_EDGE('',*,*,#3710,.T.);
#4795=ORIENTED_EDGE('',*,*,#3711,.T.);
#4796=ORIENTED_EDGE('',*,*,#3712,.T.);
#4797=ORIENTED_EDGE('',*,*,#3546,.T.);
#4798=ORIENTED_EDGE('',*,*,#3680,.T.);
#4799=ORIENTED_EDGE('',*,*,#3681,.T.);
#4800=ORIENTED_EDGE('',*,*,#3634,.T.);
#4801=ORIENTED_EDGE('',*,*,#3606,.T.);
#4802=ORIENTED_EDGE('',*,*,#3603,.T.);
#4803=ORIENTED_EDGE('',*,*,#3565,.T.);
#4804=ORIENTED_EDGE('',*,*,#3568,.T.);
#4805=ORIENTED_EDGE('',*,*,#3664,.F.);
#4806=ORIENTED_EDGE('',*,*,#3621,.F.);
#4807=ORIENTED_EDGE('',*,*,#3684,.T.);
#4808=ORIENTED_EDGE('',*,*,#3713,.T.);
#4809=ORIENTED_EDGE('',*,*,#3625,.T.);
#4810=ORIENTED_EDGE('',*,*,#3713,.F.);
#4811=ORIENTED_EDGE('',*,*,#3643,.F.);
#4812=ORIENTED_EDGE('',*,*,#3631,.F.);
#4813=ORIENTED_EDGE('',*,*,#3678,.T.);
#4814=ORIENTED_EDGE('',*,*,#3714,.T.);
#4815=ORIENTED_EDGE('',*,*,#3633,.T.);
#4816=ORIENTED_EDGE('',*,*,#3714,.F.);
#4817=ORIENTED_EDGE('',*,*,#3715,.T.);
#4818=ORIENTED_EDGE('',*,*,#3702,.F.);
#4819=ORIENTED_EDGE('',*,*,#3716,.T.);
#4820=ORIENTED_EDGE('',*,*,#3700,.F.);
#4821=ORIENTED_EDGE('',*,*,#3699,.F.);
#4822=ORIENTED_EDGE('',*,*,#3717,.F.);
#4823=ORIENTED_EDGE('',*,*,#3703,.F.);
#4824=ORIENTED_EDGE('',*,*,#3715,.F.);
#4825=ORIENTED_EDGE('',*,*,#3718,.T.);
#4826=ORIENTED_EDGE('',*,*,#3719,.T.);
#4827=ORIENTED_EDGE('',*,*,#3720,.T.);
#4828=ORIENTED_EDGE('',*,*,#3719,.F.);
#4829=ORIENTED_EDGE('',*,*,#3718,.F.);
#4830=ORIENTED_EDGE('',*,*,#3721,.F.);
#4831=ORIENTED_EDGE('',*,*,#3717,.T.);
#4832=ORIENTED_EDGE('',*,*,#3698,.F.);
#4833=ORIENTED_EDGE('',*,*,#3722,.T.);
#4834=ORIENTED_EDGE('',*,*,#3704,.F.);
#4835=ORIENTED_EDGE('',*,*,#3723,.F.);
#4836=ORIENTED_EDGE('',*,*,#3724,.T.);
#4837=ORIENTED_EDGE('',*,*,#3725,.T.);
#4838=ORIENTED_EDGE('',*,*,#3724,.F.);
#4839=ORIENTED_EDGE('',*,*,#3725,.F.);
#4840=ORIENTED_EDGE('',*,*,#3726,.F.);
#4841=ORIENTED_EDGE('',*,*,#3727,.F.);
#4842=ORIENTED_EDGE('',*,*,#3706,.F.);
#4843=ORIENTED_EDGE('',*,*,#3728,.T.);
#4844=ORIENTED_EDGE('',*,*,#3696,.F.);
#4845=ORIENTED_EDGE('',*,*,#3697,.F.);
#4846=ORIENTED_EDGE('',*,*,#3728,.F.);
#4847=ORIENTED_EDGE('',*,*,#3705,.F.);
#4848=ORIENTED_EDGE('',*,*,#3722,.F.);
#4849=ORIENTED_EDGE('',*,*,#3726,.T.);
#4850=ORIENTED_EDGE('',*,*,#3729,.T.);
#4851=ORIENTED_EDGE('',*,*,#3721,.T.);
#4852=ORIENTED_EDGE('',*,*,#3729,.F.);
#4853=ORIENTED_EDGE('',*,*,#3720,.F.);
#4854=ORIENTED_EDGE('',*,*,#3701,.F.);
#4855=ORIENTED_EDGE('',*,*,#3716,.F.);
#4856=ORIENTED_EDGE('',*,*,#3727,.T.);
#4857=ORIENTED_EDGE('',*,*,#3695,.F.);
#4858=ORIENTED_EDGE('',*,*,#3730,.F.);
#4859=ORIENTED_EDGE('',*,*,#3731,.F.);
#4860=ORIENTED_EDGE('',*,*,#3732,.T.);
#4861=ORIENTED_EDGE('',*,*,#3707,.F.);
#4862=ORIENTED_EDGE('',*,*,#3723,.T.);
#4863=ORIENTED_EDGE('',*,*,#3733,.F.);
#4864=ORIENTED_EDGE('',*,*,#3734,.F.);
#4865=ORIENTED_EDGE('',*,*,#3735,.T.);
#4866=ORIENTED_EDGE('',*,*,#3736,.F.);
#4867=ORIENTED_EDGE('',*,*,#3737,.F.);
#4868=ORIENTED_EDGE('',*,*,#3738,.F.);
#4869=ORIENTED_EDGE('',*,*,#3739,.F.);
#4870=ORIENTED_EDGE('',*,*,#3735,.F.);
#4871=ORIENTED_EDGE('',*,*,#3740,.F.);
#4872=ORIENTED_EDGE('',*,*,#3741,.F.);
#4873=ORIENTED_EDGE('',*,*,#3742,.T.);
#4874=ORIENTED_EDGE('',*,*,#3743,.F.);
#4875=ORIENTED_EDGE('',*,*,#3744,.F.);
#4876=ORIENTED_EDGE('',*,*,#3745,.F.);
#4877=ORIENTED_EDGE('',*,*,#3746,.F.);
#4878=ORIENTED_EDGE('',*,*,#3742,.F.);
#4879=ORIENTED_EDGE('',*,*,#3747,.T.);
#4880=ORIENTED_EDGE('',*,*,#3748,.T.);
#4881=ORIENTED_EDGE('',*,*,#3749,.F.);
#4882=ORIENTED_EDGE('',*,*,#3651,.F.);
#4883=ORIENTED_EDGE('',*,*,#3750,.T.);
#4884=ORIENTED_EDGE('',*,*,#3649,.F.);
#4885=ORIENTED_EDGE('',*,*,#3751,.F.);
#4886=ORIENTED_EDGE('',*,*,#3748,.F.);
#4887=ORIENTED_EDGE('',*,*,#3747,.F.);
#4888=ORIENTED_EDGE('',*,*,#3752,.F.);
#4889=ORIENTED_EDGE('',*,*,#3753,.T.);
#4890=ORIENTED_EDGE('',*,*,#3754,.T.);
#4891=ORIENTED_EDGE('',*,*,#3755,.F.);
#4892=ORIENTED_EDGE('',*,*,#3655,.F.);
#4893=ORIENTED_EDGE('',*,*,#3756,.T.);
#4894=ORIENTED_EDGE('',*,*,#3653,.F.);
#4895=ORIENTED_EDGE('',*,*,#3757,.F.);
#4896=ORIENTED_EDGE('',*,*,#3754,.F.);
#4897=ORIENTED_EDGE('',*,*,#3753,.F.);
#4898=ORIENTED_EDGE('',*,*,#3758,.F.);
#4899=ORIENTED_EDGE('',*,*,#3759,.F.);
#4900=ORIENTED_EDGE('',*,*,#3760,.F.);
#4901=ORIENTED_EDGE('',*,*,#3761,.T.);
#4902=ORIENTED_EDGE('',*,*,#3762,.F.);
#4903=ORIENTED_EDGE('',*,*,#3763,.F.);
#4904=ORIENTED_EDGE('',*,*,#3764,.F.);
#4905=ORIENTED_EDGE('',*,*,#3765,.F.);
#4906=ORIENTED_EDGE('',*,*,#3761,.F.);
#4907=ORIENTED_EDGE('',*,*,#3766,.F.);
#4908=ORIENTED_EDGE('',*,*,#3767,.F.);
#4909=ORIENTED_EDGE('',*,*,#3768,.T.);
#4910=ORIENTED_EDGE('',*,*,#3769,.F.);
#4911=ORIENTED_EDGE('',*,*,#3770,.F.);
#4912=ORIENTED_EDGE('',*,*,#3771,.F.);
#4913=ORIENTED_EDGE('',*,*,#3772,.F.);
#4914=ORIENTED_EDGE('',*,*,#3768,.F.);
#4915=ORIENTED_EDGE('',*,*,#3773,.F.);
#4916=ORIENTED_EDGE('',*,*,#3774,.F.);
#4917=ORIENTED_EDGE('',*,*,#3775,.T.);
#4918=ORIENTED_EDGE('',*,*,#3776,.F.);
#4919=ORIENTED_EDGE('',*,*,#3777,.F.);
#4920=ORIENTED_EDGE('',*,*,#3778,.F.);
#4921=ORIENTED_EDGE('',*,*,#3779,.F.);
#4922=ORIENTED_EDGE('',*,*,#3775,.F.);
#4923=ORIENTED_EDGE('',*,*,#3780,.F.);
#4924=ORIENTED_EDGE('',*,*,#3781,.F.);
#4925=ORIENTED_EDGE('',*,*,#3782,.T.);
#4926=ORIENTED_EDGE('',*,*,#3689,.F.);
#4927=ORIENTED_EDGE('',*,*,#3783,.F.);
#4928=ORIENTED_EDGE('',*,*,#3784,.F.);
#4929=ORIENTED_EDGE('',*,*,#3690,.F.);
#4930=ORIENTED_EDGE('',*,*,#3782,.F.);
#4931=ORIENTED_EDGE('',*,*,#3785,.T.);
#4932=ORIENTED_EDGE('',*,*,#3786,.T.);
#4933=ORIENTED_EDGE('',*,*,#3787,.F.);
#4934=ORIENTED_EDGE('',*,*,#3788,.F.);
#4935=ORIENTED_EDGE('',*,*,#3647,.F.);
#4936=ORIENTED_EDGE('',*,*,#3789,.T.);
#4937=ORIENTED_EDGE('',*,*,#3645,.F.);
#4938=ORIENTED_EDGE('',*,*,#3790,.F.);
#4939=ORIENTED_EDGE('',*,*,#3786,.F.);
#4940=ORIENTED_EDGE('',*,*,#3785,.F.);
#4941=ORIENTED_EDGE('',*,*,#3791,.F.);
#4942=ORIENTED_EDGE('',*,*,#3792,.T.);
#4943=ORIENTED_EDGE('',*,*,#3793,.T.);
#4944=ORIENTED_EDGE('',*,*,#3794,.F.);
#4945=ORIENTED_EDGE('',*,*,#3659,.F.);
#4946=ORIENTED_EDGE('',*,*,#3795,.T.);
#4947=ORIENTED_EDGE('',*,*,#3657,.F.);
#4948=ORIENTED_EDGE('',*,*,#3796,.F.);
#4949=ORIENTED_EDGE('',*,*,#3793,.F.);
#4950=ORIENTED_EDGE('',*,*,#3792,.F.);
#4951=ORIENTED_EDGE('',*,*,#3797,.F.);
#4952=ORIENTED_EDGE('',*,*,#3798,.F.);
#4953=ORIENTED_EDGE('',*,*,#3799,.F.);
#4954=ORIENTED_EDGE('',*,*,#3800,.T.);
#4955=ORIENTED_EDGE('',*,*,#3801,.F.);
#4956=ORIENTED_EDGE('',*,*,#3802,.F.);
#4957=ORIENTED_EDGE('',*,*,#3803,.F.);
#4958=ORIENTED_EDGE('',*,*,#3804,.F.);
#4959=ORIENTED_EDGE('',*,*,#3800,.F.);
#4960=ORIENTED_EDGE('',*,*,#3805,.F.);
#4961=ORIENTED_EDGE('',*,*,#3806,.F.);
#4962=ORIENTED_EDGE('',*,*,#3588,.F.);
#4963=ORIENTED_EDGE('',*,*,#3807,.T.);
#4964=ORIENTED_EDGE('',*,*,#3808,.F.);
#4965=ORIENTED_EDGE('',*,*,#3587,.F.);
#4966=ORIENTED_EDGE('',*,*,#3809,.F.);
#4967=ORIENTED_EDGE('',*,*,#3810,.F.);
#4968=ORIENTED_EDGE('',*,*,#3807,.F.);
#4969=ORIENTED_EDGE('',*,*,#3738,.T.);
#4970=ORIENTED_EDGE('',*,*,#3811,.F.);
#4971=ORIENTED_EDGE('',*,*,#3812,.T.);
#4972=ORIENTED_EDGE('',*,*,#3813,.F.);
#4973=ORIENTED_EDGE('',*,*,#3745,.T.);
#4974=ORIENTED_EDGE('',*,*,#3814,.F.);
#4975=ORIENTED_EDGE('',*,*,#3815,.T.);
#4976=ORIENTED_EDGE('',*,*,#3816,.F.);
#4977=ORIENTED_EDGE('',*,*,#3764,.T.);
#4978=ORIENTED_EDGE('',*,*,#3817,.F.);
#4979=ORIENTED_EDGE('',*,*,#3818,.T.);
#4980=ORIENTED_EDGE('',*,*,#3819,.F.);
#4981=ORIENTED_EDGE('',*,*,#3771,.T.);
#4982=ORIENTED_EDGE('',*,*,#3820,.F.);
#4983=ORIENTED_EDGE('',*,*,#3821,.T.);
#4984=ORIENTED_EDGE('',*,*,#3822,.F.);
#4985=ORIENTED_EDGE('',*,*,#3736,.T.);
#4986=ORIENTED_EDGE('',*,*,#3739,.T.);
#4987=ORIENTED_EDGE('',*,*,#3813,.T.);
#4988=ORIENTED_EDGE('',*,*,#3823,.T.);
#4989=ORIENTED_EDGE('',*,*,#3824,.T.);
#4990=ORIENTED_EDGE('',*,*,#3825,.T.);
#4991=ORIENTED_EDGE('',*,*,#3826,.T.);
#4992=ORIENTED_EDGE('',*,*,#3827,.T.);
#4993=ORIENTED_EDGE('',*,*,#3828,.T.);
#4994=ORIENTED_EDGE('',*,*,#3777,.T.);
#4995=ORIENTED_EDGE('',*,*,#3774,.T.);
#4996=ORIENTED_EDGE('',*,*,#3829,.T.);
#4997=ORIENTED_EDGE('',*,*,#3778,.T.);
#4998=ORIENTED_EDGE('',*,*,#3828,.F.);
#4999=ORIENTED_EDGE('',*,*,#3830,.T.);
#5000=ORIENTED_EDGE('',*,*,#3831,.F.);
#5001=ORIENTED_EDGE('',*,*,#3743,.T.);
#5002=ORIENTED_EDGE('',*,*,#3746,.T.);
#5003=ORIENTED_EDGE('',*,*,#3816,.T.);
#5004=ORIENTED_EDGE('',*,*,#3832,.T.);
#5005=ORIENTED_EDGE('',*,*,#3833,.T.);
#5006=ORIENTED_EDGE('',*,*,#3834,.T.);
#5007=ORIENTED_EDGE('',*,*,#3835,.T.);
#5008=ORIENTED_EDGE('',*,*,#3836,.T.);
#5009=ORIENTED_EDGE('',*,*,#3837,.T.);
#5010=ORIENTED_EDGE('',*,*,#3783,.T.);
#5011=ORIENTED_EDGE('',*,*,#3781,.T.);
#5012=ORIENTED_EDGE('',*,*,#3838,.T.);
#5013=ORIENTED_EDGE('',*,*,#3784,.T.);
#5014=ORIENTED_EDGE('',*,*,#3837,.F.);
#5015=ORIENTED_EDGE('',*,*,#3839,.T.);
#5016=ORIENTED_EDGE('',*,*,#3691,.F.);
#5017=ORIENTED_EDGE('',*,*,#3803,.T.);
#5018=ORIENTED_EDGE('',*,*,#3840,.F.);
#5019=ORIENTED_EDGE('',*,*,#3841,.T.);
#5020=ORIENTED_EDGE('',*,*,#3842,.F.);
#5021=ORIENTED_EDGE('',*,*,#3776,.T.);
#5022=ORIENTED_EDGE('',*,*,#3779,.T.);
#5023=ORIENTED_EDGE('',*,*,#3831,.T.);
#5024=ORIENTED_EDGE('',*,*,#3843,.T.);
#5025=ORIENTED_EDGE('',*,*,#3844,.T.);
#5026=ORIENTED_EDGE('',*,*,#3845,.T.);
#5027=ORIENTED_EDGE('',*,*,#3846,.T.);
#5028=ORIENTED_EDGE('',*,*,#3847,.T.);
#5029=ORIENTED_EDGE('',*,*,#3840,.T.);
#5030=ORIENTED_EDGE('',*,*,#3802,.T.);
#5031=ORIENTED_EDGE('',*,*,#3799,.T.);
#5032=ORIENTED_EDGE('',*,*,#3848,.T.);
#5033=ORIENTED_EDGE('',*,*,#3809,.T.);
#5034=ORIENTED_EDGE('',*,*,#3586,.F.);
#5035=ORIENTED_EDGE('',*,*,#3849,.T.);
#5036=ORIENTED_EDGE('',*,*,#3850,.F.);
#5037=ORIENTED_EDGE('',*,*,#3851,.F.);
#5038=ORIENTED_EDGE('',*,*,#3852,.T.);
#5039=ORIENTED_EDGE('',*,*,#3853,.T.);
#5040=ORIENTED_EDGE('',*,*,#3852,.F.);
#5041=ORIENTED_EDGE('',*,*,#3853,.F.);
#5042=ORIENTED_EDGE('',*,*,#3854,.F.);
#5043=ORIENTED_EDGE('',*,*,#3855,.F.);
#5044=ORIENTED_EDGE('',*,*,#3856,.F.);
#5045=ORIENTED_EDGE('',*,*,#3857,.T.);
#5046=ORIENTED_EDGE('',*,*,#3858,.F.);
#5047=ORIENTED_EDGE('',*,*,#3859,.F.);
#5048=ORIENTED_EDGE('',*,*,#3857,.F.);
#5049=ORIENTED_EDGE('',*,*,#3860,.F.);
#5050=ORIENTED_EDGE('',*,*,#3818,.F.);
#5051=ORIENTED_EDGE('',*,*,#3861,.F.);
#5052=ORIENTED_EDGE('',*,*,#3862,.F.);
#5053=ORIENTED_EDGE('',*,*,#3863,.T.);
#5054=ORIENTED_EDGE('',*,*,#3864,.F.);
#5055=ORIENTED_EDGE('',*,*,#3865,.F.);
#5056=ORIENTED_EDGE('',*,*,#3863,.F.);
#5057=ORIENTED_EDGE('',*,*,#3866,.F.);
#5058=ORIENTED_EDGE('',*,*,#3821,.F.);
#5059=ORIENTED_EDGE('',*,*,#3867,.F.);
#5060=ORIENTED_EDGE('',*,*,#3824,.F.);
#5061=ORIENTED_EDGE('',*,*,#3868,.T.);
#5062=ORIENTED_EDGE('',*,*,#3869,.F.);
#5063=ORIENTED_EDGE('',*,*,#3870,.F.);
#5064=ORIENTED_EDGE('',*,*,#3868,.F.);
#5065=ORIENTED_EDGE('',*,*,#3823,.F.);
#5066=ORIENTED_EDGE('',*,*,#3812,.F.);
#5067=ORIENTED_EDGE('',*,*,#3871,.F.);
#5068=ORIENTED_EDGE('',*,*,#3833,.F.);
#5069=ORIENTED_EDGE('',*,*,#3872,.T.);
#5070=ORIENTED_EDGE('',*,*,#3873,.F.);
#5071=ORIENTED_EDGE('',*,*,#3874,.F.);
#5072=ORIENTED_EDGE('',*,*,#3872,.F.);
#5073=ORIENTED_EDGE('',*,*,#3832,.F.);
#5074=ORIENTED_EDGE('',*,*,#3815,.F.);
#5075=ORIENTED_EDGE('',*,*,#3875,.F.);
#5076=ORIENTED_EDGE('',*,*,#3876,.T.);
#5077=ORIENTED_EDGE('',*,*,#3877,.T.);
#5078=ORIENTED_EDGE('',*,*,#3876,.F.);
#5079=ORIENTED_EDGE('',*,*,#3877,.F.);
#5080=ORIENTED_EDGE('',*,*,#3878,.F.);
#5081=ORIENTED_EDGE('',*,*,#3879,.F.);
#5082=ORIENTED_EDGE('',*,*,#3880,.T.);
#5083=ORIENTED_EDGE('',*,*,#3881,.T.);
#5084=ORIENTED_EDGE('',*,*,#3880,.F.);
#5085=ORIENTED_EDGE('',*,*,#3881,.F.);
#5086=ORIENTED_EDGE('',*,*,#3882,.F.);
#5087=ORIENTED_EDGE('',*,*,#3883,.F.);
#5088=ORIENTED_EDGE('',*,*,#3884,.F.);
#5089=ORIENTED_EDGE('',*,*,#3885,.T.);
#5090=ORIENTED_EDGE('',*,*,#3846,.F.);
#5091=ORIENTED_EDGE('',*,*,#3847,.F.);
#5092=ORIENTED_EDGE('',*,*,#3885,.F.);
#5093=ORIENTED_EDGE('',*,*,#3886,.F.);
#5094=ORIENTED_EDGE('',*,*,#3841,.F.);
#5095=ORIENTED_EDGE('',*,*,#3887,.F.);
#5096=ORIENTED_EDGE('',*,*,#3888,.F.);
#5097=ORIENTED_EDGE('',*,*,#3889,.T.);
#5098=ORIENTED_EDGE('',*,*,#3584,.F.);
#5099=ORIENTED_EDGE('',*,*,#3585,.F.);
#5100=ORIENTED_EDGE('',*,*,#3889,.F.);
#5101=ORIENTED_EDGE('',*,*,#3890,.F.);
#5102=ORIENTED_EDGE('',*,*,#3849,.F.);
#5103=ORIENTED_EDGE('',*,*,#3891,.F.);
#5104=ORIENTED_EDGE('',*,*,#3844,.F.);
#5105=ORIENTED_EDGE('',*,*,#3892,.T.);
#5106=ORIENTED_EDGE('',*,*,#3826,.F.);
#5107=ORIENTED_EDGE('',*,*,#3827,.F.);
#5108=ORIENTED_EDGE('',*,*,#3892,.F.);
#5109=ORIENTED_EDGE('',*,*,#3843,.F.);
#5110=ORIENTED_EDGE('',*,*,#3830,.F.);
#5111=ORIENTED_EDGE('',*,*,#3893,.F.);
#5112=ORIENTED_EDGE('',*,*,#3693,.F.);
#5113=ORIENTED_EDGE('',*,*,#3894,.T.);
#5114=ORIENTED_EDGE('',*,*,#3835,.F.);
#5115=ORIENTED_EDGE('',*,*,#3836,.F.);
#5116=ORIENTED_EDGE('',*,*,#3894,.F.);
#5117=ORIENTED_EDGE('',*,*,#3692,.F.);
#5118=ORIENTED_EDGE('',*,*,#3839,.F.);
#5119=ORIENTED_EDGE('',*,*,#3895,.F.);
#5120=ORIENTED_EDGE('',*,*,#3896,.T.);
#5121=ORIENTED_EDGE('',*,*,#3897,.T.);
#5122=ORIENTED_EDGE('',*,*,#3896,.F.);
#5123=ORIENTED_EDGE('',*,*,#3897,.F.);
#5124=ORIENTED_EDGE('',*,*,#3898,.F.);
#5125=ORIENTED_EDGE('',*,*,#3760,.T.);
#5126=ORIENTED_EDGE('',*,*,#3899,.T.);
#5127=ORIENTED_EDGE('',*,*,#3801,.T.);
#5128=ORIENTED_EDGE('',*,*,#3804,.T.);
#5129=ORIENTED_EDGE('',*,*,#3842,.T.);
#5130=ORIENTED_EDGE('',*,*,#3886,.T.);
#5131=ORIENTED_EDGE('',*,*,#3884,.T.);
#5132=ORIENTED_EDGE('',*,*,#3900,.T.);
#5133=ORIENTED_EDGE('',*,*,#3858,.T.);
#5134=ORIENTED_EDGE('',*,*,#3859,.T.);
#5135=ORIENTED_EDGE('',*,*,#3817,.T.);
#5136=ORIENTED_EDGE('',*,*,#3763,.T.);
#5137=ORIENTED_EDGE('',*,*,#3767,.T.);
#5138=ORIENTED_EDGE('',*,*,#3901,.T.);
#5139=ORIENTED_EDGE('',*,*,#3808,.T.);
#5140=ORIENTED_EDGE('',*,*,#3810,.T.);
#5141=ORIENTED_EDGE('',*,*,#3850,.T.);
#5142=ORIENTED_EDGE('',*,*,#3890,.T.);
#5143=ORIENTED_EDGE('',*,*,#3888,.T.);
#5144=ORIENTED_EDGE('',*,*,#3902,.T.);
#5145=ORIENTED_EDGE('',*,*,#3864,.T.);
#5146=ORIENTED_EDGE('',*,*,#3865,.T.);
#5147=ORIENTED_EDGE('',*,*,#3820,.T.);
#5148=ORIENTED_EDGE('',*,*,#3770,.T.);
#5149=ORIENTED_EDGE('',*,*,#3855,.T.);
#5150=ORIENTED_EDGE('',*,*,#3900,.F.);
#5151=ORIENTED_EDGE('',*,*,#3883,.T.);
#5152=ORIENTED_EDGE('',*,*,#3845,.F.);
#5153=ORIENTED_EDGE('',*,*,#3891,.T.);
#5154=ORIENTED_EDGE('',*,*,#3825,.F.);
#5155=ORIENTED_EDGE('',*,*,#3867,.T.);
#5156=ORIENTED_EDGE('',*,*,#3903,.F.);
#5157=ORIENTED_EDGE('',*,*,#3861,.T.);
#5158=ORIENTED_EDGE('',*,*,#3902,.F.);
#5159=ORIENTED_EDGE('',*,*,#3887,.T.);
#5160=ORIENTED_EDGE('',*,*,#3583,.F.);
#5161=ORIENTED_EDGE('',*,*,#3600,.F.);
#5162=ORIENTED_EDGE('',*,*,#3904,.F.);
#5163=ORIENTED_EDGE('',*,*,#3730,.T.);
#5164=ORIENTED_EDGE('',*,*,#3694,.F.);
#5165=ORIENTED_EDGE('',*,*,#3893,.T.);
#5166=ORIENTED_EDGE('',*,*,#3834,.F.);
#5167=ORIENTED_EDGE('',*,*,#3871,.T.);
#5168=ORIENTED_EDGE('',*,*,#3905,.F.);
#5169=ORIENTED_EDGE('',*,*,#3895,.T.);
#5170=ORIENTED_EDGE('',*,*,#3879,.T.);
#5171=ORIENTED_EDGE('',*,*,#3875,.T.);
#5172=ORIENTED_EDGE('',*,*,#3851,.T.);
#5173=ORIENTED_EDGE('',*,*,#3650,.F.);
#5174=ORIENTED_EDGE('',*,*,#3750,.F.);
#5175=ORIENTED_EDGE('',*,*,#3878,.T.);
#5176=ORIENTED_EDGE('',*,*,#3906,.T.);
#5177=ORIENTED_EDGE('',*,*,#3752,.T.);
#5178=ORIENTED_EDGE('',*,*,#3906,.F.);
#5179=ORIENTED_EDGE('',*,*,#3654,.F.);
#5180=ORIENTED_EDGE('',*,*,#3756,.F.);
#5181=ORIENTED_EDGE('',*,*,#3854,.T.);
#5182=ORIENTED_EDGE('',*,*,#3907,.T.);
#5183=ORIENTED_EDGE('',*,*,#3758,.T.);
#5184=ORIENTED_EDGE('',*,*,#3907,.F.);
#5185=ORIENTED_EDGE('',*,*,#3646,.F.);
#5186=ORIENTED_EDGE('',*,*,#3789,.F.);
#5187=ORIENTED_EDGE('',*,*,#3898,.T.);
#5188=ORIENTED_EDGE('',*,*,#3908,.T.);
#5189=ORIENTED_EDGE('',*,*,#3791,.T.);
#5190=ORIENTED_EDGE('',*,*,#3908,.F.);
#5191=ORIENTED_EDGE('',*,*,#3658,.F.);
#5192=ORIENTED_EDGE('',*,*,#3795,.F.);
#5193=ORIENTED_EDGE('',*,*,#3882,.T.);
#5194=ORIENTED_EDGE('',*,*,#3909,.T.);
#5195=ORIENTED_EDGE('',*,*,#3797,.T.);
#5196=ORIENTED_EDGE('',*,*,#3909,.F.);
#5197=ORIENTED_EDGE('',*,*,#3741,.T.);
#5198=ORIENTED_EDGE('',*,*,#3910,.T.);
#5199=ORIENTED_EDGE('',*,*,#3762,.T.);
#5200=ORIENTED_EDGE('',*,*,#3765,.T.);
#5201=ORIENTED_EDGE('',*,*,#3819,.T.);
#5202=ORIENTED_EDGE('',*,*,#3860,.T.);
#5203=ORIENTED_EDGE('',*,*,#3856,.T.);
#5204=ORIENTED_EDGE('',*,*,#3905,.T.);
#5205=ORIENTED_EDGE('',*,*,#3873,.T.);
#5206=ORIENTED_EDGE('',*,*,#3874,.T.);
#5207=ORIENTED_EDGE('',*,*,#3814,.T.);
#5208=ORIENTED_EDGE('',*,*,#3744,.T.);
#5209=ORIENTED_EDGE('',*,*,#3734,.T.);
#5210=ORIENTED_EDGE('',*,*,#3911,.T.);
#5211=ORIENTED_EDGE('',*,*,#3769,.T.);
#5212=ORIENTED_EDGE('',*,*,#3772,.T.);
#5213=ORIENTED_EDGE('',*,*,#3822,.T.);
#5214=ORIENTED_EDGE('',*,*,#3866,.T.);
#5215=ORIENTED_EDGE('',*,*,#3862,.T.);
#5216=ORIENTED_EDGE('',*,*,#3903,.T.);
#5217=ORIENTED_EDGE('',*,*,#3869,.T.);
#5218=ORIENTED_EDGE('',*,*,#3870,.T.);
#5219=ORIENTED_EDGE('',*,*,#3811,.T.);
#5220=ORIENTED_EDGE('',*,*,#3737,.T.);
#5221=ORIENTED_EDGE('',*,*,#3611,.T.);
#5222=ORIENTED_EDGE('',*,*,#3589,.F.);
#5223=ORIENTED_EDGE('',*,*,#3806,.T.);
#5224=ORIENTED_EDGE('',*,*,#3912,.F.);
#5225=ORIENTED_EDGE('',*,*,#3787,.T.);
#5226=ORIENTED_EDGE('',*,*,#3790,.T.);
#5227=ORIENTED_EDGE('',*,*,#3644,.T.);
#5228=ORIENTED_EDGE('',*,*,#3629,.T.);
#5229=ORIENTED_EDGE('',*,*,#3557,.T.);
#5230=ORIENTED_EDGE('',*,*,#3601,.T.);
#5231=ORIENTED_EDGE('',*,*,#3553,.F.);
#5232=ORIENTED_EDGE('',*,*,#3619,.T.);
#5233=ORIENTED_EDGE('',*,*,#3626,.T.);
#5234=ORIENTED_EDGE('',*,*,#3623,.T.);
#5235=ORIENTED_EDGE('',*,*,#3663,.T.);
#5236=ORIENTED_EDGE('',*,*,#3913,.T.);
#5237=ORIENTED_EDGE('',*,*,#3685,.F.);
#5238=ORIENTED_EDGE('',*,*,#3609,.T.);
#5239=ORIENTED_EDGE('',*,*,#3914,.F.);
#5240=ORIENTED_EDGE('',*,*,#3915,.T.);
#5241=ORIENTED_EDGE('',*,*,#3916,.T.);
#5242=ORIENTED_EDGE('',*,*,#3915,.F.);
#5243=ORIENTED_EDGE('',*,*,#3916,.F.);
#5244=ORIENTED_EDGE('',*,*,#3914,.T.);
#5245=ORIENTED_EDGE('',*,*,#3917,.F.);
#5246=ORIENTED_EDGE('',*,*,#3918,.F.);
#5247=ORIENTED_EDGE('',*,*,#3919,.T.);
#5248=ORIENTED_EDGE('',*,*,#3920,.T.);
#5249=ORIENTED_EDGE('',*,*,#3919,.F.);
#5250=ORIENTED_EDGE('',*,*,#3920,.F.);
#5251=ORIENTED_EDGE('',*,*,#3918,.T.);
#5252=ORIENTED_EDGE('',*,*,#3921,.F.);
#5253=ORIENTED_EDGE('',*,*,#3922,.F.);
#5254=ORIENTED_EDGE('',*,*,#3923,.T.);
#5255=ORIENTED_EDGE('',*,*,#3924,.T.);
#5256=ORIENTED_EDGE('',*,*,#3923,.F.);
#5257=ORIENTED_EDGE('',*,*,#3924,.F.);
#5258=ORIENTED_EDGE('',*,*,#3922,.T.);
#5259=ORIENTED_EDGE('',*,*,#3925,.F.);
#5260=ORIENTED_EDGE('',*,*,#3926,.F.);
#5261=ORIENTED_EDGE('',*,*,#3927,.T.);
#5262=ORIENTED_EDGE('',*,*,#3928,.T.);
#5263=ORIENTED_EDGE('',*,*,#3927,.F.);
#5264=ORIENTED_EDGE('',*,*,#3928,.F.);
#5265=ORIENTED_EDGE('',*,*,#3926,.T.);
#5266=ORIENTED_EDGE('',*,*,#3929,.F.);
#5267=ORIENTED_EDGE('',*,*,#3930,.F.);
#5268=ORIENTED_EDGE('',*,*,#3931,.T.);
#5269=ORIENTED_EDGE('',*,*,#3932,.T.);
#5270=ORIENTED_EDGE('',*,*,#3931,.F.);
#5271=ORIENTED_EDGE('',*,*,#3932,.F.);
#5272=ORIENTED_EDGE('',*,*,#3930,.T.);
#5273=ORIENTED_EDGE('',*,*,#3933,.F.);
#5274=ORIENTED_EDGE('',*,*,#3917,.T.);
#5275=ORIENTED_EDGE('',*,*,#3934,.T.);
#5276=ORIENTED_EDGE('',*,*,#3935,.T.);
#5277=ORIENTED_EDGE('',*,*,#3934,.F.);
#5278=ORIENTED_EDGE('',*,*,#3921,.T.);
#5279=ORIENTED_EDGE('',*,*,#3936,.T.);
#5280=ORIENTED_EDGE('',*,*,#3937,.T.);
#5281=ORIENTED_EDGE('',*,*,#3936,.F.);
#5282=ORIENTED_EDGE('',*,*,#3925,.T.);
#5283=ORIENTED_EDGE('',*,*,#3938,.T.);
#5284=ORIENTED_EDGE('',*,*,#3939,.T.);
#5285=ORIENTED_EDGE('',*,*,#3938,.F.);
#5286=ORIENTED_EDGE('',*,*,#3929,.T.);
#5287=ORIENTED_EDGE('',*,*,#3940,.T.);
#5288=ORIENTED_EDGE('',*,*,#3941,.T.);
#5289=ORIENTED_EDGE('',*,*,#3940,.F.);
#5290=ORIENTED_EDGE('',*,*,#3933,.T.);
#5291=ORIENTED_EDGE('',*,*,#3942,.T.);
#5292=ORIENTED_EDGE('',*,*,#3943,.T.);
#5293=ORIENTED_EDGE('',*,*,#3942,.F.);
#5294=ORIENTED_EDGE('',*,*,#3944,.F.);
#5295=ORIENTED_EDGE('',*,*,#3945,.T.);
#5296=ORIENTED_EDGE('',*,*,#3674,.T.);
#5297=ORIENTED_EDGE('',*,*,#3945,.F.);
#5298=ORIENTED_EDGE('',*,*,#3944,.T.);
#5299=ORIENTED_EDGE('',*,*,#3946,.F.);
#5300=ORIENTED_EDGE('',*,*,#3947,.T.);
#5301=ORIENTED_EDGE('',*,*,#3665,.T.);
#5302=ORIENTED_EDGE('',*,*,#3947,.F.);
#5303=ORIENTED_EDGE('',*,*,#3946,.T.);
#5304=ORIENTED_EDGE('',*,*,#3948,.T.);
#5305=ORIENTED_EDGE('',*,*,#3939,.F.);
#5306=ORIENTED_EDGE('',*,*,#3949,.T.);
#5307=ORIENTED_EDGE('',*,*,#3935,.F.);
#5308=ORIENTED_EDGE('',*,*,#3950,.T.);
#5309=ORIENTED_EDGE('',*,*,#3941,.F.);
#5310=ORIENTED_EDGE('',*,*,#3951,.T.);
#5311=ORIENTED_EDGE('',*,*,#3937,.F.);
#5312=ORIENTED_EDGE('',*,*,#3952,.T.);
#5313=ORIENTED_EDGE('',*,*,#3943,.F.);
#5314=ORIENTED_EDGE('',*,*,#3733,.T.);
#5315=ORIENTED_EDGE('',*,*,#3829,.F.);
#5316=ORIENTED_EDGE('',*,*,#3773,.T.);
#5317=ORIENTED_EDGE('',*,*,#3848,.F.);
#5318=ORIENTED_EDGE('',*,*,#3798,.T.);
#5319=ORIENTED_EDGE('',*,*,#3899,.F.);
#5320=ORIENTED_EDGE('',*,*,#3759,.T.);
#5321=ORIENTED_EDGE('',*,*,#3910,.F.);
#5322=ORIENTED_EDGE('',*,*,#3740,.T.);
#5323=ORIENTED_EDGE('',*,*,#3838,.F.);
#5324=ORIENTED_EDGE('',*,*,#3780,.T.);
#5325=ORIENTED_EDGE('',*,*,#3688,.F.);
#5326=ORIENTED_EDGE('',*,*,#3953,.F.);
#5327=ORIENTED_EDGE('',*,*,#3660,.T.);
#5328=ORIENTED_EDGE('',*,*,#3794,.T.);
#5329=ORIENTED_EDGE('',*,*,#3796,.T.);
#5330=ORIENTED_EDGE('',*,*,#3656,.T.);
#5331=ORIENTED_EDGE('',*,*,#3755,.T.);
#5332=ORIENTED_EDGE('',*,*,#3757,.T.);
#5333=ORIENTED_EDGE('',*,*,#3652,.T.);
#5334=ORIENTED_EDGE('',*,*,#3749,.T.);
#5335=ORIENTED_EDGE('',*,*,#3751,.T.);
#5336=ORIENTED_EDGE('',*,*,#3648,.T.);
#5337=ORIENTED_EDGE('',*,*,#3788,.T.);
#5338=ORIENTED_EDGE('',*,*,#3912,.T.);
#5339=ORIENTED_EDGE('',*,*,#3805,.T.);
#5340=ORIENTED_EDGE('',*,*,#3901,.F.);
#5341=ORIENTED_EDGE('',*,*,#3766,.T.);
#5342=ORIENTED_EDGE('',*,*,#3911,.F.);
#5343=ORIENTED_EDGE('',*,*,#3661,.T.);
#5344=ORIENTED_EDGE('',*,*,#3953,.T.);
#5345=ORIENTED_EDGE('',*,*,#3687,.F.);
#5346=ORIENTED_EDGE('',*,*,#3954,.F.);
#5347=ORIENTED_EDGE('',*,*,#3662,.T.);
#5348=ORIENTED_EDGE('',*,*,#3954,.T.);
#5349=ORIENTED_EDGE('',*,*,#3686,.F.);
#5350=ORIENTED_EDGE('',*,*,#3913,.F.);
#5351=ORIENTED_EDGE('',*,*,#3955,.F.);
#5352=ORIENTED_EDGE('',*,*,#3956,.T.);
#5353=ORIENTED_EDGE('',*,*,#3952,.F.);
#5354=ORIENTED_EDGE('',*,*,#3956,.F.);
#5355=ORIENTED_EDGE('',*,*,#3957,.F.);
#5356=ORIENTED_EDGE('',*,*,#3958,.T.);
#5357=ORIENTED_EDGE('',*,*,#3951,.F.);
#5358=ORIENTED_EDGE('',*,*,#3958,.F.);
#5359=ORIENTED_EDGE('',*,*,#3959,.F.);
#5360=ORIENTED_EDGE('',*,*,#3960,.F.);
#5361=ORIENTED_EDGE('',*,*,#3961,.T.);
#5362=ORIENTED_EDGE('',*,*,#3667,.F.);
#5363=ORIENTED_EDGE('',*,*,#3961,.F.);
#5364=ORIENTED_EDGE('',*,*,#3962,.F.);
#5365=ORIENTED_EDGE('',*,*,#3963,.T.);
#5366=ORIENTED_EDGE('',*,*,#3668,.F.);
#5367=ORIENTED_EDGE('',*,*,#3963,.F.);
#5368=ORIENTED_EDGE('',*,*,#3964,.F.);
#5369=ORIENTED_EDGE('',*,*,#3965,.T.);
#5370=ORIENTED_EDGE('',*,*,#3669,.F.);
#5371=ORIENTED_EDGE('',*,*,#3965,.F.);
#5372=ORIENTED_EDGE('',*,*,#3966,.F.);
#5373=ORIENTED_EDGE('',*,*,#3967,.T.);
#5374=ORIENTED_EDGE('',*,*,#3670,.F.);
#5375=ORIENTED_EDGE('',*,*,#3967,.F.);
#5376=ORIENTED_EDGE('',*,*,#3968,.F.);
#5377=ORIENTED_EDGE('',*,*,#3969,.T.);
#5378=ORIENTED_EDGE('',*,*,#3671,.F.);
#5379=ORIENTED_EDGE('',*,*,#3969,.F.);
#5380=ORIENTED_EDGE('',*,*,#3970,.F.);
#5381=ORIENTED_EDGE('',*,*,#3971,.T.);
#5382=ORIENTED_EDGE('',*,*,#3672,.F.);
#5383=ORIENTED_EDGE('',*,*,#3971,.F.);
#5384=ORIENTED_EDGE('',*,*,#3972,.F.);
#5385=ORIENTED_EDGE('',*,*,#3973,.F.);
#5386=ORIENTED_EDGE('',*,*,#3673,.F.);
#5387=ORIENTED_EDGE('',*,*,#3973,.T.);
#5388=ORIENTED_EDGE('',*,*,#3974,.F.);
#5389=ORIENTED_EDGE('',*,*,#3959,.T.);
#5390=ORIENTED_EDGE('',*,*,#3666,.F.);
#5391=ORIENTED_EDGE('',*,*,#3975,.F.);
#5392=ORIENTED_EDGE('',*,*,#3976,.T.);
#5393=ORIENTED_EDGE('',*,*,#3950,.F.);
#5394=ORIENTED_EDGE('',*,*,#3976,.F.);
#5395=ORIENTED_EDGE('',*,*,#3977,.F.);
#5396=ORIENTED_EDGE('',*,*,#3978,.T.);
#5397=ORIENTED_EDGE('',*,*,#3949,.F.);
#5398=ORIENTED_EDGE('',*,*,#3978,.F.);
#5399=ORIENTED_EDGE('',*,*,#3979,.F.);
#5400=ORIENTED_EDGE('',*,*,#3980,.T.);
#5401=ORIENTED_EDGE('',*,*,#3948,.F.);
#5402=ORIENTED_EDGE('',*,*,#3980,.F.);
#5403=ORIENTED_EDGE('',*,*,#3981,.F.);
#5404=ORIENTED_EDGE('',*,*,#3982,.F.);
#5405=ORIENTED_EDGE('',*,*,#3983,.T.);
#5406=ORIENTED_EDGE('',*,*,#3711,.F.);
#5407=ORIENTED_EDGE('',*,*,#3983,.F.);
#5408=ORIENTED_EDGE('',*,*,#3984,.F.);
#5409=ORIENTED_EDGE('',*,*,#3547,.T.);
#5410=ORIENTED_EDGE('',*,*,#3712,.F.);
#5411=ORIENTED_EDGE('',*,*,#3732,.F.);
#5412=ORIENTED_EDGE('',*,*,#3985,.F.);
#5413=ORIENTED_EDGE('',*,*,#3986,.T.);
#5414=ORIENTED_EDGE('',*,*,#3708,.F.);
#5415=ORIENTED_EDGE('',*,*,#3986,.F.);
#5416=ORIENTED_EDGE('',*,*,#3987,.F.);
#5417=ORIENTED_EDGE('',*,*,#3988,.F.);
#5418=ORIENTED_EDGE('',*,*,#3709,.F.);
#5419=ORIENTED_EDGE('',*,*,#3988,.T.);
#5420=ORIENTED_EDGE('',*,*,#3989,.F.);
#5421=ORIENTED_EDGE('',*,*,#3981,.T.);
#5422=ORIENTED_EDGE('',*,*,#3710,.F.);
#5423=ORIENTED_EDGE('',*,*,#3496,.F.);
#5424=ORIENTED_EDGE('',*,*,#3538,.T.);
#5425=ORIENTED_EDGE('',*,*,#3516,.F.);
#5426=ORIENTED_EDGE('',*,*,#3548,.T.);
#5427=ORIENTED_EDGE('',*,*,#3984,.T.);
#5428=ORIENTED_EDGE('',*,*,#3982,.T.);
#5429=ORIENTED_EDGE('',*,*,#3989,.T.);
#5430=ORIENTED_EDGE('',*,*,#3987,.T.);
#5431=ORIENTED_EDGE('',*,*,#3985,.T.);
#5432=ORIENTED_EDGE('',*,*,#3731,.T.);
#5433=ORIENTED_EDGE('',*,*,#3904,.T.);
#5434=ORIENTED_EDGE('',*,*,#3599,.T.);
#5435=ORIENTED_EDGE('',*,*,#3539,.T.);
#5436=ORIENTED_EDGE('',*,*,#3507,.F.);
#5437=ORIENTED_EDGE('',*,*,#3502,.T.);
#5438=ORIENTED_EDGE('',*,*,#3563,.T.);
#5439=ORIENTED_EDGE('',*,*,#3566,.T.);
#5440=ORIENTED_EDGE('',*,*,#3979,.T.);
#5441=ORIENTED_EDGE('',*,*,#3977,.T.);
#5442=ORIENTED_EDGE('',*,*,#3975,.T.);
#5443=ORIENTED_EDGE('',*,*,#3974,.T.);
#5444=ORIENTED_EDGE('',*,*,#3972,.T.);
#5445=ORIENTED_EDGE('',*,*,#3970,.T.);
#5446=ORIENTED_EDGE('',*,*,#3968,.T.);
#5447=ORIENTED_EDGE('',*,*,#3966,.T.);
#5448=ORIENTED_EDGE('',*,*,#3964,.T.);
#5449=ORIENTED_EDGE('',*,*,#3962,.T.);
#5450=ORIENTED_EDGE('',*,*,#3960,.T.);
#5451=ORIENTED_EDGE('',*,*,#3957,.T.);
#5452=ORIENTED_EDGE('',*,*,#3955,.T.);
#5453=ORIENTED_EDGE('',*,*,#3990,.T.);
#5454=ORIENTED_EDGE('',*,*,#3991,.T.);
#5455=ORIENTED_EDGE('',*,*,#3992,.F.);
#5456=ORIENTED_EDGE('',*,*,#3991,.F.);
#5457=ORIENTED_EDGE('',*,*,#3993,.T.);
#5458=ORIENTED_EDGE('',*,*,#3994,.T.);
#5459=ORIENTED_EDGE('',*,*,#3995,.F.);
#5460=ORIENTED_EDGE('',*,*,#3994,.F.);
#5461=ORIENTED_EDGE('',*,*,#3996,.T.);
#5462=ORIENTED_EDGE('',*,*,#3997,.T.);
#5463=ORIENTED_EDGE('',*,*,#3998,.F.);
#5464=ORIENTED_EDGE('',*,*,#3997,.F.);
#5465=ORIENTED_EDGE('',*,*,#3999,.F.);
#5466=ORIENTED_EDGE('',*,*,#4000,.F.);
#5467=ORIENTED_EDGE('',*,*,#4001,.F.);
#5468=ORIENTED_EDGE('',*,*,#4002,.F.);
#5469=ORIENTED_EDGE('',*,*,#3993,.F.);
#5470=ORIENTED_EDGE('',*,*,#4003,.F.);
#5471=ORIENTED_EDGE('',*,*,#4004,.F.);
#5472=ORIENTED_EDGE('',*,*,#4005,.F.);
#5473=ORIENTED_EDGE('',*,*,#4002,.T.);
#5474=ORIENTED_EDGE('',*,*,#4006,.F.);
#5475=ORIENTED_EDGE('',*,*,#4007,.F.);
#5476=ORIENTED_EDGE('',*,*,#4008,.F.);
#5477=ORIENTED_EDGE('',*,*,#4000,.T.);
#5478=ORIENTED_EDGE('',*,*,#4009,.F.);
#5479=ORIENTED_EDGE('',*,*,#4010,.F.);
#5480=ORIENTED_EDGE('',*,*,#4011,.F.);
#5481=ORIENTED_EDGE('',*,*,#4012,.F.);
#5482=ORIENTED_EDGE('',*,*,#3990,.F.);
#5483=ORIENTED_EDGE('',*,*,#4013,.F.);
#5484=ORIENTED_EDGE('',*,*,#4014,.F.);
#5485=ORIENTED_EDGE('',*,*,#4015,.F.);
#5486=ORIENTED_EDGE('',*,*,#4012,.T.);
#5487=ORIENTED_EDGE('',*,*,#4016,.F.);
#5488=ORIENTED_EDGE('',*,*,#4017,.F.);
#5489=ORIENTED_EDGE('',*,*,#4018,.T.);
#5490=ORIENTED_EDGE('',*,*,#4010,.T.);
#5491=ORIENTED_EDGE('',*,*,#4019,.F.);
#5492=ORIENTED_EDGE('',*,*,#4020,.T.);
#5493=ORIENTED_EDGE('',*,*,#4021,.T.);
#5494=ORIENTED_EDGE('',*,*,#4020,.F.);
#5495=ORIENTED_EDGE('',*,*,#4021,.F.);
#5496=ORIENTED_EDGE('',*,*,#3996,.F.);
#5497=ORIENTED_EDGE('',*,*,#4001,.T.);
#5498=ORIENTED_EDGE('',*,*,#4022,.F.);
#5499=ORIENTED_EDGE('',*,*,#4023,.T.);
#5500=ORIENTED_EDGE('',*,*,#4024,.F.);
#5501=ORIENTED_EDGE('',*,*,#4003,.T.);
#5502=ORIENTED_EDGE('',*,*,#3999,.T.);
#5503=ORIENTED_EDGE('',*,*,#4005,.T.);
#5504=ORIENTED_EDGE('',*,*,#4025,.F.);
#5505=ORIENTED_EDGE('',*,*,#4026,.T.);
#5506=ORIENTED_EDGE('',*,*,#4027,.T.);
#5507=ORIENTED_EDGE('',*,*,#4028,.F.);
#5508=ORIENTED_EDGE('',*,*,#4029,.F.);
#5509=ORIENTED_EDGE('',*,*,#4013,.T.);
#5510=ORIENTED_EDGE('',*,*,#4009,.T.);
#5511=ORIENTED_EDGE('',*,*,#4015,.T.);
#5512=ORIENTED_EDGE('',*,*,#4030,.F.);
#5513=ORIENTED_EDGE('',*,*,#4007,.T.);
#5514=ORIENTED_EDGE('',*,*,#4031,.F.);
#5515=ORIENTED_EDGE('',*,*,#4032,.F.);
#5516=ORIENTED_EDGE('',*,*,#4033,.F.);
#5517=ORIENTED_EDGE('',*,*,#4034,.F.);
#5518=ORIENTED_EDGE('',*,*,#4035,.F.);
#5519=ORIENTED_EDGE('',*,*,#4036,.F.);
#5520=ORIENTED_EDGE('',*,*,#4017,.T.);
#5521=ORIENTED_EDGE('',*,*,#4037,.F.);
#5522=ORIENTED_EDGE('',*,*,#4038,.F.);
#5523=ORIENTED_EDGE('',*,*,#4039,.F.);
#5524=ORIENTED_EDGE('',*,*,#4040,.F.);
#5525=ORIENTED_EDGE('',*,*,#4041,.F.);
#5526=ORIENTED_EDGE('',*,*,#4042,.F.);
#5527=ORIENTED_EDGE('',*,*,#4043,.F.);
#5528=ORIENTED_EDGE('',*,*,#4044,.F.);
#5529=ORIENTED_EDGE('',*,*,#4045,.F.);
#5530=ORIENTED_EDGE('',*,*,#4046,.F.);
#5531=ORIENTED_EDGE('',*,*,#4047,.F.);
#5532=ORIENTED_EDGE('',*,*,#4048,.F.);
#5533=ORIENTED_EDGE('',*,*,#4049,.F.);
#5534=ORIENTED_EDGE('',*,*,#4050,.F.);
#5535=ORIENTED_EDGE('',*,*,#4019,.T.);
#5536=ORIENTED_EDGE('',*,*,#4051,.T.);
#5537=ORIENTED_EDGE('',*,*,#4052,.T.);
#5538=ORIENTED_EDGE('',*,*,#4053,.T.);
#5539=ORIENTED_EDGE('',*,*,#4054,.T.);
#5540=ORIENTED_EDGE('',*,*,#4055,.T.);
#5541=ORIENTED_EDGE('',*,*,#4054,.F.);
#5542=ORIENTED_EDGE('',*,*,#4056,.T.);
#5543=ORIENTED_EDGE('',*,*,#4057,.F.);
#5544=ORIENTED_EDGE('',*,*,#4052,.F.);
#5545=ORIENTED_EDGE('',*,*,#4058,.T.);
#5546=ORIENTED_EDGE('',*,*,#4059,.F.);
#5547=ORIENTED_EDGE('',*,*,#4060,.T.);
#5548=ORIENTED_EDGE('',*,*,#4061,.F.);
#5549=ORIENTED_EDGE('',*,*,#4056,.F.);
#5550=ORIENTED_EDGE('',*,*,#4053,.F.);
#5551=ORIENTED_EDGE('',*,*,#4060,.F.);
#5552=ORIENTED_EDGE('',*,*,#4062,.F.);
#5553=ORIENTED_EDGE('',*,*,#4063,.F.);
#5554=ORIENTED_EDGE('',*,*,#4064,.F.);
#5555=ORIENTED_EDGE('',*,*,#4065,.F.);
#5556=ORIENTED_EDGE('',*,*,#4066,.F.);
#5557=ORIENTED_EDGE('',*,*,#4067,.F.);
#5558=ORIENTED_EDGE('',*,*,#4068,.F.);
#5559=ORIENTED_EDGE('',*,*,#4069,.F.);
#5560=ORIENTED_EDGE('',*,*,#4070,.F.);
#5561=ORIENTED_EDGE('',*,*,#4071,.F.);
#5562=ORIENTED_EDGE('',*,*,#4072,.F.);
#5563=ORIENTED_EDGE('',*,*,#4073,.F.);
#5564=ORIENTED_EDGE('',*,*,#4074,.F.);
#5565=ORIENTED_EDGE('',*,*,#4075,.F.);
#5566=ORIENTED_EDGE('',*,*,#4076,.F.);
#5567=ORIENTED_EDGE('',*,*,#4077,.F.);
#5568=ORIENTED_EDGE('',*,*,#4078,.F.);
#5569=ORIENTED_EDGE('',*,*,#4079,.F.);
#5570=ORIENTED_EDGE('',*,*,#4058,.F.);
#5571=ORIENTED_EDGE('',*,*,#4051,.F.);
#5572=ORIENTED_EDGE('',*,*,#4055,.F.);
#5573=ORIENTED_EDGE('',*,*,#4063,.T.);
#5574=ORIENTED_EDGE('',*,*,#4080,.F.);
#5575=ORIENTED_EDGE('',*,*,#4078,.T.);
#5576=ORIENTED_EDGE('',*,*,#4081,.T.);
#5577=ORIENTED_EDGE('',*,*,#4082,.T.);
#5578=ORIENTED_EDGE('',*,*,#4062,.T.);
#5579=ORIENTED_EDGE('',*,*,#4059,.T.);
#5580=ORIENTED_EDGE('',*,*,#4079,.T.);
#5581=ORIENTED_EDGE('',*,*,#4080,.T.);
#5582=ORIENTED_EDGE('',*,*,#4061,.T.);
#5583=ORIENTED_EDGE('',*,*,#4057,.T.);
#5584=ORIENTED_EDGE('',*,*,#4081,.F.);
#5585=ORIENTED_EDGE('',*,*,#4077,.T.);
#5586=ORIENTED_EDGE('',*,*,#4083,.F.);
#5587=ORIENTED_EDGE('',*,*,#4034,.T.);
#5588=ORIENTED_EDGE('',*,*,#4084,.T.);
#5589=ORIENTED_EDGE('',*,*,#4082,.F.);
#5590=ORIENTED_EDGE('',*,*,#4084,.F.);
#5591=ORIENTED_EDGE('',*,*,#4033,.T.);
#5592=ORIENTED_EDGE('',*,*,#4085,.T.);
#5593=ORIENTED_EDGE('',*,*,#4086,.T.);
#5594=ORIENTED_EDGE('',*,*,#4087,.F.);
#5595=ORIENTED_EDGE('',*,*,#4088,.T.);
#5596=ORIENTED_EDGE('',*,*,#4089,.F.);
#5597=ORIENTED_EDGE('',*,*,#4064,.T.);
#5598=ORIENTED_EDGE('',*,*,#4090,.F.);
#5599=ORIENTED_EDGE('',*,*,#4091,.F.);
#5600=ORIENTED_EDGE('',*,*,#4092,.T.);
#5601=ORIENTED_EDGE('',*,*,#4093,.T.);
#5602=ORIENTED_EDGE('',*,*,#4094,.F.);
#5603=ORIENTED_EDGE('',*,*,#4095,.T.);
#5604=ORIENTED_EDGE('',*,*,#4096,.F.);
#5605=ORIENTED_EDGE('',*,*,#4097,.T.);
#5606=ORIENTED_EDGE('',*,*,#4098,.T.);
#5607=ORIENTED_EDGE('',*,*,#4094,.T.);
#5608=ORIENTED_EDGE('',*,*,#4099,.T.);
#5609=ORIENTED_EDGE('',*,*,#4100,.T.);
#5610=ORIENTED_EDGE('',*,*,#4101,.T.);
#5611=ORIENTED_EDGE('',*,*,#4096,.T.);
#5612=ORIENTED_EDGE('',*,*,#4102,.T.);
#5613=ORIENTED_EDGE('',*,*,#4103,.T.);
#5614=ORIENTED_EDGE('',*,*,#4069,.T.);
#5615=ORIENTED_EDGE('',*,*,#4104,.F.);
#5616=ORIENTED_EDGE('',*,*,#4105,.T.);
#5617=ORIENTED_EDGE('',*,*,#4106,.T.);
#5618=ORIENTED_EDGE('',*,*,#4107,.T.);
#5619=ORIENTED_EDGE('',*,*,#4104,.T.);
#5620=ORIENTED_EDGE('',*,*,#4068,.T.);
#5621=ORIENTED_EDGE('',*,*,#4108,.T.);
#5622=ORIENTED_EDGE('',*,*,#4109,.F.);
#5623=ORIENTED_EDGE('',*,*,#4110,.T.);
#5624=ORIENTED_EDGE('',*,*,#4111,.F.);
#5625=ORIENTED_EDGE('',*,*,#4112,.T.);
#5626=ORIENTED_EDGE('',*,*,#4113,.T.);
#5627=ORIENTED_EDGE('',*,*,#4114,.F.);
#5628=ORIENTED_EDGE('',*,*,#4115,.T.);
#5629=ORIENTED_EDGE('',*,*,#4116,.T.);
#5630=ORIENTED_EDGE('',*,*,#4117,.T.);
#5631=ORIENTED_EDGE('',*,*,#4118,.F.);
#5632=ORIENTED_EDGE('',*,*,#4110,.F.);
#5633=ORIENTED_EDGE('',*,*,#4109,.T.);
#5634=ORIENTED_EDGE('',*,*,#4119,.T.);
#5635=ORIENTED_EDGE('',*,*,#4120,.T.);
#5636=ORIENTED_EDGE('',*,*,#4111,.T.);
#5637=ORIENTED_EDGE('',*,*,#4118,.T.);
#5638=ORIENTED_EDGE('',*,*,#4121,.F.);
#5639=ORIENTED_EDGE('',*,*,#4122,.T.);
#5640=ORIENTED_EDGE('',*,*,#4123,.T.);
#5641=ORIENTED_EDGE('',*,*,#4124,.T.);
#5642=ORIENTED_EDGE('',*,*,#4125,.F.);
#5643=ORIENTED_EDGE('',*,*,#4126,.T.);
#5644=ORIENTED_EDGE('',*,*,#4127,.T.);
#5645=ORIENTED_EDGE('',*,*,#4128,.T.);
#5646=ORIENTED_EDGE('',*,*,#4122,.F.);
#5647=ORIENTED_EDGE('',*,*,#4121,.T.);
#5648=ORIENTED_EDGE('',*,*,#4129,.T.);
#5649=ORIENTED_EDGE('',*,*,#4100,.F.);
#5650=ORIENTED_EDGE('',*,*,#4130,.T.);
#5651=ORIENTED_EDGE('',*,*,#4131,.F.);
#5652=ORIENTED_EDGE('',*,*,#4132,.T.);
#5653=ORIENTED_EDGE('',*,*,#4108,.F.);
#5654=ORIENTED_EDGE('',*,*,#4067,.T.);
#5655=ORIENTED_EDGE('',*,*,#4133,.F.);
#5656=ORIENTED_EDGE('',*,*,#4134,.T.);
#5657=ORIENTED_EDGE('',*,*,#4093,.F.);
#5658=ORIENTED_EDGE('',*,*,#4135,.F.);
#5659=ORIENTED_EDGE('',*,*,#4105,.F.);
#5660=ORIENTED_EDGE('',*,*,#4107,.F.);
#5661=ORIENTED_EDGE('',*,*,#4134,.F.);
#5662=ORIENTED_EDGE('',*,*,#4136,.F.);
#5663=ORIENTED_EDGE('',*,*,#4137,.F.);
#5664=ORIENTED_EDGE('',*,*,#4088,.F.);
#5665=ORIENTED_EDGE('',*,*,#4138,.F.);
#5666=ORIENTED_EDGE('',*,*,#4139,.F.);
#5667=ORIENTED_EDGE('',*,*,#4130,.F.);
#5668=ORIENTED_EDGE('',*,*,#4099,.F.);
#5669=ORIENTED_EDGE('',*,*,#3998,.T.);
#5670=ORIENTED_EDGE('',*,*,#4004,.T.);
#5671=ORIENTED_EDGE('',*,*,#4030,.T.);
#5672=ORIENTED_EDGE('',*,*,#4014,.T.);
#5673=ORIENTED_EDGE('',*,*,#4029,.T.);
#5674=ORIENTED_EDGE('',*,*,#4140,.T.);
#5675=ORIENTED_EDGE('',*,*,#4141,.F.);
#5676=ORIENTED_EDGE('',*,*,#4142,.F.);
#5677=ORIENTED_EDGE('',*,*,#4143,.F.);
#5678=ORIENTED_EDGE('',*,*,#4144,.T.);
#5679=ORIENTED_EDGE('',*,*,#4145,.F.);
#5680=ORIENTED_EDGE('',*,*,#4146,.F.);
#5681=ORIENTED_EDGE('',*,*,#4147,.F.);
#5682=ORIENTED_EDGE('',*,*,#4148,.T.);
#5683=ORIENTED_EDGE('',*,*,#4149,.F.);
#5684=ORIENTED_EDGE('',*,*,#4150,.F.);
#5685=ORIENTED_EDGE('',*,*,#4151,.F.);
#5686=ORIENTED_EDGE('',*,*,#4152,.T.);
#5687=ORIENTED_EDGE('',*,*,#4153,.F.);
#5688=ORIENTED_EDGE('',*,*,#4154,.F.);
#5689=ORIENTED_EDGE('',*,*,#4155,.F.);
#5690=ORIENTED_EDGE('',*,*,#4156,.T.);
#5691=ORIENTED_EDGE('',*,*,#4126,.F.);
#5692=ORIENTED_EDGE('',*,*,#4157,.F.);
#5693=ORIENTED_EDGE('',*,*,#4124,.F.);
#5694=ORIENTED_EDGE('',*,*,#4158,.T.);
#5695=ORIENTED_EDGE('',*,*,#4115,.F.);
#5696=ORIENTED_EDGE('',*,*,#4159,.F.);
#5697=ORIENTED_EDGE('',*,*,#4113,.F.);
#5698=ORIENTED_EDGE('',*,*,#4160,.T.);
#5699=ORIENTED_EDGE('',*,*,#4161,.T.);
#5700=ORIENTED_EDGE('',*,*,#4025,.T.);
#5701=ORIENTED_EDGE('',*,*,#4162,.T.);
#5702=ORIENTED_EDGE('',*,*,#4163,.F.);
#5703=ORIENTED_EDGE('',*,*,#4164,.F.);
#5704=ORIENTED_EDGE('',*,*,#4165,.F.);
#5705=ORIENTED_EDGE('',*,*,#4166,.F.);
#5706=ORIENTED_EDGE('',*,*,#4167,.F.);
#5707=ORIENTED_EDGE('',*,*,#4168,.F.);
#5708=ORIENTED_EDGE('',*,*,#4169,.F.);
#5709=ORIENTED_EDGE('',*,*,#4170,.F.);
#5710=ORIENTED_EDGE('',*,*,#4171,.T.);
#5711=ORIENTED_EDGE('',*,*,#4089,.T.);
#5712=ORIENTED_EDGE('',*,*,#4137,.T.);
#5713=ORIENTED_EDGE('',*,*,#4172,.F.);
#5714=ORIENTED_EDGE('',*,*,#4065,.T.);
#5715=ORIENTED_EDGE('',*,*,#4136,.T.);
#5716=ORIENTED_EDGE('',*,*,#4133,.T.);
#5717=ORIENTED_EDGE('',*,*,#4066,.T.);
#5718=ORIENTED_EDGE('',*,*,#4172,.T.);
#5719=ORIENTED_EDGE('',*,*,#4090,.T.);
#5720=ORIENTED_EDGE('',*,*,#4173,.T.);
#5721=ORIENTED_EDGE('',*,*,#4174,.F.);
#5722=ORIENTED_EDGE('',*,*,#4173,.F.);
#5723=ORIENTED_EDGE('',*,*,#4174,.T.);
#5724=ORIENTED_EDGE('',*,*,#4175,.T.);
#5725=ORIENTED_EDGE('',*,*,#4087,.T.);
#5726=ORIENTED_EDGE('',*,*,#4176,.T.);
#5727=ORIENTED_EDGE('',*,*,#4177,.F.);
#5728=ORIENTED_EDGE('',*,*,#4138,.T.);
#5729=ORIENTED_EDGE('',*,*,#4178,.T.);
#5730=ORIENTED_EDGE('',*,*,#4131,.T.);
#5731=ORIENTED_EDGE('',*,*,#4139,.T.);
#5732=ORIENTED_EDGE('',*,*,#4177,.T.);
#5733=ORIENTED_EDGE('',*,*,#4091,.T.);
#5734=ORIENTED_EDGE('',*,*,#4179,.T.);
#5735=ORIENTED_EDGE('',*,*,#4180,.F.);
#5736=ORIENTED_EDGE('',*,*,#4179,.F.);
#5737=ORIENTED_EDGE('',*,*,#4180,.T.);
#5738=ORIENTED_EDGE('',*,*,#4181,.T.);
#5739=ORIENTED_EDGE('',*,*,#4102,.F.);
#5740=ORIENTED_EDGE('',*,*,#4095,.F.);
#5741=ORIENTED_EDGE('',*,*,#4098,.F.);
#5742=ORIENTED_EDGE('',*,*,#4132,.F.);
#5743=ORIENTED_EDGE('',*,*,#4178,.F.);
#5744=ORIENTED_EDGE('',*,*,#4176,.F.);
#5745=ORIENTED_EDGE('',*,*,#4086,.F.);
#5746=ORIENTED_EDGE('',*,*,#4182,.F.);
#5747=ORIENTED_EDGE('',*,*,#4183,.F.);
#5748=ORIENTED_EDGE('',*,*,#4023,.F.);
#5749=ORIENTED_EDGE('',*,*,#4184,.F.);
#5750=ORIENTED_EDGE('',*,*,#4185,.F.);
#5751=ORIENTED_EDGE('',*,*,#4186,.F.);
#5752=ORIENTED_EDGE('',*,*,#4187,.F.);
#5753=ORIENTED_EDGE('',*,*,#4188,.F.);
#5754=ORIENTED_EDGE('',*,*,#4189,.F.);
#5755=ORIENTED_EDGE('',*,*,#4190,.F.);
#5756=ORIENTED_EDGE('',*,*,#4191,.F.);
#5757=ORIENTED_EDGE('',*,*,#4192,.F.);
#5758=ORIENTED_EDGE('',*,*,#4193,.F.);
#5759=ORIENTED_EDGE('',*,*,#4194,.F.);
#5760=ORIENTED_EDGE('',*,*,#4195,.F.);
#5761=ORIENTED_EDGE('',*,*,#4196,.F.);
#5762=ORIENTED_EDGE('',*,*,#4197,.F.);
#5763=ORIENTED_EDGE('',*,*,#4198,.F.);
#5764=ORIENTED_EDGE('',*,*,#4199,.F.);
#5765=ORIENTED_EDGE('',*,*,#4200,.F.);
#5766=ORIENTED_EDGE('',*,*,#4201,.F.);
#5767=ORIENTED_EDGE('',*,*,#4202,.F.);
#5768=ORIENTED_EDGE('',*,*,#4203,.F.);
#5769=ORIENTED_EDGE('',*,*,#4204,.F.);
#5770=ORIENTED_EDGE('',*,*,#4205,.F.);
#5771=ORIENTED_EDGE('',*,*,#4027,.F.);
#5772=ORIENTED_EDGE('',*,*,#4206,.F.);
#5773=ORIENTED_EDGE('',*,*,#4207,.F.);
#5774=ORIENTED_EDGE('',*,*,#3992,.T.);
#5775=ORIENTED_EDGE('',*,*,#3995,.T.);
#5776=ORIENTED_EDGE('',*,*,#4159,.T.);
#5777=ORIENTED_EDGE('',*,*,#4114,.T.);
#5778=ORIENTED_EDGE('',*,*,#4181,.F.);
#5779=ORIENTED_EDGE('',*,*,#4208,.T.);
#5780=ORIENTED_EDGE('',*,*,#4119,.F.);
#5781=ORIENTED_EDGE('',*,*,#4208,.F.);
#5782=ORIENTED_EDGE('',*,*,#4157,.T.);
#5783=ORIENTED_EDGE('',*,*,#4125,.T.);
#5784=ORIENTED_EDGE('',*,*,#4175,.F.);
#5785=ORIENTED_EDGE('',*,*,#4209,.T.);
#5786=ORIENTED_EDGE('',*,*,#4129,.F.);
#5787=ORIENTED_EDGE('',*,*,#4209,.F.);
#5788=ORIENTED_EDGE('',*,*,#4210,.F.);
#5789=ORIENTED_EDGE('',*,*,#4193,.T.);
#5790=ORIENTED_EDGE('',*,*,#4211,.F.);
#5791=ORIENTED_EDGE('',*,*,#4191,.T.);
#5792=ORIENTED_EDGE('',*,*,#4194,.T.);
#5793=ORIENTED_EDGE('',*,*,#4210,.T.);
#5794=ORIENTED_EDGE('',*,*,#4190,.T.);
#5795=ORIENTED_EDGE('',*,*,#4212,.T.);
#5796=ORIENTED_EDGE('',*,*,#4213,.F.);
#5797=ORIENTED_EDGE('',*,*,#4214,.T.);
#5798=ORIENTED_EDGE('',*,*,#4215,.F.);
#5799=ORIENTED_EDGE('',*,*,#4214,.F.);
#5800=ORIENTED_EDGE('',*,*,#4213,.T.);
#5801=ORIENTED_EDGE('',*,*,#4216,.T.);
#5802=ORIENTED_EDGE('',*,*,#4212,.F.);
#5803=ORIENTED_EDGE('',*,*,#4189,.T.);
#5804=ORIENTED_EDGE('',*,*,#4217,.F.);
#5805=ORIENTED_EDGE('',*,*,#4195,.T.);
#5806=ORIENTED_EDGE('',*,*,#4218,.T.);
#5807=ORIENTED_EDGE('',*,*,#4219,.T.);
#5808=ORIENTED_EDGE('',*,*,#4220,.F.);
#5809=ORIENTED_EDGE('',*,*,#4219,.F.);
#5810=ORIENTED_EDGE('',*,*,#4220,.T.);
#5811=ORIENTED_EDGE('',*,*,#4221,.T.);
#5812=ORIENTED_EDGE('',*,*,#4222,.T.);
#5813=ORIENTED_EDGE('',*,*,#4197,.T.);
#5814=ORIENTED_EDGE('',*,*,#4223,.F.);
#5815=ORIENTED_EDGE('',*,*,#4187,.T.);
#5816=ORIENTED_EDGE('',*,*,#4196,.T.);
#5817=ORIENTED_EDGE('',*,*,#4217,.T.);
#5818=ORIENTED_EDGE('',*,*,#4188,.T.);
#5819=ORIENTED_EDGE('',*,*,#4223,.T.);
#5820=ORIENTED_EDGE('',*,*,#4221,.F.);
#5821=ORIENTED_EDGE('',*,*,#4224,.T.);
#5822=ORIENTED_EDGE('',*,*,#4216,.F.);
#5823=ORIENTED_EDGE('',*,*,#4224,.F.);
#5824=ORIENTED_EDGE('',*,*,#4215,.T.);
#5825=ORIENTED_EDGE('',*,*,#4192,.T.);
#5826=ORIENTED_EDGE('',*,*,#4211,.T.);
#5827=ORIENTED_EDGE('',*,*,#4222,.F.);
#5828=ORIENTED_EDGE('',*,*,#4186,.T.);
#5829=ORIENTED_EDGE('',*,*,#4225,.F.);
#5830=ORIENTED_EDGE('',*,*,#4018,.F.);
#5831=ORIENTED_EDGE('',*,*,#4036,.T.);
#5832=ORIENTED_EDGE('',*,*,#4226,.T.);
#5833=ORIENTED_EDGE('',*,*,#4198,.T.);
#5834=ORIENTED_EDGE('',*,*,#4218,.F.);
#5835=ORIENTED_EDGE('',*,*,#4227,.T.);
#5836=ORIENTED_EDGE('',*,*,#4228,.T.);
#5837=ORIENTED_EDGE('',*,*,#4229,.F.);
#5838=ORIENTED_EDGE('',*,*,#4230,.T.);
#5839=ORIENTED_EDGE('',*,*,#4231,.T.);
#5840=ORIENTED_EDGE('',*,*,#4229,.T.);
#5841=ORIENTED_EDGE('',*,*,#4232,.T.);
#5842=ORIENTED_EDGE('',*,*,#4233,.T.);
#5843=ORIENTED_EDGE('',*,*,#4234,.T.);
#5844=ORIENTED_EDGE('',*,*,#4235,.T.);
#5845=ORIENTED_EDGE('',*,*,#4236,.F.);
#5846=ORIENTED_EDGE('',*,*,#4237,.T.);
#5847=ORIENTED_EDGE('',*,*,#4238,.T.);
#5848=ORIENTED_EDGE('',*,*,#4236,.T.);
#5849=ORIENTED_EDGE('',*,*,#4239,.T.);
#5850=ORIENTED_EDGE('',*,*,#4240,.T.);
#5851=ORIENTED_EDGE('',*,*,#4241,.F.);
#5852=ORIENTED_EDGE('',*,*,#4242,.T.);
#5853=ORIENTED_EDGE('',*,*,#4243,.T.);
#5854=ORIENTED_EDGE('',*,*,#4151,.T.);
#5855=ORIENTED_EDGE('',*,*,#4244,.F.);
#5856=ORIENTED_EDGE('',*,*,#4149,.T.);
#5857=ORIENTED_EDGE('',*,*,#4245,.T.);
#5858=ORIENTED_EDGE('',*,*,#4242,.F.);
#5859=ORIENTED_EDGE('',*,*,#4241,.T.);
#5860=ORIENTED_EDGE('',*,*,#4246,.T.);
#5861=ORIENTED_EDGE('',*,*,#4247,.F.);
#5862=ORIENTED_EDGE('',*,*,#4248,.T.);
#5863=ORIENTED_EDGE('',*,*,#4249,.T.);
#5864=ORIENTED_EDGE('',*,*,#4147,.T.);
#5865=ORIENTED_EDGE('',*,*,#4250,.F.);
#5866=ORIENTED_EDGE('',*,*,#4145,.T.);
#5867=ORIENTED_EDGE('',*,*,#4251,.T.);
#5868=ORIENTED_EDGE('',*,*,#4248,.F.);
#5869=ORIENTED_EDGE('',*,*,#4247,.T.);
#5870=ORIENTED_EDGE('',*,*,#4252,.T.);
#5871=ORIENTED_EDGE('',*,*,#4253,.T.);
#5872=ORIENTED_EDGE('',*,*,#4254,.T.);
#5873=ORIENTED_EDGE('',*,*,#4255,.F.);
#5874=ORIENTED_EDGE('',*,*,#4256,.T.);
#5875=ORIENTED_EDGE('',*,*,#4257,.T.);
#5876=ORIENTED_EDGE('',*,*,#4255,.T.);
#5877=ORIENTED_EDGE('',*,*,#4258,.T.);
#5878=ORIENTED_EDGE('',*,*,#4259,.T.);
#5879=ORIENTED_EDGE('',*,*,#4260,.T.);
#5880=ORIENTED_EDGE('',*,*,#4261,.T.);
#5881=ORIENTED_EDGE('',*,*,#4262,.F.);
#5882=ORIENTED_EDGE('',*,*,#4263,.T.);
#5883=ORIENTED_EDGE('',*,*,#4264,.T.);
#5884=ORIENTED_EDGE('',*,*,#4262,.T.);
#5885=ORIENTED_EDGE('',*,*,#4265,.T.);
#5886=ORIENTED_EDGE('',*,*,#4266,.T.);
#5887=ORIENTED_EDGE('',*,*,#4267,.T.);
#5888=ORIENTED_EDGE('',*,*,#4268,.T.);
#5889=ORIENTED_EDGE('',*,*,#4269,.F.);
#5890=ORIENTED_EDGE('',*,*,#4270,.T.);
#5891=ORIENTED_EDGE('',*,*,#4271,.T.);
#5892=ORIENTED_EDGE('',*,*,#4269,.T.);
#5893=ORIENTED_EDGE('',*,*,#4272,.T.);
#5894=ORIENTED_EDGE('',*,*,#4273,.T.);
#5895=ORIENTED_EDGE('',*,*,#4274,.T.);
#5896=ORIENTED_EDGE('',*,*,#4204,.T.);
#5897=ORIENTED_EDGE('',*,*,#4275,.F.);
#5898=ORIENTED_EDGE('',*,*,#4276,.T.);
#5899=ORIENTED_EDGE('',*,*,#4277,.T.);
#5900=ORIENTED_EDGE('',*,*,#4275,.T.);
#5901=ORIENTED_EDGE('',*,*,#4203,.T.);
#5902=ORIENTED_EDGE('',*,*,#4278,.T.);
#5903=ORIENTED_EDGE('',*,*,#4279,.F.);
#5904=ORIENTED_EDGE('',*,*,#4280,.T.);
#5905=ORIENTED_EDGE('',*,*,#4281,.T.);
#5906=ORIENTED_EDGE('',*,*,#4155,.T.);
#5907=ORIENTED_EDGE('',*,*,#4282,.F.);
#5908=ORIENTED_EDGE('',*,*,#4153,.T.);
#5909=ORIENTED_EDGE('',*,*,#4283,.T.);
#5910=ORIENTED_EDGE('',*,*,#4284,.T.);
#5911=ORIENTED_EDGE('',*,*,#4280,.F.);
#5912=ORIENTED_EDGE('',*,*,#4279,.T.);
#5913=ORIENTED_EDGE('',*,*,#4285,.T.);
#5914=ORIENTED_EDGE('',*,*,#4286,.F.);
#5915=ORIENTED_EDGE('',*,*,#4287,.T.);
#5916=ORIENTED_EDGE('',*,*,#4288,.T.);
#5917=ORIENTED_EDGE('',*,*,#4143,.T.);
#5918=ORIENTED_EDGE('',*,*,#4289,.F.);
#5919=ORIENTED_EDGE('',*,*,#4141,.T.);
#5920=ORIENTED_EDGE('',*,*,#4290,.T.);
#5921=ORIENTED_EDGE('',*,*,#4287,.F.);
#5922=ORIENTED_EDGE('',*,*,#4286,.T.);
#5923=ORIENTED_EDGE('',*,*,#4291,.T.);
#5924=ORIENTED_EDGE('',*,*,#4292,.T.);
#5925=ORIENTED_EDGE('',*,*,#4293,.T.);
#5926=ORIENTED_EDGE('',*,*,#4294,.F.);
#5927=ORIENTED_EDGE('',*,*,#4295,.T.);
#5928=ORIENTED_EDGE('',*,*,#4296,.T.);
#5929=ORIENTED_EDGE('',*,*,#4294,.T.);
#5930=ORIENTED_EDGE('',*,*,#4297,.T.);
#5931=ORIENTED_EDGE('',*,*,#4298,.T.);
#5932=ORIENTED_EDGE('',*,*,#4299,.T.);
#5933=ORIENTED_EDGE('',*,*,#4300,.T.);
#5934=ORIENTED_EDGE('',*,*,#4301,.F.);
#5935=ORIENTED_EDGE('',*,*,#4071,.T.);
#5936=ORIENTED_EDGE('',*,*,#4302,.T.);
#5937=ORIENTED_EDGE('',*,*,#4072,.T.);
#5938=ORIENTED_EDGE('',*,*,#4301,.T.);
#5939=ORIENTED_EDGE('',*,*,#4303,.T.);
#5940=ORIENTED_EDGE('',*,*,#4304,.T.);
#5941=ORIENTED_EDGE('',*,*,#4233,.F.);
#5942=ORIENTED_EDGE('',*,*,#4305,.T.);
#5943=ORIENTED_EDGE('',*,*,#4306,.F.);
#5944=ORIENTED_EDGE('',*,*,#4307,.T.);
#5945=ORIENTED_EDGE('',*,*,#4240,.F.);
#5946=ORIENTED_EDGE('',*,*,#4308,.T.);
#5947=ORIENTED_EDGE('',*,*,#4309,.F.);
#5948=ORIENTED_EDGE('',*,*,#4310,.T.);
#5949=ORIENTED_EDGE('',*,*,#4259,.F.);
#5950=ORIENTED_EDGE('',*,*,#4311,.T.);
#5951=ORIENTED_EDGE('',*,*,#4312,.F.);
#5952=ORIENTED_EDGE('',*,*,#4313,.T.);
#5953=ORIENTED_EDGE('',*,*,#4266,.F.);
#5954=ORIENTED_EDGE('',*,*,#4314,.T.);
#5955=ORIENTED_EDGE('',*,*,#4315,.F.);
#5956=ORIENTED_EDGE('',*,*,#4316,.T.);
#5957=ORIENTED_EDGE('',*,*,#4228,.F.);
#5958=ORIENTED_EDGE('',*,*,#4317,.F.);
#5959=ORIENTED_EDGE('',*,*,#4270,.F.);
#5960=ORIENTED_EDGE('',*,*,#4271,.F.);
#5961=ORIENTED_EDGE('',*,*,#4318,.F.);
#5962=ORIENTED_EDGE('',*,*,#4319,.F.);
#5963=ORIENTED_EDGE('',*,*,#4320,.F.);
#5964=ORIENTED_EDGE('',*,*,#4321,.F.);
#5965=ORIENTED_EDGE('',*,*,#4322,.F.);
#5966=ORIENTED_EDGE('',*,*,#4323,.F.);
#5967=ORIENTED_EDGE('',*,*,#4305,.F.);
#5968=ORIENTED_EDGE('',*,*,#4232,.F.);
#5969=ORIENTED_EDGE('',*,*,#4273,.F.);
#5970=ORIENTED_EDGE('',*,*,#4324,.T.);
#5971=ORIENTED_EDGE('',*,*,#4325,.F.);
#5972=ORIENTED_EDGE('',*,*,#4318,.T.);
#5973=ORIENTED_EDGE('',*,*,#4235,.F.);
#5974=ORIENTED_EDGE('',*,*,#4326,.F.);
#5975=ORIENTED_EDGE('',*,*,#4276,.F.);
#5976=ORIENTED_EDGE('',*,*,#4277,.F.);
#5977=ORIENTED_EDGE('',*,*,#4327,.F.);
#5978=ORIENTED_EDGE('',*,*,#4328,.F.);
#5979=ORIENTED_EDGE('',*,*,#4329,.F.);
#5980=ORIENTED_EDGE('',*,*,#4330,.F.);
#5981=ORIENTED_EDGE('',*,*,#4331,.F.);
#5982=ORIENTED_EDGE('',*,*,#4332,.F.);
#5983=ORIENTED_EDGE('',*,*,#4308,.F.);
#5984=ORIENTED_EDGE('',*,*,#4239,.F.);
#5985=ORIENTED_EDGE('',*,*,#4278,.F.);
#5986=ORIENTED_EDGE('',*,*,#4202,.T.);
#5987=ORIENTED_EDGE('',*,*,#4333,.F.);
#5988=ORIENTED_EDGE('',*,*,#4327,.T.);
#5989=ORIENTED_EDGE('',*,*,#4298,.F.);
#5990=ORIENTED_EDGE('',*,*,#4334,.T.);
#5991=ORIENTED_EDGE('',*,*,#4335,.F.);
#5992=ORIENTED_EDGE('',*,*,#4336,.T.);
#5993=ORIENTED_EDGE('',*,*,#4268,.F.);
#5994=ORIENTED_EDGE('',*,*,#4337,.F.);
#5995=ORIENTED_EDGE('',*,*,#4295,.F.);
#5996=ORIENTED_EDGE('',*,*,#4296,.F.);
#5997=ORIENTED_EDGE('',*,*,#4336,.F.);
#5998=ORIENTED_EDGE('',*,*,#4338,.F.);
#5999=ORIENTED_EDGE('',*,*,#4339,.F.);
#6000=ORIENTED_EDGE('',*,*,#4340,.F.);
#6001=ORIENTED_EDGE('',*,*,#4341,.F.);
#6002=ORIENTED_EDGE('',*,*,#4342,.F.);
#6003=ORIENTED_EDGE('',*,*,#4324,.F.);
#6004=ORIENTED_EDGE('',*,*,#4272,.F.);
#6005=ORIENTED_EDGE('',*,*,#4304,.F.);
#6006=ORIENTED_EDGE('',*,*,#4343,.T.);
#6007=ORIENTED_EDGE('',*,*,#4344,.F.);
#6008=ORIENTED_EDGE('',*,*,#4073,.T.);
#6009=ORIENTED_EDGE('',*,*,#4345,.T.);
#6010=ORIENTED_EDGE('',*,*,#4346,.T.);
#6011=ORIENTED_EDGE('',*,*,#4347,.F.);
#6012=ORIENTED_EDGE('',*,*,#4346,.F.);
#6013=ORIENTED_EDGE('',*,*,#4347,.T.);
#6014=ORIENTED_EDGE('',*,*,#4348,.T.);
#6015=ORIENTED_EDGE('',*,*,#4349,.T.);
#6016=ORIENTED_EDGE('',*,*,#4350,.T.);
#6017=ORIENTED_EDGE('',*,*,#4351,.F.);
#6018=ORIENTED_EDGE('',*,*,#4352,.T.);
#6019=ORIENTED_EDGE('',*,*,#4353,.T.);
#6020=ORIENTED_EDGE('',*,*,#4312,.T.);
#6021=ORIENTED_EDGE('',*,*,#4354,.T.);
#6022=ORIENTED_EDGE('',*,*,#4351,.T.);
#6023=ORIENTED_EDGE('',*,*,#4355,.T.);
#6024=ORIENTED_EDGE('',*,*,#4356,.T.);
#6025=ORIENTED_EDGE('',*,*,#4357,.F.);
#6026=ORIENTED_EDGE('',*,*,#4358,.T.);
#6027=ORIENTED_EDGE('',*,*,#4359,.T.);
#6028=ORIENTED_EDGE('',*,*,#4315,.T.);
#6029=ORIENTED_EDGE('',*,*,#4360,.T.);
#6030=ORIENTED_EDGE('',*,*,#4357,.T.);
#6031=ORIENTED_EDGE('',*,*,#4361,.T.);
#6032=ORIENTED_EDGE('',*,*,#4362,.T.);
#6033=ORIENTED_EDGE('',*,*,#4363,.F.);
#6034=ORIENTED_EDGE('',*,*,#4322,.T.);
#6035=ORIENTED_EDGE('',*,*,#4364,.T.);
#6036=ORIENTED_EDGE('',*,*,#4306,.T.);
#6037=ORIENTED_EDGE('',*,*,#4323,.T.);
#6038=ORIENTED_EDGE('',*,*,#4363,.T.);
#6039=ORIENTED_EDGE('',*,*,#4365,.T.);
#6040=ORIENTED_EDGE('',*,*,#4366,.T.);
#6041=ORIENTED_EDGE('',*,*,#4367,.F.);
#6042=ORIENTED_EDGE('',*,*,#4331,.T.);
#6043=ORIENTED_EDGE('',*,*,#4368,.T.);
#6044=ORIENTED_EDGE('',*,*,#4309,.T.);
#6045=ORIENTED_EDGE('',*,*,#4332,.T.);
#6046=ORIENTED_EDGE('',*,*,#4367,.T.);
#6047=ORIENTED_EDGE('',*,*,#4369,.T.);
#6048=ORIENTED_EDGE('',*,*,#4370,.T.);
#6049=ORIENTED_EDGE('',*,*,#4371,.F.);
#6050=ORIENTED_EDGE('',*,*,#4370,.F.);
#6051=ORIENTED_EDGE('',*,*,#4371,.T.);
#6052=ORIENTED_EDGE('',*,*,#4372,.T.);
#6053=ORIENTED_EDGE('',*,*,#4373,.T.);
#6054=ORIENTED_EDGE('',*,*,#4374,.T.);
#6055=ORIENTED_EDGE('',*,*,#4375,.F.);
#6056=ORIENTED_EDGE('',*,*,#4374,.F.);
#6057=ORIENTED_EDGE('',*,*,#4375,.T.);
#6058=ORIENTED_EDGE('',*,*,#4376,.T.);
#6059=ORIENTED_EDGE('',*,*,#4377,.T.);
#6060=ORIENTED_EDGE('',*,*,#4339,.T.);
#6061=ORIENTED_EDGE('',*,*,#4378,.F.);
#6062=ORIENTED_EDGE('',*,*,#4379,.T.);
#6063=ORIENTED_EDGE('',*,*,#4338,.T.);
#6064=ORIENTED_EDGE('',*,*,#4335,.T.);
#6065=ORIENTED_EDGE('',*,*,#4380,.T.);
#6066=ORIENTED_EDGE('',*,*,#4378,.T.);
#6067=ORIENTED_EDGE('',*,*,#4381,.T.);
#6068=ORIENTED_EDGE('',*,*,#4075,.T.);
#6069=ORIENTED_EDGE('',*,*,#4382,.F.);
#6070=ORIENTED_EDGE('',*,*,#4383,.T.);
#6071=ORIENTED_EDGE('',*,*,#4074,.T.);
#6072=ORIENTED_EDGE('',*,*,#4344,.T.);
#6073=ORIENTED_EDGE('',*,*,#4384,.T.);
#6074=ORIENTED_EDGE('',*,*,#4382,.T.);
#6075=ORIENTED_EDGE('',*,*,#4385,.T.);
#6076=ORIENTED_EDGE('',*,*,#4320,.T.);
#6077=ORIENTED_EDGE('',*,*,#4386,.F.);
#6078=ORIENTED_EDGE('',*,*,#4341,.T.);
#6079=ORIENTED_EDGE('',*,*,#4319,.T.);
#6080=ORIENTED_EDGE('',*,*,#4325,.T.);
#6081=ORIENTED_EDGE('',*,*,#4342,.T.);
#6082=ORIENTED_EDGE('',*,*,#4386,.T.);
#6083=ORIENTED_EDGE('',*,*,#4387,.T.);
#6084=ORIENTED_EDGE('',*,*,#4329,.T.);
#6085=ORIENTED_EDGE('',*,*,#4388,.F.);
#6086=ORIENTED_EDGE('',*,*,#4200,.T.);
#6087=ORIENTED_EDGE('',*,*,#4328,.T.);
#6088=ORIENTED_EDGE('',*,*,#4333,.T.);
#6089=ORIENTED_EDGE('',*,*,#4201,.T.);
#6090=ORIENTED_EDGE('',*,*,#4388,.T.);
#6091=ORIENTED_EDGE('',*,*,#4389,.T.);
#6092=ORIENTED_EDGE('',*,*,#4390,.T.);
#6093=ORIENTED_EDGE('',*,*,#4391,.F.);
#6094=ORIENTED_EDGE('',*,*,#4390,.F.);
#6095=ORIENTED_EDGE('',*,*,#4391,.T.);
#6096=ORIENTED_EDGE('',*,*,#4392,.T.);
#6097=ORIENTED_EDGE('',*,*,#4256,.F.);
#6098=ORIENTED_EDGE('',*,*,#4257,.F.);
#6099=ORIENTED_EDGE('',*,*,#4313,.F.);
#6100=ORIENTED_EDGE('',*,*,#4353,.F.);
#6101=ORIENTED_EDGE('',*,*,#4350,.F.);
#6102=ORIENTED_EDGE('',*,*,#4393,.F.);
#6103=ORIENTED_EDGE('',*,*,#4379,.F.);
#6104=ORIENTED_EDGE('',*,*,#4380,.F.);
#6105=ORIENTED_EDGE('',*,*,#4334,.F.);
#6106=ORIENTED_EDGE('',*,*,#4297,.F.);
#6107=ORIENTED_EDGE('',*,*,#4293,.F.);
#6108=ORIENTED_EDGE('',*,*,#4394,.F.);
#6109=ORIENTED_EDGE('',*,*,#4263,.F.);
#6110=ORIENTED_EDGE('',*,*,#4264,.F.);
#6111=ORIENTED_EDGE('',*,*,#4316,.F.);
#6112=ORIENTED_EDGE('',*,*,#4359,.F.);
#6113=ORIENTED_EDGE('',*,*,#4356,.F.);
#6114=ORIENTED_EDGE('',*,*,#4395,.F.);
#6115=ORIENTED_EDGE('',*,*,#4383,.F.);
#6116=ORIENTED_EDGE('',*,*,#4384,.F.);
#6117=ORIENTED_EDGE('',*,*,#4343,.F.);
#6118=ORIENTED_EDGE('',*,*,#4303,.F.);
#6119=ORIENTED_EDGE('',*,*,#4300,.F.);
#6120=ORIENTED_EDGE('',*,*,#4396,.F.);
#6121=ORIENTED_EDGE('',*,*,#4349,.F.);
#6122=ORIENTED_EDGE('',*,*,#4397,.T.);
#6123=ORIENTED_EDGE('',*,*,#4365,.F.);
#6124=ORIENTED_EDGE('',*,*,#4330,.T.);
#6125=ORIENTED_EDGE('',*,*,#4387,.F.);
#6126=ORIENTED_EDGE('',*,*,#4199,.T.);
#6127=ORIENTED_EDGE('',*,*,#4226,.F.);
#6128=ORIENTED_EDGE('',*,*,#4035,.T.);
#6129=ORIENTED_EDGE('',*,*,#4083,.T.);
#6130=ORIENTED_EDGE('',*,*,#4076,.T.);
#6131=ORIENTED_EDGE('',*,*,#4381,.F.);
#6132=ORIENTED_EDGE('',*,*,#4395,.T.);
#6133=ORIENTED_EDGE('',*,*,#4355,.F.);
#6134=ORIENTED_EDGE('',*,*,#4398,.T.);
#6135=ORIENTED_EDGE('',*,*,#4361,.F.);
#6136=ORIENTED_EDGE('',*,*,#4321,.T.);
#6137=ORIENTED_EDGE('',*,*,#4385,.F.);
#6138=ORIENTED_EDGE('',*,*,#4340,.T.);
#6139=ORIENTED_EDGE('',*,*,#4377,.F.);
#6140=ORIENTED_EDGE('',*,*,#4393,.T.);
#6141=ORIENTED_EDGE('',*,*,#4389,.F.);
#6142=ORIENTED_EDGE('',*,*,#4373,.F.);
#6143=ORIENTED_EDGE('',*,*,#4369,.F.);
#6144=ORIENTED_EDGE('',*,*,#4345,.F.);
#6145=ORIENTED_EDGE('',*,*,#4150,.T.);
#6146=ORIENTED_EDGE('',*,*,#4244,.T.);
#6147=ORIENTED_EDGE('',*,*,#4372,.F.);
#6148=ORIENTED_EDGE('',*,*,#4399,.T.);
#6149=ORIENTED_EDGE('',*,*,#4246,.F.);
#6150=ORIENTED_EDGE('',*,*,#4399,.F.);
#6151=ORIENTED_EDGE('',*,*,#4146,.T.);
#6152=ORIENTED_EDGE('',*,*,#4250,.T.);
#6153=ORIENTED_EDGE('',*,*,#4348,.F.);
#6154=ORIENTED_EDGE('',*,*,#4400,.T.);
#6155=ORIENTED_EDGE('',*,*,#4252,.F.);
#6156=ORIENTED_EDGE('',*,*,#4400,.F.);
#6157=ORIENTED_EDGE('',*,*,#4154,.T.);
#6158=ORIENTED_EDGE('',*,*,#4282,.T.);
#6159=ORIENTED_EDGE('',*,*,#4392,.F.);
#6160=ORIENTED_EDGE('',*,*,#4401,.T.);
#6161=ORIENTED_EDGE('',*,*,#4285,.F.);
#6162=ORIENTED_EDGE('',*,*,#4401,.F.);
#6163=ORIENTED_EDGE('',*,*,#4142,.T.);
#6164=ORIENTED_EDGE('',*,*,#4289,.T.);
#6165=ORIENTED_EDGE('',*,*,#4376,.F.);
#6166=ORIENTED_EDGE('',*,*,#4402,.T.);
#6167=ORIENTED_EDGE('',*,*,#4291,.F.);
#6168=ORIENTED_EDGE('',*,*,#4402,.F.);
#6169=ORIENTED_EDGE('',*,*,#4237,.F.);
#6170=ORIENTED_EDGE('',*,*,#4238,.F.);
#6171=ORIENTED_EDGE('',*,*,#4310,.F.);
#6172=ORIENTED_EDGE('',*,*,#4368,.F.);
#6173=ORIENTED_EDGE('',*,*,#4366,.F.);
#6174=ORIENTED_EDGE('',*,*,#4397,.F.);
#6175=ORIENTED_EDGE('',*,*,#4352,.F.);
#6176=ORIENTED_EDGE('',*,*,#4354,.F.);
#6177=ORIENTED_EDGE('',*,*,#4311,.F.);
#6178=ORIENTED_EDGE('',*,*,#4258,.F.);
#6179=ORIENTED_EDGE('',*,*,#4254,.F.);
#6180=ORIENTED_EDGE('',*,*,#4403,.F.);
#6181=ORIENTED_EDGE('',*,*,#4230,.F.);
#6182=ORIENTED_EDGE('',*,*,#4231,.F.);
#6183=ORIENTED_EDGE('',*,*,#4307,.F.);
#6184=ORIENTED_EDGE('',*,*,#4364,.F.);
#6185=ORIENTED_EDGE('',*,*,#4362,.F.);
#6186=ORIENTED_EDGE('',*,*,#4398,.F.);
#6187=ORIENTED_EDGE('',*,*,#4358,.F.);
#6188=ORIENTED_EDGE('',*,*,#4360,.F.);
#6189=ORIENTED_EDGE('',*,*,#4314,.F.);
#6190=ORIENTED_EDGE('',*,*,#4265,.F.);
#6191=ORIENTED_EDGE('',*,*,#4261,.F.);
#6192=ORIENTED_EDGE('',*,*,#4404,.F.);
#6193=ORIENTED_EDGE('',*,*,#4103,.F.);
#6194=ORIENTED_EDGE('',*,*,#4405,.F.);
#6195=ORIENTED_EDGE('',*,*,#4127,.F.);
#6196=ORIENTED_EDGE('',*,*,#4156,.F.);
#6197=ORIENTED_EDGE('',*,*,#4281,.F.);
#6198=ORIENTED_EDGE('',*,*,#4284,.F.);
#6199=ORIENTED_EDGE('',*,*,#4406,.T.);
#6200=ORIENTED_EDGE('',*,*,#4302,.F.);
#6201=ORIENTED_EDGE('',*,*,#4070,.T.);
#6202=ORIENTED_EDGE('',*,*,#4092,.F.);
#6203=ORIENTED_EDGE('',*,*,#4407,.F.);
#6204=ORIENTED_EDGE('',*,*,#4116,.F.);
#6205=ORIENTED_EDGE('',*,*,#4158,.F.);
#6206=ORIENTED_EDGE('',*,*,#4123,.F.);
#6207=ORIENTED_EDGE('',*,*,#4128,.F.);
#6208=ORIENTED_EDGE('',*,*,#4405,.T.);
#6209=ORIENTED_EDGE('',*,*,#4106,.F.);
#6210=ORIENTED_EDGE('',*,*,#4135,.T.);
#6211=ORIENTED_EDGE('',*,*,#4097,.F.);
#6212=ORIENTED_EDGE('',*,*,#4101,.F.);
#6213=ORIENTED_EDGE('',*,*,#4207,.T.);
#6214=ORIENTED_EDGE('',*,*,#4408,.F.);
#6215=ORIENTED_EDGE('',*,*,#4160,.F.);
#6216=ORIENTED_EDGE('',*,*,#4112,.F.);
#6217=ORIENTED_EDGE('',*,*,#4120,.F.);
#6218=ORIENTED_EDGE('',*,*,#4117,.F.);
#6219=ORIENTED_EDGE('',*,*,#4407,.T.);
#6220=ORIENTED_EDGE('',*,*,#4409,.T.);
#6221=ORIENTED_EDGE('',*,*,#4410,.T.);
#6222=ORIENTED_EDGE('',*,*,#4411,.F.);
#6223=ORIENTED_EDGE('',*,*,#4410,.F.);
#6224=ORIENTED_EDGE('',*,*,#4411,.T.);
#6225=ORIENTED_EDGE('',*,*,#4409,.F.);
#6226=ORIENTED_EDGE('',*,*,#4412,.T.);
#6227=ORIENTED_EDGE('',*,*,#4413,.T.);
#6228=ORIENTED_EDGE('',*,*,#4414,.T.);
#6229=ORIENTED_EDGE('',*,*,#4415,.F.);
#6230=ORIENTED_EDGE('',*,*,#4414,.F.);
#6231=ORIENTED_EDGE('',*,*,#4415,.T.);
#6232=ORIENTED_EDGE('',*,*,#4413,.F.);
#6233=ORIENTED_EDGE('',*,*,#4416,.T.);
#6234=ORIENTED_EDGE('',*,*,#4417,.T.);
#6235=ORIENTED_EDGE('',*,*,#4418,.T.);
#6236=ORIENTED_EDGE('',*,*,#4419,.F.);
#6237=ORIENTED_EDGE('',*,*,#4418,.F.);
#6238=ORIENTED_EDGE('',*,*,#4419,.T.);
#6239=ORIENTED_EDGE('',*,*,#4417,.F.);
#6240=ORIENTED_EDGE('',*,*,#4420,.T.);
#6241=ORIENTED_EDGE('',*,*,#4421,.T.);
#6242=ORIENTED_EDGE('',*,*,#4422,.T.);
#6243=ORIENTED_EDGE('',*,*,#4423,.F.);
#6244=ORIENTED_EDGE('',*,*,#4422,.F.);
#6245=ORIENTED_EDGE('',*,*,#4423,.T.);
#6246=ORIENTED_EDGE('',*,*,#4421,.F.);
#6247=ORIENTED_EDGE('',*,*,#4424,.T.);
#6248=ORIENTED_EDGE('',*,*,#4425,.T.);
#6249=ORIENTED_EDGE('',*,*,#4426,.T.);
#6250=ORIENTED_EDGE('',*,*,#4427,.F.);
#6251=ORIENTED_EDGE('',*,*,#4426,.F.);
#6252=ORIENTED_EDGE('',*,*,#4427,.T.);
#6253=ORIENTED_EDGE('',*,*,#4425,.F.);
#6254=ORIENTED_EDGE('',*,*,#4428,.T.);
#6255=ORIENTED_EDGE('',*,*,#4412,.F.);
#6256=ORIENTED_EDGE('',*,*,#4429,.T.);
#6257=ORIENTED_EDGE('',*,*,#4430,.F.);
#6258=ORIENTED_EDGE('',*,*,#4429,.F.);
#6259=ORIENTED_EDGE('',*,*,#4416,.F.);
#6260=ORIENTED_EDGE('',*,*,#4431,.T.);
#6261=ORIENTED_EDGE('',*,*,#4432,.F.);
#6262=ORIENTED_EDGE('',*,*,#4431,.F.);
#6263=ORIENTED_EDGE('',*,*,#4420,.F.);
#6264=ORIENTED_EDGE('',*,*,#4433,.T.);
#6265=ORIENTED_EDGE('',*,*,#4434,.F.);
#6266=ORIENTED_EDGE('',*,*,#4433,.F.);
#6267=ORIENTED_EDGE('',*,*,#4424,.F.);
#6268=ORIENTED_EDGE('',*,*,#4435,.T.);
#6269=ORIENTED_EDGE('',*,*,#4436,.F.);
#6270=ORIENTED_EDGE('',*,*,#4435,.F.);
#6271=ORIENTED_EDGE('',*,*,#4428,.F.);
#6272=ORIENTED_EDGE('',*,*,#4437,.T.);
#6273=ORIENTED_EDGE('',*,*,#4438,.F.);
#6274=ORIENTED_EDGE('',*,*,#4437,.F.);
#6275=ORIENTED_EDGE('',*,*,#4439,.T.);
#6276=ORIENTED_EDGE('',*,*,#4440,.T.);
#6277=ORIENTED_EDGE('',*,*,#4171,.F.);
#6278=ORIENTED_EDGE('',*,*,#4440,.F.);
#6279=ORIENTED_EDGE('',*,*,#4439,.F.);
#6280=ORIENTED_EDGE('',*,*,#4441,.T.);
#6281=ORIENTED_EDGE('',*,*,#4442,.T.);
#6282=ORIENTED_EDGE('',*,*,#4162,.F.);
#6283=ORIENTED_EDGE('',*,*,#4442,.F.);
#6284=ORIENTED_EDGE('',*,*,#4441,.F.);
#6285=ORIENTED_EDGE('',*,*,#4443,.F.);
#6286=ORIENTED_EDGE('',*,*,#4434,.T.);
#6287=ORIENTED_EDGE('',*,*,#4444,.F.);
#6288=ORIENTED_EDGE('',*,*,#4430,.T.);
#6289=ORIENTED_EDGE('',*,*,#4445,.F.);
#6290=ORIENTED_EDGE('',*,*,#4436,.T.);
#6291=ORIENTED_EDGE('',*,*,#4446,.F.);
#6292=ORIENTED_EDGE('',*,*,#4432,.T.);
#6293=ORIENTED_EDGE('',*,*,#4447,.F.);
#6294=ORIENTED_EDGE('',*,*,#4438,.T.);
#6295=ORIENTED_EDGE('',*,*,#4227,.F.);
#6296=ORIENTED_EDGE('',*,*,#4404,.T.);
#6297=ORIENTED_EDGE('',*,*,#4260,.F.);
#6298=ORIENTED_EDGE('',*,*,#4396,.T.);
#6299=ORIENTED_EDGE('',*,*,#4299,.F.);
#6300=ORIENTED_EDGE('',*,*,#4406,.F.);
#6301=ORIENTED_EDGE('',*,*,#4283,.F.);
#6302=ORIENTED_EDGE('',*,*,#4152,.F.);
#6303=ORIENTED_EDGE('',*,*,#4243,.F.);
#6304=ORIENTED_EDGE('',*,*,#4245,.F.);
#6305=ORIENTED_EDGE('',*,*,#4148,.F.);
#6306=ORIENTED_EDGE('',*,*,#4249,.F.);
#6307=ORIENTED_EDGE('',*,*,#4251,.F.);
#6308=ORIENTED_EDGE('',*,*,#4144,.F.);
#6309=ORIENTED_EDGE('',*,*,#4288,.F.);
#6310=ORIENTED_EDGE('',*,*,#4290,.F.);
#6311=ORIENTED_EDGE('',*,*,#4140,.F.);
#6312=ORIENTED_EDGE('',*,*,#4028,.T.);
#6313=ORIENTED_EDGE('',*,*,#4205,.T.);
#6314=ORIENTED_EDGE('',*,*,#4274,.F.);
#6315=ORIENTED_EDGE('',*,*,#4326,.T.);
#6316=ORIENTED_EDGE('',*,*,#4234,.F.);
#6317=ORIENTED_EDGE('',*,*,#4403,.T.);
#6318=ORIENTED_EDGE('',*,*,#4253,.F.);
#6319=ORIENTED_EDGE('',*,*,#4394,.T.);
#6320=ORIENTED_EDGE('',*,*,#4292,.F.);
#6321=ORIENTED_EDGE('',*,*,#4337,.T.);
#6322=ORIENTED_EDGE('',*,*,#4267,.F.);
#6323=ORIENTED_EDGE('',*,*,#4317,.T.);
#6324=ORIENTED_EDGE('',*,*,#4161,.F.);
#6325=ORIENTED_EDGE('',*,*,#4408,.T.);
#6326=ORIENTED_EDGE('',*,*,#4206,.T.);
#6327=ORIENTED_EDGE('',*,*,#4026,.F.);
#6328=ORIENTED_EDGE('',*,*,#4038,.T.);
#6329=ORIENTED_EDGE('',*,*,#4448,.T.);
#6330=ORIENTED_EDGE('',*,*,#4447,.T.);
#6331=ORIENTED_EDGE('',*,*,#4448,.F.);
#6332=ORIENTED_EDGE('',*,*,#4039,.T.);
#6333=ORIENTED_EDGE('',*,*,#4449,.T.);
#6334=ORIENTED_EDGE('',*,*,#4446,.T.);
#6335=ORIENTED_EDGE('',*,*,#4449,.F.);
#6336=ORIENTED_EDGE('',*,*,#4450,.T.);
#6337=ORIENTED_EDGE('',*,*,#4170,.T.);
#6338=ORIENTED_EDGE('',*,*,#4451,.F.);
#6339=ORIENTED_EDGE('',*,*,#4041,.T.);
#6340=ORIENTED_EDGE('',*,*,#4451,.T.);
#6341=ORIENTED_EDGE('',*,*,#4169,.T.);
#6342=ORIENTED_EDGE('',*,*,#4452,.F.);
#6343=ORIENTED_EDGE('',*,*,#4042,.T.);
#6344=ORIENTED_EDGE('',*,*,#4452,.T.);
#6345=ORIENTED_EDGE('',*,*,#4168,.T.);
#6346=ORIENTED_EDGE('',*,*,#4453,.F.);
#6347=ORIENTED_EDGE('',*,*,#4043,.T.);
#6348=ORIENTED_EDGE('',*,*,#4453,.T.);
#6349=ORIENTED_EDGE('',*,*,#4167,.T.);
#6350=ORIENTED_EDGE('',*,*,#4454,.F.);
#6351=ORIENTED_EDGE('',*,*,#4044,.T.);
#6352=ORIENTED_EDGE('',*,*,#4454,.T.);
#6353=ORIENTED_EDGE('',*,*,#4166,.T.);
#6354=ORIENTED_EDGE('',*,*,#4455,.F.);
#6355=ORIENTED_EDGE('',*,*,#4045,.T.);
#6356=ORIENTED_EDGE('',*,*,#4455,.T.);
#6357=ORIENTED_EDGE('',*,*,#4165,.T.);
#6358=ORIENTED_EDGE('',*,*,#4456,.F.);
#6359=ORIENTED_EDGE('',*,*,#4046,.T.);
#6360=ORIENTED_EDGE('',*,*,#4456,.T.);
#6361=ORIENTED_EDGE('',*,*,#4164,.T.);
#6362=ORIENTED_EDGE('',*,*,#4457,.T.);
#6363=ORIENTED_EDGE('',*,*,#4047,.T.);
#6364=ORIENTED_EDGE('',*,*,#4457,.F.);
#6365=ORIENTED_EDGE('',*,*,#4163,.T.);
#6366=ORIENTED_EDGE('',*,*,#4450,.F.);
#6367=ORIENTED_EDGE('',*,*,#4040,.T.);
#6368=ORIENTED_EDGE('',*,*,#4048,.T.);
#6369=ORIENTED_EDGE('',*,*,#4458,.T.);
#6370=ORIENTED_EDGE('',*,*,#4445,.T.);
#6371=ORIENTED_EDGE('',*,*,#4458,.F.);
#6372=ORIENTED_EDGE('',*,*,#4049,.T.);
#6373=ORIENTED_EDGE('',*,*,#4459,.T.);
#6374=ORIENTED_EDGE('',*,*,#4444,.T.);
#6375=ORIENTED_EDGE('',*,*,#4459,.F.);
#6376=ORIENTED_EDGE('',*,*,#4050,.T.);
#6377=ORIENTED_EDGE('',*,*,#4460,.T.);
#6378=ORIENTED_EDGE('',*,*,#4443,.T.);
#6379=ORIENTED_EDGE('',*,*,#4460,.F.);
#6380=ORIENTED_EDGE('',*,*,#4006,.T.);
#6381=ORIENTED_EDGE('',*,*,#4024,.T.);
#6382=ORIENTED_EDGE('',*,*,#4183,.T.);
#6383=ORIENTED_EDGE('',*,*,#4461,.F.);
#6384=ORIENTED_EDGE('',*,*,#4031,.T.);
#6385=ORIENTED_EDGE('',*,*,#4461,.T.);
#6386=ORIENTED_EDGE('',*,*,#4182,.T.);
#6387=ORIENTED_EDGE('',*,*,#4085,.F.);
#6388=ORIENTED_EDGE('',*,*,#4032,.T.);
#6389=ORIENTED_EDGE('',*,*,#4011,.T.);
#6390=ORIENTED_EDGE('',*,*,#4225,.T.);
#6391=ORIENTED_EDGE('',*,*,#4185,.T.);
#6392=ORIENTED_EDGE('',*,*,#4462,.F.);
#6393=ORIENTED_EDGE('',*,*,#4016,.T.);
#6394=ORIENTED_EDGE('',*,*,#4462,.T.);
#6395=ORIENTED_EDGE('',*,*,#4184,.T.);
#6396=ORIENTED_EDGE('',*,*,#4022,.T.);
#6397=ORIENTED_EDGE('',*,*,#4008,.T.);
#6398=ORIENTED_EDGE('',*,*,#4037,.T.);
#6399=TOROIDAL_SURFACE('',#6791,3.95,2.);
#6400=ADVANCED_FACE('',(#1605),#6399,.T.);
#6401=ADVANCED_FACE('',(#1606),#1423,.F.);
#6402=ADVANCED_FACE('',(#1607),#116,.F.);
#6403=ADVANCED_FACE('',(#1608),#1424,.T.);
#6404=ADVANCED_FACE('',(#1609),#1425,.T.);
#6405=ADVANCED_FACE('',(#1610),#1426,.T.);
#6406=ADVANCED_FACE('',(#1611),#1427,.T.);
#6407=ADVANCED_FACE('',(#1612),#1428,.T.);
#6408=ADVANCED_FACE('',(#1613),#1429,.T.);
#6409=ADVANCED_FACE('',(#1614),#117,.F.);
#6410=ADVANCED_FACE('',(#1615),#118,.F.);
#6411=ADVANCED_FACE('',(#1616),#119,.F.);
#6412=ADVANCED_FACE('',(#1617),#120,.F.);
#6413=ADVANCED_FACE('',(#1618),#121,.F.);
#6414=ADVANCED_FACE('',(#1619,#17,#18),#122,.T.);
#6415=ADVANCED_FACE('',(#1620),#123,.T.);
#6416=ADVANCED_FACE('',(#1621),#1430,.F.);
#6417=ADVANCED_FACE('',(#1622),#1431,.F.);
#6418=ADVANCED_FACE('',(#1623),#1432,.F.);
#6419=ADVANCED_FACE('',(#1624),#124,.F.);
#6420=ADVANCED_FACE('',(#1625),#1433,.F.);
#6421=ADVANCED_FACE('',(#1626),#1434,.F.);
#6422=ADVANCED_FACE('',(#1627),#125,.T.);
#6423=ADVANCED_FACE('',(#1628),#1435,.F.);
#6424=ADVANCED_FACE('',(#1629),#126,.T.);
#6425=ADVANCED_FACE('',(#1630),#127,.T.);
#6426=ADVANCED_FACE('',(#1631),#1436,.T.);
#6427=ADVANCED_FACE('',(#1632),#1437,.F.);
#6428=ADVANCED_FACE('',(#1633),#128,.F.);
#6429=ADVANCED_FACE('',(#1634),#129,.T.);
#6430=ADVANCED_FACE('',(#1635),#1438,.F.);
#6431=ADVANCED_FACE('',(#1636),#130,.F.);
#6432=ADVANCED_FACE('',(#1637),#1439,.F.);
#6433=ADVANCED_FACE('',(#1638,#19),#131,.F.);
#6434=ADVANCED_FACE('',(#1639),#132,.T.);
#6435=ADVANCED_FACE('',(#1640),#1440,.F.);
#6436=ADVANCED_FACE('',(#1641,#20),#133,.F.);
#6437=ADVANCED_FACE('',(#1642),#1441,.F.);
#6438=ADVANCED_FACE('',(#1643),#1442,.F.);
#6439=ADVANCED_FACE('',(#1644,#21),#134,.T.);
#6440=ADVANCED_FACE('',(#1645,#22,#23,#24),#135,.T.);
#6441=ADVANCED_FACE('',(#1646),#1443,.F.);
#6442=ADVANCED_FACE('',(#1647),#136,.T.);
#6443=ADVANCED_FACE('',(#1648),#1444,.F.);
#6444=ADVANCED_FACE('',(#1649,#25),#137,.T.);
#6445=ADVANCED_FACE('',(#1650),#1445,.F.);
#6446=ADVANCED_FACE('',(#1651),#138,.T.);
#6447=ADVANCED_FACE('',(#1652),#1446,.F.);
#6448=ADVANCED_FACE('',(#1653,#26),#139,.T.);
#6449=ADVANCED_FACE('',(#1654,#27,#28),#140,.T.);
#6450=ADVANCED_FACE('',(#1655),#141,.T.);
#6451=ADVANCED_FACE('',(#1656),#1447,.F.);
#6452=ADVANCED_FACE('',(#1657),#142,.T.);
#6453=ADVANCED_FACE('',(#1658),#1448,.F.);
#6454=ADVANCED_FACE('',(#1659),#1449,.F.);
#6455=ADVANCED_FACE('',(#1660),#143,.F.);
#6456=ADVANCED_FACE('',(#1661),#1450,.F.);
#6457=ADVANCED_FACE('',(#1662,#29),#144,.F.);
#6458=ADVANCED_FACE('',(#1663),#1451,.F.);
#6459=ADVANCED_FACE('',(#1664),#1452,.F.);
#6460=ADVANCED_FACE('',(#1665,#30),#145,.T.);
#6461=ADVANCED_FACE('',(#1666),#1453,.F.);
#6462=ADVANCED_FACE('',(#1667),#146,.T.);
#6463=ADVANCED_FACE('',(#1668),#1454,.F.);
#6464=ADVANCED_FACE('',(#1669),#147,.T.);
#6465=ADVANCED_FACE('',(#1670),#148,.T.);
#6466=ADVANCED_FACE('',(#1671,#31),#149,.T.);
#6467=ADVANCED_FACE('',(#1672),#1455,.F.);
#6468=ADVANCED_FACE('',(#1673),#150,.F.);
#6469=ADVANCED_FACE('',(#1674),#1456,.F.);
#6470=ADVANCED_FACE('',(#1675),#151,.F.);
#6471=ADVANCED_FACE('',(#1676),#1457,.F.);
#6472=ADVANCED_FACE('',(#1677,#32),#152,.F.);
#6473=ADVANCED_FACE('',(#1678),#1458,.F.);
#6474=ADVANCED_FACE('',(#1679,#33),#153,.F.);
#6475=ADVANCED_FACE('',(#1680),#1459,.F.);
#6476=ADVANCED_FACE('',(#1681),#154,.F.);
#6477=ADVANCED_FACE('',(#1682),#1460,.F.);
#6478=ADVANCED_FACE('',(#1683),#155,.F.);
#6479=ADVANCED_FACE('',(#1684),#1461,.F.);
#6480=ADVANCED_FACE('',(#1685),#156,.F.);
#6481=ADVANCED_FACE('',(#1686),#1462,.F.);
#6482=ADVANCED_FACE('',(#1687),#157,.F.);
#6483=ADVANCED_FACE('',(#1688),#1463,.F.);
#6484=ADVANCED_FACE('',(#1689,#34),#158,.F.);
#6485=ADVANCED_FACE('',(#1690),#1464,.F.);
#6486=ADVANCED_FACE('',(#1691,#35),#159,.F.);
#6487=ADVANCED_FACE('',(#1692),#1465,.F.);
#6488=ADVANCED_FACE('',(#1693),#160,.F.);
#6489=ADVANCED_FACE('',(#1694),#1466,.F.);
#6490=ADVANCED_FACE('',(#1695),#161,.F.);
#6491=ADVANCED_FACE('',(#1696),#1467,.F.);
#6492=ADVANCED_FACE('',(#1697),#1468,.F.);
#6493=ADVANCED_FACE('',(#1698),#1469,.F.);
#6494=ADVANCED_FACE('',(#1699),#1470,.F.);
#6495=ADVANCED_FACE('',(#1700),#162,.T.);
#6496=ADVANCED_FACE('',(#1701),#1471,.F.);
#6497=ADVANCED_FACE('',(#1702),#163,.T.);
#6498=ADVANCED_FACE('',(#1703),#1472,.F.);
#6499=ADVANCED_FACE('',(#1704),#1473,.F.);
#6500=ADVANCED_FACE('',(#1705),#164,.T.);
#6501=ADVANCED_FACE('',(#1706),#1474,.F.);
#6502=ADVANCED_FACE('',(#1707),#1475,.F.);
#6503=ADVANCED_FACE('',(#1708,#36),#165,.T.);
#6504=ADVANCED_FACE('',(#1709),#1476,.F.);
#6505=ADVANCED_FACE('',(#1710),#166,.T.);
#6506=ADVANCED_FACE('',(#1711),#1477,.F.);
#6507=ADVANCED_FACE('',(#1712),#167,.T.);
#6508=ADVANCED_FACE('',(#1713),#1478,.F.);
#6509=ADVANCED_FACE('',(#1714),#168,.T.);
#6510=ADVANCED_FACE('',(#1715),#1479,.F.);
#6511=ADVANCED_FACE('',(#1716),#169,.T.);
#6512=ADVANCED_FACE('',(#1717),#1480,.F.);
#6513=ADVANCED_FACE('',(#1718,#37),#170,.T.);
#6514=ADVANCED_FACE('',(#1719),#1481,.F.);
#6515=ADVANCED_FACE('',(#1720,#38),#171,.T.);
#6516=ADVANCED_FACE('',(#1721),#1482,.F.);
#6517=ADVANCED_FACE('',(#1722),#172,.T.);
#6518=ADVANCED_FACE('',(#1723),#1483,.F.);
#6519=ADVANCED_FACE('',(#1724),#173,.T.);
#6520=ADVANCED_FACE('',(#1725),#1484,.F.);
#6521=ADVANCED_FACE('',(#1726),#174,.T.);
#6522=ADVANCED_FACE('',(#1727),#1485,.F.);
#6523=ADVANCED_FACE('',(#1728),#175,.T.);
#6524=ADVANCED_FACE('',(#1729),#1486,.F.);
#6525=ADVANCED_FACE('',(#1730,#39),#176,.T.);
#6526=ADVANCED_FACE('',(#1731),#177,.T.);
#6527=ADVANCED_FACE('',(#1732),#178,.T.);
#6528=ADVANCED_FACE('',(#1733,#40,#41,#42,#43),#179,.T.);
#6529=ADVANCED_FACE('',(#1734),#180,.T.);
#6530=ADVANCED_FACE('',(#1735),#1487,.F.);
#6531=ADVANCED_FACE('',(#1736),#181,.T.);
#6532=ADVANCED_FACE('',(#1737),#1488,.F.);
#6533=ADVANCED_FACE('',(#1738),#182,.T.);
#6534=ADVANCED_FACE('',(#1739),#1489,.F.);
#6535=ADVANCED_FACE('',(#1740),#183,.T.);
#6536=ADVANCED_FACE('',(#1741),#1490,.F.);
#6537=ADVANCED_FACE('',(#1742),#184,.T.);
#6538=ADVANCED_FACE('',(#1743),#185,.T.);
#6539=ADVANCED_FACE('',(#1744),#1491,.F.);
#6540=ADVANCED_FACE('',(#1745),#1492,.F.);
#6541=ADVANCED_FACE('',(#1746),#1493,.F.);
#6542=ADVANCED_FACE('',(#1747),#186,.F.);
#6543=ADVANCED_FACE('',(#1748,#44),#187,.T.);
#6544=ADVANCED_FACE('',(#1749),#1494,.F.);
#6545=ADVANCED_FACE('',(#1750),#188,.F.);
#6546=ADVANCED_FACE('',(#1751,#45),#189,.T.);
#6547=ADVANCED_FACE('',(#1752),#1495,.F.);
#6548=ADVANCED_FACE('',(#1753),#190,.F.);
#6549=ADVANCED_FACE('',(#1754,#46),#191,.T.);
#6550=ADVANCED_FACE('',(#1755),#1496,.F.);
#6551=ADVANCED_FACE('',(#1756),#192,.F.);
#6552=ADVANCED_FACE('',(#1757,#47),#193,.T.);
#6553=ADVANCED_FACE('',(#1758),#1497,.F.);
#6554=ADVANCED_FACE('',(#1759),#194,.F.);
#6555=ADVANCED_FACE('',(#1760,#48),#195,.T.);
#6556=ADVANCED_FACE('',(#1761),#1498,.F.);
#6557=ADVANCED_FACE('',(#1762),#1499,.F.);
#6558=ADVANCED_FACE('',(#1763),#1500,.F.);
#6559=ADVANCED_FACE('',(#1764),#1501,.F.);
#6560=ADVANCED_FACE('',(#1765),#1502,.F.);
#6561=ADVANCED_FACE('',(#1766),#1503,.T.);
#6562=ADVANCED_FACE('',(#1767),#196,.T.);
#6563=ADVANCED_FACE('',(#1768),#1504,.T.);
#6564=ADVANCED_FACE('',(#1769),#197,.T.);
#6565=ADVANCED_FACE('',(#1770,#49),#198,.F.);
#6566=ADVANCED_FACE('',(#1771,#50),#199,.F.);
#6567=ADVANCED_FACE('',(#1772,#51),#200,.F.);
#6568=ADVANCED_FACE('',(#1773,#52),#201,.F.);
#6569=ADVANCED_FACE('',(#1774,#53),#202,.F.);
#6570=ADVANCED_FACE('',(#1775),#203,.T.);
#6571=ADVANCED_FACE('',(#1776),#204,.T.);
#6572=ADVANCED_FACE('',(#1777),#205,.T.);
#6573=ADVANCED_FACE('',(#1778),#1505,.F.);
#6574=ADVANCED_FACE('',(#1779),#1506,.F.);
#6575=ADVANCED_FACE('',(#1780),#1507,.F.);
#6576=ADVANCED_FACE('',(#1781),#206,.T.);
#6577=ADVANCED_FACE('',(#1782),#1508,.F.);
#6578=ADVANCED_FACE('',(#1783),#207,.T.);
#6579=ADVANCED_FACE('',(#1784),#1509,.F.);
#6580=ADVANCED_FACE('',(#1785),#208,.T.);
#6581=ADVANCED_FACE('',(#1786),#1510,.F.);
#6582=ADVANCED_FACE('',(#1787),#209,.T.);
#6583=ADVANCED_FACE('',(#1788),#1511,.F.);
#6584=ADVANCED_FACE('',(#1789),#1512,.F.);
#6585=ADVANCED_FACE('',(#1790),#1513,.F.);
#6586=ADVANCED_FACE('',(#1791),#210,.T.);
#6587=ADVANCED_FACE('',(#1792),#211,.T.);
#6588=ADVANCED_FACE('',(#1793),#1514,.T.);
#6589=ADVANCED_FACE('',(#1794),#212,.T.);
#6590=ADVANCED_FACE('',(#1795),#1515,.T.);
#6591=ADVANCED_FACE('',(#1796,#54,#55,#56,#57,#58,#59,#60,#61),#213,.F.);
#6592=ADVANCED_FACE('',(#1797),#1516,.F.);
#6593=ADVANCED_FACE('',(#1798),#1517,.F.);
#6594=ADVANCED_FACE('',(#1799),#1518,.F.);
#6595=ADVANCED_FACE('',(#1800,#62),#214,.T.);
#6596=ADVANCED_FACE('',(#1801),#1519,.F.);
#6597=ADVANCED_FACE('',(#1802,#63),#215,.T.);
#6598=ADVANCED_FACE('',(#1803),#1520,.F.);
#6599=ADVANCED_FACE('',(#1804),#1521,.F.);
#6600=ADVANCED_FACE('',(#1805,#64),#216,.T.);
#6601=ADVANCED_FACE('',(#1806),#1522,.T.);
#6602=ADVANCED_FACE('',(#1807),#217,.F.);
#6603=ADVANCED_FACE('',(#1808,#65,#66,#67,#68,#69,#70,#71),#218,.T.);
#6604=ADVANCED_FACE('',(#1809),#219,.T.);
#6605=ADVANCED_FACE('',(#1810),#1523,.F.);
#6606=ADVANCED_FACE('',(#1811),#1524,.F.);
#6607=ADVANCED_FACE('',(#1812),#220,.F.);
#6608=ADVANCED_FACE('',(#1813),#1525,.F.);
#6609=ADVANCED_FACE('',(#1814),#221,.F.);
#6610=ADVANCED_FACE('',(#1815),#222,.F.);
#6611=ADVANCED_FACE('',(#1816),#1526,.T.);
#6612=ADVANCED_FACE('',(#1817,#72,#73),#223,.F.);
#6613=ADVANCED_FACE('',(#1818),#1527,.F.);
#6614=ADVANCED_FACE('',(#1819),#224,.T.);
#6615=ADVANCED_FACE('',(#1820),#225,.F.);
#6616=ADVANCED_FACE('',(#1821),#1528,.F.);
#6617=ADVANCED_FACE('',(#1822),#226,.T.);
#6618=ADVANCED_FACE('',(#1823),#1529,.F.);
#6619=ADVANCED_FACE('',(#1824,#74),#227,.T.);
#6620=ADVANCED_FACE('',(#1825),#228,.F.);
#6621=ADVANCED_FACE('',(#1826),#1530,.F.);
#6622=ADVANCED_FACE('',(#1827,#75),#229,.T.);
#6623=ADVANCED_FACE('',(#1828),#1531,.F.);
#6624=ADVANCED_FACE('',(#1829),#1532,.F.);
#6625=ADVANCED_FACE('',(#1830,#76),#230,.F.);
#6626=ADVANCED_FACE('',(#1831,#77,#78,#79),#231,.F.);
#6627=ADVANCED_FACE('',(#1832),#1533,.F.);
#6628=ADVANCED_FACE('',(#1833),#232,.F.);
#6629=ADVANCED_FACE('',(#1834),#1534,.F.);
#6630=ADVANCED_FACE('',(#1835,#80),#233,.F.);
#6631=ADVANCED_FACE('',(#1836),#1535,.F.);
#6632=ADVANCED_FACE('',(#1837),#234,.F.);
#6633=ADVANCED_FACE('',(#1838),#1536,.F.);
#6634=ADVANCED_FACE('',(#1839,#81),#235,.F.);
#6635=ADVANCED_FACE('',(#1840,#82,#83),#236,.F.);
#6636=ADVANCED_FACE('',(#1841),#237,.F.);
#6637=ADVANCED_FACE('',(#1842),#1537,.F.);
#6638=ADVANCED_FACE('',(#1843),#238,.F.);
#6639=ADVANCED_FACE('',(#1844),#1538,.F.);
#6640=ADVANCED_FACE('',(#1845),#1539,.F.);
#6641=ADVANCED_FACE('',(#1846),#239,.T.);
#6642=ADVANCED_FACE('',(#1847),#1540,.F.);
#6643=ADVANCED_FACE('',(#1848,#84),#240,.T.);
#6644=ADVANCED_FACE('',(#1849),#1541,.F.);
#6645=ADVANCED_FACE('',(#1850),#1542,.F.);
#6646=ADVANCED_FACE('',(#1851,#85),#241,.F.);
#6647=ADVANCED_FACE('',(#1852),#1543,.F.);
#6648=ADVANCED_FACE('',(#1853),#242,.F.);
#6649=ADVANCED_FACE('',(#1854),#1544,.F.);
#6650=ADVANCED_FACE('',(#1855),#243,.F.);
#6651=ADVANCED_FACE('',(#1856),#244,.F.);
#6652=ADVANCED_FACE('',(#1857,#86),#245,.F.);
#6653=ADVANCED_FACE('',(#1858),#1545,.F.);
#6654=ADVANCED_FACE('',(#1859),#246,.T.);
#6655=ADVANCED_FACE('',(#1860),#1546,.F.);
#6656=ADVANCED_FACE('',(#1861),#247,.T.);
#6657=ADVANCED_FACE('',(#1862),#1547,.F.);
#6658=ADVANCED_FACE('',(#1863,#87),#248,.T.);
#6659=ADVANCED_FACE('',(#1864),#1548,.F.);
#6660=ADVANCED_FACE('',(#1865,#88),#249,.T.);
#6661=ADVANCED_FACE('',(#1866),#1549,.F.);
#6662=ADVANCED_FACE('',(#1867),#250,.T.);
#6663=ADVANCED_FACE('',(#1868),#1550,.F.);
#6664=ADVANCED_FACE('',(#1869),#251,.T.);
#6665=ADVANCED_FACE('',(#1870),#1551,.F.);
#6666=ADVANCED_FACE('',(#1871),#252,.T.);
#6667=ADVANCED_FACE('',(#1872),#1552,.F.);
#6668=ADVANCED_FACE('',(#1873),#253,.T.);
#6669=ADVANCED_FACE('',(#1874),#1553,.F.);
#6670=ADVANCED_FACE('',(#1875,#89),#254,.T.);
#6671=ADVANCED_FACE('',(#1876),#1554,.F.);
#6672=ADVANCED_FACE('',(#1877,#90),#255,.T.);
#6673=ADVANCED_FACE('',(#1878),#1555,.F.);
#6674=ADVANCED_FACE('',(#1879),#256,.T.);
#6675=ADVANCED_FACE('',(#1880),#1556,.F.);
#6676=ADVANCED_FACE('',(#1881),#257,.T.);
#6677=ADVANCED_FACE('',(#1882),#1557,.F.);
#6678=ADVANCED_FACE('',(#1883),#1558,.F.);
#6679=ADVANCED_FACE('',(#1884),#1559,.F.);
#6680=ADVANCED_FACE('',(#1885),#1560,.F.);
#6681=ADVANCED_FACE('',(#1886),#258,.F.);
#6682=ADVANCED_FACE('',(#1887),#1561,.F.);
#6683=ADVANCED_FACE('',(#1888),#259,.F.);
#6684=ADVANCED_FACE('',(#1889),#1562,.F.);
#6685=ADVANCED_FACE('',(#1890),#1563,.F.);
#6686=ADVANCED_FACE('',(#1891),#260,.F.);
#6687=ADVANCED_FACE('',(#1892),#1564,.F.);
#6688=ADVANCED_FACE('',(#1893),#1565,.F.);
#6689=ADVANCED_FACE('',(#1894,#91),#261,.F.);
#6690=ADVANCED_FACE('',(#1895),#1566,.F.);
#6691=ADVANCED_FACE('',(#1896),#262,.F.);
#6692=ADVANCED_FACE('',(#1897),#1567,.F.);
#6693=ADVANCED_FACE('',(#1898),#263,.F.);
#6694=ADVANCED_FACE('',(#1899),#1568,.F.);
#6695=ADVANCED_FACE('',(#1900),#264,.F.);
#6696=ADVANCED_FACE('',(#1901),#1569,.F.);
#6697=ADVANCED_FACE('',(#1902),#265,.F.);
#6698=ADVANCED_FACE('',(#1903),#1570,.F.);
#6699=ADVANCED_FACE('',(#1904,#92),#266,.F.);
#6700=ADVANCED_FACE('',(#1905),#1571,.F.);
#6701=ADVANCED_FACE('',(#1906,#93),#267,.F.);
#6702=ADVANCED_FACE('',(#1907),#1572,.F.);
#6703=ADVANCED_FACE('',(#1908),#268,.F.);
#6704=ADVANCED_FACE('',(#1909),#1573,.F.);
#6705=ADVANCED_FACE('',(#1910),#269,.F.);
#6706=ADVANCED_FACE('',(#1911),#1574,.F.);
#6707=ADVANCED_FACE('',(#1912),#270,.F.);
#6708=ADVANCED_FACE('',(#1913),#1575,.F.);
#6709=ADVANCED_FACE('',(#1914),#271,.F.);
#6710=ADVANCED_FACE('',(#1915),#1576,.F.);
#6711=ADVANCED_FACE('',(#1916,#94),#272,.F.);
#6712=ADVANCED_FACE('',(#1917),#273,.F.);
#6713=ADVANCED_FACE('',(#1918),#274,.F.);
#6714=ADVANCED_FACE('',(#1919,#95,#96,#97,#98),#275,.F.);
#6715=ADVANCED_FACE('',(#1920),#276,.F.);
#6716=ADVANCED_FACE('',(#1921),#1577,.F.);
#6717=ADVANCED_FACE('',(#1922),#277,.F.);
#6718=ADVANCED_FACE('',(#1923),#1578,.F.);
#6719=ADVANCED_FACE('',(#1924),#278,.F.);
#6720=ADVANCED_FACE('',(#1925),#1579,.F.);
#6721=ADVANCED_FACE('',(#1926),#279,.F.);
#6722=ADVANCED_FACE('',(#1927),#1580,.F.);
#6723=ADVANCED_FACE('',(#1928),#280,.F.);
#6724=ADVANCED_FACE('',(#1929),#281,.F.);
#6725=ADVANCED_FACE('',(#1930),#1581,.F.);
#6726=ADVANCED_FACE('',(#1931),#282,.F.);
#6727=ADVANCED_FACE('',(#1932),#1582,.F.);
#6728=ADVANCED_FACE('',(#1933),#1583,.F.);
#6729=ADVANCED_FACE('',(#1934),#283,.T.);
#6730=ADVANCED_FACE('',(#1935,#99),#284,.F.);
#6731=ADVANCED_FACE('',(#1936),#1584,.F.);
#6732=ADVANCED_FACE('',(#1937),#285,.T.);
#6733=ADVANCED_FACE('',(#1938,#100),#286,.F.);
#6734=ADVANCED_FACE('',(#1939),#1585,.F.);
#6735=ADVANCED_FACE('',(#1940),#287,.T.);
#6736=ADVANCED_FACE('',(#1941,#101),#288,.F.);
#6737=ADVANCED_FACE('',(#1942),#1586,.F.);
#6738=ADVANCED_FACE('',(#1943),#289,.T.);
#6739=ADVANCED_FACE('',(#1944,#102),#290,.F.);
#6740=ADVANCED_FACE('',(#1945),#1587,.F.);
#6741=ADVANCED_FACE('',(#1946),#291,.T.);
#6742=ADVANCED_FACE('',(#1947,#103),#292,.F.);
#6743=ADVANCED_FACE('',(#1948),#1588,.F.);
#6744=ADVANCED_FACE('',(#1949),#1589,.F.);
#6745=ADVANCED_FACE('',(#1950),#1590,.F.);
#6746=ADVANCED_FACE('',(#1951),#1591,.F.);
#6747=ADVANCED_FACE('',(#1952),#1592,.F.);
#6748=ADVANCED_FACE('',(#1953),#1593,.T.);
#6749=ADVANCED_FACE('',(#1954),#293,.F.);
#6750=ADVANCED_FACE('',(#1955),#1594,.T.);
#6751=ADVANCED_FACE('',(#1956),#294,.F.);
#6752=ADVANCED_FACE('',(#1957,#104),#295,.T.);
#6753=ADVANCED_FACE('',(#1958,#105),#296,.T.);
#6754=ADVANCED_FACE('',(#1959,#106),#297,.T.);
#6755=ADVANCED_FACE('',(#1960,#107),#298,.T.);
#6756=ADVANCED_FACE('',(#1961,#108),#299,.T.);
#6757=ADVANCED_FACE('',(#1962),#300,.F.);
#6758=ADVANCED_FACE('',(#1963),#301,.F.);
#6759=ADVANCED_FACE('',(#1964),#1595,.F.);
#6760=ADVANCED_FACE('',(#1965),#1596,.F.);
#6761=ADVANCED_FACE('',(#1966),#1597,.F.);
#6762=ADVANCED_FACE('',(#1967),#302,.F.);
#6763=ADVANCED_FACE('',(#1968),#1598,.F.);
#6764=ADVANCED_FACE('',(#1969),#303,.F.);
#6765=ADVANCED_FACE('',(#1970),#1599,.F.);
#6766=ADVANCED_FACE('',(#1971),#304,.F.);
#6767=ADVANCED_FACE('',(#1972),#1600,.F.);
#6768=ADVANCED_FACE('',(#1973),#305,.F.);
#6769=ADVANCED_FACE('',(#1974),#1601,.F.);
#6770=ADVANCED_FACE('',(#1975),#1602,.F.);
#6771=ADVANCED_FACE('',(#1976),#1603,.F.);
#6772=ADVANCED_FACE('',(#1977),#306,.F.);
#6773=ADVANCED_FACE('',(#1978),#307,.F.);
#6774=ADVANCED_FACE('',(#1979),#1604,.T.);
#6775=ADVANCED_FACE('',(#1980),#308,.F.);
#6776=CLOSED_SHELL('',(#6400,#6401,#6402,#6403,#6404,#6405,#6406,#6407,
#6408,#6409,#6410,#6411,#6412,#6413,#6414,#6415,#6416,#6417,#6418,#6419,
#6420,#6421,#6422,#6423,#6424,#6425,#6426,#6427,#6428,#6429,#6430,#6431,
#6432,#6433,#6434,#6435,#6436,#6437,#6438,#6439,#6440,#6441,#6442,#6443,
#6444,#6445,#6446,#6447,#6448,#6449,#6450,#6451,#6452,#6453,#6454,#6455,
#6456,#6457,#6458,#6459,#6460,#6461,#6462,#6463,#6464,#6465,#6466,#6467,
#6468,#6469,#6470,#6471,#6472,#6473,#6474,#6475,#6476,#6477,#6478,#6479,
#6480,#6481,#6482,#6483,#6484,#6485,#6486,#6487,#6488,#6489,#6490,#6491,
#6492,#6493,#6494,#6495,#6496,#6497,#6498,#6499,#6500,#6501,#6502,#6503,
#6504,#6505,#6506,#6507,#6508,#6509,#6510,#6511,#6512,#6513,#6514,#6515,
#6516,#6517,#6518,#6519,#6520,#6521,#6522,#6523,#6524,#6525,#6526,#6527,
#6528,#6529,#6530,#6531,#6532,#6533,#6534,#6535,#6536,#6537,#6538,#6539,
#6540,#6541,#6542,#6543,#6544,#6545,#6546,#6547,#6548,#6549,#6550,#6551,
#6552,#6553,#6554,#6555,#6556,#6557,#6558,#6559,#6560,#6561,#6562,#6563,
#6564,#6565,#6566,#6567,#6568,#6569,#6570,#6571,#6572,#6573,#6574,#6575,
#6576,#6577,#6578,#6579,#6580,#6581,#6582,#6583,#6584,#6585,#6586,#6587,
#6588,#6589,#6590,#6591));
#6777=CLOSED_SHELL('',(#6592,#6593,#6594,#6595,#6596,#6597,#6598,#6599,
#6600,#6601,#6602,#6603,#6604,#6605,#6606,#6607,#6608,#6609,#6610,#6611,
#6612,#6613,#6614,#6615,#6616,#6617,#6618,#6619,#6620,#6621,#6622,#6623,
#6624,#6625,#6626,#6627,#6628,#6629,#6630,#6631,#6632,#6633,#6634,#6635,
#6636,#6637,#6638,#6639,#6640,#6641,#6642,#6643,#6644,#6645,#6646,#6647,
#6648,#6649,#6650,#6651,#6652,#6653,#6654,#6655,#6656,#6657,#6658,#6659,
#6660,#6661,#6662,#6663,#6664,#6665,#6666,#6667,#6668,#6669,#6670,#6671,
#6672,#6673,#6674,#6675,#6676,#6677,#6678,#6679,#6680,#6681,#6682,#6683,
#6684,#6685,#6686,#6687,#6688,#6689,#6690,#6691,#6692,#6693,#6694,#6695,
#6696,#6697,#6698,#6699,#6700,#6701,#6702,#6703,#6704,#6705,#6706,#6707,
#6708,#6709,#6710,#6711,#6712,#6713,#6714,#6715,#6716,#6717,#6718,#6719,
#6720,#6721,#6722,#6723,#6724,#6725,#6726,#6727,#6728,#6729,#6730,#6731,
#6732,#6733,#6734,#6735,#6736,#6737,#6738,#6739,#6740,#6741,#6742,#6743,
#6744,#6745,#6746,#6747,#6748,#6749,#6750,#6751,#6752,#6753,#6754,#6755,
#6756,#6757,#6758,#6759,#6760,#6761,#6762,#6763,#6764,#6765,#6766,#6767,
#6768,#6769,#6770,#6771,#6772,#6773,#6774,#6775));
#6778=DERIVED_UNIT_ELEMENT(#6780,1.);
#6779=DERIVED_UNIT_ELEMENT(#11831,-3.);
#6780=(
MASS_UNIT()
NAMED_UNIT(*)
SI_UNIT(.KILO.,.GRAM.)
);
#6781=DERIVED_UNIT((#6778,#6779));
#6782=MEASURE_REPRESENTATION_ITEM('density measure',
POSITIVE_RATIO_MEASURE(7850.),#6781);
#6783=PROPERTY_DEFINITION_REPRESENTATION(#6788,#6785);
#6784=PROPERTY_DEFINITION_REPRESENTATION(#6789,#6786);
#6785=REPRESENTATION('material name',(#6787),#11828);
#6786=REPRESENTATION('density',(#6782),#11828);
#6787=DESCRIPTIVE_REPRESENTATION_ITEM('Steel','Steel');
#6788=PROPERTY_DEFINITION('material property','material name',#11838);
#6789=PROPERTY_DEFINITION('material property','density of part',#11838);
#6790=AXIS2_PLACEMENT_3D('',#9651,#7558,#7559);
#6791=AXIS2_PLACEMENT_3D('',#9652,#7560,#7561);
#6792=AXIS2_PLACEMENT_3D('',#9666,#7562,#7563);
#6793=AXIS2_PLACEMENT_3D('',#9678,#7564,#7565);
#6794=AXIS2_PLACEMENT_3D('',#9679,#7566,#7567);
#6795=AXIS2_PLACEMENT_3D('',#9683,#7569,#7570);
#6796=AXIS2_PLACEMENT_3D('',#9685,#7572,#7573);
#6797=AXIS2_PLACEMENT_3D('',#9689,#7575,#7576);
#6798=AXIS2_PLACEMENT_3D('',#9693,#7579,#7580);
#6799=AXIS2_PLACEMENT_3D('',#9698,#7583,#7584);
#6800=AXIS2_PLACEMENT_3D('',#9699,#7585,#7586);
#6801=AXIS2_PLACEMENT_3D('',#9703,#7588,#7589);
#6802=AXIS2_PLACEMENT_3D('',#9705,#7591,#7592);
#6803=AXIS2_PLACEMENT_3D('',#9710,#7594,#7595);
#6804=AXIS2_PLACEMENT_3D('',#9713,#7597,#7598);
#6805=AXIS2_PLACEMENT_3D('',#9714,#7599,#7600);
#6806=AXIS2_PLACEMENT_3D('',#9719,#7602,#7603);
#6807=AXIS2_PLACEMENT_3D('',#9722,#7605,#7606);
#6808=AXIS2_PLACEMENT_3D('',#9723,#7607,#7608);
#6809=AXIS2_PLACEMENT_3D('',#9726,#7611,#7612);
#6810=AXIS2_PLACEMENT_3D('',#9729,#7615,#7616);
#6811=AXIS2_PLACEMENT_3D('',#9735,#7620,#7621);
#6812=AXIS2_PLACEMENT_3D('',#9739,#7623,#7624);
#6813=AXIS2_PLACEMENT_3D('',#9743,#7627,#7628);
#6814=AXIS2_PLACEMENT_3D('',#9747,#7631,#7632);
#6815=AXIS2_PLACEMENT_3D('',#9748,#7633,#7634);
#6816=AXIS2_PLACEMENT_3D('',#9754,#7638,#7639);
#6817=AXIS2_PLACEMENT_3D('',#9757,#7642,#7643);
#6818=AXIS2_PLACEMENT_3D('',#9763,#7646,#7647);
#6819=AXIS2_PLACEMENT_3D('',#9767,#7649,#7650);
#6820=AXIS2_PLACEMENT_3D('',#9771,#7652,#7653);
#6821=AXIS2_PLACEMENT_3D('',#9778,#7657,#7658);
#6822=AXIS2_PLACEMENT_3D('',#9780,#7659,#7660);
#6823=AXIS2_PLACEMENT_3D('',#9781,#7661,#7662);
#6824=AXIS2_PLACEMENT_3D('',#9785,#7664,#7665);
#6825=AXIS2_PLACEMENT_3D('',#9789,#7667,#7668);
#6826=AXIS2_PLACEMENT_3D('',#9793,#7670,#7671);
#6827=AXIS2_PLACEMENT_3D('',#9797,#7673,#7674);
#6828=AXIS2_PLACEMENT_3D('',#9799,#7675,#7676);
#6829=AXIS2_PLACEMENT_3D('',#9801,#7678,#7679);
#6830=AXIS2_PLACEMENT_3D('',#9804,#7681,#7682);
#6831=AXIS2_PLACEMENT_3D('',#9805,#7683,#7684);
#6832=AXIS2_PLACEMENT_3D('',#9807,#7685,#7686);
#6833=AXIS2_PLACEMENT_3D('',#9810,#7688,#7689);
#6834=AXIS2_PLACEMENT_3D('',#9811,#7690,#7691);
#6835=AXIS2_PLACEMENT_3D('',#9813,#7692,#7693);
#6836=AXIS2_PLACEMENT_3D('',#9816,#7695,#7696);
#6837=AXIS2_PLACEMENT_3D('',#9817,#7697,#7698);
#6838=AXIS2_PLACEMENT_3D('',#9822,#7700,#7701);
#6839=AXIS2_PLACEMENT_3D('',#9825,#7703,#7704);
#6840=AXIS2_PLACEMENT_3D('',#9826,#7705,#7706);
#6841=AXIS2_PLACEMENT_3D('',#9830,#7708,#7709);
#6842=AXIS2_PLACEMENT_3D('',#9832,#7711,#7712);
#6843=AXIS2_PLACEMENT_3D('',#9836,#7714,#7715);
#6844=AXIS2_PLACEMENT_3D('',#9838,#7717,#7718);
#6845=AXIS2_PLACEMENT_3D('',#9845,#7722,#7723);
#6846=AXIS2_PLACEMENT_3D('',#9859,#7730,#7731);
#6847=AXIS2_PLACEMENT_3D('',#9872,#7739,#7740);
#6848=AXIS2_PLACEMENT_3D('',#9885,#7741,#7742);
#6849=AXIS2_PLACEMENT_3D('',#9886,#7743,#7744);
#6850=AXIS2_PLACEMENT_3D('',#9887,#7745,#7746);
#6851=AXIS2_PLACEMENT_3D('',#9888,#7747,#7748);
#6852=AXIS2_PLACEMENT_3D('',#9890,#7749,#7750);
#6853=AXIS2_PLACEMENT_3D('',#9892,#7752,#7753);
#6854=AXIS2_PLACEMENT_3D('',#9905,#7754,#7755);
#6855=AXIS2_PLACEMENT_3D('',#9909,#7757,#7758);
#6856=AXIS2_PLACEMENT_3D('',#9911,#7760,#7761);
#6857=AXIS2_PLACEMENT_3D('',#9915,#7763,#7764);
#6858=AXIS2_PLACEMENT_3D('',#9917,#7766,#7767);
#6859=AXIS2_PLACEMENT_3D('',#9921,#7770,#7771);
#6860=AXIS2_PLACEMENT_3D('',#9936,#7773,#7774);
#6861=AXIS2_PLACEMENT_3D('',#9937,#7775,#7776);
#6862=AXIS2_PLACEMENT_3D('',#9940,#7778,#7779);
#6863=AXIS2_PLACEMENT_3D('',#9941,#7780,#7781);
#6864=AXIS2_PLACEMENT_3D('',#9943,#7782,#7783);
#6865=AXIS2_PLACEMENT_3D('',#9947,#7785,#7786);
#6866=AXIS2_PLACEMENT_3D('',#9961,#7788,#7789);
#6867=AXIS2_PLACEMENT_3D('',#9969,#7791,#7792);
#6868=AXIS2_PLACEMENT_3D('',#9970,#7793,#7794);
#6869=AXIS2_PLACEMENT_3D('',#9972,#7795,#7796);
#6870=AXIS2_PLACEMENT_3D('',#9973,#7797,#7798);
#6871=AXIS2_PLACEMENT_3D('',#9975,#7800,#7801);
#6872=AXIS2_PLACEMENT_3D('',#9977,#7802,#7803);
#6873=AXIS2_PLACEMENT_3D('',#9999,#7806,#7807);
#6874=AXIS2_PLACEMENT_3D('',#10001,#7809,#7810);
#6875=AXIS2_PLACEMENT_3D('',#10003,#7811,#7812);
#6876=AXIS2_PLACEMENT_3D('',#10004,#7813,#7814);
#6877=AXIS2_PLACEMENT_3D('',#10008,#7816,#7817);
#6878=AXIS2_PLACEMENT_3D('',#10010,#7819,#7820);
#6879=AXIS2_PLACEMENT_3D('',#10013,#7822,#7823);
#6880=AXIS2_PLACEMENT_3D('',#10014,#7824,#7825);
#6881=AXIS2_PLACEMENT_3D('',#10021,#7830,#7831);
#6882=AXIS2_PLACEMENT_3D('',#10024,#7833,#7834);
#6883=AXIS2_PLACEMENT_3D('',#10061,#7853,#7854);
#6884=AXIS2_PLACEMENT_3D('',#10064,#7856,#7857);
#6885=AXIS2_PLACEMENT_3D('',#10069,#7859,#7860);
#6886=AXIS2_PLACEMENT_3D('',#10073,#7862,#7863);
#6887=AXIS2_PLACEMENT_3D('',#10077,#7865,#7866);
#6888=AXIS2_PLACEMENT_3D('',#10080,#7868,#7869);
#6889=AXIS2_PLACEMENT_3D('',#10082,#7870,#7871);
#6890=AXIS2_PLACEMENT_3D('',#10083,#7872,#7873);
#6891=AXIS2_PLACEMENT_3D('',#10084,#7874,#7875);
#6892=AXIS2_PLACEMENT_3D('',#10085,#7876,#7877);
#6893=AXIS2_PLACEMENT_3D('',#10086,#7878,#7879);
#6894=AXIS2_PLACEMENT_3D('',#10089,#7881,#7882);
#6895=AXIS2_PLACEMENT_3D('',#10090,#7883,#7884);
#6896=AXIS2_PLACEMENT_3D('',#10092,#7885,#7886);
#6897=AXIS2_PLACEMENT_3D('',#10093,#7887,#7888);
#6898=AXIS2_PLACEMENT_3D('',#10095,#7889,#7890);
#6899=AXIS2_PLACEMENT_3D('',#10097,#7892,#7893);
#6900=AXIS2_PLACEMENT_3D('',#10099,#7895,#7896);
#6901=AXIS2_PLACEMENT_3D('',#10102,#7898,#7899);
#6902=AXIS2_PLACEMENT_3D('',#10103,#7900,#7901);
#6903=AXIS2_PLACEMENT_3D('',#10105,#7902,#7903);
#6904=AXIS2_PLACEMENT_3D('',#10106,#7904,#7905);
#6905=AXIS2_PLACEMENT_3D('',#10108,#7906,#7907);
#6906=AXIS2_PLACEMENT_3D('',#10154,#7930,#7931);
#6907=AXIS2_PLACEMENT_3D('',#10158,#7933,#7934);
#6908=AXIS2_PLACEMENT_3D('',#10162,#7937,#7938);
#6909=AXIS2_PLACEMENT_3D('',#10163,#7939,#7940);
#6910=AXIS2_PLACEMENT_3D('',#10165,#7942,#7943);
#6911=AXIS2_PLACEMENT_3D('',#10166,#7944,#7945);
#6912=AXIS2_PLACEMENT_3D('',#10168,#7947,#7948);
#6913=AXIS2_PLACEMENT_3D('',#10169,#7949,#7950);
#6914=AXIS2_PLACEMENT_3D('',#10170,#7951,#7952);
#6915=AXIS2_PLACEMENT_3D('',#10171,#7953,#7954);
#6916=AXIS2_PLACEMENT_3D('',#10172,#7955,#7956);
#6917=AXIS2_PLACEMENT_3D('',#10173,#7957,#7958);
#6918=AXIS2_PLACEMENT_3D('',#10175,#7959,#7960);
#6919=AXIS2_PLACEMENT_3D('',#10178,#7962,#7963);
#6920=AXIS2_PLACEMENT_3D('',#10179,#7964,#7965);
#6921=AXIS2_PLACEMENT_3D('',#10181,#7966,#7967);
#6922=AXIS2_PLACEMENT_3D('',#10182,#7968,#7969);
#6923=AXIS2_PLACEMENT_3D('',#10183,#7970,#7971);
#6924=AXIS2_PLACEMENT_3D('',#10184,#7972,#7973);
#6925=AXIS2_PLACEMENT_3D('',#10186,#7974,#7975);
#6926=AXIS2_PLACEMENT_3D('',#10189,#7977,#7978);
#6927=AXIS2_PLACEMENT_3D('',#10190,#7979,#7980);
#6928=AXIS2_PLACEMENT_3D('',#10192,#7981,#7982);
#6929=AXIS2_PLACEMENT_3D('',#10193,#7983,#7984);
#6930=AXIS2_PLACEMENT_3D('',#10194,#7985,#7986);
#6931=AXIS2_PLACEMENT_3D('',#10195,#7987,#7988);
#6932=AXIS2_PLACEMENT_3D('',#10196,#7989,#7990);
#6933=AXIS2_PLACEMENT_3D('',#10197,#7991,#7992);
#6934=AXIS2_PLACEMENT_3D('',#10199,#7994,#7995);
#6935=AXIS2_PLACEMENT_3D('',#10200,#7996,#7997);
#6936=AXIS2_PLACEMENT_3D('',#10201,#7998,#7999);
#6937=AXIS2_PLACEMENT_3D('',#10207,#8003,#8004);
#6938=AXIS2_PLACEMENT_3D('',#10210,#8005,#8006);
#6939=AXIS2_PLACEMENT_3D('',#10214,#8008,#8009);
#6940=AXIS2_PLACEMENT_3D('',#10216,#8011,#8012);
#6941=AXIS2_PLACEMENT_3D('',#10220,#8014,#8015);
#6942=AXIS2_PLACEMENT_3D('',#10222,#8017,#8018);
#6943=AXIS2_PLACEMENT_3D('',#10225,#8019,#8020);
#6944=AXIS2_PLACEMENT_3D('',#10229,#8022,#8023);
#6945=AXIS2_PLACEMENT_3D('',#10231,#8025,#8026);
#6946=AXIS2_PLACEMENT_3D('',#10235,#8028,#8029);
#6947=AXIS2_PLACEMENT_3D('',#10237,#8031,#8032);
#6948=AXIS2_PLACEMENT_3D('',#10239,#8033,#8034);
#6949=AXIS2_PLACEMENT_3D('',#10242,#8036,#8037);
#6950=AXIS2_PLACEMENT_3D('',#10243,#8038,#8039);
#6951=AXIS2_PLACEMENT_3D('',#10244,#8040,#8041);
#6952=AXIS2_PLACEMENT_3D('',#10245,#8042,#8043);
#6953=AXIS2_PLACEMENT_3D('',#10247,#8044,#8045);
#6954=AXIS2_PLACEMENT_3D('',#10248,#8046,#8047);
#6955=AXIS2_PLACEMENT_3D('',#10250,#8048,#8049);
#6956=AXIS2_PLACEMENT_3D('',#10253,#8051,#8052);
#6957=AXIS2_PLACEMENT_3D('',#10254,#8053,#8054);
#6958=AXIS2_PLACEMENT_3D('',#10255,#8055,#8056);
#6959=AXIS2_PLACEMENT_3D('',#10256,#8057,#8058);
#6960=AXIS2_PLACEMENT_3D('',#10258,#8059,#8060);
#6961=AXIS2_PLACEMENT_3D('',#10259,#8061,#8062);
#6962=AXIS2_PLACEMENT_3D('',#10262,#8063,#8064);
#6963=AXIS2_PLACEMENT_3D('',#10266,#8066,#8067);
#6964=AXIS2_PLACEMENT_3D('',#10268,#8069,#8070);
#6965=AXIS2_PLACEMENT_3D('',#10272,#8072,#8073);
#6966=AXIS2_PLACEMENT_3D('',#10274,#8075,#8076);
#6967=AXIS2_PLACEMENT_3D('',#10277,#8077,#8078);
#6968=AXIS2_PLACEMENT_3D('',#10281,#8080,#8081);
#6969=AXIS2_PLACEMENT_3D('',#10283,#8083,#8084);
#6970=AXIS2_PLACEMENT_3D('',#10287,#8086,#8087);
#6971=AXIS2_PLACEMENT_3D('',#10289,#8089,#8090);
#6972=AXIS2_PLACEMENT_3D('',#10292,#8091,#8092);
#6973=AXIS2_PLACEMENT_3D('',#10296,#8094,#8095);
#6974=AXIS2_PLACEMENT_3D('',#10298,#8097,#8098);
#6975=AXIS2_PLACEMENT_3D('',#10302,#8100,#8101);
#6976=AXIS2_PLACEMENT_3D('',#10304,#8103,#8104);
#6977=AXIS2_PLACEMENT_3D('',#10306,#8105,#8106);
#6978=AXIS2_PLACEMENT_3D('',#10309,#8108,#8109);
#6979=AXIS2_PLACEMENT_3D('',#10310,#8110,#8111);
#6980=AXIS2_PLACEMENT_3D('',#10313,#8113,#8114);
#6981=AXIS2_PLACEMENT_3D('',#10314,#8115,#8116);
#6982=AXIS2_PLACEMENT_3D('',#10316,#8117,#8118);
#6983=AXIS2_PLACEMENT_3D('',#10332,#8120,#8121);
#6984=AXIS2_PLACEMENT_3D('',#10333,#8122,#8123);
#6985=AXIS2_PLACEMENT_3D('',#10340,#8124,#8125);
#6986=AXIS2_PLACEMENT_3D('',#10342,#8126,#8127);
#6987=AXIS2_PLACEMENT_3D('',#10343,#8128,#8129);
#6988=AXIS2_PLACEMENT_3D('',#10345,#8130,#8131);
#6989=AXIS2_PLACEMENT_3D('',#10348,#8133,#8134);
#6990=AXIS2_PLACEMENT_3D('',#10349,#8135,#8136);
#6991=AXIS2_PLACEMENT_3D('',#10350,#8137,#8138);
#6992=AXIS2_PLACEMENT_3D('',#10351,#8139,#8140);
#6993=AXIS2_PLACEMENT_3D('',#10353,#8141,#8142);
#6994=AXIS2_PLACEMENT_3D('',#10354,#8143,#8144);
#6995=AXIS2_PLACEMENT_3D('',#10357,#8145,#8146);
#6996=AXIS2_PLACEMENT_3D('',#10361,#8148,#8149);
#6997=AXIS2_PLACEMENT_3D('',#10363,#8151,#8152);
#6998=AXIS2_PLACEMENT_3D('',#10367,#8154,#8155);
#6999=AXIS2_PLACEMENT_3D('',#10369,#8157,#8158);
#7000=AXIS2_PLACEMENT_3D('',#10372,#8159,#8160);
#7001=AXIS2_PLACEMENT_3D('',#10386,#8161,#8162);
#7002=AXIS2_PLACEMENT_3D('',#10388,#8164,#8165);
#7003=AXIS2_PLACEMENT_3D('',#10390,#8166,#8167);
#7004=AXIS2_PLACEMENT_3D('',#10392,#8169,#8170);
#7005=AXIS2_PLACEMENT_3D('',#10396,#8172,#8173);
#7006=AXIS2_PLACEMENT_3D('',#10398,#8175,#8176);
#7007=AXIS2_PLACEMENT_3D('',#10402,#8178,#8179);
#7008=AXIS2_PLACEMENT_3D('',#10404,#8181,#8182);
#7009=AXIS2_PLACEMENT_3D('',#10408,#8184,#8185);
#7010=AXIS2_PLACEMENT_3D('',#10410,#8187,#8188);
#7011=AXIS2_PLACEMENT_3D('',#10414,#8190,#8191);
#7012=AXIS2_PLACEMENT_3D('',#10416,#8193,#8194);
#7013=AXIS2_PLACEMENT_3D('',#10429,#8202,#8203);
#7014=AXIS2_PLACEMENT_3D('',#10431,#8204,#8205);
#7015=AXIS2_PLACEMENT_3D('',#10433,#8207,#8208);
#7016=AXIS2_PLACEMENT_3D('',#10446,#8216,#8217);
#7017=AXIS2_PLACEMENT_3D('',#10447,#8218,#8219);
#7018=AXIS2_PLACEMENT_3D('',#10448,#8220,#8221);
#7019=AXIS2_PLACEMENT_3D('',#10452,#8223,#8224);
#7020=AXIS2_PLACEMENT_3D('',#10454,#8226,#8227);
#7021=AXIS2_PLACEMENT_3D('',#10465,#8234,#8235);
#7022=AXIS2_PLACEMENT_3D('',#10467,#8236,#8237);
#7023=AXIS2_PLACEMENT_3D('',#10469,#8239,#8240);
#7024=AXIS2_PLACEMENT_3D('',#10471,#8241,#8242);
#7025=AXIS2_PLACEMENT_3D('',#10474,#8244,#8245);
#7026=AXIS2_PLACEMENT_3D('',#10475,#8246,#8247);
#7027=AXIS2_PLACEMENT_3D('',#10477,#8248,#8249);
#7028=AXIS2_PLACEMENT_3D('',#10478,#8250,#8251);
#7029=AXIS2_PLACEMENT_3D('',#10481,#8252,#8253);
#7030=AXIS2_PLACEMENT_3D('',#10485,#8255,#8256);
#7031=AXIS2_PLACEMENT_3D('',#10487,#8258,#8259);
#7032=AXIS2_PLACEMENT_3D('',#10490,#8262,#8263);
#7033=AXIS2_PLACEMENT_3D('',#10493,#8264,#8265);
#7034=AXIS2_PLACEMENT_3D('',#10497,#8267,#8268);
#7035=AXIS2_PLACEMENT_3D('',#10499,#8270,#8271);
#7036=AXIS2_PLACEMENT_3D('',#10502,#8274,#8275);
#7037=AXIS2_PLACEMENT_3D('',#10504,#8276,#8277);
#7038=AXIS2_PLACEMENT_3D('',#10506,#8278,#8279);
#7039=AXIS2_PLACEMENT_3D('',#10508,#8281,#8282);
#7040=AXIS2_PLACEMENT_3D('',#10510,#8284,#8285);
#7041=AXIS2_PLACEMENT_3D('',#10512,#8286,#8287);
#7042=AXIS2_PLACEMENT_3D('',#10514,#8288,#8289);
#7043=AXIS2_PLACEMENT_3D('',#10516,#8291,#8292);
#7044=AXIS2_PLACEMENT_3D('',#10518,#8294,#8295);
#7045=AXIS2_PLACEMENT_3D('',#10520,#8296,#8297);
#7046=AXIS2_PLACEMENT_3D('',#10523,#8299,#8300);
#7047=AXIS2_PLACEMENT_3D('',#10524,#8301,#8302);
#7048=AXIS2_PLACEMENT_3D('',#10526,#8303,#8304);
#7049=AXIS2_PLACEMENT_3D('',#10527,#8305,#8306);
#7050=AXIS2_PLACEMENT_3D('',#10529,#8307,#8308);
#7051=AXIS2_PLACEMENT_3D('',#10532,#8310,#8311);
#7052=AXIS2_PLACEMENT_3D('',#10533,#8312,#8313);
#7053=AXIS2_PLACEMENT_3D('',#10535,#8314,#8315);
#7054=AXIS2_PLACEMENT_3D('',#10536,#8316,#8317);
#7055=AXIS2_PLACEMENT_3D('',#10538,#8318,#8319);
#7056=AXIS2_PLACEMENT_3D('',#10541,#8321,#8322);
#7057=AXIS2_PLACEMENT_3D('',#10542,#8323,#8324);
#7058=AXIS2_PLACEMENT_3D('',#10544,#8326,#8327);
#7059=AXIS2_PLACEMENT_3D('',#10546,#8328,#8329);
#7060=AXIS2_PLACEMENT_3D('',#10549,#8331,#8332);
#7061=AXIS2_PLACEMENT_3D('',#10550,#8333,#8334);
#7062=AXIS2_PLACEMENT_3D('',#10552,#8336,#8337);
#7063=AXIS2_PLACEMENT_3D('',#10553,#8338,#8339);
#7064=AXIS2_PLACEMENT_3D('',#10554,#8340,#8341);
#7065=AXIS2_PLACEMENT_3D('',#10555,#8342,#8343);
#7066=AXIS2_PLACEMENT_3D('',#10556,#8344,#8345);
#7067=AXIS2_PLACEMENT_3D('',#10557,#8346,#8347);
#7068=AXIS2_PLACEMENT_3D('',#10558,#8348,#8349);
#7069=AXIS2_PLACEMENT_3D('',#10559,#8350,#8351);
#7070=AXIS2_PLACEMENT_3D('',#10560,#8352,#8353);
#7071=AXIS2_PLACEMENT_3D('',#10562,#8354,#8355);
#7072=AXIS2_PLACEMENT_3D('',#10565,#8357,#8358);
#7073=AXIS2_PLACEMENT_3D('',#10566,#8359,#8360);
#7074=AXIS2_PLACEMENT_3D('',#10568,#8361,#8362);
#7075=AXIS2_PLACEMENT_3D('',#10569,#8363,#8364);
#7076=AXIS2_PLACEMENT_3D('',#10572,#8367,#8368);
#7077=AXIS2_PLACEMENT_3D('',#10575,#8371,#8372);
#7078=AXIS2_PLACEMENT_3D('',#10579,#8376,#8377);
#7079=AXIS2_PLACEMENT_3D('',#10580,#8378,#8379);
#7080=AXIS2_PLACEMENT_3D('',#10582,#8381,#8382);
#7081=AXIS2_PLACEMENT_3D('',#10583,#8383,#8384);
#7082=AXIS2_PLACEMENT_3D('',#10585,#8386,#8387);
#7083=AXIS2_PLACEMENT_3D('',#10586,#8388,#8389);
#7084=AXIS2_PLACEMENT_3D('',#10588,#8391,#8392);
#7085=AXIS2_PLACEMENT_3D('',#10589,#8393,#8394);
#7086=AXIS2_PLACEMENT_3D('',#10591,#8396,#8397);
#7087=AXIS2_PLACEMENT_3D('',#10593,#8399,#8400);
#7088=AXIS2_PLACEMENT_3D('',#10595,#8402,#8403);
#7089=AXIS2_PLACEMENT_3D('',#10597,#8405,#8406);
#7090=AXIS2_PLACEMENT_3D('',#10599,#8408,#8409);
#7091=AXIS2_PLACEMENT_3D('',#10601,#8410,#8411);
#7092=AXIS2_PLACEMENT_3D('',#10604,#8413,#8414);
#7093=AXIS2_PLACEMENT_3D('',#10605,#8415,#8416);
#7094=AXIS2_PLACEMENT_3D('',#10606,#8417,#8418);
#7095=AXIS2_PLACEMENT_3D('',#10608,#8419,#8420);
#7096=AXIS2_PLACEMENT_3D('',#10609,#8421,#8422);
#7097=AXIS2_PLACEMENT_3D('',#10611,#8423,#8424);
#7098=AXIS2_PLACEMENT_3D('',#10614,#8426,#8427);
#7099=AXIS2_PLACEMENT_3D('',#10615,#8428,#8429);
#7100=AXIS2_PLACEMENT_3D('',#10616,#8430,#8431);
#7101=AXIS2_PLACEMENT_3D('',#10618,#8432,#8433);
#7102=AXIS2_PLACEMENT_3D('',#10619,#8434,#8435);
#7103=AXIS2_PLACEMENT_3D('',#10621,#8436,#8437);
#7104=AXIS2_PLACEMENT_3D('',#10624,#8439,#8440);
#7105=AXIS2_PLACEMENT_3D('',#10625,#8441,#8442);
#7106=AXIS2_PLACEMENT_3D('',#10626,#8443,#8444);
#7107=AXIS2_PLACEMENT_3D('',#10628,#8445,#8446);
#7108=AXIS2_PLACEMENT_3D('',#10629,#8447,#8448);
#7109=AXIS2_PLACEMENT_3D('',#10631,#8449,#8450);
#7110=AXIS2_PLACEMENT_3D('',#10634,#8452,#8453);
#7111=AXIS2_PLACEMENT_3D('',#10635,#8454,#8455);
#7112=AXIS2_PLACEMENT_3D('',#10636,#8456,#8457);
#7113=AXIS2_PLACEMENT_3D('',#10638,#8458,#8459);
#7114=AXIS2_PLACEMENT_3D('',#10639,#8460,#8461);
#7115=AXIS2_PLACEMENT_3D('',#10641,#8462,#8463);
#7116=AXIS2_PLACEMENT_3D('',#10644,#8465,#8466);
#7117=AXIS2_PLACEMENT_3D('',#10645,#8467,#8468);
#7118=AXIS2_PLACEMENT_3D('',#10646,#8469,#8470);
#7119=AXIS2_PLACEMENT_3D('',#10648,#8471,#8472);
#7120=AXIS2_PLACEMENT_3D('',#10649,#8473,#8474);
#7121=AXIS2_PLACEMENT_3D('',#10652,#8476,#8477);
#7122=AXIS2_PLACEMENT_3D('',#10653,#8478,#8479);
#7123=AXIS2_PLACEMENT_3D('',#10656,#8481,#8482);
#7124=AXIS2_PLACEMENT_3D('',#10657,#8483,#8484);
#7125=AXIS2_PLACEMENT_3D('',#10660,#8486,#8487);
#7126=AXIS2_PLACEMENT_3D('',#10661,#8488,#8489);
#7127=AXIS2_PLACEMENT_3D('',#10664,#8491,#8492);
#7128=AXIS2_PLACEMENT_3D('',#10665,#8493,#8494);
#7129=AXIS2_PLACEMENT_3D('',#10668,#8496,#8497);
#7130=AXIS2_PLACEMENT_3D('',#10669,#8498,#8499);
#7131=AXIS2_PLACEMENT_3D('',#10671,#8500,#8501);
#7132=AXIS2_PLACEMENT_3D('',#10673,#8503,#8504);
#7133=AXIS2_PLACEMENT_3D('',#10674,#8505,#8506);
#7134=AXIS2_PLACEMENT_3D('',#10676,#8507,#8508);
#7135=AXIS2_PLACEMENT_3D('',#10678,#8510,#8511);
#7136=AXIS2_PLACEMENT_3D('',#10679,#8512,#8513);
#7137=AXIS2_PLACEMENT_3D('',#10681,#8514,#8515);
#7138=AXIS2_PLACEMENT_3D('',#10682,#8516,#8517);
#7139=AXIS2_PLACEMENT_3D('',#10684,#8518,#8519);
#7140=AXIS2_PLACEMENT_3D('',#10685,#8520,#8521);
#7141=AXIS2_PLACEMENT_3D('',#10687,#8522,#8523);
#7142=AXIS2_PLACEMENT_3D('',#10688,#8524,#8525);
#7143=AXIS2_PLACEMENT_3D('',#10690,#8526,#8527);
#7144=AXIS2_PLACEMENT_3D('',#10691,#8528,#8529);
#7145=AXIS2_PLACEMENT_3D('',#10693,#8530,#8531);
#7146=AXIS2_PLACEMENT_3D('',#10694,#8532,#8533);
#7147=AXIS2_PLACEMENT_3D('',#10696,#8535,#8536);
#7148=AXIS2_PLACEMENT_3D('',#10698,#8538,#8539);
#7149=AXIS2_PLACEMENT_3D('',#10699,#8540,#8541);
#7150=AXIS2_PLACEMENT_3D('',#10701,#8542,#8543);
#7151=AXIS2_PLACEMENT_3D('',#10703,#8545,#8546);
#7152=AXIS2_PLACEMENT_3D('',#10705,#8547,#8548);
#7153=AXIS2_PLACEMENT_3D('',#10707,#8550,#8551);
#7154=AXIS2_PLACEMENT_3D('',#10711,#8553,#8554);
#7155=AXIS2_PLACEMENT_3D('',#10713,#8556,#8557);
#7156=AXIS2_PLACEMENT_3D('',#10717,#8560,#8561);
#7157=AXIS2_PLACEMENT_3D('',#10719,#8562,#8563);
#7158=AXIS2_PLACEMENT_3D('',#10721,#8565,#8566);
#7159=AXIS2_PLACEMENT_3D('',#10725,#8569,#8570);
#7160=AXIS2_PLACEMENT_3D('',#10727,#8571,#8572);
#7161=AXIS2_PLACEMENT_3D('',#10729,#8574,#8575);
#7162=AXIS2_PLACEMENT_3D('',#10733,#8578,#8579);
#7163=AXIS2_PLACEMENT_3D('',#10735,#8580,#8581);
#7164=AXIS2_PLACEMENT_3D('',#10737,#8583,#8584);
#7165=AXIS2_PLACEMENT_3D('',#10739,#8586,#8587);
#7166=AXIS2_PLACEMENT_3D('',#10741,#8588,#8589);
#7167=AXIS2_PLACEMENT_3D('',#10743,#8591,#8592);
#7168=AXIS2_PLACEMENT_3D('',#10745,#8593,#8594);
#7169=AXIS2_PLACEMENT_3D('',#10747,#8596,#8597);
#7170=AXIS2_PLACEMENT_3D('',#10749,#8598,#8599);
#7171=AXIS2_PLACEMENT_3D('',#10751,#8601,#8602);
#7172=AXIS2_PLACEMENT_3D('',#10757,#8606,#8607);
#7173=AXIS2_PLACEMENT_3D('',#10759,#8609,#8610);
#7174=AXIS2_PLACEMENT_3D('',#10761,#8611,#8612);
#7175=AXIS2_PLACEMENT_3D('',#10763,#8614,#8615);
#7176=AXIS2_PLACEMENT_3D('',#10767,#8618,#8619);
#7177=AXIS2_PLACEMENT_3D('',#10768,#8620,#8621);
#7178=AXIS2_PLACEMENT_3D('',#10769,#8622,#8623);
#7179=AXIS2_PLACEMENT_3D('',#10770,#8624,#8625);
#7180=AXIS2_PLACEMENT_3D('',#10772,#8626,#8627);
#7181=AXIS2_PLACEMENT_3D('',#10775,#8629,#8630);
#7182=AXIS2_PLACEMENT_3D('',#10776,#8631,#8632);
#7183=AXIS2_PLACEMENT_3D('',#10778,#8633,#8634);
#7184=AXIS2_PLACEMENT_3D('',#10781,#8636,#8637);
#7185=AXIS2_PLACEMENT_3D('',#10782,#8638,#8639);
#7186=AXIS2_PLACEMENT_3D('',#10784,#8640,#8641);
#7187=AXIS2_PLACEMENT_3D('',#10787,#8643,#8644);
#7188=AXIS2_PLACEMENT_3D('',#10788,#8645,#8646);
#7189=AXIS2_PLACEMENT_3D('',#10793,#8648,#8649);
#7190=AXIS2_PLACEMENT_3D('',#10795,#8650,#8651);
#7191=AXIS2_PLACEMENT_3D('',#10796,#8652,#8653);
#7192=AXIS2_PLACEMENT_3D('',#10797,#8654,#8655);
#7193=AXIS2_PLACEMENT_3D('',#10801,#8657,#8658);
#7194=AXIS2_PLACEMENT_3D('',#10806,#8661,#8662);
#7195=AXIS2_PLACEMENT_3D('',#10808,#8664,#8665);
#7196=AXIS2_PLACEMENT_3D('',#10813,#8667,#8668);
#7197=AXIS2_PLACEMENT_3D('',#10815,#8669,#8670);
#7198=AXIS2_PLACEMENT_3D('',#10816,#8671,#8672);
#7199=AXIS2_PLACEMENT_3D('',#10817,#8673,#8674);
#7200=AXIS2_PLACEMENT_3D('',#10821,#8676,#8677);
#7201=AXIS2_PLACEMENT_3D('',#10826,#8680,#8681);
#7202=AXIS2_PLACEMENT_3D('',#10828,#8683,#8684);
#7203=AXIS2_PLACEMENT_3D('',#10830,#8685,#8686);
#7204=AXIS2_PLACEMENT_3D('',#10833,#8688,#8689);
#7205=AXIS2_PLACEMENT_3D('',#10834,#8690,#8691);
#7206=AXIS2_PLACEMENT_3D('',#10835,#8692,#8693);
#7207=AXIS2_PLACEMENT_3D('',#10839,#8695,#8696);
#7208=AXIS2_PLACEMENT_3D('',#10841,#8698,#8699);
#7209=AXIS2_PLACEMENT_3D('',#10852,#8706,#8707);
#7210=AXIS2_PLACEMENT_3D('',#10860,#8711,#8712);
#7211=AXIS2_PLACEMENT_3D('',#10866,#8716,#8717);
#7212=AXIS2_PLACEMENT_3D('',#10868,#8718,#8719);
#7213=AXIS2_PLACEMENT_3D('',#10873,#8721,#8722);
#7214=AXIS2_PLACEMENT_3D('',#10877,#8724,#8725);
#7215=AXIS2_PLACEMENT_3D('',#10881,#8727,#8728);
#7216=AXIS2_PLACEMENT_3D('',#10884,#8730,#8731);
#7217=AXIS2_PLACEMENT_3D('',#10886,#8732,#8733);
#7218=AXIS2_PLACEMENT_3D('',#10888,#8734,#8735);
#7219=AXIS2_PLACEMENT_3D('',#10890,#8736,#8737);
#7220=AXIS2_PLACEMENT_3D('',#10891,#8738,#8739);
#7221=AXIS2_PLACEMENT_3D('',#10896,#8741,#8742);
#7222=AXIS2_PLACEMENT_3D('',#10899,#8744,#8745);
#7223=AXIS2_PLACEMENT_3D('',#10900,#8746,#8747);
#7224=AXIS2_PLACEMENT_3D('',#10905,#8750,#8751);
#7225=AXIS2_PLACEMENT_3D('',#10906,#8752,#8753);
#7226=AXIS2_PLACEMENT_3D('',#10910,#8755,#8756);
#7227=AXIS2_PLACEMENT_3D('',#10912,#8758,#8759);
#7228=AXIS2_PLACEMENT_3D('',#10931,#8769,#8770);
#7229=AXIS2_PLACEMENT_3D('',#10945,#8777,#8778);
#7230=AXIS2_PLACEMENT_3D('',#10949,#8781,#8782);
#7231=AXIS2_PLACEMENT_3D('',#10950,#8783,#8784);
#7232=AXIS2_PLACEMENT_3D('',#10964,#8785,#8786);
#7233=AXIS2_PLACEMENT_3D('',#10965,#8787,#8788);
#7234=AXIS2_PLACEMENT_3D('',#10966,#8789,#8790);
#7235=AXIS2_PLACEMENT_3D('',#10967,#8791,#8792);
#7236=AXIS2_PLACEMENT_3D('',#10970,#8795,#8796);
#7237=AXIS2_PLACEMENT_3D('',#10976,#8799,#8800);
#7238=AXIS2_PLACEMENT_3D('',#10979,#8802,#8803);
#7239=AXIS2_PLACEMENT_3D('',#10981,#8804,#8805);
#7240=AXIS2_PLACEMENT_3D('',#10983,#8806,#8807);
#7241=AXIS2_PLACEMENT_3D('',#10984,#8808,#8809);
#7242=AXIS2_PLACEMENT_3D('',#10987,#8810,#8811);
#7243=AXIS2_PLACEMENT_3D('',#10991,#8813,#8814);
#7244=AXIS2_PLACEMENT_3D('',#10995,#8816,#8817);
#7245=AXIS2_PLACEMENT_3D('',#11006,#8818,#8819);
#7246=AXIS2_PLACEMENT_3D('',#11011,#8822,#8823);
#7247=AXIS2_PLACEMENT_3D('',#11012,#8824,#8825);
#7248=AXIS2_PLACEMENT_3D('',#11016,#8828,#8829);
#7249=AXIS2_PLACEMENT_3D('',#11031,#8830,#8831);
#7250=AXIS2_PLACEMENT_3D('',#11034,#8833,#8834);
#7251=AXIS2_PLACEMENT_3D('',#11035,#8835,#8836);
#7252=AXIS2_PLACEMENT_3D('',#11038,#8838,#8839);
#7253=AXIS2_PLACEMENT_3D('',#11039,#8840,#8841);
#7254=AXIS2_PLACEMENT_3D('',#11041,#8842,#8843);
#7255=AXIS2_PLACEMENT_3D('',#11045,#8845,#8846);
#7256=AXIS2_PLACEMENT_3D('',#11054,#8848,#8849);
#7257=AXIS2_PLACEMENT_3D('',#11058,#8851,#8852);
#7258=AXIS2_PLACEMENT_3D('',#11070,#8853,#8854);
#7259=AXIS2_PLACEMENT_3D('',#11071,#8855,#8856);
#7260=AXIS2_PLACEMENT_3D('',#11073,#8857,#8858);
#7261=AXIS2_PLACEMENT_3D('',#11074,#8859,#8860);
#7262=AXIS2_PLACEMENT_3D('',#11076,#8862,#8863);
#7263=AXIS2_PLACEMENT_3D('',#11078,#8864,#8865);
#7264=AXIS2_PLACEMENT_3D('',#11082,#8867,#8868);
#7265=AXIS2_PLACEMENT_3D('',#11086,#8870,#8871);
#7266=AXIS2_PLACEMENT_3D('',#11106,#8873,#8874);
#7267=AXIS2_PLACEMENT_3D('',#11107,#8875,#8876);
#7268=AXIS2_PLACEMENT_3D('',#11109,#8877,#8878);
#7269=AXIS2_PLACEMENT_3D('',#11110,#8879,#8880);
#7270=AXIS2_PLACEMENT_3D('',#11114,#8882,#8883);
#7271=AXIS2_PLACEMENT_3D('',#11116,#8885,#8886);
#7272=AXIS2_PLACEMENT_3D('',#11118,#8887,#8888);
#7273=AXIS2_PLACEMENT_3D('',#11120,#8890,#8891);
#7274=AXIS2_PLACEMENT_3D('',#11128,#8897,#8898);
#7275=AXIS2_PLACEMENT_3D('',#11161,#8915,#8916);
#7276=AXIS2_PLACEMENT_3D('',#11166,#8920,#8921);
#7277=AXIS2_PLACEMENT_3D('',#11169,#8923,#8924);
#7278=AXIS2_PLACEMENT_3D('',#11174,#8926,#8927);
#7279=AXIS2_PLACEMENT_3D('',#11178,#8929,#8930);
#7280=AXIS2_PLACEMENT_3D('',#11182,#8932,#8933);
#7281=AXIS2_PLACEMENT_3D('',#11185,#8935,#8936);
#7282=AXIS2_PLACEMENT_3D('',#11187,#8937,#8938);
#7283=AXIS2_PLACEMENT_3D('',#11188,#8939,#8940);
#7284=AXIS2_PLACEMENT_3D('',#11189,#8941,#8942);
#7285=AXIS2_PLACEMENT_3D('',#11190,#8943,#8944);
#7286=AXIS2_PLACEMENT_3D('',#11191,#8945,#8946);
#7287=AXIS2_PLACEMENT_3D('',#11194,#8948,#8949);
#7288=AXIS2_PLACEMENT_3D('',#11195,#8950,#8951);
#7289=AXIS2_PLACEMENT_3D('',#11197,#8952,#8953);
#7290=AXIS2_PLACEMENT_3D('',#11198,#8954,#8955);
#7291=AXIS2_PLACEMENT_3D('',#11201,#8957,#8958);
#7292=AXIS2_PLACEMENT_3D('',#11202,#8959,#8960);
#7293=AXIS2_PLACEMENT_3D('',#11204,#8962,#8963);
#7294=AXIS2_PLACEMENT_3D('',#11207,#8965,#8966);
#7295=AXIS2_PLACEMENT_3D('',#11208,#8967,#8968);
#7296=AXIS2_PLACEMENT_3D('',#11210,#8969,#8970);
#7297=AXIS2_PLACEMENT_3D('',#11211,#8971,#8972);
#7298=AXIS2_PLACEMENT_3D('',#11218,#8976,#8977);
#7299=AXIS2_PLACEMENT_3D('',#11260,#8999,#9000);
#7300=AXIS2_PLACEMENT_3D('',#11261,#9001,#9002);
#7301=AXIS2_PLACEMENT_3D('',#11262,#9003,#9004);
#7302=AXIS2_PLACEMENT_3D('',#11264,#9006,#9007);
#7303=AXIS2_PLACEMENT_3D('',#11265,#9008,#9009);
#7304=AXIS2_PLACEMENT_3D('',#11267,#9011,#9012);
#7305=AXIS2_PLACEMENT_3D('',#11268,#9013,#9014);
#7306=AXIS2_PLACEMENT_3D('',#11269,#9015,#9016);
#7307=AXIS2_PLACEMENT_3D('',#11270,#9017,#9018);
#7308=AXIS2_PLACEMENT_3D('',#11271,#9019,#9020);
#7309=AXIS2_PLACEMENT_3D('',#11272,#9021,#9022);
#7310=AXIS2_PLACEMENT_3D('',#11274,#9023,#9024);
#7311=AXIS2_PLACEMENT_3D('',#11277,#9026,#9027);
#7312=AXIS2_PLACEMENT_3D('',#11278,#9028,#9029);
#7313=AXIS2_PLACEMENT_3D('',#11280,#9030,#9031);
#7314=AXIS2_PLACEMENT_3D('',#11281,#9032,#9033);
#7315=AXIS2_PLACEMENT_3D('',#11282,#9034,#9035);
#7316=AXIS2_PLACEMENT_3D('',#11283,#9036,#9037);
#7317=AXIS2_PLACEMENT_3D('',#11285,#9038,#9039);
#7318=AXIS2_PLACEMENT_3D('',#11288,#9041,#9042);
#7319=AXIS2_PLACEMENT_3D('',#11289,#9043,#9044);
#7320=AXIS2_PLACEMENT_3D('',#11291,#9045,#9046);
#7321=AXIS2_PLACEMENT_3D('',#11292,#9047,#9048);
#7322=AXIS2_PLACEMENT_3D('',#11293,#9049,#9050);
#7323=AXIS2_PLACEMENT_3D('',#11294,#9051,#9052);
#7324=AXIS2_PLACEMENT_3D('',#11295,#9053,#9054);
#7325=AXIS2_PLACEMENT_3D('',#11296,#9055,#9056);
#7326=AXIS2_PLACEMENT_3D('',#11298,#9058,#9059);
#7327=AXIS2_PLACEMENT_3D('',#11299,#9060,#9061);
#7328=AXIS2_PLACEMENT_3D('',#11300,#9062,#9063);
#7329=AXIS2_PLACEMENT_3D('',#11303,#9066,#9067);
#7330=AXIS2_PLACEMENT_3D('',#11306,#9068,#9069);
#7331=AXIS2_PLACEMENT_3D('',#11310,#9071,#9072);
#7332=AXIS2_PLACEMENT_3D('',#11312,#9074,#9075);
#7333=AXIS2_PLACEMENT_3D('',#11317,#9078,#9079);
#7334=AXIS2_PLACEMENT_3D('',#11318,#9080,#9081);
#7335=AXIS2_PLACEMENT_3D('',#11321,#9082,#9083);
#7336=AXIS2_PLACEMENT_3D('',#11325,#9085,#9086);
#7337=AXIS2_PLACEMENT_3D('',#11327,#9088,#9089);
#7338=AXIS2_PLACEMENT_3D('',#11332,#9092,#9093);
#7339=AXIS2_PLACEMENT_3D('',#11333,#9094,#9095);
#7340=AXIS2_PLACEMENT_3D('',#11335,#9096,#9097);
#7341=AXIS2_PLACEMENT_3D('',#11338,#9099,#9100);
#7342=AXIS2_PLACEMENT_3D('',#11339,#9101,#9102);
#7343=AXIS2_PLACEMENT_3D('',#11340,#9103,#9104);
#7344=AXIS2_PLACEMENT_3D('',#11341,#9105,#9106);
#7345=AXIS2_PLACEMENT_3D('',#11343,#9107,#9108);
#7346=AXIS2_PLACEMENT_3D('',#11344,#9109,#9110);
#7347=AXIS2_PLACEMENT_3D('',#11346,#9111,#9112);
#7348=AXIS2_PLACEMENT_3D('',#11349,#9114,#9115);
#7349=AXIS2_PLACEMENT_3D('',#11350,#9116,#9117);
#7350=AXIS2_PLACEMENT_3D('',#11351,#9118,#9119);
#7351=AXIS2_PLACEMENT_3D('',#11352,#9120,#9121);
#7352=AXIS2_PLACEMENT_3D('',#11354,#9122,#9123);
#7353=AXIS2_PLACEMENT_3D('',#11355,#9124,#9125);
#7354=AXIS2_PLACEMENT_3D('',#11358,#9126,#9127);
#7355=AXIS2_PLACEMENT_3D('',#11362,#9129,#9130);
#7356=AXIS2_PLACEMENT_3D('',#11364,#9132,#9133);
#7357=AXIS2_PLACEMENT_3D('',#11369,#9136,#9137);
#7358=AXIS2_PLACEMENT_3D('',#11370,#9138,#9139);
#7359=AXIS2_PLACEMENT_3D('',#11373,#9140,#9141);
#7360=AXIS2_PLACEMENT_3D('',#11377,#9143,#9144);
#7361=AXIS2_PLACEMENT_3D('',#11379,#9146,#9147);
#7362=AXIS2_PLACEMENT_3D('',#11384,#9150,#9151);
#7363=AXIS2_PLACEMENT_3D('',#11385,#9152,#9153);
#7364=AXIS2_PLACEMENT_3D('',#11388,#9154,#9155);
#7365=AXIS2_PLACEMENT_3D('',#11392,#9157,#9158);
#7366=AXIS2_PLACEMENT_3D('',#11394,#9160,#9161);
#7367=AXIS2_PLACEMENT_3D('',#11399,#9164,#9165);
#7368=AXIS2_PLACEMENT_3D('',#11400,#9166,#9167);
#7369=AXIS2_PLACEMENT_3D('',#11402,#9168,#9169);
#7370=AXIS2_PLACEMENT_3D('',#11404,#9170,#9171);
#7371=AXIS2_PLACEMENT_3D('',#11406,#9173,#9174);
#7372=AXIS2_PLACEMENT_3D('',#11409,#9176,#9177);
#7373=AXIS2_PLACEMENT_3D('',#11410,#9178,#9179);
#7374=AXIS2_PLACEMENT_3D('',#11412,#9180,#9181);
#7375=AXIS2_PLACEMENT_3D('',#11421,#9183,#9184);
#7376=AXIS2_PLACEMENT_3D('',#11423,#9185,#9186);
#7377=AXIS2_PLACEMENT_3D('',#11436,#9187,#9188);
#7378=AXIS2_PLACEMENT_3D('',#11438,#9189,#9190);
#7379=AXIS2_PLACEMENT_3D('',#11439,#9191,#9192);
#7380=AXIS2_PLACEMENT_3D('',#11441,#9193,#9194);
#7381=AXIS2_PLACEMENT_3D('',#11444,#9196,#9197);
#7382=AXIS2_PLACEMENT_3D('',#11445,#9198,#9199);
#7383=AXIS2_PLACEMENT_3D('',#11446,#9200,#9201);
#7384=AXIS2_PLACEMENT_3D('',#11447,#9202,#9203);
#7385=AXIS2_PLACEMENT_3D('',#11449,#9204,#9205);
#7386=AXIS2_PLACEMENT_3D('',#11450,#9206,#9207);
#7387=AXIS2_PLACEMENT_3D('',#11453,#9208,#9209);
#7388=AXIS2_PLACEMENT_3D('',#11457,#9211,#9212);
#7389=AXIS2_PLACEMENT_3D('',#11459,#9214,#9215);
#7390=AXIS2_PLACEMENT_3D('',#11464,#9218,#9219);
#7391=AXIS2_PLACEMENT_3D('',#11465,#9220,#9221);
#7392=AXIS2_PLACEMENT_3D('',#11468,#9222,#9223);
#7393=AXIS2_PLACEMENT_3D('',#11471,#9225,#9226);
#7394=AXIS2_PLACEMENT_3D('',#11484,#9227,#9228);
#7395=AXIS2_PLACEMENT_3D('',#11487,#9230,#9231);
#7396=AXIS2_PLACEMENT_3D('',#11488,#9232,#9233);
#7397=AXIS2_PLACEMENT_3D('',#11492,#9235,#9236);
#7398=AXIS2_PLACEMENT_3D('',#11494,#9238,#9239);
#7399=AXIS2_PLACEMENT_3D('',#11498,#9241,#9242);
#7400=AXIS2_PLACEMENT_3D('',#11500,#9244,#9245);
#7401=AXIS2_PLACEMENT_3D('',#11504,#9247,#9248);
#7402=AXIS2_PLACEMENT_3D('',#11506,#9250,#9251);
#7403=AXIS2_PLACEMENT_3D('',#11510,#9253,#9254);
#7404=AXIS2_PLACEMENT_3D('',#11512,#9256,#9257);
#7405=AXIS2_PLACEMENT_3D('',#11525,#9265,#9266);
#7406=AXIS2_PLACEMENT_3D('',#11528,#9268,#9269);
#7407=AXIS2_PLACEMENT_3D('',#11529,#9270,#9271);
#7408=AXIS2_PLACEMENT_3D('',#11542,#9279,#9280);
#7409=AXIS2_PLACEMENT_3D('',#11543,#9281,#9282);
#7410=AXIS2_PLACEMENT_3D('',#11544,#9283,#9284);
#7411=AXIS2_PLACEMENT_3D('',#11548,#9286,#9287);
#7412=AXIS2_PLACEMENT_3D('',#11550,#9289,#9290);
#7413=AXIS2_PLACEMENT_3D('',#11561,#9297,#9298);
#7414=AXIS2_PLACEMENT_3D('',#11564,#9300,#9301);
#7415=AXIS2_PLACEMENT_3D('',#11565,#9302,#9303);
#7416=AXIS2_PLACEMENT_3D('',#11567,#9304,#9305);
#7417=AXIS2_PLACEMENT_3D('',#11570,#9307,#9308);
#7418=AXIS2_PLACEMENT_3D('',#11571,#9309,#9310);
#7419=AXIS2_PLACEMENT_3D('',#11573,#9311,#9312);
#7420=AXIS2_PLACEMENT_3D('',#11574,#9313,#9314);
#7421=AXIS2_PLACEMENT_3D('',#11577,#9315,#9316);
#7422=AXIS2_PLACEMENT_3D('',#11581,#9318,#9319);
#7423=AXIS2_PLACEMENT_3D('',#11583,#9321,#9322);
#7424=AXIS2_PLACEMENT_3D('',#11586,#9325,#9326);
#7425=AXIS2_PLACEMENT_3D('',#11589,#9327,#9328);
#7426=AXIS2_PLACEMENT_3D('',#11593,#9330,#9331);
#7427=AXIS2_PLACEMENT_3D('',#11595,#9333,#9334);
#7428=AXIS2_PLACEMENT_3D('',#11598,#9337,#9338);
#7429=AXIS2_PLACEMENT_3D('',#11600,#9339,#9340);
#7430=AXIS2_PLACEMENT_3D('',#11603,#9342,#9343);
#7431=AXIS2_PLACEMENT_3D('',#11604,#9344,#9345);
#7432=AXIS2_PLACEMENT_3D('',#11606,#9347,#9348);
#7433=AXIS2_PLACEMENT_3D('',#11608,#9349,#9350);
#7434=AXIS2_PLACEMENT_3D('',#11611,#9352,#9353);
#7435=AXIS2_PLACEMENT_3D('',#11612,#9354,#9355);
#7436=AXIS2_PLACEMENT_3D('',#11614,#9357,#9358);
#7437=AXIS2_PLACEMENT_3D('',#11616,#9359,#9360);
#7438=AXIS2_PLACEMENT_3D('',#11619,#9362,#9363);
#7439=AXIS2_PLACEMENT_3D('',#11620,#9364,#9365);
#7440=AXIS2_PLACEMENT_3D('',#11622,#9366,#9367);
#7441=AXIS2_PLACEMENT_3D('',#11623,#9368,#9369);
#7442=AXIS2_PLACEMENT_3D('',#11625,#9370,#9371);
#7443=AXIS2_PLACEMENT_3D('',#11628,#9373,#9374);
#7444=AXIS2_PLACEMENT_3D('',#11629,#9375,#9376);
#7445=AXIS2_PLACEMENT_3D('',#11631,#9377,#9378);
#7446=AXIS2_PLACEMENT_3D('',#11632,#9379,#9380);
#7447=AXIS2_PLACEMENT_3D('',#11634,#9381,#9382);
#7448=AXIS2_PLACEMENT_3D('',#11636,#9383,#9384);
#7449=AXIS2_PLACEMENT_3D('',#11638,#9386,#9387);
#7450=AXIS2_PLACEMENT_3D('',#11640,#9389,#9390);
#7451=AXIS2_PLACEMENT_3D('',#11642,#9391,#9392);
#7452=AXIS2_PLACEMENT_3D('',#11644,#9393,#9394);
#7453=AXIS2_PLACEMENT_3D('',#11646,#9396,#9397);
#7454=AXIS2_PLACEMENT_3D('',#11648,#9399,#9400);
#7455=AXIS2_PLACEMENT_3D('',#11649,#9401,#9402);
#7456=AXIS2_PLACEMENT_3D('',#11650,#9403,#9404);
#7457=AXIS2_PLACEMENT_3D('',#11651,#9405,#9406);
#7458=AXIS2_PLACEMENT_3D('',#11652,#9407,#9408);
#7459=AXIS2_PLACEMENT_3D('',#11653,#9409,#9410);
#7460=AXIS2_PLACEMENT_3D('',#11654,#9411,#9412);
#7461=AXIS2_PLACEMENT_3D('',#11655,#9413,#9414);
#7462=AXIS2_PLACEMENT_3D('',#11656,#9415,#9416);
#7463=AXIS2_PLACEMENT_3D('',#11658,#9417,#9418);
#7464=AXIS2_PLACEMENT_3D('',#11661,#9420,#9421);
#7465=AXIS2_PLACEMENT_3D('',#11662,#9422,#9423);
#7466=AXIS2_PLACEMENT_3D('',#11664,#9424,#9425);
#7467=AXIS2_PLACEMENT_3D('',#11665,#9426,#9427);
#7468=AXIS2_PLACEMENT_3D('',#11668,#9430,#9431);
#7469=AXIS2_PLACEMENT_3D('',#11671,#9434,#9435);
#7470=AXIS2_PLACEMENT_3D('',#11674,#9438,#9439);
#7471=AXIS2_PLACEMENT_3D('',#11675,#9440,#9441);
#7472=AXIS2_PLACEMENT_3D('',#11677,#9443,#9444);
#7473=AXIS2_PLACEMENT_3D('',#11678,#9445,#9446);
#7474=AXIS2_PLACEMENT_3D('',#11680,#9448,#9449);
#7475=AXIS2_PLACEMENT_3D('',#11681,#9450,#9451);
#7476=AXIS2_PLACEMENT_3D('',#11683,#9453,#9454);
#7477=AXIS2_PLACEMENT_3D('',#11684,#9455,#9456);
#7478=AXIS2_PLACEMENT_3D('',#11686,#9458,#9459);
#7479=AXIS2_PLACEMENT_3D('',#11688,#9461,#9462);
#7480=AXIS2_PLACEMENT_3D('',#11690,#9464,#9465);
#7481=AXIS2_PLACEMENT_3D('',#11693,#9468,#9469);
#7482=AXIS2_PLACEMENT_3D('',#11695,#9471,#9472);
#7483=AXIS2_PLACEMENT_3D('',#11697,#9474,#9475);
#7484=AXIS2_PLACEMENT_3D('',#11699,#9476,#9477);
#7485=AXIS2_PLACEMENT_3D('',#11702,#9479,#9480);
#7486=AXIS2_PLACEMENT_3D('',#11703,#9481,#9482);
#7487=AXIS2_PLACEMENT_3D('',#11704,#9483,#9484);
#7488=AXIS2_PLACEMENT_3D('',#11706,#9485,#9486);
#7489=AXIS2_PLACEMENT_3D('',#11707,#9487,#9488);
#7490=AXIS2_PLACEMENT_3D('',#11709,#9489,#9490);
#7491=AXIS2_PLACEMENT_3D('',#11712,#9492,#9493);
#7492=AXIS2_PLACEMENT_3D('',#11713,#9494,#9495);
#7493=AXIS2_PLACEMENT_3D('',#11714,#9496,#9497);
#7494=AXIS2_PLACEMENT_3D('',#11716,#9498,#9499);
#7495=AXIS2_PLACEMENT_3D('',#11717,#9500,#9501);
#7496=AXIS2_PLACEMENT_3D('',#11719,#9502,#9503);
#7497=AXIS2_PLACEMENT_3D('',#11722,#9505,#9506);
#7498=AXIS2_PLACEMENT_3D('',#11723,#9507,#9508);
#7499=AXIS2_PLACEMENT_3D('',#11724,#9509,#9510);
#7500=AXIS2_PLACEMENT_3D('',#11726,#9511,#9512);
#7501=AXIS2_PLACEMENT_3D('',#11727,#9513,#9514);
#7502=AXIS2_PLACEMENT_3D('',#11729,#9515,#9516);
#7503=AXIS2_PLACEMENT_3D('',#11732,#9518,#9519);
#7504=AXIS2_PLACEMENT_3D('',#11733,#9520,#9521);
#7505=AXIS2_PLACEMENT_3D('',#11734,#9522,#9523);
#7506=AXIS2_PLACEMENT_3D('',#11736,#9524,#9525);
#7507=AXIS2_PLACEMENT_3D('',#11737,#9526,#9527);
#7508=AXIS2_PLACEMENT_3D('',#11739,#9528,#9529);
#7509=AXIS2_PLACEMENT_3D('',#11742,#9531,#9532);
#7510=AXIS2_PLACEMENT_3D('',#11743,#9533,#9534);
#7511=AXIS2_PLACEMENT_3D('',#11744,#9535,#9536);
#7512=AXIS2_PLACEMENT_3D('',#11746,#9537,#9538);
#7513=AXIS2_PLACEMENT_3D('',#11747,#9539,#9540);
#7514=AXIS2_PLACEMENT_3D('',#11750,#9542,#9543);
#7515=AXIS2_PLACEMENT_3D('',#11751,#9544,#9545);
#7516=AXIS2_PLACEMENT_3D('',#11754,#9547,#9548);
#7517=AXIS2_PLACEMENT_3D('',#11755,#9549,#9550);
#7518=AXIS2_PLACEMENT_3D('',#11758,#9552,#9553);
#7519=AXIS2_PLACEMENT_3D('',#11759,#9554,#9555);
#7520=AXIS2_PLACEMENT_3D('',#11762,#9557,#9558);
#7521=AXIS2_PLACEMENT_3D('',#11763,#9559,#9560);
#7522=AXIS2_PLACEMENT_3D('',#11766,#9562,#9563);
#7523=AXIS2_PLACEMENT_3D('',#11767,#9564,#9565);
#7524=AXIS2_PLACEMENT_3D('',#11769,#9566,#9567);
#7525=AXIS2_PLACEMENT_3D('',#11771,#9569,#9570);
#7526=AXIS2_PLACEMENT_3D('',#11772,#9571,#9572);
#7527=AXIS2_PLACEMENT_3D('',#11774,#9573,#9574);
#7528=AXIS2_PLACEMENT_3D('',#11776,#9576,#9577);
#7529=AXIS2_PLACEMENT_3D('',#11777,#9578,#9579);
#7530=AXIS2_PLACEMENT_3D('',#11779,#9580,#9581);
#7531=AXIS2_PLACEMENT_3D('',#11780,#9582,#9583);
#7532=AXIS2_PLACEMENT_3D('',#11782,#9584,#9585);
#7533=AXIS2_PLACEMENT_3D('',#11783,#9586,#9587);
#7534=AXIS2_PLACEMENT_3D('',#11785,#9588,#9589);
#7535=AXIS2_PLACEMENT_3D('',#11786,#9590,#9591);
#7536=AXIS2_PLACEMENT_3D('',#11788,#9592,#9593);
#7537=AXIS2_PLACEMENT_3D('',#11789,#9594,#9595);
#7538=AXIS2_PLACEMENT_3D('',#11791,#9596,#9597);
#7539=AXIS2_PLACEMENT_3D('',#11792,#9598,#9599);
#7540=AXIS2_PLACEMENT_3D('',#11793,#9600,#9601);
#7541=AXIS2_PLACEMENT_3D('',#11794,#9602,#9603);
#7542=AXIS2_PLACEMENT_3D('',#11796,#9605,#9606);
#7543=AXIS2_PLACEMENT_3D('',#11798,#9608,#9609);
#7544=AXIS2_PLACEMENT_3D('',#11801,#9612,#9613);
#7545=AXIS2_PLACEMENT_3D('',#11803,#9615,#9616);
#7546=AXIS2_PLACEMENT_3D('',#11805,#9618,#9619);
#7547=AXIS2_PLACEMENT_3D('',#11807,#9621,#9622);
#7548=AXIS2_PLACEMENT_3D('',#11809,#9624,#9625);
#7549=AXIS2_PLACEMENT_3D('',#11811,#9627,#9628);
#7550=AXIS2_PLACEMENT_3D('',#11813,#9630,#9631);
#7551=AXIS2_PLACEMENT_3D('',#11814,#9632,#9633);
#7552=AXIS2_PLACEMENT_3D('',#11816,#9635,#9636);
#7553=AXIS2_PLACEMENT_3D('',#11818,#9638,#9639);
#7554=AXIS2_PLACEMENT_3D('',#11820,#9641,#9642);
#7555=AXIS2_PLACEMENT_3D('',#11822,#9644,#9645);
#7556=AXIS2_PLACEMENT_3D('',#11823,#9646,#9647);
#7557=AXIS2_PLACEMENT_3D('',#11825,#9649,#9650);
#7558=DIRECTION('axis',(0.,0.,1.));
#7559=DIRECTION('refdir',(1.,0.,0.));
#7560=DIRECTION('center_axis',(0.,0.,1.));
#7561=DIRECTION('ref_axis',(-1.,0.,0.));
#7562=DIRECTION('center_axis',(0.,0.,-1.));
#7563=DIRECTION('ref_axis',(-1.,0.,0.));
#7564=DIRECTION('center_axis',(0.,0.,1.));
#7565=DIRECTION('ref_axis',(-1.,0.,0.));
#7566=DIRECTION('center_axis',(0.,0.,1.));
#7567=DIRECTION('ref_axis',(-1.,1.22464679914735E-16,0.));
#7568=DIRECTION('',(0.,0.,1.));
#7569=DIRECTION('center_axis',(0.,0.,1.));
#7570=DIRECTION('ref_axis',(1.,0.,0.));
#7571=DIRECTION('',(0.,0.,-1.));
#7572=DIRECTION('center_axis',(-1.,0.,0.));
#7573=DIRECTION('ref_axis',(0.,0.,1.));
#7574=DIRECTION('',(0.,-1.,0.));
#7575=DIRECTION('center_axis',(-1.,0.,0.));
#7576=DIRECTION('ref_axis',(0.,-0.707106781186547,-0.707106781186548));
#7577=DIRECTION('',(0.,0.,-1.));
#7578=DIRECTION('',(0.,1.,0.));
#7579=DIRECTION('center_axis',(-1.,0.,0.));
#7580=DIRECTION('ref_axis',(0.,-0.707106781186547,-0.707106781186548));
#7581=DIRECTION('',(-1.,0.,0.));
#7582=DIRECTION('',(1.,0.,0.));
#7583=DIRECTION('center_axis',(-0.707106781186547,0.,-0.707106781186548));
#7584=DIRECTION('ref_axis',(0.707106781186548,0.,-0.707106781186547));
#7585=DIRECTION('center_axis',(0.,0.,-1.));
#7586=DIRECTION('ref_axis',(0.707106781186547,-0.707106781186548,0.));
#7587=DIRECTION('',(0.,0.,1.));
#7588=DIRECTION('center_axis',(2.56428082243489E-16,0.38268343236509,-0.923879532511287));
#7589=DIRECTION('ref_axis',(6.19072153925554E-16,0.923879532511287,0.38268343236509));
#7590=DIRECTION('',(0.,0.,-1.));
#7591=DIRECTION('center_axis',(0.,0.707106781186548,0.707106781186547));
#7592=DIRECTION('ref_axis',(0.707106781186546,0.500000000000001,-0.500000000000001));
#7593=DIRECTION('',(0.,-0.707106781186548,-0.707106781186547));
#7594=DIRECTION('center_axis',(2.56428082243489E-16,0.38268343236509,0.923879532511287));
#7595=DIRECTION('ref_axis',(6.19072153925555E-16,-0.923879532511287,0.38268343236509));
#7596=DIRECTION('',(0.,0.707106781186548,0.707106781186547));
#7597=DIRECTION('center_axis',(0.,-1.,0.));
#7598=DIRECTION('ref_axis',(0.,0.,-1.));
#7599=DIRECTION('center_axis',(1.,0.,0.));
#7600=DIRECTION('ref_axis',(0.,0.707106781186547,-0.707106781186548));
#7601=DIRECTION('',(-1.,0.,0.));
#7602=DIRECTION('center_axis',(-1.,0.,0.));
#7603=DIRECTION('ref_axis',(0.,0.707106781186547,-0.707106781186548));
#7604=DIRECTION('',(1.,0.,0.));
#7605=DIRECTION('center_axis',(-0.707106781186547,0.,-0.707106781186548));
#7606=DIRECTION('ref_axis',(-0.707106781186548,0.,0.707106781186547));
#7607=DIRECTION('center_axis',(0.,0.,1.));
#7608=DIRECTION('ref_axis',(0.707106781186546,0.707106781186549,0.));
#7609=DIRECTION('',(0.,0.,-1.));
#7610=DIRECTION('',(0.,0.,1.));
#7611=DIRECTION('center_axis',(0.,0.707106781186548,-0.707106781186547));
#7612=DIRECTION('ref_axis',(0.707106781186546,-0.500000000000001,-0.500000000000001));
#7613=DIRECTION('',(0.,-0.707106781186548,0.707106781186547));
#7614=DIRECTION('',(0.,0.707106781186548,-0.707106781186547));
#7615=DIRECTION('center_axis',(0.,1.,0.));
#7616=DIRECTION('ref_axis',(0.,0.,-1.));
#7617=DIRECTION('',(-1.,0.,0.));
#7618=DIRECTION('',(0.,0.,1.));
#7619=DIRECTION('',(-1.,0.,0.));
#7620=DIRECTION('center_axis',(0.,0.707106781186547,0.707106781186548));
#7621=DIRECTION('ref_axis',(0.,0.707106781186548,-0.707106781186547));
#7622=DIRECTION('',(-1.,0.,0.));
#7623=DIRECTION('center_axis',(0.,-0.707106781186547,-0.707106781186548));
#7624=DIRECTION('ref_axis',(0.,0.707106781186548,-0.707106781186547));
#7625=DIRECTION('',(-1.,0.,0.));
#7626=DIRECTION('',(0.,-0.707106781186548,0.707106781186547));
#7627=DIRECTION('center_axis',(0.,-0.707106781186547,0.707106781186548));
#7628=DIRECTION('ref_axis',(0.,0.707106781186548,0.707106781186547));
#7629=DIRECTION('',(-1.,0.,0.));
#7630=DIRECTION('',(0.,-0.707106781186548,-0.707106781186547));
#7631=DIRECTION('center_axis',(0.,0.707106781186547,-0.707106781186548));
#7632=DIRECTION('ref_axis',(0.,0.707106781186548,0.707106781186547));
#7633=DIRECTION('center_axis',(0.,-1.,0.));
#7634=DIRECTION('ref_axis',(0.,0.,1.));
#7635=DIRECTION('',(0.,0.,1.));
#7636=DIRECTION('',(-1.,0.,0.));
#7637=DIRECTION('',(0.,0.,-1.));
#7638=DIRECTION('center_axis',(-1.,0.,0.));
#7639=DIRECTION('ref_axis',(0.,0.,1.));
#7640=DIRECTION('',(0.,1.,0.));
#7641=DIRECTION('',(0.,-1.,0.));
#7642=DIRECTION('center_axis',(1.,0.,0.));
#7643=DIRECTION('ref_axis',(0.,-1.,0.));
#7644=DIRECTION('',(0.,-1.,0.));
#7645=DIRECTION('',(0.,0.,1.));
#7646=DIRECTION('center_axis',(-1.,0.,0.));
#7647=DIRECTION('ref_axis',(0.,1.,0.));
#7648=DIRECTION('',(0.,1.,0.));
#7649=DIRECTION('center_axis',(-1.,0.,0.));
#7650=DIRECTION('ref_axis',(0.,1.,0.));
#7651=DIRECTION('',(0.,1.,0.));
#7652=DIRECTION('center_axis',(-1.,0.,0.));
#7653=DIRECTION('ref_axis',(0.,1.,0.));
#7654=DIRECTION('',(0.,1.,0.));
#7655=DIRECTION('',(0.,0.,1.));
#7656=DIRECTION('',(0.,-1.,0.));
#7657=DIRECTION('center_axis',(-1.,0.,0.));
#7658=DIRECTION('ref_axis',(0.,1.,0.));
#7659=DIRECTION('center_axis',(-1.,0.,0.));
#7660=DIRECTION('ref_axis',(0.,1.,0.));
#7661=DIRECTION('center_axis',(-1.,0.,0.));
#7662=DIRECTION('ref_axis',(0.,-1.,0.));
#7663=DIRECTION('',(0.,-1.,0.));
#7664=DIRECTION('center_axis',(1.,0.,0.));
#7665=DIRECTION('ref_axis',(0.,1.,0.));
#7666=DIRECTION('',(0.,0.,1.));
#7667=DIRECTION('center_axis',(1.,0.,0.));
#7668=DIRECTION('ref_axis',(0.,1.,0.));
#7669=DIRECTION('',(0.,-1.,0.));
#7670=DIRECTION('center_axis',(1.,0.,0.));
#7671=DIRECTION('ref_axis',(0.,1.,0.));
#7672=DIRECTION('',(0.,0.,1.));
#7673=DIRECTION('center_axis',(1.,0.,0.));
#7674=DIRECTION('ref_axis',(0.,1.,0.));
#7675=DIRECTION('center_axis',(1.,0.,0.));
#7676=DIRECTION('ref_axis',(0.,1.,0.));
#7677=DIRECTION('',(0.,-1.,0.));
#7678=DIRECTION('center_axis',(0.,0.,1.));
#7679=DIRECTION('ref_axis',(1.,0.,0.));
#7680=DIRECTION('',(0.,0.,1.));
#7681=DIRECTION('center_axis',(0.,0.,-1.));
#7682=DIRECTION('ref_axis',(1.,0.,0.));
#7683=DIRECTION('center_axis',(0.,0.,1.));
#7684=DIRECTION('ref_axis',(1.,0.,0.));
#7685=DIRECTION('center_axis',(0.,0.,1.));
#7686=DIRECTION('ref_axis',(1.,0.,0.));
#7687=DIRECTION('',(0.,0.,1.));
#7688=DIRECTION('center_axis',(0.,0.,-1.));
#7689=DIRECTION('ref_axis',(1.,0.,0.));
#7690=DIRECTION('center_axis',(0.,0.,1.));
#7691=DIRECTION('ref_axis',(1.,0.,0.));
#7692=DIRECTION('center_axis',(0.,0.,1.));
#7693=DIRECTION('ref_axis',(1.,0.,0.));
#7694=DIRECTION('',(0.,0.,1.));
#7695=DIRECTION('center_axis',(0.,0.,-1.));
#7696=DIRECTION('ref_axis',(1.,0.,0.));
#7697=DIRECTION('center_axis',(1.,0.,0.));
#7698=DIRECTION('ref_axis',(0.,1.,0.));
#7699=DIRECTION('',(0.,-1.,0.));
#7700=DIRECTION('center_axis',(1.,0.,0.));
#7701=DIRECTION('ref_axis',(0.,1.,0.));
#7702=DIRECTION('',(0.,-1.,0.));
#7703=DIRECTION('center_axis',(-1.,0.,0.));
#7704=DIRECTION('ref_axis',(0.,1.,0.));
#7705=DIRECTION('center_axis',(-1.,0.,0.));
#7706=DIRECTION('ref_axis',(0.,1.,0.));
#7707=DIRECTION('',(1.,0.,0.));
#7708=DIRECTION('center_axis',(-1.,0.,0.));
#7709=DIRECTION('ref_axis',(0.,1.,0.));
#7710=DIRECTION('',(-1.,0.,0.));
#7711=DIRECTION('center_axis',(-1.,0.,0.));
#7712=DIRECTION('ref_axis',(0.,1.,0.));
#7713=DIRECTION('',(-1.,0.,0.));
#7714=DIRECTION('center_axis',(1.,0.,0.));
#7715=DIRECTION('ref_axis',(0.,1.,0.));
#7716=DIRECTION('',(1.,0.,0.));
#7717=DIRECTION('center_axis',(0.,0.,1.));
#7718=DIRECTION('ref_axis',(1.,0.,0.));
#7719=DIRECTION('',(0.,1.,0.));
#7720=DIRECTION('',(0.,1.,0.));
#7721=DIRECTION('',(1.,0.,0.));
#7722=DIRECTION('center_axis',(0.,0.,1.));
#7723=DIRECTION('ref_axis',(1.,0.,0.));
#7724=DIRECTION('',(-1.,0.,0.));
#7725=DIRECTION('',(0.,-1.,0.));
#7726=DIRECTION('',(-1.,0.,0.));
#7727=DIRECTION('',(0.,-1.,0.));
#7728=DIRECTION('',(1.,0.,0.));
#7729=DIRECTION('',(0.,-1.,0.));
#7730=DIRECTION('center_axis',(0.,0.,-1.));
#7731=DIRECTION('ref_axis',(1.,0.,0.));
#7732=DIRECTION('',(1.,0.,0.));
#7733=DIRECTION('',(0.,-1.,0.));
#7734=DIRECTION('',(1.,0.,0.));
#7735=DIRECTION('',(0.,1.,0.));
#7736=DIRECTION('',(1.,0.,0.));
#7737=DIRECTION('',(-1.,0.,0.));
#7738=DIRECTION('',(0.,1.,0.));
#7739=DIRECTION('center_axis',(-1.,0.,0.));
#7740=DIRECTION('ref_axis',(0.,1.,0.));
#7741=DIRECTION('center_axis',(-1.,0.,0.));
#7742=DIRECTION('ref_axis',(0.,1.,0.));
#7743=DIRECTION('center_axis',(1.,0.,0.));
#7744=DIRECTION('ref_axis',(0.,1.,0.));
#7745=DIRECTION('center_axis',(1.,0.,0.));
#7746=DIRECTION('ref_axis',(0.,1.,0.));
#7747=DIRECTION('center_axis',(0.,0.,-1.));
#7748=DIRECTION('ref_axis',(1.,0.,0.));
#7749=DIRECTION('center_axis',(0.,0.,-1.));
#7750=DIRECTION('ref_axis',(1.,0.,0.));
#7751=DIRECTION('',(0.,0.,1.));
#7752=DIRECTION('center_axis',(-1.,0.,0.));
#7753=DIRECTION('ref_axis',(0.,1.,0.));
#7754=DIRECTION('center_axis',(-1.,0.,0.));
#7755=DIRECTION('ref_axis',(0.,1.,0.));
#7756=DIRECTION('',(-1.,0.,0.));
#7757=DIRECTION('center_axis',(1.,0.,0.));
#7758=DIRECTION('ref_axis',(0.,1.,0.));
#7759=DIRECTION('',(1.,0.,0.));
#7760=DIRECTION('center_axis',(1.,0.,0.));
#7761=DIRECTION('ref_axis',(0.,1.,0.));
#7762=DIRECTION('',(0.,-1.,0.));
#7763=DIRECTION('center_axis',(-1.,0.,0.));
#7764=DIRECTION('ref_axis',(0.,1.,0.));
#7765=DIRECTION('',(0.,-1.,0.));
#7766=DIRECTION('center_axis',(1.,0.,0.));
#7767=DIRECTION('ref_axis',(0.,1.,0.));
#7768=DIRECTION('',(0.,0.,-1.));
#7769=DIRECTION('',(0.,1.,0.));
#7770=DIRECTION('center_axis',(-1.,0.,0.));
#7771=DIRECTION('ref_axis',(0.,1.,0.));
#7772=DIRECTION('',(-1.,0.,0.));
#7773=DIRECTION('center_axis',(1.,0.,0.));
#7774=DIRECTION('ref_axis',(0.,1.,0.));
#7775=DIRECTION('center_axis',(1.,0.,0.));
#7776=DIRECTION('ref_axis',(0.,1.,0.));
#7777=DIRECTION('',(0.,-1.,0.));
#7778=DIRECTION('center_axis',(-1.,0.,0.));
#7779=DIRECTION('ref_axis',(0.,1.,0.));
#7780=DIRECTION('center_axis',(-1.,0.,0.));
#7781=DIRECTION('ref_axis',(0.,1.,0.));
#7782=DIRECTION('center_axis',(1.,0.,0.));
#7783=DIRECTION('ref_axis',(0.,1.,0.));
#7784=DIRECTION('',(-1.,0.,0.));
#7785=DIRECTION('center_axis',(-1.,0.,0.));
#7786=DIRECTION('ref_axis',(0.,1.,0.));
#7787=DIRECTION('',(1.,0.,0.));
#7788=DIRECTION('center_axis',(-1.,0.,0.));
#7789=DIRECTION('ref_axis',(0.,1.,0.));
#7790=DIRECTION('',(-1.,0.,0.));
#7791=DIRECTION('center_axis',(-1.,0.,0.));
#7792=DIRECTION('ref_axis',(0.,1.,0.));
#7793=DIRECTION('center_axis',(1.,0.,0.));
#7794=DIRECTION('ref_axis',(0.,1.,0.));
#7795=DIRECTION('center_axis',(-1.,0.,0.));
#7796=DIRECTION('ref_axis',(0.,1.,0.));
#7797=DIRECTION('center_axis',(1.,0.,0.));
#7798=DIRECTION('ref_axis',(0.,1.,0.));
#7799=DIRECTION('',(0.,0.,-1.));
#7800=DIRECTION('center_axis',(-1.,0.,0.));
#7801=DIRECTION('ref_axis',(0.,1.,0.));
#7802=DIRECTION('center_axis',(1.,0.,0.));
#7803=DIRECTION('ref_axis',(0.,1.,0.));
#7804=DIRECTION('',(-1.,0.,0.));
#7805=DIRECTION('',(1.,0.,0.));
#7806=DIRECTION('center_axis',(-1.,0.,0.));
#7807=DIRECTION('ref_axis',(0.,1.,0.));
#7808=DIRECTION('',(-1.,0.,0.));
#7809=DIRECTION('center_axis',(1.,0.,0.));
#7810=DIRECTION('ref_axis',(0.,1.,0.));
#7811=DIRECTION('center_axis',(-1.,0.,0.));
#7812=DIRECTION('ref_axis',(0.,1.,0.));
#7813=DIRECTION('center_axis',(-1.,0.,0.));
#7814=DIRECTION('ref_axis',(0.,1.,0.));
#7815=DIRECTION('',(-1.,0.,0.));
#7816=DIRECTION('center_axis',(1.,0.,0.));
#7817=DIRECTION('ref_axis',(0.,1.,0.));
#7818=DIRECTION('',(1.,0.,0.));
#7819=DIRECTION('center_axis',(-1.,0.,0.));
#7820=DIRECTION('ref_axis',(0.,1.,0.));
#7821=DIRECTION('',(-1.,0.,0.));
#7822=DIRECTION('center_axis',(1.,0.,0.));
#7823=DIRECTION('ref_axis',(0.,1.,0.));
#7824=DIRECTION('center_axis',(0.,0.,1.));
#7825=DIRECTION('ref_axis',(1.,0.,0.));
#7826=DIRECTION('',(0.,1.,0.));
#7827=DIRECTION('',(1.,0.,0.));
#7828=DIRECTION('',(-1.,0.,0.));
#7829=DIRECTION('',(0.,1.,0.));
#7830=DIRECTION('center_axis',(0.,0.,1.));
#7831=DIRECTION('ref_axis',(1.,0.,0.));
#7832=DIRECTION('',(0.,1.,0.));
#7833=DIRECTION('center_axis',(0.,0.,-1.));
#7834=DIRECTION('ref_axis',(1.,0.,0.));
#7835=DIRECTION('',(0.,-1.,0.));
#7836=DIRECTION('',(-1.,0.,0.));
#7837=DIRECTION('',(0.,1.,0.));
#7838=DIRECTION('',(1.,0.,0.));
#7839=DIRECTION('',(0.,-1.,0.));
#7840=DIRECTION('',(-1.,0.,0.));
#7841=DIRECTION('',(0.,1.,0.));
#7842=DIRECTION('',(1.,0.,0.));
#7843=DIRECTION('',(0.,-1.,0.));
#7844=DIRECTION('',(-1.,0.,0.));
#7845=DIRECTION('',(0.,1.,0.));
#7846=DIRECTION('',(1.,0.,0.));
#7847=DIRECTION('',(0.,-1.,0.));
#7848=DIRECTION('',(-1.,0.,0.));
#7849=DIRECTION('',(0.,1.,0.));
#7850=DIRECTION('',(1.,0.,0.));
#7851=DIRECTION('',(0.,1.,0.));
#7852=DIRECTION('',(-1.,3.26536183713281E-17,0.));
#7853=DIRECTION('center_axis',(0.,0.,-1.));
#7854=DIRECTION('ref_axis',(0.,-1.,0.));
#7855=DIRECTION('',(0.,1.,0.));
#7856=DIRECTION('center_axis',(0.,0.,1.));
#7857=DIRECTION('ref_axis',(1.,0.,0.));
#7858=DIRECTION('',(-1.,4.11193712824132E-17,0.));
#7859=DIRECTION('center_axis',(0.,0.,-1.));
#7860=DIRECTION('ref_axis',(-1.,0.,0.));
#7861=DIRECTION('',(0.,1.,0.));
#7862=DIRECTION('center_axis',(0.,0.,-1.));
#7863=DIRECTION('ref_axis',(8.88178419700126E-16,1.,0.));
#7864=DIRECTION('',(1.,1.64477485129653E-16,0.));
#7865=DIRECTION('center_axis',(0.,0.,-1.));
#7866=DIRECTION('ref_axis',(1.,0.,0.));
#7867=DIRECTION('',(0.,-1.,0.));
#7868=DIRECTION('center_axis',(0.,0.,-1.));
#7869=DIRECTION('ref_axis',(0.,-1.,0.));
#7870=DIRECTION('center_axis',(0.,0.,1.));
#7871=DIRECTION('ref_axis',(1.,0.,0.));
#7872=DIRECTION('center_axis',(-1.,0.,0.));
#7873=DIRECTION('ref_axis',(0.,1.,0.));
#7874=DIRECTION('center_axis',(-1.,0.,0.));
#7875=DIRECTION('ref_axis',(0.,1.,0.));
#7876=DIRECTION('center_axis',(1.,0.,0.));
#7877=DIRECTION('ref_axis',(0.,1.,0.));
#7878=DIRECTION('center_axis',(-1.,0.,0.));
#7879=DIRECTION('ref_axis',(0.,1.,0.));
#7880=DIRECTION('',(-1.,0.,0.));
#7881=DIRECTION('center_axis',(-1.,0.,0.));
#7882=DIRECTION('ref_axis',(0.,1.,0.));
#7883=DIRECTION('center_axis',(1.,0.,0.));
#7884=DIRECTION('ref_axis',(0.,1.,0.));
#7885=DIRECTION('center_axis',(1.,0.,0.));
#7886=DIRECTION('ref_axis',(0.,1.,0.));
#7887=DIRECTION('center_axis',(-1.,0.,0.));
#7888=DIRECTION('ref_axis',(0.,1.,0.));
#7889=DIRECTION('center_axis',(-1.,0.,0.));
#7890=DIRECTION('ref_axis',(0.,1.,0.));
#7891=DIRECTION('',(-1.,0.,0.));
#7892=DIRECTION('center_axis',(1.,0.,0.));
#7893=DIRECTION('ref_axis',(0.,1.,0.));
#7894=DIRECTION('',(0.,1.,0.));
#7895=DIRECTION('center_axis',(-1.,0.,0.));
#7896=DIRECTION('ref_axis',(0.,1.,0.));
#7897=DIRECTION('',(-1.,0.,0.));
#7898=DIRECTION('center_axis',(-1.,0.,0.));
#7899=DIRECTION('ref_axis',(0.,1.,0.));
#7900=DIRECTION('center_axis',(1.,0.,0.));
#7901=DIRECTION('ref_axis',(0.,1.,0.));
#7902=DIRECTION('center_axis',(1.,0.,0.));
#7903=DIRECTION('ref_axis',(0.,1.,0.));
#7904=DIRECTION('center_axis',(0.,0.,1.));
#7905=DIRECTION('ref_axis',(1.,0.,0.));
#7906=DIRECTION('center_axis',(0.,0.,-1.));
#7907=DIRECTION('ref_axis',(0.,-1.,0.));
#7908=DIRECTION('',(-1.,3.26536183713281E-17,0.));
#7909=DIRECTION('',(0.,1.,0.));
#7910=DIRECTION('',(1.,0.,0.));
#7911=DIRECTION('',(0.,1.,0.));
#7912=DIRECTION('',(1.,0.,0.));
#7913=DIRECTION('',(0.,1.,0.));
#7914=DIRECTION('',(-1.,0.,0.));
#7915=DIRECTION('',(0.,1.,0.));
#7916=DIRECTION('',(-1.,0.,0.));
#7917=DIRECTION('',(0.,-1.,0.));
#7918=DIRECTION('',(1.,0.,0.));
#7919=DIRECTION('',(0.,-1.,0.));
#7920=DIRECTION('',(1.,0.,0.));
#7921=DIRECTION('',(0.,1.,0.));
#7922=DIRECTION('',(1.,0.,0.));
#7923=DIRECTION('',(0.,-1.,0.));
#7924=DIRECTION('',(-1.,0.,0.));
#7925=DIRECTION('',(0.,1.,0.));
#7926=DIRECTION('',(-1.,0.,0.));
#7927=DIRECTION('',(0.,-1.,0.));
#7928=DIRECTION('',(-1.,0.,0.));
#7929=DIRECTION('',(0.,-1.,0.));
#7930=DIRECTION('center_axis',(0.,0.,1.));
#7931=DIRECTION('ref_axis',(-0.666666666666667,0.74535599249993,0.));
#7932=DIRECTION('',(0.,-1.,0.));
#7933=DIRECTION('center_axis',(0.,0.,1.));
#7934=DIRECTION('ref_axis',(-0.666666666666667,0.745355992499929,0.));
#7935=DIRECTION('',(0.,-1.,0.));
#7936=DIRECTION('',(1.,0.,0.));
#7937=DIRECTION('center_axis',(1.,0.,0.));
#7938=DIRECTION('ref_axis',(0.,1.,0.));
#7939=DIRECTION('center_axis',(-1.,0.,0.));
#7940=DIRECTION('ref_axis',(0.,1.,0.));
#7941=DIRECTION('',(-1.,0.,0.));
#7942=DIRECTION('center_axis',(1.,0.,0.));
#7943=DIRECTION('ref_axis',(0.,1.,0.));
#7944=DIRECTION('center_axis',(-1.,0.,0.));
#7945=DIRECTION('ref_axis',(0.,1.,0.));
#7946=DIRECTION('',(-1.,0.,0.));
#7947=DIRECTION('center_axis',(1.,0.,0.));
#7948=DIRECTION('ref_axis',(0.,-1.,0.));
#7949=DIRECTION('center_axis',(-1.,0.,0.));
#7950=DIRECTION('ref_axis',(0.,-1.,0.));
#7951=DIRECTION('center_axis',(1.,0.,0.));
#7952=DIRECTION('ref_axis',(0.,-1.,0.));
#7953=DIRECTION('center_axis',(-1.,0.,0.));
#7954=DIRECTION('ref_axis',(0.,-1.,0.));
#7955=DIRECTION('center_axis',(1.,0.,0.));
#7956=DIRECTION('ref_axis',(0.,-1.,0.));
#7957=DIRECTION('center_axis',(1.,0.,0.));
#7958=DIRECTION('ref_axis',(0.,-1.,0.));
#7959=DIRECTION('center_axis',(-1.,0.,0.));
#7960=DIRECTION('ref_axis',(0.,-1.,0.));
#7961=DIRECTION('',(1.,0.,0.));
#7962=DIRECTION('center_axis',(1.,0.,0.));
#7963=DIRECTION('ref_axis',(0.,-1.,0.));
#7964=DIRECTION('center_axis',(-1.,0.,0.));
#7965=DIRECTION('ref_axis',(0.,-1.,0.));
#7966=DIRECTION('center_axis',(1.,0.,0.));
#7967=DIRECTION('ref_axis',(0.,-1.,0.));
#7968=DIRECTION('center_axis',(1.,0.,0.));
#7969=DIRECTION('ref_axis',(0.,-1.,0.));
#7970=DIRECTION('center_axis',(-1.,0.,0.));
#7971=DIRECTION('ref_axis',(0.,-1.,0.));
#7972=DIRECTION('center_axis',(1.,0.,0.));
#7973=DIRECTION('ref_axis',(0.,-1.,0.));
#7974=DIRECTION('center_axis',(1.,0.,0.));
#7975=DIRECTION('ref_axis',(0.,-1.,0.));
#7976=DIRECTION('',(1.,0.,0.));
#7977=DIRECTION('center_axis',(1.,0.,0.));
#7978=DIRECTION('ref_axis',(0.,-1.,0.));
#7979=DIRECTION('center_axis',(-1.,0.,0.));
#7980=DIRECTION('ref_axis',(0.,-1.,0.));
#7981=DIRECTION('center_axis',(-1.,0.,0.));
#7982=DIRECTION('ref_axis',(0.,-1.,0.));
#7983=DIRECTION('center_axis',(1.,0.,0.));
#7984=DIRECTION('ref_axis',(0.,-1.,0.));
#7985=DIRECTION('center_axis',(1.,0.,0.));
#7986=DIRECTION('ref_axis',(0.,-1.,0.));
#7987=DIRECTION('center_axis',(1.,0.,0.));
#7988=DIRECTION('ref_axis',(0.,-1.,0.));
#7989=DIRECTION('center_axis',(-1.,0.,0.));
#7990=DIRECTION('ref_axis',(0.,-1.,0.));
#7991=DIRECTION('center_axis',(1.,0.,0.));
#7992=DIRECTION('ref_axis',(0.,-1.,0.));
#7993=DIRECTION('',(1.,0.,0.));
#7994=DIRECTION('center_axis',(-1.,0.,0.));
#7995=DIRECTION('ref_axis',(0.,-1.,0.));
#7996=DIRECTION('center_axis',(-1.,0.,0.));
#7997=DIRECTION('ref_axis',(0.,-1.,0.));
#7998=DIRECTION('center_axis',(-1.,0.,0.));
#7999=DIRECTION('ref_axis',(0.,1.,0.));
#8000=DIRECTION('',(0.,0.,1.));
#8001=DIRECTION('',(0.,1.,0.));
#8002=DIRECTION('',(0.,0.,1.));
#8003=DIRECTION('center_axis',(0.,-1.,0.));
#8004=DIRECTION('ref_axis',(-1.,0.,0.));
#8005=DIRECTION('center_axis',(0.,1.,0.));
#8006=DIRECTION('ref_axis',(-1.,0.,0.));
#8007=DIRECTION('',(0.,-1.,0.));
#8008=DIRECTION('center_axis',(0.,1.,0.));
#8009=DIRECTION('ref_axis',(-1.,0.,0.));
#8010=DIRECTION('',(0.,1.,0.));
#8011=DIRECTION('center_axis',(0.,1.,0.));
#8012=DIRECTION('ref_axis',(-1.,0.,0.));
#8013=DIRECTION('',(1.,0.,0.));
#8014=DIRECTION('center_axis',(0.,-1.,0.));
#8015=DIRECTION('ref_axis',(-1.,0.,0.));
#8016=DIRECTION('',(1.,0.,0.));
#8017=DIRECTION('center_axis',(0.,-1.,0.));
#8018=DIRECTION('ref_axis',(-1.,0.,0.));
#8019=DIRECTION('center_axis',(0.,1.,0.));
#8020=DIRECTION('ref_axis',(-1.,0.,0.));
#8021=DIRECTION('',(0.,-1.,0.));
#8022=DIRECTION('center_axis',(0.,1.,0.));
#8023=DIRECTION('ref_axis',(-1.,0.,0.));
#8024=DIRECTION('',(0.,1.,0.));
#8025=DIRECTION('center_axis',(0.,1.,0.));
#8026=DIRECTION('ref_axis',(-1.,0.,0.));
#8027=DIRECTION('',(1.,0.,0.));
#8028=DIRECTION('center_axis',(0.,-1.,0.));
#8029=DIRECTION('ref_axis',(-1.,0.,0.));
#8030=DIRECTION('',(1.,0.,0.));
#8031=DIRECTION('center_axis',(0.,-1.,0.));
#8032=DIRECTION('ref_axis',(-1.,0.,0.));
#8033=DIRECTION('center_axis',(0.,1.,0.));
#8034=DIRECTION('ref_axis',(-1.,0.,0.));
#8035=DIRECTION('',(0.,-1.,0.));
#8036=DIRECTION('center_axis',(0.,1.,0.));
#8037=DIRECTION('ref_axis',(-1.,0.,0.));
#8038=DIRECTION('center_axis',(0.,-1.,0.));
#8039=DIRECTION('ref_axis',(-1.,0.,0.));
#8040=DIRECTION('center_axis',(0.,1.,0.));
#8041=DIRECTION('ref_axis',(-1.,0.,0.));
#8042=DIRECTION('center_axis',(0.,1.,0.));
#8043=DIRECTION('ref_axis',(-1.,0.,0.));
#8044=DIRECTION('center_axis',(0.,-1.,0.));
#8045=DIRECTION('ref_axis',(-1.,0.,0.));
#8046=DIRECTION('center_axis',(0.,-1.,0.));
#8047=DIRECTION('ref_axis',(-1.,0.,0.));
#8048=DIRECTION('center_axis',(0.,1.,0.));
#8049=DIRECTION('ref_axis',(-1.,0.,0.));
#8050=DIRECTION('',(0.,-1.,0.));
#8051=DIRECTION('center_axis',(0.,1.,0.));
#8052=DIRECTION('ref_axis',(-1.,0.,0.));
#8053=DIRECTION('center_axis',(0.,-1.,0.));
#8054=DIRECTION('ref_axis',(-1.,0.,0.));
#8055=DIRECTION('center_axis',(0.,1.,0.));
#8056=DIRECTION('ref_axis',(-1.,0.,0.));
#8057=DIRECTION('center_axis',(0.,1.,0.));
#8058=DIRECTION('ref_axis',(-1.,0.,0.));
#8059=DIRECTION('center_axis',(0.,-1.,0.));
#8060=DIRECTION('ref_axis',(-1.,0.,0.));
#8061=DIRECTION('center_axis',(0.,-1.,0.));
#8062=DIRECTION('ref_axis',(-1.,0.,0.));
#8063=DIRECTION('center_axis',(0.,1.,0.));
#8064=DIRECTION('ref_axis',(-1.,0.,0.));
#8065=DIRECTION('',(0.,-1.,0.));
#8066=DIRECTION('center_axis',(0.,1.,0.));
#8067=DIRECTION('ref_axis',(-1.,0.,0.));
#8068=DIRECTION('',(0.,1.,0.));
#8069=DIRECTION('center_axis',(0.,1.,0.));
#8070=DIRECTION('ref_axis',(-1.,0.,0.));
#8071=DIRECTION('',(1.,0.,0.));
#8072=DIRECTION('center_axis',(0.,-1.,0.));
#8073=DIRECTION('ref_axis',(-1.,0.,0.));
#8074=DIRECTION('',(1.,0.,0.));
#8075=DIRECTION('center_axis',(0.,-1.,0.));
#8076=DIRECTION('ref_axis',(-1.,0.,0.));
#8077=DIRECTION('center_axis',(0.,1.,0.));
#8078=DIRECTION('ref_axis',(-1.,0.,0.));
#8079=DIRECTION('',(0.,-1.,0.));
#8080=DIRECTION('center_axis',(0.,1.,0.));
#8081=DIRECTION('ref_axis',(-1.,0.,0.));
#8082=DIRECTION('',(0.,1.,0.));
#8083=DIRECTION('center_axis',(0.,1.,0.));
#8084=DIRECTION('ref_axis',(-1.,0.,0.));
#8085=DIRECTION('',(1.,0.,0.));
#8086=DIRECTION('center_axis',(0.,-1.,0.));
#8087=DIRECTION('ref_axis',(-1.,0.,0.));
#8088=DIRECTION('',(1.,0.,0.));
#8089=DIRECTION('center_axis',(0.,-1.,0.));
#8090=DIRECTION('ref_axis',(-1.,0.,0.));
#8091=DIRECTION('center_axis',(0.,1.,0.));
#8092=DIRECTION('ref_axis',(-1.,0.,0.));
#8093=DIRECTION('',(0.,-1.,0.));
#8094=DIRECTION('center_axis',(0.,1.,0.));
#8095=DIRECTION('ref_axis',(-1.,0.,0.));
#8096=DIRECTION('',(0.,1.,0.));
#8097=DIRECTION('center_axis',(0.,1.,0.));
#8098=DIRECTION('ref_axis',(-1.,0.,0.));
#8099=DIRECTION('',(1.,0.,0.));
#8100=DIRECTION('center_axis',(0.,-1.,0.));
#8101=DIRECTION('ref_axis',(-1.,0.,0.));
#8102=DIRECTION('',(1.,0.,0.));
#8103=DIRECTION('center_axis',(0.,-1.,0.));
#8104=DIRECTION('ref_axis',(-1.,0.,0.));
#8105=DIRECTION('center_axis',(0.,1.,0.));
#8106=DIRECTION('ref_axis',(-1.,0.,0.));
#8107=DIRECTION('',(0.,-1.,0.));
#8108=DIRECTION('center_axis',(0.,1.,0.));
#8109=DIRECTION('ref_axis',(-1.,0.,0.));
#8110=DIRECTION('center_axis',(0.,1.,0.));
#8111=DIRECTION('ref_axis',(-1.,0.,0.));
#8112=DIRECTION('',(1.,0.,0.));
#8113=DIRECTION('center_axis',(0.,-1.,0.));
#8114=DIRECTION('ref_axis',(-1.,0.,0.));
#8115=DIRECTION('center_axis',(0.,-1.,0.));
#8116=DIRECTION('ref_axis',(-1.,0.,0.));
#8117=DIRECTION('center_axis',(0.,1.,0.));
#8118=DIRECTION('ref_axis',(-1.,0.,0.));
#8119=DIRECTION('',(0.,-1.,0.));
#8120=DIRECTION('center_axis',(0.,1.,0.));
#8121=DIRECTION('ref_axis',(-1.,0.,0.));
#8122=DIRECTION('center_axis',(0.,-1.,0.));
#8123=DIRECTION('ref_axis',(-1.,0.,0.));
#8124=DIRECTION('center_axis',(0.,1.,0.));
#8125=DIRECTION('ref_axis',(-1.,0.,0.));
#8126=DIRECTION('center_axis',(0.,-1.,0.));
#8127=DIRECTION('ref_axis',(-1.,0.,0.));
#8128=DIRECTION('center_axis',(0.,-1.,0.));
#8129=DIRECTION('ref_axis',(-1.,0.,0.));
#8130=DIRECTION('center_axis',(0.,1.,0.));
#8131=DIRECTION('ref_axis',(-1.,0.,0.));
#8132=DIRECTION('',(0.,-1.,0.));
#8133=DIRECTION('center_axis',(0.,1.,0.));
#8134=DIRECTION('ref_axis',(-1.,0.,0.));
#8135=DIRECTION('center_axis',(0.,-1.,0.));
#8136=DIRECTION('ref_axis',(-1.,0.,0.));
#8137=DIRECTION('center_axis',(0.,1.,0.));
#8138=DIRECTION('ref_axis',(-1.,0.,0.));
#8139=DIRECTION('center_axis',(0.,1.,0.));
#8140=DIRECTION('ref_axis',(-1.,0.,0.));
#8141=DIRECTION('center_axis',(0.,-1.,0.));
#8142=DIRECTION('ref_axis',(-1.,0.,0.));
#8143=DIRECTION('center_axis',(0.,-1.,0.));
#8144=DIRECTION('ref_axis',(-1.,0.,0.));
#8145=DIRECTION('center_axis',(0.,1.,0.));
#8146=DIRECTION('ref_axis',(-1.,0.,0.));
#8147=DIRECTION('',(0.,-1.,0.));
#8148=DIRECTION('center_axis',(0.,1.,0.));
#8149=DIRECTION('ref_axis',(-1.,0.,0.));
#8150=DIRECTION('',(0.,1.,0.));
#8151=DIRECTION('center_axis',(0.,1.,0.));
#8152=DIRECTION('ref_axis',(-1.,0.,0.));
#8153=DIRECTION('',(1.,0.,0.));
#8154=DIRECTION('center_axis',(0.,-1.,0.));
#8155=DIRECTION('ref_axis',(-1.,0.,0.));
#8156=DIRECTION('',(1.,0.,0.));
#8157=DIRECTION('center_axis',(0.,-1.,0.));
#8158=DIRECTION('ref_axis',(-1.,0.,0.));
#8159=DIRECTION('center_axis',(0.,1.,0.));
#8160=DIRECTION('ref_axis',(-1.,0.,0.));
#8161=DIRECTION('center_axis',(0.,1.,0.));
#8162=DIRECTION('ref_axis',(-1.,0.,0.));
#8163=DIRECTION('',(0.,1.,0.));
#8164=DIRECTION('center_axis',(0.,1.,0.));
#8165=DIRECTION('ref_axis',(-1.,0.,0.));
#8166=DIRECTION('center_axis',(0.,-1.,0.));
#8167=DIRECTION('ref_axis',(-1.,0.,0.));
#8168=DIRECTION('',(1.,0.,0.));
#8169=DIRECTION('center_axis',(0.,-1.,0.));
#8170=DIRECTION('ref_axis',(-1.,0.,0.));
#8171=DIRECTION('',(0.,-1.,0.));
#8172=DIRECTION('center_axis',(0.,1.,0.));
#8173=DIRECTION('ref_axis',(-1.,0.,0.));
#8174=DIRECTION('',(0.,1.,0.));
#8175=DIRECTION('center_axis',(0.,-1.,0.));
#8176=DIRECTION('ref_axis',(-1.,0.,0.));
#8177=DIRECTION('',(0.,-1.,0.));
#8178=DIRECTION('center_axis',(0.,1.,0.));
#8179=DIRECTION('ref_axis',(-1.,0.,0.));
#8180=DIRECTION('',(0.,1.,0.));
#8181=DIRECTION('center_axis',(0.,-1.,0.));
#8182=DIRECTION('ref_axis',(-1.,0.,0.));
#8183=DIRECTION('',(0.,-1.,0.));
#8184=DIRECTION('center_axis',(0.,1.,0.));
#8185=DIRECTION('ref_axis',(-1.,0.,0.));
#8186=DIRECTION('',(0.,1.,0.));
#8187=DIRECTION('center_axis',(0.,-1.,0.));
#8188=DIRECTION('ref_axis',(-1.,0.,0.));
#8189=DIRECTION('',(0.,-1.,0.));
#8190=DIRECTION('center_axis',(0.,1.,0.));
#8191=DIRECTION('ref_axis',(-1.,0.,0.));
#8192=DIRECTION('',(0.,1.,0.));
#8193=DIRECTION('center_axis',(0.,0.,1.));
#8194=DIRECTION('ref_axis',(1.,0.,0.));
#8195=DIRECTION('',(-1.,0.,0.));
#8196=DIRECTION('',(0.,1.,0.));
#8197=DIRECTION('',(-1.,0.,0.));
#8198=DIRECTION('',(0.,-1.,0.));
#8199=DIRECTION('',(-1.,0.,0.));
#8200=DIRECTION('',(0.,-1.,0.));
#8201=DIRECTION('',(1.,0.,0.));
#8202=DIRECTION('center_axis',(0.,-1.,0.));
#8203=DIRECTION('ref_axis',(-1.,0.,0.));
#8204=DIRECTION('center_axis',(0.,1.,0.));
#8205=DIRECTION('ref_axis',(-1.,0.,0.));
#8206=DIRECTION('',(0.,1.,0.));
#8207=DIRECTION('center_axis',(0.,0.,1.));
#8208=DIRECTION('ref_axis',(1.,0.,0.));
#8209=DIRECTION('',(-1.,0.,0.));
#8210=DIRECTION('',(0.,1.,0.));
#8211=DIRECTION('',(-1.,0.,0.));
#8212=DIRECTION('',(0.,-1.,0.));
#8213=DIRECTION('',(-1.,0.,0.));
#8214=DIRECTION('',(0.,-1.,0.));
#8215=DIRECTION('',(1.,0.,0.));
#8216=DIRECTION('center_axis',(0.,-1.,0.));
#8217=DIRECTION('ref_axis',(-1.,0.,0.));
#8218=DIRECTION('center_axis',(0.,1.,0.));
#8219=DIRECTION('ref_axis',(-1.,0.,0.));
#8220=DIRECTION('center_axis',(0.,-1.,0.));
#8221=DIRECTION('ref_axis',(-1.,0.,0.));
#8222=DIRECTION('',(0.,-1.,0.));
#8223=DIRECTION('center_axis',(0.,1.,0.));
#8224=DIRECTION('ref_axis',(-1.,0.,0.));
#8225=DIRECTION('',(0.,1.,0.));
#8226=DIRECTION('center_axis',(0.,0.,1.));
#8227=DIRECTION('ref_axis',(1.,0.,0.));
#8228=DIRECTION('',(-1.,0.,0.));
#8229=DIRECTION('',(0.,1.,0.));
#8230=DIRECTION('',(-1.,0.,0.));
#8231=DIRECTION('',(0.,-1.,0.));
#8232=DIRECTION('',(-1.,0.,0.));
#8233=DIRECTION('',(1.,0.,0.));
#8234=DIRECTION('center_axis',(0.,-1.,0.));
#8235=DIRECTION('ref_axis',(-1.,0.,0.));
#8236=DIRECTION('center_axis',(0.,1.,0.));
#8237=DIRECTION('ref_axis',(-1.,0.,0.));
#8238=DIRECTION('',(0.,1.,0.));
#8239=DIRECTION('center_axis',(0.,-1.,0.));
#8240=DIRECTION('ref_axis',(-1.,0.,0.));
#8241=DIRECTION('center_axis',(0.,-1.,0.));
#8242=DIRECTION('ref_axis',(-1.,0.,0.));
#8243=DIRECTION('',(0.,-1.,0.));
#8244=DIRECTION('center_axis',(0.,-1.,0.));
#8245=DIRECTION('ref_axis',(-1.,0.,0.));
#8246=DIRECTION('center_axis',(0.,1.,0.));
#8247=DIRECTION('ref_axis',(-1.,0.,0.));
#8248=DIRECTION('center_axis',(0.,1.,0.));
#8249=DIRECTION('ref_axis',(-1.,0.,0.));
#8250=DIRECTION('center_axis',(0.,-1.,0.));
#8251=DIRECTION('ref_axis',(-1.,0.,0.));
#8252=DIRECTION('center_axis',(0.,-1.,0.));
#8253=DIRECTION('ref_axis',(-1.,0.,0.));
#8254=DIRECTION('',(0.,1.,0.));
#8255=DIRECTION('center_axis',(0.,-1.,0.));
#8256=DIRECTION('ref_axis',(-1.,0.,0.));
#8257=DIRECTION('',(0.,-1.,0.));
#8258=DIRECTION('center_axis',(0.,1.,0.));
#8259=DIRECTION('ref_axis',(-1.,0.,0.));
#8260=DIRECTION('',(-1.,0.,0.));
#8261=DIRECTION('',(-1.,0.,0.));
#8262=DIRECTION('center_axis',(0.,-1.,0.));
#8263=DIRECTION('ref_axis',(-1.,0.,0.));
#8264=DIRECTION('center_axis',(0.,-1.,0.));
#8265=DIRECTION('ref_axis',(-1.,0.,0.));
#8266=DIRECTION('',(0.,1.,0.));
#8267=DIRECTION('center_axis',(0.,-1.,0.));
#8268=DIRECTION('ref_axis',(-1.,0.,0.));
#8269=DIRECTION('',(0.,-1.,0.));
#8270=DIRECTION('center_axis',(0.,1.,0.));
#8271=DIRECTION('ref_axis',(-1.,0.,0.));
#8272=DIRECTION('',(-1.,0.,0.));
#8273=DIRECTION('',(-1.,0.,0.));
#8274=DIRECTION('center_axis',(0.,-1.,0.));
#8275=DIRECTION('ref_axis',(-1.,0.,0.));
#8276=DIRECTION('center_axis',(0.,-1.,0.));
#8277=DIRECTION('ref_axis',(-1.,0.,0.));
#8278=DIRECTION('center_axis',(0.,-1.,0.));
#8279=DIRECTION('ref_axis',(-1.,0.,0.));
#8280=DIRECTION('',(0.,-1.,0.));
#8281=DIRECTION('center_axis',(0.,1.,0.));
#8282=DIRECTION('ref_axis',(-1.,0.,0.));
#8283=DIRECTION('',(-1.,0.,0.));
#8284=DIRECTION('center_axis',(0.,-1.,0.));
#8285=DIRECTION('ref_axis',(-1.,0.,0.));
#8286=DIRECTION('center_axis',(0.,-1.,0.));
#8287=DIRECTION('ref_axis',(-1.,0.,0.));
#8288=DIRECTION('center_axis',(0.,-1.,0.));
#8289=DIRECTION('ref_axis',(-1.,0.,0.));
#8290=DIRECTION('',(0.,-1.,0.));
#8291=DIRECTION('center_axis',(0.,1.,0.));
#8292=DIRECTION('ref_axis',(-1.,0.,0.));
#8293=DIRECTION('',(-1.,0.,0.));
#8294=DIRECTION('center_axis',(0.,-1.,0.));
#8295=DIRECTION('ref_axis',(-1.,0.,0.));
#8296=DIRECTION('center_axis',(0.,-1.,0.));
#8297=DIRECTION('ref_axis',(-1.,0.,0.));
#8298=DIRECTION('',(0.,-1.,0.));
#8299=DIRECTION('center_axis',(0.,-1.,0.));
#8300=DIRECTION('ref_axis',(-1.,0.,0.));
#8301=DIRECTION('center_axis',(0.,1.,0.));
#8302=DIRECTION('ref_axis',(-1.,0.,0.));
#8303=DIRECTION('center_axis',(0.,1.,0.));
#8304=DIRECTION('ref_axis',(-1.,0.,0.));
#8305=DIRECTION('center_axis',(0.,-1.,0.));
#8306=DIRECTION('ref_axis',(-1.,0.,0.));
#8307=DIRECTION('center_axis',(0.,-1.,0.));
#8308=DIRECTION('ref_axis',(-1.,0.,0.));
#8309=DIRECTION('',(0.,-1.,0.));
#8310=DIRECTION('center_axis',(0.,-1.,0.));
#8311=DIRECTION('ref_axis',(-1.,0.,0.));
#8312=DIRECTION('center_axis',(0.,1.,0.));
#8313=DIRECTION('ref_axis',(-1.,0.,0.));
#8314=DIRECTION('center_axis',(0.,1.,0.));
#8315=DIRECTION('ref_axis',(-1.,0.,0.));
#8316=DIRECTION('center_axis',(0.,-1.,0.));
#8317=DIRECTION('ref_axis',(-1.,0.,0.));
#8318=DIRECTION('center_axis',(0.,-1.,0.));
#8319=DIRECTION('ref_axis',(-1.,0.,0.));
#8320=DIRECTION('',(0.,1.,0.));
#8321=DIRECTION('center_axis',(0.,-1.,0.));
#8322=DIRECTION('ref_axis',(-1.,0.,0.));
#8323=DIRECTION('center_axis',(0.,1.,0.));
#8324=DIRECTION('ref_axis',(-1.,0.,0.));
#8325=DIRECTION('',(-1.,0.,0.));
#8326=DIRECTION('center_axis',(0.,-1.,0.));
#8327=DIRECTION('ref_axis',(-1.,0.,0.));
#8328=DIRECTION('center_axis',(0.,-1.,0.));
#8329=DIRECTION('ref_axis',(-1.,0.,0.));
#8330=DIRECTION('',(0.,1.,0.));
#8331=DIRECTION('center_axis',(0.,-1.,0.));
#8332=DIRECTION('ref_axis',(-1.,0.,0.));
#8333=DIRECTION('center_axis',(0.,1.,0.));
#8334=DIRECTION('ref_axis',(-1.,0.,0.));
#8335=DIRECTION('',(-1.,0.,0.));
#8336=DIRECTION('center_axis',(0.,-1.,0.));
#8337=DIRECTION('ref_axis',(-1.,0.,0.));
#8338=DIRECTION('center_axis',(0.,-1.,0.));
#8339=DIRECTION('ref_axis',(-1.,0.,0.));
#8340=DIRECTION('center_axis',(0.,-1.,0.));
#8341=DIRECTION('ref_axis',(-1.,0.,0.));
#8342=DIRECTION('center_axis',(0.,1.,0.));
#8343=DIRECTION('ref_axis',(-1.,0.,0.));
#8344=DIRECTION('center_axis',(0.,-1.,0.));
#8345=DIRECTION('ref_axis',(-1.,0.,0.));
#8346=DIRECTION('center_axis',(0.,-1.,0.));
#8347=DIRECTION('ref_axis',(-1.,0.,0.));
#8348=DIRECTION('center_axis',(0.,-1.,0.));
#8349=DIRECTION('ref_axis',(-1.,0.,0.));
#8350=DIRECTION('center_axis',(0.,1.,0.));
#8351=DIRECTION('ref_axis',(-1.,0.,0.));
#8352=DIRECTION('center_axis',(0.,-1.,0.));
#8353=DIRECTION('ref_axis',(-1.,0.,0.));
#8354=DIRECTION('center_axis',(0.,-1.,0.));
#8355=DIRECTION('ref_axis',(-1.,0.,0.));
#8356=DIRECTION('',(0.,-1.,0.));
#8357=DIRECTION('center_axis',(0.,-1.,0.));
#8358=DIRECTION('ref_axis',(-1.,0.,0.));
#8359=DIRECTION('center_axis',(0.,1.,0.));
#8360=DIRECTION('ref_axis',(-1.,0.,0.));
#8361=DIRECTION('center_axis',(0.,1.,0.));
#8362=DIRECTION('ref_axis',(-1.,0.,0.));
#8363=DIRECTION('center_axis',(0.,0.,1.));
#8364=DIRECTION('ref_axis',(1.,0.,0.));
#8365=DIRECTION('',(1.,0.,0.));
#8366=DIRECTION('',(-1.,0.,0.));
#8367=DIRECTION('center_axis',(0.,0.,1.));
#8368=DIRECTION('ref_axis',(1.,0.,0.));
#8369=DIRECTION('',(1.,0.,0.));
#8370=DIRECTION('',(-1.,0.,0.));
#8371=DIRECTION('center_axis',(0.,1.,0.));
#8372=DIRECTION('ref_axis',(1.,0.,0.));
#8373=DIRECTION('',(-1.,0.,0.));
#8374=DIRECTION('',(1.,0.,0.));
#8375=DIRECTION('',(-1.,0.,0.));
#8376=DIRECTION('center_axis',(0.,1.,0.));
#8377=DIRECTION('ref_axis',(-1.,0.,0.));
#8378=DIRECTION('center_axis',(0.,-1.,0.));
#8379=DIRECTION('ref_axis',(-1.,0.,0.));
#8380=DIRECTION('',(0.,-1.,0.));
#8381=DIRECTION('center_axis',(0.,1.,0.));
#8382=DIRECTION('ref_axis',(-1.,0.,0.));
#8383=DIRECTION('center_axis',(0.,-1.,0.));
#8384=DIRECTION('ref_axis',(-1.,0.,0.));
#8385=DIRECTION('',(0.,-1.,0.));
#8386=DIRECTION('center_axis',(0.,1.,0.));
#8387=DIRECTION('ref_axis',(-1.,0.,0.));
#8388=DIRECTION('center_axis',(0.,-1.,0.));
#8389=DIRECTION('ref_axis',(-1.,0.,0.));
#8390=DIRECTION('',(0.,-1.,0.));
#8391=DIRECTION('center_axis',(0.,1.,0.));
#8392=DIRECTION('ref_axis',(-1.,0.,0.));
#8393=DIRECTION('center_axis',(0.,-1.,0.));
#8394=DIRECTION('ref_axis',(-1.,0.,0.));
#8395=DIRECTION('',(0.,-1.,0.));
#8396=DIRECTION('center_axis',(0.,0.,1.));
#8397=DIRECTION('ref_axis',(1.,0.,0.));
#8398=DIRECTION('',(1.,0.,0.));
#8399=DIRECTION('center_axis',(0.,0.,1.));
#8400=DIRECTION('ref_axis',(1.,0.,0.));
#8401=DIRECTION('',(1.,0.,0.));
#8402=DIRECTION('center_axis',(0.,0.,1.));
#8403=DIRECTION('ref_axis',(1.,0.,0.));
#8404=DIRECTION('',(0.,0.,1.));
#8405=DIRECTION('center_axis',(0.,0.,1.));
#8406=DIRECTION('ref_axis',(0.,-1.,0.));
#8407=DIRECTION('',(0.,0.,1.));
#8408=DIRECTION('center_axis',(0.,0.,1.));
#8409=DIRECTION('ref_axis',(1.,0.,0.));
#8410=DIRECTION('center_axis',(0.,0.,1.));
#8411=DIRECTION('ref_axis',(1.,0.,0.));
#8412=DIRECTION('',(0.,0.,1.));
#8413=DIRECTION('center_axis',(0.,0.,1.));
#8414=DIRECTION('ref_axis',(1.,0.,0.));
#8415=DIRECTION('center_axis',(0.,0.,1.));
#8416=DIRECTION('ref_axis',(1.,0.,0.));
#8417=DIRECTION('center_axis',(0.,0.,1.));
#8418=DIRECTION('ref_axis',(1.,0.,0.));
#8419=DIRECTION('center_axis',(0.,0.,1.));
#8420=DIRECTION('ref_axis',(1.,0.,0.));
#8421=DIRECTION('center_axis',(0.,0.,1.));
#8422=DIRECTION('ref_axis',(1.,0.,0.));
#8423=DIRECTION('center_axis',(0.,0.,1.));
#8424=DIRECTION('ref_axis',(1.,0.,0.));
#8425=DIRECTION('',(0.,0.,1.));
#8426=DIRECTION('center_axis',(0.,0.,1.));
#8427=DIRECTION('ref_axis',(1.,0.,0.));
#8428=DIRECTION('center_axis',(0.,0.,1.));
#8429=DIRECTION('ref_axis',(1.,0.,0.));
#8430=DIRECTION('center_axis',(0.,0.,1.));
#8431=DIRECTION('ref_axis',(1.,0.,0.));
#8432=DIRECTION('center_axis',(0.,0.,1.));
#8433=DIRECTION('ref_axis',(1.,0.,0.));
#8434=DIRECTION('center_axis',(0.,0.,1.));
#8435=DIRECTION('ref_axis',(1.,0.,0.));
#8436=DIRECTION('center_axis',(0.,0.,1.));
#8437=DIRECTION('ref_axis',(1.,0.,0.));
#8438=DIRECTION('',(0.,0.,1.));
#8439=DIRECTION('center_axis',(0.,0.,1.));
#8440=DIRECTION('ref_axis',(1.,0.,0.));
#8441=DIRECTION('center_axis',(0.,0.,1.));
#8442=DIRECTION('ref_axis',(1.,0.,0.));
#8443=DIRECTION('center_axis',(0.,0.,1.));
#8444=DIRECTION('ref_axis',(1.,0.,0.));
#8445=DIRECTION('center_axis',(0.,0.,1.));
#8446=DIRECTION('ref_axis',(1.,0.,0.));
#8447=DIRECTION('center_axis',(0.,0.,1.));
#8448=DIRECTION('ref_axis',(1.,0.,0.));
#8449=DIRECTION('center_axis',(0.,0.,1.));
#8450=DIRECTION('ref_axis',(1.,0.,0.));
#8451=DIRECTION('',(0.,0.,1.));
#8452=DIRECTION('center_axis',(0.,0.,1.));
#8453=DIRECTION('ref_axis',(1.,0.,0.));
#8454=DIRECTION('center_axis',(0.,0.,1.));
#8455=DIRECTION('ref_axis',(1.,0.,0.));
#8456=DIRECTION('center_axis',(0.,0.,1.));
#8457=DIRECTION('ref_axis',(1.,0.,0.));
#8458=DIRECTION('center_axis',(0.,0.,1.));
#8459=DIRECTION('ref_axis',(1.,0.,0.));
#8460=DIRECTION('center_axis',(0.,0.,1.));
#8461=DIRECTION('ref_axis',(1.,0.,0.));
#8462=DIRECTION('center_axis',(0.,0.,1.));
#8463=DIRECTION('ref_axis',(1.,0.,0.));
#8464=DIRECTION('',(0.,0.,1.));
#8465=DIRECTION('center_axis',(0.,0.,1.));
#8466=DIRECTION('ref_axis',(1.,0.,0.));
#8467=DIRECTION('center_axis',(0.,0.,1.));
#8468=DIRECTION('ref_axis',(1.,0.,0.));
#8469=DIRECTION('center_axis',(0.,0.,1.));
#8470=DIRECTION('ref_axis',(1.,0.,0.));
#8471=DIRECTION('center_axis',(0.,0.,1.));
#8472=DIRECTION('ref_axis',(1.,0.,0.));
#8473=DIRECTION('center_axis',(0.,0.,1.));
#8474=DIRECTION('ref_axis',(1.,0.,0.));
#8475=DIRECTION('',(0.,0.,-1.));
#8476=DIRECTION('center_axis',(0.,0.,-1.));
#8477=DIRECTION('ref_axis',(1.,0.,0.));
#8478=DIRECTION('center_axis',(0.,0.,1.));
#8479=DIRECTION('ref_axis',(1.,0.,0.));
#8480=DIRECTION('',(0.,0.,-1.));
#8481=DIRECTION('center_axis',(0.,0.,-1.));
#8482=DIRECTION('ref_axis',(1.,0.,0.));
#8483=DIRECTION('center_axis',(0.,0.,1.));
#8484=DIRECTION('ref_axis',(1.,0.,0.));
#8485=DIRECTION('',(0.,0.,-1.));
#8486=DIRECTION('center_axis',(0.,0.,-1.));
#8487=DIRECTION('ref_axis',(1.,0.,0.));
#8488=DIRECTION('center_axis',(0.,0.,1.));
#8489=DIRECTION('ref_axis',(1.,0.,0.));
#8490=DIRECTION('',(0.,0.,-1.));
#8491=DIRECTION('center_axis',(0.,0.,-1.));
#8492=DIRECTION('ref_axis',(1.,0.,0.));
#8493=DIRECTION('center_axis',(0.,0.,1.));
#8494=DIRECTION('ref_axis',(1.,0.,0.));
#8495=DIRECTION('',(0.,0.,-1.));
#8496=DIRECTION('center_axis',(0.,0.,-1.));
#8497=DIRECTION('ref_axis',(1.,0.,0.));
#8498=DIRECTION('center_axis',(0.,0.,1.));
#8499=DIRECTION('ref_axis',(1.,0.,0.));
#8500=DIRECTION('center_axis',(0.,0.,1.));
#8501=DIRECTION('ref_axis',(1.,0.,0.));
#8502=DIRECTION('',(0.,0.,-1.));
#8503=DIRECTION('center_axis',(0.,0.,1.));
#8504=DIRECTION('ref_axis',(1.,0.,0.));
#8505=DIRECTION('center_axis',(0.,0.,1.));
#8506=DIRECTION('ref_axis',(1.,0.,0.));
#8507=DIRECTION('center_axis',(0.,0.,1.));
#8508=DIRECTION('ref_axis',(1.,0.,0.));
#8509=DIRECTION('',(0.,0.,-1.));
#8510=DIRECTION('center_axis',(0.,0.,1.));
#8511=DIRECTION('ref_axis',(1.,0.,0.));
#8512=DIRECTION('center_axis',(0.,0.,1.));
#8513=DIRECTION('ref_axis',(1.,0.,0.));
#8514=DIRECTION('center_axis',(0.,0.,-1.));
#8515=DIRECTION('ref_axis',(1.,0.,0.));
#8516=DIRECTION('center_axis',(0.,0.,1.));
#8517=DIRECTION('ref_axis',(1.,0.,0.));
#8518=DIRECTION('center_axis',(0.,0.,-1.));
#8519=DIRECTION('ref_axis',(1.,0.,0.));
#8520=DIRECTION('center_axis',(0.,0.,1.));
#8521=DIRECTION('ref_axis',(1.,0.,0.));
#8522=DIRECTION('center_axis',(0.,0.,-1.));
#8523=DIRECTION('ref_axis',(1.,0.,0.));
#8524=DIRECTION('center_axis',(0.,0.,1.));
#8525=DIRECTION('ref_axis',(1.,0.,0.));
#8526=DIRECTION('center_axis',(0.,0.,-1.));
#8527=DIRECTION('ref_axis',(1.,0.,0.));
#8528=DIRECTION('center_axis',(0.,0.,1.));
#8529=DIRECTION('ref_axis',(1.,0.,0.));
#8530=DIRECTION('center_axis',(0.,0.,-1.));
#8531=DIRECTION('ref_axis',(1.,0.,0.));
#8532=DIRECTION('center_axis',(0.,-1.,0.));
#8533=DIRECTION('ref_axis',(1.,0.,0.));
#8534=DIRECTION('',(0.,0.,1.));
#8535=DIRECTION('center_axis',(1.,0.,0.));
#8536=DIRECTION('ref_axis',(0.,1.,0.));
#8537=DIRECTION('',(0.,0.,1.));
#8538=DIRECTION('center_axis',(3.26536183713281E-17,1.,0.));
#8539=DIRECTION('ref_axis',(-1.,3.26536183713281E-17,0.));
#8540=DIRECTION('center_axis',(0.,0.,-1.));
#8541=DIRECTION('ref_axis',(1.,0.,0.));
#8542=DIRECTION('center_axis',(0.,0.,1.));
#8543=DIRECTION('ref_axis',(1.,0.,0.));
#8544=DIRECTION('',(0.,0.,1.));
#8545=DIRECTION('center_axis',(0.,0.,-1.));
#8546=DIRECTION('ref_axis',(1.,0.,0.));
#8547=DIRECTION('center_axis',(0.,0.,1.));
#8548=DIRECTION('ref_axis',(1.,0.,0.));
#8549=DIRECTION('',(0.,0.,1.));
#8550=DIRECTION('center_axis',(0.,0.,-1.));
#8551=DIRECTION('ref_axis',(-1.,0.,0.));
#8552=DIRECTION('',(0.,0.,1.));
#8553=DIRECTION('center_axis',(0.,0.,1.));
#8554=DIRECTION('ref_axis',(-1.,0.,0.));
#8555=DIRECTION('',(0.,0.,1.));
#8556=DIRECTION('center_axis',(1.,0.,0.));
#8557=DIRECTION('ref_axis',(0.,-1.,0.));
#8558=DIRECTION('',(0.,-1.,0.));
#8559=DIRECTION('',(0.,0.,1.));
#8560=DIRECTION('center_axis',(0.,0.,-1.));
#8561=DIRECTION('ref_axis',(8.88178419700126E-16,1.,0.));
#8562=DIRECTION('center_axis',(0.,0.,1.));
#8563=DIRECTION('ref_axis',(8.88178419700126E-16,1.,0.));
#8564=DIRECTION('',(0.,0.,1.));
#8565=DIRECTION('center_axis',(1.64477485129653E-16,-1.,0.));
#8566=DIRECTION('ref_axis',(-1.,-1.64477485129653E-16,0.));
#8567=DIRECTION('',(-1.,-1.64477485129653E-16,0.));
#8568=DIRECTION('',(0.,0.,1.));
#8569=DIRECTION('center_axis',(0.,0.,-1.));
#8570=DIRECTION('ref_axis',(1.,0.,0.));
#8571=DIRECTION('center_axis',(0.,0.,1.));
#8572=DIRECTION('ref_axis',(1.,0.,0.));
#8573=DIRECTION('',(0.,0.,1.));
#8574=DIRECTION('center_axis',(-1.,0.,0.));
#8575=DIRECTION('ref_axis',(0.,1.,0.));
#8576=DIRECTION('',(0.,1.,0.));
#8577=DIRECTION('',(0.,0.,1.));
#8578=DIRECTION('center_axis',(0.,0.,-1.));
#8579=DIRECTION('ref_axis',(0.,-1.,0.));
#8580=DIRECTION('center_axis',(0.,0.,1.));
#8581=DIRECTION('ref_axis',(0.,-1.,0.));
#8582=DIRECTION('',(0.,0.,-1.));
#8583=DIRECTION('center_axis',(4.11193712824132E-17,1.,0.));
#8584=DIRECTION('ref_axis',(1.,-4.11193712824132E-17,0.));
#8585=DIRECTION('',(1.,-4.11193712824132E-17,0.));
#8586=DIRECTION('center_axis',(0.,0.,-1.));
#8587=DIRECTION('ref_axis',(1.,0.,0.));
#8588=DIRECTION('center_axis',(0.,0.,1.));
#8589=DIRECTION('ref_axis',(1.,0.,0.));
#8590=DIRECTION('',(0.,0.,1.));
#8591=DIRECTION('center_axis',(0.,0.,-1.));
#8592=DIRECTION('ref_axis',(1.,0.,0.));
#8593=DIRECTION('center_axis',(0.,0.,1.));
#8594=DIRECTION('ref_axis',(1.,0.,0.));
#8595=DIRECTION('',(0.,0.,1.));
#8596=DIRECTION('center_axis',(0.,0.,-1.));
#8597=DIRECTION('ref_axis',(1.,0.,0.));
#8598=DIRECTION('center_axis',(0.,0.,1.));
#8599=DIRECTION('ref_axis',(1.,0.,0.));
#8600=DIRECTION('',(0.,0.,1.));
#8601=DIRECTION('center_axis',(-1.,0.,0.));
#8602=DIRECTION('ref_axis',(0.,1.,0.));
#8603=DIRECTION('',(0.,0.,1.));
#8604=DIRECTION('',(0.,1.,0.));
#8605=DIRECTION('',(0.,0.,1.));
#8606=DIRECTION('center_axis',(0.,-1.,0.));
#8607=DIRECTION('ref_axis',(-1.,0.,0.));
#8608=DIRECTION('',(-1.,0.,0.));
#8609=DIRECTION('center_axis',(0.,0.,-1.));
#8610=DIRECTION('ref_axis',(-0.666666666666667,0.74535599249993,0.));
#8611=DIRECTION('center_axis',(0.,0.,-1.));
#8612=DIRECTION('ref_axis',(-0.666666666666667,0.74535599249993,0.));
#8613=DIRECTION('',(0.,0.,1.));
#8614=DIRECTION('center_axis',(-1.,0.,0.));
#8615=DIRECTION('ref_axis',(0.,1.,0.));
#8616=DIRECTION('',(0.,1.,0.));
#8617=DIRECTION('',(0.,0.,-1.));
#8618=DIRECTION('center_axis',(0.,0.,-1.));
#8619=DIRECTION('ref_axis',(-0.666666666666667,0.745355992499929,0.));
#8620=DIRECTION('center_axis',(0.,0.,-1.));
#8621=DIRECTION('ref_axis',(-0.666666666666667,0.745355992499929,0.));
#8622=DIRECTION('center_axis',(0.,0.,1.));
#8623=DIRECTION('ref_axis',(1.,0.,0.));
#8624=DIRECTION('center_axis',(0.,0.,-1.));
#8625=DIRECTION('ref_axis',(1.,0.,0.));
#8626=DIRECTION('center_axis',(0.,0.,1.));
#8627=DIRECTION('ref_axis',(1.,0.,0.));
#8628=DIRECTION('',(0.,0.,-1.));
#8629=DIRECTION('center_axis',(0.,0.,1.));
#8630=DIRECTION('ref_axis',(1.,0.,0.));
#8631=DIRECTION('center_axis',(0.,0.,-1.));
#8632=DIRECTION('ref_axis',(1.,0.,0.));
#8633=DIRECTION('center_axis',(0.,0.,1.));
#8634=DIRECTION('ref_axis',(1.,0.,0.));
#8635=DIRECTION('',(0.,0.,-1.));
#8636=DIRECTION('center_axis',(0.,0.,1.));
#8637=DIRECTION('ref_axis',(1.,0.,0.));
#8638=DIRECTION('center_axis',(0.,0.,-1.));
#8639=DIRECTION('ref_axis',(1.,0.,0.));
#8640=DIRECTION('center_axis',(0.,0.,1.));
#8641=DIRECTION('ref_axis',(1.,0.,0.));
#8642=DIRECTION('',(0.,0.,-1.));
#8643=DIRECTION('center_axis',(0.,0.,1.));
#8644=DIRECTION('ref_axis',(1.,0.,0.));
#8645=DIRECTION('center_axis',(0.,0.,1.));
#8646=DIRECTION('ref_axis',(1.,0.,0.));
#8647=DIRECTION('',(0.,-1.,0.));
#8648=DIRECTION('center_axis',(0.,0.,-1.));
#8649=DIRECTION('ref_axis',(1.,0.,0.));
#8650=DIRECTION('center_axis',(0.,0.,-1.));
#8651=DIRECTION('ref_axis',(-0.666666666666667,0.745355992499929,0.));
#8652=DIRECTION('center_axis',(0.,0.,-1.));
#8653=DIRECTION('ref_axis',(1.,0.,0.));
#8654=DIRECTION('center_axis',(0.,0.,-1.));
#8655=DIRECTION('ref_axis',(1.,0.,0.));
#8656=DIRECTION('',(0.,0.,-1.));
#8657=DIRECTION('center_axis',(0.,0.,1.));
#8658=DIRECTION('ref_axis',(1.,0.,0.));
#8659=DIRECTION('',(0.,0.,1.));
#8660=DIRECTION('',(0.,0.,-1.));
#8661=DIRECTION('center_axis',(0.,0.,-1.));
#8662=DIRECTION('ref_axis',(1.,0.,0.));
#8663=DIRECTION('',(0.,0.,1.));
#8664=DIRECTION('center_axis',(0.,0.,1.));
#8665=DIRECTION('ref_axis',(1.,0.,0.));
#8666=DIRECTION('',(0.,-1.,0.));
#8667=DIRECTION('center_axis',(0.,0.,-1.));
#8668=DIRECTION('ref_axis',(1.,0.,0.));
#8669=DIRECTION('center_axis',(0.,0.,-1.));
#8670=DIRECTION('ref_axis',(-0.666666666666667,0.74535599249993,0.));
#8671=DIRECTION('center_axis',(0.,0.,-1.));
#8672=DIRECTION('ref_axis',(1.,0.,0.));
#8673=DIRECTION('center_axis',(0.,0.,-1.));
#8674=DIRECTION('ref_axis',(1.,0.,0.));
#8675=DIRECTION('',(0.,0.,-1.));
#8676=DIRECTION('center_axis',(0.,0.,1.));
#8677=DIRECTION('ref_axis',(1.,0.,0.));
#8678=DIRECTION('',(0.,0.,1.));
#8679=DIRECTION('',(0.,0.,-1.));
#8680=DIRECTION('center_axis',(0.,0.,-1.));
#8681=DIRECTION('ref_axis',(1.,0.,0.));
#8682=DIRECTION('',(0.,0.,-1.));
#8683=DIRECTION('center_axis',(0.,0.,-1.));
#8684=DIRECTION('ref_axis',(1.,0.,0.));
#8685=DIRECTION('center_axis',(0.,0.,-1.));
#8686=DIRECTION('ref_axis',(1.,0.,0.));
#8687=DIRECTION('',(0.,0.,-1.));
#8688=DIRECTION('center_axis',(0.,0.,-1.));
#8689=DIRECTION('ref_axis',(1.,0.,0.));
#8690=DIRECTION('center_axis',(0.,0.,1.));
#8691=DIRECTION('ref_axis',(1.,0.,0.));
#8692=DIRECTION('center_axis',(0.,0.,-1.));
#8693=DIRECTION('ref_axis',(-0.666666666666667,0.745355992499929,0.));
#8694=DIRECTION('',(0.,0.,1.));
#8695=DIRECTION('center_axis',(0.,0.,1.));
#8696=DIRECTION('ref_axis',(-0.666666666666667,0.745355992499929,0.));
#8697=DIRECTION('',(0.,0.,-1.));
#8698=DIRECTION('center_axis',(-1.,0.,0.));
#8699=DIRECTION('ref_axis',(0.,1.,0.));
#8700=DIRECTION('',(0.,1.,0.));
#8701=DIRECTION('',(0.,0.,-1.));
#8702=DIRECTION('',(0.,1.,0.));
#8703=DIRECTION('',(0.,0.,-1.));
#8704=DIRECTION('',(0.,1.,0.));
#8705=DIRECTION('',(0.,1.,0.));
#8706=DIRECTION('center_axis',(0.,0.,1.));
#8707=DIRECTION('ref_axis',(1.,0.,0.));
#8708=DIRECTION('',(0.,1.,0.));
#8709=DIRECTION('',(-1.,0.,0.));
#8710=DIRECTION('',(0.,-1.,0.));
#8711=DIRECTION('center_axis',(0.,0.,-1.));
#8712=DIRECTION('ref_axis',(1.,0.,0.));
#8713=DIRECTION('',(1.,0.,0.));
#8714=DIRECTION('',(0.,1.,0.));
#8715=DIRECTION('',(0.,1.,0.));
#8716=DIRECTION('center_axis',(0.,0.,1.));
#8717=DIRECTION('ref_axis',(1.,0.,0.));
#8718=DIRECTION('center_axis',(0.,0.,1.));
#8719=DIRECTION('ref_axis',(1.,0.,0.));
#8720=DIRECTION('',(1.,-4.11193712824132E-17,0.));
#8721=DIRECTION('center_axis',(0.,0.,1.));
#8722=DIRECTION('ref_axis',(-1.,0.,0.));
#8723=DIRECTION('',(0.,-1.,0.));
#8724=DIRECTION('center_axis',(0.,0.,1.));
#8725=DIRECTION('ref_axis',(8.88178419700126E-16,1.,0.));
#8726=DIRECTION('',(-1.,-1.64477485129653E-16,0.));
#8727=DIRECTION('center_axis',(0.,0.,1.));
#8728=DIRECTION('ref_axis',(1.,0.,0.));
#8729=DIRECTION('',(0.,1.,0.));
#8730=DIRECTION('center_axis',(0.,0.,1.));
#8731=DIRECTION('ref_axis',(0.,-1.,0.));
#8732=DIRECTION('center_axis',(0.,0.,1.));
#8733=DIRECTION('ref_axis',(1.,0.,0.));
#8734=DIRECTION('center_axis',(0.,0.,1.));
#8735=DIRECTION('ref_axis',(1.,0.,0.));
#8736=DIRECTION('center_axis',(0.,0.,1.));
#8737=DIRECTION('ref_axis',(1.,0.,0.));
#8738=DIRECTION('center_axis',(-1.,0.,0.));
#8739=DIRECTION('ref_axis',(0.,1.,0.));
#8740=DIRECTION('',(0.,-1.,0.));
#8741=DIRECTION('center_axis',(1.,0.,0.));
#8742=DIRECTION('ref_axis',(0.,1.,0.));
#8743=DIRECTION('',(0.,-1.,0.));
#8744=DIRECTION('center_axis',(-1.,0.,0.));
#8745=DIRECTION('ref_axis',(0.,1.,0.));
#8746=DIRECTION('center_axis',(1.,0.,0.));
#8747=DIRECTION('ref_axis',(0.,1.,0.));
#8748=DIRECTION('',(1.,0.,0.));
#8749=DIRECTION('',(-1.,0.,0.));
#8750=DIRECTION('center_axis',(1.,0.,0.));
#8751=DIRECTION('ref_axis',(0.,1.,0.));
#8752=DIRECTION('center_axis',(1.,0.,0.));
#8753=DIRECTION('ref_axis',(0.,1.,0.));
#8754=DIRECTION('',(1.,0.,0.));
#8755=DIRECTION('center_axis',(-1.,0.,0.));
#8756=DIRECTION('ref_axis',(0.,1.,0.));
#8757=DIRECTION('',(-1.,0.,0.));
#8758=DIRECTION('center_axis',(0.,0.,1.));
#8759=DIRECTION('ref_axis',(1.,0.,0.));
#8760=DIRECTION('',(0.,1.,0.));
#8761=DIRECTION('',(0.,1.,0.));
#8762=DIRECTION('',(-1.,0.,0.));
#8763=DIRECTION('',(0.,1.,0.));
#8764=DIRECTION('',(1.,0.,0.));
#8765=DIRECTION('',(0.,1.,0.));
#8766=DIRECTION('',(1.,0.,0.));
#8767=DIRECTION('',(0.,-1.,0.));
#8768=DIRECTION('',(1.,0.,0.));
#8769=DIRECTION('center_axis',(0.,0.,-1.));
#8770=DIRECTION('ref_axis',(1.,0.,0.));
#8771=DIRECTION('',(0.,-1.,0.));
#8772=DIRECTION('',(1.,0.,0.));
#8773=DIRECTION('',(0.,-1.,0.));
#8774=DIRECTION('',(-1.,0.,0.));
#8775=DIRECTION('',(0.,-1.,0.));
#8776=DIRECTION('',(-1.,0.,0.));
#8777=DIRECTION('center_axis',(0.,0.,1.));
#8778=DIRECTION('ref_axis',(1.,0.,0.));
#8779=DIRECTION('',(1.,0.,0.));
#8780=DIRECTION('',(0.,1.,0.));
#8781=DIRECTION('center_axis',(1.,0.,0.));
#8782=DIRECTION('ref_axis',(0.,1.,0.));
#8783=DIRECTION('center_axis',(1.,0.,0.));
#8784=DIRECTION('ref_axis',(0.,1.,0.));
#8785=DIRECTION('center_axis',(1.,0.,0.));
#8786=DIRECTION('ref_axis',(0.,1.,0.));
#8787=DIRECTION('center_axis',(-1.,0.,0.));
#8788=DIRECTION('ref_axis',(0.,1.,0.));
#8789=DIRECTION('center_axis',(-1.,0.,0.));
#8790=DIRECTION('ref_axis',(0.,1.,0.));
#8791=DIRECTION('center_axis',(0.,0.,-1.));
#8792=DIRECTION('ref_axis',(1.,0.,0.));
#8793=DIRECTION('',(0.,0.,-1.));
#8794=DIRECTION('',(0.,0.,-1.));
#8795=DIRECTION('center_axis',(-1.,0.,0.));
#8796=DIRECTION('ref_axis',(0.,-1.,0.));
#8797=DIRECTION('',(0.,0.,-1.));
#8798=DIRECTION('',(0.,1.,0.));
#8799=DIRECTION('center_axis',(1.,0.,0.));
#8800=DIRECTION('ref_axis',(0.,1.,0.));
#8801=DIRECTION('',(0.,1.,0.));
#8802=DIRECTION('center_axis',(1.,0.,0.));
#8803=DIRECTION('ref_axis',(0.,1.,0.));
#8804=DIRECTION('center_axis',(1.,0.,0.));
#8805=DIRECTION('ref_axis',(0.,1.,0.));
#8806=DIRECTION('center_axis',(1.,0.,0.));
#8807=DIRECTION('ref_axis',(0.,1.,0.));
#8808=DIRECTION('center_axis',(1.,0.,0.));
#8809=DIRECTION('ref_axis',(0.,1.,0.));
#8810=DIRECTION('center_axis',(-1.,0.,0.));
#8811=DIRECTION('ref_axis',(0.,1.,0.));
#8812=DIRECTION('',(1.,0.,0.));
#8813=DIRECTION('center_axis',(-1.,0.,0.));
#8814=DIRECTION('ref_axis',(0.,1.,0.));
#8815=DIRECTION('',(-1.,0.,0.));
#8816=DIRECTION('center_axis',(1.,0.,0.));
#8817=DIRECTION('ref_axis',(0.,1.,0.));
#8818=DIRECTION('center_axis',(-1.,0.,0.));
#8819=DIRECTION('ref_axis',(0.,1.,0.));
#8820=DIRECTION('',(0.,-1.,0.));
#8821=DIRECTION('',(0.,-1.,0.));
#8822=DIRECTION('center_axis',(1.,0.,0.));
#8823=DIRECTION('ref_axis',(0.,1.,0.));
#8824=DIRECTION('center_axis',(-1.,0.,0.));
#8825=DIRECTION('ref_axis',(0.,1.,0.));
#8826=DIRECTION('',(0.,0.,1.));
#8827=DIRECTION('',(0.,1.,0.));
#8828=DIRECTION('center_axis',(1.,0.,0.));
#8829=DIRECTION('ref_axis',(0.,1.,0.));
#8830=DIRECTION('center_axis',(-1.,0.,0.));
#8831=DIRECTION('ref_axis',(0.,1.,0.));
#8832=DIRECTION('',(-1.,0.,0.));
#8833=DIRECTION('center_axis',(-1.,0.,0.));
#8834=DIRECTION('ref_axis',(0.,1.,0.));
#8835=DIRECTION('center_axis',(-1.,0.,0.));
#8836=DIRECTION('ref_axis',(0.,1.,0.));
#8837=DIRECTION('',(0.,-1.,0.));
#8838=DIRECTION('center_axis',(1.,0.,0.));
#8839=DIRECTION('ref_axis',(0.,1.,0.));
#8840=DIRECTION('center_axis',(1.,0.,0.));
#8841=DIRECTION('ref_axis',(0.,1.,0.));
#8842=DIRECTION('center_axis',(-1.,0.,0.));
#8843=DIRECTION('ref_axis',(0.,1.,0.));
#8844=DIRECTION('',(-1.,0.,0.));
#8845=DIRECTION('center_axis',(1.,0.,0.));
#8846=DIRECTION('ref_axis',(0.,1.,0.));
#8847=DIRECTION('',(-1.,0.,0.));
#8848=DIRECTION('center_axis',(1.,0.,0.));
#8849=DIRECTION('ref_axis',(0.,1.,0.));
#8850=DIRECTION('',(1.,0.,0.));
#8851=DIRECTION('center_axis',(-1.,0.,0.));
#8852=DIRECTION('ref_axis',(0.,1.,0.));
#8853=DIRECTION('center_axis',(1.,0.,0.));
#8854=DIRECTION('ref_axis',(0.,1.,0.));
#8855=DIRECTION('center_axis',(-1.,0.,0.));
#8856=DIRECTION('ref_axis',(0.,1.,0.));
#8857=DIRECTION('center_axis',(1.,0.,0.));
#8858=DIRECTION('ref_axis',(0.,1.,0.));
#8859=DIRECTION('center_axis',(-1.,0.,0.));
#8860=DIRECTION('ref_axis',(0.,1.,0.));
#8861=DIRECTION('',(0.,0.,1.));
#8862=DIRECTION('center_axis',(1.,0.,0.));
#8863=DIRECTION('ref_axis',(0.,1.,0.));
#8864=DIRECTION('center_axis',(-1.,0.,0.));
#8865=DIRECTION('ref_axis',(0.,1.,0.));
#8866=DIRECTION('',(-1.,0.,0.));
#8867=DIRECTION('center_axis',(-1.,0.,0.));
#8868=DIRECTION('ref_axis',(0.,1.,0.));
#8869=DIRECTION('',(-1.,0.,0.));
#8870=DIRECTION('center_axis',(1.,0.,0.));
#8871=DIRECTION('ref_axis',(0.,1.,0.));
#8872=DIRECTION('',(1.,0.,0.));
#8873=DIRECTION('center_axis',(-1.,0.,0.));
#8874=DIRECTION('ref_axis',(0.,1.,0.));
#8875=DIRECTION('center_axis',(-1.,0.,0.));
#8876=DIRECTION('ref_axis',(0.,1.,0.));
#8877=DIRECTION('center_axis',(1.,0.,0.));
#8878=DIRECTION('ref_axis',(0.,1.,0.));
#8879=DIRECTION('center_axis',(1.,0.,0.));
#8880=DIRECTION('ref_axis',(0.,1.,0.));
#8881=DIRECTION('',(1.,0.,0.));
#8882=DIRECTION('center_axis',(-1.,0.,0.));
#8883=DIRECTION('ref_axis',(0.,1.,0.));
#8884=DIRECTION('',(-1.,0.,0.));
#8885=DIRECTION('center_axis',(1.,0.,0.));
#8886=DIRECTION('ref_axis',(0.,1.,0.));
#8887=DIRECTION('center_axis',(-1.,0.,0.));
#8888=DIRECTION('ref_axis',(0.,1.,0.));
#8889=DIRECTION('',(-1.,0.,0.));
#8890=DIRECTION('center_axis',(0.,0.,1.));
#8891=DIRECTION('ref_axis',(1.,0.,0.));
#8892=DIRECTION('',(0.,-1.,0.));
#8893=DIRECTION('',(0.,1.,0.));
#8894=DIRECTION('',(-1.,0.,0.));
#8895=DIRECTION('',(1.,0.,0.));
#8896=DIRECTION('',(0.,1.,0.));
#8897=DIRECTION('center_axis',(0.,0.,1.));
#8898=DIRECTION('ref_axis',(1.,0.,0.));
#8899=DIRECTION('',(1.,0.,0.));
#8900=DIRECTION('',(0.,1.,0.));
#8901=DIRECTION('',(-1.,0.,0.));
#8902=DIRECTION('',(0.,-1.,0.));
#8903=DIRECTION('',(1.,0.,0.));
#8904=DIRECTION('',(0.,1.,0.));
#8905=DIRECTION('',(-1.,0.,0.));
#8906=DIRECTION('',(0.,-1.,0.));
#8907=DIRECTION('',(1.,0.,0.));
#8908=DIRECTION('',(0.,1.,0.));
#8909=DIRECTION('',(-1.,0.,0.));
#8910=DIRECTION('',(0.,-1.,0.));
#8911=DIRECTION('',(1.,0.,0.));
#8912=DIRECTION('',(0.,1.,0.));
#8913=DIRECTION('',(-1.,0.,0.));
#8914=DIRECTION('',(0.,-1.,0.));
#8915=DIRECTION('center_axis',(0.,0.,-1.));
#8916=DIRECTION('ref_axis',(1.,0.,0.));
#8917=DIRECTION('',(0.,1.,0.));
#8918=DIRECTION('',(0.,-1.,0.));
#8919=DIRECTION('',(0.,1.,0.));
#8920=DIRECTION('center_axis',(0.,0.,-1.));
#8921=DIRECTION('ref_axis',(0.,-1.,0.));
#8922=DIRECTION('',(-1.,3.26536183713281E-17,0.));
#8923=DIRECTION('center_axis',(0.,0.,1.));
#8924=DIRECTION('ref_axis',(1.,0.,0.));
#8925=DIRECTION('',(-1.,4.11193712824132E-17,0.));
#8926=DIRECTION('center_axis',(0.,0.,-1.));
#8927=DIRECTION('ref_axis',(0.,-1.,0.));
#8928=DIRECTION('',(0.,-1.,0.));
#8929=DIRECTION('center_axis',(0.,0.,-1.));
#8930=DIRECTION('ref_axis',(1.,0.,0.));
#8931=DIRECTION('',(1.,1.64477485129653E-16,0.));
#8932=DIRECTION('center_axis',(0.,0.,-1.));
#8933=DIRECTION('ref_axis',(8.88178419700126E-16,1.,0.));
#8934=DIRECTION('',(0.,1.,0.));
#8935=DIRECTION('center_axis',(0.,0.,-1.));
#8936=DIRECTION('ref_axis',(-1.,0.,0.));
#8937=DIRECTION('center_axis',(0.,0.,1.));
#8938=DIRECTION('ref_axis',(1.,0.,0.));
#8939=DIRECTION('center_axis',(1.,0.,0.));
#8940=DIRECTION('ref_axis',(0.,1.,0.));
#8941=DIRECTION('center_axis',(1.,0.,0.));
#8942=DIRECTION('ref_axis',(0.,1.,0.));
#8943=DIRECTION('center_axis',(-1.,0.,0.));
#8944=DIRECTION('ref_axis',(0.,1.,0.));
#8945=DIRECTION('center_axis',(1.,0.,0.));
#8946=DIRECTION('ref_axis',(0.,1.,0.));
#8947=DIRECTION('',(-1.,0.,0.));
#8948=DIRECTION('center_axis',(1.,0.,0.));
#8949=DIRECTION('ref_axis',(0.,1.,0.));
#8950=DIRECTION('center_axis',(-1.,0.,0.));
#8951=DIRECTION('ref_axis',(0.,1.,0.));
#8952=DIRECTION('center_axis',(-1.,0.,0.));
#8953=DIRECTION('ref_axis',(0.,1.,0.));
#8954=DIRECTION('center_axis',(1.,0.,0.));
#8955=DIRECTION('ref_axis',(0.,1.,0.));
#8956=DIRECTION('',(-1.,0.,0.));
#8957=DIRECTION('center_axis',(1.,0.,0.));
#8958=DIRECTION('ref_axis',(0.,1.,0.));
#8959=DIRECTION('center_axis',(-1.,0.,0.));
#8960=DIRECTION('ref_axis',(0.,1.,0.));
#8961=DIRECTION('',(0.,1.,0.));
#8962=DIRECTION('center_axis',(1.,0.,0.));
#8963=DIRECTION('ref_axis',(0.,1.,0.));
#8964=DIRECTION('',(-1.,0.,0.));
#8965=DIRECTION('center_axis',(1.,0.,0.));
#8966=DIRECTION('ref_axis',(0.,1.,0.));
#8967=DIRECTION('center_axis',(-1.,0.,0.));
#8968=DIRECTION('ref_axis',(0.,1.,0.));
#8969=DIRECTION('center_axis',(-1.,0.,0.));
#8970=DIRECTION('ref_axis',(0.,1.,0.));
#8971=DIRECTION('center_axis',(0.,0.,1.));
#8972=DIRECTION('ref_axis',(1.,0.,0.));
#8973=DIRECTION('',(1.,0.,0.));
#8974=DIRECTION('',(0.,-1.,0.));
#8975=DIRECTION('',(0.,-1.,0.));
#8976=DIRECTION('center_axis',(0.,0.,1.));
#8977=DIRECTION('ref_axis',(-0.666666666666667,0.74535599249993,0.));
#8978=DIRECTION('',(0.,-1.,0.));
#8979=DIRECTION('',(-1.,0.,0.));
#8980=DIRECTION('',(0.,-1.,0.));
#8981=DIRECTION('',(-1.,0.,0.));
#8982=DIRECTION('',(0.,1.,0.));
#8983=DIRECTION('',(-1.,0.,0.));
#8984=DIRECTION('',(0.,-1.,0.));
#8985=DIRECTION('',(1.,0.,0.));
#8986=DIRECTION('',(0.,1.,0.));
#8987=DIRECTION('',(1.,0.,0.));
#8988=DIRECTION('',(0.,-1.,0.));
#8989=DIRECTION('',(1.,0.,0.));
#8990=DIRECTION('',(0.,-1.,0.));
#8991=DIRECTION('',(-1.,0.,0.));
#8992=DIRECTION('',(0.,1.,0.));
#8993=DIRECTION('',(-1.,0.,0.));
#8994=DIRECTION('',(0.,1.,0.));
#8995=DIRECTION('',(1.,0.,0.));
#8996=DIRECTION('',(0.,1.,0.));
#8997=DIRECTION('',(1.,0.,0.));
#8998=DIRECTION('',(-1.,3.26536183713281E-17,0.));
#8999=DIRECTION('center_axis',(0.,0.,-1.));
#9000=DIRECTION('ref_axis',(0.,-1.,0.));
#9001=DIRECTION('center_axis',(-1.,0.,0.));
#9002=DIRECTION('ref_axis',(0.,1.,0.));
#9003=DIRECTION('center_axis',(1.,0.,0.));
#9004=DIRECTION('ref_axis',(0.,1.,0.));
#9005=DIRECTION('',(-1.,0.,0.));
#9006=DIRECTION('center_axis',(-1.,0.,0.));
#9007=DIRECTION('ref_axis',(0.,1.,0.));
#9008=DIRECTION('center_axis',(1.,0.,0.));
#9009=DIRECTION('ref_axis',(0.,1.,0.));
#9010=DIRECTION('',(-1.,0.,0.));
#9011=DIRECTION('center_axis',(-1.,0.,0.));
#9012=DIRECTION('ref_axis',(0.,-1.,0.));
#9013=DIRECTION('center_axis',(1.,0.,0.));
#9014=DIRECTION('ref_axis',(0.,-1.,0.));
#9015=DIRECTION('center_axis',(-1.,0.,0.));
#9016=DIRECTION('ref_axis',(0.,-1.,0.));
#9017=DIRECTION('center_axis',(1.,0.,0.));
#9018=DIRECTION('ref_axis',(0.,-1.,0.));
#9019=DIRECTION('center_axis',(-1.,0.,0.));
#9020=DIRECTION('ref_axis',(0.,-1.,0.));
#9021=DIRECTION('center_axis',(-1.,0.,0.));
#9022=DIRECTION('ref_axis',(0.,-1.,0.));
#9023=DIRECTION('center_axis',(1.,0.,0.));
#9024=DIRECTION('ref_axis',(0.,-1.,0.));
#9025=DIRECTION('',(1.,0.,0.));
#9026=DIRECTION('center_axis',(-1.,0.,0.));
#9027=DIRECTION('ref_axis',(0.,-1.,0.));
#9028=DIRECTION('center_axis',(1.,0.,0.));
#9029=DIRECTION('ref_axis',(0.,-1.,0.));
#9030=DIRECTION('center_axis',(-1.,0.,0.));
#9031=DIRECTION('ref_axis',(0.,-1.,0.));
#9032=DIRECTION('center_axis',(-1.,0.,0.));
#9033=DIRECTION('ref_axis',(0.,-1.,0.));
#9034=DIRECTION('center_axis',(1.,0.,0.));
#9035=DIRECTION('ref_axis',(0.,-1.,0.));
#9036=DIRECTION('center_axis',(-1.,0.,0.));
#9037=DIRECTION('ref_axis',(0.,-1.,0.));
#9038=DIRECTION('center_axis',(-1.,0.,0.));
#9039=DIRECTION('ref_axis',(0.,-1.,0.));
#9040=DIRECTION('',(1.,0.,0.));
#9041=DIRECTION('center_axis',(-1.,0.,0.));
#9042=DIRECTION('ref_axis',(0.,-1.,0.));
#9043=DIRECTION('center_axis',(1.,0.,0.));
#9044=DIRECTION('ref_axis',(0.,-1.,0.));
#9045=DIRECTION('center_axis',(1.,0.,0.));
#9046=DIRECTION('ref_axis',(0.,-1.,0.));
#9047=DIRECTION('center_axis',(-1.,0.,0.));
#9048=DIRECTION('ref_axis',(0.,-1.,0.));
#9049=DIRECTION('center_axis',(-1.,0.,0.));
#9050=DIRECTION('ref_axis',(0.,-1.,0.));
#9051=DIRECTION('center_axis',(-1.,0.,0.));
#9052=DIRECTION('ref_axis',(0.,-1.,0.));
#9053=DIRECTION('center_axis',(1.,0.,0.));
#9054=DIRECTION('ref_axis',(0.,-1.,0.));
#9055=DIRECTION('center_axis',(-1.,0.,0.));
#9056=DIRECTION('ref_axis',(0.,-1.,0.));
#9057=DIRECTION('',(1.,0.,0.));
#9058=DIRECTION('center_axis',(1.,0.,0.));
#9059=DIRECTION('ref_axis',(0.,-1.,0.));
#9060=DIRECTION('center_axis',(1.,0.,0.));
#9061=DIRECTION('ref_axis',(0.,-1.,0.));
#9062=DIRECTION('center_axis',(1.,0.,0.));
#9063=DIRECTION('ref_axis',(0.,1.,0.));
#9064=DIRECTION('',(0.,0.,-1.));
#9065=DIRECTION('',(0.,0.,-1.));
#9066=DIRECTION('center_axis',(0.,1.,0.));
#9067=DIRECTION('ref_axis',(-1.,0.,0.));
#9068=DIRECTION('center_axis',(0.,-1.,0.));
#9069=DIRECTION('ref_axis',(-1.,0.,0.));
#9070=DIRECTION('',(0.,1.,0.));
#9071=DIRECTION('center_axis',(0.,-1.,0.));
#9072=DIRECTION('ref_axis',(-1.,0.,0.));
#9073=DIRECTION('',(0.,-1.,0.));
#9074=DIRECTION('center_axis',(0.,-1.,0.));
#9075=DIRECTION('ref_axis',(-1.,0.,0.));
#9076=DIRECTION('',(1.,0.,0.));
#9077=DIRECTION('',(1.,0.,0.));
#9078=DIRECTION('center_axis',(0.,1.,0.));
#9079=DIRECTION('ref_axis',(-1.,0.,0.));
#9080=DIRECTION('center_axis',(0.,1.,0.));
#9081=DIRECTION('ref_axis',(-1.,0.,0.));
#9082=DIRECTION('center_axis',(0.,-1.,0.));
#9083=DIRECTION('ref_axis',(-1.,0.,0.));
#9084=DIRECTION('',(0.,1.,0.));
#9085=DIRECTION('center_axis',(0.,-1.,0.));
#9086=DIRECTION('ref_axis',(-1.,0.,0.));
#9087=DIRECTION('',(0.,-1.,0.));
#9088=DIRECTION('center_axis',(0.,-1.,0.));
#9089=DIRECTION('ref_axis',(-1.,0.,0.));
#9090=DIRECTION('',(1.,0.,0.));
#9091=DIRECTION('',(1.,0.,0.));
#9092=DIRECTION('center_axis',(0.,1.,0.));
#9093=DIRECTION('ref_axis',(-1.,0.,0.));
#9094=DIRECTION('center_axis',(0.,1.,0.));
#9095=DIRECTION('ref_axis',(-1.,0.,0.));
#9096=DIRECTION('center_axis',(0.,-1.,0.));
#9097=DIRECTION('ref_axis',(-1.,0.,0.));
#9098=DIRECTION('',(0.,-1.,0.));
#9099=DIRECTION('center_axis',(0.,-1.,0.));
#9100=DIRECTION('ref_axis',(-1.,0.,0.));
#9101=DIRECTION('center_axis',(0.,1.,0.));
#9102=DIRECTION('ref_axis',(-1.,0.,0.));
#9103=DIRECTION('center_axis',(0.,-1.,0.));
#9104=DIRECTION('ref_axis',(-1.,0.,0.));
#9105=DIRECTION('center_axis',(0.,-1.,0.));
#9106=DIRECTION('ref_axis',(-1.,0.,0.));
#9107=DIRECTION('center_axis',(0.,1.,0.));
#9108=DIRECTION('ref_axis',(-1.,0.,0.));
#9109=DIRECTION('center_axis',(0.,1.,0.));
#9110=DIRECTION('ref_axis',(-1.,0.,0.));
#9111=DIRECTION('center_axis',(0.,-1.,0.));
#9112=DIRECTION('ref_axis',(-1.,0.,0.));
#9113=DIRECTION('',(0.,-1.,0.));
#9114=DIRECTION('center_axis',(0.,-1.,0.));
#9115=DIRECTION('ref_axis',(-1.,0.,0.));
#9116=DIRECTION('center_axis',(0.,1.,0.));
#9117=DIRECTION('ref_axis',(-1.,0.,0.));
#9118=DIRECTION('center_axis',(0.,-1.,0.));
#9119=DIRECTION('ref_axis',(-1.,0.,0.));
#9120=DIRECTION('center_axis',(0.,-1.,0.));
#9121=DIRECTION('ref_axis',(-1.,0.,0.));
#9122=DIRECTION('center_axis',(0.,1.,0.));
#9123=DIRECTION('ref_axis',(-1.,0.,0.));
#9124=DIRECTION('center_axis',(0.,1.,0.));
#9125=DIRECTION('ref_axis',(-1.,0.,0.));
#9126=DIRECTION('center_axis',(0.,-1.,0.));
#9127=DIRECTION('ref_axis',(-1.,0.,0.));
#9128=DIRECTION('',(0.,1.,0.));
#9129=DIRECTION('center_axis',(0.,-1.,0.));
#9130=DIRECTION('ref_axis',(-1.,0.,0.));
#9131=DIRECTION('',(0.,-1.,0.));
#9132=DIRECTION('center_axis',(0.,-1.,0.));
#9133=DIRECTION('ref_axis',(-1.,0.,0.));
#9134=DIRECTION('',(1.,0.,0.));
#9135=DIRECTION('',(1.,0.,0.));
#9136=DIRECTION('center_axis',(0.,1.,0.));
#9137=DIRECTION('ref_axis',(-1.,0.,0.));
#9138=DIRECTION('center_axis',(0.,1.,0.));
#9139=DIRECTION('ref_axis',(-1.,0.,0.));
#9140=DIRECTION('center_axis',(0.,-1.,0.));
#9141=DIRECTION('ref_axis',(-1.,0.,0.));
#9142=DIRECTION('',(0.,1.,0.));
#9143=DIRECTION('center_axis',(0.,-1.,0.));
#9144=DIRECTION('ref_axis',(-1.,0.,0.));
#9145=DIRECTION('',(0.,-1.,0.));
#9146=DIRECTION('center_axis',(0.,-1.,0.));
#9147=DIRECTION('ref_axis',(-1.,0.,0.));
#9148=DIRECTION('',(1.,0.,0.));
#9149=DIRECTION('',(1.,0.,0.));
#9150=DIRECTION('center_axis',(0.,1.,0.));
#9151=DIRECTION('ref_axis',(-1.,0.,0.));
#9152=DIRECTION('center_axis',(0.,1.,0.));
#9153=DIRECTION('ref_axis',(-1.,0.,0.));
#9154=DIRECTION('center_axis',(0.,-1.,0.));
#9155=DIRECTION('ref_axis',(-1.,0.,0.));
#9156=DIRECTION('',(0.,1.,0.));
#9157=DIRECTION('center_axis',(0.,-1.,0.));
#9158=DIRECTION('ref_axis',(-1.,0.,0.));
#9159=DIRECTION('',(0.,-1.,0.));
#9160=DIRECTION('center_axis',(0.,-1.,0.));
#9161=DIRECTION('ref_axis',(-1.,0.,0.));
#9162=DIRECTION('',(1.,0.,0.));
#9163=DIRECTION('',(1.,0.,0.));
#9164=DIRECTION('center_axis',(0.,1.,0.));
#9165=DIRECTION('ref_axis',(-1.,0.,0.));
#9166=DIRECTION('center_axis',(0.,1.,0.));
#9167=DIRECTION('ref_axis',(-1.,0.,0.));
#9168=DIRECTION('center_axis',(0.,-1.,0.));
#9169=DIRECTION('ref_axis',(-1.,0.,0.));
#9170=DIRECTION('center_axis',(0.,-1.,0.));
#9171=DIRECTION('ref_axis',(-1.,0.,0.));
#9172=DIRECTION('',(0.,-1.,0.));
#9173=DIRECTION('center_axis',(0.,-1.,0.));
#9174=DIRECTION('ref_axis',(-1.,0.,0.));
#9175=DIRECTION('',(1.,0.,0.));
#9176=DIRECTION('center_axis',(0.,1.,0.));
#9177=DIRECTION('ref_axis',(-1.,0.,0.));
#9178=DIRECTION('center_axis',(0.,1.,0.));
#9179=DIRECTION('ref_axis',(-1.,0.,0.));
#9180=DIRECTION('center_axis',(0.,-1.,0.));
#9181=DIRECTION('ref_axis',(-1.,0.,0.));
#9182=DIRECTION('',(0.,-1.,0.));
#9183=DIRECTION('center_axis',(0.,1.,0.));
#9184=DIRECTION('ref_axis',(-1.,0.,0.));
#9185=DIRECTION('center_axis',(0.,-1.,0.));
#9186=DIRECTION('ref_axis',(-1.,0.,0.));
#9187=DIRECTION('center_axis',(0.,-1.,0.));
#9188=DIRECTION('ref_axis',(-1.,0.,0.));
#9189=DIRECTION('center_axis',(0.,1.,0.));
#9190=DIRECTION('ref_axis',(-1.,0.,0.));
#9191=DIRECTION('center_axis',(0.,1.,0.));
#9192=DIRECTION('ref_axis',(-1.,0.,0.));
#9193=DIRECTION('center_axis',(0.,-1.,0.));
#9194=DIRECTION('ref_axis',(-1.,0.,0.));
#9195=DIRECTION('',(0.,-1.,0.));
#9196=DIRECTION('center_axis',(0.,-1.,0.));
#9197=DIRECTION('ref_axis',(-1.,0.,0.));
#9198=DIRECTION('center_axis',(0.,1.,0.));
#9199=DIRECTION('ref_axis',(-1.,0.,0.));
#9200=DIRECTION('center_axis',(0.,-1.,0.));
#9201=DIRECTION('ref_axis',(-1.,0.,0.));
#9202=DIRECTION('center_axis',(0.,-1.,0.));
#9203=DIRECTION('ref_axis',(-1.,0.,0.));
#9204=DIRECTION('center_axis',(0.,1.,0.));
#9205=DIRECTION('ref_axis',(-1.,0.,0.));
#9206=DIRECTION('center_axis',(0.,1.,0.));
#9207=DIRECTION('ref_axis',(-1.,0.,0.));
#9208=DIRECTION('center_axis',(0.,-1.,0.));
#9209=DIRECTION('ref_axis',(-1.,0.,0.));
#9210=DIRECTION('',(0.,1.,0.));
#9211=DIRECTION('center_axis',(0.,-1.,0.));
#9212=DIRECTION('ref_axis',(-1.,0.,0.));
#9213=DIRECTION('',(0.,-1.,0.));
#9214=DIRECTION('center_axis',(0.,-1.,0.));
#9215=DIRECTION('ref_axis',(-1.,0.,0.));
#9216=DIRECTION('',(1.,0.,0.));
#9217=DIRECTION('',(1.,0.,0.));
#9218=DIRECTION('center_axis',(0.,1.,0.));
#9219=DIRECTION('ref_axis',(-1.,0.,0.));
#9220=DIRECTION('center_axis',(0.,1.,0.));
#9221=DIRECTION('ref_axis',(-1.,0.,0.));
#9222=DIRECTION('center_axis',(0.,-1.,0.));
#9223=DIRECTION('ref_axis',(-1.,0.,0.));
#9224=DIRECTION('',(0.,1.,0.));
#9225=DIRECTION('center_axis',(0.,-1.,0.));
#9226=DIRECTION('ref_axis',(-1.,0.,0.));
#9227=DIRECTION('center_axis',(0.,-1.,0.));
#9228=DIRECTION('ref_axis',(-1.,0.,0.));
#9229=DIRECTION('',(1.,0.,0.));
#9230=DIRECTION('center_axis',(0.,1.,0.));
#9231=DIRECTION('ref_axis',(-1.,0.,0.));
#9232=DIRECTION('center_axis',(0.,1.,0.));
#9233=DIRECTION('ref_axis',(-1.,0.,0.));
#9234=DIRECTION('',(0.,1.,0.));
#9235=DIRECTION('center_axis',(0.,-1.,0.));
#9236=DIRECTION('ref_axis',(-1.,0.,0.));
#9237=DIRECTION('',(0.,-1.,0.));
#9238=DIRECTION('center_axis',(0.,1.,0.));
#9239=DIRECTION('ref_axis',(-1.,0.,0.));
#9240=DIRECTION('',(0.,1.,0.));
#9241=DIRECTION('center_axis',(0.,-1.,0.));
#9242=DIRECTION('ref_axis',(-1.,0.,0.));
#9243=DIRECTION('',(0.,-1.,0.));
#9244=DIRECTION('center_axis',(0.,1.,0.));
#9245=DIRECTION('ref_axis',(-1.,0.,0.));
#9246=DIRECTION('',(0.,1.,0.));
#9247=DIRECTION('center_axis',(0.,-1.,0.));
#9248=DIRECTION('ref_axis',(-1.,0.,0.));
#9249=DIRECTION('',(0.,-1.,0.));
#9250=DIRECTION('center_axis',(0.,1.,0.));
#9251=DIRECTION('ref_axis',(-1.,0.,0.));
#9252=DIRECTION('',(0.,1.,0.));
#9253=DIRECTION('center_axis',(0.,-1.,0.));
#9254=DIRECTION('ref_axis',(-1.,0.,0.));
#9255=DIRECTION('',(0.,-1.,0.));
#9256=DIRECTION('center_axis',(0.,0.,1.));
#9257=DIRECTION('ref_axis',(1.,0.,0.));
#9258=DIRECTION('',(1.,0.,0.));
#9259=DIRECTION('',(0.,-1.,0.));
#9260=DIRECTION('',(-1.,0.,0.));
#9261=DIRECTION('',(0.,-1.,0.));
#9262=DIRECTION('',(-1.,0.,0.));
#9263=DIRECTION('',(0.,1.,0.));
#9264=DIRECTION('',(-1.,0.,0.));
#9265=DIRECTION('center_axis',(0.,1.,0.));
#9266=DIRECTION('ref_axis',(-1.,0.,0.));
#9267=DIRECTION('',(0.,1.,0.));
#9268=DIRECTION('center_axis',(0.,-1.,0.));
#9269=DIRECTION('ref_axis',(-1.,0.,0.));
#9270=DIRECTION('center_axis',(0.,0.,1.));
#9271=DIRECTION('ref_axis',(1.,0.,0.));
#9272=DIRECTION('',(1.,0.,0.));
#9273=DIRECTION('',(0.,-1.,0.));
#9274=DIRECTION('',(-1.,0.,0.));
#9275=DIRECTION('',(0.,-1.,0.));
#9276=DIRECTION('',(-1.,0.,0.));
#9277=DIRECTION('',(0.,1.,0.));
#9278=DIRECTION('',(-1.,0.,0.));
#9279=DIRECTION('center_axis',(0.,1.,0.));
#9280=DIRECTION('ref_axis',(-1.,0.,0.));
#9281=DIRECTION('center_axis',(0.,-1.,0.));
#9282=DIRECTION('ref_axis',(-1.,0.,0.));
#9283=DIRECTION('center_axis',(0.,1.,0.));
#9284=DIRECTION('ref_axis',(-1.,0.,0.));
#9285=DIRECTION('',(0.,1.,0.));
#9286=DIRECTION('center_axis',(0.,-1.,0.));
#9287=DIRECTION('ref_axis',(-1.,0.,0.));
#9288=DIRECTION('',(0.,-1.,0.));
#9289=DIRECTION('center_axis',(0.,0.,1.));
#9290=DIRECTION('ref_axis',(1.,0.,0.));
#9291=DIRECTION('',(1.,0.,0.));
#9292=DIRECTION('',(-1.,0.,0.));
#9293=DIRECTION('',(0.,-1.,0.));
#9294=DIRECTION('',(-1.,0.,0.));
#9295=DIRECTION('',(0.,1.,0.));
#9296=DIRECTION('',(-1.,0.,0.));
#9297=DIRECTION('center_axis',(0.,1.,0.));
#9298=DIRECTION('ref_axis',(-1.,0.,0.));
#9299=DIRECTION('',(0.,1.,0.));
#9300=DIRECTION('center_axis',(0.,-1.,0.));
#9301=DIRECTION('ref_axis',(-1.,0.,0.));
#9302=DIRECTION('center_axis',(0.,1.,0.));
#9303=DIRECTION('ref_axis',(-1.,0.,0.));
#9304=DIRECTION('center_axis',(0.,1.,0.));
#9305=DIRECTION('ref_axis',(-1.,0.,0.));
#9306=DIRECTION('',(0.,-1.,0.));
#9307=DIRECTION('center_axis',(0.,1.,0.));
#9308=DIRECTION('ref_axis',(-1.,0.,0.));
#9309=DIRECTION('center_axis',(0.,-1.,0.));
#9310=DIRECTION('ref_axis',(-1.,0.,0.));
#9311=DIRECTION('center_axis',(0.,-1.,0.));
#9312=DIRECTION('ref_axis',(-1.,0.,0.));
#9313=DIRECTION('center_axis',(0.,1.,0.));
#9314=DIRECTION('ref_axis',(-1.,0.,0.));
#9315=DIRECTION('center_axis',(0.,1.,0.));
#9316=DIRECTION('ref_axis',(-1.,0.,0.));
#9317=DIRECTION('',(0.,-1.,0.));
#9318=DIRECTION('center_axis',(0.,1.,0.));
#9319=DIRECTION('ref_axis',(-1.,0.,0.));
#9320=DIRECTION('',(0.,1.,0.));
#9321=DIRECTION('center_axis',(0.,-1.,0.));
#9322=DIRECTION('ref_axis',(-1.,0.,0.));
#9323=DIRECTION('',(-1.,0.,0.));
#9324=DIRECTION('',(-1.,0.,0.));
#9325=DIRECTION('center_axis',(0.,1.,0.));
#9326=DIRECTION('ref_axis',(-1.,0.,0.));
#9327=DIRECTION('center_axis',(0.,1.,0.));
#9328=DIRECTION('ref_axis',(-1.,0.,0.));
#9329=DIRECTION('',(0.,-1.,0.));
#9330=DIRECTION('center_axis',(0.,1.,0.));
#9331=DIRECTION('ref_axis',(-1.,0.,0.));
#9332=DIRECTION('',(0.,1.,0.));
#9333=DIRECTION('center_axis',(0.,-1.,0.));
#9334=DIRECTION('ref_axis',(-1.,0.,0.));
#9335=DIRECTION('',(-1.,0.,0.));
#9336=DIRECTION('',(-1.,0.,0.));
#9337=DIRECTION('center_axis',(0.,1.,0.));
#9338=DIRECTION('ref_axis',(-1.,0.,0.));
#9339=DIRECTION('center_axis',(0.,1.,0.));
#9340=DIRECTION('ref_axis',(-1.,0.,0.));
#9341=DIRECTION('',(0.,-1.,0.));
#9342=DIRECTION('center_axis',(0.,1.,0.));
#9343=DIRECTION('ref_axis',(-1.,0.,0.));
#9344=DIRECTION('center_axis',(0.,-1.,0.));
#9345=DIRECTION('ref_axis',(-1.,0.,0.));
#9346=DIRECTION('',(-1.,0.,0.));
#9347=DIRECTION('center_axis',(0.,1.,0.));
#9348=DIRECTION('ref_axis',(-1.,0.,0.));
#9349=DIRECTION('center_axis',(0.,1.,0.));
#9350=DIRECTION('ref_axis',(-1.,0.,0.));
#9351=DIRECTION('',(0.,-1.,0.));
#9352=DIRECTION('center_axis',(0.,1.,0.));
#9353=DIRECTION('ref_axis',(-1.,0.,0.));
#9354=DIRECTION('center_axis',(0.,-1.,0.));
#9355=DIRECTION('ref_axis',(-1.,0.,0.));
#9356=DIRECTION('',(-1.,0.,0.));
#9357=DIRECTION('center_axis',(0.,1.,0.));
#9358=DIRECTION('ref_axis',(-1.,0.,0.));
#9359=DIRECTION('center_axis',(0.,1.,0.));
#9360=DIRECTION('ref_axis',(-1.,0.,0.));
#9361=DIRECTION('',(0.,-1.,0.));
#9362=DIRECTION('center_axis',(0.,1.,0.));
#9363=DIRECTION('ref_axis',(-1.,0.,0.));
#9364=DIRECTION('center_axis',(0.,-1.,0.));
#9365=DIRECTION('ref_axis',(-1.,0.,0.));
#9366=DIRECTION('center_axis',(0.,-1.,0.));
#9367=DIRECTION('ref_axis',(-1.,0.,0.));
#9368=DIRECTION('center_axis',(0.,1.,0.));
#9369=DIRECTION('ref_axis',(-1.,0.,0.));
#9370=DIRECTION('center_axis',(0.,1.,0.));
#9371=DIRECTION('ref_axis',(-1.,0.,0.));
#9372=DIRECTION('',(0.,-1.,0.));
#9373=DIRECTION('center_axis',(0.,1.,0.));
#9374=DIRECTION('ref_axis',(-1.,0.,0.));
#9375=DIRECTION('center_axis',(0.,-1.,0.));
#9376=DIRECTION('ref_axis',(-1.,0.,0.));
#9377=DIRECTION('center_axis',(0.,-1.,0.));
#9378=DIRECTION('ref_axis',(-1.,0.,0.));
#9379=DIRECTION('center_axis',(0.,1.,0.));
#9380=DIRECTION('ref_axis',(-1.,0.,0.));
#9381=DIRECTION('center_axis',(0.,1.,0.));
#9382=DIRECTION('ref_axis',(-1.,0.,0.));
#9383=DIRECTION('center_axis',(0.,1.,0.));
#9384=DIRECTION('ref_axis',(-1.,0.,0.));
#9385=DIRECTION('',(0.,1.,0.));
#9386=DIRECTION('center_axis',(0.,-1.,0.));
#9387=DIRECTION('ref_axis',(-1.,0.,0.));
#9388=DIRECTION('',(-1.,0.,0.));
#9389=DIRECTION('center_axis',(0.,1.,0.));
#9390=DIRECTION('ref_axis',(-1.,0.,0.));
#9391=DIRECTION('center_axis',(0.,1.,0.));
#9392=DIRECTION('ref_axis',(-1.,0.,0.));
#9393=DIRECTION('center_axis',(0.,1.,0.));
#9394=DIRECTION('ref_axis',(-1.,0.,0.));
#9395=DIRECTION('',(0.,1.,0.));
#9396=DIRECTION('center_axis',(0.,-1.,0.));
#9397=DIRECTION('ref_axis',(-1.,0.,0.));
#9398=DIRECTION('',(-1.,0.,0.));
#9399=DIRECTION('center_axis',(0.,1.,0.));
#9400=DIRECTION('ref_axis',(-1.,0.,0.));
#9401=DIRECTION('center_axis',(0.,1.,0.));
#9402=DIRECTION('ref_axis',(-1.,0.,0.));
#9403=DIRECTION('center_axis',(0.,1.,0.));
#9404=DIRECTION('ref_axis',(-1.,0.,0.));
#9405=DIRECTION('center_axis',(0.,-1.,0.));
#9406=DIRECTION('ref_axis',(-1.,0.,0.));
#9407=DIRECTION('center_axis',(0.,1.,0.));
#9408=DIRECTION('ref_axis',(-1.,0.,0.));
#9409=DIRECTION('center_axis',(0.,1.,0.));
#9410=DIRECTION('ref_axis',(-1.,0.,0.));
#9411=DIRECTION('center_axis',(0.,1.,0.));
#9412=DIRECTION('ref_axis',(-1.,0.,0.));
#9413=DIRECTION('center_axis',(0.,-1.,0.));
#9414=DIRECTION('ref_axis',(-1.,0.,0.));
#9415=DIRECTION('center_axis',(0.,1.,0.));
#9416=DIRECTION('ref_axis',(-1.,0.,0.));
#9417=DIRECTION('center_axis',(0.,1.,0.));
#9418=DIRECTION('ref_axis',(-1.,0.,0.));
#9419=DIRECTION('',(0.,-1.,0.));
#9420=DIRECTION('center_axis',(0.,1.,0.));
#9421=DIRECTION('ref_axis',(-1.,0.,0.));
#9422=DIRECTION('center_axis',(0.,-1.,0.));
#9423=DIRECTION('ref_axis',(-1.,0.,0.));
#9424=DIRECTION('center_axis',(0.,-1.,0.));
#9425=DIRECTION('ref_axis',(-1.,0.,0.));
#9426=DIRECTION('center_axis',(0.,0.,1.));
#9427=DIRECTION('ref_axis',(1.,0.,0.));
#9428=DIRECTION('',(-1.,0.,0.));
#9429=DIRECTION('',(1.,0.,0.));
#9430=DIRECTION('center_axis',(0.,0.,1.));
#9431=DIRECTION('ref_axis',(1.,0.,0.));
#9432=DIRECTION('',(-1.,0.,0.));
#9433=DIRECTION('',(1.,0.,0.));
#9434=DIRECTION('center_axis',(0.,-1.,0.));
#9435=DIRECTION('ref_axis',(1.,0.,0.));
#9436=DIRECTION('',(-1.,0.,0.));
#9437=DIRECTION('',(-1.,0.,0.));
#9438=DIRECTION('center_axis',(0.,-1.,0.));
#9439=DIRECTION('ref_axis',(-1.,0.,0.));
#9440=DIRECTION('center_axis',(0.,1.,0.));
#9441=DIRECTION('ref_axis',(-1.,0.,0.));
#9442=DIRECTION('',(0.,-1.,0.));
#9443=DIRECTION('center_axis',(0.,-1.,0.));
#9444=DIRECTION('ref_axis',(-1.,0.,0.));
#9445=DIRECTION('center_axis',(0.,1.,0.));
#9446=DIRECTION('ref_axis',(-1.,0.,0.));
#9447=DIRECTION('',(0.,-1.,0.));
#9448=DIRECTION('center_axis',(0.,-1.,0.));
#9449=DIRECTION('ref_axis',(-1.,0.,0.));
#9450=DIRECTION('center_axis',(0.,1.,0.));
#9451=DIRECTION('ref_axis',(-1.,0.,0.));
#9452=DIRECTION('',(0.,-1.,0.));
#9453=DIRECTION('center_axis',(0.,-1.,0.));
#9454=DIRECTION('ref_axis',(-1.,0.,0.));
#9455=DIRECTION('center_axis',(0.,1.,0.));
#9456=DIRECTION('ref_axis',(-1.,0.,0.));
#9457=DIRECTION('',(0.,-1.,0.));
#9458=DIRECTION('center_axis',(0.,0.,1.));
#9459=DIRECTION('ref_axis',(1.,0.,0.));
#9460=DIRECTION('',(1.,0.,0.));
#9461=DIRECTION('center_axis',(0.,0.,1.));
#9462=DIRECTION('ref_axis',(1.,0.,0.));
#9463=DIRECTION('',(1.,0.,0.));
#9464=DIRECTION('center_axis',(0.,0.,1.));
#9465=DIRECTION('ref_axis',(1.,0.,0.));
#9466=DIRECTION('',(0.,0.,-1.));
#9467=DIRECTION('',(0.,0.,-1.));
#9468=DIRECTION('center_axis',(1.,0.,0.));
#9469=DIRECTION('ref_axis',(0.,-1.,0.));
#9470=DIRECTION('',(0.,0.,-1.));
#9471=DIRECTION('center_axis',(0.,0.,1.));
#9472=DIRECTION('ref_axis',(0.,-1.,0.));
#9473=DIRECTION('',(0.,0.,-1.));
#9474=DIRECTION('center_axis',(0.,0.,1.));
#9475=DIRECTION('ref_axis',(1.,0.,0.));
#9476=DIRECTION('center_axis',(0.,0.,1.));
#9477=DIRECTION('ref_axis',(1.,0.,0.));
#9478=DIRECTION('',(0.,0.,-1.));
#9479=DIRECTION('center_axis',(0.,0.,1.));
#9480=DIRECTION('ref_axis',(1.,0.,0.));
#9481=DIRECTION('center_axis',(0.,0.,1.));
#9482=DIRECTION('ref_axis',(1.,0.,0.));
#9483=DIRECTION('center_axis',(0.,0.,1.));
#9484=DIRECTION('ref_axis',(1.,0.,0.));
#9485=DIRECTION('center_axis',(0.,0.,1.));
#9486=DIRECTION('ref_axis',(1.,0.,0.));
#9487=DIRECTION('center_axis',(0.,0.,1.));
#9488=DIRECTION('ref_axis',(1.,0.,0.));
#9489=DIRECTION('center_axis',(0.,0.,1.));
#9490=DIRECTION('ref_axis',(1.,0.,0.));
#9491=DIRECTION('',(0.,0.,-1.));
#9492=DIRECTION('center_axis',(0.,0.,1.));
#9493=DIRECTION('ref_axis',(1.,0.,0.));
#9494=DIRECTION('center_axis',(0.,0.,1.));
#9495=DIRECTION('ref_axis',(1.,0.,0.));
#9496=DIRECTION('center_axis',(0.,0.,1.));
#9497=DIRECTION('ref_axis',(1.,0.,0.));
#9498=DIRECTION('center_axis',(0.,0.,1.));
#9499=DIRECTION('ref_axis',(1.,0.,0.));
#9500=DIRECTION('center_axis',(0.,0.,1.));
#9501=DIRECTION('ref_axis',(1.,0.,0.));
#9502=DIRECTION('center_axis',(0.,0.,1.));
#9503=DIRECTION('ref_axis',(1.,0.,0.));
#9504=DIRECTION('',(0.,0.,-1.));
#9505=DIRECTION('center_axis',(0.,0.,1.));
#9506=DIRECTION('ref_axis',(1.,0.,0.));
#9507=DIRECTION('center_axis',(0.,0.,1.));
#9508=DIRECTION('ref_axis',(1.,0.,0.));
#9509=DIRECTION('center_axis',(0.,0.,1.));
#9510=DIRECTION('ref_axis',(1.,0.,0.));
#9511=DIRECTION('center_axis',(0.,0.,1.));
#9512=DIRECTION('ref_axis',(1.,0.,0.));
#9513=DIRECTION('center_axis',(0.,0.,1.));
#9514=DIRECTION('ref_axis',(1.,0.,0.));
#9515=DIRECTION('center_axis',(0.,0.,1.));
#9516=DIRECTION('ref_axis',(1.,0.,0.));
#9517=DIRECTION('',(0.,0.,-1.));
#9518=DIRECTION('center_axis',(0.,0.,1.));
#9519=DIRECTION('ref_axis',(1.,0.,0.));
#9520=DIRECTION('center_axis',(0.,0.,1.));
#9521=DIRECTION('ref_axis',(1.,0.,0.));
#9522=DIRECTION('center_axis',(0.,0.,1.));
#9523=DIRECTION('ref_axis',(1.,0.,0.));
#9524=DIRECTION('center_axis',(0.,0.,1.));
#9525=DIRECTION('ref_axis',(1.,0.,0.));
#9526=DIRECTION('center_axis',(0.,0.,1.));
#9527=DIRECTION('ref_axis',(1.,0.,0.));
#9528=DIRECTION('center_axis',(0.,0.,1.));
#9529=DIRECTION('ref_axis',(1.,0.,0.));
#9530=DIRECTION('',(0.,0.,-1.));
#9531=DIRECTION('center_axis',(0.,0.,1.));
#9532=DIRECTION('ref_axis',(1.,0.,0.));
#9533=DIRECTION('center_axis',(0.,0.,1.));
#9534=DIRECTION('ref_axis',(1.,0.,0.));
#9535=DIRECTION('center_axis',(0.,0.,1.));
#9536=DIRECTION('ref_axis',(1.,0.,0.));
#9537=DIRECTION('center_axis',(0.,0.,1.));
#9538=DIRECTION('ref_axis',(1.,0.,0.));
#9539=DIRECTION('center_axis',(0.,0.,1.));
#9540=DIRECTION('ref_axis',(1.,0.,0.));
#9541=DIRECTION('',(0.,0.,1.));
#9542=DIRECTION('center_axis',(0.,0.,-1.));
#9543=DIRECTION('ref_axis',(1.,0.,0.));
#9544=DIRECTION('center_axis',(0.,0.,1.));
#9545=DIRECTION('ref_axis',(1.,0.,0.));
#9546=DIRECTION('',(0.,0.,1.));
#9547=DIRECTION('center_axis',(0.,0.,-1.));
#9548=DIRECTION('ref_axis',(1.,0.,0.));
#9549=DIRECTION('center_axis',(0.,0.,1.));
#9550=DIRECTION('ref_axis',(1.,0.,0.));
#9551=DIRECTION('',(0.,0.,1.));
#9552=DIRECTION('center_axis',(0.,0.,-1.));
#9553=DIRECTION('ref_axis',(1.,0.,0.));
#9554=DIRECTION('center_axis',(0.,0.,1.));
#9555=DIRECTION('ref_axis',(1.,0.,0.));
#9556=DIRECTION('',(0.,0.,1.));
#9557=DIRECTION('center_axis',(0.,0.,-1.));
#9558=DIRECTION('ref_axis',(1.,0.,0.));
#9559=DIRECTION('center_axis',(0.,0.,1.));
#9560=DIRECTION('ref_axis',(1.,0.,0.));
#9561=DIRECTION('',(0.,0.,1.));
#9562=DIRECTION('center_axis',(0.,0.,-1.));
#9563=DIRECTION('ref_axis',(1.,0.,0.));
#9564=DIRECTION('center_axis',(0.,0.,1.));
#9565=DIRECTION('ref_axis',(1.,0.,0.));
#9566=DIRECTION('center_axis',(0.,0.,1.));
#9567=DIRECTION('ref_axis',(1.,0.,0.));
#9568=DIRECTION('',(0.,0.,1.));
#9569=DIRECTION('center_axis',(0.,0.,1.));
#9570=DIRECTION('ref_axis',(1.,0.,0.));
#9571=DIRECTION('center_axis',(0.,0.,1.));
#9572=DIRECTION('ref_axis',(1.,0.,0.));
#9573=DIRECTION('center_axis',(0.,0.,1.));
#9574=DIRECTION('ref_axis',(1.,0.,0.));
#9575=DIRECTION('',(0.,0.,1.));
#9576=DIRECTION('center_axis',(0.,0.,1.));
#9577=DIRECTION('ref_axis',(1.,0.,0.));
#9578=DIRECTION('center_axis',(0.,0.,1.));
#9579=DIRECTION('ref_axis',(1.,0.,0.));
#9580=DIRECTION('center_axis',(0.,0.,-1.));
#9581=DIRECTION('ref_axis',(1.,0.,0.));
#9582=DIRECTION('center_axis',(0.,0.,1.));
#9583=DIRECTION('ref_axis',(1.,0.,0.));
#9584=DIRECTION('center_axis',(0.,0.,-1.));
#9585=DIRECTION('ref_axis',(1.,0.,0.));
#9586=DIRECTION('center_axis',(0.,0.,1.));
#9587=DIRECTION('ref_axis',(1.,0.,0.));
#9588=DIRECTION('center_axis',(0.,0.,-1.));
#9589=DIRECTION('ref_axis',(1.,0.,0.));
#9590=DIRECTION('center_axis',(0.,0.,1.));
#9591=DIRECTION('ref_axis',(1.,0.,0.));
#9592=DIRECTION('center_axis',(0.,0.,-1.));
#9593=DIRECTION('ref_axis',(1.,0.,0.));
#9594=DIRECTION('center_axis',(0.,0.,1.));
#9595=DIRECTION('ref_axis',(1.,0.,0.));
#9596=DIRECTION('center_axis',(0.,0.,-1.));
#9597=DIRECTION('ref_axis',(1.,0.,0.));
#9598=DIRECTION('center_axis',(0.,1.,0.));
#9599=DIRECTION('ref_axis',(1.,0.,0.));
#9600=DIRECTION('center_axis',(-3.26536183713281E-17,-1.,0.));
#9601=DIRECTION('ref_axis',(-1.,3.26536183713281E-17,0.));
#9602=DIRECTION('center_axis',(0.,0.,-1.));
#9603=DIRECTION('ref_axis',(1.,0.,0.));
#9604=DIRECTION('',(0.,0.,-1.));
#9605=DIRECTION('center_axis',(0.,0.,-1.));
#9606=DIRECTION('ref_axis',(1.,0.,0.));
#9607=DIRECTION('',(0.,0.,-1.));
#9608=DIRECTION('center_axis',(0.,0.,-1.));
#9609=DIRECTION('ref_axis',(-1.,0.,0.));
#9610=DIRECTION('',(0.,0.,-1.));
#9611=DIRECTION('',(0.,0.,-1.));
#9612=DIRECTION('center_axis',(-1.,0.,0.));
#9613=DIRECTION('ref_axis',(0.,-1.,0.));
#9614=DIRECTION('',(0.,0.,-1.));
#9615=DIRECTION('center_axis',(0.,0.,-1.));
#9616=DIRECTION('ref_axis',(8.88178419700126E-16,1.,0.));
#9617=DIRECTION('',(0.,0.,-1.));
#9618=DIRECTION('center_axis',(-1.64477485129653E-16,1.,0.));
#9619=DIRECTION('ref_axis',(-1.,-1.64477485129653E-16,0.));
#9620=DIRECTION('',(0.,0.,-1.));
#9621=DIRECTION('center_axis',(0.,0.,-1.));
#9622=DIRECTION('ref_axis',(1.,0.,0.));
#9623=DIRECTION('',(0.,0.,-1.));
#9624=DIRECTION('center_axis',(1.,0.,0.));
#9625=DIRECTION('ref_axis',(0.,1.,0.));
#9626=DIRECTION('',(0.,0.,-1.));
#9627=DIRECTION('center_axis',(0.,0.,-1.));
#9628=DIRECTION('ref_axis',(0.,-1.,0.));
#9629=DIRECTION('',(0.,0.,1.));
#9630=DIRECTION('center_axis',(-4.11193712824132E-17,-1.,0.));
#9631=DIRECTION('ref_axis',(1.,-4.11193712824132E-17,0.));
#9632=DIRECTION('center_axis',(0.,0.,-1.));
#9633=DIRECTION('ref_axis',(1.,0.,0.));
#9634=DIRECTION('',(0.,0.,-1.));
#9635=DIRECTION('center_axis',(0.,0.,-1.));
#9636=DIRECTION('ref_axis',(1.,0.,0.));
#9637=DIRECTION('',(0.,0.,-1.));
#9638=DIRECTION('center_axis',(0.,0.,-1.));
#9639=DIRECTION('ref_axis',(1.,0.,0.));
#9640=DIRECTION('',(0.,0.,-1.));
#9641=DIRECTION('center_axis',(1.,0.,0.));
#9642=DIRECTION('ref_axis',(0.,1.,0.));
#9643=DIRECTION('',(0.,0.,-1.));
#9644=DIRECTION('center_axis',(0.,1.,0.));
#9645=DIRECTION('ref_axis',(-1.,0.,0.));
#9646=DIRECTION('center_axis',(0.,0.,-1.));
#9647=DIRECTION('ref_axis',(-0.666666666666667,0.74535599249993,0.));
#9648=DIRECTION('',(0.,0.,-1.));
#9649=DIRECTION('center_axis',(1.,0.,0.));
#9650=DIRECTION('ref_axis',(0.,1.,0.));
#9651=CARTESIAN_POINT('',(0.,0.,0.));
#9652=CARTESIAN_POINT('Origin',(40.7223621013958,10.7,0.5));
#9653=CARTESIAN_POINT('',(40.7,8.75012822564632,0.5));
#9654=CARTESIAN_POINT('',(40.7,6.75006329969439,-1.5));
#9655=CARTESIAN_POINT('Ctrl Pts',(40.7,8.75012822564632,0.5));
#9656=CARTESIAN_POINT('Ctrl Pts',(40.7,8.75012822564632,0.253176507637409));
#9657=CARTESIAN_POINT('Ctrl Pts',(40.7,8.69234161744359,-0.03731988184549));
#9658=CARTESIAN_POINT('Ctrl Pts',(40.7,8.50342227903958,-0.493394805181618));
#9659=CARTESIAN_POINT('Ctrl Pts',(40.7,8.33885940247868,-0.739670887729583));
#9660=CARTESIAN_POINT('Ctrl Pts',(40.7,7.98978054002789,-1.088740626174));
#9661=CARTESIAN_POINT('Ctrl Pts',(40.7,7.74349640035278,-1.25329882931563));
#9662=CARTESIAN_POINT('Ctrl Pts',(40.7,7.28740555540303,-1.44221466145011));
#9663=CARTESIAN_POINT('Ctrl Pts',(40.7,6.99689674087757,-1.5));
#9664=CARTESIAN_POINT('Ctrl Pts',(40.7,6.75006329969439,-1.5));
#9665=CARTESIAN_POINT('',(40.7,14.6499367003056,-1.5));
#9666=CARTESIAN_POINT('Origin',(40.7223621013958,10.7,-1.5));
#9667=CARTESIAN_POINT('',(40.7,12.6498717743537,0.5));
#9668=CARTESIAN_POINT('Ctrl Pts',(40.7,14.6499367003056,-1.5));
#9669=CARTESIAN_POINT('Ctrl Pts',(40.7,14.4031032591224,-1.5));
#9670=CARTESIAN_POINT('Ctrl Pts',(40.7,14.112594444597,-1.44221466145011));
#9671=CARTESIAN_POINT('Ctrl Pts',(40.7,13.6565035996472,-1.25329882931563));
#9672=CARTESIAN_POINT('Ctrl Pts',(40.7,13.4102194599721,-1.088740626174));
#9673=CARTESIAN_POINT('Ctrl Pts',(40.7,13.0611405975213,-0.739670887729583));
#9674=CARTESIAN_POINT('Ctrl Pts',(40.7,12.8965777209604,-0.493394805181618));
#9675=CARTESIAN_POINT('Ctrl Pts',(40.7,12.7076583825564,-0.03731988184549));
#9676=CARTESIAN_POINT('Ctrl Pts',(40.7,12.6498717743537,0.253176507637409));
#9677=CARTESIAN_POINT('Ctrl Pts',(40.7,12.6498717743537,0.5));
#9678=CARTESIAN_POINT('Origin',(40.7223621013958,10.7,0.5));
#9679=CARTESIAN_POINT('Origin',(40.7223621013958,10.7,0.));
#9680=CARTESIAN_POINT('',(40.7,12.6498717743537,0.999999985098839));
#9681=CARTESIAN_POINT('',(40.7,12.6498717743537,0.));
#9682=CARTESIAN_POINT('',(40.7,8.75012822564632,0.999999985098839));
#9683=CARTESIAN_POINT('Origin',(40.7223621013958,10.7,1.));
#9684=CARTESIAN_POINT('',(40.7,8.75012822564632,0.));
#9685=CARTESIAN_POINT('Origin',(40.7,10.6999999850988,-0.250000007450581));
#9686=CARTESIAN_POINT('',(40.7,14.7000000298023,-1.5));
#9687=CARTESIAN_POINT('',(40.7,12.6999999925494,-1.5));
#9688=CARTESIAN_POINT('',(40.7,12.7,0.5));
#9689=CARTESIAN_POINT('Origin',(40.7,14.7000000298023,0.5));
#9690=CARTESIAN_POINT('',(40.7,12.7,0.999999985098839));
#9691=CARTESIAN_POINT('',(40.7,12.7,0.999999985098839));
#9692=CARTESIAN_POINT('',(40.7,10.9749999925494,1.));
#9693=CARTESIAN_POINT('Origin',(24.95,14.7000000298023,0.5));
#9694=CARTESIAN_POINT('',(43.2,12.7000000298023,0.5));
#9695=CARTESIAN_POINT('',(24.95,12.7000000298023,0.5));
#9696=CARTESIAN_POINT('',(45.2,14.7000000298023,-1.5));
#9697=CARTESIAN_POINT('',(24.95,14.7000000298023,-1.5));
#9698=CARTESIAN_POINT('Origin',(43.2,14.7000000298023,0.5));
#9699=CARTESIAN_POINT('Origin',(43.2,14.7000000298023,1.50000000745058));
#9700=CARTESIAN_POINT('',(45.2,14.7000000298023,3.82842713964735));
#9701=CARTESIAN_POINT('',(45.2,14.7000000298023,1.50000000745058));
#9702=CARTESIAN_POINT('',(43.2,12.7000000298023,3.00000001490116));
#9703=CARTESIAN_POINT('Origin',(43.2,14.7000000298023,3.82842713964735));
#9704=CARTESIAN_POINT('',(43.2,12.7000000298023,1.50000000745058));
#9705=CARTESIAN_POINT('Origin',(43.2,11.0357864115499,8.16421358099955));
#9706=CARTESIAN_POINT('',(45.2,10.7,7.82842716944967));
#9707=CARTESIAN_POINT('',(45.2,6.69999997019768,3.82842713964735));
#9708=CARTESIAN_POINT('',(45.2,11.0357864115499,8.16421358099955));
#9709=CARTESIAN_POINT('',(43.2,8.69999997019768,3.00000001490116));
#9710=CARTESIAN_POINT('Origin',(43.2,6.69999997019768,3.82842713964735));
#9711=CARTESIAN_POINT('',(43.2,10.7,5.00000004470348));
#9712=CARTESIAN_POINT('',(43.2,12.449999973923,6.75000001862645));
#9713=CARTESIAN_POINT('Origin',(43.2,10.7,7.82842716944967));
#9714=CARTESIAN_POINT('Origin',(24.95,6.69999997019768,0.5));
#9715=CARTESIAN_POINT('',(45.2,6.69999997019768,-1.5));
#9716=CARTESIAN_POINT('',(40.7,6.69999997019768,-1.5));
#9717=CARTESIAN_POINT('',(24.95,6.69999997019768,-1.5));
#9718=CARTESIAN_POINT('',(40.7,8.69999997019768,0.5));
#9719=CARTESIAN_POINT('Origin',(40.7,6.69999997019768,0.5));
#9720=CARTESIAN_POINT('',(43.2,8.69999997019768,0.5));
#9721=CARTESIAN_POINT('',(24.95,8.69999997019768,0.5));
#9722=CARTESIAN_POINT('Origin',(43.2,6.69999997019768,0.5));
#9723=CARTESIAN_POINT('Origin',(43.2,6.69999997019768,0.5));
#9724=CARTESIAN_POINT('',(45.2,6.69999997019768,0.5));
#9725=CARTESIAN_POINT('',(43.2,8.69999997019768,0.5));
#9726=CARTESIAN_POINT('Origin',(43.2,17.364213573549,1.16421359590071));
#9727=CARTESIAN_POINT('',(45.2,17.364213573549,1.16421359590071));
#9728=CARTESIAN_POINT('',(43.2,15.9500000111759,-0.249999966472388));
#9729=CARTESIAN_POINT('Origin',(45.2,12.7000000298023,3.00000001490116));
#9730=CARTESIAN_POINT('',(37.2,12.7000000298023,3.00000001490116));
#9731=CARTESIAN_POINT('',(45.2,12.7000000298023,3.00000001490116));
#9732=CARTESIAN_POINT('',(37.2,12.7000000298023,1.));
#9733=CARTESIAN_POINT('',(37.2,12.7000000298023,1.50000000745058));
#9734=CARTESIAN_POINT('',(45.2,12.7000000298023,1.));
#9735=CARTESIAN_POINT('Origin',(45.2,10.7,5.00000004470348));
#9736=CARTESIAN_POINT('',(42.6723621013958,10.7,5.00000004470348));
#9737=CARTESIAN_POINT('',(45.2,10.7,5.00000004470348));
#9738=CARTESIAN_POINT('',(38.7723621013958,10.7,5.00000004470348));
#9739=CARTESIAN_POINT('Origin',(40.7223621013958,10.7,5.00000004470348));
#9740=CARTESIAN_POINT('',(37.2,10.7,5.00000004470348));
#9741=CARTESIAN_POINT('',(45.2,10.7,5.00000004470348));
#9742=CARTESIAN_POINT('',(37.2,14.1500000111759,1.55000003352761));
#9743=CARTESIAN_POINT('Origin',(45.2,8.69999997019768,3.00000001490116));
#9744=CARTESIAN_POINT('',(37.2,8.69999997019768,3.00000001490116));
#9745=CARTESIAN_POINT('',(45.2,8.69999997019768,3.00000001490116));
#9746=CARTESIAN_POINT('',(37.2,10.649999973923,4.95000001862645));
#9747=CARTESIAN_POINT('Origin',(40.7223621013958,10.7,5.00000004470348));
#9748=CARTESIAN_POINT('Origin',(45.2,8.69999997019768,1.));
#9749=CARTESIAN_POINT('',(40.7,8.69999997019768,0.999999985098839));
#9750=CARTESIAN_POINT('',(40.7,8.69999997019768,-1.5));
#9751=CARTESIAN_POINT('',(37.2,8.69999997019768,1.));
#9752=CARTESIAN_POINT('',(45.2,8.69999997019768,1.));
#9753=CARTESIAN_POINT('',(37.2,8.69999997019768,0.5));
#9754=CARTESIAN_POINT('Origin',(40.7,10.6999999850988,-0.250000007450581));
#9755=CARTESIAN_POINT('',(40.7,10.9749999925494,1.));
#9756=CARTESIAN_POINT('',(40.7,12.6999999925494,-1.5));
#9757=CARTESIAN_POINT('Origin',(45.2,26.7,0.));
#9758=CARTESIAN_POINT('',(45.2,26.7,-1.5));
#9759=CARTESIAN_POINT('',(45.2,2.7,-1.5));
#9760=CARTESIAN_POINT('',(45.2,26.7,7.5));
#9761=CARTESIAN_POINT('',(45.2,26.7,0.));
#9762=CARTESIAN_POINT('',(45.2,23.7,10.5));
#9763=CARTESIAN_POINT('Origin',(45.2,26.7,10.5));
#9764=CARTESIAN_POINT('',(45.2,21.7,10.5));
#9765=CARTESIAN_POINT('',(45.2,2.7,10.5));
#9766=CARTESIAN_POINT('',(45.2,15.7,10.5));
#9767=CARTESIAN_POINT('Origin',(45.2,18.7,10.5));
#9768=CARTESIAN_POINT('',(45.2,5.7,10.5));
#9769=CARTESIAN_POINT('',(45.2,2.7,10.5));
#9770=CARTESIAN_POINT('',(45.2,-0.300000000000007,10.5));
#9771=CARTESIAN_POINT('Origin',(45.2,2.7,10.5));
#9772=CARTESIAN_POINT('',(45.2,-1.3,10.5));
#9773=CARTESIAN_POINT('',(45.2,2.7,10.5));
#9774=CARTESIAN_POINT('',(45.2,-1.3,-1.5));
#9775=CARTESIAN_POINT('',(45.2,-1.3,0.));
#9776=CARTESIAN_POINT('',(45.2,2.7,-1.5));
#9777=CARTESIAN_POINT('',(45.2,-0.300000000000007,2.5));
#9778=CARTESIAN_POINT('Origin',(45.2,2.7,2.5));
#9779=CARTESIAN_POINT('',(45.2,15.7,2.5));
#9780=CARTESIAN_POINT('Origin',(45.2,18.7,2.5));
#9781=CARTESIAN_POINT('Origin',(37.2,19.5,0.));
#9782=CARTESIAN_POINT('',(37.2,5.29807621135331,1.));
#9783=CARTESIAN_POINT('',(37.2,15.375,1.));
#9784=CARTESIAN_POINT('',(37.2,3.,5.48496231131986));
#9785=CARTESIAN_POINT('Origin',(37.2,2.7,2.5));
#9786=CARTESIAN_POINT('',(37.2,3.,7.51503768868014));
#9787=CARTESIAN_POINT('',(37.2,3.,0.));
#9788=CARTESIAN_POINT('',(37.2,5.7,10.5));
#9789=CARTESIAN_POINT('Origin',(37.2,2.7,10.5));
#9790=CARTESIAN_POINT('',(37.2,15.7,10.5));
#9791=CARTESIAN_POINT('',(37.2,3.,10.5));
#9792=CARTESIAN_POINT('',(37.2,19.5,7.60863354103981));
#9793=CARTESIAN_POINT('Origin',(37.2,18.7,10.5));
#9794=CARTESIAN_POINT('',(37.2,19.5,5.3913664589602));
#9795=CARTESIAN_POINT('',(37.2,19.5,0.));
#9796=CARTESIAN_POINT('',(37.2,15.7,2.5));
#9797=CARTESIAN_POINT('Origin',(37.2,18.7,2.5));
#9798=CARTESIAN_POINT('',(37.2,16.1019237886467,1.));
#9799=CARTESIAN_POINT('Origin',(37.2,18.7,2.5));
#9800=CARTESIAN_POINT('',(37.2,15.375,1.));
#9801=CARTESIAN_POINT('Origin',(40.7223621013958,10.7,0.));
#9802=CARTESIAN_POINT('',(38.7723621013958,10.7,10.5));
#9803=CARTESIAN_POINT('',(38.7723621013958,10.7,0.));
#9804=CARTESIAN_POINT('Origin',(40.7223621013958,10.7,10.5));
#9805=CARTESIAN_POINT('Origin',(-32.8,5.8,0.));
#9806=CARTESIAN_POINT('',(-34.75,5.8,-1.5));
#9807=CARTESIAN_POINT('Origin',(-32.8,5.8,-1.5));
#9808=CARTESIAN_POINT('',(-34.75,5.8,10.5));
#9809=CARTESIAN_POINT('',(-34.75,5.8,0.));
#9810=CARTESIAN_POINT('Origin',(-32.8,5.8,10.5));
#9811=CARTESIAN_POINT('Origin',(-32.8,16.7,0.));
#9812=CARTESIAN_POINT('',(-34.75,16.7,-1.5));
#9813=CARTESIAN_POINT('Origin',(-32.8,16.7,-1.5));
#9814=CARTESIAN_POINT('',(-34.75,16.7,10.5));
#9815=CARTESIAN_POINT('',(-34.75,16.7,0.));
#9816=CARTESIAN_POINT('Origin',(-32.8,16.7,10.5));
#9817=CARTESIAN_POINT('Origin',(38.7,26.7,10.5));
#9818=CARTESIAN_POINT('',(38.7,29.7,10.5));
#9819=CARTESIAN_POINT('',(38.7,29.2,10.5));
#9820=CARTESIAN_POINT('',(38.7,20.7,10.5));
#9821=CARTESIAN_POINT('',(38.7,23.7,10.5));
#9822=CARTESIAN_POINT('Origin',(38.7,26.7,10.5));
#9823=CARTESIAN_POINT('',(38.7,24.2,10.5));
#9824=CARTESIAN_POINT('',(38.7,20.7,10.5));
#9825=CARTESIAN_POINT('Origin',(38.7,26.7,10.5));
#9826=CARTESIAN_POINT('Origin',(38.7,26.7,10.5));
#9827=CARTESIAN_POINT('',(37.2,29.7,10.5));
#9828=CARTESIAN_POINT('',(38.7,29.7,10.5));
#9829=CARTESIAN_POINT('',(37.2,23.7,10.5));
#9830=CARTESIAN_POINT('Origin',(37.2,26.7,10.5));
#9831=CARTESIAN_POINT('',(38.7,23.7,10.5));
#9832=CARTESIAN_POINT('Origin',(45.2,26.7,10.5));
#9833=CARTESIAN_POINT('',(43.7,24.2,10.5));
#9834=CARTESIAN_POINT('',(45.2,24.2,10.5));
#9835=CARTESIAN_POINT('',(43.7,29.2,10.5));
#9836=CARTESIAN_POINT('Origin',(43.7,26.7,10.5));
#9837=CARTESIAN_POINT('',(45.2,29.2,10.5));
#9838=CARTESIAN_POINT('Origin',(4.70000000000001,14.7,10.5));
#9839=CARTESIAN_POINT('',(37.2,20.7,10.5));
#9840=CARTESIAN_POINT('',(43.7,29.7,10.5));
#9841=CARTESIAN_POINT('',(43.7,20.7,10.5));
#9842=CARTESIAN_POINT('',(43.8457513110646,29.7,10.5));
#9843=CARTESIAN_POINT('',(45.2,29.7,10.5));
#9844=CARTESIAN_POINT('',(41.2,30.7,10.5));
#9845=CARTESIAN_POINT('Origin',(41.2,26.7,10.5));
#9846=CARTESIAN_POINT('',(36.2,30.7,10.5));
#9847=CARTESIAN_POINT('',(-34.8,30.7,10.5));
#9848=CARTESIAN_POINT('',(36.2,29.2,10.5));
#9849=CARTESIAN_POINT('',(36.2,30.7,10.5));
#9850=CARTESIAN_POINT('',(35.7,29.2,10.5));
#9851=CARTESIAN_POINT('',(18.95,29.2,10.5));
#9852=CARTESIAN_POINT('',(35.7,24.2,10.5));
#9853=CARTESIAN_POINT('',(35.7,30.7,10.5));
#9854=CARTESIAN_POINT('',(36.2,24.2,10.5));
#9855=CARTESIAN_POINT('',(18.95,24.2,10.5));
#9856=CARTESIAN_POINT('',(36.2,21.8237900077244,10.5));
#9857=CARTESIAN_POINT('',(36.2,24.2,10.5));
#9858=CARTESIAN_POINT('',(36.3237900077244,21.7,10.5));
#9859=CARTESIAN_POINT('Origin',(34.,19.5,10.5));
#9860=CARTESIAN_POINT('',(38.7,21.7,10.5));
#9861=CARTESIAN_POINT('',(38.7,21.7,10.5));
#9862=CARTESIAN_POINT('',(38.7,21.2,10.5));
#9863=CARTESIAN_POINT('',(38.7,16.7,10.5));
#9864=CARTESIAN_POINT('',(43.7,21.2,10.5));
#9865=CARTESIAN_POINT('',(45.2,21.2,10.5));
#9866=CARTESIAN_POINT('',(43.7,21.7,10.5));
#9867=CARTESIAN_POINT('',(43.7,16.7,10.5));
#9868=CARTESIAN_POINT('',(45.2,21.7,10.5));
#9869=CARTESIAN_POINT('',(43.7,23.7,10.5));
#9870=CARTESIAN_POINT('',(45.2,23.7,10.5));
#9871=CARTESIAN_POINT('',(43.7,20.7,10.5));
#9872=CARTESIAN_POINT('Origin',(45.2,26.7,10.5));
#9873=CARTESIAN_POINT('Ctrl Pts',(43.8457513110646,29.7,10.5));
#9874=CARTESIAN_POINT('Ctrl Pts',(43.8457513110646,29.7,10.2985532278493));
#9875=CARTESIAN_POINT('Ctrl Pts',(43.8694665658319,29.679507721165,10.096364158444));
#9876=CARTESIAN_POINT('Ctrl Pts',(43.956634705603,29.5990486485683,9.70256340083167));
#9877=CARTESIAN_POINT('Ctrl Pts',(44.0197027038471,29.5391288325358,9.51085702052752));
#9878=CARTESIAN_POINT('Ctrl Pts',(44.2406356980255,29.307687447172,8.9650091982942));
#9879=CARTESIAN_POINT('Ctrl Pts',(44.4281865282694,29.0818594275205,8.63921874040122));
#9880=CARTESIAN_POINT('Ctrl Pts',(44.7507155223138,28.5662611885804,8.12362050146113));
#9881=CARTESIAN_POINT('Ctrl Pts',(44.9117243484146,28.2398235555279,7.89451399117139));
#9882=CARTESIAN_POINT('Ctrl Pts',(45.1371396047987,27.5042925305982,7.58234199705728));
#9883=CARTESIAN_POINT('Ctrl Pts',(45.2,27.0944194682573,7.5));
#9884=CARTESIAN_POINT('Ctrl Pts',(45.2,26.7,7.5));
#9885=CARTESIAN_POINT('Origin',(43.7,26.7,10.5));
#9886=CARTESIAN_POINT('Origin',(43.7,26.7,10.5));
#9887=CARTESIAN_POINT('Origin',(37.2,26.7,10.5));
#9888=CARTESIAN_POINT('Origin',(41.2,26.7,0.));
#9889=CARTESIAN_POINT('',(41.2,30.7,-1.5));
#9890=CARTESIAN_POINT('Origin',(41.2,26.7,-1.5));
#9891=CARTESIAN_POINT('',(41.2,30.7,0.));
#9892=CARTESIAN_POINT('Origin',(38.7,2.7,10.5));
#9893=CARTESIAN_POINT('',(35.2,0.033520605161734,9.12526815818394));
#9894=CARTESIAN_POINT('Ctrl Pts',(35.2,0.033520605161734,9.12526815818394));
#9895=CARTESIAN_POINT('Ctrl Pts',(35.2644550586549,0.0595939601698489,9.07469533971223));
#9896=CARTESIAN_POINT('Ctrl Pts',(35.3286470074435,0.0879996189920377,9.02313337194223));
#9897=CARTESIAN_POINT('Ctrl Pts',(35.8182217504636,0.324644696053579,8.62367437212881));
#9898=CARTESIAN_POINT('Ctrl Pts',(36.2256753376035,0.639505334472512,8.26123819688688));
#9899=CARTESIAN_POINT('Ctrl Pts',(36.7431846614986,1.32121917658265,7.81816457089504));
#9900=CARTESIAN_POINT('Ctrl Pts',(36.9208912548787,1.64145555265612,7.66973263062787));
#9901=CARTESIAN_POINT('Ctrl Pts',(37.1446276168334,2.31639510022471,7.50608868925704));
#9902=CARTESIAN_POINT('Ctrl Pts',(37.2,2.66679397873189,7.48154922351549));
#9903=CARTESIAN_POINT('Ctrl Pts',(37.2,3.,7.51503768868014));
#9904=CARTESIAN_POINT('',(35.2,-0.300000000000007,10.5));
#9905=CARTESIAN_POINT('Origin',(35.2,2.7,10.5));
#9906=CARTESIAN_POINT('',(38.7,-0.300000000000007,10.5));
#9907=CARTESIAN_POINT('',(38.7,-0.300000000000007,10.5));
#9908=CARTESIAN_POINT('',(38.7,5.7,10.5));
#9909=CARTESIAN_POINT('Origin',(38.7,2.7,10.5));
#9910=CARTESIAN_POINT('',(38.7,5.7,10.5));
#9911=CARTESIAN_POINT('Origin',(38.7,2.7,9.));
#9912=CARTESIAN_POINT('',(38.7,0.199999999999996,10.5));
#9913=CARTESIAN_POINT('',(38.7,8.7,10.5));
#9914=CARTESIAN_POINT('',(38.7,5.2,10.5));
#9915=CARTESIAN_POINT('Origin',(38.7,2.7,10.5));
#9916=CARTESIAN_POINT('',(38.7,8.7,10.5));
#9917=CARTESIAN_POINT('Origin',(35.2,2.7,9.));
#9918=CARTESIAN_POINT('',(35.2,0.0335206051617343,10.5));
#9919=CARTESIAN_POINT('',(35.2,0.0335206051617343,0.));
#9920=CARTESIAN_POINT('',(35.2,8.7,10.5));
#9921=CARTESIAN_POINT('Origin',(38.7,18.7,10.5));
#9922=CARTESIAN_POINT('Ctrl Pts',(37.2,19.5,7.60863354103981));
#9923=CARTESIAN_POINT('Ctrl Pts',(37.2,19.5504139418535,7.62258236214405));
#9924=CARTESIAN_POINT('Ctrl Pts',(37.1988064284546,19.6000424242618,7.63773648125222));
#9925=CARTESIAN_POINT('Ctrl Pts',(37.1829036792967,19.94193581381,7.75170094443497));
#9926=CARTESIAN_POINT('Ctrl Pts',(37.1260978956588,20.2352005266751,7.90273918052024));
#9927=CARTESIAN_POINT('Ctrl Pts',(36.9585593566314,20.7489733876158,8.2854319205976));
#9928=CARTESIAN_POINT('Ctrl Pts',(36.8492506341093,20.9700300379787,8.51697194460052));
#9929=CARTESIAN_POINT('Ctrl Pts',(36.6473727894434,21.3082523912136,8.9898388420675));
#9930=CARTESIAN_POINT('Ctrl Pts',(36.5370087039883,21.4544551031474,9.26994759458417));
#9931=CARTESIAN_POINT('Ctrl Pts',(36.3731867246744,21.6504177149247,9.87144375116214));
#9932=CARTESIAN_POINT('Ctrl Pts',(36.3237900077244,21.7,10.1939876885068));
#9933=CARTESIAN_POINT('Ctrl Pts',(36.3237900077244,21.7,10.5));
#9934=CARTESIAN_POINT('',(38.7,15.7,10.5));
#9935=CARTESIAN_POINT('',(38.7,15.7,10.5));
#9936=CARTESIAN_POINT('Origin',(38.7,18.7,10.5));
#9937=CARTESIAN_POINT('Origin',(38.7,18.7,9.));
#9938=CARTESIAN_POINT('',(38.7,16.2,10.5));
#9939=CARTESIAN_POINT('',(38.7,16.7,10.5));
#9940=CARTESIAN_POINT('Origin',(38.7,18.7,10.5));
#9941=CARTESIAN_POINT('Origin',(38.7,2.7,2.5));
#9942=CARTESIAN_POINT('',(38.7,-0.300000000000007,2.5));
#9943=CARTESIAN_POINT('Origin',(38.7,2.7,2.5));
#9944=CARTESIAN_POINT('',(35.2,-0.300000000000007,2.5));
#9945=CARTESIAN_POINT('',(38.7,-0.300000000000007,2.5));
#9946=CARTESIAN_POINT('',(35.2,0.033520605161734,3.87473184181607));
#9947=CARTESIAN_POINT('Origin',(35.2,2.7,2.5));
#9948=CARTESIAN_POINT('Ctrl Pts',(37.2,3.,5.48496231131986));
#9949=CARTESIAN_POINT('Ctrl Pts',(37.2,2.66679397873189,5.51845077648452));
#9950=CARTESIAN_POINT('Ctrl Pts',(37.1446276168334,2.31639510022471,5.49391131074297));
#9951=CARTESIAN_POINT('Ctrl Pts',(36.9208912548787,1.64145555265612,5.33026736937214));
#9952=CARTESIAN_POINT('Ctrl Pts',(36.7431846614986,1.32121917658264,5.18183542910496));
#9953=CARTESIAN_POINT('Ctrl Pts',(36.2256753376035,0.639505334472512,4.73876180311313));
#9954=CARTESIAN_POINT('Ctrl Pts',(35.8182217504636,0.324644696053581,4.3763256278712));
#9955=CARTESIAN_POINT('Ctrl Pts',(35.3286470074435,0.0879996189920376,3.97686662805777));
#9956=CARTESIAN_POINT('Ctrl Pts',(35.2644550586549,0.0595939601698488,3.92530466028778));
#9957=CARTESIAN_POINT('Ctrl Pts',(35.2,0.033520605161734,3.87473184181607));
#9958=CARTESIAN_POINT('',(35.2,5.29807621135331,1.));
#9959=CARTESIAN_POINT('',(38.7,5.29807621135331,1.));
#9960=CARTESIAN_POINT('',(35.2,0.101923788646678,1.));
#9961=CARTESIAN_POINT('Origin',(35.2,2.7,2.5));
#9962=CARTESIAN_POINT('',(35.3568914006611,0.101923788646678,1.));
#9963=CARTESIAN_POINT('',(38.7,0.101923788646678,1.));
#9964=CARTESIAN_POINT('',(35.2,0.033520605161734,1.12526815818394));
#9965=CARTESIAN_POINT('Ctrl Pts',(35.2,0.033520605161734,1.12526815818394));
#9966=CARTESIAN_POINT('Ctrl Pts',(35.2524633728035,0.0547430843988398,1.08410427307426));
#9967=CARTESIAN_POINT('Ctrl Pts',(35.3047506214001,0.0775112577664429,1.04228374382591));
#9968=CARTESIAN_POINT('Ctrl Pts',(35.3568914006611,0.101923788646677,1.));
#9969=CARTESIAN_POINT('Origin',(35.2,2.7,2.5));
#9970=CARTESIAN_POINT('Origin',(38.7,2.7,2.5));
#9971=CARTESIAN_POINT('',(38.7,0.199999999999996,2.5));
#9972=CARTESIAN_POINT('Origin',(38.7,2.7,2.5));
#9973=CARTESIAN_POINT('Origin',(35.2,2.7,2.5));
#9974=CARTESIAN_POINT('',(35.2,0.0335206051617343,0.));
#9975=CARTESIAN_POINT('Origin',(38.7,18.7,2.5));
#9976=CARTESIAN_POINT('',(38.7,15.7,2.5));
#9977=CARTESIAN_POINT('Origin',(38.7,18.7,2.5));
#9978=CARTESIAN_POINT('',(38.7,15.7,2.5));
#9979=CARTESIAN_POINT('',(36.6470591111959,21.2980762113533,1.));
#9980=CARTESIAN_POINT('Ctrl Pts',(36.6470591111959,21.2980762113533,1.));
#9981=CARTESIAN_POINT('Ctrl Pts',(36.578087074247,21.3996142093928,1.17586897150331));
#9982=CARTESIAN_POINT('Ctrl Pts',(36.5101003896353,21.4866426251222,1.36874537331369));
#9983=CARTESIAN_POINT('Ctrl Pts',(36.3731867246744,21.6504177149247,1.87144375116213));
#9984=CARTESIAN_POINT('Ctrl Pts',(36.3237900077244,21.7,2.19398768850678));
#9985=CARTESIAN_POINT('Ctrl Pts',(36.3237900077244,21.7,2.80601231149322));
#9986=CARTESIAN_POINT('Ctrl Pts',(36.3731867246744,21.6504177149247,3.12855624883787));
#9987=CARTESIAN_POINT('Ctrl Pts',(36.5370087039883,21.4544551031474,3.73005240541584));
#9988=CARTESIAN_POINT('Ctrl Pts',(36.6473727894434,21.3082523912136,4.0101611579325));
#9989=CARTESIAN_POINT('Ctrl Pts',(36.8492506341093,20.9700300379787,4.48302805539948));
#9990=CARTESIAN_POINT('Ctrl Pts',(36.9585593566314,20.7489733876158,4.7145680794024));
#9991=CARTESIAN_POINT('Ctrl Pts',(37.1260978956587,20.2352005266751,5.09726081947976));
#9992=CARTESIAN_POINT('Ctrl Pts',(37.1829036792967,19.94193581381,5.24829905556504));
#9993=CARTESIAN_POINT('Ctrl Pts',(37.1988064284546,19.6000424242618,5.36226351874779));
#9994=CARTESIAN_POINT('Ctrl Pts',(37.2,19.5504139418535,5.37741763785596));
#9995=CARTESIAN_POINT('Ctrl Pts',(37.2,19.5,5.3913664589602));
#9996=CARTESIAN_POINT('',(35.2,21.2980762113533,1.));
#9997=CARTESIAN_POINT('',(38.7,21.2980762113533,1.));
#9998=CARTESIAN_POINT('',(35.2,16.1019237886467,1.));
#9999=CARTESIAN_POINT('Origin',(35.2,18.7,2.5));
#10000=CARTESIAN_POINT('',(38.7,16.1019237886467,1.));
#10001=CARTESIAN_POINT('Origin',(38.7,18.7,2.5));
#10002=CARTESIAN_POINT('',(38.7,16.2,2.5));
#10003=CARTESIAN_POINT('Origin',(38.7,18.7,2.5));
#10004=CARTESIAN_POINT('Origin',(45.2,2.7,10.5));
#10005=CARTESIAN_POINT('',(43.7,0.199999999999996,10.5));
#10006=CARTESIAN_POINT('',(45.2,0.199999999999996,10.5));
#10007=CARTESIAN_POINT('',(43.7,5.2,10.5));
#10008=CARTESIAN_POINT('Origin',(43.7,2.7,10.5));
#10009=CARTESIAN_POINT('',(45.2,5.2,10.5));
#10010=CARTESIAN_POINT('Origin',(45.2,18.7,10.5));
#10011=CARTESIAN_POINT('',(43.7,16.2,10.5));
#10012=CARTESIAN_POINT('',(45.2,16.2,10.5));
#10013=CARTESIAN_POINT('Origin',(43.7,18.7,10.5));
#10014=CARTESIAN_POINT('Origin',(4.70000000000001,14.7,10.5));
#10015=CARTESIAN_POINT('',(43.7,5.7,10.5));
#10016=CARTESIAN_POINT('',(43.7,8.7,10.5));
#10017=CARTESIAN_POINT('',(45.2,5.7,10.5));
#10018=CARTESIAN_POINT('',(43.7,15.7,10.5));
#10019=CARTESIAN_POINT('',(45.2,15.7,10.5));
#10020=CARTESIAN_POINT('',(43.7,16.7,10.5));
#10021=CARTESIAN_POINT('Origin',(3.5,11.25,1.));
#10022=CARTESIAN_POINT('',(35.2,14.975,1.));
#10023=CARTESIAN_POINT('',(35.7980762113533,22.1470591111959,1.));
#10024=CARTESIAN_POINT('Origin',(34.,19.5,1.));
#10025=CARTESIAN_POINT('',(35.7980762113533,21.7,1.));
#10026=CARTESIAN_POINT('',(35.7980762113533,24.2,1.));
#10027=CARTESIAN_POINT('',(30.6019237886467,21.7,1.));
#10028=CARTESIAN_POINT('',(18.35,21.7,1.));
#10029=CARTESIAN_POINT('',(30.6019237886467,22.7,1.));
#10030=CARTESIAN_POINT('',(30.6019237886467,24.2,1.));
#10031=CARTESIAN_POINT('',(19.7980762113533,22.7,1.));
#10032=CARTESIAN_POINT('',(-13.35,22.7,1.));
#10033=CARTESIAN_POINT('',(19.7980762113533,21.7,1.));
#10034=CARTESIAN_POINT('',(19.7980762113533,24.2,1.));
#10035=CARTESIAN_POINT('',(14.6019237886467,21.7,1.));
#10036=CARTESIAN_POINT('',(10.35,21.7,1.));
#10037=CARTESIAN_POINT('',(14.6019237886467,22.7,1.));
#10038=CARTESIAN_POINT('',(14.6019237886467,24.2,1.));
#10039=CARTESIAN_POINT('',(3.79807621135332,22.7,1.));
#10040=CARTESIAN_POINT('',(-13.35,22.7,1.));
#10041=CARTESIAN_POINT('',(3.79807621135332,21.7,1.));
#10042=CARTESIAN_POINT('',(3.79807621135332,24.2,1.));
#10043=CARTESIAN_POINT('',(-1.39807621135331,21.7,1.));
#10044=CARTESIAN_POINT('',(2.35,21.7,1.));
#10045=CARTESIAN_POINT('',(-1.39807621135331,22.7,1.));
#10046=CARTESIAN_POINT('',(-1.39807621135331,24.2,1.));
#10047=CARTESIAN_POINT('',(-12.2019237886467,22.7,1.));
#10048=CARTESIAN_POINT('',(-13.35,22.7,1.));
#10049=CARTESIAN_POINT('',(-12.2019237886467,21.7,1.));
#10050=CARTESIAN_POINT('',(-12.2019237886467,24.2,1.));
#10051=CARTESIAN_POINT('',(-17.3980762113533,21.7,1.));
#10052=CARTESIAN_POINT('',(-5.65,21.7,1.));
#10053=CARTESIAN_POINT('',(-17.3980762113533,22.7,1.));
#10054=CARTESIAN_POINT('',(-17.3980762113533,24.2,1.));
#10055=CARTESIAN_POINT('',(-30.2,22.7,1.));
#10056=CARTESIAN_POINT('',(-13.35,22.7,1.));
#10057=CARTESIAN_POINT('',(-30.2,-0.2,1.));
#10058=CARTESIAN_POINT('',(-30.2,5.525,1.));
#10059=CARTESIAN_POINT('',(34.,-0.200000000000001,1.));
#10060=CARTESIAN_POINT('',(18.75,-0.200000000000001,1.));
#10061=CARTESIAN_POINT('Origin',(34.,3.,1.));
#10062=CARTESIAN_POINT('',(35.2,6.975,1.));
#10063=CARTESIAN_POINT('',(4.5,20.1,1.));
#10064=CARTESIAN_POINT('Origin',(5.5,20.1,1.));
#10065=CARTESIAN_POINT('',(27.,5.,1.));
#10066=CARTESIAN_POINT('',(-20.,5.,1.));
#10067=CARTESIAN_POINT('',(0.,5.,1.));
#10068=CARTESIAN_POINT('',(-25.,10.,1.));
#10069=CARTESIAN_POINT('Origin',(-20.,10.,1.));
#10070=CARTESIAN_POINT('',(-25.,12.5,1.));
#10071=CARTESIAN_POINT('',(-25.,10.,1.));
#10072=CARTESIAN_POINT('',(-20.,17.5,1.));
#10073=CARTESIAN_POINT('Origin',(-20.,12.5,1.));
#10074=CARTESIAN_POINT('',(27.,17.5,1.));
#10075=CARTESIAN_POINT('',(27.,17.5,1.));
#10076=CARTESIAN_POINT('',(32.,12.5,1.));
#10077=CARTESIAN_POINT('Origin',(27.,12.5,1.));
#10078=CARTESIAN_POINT('',(32.,10.,1.));
#10079=CARTESIAN_POINT('',(32.,10.,1.));
#10080=CARTESIAN_POINT('Origin',(27.,10.,1.));
#10081=CARTESIAN_POINT('',(4.5,2.4,1.));
#10082=CARTESIAN_POINT('Origin',(5.5,2.4,1.));
#10083=CARTESIAN_POINT('Origin',(45.2,18.7,10.5));
#10084=CARTESIAN_POINT('Origin',(43.7,18.7,10.5));
#10085=CARTESIAN_POINT('Origin',(43.7,18.7,9.));
#10086=CARTESIAN_POINT('Origin',(45.2,18.7,2.5));
#10087=CARTESIAN_POINT('',(43.7,15.7,2.5));
#10088=CARTESIAN_POINT('',(45.2,15.7,2.5));
#10089=CARTESIAN_POINT('Origin',(43.7,18.7,2.5));
#10090=CARTESIAN_POINT('Origin',(43.7,18.7,2.5));
#10091=CARTESIAN_POINT('',(43.7,16.2,2.5));
#10092=CARTESIAN_POINT('Origin',(43.7,18.7,2.5));
#10093=CARTESIAN_POINT('Origin',(45.2,2.7,10.5));
#10094=CARTESIAN_POINT('',(43.7,-0.300000000000007,10.5));
#10095=CARTESIAN_POINT('Origin',(43.7,2.7,10.5));
#10096=CARTESIAN_POINT('',(45.2,-0.300000000000007,10.5));
#10097=CARTESIAN_POINT('Origin',(43.7,2.7,9.));
#10098=CARTESIAN_POINT('',(43.7,8.7,10.5));
#10099=CARTESIAN_POINT('Origin',(45.2,2.7,2.5));
#10100=CARTESIAN_POINT('',(43.7,-0.300000000000007,2.5));
#10101=CARTESIAN_POINT('',(45.2,-0.300000000000007,2.5));
#10102=CARTESIAN_POINT('Origin',(43.7,2.7,2.5));
#10103=CARTESIAN_POINT('Origin',(43.7,2.7,2.5));
#10104=CARTESIAN_POINT('',(43.7,0.199999999999996,2.5));
#10105=CARTESIAN_POINT('Origin',(43.7,2.7,2.5));
#10106=CARTESIAN_POINT('Origin',(4.70000000000001,14.7,10.5));
#10107=CARTESIAN_POINT('',(34.,-0.200000000000001,10.5));
#10108=CARTESIAN_POINT('Origin',(34.,3.,10.5));
#10109=CARTESIAN_POINT('',(-30.2,-0.2,10.5));
#10110=CARTESIAN_POINT('',(0.,-0.2,10.5));
#10111=CARTESIAN_POINT('',(-30.2,22.7,10.5));
#10112=CARTESIAN_POINT('',(-30.2,-0.2,10.5));
#10113=CARTESIAN_POINT('',(-25.8,22.7,10.5));
#10114=CARTESIAN_POINT('',(34.,22.7,10.5));
#10115=CARTESIAN_POINT('',(-25.8,24.2,10.5));
#10116=CARTESIAN_POINT('',(-25.8,24.2,10.5));
#10117=CARTESIAN_POINT('',(-25.3,24.2,10.5));
#10118=CARTESIAN_POINT('',(-9.04999999999999,24.2,10.5));
#10119=CARTESIAN_POINT('',(-25.3,29.2,10.5));
#10120=CARTESIAN_POINT('',(-25.3,30.7,10.5));
#10121=CARTESIAN_POINT('',(-25.8,29.2,10.5));
#10122=CARTESIAN_POINT('',(-9.04999999999999,29.2,10.5));
#10123=CARTESIAN_POINT('',(-25.8,30.7,10.5));
#10124=CARTESIAN_POINT('',(-25.8,30.7,10.5));
#10125=CARTESIAN_POINT('',(-34.8,30.7,10.5));
#10126=CARTESIAN_POINT('',(-34.8,30.7,10.5));
#10127=CARTESIAN_POINT('',(-34.8,29.7,10.5));
#10128=CARTESIAN_POINT('',(-34.8,18.9360679774998,10.5));
#10129=CARTESIAN_POINT('',(-33.3,29.7,10.5));
#10130=CARTESIAN_POINT('',(-34.8,29.7,10.5));
#10131=CARTESIAN_POINT('',(-33.3,29.2,10.5));
#10132=CARTESIAN_POINT('',(-33.3,20.7,10.5));
#10133=CARTESIAN_POINT('',(-28.3,29.2,10.5));
#10134=CARTESIAN_POINT('',(-34.8,29.2,10.5));
#10135=CARTESIAN_POINT('',(-28.3,29.7,10.5));
#10136=CARTESIAN_POINT('',(-28.3,20.7,10.5));
#10137=CARTESIAN_POINT('',(-26.8,29.7,10.5));
#10138=CARTESIAN_POINT('',(-28.3,29.7,10.5));
#10139=CARTESIAN_POINT('',(-26.8,23.7,10.5));
#10140=CARTESIAN_POINT('',(-26.8,20.7,10.5));
#10141=CARTESIAN_POINT('',(-28.3,23.7,10.5));
#10142=CARTESIAN_POINT('',(-28.3,23.7,10.5));
#10143=CARTESIAN_POINT('',(-28.3,24.2,10.5));
#10144=CARTESIAN_POINT('',(-28.3,20.7,10.5));
#10145=CARTESIAN_POINT('',(-33.3,24.2,10.5));
#10146=CARTESIAN_POINT('',(-34.8,24.2,10.5));
#10147=CARTESIAN_POINT('',(-33.3,23.7,10.5));
#10148=CARTESIAN_POINT('',(-33.3,20.7,10.5));
#10149=CARTESIAN_POINT('',(-34.8,23.7,10.5));
#10150=CARTESIAN_POINT('',(-34.8,23.7,10.5));
#10151=CARTESIAN_POINT('',(-34.8,18.9360679774998,10.5));
#10152=CARTESIAN_POINT('',(-34.8,18.9360679774998,10.5));
#10153=CARTESIAN_POINT('',(-34.8,14.4639320225002,10.5));
#10154=CARTESIAN_POINT('Origin',(-32.8,16.7,10.5));
#10155=CARTESIAN_POINT('',(-34.8,8.03606797749979,10.5));
#10156=CARTESIAN_POINT('',(-34.8,8.03606797749979,10.5));
#10157=CARTESIAN_POINT('',(-34.8,3.56393202250021,10.5));
#10158=CARTESIAN_POINT('Origin',(-32.8,5.8,10.5));
#10159=CARTESIAN_POINT('',(-34.8,-1.3,10.5));
#10160=CARTESIAN_POINT('',(-34.8,-1.3,10.5));
#10161=CARTESIAN_POINT('',(45.2,-1.3,10.5));
#10162=CARTESIAN_POINT('Origin',(35.2,2.7,2.5));
#10163=CARTESIAN_POINT('Origin',(45.2,2.7,2.5));
#10164=CARTESIAN_POINT('',(45.2,0.199999999999996,2.5));
#10165=CARTESIAN_POINT('Origin',(35.2,18.7,2.5));
#10166=CARTESIAN_POINT('Origin',(45.2,18.7,2.5));
#10167=CARTESIAN_POINT('',(45.2,16.2,2.5));
#10168=CARTESIAN_POINT('Origin',(-28.3,26.7,10.5));
#10169=CARTESIAN_POINT('Origin',(-28.3,26.7,10.5));
#10170=CARTESIAN_POINT('Origin',(-26.8,26.7,10.5));
#10171=CARTESIAN_POINT('Origin',(-28.3,26.7,9.));
#10172=CARTESIAN_POINT('Origin',(-28.3,26.7,10.5));
#10173=CARTESIAN_POINT('Origin',(-28.3,26.7,2.5));
#10174=CARTESIAN_POINT('',(-28.3,29.7,2.5));
#10175=CARTESIAN_POINT('Origin',(-28.3,26.7,2.5));
#10176=CARTESIAN_POINT('',(-26.8,29.7,2.5));
#10177=CARTESIAN_POINT('',(-28.3,29.7,2.5));
#10178=CARTESIAN_POINT('Origin',(-26.8,26.7,2.5));
#10179=CARTESIAN_POINT('Origin',(-28.3,26.7,2.5));
#10180=CARTESIAN_POINT('',(-28.3,29.2,2.5));
#10181=CARTESIAN_POINT('Origin',(-28.3,26.7,2.5));
#10182=CARTESIAN_POINT('Origin',(-34.8,26.7,10.5));
#10183=CARTESIAN_POINT('Origin',(-33.3,26.7,10.5));
#10184=CARTESIAN_POINT('Origin',(-34.8,26.7,2.5));
#10185=CARTESIAN_POINT('',(-34.8,29.7,2.5));
#10186=CARTESIAN_POINT('Origin',(-34.8,26.7,2.5));
#10187=CARTESIAN_POINT('',(-33.3,29.7,2.5));
#10188=CARTESIAN_POINT('',(-34.8,29.7,2.5));
#10189=CARTESIAN_POINT('Origin',(-33.3,26.7,2.5));
#10190=CARTESIAN_POINT('Origin',(-33.3,26.7,2.5));
#10191=CARTESIAN_POINT('',(-33.3,29.2,2.5));
#10192=CARTESIAN_POINT('Origin',(-33.3,26.7,2.5));
#10193=CARTESIAN_POINT('Origin',(-34.8,26.7,10.5));
#10194=CARTESIAN_POINT('Origin',(-34.8,26.7,10.5));
#10195=CARTESIAN_POINT('Origin',(-33.3,26.7,10.5));
#10196=CARTESIAN_POINT('Origin',(-33.3,26.7,9.));
#10197=CARTESIAN_POINT('Origin',(-34.8,26.7,2.5));
#10198=CARTESIAN_POINT('',(-34.8,29.2,2.5));
#10199=CARTESIAN_POINT('Origin',(-26.8,26.7,2.5));
#10200=CARTESIAN_POINT('Origin',(-26.8,26.7,9.25));
#10201=CARTESIAN_POINT('Origin',(-34.8,18.9360679774998,0.));
#10202=CARTESIAN_POINT('',(-34.8,30.7,-1.5));
#10203=CARTESIAN_POINT('',(-34.8,30.7,0.));
#10204=CARTESIAN_POINT('',(-34.8,18.9360679774998,-1.5));
#10205=CARTESIAN_POINT('',(-34.8,18.9360679774998,-1.5));
#10206=CARTESIAN_POINT('',(-34.8,18.9360679774998,0.));
#10207=CARTESIAN_POINT('Origin',(17.2,24.2,10.5));
#10208=CARTESIAN_POINT('',(20.2,22.7,10.5));
#10209=CARTESIAN_POINT('',(14.2,22.7,10.5));
#10210=CARTESIAN_POINT('Origin',(17.2,22.7,10.5));
#10211=CARTESIAN_POINT('',(20.2,24.2,10.5));
#10212=CARTESIAN_POINT('',(20.2,24.2,10.5));
#10213=CARTESIAN_POINT('',(14.2,24.2,10.5));
#10214=CARTESIAN_POINT('Origin',(17.2,24.2,10.5));
#10215=CARTESIAN_POINT('',(14.2,24.2,10.5));
#10216=CARTESIAN_POINT('Origin',(17.2,24.2,9.));
#10217=CARTESIAN_POINT('',(19.7,24.2,10.5));
#10218=CARTESIAN_POINT('',(10.95,24.2,10.5));
#10219=CARTESIAN_POINT('',(14.7,24.2,10.5));
#10220=CARTESIAN_POINT('Origin',(17.2,24.2,10.5));
#10221=CARTESIAN_POINT('',(10.95,24.2,10.5));
#10222=CARTESIAN_POINT('Origin',(-14.8,24.2,10.5));
#10223=CARTESIAN_POINT('',(-11.8,22.7,10.5));
#10224=CARTESIAN_POINT('',(-17.8,22.7,10.5));
#10225=CARTESIAN_POINT('Origin',(-14.8,22.7,10.5));
#10226=CARTESIAN_POINT('',(-11.8,24.2,10.5));
#10227=CARTESIAN_POINT('',(-11.8,24.2,10.5));
#10228=CARTESIAN_POINT('',(-17.8,24.2,10.5));
#10229=CARTESIAN_POINT('Origin',(-14.8,24.2,10.5));
#10230=CARTESIAN_POINT('',(-17.8,24.2,10.5));
#10231=CARTESIAN_POINT('Origin',(-14.8,24.2,9.));
#10232=CARTESIAN_POINT('',(-12.3,24.2,10.5));
#10233=CARTESIAN_POINT('',(-5.04999999999999,24.2,10.5));
#10234=CARTESIAN_POINT('',(-17.3,24.2,10.5));
#10235=CARTESIAN_POINT('Origin',(-14.8,24.2,10.5));
#10236=CARTESIAN_POINT('',(-5.04999999999999,24.2,10.5));
#10237=CARTESIAN_POINT('Origin',(17.2,24.2,2.5));
#10238=CARTESIAN_POINT('',(20.2,24.2,2.5));
#10239=CARTESIAN_POINT('Origin',(17.2,24.2,2.5));
#10240=CARTESIAN_POINT('',(20.2,22.7,2.5));
#10241=CARTESIAN_POINT('',(20.2,24.2,2.5));
#10242=CARTESIAN_POINT('Origin',(17.2,22.7,2.5));
#10243=CARTESIAN_POINT('Origin',(17.2,21.7,2.5));
#10244=CARTESIAN_POINT('Origin',(17.2,22.7,2.5));
#10245=CARTESIAN_POINT('Origin',(17.2,24.2,2.5));
#10246=CARTESIAN_POINT('',(19.7,24.2,2.5));
#10247=CARTESIAN_POINT('Origin',(17.2,24.2,2.5));
#10248=CARTESIAN_POINT('Origin',(1.20000000000001,24.2,2.5));
#10249=CARTESIAN_POINT('',(4.20000000000001,24.2,2.5));
#10250=CARTESIAN_POINT('Origin',(1.20000000000001,24.2,2.5));
#10251=CARTESIAN_POINT('',(4.20000000000001,22.7,2.5));
#10252=CARTESIAN_POINT('',(4.20000000000001,24.2,2.5));
#10253=CARTESIAN_POINT('Origin',(1.20000000000001,22.7,2.5));
#10254=CARTESIAN_POINT('Origin',(1.20000000000001,21.7,2.5));
#10255=CARTESIAN_POINT('Origin',(1.20000000000001,22.7,2.5));
#10256=CARTESIAN_POINT('Origin',(1.20000000000001,24.2,2.5));
#10257=CARTESIAN_POINT('',(3.70000000000001,24.2,2.5));
#10258=CARTESIAN_POINT('Origin',(1.20000000000001,24.2,2.5));
#10259=CARTESIAN_POINT('Origin',(-6.79999999999999,24.2,10.5));
#10260=CARTESIAN_POINT('',(-3.79999999999999,22.7,10.5));
#10261=CARTESIAN_POINT('',(-9.79999999999999,22.7,10.5));
#10262=CARTESIAN_POINT('Origin',(-6.79999999999999,22.7,10.5));
#10263=CARTESIAN_POINT('',(-3.79999999999999,24.2,10.5));
#10264=CARTESIAN_POINT('',(-3.79999999999999,24.2,10.5));
#10265=CARTESIAN_POINT('',(-9.79999999999999,24.2,10.5));
#10266=CARTESIAN_POINT('Origin',(-6.79999999999999,24.2,10.5));
#10267=CARTESIAN_POINT('',(-9.79999999999999,24.2,10.5));
#10268=CARTESIAN_POINT('Origin',(-6.79999999999999,24.2,9.));
#10269=CARTESIAN_POINT('',(-4.29999999999999,24.2,10.5));
#10270=CARTESIAN_POINT('',(-1.04999999999999,24.2,10.5));
#10271=CARTESIAN_POINT('',(-9.29999999999999,24.2,10.5));
#10272=CARTESIAN_POINT('Origin',(-6.79999999999999,24.2,10.5));
#10273=CARTESIAN_POINT('',(-1.04999999999999,24.2,10.5));
#10274=CARTESIAN_POINT('Origin',(25.2,24.2,10.5));
#10275=CARTESIAN_POINT('',(28.2,22.7,10.5));
#10276=CARTESIAN_POINT('',(22.2,22.7,10.5));
#10277=CARTESIAN_POINT('Origin',(25.2,22.7,10.5));
#10278=CARTESIAN_POINT('',(28.2,24.2,10.5));
#10279=CARTESIAN_POINT('',(28.2,24.2,10.5));
#10280=CARTESIAN_POINT('',(22.2,24.2,10.5));
#10281=CARTESIAN_POINT('Origin',(25.2,24.2,10.5));
#10282=CARTESIAN_POINT('',(22.2,24.2,10.5));
#10283=CARTESIAN_POINT('Origin',(25.2,24.2,9.));
#10284=CARTESIAN_POINT('',(27.7,24.2,10.5));
#10285=CARTESIAN_POINT('',(14.95,24.2,10.5));
#10286=CARTESIAN_POINT('',(22.7,24.2,10.5));
#10287=CARTESIAN_POINT('Origin',(25.2,24.2,10.5));
#10288=CARTESIAN_POINT('',(14.95,24.2,10.5));
#10289=CARTESIAN_POINT('Origin',(9.20000000000001,24.2,10.5));
#10290=CARTESIAN_POINT('',(12.2,22.7,10.5));
#10291=CARTESIAN_POINT('',(6.20000000000001,22.7,10.5));
#10292=CARTESIAN_POINT('Origin',(9.20000000000001,22.7,10.5));
#10293=CARTESIAN_POINT('',(12.2,24.2,10.5));
#10294=CARTESIAN_POINT('',(12.2,24.2,10.5));
#10295=CARTESIAN_POINT('',(6.20000000000001,24.2,10.5));
#10296=CARTESIAN_POINT('Origin',(9.20000000000001,24.2,10.5));
#10297=CARTESIAN_POINT('',(6.20000000000001,24.2,10.5));
#10298=CARTESIAN_POINT('Origin',(9.20000000000001,24.2,9.));
#10299=CARTESIAN_POINT('',(11.7,24.2,10.5));
#10300=CARTESIAN_POINT('',(6.95000000000001,24.2,10.5));
#10301=CARTESIAN_POINT('',(6.70000000000001,24.2,10.5));
#10302=CARTESIAN_POINT('Origin',(9.20000000000001,24.2,10.5));
#10303=CARTESIAN_POINT('',(6.95000000000001,24.2,10.5));
#10304=CARTESIAN_POINT('Origin',(-22.8,24.2,10.5));
#10305=CARTESIAN_POINT('',(-19.8,22.7,10.5));
#10306=CARTESIAN_POINT('Origin',(-22.8,22.7,10.5));
#10307=CARTESIAN_POINT('',(-19.8,24.2,10.5));
#10308=CARTESIAN_POINT('',(-19.8,24.2,10.5));
#10309=CARTESIAN_POINT('Origin',(-22.8,24.2,10.5));
#10310=CARTESIAN_POINT('Origin',(-22.8,24.2,9.));
#10311=CARTESIAN_POINT('',(-20.3,24.2,10.5));
#10312=CARTESIAN_POINT('',(-9.04999999999999,24.2,10.5));
#10313=CARTESIAN_POINT('Origin',(-22.8,24.2,10.5));
#10314=CARTESIAN_POINT('Origin',(33.2,24.2,2.5));
#10315=CARTESIAN_POINT('',(36.2,24.2,2.5));
#10316=CARTESIAN_POINT('Origin',(33.2,24.2,2.5));
#10317=CARTESIAN_POINT('',(36.2,21.8237900077244,2.5));
#10318=CARTESIAN_POINT('',(36.2,24.2,2.5));
#10319=CARTESIAN_POINT('',(34.,22.7,5.39136645896019));
#10320=CARTESIAN_POINT('Ctrl Pts',(34.,22.7,5.39136645896019));
#10321=CARTESIAN_POINT('Ctrl Pts',(34.0504139418535,22.7,5.37741763785595));
#10322=CARTESIAN_POINT('Ctrl Pts',(34.1000424242618,22.6988064284546,5.36226351874778));
#10323=CARTESIAN_POINT('Ctrl Pts',(34.44193581381,22.6829036792967,5.24829905556504));
#10324=CARTESIAN_POINT('Ctrl Pts',(34.7352005266751,22.6260978956587,5.09726081947976));
#10325=CARTESIAN_POINT('Ctrl Pts',(35.2489733876158,22.4585593566314,4.7145680794024));
#10326=CARTESIAN_POINT('Ctrl Pts',(35.4700300379787,22.3492506341093,4.48302805539948));
#10327=CARTESIAN_POINT('Ctrl Pts',(35.8082523912136,22.1473727894434,4.0101611579325));
#10328=CARTESIAN_POINT('Ctrl Pts',(35.9544551031474,22.0370087039882,3.73005240541584));
#10329=CARTESIAN_POINT('Ctrl Pts',(36.1504177149247,21.8731867246743,3.12855624883787));
#10330=CARTESIAN_POINT('Ctrl Pts',(36.2,21.8237900077244,2.80601231149322));
#10331=CARTESIAN_POINT('Ctrl Pts',(36.2,21.8237900077244,2.5));
#10332=CARTESIAN_POINT('Origin',(33.2,22.7,2.5));
#10333=CARTESIAN_POINT('Origin',(33.2,21.7,2.5));
#10334=CARTESIAN_POINT('Ctrl Pts',(36.2,21.8237900077244,2.5));
#10335=CARTESIAN_POINT('Ctrl Pts',(36.2,21.8237900077244,2.19398768850678));
#10336=CARTESIAN_POINT('Ctrl Pts',(36.1504177149247,21.8731867246743,1.87144375116213));
#10337=CARTESIAN_POINT('Ctrl Pts',(35.9866426251222,22.0101003896353,1.36874537331368));
#10338=CARTESIAN_POINT('Ctrl Pts',(35.8996142093929,22.078087074247,1.17586897150331));
#10339=CARTESIAN_POINT('Ctrl Pts',(35.7980762113533,22.1470591111959,0.999999999999999));
#10340=CARTESIAN_POINT('Origin',(33.2,24.2,2.5));
#10341=CARTESIAN_POINT('',(35.7,24.2,2.5));
#10342=CARTESIAN_POINT('Origin',(33.2,24.2,2.5));
#10343=CARTESIAN_POINT('Origin',(-14.8,24.2,2.5));
#10344=CARTESIAN_POINT('',(-11.8,24.2,2.5));
#10345=CARTESIAN_POINT('Origin',(-14.8,24.2,2.5));
#10346=CARTESIAN_POINT('',(-11.8,22.7,2.5));
#10347=CARTESIAN_POINT('',(-11.8,24.2,2.5));
#10348=CARTESIAN_POINT('Origin',(-14.8,22.7,2.5));
#10349=CARTESIAN_POINT('Origin',(-14.8,21.7,2.5));
#10350=CARTESIAN_POINT('Origin',(-14.8,22.7,2.5));
#10351=CARTESIAN_POINT('Origin',(-14.8,24.2,2.5));
#10352=CARTESIAN_POINT('',(-12.3,24.2,2.5));
#10353=CARTESIAN_POINT('Origin',(-14.8,24.2,2.5));
#10354=CARTESIAN_POINT('Origin',(1.20000000000001,24.2,10.5));
#10355=CARTESIAN_POINT('',(4.20000000000001,22.7,10.5));
#10356=CARTESIAN_POINT('',(-1.79999999999999,22.7,10.5));
#10357=CARTESIAN_POINT('Origin',(1.20000000000001,22.7,10.5));
#10358=CARTESIAN_POINT('',(4.20000000000001,24.2,10.5));
#10359=CARTESIAN_POINT('',(4.20000000000001,24.2,10.5));
#10360=CARTESIAN_POINT('',(-1.79999999999999,24.2,10.5));
#10361=CARTESIAN_POINT('Origin',(1.20000000000001,24.2,10.5));
#10362=CARTESIAN_POINT('',(-1.79999999999999,24.2,10.5));
#10363=CARTESIAN_POINT('Origin',(1.20000000000001,24.2,9.));
#10364=CARTESIAN_POINT('',(3.70000000000001,24.2,10.5));
#10365=CARTESIAN_POINT('',(2.95000000000001,24.2,10.5));
#10366=CARTESIAN_POINT('',(-1.29999999999999,24.2,10.5));
#10367=CARTESIAN_POINT('Origin',(1.20000000000001,24.2,10.5));
#10368=CARTESIAN_POINT('',(2.95000000000001,24.2,10.5));
#10369=CARTESIAN_POINT('Origin',(33.2,24.2,10.5));
#10370=CARTESIAN_POINT('',(34.,22.7,7.60863354103981));
#10371=CARTESIAN_POINT('',(30.2,22.7,10.5));
#10372=CARTESIAN_POINT('Origin',(33.2,22.7,10.5));
#10373=CARTESIAN_POINT('Ctrl Pts',(36.2,21.8237900077244,10.5));
#10374=CARTESIAN_POINT('Ctrl Pts',(36.2,21.8237900077244,10.1939876885068));
#10375=CARTESIAN_POINT('Ctrl Pts',(36.1504177149247,21.8731867246743,9.87144375116213));
#10376=CARTESIAN_POINT('Ctrl Pts',(35.9544551031474,22.0370087039882,9.26994759458416));
#10377=CARTESIAN_POINT('Ctrl Pts',(35.8082523912136,22.1473727894434,8.9898388420675));
#10378=CARTESIAN_POINT('Ctrl Pts',(35.4700300379787,22.3492506341093,8.51697194460051));
#10379=CARTESIAN_POINT('Ctrl Pts',(35.2489733876158,22.4585593566314,8.2854319205976));
#10380=CARTESIAN_POINT('Ctrl Pts',(34.7352005266751,22.6260978956587,7.90273918052024));
#10381=CARTESIAN_POINT('Ctrl Pts',(34.44193581381,22.6829036792967,7.75170094443497));
#10382=CARTESIAN_POINT('Ctrl Pts',(34.1000424242618,22.6988064284546,7.63773648125222));
#10383=CARTESIAN_POINT('Ctrl Pts',(34.0504139418535,22.7,7.62258236214405));
#10384=CARTESIAN_POINT('Ctrl Pts',(34.,22.7,7.60863354103981));
#10385=CARTESIAN_POINT('',(30.2,24.2,10.5));
#10386=CARTESIAN_POINT('Origin',(33.2,24.2,10.5));
#10387=CARTESIAN_POINT('',(30.2,24.2,10.5));
#10388=CARTESIAN_POINT('Origin',(33.2,24.2,9.));
#10389=CARTESIAN_POINT('',(30.7,24.2,10.5));
#10390=CARTESIAN_POINT('Origin',(33.2,24.2,10.5));
#10391=CARTESIAN_POINT('',(18.95,24.2,10.5));
#10392=CARTESIAN_POINT('Origin',(17.2,30.7,10.5));
#10393=CARTESIAN_POINT('',(19.7,29.2,10.5));
#10394=CARTESIAN_POINT('',(19.7,30.7,10.5));
#10395=CARTESIAN_POINT('',(14.7,29.2,10.5));
#10396=CARTESIAN_POINT('Origin',(17.2,29.2,10.5));
#10397=CARTESIAN_POINT('',(14.7,30.7,10.5));
#10398=CARTESIAN_POINT('Origin',(-14.8,30.7,10.5));
#10399=CARTESIAN_POINT('',(-12.3,29.2,10.5));
#10400=CARTESIAN_POINT('',(-12.3,30.7,10.5));
#10401=CARTESIAN_POINT('',(-17.3,29.2,10.5));
#10402=CARTESIAN_POINT('Origin',(-14.8,29.2,10.5));
#10403=CARTESIAN_POINT('',(-17.3,30.7,10.5));
#10404=CARTESIAN_POINT('Origin',(-6.79999999999999,30.7,10.5));
#10405=CARTESIAN_POINT('',(-4.29999999999999,29.2,10.5));
#10406=CARTESIAN_POINT('',(-4.29999999999999,30.7,10.5));
#10407=CARTESIAN_POINT('',(-9.29999999999999,29.2,10.5));
#10408=CARTESIAN_POINT('Origin',(-6.79999999999999,29.2,10.5));
#10409=CARTESIAN_POINT('',(-9.29999999999999,30.7,10.5));
#10410=CARTESIAN_POINT('Origin',(25.2,30.7,10.5));
#10411=CARTESIAN_POINT('',(27.7,29.2,10.5));
#10412=CARTESIAN_POINT('',(27.7,30.7,10.5));
#10413=CARTESIAN_POINT('',(22.7,29.2,10.5));
#10414=CARTESIAN_POINT('Origin',(25.2,29.2,10.5));
#10415=CARTESIAN_POINT('',(22.7,30.7,10.5));
#10416=CARTESIAN_POINT('Origin',(4.70000000000001,14.7,10.5));
#10417=CARTESIAN_POINT('',(14.2,29.2,10.5));
#10418=CARTESIAN_POINT('',(10.95,29.2,10.5));
#10419=CARTESIAN_POINT('',(14.2,30.7,10.5));
#10420=CARTESIAN_POINT('',(14.2,30.7,10.5));
#10421=CARTESIAN_POINT('',(12.2,30.7,10.5));
#10422=CARTESIAN_POINT('',(-34.8,30.7,10.5));
#10423=CARTESIAN_POINT('',(12.2,29.2,10.5));
#10424=CARTESIAN_POINT('',(12.2,30.7,10.5));
#10425=CARTESIAN_POINT('',(11.7,29.2,10.5));
#10426=CARTESIAN_POINT('',(6.95000000000001,29.2,10.5));
#10427=CARTESIAN_POINT('',(11.7,30.7,10.5));
#10428=CARTESIAN_POINT('',(34.,22.7,10.5));
#10429=CARTESIAN_POINT('Origin',(9.20000000000001,30.7,10.5));
#10430=CARTESIAN_POINT('',(6.70000000000001,29.2,10.5));
#10431=CARTESIAN_POINT('Origin',(9.20000000000001,29.2,10.5));
#10432=CARTESIAN_POINT('',(6.70000000000001,30.7,10.5));
#10433=CARTESIAN_POINT('Origin',(4.70000000000001,14.7,10.5));
#10434=CARTESIAN_POINT('',(-17.8,29.2,10.5));
#10435=CARTESIAN_POINT('',(-5.04999999999999,29.2,10.5));
#10436=CARTESIAN_POINT('',(-17.8,30.7,10.5));
#10437=CARTESIAN_POINT('',(-17.8,30.7,10.5));
#10438=CARTESIAN_POINT('',(-19.8,30.7,10.5));
#10439=CARTESIAN_POINT('',(-34.8,30.7,10.5));
#10440=CARTESIAN_POINT('',(-19.8,29.2,10.5));
#10441=CARTESIAN_POINT('',(-19.8,30.7,10.5));
#10442=CARTESIAN_POINT('',(-20.3,29.2,10.5));
#10443=CARTESIAN_POINT('',(-9.04999999999999,29.2,10.5));
#10444=CARTESIAN_POINT('',(-20.3,30.7,10.5));
#10445=CARTESIAN_POINT('',(34.,22.7,10.5));
#10446=CARTESIAN_POINT('Origin',(-22.8,30.7,10.5));
#10447=CARTESIAN_POINT('Origin',(-22.8,29.2,10.5));
#10448=CARTESIAN_POINT('Origin',(1.20000000000001,30.7,10.5));
#10449=CARTESIAN_POINT('',(3.70000000000001,29.2,10.5));
#10450=CARTESIAN_POINT('',(3.70000000000001,30.7,10.5));
#10451=CARTESIAN_POINT('',(-1.29999999999999,29.2,10.5));
#10452=CARTESIAN_POINT('Origin',(1.20000000000001,29.2,10.5));
#10453=CARTESIAN_POINT('',(-1.29999999999999,30.7,10.5));
#10454=CARTESIAN_POINT('Origin',(4.70000000000001,14.7,10.5));
#10455=CARTESIAN_POINT('',(6.20000000000001,29.2,10.5));
#10456=CARTESIAN_POINT('',(6.95000000000001,29.2,10.5));
#10457=CARTESIAN_POINT('',(6.20000000000001,30.7,10.5));
#10458=CARTESIAN_POINT('',(6.20000000000001,30.7,10.5));
#10459=CARTESIAN_POINT('',(4.20000000000001,30.7,10.5));
#10460=CARTESIAN_POINT('',(-34.8,30.7,10.5));
#10461=CARTESIAN_POINT('',(4.20000000000001,29.2,10.5));
#10462=CARTESIAN_POINT('',(4.20000000000001,30.7,10.5));
#10463=CARTESIAN_POINT('',(2.95000000000001,29.2,10.5));
#10464=CARTESIAN_POINT('',(34.,22.7,10.5));
#10465=CARTESIAN_POINT('Origin',(33.2,30.7,10.5));
#10466=CARTESIAN_POINT('',(30.7,29.2,10.5));
#10467=CARTESIAN_POINT('Origin',(33.2,29.2,10.5));
#10468=CARTESIAN_POINT('',(30.7,30.7,10.5));
#10469=CARTESIAN_POINT('Origin',(1.20000000000001,30.7,2.5));
#10470=CARTESIAN_POINT('',(4.20000000000001,30.7,2.5));
#10471=CARTESIAN_POINT('Origin',(1.20000000000001,30.7,2.5));
#10472=CARTESIAN_POINT('',(4.20000000000001,29.2,2.5));
#10473=CARTESIAN_POINT('',(4.20000000000001,30.7,2.5));
#10474=CARTESIAN_POINT('Origin',(1.20000000000001,29.2,2.5));
#10475=CARTESIAN_POINT('Origin',(1.20000000000001,29.2,2.5));
#10476=CARTESIAN_POINT('',(3.70000000000001,29.2,2.5));
#10477=CARTESIAN_POINT('Origin',(1.20000000000001,29.2,2.5));
#10478=CARTESIAN_POINT('Origin',(-6.79999999999999,30.7,10.5));
#10479=CARTESIAN_POINT('',(-9.79999999999999,30.7,10.5));
#10480=CARTESIAN_POINT('',(-3.79999999999999,30.7,10.5));
#10481=CARTESIAN_POINT('Origin',(-6.79999999999999,30.7,10.5));
#10482=CARTESIAN_POINT('',(-9.79999999999999,29.2,10.5));
#10483=CARTESIAN_POINT('',(-9.79999999999999,30.7,10.5));
#10484=CARTESIAN_POINT('',(-3.79999999999999,29.2,10.5));
#10485=CARTESIAN_POINT('Origin',(-6.79999999999999,29.2,10.5));
#10486=CARTESIAN_POINT('',(-3.79999999999999,30.7,10.5));
#10487=CARTESIAN_POINT('Origin',(-6.79999999999999,29.2,9.));
#10488=CARTESIAN_POINT('',(-1.04999999999999,29.2,10.5));
#10489=CARTESIAN_POINT('',(-1.04999999999999,29.2,10.5));
#10490=CARTESIAN_POINT('Origin',(25.2,30.7,10.5));
#10491=CARTESIAN_POINT('',(22.2,30.7,10.5));
#10492=CARTESIAN_POINT('',(28.2,30.7,10.5));
#10493=CARTESIAN_POINT('Origin',(25.2,30.7,10.5));
#10494=CARTESIAN_POINT('',(22.2,29.2,10.5));
#10495=CARTESIAN_POINT('',(22.2,30.7,10.5));
#10496=CARTESIAN_POINT('',(28.2,29.2,10.5));
#10497=CARTESIAN_POINT('Origin',(25.2,29.2,10.5));
#10498=CARTESIAN_POINT('',(28.2,30.7,10.5));
#10499=CARTESIAN_POINT('Origin',(25.2,29.2,9.));
#10500=CARTESIAN_POINT('',(14.95,29.2,10.5));
#10501=CARTESIAN_POINT('',(14.95,29.2,10.5));
#10502=CARTESIAN_POINT('Origin',(17.2,30.7,10.5));
#10503=CARTESIAN_POINT('',(20.2,30.7,10.5));
#10504=CARTESIAN_POINT('Origin',(17.2,30.7,10.5));
#10505=CARTESIAN_POINT('',(20.2,29.2,10.5));
#10506=CARTESIAN_POINT('Origin',(17.2,29.2,10.5));
#10507=CARTESIAN_POINT('',(20.2,30.7,10.5));
#10508=CARTESIAN_POINT('Origin',(17.2,29.2,9.));
#10509=CARTESIAN_POINT('',(10.95,29.2,10.5));
#10510=CARTESIAN_POINT('Origin',(-14.8,30.7,10.5));
#10511=CARTESIAN_POINT('',(-11.8,30.7,10.5));
#10512=CARTESIAN_POINT('Origin',(-14.8,30.7,10.5));
#10513=CARTESIAN_POINT('',(-11.8,29.2,10.5));
#10514=CARTESIAN_POINT('Origin',(-14.8,29.2,10.5));
#10515=CARTESIAN_POINT('',(-11.8,30.7,10.5));
#10516=CARTESIAN_POINT('Origin',(-14.8,29.2,9.));
#10517=CARTESIAN_POINT('',(-5.04999999999999,29.2,10.5));
#10518=CARTESIAN_POINT('Origin',(17.2,30.7,2.5));
#10519=CARTESIAN_POINT('',(20.2,30.7,2.5));
#10520=CARTESIAN_POINT('Origin',(17.2,30.7,2.5));
#10521=CARTESIAN_POINT('',(20.2,29.2,2.5));
#10522=CARTESIAN_POINT('',(20.2,30.7,2.5));
#10523=CARTESIAN_POINT('Origin',(17.2,29.2,2.5));
#10524=CARTESIAN_POINT('Origin',(17.2,29.2,2.5));
#10525=CARTESIAN_POINT('',(19.7,29.2,2.5));
#10526=CARTESIAN_POINT('Origin',(17.2,29.2,2.5));
#10527=CARTESIAN_POINT('Origin',(-14.8,30.7,2.5));
#10528=CARTESIAN_POINT('',(-11.8,30.7,2.5));
#10529=CARTESIAN_POINT('Origin',(-14.8,30.7,2.5));
#10530=CARTESIAN_POINT('',(-11.8,29.2,2.5));
#10531=CARTESIAN_POINT('',(-11.8,30.7,2.5));
#10532=CARTESIAN_POINT('Origin',(-14.8,29.2,2.5));
#10533=CARTESIAN_POINT('Origin',(-14.8,29.2,2.5));
#10534=CARTESIAN_POINT('',(-12.3,29.2,2.5));
#10535=CARTESIAN_POINT('Origin',(-14.8,29.2,2.5));
#10536=CARTESIAN_POINT('Origin',(1.20000000000001,30.7,10.5));
#10537=CARTESIAN_POINT('',(-1.79999999999999,30.7,10.5));
#10538=CARTESIAN_POINT('Origin',(1.20000000000001,30.7,10.5));
#10539=CARTESIAN_POINT('',(-1.79999999999999,29.2,10.5));
#10540=CARTESIAN_POINT('',(-1.79999999999999,30.7,10.5));
#10541=CARTESIAN_POINT('Origin',(1.20000000000001,29.2,10.5));
#10542=CARTESIAN_POINT('Origin',(1.20000000000001,29.2,9.));
#10543=CARTESIAN_POINT('',(2.95000000000001,29.2,10.5));
#10544=CARTESIAN_POINT('Origin',(33.2,30.7,10.5));
#10545=CARTESIAN_POINT('',(30.2,30.7,10.5));
#10546=CARTESIAN_POINT('Origin',(33.2,30.7,10.5));
#10547=CARTESIAN_POINT('',(30.2,29.2,10.5));
#10548=CARTESIAN_POINT('',(30.2,30.7,10.5));
#10549=CARTESIAN_POINT('Origin',(33.2,29.2,10.5));
#10550=CARTESIAN_POINT('Origin',(33.2,29.2,9.));
#10551=CARTESIAN_POINT('',(18.95,29.2,10.5));
#10552=CARTESIAN_POINT('Origin',(9.20000000000001,30.7,10.5));
#10553=CARTESIAN_POINT('Origin',(9.20000000000001,30.7,10.5));
#10554=CARTESIAN_POINT('Origin',(9.20000000000001,29.2,10.5));
#10555=CARTESIAN_POINT('Origin',(9.20000000000001,29.2,9.));
#10556=CARTESIAN_POINT('Origin',(-22.8,30.7,10.5));
#10557=CARTESIAN_POINT('Origin',(-22.8,30.7,10.5));
#10558=CARTESIAN_POINT('Origin',(-22.8,29.2,10.5));
#10559=CARTESIAN_POINT('Origin',(-22.8,29.2,9.));
#10560=CARTESIAN_POINT('Origin',(33.2,30.7,2.5));
#10561=CARTESIAN_POINT('',(36.2,30.7,2.5));
#10562=CARTESIAN_POINT('Origin',(33.2,30.7,2.5));
#10563=CARTESIAN_POINT('',(36.2,29.2,2.5));
#10564=CARTESIAN_POINT('',(36.2,30.7,2.5));
#10565=CARTESIAN_POINT('Origin',(33.2,29.2,2.5));
#10566=CARTESIAN_POINT('Origin',(33.2,29.2,2.5));
#10567=CARTESIAN_POINT('',(35.7,29.2,2.5));
#10568=CARTESIAN_POINT('Origin',(33.2,29.2,2.5));
#10569=CARTESIAN_POINT('Origin',(4.70000000000001,14.7,10.5));
#10570=CARTESIAN_POINT('',(34.,22.7,10.5));
#10571=CARTESIAN_POINT('',(-34.8,30.7,10.5));
#10572=CARTESIAN_POINT('Origin',(4.70000000000001,14.7,10.5));
#10573=CARTESIAN_POINT('',(34.,22.7,10.5));
#10574=CARTESIAN_POINT('',(-34.8,30.7,10.5));
#10575=CARTESIAN_POINT('Origin',(-34.8,30.7,0.));
#10576=CARTESIAN_POINT('',(-34.8,30.7,10.5));
#10577=CARTESIAN_POINT('',(-34.8,30.7,-1.5));
#10578=CARTESIAN_POINT('',(-34.8,30.7,10.5));
#10579=CARTESIAN_POINT('Origin',(17.2,21.7,2.5));
#10580=CARTESIAN_POINT('Origin',(17.2,30.7,2.5));
#10581=CARTESIAN_POINT('',(19.7,30.7,2.5));
#10582=CARTESIAN_POINT('Origin',(1.20000000000001,21.7,2.5));
#10583=CARTESIAN_POINT('Origin',(1.20000000000001,30.7,2.5));
#10584=CARTESIAN_POINT('',(3.70000000000001,30.7,2.5));
#10585=CARTESIAN_POINT('Origin',(33.2,21.7,2.5));
#10586=CARTESIAN_POINT('Origin',(33.2,30.7,2.5));
#10587=CARTESIAN_POINT('',(35.7,30.7,2.5));
#10588=CARTESIAN_POINT('Origin',(-14.8,21.7,2.5));
#10589=CARTESIAN_POINT('Origin',(-14.8,30.7,2.5));
#10590=CARTESIAN_POINT('',(-12.3,30.7,2.5));
#10591=CARTESIAN_POINT('Origin',(4.70000000000001,14.7,10.5));
#10592=CARTESIAN_POINT('',(34.,22.7,10.5));
#10593=CARTESIAN_POINT('Origin',(4.70000000000001,14.7,10.5));
#10594=CARTESIAN_POINT('',(34.,22.7,10.5));
#10595=CARTESIAN_POINT('Origin',(34.,19.5,0.));
#10596=CARTESIAN_POINT('',(34.,22.7,0.));
#10597=CARTESIAN_POINT('Origin',(34.,3.,0.));
#10598=CARTESIAN_POINT('',(34.,-0.200000000000001,0.));
#10599=CARTESIAN_POINT('Origin',(9.2,26.7,5.));
#10600=CARTESIAN_POINT('',(6.2,26.7,5.));
#10601=CARTESIAN_POINT('Origin',(9.2,26.7,5.));
#10602=CARTESIAN_POINT('',(6.2,26.7,7.));
#10603=CARTESIAN_POINT('',(6.2,26.7,5.));
#10604=CARTESIAN_POINT('Origin',(9.2,26.7,7.));
#10605=CARTESIAN_POINT('Origin',(9.2,26.7,7.));
#10606=CARTESIAN_POINT('Origin',(9.2,26.7,5.));
#10607=CARTESIAN_POINT('',(6.7,26.7,5.));
#10608=CARTESIAN_POINT('Origin',(9.2,26.7,5.));
#10609=CARTESIAN_POINT('Origin',(25.2,26.7,5.));
#10610=CARTESIAN_POINT('',(22.2,26.7,5.));
#10611=CARTESIAN_POINT('Origin',(25.2,26.7,5.));
#10612=CARTESIAN_POINT('',(22.2,26.7,7.));
#10613=CARTESIAN_POINT('',(22.2,26.7,5.));
#10614=CARTESIAN_POINT('Origin',(25.2,26.7,7.));
#10615=CARTESIAN_POINT('Origin',(25.2,26.7,7.));
#10616=CARTESIAN_POINT('Origin',(25.2,26.7,5.));
#10617=CARTESIAN_POINT('',(22.7,26.7,5.));
#10618=CARTESIAN_POINT('Origin',(25.2,26.7,5.));
#10619=CARTESIAN_POINT('Origin',(-6.80000000000001,26.7,5.));
#10620=CARTESIAN_POINT('',(-9.8,26.7,5.));
#10621=CARTESIAN_POINT('Origin',(-6.80000000000001,26.7,5.));
#10622=CARTESIAN_POINT('',(-9.8,26.7,7.));
#10623=CARTESIAN_POINT('',(-9.8,26.7,5.));
#10624=CARTESIAN_POINT('Origin',(-6.80000000000001,26.7,7.));
#10625=CARTESIAN_POINT('Origin',(-6.80000000000001,26.7,7.));
#10626=CARTESIAN_POINT('Origin',(-6.80000000000001,26.7,5.));
#10627=CARTESIAN_POINT('',(-9.30000000000001,26.7,5.));
#10628=CARTESIAN_POINT('Origin',(-6.80000000000001,26.7,5.));
#10629=CARTESIAN_POINT('Origin',(41.2,26.7,5.));
#10630=CARTESIAN_POINT('',(38.2,26.7,5.));
#10631=CARTESIAN_POINT('Origin',(41.2,26.7,5.));
#10632=CARTESIAN_POINT('',(38.2,26.7,7.));
#10633=CARTESIAN_POINT('',(38.2,26.7,5.));
#10634=CARTESIAN_POINT('Origin',(41.2,26.7,7.));
#10635=CARTESIAN_POINT('Origin',(41.2,26.7,7.));
#10636=CARTESIAN_POINT('Origin',(41.2,26.7,5.));
#10637=CARTESIAN_POINT('',(38.7,26.7,5.));
#10638=CARTESIAN_POINT('Origin',(41.2,26.7,5.));
#10639=CARTESIAN_POINT('Origin',(-22.8,26.7,5.));
#10640=CARTESIAN_POINT('',(-25.8,26.7,5.));
#10641=CARTESIAN_POINT('Origin',(-22.8,26.7,5.));
#10642=CARTESIAN_POINT('',(-25.8,26.7,7.));
#10643=CARTESIAN_POINT('',(-25.8,26.7,5.));
#10644=CARTESIAN_POINT('Origin',(-22.8,26.7,7.));
#10645=CARTESIAN_POINT('Origin',(-22.8,26.7,7.));
#10646=CARTESIAN_POINT('Origin',(-22.8,26.7,5.));
#10647=CARTESIAN_POINT('',(-25.3,26.7,5.));
#10648=CARTESIAN_POINT('Origin',(-22.8,26.7,5.));
#10649=CARTESIAN_POINT('Origin',(9.2,26.7,0.));
#10650=CARTESIAN_POINT('',(6.7,26.7,0.));
#10651=CARTESIAN_POINT('',(6.7,26.7,0.));
#10652=CARTESIAN_POINT('Origin',(9.2,26.7,0.));
#10653=CARTESIAN_POINT('Origin',(25.2,26.7,0.));
#10654=CARTESIAN_POINT('',(22.7,26.7,0.));
#10655=CARTESIAN_POINT('',(22.7,26.7,0.));
#10656=CARTESIAN_POINT('Origin',(25.2,26.7,0.));
#10657=CARTESIAN_POINT('Origin',(-6.80000000000001,26.7,0.));
#10658=CARTESIAN_POINT('',(-9.30000000000001,26.7,0.));
#10659=CARTESIAN_POINT('',(-9.30000000000001,26.7,0.));
#10660=CARTESIAN_POINT('Origin',(-6.80000000000001,26.7,0.));
#10661=CARTESIAN_POINT('Origin',(41.2,26.7,0.));
#10662=CARTESIAN_POINT('',(38.7,26.7,0.));
#10663=CARTESIAN_POINT('',(38.7,26.7,0.));
#10664=CARTESIAN_POINT('Origin',(41.2,26.7,0.));
#10665=CARTESIAN_POINT('Origin',(-22.8,26.7,0.));
#10666=CARTESIAN_POINT('',(-25.3,26.7,0.));
#10667=CARTESIAN_POINT('',(-25.3,26.7,0.));
#10668=CARTESIAN_POINT('Origin',(-22.8,26.7,0.));
#10669=CARTESIAN_POINT('Origin',(5.5,2.4,0.));
#10670=CARTESIAN_POINT('',(4.5,2.4,5.));
#10671=CARTESIAN_POINT('Origin',(5.5,2.4,5.));
#10672=CARTESIAN_POINT('',(4.5,2.4,0.));
#10673=CARTESIAN_POINT('Origin',(5.5,2.4,5.));
#10674=CARTESIAN_POINT('Origin',(5.5,20.1,0.));
#10675=CARTESIAN_POINT('',(4.5,20.1,5.));
#10676=CARTESIAN_POINT('Origin',(5.5,20.1,5.));
#10677=CARTESIAN_POINT('',(4.5,20.1,0.));
#10678=CARTESIAN_POINT('Origin',(5.5,20.1,5.));
#10679=CARTESIAN_POINT('Origin',(4.70000000000001,14.7,0.));
#10680=CARTESIAN_POINT('',(-9.8,26.7,0.));
#10681=CARTESIAN_POINT('Origin',(-6.80000000000001,26.7,0.));
#10682=CARTESIAN_POINT('Origin',(4.70000000000001,14.7,0.));
#10683=CARTESIAN_POINT('',(6.2,26.7,0.));
#10684=CARTESIAN_POINT('Origin',(9.2,26.7,0.));
#10685=CARTESIAN_POINT('Origin',(4.70000000000001,14.7,0.));
#10686=CARTESIAN_POINT('',(38.2,26.7,0.));
#10687=CARTESIAN_POINT('Origin',(41.2,26.7,0.));
#10688=CARTESIAN_POINT('Origin',(4.70000000000001,14.7,0.));
#10689=CARTESIAN_POINT('',(22.2,26.7,0.));
#10690=CARTESIAN_POINT('Origin',(25.2,26.7,0.));
#10691=CARTESIAN_POINT('Origin',(4.70000000000001,14.7,0.));
#10692=CARTESIAN_POINT('',(-25.8,26.7,0.));
#10693=CARTESIAN_POINT('Origin',(-22.8,26.7,0.));
#10694=CARTESIAN_POINT('Origin',(-30.2,22.7,0.));
#10695=CARTESIAN_POINT('',(-30.2,22.7,0.));
#10696=CARTESIAN_POINT('Origin',(-30.2,-0.2,0.));
#10697=CARTESIAN_POINT('',(-30.2,-0.2,0.));
#10698=CARTESIAN_POINT('Origin',(34.,-0.200000000000001,0.));
#10699=CARTESIAN_POINT('Origin',(-22.8,26.7,0.));
#10700=CARTESIAN_POINT('',(-25.8,26.7,-1.5));
#10701=CARTESIAN_POINT('Origin',(-22.8,26.7,-1.5));
#10702=CARTESIAN_POINT('',(-25.8,26.7,0.));
#10703=CARTESIAN_POINT('Origin',(25.2,26.7,0.));
#10704=CARTESIAN_POINT('',(22.2,26.7,-1.5));
#10705=CARTESIAN_POINT('Origin',(25.2,26.7,-1.5));
#10706=CARTESIAN_POINT('',(22.2,26.7,0.));
#10707=CARTESIAN_POINT('Origin',(-20.,10.,0.));
#10708=CARTESIAN_POINT('',(-20.,5.,-1.5));
#10709=CARTESIAN_POINT('',(-20.,5.,0.));
#10710=CARTESIAN_POINT('',(-25.,10.,-1.5));
#10711=CARTESIAN_POINT('Origin',(-20.,10.,-1.5));
#10712=CARTESIAN_POINT('',(-25.,10.,0.));
#10713=CARTESIAN_POINT('Origin',(-25.,12.5,0.));
#10714=CARTESIAN_POINT('',(-25.,12.5,-1.5));
#10715=CARTESIAN_POINT('',(-25.,10.,-1.5));
#10716=CARTESIAN_POINT('',(-25.,12.5,0.));
#10717=CARTESIAN_POINT('Origin',(-20.,12.5,0.));
#10718=CARTESIAN_POINT('',(-20.,17.5,-1.5));
#10719=CARTESIAN_POINT('Origin',(-20.,12.5,-1.5));
#10720=CARTESIAN_POINT('',(-20.,17.5,0.));
#10721=CARTESIAN_POINT('Origin',(27.,17.5,0.));
#10722=CARTESIAN_POINT('',(27.,17.5,-1.5));
#10723=CARTESIAN_POINT('',(27.,17.5,-1.5));
#10724=CARTESIAN_POINT('',(27.,17.5,0.));
#10725=CARTESIAN_POINT('Origin',(27.,12.5,0.));
#10726=CARTESIAN_POINT('',(32.,12.5,-1.5));
#10727=CARTESIAN_POINT('Origin',(27.,12.5,-1.5));
#10728=CARTESIAN_POINT('',(32.,12.5,0.));
#10729=CARTESIAN_POINT('Origin',(32.,10.,0.));
#10730=CARTESIAN_POINT('',(32.,10.,-1.5));
#10731=CARTESIAN_POINT('',(32.,10.,-1.5));
#10732=CARTESIAN_POINT('',(32.,10.,0.));
#10733=CARTESIAN_POINT('Origin',(27.,10.,0.));
#10734=CARTESIAN_POINT('',(27.,5.,-1.5));
#10735=CARTESIAN_POINT('Origin',(27.,10.,-1.5));
#10736=CARTESIAN_POINT('',(27.,5.,0.));
#10737=CARTESIAN_POINT('Origin',(-20.,5.,0.));
#10738=CARTESIAN_POINT('',(0.,5.,-1.5));
#10739=CARTESIAN_POINT('Origin',(41.2,26.7,0.));
#10740=CARTESIAN_POINT('',(38.2,26.7,-1.5));
#10741=CARTESIAN_POINT('Origin',(41.2,26.7,-1.5));
#10742=CARTESIAN_POINT('',(38.2,26.7,0.));
#10743=CARTESIAN_POINT('Origin',(9.2,26.7,0.));
#10744=CARTESIAN_POINT('',(6.2,26.7,-1.5));
#10745=CARTESIAN_POINT('Origin',(9.2,26.7,-1.5));
#10746=CARTESIAN_POINT('',(6.2,26.7,0.));
#10747=CARTESIAN_POINT('Origin',(-6.80000000000001,26.7,0.));
#10748=CARTESIAN_POINT('',(-9.8,26.7,-1.5));
#10749=CARTESIAN_POINT('Origin',(-6.80000000000001,26.7,-1.5));
#10750=CARTESIAN_POINT('',(-9.8,26.7,0.));
#10751=CARTESIAN_POINT('Origin',(-34.8,-1.3,0.));
#10752=CARTESIAN_POINT('',(-34.8,3.56393202250021,-1.5));
#10753=CARTESIAN_POINT('',(-34.8,3.56393202250021,0.));
#10754=CARTESIAN_POINT('',(-34.8,-1.3,-1.5));
#10755=CARTESIAN_POINT('',(-34.8,-1.3,-1.5));
#10756=CARTESIAN_POINT('',(-34.8,-1.3,0.));
#10757=CARTESIAN_POINT('Origin',(45.2,-1.3,0.));
#10758=CARTESIAN_POINT('',(45.2,-1.3,-1.5));
#10759=CARTESIAN_POINT('Origin',(-32.8,16.7,0.));
#10760=CARTESIAN_POINT('',(-34.8,14.4639320225002,-1.5));
#10761=CARTESIAN_POINT('Origin',(-32.8,16.7,-1.5));
#10762=CARTESIAN_POINT('',(-34.8,14.4639320225002,0.));
#10763=CARTESIAN_POINT('Origin',(-34.8,8.03606797749979,0.));
#10764=CARTESIAN_POINT('',(-34.8,8.03606797749979,-1.5));
#10765=CARTESIAN_POINT('',(-34.8,8.03606797749979,-1.5));
#10766=CARTESIAN_POINT('',(-34.8,8.03606797749979,0.));
#10767=CARTESIAN_POINT('Origin',(-32.8,5.8,0.));
#10768=CARTESIAN_POINT('Origin',(-32.8,5.8,-1.5));
#10769=CARTESIAN_POINT('Origin',(4.70000000000001,14.7,-1.5));
#10770=CARTESIAN_POINT('Origin',(-32.8,16.7,0.));
#10771=CARTESIAN_POINT('',(-34.3,16.7,-16.5));
#10772=CARTESIAN_POINT('Origin',(-32.8,16.7,-16.5));
#10773=CARTESIAN_POINT('',(-34.3,16.7,-20.5));
#10774=CARTESIAN_POINT('',(-34.3,16.7,0.));
#10775=CARTESIAN_POINT('Origin',(-32.8,16.7,-20.5));
#10776=CARTESIAN_POINT('Origin',(-32.8,5.8,0.));
#10777=CARTESIAN_POINT('',(-34.3,5.8,-16.5));
#10778=CARTESIAN_POINT('Origin',(-32.8,5.8,-16.5));
#10779=CARTESIAN_POINT('',(-34.3,5.8,-20.5));
#10780=CARTESIAN_POINT('',(-34.3,5.8,0.));
#10781=CARTESIAN_POINT('Origin',(-32.8,5.8,-20.5));
#10782=CARTESIAN_POINT('Origin',(40.7223621013958,10.7,0.));
#10783=CARTESIAN_POINT('',(39.2223621013958,10.7,-16.5));
#10784=CARTESIAN_POINT('Origin',(40.7223621013958,10.7,-16.5));
#10785=CARTESIAN_POINT('',(39.2223621013958,10.7,-20.5));
#10786=CARTESIAN_POINT('',(39.2223621013958,10.7,0.));
#10787=CARTESIAN_POINT('Origin',(40.7223621013958,10.7,-20.5));
#10788=CARTESIAN_POINT('Origin',(3.96118105069788,11.25,-16.5));
#10789=CARTESIAN_POINT('',(-30.2,7.29666295470959,-16.5));
#10790=CARTESIAN_POINT('',(-30.2,4.30333704529042,-16.5));
#10791=CARTESIAN_POINT('',(-30.2,5.525,-16.5));
#10792=CARTESIAN_POINT('',(-34.8,8.03606797749979,-16.5));
#10793=CARTESIAN_POINT('Origin',(-32.8,5.8,-16.5));
#10794=CARTESIAN_POINT('',(-34.8,3.56393202250021,-16.5));
#10795=CARTESIAN_POINT('Origin',(-32.8,5.8,-16.5));
#10796=CARTESIAN_POINT('Origin',(-32.8,5.8,-16.5));
#10797=CARTESIAN_POINT('Origin',(-32.8,5.8,-8.5));
#10798=CARTESIAN_POINT('',(-30.2,7.29666295470959,-11.));
#10799=CARTESIAN_POINT('',(-30.2,7.29666295470959,-8.5));
#10800=CARTESIAN_POINT('',(-30.2,4.30333704529042,-11.));
#10801=CARTESIAN_POINT('Origin',(-32.8,5.8,-11.));
#10802=CARTESIAN_POINT('',(-30.2,4.30333704529042,-8.5));
#10803=CARTESIAN_POINT('',(-34.8,3.56393202250021,-8.5));
#10804=CARTESIAN_POINT('',(-34.8,3.56393202250021,-10.));
#10805=CARTESIAN_POINT('',(-34.8,8.03606797749979,-8.5));
#10806=CARTESIAN_POINT('Origin',(-32.8,5.8,-8.5));
#10807=CARTESIAN_POINT('',(-34.8,8.03606797749979,-10.));
#10808=CARTESIAN_POINT('Origin',(3.96118105069788,11.25,-16.5));
#10809=CARTESIAN_POINT('',(-30.2,18.1966629547096,-16.5));
#10810=CARTESIAN_POINT('',(-30.2,15.2033370452904,-16.5));
#10811=CARTESIAN_POINT('',(-30.2,5.525,-16.5));
#10812=CARTESIAN_POINT('',(-34.8,18.9360679774998,-16.5));
#10813=CARTESIAN_POINT('Origin',(-32.8,16.7,-16.5));
#10814=CARTESIAN_POINT('',(-34.8,14.4639320225002,-16.5));
#10815=CARTESIAN_POINT('Origin',(-32.8,16.7,-16.5));
#10816=CARTESIAN_POINT('Origin',(-32.8,16.7,-16.5));
#10817=CARTESIAN_POINT('Origin',(-32.8,16.7,-8.5));
#10818=CARTESIAN_POINT('',(-30.2,18.1966629547096,-11.));
#10819=CARTESIAN_POINT('',(-30.2,18.1966629547096,-8.5));
#10820=CARTESIAN_POINT('',(-30.2,15.2033370452904,-11.));
#10821=CARTESIAN_POINT('Origin',(-32.8,16.7,-11.));
#10822=CARTESIAN_POINT('',(-30.2,15.2033370452904,-8.5));
#10823=CARTESIAN_POINT('',(-34.8,14.4639320225002,-8.5));
#10824=CARTESIAN_POINT('',(-34.8,14.4639320225002,-10.));
#10825=CARTESIAN_POINT('',(-34.8,18.9360679774998,-8.5));
#10826=CARTESIAN_POINT('Origin',(-32.8,16.7,-8.5));
#10827=CARTESIAN_POINT('',(-34.8,18.9360679774998,-10.));
#10828=CARTESIAN_POINT('Origin',(40.7223621013958,10.7,-8.5));
#10829=CARTESIAN_POINT('',(37.7223621013958,10.7,-8.5));
#10830=CARTESIAN_POINT('Origin',(40.7223621013958,10.7,-8.5));
#10831=CARTESIAN_POINT('',(37.7223621013958,10.7,-16.5));
#10832=CARTESIAN_POINT('',(37.7223621013958,10.7,-8.5));
#10833=CARTESIAN_POINT('Origin',(40.7223621013958,10.7,-16.5));
#10834=CARTESIAN_POINT('Origin',(3.96118105069788,11.25,-16.5));
#10835=CARTESIAN_POINT('Origin',(-32.8,5.8,-10.));
#10836=CARTESIAN_POINT('',(-34.8,8.03606797749979,-20.5));
#10837=CARTESIAN_POINT('',(-34.8,8.03606797749979,-10.));
#10838=CARTESIAN_POINT('',(-34.8,3.56393202250021,-20.5));
#10839=CARTESIAN_POINT('Origin',(-32.8,5.8,-20.5));
#10840=CARTESIAN_POINT('',(-34.8,3.56393202250021,-10.));
#10841=CARTESIAN_POINT('Origin',(-30.2,-0.2,-10.));
#10842=CARTESIAN_POINT('',(-30.2,-0.2,-11.));
#10843=CARTESIAN_POINT('',(-30.2,5.525,-11.));
#10844=CARTESIAN_POINT('',(-30.2,-0.2,-20.5));
#10845=CARTESIAN_POINT('',(-30.2,-0.2,-10.));
#10846=CARTESIAN_POINT('',(-30.2,22.7,-20.5));
#10847=CARTESIAN_POINT('',(-30.2,-0.2,-20.5));
#10848=CARTESIAN_POINT('',(-30.2,22.7,-11.));
#10849=CARTESIAN_POINT('',(-30.2,22.7,-10.));
#10850=CARTESIAN_POINT('',(-30.2,5.525,-11.));
#10851=CARTESIAN_POINT('',(-30.2,5.525,-11.));
#10852=CARTESIAN_POINT('Origin',(4.70000000000001,14.7,-8.5));
#10853=CARTESIAN_POINT('',(-34.8,-1.3,-8.5));
#10854=CARTESIAN_POINT('',(-34.8,-1.3,-8.5));
#10855=CARTESIAN_POINT('',(45.2,-1.3,-8.5));
#10856=CARTESIAN_POINT('',(45.2,-1.3,-8.5));
#10857=CARTESIAN_POINT('',(45.2,26.7,-8.5));
#10858=CARTESIAN_POINT('',(45.2,2.7,-8.5));
#10859=CARTESIAN_POINT('',(41.2,30.7,-8.5));
#10860=CARTESIAN_POINT('Origin',(41.2,26.7,-8.5));
#10861=CARTESIAN_POINT('',(-34.8,30.7,-8.5));
#10862=CARTESIAN_POINT('',(-34.8,30.7,-8.5));
#10863=CARTESIAN_POINT('',(-34.8,18.9360679774998,-8.5));
#10864=CARTESIAN_POINT('',(-34.8,8.03606797749979,-8.5));
#10865=CARTESIAN_POINT('',(-25.8,26.7,-8.5));
#10866=CARTESIAN_POINT('Origin',(-22.8,26.7,-8.5));
#10867=CARTESIAN_POINT('',(22.2,26.7,-8.5));
#10868=CARTESIAN_POINT('Origin',(25.2,26.7,-8.5));
#10869=CARTESIAN_POINT('',(-20.,5.,-8.5));
#10870=CARTESIAN_POINT('',(27.,5.,-8.5));
#10871=CARTESIAN_POINT('',(0.,5.,-8.5));
#10872=CARTESIAN_POINT('',(-25.,10.,-8.5));
#10873=CARTESIAN_POINT('Origin',(-20.,10.,-8.5));
#10874=CARTESIAN_POINT('',(-25.,12.5,-8.5));
#10875=CARTESIAN_POINT('',(-25.,10.,-8.5));
#10876=CARTESIAN_POINT('',(-20.,17.5,-8.5));
#10877=CARTESIAN_POINT('Origin',(-20.,12.5,-8.5));
#10878=CARTESIAN_POINT('',(27.,17.5,-8.5));
#10879=CARTESIAN_POINT('',(27.,17.5,-8.5));
#10880=CARTESIAN_POINT('',(32.,12.5,-8.5));
#10881=CARTESIAN_POINT('Origin',(27.,12.5,-8.5));
#10882=CARTESIAN_POINT('',(32.,10.,-8.5));
#10883=CARTESIAN_POINT('',(32.,10.,-8.5));
#10884=CARTESIAN_POINT('Origin',(27.,10.,-8.5));
#10885=CARTESIAN_POINT('',(38.2,26.7,-8.5));
#10886=CARTESIAN_POINT('Origin',(41.2,26.7,-8.5));
#10887=CARTESIAN_POINT('',(6.2,26.7,-8.5));
#10888=CARTESIAN_POINT('Origin',(9.2,26.7,-8.5));
#10889=CARTESIAN_POINT('',(-9.8,26.7,-8.5));
#10890=CARTESIAN_POINT('Origin',(-6.80000000000001,26.7,-8.5));
#10891=CARTESIAN_POINT('Origin',(38.7,26.7,-20.5));
#10892=CARTESIAN_POINT('',(38.7,29.7,-20.5));
#10893=CARTESIAN_POINT('',(38.7,29.2,-20.5));
#10894=CARTESIAN_POINT('',(38.7,20.7,-20.5));
#10895=CARTESIAN_POINT('',(38.7,24.2,-20.5));
#10896=CARTESIAN_POINT('Origin',(38.7,26.7,-20.5));
#10897=CARTESIAN_POINT('',(38.7,23.7,-20.5));
#10898=CARTESIAN_POINT('',(38.7,20.7,-20.5));
#10899=CARTESIAN_POINT('Origin',(38.7,26.7,-20.5));
#10900=CARTESIAN_POINT('Origin',(38.7,26.7,-20.5));
#10901=CARTESIAN_POINT('',(37.2,29.7,-20.5));
#10902=CARTESIAN_POINT('',(38.7,29.7,-20.5));
#10903=CARTESIAN_POINT('',(37.2,23.7,-20.5));
#10904=CARTESIAN_POINT('',(38.7,23.7,-20.5));
#10905=CARTESIAN_POINT('Origin',(37.2,26.7,-20.5));
#10906=CARTESIAN_POINT('Origin',(45.2,26.7,-20.5));
#10907=CARTESIAN_POINT('',(43.7,29.2,-20.5));
#10908=CARTESIAN_POINT('',(45.2,29.2,-20.5));
#10909=CARTESIAN_POINT('',(43.7,24.2,-20.5));
#10910=CARTESIAN_POINT('Origin',(43.7,26.7,-20.5));
#10911=CARTESIAN_POINT('',(45.2,24.2,-20.5));
#10912=CARTESIAN_POINT('Origin',(4.70000000000001,14.7,-20.5));
#10913=CARTESIAN_POINT('',(37.2,20.7,-20.5));
#10914=CARTESIAN_POINT('',(43.7,23.7,-20.5));
#10915=CARTESIAN_POINT('',(43.7,20.7,-20.5));
#10916=CARTESIAN_POINT('',(45.2,23.7,-20.5));
#10917=CARTESIAN_POINT('',(45.2,23.7,-20.5));
#10918=CARTESIAN_POINT('',(45.2,21.7,-20.5));
#10919=CARTESIAN_POINT('',(45.2,2.7,-20.5));
#10920=CARTESIAN_POINT('',(43.7,21.7,-20.5));
#10921=CARTESIAN_POINT('',(45.2,21.7,-20.5));
#10922=CARTESIAN_POINT('',(43.7,21.2,-20.5));
#10923=CARTESIAN_POINT('',(43.7,16.7,-20.5));
#10924=CARTESIAN_POINT('',(38.7,21.2,-20.5));
#10925=CARTESIAN_POINT('',(45.2,21.2,-20.5));
#10926=CARTESIAN_POINT('',(38.7,21.7,-20.5));
#10927=CARTESIAN_POINT('',(38.7,16.7,-20.5));
#10928=CARTESIAN_POINT('',(36.3237900077244,21.7,-20.5));
#10929=CARTESIAN_POINT('',(38.7,21.7,-20.5));
#10930=CARTESIAN_POINT('',(36.2,21.8237900077244,-20.5));
#10931=CARTESIAN_POINT('Origin',(34.,19.5,-20.5));
#10932=CARTESIAN_POINT('',(36.2,24.2,-20.5));
#10933=CARTESIAN_POINT('',(36.2,24.2,-20.5));
#10934=CARTESIAN_POINT('',(35.7,24.2,-20.5));
#10935=CARTESIAN_POINT('',(18.95,24.2,-20.5));
#10936=CARTESIAN_POINT('',(35.7,29.2,-20.5));
#10937=CARTESIAN_POINT('',(35.7,30.7,-20.5));
#10938=CARTESIAN_POINT('',(36.2,29.2,-20.5));
#10939=CARTESIAN_POINT('',(18.95,29.2,-20.5));
#10940=CARTESIAN_POINT('',(36.2,30.7,-20.5));
#10941=CARTESIAN_POINT('',(36.2,30.7,-20.5));
#10942=CARTESIAN_POINT('',(41.2,30.7,-20.5));
#10943=CARTESIAN_POINT('',(-34.8,30.7,-20.5));
#10944=CARTESIAN_POINT('',(43.8457513110646,29.7,-20.5));
#10945=CARTESIAN_POINT('Origin',(41.2,26.7,-20.5));
#10946=CARTESIAN_POINT('',(43.7,29.7,-20.5));
#10947=CARTESIAN_POINT('',(45.2,29.7,-20.5));
#10948=CARTESIAN_POINT('',(43.7,20.7,-20.5));
#10949=CARTESIAN_POINT('Origin',(45.2,26.7,-20.5));
#10950=CARTESIAN_POINT('Origin',(43.7,26.7,-20.5));
#10951=CARTESIAN_POINT('',(45.2,26.7,-17.5));
#10952=CARTESIAN_POINT('Ctrl Pts',(43.8457513110646,29.7,-20.5));
#10953=CARTESIAN_POINT('Ctrl Pts',(43.8457513110646,29.7,-20.2985532278493));
#10954=CARTESIAN_POINT('Ctrl Pts',(43.8694665658319,29.679507721165,-20.096364158444));
#10955=CARTESIAN_POINT('Ctrl Pts',(43.956634705603,29.5990486485683,-19.7025634008317));
#10956=CARTESIAN_POINT('Ctrl Pts',(44.0197027038471,29.5391288325358,-19.5108570205275));
#10957=CARTESIAN_POINT('Ctrl Pts',(44.2406356980255,29.307687447172,-18.9650091982942));
#10958=CARTESIAN_POINT('Ctrl Pts',(44.4281865282694,29.0818594275205,-18.6392187404012));
#10959=CARTESIAN_POINT('Ctrl Pts',(44.7507155223138,28.5662611885804,-18.1236205014611));
#10960=CARTESIAN_POINT('Ctrl Pts',(44.9117243484146,28.2398235555279,-17.8945139911714));
#10961=CARTESIAN_POINT('Ctrl Pts',(45.1371396047987,27.5042925305982,-17.5823419970573));
#10962=CARTESIAN_POINT('Ctrl Pts',(45.2,27.0944194682573,-17.5));
#10963=CARTESIAN_POINT('Ctrl Pts',(45.2,26.7,-17.5));
#10964=CARTESIAN_POINT('Origin',(45.2,26.7,-20.5));
#10965=CARTESIAN_POINT('Origin',(43.7,26.7,-20.5));
#10966=CARTESIAN_POINT('Origin',(37.2,26.7,-20.5));
#10967=CARTESIAN_POINT('Origin',(41.2,26.7,-10.));
#10968=CARTESIAN_POINT('',(41.2,30.7,-10.));
#10969=CARTESIAN_POINT('',(45.2,26.7,-10.));
#10970=CARTESIAN_POINT('Origin',(45.2,26.7,-10.));
#10971=CARTESIAN_POINT('',(45.2,-1.3,-20.5));
#10972=CARTESIAN_POINT('',(45.2,-1.3,-10.));
#10973=CARTESIAN_POINT('',(45.2,-0.300000000000007,-20.5));
#10974=CARTESIAN_POINT('',(45.2,2.7,-20.5));
#10975=CARTESIAN_POINT('',(45.2,5.7,-20.5));
#10976=CARTESIAN_POINT('Origin',(45.2,2.7,-20.5));
#10977=CARTESIAN_POINT('',(45.2,15.7,-20.5));
#10978=CARTESIAN_POINT('',(45.2,2.7,-20.5));
#10979=CARTESIAN_POINT('Origin',(45.2,18.7,-20.5));
#10980=CARTESIAN_POINT('',(45.2,15.7,-12.5));
#10981=CARTESIAN_POINT('Origin',(45.2,18.7,-12.5));
#10982=CARTESIAN_POINT('',(45.2,-0.300000000000007,-12.5));
#10983=CARTESIAN_POINT('Origin',(45.2,2.7,-12.5));
#10984=CARTESIAN_POINT('Origin',(38.7,2.7,-20.5));
#10985=CARTESIAN_POINT('',(37.2,3.,-17.5150376886801));
#10986=CARTESIAN_POINT('',(37.2,5.7,-20.5));
#10987=CARTESIAN_POINT('Origin',(37.2,2.7,-20.5));
#10988=CARTESIAN_POINT('',(38.7,5.7,-20.5));
#10989=CARTESIAN_POINT('',(38.7,5.7,-20.5));
#10990=CARTESIAN_POINT('',(38.7,-0.300000000000007,-20.5));
#10991=CARTESIAN_POINT('Origin',(38.7,2.7,-20.5));
#10992=CARTESIAN_POINT('',(35.2,-0.300000000000007,-20.5));
#10993=CARTESIAN_POINT('',(38.7,-0.300000000000007,-20.5));
#10994=CARTESIAN_POINT('',(35.2,0.033520605161734,-19.1252681581839));
#10995=CARTESIAN_POINT('Origin',(35.2,2.7,-20.5));
#10996=CARTESIAN_POINT('Ctrl Pts',(35.2,0.033520605161734,-19.1252681581839));
#10997=CARTESIAN_POINT('Ctrl Pts',(35.2644550586549,0.0595939601698489,
-19.0746953397122));
#10998=CARTESIAN_POINT('Ctrl Pts',(35.3286470074435,0.0879996189920377,
-19.0231333719422));
#10999=CARTESIAN_POINT('Ctrl Pts',(35.8182217504636,0.324644696053579,-18.6236743721288));
#11000=CARTESIAN_POINT('Ctrl Pts',(36.2256753376035,0.639505334472512,-18.2612381968869));
#11001=CARTESIAN_POINT('Ctrl Pts',(36.7431846614986,1.32121917658265,-17.818164570895));
#11002=CARTESIAN_POINT('Ctrl Pts',(36.9208912548787,1.64145555265612,-17.6697326306279));
#11003=CARTESIAN_POINT('Ctrl Pts',(37.1446276168334,2.31639510022471,-17.506088689257));
#11004=CARTESIAN_POINT('Ctrl Pts',(37.2,2.66679397873189,-17.4815492235155));
#11005=CARTESIAN_POINT('Ctrl Pts',(37.2,3.,-17.5150376886801));
#11006=CARTESIAN_POINT('Origin',(38.7,2.7,-19.));
#11007=CARTESIAN_POINT('',(38.7,0.199999999999996,-20.5));
#11008=CARTESIAN_POINT('',(38.7,8.7,-20.5));
#11009=CARTESIAN_POINT('',(38.7,5.2,-20.5));
#11010=CARTESIAN_POINT('',(38.7,8.7,-20.5));
#11011=CARTESIAN_POINT('Origin',(38.7,2.7,-20.5));
#11012=CARTESIAN_POINT('Origin',(35.2,2.7,-19.));
#11013=CARTESIAN_POINT('',(35.2,0.0335206051617343,-20.5));
#11014=CARTESIAN_POINT('',(35.2,0.0335206051617343,-10.));
#11015=CARTESIAN_POINT('',(35.2,8.7,-20.5));
#11016=CARTESIAN_POINT('Origin',(38.7,18.7,-20.5));
#11017=CARTESIAN_POINT('',(37.2,19.5,-17.6086335410398));
#11018=CARTESIAN_POINT('Ctrl Pts',(37.2,19.5,-17.6086335410398));
#11019=CARTESIAN_POINT('Ctrl Pts',(37.2,19.5504139418535,-17.622582362144));
#11020=CARTESIAN_POINT('Ctrl Pts',(37.1988064284546,19.6000424242618,-17.6377364812522));
#11021=CARTESIAN_POINT('Ctrl Pts',(37.1829036792967,19.94193581381,-17.751700944435));
#11022=CARTESIAN_POINT('Ctrl Pts',(37.1260978956588,20.2352005266751,-17.9027391805202));
#11023=CARTESIAN_POINT('Ctrl Pts',(36.9585593566314,20.7489733876158,-18.2854319205976));
#11024=CARTESIAN_POINT('Ctrl Pts',(36.8492506341093,20.9700300379787,-18.5169719446005));
#11025=CARTESIAN_POINT('Ctrl Pts',(36.6473727894434,21.3082523912136,-18.9898388420675));
#11026=CARTESIAN_POINT('Ctrl Pts',(36.5370087039883,21.4544551031474,-19.2699475945842));
#11027=CARTESIAN_POINT('Ctrl Pts',(36.3731867246744,21.6504177149247,-19.8714437511621));
#11028=CARTESIAN_POINT('Ctrl Pts',(36.3237900077244,21.7,-20.1939876885068));
#11029=CARTESIAN_POINT('Ctrl Pts',(36.3237900077244,21.7,-20.5));
#11030=CARTESIAN_POINT('',(38.7,15.7,-20.5));
#11031=CARTESIAN_POINT('Origin',(38.7,18.7,-20.5));
#11032=CARTESIAN_POINT('',(37.2,15.7,-20.5));
#11033=CARTESIAN_POINT('',(38.7,15.7,-20.5));
#11034=CARTESIAN_POINT('Origin',(37.2,18.7,-20.5));
#11035=CARTESIAN_POINT('Origin',(38.7,18.7,-19.));
#11036=CARTESIAN_POINT('',(38.7,16.2,-20.5));
#11037=CARTESIAN_POINT('',(38.7,16.7,-20.5));
#11038=CARTESIAN_POINT('Origin',(38.7,18.7,-20.5));
#11039=CARTESIAN_POINT('Origin',(38.7,2.7,-12.5));
#11040=CARTESIAN_POINT('',(38.7,-0.300000000000007,-12.5));
#11041=CARTESIAN_POINT('Origin',(38.7,2.7,-12.5));
#11042=CARTESIAN_POINT('',(35.2,-0.300000000000007,-12.5));
#11043=CARTESIAN_POINT('',(38.7,-0.300000000000007,-12.5));
#11044=CARTESIAN_POINT('',(35.2,0.033520605161734,-11.1252681581839));
#11045=CARTESIAN_POINT('Origin',(35.2,2.7,-12.5));
#11046=CARTESIAN_POINT('',(35.3568914006611,0.101923788646678,-11.));
#11047=CARTESIAN_POINT('Ctrl Pts',(35.2,0.033520605161734,-11.1252681581839));
#11048=CARTESIAN_POINT('Ctrl Pts',(35.2524633728035,0.0547430843988401,
-11.0841042730743));
#11049=CARTESIAN_POINT('Ctrl Pts',(35.3047506214001,0.0775112577664429,
-11.0422837438259));
#11050=CARTESIAN_POINT('Ctrl Pts',(35.3568914006611,0.101923788646677,-11.));
#11051=CARTESIAN_POINT('',(35.2,0.101923788646678,-11.));
#11052=CARTESIAN_POINT('',(38.7,0.101923788646678,-11.));
#11053=CARTESIAN_POINT('',(35.2,5.29807621135331,-11.));
#11054=CARTESIAN_POINT('Origin',(35.2,2.7,-12.5));
#11055=CARTESIAN_POINT('',(37.2,5.29807621135331,-11.));
#11056=CARTESIAN_POINT('',(38.7,5.29807621135331,-11.));
#11057=CARTESIAN_POINT('',(37.2,3.,-15.4849623113199));
#11058=CARTESIAN_POINT('Origin',(37.2,2.7,-12.5));
#11059=CARTESIAN_POINT('',(35.2,0.033520605161734,-13.8747318418161));
#11060=CARTESIAN_POINT('Ctrl Pts',(37.2,3.,-15.4849623113199));
#11061=CARTESIAN_POINT('Ctrl Pts',(37.2,2.66679397873189,-15.5184507764845));
#11062=CARTESIAN_POINT('Ctrl Pts',(37.1446276168334,2.31639510022471,-15.493911310743));
#11063=CARTESIAN_POINT('Ctrl Pts',(36.9208912548787,1.64145555265612,-15.3302673693721));
#11064=CARTESIAN_POINT('Ctrl Pts',(36.7431846614986,1.32121917658264,-15.181835429105));
#11065=CARTESIAN_POINT('Ctrl Pts',(36.2256753376035,0.639505334472512,-14.7387618031131));
#11066=CARTESIAN_POINT('Ctrl Pts',(35.8182217504636,0.324644696053581,-14.3763256278712));
#11067=CARTESIAN_POINT('Ctrl Pts',(35.3286470074435,0.0879996189920376,
-13.9768666280578));
#11068=CARTESIAN_POINT('Ctrl Pts',(35.2644550586549,0.0595939601698489,
-13.9253046602878));
#11069=CARTESIAN_POINT('Ctrl Pts',(35.2,0.033520605161734,-13.8747318418161));
#11070=CARTESIAN_POINT('Origin',(35.2,2.7,-12.5));
#11071=CARTESIAN_POINT('Origin',(38.7,2.7,-12.5));
#11072=CARTESIAN_POINT('',(38.7,0.199999999999996,-12.5));
#11073=CARTESIAN_POINT('Origin',(38.7,2.7,-12.5));
#11074=CARTESIAN_POINT('Origin',(35.2,2.7,-12.5));
#11075=CARTESIAN_POINT('',(35.2,0.0335206051617343,-10.));
#11076=CARTESIAN_POINT('Origin',(38.7,18.7,-12.5));
#11077=CARTESIAN_POINT('',(38.7,15.7,-12.5));
#11078=CARTESIAN_POINT('Origin',(38.7,18.7,-12.5));
#11079=CARTESIAN_POINT('',(37.2,15.7,-12.5));
#11080=CARTESIAN_POINT('',(38.7,15.7,-12.5));
#11081=CARTESIAN_POINT('',(37.2,16.1019237886467,-11.));
#11082=CARTESIAN_POINT('Origin',(37.2,18.7,-12.5));
#11083=CARTESIAN_POINT('',(35.2,16.1019237886467,-11.));
#11084=CARTESIAN_POINT('',(38.7,16.1019237886467,-11.));
#11085=CARTESIAN_POINT('',(35.2,21.2980762113533,-11.));
#11086=CARTESIAN_POINT('Origin',(35.2,18.7,-12.5));
#11087=CARTESIAN_POINT('',(36.6470591111959,21.2980762113533,-11.));
#11088=CARTESIAN_POINT('',(38.7,21.2980762113533,-11.));
#11089=CARTESIAN_POINT('',(37.2,19.5,-15.3913664589602));
#11090=CARTESIAN_POINT('Ctrl Pts',(36.6470591111959,21.2980762113533,-11.));
#11091=CARTESIAN_POINT('Ctrl Pts',(36.578087074247,21.3996142093928,-11.1758689715033));
#11092=CARTESIAN_POINT('Ctrl Pts',(36.5101003896353,21.4866426251222,-11.3687453733137));
#11093=CARTESIAN_POINT('Ctrl Pts',(36.3731867246744,21.6504177149247,-11.8714437511621));
#11094=CARTESIAN_POINT('Ctrl Pts',(36.3237900077244,21.7,-12.1939876885068));
#11095=CARTESIAN_POINT('Ctrl Pts',(36.3237900077244,21.7,-12.8060123114932));
#11096=CARTESIAN_POINT('Ctrl Pts',(36.3731867246744,21.6504177149247,-13.1285562488379));
#11097=CARTESIAN_POINT('Ctrl Pts',(36.5370087039883,21.4544551031474,-13.7300524054158));
#11098=CARTESIAN_POINT('Ctrl Pts',(36.6473727894434,21.3082523912136,-14.0101611579325));
#11099=CARTESIAN_POINT('Ctrl Pts',(36.8492506341093,20.9700300379787,-14.4830280553995));
#11100=CARTESIAN_POINT('Ctrl Pts',(36.9585593566314,20.7489733876158,-14.7145680794024));
#11101=CARTESIAN_POINT('Ctrl Pts',(37.1260978956587,20.2352005266751,-15.0972608194798));
#11102=CARTESIAN_POINT('Ctrl Pts',(37.1829036792967,19.94193581381,-15.248299055565));
#11103=CARTESIAN_POINT('Ctrl Pts',(37.1988064284546,19.6000424242618,-15.3622635187478));
#11104=CARTESIAN_POINT('Ctrl Pts',(37.2,19.5504139418535,-15.377417637856));
#11105=CARTESIAN_POINT('Ctrl Pts',(37.2,19.5,-15.3913664589602));
#11106=CARTESIAN_POINT('Origin',(37.2,18.7,-12.5));
#11107=CARTESIAN_POINT('Origin',(38.7,18.7,-12.5));
#11108=CARTESIAN_POINT('',(38.7,16.2,-12.5));
#11109=CARTESIAN_POINT('Origin',(38.7,18.7,-12.5));
#11110=CARTESIAN_POINT('Origin',(45.2,2.7,-20.5));
#11111=CARTESIAN_POINT('',(43.7,5.2,-20.5));
#11112=CARTESIAN_POINT('',(45.2,5.2,-20.5));
#11113=CARTESIAN_POINT('',(43.7,0.199999999999996,-20.5));
#11114=CARTESIAN_POINT('Origin',(43.7,2.7,-20.5));
#11115=CARTESIAN_POINT('',(45.2,0.199999999999996,-20.5));
#11116=CARTESIAN_POINT('Origin',(45.2,18.7,-20.5));
#11117=CARTESIAN_POINT('',(43.7,16.2,-20.5));
#11118=CARTESIAN_POINT('Origin',(43.7,18.7,-20.5));
#11119=CARTESIAN_POINT('',(45.2,16.2,-20.5));
#11120=CARTESIAN_POINT('Origin',(4.70000000000001,14.7,-20.5));
#11121=CARTESIAN_POINT('',(37.2,3.,-20.5));
#11122=CARTESIAN_POINT('',(43.7,15.7,-20.5));
#11123=CARTESIAN_POINT('',(43.7,16.7,-20.5));
#11124=CARTESIAN_POINT('',(45.2,15.7,-20.5));
#11125=CARTESIAN_POINT('',(43.7,5.7,-20.5));
#11126=CARTESIAN_POINT('',(45.2,5.7,-20.5));
#11127=CARTESIAN_POINT('',(43.7,8.7,-20.5));
#11128=CARTESIAN_POINT('Origin',(3.5,11.25,-11.));
#11129=CARTESIAN_POINT('',(-17.3980762113533,22.7,-11.));
#11130=CARTESIAN_POINT('',(-13.35,22.7,-11.));
#11131=CARTESIAN_POINT('',(-17.3980762113533,21.7,-11.));
#11132=CARTESIAN_POINT('',(-17.3980762113533,24.2,-11.));
#11133=CARTESIAN_POINT('',(-12.2019237886467,21.7,-11.));
#11134=CARTESIAN_POINT('',(-5.65,21.7,-11.));
#11135=CARTESIAN_POINT('',(-12.2019237886467,22.7,-11.));
#11136=CARTESIAN_POINT('',(-12.2019237886467,24.2,-11.));
#11137=CARTESIAN_POINT('',(-1.39807621135331,22.7,-11.));
#11138=CARTESIAN_POINT('',(-13.35,22.7,-11.));
#11139=CARTESIAN_POINT('',(-1.39807621135331,21.7,-11.));
#11140=CARTESIAN_POINT('',(-1.39807621135331,24.2,-11.));
#11141=CARTESIAN_POINT('',(3.79807621135332,21.7,-11.));
#11142=CARTESIAN_POINT('',(2.35,21.7,-11.));
#11143=CARTESIAN_POINT('',(3.79807621135332,22.7,-11.));
#11144=CARTESIAN_POINT('',(3.79807621135332,24.2,-11.));
#11145=CARTESIAN_POINT('',(14.6019237886467,22.7,-11.));
#11146=CARTESIAN_POINT('',(-13.35,22.7,-11.));
#11147=CARTESIAN_POINT('',(14.6019237886467,21.7,-11.));
#11148=CARTESIAN_POINT('',(14.6019237886467,24.2,-11.));
#11149=CARTESIAN_POINT('',(19.7980762113533,21.7,-11.));
#11150=CARTESIAN_POINT('',(10.35,21.7,-11.));
#11151=CARTESIAN_POINT('',(19.7980762113533,22.7,-11.));
#11152=CARTESIAN_POINT('',(19.7980762113533,24.2,-11.));
#11153=CARTESIAN_POINT('',(30.6019237886467,22.7,-11.));
#11154=CARTESIAN_POINT('',(-13.35,22.7,-11.));
#11155=CARTESIAN_POINT('',(30.6019237886467,21.7,-11.));
#11156=CARTESIAN_POINT('',(30.6019237886467,24.2,-11.));
#11157=CARTESIAN_POINT('',(35.7980762113533,21.7,-11.));
#11158=CARTESIAN_POINT('',(18.35,21.7,-11.));
#11159=CARTESIAN_POINT('',(35.7980762113533,22.1470591111959,-11.));
#11160=CARTESIAN_POINT('',(35.7980762113533,24.2,-11.));
#11161=CARTESIAN_POINT('Origin',(34.,19.5,-11.));
#11162=CARTESIAN_POINT('',(35.2,14.975,-11.));
#11163=CARTESIAN_POINT('',(37.2,15.375,-11.));
#11164=CARTESIAN_POINT('',(35.2,6.975,-11.));
#11165=CARTESIAN_POINT('',(34.,-0.200000000000001,-11.));
#11166=CARTESIAN_POINT('Origin',(34.,3.,-11.));
#11167=CARTESIAN_POINT('',(18.75,-0.200000000000001,-11.));
#11168=CARTESIAN_POINT('',(4.5,20.1,-11.));
#11169=CARTESIAN_POINT('Origin',(5.5,20.1,-11.));
#11170=CARTESIAN_POINT('',(27.,5.,-11.));
#11171=CARTESIAN_POINT('',(-20.,5.,-11.));
#11172=CARTESIAN_POINT('',(0.,5.,-11.));
#11173=CARTESIAN_POINT('',(32.,10.,-11.));
#11174=CARTESIAN_POINT('Origin',(27.,10.,-11.));
#11175=CARTESIAN_POINT('',(32.,12.5,-11.));
#11176=CARTESIAN_POINT('',(32.,10.,-11.));
#11177=CARTESIAN_POINT('',(27.,17.5,-11.));
#11178=CARTESIAN_POINT('Origin',(27.,12.5,-11.));
#11179=CARTESIAN_POINT('',(-20.,17.5,-11.));
#11180=CARTESIAN_POINT('',(27.,17.5,-11.));
#11181=CARTESIAN_POINT('',(-25.,12.5,-11.));
#11182=CARTESIAN_POINT('Origin',(-20.,12.5,-11.));
#11183=CARTESIAN_POINT('',(-25.,10.,-11.));
#11184=CARTESIAN_POINT('',(-25.,10.,-11.));
#11185=CARTESIAN_POINT('Origin',(-20.,10.,-11.));
#11186=CARTESIAN_POINT('',(4.5,2.4,-11.));
#11187=CARTESIAN_POINT('Origin',(5.5,2.4,-11.));
#11188=CARTESIAN_POINT('Origin',(45.2,18.7,-20.5));
#11189=CARTESIAN_POINT('Origin',(43.7,18.7,-20.5));
#11190=CARTESIAN_POINT('Origin',(43.7,18.7,-19.));
#11191=CARTESIAN_POINT('Origin',(45.2,18.7,-12.5));
#11192=CARTESIAN_POINT('',(43.7,15.7,-12.5));
#11193=CARTESIAN_POINT('',(45.2,15.7,-12.5));
#11194=CARTESIAN_POINT('Origin',(43.7,18.7,-12.5));
#11195=CARTESIAN_POINT('Origin',(43.7,18.7,-12.5));
#11196=CARTESIAN_POINT('',(43.7,16.2,-12.5));
#11197=CARTESIAN_POINT('Origin',(43.7,18.7,-12.5));
#11198=CARTESIAN_POINT('Origin',(45.2,2.7,-20.5));
#11199=CARTESIAN_POINT('',(43.7,-0.300000000000007,-20.5));
#11200=CARTESIAN_POINT('',(45.2,-0.300000000000007,-20.5));
#11201=CARTESIAN_POINT('Origin',(43.7,2.7,-20.5));
#11202=CARTESIAN_POINT('Origin',(43.7,2.7,-19.));
#11203=CARTESIAN_POINT('',(43.7,8.7,-20.5));
#11204=CARTESIAN_POINT('Origin',(45.2,2.7,-12.5));
#11205=CARTESIAN_POINT('',(43.7,-0.300000000000007,-12.5));
#11206=CARTESIAN_POINT('',(45.2,-0.300000000000007,-12.5));
#11207=CARTESIAN_POINT('Origin',(43.7,2.7,-12.5));
#11208=CARTESIAN_POINT('Origin',(43.7,2.7,-12.5));
#11209=CARTESIAN_POINT('',(43.7,0.199999999999996,-12.5));
#11210=CARTESIAN_POINT('Origin',(43.7,2.7,-12.5));
#11211=CARTESIAN_POINT('Origin',(4.70000000000001,14.7,-20.5));
#11212=CARTESIAN_POINT('',(-34.8,-1.3,-20.5));
#11213=CARTESIAN_POINT('',(45.2,-1.3,-20.5));
#11214=CARTESIAN_POINT('',(-34.8,-1.3,-20.5));
#11215=CARTESIAN_POINT('',(-34.8,14.4639320225002,-20.5));
#11216=CARTESIAN_POINT('',(-34.8,8.03606797749979,-20.5));
#11217=CARTESIAN_POINT('',(-34.8,18.9360679774998,-20.5));
#11218=CARTESIAN_POINT('Origin',(-32.8,16.7,-20.5));
#11219=CARTESIAN_POINT('',(-34.8,23.7,-20.5));
#11220=CARTESIAN_POINT('',(-34.8,18.9360679774998,-20.5));
#11221=CARTESIAN_POINT('',(-33.3,23.7,-20.5));
#11222=CARTESIAN_POINT('',(-34.8,23.7,-20.5));
#11223=CARTESIAN_POINT('',(-33.3,24.2,-20.5));
#11224=CARTESIAN_POINT('',(-33.3,20.7,-20.5));
#11225=CARTESIAN_POINT('',(-28.3,24.2,-20.5));
#11226=CARTESIAN_POINT('',(-34.8,24.2,-20.5));
#11227=CARTESIAN_POINT('',(-28.3,23.7,-20.5));
#11228=CARTESIAN_POINT('',(-28.3,20.7,-20.5));
#11229=CARTESIAN_POINT('',(-26.8,23.7,-20.5));
#11230=CARTESIAN_POINT('',(-28.3,23.7,-20.5));
#11231=CARTESIAN_POINT('',(-26.8,29.7,-20.5));
#11232=CARTESIAN_POINT('',(-26.8,20.7,-20.5));
#11233=CARTESIAN_POINT('',(-28.3,29.7,-20.5));
#11234=CARTESIAN_POINT('',(-28.3,29.7,-20.5));
#11235=CARTESIAN_POINT('',(-28.3,29.2,-20.5));
#11236=CARTESIAN_POINT('',(-28.3,20.7,-20.5));
#11237=CARTESIAN_POINT('',(-33.3,29.2,-20.5));
#11238=CARTESIAN_POINT('',(-34.8,29.2,-20.5));
#11239=CARTESIAN_POINT('',(-33.3,29.7,-20.5));
#11240=CARTESIAN_POINT('',(-33.3,20.7,-20.5));
#11241=CARTESIAN_POINT('',(-34.8,29.7,-20.5));
#11242=CARTESIAN_POINT('',(-34.8,29.7,-20.5));
#11243=CARTESIAN_POINT('',(-34.8,30.7,-20.5));
#11244=CARTESIAN_POINT('',(-34.8,18.9360679774998,-20.5));
#11245=CARTESIAN_POINT('',(-25.8,30.7,-20.5));
#11246=CARTESIAN_POINT('',(-34.8,30.7,-20.5));
#11247=CARTESIAN_POINT('',(-25.8,29.2,-20.5));
#11248=CARTESIAN_POINT('',(-25.8,30.7,-20.5));
#11249=CARTESIAN_POINT('',(-25.3,29.2,-20.5));
#11250=CARTESIAN_POINT('',(-9.04999999999999,29.2,-20.5));
#11251=CARTESIAN_POINT('',(-25.3,24.2,-20.5));
#11252=CARTESIAN_POINT('',(-25.3,30.7,-20.5));
#11253=CARTESIAN_POINT('',(-25.8,24.2,-20.5));
#11254=CARTESIAN_POINT('',(-9.04999999999999,24.2,-20.5));
#11255=CARTESIAN_POINT('',(-25.8,22.7,-20.5));
#11256=CARTESIAN_POINT('',(-25.8,24.2,-20.5));
#11257=CARTESIAN_POINT('',(34.,22.7,-20.5));
#11258=CARTESIAN_POINT('',(34.,-0.200000000000001,-20.5));
#11259=CARTESIAN_POINT('',(0.,-0.2,-20.5));
#11260=CARTESIAN_POINT('Origin',(34.,3.,-20.5));
#11261=CARTESIAN_POINT('Origin',(35.2,2.7,-12.5));
#11262=CARTESIAN_POINT('Origin',(45.2,2.7,-12.5));
#11263=CARTESIAN_POINT('',(45.2,0.199999999999996,-12.5));
#11264=CARTESIAN_POINT('Origin',(35.2,18.7,-12.5));
#11265=CARTESIAN_POINT('Origin',(45.2,18.7,-12.5));
#11266=CARTESIAN_POINT('',(45.2,16.2,-12.5));
#11267=CARTESIAN_POINT('Origin',(-28.3,26.7,-20.5));
#11268=CARTESIAN_POINT('Origin',(-28.3,26.7,-20.5));
#11269=CARTESIAN_POINT('Origin',(-26.8,26.7,-20.5));
#11270=CARTESIAN_POINT('Origin',(-28.3,26.7,-19.));
#11271=CARTESIAN_POINT('Origin',(-28.3,26.7,-20.5));
#11272=CARTESIAN_POINT('Origin',(-28.3,26.7,-12.5));
#11273=CARTESIAN_POINT('',(-28.3,29.7,-12.5));
#11274=CARTESIAN_POINT('Origin',(-28.3,26.7,-12.5));
#11275=CARTESIAN_POINT('',(-26.8,29.7,-12.5));
#11276=CARTESIAN_POINT('',(-28.3,29.7,-12.5));
#11277=CARTESIAN_POINT('Origin',(-26.8,26.7,-12.5));
#11278=CARTESIAN_POINT('Origin',(-28.3,26.7,-12.5));
#11279=CARTESIAN_POINT('',(-28.3,29.2,-12.5));
#11280=CARTESIAN_POINT('Origin',(-28.3,26.7,-12.5));
#11281=CARTESIAN_POINT('Origin',(-34.8,26.7,-20.5));
#11282=CARTESIAN_POINT('Origin',(-33.3,26.7,-20.5));
#11283=CARTESIAN_POINT('Origin',(-34.8,26.7,-12.5));
#11284=CARTESIAN_POINT('',(-34.8,29.7,-12.5));
#11285=CARTESIAN_POINT('Origin',(-34.8,26.7,-12.5));
#11286=CARTESIAN_POINT('',(-33.3,29.7,-12.5));
#11287=CARTESIAN_POINT('',(-34.8,29.7,-12.5));
#11288=CARTESIAN_POINT('Origin',(-33.3,26.7,-12.5));
#11289=CARTESIAN_POINT('Origin',(-33.3,26.7,-12.5));
#11290=CARTESIAN_POINT('',(-33.3,29.2,-12.5));
#11291=CARTESIAN_POINT('Origin',(-33.3,26.7,-12.5));
#11292=CARTESIAN_POINT('Origin',(-34.8,26.7,-20.5));
#11293=CARTESIAN_POINT('Origin',(-34.8,26.7,-20.5));
#11294=CARTESIAN_POINT('Origin',(-33.3,26.7,-20.5));
#11295=CARTESIAN_POINT('Origin',(-33.3,26.7,-19.));
#11296=CARTESIAN_POINT('Origin',(-34.8,26.7,-12.5));
#11297=CARTESIAN_POINT('',(-34.8,29.2,-12.5));
#11298=CARTESIAN_POINT('Origin',(-26.8,26.7,-12.5));
#11299=CARTESIAN_POINT('Origin',(-26.8,26.7,-19.25));
#11300=CARTESIAN_POINT('Origin',(-34.8,18.9360679774998,-10.));
#11301=CARTESIAN_POINT('',(-34.8,18.9360679774998,-10.));
#11302=CARTESIAN_POINT('',(-34.8,30.7,-10.));
#11303=CARTESIAN_POINT('Origin',(17.2,24.2,-20.5));
#11304=CARTESIAN_POINT('',(20.2,22.7,-20.5));
#11305=CARTESIAN_POINT('',(14.2,22.7,-20.5));
#11306=CARTESIAN_POINT('Origin',(17.2,22.7,-20.5));
#11307=CARTESIAN_POINT('',(14.2,24.2,-20.5));
#11308=CARTESIAN_POINT('',(14.2,24.2,-20.5));
#11309=CARTESIAN_POINT('',(20.2,24.2,-20.5));
#11310=CARTESIAN_POINT('Origin',(17.2,24.2,-20.5));
#11311=CARTESIAN_POINT('',(20.2,24.2,-20.5));
#11312=CARTESIAN_POINT('Origin',(17.2,24.2,-19.));
#11313=CARTESIAN_POINT('',(19.7,24.2,-20.5));
#11314=CARTESIAN_POINT('',(10.95,24.2,-20.5));
#11315=CARTESIAN_POINT('',(14.7,24.2,-20.5));
#11316=CARTESIAN_POINT('',(10.95,24.2,-20.5));
#11317=CARTESIAN_POINT('Origin',(17.2,24.2,-20.5));
#11318=CARTESIAN_POINT('Origin',(-14.8,24.2,-20.5));
#11319=CARTESIAN_POINT('',(-11.8,22.7,-20.5));
#11320=CARTESIAN_POINT('',(-17.8,22.7,-20.5));
#11321=CARTESIAN_POINT('Origin',(-14.8,22.7,-20.5));
#11322=CARTESIAN_POINT('',(-17.8,24.2,-20.5));
#11323=CARTESIAN_POINT('',(-17.8,24.2,-20.5));
#11324=CARTESIAN_POINT('',(-11.8,24.2,-20.5));
#11325=CARTESIAN_POINT('Origin',(-14.8,24.2,-20.5));
#11326=CARTESIAN_POINT('',(-11.8,24.2,-20.5));
#11327=CARTESIAN_POINT('Origin',(-14.8,24.2,-19.));
#11328=CARTESIAN_POINT('',(-12.3,24.2,-20.5));
#11329=CARTESIAN_POINT('',(-5.04999999999999,24.2,-20.5));
#11330=CARTESIAN_POINT('',(-17.3,24.2,-20.5));
#11331=CARTESIAN_POINT('',(-5.04999999999999,24.2,-20.5));
#11332=CARTESIAN_POINT('Origin',(-14.8,24.2,-20.5));
#11333=CARTESIAN_POINT('Origin',(17.2,24.2,-12.5));
#11334=CARTESIAN_POINT('',(20.2,24.2,-12.5));
#11335=CARTESIAN_POINT('Origin',(17.2,24.2,-12.5));
#11336=CARTESIAN_POINT('',(20.2,22.7,-12.5));
#11337=CARTESIAN_POINT('',(20.2,24.2,-12.5));
#11338=CARTESIAN_POINT('Origin',(17.2,22.7,-12.5));
#11339=CARTESIAN_POINT('Origin',(17.2,21.7,-12.5));
#11340=CARTESIAN_POINT('Origin',(17.2,22.7,-12.5));
#11341=CARTESIAN_POINT('Origin',(17.2,24.2,-12.5));
#11342=CARTESIAN_POINT('',(19.7,24.2,-12.5));
#11343=CARTESIAN_POINT('Origin',(17.2,24.2,-12.5));
#11344=CARTESIAN_POINT('Origin',(1.20000000000001,24.2,-12.5));
#11345=CARTESIAN_POINT('',(4.20000000000001,24.2,-12.5));
#11346=CARTESIAN_POINT('Origin',(1.20000000000001,24.2,-12.5));
#11347=CARTESIAN_POINT('',(4.20000000000001,22.7,-12.5));
#11348=CARTESIAN_POINT('',(4.20000000000001,24.2,-12.5));
#11349=CARTESIAN_POINT('Origin',(1.20000000000001,22.7,-12.5));
#11350=CARTESIAN_POINT('Origin',(1.20000000000001,21.7,-12.5));
#11351=CARTESIAN_POINT('Origin',(1.20000000000001,22.7,-12.5));
#11352=CARTESIAN_POINT('Origin',(1.20000000000001,24.2,-12.5));
#11353=CARTESIAN_POINT('',(3.70000000000001,24.2,-12.5));
#11354=CARTESIAN_POINT('Origin',(1.20000000000001,24.2,-12.5));
#11355=CARTESIAN_POINT('Origin',(-6.79999999999999,24.2,-20.5));
#11356=CARTESIAN_POINT('',(-3.79999999999999,22.7,-20.5));
#11357=CARTESIAN_POINT('',(-9.79999999999999,22.7,-20.5));
#11358=CARTESIAN_POINT('Origin',(-6.79999999999999,22.7,-20.5));
#11359=CARTESIAN_POINT('',(-9.79999999999999,24.2,-20.5));
#11360=CARTESIAN_POINT('',(-9.79999999999999,24.2,-20.5));
#11361=CARTESIAN_POINT('',(-3.79999999999999,24.2,-20.5));
#11362=CARTESIAN_POINT('Origin',(-6.79999999999999,24.2,-20.5));
#11363=CARTESIAN_POINT('',(-3.79999999999999,24.2,-20.5));
#11364=CARTESIAN_POINT('Origin',(-6.79999999999999,24.2,-19.));
#11365=CARTESIAN_POINT('',(-4.29999999999999,24.2,-20.5));
#11366=CARTESIAN_POINT('',(-1.04999999999999,24.2,-20.5));
#11367=CARTESIAN_POINT('',(-9.29999999999999,24.2,-20.5));
#11368=CARTESIAN_POINT('',(-1.04999999999999,24.2,-20.5));
#11369=CARTESIAN_POINT('Origin',(-6.79999999999999,24.2,-20.5));
#11370=CARTESIAN_POINT('Origin',(25.2,24.2,-20.5));
#11371=CARTESIAN_POINT('',(28.2,22.7,-20.5));
#11372=CARTESIAN_POINT('',(22.2,22.7,-20.5));
#11373=CARTESIAN_POINT('Origin',(25.2,22.7,-20.5));
#11374=CARTESIAN_POINT('',(22.2,24.2,-20.5));
#11375=CARTESIAN_POINT('',(22.2,24.2,-20.5));
#11376=CARTESIAN_POINT('',(28.2,24.2,-20.5));
#11377=CARTESIAN_POINT('Origin',(25.2,24.2,-20.5));
#11378=CARTESIAN_POINT('',(28.2,24.2,-20.5));
#11379=CARTESIAN_POINT('Origin',(25.2,24.2,-19.));
#11380=CARTESIAN_POINT('',(27.7,24.2,-20.5));
#11381=CARTESIAN_POINT('',(14.95,24.2,-20.5));
#11382=CARTESIAN_POINT('',(22.7,24.2,-20.5));
#11383=CARTESIAN_POINT('',(14.95,24.2,-20.5));
#11384=CARTESIAN_POINT('Origin',(25.2,24.2,-20.5));
#11385=CARTESIAN_POINT('Origin',(9.20000000000001,24.2,-20.5));
#11386=CARTESIAN_POINT('',(12.2,22.7,-20.5));
#11387=CARTESIAN_POINT('',(6.20000000000001,22.7,-20.5));
#11388=CARTESIAN_POINT('Origin',(9.20000000000001,22.7,-20.5));
#11389=CARTESIAN_POINT('',(6.20000000000001,24.2,-20.5));
#11390=CARTESIAN_POINT('',(6.20000000000001,24.2,-20.5));
#11391=CARTESIAN_POINT('',(12.2,24.2,-20.5));
#11392=CARTESIAN_POINT('Origin',(9.20000000000001,24.2,-20.5));
#11393=CARTESIAN_POINT('',(12.2,24.2,-20.5));
#11394=CARTESIAN_POINT('Origin',(9.20000000000001,24.2,-19.));
#11395=CARTESIAN_POINT('',(11.7,24.2,-20.5));
#11396=CARTESIAN_POINT('',(6.95000000000001,24.2,-20.5));
#11397=CARTESIAN_POINT('',(6.70000000000001,24.2,-20.5));
#11398=CARTESIAN_POINT('',(6.95000000000001,24.2,-20.5));
#11399=CARTESIAN_POINT('Origin',(9.20000000000001,24.2,-20.5));
#11400=CARTESIAN_POINT('Origin',(-22.8,24.2,-20.5));
#11401=CARTESIAN_POINT('',(-19.8,22.7,-20.5));
#11402=CARTESIAN_POINT('Origin',(-22.8,22.7,-20.5));
#11403=CARTESIAN_POINT('',(-19.8,24.2,-20.5));
#11404=CARTESIAN_POINT('Origin',(-22.8,24.2,-20.5));
#11405=CARTESIAN_POINT('',(-19.8,24.2,-20.5));
#11406=CARTESIAN_POINT('Origin',(-22.8,24.2,-19.));
#11407=CARTESIAN_POINT('',(-20.3,24.2,-20.5));
#11408=CARTESIAN_POINT('',(-9.04999999999999,24.2,-20.5));
#11409=CARTESIAN_POINT('Origin',(-22.8,24.2,-20.5));
#11410=CARTESIAN_POINT('Origin',(33.2,24.2,-12.5));
#11411=CARTESIAN_POINT('',(36.2,24.2,-12.5));
#11412=CARTESIAN_POINT('Origin',(33.2,24.2,-12.5));
#11413=CARTESIAN_POINT('',(36.2,21.8237900077244,-12.5));
#11414=CARTESIAN_POINT('',(36.2,24.2,-12.5));
#11415=CARTESIAN_POINT('Ctrl Pts',(36.2,21.8237900077244,-12.5));
#11416=CARTESIAN_POINT('Ctrl Pts',(36.2,21.8237900077244,-12.1939876885068));
#11417=CARTESIAN_POINT('Ctrl Pts',(36.1504177149247,21.8731867246743,-11.8714437511621));
#11418=CARTESIAN_POINT('Ctrl Pts',(35.9866426251222,22.0101003896353,-11.3687453733137));
#11419=CARTESIAN_POINT('Ctrl Pts',(35.8996142093929,22.078087074247,-11.1758689715033));
#11420=CARTESIAN_POINT('Ctrl Pts',(35.7980762113533,22.1470591111959,-11.));
#11421=CARTESIAN_POINT('Origin',(33.2,21.7,-12.5));
#11422=CARTESIAN_POINT('',(34.,22.7,-15.3913664589602));
#11423=CARTESIAN_POINT('Origin',(33.2,22.7,-12.5));
#11424=CARTESIAN_POINT('Ctrl Pts',(34.,22.7,-15.3913664589602));
#11425=CARTESIAN_POINT('Ctrl Pts',(34.0504139418535,22.7,-15.377417637856));
#11426=CARTESIAN_POINT('Ctrl Pts',(34.1000424242618,22.6988064284546,-15.3622635187478));
#11427=CARTESIAN_POINT('Ctrl Pts',(34.44193581381,22.6829036792967,-15.248299055565));
#11428=CARTESIAN_POINT('Ctrl Pts',(34.7352005266751,22.6260978956587,-15.0972608194798));
#11429=CARTESIAN_POINT('Ctrl Pts',(35.2489733876158,22.4585593566314,-14.7145680794024));
#11430=CARTESIAN_POINT('Ctrl Pts',(35.4700300379787,22.3492506341093,-14.4830280553995));
#11431=CARTESIAN_POINT('Ctrl Pts',(35.8082523912136,22.1473727894434,-14.0101611579325));
#11432=CARTESIAN_POINT('Ctrl Pts',(35.9544551031474,22.0370087039882,-13.7300524054158));
#11433=CARTESIAN_POINT('Ctrl Pts',(36.1504177149247,21.8731867246743,-13.1285562488379));
#11434=CARTESIAN_POINT('Ctrl Pts',(36.2,21.8237900077244,-12.8060123114932));
#11435=CARTESIAN_POINT('Ctrl Pts',(36.2,21.8237900077244,-12.5));
#11436=CARTESIAN_POINT('Origin',(33.2,24.2,-12.5));
#11437=CARTESIAN_POINT('',(35.7,24.2,-12.5));
#11438=CARTESIAN_POINT('Origin',(33.2,24.2,-12.5));
#11439=CARTESIAN_POINT('Origin',(-14.8,24.2,-12.5));
#11440=CARTESIAN_POINT('',(-11.8,24.2,-12.5));
#11441=CARTESIAN_POINT('Origin',(-14.8,24.2,-12.5));
#11442=CARTESIAN_POINT('',(-11.8,22.7,-12.5));
#11443=CARTESIAN_POINT('',(-11.8,24.2,-12.5));
#11444=CARTESIAN_POINT('Origin',(-14.8,22.7,-12.5));
#11445=CARTESIAN_POINT('Origin',(-14.8,21.7,-12.5));
#11446=CARTESIAN_POINT('Origin',(-14.8,22.7,-12.5));
#11447=CARTESIAN_POINT('Origin',(-14.8,24.2,-12.5));
#11448=CARTESIAN_POINT('',(-12.3,24.2,-12.5));
#11449=CARTESIAN_POINT('Origin',(-14.8,24.2,-12.5));
#11450=CARTESIAN_POINT('Origin',(1.20000000000001,24.2,-20.5));
#11451=CARTESIAN_POINT('',(4.20000000000001,22.7,-20.5));
#11452=CARTESIAN_POINT('',(-1.79999999999999,22.7,-20.5));
#11453=CARTESIAN_POINT('Origin',(1.20000000000001,22.7,-20.5));
#11454=CARTESIAN_POINT('',(-1.79999999999999,24.2,-20.5));
#11455=CARTESIAN_POINT('',(-1.79999999999999,24.2,-20.5));
#11456=CARTESIAN_POINT('',(4.20000000000001,24.2,-20.5));
#11457=CARTESIAN_POINT('Origin',(1.20000000000001,24.2,-20.5));
#11458=CARTESIAN_POINT('',(4.20000000000001,24.2,-20.5));
#11459=CARTESIAN_POINT('Origin',(1.20000000000001,24.2,-19.));
#11460=CARTESIAN_POINT('',(3.70000000000001,24.2,-20.5));
#11461=CARTESIAN_POINT('',(2.95000000000001,24.2,-20.5));
#11462=CARTESIAN_POINT('',(-1.29999999999999,24.2,-20.5));
#11463=CARTESIAN_POINT('',(2.95000000000001,24.2,-20.5));
#11464=CARTESIAN_POINT('Origin',(1.20000000000001,24.2,-20.5));
#11465=CARTESIAN_POINT('Origin',(33.2,24.2,-20.5));
#11466=CARTESIAN_POINT('',(34.,22.7,-17.6086335410398));
#11467=CARTESIAN_POINT('',(30.2,22.7,-20.5));
#11468=CARTESIAN_POINT('Origin',(33.2,22.7,-20.5));
#11469=CARTESIAN_POINT('',(30.2,24.2,-20.5));
#11470=CARTESIAN_POINT('',(30.2,24.2,-20.5));
#11471=CARTESIAN_POINT('Origin',(33.2,24.2,-20.5));
#11472=CARTESIAN_POINT('Ctrl Pts',(36.2,21.8237900077244,-20.5));
#11473=CARTESIAN_POINT('Ctrl Pts',(36.2,21.8237900077244,-20.1939876885068));
#11474=CARTESIAN_POINT('Ctrl Pts',(36.1504177149247,21.8731867246743,-19.8714437511621));
#11475=CARTESIAN_POINT('Ctrl Pts',(35.9544551031474,22.0370087039882,-19.2699475945842));
#11476=CARTESIAN_POINT('Ctrl Pts',(35.8082523912136,22.1473727894434,-18.9898388420675));
#11477=CARTESIAN_POINT('Ctrl Pts',(35.4700300379787,22.3492506341093,-18.5169719446005));
#11478=CARTESIAN_POINT('Ctrl Pts',(35.2489733876158,22.4585593566314,-18.2854319205976));
#11479=CARTESIAN_POINT('Ctrl Pts',(34.7352005266751,22.6260978956587,-17.9027391805202));
#11480=CARTESIAN_POINT('Ctrl Pts',(34.44193581381,22.6829036792967,-17.751700944435));
#11481=CARTESIAN_POINT('Ctrl Pts',(34.1000424242618,22.6988064284546,-17.6377364812522));
#11482=CARTESIAN_POINT('Ctrl Pts',(34.0504139418535,22.7,-17.622582362144));
#11483=CARTESIAN_POINT('Ctrl Pts',(34.,22.7,-17.6086335410398));
#11484=CARTESIAN_POINT('Origin',(33.2,24.2,-19.));
#11485=CARTESIAN_POINT('',(30.7,24.2,-20.5));
#11486=CARTESIAN_POINT('',(18.95,24.2,-20.5));
#11487=CARTESIAN_POINT('Origin',(33.2,24.2,-20.5));
#11488=CARTESIAN_POINT('Origin',(17.2,30.7,-20.5));
#11489=CARTESIAN_POINT('',(14.7,29.2,-20.5));
#11490=CARTESIAN_POINT('',(14.7,30.7,-20.5));
#11491=CARTESIAN_POINT('',(19.7,29.2,-20.5));
#11492=CARTESIAN_POINT('Origin',(17.2,29.2,-20.5));
#11493=CARTESIAN_POINT('',(19.7,30.7,-20.5));
#11494=CARTESIAN_POINT('Origin',(-14.8,30.7,-20.5));
#11495=CARTESIAN_POINT('',(-17.3,29.2,-20.5));
#11496=CARTESIAN_POINT('',(-17.3,30.7,-20.5));
#11497=CARTESIAN_POINT('',(-12.3,29.2,-20.5));
#11498=CARTESIAN_POINT('Origin',(-14.8,29.2,-20.5));
#11499=CARTESIAN_POINT('',(-12.3,30.7,-20.5));
#11500=CARTESIAN_POINT('Origin',(-6.79999999999999,30.7,-20.5));
#11501=CARTESIAN_POINT('',(-9.29999999999999,29.2,-20.5));
#11502=CARTESIAN_POINT('',(-9.29999999999999,30.7,-20.5));
#11503=CARTESIAN_POINT('',(-4.29999999999999,29.2,-20.5));
#11504=CARTESIAN_POINT('Origin',(-6.79999999999999,29.2,-20.5));
#11505=CARTESIAN_POINT('',(-4.29999999999999,30.7,-20.5));
#11506=CARTESIAN_POINT('Origin',(25.2,30.7,-20.5));
#11507=CARTESIAN_POINT('',(22.7,29.2,-20.5));
#11508=CARTESIAN_POINT('',(22.7,30.7,-20.5));
#11509=CARTESIAN_POINT('',(27.7,29.2,-20.5));
#11510=CARTESIAN_POINT('Origin',(25.2,29.2,-20.5));
#11511=CARTESIAN_POINT('',(27.7,30.7,-20.5));
#11512=CARTESIAN_POINT('Origin',(4.70000000000001,14.7,-20.5));
#11513=CARTESIAN_POINT('',(34.,22.7,-20.5));
#11514=CARTESIAN_POINT('',(11.7,29.2,-20.5));
#11515=CARTESIAN_POINT('',(11.7,30.7,-20.5));
#11516=CARTESIAN_POINT('',(12.2,29.2,-20.5));
#11517=CARTESIAN_POINT('',(6.95000000000001,29.2,-20.5));
#11518=CARTESIAN_POINT('',(12.2,30.7,-20.5));
#11519=CARTESIAN_POINT('',(12.2,30.7,-20.5));
#11520=CARTESIAN_POINT('',(14.2,30.7,-20.5));
#11521=CARTESIAN_POINT('',(-34.8,30.7,-20.5));
#11522=CARTESIAN_POINT('',(14.2,29.2,-20.5));
#11523=CARTESIAN_POINT('',(14.2,30.7,-20.5));
#11524=CARTESIAN_POINT('',(10.95,29.2,-20.5));
#11525=CARTESIAN_POINT('Origin',(9.20000000000001,30.7,-20.5));
#11526=CARTESIAN_POINT('',(6.70000000000001,29.2,-20.5));
#11527=CARTESIAN_POINT('',(6.70000000000001,30.7,-20.5));
#11528=CARTESIAN_POINT('Origin',(9.20000000000001,29.2,-20.5));
#11529=CARTESIAN_POINT('Origin',(4.70000000000001,14.7,-20.5));
#11530=CARTESIAN_POINT('',(34.,22.7,-20.5));
#11531=CARTESIAN_POINT('',(-20.3,29.2,-20.5));
#11532=CARTESIAN_POINT('',(-20.3,30.7,-20.5));
#11533=CARTESIAN_POINT('',(-19.8,29.2,-20.5));
#11534=CARTESIAN_POINT('',(-9.04999999999999,29.2,-20.5));
#11535=CARTESIAN_POINT('',(-19.8,30.7,-20.5));
#11536=CARTESIAN_POINT('',(-19.8,30.7,-20.5));
#11537=CARTESIAN_POINT('',(-17.8,30.7,-20.5));
#11538=CARTESIAN_POINT('',(-34.8,30.7,-20.5));
#11539=CARTESIAN_POINT('',(-17.8,29.2,-20.5));
#11540=CARTESIAN_POINT('',(-17.8,30.7,-20.5));
#11541=CARTESIAN_POINT('',(-5.04999999999999,29.2,-20.5));
#11542=CARTESIAN_POINT('Origin',(-22.8,30.7,-20.5));
#11543=CARTESIAN_POINT('Origin',(-22.8,29.2,-20.5));
#11544=CARTESIAN_POINT('Origin',(1.20000000000001,30.7,-20.5));
#11545=CARTESIAN_POINT('',(-1.29999999999999,29.2,-20.5));
#11546=CARTESIAN_POINT('',(-1.29999999999999,30.7,-20.5));
#11547=CARTESIAN_POINT('',(3.70000000000001,29.2,-20.5));
#11548=CARTESIAN_POINT('Origin',(1.20000000000001,29.2,-20.5));
#11549=CARTESIAN_POINT('',(3.70000000000001,30.7,-20.5));
#11550=CARTESIAN_POINT('Origin',(4.70000000000001,14.7,-20.5));
#11551=CARTESIAN_POINT('',(34.,22.7,-20.5));
#11552=CARTESIAN_POINT('',(4.20000000000001,29.2,-20.5));
#11553=CARTESIAN_POINT('',(2.95000000000001,29.2,-20.5));
#11554=CARTESIAN_POINT('',(4.20000000000001,30.7,-20.5));
#11555=CARTESIAN_POINT('',(4.20000000000001,30.7,-20.5));
#11556=CARTESIAN_POINT('',(6.20000000000001,30.7,-20.5));
#11557=CARTESIAN_POINT('',(-34.8,30.7,-20.5));
#11558=CARTESIAN_POINT('',(6.20000000000001,29.2,-20.5));
#11559=CARTESIAN_POINT('',(6.20000000000001,30.7,-20.5));
#11560=CARTESIAN_POINT('',(6.95000000000001,29.2,-20.5));
#11561=CARTESIAN_POINT('Origin',(33.2,30.7,-20.5));
#11562=CARTESIAN_POINT('',(30.7,29.2,-20.5));
#11563=CARTESIAN_POINT('',(30.7,30.7,-20.5));
#11564=CARTESIAN_POINT('Origin',(33.2,29.2,-20.5));
#11565=CARTESIAN_POINT('Origin',(1.20000000000001,30.7,-12.5));
#11566=CARTESIAN_POINT('',(4.20000000000001,30.7,-12.5));
#11567=CARTESIAN_POINT('Origin',(1.20000000000001,30.7,-12.5));
#11568=CARTESIAN_POINT('',(4.20000000000001,29.2,-12.5));
#11569=CARTESIAN_POINT('',(4.20000000000001,30.7,-12.5));
#11570=CARTESIAN_POINT('Origin',(1.20000000000001,29.2,-12.5));
#11571=CARTESIAN_POINT('Origin',(1.20000000000001,29.2,-12.5));
#11572=CARTESIAN_POINT('',(3.70000000000001,29.2,-12.5));
#11573=CARTESIAN_POINT('Origin',(1.20000000000001,29.2,-12.5));
#11574=CARTESIAN_POINT('Origin',(-6.79999999999999,30.7,-20.5));
#11575=CARTESIAN_POINT('',(-9.79999999999999,30.7,-20.5));
#11576=CARTESIAN_POINT('',(-3.79999999999999,30.7,-20.5));
#11577=CARTESIAN_POINT('Origin',(-6.79999999999999,30.7,-20.5));
#11578=CARTESIAN_POINT('',(-3.79999999999999,29.2,-20.5));
#11579=CARTESIAN_POINT('',(-3.79999999999999,30.7,-20.5));
#11580=CARTESIAN_POINT('',(-9.79999999999999,29.2,-20.5));
#11581=CARTESIAN_POINT('Origin',(-6.79999999999999,29.2,-20.5));
#11582=CARTESIAN_POINT('',(-9.79999999999999,30.7,-20.5));
#11583=CARTESIAN_POINT('Origin',(-6.79999999999999,29.2,-19.));
#11584=CARTESIAN_POINT('',(-1.04999999999999,29.2,-20.5));
#11585=CARTESIAN_POINT('',(-1.04999999999999,29.2,-20.5));
#11586=CARTESIAN_POINT('Origin',(25.2,30.7,-20.5));
#11587=CARTESIAN_POINT('',(22.2,30.7,-20.5));
#11588=CARTESIAN_POINT('',(28.2,30.7,-20.5));
#11589=CARTESIAN_POINT('Origin',(25.2,30.7,-20.5));
#11590=CARTESIAN_POINT('',(28.2,29.2,-20.5));
#11591=CARTESIAN_POINT('',(28.2,30.7,-20.5));
#11592=CARTESIAN_POINT('',(22.2,29.2,-20.5));
#11593=CARTESIAN_POINT('Origin',(25.2,29.2,-20.5));
#11594=CARTESIAN_POINT('',(22.2,30.7,-20.5));
#11595=CARTESIAN_POINT('Origin',(25.2,29.2,-19.));
#11596=CARTESIAN_POINT('',(14.95,29.2,-20.5));
#11597=CARTESIAN_POINT('',(14.95,29.2,-20.5));
#11598=CARTESIAN_POINT('Origin',(17.2,30.7,-20.5));
#11599=CARTESIAN_POINT('',(20.2,30.7,-20.5));
#11600=CARTESIAN_POINT('Origin',(17.2,30.7,-20.5));
#11601=CARTESIAN_POINT('',(20.2,29.2,-20.5));
#11602=CARTESIAN_POINT('',(20.2,30.7,-20.5));
#11603=CARTESIAN_POINT('Origin',(17.2,29.2,-20.5));
#11604=CARTESIAN_POINT('Origin',(17.2,29.2,-19.));
#11605=CARTESIAN_POINT('',(10.95,29.2,-20.5));
#11606=CARTESIAN_POINT('Origin',(-14.8,30.7,-20.5));
#11607=CARTESIAN_POINT('',(-11.8,30.7,-20.5));
#11608=CARTESIAN_POINT('Origin',(-14.8,30.7,-20.5));
#11609=CARTESIAN_POINT('',(-11.8,29.2,-20.5));
#11610=CARTESIAN_POINT('',(-11.8,30.7,-20.5));
#11611=CARTESIAN_POINT('Origin',(-14.8,29.2,-20.5));
#11612=CARTESIAN_POINT('Origin',(-14.8,29.2,-19.));
#11613=CARTESIAN_POINT('',(-5.04999999999999,29.2,-20.5));
#11614=CARTESIAN_POINT('Origin',(17.2,30.7,-12.5));
#11615=CARTESIAN_POINT('',(20.2,30.7,-12.5));
#11616=CARTESIAN_POINT('Origin',(17.2,30.7,-12.5));
#11617=CARTESIAN_POINT('',(20.2,29.2,-12.5));
#11618=CARTESIAN_POINT('',(20.2,30.7,-12.5));
#11619=CARTESIAN_POINT('Origin',(17.2,29.2,-12.5));
#11620=CARTESIAN_POINT('Origin',(17.2,29.2,-12.5));
#11621=CARTESIAN_POINT('',(19.7,29.2,-12.5));
#11622=CARTESIAN_POINT('Origin',(17.2,29.2,-12.5));
#11623=CARTESIAN_POINT('Origin',(-14.8,30.7,-12.5));
#11624=CARTESIAN_POINT('',(-11.8,30.7,-12.5));
#11625=CARTESIAN_POINT('Origin',(-14.8,30.7,-12.5));
#11626=CARTESIAN_POINT('',(-11.8,29.2,-12.5));
#11627=CARTESIAN_POINT('',(-11.8,30.7,-12.5));
#11628=CARTESIAN_POINT('Origin',(-14.8,29.2,-12.5));
#11629=CARTESIAN_POINT('Origin',(-14.8,29.2,-12.5));
#11630=CARTESIAN_POINT('',(-12.3,29.2,-12.5));
#11631=CARTESIAN_POINT('Origin',(-14.8,29.2,-12.5));
#11632=CARTESIAN_POINT('Origin',(1.20000000000001,30.7,-20.5));
#11633=CARTESIAN_POINT('',(-1.79999999999999,30.7,-20.5));
#11634=CARTESIAN_POINT('Origin',(1.20000000000001,30.7,-20.5));
#11635=CARTESIAN_POINT('',(-1.79999999999999,29.2,-20.5));
#11636=CARTESIAN_POINT('Origin',(1.20000000000001,29.2,-20.5));
#11637=CARTESIAN_POINT('',(-1.79999999999999,30.7,-20.5));
#11638=CARTESIAN_POINT('Origin',(1.20000000000001,29.2,-19.));
#11639=CARTESIAN_POINT('',(2.95000000000001,29.2,-20.5));
#11640=CARTESIAN_POINT('Origin',(33.2,30.7,-20.5));
#11641=CARTESIAN_POINT('',(30.2,30.7,-20.5));
#11642=CARTESIAN_POINT('Origin',(33.2,30.7,-20.5));
#11643=CARTESIAN_POINT('',(30.2,29.2,-20.5));
#11644=CARTESIAN_POINT('Origin',(33.2,29.2,-20.5));
#11645=CARTESIAN_POINT('',(30.2,30.7,-20.5));
#11646=CARTESIAN_POINT('Origin',(33.2,29.2,-19.));
#11647=CARTESIAN_POINT('',(18.95,29.2,-20.5));
#11648=CARTESIAN_POINT('Origin',(9.20000000000001,30.7,-20.5));
#11649=CARTESIAN_POINT('Origin',(9.20000000000001,30.7,-20.5));
#11650=CARTESIAN_POINT('Origin',(9.20000000000001,29.2,-20.5));
#11651=CARTESIAN_POINT('Origin',(9.20000000000001,29.2,-19.));
#11652=CARTESIAN_POINT('Origin',(-22.8,30.7,-20.5));
#11653=CARTESIAN_POINT('Origin',(-22.8,30.7,-20.5));
#11654=CARTESIAN_POINT('Origin',(-22.8,29.2,-20.5));
#11655=CARTESIAN_POINT('Origin',(-22.8,29.2,-19.));
#11656=CARTESIAN_POINT('Origin',(33.2,30.7,-12.5));
#11657=CARTESIAN_POINT('',(36.2,30.7,-12.5));
#11658=CARTESIAN_POINT('Origin',(33.2,30.7,-12.5));
#11659=CARTESIAN_POINT('',(36.2,29.2,-12.5));
#11660=CARTESIAN_POINT('',(36.2,30.7,-12.5));
#11661=CARTESIAN_POINT('Origin',(33.2,29.2,-12.5));
#11662=CARTESIAN_POINT('Origin',(33.2,29.2,-12.5));
#11663=CARTESIAN_POINT('',(35.7,29.2,-12.5));
#11664=CARTESIAN_POINT('Origin',(33.2,29.2,-12.5));
#11665=CARTESIAN_POINT('Origin',(4.70000000000001,14.7,-20.5));
#11666=CARTESIAN_POINT('',(-34.8,30.7,-20.5));
#11667=CARTESIAN_POINT('',(34.,22.7,-20.5));
#11668=CARTESIAN_POINT('Origin',(4.70000000000001,14.7,-20.5));
#11669=CARTESIAN_POINT('',(-34.8,30.7,-20.5));
#11670=CARTESIAN_POINT('',(34.,22.7,-20.5));
#11671=CARTESIAN_POINT('Origin',(-34.8,30.7,-10.));
#11672=CARTESIAN_POINT('',(-34.8,30.7,-20.5));
#11673=CARTESIAN_POINT('',(-34.8,30.7,-20.5));
#11674=CARTESIAN_POINT('Origin',(17.2,21.7,-12.5));
#11675=CARTESIAN_POINT('Origin',(17.2,30.7,-12.5));
#11676=CARTESIAN_POINT('',(19.7,30.7,-12.5));
#11677=CARTESIAN_POINT('Origin',(1.20000000000001,21.7,-12.5));
#11678=CARTESIAN_POINT('Origin',(1.20000000000001,30.7,-12.5));
#11679=CARTESIAN_POINT('',(3.70000000000001,30.7,-12.5));
#11680=CARTESIAN_POINT('Origin',(33.2,21.7,-12.5));
#11681=CARTESIAN_POINT('Origin',(33.2,30.7,-12.5));
#11682=CARTESIAN_POINT('',(35.7,30.7,-12.5));
#11683=CARTESIAN_POINT('Origin',(-14.8,21.7,-12.5));
#11684=CARTESIAN_POINT('Origin',(-14.8,30.7,-12.5));
#11685=CARTESIAN_POINT('',(-12.3,30.7,-12.5));
#11686=CARTESIAN_POINT('Origin',(4.70000000000001,14.7,-20.5));
#11687=CARTESIAN_POINT('',(34.,22.7,-20.5));
#11688=CARTESIAN_POINT('Origin',(4.70000000000001,14.7,-20.5));
#11689=CARTESIAN_POINT('',(34.,22.7,-20.5));
#11690=CARTESIAN_POINT('Origin',(34.,19.5,-10.));
#11691=CARTESIAN_POINT('',(37.2,19.5,-10.));
#11692=CARTESIAN_POINT('',(34.,22.7,-10.));
#11693=CARTESIAN_POINT('Origin',(37.2,19.5,-10.));
#11694=CARTESIAN_POINT('',(37.2,3.,-10.));
#11695=CARTESIAN_POINT('Origin',(34.,3.,-10.));
#11696=CARTESIAN_POINT('',(34.,-0.200000000000001,-10.));
#11697=CARTESIAN_POINT('Origin',(9.2,26.7,-15.));
#11698=CARTESIAN_POINT('',(6.2,26.7,-15.));
#11699=CARTESIAN_POINT('Origin',(9.2,26.7,-15.));
#11700=CARTESIAN_POINT('',(6.2,26.7,-17.));
#11701=CARTESIAN_POINT('',(6.2,26.7,-15.));
#11702=CARTESIAN_POINT('Origin',(9.2,26.7,-17.));
#11703=CARTESIAN_POINT('Origin',(9.2,26.7,-17.));
#11704=CARTESIAN_POINT('Origin',(9.2,26.7,-15.));
#11705=CARTESIAN_POINT('',(6.7,26.7,-15.));
#11706=CARTESIAN_POINT('Origin',(9.2,26.7,-15.));
#11707=CARTESIAN_POINT('Origin',(25.2,26.7,-15.));
#11708=CARTESIAN_POINT('',(22.2,26.7,-15.));
#11709=CARTESIAN_POINT('Origin',(25.2,26.7,-15.));
#11710=CARTESIAN_POINT('',(22.2,26.7,-17.));
#11711=CARTESIAN_POINT('',(22.2,26.7,-15.));
#11712=CARTESIAN_POINT('Origin',(25.2,26.7,-17.));
#11713=CARTESIAN_POINT('Origin',(25.2,26.7,-17.));
#11714=CARTESIAN_POINT('Origin',(25.2,26.7,-15.));
#11715=CARTESIAN_POINT('',(22.7,26.7,-15.));
#11716=CARTESIAN_POINT('Origin',(25.2,26.7,-15.));
#11717=CARTESIAN_POINT('Origin',(-6.80000000000001,26.7,-15.));
#11718=CARTESIAN_POINT('',(-9.8,26.7,-15.));
#11719=CARTESIAN_POINT('Origin',(-6.80000000000001,26.7,-15.));
#11720=CARTESIAN_POINT('',(-9.8,26.7,-17.));
#11721=CARTESIAN_POINT('',(-9.8,26.7,-15.));
#11722=CARTESIAN_POINT('Origin',(-6.80000000000001,26.7,-17.));
#11723=CARTESIAN_POINT('Origin',(-6.80000000000001,26.7,-17.));
#11724=CARTESIAN_POINT('Origin',(-6.80000000000001,26.7,-15.));
#11725=CARTESIAN_POINT('',(-9.30000000000001,26.7,-15.));
#11726=CARTESIAN_POINT('Origin',(-6.80000000000001,26.7,-15.));
#11727=CARTESIAN_POINT('Origin',(41.2,26.7,-15.));
#11728=CARTESIAN_POINT('',(38.2,26.7,-15.));
#11729=CARTESIAN_POINT('Origin',(41.2,26.7,-15.));
#11730=CARTESIAN_POINT('',(38.2,26.7,-17.));
#11731=CARTESIAN_POINT('',(38.2,26.7,-15.));
#11732=CARTESIAN_POINT('Origin',(41.2,26.7,-17.));
#11733=CARTESIAN_POINT('Origin',(41.2,26.7,-17.));
#11734=CARTESIAN_POINT('Origin',(41.2,26.7,-15.));
#11735=CARTESIAN_POINT('',(38.7,26.7,-15.));
#11736=CARTESIAN_POINT('Origin',(41.2,26.7,-15.));
#11737=CARTESIAN_POINT('Origin',(-22.8,26.7,-15.));
#11738=CARTESIAN_POINT('',(-25.8,26.7,-15.));
#11739=CARTESIAN_POINT('Origin',(-22.8,26.7,-15.));
#11740=CARTESIAN_POINT('',(-25.8,26.7,-17.));
#11741=CARTESIAN_POINT('',(-25.8,26.7,-15.));
#11742=CARTESIAN_POINT('Origin',(-22.8,26.7,-17.));
#11743=CARTESIAN_POINT('Origin',(-22.8,26.7,-17.));
#11744=CARTESIAN_POINT('Origin',(-22.8,26.7,-15.));
#11745=CARTESIAN_POINT('',(-25.3,26.7,-15.));
#11746=CARTESIAN_POINT('Origin',(-22.8,26.7,-15.));
#11747=CARTESIAN_POINT('Origin',(9.2,26.7,-10.));
#11748=CARTESIAN_POINT('',(6.7,26.7,-10.));
#11749=CARTESIAN_POINT('',(6.7,26.7,-10.));
#11750=CARTESIAN_POINT('Origin',(9.2,26.7,-10.));
#11751=CARTESIAN_POINT('Origin',(25.2,26.7,-10.));
#11752=CARTESIAN_POINT('',(22.7,26.7,-10.));
#11753=CARTESIAN_POINT('',(22.7,26.7,-10.));
#11754=CARTESIAN_POINT('Origin',(25.2,26.7,-10.));
#11755=CARTESIAN_POINT('Origin',(-6.80000000000001,26.7,-10.));
#11756=CARTESIAN_POINT('',(-9.30000000000001,26.7,-10.));
#11757=CARTESIAN_POINT('',(-9.30000000000001,26.7,-10.));
#11758=CARTESIAN_POINT('Origin',(-6.80000000000001,26.7,-10.));
#11759=CARTESIAN_POINT('Origin',(41.2,26.7,-10.));
#11760=CARTESIAN_POINT('',(38.7,26.7,-10.));
#11761=CARTESIAN_POINT('',(38.7,26.7,-10.));
#11762=CARTESIAN_POINT('Origin',(41.2,26.7,-10.));
#11763=CARTESIAN_POINT('Origin',(-22.8,26.7,-10.));
#11764=CARTESIAN_POINT('',(-25.3,26.7,-10.));
#11765=CARTESIAN_POINT('',(-25.3,26.7,-10.));
#11766=CARTESIAN_POINT('Origin',(-22.8,26.7,-10.));
#11767=CARTESIAN_POINT('Origin',(5.5,2.4,-10.));
#11768=CARTESIAN_POINT('',(4.5,2.4,-15.));
#11769=CARTESIAN_POINT('Origin',(5.5,2.4,-15.));
#11770=CARTESIAN_POINT('',(4.5,2.4,-10.));
#11771=CARTESIAN_POINT('Origin',(5.5,2.4,-15.));
#11772=CARTESIAN_POINT('Origin',(5.5,20.1,-10.));
#11773=CARTESIAN_POINT('',(4.5,20.1,-15.));
#11774=CARTESIAN_POINT('Origin',(5.5,20.1,-15.));
#11775=CARTESIAN_POINT('',(4.5,20.1,-10.));
#11776=CARTESIAN_POINT('Origin',(5.5,20.1,-15.));
#11777=CARTESIAN_POINT('Origin',(4.70000000000001,14.7,-10.));
#11778=CARTESIAN_POINT('',(-9.8,26.7,-10.));
#11779=CARTESIAN_POINT('Origin',(-6.80000000000001,26.7,-10.));
#11780=CARTESIAN_POINT('Origin',(4.70000000000001,14.7,-10.));
#11781=CARTESIAN_POINT('',(6.2,26.7,-10.));
#11782=CARTESIAN_POINT('Origin',(9.2,26.7,-10.));
#11783=CARTESIAN_POINT('Origin',(4.70000000000001,14.7,-10.));
#11784=CARTESIAN_POINT('',(38.2,26.7,-10.));
#11785=CARTESIAN_POINT('Origin',(41.2,26.7,-10.));
#11786=CARTESIAN_POINT('Origin',(4.70000000000001,14.7,-10.));
#11787=CARTESIAN_POINT('',(22.2,26.7,-10.));
#11788=CARTESIAN_POINT('Origin',(25.2,26.7,-10.));
#11789=CARTESIAN_POINT('Origin',(4.70000000000001,14.7,-10.));
#11790=CARTESIAN_POINT('',(-25.8,26.7,-10.));
#11791=CARTESIAN_POINT('Origin',(-22.8,26.7,-10.));
#11792=CARTESIAN_POINT('Origin',(-30.2,22.7,-10.));
#11793=CARTESIAN_POINT('Origin',(34.,-0.200000000000001,-10.));
#11794=CARTESIAN_POINT('Origin',(-22.8,26.7,-10.));
#11795=CARTESIAN_POINT('',(-25.8,26.7,-10.));
#11796=CARTESIAN_POINT('Origin',(25.2,26.7,-10.));
#11797=CARTESIAN_POINT('',(22.2,26.7,-10.));
#11798=CARTESIAN_POINT('Origin',(-20.,10.,-10.));
#11799=CARTESIAN_POINT('',(-20.,5.,-10.));
#11800=CARTESIAN_POINT('',(-25.,10.,-10.));
#11801=CARTESIAN_POINT('Origin',(-25.,12.5,-10.));
#11802=CARTESIAN_POINT('',(-25.,12.5,-10.));
#11803=CARTESIAN_POINT('Origin',(-20.,12.5,-10.));
#11804=CARTESIAN_POINT('',(-20.,17.5,-10.));
#11805=CARTESIAN_POINT('Origin',(27.,17.5,-10.));
#11806=CARTESIAN_POINT('',(27.,17.5,-10.));
#11807=CARTESIAN_POINT('Origin',(27.,12.5,-10.));
#11808=CARTESIAN_POINT('',(32.,12.5,-10.));
#11809=CARTESIAN_POINT('Origin',(32.,10.,-10.));
#11810=CARTESIAN_POINT('',(32.,10.,-10.));
#11811=CARTESIAN_POINT('Origin',(27.,10.,-10.));
#11812=CARTESIAN_POINT('',(27.,5.,-10.));
#11813=CARTESIAN_POINT('Origin',(-20.,5.,-10.));
#11814=CARTESIAN_POINT('Origin',(41.2,26.7,-10.));
#11815=CARTESIAN_POINT('',(38.2,26.7,-10.));
#11816=CARTESIAN_POINT('Origin',(9.2,26.7,-10.));
#11817=CARTESIAN_POINT('',(6.2,26.7,-10.));
#11818=CARTESIAN_POINT('Origin',(-6.80000000000001,26.7,-10.));
#11819=CARTESIAN_POINT('',(-9.8,26.7,-10.));
#11820=CARTESIAN_POINT('Origin',(-34.8,-1.3,-10.));
#11821=CARTESIAN_POINT('',(-34.8,-1.3,-10.));
#11822=CARTESIAN_POINT('Origin',(45.2,-1.3,-10.));
#11823=CARTESIAN_POINT('Origin',(-32.8,16.7,-10.));
#11824=CARTESIAN_POINT('',(-34.8,14.4639320225002,-10.));
#11825=CARTESIAN_POINT('Origin',(-34.8,8.03606797749979,-10.));
#11826=UNCERTAINTY_MEASURE_WITH_UNIT(LENGTH_MEASURE(0.01),#11830,
'DISTANCE_ACCURACY_VALUE',
'Maximum model space distance between geometric entities at asserted c
onnectivities');
#11827=UNCERTAINTY_MEASURE_WITH_UNIT(LENGTH_MEASURE(0.01),#11830,
'DISTANCE_ACCURACY_VALUE',
'Maximum model space distance between geometric entities at asserted c
onnectivities');
#11828=(
GEOMETRIC_REPRESENTATION_CONTEXT(3)
GLOBAL_UNCERTAINTY_ASSIGNED_CONTEXT((#11826))
GLOBAL_UNIT_ASSIGNED_CONTEXT((#11830,#11832,#11833))
REPRESENTATION_CONTEXT('','3D')
);
#11829=(
GEOMETRIC_REPRESENTATION_CONTEXT(3)
GLOBAL_UNCERTAINTY_ASSIGNED_CONTEXT((#11827))
GLOBAL_UNIT_ASSIGNED_CONTEXT((#11830,#11832,#11833))
REPRESENTATION_CONTEXT('','3D')
);
#11830=(
LENGTH_UNIT()
NAMED_UNIT(*)
SI_UNIT(.MILLI.,.METRE.)
);
#11831=(
LENGTH_UNIT()
NAMED_UNIT(*)
SI_UNIT($,.METRE.)
);
#11832=(
NAMED_UNIT(*)
PLANE_ANGLE_UNIT()
SI_UNIT($,.RADIAN.)
);
#11833=(
NAMED_UNIT(*)
SI_UNIT($,.STERADIAN.)
SOLID_ANGLE_UNIT()
);
#11834=SHAPE_DEFINITION_REPRESENTATION(#11835,#11836);
#11835=PRODUCT_DEFINITION_SHAPE('',$,#11838);
#11836=SHAPE_REPRESENTATION('',(#6790),#11828);
#11837=PRODUCT_DEFINITION_CONTEXT('part definition',#11842,'design');
#11838=PRODUCT_DEFINITION('motor_DC','motor_DC v3',#11839,#11837);
#11839=PRODUCT_DEFINITION_FORMATION('',$,#11844);
#11840=PRODUCT_RELATED_PRODUCT_CATEGORY('motor_DC v3','motor_DC v3',(#11844));
#11841=APPLICATION_PROTOCOL_DEFINITION('international standard',
'automotive_design',2009,#11842);
#11842=APPLICATION_CONTEXT(
'Core Data for Automotive Mechanical Design Process');
#11843=PRODUCT_CONTEXT('part definition',#11842,'mechanical');
#11844=PRODUCT('motor_DC','motor_DC v3',$,(#11843));
#11845=PRESENTATION_STYLE_ASSIGNMENT((#11846));
#11846=SURFACE_STYLE_USAGE(.BOTH.,#11847);
#11847=SURFACE_SIDE_STYLE('',(#11848));
#11848=SURFACE_STYLE_FILL_AREA(#11849);
#11849=FILL_AREA_STYLE('Steel - Satin',(#11850));
#11850=FILL_AREA_STYLE_COLOUR('Steel - Satin',#11851);
#11851=COLOUR_RGB('Steel - Satin',0.627450980392157,0.627450980392157,0.627450980392157);
ENDSEC;
END-ISO-10303-21;
