ISO-10303-21;
HEADER;
/* Generated by software containing ST-Developer
 * from STEP Tools, Inc. (www.steptools.com) 
 */

FILE_DESCRIPTION(
/* description */ (''),
/* implementation_level */ '2;1');

FILE_NAME(
/* name */ 'motor_krok_driver.step',
/* time_stamp */ '2024-11-18T08:32:36+01:00',
/* author */ (''),
/* organization */ (''),
/* preprocessor_version */ 'ST-DEVELOPER v20',
/* originating_system */ 'Autodesk Translation Framework v13.20.0.188',

/* authorisation */ '');

FILE_SCHEMA (('AUTOMOTIVE_DESIGN { 1 0 10303 214 3 1 1 }'));
ENDSEC;

DATA;
#10=MECHANICAL_DESIGN_GEOMETRIC_PRESENTATION_REPRESENTATION('',(#13),#5765);
#11=SHAPE_REPRESENTATION_RELATIONSHIP('SRR','None',#5772,#12);
#12=ADVANCED_BREP_SHAPE_REPRESENTATION('',(#14),#5764);
#13=STYLED_ITEM('',(#5781),#14);
#14=MANIFOLD_SOLID_BREP('Body1',#3133);
#15=FACE_BOUND('',#379,.T.);
#16=FACE_BOUND('',#385,.T.);
#17=FACE_BOUND('',#387,.T.);
#18=FACE_BOUND('',#394,.T.);
#19=FACE_BOUND('',#397,.T.);
#20=FACE_BOUND('',#399,.T.);
#21=FACE_BOUND('',#402,.T.);
#22=FACE_BOUND('',#404,.T.);
#23=FACE_BOUND('',#406,.T.);
#24=FACE_BOUND('',#408,.T.);
#25=FACE_BOUND('',#415,.T.);
#26=FACE_BOUND('',#417,.T.);
#27=FACE_BOUND('',#428,.T.);
#28=FACE_BOUND('',#470,.T.);
#29=FACE_BOUND('',#471,.T.);
#30=FACE_BOUND('',#472,.T.);
#31=FACE_BOUND('',#473,.T.);
#32=FACE_BOUND('',#474,.T.);
#33=FACE_BOUND('',#479,.T.);
#34=FACE_BOUND('',#484,.T.);
#35=FACE_BOUND('',#487,.T.);
#36=FACE_BOUND('',#489,.T.);
#37=FACE_BOUND('',#492,.T.);
#38=FACE_BOUND('',#494,.T.);
#39=FACE_BOUND('',#502,.T.);
#40=FACE_BOUND('',#505,.T.);
#41=FACE_BOUND('',#507,.T.);
#42=FACE_BOUND('',#510,.T.);
#43=FACE_BOUND('',#512,.T.);
#44=FACE_BOUND('',#514,.T.);
#45=FACE_BOUND('',#516,.T.);
#46=FACE_BOUND('',#523,.T.);
#47=FACE_BOUND('',#525,.T.);
#48=FACE_BOUND('',#538,.T.);
#49=FACE_BOUND('',#539,.T.);
#50=FACE_BOUND('',#541,.T.);
#51=B_SPLINE_CURVE_WITH_KNOTS('',3,(#4798,#4799,#4800,#4801,#4802,#4803,
#4804,#4805),.UNSPECIFIED.,.F.,.F.,(4,2,2,4),(1.29762170205375,1.31762049927643,
1.44350091306918,1.53779007575711),.UNSPECIFIED.);
#52=B_SPLINE_CURVE_WITH_KNOTS('',3,(#4809,#4810,#4811,#4812,#4813,#4814,
#4815,#4816,#4817,#4818,#4819,#4820,#4821,#4822),.UNSPECIFIED.,.F.,.F.,
(4,2,2,2,2,2,4),(0.690759866699952,0.793546940503475,0.905209225773473,
1.01687151104347,1.12853379631347,1.24019608158347,1.34298315538699),
 .UNSPECIFIED.);
#53=B_SPLINE_CURVE_WITH_KNOTS('',3,(#4830,#4831,#4832,#4833,#4834,#4835,
#4836,#4837,#4838,#4839,#4840,#4841,#4842,#4843),.UNSPECIFIED.,.F.,.F.,
(4,2,2,2,2,2,4),(0.,0.11166228537718,0.22332457075436,0.353727302861723,
0.484130034969087,0.634808692091192,0.703810586300286),.UNSPECIFIED.);
#54=B_SPLINE_CURVE_WITH_KNOTS('',3,(#4845,#4846,#4847,#4848,#4849,#4850,
#4851,#4852,#4853,#4854,#4855,#4856,#4857,#4858),.UNSPECIFIED.,.F.,.F.,
(4,2,2,2,2,2,4),(-0.703810586300286,-0.634808692091192,-0.484130034969087,
-0.353727302861723,-0.22332457075436,-0.11166228537718,0.),
 .UNSPECIFIED.);
#55=B_SPLINE_CURVE_WITH_KNOTS('',3,(#4861,#4862,#4863,#4864,#4865,#4866,
#4867,#4868,#4869,#4870,#4871,#4872,#4873,#4874,#4875,#4876,#4877,#4878,
#4879,#4880,#4881,#4882,#4883,#4884,#4885,#4886,#4887,#4888,#4889,#4890,
#4891,#4892,#4893,#4894),.UNSPECIFIED.,.T.,.F.,(4,2,2,2,2,2,2,2,2,2,2,2,
2,2,2,2,4),(0.,0.0943846173868729,0.188769234773746,0.283150715108179,0.377532195442612,
0.471913675667809,0.566295155893006,0.660679773267466,0.755064390641926,
0.849449008016386,0.943833625390846,1.03821510561604,1.13259658584124,1.22697806617567,
1.32135954651011,1.41574416389698,1.51012878128385),.UNSPECIFIED.);
#56=B_SPLINE_CURVE_WITH_KNOTS('',3,(#4896,#4897,#4898,#4899,#4900,#4901,
#4902,#4903,#4904,#4905,#4906,#4907,#4908,#4909,#4910,#4911,#4912,#4913),
 .UNSPECIFIED.,.F.,.F.,(4,2,2,2,2,2,2,2,4),(1.7825375014378,1.80195666535587,
1.86878555255143,1.97105205877388,2.07331856499633,2.17558507121877,2.27785157744122,
2.34468046463679,2.36409962855486),.UNSPECIFIED.);
#57=B_SPLINE_CURVE_WITH_KNOTS('',3,(#4919,#4920,#4921,#4922,#4923,#4924),
 .UNSPECIFIED.,.F.,.F.,(4,2,4),(2.83436131436246,2.91975006802094,2.92703762074404),
 .UNSPECIFIED.);
#58=B_SPLINE_CURVE_WITH_KNOTS('',3,(#4926,#4927,#4928,#4929,#4930,#4931),
 .UNSPECIFIED.,.F.,.F.,(4,2,4),(2.74168500798087,2.74897256070397,2.83436131436246),
 .UNSPECIFIED.);
#59=B_SPLINE_CURVE_WITH_KNOTS('',3,(#4941,#4942,#4943,#4944,#4945,#4946,
#4947,#4948,#4949,#4950),.UNSPECIFIED.,.F.,.F.,(4,2,2,2,4),(0.407810318130445,
0.483468159377446,0.559126000624447,0.636070213584211,0.713014426543976),
 .UNSPECIFIED.);
#60=B_SPLINE_CURVE_WITH_KNOTS('',3,(#4970,#4971,#4972,#4973,#4974,#4975,
#4976,#4977,#4978,#4979),.UNSPECIFIED.,.F.,.F.,(4,2,2,2,4),(0.713014426543976,
0.789958639503741,0.866902852463506,0.942560693710507,1.01821853495751),
 .UNSPECIFIED.);
#61=B_SPLINE_CURVE_WITH_KNOTS('',3,(#5006,#5007,#5008,#5009,#5010,#5011,
#5012,#5013),.UNSPECIFIED.,.F.,.F.,(4,2,2,4),(0.362796643870523,0.457085806558449,
0.582966220351201,0.602965017573878),.UNSPECIFIED.);
#62=B_SPLINE_CURVE_WITH_KNOTS('',3,(#5392,#5393,#5394,#5395,#5396,#5397,
#5398,#5399),.UNSPECIFIED.,.F.,.F.,(4,2,2,4),(1.29762170205375,1.31762049927643,
1.44350091306918,1.53779007575711),.UNSPECIFIED.);
#63=B_SPLINE_CURVE_WITH_KNOTS('',3,(#5404,#5405,#5406,#5407,#5408,#5409,
#5410,#5411,#5412,#5413,#5414,#5415,#5416,#5417),.UNSPECIFIED.,.F.,.F.,
(4,2,2,2,2,2,4),(-0.703810586300286,-0.634808692091192,-0.484130034969087,
-0.353727302861723,-0.22332457075436,-0.11166228537718,0.),
 .UNSPECIFIED.);
#64=B_SPLINE_CURVE_WITH_KNOTS('',3,(#5419,#5420,#5421,#5422,#5423,#5424,
#5425,#5426,#5427,#5428,#5429,#5430,#5431,#5432),.UNSPECIFIED.,.F.,.F.,
(4,2,2,2,2,2,4),(0.,0.11166228537718,0.22332457075436,0.353727302861723,
0.484130034969087,0.634808692091192,0.703810586300286),.UNSPECIFIED.);
#65=B_SPLINE_CURVE_WITH_KNOTS('',3,(#5439,#5440,#5441,#5442,#5443,#5444,
#5445,#5446,#5447,#5448,#5449,#5450,#5451,#5452),.UNSPECIFIED.,.F.,.F.,
(4,2,2,2,2,2,4),(0.690759866699952,0.793546940503475,0.905209225773473,
1.01687151104347,1.12853379631347,1.24019608158347,1.34298315538699),
 .UNSPECIFIED.);
#66=B_SPLINE_CURVE_WITH_KNOTS('',3,(#5454,#5455,#5456,#5457,#5458,#5459,
#5460,#5461,#5462,#5463,#5464,#5465,#5466,#5467,#5468,#5469,#5470,#5471,
#5472,#5473,#5474,#5475,#5476,#5477,#5478,#5479,#5480,#5481,#5482,#5483,
#5484,#5485,#5486,#5487),.UNSPECIFIED.,.T.,.F.,(4,2,2,2,2,2,2,2,2,2,2,2,
2,2,2,2,4),(0.,0.0943846173868729,0.188769234773746,0.283150715108179,0.377532195442612,
0.471913675667809,0.566295155893006,0.660679773267466,0.755064390641926,
0.849449008016386,0.943833625390846,1.03821510561604,1.13259658584124,1.22697806617567,
1.32135954651011,1.41574416389698,1.51012878128385),.UNSPECIFIED.);
#67=B_SPLINE_CURVE_WITH_KNOTS('',3,(#5492,#5493,#5494,#5495,#5496,#5497),
 .UNSPECIFIED.,.F.,.F.,(4,2,4),(2.74168500798087,2.74897256070397,2.83436131436246),
 .UNSPECIFIED.);
#68=B_SPLINE_CURVE_WITH_KNOTS('',3,(#5499,#5500,#5501,#5502,#5503,#5504),
 .UNSPECIFIED.,.F.,.F.,(4,2,4),(2.83436131436246,2.91975006802094,2.92703762074404),
 .UNSPECIFIED.);
#69=B_SPLINE_CURVE_WITH_KNOTS('',3,(#5508,#5509,#5510,#5511,#5512,#5513,
#5514,#5515,#5516,#5517,#5518,#5519,#5520,#5521,#5522,#5523,#5524,#5525),
 .UNSPECIFIED.,.F.,.F.,(4,2,2,2,2,2,2,2,4),(1.7825375014378,1.80195666535587,
1.86878555255143,1.97105205877388,2.07331856499633,2.17558507121877,2.27785157744122,
2.34468046463679,2.36409962855486),.UNSPECIFIED.);
#70=B_SPLINE_CURVE_WITH_KNOTS('',3,(#5535,#5536,#5537,#5538,#5539,#5540,
#5541,#5542,#5543,#5544),.UNSPECIFIED.,.F.,.F.,(4,2,2,2,4),(0.407810318130445,
0.483468159377446,0.559126000624447,0.636070213584211,0.713014426543976),
 .UNSPECIFIED.);
#71=B_SPLINE_CURVE_WITH_KNOTS('',3,(#5578,#5579,#5580,#5581,#5582,#5583,
#5584,#5585,#5586,#5587),.UNSPECIFIED.,.F.,.F.,(4,2,2,2,4),(0.713014426543976,
0.789958639503741,0.866902852463506,0.942560693710507,1.01821853495751),
 .UNSPECIFIED.);
#72=B_SPLINE_CURVE_WITH_KNOTS('',3,(#5615,#5616,#5617,#5618,#5619,#5620,
#5621,#5622),.UNSPECIFIED.,.F.,.F.,(4,2,2,4),(0.362796643870523,0.457085806558449,
0.582966220351201,0.602965017573878),.UNSPECIFIED.);
#73=ELLIPSE('',#3225,0.707106781186548,0.5);
#74=ELLIPSE('',#3264,4.24264068711929,3.);
#75=ELLIPSE('',#3266,4.24264068711929,3.);
#76=ELLIPSE('',#3420,0.707106781186548,0.5);
#77=ELLIPSE('',#3475,4.24264068711929,3.);
#78=ELLIPSE('',#3476,4.24264068711929,3.);
#79=SPHERICAL_SURFACE('',#3210,0.5);
#80=SPHERICAL_SURFACE('',#3406,0.5);
#81=TOROIDAL_SURFACE('',#3165,3.5,0.5);
#82=TOROIDAL_SURFACE('',#3175,3.5,0.5);
#83=TOROIDAL_SURFACE('',#3190,3.5,0.5);
#84=TOROIDAL_SURFACE('',#3196,3.5,0.5);
#85=TOROIDAL_SURFACE('',#3202,3.5,0.5);
#86=TOROIDAL_SURFACE('',#3218,3.5,0.5);
#87=TOROIDAL_SURFACE('',#3226,2.5,0.5);
#88=TOROIDAL_SURFACE('',#3233,4.5,0.5);
#89=TOROIDAL_SURFACE('',#3237,14.7126706153372,0.5);
#90=TOROIDAL_SURFACE('',#3241,4.5,0.5);
#91=TOROIDAL_SURFACE('',#3346,3.5,0.5);
#92=TOROIDAL_SURFACE('',#3353,3.5,0.5);
#93=TOROIDAL_SURFACE('',#3371,3.5,0.5);
#94=TOROIDAL_SURFACE('',#3386,3.5,0.5);
#95=TOROIDAL_SURFACE('',#3392,3.5,0.5);
#96=TOROIDAL_SURFACE('',#3398,3.5,0.5);
#97=TOROIDAL_SURFACE('',#3414,3.5,0.5);
#98=TOROIDAL_SURFACE('',#3423,2.5,0.5);
#99=TOROIDAL_SURFACE('',#3428,4.5,0.5);
#100=TOROIDAL_SURFACE('',#3431,14.7126706153372,0.5);
#101=TOROIDAL_SURFACE('',#3434,4.5,0.5);
#102=PLANE('',#3151);
#103=PLANE('',#3152);
#104=PLANE('',#3161);
#105=PLANE('',#3162);
#106=PLANE('',#3164);
#107=PLANE('',#3181);
#108=PLANE('',#3207);
#109=PLANE('',#3246);
#110=PLANE('',#3254);
#111=PLANE('',#3260);
#112=PLANE('',#3261);
#113=PLANE('',#3270);
#114=PLANE('',#3275);
#115=PLANE('',#3279);
#116=PLANE('',#3281);
#117=PLANE('',#3285);
#118=PLANE('',#3287);
#119=PLANE('',#3289);
#120=PLANE('',#3291);
#121=PLANE('',#3300);
#122=PLANE('',#3301);
#123=PLANE('',#3307);
#124=PLANE('',#3308);
#125=PLANE('',#3309);
#126=PLANE('',#3310);
#127=PLANE('',#3311);
#128=PLANE('',#3312);
#129=PLANE('',#3313);
#130=PLANE('',#3314);
#131=PLANE('',#3315);
#132=PLANE('',#3333);
#133=PLANE('',#3358);
#134=PLANE('',#3361);
#135=PLANE('',#3377);
#136=PLANE('',#3403);
#137=PLANE('',#3438);
#138=PLANE('',#3447);
#139=PLANE('',#3448);
#140=PLANE('',#3456);
#141=PLANE('',#3459);
#142=PLANE('',#3465);
#143=PLANE('',#3466);
#144=PLANE('',#3471);
#145=PLANE('',#3472);
#146=PLANE('',#3481);
#147=PLANE('',#3486);
#148=PLANE('',#3490);
#149=PLANE('',#3492);
#150=PLANE('',#3496);
#151=PLANE('',#3498);
#152=PLANE('',#3500);
#153=PLANE('',#3502);
#154=PLANE('',#3511);
#155=PLANE('',#3512);
#156=PLANE('',#3518);
#157=PLANE('',#3522);
#158=PLANE('',#3523);
#159=PLANE('',#3524);
#160=PLANE('',#3525);
#161=PLANE('',#3526);
#162=PLANE('',#3527);
#163=PLANE('',#3528);
#164=PLANE('',#3529);
#165=PLANE('',#3530);
#166=PLANE('',#3531);
#167=PLANE('',#3535);
#168=PLANE('',#3542);
#169=PLANE('',#3546);
#170=PLANE('',#3549);
#171=FACE_OUTER_BOUND('',#344,.T.);
#172=FACE_OUTER_BOUND('',#345,.T.);
#173=FACE_OUTER_BOUND('',#346,.T.);
#174=FACE_OUTER_BOUND('',#347,.T.);
#175=FACE_OUTER_BOUND('',#348,.T.);
#176=FACE_OUTER_BOUND('',#349,.T.);
#177=FACE_OUTER_BOUND('',#350,.T.);
#178=FACE_OUTER_BOUND('',#351,.T.);
#179=FACE_OUTER_BOUND('',#352,.T.);
#180=FACE_OUTER_BOUND('',#353,.T.);
#181=FACE_OUTER_BOUND('',#354,.T.);
#182=FACE_OUTER_BOUND('',#355,.T.);
#183=FACE_OUTER_BOUND('',#356,.T.);
#184=FACE_OUTER_BOUND('',#357,.T.);
#185=FACE_OUTER_BOUND('',#358,.T.);
#186=FACE_OUTER_BOUND('',#359,.T.);
#187=FACE_OUTER_BOUND('',#360,.T.);
#188=FACE_OUTER_BOUND('',#361,.T.);
#189=FACE_OUTER_BOUND('',#362,.T.);
#190=FACE_OUTER_BOUND('',#363,.T.);
#191=FACE_OUTER_BOUND('',#364,.T.);
#192=FACE_OUTER_BOUND('',#365,.T.);
#193=FACE_OUTER_BOUND('',#366,.T.);
#194=FACE_OUTER_BOUND('',#367,.T.);
#195=FACE_OUTER_BOUND('',#368,.T.);
#196=FACE_OUTER_BOUND('',#369,.T.);
#197=FACE_OUTER_BOUND('',#370,.T.);
#198=FACE_OUTER_BOUND('',#371,.T.);
#199=FACE_OUTER_BOUND('',#372,.T.);
#200=FACE_OUTER_BOUND('',#373,.T.);
#201=FACE_OUTER_BOUND('',#374,.T.);
#202=FACE_OUTER_BOUND('',#375,.T.);
#203=FACE_OUTER_BOUND('',#376,.T.);
#204=FACE_OUTER_BOUND('',#377,.T.);
#205=FACE_OUTER_BOUND('',#378,.T.);
#206=FACE_OUTER_BOUND('',#380,.T.);
#207=FACE_OUTER_BOUND('',#381,.T.);
#208=FACE_OUTER_BOUND('',#382,.T.);
#209=FACE_OUTER_BOUND('',#383,.T.);
#210=FACE_OUTER_BOUND('',#384,.T.);
#211=FACE_OUTER_BOUND('',#386,.T.);
#212=FACE_OUTER_BOUND('',#388,.T.);
#213=FACE_OUTER_BOUND('',#389,.T.);
#214=FACE_OUTER_BOUND('',#390,.T.);
#215=FACE_OUTER_BOUND('',#391,.T.);
#216=FACE_OUTER_BOUND('',#392,.T.);
#217=FACE_OUTER_BOUND('',#393,.T.);
#218=FACE_OUTER_BOUND('',#395,.T.);
#219=FACE_OUTER_BOUND('',#396,.T.);
#220=FACE_OUTER_BOUND('',#398,.T.);
#221=FACE_OUTER_BOUND('',#400,.T.);
#222=FACE_OUTER_BOUND('',#401,.T.);
#223=FACE_OUTER_BOUND('',#403,.T.);
#224=FACE_OUTER_BOUND('',#405,.T.);
#225=FACE_OUTER_BOUND('',#407,.T.);
#226=FACE_OUTER_BOUND('',#409,.T.);
#227=FACE_OUTER_BOUND('',#410,.T.);
#228=FACE_OUTER_BOUND('',#411,.T.);
#229=FACE_OUTER_BOUND('',#412,.T.);
#230=FACE_OUTER_BOUND('',#413,.T.);
#231=FACE_OUTER_BOUND('',#414,.T.);
#232=FACE_OUTER_BOUND('',#416,.T.);
#233=FACE_OUTER_BOUND('',#418,.T.);
#234=FACE_OUTER_BOUND('',#419,.T.);
#235=FACE_OUTER_BOUND('',#420,.T.);
#236=FACE_OUTER_BOUND('',#421,.T.);
#237=FACE_OUTER_BOUND('',#422,.T.);
#238=FACE_OUTER_BOUND('',#423,.T.);
#239=FACE_OUTER_BOUND('',#424,.T.);
#240=FACE_OUTER_BOUND('',#425,.T.);
#241=FACE_OUTER_BOUND('',#426,.T.);
#242=FACE_OUTER_BOUND('',#427,.T.);
#243=FACE_OUTER_BOUND('',#429,.T.);
#244=FACE_OUTER_BOUND('',#430,.T.);
#245=FACE_OUTER_BOUND('',#431,.T.);
#246=FACE_OUTER_BOUND('',#432,.T.);
#247=FACE_OUTER_BOUND('',#433,.T.);
#248=FACE_OUTER_BOUND('',#434,.T.);
#249=FACE_OUTER_BOUND('',#435,.T.);
#250=FACE_OUTER_BOUND('',#436,.T.);
#251=FACE_OUTER_BOUND('',#437,.T.);
#252=FACE_OUTER_BOUND('',#438,.T.);
#253=FACE_OUTER_BOUND('',#439,.T.);
#254=FACE_OUTER_BOUND('',#440,.T.);
#255=FACE_OUTER_BOUND('',#441,.T.);
#256=FACE_OUTER_BOUND('',#442,.T.);
#257=FACE_OUTER_BOUND('',#443,.T.);
#258=FACE_OUTER_BOUND('',#444,.T.);
#259=FACE_OUTER_BOUND('',#445,.T.);
#260=FACE_OUTER_BOUND('',#446,.T.);
#261=FACE_OUTER_BOUND('',#447,.T.);
#262=FACE_OUTER_BOUND('',#448,.T.);
#263=FACE_OUTER_BOUND('',#449,.T.);
#264=FACE_OUTER_BOUND('',#450,.T.);
#265=FACE_OUTER_BOUND('',#451,.T.);
#266=FACE_OUTER_BOUND('',#452,.T.);
#267=FACE_OUTER_BOUND('',#453,.T.);
#268=FACE_OUTER_BOUND('',#454,.T.);
#269=FACE_OUTER_BOUND('',#455,.T.);
#270=FACE_OUTER_BOUND('',#456,.T.);
#271=FACE_OUTER_BOUND('',#457,.T.);
#272=FACE_OUTER_BOUND('',#458,.T.);
#273=FACE_OUTER_BOUND('',#459,.T.);
#274=FACE_OUTER_BOUND('',#460,.T.);
#275=FACE_OUTER_BOUND('',#461,.T.);
#276=FACE_OUTER_BOUND('',#462,.T.);
#277=FACE_OUTER_BOUND('',#463,.T.);
#278=FACE_OUTER_BOUND('',#464,.T.);
#279=FACE_OUTER_BOUND('',#465,.T.);
#280=FACE_OUTER_BOUND('',#466,.T.);
#281=FACE_OUTER_BOUND('',#467,.T.);
#282=FACE_OUTER_BOUND('',#468,.T.);
#283=FACE_OUTER_BOUND('',#469,.T.);
#284=FACE_OUTER_BOUND('',#475,.T.);
#285=FACE_OUTER_BOUND('',#476,.T.);
#286=FACE_OUTER_BOUND('',#477,.T.);
#287=FACE_OUTER_BOUND('',#478,.T.);
#288=FACE_OUTER_BOUND('',#480,.T.);
#289=FACE_OUTER_BOUND('',#481,.T.);
#290=FACE_OUTER_BOUND('',#482,.T.);
#291=FACE_OUTER_BOUND('',#483,.T.);
#292=FACE_OUTER_BOUND('',#485,.T.);
#293=FACE_OUTER_BOUND('',#486,.T.);
#294=FACE_OUTER_BOUND('',#488,.T.);
#295=FACE_OUTER_BOUND('',#490,.T.);
#296=FACE_OUTER_BOUND('',#491,.T.);
#297=FACE_OUTER_BOUND('',#493,.T.);
#298=FACE_OUTER_BOUND('',#495,.T.);
#299=FACE_OUTER_BOUND('',#496,.T.);
#300=FACE_OUTER_BOUND('',#497,.T.);
#301=FACE_OUTER_BOUND('',#498,.T.);
#302=FACE_OUTER_BOUND('',#499,.T.);
#303=FACE_OUTER_BOUND('',#500,.T.);
#304=FACE_OUTER_BOUND('',#501,.T.);
#305=FACE_OUTER_BOUND('',#503,.T.);
#306=FACE_OUTER_BOUND('',#504,.T.);
#307=FACE_OUTER_BOUND('',#506,.T.);
#308=FACE_OUTER_BOUND('',#508,.T.);
#309=FACE_OUTER_BOUND('',#509,.T.);
#310=FACE_OUTER_BOUND('',#511,.T.);
#311=FACE_OUTER_BOUND('',#513,.T.);
#312=FACE_OUTER_BOUND('',#515,.T.);
#313=FACE_OUTER_BOUND('',#517,.T.);
#314=FACE_OUTER_BOUND('',#518,.T.);
#315=FACE_OUTER_BOUND('',#519,.T.);
#316=FACE_OUTER_BOUND('',#520,.T.);
#317=FACE_OUTER_BOUND('',#521,.T.);
#318=FACE_OUTER_BOUND('',#522,.T.);
#319=FACE_OUTER_BOUND('',#524,.T.);
#320=FACE_OUTER_BOUND('',#526,.T.);
#321=FACE_OUTER_BOUND('',#527,.T.);
#322=FACE_OUTER_BOUND('',#528,.T.);
#323=FACE_OUTER_BOUND('',#529,.T.);
#324=FACE_OUTER_BOUND('',#530,.T.);
#325=FACE_OUTER_BOUND('',#531,.T.);
#326=FACE_OUTER_BOUND('',#532,.T.);
#327=FACE_OUTER_BOUND('',#533,.T.);
#328=FACE_OUTER_BOUND('',#534,.T.);
#329=FACE_OUTER_BOUND('',#535,.T.);
#330=FACE_OUTER_BOUND('',#536,.T.);
#331=FACE_OUTER_BOUND('',#537,.T.);
#332=FACE_OUTER_BOUND('',#540,.T.);
#333=FACE_OUTER_BOUND('',#542,.T.);
#334=FACE_OUTER_BOUND('',#543,.T.);
#335=FACE_OUTER_BOUND('',#544,.T.);
#336=FACE_OUTER_BOUND('',#545,.T.);
#337=FACE_OUTER_BOUND('',#546,.T.);
#338=FACE_OUTER_BOUND('',#547,.T.);
#339=FACE_OUTER_BOUND('',#548,.T.);
#340=FACE_OUTER_BOUND('',#549,.T.);
#341=FACE_OUTER_BOUND('',#550,.T.);
#342=FACE_OUTER_BOUND('',#551,.T.);
#343=FACE_OUTER_BOUND('',#552,.T.);
#344=EDGE_LOOP('',(#1953,#1954,#1955,#1956,#1957));
#345=EDGE_LOOP('',(#1958,#1959,#1960,#1961));
#346=EDGE_LOOP('',(#1962,#1963,#1964,#1965));
#347=EDGE_LOOP('',(#1966,#1967,#1968,#1969));
#348=EDGE_LOOP('',(#1970,#1971,#1972,#1973,#1974));
#349=EDGE_LOOP('',(#1975,#1976,#1977,#1978));
#350=EDGE_LOOP('',(#1979,#1980,#1981,#1982));
#351=EDGE_LOOP('',(#1983,#1984,#1985,#1986));
#352=EDGE_LOOP('',(#1987,#1988,#1989,#1990,#1991));
#353=EDGE_LOOP('',(#1992,#1993,#1994,#1995,#1996));
#354=EDGE_LOOP('',(#1997,#1998,#1999,#2000));
#355=EDGE_LOOP('',(#2001,#2002,#2003,#2004,#2005,#2006));
#356=EDGE_LOOP('',(#2007,#2008,#2009,#2010,#2011,#2012,#2013,#2014,#2015,
#2016,#2017,#2018,#2019,#2020,#2021));
#357=EDGE_LOOP('',(#2022,#2023,#2024,#2025,#2026));
#358=EDGE_LOOP('',(#2027,#2028,#2029,#2030,#2031,#2032));
#359=EDGE_LOOP('',(#2033,#2034,#2035,#2036,#2037));
#360=EDGE_LOOP('',(#2038,#2039,#2040,#2041,#2042,#2043));
#361=EDGE_LOOP('',(#2044,#2045,#2046,#2047,#2048));
#362=EDGE_LOOP('',(#2049,#2050,#2051,#2052,#2053,#2054,#2055));
#363=EDGE_LOOP('',(#2056,#2057,#2058));
#364=EDGE_LOOP('',(#2059,#2060,#2061,#2062,#2063));
#365=EDGE_LOOP('',(#2064,#2065,#2066));
#366=EDGE_LOOP('',(#2067,#2068,#2069,#2070,#2071));
#367=EDGE_LOOP('',(#2072,#2073,#2074,#2075,#2076,#2077,#2078,#2079));
#368=EDGE_LOOP('',(#2080,#2081,#2082,#2083,#2084,#2085,#2086,#2087));
#369=EDGE_LOOP('',(#2088,#2089,#2090,#2091));
#370=EDGE_LOOP('',(#2092,#2093,#2094,#2095));
#371=EDGE_LOOP('',(#2096,#2097,#2098,#2099));
#372=EDGE_LOOP('',(#2100,#2101,#2102,#2103));
#373=EDGE_LOOP('',(#2104,#2105,#2106,#2107));
#374=EDGE_LOOP('',(#2108,#2109,#2110,#2111));
#375=EDGE_LOOP('',(#2112,#2113,#2114,#2115));
#376=EDGE_LOOP('',(#2116,#2117,#2118,#2119,#2120,#2121,#2122));
#377=EDGE_LOOP('',(#2123,#2124,#2125,#2126));
#378=EDGE_LOOP('',(#2127,#2128,#2129,#2130,#2131,#2132,#2133,#2134,#2135));
#379=EDGE_LOOP('',(#2136));
#380=EDGE_LOOP('',(#2137,#2138,#2139,#2140,#2141,#2142,#2143,#2144,#2145));
#381=EDGE_LOOP('',(#2146,#2147,#2148,#2149,#2150));
#382=EDGE_LOOP('',(#2151,#2152,#2153,#2154));
#383=EDGE_LOOP('',(#2155,#2156,#2157,#2158));
#384=EDGE_LOOP('',(#2159));
#385=EDGE_LOOP('',(#2160));
#386=EDGE_LOOP('',(#2161));
#387=EDGE_LOOP('',(#2162));
#388=EDGE_LOOP('',(#2163,#2164,#2165,#2166,#2167,#2168,#2169,#2170,#2171,
#2172));
#389=EDGE_LOOP('',(#2173,#2174,#2175,#2176,#2177,#2178,#2179,#2180,#2181));
#390=EDGE_LOOP('',(#2182,#2183,#2184,#2185,#2186));
#391=EDGE_LOOP('',(#2187,#2188,#2189,#2190));
#392=EDGE_LOOP('',(#2191,#2192,#2193,#2194,#2195,#2196));
#393=EDGE_LOOP('',(#2197));
#394=EDGE_LOOP('',(#2198));
#395=EDGE_LOOP('',(#2199,#2200,#2201,#2202,#2203,#2204,#2205,#2206));
#396=EDGE_LOOP('',(#2207));
#397=EDGE_LOOP('',(#2208));
#398=EDGE_LOOP('',(#2209));
#399=EDGE_LOOP('',(#2210));
#400=EDGE_LOOP('',(#2211,#2212,#2213,#2214,#2215));
#401=EDGE_LOOP('',(#2216));
#402=EDGE_LOOP('',(#2217));
#403=EDGE_LOOP('',(#2218));
#404=EDGE_LOOP('',(#2219));
#405=EDGE_LOOP('',(#2220));
#406=EDGE_LOOP('',(#2221));
#407=EDGE_LOOP('',(#2222));
#408=EDGE_LOOP('',(#2223));
#409=EDGE_LOOP('',(#2224,#2225,#2226,#2227));
#410=EDGE_LOOP('',(#2228,#2229,#2230,#2231));
#411=EDGE_LOOP('',(#2232,#2233,#2234,#2235));
#412=EDGE_LOOP('',(#2236,#2237,#2238,#2239));
#413=EDGE_LOOP('',(#2240,#2241,#2242,#2243));
#414=EDGE_LOOP('',(#2244));
#415=EDGE_LOOP('',(#2245));
#416=EDGE_LOOP('',(#2246));
#417=EDGE_LOOP('',(#2247));
#418=EDGE_LOOP('',(#2248,#2249,#2250,#2251,#2252,#2253));
#419=EDGE_LOOP('',(#2254,#2255,#2256,#2257,#2258));
#420=EDGE_LOOP('',(#2259,#2260,#2261,#2262));
#421=EDGE_LOOP('',(#2263,#2264,#2265,#2266));
#422=EDGE_LOOP('',(#2267,#2268,#2269,#2270));
#423=EDGE_LOOP('',(#2271,#2272,#2273,#2274));
#424=EDGE_LOOP('',(#2275,#2276,#2277,#2278,#2279));
#425=EDGE_LOOP('',(#2280,#2281,#2282,#2283));
#426=EDGE_LOOP('',(#2284,#2285,#2286,#2287,#2288));
#427=EDGE_LOOP('',(#2289,#2290,#2291,#2292,#2293,#2294,#2295));
#428=EDGE_LOOP('',(#2296));
#429=EDGE_LOOP('',(#2297,#2298,#2299,#2300));
#430=EDGE_LOOP('',(#2301,#2302,#2303,#2304));
#431=EDGE_LOOP('',(#2305,#2306,#2307,#2308,#2309,#2310));
#432=EDGE_LOOP('',(#2311,#2312,#2313,#2314));
#433=EDGE_LOOP('',(#2315,#2316,#2317,#2318,#2319,#2320));
#434=EDGE_LOOP('',(#2321,#2322,#2323,#2324));
#435=EDGE_LOOP('',(#2325,#2326,#2327,#2328,#2329,#2330));
#436=EDGE_LOOP('',(#2331,#2332,#2333,#2334));
#437=EDGE_LOOP('',(#2335,#2336,#2337,#2338));
#438=EDGE_LOOP('',(#2339,#2340,#2341,#2342));
#439=EDGE_LOOP('',(#2343,#2344,#2345,#2346,#2347));
#440=EDGE_LOOP('',(#2348,#2349,#2350,#2351,#2352));
#441=EDGE_LOOP('',(#2353,#2354,#2355,#2356,#2357));
#442=EDGE_LOOP('',(#2358,#2359,#2360,#2361,#2362,#2363,#2364,#2365,#2366,
#2367));
#443=EDGE_LOOP('',(#2368,#2369,#2370,#2371,#2372));
#444=EDGE_LOOP('',(#2373,#2374,#2375,#2376,#2377,#2378,#2379,#2380,#2381,
#2382,#2383,#2384,#2385,#2386,#2387,#2388,#2389,#2390,#2391,#2392,#2393,
#2394));
#445=EDGE_LOOP('',(#2395,#2396,#2397,#2398));
#446=EDGE_LOOP('',(#2399,#2400,#2401,#2402,#2403,#2404));
#447=EDGE_LOOP('',(#2405,#2406,#2407,#2408,#2409,#2410,#2411,#2412,#2413,
#2414,#2415,#2416,#2417,#2418,#2419));
#448=EDGE_LOOP('',(#2420,#2421,#2422,#2423,#2424));
#449=EDGE_LOOP('',(#2425,#2426,#2427,#2428,#2429,#2430));
#450=EDGE_LOOP('',(#2431,#2432,#2433,#2434,#2435));
#451=EDGE_LOOP('',(#2436,#2437,#2438,#2439,#2440,#2441));
#452=EDGE_LOOP('',(#2442,#2443,#2444,#2445,#2446));
#453=EDGE_LOOP('',(#2447,#2448,#2449,#2450,#2451,#2452,#2453));
#454=EDGE_LOOP('',(#2454,#2455,#2456));
#455=EDGE_LOOP('',(#2457,#2458,#2459,#2460,#2461));
#456=EDGE_LOOP('',(#2462,#2463,#2464));
#457=EDGE_LOOP('',(#2465,#2466,#2467,#2468,#2469));
#458=EDGE_LOOP('',(#2470,#2471,#2472,#2473,#2474,#2475,#2476,#2477));
#459=EDGE_LOOP('',(#2478,#2479,#2480,#2481,#2482,#2483,#2484,#2485));
#460=EDGE_LOOP('',(#2486,#2487,#2488,#2489,#2490,#2491,#2492));
#461=EDGE_LOOP('',(#2493,#2494,#2495,#2496));
#462=EDGE_LOOP('',(#2497,#2498,#2499,#2500));
#463=EDGE_LOOP('',(#2501,#2502,#2503,#2504));
#464=EDGE_LOOP('',(#2505,#2506,#2507,#2508));
#465=EDGE_LOOP('',(#2509,#2510,#2511,#2512));
#466=EDGE_LOOP('',(#2513,#2514,#2515,#2516));
#467=EDGE_LOOP('',(#2517,#2518,#2519,#2520));
#468=EDGE_LOOP('',(#2521,#2522,#2523,#2524));
#469=EDGE_LOOP('',(#2525,#2526,#2527,#2528,#2529,#2530,#2531,#2532));
#470=EDGE_LOOP('',(#2533,#2534,#2535,#2536,#2537,#2538,#2539,#2540,#2541,
#2542,#2543,#2544,#2545,#2546,#2547,#2548));
#471=EDGE_LOOP('',(#2549));
#472=EDGE_LOOP('',(#2550));
#473=EDGE_LOOP('',(#2551));
#474=EDGE_LOOP('',(#2552));
#475=EDGE_LOOP('',(#2553,#2554,#2555,#2556,#2557,#2558,#2559,#2560,#2561,
#2562));
#476=EDGE_LOOP('',(#2563,#2564,#2565,#2566,#2567,#2568,#2569));
#477=EDGE_LOOP('',(#2570,#2571,#2572,#2573));
#478=EDGE_LOOP('',(#2574,#2575,#2576,#2577,#2578,#2579,#2580,#2581,#2582));
#479=EDGE_LOOP('',(#2583));
#480=EDGE_LOOP('',(#2584,#2585,#2586,#2587,#2588,#2589,#2590,#2591,#2592));
#481=EDGE_LOOP('',(#2593,#2594,#2595,#2596,#2597));
#482=EDGE_LOOP('',(#2598,#2599,#2600,#2601));
#483=EDGE_LOOP('',(#2602,#2603,#2604,#2605,#2606,#2607,#2608,#2609));
#484=EDGE_LOOP('',(#2610));
#485=EDGE_LOOP('',(#2611,#2612,#2613,#2614));
#486=EDGE_LOOP('',(#2615));
#487=EDGE_LOOP('',(#2616));
#488=EDGE_LOOP('',(#2617));
#489=EDGE_LOOP('',(#2618));
#490=EDGE_LOOP('',(#2619,#2620,#2621,#2622));
#491=EDGE_LOOP('',(#2623));
#492=EDGE_LOOP('',(#2624));
#493=EDGE_LOOP('',(#2625));
#494=EDGE_LOOP('',(#2626));
#495=EDGE_LOOP('',(#2627,#2628,#2629,#2630,#2631,#2632,#2633,#2634,#2635,
#2636));
#496=EDGE_LOOP('',(#2637,#2638,#2639,#2640));
#497=EDGE_LOOP('',(#2641,#2642,#2643,#2644,#2645,#2646,#2647,#2648,#2649));
#498=EDGE_LOOP('',(#2650,#2651,#2652,#2653,#2654));
#499=EDGE_LOOP('',(#2655,#2656,#2657,#2658));
#500=EDGE_LOOP('',(#2659,#2660,#2661,#2662,#2663,#2664));
#501=EDGE_LOOP('',(#2665));
#502=EDGE_LOOP('',(#2666));
#503=EDGE_LOOP('',(#2667,#2668,#2669,#2670,#2671,#2672,#2673,#2674));
#504=EDGE_LOOP('',(#2675));
#505=EDGE_LOOP('',(#2676));
#506=EDGE_LOOP('',(#2677));
#507=EDGE_LOOP('',(#2678));
#508=EDGE_LOOP('',(#2679,#2680,#2681,#2682,#2683));
#509=EDGE_LOOP('',(#2684));
#510=EDGE_LOOP('',(#2685));
#511=EDGE_LOOP('',(#2686));
#512=EDGE_LOOP('',(#2687));
#513=EDGE_LOOP('',(#2688));
#514=EDGE_LOOP('',(#2689));
#515=EDGE_LOOP('',(#2690));
#516=EDGE_LOOP('',(#2691));
#517=EDGE_LOOP('',(#2692,#2693,#2694,#2695));
#518=EDGE_LOOP('',(#2696,#2697,#2698,#2699));
#519=EDGE_LOOP('',(#2700,#2701,#2702,#2703));
#520=EDGE_LOOP('',(#2704,#2705,#2706,#2707));
#521=EDGE_LOOP('',(#2708,#2709,#2710,#2711));
#522=EDGE_LOOP('',(#2712));
#523=EDGE_LOOP('',(#2713));
#524=EDGE_LOOP('',(#2714));
#525=EDGE_LOOP('',(#2715));
#526=EDGE_LOOP('',(#2716,#2717,#2718,#2719,#2720,#2721));
#527=EDGE_LOOP('',(#2722,#2723,#2724,#2725,#2726,#2727,#2728,#2729,#2730,
#2731,#2732,#2733,#2734,#2735,#2736,#2737,#2738,#2739,#2740,#2741,#2742,
#2743,#2744,#2745,#2746,#2747,#2748,#2749,#2750,#2751,#2752,#2753,#2754,
#2755,#2756,#2757,#2758,#2759));
#528=EDGE_LOOP('',(#2760,#2761,#2762,#2763,#2764));
#529=EDGE_LOOP('',(#2765,#2766,#2767,#2768));
#530=EDGE_LOOP('',(#2769,#2770,#2771,#2772));
#531=EDGE_LOOP('',(#2773,#2774,#2775,#2776));
#532=EDGE_LOOP('',(#2777,#2778,#2779,#2780));
#533=EDGE_LOOP('',(#2781,#2782,#2783,#2784));
#534=EDGE_LOOP('',(#2785,#2786,#2787,#2788,#2789));
#535=EDGE_LOOP('',(#2790,#2791,#2792,#2793));
#536=EDGE_LOOP('',(#2794,#2795,#2796,#2797,#2798));
#537=EDGE_LOOP('',(#2799,#2800,#2801,#2802,#2803,#2804,#2805,#2806,#2807,
#2808,#2809,#2810,#2811,#2812,#2813,#2814,#2815,#2816,#2817,#2818));
#538=EDGE_LOOP('',(#2819));
#539=EDGE_LOOP('',(#2820));
#540=EDGE_LOOP('',(#2821,#2822,#2823,#2824,#2825,#2826,#2827));
#541=EDGE_LOOP('',(#2828));
#542=EDGE_LOOP('',(#2829,#2830,#2831,#2832));
#543=EDGE_LOOP('',(#2833,#2834,#2835,#2836));
#544=EDGE_LOOP('',(#2837,#2838,#2839,#2840));
#545=EDGE_LOOP('',(#2841,#2842,#2843,#2844,#2845,#2846));
#546=EDGE_LOOP('',(#2847,#2848,#2849,#2850));
#547=EDGE_LOOP('',(#2851,#2852,#2853,#2854,#2855,#2856));
#548=EDGE_LOOP('',(#2857,#2858,#2859,#2860));
#549=EDGE_LOOP('',(#2861,#2862,#2863,#2864,#2865,#2866));
#550=EDGE_LOOP('',(#2867,#2868,#2869,#2870));
#551=EDGE_LOOP('',(#2871,#2872,#2873,#2874));
#552=EDGE_LOOP('',(#2875,#2876,#2877,#2878));
#553=LINE('',#4577,#763);
#554=LINE('',#4582,#764);
#555=LINE('',#4585,#765);
#556=LINE('',#4587,#766);
#557=LINE('',#4588,#767);
#558=LINE('',#4591,#768);
#559=LINE('',#4593,#769);
#560=LINE('',#4600,#770);
#561=LINE('',#4603,#771);
#562=LINE('',#4609,#772);
#563=LINE('',#4614,#773);
#564=LINE('',#4617,#774);
#565=LINE('',#4619,#775);
#566=LINE('',#4620,#776);
#567=LINE('',#4624,#777);
#568=LINE('',#4627,#778);
#569=LINE('',#4629,#779);
#570=LINE('',#4630,#780);
#571=LINE('',#4641,#781);
#572=LINE('',#4647,#782);
#573=LINE('',#4666,#783);
#574=LINE('',#4671,#784);
#575=LINE('',#4675,#785);
#576=LINE('',#4677,#786);
#577=LINE('',#4679,#787);
#578=LINE('',#4681,#788);
#579=LINE('',#4682,#789);
#580=LINE('',#4685,#790);
#581=LINE('',#4695,#791);
#582=LINE('',#4705,#792);
#583=LINE('',#4716,#793);
#584=LINE('',#4717,#794);
#585=LINE('',#4720,#795);
#586=LINE('',#4731,#796);
#587=LINE('',#4735,#797);
#588=LINE('',#4747,#798);
#589=LINE('',#4750,#799);
#590=LINE('',#4764,#800);
#591=LINE('',#4765,#801);
#592=LINE('',#4785,#802);
#593=LINE('',#4786,#803);
#594=LINE('',#4788,#804);
#595=LINE('',#4790,#805);
#596=LINE('',#4795,#806);
#597=LINE('',#4806,#807);
#598=LINE('',#4824,#808);
#599=LINE('',#4828,#809);
#600=LINE('',#4859,#810);
#601=LINE('',#4917,#811);
#602=LINE('',#4932,#812);
#603=LINE('',#4937,#813);
#604=LINE('',#4938,#814);
#605=LINE('',#4951,#815);
#606=LINE('',#4956,#816);
#607=LINE('',#4964,#817);
#608=LINE('',#4968,#818);
#609=LINE('',#4985,#819);
#610=LINE('',#4989,#820);
#611=LINE('',#4990,#821);
#612=LINE('',#4994,#822);
#613=LINE('',#4998,#823);
#614=LINE('',#5005,#824);
#615=LINE('',#5035,#825);
#616=LINE('',#5037,#826);
#617=LINE('',#5039,#827);
#618=LINE('',#5041,#828);
#619=LINE('',#5046,#829);
#620=LINE('',#5054,#830);
#621=LINE('',#5062,#831);
#622=LINE('',#5064,#832);
#623=LINE('',#5065,#833);
#624=LINE('',#5068,#834);
#625=LINE('',#5070,#835);
#626=LINE('',#5071,#836);
#627=LINE('',#5074,#837);
#628=LINE('',#5076,#838);
#629=LINE('',#5077,#839);
#630=LINE('',#5080,#840);
#631=LINE('',#5082,#841);
#632=LINE('',#5083,#842);
#633=LINE('',#5087,#843);
#634=LINE('',#5089,#844);
#635=LINE('',#5091,#845);
#636=LINE('',#5092,#846);
#637=LINE('',#5095,#847);
#638=LINE('',#5096,#848);
#639=LINE('',#5097,#849);
#640=LINE('',#5100,#850);
#641=LINE('',#5101,#851);
#642=LINE('',#5104,#852);
#643=LINE('',#5106,#853);
#644=LINE('',#5107,#854);
#645=LINE('',#5119,#855);
#646=LINE('',#5124,#856);
#647=LINE('',#5128,#857);
#648=LINE('',#5132,#858);
#649=LINE('',#5136,#859);
#650=LINE('',#5142,#860);
#651=LINE('',#5146,#861);
#652=LINE('',#5148,#862);
#653=LINE('',#5149,#863);
#654=LINE('',#5154,#864);
#655=LINE('',#5161,#865);
#656=LINE('',#5167,#866);
#657=LINE('',#5171,#867);
#658=LINE('',#5183,#868);
#659=LINE('',#5194,#869);
#660=LINE('',#5196,#870);
#661=LINE('',#5198,#871);
#662=LINE('',#5199,#872);
#663=LINE('',#5200,#873);
#664=LINE('',#5201,#874);
#665=LINE('',#5204,#875);
#666=LINE('',#5210,#876);
#667=LINE('',#5212,#877);
#668=LINE('',#5216,#878);
#669=LINE('',#5224,#879);
#670=LINE('',#5226,#880);
#671=LINE('',#5228,#881);
#672=LINE('',#5234,#882);
#673=LINE('',#5251,#883);
#674=LINE('',#5253,#884);
#675=LINE('',#5255,#885);
#676=LINE('',#5256,#886);
#677=LINE('',#5258,#887);
#678=LINE('',#5263,#888);
#679=LINE('',#5268,#889);
#680=LINE('',#5272,#890);
#681=LINE('',#5282,#891);
#682=LINE('',#5292,#892);
#683=LINE('',#5303,#893);
#684=LINE('',#5304,#894);
#685=LINE('',#5307,#895);
#686=LINE('',#5317,#896);
#687=LINE('',#5327,#897);
#688=LINE('',#5331,#898);
#689=LINE('',#5340,#899);
#690=LINE('',#5354,#900);
#691=LINE('',#5356,#901);
#692=LINE('',#5358,#902);
#693=LINE('',#5364,#903);
#694=LINE('',#5371,#904);
#695=LINE('',#5377,#905);
#696=LINE('',#5379,#906);
#697=LINE('',#5380,#907);
#698=LINE('',#5383,#908);
#699=LINE('',#5388,#909);
#700=LINE('',#5391,#910);
#701=LINE('',#5402,#911);
#702=LINE('',#5434,#912);
#703=LINE('',#5438,#913);
#704=LINE('',#5490,#914);
#705=LINE('',#5506,#915);
#706=LINE('',#5528,#916);
#707=LINE('',#5530,#917);
#708=LINE('',#5534,#918);
#709=LINE('',#5547,#919);
#710=LINE('',#5549,#920);
#711=LINE('',#5557,#921);
#712=LINE('',#5567,#922);
#713=LINE('',#5575,#923);
#714=LINE('',#5589,#924);
#715=LINE('',#5592,#925);
#716=LINE('',#5596,#926);
#717=LINE('',#5600,#927);
#718=LINE('',#5601,#928);
#719=LINE('',#5607,#929);
#720=LINE('',#5614,#930);
#721=LINE('',#5644,#931);
#722=LINE('',#5646,#932);
#723=LINE('',#5648,#933);
#724=LINE('',#5650,#934);
#725=LINE('',#5655,#935);
#726=LINE('',#5663,#936);
#727=LINE('',#5671,#937);
#728=LINE('',#5674,#938);
#729=LINE('',#5676,#939);
#730=LINE('',#5678,#940);
#731=LINE('',#5682,#941);
#732=LINE('',#5686,#942);
#733=LINE('',#5688,#943);
#734=LINE('',#5689,#944);
#735=LINE('',#5692,#945);
#736=LINE('',#5694,#946);
#737=LINE('',#5695,#947);
#738=LINE('',#5697,#948);
#739=LINE('',#5700,#949);
#740=LINE('',#5701,#950);
#741=LINE('',#5704,#951);
#742=LINE('',#5705,#952);
#743=LINE('',#5708,#953);
#744=LINE('',#5709,#954);
#745=LINE('',#5713,#955);
#746=LINE('',#5714,#956);
#747=LINE('',#5715,#957);
#748=LINE('',#5718,#958);
#749=LINE('',#5719,#959);
#750=LINE('',#5722,#960);
#751=LINE('',#5723,#961);
#752=LINE('',#5726,#962);
#753=LINE('',#5727,#963);
#754=LINE('',#5732,#964);
#755=LINE('',#5744,#965);
#756=LINE('',#5746,#966);
#757=LINE('',#5748,#967);
#758=LINE('',#5750,#968);
#759=LINE('',#5752,#969);
#760=LINE('',#5754,#970);
#761=LINE('',#5756,#971);
#762=LINE('',#5758,#972);
#763=VECTOR('',#3557,0.4);
#764=VECTOR('',#3562,0.4);
#765=VECTOR('',#3565,10.);
#766=VECTOR('',#3566,10.);
#767=VECTOR('',#3567,10.);
#768=VECTOR('',#3570,10.);
#769=VECTOR('',#3571,10.);
#770=VECTOR('',#3578,10.);
#771=VECTOR('',#3581,10.);
#772=VECTOR('',#3586,0.4);
#773=VECTOR('',#3591,0.4);
#774=VECTOR('',#3594,10.);
#775=VECTOR('',#3595,10.);
#776=VECTOR('',#3596,10.);
#777=VECTOR('',#3601,10.);
#778=VECTOR('',#3604,10.);
#779=VECTOR('',#3605,10.);
#780=VECTOR('',#3606,10.);
#781=VECTOR('',#3619,3.);
#782=VECTOR('',#3626,3.);
#783=VECTOR('',#3647,10.);
#784=VECTOR('',#3652,10.);
#785=VECTOR('',#3657,10.);
#786=VECTOR('',#3658,10.);
#787=VECTOR('',#3659,10.);
#788=VECTOR('',#3660,10.);
#789=VECTOR('',#3661,10.);
#790=VECTOR('',#3664,3.);
#791=VECTOR('',#3677,3.);
#792=VECTOR('',#3690,3.);
#793=VECTOR('',#3705,10.);
#794=VECTOR('',#3706,10.);
#795=VECTOR('',#3709,3.);
#796=VECTOR('',#3724,10.);
#797=VECTOR('',#3729,10.);
#798=VECTOR('',#3744,10.);
#799=VECTOR('',#3747,10.);
#800=VECTOR('',#3762,10.);
#801=VECTOR('',#3763,10.);
#802=VECTOR('',#3790,10.);
#803=VECTOR('',#3791,10.);
#804=VECTOR('',#3794,10.);
#805=VECTOR('',#3795,10.);
#806=VECTOR('',#3800,10.);
#807=VECTOR('',#3803,10.);
#808=VECTOR('',#3806,10.);
#809=VECTOR('',#3809,10.);
#810=VECTOR('',#3810,10.);
#811=VECTOR('',#3815,10.);
#812=VECTOR('',#3816,10.);
#813=VECTOR('',#3821,10.);
#814=VECTOR('',#3822,10.);
#815=VECTOR('',#3825,10.);
#816=VECTOR('',#3830,2.5);
#817=VECTOR('',#3841,3.);
#818=VECTOR('',#3844,10.);
#819=VECTOR('',#3853,3.);
#820=VECTOR('',#3858,10.);
#821=VECTOR('',#3859,10.);
#822=VECTOR('',#3864,10.);
#823=VECTOR('',#3869,3.);
#824=VECTOR('',#3878,3.);
#825=VECTOR('',#3909,2.5);
#826=VECTOR('',#3912,2.5);
#827=VECTOR('',#3915,2.5);
#828=VECTOR('',#3918,2.5);
#829=VECTOR('',#3923,2.5);
#830=VECTOR('',#3934,3.);
#831=VECTOR('',#3943,10.);
#832=VECTOR('',#3944,10.);
#833=VECTOR('',#3945,10.);
#834=VECTOR('',#3948,10.);
#835=VECTOR('',#3949,10.);
#836=VECTOR('',#3950,10.);
#837=VECTOR('',#3953,10.);
#838=VECTOR('',#3954,10.);
#839=VECTOR('',#3955,10.);
#840=VECTOR('',#3958,10.);
#841=VECTOR('',#3959,10.);
#842=VECTOR('',#3960,10.);
#843=VECTOR('',#3963,10.);
#844=VECTOR('',#3964,10.);
#845=VECTOR('',#3965,10.);
#846=VECTOR('',#3966,10.);
#847=VECTOR('',#3969,10.);
#848=VECTOR('',#3970,10.);
#849=VECTOR('',#3971,10.);
#850=VECTOR('',#3974,10.);
#851=VECTOR('',#3975,10.);
#852=VECTOR('',#3978,10.);
#853=VECTOR('',#3979,10.);
#854=VECTOR('',#3980,10.);
#855=VECTOR('',#3995,1.6);
#856=VECTOR('',#4000,1.6);
#857=VECTOR('',#4005,10.);
#858=VECTOR('',#4008,10.);
#859=VECTOR('',#4013,10.);
#860=VECTOR('',#4020,10.);
#861=VECTOR('',#4025,10.);
#862=VECTOR('',#4026,10.);
#863=VECTOR('',#4027,10.);
#864=VECTOR('',#4032,10.);
#865=VECTOR('',#4041,10.);
#866=VECTOR('',#4048,10.);
#867=VECTOR('',#4053,10.);
#868=VECTOR('',#4068,3.);
#869=VECTOR('',#4083,10.);
#870=VECTOR('',#4084,10.);
#871=VECTOR('',#4085,10.);
#872=VECTOR('',#4086,10.);
#873=VECTOR('',#4087,10.);
#874=VECTOR('',#4088,10.);
#875=VECTOR('',#4091,3.);
#876=VECTOR('',#4098,10.);
#877=VECTOR('',#4099,10.);
#878=VECTOR('',#4102,10.);
#879=VECTOR('',#4109,10.);
#880=VECTOR('',#4110,10.);
#881=VECTOR('',#4111,10.);
#882=VECTOR('',#4118,3.);
#883=VECTOR('',#4137,10.);
#884=VECTOR('',#4138,10.);
#885=VECTOR('',#4139,10.);
#886=VECTOR('',#4140,10.);
#887=VECTOR('',#4141,10.);
#888=VECTOR('',#4146,10.);
#889=VECTOR('',#4151,10.);
#890=VECTOR('',#4156,3.);
#891=VECTOR('',#4169,3.);
#892=VECTOR('',#4182,3.);
#893=VECTOR('',#4197,10.);
#894=VECTOR('',#4198,10.);
#895=VECTOR('',#4201,3.);
#896=VECTOR('',#4216,10.);
#897=VECTOR('',#4233,10.);
#898=VECTOR('',#4238,10.);
#899=VECTOR('',#4251,10.);
#900=VECTOR('',#4272,10.);
#901=VECTOR('',#4275,10.);
#902=VECTOR('',#4278,10.);
#903=VECTOR('',#4283,10.);
#904=VECTOR('',#4290,10.);
#905=VECTOR('',#4297,10.);
#906=VECTOR('',#4298,10.);
#907=VECTOR('',#4299,10.);
#908=VECTOR('',#4302,10.);
#909=VECTOR('',#4307,10.);
#910=VECTOR('',#4310,10.);
#911=VECTOR('',#4313,10.);
#912=VECTOR('',#4314,10.);
#913=VECTOR('',#4317,10.);
#914=VECTOR('',#4320,10.);
#915=VECTOR('',#4321,10.);
#916=VECTOR('',#4326,10.);
#917=VECTOR('',#4327,10.);
#918=VECTOR('',#4332,10.);
#919=VECTOR('',#4335,10.);
#920=VECTOR('',#4336,10.);
#921=VECTOR('',#4345,2.5);
#922=VECTOR('',#4358,2.5);
#923=VECTOR('',#4369,3.);
#924=VECTOR('',#4372,10.);
#925=VECTOR('',#4377,3.);
#926=VECTOR('',#4382,3.);
#927=VECTOR('',#4387,10.);
#928=VECTOR('',#4388,10.);
#929=VECTOR('',#4397,3.);
#930=VECTOR('',#4406,3.);
#931=VECTOR('',#4437,2.5);
#932=VECTOR('',#4440,2.5);
#933=VECTOR('',#4443,2.5);
#934=VECTOR('',#4446,2.5);
#935=VECTOR('',#4451,2.5);
#936=VECTOR('',#4462,3.);
#937=VECTOR('',#4471,10.);
#938=VECTOR('',#4474,10.);
#939=VECTOR('',#4475,10.);
#940=VECTOR('',#4476,10.);
#941=VECTOR('',#4479,10.);
#942=VECTOR('',#4482,10.);
#943=VECTOR('',#4483,10.);
#944=VECTOR('',#4484,10.);
#945=VECTOR('',#4487,10.);
#946=VECTOR('',#4488,10.);
#947=VECTOR('',#4489,10.);
#948=VECTOR('',#4492,10.);
#949=VECTOR('',#4495,10.);
#950=VECTOR('',#4496,10.);
#951=VECTOR('',#4499,10.);
#952=VECTOR('',#4500,10.);
#953=VECTOR('',#4503,10.);
#954=VECTOR('',#4504,10.);
#955=VECTOR('',#4507,10.);
#956=VECTOR('',#4508,10.);
#957=VECTOR('',#4509,10.);
#958=VECTOR('',#4512,10.);
#959=VECTOR('',#4513,10.);
#960=VECTOR('',#4516,10.);
#961=VECTOR('',#4517,10.);
#962=VECTOR('',#4520,10.);
#963=VECTOR('',#4521,10.);
#964=VECTOR('',#4528,10.);
#965=VECTOR('',#4543,1.6);
#966=VECTOR('',#4546,1.6);
#967=VECTOR('',#4549,10.);
#968=VECTOR('',#4552,10.);
#969=VECTOR('',#4555,10.);
#970=VECTOR('',#4558,10.);
#971=VECTOR('',#4561,10.);
#972=VECTOR('',#4564,10.);
#973=CIRCLE('',#3148,0.4);
#974=CIRCLE('',#3149,0.4);
#975=CIRCLE('',#3150,0.4);
#976=CIRCLE('',#3153,5.);
#977=CIRCLE('',#3155,2.);
#978=CIRCLE('',#3156,2.);
#979=CIRCLE('',#3158,0.400000000000001);
#980=CIRCLE('',#3159,0.400000000000001);
#981=CIRCLE('',#3160,0.400000000000001);
#982=CIRCLE('',#3163,5.);
#983=CIRCLE('',#3166,3.5);
#984=CIRCLE('',#3167,0.5);
#985=CIRCLE('',#3168,3.);
#986=CIRCLE('',#3169,3.);
#987=CIRCLE('',#3171,3.);
#988=CIRCLE('',#3173,3.);
#989=CIRCLE('',#3174,3.);
#990=CIRCLE('',#3176,3.5);
#991=CIRCLE('',#3177,3.5);
#992=CIRCLE('',#3178,0.5);
#993=CIRCLE('',#3179,3.);
#994=CIRCLE('',#3180,3.);
#995=CIRCLE('',#3182,3.5);
#996=CIRCLE('',#3183,3.5);
#997=CIRCLE('',#3184,3.5);
#998=CIRCLE('',#3185,3.5);
#999=CIRCLE('',#3186,3.5);
#1000=CIRCLE('',#3187,3.5);
#1001=CIRCLE('',#3189,3.);
#1002=CIRCLE('',#3191,0.5);
#1003=CIRCLE('',#3192,3.);
#1004=CIRCLE('',#3193,3.);
#1005=CIRCLE('',#3195,3.);
#1006=CIRCLE('',#3197,0.5);
#1007=CIRCLE('',#3198,3.);
#1008=CIRCLE('',#3199,3.);
#1009=CIRCLE('',#3201,3.);
#1010=CIRCLE('',#3203,3.5);
#1011=CIRCLE('',#3204,0.5);
#1012=CIRCLE('',#3205,3.);
#1013=CIRCLE('',#3206,3.);
#1014=CIRCLE('',#3209,3.);
#1015=CIRCLE('',#3211,0.5);
#1016=CIRCLE('',#3212,0.5);
#1017=CIRCLE('',#3213,0.5);
#1018=CIRCLE('',#3215,0.5);
#1019=CIRCLE('',#3217,0.5);
#1020=CIRCLE('',#3219,0.5);
#1021=CIRCLE('',#3220,3.5);
#1022=CIRCLE('',#3221,0.500000000000003);
#1023=CIRCLE('',#3222,4.);
#1024=CIRCLE('',#3223,3.5);
#1025=CIRCLE('',#3227,0.5);
#1026=CIRCLE('',#3228,2.);
#1027=CIRCLE('',#3229,0.499999999999998);
#1028=CIRCLE('',#3230,2.5);
#1029=CIRCLE('',#3232,0.5);
#1030=CIRCLE('',#3234,0.500000000000001);
#1031=CIRCLE('',#3235,5.);
#1032=CIRCLE('',#3236,4.5);
#1033=CIRCLE('',#3238,0.500000000000003);
#1034=CIRCLE('',#3239,14.2126706153372);
#1035=CIRCLE('',#3240,14.7126706153372);
#1036=CIRCLE('',#3242,0.5);
#1037=CIRCLE('',#3243,5.);
#1038=CIRCLE('',#3244,4.5);
#1039=CIRCLE('',#3247,3.);
#1040=CIRCLE('',#3248,3.);
#1041=CIRCLE('',#3251,14.2126706153372);
#1042=CIRCLE('',#3253,5.);
#1043=CIRCLE('',#3255,3.);
#1044=CIRCLE('',#3258,2.5);
#1045=CIRCLE('',#3259,2.5);
#1046=CIRCLE('',#3262,3.);
#1047=CIRCLE('',#3265,3.);
#1048=CIRCLE('',#3268,3.);
#1049=CIRCLE('',#3269,3.);
#1050=CIRCLE('',#3272,2.);
#1051=CIRCLE('',#3274,3.);
#1052=CIRCLE('',#3276,2.5);
#1053=CIRCLE('',#3278,3.);
#1054=CIRCLE('',#3280,2.5);
#1055=CIRCLE('',#3282,2.5);
#1056=CIRCLE('',#3284,5.);
#1057=CIRCLE('',#3286,2.5);
#1058=CIRCLE('',#3288,2.5);
#1059=CIRCLE('',#3290,2.5);
#1060=CIRCLE('',#3292,2.5);
#1061=CIRCLE('',#3298,2.5);
#1062=CIRCLE('',#3299,2.5);
#1063=CIRCLE('',#3302,3.);
#1064=CIRCLE('',#3304,3.);
#1065=CIRCLE('',#3305,3.);
#1066=CIRCLE('',#3306,3.);
#1067=CIRCLE('',#3316,2.);
#1068=CIRCLE('',#3317,2.49999999999999);
#1069=CIRCLE('',#3318,2.);
#1070=CIRCLE('',#3319,1.6);
#1071=CIRCLE('',#3321,1.6);
#1072=CIRCLE('',#3323,1.6);
#1073=CIRCLE('',#3324,1.6);
#1074=CIRCLE('',#3326,2.);
#1075=CIRCLE('',#3327,2.);
#1076=CIRCLE('',#3329,2.49999999999999);
#1077=CIRCLE('',#3331,2.);
#1078=CIRCLE('',#3332,2.);
#1079=CIRCLE('',#3335,1.99999999999999);
#1080=CIRCLE('',#3336,1.99999999999999);
#1081=CIRCLE('',#3337,1.99999999999999);
#1082=CIRCLE('',#3339,2.5);
#1083=CIRCLE('',#3340,2.5);
#1084=CIRCLE('',#3342,2.);
#1085=CIRCLE('',#3343,2.);
#1086=CIRCLE('',#3345,4.);
#1087=CIRCLE('',#3347,3.5);
#1088=CIRCLE('',#3348,0.5);
#1089=CIRCLE('',#3349,3.);
#1090=CIRCLE('',#3350,3.);
#1091=CIRCLE('',#3352,3.);
#1092=CIRCLE('',#3354,3.5);
#1093=CIRCLE('',#3355,0.5);
#1094=CIRCLE('',#3356,3.);
#1095=CIRCLE('',#3357,3.);
#1096=CIRCLE('',#3360,3.);
#1097=CIRCLE('',#3362,3.5);
#1098=CIRCLE('',#3363,2.5);
#1099=CIRCLE('',#3364,4.5);
#1100=CIRCLE('',#3365,14.7126706153372);
#1101=CIRCLE('',#3366,4.5);
#1102=CIRCLE('',#3367,3.5);
#1103=CIRCLE('',#3369,3.);
#1104=CIRCLE('',#3370,3.);
#1105=CIRCLE('',#3372,3.5);
#1106=CIRCLE('',#3373,0.5);
#1107=CIRCLE('',#3374,3.);
#1108=CIRCLE('',#3375,3.);
#1109=CIRCLE('',#3376,3.5);
#1110=CIRCLE('',#3378,3.5);
#1111=CIRCLE('',#3379,3.5);
#1112=CIRCLE('',#3380,3.5);
#1113=CIRCLE('',#3381,3.5);
#1114=CIRCLE('',#3382,3.5);
#1115=CIRCLE('',#3383,3.5);
#1116=CIRCLE('',#3385,3.);
#1117=CIRCLE('',#3387,0.5);
#1118=CIRCLE('',#3388,3.);
#1119=CIRCLE('',#3389,3.);
#1120=CIRCLE('',#3391,3.);
#1121=CIRCLE('',#3393,0.5);
#1122=CIRCLE('',#3394,3.);
#1123=CIRCLE('',#3395,3.);
#1124=CIRCLE('',#3397,3.);
#1125=CIRCLE('',#3399,3.5);
#1126=CIRCLE('',#3400,0.5);
#1127=CIRCLE('',#3401,3.);
#1128=CIRCLE('',#3402,3.);
#1129=CIRCLE('',#3405,3.);
#1130=CIRCLE('',#3407,0.5);
#1131=CIRCLE('',#3408,0.5);
#1132=CIRCLE('',#3409,0.5);
#1133=CIRCLE('',#3411,0.5);
#1134=CIRCLE('',#3413,0.5);
#1135=CIRCLE('',#3415,0.5);
#1136=CIRCLE('',#3416,4.);
#1137=CIRCLE('',#3417,0.500000000000003);
#1138=CIRCLE('',#3422,0.499999999999998);
#1139=CIRCLE('',#3424,0.5);
#1140=CIRCLE('',#3425,2.);
#1141=CIRCLE('',#3427,0.5);
#1142=CIRCLE('',#3429,0.500000000000001);
#1143=CIRCLE('',#3430,5.);
#1144=CIRCLE('',#3432,0.500000000000003);
#1145=CIRCLE('',#3433,14.2126706153372);
#1146=CIRCLE('',#3435,0.5);
#1147=CIRCLE('',#3436,5.);
#1148=CIRCLE('',#3439,4.);
#1149=CIRCLE('',#3440,2.5);
#1150=CIRCLE('',#3441,1.99999999999999);
#1151=CIRCLE('',#3442,2.);
#1152=CIRCLE('',#3443,2.49999999999999);
#1153=CIRCLE('',#3444,2.);
#1154=CIRCLE('',#3445,1.6);
#1155=CIRCLE('',#3446,1.6);
#1156=CIRCLE('',#3449,3.);
#1157=CIRCLE('',#3450,3.);
#1158=CIRCLE('',#3453,14.2126706153372);
#1159=CIRCLE('',#3455,5.);
#1160=CIRCLE('',#3457,3.);
#1161=CIRCLE('',#3460,3.);
#1162=CIRCLE('',#3461,3.);
#1163=CIRCLE('',#3463,2.5);
#1164=CIRCLE('',#3464,2.5);
#1165=CIRCLE('',#3467,3.);
#1166=CIRCLE('',#3469,2.5);
#1167=CIRCLE('',#3470,2.5);
#1168=CIRCLE('',#3473,3.);
#1169=CIRCLE('',#3479,3.);
#1170=CIRCLE('',#3480,3.);
#1171=CIRCLE('',#3483,2.);
#1172=CIRCLE('',#3485,3.);
#1173=CIRCLE('',#3487,2.5);
#1174=CIRCLE('',#3489,3.);
#1175=CIRCLE('',#3491,2.5);
#1176=CIRCLE('',#3493,2.5);
#1177=CIRCLE('',#3495,5.);
#1178=CIRCLE('',#3497,2.5);
#1179=CIRCLE('',#3499,2.5);
#1180=CIRCLE('',#3501,2.5);
#1181=CIRCLE('',#3503,2.5);
#1182=CIRCLE('',#3509,2.5);
#1183=CIRCLE('',#3510,2.5);
#1184=CIRCLE('',#3513,3.);
#1185=CIRCLE('',#3515,3.);
#1186=CIRCLE('',#3516,3.);
#1187=CIRCLE('',#3517,3.);
#1188=CIRCLE('',#3519,2.);
#1189=CIRCLE('',#3520,2.);
#1190=CIRCLE('',#3521,1.99999999999999);
#1191=CIRCLE('',#3532,1.99999999999999);
#1192=CIRCLE('',#3533,2.5);
#1193=CIRCLE('',#3534,1.6);
#1194=CIRCLE('',#3536,2.);
#1195=CIRCLE('',#3537,2.49999999999999);
#1196=CIRCLE('',#3538,2.);
#1197=CIRCLE('',#3539,1.6);
#1198=VERTEX_POINT('',#4573);
#1199=VERTEX_POINT('',#4574);
#1200=VERTEX_POINT('',#4576);
#1201=VERTEX_POINT('',#4578);
#1202=VERTEX_POINT('',#4580);
#1203=VERTEX_POINT('',#4584);
#1204=VERTEX_POINT('',#4586);
#1205=VERTEX_POINT('',#4590);
#1206=VERTEX_POINT('',#4592);
#1207=VERTEX_POINT('',#4596);
#1208=VERTEX_POINT('',#4597);
#1209=VERTEX_POINT('',#4599);
#1210=VERTEX_POINT('',#4601);
#1211=VERTEX_POINT('',#4605);
#1212=VERTEX_POINT('',#4606);
#1213=VERTEX_POINT('',#4608);
#1214=VERTEX_POINT('',#4610);
#1215=VERTEX_POINT('',#4612);
#1216=VERTEX_POINT('',#4616);
#1217=VERTEX_POINT('',#4618);
#1218=VERTEX_POINT('',#4622);
#1219=VERTEX_POINT('',#4626);
#1220=VERTEX_POINT('',#4628);
#1221=VERTEX_POINT('',#4632);
#1222=VERTEX_POINT('',#4634);
#1223=VERTEX_POINT('',#4636);
#1224=VERTEX_POINT('',#4640);
#1225=VERTEX_POINT('',#4644);
#1226=VERTEX_POINT('',#4646);
#1227=VERTEX_POINT('',#4650);
#1228=VERTEX_POINT('',#4651);
#1229=VERTEX_POINT('',#4654);
#1230=VERTEX_POINT('',#4656);
#1231=VERTEX_POINT('',#4660);
#1232=VERTEX_POINT('',#4661);
#1233=VERTEX_POINT('',#4663);
#1234=VERTEX_POINT('',#4665);
#1235=VERTEX_POINT('',#4667);
#1236=VERTEX_POINT('',#4670);
#1237=VERTEX_POINT('',#4672);
#1238=VERTEX_POINT('',#4676);
#1239=VERTEX_POINT('',#4678);
#1240=VERTEX_POINT('',#4680);
#1241=VERTEX_POINT('',#4684);
#1242=VERTEX_POINT('',#4688);
#1243=VERTEX_POINT('',#4690);
#1244=VERTEX_POINT('',#4694);
#1245=VERTEX_POINT('',#4698);
#1246=VERTEX_POINT('',#4700);
#1247=VERTEX_POINT('',#4704);
#1248=VERTEX_POINT('',#4709);
#1249=VERTEX_POINT('',#4711);
#1250=VERTEX_POINT('',#4715);
#1251=VERTEX_POINT('',#4719);
#1252=VERTEX_POINT('',#4723);
#1253=VERTEX_POINT('',#4724);
#1254=VERTEX_POINT('',#4729);
#1255=VERTEX_POINT('',#4733);
#1256=VERTEX_POINT('',#4737);
#1257=VERTEX_POINT('',#4739);
#1258=VERTEX_POINT('',#4741);
#1259=VERTEX_POINT('',#4746);
#1260=VERTEX_POINT('',#4748);
#1261=VERTEX_POINT('',#4752);
#1262=VERTEX_POINT('',#4753);
#1263=VERTEX_POINT('',#4755);
#1264=VERTEX_POINT('',#4757);
#1265=VERTEX_POINT('',#4761);
#1266=VERTEX_POINT('',#4762);
#1267=VERTEX_POINT('',#4767);
#1268=VERTEX_POINT('',#4768);
#1269=VERTEX_POINT('',#4773);
#1270=VERTEX_POINT('',#4774);
#1271=VERTEX_POINT('',#4779);
#1272=VERTEX_POINT('',#4780);
#1273=VERTEX_POINT('',#4789);
#1274=VERTEX_POINT('',#4791);
#1275=VERTEX_POINT('',#4793);
#1276=VERTEX_POINT('',#4797);
#1277=VERTEX_POINT('',#4808);
#1278=VERTEX_POINT('',#4823);
#1279=VERTEX_POINT('',#4825);
#1280=VERTEX_POINT('',#4827);
#1281=VERTEX_POINT('',#4829);
#1282=VERTEX_POINT('',#4844);
#1283=VERTEX_POINT('',#4860);
#1284=VERTEX_POINT('',#4914);
#1285=VERTEX_POINT('',#4916);
#1286=VERTEX_POINT('',#4918);
#1287=VERTEX_POINT('',#4925);
#1288=VERTEX_POINT('',#4934);
#1289=VERTEX_POINT('',#4936);
#1290=VERTEX_POINT('',#4940);
#1291=VERTEX_POINT('',#4953);
#1292=VERTEX_POINT('',#4955);
#1293=VERTEX_POINT('',#4960);
#1294=VERTEX_POINT('',#4963);
#1295=VERTEX_POINT('',#4965);
#1296=VERTEX_POINT('',#4967);
#1297=VERTEX_POINT('',#4969);
#1298=VERTEX_POINT('',#4983);
#1299=VERTEX_POINT('',#4988);
#1300=VERTEX_POINT('',#4992);
#1301=VERTEX_POINT('',#4996);
#1302=VERTEX_POINT('',#5000);
#1303=VERTEX_POINT('',#5003);
#1304=VERTEX_POINT('',#5015);
#1305=VERTEX_POINT('',#5018);
#1306=VERTEX_POINT('',#5023);
#1307=VERTEX_POINT('',#5026);
#1308=VERTEX_POINT('',#5029);
#1309=VERTEX_POINT('',#5032);
#1310=VERTEX_POINT('',#5043);
#1311=VERTEX_POINT('',#5045);
#1312=VERTEX_POINT('',#5050);
#1313=VERTEX_POINT('',#5053);
#1314=VERTEX_POINT('',#5055);
#1315=VERTEX_POINT('',#5057);
#1316=VERTEX_POINT('',#5061);
#1317=VERTEX_POINT('',#5063);
#1318=VERTEX_POINT('',#5067);
#1319=VERTEX_POINT('',#5069);
#1320=VERTEX_POINT('',#5073);
#1321=VERTEX_POINT('',#5075);
#1322=VERTEX_POINT('',#5079);
#1323=VERTEX_POINT('',#5081);
#1324=VERTEX_POINT('',#5085);
#1325=VERTEX_POINT('',#5086);
#1326=VERTEX_POINT('',#5088);
#1327=VERTEX_POINT('',#5090);
#1328=VERTEX_POINT('',#5094);
#1329=VERTEX_POINT('',#5099);
#1330=VERTEX_POINT('',#5103);
#1331=VERTEX_POINT('',#5105);
#1332=VERTEX_POINT('',#5109);
#1333=VERTEX_POINT('',#5111);
#1334=VERTEX_POINT('',#5114);
#1335=VERTEX_POINT('',#5117);
#1336=VERTEX_POINT('',#5121);
#1337=VERTEX_POINT('',#5123);
#1338=VERTEX_POINT('',#5127);
#1339=VERTEX_POINT('',#5129);
#1340=VERTEX_POINT('',#5131);
#1341=VERTEX_POINT('',#5135);
#1342=VERTEX_POINT('',#5139);
#1343=VERTEX_POINT('',#5141);
#1344=VERTEX_POINT('',#5145);
#1345=VERTEX_POINT('',#5147);
#1346=VERTEX_POINT('',#5151);
#1347=VERTEX_POINT('',#5153);
#1348=VERTEX_POINT('',#5158);
#1349=VERTEX_POINT('',#5160);
#1350=VERTEX_POINT('',#5164);
#1351=VERTEX_POINT('',#5166);
#1352=VERTEX_POINT('',#5170);
#1353=VERTEX_POINT('',#5174);
#1354=VERTEX_POINT('',#5176);
#1355=VERTEX_POINT('',#5178);
#1356=VERTEX_POINT('',#5182);
#1357=VERTEX_POINT('',#5186);
#1358=VERTEX_POINT('',#5188);
#1359=VERTEX_POINT('',#5190);
#1360=VERTEX_POINT('',#5195);
#1361=VERTEX_POINT('',#5197);
#1362=VERTEX_POINT('',#5203);
#1363=VERTEX_POINT('',#5207);
#1364=VERTEX_POINT('',#5208);
#1365=VERTEX_POINT('',#5211);
#1366=VERTEX_POINT('',#5213);
#1367=VERTEX_POINT('',#5215);
#1368=VERTEX_POINT('',#5217);
#1369=VERTEX_POINT('',#5219);
#1370=VERTEX_POINT('',#5221);
#1371=VERTEX_POINT('',#5223);
#1372=VERTEX_POINT('',#5225);
#1373=VERTEX_POINT('',#5227);
#1374=VERTEX_POINT('',#5231);
#1375=VERTEX_POINT('',#5233);
#1376=VERTEX_POINT('',#5237);
#1377=VERTEX_POINT('',#5238);
#1378=VERTEX_POINT('',#5240);
#1379=VERTEX_POINT('',#5242);
#1380=VERTEX_POINT('',#5247);
#1381=VERTEX_POINT('',#5248);
#1382=VERTEX_POINT('',#5250);
#1383=VERTEX_POINT('',#5252);
#1384=VERTEX_POINT('',#5254);
#1385=VERTEX_POINT('',#5257);
#1386=VERTEX_POINT('',#5259);
#1387=VERTEX_POINT('',#5262);
#1388=VERTEX_POINT('',#5264);
#1389=VERTEX_POINT('',#5267);
#1390=VERTEX_POINT('',#5271);
#1391=VERTEX_POINT('',#5275);
#1392=VERTEX_POINT('',#5277);
#1393=VERTEX_POINT('',#5281);
#1394=VERTEX_POINT('',#5285);
#1395=VERTEX_POINT('',#5287);
#1396=VERTEX_POINT('',#5291);
#1397=VERTEX_POINT('',#5296);
#1398=VERTEX_POINT('',#5298);
#1399=VERTEX_POINT('',#5302);
#1400=VERTEX_POINT('',#5306);
#1401=VERTEX_POINT('',#5310);
#1402=VERTEX_POINT('',#5315);
#1403=VERTEX_POINT('',#5326);
#1404=VERTEX_POINT('',#5330);
#1405=VERTEX_POINT('',#5334);
#1406=VERTEX_POINT('',#5338);
#1407=VERTEX_POINT('',#5342);
#1408=VERTEX_POINT('',#5346);
#1409=VERTEX_POINT('',#5350);
#1410=VERTEX_POINT('',#5359);
#1411=VERTEX_POINT('',#5361);
#1412=VERTEX_POINT('',#5363);
#1413=VERTEX_POINT('',#5365);
#1414=VERTEX_POINT('',#5367);
#1415=VERTEX_POINT('',#5369);
#1416=VERTEX_POINT('',#5372);
#1417=VERTEX_POINT('',#5374);
#1418=VERTEX_POINT('',#5378);
#1419=VERTEX_POINT('',#5382);
#1420=VERTEX_POINT('',#5384);
#1421=VERTEX_POINT('',#5386);
#1422=VERTEX_POINT('',#5390);
#1423=VERTEX_POINT('',#5401);
#1424=VERTEX_POINT('',#5403);
#1425=VERTEX_POINT('',#5418);
#1426=VERTEX_POINT('',#5433);
#1427=VERTEX_POINT('',#5435);
#1428=VERTEX_POINT('',#5437);
#1429=VERTEX_POINT('',#5453);
#1430=VERTEX_POINT('',#5489);
#1431=VERTEX_POINT('',#5491);
#1432=VERTEX_POINT('',#5498);
#1433=VERTEX_POINT('',#5505);
#1434=VERTEX_POINT('',#5527);
#1435=VERTEX_POINT('',#5529);
#1436=VERTEX_POINT('',#5533);
#1437=VERTEX_POINT('',#5546);
#1438=VERTEX_POINT('',#5548);
#1439=VERTEX_POINT('',#5551);
#1440=VERTEX_POINT('',#5554);
#1441=VERTEX_POINT('',#5556);
#1442=VERTEX_POINT('',#5561);
#1443=VERTEX_POINT('',#5564);
#1444=VERTEX_POINT('',#5566);
#1445=VERTEX_POINT('',#5571);
#1446=VERTEX_POINT('',#5574);
#1447=VERTEX_POINT('',#5577);
#1448=VERTEX_POINT('',#5588);
#1449=VERTEX_POINT('',#5594);
#1450=VERTEX_POINT('',#5599);
#1451=VERTEX_POINT('',#5605);
#1452=VERTEX_POINT('',#5609);
#1453=VERTEX_POINT('',#5612);
#1454=VERTEX_POINT('',#5624);
#1455=VERTEX_POINT('',#5627);
#1456=VERTEX_POINT('',#5632);
#1457=VERTEX_POINT('',#5635);
#1458=VERTEX_POINT('',#5638);
#1459=VERTEX_POINT('',#5641);
#1460=VERTEX_POINT('',#5652);
#1461=VERTEX_POINT('',#5654);
#1462=VERTEX_POINT('',#5659);
#1463=VERTEX_POINT('',#5662);
#1464=VERTEX_POINT('',#5664);
#1465=VERTEX_POINT('',#5666);
#1466=VERTEX_POINT('',#5670);
#1467=VERTEX_POINT('',#5672);
#1468=VERTEX_POINT('',#5675);
#1469=VERTEX_POINT('',#5677);
#1470=VERTEX_POINT('',#5679);
#1471=VERTEX_POINT('',#5681);
#1472=VERTEX_POINT('',#5683);
#1473=VERTEX_POINT('',#5685);
#1474=VERTEX_POINT('',#5687);
#1475=VERTEX_POINT('',#5691);
#1476=VERTEX_POINT('',#5693);
#1477=VERTEX_POINT('',#5699);
#1478=VERTEX_POINT('',#5703);
#1479=VERTEX_POINT('',#5707);
#1480=VERTEX_POINT('',#5711);
#1481=VERTEX_POINT('',#5712);
#1482=VERTEX_POINT('',#5717);
#1483=VERTEX_POINT('',#5721);
#1484=VERTEX_POINT('',#5725);
#1485=VERTEX_POINT('',#5729);
#1486=VERTEX_POINT('',#5733);
#1487=VERTEX_POINT('',#5736);
#1488=VERTEX_POINT('',#5738);
#1489=VERTEX_POINT('',#5741);
#1490=EDGE_CURVE('',#1198,#1199,#973,.T.);
#1491=EDGE_CURVE('',#1198,#1200,#553,.T.);
#1492=EDGE_CURVE('',#1200,#1201,#974,.T.);
#1493=EDGE_CURVE('',#1202,#1201,#975,.T.);
#1494=EDGE_CURVE('',#1202,#1199,#554,.T.);
#1495=EDGE_CURVE('',#1203,#1202,#555,.T.);
#1496=EDGE_CURVE('',#1204,#1203,#556,.T.);
#1497=EDGE_CURVE('',#1199,#1204,#557,.T.);
#1498=EDGE_CURVE('',#1200,#1205,#558,.T.);
#1499=EDGE_CURVE('',#1205,#1206,#559,.T.);
#1500=EDGE_CURVE('',#1206,#1201,#976,.T.);
#1501=EDGE_CURVE('',#1207,#1208,#977,.T.);
#1502=EDGE_CURVE('',#1208,#1209,#560,.T.);
#1503=EDGE_CURVE('',#1210,#1209,#978,.T.);
#1504=EDGE_CURVE('',#1207,#1210,#561,.T.);
#1505=EDGE_CURVE('',#1211,#1212,#979,.T.);
#1506=EDGE_CURVE('',#1211,#1213,#562,.T.);
#1507=EDGE_CURVE('',#1213,#1214,#980,.F.);
#1508=EDGE_CURVE('',#1214,#1215,#981,.T.);
#1509=EDGE_CURVE('',#1215,#1212,#563,.T.);
#1510=EDGE_CURVE('',#1215,#1216,#564,.T.);
#1511=EDGE_CURVE('',#1217,#1216,#565,.T.);
#1512=EDGE_CURVE('',#1217,#1212,#566,.T.);
#1513=EDGE_CURVE('',#1218,#1214,#982,.T.);
#1514=EDGE_CURVE('',#1216,#1218,#567,.T.);
#1515=EDGE_CURVE('',#1211,#1219,#568,.T.);
#1516=EDGE_CURVE('',#1219,#1220,#569,.T.);
#1517=EDGE_CURVE('',#1220,#1213,#570,.T.);
#1518=EDGE_CURVE('',#1221,#1221,#983,.T.);
#1519=EDGE_CURVE('',#1221,#1222,#984,.T.);
#1520=EDGE_CURVE('',#1223,#1222,#985,.T.);
#1521=EDGE_CURVE('',#1222,#1223,#986,.T.);
#1522=EDGE_CURVE('',#1223,#1224,#571,.T.);
#1523=EDGE_CURVE('',#1224,#1224,#987,.T.);
#1524=EDGE_CURVE('',#1225,#1225,#988,.T.);
#1525=EDGE_CURVE('',#1225,#1226,#572,.T.);
#1526=EDGE_CURVE('',#1226,#1226,#989,.T.);
#1527=EDGE_CURVE('',#1227,#1228,#990,.T.);
#1528=EDGE_CURVE('',#1228,#1227,#991,.T.);
#1529=EDGE_CURVE('',#1228,#1229,#992,.T.);
#1530=EDGE_CURVE('',#1230,#1229,#993,.T.);
#1531=EDGE_CURVE('',#1229,#1230,#994,.T.);
#1532=EDGE_CURVE('',#1231,#1232,#995,.T.);
#1533=EDGE_CURVE('',#1232,#1233,#996,.T.);
#1534=EDGE_CURVE('',#1233,#1234,#573,.T.);
#1535=EDGE_CURVE('',#1234,#1235,#997,.T.);
#1536=EDGE_CURVE('',#1235,#1234,#998,.T.);
#1537=EDGE_CURVE('',#1234,#1236,#574,.T.);
#1538=EDGE_CURVE('',#1236,#1237,#999,.T.);
#1539=EDGE_CURVE('',#1237,#1236,#1000,.T.);
#1540=EDGE_CURVE('',#1236,#1227,#575,.T.);
#1541=EDGE_CURVE('',#1227,#1238,#576,.T.);
#1542=EDGE_CURVE('',#1238,#1239,#577,.T.);
#1543=EDGE_CURVE('',#1239,#1240,#578,.T.);
#1544=EDGE_CURVE('',#1240,#1231,#579,.T.);
#1545=EDGE_CURVE('',#1230,#1241,#580,.T.);
#1546=EDGE_CURVE('',#1241,#1241,#1001,.T.);
#1547=EDGE_CURVE('',#1237,#1242,#1002,.T.);
#1548=EDGE_CURVE('',#1243,#1242,#1003,.T.);
#1549=EDGE_CURVE('',#1242,#1243,#1004,.T.);
#1550=EDGE_CURVE('',#1243,#1244,#581,.T.);
#1551=EDGE_CURVE('',#1244,#1244,#1005,.T.);
#1552=EDGE_CURVE('',#1235,#1245,#1006,.T.);
#1553=EDGE_CURVE('',#1246,#1245,#1007,.T.);
#1554=EDGE_CURVE('',#1245,#1246,#1008,.T.);
#1555=EDGE_CURVE('',#1246,#1247,#582,.T.);
#1556=EDGE_CURVE('',#1247,#1247,#1009,.T.);
#1557=EDGE_CURVE('',#1233,#1231,#1010,.T.);
#1558=EDGE_CURVE('',#1232,#1248,#1011,.T.);
#1559=EDGE_CURVE('',#1249,#1248,#1012,.T.);
#1560=EDGE_CURVE('',#1248,#1249,#1013,.T.);
#1561=EDGE_CURVE('',#1231,#1250,#583,.T.);
#1562=EDGE_CURVE('',#1250,#1233,#584,.T.);
#1563=EDGE_CURVE('',#1249,#1251,#585,.T.);
#1564=EDGE_CURVE('',#1251,#1251,#1014,.T.);
#1565=EDGE_CURVE('',#1252,#1253,#1015,.F.);
#1566=EDGE_CURVE('',#1253,#1250,#1016,.F.);
#1567=EDGE_CURVE('',#1250,#1252,#1017,.F.);
#1568=EDGE_CURVE('',#1254,#1240,#1018,.T.);
#1569=EDGE_CURVE('',#1252,#1254,#586,.T.);
#1570=EDGE_CURVE('',#1238,#1255,#1019,.T.);
#1571=EDGE_CURVE('',#1255,#1253,#587,.T.);
#1572=EDGE_CURVE('',#1225,#1256,#1020,.T.);
#1573=EDGE_CURVE('',#1257,#1256,#1021,.T.);
#1574=EDGE_CURVE('',#1258,#1257,#1022,.T.);
#1575=EDGE_CURVE('',#1238,#1258,#1023,.T.);
#1576=EDGE_CURVE('',#1256,#1255,#1024,.T.);
#1577=EDGE_CURVE('',#1259,#1252,#588,.T.);
#1578=EDGE_CURVE('',#1260,#1259,#73,.T.);
#1579=EDGE_CURVE('',#1253,#1260,#589,.T.);
#1580=EDGE_CURVE('',#1261,#1262,#1025,.T.);
#1581=EDGE_CURVE('',#1263,#1261,#1026,.T.);
#1582=EDGE_CURVE('',#1263,#1264,#1027,.T.);
#1583=EDGE_CURVE('',#1262,#1264,#1028,.T.);
#1584=EDGE_CURVE('',#1265,#1266,#1029,.T.);
#1585=EDGE_CURVE('',#1261,#1265,#590,.T.);
#1586=EDGE_CURVE('',#1266,#1262,#591,.T.);
#1587=EDGE_CURVE('',#1267,#1268,#1030,.T.);
#1588=EDGE_CURVE('',#1265,#1267,#1031,.T.);
#1589=EDGE_CURVE('',#1268,#1266,#1032,.T.);
#1590=EDGE_CURVE('',#1269,#1270,#1033,.T.);
#1591=EDGE_CURVE('',#1267,#1269,#1034,.T.);
#1592=EDGE_CURVE('',#1270,#1268,#1035,.T.);
#1593=EDGE_CURVE('',#1271,#1272,#1036,.T.);
#1594=EDGE_CURVE('',#1269,#1271,#1037,.T.);
#1595=EDGE_CURVE('',#1272,#1270,#1038,.T.);
#1596=EDGE_CURVE('',#1260,#1272,#592,.T.);
#1597=EDGE_CURVE('',#1271,#1259,#593,.T.);
#1598=EDGE_CURVE('',#1216,#1259,#594,.T.);
#1599=EDGE_CURVE('',#1218,#1273,#595,.T.);
#1600=EDGE_CURVE('',#1274,#1273,#1039,.T.);
#1601=EDGE_CURVE('',#1275,#1274,#1040,.T.);
#1602=EDGE_CURVE('',#1275,#1271,#596,.T.);
#1603=EDGE_CURVE('',#1276,#1275,#51,.T.);
#1604=EDGE_CURVE('',#1276,#1269,#597,.T.);
#1605=EDGE_CURVE('',#1277,#1276,#52,.T.);
#1606=EDGE_CURVE('',#1278,#1277,#598,.T.);
#1607=EDGE_CURVE('',#1278,#1279,#1041,.T.);
#1608=EDGE_CURVE('',#1279,#1280,#599,.T.);
#1609=EDGE_CURVE('',#1281,#1280,#53,.T.);
#1610=EDGE_CURVE('',#1282,#1281,#54,.T.);
#1611=EDGE_CURVE('',#1282,#1267,#600,.T.);
#1612=EDGE_CURVE('',#1283,#1283,#55,.T.);
#1613=EDGE_CURVE('',#1280,#1282,#56,.T.);
#1614=EDGE_CURVE('',#1284,#1279,#1042,.T.);
#1615=EDGE_CURVE('',#1284,#1285,#601,.T.);
#1616=EDGE_CURVE('',#1286,#1285,#57,.T.);
#1617=EDGE_CURVE('',#1287,#1286,#58,.T.);
#1618=EDGE_CURVE('',#1287,#1265,#602,.T.);
#1619=EDGE_CURVE('',#1288,#1287,#1043,.T.);
#1620=EDGE_CURVE('',#1289,#1288,#603,.T.);
#1621=EDGE_CURVE('',#1289,#1261,#604,.T.);
#1622=EDGE_CURVE('',#1290,#1289,#59,.T.);
#1623=EDGE_CURVE('',#1290,#1263,#605,.T.);
#1624=EDGE_CURVE('',#1291,#1291,#1044,.T.);
#1625=EDGE_CURVE('',#1291,#1292,#606,.T.);
#1626=EDGE_CURVE('',#1292,#1292,#1045,.T.);
#1627=EDGE_CURVE('',#1293,#1293,#1046,.T.);
#1628=EDGE_CURVE('',#1293,#1294,#607,.T.);
#1629=EDGE_CURVE('',#1294,#1295,#74,.T.);
#1630=EDGE_CURVE('',#1295,#1296,#608,.T.);
#1631=EDGE_CURVE('',#1296,#1297,#60,.T.);
#1632=EDGE_CURVE('',#1297,#1290,#1047,.T.);
#1633=EDGE_CURVE('',#1288,#1294,#75,.T.);
#1634=EDGE_CURVE('',#1298,#1298,#1048,.T.);
#1635=EDGE_CURVE('',#1298,#1286,#609,.T.);
#1636=EDGE_CURVE('',#1285,#1295,#1049,.T.);
#1637=EDGE_CURVE('',#1299,#1284,#610,.T.);
#1638=EDGE_CURVE('',#1299,#1296,#611,.T.);
#1639=EDGE_CURVE('',#1299,#1300,#1050,.T.);
#1640=EDGE_CURVE('',#1300,#1297,#612,.T.);
#1641=EDGE_CURVE('',#1301,#1301,#1051,.T.);
#1642=EDGE_CURVE('',#1301,#1281,#613,.T.);
#1643=EDGE_CURVE('',#1302,#1302,#1052,.T.);
#1644=EDGE_CURVE('',#1303,#1303,#1053,.T.);
#1645=EDGE_CURVE('',#1303,#1274,#614,.T.);
#1646=EDGE_CURVE('',#1273,#1277,#61,.T.);
#1647=EDGE_CURVE('',#1304,#1304,#1054,.T.);
#1648=EDGE_CURVE('',#1305,#1305,#1055,.T.);
#1649=EDGE_CURVE('',#1214,#1278,#1056,.T.);
#1650=EDGE_CURVE('',#1306,#1306,#1057,.T.);
#1651=EDGE_CURVE('',#1307,#1307,#1058,.T.);
#1652=EDGE_CURVE('',#1308,#1308,#1059,.T.);
#1653=EDGE_CURVE('',#1309,#1309,#1060,.T.);
#1654=EDGE_CURVE('',#1306,#1283,#615,.T.);
#1655=EDGE_CURVE('',#1307,#1302,#616,.T.);
#1656=EDGE_CURVE('',#1308,#1304,#617,.T.);
#1657=EDGE_CURVE('',#1309,#1305,#618,.T.);
#1658=EDGE_CURVE('',#1310,#1310,#1061,.T.);
#1659=EDGE_CURVE('',#1310,#1311,#619,.T.);
#1660=EDGE_CURVE('',#1311,#1311,#1062,.T.);
#1661=EDGE_CURVE('',#1312,#1312,#1063,.T.);
#1662=EDGE_CURVE('',#1312,#1313,#620,.T.);
#1663=EDGE_CURVE('',#1313,#1314,#1064,.T.);
#1664=EDGE_CURVE('',#1315,#1314,#1065,.T.);
#1665=EDGE_CURVE('',#1315,#1313,#1066,.T.);
#1666=EDGE_CURVE('',#1316,#1315,#621,.T.);
#1667=EDGE_CURVE('',#1317,#1316,#622,.T.);
#1668=EDGE_CURVE('',#1314,#1317,#623,.T.);
#1669=EDGE_CURVE('',#1219,#1318,#624,.T.);
#1670=EDGE_CURVE('',#1318,#1319,#625,.T.);
#1671=EDGE_CURVE('',#1319,#1220,#626,.T.);
#1672=EDGE_CURVE('',#1318,#1320,#627,.T.);
#1673=EDGE_CURVE('',#1320,#1321,#628,.T.);
#1674=EDGE_CURVE('',#1321,#1319,#629,.T.);
#1675=EDGE_CURVE('',#1320,#1322,#630,.T.);
#1676=EDGE_CURVE('',#1322,#1323,#631,.T.);
#1677=EDGE_CURVE('',#1323,#1321,#632,.T.);
#1678=EDGE_CURVE('',#1324,#1325,#633,.T.);
#1679=EDGE_CURVE('',#1325,#1326,#634,.T.);
#1680=EDGE_CURVE('',#1326,#1327,#635,.T.);
#1681=EDGE_CURVE('',#1324,#1327,#636,.T.);
#1682=EDGE_CURVE('',#1325,#1328,#637,.T.);
#1683=EDGE_CURVE('',#1328,#1316,#638,.T.);
#1684=EDGE_CURVE('',#1315,#1326,#639,.T.);
#1685=EDGE_CURVE('',#1328,#1329,#640,.T.);
#1686=EDGE_CURVE('',#1329,#1317,#641,.T.);
#1687=EDGE_CURVE('',#1329,#1330,#642,.T.);
#1688=EDGE_CURVE('',#1330,#1331,#643,.T.);
#1689=EDGE_CURVE('',#1331,#1314,#644,.T.);
#1690=EDGE_CURVE('',#1324,#1332,#1067,.T.);
#1691=EDGE_CURVE('',#1333,#1332,#1068,.T.);
#1692=EDGE_CURVE('',#1333,#1330,#1069,.T.);
#1693=EDGE_CURVE('',#1334,#1334,#1070,.T.);
#1694=EDGE_CURVE('',#1335,#1335,#1071,.T.);
#1695=EDGE_CURVE('',#1335,#1334,#645,.T.);
#1696=EDGE_CURVE('',#1336,#1336,#1072,.T.);
#1697=EDGE_CURVE('',#1336,#1337,#646,.T.);
#1698=EDGE_CURVE('',#1337,#1337,#1073,.T.);
#1699=EDGE_CURVE('',#1333,#1338,#647,.T.);
#1700=EDGE_CURVE('',#1338,#1339,#1074,.T.);
#1701=EDGE_CURVE('',#1339,#1340,#648,.T.);
#1702=EDGE_CURVE('',#1340,#1331,#1075,.T.);
#1703=EDGE_CURVE('',#1332,#1341,#649,.T.);
#1704=EDGE_CURVE('',#1341,#1338,#1076,.T.);
#1705=EDGE_CURVE('',#1327,#1342,#1077,.T.);
#1706=EDGE_CURVE('',#1343,#1342,#650,.T.);
#1707=EDGE_CURVE('',#1343,#1341,#1078,.T.);
#1708=EDGE_CURVE('',#1342,#1344,#651,.T.);
#1709=EDGE_CURVE('',#1345,#1344,#652,.T.);
#1710=EDGE_CURVE('',#1345,#1343,#653,.T.);
#1711=EDGE_CURVE('',#1346,#1322,#1079,.T.);
#1712=EDGE_CURVE('',#1346,#1347,#654,.T.);
#1713=EDGE_CURVE('',#1347,#1345,#1080,.T.);
#1714=EDGE_CURVE('',#1344,#1323,#1081,.T.);
#1715=EDGE_CURVE('',#1346,#1348,#1082,.T.);
#1716=EDGE_CURVE('',#1348,#1349,#655,.T.);
#1717=EDGE_CURVE('',#1349,#1347,#1083,.T.);
#1718=EDGE_CURVE('',#1350,#1348,#1084,.T.);
#1719=EDGE_CURVE('',#1350,#1351,#656,.T.);
#1720=EDGE_CURVE('',#1351,#1349,#1085,.T.);
#1721=EDGE_CURVE('',#1352,#1258,#657,.T.);
#1722=EDGE_CURVE('',#1352,#1239,#1086,.T.);
#1723=EDGE_CURVE('',#1353,#1353,#1087,.T.);
#1724=EDGE_CURVE('',#1353,#1354,#1088,.T.);
#1725=EDGE_CURVE('',#1354,#1355,#1089,.T.);
#1726=EDGE_CURVE('',#1355,#1354,#1090,.T.);
#1727=EDGE_CURVE('',#1355,#1356,#658,.T.);
#1728=EDGE_CURVE('',#1356,#1356,#1091,.T.);
#1729=EDGE_CURVE('',#1357,#1357,#1092,.T.);
#1730=EDGE_CURVE('',#1357,#1358,#1093,.T.);
#1731=EDGE_CURVE('',#1358,#1359,#1094,.T.);
#1732=EDGE_CURVE('',#1359,#1358,#1095,.T.);
#1733=EDGE_CURVE('',#1357,#1353,#659,.T.);
#1734=EDGE_CURVE('',#1360,#1357,#660,.T.);
#1735=EDGE_CURVE('',#1361,#1360,#661,.T.);
#1736=EDGE_CURVE('',#1361,#1352,#662,.T.);
#1737=EDGE_CURVE('',#1258,#1221,#663,.T.);
#1738=EDGE_CURVE('',#1221,#1353,#664,.T.);
#1739=EDGE_CURVE('',#1359,#1362,#665,.T.);
#1740=EDGE_CURVE('',#1362,#1362,#1096,.T.);
#1741=EDGE_CURVE('',#1363,#1364,#1097,.T.);
#1742=EDGE_CURVE('',#1363,#1257,#666,.T.);
#1743=EDGE_CURVE('',#1365,#1264,#667,.T.);
#1744=EDGE_CURVE('',#1366,#1365,#1098,.T.);
#1745=EDGE_CURVE('',#1367,#1366,#668,.T.);
#1746=EDGE_CURVE('',#1368,#1367,#1099,.T.);
#1747=EDGE_CURVE('',#1369,#1368,#1100,.T.);
#1748=EDGE_CURVE('',#1370,#1369,#1101,.T.);
#1749=EDGE_CURVE('',#1371,#1370,#669,.T.);
#1750=EDGE_CURVE('',#1372,#1371,#670,.T.);
#1751=EDGE_CURVE('',#1373,#1372,#671,.T.);
#1752=EDGE_CURVE('',#1364,#1373,#1102,.T.);
#1753=EDGE_CURVE('',#1374,#1374,#1103,.T.);
#1754=EDGE_CURVE('',#1374,#1375,#672,.T.);
#1755=EDGE_CURVE('',#1375,#1375,#1104,.T.);
#1756=EDGE_CURVE('',#1376,#1377,#1105,.T.);
#1757=EDGE_CURVE('',#1377,#1378,#1106,.T.);
#1758=EDGE_CURVE('',#1378,#1379,#1107,.T.);
#1759=EDGE_CURVE('',#1379,#1378,#1108,.T.);
#1760=EDGE_CURVE('',#1377,#1376,#1109,.T.);
#1761=EDGE_CURVE('',#1380,#1381,#1110,.T.);
#1762=EDGE_CURVE('',#1382,#1380,#673,.T.);
#1763=EDGE_CURVE('',#1383,#1382,#674,.T.);
#1764=EDGE_CURVE('',#1384,#1383,#675,.T.);
#1765=EDGE_CURVE('',#1376,#1384,#676,.T.);
#1766=EDGE_CURVE('',#1385,#1376,#677,.T.);
#1767=EDGE_CURVE('',#1386,#1385,#1111,.T.);
#1768=EDGE_CURVE('',#1385,#1386,#1112,.T.);
#1769=EDGE_CURVE('',#1387,#1385,#678,.T.);
#1770=EDGE_CURVE('',#1388,#1387,#1113,.T.);
#1771=EDGE_CURVE('',#1387,#1388,#1114,.T.);
#1772=EDGE_CURVE('',#1389,#1387,#679,.T.);
#1773=EDGE_CURVE('',#1381,#1389,#1115,.T.);
#1774=EDGE_CURVE('',#1379,#1390,#680,.T.);
#1775=EDGE_CURVE('',#1390,#1390,#1116,.T.);
#1776=EDGE_CURVE('',#1386,#1391,#1117,.T.);
#1777=EDGE_CURVE('',#1391,#1392,#1118,.T.);
#1778=EDGE_CURVE('',#1392,#1391,#1119,.T.);
#1779=EDGE_CURVE('',#1392,#1393,#681,.T.);
#1780=EDGE_CURVE('',#1393,#1393,#1120,.T.);
#1781=EDGE_CURVE('',#1388,#1394,#1121,.T.);
#1782=EDGE_CURVE('',#1394,#1395,#1122,.T.);
#1783=EDGE_CURVE('',#1395,#1394,#1123,.T.);
#1784=EDGE_CURVE('',#1395,#1396,#682,.T.);
#1785=EDGE_CURVE('',#1396,#1396,#1124,.T.);
#1786=EDGE_CURVE('',#1389,#1380,#1125,.T.);
#1787=EDGE_CURVE('',#1381,#1397,#1126,.T.);
#1788=EDGE_CURVE('',#1397,#1398,#1127,.T.);
#1789=EDGE_CURVE('',#1398,#1397,#1128,.T.);
#1790=EDGE_CURVE('',#1399,#1389,#683,.T.);
#1791=EDGE_CURVE('',#1380,#1399,#684,.T.);
#1792=EDGE_CURVE('',#1398,#1400,#685,.T.);
#1793=EDGE_CURVE('',#1400,#1400,#1129,.T.);
#1794=EDGE_CURVE('',#1401,#1372,#1130,.F.);
#1795=EDGE_CURVE('',#1399,#1401,#1131,.F.);
#1796=EDGE_CURVE('',#1372,#1399,#1132,.F.);
#1797=EDGE_CURVE('',#1402,#1382,#1133,.T.);
#1798=EDGE_CURVE('',#1401,#1402,#686,.T.);
#1799=EDGE_CURVE('',#1384,#1373,#1134,.T.);
#1800=EDGE_CURVE('',#1374,#1364,#1135,.T.);
#1801=EDGE_CURVE('',#1384,#1360,#1136,.T.);
#1802=EDGE_CURVE('',#1360,#1363,#1137,.T.);
#1803=EDGE_CURVE('',#1403,#1401,#687,.T.);
#1804=EDGE_CURVE('',#1371,#1403,#76,.T.);
#1805=EDGE_CURVE('',#1263,#1404,#688,.T.);
#1806=EDGE_CURVE('',#1404,#1365,#1138,.T.);
#1807=EDGE_CURVE('',#1405,#1366,#1139,.T.);
#1808=EDGE_CURVE('',#1404,#1405,#1140,.T.);
#1809=EDGE_CURVE('',#1406,#1367,#1141,.T.);
#1810=EDGE_CURVE('',#1405,#1406,#689,.T.);
#1811=EDGE_CURVE('',#1407,#1368,#1142,.T.);
#1812=EDGE_CURVE('',#1406,#1407,#1143,.T.);
#1813=EDGE_CURVE('',#1408,#1369,#1144,.T.);
#1814=EDGE_CURVE('',#1407,#1408,#1145,.T.);
#1815=EDGE_CURVE('',#1409,#1370,#1146,.T.);
#1816=EDGE_CURVE('',#1408,#1409,#1147,.T.);
#1817=EDGE_CURVE('',#1409,#1403,#690,.T.);
#1818=EDGE_CURVE('',#1402,#1254,#691,.T.);
#1819=EDGE_CURVE('',#1361,#1383,#1148,.T.);
#1820=EDGE_CURVE('',#1210,#1351,#692,.T.);
#1821=EDGE_CURVE('',#1209,#1410,#1149,.T.);
#1822=EDGE_CURVE('',#1410,#1411,#1150,.T.);
#1823=EDGE_CURVE('',#1411,#1412,#693,.T.);
#1824=EDGE_CURVE('',#1412,#1413,#1151,.T.);
#1825=EDGE_CURVE('',#1413,#1414,#1152,.T.);
#1826=EDGE_CURVE('',#1414,#1415,#1153,.T.);
#1827=EDGE_CURVE('',#1415,#1339,#694,.T.);
#1828=EDGE_CURVE('',#1416,#1416,#1154,.T.);
#1829=EDGE_CURVE('',#1417,#1417,#1155,.T.);
#1830=EDGE_CURVE('',#1205,#1403,#695,.T.);
#1831=EDGE_CURVE('',#1418,#1205,#696,.T.);
#1832=EDGE_CURVE('',#1217,#1418,#697,.T.);
#1833=EDGE_CURVE('',#1419,#1409,#698,.T.);
#1834=EDGE_CURVE('',#1419,#1420,#1156,.T.);
#1835=EDGE_CURVE('',#1420,#1421,#1157,.T.);
#1836=EDGE_CURVE('',#1206,#1421,#699,.T.);
#1837=EDGE_CURVE('',#1422,#1408,#700,.T.);
#1838=EDGE_CURVE('',#1422,#1419,#62,.T.);
#1839=EDGE_CURVE('',#1423,#1407,#701,.T.);
#1840=EDGE_CURVE('',#1423,#1424,#63,.T.);
#1841=EDGE_CURVE('',#1424,#1425,#64,.T.);
#1842=EDGE_CURVE('',#1426,#1425,#702,.T.);
#1843=EDGE_CURVE('',#1427,#1426,#1158,.T.);
#1844=EDGE_CURVE('',#1427,#1428,#703,.T.);
#1845=EDGE_CURVE('',#1428,#1422,#65,.T.);
#1846=EDGE_CURVE('',#1429,#1429,#66,.T.);
#1847=EDGE_CURVE('',#1430,#1406,#704,.T.);
#1848=EDGE_CURVE('',#1430,#1431,#67,.T.);
#1849=EDGE_CURVE('',#1431,#1432,#68,.T.);
#1850=EDGE_CURVE('',#1433,#1432,#705,.T.);
#1851=EDGE_CURVE('',#1433,#1426,#1159,.T.);
#1852=EDGE_CURVE('',#1425,#1423,#69,.T.);
#1853=EDGE_CURVE('',#1434,#1405,#706,.T.);
#1854=EDGE_CURVE('',#1434,#1435,#707,.T.);
#1855=EDGE_CURVE('',#1435,#1430,#1160,.T.);
#1856=EDGE_CURVE('',#1436,#1404,#708,.T.);
#1857=EDGE_CURVE('',#1436,#1434,#70,.T.);
#1858=EDGE_CURVE('',#1437,#1300,#709,.T.);
#1859=EDGE_CURVE('',#1437,#1438,#710,.T.);
#1860=EDGE_CURVE('',#1438,#1436,#1161,.T.);
#1861=EDGE_CURVE('',#1439,#1439,#1162,.T.);
#1862=EDGE_CURVE('',#1440,#1440,#1163,.T.);
#1863=EDGE_CURVE('',#1440,#1441,#711,.T.);
#1864=EDGE_CURVE('',#1441,#1441,#1164,.T.);
#1865=EDGE_CURVE('',#1442,#1442,#1165,.T.);
#1866=EDGE_CURVE('',#1443,#1443,#1166,.T.);
#1867=EDGE_CURVE('',#1443,#1444,#712,.T.);
#1868=EDGE_CURVE('',#1444,#1444,#1167,.T.);
#1869=EDGE_CURVE('',#1445,#1445,#1168,.T.);
#1870=EDGE_CURVE('',#1445,#1446,#713,.T.);
#1871=EDGE_CURVE('',#1435,#1446,#77,.T.);
#1872=EDGE_CURVE('',#1447,#1438,#71,.T.);
#1873=EDGE_CURVE('',#1448,#1447,#714,.T.);
#1874=EDGE_CURVE('',#1446,#1448,#78,.T.);
#1875=EDGE_CURVE('',#1442,#1439,#715,.T.);
#1876=EDGE_CURVE('',#1449,#1449,#1169,.T.);
#1877=EDGE_CURVE('',#1449,#1431,#716,.T.);
#1878=EDGE_CURVE('',#1432,#1448,#1170,.T.);
#1879=EDGE_CURVE('',#1450,#1447,#717,.T.);
#1880=EDGE_CURVE('',#1450,#1433,#718,.T.);
#1881=EDGE_CURVE('',#1450,#1437,#1171,.T.);
#1882=EDGE_CURVE('',#1451,#1451,#1172,.T.);
#1883=EDGE_CURVE('',#1451,#1424,#719,.T.);
#1884=EDGE_CURVE('',#1452,#1452,#1173,.T.);
#1885=EDGE_CURVE('',#1453,#1453,#1174,.T.);
#1886=EDGE_CURVE('',#1453,#1420,#720,.T.);
#1887=EDGE_CURVE('',#1421,#1428,#72,.T.);
#1888=EDGE_CURVE('',#1454,#1454,#1175,.T.);
#1889=EDGE_CURVE('',#1455,#1455,#1176,.T.);
#1890=EDGE_CURVE('',#1427,#1201,#1177,.T.);
#1891=EDGE_CURVE('',#1456,#1456,#1178,.T.);
#1892=EDGE_CURVE('',#1457,#1457,#1179,.T.);
#1893=EDGE_CURVE('',#1458,#1458,#1180,.T.);
#1894=EDGE_CURVE('',#1459,#1459,#1181,.T.);
#1895=EDGE_CURVE('',#1456,#1429,#721,.T.);
#1896=EDGE_CURVE('',#1457,#1452,#722,.T.);
#1897=EDGE_CURVE('',#1458,#1454,#723,.T.);
#1898=EDGE_CURVE('',#1459,#1455,#724,.T.);
#1899=EDGE_CURVE('',#1460,#1460,#1182,.T.);
#1900=EDGE_CURVE('',#1460,#1461,#725,.T.);
#1901=EDGE_CURVE('',#1461,#1461,#1183,.T.);
#1902=EDGE_CURVE('',#1462,#1462,#1184,.T.);
#1903=EDGE_CURVE('',#1462,#1463,#726,.T.);
#1904=EDGE_CURVE('',#1464,#1463,#1185,.T.);
#1905=EDGE_CURVE('',#1464,#1465,#1186,.T.);
#1906=EDGE_CURVE('',#1463,#1465,#1187,.T.);
#1907=EDGE_CURVE('',#1466,#1340,#727,.T.);
#1908=EDGE_CURVE('',#1466,#1467,#1188,.T.);
#1909=EDGE_CURVE('',#1467,#1465,#728,.T.);
#1910=EDGE_CURVE('',#1464,#1468,#729,.T.);
#1911=EDGE_CURVE('',#1468,#1469,#730,.T.);
#1912=EDGE_CURVE('',#1469,#1470,#1189,.T.);
#1913=EDGE_CURVE('',#1470,#1471,#731,.T.);
#1914=EDGE_CURVE('',#1471,#1472,#1190,.T.);
#1915=EDGE_CURVE('',#1472,#1473,#732,.T.);
#1916=EDGE_CURVE('',#1473,#1474,#733,.T.);
#1917=EDGE_CURVE('',#1474,#1203,#734,.T.);
#1918=EDGE_CURVE('',#1465,#1475,#735,.T.);
#1919=EDGE_CURVE('',#1475,#1476,#736,.T.);
#1920=EDGE_CURVE('',#1476,#1464,#737,.T.);
#1921=EDGE_CURVE('',#1418,#1198,#738,.T.);
#1922=EDGE_CURVE('',#1204,#1477,#739,.T.);
#1923=EDGE_CURVE('',#1477,#1474,#740,.T.);
#1924=EDGE_CURVE('',#1477,#1478,#741,.T.);
#1925=EDGE_CURVE('',#1478,#1473,#742,.T.);
#1926=EDGE_CURVE('',#1478,#1479,#743,.T.);
#1927=EDGE_CURVE('',#1479,#1472,#744,.T.);
#1928=EDGE_CURVE('',#1480,#1481,#745,.T.);
#1929=EDGE_CURVE('',#1480,#1469,#746,.T.);
#1930=EDGE_CURVE('',#1481,#1468,#747,.T.);
#1931=EDGE_CURVE('',#1481,#1482,#748,.T.);
#1932=EDGE_CURVE('',#1482,#1476,#749,.T.);
#1933=EDGE_CURVE('',#1482,#1483,#750,.T.);
#1934=EDGE_CURVE('',#1483,#1475,#751,.T.);
#1935=EDGE_CURVE('',#1483,#1484,#752,.T.);
#1936=EDGE_CURVE('',#1484,#1467,#753,.T.);
#1937=EDGE_CURVE('',#1485,#1479,#1191,.T.);
#1938=EDGE_CURVE('',#1485,#1208,#1192,.T.);
#1939=EDGE_CURVE('',#1350,#1207,#754,.T.);
#1940=EDGE_CURVE('',#1486,#1486,#1193,.T.);
#1941=EDGE_CURVE('',#1487,#1484,#1194,.T.);
#1942=EDGE_CURVE('',#1487,#1488,#1195,.T.);
#1943=EDGE_CURVE('',#1480,#1488,#1196,.T.);
#1944=EDGE_CURVE('',#1489,#1489,#1197,.T.);
#1945=EDGE_CURVE('',#1416,#1489,#755,.T.);
#1946=EDGE_CURVE('',#1417,#1486,#756,.T.);
#1947=EDGE_CURVE('',#1415,#1466,#757,.T.);
#1948=EDGE_CURVE('',#1487,#1414,#758,.T.);
#1949=EDGE_CURVE('',#1488,#1413,#759,.T.);
#1950=EDGE_CURVE('',#1412,#1470,#760,.T.);
#1951=EDGE_CURVE('',#1411,#1471,#761,.T.);
#1952=EDGE_CURVE('',#1485,#1410,#762,.T.);
#1953=ORIENTED_EDGE('',*,*,#1490,.F.);
#1954=ORIENTED_EDGE('',*,*,#1491,.T.);
#1955=ORIENTED_EDGE('',*,*,#1492,.T.);
#1956=ORIENTED_EDGE('',*,*,#1493,.F.);
#1957=ORIENTED_EDGE('',*,*,#1494,.T.);
#1958=ORIENTED_EDGE('',*,*,#1494,.F.);
#1959=ORIENTED_EDGE('',*,*,#1495,.F.);
#1960=ORIENTED_EDGE('',*,*,#1496,.F.);
#1961=ORIENTED_EDGE('',*,*,#1497,.F.);
#1962=ORIENTED_EDGE('',*,*,#1492,.F.);
#1963=ORIENTED_EDGE('',*,*,#1498,.T.);
#1964=ORIENTED_EDGE('',*,*,#1499,.T.);
#1965=ORIENTED_EDGE('',*,*,#1500,.T.);
#1966=ORIENTED_EDGE('',*,*,#1501,.T.);
#1967=ORIENTED_EDGE('',*,*,#1502,.T.);
#1968=ORIENTED_EDGE('',*,*,#1503,.F.);
#1969=ORIENTED_EDGE('',*,*,#1504,.F.);
#1970=ORIENTED_EDGE('',*,*,#1505,.F.);
#1971=ORIENTED_EDGE('',*,*,#1506,.T.);
#1972=ORIENTED_EDGE('',*,*,#1507,.T.);
#1973=ORIENTED_EDGE('',*,*,#1508,.T.);
#1974=ORIENTED_EDGE('',*,*,#1509,.T.);
#1975=ORIENTED_EDGE('',*,*,#1509,.F.);
#1976=ORIENTED_EDGE('',*,*,#1510,.T.);
#1977=ORIENTED_EDGE('',*,*,#1511,.F.);
#1978=ORIENTED_EDGE('',*,*,#1512,.T.);
#1979=ORIENTED_EDGE('',*,*,#1508,.F.);
#1980=ORIENTED_EDGE('',*,*,#1513,.F.);
#1981=ORIENTED_EDGE('',*,*,#1514,.F.);
#1982=ORIENTED_EDGE('',*,*,#1510,.F.);
#1983=ORIENTED_EDGE('',*,*,#1506,.F.);
#1984=ORIENTED_EDGE('',*,*,#1515,.T.);
#1985=ORIENTED_EDGE('',*,*,#1516,.T.);
#1986=ORIENTED_EDGE('',*,*,#1517,.T.);
#1987=ORIENTED_EDGE('',*,*,#1518,.F.);
#1988=ORIENTED_EDGE('',*,*,#1519,.T.);
#1989=ORIENTED_EDGE('',*,*,#1520,.F.);
#1990=ORIENTED_EDGE('',*,*,#1521,.F.);
#1991=ORIENTED_EDGE('',*,*,#1519,.F.);
#1992=ORIENTED_EDGE('',*,*,#1520,.T.);
#1993=ORIENTED_EDGE('',*,*,#1521,.T.);
#1994=ORIENTED_EDGE('',*,*,#1522,.T.);
#1995=ORIENTED_EDGE('',*,*,#1523,.F.);
#1996=ORIENTED_EDGE('',*,*,#1522,.F.);
#1997=ORIENTED_EDGE('',*,*,#1524,.T.);
#1998=ORIENTED_EDGE('',*,*,#1525,.T.);
#1999=ORIENTED_EDGE('',*,*,#1526,.F.);
#2000=ORIENTED_EDGE('',*,*,#1525,.F.);
#2001=ORIENTED_EDGE('',*,*,#1527,.F.);
#2002=ORIENTED_EDGE('',*,*,#1528,.F.);
#2003=ORIENTED_EDGE('',*,*,#1529,.T.);
#2004=ORIENTED_EDGE('',*,*,#1530,.F.);
#2005=ORIENTED_EDGE('',*,*,#1531,.F.);
#2006=ORIENTED_EDGE('',*,*,#1529,.F.);
#2007=ORIENTED_EDGE('',*,*,#1532,.T.);
#2008=ORIENTED_EDGE('',*,*,#1533,.T.);
#2009=ORIENTED_EDGE('',*,*,#1534,.T.);
#2010=ORIENTED_EDGE('',*,*,#1535,.T.);
#2011=ORIENTED_EDGE('',*,*,#1536,.T.);
#2012=ORIENTED_EDGE('',*,*,#1537,.T.);
#2013=ORIENTED_EDGE('',*,*,#1538,.T.);
#2014=ORIENTED_EDGE('',*,*,#1539,.T.);
#2015=ORIENTED_EDGE('',*,*,#1540,.T.);
#2016=ORIENTED_EDGE('',*,*,#1527,.T.);
#2017=ORIENTED_EDGE('',*,*,#1528,.T.);
#2018=ORIENTED_EDGE('',*,*,#1541,.T.);
#2019=ORIENTED_EDGE('',*,*,#1542,.T.);
#2020=ORIENTED_EDGE('',*,*,#1543,.T.);
#2021=ORIENTED_EDGE('',*,*,#1544,.T.);
#2022=ORIENTED_EDGE('',*,*,#1530,.T.);
#2023=ORIENTED_EDGE('',*,*,#1531,.T.);
#2024=ORIENTED_EDGE('',*,*,#1545,.T.);
#2025=ORIENTED_EDGE('',*,*,#1546,.F.);
#2026=ORIENTED_EDGE('',*,*,#1545,.F.);
#2027=ORIENTED_EDGE('',*,*,#1538,.F.);
#2028=ORIENTED_EDGE('',*,*,#1539,.F.);
#2029=ORIENTED_EDGE('',*,*,#1547,.T.);
#2030=ORIENTED_EDGE('',*,*,#1548,.F.);
#2031=ORIENTED_EDGE('',*,*,#1549,.F.);
#2032=ORIENTED_EDGE('',*,*,#1547,.F.);
#2033=ORIENTED_EDGE('',*,*,#1548,.T.);
#2034=ORIENTED_EDGE('',*,*,#1549,.T.);
#2035=ORIENTED_EDGE('',*,*,#1550,.T.);
#2036=ORIENTED_EDGE('',*,*,#1551,.F.);
#2037=ORIENTED_EDGE('',*,*,#1550,.F.);
#2038=ORIENTED_EDGE('',*,*,#1535,.F.);
#2039=ORIENTED_EDGE('',*,*,#1536,.F.);
#2040=ORIENTED_EDGE('',*,*,#1552,.T.);
#2041=ORIENTED_EDGE('',*,*,#1553,.F.);
#2042=ORIENTED_EDGE('',*,*,#1554,.F.);
#2043=ORIENTED_EDGE('',*,*,#1552,.F.);
#2044=ORIENTED_EDGE('',*,*,#1553,.T.);
#2045=ORIENTED_EDGE('',*,*,#1554,.T.);
#2046=ORIENTED_EDGE('',*,*,#1555,.T.);
#2047=ORIENTED_EDGE('',*,*,#1556,.F.);
#2048=ORIENTED_EDGE('',*,*,#1555,.F.);
#2049=ORIENTED_EDGE('',*,*,#1557,.F.);
#2050=ORIENTED_EDGE('',*,*,#1533,.F.);
#2051=ORIENTED_EDGE('',*,*,#1558,.T.);
#2052=ORIENTED_EDGE('',*,*,#1559,.F.);
#2053=ORIENTED_EDGE('',*,*,#1560,.F.);
#2054=ORIENTED_EDGE('',*,*,#1558,.F.);
#2055=ORIENTED_EDGE('',*,*,#1532,.F.);
#2056=ORIENTED_EDGE('',*,*,#1557,.T.);
#2057=ORIENTED_EDGE('',*,*,#1561,.T.);
#2058=ORIENTED_EDGE('',*,*,#1562,.T.);
#2059=ORIENTED_EDGE('',*,*,#1559,.T.);
#2060=ORIENTED_EDGE('',*,*,#1560,.T.);
#2061=ORIENTED_EDGE('',*,*,#1563,.T.);
#2062=ORIENTED_EDGE('',*,*,#1564,.F.);
#2063=ORIENTED_EDGE('',*,*,#1563,.F.);
#2064=ORIENTED_EDGE('',*,*,#1565,.T.);
#2065=ORIENTED_EDGE('',*,*,#1566,.T.);
#2066=ORIENTED_EDGE('',*,*,#1567,.T.);
#2067=ORIENTED_EDGE('',*,*,#1568,.F.);
#2068=ORIENTED_EDGE('',*,*,#1569,.F.);
#2069=ORIENTED_EDGE('',*,*,#1567,.F.);
#2070=ORIENTED_EDGE('',*,*,#1561,.F.);
#2071=ORIENTED_EDGE('',*,*,#1544,.F.);
#2072=ORIENTED_EDGE('',*,*,#1570,.F.);
#2073=ORIENTED_EDGE('',*,*,#1541,.F.);
#2074=ORIENTED_EDGE('',*,*,#1540,.F.);
#2075=ORIENTED_EDGE('',*,*,#1537,.F.);
#2076=ORIENTED_EDGE('',*,*,#1534,.F.);
#2077=ORIENTED_EDGE('',*,*,#1562,.F.);
#2078=ORIENTED_EDGE('',*,*,#1566,.F.);
#2079=ORIENTED_EDGE('',*,*,#1571,.F.);
#2080=ORIENTED_EDGE('',*,*,#1524,.F.);
#2081=ORIENTED_EDGE('',*,*,#1572,.T.);
#2082=ORIENTED_EDGE('',*,*,#1573,.F.);
#2083=ORIENTED_EDGE('',*,*,#1574,.F.);
#2084=ORIENTED_EDGE('',*,*,#1575,.F.);
#2085=ORIENTED_EDGE('',*,*,#1570,.T.);
#2086=ORIENTED_EDGE('',*,*,#1576,.F.);
#2087=ORIENTED_EDGE('',*,*,#1572,.F.);
#2088=ORIENTED_EDGE('',*,*,#1577,.F.);
#2089=ORIENTED_EDGE('',*,*,#1578,.F.);
#2090=ORIENTED_EDGE('',*,*,#1579,.F.);
#2091=ORIENTED_EDGE('',*,*,#1565,.F.);
#2092=ORIENTED_EDGE('',*,*,#1580,.F.);
#2093=ORIENTED_EDGE('',*,*,#1581,.F.);
#2094=ORIENTED_EDGE('',*,*,#1582,.T.);
#2095=ORIENTED_EDGE('',*,*,#1583,.F.);
#2096=ORIENTED_EDGE('',*,*,#1584,.F.);
#2097=ORIENTED_EDGE('',*,*,#1585,.F.);
#2098=ORIENTED_EDGE('',*,*,#1580,.T.);
#2099=ORIENTED_EDGE('',*,*,#1586,.F.);
#2100=ORIENTED_EDGE('',*,*,#1587,.F.);
#2101=ORIENTED_EDGE('',*,*,#1588,.F.);
#2102=ORIENTED_EDGE('',*,*,#1584,.T.);
#2103=ORIENTED_EDGE('',*,*,#1589,.F.);
#2104=ORIENTED_EDGE('',*,*,#1590,.F.);
#2105=ORIENTED_EDGE('',*,*,#1591,.F.);
#2106=ORIENTED_EDGE('',*,*,#1587,.T.);
#2107=ORIENTED_EDGE('',*,*,#1592,.F.);
#2108=ORIENTED_EDGE('',*,*,#1593,.F.);
#2109=ORIENTED_EDGE('',*,*,#1594,.F.);
#2110=ORIENTED_EDGE('',*,*,#1590,.T.);
#2111=ORIENTED_EDGE('',*,*,#1595,.F.);
#2112=ORIENTED_EDGE('',*,*,#1596,.F.);
#2113=ORIENTED_EDGE('',*,*,#1578,.T.);
#2114=ORIENTED_EDGE('',*,*,#1597,.F.);
#2115=ORIENTED_EDGE('',*,*,#1593,.T.);
#2116=ORIENTED_EDGE('',*,*,#1597,.T.);
#2117=ORIENTED_EDGE('',*,*,#1598,.F.);
#2118=ORIENTED_EDGE('',*,*,#1514,.T.);
#2119=ORIENTED_EDGE('',*,*,#1599,.T.);
#2120=ORIENTED_EDGE('',*,*,#1600,.F.);
#2121=ORIENTED_EDGE('',*,*,#1601,.F.);
#2122=ORIENTED_EDGE('',*,*,#1602,.T.);
#2123=ORIENTED_EDGE('',*,*,#1594,.T.);
#2124=ORIENTED_EDGE('',*,*,#1602,.F.);
#2125=ORIENTED_EDGE('',*,*,#1603,.F.);
#2126=ORIENTED_EDGE('',*,*,#1604,.T.);
#2127=ORIENTED_EDGE('',*,*,#1591,.T.);
#2128=ORIENTED_EDGE('',*,*,#1604,.F.);
#2129=ORIENTED_EDGE('',*,*,#1605,.F.);
#2130=ORIENTED_EDGE('',*,*,#1606,.F.);
#2131=ORIENTED_EDGE('',*,*,#1607,.T.);
#2132=ORIENTED_EDGE('',*,*,#1608,.T.);
#2133=ORIENTED_EDGE('',*,*,#1609,.F.);
#2134=ORIENTED_EDGE('',*,*,#1610,.F.);
#2135=ORIENTED_EDGE('',*,*,#1611,.T.);
#2136=ORIENTED_EDGE('',*,*,#1612,.F.);
#2137=ORIENTED_EDGE('',*,*,#1588,.T.);
#2138=ORIENTED_EDGE('',*,*,#1611,.F.);
#2139=ORIENTED_EDGE('',*,*,#1613,.F.);
#2140=ORIENTED_EDGE('',*,*,#1608,.F.);
#2141=ORIENTED_EDGE('',*,*,#1614,.F.);
#2142=ORIENTED_EDGE('',*,*,#1615,.T.);
#2143=ORIENTED_EDGE('',*,*,#1616,.F.);
#2144=ORIENTED_EDGE('',*,*,#1617,.F.);
#2145=ORIENTED_EDGE('',*,*,#1618,.T.);
#2146=ORIENTED_EDGE('',*,*,#1585,.T.);
#2147=ORIENTED_EDGE('',*,*,#1618,.F.);
#2148=ORIENTED_EDGE('',*,*,#1619,.F.);
#2149=ORIENTED_EDGE('',*,*,#1620,.F.);
#2150=ORIENTED_EDGE('',*,*,#1621,.T.);
#2151=ORIENTED_EDGE('',*,*,#1581,.T.);
#2152=ORIENTED_EDGE('',*,*,#1621,.F.);
#2153=ORIENTED_EDGE('',*,*,#1622,.F.);
#2154=ORIENTED_EDGE('',*,*,#1623,.T.);
#2155=ORIENTED_EDGE('',*,*,#1624,.T.);
#2156=ORIENTED_EDGE('',*,*,#1625,.T.);
#2157=ORIENTED_EDGE('',*,*,#1626,.T.);
#2158=ORIENTED_EDGE('',*,*,#1625,.F.);
#2159=ORIENTED_EDGE('',*,*,#1523,.T.);
#2160=ORIENTED_EDGE('',*,*,#1626,.F.);
#2161=ORIENTED_EDGE('',*,*,#1627,.T.);
#2162=ORIENTED_EDGE('',*,*,#1624,.F.);
#2163=ORIENTED_EDGE('',*,*,#1627,.F.);
#2164=ORIENTED_EDGE('',*,*,#1628,.T.);
#2165=ORIENTED_EDGE('',*,*,#1629,.T.);
#2166=ORIENTED_EDGE('',*,*,#1630,.T.);
#2167=ORIENTED_EDGE('',*,*,#1631,.T.);
#2168=ORIENTED_EDGE('',*,*,#1632,.T.);
#2169=ORIENTED_EDGE('',*,*,#1622,.T.);
#2170=ORIENTED_EDGE('',*,*,#1620,.T.);
#2171=ORIENTED_EDGE('',*,*,#1633,.T.);
#2172=ORIENTED_EDGE('',*,*,#1628,.F.);
#2173=ORIENTED_EDGE('',*,*,#1634,.F.);
#2174=ORIENTED_EDGE('',*,*,#1635,.T.);
#2175=ORIENTED_EDGE('',*,*,#1616,.T.);
#2176=ORIENTED_EDGE('',*,*,#1636,.T.);
#2177=ORIENTED_EDGE('',*,*,#1629,.F.);
#2178=ORIENTED_EDGE('',*,*,#1633,.F.);
#2179=ORIENTED_EDGE('',*,*,#1619,.T.);
#2180=ORIENTED_EDGE('',*,*,#1617,.T.);
#2181=ORIENTED_EDGE('',*,*,#1635,.F.);
#2182=ORIENTED_EDGE('',*,*,#1630,.F.);
#2183=ORIENTED_EDGE('',*,*,#1636,.F.);
#2184=ORIENTED_EDGE('',*,*,#1615,.F.);
#2185=ORIENTED_EDGE('',*,*,#1637,.F.);
#2186=ORIENTED_EDGE('',*,*,#1638,.T.);
#2187=ORIENTED_EDGE('',*,*,#1631,.F.);
#2188=ORIENTED_EDGE('',*,*,#1638,.F.);
#2189=ORIENTED_EDGE('',*,*,#1639,.T.);
#2190=ORIENTED_EDGE('',*,*,#1640,.T.);
#2191=ORIENTED_EDGE('',*,*,#1641,.F.);
#2192=ORIENTED_EDGE('',*,*,#1642,.T.);
#2193=ORIENTED_EDGE('',*,*,#1609,.T.);
#2194=ORIENTED_EDGE('',*,*,#1613,.T.);
#2195=ORIENTED_EDGE('',*,*,#1610,.T.);
#2196=ORIENTED_EDGE('',*,*,#1642,.F.);
#2197=ORIENTED_EDGE('',*,*,#1641,.T.);
#2198=ORIENTED_EDGE('',*,*,#1643,.T.);
#2199=ORIENTED_EDGE('',*,*,#1644,.F.);
#2200=ORIENTED_EDGE('',*,*,#1645,.T.);
#2201=ORIENTED_EDGE('',*,*,#1600,.T.);
#2202=ORIENTED_EDGE('',*,*,#1646,.T.);
#2203=ORIENTED_EDGE('',*,*,#1605,.T.);
#2204=ORIENTED_EDGE('',*,*,#1603,.T.);
#2205=ORIENTED_EDGE('',*,*,#1601,.T.);
#2206=ORIENTED_EDGE('',*,*,#1645,.F.);
#2207=ORIENTED_EDGE('',*,*,#1644,.T.);
#2208=ORIENTED_EDGE('',*,*,#1647,.T.);
#2209=ORIENTED_EDGE('',*,*,#1634,.T.);
#2210=ORIENTED_EDGE('',*,*,#1648,.T.);
#2211=ORIENTED_EDGE('',*,*,#1646,.F.);
#2212=ORIENTED_EDGE('',*,*,#1599,.F.);
#2213=ORIENTED_EDGE('',*,*,#1513,.T.);
#2214=ORIENTED_EDGE('',*,*,#1649,.T.);
#2215=ORIENTED_EDGE('',*,*,#1606,.T.);
#2216=ORIENTED_EDGE('',*,*,#1556,.T.);
#2217=ORIENTED_EDGE('',*,*,#1650,.T.);
#2218=ORIENTED_EDGE('',*,*,#1551,.T.);
#2219=ORIENTED_EDGE('',*,*,#1651,.T.);
#2220=ORIENTED_EDGE('',*,*,#1564,.T.);
#2221=ORIENTED_EDGE('',*,*,#1652,.T.);
#2222=ORIENTED_EDGE('',*,*,#1546,.T.);
#2223=ORIENTED_EDGE('',*,*,#1653,.T.);
#2224=ORIENTED_EDGE('',*,*,#1650,.F.);
#2225=ORIENTED_EDGE('',*,*,#1654,.T.);
#2226=ORIENTED_EDGE('',*,*,#1612,.T.);
#2227=ORIENTED_EDGE('',*,*,#1654,.F.);
#2228=ORIENTED_EDGE('',*,*,#1651,.F.);
#2229=ORIENTED_EDGE('',*,*,#1655,.T.);
#2230=ORIENTED_EDGE('',*,*,#1643,.F.);
#2231=ORIENTED_EDGE('',*,*,#1655,.F.);
#2232=ORIENTED_EDGE('',*,*,#1652,.F.);
#2233=ORIENTED_EDGE('',*,*,#1656,.T.);
#2234=ORIENTED_EDGE('',*,*,#1647,.F.);
#2235=ORIENTED_EDGE('',*,*,#1656,.F.);
#2236=ORIENTED_EDGE('',*,*,#1653,.F.);
#2237=ORIENTED_EDGE('',*,*,#1657,.T.);
#2238=ORIENTED_EDGE('',*,*,#1648,.F.);
#2239=ORIENTED_EDGE('',*,*,#1657,.F.);
#2240=ORIENTED_EDGE('',*,*,#1658,.T.);
#2241=ORIENTED_EDGE('',*,*,#1659,.T.);
#2242=ORIENTED_EDGE('',*,*,#1660,.F.);
#2243=ORIENTED_EDGE('',*,*,#1659,.F.);
#2244=ORIENTED_EDGE('',*,*,#1526,.T.);
#2245=ORIENTED_EDGE('',*,*,#1658,.F.);
#2246=ORIENTED_EDGE('',*,*,#1661,.T.);
#2247=ORIENTED_EDGE('',*,*,#1660,.T.);
#2248=ORIENTED_EDGE('',*,*,#1661,.F.);
#2249=ORIENTED_EDGE('',*,*,#1662,.T.);
#2250=ORIENTED_EDGE('',*,*,#1663,.T.);
#2251=ORIENTED_EDGE('',*,*,#1664,.F.);
#2252=ORIENTED_EDGE('',*,*,#1665,.T.);
#2253=ORIENTED_EDGE('',*,*,#1662,.F.);
#2254=ORIENTED_EDGE('',*,*,#1665,.F.);
#2255=ORIENTED_EDGE('',*,*,#1666,.F.);
#2256=ORIENTED_EDGE('',*,*,#1667,.F.);
#2257=ORIENTED_EDGE('',*,*,#1668,.F.);
#2258=ORIENTED_EDGE('',*,*,#1663,.F.);
#2259=ORIENTED_EDGE('',*,*,#1669,.T.);
#2260=ORIENTED_EDGE('',*,*,#1670,.T.);
#2261=ORIENTED_EDGE('',*,*,#1671,.T.);
#2262=ORIENTED_EDGE('',*,*,#1516,.F.);
#2263=ORIENTED_EDGE('',*,*,#1672,.T.);
#2264=ORIENTED_EDGE('',*,*,#1673,.T.);
#2265=ORIENTED_EDGE('',*,*,#1674,.T.);
#2266=ORIENTED_EDGE('',*,*,#1670,.F.);
#2267=ORIENTED_EDGE('',*,*,#1675,.T.);
#2268=ORIENTED_EDGE('',*,*,#1676,.T.);
#2269=ORIENTED_EDGE('',*,*,#1677,.T.);
#2270=ORIENTED_EDGE('',*,*,#1673,.F.);
#2271=ORIENTED_EDGE('',*,*,#1678,.T.);
#2272=ORIENTED_EDGE('',*,*,#1679,.T.);
#2273=ORIENTED_EDGE('',*,*,#1680,.T.);
#2274=ORIENTED_EDGE('',*,*,#1681,.F.);
#2275=ORIENTED_EDGE('',*,*,#1682,.T.);
#2276=ORIENTED_EDGE('',*,*,#1683,.T.);
#2277=ORIENTED_EDGE('',*,*,#1666,.T.);
#2278=ORIENTED_EDGE('',*,*,#1684,.T.);
#2279=ORIENTED_EDGE('',*,*,#1679,.F.);
#2280=ORIENTED_EDGE('',*,*,#1685,.T.);
#2281=ORIENTED_EDGE('',*,*,#1686,.T.);
#2282=ORIENTED_EDGE('',*,*,#1667,.T.);
#2283=ORIENTED_EDGE('',*,*,#1683,.F.);
#2284=ORIENTED_EDGE('',*,*,#1687,.T.);
#2285=ORIENTED_EDGE('',*,*,#1688,.T.);
#2286=ORIENTED_EDGE('',*,*,#1689,.T.);
#2287=ORIENTED_EDGE('',*,*,#1668,.T.);
#2288=ORIENTED_EDGE('',*,*,#1686,.F.);
#2289=ORIENTED_EDGE('',*,*,#1678,.F.);
#2290=ORIENTED_EDGE('',*,*,#1690,.T.);
#2291=ORIENTED_EDGE('',*,*,#1691,.F.);
#2292=ORIENTED_EDGE('',*,*,#1692,.T.);
#2293=ORIENTED_EDGE('',*,*,#1687,.F.);
#2294=ORIENTED_EDGE('',*,*,#1685,.F.);
#2295=ORIENTED_EDGE('',*,*,#1682,.F.);
#2296=ORIENTED_EDGE('',*,*,#1693,.F.);
#2297=ORIENTED_EDGE('',*,*,#1694,.T.);
#2298=ORIENTED_EDGE('',*,*,#1695,.T.);
#2299=ORIENTED_EDGE('',*,*,#1693,.T.);
#2300=ORIENTED_EDGE('',*,*,#1695,.F.);
#2301=ORIENTED_EDGE('',*,*,#1696,.T.);
#2302=ORIENTED_EDGE('',*,*,#1697,.T.);
#2303=ORIENTED_EDGE('',*,*,#1698,.T.);
#2304=ORIENTED_EDGE('',*,*,#1697,.F.);
#2305=ORIENTED_EDGE('',*,*,#1692,.F.);
#2306=ORIENTED_EDGE('',*,*,#1699,.T.);
#2307=ORIENTED_EDGE('',*,*,#1700,.T.);
#2308=ORIENTED_EDGE('',*,*,#1701,.T.);
#2309=ORIENTED_EDGE('',*,*,#1702,.T.);
#2310=ORIENTED_EDGE('',*,*,#1688,.F.);
#2311=ORIENTED_EDGE('',*,*,#1691,.T.);
#2312=ORIENTED_EDGE('',*,*,#1703,.T.);
#2313=ORIENTED_EDGE('',*,*,#1704,.T.);
#2314=ORIENTED_EDGE('',*,*,#1699,.F.);
#2315=ORIENTED_EDGE('',*,*,#1690,.F.);
#2316=ORIENTED_EDGE('',*,*,#1681,.T.);
#2317=ORIENTED_EDGE('',*,*,#1705,.T.);
#2318=ORIENTED_EDGE('',*,*,#1706,.F.);
#2319=ORIENTED_EDGE('',*,*,#1707,.T.);
#2320=ORIENTED_EDGE('',*,*,#1703,.F.);
#2321=ORIENTED_EDGE('',*,*,#1706,.T.);
#2322=ORIENTED_EDGE('',*,*,#1708,.T.);
#2323=ORIENTED_EDGE('',*,*,#1709,.F.);
#2324=ORIENTED_EDGE('',*,*,#1710,.T.);
#2325=ORIENTED_EDGE('',*,*,#1711,.F.);
#2326=ORIENTED_EDGE('',*,*,#1712,.T.);
#2327=ORIENTED_EDGE('',*,*,#1713,.T.);
#2328=ORIENTED_EDGE('',*,*,#1709,.T.);
#2329=ORIENTED_EDGE('',*,*,#1714,.T.);
#2330=ORIENTED_EDGE('',*,*,#1676,.F.);
#2331=ORIENTED_EDGE('',*,*,#1715,.T.);
#2332=ORIENTED_EDGE('',*,*,#1716,.T.);
#2333=ORIENTED_EDGE('',*,*,#1717,.T.);
#2334=ORIENTED_EDGE('',*,*,#1712,.F.);
#2335=ORIENTED_EDGE('',*,*,#1718,.F.);
#2336=ORIENTED_EDGE('',*,*,#1719,.T.);
#2337=ORIENTED_EDGE('',*,*,#1720,.T.);
#2338=ORIENTED_EDGE('',*,*,#1716,.F.);
#2339=ORIENTED_EDGE('',*,*,#1575,.T.);
#2340=ORIENTED_EDGE('',*,*,#1721,.F.);
#2341=ORIENTED_EDGE('',*,*,#1722,.T.);
#2342=ORIENTED_EDGE('',*,*,#1542,.F.);
#2343=ORIENTED_EDGE('',*,*,#1723,.F.);
#2344=ORIENTED_EDGE('',*,*,#1724,.T.);
#2345=ORIENTED_EDGE('',*,*,#1725,.T.);
#2346=ORIENTED_EDGE('',*,*,#1726,.T.);
#2347=ORIENTED_EDGE('',*,*,#1724,.F.);
#2348=ORIENTED_EDGE('',*,*,#1725,.F.);
#2349=ORIENTED_EDGE('',*,*,#1726,.F.);
#2350=ORIENTED_EDGE('',*,*,#1727,.T.);
#2351=ORIENTED_EDGE('',*,*,#1728,.T.);
#2352=ORIENTED_EDGE('',*,*,#1727,.F.);
#2353=ORIENTED_EDGE('',*,*,#1729,.T.);
#2354=ORIENTED_EDGE('',*,*,#1730,.T.);
#2355=ORIENTED_EDGE('',*,*,#1731,.T.);
#2356=ORIENTED_EDGE('',*,*,#1732,.T.);
#2357=ORIENTED_EDGE('',*,*,#1730,.F.);
#2358=ORIENTED_EDGE('',*,*,#1723,.T.);
#2359=ORIENTED_EDGE('',*,*,#1733,.F.);
#2360=ORIENTED_EDGE('',*,*,#1729,.F.);
#2361=ORIENTED_EDGE('',*,*,#1734,.F.);
#2362=ORIENTED_EDGE('',*,*,#1735,.F.);
#2363=ORIENTED_EDGE('',*,*,#1736,.T.);
#2364=ORIENTED_EDGE('',*,*,#1721,.T.);
#2365=ORIENTED_EDGE('',*,*,#1737,.T.);
#2366=ORIENTED_EDGE('',*,*,#1518,.T.);
#2367=ORIENTED_EDGE('',*,*,#1738,.T.);
#2368=ORIENTED_EDGE('',*,*,#1732,.F.);
#2369=ORIENTED_EDGE('',*,*,#1739,.T.);
#2370=ORIENTED_EDGE('',*,*,#1740,.T.);
#2371=ORIENTED_EDGE('',*,*,#1739,.F.);
#2372=ORIENTED_EDGE('',*,*,#1731,.F.);
#2373=ORIENTED_EDGE('',*,*,#1741,.F.);
#2374=ORIENTED_EDGE('',*,*,#1742,.T.);
#2375=ORIENTED_EDGE('',*,*,#1573,.T.);
#2376=ORIENTED_EDGE('',*,*,#1576,.T.);
#2377=ORIENTED_EDGE('',*,*,#1571,.T.);
#2378=ORIENTED_EDGE('',*,*,#1579,.T.);
#2379=ORIENTED_EDGE('',*,*,#1596,.T.);
#2380=ORIENTED_EDGE('',*,*,#1595,.T.);
#2381=ORIENTED_EDGE('',*,*,#1592,.T.);
#2382=ORIENTED_EDGE('',*,*,#1589,.T.);
#2383=ORIENTED_EDGE('',*,*,#1586,.T.);
#2384=ORIENTED_EDGE('',*,*,#1583,.T.);
#2385=ORIENTED_EDGE('',*,*,#1743,.F.);
#2386=ORIENTED_EDGE('',*,*,#1744,.F.);
#2387=ORIENTED_EDGE('',*,*,#1745,.F.);
#2388=ORIENTED_EDGE('',*,*,#1746,.F.);
#2389=ORIENTED_EDGE('',*,*,#1747,.F.);
#2390=ORIENTED_EDGE('',*,*,#1748,.F.);
#2391=ORIENTED_EDGE('',*,*,#1749,.F.);
#2392=ORIENTED_EDGE('',*,*,#1750,.F.);
#2393=ORIENTED_EDGE('',*,*,#1751,.F.);
#2394=ORIENTED_EDGE('',*,*,#1752,.F.);
#2395=ORIENTED_EDGE('',*,*,#1753,.F.);
#2396=ORIENTED_EDGE('',*,*,#1754,.T.);
#2397=ORIENTED_EDGE('',*,*,#1755,.T.);
#2398=ORIENTED_EDGE('',*,*,#1754,.F.);
#2399=ORIENTED_EDGE('',*,*,#1756,.T.);
#2400=ORIENTED_EDGE('',*,*,#1757,.T.);
#2401=ORIENTED_EDGE('',*,*,#1758,.T.);
#2402=ORIENTED_EDGE('',*,*,#1759,.T.);
#2403=ORIENTED_EDGE('',*,*,#1757,.F.);
#2404=ORIENTED_EDGE('',*,*,#1760,.T.);
#2405=ORIENTED_EDGE('',*,*,#1761,.F.);
#2406=ORIENTED_EDGE('',*,*,#1762,.F.);
#2407=ORIENTED_EDGE('',*,*,#1763,.F.);
#2408=ORIENTED_EDGE('',*,*,#1764,.F.);
#2409=ORIENTED_EDGE('',*,*,#1765,.F.);
#2410=ORIENTED_EDGE('',*,*,#1760,.F.);
#2411=ORIENTED_EDGE('',*,*,#1756,.F.);
#2412=ORIENTED_EDGE('',*,*,#1766,.F.);
#2413=ORIENTED_EDGE('',*,*,#1767,.F.);
#2414=ORIENTED_EDGE('',*,*,#1768,.F.);
#2415=ORIENTED_EDGE('',*,*,#1769,.F.);
#2416=ORIENTED_EDGE('',*,*,#1770,.F.);
#2417=ORIENTED_EDGE('',*,*,#1771,.F.);
#2418=ORIENTED_EDGE('',*,*,#1772,.F.);
#2419=ORIENTED_EDGE('',*,*,#1773,.F.);
#2420=ORIENTED_EDGE('',*,*,#1759,.F.);
#2421=ORIENTED_EDGE('',*,*,#1774,.T.);
#2422=ORIENTED_EDGE('',*,*,#1775,.T.);
#2423=ORIENTED_EDGE('',*,*,#1774,.F.);
#2424=ORIENTED_EDGE('',*,*,#1758,.F.);
#2425=ORIENTED_EDGE('',*,*,#1768,.T.);
#2426=ORIENTED_EDGE('',*,*,#1776,.T.);
#2427=ORIENTED_EDGE('',*,*,#1777,.T.);
#2428=ORIENTED_EDGE('',*,*,#1778,.T.);
#2429=ORIENTED_EDGE('',*,*,#1776,.F.);
#2430=ORIENTED_EDGE('',*,*,#1767,.T.);
#2431=ORIENTED_EDGE('',*,*,#1778,.F.);
#2432=ORIENTED_EDGE('',*,*,#1779,.T.);
#2433=ORIENTED_EDGE('',*,*,#1780,.T.);
#2434=ORIENTED_EDGE('',*,*,#1779,.F.);
#2435=ORIENTED_EDGE('',*,*,#1777,.F.);
#2436=ORIENTED_EDGE('',*,*,#1771,.T.);
#2437=ORIENTED_EDGE('',*,*,#1781,.T.);
#2438=ORIENTED_EDGE('',*,*,#1782,.T.);
#2439=ORIENTED_EDGE('',*,*,#1783,.T.);
#2440=ORIENTED_EDGE('',*,*,#1781,.F.);
#2441=ORIENTED_EDGE('',*,*,#1770,.T.);
#2442=ORIENTED_EDGE('',*,*,#1783,.F.);
#2443=ORIENTED_EDGE('',*,*,#1784,.T.);
#2444=ORIENTED_EDGE('',*,*,#1785,.T.);
#2445=ORIENTED_EDGE('',*,*,#1784,.F.);
#2446=ORIENTED_EDGE('',*,*,#1782,.F.);
#2447=ORIENTED_EDGE('',*,*,#1786,.T.);
#2448=ORIENTED_EDGE('',*,*,#1761,.T.);
#2449=ORIENTED_EDGE('',*,*,#1787,.T.);
#2450=ORIENTED_EDGE('',*,*,#1788,.T.);
#2451=ORIENTED_EDGE('',*,*,#1789,.T.);
#2452=ORIENTED_EDGE('',*,*,#1787,.F.);
#2453=ORIENTED_EDGE('',*,*,#1773,.T.);
#2454=ORIENTED_EDGE('',*,*,#1786,.F.);
#2455=ORIENTED_EDGE('',*,*,#1790,.F.);
#2456=ORIENTED_EDGE('',*,*,#1791,.F.);
#2457=ORIENTED_EDGE('',*,*,#1789,.F.);
#2458=ORIENTED_EDGE('',*,*,#1792,.T.);
#2459=ORIENTED_EDGE('',*,*,#1793,.T.);
#2460=ORIENTED_EDGE('',*,*,#1792,.F.);
#2461=ORIENTED_EDGE('',*,*,#1788,.F.);
#2462=ORIENTED_EDGE('',*,*,#1794,.F.);
#2463=ORIENTED_EDGE('',*,*,#1795,.F.);
#2464=ORIENTED_EDGE('',*,*,#1796,.F.);
#2465=ORIENTED_EDGE('',*,*,#1797,.T.);
#2466=ORIENTED_EDGE('',*,*,#1762,.T.);
#2467=ORIENTED_EDGE('',*,*,#1791,.T.);
#2468=ORIENTED_EDGE('',*,*,#1795,.T.);
#2469=ORIENTED_EDGE('',*,*,#1798,.T.);
#2470=ORIENTED_EDGE('',*,*,#1799,.T.);
#2471=ORIENTED_EDGE('',*,*,#1751,.T.);
#2472=ORIENTED_EDGE('',*,*,#1796,.T.);
#2473=ORIENTED_EDGE('',*,*,#1790,.T.);
#2474=ORIENTED_EDGE('',*,*,#1772,.T.);
#2475=ORIENTED_EDGE('',*,*,#1769,.T.);
#2476=ORIENTED_EDGE('',*,*,#1766,.T.);
#2477=ORIENTED_EDGE('',*,*,#1765,.T.);
#2478=ORIENTED_EDGE('',*,*,#1753,.T.);
#2479=ORIENTED_EDGE('',*,*,#1800,.T.);
#2480=ORIENTED_EDGE('',*,*,#1752,.T.);
#2481=ORIENTED_EDGE('',*,*,#1799,.F.);
#2482=ORIENTED_EDGE('',*,*,#1801,.T.);
#2483=ORIENTED_EDGE('',*,*,#1802,.T.);
#2484=ORIENTED_EDGE('',*,*,#1741,.T.);
#2485=ORIENTED_EDGE('',*,*,#1800,.F.);
#2486=ORIENTED_EDGE('',*,*,#1742,.F.);
#2487=ORIENTED_EDGE('',*,*,#1802,.F.);
#2488=ORIENTED_EDGE('',*,*,#1734,.T.);
#2489=ORIENTED_EDGE('',*,*,#1733,.T.);
#2490=ORIENTED_EDGE('',*,*,#1738,.F.);
#2491=ORIENTED_EDGE('',*,*,#1737,.F.);
#2492=ORIENTED_EDGE('',*,*,#1574,.T.);
#2493=ORIENTED_EDGE('',*,*,#1803,.T.);
#2494=ORIENTED_EDGE('',*,*,#1794,.T.);
#2495=ORIENTED_EDGE('',*,*,#1750,.T.);
#2496=ORIENTED_EDGE('',*,*,#1804,.T.);
#2497=ORIENTED_EDGE('',*,*,#1805,.T.);
#2498=ORIENTED_EDGE('',*,*,#1806,.T.);
#2499=ORIENTED_EDGE('',*,*,#1743,.T.);
#2500=ORIENTED_EDGE('',*,*,#1582,.F.);
#2501=ORIENTED_EDGE('',*,*,#1807,.T.);
#2502=ORIENTED_EDGE('',*,*,#1744,.T.);
#2503=ORIENTED_EDGE('',*,*,#1806,.F.);
#2504=ORIENTED_EDGE('',*,*,#1808,.T.);
#2505=ORIENTED_EDGE('',*,*,#1809,.T.);
#2506=ORIENTED_EDGE('',*,*,#1745,.T.);
#2507=ORIENTED_EDGE('',*,*,#1807,.F.);
#2508=ORIENTED_EDGE('',*,*,#1810,.T.);
#2509=ORIENTED_EDGE('',*,*,#1811,.T.);
#2510=ORIENTED_EDGE('',*,*,#1746,.T.);
#2511=ORIENTED_EDGE('',*,*,#1809,.F.);
#2512=ORIENTED_EDGE('',*,*,#1812,.T.);
#2513=ORIENTED_EDGE('',*,*,#1813,.T.);
#2514=ORIENTED_EDGE('',*,*,#1747,.T.);
#2515=ORIENTED_EDGE('',*,*,#1811,.F.);
#2516=ORIENTED_EDGE('',*,*,#1814,.T.);
#2517=ORIENTED_EDGE('',*,*,#1815,.T.);
#2518=ORIENTED_EDGE('',*,*,#1748,.T.);
#2519=ORIENTED_EDGE('',*,*,#1813,.F.);
#2520=ORIENTED_EDGE('',*,*,#1816,.T.);
#2521=ORIENTED_EDGE('',*,*,#1749,.T.);
#2522=ORIENTED_EDGE('',*,*,#1815,.F.);
#2523=ORIENTED_EDGE('',*,*,#1817,.T.);
#2524=ORIENTED_EDGE('',*,*,#1804,.F.);
#2525=ORIENTED_EDGE('',*,*,#1818,.T.);
#2526=ORIENTED_EDGE('',*,*,#1568,.T.);
#2527=ORIENTED_EDGE('',*,*,#1543,.F.);
#2528=ORIENTED_EDGE('',*,*,#1722,.F.);
#2529=ORIENTED_EDGE('',*,*,#1736,.F.);
#2530=ORIENTED_EDGE('',*,*,#1819,.T.);
#2531=ORIENTED_EDGE('',*,*,#1763,.T.);
#2532=ORIENTED_EDGE('',*,*,#1797,.F.);
#2533=ORIENTED_EDGE('',*,*,#1820,.F.);
#2534=ORIENTED_EDGE('',*,*,#1503,.T.);
#2535=ORIENTED_EDGE('',*,*,#1821,.T.);
#2536=ORIENTED_EDGE('',*,*,#1822,.T.);
#2537=ORIENTED_EDGE('',*,*,#1823,.T.);
#2538=ORIENTED_EDGE('',*,*,#1824,.T.);
#2539=ORIENTED_EDGE('',*,*,#1825,.T.);
#2540=ORIENTED_EDGE('',*,*,#1826,.T.);
#2541=ORIENTED_EDGE('',*,*,#1827,.T.);
#2542=ORIENTED_EDGE('',*,*,#1700,.F.);
#2543=ORIENTED_EDGE('',*,*,#1704,.F.);
#2544=ORIENTED_EDGE('',*,*,#1707,.F.);
#2545=ORIENTED_EDGE('',*,*,#1710,.F.);
#2546=ORIENTED_EDGE('',*,*,#1713,.F.);
#2547=ORIENTED_EDGE('',*,*,#1717,.F.);
#2548=ORIENTED_EDGE('',*,*,#1720,.F.);
#2549=ORIENTED_EDGE('',*,*,#1696,.F.);
#2550=ORIENTED_EDGE('',*,*,#1694,.F.);
#2551=ORIENTED_EDGE('',*,*,#1828,.T.);
#2552=ORIENTED_EDGE('',*,*,#1829,.T.);
#2553=ORIENTED_EDGE('',*,*,#1798,.F.);
#2554=ORIENTED_EDGE('',*,*,#1803,.F.);
#2555=ORIENTED_EDGE('',*,*,#1830,.F.);
#2556=ORIENTED_EDGE('',*,*,#1831,.F.);
#2557=ORIENTED_EDGE('',*,*,#1832,.F.);
#2558=ORIENTED_EDGE('',*,*,#1511,.T.);
#2559=ORIENTED_EDGE('',*,*,#1598,.T.);
#2560=ORIENTED_EDGE('',*,*,#1577,.T.);
#2561=ORIENTED_EDGE('',*,*,#1569,.T.);
#2562=ORIENTED_EDGE('',*,*,#1818,.F.);
#2563=ORIENTED_EDGE('',*,*,#1817,.F.);
#2564=ORIENTED_EDGE('',*,*,#1833,.F.);
#2565=ORIENTED_EDGE('',*,*,#1834,.T.);
#2566=ORIENTED_EDGE('',*,*,#1835,.T.);
#2567=ORIENTED_EDGE('',*,*,#1836,.F.);
#2568=ORIENTED_EDGE('',*,*,#1499,.F.);
#2569=ORIENTED_EDGE('',*,*,#1830,.T.);
#2570=ORIENTED_EDGE('',*,*,#1816,.F.);
#2571=ORIENTED_EDGE('',*,*,#1837,.F.);
#2572=ORIENTED_EDGE('',*,*,#1838,.T.);
#2573=ORIENTED_EDGE('',*,*,#1833,.T.);
#2574=ORIENTED_EDGE('',*,*,#1814,.F.);
#2575=ORIENTED_EDGE('',*,*,#1839,.F.);
#2576=ORIENTED_EDGE('',*,*,#1840,.T.);
#2577=ORIENTED_EDGE('',*,*,#1841,.T.);
#2578=ORIENTED_EDGE('',*,*,#1842,.F.);
#2579=ORIENTED_EDGE('',*,*,#1843,.F.);
#2580=ORIENTED_EDGE('',*,*,#1844,.T.);
#2581=ORIENTED_EDGE('',*,*,#1845,.T.);
#2582=ORIENTED_EDGE('',*,*,#1837,.T.);
#2583=ORIENTED_EDGE('',*,*,#1846,.T.);
#2584=ORIENTED_EDGE('',*,*,#1812,.F.);
#2585=ORIENTED_EDGE('',*,*,#1847,.F.);
#2586=ORIENTED_EDGE('',*,*,#1848,.T.);
#2587=ORIENTED_EDGE('',*,*,#1849,.T.);
#2588=ORIENTED_EDGE('',*,*,#1850,.F.);
#2589=ORIENTED_EDGE('',*,*,#1851,.T.);
#2590=ORIENTED_EDGE('',*,*,#1842,.T.);
#2591=ORIENTED_EDGE('',*,*,#1852,.T.);
#2592=ORIENTED_EDGE('',*,*,#1839,.T.);
#2593=ORIENTED_EDGE('',*,*,#1810,.F.);
#2594=ORIENTED_EDGE('',*,*,#1853,.F.);
#2595=ORIENTED_EDGE('',*,*,#1854,.T.);
#2596=ORIENTED_EDGE('',*,*,#1855,.T.);
#2597=ORIENTED_EDGE('',*,*,#1847,.T.);
#2598=ORIENTED_EDGE('',*,*,#1808,.F.);
#2599=ORIENTED_EDGE('',*,*,#1856,.F.);
#2600=ORIENTED_EDGE('',*,*,#1857,.T.);
#2601=ORIENTED_EDGE('',*,*,#1853,.T.);
#2602=ORIENTED_EDGE('',*,*,#1805,.F.);
#2603=ORIENTED_EDGE('',*,*,#1623,.F.);
#2604=ORIENTED_EDGE('',*,*,#1632,.F.);
#2605=ORIENTED_EDGE('',*,*,#1640,.F.);
#2606=ORIENTED_EDGE('',*,*,#1858,.F.);
#2607=ORIENTED_EDGE('',*,*,#1859,.T.);
#2608=ORIENTED_EDGE('',*,*,#1860,.T.);
#2609=ORIENTED_EDGE('',*,*,#1856,.T.);
#2610=ORIENTED_EDGE('',*,*,#1861,.T.);
#2611=ORIENTED_EDGE('',*,*,#1862,.F.);
#2612=ORIENTED_EDGE('',*,*,#1863,.T.);
#2613=ORIENTED_EDGE('',*,*,#1864,.T.);
#2614=ORIENTED_EDGE('',*,*,#1863,.F.);
#2615=ORIENTED_EDGE('',*,*,#1728,.F.);
#2616=ORIENTED_EDGE('',*,*,#1864,.F.);
#2617=ORIENTED_EDGE('',*,*,#1865,.F.);
#2618=ORIENTED_EDGE('',*,*,#1862,.T.);
#2619=ORIENTED_EDGE('',*,*,#1866,.F.);
#2620=ORIENTED_EDGE('',*,*,#1867,.T.);
#2621=ORIENTED_EDGE('',*,*,#1868,.F.);
#2622=ORIENTED_EDGE('',*,*,#1867,.F.);
#2623=ORIENTED_EDGE('',*,*,#1740,.F.);
#2624=ORIENTED_EDGE('',*,*,#1868,.T.);
#2625=ORIENTED_EDGE('',*,*,#1869,.F.);
#2626=ORIENTED_EDGE('',*,*,#1866,.T.);
#2627=ORIENTED_EDGE('',*,*,#1869,.T.);
#2628=ORIENTED_EDGE('',*,*,#1870,.T.);
#2629=ORIENTED_EDGE('',*,*,#1871,.F.);
#2630=ORIENTED_EDGE('',*,*,#1854,.F.);
#2631=ORIENTED_EDGE('',*,*,#1857,.F.);
#2632=ORIENTED_EDGE('',*,*,#1860,.F.);
#2633=ORIENTED_EDGE('',*,*,#1872,.F.);
#2634=ORIENTED_EDGE('',*,*,#1873,.F.);
#2635=ORIENTED_EDGE('',*,*,#1874,.F.);
#2636=ORIENTED_EDGE('',*,*,#1870,.F.);
#2637=ORIENTED_EDGE('',*,*,#1865,.T.);
#2638=ORIENTED_EDGE('',*,*,#1875,.T.);
#2639=ORIENTED_EDGE('',*,*,#1861,.F.);
#2640=ORIENTED_EDGE('',*,*,#1875,.F.);
#2641=ORIENTED_EDGE('',*,*,#1876,.T.);
#2642=ORIENTED_EDGE('',*,*,#1877,.T.);
#2643=ORIENTED_EDGE('',*,*,#1848,.F.);
#2644=ORIENTED_EDGE('',*,*,#1855,.F.);
#2645=ORIENTED_EDGE('',*,*,#1871,.T.);
#2646=ORIENTED_EDGE('',*,*,#1874,.T.);
#2647=ORIENTED_EDGE('',*,*,#1878,.F.);
#2648=ORIENTED_EDGE('',*,*,#1849,.F.);
#2649=ORIENTED_EDGE('',*,*,#1877,.F.);
#2650=ORIENTED_EDGE('',*,*,#1873,.T.);
#2651=ORIENTED_EDGE('',*,*,#1879,.F.);
#2652=ORIENTED_EDGE('',*,*,#1880,.T.);
#2653=ORIENTED_EDGE('',*,*,#1850,.T.);
#2654=ORIENTED_EDGE('',*,*,#1878,.T.);
#2655=ORIENTED_EDGE('',*,*,#1872,.T.);
#2656=ORIENTED_EDGE('',*,*,#1859,.F.);
#2657=ORIENTED_EDGE('',*,*,#1881,.F.);
#2658=ORIENTED_EDGE('',*,*,#1879,.T.);
#2659=ORIENTED_EDGE('',*,*,#1882,.T.);
#2660=ORIENTED_EDGE('',*,*,#1883,.T.);
#2661=ORIENTED_EDGE('',*,*,#1840,.F.);
#2662=ORIENTED_EDGE('',*,*,#1852,.F.);
#2663=ORIENTED_EDGE('',*,*,#1841,.F.);
#2664=ORIENTED_EDGE('',*,*,#1883,.F.);
#2665=ORIENTED_EDGE('',*,*,#1882,.F.);
#2666=ORIENTED_EDGE('',*,*,#1884,.F.);
#2667=ORIENTED_EDGE('',*,*,#1885,.T.);
#2668=ORIENTED_EDGE('',*,*,#1886,.T.);
#2669=ORIENTED_EDGE('',*,*,#1834,.F.);
#2670=ORIENTED_EDGE('',*,*,#1838,.F.);
#2671=ORIENTED_EDGE('',*,*,#1845,.F.);
#2672=ORIENTED_EDGE('',*,*,#1887,.F.);
#2673=ORIENTED_EDGE('',*,*,#1835,.F.);
#2674=ORIENTED_EDGE('',*,*,#1886,.F.);
#2675=ORIENTED_EDGE('',*,*,#1885,.F.);
#2676=ORIENTED_EDGE('',*,*,#1888,.F.);
#2677=ORIENTED_EDGE('',*,*,#1876,.F.);
#2678=ORIENTED_EDGE('',*,*,#1889,.F.);
#2679=ORIENTED_EDGE('',*,*,#1887,.T.);
#2680=ORIENTED_EDGE('',*,*,#1844,.F.);
#2681=ORIENTED_EDGE('',*,*,#1890,.T.);
#2682=ORIENTED_EDGE('',*,*,#1500,.F.);
#2683=ORIENTED_EDGE('',*,*,#1836,.T.);
#2684=ORIENTED_EDGE('',*,*,#1785,.F.);
#2685=ORIENTED_EDGE('',*,*,#1891,.F.);
#2686=ORIENTED_EDGE('',*,*,#1780,.F.);
#2687=ORIENTED_EDGE('',*,*,#1892,.F.);
#2688=ORIENTED_EDGE('',*,*,#1793,.F.);
#2689=ORIENTED_EDGE('',*,*,#1893,.F.);
#2690=ORIENTED_EDGE('',*,*,#1775,.F.);
#2691=ORIENTED_EDGE('',*,*,#1894,.F.);
#2692=ORIENTED_EDGE('',*,*,#1891,.T.);
#2693=ORIENTED_EDGE('',*,*,#1895,.T.);
#2694=ORIENTED_EDGE('',*,*,#1846,.F.);
#2695=ORIENTED_EDGE('',*,*,#1895,.F.);
#2696=ORIENTED_EDGE('',*,*,#1892,.T.);
#2697=ORIENTED_EDGE('',*,*,#1896,.T.);
#2698=ORIENTED_EDGE('',*,*,#1884,.T.);
#2699=ORIENTED_EDGE('',*,*,#1896,.F.);
#2700=ORIENTED_EDGE('',*,*,#1893,.T.);
#2701=ORIENTED_EDGE('',*,*,#1897,.T.);
#2702=ORIENTED_EDGE('',*,*,#1888,.T.);
#2703=ORIENTED_EDGE('',*,*,#1897,.F.);
#2704=ORIENTED_EDGE('',*,*,#1894,.T.);
#2705=ORIENTED_EDGE('',*,*,#1898,.T.);
#2706=ORIENTED_EDGE('',*,*,#1889,.T.);
#2707=ORIENTED_EDGE('',*,*,#1898,.F.);
#2708=ORIENTED_EDGE('',*,*,#1899,.F.);
#2709=ORIENTED_EDGE('',*,*,#1900,.T.);
#2710=ORIENTED_EDGE('',*,*,#1901,.T.);
#2711=ORIENTED_EDGE('',*,*,#1900,.F.);
#2712=ORIENTED_EDGE('',*,*,#1755,.F.);
#2713=ORIENTED_EDGE('',*,*,#1899,.T.);
#2714=ORIENTED_EDGE('',*,*,#1902,.F.);
#2715=ORIENTED_EDGE('',*,*,#1901,.F.);
#2716=ORIENTED_EDGE('',*,*,#1902,.T.);
#2717=ORIENTED_EDGE('',*,*,#1903,.T.);
#2718=ORIENTED_EDGE('',*,*,#1904,.F.);
#2719=ORIENTED_EDGE('',*,*,#1905,.T.);
#2720=ORIENTED_EDGE('',*,*,#1906,.F.);
#2721=ORIENTED_EDGE('',*,*,#1903,.F.);
#2722=ORIENTED_EDGE('',*,*,#1495,.T.);
#2723=ORIENTED_EDGE('',*,*,#1493,.T.);
#2724=ORIENTED_EDGE('',*,*,#1890,.F.);
#2725=ORIENTED_EDGE('',*,*,#1843,.T.);
#2726=ORIENTED_EDGE('',*,*,#1851,.F.);
#2727=ORIENTED_EDGE('',*,*,#1880,.F.);
#2728=ORIENTED_EDGE('',*,*,#1881,.T.);
#2729=ORIENTED_EDGE('',*,*,#1858,.T.);
#2730=ORIENTED_EDGE('',*,*,#1639,.F.);
#2731=ORIENTED_EDGE('',*,*,#1637,.T.);
#2732=ORIENTED_EDGE('',*,*,#1614,.T.);
#2733=ORIENTED_EDGE('',*,*,#1607,.F.);
#2734=ORIENTED_EDGE('',*,*,#1649,.F.);
#2735=ORIENTED_EDGE('',*,*,#1507,.F.);
#2736=ORIENTED_EDGE('',*,*,#1517,.F.);
#2737=ORIENTED_EDGE('',*,*,#1671,.F.);
#2738=ORIENTED_EDGE('',*,*,#1674,.F.);
#2739=ORIENTED_EDGE('',*,*,#1677,.F.);
#2740=ORIENTED_EDGE('',*,*,#1714,.F.);
#2741=ORIENTED_EDGE('',*,*,#1708,.F.);
#2742=ORIENTED_EDGE('',*,*,#1705,.F.);
#2743=ORIENTED_EDGE('',*,*,#1680,.F.);
#2744=ORIENTED_EDGE('',*,*,#1684,.F.);
#2745=ORIENTED_EDGE('',*,*,#1664,.T.);
#2746=ORIENTED_EDGE('',*,*,#1689,.F.);
#2747=ORIENTED_EDGE('',*,*,#1702,.F.);
#2748=ORIENTED_EDGE('',*,*,#1907,.F.);
#2749=ORIENTED_EDGE('',*,*,#1908,.T.);
#2750=ORIENTED_EDGE('',*,*,#1909,.T.);
#2751=ORIENTED_EDGE('',*,*,#1905,.F.);
#2752=ORIENTED_EDGE('',*,*,#1910,.T.);
#2753=ORIENTED_EDGE('',*,*,#1911,.T.);
#2754=ORIENTED_EDGE('',*,*,#1912,.T.);
#2755=ORIENTED_EDGE('',*,*,#1913,.T.);
#2756=ORIENTED_EDGE('',*,*,#1914,.T.);
#2757=ORIENTED_EDGE('',*,*,#1915,.T.);
#2758=ORIENTED_EDGE('',*,*,#1916,.T.);
#2759=ORIENTED_EDGE('',*,*,#1917,.T.);
#2760=ORIENTED_EDGE('',*,*,#1904,.T.);
#2761=ORIENTED_EDGE('',*,*,#1906,.T.);
#2762=ORIENTED_EDGE('',*,*,#1918,.T.);
#2763=ORIENTED_EDGE('',*,*,#1919,.T.);
#2764=ORIENTED_EDGE('',*,*,#1920,.T.);
#2765=ORIENTED_EDGE('',*,*,#1491,.F.);
#2766=ORIENTED_EDGE('',*,*,#1921,.F.);
#2767=ORIENTED_EDGE('',*,*,#1831,.T.);
#2768=ORIENTED_EDGE('',*,*,#1498,.F.);
#2769=ORIENTED_EDGE('',*,*,#1922,.F.);
#2770=ORIENTED_EDGE('',*,*,#1496,.T.);
#2771=ORIENTED_EDGE('',*,*,#1917,.F.);
#2772=ORIENTED_EDGE('',*,*,#1923,.F.);
#2773=ORIENTED_EDGE('',*,*,#1924,.F.);
#2774=ORIENTED_EDGE('',*,*,#1923,.T.);
#2775=ORIENTED_EDGE('',*,*,#1916,.F.);
#2776=ORIENTED_EDGE('',*,*,#1925,.F.);
#2777=ORIENTED_EDGE('',*,*,#1926,.F.);
#2778=ORIENTED_EDGE('',*,*,#1925,.T.);
#2779=ORIENTED_EDGE('',*,*,#1915,.F.);
#2780=ORIENTED_EDGE('',*,*,#1927,.F.);
#2781=ORIENTED_EDGE('',*,*,#1928,.F.);
#2782=ORIENTED_EDGE('',*,*,#1929,.T.);
#2783=ORIENTED_EDGE('',*,*,#1911,.F.);
#2784=ORIENTED_EDGE('',*,*,#1930,.F.);
#2785=ORIENTED_EDGE('',*,*,#1931,.F.);
#2786=ORIENTED_EDGE('',*,*,#1930,.T.);
#2787=ORIENTED_EDGE('',*,*,#1910,.F.);
#2788=ORIENTED_EDGE('',*,*,#1920,.F.);
#2789=ORIENTED_EDGE('',*,*,#1932,.F.);
#2790=ORIENTED_EDGE('',*,*,#1933,.F.);
#2791=ORIENTED_EDGE('',*,*,#1932,.T.);
#2792=ORIENTED_EDGE('',*,*,#1919,.F.);
#2793=ORIENTED_EDGE('',*,*,#1934,.F.);
#2794=ORIENTED_EDGE('',*,*,#1935,.F.);
#2795=ORIENTED_EDGE('',*,*,#1934,.T.);
#2796=ORIENTED_EDGE('',*,*,#1918,.F.);
#2797=ORIENTED_EDGE('',*,*,#1909,.F.);
#2798=ORIENTED_EDGE('',*,*,#1936,.F.);
#2799=ORIENTED_EDGE('',*,*,#1921,.T.);
#2800=ORIENTED_EDGE('',*,*,#1490,.T.);
#2801=ORIENTED_EDGE('',*,*,#1497,.T.);
#2802=ORIENTED_EDGE('',*,*,#1922,.T.);
#2803=ORIENTED_EDGE('',*,*,#1924,.T.);
#2804=ORIENTED_EDGE('',*,*,#1926,.T.);
#2805=ORIENTED_EDGE('',*,*,#1937,.F.);
#2806=ORIENTED_EDGE('',*,*,#1938,.T.);
#2807=ORIENTED_EDGE('',*,*,#1501,.F.);
#2808=ORIENTED_EDGE('',*,*,#1939,.F.);
#2809=ORIENTED_EDGE('',*,*,#1718,.T.);
#2810=ORIENTED_EDGE('',*,*,#1715,.F.);
#2811=ORIENTED_EDGE('',*,*,#1711,.T.);
#2812=ORIENTED_EDGE('',*,*,#1675,.F.);
#2813=ORIENTED_EDGE('',*,*,#1672,.F.);
#2814=ORIENTED_EDGE('',*,*,#1669,.F.);
#2815=ORIENTED_EDGE('',*,*,#1515,.F.);
#2816=ORIENTED_EDGE('',*,*,#1505,.T.);
#2817=ORIENTED_EDGE('',*,*,#1512,.F.);
#2818=ORIENTED_EDGE('',*,*,#1832,.T.);
#2819=ORIENTED_EDGE('',*,*,#1940,.T.);
#2820=ORIENTED_EDGE('',*,*,#1698,.F.);
#2821=ORIENTED_EDGE('',*,*,#1928,.T.);
#2822=ORIENTED_EDGE('',*,*,#1931,.T.);
#2823=ORIENTED_EDGE('',*,*,#1933,.T.);
#2824=ORIENTED_EDGE('',*,*,#1935,.T.);
#2825=ORIENTED_EDGE('',*,*,#1941,.F.);
#2826=ORIENTED_EDGE('',*,*,#1942,.T.);
#2827=ORIENTED_EDGE('',*,*,#1943,.F.);
#2828=ORIENTED_EDGE('',*,*,#1944,.T.);
#2829=ORIENTED_EDGE('',*,*,#1828,.F.);
#2830=ORIENTED_EDGE('',*,*,#1945,.T.);
#2831=ORIENTED_EDGE('',*,*,#1944,.F.);
#2832=ORIENTED_EDGE('',*,*,#1945,.F.);
#2833=ORIENTED_EDGE('',*,*,#1829,.F.);
#2834=ORIENTED_EDGE('',*,*,#1946,.T.);
#2835=ORIENTED_EDGE('',*,*,#1940,.F.);
#2836=ORIENTED_EDGE('',*,*,#1946,.F.);
#2837=ORIENTED_EDGE('',*,*,#1827,.F.);
#2838=ORIENTED_EDGE('',*,*,#1947,.T.);
#2839=ORIENTED_EDGE('',*,*,#1907,.T.);
#2840=ORIENTED_EDGE('',*,*,#1701,.F.);
#2841=ORIENTED_EDGE('',*,*,#1941,.T.);
#2842=ORIENTED_EDGE('',*,*,#1936,.T.);
#2843=ORIENTED_EDGE('',*,*,#1908,.F.);
#2844=ORIENTED_EDGE('',*,*,#1947,.F.);
#2845=ORIENTED_EDGE('',*,*,#1826,.F.);
#2846=ORIENTED_EDGE('',*,*,#1948,.F.);
#2847=ORIENTED_EDGE('',*,*,#1942,.F.);
#2848=ORIENTED_EDGE('',*,*,#1948,.T.);
#2849=ORIENTED_EDGE('',*,*,#1825,.F.);
#2850=ORIENTED_EDGE('',*,*,#1949,.F.);
#2851=ORIENTED_EDGE('',*,*,#1943,.T.);
#2852=ORIENTED_EDGE('',*,*,#1949,.T.);
#2853=ORIENTED_EDGE('',*,*,#1824,.F.);
#2854=ORIENTED_EDGE('',*,*,#1950,.T.);
#2855=ORIENTED_EDGE('',*,*,#1912,.F.);
#2856=ORIENTED_EDGE('',*,*,#1929,.F.);
#2857=ORIENTED_EDGE('',*,*,#1950,.F.);
#2858=ORIENTED_EDGE('',*,*,#1823,.F.);
#2859=ORIENTED_EDGE('',*,*,#1951,.T.);
#2860=ORIENTED_EDGE('',*,*,#1913,.F.);
#2861=ORIENTED_EDGE('',*,*,#1937,.T.);
#2862=ORIENTED_EDGE('',*,*,#1927,.T.);
#2863=ORIENTED_EDGE('',*,*,#1914,.F.);
#2864=ORIENTED_EDGE('',*,*,#1951,.F.);
#2865=ORIENTED_EDGE('',*,*,#1822,.F.);
#2866=ORIENTED_EDGE('',*,*,#1952,.F.);
#2867=ORIENTED_EDGE('',*,*,#1938,.F.);
#2868=ORIENTED_EDGE('',*,*,#1952,.T.);
#2869=ORIENTED_EDGE('',*,*,#1821,.F.);
#2870=ORIENTED_EDGE('',*,*,#1502,.F.);
#2871=ORIENTED_EDGE('',*,*,#1939,.T.);
#2872=ORIENTED_EDGE('',*,*,#1504,.T.);
#2873=ORIENTED_EDGE('',*,*,#1820,.T.);
#2874=ORIENTED_EDGE('',*,*,#1719,.F.);
#2875=ORIENTED_EDGE('',*,*,#1801,.F.);
#2876=ORIENTED_EDGE('',*,*,#1764,.T.);
#2877=ORIENTED_EDGE('',*,*,#1819,.F.);
#2878=ORIENTED_EDGE('',*,*,#1735,.T.);
#2879=CYLINDRICAL_SURFACE('',#3147,0.4);
#2880=CYLINDRICAL_SURFACE('',#3154,2.);
#2881=CYLINDRICAL_SURFACE('',#3157,0.400000000000001);
#2882=CYLINDRICAL_SURFACE('',#3170,3.);
#2883=CYLINDRICAL_SURFACE('',#3172,3.);
#2884=CYLINDRICAL_SURFACE('',#3188,3.);
#2885=CYLINDRICAL_SURFACE('',#3194,3.);
#2886=CYLINDRICAL_SURFACE('',#3200,3.);
#2887=CYLINDRICAL_SURFACE('',#3208,3.);
#2888=CYLINDRICAL_SURFACE('',#3214,0.5);
#2889=CYLINDRICAL_SURFACE('',#3216,0.5);
#2890=CYLINDRICAL_SURFACE('',#3224,0.5);
#2891=CYLINDRICAL_SURFACE('',#3231,0.5);
#2892=CYLINDRICAL_SURFACE('',#3245,0.5);
#2893=CYLINDRICAL_SURFACE('',#3249,5.);
#2894=CYLINDRICAL_SURFACE('',#3250,14.2126706153372);
#2895=CYLINDRICAL_SURFACE('',#3252,5.);
#2896=CYLINDRICAL_SURFACE('',#3256,2.);
#2897=CYLINDRICAL_SURFACE('',#3257,2.5);
#2898=CYLINDRICAL_SURFACE('',#3263,3.);
#2899=CYLINDRICAL_SURFACE('',#3267,3.);
#2900=CYLINDRICAL_SURFACE('',#3271,2.);
#2901=CYLINDRICAL_SURFACE('',#3273,3.);
#2902=CYLINDRICAL_SURFACE('',#3277,3.);
#2903=CYLINDRICAL_SURFACE('',#3283,5.);
#2904=CYLINDRICAL_SURFACE('',#3293,2.5);
#2905=CYLINDRICAL_SURFACE('',#3294,2.5);
#2906=CYLINDRICAL_SURFACE('',#3295,2.5);
#2907=CYLINDRICAL_SURFACE('',#3296,2.5);
#2908=CYLINDRICAL_SURFACE('',#3297,2.5);
#2909=CYLINDRICAL_SURFACE('',#3303,3.);
#2910=CYLINDRICAL_SURFACE('',#3320,1.6);
#2911=CYLINDRICAL_SURFACE('',#3322,1.6);
#2912=CYLINDRICAL_SURFACE('',#3325,2.);
#2913=CYLINDRICAL_SURFACE('',#3328,2.49999999999999);
#2914=CYLINDRICAL_SURFACE('',#3330,2.);
#2915=CYLINDRICAL_SURFACE('',#3334,1.99999999999999);
#2916=CYLINDRICAL_SURFACE('',#3338,2.5);
#2917=CYLINDRICAL_SURFACE('',#3341,2.);
#2918=CYLINDRICAL_SURFACE('',#3344,4.);
#2919=CYLINDRICAL_SURFACE('',#3351,3.);
#2920=CYLINDRICAL_SURFACE('',#3359,3.);
#2921=CYLINDRICAL_SURFACE('',#3368,3.);
#2922=CYLINDRICAL_SURFACE('',#3384,3.);
#2923=CYLINDRICAL_SURFACE('',#3390,3.);
#2924=CYLINDRICAL_SURFACE('',#3396,3.);
#2925=CYLINDRICAL_SURFACE('',#3404,3.);
#2926=CYLINDRICAL_SURFACE('',#3410,0.5);
#2927=CYLINDRICAL_SURFACE('',#3412,0.5);
#2928=CYLINDRICAL_SURFACE('',#3418,0.5);
#2929=CYLINDRICAL_SURFACE('',#3419,0.5);
#2930=CYLINDRICAL_SURFACE('',#3421,0.5);
#2931=CYLINDRICAL_SURFACE('',#3426,0.5);
#2932=CYLINDRICAL_SURFACE('',#3437,0.5);
#2933=CYLINDRICAL_SURFACE('',#3451,5.);
#2934=CYLINDRICAL_SURFACE('',#3452,14.2126706153372);
#2935=CYLINDRICAL_SURFACE('',#3454,5.);
#2936=CYLINDRICAL_SURFACE('',#3458,2.);
#2937=CYLINDRICAL_SURFACE('',#3462,2.5);
#2938=CYLINDRICAL_SURFACE('',#3468,2.5);
#2939=CYLINDRICAL_SURFACE('',#3474,3.);
#2940=CYLINDRICAL_SURFACE('',#3477,3.);
#2941=CYLINDRICAL_SURFACE('',#3478,3.);
#2942=CYLINDRICAL_SURFACE('',#3482,2.);
#2943=CYLINDRICAL_SURFACE('',#3484,3.);
#2944=CYLINDRICAL_SURFACE('',#3488,3.);
#2945=CYLINDRICAL_SURFACE('',#3494,5.);
#2946=CYLINDRICAL_SURFACE('',#3504,2.5);
#2947=CYLINDRICAL_SURFACE('',#3505,2.5);
#2948=CYLINDRICAL_SURFACE('',#3506,2.5);
#2949=CYLINDRICAL_SURFACE('',#3507,2.5);
#2950=CYLINDRICAL_SURFACE('',#3508,2.5);
#2951=CYLINDRICAL_SURFACE('',#3514,3.);
#2952=CYLINDRICAL_SURFACE('',#3540,1.6);
#2953=CYLINDRICAL_SURFACE('',#3541,1.6);
#2954=CYLINDRICAL_SURFACE('',#3543,2.);
#2955=CYLINDRICAL_SURFACE('',#3544,2.49999999999999);
#2956=CYLINDRICAL_SURFACE('',#3545,2.);
#2957=CYLINDRICAL_SURFACE('',#3547,1.99999999999999);
#2958=CYLINDRICAL_SURFACE('',#3548,2.5);
#2959=CYLINDRICAL_SURFACE('',#3550,4.);
#2960=ADVANCED_FACE('',(#171),#2879,.T.);
#2961=ADVANCED_FACE('',(#172),#102,.T.);
#2962=ADVANCED_FACE('',(#173),#103,.T.);
#2963=ADVANCED_FACE('',(#174),#2880,.F.);
#2964=ADVANCED_FACE('',(#175),#2881,.T.);
#2965=ADVANCED_FACE('',(#176),#104,.F.);
#2966=ADVANCED_FACE('',(#177),#105,.F.);
#2967=ADVANCED_FACE('',(#178),#106,.F.);
#2968=ADVANCED_FACE('',(#179),#81,.T.);
#2969=ADVANCED_FACE('',(#180),#2882,.F.);
#2970=ADVANCED_FACE('',(#181),#2883,.F.);
#2971=ADVANCED_FACE('',(#182),#82,.T.);
#2972=ADVANCED_FACE('',(#183),#107,.F.);
#2973=ADVANCED_FACE('',(#184),#2884,.F.);
#2974=ADVANCED_FACE('',(#185),#83,.T.);
#2975=ADVANCED_FACE('',(#186),#2885,.F.);
#2976=ADVANCED_FACE('',(#187),#84,.T.);
#2977=ADVANCED_FACE('',(#188),#2886,.F.);
#2978=ADVANCED_FACE('',(#189),#85,.T.);
#2979=ADVANCED_FACE('',(#190),#108,.F.);
#2980=ADVANCED_FACE('',(#191),#2887,.F.);
#2981=ADVANCED_FACE('',(#192),#79,.T.);
#2982=ADVANCED_FACE('',(#193),#2888,.T.);
#2983=ADVANCED_FACE('',(#194),#2889,.T.);
#2984=ADVANCED_FACE('',(#195),#86,.T.);
#2985=ADVANCED_FACE('',(#196),#2890,.T.);
#2986=ADVANCED_FACE('',(#197),#87,.T.);
#2987=ADVANCED_FACE('',(#198),#2891,.T.);
#2988=ADVANCED_FACE('',(#199),#88,.T.);
#2989=ADVANCED_FACE('',(#200),#89,.T.);
#2990=ADVANCED_FACE('',(#201),#90,.T.);
#2991=ADVANCED_FACE('',(#202),#2892,.T.);
#2992=ADVANCED_FACE('',(#203),#109,.F.);
#2993=ADVANCED_FACE('',(#204),#2893,.T.);
#2994=ADVANCED_FACE('',(#205,#15),#2894,.F.);
#2995=ADVANCED_FACE('',(#206),#2895,.T.);
#2996=ADVANCED_FACE('',(#207),#110,.F.);
#2997=ADVANCED_FACE('',(#208),#2896,.F.);
#2998=ADVANCED_FACE('',(#209),#2897,.F.);
#2999=ADVANCED_FACE('',(#210,#16),#111,.F.);
#3000=ADVANCED_FACE('',(#211,#17),#112,.T.);
#3001=ADVANCED_FACE('',(#212),#2898,.F.);
#3002=ADVANCED_FACE('',(#213),#2899,.F.);
#3003=ADVANCED_FACE('',(#214),#113,.F.);
#3004=ADVANCED_FACE('',(#215),#2900,.F.);
#3005=ADVANCED_FACE('',(#216),#2901,.F.);
#3006=ADVANCED_FACE('',(#217,#18),#114,.T.);
#3007=ADVANCED_FACE('',(#218),#2902,.F.);
#3008=ADVANCED_FACE('',(#219,#19),#115,.T.);
#3009=ADVANCED_FACE('',(#220,#20),#116,.T.);
#3010=ADVANCED_FACE('',(#221),#2903,.T.);
#3011=ADVANCED_FACE('',(#222,#21),#117,.F.);
#3012=ADVANCED_FACE('',(#223,#22),#118,.F.);
#3013=ADVANCED_FACE('',(#224,#23),#119,.F.);
#3014=ADVANCED_FACE('',(#225,#24),#120,.F.);
#3015=ADVANCED_FACE('',(#226),#2904,.F.);
#3016=ADVANCED_FACE('',(#227),#2905,.F.);
#3017=ADVANCED_FACE('',(#228),#2906,.F.);
#3018=ADVANCED_FACE('',(#229),#2907,.F.);
#3019=ADVANCED_FACE('',(#230),#2908,.F.);
#3020=ADVANCED_FACE('',(#231,#25),#121,.F.);
#3021=ADVANCED_FACE('',(#232,#26),#122,.T.);
#3022=ADVANCED_FACE('',(#233),#2909,.F.);
#3023=ADVANCED_FACE('',(#234),#123,.F.);
#3024=ADVANCED_FACE('',(#235),#124,.F.);
#3025=ADVANCED_FACE('',(#236),#125,.F.);
#3026=ADVANCED_FACE('',(#237),#126,.F.);
#3027=ADVANCED_FACE('',(#238),#127,.F.);
#3028=ADVANCED_FACE('',(#239),#128,.F.);
#3029=ADVANCED_FACE('',(#240),#129,.F.);
#3030=ADVANCED_FACE('',(#241),#130,.F.);
#3031=ADVANCED_FACE('',(#242,#27),#131,.F.);
#3032=ADVANCED_FACE('',(#243),#2910,.F.);
#3033=ADVANCED_FACE('',(#244),#2911,.F.);
#3034=ADVANCED_FACE('',(#245),#2912,.F.);
#3035=ADVANCED_FACE('',(#246),#2913,.T.);
#3036=ADVANCED_FACE('',(#247),#2914,.F.);
#3037=ADVANCED_FACE('',(#248),#132,.F.);
#3038=ADVANCED_FACE('',(#249),#2915,.F.);
#3039=ADVANCED_FACE('',(#250),#2916,.T.);
#3040=ADVANCED_FACE('',(#251),#2917,.F.);
#3041=ADVANCED_FACE('',(#252),#2918,.T.);
#3042=ADVANCED_FACE('',(#253),#91,.T.);
#3043=ADVANCED_FACE('',(#254),#2919,.F.);
#3044=ADVANCED_FACE('',(#255),#92,.T.);
#3045=ADVANCED_FACE('',(#256),#133,.T.);
#3046=ADVANCED_FACE('',(#257),#2920,.F.);
#3047=ADVANCED_FACE('',(#258),#134,.T.);
#3048=ADVANCED_FACE('',(#259),#2921,.F.);
#3049=ADVANCED_FACE('',(#260),#93,.T.);
#3050=ADVANCED_FACE('',(#261),#135,.T.);
#3051=ADVANCED_FACE('',(#262),#2922,.F.);
#3052=ADVANCED_FACE('',(#263),#94,.T.);
#3053=ADVANCED_FACE('',(#264),#2923,.F.);
#3054=ADVANCED_FACE('',(#265),#95,.T.);
#3055=ADVANCED_FACE('',(#266),#2924,.F.);
#3056=ADVANCED_FACE('',(#267),#96,.T.);
#3057=ADVANCED_FACE('',(#268),#136,.T.);
#3058=ADVANCED_FACE('',(#269),#2925,.F.);
#3059=ADVANCED_FACE('',(#270),#80,.T.);
#3060=ADVANCED_FACE('',(#271),#2926,.T.);
#3061=ADVANCED_FACE('',(#272),#2927,.T.);
#3062=ADVANCED_FACE('',(#273),#97,.T.);
#3063=ADVANCED_FACE('',(#274),#2928,.T.);
#3064=ADVANCED_FACE('',(#275),#2929,.T.);
#3065=ADVANCED_FACE('',(#276),#2930,.T.);
#3066=ADVANCED_FACE('',(#277),#98,.T.);
#3067=ADVANCED_FACE('',(#278),#2931,.T.);
#3068=ADVANCED_FACE('',(#279),#99,.T.);
#3069=ADVANCED_FACE('',(#280),#100,.T.);
#3070=ADVANCED_FACE('',(#281),#101,.T.);
#3071=ADVANCED_FACE('',(#282),#2932,.T.);
#3072=ADVANCED_FACE('',(#283,#28,#29,#30,#31,#32),#137,.F.);
#3073=ADVANCED_FACE('',(#284),#138,.T.);
#3074=ADVANCED_FACE('',(#285),#139,.T.);
#3075=ADVANCED_FACE('',(#286),#2933,.T.);
#3076=ADVANCED_FACE('',(#287,#33),#2934,.F.);
#3077=ADVANCED_FACE('',(#288),#2935,.T.);
#3078=ADVANCED_FACE('',(#289),#140,.T.);
#3079=ADVANCED_FACE('',(#290),#2936,.F.);
#3080=ADVANCED_FACE('',(#291,#34),#141,.T.);
#3081=ADVANCED_FACE('',(#292),#2937,.F.);
#3082=ADVANCED_FACE('',(#293,#35),#142,.T.);
#3083=ADVANCED_FACE('',(#294,#36),#143,.F.);
#3084=ADVANCED_FACE('',(#295),#2938,.F.);
#3085=ADVANCED_FACE('',(#296,#37),#144,.T.);
#3086=ADVANCED_FACE('',(#297,#38),#145,.F.);
#3087=ADVANCED_FACE('',(#298),#2939,.F.);
#3088=ADVANCED_FACE('',(#299),#2940,.F.);
#3089=ADVANCED_FACE('',(#300),#2941,.F.);
#3090=ADVANCED_FACE('',(#301),#146,.T.);
#3091=ADVANCED_FACE('',(#302),#2942,.F.);
#3092=ADVANCED_FACE('',(#303),#2943,.F.);
#3093=ADVANCED_FACE('',(#304,#39),#147,.F.);
#3094=ADVANCED_FACE('',(#305),#2944,.F.);
#3095=ADVANCED_FACE('',(#306,#40),#148,.F.);
#3096=ADVANCED_FACE('',(#307,#41),#149,.F.);
#3097=ADVANCED_FACE('',(#308),#2945,.T.);
#3098=ADVANCED_FACE('',(#309,#42),#150,.T.);
#3099=ADVANCED_FACE('',(#310,#43),#151,.T.);
#3100=ADVANCED_FACE('',(#311,#44),#152,.T.);
#3101=ADVANCED_FACE('',(#312,#45),#153,.T.);
#3102=ADVANCED_FACE('',(#313),#2946,.F.);
#3103=ADVANCED_FACE('',(#314),#2947,.F.);
#3104=ADVANCED_FACE('',(#315),#2948,.F.);
#3105=ADVANCED_FACE('',(#316),#2949,.F.);
#3106=ADVANCED_FACE('',(#317),#2950,.F.);
#3107=ADVANCED_FACE('',(#318,#46),#154,.T.);
#3108=ADVANCED_FACE('',(#319,#47),#155,.F.);
#3109=ADVANCED_FACE('',(#320),#2951,.F.);
#3110=ADVANCED_FACE('',(#321),#156,.F.);
#3111=ADVANCED_FACE('',(#322),#157,.T.);
#3112=ADVANCED_FACE('',(#323),#158,.T.);
#3113=ADVANCED_FACE('',(#324),#159,.T.);
#3114=ADVANCED_FACE('',(#325),#160,.T.);
#3115=ADVANCED_FACE('',(#326),#161,.T.);
#3116=ADVANCED_FACE('',(#327),#162,.T.);
#3117=ADVANCED_FACE('',(#328),#163,.T.);
#3118=ADVANCED_FACE('',(#329),#164,.T.);
#3119=ADVANCED_FACE('',(#330),#165,.T.);
#3120=ADVANCED_FACE('',(#331,#48,#49),#166,.T.);
#3121=ADVANCED_FACE('',(#332,#50),#167,.T.);
#3122=ADVANCED_FACE('',(#333),#2952,.F.);
#3123=ADVANCED_FACE('',(#334),#2953,.F.);
#3124=ADVANCED_FACE('',(#335),#168,.T.);
#3125=ADVANCED_FACE('',(#336),#2954,.F.);
#3126=ADVANCED_FACE('',(#337),#2955,.T.);
#3127=ADVANCED_FACE('',(#338),#2956,.F.);
#3128=ADVANCED_FACE('',(#339),#169,.T.);
#3129=ADVANCED_FACE('',(#340),#2957,.F.);
#3130=ADVANCED_FACE('',(#341),#2958,.T.);
#3131=ADVANCED_FACE('',(#342),#170,.T.);
#3132=ADVANCED_FACE('',(#343),#2959,.T.);
#3133=CLOSED_SHELL('',(#2960,#2961,#2962,#2963,#2964,#2965,#2966,#2967,
#2968,#2969,#2970,#2971,#2972,#2973,#2974,#2975,#2976,#2977,#2978,#2979,
#2980,#2981,#2982,#2983,#2984,#2985,#2986,#2987,#2988,#2989,#2990,#2991,
#2992,#2993,#2994,#2995,#2996,#2997,#2998,#2999,#3000,#3001,#3002,#3003,
#3004,#3005,#3006,#3007,#3008,#3009,#3010,#3011,#3012,#3013,#3014,#3015,
#3016,#3017,#3018,#3019,#3020,#3021,#3022,#3023,#3024,#3025,#3026,#3027,
#3028,#3029,#3030,#3031,#3032,#3033,#3034,#3035,#3036,#3037,#3038,#3039,
#3040,#3041,#3042,#3043,#3044,#3045,#3046,#3047,#3048,#3049,#3050,#3051,
#3052,#3053,#3054,#3055,#3056,#3057,#3058,#3059,#3060,#3061,#3062,#3063,
#3064,#3065,#3066,#3067,#3068,#3069,#3070,#3071,#3072,#3073,#3074,#3075,
#3076,#3077,#3078,#3079,#3080,#3081,#3082,#3083,#3084,#3085,#3086,#3087,
#3088,#3089,#3090,#3091,#3092,#3093,#3094,#3095,#3096,#3097,#3098,#3099,
#3100,#3101,#3102,#3103,#3104,#3105,#3106,#3107,#3108,#3109,#3110,#3111,
#3112,#3113,#3114,#3115,#3116,#3117,#3118,#3119,#3120,#3121,#3122,#3123,
#3124,#3125,#3126,#3127,#3128,#3129,#3130,#3131,#3132));
#3134=DERIVED_UNIT_ELEMENT(#3136,1.);
#3135=DERIVED_UNIT_ELEMENT(#5767,-3.);
#3136=(
MASS_UNIT()
NAMED_UNIT(*)
SI_UNIT(.KILO.,.GRAM.)
);
#3137=DERIVED_UNIT((#3134,#3135));
#3138=MEASURE_REPRESENTATION_ITEM('density measure',
POSITIVE_RATIO_MEASURE(7850.),#3137);
#3139=PROPERTY_DEFINITION_REPRESENTATION(#3144,#3141);
#3140=PROPERTY_DEFINITION_REPRESENTATION(#3145,#3142);
#3141=REPRESENTATION('material name',(#3143),#5764);
#3142=REPRESENTATION('density',(#3138),#5764);
#3143=DESCRIPTIVE_REPRESENTATION_ITEM('Steel','Steel');
#3144=PROPERTY_DEFINITION('material property','material name',#5774);
#3145=PROPERTY_DEFINITION('material property','density of part',#5774);
#3146=AXIS2_PLACEMENT_3D('',#4571,#3551,#3552);
#3147=AXIS2_PLACEMENT_3D('',#4572,#3553,#3554);
#3148=AXIS2_PLACEMENT_3D('',#4575,#3555,#3556);
#3149=AXIS2_PLACEMENT_3D('',#4579,#3558,#3559);
#3150=AXIS2_PLACEMENT_3D('',#4581,#3560,#3561);
#3151=AXIS2_PLACEMENT_3D('',#4583,#3563,#3564);
#3152=AXIS2_PLACEMENT_3D('',#4589,#3568,#3569);
#3153=AXIS2_PLACEMENT_3D('',#4594,#3572,#3573);
#3154=AXIS2_PLACEMENT_3D('',#4595,#3574,#3575);
#3155=AXIS2_PLACEMENT_3D('',#4598,#3576,#3577);
#3156=AXIS2_PLACEMENT_3D('',#4602,#3579,#3580);
#3157=AXIS2_PLACEMENT_3D('',#4604,#3582,#3583);
#3158=AXIS2_PLACEMENT_3D('',#4607,#3584,#3585);
#3159=AXIS2_PLACEMENT_3D('',#4611,#3587,#3588);
#3160=AXIS2_PLACEMENT_3D('',#4613,#3589,#3590);
#3161=AXIS2_PLACEMENT_3D('',#4615,#3592,#3593);
#3162=AXIS2_PLACEMENT_3D('',#4621,#3597,#3598);
#3163=AXIS2_PLACEMENT_3D('',#4623,#3599,#3600);
#3164=AXIS2_PLACEMENT_3D('',#4625,#3602,#3603);
#3165=AXIS2_PLACEMENT_3D('',#4631,#3607,#3608);
#3166=AXIS2_PLACEMENT_3D('',#4633,#3609,#3610);
#3167=AXIS2_PLACEMENT_3D('',#4635,#3611,#3612);
#3168=AXIS2_PLACEMENT_3D('',#4637,#3613,#3614);
#3169=AXIS2_PLACEMENT_3D('',#4638,#3615,#3616);
#3170=AXIS2_PLACEMENT_3D('',#4639,#3617,#3618);
#3171=AXIS2_PLACEMENT_3D('',#4642,#3620,#3621);
#3172=AXIS2_PLACEMENT_3D('',#4643,#3622,#3623);
#3173=AXIS2_PLACEMENT_3D('',#4645,#3624,#3625);
#3174=AXIS2_PLACEMENT_3D('',#4648,#3627,#3628);
#3175=AXIS2_PLACEMENT_3D('',#4649,#3629,#3630);
#3176=AXIS2_PLACEMENT_3D('',#4652,#3631,#3632);
#3177=AXIS2_PLACEMENT_3D('',#4653,#3633,#3634);
#3178=AXIS2_PLACEMENT_3D('',#4655,#3635,#3636);
#3179=AXIS2_PLACEMENT_3D('',#4657,#3637,#3638);
#3180=AXIS2_PLACEMENT_3D('',#4658,#3639,#3640);
#3181=AXIS2_PLACEMENT_3D('',#4659,#3641,#3642);
#3182=AXIS2_PLACEMENT_3D('',#4662,#3643,#3644);
#3183=AXIS2_PLACEMENT_3D('',#4664,#3645,#3646);
#3184=AXIS2_PLACEMENT_3D('',#4668,#3648,#3649);
#3185=AXIS2_PLACEMENT_3D('',#4669,#3650,#3651);
#3186=AXIS2_PLACEMENT_3D('',#4673,#3653,#3654);
#3187=AXIS2_PLACEMENT_3D('',#4674,#3655,#3656);
#3188=AXIS2_PLACEMENT_3D('',#4683,#3662,#3663);
#3189=AXIS2_PLACEMENT_3D('',#4686,#3665,#3666);
#3190=AXIS2_PLACEMENT_3D('',#4687,#3667,#3668);
#3191=AXIS2_PLACEMENT_3D('',#4689,#3669,#3670);
#3192=AXIS2_PLACEMENT_3D('',#4691,#3671,#3672);
#3193=AXIS2_PLACEMENT_3D('',#4692,#3673,#3674);
#3194=AXIS2_PLACEMENT_3D('',#4693,#3675,#3676);
#3195=AXIS2_PLACEMENT_3D('',#4696,#3678,#3679);
#3196=AXIS2_PLACEMENT_3D('',#4697,#3680,#3681);
#3197=AXIS2_PLACEMENT_3D('',#4699,#3682,#3683);
#3198=AXIS2_PLACEMENT_3D('',#4701,#3684,#3685);
#3199=AXIS2_PLACEMENT_3D('',#4702,#3686,#3687);
#3200=AXIS2_PLACEMENT_3D('',#4703,#3688,#3689);
#3201=AXIS2_PLACEMENT_3D('',#4706,#3691,#3692);
#3202=AXIS2_PLACEMENT_3D('',#4707,#3693,#3694);
#3203=AXIS2_PLACEMENT_3D('',#4708,#3695,#3696);
#3204=AXIS2_PLACEMENT_3D('',#4710,#3697,#3698);
#3205=AXIS2_PLACEMENT_3D('',#4712,#3699,#3700);
#3206=AXIS2_PLACEMENT_3D('',#4713,#3701,#3702);
#3207=AXIS2_PLACEMENT_3D('',#4714,#3703,#3704);
#3208=AXIS2_PLACEMENT_3D('',#4718,#3707,#3708);
#3209=AXIS2_PLACEMENT_3D('',#4721,#3710,#3711);
#3210=AXIS2_PLACEMENT_3D('',#4722,#3712,#3713);
#3211=AXIS2_PLACEMENT_3D('',#4725,#3714,#3715);
#3212=AXIS2_PLACEMENT_3D('',#4726,#3716,#3717);
#3213=AXIS2_PLACEMENT_3D('',#4727,#3718,#3719);
#3214=AXIS2_PLACEMENT_3D('',#4728,#3720,#3721);
#3215=AXIS2_PLACEMENT_3D('',#4730,#3722,#3723);
#3216=AXIS2_PLACEMENT_3D('',#4732,#3725,#3726);
#3217=AXIS2_PLACEMENT_3D('',#4734,#3727,#3728);
#3218=AXIS2_PLACEMENT_3D('',#4736,#3730,#3731);
#3219=AXIS2_PLACEMENT_3D('',#4738,#3732,#3733);
#3220=AXIS2_PLACEMENT_3D('',#4740,#3734,#3735);
#3221=AXIS2_PLACEMENT_3D('',#4742,#3736,#3737);
#3222=AXIS2_PLACEMENT_3D('',#4743,#3738,#3739);
#3223=AXIS2_PLACEMENT_3D('',#4744,#3740,#3741);
#3224=AXIS2_PLACEMENT_3D('',#4745,#3742,#3743);
#3225=AXIS2_PLACEMENT_3D('',#4749,#3745,#3746);
#3226=AXIS2_PLACEMENT_3D('',#4751,#3748,#3749);
#3227=AXIS2_PLACEMENT_3D('',#4754,#3750,#3751);
#3228=AXIS2_PLACEMENT_3D('',#4756,#3752,#3753);
#3229=AXIS2_PLACEMENT_3D('',#4758,#3754,#3755);
#3230=AXIS2_PLACEMENT_3D('',#4759,#3756,#3757);
#3231=AXIS2_PLACEMENT_3D('',#4760,#3758,#3759);
#3232=AXIS2_PLACEMENT_3D('',#4763,#3760,#3761);
#3233=AXIS2_PLACEMENT_3D('',#4766,#3764,#3765);
#3234=AXIS2_PLACEMENT_3D('',#4769,#3766,#3767);
#3235=AXIS2_PLACEMENT_3D('',#4770,#3768,#3769);
#3236=AXIS2_PLACEMENT_3D('',#4771,#3770,#3771);
#3237=AXIS2_PLACEMENT_3D('',#4772,#3772,#3773);
#3238=AXIS2_PLACEMENT_3D('',#4775,#3774,#3775);
#3239=AXIS2_PLACEMENT_3D('',#4776,#3776,#3777);
#3240=AXIS2_PLACEMENT_3D('',#4777,#3778,#3779);
#3241=AXIS2_PLACEMENT_3D('',#4778,#3780,#3781);
#3242=AXIS2_PLACEMENT_3D('',#4781,#3782,#3783);
#3243=AXIS2_PLACEMENT_3D('',#4782,#3784,#3785);
#3244=AXIS2_PLACEMENT_3D('',#4783,#3786,#3787);
#3245=AXIS2_PLACEMENT_3D('',#4784,#3788,#3789);
#3246=AXIS2_PLACEMENT_3D('',#4787,#3792,#3793);
#3247=AXIS2_PLACEMENT_3D('',#4792,#3796,#3797);
#3248=AXIS2_PLACEMENT_3D('',#4794,#3798,#3799);
#3249=AXIS2_PLACEMENT_3D('',#4796,#3801,#3802);
#3250=AXIS2_PLACEMENT_3D('',#4807,#3804,#3805);
#3251=AXIS2_PLACEMENT_3D('',#4826,#3807,#3808);
#3252=AXIS2_PLACEMENT_3D('',#4895,#3811,#3812);
#3253=AXIS2_PLACEMENT_3D('',#4915,#3813,#3814);
#3254=AXIS2_PLACEMENT_3D('',#4933,#3817,#3818);
#3255=AXIS2_PLACEMENT_3D('',#4935,#3819,#3820);
#3256=AXIS2_PLACEMENT_3D('',#4939,#3823,#3824);
#3257=AXIS2_PLACEMENT_3D('',#4952,#3826,#3827);
#3258=AXIS2_PLACEMENT_3D('',#4954,#3828,#3829);
#3259=AXIS2_PLACEMENT_3D('',#4957,#3831,#3832);
#3260=AXIS2_PLACEMENT_3D('',#4958,#3833,#3834);
#3261=AXIS2_PLACEMENT_3D('',#4959,#3835,#3836);
#3262=AXIS2_PLACEMENT_3D('',#4961,#3837,#3838);
#3263=AXIS2_PLACEMENT_3D('',#4962,#3839,#3840);
#3264=AXIS2_PLACEMENT_3D('',#4966,#3842,#3843);
#3265=AXIS2_PLACEMENT_3D('',#4980,#3845,#3846);
#3266=AXIS2_PLACEMENT_3D('',#4981,#3847,#3848);
#3267=AXIS2_PLACEMENT_3D('',#4982,#3849,#3850);
#3268=AXIS2_PLACEMENT_3D('',#4984,#3851,#3852);
#3269=AXIS2_PLACEMENT_3D('',#4986,#3854,#3855);
#3270=AXIS2_PLACEMENT_3D('',#4987,#3856,#3857);
#3271=AXIS2_PLACEMENT_3D('',#4991,#3860,#3861);
#3272=AXIS2_PLACEMENT_3D('',#4993,#3862,#3863);
#3273=AXIS2_PLACEMENT_3D('',#4995,#3865,#3866);
#3274=AXIS2_PLACEMENT_3D('',#4997,#3867,#3868);
#3275=AXIS2_PLACEMENT_3D('',#4999,#3870,#3871);
#3276=AXIS2_PLACEMENT_3D('',#5001,#3872,#3873);
#3277=AXIS2_PLACEMENT_3D('',#5002,#3874,#3875);
#3278=AXIS2_PLACEMENT_3D('',#5004,#3876,#3877);
#3279=AXIS2_PLACEMENT_3D('',#5014,#3879,#3880);
#3280=AXIS2_PLACEMENT_3D('',#5016,#3881,#3882);
#3281=AXIS2_PLACEMENT_3D('',#5017,#3883,#3884);
#3282=AXIS2_PLACEMENT_3D('',#5019,#3885,#3886);
#3283=AXIS2_PLACEMENT_3D('',#5020,#3887,#3888);
#3284=AXIS2_PLACEMENT_3D('',#5021,#3889,#3890);
#3285=AXIS2_PLACEMENT_3D('',#5022,#3891,#3892);
#3286=AXIS2_PLACEMENT_3D('',#5024,#3893,#3894);
#3287=AXIS2_PLACEMENT_3D('',#5025,#3895,#3896);
#3288=AXIS2_PLACEMENT_3D('',#5027,#3897,#3898);
#3289=AXIS2_PLACEMENT_3D('',#5028,#3899,#3900);
#3290=AXIS2_PLACEMENT_3D('',#5030,#3901,#3902);
#3291=AXIS2_PLACEMENT_3D('',#5031,#3903,#3904);
#3292=AXIS2_PLACEMENT_3D('',#5033,#3905,#3906);
#3293=AXIS2_PLACEMENT_3D('',#5034,#3907,#3908);
#3294=AXIS2_PLACEMENT_3D('',#5036,#3910,#3911);
#3295=AXIS2_PLACEMENT_3D('',#5038,#3913,#3914);
#3296=AXIS2_PLACEMENT_3D('',#5040,#3916,#3917);
#3297=AXIS2_PLACEMENT_3D('',#5042,#3919,#3920);
#3298=AXIS2_PLACEMENT_3D('',#5044,#3921,#3922);
#3299=AXIS2_PLACEMENT_3D('',#5047,#3924,#3925);
#3300=AXIS2_PLACEMENT_3D('',#5048,#3926,#3927);
#3301=AXIS2_PLACEMENT_3D('',#5049,#3928,#3929);
#3302=AXIS2_PLACEMENT_3D('',#5051,#3930,#3931);
#3303=AXIS2_PLACEMENT_3D('',#5052,#3932,#3933);
#3304=AXIS2_PLACEMENT_3D('',#5056,#3935,#3936);
#3305=AXIS2_PLACEMENT_3D('',#5058,#3937,#3938);
#3306=AXIS2_PLACEMENT_3D('',#5059,#3939,#3940);
#3307=AXIS2_PLACEMENT_3D('',#5060,#3941,#3942);
#3308=AXIS2_PLACEMENT_3D('',#5066,#3946,#3947);
#3309=AXIS2_PLACEMENT_3D('',#5072,#3951,#3952);
#3310=AXIS2_PLACEMENT_3D('',#5078,#3956,#3957);
#3311=AXIS2_PLACEMENT_3D('',#5084,#3961,#3962);
#3312=AXIS2_PLACEMENT_3D('',#5093,#3967,#3968);
#3313=AXIS2_PLACEMENT_3D('',#5098,#3972,#3973);
#3314=AXIS2_PLACEMENT_3D('',#5102,#3976,#3977);
#3315=AXIS2_PLACEMENT_3D('',#5108,#3981,#3982);
#3316=AXIS2_PLACEMENT_3D('',#5110,#3983,#3984);
#3317=AXIS2_PLACEMENT_3D('',#5112,#3985,#3986);
#3318=AXIS2_PLACEMENT_3D('',#5113,#3987,#3988);
#3319=AXIS2_PLACEMENT_3D('',#5115,#3989,#3990);
#3320=AXIS2_PLACEMENT_3D('',#5116,#3991,#3992);
#3321=AXIS2_PLACEMENT_3D('',#5118,#3993,#3994);
#3322=AXIS2_PLACEMENT_3D('',#5120,#3996,#3997);
#3323=AXIS2_PLACEMENT_3D('',#5122,#3998,#3999);
#3324=AXIS2_PLACEMENT_3D('',#5125,#4001,#4002);
#3325=AXIS2_PLACEMENT_3D('',#5126,#4003,#4004);
#3326=AXIS2_PLACEMENT_3D('',#5130,#4006,#4007);
#3327=AXIS2_PLACEMENT_3D('',#5133,#4009,#4010);
#3328=AXIS2_PLACEMENT_3D('',#5134,#4011,#4012);
#3329=AXIS2_PLACEMENT_3D('',#5137,#4014,#4015);
#3330=AXIS2_PLACEMENT_3D('',#5138,#4016,#4017);
#3331=AXIS2_PLACEMENT_3D('',#5140,#4018,#4019);
#3332=AXIS2_PLACEMENT_3D('',#5143,#4021,#4022);
#3333=AXIS2_PLACEMENT_3D('',#5144,#4023,#4024);
#3334=AXIS2_PLACEMENT_3D('',#5150,#4028,#4029);
#3335=AXIS2_PLACEMENT_3D('',#5152,#4030,#4031);
#3336=AXIS2_PLACEMENT_3D('',#5155,#4033,#4034);
#3337=AXIS2_PLACEMENT_3D('',#5156,#4035,#4036);
#3338=AXIS2_PLACEMENT_3D('',#5157,#4037,#4038);
#3339=AXIS2_PLACEMENT_3D('',#5159,#4039,#4040);
#3340=AXIS2_PLACEMENT_3D('',#5162,#4042,#4043);
#3341=AXIS2_PLACEMENT_3D('',#5163,#4044,#4045);
#3342=AXIS2_PLACEMENT_3D('',#5165,#4046,#4047);
#3343=AXIS2_PLACEMENT_3D('',#5168,#4049,#4050);
#3344=AXIS2_PLACEMENT_3D('',#5169,#4051,#4052);
#3345=AXIS2_PLACEMENT_3D('',#5172,#4054,#4055);
#3346=AXIS2_PLACEMENT_3D('',#5173,#4056,#4057);
#3347=AXIS2_PLACEMENT_3D('',#5175,#4058,#4059);
#3348=AXIS2_PLACEMENT_3D('',#5177,#4060,#4061);
#3349=AXIS2_PLACEMENT_3D('',#5179,#4062,#4063);
#3350=AXIS2_PLACEMENT_3D('',#5180,#4064,#4065);
#3351=AXIS2_PLACEMENT_3D('',#5181,#4066,#4067);
#3352=AXIS2_PLACEMENT_3D('',#5184,#4069,#4070);
#3353=AXIS2_PLACEMENT_3D('',#5185,#4071,#4072);
#3354=AXIS2_PLACEMENT_3D('',#5187,#4073,#4074);
#3355=AXIS2_PLACEMENT_3D('',#5189,#4075,#4076);
#3356=AXIS2_PLACEMENT_3D('',#5191,#4077,#4078);
#3357=AXIS2_PLACEMENT_3D('',#5192,#4079,#4080);
#3358=AXIS2_PLACEMENT_3D('',#5193,#4081,#4082);
#3359=AXIS2_PLACEMENT_3D('',#5202,#4089,#4090);
#3360=AXIS2_PLACEMENT_3D('',#5205,#4092,#4093);
#3361=AXIS2_PLACEMENT_3D('',#5206,#4094,#4095);
#3362=AXIS2_PLACEMENT_3D('',#5209,#4096,#4097);
#3363=AXIS2_PLACEMENT_3D('',#5214,#4100,#4101);
#3364=AXIS2_PLACEMENT_3D('',#5218,#4103,#4104);
#3365=AXIS2_PLACEMENT_3D('',#5220,#4105,#4106);
#3366=AXIS2_PLACEMENT_3D('',#5222,#4107,#4108);
#3367=AXIS2_PLACEMENT_3D('',#5229,#4112,#4113);
#3368=AXIS2_PLACEMENT_3D('',#5230,#4114,#4115);
#3369=AXIS2_PLACEMENT_3D('',#5232,#4116,#4117);
#3370=AXIS2_PLACEMENT_3D('',#5235,#4119,#4120);
#3371=AXIS2_PLACEMENT_3D('',#5236,#4121,#4122);
#3372=AXIS2_PLACEMENT_3D('',#5239,#4123,#4124);
#3373=AXIS2_PLACEMENT_3D('',#5241,#4125,#4126);
#3374=AXIS2_PLACEMENT_3D('',#5243,#4127,#4128);
#3375=AXIS2_PLACEMENT_3D('',#5244,#4129,#4130);
#3376=AXIS2_PLACEMENT_3D('',#5245,#4131,#4132);
#3377=AXIS2_PLACEMENT_3D('',#5246,#4133,#4134);
#3378=AXIS2_PLACEMENT_3D('',#5249,#4135,#4136);
#3379=AXIS2_PLACEMENT_3D('',#5260,#4142,#4143);
#3380=AXIS2_PLACEMENT_3D('',#5261,#4144,#4145);
#3381=AXIS2_PLACEMENT_3D('',#5265,#4147,#4148);
#3382=AXIS2_PLACEMENT_3D('',#5266,#4149,#4150);
#3383=AXIS2_PLACEMENT_3D('',#5269,#4152,#4153);
#3384=AXIS2_PLACEMENT_3D('',#5270,#4154,#4155);
#3385=AXIS2_PLACEMENT_3D('',#5273,#4157,#4158);
#3386=AXIS2_PLACEMENT_3D('',#5274,#4159,#4160);
#3387=AXIS2_PLACEMENT_3D('',#5276,#4161,#4162);
#3388=AXIS2_PLACEMENT_3D('',#5278,#4163,#4164);
#3389=AXIS2_PLACEMENT_3D('',#5279,#4165,#4166);
#3390=AXIS2_PLACEMENT_3D('',#5280,#4167,#4168);
#3391=AXIS2_PLACEMENT_3D('',#5283,#4170,#4171);
#3392=AXIS2_PLACEMENT_3D('',#5284,#4172,#4173);
#3393=AXIS2_PLACEMENT_3D('',#5286,#4174,#4175);
#3394=AXIS2_PLACEMENT_3D('',#5288,#4176,#4177);
#3395=AXIS2_PLACEMENT_3D('',#5289,#4178,#4179);
#3396=AXIS2_PLACEMENT_3D('',#5290,#4180,#4181);
#3397=AXIS2_PLACEMENT_3D('',#5293,#4183,#4184);
#3398=AXIS2_PLACEMENT_3D('',#5294,#4185,#4186);
#3399=AXIS2_PLACEMENT_3D('',#5295,#4187,#4188);
#3400=AXIS2_PLACEMENT_3D('',#5297,#4189,#4190);
#3401=AXIS2_PLACEMENT_3D('',#5299,#4191,#4192);
#3402=AXIS2_PLACEMENT_3D('',#5300,#4193,#4194);
#3403=AXIS2_PLACEMENT_3D('',#5301,#4195,#4196);
#3404=AXIS2_PLACEMENT_3D('',#5305,#4199,#4200);
#3405=AXIS2_PLACEMENT_3D('',#5308,#4202,#4203);
#3406=AXIS2_PLACEMENT_3D('',#5309,#4204,#4205);
#3407=AXIS2_PLACEMENT_3D('',#5311,#4206,#4207);
#3408=AXIS2_PLACEMENT_3D('',#5312,#4208,#4209);
#3409=AXIS2_PLACEMENT_3D('',#5313,#4210,#4211);
#3410=AXIS2_PLACEMENT_3D('',#5314,#4212,#4213);
#3411=AXIS2_PLACEMENT_3D('',#5316,#4214,#4215);
#3412=AXIS2_PLACEMENT_3D('',#5318,#4217,#4218);
#3413=AXIS2_PLACEMENT_3D('',#5319,#4219,#4220);
#3414=AXIS2_PLACEMENT_3D('',#5320,#4221,#4222);
#3415=AXIS2_PLACEMENT_3D('',#5321,#4223,#4224);
#3416=AXIS2_PLACEMENT_3D('',#5322,#4225,#4226);
#3417=AXIS2_PLACEMENT_3D('',#5323,#4227,#4228);
#3418=AXIS2_PLACEMENT_3D('',#5324,#4229,#4230);
#3419=AXIS2_PLACEMENT_3D('',#5325,#4231,#4232);
#3420=AXIS2_PLACEMENT_3D('',#5328,#4234,#4235);
#3421=AXIS2_PLACEMENT_3D('',#5329,#4236,#4237);
#3422=AXIS2_PLACEMENT_3D('',#5332,#4239,#4240);
#3423=AXIS2_PLACEMENT_3D('',#5333,#4241,#4242);
#3424=AXIS2_PLACEMENT_3D('',#5335,#4243,#4244);
#3425=AXIS2_PLACEMENT_3D('',#5336,#4245,#4246);
#3426=AXIS2_PLACEMENT_3D('',#5337,#4247,#4248);
#3427=AXIS2_PLACEMENT_3D('',#5339,#4249,#4250);
#3428=AXIS2_PLACEMENT_3D('',#5341,#4252,#4253);
#3429=AXIS2_PLACEMENT_3D('',#5343,#4254,#4255);
#3430=AXIS2_PLACEMENT_3D('',#5344,#4256,#4257);
#3431=AXIS2_PLACEMENT_3D('',#5345,#4258,#4259);
#3432=AXIS2_PLACEMENT_3D('',#5347,#4260,#4261);
#3433=AXIS2_PLACEMENT_3D('',#5348,#4262,#4263);
#3434=AXIS2_PLACEMENT_3D('',#5349,#4264,#4265);
#3435=AXIS2_PLACEMENT_3D('',#5351,#4266,#4267);
#3436=AXIS2_PLACEMENT_3D('',#5352,#4268,#4269);
#3437=AXIS2_PLACEMENT_3D('',#5353,#4270,#4271);
#3438=AXIS2_PLACEMENT_3D('',#5355,#4273,#4274);
#3439=AXIS2_PLACEMENT_3D('',#5357,#4276,#4277);
#3440=AXIS2_PLACEMENT_3D('',#5360,#4279,#4280);
#3441=AXIS2_PLACEMENT_3D('',#5362,#4281,#4282);
#3442=AXIS2_PLACEMENT_3D('',#5366,#4284,#4285);
#3443=AXIS2_PLACEMENT_3D('',#5368,#4286,#4287);
#3444=AXIS2_PLACEMENT_3D('',#5370,#4288,#4289);
#3445=AXIS2_PLACEMENT_3D('',#5373,#4291,#4292);
#3446=AXIS2_PLACEMENT_3D('',#5375,#4293,#4294);
#3447=AXIS2_PLACEMENT_3D('',#5376,#4295,#4296);
#3448=AXIS2_PLACEMENT_3D('',#5381,#4300,#4301);
#3449=AXIS2_PLACEMENT_3D('',#5385,#4303,#4304);
#3450=AXIS2_PLACEMENT_3D('',#5387,#4305,#4306);
#3451=AXIS2_PLACEMENT_3D('',#5389,#4308,#4309);
#3452=AXIS2_PLACEMENT_3D('',#5400,#4311,#4312);
#3453=AXIS2_PLACEMENT_3D('',#5436,#4315,#4316);
#3454=AXIS2_PLACEMENT_3D('',#5488,#4318,#4319);
#3455=AXIS2_PLACEMENT_3D('',#5507,#4322,#4323);
#3456=AXIS2_PLACEMENT_3D('',#5526,#4324,#4325);
#3457=AXIS2_PLACEMENT_3D('',#5531,#4328,#4329);
#3458=AXIS2_PLACEMENT_3D('',#5532,#4330,#4331);
#3459=AXIS2_PLACEMENT_3D('',#5545,#4333,#4334);
#3460=AXIS2_PLACEMENT_3D('',#5550,#4337,#4338);
#3461=AXIS2_PLACEMENT_3D('',#5552,#4339,#4340);
#3462=AXIS2_PLACEMENT_3D('',#5553,#4341,#4342);
#3463=AXIS2_PLACEMENT_3D('',#5555,#4343,#4344);
#3464=AXIS2_PLACEMENT_3D('',#5558,#4346,#4347);
#3465=AXIS2_PLACEMENT_3D('',#5559,#4348,#4349);
#3466=AXIS2_PLACEMENT_3D('',#5560,#4350,#4351);
#3467=AXIS2_PLACEMENT_3D('',#5562,#4352,#4353);
#3468=AXIS2_PLACEMENT_3D('',#5563,#4354,#4355);
#3469=AXIS2_PLACEMENT_3D('',#5565,#4356,#4357);
#3470=AXIS2_PLACEMENT_3D('',#5568,#4359,#4360);
#3471=AXIS2_PLACEMENT_3D('',#5569,#4361,#4362);
#3472=AXIS2_PLACEMENT_3D('',#5570,#4363,#4364);
#3473=AXIS2_PLACEMENT_3D('',#5572,#4365,#4366);
#3474=AXIS2_PLACEMENT_3D('',#5573,#4367,#4368);
#3475=AXIS2_PLACEMENT_3D('',#5576,#4370,#4371);
#3476=AXIS2_PLACEMENT_3D('',#5590,#4373,#4374);
#3477=AXIS2_PLACEMENT_3D('',#5591,#4375,#4376);
#3478=AXIS2_PLACEMENT_3D('',#5593,#4378,#4379);
#3479=AXIS2_PLACEMENT_3D('',#5595,#4380,#4381);
#3480=AXIS2_PLACEMENT_3D('',#5597,#4383,#4384);
#3481=AXIS2_PLACEMENT_3D('',#5598,#4385,#4386);
#3482=AXIS2_PLACEMENT_3D('',#5602,#4389,#4390);
#3483=AXIS2_PLACEMENT_3D('',#5603,#4391,#4392);
#3484=AXIS2_PLACEMENT_3D('',#5604,#4393,#4394);
#3485=AXIS2_PLACEMENT_3D('',#5606,#4395,#4396);
#3486=AXIS2_PLACEMENT_3D('',#5608,#4398,#4399);
#3487=AXIS2_PLACEMENT_3D('',#5610,#4400,#4401);
#3488=AXIS2_PLACEMENT_3D('',#5611,#4402,#4403);
#3489=AXIS2_PLACEMENT_3D('',#5613,#4404,#4405);
#3490=AXIS2_PLACEMENT_3D('',#5623,#4407,#4408);
#3491=AXIS2_PLACEMENT_3D('',#5625,#4409,#4410);
#3492=AXIS2_PLACEMENT_3D('',#5626,#4411,#4412);
#3493=AXIS2_PLACEMENT_3D('',#5628,#4413,#4414);
#3494=AXIS2_PLACEMENT_3D('',#5629,#4415,#4416);
#3495=AXIS2_PLACEMENT_3D('',#5630,#4417,#4418);
#3496=AXIS2_PLACEMENT_3D('',#5631,#4419,#4420);
#3497=AXIS2_PLACEMENT_3D('',#5633,#4421,#4422);
#3498=AXIS2_PLACEMENT_3D('',#5634,#4423,#4424);
#3499=AXIS2_PLACEMENT_3D('',#5636,#4425,#4426);
#3500=AXIS2_PLACEMENT_3D('',#5637,#4427,#4428);
#3501=AXIS2_PLACEMENT_3D('',#5639,#4429,#4430);
#3502=AXIS2_PLACEMENT_3D('',#5640,#4431,#4432);
#3503=AXIS2_PLACEMENT_3D('',#5642,#4433,#4434);
#3504=AXIS2_PLACEMENT_3D('',#5643,#4435,#4436);
#3505=AXIS2_PLACEMENT_3D('',#5645,#4438,#4439);
#3506=AXIS2_PLACEMENT_3D('',#5647,#4441,#4442);
#3507=AXIS2_PLACEMENT_3D('',#5649,#4444,#4445);
#3508=AXIS2_PLACEMENT_3D('',#5651,#4447,#4448);
#3509=AXIS2_PLACEMENT_3D('',#5653,#4449,#4450);
#3510=AXIS2_PLACEMENT_3D('',#5656,#4452,#4453);
#3511=AXIS2_PLACEMENT_3D('',#5657,#4454,#4455);
#3512=AXIS2_PLACEMENT_3D('',#5658,#4456,#4457);
#3513=AXIS2_PLACEMENT_3D('',#5660,#4458,#4459);
#3514=AXIS2_PLACEMENT_3D('',#5661,#4460,#4461);
#3515=AXIS2_PLACEMENT_3D('',#5665,#4463,#4464);
#3516=AXIS2_PLACEMENT_3D('',#5667,#4465,#4466);
#3517=AXIS2_PLACEMENT_3D('',#5668,#4467,#4468);
#3518=AXIS2_PLACEMENT_3D('',#5669,#4469,#4470);
#3519=AXIS2_PLACEMENT_3D('',#5673,#4472,#4473);
#3520=AXIS2_PLACEMENT_3D('',#5680,#4477,#4478);
#3521=AXIS2_PLACEMENT_3D('',#5684,#4480,#4481);
#3522=AXIS2_PLACEMENT_3D('',#5690,#4485,#4486);
#3523=AXIS2_PLACEMENT_3D('',#5696,#4490,#4491);
#3524=AXIS2_PLACEMENT_3D('',#5698,#4493,#4494);
#3525=AXIS2_PLACEMENT_3D('',#5702,#4497,#4498);
#3526=AXIS2_PLACEMENT_3D('',#5706,#4501,#4502);
#3527=AXIS2_PLACEMENT_3D('',#5710,#4505,#4506);
#3528=AXIS2_PLACEMENT_3D('',#5716,#4510,#4511);
#3529=AXIS2_PLACEMENT_3D('',#5720,#4514,#4515);
#3530=AXIS2_PLACEMENT_3D('',#5724,#4518,#4519);
#3531=AXIS2_PLACEMENT_3D('',#5728,#4522,#4523);
#3532=AXIS2_PLACEMENT_3D('',#5730,#4524,#4525);
#3533=AXIS2_PLACEMENT_3D('',#5731,#4526,#4527);
#3534=AXIS2_PLACEMENT_3D('',#5734,#4529,#4530);
#3535=AXIS2_PLACEMENT_3D('',#5735,#4531,#4532);
#3536=AXIS2_PLACEMENT_3D('',#5737,#4533,#4534);
#3537=AXIS2_PLACEMENT_3D('',#5739,#4535,#4536);
#3538=AXIS2_PLACEMENT_3D('',#5740,#4537,#4538);
#3539=AXIS2_PLACEMENT_3D('',#5742,#4539,#4540);
#3540=AXIS2_PLACEMENT_3D('',#5743,#4541,#4542);
#3541=AXIS2_PLACEMENT_3D('',#5745,#4544,#4545);
#3542=AXIS2_PLACEMENT_3D('',#5747,#4547,#4548);
#3543=AXIS2_PLACEMENT_3D('',#5749,#4550,#4551);
#3544=AXIS2_PLACEMENT_3D('',#5751,#4553,#4554);
#3545=AXIS2_PLACEMENT_3D('',#5753,#4556,#4557);
#3546=AXIS2_PLACEMENT_3D('',#5755,#4559,#4560);
#3547=AXIS2_PLACEMENT_3D('',#5757,#4562,#4563);
#3548=AXIS2_PLACEMENT_3D('',#5759,#4565,#4566);
#3549=AXIS2_PLACEMENT_3D('',#5760,#4567,#4568);
#3550=AXIS2_PLACEMENT_3D('',#5761,#4569,#4570);
#3551=DIRECTION('axis',(0.,0.,1.));
#3552=DIRECTION('refdir',(1.,0.,0.));
#3553=DIRECTION('center_axis',(0.,0.,1.));
#3554=DIRECTION('ref_axis',(0.866025403784438,0.500000000000001,0.));
#3555=DIRECTION('center_axis',(0.,0.,-1.));
#3556=DIRECTION('ref_axis',(0.866025403784438,0.500000000000001,0.));
#3557=DIRECTION('',(0.,0.,1.));
#3558=DIRECTION('center_axis',(0.,0.,-1.));
#3559=DIRECTION('ref_axis',(0.866025403784438,0.500000000000001,0.));
#3560=DIRECTION('center_axis',(0.,0.,1.));
#3561=DIRECTION('ref_axis',(0.866025403784438,0.500000000000001,0.));
#3562=DIRECTION('',(0.,0.,-1.));
#3563=DIRECTION('center_axis',(0.866025403784439,0.5,0.));
#3564=DIRECTION('ref_axis',(-0.5,0.866025403784439,0.));
#3565=DIRECTION('',(-0.5,0.866025403784439,0.));
#3566=DIRECTION('',(0.,0.,1.));
#3567=DIRECTION('',(0.5,-0.866025403784439,0.));
#3568=DIRECTION('center_axis',(0.,0.,1.));
#3569=DIRECTION('ref_axis',(1.,0.,0.));
#3570=DIRECTION('',(0.0168654485033576,-0.999857768208449,0.));
#3571=DIRECTION('',(0.,1.,0.));
#3572=DIRECTION('center_axis',(0.,0.,-1.));
#3573=DIRECTION('ref_axis',(-0.884832750177016,0.465908793879423,0.));
#3574=DIRECTION('center_axis',(0.,0.,-1.));
#3575=DIRECTION('ref_axis',(-1.11022302462516E-15,-1.,0.));
#3576=DIRECTION('center_axis',(0.,0.,1.));
#3577=DIRECTION('ref_axis',(-1.11022302462516E-15,-1.,0.));
#3578=DIRECTION('',(0.,0.,-1.));
#3579=DIRECTION('center_axis',(0.,0.,1.));
#3580=DIRECTION('ref_axis',(-1.11022302462516E-15,-1.,0.));
#3581=DIRECTION('',(0.,0.,-1.));
#3582=DIRECTION('center_axis',(0.,0.,1.));
#3583=DIRECTION('ref_axis',(0.999857768208449,-0.0168654485033587,0.));
#3584=DIRECTION('center_axis',(0.,0.,-1.));
#3585=DIRECTION('ref_axis',(0.999857768208449,-0.0168654485033587,0.));
#3586=DIRECTION('',(0.,0.,1.));
#3587=DIRECTION('center_axis',(0.,0.,1.));
#3588=DIRECTION('ref_axis',(0.999857768208449,-0.0168654485033587,0.));
#3589=DIRECTION('center_axis',(0.,0.,-1.));
#3590=DIRECTION('ref_axis',(0.999857768208449,-0.0168654485033587,0.));
#3591=DIRECTION('',(0.,0.,-1.));
#3592=DIRECTION('center_axis',(-0.999857768208449,0.0168654485033576,0.));
#3593=DIRECTION('ref_axis',(-0.0168654485033576,-0.999857768208449,0.));
#3594=DIRECTION('',(-0.0168654485033576,-0.999857768208449,0.));
#3595=DIRECTION('',(0.,0.,1.));
#3596=DIRECTION('',(0.0168654485033576,0.999857768208449,0.));
#3597=DIRECTION('center_axis',(0.,0.,-1.));
#3598=DIRECTION('ref_axis',(-1.,0.,0.));
#3599=DIRECTION('center_axis',(0.,0.,1.));
#3600=DIRECTION('ref_axis',(0.884832750177016,0.465908793879423,0.));
#3601=DIRECTION('',(0.,1.,0.));
#3602=DIRECTION('center_axis',(0.866025403784439,-0.5,0.));
#3603=DIRECTION('ref_axis',(0.5,0.866025403784439,0.));
#3604=DIRECTION('',(-0.5,-0.866025403784439,0.));
#3605=DIRECTION('',(0.,0.,1.));
#3606=DIRECTION('',(0.5,0.866025403784439,0.));
#3607=DIRECTION('center_axis',(0.,-1.,0.));
#3608=DIRECTION('ref_axis',(0.,0.,-1.));
#3609=DIRECTION('center_axis',(0.,-1.,0.));
#3610=DIRECTION('ref_axis',(1.,0.,0.));
#3611=DIRECTION('center_axis',(-1.,0.,0.));
#3612=DIRECTION('ref_axis',(0.,0.,1.));
#3613=DIRECTION('center_axis',(0.,1.,0.));
#3614=DIRECTION('ref_axis',(1.,0.,0.));
#3615=DIRECTION('center_axis',(0.,1.,0.));
#3616=DIRECTION('ref_axis',(1.,0.,0.));
#3617=DIRECTION('center_axis',(0.,1.,0.));
#3618=DIRECTION('ref_axis',(1.,0.,0.));
#3619=DIRECTION('',(0.,-1.,0.));
#3620=DIRECTION('center_axis',(0.,1.,0.));
#3621=DIRECTION('ref_axis',(1.,0.,0.));
#3622=DIRECTION('center_axis',(0.,0.,-1.));
#3623=DIRECTION('ref_axis',(-1.,0.,0.));
#3624=DIRECTION('center_axis',(0.,0.,1.));
#3625=DIRECTION('ref_axis',(-1.,0.,0.));
#3626=DIRECTION('',(0.,0.,-1.));
#3627=DIRECTION('center_axis',(0.,0.,1.));
#3628=DIRECTION('ref_axis',(-1.,0.,0.));
#3629=DIRECTION('center_axis',(1.,0.,0.));
#3630=DIRECTION('ref_axis',(0.,0.,1.));
#3631=DIRECTION('center_axis',(1.,0.,0.));
#3632=DIRECTION('ref_axis',(0.,1.,0.));
#3633=DIRECTION('center_axis',(1.,0.,0.));
#3634=DIRECTION('ref_axis',(0.,1.,0.));
#3635=DIRECTION('center_axis',(0.,1.,0.));
#3636=DIRECTION('ref_axis',(0.,0.,-1.));
#3637=DIRECTION('center_axis',(-1.,0.,0.));
#3638=DIRECTION('ref_axis',(0.,1.,0.));
#3639=DIRECTION('center_axis',(-1.,0.,0.));
#3640=DIRECTION('ref_axis',(0.,1.,0.));
#3641=DIRECTION('center_axis',(1.,0.,0.));
#3642=DIRECTION('ref_axis',(0.,-1.,0.));
#3643=DIRECTION('center_axis',(1.,0.,0.));
#3644=DIRECTION('ref_axis',(0.,1.,0.));
#3645=DIRECTION('center_axis',(1.,0.,0.));
#3646=DIRECTION('ref_axis',(0.,1.,0.));
#3647=DIRECTION('',(0.,1.,0.));
#3648=DIRECTION('center_axis',(1.,0.,0.));
#3649=DIRECTION('ref_axis',(0.,1.,0.));
#3650=DIRECTION('center_axis',(1.,0.,0.));
#3651=DIRECTION('ref_axis',(0.,1.,0.));
#3652=DIRECTION('',(0.,1.,0.));
#3653=DIRECTION('center_axis',(1.,0.,0.));
#3654=DIRECTION('ref_axis',(0.,1.,0.));
#3655=DIRECTION('center_axis',(1.,0.,0.));
#3656=DIRECTION('ref_axis',(0.,1.,0.));
#3657=DIRECTION('',(0.,1.,0.));
#3658=DIRECTION('',(0.,1.,0.));
#3659=DIRECTION('',(0.,0.,-1.));
#3660=DIRECTION('',(0.,-1.,0.));
#3661=DIRECTION('',(0.,0.,1.));
#3662=DIRECTION('center_axis',(-1.,0.,0.));
#3663=DIRECTION('ref_axis',(0.,1.,0.));
#3664=DIRECTION('',(1.,0.,0.));
#3665=DIRECTION('center_axis',(-1.,0.,0.));
#3666=DIRECTION('ref_axis',(0.,1.,0.));
#3667=DIRECTION('center_axis',(1.,0.,0.));
#3668=DIRECTION('ref_axis',(0.,0.,1.));
#3669=DIRECTION('center_axis',(0.,1.,0.));
#3670=DIRECTION('ref_axis',(0.,0.,-1.));
#3671=DIRECTION('center_axis',(-1.,0.,0.));
#3672=DIRECTION('ref_axis',(0.,1.,0.));
#3673=DIRECTION('center_axis',(-1.,0.,0.));
#3674=DIRECTION('ref_axis',(0.,1.,0.));
#3675=DIRECTION('center_axis',(-1.,0.,0.));
#3676=DIRECTION('ref_axis',(0.,1.,0.));
#3677=DIRECTION('',(1.,0.,0.));
#3678=DIRECTION('center_axis',(-1.,0.,0.));
#3679=DIRECTION('ref_axis',(0.,1.,0.));
#3680=DIRECTION('center_axis',(1.,0.,0.));
#3681=DIRECTION('ref_axis',(0.,0.,1.));
#3682=DIRECTION('center_axis',(0.,1.,-1.22464681122614E-16));
#3683=DIRECTION('ref_axis',(0.,-1.22464681122614E-16,-1.));
#3684=DIRECTION('center_axis',(-1.,0.,0.));
#3685=DIRECTION('ref_axis',(0.,1.,0.));
#3686=DIRECTION('center_axis',(-1.,0.,0.));
#3687=DIRECTION('ref_axis',(0.,1.,0.));
#3688=DIRECTION('center_axis',(-1.,0.,0.));
#3689=DIRECTION('ref_axis',(0.,1.,0.));
#3690=DIRECTION('',(1.,0.,0.));
#3691=DIRECTION('center_axis',(-1.,0.,0.));
#3692=DIRECTION('ref_axis',(0.,1.,0.));
#3693=DIRECTION('center_axis',(1.,0.,0.));
#3694=DIRECTION('ref_axis',(0.,0.,1.));
#3695=DIRECTION('center_axis',(1.,0.,0.));
#3696=DIRECTION('ref_axis',(0.,1.,0.));
#3697=DIRECTION('center_axis',(0.,1.,0.));
#3698=DIRECTION('ref_axis',(0.,0.,-1.));
#3699=DIRECTION('center_axis',(-1.,0.,0.));
#3700=DIRECTION('ref_axis',(0.,1.,0.));
#3701=DIRECTION('center_axis',(-1.,0.,0.));
#3702=DIRECTION('ref_axis',(0.,1.,0.));
#3703=DIRECTION('center_axis',(1.,0.,0.));
#3704=DIRECTION('ref_axis',(0.,-1.,0.));
#3705=DIRECTION('',(0.,0.,1.));
#3706=DIRECTION('',(0.,1.,0.));
#3707=DIRECTION('center_axis',(-1.,0.,0.));
#3708=DIRECTION('ref_axis',(0.,1.,0.));
#3709=DIRECTION('',(1.,0.,0.));
#3710=DIRECTION('center_axis',(-1.,0.,0.));
#3711=DIRECTION('ref_axis',(0.,1.,0.));
#3712=DIRECTION('center_axis',(0.408248290463859,-0.81649658092773,-0.408248290463859));
#3713=DIRECTION('ref_axis',(-0.577350269189628,-0.577350269189621,0.577350269189628));
#3714=DIRECTION('center_axis',(1.,0.,0.));
#3715=DIRECTION('ref_axis',(0.,-1.,0.));
#3716=DIRECTION('center_axis',(0.,1.,0.));
#3717=DIRECTION('ref_axis',(0.,0.,1.));
#3718=DIRECTION('center_axis',(0.,0.,-1.));
#3719=DIRECTION('ref_axis',(-1.,0.,0.));
#3720=DIRECTION('center_axis',(0.,0.,-1.));
#3721=DIRECTION('ref_axis',(-0.707106781186551,-0.707106781186544,0.));
#3722=DIRECTION('center_axis',(0.,0.,-1.));
#3723=DIRECTION('ref_axis',(-0.707106781186551,-0.707106781186544,0.));
#3724=DIRECTION('',(0.,0.,-1.));
#3725=DIRECTION('center_axis',(0.,-1.,0.));
#3726=DIRECTION('ref_axis',(-0.707106781186551,0.,0.707106781186544));
#3727=DIRECTION('center_axis',(0.,1.,0.));
#3728=DIRECTION('ref_axis',(-1.,0.,0.));
#3729=DIRECTION('',(0.,-1.,0.));
#3730=DIRECTION('center_axis',(0.,0.,1.));
#3731=DIRECTION('ref_axis',(-1.,0.,0.));
#3732=DIRECTION('center_axis',(0.,1.,0.));
#3733=DIRECTION('ref_axis',(1.,0.,0.));
#3734=DIRECTION('center_axis',(0.,0.,-1.));
#3735=DIRECTION('ref_axis',(-1.,0.,0.));
#3736=DIRECTION('center_axis',(1.,0.,0.));
#3737=DIRECTION('ref_axis',(0.,1.,0.));
#3738=DIRECTION('center_axis',(0.,0.,-1.));
#3739=DIRECTION('ref_axis',(-0.707106781186547,0.707106781186548,0.));
#3740=DIRECTION('center_axis',(0.,0.,-1.));
#3741=DIRECTION('ref_axis',(-1.,0.,0.));
#3742=DIRECTION('center_axis',(1.,0.,0.));
#3743=DIRECTION('ref_axis',(0.,-0.707106781186551,0.707106781186544));
#3744=DIRECTION('',(-1.,0.,0.));
#3745=DIRECTION('center_axis',(0.707106781186548,0.707106781186548,-3.14018491736755E-15));
#3746=DIRECTION('ref_axis',(0.707106781186547,-0.707106781186547,3.14018491736755E-15));
#3747=DIRECTION('',(1.,0.,0.));
#3748=DIRECTION('center_axis',(0.,0.,-1.));
#3749=DIRECTION('ref_axis',(1.,0.,0.));
#3750=DIRECTION('center_axis',(0.,-1.,0.));
#3751=DIRECTION('ref_axis',(1.,0.,0.));
#3752=DIRECTION('center_axis',(0.,0.,1.));
#3753=DIRECTION('ref_axis',(-0.707106781186548,0.707106781186548,0.));
#3754=DIRECTION('center_axis',(-1.,0.,0.));
#3755=DIRECTION('ref_axis',(0.,-1.,0.));
#3756=DIRECTION('center_axis',(0.,0.,-1.));
#3757=DIRECTION('ref_axis',(-0.707106781186547,0.707106781186547,0.));
#3758=DIRECTION('center_axis',(0.,1.,0.));
#3759=DIRECTION('ref_axis',(0.707106781186549,0.,0.707106781186546));
#3760=DIRECTION('center_axis',(0.,-1.,0.));
#3761=DIRECTION('ref_axis',(1.,0.,0.));
#3762=DIRECTION('',(0.,-1.,0.));
#3763=DIRECTION('',(0.,1.,0.));
#3764=DIRECTION('center_axis',(0.,0.,1.));
#3765=DIRECTION('ref_axis',(-1.,0.,0.));
#3766=DIRECTION('center_axis',(-0.684848168746933,-0.728685793579079,0.));
#3767=DIRECTION('ref_axis',(0.728685793579079,-0.684848168746933,0.));
#3768=DIRECTION('center_axis',(0.,0.,-1.));
#3769=DIRECTION('ref_axis',(0.929700433897683,-0.368316580146021,0.));
#3770=DIRECTION('center_axis',(0.,0.,1.));
#3771=DIRECTION('ref_axis',(0.929700433897683,-0.368316580146021,0.));
#3772=DIRECTION('center_axis',(0.,0.,-1.));
#3773=DIRECTION('ref_axis',(-0.990919229563872,-0.134458471211534,0.));
#3774=DIRECTION('center_axis',(0.465908793879425,-0.884832750177015,0.));
#3775=DIRECTION('ref_axis',(0.884832750177015,0.465908793879425,0.));
#3776=DIRECTION('center_axis',(0.,0.,1.));
#3777=DIRECTION('ref_axis',(-0.990919229563872,0.134458471211535,0.));
#3778=DIRECTION('center_axis',(0.,0.,-1.));
#3779=DIRECTION('ref_axis',(-0.990919229563872,0.134458471211535,0.));
#3780=DIRECTION('center_axis',(0.,0.,1.));
#3781=DIRECTION('ref_axis',(-1.,0.,0.));
#3782=DIRECTION('center_axis',(-2.22044604925031E-15,-1.,0.));
#3783=DIRECTION('ref_axis',(1.,-2.22044604925031E-15,0.));
#3784=DIRECTION('center_axis',(0.,0.,-1.));
#3785=DIRECTION('ref_axis',(0.970781321971384,0.239965882807311,0.));
#3786=DIRECTION('center_axis',(0.,0.,1.));
#3787=DIRECTION('ref_axis',(0.970781321971384,0.239965882807311,0.));
#3788=DIRECTION('center_axis',(0.,1.,0.));
#3789=DIRECTION('ref_axis',(0.707106781186551,0.,0.707106781186544));
#3790=DIRECTION('',(0.,1.,0.));
#3791=DIRECTION('',(0.,-1.,0.));
#3792=DIRECTION('center_axis',(-1.,0.,0.));
#3793=DIRECTION('ref_axis',(0.,-1.,0.));
#3794=DIRECTION('',(0.,0.,1.));
#3795=DIRECTION('',(0.,0.,1.));
#3796=DIRECTION('center_axis',(1.,0.,0.));
#3797=DIRECTION('ref_axis',(0.,1.,0.));
#3798=DIRECTION('center_axis',(1.,0.,0.));
#3799=DIRECTION('ref_axis',(0.,1.,0.));
#3800=DIRECTION('',(0.,0.,1.));
#3801=DIRECTION('center_axis',(0.,0.,-1.));
#3802=DIRECTION('ref_axis',(0.884832750177016,0.465908793879423,0.));
#3803=DIRECTION('',(0.,0.,1.));
#3804=DIRECTION('center_axis',(0.,0.,-1.));
#3805=DIRECTION('ref_axis',(-0.884832750177015,-0.465908793879424,0.));
#3806=DIRECTION('',(0.,0.,1.));
#3807=DIRECTION('center_axis',(0.,0.,-1.));
#3808=DIRECTION('ref_axis',(-0.884832750177015,-0.465908793879424,0.));
#3809=DIRECTION('',(0.,0.,1.));
#3810=DIRECTION('',(0.,0.,1.));
#3811=DIRECTION('center_axis',(0.,0.,-1.));
#3812=DIRECTION('ref_axis',(1.,0.,0.));
#3813=DIRECTION('center_axis',(0.,0.,-1.));
#3814=DIRECTION('ref_axis',(1.,0.,0.));
#3815=DIRECTION('',(0.,0.,1.));
#3816=DIRECTION('',(0.,0.,1.));
#3817=DIRECTION('center_axis',(-1.,0.,0.));
#3818=DIRECTION('ref_axis',(0.,-1.,0.));
#3819=DIRECTION('center_axis',(1.,0.,0.));
#3820=DIRECTION('ref_axis',(0.,1.,0.));
#3821=DIRECTION('',(0.,-1.,0.));
#3822=DIRECTION('',(0.,0.,1.));
#3823=DIRECTION('center_axis',(0.,0.,-1.));
#3824=DIRECTION('ref_axis',(-1.,0.,0.));
#3825=DIRECTION('',(0.,0.,1.));
#3826=DIRECTION('center_axis',(0.,1.,0.));
#3827=DIRECTION('ref_axis',(1.,0.,0.));
#3828=DIRECTION('center_axis',(0.,-1.,0.));
#3829=DIRECTION('ref_axis',(1.,0.,0.));
#3830=DIRECTION('',(0.,1.,0.));
#3831=DIRECTION('center_axis',(0.,1.,0.));
#3832=DIRECTION('ref_axis',(1.,0.,0.));
#3833=DIRECTION('center_axis',(0.,-1.,0.));
#3834=DIRECTION('ref_axis',(1.,0.,0.));
#3835=DIRECTION('center_axis',(0.,-1.,0.));
#3836=DIRECTION('ref_axis',(1.,0.,0.));
#3837=DIRECTION('center_axis',(0.,-1.,0.));
#3838=DIRECTION('ref_axis',(1.,0.,0.));
#3839=DIRECTION('center_axis',(0.,1.,0.));
#3840=DIRECTION('ref_axis',(1.,0.,0.));
#3841=DIRECTION('',(0.,-1.,0.));
#3842=DIRECTION('center_axis',(-0.707106781186548,-0.707106781186548,0.));
#3843=DIRECTION('ref_axis',(0.707106781186548,-0.707106781186548,0.));
#3844=DIRECTION('',(0.,1.,0.));
#3845=DIRECTION('center_axis',(0.,-1.,0.));
#3846=DIRECTION('ref_axis',(1.,0.,0.));
#3847=DIRECTION('center_axis',(-0.707106781186548,-0.707106781186548,0.));
#3848=DIRECTION('ref_axis',(0.707106781186548,-0.707106781186548,0.));
#3849=DIRECTION('center_axis',(-1.,0.,0.));
#3850=DIRECTION('ref_axis',(0.,1.,0.));
#3851=DIRECTION('center_axis',(1.,0.,0.));
#3852=DIRECTION('ref_axis',(0.,1.,0.));
#3853=DIRECTION('',(1.,0.,0.));
#3854=DIRECTION('center_axis',(1.,0.,0.));
#3855=DIRECTION('ref_axis',(0.,1.,0.));
#3856=DIRECTION('center_axis',(-1.,0.,0.));
#3857=DIRECTION('ref_axis',(0.,-1.,0.));
#3858=DIRECTION('',(0.,-1.,0.));
#3859=DIRECTION('',(0.,0.,1.));
#3860=DIRECTION('center_axis',(0.,0.,-1.));
#3861=DIRECTION('ref_axis',(-1.,0.,0.));
#3862=DIRECTION('center_axis',(0.,0.,-1.));
#3863=DIRECTION('ref_axis',(-1.,0.,0.));
#3864=DIRECTION('',(0.,0.,1.));
#3865=DIRECTION('center_axis',(-1.,0.,0.));
#3866=DIRECTION('ref_axis',(0.,1.,0.));
#3867=DIRECTION('center_axis',(1.,0.,0.));
#3868=DIRECTION('ref_axis',(0.,1.,0.));
#3869=DIRECTION('',(1.,0.,0.));
#3870=DIRECTION('center_axis',(1.,0.,0.));
#3871=DIRECTION('ref_axis',(0.,1.,0.));
#3872=DIRECTION('center_axis',(-1.,0.,0.));
#3873=DIRECTION('ref_axis',(0.,1.,0.));
#3874=DIRECTION('center_axis',(-1.,0.,0.));
#3875=DIRECTION('ref_axis',(0.,1.,0.));
#3876=DIRECTION('center_axis',(1.,0.,0.));
#3877=DIRECTION('ref_axis',(0.,1.,0.));
#3878=DIRECTION('',(1.,0.,0.));
#3879=DIRECTION('center_axis',(1.,0.,0.));
#3880=DIRECTION('ref_axis',(0.,1.,0.));
#3881=DIRECTION('center_axis',(-1.,0.,0.));
#3882=DIRECTION('ref_axis',(0.,1.,0.));
#3883=DIRECTION('center_axis',(1.,0.,0.));
#3884=DIRECTION('ref_axis',(0.,1.,0.));
#3885=DIRECTION('center_axis',(-1.,0.,0.));
#3886=DIRECTION('ref_axis',(0.,1.,0.));
#3887=DIRECTION('center_axis',(0.,0.,-1.));
#3888=DIRECTION('ref_axis',(0.884832750177016,0.465908793879423,0.));
#3889=DIRECTION('center_axis',(0.,0.,1.));
#3890=DIRECTION('ref_axis',(0.884832750177016,0.465908793879423,0.));
#3891=DIRECTION('center_axis',(1.,0.,0.));
#3892=DIRECTION('ref_axis',(0.,1.,0.));
#3893=DIRECTION('center_axis',(1.,0.,0.));
#3894=DIRECTION('ref_axis',(0.,1.,0.));
#3895=DIRECTION('center_axis',(1.,0.,0.));
#3896=DIRECTION('ref_axis',(0.,1.,0.));
#3897=DIRECTION('center_axis',(1.,0.,0.));
#3898=DIRECTION('ref_axis',(0.,1.,0.));
#3899=DIRECTION('center_axis',(1.,0.,0.));
#3900=DIRECTION('ref_axis',(0.,1.,0.));
#3901=DIRECTION('center_axis',(1.,0.,0.));
#3902=DIRECTION('ref_axis',(0.,1.,0.));
#3903=DIRECTION('center_axis',(1.,0.,0.));
#3904=DIRECTION('ref_axis',(0.,1.,0.));
#3905=DIRECTION('center_axis',(1.,0.,0.));
#3906=DIRECTION('ref_axis',(0.,1.,0.));
#3907=DIRECTION('center_axis',(-1.,0.,0.));
#3908=DIRECTION('ref_axis',(0.,1.,0.));
#3909=DIRECTION('',(1.,0.,0.));
#3910=DIRECTION('center_axis',(-1.,0.,0.));
#3911=DIRECTION('ref_axis',(0.,1.,0.));
#3912=DIRECTION('',(1.,0.,0.));
#3913=DIRECTION('center_axis',(-1.,0.,0.));
#3914=DIRECTION('ref_axis',(0.,1.,0.));
#3915=DIRECTION('',(1.,0.,0.));
#3916=DIRECTION('center_axis',(-1.,0.,0.));
#3917=DIRECTION('ref_axis',(0.,1.,0.));
#3918=DIRECTION('',(1.,0.,0.));
#3919=DIRECTION('center_axis',(0.,0.,-1.));
#3920=DIRECTION('ref_axis',(-1.,0.,0.));
#3921=DIRECTION('center_axis',(0.,0.,1.));
#3922=DIRECTION('ref_axis',(-1.,0.,0.));
#3923=DIRECTION('',(0.,0.,-1.));
#3924=DIRECTION('center_axis',(0.,0.,1.));
#3925=DIRECTION('ref_axis',(-1.,0.,0.));
#3926=DIRECTION('center_axis',(0.,0.,-1.));
#3927=DIRECTION('ref_axis',(-1.,0.,0.));
#3928=DIRECTION('center_axis',(0.,0.,-1.));
#3929=DIRECTION('ref_axis',(-1.,0.,0.));
#3930=DIRECTION('center_axis',(0.,0.,-1.));
#3931=DIRECTION('ref_axis',(-1.,0.,0.));
#3932=DIRECTION('center_axis',(0.,0.,-1.));
#3933=DIRECTION('ref_axis',(-1.,0.,0.));
#3934=DIRECTION('',(0.,0.,-1.));
#3935=DIRECTION('center_axis',(0.,0.,-1.));
#3936=DIRECTION('ref_axis',(-1.,0.,0.));
#3937=DIRECTION('center_axis',(0.,0.,1.));
#3938=DIRECTION('ref_axis',(-1.,0.,0.));
#3939=DIRECTION('center_axis',(0.,0.,-1.));
#3940=DIRECTION('ref_axis',(-1.,0.,0.));
#3941=DIRECTION('center_axis',(0.,0.,-1.));
#3942=DIRECTION('ref_axis',(-1.,0.,0.));
#3943=DIRECTION('',(-0.5,-0.866025403784439,0.));
#3944=DIRECTION('',(-1.,0.,0.));
#3945=DIRECTION('',(-0.5,0.866025403784439,0.));
#3946=DIRECTION('center_axis',(3.49629579342466E-16,-1.,0.));
#3947=DIRECTION('ref_axis',(1.,3.49629579342466E-16,0.));
#3948=DIRECTION('',(-1.,-3.49629579342466E-16,0.));
#3949=DIRECTION('',(0.,0.,1.));
#3950=DIRECTION('',(1.,3.49629579342466E-16,0.));
#3951=DIRECTION('center_axis',(-0.866025403784439,-0.5,0.));
#3952=DIRECTION('ref_axis',(0.5,-0.866025403784439,0.));
#3953=DIRECTION('',(-0.5,0.866025403784439,0.));
#3954=DIRECTION('',(0.,0.,1.));
#3955=DIRECTION('',(0.5,-0.866025403784439,0.));
#3956=DIRECTION('center_axis',(-0.866025403784439,0.5,0.));
#3957=DIRECTION('ref_axis',(-0.5,-0.866025403784439,0.));
#3958=DIRECTION('',(0.5,0.866025403784439,0.));
#3959=DIRECTION('',(0.,0.,1.));
#3960=DIRECTION('',(-0.5,-0.866025403784439,0.));
#3961=DIRECTION('center_axis',(-0.866025403784439,-0.5,0.));
#3962=DIRECTION('ref_axis',(0.5,-0.866025403784438,0.));
#3963=DIRECTION('',(-0.5,0.866025403784438,0.));
#3964=DIRECTION('',(0.,0.,1.));
#3965=DIRECTION('',(0.5,-0.866025403784439,0.));
#3966=DIRECTION('',(0.,0.,1.));
#3967=DIRECTION('center_axis',(-0.866025403784439,0.5,0.));
#3968=DIRECTION('ref_axis',(-0.5,-0.866025403784439,0.));
#3969=DIRECTION('',(0.5,0.866025403784439,0.));
#3970=DIRECTION('',(0.,0.,1.));
#3971=DIRECTION('',(-0.5,-0.866025403784439,0.));
#3972=DIRECTION('center_axis',(0.,1.,0.));
#3973=DIRECTION('ref_axis',(-1.,0.,0.));
#3974=DIRECTION('',(1.,0.,0.));
#3975=DIRECTION('',(0.,0.,1.));
#3976=DIRECTION('center_axis',(0.866025403784439,0.5,0.));
#3977=DIRECTION('ref_axis',(-0.5,0.866025403784438,0.));
#3978=DIRECTION('',(0.5,-0.866025403784438,0.));
#3979=DIRECTION('',(0.,0.,1.));
#3980=DIRECTION('',(-0.5,0.866025403784439,0.));
#3981=DIRECTION('center_axis',(0.,0.,-1.));
#3982=DIRECTION('ref_axis',(-1.,0.,0.));
#3983=DIRECTION('center_axis',(0.,0.,-1.));
#3984=DIRECTION('ref_axis',(-1.,-1.11022302462516E-15,0.));
#3985=DIRECTION('center_axis',(0.,0.,-1.));
#3986=DIRECTION('ref_axis',(0.993807997404351,-0.111111044883728,0.));
#3987=DIRECTION('center_axis',(0.,0.,-1.));
#3988=DIRECTION('ref_axis',(-0.993807997404351,0.111111044883729,0.));
#3989=DIRECTION('center_axis',(0.,0.,1.));
#3990=DIRECTION('ref_axis',(-1.,0.,0.));
#3991=DIRECTION('center_axis',(0.,0.,1.));
#3992=DIRECTION('ref_axis',(-1.,0.,0.));
#3993=DIRECTION('center_axis',(0.,0.,-1.));
#3994=DIRECTION('ref_axis',(-1.,0.,0.));
#3995=DIRECTION('',(0.,0.,1.));
#3996=DIRECTION('center_axis',(0.,0.,1.));
#3997=DIRECTION('ref_axis',(-1.,0.,0.));
#3998=DIRECTION('center_axis',(0.,0.,-1.));
#3999=DIRECTION('ref_axis',(-1.,0.,0.));
#4000=DIRECTION('',(0.,0.,1.));
#4001=DIRECTION('center_axis',(0.,0.,1.));
#4002=DIRECTION('ref_axis',(-1.,0.,0.));
#4003=DIRECTION('center_axis',(0.,0.,1.));
#4004=DIRECTION('ref_axis',(-0.993807997404351,0.111111044883729,0.));
#4005=DIRECTION('',(0.,0.,-1.));
#4006=DIRECTION('center_axis',(0.,0.,-1.));
#4007=DIRECTION('ref_axis',(-0.993807997404351,0.111111044883729,0.));
#4008=DIRECTION('',(0.,0.,1.));
#4009=DIRECTION('center_axis',(0.,0.,1.));
#4010=DIRECTION('ref_axis',(-0.993807997404351,0.111111044883729,0.));
#4011=DIRECTION('center_axis',(0.,0.,1.));
#4012=DIRECTION('ref_axis',(0.993807997404351,-0.111111044883728,0.));
#4013=DIRECTION('',(0.,0.,-1.));
#4014=DIRECTION('center_axis',(0.,0.,1.));
#4015=DIRECTION('ref_axis',(0.993807997404351,-0.111111044883728,0.));
#4016=DIRECTION('center_axis',(0.,0.,1.));
#4017=DIRECTION('ref_axis',(-1.,-1.11022302462516E-15,0.));
#4018=DIRECTION('center_axis',(0.,0.,1.));
#4019=DIRECTION('ref_axis',(-1.,-1.11022302462516E-15,0.));
#4020=DIRECTION('',(0.,0.,1.));
#4021=DIRECTION('center_axis',(0.,0.,-1.));
#4022=DIRECTION('ref_axis',(-1.,-1.11022302462516E-15,0.));
#4023=DIRECTION('center_axis',(-1.,0.,0.));
#4024=DIRECTION('ref_axis',(0.,1.,0.));
#4025=DIRECTION('',(0.,-1.,0.));
#4026=DIRECTION('',(0.,0.,1.));
#4027=DIRECTION('',(0.,1.,0.));
#4028=DIRECTION('center_axis',(0.,0.,1.));
#4029=DIRECTION('ref_axis',(-0.22222222222222,-0.97499604304357,0.));
#4030=DIRECTION('center_axis',(0.,0.,-1.));
#4031=DIRECTION('ref_axis',(-0.22222222222222,-0.97499604304357,0.));
#4032=DIRECTION('',(0.,0.,-1.));
#4033=DIRECTION('center_axis',(0.,0.,-1.));
#4034=DIRECTION('ref_axis',(-0.22222222222222,-0.97499604304357,0.));
#4035=DIRECTION('center_axis',(0.,0.,1.));
#4036=DIRECTION('ref_axis',(-0.22222222222222,-0.97499604304357,0.));
#4037=DIRECTION('center_axis',(0.,0.,1.));
#4038=DIRECTION('ref_axis',(0.222222222222222,0.974996043043569,0.));
#4039=DIRECTION('center_axis',(0.,0.,-1.));
#4040=DIRECTION('ref_axis',(0.222222222222222,0.974996043043569,0.));
#4041=DIRECTION('',(0.,0.,-1.));
#4042=DIRECTION('center_axis',(0.,0.,1.));
#4043=DIRECTION('ref_axis',(0.222222222222222,0.974996043043569,0.));
#4044=DIRECTION('center_axis',(0.,0.,1.));
#4045=DIRECTION('ref_axis',(1.11022302462516E-15,-1.,0.));
#4046=DIRECTION('center_axis',(0.,0.,-1.));
#4047=DIRECTION('ref_axis',(1.11022302462516E-15,-1.,0.));
#4048=DIRECTION('',(0.,0.,-1.));
#4049=DIRECTION('center_axis',(0.,0.,-1.));
#4050=DIRECTION('ref_axis',(1.11022302462516E-15,-1.,0.));
#4051=DIRECTION('center_axis',(0.,0.,1.));
#4052=DIRECTION('ref_axis',(-1.,0.,0.));
#4053=DIRECTION('',(0.,0.,1.));
#4054=DIRECTION('center_axis',(0.,0.,1.));
#4055=DIRECTION('ref_axis',(-1.,0.,0.));
#4056=DIRECTION('center_axis',(0.,-1.,0.));
#4057=DIRECTION('ref_axis',(0.,0.,-1.));
#4058=DIRECTION('center_axis',(0.,-1.,0.));
#4059=DIRECTION('ref_axis',(-1.,0.,0.));
#4060=DIRECTION('center_axis',(-1.,0.,-1.22464679914735E-16));
#4061=DIRECTION('ref_axis',(-1.22464679914735E-16,0.,1.));
#4062=DIRECTION('center_axis',(0.,-1.,0.));
#4063=DIRECTION('ref_axis',(1.,0.,0.));
#4064=DIRECTION('center_axis',(0.,-1.,0.));
#4065=DIRECTION('ref_axis',(1.,0.,0.));
#4066=DIRECTION('center_axis',(0.,-1.,0.));
#4067=DIRECTION('ref_axis',(-1.,0.,0.));
#4068=DIRECTION('',(0.,-1.,0.));
#4069=DIRECTION('center_axis',(0.,-1.,0.));
#4070=DIRECTION('ref_axis',(-1.,0.,0.));
#4071=DIRECTION('center_axis',(0.,-1.,0.));
#4072=DIRECTION('ref_axis',(0.,0.,-1.));
#4073=DIRECTION('center_axis',(0.,1.,0.));
#4074=DIRECTION('ref_axis',(-1.,0.,0.));
#4075=DIRECTION('center_axis',(-1.,0.,0.));
#4076=DIRECTION('ref_axis',(0.,0.,1.));
#4077=DIRECTION('center_axis',(0.,-1.,0.));
#4078=DIRECTION('ref_axis',(-1.,0.,0.));
#4079=DIRECTION('center_axis',(0.,-1.,0.));
#4080=DIRECTION('ref_axis',(-1.,0.,0.));
#4081=DIRECTION('center_axis',(0.,1.,0.));
#4082=DIRECTION('ref_axis',(1.,0.,0.));
#4083=DIRECTION('',(-1.,0.,0.));
#4084=DIRECTION('',(-1.,0.,0.));
#4085=DIRECTION('',(0.,0.,1.));
#4086=DIRECTION('',(-1.,0.,0.));
#4087=DIRECTION('',(1.,0.,0.));
#4088=DIRECTION('',(1.,0.,0.));
#4089=DIRECTION('center_axis',(0.,-1.,0.));
#4090=DIRECTION('ref_axis',(-1.,0.,0.));
#4091=DIRECTION('',(0.,-1.,0.));
#4092=DIRECTION('center_axis',(0.,-1.,0.));
#4093=DIRECTION('ref_axis',(-1.,0.,0.));
#4094=DIRECTION('center_axis',(0.,0.,1.));
#4095=DIRECTION('ref_axis',(1.,0.,0.));
#4096=DIRECTION('center_axis',(0.,0.,1.));
#4097=DIRECTION('ref_axis',(1.,0.,0.));
#4098=DIRECTION('',(-1.,0.,0.));
#4099=DIRECTION('',(-1.,0.,0.));
#4100=DIRECTION('center_axis',(0.,0.,1.));
#4101=DIRECTION('ref_axis',(0.707106781186547,0.707106781186547,0.));
#4102=DIRECTION('',(0.,1.,0.));
#4103=DIRECTION('center_axis',(0.,0.,-1.));
#4104=DIRECTION('ref_axis',(-0.929700433897683,-0.368316580146021,0.));
#4105=DIRECTION('center_axis',(0.,0.,1.));
#4106=DIRECTION('ref_axis',(0.990919229563872,0.134458471211535,0.));
#4107=DIRECTION('center_axis',(0.,0.,-1.));
#4108=DIRECTION('ref_axis',(-0.970781321971384,0.239965882807311,0.));
#4109=DIRECTION('',(0.,1.,0.));
#4110=DIRECTION('',(-1.,0.,0.));
#4111=DIRECTION('',(0.,-1.,0.));
#4112=DIRECTION('center_axis',(0.,0.,1.));
#4113=DIRECTION('ref_axis',(1.,0.,0.));
#4114=DIRECTION('center_axis',(0.,0.,1.));
#4115=DIRECTION('ref_axis',(1.,0.,0.));
#4116=DIRECTION('center_axis',(0.,0.,-1.));
#4117=DIRECTION('ref_axis',(1.,0.,0.));
#4118=DIRECTION('',(0.,0.,-1.));
#4119=DIRECTION('center_axis',(0.,0.,-1.));
#4120=DIRECTION('ref_axis',(1.,0.,0.));
#4121=DIRECTION('center_axis',(-1.,0.,0.));
#4122=DIRECTION('ref_axis',(0.,0.,1.));
#4123=DIRECTION('center_axis',(1.,0.,0.));
#4124=DIRECTION('ref_axis',(0.,1.,0.));
#4125=DIRECTION('center_axis',(0.,-1.,0.));
#4126=DIRECTION('ref_axis',(0.,0.,-1.));
#4127=DIRECTION('center_axis',(-1.,0.,0.));
#4128=DIRECTION('ref_axis',(0.,1.,0.));
#4129=DIRECTION('center_axis',(-1.,0.,0.));
#4130=DIRECTION('ref_axis',(0.,1.,0.));
#4131=DIRECTION('center_axis',(1.,0.,0.));
#4132=DIRECTION('ref_axis',(0.,1.,0.));
#4133=DIRECTION('center_axis',(1.,0.,0.));
#4134=DIRECTION('ref_axis',(0.,-1.,0.));
#4135=DIRECTION('center_axis',(1.,0.,0.));
#4136=DIRECTION('ref_axis',(0.,1.,0.));
#4137=DIRECTION('',(0.,0.,1.));
#4138=DIRECTION('',(0.,-1.,0.));
#4139=DIRECTION('',(0.,0.,-1.));
#4140=DIRECTION('',(0.,1.,0.));
#4141=DIRECTION('',(0.,1.,0.));
#4142=DIRECTION('center_axis',(1.,0.,0.));
#4143=DIRECTION('ref_axis',(0.,1.,0.));
#4144=DIRECTION('center_axis',(1.,0.,0.));
#4145=DIRECTION('ref_axis',(0.,1.,0.));
#4146=DIRECTION('',(0.,1.,0.));
#4147=DIRECTION('center_axis',(1.,0.,0.));
#4148=DIRECTION('ref_axis',(0.,1.,0.));
#4149=DIRECTION('center_axis',(1.,0.,0.));
#4150=DIRECTION('ref_axis',(0.,1.,0.));
#4151=DIRECTION('',(0.,1.,0.));
#4152=DIRECTION('center_axis',(1.,0.,0.));
#4153=DIRECTION('ref_axis',(0.,1.,0.));
#4154=DIRECTION('center_axis',(-1.,0.,0.));
#4155=DIRECTION('ref_axis',(0.,1.,0.));
#4156=DIRECTION('',(-1.,0.,0.));
#4157=DIRECTION('center_axis',(-1.,0.,0.));
#4158=DIRECTION('ref_axis',(0.,1.,0.));
#4159=DIRECTION('center_axis',(-1.,0.,0.));
#4160=DIRECTION('ref_axis',(0.,0.,1.));
#4161=DIRECTION('center_axis',(0.,-1.,0.));
#4162=DIRECTION('ref_axis',(0.,0.,-1.));
#4163=DIRECTION('center_axis',(-1.,0.,0.));
#4164=DIRECTION('ref_axis',(0.,1.,0.));
#4165=DIRECTION('center_axis',(-1.,0.,0.));
#4166=DIRECTION('ref_axis',(0.,1.,0.));
#4167=DIRECTION('center_axis',(-1.,0.,0.));
#4168=DIRECTION('ref_axis',(0.,1.,0.));
#4169=DIRECTION('',(-1.,0.,0.));
#4170=DIRECTION('center_axis',(-1.,0.,0.));
#4171=DIRECTION('ref_axis',(0.,1.,0.));
#4172=DIRECTION('center_axis',(-1.,0.,0.));
#4173=DIRECTION('ref_axis',(0.,0.,1.));
#4174=DIRECTION('center_axis',(0.,-1.,1.22464681122614E-16));
#4175=DIRECTION('ref_axis',(0.,-1.22464681122614E-16,-1.));
#4176=DIRECTION('center_axis',(-1.,0.,0.));
#4177=DIRECTION('ref_axis',(0.,1.,0.));
#4178=DIRECTION('center_axis',(-1.,0.,0.));
#4179=DIRECTION('ref_axis',(0.,1.,0.));
#4180=DIRECTION('center_axis',(-1.,0.,0.));
#4181=DIRECTION('ref_axis',(0.,1.,0.));
#4182=DIRECTION('',(-1.,0.,0.));
#4183=DIRECTION('center_axis',(-1.,0.,0.));
#4184=DIRECTION('ref_axis',(0.,1.,0.));
#4185=DIRECTION('center_axis',(-1.,0.,0.));
#4186=DIRECTION('ref_axis',(0.,0.,1.));
#4187=DIRECTION('center_axis',(1.,0.,0.));
#4188=DIRECTION('ref_axis',(0.,1.,0.));
#4189=DIRECTION('center_axis',(0.,-1.,0.));
#4190=DIRECTION('ref_axis',(0.,0.,-1.));
#4191=DIRECTION('center_axis',(-1.,0.,0.));
#4192=DIRECTION('ref_axis',(0.,1.,0.));
#4193=DIRECTION('center_axis',(-1.,0.,0.));
#4194=DIRECTION('ref_axis',(0.,1.,0.));
#4195=DIRECTION('center_axis',(1.,0.,0.));
#4196=DIRECTION('ref_axis',(0.,-1.,0.));
#4197=DIRECTION('',(0.,1.,0.));
#4198=DIRECTION('',(0.,0.,1.));
#4199=DIRECTION('center_axis',(-1.,0.,0.));
#4200=DIRECTION('ref_axis',(0.,1.,0.));
#4201=DIRECTION('',(-1.,0.,0.));
#4202=DIRECTION('center_axis',(-1.,0.,0.));
#4203=DIRECTION('ref_axis',(0.,1.,0.));
#4204=DIRECTION('center_axis',(-0.408248290463859,-0.81649658092773,-0.408248290463859));
#4205=DIRECTION('ref_axis',(0.577350269189628,-0.577350269189621,0.577350269189628));
#4206=DIRECTION('center_axis',(1.,0.,0.));
#4207=DIRECTION('ref_axis',(0.,-1.,0.));
#4208=DIRECTION('center_axis',(0.,0.,1.));
#4209=DIRECTION('ref_axis',(1.,0.,0.));
#4210=DIRECTION('center_axis',(0.,-1.,0.));
#4211=DIRECTION('ref_axis',(0.,0.,1.));
#4212=DIRECTION('center_axis',(0.,0.,1.));
#4213=DIRECTION('ref_axis',(0.707106781186551,-0.707106781186544,0.));
#4214=DIRECTION('center_axis',(0.,0.,1.));
#4215=DIRECTION('ref_axis',(0.707106781186551,-0.707106781186544,0.));
#4216=DIRECTION('',(0.,0.,-1.));
#4217=DIRECTION('center_axis',(0.,1.,0.));
#4218=DIRECTION('ref_axis',(0.707106781186551,0.,0.707106781186544));
#4219=DIRECTION('center_axis',(0.,-1.,0.));
#4220=DIRECTION('ref_axis',(1.,0.,0.));
#4221=DIRECTION('center_axis',(0.,0.,1.));
#4222=DIRECTION('ref_axis',(1.,0.,0.));
#4223=DIRECTION('center_axis',(0.,-1.,0.));
#4224=DIRECTION('ref_axis',(-1.,0.,0.));
#4225=DIRECTION('center_axis',(0.,0.,1.));
#4226=DIRECTION('ref_axis',(0.707106781186547,0.707106781186548,0.));
#4227=DIRECTION('center_axis',(1.,0.,0.));
#4228=DIRECTION('ref_axis',(0.,1.,0.));
#4229=DIRECTION('center_axis',(-1.,0.,0.));
#4230=DIRECTION('ref_axis',(0.,0.707106781186548,0.707106781186548));
#4231=DIRECTION('center_axis',(1.,0.,0.));
#4232=DIRECTION('ref_axis',(0.,-0.707106781186551,0.707106781186544));
#4233=DIRECTION('',(1.,0.,0.));
#4234=DIRECTION('center_axis',(0.707106781186548,-0.707106781186548,3.14018491736755E-15));
#4235=DIRECTION('ref_axis',(-0.707106781186547,-0.707106781186547,3.14018491736755E-15));
#4236=DIRECTION('center_axis',(1.,0.,0.));
#4237=DIRECTION('ref_axis',(0.,-0.707106781186548,0.707106781186548));
#4238=DIRECTION('',(1.,0.,0.));
#4239=DIRECTION('center_axis',(-1.,0.,0.));
#4240=DIRECTION('ref_axis',(0.,-1.,0.));
#4241=DIRECTION('center_axis',(0.,0.,-1.));
#4242=DIRECTION('ref_axis',(-1.,0.,0.));
#4243=DIRECTION('center_axis',(0.,1.,0.));
#4244=DIRECTION('ref_axis',(-1.,0.,0.));
#4245=DIRECTION('center_axis',(0.,0.,-1.));
#4246=DIRECTION('ref_axis',(0.707106781186548,0.707106781186548,0.));
#4247=DIRECTION('center_axis',(0.,-1.,0.));
#4248=DIRECTION('ref_axis',(-0.707106781186549,0.,0.707106781186546));
#4249=DIRECTION('center_axis',(0.,1.,0.));
#4250=DIRECTION('ref_axis',(-1.,0.,0.));
#4251=DIRECTION('',(0.,-1.,0.));
#4252=DIRECTION('center_axis',(0.,0.,1.));
#4253=DIRECTION('ref_axis',(1.,0.,0.));
#4254=DIRECTION('center_axis',(-0.684848168746933,0.728685793579079,0.));
#4255=DIRECTION('ref_axis',(-0.728685793579079,-0.684848168746933,0.));
#4256=DIRECTION('center_axis',(0.,0.,1.));
#4257=DIRECTION('ref_axis',(-0.929700433897683,-0.368316580146021,0.));
#4258=DIRECTION('center_axis',(0.,0.,-1.));
#4259=DIRECTION('ref_axis',(0.990919229563872,0.134458471211534,0.));
#4260=DIRECTION('center_axis',(0.465908793879425,0.884832750177015,0.));
#4261=DIRECTION('ref_axis',(-0.884832750177015,0.465908793879425,0.));
#4262=DIRECTION('center_axis',(0.,0.,-1.));
#4263=DIRECTION('ref_axis',(0.990919229563872,0.134458471211535,0.));
#4264=DIRECTION('center_axis',(0.,0.,1.));
#4265=DIRECTION('ref_axis',(1.,0.,0.));
#4266=DIRECTION('center_axis',(-2.22044604925031E-15,1.,0.));
#4267=DIRECTION('ref_axis',(-1.,-2.22044604925031E-15,0.));
#4268=DIRECTION('center_axis',(0.,0.,1.));
#4269=DIRECTION('ref_axis',(-0.970781321971384,0.239965882807311,0.));
#4270=DIRECTION('center_axis',(0.,-1.,0.));
#4271=DIRECTION('ref_axis',(-0.707106781186551,0.,0.707106781186544));
#4272=DIRECTION('',(0.,-1.,0.));
#4273=DIRECTION('center_axis',(0.,0.,1.));
#4274=DIRECTION('ref_axis',(1.,0.,0.));
#4275=DIRECTION('',(-1.,0.,0.));
#4276=DIRECTION('center_axis',(0.,0.,-1.));
#4277=DIRECTION('ref_axis',(1.,0.,0.));
#4278=DIRECTION('',(-1.,0.,0.));
#4279=DIRECTION('center_axis',(0.,0.,-1.));
#4280=DIRECTION('ref_axis',(-0.222222222222222,0.974996043043569,0.));
#4281=DIRECTION('center_axis',(0.,0.,1.));
#4282=DIRECTION('ref_axis',(0.22222222222222,-0.97499604304357,0.));
#4283=DIRECTION('',(0.,1.,0.));
#4284=DIRECTION('center_axis',(0.,0.,1.));
#4285=DIRECTION('ref_axis',(1.,-1.11022302462516E-15,0.));
#4286=DIRECTION('center_axis',(0.,0.,-1.));
#4287=DIRECTION('ref_axis',(-0.993807997404351,-0.111111044883728,0.));
#4288=DIRECTION('center_axis',(0.,0.,1.));
#4289=DIRECTION('ref_axis',(0.993807997404351,0.111111044883729,0.));
#4290=DIRECTION('',(-1.,0.,0.));
#4291=DIRECTION('center_axis',(0.,0.,1.));
#4292=DIRECTION('ref_axis',(1.,0.,0.));
#4293=DIRECTION('center_axis',(0.,0.,1.));
#4294=DIRECTION('ref_axis',(1.,0.,0.));
#4295=DIRECTION('center_axis',(0.,-1.,0.));
#4296=DIRECTION('ref_axis',(-1.,0.,0.));
#4297=DIRECTION('',(0.,0.,1.));
#4298=DIRECTION('',(0.,0.,1.));
#4299=DIRECTION('',(1.,0.,0.));
#4300=DIRECTION('center_axis',(-1.,0.,0.));
#4301=DIRECTION('ref_axis',(0.,-1.,0.));
#4302=DIRECTION('',(0.,0.,1.));
#4303=DIRECTION('center_axis',(1.,0.,0.));
#4304=DIRECTION('ref_axis',(0.,1.,0.));
#4305=DIRECTION('center_axis',(1.,0.,0.));
#4306=DIRECTION('ref_axis',(0.,1.,0.));
#4307=DIRECTION('',(0.,0.,1.));
#4308=DIRECTION('center_axis',(0.,0.,1.));
#4309=DIRECTION('ref_axis',(-0.884832750177016,0.465908793879423,0.));
#4310=DIRECTION('',(0.,0.,1.));
#4311=DIRECTION('center_axis',(0.,0.,1.));
#4312=DIRECTION('ref_axis',(0.884832750177015,-0.465908793879424,0.));
#4313=DIRECTION('',(0.,0.,1.));
#4314=DIRECTION('',(0.,0.,1.));
#4315=DIRECTION('center_axis',(0.,0.,1.));
#4316=DIRECTION('ref_axis',(0.884832750177015,-0.465908793879424,0.));
#4317=DIRECTION('',(0.,0.,1.));
#4318=DIRECTION('center_axis',(0.,0.,1.));
#4319=DIRECTION('ref_axis',(-1.,0.,0.));
#4320=DIRECTION('',(0.,0.,1.));
#4321=DIRECTION('',(0.,0.,1.));
#4322=DIRECTION('center_axis',(0.,0.,1.));
#4323=DIRECTION('ref_axis',(-1.,0.,0.));
#4324=DIRECTION('center_axis',(-1.,0.,0.));
#4325=DIRECTION('ref_axis',(0.,-1.,0.));
#4326=DIRECTION('',(0.,0.,1.));
#4327=DIRECTION('',(0.,-1.,0.));
#4328=DIRECTION('center_axis',(1.,0.,0.));
#4329=DIRECTION('ref_axis',(0.,1.,0.));
#4330=DIRECTION('center_axis',(0.,0.,1.));
#4331=DIRECTION('ref_axis',(1.,0.,0.));
#4332=DIRECTION('',(0.,0.,1.));
#4333=DIRECTION('center_axis',(0.,-1.,0.));
#4334=DIRECTION('ref_axis',(1.,0.,0.));
#4335=DIRECTION('',(-1.,0.,0.));
#4336=DIRECTION('',(0.,0.,1.));
#4337=DIRECTION('center_axis',(0.,1.,0.));
#4338=DIRECTION('ref_axis',(-1.,0.,0.));
#4339=DIRECTION('center_axis',(0.,1.,0.));
#4340=DIRECTION('ref_axis',(-1.,0.,0.));
#4341=DIRECTION('center_axis',(0.,-1.,0.));
#4342=DIRECTION('ref_axis',(-1.,0.,0.));
#4343=DIRECTION('center_axis',(0.,1.,0.));
#4344=DIRECTION('ref_axis',(-1.,0.,0.));
#4345=DIRECTION('',(0.,1.,0.));
#4346=DIRECTION('center_axis',(0.,1.,0.));
#4347=DIRECTION('ref_axis',(-1.,0.,0.));
#4348=DIRECTION('center_axis',(0.,1.,0.));
#4349=DIRECTION('ref_axis',(-1.,0.,0.));
#4350=DIRECTION('center_axis',(0.,1.,0.));
#4351=DIRECTION('ref_axis',(-1.,0.,0.));
#4352=DIRECTION('center_axis',(0.,1.,0.));
#4353=DIRECTION('ref_axis',(-1.,0.,0.));
#4354=DIRECTION('center_axis',(0.,-1.,0.));
#4355=DIRECTION('ref_axis',(-1.,0.,0.));
#4356=DIRECTION('center_axis',(0.,1.,0.));
#4357=DIRECTION('ref_axis',(-1.,0.,0.));
#4358=DIRECTION('',(0.,1.,0.));
#4359=DIRECTION('center_axis',(0.,-1.,0.));
#4360=DIRECTION('ref_axis',(-1.,0.,0.));
#4361=DIRECTION('center_axis',(0.,1.,0.));
#4362=DIRECTION('ref_axis',(-1.,0.,0.));
#4363=DIRECTION('center_axis',(0.,1.,0.));
#4364=DIRECTION('ref_axis',(-1.,0.,0.));
#4365=DIRECTION('center_axis',(0.,1.,0.));
#4366=DIRECTION('ref_axis',(-1.,0.,0.));
#4367=DIRECTION('center_axis',(0.,-1.,0.));
#4368=DIRECTION('ref_axis',(-1.,0.,0.));
#4369=DIRECTION('',(0.,-1.,0.));
#4370=DIRECTION('center_axis',(-0.707106781186548,0.707106781186548,0.));
#4371=DIRECTION('ref_axis',(-0.707106781186548,-0.707106781186548,0.));
#4372=DIRECTION('',(0.,1.,0.));
#4373=DIRECTION('center_axis',(-0.707106781186548,0.707106781186548,0.));
#4374=DIRECTION('ref_axis',(-0.707106781186548,-0.707106781186548,0.));
#4375=DIRECTION('center_axis',(0.,-1.,0.));
#4376=DIRECTION('ref_axis',(-1.,0.,0.));
#4377=DIRECTION('',(0.,-1.,0.));
#4378=DIRECTION('center_axis',(-1.,0.,0.));
#4379=DIRECTION('ref_axis',(0.,1.,0.));
#4380=DIRECTION('center_axis',(1.,0.,0.));
#4381=DIRECTION('ref_axis',(0.,1.,0.));
#4382=DIRECTION('',(-1.,0.,0.));
#4383=DIRECTION('center_axis',(1.,0.,0.));
#4384=DIRECTION('ref_axis',(0.,1.,0.));
#4385=DIRECTION('center_axis',(-1.,0.,0.));
#4386=DIRECTION('ref_axis',(0.,-1.,0.));
#4387=DIRECTION('',(0.,0.,1.));
#4388=DIRECTION('',(0.,-1.,0.));
#4389=DIRECTION('center_axis',(0.,0.,1.));
#4390=DIRECTION('ref_axis',(1.,0.,0.));
#4391=DIRECTION('center_axis',(0.,0.,1.));
#4392=DIRECTION('ref_axis',(1.,0.,0.));
#4393=DIRECTION('center_axis',(-1.,0.,0.));
#4394=DIRECTION('ref_axis',(0.,1.,0.));
#4395=DIRECTION('center_axis',(1.,0.,0.));
#4396=DIRECTION('ref_axis',(0.,1.,0.));
#4397=DIRECTION('',(-1.,0.,0.));
#4398=DIRECTION('center_axis',(1.,0.,0.));
#4399=DIRECTION('ref_axis',(0.,1.,0.));
#4400=DIRECTION('center_axis',(-1.,0.,0.));
#4401=DIRECTION('ref_axis',(0.,1.,0.));
#4402=DIRECTION('center_axis',(-1.,0.,0.));
#4403=DIRECTION('ref_axis',(0.,1.,0.));
#4404=DIRECTION('center_axis',(1.,0.,0.));
#4405=DIRECTION('ref_axis',(0.,1.,0.));
#4406=DIRECTION('',(-1.,0.,0.));
#4407=DIRECTION('center_axis',(1.,0.,0.));
#4408=DIRECTION('ref_axis',(0.,1.,0.));
#4409=DIRECTION('center_axis',(-1.,0.,0.));
#4410=DIRECTION('ref_axis',(0.,1.,0.));
#4411=DIRECTION('center_axis',(1.,0.,0.));
#4412=DIRECTION('ref_axis',(0.,1.,0.));
#4413=DIRECTION('center_axis',(-1.,0.,0.));
#4414=DIRECTION('ref_axis',(0.,1.,0.));
#4415=DIRECTION('center_axis',(0.,0.,1.));
#4416=DIRECTION('ref_axis',(-0.884832750177016,0.465908793879423,0.));
#4417=DIRECTION('center_axis',(0.,0.,1.));
#4418=DIRECTION('ref_axis',(-0.884832750177016,0.465908793879423,0.));
#4419=DIRECTION('center_axis',(1.,0.,0.));
#4420=DIRECTION('ref_axis',(0.,1.,0.));
#4421=DIRECTION('center_axis',(1.,0.,0.));
#4422=DIRECTION('ref_axis',(0.,1.,0.));
#4423=DIRECTION('center_axis',(1.,0.,0.));
#4424=DIRECTION('ref_axis',(0.,1.,0.));
#4425=DIRECTION('center_axis',(1.,0.,0.));
#4426=DIRECTION('ref_axis',(0.,1.,0.));
#4427=DIRECTION('center_axis',(1.,0.,0.));
#4428=DIRECTION('ref_axis',(0.,1.,0.));
#4429=DIRECTION('center_axis',(1.,0.,0.));
#4430=DIRECTION('ref_axis',(0.,1.,0.));
#4431=DIRECTION('center_axis',(1.,0.,0.));
#4432=DIRECTION('ref_axis',(0.,1.,0.));
#4433=DIRECTION('center_axis',(1.,0.,0.));
#4434=DIRECTION('ref_axis',(0.,1.,0.));
#4435=DIRECTION('center_axis',(-1.,0.,0.));
#4436=DIRECTION('ref_axis',(0.,1.,0.));
#4437=DIRECTION('',(-1.,0.,0.));
#4438=DIRECTION('center_axis',(-1.,0.,0.));
#4439=DIRECTION('ref_axis',(0.,1.,0.));
#4440=DIRECTION('',(-1.,0.,0.));
#4441=DIRECTION('center_axis',(-1.,0.,0.));
#4442=DIRECTION('ref_axis',(0.,1.,0.));
#4443=DIRECTION('',(-1.,0.,0.));
#4444=DIRECTION('center_axis',(-1.,0.,0.));
#4445=DIRECTION('ref_axis',(0.,1.,0.));
#4446=DIRECTION('',(-1.,0.,0.));
#4447=DIRECTION('center_axis',(0.,0.,1.));
#4448=DIRECTION('ref_axis',(1.,0.,0.));
#4449=DIRECTION('center_axis',(0.,0.,-1.));
#4450=DIRECTION('ref_axis',(1.,0.,0.));
#4451=DIRECTION('',(0.,0.,-1.));
#4452=DIRECTION('center_axis',(0.,0.,-1.));
#4453=DIRECTION('ref_axis',(1.,0.,0.));
#4454=DIRECTION('center_axis',(0.,0.,1.));
#4455=DIRECTION('ref_axis',(1.,0.,0.));
#4456=DIRECTION('center_axis',(0.,0.,1.));
#4457=DIRECTION('ref_axis',(1.,0.,0.));
#4458=DIRECTION('center_axis',(0.,0.,1.));
#4459=DIRECTION('ref_axis',(1.,0.,0.));
#4460=DIRECTION('center_axis',(0.,0.,1.));
#4461=DIRECTION('ref_axis',(1.,0.,0.));
#4462=DIRECTION('',(0.,0.,-1.));
#4463=DIRECTION('center_axis',(0.,0.,1.));
#4464=DIRECTION('ref_axis',(1.,0.,0.));
#4465=DIRECTION('center_axis',(0.,0.,-1.));
#4466=DIRECTION('ref_axis',(1.,0.,0.));
#4467=DIRECTION('center_axis',(0.,0.,1.));
#4468=DIRECTION('ref_axis',(1.,0.,0.));
#4469=DIRECTION('center_axis',(0.,0.,1.));
#4470=DIRECTION('ref_axis',(1.,0.,0.));
#4471=DIRECTION('',(-1.,0.,0.));
#4472=DIRECTION('center_axis',(0.,0.,-1.));
#4473=DIRECTION('ref_axis',(0.993807997404351,0.111111044883729,0.));
#4474=DIRECTION('',(0.5,0.866025403784439,0.));
#4475=DIRECTION('',(0.5,-0.866025403784439,0.));
#4476=DIRECTION('',(-0.5,-0.866025403784439,0.));
#4477=DIRECTION('center_axis',(0.,0.,-1.));
#4478=DIRECTION('ref_axis',(1.,-1.11022302462516E-15,0.));
#4479=DIRECTION('',(0.,-1.,0.));
#4480=DIRECTION('center_axis',(0.,0.,-1.));
#4481=DIRECTION('ref_axis',(0.22222222222222,-0.97499604304357,0.));
#4482=DIRECTION('',(0.5,-0.866025403784439,0.));
#4483=DIRECTION('',(-0.5,-0.866025403784439,0.));
#4484=DIRECTION('',(-1.,3.49629579342466E-16,0.));
#4485=DIRECTION('center_axis',(0.,0.,1.));
#4486=DIRECTION('ref_axis',(1.,0.,0.));
#4487=DIRECTION('',(0.5,0.866025403784439,0.));
#4488=DIRECTION('',(1.,0.,0.));
#4489=DIRECTION('',(0.5,-0.866025403784439,0.));
#4490=DIRECTION('center_axis',(-0.999857768208449,-0.0168654485033576,0.));
#4491=DIRECTION('ref_axis',(0.0168654485033576,-0.999857768208449,0.));
#4492=DIRECTION('',(-0.0168654485033576,0.999857768208449,0.));
#4493=DIRECTION('center_axis',(3.49629579342466E-16,1.,0.));
#4494=DIRECTION('ref_axis',(-1.,3.49629579342466E-16,0.));
#4495=DIRECTION('',(1.,-3.49629579342466E-16,0.));
#4496=DIRECTION('',(0.,0.,1.));
#4497=DIRECTION('center_axis',(-0.866025403784439,0.5,0.));
#4498=DIRECTION('ref_axis',(-0.5,-0.866025403784439,0.));
#4499=DIRECTION('',(0.5,0.866025403784439,0.));
#4500=DIRECTION('',(0.,0.,1.));
#4501=DIRECTION('center_axis',(-0.866025403784439,-0.5,0.));
#4502=DIRECTION('ref_axis',(0.5,-0.866025403784439,0.));
#4503=DIRECTION('',(-0.5,0.866025403784439,0.));
#4504=DIRECTION('',(0.,0.,1.));
#4505=DIRECTION('center_axis',(-0.866025403784439,0.5,0.));
#4506=DIRECTION('ref_axis',(-0.5,-0.866025403784438,0.));
#4507=DIRECTION('',(0.5,0.866025403784438,0.));
#4508=DIRECTION('',(0.,0.,1.));
#4509=DIRECTION('',(0.,0.,1.));
#4510=DIRECTION('center_axis',(-0.866025403784439,-0.5,0.));
#4511=DIRECTION('ref_axis',(0.5,-0.866025403784439,0.));
#4512=DIRECTION('',(-0.5,0.866025403784439,0.));
#4513=DIRECTION('',(0.,0.,1.));
#4514=DIRECTION('center_axis',(0.,-1.,0.));
#4515=DIRECTION('ref_axis',(1.,0.,0.));
#4516=DIRECTION('',(-1.,0.,0.));
#4517=DIRECTION('',(0.,0.,1.));
#4518=DIRECTION('center_axis',(0.866025403784439,-0.5,0.));
#4519=DIRECTION('ref_axis',(0.5,0.866025403784438,0.));
#4520=DIRECTION('',(-0.5,-0.866025403784438,0.));
#4521=DIRECTION('',(0.,0.,1.));
#4522=DIRECTION('center_axis',(0.,0.,1.));
#4523=DIRECTION('ref_axis',(1.,0.,0.));
#4524=DIRECTION('center_axis',(0.,0.,1.));
#4525=DIRECTION('ref_axis',(0.22222222222222,-0.97499604304357,0.));
#4526=DIRECTION('center_axis',(0.,0.,1.));
#4527=DIRECTION('ref_axis',(-0.222222222222222,0.974996043043569,0.));
#4528=DIRECTION('',(1.,0.,0.));
#4529=DIRECTION('center_axis',(0.,0.,-1.));
#4530=DIRECTION('ref_axis',(1.,0.,0.));
#4531=DIRECTION('center_axis',(0.,0.,1.));
#4532=DIRECTION('ref_axis',(1.,0.,0.));
#4533=DIRECTION('center_axis',(0.,0.,1.));
#4534=DIRECTION('ref_axis',(0.993807997404351,0.111111044883729,0.));
#4535=DIRECTION('center_axis',(0.,0.,1.));
#4536=DIRECTION('ref_axis',(-0.993807997404351,-0.111111044883728,0.));
#4537=DIRECTION('center_axis',(0.,0.,1.));
#4538=DIRECTION('ref_axis',(1.,-1.11022302462516E-15,0.));
#4539=DIRECTION('center_axis',(0.,0.,-1.));
#4540=DIRECTION('ref_axis',(1.,0.,0.));
#4541=DIRECTION('center_axis',(0.,0.,-1.));
#4542=DIRECTION('ref_axis',(1.,0.,0.));
#4543=DIRECTION('',(0.,0.,1.));
#4544=DIRECTION('center_axis',(0.,0.,-1.));
#4545=DIRECTION('ref_axis',(1.,0.,0.));
#4546=DIRECTION('',(0.,0.,1.));
#4547=DIRECTION('center_axis',(0.,-1.,0.));
#4548=DIRECTION('ref_axis',(-1.,0.,0.));
#4549=DIRECTION('',(0.,0.,1.));
#4550=DIRECTION('center_axis',(0.,0.,-1.));
#4551=DIRECTION('ref_axis',(0.993807997404351,0.111111044883729,0.));
#4552=DIRECTION('',(0.,0.,-1.));
#4553=DIRECTION('center_axis',(0.,0.,-1.));
#4554=DIRECTION('ref_axis',(-0.993807997404351,-0.111111044883728,0.));
#4555=DIRECTION('',(0.,0.,-1.));
#4556=DIRECTION('center_axis',(0.,0.,-1.));
#4557=DIRECTION('ref_axis',(1.,-1.11022302462516E-15,0.));
#4558=DIRECTION('',(0.,0.,1.));
#4559=DIRECTION('center_axis',(-1.,0.,0.));
#4560=DIRECTION('ref_axis',(0.,1.,0.));
#4561=DIRECTION('',(0.,0.,1.));
#4562=DIRECTION('center_axis',(0.,0.,-1.));
#4563=DIRECTION('ref_axis',(0.22222222222222,-0.97499604304357,0.));
#4564=DIRECTION('',(0.,0.,-1.));
#4565=DIRECTION('center_axis',(0.,0.,-1.));
#4566=DIRECTION('ref_axis',(-0.222222222222222,0.974996043043569,0.));
#4567=DIRECTION('center_axis',(0.,1.,0.));
#4568=DIRECTION('ref_axis',(1.,0.,0.));
#4569=DIRECTION('center_axis',(0.,0.,-1.));
#4570=DIRECTION('ref_axis',(1.,0.,0.));
#4571=CARTESIAN_POINT('',(0.,0.,0.));
#4572=CARTESIAN_POINT('Origin',(12.3183360862113,-7.15522121709332,0.));
#4573=CARTESIAN_POINT('',(11.9183929789279,-7.16196739649467,0.));
#4574=CARTESIAN_POINT('',(12.6647462477251,-6.95522121709332,0.));
#4575=CARTESIAN_POINT('Origin',(12.3183360862113,-7.15522121709332,0.));
#4576=CARTESIAN_POINT('',(11.9183929789279,-7.16196739649467,2.7));
#4577=CARTESIAN_POINT('',(11.9183929789279,-7.16196739649467,0.));
#4578=CARTESIAN_POINT('',(12.4895096372357,-6.79369719931623,2.7));
#4579=CARTESIAN_POINT('Origin',(12.3183360862113,-7.15522121709332,2.7));
#4580=CARTESIAN_POINT('',(12.6647462477251,-6.95522121709332,2.7));
#4581=CARTESIAN_POINT('Origin',(12.3183360862113,-7.15522121709332,2.7));
#4582=CARTESIAN_POINT('',(12.6647462477251,-6.95522121709332,0.));
#4583=CARTESIAN_POINT('Origin',(13.4122870577518,-8.24999988079071,0.));
#4584=CARTESIAN_POINT('',(13.4122870577518,-8.24999988079071,2.7));
#4585=CARTESIAN_POINT('',(11.8245738174803,-5.49999988079071,2.7));
#4586=CARTESIAN_POINT('',(13.4122870577518,-8.24999988079071,0.));
#4587=CARTESIAN_POINT('',(13.4122870577518,-8.24999988079071,0.));
#4588=CARTESIAN_POINT('',(9.46752299128495,-1.4174680937982,0.));
#4589=CARTESIAN_POINT('Origin',(10.0000001490116,8.00000011920929,2.7));
#4590=CARTESIAN_POINT('',(12.0000001788139,-12.0000001788139,2.7));
#4591=CARTESIAN_POINT('',(12.0000001788139,-12.0000001788139,2.7));
#4592=CARTESIAN_POINT('',(12.0000001788139,-8.9513521935944,2.7));
#4593=CARTESIAN_POINT('',(12.0000001788139,-0.475676037192555,2.7));
#4594=CARTESIAN_POINT('Origin',(17.0000001788139,-8.9513521935944,2.7));
#4595=CARTESIAN_POINT('Origin',(10.5000002980232,-5.50000017881394,0.));
#4596=CARTESIAN_POINT('',(10.5000002980232,-7.50000017881393,0.));
#4597=CARTESIAN_POINT('',(12.5000002980232,-5.50000004635917,0.));
#4598=CARTESIAN_POINT('Origin',(10.5000002980232,-5.50000017881394,0.));
#4599=CARTESIAN_POINT('',(12.5000002980232,-5.50000004635917,-1.3));
#4600=CARTESIAN_POINT('',(12.5000002980232,-5.50000004635917,0.));
#4601=CARTESIAN_POINT('',(10.5000002980232,-7.50000017881393,-1.3));
#4602=CARTESIAN_POINT('Origin',(10.5000002980232,-5.50000017881394,-1.3));
#4603=CARTESIAN_POINT('',(10.5000002980232,-7.50000017881393,0.));
#4604=CARTESIAN_POINT('Origin',(-12.3183360862113,-7.15522121709332,0.));
#4605=CARTESIAN_POINT('',(-12.6647462477251,-6.95522121709332,0.));
#4606=CARTESIAN_POINT('',(-11.9183929789279,-7.16196739649467,0.));
#4607=CARTESIAN_POINT('Origin',(-12.3183360862113,-7.15522121709332,0.));
#4608=CARTESIAN_POINT('',(-12.6647462477251,-6.95522121709332,2.7));
#4609=CARTESIAN_POINT('',(-12.6647462477251,-6.95522121709332,0.));
#4610=CARTESIAN_POINT('',(-12.4895096372357,-6.79369719931623,2.7));
#4611=CARTESIAN_POINT('Origin',(-12.3183360862113,-7.15522121709332,2.7));
#4612=CARTESIAN_POINT('',(-11.9183929789279,-7.16196739649467,2.7));
#4613=CARTESIAN_POINT('Origin',(-12.3183360862113,-7.15522121709332,2.7));
#4614=CARTESIAN_POINT('',(-11.9183929789279,-7.16196739649467,0.));
#4615=CARTESIAN_POINT('Origin',(-11.9142139072262,-6.9142136943572,0.));
#4616=CARTESIAN_POINT('',(-12.0000001788139,-12.0000001788139,2.7));
#4617=CARTESIAN_POINT('',(-12.0000001788139,-12.0000001788139,2.7));
#4618=CARTESIAN_POINT('',(-12.0000001788139,-12.0000001788139,0.));
#4619=CARTESIAN_POINT('',(-12.0000001788139,-12.0000001788139,0.));
#4620=CARTESIAN_POINT('',(-11.7881921001458,0.556911828803147,0.));
#4621=CARTESIAN_POINT('Origin',(-10.0000001490116,8.00000011920929,2.7));
#4622=CARTESIAN_POINT('',(-12.0000001788139,-8.9513521935944,2.7));
#4623=CARTESIAN_POINT('Origin',(-17.0000001788139,-8.9513521935944,2.7));
#4624=CARTESIAN_POINT('',(-12.0000001788139,-0.475676037192555,2.7));
#4625=CARTESIAN_POINT('Origin',(-13.4122870577518,-8.24999988079071,0.));
#4626=CARTESIAN_POINT('',(-13.4122870577518,-8.24999988079071,0.));
#4627=CARTESIAN_POINT('',(-9.46752299128495,-1.4174680937982,0.));
#4628=CARTESIAN_POINT('',(-13.4122870577518,-8.24999988079071,2.7));
#4629=CARTESIAN_POINT('',(-13.4122870577518,-8.24999988079071,0.));
#4630=CARTESIAN_POINT('',(-11.8245738174803,-5.49999988079071,2.7));
#4631=CARTESIAN_POINT('Origin',(-8.,27.5000004172325,6.70000010430813));
#4632=CARTESIAN_POINT('',(-8.,28.0000004172325,10.2));
#4633=CARTESIAN_POINT('Origin',(-8.,28.0000004172325,6.70000010430813));
#4634=CARTESIAN_POINT('',(-8.,27.5000004172325,9.70000010430813));
#4635=CARTESIAN_POINT('Origin',(-8.,27.5000004172325,10.2000001043081));
#4636=CARTESIAN_POINT('',(-11.,27.5000004172325,6.70000010430813));
#4637=CARTESIAN_POINT('Origin',(-8.,27.5000004172325,6.70000010430813));
#4638=CARTESIAN_POINT('Origin',(-8.,27.5000004172325,6.70000010430813));
#4639=CARTESIAN_POINT('Origin',(-8.,28.0000004172325,6.70000010430813));
#4640=CARTESIAN_POINT('',(-11.,26.5000004172325,6.70000010430813));
#4641=CARTESIAN_POINT('',(-11.,28.0000004172325,6.70000010430813));
#4642=CARTESIAN_POINT('Origin',(-8.,26.5000004172325,6.70000010430813));
#4643=CARTESIAN_POINT('Origin',(-16.0000002980232,24.0000004172325,2.7));
#4644=CARTESIAN_POINT('',(-13.0000002980232,24.0000004172325,10.2));
#4645=CARTESIAN_POINT('Origin',(-16.0000002980232,24.0000004172325,10.2));
#4646=CARTESIAN_POINT('',(-13.0000002980232,24.0000004172325,9.2));
#4647=CARTESIAN_POINT('',(-13.0000002980232,24.0000004172325,2.7));
#4648=CARTESIAN_POINT('Origin',(-16.0000002980232,24.0000004172325,9.2));
#4649=CARTESIAN_POINT('Origin',(-19.5000002980232,15.9999998807907,6.70000010430813));
#4650=CARTESIAN_POINT('',(-20.0000002980232,15.9999998807907,10.2));
#4651=CARTESIAN_POINT('',(-20.0000002980232,15.9999998807907,3.20000010430813));
#4652=CARTESIAN_POINT('Origin',(-20.0000002980232,15.9999998807907,6.70000010430813));
#4653=CARTESIAN_POINT('Origin',(-20.0000002980232,15.9999998807907,6.70000010430813));
#4654=CARTESIAN_POINT('',(-19.5000002980232,15.9999998807907,3.70000010430813));
#4655=CARTESIAN_POINT('Origin',(-19.5000002980232,15.9999998807907,3.20000010430813));
#4656=CARTESIAN_POINT('',(-19.5000002980232,12.9999998807907,6.70000010430813));
#4657=CARTESIAN_POINT('Origin',(-19.5000002980232,15.9999998807907,6.70000010430813));
#4658=CARTESIAN_POINT('Origin',(-19.5000002980232,15.9999998807907,6.70000010430813));
#4659=CARTESIAN_POINT('Origin',(-20.0000002980232,24.0000004172325,0.));
#4660=CARTESIAN_POINT('',(-20.0000002980232,-11.5000001788139,6.70000010430813));
#4661=CARTESIAN_POINT('',(-20.0000002980232,-8.00000011920929,3.20000010430813));
#4662=CARTESIAN_POINT('Origin',(-20.0000002980232,-8.00000011920929,6.70000010430813));
#4663=CARTESIAN_POINT('',(-20.0000002980232,-8.00000011920929,10.2));
#4664=CARTESIAN_POINT('Origin',(-20.0000002980232,-8.00000011920929,6.70000010430813));
#4665=CARTESIAN_POINT('',(-20.0000002980232,-1.19209287996469E-7,10.2));
#4666=CARTESIAN_POINT('',(-20.0000002980232,16.0000002682209,10.2));
#4667=CARTESIAN_POINT('',(-20.0000002980232,-1.19209288425095E-7,3.20000010430813));
#4668=CARTESIAN_POINT('Origin',(-20.0000002980232,-1.19209287996469E-7,
6.70000010430813));
#4669=CARTESIAN_POINT('Origin',(-20.0000002980232,-1.19209287996469E-7,
6.70000010430813));
#4670=CARTESIAN_POINT('',(-20.0000002980232,7.99999988079071,10.2));
#4671=CARTESIAN_POINT('',(-20.0000002980232,16.0000002682209,10.2));
#4672=CARTESIAN_POINT('',(-20.0000002980232,7.99999988079071,3.20000010430813));
#4673=CARTESIAN_POINT('Origin',(-20.0000002980232,7.99999988079071,6.70000010430813));
#4674=CARTESIAN_POINT('Origin',(-20.0000002980232,7.99999988079071,6.70000010430813));
#4675=CARTESIAN_POINT('',(-20.0000002980232,16.0000002682209,10.2));
#4676=CARTESIAN_POINT('',(-20.0000002980232,24.0000004172325,10.2));
#4677=CARTESIAN_POINT('',(-20.0000002980232,16.0000002682209,10.2));
#4678=CARTESIAN_POINT('',(-20.0000002980232,24.0000004172325,-1.3));
#4679=CARTESIAN_POINT('',(-20.0000002980232,24.0000004172325,0.));
#4680=CARTESIAN_POINT('',(-20.0000002980232,-11.5000001788139,-1.3));
#4681=CARTESIAN_POINT('',(-20.0000002980232,-12.0000001788139,-1.3));
#4682=CARTESIAN_POINT('',(-20.0000002980232,-11.5000001788139,0.));
#4683=CARTESIAN_POINT('Origin',(-20.0000002980232,15.9999998807907,6.70000010430813));
#4684=CARTESIAN_POINT('',(-18.5000002980232,12.9999998807907,6.70000010430813));
#4685=CARTESIAN_POINT('',(-20.0000002980232,12.9999998807907,6.70000010430813));
#4686=CARTESIAN_POINT('Origin',(-18.5000002980232,15.9999998807907,6.70000010430813));
#4687=CARTESIAN_POINT('Origin',(-19.5000002980232,7.99999988079071,6.70000010430813));
#4688=CARTESIAN_POINT('',(-19.5000002980232,7.99999988079071,3.70000010430813));
#4689=CARTESIAN_POINT('Origin',(-19.5000002980232,7.99999988079071,3.20000010430813));
#4690=CARTESIAN_POINT('',(-19.5000002980232,4.99999988079071,6.70000010430813));
#4691=CARTESIAN_POINT('Origin',(-19.5000002980232,7.99999988079071,6.70000010430813));
#4692=CARTESIAN_POINT('Origin',(-19.5000002980232,7.99999988079071,6.70000010430813));
#4693=CARTESIAN_POINT('Origin',(-20.0000002980232,7.99999988079071,6.70000010430813));
#4694=CARTESIAN_POINT('',(-18.5000002980232,4.99999988079071,6.70000010430813));
#4695=CARTESIAN_POINT('',(-20.0000002980232,4.99999988079071,6.70000010430813));
#4696=CARTESIAN_POINT('Origin',(-18.5000002980232,7.99999988079071,6.70000010430813));
#4697=CARTESIAN_POINT('Origin',(-19.5000002980232,-1.19209287996469E-7,
6.70000010430813));
#4698=CARTESIAN_POINT('',(-19.5000002980232,-1.19209288363863E-7,3.70000010430813));
#4699=CARTESIAN_POINT('Origin',(-19.5000002980232,-1.19209288425095E-7,
3.20000010430813));
#4700=CARTESIAN_POINT('',(-19.5000002980232,-3.00000011920929,6.70000010430813));
#4701=CARTESIAN_POINT('Origin',(-19.5000002980232,-1.19209287996469E-7,
6.70000010430813));
#4702=CARTESIAN_POINT('Origin',(-19.5000002980232,-1.19209287996469E-7,
6.70000010430813));
#4703=CARTESIAN_POINT('Origin',(-20.0000002980232,-1.19209287996469E-7,
6.70000010430813));
#4704=CARTESIAN_POINT('',(-18.5000002980232,-3.00000011920929,6.70000010430813));
#4705=CARTESIAN_POINT('',(-20.0000002980232,-3.00000011920929,6.70000010430813));
#4706=CARTESIAN_POINT('Origin',(-18.5000002980232,-1.19209287996469E-7,
6.70000010430813));
#4707=CARTESIAN_POINT('Origin',(-19.5000002980232,-8.00000011920929,6.70000010430813));
#4708=CARTESIAN_POINT('Origin',(-20.0000002980232,-8.00000011920929,6.70000010430813));
#4709=CARTESIAN_POINT('',(-19.5000002980232,-8.00000011920929,3.70000010430813));
#4710=CARTESIAN_POINT('Origin',(-19.5000002980232,-8.00000011920929,3.20000010430813));
#4711=CARTESIAN_POINT('',(-19.5000002980232,-11.0000001192093,6.70000010430813));
#4712=CARTESIAN_POINT('Origin',(-19.5000002980232,-8.00000011920929,6.70000010430813));
#4713=CARTESIAN_POINT('Origin',(-19.5000002980232,-8.00000011920929,6.70000010430813));
#4714=CARTESIAN_POINT('Origin',(-20.0000002980232,24.0000004172325,0.));
#4715=CARTESIAN_POINT('',(-20.0000002980232,-11.5000001788139,10.2));
#4716=CARTESIAN_POINT('',(-20.0000002980232,-11.5000001788139,0.));
#4717=CARTESIAN_POINT('',(-20.0000002980232,16.0000002682209,10.2));
#4718=CARTESIAN_POINT('Origin',(-20.0000002980232,-8.00000011920929,6.70000010430813));
#4719=CARTESIAN_POINT('',(-18.5000002980232,-11.0000001192093,6.70000010430813));
#4720=CARTESIAN_POINT('',(-20.0000002980232,-11.0000001192093,6.70000010430813));
#4721=CARTESIAN_POINT('Origin',(-18.5000002980232,-8.00000011920929,6.70000010430813));
#4722=CARTESIAN_POINT('Origin',(-19.5000002980232,-11.5000001788139,10.2));
#4723=CARTESIAN_POINT('',(-19.5000002980232,-12.0000001788139,10.2));
#4724=CARTESIAN_POINT('',(-19.5000002980232,-11.5000001788139,10.7));
#4725=CARTESIAN_POINT('Origin',(-19.5000002980232,-11.5000001788139,10.2));
#4726=CARTESIAN_POINT('Origin',(-19.5000002980232,-11.5000001788139,10.2));
#4727=CARTESIAN_POINT('Origin',(-19.5000002980232,-11.5000001788139,10.2));
#4728=CARTESIAN_POINT('Origin',(-19.5000002980232,-11.5000001788139,0.));
#4729=CARTESIAN_POINT('',(-19.5000002980232,-12.0000001788139,-1.3));
#4730=CARTESIAN_POINT('Origin',(-19.5000002980232,-11.5000001788139,-1.3));
#4731=CARTESIAN_POINT('',(-19.5000002980232,-12.0000001788139,0.));
#4732=CARTESIAN_POINT('Origin',(-19.5000002980232,16.0000002682209,10.2));
#4733=CARTESIAN_POINT('',(-19.5000002980232,24.0000004172325,10.7));
#4734=CARTESIAN_POINT('Origin',(-19.5000002980232,24.0000004172325,10.2));
#4735=CARTESIAN_POINT('',(-19.5000002980232,16.0000002682209,10.7));
#4736=CARTESIAN_POINT('Origin',(-16.0000002980232,24.0000004172325,10.2));
#4737=CARTESIAN_POINT('',(-12.5000002980232,24.0000004172325,10.7));
#4738=CARTESIAN_POINT('Origin',(-12.5000002980232,24.0000004172325,10.2));
#4739=CARTESIAN_POINT('',(-16.0000002980232,27.5000004172325,10.7));
#4740=CARTESIAN_POINT('Origin',(-16.0000002980232,24.0000004172325,10.7));
#4741=CARTESIAN_POINT('',(-16.0000002980232,28.0000004172325,10.2));
#4742=CARTESIAN_POINT('Origin',(-16.0000002980232,27.5000004172325,10.2));
#4743=CARTESIAN_POINT('Origin',(-16.0000002980232,24.0000004172325,10.2));
#4744=CARTESIAN_POINT('Origin',(-16.0000002980232,24.0000004172325,10.7));
#4745=CARTESIAN_POINT('Origin',(-15.0000002235174,-11.5000001788139,10.2));
#4746=CARTESIAN_POINT('',(-12.0000001788139,-12.0000001788139,10.2));
#4747=CARTESIAN_POINT('',(-15.0000002235174,-12.0000001788139,10.2));
#4748=CARTESIAN_POINT('',(-12.5000001788139,-11.5000001788139,10.7));
#4749=CARTESIAN_POINT('Origin',(-12.5000001788139,-11.5000001788139,10.2));
#4750=CARTESIAN_POINT('',(-15.0000002235174,-11.5000001788139,10.7));
#4751=CARTESIAN_POINT('Origin',(-7.00000013411045,18.0000002980232,10.2));
#4752=CARTESIAN_POINT('',(-9.00000013411045,18.0000002980232,10.2));
#4753=CARTESIAN_POINT('',(-9.50000013411045,18.0000002980232,10.7));
#4754=CARTESIAN_POINT('Origin',(-9.50000013411045,18.0000002980232,10.2));
#4755=CARTESIAN_POINT('',(-7.00000013411045,20.0000002980232,10.2));
#4756=CARTESIAN_POINT('Origin',(-7.00000013411045,18.0000002980232,10.2));
#4757=CARTESIAN_POINT('',(-7.00000013411045,20.5000002980232,10.7));
#4758=CARTESIAN_POINT('Origin',(-7.00000013411045,20.5000002980232,10.2));
#4759=CARTESIAN_POINT('Origin',(-7.00000013411045,18.0000002980232,10.7));
#4760=CARTESIAN_POINT('Origin',(-9.50000013411045,13.0000002086163,10.2));
#4761=CARTESIAN_POINT('',(-9.00000013411045,13.1577622876517,10.2));
#4762=CARTESIAN_POINT('',(-9.50000013411045,13.1577622876517,10.7));
#4763=CARTESIAN_POINT('Origin',(-9.50000013411045,13.1577622876517,10.2));
#4764=CARTESIAN_POINT('',(-9.00000013411045,13.0000002086163,10.2));
#4765=CARTESIAN_POINT('',(-9.50000013411045,13.0000002086163,10.7));
#4766=CARTESIAN_POINT('Origin',(-14.0000001341105,13.1577622876517,10.2));
#4767=CARTESIAN_POINT('',(-10.356571166215,9.73352144391701,10.2));
#4768=CARTESIAN_POINT('',(-10.7209140630046,10.0759455282905,10.7));
#4769=CARTESIAN_POINT('Origin',(-10.7209140630046,10.0759455282905,10.2));
#4770=CARTESIAN_POINT('Origin',(-14.0000001341105,13.1577622876517,10.2));
#4771=CARTESIAN_POINT('Origin',(-14.0000001341105,13.1577622876517,10.7));
#4772=CARTESIAN_POINT('Origin',(0.,0.,10.2));
#4773=CARTESIAN_POINT('',(-12.5758364279289,-6.62180822419729,10.2));
#4774=CARTESIAN_POINT('',(-13.0182528030174,-6.854762621137,10.7));
#4775=CARTESIAN_POINT('Origin',(-13.0182528030174,-6.854762621137,10.2));
#4776=CARTESIAN_POINT('Origin',(0.,0.,10.2));
#4777=CARTESIAN_POINT('Origin',(0.,0.,10.7));
#4778=CARTESIAN_POINT('Origin',(-17.0000001788139,-8.9513521935944,10.2));
#4779=CARTESIAN_POINT('',(-12.0000001788139,-8.9513521935944,10.2));
#4780=CARTESIAN_POINT('',(-12.5000001788139,-8.9513521935944,10.7));
#4781=CARTESIAN_POINT('Origin',(-12.5000001788139,-8.9513521935944,10.2));
#4782=CARTESIAN_POINT('Origin',(-17.0000001788139,-8.9513521935944,10.2));
#4783=CARTESIAN_POINT('Origin',(-17.0000001788139,-8.9513521935944,10.7));
#4784=CARTESIAN_POINT('Origin',(-12.5000001788139,-0.475676037192555,10.2));
#4785=CARTESIAN_POINT('',(-12.5000001788139,-0.475676037192555,10.7));
#4786=CARTESIAN_POINT('',(-12.0000001788139,-0.475676037192555,10.2));
#4787=CARTESIAN_POINT('Origin',(-12.0000001788139,-8.9513521935944,2.7));
#4788=CARTESIAN_POINT('',(-12.0000001788139,-12.0000001788139,2.7));
#4789=CARTESIAN_POINT('',(-12.0000001788139,-8.9513521935944,3.85484119300578));
#4790=CARTESIAN_POINT('',(-12.0000001788139,-8.9513521935944,2.7));
#4791=CARTESIAN_POINT('',(-12.0000001788139,-11.0000001192093,6.70000010430813));
#4792=CARTESIAN_POINT('Origin',(-12.0000001788139,-8.00000011920929,6.70000010430813));
#4793=CARTESIAN_POINT('',(-12.0000001788139,-8.9513521935944,9.54515901561047));
#4794=CARTESIAN_POINT('Origin',(-12.0000001788139,-8.00000011920929,6.70000010430813));
#4795=CARTESIAN_POINT('',(-12.0000001788139,-8.9513521935944,2.7));
#4796=CARTESIAN_POINT('Origin',(-17.0000001788139,-8.9513521935944,2.7));
#4797=CARTESIAN_POINT('',(-12.5758364279289,-6.62180822419729,9.3646927883757));
#4798=CARTESIAN_POINT('Ctrl Pts',(-12.5758364279289,-6.62180822419729,9.3646927883757));
#4799=CARTESIAN_POINT('Ctrl Pts',(-12.545899672233,-6.67866274641645,9.39409822119943));
#4800=CARTESIAN_POINT('Ctrl Pts',(-12.5167058945101,-6.73676912821586,9.42184254396059));
#4801=CARTESIAN_POINT('Ctrl Pts',(-12.310370866618,-7.16866492812693,9.61109015477276));
#4802=CARTESIAN_POINT('Ctrl Pts',(-12.1711793094558,-7.58806413556345,9.70000010430813));
#4803=CARTESIAN_POINT('Ctrl Pts',(-12.0315401205882,-8.30855565861943,9.70000010430813));
#4804=CARTESIAN_POINT('Ctrl Pts',(-12.0000001788139,-8.6377096359793,9.65003347327864));
#4805=CARTESIAN_POINT('Ctrl Pts',(-12.0000001788139,-8.9513521935944,9.54515901561047));
#4806=CARTESIAN_POINT('',(-12.5758364279289,-6.62180822419729,2.7));
#4807=CARTESIAN_POINT('Origin',(0.,0.,2.7));
#4808=CARTESIAN_POINT('',(-12.5758364279289,-6.62180822419729,4.03530742024056));
#4809=CARTESIAN_POINT('Ctrl Pts',(-12.5758364279289,-6.62180822419729,4.03530742024056));
#4810=CARTESIAN_POINT('Ctrl Pts',(-12.7293218266705,-6.33031574913636,4.18606873278814));
#4811=CARTESIAN_POINT('Ctrl Pts',(-12.8588795082315,-6.05894031072291,4.38930448895912));
#4812=CARTESIAN_POINT('Ctrl Pts',(-13.0712722591067,-5.58699083164351,4.88239337410114));
#4813=CARTESIAN_POINT('Ctrl Pts',(-13.161168524178,-5.36736052112151,5.20958241019021));
#4814=CARTESIAN_POINT('Ctrl Pts',(-13.2771136935229,-5.0737724373983,5.93232245843851));
#4815=CARTESIAN_POINT('Ctrl Pts',(-13.3041348770965,-5.00000011920929,6.32779248674147));
#4816=CARTESIAN_POINT('Ctrl Pts',(-13.3041348770965,-5.00000011920929,7.07220772187479));
#4817=CARTESIAN_POINT('Ctrl Pts',(-13.2771136935229,-5.0737724373983,7.46767775017774));
#4818=CARTESIAN_POINT('Ctrl Pts',(-13.161168524178,-5.36736052112151,8.19041779842605));
#4819=CARTESIAN_POINT('Ctrl Pts',(-13.0712722591067,-5.58699083164351,8.51760683451511));
#4820=CARTESIAN_POINT('Ctrl Pts',(-12.8588795082315,-6.05894031072291,9.01069571965714));
#4821=CARTESIAN_POINT('Ctrl Pts',(-12.7293218266705,-6.33031574913635,9.21393147582812));
#4822=CARTESIAN_POINT('Ctrl Pts',(-12.5758364279289,-6.62180822419729,9.3646927883757));
#4823=CARTESIAN_POINT('',(-12.5758364279289,-6.62180822419729,2.7));
#4824=CARTESIAN_POINT('',(-12.5758364279289,-6.62180822419729,2.7));
#4825=CARTESIAN_POINT('',(-10.356571166215,9.73352144391701,2.7));
#4826=CARTESIAN_POINT('Origin',(0.,0.,2.7));
#4827=CARTESIAN_POINT('',(-10.356571166215,9.73352144391701,4.25155100535259));
#4828=CARTESIAN_POINT('',(-10.356571166215,9.73352144391701,2.7));
#4829=CARTESIAN_POINT('',(-13.3041349666997,4.99999988079071,6.70000010430813));
#4830=CARTESIAN_POINT('Ctrl Pts',(-13.3041349666997,4.99999988079071,6.70000010430813));
#4831=CARTESIAN_POINT('Ctrl Pts',(-13.3041349666997,4.99999988079071,6.3277924863842));
#4832=CARTESIAN_POINT('Ctrl Pts',(-13.2771137845804,5.07377219910134,5.93232245752444));
#4833=CARTESIAN_POINT('Ctrl Pts',(-13.1611686209064,5.36736028392064,5.20958240780721));
#4834=CARTESIAN_POINT('Ctrl Pts',(-13.0712723600591,5.58699059544193,4.88239337080684));
#4835=CARTESIAN_POINT('Ctrl Pts',(-12.831528800071,6.11971524471737,4.32580709612614));
#4836=CARTESIAN_POINT('Ctrl Pts',(-12.6569646418589,6.47996622979547,4.08109817131086));
#4837=CARTESIAN_POINT('Ctrl Pts',(-12.237589028508,7.24086543718091,3.76864143112342));
#4838=CARTESIAN_POINT('Ctrl Pts',(-11.9920099002906,7.64072297623956,3.70000010430813));
#4839=CARTESIAN_POINT('Ctrl Pts',(-11.4646281151245,8.41513966074704,3.70000010430813));
#4840=CARTESIAN_POINT('Ctrl Pts',(-11.1381945588447,8.8430497889014,3.78980628346271));
#4841=CARTESIAN_POINT('Ctrl Pts',(-10.6564333937519,9.40716361643061,4.04338009580156));
#4842=CARTESIAN_POINT('Ctrl Pts',(-10.5044304881056,9.57619754027426,4.1401644221166));
#4843=CARTESIAN_POINT('Ctrl Pts',(-10.356571166215,9.73352144391701,4.25155100535259));
#4844=CARTESIAN_POINT('',(-10.356571166215,9.73352144391701,9.14844920326366));
#4845=CARTESIAN_POINT('Ctrl Pts',(-10.356571166215,9.73352144391701,9.14844920326366));
#4846=CARTESIAN_POINT('Ctrl Pts',(-10.5044304881056,9.57619754027426,9.25983578649966));
#4847=CARTESIAN_POINT('Ctrl Pts',(-10.6564333937519,9.40716361643062,9.35662011281469));
#4848=CARTESIAN_POINT('Ctrl Pts',(-11.1381945588447,8.8430497889014,9.61019392515354));
#4849=CARTESIAN_POINT('Ctrl Pts',(-11.4646281151245,8.41513966074704,9.70000010430813));
#4850=CARTESIAN_POINT('Ctrl Pts',(-11.9920099002906,7.64072297623956,9.70000010430813));
#4851=CARTESIAN_POINT('Ctrl Pts',(-12.237589028508,7.24086543718091,9.63135877749284));
#4852=CARTESIAN_POINT('Ctrl Pts',(-12.6569646418589,6.47996622979547,9.3189020373054));
#4853=CARTESIAN_POINT('Ctrl Pts',(-12.831528800071,6.11971524471737,9.07419311249012));
#4854=CARTESIAN_POINT('Ctrl Pts',(-13.0712723600591,5.58699059544193,8.51760683780942));
#4855=CARTESIAN_POINT('Ctrl Pts',(-13.1611686209064,5.36736028392064,8.19041780080905));
#4856=CARTESIAN_POINT('Ctrl Pts',(-13.2771137845804,5.07377219910134,7.46767775109182));
#4857=CARTESIAN_POINT('Ctrl Pts',(-13.3041349666997,4.99999988079071,7.07220772223206));
#4858=CARTESIAN_POINT('Ctrl Pts',(-13.3041349666997,4.99999988079071,6.70000010430813));
#4859=CARTESIAN_POINT('',(-10.356571166215,9.73352144391701,2.7));
#4860=CARTESIAN_POINT('',(-13.991068773472,-2.50000011920929,6.70000010430813));
#4861=CARTESIAN_POINT('Ctrl Pts',(-13.991068773472,-2.50000011920929,6.70000010430813));
#4862=CARTESIAN_POINT('Ctrl Pts',(-13.991068773472,-2.50000011920929,6.38538471301855));
#4863=CARTESIAN_POINT('Ctrl Pts',(-14.0027792782527,-2.43698986140669,6.05025687279917));
#4864=CARTESIAN_POINT('Ctrl Pts',(-14.0448257011317,-2.18165485330021,5.43450883277275));
#4865=CARTESIAN_POINT('Ctrl Pts',(-14.0745270041426,-1.98936493880703,5.1538310180377));
#4866=CARTESIAN_POINT('Ctrl Pts',(-14.1300820218789,-1.54617657128634,4.71064265038788));
#4867=CARTESIAN_POINT('Ctrl Pts',(-14.1595815242257,-1.26549560352977,4.51834696002766));
#4868=CARTESIAN_POINT('Ctrl Pts',(-14.2011643988208,-0.649736697961063,
4.26300776050663));
#4869=CARTESIAN_POINT('Ctrl Pts',(-14.2126706126984,-0.314605053657399,
4.20000010430813));
#4870=CARTESIAN_POINT('Ctrl Pts',(-14.2126706179759,0.314604814874701,4.20000010430813));
#4871=CARTESIAN_POINT('Ctrl Pts',(-14.2011644097448,0.64973645900984,4.26300776037614));
#4872=CARTESIAN_POINT('Ctrl Pts',(-14.1595815455813,1.2654953644869,4.51834695967839));
#4873=CARTESIAN_POINT('Ctrl Pts',(-14.1300820480222,1.54617633230791,4.71064264995716));
#4874=CARTESIAN_POINT('Ctrl Pts',(-14.0745270378731,1.98936470014542,5.15383101766553));
#4875=CARTESIAN_POINT('Ctrl Pts',(-14.0448257381793,2.18165461478116,5.43450883256794));
#4876=CARTESIAN_POINT('Ctrl Pts',(-14.0027793197402,2.43698962300608,6.05025687280499));
#4877=CARTESIAN_POINT('Ctrl Pts',(-13.9910688160739,2.49999988079071,6.38538471305993));
#4878=CARTESIAN_POINT('Ctrl Pts',(-13.9910688160739,2.49999988079071,7.01461549555633));
#4879=CARTESIAN_POINT('Ctrl Pts',(-14.0027793197402,2.43698962300608,7.34974333581127));
#4880=CARTESIAN_POINT('Ctrl Pts',(-14.0448257381793,2.18165461478116,7.96549137604831));
#4881=CARTESIAN_POINT('Ctrl Pts',(-14.0745270378731,1.98936470014542,8.24616919095073));
#4882=CARTESIAN_POINT('Ctrl Pts',(-14.1300820480222,1.54617633230791,8.6893575586591));
#4883=CARTESIAN_POINT('Ctrl Pts',(-14.1595815455813,1.2654953644869,8.88165324893786));
#4884=CARTESIAN_POINT('Ctrl Pts',(-14.2011644097448,0.64973645900984,9.13699244824012));
#4885=CARTESIAN_POINT('Ctrl Pts',(-14.2126706179759,0.314604814874701,9.20000010430813));
#4886=CARTESIAN_POINT('Ctrl Pts',(-14.2126706126984,-0.314605053657399,
9.20000010430813));
#4887=CARTESIAN_POINT('Ctrl Pts',(-14.2011643988208,-0.649736697961063,
9.13699244810963));
#4888=CARTESIAN_POINT('Ctrl Pts',(-14.1595815242257,-1.26549560352977,8.8816532485886));
#4889=CARTESIAN_POINT('Ctrl Pts',(-14.1300820218789,-1.54617657128634,8.68935755822838));
#4890=CARTESIAN_POINT('Ctrl Pts',(-14.0745270041426,-1.98936493880703,8.24616919057856));
#4891=CARTESIAN_POINT('Ctrl Pts',(-14.0448257011317,-2.18165485330021,7.9654913758435));
#4892=CARTESIAN_POINT('Ctrl Pts',(-14.0027792782527,-2.43698986140669,7.34974333581709));
#4893=CARTESIAN_POINT('Ctrl Pts',(-13.991068773472,-2.50000011920929,7.0146154955977));
#4894=CARTESIAN_POINT('Ctrl Pts',(-13.991068773472,-2.50000011920929,6.70000010430813));
#4895=CARTESIAN_POINT('Origin',(-14.0000001341105,13.1577622876517,2.7));
#4896=CARTESIAN_POINT('Ctrl Pts',(-10.356571166215,9.73352144391701,4.25155100535259));
#4897=CARTESIAN_POINT('Ctrl Pts',(-10.314054483973,9.77875964962997,4.28358001715194));
#4898=CARTESIAN_POINT('Ctrl Pts',(-10.2728125804793,9.82434070712414,4.31774365482543));
#4899=CARTESIAN_POINT('Ctrl Pts',(-10.0969289031936,10.0258327459793,4.47832111173467));
#4900=CARTESIAN_POINT('Ctrl Pts',(-9.98099458623992,10.1790656163558,4.6280039084867));
#4901=CARTESIAN_POINT('Ctrl Pts',(-9.7528820069019,10.5081163748308,5.02473183834572));
#4902=CARTESIAN_POINT('Ctrl Pts',(-9.6482690372246,10.6916230321833,5.32827026521348));
#4903=CARTESIAN_POINT('Ctrl Pts',(-9.51771210543755,10.9377404181264,5.99561230221405));
#4904=CARTESIAN_POINT('Ctrl Pts',(-9.4895609763856,10.9999998807907,6.3591117502333));
#4905=CARTESIAN_POINT('Ctrl Pts',(-9.4895609763856,10.9999998807907,7.04088845838295));
#4906=CARTESIAN_POINT('Ctrl Pts',(-9.51771210543755,10.9377404181264,7.4043879064022));
#4907=CARTESIAN_POINT('Ctrl Pts',(-9.6482690372246,10.6916230321833,8.07172994340277));
#4908=CARTESIAN_POINT('Ctrl Pts',(-9.7528820069019,10.5081163748308,8.37526837027054));
#4909=CARTESIAN_POINT('Ctrl Pts',(-9.98099458623992,10.1790656163558,8.77199630012955));
#4910=CARTESIAN_POINT('Ctrl Pts',(-10.0969289031936,10.0258327459793,8.92167909688159));
#4911=CARTESIAN_POINT('Ctrl Pts',(-10.2728125804793,9.82434070712414,9.08225655379083));
#4912=CARTESIAN_POINT('Ctrl Pts',(-10.314054483973,9.77875964962997,9.11642019146431));
#4913=CARTESIAN_POINT('Ctrl Pts',(-10.356571166215,9.73352144391701,9.14844920326366));
#4914=CARTESIAN_POINT('',(-9.00000013411045,13.1577622876517,2.7));
#4915=CARTESIAN_POINT('Origin',(-14.0000001341105,13.1577622876517,2.7));
#4916=CARTESIAN_POINT('',(-9.00000013411045,13.1577622876517,5.73995559276339));
#4917=CARTESIAN_POINT('',(-9.00000013411045,13.1577622876517,2.7));
#4918=CARTESIAN_POINT('',(-9.00248965158203,12.9999998807907,6.70000010430813));
#4919=CARTESIAN_POINT('Ctrl Pts',(-9.00248965158203,12.9999998807907,6.70000010430813));
#4920=CARTESIAN_POINT('Ctrl Pts',(-9.00248965158203,12.9999998807907,6.41537092544653));
#4921=CARTESIAN_POINT('Ctrl Pts',(-9.00049552258242,13.0431124271139,6.10766368620554));
#4922=CARTESIAN_POINT('Ctrl Pts',(-9.0000211396767,13.1413392357239,5.78964614330627));
#4923=CARTESIAN_POINT('Ctrl Pts',(-9.00000013411045,13.1493906661487,5.76474000334546));
#4924=CARTESIAN_POINT('Ctrl Pts',(-9.00000013411045,13.1577622876517,5.73995559276339));
#4925=CARTESIAN_POINT('',(-9.00000013411045,13.1577622876517,7.66004461585287));
#4926=CARTESIAN_POINT('Ctrl Pts',(-9.00000013411045,13.1577622876517,7.66004461585287));
#4927=CARTESIAN_POINT('Ctrl Pts',(-9.00000013411045,13.1493906661487,7.6352602052708));
#4928=CARTESIAN_POINT('Ctrl Pts',(-9.0000211396767,13.1413392357239,7.61035406530998));
#4929=CARTESIAN_POINT('Ctrl Pts',(-9.00049552258242,13.0431124271139,7.29233652241072));
#4930=CARTESIAN_POINT('Ctrl Pts',(-9.00248965158203,12.9999998807907,6.98462928316973));
#4931=CARTESIAN_POINT('Ctrl Pts',(-9.00248965158203,12.9999998807907,6.70000010430813));
#4932=CARTESIAN_POINT('',(-9.00000013411045,13.1577622876517,2.7));
#4933=CARTESIAN_POINT('Origin',(-9.00000013411045,18.0000002980232,2.7));
#4934=CARTESIAN_POINT('',(-9.00000013411045,17.0000000149012,9.52842718163911));
#4935=CARTESIAN_POINT('Origin',(-9.00000013411045,15.9999998807907,6.70000010430813));
#4936=CARTESIAN_POINT('',(-9.00000013411045,18.0000002980232,9.52842718163911));
#4937=CARTESIAN_POINT('',(-9.00000013411045,28.0000004172325,9.52842718163911));
#4938=CARTESIAN_POINT('',(-9.00000013411045,18.0000002980232,2.7));
#4939=CARTESIAN_POINT('Origin',(-7.00000013411045,18.0000002980232,2.7));
#4940=CARTESIAN_POINT('',(-7.00000013411045,20.0000002980232,9.52842727646952));
#4941=CARTESIAN_POINT('Ctrl Pts',(-7.00000013411045,20.0000002980232,9.52842727646952));
#4942=CARTESIAN_POINT('Ctrl Pts',(-7.23776979407722,20.0000002980232,9.61249153324785));
#4943=CARTESIAN_POINT('Ctrl Pts',(-7.50056844580642,19.9543080656534,9.66836175818534));
#4944=CARTESIAN_POINT('Ctrl Pts',(-7.99115116277746,19.7571307165397,9.71007060641479));
#4945=CARTESIAN_POINT('Ctrl Pts',(-8.21874719790229,19.6055154334196,9.69749020172338));
#4946=CARTESIAN_POINT('Ctrl Pts',(-8.58079361475785,19.2515100066032,9.649000061544));
#4947=CARTESIAN_POINT('Ctrl Pts',(-8.73814415758522,19.0255178405494,9.60982352807418));
#4948=CARTESIAN_POINT('Ctrl Pts',(-8.94778925942808,18.5281548002474,9.54844278358211));
#4949=CARTESIAN_POINT('Ctrl Pts',(-9.00000013411045,18.2564810078891,9.52842718163911));
#4950=CARTESIAN_POINT('Ctrl Pts',(-9.00000013411045,18.0000002980232,9.52842718163911));
#4951=CARTESIAN_POINT('',(-7.00000013411045,20.0000002980232,2.7));
#4952=CARTESIAN_POINT('Origin',(-8.,26.5000004172325,6.70000010430813));
#4953=CARTESIAN_POINT('',(-10.5,21.5000004172325,6.70000010430813));
#4954=CARTESIAN_POINT('Origin',(-8.,21.5000004172325,6.70000010430813));
#4955=CARTESIAN_POINT('',(-10.5,26.5000004172325,6.70000010430813));
#4956=CARTESIAN_POINT('',(-10.5,26.5000004172325,6.70000010430813));
#4957=CARTESIAN_POINT('Origin',(-8.,26.5000004172325,6.70000010430813));
#4958=CARTESIAN_POINT('Origin',(-8.,26.5000004172325,6.70000010430813));
#4959=CARTESIAN_POINT('Origin',(-8.,21.5000004172325,6.70000010430813));
#4960=CARTESIAN_POINT('',(-11.,21.5000004172325,6.70000010430813));
#4961=CARTESIAN_POINT('Origin',(-8.,21.5000004172325,6.70000010430813));
#4962=CARTESIAN_POINT('Origin',(-8.,28.0000004172325,6.70000010430813));
#4963=CARTESIAN_POINT('',(-11.,18.9999998807907,6.70000010430813));
#4964=CARTESIAN_POINT('',(-11.,28.0000004172325,6.70000010430813));
#4965=CARTESIAN_POINT('',(-9.00000013411045,17.0000000149012,3.87157302697715));
#4966=CARTESIAN_POINT('Origin',(-8.,15.9999998807907,6.70000010430813));
#4967=CARTESIAN_POINT('',(-9.00000013411045,18.0000002980232,3.87157302697715));
#4968=CARTESIAN_POINT('',(-9.00000013411045,28.0000004172325,3.87157302697715));
#4969=CARTESIAN_POINT('',(-7.00000013411045,20.0000002980232,3.87157293214674));
#4970=CARTESIAN_POINT('Ctrl Pts',(-9.00000013411045,18.0000002980232,3.87157302697715));
#4971=CARTESIAN_POINT('Ctrl Pts',(-9.00000013411045,18.2564810078891,3.87157302697715));
#4972=CARTESIAN_POINT('Ctrl Pts',(-8.94778925942808,18.5281548002474,3.85155742503414));
#4973=CARTESIAN_POINT('Ctrl Pts',(-8.73814415758522,19.0255178405494,3.79017668054208));
#4974=CARTESIAN_POINT('Ctrl Pts',(-8.58079361475785,19.2515100066032,3.75100014707226));
#4975=CARTESIAN_POINT('Ctrl Pts',(-8.21874719790229,19.6055154334196,3.70251000689288));
#4976=CARTESIAN_POINT('Ctrl Pts',(-7.99115116277746,19.7571307165397,3.68992960220147));
#4977=CARTESIAN_POINT('Ctrl Pts',(-7.50056844580643,19.9543080656534,3.73163845043092));
#4978=CARTESIAN_POINT('Ctrl Pts',(-7.23776979407722,20.0000002980232,3.78750867536841));
#4979=CARTESIAN_POINT('Ctrl Pts',(-7.00000013411045,20.0000002980232,3.87157293214674));
#4980=CARTESIAN_POINT('Origin',(-8.,20.0000002980232,6.70000010430813));
#4981=CARTESIAN_POINT('Origin',(-8.,15.9999998807907,6.70000010430813));
#4982=CARTESIAN_POINT('Origin',(-13.5000002980232,15.9999998807907,6.70000010430813));
#4983=CARTESIAN_POINT('',(-13.5000002980232,12.9999998807907,6.70000010430813));
#4984=CARTESIAN_POINT('Origin',(-13.5000002980232,15.9999998807907,6.70000010430813));
#4985=CARTESIAN_POINT('',(-13.5000002980232,12.9999998807907,6.70000010430813));
#4986=CARTESIAN_POINT('Origin',(-9.00000013411045,15.9999998807907,6.70000010430813));
#4987=CARTESIAN_POINT('Origin',(-9.00000013411045,18.0000002980232,2.7));
#4988=CARTESIAN_POINT('',(-9.00000013411045,18.0000002980232,2.7));
#4989=CARTESIAN_POINT('',(-9.00000013411045,18.0000002980232,2.7));
#4990=CARTESIAN_POINT('',(-9.00000013411045,18.0000002980232,2.7));
#4991=CARTESIAN_POINT('Origin',(-7.00000013411045,18.0000002980232,2.7));
#4992=CARTESIAN_POINT('',(-7.00000013411045,20.0000002980232,2.7));
#4993=CARTESIAN_POINT('Origin',(-7.00000013411045,18.0000002980232,2.7));
#4994=CARTESIAN_POINT('',(-7.00000013411045,20.0000002980232,2.7));
#4995=CARTESIAN_POINT('Origin',(-13.5000002980232,7.99999988079071,6.70000010430813));
#4996=CARTESIAN_POINT('',(-13.5000002980232,4.99999988079071,6.70000010430813));
#4997=CARTESIAN_POINT('Origin',(-13.5000002980232,7.99999988079071,6.70000010430813));
#4998=CARTESIAN_POINT('',(-13.5000002980232,4.99999988079071,6.70000010430813));
#4999=CARTESIAN_POINT('Origin',(-13.5000002980232,7.99999988079071,6.70000010430813));
#5000=CARTESIAN_POINT('',(-13.5000002980232,5.49999988079071,6.70000010430813));
#5001=CARTESIAN_POINT('Origin',(-13.5000002980232,7.99999988079071,6.70000010430813));
#5002=CARTESIAN_POINT('Origin',(-13.5000002980232,-8.00000011920929,6.70000010430813));
#5003=CARTESIAN_POINT('',(-13.5000002980232,-11.0000001192093,6.70000010430813));
#5004=CARTESIAN_POINT('Origin',(-13.5000002980232,-8.00000011920929,6.70000010430813));
#5005=CARTESIAN_POINT('',(-13.5000002980232,-11.0000001192093,6.70000010430813));
#5006=CARTESIAN_POINT('Ctrl Pts',(-12.0000001788139,-8.9513521935944,3.85484119300578));
#5007=CARTESIAN_POINT('Ctrl Pts',(-12.0000001788139,-8.6377096359793,3.74996673533762));
#5008=CARTESIAN_POINT('Ctrl Pts',(-12.0315401205882,-8.30855565861943,3.70000010430813));
#5009=CARTESIAN_POINT('Ctrl Pts',(-12.1711793094558,-7.58806413556345,3.70000010430813));
#5010=CARTESIAN_POINT('Ctrl Pts',(-12.310370866618,-7.16866492812692,3.78891005384349));
#5011=CARTESIAN_POINT('Ctrl Pts',(-12.5167058945101,-6.73676912821585,3.97815766465567));
#5012=CARTESIAN_POINT('Ctrl Pts',(-12.545899672233,-6.67866274641645,4.00590198741683));
#5013=CARTESIAN_POINT('Ctrl Pts',(-12.5758364279289,-6.62180822419729,4.03530742024056));
#5014=CARTESIAN_POINT('Origin',(-13.5000002980232,-8.00000011920929,6.70000010430813));
#5015=CARTESIAN_POINT('',(-13.5000002980232,-10.5000001192093,6.70000010430813));
#5016=CARTESIAN_POINT('Origin',(-13.5000002980232,-8.00000011920929,6.70000010430813));
#5017=CARTESIAN_POINT('Origin',(-13.5000002980232,15.9999998807907,6.70000010430813));
#5018=CARTESIAN_POINT('',(-13.5000002980232,13.4999998807907,6.70000010430813));
#5019=CARTESIAN_POINT('Origin',(-13.5000002980232,15.9999998807907,6.70000010430813));
#5020=CARTESIAN_POINT('Origin',(-17.0000001788139,-8.9513521935944,2.7));
#5021=CARTESIAN_POINT('Origin',(-17.0000001788139,-8.9513521935944,2.7));
#5022=CARTESIAN_POINT('Origin',(-18.5000002980232,-1.19209287996469E-7,
6.70000010430813));
#5023=CARTESIAN_POINT('',(-18.5000002980232,-2.50000011920929,6.70000010430813));
#5024=CARTESIAN_POINT('Origin',(-18.5000002980232,-1.19209287996469E-7,
6.70000010430813));
#5025=CARTESIAN_POINT('Origin',(-18.5000002980232,7.99999988079071,6.70000010430813));
#5026=CARTESIAN_POINT('',(-18.5000002980232,5.49999988079071,6.70000010430813));
#5027=CARTESIAN_POINT('Origin',(-18.5000002980232,7.99999988079071,6.70000010430813));
#5028=CARTESIAN_POINT('Origin',(-18.5000002980232,-8.00000011920929,6.70000010430813));
#5029=CARTESIAN_POINT('',(-18.5000002980232,-10.5000001192093,6.70000010430813));
#5030=CARTESIAN_POINT('Origin',(-18.5000002980232,-8.00000011920929,6.70000010430813));
#5031=CARTESIAN_POINT('Origin',(-18.5000002980232,15.9999998807907,6.70000010430813));
#5032=CARTESIAN_POINT('',(-18.5000002980232,13.4999998807907,6.70000010430813));
#5033=CARTESIAN_POINT('Origin',(-18.5000002980232,15.9999998807907,6.70000010430813));
#5034=CARTESIAN_POINT('Origin',(-20.0000002980232,-1.19209287996469E-7,
6.70000010430813));
#5035=CARTESIAN_POINT('',(-20.0000002980232,-2.50000011920929,6.70000010430813));
#5036=CARTESIAN_POINT('Origin',(-20.0000002980232,7.99999988079071,6.70000010430813));
#5037=CARTESIAN_POINT('',(-20.0000002980232,5.49999988079071,6.70000010430813));
#5038=CARTESIAN_POINT('Origin',(-20.0000002980232,-8.00000011920929,6.70000010430813));
#5039=CARTESIAN_POINT('',(-20.0000002980232,-10.5000001192093,6.70000010430813));
#5040=CARTESIAN_POINT('Origin',(-20.0000002980232,15.9999998807907,6.70000010430813));
#5041=CARTESIAN_POINT('',(-20.0000002980232,13.4999998807907,6.70000010430813));
#5042=CARTESIAN_POINT('Origin',(-16.0000002980232,24.0000004172325,4.2));
#5043=CARTESIAN_POINT('',(-13.5000002980232,24.0000004172325,9.2));
#5044=CARTESIAN_POINT('Origin',(-16.0000002980232,24.0000004172325,9.2));
#5045=CARTESIAN_POINT('',(-13.5000002980232,24.0000004172325,4.2));
#5046=CARTESIAN_POINT('',(-13.5000002980232,24.0000004172325,4.2));
#5047=CARTESIAN_POINT('Origin',(-16.0000002980232,24.0000004172325,4.2));
#5048=CARTESIAN_POINT('Origin',(-16.0000002980232,24.0000004172325,9.2));
#5049=CARTESIAN_POINT('Origin',(-16.0000002980232,24.0000004172325,4.2));
#5050=CARTESIAN_POINT('',(-13.0000002980232,24.0000004172325,4.2));
#5051=CARTESIAN_POINT('Origin',(-16.0000002980232,24.0000004172325,4.2));
#5052=CARTESIAN_POINT('Origin',(-16.0000002980232,24.0000004172325,2.7));
#5053=CARTESIAN_POINT('',(-13.0000002980232,24.0000004172325,2.7));
#5054=CARTESIAN_POINT('',(-13.0000002980232,24.0000004172325,2.7));
#5055=CARTESIAN_POINT('',(-13.0287469867549,23.5856892295041,2.7));
#5056=CARTESIAN_POINT('Origin',(-16.0000002980232,24.0000004172325,2.7));
#5057=CARTESIAN_POINT('',(-18.0151621098287,21.7775866681208,2.7));
#5058=CARTESIAN_POINT('Origin',(-16.0000002980232,24.0000004172325,2.7));
#5059=CARTESIAN_POINT('Origin',(-16.0000002980232,24.0000004172325,2.7));
#5060=CARTESIAN_POINT('Origin',(-10.0000001490116,8.00000011920929,2.7));
#5061=CARTESIAN_POINT('',(-16.5877135382947,24.2500001192093,2.7));
#5062=CARTESIAN_POINT('',(-18.1754267785662,21.5000001192093,2.7));
#5063=CARTESIAN_POINT('',(-13.4122870577518,24.2500001192093,2.7));
#5064=CARTESIAN_POINT('',(-16.5877135382947,24.2500001192093,2.7));
#5065=CARTESIAN_POINT('',(-13.4122870577518,24.2500001192093,2.7));
#5066=CARTESIAN_POINT('Origin',(-16.5877135382947,-8.24999988079071,0.));
#5067=CARTESIAN_POINT('',(-16.5877135382947,-8.24999988079071,0.));
#5068=CARTESIAN_POINT('',(-13.2938568436532,-8.24999988079071,0.));
#5069=CARTESIAN_POINT('',(-16.5877135382947,-8.24999988079071,2.7));
#5070=CARTESIAN_POINT('',(-16.5877135382947,-8.24999988079071,0.));
#5071=CARTESIAN_POINT('',(-13.4122870577518,-8.24999988079071,2.7));
#5072=CARTESIAN_POINT('Origin',(-18.1754267785662,-5.49999988079071,0.));
#5073=CARTESIAN_POINT('',(-18.1754267785662,-5.49999988079071,0.));
#5074=CARTESIAN_POINT('',(-20.0763341876443,-2.20753166778322,0.));
#5075=CARTESIAN_POINT('',(-18.1754267785662,-5.49999988079071,2.7));
#5076=CARTESIAN_POINT('',(-18.1754267785662,-5.49999988079071,0.));
#5077=CARTESIAN_POINT('',(-16.5877135382947,-8.24999988079071,2.7));
#5078=CARTESIAN_POINT('Origin',(-15.9347828861991,-1.61909081754211,0.));
#5079=CARTESIAN_POINT('',(-15.9347828861991,-1.61909081754211,0.));
#5080=CARTESIAN_POINT('',(-13.1103407659158,3.2729864378261,0.));
#5081=CARTESIAN_POINT('',(-15.9347828861991,-1.61909081754211,2.7));
#5082=CARTESIAN_POINT('',(-15.9347828861991,-1.61909081754211,0.));
#5083=CARTESIAN_POINT('',(-16.5877135382947,-2.74999988079071,2.7));
#5084=CARTESIAN_POINT('Origin',(-18.1754267785662,21.5000001192093,0.));
#5085=CARTESIAN_POINT('',(-15.9347828861991,17.6190910559607,0.));
#5086=CARTESIAN_POINT('',(-18.1754267785662,21.5000001192093,0.));
#5087=CARTESIAN_POINT('',(-14.2306627120994,14.6674683322168,0.));
#5088=CARTESIAN_POINT('',(-18.1754267785662,21.5000001192093,2.7));
#5089=CARTESIAN_POINT('',(-18.1754267785662,21.5000001192093,0.));
#5090=CARTESIAN_POINT('',(-15.9347828861991,17.6190910559607,2.7));
#5091=CARTESIAN_POINT('',(-16.5877135382947,18.7500001192093,2.7));
#5092=CARTESIAN_POINT('',(-15.9347828861991,17.6190910559607,0.));
#5093=CARTESIAN_POINT('Origin',(-16.5877135382947,24.2500001192093,0.));
#5094=CARTESIAN_POINT('',(-16.5877135382947,24.2500001192093,0.));
#5095=CARTESIAN_POINT('',(-19.2824775675086,19.5825319062018,0.));
#5096=CARTESIAN_POINT('',(-16.5877135382947,24.2500001192093,0.));
#5097=CARTESIAN_POINT('',(-18.1754267785662,21.5000001192093,2.7));
#5098=CARTESIAN_POINT('Origin',(-13.4122870577518,24.2500001192093,0.));
#5099=CARTESIAN_POINT('',(-13.4122870577518,24.2500001192093,0.));
#5100=CARTESIAN_POINT('',(-11.7061436033817,24.2500001192093,0.));
#5101=CARTESIAN_POINT('',(-13.4122870577518,24.2500001192093,0.));
#5102=CARTESIAN_POINT('Origin',(-12.1835984722809,22.1218490624938,0.));
#5103=CARTESIAN_POINT('',(-12.1835984722809,22.1218490624938,0.));
#5104=CARTESIAN_POINT('',(-8.85317869854952,16.353392803859,0.));
#5105=CARTESIAN_POINT('',(-12.1835984722809,22.1218490624938,2.7));
#5106=CARTESIAN_POINT('',(-12.1835984722809,22.1218490624938,0.));
#5107=CARTESIAN_POINT('',(-13.4122870577518,24.2500001192093,2.7));
#5108=CARTESIAN_POINT('Origin',(-10.0000001490116,8.00000011920929,0.));
#5109=CARTESIAN_POINT('',(-14.4444447424677,19.0625100116004,0.));
#5110=CARTESIAN_POINT('Origin',(-14.0000002980232,17.1125179255132,0.));
#5111=CARTESIAN_POINT('',(-12.5154803045124,21.222222507,0.));
#5112=CARTESIAN_POINT('Origin',(-15.0000002980232,21.5000001192093,0.));
#5113=CARTESIAN_POINT('Origin',(-10.5278643097036,21.0000004172325,0.));
#5114=CARTESIAN_POINT('',(-13.4000002980232,21.5000001192093,0.));
#5115=CARTESIAN_POINT('Origin',(-15.0000002980232,21.5000001192093,0.));
#5116=CARTESIAN_POINT('Origin',(-15.0000002980232,21.5000001192093,0.));
#5117=CARTESIAN_POINT('',(-13.4000002980232,21.5000001192093,-1.3));
#5118=CARTESIAN_POINT('Origin',(-15.0000002980232,21.5000001192093,-1.3));
#5119=CARTESIAN_POINT('',(-13.4000002980232,21.5000001192093,0.));
#5120=CARTESIAN_POINT('Origin',(-15.0000002980232,-5.49999988079071,0.));
#5121=CARTESIAN_POINT('',(-13.4000002980232,-5.49999988079071,-1.3));
#5122=CARTESIAN_POINT('Origin',(-15.0000002980232,-5.49999988079071,-1.3));
#5123=CARTESIAN_POINT('',(-13.4000002980232,-5.49999988079071,0.));
#5124=CARTESIAN_POINT('',(-13.4000002980232,-5.49999988079071,0.));
#5125=CARTESIAN_POINT('Origin',(-15.0000002980232,-5.49999988079071,0.));
#5126=CARTESIAN_POINT('Origin',(-10.5278643097036,21.0000004172325,0.));
#5127=CARTESIAN_POINT('',(-12.5154803045124,21.222222507,-1.3));
#5128=CARTESIAN_POINT('',(-12.5154803045124,21.222222507,0.));
#5129=CARTESIAN_POINT('',(-10.5278643097036,23.0000004172325,-1.3));
#5130=CARTESIAN_POINT('Origin',(-10.5278643097036,21.0000004172325,-1.3));
#5131=CARTESIAN_POINT('',(-10.5278643097036,23.0000004172325,2.7));
#5132=CARTESIAN_POINT('',(-10.5278643097036,23.0000004172325,0.));
#5133=CARTESIAN_POINT('Origin',(-10.5278643097036,21.0000004172325,2.7));
#5134=CARTESIAN_POINT('Origin',(-15.0000002980232,21.5000001192093,0.));
#5135=CARTESIAN_POINT('',(-14.4444447424677,19.0625100116004,-1.3));
#5136=CARTESIAN_POINT('',(-14.4444447424677,19.0625100116004,0.));
#5137=CARTESIAN_POINT('Origin',(-15.0000002980232,21.5000001192093,-1.3));
#5138=CARTESIAN_POINT('Origin',(-14.0000002980232,17.1125179255132,0.));
#5139=CARTESIAN_POINT('',(-16.0000002980232,17.1125179255132,2.7));
#5140=CARTESIAN_POINT('Origin',(-14.0000002980232,17.1125179255132,2.7));
#5141=CARTESIAN_POINT('',(-16.0000002980232,17.1125179255132,-1.3));
#5142=CARTESIAN_POINT('',(-16.0000002980232,17.1125179255132,0.));
#5143=CARTESIAN_POINT('Origin',(-14.0000002980232,17.1125179255132,-1.3));
#5144=CARTESIAN_POINT('Origin',(-16.0000002980232,-1.11251768709465,0.));
#5145=CARTESIAN_POINT('',(-16.0000002980232,-1.11251768709465,2.7));
#5146=CARTESIAN_POINT('',(-16.0000002980232,-1.11251768709465,2.7));
#5147=CARTESIAN_POINT('',(-16.0000002980232,-1.11251768709465,-1.3));
#5148=CARTESIAN_POINT('',(-16.0000002980232,-1.11251768709465,0.));
#5149=CARTESIAN_POINT('',(-16.0000002980232,-1.11251768709465,-1.3));
#5150=CARTESIAN_POINT('Origin',(-14.0000002980232,-1.11251768709465,0.));
#5151=CARTESIAN_POINT('',(-14.4444447424677,-3.06250977318178,0.));
#5152=CARTESIAN_POINT('Origin',(-14.0000002980232,-1.11251768709465,0.));
#5153=CARTESIAN_POINT('',(-14.4444447424677,-3.06250977318178,-1.3));
#5154=CARTESIAN_POINT('',(-14.4444447424677,-3.06250977318178,0.));
#5155=CARTESIAN_POINT('Origin',(-14.0000002980232,-1.11251768709465,-1.3));
#5156=CARTESIAN_POINT('Origin',(-14.0000002980232,-1.11251768709465,2.7));
#5157=CARTESIAN_POINT('Origin',(-15.0000002980232,-5.49999988079071,0.));
#5158=CARTESIAN_POINT('',(-12.5000002980232,-5.50000004635917,0.));
#5159=CARTESIAN_POINT('Origin',(-15.0000002980232,-5.49999988079071,0.));
#5160=CARTESIAN_POINT('',(-12.5000002980232,-5.50000004635917,-1.3));
#5161=CARTESIAN_POINT('',(-12.5000002980232,-5.50000004635917,0.));
#5162=CARTESIAN_POINT('Origin',(-15.0000002980232,-5.49999988079071,-1.3));
#5163=CARTESIAN_POINT('Origin',(-10.5000002980232,-5.50000017881394,0.));
#5164=CARTESIAN_POINT('',(-10.5000002980232,-7.50000017881393,0.));
#5165=CARTESIAN_POINT('Origin',(-10.5000002980232,-5.50000017881394,0.));
#5166=CARTESIAN_POINT('',(-10.5000002980232,-7.50000017881393,-1.3));
#5167=CARTESIAN_POINT('',(-10.5000002980232,-7.50000017881393,0.));
#5168=CARTESIAN_POINT('Origin',(-10.5000002980232,-5.50000017881394,-1.3));
#5169=CARTESIAN_POINT('Origin',(-16.0000002980232,24.0000004172325,0.));
#5170=CARTESIAN_POINT('',(-16.0000002980232,28.0000004172325,-1.3));
#5171=CARTESIAN_POINT('',(-16.0000002980232,28.0000004172325,0.));
#5172=CARTESIAN_POINT('Origin',(-16.0000002980232,24.0000004172325,-1.3));
#5173=CARTESIAN_POINT('Origin',(0.,27.5000004172325,6.70000010430813));
#5174=CARTESIAN_POINT('',(0.,28.0000004172325,10.2));
#5175=CARTESIAN_POINT('Origin',(0.,28.0000004172325,6.70000010430813));
#5176=CARTESIAN_POINT('',(0.,27.5000004172325,9.70000010430813));
#5177=CARTESIAN_POINT('Origin',(-4.28626379701574E-16,27.5000004172325,
10.2000001043081));
#5178=CARTESIAN_POINT('',(3.,27.5000004172325,6.70000010430813));
#5179=CARTESIAN_POINT('Origin',(0.,27.5000004172325,6.70000010430813));
#5180=CARTESIAN_POINT('Origin',(0.,27.5000004172325,6.70000010430813));
#5181=CARTESIAN_POINT('Origin',(0.,28.0000004172325,6.70000010430813));
#5182=CARTESIAN_POINT('',(3.,26.5000004172325,6.70000010430813));
#5183=CARTESIAN_POINT('',(3.,28.0000004172325,6.70000010430813));
#5184=CARTESIAN_POINT('Origin',(0.,26.5000004172325,6.70000010430813));
#5185=CARTESIAN_POINT('Origin',(8.,27.5000004172325,6.70000010430813));
#5186=CARTESIAN_POINT('',(8.,28.0000004172325,10.2));
#5187=CARTESIAN_POINT('Origin',(8.,28.0000004172325,6.70000010430813));
#5188=CARTESIAN_POINT('',(8.,27.5000004172325,9.70000010430813));
#5189=CARTESIAN_POINT('Origin',(8.,27.5000004172325,10.2000001043081));
#5190=CARTESIAN_POINT('',(11.,27.5000004172325,6.70000010430813));
#5191=CARTESIAN_POINT('Origin',(8.,27.5000004172325,6.70000010430813));
#5192=CARTESIAN_POINT('Origin',(8.,27.5000004172325,6.70000010430813));
#5193=CARTESIAN_POINT('Origin',(0.,28.0000004172325,0.));
#5194=CARTESIAN_POINT('',(5.00000007450581,28.0000004172325,10.2));
#5195=CARTESIAN_POINT('',(16.0000002980232,28.0000004172325,10.2));
#5196=CARTESIAN_POINT('',(5.00000007450581,28.0000004172325,10.2));
#5197=CARTESIAN_POINT('',(16.0000002980232,28.0000004172325,-1.3));
#5198=CARTESIAN_POINT('',(16.0000002980232,28.0000004172325,0.));
#5199=CARTESIAN_POINT('',(-16.0000002980232,28.0000004172325,-1.3));
#5200=CARTESIAN_POINT('',(-5.00000007450581,28.0000004172325,10.2));
#5201=CARTESIAN_POINT('',(-5.00000007450581,28.0000004172325,10.2));
#5202=CARTESIAN_POINT('Origin',(8.,28.0000004172325,6.70000010430813));
#5203=CARTESIAN_POINT('',(11.,26.5000004172325,6.70000010430813));
#5204=CARTESIAN_POINT('',(11.,28.0000004172325,6.70000010430813));
#5205=CARTESIAN_POINT('Origin',(8.,26.5000004172325,6.70000010430813));
#5206=CARTESIAN_POINT('Origin',(10.0000001490116,8.00000011920929,10.7));
#5207=CARTESIAN_POINT('',(16.0000002980232,27.5000004172325,10.7));
#5208=CARTESIAN_POINT('',(12.5000002980232,24.0000004172325,10.7));
#5209=CARTESIAN_POINT('Origin',(16.0000002980232,24.0000004172325,10.7));
#5210=CARTESIAN_POINT('',(-5.00000007450581,27.5000004172325,10.7));
#5211=CARTESIAN_POINT('',(7.00000013411045,20.5000002980232,10.7));
#5212=CARTESIAN_POINT('',(5.00000007450581,20.5000002980232,10.7));
#5213=CARTESIAN_POINT('',(9.50000013411045,18.0000002980232,10.7));
#5214=CARTESIAN_POINT('Origin',(7.00000013411045,18.0000002980232,10.7));
#5215=CARTESIAN_POINT('',(9.50000013411045,13.1577622876517,10.7));
#5216=CARTESIAN_POINT('',(9.50000013411045,13.0000002086163,10.7));
#5217=CARTESIAN_POINT('',(10.7209140630046,10.0759455282905,10.7));
#5218=CARTESIAN_POINT('Origin',(14.0000001341105,13.1577622876517,10.7));
#5219=CARTESIAN_POINT('',(13.0182528030174,-6.854762621137,10.7));
#5220=CARTESIAN_POINT('Origin',(0.,0.,10.7));
#5221=CARTESIAN_POINT('',(12.5000001788139,-8.9513521935944,10.7));
#5222=CARTESIAN_POINT('Origin',(17.0000001788139,-8.9513521935944,10.7));
#5223=CARTESIAN_POINT('',(12.5000001788139,-11.5000001788139,10.7));
#5224=CARTESIAN_POINT('',(12.5000001788139,-0.475676037192555,10.7));
#5225=CARTESIAN_POINT('',(19.5000002980232,-11.5000001788139,10.7));
#5226=CARTESIAN_POINT('',(15.0000002235174,-11.5000001788139,10.7));
#5227=CARTESIAN_POINT('',(19.5000002980232,24.0000004172325,10.7));
#5228=CARTESIAN_POINT('',(19.5000002980232,16.0000002682209,10.7));
#5229=CARTESIAN_POINT('Origin',(16.0000002980232,24.0000004172325,10.7));
#5230=CARTESIAN_POINT('Origin',(16.0000002980232,24.0000004172325,2.7));
#5231=CARTESIAN_POINT('',(13.0000002980232,24.0000004172325,10.2));
#5232=CARTESIAN_POINT('Origin',(16.0000002980232,24.0000004172325,10.2));
#5233=CARTESIAN_POINT('',(13.0000002980232,24.0000004172325,9.2));
#5234=CARTESIAN_POINT('',(13.0000002980232,24.0000004172325,2.7));
#5235=CARTESIAN_POINT('Origin',(16.0000002980232,24.0000004172325,9.2));
#5236=CARTESIAN_POINT('Origin',(19.5000002980232,15.9999998807907,6.70000010430813));
#5237=CARTESIAN_POINT('',(20.0000002980232,15.9999998807907,10.2));
#5238=CARTESIAN_POINT('',(20.0000002980232,15.9999998807907,3.20000010430813));
#5239=CARTESIAN_POINT('Origin',(20.0000002980232,15.9999998807907,6.70000010430813));
#5240=CARTESIAN_POINT('',(19.5000002980232,15.9999998807907,3.70000010430813));
#5241=CARTESIAN_POINT('Origin',(19.5000002980232,15.9999998807907,3.20000010430813));
#5242=CARTESIAN_POINT('',(19.5000002980232,12.9999998807907,6.70000010430813));
#5243=CARTESIAN_POINT('Origin',(19.5000002980232,15.9999998807907,6.70000010430813));
#5244=CARTESIAN_POINT('Origin',(19.5000002980232,15.9999998807907,6.70000010430813));
#5245=CARTESIAN_POINT('Origin',(20.0000002980232,15.9999998807907,6.70000010430813));
#5246=CARTESIAN_POINT('Origin',(20.0000002980232,24.0000004172325,0.));
#5247=CARTESIAN_POINT('',(20.0000002980232,-11.5000001788139,6.70000010430813));
#5248=CARTESIAN_POINT('',(20.0000002980232,-8.00000011920929,3.20000010430813));
#5249=CARTESIAN_POINT('Origin',(20.0000002980232,-8.00000011920929,6.70000010430813));
#5250=CARTESIAN_POINT('',(20.0000002980232,-11.5000001788139,-1.3));
#5251=CARTESIAN_POINT('',(20.0000002980232,-11.5000001788139,0.));
#5252=CARTESIAN_POINT('',(20.0000002980232,24.0000004172325,-1.3));
#5253=CARTESIAN_POINT('',(20.0000002980232,-12.0000001788139,-1.3));
#5254=CARTESIAN_POINT('',(20.0000002980232,24.0000004172325,10.2));
#5255=CARTESIAN_POINT('',(20.0000002980232,24.0000004172325,0.));
#5256=CARTESIAN_POINT('',(20.0000002980232,16.0000002682209,10.2));
#5257=CARTESIAN_POINT('',(20.0000002980232,7.99999988079071,10.2));
#5258=CARTESIAN_POINT('',(20.0000002980232,16.0000002682209,10.2));
#5259=CARTESIAN_POINT('',(20.0000002980232,7.99999988079071,3.20000010430813));
#5260=CARTESIAN_POINT('Origin',(20.0000002980232,7.99999988079071,6.70000010430813));
#5261=CARTESIAN_POINT('Origin',(20.0000002980232,7.99999988079071,6.70000010430813));
#5262=CARTESIAN_POINT('',(20.0000002980232,-1.19209287996469E-7,10.2));
#5263=CARTESIAN_POINT('',(20.0000002980232,16.0000002682209,10.2));
#5264=CARTESIAN_POINT('',(20.0000002980232,-1.19209288425095E-7,3.20000010430813));
#5265=CARTESIAN_POINT('Origin',(20.0000002980232,-1.19209287996469E-7,6.70000010430813));
#5266=CARTESIAN_POINT('Origin',(20.0000002980232,-1.19209287996469E-7,6.70000010430813));
#5267=CARTESIAN_POINT('',(20.0000002980232,-8.00000011920929,10.2));
#5268=CARTESIAN_POINT('',(20.0000002980232,16.0000002682209,10.2));
#5269=CARTESIAN_POINT('Origin',(20.0000002980232,-8.00000011920929,6.70000010430813));
#5270=CARTESIAN_POINT('Origin',(20.0000002980232,15.9999998807907,6.70000010430813));
#5271=CARTESIAN_POINT('',(18.5000002980232,12.9999998807907,6.70000010430813));
#5272=CARTESIAN_POINT('',(20.0000002980232,12.9999998807907,6.70000010430813));
#5273=CARTESIAN_POINT('Origin',(18.5000002980232,15.9999998807907,6.70000010430813));
#5274=CARTESIAN_POINT('Origin',(19.5000002980232,7.99999988079071,6.70000010430813));
#5275=CARTESIAN_POINT('',(19.5000002980232,7.99999988079071,3.70000010430813));
#5276=CARTESIAN_POINT('Origin',(19.5000002980232,7.99999988079071,3.20000010430813));
#5277=CARTESIAN_POINT('',(19.5000002980232,4.99999988079071,6.70000010430813));
#5278=CARTESIAN_POINT('Origin',(19.5000002980232,7.99999988079071,6.70000010430813));
#5279=CARTESIAN_POINT('Origin',(19.5000002980232,7.99999988079071,6.70000010430813));
#5280=CARTESIAN_POINT('Origin',(20.0000002980232,7.99999988079071,6.70000010430813));
#5281=CARTESIAN_POINT('',(18.5000002980232,4.99999988079071,6.70000010430813));
#5282=CARTESIAN_POINT('',(20.0000002980232,4.99999988079071,6.70000010430813));
#5283=CARTESIAN_POINT('Origin',(18.5000002980232,7.99999988079071,6.70000010430813));
#5284=CARTESIAN_POINT('Origin',(19.5000002980232,-1.19209287996469E-7,6.70000010430813));
#5285=CARTESIAN_POINT('',(19.5000002980232,-1.19209288363863E-7,3.70000010430813));
#5286=CARTESIAN_POINT('Origin',(19.5000002980232,-1.19209288425095E-7,3.20000010430813));
#5287=CARTESIAN_POINT('',(19.5000002980232,-3.00000011920929,6.70000010430813));
#5288=CARTESIAN_POINT('Origin',(19.5000002980232,-1.19209287996469E-7,6.70000010430813));
#5289=CARTESIAN_POINT('Origin',(19.5000002980232,-1.19209287996469E-7,6.70000010430813));
#5290=CARTESIAN_POINT('Origin',(20.0000002980232,-1.19209287996469E-7,6.70000010430813));
#5291=CARTESIAN_POINT('',(18.5000002980232,-3.00000011920929,6.70000010430813));
#5292=CARTESIAN_POINT('',(20.0000002980232,-3.00000011920929,6.70000010430813));
#5293=CARTESIAN_POINT('Origin',(18.5000002980232,-1.19209287996469E-7,6.70000010430813));
#5294=CARTESIAN_POINT('Origin',(19.5000002980232,-8.00000011920929,6.70000010430813));
#5295=CARTESIAN_POINT('Origin',(20.0000002980232,-8.00000011920929,6.70000010430813));
#5296=CARTESIAN_POINT('',(19.5000002980232,-8.00000011920929,3.70000010430813));
#5297=CARTESIAN_POINT('Origin',(19.5000002980232,-8.00000011920929,3.20000010430813));
#5298=CARTESIAN_POINT('',(19.5000002980232,-11.0000001192093,6.70000010430813));
#5299=CARTESIAN_POINT('Origin',(19.5000002980232,-8.00000011920929,6.70000010430813));
#5300=CARTESIAN_POINT('Origin',(19.5000002980232,-8.00000011920929,6.70000010430813));
#5301=CARTESIAN_POINT('Origin',(20.0000002980232,24.0000004172325,0.));
#5302=CARTESIAN_POINT('',(20.0000002980232,-11.5000001788139,10.2));
#5303=CARTESIAN_POINT('',(20.0000002980232,16.0000002682209,10.2));
#5304=CARTESIAN_POINT('',(20.0000002980232,-11.5000001788139,0.));
#5305=CARTESIAN_POINT('Origin',(20.0000002980232,-8.00000011920929,6.70000010430813));
#5306=CARTESIAN_POINT('',(18.5000002980232,-11.0000001192093,6.70000010430813));
#5307=CARTESIAN_POINT('',(20.0000002980232,-11.0000001192093,6.70000010430813));
#5308=CARTESIAN_POINT('Origin',(18.5000002980232,-8.00000011920929,6.70000010430813));
#5309=CARTESIAN_POINT('Origin',(19.5000002980232,-11.5000001788139,10.2));
#5310=CARTESIAN_POINT('',(19.5000002980232,-12.0000001788139,10.2));
#5311=CARTESIAN_POINT('Origin',(19.5000002980232,-11.5000001788139,10.2));
#5312=CARTESIAN_POINT('Origin',(19.5000002980232,-11.5000001788139,10.2));
#5313=CARTESIAN_POINT('Origin',(19.5000002980232,-11.5000001788139,10.2));
#5314=CARTESIAN_POINT('Origin',(19.5000002980232,-11.5000001788139,0.));
#5315=CARTESIAN_POINT('',(19.5000002980232,-12.0000001788139,-1.3));
#5316=CARTESIAN_POINT('Origin',(19.5000002980232,-11.5000001788139,-1.3));
#5317=CARTESIAN_POINT('',(19.5000002980232,-12.0000001788139,0.));
#5318=CARTESIAN_POINT('Origin',(19.5000002980232,16.0000002682209,10.2));
#5319=CARTESIAN_POINT('Origin',(19.5000002980232,24.0000004172325,10.2));
#5320=CARTESIAN_POINT('Origin',(16.0000002980232,24.0000004172325,10.2));
#5321=CARTESIAN_POINT('Origin',(12.5000002980232,24.0000004172325,10.2));
#5322=CARTESIAN_POINT('Origin',(16.0000002980232,24.0000004172325,10.2));
#5323=CARTESIAN_POINT('Origin',(16.0000002980232,27.5000004172325,10.2));
#5324=CARTESIAN_POINT('Origin',(5.00000007450581,27.5000004172325,10.2));
#5325=CARTESIAN_POINT('Origin',(15.0000002235174,-11.5000001788139,10.2));
#5326=CARTESIAN_POINT('',(12.0000001788139,-12.0000001788139,10.2));
#5327=CARTESIAN_POINT('',(15.0000002235174,-12.0000001788139,10.2));
#5328=CARTESIAN_POINT('Origin',(12.5000001788139,-11.5000001788139,10.2));
#5329=CARTESIAN_POINT('Origin',(5.00000007450581,20.5000002980232,10.2));
#5330=CARTESIAN_POINT('',(7.00000013411045,20.0000002980232,10.2));
#5331=CARTESIAN_POINT('',(5.00000007450581,20.0000002980232,10.2));
#5332=CARTESIAN_POINT('Origin',(7.00000013411045,20.5000002980232,10.2));
#5333=CARTESIAN_POINT('Origin',(7.00000013411045,18.0000002980232,10.2));
#5334=CARTESIAN_POINT('',(9.00000013411045,18.0000002980232,10.2));
#5335=CARTESIAN_POINT('Origin',(9.50000013411045,18.0000002980232,10.2));
#5336=CARTESIAN_POINT('Origin',(7.00000013411045,18.0000002980232,10.2));
#5337=CARTESIAN_POINT('Origin',(9.50000013411045,13.0000002086163,10.2));
#5338=CARTESIAN_POINT('',(9.00000013411045,13.1577622876517,10.2));
#5339=CARTESIAN_POINT('Origin',(9.50000013411045,13.1577622876517,10.2));
#5340=CARTESIAN_POINT('',(9.00000013411045,13.0000002086163,10.2));
#5341=CARTESIAN_POINT('Origin',(14.0000001341105,13.1577622876517,10.2));
#5342=CARTESIAN_POINT('',(10.356571166215,9.73352144391701,10.2));
#5343=CARTESIAN_POINT('Origin',(10.7209140630046,10.0759455282905,10.2));
#5344=CARTESIAN_POINT('Origin',(14.0000001341105,13.1577622876517,10.2));
#5345=CARTESIAN_POINT('Origin',(0.,0.,10.2));
#5346=CARTESIAN_POINT('',(12.5758364279289,-6.62180822419729,10.2));
#5347=CARTESIAN_POINT('Origin',(13.0182528030174,-6.854762621137,10.2));
#5348=CARTESIAN_POINT('Origin',(0.,0.,10.2));
#5349=CARTESIAN_POINT('Origin',(17.0000001788139,-8.9513521935944,10.2));
#5350=CARTESIAN_POINT('',(12.0000001788139,-8.9513521935944,10.2));
#5351=CARTESIAN_POINT('Origin',(12.5000001788139,-8.9513521935944,10.2));
#5352=CARTESIAN_POINT('Origin',(17.0000001788139,-8.9513521935944,10.2));
#5353=CARTESIAN_POINT('Origin',(12.5000001788139,-0.475676037192555,10.2));
#5354=CARTESIAN_POINT('',(12.0000001788139,-0.475676037192555,10.2));
#5355=CARTESIAN_POINT('Origin',(10.0000001490116,8.00000011920929,-1.3));
#5356=CARTESIAN_POINT('',(0.,-12.0000001788139,-1.3));
#5357=CARTESIAN_POINT('Origin',(16.0000002980232,24.0000004172325,-1.3));
#5358=CARTESIAN_POINT('',(0.,-7.50000017881393,-1.3));
#5359=CARTESIAN_POINT('',(14.4444447424677,-3.06250977318178,-1.3));
#5360=CARTESIAN_POINT('Origin',(15.0000002980232,-5.49999988079071,-1.3));
#5361=CARTESIAN_POINT('',(16.0000002980232,-1.11251768709465,-1.3));
#5362=CARTESIAN_POINT('Origin',(14.0000002980232,-1.11251768709465,-1.3));
#5363=CARTESIAN_POINT('',(16.0000002980232,17.1125179255132,-1.3));
#5364=CARTESIAN_POINT('',(16.0000002980232,-1.11251768709465,-1.3));
#5365=CARTESIAN_POINT('',(14.4444447424677,19.0625100116004,-1.3));
#5366=CARTESIAN_POINT('Origin',(14.0000002980232,17.1125179255132,-1.3));
#5367=CARTESIAN_POINT('',(12.5154803045124,21.222222507,-1.3));
#5368=CARTESIAN_POINT('Origin',(15.0000002980232,21.5000001192093,-1.3));
#5369=CARTESIAN_POINT('',(10.5278643097036,23.0000004172325,-1.3));
#5370=CARTESIAN_POINT('Origin',(10.5278643097036,21.0000004172325,-1.3));
#5371=CARTESIAN_POINT('',(10.5278643097036,23.0000004172325,-1.3));
#5372=CARTESIAN_POINT('',(13.4000002980232,21.5000001192093,-1.3));
#5373=CARTESIAN_POINT('Origin',(15.0000002980232,21.5000001192093,-1.3));
#5374=CARTESIAN_POINT('',(13.4000002980232,-5.49999988079071,-1.3));
#5375=CARTESIAN_POINT('Origin',(15.0000002980232,-5.49999988079071,-1.3));
#5376=CARTESIAN_POINT('Origin',(20.0000002980232,-12.0000001788139,0.));
#5377=CARTESIAN_POINT('',(12.0000001788139,-12.0000001788139,2.7));
#5378=CARTESIAN_POINT('',(12.0000001788139,-12.0000001788139,0.));
#5379=CARTESIAN_POINT('',(12.0000001788139,-12.0000001788139,0.));
#5380=CARTESIAN_POINT('',(0.,-12.0000001788139,0.));
#5381=CARTESIAN_POINT('Origin',(12.0000001788139,-8.9513521935944,2.7));
#5382=CARTESIAN_POINT('',(12.0000001788139,-8.9513521935944,9.54515901561047));
#5383=CARTESIAN_POINT('',(12.0000001788139,-8.9513521935944,2.7));
#5384=CARTESIAN_POINT('',(12.0000001788139,-11.0000001192093,6.70000010430813));
#5385=CARTESIAN_POINT('Origin',(12.0000001788139,-8.00000011920929,6.70000010430813));
#5386=CARTESIAN_POINT('',(12.0000001788139,-8.9513521935944,3.85484119300578));
#5387=CARTESIAN_POINT('Origin',(12.0000001788139,-8.00000011920929,6.70000010430813));
#5388=CARTESIAN_POINT('',(12.0000001788139,-8.9513521935944,2.7));
#5389=CARTESIAN_POINT('Origin',(17.0000001788139,-8.9513521935944,2.7));
#5390=CARTESIAN_POINT('',(12.5758364279289,-6.62180822419729,9.3646927883757));
#5391=CARTESIAN_POINT('',(12.5758364279289,-6.62180822419729,2.7));
#5392=CARTESIAN_POINT('Ctrl Pts',(12.5758364279289,-6.62180822419729,9.3646927883757));
#5393=CARTESIAN_POINT('Ctrl Pts',(12.545899672233,-6.67866274641645,9.39409822119943));
#5394=CARTESIAN_POINT('Ctrl Pts',(12.5167058945101,-6.73676912821586,9.42184254396059));
#5395=CARTESIAN_POINT('Ctrl Pts',(12.310370866618,-7.16866492812693,9.61109015477276));
#5396=CARTESIAN_POINT('Ctrl Pts',(12.1711793094558,-7.58806413556345,9.70000010430813));
#5397=CARTESIAN_POINT('Ctrl Pts',(12.0315401205882,-8.30855565861943,9.70000010430813));
#5398=CARTESIAN_POINT('Ctrl Pts',(12.0000001788139,-8.6377096359793,9.65003347327864));
#5399=CARTESIAN_POINT('Ctrl Pts',(12.0000001788139,-8.9513521935944,9.54515901561047));
#5400=CARTESIAN_POINT('Origin',(0.,0.,2.7));
#5401=CARTESIAN_POINT('',(10.356571166215,9.73352144391701,9.14844920326366));
#5402=CARTESIAN_POINT('',(10.356571166215,9.73352144391701,2.7));
#5403=CARTESIAN_POINT('',(13.3041349666997,4.99999988079071,6.70000010430813));
#5404=CARTESIAN_POINT('Ctrl Pts',(10.356571166215,9.73352144391701,9.14844920326366));
#5405=CARTESIAN_POINT('Ctrl Pts',(10.5044304881056,9.57619754027426,9.25983578649966));
#5406=CARTESIAN_POINT('Ctrl Pts',(10.6564333937519,9.40716361643062,9.35662011281469));
#5407=CARTESIAN_POINT('Ctrl Pts',(11.1381945588447,8.8430497889014,9.61019392515354));
#5408=CARTESIAN_POINT('Ctrl Pts',(11.4646281151245,8.41513966074704,9.70000010430813));
#5409=CARTESIAN_POINT('Ctrl Pts',(11.9920099002906,7.64072297623956,9.70000010430813));
#5410=CARTESIAN_POINT('Ctrl Pts',(12.237589028508,7.24086543718091,9.63135877749284));
#5411=CARTESIAN_POINT('Ctrl Pts',(12.6569646418589,6.47996622979547,9.3189020373054));
#5412=CARTESIAN_POINT('Ctrl Pts',(12.831528800071,6.11971524471737,9.07419311249012));
#5413=CARTESIAN_POINT('Ctrl Pts',(13.0712723600591,5.58699059544193,8.51760683780942));
#5414=CARTESIAN_POINT('Ctrl Pts',(13.1611686209064,5.36736028392064,8.19041780080905));
#5415=CARTESIAN_POINT('Ctrl Pts',(13.2771137845804,5.07377219910134,7.46767775109182));
#5416=CARTESIAN_POINT('Ctrl Pts',(13.3041349666997,4.99999988079071,7.07220772223206));
#5417=CARTESIAN_POINT('Ctrl Pts',(13.3041349666997,4.99999988079071,6.70000010430813));
#5418=CARTESIAN_POINT('',(10.356571166215,9.73352144391701,4.25155100535259));
#5419=CARTESIAN_POINT('Ctrl Pts',(13.3041349666997,4.99999988079071,6.70000010430813));
#5420=CARTESIAN_POINT('Ctrl Pts',(13.3041349666997,4.99999988079071,6.3277924863842));
#5421=CARTESIAN_POINT('Ctrl Pts',(13.2771137845804,5.07377219910134,5.93232245752444));
#5422=CARTESIAN_POINT('Ctrl Pts',(13.1611686209064,5.36736028392064,5.20958240780721));
#5423=CARTESIAN_POINT('Ctrl Pts',(13.0712723600591,5.58699059544193,4.88239337080684));
#5424=CARTESIAN_POINT('Ctrl Pts',(12.831528800071,6.11971524471737,4.32580709612614));
#5425=CARTESIAN_POINT('Ctrl Pts',(12.6569646418589,6.47996622979547,4.08109817131086));
#5426=CARTESIAN_POINT('Ctrl Pts',(12.237589028508,7.24086543718091,3.76864143112342));
#5427=CARTESIAN_POINT('Ctrl Pts',(11.9920099002906,7.64072297623956,3.70000010430813));
#5428=CARTESIAN_POINT('Ctrl Pts',(11.4646281151245,8.41513966074704,3.70000010430813));
#5429=CARTESIAN_POINT('Ctrl Pts',(11.1381945588447,8.8430497889014,3.78980628346271));
#5430=CARTESIAN_POINT('Ctrl Pts',(10.6564333937519,9.40716361643061,4.04338009580156));
#5431=CARTESIAN_POINT('Ctrl Pts',(10.5044304881056,9.57619754027426,4.1401644221166));
#5432=CARTESIAN_POINT('Ctrl Pts',(10.356571166215,9.73352144391701,4.25155100535259));
#5433=CARTESIAN_POINT('',(10.356571166215,9.73352144391701,2.7));
#5434=CARTESIAN_POINT('',(10.356571166215,9.73352144391701,2.7));
#5435=CARTESIAN_POINT('',(12.5758364279289,-6.62180822419729,2.7));
#5436=CARTESIAN_POINT('Origin',(0.,0.,2.7));
#5437=CARTESIAN_POINT('',(12.5758364279289,-6.62180822419729,4.03530742024056));
#5438=CARTESIAN_POINT('',(12.5758364279289,-6.62180822419729,2.7));
#5439=CARTESIAN_POINT('Ctrl Pts',(12.5758364279289,-6.62180822419729,4.03530742024056));
#5440=CARTESIAN_POINT('Ctrl Pts',(12.7293218266705,-6.33031574913636,4.18606873278814));
#5441=CARTESIAN_POINT('Ctrl Pts',(12.8588795082315,-6.05894031072291,4.38930448895912));
#5442=CARTESIAN_POINT('Ctrl Pts',(13.0712722591067,-5.58699083164351,4.88239337410114));
#5443=CARTESIAN_POINT('Ctrl Pts',(13.161168524178,-5.36736052112151,5.20958241019021));
#5444=CARTESIAN_POINT('Ctrl Pts',(13.2771136935229,-5.0737724373983,5.93232245843851));
#5445=CARTESIAN_POINT('Ctrl Pts',(13.3041348770965,-5.00000011920929,6.32779248674147));
#5446=CARTESIAN_POINT('Ctrl Pts',(13.3041348770965,-5.00000011920929,7.07220772187479));
#5447=CARTESIAN_POINT('Ctrl Pts',(13.2771136935229,-5.0737724373983,7.46767775017774));
#5448=CARTESIAN_POINT('Ctrl Pts',(13.161168524178,-5.36736052112151,8.19041779842605));
#5449=CARTESIAN_POINT('Ctrl Pts',(13.0712722591067,-5.58699083164351,8.51760683451511));
#5450=CARTESIAN_POINT('Ctrl Pts',(12.8588795082315,-6.05894031072291,9.01069571965714));
#5451=CARTESIAN_POINT('Ctrl Pts',(12.7293218266705,-6.33031574913635,9.21393147582812));
#5452=CARTESIAN_POINT('Ctrl Pts',(12.5758364279289,-6.62180822419729,9.3646927883757));
#5453=CARTESIAN_POINT('',(13.991068773472,-2.50000011920929,6.70000010430813));
#5454=CARTESIAN_POINT('Ctrl Pts',(13.991068773472,-2.50000011920929,6.70000010430813));
#5455=CARTESIAN_POINT('Ctrl Pts',(13.991068773472,-2.50000011920929,6.38538471301855));
#5456=CARTESIAN_POINT('Ctrl Pts',(14.0027792782527,-2.43698986140669,6.05025687279917));
#5457=CARTESIAN_POINT('Ctrl Pts',(14.0448257011317,-2.18165485330021,5.43450883277275));
#5458=CARTESIAN_POINT('Ctrl Pts',(14.0745270041426,-1.98936493880703,5.1538310180377));
#5459=CARTESIAN_POINT('Ctrl Pts',(14.1300820218789,-1.54617657128634,4.71064265038788));
#5460=CARTESIAN_POINT('Ctrl Pts',(14.1595815242257,-1.26549560352977,4.51834696002766));
#5461=CARTESIAN_POINT('Ctrl Pts',(14.2011643988208,-0.649736697961063,4.26300776050663));
#5462=CARTESIAN_POINT('Ctrl Pts',(14.2126706126984,-0.314605053657399,4.20000010430813));
#5463=CARTESIAN_POINT('Ctrl Pts',(14.2126706179759,0.314604814874701,4.20000010430813));
#5464=CARTESIAN_POINT('Ctrl Pts',(14.2011644097448,0.64973645900984,4.26300776037614));
#5465=CARTESIAN_POINT('Ctrl Pts',(14.1595815455813,1.2654953644869,4.51834695967839));
#5466=CARTESIAN_POINT('Ctrl Pts',(14.1300820480222,1.54617633230791,4.71064264995716));
#5467=CARTESIAN_POINT('Ctrl Pts',(14.0745270378731,1.98936470014542,5.15383101766553));
#5468=CARTESIAN_POINT('Ctrl Pts',(14.0448257381793,2.18165461478116,5.43450883256794));
#5469=CARTESIAN_POINT('Ctrl Pts',(14.0027793197402,2.43698962300608,6.05025687280499));
#5470=CARTESIAN_POINT('Ctrl Pts',(13.9910688160739,2.49999988079071,6.38538471305993));
#5471=CARTESIAN_POINT('Ctrl Pts',(13.9910688160739,2.49999988079071,7.01461549555633));
#5472=CARTESIAN_POINT('Ctrl Pts',(14.0027793197402,2.43698962300608,7.34974333581127));
#5473=CARTESIAN_POINT('Ctrl Pts',(14.0448257381793,2.18165461478116,7.96549137604831));
#5474=CARTESIAN_POINT('Ctrl Pts',(14.0745270378731,1.98936470014542,8.24616919095073));
#5475=CARTESIAN_POINT('Ctrl Pts',(14.1300820480222,1.54617633230791,8.6893575586591));
#5476=CARTESIAN_POINT('Ctrl Pts',(14.1595815455813,1.2654953644869,8.88165324893786));
#5477=CARTESIAN_POINT('Ctrl Pts',(14.2011644097448,0.64973645900984,9.13699244824012));
#5478=CARTESIAN_POINT('Ctrl Pts',(14.2126706179759,0.314604814874701,9.20000010430813));
#5479=CARTESIAN_POINT('Ctrl Pts',(14.2126706126984,-0.314605053657399,9.20000010430813));
#5480=CARTESIAN_POINT('Ctrl Pts',(14.2011643988208,-0.649736697961063,9.13699244810963));
#5481=CARTESIAN_POINT('Ctrl Pts',(14.1595815242257,-1.26549560352977,8.8816532485886));
#5482=CARTESIAN_POINT('Ctrl Pts',(14.1300820218789,-1.54617657128634,8.68935755822838));
#5483=CARTESIAN_POINT('Ctrl Pts',(14.0745270041426,-1.98936493880703,8.24616919057856));
#5484=CARTESIAN_POINT('Ctrl Pts',(14.0448257011317,-2.18165485330021,7.9654913758435));
#5485=CARTESIAN_POINT('Ctrl Pts',(14.0027792782527,-2.43698986140669,7.34974333581709));
#5486=CARTESIAN_POINT('Ctrl Pts',(13.991068773472,-2.50000011920929,7.0146154955977));
#5487=CARTESIAN_POINT('Ctrl Pts',(13.991068773472,-2.50000011920929,6.70000010430813));
#5488=CARTESIAN_POINT('Origin',(14.0000001341105,13.1577622876517,2.7));
#5489=CARTESIAN_POINT('',(9.00000013411045,13.1577622876517,7.66004461585287));
#5490=CARTESIAN_POINT('',(9.00000013411045,13.1577622876517,2.7));
#5491=CARTESIAN_POINT('',(9.00248965158203,12.9999998807907,6.70000010430813));
#5492=CARTESIAN_POINT('Ctrl Pts',(9.00000013411045,13.1577622876517,7.66004461585287));
#5493=CARTESIAN_POINT('Ctrl Pts',(9.00000013411045,13.1493906661487,7.6352602052708));
#5494=CARTESIAN_POINT('Ctrl Pts',(9.0000211396767,13.1413392357239,7.61035406530998));
#5495=CARTESIAN_POINT('Ctrl Pts',(9.00049552258242,13.0431124271139,7.29233652241072));
#5496=CARTESIAN_POINT('Ctrl Pts',(9.00248965158203,12.9999998807907,6.98462928316973));
#5497=CARTESIAN_POINT('Ctrl Pts',(9.00248965158203,12.9999998807907,6.70000010430813));
#5498=CARTESIAN_POINT('',(9.00000013411045,13.1577622876517,5.73995559276339));
#5499=CARTESIAN_POINT('Ctrl Pts',(9.00248965158203,12.9999998807907,6.70000010430813));
#5500=CARTESIAN_POINT('Ctrl Pts',(9.00248965158203,12.9999998807907,6.41537092544653));
#5501=CARTESIAN_POINT('Ctrl Pts',(9.00049552258242,13.0431124271139,6.10766368620554));
#5502=CARTESIAN_POINT('Ctrl Pts',(9.0000211396767,13.1413392357239,5.78964614330627));
#5503=CARTESIAN_POINT('Ctrl Pts',(9.00000013411045,13.1493906661487,5.76474000334546));
#5504=CARTESIAN_POINT('Ctrl Pts',(9.00000013411045,13.1577622876517,5.73995559276339));
#5505=CARTESIAN_POINT('',(9.00000013411045,13.1577622876517,2.7));
#5506=CARTESIAN_POINT('',(9.00000013411045,13.1577622876517,2.7));
#5507=CARTESIAN_POINT('Origin',(14.0000001341105,13.1577622876517,2.7));
#5508=CARTESIAN_POINT('Ctrl Pts',(10.356571166215,9.73352144391701,4.25155100535259));
#5509=CARTESIAN_POINT('Ctrl Pts',(10.314054483973,9.77875964962997,4.28358001715194));
#5510=CARTESIAN_POINT('Ctrl Pts',(10.2728125804793,9.82434070712414,4.31774365482543));
#5511=CARTESIAN_POINT('Ctrl Pts',(10.0969289031936,10.0258327459793,4.47832111173467));
#5512=CARTESIAN_POINT('Ctrl Pts',(9.98099458623992,10.1790656163558,4.6280039084867));
#5513=CARTESIAN_POINT('Ctrl Pts',(9.7528820069019,10.5081163748308,5.02473183834572));
#5514=CARTESIAN_POINT('Ctrl Pts',(9.6482690372246,10.6916230321833,5.32827026521348));
#5515=CARTESIAN_POINT('Ctrl Pts',(9.51771210543755,10.9377404181264,5.99561230221405));
#5516=CARTESIAN_POINT('Ctrl Pts',(9.4895609763856,10.9999998807907,6.3591117502333));
#5517=CARTESIAN_POINT('Ctrl Pts',(9.4895609763856,10.9999998807907,7.04088845838295));
#5518=CARTESIAN_POINT('Ctrl Pts',(9.51771210543755,10.9377404181264,7.4043879064022));
#5519=CARTESIAN_POINT('Ctrl Pts',(9.6482690372246,10.6916230321833,8.07172994340277));
#5520=CARTESIAN_POINT('Ctrl Pts',(9.7528820069019,10.5081163748308,8.37526837027054));
#5521=CARTESIAN_POINT('Ctrl Pts',(9.98099458623992,10.1790656163558,8.77199630012955));
#5522=CARTESIAN_POINT('Ctrl Pts',(10.0969289031936,10.0258327459793,8.92167909688159));
#5523=CARTESIAN_POINT('Ctrl Pts',(10.2728125804793,9.82434070712414,9.08225655379083));
#5524=CARTESIAN_POINT('Ctrl Pts',(10.314054483973,9.77875964962997,9.11642019146431));
#5525=CARTESIAN_POINT('Ctrl Pts',(10.356571166215,9.73352144391701,9.14844920326366));
#5526=CARTESIAN_POINT('Origin',(9.00000013411045,18.0000002980232,2.7));
#5527=CARTESIAN_POINT('',(9.00000013411045,18.0000002980232,9.52842718163911));
#5528=CARTESIAN_POINT('',(9.00000013411045,18.0000002980232,2.7));
#5529=CARTESIAN_POINT('',(9.00000013411045,17.0000000149012,9.52842718163911));
#5530=CARTESIAN_POINT('',(9.00000013411045,28.0000004172325,9.52842718163911));
#5531=CARTESIAN_POINT('Origin',(9.00000013411045,15.9999998807907,6.70000010430813));
#5532=CARTESIAN_POINT('Origin',(7.00000013411045,18.0000002980232,2.7));
#5533=CARTESIAN_POINT('',(7.00000013411045,20.0000002980232,9.52842727646952));
#5534=CARTESIAN_POINT('',(7.00000013411045,20.0000002980232,2.7));
#5535=CARTESIAN_POINT('Ctrl Pts',(7.00000013411045,20.0000002980232,9.52842727646952));
#5536=CARTESIAN_POINT('Ctrl Pts',(7.23776979407722,20.0000002980232,9.61249153324785));
#5537=CARTESIAN_POINT('Ctrl Pts',(7.50056844580642,19.9543080656534,9.66836175818534));
#5538=CARTESIAN_POINT('Ctrl Pts',(7.99115116277746,19.7571307165397,9.71007060641479));
#5539=CARTESIAN_POINT('Ctrl Pts',(8.21874719790229,19.6055154334196,9.69749020172338));
#5540=CARTESIAN_POINT('Ctrl Pts',(8.58079361475785,19.2515100066032,9.649000061544));
#5541=CARTESIAN_POINT('Ctrl Pts',(8.73814415758522,19.0255178405494,9.60982352807418));
#5542=CARTESIAN_POINT('Ctrl Pts',(8.94778925942808,18.5281548002474,9.54844278358211));
#5543=CARTESIAN_POINT('Ctrl Pts',(9.00000013411045,18.2564810078891,9.52842718163911));
#5544=CARTESIAN_POINT('Ctrl Pts',(9.00000013411045,18.0000002980232,9.52842718163911));
#5545=CARTESIAN_POINT('Origin',(0.,20.0000002980232,2.7));
#5546=CARTESIAN_POINT('',(7.00000013411045,20.0000002980232,2.7));
#5547=CARTESIAN_POINT('',(0.,20.0000002980232,2.7));
#5548=CARTESIAN_POINT('',(7.00000013411045,20.0000002980232,3.87157293214674));
#5549=CARTESIAN_POINT('',(7.00000013411045,20.0000002980232,2.7));
#5550=CARTESIAN_POINT('Origin',(8.,20.0000002980232,6.70000010430813));
#5551=CARTESIAN_POINT('',(3.,20.0000002980232,6.70000010430813));
#5552=CARTESIAN_POINT('Origin',(0.,20.0000002980232,6.70000010430813));
#5553=CARTESIAN_POINT('Origin',(0.,26.5000004172325,6.70000010430813));
#5554=CARTESIAN_POINT('',(2.5,21.5000004172325,6.70000010430813));
#5555=CARTESIAN_POINT('Origin',(0.,21.5000004172325,6.70000010430813));
#5556=CARTESIAN_POINT('',(2.5,26.5000004172325,6.70000010430813));
#5557=CARTESIAN_POINT('',(2.5,26.5000004172325,6.70000010430813));
#5558=CARTESIAN_POINT('Origin',(0.,26.5000004172325,6.70000010430813));
#5559=CARTESIAN_POINT('Origin',(1.5,26.5000004172325,6.70000010430813));
#5560=CARTESIAN_POINT('Origin',(1.5,21.5000004172325,6.70000010430813));
#5561=CARTESIAN_POINT('',(3.,21.5000004172325,6.70000010430813));
#5562=CARTESIAN_POINT('Origin',(0.,21.5000004172325,6.70000010430813));
#5563=CARTESIAN_POINT('Origin',(8.,26.5000004172325,6.70000010430813));
#5564=CARTESIAN_POINT('',(10.5,21.5000004172325,6.70000010430813));
#5565=CARTESIAN_POINT('Origin',(8.,21.5000004172325,6.70000010430813));
#5566=CARTESIAN_POINT('',(10.5,26.5000004172325,6.70000010430813));
#5567=CARTESIAN_POINT('',(10.5,26.5000004172325,6.70000010430813));
#5568=CARTESIAN_POINT('Origin',(8.,26.5000004172325,6.70000010430813));
#5569=CARTESIAN_POINT('Origin',(8.,26.5000004172325,6.70000010430813));
#5570=CARTESIAN_POINT('Origin',(8.,21.5000004172325,6.70000010430813));
#5571=CARTESIAN_POINT('',(11.,21.5000004172325,6.70000010430813));
#5572=CARTESIAN_POINT('Origin',(8.,21.5000004172325,6.70000010430813));
#5573=CARTESIAN_POINT('Origin',(8.,28.0000004172325,6.70000010430813));
#5574=CARTESIAN_POINT('',(11.,18.9999998807907,6.70000010430813));
#5575=CARTESIAN_POINT('',(11.,28.0000004172325,6.70000010430813));
#5576=CARTESIAN_POINT('Origin',(8.,15.9999998807907,6.70000010430813));
#5577=CARTESIAN_POINT('',(9.00000013411045,18.0000002980232,3.87157302697715));
#5578=CARTESIAN_POINT('Ctrl Pts',(9.00000013411045,18.0000002980232,3.87157302697715));
#5579=CARTESIAN_POINT('Ctrl Pts',(9.00000013411045,18.2564810078891,3.87157302697715));
#5580=CARTESIAN_POINT('Ctrl Pts',(8.94778925942808,18.5281548002474,3.85155742503414));
#5581=CARTESIAN_POINT('Ctrl Pts',(8.73814415758522,19.0255178405494,3.79017668054208));
#5582=CARTESIAN_POINT('Ctrl Pts',(8.58079361475785,19.2515100066032,3.75100014707226));
#5583=CARTESIAN_POINT('Ctrl Pts',(8.21874719790229,19.6055154334196,3.70251000689288));
#5584=CARTESIAN_POINT('Ctrl Pts',(7.99115116277746,19.7571307165397,3.68992960220147));
#5585=CARTESIAN_POINT('Ctrl Pts',(7.50056844580643,19.9543080656534,3.73163845043092));
#5586=CARTESIAN_POINT('Ctrl Pts',(7.23776979407722,20.0000002980232,3.78750867536841));
#5587=CARTESIAN_POINT('Ctrl Pts',(7.00000013411045,20.0000002980232,3.87157293214674));
#5588=CARTESIAN_POINT('',(9.00000013411045,17.0000000149012,3.87157302697715));
#5589=CARTESIAN_POINT('',(9.00000013411045,28.0000004172325,3.87157302697715));
#5590=CARTESIAN_POINT('Origin',(8.,15.9999998807907,6.70000010430813));
#5591=CARTESIAN_POINT('Origin',(0.,28.0000004172325,6.70000010430813));
#5592=CARTESIAN_POINT('',(3.,28.0000004172325,6.70000010430813));
#5593=CARTESIAN_POINT('Origin',(13.5000002980232,15.9999998807907,6.70000010430813));
#5594=CARTESIAN_POINT('',(13.5000002980232,12.9999998807907,6.70000010430813));
#5595=CARTESIAN_POINT('Origin',(13.5000002980232,15.9999998807907,6.70000010430813));
#5596=CARTESIAN_POINT('',(13.5000002980232,12.9999998807907,6.70000010430813));
#5597=CARTESIAN_POINT('Origin',(9.00000013411045,15.9999998807907,6.70000010430813));
#5598=CARTESIAN_POINT('Origin',(9.00000013411045,18.0000002980232,2.7));
#5599=CARTESIAN_POINT('',(9.00000013411045,18.0000002980232,2.7));
#5600=CARTESIAN_POINT('',(9.00000013411045,18.0000002980232,2.7));
#5601=CARTESIAN_POINT('',(9.00000013411045,18.0000002980232,2.7));
#5602=CARTESIAN_POINT('Origin',(7.00000013411045,18.0000002980232,2.7));
#5603=CARTESIAN_POINT('Origin',(7.00000013411045,18.0000002980232,2.7));
#5604=CARTESIAN_POINT('Origin',(13.5000002980232,7.99999988079071,6.70000010430813));
#5605=CARTESIAN_POINT('',(13.5000002980232,4.99999988079071,6.70000010430813));
#5606=CARTESIAN_POINT('Origin',(13.5000002980232,7.99999988079071,6.70000010430813));
#5607=CARTESIAN_POINT('',(13.5000002980232,4.99999988079071,6.70000010430813));
#5608=CARTESIAN_POINT('Origin',(13.5000002980232,7.99999988079071,6.70000010430813));
#5609=CARTESIAN_POINT('',(13.5000002980232,5.49999988079071,6.70000010430813));
#5610=CARTESIAN_POINT('Origin',(13.5000002980232,7.99999988079071,6.70000010430813));
#5611=CARTESIAN_POINT('Origin',(13.5000002980232,-8.00000011920929,6.70000010430813));
#5612=CARTESIAN_POINT('',(13.5000002980232,-11.0000001192093,6.70000010430813));
#5613=CARTESIAN_POINT('Origin',(13.5000002980232,-8.00000011920929,6.70000010430813));
#5614=CARTESIAN_POINT('',(13.5000002980232,-11.0000001192093,6.70000010430813));
#5615=CARTESIAN_POINT('Ctrl Pts',(12.0000001788139,-8.9513521935944,3.85484119300578));
#5616=CARTESIAN_POINT('Ctrl Pts',(12.0000001788139,-8.6377096359793,3.74996673533762));
#5617=CARTESIAN_POINT('Ctrl Pts',(12.0315401205882,-8.30855565861943,3.70000010430813));
#5618=CARTESIAN_POINT('Ctrl Pts',(12.1711793094558,-7.58806413556345,3.70000010430813));
#5619=CARTESIAN_POINT('Ctrl Pts',(12.310370866618,-7.16866492812692,3.78891005384349));
#5620=CARTESIAN_POINT('Ctrl Pts',(12.5167058945101,-6.73676912821585,3.97815766465567));
#5621=CARTESIAN_POINT('Ctrl Pts',(12.545899672233,-6.67866274641645,4.00590198741683));
#5622=CARTESIAN_POINT('Ctrl Pts',(12.5758364279289,-6.62180822419729,4.03530742024056));
#5623=CARTESIAN_POINT('Origin',(13.5000002980232,-8.00000011920929,6.70000010430813));
#5624=CARTESIAN_POINT('',(13.5000002980232,-10.5000001192093,6.70000010430813));
#5625=CARTESIAN_POINT('Origin',(13.5000002980232,-8.00000011920929,6.70000010430813));
#5626=CARTESIAN_POINT('Origin',(13.5000002980232,15.9999998807907,6.70000010430813));
#5627=CARTESIAN_POINT('',(13.5000002980232,13.4999998807907,6.70000010430813));
#5628=CARTESIAN_POINT('Origin',(13.5000002980232,15.9999998807907,6.70000010430813));
#5629=CARTESIAN_POINT('Origin',(17.0000001788139,-8.9513521935944,2.7));
#5630=CARTESIAN_POINT('Origin',(17.0000001788139,-8.9513521935944,2.7));
#5631=CARTESIAN_POINT('Origin',(18.5000002980232,-1.19209287996469E-7,6.70000010430813));
#5632=CARTESIAN_POINT('',(18.5000002980232,-2.50000011920929,6.70000010430813));
#5633=CARTESIAN_POINT('Origin',(18.5000002980232,-1.19209287996469E-7,6.70000010430813));
#5634=CARTESIAN_POINT('Origin',(18.5000002980232,7.99999988079071,6.70000010430813));
#5635=CARTESIAN_POINT('',(18.5000002980232,5.49999988079071,6.70000010430813));
#5636=CARTESIAN_POINT('Origin',(18.5000002980232,7.99999988079071,6.70000010430813));
#5637=CARTESIAN_POINT('Origin',(18.5000002980232,-8.00000011920929,6.70000010430813));
#5638=CARTESIAN_POINT('',(18.5000002980232,-10.5000001192093,6.70000010430813));
#5639=CARTESIAN_POINT('Origin',(18.5000002980232,-8.00000011920929,6.70000010430813));
#5640=CARTESIAN_POINT('Origin',(18.5000002980232,15.9999998807907,6.70000010430813));
#5641=CARTESIAN_POINT('',(18.5000002980232,13.4999998807907,6.70000010430813));
#5642=CARTESIAN_POINT('Origin',(18.5000002980232,15.9999998807907,6.70000010430813));
#5643=CARTESIAN_POINT('Origin',(20.0000002980232,-1.19209287996469E-7,6.70000010430813));
#5644=CARTESIAN_POINT('',(20.0000002980232,-2.50000011920929,6.70000010430813));
#5645=CARTESIAN_POINT('Origin',(20.0000002980232,7.99999988079071,6.70000010430813));
#5646=CARTESIAN_POINT('',(20.0000002980232,5.49999988079071,6.70000010430813));
#5647=CARTESIAN_POINT('Origin',(20.0000002980232,-8.00000011920929,6.70000010430813));
#5648=CARTESIAN_POINT('',(20.0000002980232,-10.5000001192093,6.70000010430813));
#5649=CARTESIAN_POINT('Origin',(20.0000002980232,15.9999998807907,6.70000010430813));
#5650=CARTESIAN_POINT('',(20.0000002980232,13.4999998807907,6.70000010430813));
#5651=CARTESIAN_POINT('Origin',(16.0000002980232,24.0000004172325,4.2));
#5652=CARTESIAN_POINT('',(13.5000002980232,24.0000004172325,9.2));
#5653=CARTESIAN_POINT('Origin',(16.0000002980232,24.0000004172325,9.2));
#5654=CARTESIAN_POINT('',(13.5000002980232,24.0000004172325,4.2));
#5655=CARTESIAN_POINT('',(13.5000002980232,24.0000004172325,4.2));
#5656=CARTESIAN_POINT('Origin',(16.0000002980232,24.0000004172325,4.2));
#5657=CARTESIAN_POINT('Origin',(16.0000002980232,24.0000004172325,9.2));
#5658=CARTESIAN_POINT('Origin',(16.0000002980232,24.0000004172325,4.2));
#5659=CARTESIAN_POINT('',(13.0000002980232,24.0000004172325,4.2));
#5660=CARTESIAN_POINT('Origin',(16.0000002980232,24.0000004172325,4.2));
#5661=CARTESIAN_POINT('Origin',(16.0000002980232,24.0000004172325,2.7));
#5662=CARTESIAN_POINT('',(13.0000002980232,24.0000004172325,2.7));
#5663=CARTESIAN_POINT('',(13.0000002980232,24.0000004172325,2.7));
#5664=CARTESIAN_POINT('',(18.0151621098287,21.7775866681208,2.7));
#5665=CARTESIAN_POINT('Origin',(16.0000002980232,24.0000004172325,2.7));
#5666=CARTESIAN_POINT('',(13.0287469867549,23.5856892295041,2.7));
#5667=CARTESIAN_POINT('Origin',(16.0000002980232,24.0000004172325,2.7));
#5668=CARTESIAN_POINT('Origin',(16.0000002980232,24.0000004172325,2.7));
#5669=CARTESIAN_POINT('Origin',(10.0000001490116,8.00000011920929,2.7));
#5670=CARTESIAN_POINT('',(10.5278643097036,23.0000004172325,2.7));
#5671=CARTESIAN_POINT('',(-10.5278643097036,23.0000004172325,2.7));
#5672=CARTESIAN_POINT('',(12.1835984722809,22.1218490624938,2.7));
#5673=CARTESIAN_POINT('Origin',(10.5278643097036,21.0000004172325,2.7));
#5674=CARTESIAN_POINT('',(13.4122870577518,24.2500001192093,2.7));
#5675=CARTESIAN_POINT('',(18.1754267785662,21.5000001192093,2.7));
#5676=CARTESIAN_POINT('',(18.1754267785662,21.5000001192093,2.7));
#5677=CARTESIAN_POINT('',(15.9347828861991,17.6190910559607,2.7));
#5678=CARTESIAN_POINT('',(16.5877135382947,18.7500001192093,2.7));
#5679=CARTESIAN_POINT('',(16.0000002980232,17.1125179255132,2.7));
#5680=CARTESIAN_POINT('Origin',(14.0000002980232,17.1125179255132,2.7));
#5681=CARTESIAN_POINT('',(16.0000002980232,-1.11251768709465,2.7));
#5682=CARTESIAN_POINT('',(16.0000002980232,-1.11251768709465,2.7));
#5683=CARTESIAN_POINT('',(15.9347828861991,-1.61909081754211,2.7));
#5684=CARTESIAN_POINT('Origin',(14.0000002980232,-1.11251768709465,2.7));
#5685=CARTESIAN_POINT('',(18.1754267785662,-5.49999988079071,2.7));
#5686=CARTESIAN_POINT('',(16.5877135382947,-2.74999988079071,2.7));
#5687=CARTESIAN_POINT('',(16.5877135382947,-8.24999988079071,2.7));
#5688=CARTESIAN_POINT('',(16.5877135382947,-8.24999988079071,2.7));
#5689=CARTESIAN_POINT('',(13.4122870577518,-8.24999988079071,2.7));
#5690=CARTESIAN_POINT('Origin',(10.0000001490116,8.00000011920929,2.7));
#5691=CARTESIAN_POINT('',(13.4122870577518,24.2500001192093,2.7));
#5692=CARTESIAN_POINT('',(13.4122870577518,24.2500001192093,2.7));
#5693=CARTESIAN_POINT('',(16.5877135382947,24.2500001192093,2.7));
#5694=CARTESIAN_POINT('',(16.5877135382947,24.2500001192093,2.7));
#5695=CARTESIAN_POINT('',(18.1754267785662,21.5000001192093,2.7));
#5696=CARTESIAN_POINT('Origin',(11.9142139072262,-6.9142136943572,0.));
#5697=CARTESIAN_POINT('',(11.7881921001458,0.556911828803147,0.));
#5698=CARTESIAN_POINT('Origin',(16.5877135382947,-8.24999988079071,0.));
#5699=CARTESIAN_POINT('',(16.5877135382947,-8.24999988079071,0.));
#5700=CARTESIAN_POINT('',(13.2938568436532,-8.24999988079071,0.));
#5701=CARTESIAN_POINT('',(16.5877135382947,-8.24999988079071,0.));
#5702=CARTESIAN_POINT('Origin',(18.1754267785662,-5.49999988079071,0.));
#5703=CARTESIAN_POINT('',(18.1754267785662,-5.49999988079071,0.));
#5704=CARTESIAN_POINT('',(20.0763341876443,-2.20753166778322,0.));
#5705=CARTESIAN_POINT('',(18.1754267785662,-5.49999988079071,0.));
#5706=CARTESIAN_POINT('Origin',(15.9347828861991,-1.61909081754211,0.));
#5707=CARTESIAN_POINT('',(15.9347828861991,-1.61909081754211,0.));
#5708=CARTESIAN_POINT('',(13.1103407659158,3.2729864378261,0.));
#5709=CARTESIAN_POINT('',(15.9347828861991,-1.61909081754211,0.));
#5710=CARTESIAN_POINT('Origin',(18.1754267785662,21.5000001192093,0.));
#5711=CARTESIAN_POINT('',(15.9347828861991,17.6190910559607,0.));
#5712=CARTESIAN_POINT('',(18.1754267785662,21.5000001192093,0.));
#5713=CARTESIAN_POINT('',(14.2306627120994,14.6674683322168,0.));
#5714=CARTESIAN_POINT('',(15.9347828861991,17.6190910559607,0.));
#5715=CARTESIAN_POINT('',(18.1754267785662,21.5000001192093,0.));
#5716=CARTESIAN_POINT('Origin',(16.5877135382947,24.2500001192093,0.));
#5717=CARTESIAN_POINT('',(16.5877135382947,24.2500001192093,0.));
#5718=CARTESIAN_POINT('',(19.2824775675086,19.5825319062018,0.));
#5719=CARTESIAN_POINT('',(16.5877135382947,24.2500001192093,0.));
#5720=CARTESIAN_POINT('Origin',(13.4122870577518,24.2500001192093,0.));
#5721=CARTESIAN_POINT('',(13.4122870577518,24.2500001192093,0.));
#5722=CARTESIAN_POINT('',(11.7061436033817,24.2500001192093,0.));
#5723=CARTESIAN_POINT('',(13.4122870577518,24.2500001192093,0.));
#5724=CARTESIAN_POINT('Origin',(12.1835984722809,22.1218490624938,0.));
#5725=CARTESIAN_POINT('',(12.1835984722809,22.1218490624938,0.));
#5726=CARTESIAN_POINT('',(8.85317869854952,16.353392803859,0.));
#5727=CARTESIAN_POINT('',(12.1835984722809,22.1218490624938,0.));
#5728=CARTESIAN_POINT('Origin',(10.0000001490116,8.00000011920929,0.));
#5729=CARTESIAN_POINT('',(14.4444447424677,-3.06250977318178,0.));
#5730=CARTESIAN_POINT('Origin',(14.0000002980232,-1.11251768709465,0.));
#5731=CARTESIAN_POINT('Origin',(15.0000002980232,-5.49999988079071,0.));
#5732=CARTESIAN_POINT('',(0.,-7.50000017881393,0.));
#5733=CARTESIAN_POINT('',(13.4000002980232,-5.49999988079071,0.));
#5734=CARTESIAN_POINT('Origin',(15.0000002980232,-5.49999988079071,0.));
#5735=CARTESIAN_POINT('Origin',(10.0000001490116,8.00000011920929,0.));
#5736=CARTESIAN_POINT('',(12.5154803045124,21.222222507,0.));
#5737=CARTESIAN_POINT('Origin',(10.5278643097036,21.0000004172325,0.));
#5738=CARTESIAN_POINT('',(14.4444447424677,19.0625100116004,0.));
#5739=CARTESIAN_POINT('Origin',(15.0000002980232,21.5000001192093,0.));
#5740=CARTESIAN_POINT('Origin',(14.0000002980232,17.1125179255132,0.));
#5741=CARTESIAN_POINT('',(13.4000002980232,21.5000001192093,0.));
#5742=CARTESIAN_POINT('Origin',(15.0000002980232,21.5000001192093,0.));
#5743=CARTESIAN_POINT('Origin',(15.0000002980232,21.5000001192093,0.));
#5744=CARTESIAN_POINT('',(13.4000002980232,21.5000001192093,0.));
#5745=CARTESIAN_POINT('Origin',(15.0000002980232,-5.49999988079071,0.));
#5746=CARTESIAN_POINT('',(13.4000002980232,-5.49999988079071,0.));
#5747=CARTESIAN_POINT('Origin',(10.5278643097036,23.0000004172325,0.));
#5748=CARTESIAN_POINT('',(10.5278643097036,23.0000004172325,0.));
#5749=CARTESIAN_POINT('Origin',(10.5278643097036,21.0000004172325,0.));
#5750=CARTESIAN_POINT('',(12.5154803045124,21.222222507,0.));
#5751=CARTESIAN_POINT('Origin',(15.0000002980232,21.5000001192093,0.));
#5752=CARTESIAN_POINT('',(14.4444447424677,19.0625100116004,0.));
#5753=CARTESIAN_POINT('Origin',(14.0000002980232,17.1125179255132,0.));
#5754=CARTESIAN_POINT('',(16.0000002980232,17.1125179255132,0.));
#5755=CARTESIAN_POINT('Origin',(16.0000002980232,-1.11251768709465,0.));
#5756=CARTESIAN_POINT('',(16.0000002980232,-1.11251768709465,0.));
#5757=CARTESIAN_POINT('Origin',(14.0000002980232,-1.11251768709465,0.));
#5758=CARTESIAN_POINT('',(14.4444447424677,-3.06250977318178,0.));
#5759=CARTESIAN_POINT('Origin',(15.0000002980232,-5.49999988079071,0.));
#5760=CARTESIAN_POINT('Origin',(0.,-7.50000017881393,0.));
#5761=CARTESIAN_POINT('Origin',(16.0000002980232,24.0000004172325,0.));
#5762=UNCERTAINTY_MEASURE_WITH_UNIT(LENGTH_MEASURE(0.01),#5766,
'DISTANCE_ACCURACY_VALUE',
'Maximum model space distance between geometric entities at asserted c
onnectivities');
#5763=UNCERTAINTY_MEASURE_WITH_UNIT(LENGTH_MEASURE(0.01),#5766,
'DISTANCE_ACCURACY_VALUE',
'Maximum model space distance between geometric entities at asserted c
onnectivities');
#5764=(
GEOMETRIC_REPRESENTATION_CONTEXT(3)
GLOBAL_UNCERTAINTY_ASSIGNED_CONTEXT((#5762))
GLOBAL_UNIT_ASSIGNED_CONTEXT((#5766,#5768,#5769))
REPRESENTATION_CONTEXT('','3D')
);
#5765=(
GEOMETRIC_REPRESENTATION_CONTEXT(3)
GLOBAL_UNCERTAINTY_ASSIGNED_CONTEXT((#5763))
GLOBAL_UNIT_ASSIGNED_CONTEXT((#5766,#5768,#5769))
REPRESENTATION_CONTEXT('','3D')
);
#5766=(
LENGTH_UNIT()
NAMED_UNIT(*)
SI_UNIT(.MILLI.,.METRE.)
);
#5767=(
LENGTH_UNIT()
NAMED_UNIT(*)
SI_UNIT($,.METRE.)
);
#5768=(
NAMED_UNIT(*)
PLANE_ANGLE_UNIT()
SI_UNIT($,.RADIAN.)
);
#5769=(
NAMED_UNIT(*)
SI_UNIT($,.STERADIAN.)
SOLID_ANGLE_UNIT()
);
#5770=SHAPE_DEFINITION_REPRESENTATION(#5771,#5772);
#5771=PRODUCT_DEFINITION_SHAPE('',$,#5774);
#5772=SHAPE_REPRESENTATION('',(#3146),#5764);
#5773=PRODUCT_DEFINITION_CONTEXT('part definition',#5778,'design');
#5774=PRODUCT_DEFINITION('motor_krok_driver','motor_krok_driver v1',#5775,
#5773);
#5775=PRODUCT_DEFINITION_FORMATION('',$,#5780);
#5776=PRODUCT_RELATED_PRODUCT_CATEGORY('motor_krok_driver v1',
'motor_krok_driver v1',(#5780));
#5777=APPLICATION_PROTOCOL_DEFINITION('international standard',
'automotive_design',2009,#5778);
#5778=APPLICATION_CONTEXT(
'Core Data for Automotive Mechanical Design Process');
#5779=PRODUCT_CONTEXT('part definition',#5778,'mechanical');
#5780=PRODUCT('motor_krok_driver','motor_krok_driver v1',$,(#5779));
#5781=PRESENTATION_STYLE_ASSIGNMENT((#5782));
#5782=SURFACE_STYLE_USAGE(.BOTH.,#5783);
#5783=SURFACE_SIDE_STYLE('',(#5784));
#5784=SURFACE_STYLE_FILL_AREA(#5785);
#5785=FILL_AREA_STYLE('Steel - Satin',(#5786));
#5786=FILL_AREA_STYLE_COLOUR('Steel - Satin',#5787);
#5787=COLOUR_RGB('Steel - Satin',0.627450980392157,0.627450980392157,0.627450980392157);
ENDSEC;
END-ISO-10303-21;
