ISO-10303-21;
HEADER;
/* Generated by software containing ST-Developer
 * from STEP Tools, Inc. (www.steptools.com) 
 */

FILE_DESCRIPTION(
/* description */ (''),
/* implementation_level */ '2;1');

FILE_NAME(
/* name */ 'motor_DC_driver.step',
/* time_stamp */ '2024-11-18T08:32:04+01:00',
/* author */ (''),
/* organization */ (''),
/* preprocessor_version */ 'ST-DEVELOPER v20',
/* originating_system */ 'Autodesk Translation Framework v13.20.0.188',

/* authorisation */ '');

FILE_SCHEMA (('AUTOMOTIVE_DESIGN { 1 0 10303 214 3 1 1 }'));
ENDSEC;

DATA;
#10=MECHANICAL_DESIGN_GEOMETRIC_PRESENTATION_REPRESENTATION('',(#13),#5435);
#11=SHAPE_REPRESENTATION_RELATIONSHIP('SRR','None',#5442,#12);
#12=ADVANCED_BREP_SHAPE_REPRESENTATION('',(#14),#5434);
#13=STYLED_ITEM('',(#5451),#14);
#14=MANIFOLD_SOLID_BREP('Body2',#3127);
#15=FACE_BOUND('',#571,.T.);
#16=FACE_BOUND('',#572,.T.);
#17=FACE_BOUND('',#573,.T.);
#18=FACE_BOUND('',#574,.T.);
#19=FACE_BOUND('',#575,.T.);
#20=FACE_BOUND('',#577,.T.);
#21=FACE_BOUND('',#585,.T.);
#22=FACE_BOUND('',#587,.T.);
#23=FACE_BOUND('',#591,.T.);
#24=FACE_BOUND('',#593,.T.);
#25=FACE_BOUND('',#597,.T.);
#26=FACE_BOUND('',#599,.T.);
#27=FACE_BOUND('',#603,.T.);
#28=FACE_BOUND('',#605,.T.);
#29=FACE_BOUND('',#609,.T.);
#30=FACE_BOUND('',#611,.T.);
#31=FACE_BOUND('',#615,.T.);
#32=FACE_BOUND('',#617,.T.);
#33=FACE_BOUND('',#627,.T.);
#34=FACE_BOUND('',#629,.T.);
#35=FACE_BOUND('',#633,.T.);
#36=FACE_BOUND('',#635,.T.);
#37=FACE_BOUND('',#639,.T.);
#38=FACE_BOUND('',#641,.T.);
#39=FACE_BOUND('',#645,.T.);
#40=FACE_BOUND('',#647,.T.);
#41=FACE_BOUND('',#680,.T.);
#42=FACE_BOUND('',#682,.T.);
#43=FACE_BOUND('',#696,.T.);
#44=FACE_BOUND('',#702,.T.);
#45=FACE_BOUND('',#704,.T.);
#46=FACE_BOUND('',#708,.T.);
#47=FACE_BOUND('',#710,.T.);
#48=FACE_BOUND('',#714,.T.);
#49=FACE_BOUND('',#716,.T.);
#50=FACE_BOUND('',#720,.T.);
#51=FACE_BOUND('',#722,.T.);
#52=FACE_BOUND('',#726,.T.);
#53=FACE_BOUND('',#728,.T.);
#54=FACE_BOUND('',#732,.T.);
#55=FACE_BOUND('',#734,.T.);
#56=FACE_BOUND('',#738,.T.);
#57=FACE_BOUND('',#740,.T.);
#58=FACE_BOUND('',#744,.T.);
#59=FACE_BOUND('',#746,.T.);
#60=FACE_BOUND('',#750,.T.);
#61=FACE_BOUND('',#752,.T.);
#62=FACE_BOUND('',#756,.T.);
#63=FACE_BOUND('',#758,.T.);
#64=TOROIDAL_SURFACE('',#3184,3.,1.);
#65=TOROIDAL_SURFACE('',#3191,3.,1.);
#66=TOROIDAL_SURFACE('',#3197,3.,1.);
#67=TOROIDAL_SURFACE('',#3203,3.,1.);
#68=CIRCLE('',#3150,3.);
#69=CIRCLE('',#3151,3.);
#70=CIRCLE('',#3152,3.);
#71=CIRCLE('',#3153,3.);
#72=CIRCLE('',#3154,3.);
#73=CIRCLE('',#3155,3.);
#74=CIRCLE('',#3157,3.);
#75=CIRCLE('',#3158,3.);
#76=CIRCLE('',#3159,3.);
#77=CIRCLE('',#3161,3.);
#78=CIRCLE('',#3162,3.);
#79=CIRCLE('',#3163,3.);
#80=CIRCLE('',#3164,3.);
#81=CIRCLE('',#3166,3.);
#82=CIRCLE('',#3167,3.);
#83=CIRCLE('',#3168,3.);
#84=CIRCLE('',#3169,3.);
#85=CIRCLE('',#3171,3.);
#86=CIRCLE('',#3172,3.);
#87=CIRCLE('',#3173,3.);
#88=CIRCLE('',#3175,3.);
#89=CIRCLE('',#3176,3.);
#90=CIRCLE('',#3177,3.);
#91=CIRCLE('',#3178,3.);
#92=CIRCLE('',#3180,3.);
#93=CIRCLE('',#3181,3.);
#94=CIRCLE('',#3182,3.);
#95=CIRCLE('',#3183,3.);
#96=CIRCLE('',#3185,1.00000000000001);
#97=CIRCLE('',#3186,3.);
#98=CIRCLE('',#3187,1.);
#99=CIRCLE('',#3188,4.);
#100=CIRCLE('',#3190,1.);
#101=CIRCLE('',#3192,3.);
#102=CIRCLE('',#3193,1.);
#103=CIRCLE('',#3194,4.);
#104=CIRCLE('',#3196,1.);
#105=CIRCLE('',#3198,3.);
#106=CIRCLE('',#3199,1.);
#107=CIRCLE('',#3200,4.);
#108=CIRCLE('',#3202,1.);
#109=CIRCLE('',#3204,3.);
#110=CIRCLE('',#3205,1.);
#111=CIRCLE('',#3206,4.);
#112=CIRCLE('',#3209,3.);
#113=CIRCLE('',#3210,3.);
#114=CIRCLE('',#3211,3.);
#115=CIRCLE('',#3212,3.);
#116=CIRCLE('',#3214,4.);
#117=CIRCLE('',#3215,4.);
#118=CIRCLE('',#3216,4.);
#119=CIRCLE('',#3218,3.);
#120=CIRCLE('',#3219,3.);
#121=CIRCLE('',#3220,3.);
#122=CIRCLE('',#3221,3.);
#123=CIRCLE('',#3222,3.);
#124=CIRCLE('',#3223,3.);
#125=CIRCLE('',#3225,4.);
#126=CIRCLE('',#3227,4.);
#127=CIRCLE('',#3228,4.);
#128=CIRCLE('',#3229,4.);
#129=CIRCLE('',#3231,4.);
#130=CIRCLE('',#3232,1.5);
#131=CIRCLE('',#3233,1.5);
#132=CIRCLE('',#3234,1.5);
#133=CIRCLE('',#3235,1.5);
#134=CIRCLE('',#3237,1.5);
#135=CIRCLE('',#3240,3.);
#136=CIRCLE('',#3241,3.);
#137=CIRCLE('',#3244,3.);
#138=CIRCLE('',#3245,3.);
#139=CIRCLE('',#3246,3.);
#140=CIRCLE('',#3247,3.);
#141=CIRCLE('',#3250,2.5);
#142=CIRCLE('',#3251,2.5);
#143=CIRCLE('',#3253,3.);
#144=CIRCLE('',#3255,3.);
#145=CIRCLE('',#3258,2.5);
#146=CIRCLE('',#3259,2.5);
#147=CIRCLE('',#3261,3.);
#148=CIRCLE('',#3263,3.);
#149=CIRCLE('',#3266,2.5);
#150=CIRCLE('',#3267,2.5);
#151=CIRCLE('',#3269,3.);
#152=CIRCLE('',#3271,3.);
#153=CIRCLE('',#3274,2.5);
#154=CIRCLE('',#3275,2.5);
#155=CIRCLE('',#3277,3.);
#156=CIRCLE('',#3279,3.);
#157=CIRCLE('',#3281,3.);
#158=CIRCLE('',#3282,3.);
#159=CIRCLE('',#3284,2.5);
#160=CIRCLE('',#3285,2.5);
#161=CIRCLE('',#3287,3.);
#162=CIRCLE('',#3289,3.);
#163=CIRCLE('',#3291,3.);
#164=CIRCLE('',#3292,3.);
#165=CIRCLE('',#3294,2.5);
#166=CIRCLE('',#3295,2.5);
#167=CIRCLE('',#3297,3.);
#168=CIRCLE('',#3299,3.);
#169=CIRCLE('',#3301,3.);
#170=CIRCLE('',#3302,3.);
#171=CIRCLE('',#3304,3.);
#172=CIRCLE('',#3305,3.);
#173=CIRCLE('',#3308,3.);
#174=CIRCLE('',#3309,3.);
#175=CIRCLE('',#3312,3.);
#176=CIRCLE('',#3313,3.);
#177=CIRCLE('',#3316,2.5);
#178=CIRCLE('',#3317,2.5);
#179=CIRCLE('',#3319,3.);
#180=CIRCLE('',#3321,3.);
#181=CIRCLE('',#3324,2.5);
#182=CIRCLE('',#3325,2.5);
#183=CIRCLE('',#3327,3.);
#184=CIRCLE('',#3329,3.);
#185=CIRCLE('',#3332,2.5);
#186=CIRCLE('',#3333,2.5);
#187=CIRCLE('',#3335,3.);
#188=CIRCLE('',#3337,3.);
#189=CIRCLE('',#3339,3.);
#190=CIRCLE('',#3340,3.);
#191=CIRCLE('',#3342,2.5);
#192=CIRCLE('',#3343,2.5);
#193=CIRCLE('',#3345,3.);
#194=CIRCLE('',#3347,3.);
#195=CIRCLE('',#3349,3.);
#196=CIRCLE('',#3350,3.);
#197=CIRCLE('',#3352,3.);
#198=CIRCLE('',#3353,3.);
#199=CIRCLE('',#3356,3.);
#200=CIRCLE('',#3357,3.);
#201=CIRCLE('',#3360,3.);
#202=CIRCLE('',#3362,3.);
#203=CIRCLE('',#3364,3.);
#204=CIRCLE('',#3366,3.);
#205=CIRCLE('',#3369,3.);
#206=CIRCLE('',#3372,3.);
#207=CIRCLE('',#3373,3.);
#208=CIRCLE('',#3375,3.);
#209=CIRCLE('',#3376,3.);
#210=CIRCLE('',#3378,3.);
#211=CIRCLE('',#3380,3.);
#212=CIRCLE('',#3381,3.);
#213=CIRCLE('',#3397,3.);
#214=CIRCLE('',#3399,1.5);
#215=CIRCLE('',#3401,1.5);
#216=CIRCLE('',#3414,1.5);
#217=CIRCLE('',#3417,3.);
#218=CIRCLE('',#3418,3.);
#219=CIRCLE('',#3420,3.);
#220=CIRCLE('',#3421,3.);
#221=CIRCLE('',#3422,3.);
#222=CIRCLE('',#3423,3.);
#223=CIRCLE('',#3424,3.);
#224=CIRCLE('',#3425,3.);
#225=CIRCLE('',#3426,3.);
#226=CIRCLE('',#3427,3.);
#227=CIRCLE('',#3429,3.);
#228=CIRCLE('',#3431,2.5);
#229=CIRCLE('',#3432,2.5);
#230=CIRCLE('',#3434,3.);
#231=CIRCLE('',#3436,3.);
#232=CIRCLE('',#3439,2.5);
#233=CIRCLE('',#3440,2.5);
#234=CIRCLE('',#3442,3.);
#235=CIRCLE('',#3444,3.);
#236=CIRCLE('',#3447,2.5);
#237=CIRCLE('',#3448,2.5);
#238=CIRCLE('',#3450,3.);
#239=CIRCLE('',#3452,3.);
#240=CIRCLE('',#3455,2.5);
#241=CIRCLE('',#3456,2.5);
#242=CIRCLE('',#3458,3.);
#243=CIRCLE('',#3460,3.);
#244=CIRCLE('',#3463,2.5);
#245=CIRCLE('',#3464,2.5);
#246=CIRCLE('',#3466,3.);
#247=CIRCLE('',#3468,3.);
#248=CIRCLE('',#3471,2.5);
#249=CIRCLE('',#3472,2.5);
#250=CIRCLE('',#3474,3.);
#251=CIRCLE('',#3476,3.);
#252=CIRCLE('',#3479,2.5);
#253=CIRCLE('',#3480,2.5);
#254=CIRCLE('',#3482,3.);
#255=CIRCLE('',#3484,3.);
#256=CIRCLE('',#3487,2.5);
#257=CIRCLE('',#3488,2.5);
#258=CIRCLE('',#3490,3.);
#259=CIRCLE('',#3492,3.);
#260=CIRCLE('',#3495,2.5);
#261=CIRCLE('',#3496,2.5);
#262=CIRCLE('',#3498,3.);
#263=CIRCLE('',#3500,3.);
#264=CIRCLE('',#3503,2.5);
#265=CIRCLE('',#3504,2.5);
#266=CIRCLE('',#3506,3.);
#267=CIRCLE('',#3508,3.);
#268=PLANE('',#3149);
#269=PLANE('',#3156);
#270=PLANE('',#3160);
#271=PLANE('',#3165);
#272=PLANE('',#3170);
#273=PLANE('',#3174);
#274=PLANE('',#3179);
#275=PLANE('',#3208);
#276=PLANE('',#3217);
#277=PLANE('',#3230);
#278=PLANE('',#3236);
#279=PLANE('',#3238);
#280=PLANE('',#3239);
#281=PLANE('',#3242);
#282=PLANE('',#3243);
#283=PLANE('',#3252);
#284=PLANE('',#3254);
#285=PLANE('',#3260);
#286=PLANE('',#3262);
#287=PLANE('',#3268);
#288=PLANE('',#3270);
#289=PLANE('',#3276);
#290=PLANE('',#3278);
#291=PLANE('',#3286);
#292=PLANE('',#3288);
#293=PLANE('',#3296);
#294=PLANE('',#3298);
#295=PLANE('',#3318);
#296=PLANE('',#3320);
#297=PLANE('',#3326);
#298=PLANE('',#3328);
#299=PLANE('',#3334);
#300=PLANE('',#3336);
#301=PLANE('',#3344);
#302=PLANE('',#3346);
#303=PLANE('',#3359);
#304=PLANE('',#3361);
#305=PLANE('',#3363);
#306=PLANE('',#3365);
#307=PLANE('',#3367);
#308=PLANE('',#3368);
#309=PLANE('',#3370);
#310=PLANE('',#3371);
#311=PLANE('',#3374);
#312=PLANE('',#3377);
#313=PLANE('',#3379);
#314=PLANE('',#3382);
#315=PLANE('',#3383);
#316=PLANE('',#3384);
#317=PLANE('',#3385);
#318=PLANE('',#3386);
#319=PLANE('',#3387);
#320=PLANE('',#3388);
#321=PLANE('',#3389);
#322=PLANE('',#3390);
#323=PLANE('',#3391);
#324=PLANE('',#3392);
#325=PLANE('',#3393);
#326=PLANE('',#3394);
#327=PLANE('',#3395);
#328=PLANE('',#3396);
#329=PLANE('',#3398);
#330=PLANE('',#3400);
#331=PLANE('',#3402);
#332=PLANE('',#3403);
#333=PLANE('',#3404);
#334=PLANE('',#3405);
#335=PLANE('',#3406);
#336=PLANE('',#3407);
#337=PLANE('',#3408);
#338=PLANE('',#3409);
#339=PLANE('',#3415);
#340=PLANE('',#3416);
#341=PLANE('',#3419);
#342=PLANE('',#3428);
#343=PLANE('',#3433);
#344=PLANE('',#3435);
#345=PLANE('',#3441);
#346=PLANE('',#3443);
#347=PLANE('',#3449);
#348=PLANE('',#3451);
#349=PLANE('',#3457);
#350=PLANE('',#3459);
#351=PLANE('',#3465);
#352=PLANE('',#3467);
#353=PLANE('',#3473);
#354=PLANE('',#3475);
#355=PLANE('',#3481);
#356=PLANE('',#3483);
#357=PLANE('',#3489);
#358=PLANE('',#3491);
#359=PLANE('',#3497);
#360=PLANE('',#3499);
#361=PLANE('',#3505);
#362=PLANE('',#3507);
#363=PLANE('',#3510);
#364=PLANE('',#3511);
#365=PLANE('',#3512);
#366=PLANE('',#3523);
#367=FACE_OUTER_BOUND('',#546,.T.);
#368=FACE_OUTER_BOUND('',#547,.T.);
#369=FACE_OUTER_BOUND('',#548,.T.);
#370=FACE_OUTER_BOUND('',#549,.T.);
#371=FACE_OUTER_BOUND('',#550,.T.);
#372=FACE_OUTER_BOUND('',#551,.T.);
#373=FACE_OUTER_BOUND('',#552,.T.);
#374=FACE_OUTER_BOUND('',#553,.T.);
#375=FACE_OUTER_BOUND('',#554,.T.);
#376=FACE_OUTER_BOUND('',#555,.T.);
#377=FACE_OUTER_BOUND('',#556,.T.);
#378=FACE_OUTER_BOUND('',#557,.T.);
#379=FACE_OUTER_BOUND('',#558,.T.);
#380=FACE_OUTER_BOUND('',#559,.T.);
#381=FACE_OUTER_BOUND('',#560,.T.);
#382=FACE_OUTER_BOUND('',#561,.T.);
#383=FACE_OUTER_BOUND('',#562,.T.);
#384=FACE_OUTER_BOUND('',#563,.T.);
#385=FACE_OUTER_BOUND('',#564,.T.);
#386=FACE_OUTER_BOUND('',#565,.T.);
#387=FACE_OUTER_BOUND('',#566,.T.);
#388=FACE_OUTER_BOUND('',#567,.T.);
#389=FACE_OUTER_BOUND('',#568,.T.);
#390=FACE_OUTER_BOUND('',#569,.T.);
#391=FACE_OUTER_BOUND('',#570,.T.);
#392=FACE_OUTER_BOUND('',#576,.T.);
#393=FACE_OUTER_BOUND('',#578,.T.);
#394=FACE_OUTER_BOUND('',#579,.T.);
#395=FACE_OUTER_BOUND('',#580,.T.);
#396=FACE_OUTER_BOUND('',#581,.T.);
#397=FACE_OUTER_BOUND('',#582,.T.);
#398=FACE_OUTER_BOUND('',#583,.T.);
#399=FACE_OUTER_BOUND('',#584,.T.);
#400=FACE_OUTER_BOUND('',#586,.T.);
#401=FACE_OUTER_BOUND('',#588,.T.);
#402=FACE_OUTER_BOUND('',#589,.T.);
#403=FACE_OUTER_BOUND('',#590,.T.);
#404=FACE_OUTER_BOUND('',#592,.T.);
#405=FACE_OUTER_BOUND('',#594,.T.);
#406=FACE_OUTER_BOUND('',#595,.T.);
#407=FACE_OUTER_BOUND('',#596,.T.);
#408=FACE_OUTER_BOUND('',#598,.T.);
#409=FACE_OUTER_BOUND('',#600,.T.);
#410=FACE_OUTER_BOUND('',#601,.T.);
#411=FACE_OUTER_BOUND('',#602,.T.);
#412=FACE_OUTER_BOUND('',#604,.T.);
#413=FACE_OUTER_BOUND('',#606,.T.);
#414=FACE_OUTER_BOUND('',#607,.T.);
#415=FACE_OUTER_BOUND('',#608,.T.);
#416=FACE_OUTER_BOUND('',#610,.T.);
#417=FACE_OUTER_BOUND('',#612,.T.);
#418=FACE_OUTER_BOUND('',#613,.T.);
#419=FACE_OUTER_BOUND('',#614,.T.);
#420=FACE_OUTER_BOUND('',#616,.T.);
#421=FACE_OUTER_BOUND('',#618,.T.);
#422=FACE_OUTER_BOUND('',#619,.T.);
#423=FACE_OUTER_BOUND('',#620,.T.);
#424=FACE_OUTER_BOUND('',#621,.T.);
#425=FACE_OUTER_BOUND('',#622,.T.);
#426=FACE_OUTER_BOUND('',#623,.T.);
#427=FACE_OUTER_BOUND('',#624,.T.);
#428=FACE_OUTER_BOUND('',#625,.T.);
#429=FACE_OUTER_BOUND('',#626,.T.);
#430=FACE_OUTER_BOUND('',#628,.T.);
#431=FACE_OUTER_BOUND('',#630,.T.);
#432=FACE_OUTER_BOUND('',#631,.T.);
#433=FACE_OUTER_BOUND('',#632,.T.);
#434=FACE_OUTER_BOUND('',#634,.T.);
#435=FACE_OUTER_BOUND('',#636,.T.);
#436=FACE_OUTER_BOUND('',#637,.T.);
#437=FACE_OUTER_BOUND('',#638,.T.);
#438=FACE_OUTER_BOUND('',#640,.T.);
#439=FACE_OUTER_BOUND('',#642,.T.);
#440=FACE_OUTER_BOUND('',#643,.T.);
#441=FACE_OUTER_BOUND('',#644,.T.);
#442=FACE_OUTER_BOUND('',#646,.T.);
#443=FACE_OUTER_BOUND('',#648,.T.);
#444=FACE_OUTER_BOUND('',#649,.T.);
#445=FACE_OUTER_BOUND('',#650,.T.);
#446=FACE_OUTER_BOUND('',#651,.T.);
#447=FACE_OUTER_BOUND('',#652,.T.);
#448=FACE_OUTER_BOUND('',#653,.T.);
#449=FACE_OUTER_BOUND('',#654,.T.);
#450=FACE_OUTER_BOUND('',#655,.T.);
#451=FACE_OUTER_BOUND('',#656,.T.);
#452=FACE_OUTER_BOUND('',#657,.T.);
#453=FACE_OUTER_BOUND('',#658,.T.);
#454=FACE_OUTER_BOUND('',#659,.T.);
#455=FACE_OUTER_BOUND('',#660,.T.);
#456=FACE_OUTER_BOUND('',#661,.T.);
#457=FACE_OUTER_BOUND('',#662,.T.);
#458=FACE_OUTER_BOUND('',#663,.T.);
#459=FACE_OUTER_BOUND('',#664,.T.);
#460=FACE_OUTER_BOUND('',#665,.T.);
#461=FACE_OUTER_BOUND('',#666,.T.);
#462=FACE_OUTER_BOUND('',#667,.T.);
#463=FACE_OUTER_BOUND('',#668,.T.);
#464=FACE_OUTER_BOUND('',#669,.T.);
#465=FACE_OUTER_BOUND('',#670,.T.);
#466=FACE_OUTER_BOUND('',#671,.T.);
#467=FACE_OUTER_BOUND('',#672,.T.);
#468=FACE_OUTER_BOUND('',#673,.T.);
#469=FACE_OUTER_BOUND('',#674,.T.);
#470=FACE_OUTER_BOUND('',#675,.T.);
#471=FACE_OUTER_BOUND('',#676,.T.);
#472=FACE_OUTER_BOUND('',#677,.T.);
#473=FACE_OUTER_BOUND('',#678,.T.);
#474=FACE_OUTER_BOUND('',#679,.T.);
#475=FACE_OUTER_BOUND('',#681,.T.);
#476=FACE_OUTER_BOUND('',#683,.T.);
#477=FACE_OUTER_BOUND('',#684,.T.);
#478=FACE_OUTER_BOUND('',#685,.T.);
#479=FACE_OUTER_BOUND('',#686,.T.);
#480=FACE_OUTER_BOUND('',#687,.T.);
#481=FACE_OUTER_BOUND('',#688,.T.);
#482=FACE_OUTER_BOUND('',#689,.T.);
#483=FACE_OUTER_BOUND('',#690,.T.);
#484=FACE_OUTER_BOUND('',#691,.T.);
#485=FACE_OUTER_BOUND('',#692,.T.);
#486=FACE_OUTER_BOUND('',#693,.T.);
#487=FACE_OUTER_BOUND('',#694,.T.);
#488=FACE_OUTER_BOUND('',#695,.T.);
#489=FACE_OUTER_BOUND('',#697,.T.);
#490=FACE_OUTER_BOUND('',#698,.T.);
#491=FACE_OUTER_BOUND('',#699,.T.);
#492=FACE_OUTER_BOUND('',#700,.T.);
#493=FACE_OUTER_BOUND('',#701,.T.);
#494=FACE_OUTER_BOUND('',#703,.T.);
#495=FACE_OUTER_BOUND('',#705,.T.);
#496=FACE_OUTER_BOUND('',#706,.T.);
#497=FACE_OUTER_BOUND('',#707,.T.);
#498=FACE_OUTER_BOUND('',#709,.T.);
#499=FACE_OUTER_BOUND('',#711,.T.);
#500=FACE_OUTER_BOUND('',#712,.T.);
#501=FACE_OUTER_BOUND('',#713,.T.);
#502=FACE_OUTER_BOUND('',#715,.T.);
#503=FACE_OUTER_BOUND('',#717,.T.);
#504=FACE_OUTER_BOUND('',#718,.T.);
#505=FACE_OUTER_BOUND('',#719,.T.);
#506=FACE_OUTER_BOUND('',#721,.T.);
#507=FACE_OUTER_BOUND('',#723,.T.);
#508=FACE_OUTER_BOUND('',#724,.T.);
#509=FACE_OUTER_BOUND('',#725,.T.);
#510=FACE_OUTER_BOUND('',#727,.T.);
#511=FACE_OUTER_BOUND('',#729,.T.);
#512=FACE_OUTER_BOUND('',#730,.T.);
#513=FACE_OUTER_BOUND('',#731,.T.);
#514=FACE_OUTER_BOUND('',#733,.T.);
#515=FACE_OUTER_BOUND('',#735,.T.);
#516=FACE_OUTER_BOUND('',#736,.T.);
#517=FACE_OUTER_BOUND('',#737,.T.);
#518=FACE_OUTER_BOUND('',#739,.T.);
#519=FACE_OUTER_BOUND('',#741,.T.);
#520=FACE_OUTER_BOUND('',#742,.T.);
#521=FACE_OUTER_BOUND('',#743,.T.);
#522=FACE_OUTER_BOUND('',#745,.T.);
#523=FACE_OUTER_BOUND('',#747,.T.);
#524=FACE_OUTER_BOUND('',#748,.T.);
#525=FACE_OUTER_BOUND('',#749,.T.);
#526=FACE_OUTER_BOUND('',#751,.T.);
#527=FACE_OUTER_BOUND('',#753,.T.);
#528=FACE_OUTER_BOUND('',#754,.T.);
#529=FACE_OUTER_BOUND('',#755,.T.);
#530=FACE_OUTER_BOUND('',#757,.T.);
#531=FACE_OUTER_BOUND('',#759,.T.);
#532=FACE_OUTER_BOUND('',#760,.T.);
#533=FACE_OUTER_BOUND('',#761,.T.);
#534=FACE_OUTER_BOUND('',#762,.T.);
#535=FACE_OUTER_BOUND('',#763,.T.);
#536=FACE_OUTER_BOUND('',#764,.T.);
#537=FACE_OUTER_BOUND('',#765,.T.);
#538=FACE_OUTER_BOUND('',#766,.T.);
#539=FACE_OUTER_BOUND('',#767,.T.);
#540=FACE_OUTER_BOUND('',#768,.T.);
#541=FACE_OUTER_BOUND('',#769,.T.);
#542=FACE_OUTER_BOUND('',#770,.T.);
#543=FACE_OUTER_BOUND('',#771,.T.);
#544=FACE_OUTER_BOUND('',#772,.T.);
#545=FACE_OUTER_BOUND('',#773,.T.);
#546=EDGE_LOOP('',(#1980,#1981,#1982,#1983,#1984,#1985,#1986,#1987));
#547=EDGE_LOOP('',(#1988,#1989,#1990,#1991,#1992,#1993,#1994,#1995));
#548=EDGE_LOOP('',(#1996,#1997,#1998,#1999,#2000,#2001,#2002,#2003));
#549=EDGE_LOOP('',(#2004,#2005,#2006,#2007,#2008,#2009,#2010,#2011));
#550=EDGE_LOOP('',(#2012,#2013,#2014,#2015,#2016,#2017,#2018,#2019,#2020,
#2021,#2022,#2023,#2024,#2025,#2026,#2027));
#551=EDGE_LOOP('',(#2028,#2029,#2030,#2031,#2032));
#552=EDGE_LOOP('',(#2033,#2034,#2035,#2036,#2037,#2038,#2039,#2040));
#553=EDGE_LOOP('',(#2041,#2042,#2043,#2044,#2045,#2046,#2047,#2048));
#554=EDGE_LOOP('',(#2049,#2050,#2051,#2052,#2053));
#555=EDGE_LOOP('',(#2054,#2055,#2056,#2057,#2058,#2059,#2060,#2061));
#556=EDGE_LOOP('',(#2062,#2063,#2064,#2065,#2066,#2067,#2068,#2069));
#557=EDGE_LOOP('',(#2070,#2071,#2072,#2073));
#558=EDGE_LOOP('',(#2074,#2075,#2076,#2077,#2078,#2079,#2080,#2081));
#559=EDGE_LOOP('',(#2082,#2083,#2084,#2085));
#560=EDGE_LOOP('',(#2086,#2087,#2088,#2089,#2090,#2091,#2092,#2093));
#561=EDGE_LOOP('',(#2094,#2095,#2096,#2097));
#562=EDGE_LOOP('',(#2098,#2099,#2100,#2101,#2102,#2103,#2104,#2105));
#563=EDGE_LOOP('',(#2106,#2107,#2108,#2109));
#564=EDGE_LOOP('',(#2110,#2111,#2112,#2113,#2114,#2115,#2116,#2117));
#565=EDGE_LOOP('',(#2118,#2119,#2120,#2121,#2122,#2123,#2124,#2125,#2126,
#2127,#2128,#2129,#2130,#2131,#2132,#2133,#2134,#2135));
#566=EDGE_LOOP('',(#2136,#2137,#2138,#2139,#2140,#2141,#2142,#2143));
#567=EDGE_LOOP('',(#2144,#2145,#2146,#2147,#2148,#2149,#2150,#2151,#2152,
#2153,#2154,#2155,#2156));
#568=EDGE_LOOP('',(#2157,#2158,#2159,#2160));
#569=EDGE_LOOP('',(#2161,#2162,#2163,#2164,#2165,#2166,#2167,#2168));
#570=EDGE_LOOP('',(#2169,#2170,#2171,#2172,#2173,#2174,#2175,#2176));
#571=EDGE_LOOP('',(#2177,#2178,#2179,#2180,#2181,#2182,#2183,#2184));
#572=EDGE_LOOP('',(#2185));
#573=EDGE_LOOP('',(#2186));
#574=EDGE_LOOP('',(#2187));
#575=EDGE_LOOP('',(#2188));
#576=EDGE_LOOP('',(#2189,#2190,#2191,#2192,#2193,#2194));
#577=EDGE_LOOP('',(#2195));
#578=EDGE_LOOP('',(#2196,#2197,#2198,#2199,#2200));
#579=EDGE_LOOP('',(#2201,#2202,#2203,#2204,#2205,#2206,#2207));
#580=EDGE_LOOP('',(#2208,#2209,#2210,#2211,#2212));
#581=EDGE_LOOP('',(#2213,#2214,#2215,#2216,#2217,#2218,#2219,#2220,#2221,
#2222));
#582=EDGE_LOOP('',(#2223,#2224,#2225,#2226));
#583=EDGE_LOOP('',(#2227,#2228,#2229,#2230));
#584=EDGE_LOOP('',(#2231));
#585=EDGE_LOOP('',(#2232));
#586=EDGE_LOOP('',(#2233));
#587=EDGE_LOOP('',(#2234));
#588=EDGE_LOOP('',(#2235,#2236,#2237,#2238,#2239));
#589=EDGE_LOOP('',(#2240,#2241,#2242,#2243));
#590=EDGE_LOOP('',(#2244));
#591=EDGE_LOOP('',(#2245));
#592=EDGE_LOOP('',(#2246));
#593=EDGE_LOOP('',(#2247));
#594=EDGE_LOOP('',(#2248,#2249,#2250,#2251,#2252));
#595=EDGE_LOOP('',(#2253,#2254,#2255,#2256));
#596=EDGE_LOOP('',(#2257));
#597=EDGE_LOOP('',(#2258));
#598=EDGE_LOOP('',(#2259));
#599=EDGE_LOOP('',(#2260));
#600=EDGE_LOOP('',(#2261,#2262,#2263,#2264,#2265));
#601=EDGE_LOOP('',(#2266,#2267,#2268,#2269));
#602=EDGE_LOOP('',(#2270));
#603=EDGE_LOOP('',(#2271));
#604=EDGE_LOOP('',(#2272));
#605=EDGE_LOOP('',(#2273));
#606=EDGE_LOOP('',(#2274,#2275,#2276,#2277,#2278));
#607=EDGE_LOOP('',(#2279,#2280,#2281,#2282));
#608=EDGE_LOOP('',(#2283));
#609=EDGE_LOOP('',(#2284));
#610=EDGE_LOOP('',(#2285));
#611=EDGE_LOOP('',(#2286));
#612=EDGE_LOOP('',(#2287,#2288,#2289,#2290,#2291));
#613=EDGE_LOOP('',(#2292,#2293,#2294,#2295));
#614=EDGE_LOOP('',(#2296));
#615=EDGE_LOOP('',(#2297));
#616=EDGE_LOOP('',(#2298));
#617=EDGE_LOOP('',(#2299));
#618=EDGE_LOOP('',(#2300,#2301,#2302,#2303,#2304));
#619=EDGE_LOOP('',(#2305,#2306,#2307,#2308,#2309));
#620=EDGE_LOOP('',(#2310,#2311,#2312,#2313,#2314));
#621=EDGE_LOOP('',(#2315,#2316,#2317,#2318,#2319));
#622=EDGE_LOOP('',(#2320,#2321,#2322,#2323,#2324));
#623=EDGE_LOOP('',(#2325,#2326,#2327,#2328,#2329));
#624=EDGE_LOOP('',(#2330,#2331,#2332,#2333,#2334));
#625=EDGE_LOOP('',(#2335,#2336,#2337,#2338));
#626=EDGE_LOOP('',(#2339));
#627=EDGE_LOOP('',(#2340));
#628=EDGE_LOOP('',(#2341));
#629=EDGE_LOOP('',(#2342));
#630=EDGE_LOOP('',(#2343,#2344,#2345,#2346,#2347));
#631=EDGE_LOOP('',(#2348,#2349,#2350,#2351));
#632=EDGE_LOOP('',(#2352));
#633=EDGE_LOOP('',(#2353));
#634=EDGE_LOOP('',(#2354));
#635=EDGE_LOOP('',(#2355));
#636=EDGE_LOOP('',(#2356,#2357,#2358,#2359,#2360));
#637=EDGE_LOOP('',(#2361,#2362,#2363,#2364));
#638=EDGE_LOOP('',(#2365));
#639=EDGE_LOOP('',(#2366));
#640=EDGE_LOOP('',(#2367));
#641=EDGE_LOOP('',(#2368));
#642=EDGE_LOOP('',(#2369,#2370,#2371,#2372,#2373));
#643=EDGE_LOOP('',(#2374,#2375,#2376,#2377));
#644=EDGE_LOOP('',(#2378));
#645=EDGE_LOOP('',(#2379));
#646=EDGE_LOOP('',(#2380));
#647=EDGE_LOOP('',(#2381));
#648=EDGE_LOOP('',(#2382,#2383,#2384,#2385,#2386));
#649=EDGE_LOOP('',(#2387,#2388,#2389,#2390,#2391));
#650=EDGE_LOOP('',(#2392,#2393,#2394,#2395,#2396));
#651=EDGE_LOOP('',(#2397,#2398,#2399,#2400,#2401));
#652=EDGE_LOOP('',(#2402,#2403,#2404,#2405,#2406));
#653=EDGE_LOOP('',(#2407));
#654=EDGE_LOOP('',(#2408));
#655=EDGE_LOOP('',(#2409,#2410));
#656=EDGE_LOOP('',(#2411,#2412,#2413));
#657=EDGE_LOOP('',(#2414,#2415,#2416,#2417));
#658=EDGE_LOOP('',(#2418,#2419));
#659=EDGE_LOOP('',(#2420,#2421,#2422,#2423));
#660=EDGE_LOOP('',(#2424,#2425,#2426));
#661=EDGE_LOOP('',(#2427,#2428,#2429,#2430));
#662=EDGE_LOOP('',(#2431,#2432));
#663=EDGE_LOOP('',(#2433,#2434,#2435,#2436,#2437));
#664=EDGE_LOOP('',(#2438,#2439,#2440,#2441));
#665=EDGE_LOOP('',(#2442,#2443,#2444,#2445));
#666=EDGE_LOOP('',(#2446,#2447,#2448,#2449,#2450));
#667=EDGE_LOOP('',(#2451,#2452,#2453,#2454,#2455));
#668=EDGE_LOOP('',(#2456,#2457,#2458,#2459,#2460));
#669=EDGE_LOOP('',(#2461,#2462,#2463,#2464,#2465));
#670=EDGE_LOOP('',(#2466,#2467,#2468,#2469));
#671=EDGE_LOOP('',(#2470,#2471,#2472,#2473,#2474));
#672=EDGE_LOOP('',(#2475,#2476,#2477,#2478));
#673=EDGE_LOOP('',(#2479,#2480,#2481,#2482,#2483));
#674=EDGE_LOOP('',(#2484,#2485,#2486,#2487));
#675=EDGE_LOOP('',(#2488,#2489,#2490,#2491));
#676=EDGE_LOOP('',(#2492,#2493,#2494,#2495,#2496));
#677=EDGE_LOOP('',(#2497,#2498,#2499,#2500));
#678=EDGE_LOOP('',(#2501,#2502,#2503,#2504));
#679=EDGE_LOOP('',(#2505,#2506,#2507,#2508,#2509,#2510));
#680=EDGE_LOOP('',(#2511));
#681=EDGE_LOOP('',(#2512,#2513,#2514,#2515,#2516));
#682=EDGE_LOOP('',(#2517));
#683=EDGE_LOOP('',(#2518,#2519,#2520,#2521,#2522,#2523,#2524,#2525));
#684=EDGE_LOOP('',(#2526,#2527,#2528,#2529));
#685=EDGE_LOOP('',(#2530,#2531,#2532,#2533,#2534,#2535));
#686=EDGE_LOOP('',(#2536,#2537,#2538,#2539,#2540,#2541));
#687=EDGE_LOOP('',(#2542,#2543,#2544,#2545,#2546,#2547));
#688=EDGE_LOOP('',(#2548,#2549,#2550,#2551,#2552));
#689=EDGE_LOOP('',(#2553,#2554,#2555,#2556,#2557,#2558,#2559,#2560));
#690=EDGE_LOOP('',(#2561,#2562,#2563,#2564,#2565,#2566,#2567,#2568));
#691=EDGE_LOOP('',(#2569,#2570,#2571,#2572));
#692=EDGE_LOOP('',(#2573,#2574,#2575,#2576));
#693=EDGE_LOOP('',(#2577,#2578,#2579,#2580));
#694=EDGE_LOOP('',(#2581,#2582,#2583,#2584));
#695=EDGE_LOOP('',(#2585,#2586,#2587,#2588,#2589));
#696=EDGE_LOOP('',(#2590));
#697=EDGE_LOOP('',(#2591,#2592,#2593,#2594,#2595,#2596,#2597));
#698=EDGE_LOOP('',(#2598,#2599,#2600,#2601,#2602,#2603,#2604,#2605,#2606,
#2607,#2608,#2609,#2610,#2611,#2612,#2613,#2614,#2615,#2616,#2617,#2618,
#2619,#2620,#2621,#2622,#2623,#2624,#2625,#2626));
#699=EDGE_LOOP('',(#2627,#2628,#2629,#2630,#2631,#2632));
#700=EDGE_LOOP('',(#2633,#2634,#2635,#2636));
#701=EDGE_LOOP('',(#2637));
#702=EDGE_LOOP('',(#2638));
#703=EDGE_LOOP('',(#2639));
#704=EDGE_LOOP('',(#2640));
#705=EDGE_LOOP('',(#2641,#2642,#2643,#2644,#2645,#2646));
#706=EDGE_LOOP('',(#2647,#2648,#2649,#2650));
#707=EDGE_LOOP('',(#2651));
#708=EDGE_LOOP('',(#2652));
#709=EDGE_LOOP('',(#2653));
#710=EDGE_LOOP('',(#2654));
#711=EDGE_LOOP('',(#2655,#2656,#2657,#2658,#2659,#2660));
#712=EDGE_LOOP('',(#2661,#2662,#2663,#2664));
#713=EDGE_LOOP('',(#2665));
#714=EDGE_LOOP('',(#2666));
#715=EDGE_LOOP('',(#2667));
#716=EDGE_LOOP('',(#2668));
#717=EDGE_LOOP('',(#2669,#2670,#2671,#2672,#2673,#2674));
#718=EDGE_LOOP('',(#2675,#2676,#2677,#2678));
#719=EDGE_LOOP('',(#2679));
#720=EDGE_LOOP('',(#2680));
#721=EDGE_LOOP('',(#2681));
#722=EDGE_LOOP('',(#2682));
#723=EDGE_LOOP('',(#2683,#2684,#2685,#2686,#2687,#2688));
#724=EDGE_LOOP('',(#2689,#2690,#2691,#2692));
#725=EDGE_LOOP('',(#2693));
#726=EDGE_LOOP('',(#2694));
#727=EDGE_LOOP('',(#2695));
#728=EDGE_LOOP('',(#2696));
#729=EDGE_LOOP('',(#2697,#2698,#2699,#2700,#2701,#2702));
#730=EDGE_LOOP('',(#2703,#2704,#2705,#2706));
#731=EDGE_LOOP('',(#2707));
#732=EDGE_LOOP('',(#2708));
#733=EDGE_LOOP('',(#2709));
#734=EDGE_LOOP('',(#2710));
#735=EDGE_LOOP('',(#2711,#2712,#2713,#2714));
#736=EDGE_LOOP('',(#2715,#2716,#2717,#2718));
#737=EDGE_LOOP('',(#2719));
#738=EDGE_LOOP('',(#2720));
#739=EDGE_LOOP('',(#2721));
#740=EDGE_LOOP('',(#2722));
#741=EDGE_LOOP('',(#2723,#2724,#2725,#2726,#2727,#2728));
#742=EDGE_LOOP('',(#2729,#2730,#2731,#2732));
#743=EDGE_LOOP('',(#2733));
#744=EDGE_LOOP('',(#2734));
#745=EDGE_LOOP('',(#2735));
#746=EDGE_LOOP('',(#2736));
#747=EDGE_LOOP('',(#2737,#2738,#2739,#2740,#2741,#2742));
#748=EDGE_LOOP('',(#2743,#2744,#2745,#2746));
#749=EDGE_LOOP('',(#2747));
#750=EDGE_LOOP('',(#2748));
#751=EDGE_LOOP('',(#2749));
#752=EDGE_LOOP('',(#2750));
#753=EDGE_LOOP('',(#2751,#2752,#2753,#2754,#2755,#2756));
#754=EDGE_LOOP('',(#2757,#2758,#2759,#2760));
#755=EDGE_LOOP('',(#2761));
#756=EDGE_LOOP('',(#2762));
#757=EDGE_LOOP('',(#2763));
#758=EDGE_LOOP('',(#2764));
#759=EDGE_LOOP('',(#2765,#2766,#2767,#2768));
#760=EDGE_LOOP('',(#2769,#2770,#2771,#2772,#2773,#2774,#2775,#2776,#2777,
#2778));
#761=EDGE_LOOP('',(#2779,#2780,#2781,#2782,#2783,#2784,#2785,#2786,#2787,
#2788));
#762=EDGE_LOOP('',(#2789,#2790,#2791,#2792,#2793,#2794,#2795,#2796,#2797,
#2798,#2799,#2800,#2801,#2802));
#763=EDGE_LOOP('',(#2803,#2804,#2805,#2806,#2807,#2808));
#764=EDGE_LOOP('',(#2809,#2810,#2811,#2812,#2813,#2814));
#765=EDGE_LOOP('',(#2815,#2816,#2817,#2818,#2819));
#766=EDGE_LOOP('',(#2820,#2821,#2822,#2823,#2824));
#767=EDGE_LOOP('',(#2825,#2826,#2827,#2828,#2829,#2830));
#768=EDGE_LOOP('',(#2831,#2832,#2833,#2834,#2835,#2836));
#769=EDGE_LOOP('',(#2837,#2838,#2839,#2840,#2841));
#770=EDGE_LOOP('',(#2842,#2843,#2844,#2845,#2846));
#771=EDGE_LOOP('',(#2847,#2848,#2849,#2850,#2851,#2852));
#772=EDGE_LOOP('',(#2853,#2854,#2855,#2856,#2857,#2858));
#773=EDGE_LOOP('',(#2859,#2860,#2861,#2862,#2863,#2864,#2865,#2866,#2867,
#2868,#2869,#2870,#2871));
#774=ELLIPSE('',#3142,1.4142135623731,1.);
#775=ELLIPSE('',#3143,1.41421356237309,1.);
#776=ELLIPSE('',#3145,1.41421356237309,1.);
#777=ELLIPSE('',#3147,1.4142135623731,1.);
#778=LINE('',#4538,#1020);
#779=LINE('',#4540,#1021);
#780=LINE('',#4542,#1022);
#781=LINE('',#4546,#1023);
#782=LINE('',#4548,#1024);
#783=LINE('',#4550,#1025);
#784=LINE('',#4554,#1026);
#785=LINE('',#4556,#1027);
#786=LINE('',#4560,#1028);
#787=LINE('',#4562,#1029);
#788=LINE('',#4564,#1030);
#789=LINE('',#4565,#1031);
#790=LINE('',#4568,#1032);
#791=LINE('',#4570,#1033);
#792=LINE('',#4572,#1034);
#793=LINE('',#4576,#1035);
#794=LINE('',#4578,#1036);
#795=LINE('',#4579,#1037);
#796=LINE('',#4582,#1038);
#797=LINE('',#4584,#1039);
#798=LINE('',#4586,#1040);
#799=LINE('',#4587,#1041);
#800=LINE('',#4589,#1042);
#801=LINE('',#4590,#1043);
#802=LINE('',#4602,#1044);
#803=LINE('',#4604,#1045);
#804=LINE('',#4606,#1046);
#805=LINE('',#4608,#1047);
#806=LINE('',#4610,#1048);
#807=LINE('',#4611,#1049);
#808=LINE('',#4616,#1050);
#809=LINE('',#4624,#1051);
#810=LINE('',#4627,#1052);
#811=LINE('',#4637,#1053);
#812=LINE('',#4640,#1054);
#813=LINE('',#4647,#1055);
#814=LINE('',#4653,#1056);
#815=LINE('',#4658,#1057);
#816=LINE('',#4663,#1058);
#817=LINE('',#4668,#1059);
#818=LINE('',#4681,#1060);
#819=LINE('',#4683,#1061);
#820=LINE('',#4684,#1062);
#821=LINE('',#4694,#1063);
#822=LINE('',#4696,#1064);
#823=LINE('',#4698,#1065);
#824=LINE('',#4699,#1066);
#825=LINE('',#4709,#1067);
#826=LINE('',#4711,#1068);
#827=LINE('',#4712,#1069);
#828=LINE('',#4720,#1070);
#829=LINE('',#4722,#1071);
#830=LINE('',#4724,#1072);
#831=LINE('',#4725,#1073);
#832=LINE('',#4734,#1074);
#833=LINE('',#4736,#1075);
#834=LINE('',#4738,#1076);
#835=LINE('',#4740,#1077);
#836=LINE('',#4742,#1078);
#837=LINE('',#4744,#1079);
#838=LINE('',#4746,#1080);
#839=LINE('',#4748,#1081);
#840=LINE('',#4750,#1082);
#841=LINE('',#4752,#1083);
#842=LINE('',#4753,#1084);
#843=LINE('',#4756,#1085);
#844=LINE('',#4761,#1086);
#845=LINE('',#4774,#1087);
#846=LINE('',#4775,#1088);
#847=LINE('',#4778,#1089);
#848=LINE('',#4784,#1090);
#849=LINE('',#4788,#1091);
#850=LINE('',#4791,#1092);
#851=LINE('',#4794,#1093);
#852=LINE('',#4797,#1094);
#853=LINE('',#4799,#1095);
#854=LINE('',#4801,#1096);
#855=LINE('',#4803,#1097);
#856=LINE('',#4805,#1098);
#857=LINE('',#4807,#1099);
#858=LINE('',#4809,#1100);
#859=LINE('',#4810,#1101);
#860=LINE('',#4821,#1102);
#861=LINE('',#4823,#1103);
#862=LINE('',#4825,#1104);
#863=LINE('',#4826,#1105);
#864=LINE('',#4831,#1106);
#865=LINE('',#4833,#1107);
#866=LINE('',#4834,#1108);
#867=LINE('',#4837,#1109);
#868=LINE('',#4843,#1110);
#869=LINE('',#4844,#1111);
#870=LINE('',#4847,#1112);
#871=LINE('',#4849,#1113);
#872=LINE('',#4850,#1114);
#873=LINE('',#4852,#1115);
#874=LINE('',#4860,#1116);
#875=LINE('',#4865,#1117);
#876=LINE('',#4874,#1118);
#877=LINE('',#4879,#1119);
#878=LINE('',#4888,#1120);
#879=LINE('',#4893,#1121);
#880=LINE('',#4902,#1122);
#881=LINE('',#4907,#1123);
#882=LINE('',#4917,#1124);
#883=LINE('',#4924,#1125);
#884=LINE('',#4934,#1126);
#885=LINE('',#4941,#1127);
#886=LINE('',#4951,#1128);
#887=LINE('',#4958,#1129);
#888=LINE('',#4960,#1130);
#889=LINE('',#4965,#1131);
#890=LINE('',#4967,#1132);
#891=LINE('',#4972,#1133);
#892=LINE('',#4974,#1134);
#893=LINE('',#4979,#1135);
#894=LINE('',#4988,#1136);
#895=LINE('',#4993,#1137);
#896=LINE('',#5002,#1138);
#897=LINE('',#5007,#1139);
#898=LINE('',#5017,#1140);
#899=LINE('',#5024,#1141);
#900=LINE('',#5034,#1142);
#901=LINE('',#5041,#1143);
#902=LINE('',#5043,#1144);
#903=LINE('',#5048,#1145);
#904=LINE('',#5050,#1146);
#905=LINE('',#5061,#1147);
#906=LINE('',#5067,#1148);
#907=LINE('',#5068,#1149);
#908=LINE('',#5071,#1150);
#909=LINE('',#5073,#1151);
#910=LINE('',#5074,#1152);
#911=LINE('',#5079,#1153);
#912=LINE('',#5083,#1154);
#913=LINE('',#5084,#1155);
#914=LINE('',#5085,#1156);
#915=LINE('',#5091,#1157);
#916=LINE('',#5098,#1158);
#917=LINE('',#5100,#1159);
#918=LINE('',#5106,#1160);
#919=LINE('',#5112,#1161);
#920=LINE('',#5113,#1162);
#921=LINE('',#5118,#1163);
#922=LINE('',#5120,#1164);
#923=LINE('',#5122,#1165);
#924=LINE('',#5123,#1166);
#925=LINE('',#5126,#1167);
#926=LINE('',#5128,#1168);
#927=LINE('',#5129,#1169);
#928=LINE('',#5132,#1170);
#929=LINE('',#5133,#1171);
#930=LINE('',#5134,#1172);
#931=LINE('',#5137,#1173);
#932=LINE('',#5139,#1174);
#933=LINE('',#5140,#1175);
#934=LINE('',#5144,#1176);
#935=LINE('',#5146,#1177);
#936=LINE('',#5147,#1178);
#937=LINE('',#5148,#1179);
#938=LINE('',#5151,#1180);
#939=LINE('',#5153,#1181);
#940=LINE('',#5154,#1182);
#941=LINE('',#5157,#1183);
#942=LINE('',#5159,#1184);
#943=LINE('',#5160,#1185);
#944=LINE('',#5163,#1186);
#945=LINE('',#5164,#1187);
#946=LINE('',#5165,#1188);
#947=LINE('',#5168,#1189);
#948=LINE('',#5169,#1190);
#949=LINE('',#5172,#1191);
#950=LINE('',#5174,#1192);
#951=LINE('',#5175,#1193);
#952=LINE('',#5177,#1194);
#953=LINE('',#5178,#1195);
#954=LINE('',#5180,#1196);
#955=LINE('',#5183,#1197);
#956=LINE('',#5184,#1198);
#957=LINE('',#5186,#1199);
#958=LINE('',#5193,#1200);
#959=LINE('',#5198,#1201);
#960=LINE('',#5200,#1202);
#961=LINE('',#5201,#1203);
#962=LINE('',#5202,#1204);
#963=LINE('',#5203,#1205);
#964=LINE('',#5206,#1206);
#965=LINE('',#5207,#1207);
#966=LINE('',#5210,#1208);
#967=LINE('',#5211,#1209);
#968=LINE('',#5212,#1210);
#969=LINE('',#5215,#1211);
#970=LINE('',#5216,#1212);
#971=LINE('',#5217,#1213);
#972=LINE('',#5220,#1214);
#973=LINE('',#5221,#1215);
#974=LINE('',#5222,#1216);
#975=LINE('',#5224,#1217);
#976=LINE('',#5225,#1218);
#977=LINE('',#5228,#1219);
#978=LINE('',#5229,#1220);
#979=LINE('',#5231,#1221);
#980=LINE('',#5232,#1222);
#981=LINE('',#5233,#1223);
#982=LINE('',#5235,#1224);
#983=LINE('',#5237,#1225);
#984=LINE('',#5239,#1226);
#985=LINE('',#5242,#1227);
#986=LINE('',#5253,#1228);
#987=LINE('',#5254,#1229);
#988=LINE('',#5270,#1230);
#989=LINE('',#5279,#1231);
#990=LINE('',#5284,#1232);
#991=LINE('',#5293,#1233);
#992=LINE('',#5298,#1234);
#993=LINE('',#5307,#1235);
#994=LINE('',#5312,#1236);
#995=LINE('',#5321,#1237);
#996=LINE('',#5326,#1238);
#997=LINE('',#5335,#1239);
#998=LINE('',#5340,#1240);
#999=LINE('',#5349,#1241);
#1000=LINE('',#5354,#1242);
#1001=LINE('',#5363,#1243);
#1002=LINE('',#5368,#1244);
#1003=LINE('',#5377,#1245);
#1004=LINE('',#5382,#1246);
#1005=LINE('',#5391,#1247);
#1006=LINE('',#5396,#1248);
#1007=LINE('',#5405,#1249);
#1008=LINE('',#5407,#1250);
#1009=LINE('',#5409,#1251);
#1010=LINE('',#5412,#1252);
#1011=LINE('',#5414,#1253);
#1012=LINE('',#5416,#1254);
#1013=LINE('',#5418,#1255);
#1014=LINE('',#5420,#1256);
#1015=LINE('',#5422,#1257);
#1016=LINE('',#5424,#1258);
#1017=LINE('',#5426,#1259);
#1018=LINE('',#5428,#1260);
#1019=LINE('',#5430,#1261);
#1020=VECTOR('',#3528,10.);
#1021=VECTOR('',#3529,10.);
#1022=VECTOR('',#3530,10.);
#1023=VECTOR('',#3533,10.);
#1024=VECTOR('',#3534,10.);
#1025=VECTOR('',#3535,10.);
#1026=VECTOR('',#3540,10.);
#1027=VECTOR('',#3541,10.);
#1028=VECTOR('',#3544,10.);
#1029=VECTOR('',#3545,10.);
#1030=VECTOR('',#3546,10.);
#1031=VECTOR('',#3547,10.);
#1032=VECTOR('',#3550,10.);
#1033=VECTOR('',#3551,10.);
#1034=VECTOR('',#3552,10.);
#1035=VECTOR('',#3555,10.);
#1036=VECTOR('',#3556,10.);
#1037=VECTOR('',#3557,10.);
#1038=VECTOR('',#3560,10.);
#1039=VECTOR('',#3561,10.);
#1040=VECTOR('',#3562,10.);
#1041=VECTOR('',#3563,10.);
#1042=VECTOR('',#3564,10.);
#1043=VECTOR('',#3565,10.);
#1044=VECTOR('',#3580,10.);
#1045=VECTOR('',#3581,10.);
#1046=VECTOR('',#3582,10.);
#1047=VECTOR('',#3583,10.);
#1048=VECTOR('',#3584,10.);
#1049=VECTOR('',#3585,10.);
#1050=VECTOR('',#3590,10.);
#1051=VECTOR('',#3599,10.);
#1052=VECTOR('',#3602,10.);
#1053=VECTOR('',#3613,10.);
#1054=VECTOR('',#3616,10.);
#1055=VECTOR('',#3625,10.);
#1056=VECTOR('',#3632,10.);
#1057=VECTOR('',#3637,10.);
#1058=VECTOR('',#3644,10.);
#1059=VECTOR('',#3649,10.);
#1060=VECTOR('',#3666,10.);
#1061=VECTOR('',#3667,10.);
#1062=VECTOR('',#3668,10.);
#1063=VECTOR('',#3681,10.);
#1064=VECTOR('',#3682,10.);
#1065=VECTOR('',#3683,10.);
#1066=VECTOR('',#3684,10.);
#1067=VECTOR('',#3697,10.);
#1068=VECTOR('',#3698,10.);
#1069=VECTOR('',#3699,10.);
#1070=VECTOR('',#3710,10.);
#1071=VECTOR('',#3711,10.);
#1072=VECTOR('',#3712,10.);
#1073=VECTOR('',#3713,10.);
#1074=VECTOR('',#3724,10.);
#1075=VECTOR('',#3725,10.);
#1076=VECTOR('',#3726,10.);
#1077=VECTOR('',#3727,10.);
#1078=VECTOR('',#3728,10.);
#1079=VECTOR('',#3729,10.);
#1080=VECTOR('',#3730,10.);
#1081=VECTOR('',#3731,10.);
#1082=VECTOR('',#3732,10.);
#1083=VECTOR('',#3733,10.);
#1084=VECTOR('',#3734,10.);
#1085=VECTOR('',#3737,10.);
#1086=VECTOR('',#3742,10.);
#1087=VECTOR('',#3759,10.);
#1088=VECTOR('',#3760,10.);
#1089=VECTOR('',#3763,10.);
#1090=VECTOR('',#3770,10.);
#1091=VECTOR('',#3775,10.);
#1092=VECTOR('',#3778,10.);
#1093=VECTOR('',#3781,10.);
#1094=VECTOR('',#3782,10.);
#1095=VECTOR('',#3783,10.);
#1096=VECTOR('',#3784,10.);
#1097=VECTOR('',#3785,10.);
#1098=VECTOR('',#3786,10.);
#1099=VECTOR('',#3787,10.);
#1100=VECTOR('',#3788,10.);
#1101=VECTOR('',#3789,10.);
#1102=VECTOR('',#3800,10.);
#1103=VECTOR('',#3801,10.);
#1104=VECTOR('',#3802,10.);
#1105=VECTOR('',#3803,10.);
#1106=VECTOR('',#3808,10.);
#1107=VECTOR('',#3809,10.);
#1108=VECTOR('',#3810,10.);
#1109=VECTOR('',#3813,10.);
#1110=VECTOR('',#3818,10.);
#1111=VECTOR('',#3819,10.);
#1112=VECTOR('',#3822,10.);
#1113=VECTOR('',#3823,10.);
#1114=VECTOR('',#3824,10.);
#1115=VECTOR('',#3827,10.);
#1116=VECTOR('',#3838,10.);
#1117=VECTOR('',#3843,2.5);
#1118=VECTOR('',#3856,3.);
#1119=VECTOR('',#3861,2.5);
#1120=VECTOR('',#3874,3.);
#1121=VECTOR('',#3879,2.5);
#1122=VECTOR('',#3892,3.);
#1123=VECTOR('',#3897,2.5);
#1124=VECTOR('',#3910,3.);
#1125=VECTOR('',#3919,2.5);
#1126=VECTOR('',#3932,3.);
#1127=VECTOR('',#3941,2.5);
#1128=VECTOR('',#3954,3.);
#1129=VECTOR('',#3965,3.);
#1130=VECTOR('',#3968,3.);
#1131=VECTOR('',#3975,3.);
#1132=VECTOR('',#3978,3.);
#1133=VECTOR('',#3985,3.);
#1134=VECTOR('',#3988,3.);
#1135=VECTOR('',#3993,2.5);
#1136=VECTOR('',#4006,3.);
#1137=VECTOR('',#4011,2.5);
#1138=VECTOR('',#4024,3.);
#1139=VECTOR('',#4029,2.5);
#1140=VECTOR('',#4042,3.);
#1141=VECTOR('',#4051,2.5);
#1142=VECTOR('',#4064,3.);
#1143=VECTOR('',#4075,3.);
#1144=VECTOR('',#4078,3.);
#1145=VECTOR('',#4085,3.);
#1146=VECTOR('',#4088,3.);
#1147=VECTOR('',#4101,10.);
#1148=VECTOR('',#4106,10.);
#1149=VECTOR('',#4107,10.);
#1150=VECTOR('',#4110,10.);
#1151=VECTOR('',#4111,10.);
#1152=VECTOR('',#4112,10.);
#1153=VECTOR('',#4117,10.);
#1154=VECTOR('',#4120,10.);
#1155=VECTOR('',#4121,10.);
#1156=VECTOR('',#4122,10.);
#1157=VECTOR('',#4127,10.);
#1158=VECTOR('',#4134,10.);
#1159=VECTOR('',#4135,10.);
#1160=VECTOR('',#4142,10.);
#1161=VECTOR('',#4147,10.);
#1162=VECTOR('',#4148,10.);
#1163=VECTOR('',#4153,10.);
#1164=VECTOR('',#4154,10.);
#1165=VECTOR('',#4155,10.);
#1166=VECTOR('',#4156,10.);
#1167=VECTOR('',#4159,10.);
#1168=VECTOR('',#4160,10.);
#1169=VECTOR('',#4161,10.);
#1170=VECTOR('',#4164,10.);
#1171=VECTOR('',#4165,10.);
#1172=VECTOR('',#4166,10.);
#1173=VECTOR('',#4169,10.);
#1174=VECTOR('',#4170,10.);
#1175=VECTOR('',#4171,10.);
#1176=VECTOR('',#4174,10.);
#1177=VECTOR('',#4175,10.);
#1178=VECTOR('',#4176,10.);
#1179=VECTOR('',#4177,10.);
#1180=VECTOR('',#4180,10.);
#1181=VECTOR('',#4181,10.);
#1182=VECTOR('',#4182,10.);
#1183=VECTOR('',#4185,10.);
#1184=VECTOR('',#4186,10.);
#1185=VECTOR('',#4187,10.);
#1186=VECTOR('',#4190,10.);
#1187=VECTOR('',#4191,10.);
#1188=VECTOR('',#4192,10.);
#1189=VECTOR('',#4195,10.);
#1190=VECTOR('',#4196,10.);
#1191=VECTOR('',#4199,10.);
#1192=VECTOR('',#4200,10.);
#1193=VECTOR('',#4201,10.);
#1194=VECTOR('',#4204,10.);
#1195=VECTOR('',#4205,10.);
#1196=VECTOR('',#4208,10.);
#1197=VECTOR('',#4211,10.);
#1198=VECTOR('',#4212,10.);
#1199=VECTOR('',#4215,10.);
#1200=VECTOR('',#4226,10.);
#1201=VECTOR('',#4231,10.);
#1202=VECTOR('',#4232,10.);
#1203=VECTOR('',#4233,10.);
#1204=VECTOR('',#4234,10.);
#1205=VECTOR('',#4235,10.);
#1206=VECTOR('',#4238,10.);
#1207=VECTOR('',#4239,10.);
#1208=VECTOR('',#4242,10.);
#1209=VECTOR('',#4243,10.);
#1210=VECTOR('',#4244,10.);
#1211=VECTOR('',#4247,10.);
#1212=VECTOR('',#4248,10.);
#1213=VECTOR('',#4249,10.);
#1214=VECTOR('',#4252,10.);
#1215=VECTOR('',#4253,10.);
#1216=VECTOR('',#4254,10.);
#1217=VECTOR('',#4257,10.);
#1218=VECTOR('',#4258,10.);
#1219=VECTOR('',#4261,10.);
#1220=VECTOR('',#4262,10.);
#1221=VECTOR('',#4265,10.);
#1222=VECTOR('',#4266,10.);
#1223=VECTOR('',#4267,10.);
#1224=VECTOR('',#4270,1.5);
#1225=VECTOR('',#4273,1.5);
#1226=VECTOR('',#4276,1.5);
#1227=VECTOR('',#4279,1.5);
#1228=VECTOR('',#4296,10.);
#1229=VECTOR('',#4297,10.);
#1230=VECTOR('',#4318,2.5);
#1231=VECTOR('',#4331,3.);
#1232=VECTOR('',#4336,2.5);
#1233=VECTOR('',#4349,3.);
#1234=VECTOR('',#4354,2.5);
#1235=VECTOR('',#4367,3.);
#1236=VECTOR('',#4372,2.5);
#1237=VECTOR('',#4385,3.);
#1238=VECTOR('',#4390,2.5);
#1239=VECTOR('',#4403,3.);
#1240=VECTOR('',#4408,2.5);
#1241=VECTOR('',#4421,3.);
#1242=VECTOR('',#4426,2.5);
#1243=VECTOR('',#4439,3.);
#1244=VECTOR('',#4444,2.5);
#1245=VECTOR('',#4457,3.);
#1246=VECTOR('',#4462,2.5);
#1247=VECTOR('',#4475,3.);
#1248=VECTOR('',#4480,2.5);
#1249=VECTOR('',#4493,3.);
#1250=VECTOR('',#4496,10.);
#1251=VECTOR('',#4499,10.);
#1252=VECTOR('',#4504,3.);
#1253=VECTOR('',#4507,3.);
#1254=VECTOR('',#4510,3.);
#1255=VECTOR('',#4513,3.);
#1256=VECTOR('',#4516,3.);
#1257=VECTOR('',#4519,3.);
#1258=VECTOR('',#4522,3.);
#1259=VECTOR('',#4525,3.);
#1260=VECTOR('',#4528,3.);
#1261=VECTOR('',#4531,3.);
#1262=VERTEX_POINT('',#4536);
#1263=VERTEX_POINT('',#4537);
#1264=VERTEX_POINT('',#4539);
#1265=VERTEX_POINT('',#4541);
#1266=VERTEX_POINT('',#4543);
#1267=VERTEX_POINT('',#4545);
#1268=VERTEX_POINT('',#4547);
#1269=VERTEX_POINT('',#4549);
#1270=VERTEX_POINT('',#4553);
#1271=VERTEX_POINT('',#4555);
#1272=VERTEX_POINT('',#4557);
#1273=VERTEX_POINT('',#4559);
#1274=VERTEX_POINT('',#4561);
#1275=VERTEX_POINT('',#4563);
#1276=VERTEX_POINT('',#4567);
#1277=VERTEX_POINT('',#4569);
#1278=VERTEX_POINT('',#4571);
#1279=VERTEX_POINT('',#4573);
#1280=VERTEX_POINT('',#4575);
#1281=VERTEX_POINT('',#4577);
#1282=VERTEX_POINT('',#4581);
#1283=VERTEX_POINT('',#4583);
#1284=VERTEX_POINT('',#4585);
#1285=VERTEX_POINT('',#4588);
#1286=VERTEX_POINT('',#4592);
#1287=VERTEX_POINT('',#4595);
#1288=VERTEX_POINT('',#4598);
#1289=VERTEX_POINT('',#4601);
#1290=VERTEX_POINT('',#4603);
#1291=VERTEX_POINT('',#4605);
#1292=VERTEX_POINT('',#4607);
#1293=VERTEX_POINT('',#4609);
#1294=VERTEX_POINT('',#4613);
#1295=VERTEX_POINT('',#4615);
#1296=VERTEX_POINT('',#4617);
#1297=VERTEX_POINT('',#4621);
#1298=VERTEX_POINT('',#4623);
#1299=VERTEX_POINT('',#4625);
#1300=VERTEX_POINT('',#4628);
#1301=VERTEX_POINT('',#4632);
#1302=VERTEX_POINT('',#4634);
#1303=VERTEX_POINT('',#4636);
#1304=VERTEX_POINT('',#4638);
#1305=VERTEX_POINT('',#4643);
#1306=VERTEX_POINT('',#4645);
#1307=VERTEX_POINT('',#4650);
#1308=VERTEX_POINT('',#4652);
#1309=VERTEX_POINT('',#4654);
#1310=VERTEX_POINT('',#4656);
#1311=VERTEX_POINT('',#4662);
#1312=VERTEX_POINT('',#4664);
#1313=VERTEX_POINT('',#4666);
#1314=VERTEX_POINT('',#4671);
#1315=VERTEX_POINT('',#4674);
#1316=VERTEX_POINT('',#4678);
#1317=VERTEX_POINT('',#4680);
#1318=VERTEX_POINT('',#4682);
#1319=VERTEX_POINT('',#4687);
#1320=VERTEX_POINT('',#4691);
#1321=VERTEX_POINT('',#4693);
#1322=VERTEX_POINT('',#4695);
#1323=VERTEX_POINT('',#4697);
#1324=VERTEX_POINT('',#4702);
#1325=VERTEX_POINT('',#4706);
#1326=VERTEX_POINT('',#4708);
#1327=VERTEX_POINT('',#4710);
#1328=VERTEX_POINT('',#4715);
#1329=VERTEX_POINT('',#4719);
#1330=VERTEX_POINT('',#4721);
#1331=VERTEX_POINT('',#4723);
#1332=VERTEX_POINT('',#4727);
#1333=VERTEX_POINT('',#4730);
#1334=VERTEX_POINT('',#4733);
#1335=VERTEX_POINT('',#4735);
#1336=VERTEX_POINT('',#4737);
#1337=VERTEX_POINT('',#4739);
#1338=VERTEX_POINT('',#4741);
#1339=VERTEX_POINT('',#4743);
#1340=VERTEX_POINT('',#4745);
#1341=VERTEX_POINT('',#4747);
#1342=VERTEX_POINT('',#4749);
#1343=VERTEX_POINT('',#4751);
#1344=VERTEX_POINT('',#4755);
#1345=VERTEX_POINT('',#4758);
#1346=VERTEX_POINT('',#4760);
#1347=VERTEX_POINT('',#4764);
#1348=VERTEX_POINT('',#4767);
#1349=VERTEX_POINT('',#4770);
#1350=VERTEX_POINT('',#4773);
#1351=VERTEX_POINT('',#4777);
#1352=VERTEX_POINT('',#4781);
#1353=VERTEX_POINT('',#4783);
#1354=VERTEX_POINT('',#4786);
#1355=VERTEX_POINT('',#4790);
#1356=VERTEX_POINT('',#4792);
#1357=VERTEX_POINT('',#4795);
#1358=VERTEX_POINT('',#4796);
#1359=VERTEX_POINT('',#4798);
#1360=VERTEX_POINT('',#4800);
#1361=VERTEX_POINT('',#4802);
#1362=VERTEX_POINT('',#4804);
#1363=VERTEX_POINT('',#4806);
#1364=VERTEX_POINT('',#4808);
#1365=VERTEX_POINT('',#4811);
#1366=VERTEX_POINT('',#4813);
#1367=VERTEX_POINT('',#4815);
#1368=VERTEX_POINT('',#4817);
#1369=VERTEX_POINT('',#4820);
#1370=VERTEX_POINT('',#4822);
#1371=VERTEX_POINT('',#4824);
#1372=VERTEX_POINT('',#4827);
#1373=VERTEX_POINT('',#4830);
#1374=VERTEX_POINT('',#4832);
#1375=VERTEX_POINT('',#4836);
#1376=VERTEX_POINT('',#4838);
#1377=VERTEX_POINT('',#4840);
#1378=VERTEX_POINT('',#4842);
#1379=VERTEX_POINT('',#4846);
#1380=VERTEX_POINT('',#4848);
#1381=VERTEX_POINT('',#4853);
#1382=VERTEX_POINT('',#4856);
#1383=VERTEX_POINT('',#4862);
#1384=VERTEX_POINT('',#4864);
#1385=VERTEX_POINT('',#4868);
#1386=VERTEX_POINT('',#4871);
#1387=VERTEX_POINT('',#4876);
#1388=VERTEX_POINT('',#4878);
#1389=VERTEX_POINT('',#4882);
#1390=VERTEX_POINT('',#4885);
#1391=VERTEX_POINT('',#4890);
#1392=VERTEX_POINT('',#4892);
#1393=VERTEX_POINT('',#4896);
#1394=VERTEX_POINT('',#4899);
#1395=VERTEX_POINT('',#4904);
#1396=VERTEX_POINT('',#4906);
#1397=VERTEX_POINT('',#4910);
#1398=VERTEX_POINT('',#4913);
#1399=VERTEX_POINT('',#4916);
#1400=VERTEX_POINT('',#4921);
#1401=VERTEX_POINT('',#4923);
#1402=VERTEX_POINT('',#4927);
#1403=VERTEX_POINT('',#4930);
#1404=VERTEX_POINT('',#4933);
#1405=VERTEX_POINT('',#4938);
#1406=VERTEX_POINT('',#4940);
#1407=VERTEX_POINT('',#4944);
#1408=VERTEX_POINT('',#4947);
#1409=VERTEX_POINT('',#4950);
#1410=VERTEX_POINT('',#4955);
#1411=VERTEX_POINT('',#4962);
#1412=VERTEX_POINT('',#4969);
#1413=VERTEX_POINT('',#4976);
#1414=VERTEX_POINT('',#4978);
#1415=VERTEX_POINT('',#4982);
#1416=VERTEX_POINT('',#4985);
#1417=VERTEX_POINT('',#4990);
#1418=VERTEX_POINT('',#4992);
#1419=VERTEX_POINT('',#4996);
#1420=VERTEX_POINT('',#4999);
#1421=VERTEX_POINT('',#5004);
#1422=VERTEX_POINT('',#5006);
#1423=VERTEX_POINT('',#5010);
#1424=VERTEX_POINT('',#5013);
#1425=VERTEX_POINT('',#5016);
#1426=VERTEX_POINT('',#5021);
#1427=VERTEX_POINT('',#5023);
#1428=VERTEX_POINT('',#5027);
#1429=VERTEX_POINT('',#5030);
#1430=VERTEX_POINT('',#5033);
#1431=VERTEX_POINT('',#5038);
#1432=VERTEX_POINT('',#5045);
#1433=VERTEX_POINT('',#5052);
#1434=VERTEX_POINT('',#5055);
#1435=VERTEX_POINT('',#5058);
#1436=VERTEX_POINT('',#5059);
#1437=VERTEX_POINT('',#5063);
#1438=VERTEX_POINT('',#5064);
#1439=VERTEX_POINT('',#5066);
#1440=VERTEX_POINT('',#5070);
#1441=VERTEX_POINT('',#5072);
#1442=VERTEX_POINT('',#5076);
#1443=VERTEX_POINT('',#5077);
#1444=VERTEX_POINT('',#5081);
#1445=VERTEX_POINT('',#5082);
#1446=VERTEX_POINT('',#5087);
#1447=VERTEX_POINT('',#5088);
#1448=VERTEX_POINT('',#5090);
#1449=VERTEX_POINT('',#5094);
#1450=VERTEX_POINT('',#5095);
#1451=VERTEX_POINT('',#5097);
#1452=VERTEX_POINT('',#5099);
#1453=VERTEX_POINT('',#5103);
#1454=VERTEX_POINT('',#5104);
#1455=VERTEX_POINT('',#5108);
#1456=VERTEX_POINT('',#5109);
#1457=VERTEX_POINT('',#5111);
#1458=VERTEX_POINT('',#5116);
#1459=VERTEX_POINT('',#5117);
#1460=VERTEX_POINT('',#5119);
#1461=VERTEX_POINT('',#5121);
#1462=VERTEX_POINT('',#5125);
#1463=VERTEX_POINT('',#5127);
#1464=VERTEX_POINT('',#5131);
#1465=VERTEX_POINT('',#5136);
#1466=VERTEX_POINT('',#5138);
#1467=VERTEX_POINT('',#5142);
#1468=VERTEX_POINT('',#5143);
#1469=VERTEX_POINT('',#5145);
#1470=VERTEX_POINT('',#5150);
#1471=VERTEX_POINT('',#5152);
#1472=VERTEX_POINT('',#5156);
#1473=VERTEX_POINT('',#5158);
#1474=VERTEX_POINT('',#5162);
#1475=VERTEX_POINT('',#5167);
#1476=VERTEX_POINT('',#5171);
#1477=VERTEX_POINT('',#5173);
#1478=VERTEX_POINT('',#5182);
#1479=VERTEX_POINT('',#5190);
#1480=VERTEX_POINT('',#5194);
#1481=VERTEX_POINT('',#5197);
#1482=VERTEX_POINT('',#5199);
#1483=VERTEX_POINT('',#5205);
#1484=VERTEX_POINT('',#5209);
#1485=VERTEX_POINT('',#5214);
#1486=VERTEX_POINT('',#5219);
#1487=VERTEX_POINT('',#5227);
#1488=VERTEX_POINT('',#5241);
#1489=VERTEX_POINT('',#5246);
#1490=VERTEX_POINT('',#5252);
#1491=VERTEX_POINT('',#5255);
#1492=VERTEX_POINT('',#5258);
#1493=VERTEX_POINT('',#5261);
#1494=VERTEX_POINT('',#5267);
#1495=VERTEX_POINT('',#5269);
#1496=VERTEX_POINT('',#5273);
#1497=VERTEX_POINT('',#5276);
#1498=VERTEX_POINT('',#5281);
#1499=VERTEX_POINT('',#5283);
#1500=VERTEX_POINT('',#5287);
#1501=VERTEX_POINT('',#5290);
#1502=VERTEX_POINT('',#5295);
#1503=VERTEX_POINT('',#5297);
#1504=VERTEX_POINT('',#5301);
#1505=VERTEX_POINT('',#5304);
#1506=VERTEX_POINT('',#5309);
#1507=VERTEX_POINT('',#5311);
#1508=VERTEX_POINT('',#5315);
#1509=VERTEX_POINT('',#5318);
#1510=VERTEX_POINT('',#5323);
#1511=VERTEX_POINT('',#5325);
#1512=VERTEX_POINT('',#5329);
#1513=VERTEX_POINT('',#5332);
#1514=VERTEX_POINT('',#5337);
#1515=VERTEX_POINT('',#5339);
#1516=VERTEX_POINT('',#5343);
#1517=VERTEX_POINT('',#5346);
#1518=VERTEX_POINT('',#5351);
#1519=VERTEX_POINT('',#5353);
#1520=VERTEX_POINT('',#5357);
#1521=VERTEX_POINT('',#5360);
#1522=VERTEX_POINT('',#5365);
#1523=VERTEX_POINT('',#5367);
#1524=VERTEX_POINT('',#5371);
#1525=VERTEX_POINT('',#5374);
#1526=VERTEX_POINT('',#5379);
#1527=VERTEX_POINT('',#5381);
#1528=VERTEX_POINT('',#5385);
#1529=VERTEX_POINT('',#5388);
#1530=VERTEX_POINT('',#5393);
#1531=VERTEX_POINT('',#5395);
#1532=VERTEX_POINT('',#5399);
#1533=VERTEX_POINT('',#5402);
#1534=EDGE_CURVE('',#1262,#1263,#778,.T.);
#1535=EDGE_CURVE('',#1263,#1264,#779,.T.);
#1536=EDGE_CURVE('',#1264,#1265,#780,.T.);
#1537=EDGE_CURVE('',#1265,#1266,#774,.T.);
#1538=EDGE_CURVE('',#1266,#1267,#781,.T.);
#1539=EDGE_CURVE('',#1267,#1268,#782,.T.);
#1540=EDGE_CURVE('',#1268,#1269,#783,.T.);
#1541=EDGE_CURVE('',#1262,#1269,#775,.T.);
#1542=EDGE_CURVE('',#1265,#1270,#784,.T.);
#1543=EDGE_CURVE('',#1270,#1271,#785,.T.);
#1544=EDGE_CURVE('',#1271,#1272,#776,.T.);
#1545=EDGE_CURVE('',#1272,#1273,#786,.T.);
#1546=EDGE_CURVE('',#1273,#1274,#787,.T.);
#1547=EDGE_CURVE('',#1274,#1275,#788,.T.);
#1548=EDGE_CURVE('',#1275,#1266,#789,.T.);
#1549=EDGE_CURVE('',#1271,#1276,#790,.T.);
#1550=EDGE_CURVE('',#1276,#1277,#791,.T.);
#1551=EDGE_CURVE('',#1277,#1278,#792,.T.);
#1552=EDGE_CURVE('',#1278,#1279,#777,.T.);
#1553=EDGE_CURVE('',#1279,#1280,#793,.T.);
#1554=EDGE_CURVE('',#1280,#1281,#794,.T.);
#1555=EDGE_CURVE('',#1281,#1272,#795,.T.);
#1556=EDGE_CURVE('',#1269,#1282,#796,.T.);
#1557=EDGE_CURVE('',#1282,#1283,#797,.T.);
#1558=EDGE_CURVE('',#1283,#1284,#798,.T.);
#1559=EDGE_CURVE('',#1284,#1279,#799,.T.);
#1560=EDGE_CURVE('',#1278,#1285,#800,.T.);
#1561=EDGE_CURVE('',#1285,#1262,#801,.T.);
#1562=EDGE_CURVE('',#1284,#1286,#68,.T.);
#1563=EDGE_CURVE('',#1286,#1284,#69,.T.);
#1564=EDGE_CURVE('',#1283,#1287,#70,.T.);
#1565=EDGE_CURVE('',#1287,#1283,#71,.T.);
#1566=EDGE_CURVE('',#1282,#1288,#72,.T.);
#1567=EDGE_CURVE('',#1288,#1282,#73,.T.);
#1568=EDGE_CURVE('',#1289,#1269,#802,.T.);
#1569=EDGE_CURVE('',#1289,#1290,#803,.T.);
#1570=EDGE_CURVE('',#1290,#1291,#804,.T.);
#1571=EDGE_CURVE('',#1291,#1292,#805,.T.);
#1572=EDGE_CURVE('',#1292,#1293,#806,.T.);
#1573=EDGE_CURVE('',#1293,#1279,#807,.T.);
#1574=EDGE_CURVE('',#1276,#1294,#74,.T.);
#1575=EDGE_CURVE('',#1295,#1294,#808,.T.);
#1576=EDGE_CURVE('',#1295,#1296,#75,.T.);
#1577=EDGE_CURVE('',#1296,#1277,#76,.T.);
#1578=EDGE_CURVE('',#1270,#1297,#77,.T.);
#1579=EDGE_CURVE('',#1298,#1297,#809,.T.);
#1580=EDGE_CURVE('',#1298,#1299,#78,.T.);
#1581=EDGE_CURVE('',#1294,#1299,#810,.T.);
#1582=EDGE_CURVE('',#1294,#1300,#79,.T.);
#1583=EDGE_CURVE('',#1300,#1276,#80,.T.);
#1584=EDGE_CURVE('',#1264,#1301,#81,.T.);
#1585=EDGE_CURVE('',#1301,#1302,#82,.T.);
#1586=EDGE_CURVE('',#1303,#1302,#811,.T.);
#1587=EDGE_CURVE('',#1303,#1304,#83,.T.);
#1588=EDGE_CURVE('',#1297,#1304,#812,.T.);
#1589=EDGE_CURVE('',#1297,#1270,#84,.T.);
#1590=EDGE_CURVE('',#1263,#1305,#85,.T.);
#1591=EDGE_CURVE('',#1305,#1306,#86,.T.);
#1592=EDGE_CURVE('',#1302,#1306,#813,.T.);
#1593=EDGE_CURVE('',#1302,#1264,#87,.T.);
#1594=EDGE_CURVE('',#1285,#1307,#88,.T.);
#1595=EDGE_CURVE('',#1308,#1307,#814,.T.);
#1596=EDGE_CURVE('',#1308,#1309,#89,.T.);
#1597=EDGE_CURVE('',#1309,#1310,#90,.T.);
#1598=EDGE_CURVE('',#1306,#1310,#815,.T.);
#1599=EDGE_CURVE('',#1306,#1263,#91,.T.);
#1600=EDGE_CURVE('',#1277,#1295,#92,.T.);
#1601=EDGE_CURVE('',#1311,#1295,#816,.T.);
#1602=EDGE_CURVE('',#1311,#1312,#93,.T.);
#1603=EDGE_CURVE('',#1312,#1313,#94,.T.);
#1604=EDGE_CURVE('',#1307,#1313,#817,.T.);
#1605=EDGE_CURVE('',#1307,#1285,#95,.T.);
#1606=EDGE_CURVE('',#1314,#1313,#96,.T.);
#1607=EDGE_CURVE('',#1313,#1311,#97,.T.);
#1608=EDGE_CURVE('',#1311,#1315,#98,.T.);
#1609=EDGE_CURVE('',#1315,#1314,#99,.T.);
#1610=EDGE_CURVE('',#1299,#1316,#100,.T.);
#1611=EDGE_CURVE('',#1316,#1317,#818,.T.);
#1612=EDGE_CURVE('',#1317,#1318,#819,.T.);
#1613=EDGE_CURVE('',#1318,#1315,#820,.T.);
#1614=EDGE_CURVE('',#1299,#1298,#101,.T.);
#1615=EDGE_CURVE('',#1298,#1319,#102,.T.);
#1616=EDGE_CURVE('',#1319,#1316,#103,.T.);
#1617=EDGE_CURVE('',#1304,#1320,#104,.T.);
#1618=EDGE_CURVE('',#1320,#1321,#821,.T.);
#1619=EDGE_CURVE('',#1321,#1322,#822,.T.);
#1620=EDGE_CURVE('',#1322,#1323,#823,.T.);
#1621=EDGE_CURVE('',#1323,#1319,#824,.T.);
#1622=EDGE_CURVE('',#1304,#1303,#105,.T.);
#1623=EDGE_CURVE('',#1303,#1324,#106,.T.);
#1624=EDGE_CURVE('',#1324,#1320,#107,.T.);
#1625=EDGE_CURVE('',#1310,#1325,#108,.T.);
#1626=EDGE_CURVE('',#1325,#1326,#825,.T.);
#1627=EDGE_CURVE('',#1326,#1327,#826,.T.);
#1628=EDGE_CURVE('',#1327,#1324,#827,.T.);
#1629=EDGE_CURVE('',#1310,#1308,#109,.T.);
#1630=EDGE_CURVE('',#1308,#1328,#110,.T.);
#1631=EDGE_CURVE('',#1328,#1325,#111,.T.);
#1632=EDGE_CURVE('',#1314,#1329,#828,.T.);
#1633=EDGE_CURVE('',#1329,#1330,#829,.T.);
#1634=EDGE_CURVE('',#1330,#1331,#830,.T.);
#1635=EDGE_CURVE('',#1331,#1328,#831,.T.);
#1636=EDGE_CURVE('',#1327,#1332,#112,.T.);
#1637=EDGE_CURVE('',#1332,#1327,#113,.T.);
#1638=EDGE_CURVE('',#1326,#1333,#114,.T.);
#1639=EDGE_CURVE('',#1333,#1326,#115,.T.);
#1640=EDGE_CURVE('',#1334,#1325,#832,.T.);
#1641=EDGE_CURVE('',#1334,#1335,#833,.T.);
#1642=EDGE_CURVE('',#1336,#1335,#834,.T.);
#1643=EDGE_CURVE('',#1337,#1336,#835,.T.);
#1644=EDGE_CURVE('',#1338,#1337,#836,.T.);
#1645=EDGE_CURVE('',#1339,#1338,#837,.T.);
#1646=EDGE_CURVE('',#1340,#1339,#838,.T.);
#1647=EDGE_CURVE('',#1341,#1340,#839,.T.);
#1648=EDGE_CURVE('',#1341,#1342,#840,.T.);
#1649=EDGE_CURVE('',#1342,#1343,#841,.T.);
#1650=EDGE_CURVE('',#1324,#1343,#842,.T.);
#1651=EDGE_CURVE('',#1328,#1344,#843,.T.);
#1652=EDGE_CURVE('',#1344,#1338,#116,.T.);
#1653=EDGE_CURVE('',#1337,#1345,#117,.T.);
#1654=EDGE_CURVE('',#1345,#1346,#844,.T.);
#1655=EDGE_CURVE('',#1346,#1334,#118,.T.);
#1656=EDGE_CURVE('',#1331,#1347,#119,.T.);
#1657=EDGE_CURVE('',#1347,#1331,#120,.T.);
#1658=EDGE_CURVE('',#1330,#1348,#121,.T.);
#1659=EDGE_CURVE('',#1348,#1330,#122,.T.);
#1660=EDGE_CURVE('',#1329,#1349,#123,.T.);
#1661=EDGE_CURVE('',#1349,#1329,#124,.T.);
#1662=EDGE_CURVE('',#1350,#1314,#845,.T.);
#1663=EDGE_CURVE('',#1344,#1350,#846,.T.);
#1664=EDGE_CURVE('',#1315,#1351,#847,.T.);
#1665=EDGE_CURVE('',#1351,#1350,#125,.T.);
#1666=EDGE_CURVE('',#1343,#1352,#126,.T.);
#1667=EDGE_CURVE('',#1352,#1353,#848,.T.);
#1668=EDGE_CURVE('',#1353,#1340,#127,.T.);
#1669=EDGE_CURVE('',#1339,#1354,#128,.T.);
#1670=EDGE_CURVE('',#1354,#1320,#849,.T.);
#1671=EDGE_CURVE('',#1351,#1355,#850,.T.);
#1672=EDGE_CURVE('',#1356,#1355,#129,.T.);
#1673=EDGE_CURVE('',#1356,#1354,#851,.T.);
#1674=EDGE_CURVE('',#1357,#1358,#852,.T.);
#1675=EDGE_CURVE('',#1358,#1359,#853,.T.);
#1676=EDGE_CURVE('',#1359,#1360,#854,.T.);
#1677=EDGE_CURVE('',#1360,#1361,#855,.T.);
#1678=EDGE_CURVE('',#1361,#1362,#856,.T.);
#1679=EDGE_CURVE('',#1362,#1363,#857,.T.);
#1680=EDGE_CURVE('',#1363,#1364,#858,.T.);
#1681=EDGE_CURVE('',#1364,#1357,#859,.T.);
#1682=EDGE_CURVE('',#1365,#1365,#130,.T.);
#1683=EDGE_CURVE('',#1366,#1366,#131,.T.);
#1684=EDGE_CURVE('',#1367,#1367,#132,.T.);
#1685=EDGE_CURVE('',#1368,#1368,#133,.T.);
#1686=EDGE_CURVE('',#1353,#1369,#860,.T.);
#1687=EDGE_CURVE('',#1369,#1370,#861,.T.);
#1688=EDGE_CURVE('',#1370,#1371,#862,.T.);
#1689=EDGE_CURVE('',#1371,#1341,#863,.T.);
#1690=EDGE_CURVE('',#1372,#1372,#134,.T.);
#1691=EDGE_CURVE('',#1373,#1352,#864,.T.);
#1692=EDGE_CURVE('',#1374,#1373,#865,.T.);
#1693=EDGE_CURVE('',#1369,#1374,#866,.T.);
#1694=EDGE_CURVE('',#1346,#1375,#867,.T.);
#1695=EDGE_CURVE('',#1376,#1375,#135,.T.);
#1696=EDGE_CURVE('',#1377,#1376,#136,.T.);
#1697=EDGE_CURVE('',#1377,#1378,#868,.T.);
#1698=EDGE_CURVE('',#1378,#1335,#869,.T.);
#1699=EDGE_CURVE('',#1379,#1345,#870,.T.);
#1700=EDGE_CURVE('',#1379,#1380,#871,.T.);
#1701=EDGE_CURVE('',#1375,#1380,#872,.T.);
#1702=EDGE_CURVE('',#1355,#1316,#873,.T.);
#1703=EDGE_CURVE('',#1318,#1381,#137,.T.);
#1704=EDGE_CURVE('',#1381,#1318,#138,.T.);
#1705=EDGE_CURVE('',#1317,#1382,#139,.T.);
#1706=EDGE_CURVE('',#1382,#1317,#140,.T.);
#1707=EDGE_CURVE('',#1319,#1356,#874,.T.);
#1708=EDGE_CURVE('',#1383,#1383,#141,.T.);
#1709=EDGE_CURVE('',#1383,#1384,#875,.T.);
#1710=EDGE_CURVE('',#1384,#1384,#142,.T.);
#1711=EDGE_CURVE('',#1385,#1385,#143,.T.);
#1712=EDGE_CURVE('',#1386,#1386,#144,.T.);
#1713=EDGE_CURVE('',#1386,#1349,#876,.T.);
#1714=EDGE_CURVE('',#1387,#1387,#145,.T.);
#1715=EDGE_CURVE('',#1387,#1388,#877,.T.);
#1716=EDGE_CURVE('',#1388,#1388,#146,.T.);
#1717=EDGE_CURVE('',#1389,#1389,#147,.T.);
#1718=EDGE_CURVE('',#1390,#1390,#148,.T.);
#1719=EDGE_CURVE('',#1390,#1348,#878,.T.);
#1720=EDGE_CURVE('',#1391,#1391,#149,.T.);
#1721=EDGE_CURVE('',#1391,#1392,#879,.T.);
#1722=EDGE_CURVE('',#1392,#1392,#150,.T.);
#1723=EDGE_CURVE('',#1393,#1393,#151,.T.);
#1724=EDGE_CURVE('',#1394,#1394,#152,.T.);
#1725=EDGE_CURVE('',#1394,#1347,#880,.T.);
#1726=EDGE_CURVE('',#1395,#1395,#153,.T.);
#1727=EDGE_CURVE('',#1395,#1396,#881,.T.);
#1728=EDGE_CURVE('',#1396,#1396,#154,.T.);
#1729=EDGE_CURVE('',#1397,#1397,#155,.T.);
#1730=EDGE_CURVE('',#1398,#1398,#156,.T.);
#1731=EDGE_CURVE('',#1398,#1399,#882,.T.);
#1732=EDGE_CURVE('',#1273,#1399,#157,.T.);
#1733=EDGE_CURVE('',#1399,#1273,#158,.T.);
#1734=EDGE_CURVE('',#1400,#1400,#159,.T.);
#1735=EDGE_CURVE('',#1400,#1401,#883,.T.);
#1736=EDGE_CURVE('',#1401,#1401,#160,.T.);
#1737=EDGE_CURVE('',#1402,#1402,#161,.T.);
#1738=EDGE_CURVE('',#1403,#1403,#162,.T.);
#1739=EDGE_CURVE('',#1403,#1404,#884,.T.);
#1740=EDGE_CURVE('',#1274,#1404,#163,.T.);
#1741=EDGE_CURVE('',#1404,#1274,#164,.T.);
#1742=EDGE_CURVE('',#1405,#1405,#165,.T.);
#1743=EDGE_CURVE('',#1405,#1406,#885,.T.);
#1744=EDGE_CURVE('',#1406,#1406,#166,.T.);
#1745=EDGE_CURVE('',#1407,#1407,#167,.T.);
#1746=EDGE_CURVE('',#1408,#1408,#168,.T.);
#1747=EDGE_CURVE('',#1408,#1409,#886,.T.);
#1748=EDGE_CURVE('',#1275,#1409,#169,.T.);
#1749=EDGE_CURVE('',#1409,#1275,#170,.T.);
#1750=EDGE_CURVE('',#1321,#1410,#171,.T.);
#1751=EDGE_CURVE('',#1410,#1321,#172,.T.);
#1752=EDGE_CURVE('',#1410,#1407,#887,.T.);
#1753=EDGE_CURVE('',#1288,#1393,#888,.T.);
#1754=EDGE_CURVE('',#1322,#1411,#173,.T.);
#1755=EDGE_CURVE('',#1411,#1322,#174,.T.);
#1756=EDGE_CURVE('',#1411,#1402,#889,.T.);
#1757=EDGE_CURVE('',#1287,#1389,#890,.T.);
#1758=EDGE_CURVE('',#1323,#1412,#175,.T.);
#1759=EDGE_CURVE('',#1412,#1323,#176,.T.);
#1760=EDGE_CURVE('',#1412,#1397,#891,.T.);
#1761=EDGE_CURVE('',#1286,#1385,#892,.T.);
#1762=EDGE_CURVE('',#1413,#1413,#177,.T.);
#1763=EDGE_CURVE('',#1413,#1414,#893,.T.);
#1764=EDGE_CURVE('',#1414,#1414,#178,.T.);
#1765=EDGE_CURVE('',#1415,#1415,#179,.T.);
#1766=EDGE_CURVE('',#1416,#1416,#180,.T.);
#1767=EDGE_CURVE('',#1416,#1333,#894,.T.);
#1768=EDGE_CURVE('',#1417,#1417,#181,.T.);
#1769=EDGE_CURVE('',#1417,#1418,#895,.T.);
#1770=EDGE_CURVE('',#1418,#1418,#182,.T.);
#1771=EDGE_CURVE('',#1419,#1419,#183,.T.);
#1772=EDGE_CURVE('',#1420,#1420,#184,.T.);
#1773=EDGE_CURVE('',#1420,#1332,#896,.T.);
#1774=EDGE_CURVE('',#1421,#1421,#185,.T.);
#1775=EDGE_CURVE('',#1421,#1422,#897,.T.);
#1776=EDGE_CURVE('',#1422,#1422,#186,.T.);
#1777=EDGE_CURVE('',#1423,#1423,#187,.T.);
#1778=EDGE_CURVE('',#1424,#1424,#188,.T.);
#1779=EDGE_CURVE('',#1424,#1425,#898,.T.);
#1780=EDGE_CURVE('',#1280,#1425,#189,.T.);
#1781=EDGE_CURVE('',#1425,#1280,#190,.T.);
#1782=EDGE_CURVE('',#1426,#1426,#191,.T.);
#1783=EDGE_CURVE('',#1426,#1427,#899,.T.);
#1784=EDGE_CURVE('',#1427,#1427,#192,.T.);
#1785=EDGE_CURVE('',#1428,#1428,#193,.T.);
#1786=EDGE_CURVE('',#1429,#1429,#194,.T.);
#1787=EDGE_CURVE('',#1429,#1430,#900,.T.);
#1788=EDGE_CURVE('',#1281,#1430,#195,.T.);
#1789=EDGE_CURVE('',#1430,#1281,#196,.T.);
#1790=EDGE_CURVE('',#1267,#1431,#197,.T.);
#1791=EDGE_CURVE('',#1431,#1267,#198,.T.);
#1792=EDGE_CURVE('',#1431,#1419,#901,.T.);
#1793=EDGE_CURVE('',#1382,#1428,#902,.T.);
#1794=EDGE_CURVE('',#1268,#1432,#199,.T.);
#1795=EDGE_CURVE('',#1432,#1268,#200,.T.);
#1796=EDGE_CURVE('',#1432,#1415,#903,.T.);
#1797=EDGE_CURVE('',#1381,#1423,#904,.T.);
#1798=EDGE_CURVE('',#1433,#1433,#201,.T.);
#1799=EDGE_CURVE('',#1434,#1434,#202,.T.);
#1800=EDGE_CURVE('',#1435,#1436,#203,.T.);
#1801=EDGE_CURVE('',#1435,#1436,#905,.T.);
#1802=EDGE_CURVE('',#1437,#1438,#204,.T.);
#1803=EDGE_CURVE('',#1437,#1439,#906,.T.);
#1804=EDGE_CURVE('',#1439,#1438,#907,.T.);
#1805=EDGE_CURVE('',#1291,#1440,#908,.T.);
#1806=EDGE_CURVE('',#1440,#1441,#909,.T.);
#1807=EDGE_CURVE('',#1441,#1292,#910,.T.);
#1808=EDGE_CURVE('',#1442,#1443,#205,.T.);
#1809=EDGE_CURVE('',#1442,#1443,#911,.T.);
#1810=EDGE_CURVE('',#1444,#1445,#912,.T.);
#1811=EDGE_CURVE('',#1444,#1290,#913,.T.);
#1812=EDGE_CURVE('',#1445,#1289,#914,.T.);
#1813=EDGE_CURVE('',#1446,#1447,#206,.T.);
#1814=EDGE_CURVE('',#1446,#1448,#915,.T.);
#1815=EDGE_CURVE('',#1447,#1448,#207,.T.);
#1816=EDGE_CURVE('',#1449,#1450,#208,.T.);
#1817=EDGE_CURVE('',#1449,#1451,#916,.T.);
#1818=EDGE_CURVE('',#1451,#1452,#917,.T.);
#1819=EDGE_CURVE('',#1450,#1452,#209,.T.);
#1820=EDGE_CURVE('',#1453,#1454,#210,.T.);
#1821=EDGE_CURVE('',#1453,#1454,#918,.T.);
#1822=EDGE_CURVE('',#1455,#1456,#211,.T.);
#1823=EDGE_CURVE('',#1455,#1457,#919,.T.);
#1824=EDGE_CURVE('',#1457,#1374,#920,.T.);
#1825=EDGE_CURVE('',#1456,#1373,#212,.T.);
#1826=EDGE_CURVE('',#1458,#1459,#921,.T.);
#1827=EDGE_CURVE('',#1458,#1460,#922,.T.);
#1828=EDGE_CURVE('',#1461,#1460,#923,.T.);
#1829=EDGE_CURVE('',#1459,#1461,#924,.T.);
#1830=EDGE_CURVE('',#1459,#1462,#925,.T.);
#1831=EDGE_CURVE('',#1463,#1461,#926,.T.);
#1832=EDGE_CURVE('',#1462,#1463,#927,.T.);
#1833=EDGE_CURVE('',#1462,#1464,#928,.T.);
#1834=EDGE_CURVE('',#1452,#1463,#929,.T.);
#1835=EDGE_CURVE('',#1464,#1451,#930,.T.);
#1836=EDGE_CURVE('',#1464,#1465,#931,.T.);
#1837=EDGE_CURVE('',#1466,#1449,#932,.T.);
#1838=EDGE_CURVE('',#1465,#1466,#933,.T.);
#1839=EDGE_CURVE('',#1467,#1468,#934,.T.);
#1840=EDGE_CURVE('',#1467,#1469,#935,.T.);
#1841=EDGE_CURVE('',#1438,#1469,#936,.T.);
#1842=EDGE_CURVE('',#1468,#1439,#937,.T.);
#1843=EDGE_CURVE('',#1468,#1470,#938,.T.);
#1844=EDGE_CURVE('',#1471,#1437,#939,.T.);
#1845=EDGE_CURVE('',#1470,#1471,#940,.T.);
#1846=EDGE_CURVE('',#1470,#1472,#941,.T.);
#1847=EDGE_CURVE('',#1473,#1471,#942,.T.);
#1848=EDGE_CURVE('',#1472,#1473,#943,.T.);
#1849=EDGE_CURVE('',#1472,#1474,#944,.T.);
#1850=EDGE_CURVE('',#1292,#1473,#945,.T.);
#1851=EDGE_CURVE('',#1474,#1441,#946,.T.);
#1852=EDGE_CURVE('',#1336,#1475,#947,.T.);
#1853=EDGE_CURVE('',#1475,#1378,#948,.T.);
#1854=EDGE_CURVE('',#1475,#1476,#949,.T.);
#1855=EDGE_CURVE('',#1477,#1377,#950,.T.);
#1856=EDGE_CURVE('',#1476,#1477,#951,.T.);
#1857=EDGE_CURVE('',#1476,#1379,#952,.T.);
#1858=EDGE_CURVE('',#1380,#1477,#953,.T.);
#1859=EDGE_CURVE('',#1370,#1457,#954,.T.);
#1860=EDGE_CURVE('',#1478,#1455,#955,.T.);
#1861=EDGE_CURVE('',#1371,#1478,#956,.T.);
#1862=EDGE_CURVE('',#1342,#1478,#957,.T.);
#1863=EDGE_CURVE('',#1375,#1377,#213,.T.);
#1864=EDGE_CURVE('',#1479,#1479,#214,.T.);
#1865=EDGE_CURVE('',#1474,#1467,#958,.T.);
#1866=EDGE_CURVE('',#1480,#1480,#215,.T.);
#1867=EDGE_CURVE('',#1357,#1481,#959,.T.);
#1868=EDGE_CURVE('',#1364,#1482,#960,.T.);
#1869=EDGE_CURVE('',#1460,#1482,#961,.T.);
#1870=EDGE_CURVE('',#1465,#1458,#962,.T.);
#1871=EDGE_CURVE('',#1481,#1466,#963,.T.);
#1872=EDGE_CURVE('',#1363,#1483,#964,.T.);
#1873=EDGE_CURVE('',#1482,#1483,#965,.T.);
#1874=EDGE_CURVE('',#1362,#1484,#966,.T.);
#1875=EDGE_CURVE('',#1448,#1484,#967,.T.);
#1876=EDGE_CURVE('',#1483,#1446,#968,.T.);
#1877=EDGE_CURVE('',#1361,#1485,#969,.T.);
#1878=EDGE_CURVE('',#1290,#1485,#970,.T.);
#1879=EDGE_CURVE('',#1484,#1444,#971,.T.);
#1880=EDGE_CURVE('',#1360,#1486,#972,.T.);
#1881=EDGE_CURVE('',#1443,#1486,#973,.T.);
#1882=EDGE_CURVE('',#1485,#1442,#974,.T.);
#1883=EDGE_CURVE('',#1359,#1440,#975,.T.);
#1884=EDGE_CURVE('',#1486,#1291,#976,.T.);
#1885=EDGE_CURVE('',#1487,#1358,#977,.T.);
#1886=EDGE_CURVE('',#1469,#1487,#978,.T.);
#1887=EDGE_CURVE('',#1454,#1481,#979,.T.);
#1888=EDGE_CURVE('',#1436,#1453,#980,.T.);
#1889=EDGE_CURVE('',#1487,#1435,#981,.T.);
#1890=EDGE_CURVE('',#1365,#1480,#982,.T.);
#1891=EDGE_CURVE('',#1366,#1479,#983,.T.);
#1892=EDGE_CURVE('',#1367,#1372,#984,.T.);
#1893=EDGE_CURVE('',#1368,#1488,#985,.T.);
#1894=EDGE_CURVE('',#1488,#1488,#216,.T.);
#1895=EDGE_CURVE('',#1489,#1442,#217,.T.);
#1896=EDGE_CURVE('',#1443,#1489,#218,.T.);
#1897=EDGE_CURVE('',#1452,#1449,#219,.T.);
#1898=EDGE_CURVE('',#1448,#1446,#220,.T.);
#1899=EDGE_CURVE('',#1490,#1444,#986,.T.);
#1900=EDGE_CURVE('',#1293,#1490,#987,.T.);
#1901=EDGE_CURVE('',#1491,#1437,#221,.T.);
#1902=EDGE_CURVE('',#1438,#1491,#222,.T.);
#1903=EDGE_CURVE('',#1492,#1435,#223,.T.);
#1904=EDGE_CURVE('',#1436,#1492,#224,.T.);
#1905=EDGE_CURVE('',#1493,#1453,#225,.T.);
#1906=EDGE_CURVE('',#1454,#1493,#226,.T.);
#1907=EDGE_CURVE('',#1373,#1455,#227,.T.);
#1908=EDGE_CURVE('',#1494,#1494,#228,.T.);
#1909=EDGE_CURVE('',#1494,#1495,#988,.T.);
#1910=EDGE_CURVE('',#1495,#1495,#229,.T.);
#1911=EDGE_CURVE('',#1496,#1496,#230,.T.);
#1912=EDGE_CURVE('',#1497,#1497,#231,.T.);
#1913=EDGE_CURVE('',#1497,#1376,#989,.T.);
#1914=EDGE_CURVE('',#1498,#1498,#232,.T.);
#1915=EDGE_CURVE('',#1498,#1499,#990,.T.);
#1916=EDGE_CURVE('',#1499,#1499,#233,.T.);
#1917=EDGE_CURVE('',#1500,#1500,#234,.T.);
#1918=EDGE_CURVE('',#1501,#1501,#235,.T.);
#1919=EDGE_CURVE('',#1501,#1447,#991,.T.);
#1920=EDGE_CURVE('',#1502,#1502,#236,.T.);
#1921=EDGE_CURVE('',#1502,#1503,#992,.T.);
#1922=EDGE_CURVE('',#1503,#1503,#237,.T.);
#1923=EDGE_CURVE('',#1504,#1504,#238,.T.);
#1924=EDGE_CURVE('',#1505,#1505,#239,.T.);
#1925=EDGE_CURVE('',#1505,#1493,#993,.T.);
#1926=EDGE_CURVE('',#1506,#1506,#240,.T.);
#1927=EDGE_CURVE('',#1506,#1507,#994,.T.);
#1928=EDGE_CURVE('',#1507,#1507,#241,.T.);
#1929=EDGE_CURVE('',#1508,#1508,#242,.T.);
#1930=EDGE_CURVE('',#1509,#1509,#243,.T.);
#1931=EDGE_CURVE('',#1509,#1492,#995,.T.);
#1932=EDGE_CURVE('',#1510,#1510,#244,.T.);
#1933=EDGE_CURVE('',#1510,#1511,#996,.T.);
#1934=EDGE_CURVE('',#1511,#1511,#245,.T.);
#1935=EDGE_CURVE('',#1512,#1512,#246,.T.);
#1936=EDGE_CURVE('',#1513,#1513,#247,.T.);
#1937=EDGE_CURVE('',#1513,#1456,#997,.T.);
#1938=EDGE_CURVE('',#1514,#1514,#248,.T.);
#1939=EDGE_CURVE('',#1514,#1515,#998,.T.);
#1940=EDGE_CURVE('',#1515,#1515,#249,.T.);
#1941=EDGE_CURVE('',#1516,#1516,#250,.T.);
#1942=EDGE_CURVE('',#1517,#1517,#251,.T.);
#1943=EDGE_CURVE('',#1517,#1434,#999,.T.);
#1944=EDGE_CURVE('',#1518,#1518,#252,.T.);
#1945=EDGE_CURVE('',#1518,#1519,#1000,.T.);
#1946=EDGE_CURVE('',#1519,#1519,#253,.T.);
#1947=EDGE_CURVE('',#1520,#1520,#254,.T.);
#1948=EDGE_CURVE('',#1521,#1521,#255,.T.);
#1949=EDGE_CURVE('',#1521,#1489,#1001,.T.);
#1950=EDGE_CURVE('',#1522,#1522,#256,.T.);
#1951=EDGE_CURVE('',#1522,#1523,#1002,.T.);
#1952=EDGE_CURVE('',#1523,#1523,#257,.T.);
#1953=EDGE_CURVE('',#1524,#1524,#258,.T.);
#1954=EDGE_CURVE('',#1525,#1525,#259,.T.);
#1955=EDGE_CURVE('',#1525,#1450,#1003,.T.);
#1956=EDGE_CURVE('',#1526,#1526,#260,.T.);
#1957=EDGE_CURVE('',#1526,#1527,#1004,.T.);
#1958=EDGE_CURVE('',#1527,#1527,#261,.T.);
#1959=EDGE_CURVE('',#1528,#1528,#262,.T.);
#1960=EDGE_CURVE('',#1529,#1529,#263,.T.);
#1961=EDGE_CURVE('',#1529,#1491,#1005,.T.);
#1962=EDGE_CURVE('',#1530,#1530,#264,.T.);
#1963=EDGE_CURVE('',#1530,#1531,#1006,.T.);
#1964=EDGE_CURVE('',#1531,#1531,#265,.T.);
#1965=EDGE_CURVE('',#1532,#1532,#266,.T.);
#1966=EDGE_CURVE('',#1533,#1533,#267,.T.);
#1967=EDGE_CURVE('',#1533,#1433,#1007,.T.);
#1968=EDGE_CURVE('',#1490,#1272,#1008,.T.);
#1969=EDGE_CURVE('',#1445,#1266,#1009,.T.);
#1970=EDGE_CURVE('',#1309,#1496,#1010,.T.);
#1971=EDGE_CURVE('',#1296,#1508,#1011,.T.);
#1972=EDGE_CURVE('',#1285,#1520,#1012,.T.);
#1973=EDGE_CURVE('',#1304,#1512,#1013,.T.);
#1974=EDGE_CURVE('',#1301,#1532,#1014,.T.);
#1975=EDGE_CURVE('',#1305,#1516,#1015,.T.);
#1976=EDGE_CURVE('',#1297,#1500,#1016,.T.);
#1977=EDGE_CURVE('',#1298,#1524,#1017,.T.);
#1978=EDGE_CURVE('',#1312,#1528,#1018,.T.);
#1979=EDGE_CURVE('',#1300,#1504,#1019,.T.);
#1980=ORIENTED_EDGE('',*,*,#1534,.T.);
#1981=ORIENTED_EDGE('',*,*,#1535,.T.);
#1982=ORIENTED_EDGE('',*,*,#1536,.T.);
#1983=ORIENTED_EDGE('',*,*,#1537,.T.);
#1984=ORIENTED_EDGE('',*,*,#1538,.T.);
#1985=ORIENTED_EDGE('',*,*,#1539,.T.);
#1986=ORIENTED_EDGE('',*,*,#1540,.T.);
#1987=ORIENTED_EDGE('',*,*,#1541,.F.);
#1988=ORIENTED_EDGE('',*,*,#1542,.T.);
#1989=ORIENTED_EDGE('',*,*,#1543,.T.);
#1990=ORIENTED_EDGE('',*,*,#1544,.T.);
#1991=ORIENTED_EDGE('',*,*,#1545,.T.);
#1992=ORIENTED_EDGE('',*,*,#1546,.T.);
#1993=ORIENTED_EDGE('',*,*,#1547,.T.);
#1994=ORIENTED_EDGE('',*,*,#1548,.T.);
#1995=ORIENTED_EDGE('',*,*,#1537,.F.);
#1996=ORIENTED_EDGE('',*,*,#1549,.T.);
#1997=ORIENTED_EDGE('',*,*,#1550,.T.);
#1998=ORIENTED_EDGE('',*,*,#1551,.T.);
#1999=ORIENTED_EDGE('',*,*,#1552,.T.);
#2000=ORIENTED_EDGE('',*,*,#1553,.T.);
#2001=ORIENTED_EDGE('',*,*,#1554,.T.);
#2002=ORIENTED_EDGE('',*,*,#1555,.T.);
#2003=ORIENTED_EDGE('',*,*,#1544,.F.);
#2004=ORIENTED_EDGE('',*,*,#1556,.T.);
#2005=ORIENTED_EDGE('',*,*,#1557,.T.);
#2006=ORIENTED_EDGE('',*,*,#1558,.T.);
#2007=ORIENTED_EDGE('',*,*,#1559,.T.);
#2008=ORIENTED_EDGE('',*,*,#1552,.F.);
#2009=ORIENTED_EDGE('',*,*,#1560,.T.);
#2010=ORIENTED_EDGE('',*,*,#1561,.T.);
#2011=ORIENTED_EDGE('',*,*,#1541,.T.);
#2012=ORIENTED_EDGE('',*,*,#1559,.F.);
#2013=ORIENTED_EDGE('',*,*,#1562,.T.);
#2014=ORIENTED_EDGE('',*,*,#1563,.T.);
#2015=ORIENTED_EDGE('',*,*,#1558,.F.);
#2016=ORIENTED_EDGE('',*,*,#1564,.T.);
#2017=ORIENTED_EDGE('',*,*,#1565,.T.);
#2018=ORIENTED_EDGE('',*,*,#1557,.F.);
#2019=ORIENTED_EDGE('',*,*,#1566,.T.);
#2020=ORIENTED_EDGE('',*,*,#1567,.T.);
#2021=ORIENTED_EDGE('',*,*,#1556,.F.);
#2022=ORIENTED_EDGE('',*,*,#1568,.F.);
#2023=ORIENTED_EDGE('',*,*,#1569,.T.);
#2024=ORIENTED_EDGE('',*,*,#1570,.T.);
#2025=ORIENTED_EDGE('',*,*,#1571,.T.);
#2026=ORIENTED_EDGE('',*,*,#1572,.T.);
#2027=ORIENTED_EDGE('',*,*,#1573,.T.);
#2028=ORIENTED_EDGE('',*,*,#1550,.F.);
#2029=ORIENTED_EDGE('',*,*,#1574,.T.);
#2030=ORIENTED_EDGE('',*,*,#1575,.F.);
#2031=ORIENTED_EDGE('',*,*,#1576,.T.);
#2032=ORIENTED_EDGE('',*,*,#1577,.T.);
#2033=ORIENTED_EDGE('',*,*,#1543,.F.);
#2034=ORIENTED_EDGE('',*,*,#1578,.T.);
#2035=ORIENTED_EDGE('',*,*,#1579,.F.);
#2036=ORIENTED_EDGE('',*,*,#1580,.T.);
#2037=ORIENTED_EDGE('',*,*,#1581,.F.);
#2038=ORIENTED_EDGE('',*,*,#1582,.T.);
#2039=ORIENTED_EDGE('',*,*,#1583,.T.);
#2040=ORIENTED_EDGE('',*,*,#1549,.F.);
#2041=ORIENTED_EDGE('',*,*,#1536,.F.);
#2042=ORIENTED_EDGE('',*,*,#1584,.T.);
#2043=ORIENTED_EDGE('',*,*,#1585,.T.);
#2044=ORIENTED_EDGE('',*,*,#1586,.F.);
#2045=ORIENTED_EDGE('',*,*,#1587,.T.);
#2046=ORIENTED_EDGE('',*,*,#1588,.F.);
#2047=ORIENTED_EDGE('',*,*,#1589,.T.);
#2048=ORIENTED_EDGE('',*,*,#1542,.F.);
#2049=ORIENTED_EDGE('',*,*,#1535,.F.);
#2050=ORIENTED_EDGE('',*,*,#1590,.T.);
#2051=ORIENTED_EDGE('',*,*,#1591,.T.);
#2052=ORIENTED_EDGE('',*,*,#1592,.F.);
#2053=ORIENTED_EDGE('',*,*,#1593,.T.);
#2054=ORIENTED_EDGE('',*,*,#1534,.F.);
#2055=ORIENTED_EDGE('',*,*,#1561,.F.);
#2056=ORIENTED_EDGE('',*,*,#1594,.T.);
#2057=ORIENTED_EDGE('',*,*,#1595,.F.);
#2058=ORIENTED_EDGE('',*,*,#1596,.T.);
#2059=ORIENTED_EDGE('',*,*,#1597,.T.);
#2060=ORIENTED_EDGE('',*,*,#1598,.F.);
#2061=ORIENTED_EDGE('',*,*,#1599,.T.);
#2062=ORIENTED_EDGE('',*,*,#1560,.F.);
#2063=ORIENTED_EDGE('',*,*,#1551,.F.);
#2064=ORIENTED_EDGE('',*,*,#1600,.T.);
#2065=ORIENTED_EDGE('',*,*,#1601,.F.);
#2066=ORIENTED_EDGE('',*,*,#1602,.T.);
#2067=ORIENTED_EDGE('',*,*,#1603,.T.);
#2068=ORIENTED_EDGE('',*,*,#1604,.F.);
#2069=ORIENTED_EDGE('',*,*,#1605,.T.);
#2070=ORIENTED_EDGE('',*,*,#1606,.T.);
#2071=ORIENTED_EDGE('',*,*,#1607,.T.);
#2072=ORIENTED_EDGE('',*,*,#1608,.T.);
#2073=ORIENTED_EDGE('',*,*,#1609,.T.);
#2074=ORIENTED_EDGE('',*,*,#1610,.T.);
#2075=ORIENTED_EDGE('',*,*,#1611,.T.);
#2076=ORIENTED_EDGE('',*,*,#1612,.T.);
#2077=ORIENTED_EDGE('',*,*,#1613,.T.);
#2078=ORIENTED_EDGE('',*,*,#1608,.F.);
#2079=ORIENTED_EDGE('',*,*,#1601,.T.);
#2080=ORIENTED_EDGE('',*,*,#1575,.T.);
#2081=ORIENTED_EDGE('',*,*,#1581,.T.);
#2082=ORIENTED_EDGE('',*,*,#1610,.F.);
#2083=ORIENTED_EDGE('',*,*,#1614,.T.);
#2084=ORIENTED_EDGE('',*,*,#1615,.T.);
#2085=ORIENTED_EDGE('',*,*,#1616,.T.);
#2086=ORIENTED_EDGE('',*,*,#1617,.T.);
#2087=ORIENTED_EDGE('',*,*,#1618,.T.);
#2088=ORIENTED_EDGE('',*,*,#1619,.T.);
#2089=ORIENTED_EDGE('',*,*,#1620,.T.);
#2090=ORIENTED_EDGE('',*,*,#1621,.T.);
#2091=ORIENTED_EDGE('',*,*,#1615,.F.);
#2092=ORIENTED_EDGE('',*,*,#1579,.T.);
#2093=ORIENTED_EDGE('',*,*,#1588,.T.);
#2094=ORIENTED_EDGE('',*,*,#1617,.F.);
#2095=ORIENTED_EDGE('',*,*,#1622,.T.);
#2096=ORIENTED_EDGE('',*,*,#1623,.T.);
#2097=ORIENTED_EDGE('',*,*,#1624,.T.);
#2098=ORIENTED_EDGE('',*,*,#1625,.T.);
#2099=ORIENTED_EDGE('',*,*,#1626,.T.);
#2100=ORIENTED_EDGE('',*,*,#1627,.T.);
#2101=ORIENTED_EDGE('',*,*,#1628,.T.);
#2102=ORIENTED_EDGE('',*,*,#1623,.F.);
#2103=ORIENTED_EDGE('',*,*,#1586,.T.);
#2104=ORIENTED_EDGE('',*,*,#1592,.T.);
#2105=ORIENTED_EDGE('',*,*,#1598,.T.);
#2106=ORIENTED_EDGE('',*,*,#1625,.F.);
#2107=ORIENTED_EDGE('',*,*,#1629,.T.);
#2108=ORIENTED_EDGE('',*,*,#1630,.T.);
#2109=ORIENTED_EDGE('',*,*,#1631,.T.);
#2110=ORIENTED_EDGE('',*,*,#1630,.F.);
#2111=ORIENTED_EDGE('',*,*,#1595,.T.);
#2112=ORIENTED_EDGE('',*,*,#1604,.T.);
#2113=ORIENTED_EDGE('',*,*,#1606,.F.);
#2114=ORIENTED_EDGE('',*,*,#1632,.T.);
#2115=ORIENTED_EDGE('',*,*,#1633,.T.);
#2116=ORIENTED_EDGE('',*,*,#1634,.T.);
#2117=ORIENTED_EDGE('',*,*,#1635,.T.);
#2118=ORIENTED_EDGE('',*,*,#1628,.F.);
#2119=ORIENTED_EDGE('',*,*,#1636,.T.);
#2120=ORIENTED_EDGE('',*,*,#1637,.T.);
#2121=ORIENTED_EDGE('',*,*,#1627,.F.);
#2122=ORIENTED_EDGE('',*,*,#1638,.T.);
#2123=ORIENTED_EDGE('',*,*,#1639,.T.);
#2124=ORIENTED_EDGE('',*,*,#1626,.F.);
#2125=ORIENTED_EDGE('',*,*,#1640,.F.);
#2126=ORIENTED_EDGE('',*,*,#1641,.T.);
#2127=ORIENTED_EDGE('',*,*,#1642,.F.);
#2128=ORIENTED_EDGE('',*,*,#1643,.F.);
#2129=ORIENTED_EDGE('',*,*,#1644,.F.);
#2130=ORIENTED_EDGE('',*,*,#1645,.F.);
#2131=ORIENTED_EDGE('',*,*,#1646,.F.);
#2132=ORIENTED_EDGE('',*,*,#1647,.F.);
#2133=ORIENTED_EDGE('',*,*,#1648,.T.);
#2134=ORIENTED_EDGE('',*,*,#1649,.T.);
#2135=ORIENTED_EDGE('',*,*,#1650,.F.);
#2136=ORIENTED_EDGE('',*,*,#1631,.F.);
#2137=ORIENTED_EDGE('',*,*,#1651,.T.);
#2138=ORIENTED_EDGE('',*,*,#1652,.T.);
#2139=ORIENTED_EDGE('',*,*,#1644,.T.);
#2140=ORIENTED_EDGE('',*,*,#1653,.T.);
#2141=ORIENTED_EDGE('',*,*,#1654,.T.);
#2142=ORIENTED_EDGE('',*,*,#1655,.T.);
#2143=ORIENTED_EDGE('',*,*,#1640,.T.);
#2144=ORIENTED_EDGE('',*,*,#1635,.F.);
#2145=ORIENTED_EDGE('',*,*,#1656,.T.);
#2146=ORIENTED_EDGE('',*,*,#1657,.T.);
#2147=ORIENTED_EDGE('',*,*,#1634,.F.);
#2148=ORIENTED_EDGE('',*,*,#1658,.T.);
#2149=ORIENTED_EDGE('',*,*,#1659,.T.);
#2150=ORIENTED_EDGE('',*,*,#1633,.F.);
#2151=ORIENTED_EDGE('',*,*,#1660,.T.);
#2152=ORIENTED_EDGE('',*,*,#1661,.T.);
#2153=ORIENTED_EDGE('',*,*,#1632,.F.);
#2154=ORIENTED_EDGE('',*,*,#1662,.F.);
#2155=ORIENTED_EDGE('',*,*,#1663,.F.);
#2156=ORIENTED_EDGE('',*,*,#1651,.F.);
#2157=ORIENTED_EDGE('',*,*,#1609,.F.);
#2158=ORIENTED_EDGE('',*,*,#1664,.T.);
#2159=ORIENTED_EDGE('',*,*,#1665,.T.);
#2160=ORIENTED_EDGE('',*,*,#1662,.T.);
#2161=ORIENTED_EDGE('',*,*,#1624,.F.);
#2162=ORIENTED_EDGE('',*,*,#1650,.T.);
#2163=ORIENTED_EDGE('',*,*,#1666,.T.);
#2164=ORIENTED_EDGE('',*,*,#1667,.T.);
#2165=ORIENTED_EDGE('',*,*,#1668,.T.);
#2166=ORIENTED_EDGE('',*,*,#1646,.T.);
#2167=ORIENTED_EDGE('',*,*,#1669,.T.);
#2168=ORIENTED_EDGE('',*,*,#1670,.T.);
#2169=ORIENTED_EDGE('',*,*,#1669,.F.);
#2170=ORIENTED_EDGE('',*,*,#1645,.T.);
#2171=ORIENTED_EDGE('',*,*,#1652,.F.);
#2172=ORIENTED_EDGE('',*,*,#1663,.T.);
#2173=ORIENTED_EDGE('',*,*,#1665,.F.);
#2174=ORIENTED_EDGE('',*,*,#1671,.T.);
#2175=ORIENTED_EDGE('',*,*,#1672,.F.);
#2176=ORIENTED_EDGE('',*,*,#1673,.T.);
#2177=ORIENTED_EDGE('',*,*,#1674,.T.);
#2178=ORIENTED_EDGE('',*,*,#1675,.T.);
#2179=ORIENTED_EDGE('',*,*,#1676,.T.);
#2180=ORIENTED_EDGE('',*,*,#1677,.T.);
#2181=ORIENTED_EDGE('',*,*,#1678,.T.);
#2182=ORIENTED_EDGE('',*,*,#1679,.T.);
#2183=ORIENTED_EDGE('',*,*,#1680,.T.);
#2184=ORIENTED_EDGE('',*,*,#1681,.T.);
#2185=ORIENTED_EDGE('',*,*,#1682,.T.);
#2186=ORIENTED_EDGE('',*,*,#1683,.T.);
#2187=ORIENTED_EDGE('',*,*,#1684,.T.);
#2188=ORIENTED_EDGE('',*,*,#1685,.T.);
#2189=ORIENTED_EDGE('',*,*,#1668,.F.);
#2190=ORIENTED_EDGE('',*,*,#1686,.T.);
#2191=ORIENTED_EDGE('',*,*,#1687,.T.);
#2192=ORIENTED_EDGE('',*,*,#1688,.T.);
#2193=ORIENTED_EDGE('',*,*,#1689,.T.);
#2194=ORIENTED_EDGE('',*,*,#1647,.T.);
#2195=ORIENTED_EDGE('',*,*,#1690,.T.);
#2196=ORIENTED_EDGE('',*,*,#1667,.F.);
#2197=ORIENTED_EDGE('',*,*,#1691,.F.);
#2198=ORIENTED_EDGE('',*,*,#1692,.F.);
#2199=ORIENTED_EDGE('',*,*,#1693,.F.);
#2200=ORIENTED_EDGE('',*,*,#1686,.F.);
#2201=ORIENTED_EDGE('',*,*,#1655,.F.);
#2202=ORIENTED_EDGE('',*,*,#1694,.T.);
#2203=ORIENTED_EDGE('',*,*,#1695,.F.);
#2204=ORIENTED_EDGE('',*,*,#1696,.F.);
#2205=ORIENTED_EDGE('',*,*,#1697,.T.);
#2206=ORIENTED_EDGE('',*,*,#1698,.T.);
#2207=ORIENTED_EDGE('',*,*,#1641,.F.);
#2208=ORIENTED_EDGE('',*,*,#1654,.F.);
#2209=ORIENTED_EDGE('',*,*,#1699,.F.);
#2210=ORIENTED_EDGE('',*,*,#1700,.T.);
#2211=ORIENTED_EDGE('',*,*,#1701,.F.);
#2212=ORIENTED_EDGE('',*,*,#1694,.F.);
#2213=ORIENTED_EDGE('',*,*,#1611,.F.);
#2214=ORIENTED_EDGE('',*,*,#1702,.F.);
#2215=ORIENTED_EDGE('',*,*,#1671,.F.);
#2216=ORIENTED_EDGE('',*,*,#1664,.F.);
#2217=ORIENTED_EDGE('',*,*,#1613,.F.);
#2218=ORIENTED_EDGE('',*,*,#1703,.T.);
#2219=ORIENTED_EDGE('',*,*,#1704,.T.);
#2220=ORIENTED_EDGE('',*,*,#1612,.F.);
#2221=ORIENTED_EDGE('',*,*,#1705,.T.);
#2222=ORIENTED_EDGE('',*,*,#1706,.T.);
#2223=ORIENTED_EDGE('',*,*,#1616,.F.);
#2224=ORIENTED_EDGE('',*,*,#1707,.T.);
#2225=ORIENTED_EDGE('',*,*,#1672,.T.);
#2226=ORIENTED_EDGE('',*,*,#1702,.T.);
#2227=ORIENTED_EDGE('',*,*,#1708,.F.);
#2228=ORIENTED_EDGE('',*,*,#1709,.T.);
#2229=ORIENTED_EDGE('',*,*,#1710,.F.);
#2230=ORIENTED_EDGE('',*,*,#1709,.F.);
#2231=ORIENTED_EDGE('',*,*,#1711,.F.);
#2232=ORIENTED_EDGE('',*,*,#1710,.T.);
#2233=ORIENTED_EDGE('',*,*,#1712,.F.);
#2234=ORIENTED_EDGE('',*,*,#1708,.T.);
#2235=ORIENTED_EDGE('',*,*,#1712,.T.);
#2236=ORIENTED_EDGE('',*,*,#1713,.T.);
#2237=ORIENTED_EDGE('',*,*,#1660,.F.);
#2238=ORIENTED_EDGE('',*,*,#1661,.F.);
#2239=ORIENTED_EDGE('',*,*,#1713,.F.);
#2240=ORIENTED_EDGE('',*,*,#1714,.F.);
#2241=ORIENTED_EDGE('',*,*,#1715,.T.);
#2242=ORIENTED_EDGE('',*,*,#1716,.F.);
#2243=ORIENTED_EDGE('',*,*,#1715,.F.);
#2244=ORIENTED_EDGE('',*,*,#1717,.F.);
#2245=ORIENTED_EDGE('',*,*,#1716,.T.);
#2246=ORIENTED_EDGE('',*,*,#1718,.F.);
#2247=ORIENTED_EDGE('',*,*,#1714,.T.);
#2248=ORIENTED_EDGE('',*,*,#1718,.T.);
#2249=ORIENTED_EDGE('',*,*,#1719,.T.);
#2250=ORIENTED_EDGE('',*,*,#1658,.F.);
#2251=ORIENTED_EDGE('',*,*,#1659,.F.);
#2252=ORIENTED_EDGE('',*,*,#1719,.F.);
#2253=ORIENTED_EDGE('',*,*,#1720,.F.);
#2254=ORIENTED_EDGE('',*,*,#1721,.T.);
#2255=ORIENTED_EDGE('',*,*,#1722,.F.);
#2256=ORIENTED_EDGE('',*,*,#1721,.F.);
#2257=ORIENTED_EDGE('',*,*,#1723,.F.);
#2258=ORIENTED_EDGE('',*,*,#1722,.T.);
#2259=ORIENTED_EDGE('',*,*,#1724,.F.);
#2260=ORIENTED_EDGE('',*,*,#1720,.T.);
#2261=ORIENTED_EDGE('',*,*,#1724,.T.);
#2262=ORIENTED_EDGE('',*,*,#1725,.T.);
#2263=ORIENTED_EDGE('',*,*,#1656,.F.);
#2264=ORIENTED_EDGE('',*,*,#1657,.F.);
#2265=ORIENTED_EDGE('',*,*,#1725,.F.);
#2266=ORIENTED_EDGE('',*,*,#1726,.F.);
#2267=ORIENTED_EDGE('',*,*,#1727,.T.);
#2268=ORIENTED_EDGE('',*,*,#1728,.F.);
#2269=ORIENTED_EDGE('',*,*,#1727,.F.);
#2270=ORIENTED_EDGE('',*,*,#1729,.F.);
#2271=ORIENTED_EDGE('',*,*,#1728,.T.);
#2272=ORIENTED_EDGE('',*,*,#1730,.F.);
#2273=ORIENTED_EDGE('',*,*,#1726,.T.);
#2274=ORIENTED_EDGE('',*,*,#1730,.T.);
#2275=ORIENTED_EDGE('',*,*,#1731,.T.);
#2276=ORIENTED_EDGE('',*,*,#1732,.F.);
#2277=ORIENTED_EDGE('',*,*,#1733,.F.);
#2278=ORIENTED_EDGE('',*,*,#1731,.F.);
#2279=ORIENTED_EDGE('',*,*,#1734,.F.);
#2280=ORIENTED_EDGE('',*,*,#1735,.T.);
#2281=ORIENTED_EDGE('',*,*,#1736,.F.);
#2282=ORIENTED_EDGE('',*,*,#1735,.F.);
#2283=ORIENTED_EDGE('',*,*,#1737,.F.);
#2284=ORIENTED_EDGE('',*,*,#1736,.T.);
#2285=ORIENTED_EDGE('',*,*,#1738,.F.);
#2286=ORIENTED_EDGE('',*,*,#1734,.T.);
#2287=ORIENTED_EDGE('',*,*,#1738,.T.);
#2288=ORIENTED_EDGE('',*,*,#1739,.T.);
#2289=ORIENTED_EDGE('',*,*,#1740,.F.);
#2290=ORIENTED_EDGE('',*,*,#1741,.F.);
#2291=ORIENTED_EDGE('',*,*,#1739,.F.);
#2292=ORIENTED_EDGE('',*,*,#1742,.F.);
#2293=ORIENTED_EDGE('',*,*,#1743,.T.);
#2294=ORIENTED_EDGE('',*,*,#1744,.F.);
#2295=ORIENTED_EDGE('',*,*,#1743,.F.);
#2296=ORIENTED_EDGE('',*,*,#1745,.F.);
#2297=ORIENTED_EDGE('',*,*,#1744,.T.);
#2298=ORIENTED_EDGE('',*,*,#1746,.F.);
#2299=ORIENTED_EDGE('',*,*,#1742,.T.);
#2300=ORIENTED_EDGE('',*,*,#1746,.T.);
#2301=ORIENTED_EDGE('',*,*,#1747,.T.);
#2302=ORIENTED_EDGE('',*,*,#1748,.F.);
#2303=ORIENTED_EDGE('',*,*,#1749,.F.);
#2304=ORIENTED_EDGE('',*,*,#1747,.F.);
#2305=ORIENTED_EDGE('',*,*,#1750,.F.);
#2306=ORIENTED_EDGE('',*,*,#1751,.F.);
#2307=ORIENTED_EDGE('',*,*,#1752,.T.);
#2308=ORIENTED_EDGE('',*,*,#1745,.T.);
#2309=ORIENTED_EDGE('',*,*,#1752,.F.);
#2310=ORIENTED_EDGE('',*,*,#1566,.F.);
#2311=ORIENTED_EDGE('',*,*,#1567,.F.);
#2312=ORIENTED_EDGE('',*,*,#1753,.T.);
#2313=ORIENTED_EDGE('',*,*,#1723,.T.);
#2314=ORIENTED_EDGE('',*,*,#1753,.F.);
#2315=ORIENTED_EDGE('',*,*,#1754,.F.);
#2316=ORIENTED_EDGE('',*,*,#1755,.F.);
#2317=ORIENTED_EDGE('',*,*,#1756,.T.);
#2318=ORIENTED_EDGE('',*,*,#1737,.T.);
#2319=ORIENTED_EDGE('',*,*,#1756,.F.);
#2320=ORIENTED_EDGE('',*,*,#1564,.F.);
#2321=ORIENTED_EDGE('',*,*,#1565,.F.);
#2322=ORIENTED_EDGE('',*,*,#1757,.T.);
#2323=ORIENTED_EDGE('',*,*,#1717,.T.);
#2324=ORIENTED_EDGE('',*,*,#1757,.F.);
#2325=ORIENTED_EDGE('',*,*,#1758,.F.);
#2326=ORIENTED_EDGE('',*,*,#1759,.F.);
#2327=ORIENTED_EDGE('',*,*,#1760,.T.);
#2328=ORIENTED_EDGE('',*,*,#1729,.T.);
#2329=ORIENTED_EDGE('',*,*,#1760,.F.);
#2330=ORIENTED_EDGE('',*,*,#1562,.F.);
#2331=ORIENTED_EDGE('',*,*,#1563,.F.);
#2332=ORIENTED_EDGE('',*,*,#1761,.T.);
#2333=ORIENTED_EDGE('',*,*,#1711,.T.);
#2334=ORIENTED_EDGE('',*,*,#1761,.F.);
#2335=ORIENTED_EDGE('',*,*,#1762,.F.);
#2336=ORIENTED_EDGE('',*,*,#1763,.T.);
#2337=ORIENTED_EDGE('',*,*,#1764,.F.);
#2338=ORIENTED_EDGE('',*,*,#1763,.F.);
#2339=ORIENTED_EDGE('',*,*,#1765,.F.);
#2340=ORIENTED_EDGE('',*,*,#1764,.T.);
#2341=ORIENTED_EDGE('',*,*,#1766,.F.);
#2342=ORIENTED_EDGE('',*,*,#1762,.T.);
#2343=ORIENTED_EDGE('',*,*,#1766,.T.);
#2344=ORIENTED_EDGE('',*,*,#1767,.T.);
#2345=ORIENTED_EDGE('',*,*,#1638,.F.);
#2346=ORIENTED_EDGE('',*,*,#1639,.F.);
#2347=ORIENTED_EDGE('',*,*,#1767,.F.);
#2348=ORIENTED_EDGE('',*,*,#1768,.F.);
#2349=ORIENTED_EDGE('',*,*,#1769,.T.);
#2350=ORIENTED_EDGE('',*,*,#1770,.F.);
#2351=ORIENTED_EDGE('',*,*,#1769,.F.);
#2352=ORIENTED_EDGE('',*,*,#1771,.F.);
#2353=ORIENTED_EDGE('',*,*,#1770,.T.);
#2354=ORIENTED_EDGE('',*,*,#1772,.F.);
#2355=ORIENTED_EDGE('',*,*,#1768,.T.);
#2356=ORIENTED_EDGE('',*,*,#1772,.T.);
#2357=ORIENTED_EDGE('',*,*,#1773,.T.);
#2358=ORIENTED_EDGE('',*,*,#1636,.F.);
#2359=ORIENTED_EDGE('',*,*,#1637,.F.);
#2360=ORIENTED_EDGE('',*,*,#1773,.F.);
#2361=ORIENTED_EDGE('',*,*,#1774,.F.);
#2362=ORIENTED_EDGE('',*,*,#1775,.T.);
#2363=ORIENTED_EDGE('',*,*,#1776,.F.);
#2364=ORIENTED_EDGE('',*,*,#1775,.F.);
#2365=ORIENTED_EDGE('',*,*,#1777,.F.);
#2366=ORIENTED_EDGE('',*,*,#1776,.T.);
#2367=ORIENTED_EDGE('',*,*,#1778,.F.);
#2368=ORIENTED_EDGE('',*,*,#1774,.T.);
#2369=ORIENTED_EDGE('',*,*,#1778,.T.);
#2370=ORIENTED_EDGE('',*,*,#1779,.T.);
#2371=ORIENTED_EDGE('',*,*,#1780,.F.);
#2372=ORIENTED_EDGE('',*,*,#1781,.F.);
#2373=ORIENTED_EDGE('',*,*,#1779,.F.);
#2374=ORIENTED_EDGE('',*,*,#1782,.F.);
#2375=ORIENTED_EDGE('',*,*,#1783,.T.);
#2376=ORIENTED_EDGE('',*,*,#1784,.F.);
#2377=ORIENTED_EDGE('',*,*,#1783,.F.);
#2378=ORIENTED_EDGE('',*,*,#1785,.F.);
#2379=ORIENTED_EDGE('',*,*,#1784,.T.);
#2380=ORIENTED_EDGE('',*,*,#1786,.F.);
#2381=ORIENTED_EDGE('',*,*,#1782,.T.);
#2382=ORIENTED_EDGE('',*,*,#1786,.T.);
#2383=ORIENTED_EDGE('',*,*,#1787,.T.);
#2384=ORIENTED_EDGE('',*,*,#1788,.F.);
#2385=ORIENTED_EDGE('',*,*,#1789,.F.);
#2386=ORIENTED_EDGE('',*,*,#1787,.F.);
#2387=ORIENTED_EDGE('',*,*,#1790,.F.);
#2388=ORIENTED_EDGE('',*,*,#1791,.F.);
#2389=ORIENTED_EDGE('',*,*,#1792,.T.);
#2390=ORIENTED_EDGE('',*,*,#1771,.T.);
#2391=ORIENTED_EDGE('',*,*,#1792,.F.);
#2392=ORIENTED_EDGE('',*,*,#1705,.F.);
#2393=ORIENTED_EDGE('',*,*,#1706,.F.);
#2394=ORIENTED_EDGE('',*,*,#1793,.T.);
#2395=ORIENTED_EDGE('',*,*,#1785,.T.);
#2396=ORIENTED_EDGE('',*,*,#1793,.F.);
#2397=ORIENTED_EDGE('',*,*,#1794,.F.);
#2398=ORIENTED_EDGE('',*,*,#1795,.F.);
#2399=ORIENTED_EDGE('',*,*,#1796,.T.);
#2400=ORIENTED_EDGE('',*,*,#1765,.T.);
#2401=ORIENTED_EDGE('',*,*,#1796,.F.);
#2402=ORIENTED_EDGE('',*,*,#1703,.F.);
#2403=ORIENTED_EDGE('',*,*,#1704,.F.);
#2404=ORIENTED_EDGE('',*,*,#1797,.T.);
#2405=ORIENTED_EDGE('',*,*,#1777,.T.);
#2406=ORIENTED_EDGE('',*,*,#1797,.F.);
#2407=ORIENTED_EDGE('',*,*,#1798,.F.);
#2408=ORIENTED_EDGE('',*,*,#1799,.F.);
#2409=ORIENTED_EDGE('',*,*,#1800,.F.);
#2410=ORIENTED_EDGE('',*,*,#1801,.T.);
#2411=ORIENTED_EDGE('',*,*,#1802,.F.);
#2412=ORIENTED_EDGE('',*,*,#1803,.T.);
#2413=ORIENTED_EDGE('',*,*,#1804,.T.);
#2414=ORIENTED_EDGE('',*,*,#1571,.F.);
#2415=ORIENTED_EDGE('',*,*,#1805,.T.);
#2416=ORIENTED_EDGE('',*,*,#1806,.T.);
#2417=ORIENTED_EDGE('',*,*,#1807,.T.);
#2418=ORIENTED_EDGE('',*,*,#1808,.F.);
#2419=ORIENTED_EDGE('',*,*,#1809,.T.);
#2420=ORIENTED_EDGE('',*,*,#1810,.F.);
#2421=ORIENTED_EDGE('',*,*,#1811,.T.);
#2422=ORIENTED_EDGE('',*,*,#1569,.F.);
#2423=ORIENTED_EDGE('',*,*,#1812,.F.);
#2424=ORIENTED_EDGE('',*,*,#1813,.F.);
#2425=ORIENTED_EDGE('',*,*,#1814,.T.);
#2426=ORIENTED_EDGE('',*,*,#1815,.F.);
#2427=ORIENTED_EDGE('',*,*,#1816,.F.);
#2428=ORIENTED_EDGE('',*,*,#1817,.T.);
#2429=ORIENTED_EDGE('',*,*,#1818,.T.);
#2430=ORIENTED_EDGE('',*,*,#1819,.F.);
#2431=ORIENTED_EDGE('',*,*,#1820,.F.);
#2432=ORIENTED_EDGE('',*,*,#1821,.T.);
#2433=ORIENTED_EDGE('',*,*,#1822,.F.);
#2434=ORIENTED_EDGE('',*,*,#1823,.T.);
#2435=ORIENTED_EDGE('',*,*,#1824,.T.);
#2436=ORIENTED_EDGE('',*,*,#1692,.T.);
#2437=ORIENTED_EDGE('',*,*,#1825,.F.);
#2438=ORIENTED_EDGE('',*,*,#1826,.F.);
#2439=ORIENTED_EDGE('',*,*,#1827,.T.);
#2440=ORIENTED_EDGE('',*,*,#1828,.F.);
#2441=ORIENTED_EDGE('',*,*,#1829,.F.);
#2442=ORIENTED_EDGE('',*,*,#1830,.F.);
#2443=ORIENTED_EDGE('',*,*,#1829,.T.);
#2444=ORIENTED_EDGE('',*,*,#1831,.F.);
#2445=ORIENTED_EDGE('',*,*,#1832,.F.);
#2446=ORIENTED_EDGE('',*,*,#1833,.F.);
#2447=ORIENTED_EDGE('',*,*,#1832,.T.);
#2448=ORIENTED_EDGE('',*,*,#1834,.F.);
#2449=ORIENTED_EDGE('',*,*,#1818,.F.);
#2450=ORIENTED_EDGE('',*,*,#1835,.F.);
#2451=ORIENTED_EDGE('',*,*,#1836,.F.);
#2452=ORIENTED_EDGE('',*,*,#1835,.T.);
#2453=ORIENTED_EDGE('',*,*,#1817,.F.);
#2454=ORIENTED_EDGE('',*,*,#1837,.F.);
#2455=ORIENTED_EDGE('',*,*,#1838,.F.);
#2456=ORIENTED_EDGE('',*,*,#1839,.F.);
#2457=ORIENTED_EDGE('',*,*,#1840,.T.);
#2458=ORIENTED_EDGE('',*,*,#1841,.F.);
#2459=ORIENTED_EDGE('',*,*,#1804,.F.);
#2460=ORIENTED_EDGE('',*,*,#1842,.F.);
#2461=ORIENTED_EDGE('',*,*,#1843,.F.);
#2462=ORIENTED_EDGE('',*,*,#1842,.T.);
#2463=ORIENTED_EDGE('',*,*,#1803,.F.);
#2464=ORIENTED_EDGE('',*,*,#1844,.F.);
#2465=ORIENTED_EDGE('',*,*,#1845,.F.);
#2466=ORIENTED_EDGE('',*,*,#1846,.F.);
#2467=ORIENTED_EDGE('',*,*,#1845,.T.);
#2468=ORIENTED_EDGE('',*,*,#1847,.F.);
#2469=ORIENTED_EDGE('',*,*,#1848,.F.);
#2470=ORIENTED_EDGE('',*,*,#1849,.F.);
#2471=ORIENTED_EDGE('',*,*,#1848,.T.);
#2472=ORIENTED_EDGE('',*,*,#1850,.F.);
#2473=ORIENTED_EDGE('',*,*,#1807,.F.);
#2474=ORIENTED_EDGE('',*,*,#1851,.F.);
#2475=ORIENTED_EDGE('',*,*,#1852,.F.);
#2476=ORIENTED_EDGE('',*,*,#1642,.T.);
#2477=ORIENTED_EDGE('',*,*,#1698,.F.);
#2478=ORIENTED_EDGE('',*,*,#1853,.F.);
#2479=ORIENTED_EDGE('',*,*,#1854,.F.);
#2480=ORIENTED_EDGE('',*,*,#1853,.T.);
#2481=ORIENTED_EDGE('',*,*,#1697,.F.);
#2482=ORIENTED_EDGE('',*,*,#1855,.F.);
#2483=ORIENTED_EDGE('',*,*,#1856,.F.);
#2484=ORIENTED_EDGE('',*,*,#1857,.F.);
#2485=ORIENTED_EDGE('',*,*,#1856,.T.);
#2486=ORIENTED_EDGE('',*,*,#1858,.F.);
#2487=ORIENTED_EDGE('',*,*,#1700,.F.);
#2488=ORIENTED_EDGE('',*,*,#1687,.F.);
#2489=ORIENTED_EDGE('',*,*,#1693,.T.);
#2490=ORIENTED_EDGE('',*,*,#1824,.F.);
#2491=ORIENTED_EDGE('',*,*,#1859,.F.);
#2492=ORIENTED_EDGE('',*,*,#1688,.F.);
#2493=ORIENTED_EDGE('',*,*,#1859,.T.);
#2494=ORIENTED_EDGE('',*,*,#1823,.F.);
#2495=ORIENTED_EDGE('',*,*,#1860,.F.);
#2496=ORIENTED_EDGE('',*,*,#1861,.F.);
#2497=ORIENTED_EDGE('',*,*,#1689,.F.);
#2498=ORIENTED_EDGE('',*,*,#1861,.T.);
#2499=ORIENTED_EDGE('',*,*,#1862,.F.);
#2500=ORIENTED_EDGE('',*,*,#1648,.F.);
#2501=ORIENTED_EDGE('',*,*,#1863,.F.);
#2502=ORIENTED_EDGE('',*,*,#1701,.T.);
#2503=ORIENTED_EDGE('',*,*,#1858,.T.);
#2504=ORIENTED_EDGE('',*,*,#1855,.T.);
#2505=ORIENTED_EDGE('',*,*,#1653,.F.);
#2506=ORIENTED_EDGE('',*,*,#1643,.T.);
#2507=ORIENTED_EDGE('',*,*,#1852,.T.);
#2508=ORIENTED_EDGE('',*,*,#1854,.T.);
#2509=ORIENTED_EDGE('',*,*,#1857,.T.);
#2510=ORIENTED_EDGE('',*,*,#1699,.T.);
#2511=ORIENTED_EDGE('',*,*,#1864,.T.);
#2512=ORIENTED_EDGE('',*,*,#1839,.T.);
#2513=ORIENTED_EDGE('',*,*,#1843,.T.);
#2514=ORIENTED_EDGE('',*,*,#1846,.T.);
#2515=ORIENTED_EDGE('',*,*,#1849,.T.);
#2516=ORIENTED_EDGE('',*,*,#1865,.T.);
#2517=ORIENTED_EDGE('',*,*,#1866,.T.);
#2518=ORIENTED_EDGE('',*,*,#1867,.F.);
#2519=ORIENTED_EDGE('',*,*,#1681,.F.);
#2520=ORIENTED_EDGE('',*,*,#1868,.T.);
#2521=ORIENTED_EDGE('',*,*,#1869,.F.);
#2522=ORIENTED_EDGE('',*,*,#1827,.F.);
#2523=ORIENTED_EDGE('',*,*,#1870,.F.);
#2524=ORIENTED_EDGE('',*,*,#1838,.T.);
#2525=ORIENTED_EDGE('',*,*,#1871,.F.);
#2526=ORIENTED_EDGE('',*,*,#1868,.F.);
#2527=ORIENTED_EDGE('',*,*,#1680,.F.);
#2528=ORIENTED_EDGE('',*,*,#1872,.T.);
#2529=ORIENTED_EDGE('',*,*,#1873,.F.);
#2530=ORIENTED_EDGE('',*,*,#1872,.F.);
#2531=ORIENTED_EDGE('',*,*,#1679,.F.);
#2532=ORIENTED_EDGE('',*,*,#1874,.T.);
#2533=ORIENTED_EDGE('',*,*,#1875,.F.);
#2534=ORIENTED_EDGE('',*,*,#1814,.F.);
#2535=ORIENTED_EDGE('',*,*,#1876,.F.);
#2536=ORIENTED_EDGE('',*,*,#1874,.F.);
#2537=ORIENTED_EDGE('',*,*,#1678,.F.);
#2538=ORIENTED_EDGE('',*,*,#1877,.T.);
#2539=ORIENTED_EDGE('',*,*,#1878,.F.);
#2540=ORIENTED_EDGE('',*,*,#1811,.F.);
#2541=ORIENTED_EDGE('',*,*,#1879,.F.);
#2542=ORIENTED_EDGE('',*,*,#1877,.F.);
#2543=ORIENTED_EDGE('',*,*,#1677,.F.);
#2544=ORIENTED_EDGE('',*,*,#1880,.T.);
#2545=ORIENTED_EDGE('',*,*,#1881,.F.);
#2546=ORIENTED_EDGE('',*,*,#1809,.F.);
#2547=ORIENTED_EDGE('',*,*,#1882,.F.);
#2548=ORIENTED_EDGE('',*,*,#1880,.F.);
#2549=ORIENTED_EDGE('',*,*,#1676,.F.);
#2550=ORIENTED_EDGE('',*,*,#1883,.T.);
#2551=ORIENTED_EDGE('',*,*,#1805,.F.);
#2552=ORIENTED_EDGE('',*,*,#1884,.F.);
#2553=ORIENTED_EDGE('',*,*,#1883,.F.);
#2554=ORIENTED_EDGE('',*,*,#1675,.F.);
#2555=ORIENTED_EDGE('',*,*,#1885,.F.);
#2556=ORIENTED_EDGE('',*,*,#1886,.F.);
#2557=ORIENTED_EDGE('',*,*,#1840,.F.);
#2558=ORIENTED_EDGE('',*,*,#1865,.F.);
#2559=ORIENTED_EDGE('',*,*,#1851,.T.);
#2560=ORIENTED_EDGE('',*,*,#1806,.F.);
#2561=ORIENTED_EDGE('',*,*,#1885,.T.);
#2562=ORIENTED_EDGE('',*,*,#1674,.F.);
#2563=ORIENTED_EDGE('',*,*,#1867,.T.);
#2564=ORIENTED_EDGE('',*,*,#1887,.F.);
#2565=ORIENTED_EDGE('',*,*,#1821,.F.);
#2566=ORIENTED_EDGE('',*,*,#1888,.F.);
#2567=ORIENTED_EDGE('',*,*,#1801,.F.);
#2568=ORIENTED_EDGE('',*,*,#1889,.F.);
#2569=ORIENTED_EDGE('',*,*,#1682,.F.);
#2570=ORIENTED_EDGE('',*,*,#1890,.T.);
#2571=ORIENTED_EDGE('',*,*,#1866,.F.);
#2572=ORIENTED_EDGE('',*,*,#1890,.F.);
#2573=ORIENTED_EDGE('',*,*,#1683,.F.);
#2574=ORIENTED_EDGE('',*,*,#1891,.T.);
#2575=ORIENTED_EDGE('',*,*,#1864,.F.);
#2576=ORIENTED_EDGE('',*,*,#1891,.F.);
#2577=ORIENTED_EDGE('',*,*,#1684,.F.);
#2578=ORIENTED_EDGE('',*,*,#1892,.T.);
#2579=ORIENTED_EDGE('',*,*,#1690,.F.);
#2580=ORIENTED_EDGE('',*,*,#1892,.F.);
#2581=ORIENTED_EDGE('',*,*,#1685,.F.);
#2582=ORIENTED_EDGE('',*,*,#1893,.T.);
#2583=ORIENTED_EDGE('',*,*,#1894,.F.);
#2584=ORIENTED_EDGE('',*,*,#1893,.F.);
#2585=ORIENTED_EDGE('',*,*,#1836,.T.);
#2586=ORIENTED_EDGE('',*,*,#1870,.T.);
#2587=ORIENTED_EDGE('',*,*,#1826,.T.);
#2588=ORIENTED_EDGE('',*,*,#1830,.T.);
#2589=ORIENTED_EDGE('',*,*,#1833,.T.);
#2590=ORIENTED_EDGE('',*,*,#1894,.T.);
#2591=ORIENTED_EDGE('',*,*,#1884,.T.);
#2592=ORIENTED_EDGE('',*,*,#1570,.F.);
#2593=ORIENTED_EDGE('',*,*,#1878,.T.);
#2594=ORIENTED_EDGE('',*,*,#1882,.T.);
#2595=ORIENTED_EDGE('',*,*,#1895,.F.);
#2596=ORIENTED_EDGE('',*,*,#1896,.F.);
#2597=ORIENTED_EDGE('',*,*,#1881,.T.);
#2598=ORIENTED_EDGE('',*,*,#1887,.T.);
#2599=ORIENTED_EDGE('',*,*,#1871,.T.);
#2600=ORIENTED_EDGE('',*,*,#1837,.T.);
#2601=ORIENTED_EDGE('',*,*,#1897,.F.);
#2602=ORIENTED_EDGE('',*,*,#1834,.T.);
#2603=ORIENTED_EDGE('',*,*,#1831,.T.);
#2604=ORIENTED_EDGE('',*,*,#1828,.T.);
#2605=ORIENTED_EDGE('',*,*,#1869,.T.);
#2606=ORIENTED_EDGE('',*,*,#1873,.T.);
#2607=ORIENTED_EDGE('',*,*,#1876,.T.);
#2608=ORIENTED_EDGE('',*,*,#1898,.F.);
#2609=ORIENTED_EDGE('',*,*,#1875,.T.);
#2610=ORIENTED_EDGE('',*,*,#1879,.T.);
#2611=ORIENTED_EDGE('',*,*,#1899,.F.);
#2612=ORIENTED_EDGE('',*,*,#1900,.F.);
#2613=ORIENTED_EDGE('',*,*,#1572,.F.);
#2614=ORIENTED_EDGE('',*,*,#1850,.T.);
#2615=ORIENTED_EDGE('',*,*,#1847,.T.);
#2616=ORIENTED_EDGE('',*,*,#1844,.T.);
#2617=ORIENTED_EDGE('',*,*,#1901,.F.);
#2618=ORIENTED_EDGE('',*,*,#1902,.F.);
#2619=ORIENTED_EDGE('',*,*,#1841,.T.);
#2620=ORIENTED_EDGE('',*,*,#1886,.T.);
#2621=ORIENTED_EDGE('',*,*,#1889,.T.);
#2622=ORIENTED_EDGE('',*,*,#1903,.F.);
#2623=ORIENTED_EDGE('',*,*,#1904,.F.);
#2624=ORIENTED_EDGE('',*,*,#1888,.T.);
#2625=ORIENTED_EDGE('',*,*,#1905,.F.);
#2626=ORIENTED_EDGE('',*,*,#1906,.F.);
#2627=ORIENTED_EDGE('',*,*,#1666,.F.);
#2628=ORIENTED_EDGE('',*,*,#1649,.F.);
#2629=ORIENTED_EDGE('',*,*,#1862,.T.);
#2630=ORIENTED_EDGE('',*,*,#1860,.T.);
#2631=ORIENTED_EDGE('',*,*,#1907,.F.);
#2632=ORIENTED_EDGE('',*,*,#1691,.T.);
#2633=ORIENTED_EDGE('',*,*,#1908,.F.);
#2634=ORIENTED_EDGE('',*,*,#1909,.T.);
#2635=ORIENTED_EDGE('',*,*,#1910,.T.);
#2636=ORIENTED_EDGE('',*,*,#1909,.F.);
#2637=ORIENTED_EDGE('',*,*,#1911,.F.);
#2638=ORIENTED_EDGE('',*,*,#1908,.T.);
#2639=ORIENTED_EDGE('',*,*,#1912,.F.);
#2640=ORIENTED_EDGE('',*,*,#1910,.F.);
#2641=ORIENTED_EDGE('',*,*,#1912,.T.);
#2642=ORIENTED_EDGE('',*,*,#1913,.T.);
#2643=ORIENTED_EDGE('',*,*,#1695,.T.);
#2644=ORIENTED_EDGE('',*,*,#1863,.T.);
#2645=ORIENTED_EDGE('',*,*,#1696,.T.);
#2646=ORIENTED_EDGE('',*,*,#1913,.F.);
#2647=ORIENTED_EDGE('',*,*,#1914,.F.);
#2648=ORIENTED_EDGE('',*,*,#1915,.T.);
#2649=ORIENTED_EDGE('',*,*,#1916,.T.);
#2650=ORIENTED_EDGE('',*,*,#1915,.F.);
#2651=ORIENTED_EDGE('',*,*,#1917,.F.);
#2652=ORIENTED_EDGE('',*,*,#1914,.T.);
#2653=ORIENTED_EDGE('',*,*,#1918,.F.);
#2654=ORIENTED_EDGE('',*,*,#1916,.F.);
#2655=ORIENTED_EDGE('',*,*,#1918,.T.);
#2656=ORIENTED_EDGE('',*,*,#1919,.T.);
#2657=ORIENTED_EDGE('',*,*,#1815,.T.);
#2658=ORIENTED_EDGE('',*,*,#1898,.T.);
#2659=ORIENTED_EDGE('',*,*,#1813,.T.);
#2660=ORIENTED_EDGE('',*,*,#1919,.F.);
#2661=ORIENTED_EDGE('',*,*,#1920,.F.);
#2662=ORIENTED_EDGE('',*,*,#1921,.T.);
#2663=ORIENTED_EDGE('',*,*,#1922,.T.);
#2664=ORIENTED_EDGE('',*,*,#1921,.F.);
#2665=ORIENTED_EDGE('',*,*,#1923,.F.);
#2666=ORIENTED_EDGE('',*,*,#1920,.T.);
#2667=ORIENTED_EDGE('',*,*,#1924,.F.);
#2668=ORIENTED_EDGE('',*,*,#1922,.F.);
#2669=ORIENTED_EDGE('',*,*,#1924,.T.);
#2670=ORIENTED_EDGE('',*,*,#1925,.T.);
#2671=ORIENTED_EDGE('',*,*,#1905,.T.);
#2672=ORIENTED_EDGE('',*,*,#1820,.T.);
#2673=ORIENTED_EDGE('',*,*,#1906,.T.);
#2674=ORIENTED_EDGE('',*,*,#1925,.F.);
#2675=ORIENTED_EDGE('',*,*,#1926,.F.);
#2676=ORIENTED_EDGE('',*,*,#1927,.T.);
#2677=ORIENTED_EDGE('',*,*,#1928,.T.);
#2678=ORIENTED_EDGE('',*,*,#1927,.F.);
#2679=ORIENTED_EDGE('',*,*,#1929,.F.);
#2680=ORIENTED_EDGE('',*,*,#1926,.T.);
#2681=ORIENTED_EDGE('',*,*,#1930,.F.);
#2682=ORIENTED_EDGE('',*,*,#1928,.F.);
#2683=ORIENTED_EDGE('',*,*,#1930,.T.);
#2684=ORIENTED_EDGE('',*,*,#1931,.T.);
#2685=ORIENTED_EDGE('',*,*,#1903,.T.);
#2686=ORIENTED_EDGE('',*,*,#1800,.T.);
#2687=ORIENTED_EDGE('',*,*,#1904,.T.);
#2688=ORIENTED_EDGE('',*,*,#1931,.F.);
#2689=ORIENTED_EDGE('',*,*,#1932,.F.);
#2690=ORIENTED_EDGE('',*,*,#1933,.T.);
#2691=ORIENTED_EDGE('',*,*,#1934,.T.);
#2692=ORIENTED_EDGE('',*,*,#1933,.F.);
#2693=ORIENTED_EDGE('',*,*,#1935,.F.);
#2694=ORIENTED_EDGE('',*,*,#1932,.T.);
#2695=ORIENTED_EDGE('',*,*,#1936,.F.);
#2696=ORIENTED_EDGE('',*,*,#1934,.F.);
#2697=ORIENTED_EDGE('',*,*,#1936,.T.);
#2698=ORIENTED_EDGE('',*,*,#1937,.T.);
#2699=ORIENTED_EDGE('',*,*,#1825,.T.);
#2700=ORIENTED_EDGE('',*,*,#1907,.T.);
#2701=ORIENTED_EDGE('',*,*,#1822,.T.);
#2702=ORIENTED_EDGE('',*,*,#1937,.F.);
#2703=ORIENTED_EDGE('',*,*,#1938,.F.);
#2704=ORIENTED_EDGE('',*,*,#1939,.T.);
#2705=ORIENTED_EDGE('',*,*,#1940,.T.);
#2706=ORIENTED_EDGE('',*,*,#1939,.F.);
#2707=ORIENTED_EDGE('',*,*,#1941,.F.);
#2708=ORIENTED_EDGE('',*,*,#1938,.T.);
#2709=ORIENTED_EDGE('',*,*,#1942,.F.);
#2710=ORIENTED_EDGE('',*,*,#1940,.F.);
#2711=ORIENTED_EDGE('',*,*,#1942,.T.);
#2712=ORIENTED_EDGE('',*,*,#1943,.T.);
#2713=ORIENTED_EDGE('',*,*,#1799,.T.);
#2714=ORIENTED_EDGE('',*,*,#1943,.F.);
#2715=ORIENTED_EDGE('',*,*,#1944,.F.);
#2716=ORIENTED_EDGE('',*,*,#1945,.T.);
#2717=ORIENTED_EDGE('',*,*,#1946,.T.);
#2718=ORIENTED_EDGE('',*,*,#1945,.F.);
#2719=ORIENTED_EDGE('',*,*,#1947,.F.);
#2720=ORIENTED_EDGE('',*,*,#1944,.T.);
#2721=ORIENTED_EDGE('',*,*,#1948,.F.);
#2722=ORIENTED_EDGE('',*,*,#1946,.F.);
#2723=ORIENTED_EDGE('',*,*,#1948,.T.);
#2724=ORIENTED_EDGE('',*,*,#1949,.T.);
#2725=ORIENTED_EDGE('',*,*,#1895,.T.);
#2726=ORIENTED_EDGE('',*,*,#1808,.T.);
#2727=ORIENTED_EDGE('',*,*,#1896,.T.);
#2728=ORIENTED_EDGE('',*,*,#1949,.F.);
#2729=ORIENTED_EDGE('',*,*,#1950,.F.);
#2730=ORIENTED_EDGE('',*,*,#1951,.T.);
#2731=ORIENTED_EDGE('',*,*,#1952,.T.);
#2732=ORIENTED_EDGE('',*,*,#1951,.F.);
#2733=ORIENTED_EDGE('',*,*,#1953,.F.);
#2734=ORIENTED_EDGE('',*,*,#1950,.T.);
#2735=ORIENTED_EDGE('',*,*,#1954,.F.);
#2736=ORIENTED_EDGE('',*,*,#1952,.F.);
#2737=ORIENTED_EDGE('',*,*,#1954,.T.);
#2738=ORIENTED_EDGE('',*,*,#1955,.T.);
#2739=ORIENTED_EDGE('',*,*,#1819,.T.);
#2740=ORIENTED_EDGE('',*,*,#1897,.T.);
#2741=ORIENTED_EDGE('',*,*,#1816,.T.);
#2742=ORIENTED_EDGE('',*,*,#1955,.F.);
#2743=ORIENTED_EDGE('',*,*,#1956,.F.);
#2744=ORIENTED_EDGE('',*,*,#1957,.T.);
#2745=ORIENTED_EDGE('',*,*,#1958,.T.);
#2746=ORIENTED_EDGE('',*,*,#1957,.F.);
#2747=ORIENTED_EDGE('',*,*,#1959,.F.);
#2748=ORIENTED_EDGE('',*,*,#1956,.T.);
#2749=ORIENTED_EDGE('',*,*,#1960,.F.);
#2750=ORIENTED_EDGE('',*,*,#1958,.F.);
#2751=ORIENTED_EDGE('',*,*,#1960,.T.);
#2752=ORIENTED_EDGE('',*,*,#1961,.T.);
#2753=ORIENTED_EDGE('',*,*,#1901,.T.);
#2754=ORIENTED_EDGE('',*,*,#1802,.T.);
#2755=ORIENTED_EDGE('',*,*,#1902,.T.);
#2756=ORIENTED_EDGE('',*,*,#1961,.F.);
#2757=ORIENTED_EDGE('',*,*,#1962,.F.);
#2758=ORIENTED_EDGE('',*,*,#1963,.T.);
#2759=ORIENTED_EDGE('',*,*,#1964,.T.);
#2760=ORIENTED_EDGE('',*,*,#1963,.F.);
#2761=ORIENTED_EDGE('',*,*,#1965,.F.);
#2762=ORIENTED_EDGE('',*,*,#1962,.T.);
#2763=ORIENTED_EDGE('',*,*,#1966,.F.);
#2764=ORIENTED_EDGE('',*,*,#1964,.F.);
#2765=ORIENTED_EDGE('',*,*,#1966,.T.);
#2766=ORIENTED_EDGE('',*,*,#1967,.T.);
#2767=ORIENTED_EDGE('',*,*,#1798,.T.);
#2768=ORIENTED_EDGE('',*,*,#1967,.F.);
#2769=ORIENTED_EDGE('',*,*,#1555,.F.);
#2770=ORIENTED_EDGE('',*,*,#1788,.T.);
#2771=ORIENTED_EDGE('',*,*,#1789,.T.);
#2772=ORIENTED_EDGE('',*,*,#1554,.F.);
#2773=ORIENTED_EDGE('',*,*,#1780,.T.);
#2774=ORIENTED_EDGE('',*,*,#1781,.T.);
#2775=ORIENTED_EDGE('',*,*,#1553,.F.);
#2776=ORIENTED_EDGE('',*,*,#1573,.F.);
#2777=ORIENTED_EDGE('',*,*,#1900,.T.);
#2778=ORIENTED_EDGE('',*,*,#1968,.T.);
#2779=ORIENTED_EDGE('',*,*,#1538,.F.);
#2780=ORIENTED_EDGE('',*,*,#1969,.F.);
#2781=ORIENTED_EDGE('',*,*,#1812,.T.);
#2782=ORIENTED_EDGE('',*,*,#1568,.T.);
#2783=ORIENTED_EDGE('',*,*,#1540,.F.);
#2784=ORIENTED_EDGE('',*,*,#1794,.T.);
#2785=ORIENTED_EDGE('',*,*,#1795,.T.);
#2786=ORIENTED_EDGE('',*,*,#1539,.F.);
#2787=ORIENTED_EDGE('',*,*,#1790,.T.);
#2788=ORIENTED_EDGE('',*,*,#1791,.T.);
#2789=ORIENTED_EDGE('',*,*,#1545,.F.);
#2790=ORIENTED_EDGE('',*,*,#1968,.F.);
#2791=ORIENTED_EDGE('',*,*,#1899,.T.);
#2792=ORIENTED_EDGE('',*,*,#1810,.T.);
#2793=ORIENTED_EDGE('',*,*,#1969,.T.);
#2794=ORIENTED_EDGE('',*,*,#1548,.F.);
#2795=ORIENTED_EDGE('',*,*,#1748,.T.);
#2796=ORIENTED_EDGE('',*,*,#1749,.T.);
#2797=ORIENTED_EDGE('',*,*,#1547,.F.);
#2798=ORIENTED_EDGE('',*,*,#1740,.T.);
#2799=ORIENTED_EDGE('',*,*,#1741,.T.);
#2800=ORIENTED_EDGE('',*,*,#1546,.F.);
#2801=ORIENTED_EDGE('',*,*,#1732,.T.);
#2802=ORIENTED_EDGE('',*,*,#1733,.T.);
#2803=ORIENTED_EDGE('',*,*,#1596,.F.);
#2804=ORIENTED_EDGE('',*,*,#1629,.F.);
#2805=ORIENTED_EDGE('',*,*,#1597,.F.);
#2806=ORIENTED_EDGE('',*,*,#1970,.T.);
#2807=ORIENTED_EDGE('',*,*,#1911,.T.);
#2808=ORIENTED_EDGE('',*,*,#1970,.F.);
#2809=ORIENTED_EDGE('',*,*,#1576,.F.);
#2810=ORIENTED_EDGE('',*,*,#1600,.F.);
#2811=ORIENTED_EDGE('',*,*,#1577,.F.);
#2812=ORIENTED_EDGE('',*,*,#1971,.T.);
#2813=ORIENTED_EDGE('',*,*,#1929,.T.);
#2814=ORIENTED_EDGE('',*,*,#1971,.F.);
#2815=ORIENTED_EDGE('',*,*,#1605,.F.);
#2816=ORIENTED_EDGE('',*,*,#1594,.F.);
#2817=ORIENTED_EDGE('',*,*,#1972,.T.);
#2818=ORIENTED_EDGE('',*,*,#1947,.T.);
#2819=ORIENTED_EDGE('',*,*,#1972,.F.);
#2820=ORIENTED_EDGE('',*,*,#1622,.F.);
#2821=ORIENTED_EDGE('',*,*,#1973,.T.);
#2822=ORIENTED_EDGE('',*,*,#1935,.T.);
#2823=ORIENTED_EDGE('',*,*,#1973,.F.);
#2824=ORIENTED_EDGE('',*,*,#1587,.F.);
#2825=ORIENTED_EDGE('',*,*,#1593,.F.);
#2826=ORIENTED_EDGE('',*,*,#1585,.F.);
#2827=ORIENTED_EDGE('',*,*,#1974,.T.);
#2828=ORIENTED_EDGE('',*,*,#1965,.T.);
#2829=ORIENTED_EDGE('',*,*,#1974,.F.);
#2830=ORIENTED_EDGE('',*,*,#1584,.F.);
#2831=ORIENTED_EDGE('',*,*,#1599,.F.);
#2832=ORIENTED_EDGE('',*,*,#1591,.F.);
#2833=ORIENTED_EDGE('',*,*,#1975,.T.);
#2834=ORIENTED_EDGE('',*,*,#1941,.T.);
#2835=ORIENTED_EDGE('',*,*,#1975,.F.);
#2836=ORIENTED_EDGE('',*,*,#1590,.F.);
#2837=ORIENTED_EDGE('',*,*,#1589,.F.);
#2838=ORIENTED_EDGE('',*,*,#1976,.T.);
#2839=ORIENTED_EDGE('',*,*,#1917,.T.);
#2840=ORIENTED_EDGE('',*,*,#1976,.F.);
#2841=ORIENTED_EDGE('',*,*,#1578,.F.);
#2842=ORIENTED_EDGE('',*,*,#1580,.F.);
#2843=ORIENTED_EDGE('',*,*,#1977,.T.);
#2844=ORIENTED_EDGE('',*,*,#1953,.T.);
#2845=ORIENTED_EDGE('',*,*,#1977,.F.);
#2846=ORIENTED_EDGE('',*,*,#1614,.F.);
#2847=ORIENTED_EDGE('',*,*,#1602,.F.);
#2848=ORIENTED_EDGE('',*,*,#1607,.F.);
#2849=ORIENTED_EDGE('',*,*,#1603,.F.);
#2850=ORIENTED_EDGE('',*,*,#1978,.T.);
#2851=ORIENTED_EDGE('',*,*,#1959,.T.);
#2852=ORIENTED_EDGE('',*,*,#1978,.F.);
#2853=ORIENTED_EDGE('',*,*,#1582,.F.);
#2854=ORIENTED_EDGE('',*,*,#1574,.F.);
#2855=ORIENTED_EDGE('',*,*,#1583,.F.);
#2856=ORIENTED_EDGE('',*,*,#1979,.T.);
#2857=ORIENTED_EDGE('',*,*,#1923,.T.);
#2858=ORIENTED_EDGE('',*,*,#1979,.F.);
#2859=ORIENTED_EDGE('',*,*,#1618,.F.);
#2860=ORIENTED_EDGE('',*,*,#1670,.F.);
#2861=ORIENTED_EDGE('',*,*,#1673,.F.);
#2862=ORIENTED_EDGE('',*,*,#1707,.F.);
#2863=ORIENTED_EDGE('',*,*,#1621,.F.);
#2864=ORIENTED_EDGE('',*,*,#1758,.T.);
#2865=ORIENTED_EDGE('',*,*,#1759,.T.);
#2866=ORIENTED_EDGE('',*,*,#1620,.F.);
#2867=ORIENTED_EDGE('',*,*,#1754,.T.);
#2868=ORIENTED_EDGE('',*,*,#1755,.T.);
#2869=ORIENTED_EDGE('',*,*,#1619,.F.);
#2870=ORIENTED_EDGE('',*,*,#1750,.T.);
#2871=ORIENTED_EDGE('',*,*,#1751,.T.);
#2872=CYLINDRICAL_SURFACE('',#3141,1.);
#2873=CYLINDRICAL_SURFACE('',#3144,1.);
#2874=CYLINDRICAL_SURFACE('',#3146,1.);
#2875=CYLINDRICAL_SURFACE('',#3148,1.);
#2876=CYLINDRICAL_SURFACE('',#3189,1.);
#2877=CYLINDRICAL_SURFACE('',#3195,1.);
#2878=CYLINDRICAL_SURFACE('',#3201,1.);
#2879=CYLINDRICAL_SURFACE('',#3207,1.);
#2880=CYLINDRICAL_SURFACE('',#3213,4.);
#2881=CYLINDRICAL_SURFACE('',#3224,4.);
#2882=CYLINDRICAL_SURFACE('',#3226,4.);
#2883=CYLINDRICAL_SURFACE('',#3248,4.);
#2884=CYLINDRICAL_SURFACE('',#3249,2.5);
#2885=CYLINDRICAL_SURFACE('',#3256,3.);
#2886=CYLINDRICAL_SURFACE('',#3257,2.5);
#2887=CYLINDRICAL_SURFACE('',#3264,3.);
#2888=CYLINDRICAL_SURFACE('',#3265,2.5);
#2889=CYLINDRICAL_SURFACE('',#3272,3.);
#2890=CYLINDRICAL_SURFACE('',#3273,2.5);
#2891=CYLINDRICAL_SURFACE('',#3280,3.);
#2892=CYLINDRICAL_SURFACE('',#3283,2.5);
#2893=CYLINDRICAL_SURFACE('',#3290,3.);
#2894=CYLINDRICAL_SURFACE('',#3293,2.5);
#2895=CYLINDRICAL_SURFACE('',#3300,3.);
#2896=CYLINDRICAL_SURFACE('',#3303,3.);
#2897=CYLINDRICAL_SURFACE('',#3306,3.);
#2898=CYLINDRICAL_SURFACE('',#3307,3.);
#2899=CYLINDRICAL_SURFACE('',#3310,3.);
#2900=CYLINDRICAL_SURFACE('',#3311,3.);
#2901=CYLINDRICAL_SURFACE('',#3314,3.);
#2902=CYLINDRICAL_SURFACE('',#3315,2.5);
#2903=CYLINDRICAL_SURFACE('',#3322,3.);
#2904=CYLINDRICAL_SURFACE('',#3323,2.5);
#2905=CYLINDRICAL_SURFACE('',#3330,3.);
#2906=CYLINDRICAL_SURFACE('',#3331,2.5);
#2907=CYLINDRICAL_SURFACE('',#3338,3.);
#2908=CYLINDRICAL_SURFACE('',#3341,2.5);
#2909=CYLINDRICAL_SURFACE('',#3348,3.);
#2910=CYLINDRICAL_SURFACE('',#3351,3.);
#2911=CYLINDRICAL_SURFACE('',#3354,3.);
#2912=CYLINDRICAL_SURFACE('',#3355,3.);
#2913=CYLINDRICAL_SURFACE('',#3358,3.);
#2914=CYLINDRICAL_SURFACE('',#3410,1.5);
#2915=CYLINDRICAL_SURFACE('',#3411,1.5);
#2916=CYLINDRICAL_SURFACE('',#3412,1.5);
#2917=CYLINDRICAL_SURFACE('',#3413,1.5);
#2918=CYLINDRICAL_SURFACE('',#3430,2.5);
#2919=CYLINDRICAL_SURFACE('',#3437,3.);
#2920=CYLINDRICAL_SURFACE('',#3438,2.5);
#2921=CYLINDRICAL_SURFACE('',#3445,3.);
#2922=CYLINDRICAL_SURFACE('',#3446,2.5);
#2923=CYLINDRICAL_SURFACE('',#3453,3.);
#2924=CYLINDRICAL_SURFACE('',#3454,2.5);
#2925=CYLINDRICAL_SURFACE('',#3461,3.);
#2926=CYLINDRICAL_SURFACE('',#3462,2.5);
#2927=CYLINDRICAL_SURFACE('',#3469,3.);
#2928=CYLINDRICAL_SURFACE('',#3470,2.5);
#2929=CYLINDRICAL_SURFACE('',#3477,3.);
#2930=CYLINDRICAL_SURFACE('',#3478,2.5);
#2931=CYLINDRICAL_SURFACE('',#3485,3.);
#2932=CYLINDRICAL_SURFACE('',#3486,2.5);
#2933=CYLINDRICAL_SURFACE('',#3493,3.);
#2934=CYLINDRICAL_SURFACE('',#3494,2.5);
#2935=CYLINDRICAL_SURFACE('',#3501,3.);
#2936=CYLINDRICAL_SURFACE('',#3502,2.5);
#2937=CYLINDRICAL_SURFACE('',#3509,3.);
#2938=CYLINDRICAL_SURFACE('',#3513,3.);
#2939=CYLINDRICAL_SURFACE('',#3514,3.);
#2940=CYLINDRICAL_SURFACE('',#3515,3.);
#2941=CYLINDRICAL_SURFACE('',#3516,3.);
#2942=CYLINDRICAL_SURFACE('',#3517,3.);
#2943=CYLINDRICAL_SURFACE('',#3518,3.);
#2944=CYLINDRICAL_SURFACE('',#3519,3.);
#2945=CYLINDRICAL_SURFACE('',#3520,3.);
#2946=CYLINDRICAL_SURFACE('',#3521,3.);
#2947=CYLINDRICAL_SURFACE('',#3522,3.);
#2948=ADVANCED_FACE('',(#367),#2872,.T.);
#2949=ADVANCED_FACE('',(#368),#2873,.T.);
#2950=ADVANCED_FACE('',(#369),#2874,.T.);
#2951=ADVANCED_FACE('',(#370),#2875,.T.);
#2952=ADVANCED_FACE('',(#371),#268,.T.);
#2953=ADVANCED_FACE('',(#372),#269,.T.);
#2954=ADVANCED_FACE('',(#373),#270,.T.);
#2955=ADVANCED_FACE('',(#374),#271,.T.);
#2956=ADVANCED_FACE('',(#375),#272,.T.);
#2957=ADVANCED_FACE('',(#376),#273,.T.);
#2958=ADVANCED_FACE('',(#377),#274,.T.);
#2959=ADVANCED_FACE('',(#378),#64,.T.);
#2960=ADVANCED_FACE('',(#379),#2876,.T.);
#2961=ADVANCED_FACE('',(#380),#65,.T.);
#2962=ADVANCED_FACE('',(#381),#2877,.T.);
#2963=ADVANCED_FACE('',(#382),#66,.T.);
#2964=ADVANCED_FACE('',(#383),#2878,.T.);
#2965=ADVANCED_FACE('',(#384),#67,.T.);
#2966=ADVANCED_FACE('',(#385),#2879,.T.);
#2967=ADVANCED_FACE('',(#386),#275,.T.);
#2968=ADVANCED_FACE('',(#387),#2880,.T.);
#2969=ADVANCED_FACE('',(#388),#276,.T.);
#2970=ADVANCED_FACE('',(#389),#2881,.T.);
#2971=ADVANCED_FACE('',(#390),#2882,.T.);
#2972=ADVANCED_FACE('',(#391,#15,#16,#17,#18,#19),#277,.F.);
#2973=ADVANCED_FACE('',(#392,#20),#278,.T.);
#2974=ADVANCED_FACE('',(#393),#279,.T.);
#2975=ADVANCED_FACE('',(#394),#280,.F.);
#2976=ADVANCED_FACE('',(#395),#281,.T.);
#2977=ADVANCED_FACE('',(#396),#282,.T.);
#2978=ADVANCED_FACE('',(#397),#2883,.T.);
#2979=ADVANCED_FACE('',(#398),#2884,.F.);
#2980=ADVANCED_FACE('',(#399,#21),#283,.T.);
#2981=ADVANCED_FACE('',(#400,#22),#284,.F.);
#2982=ADVANCED_FACE('',(#401),#2885,.F.);
#2983=ADVANCED_FACE('',(#402),#2886,.F.);
#2984=ADVANCED_FACE('',(#403,#23),#285,.T.);
#2985=ADVANCED_FACE('',(#404,#24),#286,.F.);
#2986=ADVANCED_FACE('',(#405),#2887,.F.);
#2987=ADVANCED_FACE('',(#406),#2888,.F.);
#2988=ADVANCED_FACE('',(#407,#25),#287,.T.);
#2989=ADVANCED_FACE('',(#408,#26),#288,.F.);
#2990=ADVANCED_FACE('',(#409),#2889,.F.);
#2991=ADVANCED_FACE('',(#410),#2890,.F.);
#2992=ADVANCED_FACE('',(#411,#27),#289,.T.);
#2993=ADVANCED_FACE('',(#412,#28),#290,.F.);
#2994=ADVANCED_FACE('',(#413),#2891,.F.);
#2995=ADVANCED_FACE('',(#414),#2892,.F.);
#2996=ADVANCED_FACE('',(#415,#29),#291,.T.);
#2997=ADVANCED_FACE('',(#416,#30),#292,.F.);
#2998=ADVANCED_FACE('',(#417),#2893,.F.);
#2999=ADVANCED_FACE('',(#418),#2894,.F.);
#3000=ADVANCED_FACE('',(#419,#31),#293,.T.);
#3001=ADVANCED_FACE('',(#420,#32),#294,.F.);
#3002=ADVANCED_FACE('',(#421),#2895,.F.);
#3003=ADVANCED_FACE('',(#422),#2896,.F.);
#3004=ADVANCED_FACE('',(#423),#2897,.F.);
#3005=ADVANCED_FACE('',(#424),#2898,.F.);
#3006=ADVANCED_FACE('',(#425),#2899,.F.);
#3007=ADVANCED_FACE('',(#426),#2900,.F.);
#3008=ADVANCED_FACE('',(#427),#2901,.F.);
#3009=ADVANCED_FACE('',(#428),#2902,.F.);
#3010=ADVANCED_FACE('',(#429,#33),#295,.T.);
#3011=ADVANCED_FACE('',(#430,#34),#296,.F.);
#3012=ADVANCED_FACE('',(#431),#2903,.F.);
#3013=ADVANCED_FACE('',(#432),#2904,.F.);
#3014=ADVANCED_FACE('',(#433,#35),#297,.T.);
#3015=ADVANCED_FACE('',(#434,#36),#298,.F.);
#3016=ADVANCED_FACE('',(#435),#2905,.F.);
#3017=ADVANCED_FACE('',(#436),#2906,.F.);
#3018=ADVANCED_FACE('',(#437,#37),#299,.T.);
#3019=ADVANCED_FACE('',(#438,#38),#300,.F.);
#3020=ADVANCED_FACE('',(#439),#2907,.F.);
#3021=ADVANCED_FACE('',(#440),#2908,.F.);
#3022=ADVANCED_FACE('',(#441,#39),#301,.T.);
#3023=ADVANCED_FACE('',(#442,#40),#302,.F.);
#3024=ADVANCED_FACE('',(#443),#2909,.F.);
#3025=ADVANCED_FACE('',(#444),#2910,.F.);
#3026=ADVANCED_FACE('',(#445),#2911,.F.);
#3027=ADVANCED_FACE('',(#446),#2912,.F.);
#3028=ADVANCED_FACE('',(#447),#2913,.F.);
#3029=ADVANCED_FACE('',(#448),#303,.T.);
#3030=ADVANCED_FACE('',(#449),#304,.T.);
#3031=ADVANCED_FACE('',(#450),#305,.T.);
#3032=ADVANCED_FACE('',(#451),#306,.T.);
#3033=ADVANCED_FACE('',(#452),#307,.T.);
#3034=ADVANCED_FACE('',(#453),#308,.T.);
#3035=ADVANCED_FACE('',(#454),#309,.T.);
#3036=ADVANCED_FACE('',(#455),#310,.T.);
#3037=ADVANCED_FACE('',(#456),#311,.T.);
#3038=ADVANCED_FACE('',(#457),#312,.T.);
#3039=ADVANCED_FACE('',(#458),#313,.T.);
#3040=ADVANCED_FACE('',(#459),#314,.T.);
#3041=ADVANCED_FACE('',(#460),#315,.T.);
#3042=ADVANCED_FACE('',(#461),#316,.T.);
#3043=ADVANCED_FACE('',(#462),#317,.T.);
#3044=ADVANCED_FACE('',(#463),#318,.T.);
#3045=ADVANCED_FACE('',(#464),#319,.T.);
#3046=ADVANCED_FACE('',(#465),#320,.T.);
#3047=ADVANCED_FACE('',(#466),#321,.T.);
#3048=ADVANCED_FACE('',(#467),#322,.T.);
#3049=ADVANCED_FACE('',(#468),#323,.T.);
#3050=ADVANCED_FACE('',(#469),#324,.T.);
#3051=ADVANCED_FACE('',(#470),#325,.T.);
#3052=ADVANCED_FACE('',(#471),#326,.T.);
#3053=ADVANCED_FACE('',(#472),#327,.T.);
#3054=ADVANCED_FACE('',(#473),#328,.T.);
#3055=ADVANCED_FACE('',(#474,#41),#329,.T.);
#3056=ADVANCED_FACE('',(#475,#42),#330,.T.);
#3057=ADVANCED_FACE('',(#476),#331,.T.);
#3058=ADVANCED_FACE('',(#477),#332,.T.);
#3059=ADVANCED_FACE('',(#478),#333,.T.);
#3060=ADVANCED_FACE('',(#479),#334,.T.);
#3061=ADVANCED_FACE('',(#480),#335,.T.);
#3062=ADVANCED_FACE('',(#481),#336,.T.);
#3063=ADVANCED_FACE('',(#482),#337,.T.);
#3064=ADVANCED_FACE('',(#483),#338,.T.);
#3065=ADVANCED_FACE('',(#484),#2914,.F.);
#3066=ADVANCED_FACE('',(#485),#2915,.F.);
#3067=ADVANCED_FACE('',(#486),#2916,.F.);
#3068=ADVANCED_FACE('',(#487),#2917,.F.);
#3069=ADVANCED_FACE('',(#488,#43),#339,.T.);
#3070=ADVANCED_FACE('',(#489),#340,.F.);
#3071=ADVANCED_FACE('',(#490),#341,.F.);
#3072=ADVANCED_FACE('',(#491),#342,.F.);
#3073=ADVANCED_FACE('',(#492),#2918,.F.);
#3074=ADVANCED_FACE('',(#493,#44),#343,.T.);
#3075=ADVANCED_FACE('',(#494,#45),#344,.F.);
#3076=ADVANCED_FACE('',(#495),#2919,.F.);
#3077=ADVANCED_FACE('',(#496),#2920,.F.);
#3078=ADVANCED_FACE('',(#497,#46),#345,.T.);
#3079=ADVANCED_FACE('',(#498,#47),#346,.F.);
#3080=ADVANCED_FACE('',(#499),#2921,.F.);
#3081=ADVANCED_FACE('',(#500),#2922,.F.);
#3082=ADVANCED_FACE('',(#501,#48),#347,.T.);
#3083=ADVANCED_FACE('',(#502,#49),#348,.F.);
#3084=ADVANCED_FACE('',(#503),#2923,.F.);
#3085=ADVANCED_FACE('',(#504),#2924,.F.);
#3086=ADVANCED_FACE('',(#505,#50),#349,.T.);
#3087=ADVANCED_FACE('',(#506,#51),#350,.F.);
#3088=ADVANCED_FACE('',(#507),#2925,.F.);
#3089=ADVANCED_FACE('',(#508),#2926,.F.);
#3090=ADVANCED_FACE('',(#509,#52),#351,.T.);
#3091=ADVANCED_FACE('',(#510,#53),#352,.F.);
#3092=ADVANCED_FACE('',(#511),#2927,.F.);
#3093=ADVANCED_FACE('',(#512),#2928,.F.);
#3094=ADVANCED_FACE('',(#513,#54),#353,.T.);
#3095=ADVANCED_FACE('',(#514,#55),#354,.F.);
#3096=ADVANCED_FACE('',(#515),#2929,.F.);
#3097=ADVANCED_FACE('',(#516),#2930,.F.);
#3098=ADVANCED_FACE('',(#517,#56),#355,.T.);
#3099=ADVANCED_FACE('',(#518,#57),#356,.F.);
#3100=ADVANCED_FACE('',(#519),#2931,.F.);
#3101=ADVANCED_FACE('',(#520),#2932,.F.);
#3102=ADVANCED_FACE('',(#521,#58),#357,.T.);
#3103=ADVANCED_FACE('',(#522,#59),#358,.F.);
#3104=ADVANCED_FACE('',(#523),#2933,.F.);
#3105=ADVANCED_FACE('',(#524),#2934,.F.);
#3106=ADVANCED_FACE('',(#525,#60),#359,.T.);
#3107=ADVANCED_FACE('',(#526,#61),#360,.F.);
#3108=ADVANCED_FACE('',(#527),#2935,.F.);
#3109=ADVANCED_FACE('',(#528),#2936,.F.);
#3110=ADVANCED_FACE('',(#529,#62),#361,.T.);
#3111=ADVANCED_FACE('',(#530,#63),#362,.F.);
#3112=ADVANCED_FACE('',(#531),#2937,.F.);
#3113=ADVANCED_FACE('',(#532),#363,.T.);
#3114=ADVANCED_FACE('',(#533),#364,.T.);
#3115=ADVANCED_FACE('',(#534),#365,.T.);
#3116=ADVANCED_FACE('',(#535),#2938,.F.);
#3117=ADVANCED_FACE('',(#536),#2939,.F.);
#3118=ADVANCED_FACE('',(#537),#2940,.F.);
#3119=ADVANCED_FACE('',(#538),#2941,.F.);
#3120=ADVANCED_FACE('',(#539),#2942,.F.);
#3121=ADVANCED_FACE('',(#540),#2943,.F.);
#3122=ADVANCED_FACE('',(#541),#2944,.F.);
#3123=ADVANCED_FACE('',(#542),#2945,.F.);
#3124=ADVANCED_FACE('',(#543),#2946,.F.);
#3125=ADVANCED_FACE('',(#544),#2947,.F.);
#3126=ADVANCED_FACE('',(#545),#366,.T.);
#3127=CLOSED_SHELL('',(#2948,#2949,#2950,#2951,#2952,#2953,#2954,#2955,
#2956,#2957,#2958,#2959,#2960,#2961,#2962,#2963,#2964,#2965,#2966,#2967,
#2968,#2969,#2970,#2971,#2972,#2973,#2974,#2975,#2976,#2977,#2978,#2979,
#2980,#2981,#2982,#2983,#2984,#2985,#2986,#2987,#2988,#2989,#2990,#2991,
#2992,#2993,#2994,#2995,#2996,#2997,#2998,#2999,#3000,#3001,#3002,#3003,
#3004,#3005,#3006,#3007,#3008,#3009,#3010,#3011,#3012,#3013,#3014,#3015,
#3016,#3017,#3018,#3019,#3020,#3021,#3022,#3023,#3024,#3025,#3026,#3027,
#3028,#3029,#3030,#3031,#3032,#3033,#3034,#3035,#3036,#3037,#3038,#3039,
#3040,#3041,#3042,#3043,#3044,#3045,#3046,#3047,#3048,#3049,#3050,#3051,
#3052,#3053,#3054,#3055,#3056,#3057,#3058,#3059,#3060,#3061,#3062,#3063,
#3064,#3065,#3066,#3067,#3068,#3069,#3070,#3071,#3072,#3073,#3074,#3075,
#3076,#3077,#3078,#3079,#3080,#3081,#3082,#3083,#3084,#3085,#3086,#3087,
#3088,#3089,#3090,#3091,#3092,#3093,#3094,#3095,#3096,#3097,#3098,#3099,
#3100,#3101,#3102,#3103,#3104,#3105,#3106,#3107,#3108,#3109,#3110,#3111,
#3112,#3113,#3114,#3115,#3116,#3117,#3118,#3119,#3120,#3121,#3122,#3123,
#3124,#3125,#3126));
#3128=DERIVED_UNIT_ELEMENT(#3130,1.);
#3129=DERIVED_UNIT_ELEMENT(#5437,-3.);
#3130=(
MASS_UNIT()
NAMED_UNIT(*)
SI_UNIT(.KILO.,.GRAM.)
);
#3131=DERIVED_UNIT((#3128,#3129));
#3132=MEASURE_REPRESENTATION_ITEM('density measure',
POSITIVE_RATIO_MEASURE(7850.),#3131);
#3133=PROPERTY_DEFINITION_REPRESENTATION(#3138,#3135);
#3134=PROPERTY_DEFINITION_REPRESENTATION(#3139,#3136);
#3135=REPRESENTATION('material name',(#3137),#5434);
#3136=REPRESENTATION('density',(#3132),#5434);
#3137=DESCRIPTIVE_REPRESENTATION_ITEM('Steel','Steel');
#3138=PROPERTY_DEFINITION('material property','material name',#5444);
#3139=PROPERTY_DEFINITION('material property','density of part',#5444);
#3140=AXIS2_PLACEMENT_3D('',#4534,#3524,#3525);
#3141=AXIS2_PLACEMENT_3D('',#4535,#3526,#3527);
#3142=AXIS2_PLACEMENT_3D('',#4544,#3531,#3532);
#3143=AXIS2_PLACEMENT_3D('',#4551,#3536,#3537);
#3144=AXIS2_PLACEMENT_3D('',#4552,#3538,#3539);
#3145=AXIS2_PLACEMENT_3D('',#4558,#3542,#3543);
#3146=AXIS2_PLACEMENT_3D('',#4566,#3548,#3549);
#3147=AXIS2_PLACEMENT_3D('',#4574,#3553,#3554);
#3148=AXIS2_PLACEMENT_3D('',#4580,#3558,#3559);
#3149=AXIS2_PLACEMENT_3D('',#4591,#3566,#3567);
#3150=AXIS2_PLACEMENT_3D('',#4593,#3568,#3569);
#3151=AXIS2_PLACEMENT_3D('',#4594,#3570,#3571);
#3152=AXIS2_PLACEMENT_3D('',#4596,#3572,#3573);
#3153=AXIS2_PLACEMENT_3D('',#4597,#3574,#3575);
#3154=AXIS2_PLACEMENT_3D('',#4599,#3576,#3577);
#3155=AXIS2_PLACEMENT_3D('',#4600,#3578,#3579);
#3156=AXIS2_PLACEMENT_3D('',#4612,#3586,#3587);
#3157=AXIS2_PLACEMENT_3D('',#4614,#3588,#3589);
#3158=AXIS2_PLACEMENT_3D('',#4618,#3591,#3592);
#3159=AXIS2_PLACEMENT_3D('',#4619,#3593,#3594);
#3160=AXIS2_PLACEMENT_3D('',#4620,#3595,#3596);
#3161=AXIS2_PLACEMENT_3D('',#4622,#3597,#3598);
#3162=AXIS2_PLACEMENT_3D('',#4626,#3600,#3601);
#3163=AXIS2_PLACEMENT_3D('',#4629,#3603,#3604);
#3164=AXIS2_PLACEMENT_3D('',#4630,#3605,#3606);
#3165=AXIS2_PLACEMENT_3D('',#4631,#3607,#3608);
#3166=AXIS2_PLACEMENT_3D('',#4633,#3609,#3610);
#3167=AXIS2_PLACEMENT_3D('',#4635,#3611,#3612);
#3168=AXIS2_PLACEMENT_3D('',#4639,#3614,#3615);
#3169=AXIS2_PLACEMENT_3D('',#4641,#3617,#3618);
#3170=AXIS2_PLACEMENT_3D('',#4642,#3619,#3620);
#3171=AXIS2_PLACEMENT_3D('',#4644,#3621,#3622);
#3172=AXIS2_PLACEMENT_3D('',#4646,#3623,#3624);
#3173=AXIS2_PLACEMENT_3D('',#4648,#3626,#3627);
#3174=AXIS2_PLACEMENT_3D('',#4649,#3628,#3629);
#3175=AXIS2_PLACEMENT_3D('',#4651,#3630,#3631);
#3176=AXIS2_PLACEMENT_3D('',#4655,#3633,#3634);
#3177=AXIS2_PLACEMENT_3D('',#4657,#3635,#3636);
#3178=AXIS2_PLACEMENT_3D('',#4659,#3638,#3639);
#3179=AXIS2_PLACEMENT_3D('',#4660,#3640,#3641);
#3180=AXIS2_PLACEMENT_3D('',#4661,#3642,#3643);
#3181=AXIS2_PLACEMENT_3D('',#4665,#3645,#3646);
#3182=AXIS2_PLACEMENT_3D('',#4667,#3647,#3648);
#3183=AXIS2_PLACEMENT_3D('',#4669,#3650,#3651);
#3184=AXIS2_PLACEMENT_3D('',#4670,#3652,#3653);
#3185=AXIS2_PLACEMENT_3D('',#4672,#3654,#3655);
#3186=AXIS2_PLACEMENT_3D('',#4673,#3656,#3657);
#3187=AXIS2_PLACEMENT_3D('',#4675,#3658,#3659);
#3188=AXIS2_PLACEMENT_3D('',#4676,#3660,#3661);
#3189=AXIS2_PLACEMENT_3D('',#4677,#3662,#3663);
#3190=AXIS2_PLACEMENT_3D('',#4679,#3664,#3665);
#3191=AXIS2_PLACEMENT_3D('',#4685,#3669,#3670);
#3192=AXIS2_PLACEMENT_3D('',#4686,#3671,#3672);
#3193=AXIS2_PLACEMENT_3D('',#4688,#3673,#3674);
#3194=AXIS2_PLACEMENT_3D('',#4689,#3675,#3676);
#3195=AXIS2_PLACEMENT_3D('',#4690,#3677,#3678);
#3196=AXIS2_PLACEMENT_3D('',#4692,#3679,#3680);
#3197=AXIS2_PLACEMENT_3D('',#4700,#3685,#3686);
#3198=AXIS2_PLACEMENT_3D('',#4701,#3687,#3688);
#3199=AXIS2_PLACEMENT_3D('',#4703,#3689,#3690);
#3200=AXIS2_PLACEMENT_3D('',#4704,#3691,#3692);
#3201=AXIS2_PLACEMENT_3D('',#4705,#3693,#3694);
#3202=AXIS2_PLACEMENT_3D('',#4707,#3695,#3696);
#3203=AXIS2_PLACEMENT_3D('',#4713,#3700,#3701);
#3204=AXIS2_PLACEMENT_3D('',#4714,#3702,#3703);
#3205=AXIS2_PLACEMENT_3D('',#4716,#3704,#3705);
#3206=AXIS2_PLACEMENT_3D('',#4717,#3706,#3707);
#3207=AXIS2_PLACEMENT_3D('',#4718,#3708,#3709);
#3208=AXIS2_PLACEMENT_3D('',#4726,#3714,#3715);
#3209=AXIS2_PLACEMENT_3D('',#4728,#3716,#3717);
#3210=AXIS2_PLACEMENT_3D('',#4729,#3718,#3719);
#3211=AXIS2_PLACEMENT_3D('',#4731,#3720,#3721);
#3212=AXIS2_PLACEMENT_3D('',#4732,#3722,#3723);
#3213=AXIS2_PLACEMENT_3D('',#4754,#3735,#3736);
#3214=AXIS2_PLACEMENT_3D('',#4757,#3738,#3739);
#3215=AXIS2_PLACEMENT_3D('',#4759,#3740,#3741);
#3216=AXIS2_PLACEMENT_3D('',#4762,#3743,#3744);
#3217=AXIS2_PLACEMENT_3D('',#4763,#3745,#3746);
#3218=AXIS2_PLACEMENT_3D('',#4765,#3747,#3748);
#3219=AXIS2_PLACEMENT_3D('',#4766,#3749,#3750);
#3220=AXIS2_PLACEMENT_3D('',#4768,#3751,#3752);
#3221=AXIS2_PLACEMENT_3D('',#4769,#3753,#3754);
#3222=AXIS2_PLACEMENT_3D('',#4771,#3755,#3756);
#3223=AXIS2_PLACEMENT_3D('',#4772,#3757,#3758);
#3224=AXIS2_PLACEMENT_3D('',#4776,#3761,#3762);
#3225=AXIS2_PLACEMENT_3D('',#4779,#3764,#3765);
#3226=AXIS2_PLACEMENT_3D('',#4780,#3766,#3767);
#3227=AXIS2_PLACEMENT_3D('',#4782,#3768,#3769);
#3228=AXIS2_PLACEMENT_3D('',#4785,#3771,#3772);
#3229=AXIS2_PLACEMENT_3D('',#4787,#3773,#3774);
#3230=AXIS2_PLACEMENT_3D('',#4789,#3776,#3777);
#3231=AXIS2_PLACEMENT_3D('',#4793,#3779,#3780);
#3232=AXIS2_PLACEMENT_3D('',#4812,#3790,#3791);
#3233=AXIS2_PLACEMENT_3D('',#4814,#3792,#3793);
#3234=AXIS2_PLACEMENT_3D('',#4816,#3794,#3795);
#3235=AXIS2_PLACEMENT_3D('',#4818,#3796,#3797);
#3236=AXIS2_PLACEMENT_3D('',#4819,#3798,#3799);
#3237=AXIS2_PLACEMENT_3D('',#4828,#3804,#3805);
#3238=AXIS2_PLACEMENT_3D('',#4829,#3806,#3807);
#3239=AXIS2_PLACEMENT_3D('',#4835,#3811,#3812);
#3240=AXIS2_PLACEMENT_3D('',#4839,#3814,#3815);
#3241=AXIS2_PLACEMENT_3D('',#4841,#3816,#3817);
#3242=AXIS2_PLACEMENT_3D('',#4845,#3820,#3821);
#3243=AXIS2_PLACEMENT_3D('',#4851,#3825,#3826);
#3244=AXIS2_PLACEMENT_3D('',#4854,#3828,#3829);
#3245=AXIS2_PLACEMENT_3D('',#4855,#3830,#3831);
#3246=AXIS2_PLACEMENT_3D('',#4857,#3832,#3833);
#3247=AXIS2_PLACEMENT_3D('',#4858,#3834,#3835);
#3248=AXIS2_PLACEMENT_3D('',#4859,#3836,#3837);
#3249=AXIS2_PLACEMENT_3D('',#4861,#3839,#3840);
#3250=AXIS2_PLACEMENT_3D('',#4863,#3841,#3842);
#3251=AXIS2_PLACEMENT_3D('',#4866,#3844,#3845);
#3252=AXIS2_PLACEMENT_3D('',#4867,#3846,#3847);
#3253=AXIS2_PLACEMENT_3D('',#4869,#3848,#3849);
#3254=AXIS2_PLACEMENT_3D('',#4870,#3850,#3851);
#3255=AXIS2_PLACEMENT_3D('',#4872,#3852,#3853);
#3256=AXIS2_PLACEMENT_3D('',#4873,#3854,#3855);
#3257=AXIS2_PLACEMENT_3D('',#4875,#3857,#3858);
#3258=AXIS2_PLACEMENT_3D('',#4877,#3859,#3860);
#3259=AXIS2_PLACEMENT_3D('',#4880,#3862,#3863);
#3260=AXIS2_PLACEMENT_3D('',#4881,#3864,#3865);
#3261=AXIS2_PLACEMENT_3D('',#4883,#3866,#3867);
#3262=AXIS2_PLACEMENT_3D('',#4884,#3868,#3869);
#3263=AXIS2_PLACEMENT_3D('',#4886,#3870,#3871);
#3264=AXIS2_PLACEMENT_3D('',#4887,#3872,#3873);
#3265=AXIS2_PLACEMENT_3D('',#4889,#3875,#3876);
#3266=AXIS2_PLACEMENT_3D('',#4891,#3877,#3878);
#3267=AXIS2_PLACEMENT_3D('',#4894,#3880,#3881);
#3268=AXIS2_PLACEMENT_3D('',#4895,#3882,#3883);
#3269=AXIS2_PLACEMENT_3D('',#4897,#3884,#3885);
#3270=AXIS2_PLACEMENT_3D('',#4898,#3886,#3887);
#3271=AXIS2_PLACEMENT_3D('',#4900,#3888,#3889);
#3272=AXIS2_PLACEMENT_3D('',#4901,#3890,#3891);
#3273=AXIS2_PLACEMENT_3D('',#4903,#3893,#3894);
#3274=AXIS2_PLACEMENT_3D('',#4905,#3895,#3896);
#3275=AXIS2_PLACEMENT_3D('',#4908,#3898,#3899);
#3276=AXIS2_PLACEMENT_3D('',#4909,#3900,#3901);
#3277=AXIS2_PLACEMENT_3D('',#4911,#3902,#3903);
#3278=AXIS2_PLACEMENT_3D('',#4912,#3904,#3905);
#3279=AXIS2_PLACEMENT_3D('',#4914,#3906,#3907);
#3280=AXIS2_PLACEMENT_3D('',#4915,#3908,#3909);
#3281=AXIS2_PLACEMENT_3D('',#4918,#3911,#3912);
#3282=AXIS2_PLACEMENT_3D('',#4919,#3913,#3914);
#3283=AXIS2_PLACEMENT_3D('',#4920,#3915,#3916);
#3284=AXIS2_PLACEMENT_3D('',#4922,#3917,#3918);
#3285=AXIS2_PLACEMENT_3D('',#4925,#3920,#3921);
#3286=AXIS2_PLACEMENT_3D('',#4926,#3922,#3923);
#3287=AXIS2_PLACEMENT_3D('',#4928,#3924,#3925);
#3288=AXIS2_PLACEMENT_3D('',#4929,#3926,#3927);
#3289=AXIS2_PLACEMENT_3D('',#4931,#3928,#3929);
#3290=AXIS2_PLACEMENT_3D('',#4932,#3930,#3931);
#3291=AXIS2_PLACEMENT_3D('',#4935,#3933,#3934);
#3292=AXIS2_PLACEMENT_3D('',#4936,#3935,#3936);
#3293=AXIS2_PLACEMENT_3D('',#4937,#3937,#3938);
#3294=AXIS2_PLACEMENT_3D('',#4939,#3939,#3940);
#3295=AXIS2_PLACEMENT_3D('',#4942,#3942,#3943);
#3296=AXIS2_PLACEMENT_3D('',#4943,#3944,#3945);
#3297=AXIS2_PLACEMENT_3D('',#4945,#3946,#3947);
#3298=AXIS2_PLACEMENT_3D('',#4946,#3948,#3949);
#3299=AXIS2_PLACEMENT_3D('',#4948,#3950,#3951);
#3300=AXIS2_PLACEMENT_3D('',#4949,#3952,#3953);
#3301=AXIS2_PLACEMENT_3D('',#4952,#3955,#3956);
#3302=AXIS2_PLACEMENT_3D('',#4953,#3957,#3958);
#3303=AXIS2_PLACEMENT_3D('',#4954,#3959,#3960);
#3304=AXIS2_PLACEMENT_3D('',#4956,#3961,#3962);
#3305=AXIS2_PLACEMENT_3D('',#4957,#3963,#3964);
#3306=AXIS2_PLACEMENT_3D('',#4959,#3966,#3967);
#3307=AXIS2_PLACEMENT_3D('',#4961,#3969,#3970);
#3308=AXIS2_PLACEMENT_3D('',#4963,#3971,#3972);
#3309=AXIS2_PLACEMENT_3D('',#4964,#3973,#3974);
#3310=AXIS2_PLACEMENT_3D('',#4966,#3976,#3977);
#3311=AXIS2_PLACEMENT_3D('',#4968,#3979,#3980);
#3312=AXIS2_PLACEMENT_3D('',#4970,#3981,#3982);
#3313=AXIS2_PLACEMENT_3D('',#4971,#3983,#3984);
#3314=AXIS2_PLACEMENT_3D('',#4973,#3986,#3987);
#3315=AXIS2_PLACEMENT_3D('',#4975,#3989,#3990);
#3316=AXIS2_PLACEMENT_3D('',#4977,#3991,#3992);
#3317=AXIS2_PLACEMENT_3D('',#4980,#3994,#3995);
#3318=AXIS2_PLACEMENT_3D('',#4981,#3996,#3997);
#3319=AXIS2_PLACEMENT_3D('',#4983,#3998,#3999);
#3320=AXIS2_PLACEMENT_3D('',#4984,#4000,#4001);
#3321=AXIS2_PLACEMENT_3D('',#4986,#4002,#4003);
#3322=AXIS2_PLACEMENT_3D('',#4987,#4004,#4005);
#3323=AXIS2_PLACEMENT_3D('',#4989,#4007,#4008);
#3324=AXIS2_PLACEMENT_3D('',#4991,#4009,#4010);
#3325=AXIS2_PLACEMENT_3D('',#4994,#4012,#4013);
#3326=AXIS2_PLACEMENT_3D('',#4995,#4014,#4015);
#3327=AXIS2_PLACEMENT_3D('',#4997,#4016,#4017);
#3328=AXIS2_PLACEMENT_3D('',#4998,#4018,#4019);
#3329=AXIS2_PLACEMENT_3D('',#5000,#4020,#4021);
#3330=AXIS2_PLACEMENT_3D('',#5001,#4022,#4023);
#3331=AXIS2_PLACEMENT_3D('',#5003,#4025,#4026);
#3332=AXIS2_PLACEMENT_3D('',#5005,#4027,#4028);
#3333=AXIS2_PLACEMENT_3D('',#5008,#4030,#4031);
#3334=AXIS2_PLACEMENT_3D('',#5009,#4032,#4033);
#3335=AXIS2_PLACEMENT_3D('',#5011,#4034,#4035);
#3336=AXIS2_PLACEMENT_3D('',#5012,#4036,#4037);
#3337=AXIS2_PLACEMENT_3D('',#5014,#4038,#4039);
#3338=AXIS2_PLACEMENT_3D('',#5015,#4040,#4041);
#3339=AXIS2_PLACEMENT_3D('',#5018,#4043,#4044);
#3340=AXIS2_PLACEMENT_3D('',#5019,#4045,#4046);
#3341=AXIS2_PLACEMENT_3D('',#5020,#4047,#4048);
#3342=AXIS2_PLACEMENT_3D('',#5022,#4049,#4050);
#3343=AXIS2_PLACEMENT_3D('',#5025,#4052,#4053);
#3344=AXIS2_PLACEMENT_3D('',#5026,#4054,#4055);
#3345=AXIS2_PLACEMENT_3D('',#5028,#4056,#4057);
#3346=AXIS2_PLACEMENT_3D('',#5029,#4058,#4059);
#3347=AXIS2_PLACEMENT_3D('',#5031,#4060,#4061);
#3348=AXIS2_PLACEMENT_3D('',#5032,#4062,#4063);
#3349=AXIS2_PLACEMENT_3D('',#5035,#4065,#4066);
#3350=AXIS2_PLACEMENT_3D('',#5036,#4067,#4068);
#3351=AXIS2_PLACEMENT_3D('',#5037,#4069,#4070);
#3352=AXIS2_PLACEMENT_3D('',#5039,#4071,#4072);
#3353=AXIS2_PLACEMENT_3D('',#5040,#4073,#4074);
#3354=AXIS2_PLACEMENT_3D('',#5042,#4076,#4077);
#3355=AXIS2_PLACEMENT_3D('',#5044,#4079,#4080);
#3356=AXIS2_PLACEMENT_3D('',#5046,#4081,#4082);
#3357=AXIS2_PLACEMENT_3D('',#5047,#4083,#4084);
#3358=AXIS2_PLACEMENT_3D('',#5049,#4086,#4087);
#3359=AXIS2_PLACEMENT_3D('',#5051,#4089,#4090);
#3360=AXIS2_PLACEMENT_3D('',#5053,#4091,#4092);
#3361=AXIS2_PLACEMENT_3D('',#5054,#4093,#4094);
#3362=AXIS2_PLACEMENT_3D('',#5056,#4095,#4096);
#3363=AXIS2_PLACEMENT_3D('',#5057,#4097,#4098);
#3364=AXIS2_PLACEMENT_3D('',#5060,#4099,#4100);
#3365=AXIS2_PLACEMENT_3D('',#5062,#4102,#4103);
#3366=AXIS2_PLACEMENT_3D('',#5065,#4104,#4105);
#3367=AXIS2_PLACEMENT_3D('',#5069,#4108,#4109);
#3368=AXIS2_PLACEMENT_3D('',#5075,#4113,#4114);
#3369=AXIS2_PLACEMENT_3D('',#5078,#4115,#4116);
#3370=AXIS2_PLACEMENT_3D('',#5080,#4118,#4119);
#3371=AXIS2_PLACEMENT_3D('',#5086,#4123,#4124);
#3372=AXIS2_PLACEMENT_3D('',#5089,#4125,#4126);
#3373=AXIS2_PLACEMENT_3D('',#5092,#4128,#4129);
#3374=AXIS2_PLACEMENT_3D('',#5093,#4130,#4131);
#3375=AXIS2_PLACEMENT_3D('',#5096,#4132,#4133);
#3376=AXIS2_PLACEMENT_3D('',#5101,#4136,#4137);
#3377=AXIS2_PLACEMENT_3D('',#5102,#4138,#4139);
#3378=AXIS2_PLACEMENT_3D('',#5105,#4140,#4141);
#3379=AXIS2_PLACEMENT_3D('',#5107,#4143,#4144);
#3380=AXIS2_PLACEMENT_3D('',#5110,#4145,#4146);
#3381=AXIS2_PLACEMENT_3D('',#5114,#4149,#4150);
#3382=AXIS2_PLACEMENT_3D('',#5115,#4151,#4152);
#3383=AXIS2_PLACEMENT_3D('',#5124,#4157,#4158);
#3384=AXIS2_PLACEMENT_3D('',#5130,#4162,#4163);
#3385=AXIS2_PLACEMENT_3D('',#5135,#4167,#4168);
#3386=AXIS2_PLACEMENT_3D('',#5141,#4172,#4173);
#3387=AXIS2_PLACEMENT_3D('',#5149,#4178,#4179);
#3388=AXIS2_PLACEMENT_3D('',#5155,#4183,#4184);
#3389=AXIS2_PLACEMENT_3D('',#5161,#4188,#4189);
#3390=AXIS2_PLACEMENT_3D('',#5166,#4193,#4194);
#3391=AXIS2_PLACEMENT_3D('',#5170,#4197,#4198);
#3392=AXIS2_PLACEMENT_3D('',#5176,#4202,#4203);
#3393=AXIS2_PLACEMENT_3D('',#5179,#4206,#4207);
#3394=AXIS2_PLACEMENT_3D('',#5181,#4209,#4210);
#3395=AXIS2_PLACEMENT_3D('',#5185,#4213,#4214);
#3396=AXIS2_PLACEMENT_3D('',#5187,#4216,#4217);
#3397=AXIS2_PLACEMENT_3D('',#5188,#4218,#4219);
#3398=AXIS2_PLACEMENT_3D('',#5189,#4220,#4221);
#3399=AXIS2_PLACEMENT_3D('',#5191,#4222,#4223);
#3400=AXIS2_PLACEMENT_3D('',#5192,#4224,#4225);
#3401=AXIS2_PLACEMENT_3D('',#5195,#4227,#4228);
#3402=AXIS2_PLACEMENT_3D('',#5196,#4229,#4230);
#3403=AXIS2_PLACEMENT_3D('',#5204,#4236,#4237);
#3404=AXIS2_PLACEMENT_3D('',#5208,#4240,#4241);
#3405=AXIS2_PLACEMENT_3D('',#5213,#4245,#4246);
#3406=AXIS2_PLACEMENT_3D('',#5218,#4250,#4251);
#3407=AXIS2_PLACEMENT_3D('',#5223,#4255,#4256);
#3408=AXIS2_PLACEMENT_3D('',#5226,#4259,#4260);
#3409=AXIS2_PLACEMENT_3D('',#5230,#4263,#4264);
#3410=AXIS2_PLACEMENT_3D('',#5234,#4268,#4269);
#3411=AXIS2_PLACEMENT_3D('',#5236,#4271,#4272);
#3412=AXIS2_PLACEMENT_3D('',#5238,#4274,#4275);
#3413=AXIS2_PLACEMENT_3D('',#5240,#4277,#4278);
#3414=AXIS2_PLACEMENT_3D('',#5243,#4280,#4281);
#3415=AXIS2_PLACEMENT_3D('',#5244,#4282,#4283);
#3416=AXIS2_PLACEMENT_3D('',#5245,#4284,#4285);
#3417=AXIS2_PLACEMENT_3D('',#5247,#4286,#4287);
#3418=AXIS2_PLACEMENT_3D('',#5248,#4288,#4289);
#3419=AXIS2_PLACEMENT_3D('',#5249,#4290,#4291);
#3420=AXIS2_PLACEMENT_3D('',#5250,#4292,#4293);
#3421=AXIS2_PLACEMENT_3D('',#5251,#4294,#4295);
#3422=AXIS2_PLACEMENT_3D('',#5256,#4298,#4299);
#3423=AXIS2_PLACEMENT_3D('',#5257,#4300,#4301);
#3424=AXIS2_PLACEMENT_3D('',#5259,#4302,#4303);
#3425=AXIS2_PLACEMENT_3D('',#5260,#4304,#4305);
#3426=AXIS2_PLACEMENT_3D('',#5262,#4306,#4307);
#3427=AXIS2_PLACEMENT_3D('',#5263,#4308,#4309);
#3428=AXIS2_PLACEMENT_3D('',#5264,#4310,#4311);
#3429=AXIS2_PLACEMENT_3D('',#5265,#4312,#4313);
#3430=AXIS2_PLACEMENT_3D('',#5266,#4314,#4315);
#3431=AXIS2_PLACEMENT_3D('',#5268,#4316,#4317);
#3432=AXIS2_PLACEMENT_3D('',#5271,#4319,#4320);
#3433=AXIS2_PLACEMENT_3D('',#5272,#4321,#4322);
#3434=AXIS2_PLACEMENT_3D('',#5274,#4323,#4324);
#3435=AXIS2_PLACEMENT_3D('',#5275,#4325,#4326);
#3436=AXIS2_PLACEMENT_3D('',#5277,#4327,#4328);
#3437=AXIS2_PLACEMENT_3D('',#5278,#4329,#4330);
#3438=AXIS2_PLACEMENT_3D('',#5280,#4332,#4333);
#3439=AXIS2_PLACEMENT_3D('',#5282,#4334,#4335);
#3440=AXIS2_PLACEMENT_3D('',#5285,#4337,#4338);
#3441=AXIS2_PLACEMENT_3D('',#5286,#4339,#4340);
#3442=AXIS2_PLACEMENT_3D('',#5288,#4341,#4342);
#3443=AXIS2_PLACEMENT_3D('',#5289,#4343,#4344);
#3444=AXIS2_PLACEMENT_3D('',#5291,#4345,#4346);
#3445=AXIS2_PLACEMENT_3D('',#5292,#4347,#4348);
#3446=AXIS2_PLACEMENT_3D('',#5294,#4350,#4351);
#3447=AXIS2_PLACEMENT_3D('',#5296,#4352,#4353);
#3448=AXIS2_PLACEMENT_3D('',#5299,#4355,#4356);
#3449=AXIS2_PLACEMENT_3D('',#5300,#4357,#4358);
#3450=AXIS2_PLACEMENT_3D('',#5302,#4359,#4360);
#3451=AXIS2_PLACEMENT_3D('',#5303,#4361,#4362);
#3452=AXIS2_PLACEMENT_3D('',#5305,#4363,#4364);
#3453=AXIS2_PLACEMENT_3D('',#5306,#4365,#4366);
#3454=AXIS2_PLACEMENT_3D('',#5308,#4368,#4369);
#3455=AXIS2_PLACEMENT_3D('',#5310,#4370,#4371);
#3456=AXIS2_PLACEMENT_3D('',#5313,#4373,#4374);
#3457=AXIS2_PLACEMENT_3D('',#5314,#4375,#4376);
#3458=AXIS2_PLACEMENT_3D('',#5316,#4377,#4378);
#3459=AXIS2_PLACEMENT_3D('',#5317,#4379,#4380);
#3460=AXIS2_PLACEMENT_3D('',#5319,#4381,#4382);
#3461=AXIS2_PLACEMENT_3D('',#5320,#4383,#4384);
#3462=AXIS2_PLACEMENT_3D('',#5322,#4386,#4387);
#3463=AXIS2_PLACEMENT_3D('',#5324,#4388,#4389);
#3464=AXIS2_PLACEMENT_3D('',#5327,#4391,#4392);
#3465=AXIS2_PLACEMENT_3D('',#5328,#4393,#4394);
#3466=AXIS2_PLACEMENT_3D('',#5330,#4395,#4396);
#3467=AXIS2_PLACEMENT_3D('',#5331,#4397,#4398);
#3468=AXIS2_PLACEMENT_3D('',#5333,#4399,#4400);
#3469=AXIS2_PLACEMENT_3D('',#5334,#4401,#4402);
#3470=AXIS2_PLACEMENT_3D('',#5336,#4404,#4405);
#3471=AXIS2_PLACEMENT_3D('',#5338,#4406,#4407);
#3472=AXIS2_PLACEMENT_3D('',#5341,#4409,#4410);
#3473=AXIS2_PLACEMENT_3D('',#5342,#4411,#4412);
#3474=AXIS2_PLACEMENT_3D('',#5344,#4413,#4414);
#3475=AXIS2_PLACEMENT_3D('',#5345,#4415,#4416);
#3476=AXIS2_PLACEMENT_3D('',#5347,#4417,#4418);
#3477=AXIS2_PLACEMENT_3D('',#5348,#4419,#4420);
#3478=AXIS2_PLACEMENT_3D('',#5350,#4422,#4423);
#3479=AXIS2_PLACEMENT_3D('',#5352,#4424,#4425);
#3480=AXIS2_PLACEMENT_3D('',#5355,#4427,#4428);
#3481=AXIS2_PLACEMENT_3D('',#5356,#4429,#4430);
#3482=AXIS2_PLACEMENT_3D('',#5358,#4431,#4432);
#3483=AXIS2_PLACEMENT_3D('',#5359,#4433,#4434);
#3484=AXIS2_PLACEMENT_3D('',#5361,#4435,#4436);
#3485=AXIS2_PLACEMENT_3D('',#5362,#4437,#4438);
#3486=AXIS2_PLACEMENT_3D('',#5364,#4440,#4441);
#3487=AXIS2_PLACEMENT_3D('',#5366,#4442,#4443);
#3488=AXIS2_PLACEMENT_3D('',#5369,#4445,#4446);
#3489=AXIS2_PLACEMENT_3D('',#5370,#4447,#4448);
#3490=AXIS2_PLACEMENT_3D('',#5372,#4449,#4450);
#3491=AXIS2_PLACEMENT_3D('',#5373,#4451,#4452);
#3492=AXIS2_PLACEMENT_3D('',#5375,#4453,#4454);
#3493=AXIS2_PLACEMENT_3D('',#5376,#4455,#4456);
#3494=AXIS2_PLACEMENT_3D('',#5378,#4458,#4459);
#3495=AXIS2_PLACEMENT_3D('',#5380,#4460,#4461);
#3496=AXIS2_PLACEMENT_3D('',#5383,#4463,#4464);
#3497=AXIS2_PLACEMENT_3D('',#5384,#4465,#4466);
#3498=AXIS2_PLACEMENT_3D('',#5386,#4467,#4468);
#3499=AXIS2_PLACEMENT_3D('',#5387,#4469,#4470);
#3500=AXIS2_PLACEMENT_3D('',#5389,#4471,#4472);
#3501=AXIS2_PLACEMENT_3D('',#5390,#4473,#4474);
#3502=AXIS2_PLACEMENT_3D('',#5392,#4476,#4477);
#3503=AXIS2_PLACEMENT_3D('',#5394,#4478,#4479);
#3504=AXIS2_PLACEMENT_3D('',#5397,#4481,#4482);
#3505=AXIS2_PLACEMENT_3D('',#5398,#4483,#4484);
#3506=AXIS2_PLACEMENT_3D('',#5400,#4485,#4486);
#3507=AXIS2_PLACEMENT_3D('',#5401,#4487,#4488);
#3508=AXIS2_PLACEMENT_3D('',#5403,#4489,#4490);
#3509=AXIS2_PLACEMENT_3D('',#5404,#4491,#4492);
#3510=AXIS2_PLACEMENT_3D('',#5406,#4494,#4495);
#3511=AXIS2_PLACEMENT_3D('',#5408,#4497,#4498);
#3512=AXIS2_PLACEMENT_3D('',#5410,#4500,#4501);
#3513=AXIS2_PLACEMENT_3D('',#5411,#4502,#4503);
#3514=AXIS2_PLACEMENT_3D('',#5413,#4505,#4506);
#3515=AXIS2_PLACEMENT_3D('',#5415,#4508,#4509);
#3516=AXIS2_PLACEMENT_3D('',#5417,#4511,#4512);
#3517=AXIS2_PLACEMENT_3D('',#5419,#4514,#4515);
#3518=AXIS2_PLACEMENT_3D('',#5421,#4517,#4518);
#3519=AXIS2_PLACEMENT_3D('',#5423,#4520,#4521);
#3520=AXIS2_PLACEMENT_3D('',#5425,#4523,#4524);
#3521=AXIS2_PLACEMENT_3D('',#5427,#4526,#4527);
#3522=AXIS2_PLACEMENT_3D('',#5429,#4529,#4530);
#3523=AXIS2_PLACEMENT_3D('',#5431,#4532,#4533);
#3524=DIRECTION('axis',(0.,0.,1.));
#3525=DIRECTION('refdir',(1.,0.,0.));
#3526=DIRECTION('center_axis',(1.,0.,0.));
#3527=DIRECTION('ref_axis',(0.,-0.707106781186546,0.707106781186549));
#3528=DIRECTION('',(-1.,0.,0.));
#3529=DIRECTION('',(-1.,0.,0.));
#3530=DIRECTION('',(-1.,0.,0.));
#3531=DIRECTION('center_axis',(0.707106781186546,0.707106781186549,0.));
#3532=DIRECTION('ref_axis',(-0.707106781186549,0.707106781186546,0.));
#3533=DIRECTION('',(1.,0.,0.));
#3534=DIRECTION('',(1.,0.,0.));
#3535=DIRECTION('',(1.,0.,0.));
#3536=DIRECTION('center_axis',(0.707106781186546,-0.707106781186549,0.));
#3537=DIRECTION('ref_axis',(0.707106781186549,0.707106781186546,0.));
#3538=DIRECTION('center_axis',(-6.93889390390723E-17,1.,0.));
#3539=DIRECTION('ref_axis',(0.707106781186548,0.,0.707106781186548));
#3540=DIRECTION('',(6.93889390390723E-17,-1.,0.));
#3541=DIRECTION('',(6.93889390390723E-17,-1.,0.));
#3542=DIRECTION('center_axis',(-0.707106781186547,0.707106781186548,7.85046229341886E-16));
#3543=DIRECTION('ref_axis',(-0.707106781186548,-0.707106781186547,7.85046229341888E-16));
#3544=DIRECTION('',(-6.93889390390723E-17,1.,0.));
#3545=DIRECTION('',(-6.93889390390723E-17,1.,0.));
#3546=DIRECTION('',(-6.93889390390723E-17,1.,0.));
#3547=DIRECTION('',(-6.93889390390723E-17,1.,0.));
#3548=DIRECTION('center_axis',(-1.,0.,0.));
#3549=DIRECTION('ref_axis',(0.,0.707106781186547,0.707106781186548));
#3550=DIRECTION('',(1.,0.,0.));
#3551=DIRECTION('',(1.,0.,0.));
#3552=DIRECTION('',(1.,0.,0.));
#3553=DIRECTION('center_axis',(-0.707106781186547,-0.707106781186548,7.85046229341887E-16));
#3554=DIRECTION('ref_axis',(0.707106781186548,-0.707106781186547,7.85046229341886E-16));
#3555=DIRECTION('',(-1.,0.,0.));
#3556=DIRECTION('',(-1.,0.,0.));
#3557=DIRECTION('',(-1.,0.,0.));
#3558=DIRECTION('center_axis',(0.,-1.,0.));
#3559=DIRECTION('ref_axis',(-0.707106781186549,0.,0.707106781186546));
#3560=DIRECTION('',(0.,-1.,0.));
#3561=DIRECTION('',(0.,-1.,0.));
#3562=DIRECTION('',(0.,-1.,0.));
#3563=DIRECTION('',(0.,-1.,0.));
#3564=DIRECTION('',(0.,1.,0.));
#3565=DIRECTION('',(0.,1.,0.));
#3566=DIRECTION('center_axis',(-1.,0.,0.));
#3567=DIRECTION('ref_axis',(0.,-1.,0.));
#3568=DIRECTION('center_axis',(1.,0.,0.));
#3569=DIRECTION('ref_axis',(0.,-1.,0.));
#3570=DIRECTION('center_axis',(1.,0.,0.));
#3571=DIRECTION('ref_axis',(0.,-1.,0.));
#3572=DIRECTION('center_axis',(1.,0.,0.));
#3573=DIRECTION('ref_axis',(0.,-1.,0.));
#3574=DIRECTION('center_axis',(1.,0.,0.));
#3575=DIRECTION('ref_axis',(0.,-1.,0.));
#3576=DIRECTION('center_axis',(1.,0.,0.));
#3577=DIRECTION('ref_axis',(0.,-1.,0.));
#3578=DIRECTION('center_axis',(1.,0.,0.));
#3579=DIRECTION('ref_axis',(0.,-1.,0.));
#3580=DIRECTION('',(0.,0.,1.));
#3581=DIRECTION('',(0.,-1.,0.));
#3582=DIRECTION('',(0.,-1.,0.));
#3583=DIRECTION('',(0.,-1.,0.));
#3584=DIRECTION('',(0.,-1.,0.));
#3585=DIRECTION('',(0.,0.,1.));
#3586=DIRECTION('center_axis',(0.,0.,1.));
#3587=DIRECTION('ref_axis',(1.,0.,0.));
#3588=DIRECTION('center_axis',(0.,0.,-1.));
#3589=DIRECTION('ref_axis',(1.,0.,0.));
#3590=DIRECTION('',(-1.,0.,0.));
#3591=DIRECTION('center_axis',(0.,0.,-1.));
#3592=DIRECTION('ref_axis',(1.,0.,0.));
#3593=DIRECTION('center_axis',(0.,0.,-1.));
#3594=DIRECTION('ref_axis',(1.,0.,0.));
#3595=DIRECTION('center_axis',(0.,0.,1.));
#3596=DIRECTION('ref_axis',(1.,0.,0.));
#3597=DIRECTION('center_axis',(0.,0.,-1.));
#3598=DIRECTION('ref_axis',(1.,0.,0.));
#3599=DIRECTION('',(0.,1.,0.));
#3600=DIRECTION('center_axis',(0.,0.,-1.));
#3601=DIRECTION('ref_axis',(1.,0.,0.));
#3602=DIRECTION('',(-1.,0.,0.));
#3603=DIRECTION('center_axis',(0.,0.,-1.));
#3604=DIRECTION('ref_axis',(1.,0.,0.));
#3605=DIRECTION('center_axis',(0.,0.,-1.));
#3606=DIRECTION('ref_axis',(1.,0.,0.));
#3607=DIRECTION('center_axis',(0.,0.,1.));
#3608=DIRECTION('ref_axis',(1.,0.,0.));
#3609=DIRECTION('center_axis',(0.,0.,-1.));
#3610=DIRECTION('ref_axis',(1.,0.,0.));
#3611=DIRECTION('center_axis',(0.,0.,-1.));
#3612=DIRECTION('ref_axis',(1.,0.,0.));
#3613=DIRECTION('',(1.,0.,0.));
#3614=DIRECTION('center_axis',(0.,0.,-1.));
#3615=DIRECTION('ref_axis',(1.,0.,0.));
#3616=DIRECTION('',(0.,1.,0.));
#3617=DIRECTION('center_axis',(0.,0.,-1.));
#3618=DIRECTION('ref_axis',(1.,0.,0.));
#3619=DIRECTION('center_axis',(0.,0.,1.));
#3620=DIRECTION('ref_axis',(1.,0.,0.));
#3621=DIRECTION('center_axis',(0.,0.,-1.));
#3622=DIRECTION('ref_axis',(1.,0.,0.));
#3623=DIRECTION('center_axis',(0.,0.,-1.));
#3624=DIRECTION('ref_axis',(1.,0.,0.));
#3625=DIRECTION('',(1.,0.,0.));
#3626=DIRECTION('center_axis',(0.,0.,-1.));
#3627=DIRECTION('ref_axis',(1.,0.,0.));
#3628=DIRECTION('center_axis',(0.,0.,1.));
#3629=DIRECTION('ref_axis',(1.,0.,0.));
#3630=DIRECTION('center_axis',(0.,0.,-1.));
#3631=DIRECTION('ref_axis',(1.,0.,0.));
#3632=DIRECTION('',(0.,-1.,0.));
#3633=DIRECTION('center_axis',(0.,0.,-1.));
#3634=DIRECTION('ref_axis',(1.,0.,0.));
#3635=DIRECTION('center_axis',(0.,0.,-1.));
#3636=DIRECTION('ref_axis',(1.,0.,0.));
#3637=DIRECTION('',(1.,0.,0.));
#3638=DIRECTION('center_axis',(0.,0.,-1.));
#3639=DIRECTION('ref_axis',(1.,0.,0.));
#3640=DIRECTION('center_axis',(0.,0.,1.));
#3641=DIRECTION('ref_axis',(1.,0.,0.));
#3642=DIRECTION('center_axis',(0.,0.,-1.));
#3643=DIRECTION('ref_axis',(1.,0.,0.));
#3644=DIRECTION('',(-1.,0.,0.));
#3645=DIRECTION('center_axis',(0.,0.,-1.));
#3646=DIRECTION('ref_axis',(1.,0.,0.));
#3647=DIRECTION('center_axis',(0.,0.,-1.));
#3648=DIRECTION('ref_axis',(1.,0.,0.));
#3649=DIRECTION('',(0.,-1.,0.));
#3650=DIRECTION('center_axis',(0.,0.,-1.));
#3651=DIRECTION('ref_axis',(1.,0.,0.));
#3652=DIRECTION('center_axis',(0.,0.,-1.));
#3653=DIRECTION('ref_axis',(-1.,0.,0.));
#3654=DIRECTION('center_axis',(0.,-1.,0.));
#3655=DIRECTION('ref_axis',(1.,0.,0.));
#3656=DIRECTION('center_axis',(0.,0.,-1.));
#3657=DIRECTION('ref_axis',(1.,0.,0.));
#3658=DIRECTION('center_axis',(1.,0.,0.));
#3659=DIRECTION('ref_axis',(0.,0.,1.));
#3660=DIRECTION('center_axis',(0.,0.,1.));
#3661=DIRECTION('ref_axis',(0.707106781186548,-0.707106781186547,0.));
#3662=DIRECTION('center_axis',(1.,0.,0.));
#3663=DIRECTION('ref_axis',(0.,-0.707106781186548,0.707106781186548));
#3664=DIRECTION('center_axis',(1.,-3.33066907387547E-15,0.));
#3665=DIRECTION('ref_axis',(0.,0.,1.));
#3666=DIRECTION('',(1.,0.,0.));
#3667=DIRECTION('',(1.,0.,0.));
#3668=DIRECTION('',(1.,0.,0.));
#3669=DIRECTION('center_axis',(0.,0.,-1.));
#3670=DIRECTION('ref_axis',(-1.,0.,0.));
#3671=DIRECTION('center_axis',(0.,0.,-1.));
#3672=DIRECTION('ref_axis',(1.,0.,0.));
#3673=DIRECTION('center_axis',(3.33066907387547E-15,-1.,5.55111512312567E-16));
#3674=DIRECTION('ref_axis',(3.33066907387547E-15,5.55111512312578E-16,1.));
#3675=DIRECTION('center_axis',(0.,0.,1.));
#3676=DIRECTION('ref_axis',(-0.707106781186548,-0.707106781186547,0.));
#3677=DIRECTION('center_axis',(0.,-1.,0.));
#3678=DIRECTION('ref_axis',(-0.707106781186548,0.,0.707106781186548));
#3679=DIRECTION('center_axis',(0.,-1.,0.));
#3680=DIRECTION('ref_axis',(2.22044604925031E-15,0.,1.));
#3681=DIRECTION('',(0.,-1.,0.));
#3682=DIRECTION('',(0.,-1.,0.));
#3683=DIRECTION('',(0.,-1.,0.));
#3684=DIRECTION('',(0.,-1.,0.));
#3685=DIRECTION('center_axis',(0.,0.,-1.));
#3686=DIRECTION('ref_axis',(-1.,0.,0.));
#3687=DIRECTION('center_axis',(0.,0.,-1.));
#3688=DIRECTION('ref_axis',(1.,0.,0.));
#3689=DIRECTION('center_axis',(-1.,0.,0.));
#3690=DIRECTION('ref_axis',(0.,0.,1.));
#3691=DIRECTION('center_axis',(0.,0.,1.));
#3692=DIRECTION('ref_axis',(-0.707106781186547,0.707106781186548,0.));
#3693=DIRECTION('center_axis',(-1.,0.,0.));
#3694=DIRECTION('ref_axis',(0.,0.707106781186546,0.707106781186549));
#3695=DIRECTION('center_axis',(-1.,0.,0.));
#3696=DIRECTION('ref_axis',(0.,0.,1.));
#3697=DIRECTION('',(-1.,0.,0.));
#3698=DIRECTION('',(-1.,0.,0.));
#3699=DIRECTION('',(-1.,0.,0.));
#3700=DIRECTION('center_axis',(0.,0.,-1.));
#3701=DIRECTION('ref_axis',(-1.,0.,0.));
#3702=DIRECTION('center_axis',(0.,0.,-1.));
#3703=DIRECTION('ref_axis',(1.,0.,0.));
#3704=DIRECTION('center_axis',(0.,1.,0.));
#3705=DIRECTION('ref_axis',(0.,0.,1.));
#3706=DIRECTION('center_axis',(0.,0.,1.));
#3707=DIRECTION('ref_axis',(0.707106781186548,0.707106781186548,0.));
#3708=DIRECTION('center_axis',(0.,1.,0.));
#3709=DIRECTION('ref_axis',(0.707106781186546,0.,0.707106781186549));
#3710=DIRECTION('',(0.,1.,0.));
#3711=DIRECTION('',(0.,1.,0.));
#3712=DIRECTION('',(0.,1.,0.));
#3713=DIRECTION('',(0.,1.,0.));
#3714=DIRECTION('center_axis',(0.,1.,0.));
#3715=DIRECTION('ref_axis',(-1.,0.,0.));
#3716=DIRECTION('center_axis',(0.,-1.,0.));
#3717=DIRECTION('ref_axis',(1.,0.,0.));
#3718=DIRECTION('center_axis',(0.,-1.,0.));
#3719=DIRECTION('ref_axis',(1.,0.,0.));
#3720=DIRECTION('center_axis',(0.,-1.,0.));
#3721=DIRECTION('ref_axis',(1.,0.,0.));
#3722=DIRECTION('center_axis',(0.,-1.,0.));
#3723=DIRECTION('ref_axis',(1.,0.,0.));
#3724=DIRECTION('',(0.,0.,1.));
#3725=DIRECTION('',(-1.,0.,0.));
#3726=DIRECTION('',(0.,0.,1.));
#3727=DIRECTION('',(-1.,0.,0.));
#3728=DIRECTION('',(0.,0.,1.));
#3729=DIRECTION('',(1.,0.,0.));
#3730=DIRECTION('',(0.,0.,-1.));
#3731=DIRECTION('',(-1.,0.,0.));
#3732=DIRECTION('',(0.,0.,1.));
#3733=DIRECTION('',(-1.,0.,0.));
#3734=DIRECTION('',(0.,0.,-1.));
#3735=DIRECTION('center_axis',(0.,0.,1.));
#3736=DIRECTION('ref_axis',(0.707106781186548,0.707106781186548,0.));
#3737=DIRECTION('',(0.,0.,-1.));
#3738=DIRECTION('center_axis',(0.,0.,1.));
#3739=DIRECTION('ref_axis',(0.707106781186548,0.707106781186548,0.));
#3740=DIRECTION('center_axis',(0.,0.,-1.));
#3741=DIRECTION('ref_axis',(0.707106781186548,0.707106781186548,0.));
#3742=DIRECTION('',(0.,0.,1.));
#3743=DIRECTION('center_axis',(0.,0.,1.));
#3744=DIRECTION('ref_axis',(0.707106781186548,0.707106781186548,0.));
#3745=DIRECTION('center_axis',(1.,0.,0.));
#3746=DIRECTION('ref_axis',(0.,1.,0.));
#3747=DIRECTION('center_axis',(-1.,0.,0.));
#3748=DIRECTION('ref_axis',(0.,-1.,0.));
#3749=DIRECTION('center_axis',(-1.,0.,0.));
#3750=DIRECTION('ref_axis',(0.,-1.,0.));
#3751=DIRECTION('center_axis',(-1.,0.,0.));
#3752=DIRECTION('ref_axis',(0.,-1.,0.));
#3753=DIRECTION('center_axis',(-1.,0.,0.));
#3754=DIRECTION('ref_axis',(0.,-1.,0.));
#3755=DIRECTION('center_axis',(-1.,0.,0.));
#3756=DIRECTION('ref_axis',(0.,-1.,0.));
#3757=DIRECTION('center_axis',(-1.,0.,0.));
#3758=DIRECTION('ref_axis',(0.,-1.,0.));
#3759=DIRECTION('',(0.,0.,1.));
#3760=DIRECTION('',(0.,-1.,0.));
#3761=DIRECTION('center_axis',(0.,0.,1.));
#3762=DIRECTION('ref_axis',(0.707106781186548,-0.707106781186547,0.));
#3763=DIRECTION('',(0.,0.,-1.));
#3764=DIRECTION('center_axis',(0.,0.,1.));
#3765=DIRECTION('ref_axis',(0.707106781186548,-0.707106781186547,0.));
#3766=DIRECTION('center_axis',(0.,0.,1.));
#3767=DIRECTION('ref_axis',(-0.707106781186547,0.707106781186548,0.));
#3768=DIRECTION('center_axis',(0.,0.,1.));
#3769=DIRECTION('ref_axis',(-0.707106781186547,0.707106781186548,0.));
#3770=DIRECTION('',(0.,0.,-1.));
#3771=DIRECTION('center_axis',(0.,0.,-1.));
#3772=DIRECTION('ref_axis',(-0.707106781186547,0.707106781186548,0.));
#3773=DIRECTION('center_axis',(0.,0.,1.));
#3774=DIRECTION('ref_axis',(-0.707106781186547,0.707106781186548,0.));
#3775=DIRECTION('',(0.,0.,1.));
#3776=DIRECTION('center_axis',(0.,0.,1.));
#3777=DIRECTION('ref_axis',(1.,0.,0.));
#3778=DIRECTION('',(-1.,0.,0.));
#3779=DIRECTION('center_axis',(0.,0.,1.));
#3780=DIRECTION('ref_axis',(-0.707106781186548,-0.707106781186547,0.));
#3781=DIRECTION('',(0.,1.,0.));
#3782=DIRECTION('',(1.,1.83507937954571E-17,0.));
#3783=DIRECTION('',(0.,1.,0.));
#3784=DIRECTION('',(1.,0.,0.));
#3785=DIRECTION('',(0.,1.,0.));
#3786=DIRECTION('',(-1.,0.,0.));
#3787=DIRECTION('',(0.,-1.,0.));
#3788=DIRECTION('',(1.,0.,0.));
#3789=DIRECTION('',(-6.49886648561067E-16,-1.,0.));
#3790=DIRECTION('center_axis',(0.,0.,1.));
#3791=DIRECTION('ref_axis',(1.,0.,0.));
#3792=DIRECTION('center_axis',(0.,0.,1.));
#3793=DIRECTION('ref_axis',(1.,0.,0.));
#3794=DIRECTION('center_axis',(0.,0.,1.));
#3795=DIRECTION('ref_axis',(1.,0.,0.));
#3796=DIRECTION('center_axis',(0.,0.,1.));
#3797=DIRECTION('ref_axis',(1.,0.,0.));
#3798=DIRECTION('center_axis',(0.,0.,1.));
#3799=DIRECTION('ref_axis',(1.,0.,0.));
#3800=DIRECTION('',(-1.74814789671233E-16,-1.,0.));
#3801=DIRECTION('',(0.866025403784439,-0.5,0.));
#3802=DIRECTION('',(0.866025403784439,0.5,0.));
#3803=DIRECTION('',(-2.45756796881001E-16,1.,0.));
#3804=DIRECTION('center_axis',(0.,0.,-1.));
#3805=DIRECTION('ref_axis',(1.,0.,0.));
#3806=DIRECTION('center_axis',(1.,-1.74814789671233E-16,0.));
#3807=DIRECTION('ref_axis',(1.74814789671233E-16,1.,0.));
#3808=DIRECTION('',(1.74814789671233E-16,1.,0.));
#3809=DIRECTION('',(1.74814789671233E-16,1.,0.));
#3810=DIRECTION('',(0.,0.,1.));
#3811=DIRECTION('center_axis',(0.,0.,1.));
#3812=DIRECTION('ref_axis',(1.,0.,0.));
#3813=DIRECTION('',(1.96605437504801E-15,-1.,0.));
#3814=DIRECTION('center_axis',(0.,0.,-1.));
#3815=DIRECTION('ref_axis',(1.,0.,0.));
#3816=DIRECTION('center_axis',(0.,0.,-1.));
#3817=DIRECTION('ref_axis',(1.,0.,0.));
#3818=DIRECTION('',(-0.866025403784439,0.5,0.));
#3819=DIRECTION('',(0.,1.,0.));
#3820=DIRECTION('center_axis',(-1.,-1.96605437504801E-15,0.));
#3821=DIRECTION('ref_axis',(1.96605437504801E-15,-1.,0.));
#3822=DIRECTION('',(-1.96605437504801E-15,1.,0.));
#3823=DIRECTION('',(0.,0.,1.));
#3824=DIRECTION('',(1.96605437504801E-15,-1.,0.));
#3825=DIRECTION('center_axis',(0.,-1.,0.));
#3826=DIRECTION('ref_axis',(1.,0.,0.));
#3827=DIRECTION('',(0.,0.,1.));
#3828=DIRECTION('center_axis',(0.,1.,0.));
#3829=DIRECTION('ref_axis',(1.,0.,0.));
#3830=DIRECTION('center_axis',(0.,1.,0.));
#3831=DIRECTION('ref_axis',(1.,0.,0.));
#3832=DIRECTION('center_axis',(0.,1.,0.));
#3833=DIRECTION('ref_axis',(1.,0.,0.));
#3834=DIRECTION('center_axis',(0.,1.,0.));
#3835=DIRECTION('ref_axis',(1.,0.,0.));
#3836=DIRECTION('center_axis',(0.,0.,1.));
#3837=DIRECTION('ref_axis',(-0.707106781186548,-0.707106781186547,0.));
#3838=DIRECTION('',(0.,0.,-1.));
#3839=DIRECTION('center_axis',(1.,0.,0.));
#3840=DIRECTION('ref_axis',(0.,-1.,0.));
#3841=DIRECTION('center_axis',(-1.,0.,0.));
#3842=DIRECTION('ref_axis',(0.,-1.,0.));
#3843=DIRECTION('',(-1.,0.,0.));
#3844=DIRECTION('center_axis',(1.,0.,0.));
#3845=DIRECTION('ref_axis',(0.,-1.,0.));
#3846=DIRECTION('center_axis',(-1.,0.,0.));
#3847=DIRECTION('ref_axis',(0.,-1.,0.));
#3848=DIRECTION('center_axis',(1.,0.,0.));
#3849=DIRECTION('ref_axis',(0.,-1.,0.));
#3850=DIRECTION('center_axis',(-1.,0.,0.));
#3851=DIRECTION('ref_axis',(0.,-1.,0.));
#3852=DIRECTION('center_axis',(-1.,0.,0.));
#3853=DIRECTION('ref_axis',(0.,-1.,0.));
#3854=DIRECTION('center_axis',(1.,0.,0.));
#3855=DIRECTION('ref_axis',(0.,-1.,0.));
#3856=DIRECTION('',(1.,0.,0.));
#3857=DIRECTION('center_axis',(1.,0.,0.));
#3858=DIRECTION('ref_axis',(0.,-1.,0.));
#3859=DIRECTION('center_axis',(-1.,0.,0.));
#3860=DIRECTION('ref_axis',(0.,-1.,0.));
#3861=DIRECTION('',(-1.,0.,0.));
#3862=DIRECTION('center_axis',(1.,0.,0.));
#3863=DIRECTION('ref_axis',(0.,-1.,0.));
#3864=DIRECTION('center_axis',(-1.,0.,0.));
#3865=DIRECTION('ref_axis',(0.,-1.,0.));
#3866=DIRECTION('center_axis',(1.,0.,0.));
#3867=DIRECTION('ref_axis',(0.,-1.,0.));
#3868=DIRECTION('center_axis',(-1.,0.,0.));
#3869=DIRECTION('ref_axis',(0.,-1.,0.));
#3870=DIRECTION('center_axis',(-1.,0.,0.));
#3871=DIRECTION('ref_axis',(0.,-1.,0.));
#3872=DIRECTION('center_axis',(1.,0.,0.));
#3873=DIRECTION('ref_axis',(0.,-1.,0.));
#3874=DIRECTION('',(1.,0.,0.));
#3875=DIRECTION('center_axis',(1.,0.,0.));
#3876=DIRECTION('ref_axis',(0.,-1.,0.));
#3877=DIRECTION('center_axis',(-1.,0.,0.));
#3878=DIRECTION('ref_axis',(0.,-1.,0.));
#3879=DIRECTION('',(-1.,0.,0.));
#3880=DIRECTION('center_axis',(1.,0.,0.));
#3881=DIRECTION('ref_axis',(0.,-1.,0.));
#3882=DIRECTION('center_axis',(-1.,0.,0.));
#3883=DIRECTION('ref_axis',(0.,-1.,0.));
#3884=DIRECTION('center_axis',(1.,0.,0.));
#3885=DIRECTION('ref_axis',(0.,-1.,0.));
#3886=DIRECTION('center_axis',(-1.,0.,0.));
#3887=DIRECTION('ref_axis',(0.,-1.,0.));
#3888=DIRECTION('center_axis',(-1.,0.,0.));
#3889=DIRECTION('ref_axis',(0.,-1.,0.));
#3890=DIRECTION('center_axis',(1.,0.,0.));
#3891=DIRECTION('ref_axis',(0.,-1.,0.));
#3892=DIRECTION('',(1.,0.,0.));
#3893=DIRECTION('center_axis',(1.,0.,0.));
#3894=DIRECTION('ref_axis',(0.,-1.,0.));
#3895=DIRECTION('center_axis',(-1.,0.,0.));
#3896=DIRECTION('ref_axis',(0.,-1.,0.));
#3897=DIRECTION('',(-1.,0.,0.));
#3898=DIRECTION('center_axis',(1.,0.,0.));
#3899=DIRECTION('ref_axis',(0.,-1.,0.));
#3900=DIRECTION('center_axis',(-1.,0.,0.));
#3901=DIRECTION('ref_axis',(0.,-1.,0.));
#3902=DIRECTION('center_axis',(1.,0.,0.));
#3903=DIRECTION('ref_axis',(0.,-1.,0.));
#3904=DIRECTION('center_axis',(-1.,0.,0.));
#3905=DIRECTION('ref_axis',(0.,-1.,0.));
#3906=DIRECTION('center_axis',(-1.,0.,0.));
#3907=DIRECTION('ref_axis',(0.,-1.,0.));
#3908=DIRECTION('center_axis',(1.,0.,0.));
#3909=DIRECTION('ref_axis',(0.,-1.,0.));
#3910=DIRECTION('',(1.,0.,0.));
#3911=DIRECTION('center_axis',(-1.,-6.93889390390723E-17,0.));
#3912=DIRECTION('ref_axis',(0.,-1.,0.));
#3913=DIRECTION('center_axis',(-1.,-6.93889390390723E-17,0.));
#3914=DIRECTION('ref_axis',(0.,-1.,0.));
#3915=DIRECTION('center_axis',(1.,0.,0.));
#3916=DIRECTION('ref_axis',(0.,-1.,0.));
#3917=DIRECTION('center_axis',(-1.,0.,0.));
#3918=DIRECTION('ref_axis',(0.,-1.,0.));
#3919=DIRECTION('',(-1.,0.,0.));
#3920=DIRECTION('center_axis',(1.,0.,0.));
#3921=DIRECTION('ref_axis',(0.,-1.,0.));
#3922=DIRECTION('center_axis',(-1.,0.,0.));
#3923=DIRECTION('ref_axis',(0.,-1.,0.));
#3924=DIRECTION('center_axis',(1.,0.,0.));
#3925=DIRECTION('ref_axis',(0.,-1.,0.));
#3926=DIRECTION('center_axis',(-1.,0.,0.));
#3927=DIRECTION('ref_axis',(0.,-1.,0.));
#3928=DIRECTION('center_axis',(-1.,0.,0.));
#3929=DIRECTION('ref_axis',(0.,-1.,0.));
#3930=DIRECTION('center_axis',(1.,0.,0.));
#3931=DIRECTION('ref_axis',(0.,-1.,0.));
#3932=DIRECTION('',(1.,0.,0.));
#3933=DIRECTION('center_axis',(-1.,-6.93889390390723E-17,0.));
#3934=DIRECTION('ref_axis',(0.,-1.,0.));
#3935=DIRECTION('center_axis',(-1.,-6.93889390390723E-17,0.));
#3936=DIRECTION('ref_axis',(0.,-1.,0.));
#3937=DIRECTION('center_axis',(1.,0.,0.));
#3938=DIRECTION('ref_axis',(0.,-1.,0.));
#3939=DIRECTION('center_axis',(-1.,0.,0.));
#3940=DIRECTION('ref_axis',(0.,-1.,0.));
#3941=DIRECTION('',(-1.,0.,0.));
#3942=DIRECTION('center_axis',(1.,0.,0.));
#3943=DIRECTION('ref_axis',(0.,-1.,0.));
#3944=DIRECTION('center_axis',(-1.,0.,0.));
#3945=DIRECTION('ref_axis',(0.,-1.,0.));
#3946=DIRECTION('center_axis',(1.,0.,0.));
#3947=DIRECTION('ref_axis',(0.,-1.,0.));
#3948=DIRECTION('center_axis',(-1.,0.,0.));
#3949=DIRECTION('ref_axis',(0.,-1.,0.));
#3950=DIRECTION('center_axis',(-1.,0.,0.));
#3951=DIRECTION('ref_axis',(0.,-1.,0.));
#3952=DIRECTION('center_axis',(1.,0.,0.));
#3953=DIRECTION('ref_axis',(0.,-1.,0.));
#3954=DIRECTION('',(1.,0.,0.));
#3955=DIRECTION('center_axis',(-1.,-6.93889390390723E-17,0.));
#3956=DIRECTION('ref_axis',(0.,-1.,0.));
#3957=DIRECTION('center_axis',(-1.,-6.93889390390723E-17,0.));
#3958=DIRECTION('ref_axis',(0.,-1.,0.));
#3959=DIRECTION('center_axis',(1.,0.,0.));
#3960=DIRECTION('ref_axis',(0.,-1.,0.));
#3961=DIRECTION('center_axis',(1.,0.,0.));
#3962=DIRECTION('ref_axis',(0.,-1.,0.));
#3963=DIRECTION('center_axis',(1.,0.,0.));
#3964=DIRECTION('ref_axis',(0.,-1.,0.));
#3965=DIRECTION('',(1.,0.,0.));
#3966=DIRECTION('center_axis',(1.,0.,0.));
#3967=DIRECTION('ref_axis',(0.,-1.,0.));
#3968=DIRECTION('',(1.,0.,0.));
#3969=DIRECTION('center_axis',(1.,0.,0.));
#3970=DIRECTION('ref_axis',(0.,-1.,0.));
#3971=DIRECTION('center_axis',(1.,0.,0.));
#3972=DIRECTION('ref_axis',(0.,-1.,0.));
#3973=DIRECTION('center_axis',(1.,0.,0.));
#3974=DIRECTION('ref_axis',(0.,-1.,0.));
#3975=DIRECTION('',(1.,0.,0.));
#3976=DIRECTION('center_axis',(1.,0.,0.));
#3977=DIRECTION('ref_axis',(0.,-1.,0.));
#3978=DIRECTION('',(1.,0.,0.));
#3979=DIRECTION('center_axis',(1.,0.,0.));
#3980=DIRECTION('ref_axis',(0.,-1.,0.));
#3981=DIRECTION('center_axis',(1.,0.,0.));
#3982=DIRECTION('ref_axis',(0.,-1.,0.));
#3983=DIRECTION('center_axis',(1.,0.,0.));
#3984=DIRECTION('ref_axis',(0.,-1.,0.));
#3985=DIRECTION('',(1.,0.,0.));
#3986=DIRECTION('center_axis',(1.,0.,0.));
#3987=DIRECTION('ref_axis',(0.,-1.,0.));
#3988=DIRECTION('',(1.,0.,0.));
#3989=DIRECTION('center_axis',(0.,1.,0.));
#3990=DIRECTION('ref_axis',(1.,0.,0.));
#3991=DIRECTION('center_axis',(0.,-1.,0.));
#3992=DIRECTION('ref_axis',(1.,0.,0.));
#3993=DIRECTION('',(0.,-1.,0.));
#3994=DIRECTION('center_axis',(0.,1.,0.));
#3995=DIRECTION('ref_axis',(1.,0.,0.));
#3996=DIRECTION('center_axis',(0.,-1.,0.));
#3997=DIRECTION('ref_axis',(1.,0.,0.));
#3998=DIRECTION('center_axis',(0.,1.,0.));
#3999=DIRECTION('ref_axis',(1.,0.,0.));
#4000=DIRECTION('center_axis',(0.,-1.,0.));
#4001=DIRECTION('ref_axis',(1.,0.,0.));
#4002=DIRECTION('center_axis',(0.,-1.,0.));
#4003=DIRECTION('ref_axis',(1.,0.,0.));
#4004=DIRECTION('center_axis',(0.,1.,0.));
#4005=DIRECTION('ref_axis',(1.,0.,0.));
#4006=DIRECTION('',(0.,1.,0.));
#4007=DIRECTION('center_axis',(0.,1.,0.));
#4008=DIRECTION('ref_axis',(1.,0.,0.));
#4009=DIRECTION('center_axis',(0.,-1.,0.));
#4010=DIRECTION('ref_axis',(1.,0.,0.));
#4011=DIRECTION('',(0.,-1.,0.));
#4012=DIRECTION('center_axis',(0.,1.,0.));
#4013=DIRECTION('ref_axis',(1.,0.,0.));
#4014=DIRECTION('center_axis',(0.,-1.,0.));
#4015=DIRECTION('ref_axis',(1.,0.,0.));
#4016=DIRECTION('center_axis',(0.,1.,0.));
#4017=DIRECTION('ref_axis',(1.,0.,0.));
#4018=DIRECTION('center_axis',(0.,-1.,0.));
#4019=DIRECTION('ref_axis',(1.,0.,0.));
#4020=DIRECTION('center_axis',(0.,-1.,0.));
#4021=DIRECTION('ref_axis',(1.,0.,0.));
#4022=DIRECTION('center_axis',(0.,1.,0.));
#4023=DIRECTION('ref_axis',(1.,0.,0.));
#4024=DIRECTION('',(0.,1.,0.));
#4025=DIRECTION('center_axis',(0.,1.,0.));
#4026=DIRECTION('ref_axis',(1.,0.,0.));
#4027=DIRECTION('center_axis',(0.,-1.,0.));
#4028=DIRECTION('ref_axis',(1.,0.,0.));
#4029=DIRECTION('',(0.,-1.,0.));
#4030=DIRECTION('center_axis',(0.,1.,0.));
#4031=DIRECTION('ref_axis',(1.,0.,0.));
#4032=DIRECTION('center_axis',(0.,-1.,0.));
#4033=DIRECTION('ref_axis',(1.,0.,0.));
#4034=DIRECTION('center_axis',(0.,1.,0.));
#4035=DIRECTION('ref_axis',(1.,0.,0.));
#4036=DIRECTION('center_axis',(0.,-1.,0.));
#4037=DIRECTION('ref_axis',(1.,0.,0.));
#4038=DIRECTION('center_axis',(0.,-1.,0.));
#4039=DIRECTION('ref_axis',(1.,0.,0.));
#4040=DIRECTION('center_axis',(0.,1.,0.));
#4041=DIRECTION('ref_axis',(1.,0.,0.));
#4042=DIRECTION('',(0.,1.,0.));
#4043=DIRECTION('center_axis',(0.,-1.,0.));
#4044=DIRECTION('ref_axis',(1.,0.,0.));
#4045=DIRECTION('center_axis',(0.,-1.,0.));
#4046=DIRECTION('ref_axis',(1.,0.,0.));
#4047=DIRECTION('center_axis',(0.,1.,0.));
#4048=DIRECTION('ref_axis',(1.,0.,0.));
#4049=DIRECTION('center_axis',(0.,-1.,0.));
#4050=DIRECTION('ref_axis',(1.,0.,0.));
#4051=DIRECTION('',(0.,-1.,0.));
#4052=DIRECTION('center_axis',(0.,1.,0.));
#4053=DIRECTION('ref_axis',(1.,0.,0.));
#4054=DIRECTION('center_axis',(0.,-1.,0.));
#4055=DIRECTION('ref_axis',(1.,0.,0.));
#4056=DIRECTION('center_axis',(0.,1.,0.));
#4057=DIRECTION('ref_axis',(1.,0.,0.));
#4058=DIRECTION('center_axis',(0.,-1.,0.));
#4059=DIRECTION('ref_axis',(1.,0.,0.));
#4060=DIRECTION('center_axis',(0.,-1.,0.));
#4061=DIRECTION('ref_axis',(1.,0.,0.));
#4062=DIRECTION('center_axis',(0.,1.,0.));
#4063=DIRECTION('ref_axis',(1.,0.,0.));
#4064=DIRECTION('',(0.,1.,0.));
#4065=DIRECTION('center_axis',(0.,-1.,0.));
#4066=DIRECTION('ref_axis',(1.,0.,0.));
#4067=DIRECTION('center_axis',(0.,-1.,0.));
#4068=DIRECTION('ref_axis',(1.,0.,0.));
#4069=DIRECTION('center_axis',(0.,1.,0.));
#4070=DIRECTION('ref_axis',(1.,0.,0.));
#4071=DIRECTION('center_axis',(0.,1.,0.));
#4072=DIRECTION('ref_axis',(1.,0.,0.));
#4073=DIRECTION('center_axis',(0.,1.,0.));
#4074=DIRECTION('ref_axis',(1.,0.,0.));
#4075=DIRECTION('',(0.,1.,0.));
#4076=DIRECTION('center_axis',(0.,1.,0.));
#4077=DIRECTION('ref_axis',(1.,0.,0.));
#4078=DIRECTION('',(0.,1.,0.));
#4079=DIRECTION('center_axis',(0.,1.,0.));
#4080=DIRECTION('ref_axis',(1.,0.,0.));
#4081=DIRECTION('center_axis',(0.,1.,0.));
#4082=DIRECTION('ref_axis',(1.,0.,0.));
#4083=DIRECTION('center_axis',(0.,1.,0.));
#4084=DIRECTION('ref_axis',(1.,0.,0.));
#4085=DIRECTION('',(0.,1.,0.));
#4086=DIRECTION('center_axis',(0.,1.,0.));
#4087=DIRECTION('ref_axis',(1.,0.,0.));
#4088=DIRECTION('',(0.,1.,0.));
#4089=DIRECTION('center_axis',(0.,0.,1.));
#4090=DIRECTION('ref_axis',(1.,0.,0.));
#4091=DIRECTION('center_axis',(0.,0.,-1.));
#4092=DIRECTION('ref_axis',(1.,0.,0.));
#4093=DIRECTION('center_axis',(0.,0.,1.));
#4094=DIRECTION('ref_axis',(1.,0.,0.));
#4095=DIRECTION('center_axis',(0.,0.,-1.));
#4096=DIRECTION('ref_axis',(1.,0.,0.));
#4097=DIRECTION('center_axis',(0.,0.,1.));
#4098=DIRECTION('ref_axis',(1.,0.,0.));
#4099=DIRECTION('center_axis',(0.,0.,-1.));
#4100=DIRECTION('ref_axis',(1.,0.,0.));
#4101=DIRECTION('',(-1.,-1.83507937954571E-17,0.));
#4102=DIRECTION('center_axis',(0.,0.,1.));
#4103=DIRECTION('ref_axis',(1.,0.,0.));
#4104=DIRECTION('center_axis',(0.,0.,-1.));
#4105=DIRECTION('ref_axis',(1.,0.,0.));
#4106=DIRECTION('',(-0.5,-0.866025403784439,0.));
#4107=DIRECTION('',(-1.,1.68866166199149E-16,0.));
#4108=DIRECTION('center_axis',(0.,0.,1.));
#4109=DIRECTION('ref_axis',(1.,0.,0.));
#4110=DIRECTION('',(-1.,0.,0.));
#4111=DIRECTION('',(0.,-1.,0.));
#4112=DIRECTION('',(1.,0.,0.));
#4113=DIRECTION('center_axis',(0.,0.,1.));
#4114=DIRECTION('ref_axis',(1.,0.,0.));
#4115=DIRECTION('center_axis',(0.,0.,-1.));
#4116=DIRECTION('ref_axis',(1.,0.,0.));
#4117=DIRECTION('',(0.,-1.,0.));
#4118=DIRECTION('center_axis',(0.,0.,1.));
#4119=DIRECTION('ref_axis',(1.,0.,0.));
#4120=DIRECTION('',(-6.93889390390723E-17,1.,0.));
#4121=DIRECTION('',(1.,0.,0.));
#4122=DIRECTION('',(1.,0.,0.));
#4123=DIRECTION('center_axis',(0.,0.,1.));
#4124=DIRECTION('ref_axis',(1.,0.,0.));
#4125=DIRECTION('center_axis',(0.,0.,-1.));
#4126=DIRECTION('ref_axis',(1.,0.,0.));
#4127=DIRECTION('',(0.,1.,0.));
#4128=DIRECTION('center_axis',(0.,0.,-1.));
#4129=DIRECTION('ref_axis',(1.,0.,0.));
#4130=DIRECTION('center_axis',(0.,0.,1.));
#4131=DIRECTION('ref_axis',(1.,0.,0.));
#4132=DIRECTION('center_axis',(0.,0.,-1.));
#4133=DIRECTION('ref_axis',(1.,0.,0.));
#4134=DIRECTION('',(-1.,3.49629579342466E-16,0.));
#4135=DIRECTION('',(-0.5,0.866025403784439,0.));
#4136=DIRECTION('center_axis',(0.,0.,-1.));
#4137=DIRECTION('ref_axis',(1.,0.,0.));
#4138=DIRECTION('center_axis',(0.,0.,1.));
#4139=DIRECTION('ref_axis',(1.,0.,0.));
#4140=DIRECTION('center_axis',(0.,0.,-1.));
#4141=DIRECTION('ref_axis',(1.,0.,0.));
#4142=DIRECTION('',(-1.,-1.83507937954571E-17,0.));
#4143=DIRECTION('center_axis',(0.,0.,1.));
#4144=DIRECTION('ref_axis',(1.,0.,0.));
#4145=DIRECTION('center_axis',(0.,0.,-1.));
#4146=DIRECTION('ref_axis',(1.,0.,0.));
#4147=DIRECTION('',(-0.866025403784439,-0.5,0.));
#4148=DIRECTION('',(-0.866025403784439,0.5,0.));
#4149=DIRECTION('center_axis',(0.,0.,-1.));
#4150=DIRECTION('ref_axis',(1.,0.,0.));
#4151=DIRECTION('center_axis',(1.72490397533381E-15,-1.,0.));
#4152=DIRECTION('ref_axis',(1.,1.72490397533381E-15,0.));
#4153=DIRECTION('',(-1.,-1.72490397533381E-15,0.));
#4154=DIRECTION('',(0.,0.,1.));
#4155=DIRECTION('',(1.,1.72490397533381E-15,0.));
#4156=DIRECTION('',(0.,0.,1.));
#4157=DIRECTION('center_axis',(0.866025403784439,-0.5,0.));
#4158=DIRECTION('ref_axis',(0.5,0.866025403784438,0.));
#4159=DIRECTION('',(-0.5,-0.866025403784438,0.));
#4160=DIRECTION('',(0.5,0.866025403784438,0.));
#4161=DIRECTION('',(0.,0.,1.));
#4162=DIRECTION('center_axis',(0.866025403784439,0.5,0.));
#4163=DIRECTION('ref_axis',(-0.5,0.866025403784439,0.));
#4164=DIRECTION('',(0.5,-0.866025403784439,0.));
#4165=DIRECTION('',(-0.5,0.866025403784439,0.));
#4166=DIRECTION('',(0.,0.,1.));
#4167=DIRECTION('center_axis',(3.49629579342466E-16,1.,0.));
#4168=DIRECTION('ref_axis',(-1.,3.49629579342466E-16,0.));
#4169=DIRECTION('',(1.,-3.49629579342466E-16,0.));
#4170=DIRECTION('',(-1.,3.49629579342466E-16,0.));
#4171=DIRECTION('',(0.,0.,1.));
#4172=DIRECTION('center_axis',(1.68866166199149E-16,1.,0.));
#4173=DIRECTION('ref_axis',(-1.,1.68866166199149E-16,0.));
#4174=DIRECTION('',(1.,-1.68866166199149E-16,0.));
#4175=DIRECTION('',(0.,0.,1.));
#4176=DIRECTION('',(-1.,1.68866166199149E-16,0.));
#4177=DIRECTION('',(0.,0.,1.));
#4178=DIRECTION('center_axis',(-0.866025403784439,0.5,0.));
#4179=DIRECTION('ref_axis',(-0.5,-0.866025403784439,0.));
#4180=DIRECTION('',(0.5,0.866025403784439,0.));
#4181=DIRECTION('',(-0.5,-0.866025403784439,0.));
#4182=DIRECTION('',(0.,0.,1.));
#4183=DIRECTION('center_axis',(-0.866025403784439,-0.5,0.));
#4184=DIRECTION('ref_axis',(0.5,-0.866025403784439,0.));
#4185=DIRECTION('',(-0.5,0.866025403784439,0.));
#4186=DIRECTION('',(0.5,-0.866025403784439,0.));
#4187=DIRECTION('',(0.,0.,1.));
#4188=DIRECTION('center_axis',(0.,-1.,0.));
#4189=DIRECTION('ref_axis',(1.,0.,0.));
#4190=DIRECTION('',(-1.,0.,0.));
#4191=DIRECTION('',(1.,0.,0.));
#4192=DIRECTION('',(0.,0.,1.));
#4193=DIRECTION('center_axis',(1.,0.,0.));
#4194=DIRECTION('ref_axis',(0.,1.,0.));
#4195=DIRECTION('',(0.,-1.,0.));
#4196=DIRECTION('',(0.,0.,1.));
#4197=DIRECTION('center_axis',(0.5,0.866025403784439,0.));
#4198=DIRECTION('ref_axis',(-0.866025403784439,0.5,0.));
#4199=DIRECTION('',(0.866025403784439,-0.5,0.));
#4200=DIRECTION('',(-0.866025403784439,0.5,0.));
#4201=DIRECTION('',(0.,0.,1.));
#4202=DIRECTION('center_axis',(-0.500000000000001,0.866025403784438,0.));
#4203=DIRECTION('ref_axis',(-0.866025403784438,-0.500000000000001,0.));
#4204=DIRECTION('',(0.866025403784438,0.500000000000001,0.));
#4205=DIRECTION('',(-0.866025403784438,-0.500000000000001,0.));
#4206=DIRECTION('center_axis',(0.5,0.866025403784439,0.));
#4207=DIRECTION('ref_axis',(-0.866025403784439,0.5,0.));
#4208=DIRECTION('',(0.,0.,1.));
#4209=DIRECTION('center_axis',(-0.5,0.866025403784439,0.));
#4210=DIRECTION('ref_axis',(-0.866025403784439,-0.5,0.));
#4211=DIRECTION('',(-0.866025403784439,-0.5,0.));
#4212=DIRECTION('',(0.,0.,1.));
#4213=DIRECTION('center_axis',(-1.,-2.45756796881001E-16,0.));
#4214=DIRECTION('ref_axis',(2.45756796881001E-16,-1.,0.));
#4215=DIRECTION('',(2.45756796881001E-16,-1.,0.));
#4216=DIRECTION('center_axis',(0.,0.,1.));
#4217=DIRECTION('ref_axis',(1.,0.,0.));
#4218=DIRECTION('center_axis',(0.,0.,-1.));
#4219=DIRECTION('ref_axis',(1.,0.,0.));
#4220=DIRECTION('center_axis',(0.,0.,1.));
#4221=DIRECTION('ref_axis',(1.,0.,0.));
#4222=DIRECTION('center_axis',(0.,0.,-1.));
#4223=DIRECTION('ref_axis',(1.,0.,0.));
#4224=DIRECTION('center_axis',(0.,0.,1.));
#4225=DIRECTION('ref_axis',(1.,0.,0.));
#4226=DIRECTION('',(0.,-1.,0.));
#4227=DIRECTION('center_axis',(0.,0.,-1.));
#4228=DIRECTION('ref_axis',(1.,0.,0.));
#4229=DIRECTION('center_axis',(1.,-6.49886648561067E-16,0.));
#4230=DIRECTION('ref_axis',(-6.49886648561067E-16,-1.,0.));
#4231=DIRECTION('',(0.,0.,1.));
#4232=DIRECTION('',(0.,0.,1.));
#4233=DIRECTION('',(6.49886648561067E-16,1.,0.));
#4234=DIRECTION('',(6.49886648561067E-16,1.,0.));
#4235=DIRECTION('',(6.49886648561067E-16,1.,0.));
#4236=DIRECTION('center_axis',(0.,1.,0.));
#4237=DIRECTION('ref_axis',(1.,0.,0.));
#4238=DIRECTION('',(0.,0.,1.));
#4239=DIRECTION('',(-1.,0.,0.));
#4240=DIRECTION('center_axis',(1.,0.,0.));
#4241=DIRECTION('ref_axis',(0.,-1.,0.));
#4242=DIRECTION('',(0.,0.,1.));
#4243=DIRECTION('',(0.,1.,0.));
#4244=DIRECTION('',(0.,1.,0.));
#4245=DIRECTION('center_axis',(0.,-1.,0.));
#4246=DIRECTION('ref_axis',(-1.,0.,0.));
#4247=DIRECTION('',(0.,0.,1.));
#4248=DIRECTION('',(1.,0.,0.));
#4249=DIRECTION('',(1.,0.,0.));
#4250=DIRECTION('center_axis',(-1.,0.,0.));
#4251=DIRECTION('ref_axis',(0.,1.,0.));
#4252=DIRECTION('',(0.,0.,1.));
#4253=DIRECTION('',(0.,-1.,0.));
#4254=DIRECTION('',(0.,-1.,0.));
#4255=DIRECTION('center_axis',(0.,1.,0.));
#4256=DIRECTION('ref_axis',(1.,0.,0.));
#4257=DIRECTION('',(0.,0.,1.));
#4258=DIRECTION('',(-1.,0.,0.));
#4259=DIRECTION('center_axis',(-1.,0.,0.));
#4260=DIRECTION('ref_axis',(0.,1.,0.));
#4261=DIRECTION('',(0.,0.,-1.));
#4262=DIRECTION('',(0.,-1.,0.));
#4263=DIRECTION('center_axis',(-1.83507937954571E-17,1.,0.));
#4264=DIRECTION('ref_axis',(1.,1.83507937954571E-17,0.));
#4265=DIRECTION('',(-1.,-1.83507937954571E-17,0.));
#4266=DIRECTION('',(-1.,-1.83507937954571E-17,0.));
#4267=DIRECTION('',(-1.,-1.83507937954571E-17,0.));
#4268=DIRECTION('center_axis',(0.,0.,-1.));
#4269=DIRECTION('ref_axis',(1.,0.,0.));
#4270=DIRECTION('',(0.,0.,1.));
#4271=DIRECTION('center_axis',(0.,0.,-1.));
#4272=DIRECTION('ref_axis',(1.,0.,0.));
#4273=DIRECTION('',(0.,0.,1.));
#4274=DIRECTION('center_axis',(0.,0.,-1.));
#4275=DIRECTION('ref_axis',(1.,0.,0.));
#4276=DIRECTION('',(0.,0.,1.));
#4277=DIRECTION('center_axis',(0.,0.,-1.));
#4278=DIRECTION('ref_axis',(1.,0.,0.));
#4279=DIRECTION('',(0.,0.,1.));
#4280=DIRECTION('center_axis',(0.,0.,-1.));
#4281=DIRECTION('ref_axis',(1.,0.,0.));
#4282=DIRECTION('center_axis',(0.,0.,1.));
#4283=DIRECTION('ref_axis',(1.,0.,0.));
#4284=DIRECTION('center_axis',(0.,0.,1.));
#4285=DIRECTION('ref_axis',(1.,0.,0.));
#4286=DIRECTION('center_axis',(0.,0.,-1.));
#4287=DIRECTION('ref_axis',(1.,0.,0.));
#4288=DIRECTION('center_axis',(0.,0.,-1.));
#4289=DIRECTION('ref_axis',(1.,0.,0.));
#4290=DIRECTION('center_axis',(0.,0.,1.));
#4291=DIRECTION('ref_axis',(1.,0.,0.));
#4292=DIRECTION('center_axis',(0.,0.,-1.));
#4293=DIRECTION('ref_axis',(1.,0.,0.));
#4294=DIRECTION('center_axis',(0.,0.,-1.));
#4295=DIRECTION('ref_axis',(1.,0.,0.));
#4296=DIRECTION('',(-6.93889390390723E-17,1.,0.));
#4297=DIRECTION('',(-1.,0.,0.));
#4298=DIRECTION('center_axis',(0.,0.,-1.));
#4299=DIRECTION('ref_axis',(1.,0.,0.));
#4300=DIRECTION('center_axis',(0.,0.,-1.));
#4301=DIRECTION('ref_axis',(1.,0.,0.));
#4302=DIRECTION('center_axis',(0.,0.,-1.));
#4303=DIRECTION('ref_axis',(1.,0.,0.));
#4304=DIRECTION('center_axis',(0.,0.,-1.));
#4305=DIRECTION('ref_axis',(1.,0.,0.));
#4306=DIRECTION('center_axis',(0.,0.,-1.));
#4307=DIRECTION('ref_axis',(1.,0.,0.));
#4308=DIRECTION('center_axis',(0.,0.,-1.));
#4309=DIRECTION('ref_axis',(1.,0.,0.));
#4310=DIRECTION('center_axis',(0.,0.,1.));
#4311=DIRECTION('ref_axis',(1.,0.,0.));
#4312=DIRECTION('center_axis',(0.,0.,-1.));
#4313=DIRECTION('ref_axis',(1.,0.,0.));
#4314=DIRECTION('center_axis',(0.,0.,1.));
#4315=DIRECTION('ref_axis',(1.,0.,0.));
#4316=DIRECTION('center_axis',(0.,0.,-1.));
#4317=DIRECTION('ref_axis',(1.,0.,0.));
#4318=DIRECTION('',(0.,0.,-1.));
#4319=DIRECTION('center_axis',(0.,0.,-1.));
#4320=DIRECTION('ref_axis',(1.,0.,0.));
#4321=DIRECTION('center_axis',(0.,0.,1.));
#4322=DIRECTION('ref_axis',(1.,0.,0.));
#4323=DIRECTION('center_axis',(0.,0.,-1.));
#4324=DIRECTION('ref_axis',(1.,0.,0.));
#4325=DIRECTION('center_axis',(0.,0.,1.));
#4326=DIRECTION('ref_axis',(1.,0.,0.));
#4327=DIRECTION('center_axis',(0.,0.,1.));
#4328=DIRECTION('ref_axis',(1.,0.,0.));
#4329=DIRECTION('center_axis',(0.,0.,1.));
#4330=DIRECTION('ref_axis',(1.,0.,0.));
#4331=DIRECTION('',(0.,0.,-1.));
#4332=DIRECTION('center_axis',(0.,0.,1.));
#4333=DIRECTION('ref_axis',(1.,0.,0.));
#4334=DIRECTION('center_axis',(0.,0.,-1.));
#4335=DIRECTION('ref_axis',(1.,0.,0.));
#4336=DIRECTION('',(0.,0.,-1.));
#4337=DIRECTION('center_axis',(0.,0.,-1.));
#4338=DIRECTION('ref_axis',(1.,0.,0.));
#4339=DIRECTION('center_axis',(0.,0.,1.));
#4340=DIRECTION('ref_axis',(1.,0.,0.));
#4341=DIRECTION('center_axis',(0.,0.,-1.));
#4342=DIRECTION('ref_axis',(1.,0.,0.));
#4343=DIRECTION('center_axis',(0.,0.,1.));
#4344=DIRECTION('ref_axis',(1.,0.,0.));
#4345=DIRECTION('center_axis',(0.,0.,1.));
#4346=DIRECTION('ref_axis',(1.,0.,0.));
#4347=DIRECTION('center_axis',(0.,0.,1.));
#4348=DIRECTION('ref_axis',(1.,0.,0.));
#4349=DIRECTION('',(0.,0.,-1.));
#4350=DIRECTION('center_axis',(0.,0.,1.));
#4351=DIRECTION('ref_axis',(1.,0.,0.));
#4352=DIRECTION('center_axis',(0.,0.,-1.));
#4353=DIRECTION('ref_axis',(1.,0.,0.));
#4354=DIRECTION('',(0.,0.,-1.));
#4355=DIRECTION('center_axis',(0.,0.,-1.));
#4356=DIRECTION('ref_axis',(1.,0.,0.));
#4357=DIRECTION('center_axis',(0.,0.,1.));
#4358=DIRECTION('ref_axis',(1.,0.,0.));
#4359=DIRECTION('center_axis',(0.,0.,-1.));
#4360=DIRECTION('ref_axis',(1.,0.,0.));
#4361=DIRECTION('center_axis',(0.,0.,1.));
#4362=DIRECTION('ref_axis',(1.,0.,0.));
#4363=DIRECTION('center_axis',(0.,0.,1.));
#4364=DIRECTION('ref_axis',(1.,0.,0.));
#4365=DIRECTION('center_axis',(0.,0.,1.));
#4366=DIRECTION('ref_axis',(1.,0.,0.));
#4367=DIRECTION('',(0.,0.,-1.));
#4368=DIRECTION('center_axis',(0.,0.,1.));
#4369=DIRECTION('ref_axis',(1.,0.,0.));
#4370=DIRECTION('center_axis',(0.,0.,-1.));
#4371=DIRECTION('ref_axis',(1.,0.,0.));
#4372=DIRECTION('',(0.,0.,-1.));
#4373=DIRECTION('center_axis',(0.,0.,-1.));
#4374=DIRECTION('ref_axis',(1.,0.,0.));
#4375=DIRECTION('center_axis',(0.,0.,1.));
#4376=DIRECTION('ref_axis',(1.,0.,0.));
#4377=DIRECTION('center_axis',(0.,0.,-1.));
#4378=DIRECTION('ref_axis',(1.,0.,0.));
#4379=DIRECTION('center_axis',(0.,0.,1.));
#4380=DIRECTION('ref_axis',(1.,0.,0.));
#4381=DIRECTION('center_axis',(0.,0.,1.));
#4382=DIRECTION('ref_axis',(1.,0.,0.));
#4383=DIRECTION('center_axis',(0.,0.,1.));
#4384=DIRECTION('ref_axis',(1.,0.,0.));
#4385=DIRECTION('',(0.,0.,-1.));
#4386=DIRECTION('center_axis',(0.,0.,1.));
#4387=DIRECTION('ref_axis',(1.,0.,0.));
#4388=DIRECTION('center_axis',(0.,0.,-1.));
#4389=DIRECTION('ref_axis',(1.,0.,0.));
#4390=DIRECTION('',(0.,0.,-1.));
#4391=DIRECTION('center_axis',(0.,0.,-1.));
#4392=DIRECTION('ref_axis',(1.,0.,0.));
#4393=DIRECTION('center_axis',(0.,0.,1.));
#4394=DIRECTION('ref_axis',(1.,0.,0.));
#4395=DIRECTION('center_axis',(0.,0.,-1.));
#4396=DIRECTION('ref_axis',(1.,0.,0.));
#4397=DIRECTION('center_axis',(0.,0.,1.));
#4398=DIRECTION('ref_axis',(1.,0.,0.));
#4399=DIRECTION('center_axis',(0.,0.,1.));
#4400=DIRECTION('ref_axis',(1.,0.,0.));
#4401=DIRECTION('center_axis',(0.,0.,1.));
#4402=DIRECTION('ref_axis',(1.,0.,0.));
#4403=DIRECTION('',(0.,0.,-1.));
#4404=DIRECTION('center_axis',(0.,0.,1.));
#4405=DIRECTION('ref_axis',(1.,0.,0.));
#4406=DIRECTION('center_axis',(0.,0.,-1.));
#4407=DIRECTION('ref_axis',(1.,0.,0.));
#4408=DIRECTION('',(0.,0.,-1.));
#4409=DIRECTION('center_axis',(0.,0.,-1.));
#4410=DIRECTION('ref_axis',(1.,0.,0.));
#4411=DIRECTION('center_axis',(0.,0.,1.));
#4412=DIRECTION('ref_axis',(1.,0.,0.));
#4413=DIRECTION('center_axis',(0.,0.,-1.));
#4414=DIRECTION('ref_axis',(1.,0.,0.));
#4415=DIRECTION('center_axis',(0.,0.,1.));
#4416=DIRECTION('ref_axis',(1.,0.,0.));
#4417=DIRECTION('center_axis',(0.,0.,1.));
#4418=DIRECTION('ref_axis',(1.,0.,0.));
#4419=DIRECTION('center_axis',(0.,0.,1.));
#4420=DIRECTION('ref_axis',(1.,0.,0.));
#4421=DIRECTION('',(0.,0.,-1.));
#4422=DIRECTION('center_axis',(0.,0.,1.));
#4423=DIRECTION('ref_axis',(1.,0.,0.));
#4424=DIRECTION('center_axis',(0.,0.,-1.));
#4425=DIRECTION('ref_axis',(1.,0.,0.));
#4426=DIRECTION('',(0.,0.,-1.));
#4427=DIRECTION('center_axis',(0.,0.,-1.));
#4428=DIRECTION('ref_axis',(1.,0.,0.));
#4429=DIRECTION('center_axis',(0.,0.,1.));
#4430=DIRECTION('ref_axis',(1.,0.,0.));
#4431=DIRECTION('center_axis',(0.,0.,-1.));
#4432=DIRECTION('ref_axis',(1.,0.,0.));
#4433=DIRECTION('center_axis',(0.,0.,1.));
#4434=DIRECTION('ref_axis',(1.,0.,0.));
#4435=DIRECTION('center_axis',(0.,0.,1.));
#4436=DIRECTION('ref_axis',(1.,0.,0.));
#4437=DIRECTION('center_axis',(0.,0.,1.));
#4438=DIRECTION('ref_axis',(1.,0.,0.));
#4439=DIRECTION('',(0.,0.,-1.));
#4440=DIRECTION('center_axis',(0.,0.,1.));
#4441=DIRECTION('ref_axis',(1.,0.,0.));
#4442=DIRECTION('center_axis',(0.,0.,-1.));
#4443=DIRECTION('ref_axis',(1.,0.,0.));
#4444=DIRECTION('',(0.,0.,-1.));
#4445=DIRECTION('center_axis',(0.,0.,-1.));
#4446=DIRECTION('ref_axis',(1.,0.,0.));
#4447=DIRECTION('center_axis',(0.,0.,1.));
#4448=DIRECTION('ref_axis',(1.,0.,0.));
#4449=DIRECTION('center_axis',(0.,0.,-1.));
#4450=DIRECTION('ref_axis',(1.,0.,0.));
#4451=DIRECTION('center_axis',(0.,0.,1.));
#4452=DIRECTION('ref_axis',(1.,0.,0.));
#4453=DIRECTION('center_axis',(0.,0.,1.));
#4454=DIRECTION('ref_axis',(1.,0.,0.));
#4455=DIRECTION('center_axis',(0.,0.,1.));
#4456=DIRECTION('ref_axis',(1.,0.,0.));
#4457=DIRECTION('',(0.,0.,-1.));
#4458=DIRECTION('center_axis',(0.,0.,1.));
#4459=DIRECTION('ref_axis',(1.,0.,0.));
#4460=DIRECTION('center_axis',(0.,0.,-1.));
#4461=DIRECTION('ref_axis',(1.,0.,0.));
#4462=DIRECTION('',(0.,0.,-1.));
#4463=DIRECTION('center_axis',(0.,0.,-1.));
#4464=DIRECTION('ref_axis',(1.,0.,0.));
#4465=DIRECTION('center_axis',(0.,0.,1.));
#4466=DIRECTION('ref_axis',(1.,0.,0.));
#4467=DIRECTION('center_axis',(0.,0.,-1.));
#4468=DIRECTION('ref_axis',(1.,0.,0.));
#4469=DIRECTION('center_axis',(0.,0.,1.));
#4470=DIRECTION('ref_axis',(1.,0.,0.));
#4471=DIRECTION('center_axis',(0.,0.,1.));
#4472=DIRECTION('ref_axis',(1.,0.,0.));
#4473=DIRECTION('center_axis',(0.,0.,1.));
#4474=DIRECTION('ref_axis',(1.,0.,0.));
#4475=DIRECTION('',(0.,0.,-1.));
#4476=DIRECTION('center_axis',(0.,0.,1.));
#4477=DIRECTION('ref_axis',(1.,0.,0.));
#4478=DIRECTION('center_axis',(0.,0.,-1.));
#4479=DIRECTION('ref_axis',(1.,0.,0.));
#4480=DIRECTION('',(0.,0.,-1.));
#4481=DIRECTION('center_axis',(0.,0.,-1.));
#4482=DIRECTION('ref_axis',(1.,0.,0.));
#4483=DIRECTION('center_axis',(0.,0.,1.));
#4484=DIRECTION('ref_axis',(1.,0.,0.));
#4485=DIRECTION('center_axis',(0.,0.,-1.));
#4486=DIRECTION('ref_axis',(1.,0.,0.));
#4487=DIRECTION('center_axis',(0.,0.,1.));
#4488=DIRECTION('ref_axis',(1.,0.,0.));
#4489=DIRECTION('center_axis',(0.,0.,1.));
#4490=DIRECTION('ref_axis',(1.,0.,0.));
#4491=DIRECTION('center_axis',(0.,0.,1.));
#4492=DIRECTION('ref_axis',(1.,0.,0.));
#4493=DIRECTION('',(0.,0.,-1.));
#4494=DIRECTION('center_axis',(0.,1.,0.));
#4495=DIRECTION('ref_axis',(-1.,0.,0.));
#4496=DIRECTION('',(0.,0.,1.));
#4497=DIRECTION('center_axis',(0.,-1.,0.));
#4498=DIRECTION('ref_axis',(1.,0.,0.));
#4499=DIRECTION('',(0.,0.,1.));
#4500=DIRECTION('center_axis',(1.,6.93889390390723E-17,0.));
#4501=DIRECTION('ref_axis',(-6.93889390390723E-17,1.,0.));
#4502=DIRECTION('center_axis',(0.,0.,1.));
#4503=DIRECTION('ref_axis',(1.,0.,0.));
#4504=DIRECTION('',(0.,0.,-1.));
#4505=DIRECTION('center_axis',(0.,0.,1.));
#4506=DIRECTION('ref_axis',(1.,0.,0.));
#4507=DIRECTION('',(0.,0.,-1.));
#4508=DIRECTION('center_axis',(0.,0.,1.));
#4509=DIRECTION('ref_axis',(1.,0.,0.));
#4510=DIRECTION('',(0.,0.,-1.));
#4511=DIRECTION('center_axis',(0.,0.,1.));
#4512=DIRECTION('ref_axis',(1.,0.,0.));
#4513=DIRECTION('',(0.,0.,-1.));
#4514=DIRECTION('center_axis',(0.,0.,1.));
#4515=DIRECTION('ref_axis',(1.,0.,0.));
#4516=DIRECTION('',(0.,0.,-1.));
#4517=DIRECTION('center_axis',(0.,0.,1.));
#4518=DIRECTION('ref_axis',(1.,0.,0.));
#4519=DIRECTION('',(0.,0.,-1.));
#4520=DIRECTION('center_axis',(0.,0.,1.));
#4521=DIRECTION('ref_axis',(1.,0.,0.));
#4522=DIRECTION('',(0.,0.,-1.));
#4523=DIRECTION('center_axis',(0.,0.,1.));
#4524=DIRECTION('ref_axis',(1.,0.,0.));
#4525=DIRECTION('',(0.,0.,-1.));
#4526=DIRECTION('center_axis',(0.,0.,1.));
#4527=DIRECTION('ref_axis',(1.,0.,0.));
#4528=DIRECTION('',(0.,0.,-1.));
#4529=DIRECTION('center_axis',(0.,0.,1.));
#4530=DIRECTION('ref_axis',(1.,0.,0.));
#4531=DIRECTION('',(0.,0.,-1.));
#4532=DIRECTION('center_axis',(-1.,0.,0.));
#4533=DIRECTION('ref_axis',(0.,-1.,0.));
#4534=CARTESIAN_POINT('',(0.,0.,0.));
#4535=CARTESIAN_POINT('Origin',(14.125,40.625,10.));
#4536=CARTESIAN_POINT('',(39.125,40.625,11.));
#4537=CARTESIAN_POINT('',(26.125,40.625,11.));
#4538=CARTESIAN_POINT('',(14.125,40.625,11.));
#4539=CARTESIAN_POINT('',(18.125,40.625,11.));
#4540=CARTESIAN_POINT('',(14.125,40.625,11.));
#4541=CARTESIAN_POINT('',(5.125,40.625,11.));
#4542=CARTESIAN_POINT('',(14.125,40.625,11.));
#4543=CARTESIAN_POINT('',(6.125,39.625,10.));
#4544=CARTESIAN_POINT('Origin',(5.125,40.625,10.));
#4545=CARTESIAN_POINT('',(10.125,39.625,10.));
#4546=CARTESIAN_POINT('',(14.125,39.625,10.));
#4547=CARTESIAN_POINT('',(34.125,39.625,10.));
#4548=CARTESIAN_POINT('',(14.125,39.625,10.));
#4549=CARTESIAN_POINT('',(38.125,39.625,10.));
#4550=CARTESIAN_POINT('',(14.125,39.625,10.));
#4551=CARTESIAN_POINT('Origin',(39.125,40.625,10.));
#4552=CARTESIAN_POINT('Origin',(5.125,15.625,10.));
#4553=CARTESIAN_POINT('',(5.125,19.625,11.));
#4554=CARTESIAN_POINT('',(5.125,15.625,11.));
#4555=CARTESIAN_POINT('',(5.125,6.625,11.));
#4556=CARTESIAN_POINT('',(5.125,15.625,11.));
#4557=CARTESIAN_POINT('',(6.125,7.625,10.));
#4558=CARTESIAN_POINT('Origin',(5.125,6.625,10.));
#4559=CARTESIAN_POINT('',(6.125,11.625,10.));
#4560=CARTESIAN_POINT('',(6.125,15.625,10.));
#4561=CARTESIAN_POINT('',(6.125,27.625,10.));
#4562=CARTESIAN_POINT('',(6.125,15.625,10.));
#4563=CARTESIAN_POINT('',(6.125,35.625,10.));
#4564=CARTESIAN_POINT('',(6.125,15.625,10.));
#4565=CARTESIAN_POINT('',(6.125,15.625,10.));
#4566=CARTESIAN_POINT('Origin',(30.125,6.625,10.));
#4567=CARTESIAN_POINT('',(18.125,6.625,11.));
#4568=CARTESIAN_POINT('',(30.125,6.625,11.));
#4569=CARTESIAN_POINT('',(26.125,6.625,11.));
#4570=CARTESIAN_POINT('',(30.125,6.625,11.));
#4571=CARTESIAN_POINT('',(39.125,6.62500000000001,11.));
#4572=CARTESIAN_POINT('',(30.125,6.625,11.));
#4573=CARTESIAN_POINT('',(38.125,7.625,10.));
#4574=CARTESIAN_POINT('Origin',(39.125,6.625,10.));
#4575=CARTESIAN_POINT('',(34.125,7.625,10.));
#4576=CARTESIAN_POINT('',(30.125,7.625,10.));
#4577=CARTESIAN_POINT('',(10.125,7.625,10.));
#4578=CARTESIAN_POINT('',(30.125,7.625,10.));
#4579=CARTESIAN_POINT('',(30.125,7.625,10.));
#4580=CARTESIAN_POINT('Origin',(39.125,31.625,10.));
#4581=CARTESIAN_POINT('',(38.125,35.625,10.));
#4582=CARTESIAN_POINT('',(38.125,31.625,10.));
#4583=CARTESIAN_POINT('',(38.125,27.625,10.));
#4584=CARTESIAN_POINT('',(38.125,31.625,10.));
#4585=CARTESIAN_POINT('',(38.125,11.625,10.));
#4586=CARTESIAN_POINT('',(38.125,31.625,10.));
#4587=CARTESIAN_POINT('',(38.125,31.625,10.));
#4588=CARTESIAN_POINT('',(39.125,19.625,11.));
#4589=CARTESIAN_POINT('',(39.125,31.625,11.));
#4590=CARTESIAN_POINT('',(39.125,31.625,11.));
#4591=CARTESIAN_POINT('Origin',(38.125,39.625,3.));
#4592=CARTESIAN_POINT('',(38.125,14.625,7.00000010430813));
#4593=CARTESIAN_POINT('Origin',(38.125,11.625,7.00000010430813));
#4594=CARTESIAN_POINT('Origin',(38.125,11.625,7.00000010430813));
#4595=CARTESIAN_POINT('',(38.125,30.625,7.00000010430813));
#4596=CARTESIAN_POINT('Origin',(38.125,27.625,7.00000010430813));
#4597=CARTESIAN_POINT('Origin',(38.125,27.625,7.00000010430813));
#4598=CARTESIAN_POINT('',(38.125,38.625,7.00000010430813));
#4599=CARTESIAN_POINT('Origin',(38.125,35.625,7.00000010430813));
#4600=CARTESIAN_POINT('Origin',(38.125,35.625,7.00000010430813));
#4601=CARTESIAN_POINT('',(38.125,39.625,3.));
#4602=CARTESIAN_POINT('',(38.125,39.625,3.));
#4603=CARTESIAN_POINT('',(38.125,35.25,3.));
#4604=CARTESIAN_POINT('',(38.125,7.625,3.));
#4605=CARTESIAN_POINT('',(38.125,14.,3.));
#4606=CARTESIAN_POINT('',(38.125,7.625,3.));
#4607=CARTESIAN_POINT('',(38.125,8.875,3.));
#4608=CARTESIAN_POINT('',(38.125,7.625,3.));
#4609=CARTESIAN_POINT('',(38.125,7.625,3.));
#4610=CARTESIAN_POINT('',(38.125,7.625,3.));
#4611=CARTESIAN_POINT('',(38.125,7.625,3.));
#4612=CARTESIAN_POINT('Origin',(22.125,23.625,11.));
#4613=CARTESIAN_POINT('',(18.125,0.625000000000004,11.));
#4614=CARTESIAN_POINT('Origin',(18.125,3.62500000000001,11.));
#4615=CARTESIAN_POINT('',(26.125,0.625000000000004,11.));
#4616=CARTESIAN_POINT('',(10.125,0.625000000000004,11.));
#4617=CARTESIAN_POINT('',(23.125,3.62500000000001,11.));
#4618=CARTESIAN_POINT('Origin',(26.125,3.62500000000001,11.));
#4619=CARTESIAN_POINT('Origin',(26.125,3.62500000000001,11.));
#4620=CARTESIAN_POINT('Origin',(22.125,23.625,11.));
#4621=CARTESIAN_POINT('',(-0.874999999999997,19.625,11.));
#4622=CARTESIAN_POINT('Origin',(2.125,19.625,11.));
#4623=CARTESIAN_POINT('',(-0.874999999999997,3.62500000000001,11.));
#4624=CARTESIAN_POINT('',(-0.874999999999999,35.625,11.));
#4625=CARTESIAN_POINT('',(2.125,0.625000000000004,11.));
#4626=CARTESIAN_POINT('Origin',(2.125,3.62500000000001,11.));
#4627=CARTESIAN_POINT('',(10.125,0.625000000000004,11.));
#4628=CARTESIAN_POINT('',(15.125,3.62500000000001,11.));
#4629=CARTESIAN_POINT('Origin',(18.125,3.62500000000001,11.));
#4630=CARTESIAN_POINT('Origin',(18.125,3.62500000000001,11.));
#4631=CARTESIAN_POINT('Origin',(22.125,23.625,11.));
#4632=CARTESIAN_POINT('',(15.125,43.625,11.));
#4633=CARTESIAN_POINT('Origin',(18.125,43.625,11.));
#4634=CARTESIAN_POINT('',(18.125,46.625,11.));
#4635=CARTESIAN_POINT('Origin',(18.125,43.625,11.));
#4636=CARTESIAN_POINT('',(2.125,46.625,11.));
#4637=CARTESIAN_POINT('',(34.125,46.625,11.));
#4638=CARTESIAN_POINT('',(-0.874999999999997,43.625,11.));
#4639=CARTESIAN_POINT('Origin',(2.125,43.625,11.));
#4640=CARTESIAN_POINT('',(-0.874999999999999,35.625,11.));
#4641=CARTESIAN_POINT('Origin',(2.125,19.625,11.));
#4642=CARTESIAN_POINT('Origin',(22.125,23.625,11.));
#4643=CARTESIAN_POINT('',(23.125,43.625,11.));
#4644=CARTESIAN_POINT('Origin',(26.125,43.625,11.));
#4645=CARTESIAN_POINT('',(26.125,46.625,11.));
#4646=CARTESIAN_POINT('Origin',(26.125,43.625,11.));
#4647=CARTESIAN_POINT('',(34.125,46.625,11.));
#4648=CARTESIAN_POINT('Origin',(18.125,43.625,11.));
#4649=CARTESIAN_POINT('Origin',(22.125,23.625,11.));
#4650=CARTESIAN_POINT('',(45.125,19.625,11.));
#4651=CARTESIAN_POINT('Origin',(42.125,19.625,11.));
#4652=CARTESIAN_POINT('',(45.125,43.625,11.));
#4653=CARTESIAN_POINT('',(45.125,11.625,11.));
#4654=CARTESIAN_POINT('',(39.125,43.625,11.));
#4655=CARTESIAN_POINT('Origin',(42.125,43.625,11.));
#4656=CARTESIAN_POINT('',(42.125,46.625,11.));
#4657=CARTESIAN_POINT('Origin',(42.125,43.625,11.));
#4658=CARTESIAN_POINT('',(34.125,46.625,11.));
#4659=CARTESIAN_POINT('Origin',(26.125,43.625,11.));
#4660=CARTESIAN_POINT('Origin',(22.125,23.625,11.));
#4661=CARTESIAN_POINT('Origin',(26.125,3.62500000000001,11.));
#4662=CARTESIAN_POINT('',(42.125,0.625000000000003,11.));
#4663=CARTESIAN_POINT('',(10.125,0.625000000000004,11.));
#4664=CARTESIAN_POINT('',(39.125,3.62500000000001,11.));
#4665=CARTESIAN_POINT('Origin',(42.125,3.62500000000001,11.));
#4666=CARTESIAN_POINT('',(45.125,3.625,11.));
#4667=CARTESIAN_POINT('Origin',(42.125,3.62500000000001,11.));
#4668=CARTESIAN_POINT('',(45.125,11.625,11.));
#4669=CARTESIAN_POINT('Origin',(42.125,19.625,11.));
#4670=CARTESIAN_POINT('Origin',(42.125,3.625,10.));
#4671=CARTESIAN_POINT('',(46.125,3.625,10.));
#4672=CARTESIAN_POINT('Origin',(45.125,3.625,10.));
#4673=CARTESIAN_POINT('Origin',(42.125,3.62500000000001,11.));
#4674=CARTESIAN_POINT('',(42.125,-0.374999999999996,10.));
#4675=CARTESIAN_POINT('Origin',(42.125,0.625000000000003,10.));
#4676=CARTESIAN_POINT('Origin',(42.125,3.625,10.));
#4677=CARTESIAN_POINT('Origin',(10.125,0.625000000000004,10.));
#4678=CARTESIAN_POINT('',(2.125,-0.374999999999996,10.));
#4679=CARTESIAN_POINT('Origin',(2.125,0.625000000000004,10.));
#4680=CARTESIAN_POINT('',(10.125,-0.374999999999996,10.));
#4681=CARTESIAN_POINT('',(10.125,-0.374999999999996,10.));
#4682=CARTESIAN_POINT('',(34.125,-0.374999999999996,10.));
#4683=CARTESIAN_POINT('',(10.125,-0.374999999999996,10.));
#4684=CARTESIAN_POINT('',(10.125,-0.374999999999996,10.));
#4685=CARTESIAN_POINT('Origin',(2.125,3.625,10.));
#4686=CARTESIAN_POINT('Origin',(2.125,3.62500000000001,11.));
#4687=CARTESIAN_POINT('',(-1.875,3.625,10.));
#4688=CARTESIAN_POINT('Origin',(-0.875,3.62500000000001,10.));
#4689=CARTESIAN_POINT('Origin',(2.125,3.625,10.));
#4690=CARTESIAN_POINT('Origin',(-0.874999999999999,35.625,10.));
#4691=CARTESIAN_POINT('',(-1.875,43.625,10.));
#4692=CARTESIAN_POINT('Origin',(-0.874999999999999,43.625,10.));
#4693=CARTESIAN_POINT('',(-1.875,35.625,10.));
#4694=CARTESIAN_POINT('',(-1.875,35.625,10.));
#4695=CARTESIAN_POINT('',(-1.875,27.625,10.));
#4696=CARTESIAN_POINT('',(-1.875,35.625,10.));
#4697=CARTESIAN_POINT('',(-1.875,11.625,10.));
#4698=CARTESIAN_POINT('',(-1.875,35.625,10.));
#4699=CARTESIAN_POINT('',(-1.875,35.625,10.));
#4700=CARTESIAN_POINT('Origin',(2.125,43.625,10.));
#4701=CARTESIAN_POINT('Origin',(2.125,43.625,11.));
#4702=CARTESIAN_POINT('',(2.125,47.625,10.));
#4703=CARTESIAN_POINT('Origin',(2.125,46.625,10.));
#4704=CARTESIAN_POINT('Origin',(2.125,43.625,10.));
#4705=CARTESIAN_POINT('Origin',(34.125,46.625,10.));
#4706=CARTESIAN_POINT('',(42.125,47.625,10.));
#4707=CARTESIAN_POINT('Origin',(42.125,46.625,10.));
#4708=CARTESIAN_POINT('',(34.125,47.625,10.));
#4709=CARTESIAN_POINT('',(34.125,47.625,10.));
#4710=CARTESIAN_POINT('',(10.125,47.625,10.));
#4711=CARTESIAN_POINT('',(34.125,47.625,10.));
#4712=CARTESIAN_POINT('',(34.125,47.625,10.));
#4713=CARTESIAN_POINT('Origin',(42.125,43.625,10.));
#4714=CARTESIAN_POINT('Origin',(42.125,43.625,11.));
#4715=CARTESIAN_POINT('',(46.125,43.625,10.));
#4716=CARTESIAN_POINT('Origin',(45.125,43.625,10.));
#4717=CARTESIAN_POINT('Origin',(42.125,43.625,10.));
#4718=CARTESIAN_POINT('Origin',(45.125,11.625,10.));
#4719=CARTESIAN_POINT('',(46.125,11.625,10.));
#4720=CARTESIAN_POINT('',(46.125,11.625,10.));
#4721=CARTESIAN_POINT('',(46.125,27.625,10.));
#4722=CARTESIAN_POINT('',(46.125,11.625,10.));
#4723=CARTESIAN_POINT('',(46.125,35.625,10.));
#4724=CARTESIAN_POINT('',(46.125,11.625,10.));
#4725=CARTESIAN_POINT('',(46.125,11.625,10.));
#4726=CARTESIAN_POINT('Origin',(46.125,47.625,3.));
#4727=CARTESIAN_POINT('',(7.125,47.625,7.00000010430813));
#4728=CARTESIAN_POINT('Origin',(10.125,47.625,7.00000010430813));
#4729=CARTESIAN_POINT('Origin',(10.125,47.625,7.00000010430813));
#4730=CARTESIAN_POINT('',(31.125,47.625,7.00000010430813));
#4731=CARTESIAN_POINT('Origin',(34.125,47.625,7.00000010430813));
#4732=CARTESIAN_POINT('Origin',(34.125,47.625,7.00000010430813));
#4733=CARTESIAN_POINT('',(42.125,47.625,3.));
#4734=CARTESIAN_POINT('',(42.125,47.625,3.));
#4735=CARTESIAN_POINT('',(38.375,47.625,3.));
#4736=CARTESIAN_POINT('',(46.125,47.625,3.));
#4737=CARTESIAN_POINT('',(38.375,47.625,0.));
#4738=CARTESIAN_POINT('',(38.375,47.625,0.));
#4739=CARTESIAN_POINT('',(42.125,47.625,0.));
#4740=CARTESIAN_POINT('',(46.125,47.625,0.));
#4741=CARTESIAN_POINT('',(42.125,47.625,-1.));
#4742=CARTESIAN_POINT('',(42.125,47.625,3.));
#4743=CARTESIAN_POINT('',(2.125,47.625,-1.));
#4744=CARTESIAN_POINT('',(46.125,47.625,-1.));
#4745=CARTESIAN_POINT('',(2.125,47.625,0.));
#4746=CARTESIAN_POINT('',(2.125,47.625,3.));
#4747=CARTESIAN_POINT('',(5.875,47.625,0.));
#4748=CARTESIAN_POINT('',(46.125,47.625,0.));
#4749=CARTESIAN_POINT('',(5.875,47.625,3.));
#4750=CARTESIAN_POINT('',(5.875,47.625,0.));
#4751=CARTESIAN_POINT('',(2.125,47.625,3.));
#4752=CARTESIAN_POINT('',(46.125,47.625,3.));
#4753=CARTESIAN_POINT('',(2.125,47.625,3.));
#4754=CARTESIAN_POINT('Origin',(42.125,43.625,3.));
#4755=CARTESIAN_POINT('',(46.125,43.625,-1.));
#4756=CARTESIAN_POINT('',(46.125,43.625,3.));
#4757=CARTESIAN_POINT('Origin',(42.125,43.625,-1.));
#4758=CARTESIAN_POINT('',(43.875,47.2218736424845,0.));
#4759=CARTESIAN_POINT('Origin',(42.125,43.625,0.));
#4760=CARTESIAN_POINT('',(43.875,47.2218736424845,3.));
#4761=CARTESIAN_POINT('',(43.875,47.2218736424845,3.));
#4762=CARTESIAN_POINT('Origin',(42.125,43.625,3.));
#4763=CARTESIAN_POINT('Origin',(46.125,-0.374999999999996,3.));
#4764=CARTESIAN_POINT('',(46.125,38.625,7.00000010430813));
#4765=CARTESIAN_POINT('Origin',(46.125,35.625,7.00000010430813));
#4766=CARTESIAN_POINT('Origin',(46.125,35.625,7.00000010430813));
#4767=CARTESIAN_POINT('',(46.125,30.625,7.00000010430813));
#4768=CARTESIAN_POINT('Origin',(46.125,27.625,7.00000010430813));
#4769=CARTESIAN_POINT('Origin',(46.125,27.625,7.00000010430813));
#4770=CARTESIAN_POINT('',(46.125,14.625,7.00000010430813));
#4771=CARTESIAN_POINT('Origin',(46.125,11.625,7.00000010430813));
#4772=CARTESIAN_POINT('Origin',(46.125,11.625,7.00000010430813));
#4773=CARTESIAN_POINT('',(46.125,3.625,-1.));
#4774=CARTESIAN_POINT('',(46.125,3.625,3.));
#4775=CARTESIAN_POINT('',(46.125,-0.374999999999996,-1.));
#4776=CARTESIAN_POINT('Origin',(42.125,3.625,3.));
#4777=CARTESIAN_POINT('',(42.125,-0.374999999999996,-1.));
#4778=CARTESIAN_POINT('',(42.125,-0.374999999999996,3.));
#4779=CARTESIAN_POINT('Origin',(42.125,3.625,-1.));
#4780=CARTESIAN_POINT('Origin',(2.125,43.625,3.));
#4781=CARTESIAN_POINT('',(0.375000000000001,47.2218736424845,3.));
#4782=CARTESIAN_POINT('Origin',(2.125,43.625,3.));
#4783=CARTESIAN_POINT('',(0.375000000000001,47.2218736424845,0.));
#4784=CARTESIAN_POINT('',(0.375,47.2218736424845,3.));
#4785=CARTESIAN_POINT('Origin',(2.125,43.625,0.));
#4786=CARTESIAN_POINT('',(-1.87500000000001,43.625,-1.));
#4787=CARTESIAN_POINT('Origin',(2.125,43.625,-1.));
#4788=CARTESIAN_POINT('',(-1.875,43.625,3.));
#4789=CARTESIAN_POINT('Origin',(22.125,23.625,-1.));
#4790=CARTESIAN_POINT('',(2.125,-0.374999999999996,-1.));
#4791=CARTESIAN_POINT('',(-1.87500000000001,-0.374999999999996,-1.));
#4792=CARTESIAN_POINT('',(-1.87500000000001,3.625,-1.));
#4793=CARTESIAN_POINT('Origin',(2.125,3.625,-1.));
#4794=CARTESIAN_POINT('',(-1.87500000000001,47.625,-1.));
#4795=CARTESIAN_POINT('',(6.,2.5,-1.));
#4796=CARTESIAN_POINT('',(36.25,2.5,-1.));
#4797=CARTESIAN_POINT('',(6.,2.5,-1.));
#4798=CARTESIAN_POINT('',(36.25,14.,-1.));
#4799=CARTESIAN_POINT('',(36.25,2.5,-1.));
#4800=CARTESIAN_POINT('',(41.75,14.,-1.));
#4801=CARTESIAN_POINT('',(36.25,14.,-1.));
#4802=CARTESIAN_POINT('',(41.75,35.25,-1.));
#4803=CARTESIAN_POINT('',(41.75,14.,-1.));
#4804=CARTESIAN_POINT('',(2.5,35.25,-1.));
#4805=CARTESIAN_POINT('',(41.75,35.25,-1.));
#4806=CARTESIAN_POINT('',(2.5,14.,-1.));
#4807=CARTESIAN_POINT('',(2.5,35.25,-1.));
#4808=CARTESIAN_POINT('',(6.,14.,-1.));
#4809=CARTESIAN_POINT('',(6.,14.,-1.));
#4810=CARTESIAN_POINT('',(6.,8.875,-1.));
#4811=CARTESIAN_POINT('',(39.625,6.125,-1.));
#4812=CARTESIAN_POINT('Origin',(41.125,6.125,-1.));
#4813=CARTESIAN_POINT('',(39.625,44.125,-1.));
#4814=CARTESIAN_POINT('Origin',(41.125,44.125,-1.));
#4815=CARTESIAN_POINT('',(1.625,44.125,-1.));
#4816=CARTESIAN_POINT('Origin',(3.125,44.125,-1.));
#4817=CARTESIAN_POINT('',(1.625,6.125,-1.));
#4818=CARTESIAN_POINT('Origin',(3.125,6.125,-1.));
#4819=CARTESIAN_POINT('Origin',(22.125,23.625,0.));
#4820=CARTESIAN_POINT('',(0.375,42.5372867597285,0.));
#4821=CARTESIAN_POINT('',(0.374999999999999,33.0811433798643,0.));
#4822=CARTESIAN_POINT('',(3.125,40.9495735194571,0.));
#4823=CARTESIAN_POINT('',(14.0008801943952,34.6703811615488,0.));
#4824=CARTESIAN_POINT('',(5.875,42.5372867597285,0.));
#4825=CARTESIAN_POINT('',(7.87411980560475,43.6914791176368,0.));
#4826=CARTESIAN_POINT('',(5.87500000000001,35.625,0.));
#4827=CARTESIAN_POINT('',(1.625,44.125,0.));
#4828=CARTESIAN_POINT('Origin',(3.125,44.125,0.));
#4829=CARTESIAN_POINT('Origin',(0.375,42.5372867597285,0.));
#4830=CARTESIAN_POINT('',(0.375,46.0616985862022,3.));
#4831=CARTESIAN_POINT('',(0.374999999999999,33.0811433798643,3.));
#4832=CARTESIAN_POINT('',(0.375000000000001,42.5372867597285,3.));
#4833=CARTESIAN_POINT('',(0.375,45.7127132402715,3.));
#4834=CARTESIAN_POINT('',(0.375,42.5372867597285,0.));
#4835=CARTESIAN_POINT('Origin',(22.125,23.625,3.));
#4836=CARTESIAN_POINT('',(43.875,46.0616985862022,3.));
#4837=CARTESIAN_POINT('',(43.875,35.625,3.));
#4838=CARTESIAN_POINT('',(39.125,43.625,3.));
#4839=CARTESIAN_POINT('Origin',(42.125,43.625,3.));
#4840=CARTESIAN_POINT('',(39.8229533744951,41.7013104891898,3.));
#4841=CARTESIAN_POINT('Origin',(42.125,43.625,3.));
#4842=CARTESIAN_POINT('',(38.375,42.5372867597285,3.));
#4843=CARTESIAN_POINT('',(37.7508801943953,42.897622497501,3.));
#4844=CARTESIAN_POINT('',(38.375,33.0811433798643,3.));
#4845=CARTESIAN_POINT('Origin',(43.875,47.625,0.));
#4846=CARTESIAN_POINT('',(43.875,42.5372867597285,0.));
#4847=CARTESIAN_POINT('',(43.875,35.625,0.));
#4848=CARTESIAN_POINT('',(43.875,42.5372867597285,3.));
#4849=CARTESIAN_POINT('',(43.875,42.5372867597285,0.));
#4850=CARTESIAN_POINT('',(43.875,45.7127132402715,3.));
#4851=CARTESIAN_POINT('Origin',(-1.875,-0.374999999999996,3.));
#4852=CARTESIAN_POINT('',(2.125,-0.374999999999996,3.));
#4853=CARTESIAN_POINT('',(31.125,-0.374999999999996,7.00000010430813));
#4854=CARTESIAN_POINT('Origin',(34.125,-0.374999999999996,7.00000010430813));
#4855=CARTESIAN_POINT('Origin',(34.125,-0.374999999999996,7.00000010430813));
#4856=CARTESIAN_POINT('',(7.125,-0.374999999999996,7.00000010430813));
#4857=CARTESIAN_POINT('Origin',(10.125,-0.374999999999996,7.00000010430813));
#4858=CARTESIAN_POINT('Origin',(10.125,-0.374999999999996,7.00000010430813));
#4859=CARTESIAN_POINT('Origin',(2.125,3.625,3.));
#4860=CARTESIAN_POINT('',(-1.875,3.625,3.));
#4861=CARTESIAN_POINT('Origin',(39.625,11.625,7.00000010430813));
#4862=CARTESIAN_POINT('',(44.625,14.125,7.00000010430813));
#4863=CARTESIAN_POINT('Origin',(44.625,11.625,7.00000010430813));
#4864=CARTESIAN_POINT('',(39.625,14.125,7.00000010430813));
#4865=CARTESIAN_POINT('',(39.625,14.125,7.00000010430813));
#4866=CARTESIAN_POINT('Origin',(39.625,11.625,7.00000010430813));
#4867=CARTESIAN_POINT('Origin',(39.625,11.625,7.00000010430813));
#4868=CARTESIAN_POINT('',(39.625,14.625,7.00000010430813));
#4869=CARTESIAN_POINT('Origin',(39.625,11.625,7.00000010430813));
#4870=CARTESIAN_POINT('Origin',(44.625,11.625,7.00000010430813));
#4871=CARTESIAN_POINT('',(44.625,14.625,7.00000010430813));
#4872=CARTESIAN_POINT('Origin',(44.625,11.625,7.00000010430813));
#4873=CARTESIAN_POINT('Origin',(-1.875,11.625,7.00000010430813));
#4874=CARTESIAN_POINT('',(-1.875,14.625,7.00000010430813));
#4875=CARTESIAN_POINT('Origin',(39.625,27.625,7.00000010430813));
#4876=CARTESIAN_POINT('',(44.625,30.125,7.00000010430813));
#4877=CARTESIAN_POINT('Origin',(44.625,27.625,7.00000010430813));
#4878=CARTESIAN_POINT('',(39.625,30.125,7.00000010430813));
#4879=CARTESIAN_POINT('',(39.625,30.125,7.00000010430813));
#4880=CARTESIAN_POINT('Origin',(39.625,27.625,7.00000010430813));
#4881=CARTESIAN_POINT('Origin',(39.625,27.625,7.00000010430813));
#4882=CARTESIAN_POINT('',(39.625,30.625,7.00000010430813));
#4883=CARTESIAN_POINT('Origin',(39.625,27.625,7.00000010430813));
#4884=CARTESIAN_POINT('Origin',(44.625,27.625,7.00000010430813));
#4885=CARTESIAN_POINT('',(44.625,30.625,7.00000010430813));
#4886=CARTESIAN_POINT('Origin',(44.625,27.625,7.00000010430813));
#4887=CARTESIAN_POINT('Origin',(-1.875,27.625,7.00000010430813));
#4888=CARTESIAN_POINT('',(-1.875,30.625,7.00000010430813));
#4889=CARTESIAN_POINT('Origin',(39.625,35.625,7.00000010430813));
#4890=CARTESIAN_POINT('',(44.625,38.125,7.00000010430813));
#4891=CARTESIAN_POINT('Origin',(44.625,35.625,7.00000010430813));
#4892=CARTESIAN_POINT('',(39.625,38.125,7.00000010430813));
#4893=CARTESIAN_POINT('',(39.625,38.125,7.00000010430813));
#4894=CARTESIAN_POINT('Origin',(39.625,35.625,7.00000010430813));
#4895=CARTESIAN_POINT('Origin',(39.625,35.625,7.00000010430813));
#4896=CARTESIAN_POINT('',(39.625,38.625,7.00000010430813));
#4897=CARTESIAN_POINT('Origin',(39.625,35.625,7.00000010430813));
#4898=CARTESIAN_POINT('Origin',(44.625,35.625,7.00000010430813));
#4899=CARTESIAN_POINT('',(44.625,38.625,7.00000010430813));
#4900=CARTESIAN_POINT('Origin',(44.625,35.625,7.00000010430813));
#4901=CARTESIAN_POINT('Origin',(-1.875,35.625,7.00000010430813));
#4902=CARTESIAN_POINT('',(-1.875,38.625,7.00000010430813));
#4903=CARTESIAN_POINT('Origin',(-0.375,11.625,7.00000010430813));
#4904=CARTESIAN_POINT('',(4.625,14.125,7.00000010430813));
#4905=CARTESIAN_POINT('Origin',(4.625,11.625,7.00000010430813));
#4906=CARTESIAN_POINT('',(-0.375,14.125,7.00000010430813));
#4907=CARTESIAN_POINT('',(-0.375,14.125,7.00000010430813));
#4908=CARTESIAN_POINT('Origin',(-0.375,11.625,7.00000010430813));
#4909=CARTESIAN_POINT('Origin',(-0.375,11.625,7.00000010430813));
#4910=CARTESIAN_POINT('',(-0.375,14.625,7.00000010430813));
#4911=CARTESIAN_POINT('Origin',(-0.375,11.625,7.00000010430813));
#4912=CARTESIAN_POINT('Origin',(4.625,11.625,7.00000010430813));
#4913=CARTESIAN_POINT('',(4.625,14.625,7.00000010430813));
#4914=CARTESIAN_POINT('Origin',(4.625,11.625,7.00000010430813));
#4915=CARTESIAN_POINT('Origin',(-1.875,11.625,7.00000010430813));
#4916=CARTESIAN_POINT('',(6.125,14.625,7.00000010430813));
#4917=CARTESIAN_POINT('',(-1.875,14.625,7.00000010430813));
#4918=CARTESIAN_POINT('Origin',(6.125,11.625,7.00000010430813));
#4919=CARTESIAN_POINT('Origin',(6.125,11.625,7.00000010430813));
#4920=CARTESIAN_POINT('Origin',(-0.375,27.625,7.00000010430813));
#4921=CARTESIAN_POINT('',(4.625,30.125,7.00000010430813));
#4922=CARTESIAN_POINT('Origin',(4.625,27.625,7.00000010430813));
#4923=CARTESIAN_POINT('',(-0.375,30.125,7.00000010430813));
#4924=CARTESIAN_POINT('',(-0.375,30.125,7.00000010430813));
#4925=CARTESIAN_POINT('Origin',(-0.375,27.625,7.00000010430813));
#4926=CARTESIAN_POINT('Origin',(-0.375,27.625,7.00000010430813));
#4927=CARTESIAN_POINT('',(-0.375,30.625,7.00000010430813));
#4928=CARTESIAN_POINT('Origin',(-0.375,27.625,7.00000010430813));
#4929=CARTESIAN_POINT('Origin',(4.625,27.625,7.00000010430813));
#4930=CARTESIAN_POINT('',(4.625,30.625,7.00000010430813));
#4931=CARTESIAN_POINT('Origin',(4.625,27.625,7.00000010430813));
#4932=CARTESIAN_POINT('Origin',(-1.875,27.625,7.00000010430813));
#4933=CARTESIAN_POINT('',(6.125,30.625,7.00000010430813));
#4934=CARTESIAN_POINT('',(-1.875,30.625,7.00000010430813));
#4935=CARTESIAN_POINT('Origin',(6.125,27.625,7.00000010430813));
#4936=CARTESIAN_POINT('Origin',(6.125,27.625,7.00000010430813));
#4937=CARTESIAN_POINT('Origin',(-0.375,35.625,7.00000010430813));
#4938=CARTESIAN_POINT('',(4.625,38.125,7.00000010430813));
#4939=CARTESIAN_POINT('Origin',(4.625,35.625,7.00000010430813));
#4940=CARTESIAN_POINT('',(-0.375,38.125,7.00000010430813));
#4941=CARTESIAN_POINT('',(-0.375,38.125,7.00000010430813));
#4942=CARTESIAN_POINT('Origin',(-0.375,35.625,7.00000010430813));
#4943=CARTESIAN_POINT('Origin',(-0.375,35.625,7.00000010430813));
#4944=CARTESIAN_POINT('',(-0.375,38.625,7.00000010430813));
#4945=CARTESIAN_POINT('Origin',(-0.375,35.625,7.00000010430813));
#4946=CARTESIAN_POINT('Origin',(4.625,35.625,7.00000010430813));
#4947=CARTESIAN_POINT('',(4.625,38.625,7.00000010430813));
#4948=CARTESIAN_POINT('Origin',(4.625,35.625,7.00000010430813));
#4949=CARTESIAN_POINT('Origin',(-1.875,35.625,7.00000010430813));
#4950=CARTESIAN_POINT('',(6.125,38.625,7.00000010430813));
#4951=CARTESIAN_POINT('',(-1.875,38.625,7.00000010430813));
#4952=CARTESIAN_POINT('Origin',(6.125,35.625,7.00000010430813));
#4953=CARTESIAN_POINT('Origin',(6.125,35.625,7.00000010430813));
#4954=CARTESIAN_POINT('Origin',(-1.875,35.625,7.00000010430813));
#4955=CARTESIAN_POINT('',(-1.875,38.625,7.00000010430813));
#4956=CARTESIAN_POINT('Origin',(-1.875,35.625,7.00000010430813));
#4957=CARTESIAN_POINT('Origin',(-1.875,35.625,7.00000010430813));
#4958=CARTESIAN_POINT('',(-1.875,38.625,7.00000010430813));
#4959=CARTESIAN_POINT('Origin',(-1.875,35.625,7.00000010430813));
#4960=CARTESIAN_POINT('',(-1.875,38.625,7.00000010430813));
#4961=CARTESIAN_POINT('Origin',(-1.875,27.625,7.00000010430813));
#4962=CARTESIAN_POINT('',(-1.875,30.625,7.00000010430813));
#4963=CARTESIAN_POINT('Origin',(-1.875,27.625,7.00000010430813));
#4964=CARTESIAN_POINT('Origin',(-1.875,27.625,7.00000010430813));
#4965=CARTESIAN_POINT('',(-1.875,30.625,7.00000010430813));
#4966=CARTESIAN_POINT('Origin',(-1.875,27.625,7.00000010430813));
#4967=CARTESIAN_POINT('',(-1.875,30.625,7.00000010430813));
#4968=CARTESIAN_POINT('Origin',(-1.875,11.625,7.00000010430813));
#4969=CARTESIAN_POINT('',(-1.875,14.625,7.00000010430813));
#4970=CARTESIAN_POINT('Origin',(-1.875,11.625,7.00000010430813));
#4971=CARTESIAN_POINT('Origin',(-1.875,11.625,7.00000010430813));
#4972=CARTESIAN_POINT('',(-1.875,14.625,7.00000010430813));
#4973=CARTESIAN_POINT('Origin',(-1.875,11.625,7.00000010430813));
#4974=CARTESIAN_POINT('',(-1.875,14.625,7.00000010430813));
#4975=CARTESIAN_POINT('Origin',(34.125,41.125,7.00000010430813));
#4976=CARTESIAN_POINT('',(31.625,46.125,7.00000010430813));
#4977=CARTESIAN_POINT('Origin',(34.125,46.125,7.00000010430813));
#4978=CARTESIAN_POINT('',(31.625,41.125,7.00000010430813));
#4979=CARTESIAN_POINT('',(31.625,41.125,7.00000010430813));
#4980=CARTESIAN_POINT('Origin',(34.125,41.125,7.00000010430813));
#4981=CARTESIAN_POINT('Origin',(34.125,41.125,7.00000010430813));
#4982=CARTESIAN_POINT('',(31.125,41.125,7.00000010430813));
#4983=CARTESIAN_POINT('Origin',(34.125,41.125,7.00000010430813));
#4984=CARTESIAN_POINT('Origin',(34.125,46.125,7.00000010430813));
#4985=CARTESIAN_POINT('',(31.125,46.125,7.00000010430813));
#4986=CARTESIAN_POINT('Origin',(34.125,46.125,7.00000010430813));
#4987=CARTESIAN_POINT('Origin',(34.125,-0.374999999999996,7.00000010430813));
#4988=CARTESIAN_POINT('',(31.125,-0.374999999999996,7.00000010430813));
#4989=CARTESIAN_POINT('Origin',(10.125,41.125,7.00000010430813));
#4990=CARTESIAN_POINT('',(7.625,46.125,7.00000010430813));
#4991=CARTESIAN_POINT('Origin',(10.125,46.125,7.00000010430813));
#4992=CARTESIAN_POINT('',(7.625,41.125,7.00000010430813));
#4993=CARTESIAN_POINT('',(7.625,41.125,7.00000010430813));
#4994=CARTESIAN_POINT('Origin',(10.125,41.125,7.00000010430813));
#4995=CARTESIAN_POINT('Origin',(10.125,41.125,7.00000010430813));
#4996=CARTESIAN_POINT('',(7.125,41.125,7.00000010430813));
#4997=CARTESIAN_POINT('Origin',(10.125,41.125,7.00000010430813));
#4998=CARTESIAN_POINT('Origin',(10.125,46.125,7.00000010430813));
#4999=CARTESIAN_POINT('',(7.125,46.125,7.00000010430813));
#5000=CARTESIAN_POINT('Origin',(10.125,46.125,7.00000010430813));
#5001=CARTESIAN_POINT('Origin',(10.125,-0.374999999999996,7.00000010430813));
#5002=CARTESIAN_POINT('',(7.125,-0.374999999999996,7.00000010430813));
#5003=CARTESIAN_POINT('Origin',(34.125,1.125,7.00000010430813));
#5004=CARTESIAN_POINT('',(31.625,6.125,7.00000010430813));
#5005=CARTESIAN_POINT('Origin',(34.125,6.125,7.00000010430813));
#5006=CARTESIAN_POINT('',(31.625,1.125,7.00000010430813));
#5007=CARTESIAN_POINT('',(31.625,1.125,7.00000010430813));
#5008=CARTESIAN_POINT('Origin',(34.125,1.125,7.00000010430813));
#5009=CARTESIAN_POINT('Origin',(34.125,1.125,7.00000010430813));
#5010=CARTESIAN_POINT('',(31.125,1.125,7.00000010430813));
#5011=CARTESIAN_POINT('Origin',(34.125,1.125,7.00000010430813));
#5012=CARTESIAN_POINT('Origin',(34.125,6.125,7.00000010430813));
#5013=CARTESIAN_POINT('',(31.125,6.125,7.00000010430813));
#5014=CARTESIAN_POINT('Origin',(34.125,6.125,7.00000010430813));
#5015=CARTESIAN_POINT('Origin',(34.125,-0.374999999999996,7.00000010430813));
#5016=CARTESIAN_POINT('',(31.125,7.625,7.00000010430813));
#5017=CARTESIAN_POINT('',(31.125,-0.374999999999996,7.00000010430813));
#5018=CARTESIAN_POINT('Origin',(34.125,7.625,7.00000010430813));
#5019=CARTESIAN_POINT('Origin',(34.125,7.625,7.00000010430813));
#5020=CARTESIAN_POINT('Origin',(10.125,1.125,7.00000010430813));
#5021=CARTESIAN_POINT('',(7.625,6.125,7.00000010430813));
#5022=CARTESIAN_POINT('Origin',(10.125,6.125,7.00000010430813));
#5023=CARTESIAN_POINT('',(7.625,1.125,7.00000010430813));
#5024=CARTESIAN_POINT('',(7.625,1.125,7.00000010430813));
#5025=CARTESIAN_POINT('Origin',(10.125,1.125,7.00000010430813));
#5026=CARTESIAN_POINT('Origin',(10.125,1.125,7.00000010430813));
#5027=CARTESIAN_POINT('',(7.125,1.125,7.00000010430813));
#5028=CARTESIAN_POINT('Origin',(10.125,1.125,7.00000010430813));
#5029=CARTESIAN_POINT('Origin',(10.125,6.125,7.00000010430813));
#5030=CARTESIAN_POINT('',(7.125,6.125,7.00000010430813));
#5031=CARTESIAN_POINT('Origin',(10.125,6.125,7.00000010430813));
#5032=CARTESIAN_POINT('Origin',(10.125,-0.374999999999996,7.00000010430813));
#5033=CARTESIAN_POINT('',(7.125,7.625,7.00000010430813));
#5034=CARTESIAN_POINT('',(7.125,-0.374999999999996,7.00000010430813));
#5035=CARTESIAN_POINT('Origin',(10.125,7.625,7.00000010430813));
#5036=CARTESIAN_POINT('Origin',(10.125,7.625,7.00000010430813));
#5037=CARTESIAN_POINT('Origin',(10.125,-0.374999999999996,7.00000010430813));
#5038=CARTESIAN_POINT('',(7.125,39.625,7.00000010430813));
#5039=CARTESIAN_POINT('Origin',(10.125,39.625,7.00000010430813));
#5040=CARTESIAN_POINT('Origin',(10.125,39.625,7.00000010430813));
#5041=CARTESIAN_POINT('',(7.125,-0.374999999999996,7.00000010430813));
#5042=CARTESIAN_POINT('Origin',(10.125,-0.374999999999996,7.00000010430813));
#5043=CARTESIAN_POINT('',(7.125,-0.374999999999996,7.00000010430813));
#5044=CARTESIAN_POINT('Origin',(34.125,-0.374999999999996,7.00000010430813));
#5045=CARTESIAN_POINT('',(31.125,39.625,7.00000010430813));
#5046=CARTESIAN_POINT('Origin',(34.125,39.625,7.00000010430813));
#5047=CARTESIAN_POINT('Origin',(34.125,39.625,7.00000010430813));
#5048=CARTESIAN_POINT('',(31.125,-0.374999999999996,7.00000010430813));
#5049=CARTESIAN_POINT('Origin',(34.125,-0.374999999999996,7.00000010430813));
#5050=CARTESIAN_POINT('',(31.125,-0.374999999999996,7.00000010430813));
#5051=CARTESIAN_POINT('Origin',(22.125,23.625,3.));
#5052=CARTESIAN_POINT('',(15.125,43.625,3.));
#5053=CARTESIAN_POINT('Origin',(18.125,43.625,3.));
#5054=CARTESIAN_POINT('Origin',(22.125,23.625,3.));
#5055=CARTESIAN_POINT('',(23.125,43.625,3.));
#5056=CARTESIAN_POINT('Origin',(26.125,43.625,3.));
#5057=CARTESIAN_POINT('Origin',(22.125,23.625,3.));
#5058=CARTESIAN_POINT('',(28.9060744326609,2.5,3.));
#5059=CARTESIAN_POINT('',(23.3439255673391,2.5,3.));
#5060=CARTESIAN_POINT('Origin',(26.125,3.62500000000001,3.));
#5061=CARTESIAN_POINT('',(6.,2.5,3.));
#5062=CARTESIAN_POINT('Origin',(22.125,23.625,3.));
#5063=CARTESIAN_POINT('',(44.1401619247446,5.8474136467048,3.));
#5064=CARTESIAN_POINT('',(39.1354348142247,3.37499999999999,3.));
#5065=CARTESIAN_POINT('Origin',(42.125,3.62500000000001,3.));
#5066=CARTESIAN_POINT('',(42.7127132402715,3.375,3.));
#5067=CARTESIAN_POINT('',(44.3004264805429,6.125,3.));
#5068=CARTESIAN_POINT('',(36.25,3.375,3.));
#5069=CARTESIAN_POINT('Origin',(22.125,23.625,3.));
#5070=CARTESIAN_POINT('',(36.25,14.,3.));
#5071=CARTESIAN_POINT('',(36.25,14.,3.));
#5072=CARTESIAN_POINT('',(36.25,8.875,3.));
#5073=CARTESIAN_POINT('',(36.25,8.875,3.));
#5074=CARTESIAN_POINT('',(39.5372867597285,8.875,3.));
#5075=CARTESIAN_POINT('Origin',(22.125,23.625,3.));
#5076=CARTESIAN_POINT('',(41.75,22.6014702249477,3.));
#5077=CARTESIAN_POINT('',(41.75,16.6485297750523,3.));
#5078=CARTESIAN_POINT('Origin',(42.125,19.625,3.));
#5079=CARTESIAN_POINT('',(41.75,14.,3.));
#5080=CARTESIAN_POINT('Origin',(22.125,23.625,3.));
#5081=CARTESIAN_POINT('',(6.125,35.25,3.));
#5082=CARTESIAN_POINT('',(6.125,39.625,3.));
#5083=CARTESIAN_POINT('',(6.125,39.625,3.));
#5084=CARTESIAN_POINT('',(41.75,35.25,3.));
#5085=CARTESIAN_POINT('',(38.125,39.625,3.));
#5086=CARTESIAN_POINT('Origin',(22.125,23.625,3.));
#5087=CARTESIAN_POINT('',(2.5,16.6485297750523,3.));
#5088=CARTESIAN_POINT('',(-0.874999999999997,19.625,3.));
#5089=CARTESIAN_POINT('Origin',(2.125,19.625,3.));
#5090=CARTESIAN_POINT('',(2.5,22.6014702249477,3.));
#5091=CARTESIAN_POINT('',(2.5,35.25,3.));
#5092=CARTESIAN_POINT('Origin',(2.125,19.625,3.));
#5093=CARTESIAN_POINT('Origin',(22.125,23.625,3.));
#5094=CARTESIAN_POINT('',(5.11456518577535,3.375,3.));
#5095=CARTESIAN_POINT('',(-0.874999999999997,3.62500000000001,3.));
#5096=CARTESIAN_POINT('Origin',(2.125,3.62500000000001,3.));
#5097=CARTESIAN_POINT('',(1.53728675972853,3.375,3.));
#5098=CARTESIAN_POINT('',(1.53728675972853,3.375,3.));
#5099=CARTESIAN_POINT('',(0.10983807525541,5.84741364670479,3.));
#5100=CARTESIAN_POINT('',(-0.0504264805429427,6.125,3.));
#5101=CARTESIAN_POINT('Origin',(2.125,3.62500000000001,3.));
#5102=CARTESIAN_POINT('Origin',(22.125,23.625,3.));
#5103=CARTESIAN_POINT('',(20.9060744326609,2.5,3.));
#5104=CARTESIAN_POINT('',(15.3439255673391,2.5,3.));
#5105=CARTESIAN_POINT('Origin',(18.125,3.62500000000001,3.));
#5106=CARTESIAN_POINT('',(6.,2.5,3.));
#5107=CARTESIAN_POINT('Origin',(22.125,23.625,3.));
#5108=CARTESIAN_POINT('',(4.42704662550497,41.7013104891898,3.));
#5109=CARTESIAN_POINT('',(-0.874999999999997,43.625,3.));
#5110=CARTESIAN_POINT('Origin',(2.125,43.625,3.));
#5111=CARTESIAN_POINT('',(3.125,40.9495735194571,3.));
#5112=CARTESIAN_POINT('',(3.125,40.9495735194571,3.));
#5113=CARTESIAN_POINT('',(0.375,42.5372867597285,3.));
#5114=CARTESIAN_POINT('Origin',(2.125,43.625,3.));
#5115=CARTESIAN_POINT('Origin',(1.53728675972853,8.87499999999999,0.));
#5116=CARTESIAN_POINT('',(6.,8.875,0.));
#5117=CARTESIAN_POINT('',(1.53728675972853,8.875,0.));
#5118=CARTESIAN_POINT('',(11.8311433798643,8.87500000000001,0.));
#5119=CARTESIAN_POINT('',(6.,8.875,3.));
#5120=CARTESIAN_POINT('',(6.,8.875,0.));
#5121=CARTESIAN_POINT('',(1.53728675972853,8.875,3.));
#5122=CARTESIAN_POINT('',(11.8311433798643,8.87500000000001,3.));
#5123=CARTESIAN_POINT('',(1.53728675972853,8.875,0.));
#5124=CARTESIAN_POINT('Origin',(-0.050426480542943,6.125,0.));
#5125=CARTESIAN_POINT('',(-0.0504264805429427,6.125,0.));
#5126=CARTESIAN_POINT('',(6.51036297108185,17.4886206679761,0.));
#5127=CARTESIAN_POINT('',(-0.0504264805429422,6.125,3.));
#5128=CARTESIAN_POINT('',(6.51036297108185,17.4886206679761,3.));
#5129=CARTESIAN_POINT('',(-0.0504264805429427,6.125,0.));
#5130=CARTESIAN_POINT('Origin',(1.53728675972853,3.375,0.));
#5131=CARTESIAN_POINT('',(1.53728675972853,3.375,0.));
#5132=CARTESIAN_POINT('',(-0.273502691896259,6.51137933202392,0.));
#5133=CARTESIAN_POINT('',(-0.273502691896259,6.51137933202392,3.));
#5134=CARTESIAN_POINT('',(1.53728675972853,3.375,0.));
#5135=CARTESIAN_POINT('Origin',(6.,3.375,0.));
#5136=CARTESIAN_POINT('',(6.,3.37499999999999,0.));
#5137=CARTESIAN_POINT('',(14.0625,3.37499999999999,0.));
#5138=CARTESIAN_POINT('',(6.,3.37499999999999,3.));
#5139=CARTESIAN_POINT('',(14.0625,3.37499999999999,3.));
#5140=CARTESIAN_POINT('',(6.,3.37499999999999,0.));
#5141=CARTESIAN_POINT('Origin',(42.7127132402715,3.37499999999999,0.));
#5142=CARTESIAN_POINT('',(36.25,3.375,0.));
#5143=CARTESIAN_POINT('',(42.7127132402715,3.375,0.));
#5144=CARTESIAN_POINT('',(32.4188566201357,3.375,0.));
#5145=CARTESIAN_POINT('',(36.25,3.37499999999999,3.));
#5146=CARTESIAN_POINT('',(36.25,3.375,0.));
#5147=CARTESIAN_POINT('',(32.4188566201357,3.375,3.));
#5148=CARTESIAN_POINT('',(42.7127132402715,3.375,0.));
#5149=CARTESIAN_POINT('Origin',(44.3004264805429,6.125,0.));
#5150=CARTESIAN_POINT('',(44.3004264805429,6.125,0.));
#5151=CARTESIAN_POINT('',(45.317359312032,7.88637933202392,0.));
#5152=CARTESIAN_POINT('',(44.3004264805429,6.125,3.));
#5153=CARTESIAN_POINT('',(45.317359312032,7.88637933202392,3.));
#5154=CARTESIAN_POINT('',(44.3004264805429,6.125,0.));
#5155=CARTESIAN_POINT('Origin',(42.7127132402715,8.875,0.));
#5156=CARTESIAN_POINT('',(42.7127132402715,8.875,0.));
#5157=CARTESIAN_POINT('',(36.9457804087824,18.8636206679761,0.));
#5158=CARTESIAN_POINT('',(42.7127132402715,8.875,3.));
#5159=CARTESIAN_POINT('',(36.9457804087824,18.8636206679761,3.));
#5160=CARTESIAN_POINT('',(42.7127132402715,8.875,0.));
#5161=CARTESIAN_POINT('Origin',(36.25,8.875,0.));
#5162=CARTESIAN_POINT('',(36.25,8.875,0.));
#5163=CARTESIAN_POINT('',(29.1875,8.875,0.));
#5164=CARTESIAN_POINT('',(29.1875,8.875,3.));
#5165=CARTESIAN_POINT('',(36.25,8.875,0.));
#5166=CARTESIAN_POINT('Origin',(38.375,42.5372867597285,0.));
#5167=CARTESIAN_POINT('',(38.375,42.5372867597285,0.));
#5168=CARTESIAN_POINT('',(38.375,33.0811433798643,0.));
#5169=CARTESIAN_POINT('',(38.375,42.5372867597285,0.));
#5170=CARTESIAN_POINT('Origin',(41.125,40.9495735194571,0.));
#5171=CARTESIAN_POINT('',(41.125,40.9495735194571,0.));
#5172=CARTESIAN_POINT('',(37.7508801943953,42.897622497501,0.));
#5173=CARTESIAN_POINT('',(41.125,40.9495735194571,3.));
#5174=CARTESIAN_POINT('',(38.375,42.5372867597285,3.));
#5175=CARTESIAN_POINT('',(41.125,40.9495735194571,0.));
#5176=CARTESIAN_POINT('Origin',(43.875,42.5372867597285,0.));
#5177=CARTESIAN_POINT('',(31.6241198056048,35.4642377816846,0.));
#5178=CARTESIAN_POINT('',(41.125,40.9495735194571,3.));
#5179=CARTESIAN_POINT('Origin',(3.125,40.9495735194571,0.));
#5180=CARTESIAN_POINT('',(3.125,40.9495735194571,0.));
#5181=CARTESIAN_POINT('Origin',(5.875,42.5372867597285,0.));
#5182=CARTESIAN_POINT('',(5.875,42.5372867597285,3.));
#5183=CARTESIAN_POINT('',(7.87411980560475,43.6914791176368,3.));
#5184=CARTESIAN_POINT('',(5.875,42.5372867597285,0.));
#5185=CARTESIAN_POINT('Origin',(5.875,47.625,0.));
#5186=CARTESIAN_POINT('',(5.87500000000001,35.625,3.));
#5187=CARTESIAN_POINT('Origin',(22.125,23.625,3.));
#5188=CARTESIAN_POINT('Origin',(42.125,43.625,3.));
#5189=CARTESIAN_POINT('Origin',(22.125,23.625,0.));
#5190=CARTESIAN_POINT('',(39.625,44.125,0.));
#5191=CARTESIAN_POINT('Origin',(41.125,44.125,0.));
#5192=CARTESIAN_POINT('Origin',(22.125,23.625,0.));
#5193=CARTESIAN_POINT('',(36.25,2.5,0.));
#5194=CARTESIAN_POINT('',(39.625,6.125,0.));
#5195=CARTESIAN_POINT('Origin',(41.125,6.125,0.));
#5196=CARTESIAN_POINT('Origin',(6.,14.,0.));
#5197=CARTESIAN_POINT('',(6.,2.5,3.));
#5198=CARTESIAN_POINT('',(6.,2.5,0.));
#5199=CARTESIAN_POINT('',(6.,14.,3.));
#5200=CARTESIAN_POINT('',(6.,14.,0.));
#5201=CARTESIAN_POINT('',(6.,18.8125,3.));
#5202=CARTESIAN_POINT('',(6.,8.875,0.));
#5203=CARTESIAN_POINT('',(6.,18.8125,3.));
#5204=CARTESIAN_POINT('Origin',(2.5,14.,0.));
#5205=CARTESIAN_POINT('',(2.5,14.,3.));
#5206=CARTESIAN_POINT('',(2.5,14.,0.));
#5207=CARTESIAN_POINT('',(12.3125,14.,3.));
#5208=CARTESIAN_POINT('Origin',(2.5,35.25,0.));
#5209=CARTESIAN_POINT('',(2.5,35.25,3.));
#5210=CARTESIAN_POINT('',(2.5,35.25,0.));
#5211=CARTESIAN_POINT('',(2.5,29.4375,3.));
#5212=CARTESIAN_POINT('',(2.5,29.4375,3.));
#5213=CARTESIAN_POINT('Origin',(41.75,35.25,0.));
#5214=CARTESIAN_POINT('',(41.75,35.25,3.));
#5215=CARTESIAN_POINT('',(41.75,35.25,0.));
#5216=CARTESIAN_POINT('',(31.9375,35.25,3.));
#5217=CARTESIAN_POINT('',(31.9375,35.25,3.));
#5218=CARTESIAN_POINT('Origin',(41.75,14.,0.));
#5219=CARTESIAN_POINT('',(41.75,14.,3.));
#5220=CARTESIAN_POINT('',(41.75,14.,0.));
#5221=CARTESIAN_POINT('',(41.75,18.8125,3.));
#5222=CARTESIAN_POINT('',(41.75,18.8125,3.));
#5223=CARTESIAN_POINT('Origin',(36.25,14.,0.));
#5224=CARTESIAN_POINT('',(36.25,14.,0.));
#5225=CARTESIAN_POINT('',(29.1875,14.,3.));
#5226=CARTESIAN_POINT('Origin',(36.25,2.5,0.));
#5227=CARTESIAN_POINT('',(36.25,2.5,3.));
#5228=CARTESIAN_POINT('',(36.25,2.5,0.));
#5229=CARTESIAN_POINT('',(36.25,13.0625,3.));
#5230=CARTESIAN_POINT('Origin',(6.,2.5,0.));
#5231=CARTESIAN_POINT('',(14.0625,2.5,3.));
#5232=CARTESIAN_POINT('',(14.0625,2.5,3.));
#5233=CARTESIAN_POINT('',(14.0625,2.5,3.));
#5234=CARTESIAN_POINT('Origin',(41.125,6.125,0.));
#5235=CARTESIAN_POINT('',(39.625,6.125,0.));
#5236=CARTESIAN_POINT('Origin',(41.125,44.125,0.));
#5237=CARTESIAN_POINT('',(39.625,44.125,0.));
#5238=CARTESIAN_POINT('Origin',(3.125,44.125,0.));
#5239=CARTESIAN_POINT('',(1.625,44.125,0.));
#5240=CARTESIAN_POINT('Origin',(3.125,6.125,0.));
#5241=CARTESIAN_POINT('',(1.625,6.125,0.));
#5242=CARTESIAN_POINT('',(1.625,6.125,0.));
#5243=CARTESIAN_POINT('Origin',(3.125,6.125,0.));
#5244=CARTESIAN_POINT('Origin',(22.125,23.625,0.));
#5245=CARTESIAN_POINT('Origin',(22.125,23.625,3.));
#5246=CARTESIAN_POINT('',(39.125,19.625,3.));
#5247=CARTESIAN_POINT('Origin',(42.125,19.625,3.));
#5248=CARTESIAN_POINT('Origin',(42.125,19.625,3.));
#5249=CARTESIAN_POINT('Origin',(22.125,23.625,3.));
#5250=CARTESIAN_POINT('Origin',(2.125,3.62500000000001,3.));
#5251=CARTESIAN_POINT('Origin',(2.125,19.625,3.));
#5252=CARTESIAN_POINT('',(6.125,7.625,3.));
#5253=CARTESIAN_POINT('',(6.125,39.625,3.));
#5254=CARTESIAN_POINT('',(6.125,7.625,3.));
#5255=CARTESIAN_POINT('',(39.125,3.62500000000001,3.));
#5256=CARTESIAN_POINT('Origin',(42.125,3.62500000000001,3.));
#5257=CARTESIAN_POINT('Origin',(42.125,3.62500000000001,3.));
#5258=CARTESIAN_POINT('',(23.125,3.62500000000001,3.));
#5259=CARTESIAN_POINT('Origin',(26.125,3.62500000000001,3.));
#5260=CARTESIAN_POINT('Origin',(26.125,3.62500000000001,3.));
#5261=CARTESIAN_POINT('',(15.125,3.62500000000001,3.));
#5262=CARTESIAN_POINT('Origin',(18.125,3.62500000000001,3.));
#5263=CARTESIAN_POINT('Origin',(18.125,3.62500000000001,3.));
#5264=CARTESIAN_POINT('Origin',(22.125,23.625,3.));
#5265=CARTESIAN_POINT('Origin',(2.125,43.625,3.));
#5266=CARTESIAN_POINT('Origin',(42.125,43.625,4.5));
#5267=CARTESIAN_POINT('',(39.625,43.625,9.5));
#5268=CARTESIAN_POINT('Origin',(42.125,43.625,9.5));
#5269=CARTESIAN_POINT('',(39.625,43.625,4.5));
#5270=CARTESIAN_POINT('',(39.625,43.625,4.5));
#5271=CARTESIAN_POINT('Origin',(42.125,43.625,4.5));
#5272=CARTESIAN_POINT('Origin',(42.125,43.625,9.5));
#5273=CARTESIAN_POINT('',(39.125,43.625,9.5));
#5274=CARTESIAN_POINT('Origin',(42.125,43.625,9.5));
#5275=CARTESIAN_POINT('Origin',(42.125,43.625,4.5));
#5276=CARTESIAN_POINT('',(39.125,43.625,4.5));
#5277=CARTESIAN_POINT('Origin',(42.125,43.625,4.5));
#5278=CARTESIAN_POINT('Origin',(42.125,43.625,3.));
#5279=CARTESIAN_POINT('',(39.125,43.625,3.));
#5280=CARTESIAN_POINT('Origin',(2.125,19.625,4.5));
#5281=CARTESIAN_POINT('',(-0.374999999999994,19.625,9.5));
#5282=CARTESIAN_POINT('Origin',(2.125,19.625,9.5));
#5283=CARTESIAN_POINT('',(-0.374999999999994,19.625,4.5));
#5284=CARTESIAN_POINT('',(-0.374999999999994,19.625,4.5));
#5285=CARTESIAN_POINT('Origin',(2.125,19.625,4.5));
#5286=CARTESIAN_POINT('Origin',(2.125,19.625,9.5));
#5287=CARTESIAN_POINT('',(-0.874999999999997,19.625,9.5));
#5288=CARTESIAN_POINT('Origin',(2.125,19.625,9.5));
#5289=CARTESIAN_POINT('Origin',(2.125,19.625,4.5));
#5290=CARTESIAN_POINT('',(-0.874999999999997,19.625,4.5));
#5291=CARTESIAN_POINT('Origin',(2.125,19.625,4.5));
#5292=CARTESIAN_POINT('Origin',(2.125,19.625,3.));
#5293=CARTESIAN_POINT('',(-0.874999999999997,19.625,3.));
#5294=CARTESIAN_POINT('Origin',(18.125,3.62500000000001,4.5));
#5295=CARTESIAN_POINT('',(15.625,3.62500000000001,9.5));
#5296=CARTESIAN_POINT('Origin',(18.125,3.62500000000001,9.5));
#5297=CARTESIAN_POINT('',(15.625,3.62500000000001,4.5));
#5298=CARTESIAN_POINT('',(15.625,3.62500000000001,4.5));
#5299=CARTESIAN_POINT('Origin',(18.125,3.62500000000001,4.5));
#5300=CARTESIAN_POINT('Origin',(18.125,3.62500000000001,9.5));
#5301=CARTESIAN_POINT('',(15.125,3.62500000000001,9.5));
#5302=CARTESIAN_POINT('Origin',(18.125,3.62500000000001,9.5));
#5303=CARTESIAN_POINT('Origin',(18.125,3.62500000000001,4.5));
#5304=CARTESIAN_POINT('',(15.125,3.62500000000001,4.5));
#5305=CARTESIAN_POINT('Origin',(18.125,3.62500000000001,4.5));
#5306=CARTESIAN_POINT('Origin',(18.125,3.62500000000001,3.));
#5307=CARTESIAN_POINT('',(15.125,3.62500000000001,3.));
#5308=CARTESIAN_POINT('Origin',(26.125,3.62500000000001,4.5));
#5309=CARTESIAN_POINT('',(23.625,3.62500000000001,9.5));
#5310=CARTESIAN_POINT('Origin',(26.125,3.62500000000001,9.5));
#5311=CARTESIAN_POINT('',(23.625,3.62500000000001,4.5));
#5312=CARTESIAN_POINT('',(23.625,3.62500000000001,4.5));
#5313=CARTESIAN_POINT('Origin',(26.125,3.62500000000001,4.5));
#5314=CARTESIAN_POINT('Origin',(26.125,3.62500000000001,9.5));
#5315=CARTESIAN_POINT('',(23.125,3.62500000000001,9.5));
#5316=CARTESIAN_POINT('Origin',(26.125,3.62500000000001,9.5));
#5317=CARTESIAN_POINT('Origin',(26.125,3.62500000000001,4.5));
#5318=CARTESIAN_POINT('',(23.125,3.62500000000001,4.5));
#5319=CARTESIAN_POINT('Origin',(26.125,3.62500000000001,4.5));
#5320=CARTESIAN_POINT('Origin',(26.125,3.62500000000001,3.));
#5321=CARTESIAN_POINT('',(23.125,3.62500000000001,3.));
#5322=CARTESIAN_POINT('Origin',(2.125,43.625,4.5));
#5323=CARTESIAN_POINT('',(-0.374999999999994,43.625,9.5));
#5324=CARTESIAN_POINT('Origin',(2.125,43.625,9.5));
#5325=CARTESIAN_POINT('',(-0.374999999999994,43.625,4.5));
#5326=CARTESIAN_POINT('',(-0.374999999999994,43.625,4.5));
#5327=CARTESIAN_POINT('Origin',(2.125,43.625,4.5));
#5328=CARTESIAN_POINT('Origin',(2.125,43.625,9.5));
#5329=CARTESIAN_POINT('',(-0.874999999999997,43.625,9.5));
#5330=CARTESIAN_POINT('Origin',(2.125,43.625,9.5));
#5331=CARTESIAN_POINT('Origin',(2.125,43.625,4.5));
#5332=CARTESIAN_POINT('',(-0.874999999999997,43.625,4.5));
#5333=CARTESIAN_POINT('Origin',(2.125,43.625,4.5));
#5334=CARTESIAN_POINT('Origin',(2.125,43.625,3.));
#5335=CARTESIAN_POINT('',(-0.874999999999997,43.625,3.));
#5336=CARTESIAN_POINT('Origin',(26.125,43.625,4.5));
#5337=CARTESIAN_POINT('',(23.625,43.625,9.5));
#5338=CARTESIAN_POINT('Origin',(26.125,43.625,9.5));
#5339=CARTESIAN_POINT('',(23.625,43.625,4.5));
#5340=CARTESIAN_POINT('',(23.625,43.625,4.5));
#5341=CARTESIAN_POINT('Origin',(26.125,43.625,4.5));
#5342=CARTESIAN_POINT('Origin',(26.125,43.625,9.5));
#5343=CARTESIAN_POINT('',(23.125,43.625,9.5));
#5344=CARTESIAN_POINT('Origin',(26.125,43.625,9.5));
#5345=CARTESIAN_POINT('Origin',(26.125,43.625,4.5));
#5346=CARTESIAN_POINT('',(23.125,43.625,4.5));
#5347=CARTESIAN_POINT('Origin',(26.125,43.625,4.5));
#5348=CARTESIAN_POINT('Origin',(26.125,43.625,3.));
#5349=CARTESIAN_POINT('',(23.125,43.625,3.));
#5350=CARTESIAN_POINT('Origin',(42.125,19.625,4.5));
#5351=CARTESIAN_POINT('',(39.625,19.625,9.5));
#5352=CARTESIAN_POINT('Origin',(42.125,19.625,9.5));
#5353=CARTESIAN_POINT('',(39.625,19.625,4.5));
#5354=CARTESIAN_POINT('',(39.625,19.625,4.5));
#5355=CARTESIAN_POINT('Origin',(42.125,19.625,4.5));
#5356=CARTESIAN_POINT('Origin',(42.125,19.625,9.5));
#5357=CARTESIAN_POINT('',(39.125,19.625,9.5));
#5358=CARTESIAN_POINT('Origin',(42.125,19.625,9.5));
#5359=CARTESIAN_POINT('Origin',(42.125,19.625,4.5));
#5360=CARTESIAN_POINT('',(39.125,19.625,4.5));
#5361=CARTESIAN_POINT('Origin',(42.125,19.625,4.5));
#5362=CARTESIAN_POINT('Origin',(42.125,19.625,3.));
#5363=CARTESIAN_POINT('',(39.125,19.625,3.));
#5364=CARTESIAN_POINT('Origin',(2.125,3.62500000000001,4.5));
#5365=CARTESIAN_POINT('',(-0.374999999999994,3.62500000000001,9.5));
#5366=CARTESIAN_POINT('Origin',(2.125,3.62500000000001,9.5));
#5367=CARTESIAN_POINT('',(-0.374999999999994,3.62500000000001,4.5));
#5368=CARTESIAN_POINT('',(-0.374999999999994,3.62500000000001,4.5));
#5369=CARTESIAN_POINT('Origin',(2.125,3.62500000000001,4.5));
#5370=CARTESIAN_POINT('Origin',(2.125,3.62500000000001,9.5));
#5371=CARTESIAN_POINT('',(-0.874999999999997,3.62500000000001,9.5));
#5372=CARTESIAN_POINT('Origin',(2.125,3.62500000000001,9.5));
#5373=CARTESIAN_POINT('Origin',(2.125,3.62500000000001,4.5));
#5374=CARTESIAN_POINT('',(-0.874999999999997,3.62500000000001,4.5));
#5375=CARTESIAN_POINT('Origin',(2.125,3.62500000000001,4.5));
#5376=CARTESIAN_POINT('Origin',(2.125,3.62500000000001,3.));
#5377=CARTESIAN_POINT('',(-0.874999999999997,3.62500000000001,3.));
#5378=CARTESIAN_POINT('Origin',(42.125,3.62500000000001,4.5));
#5379=CARTESIAN_POINT('',(39.625,3.62500000000001,9.5));
#5380=CARTESIAN_POINT('Origin',(42.125,3.62500000000001,9.5));
#5381=CARTESIAN_POINT('',(39.625,3.62500000000001,4.5));
#5382=CARTESIAN_POINT('',(39.625,3.62500000000001,4.5));
#5383=CARTESIAN_POINT('Origin',(42.125,3.62500000000001,4.5));
#5384=CARTESIAN_POINT('Origin',(42.125,3.62500000000001,9.5));
#5385=CARTESIAN_POINT('',(39.125,3.62500000000001,9.5));
#5386=CARTESIAN_POINT('Origin',(42.125,3.62500000000001,9.5));
#5387=CARTESIAN_POINT('Origin',(42.125,3.62500000000001,4.5));
#5388=CARTESIAN_POINT('',(39.125,3.62500000000001,4.5));
#5389=CARTESIAN_POINT('Origin',(42.125,3.62500000000001,4.5));
#5390=CARTESIAN_POINT('Origin',(42.125,3.62500000000001,3.));
#5391=CARTESIAN_POINT('',(39.125,3.62500000000001,3.));
#5392=CARTESIAN_POINT('Origin',(18.125,43.625,4.5));
#5393=CARTESIAN_POINT('',(15.625,43.625,9.5));
#5394=CARTESIAN_POINT('Origin',(18.125,43.625,9.5));
#5395=CARTESIAN_POINT('',(15.625,43.625,4.5));
#5396=CARTESIAN_POINT('',(15.625,43.625,4.5));
#5397=CARTESIAN_POINT('Origin',(18.125,43.625,4.5));
#5398=CARTESIAN_POINT('Origin',(18.125,43.625,9.5));
#5399=CARTESIAN_POINT('',(15.125,43.625,9.5));
#5400=CARTESIAN_POINT('Origin',(18.125,43.625,9.5));
#5401=CARTESIAN_POINT('Origin',(18.125,43.625,4.5));
#5402=CARTESIAN_POINT('',(15.125,43.625,4.5));
#5403=CARTESIAN_POINT('Origin',(18.125,43.625,4.5));
#5404=CARTESIAN_POINT('Origin',(18.125,43.625,3.));
#5405=CARTESIAN_POINT('',(15.125,43.625,3.));
#5406=CARTESIAN_POINT('Origin',(38.125,7.625,3.));
#5407=CARTESIAN_POINT('',(6.125,7.625,3.));
#5408=CARTESIAN_POINT('Origin',(6.125,39.625,3.));
#5409=CARTESIAN_POINT('',(6.125,39.625,3.));
#5410=CARTESIAN_POINT('Origin',(6.125,7.625,3.));
#5411=CARTESIAN_POINT('Origin',(42.125,43.625,3.));
#5412=CARTESIAN_POINT('',(39.125,43.625,3.));
#5413=CARTESIAN_POINT('Origin',(26.125,3.62500000000001,3.));
#5414=CARTESIAN_POINT('',(23.125,3.62500000000001,3.));
#5415=CARTESIAN_POINT('Origin',(42.125,19.625,3.));
#5416=CARTESIAN_POINT('',(39.125,19.625,3.));
#5417=CARTESIAN_POINT('Origin',(2.125,43.625,3.));
#5418=CARTESIAN_POINT('',(-0.874999999999997,43.625,3.));
#5419=CARTESIAN_POINT('Origin',(18.125,43.625,3.));
#5420=CARTESIAN_POINT('',(15.125,43.625,3.));
#5421=CARTESIAN_POINT('Origin',(26.125,43.625,3.));
#5422=CARTESIAN_POINT('',(23.125,43.625,3.));
#5423=CARTESIAN_POINT('Origin',(2.125,19.625,3.));
#5424=CARTESIAN_POINT('',(-0.874999999999997,19.625,3.));
#5425=CARTESIAN_POINT('Origin',(2.125,3.62500000000001,3.));
#5426=CARTESIAN_POINT('',(-0.874999999999997,3.62500000000001,3.));
#5427=CARTESIAN_POINT('Origin',(42.125,3.62500000000001,3.));
#5428=CARTESIAN_POINT('',(39.125,3.62500000000001,3.));
#5429=CARTESIAN_POINT('Origin',(18.125,3.62500000000001,3.));
#5430=CARTESIAN_POINT('',(15.125,3.62500000000001,3.));
#5431=CARTESIAN_POINT('Origin',(-1.875,47.625,3.));
#5432=UNCERTAINTY_MEASURE_WITH_UNIT(LENGTH_MEASURE(0.01),#5436,
'DISTANCE_ACCURACY_VALUE',
'Maximum model space distance between geometric entities at asserted c
onnectivities');
#5433=UNCERTAINTY_MEASURE_WITH_UNIT(LENGTH_MEASURE(0.01),#5436,
'DISTANCE_ACCURACY_VALUE',
'Maximum model space distance between geometric entities at asserted c
onnectivities');
#5434=(
GEOMETRIC_REPRESENTATION_CONTEXT(3)
GLOBAL_UNCERTAINTY_ASSIGNED_CONTEXT((#5432))
GLOBAL_UNIT_ASSIGNED_CONTEXT((#5436,#5438,#5439))
REPRESENTATION_CONTEXT('','3D')
);
#5435=(
GEOMETRIC_REPRESENTATION_CONTEXT(3)
GLOBAL_UNCERTAINTY_ASSIGNED_CONTEXT((#5433))
GLOBAL_UNIT_ASSIGNED_CONTEXT((#5436,#5438,#5439))
REPRESENTATION_CONTEXT('','3D')
);
#5436=(
LENGTH_UNIT()
NAMED_UNIT(*)
SI_UNIT(.MILLI.,.METRE.)
);
#5437=(
LENGTH_UNIT()
NAMED_UNIT(*)
SI_UNIT($,.METRE.)
);
#5438=(
NAMED_UNIT(*)
PLANE_ANGLE_UNIT()
SI_UNIT($,.RADIAN.)
);
#5439=(
NAMED_UNIT(*)
SI_UNIT($,.STERADIAN.)
SOLID_ANGLE_UNIT()
);
#5440=SHAPE_DEFINITION_REPRESENTATION(#5441,#5442);
#5441=PRODUCT_DEFINITION_SHAPE('',$,#5444);
#5442=SHAPE_REPRESENTATION('',(#3140),#5434);
#5443=PRODUCT_DEFINITION_CONTEXT('part definition',#5448,'design');
#5444=PRODUCT_DEFINITION('motor_DC_driver','motor_DC_driver v2',#5445,#5443);
#5445=PRODUCT_DEFINITION_FORMATION('',$,#5450);
#5446=PRODUCT_RELATED_PRODUCT_CATEGORY('motor_DC_driver v2',
'motor_DC_driver v2',(#5450));
#5447=APPLICATION_PROTOCOL_DEFINITION('international standard',
'automotive_design',2009,#5448);
#5448=APPLICATION_CONTEXT(
'Core Data for Automotive Mechanical Design Process');
#5449=PRODUCT_CONTEXT('part definition',#5448,'mechanical');
#5450=PRODUCT('motor_DC_driver','motor_DC_driver v2',$,(#5449));
#5451=PRESENTATION_STYLE_ASSIGNMENT((#5452));
#5452=SURFACE_STYLE_USAGE(.BOTH.,#5453);
#5453=SURFACE_SIDE_STYLE('',(#5454));
#5454=SURFACE_STYLE_FILL_AREA(#5455);
#5455=FILL_AREA_STYLE('Steel - Satin',(#5456));
#5456=FILL_AREA_STYLE_COLOUR('Steel - Satin',#5457);
#5457=COLOUR_RGB('Steel - Satin',0.627450980392157,0.627450980392157,0.627450980392157);
ENDSEC;
END-ISO-10303-21;
