ISO-10303-21;
HEADER;
/* Generated by software containing ST-Developer
 * from STEP Tools, Inc. (www.steptools.com) 
 */

FILE_DESCRIPTION(
/* description */ (''),
/* implementation_level */ '2;1');

FILE_NAME(
/* name */ 'motor_krok.step',
/* time_stamp */ '2024-11-18T08:32:21+01:00',
/* author */ (''),
/* organization */ (''),
/* preprocessor_version */ 'ST-DEVELOPER v20',
/* originating_system */ 'Autodesk Translation Framework v13.20.0.188',

/* authorisation */ '');

FILE_SCHEMA (('AUTOMOTIVE_DESIGN { 1 0 10303 214 3 1 1 }'));
ENDSEC;

DATA;
#10=MECHANICAL_DESIGN_GEOMETRIC_PRESENTATION_REPRESENTATION('',(#13),#5753);
#11=SHAPE_REPRESENTATION_RELATIONSHIP('SRR','None',#5760,#12);
#12=ADVANCED_BREP_SHAPE_REPRESENTATION('',(#14),#5752);
#13=STYLED_ITEM('',(#5769),#14);
#14=MANIFOLD_SOLID_BREP('Body1',#2881);
#15=SPHERICAL_SURFACE('',#2939,0.5);
#16=SPHERICAL_SURFACE('',#2951,0.5);
#17=SPHERICAL_SURFACE('',#2963,0.5);
#18=SPHERICAL_SURFACE('',#2976,0.5);
#19=ELLIPSE('',#2934,0.707106781186548,0.5);
#20=ELLIPSE('',#2935,0.707106781186548,0.5);
#21=ELLIPSE('',#2938,0.707106781186548,0.5);
#22=ELLIPSE('',#3009,0.707106781186546,0.5);
#23=FACE_BOUND('',#765,.T.);
#24=FACE_BOUND('',#766,.T.);
#25=FACE_BOUND('',#772,.T.);
#26=FACE_BOUND('',#773,.T.);
#27=FACE_BOUND('',#774,.T.);
#28=FACE_BOUND('',#775,.T.);
#29=FACE_BOUND('',#821,.T.);
#30=FACE_BOUND('',#822,.T.);
#31=FACE_BOUND('',#824,.T.);
#32=FACE_BOUND('',#825,.T.);
#33=FACE_BOUND('',#828,.T.);
#34=FACE_BOUND('',#829,.T.);
#35=FACE_BOUND('',#832,.T.);
#36=FACE_BOUND('',#833,.T.);
#37=FACE_BOUND('',#834,.T.);
#38=FACE_BOUND('',#835,.T.);
#39=FACE_BOUND('',#837,.T.);
#40=FACE_BOUND('',#838,.T.);
#41=FACE_BOUND('',#839,.T.);
#42=FACE_BOUND('',#840,.T.);
#43=FACE_BOUND('',#842,.T.);
#44=FACE_BOUND('',#849,.T.);
#45=FACE_BOUND('',#850,.T.);
#46=FACE_BOUND('',#851,.T.);
#47=FACE_BOUND('',#852,.T.);
#48=FACE_BOUND('',#853,.T.);
#49=FACE_BOUND('',#854,.T.);
#50=FACE_BOUND('',#857,.T.);
#51=FACE_BOUND('',#858,.T.);
#52=FACE_BOUND('',#859,.T.);
#53=FACE_BOUND('',#860,.T.);
#54=FACE_BOUND('',#863,.T.);
#55=FACE_BOUND('',#866,.T.);
#56=FACE_BOUND('',#869,.T.);
#57=FACE_BOUND('',#872,.T.);
#58=FACE_BOUND('',#875,.T.);
#59=FACE_BOUND('',#878,.T.);
#60=FACE_BOUND('',#884,.T.);
#61=FACE_BOUND('',#887,.T.);
#62=FACE_BOUND('',#892,.T.);
#63=FACE_BOUND('',#894,.T.);
#64=FACE_BOUND('',#898,.T.);
#65=FACE_BOUND('',#901,.T.);
#66=FACE_BOUND('',#904,.T.);
#67=FACE_BOUND('',#907,.T.);
#68=FACE_BOUND('',#910,.T.);
#69=FACE_BOUND('',#913,.T.);
#70=FACE_BOUND('',#919,.T.);
#71=FACE_BOUND('',#922,.T.);
#72=FACE_BOUND('',#927,.T.);
#73=FACE_BOUND('',#930,.T.);
#74=FACE_BOUND('',#935,.T.);
#75=FACE_BOUND('',#938,.T.);
#76=FACE_BOUND('',#941,.T.);
#77=FACE_BOUND('',#944,.T.);
#78=FACE_BOUND('',#947,.T.);
#79=FACE_BOUND('',#953,.T.);
#80=FACE_BOUND('',#956,.T.);
#81=FACE_BOUND('',#960,.T.);
#82=FACE_BOUND('',#963,.T.);
#83=FACE_BOUND('',#968,.T.);
#84=FACE_BOUND('',#970,.T.);
#85=FACE_BOUND('',#974,.T.);
#86=FACE_BOUND('',#977,.T.);
#87=FACE_BOUND('',#980,.T.);
#88=FACE_BOUND('',#983,.T.);
#89=FACE_BOUND('',#986,.T.);
#90=FACE_BOUND('',#989,.T.);
#91=FACE_BOUND('',#995,.T.);
#92=FACE_BOUND('',#998,.T.);
#93=FACE_BOUND('',#1002,.T.);
#94=FACE_BOUND('',#1005,.T.);
#95=FACE_BOUND('',#1010,.T.);
#96=FACE_BOUND('',#1013,.T.);
#97=FACE_BOUND('',#1017,.T.);
#98=FACE_BOUND('',#1018,.T.);
#99=PLANE('',#2908);
#100=PLANE('',#2916);
#101=PLANE('',#3023);
#102=PLANE('',#3024);
#103=PLANE('',#3029);
#104=PLANE('',#3037);
#105=PLANE('',#3043);
#106=PLANE('',#3048);
#107=PLANE('',#3053);
#108=PLANE('',#3058);
#109=PLANE('',#3061);
#110=PLANE('',#3069);
#111=PLANE('',#3076);
#112=PLANE('',#3080);
#113=PLANE('',#3084);
#114=PLANE('',#3088);
#115=PLANE('',#3092);
#116=PLANE('',#3096);
#117=PLANE('',#3105);
#118=PLANE('',#3109);
#119=PLANE('',#3111);
#120=PLANE('',#3115);
#121=PLANE('',#3117);
#122=PLANE('',#3123);
#123=PLANE('',#3127);
#124=PLANE('',#3131);
#125=PLANE('',#3135);
#126=PLANE('',#3139);
#127=PLANE('',#3143);
#128=PLANE('',#3152);
#129=PLANE('',#3156);
#130=PLANE('',#3158);
#131=PLANE('',#3162);
#132=PLANE('',#3166);
#133=PLANE('',#3172);
#134=PLANE('',#3176);
#135=PLANE('',#3180);
#136=PLANE('',#3184);
#137=PLANE('',#3189);
#138=PLANE('',#3196);
#139=PLANE('',#3202);
#140=PLANE('',#3208);
#141=PLANE('',#3211);
#142=PLANE('',#3213);
#143=PLANE('',#3217);
#144=PLANE('',#3219);
#145=PLANE('',#3225);
#146=PLANE('',#3229);
#147=PLANE('',#3233);
#148=PLANE('',#3237);
#149=PLANE('',#3241);
#150=PLANE('',#3246);
#151=PLANE('',#3253);
#152=PLANE('',#3259);
#153=PLANE('',#3265);
#154=PLANE('',#3268);
#155=PLANE('',#3270);
#156=PLANE('',#3274);
#157=PLANE('',#3278);
#158=PLANE('',#3282);
#159=TOROIDAL_SURFACE('',#2898,3.5,0.5);
#160=TOROIDAL_SURFACE('',#2903,3.5,0.5);
#161=TOROIDAL_SURFACE('',#2923,3.5,0.5);
#162=TOROIDAL_SURFACE('',#2942,14.7,0.5);
#163=TOROIDAL_SURFACE('',#2946,3.5,0.5);
#164=TOROIDAL_SURFACE('',#2954,14.7,0.5);
#165=TOROIDAL_SURFACE('',#2958,3.5,0.5);
#166=TOROIDAL_SURFACE('',#2967,14.7,0.5);
#167=TOROIDAL_SURFACE('',#2971,3.5,0.5);
#168=TOROIDAL_SURFACE('',#2984,3.5,0.5);
#169=TOROIDAL_SURFACE('',#2990,3.5,0.5);
#170=TOROIDAL_SURFACE('',#2995,3.5,0.5);
#171=TOROIDAL_SURFACE('',#2998,14.7,0.5);
#172=TOROIDAL_SURFACE('',#3002,3.5,0.5);
#173=TOROIDAL_SURFACE('',#3012,3.5,0.5);
#174=TOROIDAL_SURFACE('',#3018,3.5,0.5);
#175=LINE('',#4262,#321);
#176=LINE('',#4265,#322);
#177=LINE('',#4331,#323);
#178=LINE('',#4387,#324);
#179=LINE('',#4431,#325);
#180=LINE('',#4433,#326);
#181=LINE('',#4434,#327);
#182=LINE('',#4441,#328);
#183=LINE('',#4497,#329);
#184=LINE('',#4500,#330);
#185=LINE('',#4552,#331);
#186=LINE('',#4554,#332);
#187=LINE('',#4555,#333);
#188=LINE('',#4566,#334);
#189=LINE('',#4625,#335);
#190=LINE('',#4628,#336);
#191=LINE('',#4682,#337);
#192=LINE('',#4685,#338);
#193=LINE('',#4689,#339);
#194=LINE('',#4693,#340);
#195=LINE('',#4697,#341);
#196=LINE('',#4713,#342);
#197=LINE('',#4717,#343);
#198=LINE('',#4734,#344);
#199=LINE('',#4769,#345);
#200=LINE('',#4770,#346);
#201=LINE('',#4788,#347);
#202=LINE('',#4789,#348);
#203=LINE('',#4809,#349);
#204=LINE('',#4810,#350);
#205=LINE('',#4819,#351);
#206=LINE('',#4820,#352);
#207=LINE('',#4822,#353);
#208=LINE('',#4826,#354);
#209=LINE('',#4837,#355);
#210=LINE('',#4838,#356);
#211=LINE('',#4846,#357);
#212=LINE('',#4847,#358);
#213=LINE('',#4851,#359);
#214=LINE('',#4852,#360);
#215=LINE('',#4882,#361);
#216=LINE('',#4883,#362);
#217=LINE('',#4885,#363);
#218=LINE('',#4888,#364);
#219=LINE('',#4890,#365);
#220=LINE('',#4893,#366);
#221=LINE('',#4894,#367);
#222=LINE('',#4896,#368);
#223=LINE('',#4897,#369);
#224=LINE('',#4908,#370);
#225=LINE('',#4909,#371);
#226=LINE('',#4917,#372);
#227=LINE('',#4918,#373);
#228=LINE('',#4920,#374);
#229=LINE('',#4923,#375);
#230=LINE('',#4925,#376);
#231=LINE('',#4927,#377);
#232=LINE('',#4929,#378);
#233=LINE('',#4930,#379);
#234=LINE('',#4932,#380);
#235=LINE('',#4936,#381);
#236=LINE('',#4939,#382);
#237=LINE('',#4946,#383);
#238=LINE('',#4950,#384);
#239=LINE('',#4953,#385);
#240=LINE('',#4962,#386);
#241=LINE('',#4979,#387);
#242=LINE('',#4996,#388);
#243=LINE('',#5013,#389);
#244=LINE('',#5029,#390);
#245=LINE('',#5032,#391);
#246=LINE('',#5036,#392);
#247=LINE('',#5039,#393);
#248=LINE('',#5040,#394);
#249=LINE('',#5041,#395);
#250=LINE('',#5182,#396);
#251=LINE('',#5199,#397);
#252=LINE('',#5216,#398);
#253=LINE('',#5233,#399);
#254=LINE('',#5249,#400);
#255=LINE('',#5250,#401);
#256=LINE('',#5364,#402);
#257=LINE('',#5366,#403);
#258=LINE('',#5380,#404);
#259=LINE('',#5393,#405);
#260=LINE('',#5400,#406);
#261=LINE('',#5411,#407);
#262=LINE('',#5418,#408);
#263=LINE('',#5425,#409);
#264=LINE('',#5431,#410);
#265=LINE('',#5433,#411);
#266=LINE('',#5435,#412);
#267=LINE('',#5441,#413);
#268=LINE('',#5448,#414);
#269=LINE('',#5455,#415);
#270=LINE('',#5458,#416);
#271=LINE('',#5469,#417);
#272=LINE('',#5473,#418);
#273=LINE('',#5480,#419);
#274=LINE('',#5491,#420);
#275=LINE('',#5498,#421);
#276=LINE('',#5505,#422);
#277=LINE('',#5511,#423);
#278=LINE('',#5513,#424);
#279=LINE('',#5515,#425);
#280=LINE('',#5520,#426);
#281=LINE('',#5528,#427);
#282=LINE('',#5535,#428);
#283=LINE('',#5538,#429);
#284=LINE('',#5545,#430);
#285=LINE('',#5551,#431);
#286=LINE('',#5553,#432);
#287=LINE('',#5557,#433);
#288=LINE('',#5564,#434);
#289=LINE('',#5570,#435);
#290=LINE('',#5577,#436);
#291=LINE('',#5586,#437);
#292=LINE('',#5592,#438);
#293=LINE('',#5594,#439);
#294=LINE('',#5596,#440);
#295=LINE('',#5599,#441);
#296=LINE('',#5608,#442);
#297=LINE('',#5617,#443);
#298=LINE('',#5620,#444);
#299=LINE('',#5625,#445);
#300=LINE('',#5632,#446);
#301=LINE('',#5635,#447);
#302=LINE('',#5646,#448);
#303=LINE('',#5650,#449);
#304=LINE('',#5657,#450);
#305=LINE('',#5668,#451);
#306=LINE('',#5675,#452);
#307=LINE('',#5684,#453);
#308=LINE('',#5690,#454);
#309=LINE('',#5692,#455);
#310=LINE('',#5694,#456);
#311=LINE('',#5697,#457);
#312=LINE('',#5707,#458);
#313=LINE('',#5715,#459);
#314=LINE('',#5718,#460);
#315=LINE('',#5723,#461);
#316=LINE('',#5730,#462);
#317=LINE('',#5733,#463);
#318=LINE('',#5740,#464);
#319=LINE('',#5746,#465);
#320=LINE('',#5748,#466);
#321=VECTOR('',#3289,10.);
#322=VECTOR('',#3292,10.);
#323=VECTOR('',#3303,10.);
#324=VECTOR('',#3312,10.);
#325=VECTOR('',#3317,10.);
#326=VECTOR('',#3318,10.);
#327=VECTOR('',#3319,10.);
#328=VECTOR('',#3326,10.);
#329=VECTOR('',#3333,10.);
#330=VECTOR('',#3336,10.);
#331=VECTOR('',#3339,10.);
#332=VECTOR('',#3340,10.);
#333=VECTOR('',#3341,10.);
#334=VECTOR('',#3352,10.);
#335=VECTOR('',#3365,10.);
#336=VECTOR('',#3368,10.);
#337=VECTOR('',#3375,10.);
#338=VECTOR('',#3378,10.);
#339=VECTOR('',#3381,10.);
#340=VECTOR('',#3384,10.);
#341=VECTOR('',#3389,10.);
#342=VECTOR('',#3390,10.);
#343=VECTOR('',#3393,10.);
#344=VECTOR('',#3394,10.);
#345=VECTOR('',#3421,10.);
#346=VECTOR('',#3422,10.);
#347=VECTOR('',#3447,10.);
#348=VECTOR('',#3448,10.);
#349=VECTOR('',#3475,10.);
#350=VECTOR('',#3476,10.);
#351=VECTOR('',#3487,10.);
#352=VECTOR('',#3488,10.);
#353=VECTOR('',#3491,10.);
#354=VECTOR('',#3496,10.);
#355=VECTOR('',#3509,10.);
#356=VECTOR('',#3510,10.);
#357=VECTOR('',#3521,10.);
#358=VECTOR('',#3522,10.);
#359=VECTOR('',#3529,10.);
#360=VECTOR('',#3530,10.);
#361=VECTOR('',#3549,10.);
#362=VECTOR('',#3550,10.);
#363=VECTOR('',#3553,10.);
#364=VECTOR('',#3556,10.);
#365=VECTOR('',#3557,10.);
#366=VECTOR('',#3562,10.);
#367=VECTOR('',#3563,10.);
#368=VECTOR('',#3566,10.);
#369=VECTOR('',#3567,10.);
#370=VECTOR('',#3580,10.);
#371=VECTOR('',#3581,10.);
#372=VECTOR('',#3592,10.);
#373=VECTOR('',#3593,10.);
#374=VECTOR('',#3596,10.);
#375=VECTOR('',#3599,10.);
#376=VECTOR('',#3600,10.);
#377=VECTOR('',#3601,10.);
#378=VECTOR('',#3602,10.);
#379=VECTOR('',#3603,10.);
#380=VECTOR('',#3604,10.);
#381=VECTOR('',#3607,10.);
#382=VECTOR('',#3610,10.);
#383=VECTOR('',#3617,10.);
#384=VECTOR('',#3620,10.);
#385=VECTOR('',#3623,10.);
#386=VECTOR('',#3634,10.);
#387=VECTOR('',#3635,10.);
#388=VECTOR('',#3636,10.);
#389=VECTOR('',#3637,10.);
#390=VECTOR('',#3638,10.);
#391=VECTOR('',#3641,10.);
#392=VECTOR('',#3644,10.);
#393=VECTOR('',#3647,10.);
#394=VECTOR('',#3648,10.);
#395=VECTOR('',#3649,10.);
#396=VECTOR('',#3686,10.);
#397=VECTOR('',#3687,10.);
#398=VECTOR('',#3688,10.);
#399=VECTOR('',#3689,10.);
#400=VECTOR('',#3690,10.);
#401=VECTOR('',#3691,10.);
#402=VECTOR('',#3698,10.);
#403=VECTOR('',#3701,10.);
#404=VECTOR('',#3716,10.);
#405=VECTOR('',#3731,3.);
#406=VECTOR('',#3740,3.);
#407=VECTOR('',#3755,3.);
#408=VECTOR('',#3764,3.);
#409=VECTOR('',#3773,3.);
#410=VECTOR('',#3782,2.5);
#411=VECTOR('',#3785,2.5);
#412=VECTOR('',#3788,2.5);
#413=VECTOR('',#3795,3.);
#414=VECTOR('',#3804,3.);
#415=VECTOR('',#3815,2.5);
#416=VECTOR('',#3818,3.);
#417=VECTOR('',#3833,2.5);
#418=VECTOR('',#3838,3.);
#419=VECTOR('',#3847,3.);
#420=VECTOR('',#3862,3.);
#421=VECTOR('',#3871,3.);
#422=VECTOR('',#3880,3.);
#423=VECTOR('',#3889,2.5);
#424=VECTOR('',#3892,2.5);
#425=VECTOR('',#3895,2.5);
#426=VECTOR('',#3900,3.);
#427=VECTOR('',#3911,3.);
#428=VECTOR('',#3922,2.5);
#429=VECTOR('',#3925,3.);
#430=VECTOR('',#3934,3.);
#431=VECTOR('',#3943,1.95);
#432=VECTOR('',#3946,2.5);
#433=VECTOR('',#3951,3.);
#434=VECTOR('',#3960,3.);
#435=VECTOR('',#3967,3.);
#436=VECTOR('',#3976,3.);
#437=VECTOR('',#3987,3.);
#438=VECTOR('',#3996,2.5);
#439=VECTOR('',#3999,2.5);
#440=VECTOR('',#4002,2.5);
#441=VECTOR('',#4005,3.);
#442=VECTOR('',#4016,3.);
#443=VECTOR('',#4029,2.5);
#444=VECTOR('',#4032,3.);
#445=VECTOR('',#4039,3.);
#446=VECTOR('',#4050,2.5);
#447=VECTOR('',#4053,3.);
#448=VECTOR('',#4068,2.5);
#449=VECTOR('',#4073,3.);
#450=VECTOR('',#4082,3.);
#451=VECTOR('',#4097,3.);
#452=VECTOR('',#4106,3.);
#453=VECTOR('',#4117,3.);
#454=VECTOR('',#4126,2.5);
#455=VECTOR('',#4129,2.5);
#456=VECTOR('',#4132,2.5);
#457=VECTOR('',#4135,3.);
#458=VECTOR('',#4148,3.);
#459=VECTOR('',#4159,2.5);
#460=VECTOR('',#4162,3.);
#461=VECTOR('',#4169,3.);
#462=VECTOR('',#4180,2.5);
#463=VECTOR('',#4183,3.);
#464=VECTOR('',#4192,3.);
#465=VECTOR('',#4201,1.95);
#466=VECTOR('',#4204,2.5);
#467=CYLINDRICAL_SURFACE('',#2896,3.);
#468=CYLINDRICAL_SURFACE('',#2901,4.);
#469=CYLINDRICAL_SURFACE('',#2906,3.);
#470=CYLINDRICAL_SURFACE('',#2911,0.5);
#471=CYLINDRICAL_SURFACE('',#2914,3.);
#472=CYLINDRICAL_SURFACE('',#2921,0.5);
#473=CYLINDRICAL_SURFACE('',#2927,3.);
#474=CYLINDRICAL_SURFACE('',#2929,4.);
#475=CYLINDRICAL_SURFACE('',#2931,0.5);
#476=CYLINDRICAL_SURFACE('',#2933,0.5);
#477=CYLINDRICAL_SURFACE('',#2936,0.5);
#478=CYLINDRICAL_SURFACE('',#2937,0.5);
#479=CYLINDRICAL_SURFACE('',#2950,0.5);
#480=CYLINDRICAL_SURFACE('',#2962,0.5);
#481=CYLINDRICAL_SURFACE('',#2975,0.5);
#482=CYLINDRICAL_SURFACE('',#2980,0.5);
#483=CYLINDRICAL_SURFACE('',#2981,0.5);
#484=CYLINDRICAL_SURFACE('',#2982,0.5);
#485=CYLINDRICAL_SURFACE('',#2988,0.5);
#486=CYLINDRICAL_SURFACE('',#2994,0.5);
#487=CYLINDRICAL_SURFACE('',#2997,0.5);
#488=CYLINDRICAL_SURFACE('',#3006,0.5);
#489=CYLINDRICAL_SURFACE('',#3007,0.5);
#490=CYLINDRICAL_SURFACE('',#3008,0.5);
#491=CYLINDRICAL_SURFACE('',#3010,0.5);
#492=CYLINDRICAL_SURFACE('',#3011,0.5);
#493=CYLINDRICAL_SURFACE('',#3016,0.5);
#494=CYLINDRICAL_SURFACE('',#3022,0.5);
#495=CYLINDRICAL_SURFACE('',#3036,4.);
#496=CYLINDRICAL_SURFACE('',#3042,14.2);
#497=CYLINDRICAL_SURFACE('',#3056,3.);
#498=CYLINDRICAL_SURFACE('',#3057,4.);
#499=CYLINDRICAL_SURFACE('',#3059,14.2);
#500=CYLINDRICAL_SURFACE('',#3060,4.);
#501=CYLINDRICAL_SURFACE('',#3068,4.);
#502=CYLINDRICAL_SURFACE('',#3074,3.);
#503=CYLINDRICAL_SURFACE('',#3078,3.);
#504=CYLINDRICAL_SURFACE('',#3082,3.);
#505=CYLINDRICAL_SURFACE('',#3086,3.);
#506=CYLINDRICAL_SURFACE('',#3090,3.);
#507=CYLINDRICAL_SURFACE('',#3094,3.);
#508=CYLINDRICAL_SURFACE('',#3098,2.5);
#509=CYLINDRICAL_SURFACE('',#3099,2.5);
#510=CYLINDRICAL_SURFACE('',#3100,2.5);
#511=CYLINDRICAL_SURFACE('',#3101,3.);
#512=CYLINDRICAL_SURFACE('',#3107,3.);
#513=CYLINDRICAL_SURFACE('',#3112,2.5);
#514=CYLINDRICAL_SURFACE('',#3113,3.);
#515=CYLINDRICAL_SURFACE('',#3120,2.5);
#516=CYLINDRICAL_SURFACE('',#3121,3.);
#517=CYLINDRICAL_SURFACE('',#3125,3.);
#518=CYLINDRICAL_SURFACE('',#3129,3.);
#519=CYLINDRICAL_SURFACE('',#3133,3.);
#520=CYLINDRICAL_SURFACE('',#3137,3.);
#521=CYLINDRICAL_SURFACE('',#3141,3.);
#522=CYLINDRICAL_SURFACE('',#3145,2.5);
#523=CYLINDRICAL_SURFACE('',#3146,2.5);
#524=CYLINDRICAL_SURFACE('',#3147,2.5);
#525=CYLINDRICAL_SURFACE('',#3148,3.);
#526=CYLINDRICAL_SURFACE('',#3154,3.);
#527=CYLINDRICAL_SURFACE('',#3159,2.5);
#528=CYLINDRICAL_SURFACE('',#3160,3.);
#529=CYLINDRICAL_SURFACE('',#3164,3.);
#530=CYLINDRICAL_SURFACE('',#3168,1.95);
#531=CYLINDRICAL_SURFACE('',#3169,2.5);
#532=CYLINDRICAL_SURFACE('',#3170,3.);
#533=CYLINDRICAL_SURFACE('',#3174,3.);
#534=CYLINDRICAL_SURFACE('',#3178,3.);
#535=CYLINDRICAL_SURFACE('',#3182,3.);
#536=CYLINDRICAL_SURFACE('',#3186,3.);
#537=CYLINDRICAL_SURFACE('',#3191,2.5);
#538=CYLINDRICAL_SURFACE('',#3192,2.5);
#539=CYLINDRICAL_SURFACE('',#3193,2.5);
#540=CYLINDRICAL_SURFACE('',#3194,3.);
#541=CYLINDRICAL_SURFACE('',#3198,3.);
#542=CYLINDRICAL_SURFACE('',#3204,2.5);
#543=CYLINDRICAL_SURFACE('',#3206,3.);
#544=CYLINDRICAL_SURFACE('',#3209,3.);
#545=CYLINDRICAL_SURFACE('',#3214,2.5);
#546=CYLINDRICAL_SURFACE('',#3215,3.);
#547=CYLINDRICAL_SURFACE('',#3222,2.5);
#548=CYLINDRICAL_SURFACE('',#3223,3.);
#549=CYLINDRICAL_SURFACE('',#3227,3.);
#550=CYLINDRICAL_SURFACE('',#3231,3.);
#551=CYLINDRICAL_SURFACE('',#3235,3.);
#552=CYLINDRICAL_SURFACE('',#3239,3.);
#553=CYLINDRICAL_SURFACE('',#3243,3.);
#554=CYLINDRICAL_SURFACE('',#3248,2.5);
#555=CYLINDRICAL_SURFACE('',#3249,2.5);
#556=CYLINDRICAL_SURFACE('',#3250,2.5);
#557=CYLINDRICAL_SURFACE('',#3251,3.);
#558=CYLINDRICAL_SURFACE('',#3255,3.);
#559=CYLINDRICAL_SURFACE('',#3261,2.5);
#560=CYLINDRICAL_SURFACE('',#3263,3.);
#561=CYLINDRICAL_SURFACE('',#3266,3.);
#562=CYLINDRICAL_SURFACE('',#3271,2.5);
#563=CYLINDRICAL_SURFACE('',#3272,3.);
#564=CYLINDRICAL_SURFACE('',#3276,3.);
#565=CYLINDRICAL_SURFACE('',#3280,1.95);
#566=CYLINDRICAL_SURFACE('',#3281,2.5);
#567=FACE_OUTER_BOUND('',#755,.T.);
#568=FACE_OUTER_BOUND('',#756,.T.);
#569=FACE_OUTER_BOUND('',#757,.T.);
#570=FACE_OUTER_BOUND('',#758,.T.);
#571=FACE_OUTER_BOUND('',#759,.T.);
#572=FACE_OUTER_BOUND('',#760,.T.);
#573=FACE_OUTER_BOUND('',#761,.T.);
#574=FACE_OUTER_BOUND('',#762,.T.);
#575=FACE_OUTER_BOUND('',#763,.T.);
#576=FACE_OUTER_BOUND('',#764,.T.);
#577=FACE_OUTER_BOUND('',#767,.T.);
#578=FACE_OUTER_BOUND('',#768,.T.);
#579=FACE_OUTER_BOUND('',#769,.T.);
#580=FACE_OUTER_BOUND('',#770,.T.);
#581=FACE_OUTER_BOUND('',#771,.T.);
#582=FACE_OUTER_BOUND('',#776,.T.);
#583=FACE_OUTER_BOUND('',#777,.T.);
#584=FACE_OUTER_BOUND('',#778,.T.);
#585=FACE_OUTER_BOUND('',#779,.T.);
#586=FACE_OUTER_BOUND('',#780,.T.);
#587=FACE_OUTER_BOUND('',#781,.T.);
#588=FACE_OUTER_BOUND('',#782,.T.);
#589=FACE_OUTER_BOUND('',#783,.T.);
#590=FACE_OUTER_BOUND('',#784,.T.);
#591=FACE_OUTER_BOUND('',#785,.T.);
#592=FACE_OUTER_BOUND('',#786,.T.);
#593=FACE_OUTER_BOUND('',#787,.T.);
#594=FACE_OUTER_BOUND('',#788,.T.);
#595=FACE_OUTER_BOUND('',#789,.T.);
#596=FACE_OUTER_BOUND('',#790,.T.);
#597=FACE_OUTER_BOUND('',#791,.T.);
#598=FACE_OUTER_BOUND('',#792,.T.);
#599=FACE_OUTER_BOUND('',#793,.T.);
#600=FACE_OUTER_BOUND('',#794,.T.);
#601=FACE_OUTER_BOUND('',#795,.T.);
#602=FACE_OUTER_BOUND('',#796,.T.);
#603=FACE_OUTER_BOUND('',#797,.T.);
#604=FACE_OUTER_BOUND('',#798,.T.);
#605=FACE_OUTER_BOUND('',#799,.T.);
#606=FACE_OUTER_BOUND('',#800,.T.);
#607=FACE_OUTER_BOUND('',#801,.T.);
#608=FACE_OUTER_BOUND('',#802,.T.);
#609=FACE_OUTER_BOUND('',#803,.T.);
#610=FACE_OUTER_BOUND('',#804,.T.);
#611=FACE_OUTER_BOUND('',#805,.T.);
#612=FACE_OUTER_BOUND('',#806,.T.);
#613=FACE_OUTER_BOUND('',#807,.T.);
#614=FACE_OUTER_BOUND('',#808,.T.);
#615=FACE_OUTER_BOUND('',#809,.T.);
#616=FACE_OUTER_BOUND('',#810,.T.);
#617=FACE_OUTER_BOUND('',#811,.T.);
#618=FACE_OUTER_BOUND('',#812,.T.);
#619=FACE_OUTER_BOUND('',#813,.T.);
#620=FACE_OUTER_BOUND('',#814,.T.);
#621=FACE_OUTER_BOUND('',#815,.T.);
#622=FACE_OUTER_BOUND('',#816,.T.);
#623=FACE_OUTER_BOUND('',#817,.T.);
#624=FACE_OUTER_BOUND('',#818,.T.);
#625=FACE_OUTER_BOUND('',#819,.T.);
#626=FACE_OUTER_BOUND('',#820,.T.);
#627=FACE_OUTER_BOUND('',#823,.T.);
#628=FACE_OUTER_BOUND('',#826,.T.);
#629=FACE_OUTER_BOUND('',#827,.T.);
#630=FACE_OUTER_BOUND('',#830,.T.);
#631=FACE_OUTER_BOUND('',#831,.T.);
#632=FACE_OUTER_BOUND('',#836,.T.);
#633=FACE_OUTER_BOUND('',#841,.T.);
#634=FACE_OUTER_BOUND('',#843,.T.);
#635=FACE_OUTER_BOUND('',#844,.T.);
#636=FACE_OUTER_BOUND('',#845,.T.);
#637=FACE_OUTER_BOUND('',#846,.T.);
#638=FACE_OUTER_BOUND('',#847,.T.);
#639=FACE_OUTER_BOUND('',#848,.T.);
#640=FACE_OUTER_BOUND('',#855,.T.);
#641=FACE_OUTER_BOUND('',#856,.T.);
#642=FACE_OUTER_BOUND('',#861,.T.);
#643=FACE_OUTER_BOUND('',#862,.T.);
#644=FACE_OUTER_BOUND('',#864,.T.);
#645=FACE_OUTER_BOUND('',#865,.T.);
#646=FACE_OUTER_BOUND('',#867,.T.);
#647=FACE_OUTER_BOUND('',#868,.T.);
#648=FACE_OUTER_BOUND('',#870,.T.);
#649=FACE_OUTER_BOUND('',#871,.T.);
#650=FACE_OUTER_BOUND('',#873,.T.);
#651=FACE_OUTER_BOUND('',#874,.T.);
#652=FACE_OUTER_BOUND('',#876,.T.);
#653=FACE_OUTER_BOUND('',#877,.T.);
#654=FACE_OUTER_BOUND('',#879,.T.);
#655=FACE_OUTER_BOUND('',#880,.T.);
#656=FACE_OUTER_BOUND('',#881,.T.);
#657=FACE_OUTER_BOUND('',#882,.T.);
#658=FACE_OUTER_BOUND('',#883,.T.);
#659=FACE_OUTER_BOUND('',#885,.T.);
#660=FACE_OUTER_BOUND('',#886,.T.);
#661=FACE_OUTER_BOUND('',#888,.T.);
#662=FACE_OUTER_BOUND('',#889,.T.);
#663=FACE_OUTER_BOUND('',#890,.T.);
#664=FACE_OUTER_BOUND('',#891,.T.);
#665=FACE_OUTER_BOUND('',#893,.T.);
#666=FACE_OUTER_BOUND('',#895,.T.);
#667=FACE_OUTER_BOUND('',#896,.T.);
#668=FACE_OUTER_BOUND('',#897,.T.);
#669=FACE_OUTER_BOUND('',#899,.T.);
#670=FACE_OUTER_BOUND('',#900,.T.);
#671=FACE_OUTER_BOUND('',#902,.T.);
#672=FACE_OUTER_BOUND('',#903,.T.);
#673=FACE_OUTER_BOUND('',#905,.T.);
#674=FACE_OUTER_BOUND('',#906,.T.);
#675=FACE_OUTER_BOUND('',#908,.T.);
#676=FACE_OUTER_BOUND('',#909,.T.);
#677=FACE_OUTER_BOUND('',#911,.T.);
#678=FACE_OUTER_BOUND('',#912,.T.);
#679=FACE_OUTER_BOUND('',#914,.T.);
#680=FACE_OUTER_BOUND('',#915,.T.);
#681=FACE_OUTER_BOUND('',#916,.T.);
#682=FACE_OUTER_BOUND('',#917,.T.);
#683=FACE_OUTER_BOUND('',#918,.T.);
#684=FACE_OUTER_BOUND('',#920,.T.);
#685=FACE_OUTER_BOUND('',#921,.T.);
#686=FACE_OUTER_BOUND('',#923,.T.);
#687=FACE_OUTER_BOUND('',#924,.T.);
#688=FACE_OUTER_BOUND('',#925,.T.);
#689=FACE_OUTER_BOUND('',#926,.T.);
#690=FACE_OUTER_BOUND('',#928,.T.);
#691=FACE_OUTER_BOUND('',#929,.T.);
#692=FACE_OUTER_BOUND('',#931,.T.);
#693=FACE_OUTER_BOUND('',#932,.T.);
#694=FACE_OUTER_BOUND('',#933,.T.);
#695=FACE_OUTER_BOUND('',#934,.T.);
#696=FACE_OUTER_BOUND('',#936,.T.);
#697=FACE_OUTER_BOUND('',#937,.T.);
#698=FACE_OUTER_BOUND('',#939,.T.);
#699=FACE_OUTER_BOUND('',#940,.T.);
#700=FACE_OUTER_BOUND('',#942,.T.);
#701=FACE_OUTER_BOUND('',#943,.T.);
#702=FACE_OUTER_BOUND('',#945,.T.);
#703=FACE_OUTER_BOUND('',#946,.T.);
#704=FACE_OUTER_BOUND('',#948,.T.);
#705=FACE_OUTER_BOUND('',#949,.T.);
#706=FACE_OUTER_BOUND('',#950,.T.);
#707=FACE_OUTER_BOUND('',#951,.T.);
#708=FACE_OUTER_BOUND('',#952,.T.);
#709=FACE_OUTER_BOUND('',#954,.T.);
#710=FACE_OUTER_BOUND('',#955,.T.);
#711=FACE_OUTER_BOUND('',#957,.T.);
#712=FACE_OUTER_BOUND('',#958,.T.);
#713=FACE_OUTER_BOUND('',#959,.T.);
#714=FACE_OUTER_BOUND('',#961,.T.);
#715=FACE_OUTER_BOUND('',#962,.T.);
#716=FACE_OUTER_BOUND('',#964,.T.);
#717=FACE_OUTER_BOUND('',#965,.T.);
#718=FACE_OUTER_BOUND('',#966,.T.);
#719=FACE_OUTER_BOUND('',#967,.T.);
#720=FACE_OUTER_BOUND('',#969,.T.);
#721=FACE_OUTER_BOUND('',#971,.T.);
#722=FACE_OUTER_BOUND('',#972,.T.);
#723=FACE_OUTER_BOUND('',#973,.T.);
#724=FACE_OUTER_BOUND('',#975,.T.);
#725=FACE_OUTER_BOUND('',#976,.T.);
#726=FACE_OUTER_BOUND('',#978,.T.);
#727=FACE_OUTER_BOUND('',#979,.T.);
#728=FACE_OUTER_BOUND('',#981,.T.);
#729=FACE_OUTER_BOUND('',#982,.T.);
#730=FACE_OUTER_BOUND('',#984,.T.);
#731=FACE_OUTER_BOUND('',#985,.T.);
#732=FACE_OUTER_BOUND('',#987,.T.);
#733=FACE_OUTER_BOUND('',#988,.T.);
#734=FACE_OUTER_BOUND('',#990,.T.);
#735=FACE_OUTER_BOUND('',#991,.T.);
#736=FACE_OUTER_BOUND('',#992,.T.);
#737=FACE_OUTER_BOUND('',#993,.T.);
#738=FACE_OUTER_BOUND('',#994,.T.);
#739=FACE_OUTER_BOUND('',#996,.T.);
#740=FACE_OUTER_BOUND('',#997,.T.);
#741=FACE_OUTER_BOUND('',#999,.T.);
#742=FACE_OUTER_BOUND('',#1000,.T.);
#743=FACE_OUTER_BOUND('',#1001,.T.);
#744=FACE_OUTER_BOUND('',#1003,.T.);
#745=FACE_OUTER_BOUND('',#1004,.T.);
#746=FACE_OUTER_BOUND('',#1006,.T.);
#747=FACE_OUTER_BOUND('',#1007,.T.);
#748=FACE_OUTER_BOUND('',#1008,.T.);
#749=FACE_OUTER_BOUND('',#1009,.T.);
#750=FACE_OUTER_BOUND('',#1011,.T.);
#751=FACE_OUTER_BOUND('',#1012,.T.);
#752=FACE_OUTER_BOUND('',#1014,.T.);
#753=FACE_OUTER_BOUND('',#1015,.T.);
#754=FACE_OUTER_BOUND('',#1016,.T.);
#755=EDGE_LOOP('',(#1897,#1898,#1899));
#756=EDGE_LOOP('',(#1900,#1901,#1902,#1903));
#757=EDGE_LOOP('',(#1904,#1905,#1906));
#758=EDGE_LOOP('',(#1907,#1908,#1909,#1910));
#759=EDGE_LOOP('',(#1911,#1912,#1913,#1914));
#760=EDGE_LOOP('',(#1915,#1916,#1917,#1918));
#761=EDGE_LOOP('',(#1919,#1920,#1921));
#762=EDGE_LOOP('',(#1922,#1923,#1924,#1925));
#763=EDGE_LOOP('',(#1926,#1927,#1928));
#764=EDGE_LOOP('',(#1929,#1930,#1931,#1932));
#765=EDGE_LOOP('',(#1933));
#766=EDGE_LOOP('',(#1934));
#767=EDGE_LOOP('',(#1935,#1936,#1937,#1938));
#768=EDGE_LOOP('',(#1939,#1940,#1941));
#769=EDGE_LOOP('',(#1942,#1943,#1944,#1945));
#770=EDGE_LOOP('',(#1946,#1947,#1948));
#771=EDGE_LOOP('',(#1949,#1950,#1951,#1952));
#772=EDGE_LOOP('',(#1953));
#773=EDGE_LOOP('',(#1954));
#774=EDGE_LOOP('',(#1955));
#775=EDGE_LOOP('',(#1956));
#776=EDGE_LOOP('',(#1957,#1958,#1959,#1960));
#777=EDGE_LOOP('',(#1961,#1962,#1963,#1964));
#778=EDGE_LOOP('',(#1965,#1966,#1967));
#779=EDGE_LOOP('',(#1968,#1969,#1970,#1971));
#780=EDGE_LOOP('',(#1972,#1973,#1974));
#781=EDGE_LOOP('',(#1975,#1976,#1977,#1978));
#782=EDGE_LOOP('',(#1979,#1980,#1981,#1982));
#783=EDGE_LOOP('',(#1983,#1984,#1985,#1986));
#784=EDGE_LOOP('',(#1987,#1988,#1989,#1990));
#785=EDGE_LOOP('',(#1991,#1992,#1993,#1994));
#786=EDGE_LOOP('',(#1995,#1996,#1997));
#787=EDGE_LOOP('',(#1998,#1999,#2000,#2001));
#788=EDGE_LOOP('',(#2002,#2003,#2004,#2005));
#789=EDGE_LOOP('',(#2006,#2007,#2008,#2009));
#790=EDGE_LOOP('',(#2010,#2011,#2012));
#791=EDGE_LOOP('',(#2013,#2014,#2015,#2016));
#792=EDGE_LOOP('',(#2017,#2018,#2019,#2020));
#793=EDGE_LOOP('',(#2021,#2022,#2023,#2024));
#794=EDGE_LOOP('',(#2025,#2026,#2027));
#795=EDGE_LOOP('',(#2028,#2029,#2030,#2031));
#796=EDGE_LOOP('',(#2032,#2033,#2034,#2035));
#797=EDGE_LOOP('',(#2036,#2037,#2038,#2039));
#798=EDGE_LOOP('',(#2040,#2041,#2042));
#799=EDGE_LOOP('',(#2043,#2044,#2045,#2046));
#800=EDGE_LOOP('',(#2047,#2048,#2049,#2050));
#801=EDGE_LOOP('',(#2051,#2052,#2053,#2054));
#802=EDGE_LOOP('',(#2055,#2056,#2057,#2058));
#803=EDGE_LOOP('',(#2059,#2060,#2061,#2062));
#804=EDGE_LOOP('',(#2063,#2064,#2065,#2066));
#805=EDGE_LOOP('',(#2067,#2068,#2069,#2070));
#806=EDGE_LOOP('',(#2071,#2072,#2073,#2074));
#807=EDGE_LOOP('',(#2075,#2076,#2077,#2078));
#808=EDGE_LOOP('',(#2079,#2080,#2081,#2082));
#809=EDGE_LOOP('',(#2083,#2084,#2085,#2086));
#810=EDGE_LOOP('',(#2087,#2088,#2089,#2090));
#811=EDGE_LOOP('',(#2091,#2092,#2093,#2094));
#812=EDGE_LOOP('',(#2095,#2096,#2097,#2098));
#813=EDGE_LOOP('',(#2099,#2100,#2101,#2102));
#814=EDGE_LOOP('',(#2103,#2104,#2105,#2106));
#815=EDGE_LOOP('',(#2107,#2108,#2109,#2110));
#816=EDGE_LOOP('',(#2111,#2112,#2113,#2114));
#817=EDGE_LOOP('',(#2115,#2116,#2117,#2118));
#818=EDGE_LOOP('',(#2119,#2120,#2121,#2122));
#819=EDGE_LOOP('',(#2123,#2124,#2125,#2126));
#820=EDGE_LOOP('',(#2127,#2128,#2129,#2130,#2131,#2132,#2133,#2134,#2135,
#2136,#2137,#2138));
#821=EDGE_LOOP('',(#2139));
#822=EDGE_LOOP('',(#2140));
#823=EDGE_LOOP('',(#2141,#2142,#2143,#2144,#2145,#2146,#2147,#2148,#2149,
#2150,#2151,#2152));
#824=EDGE_LOOP('',(#2153));
#825=EDGE_LOOP('',(#2154));
#826=EDGE_LOOP('',(#2155,#2156,#2157,#2158,#2159,#2160,#2161,#2162,#2163,
#2164,#2165,#2166));
#827=EDGE_LOOP('',(#2167,#2168,#2169,#2170,#2171,#2172,#2173,#2174,#2175,
#2176,#2177,#2178));
#828=EDGE_LOOP('',(#2179));
#829=EDGE_LOOP('',(#2180));
#830=EDGE_LOOP('',(#2181,#2182,#2183,#2184,#2185,#2186,#2187,#2188,#2189,
#2190,#2191,#2192,#2193,#2194));
#831=EDGE_LOOP('',(#2195,#2196,#2197,#2198,#2199,#2200,#2201,#2202,#2203,
#2204,#2205,#2206,#2207,#2208,#2209,#2210,#2211,#2212));
#832=EDGE_LOOP('',(#2213));
#833=EDGE_LOOP('',(#2214));
#834=EDGE_LOOP('',(#2215));
#835=EDGE_LOOP('',(#2216));
#836=EDGE_LOOP('',(#2217,#2218,#2219,#2220,#2221,#2222,#2223,#2224,#2225,
#2226,#2227,#2228,#2229,#2230,#2231,#2232,#2233,#2234));
#837=EDGE_LOOP('',(#2235));
#838=EDGE_LOOP('',(#2236));
#839=EDGE_LOOP('',(#2237));
#840=EDGE_LOOP('',(#2238));
#841=EDGE_LOOP('',(#2239,#2240));
#842=EDGE_LOOP('',(#2241));
#843=EDGE_LOOP('',(#2242,#2243,#2244,#2245));
#844=EDGE_LOOP('',(#2246,#2247,#2248,#2249,#2250,#2251,#2252,#2253,#2254,
#2255,#2256,#2257));
#845=EDGE_LOOP('',(#2258,#2259,#2260,#2261));
#846=EDGE_LOOP('',(#2262,#2263,#2264,#2265,#2266,#2267,#2268,#2269,#2270,
#2271,#2272,#2273,#2274,#2275));
#847=EDGE_LOOP('',(#2276,#2277,#2278,#2279));
#848=EDGE_LOOP('',(#2280,#2281,#2282,#2283));
#849=EDGE_LOOP('',(#2284));
#850=EDGE_LOOP('',(#2285));
#851=EDGE_LOOP('',(#2286));
#852=EDGE_LOOP('',(#2287));
#853=EDGE_LOOP('',(#2288));
#854=EDGE_LOOP('',(#2289));
#855=EDGE_LOOP('',(#2290,#2291,#2292,#2293));
#856=EDGE_LOOP('',(#2294,#2295,#2296,#2297));
#857=EDGE_LOOP('',(#2298));
#858=EDGE_LOOP('',(#2299));
#859=EDGE_LOOP('',(#2300));
#860=EDGE_LOOP('',(#2301));
#861=EDGE_LOOP('',(#2302,#2303,#2304,#2305));
#862=EDGE_LOOP('',(#2306));
#863=EDGE_LOOP('',(#2307));
#864=EDGE_LOOP('',(#2308,#2309,#2310,#2311,#2312,#2313));
#865=EDGE_LOOP('',(#2314));
#866=EDGE_LOOP('',(#2315));
#867=EDGE_LOOP('',(#2316,#2317,#2318,#2319));
#868=EDGE_LOOP('',(#2320,#2321));
#869=EDGE_LOOP('',(#2322));
#870=EDGE_LOOP('',(#2323,#2324,#2325,#2326));
#871=EDGE_LOOP('',(#2327));
#872=EDGE_LOOP('',(#2328));
#873=EDGE_LOOP('',(#2329,#2330,#2331,#2332));
#874=EDGE_LOOP('',(#2333));
#875=EDGE_LOOP('',(#2334));
#876=EDGE_LOOP('',(#2335,#2336,#2337,#2338));
#877=EDGE_LOOP('',(#2339));
#878=EDGE_LOOP('',(#2340));
#879=EDGE_LOOP('',(#2341,#2342,#2343,#2344));
#880=EDGE_LOOP('',(#2345,#2346,#2347,#2348));
#881=EDGE_LOOP('',(#2349,#2350,#2351,#2352));
#882=EDGE_LOOP('',(#2353,#2354,#2355,#2356,#2357,#2358));
#883=EDGE_LOOP('',(#2359));
#884=EDGE_LOOP('',(#2360));
#885=EDGE_LOOP('',(#2361,#2362,#2363,#2364));
#886=EDGE_LOOP('',(#2365));
#887=EDGE_LOOP('',(#2366));
#888=EDGE_LOOP('',(#2367,#2368,#2369));
#889=EDGE_LOOP('',(#2370,#2371,#2372,#2373));
#890=EDGE_LOOP('',(#2374,#2375,#2376,#2377));
#891=EDGE_LOOP('',(#2378));
#892=EDGE_LOOP('',(#2379));
#893=EDGE_LOOP('',(#2380));
#894=EDGE_LOOP('',(#2381));
#895=EDGE_LOOP('',(#2382,#2383,#2384,#2385));
#896=EDGE_LOOP('',(#2386,#2387,#2388,#2389));
#897=EDGE_LOOP('',(#2390));
#898=EDGE_LOOP('',(#2391));
#899=EDGE_LOOP('',(#2392,#2393,#2394,#2395,#2396,#2397));
#900=EDGE_LOOP('',(#2398));
#901=EDGE_LOOP('',(#2399));
#902=EDGE_LOOP('',(#2400,#2401,#2402,#2403));
#903=EDGE_LOOP('',(#2404,#2405));
#904=EDGE_LOOP('',(#2406));
#905=EDGE_LOOP('',(#2407,#2408,#2409,#2410));
#906=EDGE_LOOP('',(#2411));
#907=EDGE_LOOP('',(#2412));
#908=EDGE_LOOP('',(#2413,#2414,#2415,#2416));
#909=EDGE_LOOP('',(#2417));
#910=EDGE_LOOP('',(#2418));
#911=EDGE_LOOP('',(#2419,#2420,#2421,#2422));
#912=EDGE_LOOP('',(#2423));
#913=EDGE_LOOP('',(#2424));
#914=EDGE_LOOP('',(#2425,#2426,#2427,#2428));
#915=EDGE_LOOP('',(#2429,#2430,#2431,#2432));
#916=EDGE_LOOP('',(#2433,#2434,#2435,#2436));
#917=EDGE_LOOP('',(#2437,#2438,#2439,#2440,#2441,#2442));
#918=EDGE_LOOP('',(#2443));
#919=EDGE_LOOP('',(#2444));
#920=EDGE_LOOP('',(#2445,#2446,#2447,#2448));
#921=EDGE_LOOP('',(#2449));
#922=EDGE_LOOP('',(#2450));
#923=EDGE_LOOP('',(#2451,#2452,#2453));
#924=EDGE_LOOP('',(#2454,#2455,#2456,#2457));
#925=EDGE_LOOP('',(#2458,#2459,#2460,#2461));
#926=EDGE_LOOP('',(#2462));
#927=EDGE_LOOP('',(#2463));
#928=EDGE_LOOP('',(#2464,#2465,#2466,#2467));
#929=EDGE_LOOP('',(#2468));
#930=EDGE_LOOP('',(#2469));
#931=EDGE_LOOP('',(#2470,#2471,#2472,#2473));
#932=EDGE_LOOP('',(#2474,#2475,#2476,#2477));
#933=EDGE_LOOP('',(#2478,#2479,#2480,#2481));
#934=EDGE_LOOP('',(#2482));
#935=EDGE_LOOP('',(#2483));
#936=EDGE_LOOP('',(#2484,#2485,#2486,#2487,#2488,#2489));
#937=EDGE_LOOP('',(#2490));
#938=EDGE_LOOP('',(#2491));
#939=EDGE_LOOP('',(#2492,#2493,#2494,#2495));
#940=EDGE_LOOP('',(#2496));
#941=EDGE_LOOP('',(#2497));
#942=EDGE_LOOP('',(#2498,#2499,#2500,#2501));
#943=EDGE_LOOP('',(#2502));
#944=EDGE_LOOP('',(#2503));
#945=EDGE_LOOP('',(#2504,#2505,#2506,#2507));
#946=EDGE_LOOP('',(#2508));
#947=EDGE_LOOP('',(#2509));
#948=EDGE_LOOP('',(#2510,#2511,#2512,#2513));
#949=EDGE_LOOP('',(#2514,#2515,#2516,#2517));
#950=EDGE_LOOP('',(#2518,#2519,#2520,#2521));
#951=EDGE_LOOP('',(#2522,#2523,#2524,#2525));
#952=EDGE_LOOP('',(#2526));
#953=EDGE_LOOP('',(#2527));
#954=EDGE_LOOP('',(#2528,#2529,#2530,#2531,#2532,#2533));
#955=EDGE_LOOP('',(#2534));
#956=EDGE_LOOP('',(#2535));
#957=EDGE_LOOP('',(#2536,#2537,#2538,#2539));
#958=EDGE_LOOP('',(#2540,#2541,#2542,#2543));
#959=EDGE_LOOP('',(#2544));
#960=EDGE_LOOP('',(#2545));
#961=EDGE_LOOP('',(#2546,#2547,#2548,#2549));
#962=EDGE_LOOP('',(#2550));
#963=EDGE_LOOP('',(#2551));
#964=EDGE_LOOP('',(#2552,#2553,#2554));
#965=EDGE_LOOP('',(#2555,#2556,#2557,#2558));
#966=EDGE_LOOP('',(#2559,#2560,#2561,#2562));
#967=EDGE_LOOP('',(#2563));
#968=EDGE_LOOP('',(#2564));
#969=EDGE_LOOP('',(#2565));
#970=EDGE_LOOP('',(#2566));
#971=EDGE_LOOP('',(#2567,#2568,#2569,#2570));
#972=EDGE_LOOP('',(#2571,#2572,#2573,#2574));
#973=EDGE_LOOP('',(#2575));
#974=EDGE_LOOP('',(#2576));
#975=EDGE_LOOP('',(#2577,#2578,#2579,#2580,#2581,#2582));
#976=EDGE_LOOP('',(#2583));
#977=EDGE_LOOP('',(#2584));
#978=EDGE_LOOP('',(#2585,#2586,#2587,#2588));
#979=EDGE_LOOP('',(#2589,#2590));
#980=EDGE_LOOP('',(#2591));
#981=EDGE_LOOP('',(#2592,#2593,#2594,#2595));
#982=EDGE_LOOP('',(#2596));
#983=EDGE_LOOP('',(#2597));
#984=EDGE_LOOP('',(#2598,#2599,#2600,#2601));
#985=EDGE_LOOP('',(#2602));
#986=EDGE_LOOP('',(#2603));
#987=EDGE_LOOP('',(#2604,#2605,#2606,#2607));
#988=EDGE_LOOP('',(#2608));
#989=EDGE_LOOP('',(#2609));
#990=EDGE_LOOP('',(#2610,#2611,#2612,#2613));
#991=EDGE_LOOP('',(#2614,#2615,#2616,#2617));
#992=EDGE_LOOP('',(#2618,#2619,#2620,#2621));
#993=EDGE_LOOP('',(#2622,#2623,#2624,#2625));
#994=EDGE_LOOP('',(#2626));
#995=EDGE_LOOP('',(#2627));
#996=EDGE_LOOP('',(#2628,#2629,#2630,#2631,#2632,#2633));
#997=EDGE_LOOP('',(#2634));
#998=EDGE_LOOP('',(#2635));
#999=EDGE_LOOP('',(#2636,#2637,#2638,#2639));
#1000=EDGE_LOOP('',(#2640,#2641,#2642,#2643));
#1001=EDGE_LOOP('',(#2644));
#1002=EDGE_LOOP('',(#2645));
#1003=EDGE_LOOP('',(#2646,#2647,#2648,#2649));
#1004=EDGE_LOOP('',(#2650));
#1005=EDGE_LOOP('',(#2651));
#1006=EDGE_LOOP('',(#2652,#2653,#2654));
#1007=EDGE_LOOP('',(#2655,#2656,#2657,#2658));
#1008=EDGE_LOOP('',(#2659,#2660,#2661,#2662));
#1009=EDGE_LOOP('',(#2663));
#1010=EDGE_LOOP('',(#2664));
#1011=EDGE_LOOP('',(#2665,#2666,#2667,#2668));
#1012=EDGE_LOOP('',(#2669));
#1013=EDGE_LOOP('',(#2670));
#1014=EDGE_LOOP('',(#2671,#2672,#2673,#2674));
#1015=EDGE_LOOP('',(#2675,#2676,#2677,#2678));
#1016=EDGE_LOOP('',(#2679,#2680,#2681,#2682));
#1017=EDGE_LOOP('',(#2683));
#1018=EDGE_LOOP('',(#2684));
#1019=B_SPLINE_CURVE_WITH_KNOTS('',3,(#4244,#4245,#4246,#4247,#4248,#4249,
#4250,#4251),.UNSPECIFIED.,.F.,.F.,(4,1,1,2,4),(-0.570667252009697,-0.342400351205818,
-0.228266900803879,0.,0.000923799240749392),.UNSPECIFIED.);
#1020=B_SPLINE_CURVE_WITH_KNOTS('',3,(#4252,#4253,#4254,#4255,#4256,#4257,
#4258,#4259),.UNSPECIFIED.,.F.,.F.,(4,2,1,1,4),(-0.000923799240749392,0.,
0.228266900803879,0.342400351205818,0.570667252009697),.UNSPECIFIED.);
#1021=B_SPLINE_CURVE_WITH_KNOTS('',3,(#4299,#4300,#4301,#4302,#4303,#4304,
#4305,#4306),.UNSPECIFIED.,.F.,.F.,(4,1,1,2,4),(0.,0.228266900803879,0.342400351205818,
0.570667252009697,0.571591051250446),.UNSPECIFIED.);
#1022=B_SPLINE_CURVE_WITH_KNOTS('',3,(#4307,#4308,#4309,#4310,#4311,#4312,
#4313,#4314),.UNSPECIFIED.,.F.,.F.,(4,2,1,1,4),(-0.571591051250446,-0.570667252009697,
-0.342400351205818,-0.228266900803879,0.),.UNSPECIFIED.);
#1023=B_SPLINE_CURVE_WITH_KNOTS('',3,(#4319,#4320,#4321,#4322,#4323,#4324,
#4325,#4326),.UNSPECIFIED.,.F.,.F.,(4,2,1,1,4),(-0.00092379924074881,0.,
0.228266900803879,0.342400351205819,0.570667252009698),.UNSPECIFIED.);
#1024=B_SPLINE_CURVE_WITH_KNOTS('',3,(#4335,#4336,#4337,#4338,#4339,#4340,
#4341,#4342),.UNSPECIFIED.,.F.,.F.,(4,1,1,2,4),(0.,0.228266900803879,0.342400351205819,
0.570667252009698,0.571591051250448),.UNSPECIFIED.);
#1025=B_SPLINE_CURVE_WITH_KNOTS('',3,(#4377,#4378,#4379,#4380,#4381,#4382,
#4383,#4384),.UNSPECIFIED.,.F.,.F.,(4,2,1,1,4),(-0.571591051250448,-0.570667252009698,
-0.342400351205819,-0.228266900803879,0.),.UNSPECIFIED.);
#1026=B_SPLINE_CURVE_WITH_KNOTS('',3,(#4421,#4422,#4423,#4424,#4425,#4426,
#4427,#4428),.UNSPECIFIED.,.F.,.F.,(4,1,1,2,4),(-0.570667252009698,-0.342400351205819,
-0.228266900803879,0.,0.00092379924074881),.UNSPECIFIED.);
#1027=B_SPLINE_CURVE_WITH_KNOTS('',3,(#4479,#4480,#4481,#4482,#4483,#4484,
#4485,#4486),.UNSPECIFIED.,.F.,.F.,(4,1,1,2,4),(0.,0.228266900803879,0.342400351205818,
0.570667252009697,0.571591051250446),.UNSPECIFIED.);
#1028=B_SPLINE_CURVE_WITH_KNOTS('',3,(#4487,#4488,#4489,#4490,#4491,#4492,
#4493,#4494),.UNSPECIFIED.,.F.,.F.,(4,2,1,1,4),(-0.571591051250446,-0.570667252009697,
-0.342400351205818,-0.228266900803879,0.),.UNSPECIFIED.);
#1029=B_SPLINE_CURVE_WITH_KNOTS('',3,(#4534,#4535,#4536,#4537,#4538,#4539,
#4540,#4541),.UNSPECIFIED.,.F.,.F.,(4,1,1,2,4),(-0.570667252009697,-0.342400351205818,
-0.228266900803879,0.,0.000923799240749392),.UNSPECIFIED.);
#1030=B_SPLINE_CURVE_WITH_KNOTS('',3,(#4542,#4543,#4544,#4545,#4546,#4547,
#4548,#4549),.UNSPECIFIED.,.F.,.F.,(4,2,1,1,4),(-0.000923799240749392,0.,
0.228266900803879,0.342400351205818,0.570667252009697),.UNSPECIFIED.);
#1031=B_SPLINE_CURVE_WITH_KNOTS('',3,(#4572,#4573,#4574,#4575,#4576,#4577,
#4578,#4579),.UNSPECIFIED.,.F.,.F.,(4,2,1,1,4),(-0.00092379924074881,0.,
0.228266900803879,0.342400351205819,0.570667252009698),.UNSPECIFIED.);
#1032=B_SPLINE_CURVE_WITH_KNOTS('',3,(#4615,#4616,#4617,#4618,#4619,#4620,
#4621,#4622),.UNSPECIFIED.,.F.,.F.,(4,1,1,2,4),(-0.570667252009698,-0.342400351205819,
-0.228266900803879,0.,0.00092379924074881),.UNSPECIFIED.);
#1033=B_SPLINE_CURVE_WITH_KNOTS('',3,(#4662,#4663,#4664,#4665,#4666,#4667,
#4668,#4669),.UNSPECIFIED.,.F.,.F.,(4,1,1,2,4),(0.,0.228266900803879,0.342400351205819,
0.570667252009698,0.571591051250448),.UNSPECIFIED.);
#1034=B_SPLINE_CURVE_WITH_KNOTS('',3,(#4670,#4671,#4672,#4673,#4674,#4675,
#4676,#4677),.UNSPECIFIED.,.F.,.F.,(4,2,1,1,4),(-0.571591051250448,-0.570667252009698,
-0.342400351205819,-0.228266900803879,0.),.UNSPECIFIED.);
#1035=B_SPLINE_CURVE_WITH_KNOTS('',3,(#4699,#4700,#4701,#4702,#4703,#4704,
#4705,#4706,#4707,#4708,#4709,#4710,#4711,#4712),.UNSPECIFIED.,.F.,.F.,
(4,2,2,2,2,2,4),(-0.0827279575223921,-0.0823804366958811,-0.0696286004926261,
-0.0569840808124587,-0.0364033741175069,-0.0177569230738554,0.),
 .UNSPECIFIED.);
#1036=B_SPLINE_CURVE_WITH_KNOTS('',3,(#4719,#4720,#4721,#4722,#4723,#4724,
#4725,#4726,#4727,#4728,#4729,#4730,#4731,#4732),.UNSPECIFIED.,.F.,.F.,
(4,2,2,2,2,2,4),(-0.0827279575223921,-0.0823804366958811,-0.0696286004926261,
-0.0569840808124587,-0.0364033741175069,-0.0177569230738554,0.),
 .UNSPECIFIED.);
#1037=B_SPLINE_CURVE_WITH_KNOTS('',3,(#4748,#4749,#4750,#4751,#4752,#4753,
#4754,#4755,#4756,#4757,#4758,#4759,#4760,#4761),.UNSPECIFIED.,.F.,.F.,
(4,2,2,2,2,2,4),(-0.000348655359036088,0.,0.0127934664361017,0.025479265998643,
0.0461271614182777,0.0648344865263652,0.082649379670603),.UNSPECIFIED.);
#1038=B_SPLINE_CURVE_WITH_KNOTS('',3,(#4861,#4862,#4863,#4864,#4865,#4866,
#4867,#4868,#4869,#4870,#4871,#4872,#4873,#4874),.UNSPECIFIED.,.F.,.F.,
(4,2,2,2,2,2,4),(-0.000348655359036504,0.,0.0127934664361132,0.0254792659986672,
0.0461271614183219,0.0648344865264272,0.082649379670682),.UNSPECIFIED.);
#1039=B_SPLINE_CURVE_WITH_KNOTS('',3,(#4964,#4965,#4966,#4967,#4968,#4969,
#4970,#4971,#4972,#4973,#4974,#4975,#4976,#4977),.UNSPECIFIED.,.F.,.F.,
(4,2,2,2,2,2,4),(1.24905414933714,1.31683758361061,1.43516342473199,1.55348926456503,
1.67181510439806,1.79268316726952,1.80565069744137),.UNSPECIFIED.);
#1040=B_SPLINE_CURVE_WITH_KNOTS('',3,(#4981,#4982,#4983,#4984,#4985,#4986,
#4987,#4988,#4989,#4990,#4991,#4992,#4993,#4994),.UNSPECIFIED.,.F.,.F.,
(4,2,2,2,2,2,4),(0.107900532699619,0.12086806287146,0.24173612574292,0.360061965575958,
0.478387805408996,0.59671364653037,0.664497080803839),.UNSPECIFIED.);
#1041=B_SPLINE_CURVE_WITH_KNOTS('',3,(#4998,#4999,#5000,#5001,#5002,#5003,
#5004,#5005,#5006,#5007,#5008,#5009,#5010,#5011),.UNSPECIFIED.,.F.,.F.,
(4,2,2,2,2,2,4),(0.292278534266653,0.360061968540122,0.478387809661496,
0.596713649494534,0.715039489327572,0.835907552199032,0.848875082370873),
 .UNSPECIFIED.);
#1042=B_SPLINE_CURVE_WITH_KNOTS('',3,(#5015,#5016,#5017,#5018,#5019,#5020,
#5021,#5022,#5023,#5024,#5025,#5026,#5027,#5028),.UNSPECIFIED.,.F.,.F.,
(4,2,2,2,2,2,4),(1.06467614777011,1.07764367794195,1.19851174081341,1.31683758064645,
1.43516342047949,1.55348926160086,1.62127269587433),.UNSPECIFIED.);
#1043=B_SPLINE_CURVE_WITH_KNOTS('',3,(#5047,#5048,#5049,#5050,#5051,#5052,
#5053,#5054,#5055,#5056,#5057,#5058,#5059,#5060),.UNSPECIFIED.,.F.,.F.,
(4,2,2,2,2,2,4),(0.737422724723001,0.793873907711907,0.905533230134693,
1.01719255255748,1.12885187498026,1.24051119740305,1.29696238039196),
 .UNSPECIFIED.);
#1044=B_SPLINE_CURVE_WITH_KNOTS('',3,(#5061,#5062,#5063,#5064,#5065,#5066,
#5067,#5068,#5069,#5070,#5071,#5072,#5073,#5074),.UNSPECIFIED.,.F.,.F.,
(4,2,2,2,2,2,4),(0.737422724723001,0.793873907711907,0.905533230134693,
1.01719255255748,1.12885187498026,1.24051119740305,1.29696238039196),
 .UNSPECIFIED.);
#1045=B_SPLINE_CURVE_WITH_KNOTS('',3,(#5076,#5077,#5078,#5079,#5080,#5081,
#5082,#5083,#5084,#5085,#5086,#5087,#5088,#5089,#5090,#5091,#5092,#5093,
#5094,#5095),.UNSPECIFIED.,.F.,.F.,(4,2,2,2,2,2,2,2,2,4),(1.04852797661062,
1.07504736759465,1.13290218263182,1.24861181270616,1.39939751382956,1.55018321495296,
1.68062483761117,1.81106646026939,1.92272578269217,2.03438510511496),
 .UNSPECIFIED.);
#1046=B_SPLINE_CURVE_WITH_KNOTS('',3,(#5096,#5097,#5098,#5099,#5100,#5101,
#5102,#5103,#5104,#5105,#5106,#5107,#5108,#5109,#5110,#5111,#5112,#5113,
#5114,#5115),.UNSPECIFIED.,.F.,.F.,(4,2,2,2,2,2,2,2,2,4),(2.03438510511496,
2.14604442753774,2.25770374996053,2.38814537261874,2.51858699527696,2.66937269640036,
2.82015839752376,2.9358680275981,2.99372284263527,3.0202422336193),
 .UNSPECIFIED.);
#1047=B_SPLINE_CURVE_WITH_KNOTS('',3,(#5117,#5118,#5119,#5120,#5121,#5122,
#5123,#5124,#5125,#5126,#5127,#5128,#5129,#5130,#5131,#5132,#5133,#5134,
#5135,#5136),.UNSPECIFIED.,.F.,.F.,(4,2,2,2,2,2,2,2,2,4),(2.03438510511496,
2.14604442753774,2.25770374996053,2.38814537261874,2.51858699527696,2.66937269640036,
2.82015839752376,2.9358680275981,2.99372284263527,3.0202422336193),
 .UNSPECIFIED.);
#1048=B_SPLINE_CURVE_WITH_KNOTS('',3,(#5137,#5138,#5139,#5140,#5141,#5142,
#5143,#5144,#5145,#5146,#5147,#5148,#5149,#5150,#5151,#5152,#5153,#5154,
#5155,#5156),.UNSPECIFIED.,.F.,.F.,(4,2,2,2,2,2,2,2,2,4),(1.04852797661062,
1.07504736759465,1.13290218263182,1.24861181270616,1.39939751382956,1.55018321495296,
1.68062483761117,1.81106646026939,1.92272578269217,2.03438510511496),
 .UNSPECIFIED.);
#1049=B_SPLINE_CURVE_WITH_KNOTS('',3,(#5184,#5185,#5186,#5187,#5188,#5189,
#5190,#5191,#5192,#5193,#5194,#5195,#5196,#5197),.UNSPECIFIED.,.F.,.F.,
(4,2,2,2,2,2,4),(0.292278534266653,0.360061968540122,0.478387809661496,
0.596713649494534,0.715039489327573,0.835907552199032,0.848875082370873),
 .UNSPECIFIED.);
#1050=B_SPLINE_CURVE_WITH_KNOTS('',3,(#5201,#5202,#5203,#5204,#5205,#5206,
#5207,#5208,#5209,#5210,#5211,#5212,#5213,#5214),.UNSPECIFIED.,.F.,.F.,
(4,2,2,2,2,2,4),(1.06467614777011,1.07764367794195,1.19851174081341,1.31683758064645,
1.43516342047949,1.55348926160086,1.62127269587433),.UNSPECIFIED.);
#1051=B_SPLINE_CURVE_WITH_KNOTS('',3,(#5218,#5219,#5220,#5221,#5222,#5223,
#5224,#5225,#5226,#5227,#5228,#5229,#5230,#5231),.UNSPECIFIED.,.F.,.F.,
(4,2,2,2,2,2,4),(1.24905414933714,1.31683758361061,1.43516342473199,1.55348926456503,
1.67181510439806,1.79268316726952,1.80565069744137),.UNSPECIFIED.);
#1052=B_SPLINE_CURVE_WITH_KNOTS('',3,(#5235,#5236,#5237,#5238,#5239,#5240,
#5241,#5242,#5243,#5244,#5245,#5246,#5247,#5248),.UNSPECIFIED.,.F.,.F.,
(4,2,2,2,2,2,4),(0.107900532699619,0.12086806287146,0.241736125742919,0.360061965575958,
0.478387805408996,0.59671364653037,0.664497080803839),.UNSPECIFIED.);
#1053=B_SPLINE_CURVE_WITH_KNOTS('',3,(#5254,#5255,#5256,#5257,#5258,#5259,
#5260,#5261,#5262,#5263,#5264,#5265,#5266,#5267,#5268,#5269,#5270,#5271,
#5272,#5273),.UNSPECIFIED.,.F.,.F.,(4,2,2,2,2,2,2,2,2,4),(1.04852797661062,
1.07504736759465,1.13290218263182,1.24861181270616,1.39939751382956,1.55018321495296,
1.68062483761117,1.81106646026939,1.92272578269217,2.03438510511496),
 .UNSPECIFIED.);
#1054=B_SPLINE_CURVE_WITH_KNOTS('',3,(#5274,#5275,#5276,#5277,#5278,#5279,
#5280,#5281,#5282,#5283,#5284,#5285,#5286,#5287,#5288,#5289,#5290,#5291,
#5292,#5293),.UNSPECIFIED.,.F.,.F.,(4,2,2,2,2,2,2,2,2,4),(2.03438510511496,
2.14604442753774,2.25770374996053,2.38814537261874,2.51858699527696,2.66937269640036,
2.82015839752376,2.9358680275981,2.99372284263527,3.0202422336193),
 .UNSPECIFIED.);
#1055=B_SPLINE_CURVE_WITH_KNOTS('',3,(#5295,#5296,#5297,#5298,#5299,#5300,
#5301,#5302,#5303,#5304,#5305,#5306,#5307,#5308,#5309,#5310,#5311,#5312,
#5313,#5314),.UNSPECIFIED.,.F.,.F.,(4,2,2,2,2,2,2,2,2,4),(2.03438510511496,
2.14604442753774,2.25770374996053,2.38814537261874,2.51858699527696,2.66937269640036,
2.82015839752376,2.9358680275981,2.99372284263527,3.0202422336193),
 .UNSPECIFIED.);
#1056=B_SPLINE_CURVE_WITH_KNOTS('',3,(#5315,#5316,#5317,#5318,#5319,#5320,
#5321,#5322,#5323,#5324,#5325,#5326,#5327,#5328,#5329,#5330,#5331,#5332,
#5333,#5334),.UNSPECIFIED.,.F.,.F.,(4,2,2,2,2,2,2,2,2,4),(1.04852797661062,
1.07504736759465,1.13290218263182,1.24861181270616,1.39939751382956,1.55018321495296,
1.68062483761117,1.81106646026939,1.92272578269217,2.03438510511496),
 .UNSPECIFIED.);
#1057=B_SPLINE_CURVE_WITH_KNOTS('',3,(#5335,#5336,#5337,#5338,#5339,#5340,
#5341,#5342,#5343,#5344,#5345,#5346,#5347,#5348),.UNSPECIFIED.,.F.,.F.,
(4,2,2,2,2,2,4),(0.737422724723001,0.793873907711907,0.905533230134693,
1.01719255255748,1.12885187498026,1.24051119740305,1.29696238039196),
 .UNSPECIFIED.);
#1058=B_SPLINE_CURVE_WITH_KNOTS('',3,(#5349,#5350,#5351,#5352,#5353,#5354,
#5355,#5356,#5357,#5358,#5359,#5360,#5361,#5362),.UNSPECIFIED.,.F.,.F.,
(4,2,2,2,2,2,4),(0.737422724723001,0.793873907711907,0.905533230134693,
1.01719255255748,1.12885187498026,1.24051119740305,1.29696238039196),
 .UNSPECIFIED.);
#1059=CIRCLE('',#2895,3.);
#1060=CIRCLE('',#2897,3.);
#1061=CIRCLE('',#2899,4.);
#1062=CIRCLE('',#2900,3.5);
#1063=CIRCLE('',#2902,4.);
#1064=CIRCLE('',#2904,3.5);
#1065=CIRCLE('',#2905,3.);
#1066=CIRCLE('',#2907,3.);
#1067=CIRCLE('',#2909,3.);
#1068=CIRCLE('',#2910,3.);
#1069=CIRCLE('',#2912,0.5);
#1070=CIRCLE('',#2913,3.);
#1071=CIRCLE('',#2915,3.);
#1072=CIRCLE('',#2917,3.);
#1073=CIRCLE('',#2918,3.);
#1074=CIRCLE('',#2919,3.);
#1075=CIRCLE('',#2920,3.);
#1076=CIRCLE('',#2922,0.5);
#1077=CIRCLE('',#2924,4.);
#1078=CIRCLE('',#2925,3.5);
#1079=CIRCLE('',#2926,3.00000000000001);
#1080=CIRCLE('',#2928,3.);
#1081=CIRCLE('',#2930,4.);
#1082=CIRCLE('',#2932,0.5);
#1083=CIRCLE('',#2940,0.5);
#1084=CIRCLE('',#2941,0.5);
#1085=CIRCLE('',#2943,14.2);
#1086=CIRCLE('',#2944,0.500000000000005);
#1087=CIRCLE('',#2945,14.7);
#1088=CIRCLE('',#2947,0.499999999999998);
#1089=CIRCLE('',#2948,3.5);
#1090=CIRCLE('',#2949,4.);
#1091=CIRCLE('',#2952,0.499999999999998);
#1092=CIRCLE('',#2953,0.5);
#1093=CIRCLE('',#2955,14.7);
#1094=CIRCLE('',#2956,0.5);
#1095=CIRCLE('',#2957,14.2);
#1096=CIRCLE('',#2959,0.5);
#1097=CIRCLE('',#2960,4.);
#1098=CIRCLE('',#2961,3.5);
#1099=CIRCLE('',#2964,0.5);
#1100=CIRCLE('',#2965,0.5);
#1101=CIRCLE('',#2966,0.5);
#1102=CIRCLE('',#2968,14.7);
#1103=CIRCLE('',#2969,0.5);
#1104=CIRCLE('',#2970,14.2);
#1105=CIRCLE('',#2972,0.5);
#1106=CIRCLE('',#2973,4.);
#1107=CIRCLE('',#2974,3.5);
#1108=CIRCLE('',#2977,0.5);
#1109=CIRCLE('',#2978,0.5);
#1110=CIRCLE('',#2979,0.5);
#1111=CIRCLE('',#2983,0.5);
#1112=CIRCLE('',#2985,0.500000000000003);
#1113=CIRCLE('',#2986,3.5);
#1114=CIRCLE('',#2987,4.);
#1115=CIRCLE('',#2989,0.499999999999998);
#1116=CIRCLE('',#2991,0.499999999999998);
#1117=CIRCLE('',#2992,3.5);
#1118=CIRCLE('',#2993,4.);
#1119=CIRCLE('',#2996,3.5);
#1120=CIRCLE('',#2999,14.2);
#1121=CIRCLE('',#3000,0.500000000000005);
#1122=CIRCLE('',#3001,14.7);
#1123=CIRCLE('',#3003,0.499999999999998);
#1124=CIRCLE('',#3004,3.5);
#1125=CIRCLE('',#3005,4.);
#1126=CIRCLE('',#3013,0.5);
#1127=CIRCLE('',#3014,4.);
#1128=CIRCLE('',#3015,3.5);
#1129=CIRCLE('',#3017,0.5);
#1130=CIRCLE('',#3019,0.5);
#1131=CIRCLE('',#3020,4.);
#1132=CIRCLE('',#3021,3.5);
#1133=CIRCLE('',#3025,3.);
#1134=CIRCLE('',#3026,3.);
#1135=CIRCLE('',#3027,3.);
#1136=CIRCLE('',#3028,3.);
#1137=CIRCLE('',#3030,3.);
#1138=CIRCLE('',#3031,3.);
#1139=CIRCLE('',#3032,3.);
#1140=CIRCLE('',#3033,3.);
#1141=CIRCLE('',#3034,3.);
#1142=CIRCLE('',#3035,3.);
#1143=CIRCLE('',#3038,3.);
#1144=CIRCLE('',#3039,3.);
#1145=CIRCLE('',#3040,3.);
#1146=CIRCLE('',#3041,3.);
#1147=CIRCLE('',#3044,1.95);
#1148=CIRCLE('',#3045,3.);
#1149=CIRCLE('',#3046,3.);
#1150=CIRCLE('',#3047,1.95);
#1151=CIRCLE('',#3049,1.95);
#1152=CIRCLE('',#3050,3.);
#1153=CIRCLE('',#3051,3.);
#1154=CIRCLE('',#3052,1.95);
#1155=CIRCLE('',#3054,3.);
#1156=CIRCLE('',#3055,2.5);
#1157=CIRCLE('',#3062,3.);
#1158=CIRCLE('',#3063,3.);
#1159=CIRCLE('',#3064,3.);
#1160=CIRCLE('',#3065,3.);
#1161=CIRCLE('',#3066,3.);
#1162=CIRCLE('',#3067,3.);
#1163=CIRCLE('',#3070,3.);
#1164=CIRCLE('',#3071,3.);
#1165=CIRCLE('',#3072,3.);
#1166=CIRCLE('',#3073,3.);
#1167=CIRCLE('',#3075,3.);
#1168=CIRCLE('',#3077,2.5);
#1169=CIRCLE('',#3079,3.);
#1170=CIRCLE('',#3081,2.5);
#1171=CIRCLE('',#3083,3.);
#1172=CIRCLE('',#3085,2.5);
#1173=CIRCLE('',#3087,3.);
#1174=CIRCLE('',#3089,2.5);
#1175=CIRCLE('',#3091,3.);
#1176=CIRCLE('',#3093,2.5);
#1177=CIRCLE('',#3095,3.);
#1178=CIRCLE('',#3097,2.5);
#1179=CIRCLE('',#3102,3.);
#1180=CIRCLE('',#3103,3.);
#1181=CIRCLE('',#3104,3.);
#1182=CIRCLE('',#3106,2.5);
#1183=CIRCLE('',#3108,3.);
#1184=CIRCLE('',#3110,2.5);
#1185=CIRCLE('',#3114,3.);
#1186=CIRCLE('',#3116,2.5);
#1187=CIRCLE('',#3118,3.);
#1188=CIRCLE('',#3119,2.5);
#1189=CIRCLE('',#3122,3.);
#1190=CIRCLE('',#3124,2.5);
#1191=CIRCLE('',#3126,3.);
#1192=CIRCLE('',#3128,2.5);
#1193=CIRCLE('',#3130,3.);
#1194=CIRCLE('',#3132,2.5);
#1195=CIRCLE('',#3134,3.);
#1196=CIRCLE('',#3136,2.5);
#1197=CIRCLE('',#3138,3.);
#1198=CIRCLE('',#3140,2.5);
#1199=CIRCLE('',#3142,3.);
#1200=CIRCLE('',#3144,2.5);
#1201=CIRCLE('',#3149,3.);
#1202=CIRCLE('',#3150,3.);
#1203=CIRCLE('',#3151,3.);
#1204=CIRCLE('',#3153,2.5);
#1205=CIRCLE('',#3155,3.);
#1206=CIRCLE('',#3157,2.5);
#1207=CIRCLE('',#3161,3.);
#1208=CIRCLE('',#3163,2.5);
#1209=CIRCLE('',#3165,3.);
#1210=CIRCLE('',#3167,2.5);
#1211=CIRCLE('',#3171,3.);
#1212=CIRCLE('',#3173,2.5);
#1213=CIRCLE('',#3175,3.);
#1214=CIRCLE('',#3177,2.5);
#1215=CIRCLE('',#3179,3.);
#1216=CIRCLE('',#3181,2.5);
#1217=CIRCLE('',#3183,3.);
#1218=CIRCLE('',#3185,2.5);
#1219=CIRCLE('',#3187,3.);
#1220=CIRCLE('',#3188,3.);
#1221=CIRCLE('',#3190,2.5);
#1222=CIRCLE('',#3195,3.);
#1223=CIRCLE('',#3197,2.5);
#1224=CIRCLE('',#3199,3.);
#1225=CIRCLE('',#3200,3.);
#1226=CIRCLE('',#3201,3.);
#1227=CIRCLE('',#3203,2.5);
#1228=CIRCLE('',#3205,2.5);
#1229=CIRCLE('',#3207,3.);
#1230=CIRCLE('',#3210,3.);
#1231=CIRCLE('',#3212,2.5);
#1232=CIRCLE('',#3216,3.);
#1233=CIRCLE('',#3218,2.5);
#1234=CIRCLE('',#3220,3.);
#1235=CIRCLE('',#3221,2.5);
#1236=CIRCLE('',#3224,3.);
#1237=CIRCLE('',#3226,2.5);
#1238=CIRCLE('',#3228,3.);
#1239=CIRCLE('',#3230,2.5);
#1240=CIRCLE('',#3232,3.);
#1241=CIRCLE('',#3234,2.5);
#1242=CIRCLE('',#3236,3.);
#1243=CIRCLE('',#3238,2.5);
#1244=CIRCLE('',#3240,3.);
#1245=CIRCLE('',#3242,2.5);
#1246=CIRCLE('',#3244,3.);
#1247=CIRCLE('',#3245,3.);
#1248=CIRCLE('',#3247,2.5);
#1249=CIRCLE('',#3252,3.);
#1250=CIRCLE('',#3254,2.5);
#1251=CIRCLE('',#3256,3.);
#1252=CIRCLE('',#3257,3.);
#1253=CIRCLE('',#3258,3.);
#1254=CIRCLE('',#3260,2.5);
#1255=CIRCLE('',#3262,2.5);
#1256=CIRCLE('',#3264,3.);
#1257=CIRCLE('',#3267,3.);
#1258=CIRCLE('',#3269,2.5);
#1259=CIRCLE('',#3273,3.);
#1260=CIRCLE('',#3275,2.5);
#1261=CIRCLE('',#3277,3.);
#1262=CIRCLE('',#3279,2.5);
#1263=VERTEX_POINT('',#4240);
#1264=VERTEX_POINT('',#4241);
#1265=VERTEX_POINT('',#4243);
#1266=VERTEX_POINT('',#4261);
#1267=VERTEX_POINT('',#4263);
#1268=VERTEX_POINT('',#4298);
#1269=VERTEX_POINT('',#4316);
#1270=VERTEX_POINT('',#4318);
#1271=VERTEX_POINT('',#4329);
#1272=VERTEX_POINT('',#4333);
#1273=VERTEX_POINT('',#4375);
#1274=VERTEX_POINT('',#4386);
#1275=VERTEX_POINT('',#4430);
#1276=VERTEX_POINT('',#4432);
#1277=VERTEX_POINT('',#4435);
#1278=VERTEX_POINT('',#4437);
#1279=VERTEX_POINT('',#4440);
#1280=VERTEX_POINT('',#4475);
#1281=VERTEX_POINT('',#4476);
#1282=VERTEX_POINT('',#4478);
#1283=VERTEX_POINT('',#4496);
#1284=VERTEX_POINT('',#4498);
#1285=VERTEX_POINT('',#4533);
#1286=VERTEX_POINT('',#4551);
#1287=VERTEX_POINT('',#4553);
#1288=VERTEX_POINT('',#4556);
#1289=VERTEX_POINT('',#4558);
#1290=VERTEX_POINT('',#4560);
#1291=VERTEX_POINT('',#4562);
#1292=VERTEX_POINT('',#4565);
#1293=VERTEX_POINT('',#4569);
#1294=VERTEX_POINT('',#4571);
#1295=VERTEX_POINT('',#4613);
#1296=VERTEX_POINT('',#4624);
#1297=VERTEX_POINT('',#4626);
#1298=VERTEX_POINT('',#4661);
#1299=VERTEX_POINT('',#4681);
#1300=VERTEX_POINT('',#4683);
#1301=VERTEX_POINT('',#4687);
#1302=VERTEX_POINT('',#4688);
#1303=VERTEX_POINT('',#4690);
#1304=VERTEX_POINT('',#4692);
#1305=VERTEX_POINT('',#4696);
#1306=VERTEX_POINT('',#4698);
#1307=VERTEX_POINT('',#4715);
#1308=VERTEX_POINT('',#4716);
#1309=VERTEX_POINT('',#4718);
#1310=VERTEX_POINT('',#4733);
#1311=VERTEX_POINT('',#4737);
#1312=VERTEX_POINT('',#4741);
#1313=VERTEX_POINT('',#4742);
#1314=VERTEX_POINT('',#4744);
#1315=VERTEX_POINT('',#4746);
#1316=VERTEX_POINT('',#4763);
#1317=VERTEX_POINT('',#4764);
#1318=VERTEX_POINT('',#4772);
#1319=VERTEX_POINT('',#4776);
#1320=VERTEX_POINT('',#4778);
#1321=VERTEX_POINT('',#4782);
#1322=VERTEX_POINT('',#4783);
#1323=VERTEX_POINT('',#4791);
#1324=VERTEX_POINT('',#4793);
#1325=VERTEX_POINT('',#4797);
#1326=VERTEX_POINT('',#4799);
#1327=VERTEX_POINT('',#4803);
#1328=VERTEX_POINT('',#4804);
#1329=VERTEX_POINT('',#4812);
#1330=VERTEX_POINT('',#4813);
#1331=VERTEX_POINT('',#4815);
#1332=VERTEX_POINT('',#4824);
#1333=VERTEX_POINT('',#4828);
#1334=VERTEX_POINT('',#4829);
#1335=VERTEX_POINT('',#4834);
#1336=VERTEX_POINT('',#4835);
#1337=VERTEX_POINT('',#4840);
#1338=VERTEX_POINT('',#4841);
#1339=VERTEX_POINT('',#4854);
#1340=VERTEX_POINT('',#4855);
#1341=VERTEX_POINT('',#4857);
#1342=VERTEX_POINT('',#4859);
#1343=VERTEX_POINT('',#4876);
#1344=VERTEX_POINT('',#4877);
#1345=VERTEX_POINT('',#4887);
#1346=VERTEX_POINT('',#4889);
#1347=VERTEX_POINT('',#4899);
#1348=VERTEX_POINT('',#4900);
#1349=VERTEX_POINT('',#4905);
#1350=VERTEX_POINT('',#4906);
#1351=VERTEX_POINT('',#4911);
#1352=VERTEX_POINT('',#4912);
#1353=VERTEX_POINT('',#4922);
#1354=VERTEX_POINT('',#4924);
#1355=VERTEX_POINT('',#4926);
#1356=VERTEX_POINT('',#4928);
#1357=VERTEX_POINT('',#4931);
#1358=VERTEX_POINT('',#4933);
#1359=VERTEX_POINT('',#4935);
#1360=VERTEX_POINT('',#4937);
#1361=VERTEX_POINT('',#4940);
#1362=VERTEX_POINT('',#4942);
#1363=VERTEX_POINT('',#4945);
#1364=VERTEX_POINT('',#4947);
#1365=VERTEX_POINT('',#4949);
#1366=VERTEX_POINT('',#4951);
#1367=VERTEX_POINT('',#4956);
#1368=VERTEX_POINT('',#4958);
#1369=VERTEX_POINT('',#4961);
#1370=VERTEX_POINT('',#4963);
#1371=VERTEX_POINT('',#4978);
#1372=VERTEX_POINT('',#4980);
#1373=VERTEX_POINT('',#4995);
#1374=VERTEX_POINT('',#4997);
#1375=VERTEX_POINT('',#5012);
#1376=VERTEX_POINT('',#5014);
#1377=VERTEX_POINT('',#5031);
#1378=VERTEX_POINT('',#5033);
#1379=VERTEX_POINT('',#5035);
#1380=VERTEX_POINT('',#5037);
#1381=VERTEX_POINT('',#5042);
#1382=VERTEX_POINT('',#5044);
#1383=VERTEX_POINT('',#5075);
#1384=VERTEX_POINT('',#5116);
#1385=VERTEX_POINT('',#5158);
#1386=VERTEX_POINT('',#5160);
#1387=VERTEX_POINT('',#5162);
#1388=VERTEX_POINT('',#5164);
#1389=VERTEX_POINT('',#5167);
#1390=VERTEX_POINT('',#5169);
#1391=VERTEX_POINT('',#5171);
#1392=VERTEX_POINT('',#5173);
#1393=VERTEX_POINT('',#5177);
#1394=VERTEX_POINT('',#5181);
#1395=VERTEX_POINT('',#5183);
#1396=VERTEX_POINT('',#5198);
#1397=VERTEX_POINT('',#5200);
#1398=VERTEX_POINT('',#5215);
#1399=VERTEX_POINT('',#5217);
#1400=VERTEX_POINT('',#5232);
#1401=VERTEX_POINT('',#5234);
#1402=VERTEX_POINT('',#5253);
#1403=VERTEX_POINT('',#5294);
#1404=VERTEX_POINT('',#5367);
#1405=VERTEX_POINT('',#5369);
#1406=VERTEX_POINT('',#5371);
#1407=VERTEX_POINT('',#5373);
#1408=VERTEX_POINT('',#5375);
#1409=VERTEX_POINT('',#5377);
#1410=VERTEX_POINT('',#5382);
#1411=VERTEX_POINT('',#5384);
#1412=VERTEX_POINT('',#5386);
#1413=VERTEX_POINT('',#5388);
#1414=VERTEX_POINT('',#5391);
#1415=VERTEX_POINT('',#5395);
#1416=VERTEX_POINT('',#5398);
#1417=VERTEX_POINT('',#5402);
#1418=VERTEX_POINT('',#5407);
#1419=VERTEX_POINT('',#5410);
#1420=VERTEX_POINT('',#5414);
#1421=VERTEX_POINT('',#5417);
#1422=VERTEX_POINT('',#5421);
#1423=VERTEX_POINT('',#5424);
#1424=VERTEX_POINT('',#5428);
#1425=VERTEX_POINT('',#5437);
#1426=VERTEX_POINT('',#5440);
#1427=VERTEX_POINT('',#5444);
#1428=VERTEX_POINT('',#5447);
#1429=VERTEX_POINT('',#5451);
#1430=VERTEX_POINT('',#5457);
#1431=VERTEX_POINT('',#5461);
#1432=VERTEX_POINT('',#5464);
#1433=VERTEX_POINT('',#5466);
#1434=VERTEX_POINT('',#5471);
#1435=VERTEX_POINT('',#5475);
#1436=VERTEX_POINT('',#5478);
#1437=VERTEX_POINT('',#5482);
#1438=VERTEX_POINT('',#5487);
#1439=VERTEX_POINT('',#5490);
#1440=VERTEX_POINT('',#5494);
#1441=VERTEX_POINT('',#5497);
#1442=VERTEX_POINT('',#5501);
#1443=VERTEX_POINT('',#5504);
#1444=VERTEX_POINT('',#5508);
#1445=VERTEX_POINT('',#5517);
#1446=VERTEX_POINT('',#5519);
#1447=VERTEX_POINT('',#5524);
#1448=VERTEX_POINT('',#5527);
#1449=VERTEX_POINT('',#5531);
#1450=VERTEX_POINT('',#5537);
#1451=VERTEX_POINT('',#5541);
#1452=VERTEX_POINT('',#5544);
#1453=VERTEX_POINT('',#5548);
#1454=VERTEX_POINT('',#5555);
#1455=VERTEX_POINT('',#5559);
#1456=VERTEX_POINT('',#5562);
#1457=VERTEX_POINT('',#5566);
#1458=VERTEX_POINT('',#5569);
#1459=VERTEX_POINT('',#5573);
#1460=VERTEX_POINT('',#5576);
#1461=VERTEX_POINT('',#5580);
#1462=VERTEX_POINT('',#5583);
#1463=VERTEX_POINT('',#5585);
#1464=VERTEX_POINT('',#5589);
#1465=VERTEX_POINT('',#5598);
#1466=VERTEX_POINT('',#5602);
#1467=VERTEX_POINT('',#5605);
#1468=VERTEX_POINT('',#5607);
#1469=VERTEX_POINT('',#5612);
#1470=VERTEX_POINT('',#5615);
#1471=VERTEX_POINT('',#5619);
#1472=VERTEX_POINT('',#5624);
#1473=VERTEX_POINT('',#5628);
#1474=VERTEX_POINT('',#5634);
#1475=VERTEX_POINT('',#5638);
#1476=VERTEX_POINT('',#5641);
#1477=VERTEX_POINT('',#5643);
#1478=VERTEX_POINT('',#5648);
#1479=VERTEX_POINT('',#5652);
#1480=VERTEX_POINT('',#5655);
#1481=VERTEX_POINT('',#5659);
#1482=VERTEX_POINT('',#5664);
#1483=VERTEX_POINT('',#5667);
#1484=VERTEX_POINT('',#5671);
#1485=VERTEX_POINT('',#5674);
#1486=VERTEX_POINT('',#5678);
#1487=VERTEX_POINT('',#5681);
#1488=VERTEX_POINT('',#5683);
#1489=VERTEX_POINT('',#5687);
#1490=VERTEX_POINT('',#5696);
#1491=VERTEX_POINT('',#5700);
#1492=VERTEX_POINT('',#5703);
#1493=VERTEX_POINT('',#5706);
#1494=VERTEX_POINT('',#5710);
#1495=VERTEX_POINT('',#5713);
#1496=VERTEX_POINT('',#5717);
#1497=VERTEX_POINT('',#5722);
#1498=VERTEX_POINT('',#5726);
#1499=VERTEX_POINT('',#5732);
#1500=VERTEX_POINT('',#5736);
#1501=VERTEX_POINT('',#5739);
#1502=VERTEX_POINT('',#5743);
#1503=EDGE_CURVE('',#1263,#1264,#1059,.T.);
#1504=EDGE_CURVE('',#1264,#1265,#1019,.T.);
#1505=EDGE_CURVE('',#1265,#1263,#1020,.T.);
#1506=EDGE_CURVE('',#1263,#1266,#175,.T.);
#1507=EDGE_CURVE('',#1266,#1267,#1060,.T.);
#1508=EDGE_CURVE('',#1267,#1264,#176,.T.);
#1509=EDGE_CURVE('',#1266,#1268,#1021,.T.);
#1510=EDGE_CURVE('',#1268,#1267,#1022,.T.);
#1511=EDGE_CURVE('',#1266,#1269,#1061,.T.);
#1512=EDGE_CURVE('',#1270,#1269,#1023,.T.);
#1513=EDGE_CURVE('',#1270,#1268,#1062,.T.);
#1514=EDGE_CURVE('',#1271,#1263,#1063,.T.);
#1515=EDGE_CURVE('',#1269,#1271,#177,.T.);
#1516=EDGE_CURVE('',#1265,#1272,#1064,.T.);
#1517=EDGE_CURVE('',#1271,#1272,#1024,.T.);
#1518=EDGE_CURVE('',#1273,#1271,#1065,.T.);
#1519=EDGE_CURVE('',#1272,#1273,#1025,.T.);
#1520=EDGE_CURVE('',#1273,#1274,#178,.T.);
#1521=EDGE_CURVE('',#1274,#1269,#1066,.T.);
#1522=EDGE_CURVE('',#1274,#1270,#1026,.T.);
#1523=EDGE_CURVE('',#1275,#1273,#179,.T.);
#1524=EDGE_CURVE('',#1276,#1275,#180,.T.);
#1525=EDGE_CURVE('',#1274,#1276,#181,.T.);
#1526=EDGE_CURVE('',#1277,#1277,#1067,.T.);
#1527=EDGE_CURVE('',#1278,#1278,#1068,.T.);
#1528=EDGE_CURVE('',#1272,#1279,#182,.T.);
#1529=EDGE_CURVE('',#1279,#1275,#1069,.F.);
#1530=EDGE_CURVE('',#1280,#1281,#1070,.T.);
#1531=EDGE_CURVE('',#1281,#1282,#1027,.T.);
#1532=EDGE_CURVE('',#1282,#1280,#1028,.T.);
#1533=EDGE_CURVE('',#1280,#1283,#183,.T.);
#1534=EDGE_CURVE('',#1283,#1284,#1071,.T.);
#1535=EDGE_CURVE('',#1284,#1281,#184,.T.);
#1536=EDGE_CURVE('',#1283,#1285,#1029,.T.);
#1537=EDGE_CURVE('',#1285,#1284,#1030,.T.);
#1538=EDGE_CURVE('',#1286,#1280,#185,.T.);
#1539=EDGE_CURVE('',#1287,#1286,#186,.T.);
#1540=EDGE_CURVE('',#1283,#1287,#187,.T.);
#1541=EDGE_CURVE('',#1288,#1288,#1072,.T.);
#1542=EDGE_CURVE('',#1289,#1289,#1073,.T.);
#1543=EDGE_CURVE('',#1290,#1290,#1074,.T.);
#1544=EDGE_CURVE('',#1291,#1291,#1075,.T.);
#1545=EDGE_CURVE('',#1282,#1292,#188,.T.);
#1546=EDGE_CURVE('',#1292,#1286,#1076,.T.);
#1547=EDGE_CURVE('',#1281,#1293,#1077,.T.);
#1548=EDGE_CURVE('',#1294,#1293,#1031,.T.);
#1549=EDGE_CURVE('',#1294,#1282,#1078,.T.);
#1550=EDGE_CURVE('',#1293,#1295,#1079,.T.);
#1551=EDGE_CURVE('',#1295,#1294,#1032,.T.);
#1552=EDGE_CURVE('',#1293,#1296,#189,.T.);
#1553=EDGE_CURVE('',#1296,#1297,#1080,.T.);
#1554=EDGE_CURVE('',#1297,#1295,#190,.T.);
#1555=EDGE_CURVE('',#1296,#1298,#1033,.T.);
#1556=EDGE_CURVE('',#1298,#1297,#1034,.T.);
#1557=EDGE_CURVE('',#1296,#1284,#1081,.T.);
#1558=EDGE_CURVE('',#1295,#1299,#191,.T.);
#1559=EDGE_CURVE('',#1299,#1300,#1082,.F.);
#1560=EDGE_CURVE('',#1300,#1294,#192,.T.);
#1561=EDGE_CURVE('',#1301,#1302,#193,.T.);
#1562=EDGE_CURVE('',#1302,#1303,#19,.T.);
#1563=EDGE_CURVE('',#1303,#1304,#194,.T.);
#1564=EDGE_CURVE('',#1304,#1301,#20,.T.);
#1565=EDGE_CURVE('',#1304,#1305,#195,.T.);
#1566=EDGE_CURVE('',#1305,#1306,#1035,.T.);
#1567=EDGE_CURVE('',#1306,#1301,#196,.T.);
#1568=EDGE_CURVE('',#1307,#1308,#197,.T.);
#1569=EDGE_CURVE('',#1308,#1309,#1036,.T.);
#1570=EDGE_CURVE('',#1309,#1310,#198,.T.);
#1571=EDGE_CURVE('',#1307,#1310,#21,.T.);
#1572=EDGE_CURVE('',#1275,#1311,#1083,.F.);
#1573=EDGE_CURVE('',#1311,#1279,#1084,.F.);
#1574=EDGE_CURVE('',#1312,#1313,#1085,.T.);
#1575=EDGE_CURVE('',#1313,#1314,#1086,.T.);
#1576=EDGE_CURVE('',#1314,#1315,#1087,.T.);
#1577=EDGE_CURVE('',#1315,#1312,#1037,.T.);
#1578=EDGE_CURVE('',#1316,#1317,#1088,.T.);
#1579=EDGE_CURVE('',#1317,#1314,#1089,.T.);
#1580=EDGE_CURVE('',#1313,#1316,#1090,.T.);
#1581=EDGE_CURVE('',#1279,#1317,#199,.T.);
#1582=EDGE_CURVE('',#1316,#1311,#200,.T.);
#1583=EDGE_CURVE('',#1318,#1299,#1091,.F.);
#1584=EDGE_CURVE('',#1300,#1318,#1092,.F.);
#1585=EDGE_CURVE('',#1305,#1319,#1093,.T.);
#1586=EDGE_CURVE('',#1319,#1320,#1094,.T.);
#1587=EDGE_CURVE('',#1320,#1306,#1095,.T.);
#1588=EDGE_CURVE('',#1321,#1322,#1096,.T.);
#1589=EDGE_CURVE('',#1322,#1320,#1097,.T.);
#1590=EDGE_CURVE('',#1319,#1321,#1098,.T.);
#1591=EDGE_CURVE('',#1318,#1322,#201,.T.);
#1592=EDGE_CURVE('',#1321,#1300,#202,.T.);
#1593=EDGE_CURVE('',#1323,#1276,#1099,.F.);
#1594=EDGE_CURVE('',#1324,#1323,#1100,.F.);
#1595=EDGE_CURVE('',#1276,#1324,#1101,.F.);
#1596=EDGE_CURVE('',#1308,#1325,#1102,.T.);
#1597=EDGE_CURVE('',#1325,#1326,#1103,.T.);
#1598=EDGE_CURVE('',#1326,#1309,#1104,.T.);
#1599=EDGE_CURVE('',#1327,#1328,#1105,.T.);
#1600=EDGE_CURVE('',#1328,#1326,#1106,.T.);
#1601=EDGE_CURVE('',#1325,#1327,#1107,.T.);
#1602=EDGE_CURVE('',#1323,#1328,#203,.T.);
#1603=EDGE_CURVE('',#1327,#1324,#204,.T.);
#1604=EDGE_CURVE('',#1329,#1330,#1108,.F.);
#1605=EDGE_CURVE('',#1331,#1329,#1109,.F.);
#1606=EDGE_CURVE('',#1330,#1331,#1110,.F.);
#1607=EDGE_CURVE('',#1329,#1318,#205,.T.);
#1608=EDGE_CURVE('',#1299,#1331,#206,.T.);
#1609=EDGE_CURVE('',#1324,#1270,#207,.T.);
#1610=EDGE_CURVE('',#1287,#1332,#1111,.T.);
#1611=EDGE_CURVE('',#1332,#1285,#208,.T.);
#1612=EDGE_CURVE('',#1333,#1334,#1112,.T.);
#1613=EDGE_CURVE('',#1334,#1332,#1113,.T.);
#1614=EDGE_CURVE('',#1287,#1333,#1114,.T.);
#1615=EDGE_CURVE('',#1335,#1336,#1115,.T.);
#1616=EDGE_CURVE('',#1336,#1334,#209,.T.);
#1617=EDGE_CURVE('',#1333,#1335,#210,.T.);
#1618=EDGE_CURVE('',#1337,#1338,#1116,.T.);
#1619=EDGE_CURVE('',#1338,#1336,#1117,.T.);
#1620=EDGE_CURVE('',#1335,#1337,#1118,.T.);
#1621=EDGE_CURVE('',#1268,#1338,#211,.T.);
#1622=EDGE_CURVE('',#1337,#1267,#212,.T.);
#1623=EDGE_CURVE('',#1285,#1298,#1119,.T.);
#1624=EDGE_CURVE('',#1298,#1330,#213,.T.);
#1625=EDGE_CURVE('',#1331,#1297,#214,.T.);
#1626=EDGE_CURVE('',#1339,#1340,#1120,.T.);
#1627=EDGE_CURVE('',#1340,#1341,#1121,.T.);
#1628=EDGE_CURVE('',#1341,#1342,#1122,.T.);
#1629=EDGE_CURVE('',#1342,#1339,#1038,.T.);
#1630=EDGE_CURVE('',#1343,#1344,#1123,.T.);
#1631=EDGE_CURVE('',#1344,#1341,#1124,.T.);
#1632=EDGE_CURVE('',#1340,#1343,#1125,.T.);
#1633=EDGE_CURVE('',#1330,#1344,#215,.T.);
#1634=EDGE_CURVE('',#1343,#1329,#216,.T.);
#1635=EDGE_CURVE('',#1311,#1323,#217,.T.);
#1636=EDGE_CURVE('',#1345,#1339,#218,.T.);
#1637=EDGE_CURVE('',#1342,#1346,#219,.T.);
#1638=EDGE_CURVE('',#1346,#1345,#22,.T.);
#1639=EDGE_CURVE('',#1310,#1345,#220,.T.);
#1640=EDGE_CURVE('',#1346,#1307,#221,.T.);
#1641=EDGE_CURVE('',#1302,#1312,#222,.T.);
#1642=EDGE_CURVE('',#1315,#1303,#223,.T.);
#1643=EDGE_CURVE('',#1347,#1348,#1126,.T.);
#1644=EDGE_CURVE('',#1348,#1286,#1127,.T.);
#1645=EDGE_CURVE('',#1292,#1347,#1128,.T.);
#1646=EDGE_CURVE('',#1349,#1350,#1129,.T.);
#1647=EDGE_CURVE('',#1350,#1348,#224,.T.);
#1648=EDGE_CURVE('',#1347,#1349,#225,.T.);
#1649=EDGE_CURVE('',#1351,#1352,#1130,.T.);
#1650=EDGE_CURVE('',#1352,#1350,#1131,.T.);
#1651=EDGE_CURVE('',#1349,#1351,#1132,.T.);
#1652=EDGE_CURVE('',#1264,#1352,#226,.T.);
#1653=EDGE_CURVE('',#1351,#1265,#227,.T.);
#1654=EDGE_CURVE('',#1322,#1343,#228,.T.);
#1655=EDGE_CURVE('',#1353,#1302,#229,.T.);
#1656=EDGE_CURVE('',#1354,#1353,#230,.T.);
#1657=EDGE_CURVE('',#1354,#1355,#231,.T.);
#1658=EDGE_CURVE('',#1355,#1356,#232,.T.);
#1659=EDGE_CURVE('',#1356,#1310,#233,.T.);
#1660=EDGE_CURVE('',#1357,#1309,#234,.T.);
#1661=EDGE_CURVE('',#1358,#1357,#1133,.T.);
#1662=EDGE_CURVE('',#1359,#1358,#235,.T.);
#1663=EDGE_CURVE('',#1359,#1360,#1134,.T.);
#1664=EDGE_CURVE('',#1360,#1312,#236,.T.);
#1665=EDGE_CURVE('',#1361,#1361,#1135,.T.);
#1666=EDGE_CURVE('',#1362,#1362,#1136,.T.);
#1667=EDGE_CURVE('',#1363,#1301,#237,.T.);
#1668=EDGE_CURVE('',#1364,#1363,#1137,.T.);
#1669=EDGE_CURVE('',#1364,#1365,#238,.T.);
#1670=EDGE_CURVE('',#1365,#1366,#1138,.T.);
#1671=EDGE_CURVE('',#1366,#1345,#239,.T.);
#1672=EDGE_CURVE('',#1355,#1356,#1139,.T.);
#1673=EDGE_CURVE('',#1354,#1353,#1140,.T.);
#1674=EDGE_CURVE('',#1367,#1367,#1141,.T.);
#1675=EDGE_CURVE('',#1368,#1368,#1142,.T.);
#1676=EDGE_CURVE('',#1340,#1369,#240,.T.);
#1677=EDGE_CURVE('',#1369,#1370,#1039,.T.);
#1678=EDGE_CURVE('',#1370,#1371,#241,.T.);
#1679=EDGE_CURVE('',#1371,#1372,#1040,.T.);
#1680=EDGE_CURVE('',#1372,#1373,#242,.T.);
#1681=EDGE_CURVE('',#1373,#1374,#1041,.T.);
#1682=EDGE_CURVE('',#1374,#1375,#243,.T.);
#1683=EDGE_CURVE('',#1375,#1376,#1042,.T.);
#1684=EDGE_CURVE('',#1376,#1320,#244,.T.);
#1685=EDGE_CURVE('',#1377,#1306,#245,.T.);
#1686=EDGE_CURVE('',#1378,#1377,#1143,.T.);
#1687=EDGE_CURVE('',#1378,#1379,#246,.T.);
#1688=EDGE_CURVE('',#1379,#1380,#1144,.T.);
#1689=EDGE_CURVE('',#1380,#1339,#247,.T.);
#1690=EDGE_CURVE('',#1365,#1366,#248,.T.);
#1691=EDGE_CURVE('',#1364,#1363,#249,.T.);
#1692=EDGE_CURVE('',#1381,#1381,#1145,.T.);
#1693=EDGE_CURVE('',#1382,#1382,#1146,.T.);
#1694=EDGE_CURVE('',#1373,#1376,#1043,.T.);
#1695=EDGE_CURVE('',#1372,#1369,#1044,.T.);
#1696=EDGE_CURVE('',#1380,#1383,#1045,.T.);
#1697=EDGE_CURVE('',#1383,#1379,#1046,.T.);
#1698=EDGE_CURVE('',#1384,#1378,#1047,.T.);
#1699=EDGE_CURVE('',#1377,#1384,#1048,.T.);
#1700=EDGE_CURVE('',#1385,#1385,#1147,.T.);
#1701=EDGE_CURVE('',#1386,#1386,#1148,.T.);
#1702=EDGE_CURVE('',#1387,#1387,#1149,.T.);
#1703=EDGE_CURVE('',#1388,#1388,#1150,.T.);
#1704=EDGE_CURVE('',#1389,#1389,#1151,.T.);
#1705=EDGE_CURVE('',#1390,#1390,#1152,.T.);
#1706=EDGE_CURVE('',#1391,#1391,#1153,.T.);
#1707=EDGE_CURVE('',#1392,#1392,#1154,.T.);
#1708=EDGE_CURVE('',#1374,#1375,#1155,.T.);
#1709=EDGE_CURVE('',#1393,#1393,#1156,.T.);
#1710=EDGE_CURVE('',#1313,#1394,#250,.T.);
#1711=EDGE_CURVE('',#1394,#1395,#1049,.T.);
#1712=EDGE_CURVE('',#1395,#1396,#251,.T.);
#1713=EDGE_CURVE('',#1396,#1397,#1050,.T.);
#1714=EDGE_CURVE('',#1397,#1398,#252,.T.);
#1715=EDGE_CURVE('',#1398,#1399,#1051,.T.);
#1716=EDGE_CURVE('',#1399,#1400,#253,.T.);
#1717=EDGE_CURVE('',#1400,#1401,#1052,.T.);
#1718=EDGE_CURVE('',#1401,#1326,#254,.T.);
#1719=EDGE_CURVE('',#1328,#1316,#255,.T.);
#1720=EDGE_CURVE('',#1360,#1402,#1053,.T.);
#1721=EDGE_CURVE('',#1402,#1359,#1054,.T.);
#1722=EDGE_CURVE('',#1403,#1358,#1055,.T.);
#1723=EDGE_CURVE('',#1357,#1403,#1056,.T.);
#1724=EDGE_CURVE('',#1398,#1401,#1057,.T.);
#1725=EDGE_CURVE('',#1397,#1394,#1058,.T.);
#1726=EDGE_CURVE('',#1348,#1333,#256,.T.);
#1727=EDGE_CURVE('',#1335,#1350,#257,.T.);
#1728=EDGE_CURVE('',#1404,#1404,#1157,.T.);
#1729=EDGE_CURVE('',#1405,#1405,#1158,.T.);
#1730=EDGE_CURVE('',#1406,#1406,#1159,.T.);
#1731=EDGE_CURVE('',#1407,#1407,#1160,.T.);
#1732=EDGE_CURVE('',#1408,#1408,#1161,.T.);
#1733=EDGE_CURVE('',#1409,#1409,#1162,.T.);
#1734=EDGE_CURVE('',#1352,#1337,#258,.T.);
#1735=EDGE_CURVE('',#1410,#1410,#1163,.T.);
#1736=EDGE_CURVE('',#1411,#1411,#1164,.T.);
#1737=EDGE_CURVE('',#1412,#1412,#1165,.T.);
#1738=EDGE_CURVE('',#1413,#1413,#1166,.T.);
#1739=EDGE_CURVE('',#1414,#1414,#1167,.T.);
#1740=EDGE_CURVE('',#1414,#1362,#259,.T.);
#1741=EDGE_CURVE('',#1415,#1415,#1168,.T.);
#1742=EDGE_CURVE('',#1416,#1416,#1169,.T.);
#1743=EDGE_CURVE('',#1416,#1402,#260,.T.);
#1744=EDGE_CURVE('',#1417,#1417,#1170,.T.);
#1745=EDGE_CURVE('',#1396,#1395,#1171,.T.);
#1746=EDGE_CURVE('',#1418,#1418,#1172,.T.);
#1747=EDGE_CURVE('',#1412,#1419,#261,.T.);
#1748=EDGE_CURVE('',#1419,#1419,#1173,.T.);
#1749=EDGE_CURVE('',#1420,#1420,#1174,.T.);
#1750=EDGE_CURVE('',#1413,#1421,#262,.T.);
#1751=EDGE_CURVE('',#1421,#1421,#1175,.T.);
#1752=EDGE_CURVE('',#1422,#1422,#1176,.T.);
#1753=EDGE_CURVE('',#1277,#1423,#263,.T.);
#1754=EDGE_CURVE('',#1423,#1423,#1177,.T.);
#1755=EDGE_CURVE('',#1424,#1424,#1178,.T.);
#1756=EDGE_CURVE('',#1420,#1415,#264,.T.);
#1757=EDGE_CURVE('',#1422,#1417,#265,.T.);
#1758=EDGE_CURVE('',#1424,#1418,#266,.T.);
#1759=EDGE_CURVE('',#1353,#1425,#1179,.T.);
#1760=EDGE_CURVE('',#1425,#1354,#1180,.T.);
#1761=EDGE_CURVE('',#1425,#1426,#267,.T.);
#1762=EDGE_CURVE('',#1426,#1426,#1181,.T.);
#1763=EDGE_CURVE('',#1427,#1427,#1182,.T.);
#1764=EDGE_CURVE('',#1407,#1428,#268,.T.);
#1765=EDGE_CURVE('',#1428,#1428,#1183,.T.);
#1766=EDGE_CURVE('',#1429,#1429,#1184,.T.);
#1767=EDGE_CURVE('',#1429,#1427,#269,.T.);
#1768=EDGE_CURVE('',#1387,#1430,#270,.T.);
#1769=EDGE_CURVE('',#1430,#1430,#1185,.T.);
#1770=EDGE_CURVE('',#1431,#1431,#1186,.T.);
#1771=EDGE_CURVE('',#1432,#1432,#1187,.T.);
#1772=EDGE_CURVE('',#1433,#1433,#1188,.T.);
#1773=EDGE_CURVE('',#1431,#1433,#271,.T.);
#1774=EDGE_CURVE('',#1434,#1434,#1189,.T.);
#1775=EDGE_CURVE('',#1434,#1361,#272,.T.);
#1776=EDGE_CURVE('',#1435,#1435,#1190,.T.);
#1777=EDGE_CURVE('',#1436,#1436,#1191,.T.);
#1778=EDGE_CURVE('',#1436,#1403,#273,.T.);
#1779=EDGE_CURVE('',#1437,#1437,#1192,.T.);
#1780=EDGE_CURVE('',#1399,#1400,#1193,.T.);
#1781=EDGE_CURVE('',#1438,#1438,#1194,.T.);
#1782=EDGE_CURVE('',#1411,#1439,#274,.T.);
#1783=EDGE_CURVE('',#1439,#1439,#1195,.T.);
#1784=EDGE_CURVE('',#1440,#1440,#1196,.T.);
#1785=EDGE_CURVE('',#1410,#1441,#275,.T.);
#1786=EDGE_CURVE('',#1441,#1441,#1197,.T.);
#1787=EDGE_CURVE('',#1442,#1442,#1198,.T.);
#1788=EDGE_CURVE('',#1278,#1443,#276,.T.);
#1789=EDGE_CURVE('',#1443,#1443,#1199,.T.);
#1790=EDGE_CURVE('',#1444,#1444,#1200,.T.);
#1791=EDGE_CURVE('',#1440,#1435,#277,.T.);
#1792=EDGE_CURVE('',#1442,#1437,#278,.T.);
#1793=EDGE_CURVE('',#1444,#1438,#279,.T.);
#1794=EDGE_CURVE('',#1356,#1445,#1201,.T.);
#1795=EDGE_CURVE('',#1445,#1446,#280,.T.);
#1796=EDGE_CURVE('',#1446,#1446,#1202,.T.);
#1797=EDGE_CURVE('',#1445,#1355,#1203,.T.);
#1798=EDGE_CURVE('',#1447,#1447,#1204,.T.);
#1799=EDGE_CURVE('',#1408,#1448,#281,.T.);
#1800=EDGE_CURVE('',#1448,#1448,#1205,.T.);
#1801=EDGE_CURVE('',#1449,#1449,#1206,.T.);
#1802=EDGE_CURVE('',#1449,#1447,#282,.T.);
#1803=EDGE_CURVE('',#1391,#1450,#283,.T.);
#1804=EDGE_CURVE('',#1450,#1450,#1207,.T.);
#1805=EDGE_CURVE('',#1451,#1451,#1208,.T.);
#1806=EDGE_CURVE('',#1432,#1452,#284,.T.);
#1807=EDGE_CURVE('',#1452,#1452,#1209,.T.);
#1808=EDGE_CURVE('',#1453,#1453,#1210,.T.);
#1809=EDGE_CURVE('',#1392,#1388,#285,.T.);
#1810=EDGE_CURVE('',#1451,#1453,#286,.T.);
#1811=EDGE_CURVE('',#1454,#1454,#1211,.T.);
#1812=EDGE_CURVE('',#1454,#1382,#287,.T.);
#1813=EDGE_CURVE('',#1455,#1455,#1212,.T.);
#1814=EDGE_CURVE('',#1456,#1456,#1213,.T.);
#1815=EDGE_CURVE('',#1456,#1384,#288,.T.);
#1816=EDGE_CURVE('',#1457,#1457,#1214,.T.);
#1817=EDGE_CURVE('',#1290,#1458,#289,.T.);
#1818=EDGE_CURVE('',#1458,#1458,#1215,.T.);
#1819=EDGE_CURVE('',#1459,#1459,#1216,.T.);
#1820=EDGE_CURVE('',#1291,#1460,#290,.T.);
#1821=EDGE_CURVE('',#1460,#1460,#1217,.T.);
#1822=EDGE_CURVE('',#1461,#1461,#1218,.T.);
#1823=EDGE_CURVE('',#1462,#1462,#1219,.T.);
#1824=EDGE_CURVE('',#1462,#1463,#291,.T.);
#1825=EDGE_CURVE('',#1463,#1463,#1220,.T.);
#1826=EDGE_CURVE('',#1464,#1464,#1221,.T.);
#1827=EDGE_CURVE('',#1459,#1455,#292,.T.);
#1828=EDGE_CURVE('',#1461,#1457,#293,.T.);
#1829=EDGE_CURVE('',#1464,#1393,#294,.T.);
#1830=EDGE_CURVE('',#1367,#1465,#295,.T.);
#1831=EDGE_CURVE('',#1465,#1465,#1222,.T.);
#1832=EDGE_CURVE('',#1466,#1466,#1223,.T.);
#1833=EDGE_CURVE('',#1363,#1467,#1224,.T.);
#1834=EDGE_CURVE('',#1467,#1468,#296,.T.);
#1835=EDGE_CURVE('',#1468,#1468,#1225,.T.);
#1836=EDGE_CURVE('',#1467,#1364,#1226,.T.);
#1837=EDGE_CURVE('',#1469,#1469,#1227,.T.);
#1838=EDGE_CURVE('',#1470,#1470,#1228,.T.);
#1839=EDGE_CURVE('',#1470,#1466,#297,.T.);
#1840=EDGE_CURVE('',#1409,#1471,#298,.T.);
#1841=EDGE_CURVE('',#1471,#1471,#1229,.T.);
#1842=EDGE_CURVE('',#1406,#1472,#299,.T.);
#1843=EDGE_CURVE('',#1472,#1472,#1230,.T.);
#1844=EDGE_CURVE('',#1473,#1473,#1231,.T.);
#1845=EDGE_CURVE('',#1473,#1469,#300,.T.);
#1846=EDGE_CURVE('',#1386,#1474,#301,.T.);
#1847=EDGE_CURVE('',#1474,#1474,#1232,.T.);
#1848=EDGE_CURVE('',#1475,#1475,#1233,.T.);
#1849=EDGE_CURVE('',#1476,#1476,#1234,.T.);
#1850=EDGE_CURVE('',#1477,#1477,#1235,.T.);
#1851=EDGE_CURVE('',#1475,#1477,#302,.T.);
#1852=EDGE_CURVE('',#1478,#1478,#1236,.T.);
#1853=EDGE_CURVE('',#1478,#1381,#303,.T.);
#1854=EDGE_CURVE('',#1479,#1479,#1237,.T.);
#1855=EDGE_CURVE('',#1480,#1480,#1238,.T.);
#1856=EDGE_CURVE('',#1480,#1383,#304,.T.);
#1857=EDGE_CURVE('',#1481,#1481,#1239,.T.);
#1858=EDGE_CURVE('',#1371,#1370,#1240,.T.);
#1859=EDGE_CURVE('',#1482,#1482,#1241,.T.);
#1860=EDGE_CURVE('',#1289,#1483,#305,.T.);
#1861=EDGE_CURVE('',#1483,#1483,#1242,.T.);
#1862=EDGE_CURVE('',#1484,#1484,#1243,.T.);
#1863=EDGE_CURVE('',#1288,#1485,#306,.T.);
#1864=EDGE_CURVE('',#1485,#1485,#1244,.T.);
#1865=EDGE_CURVE('',#1486,#1486,#1245,.T.);
#1866=EDGE_CURVE('',#1487,#1487,#1246,.T.);
#1867=EDGE_CURVE('',#1487,#1488,#307,.T.);
#1868=EDGE_CURVE('',#1488,#1488,#1247,.T.);
#1869=EDGE_CURVE('',#1489,#1489,#1248,.T.);
#1870=EDGE_CURVE('',#1484,#1479,#308,.T.);
#1871=EDGE_CURVE('',#1486,#1481,#309,.T.);
#1872=EDGE_CURVE('',#1489,#1482,#310,.T.);
#1873=EDGE_CURVE('',#1368,#1490,#311,.T.);
#1874=EDGE_CURVE('',#1490,#1490,#1249,.T.);
#1875=EDGE_CURVE('',#1491,#1491,#1250,.T.);
#1876=EDGE_CURVE('',#1366,#1492,#1251,.T.);
#1877=EDGE_CURVE('',#1492,#1365,#1252,.T.);
#1878=EDGE_CURVE('',#1492,#1493,#312,.T.);
#1879=EDGE_CURVE('',#1493,#1493,#1253,.T.);
#1880=EDGE_CURVE('',#1494,#1494,#1254,.T.);
#1881=EDGE_CURVE('',#1495,#1495,#1255,.T.);
#1882=EDGE_CURVE('',#1495,#1491,#313,.T.);
#1883=EDGE_CURVE('',#1405,#1496,#314,.T.);
#1884=EDGE_CURVE('',#1496,#1496,#1256,.T.);
#1885=EDGE_CURVE('',#1404,#1497,#315,.T.);
#1886=EDGE_CURVE('',#1497,#1497,#1257,.T.);
#1887=EDGE_CURVE('',#1498,#1498,#1258,.T.);
#1888=EDGE_CURVE('',#1498,#1494,#316,.T.);
#1889=EDGE_CURVE('',#1390,#1499,#317,.T.);
#1890=EDGE_CURVE('',#1499,#1499,#1259,.T.);
#1891=EDGE_CURVE('',#1500,#1500,#1260,.T.);
#1892=EDGE_CURVE('',#1476,#1501,#318,.T.);
#1893=EDGE_CURVE('',#1501,#1501,#1261,.T.);
#1894=EDGE_CURVE('',#1502,#1502,#1262,.T.);
#1895=EDGE_CURVE('',#1389,#1385,#319,.T.);
#1896=EDGE_CURVE('',#1500,#1502,#320,.T.);
#1897=ORIENTED_EDGE('',*,*,#1503,.T.);
#1898=ORIENTED_EDGE('',*,*,#1504,.T.);
#1899=ORIENTED_EDGE('',*,*,#1505,.T.);
#1900=ORIENTED_EDGE('',*,*,#1503,.F.);
#1901=ORIENTED_EDGE('',*,*,#1506,.T.);
#1902=ORIENTED_EDGE('',*,*,#1507,.T.);
#1903=ORIENTED_EDGE('',*,*,#1508,.T.);
#1904=ORIENTED_EDGE('',*,*,#1507,.F.);
#1905=ORIENTED_EDGE('',*,*,#1509,.T.);
#1906=ORIENTED_EDGE('',*,*,#1510,.T.);
#1907=ORIENTED_EDGE('',*,*,#1509,.F.);
#1908=ORIENTED_EDGE('',*,*,#1511,.T.);
#1909=ORIENTED_EDGE('',*,*,#1512,.F.);
#1910=ORIENTED_EDGE('',*,*,#1513,.T.);
#1911=ORIENTED_EDGE('',*,*,#1506,.F.);
#1912=ORIENTED_EDGE('',*,*,#1514,.F.);
#1913=ORIENTED_EDGE('',*,*,#1515,.F.);
#1914=ORIENTED_EDGE('',*,*,#1511,.F.);
#1915=ORIENTED_EDGE('',*,*,#1505,.F.);
#1916=ORIENTED_EDGE('',*,*,#1516,.T.);
#1917=ORIENTED_EDGE('',*,*,#1517,.F.);
#1918=ORIENTED_EDGE('',*,*,#1514,.T.);
#1919=ORIENTED_EDGE('',*,*,#1518,.T.);
#1920=ORIENTED_EDGE('',*,*,#1517,.T.);
#1921=ORIENTED_EDGE('',*,*,#1519,.T.);
#1922=ORIENTED_EDGE('',*,*,#1518,.F.);
#1923=ORIENTED_EDGE('',*,*,#1520,.T.);
#1924=ORIENTED_EDGE('',*,*,#1521,.T.);
#1925=ORIENTED_EDGE('',*,*,#1515,.T.);
#1926=ORIENTED_EDGE('',*,*,#1521,.F.);
#1927=ORIENTED_EDGE('',*,*,#1522,.T.);
#1928=ORIENTED_EDGE('',*,*,#1512,.T.);
#1929=ORIENTED_EDGE('',*,*,#1520,.F.);
#1930=ORIENTED_EDGE('',*,*,#1523,.F.);
#1931=ORIENTED_EDGE('',*,*,#1524,.F.);
#1932=ORIENTED_EDGE('',*,*,#1525,.F.);
#1933=ORIENTED_EDGE('',*,*,#1526,.T.);
#1934=ORIENTED_EDGE('',*,*,#1527,.F.);
#1935=ORIENTED_EDGE('',*,*,#1519,.F.);
#1936=ORIENTED_EDGE('',*,*,#1528,.T.);
#1937=ORIENTED_EDGE('',*,*,#1529,.T.);
#1938=ORIENTED_EDGE('',*,*,#1523,.T.);
#1939=ORIENTED_EDGE('',*,*,#1530,.T.);
#1940=ORIENTED_EDGE('',*,*,#1531,.T.);
#1941=ORIENTED_EDGE('',*,*,#1532,.T.);
#1942=ORIENTED_EDGE('',*,*,#1530,.F.);
#1943=ORIENTED_EDGE('',*,*,#1533,.T.);
#1944=ORIENTED_EDGE('',*,*,#1534,.T.);
#1945=ORIENTED_EDGE('',*,*,#1535,.T.);
#1946=ORIENTED_EDGE('',*,*,#1534,.F.);
#1947=ORIENTED_EDGE('',*,*,#1536,.T.);
#1948=ORIENTED_EDGE('',*,*,#1537,.T.);
#1949=ORIENTED_EDGE('',*,*,#1533,.F.);
#1950=ORIENTED_EDGE('',*,*,#1538,.F.);
#1951=ORIENTED_EDGE('',*,*,#1539,.F.);
#1952=ORIENTED_EDGE('',*,*,#1540,.F.);
#1953=ORIENTED_EDGE('',*,*,#1541,.T.);
#1954=ORIENTED_EDGE('',*,*,#1542,.T.);
#1955=ORIENTED_EDGE('',*,*,#1543,.F.);
#1956=ORIENTED_EDGE('',*,*,#1544,.F.);
#1957=ORIENTED_EDGE('',*,*,#1532,.F.);
#1958=ORIENTED_EDGE('',*,*,#1545,.T.);
#1959=ORIENTED_EDGE('',*,*,#1546,.T.);
#1960=ORIENTED_EDGE('',*,*,#1538,.T.);
#1961=ORIENTED_EDGE('',*,*,#1531,.F.);
#1962=ORIENTED_EDGE('',*,*,#1547,.T.);
#1963=ORIENTED_EDGE('',*,*,#1548,.F.);
#1964=ORIENTED_EDGE('',*,*,#1549,.T.);
#1965=ORIENTED_EDGE('',*,*,#1550,.T.);
#1966=ORIENTED_EDGE('',*,*,#1551,.T.);
#1967=ORIENTED_EDGE('',*,*,#1548,.T.);
#1968=ORIENTED_EDGE('',*,*,#1550,.F.);
#1969=ORIENTED_EDGE('',*,*,#1552,.T.);
#1970=ORIENTED_EDGE('',*,*,#1553,.T.);
#1971=ORIENTED_EDGE('',*,*,#1554,.T.);
#1972=ORIENTED_EDGE('',*,*,#1553,.F.);
#1973=ORIENTED_EDGE('',*,*,#1555,.T.);
#1974=ORIENTED_EDGE('',*,*,#1556,.T.);
#1975=ORIENTED_EDGE('',*,*,#1535,.F.);
#1976=ORIENTED_EDGE('',*,*,#1557,.F.);
#1977=ORIENTED_EDGE('',*,*,#1552,.F.);
#1978=ORIENTED_EDGE('',*,*,#1547,.F.);
#1979=ORIENTED_EDGE('',*,*,#1551,.F.);
#1980=ORIENTED_EDGE('',*,*,#1558,.T.);
#1981=ORIENTED_EDGE('',*,*,#1559,.T.);
#1982=ORIENTED_EDGE('',*,*,#1560,.T.);
#1983=ORIENTED_EDGE('',*,*,#1561,.T.);
#1984=ORIENTED_EDGE('',*,*,#1562,.T.);
#1985=ORIENTED_EDGE('',*,*,#1563,.T.);
#1986=ORIENTED_EDGE('',*,*,#1564,.T.);
#1987=ORIENTED_EDGE('',*,*,#1565,.T.);
#1988=ORIENTED_EDGE('',*,*,#1566,.T.);
#1989=ORIENTED_EDGE('',*,*,#1567,.T.);
#1990=ORIENTED_EDGE('',*,*,#1564,.F.);
#1991=ORIENTED_EDGE('',*,*,#1568,.T.);
#1992=ORIENTED_EDGE('',*,*,#1569,.T.);
#1993=ORIENTED_EDGE('',*,*,#1570,.T.);
#1994=ORIENTED_EDGE('',*,*,#1571,.F.);
#1995=ORIENTED_EDGE('',*,*,#1572,.F.);
#1996=ORIENTED_EDGE('',*,*,#1529,.F.);
#1997=ORIENTED_EDGE('',*,*,#1573,.F.);
#1998=ORIENTED_EDGE('',*,*,#1574,.T.);
#1999=ORIENTED_EDGE('',*,*,#1575,.T.);
#2000=ORIENTED_EDGE('',*,*,#1576,.T.);
#2001=ORIENTED_EDGE('',*,*,#1577,.T.);
#2002=ORIENTED_EDGE('',*,*,#1578,.T.);
#2003=ORIENTED_EDGE('',*,*,#1579,.T.);
#2004=ORIENTED_EDGE('',*,*,#1575,.F.);
#2005=ORIENTED_EDGE('',*,*,#1580,.T.);
#2006=ORIENTED_EDGE('',*,*,#1573,.T.);
#2007=ORIENTED_EDGE('',*,*,#1581,.T.);
#2008=ORIENTED_EDGE('',*,*,#1578,.F.);
#2009=ORIENTED_EDGE('',*,*,#1582,.T.);
#2010=ORIENTED_EDGE('',*,*,#1583,.F.);
#2011=ORIENTED_EDGE('',*,*,#1584,.F.);
#2012=ORIENTED_EDGE('',*,*,#1559,.F.);
#2013=ORIENTED_EDGE('',*,*,#1585,.T.);
#2014=ORIENTED_EDGE('',*,*,#1586,.T.);
#2015=ORIENTED_EDGE('',*,*,#1587,.T.);
#2016=ORIENTED_EDGE('',*,*,#1566,.F.);
#2017=ORIENTED_EDGE('',*,*,#1588,.T.);
#2018=ORIENTED_EDGE('',*,*,#1589,.T.);
#2019=ORIENTED_EDGE('',*,*,#1586,.F.);
#2020=ORIENTED_EDGE('',*,*,#1590,.T.);
#2021=ORIENTED_EDGE('',*,*,#1584,.T.);
#2022=ORIENTED_EDGE('',*,*,#1591,.T.);
#2023=ORIENTED_EDGE('',*,*,#1588,.F.);
#2024=ORIENTED_EDGE('',*,*,#1592,.T.);
#2025=ORIENTED_EDGE('',*,*,#1593,.F.);
#2026=ORIENTED_EDGE('',*,*,#1594,.F.);
#2027=ORIENTED_EDGE('',*,*,#1595,.F.);
#2028=ORIENTED_EDGE('',*,*,#1596,.T.);
#2029=ORIENTED_EDGE('',*,*,#1597,.T.);
#2030=ORIENTED_EDGE('',*,*,#1598,.T.);
#2031=ORIENTED_EDGE('',*,*,#1569,.F.);
#2032=ORIENTED_EDGE('',*,*,#1599,.T.);
#2033=ORIENTED_EDGE('',*,*,#1600,.T.);
#2034=ORIENTED_EDGE('',*,*,#1597,.F.);
#2035=ORIENTED_EDGE('',*,*,#1601,.T.);
#2036=ORIENTED_EDGE('',*,*,#1594,.T.);
#2037=ORIENTED_EDGE('',*,*,#1602,.T.);
#2038=ORIENTED_EDGE('',*,*,#1599,.F.);
#2039=ORIENTED_EDGE('',*,*,#1603,.T.);
#2040=ORIENTED_EDGE('',*,*,#1604,.F.);
#2041=ORIENTED_EDGE('',*,*,#1605,.F.);
#2042=ORIENTED_EDGE('',*,*,#1606,.F.);
#2043=ORIENTED_EDGE('',*,*,#1605,.T.);
#2044=ORIENTED_EDGE('',*,*,#1607,.T.);
#2045=ORIENTED_EDGE('',*,*,#1583,.T.);
#2046=ORIENTED_EDGE('',*,*,#1608,.T.);
#2047=ORIENTED_EDGE('',*,*,#1522,.F.);
#2048=ORIENTED_EDGE('',*,*,#1525,.T.);
#2049=ORIENTED_EDGE('',*,*,#1595,.T.);
#2050=ORIENTED_EDGE('',*,*,#1609,.T.);
#2051=ORIENTED_EDGE('',*,*,#1536,.F.);
#2052=ORIENTED_EDGE('',*,*,#1540,.T.);
#2053=ORIENTED_EDGE('',*,*,#1610,.T.);
#2054=ORIENTED_EDGE('',*,*,#1611,.T.);
#2055=ORIENTED_EDGE('',*,*,#1612,.T.);
#2056=ORIENTED_EDGE('',*,*,#1613,.T.);
#2057=ORIENTED_EDGE('',*,*,#1610,.F.);
#2058=ORIENTED_EDGE('',*,*,#1614,.T.);
#2059=ORIENTED_EDGE('',*,*,#1615,.T.);
#2060=ORIENTED_EDGE('',*,*,#1616,.T.);
#2061=ORIENTED_EDGE('',*,*,#1612,.F.);
#2062=ORIENTED_EDGE('',*,*,#1617,.T.);
#2063=ORIENTED_EDGE('',*,*,#1618,.T.);
#2064=ORIENTED_EDGE('',*,*,#1619,.T.);
#2065=ORIENTED_EDGE('',*,*,#1615,.F.);
#2066=ORIENTED_EDGE('',*,*,#1620,.T.);
#2067=ORIENTED_EDGE('',*,*,#1510,.F.);
#2068=ORIENTED_EDGE('',*,*,#1621,.T.);
#2069=ORIENTED_EDGE('',*,*,#1618,.F.);
#2070=ORIENTED_EDGE('',*,*,#1622,.T.);
#2071=ORIENTED_EDGE('',*,*,#1537,.F.);
#2072=ORIENTED_EDGE('',*,*,#1623,.T.);
#2073=ORIENTED_EDGE('',*,*,#1555,.F.);
#2074=ORIENTED_EDGE('',*,*,#1557,.T.);
#2075=ORIENTED_EDGE('',*,*,#1556,.F.);
#2076=ORIENTED_EDGE('',*,*,#1624,.T.);
#2077=ORIENTED_EDGE('',*,*,#1606,.T.);
#2078=ORIENTED_EDGE('',*,*,#1625,.T.);
#2079=ORIENTED_EDGE('',*,*,#1626,.T.);
#2080=ORIENTED_EDGE('',*,*,#1627,.T.);
#2081=ORIENTED_EDGE('',*,*,#1628,.T.);
#2082=ORIENTED_EDGE('',*,*,#1629,.T.);
#2083=ORIENTED_EDGE('',*,*,#1630,.T.);
#2084=ORIENTED_EDGE('',*,*,#1631,.T.);
#2085=ORIENTED_EDGE('',*,*,#1627,.F.);
#2086=ORIENTED_EDGE('',*,*,#1632,.T.);
#2087=ORIENTED_EDGE('',*,*,#1604,.T.);
#2088=ORIENTED_EDGE('',*,*,#1633,.T.);
#2089=ORIENTED_EDGE('',*,*,#1630,.F.);
#2090=ORIENTED_EDGE('',*,*,#1634,.T.);
#2091=ORIENTED_EDGE('',*,*,#1593,.T.);
#2092=ORIENTED_EDGE('',*,*,#1524,.T.);
#2093=ORIENTED_EDGE('',*,*,#1572,.T.);
#2094=ORIENTED_EDGE('',*,*,#1635,.T.);
#2095=ORIENTED_EDGE('',*,*,#1636,.T.);
#2096=ORIENTED_EDGE('',*,*,#1629,.F.);
#2097=ORIENTED_EDGE('',*,*,#1637,.T.);
#2098=ORIENTED_EDGE('',*,*,#1638,.T.);
#2099=ORIENTED_EDGE('',*,*,#1639,.T.);
#2100=ORIENTED_EDGE('',*,*,#1638,.F.);
#2101=ORIENTED_EDGE('',*,*,#1640,.T.);
#2102=ORIENTED_EDGE('',*,*,#1571,.T.);
#2103=ORIENTED_EDGE('',*,*,#1641,.T.);
#2104=ORIENTED_EDGE('',*,*,#1577,.F.);
#2105=ORIENTED_EDGE('',*,*,#1642,.T.);
#2106=ORIENTED_EDGE('',*,*,#1562,.F.);
#2107=ORIENTED_EDGE('',*,*,#1643,.T.);
#2108=ORIENTED_EDGE('',*,*,#1644,.T.);
#2109=ORIENTED_EDGE('',*,*,#1546,.F.);
#2110=ORIENTED_EDGE('',*,*,#1645,.T.);
#2111=ORIENTED_EDGE('',*,*,#1646,.T.);
#2112=ORIENTED_EDGE('',*,*,#1647,.T.);
#2113=ORIENTED_EDGE('',*,*,#1643,.F.);
#2114=ORIENTED_EDGE('',*,*,#1648,.T.);
#2115=ORIENTED_EDGE('',*,*,#1649,.T.);
#2116=ORIENTED_EDGE('',*,*,#1650,.T.);
#2117=ORIENTED_EDGE('',*,*,#1646,.F.);
#2118=ORIENTED_EDGE('',*,*,#1651,.T.);
#2119=ORIENTED_EDGE('',*,*,#1504,.F.);
#2120=ORIENTED_EDGE('',*,*,#1652,.T.);
#2121=ORIENTED_EDGE('',*,*,#1649,.F.);
#2122=ORIENTED_EDGE('',*,*,#1653,.T.);
#2123=ORIENTED_EDGE('',*,*,#1591,.F.);
#2124=ORIENTED_EDGE('',*,*,#1607,.F.);
#2125=ORIENTED_EDGE('',*,*,#1634,.F.);
#2126=ORIENTED_EDGE('',*,*,#1654,.F.);
#2127=ORIENTED_EDGE('',*,*,#1641,.F.);
#2128=ORIENTED_EDGE('',*,*,#1655,.F.);
#2129=ORIENTED_EDGE('',*,*,#1656,.F.);
#2130=ORIENTED_EDGE('',*,*,#1657,.T.);
#2131=ORIENTED_EDGE('',*,*,#1658,.T.);
#2132=ORIENTED_EDGE('',*,*,#1659,.T.);
#2133=ORIENTED_EDGE('',*,*,#1570,.F.);
#2134=ORIENTED_EDGE('',*,*,#1660,.F.);
#2135=ORIENTED_EDGE('',*,*,#1661,.F.);
#2136=ORIENTED_EDGE('',*,*,#1662,.F.);
#2137=ORIENTED_EDGE('',*,*,#1663,.T.);
#2138=ORIENTED_EDGE('',*,*,#1664,.T.);
#2139=ORIENTED_EDGE('',*,*,#1665,.F.);
#2140=ORIENTED_EDGE('',*,*,#1666,.T.);
#2141=ORIENTED_EDGE('',*,*,#1561,.F.);
#2142=ORIENTED_EDGE('',*,*,#1667,.F.);
#2143=ORIENTED_EDGE('',*,*,#1668,.F.);
#2144=ORIENTED_EDGE('',*,*,#1669,.T.);
#2145=ORIENTED_EDGE('',*,*,#1670,.T.);
#2146=ORIENTED_EDGE('',*,*,#1671,.T.);
#2147=ORIENTED_EDGE('',*,*,#1639,.F.);
#2148=ORIENTED_EDGE('',*,*,#1659,.F.);
#2149=ORIENTED_EDGE('',*,*,#1672,.F.);
#2150=ORIENTED_EDGE('',*,*,#1657,.F.);
#2151=ORIENTED_EDGE('',*,*,#1673,.T.);
#2152=ORIENTED_EDGE('',*,*,#1655,.T.);
#2153=ORIENTED_EDGE('',*,*,#1674,.F.);
#2154=ORIENTED_EDGE('',*,*,#1675,.T.);
#2155=ORIENTED_EDGE('',*,*,#1589,.F.);
#2156=ORIENTED_EDGE('',*,*,#1654,.T.);
#2157=ORIENTED_EDGE('',*,*,#1632,.F.);
#2158=ORIENTED_EDGE('',*,*,#1676,.T.);
#2159=ORIENTED_EDGE('',*,*,#1677,.T.);
#2160=ORIENTED_EDGE('',*,*,#1678,.T.);
#2161=ORIENTED_EDGE('',*,*,#1679,.T.);
#2162=ORIENTED_EDGE('',*,*,#1680,.T.);
#2163=ORIENTED_EDGE('',*,*,#1681,.T.);
#2164=ORIENTED_EDGE('',*,*,#1682,.T.);
#2165=ORIENTED_EDGE('',*,*,#1683,.T.);
#2166=ORIENTED_EDGE('',*,*,#1684,.T.);
#2167=ORIENTED_EDGE('',*,*,#1567,.F.);
#2168=ORIENTED_EDGE('',*,*,#1685,.F.);
#2169=ORIENTED_EDGE('',*,*,#1686,.F.);
#2170=ORIENTED_EDGE('',*,*,#1687,.T.);
#2171=ORIENTED_EDGE('',*,*,#1688,.T.);
#2172=ORIENTED_EDGE('',*,*,#1689,.T.);
#2173=ORIENTED_EDGE('',*,*,#1636,.F.);
#2174=ORIENTED_EDGE('',*,*,#1671,.F.);
#2175=ORIENTED_EDGE('',*,*,#1690,.F.);
#2176=ORIENTED_EDGE('',*,*,#1669,.F.);
#2177=ORIENTED_EDGE('',*,*,#1691,.T.);
#2178=ORIENTED_EDGE('',*,*,#1667,.T.);
#2179=ORIENTED_EDGE('',*,*,#1692,.T.);
#2180=ORIENTED_EDGE('',*,*,#1693,.F.);
#2181=ORIENTED_EDGE('',*,*,#1587,.F.);
#2182=ORIENTED_EDGE('',*,*,#1684,.F.);
#2183=ORIENTED_EDGE('',*,*,#1694,.F.);
#2184=ORIENTED_EDGE('',*,*,#1680,.F.);
#2185=ORIENTED_EDGE('',*,*,#1695,.T.);
#2186=ORIENTED_EDGE('',*,*,#1676,.F.);
#2187=ORIENTED_EDGE('',*,*,#1626,.F.);
#2188=ORIENTED_EDGE('',*,*,#1689,.F.);
#2189=ORIENTED_EDGE('',*,*,#1696,.T.);
#2190=ORIENTED_EDGE('',*,*,#1697,.T.);
#2191=ORIENTED_EDGE('',*,*,#1687,.F.);
#2192=ORIENTED_EDGE('',*,*,#1698,.F.);
#2193=ORIENTED_EDGE('',*,*,#1699,.F.);
#2194=ORIENTED_EDGE('',*,*,#1685,.T.);
#2195=ORIENTED_EDGE('',*,*,#1576,.F.);
#2196=ORIENTED_EDGE('',*,*,#1579,.F.);
#2197=ORIENTED_EDGE('',*,*,#1581,.F.);
#2198=ORIENTED_EDGE('',*,*,#1528,.F.);
#2199=ORIENTED_EDGE('',*,*,#1516,.F.);
#2200=ORIENTED_EDGE('',*,*,#1653,.F.);
#2201=ORIENTED_EDGE('',*,*,#1651,.F.);
#2202=ORIENTED_EDGE('',*,*,#1648,.F.);
#2203=ORIENTED_EDGE('',*,*,#1645,.F.);
#2204=ORIENTED_EDGE('',*,*,#1545,.F.);
#2205=ORIENTED_EDGE('',*,*,#1549,.F.);
#2206=ORIENTED_EDGE('',*,*,#1560,.F.);
#2207=ORIENTED_EDGE('',*,*,#1592,.F.);
#2208=ORIENTED_EDGE('',*,*,#1590,.F.);
#2209=ORIENTED_EDGE('',*,*,#1585,.F.);
#2210=ORIENTED_EDGE('',*,*,#1565,.F.);
#2211=ORIENTED_EDGE('',*,*,#1563,.F.);
#2212=ORIENTED_EDGE('',*,*,#1642,.F.);
#2213=ORIENTED_EDGE('',*,*,#1700,.F.);
#2214=ORIENTED_EDGE('',*,*,#1701,.F.);
#2215=ORIENTED_EDGE('',*,*,#1702,.T.);
#2216=ORIENTED_EDGE('',*,*,#1703,.T.);
#2217=ORIENTED_EDGE('',*,*,#1628,.F.);
#2218=ORIENTED_EDGE('',*,*,#1631,.F.);
#2219=ORIENTED_EDGE('',*,*,#1633,.F.);
#2220=ORIENTED_EDGE('',*,*,#1624,.F.);
#2221=ORIENTED_EDGE('',*,*,#1623,.F.);
#2222=ORIENTED_EDGE('',*,*,#1611,.F.);
#2223=ORIENTED_EDGE('',*,*,#1613,.F.);
#2224=ORIENTED_EDGE('',*,*,#1616,.F.);
#2225=ORIENTED_EDGE('',*,*,#1619,.F.);
#2226=ORIENTED_EDGE('',*,*,#1621,.F.);
#2227=ORIENTED_EDGE('',*,*,#1513,.F.);
#2228=ORIENTED_EDGE('',*,*,#1609,.F.);
#2229=ORIENTED_EDGE('',*,*,#1603,.F.);
#2230=ORIENTED_EDGE('',*,*,#1601,.F.);
#2231=ORIENTED_EDGE('',*,*,#1596,.F.);
#2232=ORIENTED_EDGE('',*,*,#1568,.F.);
#2233=ORIENTED_EDGE('',*,*,#1640,.F.);
#2234=ORIENTED_EDGE('',*,*,#1637,.F.);
#2235=ORIENTED_EDGE('',*,*,#1704,.T.);
#2236=ORIENTED_EDGE('',*,*,#1705,.T.);
#2237=ORIENTED_EDGE('',*,*,#1706,.F.);
#2238=ORIENTED_EDGE('',*,*,#1707,.F.);
#2239=ORIENTED_EDGE('',*,*,#1682,.F.);
#2240=ORIENTED_EDGE('',*,*,#1708,.T.);
#2241=ORIENTED_EDGE('',*,*,#1709,.T.);
#2242=ORIENTED_EDGE('',*,*,#1683,.F.);
#2243=ORIENTED_EDGE('',*,*,#1708,.F.);
#2244=ORIENTED_EDGE('',*,*,#1681,.F.);
#2245=ORIENTED_EDGE('',*,*,#1694,.T.);
#2246=ORIENTED_EDGE('',*,*,#1580,.F.);
#2247=ORIENTED_EDGE('',*,*,#1710,.T.);
#2248=ORIENTED_EDGE('',*,*,#1711,.T.);
#2249=ORIENTED_EDGE('',*,*,#1712,.T.);
#2250=ORIENTED_EDGE('',*,*,#1713,.T.);
#2251=ORIENTED_EDGE('',*,*,#1714,.T.);
#2252=ORIENTED_EDGE('',*,*,#1715,.T.);
#2253=ORIENTED_EDGE('',*,*,#1716,.T.);
#2254=ORIENTED_EDGE('',*,*,#1717,.T.);
#2255=ORIENTED_EDGE('',*,*,#1718,.T.);
#2256=ORIENTED_EDGE('',*,*,#1600,.F.);
#2257=ORIENTED_EDGE('',*,*,#1719,.T.);
#2258=ORIENTED_EDGE('',*,*,#1582,.F.);
#2259=ORIENTED_EDGE('',*,*,#1719,.F.);
#2260=ORIENTED_EDGE('',*,*,#1602,.F.);
#2261=ORIENTED_EDGE('',*,*,#1635,.F.);
#2262=ORIENTED_EDGE('',*,*,#1574,.F.);
#2263=ORIENTED_EDGE('',*,*,#1664,.F.);
#2264=ORIENTED_EDGE('',*,*,#1720,.T.);
#2265=ORIENTED_EDGE('',*,*,#1721,.T.);
#2266=ORIENTED_EDGE('',*,*,#1662,.T.);
#2267=ORIENTED_EDGE('',*,*,#1722,.F.);
#2268=ORIENTED_EDGE('',*,*,#1723,.F.);
#2269=ORIENTED_EDGE('',*,*,#1660,.T.);
#2270=ORIENTED_EDGE('',*,*,#1598,.F.);
#2271=ORIENTED_EDGE('',*,*,#1718,.F.);
#2272=ORIENTED_EDGE('',*,*,#1724,.F.);
#2273=ORIENTED_EDGE('',*,*,#1714,.F.);
#2274=ORIENTED_EDGE('',*,*,#1725,.T.);
#2275=ORIENTED_EDGE('',*,*,#1710,.F.);
#2276=ORIENTED_EDGE('',*,*,#1644,.F.);
#2277=ORIENTED_EDGE('',*,*,#1726,.T.);
#2278=ORIENTED_EDGE('',*,*,#1614,.F.);
#2279=ORIENTED_EDGE('',*,*,#1539,.T.);
#2280=ORIENTED_EDGE('',*,*,#1647,.F.);
#2281=ORIENTED_EDGE('',*,*,#1727,.F.);
#2282=ORIENTED_EDGE('',*,*,#1617,.F.);
#2283=ORIENTED_EDGE('',*,*,#1726,.F.);
#2284=ORIENTED_EDGE('',*,*,#1728,.T.);
#2285=ORIENTED_EDGE('',*,*,#1729,.T.);
#2286=ORIENTED_EDGE('',*,*,#1730,.F.);
#2287=ORIENTED_EDGE('',*,*,#1731,.T.);
#2288=ORIENTED_EDGE('',*,*,#1732,.F.);
#2289=ORIENTED_EDGE('',*,*,#1733,.F.);
#2290=ORIENTED_EDGE('',*,*,#1650,.F.);
#2291=ORIENTED_EDGE('',*,*,#1734,.T.);
#2292=ORIENTED_EDGE('',*,*,#1620,.F.);
#2293=ORIENTED_EDGE('',*,*,#1727,.T.);
#2294=ORIENTED_EDGE('',*,*,#1508,.F.);
#2295=ORIENTED_EDGE('',*,*,#1622,.F.);
#2296=ORIENTED_EDGE('',*,*,#1734,.F.);
#2297=ORIENTED_EDGE('',*,*,#1652,.F.);
#2298=ORIENTED_EDGE('',*,*,#1735,.F.);
#2299=ORIENTED_EDGE('',*,*,#1736,.F.);
#2300=ORIENTED_EDGE('',*,*,#1737,.T.);
#2301=ORIENTED_EDGE('',*,*,#1738,.T.);
#2302=ORIENTED_EDGE('',*,*,#1739,.T.);
#2303=ORIENTED_EDGE('',*,*,#1740,.T.);
#2304=ORIENTED_EDGE('',*,*,#1666,.F.);
#2305=ORIENTED_EDGE('',*,*,#1740,.F.);
#2306=ORIENTED_EDGE('',*,*,#1739,.F.);
#2307=ORIENTED_EDGE('',*,*,#1741,.F.);
#2308=ORIENTED_EDGE('',*,*,#1742,.T.);
#2309=ORIENTED_EDGE('',*,*,#1743,.T.);
#2310=ORIENTED_EDGE('',*,*,#1720,.F.);
#2311=ORIENTED_EDGE('',*,*,#1663,.F.);
#2312=ORIENTED_EDGE('',*,*,#1721,.F.);
#2313=ORIENTED_EDGE('',*,*,#1743,.F.);
#2314=ORIENTED_EDGE('',*,*,#1742,.F.);
#2315=ORIENTED_EDGE('',*,*,#1744,.F.);
#2316=ORIENTED_EDGE('',*,*,#1711,.F.);
#2317=ORIENTED_EDGE('',*,*,#1725,.F.);
#2318=ORIENTED_EDGE('',*,*,#1713,.F.);
#2319=ORIENTED_EDGE('',*,*,#1745,.T.);
#2320=ORIENTED_EDGE('',*,*,#1712,.F.);
#2321=ORIENTED_EDGE('',*,*,#1745,.F.);
#2322=ORIENTED_EDGE('',*,*,#1746,.F.);
#2323=ORIENTED_EDGE('',*,*,#1737,.F.);
#2324=ORIENTED_EDGE('',*,*,#1747,.T.);
#2325=ORIENTED_EDGE('',*,*,#1748,.T.);
#2326=ORIENTED_EDGE('',*,*,#1747,.F.);
#2327=ORIENTED_EDGE('',*,*,#1748,.F.);
#2328=ORIENTED_EDGE('',*,*,#1749,.F.);
#2329=ORIENTED_EDGE('',*,*,#1738,.F.);
#2330=ORIENTED_EDGE('',*,*,#1750,.T.);
#2331=ORIENTED_EDGE('',*,*,#1751,.T.);
#2332=ORIENTED_EDGE('',*,*,#1750,.F.);
#2333=ORIENTED_EDGE('',*,*,#1751,.F.);
#2334=ORIENTED_EDGE('',*,*,#1752,.F.);
#2335=ORIENTED_EDGE('',*,*,#1526,.F.);
#2336=ORIENTED_EDGE('',*,*,#1753,.T.);
#2337=ORIENTED_EDGE('',*,*,#1754,.T.);
#2338=ORIENTED_EDGE('',*,*,#1753,.F.);
#2339=ORIENTED_EDGE('',*,*,#1754,.F.);
#2340=ORIENTED_EDGE('',*,*,#1755,.F.);
#2341=ORIENTED_EDGE('',*,*,#1749,.T.);
#2342=ORIENTED_EDGE('',*,*,#1756,.T.);
#2343=ORIENTED_EDGE('',*,*,#1741,.T.);
#2344=ORIENTED_EDGE('',*,*,#1756,.F.);
#2345=ORIENTED_EDGE('',*,*,#1752,.T.);
#2346=ORIENTED_EDGE('',*,*,#1757,.T.);
#2347=ORIENTED_EDGE('',*,*,#1744,.T.);
#2348=ORIENTED_EDGE('',*,*,#1757,.F.);
#2349=ORIENTED_EDGE('',*,*,#1755,.T.);
#2350=ORIENTED_EDGE('',*,*,#1758,.T.);
#2351=ORIENTED_EDGE('',*,*,#1746,.T.);
#2352=ORIENTED_EDGE('',*,*,#1758,.F.);
#2353=ORIENTED_EDGE('',*,*,#1759,.F.);
#2354=ORIENTED_EDGE('',*,*,#1673,.F.);
#2355=ORIENTED_EDGE('',*,*,#1760,.F.);
#2356=ORIENTED_EDGE('',*,*,#1761,.T.);
#2357=ORIENTED_EDGE('',*,*,#1762,.T.);
#2358=ORIENTED_EDGE('',*,*,#1761,.F.);
#2359=ORIENTED_EDGE('',*,*,#1762,.F.);
#2360=ORIENTED_EDGE('',*,*,#1763,.F.);
#2361=ORIENTED_EDGE('',*,*,#1731,.F.);
#2362=ORIENTED_EDGE('',*,*,#1764,.T.);
#2363=ORIENTED_EDGE('',*,*,#1765,.T.);
#2364=ORIENTED_EDGE('',*,*,#1764,.F.);
#2365=ORIENTED_EDGE('',*,*,#1765,.F.);
#2366=ORIENTED_EDGE('',*,*,#1766,.F.);
#2367=ORIENTED_EDGE('',*,*,#1656,.T.);
#2368=ORIENTED_EDGE('',*,*,#1759,.T.);
#2369=ORIENTED_EDGE('',*,*,#1760,.T.);
#2370=ORIENTED_EDGE('',*,*,#1766,.T.);
#2371=ORIENTED_EDGE('',*,*,#1767,.T.);
#2372=ORIENTED_EDGE('',*,*,#1763,.T.);
#2373=ORIENTED_EDGE('',*,*,#1767,.F.);
#2374=ORIENTED_EDGE('',*,*,#1702,.F.);
#2375=ORIENTED_EDGE('',*,*,#1768,.T.);
#2376=ORIENTED_EDGE('',*,*,#1769,.T.);
#2377=ORIENTED_EDGE('',*,*,#1768,.F.);
#2378=ORIENTED_EDGE('',*,*,#1769,.F.);
#2379=ORIENTED_EDGE('',*,*,#1770,.F.);
#2380=ORIENTED_EDGE('',*,*,#1771,.F.);
#2381=ORIENTED_EDGE('',*,*,#1772,.F.);
#2382=ORIENTED_EDGE('',*,*,#1770,.T.);
#2383=ORIENTED_EDGE('',*,*,#1773,.T.);
#2384=ORIENTED_EDGE('',*,*,#1772,.T.);
#2385=ORIENTED_EDGE('',*,*,#1773,.F.);
#2386=ORIENTED_EDGE('',*,*,#1774,.F.);
#2387=ORIENTED_EDGE('',*,*,#1775,.T.);
#2388=ORIENTED_EDGE('',*,*,#1665,.T.);
#2389=ORIENTED_EDGE('',*,*,#1775,.F.);
#2390=ORIENTED_EDGE('',*,*,#1774,.T.);
#2391=ORIENTED_EDGE('',*,*,#1776,.T.);
#2392=ORIENTED_EDGE('',*,*,#1777,.F.);
#2393=ORIENTED_EDGE('',*,*,#1778,.T.);
#2394=ORIENTED_EDGE('',*,*,#1722,.T.);
#2395=ORIENTED_EDGE('',*,*,#1661,.T.);
#2396=ORIENTED_EDGE('',*,*,#1723,.T.);
#2397=ORIENTED_EDGE('',*,*,#1778,.F.);
#2398=ORIENTED_EDGE('',*,*,#1777,.T.);
#2399=ORIENTED_EDGE('',*,*,#1779,.T.);
#2400=ORIENTED_EDGE('',*,*,#1715,.F.);
#2401=ORIENTED_EDGE('',*,*,#1724,.T.);
#2402=ORIENTED_EDGE('',*,*,#1717,.F.);
#2403=ORIENTED_EDGE('',*,*,#1780,.F.);
#2404=ORIENTED_EDGE('',*,*,#1716,.F.);
#2405=ORIENTED_EDGE('',*,*,#1780,.T.);
#2406=ORIENTED_EDGE('',*,*,#1781,.T.);
#2407=ORIENTED_EDGE('',*,*,#1736,.T.);
#2408=ORIENTED_EDGE('',*,*,#1782,.T.);
#2409=ORIENTED_EDGE('',*,*,#1783,.F.);
#2410=ORIENTED_EDGE('',*,*,#1782,.F.);
#2411=ORIENTED_EDGE('',*,*,#1783,.T.);
#2412=ORIENTED_EDGE('',*,*,#1784,.T.);
#2413=ORIENTED_EDGE('',*,*,#1735,.T.);
#2414=ORIENTED_EDGE('',*,*,#1785,.T.);
#2415=ORIENTED_EDGE('',*,*,#1786,.F.);
#2416=ORIENTED_EDGE('',*,*,#1785,.F.);
#2417=ORIENTED_EDGE('',*,*,#1786,.T.);
#2418=ORIENTED_EDGE('',*,*,#1787,.T.);
#2419=ORIENTED_EDGE('',*,*,#1527,.T.);
#2420=ORIENTED_EDGE('',*,*,#1788,.T.);
#2421=ORIENTED_EDGE('',*,*,#1789,.F.);
#2422=ORIENTED_EDGE('',*,*,#1788,.F.);
#2423=ORIENTED_EDGE('',*,*,#1789,.T.);
#2424=ORIENTED_EDGE('',*,*,#1790,.T.);
#2425=ORIENTED_EDGE('',*,*,#1784,.F.);
#2426=ORIENTED_EDGE('',*,*,#1791,.T.);
#2427=ORIENTED_EDGE('',*,*,#1776,.F.);
#2428=ORIENTED_EDGE('',*,*,#1791,.F.);
#2429=ORIENTED_EDGE('',*,*,#1787,.F.);
#2430=ORIENTED_EDGE('',*,*,#1792,.T.);
#2431=ORIENTED_EDGE('',*,*,#1779,.F.);
#2432=ORIENTED_EDGE('',*,*,#1792,.F.);
#2433=ORIENTED_EDGE('',*,*,#1790,.F.);
#2434=ORIENTED_EDGE('',*,*,#1793,.T.);
#2435=ORIENTED_EDGE('',*,*,#1781,.F.);
#2436=ORIENTED_EDGE('',*,*,#1793,.F.);
#2437=ORIENTED_EDGE('',*,*,#1794,.T.);
#2438=ORIENTED_EDGE('',*,*,#1795,.T.);
#2439=ORIENTED_EDGE('',*,*,#1796,.F.);
#2440=ORIENTED_EDGE('',*,*,#1795,.F.);
#2441=ORIENTED_EDGE('',*,*,#1797,.T.);
#2442=ORIENTED_EDGE('',*,*,#1672,.T.);
#2443=ORIENTED_EDGE('',*,*,#1796,.T.);
#2444=ORIENTED_EDGE('',*,*,#1798,.T.);
#2445=ORIENTED_EDGE('',*,*,#1732,.T.);
#2446=ORIENTED_EDGE('',*,*,#1799,.T.);
#2447=ORIENTED_EDGE('',*,*,#1800,.F.);
#2448=ORIENTED_EDGE('',*,*,#1799,.F.);
#2449=ORIENTED_EDGE('',*,*,#1800,.T.);
#2450=ORIENTED_EDGE('',*,*,#1801,.T.);
#2451=ORIENTED_EDGE('',*,*,#1658,.F.);
#2452=ORIENTED_EDGE('',*,*,#1797,.F.);
#2453=ORIENTED_EDGE('',*,*,#1794,.F.);
#2454=ORIENTED_EDGE('',*,*,#1801,.F.);
#2455=ORIENTED_EDGE('',*,*,#1802,.T.);
#2456=ORIENTED_EDGE('',*,*,#1798,.F.);
#2457=ORIENTED_EDGE('',*,*,#1802,.F.);
#2458=ORIENTED_EDGE('',*,*,#1706,.T.);
#2459=ORIENTED_EDGE('',*,*,#1803,.T.);
#2460=ORIENTED_EDGE('',*,*,#1804,.F.);
#2461=ORIENTED_EDGE('',*,*,#1803,.F.);
#2462=ORIENTED_EDGE('',*,*,#1804,.T.);
#2463=ORIENTED_EDGE('',*,*,#1805,.T.);
#2464=ORIENTED_EDGE('',*,*,#1771,.T.);
#2465=ORIENTED_EDGE('',*,*,#1806,.T.);
#2466=ORIENTED_EDGE('',*,*,#1807,.F.);
#2467=ORIENTED_EDGE('',*,*,#1806,.F.);
#2468=ORIENTED_EDGE('',*,*,#1807,.T.);
#2469=ORIENTED_EDGE('',*,*,#1808,.T.);
#2470=ORIENTED_EDGE('',*,*,#1707,.T.);
#2471=ORIENTED_EDGE('',*,*,#1809,.T.);
#2472=ORIENTED_EDGE('',*,*,#1703,.F.);
#2473=ORIENTED_EDGE('',*,*,#1809,.F.);
#2474=ORIENTED_EDGE('',*,*,#1805,.F.);
#2475=ORIENTED_EDGE('',*,*,#1810,.T.);
#2476=ORIENTED_EDGE('',*,*,#1808,.F.);
#2477=ORIENTED_EDGE('',*,*,#1810,.F.);
#2478=ORIENTED_EDGE('',*,*,#1811,.F.);
#2479=ORIENTED_EDGE('',*,*,#1812,.T.);
#2480=ORIENTED_EDGE('',*,*,#1693,.T.);
#2481=ORIENTED_EDGE('',*,*,#1812,.F.);
#2482=ORIENTED_EDGE('',*,*,#1811,.T.);
#2483=ORIENTED_EDGE('',*,*,#1813,.T.);
#2484=ORIENTED_EDGE('',*,*,#1814,.F.);
#2485=ORIENTED_EDGE('',*,*,#1815,.T.);
#2486=ORIENTED_EDGE('',*,*,#1698,.T.);
#2487=ORIENTED_EDGE('',*,*,#1686,.T.);
#2488=ORIENTED_EDGE('',*,*,#1699,.T.);
#2489=ORIENTED_EDGE('',*,*,#1815,.F.);
#2490=ORIENTED_EDGE('',*,*,#1814,.T.);
#2491=ORIENTED_EDGE('',*,*,#1816,.T.);
#2492=ORIENTED_EDGE('',*,*,#1543,.T.);
#2493=ORIENTED_EDGE('',*,*,#1817,.T.);
#2494=ORIENTED_EDGE('',*,*,#1818,.F.);
#2495=ORIENTED_EDGE('',*,*,#1817,.F.);
#2496=ORIENTED_EDGE('',*,*,#1818,.T.);
#2497=ORIENTED_EDGE('',*,*,#1819,.T.);
#2498=ORIENTED_EDGE('',*,*,#1544,.T.);
#2499=ORIENTED_EDGE('',*,*,#1820,.T.);
#2500=ORIENTED_EDGE('',*,*,#1821,.F.);
#2501=ORIENTED_EDGE('',*,*,#1820,.F.);
#2502=ORIENTED_EDGE('',*,*,#1821,.T.);
#2503=ORIENTED_EDGE('',*,*,#1822,.T.);
#2504=ORIENTED_EDGE('',*,*,#1823,.T.);
#2505=ORIENTED_EDGE('',*,*,#1824,.T.);
#2506=ORIENTED_EDGE('',*,*,#1825,.F.);
#2507=ORIENTED_EDGE('',*,*,#1824,.F.);
#2508=ORIENTED_EDGE('',*,*,#1825,.T.);
#2509=ORIENTED_EDGE('',*,*,#1826,.T.);
#2510=ORIENTED_EDGE('',*,*,#1819,.F.);
#2511=ORIENTED_EDGE('',*,*,#1827,.T.);
#2512=ORIENTED_EDGE('',*,*,#1813,.F.);
#2513=ORIENTED_EDGE('',*,*,#1827,.F.);
#2514=ORIENTED_EDGE('',*,*,#1822,.F.);
#2515=ORIENTED_EDGE('',*,*,#1828,.T.);
#2516=ORIENTED_EDGE('',*,*,#1816,.F.);
#2517=ORIENTED_EDGE('',*,*,#1828,.F.);
#2518=ORIENTED_EDGE('',*,*,#1826,.F.);
#2519=ORIENTED_EDGE('',*,*,#1829,.T.);
#2520=ORIENTED_EDGE('',*,*,#1709,.F.);
#2521=ORIENTED_EDGE('',*,*,#1829,.F.);
#2522=ORIENTED_EDGE('',*,*,#1674,.T.);
#2523=ORIENTED_EDGE('',*,*,#1830,.T.);
#2524=ORIENTED_EDGE('',*,*,#1831,.T.);
#2525=ORIENTED_EDGE('',*,*,#1830,.F.);
#2526=ORIENTED_EDGE('',*,*,#1831,.F.);
#2527=ORIENTED_EDGE('',*,*,#1832,.T.);
#2528=ORIENTED_EDGE('',*,*,#1833,.T.);
#2529=ORIENTED_EDGE('',*,*,#1834,.T.);
#2530=ORIENTED_EDGE('',*,*,#1835,.F.);
#2531=ORIENTED_EDGE('',*,*,#1834,.F.);
#2532=ORIENTED_EDGE('',*,*,#1836,.T.);
#2533=ORIENTED_EDGE('',*,*,#1668,.T.);
#2534=ORIENTED_EDGE('',*,*,#1835,.T.);
#2535=ORIENTED_EDGE('',*,*,#1837,.T.);
#2536=ORIENTED_EDGE('',*,*,#1838,.F.);
#2537=ORIENTED_EDGE('',*,*,#1839,.T.);
#2538=ORIENTED_EDGE('',*,*,#1832,.F.);
#2539=ORIENTED_EDGE('',*,*,#1839,.F.);
#2540=ORIENTED_EDGE('',*,*,#1733,.T.);
#2541=ORIENTED_EDGE('',*,*,#1840,.T.);
#2542=ORIENTED_EDGE('',*,*,#1841,.F.);
#2543=ORIENTED_EDGE('',*,*,#1840,.F.);
#2544=ORIENTED_EDGE('',*,*,#1841,.T.);
#2545=ORIENTED_EDGE('',*,*,#1838,.T.);
#2546=ORIENTED_EDGE('',*,*,#1730,.T.);
#2547=ORIENTED_EDGE('',*,*,#1842,.T.);
#2548=ORIENTED_EDGE('',*,*,#1843,.F.);
#2549=ORIENTED_EDGE('',*,*,#1842,.F.);
#2550=ORIENTED_EDGE('',*,*,#1843,.T.);
#2551=ORIENTED_EDGE('',*,*,#1844,.T.);
#2552=ORIENTED_EDGE('',*,*,#1691,.F.);
#2553=ORIENTED_EDGE('',*,*,#1836,.F.);
#2554=ORIENTED_EDGE('',*,*,#1833,.F.);
#2555=ORIENTED_EDGE('',*,*,#1844,.F.);
#2556=ORIENTED_EDGE('',*,*,#1845,.T.);
#2557=ORIENTED_EDGE('',*,*,#1837,.F.);
#2558=ORIENTED_EDGE('',*,*,#1845,.F.);
#2559=ORIENTED_EDGE('',*,*,#1701,.T.);
#2560=ORIENTED_EDGE('',*,*,#1846,.T.);
#2561=ORIENTED_EDGE('',*,*,#1847,.F.);
#2562=ORIENTED_EDGE('',*,*,#1846,.F.);
#2563=ORIENTED_EDGE('',*,*,#1847,.T.);
#2564=ORIENTED_EDGE('',*,*,#1848,.T.);
#2565=ORIENTED_EDGE('',*,*,#1849,.T.);
#2566=ORIENTED_EDGE('',*,*,#1850,.T.);
#2567=ORIENTED_EDGE('',*,*,#1848,.F.);
#2568=ORIENTED_EDGE('',*,*,#1851,.T.);
#2569=ORIENTED_EDGE('',*,*,#1850,.F.);
#2570=ORIENTED_EDGE('',*,*,#1851,.F.);
#2571=ORIENTED_EDGE('',*,*,#1852,.T.);
#2572=ORIENTED_EDGE('',*,*,#1853,.T.);
#2573=ORIENTED_EDGE('',*,*,#1692,.F.);
#2574=ORIENTED_EDGE('',*,*,#1853,.F.);
#2575=ORIENTED_EDGE('',*,*,#1852,.F.);
#2576=ORIENTED_EDGE('',*,*,#1854,.F.);
#2577=ORIENTED_EDGE('',*,*,#1855,.T.);
#2578=ORIENTED_EDGE('',*,*,#1856,.T.);
#2579=ORIENTED_EDGE('',*,*,#1696,.F.);
#2580=ORIENTED_EDGE('',*,*,#1688,.F.);
#2581=ORIENTED_EDGE('',*,*,#1697,.F.);
#2582=ORIENTED_EDGE('',*,*,#1856,.F.);
#2583=ORIENTED_EDGE('',*,*,#1855,.F.);
#2584=ORIENTED_EDGE('',*,*,#1857,.F.);
#2585=ORIENTED_EDGE('',*,*,#1677,.F.);
#2586=ORIENTED_EDGE('',*,*,#1695,.F.);
#2587=ORIENTED_EDGE('',*,*,#1679,.F.);
#2588=ORIENTED_EDGE('',*,*,#1858,.T.);
#2589=ORIENTED_EDGE('',*,*,#1678,.F.);
#2590=ORIENTED_EDGE('',*,*,#1858,.F.);
#2591=ORIENTED_EDGE('',*,*,#1859,.F.);
#2592=ORIENTED_EDGE('',*,*,#1542,.F.);
#2593=ORIENTED_EDGE('',*,*,#1860,.T.);
#2594=ORIENTED_EDGE('',*,*,#1861,.T.);
#2595=ORIENTED_EDGE('',*,*,#1860,.F.);
#2596=ORIENTED_EDGE('',*,*,#1861,.F.);
#2597=ORIENTED_EDGE('',*,*,#1862,.F.);
#2598=ORIENTED_EDGE('',*,*,#1541,.F.);
#2599=ORIENTED_EDGE('',*,*,#1863,.T.);
#2600=ORIENTED_EDGE('',*,*,#1864,.T.);
#2601=ORIENTED_EDGE('',*,*,#1863,.F.);
#2602=ORIENTED_EDGE('',*,*,#1864,.F.);
#2603=ORIENTED_EDGE('',*,*,#1865,.F.);
#2604=ORIENTED_EDGE('',*,*,#1866,.F.);
#2605=ORIENTED_EDGE('',*,*,#1867,.T.);
#2606=ORIENTED_EDGE('',*,*,#1868,.T.);
#2607=ORIENTED_EDGE('',*,*,#1867,.F.);
#2608=ORIENTED_EDGE('',*,*,#1868,.F.);
#2609=ORIENTED_EDGE('',*,*,#1869,.F.);
#2610=ORIENTED_EDGE('',*,*,#1862,.T.);
#2611=ORIENTED_EDGE('',*,*,#1870,.T.);
#2612=ORIENTED_EDGE('',*,*,#1854,.T.);
#2613=ORIENTED_EDGE('',*,*,#1870,.F.);
#2614=ORIENTED_EDGE('',*,*,#1865,.T.);
#2615=ORIENTED_EDGE('',*,*,#1871,.T.);
#2616=ORIENTED_EDGE('',*,*,#1857,.T.);
#2617=ORIENTED_EDGE('',*,*,#1871,.F.);
#2618=ORIENTED_EDGE('',*,*,#1869,.T.);
#2619=ORIENTED_EDGE('',*,*,#1872,.T.);
#2620=ORIENTED_EDGE('',*,*,#1859,.T.);
#2621=ORIENTED_EDGE('',*,*,#1872,.F.);
#2622=ORIENTED_EDGE('',*,*,#1675,.F.);
#2623=ORIENTED_EDGE('',*,*,#1873,.T.);
#2624=ORIENTED_EDGE('',*,*,#1874,.F.);
#2625=ORIENTED_EDGE('',*,*,#1873,.F.);
#2626=ORIENTED_EDGE('',*,*,#1874,.T.);
#2627=ORIENTED_EDGE('',*,*,#1875,.F.);
#2628=ORIENTED_EDGE('',*,*,#1876,.F.);
#2629=ORIENTED_EDGE('',*,*,#1670,.F.);
#2630=ORIENTED_EDGE('',*,*,#1877,.F.);
#2631=ORIENTED_EDGE('',*,*,#1878,.T.);
#2632=ORIENTED_EDGE('',*,*,#1879,.T.);
#2633=ORIENTED_EDGE('',*,*,#1878,.F.);
#2634=ORIENTED_EDGE('',*,*,#1879,.F.);
#2635=ORIENTED_EDGE('',*,*,#1880,.F.);
#2636=ORIENTED_EDGE('',*,*,#1881,.T.);
#2637=ORIENTED_EDGE('',*,*,#1882,.T.);
#2638=ORIENTED_EDGE('',*,*,#1875,.T.);
#2639=ORIENTED_EDGE('',*,*,#1882,.F.);
#2640=ORIENTED_EDGE('',*,*,#1729,.F.);
#2641=ORIENTED_EDGE('',*,*,#1883,.T.);
#2642=ORIENTED_EDGE('',*,*,#1884,.T.);
#2643=ORIENTED_EDGE('',*,*,#1883,.F.);
#2644=ORIENTED_EDGE('',*,*,#1884,.F.);
#2645=ORIENTED_EDGE('',*,*,#1881,.F.);
#2646=ORIENTED_EDGE('',*,*,#1728,.F.);
#2647=ORIENTED_EDGE('',*,*,#1885,.T.);
#2648=ORIENTED_EDGE('',*,*,#1886,.T.);
#2649=ORIENTED_EDGE('',*,*,#1885,.F.);
#2650=ORIENTED_EDGE('',*,*,#1886,.F.);
#2651=ORIENTED_EDGE('',*,*,#1887,.F.);
#2652=ORIENTED_EDGE('',*,*,#1690,.T.);
#2653=ORIENTED_EDGE('',*,*,#1876,.T.);
#2654=ORIENTED_EDGE('',*,*,#1877,.T.);
#2655=ORIENTED_EDGE('',*,*,#1887,.T.);
#2656=ORIENTED_EDGE('',*,*,#1888,.T.);
#2657=ORIENTED_EDGE('',*,*,#1880,.T.);
#2658=ORIENTED_EDGE('',*,*,#1888,.F.);
#2659=ORIENTED_EDGE('',*,*,#1705,.F.);
#2660=ORIENTED_EDGE('',*,*,#1889,.T.);
#2661=ORIENTED_EDGE('',*,*,#1890,.T.);
#2662=ORIENTED_EDGE('',*,*,#1889,.F.);
#2663=ORIENTED_EDGE('',*,*,#1890,.F.);
#2664=ORIENTED_EDGE('',*,*,#1891,.F.);
#2665=ORIENTED_EDGE('',*,*,#1849,.F.);
#2666=ORIENTED_EDGE('',*,*,#1892,.T.);
#2667=ORIENTED_EDGE('',*,*,#1893,.T.);
#2668=ORIENTED_EDGE('',*,*,#1892,.F.);
#2669=ORIENTED_EDGE('',*,*,#1893,.F.);
#2670=ORIENTED_EDGE('',*,*,#1894,.F.);
#2671=ORIENTED_EDGE('',*,*,#1704,.F.);
#2672=ORIENTED_EDGE('',*,*,#1895,.T.);
#2673=ORIENTED_EDGE('',*,*,#1700,.T.);
#2674=ORIENTED_EDGE('',*,*,#1895,.F.);
#2675=ORIENTED_EDGE('',*,*,#1891,.T.);
#2676=ORIENTED_EDGE('',*,*,#1896,.T.);
#2677=ORIENTED_EDGE('',*,*,#1894,.T.);
#2678=ORIENTED_EDGE('',*,*,#1896,.F.);
#2679=ORIENTED_EDGE('',*,*,#1554,.F.);
#2680=ORIENTED_EDGE('',*,*,#1625,.F.);
#2681=ORIENTED_EDGE('',*,*,#1608,.F.);
#2682=ORIENTED_EDGE('',*,*,#1558,.F.);
#2683=ORIENTED_EDGE('',*,*,#1823,.F.);
#2684=ORIENTED_EDGE('',*,*,#1866,.T.);
#2685=B_SPLINE_SURFACE_WITH_KNOTS('',3,3,((#4208,#4209,#4210,#4211,#4212,
#4213,#4214,#4215),(#4216,#4217,#4218,#4219,#4220,#4221,#4222,#4223),(#4224,
#4225,#4226,#4227,#4228,#4229,#4230,#4231),(#4232,#4233,#4234,#4235,#4236,
#4237,#4238,#4239)),.UNSPECIFIED.,.F.,.F.,.F.,(4,4),(4,2,1,1,4),(0.,1.),
(-0.000923799240749392,0.,0.228266900803879,0.342400351205818,0.570667252009697),
 .UNSPECIFIED.);
#2686=B_SPLINE_SURFACE_WITH_KNOTS('',3,3,((#4266,#4267,#4268,#4269,#4270,
#4271,#4272,#4273),(#4274,#4275,#4276,#4277,#4278,#4279,#4280,#4281),(#4282,
#4283,#4284,#4285,#4286,#4287,#4288,#4289),(#4290,#4291,#4292,#4293,#4294,
#4295,#4296,#4297)),.UNSPECIFIED.,.F.,.F.,.F.,(4,4),(4,2,1,1,4),(0.,1.),
(-0.571591051250446,-0.570667252009697,-0.342400351205818,-0.228266900803879,
0.),.UNSPECIFIED.);
#2687=B_SPLINE_SURFACE_WITH_KNOTS('',3,3,((#4343,#4344,#4345,#4346,#4347,
#4348,#4349,#4350),(#4351,#4352,#4353,#4354,#4355,#4356,#4357,#4358),(#4359,
#4360,#4361,#4362,#4363,#4364,#4365,#4366),(#4367,#4368,#4369,#4370,#4371,
#4372,#4373,#4374)),.UNSPECIFIED.,.F.,.F.,.F.,(4,4),(4,2,1,1,4),(0.,1.),
(-0.571591051250448,-0.570667252009698,-0.342400351205819,-0.228266900803879,
0.),.UNSPECIFIED.);
#2688=B_SPLINE_SURFACE_WITH_KNOTS('',3,3,((#4389,#4390,#4391,#4392,#4393,
#4394,#4395,#4396),(#4397,#4398,#4399,#4400,#4401,#4402,#4403,#4404),(#4405,
#4406,#4407,#4408,#4409,#4410,#4411,#4412),(#4413,#4414,#4415,#4416,#4417,
#4418,#4419,#4420)),.UNSPECIFIED.,.F.,.F.,.F.,(4,4),(4,2,1,1,4),(0.,1.),
(-0.00092379924074881,0.,0.228266900803879,0.342400351205819,0.570667252009698),
 .UNSPECIFIED.);
#2689=B_SPLINE_SURFACE_WITH_KNOTS('',3,3,((#4443,#4444,#4445,#4446,#4447,
#4448,#4449,#4450),(#4451,#4452,#4453,#4454,#4455,#4456,#4457,#4458),(#4459,
#4460,#4461,#4462,#4463,#4464,#4465,#4466),(#4467,#4468,#4469,#4470,#4471,
#4472,#4473,#4474)),.UNSPECIFIED.,.F.,.F.,.F.,(4,4),(4,2,1,1,4),(0.,1.),
(-0.571591051250446,-0.570667252009697,-0.342400351205818,-0.228266900803879,
0.),.UNSPECIFIED.);
#2690=B_SPLINE_SURFACE_WITH_KNOTS('',3,3,((#4501,#4502,#4503,#4504,#4505,
#4506,#4507,#4508),(#4509,#4510,#4511,#4512,#4513,#4514,#4515,#4516),(#4517,
#4518,#4519,#4520,#4521,#4522,#4523,#4524),(#4525,#4526,#4527,#4528,#4529,
#4530,#4531,#4532)),.UNSPECIFIED.,.F.,.F.,.F.,(4,4),(4,2,1,1,4),(0.,1.),
(-0.000923799240749392,0.,0.228266900803879,0.342400351205818,0.570667252009697),
 .UNSPECIFIED.);
#2691=B_SPLINE_SURFACE_WITH_KNOTS('',3,3,((#4581,#4582,#4583,#4584,#4585,
#4586,#4587,#4588),(#4589,#4590,#4591,#4592,#4593,#4594,#4595,#4596),(#4597,
#4598,#4599,#4600,#4601,#4602,#4603,#4604),(#4605,#4606,#4607,#4608,#4609,
#4610,#4611,#4612)),.UNSPECIFIED.,.F.,.F.,.F.,(4,4),(4,2,1,1,4),(0.,1.),
(-0.00092379924074881,0.,0.228266900803879,0.342400351205819,0.570667252009698),
 .UNSPECIFIED.);
#2692=B_SPLINE_SURFACE_WITH_KNOTS('',3,3,((#4629,#4630,#4631,#4632,#4633,
#4634,#4635,#4636),(#4637,#4638,#4639,#4640,#4641,#4642,#4643,#4644),(#4645,
#4646,#4647,#4648,#4649,#4650,#4651,#4652),(#4653,#4654,#4655,#4656,#4657,
#4658,#4659,#4660)),.UNSPECIFIED.,.F.,.F.,.F.,(4,4),(4,2,1,1,4),(0.,1.),
(-0.571591051250448,-0.570667252009698,-0.342400351205819,-0.228266900803879,
0.),.UNSPECIFIED.);
#2693=ADVANCED_FACE('',(#567),#2685,.T.);
#2694=ADVANCED_FACE('',(#568),#467,.F.);
#2695=ADVANCED_FACE('',(#569),#2686,.T.);
#2696=ADVANCED_FACE('',(#570),#159,.T.);
#2697=ADVANCED_FACE('',(#571),#468,.T.);
#2698=ADVANCED_FACE('',(#572),#160,.T.);
#2699=ADVANCED_FACE('',(#573),#2687,.T.);
#2700=ADVANCED_FACE('',(#574),#469,.F.);
#2701=ADVANCED_FACE('',(#575),#2688,.T.);
#2702=ADVANCED_FACE('',(#576,#23,#24),#99,.F.);
#2703=ADVANCED_FACE('',(#577),#470,.T.);
#2704=ADVANCED_FACE('',(#578),#2689,.T.);
#2705=ADVANCED_FACE('',(#579),#471,.F.);
#2706=ADVANCED_FACE('',(#580),#2690,.T.);
#2707=ADVANCED_FACE('',(#581,#25,#26,#27,#28),#100,.T.);
#2708=ADVANCED_FACE('',(#582),#472,.T.);
#2709=ADVANCED_FACE('',(#583),#161,.T.);
#2710=ADVANCED_FACE('',(#584),#2691,.T.);
#2711=ADVANCED_FACE('',(#585),#473,.F.);
#2712=ADVANCED_FACE('',(#586),#2692,.T.);
#2713=ADVANCED_FACE('',(#587),#474,.T.);
#2714=ADVANCED_FACE('',(#588),#475,.T.);
#2715=ADVANCED_FACE('',(#589),#476,.T.);
#2716=ADVANCED_FACE('',(#590),#477,.T.);
#2717=ADVANCED_FACE('',(#591),#478,.T.);
#2718=ADVANCED_FACE('',(#592),#15,.T.);
#2719=ADVANCED_FACE('',(#593),#162,.T.);
#2720=ADVANCED_FACE('',(#594),#163,.T.);
#2721=ADVANCED_FACE('',(#595),#479,.T.);
#2722=ADVANCED_FACE('',(#596),#16,.T.);
#2723=ADVANCED_FACE('',(#597),#164,.T.);
#2724=ADVANCED_FACE('',(#598),#165,.T.);
#2725=ADVANCED_FACE('',(#599),#480,.T.);
#2726=ADVANCED_FACE('',(#600),#17,.T.);
#2727=ADVANCED_FACE('',(#601),#166,.T.);
#2728=ADVANCED_FACE('',(#602),#167,.T.);
#2729=ADVANCED_FACE('',(#603),#481,.T.);
#2730=ADVANCED_FACE('',(#604),#18,.T.);
#2731=ADVANCED_FACE('',(#605),#482,.T.);
#2732=ADVANCED_FACE('',(#606),#483,.T.);
#2733=ADVANCED_FACE('',(#607),#484,.T.);
#2734=ADVANCED_FACE('',(#608),#168,.T.);
#2735=ADVANCED_FACE('',(#609),#485,.T.);
#2736=ADVANCED_FACE('',(#610),#169,.T.);
#2737=ADVANCED_FACE('',(#611),#486,.T.);
#2738=ADVANCED_FACE('',(#612),#170,.T.);
#2739=ADVANCED_FACE('',(#613),#487,.T.);
#2740=ADVANCED_FACE('',(#614),#171,.T.);
#2741=ADVANCED_FACE('',(#615),#172,.T.);
#2742=ADVANCED_FACE('',(#616),#488,.T.);
#2743=ADVANCED_FACE('',(#617),#489,.T.);
#2744=ADVANCED_FACE('',(#618),#490,.T.);
#2745=ADVANCED_FACE('',(#619),#491,.T.);
#2746=ADVANCED_FACE('',(#620),#492,.T.);
#2747=ADVANCED_FACE('',(#621),#173,.T.);
#2748=ADVANCED_FACE('',(#622),#493,.T.);
#2749=ADVANCED_FACE('',(#623),#174,.T.);
#2750=ADVANCED_FACE('',(#624),#494,.T.);
#2751=ADVANCED_FACE('',(#625),#101,.T.);
#2752=ADVANCED_FACE('',(#626,#29,#30),#102,.F.);
#2753=ADVANCED_FACE('',(#627,#31,#32),#103,.T.);
#2754=ADVANCED_FACE('',(#628),#495,.T.);
#2755=ADVANCED_FACE('',(#629,#33,#34),#104,.T.);
#2756=ADVANCED_FACE('',(#630),#496,.F.);
#2757=ADVANCED_FACE('',(#631,#35,#36,#37,#38),#105,.F.);
#2758=ADVANCED_FACE('',(#632,#39,#40,#41,#42),#106,.T.);
#2759=ADVANCED_FACE('',(#633,#43),#107,.T.);
#2760=ADVANCED_FACE('',(#634),#497,.F.);
#2761=ADVANCED_FACE('',(#635),#498,.T.);
#2762=ADVANCED_FACE('',(#636),#108,.F.);
#2763=ADVANCED_FACE('',(#637),#499,.F.);
#2764=ADVANCED_FACE('',(#638),#500,.T.);
#2765=ADVANCED_FACE('',(#639,#44,#45,#46,#47,#48,#49),#109,.T.);
#2766=ADVANCED_FACE('',(#640),#501,.T.);
#2767=ADVANCED_FACE('',(#641,#50,#51,#52,#53),#110,.F.);
#2768=ADVANCED_FACE('',(#642),#502,.F.);
#2769=ADVANCED_FACE('',(#643,#54),#111,.F.);
#2770=ADVANCED_FACE('',(#644),#503,.F.);
#2771=ADVANCED_FACE('',(#645,#55),#112,.F.);
#2772=ADVANCED_FACE('',(#646),#504,.F.);
#2773=ADVANCED_FACE('',(#647,#56),#113,.F.);
#2774=ADVANCED_FACE('',(#648),#505,.F.);
#2775=ADVANCED_FACE('',(#649,#57),#114,.T.);
#2776=ADVANCED_FACE('',(#650),#506,.F.);
#2777=ADVANCED_FACE('',(#651,#58),#115,.T.);
#2778=ADVANCED_FACE('',(#652),#507,.F.);
#2779=ADVANCED_FACE('',(#653,#59),#116,.T.);
#2780=ADVANCED_FACE('',(#654),#508,.F.);
#2781=ADVANCED_FACE('',(#655),#509,.F.);
#2782=ADVANCED_FACE('',(#656),#510,.F.);
#2783=ADVANCED_FACE('',(#657),#511,.F.);
#2784=ADVANCED_FACE('',(#658,#60),#117,.F.);
#2785=ADVANCED_FACE('',(#659),#512,.F.);
#2786=ADVANCED_FACE('',(#660,#61),#118,.T.);
#2787=ADVANCED_FACE('',(#661),#119,.T.);
#2788=ADVANCED_FACE('',(#662),#513,.F.);
#2789=ADVANCED_FACE('',(#663),#514,.F.);
#2790=ADVANCED_FACE('',(#664,#62),#120,.T.);
#2791=ADVANCED_FACE('',(#665,#63),#121,.F.);
#2792=ADVANCED_FACE('',(#666),#515,.F.);
#2793=ADVANCED_FACE('',(#667),#516,.F.);
#2794=ADVANCED_FACE('',(#668,#64),#122,.T.);
#2795=ADVANCED_FACE('',(#669),#517,.F.);
#2796=ADVANCED_FACE('',(#670,#65),#123,.T.);
#2797=ADVANCED_FACE('',(#671),#518,.F.);
#2798=ADVANCED_FACE('',(#672,#66),#124,.T.);
#2799=ADVANCED_FACE('',(#673),#519,.F.);
#2800=ADVANCED_FACE('',(#674,#67),#125,.F.);
#2801=ADVANCED_FACE('',(#675),#520,.F.);
#2802=ADVANCED_FACE('',(#676,#68),#126,.F.);
#2803=ADVANCED_FACE('',(#677),#521,.F.);
#2804=ADVANCED_FACE('',(#678,#69),#127,.F.);
#2805=ADVANCED_FACE('',(#679),#522,.F.);
#2806=ADVANCED_FACE('',(#680),#523,.F.);
#2807=ADVANCED_FACE('',(#681),#524,.F.);
#2808=ADVANCED_FACE('',(#682),#525,.F.);
#2809=ADVANCED_FACE('',(#683,#70),#128,.T.);
#2810=ADVANCED_FACE('',(#684),#526,.F.);
#2811=ADVANCED_FACE('',(#685,#71),#129,.F.);
#2812=ADVANCED_FACE('',(#686),#130,.F.);
#2813=ADVANCED_FACE('',(#687),#527,.F.);
#2814=ADVANCED_FACE('',(#688),#528,.F.);
#2815=ADVANCED_FACE('',(#689,#72),#131,.F.);
#2816=ADVANCED_FACE('',(#690),#529,.F.);
#2817=ADVANCED_FACE('',(#691,#73),#132,.T.);
#2818=ADVANCED_FACE('',(#692),#530,.F.);
#2819=ADVANCED_FACE('',(#693),#531,.F.);
#2820=ADVANCED_FACE('',(#694),#532,.F.);
#2821=ADVANCED_FACE('',(#695,#74),#133,.T.);
#2822=ADVANCED_FACE('',(#696),#533,.F.);
#2823=ADVANCED_FACE('',(#697,#75),#134,.T.);
#2824=ADVANCED_FACE('',(#698),#534,.F.);
#2825=ADVANCED_FACE('',(#699,#76),#135,.F.);
#2826=ADVANCED_FACE('',(#700),#535,.F.);
#2827=ADVANCED_FACE('',(#701,#77),#136,.F.);
#2828=ADVANCED_FACE('',(#702),#536,.F.);
#2829=ADVANCED_FACE('',(#703,#78),#137,.F.);
#2830=ADVANCED_FACE('',(#704),#537,.F.);
#2831=ADVANCED_FACE('',(#705),#538,.F.);
#2832=ADVANCED_FACE('',(#706),#539,.F.);
#2833=ADVANCED_FACE('',(#707),#540,.F.);
#2834=ADVANCED_FACE('',(#708,#79),#138,.T.);
#2835=ADVANCED_FACE('',(#709),#541,.F.);
#2836=ADVANCED_FACE('',(#710,#80),#139,.T.);
#2837=ADVANCED_FACE('',(#711),#542,.F.);
#2838=ADVANCED_FACE('',(#712),#543,.F.);
#2839=ADVANCED_FACE('',(#713,#81),#140,.F.);
#2840=ADVANCED_FACE('',(#714),#544,.F.);
#2841=ADVANCED_FACE('',(#715,#82),#141,.F.);
#2842=ADVANCED_FACE('',(#716),#142,.F.);
#2843=ADVANCED_FACE('',(#717),#545,.F.);
#2844=ADVANCED_FACE('',(#718),#546,.F.);
#2845=ADVANCED_FACE('',(#719,#83),#143,.F.);
#2846=ADVANCED_FACE('',(#720,#84),#144,.T.);
#2847=ADVANCED_FACE('',(#721),#547,.F.);
#2848=ADVANCED_FACE('',(#722),#548,.F.);
#2849=ADVANCED_FACE('',(#723,#85),#145,.F.);
#2850=ADVANCED_FACE('',(#724),#549,.F.);
#2851=ADVANCED_FACE('',(#725,#86),#146,.F.);
#2852=ADVANCED_FACE('',(#726),#550,.F.);
#2853=ADVANCED_FACE('',(#727,#87),#147,.F.);
#2854=ADVANCED_FACE('',(#728),#551,.F.);
#2855=ADVANCED_FACE('',(#729,#88),#148,.T.);
#2856=ADVANCED_FACE('',(#730),#552,.F.);
#2857=ADVANCED_FACE('',(#731,#89),#149,.T.);
#2858=ADVANCED_FACE('',(#732),#553,.F.);
#2859=ADVANCED_FACE('',(#733,#90),#150,.T.);
#2860=ADVANCED_FACE('',(#734),#554,.F.);
#2861=ADVANCED_FACE('',(#735),#555,.F.);
#2862=ADVANCED_FACE('',(#736),#556,.F.);
#2863=ADVANCED_FACE('',(#737),#557,.F.);
#2864=ADVANCED_FACE('',(#738,#91),#151,.F.);
#2865=ADVANCED_FACE('',(#739),#558,.F.);
#2866=ADVANCED_FACE('',(#740,#92),#152,.F.);
#2867=ADVANCED_FACE('',(#741),#559,.F.);
#2868=ADVANCED_FACE('',(#742),#560,.F.);
#2869=ADVANCED_FACE('',(#743,#93),#153,.T.);
#2870=ADVANCED_FACE('',(#744),#561,.F.);
#2871=ADVANCED_FACE('',(#745,#94),#154,.T.);
#2872=ADVANCED_FACE('',(#746),#155,.T.);
#2873=ADVANCED_FACE('',(#747),#562,.F.);
#2874=ADVANCED_FACE('',(#748),#563,.F.);
#2875=ADVANCED_FACE('',(#749,#95),#156,.T.);
#2876=ADVANCED_FACE('',(#750),#564,.F.);
#2877=ADVANCED_FACE('',(#751,#96),#157,.F.);
#2878=ADVANCED_FACE('',(#752),#565,.F.);
#2879=ADVANCED_FACE('',(#753),#566,.F.);
#2880=ADVANCED_FACE('',(#754,#97,#98),#158,.T.);
#2881=CLOSED_SHELL('',(#2693,#2694,#2695,#2696,#2697,#2698,#2699,#2700,
#2701,#2702,#2703,#2704,#2705,#2706,#2707,#2708,#2709,#2710,#2711,#2712,
#2713,#2714,#2715,#2716,#2717,#2718,#2719,#2720,#2721,#2722,#2723,#2724,
#2725,#2726,#2727,#2728,#2729,#2730,#2731,#2732,#2733,#2734,#2735,#2736,
#2737,#2738,#2739,#2740,#2741,#2742,#2743,#2744,#2745,#2746,#2747,#2748,
#2749,#2750,#2751,#2752,#2753,#2754,#2755,#2756,#2757,#2758,#2759,#2760,
#2761,#2762,#2763,#2764,#2765,#2766,#2767,#2768,#2769,#2770,#2771,#2772,
#2773,#2774,#2775,#2776,#2777,#2778,#2779,#2780,#2781,#2782,#2783,#2784,
#2785,#2786,#2787,#2788,#2789,#2790,#2791,#2792,#2793,#2794,#2795,#2796,
#2797,#2798,#2799,#2800,#2801,#2802,#2803,#2804,#2805,#2806,#2807,#2808,
#2809,#2810,#2811,#2812,#2813,#2814,#2815,#2816,#2817,#2818,#2819,#2820,
#2821,#2822,#2823,#2824,#2825,#2826,#2827,#2828,#2829,#2830,#2831,#2832,
#2833,#2834,#2835,#2836,#2837,#2838,#2839,#2840,#2841,#2842,#2843,#2844,
#2845,#2846,#2847,#2848,#2849,#2850,#2851,#2852,#2853,#2854,#2855,#2856,
#2857,#2858,#2859,#2860,#2861,#2862,#2863,#2864,#2865,#2866,#2867,#2868,
#2869,#2870,#2871,#2872,#2873,#2874,#2875,#2876,#2877,#2878,#2879,#2880));
#2882=DERIVED_UNIT_ELEMENT(#2884,1.);
#2883=DERIVED_UNIT_ELEMENT(#5755,-3.);
#2884=(
MASS_UNIT()
NAMED_UNIT(*)
SI_UNIT(.KILO.,.GRAM.)
);
#2885=DERIVED_UNIT((#2882,#2883));
#2886=MEASURE_REPRESENTATION_ITEM('density measure',
POSITIVE_RATIO_MEASURE(7850.),#2885);
#2887=PROPERTY_DEFINITION_REPRESENTATION(#2892,#2889);
#2888=PROPERTY_DEFINITION_REPRESENTATION(#2893,#2890);
#2889=REPRESENTATION('material name',(#2891),#5752);
#2890=REPRESENTATION('density',(#2886),#5752);
#2891=DESCRIPTIVE_REPRESENTATION_ITEM('Steel','Steel');
#2892=PROPERTY_DEFINITION('material property','material name',#5762);
#2893=PROPERTY_DEFINITION('material property','density of part',#5762);
#2894=AXIS2_PLACEMENT_3D('',#4207,#3283,#3284);
#2895=AXIS2_PLACEMENT_3D('',#4242,#3285,#3286);
#2896=AXIS2_PLACEMENT_3D('',#4260,#3287,#3288);
#2897=AXIS2_PLACEMENT_3D('',#4264,#3290,#3291);
#2898=AXIS2_PLACEMENT_3D('',#4315,#3293,#3294);
#2899=AXIS2_PLACEMENT_3D('',#4317,#3295,#3296);
#2900=AXIS2_PLACEMENT_3D('',#4327,#3297,#3298);
#2901=AXIS2_PLACEMENT_3D('',#4328,#3299,#3300);
#2902=AXIS2_PLACEMENT_3D('',#4330,#3301,#3302);
#2903=AXIS2_PLACEMENT_3D('',#4332,#3304,#3305);
#2904=AXIS2_PLACEMENT_3D('',#4334,#3306,#3307);
#2905=AXIS2_PLACEMENT_3D('',#4376,#3308,#3309);
#2906=AXIS2_PLACEMENT_3D('',#4385,#3310,#3311);
#2907=AXIS2_PLACEMENT_3D('',#4388,#3313,#3314);
#2908=AXIS2_PLACEMENT_3D('',#4429,#3315,#3316);
#2909=AXIS2_PLACEMENT_3D('',#4436,#3320,#3321);
#2910=AXIS2_PLACEMENT_3D('',#4438,#3322,#3323);
#2911=AXIS2_PLACEMENT_3D('',#4439,#3324,#3325);
#2912=AXIS2_PLACEMENT_3D('',#4442,#3327,#3328);
#2913=AXIS2_PLACEMENT_3D('',#4477,#3329,#3330);
#2914=AXIS2_PLACEMENT_3D('',#4495,#3331,#3332);
#2915=AXIS2_PLACEMENT_3D('',#4499,#3334,#3335);
#2916=AXIS2_PLACEMENT_3D('',#4550,#3337,#3338);
#2917=AXIS2_PLACEMENT_3D('',#4557,#3342,#3343);
#2918=AXIS2_PLACEMENT_3D('',#4559,#3344,#3345);
#2919=AXIS2_PLACEMENT_3D('',#4561,#3346,#3347);
#2920=AXIS2_PLACEMENT_3D('',#4563,#3348,#3349);
#2921=AXIS2_PLACEMENT_3D('',#4564,#3350,#3351);
#2922=AXIS2_PLACEMENT_3D('',#4567,#3353,#3354);
#2923=AXIS2_PLACEMENT_3D('',#4568,#3355,#3356);
#2924=AXIS2_PLACEMENT_3D('',#4570,#3357,#3358);
#2925=AXIS2_PLACEMENT_3D('',#4580,#3359,#3360);
#2926=AXIS2_PLACEMENT_3D('',#4614,#3361,#3362);
#2927=AXIS2_PLACEMENT_3D('',#4623,#3363,#3364);
#2928=AXIS2_PLACEMENT_3D('',#4627,#3366,#3367);
#2929=AXIS2_PLACEMENT_3D('',#4678,#3369,#3370);
#2930=AXIS2_PLACEMENT_3D('',#4679,#3371,#3372);
#2931=AXIS2_PLACEMENT_3D('',#4680,#3373,#3374);
#2932=AXIS2_PLACEMENT_3D('',#4684,#3376,#3377);
#2933=AXIS2_PLACEMENT_3D('',#4686,#3379,#3380);
#2934=AXIS2_PLACEMENT_3D('',#4691,#3382,#3383);
#2935=AXIS2_PLACEMENT_3D('',#4694,#3385,#3386);
#2936=AXIS2_PLACEMENT_3D('',#4695,#3387,#3388);
#2937=AXIS2_PLACEMENT_3D('',#4714,#3391,#3392);
#2938=AXIS2_PLACEMENT_3D('',#4735,#3395,#3396);
#2939=AXIS2_PLACEMENT_3D('',#4736,#3397,#3398);
#2940=AXIS2_PLACEMENT_3D('',#4738,#3399,#3400);
#2941=AXIS2_PLACEMENT_3D('',#4739,#3401,#3402);
#2942=AXIS2_PLACEMENT_3D('',#4740,#3403,#3404);
#2943=AXIS2_PLACEMENT_3D('',#4743,#3405,#3406);
#2944=AXIS2_PLACEMENT_3D('',#4745,#3407,#3408);
#2945=AXIS2_PLACEMENT_3D('',#4747,#3409,#3410);
#2946=AXIS2_PLACEMENT_3D('',#4762,#3411,#3412);
#2947=AXIS2_PLACEMENT_3D('',#4765,#3413,#3414);
#2948=AXIS2_PLACEMENT_3D('',#4766,#3415,#3416);
#2949=AXIS2_PLACEMENT_3D('',#4767,#3417,#3418);
#2950=AXIS2_PLACEMENT_3D('',#4768,#3419,#3420);
#2951=AXIS2_PLACEMENT_3D('',#4771,#3423,#3424);
#2952=AXIS2_PLACEMENT_3D('',#4773,#3425,#3426);
#2953=AXIS2_PLACEMENT_3D('',#4774,#3427,#3428);
#2954=AXIS2_PLACEMENT_3D('',#4775,#3429,#3430);
#2955=AXIS2_PLACEMENT_3D('',#4777,#3431,#3432);
#2956=AXIS2_PLACEMENT_3D('',#4779,#3433,#3434);
#2957=AXIS2_PLACEMENT_3D('',#4780,#3435,#3436);
#2958=AXIS2_PLACEMENT_3D('',#4781,#3437,#3438);
#2959=AXIS2_PLACEMENT_3D('',#4784,#3439,#3440);
#2960=AXIS2_PLACEMENT_3D('',#4785,#3441,#3442);
#2961=AXIS2_PLACEMENT_3D('',#4786,#3443,#3444);
#2962=AXIS2_PLACEMENT_3D('',#4787,#3445,#3446);
#2963=AXIS2_PLACEMENT_3D('',#4790,#3449,#3450);
#2964=AXIS2_PLACEMENT_3D('',#4792,#3451,#3452);
#2965=AXIS2_PLACEMENT_3D('',#4794,#3453,#3454);
#2966=AXIS2_PLACEMENT_3D('',#4795,#3455,#3456);
#2967=AXIS2_PLACEMENT_3D('',#4796,#3457,#3458);
#2968=AXIS2_PLACEMENT_3D('',#4798,#3459,#3460);
#2969=AXIS2_PLACEMENT_3D('',#4800,#3461,#3462);
#2970=AXIS2_PLACEMENT_3D('',#4801,#3463,#3464);
#2971=AXIS2_PLACEMENT_3D('',#4802,#3465,#3466);
#2972=AXIS2_PLACEMENT_3D('',#4805,#3467,#3468);
#2973=AXIS2_PLACEMENT_3D('',#4806,#3469,#3470);
#2974=AXIS2_PLACEMENT_3D('',#4807,#3471,#3472);
#2975=AXIS2_PLACEMENT_3D('',#4808,#3473,#3474);
#2976=AXIS2_PLACEMENT_3D('',#4811,#3477,#3478);
#2977=AXIS2_PLACEMENT_3D('',#4814,#3479,#3480);
#2978=AXIS2_PLACEMENT_3D('',#4816,#3481,#3482);
#2979=AXIS2_PLACEMENT_3D('',#4817,#3483,#3484);
#2980=AXIS2_PLACEMENT_3D('',#4818,#3485,#3486);
#2981=AXIS2_PLACEMENT_3D('',#4821,#3489,#3490);
#2982=AXIS2_PLACEMENT_3D('',#4823,#3492,#3493);
#2983=AXIS2_PLACEMENT_3D('',#4825,#3494,#3495);
#2984=AXIS2_PLACEMENT_3D('',#4827,#3497,#3498);
#2985=AXIS2_PLACEMENT_3D('',#4830,#3499,#3500);
#2986=AXIS2_PLACEMENT_3D('',#4831,#3501,#3502);
#2987=AXIS2_PLACEMENT_3D('',#4832,#3503,#3504);
#2988=AXIS2_PLACEMENT_3D('',#4833,#3505,#3506);
#2989=AXIS2_PLACEMENT_3D('',#4836,#3507,#3508);
#2990=AXIS2_PLACEMENT_3D('',#4839,#3511,#3512);
#2991=AXIS2_PLACEMENT_3D('',#4842,#3513,#3514);
#2992=AXIS2_PLACEMENT_3D('',#4843,#3515,#3516);
#2993=AXIS2_PLACEMENT_3D('',#4844,#3517,#3518);
#2994=AXIS2_PLACEMENT_3D('',#4845,#3519,#3520);
#2995=AXIS2_PLACEMENT_3D('',#4848,#3523,#3524);
#2996=AXIS2_PLACEMENT_3D('',#4849,#3525,#3526);
#2997=AXIS2_PLACEMENT_3D('',#4850,#3527,#3528);
#2998=AXIS2_PLACEMENT_3D('',#4853,#3531,#3532);
#2999=AXIS2_PLACEMENT_3D('',#4856,#3533,#3534);
#3000=AXIS2_PLACEMENT_3D('',#4858,#3535,#3536);
#3001=AXIS2_PLACEMENT_3D('',#4860,#3537,#3538);
#3002=AXIS2_PLACEMENT_3D('',#4875,#3539,#3540);
#3003=AXIS2_PLACEMENT_3D('',#4878,#3541,#3542);
#3004=AXIS2_PLACEMENT_3D('',#4879,#3543,#3544);
#3005=AXIS2_PLACEMENT_3D('',#4880,#3545,#3546);
#3006=AXIS2_PLACEMENT_3D('',#4881,#3547,#3548);
#3007=AXIS2_PLACEMENT_3D('',#4884,#3551,#3552);
#3008=AXIS2_PLACEMENT_3D('',#4886,#3554,#3555);
#3009=AXIS2_PLACEMENT_3D('',#4891,#3558,#3559);
#3010=AXIS2_PLACEMENT_3D('',#4892,#3560,#3561);
#3011=AXIS2_PLACEMENT_3D('',#4895,#3564,#3565);
#3012=AXIS2_PLACEMENT_3D('',#4898,#3568,#3569);
#3013=AXIS2_PLACEMENT_3D('',#4901,#3570,#3571);
#3014=AXIS2_PLACEMENT_3D('',#4902,#3572,#3573);
#3015=AXIS2_PLACEMENT_3D('',#4903,#3574,#3575);
#3016=AXIS2_PLACEMENT_3D('',#4904,#3576,#3577);
#3017=AXIS2_PLACEMENT_3D('',#4907,#3578,#3579);
#3018=AXIS2_PLACEMENT_3D('',#4910,#3582,#3583);
#3019=AXIS2_PLACEMENT_3D('',#4913,#3584,#3585);
#3020=AXIS2_PLACEMENT_3D('',#4914,#3586,#3587);
#3021=AXIS2_PLACEMENT_3D('',#4915,#3588,#3589);
#3022=AXIS2_PLACEMENT_3D('',#4916,#3590,#3591);
#3023=AXIS2_PLACEMENT_3D('',#4919,#3594,#3595);
#3024=AXIS2_PLACEMENT_3D('',#4921,#3597,#3598);
#3025=AXIS2_PLACEMENT_3D('',#4934,#3605,#3606);
#3026=AXIS2_PLACEMENT_3D('',#4938,#3608,#3609);
#3027=AXIS2_PLACEMENT_3D('',#4941,#3611,#3612);
#3028=AXIS2_PLACEMENT_3D('',#4943,#3613,#3614);
#3029=AXIS2_PLACEMENT_3D('',#4944,#3615,#3616);
#3030=AXIS2_PLACEMENT_3D('',#4948,#3618,#3619);
#3031=AXIS2_PLACEMENT_3D('',#4952,#3621,#3622);
#3032=AXIS2_PLACEMENT_3D('',#4954,#3624,#3625);
#3033=AXIS2_PLACEMENT_3D('',#4955,#3626,#3627);
#3034=AXIS2_PLACEMENT_3D('',#4957,#3628,#3629);
#3035=AXIS2_PLACEMENT_3D('',#4959,#3630,#3631);
#3036=AXIS2_PLACEMENT_3D('',#4960,#3632,#3633);
#3037=AXIS2_PLACEMENT_3D('',#5030,#3639,#3640);
#3038=AXIS2_PLACEMENT_3D('',#5034,#3642,#3643);
#3039=AXIS2_PLACEMENT_3D('',#5038,#3645,#3646);
#3040=AXIS2_PLACEMENT_3D('',#5043,#3650,#3651);
#3041=AXIS2_PLACEMENT_3D('',#5045,#3652,#3653);
#3042=AXIS2_PLACEMENT_3D('',#5046,#3654,#3655);
#3043=AXIS2_PLACEMENT_3D('',#5157,#3656,#3657);
#3044=AXIS2_PLACEMENT_3D('',#5159,#3658,#3659);
#3045=AXIS2_PLACEMENT_3D('',#5161,#3660,#3661);
#3046=AXIS2_PLACEMENT_3D('',#5163,#3662,#3663);
#3047=AXIS2_PLACEMENT_3D('',#5165,#3664,#3665);
#3048=AXIS2_PLACEMENT_3D('',#5166,#3666,#3667);
#3049=AXIS2_PLACEMENT_3D('',#5168,#3668,#3669);
#3050=AXIS2_PLACEMENT_3D('',#5170,#3670,#3671);
#3051=AXIS2_PLACEMENT_3D('',#5172,#3672,#3673);
#3052=AXIS2_PLACEMENT_3D('',#5174,#3674,#3675);
#3053=AXIS2_PLACEMENT_3D('',#5175,#3676,#3677);
#3054=AXIS2_PLACEMENT_3D('',#5176,#3678,#3679);
#3055=AXIS2_PLACEMENT_3D('',#5178,#3680,#3681);
#3056=AXIS2_PLACEMENT_3D('',#5179,#3682,#3683);
#3057=AXIS2_PLACEMENT_3D('',#5180,#3684,#3685);
#3058=AXIS2_PLACEMENT_3D('',#5251,#3692,#3693);
#3059=AXIS2_PLACEMENT_3D('',#5252,#3694,#3695);
#3060=AXIS2_PLACEMENT_3D('',#5363,#3696,#3697);
#3061=AXIS2_PLACEMENT_3D('',#5365,#3699,#3700);
#3062=AXIS2_PLACEMENT_3D('',#5368,#3702,#3703);
#3063=AXIS2_PLACEMENT_3D('',#5370,#3704,#3705);
#3064=AXIS2_PLACEMENT_3D('',#5372,#3706,#3707);
#3065=AXIS2_PLACEMENT_3D('',#5374,#3708,#3709);
#3066=AXIS2_PLACEMENT_3D('',#5376,#3710,#3711);
#3067=AXIS2_PLACEMENT_3D('',#5378,#3712,#3713);
#3068=AXIS2_PLACEMENT_3D('',#5379,#3714,#3715);
#3069=AXIS2_PLACEMENT_3D('',#5381,#3717,#3718);
#3070=AXIS2_PLACEMENT_3D('',#5383,#3719,#3720);
#3071=AXIS2_PLACEMENT_3D('',#5385,#3721,#3722);
#3072=AXIS2_PLACEMENT_3D('',#5387,#3723,#3724);
#3073=AXIS2_PLACEMENT_3D('',#5389,#3725,#3726);
#3074=AXIS2_PLACEMENT_3D('',#5390,#3727,#3728);
#3075=AXIS2_PLACEMENT_3D('',#5392,#3729,#3730);
#3076=AXIS2_PLACEMENT_3D('',#5394,#3732,#3733);
#3077=AXIS2_PLACEMENT_3D('',#5396,#3734,#3735);
#3078=AXIS2_PLACEMENT_3D('',#5397,#3736,#3737);
#3079=AXIS2_PLACEMENT_3D('',#5399,#3738,#3739);
#3080=AXIS2_PLACEMENT_3D('',#5401,#3741,#3742);
#3081=AXIS2_PLACEMENT_3D('',#5403,#3743,#3744);
#3082=AXIS2_PLACEMENT_3D('',#5404,#3745,#3746);
#3083=AXIS2_PLACEMENT_3D('',#5405,#3747,#3748);
#3084=AXIS2_PLACEMENT_3D('',#5406,#3749,#3750);
#3085=AXIS2_PLACEMENT_3D('',#5408,#3751,#3752);
#3086=AXIS2_PLACEMENT_3D('',#5409,#3753,#3754);
#3087=AXIS2_PLACEMENT_3D('',#5412,#3756,#3757);
#3088=AXIS2_PLACEMENT_3D('',#5413,#3758,#3759);
#3089=AXIS2_PLACEMENT_3D('',#5415,#3760,#3761);
#3090=AXIS2_PLACEMENT_3D('',#5416,#3762,#3763);
#3091=AXIS2_PLACEMENT_3D('',#5419,#3765,#3766);
#3092=AXIS2_PLACEMENT_3D('',#5420,#3767,#3768);
#3093=AXIS2_PLACEMENT_3D('',#5422,#3769,#3770);
#3094=AXIS2_PLACEMENT_3D('',#5423,#3771,#3772);
#3095=AXIS2_PLACEMENT_3D('',#5426,#3774,#3775);
#3096=AXIS2_PLACEMENT_3D('',#5427,#3776,#3777);
#3097=AXIS2_PLACEMENT_3D('',#5429,#3778,#3779);
#3098=AXIS2_PLACEMENT_3D('',#5430,#3780,#3781);
#3099=AXIS2_PLACEMENT_3D('',#5432,#3783,#3784);
#3100=AXIS2_PLACEMENT_3D('',#5434,#3786,#3787);
#3101=AXIS2_PLACEMENT_3D('',#5436,#3789,#3790);
#3102=AXIS2_PLACEMENT_3D('',#5438,#3791,#3792);
#3103=AXIS2_PLACEMENT_3D('',#5439,#3793,#3794);
#3104=AXIS2_PLACEMENT_3D('',#5442,#3796,#3797);
#3105=AXIS2_PLACEMENT_3D('',#5443,#3798,#3799);
#3106=AXIS2_PLACEMENT_3D('',#5445,#3800,#3801);
#3107=AXIS2_PLACEMENT_3D('',#5446,#3802,#3803);
#3108=AXIS2_PLACEMENT_3D('',#5449,#3805,#3806);
#3109=AXIS2_PLACEMENT_3D('',#5450,#3807,#3808);
#3110=AXIS2_PLACEMENT_3D('',#5452,#3809,#3810);
#3111=AXIS2_PLACEMENT_3D('',#5453,#3811,#3812);
#3112=AXIS2_PLACEMENT_3D('',#5454,#3813,#3814);
#3113=AXIS2_PLACEMENT_3D('',#5456,#3816,#3817);
#3114=AXIS2_PLACEMENT_3D('',#5459,#3819,#3820);
#3115=AXIS2_PLACEMENT_3D('',#5460,#3821,#3822);
#3116=AXIS2_PLACEMENT_3D('',#5462,#3823,#3824);
#3117=AXIS2_PLACEMENT_3D('',#5463,#3825,#3826);
#3118=AXIS2_PLACEMENT_3D('',#5465,#3827,#3828);
#3119=AXIS2_PLACEMENT_3D('',#5467,#3829,#3830);
#3120=AXIS2_PLACEMENT_3D('',#5468,#3831,#3832);
#3121=AXIS2_PLACEMENT_3D('',#5470,#3834,#3835);
#3122=AXIS2_PLACEMENT_3D('',#5472,#3836,#3837);
#3123=AXIS2_PLACEMENT_3D('',#5474,#3839,#3840);
#3124=AXIS2_PLACEMENT_3D('',#5476,#3841,#3842);
#3125=AXIS2_PLACEMENT_3D('',#5477,#3843,#3844);
#3126=AXIS2_PLACEMENT_3D('',#5479,#3845,#3846);
#3127=AXIS2_PLACEMENT_3D('',#5481,#3848,#3849);
#3128=AXIS2_PLACEMENT_3D('',#5483,#3850,#3851);
#3129=AXIS2_PLACEMENT_3D('',#5484,#3852,#3853);
#3130=AXIS2_PLACEMENT_3D('',#5485,#3854,#3855);
#3131=AXIS2_PLACEMENT_3D('',#5486,#3856,#3857);
#3132=AXIS2_PLACEMENT_3D('',#5488,#3858,#3859);
#3133=AXIS2_PLACEMENT_3D('',#5489,#3860,#3861);
#3134=AXIS2_PLACEMENT_3D('',#5492,#3863,#3864);
#3135=AXIS2_PLACEMENT_3D('',#5493,#3865,#3866);
#3136=AXIS2_PLACEMENT_3D('',#5495,#3867,#3868);
#3137=AXIS2_PLACEMENT_3D('',#5496,#3869,#3870);
#3138=AXIS2_PLACEMENT_3D('',#5499,#3872,#3873);
#3139=AXIS2_PLACEMENT_3D('',#5500,#3874,#3875);
#3140=AXIS2_PLACEMENT_3D('',#5502,#3876,#3877);
#3141=AXIS2_PLACEMENT_3D('',#5503,#3878,#3879);
#3142=AXIS2_PLACEMENT_3D('',#5506,#3881,#3882);
#3143=AXIS2_PLACEMENT_3D('',#5507,#3883,#3884);
#3144=AXIS2_PLACEMENT_3D('',#5509,#3885,#3886);
#3145=AXIS2_PLACEMENT_3D('',#5510,#3887,#3888);
#3146=AXIS2_PLACEMENT_3D('',#5512,#3890,#3891);
#3147=AXIS2_PLACEMENT_3D('',#5514,#3893,#3894);
#3148=AXIS2_PLACEMENT_3D('',#5516,#3896,#3897);
#3149=AXIS2_PLACEMENT_3D('',#5518,#3898,#3899);
#3150=AXIS2_PLACEMENT_3D('',#5521,#3901,#3902);
#3151=AXIS2_PLACEMENT_3D('',#5522,#3903,#3904);
#3152=AXIS2_PLACEMENT_3D('',#5523,#3905,#3906);
#3153=AXIS2_PLACEMENT_3D('',#5525,#3907,#3908);
#3154=AXIS2_PLACEMENT_3D('',#5526,#3909,#3910);
#3155=AXIS2_PLACEMENT_3D('',#5529,#3912,#3913);
#3156=AXIS2_PLACEMENT_3D('',#5530,#3914,#3915);
#3157=AXIS2_PLACEMENT_3D('',#5532,#3916,#3917);
#3158=AXIS2_PLACEMENT_3D('',#5533,#3918,#3919);
#3159=AXIS2_PLACEMENT_3D('',#5534,#3920,#3921);
#3160=AXIS2_PLACEMENT_3D('',#5536,#3923,#3924);
#3161=AXIS2_PLACEMENT_3D('',#5539,#3926,#3927);
#3162=AXIS2_PLACEMENT_3D('',#5540,#3928,#3929);
#3163=AXIS2_PLACEMENT_3D('',#5542,#3930,#3931);
#3164=AXIS2_PLACEMENT_3D('',#5543,#3932,#3933);
#3165=AXIS2_PLACEMENT_3D('',#5546,#3935,#3936);
#3166=AXIS2_PLACEMENT_3D('',#5547,#3937,#3938);
#3167=AXIS2_PLACEMENT_3D('',#5549,#3939,#3940);
#3168=AXIS2_PLACEMENT_3D('',#5550,#3941,#3942);
#3169=AXIS2_PLACEMENT_3D('',#5552,#3944,#3945);
#3170=AXIS2_PLACEMENT_3D('',#5554,#3947,#3948);
#3171=AXIS2_PLACEMENT_3D('',#5556,#3949,#3950);
#3172=AXIS2_PLACEMENT_3D('',#5558,#3952,#3953);
#3173=AXIS2_PLACEMENT_3D('',#5560,#3954,#3955);
#3174=AXIS2_PLACEMENT_3D('',#5561,#3956,#3957);
#3175=AXIS2_PLACEMENT_3D('',#5563,#3958,#3959);
#3176=AXIS2_PLACEMENT_3D('',#5565,#3961,#3962);
#3177=AXIS2_PLACEMENT_3D('',#5567,#3963,#3964);
#3178=AXIS2_PLACEMENT_3D('',#5568,#3965,#3966);
#3179=AXIS2_PLACEMENT_3D('',#5571,#3968,#3969);
#3180=AXIS2_PLACEMENT_3D('',#5572,#3970,#3971);
#3181=AXIS2_PLACEMENT_3D('',#5574,#3972,#3973);
#3182=AXIS2_PLACEMENT_3D('',#5575,#3974,#3975);
#3183=AXIS2_PLACEMENT_3D('',#5578,#3977,#3978);
#3184=AXIS2_PLACEMENT_3D('',#5579,#3979,#3980);
#3185=AXIS2_PLACEMENT_3D('',#5581,#3981,#3982);
#3186=AXIS2_PLACEMENT_3D('',#5582,#3983,#3984);
#3187=AXIS2_PLACEMENT_3D('',#5584,#3985,#3986);
#3188=AXIS2_PLACEMENT_3D('',#5587,#3988,#3989);
#3189=AXIS2_PLACEMENT_3D('',#5588,#3990,#3991);
#3190=AXIS2_PLACEMENT_3D('',#5590,#3992,#3993);
#3191=AXIS2_PLACEMENT_3D('',#5591,#3994,#3995);
#3192=AXIS2_PLACEMENT_3D('',#5593,#3997,#3998);
#3193=AXIS2_PLACEMENT_3D('',#5595,#4000,#4001);
#3194=AXIS2_PLACEMENT_3D('',#5597,#4003,#4004);
#3195=AXIS2_PLACEMENT_3D('',#5600,#4006,#4007);
#3196=AXIS2_PLACEMENT_3D('',#5601,#4008,#4009);
#3197=AXIS2_PLACEMENT_3D('',#5603,#4010,#4011);
#3198=AXIS2_PLACEMENT_3D('',#5604,#4012,#4013);
#3199=AXIS2_PLACEMENT_3D('',#5606,#4014,#4015);
#3200=AXIS2_PLACEMENT_3D('',#5609,#4017,#4018);
#3201=AXIS2_PLACEMENT_3D('',#5610,#4019,#4020);
#3202=AXIS2_PLACEMENT_3D('',#5611,#4021,#4022);
#3203=AXIS2_PLACEMENT_3D('',#5613,#4023,#4024);
#3204=AXIS2_PLACEMENT_3D('',#5614,#4025,#4026);
#3205=AXIS2_PLACEMENT_3D('',#5616,#4027,#4028);
#3206=AXIS2_PLACEMENT_3D('',#5618,#4030,#4031);
#3207=AXIS2_PLACEMENT_3D('',#5621,#4033,#4034);
#3208=AXIS2_PLACEMENT_3D('',#5622,#4035,#4036);
#3209=AXIS2_PLACEMENT_3D('',#5623,#4037,#4038);
#3210=AXIS2_PLACEMENT_3D('',#5626,#4040,#4041);
#3211=AXIS2_PLACEMENT_3D('',#5627,#4042,#4043);
#3212=AXIS2_PLACEMENT_3D('',#5629,#4044,#4045);
#3213=AXIS2_PLACEMENT_3D('',#5630,#4046,#4047);
#3214=AXIS2_PLACEMENT_3D('',#5631,#4048,#4049);
#3215=AXIS2_PLACEMENT_3D('',#5633,#4051,#4052);
#3216=AXIS2_PLACEMENT_3D('',#5636,#4054,#4055);
#3217=AXIS2_PLACEMENT_3D('',#5637,#4056,#4057);
#3218=AXIS2_PLACEMENT_3D('',#5639,#4058,#4059);
#3219=AXIS2_PLACEMENT_3D('',#5640,#4060,#4061);
#3220=AXIS2_PLACEMENT_3D('',#5642,#4062,#4063);
#3221=AXIS2_PLACEMENT_3D('',#5644,#4064,#4065);
#3222=AXIS2_PLACEMENT_3D('',#5645,#4066,#4067);
#3223=AXIS2_PLACEMENT_3D('',#5647,#4069,#4070);
#3224=AXIS2_PLACEMENT_3D('',#5649,#4071,#4072);
#3225=AXIS2_PLACEMENT_3D('',#5651,#4074,#4075);
#3226=AXIS2_PLACEMENT_3D('',#5653,#4076,#4077);
#3227=AXIS2_PLACEMENT_3D('',#5654,#4078,#4079);
#3228=AXIS2_PLACEMENT_3D('',#5656,#4080,#4081);
#3229=AXIS2_PLACEMENT_3D('',#5658,#4083,#4084);
#3230=AXIS2_PLACEMENT_3D('',#5660,#4085,#4086);
#3231=AXIS2_PLACEMENT_3D('',#5661,#4087,#4088);
#3232=AXIS2_PLACEMENT_3D('',#5662,#4089,#4090);
#3233=AXIS2_PLACEMENT_3D('',#5663,#4091,#4092);
#3234=AXIS2_PLACEMENT_3D('',#5665,#4093,#4094);
#3235=AXIS2_PLACEMENT_3D('',#5666,#4095,#4096);
#3236=AXIS2_PLACEMENT_3D('',#5669,#4098,#4099);
#3237=AXIS2_PLACEMENT_3D('',#5670,#4100,#4101);
#3238=AXIS2_PLACEMENT_3D('',#5672,#4102,#4103);
#3239=AXIS2_PLACEMENT_3D('',#5673,#4104,#4105);
#3240=AXIS2_PLACEMENT_3D('',#5676,#4107,#4108);
#3241=AXIS2_PLACEMENT_3D('',#5677,#4109,#4110);
#3242=AXIS2_PLACEMENT_3D('',#5679,#4111,#4112);
#3243=AXIS2_PLACEMENT_3D('',#5680,#4113,#4114);
#3244=AXIS2_PLACEMENT_3D('',#5682,#4115,#4116);
#3245=AXIS2_PLACEMENT_3D('',#5685,#4118,#4119);
#3246=AXIS2_PLACEMENT_3D('',#5686,#4120,#4121);
#3247=AXIS2_PLACEMENT_3D('',#5688,#4122,#4123);
#3248=AXIS2_PLACEMENT_3D('',#5689,#4124,#4125);
#3249=AXIS2_PLACEMENT_3D('',#5691,#4127,#4128);
#3250=AXIS2_PLACEMENT_3D('',#5693,#4130,#4131);
#3251=AXIS2_PLACEMENT_3D('',#5695,#4133,#4134);
#3252=AXIS2_PLACEMENT_3D('',#5698,#4136,#4137);
#3253=AXIS2_PLACEMENT_3D('',#5699,#4138,#4139);
#3254=AXIS2_PLACEMENT_3D('',#5701,#4140,#4141);
#3255=AXIS2_PLACEMENT_3D('',#5702,#4142,#4143);
#3256=AXIS2_PLACEMENT_3D('',#5704,#4144,#4145);
#3257=AXIS2_PLACEMENT_3D('',#5705,#4146,#4147);
#3258=AXIS2_PLACEMENT_3D('',#5708,#4149,#4150);
#3259=AXIS2_PLACEMENT_3D('',#5709,#4151,#4152);
#3260=AXIS2_PLACEMENT_3D('',#5711,#4153,#4154);
#3261=AXIS2_PLACEMENT_3D('',#5712,#4155,#4156);
#3262=AXIS2_PLACEMENT_3D('',#5714,#4157,#4158);
#3263=AXIS2_PLACEMENT_3D('',#5716,#4160,#4161);
#3264=AXIS2_PLACEMENT_3D('',#5719,#4163,#4164);
#3265=AXIS2_PLACEMENT_3D('',#5720,#4165,#4166);
#3266=AXIS2_PLACEMENT_3D('',#5721,#4167,#4168);
#3267=AXIS2_PLACEMENT_3D('',#5724,#4170,#4171);
#3268=AXIS2_PLACEMENT_3D('',#5725,#4172,#4173);
#3269=AXIS2_PLACEMENT_3D('',#5727,#4174,#4175);
#3270=AXIS2_PLACEMENT_3D('',#5728,#4176,#4177);
#3271=AXIS2_PLACEMENT_3D('',#5729,#4178,#4179);
#3272=AXIS2_PLACEMENT_3D('',#5731,#4181,#4182);
#3273=AXIS2_PLACEMENT_3D('',#5734,#4184,#4185);
#3274=AXIS2_PLACEMENT_3D('',#5735,#4186,#4187);
#3275=AXIS2_PLACEMENT_3D('',#5737,#4188,#4189);
#3276=AXIS2_PLACEMENT_3D('',#5738,#4190,#4191);
#3277=AXIS2_PLACEMENT_3D('',#5741,#4193,#4194);
#3278=AXIS2_PLACEMENT_3D('',#5742,#4195,#4196);
#3279=AXIS2_PLACEMENT_3D('',#5744,#4197,#4198);
#3280=AXIS2_PLACEMENT_3D('',#5745,#4199,#4200);
#3281=AXIS2_PLACEMENT_3D('',#5747,#4202,#4203);
#3282=AXIS2_PLACEMENT_3D('',#5749,#4205,#4206);
#3283=DIRECTION('axis',(0.,0.,1.));
#3284=DIRECTION('refdir',(1.,0.,0.));
#3285=DIRECTION('center_axis',(0.,0.,1.));
#3286=DIRECTION('ref_axis',(0.785714328289032,-0.618589520054547,0.));
#3287=DIRECTION('center_axis',(0.,0.,1.));
#3288=DIRECTION('ref_axis',(0.944911193787287,-0.327326802836988,0.));
#3289=DIRECTION('',(0.,0.,1.));
#3290=DIRECTION('center_axis',(0.,0.,1.));
#3291=DIRECTION('ref_axis',(0.785714328289032,-0.618589520054547,0.));
#3292=DIRECTION('',(0.,0.,-1.));
#3293=DIRECTION('center_axis',(0.,0.,-1.));
#3294=DIRECTION('ref_axis',(-1.,0.,0.));
#3295=DIRECTION('center_axis',(0.,0.,1.));
#3296=DIRECTION('ref_axis',(-1.,-6.93889390390723E-17,0.));
#3297=DIRECTION('center_axis',(0.,0.,-1.));
#3298=DIRECTION('ref_axis',(-1.,-6.93889390390723E-17,0.));
#3299=DIRECTION('center_axis',(0.,0.,-1.));
#3300=DIRECTION('ref_axis',(-0.625000074505806,-0.780624690147408,0.));
#3301=DIRECTION('center_axis',(0.,0.,-1.));
#3302=DIRECTION('ref_axis',(-1.,-6.93889390390723E-17,0.));
#3303=DIRECTION('',(0.,0.,-1.));
#3304=DIRECTION('center_axis',(0.,0.,-1.));
#3305=DIRECTION('ref_axis',(-1.,0.,0.));
#3306=DIRECTION('center_axis',(0.,0.,1.));
#3307=DIRECTION('ref_axis',(-1.,-6.93889390390723E-17,0.));
#3308=DIRECTION('center_axis',(0.,0.,1.));
#3309=DIRECTION('ref_axis',(1.,0.,0.));
#3310=DIRECTION('center_axis',(0.,0.,1.));
#3311=DIRECTION('ref_axis',(0.944911193787287,0.327326802836987,0.));
#3312=DIRECTION('',(0.,0.,1.));
#3313=DIRECTION('center_axis',(0.,0.,1.));
#3314=DIRECTION('ref_axis',(1.,0.,0.));
#3315=DIRECTION('center_axis',(1.,0.,0.));
#3316=DIRECTION('ref_axis',(0.,1.,0.));
#3317=DIRECTION('',(0.,1.,0.));
#3318=DIRECTION('',(0.,0.,-1.));
#3319=DIRECTION('',(0.,-1.,0.));
#3320=DIRECTION('center_axis',(1.,0.,0.));
#3321=DIRECTION('ref_axis',(0.,1.,0.));
#3322=DIRECTION('center_axis',(-1.,0.,0.));
#3323=DIRECTION('ref_axis',(0.,1.,0.));
#3324=DIRECTION('center_axis',(0.,1.,0.));
#3325=DIRECTION('ref_axis',(-0.707106781186549,0.,-0.707106781186546));
#3326=DIRECTION('',(0.,-1.,0.));
#3327=DIRECTION('center_axis',(0.,-1.,0.));
#3328=DIRECTION('ref_axis',(0.,0.,-1.));
#3329=DIRECTION('center_axis',(0.,0.,1.));
#3330=DIRECTION('ref_axis',(-1.,-1.8503717077086E-16,0.));
#3331=DIRECTION('center_axis',(0.,0.,1.));
#3332=DIRECTION('ref_axis',(-0.944911193787287,-0.327326802836988,0.));
#3333=DIRECTION('',(0.,0.,1.));
#3334=DIRECTION('center_axis',(0.,0.,1.));
#3335=DIRECTION('ref_axis',(-1.,0.,0.));
#3336=DIRECTION('',(0.,0.,-1.));
#3337=DIRECTION('center_axis',(1.,0.,0.));
#3338=DIRECTION('ref_axis',(0.,1.,0.));
#3339=DIRECTION('',(0.,-1.,0.));
#3340=DIRECTION('',(0.,0.,-1.));
#3341=DIRECTION('',(0.,1.,0.));
#3342=DIRECTION('center_axis',(-1.,0.,0.));
#3343=DIRECTION('ref_axis',(0.,1.,0.));
#3344=DIRECTION('center_axis',(-1.,0.,0.));
#3345=DIRECTION('ref_axis',(0.,1.,0.));
#3346=DIRECTION('center_axis',(1.,0.,0.));
#3347=DIRECTION('ref_axis',(0.,1.,0.));
#3348=DIRECTION('center_axis',(1.,0.,0.));
#3349=DIRECTION('ref_axis',(0.,1.,0.));
#3350=DIRECTION('center_axis',(0.,1.,0.));
#3351=DIRECTION('ref_axis',(0.707106781186549,0.,-0.707106781186546));
#3352=DIRECTION('',(0.,1.,0.));
#3353=DIRECTION('center_axis',(0.,-1.,0.));
#3354=DIRECTION('ref_axis',(0.,0.,-1.));
#3355=DIRECTION('center_axis',(0.,0.,1.));
#3356=DIRECTION('ref_axis',(1.,0.,0.));
#3357=DIRECTION('center_axis',(0.,0.,-1.));
#3358=DIRECTION('ref_axis',(1.,-6.93889390390723E-17,0.));
#3359=DIRECTION('center_axis',(0.,0.,1.));
#3360=DIRECTION('ref_axis',(1.,-6.93889390390723E-17,0.));
#3361=DIRECTION('center_axis',(0.,0.,1.));
#3362=DIRECTION('ref_axis',(-0.785714328289033,0.618589520054547,0.));
#3363=DIRECTION('center_axis',(0.,0.,1.));
#3364=DIRECTION('ref_axis',(-0.944911193787287,0.327326802836987,0.));
#3365=DIRECTION('',(0.,0.,1.));
#3366=DIRECTION('center_axis',(0.,0.,1.));
#3367=DIRECTION('ref_axis',(-0.785714328289032,0.618589520054548,0.));
#3368=DIRECTION('',(0.,0.,-1.));
#3369=DIRECTION('center_axis',(0.,0.,1.));
#3370=DIRECTION('ref_axis',(0.625000074505806,-0.780624690147408,0.));
#3371=DIRECTION('center_axis',(0.,0.,1.));
#3372=DIRECTION('ref_axis',(1.,-6.93889390390723E-17,0.));
#3373=DIRECTION('center_axis',(0.,1.,0.));
#3374=DIRECTION('ref_axis',(0.707106781186549,0.,-0.707106781186546));
#3375=DIRECTION('',(0.,-1.,0.));
#3376=DIRECTION('center_axis',(0.,-1.,-4.44089209850062E-15));
#3377=DIRECTION('ref_axis',(1.,0.,0.));
#3378=DIRECTION('',(0.,1.,0.));
#3379=DIRECTION('center_axis',(1.,0.,0.));
#3380=DIRECTION('ref_axis',(0.,-0.707106781186546,-0.707106781186549));
#3381=DIRECTION('',(-1.,0.,0.));
#3382=DIRECTION('center_axis',(0.707106781186548,0.707106781186548,-1.57009245868377E-15));
#3383=DIRECTION('ref_axis',(-0.707106781186548,0.707106781186548,-1.57009245868377E-15));
#3384=DIRECTION('',(1.,0.,0.));
#3385=DIRECTION('center_axis',(-0.707106781186547,0.707106781186548,0.));
#3386=DIRECTION('ref_axis',(-0.707106781186548,-0.707106781186547,0.));
#3387=DIRECTION('center_axis',(0.,-1.,0.));
#3388=DIRECTION('ref_axis',(-0.707106781186546,0.,-0.707106781186549));
#3389=DIRECTION('',(0.,-1.,0.));
#3390=DIRECTION('',(0.,1.,0.));
#3391=DIRECTION('center_axis',(0.,-1.,0.));
#3392=DIRECTION('ref_axis',(0.707106781186546,0.,0.707106781186549));
#3393=DIRECTION('',(0.,-1.,0.));
#3394=DIRECTION('',(0.,1.,0.));
#3395=DIRECTION('center_axis',(0.707106781186548,0.707106781186548,1.57009245868377E-15));
#3396=DIRECTION('ref_axis',(0.707106781186548,-0.707106781186548,-1.57009245868377E-15));
#3397=DIRECTION('center_axis',(0.408248290463865,0.408248290463862,-0.816496580927725));
#3398=DIRECTION('ref_axis',(-0.577350269189628,-0.577350269189625,-0.577350269189625));
#3399=DIRECTION('center_axis',(0.,0.,-1.));
#3400=DIRECTION('ref_axis',(-1.,0.,0.));
#3401=DIRECTION('center_axis',(-1.,0.,0.));
#3402=DIRECTION('ref_axis',(0.,-1.,0.));
#3403=DIRECTION('center_axis',(0.,0.,1.));
#3404=DIRECTION('ref_axis',(-0.977058748574336,0.212969955238648,0.));
#3405=DIRECTION('center_axis',(0.,0.,1.));
#3406=DIRECTION('ref_axis',(-0.977058748574336,0.212969955238648,0.));
#3407=DIRECTION('center_axis',(-0.439560449385383,0.898213010001592,0.));
#3408=DIRECTION('ref_axis',(0.898213010001592,0.439560449385384,0.));
#3409=DIRECTION('center_axis',(0.,0.,-1.));
#3410=DIRECTION('ref_axis',(-0.977058748574336,0.212969955238648,0.));
#3411=DIRECTION('center_axis',(0.,0.,1.));
#3412=DIRECTION('ref_axis',(1.,0.,0.));
#3413=DIRECTION('center_axis',(1.,0.,0.));
#3414=DIRECTION('ref_axis',(0.,-1.,0.));
#3415=DIRECTION('center_axis',(0.,0.,1.));
#3416=DIRECTION('ref_axis',(0.848398623698018,-0.529357889624127,0.));
#3417=DIRECTION('center_axis',(0.,0.,-1.));
#3418=DIRECTION('ref_axis',(0.848398623698018,-0.529357889624127,0.));
#3419=DIRECTION('center_axis',(-1.,0.,0.));
#3420=DIRECTION('ref_axis',(0.,-0.707106781186549,-0.707106781186546));
#3421=DIRECTION('',(1.,0.,0.));
#3422=DIRECTION('',(-1.,0.,0.));
#3423=DIRECTION('center_axis',(-0.816496580927727,-0.408248290463863,-0.408248290463862));
#3424=DIRECTION('ref_axis',(0.577350269189622,-0.577350269189629,-0.577350269189626));
#3425=DIRECTION('center_axis',(0.,0.,-1.));
#3426=DIRECTION('ref_axis',(0.,-1.,0.));
#3427=DIRECTION('center_axis',(1.,0.,0.));
#3428=DIRECTION('ref_axis',(0.,0.,-1.));
#3429=DIRECTION('center_axis',(0.,0.,-1.));
#3430=DIRECTION('ref_axis',(0.977058748574336,0.212969955238648,0.));
#3431=DIRECTION('center_axis',(0.,0.,-1.));
#3432=DIRECTION('ref_axis',(0.977058748574336,0.212969955238648,0.));
#3433=DIRECTION('center_axis',(0.439560449385383,0.898213010001592,0.));
#3434=DIRECTION('ref_axis',(0.,0.,-1.));
#3435=DIRECTION('center_axis',(0.,0.,1.));
#3436=DIRECTION('ref_axis',(0.977058748574336,0.212969955238648,0.));
#3437=DIRECTION('center_axis',(0.,0.,1.));
#3438=DIRECTION('ref_axis',(-0.848398623698018,-0.529357889624127,0.));
#3439=DIRECTION('center_axis',(-1.,0.,0.));
#3440=DIRECTION('ref_axis',(0.,0.,-1.));
#3441=DIRECTION('center_axis',(0.,0.,-1.));
#3442=DIRECTION('ref_axis',(-0.848398623698018,-0.529357889624127,0.));
#3443=DIRECTION('center_axis',(0.,0.,1.));
#3444=DIRECTION('ref_axis',(-0.848398623698018,-0.529357889624127,0.));
#3445=DIRECTION('center_axis',(1.,0.,0.));
#3446=DIRECTION('ref_axis',(0.,-0.707106781186549,-0.707106781186546));
#3447=DIRECTION('',(-1.,0.,0.));
#3448=DIRECTION('',(1.,0.,0.));
#3449=DIRECTION('center_axis',(0.408248290463859,-0.816496580927726,-0.408248290463867));
#3450=DIRECTION('ref_axis',(-0.577350269189622,-0.577350269189629,0.577350269189627));
#3451=DIRECTION('center_axis',(0.,0.,1.));
#3452=DIRECTION('ref_axis',(0.,-1.,0.));
#3453=DIRECTION('center_axis',(-1.,0.,0.));
#3454=DIRECTION('ref_axis',(0.,0.,1.));
#3455=DIRECTION('center_axis',(0.,-1.,0.));
#3456=DIRECTION('ref_axis',(-1.,0.,0.));
#3457=DIRECTION('center_axis',(0.,0.,1.));
#3458=DIRECTION('ref_axis',(-0.977058748574336,0.212969955238648,0.));
#3459=DIRECTION('center_axis',(0.,0.,1.));
#3460=DIRECTION('ref_axis',(-0.977058748574336,0.212969955238648,0.));
#3461=DIRECTION('center_axis',(-0.439560449385383,0.898213010001592,0.));
#3462=DIRECTION('ref_axis',(0.,0.,1.));
#3463=DIRECTION('center_axis',(0.,0.,-1.));
#3464=DIRECTION('ref_axis',(-0.977058748574336,0.212969955238648,0.));
#3465=DIRECTION('center_axis',(0.,0.,-1.));
#3466=DIRECTION('ref_axis',(0.848398623698018,-0.529357889624127,0.));
#3467=DIRECTION('center_axis',(1.,0.,0.));
#3468=DIRECTION('ref_axis',(0.,0.,1.));
#3469=DIRECTION('center_axis',(0.,0.,1.));
#3470=DIRECTION('ref_axis',(0.848398623698018,-0.529357889624127,0.));
#3471=DIRECTION('center_axis',(0.,0.,-1.));
#3472=DIRECTION('ref_axis',(0.848398623698018,-0.529357889624127,0.));
#3473=DIRECTION('center_axis',(-1.,0.,0.));
#3474=DIRECTION('ref_axis',(0.,-0.707106781186549,0.707106781186546));
#3475=DIRECTION('',(1.,0.,0.));
#3476=DIRECTION('',(-1.,0.,0.));
#3477=DIRECTION('center_axis',(-0.408248290463859,-0.816496580927729,-0.408248290463861));
#3478=DIRECTION('ref_axis',(0.577350269189629,-0.577350269189622,0.577350269189627));
#3479=DIRECTION('center_axis',(1.,0.,0.));
#3480=DIRECTION('ref_axis',(0.,-1.,0.));
#3481=DIRECTION('center_axis',(0.,0.,1.));
#3482=DIRECTION('ref_axis',(1.,0.,0.));
#3483=DIRECTION('center_axis',(-4.44089209850062E-15,-1.,0.));
#3484=DIRECTION('ref_axis',(0.,0.,1.));
#3485=DIRECTION('center_axis',(0.,0.,1.));
#3486=DIRECTION('ref_axis',(0.707106781186551,-0.707106781186544,0.));
#3487=DIRECTION('',(0.,0.,-1.));
#3488=DIRECTION('',(0.,0.,1.));
#3489=DIRECTION('center_axis',(0.,1.,0.));
#3490=DIRECTION('ref_axis',(-0.707106781186549,0.,0.707106781186546));
#3491=DIRECTION('',(0.,1.,0.));
#3492=DIRECTION('center_axis',(0.,1.,0.));
#3493=DIRECTION('ref_axis',(0.707106781186549,0.,0.707106781186546));
#3494=DIRECTION('center_axis',(0.,-1.,0.));
#3495=DIRECTION('ref_axis',(1.,0.,0.));
#3496=DIRECTION('',(0.,-1.,0.));
#3497=DIRECTION('center_axis',(0.,0.,-1.));
#3498=DIRECTION('ref_axis',(-1.,0.,0.));
#3499=DIRECTION('center_axis',(1.,0.,0.));
#3500=DIRECTION('ref_axis',(0.,1.,0.));
#3501=DIRECTION('center_axis',(0.,0.,-1.));
#3502=DIRECTION('ref_axis',(0.707106781186547,0.707106781186547,0.));
#3503=DIRECTION('center_axis',(0.,0.,1.));
#3504=DIRECTION('ref_axis',(0.707106781186548,0.707106781186548,0.));
#3505=DIRECTION('center_axis',(-1.,0.,0.));
#3506=DIRECTION('ref_axis',(0.,0.707106781186546,0.707106781186549));
#3507=DIRECTION('center_axis',(1.,0.,0.));
#3508=DIRECTION('ref_axis',(0.,1.,0.));
#3509=DIRECTION('',(1.,0.,0.));
#3510=DIRECTION('',(-1.,0.,0.));
#3511=DIRECTION('center_axis',(0.,0.,-1.));
#3512=DIRECTION('ref_axis',(-1.,0.,0.));
#3513=DIRECTION('center_axis',(0.,1.,0.));
#3514=DIRECTION('ref_axis',(-1.,0.,0.));
#3515=DIRECTION('center_axis',(0.,0.,-1.));
#3516=DIRECTION('ref_axis',(-0.707106781186547,0.707106781186547,0.));
#3517=DIRECTION('center_axis',(0.,0.,1.));
#3518=DIRECTION('ref_axis',(-0.707106781186548,0.707106781186548,0.));
#3519=DIRECTION('center_axis',(0.,1.,0.));
#3520=DIRECTION('ref_axis',(-0.707106781186549,0.,0.707106781186546));
#3521=DIRECTION('',(0.,1.,0.));
#3522=DIRECTION('',(0.,-1.,0.));
#3523=DIRECTION('center_axis',(0.,0.,1.));
#3524=DIRECTION('ref_axis',(1.,0.,0.));
#3525=DIRECTION('center_axis',(0.,0.,-1.));
#3526=DIRECTION('ref_axis',(1.,-6.93889390390723E-17,0.));
#3527=DIRECTION('center_axis',(0.,1.,0.));
#3528=DIRECTION('ref_axis',(0.707106781186549,0.,0.707106781186546));
#3529=DIRECTION('',(0.,-1.,0.));
#3530=DIRECTION('',(0.,1.,0.));
#3531=DIRECTION('center_axis',(0.,0.,-1.));
#3532=DIRECTION('ref_axis',(0.977058748574336,0.212969955238648,0.));
#3533=DIRECTION('center_axis',(0.,0.,-1.));
#3534=DIRECTION('ref_axis',(0.977058748574336,0.212969955238648,0.));
#3535=DIRECTION('center_axis',(0.439560449385383,0.898213010001592,0.));
#3536=DIRECTION('ref_axis',(-0.898213010001592,0.439560449385384,0.));
#3537=DIRECTION('center_axis',(0.,0.,1.));
#3538=DIRECTION('ref_axis',(0.977058748574336,0.212969955238648,0.));
#3539=DIRECTION('center_axis',(0.,0.,-1.));
#3540=DIRECTION('ref_axis',(-1.,0.,0.));
#3541=DIRECTION('center_axis',(-1.,0.,0.));
#3542=DIRECTION('ref_axis',(0.,-1.,0.));
#3543=DIRECTION('center_axis',(0.,0.,-1.));
#3544=DIRECTION('ref_axis',(-0.848398623698018,-0.529357889624127,0.));
#3545=DIRECTION('center_axis',(0.,0.,1.));
#3546=DIRECTION('ref_axis',(-0.848398623698018,-0.529357889624127,0.));
#3547=DIRECTION('center_axis',(1.,0.,0.));
#3548=DIRECTION('ref_axis',(0.,-0.707106781186549,0.707106781186546));
#3549=DIRECTION('',(-1.,0.,0.));
#3550=DIRECTION('',(1.,0.,0.));
#3551=DIRECTION('center_axis',(0.,0.,1.));
#3552=DIRECTION('ref_axis',(-0.707106781186548,-0.707106781186548,0.));
#3553=DIRECTION('',(0.,0.,1.));
#3554=DIRECTION('center_axis',(0.,-1.,0.));
#3555=DIRECTION('ref_axis',(-0.707106781186548,0.,0.707106781186548));
#3556=DIRECTION('',(0.,-1.,0.));
#3557=DIRECTION('',(0.,1.,0.));
#3558=DIRECTION('center_axis',(0.707106781186546,-0.707106781186549,0.));
#3559=DIRECTION('ref_axis',(0.707106781186549,0.707106781186546,0.));
#3560=DIRECTION('center_axis',(-1.,0.,0.));
#3561=DIRECTION('ref_axis',(0.,-0.707106781186546,0.707106781186549));
#3562=DIRECTION('',(1.,0.,0.));
#3563=DIRECTION('',(-1.,0.,0.));
#3564=DIRECTION('center_axis',(0.,-1.,0.));
#3565=DIRECTION('ref_axis',(0.707106781186546,0.,-0.707106781186549));
#3566=DIRECTION('',(0.,-1.,0.));
#3567=DIRECTION('',(0.,1.,0.));
#3568=DIRECTION('center_axis',(0.,0.,1.));
#3569=DIRECTION('ref_axis',(1.,0.,0.));
#3570=DIRECTION('center_axis',(1.,0.,0.));
#3571=DIRECTION('ref_axis',(0.,0.,-1.));
#3572=DIRECTION('center_axis',(0.,0.,-1.));
#3573=DIRECTION('ref_axis',(0.707106781186548,0.707106781186548,0.));
#3574=DIRECTION('center_axis',(0.,0.,1.));
#3575=DIRECTION('ref_axis',(0.707106781186547,0.707106781186547,0.));
#3576=DIRECTION('center_axis',(-1.,0.,0.));
#3577=DIRECTION('ref_axis',(0.,0.707106781186546,-0.707106781186549));
#3578=DIRECTION('center_axis',(1.,0.,0.));
#3579=DIRECTION('ref_axis',(0.,0.,-1.));
#3580=DIRECTION('',(1.,0.,0.));
#3581=DIRECTION('',(-1.,0.,0.));
#3582=DIRECTION('center_axis',(0.,0.,1.));
#3583=DIRECTION('ref_axis',(1.,0.,0.));
#3584=DIRECTION('center_axis',(0.,1.,0.));
#3585=DIRECTION('ref_axis',(0.,0.,-1.));
#3586=DIRECTION('center_axis',(0.,0.,-1.));
#3587=DIRECTION('ref_axis',(-0.707106781186548,0.707106781186548,0.));
#3588=DIRECTION('center_axis',(0.,0.,1.));
#3589=DIRECTION('ref_axis',(-0.707106781186547,0.707106781186547,0.));
#3590=DIRECTION('center_axis',(0.,1.,0.));
#3591=DIRECTION('ref_axis',(-0.707106781186549,0.,-0.707106781186546));
#3592=DIRECTION('',(0.,1.,0.));
#3593=DIRECTION('',(0.,-1.,0.));
#3594=DIRECTION('center_axis',(0.,-1.,0.));
#3595=DIRECTION('ref_axis',(1.,0.,0.));
#3596=DIRECTION('',(0.,0.,1.));
#3597=DIRECTION('center_axis',(-1.,0.,0.));
#3598=DIRECTION('ref_axis',(0.,-1.,0.));
#3599=DIRECTION('',(0.,0.,-1.));
#3600=DIRECTION('',(0.,0.,-1.));
#3601=DIRECTION('',(0.,0.,1.));
#3602=DIRECTION('',(0.,0.,1.));
#3603=DIRECTION('',(0.,0.,1.));
#3604=DIRECTION('',(0.,0.,1.));
#3605=DIRECTION('center_axis',(1.,0.,0.));
#3606=DIRECTION('ref_axis',(0.,1.,0.));
#3607=DIRECTION('',(0.,0.,1.));
#3608=DIRECTION('center_axis',(-1.,0.,0.));
#3609=DIRECTION('ref_axis',(0.,1.,0.));
#3610=DIRECTION('',(0.,0.,-1.));
#3611=DIRECTION('center_axis',(1.,0.,0.));
#3612=DIRECTION('ref_axis',(0.,1.,0.));
#3613=DIRECTION('center_axis',(-1.,0.,0.));
#3614=DIRECTION('ref_axis',(0.,1.,0.));
#3615=DIRECTION('center_axis',(0.,-1.,0.));
#3616=DIRECTION('ref_axis',(1.,0.,0.));
#3617=DIRECTION('',(0.,0.,-1.));
#3618=DIRECTION('center_axis',(0.,-1.,0.));
#3619=DIRECTION('ref_axis',(-1.,0.,0.));
#3620=DIRECTION('',(0.,0.,1.));
#3621=DIRECTION('center_axis',(0.,1.,0.));
#3622=DIRECTION('ref_axis',(-1.,0.,0.));
#3623=DIRECTION('',(0.,0.,1.));
#3624=DIRECTION('center_axis',(0.,-1.,0.));
#3625=DIRECTION('ref_axis',(1.,0.,0.));
#3626=DIRECTION('center_axis',(0.,1.,0.));
#3627=DIRECTION('ref_axis',(1.,0.,0.));
#3628=DIRECTION('center_axis',(0.,-1.,0.));
#3629=DIRECTION('ref_axis',(-1.,0.,0.));
#3630=DIRECTION('center_axis',(0.,1.,0.));
#3631=DIRECTION('ref_axis',(-1.,0.,0.));
#3632=DIRECTION('center_axis',(0.,0.,1.));
#3633=DIRECTION('ref_axis',(-0.848398623698018,-0.529357889624126,0.));
#3634=DIRECTION('',(0.,0.,-1.));
#3635=DIRECTION('',(0.,0.,-1.));
#3636=DIRECTION('',(0.,0.,-1.));
#3637=DIRECTION('',(0.,0.,-1.));
#3638=DIRECTION('',(0.,0.,-1.));
#3639=DIRECTION('center_axis',(-1.,0.,0.));
#3640=DIRECTION('ref_axis',(0.,-1.,0.));
#3641=DIRECTION('',(0.,0.,-1.));
#3642=DIRECTION('center_axis',(-1.,0.,0.));
#3643=DIRECTION('ref_axis',(0.,1.,0.));
#3644=DIRECTION('',(0.,0.,1.));
#3645=DIRECTION('center_axis',(1.,0.,0.));
#3646=DIRECTION('ref_axis',(0.,1.,0.));
#3647=DIRECTION('',(0.,0.,1.));
#3648=DIRECTION('',(0.,0.,1.));
#3649=DIRECTION('',(0.,0.,-1.));
#3650=DIRECTION('center_axis',(1.,0.,0.));
#3651=DIRECTION('ref_axis',(0.,1.,0.));
#3652=DIRECTION('center_axis',(-1.,0.,0.));
#3653=DIRECTION('ref_axis',(0.,1.,0.));
#3654=DIRECTION('center_axis',(0.,0.,1.));
#3655=DIRECTION('ref_axis',(0.534654991254182,-0.845070435127742,0.));
#3656=DIRECTION('center_axis',(0.,0.,1.));
#3657=DIRECTION('ref_axis',(1.,0.,0.));
#3658=DIRECTION('center_axis',(0.,0.,-1.));
#3659=DIRECTION('ref_axis',(1.,0.,0.));
#3660=DIRECTION('center_axis',(0.,0.,-1.));
#3661=DIRECTION('ref_axis',(1.,0.,0.));
#3662=DIRECTION('center_axis',(0.,0.,1.));
#3663=DIRECTION('ref_axis',(-1.,0.,0.));
#3664=DIRECTION('center_axis',(0.,0.,1.));
#3665=DIRECTION('ref_axis',(-1.,0.,0.));
#3666=DIRECTION('center_axis',(0.,0.,1.));
#3667=DIRECTION('ref_axis',(1.,0.,0.));
#3668=DIRECTION('center_axis',(0.,0.,-1.));
#3669=DIRECTION('ref_axis',(1.,0.,0.));
#3670=DIRECTION('center_axis',(0.,0.,-1.));
#3671=DIRECTION('ref_axis',(1.,0.,0.));
#3672=DIRECTION('center_axis',(0.,0.,1.));
#3673=DIRECTION('ref_axis',(-1.,0.,0.));
#3674=DIRECTION('center_axis',(0.,0.,1.));
#3675=DIRECTION('ref_axis',(-1.,0.,0.));
#3676=DIRECTION('center_axis',(-1.,0.,0.));
#3677=DIRECTION('ref_axis',(0.,1.,0.));
#3678=DIRECTION('center_axis',(-1.,0.,0.));
#3679=DIRECTION('ref_axis',(0.,1.,0.));
#3680=DIRECTION('center_axis',(1.,0.,0.));
#3681=DIRECTION('ref_axis',(0.,1.,0.));
#3682=DIRECTION('center_axis',(1.,0.,0.));
#3683=DIRECTION('ref_axis',(0.,1.,0.));
#3684=DIRECTION('center_axis',(0.,0.,1.));
#3685=DIRECTION('ref_axis',(0.848398623698018,-0.529357889624126,0.));
#3686=DIRECTION('',(0.,0.,1.));
#3687=DIRECTION('',(0.,0.,1.));
#3688=DIRECTION('',(0.,0.,1.));
#3689=DIRECTION('',(0.,0.,1.));
#3690=DIRECTION('',(0.,0.,1.));
#3691=DIRECTION('',(0.,0.,-1.));
#3692=DIRECTION('center_axis',(0.,1.,0.));
#3693=DIRECTION('ref_axis',(-1.,0.,0.));
#3694=DIRECTION('center_axis',(0.,0.,-1.));
#3695=DIRECTION('ref_axis',(-0.534654991254182,-0.845070435127742,0.));
#3696=DIRECTION('center_axis',(0.,0.,-1.));
#3697=DIRECTION('ref_axis',(0.707106781186548,0.707106781186547,0.));
#3698=DIRECTION('',(0.,0.,1.));
#3699=DIRECTION('center_axis',(0.,1.,0.));
#3700=DIRECTION('ref_axis',(-1.,0.,0.));
#3701=DIRECTION('',(0.,0.,-1.));
#3702=DIRECTION('center_axis',(0.,-1.,0.));
#3703=DIRECTION('ref_axis',(-1.,0.,0.));
#3704=DIRECTION('center_axis',(0.,-1.,0.));
#3705=DIRECTION('ref_axis',(-1.,0.,0.));
#3706=DIRECTION('center_axis',(0.,1.,0.));
#3707=DIRECTION('ref_axis',(-1.,0.,0.));
#3708=DIRECTION('center_axis',(0.,-1.,0.));
#3709=DIRECTION('ref_axis',(1.,0.,0.));
#3710=DIRECTION('center_axis',(0.,1.,0.));
#3711=DIRECTION('ref_axis',(1.,0.,0.));
#3712=DIRECTION('center_axis',(0.,1.,0.));
#3713=DIRECTION('ref_axis',(-1.,0.,0.));
#3714=DIRECTION('center_axis',(0.,0.,-1.));
#3715=DIRECTION('ref_axis',(-0.707106781186548,0.707106781186547,0.));
#3716=DIRECTION('',(0.,0.,1.));
#3717=DIRECTION('center_axis',(1.,0.,0.));
#3718=DIRECTION('ref_axis',(0.,1.,0.));
#3719=DIRECTION('center_axis',(-1.,0.,0.));
#3720=DIRECTION('ref_axis',(0.,1.,0.));
#3721=DIRECTION('center_axis',(-1.,0.,0.));
#3722=DIRECTION('ref_axis',(0.,1.,0.));
#3723=DIRECTION('center_axis',(1.,0.,0.));
#3724=DIRECTION('ref_axis',(0.,1.,0.));
#3725=DIRECTION('center_axis',(1.,0.,0.));
#3726=DIRECTION('ref_axis',(0.,1.,0.));
#3727=DIRECTION('center_axis',(1.,0.,0.));
#3728=DIRECTION('ref_axis',(0.,1.,0.));
#3729=DIRECTION('center_axis',(-1.,0.,0.));
#3730=DIRECTION('ref_axis',(0.,1.,0.));
#3731=DIRECTION('',(1.,0.,0.));
#3732=DIRECTION('center_axis',(-1.,0.,0.));
#3733=DIRECTION('ref_axis',(0.,1.,0.));
#3734=DIRECTION('center_axis',(1.,0.,0.));
#3735=DIRECTION('ref_axis',(0.,1.,0.));
#3736=DIRECTION('center_axis',(1.,0.,0.));
#3737=DIRECTION('ref_axis',(0.,1.,0.));
#3738=DIRECTION('center_axis',(-1.,0.,0.));
#3739=DIRECTION('ref_axis',(0.,1.,0.));
#3740=DIRECTION('',(1.,0.,0.));
#3741=DIRECTION('center_axis',(-1.,0.,0.));
#3742=DIRECTION('ref_axis',(0.,1.,0.));
#3743=DIRECTION('center_axis',(1.,0.,0.));
#3744=DIRECTION('ref_axis',(0.,1.,0.));
#3745=DIRECTION('center_axis',(1.,0.,0.));
#3746=DIRECTION('ref_axis',(0.,1.,0.));
#3747=DIRECTION('center_axis',(-1.,0.,0.));
#3748=DIRECTION('ref_axis',(0.,1.,0.));
#3749=DIRECTION('center_axis',(-1.,0.,0.));
#3750=DIRECTION('ref_axis',(0.,1.,0.));
#3751=DIRECTION('center_axis',(1.,0.,0.));
#3752=DIRECTION('ref_axis',(0.,1.,0.));
#3753=DIRECTION('center_axis',(1.,0.,0.));
#3754=DIRECTION('ref_axis',(0.,1.,0.));
#3755=DIRECTION('',(1.,0.,0.));
#3756=DIRECTION('center_axis',(1.,0.,0.));
#3757=DIRECTION('ref_axis',(0.,1.,0.));
#3758=DIRECTION('center_axis',(-1.,0.,0.));
#3759=DIRECTION('ref_axis',(0.,1.,0.));
#3760=DIRECTION('center_axis',(-1.,0.,0.));
#3761=DIRECTION('ref_axis',(0.,1.,0.));
#3762=DIRECTION('center_axis',(1.,0.,0.));
#3763=DIRECTION('ref_axis',(0.,1.,0.));
#3764=DIRECTION('',(1.,0.,0.));
#3765=DIRECTION('center_axis',(1.,0.,0.));
#3766=DIRECTION('ref_axis',(0.,1.,0.));
#3767=DIRECTION('center_axis',(-1.,0.,0.));
#3768=DIRECTION('ref_axis',(0.,1.,0.));
#3769=DIRECTION('center_axis',(-1.,0.,0.));
#3770=DIRECTION('ref_axis',(0.,1.,0.));
#3771=DIRECTION('center_axis',(1.,0.,0.));
#3772=DIRECTION('ref_axis',(0.,1.,0.));
#3773=DIRECTION('',(1.,0.,0.));
#3774=DIRECTION('center_axis',(1.,0.,0.));
#3775=DIRECTION('ref_axis',(0.,1.,0.));
#3776=DIRECTION('center_axis',(-1.,0.,0.));
#3777=DIRECTION('ref_axis',(0.,1.,0.));
#3778=DIRECTION('center_axis',(-1.,0.,0.));
#3779=DIRECTION('ref_axis',(0.,1.,0.));
#3780=DIRECTION('center_axis',(1.,0.,0.));
#3781=DIRECTION('ref_axis',(0.,1.,0.));
#3782=DIRECTION('',(1.,0.,0.));
#3783=DIRECTION('center_axis',(1.,0.,0.));
#3784=DIRECTION('ref_axis',(0.,1.,0.));
#3785=DIRECTION('',(1.,0.,0.));
#3786=DIRECTION('center_axis',(1.,0.,0.));
#3787=DIRECTION('ref_axis',(0.,1.,0.));
#3788=DIRECTION('',(1.,0.,0.));
#3789=DIRECTION('center_axis',(0.,1.,0.));
#3790=DIRECTION('ref_axis',(1.,0.,0.));
#3791=DIRECTION('center_axis',(0.,1.,0.));
#3792=DIRECTION('ref_axis',(1.,0.,0.));
#3793=DIRECTION('center_axis',(0.,1.,0.));
#3794=DIRECTION('ref_axis',(1.,0.,0.));
#3795=DIRECTION('',(0.,1.,0.));
#3796=DIRECTION('center_axis',(0.,1.,0.));
#3797=DIRECTION('ref_axis',(1.,0.,0.));
#3798=DIRECTION('center_axis',(0.,1.,0.));
#3799=DIRECTION('ref_axis',(1.,0.,0.));
#3800=DIRECTION('center_axis',(0.,-1.,0.));
#3801=DIRECTION('ref_axis',(1.,0.,0.));
#3802=DIRECTION('center_axis',(0.,-1.,0.));
#3803=DIRECTION('ref_axis',(1.,0.,0.));
#3804=DIRECTION('',(0.,-1.,0.));
#3805=DIRECTION('center_axis',(0.,-1.,0.));
#3806=DIRECTION('ref_axis',(1.,0.,0.));
#3807=DIRECTION('center_axis',(0.,1.,0.));
#3808=DIRECTION('ref_axis',(1.,0.,0.));
#3809=DIRECTION('center_axis',(0.,1.,0.));
#3810=DIRECTION('ref_axis',(1.,0.,0.));
#3811=DIRECTION('center_axis',(0.,1.,0.));
#3812=DIRECTION('ref_axis',(1.,0.,0.));
#3813=DIRECTION('center_axis',(0.,-1.,0.));
#3814=DIRECTION('ref_axis',(1.,0.,0.));
#3815=DIRECTION('',(0.,-1.,0.));
#3816=DIRECTION('center_axis',(0.,0.,1.));
#3817=DIRECTION('ref_axis',(-1.,0.,0.));
#3818=DIRECTION('',(0.,0.,1.));
#3819=DIRECTION('center_axis',(0.,0.,1.));
#3820=DIRECTION('ref_axis',(-1.,0.,0.));
#3821=DIRECTION('center_axis',(0.,0.,-1.));
#3822=DIRECTION('ref_axis',(-1.,0.,0.));
#3823=DIRECTION('center_axis',(0.,0.,-1.));
#3824=DIRECTION('ref_axis',(-1.,0.,0.));
#3825=DIRECTION('center_axis',(0.,0.,-1.));
#3826=DIRECTION('ref_axis',(-1.,0.,0.));
#3827=DIRECTION('center_axis',(0.,0.,-1.));
#3828=DIRECTION('ref_axis',(-1.,0.,0.));
#3829=DIRECTION('center_axis',(0.,0.,1.));
#3830=DIRECTION('ref_axis',(-1.,0.,0.));
#3831=DIRECTION('center_axis',(0.,0.,-1.));
#3832=DIRECTION('ref_axis',(-1.,0.,0.));
#3833=DIRECTION('',(0.,0.,1.));
#3834=DIRECTION('center_axis',(-1.,0.,0.));
#3835=DIRECTION('ref_axis',(0.,1.,0.));
#3836=DIRECTION('center_axis',(1.,0.,0.));
#3837=DIRECTION('ref_axis',(0.,1.,0.));
#3838=DIRECTION('',(1.,0.,0.));
#3839=DIRECTION('center_axis',(1.,0.,0.));
#3840=DIRECTION('ref_axis',(0.,1.,0.));
#3841=DIRECTION('center_axis',(-1.,0.,0.));
#3842=DIRECTION('ref_axis',(0.,1.,0.));
#3843=DIRECTION('center_axis',(-1.,0.,0.));
#3844=DIRECTION('ref_axis',(0.,1.,0.));
#3845=DIRECTION('center_axis',(1.,0.,0.));
#3846=DIRECTION('ref_axis',(0.,1.,0.));
#3847=DIRECTION('',(1.,0.,0.));
#3848=DIRECTION('center_axis',(1.,0.,0.));
#3849=DIRECTION('ref_axis',(0.,1.,0.));
#3850=DIRECTION('center_axis',(-1.,0.,0.));
#3851=DIRECTION('ref_axis',(0.,1.,0.));
#3852=DIRECTION('center_axis',(-1.,0.,0.));
#3853=DIRECTION('ref_axis',(0.,1.,0.));
#3854=DIRECTION('center_axis',(1.,0.,0.));
#3855=DIRECTION('ref_axis',(0.,1.,0.));
#3856=DIRECTION('center_axis',(1.,0.,0.));
#3857=DIRECTION('ref_axis',(0.,1.,0.));
#3858=DIRECTION('center_axis',(-1.,0.,0.));
#3859=DIRECTION('ref_axis',(0.,1.,0.));
#3860=DIRECTION('center_axis',(-1.,0.,0.));
#3861=DIRECTION('ref_axis',(0.,1.,0.));
#3862=DIRECTION('',(1.,0.,0.));
#3863=DIRECTION('center_axis',(-1.,0.,0.));
#3864=DIRECTION('ref_axis',(0.,1.,0.));
#3865=DIRECTION('center_axis',(1.,0.,0.));
#3866=DIRECTION('ref_axis',(0.,1.,0.));
#3867=DIRECTION('center_axis',(1.,0.,0.));
#3868=DIRECTION('ref_axis',(0.,1.,0.));
#3869=DIRECTION('center_axis',(-1.,0.,0.));
#3870=DIRECTION('ref_axis',(0.,1.,0.));
#3871=DIRECTION('',(1.,0.,0.));
#3872=DIRECTION('center_axis',(-1.,0.,0.));
#3873=DIRECTION('ref_axis',(0.,1.,0.));
#3874=DIRECTION('center_axis',(1.,0.,0.));
#3875=DIRECTION('ref_axis',(0.,1.,0.));
#3876=DIRECTION('center_axis',(1.,0.,0.));
#3877=DIRECTION('ref_axis',(0.,1.,0.));
#3878=DIRECTION('center_axis',(-1.,0.,0.));
#3879=DIRECTION('ref_axis',(0.,1.,0.));
#3880=DIRECTION('',(1.,0.,0.));
#3881=DIRECTION('center_axis',(-1.,0.,0.));
#3882=DIRECTION('ref_axis',(0.,1.,0.));
#3883=DIRECTION('center_axis',(1.,0.,0.));
#3884=DIRECTION('ref_axis',(0.,1.,0.));
#3885=DIRECTION('center_axis',(1.,0.,0.));
#3886=DIRECTION('ref_axis',(0.,1.,0.));
#3887=DIRECTION('center_axis',(-1.,0.,0.));
#3888=DIRECTION('ref_axis',(0.,1.,0.));
#3889=DIRECTION('',(1.,0.,0.));
#3890=DIRECTION('center_axis',(-1.,0.,0.));
#3891=DIRECTION('ref_axis',(0.,1.,0.));
#3892=DIRECTION('',(1.,0.,0.));
#3893=DIRECTION('center_axis',(-1.,0.,0.));
#3894=DIRECTION('ref_axis',(0.,1.,0.));
#3895=DIRECTION('',(1.,0.,0.));
#3896=DIRECTION('center_axis',(0.,-1.,0.));
#3897=DIRECTION('ref_axis',(1.,0.,0.));
#3898=DIRECTION('center_axis',(0.,-1.,0.));
#3899=DIRECTION('ref_axis',(1.,0.,0.));
#3900=DIRECTION('',(0.,1.,0.));
#3901=DIRECTION('center_axis',(0.,-1.,0.));
#3902=DIRECTION('ref_axis',(1.,0.,0.));
#3903=DIRECTION('center_axis',(0.,-1.,0.));
#3904=DIRECTION('ref_axis',(1.,0.,0.));
#3905=DIRECTION('center_axis',(0.,-1.,0.));
#3906=DIRECTION('ref_axis',(1.,0.,0.));
#3907=DIRECTION('center_axis',(0.,1.,0.));
#3908=DIRECTION('ref_axis',(1.,0.,0.));
#3909=DIRECTION('center_axis',(0.,1.,0.));
#3910=DIRECTION('ref_axis',(1.,0.,0.));
#3911=DIRECTION('',(0.,-1.,0.));
#3912=DIRECTION('center_axis',(0.,1.,0.));
#3913=DIRECTION('ref_axis',(1.,0.,0.));
#3914=DIRECTION('center_axis',(0.,-1.,0.));
#3915=DIRECTION('ref_axis',(1.,0.,0.));
#3916=DIRECTION('center_axis',(0.,-1.,0.));
#3917=DIRECTION('ref_axis',(1.,0.,0.));
#3918=DIRECTION('center_axis',(0.,-1.,0.));
#3919=DIRECTION('ref_axis',(1.,0.,0.));
#3920=DIRECTION('center_axis',(0.,1.,0.));
#3921=DIRECTION('ref_axis',(1.,0.,0.));
#3922=DIRECTION('',(0.,-1.,0.));
#3923=DIRECTION('center_axis',(0.,0.,1.));
#3924=DIRECTION('ref_axis',(-1.,0.,0.));
#3925=DIRECTION('',(0.,0.,-1.));
#3926=DIRECTION('center_axis',(0.,0.,1.));
#3927=DIRECTION('ref_axis',(-1.,0.,0.));
#3928=DIRECTION('center_axis',(0.,0.,-1.));
#3929=DIRECTION('ref_axis',(-1.,0.,0.));
#3930=DIRECTION('center_axis',(0.,0.,-1.));
#3931=DIRECTION('ref_axis',(-1.,0.,0.));
#3932=DIRECTION('center_axis',(0.,0.,-1.));
#3933=DIRECTION('ref_axis',(-1.,0.,0.));
#3934=DIRECTION('',(0.,0.,1.));
#3935=DIRECTION('center_axis',(0.,0.,-1.));
#3936=DIRECTION('ref_axis',(-1.,0.,0.));
#3937=DIRECTION('center_axis',(0.,0.,-1.));
#3938=DIRECTION('ref_axis',(-1.,0.,0.));
#3939=DIRECTION('center_axis',(0.,0.,1.));
#3940=DIRECTION('ref_axis',(-1.,0.,0.));
#3941=DIRECTION('center_axis',(0.,0.,-1.));
#3942=DIRECTION('ref_axis',(-1.,0.,0.));
#3943=DIRECTION('',(0.,0.,-1.));
#3944=DIRECTION('center_axis',(0.,0.,-1.));
#3945=DIRECTION('ref_axis',(-1.,0.,0.));
#3946=DIRECTION('',(0.,0.,-1.));
#3947=DIRECTION('center_axis',(1.,0.,0.));
#3948=DIRECTION('ref_axis',(0.,1.,0.));
#3949=DIRECTION('center_axis',(-1.,0.,0.));
#3950=DIRECTION('ref_axis',(0.,1.,0.));
#3951=DIRECTION('',(-1.,0.,0.));
#3952=DIRECTION('center_axis',(-1.,0.,0.));
#3953=DIRECTION('ref_axis',(0.,1.,0.));
#3954=DIRECTION('center_axis',(1.,0.,0.));
#3955=DIRECTION('ref_axis',(0.,1.,0.));
#3956=DIRECTION('center_axis',(1.,0.,0.));
#3957=DIRECTION('ref_axis',(0.,1.,0.));
#3958=DIRECTION('center_axis',(-1.,0.,0.));
#3959=DIRECTION('ref_axis',(0.,1.,0.));
#3960=DIRECTION('',(-1.,0.,0.));
#3961=DIRECTION('center_axis',(-1.,0.,0.));
#3962=DIRECTION('ref_axis',(0.,1.,0.));
#3963=DIRECTION('center_axis',(1.,0.,0.));
#3964=DIRECTION('ref_axis',(0.,1.,0.));
#3965=DIRECTION('center_axis',(1.,0.,0.));
#3966=DIRECTION('ref_axis',(0.,1.,0.));
#3967=DIRECTION('',(-1.,0.,0.));
#3968=DIRECTION('center_axis',(1.,0.,0.));
#3969=DIRECTION('ref_axis',(0.,1.,0.));
#3970=DIRECTION('center_axis',(-1.,0.,0.));
#3971=DIRECTION('ref_axis',(0.,1.,0.));
#3972=DIRECTION('center_axis',(-1.,0.,0.));
#3973=DIRECTION('ref_axis',(0.,1.,0.));
#3974=DIRECTION('center_axis',(1.,0.,0.));
#3975=DIRECTION('ref_axis',(0.,1.,0.));
#3976=DIRECTION('',(-1.,0.,0.));
#3977=DIRECTION('center_axis',(1.,0.,0.));
#3978=DIRECTION('ref_axis',(0.,1.,0.));
#3979=DIRECTION('center_axis',(-1.,0.,0.));
#3980=DIRECTION('ref_axis',(0.,1.,0.));
#3981=DIRECTION('center_axis',(-1.,0.,0.));
#3982=DIRECTION('ref_axis',(0.,1.,0.));
#3983=DIRECTION('center_axis',(1.,0.,0.));
#3984=DIRECTION('ref_axis',(0.,1.,0.));
#3985=DIRECTION('center_axis',(1.,0.,0.));
#3986=DIRECTION('ref_axis',(0.,1.,0.));
#3987=DIRECTION('',(-1.,0.,0.));
#3988=DIRECTION('center_axis',(1.,0.,0.));
#3989=DIRECTION('ref_axis',(0.,1.,0.));
#3990=DIRECTION('center_axis',(-1.,0.,0.));
#3991=DIRECTION('ref_axis',(0.,1.,0.));
#3992=DIRECTION('center_axis',(-1.,0.,0.));
#3993=DIRECTION('ref_axis',(0.,1.,0.));
#3994=DIRECTION('center_axis',(1.,0.,0.));
#3995=DIRECTION('ref_axis',(0.,1.,0.));
#3996=DIRECTION('',(-1.,0.,0.));
#3997=DIRECTION('center_axis',(1.,0.,0.));
#3998=DIRECTION('ref_axis',(0.,1.,0.));
#3999=DIRECTION('',(-1.,0.,0.));
#4000=DIRECTION('center_axis',(1.,0.,0.));
#4001=DIRECTION('ref_axis',(0.,1.,0.));
#4002=DIRECTION('',(-1.,0.,0.));
#4003=DIRECTION('center_axis',(0.,-1.,0.));
#4004=DIRECTION('ref_axis',(-1.,0.,0.));
#4005=DIRECTION('',(0.,1.,0.));
#4006=DIRECTION('center_axis',(0.,1.,0.));
#4007=DIRECTION('ref_axis',(1.,0.,0.));
#4008=DIRECTION('center_axis',(0.,-1.,0.));
#4009=DIRECTION('ref_axis',(-1.,0.,0.));
#4010=DIRECTION('center_axis',(0.,1.,0.));
#4011=DIRECTION('ref_axis',(-1.,0.,0.));
#4012=DIRECTION('center_axis',(0.,-1.,0.));
#4013=DIRECTION('ref_axis',(-1.,0.,0.));
#4014=DIRECTION('center_axis',(0.,-1.,0.));
#4015=DIRECTION('ref_axis',(-1.,0.,0.));
#4016=DIRECTION('',(0.,1.,0.));
#4017=DIRECTION('center_axis',(0.,-1.,0.));
#4018=DIRECTION('ref_axis',(-1.,0.,0.));
#4019=DIRECTION('center_axis',(0.,-1.,0.));
#4020=DIRECTION('ref_axis',(-1.,0.,0.));
#4021=DIRECTION('center_axis',(0.,-1.,0.));
#4022=DIRECTION('ref_axis',(-1.,0.,0.));
#4023=DIRECTION('center_axis',(0.,1.,0.));
#4024=DIRECTION('ref_axis',(-1.,0.,0.));
#4025=DIRECTION('center_axis',(0.,1.,0.));
#4026=DIRECTION('ref_axis',(-1.,0.,0.));
#4027=DIRECTION('center_axis',(0.,-1.,0.));
#4028=DIRECTION('ref_axis',(-1.,0.,0.));
#4029=DIRECTION('',(0.,-1.,0.));
#4030=DIRECTION('center_axis',(0.,1.,0.));
#4031=DIRECTION('ref_axis',(-1.,0.,0.));
#4032=DIRECTION('',(0.,-1.,0.));
#4033=DIRECTION('center_axis',(0.,1.,0.));
#4034=DIRECTION('ref_axis',(-1.,0.,0.));
#4035=DIRECTION('center_axis',(0.,-1.,0.));
#4036=DIRECTION('ref_axis',(-1.,0.,0.));
#4037=DIRECTION('center_axis',(0.,1.,0.));
#4038=DIRECTION('ref_axis',(-1.,0.,0.));
#4039=DIRECTION('',(0.,-1.,0.));
#4040=DIRECTION('center_axis',(0.,1.,0.));
#4041=DIRECTION('ref_axis',(-1.,0.,0.));
#4042=DIRECTION('center_axis',(0.,-1.,0.));
#4043=DIRECTION('ref_axis',(-1.,0.,0.));
#4044=DIRECTION('center_axis',(0.,-1.,0.));
#4045=DIRECTION('ref_axis',(-1.,0.,0.));
#4046=DIRECTION('center_axis',(0.,-1.,0.));
#4047=DIRECTION('ref_axis',(-1.,0.,0.));
#4048=DIRECTION('center_axis',(0.,1.,0.));
#4049=DIRECTION('ref_axis',(-1.,0.,0.));
#4050=DIRECTION('',(0.,-1.,0.));
#4051=DIRECTION('center_axis',(0.,0.,-1.));
#4052=DIRECTION('ref_axis',(1.,0.,0.));
#4053=DIRECTION('',(0.,0.,1.));
#4054=DIRECTION('center_axis',(0.,0.,-1.));
#4055=DIRECTION('ref_axis',(1.,0.,0.));
#4056=DIRECTION('center_axis',(0.,0.,1.));
#4057=DIRECTION('ref_axis',(1.,0.,0.));
#4058=DIRECTION('center_axis',(0.,0.,1.));
#4059=DIRECTION('ref_axis',(1.,0.,0.));
#4060=DIRECTION('center_axis',(0.,0.,1.));
#4061=DIRECTION('ref_axis',(1.,0.,0.));
#4062=DIRECTION('center_axis',(0.,0.,1.));
#4063=DIRECTION('ref_axis',(1.,0.,0.));
#4064=DIRECTION('center_axis',(0.,0.,-1.));
#4065=DIRECTION('ref_axis',(1.,0.,0.));
#4066=DIRECTION('center_axis',(0.,0.,1.));
#4067=DIRECTION('ref_axis',(1.,0.,0.));
#4068=DIRECTION('',(0.,0.,1.));
#4069=DIRECTION('center_axis',(-1.,0.,0.));
#4070=DIRECTION('ref_axis',(0.,1.,0.));
#4071=DIRECTION('center_axis',(1.,0.,0.));
#4072=DIRECTION('ref_axis',(0.,1.,0.));
#4073=DIRECTION('',(-1.,0.,0.));
#4074=DIRECTION('center_axis',(1.,0.,0.));
#4075=DIRECTION('ref_axis',(0.,1.,0.));
#4076=DIRECTION('center_axis',(-1.,0.,0.));
#4077=DIRECTION('ref_axis',(0.,1.,0.));
#4078=DIRECTION('center_axis',(-1.,0.,0.));
#4079=DIRECTION('ref_axis',(0.,1.,0.));
#4080=DIRECTION('center_axis',(1.,0.,0.));
#4081=DIRECTION('ref_axis',(0.,1.,0.));
#4082=DIRECTION('',(-1.,0.,0.));
#4083=DIRECTION('center_axis',(1.,0.,0.));
#4084=DIRECTION('ref_axis',(0.,1.,0.));
#4085=DIRECTION('center_axis',(-1.,0.,0.));
#4086=DIRECTION('ref_axis',(0.,1.,0.));
#4087=DIRECTION('center_axis',(-1.,0.,0.));
#4088=DIRECTION('ref_axis',(0.,1.,0.));
#4089=DIRECTION('center_axis',(1.,0.,0.));
#4090=DIRECTION('ref_axis',(0.,1.,0.));
#4091=DIRECTION('center_axis',(1.,0.,0.));
#4092=DIRECTION('ref_axis',(0.,1.,0.));
#4093=DIRECTION('center_axis',(-1.,0.,0.));
#4094=DIRECTION('ref_axis',(0.,1.,0.));
#4095=DIRECTION('center_axis',(-1.,0.,0.));
#4096=DIRECTION('ref_axis',(0.,1.,0.));
#4097=DIRECTION('',(-1.,0.,0.));
#4098=DIRECTION('center_axis',(-1.,0.,0.));
#4099=DIRECTION('ref_axis',(0.,1.,0.));
#4100=DIRECTION('center_axis',(1.,0.,0.));
#4101=DIRECTION('ref_axis',(0.,1.,0.));
#4102=DIRECTION('center_axis',(1.,0.,0.));
#4103=DIRECTION('ref_axis',(0.,1.,0.));
#4104=DIRECTION('center_axis',(-1.,0.,0.));
#4105=DIRECTION('ref_axis',(0.,1.,0.));
#4106=DIRECTION('',(-1.,0.,0.));
#4107=DIRECTION('center_axis',(-1.,0.,0.));
#4108=DIRECTION('ref_axis',(0.,1.,0.));
#4109=DIRECTION('center_axis',(1.,0.,0.));
#4110=DIRECTION('ref_axis',(0.,1.,0.));
#4111=DIRECTION('center_axis',(1.,0.,0.));
#4112=DIRECTION('ref_axis',(0.,1.,0.));
#4113=DIRECTION('center_axis',(-1.,0.,0.));
#4114=DIRECTION('ref_axis',(0.,1.,0.));
#4115=DIRECTION('center_axis',(-1.,0.,0.));
#4116=DIRECTION('ref_axis',(0.,1.,0.));
#4117=DIRECTION('',(-1.,0.,0.));
#4118=DIRECTION('center_axis',(-1.,0.,0.));
#4119=DIRECTION('ref_axis',(0.,1.,0.));
#4120=DIRECTION('center_axis',(1.,0.,0.));
#4121=DIRECTION('ref_axis',(0.,1.,0.));
#4122=DIRECTION('center_axis',(1.,0.,0.));
#4123=DIRECTION('ref_axis',(0.,1.,0.));
#4124=DIRECTION('center_axis',(-1.,0.,0.));
#4125=DIRECTION('ref_axis',(0.,1.,0.));
#4126=DIRECTION('',(-1.,0.,0.));
#4127=DIRECTION('center_axis',(-1.,0.,0.));
#4128=DIRECTION('ref_axis',(0.,1.,0.));
#4129=DIRECTION('',(-1.,0.,0.));
#4130=DIRECTION('center_axis',(-1.,0.,0.));
#4131=DIRECTION('ref_axis',(0.,1.,0.));
#4132=DIRECTION('',(-1.,0.,0.));
#4133=DIRECTION('center_axis',(0.,1.,0.));
#4134=DIRECTION('ref_axis',(-1.,0.,0.));
#4135=DIRECTION('',(0.,1.,0.));
#4136=DIRECTION('center_axis',(0.,-1.,0.));
#4137=DIRECTION('ref_axis',(1.,0.,0.));
#4138=DIRECTION('center_axis',(0.,1.,0.));
#4139=DIRECTION('ref_axis',(-1.,0.,0.));
#4140=DIRECTION('center_axis',(0.,-1.,0.));
#4141=DIRECTION('ref_axis',(-1.,0.,0.));
#4142=DIRECTION('center_axis',(0.,1.,0.));
#4143=DIRECTION('ref_axis',(-1.,0.,0.));
#4144=DIRECTION('center_axis',(0.,1.,0.));
#4145=DIRECTION('ref_axis',(-1.,0.,0.));
#4146=DIRECTION('center_axis',(0.,1.,0.));
#4147=DIRECTION('ref_axis',(-1.,0.,0.));
#4148=DIRECTION('',(0.,1.,0.));
#4149=DIRECTION('center_axis',(0.,1.,0.));
#4150=DIRECTION('ref_axis',(-1.,0.,0.));
#4151=DIRECTION('center_axis',(0.,1.,0.));
#4152=DIRECTION('ref_axis',(-1.,0.,0.));
#4153=DIRECTION('center_axis',(0.,-1.,0.));
#4154=DIRECTION('ref_axis',(-1.,0.,0.));
#4155=DIRECTION('center_axis',(0.,-1.,0.));
#4156=DIRECTION('ref_axis',(-1.,0.,0.));
#4157=DIRECTION('center_axis',(0.,1.,0.));
#4158=DIRECTION('ref_axis',(-1.,0.,0.));
#4159=DIRECTION('',(0.,-1.,0.));
#4160=DIRECTION('center_axis',(0.,-1.,0.));
#4161=DIRECTION('ref_axis',(-1.,0.,0.));
#4162=DIRECTION('',(0.,-1.,0.));
#4163=DIRECTION('center_axis',(0.,-1.,0.));
#4164=DIRECTION('ref_axis',(-1.,0.,0.));
#4165=DIRECTION('center_axis',(0.,1.,0.));
#4166=DIRECTION('ref_axis',(-1.,0.,0.));
#4167=DIRECTION('center_axis',(0.,-1.,0.));
#4168=DIRECTION('ref_axis',(-1.,0.,0.));
#4169=DIRECTION('',(0.,-1.,0.));
#4170=DIRECTION('center_axis',(0.,-1.,0.));
#4171=DIRECTION('ref_axis',(-1.,0.,0.));
#4172=DIRECTION('center_axis',(0.,1.,0.));
#4173=DIRECTION('ref_axis',(-1.,0.,0.));
#4174=DIRECTION('center_axis',(0.,1.,0.));
#4175=DIRECTION('ref_axis',(-1.,0.,0.));
#4176=DIRECTION('center_axis',(0.,1.,0.));
#4177=DIRECTION('ref_axis',(-1.,0.,0.));
#4178=DIRECTION('center_axis',(0.,-1.,0.));
#4179=DIRECTION('ref_axis',(-1.,0.,0.));
#4180=DIRECTION('',(0.,-1.,0.));
#4181=DIRECTION('center_axis',(0.,0.,-1.));
#4182=DIRECTION('ref_axis',(1.,0.,0.));
#4183=DIRECTION('',(0.,0.,-1.));
#4184=DIRECTION('center_axis',(0.,0.,-1.));
#4185=DIRECTION('ref_axis',(1.,0.,0.));
#4186=DIRECTION('center_axis',(0.,0.,1.));
#4187=DIRECTION('ref_axis',(1.,0.,0.));
#4188=DIRECTION('center_axis',(0.,0.,1.));
#4189=DIRECTION('ref_axis',(1.,0.,0.));
#4190=DIRECTION('center_axis',(0.,0.,1.));
#4191=DIRECTION('ref_axis',(1.,0.,0.));
#4192=DIRECTION('',(0.,0.,1.));
#4193=DIRECTION('center_axis',(0.,0.,1.));
#4194=DIRECTION('ref_axis',(1.,0.,0.));
#4195=DIRECTION('center_axis',(0.,0.,1.));
#4196=DIRECTION('ref_axis',(1.,0.,0.));
#4197=DIRECTION('center_axis',(0.,0.,-1.));
#4198=DIRECTION('ref_axis',(1.,0.,0.));
#4199=DIRECTION('center_axis',(0.,0.,1.));
#4200=DIRECTION('ref_axis',(1.,0.,0.));
#4201=DIRECTION('',(0.,0.,-1.));
#4202=DIRECTION('center_axis',(0.,0.,1.));
#4203=DIRECTION('ref_axis',(1.,0.,0.));
#4204=DIRECTION('',(0.,0.,-1.));
#4205=DIRECTION('center_axis',(1.,0.,0.));
#4206=DIRECTION('ref_axis',(0.,1.,0.));
#4207=CARTESIAN_POINT('',(0.,0.,0.));
#4208=CARTESIAN_POINT('Ctrl Pts',(-19.5000002980232,2.87228111575226,-7.66));
#4209=CARTESIAN_POINT('Ctrl Pts',(-19.5003902314088,2.87370656805658,-7.66));
#4210=CARTESIAN_POINT('Ctrl Pts',(-19.5007802476015,2.87513115019696,-7.65999953733982));
#4211=CARTESIAN_POINT('Ctrl Pts',(-19.5975441286198,3.22837911343893,-7.65977494387622));
#4212=CARTESIAN_POINT('Ctrl Pts',(-19.7483322948169,3.68262648740655,-7.61533330926322));
#4213=CARTESIAN_POINT('Ctrl Pts',(-19.9432837092137,4.19684302111152,-7.43148704611822));
#4214=CARTESIAN_POINT('Ctrl Pts',(-20.0000002980232,4.33012664038183,-7.26869852419232));
#4215=CARTESIAN_POINT('Ctrl Pts',(-20.0000002980232,4.33012664038183,-7.16));
#4216=CARTESIAN_POINT('Ctrl Pts',(-19.5000002980232,2.87228111575226,-7.66));
#4217=CARTESIAN_POINT('Ctrl Pts',(-19.5007322172173,2.87307227278236,-7.65999646471647));
#4218=CARTESIAN_POINT('Ctrl Pts',(-19.5014377915468,2.87384516224574,-7.66000288215712));
#4219=CARTESIAN_POINT('Ctrl Pts',(-19.6832500641693,3.06950491185967,-7.65867450712374));
#4220=CARTESIAN_POINT('Ctrl Pts',(-19.8809879584948,3.32219548632147,-7.54480801694874));
#4221=CARTESIAN_POINT('Ctrl Pts',(-20.0048859410992,3.59697356726077,-7.3162622087725));
#4222=CARTESIAN_POINT('Ctrl Pts',(-19.9969663561396,3.66263316817986,-7.2141502663139));
#4223=CARTESIAN_POINT('Ctrl Pts',(-20.0000002980232,3.66318036470369,-7.16));
#4224=CARTESIAN_POINT('Ctrl Pts',(-19.5000002980232,2.87228111575226,-7.66));
#4225=CARTESIAN_POINT('Ctrl Pts',(-19.5010792016663,2.8724336202202,-7.65999646471647));
#4226=CARTESIAN_POINT('Ctrl Pts',(-19.5020912264577,2.87256258990115,-7.66000288215712));
#4227=CARTESIAN_POINT('Ctrl Pts',(-19.7691460223685,2.91131032362552,-7.65867450712367));
#4228=CARTESIAN_POINT('Ctrl Pts',(-20.0312050868928,2.96259550905044,-7.54480801694891));
#4229=CARTESIAN_POINT('Ctrl Pts',(-20.2221884780364,2.99854002979191,-7.31626220877257));
#4230=CARTESIAN_POINT('Ctrl Pts',(-20.2282149962447,2.99747496335988,-7.21415026631414));
#4231=CARTESIAN_POINT('Ctrl Pts',(-20.2302913365822,2.99838732521752,-7.16));
#4232=CARTESIAN_POINT('Ctrl Pts',(-19.5000002980232,2.87228111575226,-7.66));
#4233=CARTESIAN_POINT('Ctrl Pts',(-19.5013929170582,2.87178657097112,-7.66));
#4234=CARTESIAN_POINT('Ctrl Pts',(-19.5027847066178,2.87129293364696,-7.65999953733982));
#4235=CARTESIAN_POINT('Ctrl Pts',(-19.8467748474499,2.74869562801141,-7.65977494387616));
#4236=CARTESIAN_POINT('Ctrl Pts',(-20.191113453507,2.6167172099578,-7.61533330926338));
#4237=CARTESIAN_POINT('Ctrl Pts',(-20.5562421169535,2.49871743445892,-7.43148704611829));
#4238=CARTESIAN_POINT('Ctrl Pts',(-20.6428573131561,2.47435808021819,-7.26869852419256));
#4239=CARTESIAN_POINT('Ctrl Pts',(-20.6428573131561,2.47435808021819,-7.16));
#4240=CARTESIAN_POINT('',(-20.6428573131561,2.47435808021819,-7.16));
#4241=CARTESIAN_POINT('',(-20.0000002980232,4.33012664038183,-7.16));
#4242=CARTESIAN_POINT('Origin',(-23.0000002980232,4.33012664038183,-7.16));
#4243=CARTESIAN_POINT('',(-19.5000002980232,2.87228111575225,-7.66));
#4244=CARTESIAN_POINT('Ctrl Pts',(-20.0000002980232,4.33012664038183,-7.16));
#4245=CARTESIAN_POINT('Ctrl Pts',(-20.0000002980232,4.33012664038183,-7.26869852419232));
#4246=CARTESIAN_POINT('Ctrl Pts',(-19.9432837092137,4.19684302111152,-7.43148704611822));
#4247=CARTESIAN_POINT('Ctrl Pts',(-19.7483322948169,3.68262648740655,-7.61533330926322));
#4248=CARTESIAN_POINT('Ctrl Pts',(-19.5975441286198,3.22837911343893,-7.65977494387622));
#4249=CARTESIAN_POINT('Ctrl Pts',(-19.5007802476015,2.87513115019696,-7.65999953733982));
#4250=CARTESIAN_POINT('Ctrl Pts',(-19.5003902314088,2.87370656805658,-7.66));
#4251=CARTESIAN_POINT('Ctrl Pts',(-19.5000002980232,2.87228111575226,-7.66));
#4252=CARTESIAN_POINT('Ctrl Pts',(-19.5000002980232,2.87228111575226,-7.66));
#4253=CARTESIAN_POINT('Ctrl Pts',(-19.5013929170582,2.87178657097112,-7.66));
#4254=CARTESIAN_POINT('Ctrl Pts',(-19.5027847066178,2.87129293364696,-7.65999953733982));
#4255=CARTESIAN_POINT('Ctrl Pts',(-19.8467748474499,2.74869562801141,-7.65977494387616));
#4256=CARTESIAN_POINT('Ctrl Pts',(-20.191113453507,2.6167172099578,-7.61533330926338));
#4257=CARTESIAN_POINT('Ctrl Pts',(-20.5562421169535,2.49871743445892,-7.43148704611829));
#4258=CARTESIAN_POINT('Ctrl Pts',(-20.6428573131561,2.47435808021819,-7.26869852419256));
#4259=CARTESIAN_POINT('Ctrl Pts',(-20.6428573131561,2.47435808021819,-7.16));
#4260=CARTESIAN_POINT('Origin',(-23.0000002980232,4.33012664038183,0.));
#4261=CARTESIAN_POINT('',(-20.6428573131561,2.47435808021819,7.16));
#4262=CARTESIAN_POINT('',(-20.6428573131561,2.47435808021819,0.));
#4263=CARTESIAN_POINT('',(-20.0000002980232,4.33012664038183,7.16));
#4264=CARTESIAN_POINT('Origin',(-23.0000002980232,4.33012664038183,7.16));
#4265=CARTESIAN_POINT('',(-20.0000002980232,4.33012664038183,0.));
#4266=CARTESIAN_POINT('Ctrl Pts',(-19.5000002980232,2.87228111575225,7.66));
#4267=CARTESIAN_POINT('Ctrl Pts',(-19.5013929170583,2.87178657097116,7.66));
#4268=CARTESIAN_POINT('Ctrl Pts',(-19.5027847066176,2.87129293364688,7.65999953733982));
#4269=CARTESIAN_POINT('Ctrl Pts',(-19.8467748474993,2.74869562803701,7.65977494387657));
#4270=CARTESIAN_POINT('Ctrl Pts',(-20.1911134535166,2.61671720996278,7.61533330926329));
#4271=CARTESIAN_POINT('Ctrl Pts',(-20.5562421169705,2.49871743446771,7.43148704611834));
#4272=CARTESIAN_POINT('Ctrl Pts',(-20.6428573131561,2.47435808021819,7.26869852419232));
#4273=CARTESIAN_POINT('Ctrl Pts',(-20.6428573131561,2.47435808021819,7.16));
#4274=CARTESIAN_POINT('Ctrl Pts',(-19.5000002980232,2.87228111575226,7.66));
#4275=CARTESIAN_POINT('Ctrl Pts',(-19.5010792016664,2.87243362022024,7.65999646471647));
#4276=CARTESIAN_POINT('Ctrl Pts',(-19.5020912264576,2.87256258990108,7.66000288215712));
#4277=CARTESIAN_POINT('Ctrl Pts',(-19.769146022418,2.91131032365112,7.65867450712409));
#4278=CARTESIAN_POINT('Ctrl Pts',(-20.0312050869024,2.96259550905542,7.54480801694882));
#4279=CARTESIAN_POINT('Ctrl Pts',(-20.2221884780534,2.9985400298007,7.31626220877261));
#4280=CARTESIAN_POINT('Ctrl Pts',(-20.2282149962447,2.99747496335988,7.2141502663139));
#4281=CARTESIAN_POINT('Ctrl Pts',(-20.2302913365822,2.99838732521752,7.16));
#4282=CARTESIAN_POINT('Ctrl Pts',(-19.5000002980232,2.87228111575226,7.66));
#4283=CARTESIAN_POINT('Ctrl Pts',(-19.5007322172173,2.8730722727824,7.65999646471647));
#4284=CARTESIAN_POINT('Ctrl Pts',(-19.5014377915466,2.87384516224567,7.66000288215712));
#4285=CARTESIAN_POINT('Ctrl Pts',(-19.6832500642194,3.0695049118855,7.65867450712391));
#4286=CARTESIAN_POINT('Ctrl Pts',(-19.8809879585046,3.32219548632649,7.54480801694874));
#4287=CARTESIAN_POINT('Ctrl Pts',(-20.0048859411164,3.59697356726962,7.31626220877251));
#4288=CARTESIAN_POINT('Ctrl Pts',(-19.9969663561396,3.66263316817987,7.21415026631397));
#4289=CARTESIAN_POINT('Ctrl Pts',(-20.0000002980232,3.66318036470369,7.16));
#4290=CARTESIAN_POINT('Ctrl Pts',(-19.5000002980232,2.87228111575226,7.66));
#4291=CARTESIAN_POINT('Ctrl Pts',(-19.5003902314089,2.87370656805662,7.66));
#4292=CARTESIAN_POINT('Ctrl Pts',(-19.5007802476014,2.8751311501969,7.65999953733982));
#4293=CARTESIAN_POINT('Ctrl Pts',(-19.59754412867,3.22837911346477,7.65977494387639));
#4294=CARTESIAN_POINT('Ctrl Pts',(-19.7483322948267,3.68262648741157,7.61533330926322));
#4295=CARTESIAN_POINT('Ctrl Pts',(-19.9432837092309,4.19684302112038,7.43148704611824));
#4296=CARTESIAN_POINT('Ctrl Pts',(-20.0000002980232,4.33012664038183,7.26869852419239));
#4297=CARTESIAN_POINT('Ctrl Pts',(-20.0000002980232,4.33012664038183,7.16));
#4298=CARTESIAN_POINT('',(-19.5000002980232,2.87228111575226,7.66));
#4299=CARTESIAN_POINT('Ctrl Pts',(-20.6428573131561,2.47435808021819,7.16));
#4300=CARTESIAN_POINT('Ctrl Pts',(-20.6428573131561,2.47435808021819,7.26869852419232));
#4301=CARTESIAN_POINT('Ctrl Pts',(-20.5562421169705,2.49871743446771,7.43148704611834));
#4302=CARTESIAN_POINT('Ctrl Pts',(-20.1911134535166,2.61671720996278,7.61533330926329));
#4303=CARTESIAN_POINT('Ctrl Pts',(-19.8467748474993,2.74869562803701,7.65977494387657));
#4304=CARTESIAN_POINT('Ctrl Pts',(-19.5027847066176,2.87129293364688,7.65999953733982));
#4305=CARTESIAN_POINT('Ctrl Pts',(-19.5013929170583,2.87178657097116,7.66));
#4306=CARTESIAN_POINT('Ctrl Pts',(-19.5000002980232,2.87228111575225,7.66));
#4307=CARTESIAN_POINT('Ctrl Pts',(-19.5000002980232,2.87228111575226,7.66));
#4308=CARTESIAN_POINT('Ctrl Pts',(-19.5003902314089,2.87370656805662,7.66));
#4309=CARTESIAN_POINT('Ctrl Pts',(-19.5007802476014,2.8751311501969,7.65999953733982));
#4310=CARTESIAN_POINT('Ctrl Pts',(-19.59754412867,3.22837911346477,7.65977494387639));
#4311=CARTESIAN_POINT('Ctrl Pts',(-19.7483322948267,3.68262648741157,7.61533330926322));
#4312=CARTESIAN_POINT('Ctrl Pts',(-19.9432837092309,4.19684302112038,7.43148704611824));
#4313=CARTESIAN_POINT('Ctrl Pts',(-20.0000002980232,4.33012664038183,7.26869852419239));
#4314=CARTESIAN_POINT('Ctrl Pts',(-20.0000002980232,4.33012664038183,7.16));
#4315=CARTESIAN_POINT('Origin',(-17.5,0.,7.16));
#4316=CARTESIAN_POINT('',(-20.6428573131561,-2.47435808021819,7.16));
#4317=CARTESIAN_POINT('Origin',(-17.5,0.,7.16));
#4318=CARTESIAN_POINT('',(-19.5000002980232,-2.87228111575225,7.66));
#4319=CARTESIAN_POINT('Ctrl Pts',(-19.5000002980232,-2.87228111575226,7.66));
#4320=CARTESIAN_POINT('Ctrl Pts',(-19.5013929170582,-2.8717865709711,7.66));
#4321=CARTESIAN_POINT('Ctrl Pts',(-19.5027847066177,-2.87129293364698,7.65999953733982));
#4322=CARTESIAN_POINT('Ctrl Pts',(-19.8467748474605,-2.74869562800258,7.65977494387622));
#4323=CARTESIAN_POINT('Ctrl Pts',(-20.1911134535091,-2.61671720995612,7.61533330926318));
#4324=CARTESIAN_POINT('Ctrl Pts',(-20.5562421169572,-2.49871743445593,7.43148704611817));
#4325=CARTESIAN_POINT('Ctrl Pts',(-20.6428573131561,-2.47435808021819,7.26869852419213));
#4326=CARTESIAN_POINT('Ctrl Pts',(-20.6428573131561,-2.47435808021819,7.16));
#4327=CARTESIAN_POINT('Origin',(-17.5,0.,7.66));
#4328=CARTESIAN_POINT('Origin',(-17.5,0.,0.));
#4329=CARTESIAN_POINT('',(-20.6428573131561,-2.47435808021819,-7.16));
#4330=CARTESIAN_POINT('Origin',(-17.5,0.,-7.16));
#4331=CARTESIAN_POINT('',(-20.6428573131561,-2.47435808021819,0.));
#4332=CARTESIAN_POINT('Origin',(-17.5,0.,-7.16));
#4333=CARTESIAN_POINT('',(-19.5000002980232,-2.87228111575226,-7.66));
#4334=CARTESIAN_POINT('Origin',(-17.5,0.,-7.66));
#4335=CARTESIAN_POINT('Ctrl Pts',(-20.6428573131561,-2.47435808021819,-7.16));
#4336=CARTESIAN_POINT('Ctrl Pts',(-20.6428573131561,-2.47435808021819,-7.26869852419232));
#4337=CARTESIAN_POINT('Ctrl Pts',(-20.5562421169741,-2.49871743446479,-7.43148704611831));
#4338=CARTESIAN_POINT('Ctrl Pts',(-20.1911134535187,-2.61671720996114,-7.61533330926327));
#4339=CARTESIAN_POINT('Ctrl Pts',(-19.8467748475099,-2.74869562802848,-7.6597749438765));
#4340=CARTESIAN_POINT('Ctrl Pts',(-19.5027847066176,-2.87129293364691,-7.65999953733982));
#4341=CARTESIAN_POINT('Ctrl Pts',(-19.5013929170583,-2.87178657097115,-7.66));
#4342=CARTESIAN_POINT('Ctrl Pts',(-19.5000002980232,-2.87228111575226,-7.66));
#4343=CARTESIAN_POINT('Ctrl Pts',(-19.5000002980232,-2.87228111575226,-7.66));
#4344=CARTESIAN_POINT('Ctrl Pts',(-19.5013929170583,-2.87178657097115,-7.66));
#4345=CARTESIAN_POINT('Ctrl Pts',(-19.5027847066176,-2.87129293364691,-7.65999953733982));
#4346=CARTESIAN_POINT('Ctrl Pts',(-19.8467748475099,-2.74869562802848,-7.6597749438765));
#4347=CARTESIAN_POINT('Ctrl Pts',(-20.1911134535187,-2.61671720996114,-7.61533330926327));
#4348=CARTESIAN_POINT('Ctrl Pts',(-20.5562421169741,-2.49871743446479,-7.43148704611831));
#4349=CARTESIAN_POINT('Ctrl Pts',(-20.6428573131561,-2.47435808021819,-7.26869852419232));
#4350=CARTESIAN_POINT('Ctrl Pts',(-20.6428573131561,-2.47435808021819,-7.16));
#4351=CARTESIAN_POINT('Ctrl Pts',(-19.5000002980232,-2.87228111575226,-7.66));
#4352=CARTESIAN_POINT('Ctrl Pts',(-19.5010792016664,-2.87243362022022,-7.65999646471647));
#4353=CARTESIAN_POINT('Ctrl Pts',(-19.5020912264575,-2.87256258990111,-7.66000288215712));
#4354=CARTESIAN_POINT('Ctrl Pts',(-19.7691460224286,-2.91131032364259,-7.65867450712402));
#4355=CARTESIAN_POINT('Ctrl Pts',(-20.0312050869045,-2.96259550905378,-7.5448080169488));
#4356=CARTESIAN_POINT('Ctrl Pts',(-20.222188478057,-2.99854002979778,-7.31626220877259));
#4357=CARTESIAN_POINT('Ctrl Pts',(-20.2282149962447,-2.99747496335988,-7.2141502663139));
#4358=CARTESIAN_POINT('Ctrl Pts',(-20.2302913365822,-2.99838732521752,-7.16));
#4359=CARTESIAN_POINT('Ctrl Pts',(-19.5000002980232,-2.87228111575226,-7.66));
#4360=CARTESIAN_POINT('Ctrl Pts',(-19.5007322172174,-2.87307227278241,-7.65999646471647));
#4361=CARTESIAN_POINT('Ctrl Pts',(-19.5014377915466,-2.87384516224568,-7.66000288215712));
#4362=CARTESIAN_POINT('Ctrl Pts',(-19.6832500642204,-3.06950491187162,-7.65867450712393));
#4363=CARTESIAN_POINT('Ctrl Pts',(-19.8809879585047,-3.3221954863238,-7.54480801694876));
#4364=CARTESIAN_POINT('Ctrl Pts',(-20.0048859411167,-3.59697356726487,-7.31626220877252));
#4365=CARTESIAN_POINT('Ctrl Pts',(-19.9969663561396,-3.66263316817986,-7.21415026631396));
#4366=CARTESIAN_POINT('Ctrl Pts',(-20.0000002980232,-3.66318036470369,-7.16));
#4367=CARTESIAN_POINT('Ctrl Pts',(-19.5000002980232,-2.87228111575226,-7.66));
#4368=CARTESIAN_POINT('Ctrl Pts',(-19.5003902314089,-2.87370656805661,-7.66));
#4369=CARTESIAN_POINT('Ctrl Pts',(-19.5007802476014,-2.87513115019692,-7.65999953733982));
#4370=CARTESIAN_POINT('Ctrl Pts',(-19.5975441286709,-3.22837911345088,-7.65977494387641));
#4371=CARTESIAN_POINT('Ctrl Pts',(-19.7483322948268,-3.68262648740888,-7.61533330926323));
#4372=CARTESIAN_POINT('Ctrl Pts',(-19.9432837092311,-4.19684302111562,-7.43148704611824));
#4373=CARTESIAN_POINT('Ctrl Pts',(-20.0000002980232,-4.33012664038183,-7.26869852419238));
#4374=CARTESIAN_POINT('Ctrl Pts',(-20.0000002980232,-4.33012664038183,-7.16));
#4375=CARTESIAN_POINT('',(-20.0000002980232,-4.33012664038183,-7.16));
#4376=CARTESIAN_POINT('Origin',(-23.0000002980232,-4.33012664038183,-7.16));
#4377=CARTESIAN_POINT('Ctrl Pts',(-19.5000002980232,-2.87228111575226,-7.66));
#4378=CARTESIAN_POINT('Ctrl Pts',(-19.5003902314089,-2.87370656805661,-7.66));
#4379=CARTESIAN_POINT('Ctrl Pts',(-19.5007802476014,-2.87513115019692,-7.65999953733982));
#4380=CARTESIAN_POINT('Ctrl Pts',(-19.5975441286709,-3.22837911345088,-7.65977494387641));
#4381=CARTESIAN_POINT('Ctrl Pts',(-19.7483322948268,-3.68262648740888,-7.61533330926323));
#4382=CARTESIAN_POINT('Ctrl Pts',(-19.9432837092311,-4.19684302111562,-7.43148704611824));
#4383=CARTESIAN_POINT('Ctrl Pts',(-20.0000002980232,-4.33012664038183,-7.26869852419238));
#4384=CARTESIAN_POINT('Ctrl Pts',(-20.0000002980232,-4.33012664038183,-7.16));
#4385=CARTESIAN_POINT('Origin',(-23.0000002980232,-4.33012664038183,0.));
#4386=CARTESIAN_POINT('',(-20.0000002980232,-4.33012664038183,7.16));
#4387=CARTESIAN_POINT('',(-20.0000002980232,-4.33012664038183,0.));
#4388=CARTESIAN_POINT('Origin',(-23.0000002980232,-4.33012664038183,7.16));
#4389=CARTESIAN_POINT('Ctrl Pts',(-19.5000002980232,-2.87228111575226,7.66));
#4390=CARTESIAN_POINT('Ctrl Pts',(-19.5003902314088,-2.87370656805656,7.66));
#4391=CARTESIAN_POINT('Ctrl Pts',(-19.5007802476015,-2.87513115019699,7.65999953733982));
#4392=CARTESIAN_POINT('Ctrl Pts',(-19.5975441286215,-3.22837911342532,7.65977494387622));
#4393=CARTESIAN_POINT('Ctrl Pts',(-19.7483322948173,-3.68262648740392,7.61533330926322));
#4394=CARTESIAN_POINT('Ctrl Pts',(-19.9432837092142,-4.19684302110687,7.43148704611822));
#4395=CARTESIAN_POINT('Ctrl Pts',(-20.0000002980232,-4.33012664038183,7.26869852419232));
#4396=CARTESIAN_POINT('Ctrl Pts',(-20.0000002980232,-4.33012664038183,7.16));
#4397=CARTESIAN_POINT('Ctrl Pts',(-19.5000002980232,-2.87228111575226,7.66));
#4398=CARTESIAN_POINT('Ctrl Pts',(-19.5007322172173,-2.87307227278236,7.65999646471647));
#4399=CARTESIAN_POINT('Ctrl Pts',(-19.5014377915467,-2.87384516224575,7.66000288215712));
#4400=CARTESIAN_POINT('Ctrl Pts',(-19.683250064171,-3.06950491184606,7.65867450712374));
#4401=CARTESIAN_POINT('Ctrl Pts',(-19.8809879584952,-3.32219548631884,7.54480801694875));
#4402=CARTESIAN_POINT('Ctrl Pts',(-20.0048859410998,-3.59697356725611,7.31626220877249));
#4403=CARTESIAN_POINT('Ctrl Pts',(-19.9969663561396,-3.66263316817987,7.2141502663139));
#4404=CARTESIAN_POINT('Ctrl Pts',(-20.0000002980232,-3.66318036470369,7.16));
#4405=CARTESIAN_POINT('Ctrl Pts',(-19.5000002980232,-2.87228111575226,7.66));
#4406=CARTESIAN_POINT('Ctrl Pts',(-19.5010792016663,-2.87243362022017,7.65999646471647));
#4407=CARTESIAN_POINT('Ctrl Pts',(-19.5020912264577,-2.87256258990119,7.66000288215712));
#4408=CARTESIAN_POINT('Ctrl Pts',(-19.7691460223792,-2.9113103236167,7.65867450712373));
#4409=CARTESIAN_POINT('Ctrl Pts',(-20.0312050868949,-2.96259550904876,7.54480801694871));
#4410=CARTESIAN_POINT('Ctrl Pts',(-20.2221884780401,-2.99854002978892,7.31626220877244));
#4411=CARTESIAN_POINT('Ctrl Pts',(-20.2282149962447,-2.99747496335988,7.21415026631371));
#4412=CARTESIAN_POINT('Ctrl Pts',(-20.2302913365822,-2.99838732521752,7.16));
#4413=CARTESIAN_POINT('Ctrl Pts',(-19.5000002980232,-2.87228111575226,7.66));
#4414=CARTESIAN_POINT('Ctrl Pts',(-19.5013929170582,-2.8717865709711,7.66));
#4415=CARTESIAN_POINT('Ctrl Pts',(-19.5027847066177,-2.87129293364698,7.65999953733982));
#4416=CARTESIAN_POINT('Ctrl Pts',(-19.8467748474605,-2.74869562800258,7.65977494387622));
#4417=CARTESIAN_POINT('Ctrl Pts',(-20.1911134535091,-2.61671720995612,7.61533330926318));
#4418=CARTESIAN_POINT('Ctrl Pts',(-20.5562421169572,-2.49871743445593,7.43148704611817));
#4419=CARTESIAN_POINT('Ctrl Pts',(-20.6428573131561,-2.47435808021819,7.26869852419213));
#4420=CARTESIAN_POINT('Ctrl Pts',(-20.6428573131561,-2.47435808021819,7.16));
#4421=CARTESIAN_POINT('Ctrl Pts',(-20.0000002980232,-4.33012664038183,7.16));
#4422=CARTESIAN_POINT('Ctrl Pts',(-20.0000002980232,-4.33012664038183,7.26869852419232));
#4423=CARTESIAN_POINT('Ctrl Pts',(-19.9432837092142,-4.19684302110687,7.43148704611822));
#4424=CARTESIAN_POINT('Ctrl Pts',(-19.7483322948173,-3.68262648740392,7.61533330926322));
#4425=CARTESIAN_POINT('Ctrl Pts',(-19.5975441286215,-3.22837911342532,7.65977494387622));
#4426=CARTESIAN_POINT('Ctrl Pts',(-19.5007802476015,-2.87513115019699,7.65999953733982));
#4427=CARTESIAN_POINT('Ctrl Pts',(-19.5003902314088,-2.87370656805656,7.66));
#4428=CARTESIAN_POINT('Ctrl Pts',(-19.5000002980232,-2.87228111575226,7.66));
#4429=CARTESIAN_POINT('Origin',(-20.0000002980232,-12.0000001788139,0.));
#4430=CARTESIAN_POINT('',(-20.0000002980232,-11.5000001788139,-7.16));
#4431=CARTESIAN_POINT('',(-20.0000002980232,-2.00000002980232,-7.16));
#4432=CARTESIAN_POINT('',(-20.0000002980232,-11.5000001788139,7.16));
#4433=CARTESIAN_POINT('',(-20.0000002980232,-11.5000001788139,0.));
#4434=CARTESIAN_POINT('',(-20.0000002980232,-2.00000002980232,7.16));
#4435=CARTESIAN_POINT('',(-20.0000002980232,-11.0000001192093,-3.83));
#4436=CARTESIAN_POINT('Origin',(-20.0000002980232,-8.00000011920929,-3.83));
#4437=CARTESIAN_POINT('',(-20.0000002980232,-11.0000001192093,3.83));
#4438=CARTESIAN_POINT('Origin',(-20.0000002980232,-8.00000011920929,3.83));
#4439=CARTESIAN_POINT('Origin',(-19.5000002980232,-2.00000002980232,-7.16));
#4440=CARTESIAN_POINT('',(-19.5000002980232,-11.5000001788139,-7.66));
#4441=CARTESIAN_POINT('',(-19.5000002980232,-2.00000002980232,-7.66));
#4442=CARTESIAN_POINT('Origin',(-19.5000002980232,-11.5000001788139,-7.16));
#4443=CARTESIAN_POINT('Ctrl Pts',(19.5000002980232,2.87228111575225,-7.66));
#4444=CARTESIAN_POINT('Ctrl Pts',(19.5013929170583,2.87178657097116,-7.66));
#4445=CARTESIAN_POINT('Ctrl Pts',(19.5027847066176,2.87129293364688,-7.65999953733982));
#4446=CARTESIAN_POINT('Ctrl Pts',(19.8467748474993,2.74869562803701,-7.65977494387657));
#4447=CARTESIAN_POINT('Ctrl Pts',(20.1911134535166,2.61671720996278,-7.61533330926329));
#4448=CARTESIAN_POINT('Ctrl Pts',(20.5562421169705,2.49871743446771,-7.43148704611834));
#4449=CARTESIAN_POINT('Ctrl Pts',(20.6428573131561,2.47435808021819,-7.26869852419232));
#4450=CARTESIAN_POINT('Ctrl Pts',(20.6428573131561,2.47435808021819,-7.16));
#4451=CARTESIAN_POINT('Ctrl Pts',(19.5000002980232,2.87228111575226,-7.66));
#4452=CARTESIAN_POINT('Ctrl Pts',(19.5010792016664,2.87243362022024,-7.65999646471647));
#4453=CARTESIAN_POINT('Ctrl Pts',(19.5020912264576,2.87256258990108,-7.66000288215712));
#4454=CARTESIAN_POINT('Ctrl Pts',(19.769146022418,2.91131032365112,-7.65867450712409));
#4455=CARTESIAN_POINT('Ctrl Pts',(20.0312050869024,2.96259550905542,-7.54480801694882));
#4456=CARTESIAN_POINT('Ctrl Pts',(20.2221884780534,2.9985400298007,-7.31626220877261));
#4457=CARTESIAN_POINT('Ctrl Pts',(20.2282149962447,2.99747496335988,-7.2141502663139));
#4458=CARTESIAN_POINT('Ctrl Pts',(20.2302913365822,2.99838732521752,-7.16));
#4459=CARTESIAN_POINT('Ctrl Pts',(19.5000002980232,2.87228111575226,-7.66));
#4460=CARTESIAN_POINT('Ctrl Pts',(19.5007322172173,2.8730722727824,-7.65999646471647));
#4461=CARTESIAN_POINT('Ctrl Pts',(19.5014377915466,2.87384516224567,-7.66000288215712));
#4462=CARTESIAN_POINT('Ctrl Pts',(19.6832500642194,3.0695049118855,-7.65867450712391));
#4463=CARTESIAN_POINT('Ctrl Pts',(19.8809879585046,3.32219548632649,-7.54480801694874));
#4464=CARTESIAN_POINT('Ctrl Pts',(20.0048859411164,3.59697356726962,-7.31626220877251));
#4465=CARTESIAN_POINT('Ctrl Pts',(19.9969663561396,3.66263316817987,-7.21415026631397));
#4466=CARTESIAN_POINT('Ctrl Pts',(20.0000002980232,3.66318036470369,-7.16));
#4467=CARTESIAN_POINT('Ctrl Pts',(19.5000002980232,2.87228111575226,-7.66));
#4468=CARTESIAN_POINT('Ctrl Pts',(19.5003902314089,2.87370656805662,-7.66));
#4469=CARTESIAN_POINT('Ctrl Pts',(19.5007802476014,2.8751311501969,-7.65999953733982));
#4470=CARTESIAN_POINT('Ctrl Pts',(19.59754412867,3.22837911346477,-7.65977494387639));
#4471=CARTESIAN_POINT('Ctrl Pts',(19.7483322948267,3.68262648741157,-7.61533330926322));
#4472=CARTESIAN_POINT('Ctrl Pts',(19.9432837092309,4.19684302112038,-7.43148704611824));
#4473=CARTESIAN_POINT('Ctrl Pts',(20.0000002980232,4.33012664038183,-7.26869852419239));
#4474=CARTESIAN_POINT('Ctrl Pts',(20.0000002980232,4.33012664038183,-7.16));
#4475=CARTESIAN_POINT('',(20.0000002980232,4.33012664038183,-7.16));
#4476=CARTESIAN_POINT('',(20.6428573131561,2.47435808021819,-7.16));
#4477=CARTESIAN_POINT('Origin',(23.0000002980232,4.33012664038183,-7.16));
#4478=CARTESIAN_POINT('',(19.5000002980232,2.87228111575226,-7.66));
#4479=CARTESIAN_POINT('Ctrl Pts',(20.6428573131561,2.47435808021819,-7.16));
#4480=CARTESIAN_POINT('Ctrl Pts',(20.6428573131561,2.47435808021819,-7.26869852419232));
#4481=CARTESIAN_POINT('Ctrl Pts',(20.5562421169705,2.49871743446771,-7.43148704611834));
#4482=CARTESIAN_POINT('Ctrl Pts',(20.1911134535166,2.61671720996278,-7.61533330926329));
#4483=CARTESIAN_POINT('Ctrl Pts',(19.8467748474993,2.74869562803701,-7.65977494387657));
#4484=CARTESIAN_POINT('Ctrl Pts',(19.5027847066176,2.87129293364688,-7.65999953733982));
#4485=CARTESIAN_POINT('Ctrl Pts',(19.5013929170583,2.87178657097116,-7.66));
#4486=CARTESIAN_POINT('Ctrl Pts',(19.5000002980232,2.87228111575225,-7.66));
#4487=CARTESIAN_POINT('Ctrl Pts',(19.5000002980232,2.87228111575226,-7.66));
#4488=CARTESIAN_POINT('Ctrl Pts',(19.5003902314089,2.87370656805662,-7.66));
#4489=CARTESIAN_POINT('Ctrl Pts',(19.5007802476014,2.8751311501969,-7.65999953733982));
#4490=CARTESIAN_POINT('Ctrl Pts',(19.59754412867,3.22837911346477,-7.65977494387639));
#4491=CARTESIAN_POINT('Ctrl Pts',(19.7483322948267,3.68262648741157,-7.61533330926322));
#4492=CARTESIAN_POINT('Ctrl Pts',(19.9432837092309,4.19684302112038,-7.43148704611824));
#4493=CARTESIAN_POINT('Ctrl Pts',(20.0000002980232,4.33012664038183,-7.26869852419239));
#4494=CARTESIAN_POINT('Ctrl Pts',(20.0000002980232,4.33012664038183,-7.16));
#4495=CARTESIAN_POINT('Origin',(23.0000002980232,4.33012664038183,0.));
#4496=CARTESIAN_POINT('',(20.0000002980232,4.33012664038183,7.16));
#4497=CARTESIAN_POINT('',(20.0000002980232,4.33012664038183,0.));
#4498=CARTESIAN_POINT('',(20.6428573131561,2.47435808021819,7.16));
#4499=CARTESIAN_POINT('Origin',(23.0000002980232,4.33012664038183,7.16));
#4500=CARTESIAN_POINT('',(20.6428573131561,2.47435808021819,0.));
#4501=CARTESIAN_POINT('Ctrl Pts',(19.5000002980232,2.87228111575226,7.66));
#4502=CARTESIAN_POINT('Ctrl Pts',(19.5003902314088,2.87370656805658,7.66));
#4503=CARTESIAN_POINT('Ctrl Pts',(19.5007802476015,2.87513115019696,7.65999953733982));
#4504=CARTESIAN_POINT('Ctrl Pts',(19.5975441286198,3.22837911343893,7.65977494387622));
#4505=CARTESIAN_POINT('Ctrl Pts',(19.7483322948169,3.68262648740655,7.61533330926322));
#4506=CARTESIAN_POINT('Ctrl Pts',(19.9432837092137,4.19684302111152,7.43148704611822));
#4507=CARTESIAN_POINT('Ctrl Pts',(20.0000002980232,4.33012664038183,7.26869852419232));
#4508=CARTESIAN_POINT('Ctrl Pts',(20.0000002980232,4.33012664038183,7.16));
#4509=CARTESIAN_POINT('Ctrl Pts',(19.5000002980232,2.87228111575226,7.66));
#4510=CARTESIAN_POINT('Ctrl Pts',(19.5007322172173,2.87307227278236,7.65999646471647));
#4511=CARTESIAN_POINT('Ctrl Pts',(19.5014377915468,2.87384516224574,7.66000288215712));
#4512=CARTESIAN_POINT('Ctrl Pts',(19.6832500641693,3.06950491185967,7.65867450712374));
#4513=CARTESIAN_POINT('Ctrl Pts',(19.8809879584948,3.32219548632147,7.54480801694874));
#4514=CARTESIAN_POINT('Ctrl Pts',(20.0048859410992,3.59697356726077,7.3162622087725));
#4515=CARTESIAN_POINT('Ctrl Pts',(19.9969663561396,3.66263316817986,7.2141502663139));
#4516=CARTESIAN_POINT('Ctrl Pts',(20.0000002980232,3.66318036470369,7.16));
#4517=CARTESIAN_POINT('Ctrl Pts',(19.5000002980232,2.87228111575226,7.66));
#4518=CARTESIAN_POINT('Ctrl Pts',(19.5010792016663,2.8724336202202,7.65999646471647));
#4519=CARTESIAN_POINT('Ctrl Pts',(19.5020912264577,2.87256258990115,7.66000288215712));
#4520=CARTESIAN_POINT('Ctrl Pts',(19.7691460223685,2.91131032362552,7.65867450712367));
#4521=CARTESIAN_POINT('Ctrl Pts',(20.0312050868928,2.96259550905044,7.54480801694891));
#4522=CARTESIAN_POINT('Ctrl Pts',(20.2221884780364,2.99854002979191,7.31626220877257));
#4523=CARTESIAN_POINT('Ctrl Pts',(20.2282149962447,2.99747496335988,7.21415026631414));
#4524=CARTESIAN_POINT('Ctrl Pts',(20.2302913365822,2.99838732521752,7.16));
#4525=CARTESIAN_POINT('Ctrl Pts',(19.5000002980232,2.87228111575226,7.66));
#4526=CARTESIAN_POINT('Ctrl Pts',(19.5013929170582,2.87178657097112,7.66));
#4527=CARTESIAN_POINT('Ctrl Pts',(19.5027847066178,2.87129293364696,7.65999953733982));
#4528=CARTESIAN_POINT('Ctrl Pts',(19.8467748474499,2.74869562801141,7.65977494387616));
#4529=CARTESIAN_POINT('Ctrl Pts',(20.191113453507,2.6167172099578,7.61533330926338));
#4530=CARTESIAN_POINT('Ctrl Pts',(20.5562421169535,2.49871743445892,7.43148704611829));
#4531=CARTESIAN_POINT('Ctrl Pts',(20.6428573131561,2.47435808021819,7.26869852419256));
#4532=CARTESIAN_POINT('Ctrl Pts',(20.6428573131561,2.47435808021819,7.16));
#4533=CARTESIAN_POINT('',(19.5000002980232,2.87228111575225,7.66));
#4534=CARTESIAN_POINT('Ctrl Pts',(20.0000002980232,4.33012664038183,7.16));
#4535=CARTESIAN_POINT('Ctrl Pts',(20.0000002980232,4.33012664038183,7.26869852419232));
#4536=CARTESIAN_POINT('Ctrl Pts',(19.9432837092137,4.19684302111152,7.43148704611822));
#4537=CARTESIAN_POINT('Ctrl Pts',(19.7483322948169,3.68262648740655,7.61533330926322));
#4538=CARTESIAN_POINT('Ctrl Pts',(19.5975441286198,3.22837911343893,7.65977494387622));
#4539=CARTESIAN_POINT('Ctrl Pts',(19.5007802476015,2.87513115019696,7.65999953733982));
#4540=CARTESIAN_POINT('Ctrl Pts',(19.5003902314088,2.87370656805658,7.66));
#4541=CARTESIAN_POINT('Ctrl Pts',(19.5000002980232,2.87228111575226,7.66));
#4542=CARTESIAN_POINT('Ctrl Pts',(19.5000002980232,2.87228111575226,7.66));
#4543=CARTESIAN_POINT('Ctrl Pts',(19.5013929170582,2.87178657097112,7.66));
#4544=CARTESIAN_POINT('Ctrl Pts',(19.5027847066178,2.87129293364696,7.65999953733982));
#4545=CARTESIAN_POINT('Ctrl Pts',(19.8467748474499,2.74869562801141,7.65977494387616));
#4546=CARTESIAN_POINT('Ctrl Pts',(20.191113453507,2.6167172099578,7.61533330926338));
#4547=CARTESIAN_POINT('Ctrl Pts',(20.5562421169535,2.49871743445892,7.43148704611829));
#4548=CARTESIAN_POINT('Ctrl Pts',(20.6428573131561,2.47435808021819,7.26869852419256));
#4549=CARTESIAN_POINT('Ctrl Pts',(20.6428573131561,2.47435808021819,7.16));
#4550=CARTESIAN_POINT('Origin',(20.0000002980232,3.12249876058964,0.));
#4551=CARTESIAN_POINT('',(20.0000002980232,24.0000004172325,-7.16));
#4552=CARTESIAN_POINT('',(20.0000002980232,5.56124943989946,-7.16));
#4553=CARTESIAN_POINT('',(20.0000002980232,24.0000004172325,7.16));
#4554=CARTESIAN_POINT('',(20.0000002980232,24.0000004172325,0.));
#4555=CARTESIAN_POINT('',(20.0000002980232,5.56124943989946,7.16));
#4556=CARTESIAN_POINT('',(20.0000002980232,5.00000011920929,3.83));
#4557=CARTESIAN_POINT('Origin',(20.0000002980232,8.00000011920929,3.83));
#4558=CARTESIAN_POINT('',(20.0000002980232,13.0000002384186,3.83));
#4559=CARTESIAN_POINT('Origin',(20.0000002980232,16.0000002384186,3.83));
#4560=CARTESIAN_POINT('',(20.0000002980232,13.0000002384186,-3.83));
#4561=CARTESIAN_POINT('Origin',(20.0000002980232,16.0000002384186,-3.83));
#4562=CARTESIAN_POINT('',(20.0000002980232,5.00000011920929,-3.83));
#4563=CARTESIAN_POINT('Origin',(20.0000002980232,8.00000011920929,-3.83));
#4564=CARTESIAN_POINT('Origin',(19.5000002980232,5.56124943989946,-7.16));
#4565=CARTESIAN_POINT('',(19.5000002980232,24.0000004172325,-7.66));
#4566=CARTESIAN_POINT('',(19.5000002980232,5.56124943989946,-7.66));
#4567=CARTESIAN_POINT('Origin',(19.5000002980232,24.0000004172325,-7.16));
#4568=CARTESIAN_POINT('Origin',(17.5,0.,-7.16));
#4569=CARTESIAN_POINT('',(20.6428573131561,-2.47435808021819,-7.16));
#4570=CARTESIAN_POINT('Origin',(17.5,0.,-7.16));
#4571=CARTESIAN_POINT('',(19.5000002980232,-2.87228111575225,-7.66));
#4572=CARTESIAN_POINT('Ctrl Pts',(19.5000002980232,-2.87228111575226,-7.66));
#4573=CARTESIAN_POINT('Ctrl Pts',(19.5013929170582,-2.8717865709711,-7.66));
#4574=CARTESIAN_POINT('Ctrl Pts',(19.5027847066177,-2.87129293364698,-7.65999953733982));
#4575=CARTESIAN_POINT('Ctrl Pts',(19.8467748474605,-2.74869562800258,-7.65977494387622));
#4576=CARTESIAN_POINT('Ctrl Pts',(20.1911134535091,-2.61671720995612,-7.61533330926318));
#4577=CARTESIAN_POINT('Ctrl Pts',(20.5562421169572,-2.49871743445593,-7.43148704611817));
#4578=CARTESIAN_POINT('Ctrl Pts',(20.6428573131561,-2.47435808021819,-7.26869852419213));
#4579=CARTESIAN_POINT('Ctrl Pts',(20.6428573131561,-2.47435808021819,-7.16));
#4580=CARTESIAN_POINT('Origin',(17.5,0.,-7.66));
#4581=CARTESIAN_POINT('Ctrl Pts',(19.5000002980232,-2.87228111575226,-7.66));
#4582=CARTESIAN_POINT('Ctrl Pts',(19.5003902314088,-2.87370656805656,-7.66));
#4583=CARTESIAN_POINT('Ctrl Pts',(19.5007802476015,-2.87513115019699,-7.65999953733982));
#4584=CARTESIAN_POINT('Ctrl Pts',(19.5975441286215,-3.22837911342532,-7.65977494387622));
#4585=CARTESIAN_POINT('Ctrl Pts',(19.7483322948173,-3.68262648740392,-7.61533330926322));
#4586=CARTESIAN_POINT('Ctrl Pts',(19.9432837092142,-4.19684302110687,-7.43148704611822));
#4587=CARTESIAN_POINT('Ctrl Pts',(20.0000002980232,-4.33012664038183,-7.26869852419232));
#4588=CARTESIAN_POINT('Ctrl Pts',(20.0000002980232,-4.33012664038183,-7.16));
#4589=CARTESIAN_POINT('Ctrl Pts',(19.5000002980232,-2.87228111575226,-7.66));
#4590=CARTESIAN_POINT('Ctrl Pts',(19.5007322172173,-2.87307227278236,-7.65999646471647));
#4591=CARTESIAN_POINT('Ctrl Pts',(19.5014377915467,-2.87384516224575,-7.66000288215712));
#4592=CARTESIAN_POINT('Ctrl Pts',(19.683250064171,-3.06950491184606,-7.65867450712374));
#4593=CARTESIAN_POINT('Ctrl Pts',(19.8809879584952,-3.32219548631884,-7.54480801694875));
#4594=CARTESIAN_POINT('Ctrl Pts',(20.0048859410998,-3.59697356725611,-7.31626220877249));
#4595=CARTESIAN_POINT('Ctrl Pts',(19.9969663561396,-3.66263316817987,-7.2141502663139));
#4596=CARTESIAN_POINT('Ctrl Pts',(20.0000002980232,-3.66318036470369,-7.16));
#4597=CARTESIAN_POINT('Ctrl Pts',(19.5000002980232,-2.87228111575226,-7.66));
#4598=CARTESIAN_POINT('Ctrl Pts',(19.5010792016663,-2.87243362022017,-7.65999646471647));
#4599=CARTESIAN_POINT('Ctrl Pts',(19.5020912264577,-2.87256258990119,-7.66000288215712));
#4600=CARTESIAN_POINT('Ctrl Pts',(19.7691460223792,-2.9113103236167,-7.65867450712373));
#4601=CARTESIAN_POINT('Ctrl Pts',(20.0312050868949,-2.96259550904876,-7.54480801694871));
#4602=CARTESIAN_POINT('Ctrl Pts',(20.2221884780401,-2.99854002978892,-7.31626220877244));
#4603=CARTESIAN_POINT('Ctrl Pts',(20.2282149962447,-2.99747496335988,-7.21415026631371));
#4604=CARTESIAN_POINT('Ctrl Pts',(20.2302913365822,-2.99838732521752,-7.16));
#4605=CARTESIAN_POINT('Ctrl Pts',(19.5000002980232,-2.87228111575226,-7.66));
#4606=CARTESIAN_POINT('Ctrl Pts',(19.5013929170582,-2.8717865709711,-7.66));
#4607=CARTESIAN_POINT('Ctrl Pts',(19.5027847066177,-2.87129293364698,-7.65999953733982));
#4608=CARTESIAN_POINT('Ctrl Pts',(19.8467748474605,-2.74869562800258,-7.65977494387622));
#4609=CARTESIAN_POINT('Ctrl Pts',(20.1911134535091,-2.61671720995612,-7.61533330926318));
#4610=CARTESIAN_POINT('Ctrl Pts',(20.5562421169572,-2.49871743445593,-7.43148704611817));
#4611=CARTESIAN_POINT('Ctrl Pts',(20.6428573131561,-2.47435808021819,-7.26869852419213));
#4612=CARTESIAN_POINT('Ctrl Pts',(20.6428573131561,-2.47435808021819,-7.16));
#4613=CARTESIAN_POINT('',(20.0000002980232,-4.33012664038183,-7.16));
#4614=CARTESIAN_POINT('Origin',(23.0000002980232,-4.33012664038183,-7.16));
#4615=CARTESIAN_POINT('Ctrl Pts',(20.0000002980232,-4.33012664038183,-7.16));
#4616=CARTESIAN_POINT('Ctrl Pts',(20.0000002980232,-4.33012664038183,-7.26869852419232));
#4617=CARTESIAN_POINT('Ctrl Pts',(19.9432837092142,-4.19684302110687,-7.43148704611822));
#4618=CARTESIAN_POINT('Ctrl Pts',(19.7483322948173,-3.68262648740392,-7.61533330926322));
#4619=CARTESIAN_POINT('Ctrl Pts',(19.5975441286215,-3.22837911342532,-7.65977494387622));
#4620=CARTESIAN_POINT('Ctrl Pts',(19.5007802476015,-2.87513115019699,-7.65999953733982));
#4621=CARTESIAN_POINT('Ctrl Pts',(19.5003902314088,-2.87370656805656,-7.66));
#4622=CARTESIAN_POINT('Ctrl Pts',(19.5000002980232,-2.87228111575226,-7.66));
#4623=CARTESIAN_POINT('Origin',(23.0000002980232,-4.33012664038183,0.));
#4624=CARTESIAN_POINT('',(20.6428573131561,-2.47435808021819,7.16));
#4625=CARTESIAN_POINT('',(20.6428573131561,-2.47435808021819,0.));
#4626=CARTESIAN_POINT('',(20.0000002980232,-4.33012664038183,7.16));
#4627=CARTESIAN_POINT('Origin',(23.0000002980232,-4.33012664038183,7.16));
#4628=CARTESIAN_POINT('',(20.0000002980232,-4.33012664038183,0.));
#4629=CARTESIAN_POINT('Ctrl Pts',(19.5000002980232,-2.87228111575226,7.66));
#4630=CARTESIAN_POINT('Ctrl Pts',(19.5013929170583,-2.87178657097115,7.66));
#4631=CARTESIAN_POINT('Ctrl Pts',(19.5027847066176,-2.87129293364691,7.65999953733982));
#4632=CARTESIAN_POINT('Ctrl Pts',(19.8467748475099,-2.74869562802848,7.6597749438765));
#4633=CARTESIAN_POINT('Ctrl Pts',(20.1911134535187,-2.61671720996114,7.61533330926327));
#4634=CARTESIAN_POINT('Ctrl Pts',(20.5562421169741,-2.49871743446479,7.43148704611831));
#4635=CARTESIAN_POINT('Ctrl Pts',(20.6428573131561,-2.47435808021819,7.26869852419232));
#4636=CARTESIAN_POINT('Ctrl Pts',(20.6428573131561,-2.47435808021819,7.16));
#4637=CARTESIAN_POINT('Ctrl Pts',(19.5000002980232,-2.87228111575226,7.66));
#4638=CARTESIAN_POINT('Ctrl Pts',(19.5010792016664,-2.87243362022022,7.65999646471647));
#4639=CARTESIAN_POINT('Ctrl Pts',(19.5020912264575,-2.87256258990111,7.66000288215712));
#4640=CARTESIAN_POINT('Ctrl Pts',(19.7691460224286,-2.91131032364259,7.65867450712402));
#4641=CARTESIAN_POINT('Ctrl Pts',(20.0312050869045,-2.96259550905378,7.5448080169488));
#4642=CARTESIAN_POINT('Ctrl Pts',(20.222188478057,-2.99854002979778,7.31626220877259));
#4643=CARTESIAN_POINT('Ctrl Pts',(20.2282149962447,-2.99747496335988,7.2141502663139));
#4644=CARTESIAN_POINT('Ctrl Pts',(20.2302913365822,-2.99838732521752,7.16));
#4645=CARTESIAN_POINT('Ctrl Pts',(19.5000002980232,-2.87228111575226,7.66));
#4646=CARTESIAN_POINT('Ctrl Pts',(19.5007322172174,-2.87307227278241,7.65999646471647));
#4647=CARTESIAN_POINT('Ctrl Pts',(19.5014377915466,-2.87384516224568,7.66000288215712));
#4648=CARTESIAN_POINT('Ctrl Pts',(19.6832500642204,-3.06950491187162,7.65867450712393));
#4649=CARTESIAN_POINT('Ctrl Pts',(19.8809879585047,-3.3221954863238,7.54480801694876));
#4650=CARTESIAN_POINT('Ctrl Pts',(20.0048859411167,-3.59697356726487,7.31626220877252));
#4651=CARTESIAN_POINT('Ctrl Pts',(19.9969663561396,-3.66263316817986,7.21415026631396));
#4652=CARTESIAN_POINT('Ctrl Pts',(20.0000002980232,-3.66318036470369,7.16));
#4653=CARTESIAN_POINT('Ctrl Pts',(19.5000002980232,-2.87228111575226,7.66));
#4654=CARTESIAN_POINT('Ctrl Pts',(19.5003902314089,-2.87370656805661,7.66));
#4655=CARTESIAN_POINT('Ctrl Pts',(19.5007802476014,-2.87513115019692,7.65999953733982));
#4656=CARTESIAN_POINT('Ctrl Pts',(19.5975441286709,-3.22837911345088,7.65977494387641));
#4657=CARTESIAN_POINT('Ctrl Pts',(19.7483322948268,-3.68262648740888,7.61533330926323));
#4658=CARTESIAN_POINT('Ctrl Pts',(19.9432837092311,-4.19684302111562,7.43148704611824));
#4659=CARTESIAN_POINT('Ctrl Pts',(20.0000002980232,-4.33012664038183,7.26869852419238));
#4660=CARTESIAN_POINT('Ctrl Pts',(20.0000002980232,-4.33012664038183,7.16));
#4661=CARTESIAN_POINT('',(19.5000002980232,-2.87228111575226,7.66));
#4662=CARTESIAN_POINT('Ctrl Pts',(20.6428573131561,-2.47435808021819,7.16));
#4663=CARTESIAN_POINT('Ctrl Pts',(20.6428573131561,-2.47435808021819,7.26869852419232));
#4664=CARTESIAN_POINT('Ctrl Pts',(20.5562421169741,-2.49871743446479,7.43148704611831));
#4665=CARTESIAN_POINT('Ctrl Pts',(20.1911134535187,-2.61671720996114,7.61533330926327));
#4666=CARTESIAN_POINT('Ctrl Pts',(19.8467748475099,-2.74869562802848,7.6597749438765));
#4667=CARTESIAN_POINT('Ctrl Pts',(19.5027847066176,-2.87129293364691,7.65999953733982));
#4668=CARTESIAN_POINT('Ctrl Pts',(19.5013929170583,-2.87178657097115,7.66));
#4669=CARTESIAN_POINT('Ctrl Pts',(19.5000002980232,-2.87228111575226,7.66));
#4670=CARTESIAN_POINT('Ctrl Pts',(19.5000002980232,-2.87228111575226,7.66));
#4671=CARTESIAN_POINT('Ctrl Pts',(19.5003902314089,-2.87370656805661,7.66));
#4672=CARTESIAN_POINT('Ctrl Pts',(19.5007802476014,-2.87513115019692,7.65999953733982));
#4673=CARTESIAN_POINT('Ctrl Pts',(19.5975441286709,-3.22837911345088,7.65977494387641));
#4674=CARTESIAN_POINT('Ctrl Pts',(19.7483322948268,-3.68262648740888,7.61533330926323));
#4675=CARTESIAN_POINT('Ctrl Pts',(19.9432837092311,-4.19684302111562,7.43148704611824));
#4676=CARTESIAN_POINT('Ctrl Pts',(20.0000002980232,-4.33012664038183,7.26869852419238));
#4677=CARTESIAN_POINT('Ctrl Pts',(20.0000002980232,-4.33012664038183,7.16));
#4678=CARTESIAN_POINT('Origin',(17.5,0.,0.));
#4679=CARTESIAN_POINT('Origin',(17.5,0.,7.16));
#4680=CARTESIAN_POINT('Origin',(19.5000002980232,-2.00000002980232,-7.16));
#4681=CARTESIAN_POINT('',(20.0000002980232,-11.5000001788139,-7.16));
#4682=CARTESIAN_POINT('',(20.0000002980232,-2.00000002980232,-7.16));
#4683=CARTESIAN_POINT('',(19.5000002980232,-11.5000001788139,-7.66));
#4684=CARTESIAN_POINT('Origin',(19.5000002980232,-11.5000001788139,-7.16));
#4685=CARTESIAN_POINT('',(19.5000002980232,-2.00000002980232,-7.66));
#4686=CARTESIAN_POINT('Origin',(5.375,20.5000002980232,-7.16));
#4687=CARTESIAN_POINT('',(9.,20.0000002980232,-7.16));
#4688=CARTESIAN_POINT('',(-9.,20.0000002980232,-7.16));
#4689=CARTESIAN_POINT('',(5.375,20.0000002980232,-7.16));
#4690=CARTESIAN_POINT('',(-9.5,20.5000002980232,-7.66));
#4691=CARTESIAN_POINT('Origin',(-9.5,20.5000002980232,-7.16));
#4692=CARTESIAN_POINT('',(9.5,20.5000002980232,-7.66));
#4693=CARTESIAN_POINT('',(5.375,20.5000002980232,-7.66));
#4694=CARTESIAN_POINT('Origin',(9.5,20.5000002980232,-7.16));
#4695=CARTESIAN_POINT('Origin',(9.5,14.0000002086163,-7.16));
#4696=CARTESIAN_POINT('',(9.5,11.2178429299041,-7.66));
#4697=CARTESIAN_POINT('',(9.5,14.0000002086163,-7.66));
#4698=CARTESIAN_POINT('',(9.,10.9836241741968,-7.16));
#4699=CARTESIAN_POINT('Ctrl Pts',(9.5,11.2178429299041,-7.66));
#4700=CARTESIAN_POINT('Ctrl Pts',(9.49894559099079,11.2173541615302,-7.66));
#4701=CARTESIAN_POINT('Ctrl Pts',(9.49789119494464,11.2168653672211,-7.65999666466493));
#4702=CARTESIAN_POINT('Ctrl Pts',(9.45814815762272,11.1984401839117,-7.6597452314826));
#4703=CARTESIAN_POINT('Ctrl Pts',(9.41953889552989,11.1804970232437,-7.65501026510871));
#4704=CARTESIAN_POINT('Ctrl Pts',(9.3443634602954,11.1454781853339,-7.6367191258371));
#4705=CARTESIAN_POINT('Ctrl Pts',(9.30786871068119,11.1284365171475,-7.62325799669238));
#4706=CARTESIAN_POINT('Ctrl Pts',(9.21650819261659,11.0856838541786,-7.57673199785585));
#4707=CARTESIAN_POINT('Ctrl Pts',(9.16494455060836,11.0614570906325,-7.5368942525985));
#4708=CARTESIAN_POINT('Ctrl Pts',(9.0830326284704,11.0228796417616,-7.44227170429042));
#4709=CARTESIAN_POINT('Ctrl Pts',(9.05180903078831,11.0081294500773,-7.38998127148447));
#4710=CARTESIAN_POINT('Ctrl Pts',(9.01050317591318,10.9885997187574,-7.27750998599261));
#4711=CARTESIAN_POINT('Ctrl Pts',(9.,10.9836241741968,-7.21918974357952));
#4712=CARTESIAN_POINT('Ctrl Pts',(9.,10.9836241741968,-7.16));
#4713=CARTESIAN_POINT('',(9.,14.0000002086163,-7.16));
#4714=CARTESIAN_POINT('Origin',(-9.5,14.0000002086163,7.16));
#4715=CARTESIAN_POINT('',(-9.5,20.5000002980232,7.66));
#4716=CARTESIAN_POINT('',(-9.5,11.2178429299041,7.66));
#4717=CARTESIAN_POINT('',(-9.5,14.0000002086163,7.66));
#4718=CARTESIAN_POINT('',(-9.,10.9836241741968,7.16));
#4719=CARTESIAN_POINT('Ctrl Pts',(-9.5,11.2178429299041,7.66));
#4720=CARTESIAN_POINT('Ctrl Pts',(-9.49894559099079,11.2173541615302,7.66));
#4721=CARTESIAN_POINT('Ctrl Pts',(-9.49789119494464,11.2168653672211,7.65999666466493));
#4722=CARTESIAN_POINT('Ctrl Pts',(-9.45814815762272,11.1984401839117,7.6597452314826));
#4723=CARTESIAN_POINT('Ctrl Pts',(-9.41953889552989,11.1804970232437,7.65501026510871));
#4724=CARTESIAN_POINT('Ctrl Pts',(-9.3443634602954,11.1454781853339,7.6367191258371));
#4725=CARTESIAN_POINT('Ctrl Pts',(-9.30786871068119,11.1284365171475,7.62325799669238));
#4726=CARTESIAN_POINT('Ctrl Pts',(-9.21650819261659,11.0856838541786,7.57673199785585));
#4727=CARTESIAN_POINT('Ctrl Pts',(-9.16494455060836,11.0614570906325,7.5368942525985));
#4728=CARTESIAN_POINT('Ctrl Pts',(-9.0830326284704,11.0228796417616,7.44227170429042));
#4729=CARTESIAN_POINT('Ctrl Pts',(-9.05180903078831,11.0081294500773,7.38998127148447));
#4730=CARTESIAN_POINT('Ctrl Pts',(-9.01050317591318,10.9885997187574,7.27750998599261));
#4731=CARTESIAN_POINT('Ctrl Pts',(-9.,10.9836241741968,7.21918974357952));
#4732=CARTESIAN_POINT('Ctrl Pts',(-9.,10.9836241741968,7.16));
#4733=CARTESIAN_POINT('',(-9.,20.0000002980232,7.16));
#4734=CARTESIAN_POINT('',(-9.,14.0000002086163,7.16));
#4735=CARTESIAN_POINT('Origin',(-9.5,20.5000002980232,7.16));
#4736=CARTESIAN_POINT('Origin',(-19.5000002980232,-11.5000001788139,-7.16));
#4737=CARTESIAN_POINT('',(-19.5000002980232,-12.0000001788139,-7.16));
#4738=CARTESIAN_POINT('Origin',(-19.5000002980232,-11.5000001788139,-7.16));
#4739=CARTESIAN_POINT('Origin',(-19.5000002980232,-11.5000001788139,-7.16));
#4740=CARTESIAN_POINT('Origin',(0.,0.,-7.16));
#4741=CARTESIAN_POINT('',(-9.,10.9836241741968,-7.16));
#4742=CARTESIAN_POINT('',(-12.7546247420226,-6.24175838127241,-7.16));
#4743=CARTESIAN_POINT('Origin',(0.,0.,-7.16));
#4744=CARTESIAN_POINT('',(-13.2037312470234,-6.4615386059651,-7.66));
#4745=CARTESIAN_POINT('Origin',(-13.2037312470234,-6.4615386059651,-7.16));
#4746=CARTESIAN_POINT('',(-9.5,11.2178429299041,-7.66));
#4747=CARTESIAN_POINT('Origin',(0.,0.,-7.66));
#4748=CARTESIAN_POINT('Ctrl Pts',(-9.5,11.2178429299041,-7.66));
#4749=CARTESIAN_POINT('Ctrl Pts',(-9.49894559099079,11.2173541615302,-7.66));
#4750=CARTESIAN_POINT('Ctrl Pts',(-9.49789119494464,11.2168653672211,-7.65999666466493));
#4751=CARTESIAN_POINT('Ctrl Pts',(-9.45814815762272,11.1984401839117,-7.6597452314826));
#4752=CARTESIAN_POINT('Ctrl Pts',(-9.41953889552989,11.1804970232437,-7.65501026510871));
#4753=CARTESIAN_POINT('Ctrl Pts',(-9.3443634602954,11.1454781853339,-7.6367191258371));
#4754=CARTESIAN_POINT('Ctrl Pts',(-9.30786871068119,11.1284365171475,-7.62325799669238));
#4755=CARTESIAN_POINT('Ctrl Pts',(-9.21650819261659,11.0856838541786,-7.57673199785585));
#4756=CARTESIAN_POINT('Ctrl Pts',(-9.16494455060836,11.0614570906325,-7.5368942525985));
#4757=CARTESIAN_POINT('Ctrl Pts',(-9.0830326284704,11.0228796417616,-7.44227170429042));
#4758=CARTESIAN_POINT('Ctrl Pts',(-9.05180903078831,11.0081294500773,-7.38998127148447));
#4759=CARTESIAN_POINT('Ctrl Pts',(-9.01050317591318,10.9885997187574,-7.27750998599261));
#4760=CARTESIAN_POINT('Ctrl Pts',(-9.,10.9836241741968,-7.21918974357952));
#4761=CARTESIAN_POINT('Ctrl Pts',(-9.,10.9836241741968,-7.16));
#4762=CARTESIAN_POINT('Origin',(-16.347476782029,-8.00000017881394,-7.16));
#4763=CARTESIAN_POINT('',(-16.347476782029,-12.0000001788139,-7.16));
#4764=CARTESIAN_POINT('',(-16.347476782029,-11.5000001788139,-7.66));
#4765=CARTESIAN_POINT('Origin',(-16.347476782029,-11.5000001788139,-7.16));
#4766=CARTESIAN_POINT('Origin',(-16.347476782029,-8.00000017881394,-7.66));
#4767=CARTESIAN_POINT('Origin',(-16.347476782029,-8.00000017881394,-7.16));
#4768=CARTESIAN_POINT('Origin',(1.57894956209531,-11.5000001788139,-7.16));
#4769=CARTESIAN_POINT('',(1.57894956209531,-11.5000001788139,-7.66));
#4770=CARTESIAN_POINT('',(1.57894956209531,-12.0000001788139,-7.16));
#4771=CARTESIAN_POINT('Origin',(19.5000002980232,-11.5000001788139,-7.16));
#4772=CARTESIAN_POINT('',(19.5000002980232,-12.0000001788139,-7.16));
#4773=CARTESIAN_POINT('Origin',(19.5000002980232,-11.5000001788139,-7.16));
#4774=CARTESIAN_POINT('Origin',(19.5000002980232,-11.5000001788139,-7.16));
#4775=CARTESIAN_POINT('Origin',(0.,0.,-7.16));
#4776=CARTESIAN_POINT('',(13.2037312470234,-6.4615386059651,-7.66));
#4777=CARTESIAN_POINT('Origin',(0.,0.,-7.66));
#4778=CARTESIAN_POINT('',(12.7546247420226,-6.24175838127241,-7.16));
#4779=CARTESIAN_POINT('Origin',(13.2037312470234,-6.4615386059651,-7.16));
#4780=CARTESIAN_POINT('Origin',(0.,0.,-7.16));
#4781=CARTESIAN_POINT('Origin',(16.347476782029,-8.00000017881394,-7.16));
#4782=CARTESIAN_POINT('',(16.347476782029,-11.5000001788139,-7.66));
#4783=CARTESIAN_POINT('',(16.347476782029,-12.0000001788139,-7.16));
#4784=CARTESIAN_POINT('Origin',(16.347476782029,-11.5000001788139,-7.16));
#4785=CARTESIAN_POINT('Origin',(16.347476782029,-8.00000017881394,-7.16));
#4786=CARTESIAN_POINT('Origin',(16.347476782029,-8.00000017881394,-7.66));
#4787=CARTESIAN_POINT('Origin',(9.17105043790469,-11.5000001788139,-7.16));
#4788=CARTESIAN_POINT('',(9.17105043790469,-12.0000001788139,-7.16));
#4789=CARTESIAN_POINT('',(9.17105043790469,-11.5000001788139,-7.66));
#4790=CARTESIAN_POINT('Origin',(-19.5000002980232,-11.5000001788139,7.16));
#4791=CARTESIAN_POINT('',(-19.5000002980232,-12.0000001788139,7.16));
#4792=CARTESIAN_POINT('Origin',(-19.5000002980232,-11.5000001788139,7.16));
#4793=CARTESIAN_POINT('',(-19.5000002980232,-11.5000001788139,7.66));
#4794=CARTESIAN_POINT('Origin',(-19.5000002980232,-11.5000001788139,7.16));
#4795=CARTESIAN_POINT('Origin',(-19.5000002980232,-11.5000001788139,7.16));
#4796=CARTESIAN_POINT('Origin',(0.,0.,7.16));
#4797=CARTESIAN_POINT('',(-13.2037312470234,-6.4615386059651,7.66));
#4798=CARTESIAN_POINT('Origin',(0.,0.,7.66));
#4799=CARTESIAN_POINT('',(-12.7546247420226,-6.24175838127241,7.16));
#4800=CARTESIAN_POINT('Origin',(-13.2037312470234,-6.4615386059651,7.16));
#4801=CARTESIAN_POINT('Origin',(0.,0.,7.16));
#4802=CARTESIAN_POINT('Origin',(-16.347476782029,-8.00000017881394,7.16));
#4803=CARTESIAN_POINT('',(-16.347476782029,-11.5000001788139,7.66));
#4804=CARTESIAN_POINT('',(-16.347476782029,-12.0000001788139,7.16));
#4805=CARTESIAN_POINT('Origin',(-16.347476782029,-11.5000001788139,7.16));
#4806=CARTESIAN_POINT('Origin',(-16.347476782029,-8.00000017881394,7.16));
#4807=CARTESIAN_POINT('Origin',(-16.347476782029,-8.00000017881394,7.66));
#4808=CARTESIAN_POINT('Origin',(1.57894956209531,-11.5000001788139,7.16));
#4809=CARTESIAN_POINT('',(1.57894956209531,-12.0000001788139,7.16));
#4810=CARTESIAN_POINT('',(1.57894956209531,-11.5000001788139,7.66));
#4811=CARTESIAN_POINT('Origin',(19.5000002980232,-11.5000001788139,7.16));
#4812=CARTESIAN_POINT('',(19.5000002980232,-12.0000001788139,7.16));
#4813=CARTESIAN_POINT('',(19.5000002980232,-11.5000001788139,7.66));
#4814=CARTESIAN_POINT('Origin',(19.5000002980232,-11.5000001788139,7.16));
#4815=CARTESIAN_POINT('',(20.0000002980232,-11.5000001788139,7.16));
#4816=CARTESIAN_POINT('Origin',(19.5000002980232,-11.5000001788139,7.16));
#4817=CARTESIAN_POINT('Origin',(19.5000002980232,-11.5000001788139,7.16));
#4818=CARTESIAN_POINT('Origin',(19.5000002980232,-11.5000001788139,0.));
#4819=CARTESIAN_POINT('',(19.5000002980232,-12.0000001788139,0.));
#4820=CARTESIAN_POINT('',(20.0000002980232,-11.5000001788139,0.));
#4821=CARTESIAN_POINT('Origin',(-19.5000002980232,-2.00000002980232,7.16));
#4822=CARTESIAN_POINT('',(-19.5000002980232,-2.00000002980232,7.66));
#4823=CARTESIAN_POINT('Origin',(19.5000002980232,5.56124943989946,7.16));
#4824=CARTESIAN_POINT('',(19.5000002980232,24.0000004172325,7.66));
#4825=CARTESIAN_POINT('Origin',(19.5000002980232,24.0000004172325,7.16));
#4826=CARTESIAN_POINT('',(19.5000002980232,5.56124943989946,7.66));
#4827=CARTESIAN_POINT('Origin',(16.0000002980232,24.0000004172325,7.16));
#4828=CARTESIAN_POINT('',(16.0000002980232,28.0000004172325,7.16));
#4829=CARTESIAN_POINT('',(16.0000002980232,27.5000004172325,7.66));
#4830=CARTESIAN_POINT('Origin',(16.0000002980232,27.5000004172325,7.16));
#4831=CARTESIAN_POINT('Origin',(16.0000002980232,24.0000004172325,7.66));
#4832=CARTESIAN_POINT('Origin',(16.0000002980232,24.0000004172325,7.16));
#4833=CARTESIAN_POINT('Origin',(15.3750001490116,27.5000004172325,7.16));
#4834=CARTESIAN_POINT('',(-16.0000002980232,28.0000004172325,7.16));
#4835=CARTESIAN_POINT('',(-16.0000002980232,27.5000004172325,7.66));
#4836=CARTESIAN_POINT('Origin',(-16.0000002980232,27.5000004172325,7.16));
#4837=CARTESIAN_POINT('',(15.3750001490116,27.5000004172325,7.66));
#4838=CARTESIAN_POINT('',(15.3750001490116,28.0000004172325,7.16));
#4839=CARTESIAN_POINT('Origin',(-16.0000002980232,24.0000004172325,7.16));
#4840=CARTESIAN_POINT('',(-20.0000002980232,24.0000004172325,7.16));
#4841=CARTESIAN_POINT('',(-19.5000002980232,24.0000004172325,7.66));
#4842=CARTESIAN_POINT('Origin',(-19.5000002980232,24.0000004172325,7.16));
#4843=CARTESIAN_POINT('Origin',(-16.0000002980232,24.0000004172325,7.66));
#4844=CARTESIAN_POINT('Origin',(-16.0000002980232,24.0000004172325,7.16));
#4845=CARTESIAN_POINT('Origin',(-19.5000002980232,5.56124943989946,7.16));
#4846=CARTESIAN_POINT('',(-19.5000002980232,5.56124943989946,7.66));
#4847=CARTESIAN_POINT('',(-20.0000002980232,5.56124943989946,7.16));
#4848=CARTESIAN_POINT('Origin',(17.5,0.,7.16));
#4849=CARTESIAN_POINT('Origin',(17.5,0.,7.66));
#4850=CARTESIAN_POINT('Origin',(19.5000002980232,-2.00000002980232,7.16));
#4851=CARTESIAN_POINT('',(19.5000002980232,-2.00000002980232,7.66));
#4852=CARTESIAN_POINT('',(20.0000002980232,-2.00000002980232,7.16));
#4853=CARTESIAN_POINT('Origin',(0.,0.,7.16));
#4854=CARTESIAN_POINT('',(9.,10.9836241741968,7.16));
#4855=CARTESIAN_POINT('',(12.7546247420226,-6.24175838127241,7.16));
#4856=CARTESIAN_POINT('Origin',(0.,0.,7.16));
#4857=CARTESIAN_POINT('',(13.2037312470234,-6.4615386059651,7.66));
#4858=CARTESIAN_POINT('Origin',(13.2037312470234,-6.4615386059651,7.16));
#4859=CARTESIAN_POINT('',(9.5,11.2178429299041,7.66));
#4860=CARTESIAN_POINT('Origin',(0.,0.,7.66));
#4861=CARTESIAN_POINT('Ctrl Pts',(9.5,11.2178429299041,7.66));
#4862=CARTESIAN_POINT('Ctrl Pts',(9.49894559099079,11.2173541615302,7.66));
#4863=CARTESIAN_POINT('Ctrl Pts',(9.49789119494464,11.2168653672211,7.65999666466493));
#4864=CARTESIAN_POINT('Ctrl Pts',(9.45814815762269,11.1984401839116,7.6597452314826));
#4865=CARTESIAN_POINT('Ctrl Pts',(9.41953889552988,11.1804970232437,7.65501026510871));
#4866=CARTESIAN_POINT('Ctrl Pts',(9.3443634602954,11.1454781853339,7.6367191258371));
#4867=CARTESIAN_POINT('Ctrl Pts',(9.30786871068119,11.1284365171475,7.62325799669239));
#4868=CARTESIAN_POINT('Ctrl Pts',(9.21650819261659,11.0856838541786,7.57673199785585));
#4869=CARTESIAN_POINT('Ctrl Pts',(9.16494455060836,11.0614570906325,7.5368942525985));
#4870=CARTESIAN_POINT('Ctrl Pts',(9.0830326284704,11.0228796417616,7.44227170429042));
#4871=CARTESIAN_POINT('Ctrl Pts',(9.05180903078831,11.0081294500773,7.38998127148447));
#4872=CARTESIAN_POINT('Ctrl Pts',(9.01050317591318,10.9885997187574,7.27750998599261));
#4873=CARTESIAN_POINT('Ctrl Pts',(9.,10.9836241741968,7.21918974357952));
#4874=CARTESIAN_POINT('Ctrl Pts',(9.,10.9836241741968,7.16));
#4875=CARTESIAN_POINT('Origin',(16.347476782029,-8.00000017881394,7.16));
#4876=CARTESIAN_POINT('',(16.347476782029,-12.0000001788139,7.16));
#4877=CARTESIAN_POINT('',(16.347476782029,-11.5000001788139,7.66));
#4878=CARTESIAN_POINT('Origin',(16.347476782029,-11.5000001788139,7.16));
#4879=CARTESIAN_POINT('Origin',(16.347476782029,-8.00000017881394,7.66));
#4880=CARTESIAN_POINT('Origin',(16.347476782029,-8.00000017881394,7.16));
#4881=CARTESIAN_POINT('Origin',(9.17105043790469,-11.5000001788139,7.16));
#4882=CARTESIAN_POINT('',(9.17105043790469,-11.5000001788139,7.66));
#4883=CARTESIAN_POINT('',(9.17105043790469,-12.0000001788139,7.16));
#4884=CARTESIAN_POINT('Origin',(-19.5000002980232,-11.5000001788139,0.));
#4885=CARTESIAN_POINT('',(-19.5000002980232,-12.0000001788139,0.));
#4886=CARTESIAN_POINT('Origin',(9.5,14.0000002086163,7.16));
#4887=CARTESIAN_POINT('',(9.,20.0000002980232,7.16));
#4888=CARTESIAN_POINT('',(9.,14.0000002086163,7.16));
#4889=CARTESIAN_POINT('',(9.5,20.5000002980232,7.66));
#4890=CARTESIAN_POINT('',(9.5,14.0000002086163,7.66));
#4891=CARTESIAN_POINT('Origin',(9.5,20.5000002980232,7.16));
#4892=CARTESIAN_POINT('Origin',(5.375,20.5000002980232,7.16));
#4893=CARTESIAN_POINT('',(5.375,20.0000002980232,7.16));
#4894=CARTESIAN_POINT('',(5.375,20.5000002980232,7.66));
#4895=CARTESIAN_POINT('Origin',(-9.5,14.0000002086163,-7.16));
#4896=CARTESIAN_POINT('',(-9.,14.0000002086163,-7.16));
#4897=CARTESIAN_POINT('',(-9.5,14.0000002086163,-7.66));
#4898=CARTESIAN_POINT('Origin',(16.0000002980232,24.0000004172325,-7.16));
#4899=CARTESIAN_POINT('',(16.0000002980232,27.5000004172325,-7.66));
#4900=CARTESIAN_POINT('',(16.0000002980232,28.0000004172325,-7.16));
#4901=CARTESIAN_POINT('Origin',(16.0000002980232,27.5000004172325,-7.16));
#4902=CARTESIAN_POINT('Origin',(16.0000002980232,24.0000004172325,-7.16));
#4903=CARTESIAN_POINT('Origin',(16.0000002980232,24.0000004172325,-7.66));
#4904=CARTESIAN_POINT('Origin',(15.3750001490116,27.5000004172325,-7.16));
#4905=CARTESIAN_POINT('',(-16.0000002980232,27.5000004172325,-7.66));
#4906=CARTESIAN_POINT('',(-16.0000002980232,28.0000004172325,-7.16));
#4907=CARTESIAN_POINT('Origin',(-16.0000002980232,27.5000004172325,-7.16));
#4908=CARTESIAN_POINT('',(15.3750001490116,28.0000004172325,-7.16));
#4909=CARTESIAN_POINT('',(15.3750001490116,27.5000004172325,-7.66));
#4910=CARTESIAN_POINT('Origin',(-16.0000002980232,24.0000004172325,-7.16));
#4911=CARTESIAN_POINT('',(-19.5000002980232,24.0000004172325,-7.66));
#4912=CARTESIAN_POINT('',(-20.0000002980232,24.0000004172325,-7.16));
#4913=CARTESIAN_POINT('Origin',(-19.5000002980232,24.0000004172325,-7.16));
#4914=CARTESIAN_POINT('Origin',(-16.0000002980232,24.0000004172325,-7.16));
#4915=CARTESIAN_POINT('Origin',(-16.0000002980232,24.0000004172325,-7.66));
#4916=CARTESIAN_POINT('Origin',(-19.5000002980232,5.56124943989946,-7.16));
#4917=CARTESIAN_POINT('',(-20.0000002980232,5.56124943989946,-7.16));
#4918=CARTESIAN_POINT('',(-19.5000002980232,5.56124943989946,-7.66));
#4919=CARTESIAN_POINT('Origin',(7.59210087580938,-12.0000001788139,0.));
#4920=CARTESIAN_POINT('',(16.347476782029,-12.0000001788139,0.));
#4921=CARTESIAN_POINT('Origin',(-9.,20.0000002980232,0.));
#4922=CARTESIAN_POINT('',(-9.,20.0000004172325,-6.65842716689304));
#4923=CARTESIAN_POINT('',(-9.,20.0000002980232,0.));
#4924=CARTESIAN_POINT('',(-9.,20.0000004172325,-1.00157283310696));
#4925=CARTESIAN_POINT('',(-9.,20.0000002980232,0.));
#4926=CARTESIAN_POINT('',(-9.,20.0000004172325,1.00157283310696));
#4927=CARTESIAN_POINT('',(-9.,20.0000002980232,0.));
#4928=CARTESIAN_POINT('',(-9.,20.0000004172325,6.65842716689304));
#4929=CARTESIAN_POINT('',(-9.,20.0000002980232,0.));
#4930=CARTESIAN_POINT('',(-9.,20.0000002980232,0.));
#4931=CARTESIAN_POINT('',(-9.,10.9836241741968,4.14302954892465));
#4932=CARTESIAN_POINT('',(-9.,10.9836241741968,0.));
#4933=CARTESIAN_POINT('',(-9.,10.9836241741968,3.51697045107535));
#4934=CARTESIAN_POINT('Origin',(-9.,8.00000011920929,3.83));
#4935=CARTESIAN_POINT('',(-9.,10.9836241741968,-3.51697045107535));
#4936=CARTESIAN_POINT('',(-9.,10.9836241741968,0.));
#4937=CARTESIAN_POINT('',(-9.,10.9836241741968,-4.14302954892465));
#4938=CARTESIAN_POINT('Origin',(-9.,8.00000011920929,-3.83));
#4939=CARTESIAN_POINT('',(-9.,10.9836241741968,0.));
#4940=CARTESIAN_POINT('',(-9.,13.0000002384186,3.83));
#4941=CARTESIAN_POINT('Origin',(-9.,16.0000002384186,3.83));
#4942=CARTESIAN_POINT('',(-9.,13.0000002384186,-3.83));
#4943=CARTESIAN_POINT('Origin',(-9.,16.0000002384186,-3.83));
#4944=CARTESIAN_POINT('Origin',(0.,20.0000002980232,0.));
#4945=CARTESIAN_POINT('',(9.,20.0000004172325,-6.65842716689304));
#4946=CARTESIAN_POINT('',(9.,20.0000002980232,0.));
#4947=CARTESIAN_POINT('',(9.,20.0000004172325,-1.00157283310696));
#4948=CARTESIAN_POINT('Origin',(8.00000011920929,20.0000002980232,-3.83));
#4949=CARTESIAN_POINT('',(9.,20.0000004172325,1.00157283310696));
#4950=CARTESIAN_POINT('',(9.,20.0000002980232,0.));
#4951=CARTESIAN_POINT('',(9.,20.0000004172325,6.65842716689304));
#4952=CARTESIAN_POINT('Origin',(8.00000011920929,20.0000002980232,3.83));
#4953=CARTESIAN_POINT('',(9.,20.0000002980232,0.));
#4954=CARTESIAN_POINT('Origin',(-8.00000011920929,20.0000002980232,3.83));
#4955=CARTESIAN_POINT('Origin',(-8.00000011920929,20.0000002980232,-3.83));
#4956=CARTESIAN_POINT('',(3.,20.0000002980232,-3.83));
#4957=CARTESIAN_POINT('Origin',(0.,20.0000002980232,-3.83));
#4958=CARTESIAN_POINT('',(3.,20.0000002980232,3.83));
#4959=CARTESIAN_POINT('Origin',(0.,20.0000002980232,3.83));
#4960=CARTESIAN_POINT('Origin',(16.347476782029,-8.00000017881394,0.));
#4961=CARTESIAN_POINT('',(12.7546247326022,-6.24175840052237,6.26075834388387));
#4962=CARTESIAN_POINT('',(12.7546247420226,-6.24175838127241,0.));
#4963=CARTESIAN_POINT('',(13.5000002980232,-10.8092487746193,4.88267373486628));
#4964=CARTESIAN_POINT('Ctrl Pts',(12.754624729806,-6.2417584062362,6.26075833409277));
#4965=CARTESIAN_POINT('Ctrl Pts',(12.6676227519841,-6.41954125694541,6.38935409763866));
#4966=CARTESIAN_POINT('Ctrl Pts',(12.5876098469868,-6.61726611868461,6.50215751247455));
#4967=CARTESIAN_POINT('Ctrl Pts',(12.4103371898422,-7.19570758541404,6.74765800213069));
#4968=CARTESIAN_POINT('Ctrl Pts',(12.3474767879063,-7.60558064880471,6.83));
#4969=CARTESIAN_POINT('Ctrl Pts',(12.3474767761517,-8.39441958531942,6.83));
#4970=CARTESIAN_POINT('Ctrl Pts',(12.4103371646185,-8.80429264661053,6.74765800375475));
#4971=CARTESIAN_POINT('Ctrl Pts',(12.6357524075678,-9.53982367100078,6.43548601095925));
#4972=CARTESIAN_POINT('Ctrl Pts',(12.7967612269131,-9.86626130453961,6.20637950114788));
#4973=CARTESIAN_POINT('Ctrl Pts',(13.1192902088459,-10.3818595451758,5.69078126180764));
#4974=CARTESIAN_POINT('Ctrl Pts',(13.3068410326427,-10.6076875658033,5.36499080294748));
#4975=CARTESIAN_POINT('Ctrl Pts',(13.4699317971098,-10.7785355379191,4.96205079576305));
#4976=CARTESIAN_POINT('Ctrl Pts',(13.4852532860926,-10.7943010872752,4.92256431936741));
#4977=CARTESIAN_POINT('Ctrl Pts',(13.5000002980232,-10.8092487746193,4.88267373486628));
#4978=CARTESIAN_POINT('',(13.5000002980232,-10.8092487746193,2.77732626513372));
#4979=CARTESIAN_POINT('',(13.5000002980232,-10.8092487746193,0.));
#4980=CARTESIAN_POINT('',(12.7546247326022,-6.24175840052237,1.39924165611613));
#4981=CARTESIAN_POINT('Ctrl Pts',(13.5000002980232,-10.8092487746193,2.77732626513372));
#4982=CARTESIAN_POINT('Ctrl Pts',(13.4852532860926,-10.7943010872752,2.73743568063259));
#4983=CARTESIAN_POINT('Ctrl Pts',(13.4699317971098,-10.7785355379191,2.69794920423695));
#4984=CARTESIAN_POINT('Ctrl Pts',(13.3068410326427,-10.6076875658033,2.29500919705252));
#4985=CARTESIAN_POINT('Ctrl Pts',(13.1192902088459,-10.3818595451758,1.96921873819236));
#4986=CARTESIAN_POINT('Ctrl Pts',(12.7967612269131,-9.86626130453961,1.45362049885212));
#4987=CARTESIAN_POINT('Ctrl Pts',(12.6357524075678,-9.53982367100078,1.22451398904075));
#4988=CARTESIAN_POINT('Ctrl Pts',(12.4103371646185,-8.80429264661053,0.912341996245251));
#4989=CARTESIAN_POINT('Ctrl Pts',(12.3474767761517,-8.39441958531942,0.829999999999998));
#4990=CARTESIAN_POINT('Ctrl Pts',(12.3474767879063,-7.60558064880471,0.829999999999999));
#4991=CARTESIAN_POINT('Ctrl Pts',(12.4103371898422,-7.19570758541404,0.912341997869314));
#4992=CARTESIAN_POINT('Ctrl Pts',(12.5876098469868,-6.61726611868461,1.15784248752545));
#4993=CARTESIAN_POINT('Ctrl Pts',(12.6676227519841,-6.41954125694541,1.27064590236134));
#4994=CARTESIAN_POINT('Ctrl Pts',(12.754624729806,-6.2417584062362,1.39924166590723));
#4995=CARTESIAN_POINT('',(12.7546247326022,-6.24175840052237,-1.39924165611613));
#4996=CARTESIAN_POINT('',(12.7546247420226,-6.24175838127241,0.));
#4997=CARTESIAN_POINT('',(13.5000002980232,-10.8092487746193,-2.77732626513372));
#4998=CARTESIAN_POINT('Ctrl Pts',(12.754624729806,-6.2417584062362,-1.39924166590723));
#4999=CARTESIAN_POINT('Ctrl Pts',(12.6676227519841,-6.41954125694541,-1.27064590236134));
#5000=CARTESIAN_POINT('Ctrl Pts',(12.5876098469868,-6.61726611868461,-1.15784248752545));
#5001=CARTESIAN_POINT('Ctrl Pts',(12.4103371898422,-7.19570758541404,-0.912341997869313));
#5002=CARTESIAN_POINT('Ctrl Pts',(12.3474767879063,-7.60558064880471,-0.829999999999999));
#5003=CARTESIAN_POINT('Ctrl Pts',(12.3474767761517,-8.39441958531942,-0.829999999999999));
#5004=CARTESIAN_POINT('Ctrl Pts',(12.4103371646185,-8.80429264661053,-0.912341996245251));
#5005=CARTESIAN_POINT('Ctrl Pts',(12.6357524075678,-9.53982367100078,-1.22451398904075));
#5006=CARTESIAN_POINT('Ctrl Pts',(12.7967612269131,-9.86626130453961,-1.45362049885212));
#5007=CARTESIAN_POINT('Ctrl Pts',(13.1192902088459,-10.3818595451758,-1.96921873819236));
#5008=CARTESIAN_POINT('Ctrl Pts',(13.3068410326427,-10.6076875658033,-2.29500919705252));
#5009=CARTESIAN_POINT('Ctrl Pts',(13.4699317971098,-10.7785355379191,-2.69794920423695));
#5010=CARTESIAN_POINT('Ctrl Pts',(13.4852532860926,-10.7943010872752,-2.73743568063259));
#5011=CARTESIAN_POINT('Ctrl Pts',(13.5000002980232,-10.8092487746193,-2.77732626513372));
#5012=CARTESIAN_POINT('',(13.5000002980232,-10.8092487746193,-4.88267373486628));
#5013=CARTESIAN_POINT('',(13.5000002980232,-10.8092487746193,0.));
#5014=CARTESIAN_POINT('',(12.7546247326022,-6.24175840052237,-6.26075834388387));
#5015=CARTESIAN_POINT('Ctrl Pts',(13.5000002980232,-10.8092487746193,-4.88267373486628));
#5016=CARTESIAN_POINT('Ctrl Pts',(13.4852532860926,-10.7943010872752,-4.92256431936741));
#5017=CARTESIAN_POINT('Ctrl Pts',(13.4699317971098,-10.7785355379191,-4.96205079576305));
#5018=CARTESIAN_POINT('Ctrl Pts',(13.3068410326427,-10.6076875658033,-5.36499080294748));
#5019=CARTESIAN_POINT('Ctrl Pts',(13.1192902088459,-10.3818595451758,-5.69078126180764));
#5020=CARTESIAN_POINT('Ctrl Pts',(12.7967612269131,-9.86626130453961,-6.20637950114788));
#5021=CARTESIAN_POINT('Ctrl Pts',(12.6357524075678,-9.53982367100079,-6.43548601095925));
#5022=CARTESIAN_POINT('Ctrl Pts',(12.4103371646185,-8.80429264661053,-6.74765800375475));
#5023=CARTESIAN_POINT('Ctrl Pts',(12.3474767761517,-8.39441958531942,-6.83));
#5024=CARTESIAN_POINT('Ctrl Pts',(12.3474767879063,-7.60558064880471,-6.83));
#5025=CARTESIAN_POINT('Ctrl Pts',(12.4103371898422,-7.19570758541404,-6.74765800213069));
#5026=CARTESIAN_POINT('Ctrl Pts',(12.5876098469868,-6.61726611868461,-6.50215751247455));
#5027=CARTESIAN_POINT('Ctrl Pts',(12.6676227519841,-6.41954125694541,-6.38935409763867));
#5028=CARTESIAN_POINT('Ctrl Pts',(12.754624729806,-6.2417584062362,-6.26075833409277));
#5029=CARTESIAN_POINT('',(12.7546247420226,-6.24175838127241,0.));
#5030=CARTESIAN_POINT('Origin',(9.,20.0000002980232,0.));
#5031=CARTESIAN_POINT('',(9.,10.9836241741968,-4.14302954892465));
#5032=CARTESIAN_POINT('',(9.,10.9836241741968,0.));
#5033=CARTESIAN_POINT('',(9.,10.9836241741968,-3.51697045107535));
#5034=CARTESIAN_POINT('Origin',(9.,8.00000011920929,-3.83));
#5035=CARTESIAN_POINT('',(9.,10.9836241741968,3.51697045107535));
#5036=CARTESIAN_POINT('',(9.,10.9836241741968,0.));
#5037=CARTESIAN_POINT('',(9.,10.9836241741968,4.14302954892465));
#5038=CARTESIAN_POINT('Origin',(9.,8.00000011920929,3.83));
#5039=CARTESIAN_POINT('',(9.,10.9836241741968,0.));
#5040=CARTESIAN_POINT('',(9.,20.0000002980232,0.));
#5041=CARTESIAN_POINT('',(9.,20.0000002980232,0.));
#5042=CARTESIAN_POINT('',(9.,13.0000002384186,3.83));
#5043=CARTESIAN_POINT('Origin',(9.,16.0000002384186,3.83));
#5044=CARTESIAN_POINT('',(9.,13.0000002384186,-3.83));
#5045=CARTESIAN_POINT('Origin',(9.,16.0000002384186,-3.83));
#5046=CARTESIAN_POINT('Origin',(0.,0.,0.));
#5047=CARTESIAN_POINT('Ctrl Pts',(12.754624729806,-6.2417584062362,-1.39924166590723));
#5048=CARTESIAN_POINT('Ctrl Pts',(12.8267113674705,-6.09445408081968,-1.50579138161369));
#5049=CARTESIAN_POINT('Ctrl Pts',(12.8908652432441,-5.95685781942063,-1.62594780738315));
#5050=CARTESIAN_POINT('Ctrl Pts',(13.0575165247189,-5.5869386518568,-2.01247057394598));
#5051=CARTESIAN_POINT('Ctrl Pts',(13.147496626643,-5.36733125913005,-2.33963934763945));
#5052=CARTESIAN_POINT('Ctrl Pts',(13.2635507745575,-5.07376902635469,-3.06234574690159));
#5053=CARTESIAN_POINT('Ctrl Pts',(13.2905981358217,-5.00000011920929,-3.45780225859071));
#5054=CARTESIAN_POINT('Ctrl Pts',(13.2905981358217,-5.00000011920929,-4.20219774140929));
#5055=CARTESIAN_POINT('Ctrl Pts',(13.2635507745575,-5.07376902635469,-4.59765425309841));
#5056=CARTESIAN_POINT('Ctrl Pts',(13.147496626643,-5.36733125913005,-5.32036065236055));
#5057=CARTESIAN_POINT('Ctrl Pts',(13.0575165247189,-5.5869386518568,-5.64752942605402));
#5058=CARTESIAN_POINT('Ctrl Pts',(12.8908652432441,-5.95685781942063,-6.03405219261685));
#5059=CARTESIAN_POINT('Ctrl Pts',(12.8267113674705,-6.09445408081968,-6.15420861838631));
#5060=CARTESIAN_POINT('Ctrl Pts',(12.754624729806,-6.2417584062362,-6.26075833409277));
#5061=CARTESIAN_POINT('Ctrl Pts',(12.754624729806,-6.2417584062362,1.39924166590723));
#5062=CARTESIAN_POINT('Ctrl Pts',(12.8267113674705,-6.09445408081968,1.50579138161369));
#5063=CARTESIAN_POINT('Ctrl Pts',(12.8908652432441,-5.95685781942063,1.62594780738315));
#5064=CARTESIAN_POINT('Ctrl Pts',(13.0575165247189,-5.5869386518568,2.01247057394598));
#5065=CARTESIAN_POINT('Ctrl Pts',(13.147496626643,-5.36733125913005,2.33963934763945));
#5066=CARTESIAN_POINT('Ctrl Pts',(13.2635507745575,-5.07376902635469,3.06234574690159));
#5067=CARTESIAN_POINT('Ctrl Pts',(13.2905981358217,-5.00000011920929,3.45780225859071));
#5068=CARTESIAN_POINT('Ctrl Pts',(13.2905981358217,-5.00000011920929,4.20219774140929));
#5069=CARTESIAN_POINT('Ctrl Pts',(13.2635507745575,-5.07376902635469,4.59765425309841));
#5070=CARTESIAN_POINT('Ctrl Pts',(13.147496626643,-5.36733125913005,5.32036065236055));
#5071=CARTESIAN_POINT('Ctrl Pts',(13.0575165247189,-5.5869386518568,5.64752942605402));
#5072=CARTESIAN_POINT('Ctrl Pts',(12.8908652432441,-5.95685781942063,6.03405219261685));
#5073=CARTESIAN_POINT('Ctrl Pts',(12.8267113674705,-6.09445408081968,6.15420861838631));
#5074=CARTESIAN_POINT('Ctrl Pts',(12.754624729806,-6.2417584062362,6.26075833409277));
#5075=CARTESIAN_POINT('',(13.2905981358217,5.00000011920929,3.83));
#5076=CARTESIAN_POINT('Ctrl Pts',(9.,10.9836241741968,4.14302954892465));
#5077=CARTESIAN_POINT('Ctrl Pts',(9.01125662967753,10.9744004730312,4.23094475299458));
#5078=CARTESIAN_POINT('Ctrl Pts',(9.02721573834297,10.9612988205755,4.31827718600973));
#5079=CARTESIAN_POINT('Ctrl Pts',(9.09190041209503,10.9078255655517,4.5923781760207));
#5080=CARTESIAN_POINT('Ctrl Pts',(9.15726041489157,10.8533757761324,4.77468525392037));
#5081=CARTESIAN_POINT('Ctrl Pts',(9.39821291879447,10.6469868434826,5.28951897831598));
#5082=CARTESIAN_POINT('Ctrl Pts',(9.6193279795473,10.4499426284705,5.59020228781438));
#5083=CARTESIAN_POINT('Ctrl Pts',(10.1251443663709,9.96388447134796,6.13518459246671));
#5084=CARTESIAN_POINT('Ctrl Pts',(10.4598808373119,9.61718227893509,6.39217383214618));
#5085=CARTESIAN_POINT('Ctrl Pts',(11.1218791524787,8.84325205352507,6.74014414736467));
#5086=CARTESIAN_POINT('Ctrl Pts',(11.4488417794297,8.41526278689557,6.83));
#5087=CARTESIAN_POINT('Ctrl Pts',(11.9769682169363,7.64076488802482,6.83));
#5088=CARTESIAN_POINT('Ctrl Pts',(12.2228464644916,7.24091573216681,6.76137475363362));
#5089=CARTESIAN_POINT('Ctrl Pts',(12.64273682933,6.47997226599208,6.44890878833967));
#5090=CARTESIAN_POINT('Ctrl Pts',(12.8175170514842,6.11967026105313,6.20417237261479));
#5091=CARTESIAN_POINT('Ctrl Pts',(13.0575165247189,5.5869386518568,5.64752942605402));
#5092=CARTESIAN_POINT('Ctrl Pts',(13.147496626643,5.36733125913005,5.32036065236055));
#5093=CARTESIAN_POINT('Ctrl Pts',(13.2635507745575,5.07376902635469,4.59765425309841));
#5094=CARTESIAN_POINT('Ctrl Pts',(13.2905981358217,5.00000011920929,4.20219774140929));
#5095=CARTESIAN_POINT('Ctrl Pts',(13.2905981358217,5.00000011920929,3.83));
#5096=CARTESIAN_POINT('Ctrl Pts',(13.2905981358217,5.00000011920929,3.83));
#5097=CARTESIAN_POINT('Ctrl Pts',(13.2905981358217,5.00000011920929,3.45780225859071));
#5098=CARTESIAN_POINT('Ctrl Pts',(13.2635507745575,5.07376902635469,3.06234574690159));
#5099=CARTESIAN_POINT('Ctrl Pts',(13.147496626643,5.36733125913005,2.33963934763945));
#5100=CARTESIAN_POINT('Ctrl Pts',(13.0575165247189,5.5869386518568,2.01247057394598));
#5101=CARTESIAN_POINT('Ctrl Pts',(12.8175170514842,6.11967026105313,1.45582762738521));
#5102=CARTESIAN_POINT('Ctrl Pts',(12.64273682933,6.47997226599208,1.21109121166033));
#5103=CARTESIAN_POINT('Ctrl Pts',(12.2228464644916,7.24091573216681,0.898625246366381));
#5104=CARTESIAN_POINT('Ctrl Pts',(11.9769682169363,7.64076488802482,0.83));
#5105=CARTESIAN_POINT('Ctrl Pts',(11.4488417794297,8.41526278689557,0.83));
#5106=CARTESIAN_POINT('Ctrl Pts',(11.1218791524787,8.84325205352507,0.919855852635327));
#5107=CARTESIAN_POINT('Ctrl Pts',(10.4598808373119,9.61718227893509,1.26782616785382));
#5108=CARTESIAN_POINT('Ctrl Pts',(10.1251443663709,9.96388447134797,1.52481540753329));
#5109=CARTESIAN_POINT('Ctrl Pts',(9.6193279795473,10.4499426284705,2.06979771218562));
#5110=CARTESIAN_POINT('Ctrl Pts',(9.39821291879447,10.6469868434826,2.37048102168403));
#5111=CARTESIAN_POINT('Ctrl Pts',(9.15726041489157,10.8533757761324,2.88531474607963));
#5112=CARTESIAN_POINT('Ctrl Pts',(9.09190041209503,10.9078255655517,3.0676218239793));
#5113=CARTESIAN_POINT('Ctrl Pts',(9.02721573834297,10.9612988205755,3.34172281399027));
#5114=CARTESIAN_POINT('Ctrl Pts',(9.01125662967753,10.9744004730312,3.42905524700543));
#5115=CARTESIAN_POINT('Ctrl Pts',(9.,10.9836241741968,3.51697045107536));
#5116=CARTESIAN_POINT('',(13.2905981358217,5.00000011920929,-3.83));
#5117=CARTESIAN_POINT('Ctrl Pts',(13.2905981358217,5.00000011920929,-3.83));
#5118=CARTESIAN_POINT('Ctrl Pts',(13.2905981358217,5.00000011920929,-3.45780225859071));
#5119=CARTESIAN_POINT('Ctrl Pts',(13.2635507745575,5.07376902635469,-3.06234574690159));
#5120=CARTESIAN_POINT('Ctrl Pts',(13.147496626643,5.36733125913005,-2.33963934763945));
#5121=CARTESIAN_POINT('Ctrl Pts',(13.0575165247189,5.5869386518568,-2.01247057394598));
#5122=CARTESIAN_POINT('Ctrl Pts',(12.8175170514842,6.11967026105313,-1.45582762738521));
#5123=CARTESIAN_POINT('Ctrl Pts',(12.64273682933,6.47997226599208,-1.21109121166033));
#5124=CARTESIAN_POINT('Ctrl Pts',(12.2228464644916,7.24091573216681,-0.898625246366381));
#5125=CARTESIAN_POINT('Ctrl Pts',(11.9769682169363,7.64076488802482,-0.83));
#5126=CARTESIAN_POINT('Ctrl Pts',(11.4488417794297,8.41526278689557,-0.83));
#5127=CARTESIAN_POINT('Ctrl Pts',(11.1218791524787,8.84325205352507,-0.919855852635327));
#5128=CARTESIAN_POINT('Ctrl Pts',(10.4598808373119,9.61718227893509,-1.26782616785382));
#5129=CARTESIAN_POINT('Ctrl Pts',(10.1251443663709,9.96388447134797,-1.52481540753329));
#5130=CARTESIAN_POINT('Ctrl Pts',(9.6193279795473,10.4499426284705,-2.06979771218562));
#5131=CARTESIAN_POINT('Ctrl Pts',(9.39821291879447,10.6469868434826,-2.37048102168403));
#5132=CARTESIAN_POINT('Ctrl Pts',(9.15726041489157,10.8533757761324,-2.88531474607963));
#5133=CARTESIAN_POINT('Ctrl Pts',(9.09190041209503,10.9078255655517,-3.0676218239793));
#5134=CARTESIAN_POINT('Ctrl Pts',(9.02721573834297,10.9612988205755,-3.34172281399027));
#5135=CARTESIAN_POINT('Ctrl Pts',(9.01125662967753,10.9744004730312,-3.42905524700543));
#5136=CARTESIAN_POINT('Ctrl Pts',(9.,10.9836241741968,-3.51697045107536));
#5137=CARTESIAN_POINT('Ctrl Pts',(9.,10.9836241741968,-4.14302954892465));
#5138=CARTESIAN_POINT('Ctrl Pts',(9.01125662967753,10.9744004730312,-4.23094475299458));
#5139=CARTESIAN_POINT('Ctrl Pts',(9.02721573834297,10.9612988205755,-4.31827718600973));
#5140=CARTESIAN_POINT('Ctrl Pts',(9.09190041209503,10.9078255655517,-4.5923781760207));
#5141=CARTESIAN_POINT('Ctrl Pts',(9.15726041489157,10.8533757761324,-4.77468525392037));
#5142=CARTESIAN_POINT('Ctrl Pts',(9.39821291879447,10.6469868434826,-5.28951897831598));
#5143=CARTESIAN_POINT('Ctrl Pts',(9.6193279795473,10.4499426284705,-5.59020228781438));
#5144=CARTESIAN_POINT('Ctrl Pts',(10.1251443663709,9.96388447134796,-6.13518459246671));
#5145=CARTESIAN_POINT('Ctrl Pts',(10.4598808373119,9.61718227893509,-6.39217383214618));
#5146=CARTESIAN_POINT('Ctrl Pts',(11.1218791524787,8.84325205352507,-6.74014414736467));
#5147=CARTESIAN_POINT('Ctrl Pts',(11.4488417794297,8.41526278689557,-6.83));
#5148=CARTESIAN_POINT('Ctrl Pts',(11.9769682169363,7.64076488802482,-6.83));
#5149=CARTESIAN_POINT('Ctrl Pts',(12.2228464644916,7.24091573216681,-6.76137475363362));
#5150=CARTESIAN_POINT('Ctrl Pts',(12.64273682933,6.47997226599208,-6.44890878833967));
#5151=CARTESIAN_POINT('Ctrl Pts',(12.8175170514842,6.11967026105313,-6.20417237261479));
#5152=CARTESIAN_POINT('Ctrl Pts',(13.0575165247189,5.5869386518568,-5.64752942605402));
#5153=CARTESIAN_POINT('Ctrl Pts',(13.147496626643,5.36733125913005,-5.32036065236055));
#5154=CARTESIAN_POINT('Ctrl Pts',(13.2635507745575,5.07376902635469,-4.59765425309841));
#5155=CARTESIAN_POINT('Ctrl Pts',(13.2905981358217,5.00000011920929,-4.20219774140929));
#5156=CARTESIAN_POINT('Ctrl Pts',(13.2905981358217,5.00000011920929,-3.83));
#5157=CARTESIAN_POINT('Origin',(10.75,8.00000011920929,-7.66));
#5158=CARTESIAN_POINT('',(15.55,0.,-7.66));
#5159=CARTESIAN_POINT('Origin',(17.5,0.,-7.66));
#5160=CARTESIAN_POINT('',(13.0000002384186,24.0000003576279,-7.66));
#5161=CARTESIAN_POINT('Origin',(16.0000002384186,24.0000003576279,-7.66));
#5162=CARTESIAN_POINT('',(-13.0000002384186,24.0000003576279,-7.66));
#5163=CARTESIAN_POINT('Origin',(-16.0000002384186,24.0000003576279,-7.66));
#5164=CARTESIAN_POINT('',(-15.55,0.,-7.66));
#5165=CARTESIAN_POINT('Origin',(-17.5,0.,-7.66));
#5166=CARTESIAN_POINT('Origin',(10.75,8.00000011920929,7.66));
#5167=CARTESIAN_POINT('',(15.55,0.,7.66));
#5168=CARTESIAN_POINT('Origin',(17.5,0.,7.66));
#5169=CARTESIAN_POINT('',(13.0000002384186,24.0000003576279,7.66));
#5170=CARTESIAN_POINT('Origin',(16.0000002384186,24.0000003576279,7.66));
#5171=CARTESIAN_POINT('',(-13.0000002384186,24.0000003576279,7.66));
#5172=CARTESIAN_POINT('Origin',(-16.0000002384186,24.0000003576279,7.66));
#5173=CARTESIAN_POINT('',(-15.55,0.,7.66));
#5174=CARTESIAN_POINT('Origin',(-17.5,0.,7.66));
#5175=CARTESIAN_POINT('Origin',(13.5000002980232,-8.00000011920929,-3.83));
#5176=CARTESIAN_POINT('Origin',(13.5000002980232,-8.00000011920929,-3.83));
#5177=CARTESIAN_POINT('',(13.5000002980232,-10.5000001192093,-3.83));
#5178=CARTESIAN_POINT('Origin',(13.5000002980232,-8.00000011920929,-3.83));
#5179=CARTESIAN_POINT('Origin',(13.5000002980232,-8.00000011920929,-3.83));
#5180=CARTESIAN_POINT('Origin',(-16.347476782029,-8.00000017881394,0.));
#5181=CARTESIAN_POINT('',(-12.7546247326022,-6.24175840052237,-6.26075834388387));
#5182=CARTESIAN_POINT('',(-12.7546247420226,-6.24175838127241,0.));
#5183=CARTESIAN_POINT('',(-13.5000002980232,-10.8092487746193,-4.88267373486628));
#5184=CARTESIAN_POINT('Ctrl Pts',(-12.754624729806,-6.2417584062362,-6.26075833409277));
#5185=CARTESIAN_POINT('Ctrl Pts',(-12.6676227519841,-6.41954125694541,-6.38935409763866));
#5186=CARTESIAN_POINT('Ctrl Pts',(-12.5876098469868,-6.61726611868461,-6.50215751247455));
#5187=CARTESIAN_POINT('Ctrl Pts',(-12.4103371898422,-7.19570758541404,-6.74765800213069));
#5188=CARTESIAN_POINT('Ctrl Pts',(-12.3474767879063,-7.60558064880471,-6.83));
#5189=CARTESIAN_POINT('Ctrl Pts',(-12.3474767761517,-8.39441958531942,-6.83));
#5190=CARTESIAN_POINT('Ctrl Pts',(-12.4103371646185,-8.80429264661053,-6.74765800375475));
#5191=CARTESIAN_POINT('Ctrl Pts',(-12.6357524075678,-9.53982367100079,-6.43548601095925));
#5192=CARTESIAN_POINT('Ctrl Pts',(-12.7967612269131,-9.86626130453961,-6.20637950114788));
#5193=CARTESIAN_POINT('Ctrl Pts',(-13.1192902088459,-10.3818595451758,-5.69078126180764));
#5194=CARTESIAN_POINT('Ctrl Pts',(-13.3068410326427,-10.6076875658033,-5.36499080294748));
#5195=CARTESIAN_POINT('Ctrl Pts',(-13.4699317971098,-10.7785355379191,-4.96205079576305));
#5196=CARTESIAN_POINT('Ctrl Pts',(-13.4852532860926,-10.7943010872752,-4.92256431936741));
#5197=CARTESIAN_POINT('Ctrl Pts',(-13.5000002980232,-10.8092487746193,-4.88267373486628));
#5198=CARTESIAN_POINT('',(-13.5000002980232,-10.8092487746193,-2.77732626513372));
#5199=CARTESIAN_POINT('',(-13.5000002980232,-10.8092487746193,0.));
#5200=CARTESIAN_POINT('',(-12.7546247326022,-6.24175840052237,-1.39924165611613));
#5201=CARTESIAN_POINT('Ctrl Pts',(-13.5000002980232,-10.8092487746193,-2.77732626513372));
#5202=CARTESIAN_POINT('Ctrl Pts',(-13.4852532860926,-10.7943010872752,-2.73743568063259));
#5203=CARTESIAN_POINT('Ctrl Pts',(-13.4699317971098,-10.7785355379191,-2.69794920423695));
#5204=CARTESIAN_POINT('Ctrl Pts',(-13.3068410326427,-10.6076875658033,-2.29500919705252));
#5205=CARTESIAN_POINT('Ctrl Pts',(-13.1192902088459,-10.3818595451758,-1.96921873819236));
#5206=CARTESIAN_POINT('Ctrl Pts',(-12.7967612269131,-9.86626130453961,-1.45362049885212));
#5207=CARTESIAN_POINT('Ctrl Pts',(-12.6357524075678,-9.53982367100078,-1.22451398904075));
#5208=CARTESIAN_POINT('Ctrl Pts',(-12.4103371646185,-8.80429264661053,-0.912341996245251));
#5209=CARTESIAN_POINT('Ctrl Pts',(-12.3474767761517,-8.39441958531942,-0.829999999999999));
#5210=CARTESIAN_POINT('Ctrl Pts',(-12.3474767879063,-7.60558064880471,-0.829999999999999));
#5211=CARTESIAN_POINT('Ctrl Pts',(-12.4103371898422,-7.19570758541404,-0.912341997869313));
#5212=CARTESIAN_POINT('Ctrl Pts',(-12.5876098469868,-6.61726611868461,-1.15784248752545));
#5213=CARTESIAN_POINT('Ctrl Pts',(-12.6676227519841,-6.41954125694541,-1.27064590236134));
#5214=CARTESIAN_POINT('Ctrl Pts',(-12.754624729806,-6.2417584062362,-1.39924166590723));
#5215=CARTESIAN_POINT('',(-12.7546247326022,-6.24175840052237,1.39924165611613));
#5216=CARTESIAN_POINT('',(-12.7546247420226,-6.24175838127241,0.));
#5217=CARTESIAN_POINT('',(-13.5000002980232,-10.8092487746193,2.77732626513372));
#5218=CARTESIAN_POINT('Ctrl Pts',(-12.754624729806,-6.2417584062362,1.39924166590723));
#5219=CARTESIAN_POINT('Ctrl Pts',(-12.6676227519841,-6.41954125694541,1.27064590236134));
#5220=CARTESIAN_POINT('Ctrl Pts',(-12.5876098469868,-6.61726611868461,1.15784248752546));
#5221=CARTESIAN_POINT('Ctrl Pts',(-12.4103371898422,-7.19570758541404,0.912341997869313));
#5222=CARTESIAN_POINT('Ctrl Pts',(-12.3474767879063,-7.60558064880471,0.829999999999999));
#5223=CARTESIAN_POINT('Ctrl Pts',(-12.3474767761517,-8.39441958531942,0.829999999999998));
#5224=CARTESIAN_POINT('Ctrl Pts',(-12.4103371646185,-8.80429264661053,0.912341996245251));
#5225=CARTESIAN_POINT('Ctrl Pts',(-12.6357524075678,-9.53982367100078,1.22451398904075));
#5226=CARTESIAN_POINT('Ctrl Pts',(-12.7967612269131,-9.86626130453961,1.45362049885212));
#5227=CARTESIAN_POINT('Ctrl Pts',(-13.1192902088459,-10.3818595451758,1.96921873819236));
#5228=CARTESIAN_POINT('Ctrl Pts',(-13.3068410326427,-10.6076875658033,2.29500919705252));
#5229=CARTESIAN_POINT('Ctrl Pts',(-13.4699317971098,-10.7785355379191,2.69794920423695));
#5230=CARTESIAN_POINT('Ctrl Pts',(-13.4852532860926,-10.7943010872752,2.73743568063259));
#5231=CARTESIAN_POINT('Ctrl Pts',(-13.5000002980232,-10.8092487746193,2.77732626513372));
#5232=CARTESIAN_POINT('',(-13.5000002980232,-10.8092487746193,4.88267373486628));
#5233=CARTESIAN_POINT('',(-13.5000002980232,-10.8092487746193,0.));
#5234=CARTESIAN_POINT('',(-12.7546247326022,-6.24175840052237,6.26075834388387));
#5235=CARTESIAN_POINT('Ctrl Pts',(-13.5000002980232,-10.8092487746193,4.88267373486628));
#5236=CARTESIAN_POINT('Ctrl Pts',(-13.4852532860926,-10.7943010872752,4.92256431936741));
#5237=CARTESIAN_POINT('Ctrl Pts',(-13.4699317971098,-10.7785355379191,4.96205079576305));
#5238=CARTESIAN_POINT('Ctrl Pts',(-13.3068410326427,-10.6076875658033,5.36499080294748));
#5239=CARTESIAN_POINT('Ctrl Pts',(-13.1192902088459,-10.3818595451758,5.69078126180764));
#5240=CARTESIAN_POINT('Ctrl Pts',(-12.7967612269131,-9.86626130453961,6.20637950114788));
#5241=CARTESIAN_POINT('Ctrl Pts',(-12.6357524075678,-9.53982367100079,6.43548601095925));
#5242=CARTESIAN_POINT('Ctrl Pts',(-12.4103371646185,-8.80429264661053,6.74765800375475));
#5243=CARTESIAN_POINT('Ctrl Pts',(-12.3474767761517,-8.39441958531942,6.83));
#5244=CARTESIAN_POINT('Ctrl Pts',(-12.3474767879063,-7.60558064880471,6.83));
#5245=CARTESIAN_POINT('Ctrl Pts',(-12.4103371898422,-7.19570758541404,6.74765800213069));
#5246=CARTESIAN_POINT('Ctrl Pts',(-12.5876098469868,-6.61726611868461,6.50215751247455));
#5247=CARTESIAN_POINT('Ctrl Pts',(-12.6676227519841,-6.41954125694541,6.38935409763866));
#5248=CARTESIAN_POINT('Ctrl Pts',(-12.754624729806,-6.2417584062362,6.26075833409277));
#5249=CARTESIAN_POINT('',(-12.7546247420226,-6.24175838127241,0.));
#5250=CARTESIAN_POINT('',(-16.347476782029,-12.0000001788139,0.));
#5251=CARTESIAN_POINT('Origin',(-7.59210087580938,-12.0000001788139,0.));
#5252=CARTESIAN_POINT('Origin',(0.,0.,0.));
#5253=CARTESIAN_POINT('',(-13.2905981358217,5.00000011920929,-3.83));
#5254=CARTESIAN_POINT('Ctrl Pts',(-9.,10.9836241741968,-4.14302954892465));
#5255=CARTESIAN_POINT('Ctrl Pts',(-9.01125662967753,10.9744004730312,-4.23094475299458));
#5256=CARTESIAN_POINT('Ctrl Pts',(-9.02721573834297,10.9612988205755,-4.31827718600973));
#5257=CARTESIAN_POINT('Ctrl Pts',(-9.09190041209503,10.9078255655517,-4.5923781760207));
#5258=CARTESIAN_POINT('Ctrl Pts',(-9.15726041489157,10.8533757761324,-4.77468525392037));
#5259=CARTESIAN_POINT('Ctrl Pts',(-9.39821291879447,10.6469868434826,-5.28951897831598));
#5260=CARTESIAN_POINT('Ctrl Pts',(-9.6193279795473,10.4499426284705,-5.59020228781438));
#5261=CARTESIAN_POINT('Ctrl Pts',(-10.1251443663709,9.96388447134796,-6.13518459246671));
#5262=CARTESIAN_POINT('Ctrl Pts',(-10.4598808373119,9.61718227893509,-6.39217383214618));
#5263=CARTESIAN_POINT('Ctrl Pts',(-11.1218791524787,8.84325205352507,-6.74014414736467));
#5264=CARTESIAN_POINT('Ctrl Pts',(-11.4488417794297,8.41526278689557,-6.83));
#5265=CARTESIAN_POINT('Ctrl Pts',(-11.9769682169363,7.64076488802482,-6.83));
#5266=CARTESIAN_POINT('Ctrl Pts',(-12.2228464644916,7.24091573216681,-6.76137475363362));
#5267=CARTESIAN_POINT('Ctrl Pts',(-12.64273682933,6.47997226599208,-6.44890878833967));
#5268=CARTESIAN_POINT('Ctrl Pts',(-12.8175170514842,6.11967026105313,-6.20417237261479));
#5269=CARTESIAN_POINT('Ctrl Pts',(-13.0575165247189,5.5869386518568,-5.64752942605402));
#5270=CARTESIAN_POINT('Ctrl Pts',(-13.147496626643,5.36733125913005,-5.32036065236055));
#5271=CARTESIAN_POINT('Ctrl Pts',(-13.2635507745575,5.07376902635469,-4.59765425309841));
#5272=CARTESIAN_POINT('Ctrl Pts',(-13.2905981358217,5.00000011920929,-4.20219774140929));
#5273=CARTESIAN_POINT('Ctrl Pts',(-13.2905981358217,5.00000011920929,-3.83));
#5274=CARTESIAN_POINT('Ctrl Pts',(-13.2905981358217,5.00000011920929,-3.83));
#5275=CARTESIAN_POINT('Ctrl Pts',(-13.2905981358217,5.00000011920929,-3.45780225859071));
#5276=CARTESIAN_POINT('Ctrl Pts',(-13.2635507745575,5.07376902635469,-3.06234574690159));
#5277=CARTESIAN_POINT('Ctrl Pts',(-13.147496626643,5.36733125913005,-2.33963934763945));
#5278=CARTESIAN_POINT('Ctrl Pts',(-13.0575165247189,5.5869386518568,-2.01247057394598));
#5279=CARTESIAN_POINT('Ctrl Pts',(-12.8175170514842,6.11967026105313,-1.45582762738521));
#5280=CARTESIAN_POINT('Ctrl Pts',(-12.64273682933,6.47997226599208,-1.21109121166033));
#5281=CARTESIAN_POINT('Ctrl Pts',(-12.2228464644916,7.24091573216681,-0.898625246366381));
#5282=CARTESIAN_POINT('Ctrl Pts',(-11.9769682169363,7.64076488802482,-0.83));
#5283=CARTESIAN_POINT('Ctrl Pts',(-11.4488417794297,8.41526278689557,-0.83));
#5284=CARTESIAN_POINT('Ctrl Pts',(-11.1218791524787,8.84325205352507,-0.919855852635327));
#5285=CARTESIAN_POINT('Ctrl Pts',(-10.4598808373119,9.61718227893509,-1.26782616785382));
#5286=CARTESIAN_POINT('Ctrl Pts',(-10.1251443663709,9.96388447134797,-1.52481540753329));
#5287=CARTESIAN_POINT('Ctrl Pts',(-9.6193279795473,10.4499426284705,-2.06979771218562));
#5288=CARTESIAN_POINT('Ctrl Pts',(-9.39821291879447,10.6469868434826,-2.37048102168403));
#5289=CARTESIAN_POINT('Ctrl Pts',(-9.15726041489157,10.8533757761324,-2.88531474607963));
#5290=CARTESIAN_POINT('Ctrl Pts',(-9.09190041209503,10.9078255655517,-3.0676218239793));
#5291=CARTESIAN_POINT('Ctrl Pts',(-9.02721573834297,10.9612988205755,-3.34172281399027));
#5292=CARTESIAN_POINT('Ctrl Pts',(-9.01125662967753,10.9744004730312,-3.42905524700543));
#5293=CARTESIAN_POINT('Ctrl Pts',(-9.,10.9836241741968,-3.51697045107536));
#5294=CARTESIAN_POINT('',(-13.2905981358217,5.00000011920929,3.83));
#5295=CARTESIAN_POINT('Ctrl Pts',(-13.2905981358217,5.00000011920929,3.83));
#5296=CARTESIAN_POINT('Ctrl Pts',(-13.2905981358217,5.00000011920929,3.45780225859071));
#5297=CARTESIAN_POINT('Ctrl Pts',(-13.2635507745575,5.07376902635469,3.06234574690159));
#5298=CARTESIAN_POINT('Ctrl Pts',(-13.147496626643,5.36733125913005,2.33963934763945));
#5299=CARTESIAN_POINT('Ctrl Pts',(-13.0575165247189,5.5869386518568,2.01247057394598));
#5300=CARTESIAN_POINT('Ctrl Pts',(-12.8175170514842,6.11967026105313,1.45582762738521));
#5301=CARTESIAN_POINT('Ctrl Pts',(-12.64273682933,6.47997226599208,1.21109121166033));
#5302=CARTESIAN_POINT('Ctrl Pts',(-12.2228464644916,7.24091573216681,0.898625246366381));
#5303=CARTESIAN_POINT('Ctrl Pts',(-11.9769682169363,7.64076488802482,0.83));
#5304=CARTESIAN_POINT('Ctrl Pts',(-11.4488417794297,8.41526278689557,0.83));
#5305=CARTESIAN_POINT('Ctrl Pts',(-11.1218791524787,8.84325205352507,0.919855852635327));
#5306=CARTESIAN_POINT('Ctrl Pts',(-10.4598808373119,9.61718227893509,1.26782616785382));
#5307=CARTESIAN_POINT('Ctrl Pts',(-10.1251443663709,9.96388447134797,1.52481540753329));
#5308=CARTESIAN_POINT('Ctrl Pts',(-9.6193279795473,10.4499426284705,2.06979771218562));
#5309=CARTESIAN_POINT('Ctrl Pts',(-9.39821291879447,10.6469868434826,2.37048102168403));
#5310=CARTESIAN_POINT('Ctrl Pts',(-9.15726041489157,10.8533757761324,2.88531474607963));
#5311=CARTESIAN_POINT('Ctrl Pts',(-9.09190041209503,10.9078255655517,3.0676218239793));
#5312=CARTESIAN_POINT('Ctrl Pts',(-9.02721573834297,10.9612988205755,3.34172281399027));
#5313=CARTESIAN_POINT('Ctrl Pts',(-9.01125662967753,10.9744004730312,3.42905524700543));
#5314=CARTESIAN_POINT('Ctrl Pts',(-9.,10.9836241741968,3.51697045107536));
#5315=CARTESIAN_POINT('Ctrl Pts',(-9.,10.9836241741968,4.14302954892465));
#5316=CARTESIAN_POINT('Ctrl Pts',(-9.01125662967753,10.9744004730312,4.23094475299458));
#5317=CARTESIAN_POINT('Ctrl Pts',(-9.02721573834297,10.9612988205755,4.31827718600973));
#5318=CARTESIAN_POINT('Ctrl Pts',(-9.09190041209503,10.9078255655517,4.5923781760207));
#5319=CARTESIAN_POINT('Ctrl Pts',(-9.15726041489157,10.8533757761324,4.77468525392037));
#5320=CARTESIAN_POINT('Ctrl Pts',(-9.39821291879447,10.6469868434826,5.28951897831598));
#5321=CARTESIAN_POINT('Ctrl Pts',(-9.6193279795473,10.4499426284705,5.59020228781438));
#5322=CARTESIAN_POINT('Ctrl Pts',(-10.1251443663709,9.96388447134796,6.13518459246671));
#5323=CARTESIAN_POINT('Ctrl Pts',(-10.4598808373119,9.61718227893509,6.39217383214618));
#5324=CARTESIAN_POINT('Ctrl Pts',(-11.1218791524787,8.84325205352507,6.74014414736467));
#5325=CARTESIAN_POINT('Ctrl Pts',(-11.4488417794297,8.41526278689557,6.83));
#5326=CARTESIAN_POINT('Ctrl Pts',(-11.9769682169363,7.64076488802482,6.83));
#5327=CARTESIAN_POINT('Ctrl Pts',(-12.2228464644916,7.24091573216681,6.76137475363362));
#5328=CARTESIAN_POINT('Ctrl Pts',(-12.64273682933,6.47997226599208,6.44890878833967));
#5329=CARTESIAN_POINT('Ctrl Pts',(-12.8175170514842,6.11967026105313,6.20417237261479));
#5330=CARTESIAN_POINT('Ctrl Pts',(-13.0575165247189,5.5869386518568,5.64752942605402));
#5331=CARTESIAN_POINT('Ctrl Pts',(-13.147496626643,5.36733125913005,5.32036065236055));
#5332=CARTESIAN_POINT('Ctrl Pts',(-13.2635507745575,5.07376902635469,4.59765425309841));
#5333=CARTESIAN_POINT('Ctrl Pts',(-13.2905981358217,5.00000011920929,4.20219774140929));
#5334=CARTESIAN_POINT('Ctrl Pts',(-13.2905981358217,5.00000011920929,3.83));
#5335=CARTESIAN_POINT('Ctrl Pts',(-12.754624729806,-6.2417584062362,1.39924166590723));
#5336=CARTESIAN_POINT('Ctrl Pts',(-12.8267113674705,-6.09445408081968,1.50579138161369));
#5337=CARTESIAN_POINT('Ctrl Pts',(-12.8908652432441,-5.95685781942063,1.62594780738315));
#5338=CARTESIAN_POINT('Ctrl Pts',(-13.0575165247189,-5.5869386518568,2.01247057394598));
#5339=CARTESIAN_POINT('Ctrl Pts',(-13.147496626643,-5.36733125913005,2.33963934763945));
#5340=CARTESIAN_POINT('Ctrl Pts',(-13.2635507745575,-5.07376902635469,3.06234574690159));
#5341=CARTESIAN_POINT('Ctrl Pts',(-13.2905981358217,-5.00000011920929,3.45780225859071));
#5342=CARTESIAN_POINT('Ctrl Pts',(-13.2905981358217,-5.00000011920929,4.20219774140929));
#5343=CARTESIAN_POINT('Ctrl Pts',(-13.2635507745575,-5.07376902635469,4.59765425309841));
#5344=CARTESIAN_POINT('Ctrl Pts',(-13.147496626643,-5.36733125913005,5.32036065236055));
#5345=CARTESIAN_POINT('Ctrl Pts',(-13.0575165247189,-5.5869386518568,5.64752942605402));
#5346=CARTESIAN_POINT('Ctrl Pts',(-12.8908652432441,-5.95685781942063,6.03405219261685));
#5347=CARTESIAN_POINT('Ctrl Pts',(-12.8267113674705,-6.09445408081968,6.15420861838631));
#5348=CARTESIAN_POINT('Ctrl Pts',(-12.754624729806,-6.2417584062362,6.26075833409277));
#5349=CARTESIAN_POINT('Ctrl Pts',(-12.754624729806,-6.2417584062362,-1.39924166590723));
#5350=CARTESIAN_POINT('Ctrl Pts',(-12.8267113674705,-6.09445408081968,-1.50579138161369));
#5351=CARTESIAN_POINT('Ctrl Pts',(-12.8908652432441,-5.95685781942063,-1.62594780738315));
#5352=CARTESIAN_POINT('Ctrl Pts',(-13.0575165247189,-5.5869386518568,-2.01247057394598));
#5353=CARTESIAN_POINT('Ctrl Pts',(-13.147496626643,-5.36733125913005,-2.33963934763945));
#5354=CARTESIAN_POINT('Ctrl Pts',(-13.2635507745575,-5.07376902635469,-3.06234574690159));
#5355=CARTESIAN_POINT('Ctrl Pts',(-13.2905981358217,-5.00000011920929,-3.45780225859071));
#5356=CARTESIAN_POINT('Ctrl Pts',(-13.2905981358217,-5.00000011920929,-4.20219774140929));
#5357=CARTESIAN_POINT('Ctrl Pts',(-13.2635507745575,-5.07376902635469,-4.59765425309841));
#5358=CARTESIAN_POINT('Ctrl Pts',(-13.147496626643,-5.36733125913005,-5.32036065236055));
#5359=CARTESIAN_POINT('Ctrl Pts',(-13.0575165247189,-5.5869386518568,-5.64752942605402));
#5360=CARTESIAN_POINT('Ctrl Pts',(-12.8908652432441,-5.95685781942063,-6.03405219261685));
#5361=CARTESIAN_POINT('Ctrl Pts',(-12.8267113674705,-6.09445408081968,-6.15420861838631));
#5362=CARTESIAN_POINT('Ctrl Pts',(-12.754624729806,-6.2417584062362,-6.26075833409277));
#5363=CARTESIAN_POINT('Origin',(16.0000002980232,24.0000004172325,0.));
#5364=CARTESIAN_POINT('',(16.0000002980232,28.0000004172325,0.));
#5365=CARTESIAN_POINT('Origin',(20.0000002980232,28.0000004172325,0.));
#5366=CARTESIAN_POINT('',(-16.0000002980232,28.0000004172325,0.));
#5367=CARTESIAN_POINT('',(11.0000001192093,28.0000004172325,3.83));
#5368=CARTESIAN_POINT('Origin',(8.00000011920929,28.0000004172325,3.83));
#5369=CARTESIAN_POINT('',(3.,28.0000004172325,3.83));
#5370=CARTESIAN_POINT('Origin',(0.,28.0000004172325,3.83));
#5371=CARTESIAN_POINT('',(11.0000001192093,28.0000004172325,-3.83));
#5372=CARTESIAN_POINT('Origin',(8.00000011920929,28.0000004172325,-3.83));
#5373=CARTESIAN_POINT('',(-11.0000001192093,28.0000004172325,-3.83));
#5374=CARTESIAN_POINT('Origin',(-8.00000011920929,28.0000004172325,-3.83));
#5375=CARTESIAN_POINT('',(-11.0000001192093,28.0000004172325,3.83));
#5376=CARTESIAN_POINT('Origin',(-8.00000011920929,28.0000004172325,3.83));
#5377=CARTESIAN_POINT('',(3.,28.0000004172325,-3.83));
#5378=CARTESIAN_POINT('Origin',(0.,28.0000004172325,-3.83));
#5379=CARTESIAN_POINT('Origin',(-16.0000002980232,24.0000004172325,0.));
#5380=CARTESIAN_POINT('',(-20.0000002980232,24.0000004172325,0.));
#5381=CARTESIAN_POINT('Origin',(-20.0000002980232,3.12249876058964,0.));
#5382=CARTESIAN_POINT('',(-20.0000002980232,5.00000011920929,3.83));
#5383=CARTESIAN_POINT('Origin',(-20.0000002980232,8.00000011920929,3.83));
#5384=CARTESIAN_POINT('',(-20.0000002980232,13.0000002384186,3.83));
#5385=CARTESIAN_POINT('Origin',(-20.0000002980232,16.0000002384186,3.83));
#5386=CARTESIAN_POINT('',(-20.0000002980232,13.0000002384186,-3.83));
#5387=CARTESIAN_POINT('Origin',(-20.0000002980232,16.0000002384186,-3.83));
#5388=CARTESIAN_POINT('',(-20.0000002980232,5.00000011920929,-3.83));
#5389=CARTESIAN_POINT('Origin',(-20.0000002980232,8.00000011920929,-3.83));
#5390=CARTESIAN_POINT('Origin',(-13.5000002980232,16.0000002384186,-3.83));
#5391=CARTESIAN_POINT('',(-13.5000002980232,13.0000002384186,-3.83));
#5392=CARTESIAN_POINT('Origin',(-13.5000002980232,16.0000002384186,-3.83));
#5393=CARTESIAN_POINT('',(-13.5000002980232,13.0000002384186,-3.83));
#5394=CARTESIAN_POINT('Origin',(-13.5000002980232,16.0000002384186,-3.83));
#5395=CARTESIAN_POINT('',(-13.5000002980232,13.5000002384186,-3.83));
#5396=CARTESIAN_POINT('Origin',(-13.5000002980232,16.0000002384186,-3.83));
#5397=CARTESIAN_POINT('Origin',(-13.5000002980232,8.00000011920929,-3.83));
#5398=CARTESIAN_POINT('',(-13.5000002980232,5.00000011920929,-3.83));
#5399=CARTESIAN_POINT('Origin',(-13.5000002980232,8.00000011920929,-3.83));
#5400=CARTESIAN_POINT('',(-13.5000002980232,5.00000011920929,-3.83));
#5401=CARTESIAN_POINT('Origin',(-13.5000002980232,8.00000011920929,-3.83));
#5402=CARTESIAN_POINT('',(-13.5000002980232,5.50000011920929,-3.83));
#5403=CARTESIAN_POINT('Origin',(-13.5000002980232,8.00000011920929,-3.83));
#5404=CARTESIAN_POINT('Origin',(-13.5000002980232,-8.00000011920929,-3.83));
#5405=CARTESIAN_POINT('Origin',(-13.5000002980232,-8.00000011920929,-3.83));
#5406=CARTESIAN_POINT('Origin',(-13.5000002980232,-8.00000011920929,-3.83));
#5407=CARTESIAN_POINT('',(-13.5000002980232,-10.5000001192093,-3.83));
#5408=CARTESIAN_POINT('Origin',(-13.5000002980232,-8.00000011920929,-3.83));
#5409=CARTESIAN_POINT('Origin',(-20.0000002980232,16.0000002384186,-3.83));
#5410=CARTESIAN_POINT('',(-18.8000002980232,13.0000002384186,-3.83));
#5411=CARTESIAN_POINT('',(-20.0000002980232,13.0000002384186,-3.83));
#5412=CARTESIAN_POINT('Origin',(-18.8000002980232,16.0000002384186,-3.83));
#5413=CARTESIAN_POINT('Origin',(-18.8000002980232,16.0000002384186,-3.83));
#5414=CARTESIAN_POINT('',(-18.8000002980232,13.5000002384186,-3.83));
#5415=CARTESIAN_POINT('Origin',(-18.8000002980232,16.0000002384186,-3.83));
#5416=CARTESIAN_POINT('Origin',(-20.0000002980232,8.00000011920929,-3.83));
#5417=CARTESIAN_POINT('',(-18.8000002980232,5.00000011920929,-3.83));
#5418=CARTESIAN_POINT('',(-20.0000002980232,5.00000011920929,-3.83));
#5419=CARTESIAN_POINT('Origin',(-18.8000002980232,8.00000011920929,-3.83));
#5420=CARTESIAN_POINT('Origin',(-18.8000002980232,8.00000011920929,-3.83));
#5421=CARTESIAN_POINT('',(-18.8000002980232,5.50000011920929,-3.83));
#5422=CARTESIAN_POINT('Origin',(-18.8000002980232,8.00000011920929,-3.83));
#5423=CARTESIAN_POINT('Origin',(-20.0000002980232,-8.00000011920929,-3.83));
#5424=CARTESIAN_POINT('',(-18.8000002980232,-11.0000001192093,-3.83));
#5425=CARTESIAN_POINT('',(-20.0000002980232,-11.0000001192093,-3.83));
#5426=CARTESIAN_POINT('Origin',(-18.8000002980232,-8.00000011920929,-3.83));
#5427=CARTESIAN_POINT('Origin',(-18.8000002980232,-8.00000011920929,-3.83));
#5428=CARTESIAN_POINT('',(-18.8000002980232,-10.5000001192093,-3.83));
#5429=CARTESIAN_POINT('Origin',(-18.8000002980232,-8.00000011920929,-3.83));
#5430=CARTESIAN_POINT('Origin',(-20.0000002980232,16.0000002384186,-3.83));
#5431=CARTESIAN_POINT('',(-20.0000002980232,13.5000002384186,-3.83));
#5432=CARTESIAN_POINT('Origin',(-20.0000002980232,8.00000011920929,-3.83));
#5433=CARTESIAN_POINT('',(-20.0000002980232,5.50000011920929,-3.83));
#5434=CARTESIAN_POINT('Origin',(-20.0000002980232,-8.00000011920929,-3.83));
#5435=CARTESIAN_POINT('',(-20.0000002980232,-10.5000001192093,-3.83));
#5436=CARTESIAN_POINT('Origin',(-8.00000011920929,20.0000004172325,-3.83));
#5437=CARTESIAN_POINT('',(-11.0000001192093,20.0000002980232,-3.83));
#5438=CARTESIAN_POINT('Origin',(-8.00000011920929,20.0000004172325,-3.83));
#5439=CARTESIAN_POINT('Origin',(-8.00000011920929,20.0000004172325,-3.83));
#5440=CARTESIAN_POINT('',(-11.0000001192093,21.5000004172325,-3.83));
#5441=CARTESIAN_POINT('',(-11.0000001192093,20.0000004172325,-3.83));
#5442=CARTESIAN_POINT('Origin',(-8.00000011920929,21.5000004172325,-3.83));
#5443=CARTESIAN_POINT('Origin',(-8.00000011920929,21.5000004172325,-3.83));
#5444=CARTESIAN_POINT('',(-10.5000001192093,21.5000004172325,-3.83));
#5445=CARTESIAN_POINT('Origin',(-8.00000011920929,21.5000004172325,-3.83));
#5446=CARTESIAN_POINT('Origin',(-8.00000011920929,28.0000004172325,-3.83));
#5447=CARTESIAN_POINT('',(-11.0000001192093,26.8000004172325,-3.83));
#5448=CARTESIAN_POINT('',(-11.0000001192093,28.0000004172325,-3.83));
#5449=CARTESIAN_POINT('Origin',(-8.00000011920929,26.8000004172325,-3.83));
#5450=CARTESIAN_POINT('Origin',(-8.00000011920929,26.8000004172325,-3.83));
#5451=CARTESIAN_POINT('',(-10.5000001192093,26.8000004172325,-3.83));
#5452=CARTESIAN_POINT('Origin',(-8.00000011920929,26.8000004172325,-3.83));
#5453=CARTESIAN_POINT('Origin',(-8.00000011920929,20.0000004172325,-3.83));
#5454=CARTESIAN_POINT('Origin',(-8.00000011920929,28.0000004172325,-3.83));
#5455=CARTESIAN_POINT('',(-10.5000001192093,28.0000004172325,-3.83));
#5456=CARTESIAN_POINT('Origin',(-16.0000002384186,24.0000003576279,-7.66));
#5457=CARTESIAN_POINT('',(-13.0000002384186,24.0000003576279,-6.16));
#5458=CARTESIAN_POINT('',(-13.0000002384186,24.0000003576279,-7.66));
#5459=CARTESIAN_POINT('Origin',(-16.0000002384186,24.0000003576279,-6.16));
#5460=CARTESIAN_POINT('Origin',(-16.0000002384186,24.0000003576279,-6.16));
#5461=CARTESIAN_POINT('',(-13.5000002384186,24.0000003576279,-6.16));
#5462=CARTESIAN_POINT('Origin',(-16.0000002384186,24.0000003576279,-6.16));
#5463=CARTESIAN_POINT('Origin',(-16.0000002384186,24.0000003576279,-1.5));
#5464=CARTESIAN_POINT('',(-13.0000002384186,24.0000003576279,-1.5));
#5465=CARTESIAN_POINT('Origin',(-16.0000002384186,24.0000003576279,-1.5));
#5466=CARTESIAN_POINT('',(-13.5000002384186,24.0000003576279,-1.5));
#5467=CARTESIAN_POINT('Origin',(-16.0000002384186,24.0000003576279,-1.5));
#5468=CARTESIAN_POINT('Origin',(-16.0000002384186,24.0000003576279,0.));
#5469=CARTESIAN_POINT('',(-13.5000002384186,24.0000003576279,0.));
#5470=CARTESIAN_POINT('Origin',(-13.5000002980232,16.0000002384186,3.83));
#5471=CARTESIAN_POINT('',(-13.5000002980232,13.0000002384186,3.83));
#5472=CARTESIAN_POINT('Origin',(-13.5000002980232,16.0000002384186,3.83));
#5473=CARTESIAN_POINT('',(-13.5000002980232,13.0000002384186,3.83));
#5474=CARTESIAN_POINT('Origin',(-13.5000002980232,16.0000002384186,3.83));
#5475=CARTESIAN_POINT('',(-13.5000002980232,13.5000002384186,3.83));
#5476=CARTESIAN_POINT('Origin',(-13.5000002980232,16.0000002384186,3.83));
#5477=CARTESIAN_POINT('Origin',(-13.5000002980232,8.00000011920929,3.83));
#5478=CARTESIAN_POINT('',(-13.5000002980232,5.00000011920929,3.83));
#5479=CARTESIAN_POINT('Origin',(-13.5000002980232,8.00000011920929,3.83));
#5480=CARTESIAN_POINT('',(-13.5000002980232,5.00000011920929,3.83));
#5481=CARTESIAN_POINT('Origin',(-13.5000002980232,8.00000011920929,3.83));
#5482=CARTESIAN_POINT('',(-13.5000002980232,5.50000011920929,3.83));
#5483=CARTESIAN_POINT('Origin',(-13.5000002980232,8.00000011920929,3.83));
#5484=CARTESIAN_POINT('Origin',(-13.5000002980232,-8.00000011920929,3.83));
#5485=CARTESIAN_POINT('Origin',(-13.5000002980232,-8.00000011920929,3.83));
#5486=CARTESIAN_POINT('Origin',(-13.5000002980232,-8.00000011920929,3.83));
#5487=CARTESIAN_POINT('',(-13.5000002980232,-10.5000001192093,3.83));
#5488=CARTESIAN_POINT('Origin',(-13.5000002980232,-8.00000011920929,3.83));
#5489=CARTESIAN_POINT('Origin',(-20.0000002980232,16.0000002384186,3.83));
#5490=CARTESIAN_POINT('',(-18.8000002980232,13.0000002384186,3.83));
#5491=CARTESIAN_POINT('',(-20.0000002980232,13.0000002384186,3.83));
#5492=CARTESIAN_POINT('Origin',(-18.8000002980232,16.0000002384186,3.83));
#5493=CARTESIAN_POINT('Origin',(-18.8000002980232,16.0000002384186,3.83));
#5494=CARTESIAN_POINT('',(-18.8000002980232,13.5000002384186,3.83));
#5495=CARTESIAN_POINT('Origin',(-18.8000002980232,16.0000002384186,3.83));
#5496=CARTESIAN_POINT('Origin',(-20.0000002980232,8.00000011920929,3.83));
#5497=CARTESIAN_POINT('',(-18.8000002980232,5.00000011920929,3.83));
#5498=CARTESIAN_POINT('',(-20.0000002980232,5.00000011920929,3.83));
#5499=CARTESIAN_POINT('Origin',(-18.8000002980232,8.00000011920929,3.83));
#5500=CARTESIAN_POINT('Origin',(-18.8000002980232,8.00000011920929,3.83));
#5501=CARTESIAN_POINT('',(-18.8000002980232,5.50000011920929,3.83));
#5502=CARTESIAN_POINT('Origin',(-18.8000002980232,8.00000011920929,3.83));
#5503=CARTESIAN_POINT('Origin',(-20.0000002980232,-8.00000011920929,3.83));
#5504=CARTESIAN_POINT('',(-18.8000002980232,-11.0000001192093,3.83));
#5505=CARTESIAN_POINT('',(-20.0000002980232,-11.0000001192093,3.83));
#5506=CARTESIAN_POINT('Origin',(-18.8000002980232,-8.00000011920929,3.83));
#5507=CARTESIAN_POINT('Origin',(-18.8000002980232,-8.00000011920929,3.83));
#5508=CARTESIAN_POINT('',(-18.8000002980232,-10.5000001192093,3.83));
#5509=CARTESIAN_POINT('Origin',(-18.8000002980232,-8.00000011920929,3.83));
#5510=CARTESIAN_POINT('Origin',(-20.0000002980232,16.0000002384186,3.83));
#5511=CARTESIAN_POINT('',(-20.0000002980232,13.5000002384186,3.83));
#5512=CARTESIAN_POINT('Origin',(-20.0000002980232,8.00000011920929,3.83));
#5513=CARTESIAN_POINT('',(-20.0000002980232,5.50000011920929,3.83));
#5514=CARTESIAN_POINT('Origin',(-20.0000002980232,-8.00000011920929,3.83));
#5515=CARTESIAN_POINT('',(-20.0000002980232,-10.5000001192093,3.83));
#5516=CARTESIAN_POINT('Origin',(-8.00000011920929,20.0000004172325,3.83));
#5517=CARTESIAN_POINT('',(-11.0000001192093,20.0000002980232,3.83));
#5518=CARTESIAN_POINT('Origin',(-8.00000011920929,20.0000004172325,3.83));
#5519=CARTESIAN_POINT('',(-11.0000001192093,21.5000004172325,3.83));
#5520=CARTESIAN_POINT('',(-11.0000001192093,20.0000004172325,3.83));
#5521=CARTESIAN_POINT('Origin',(-8.00000011920929,21.5000004172325,3.83));
#5522=CARTESIAN_POINT('Origin',(-8.00000011920929,20.0000004172325,3.83));
#5523=CARTESIAN_POINT('Origin',(-8.00000011920929,21.5000004172325,3.83));
#5524=CARTESIAN_POINT('',(-10.5000001192093,21.5000004172325,3.83));
#5525=CARTESIAN_POINT('Origin',(-8.00000011920929,21.5000004172325,3.83));
#5526=CARTESIAN_POINT('Origin',(-8.00000011920929,28.0000004172325,3.83));
#5527=CARTESIAN_POINT('',(-11.0000001192093,26.8000004172325,3.83));
#5528=CARTESIAN_POINT('',(-11.0000001192093,28.0000004172325,3.83));
#5529=CARTESIAN_POINT('Origin',(-8.00000011920929,26.8000004172325,3.83));
#5530=CARTESIAN_POINT('Origin',(-8.00000011920929,26.8000004172325,3.83));
#5531=CARTESIAN_POINT('',(-10.5000001192093,26.8000004172325,3.83));
#5532=CARTESIAN_POINT('Origin',(-8.00000011920929,26.8000004172325,3.83));
#5533=CARTESIAN_POINT('Origin',(-8.00000011920929,20.0000004172325,3.83));
#5534=CARTESIAN_POINT('Origin',(-8.00000011920929,28.0000004172325,3.83));
#5535=CARTESIAN_POINT('',(-10.5000001192093,28.0000004172325,3.83));
#5536=CARTESIAN_POINT('Origin',(-16.0000002384186,24.0000003576279,7.66));
#5537=CARTESIAN_POINT('',(-13.0000002384186,24.0000003576279,6.16));
#5538=CARTESIAN_POINT('',(-13.0000002384186,24.0000003576279,7.66));
#5539=CARTESIAN_POINT('Origin',(-16.0000002384186,24.0000003576279,6.16));
#5540=CARTESIAN_POINT('Origin',(-16.0000002384186,24.0000003576279,6.16));
#5541=CARTESIAN_POINT('',(-13.5000002384186,24.0000003576279,6.16));
#5542=CARTESIAN_POINT('Origin',(-16.0000002384186,24.0000003576279,6.16));
#5543=CARTESIAN_POINT('Origin',(-16.0000002384186,24.0000003576279,0.));
#5544=CARTESIAN_POINT('',(-13.0000002384186,24.0000003576279,1.5));
#5545=CARTESIAN_POINT('',(-13.0000002384186,24.0000003576279,0.));
#5546=CARTESIAN_POINT('Origin',(-16.0000002384186,24.0000003576279,1.5));
#5547=CARTESIAN_POINT('Origin',(-16.0000002384186,24.0000003576279,1.5));
#5548=CARTESIAN_POINT('',(-13.5000002384186,24.0000003576279,1.5));
#5549=CARTESIAN_POINT('Origin',(-16.0000002384186,24.0000003576279,1.5));
#5550=CARTESIAN_POINT('Origin',(-17.5,0.,0.));
#5551=CARTESIAN_POINT('',(-15.55,-2.38806125833734E-16,0.));
#5552=CARTESIAN_POINT('Origin',(-16.0000002384186,24.0000003576279,0.));
#5553=CARTESIAN_POINT('',(-13.5000002384186,24.0000003576279,0.));
#5554=CARTESIAN_POINT('Origin',(13.5000002980232,16.0000002384186,-3.83));
#5555=CARTESIAN_POINT('',(13.5000002980232,13.0000002384186,-3.83));
#5556=CARTESIAN_POINT('Origin',(13.5000002980232,16.0000002384186,-3.83));
#5557=CARTESIAN_POINT('',(13.5000002980232,13.0000002384186,-3.83));
#5558=CARTESIAN_POINT('Origin',(13.5000002980232,16.0000002384186,-3.83));
#5559=CARTESIAN_POINT('',(13.5000002980232,13.5000002384186,-3.83));
#5560=CARTESIAN_POINT('Origin',(13.5000002980232,16.0000002384186,-3.83));
#5561=CARTESIAN_POINT('Origin',(13.5000002980232,8.00000011920929,-3.83));
#5562=CARTESIAN_POINT('',(13.5000002980232,5.00000011920929,-3.83));
#5563=CARTESIAN_POINT('Origin',(13.5000002980232,8.00000011920929,-3.83));
#5564=CARTESIAN_POINT('',(13.5000002980232,5.00000011920929,-3.83));
#5565=CARTESIAN_POINT('Origin',(13.5000002980232,8.00000011920929,-3.83));
#5566=CARTESIAN_POINT('',(13.5000002980232,5.50000011920929,-3.83));
#5567=CARTESIAN_POINT('Origin',(13.5000002980232,8.00000011920929,-3.83));
#5568=CARTESIAN_POINT('Origin',(20.0000002980232,16.0000002384186,-3.83));
#5569=CARTESIAN_POINT('',(18.8000002980232,13.0000002384186,-3.83));
#5570=CARTESIAN_POINT('',(20.0000002980232,13.0000002384186,-3.83));
#5571=CARTESIAN_POINT('Origin',(18.8000002980232,16.0000002384186,-3.83));
#5572=CARTESIAN_POINT('Origin',(18.8000002980232,16.0000002384186,-3.83));
#5573=CARTESIAN_POINT('',(18.8000002980232,13.5000002384186,-3.83));
#5574=CARTESIAN_POINT('Origin',(18.8000002980232,16.0000002384186,-3.83));
#5575=CARTESIAN_POINT('Origin',(20.0000002980232,8.00000011920929,-3.83));
#5576=CARTESIAN_POINT('',(18.8000002980232,5.00000011920929,-3.83));
#5577=CARTESIAN_POINT('',(20.0000002980232,5.00000011920929,-3.83));
#5578=CARTESIAN_POINT('Origin',(18.8000002980232,8.00000011920929,-3.83));
#5579=CARTESIAN_POINT('Origin',(18.8000002980232,8.00000011920929,-3.83));
#5580=CARTESIAN_POINT('',(18.8000002980232,5.50000011920929,-3.83));
#5581=CARTESIAN_POINT('Origin',(18.8000002980232,8.00000011920929,-3.83));
#5582=CARTESIAN_POINT('Origin',(20.0000002980232,-8.00000011920929,-3.83));
#5583=CARTESIAN_POINT('',(20.0000002980232,-11.0000001192093,-3.83));
#5584=CARTESIAN_POINT('Origin',(20.0000002980232,-8.00000011920929,-3.83));
#5585=CARTESIAN_POINT('',(18.8000002980232,-11.0000001192093,-3.83));
#5586=CARTESIAN_POINT('',(20.0000002980232,-11.0000001192093,-3.83));
#5587=CARTESIAN_POINT('Origin',(18.8000002980232,-8.00000011920929,-3.83));
#5588=CARTESIAN_POINT('Origin',(18.8000002980232,-8.00000011920929,-3.83));
#5589=CARTESIAN_POINT('',(18.8000002980232,-10.5000001192093,-3.83));
#5590=CARTESIAN_POINT('Origin',(18.8000002980232,-8.00000011920929,-3.83));
#5591=CARTESIAN_POINT('Origin',(20.0000002980232,16.0000002384186,-3.83));
#5592=CARTESIAN_POINT('',(20.0000002980232,13.5000002384186,-3.83));
#5593=CARTESIAN_POINT('Origin',(20.0000002980232,8.00000011920929,-3.83));
#5594=CARTESIAN_POINT('',(20.0000002980232,5.50000011920929,-3.83));
#5595=CARTESIAN_POINT('Origin',(20.0000002980232,-8.00000011920929,-3.83));
#5596=CARTESIAN_POINT('',(20.0000002980232,-10.5000001192093,-3.83));
#5597=CARTESIAN_POINT('Origin',(0.,20.0000004172325,-3.83));
#5598=CARTESIAN_POINT('',(3.,21.5000004172325,-3.83));
#5599=CARTESIAN_POINT('',(3.,20.0000004172325,-3.83));
#5600=CARTESIAN_POINT('Origin',(0.,21.5000004172325,-3.83));
#5601=CARTESIAN_POINT('Origin',(1.5,21.5000004172325,-3.83));
#5602=CARTESIAN_POINT('',(2.5,21.5000004172325,-3.83));
#5603=CARTESIAN_POINT('Origin',(0.,21.5000004172325,-3.83));
#5604=CARTESIAN_POINT('Origin',(8.00000011920929,20.0000004172325,-3.83));
#5605=CARTESIAN_POINT('',(11.0000001192093,20.0000002980232,-3.83));
#5606=CARTESIAN_POINT('Origin',(8.00000011920929,20.0000004172325,-3.83));
#5607=CARTESIAN_POINT('',(11.0000001192093,21.5000004172325,-3.83));
#5608=CARTESIAN_POINT('',(11.0000001192093,20.0000004172325,-3.83));
#5609=CARTESIAN_POINT('Origin',(8.00000011920929,21.5000004172325,-3.83));
#5610=CARTESIAN_POINT('Origin',(8.00000011920929,20.0000004172325,-3.83));
#5611=CARTESIAN_POINT('Origin',(8.00000011920929,21.5000004172325,-3.83));
#5612=CARTESIAN_POINT('',(10.5000001192093,21.5000004172325,-3.83));
#5613=CARTESIAN_POINT('Origin',(8.00000011920929,21.5000004172325,-3.83));
#5614=CARTESIAN_POINT('Origin',(0.,28.0000004172325,-3.83));
#5615=CARTESIAN_POINT('',(2.5,26.8000004172325,-3.83));
#5616=CARTESIAN_POINT('Origin',(0.,26.8000004172325,-3.83));
#5617=CARTESIAN_POINT('',(2.5,28.0000004172325,-3.83));
#5618=CARTESIAN_POINT('Origin',(0.,28.0000004172325,-3.83));
#5619=CARTESIAN_POINT('',(3.,26.8000004172325,-3.83));
#5620=CARTESIAN_POINT('',(3.,28.0000004172325,-3.83));
#5621=CARTESIAN_POINT('Origin',(0.,26.8000004172325,-3.83));
#5622=CARTESIAN_POINT('Origin',(1.5,26.8000004172325,-3.83));
#5623=CARTESIAN_POINT('Origin',(8.00000011920929,28.0000004172325,-3.83));
#5624=CARTESIAN_POINT('',(11.0000001192093,26.8000004172325,-3.83));
#5625=CARTESIAN_POINT('',(11.0000001192093,28.0000004172325,-3.83));
#5626=CARTESIAN_POINT('Origin',(8.00000011920929,26.8000004172325,-3.83));
#5627=CARTESIAN_POINT('Origin',(8.00000011920929,26.8000004172325,-3.83));
#5628=CARTESIAN_POINT('',(10.5000001192093,26.8000004172325,-3.83));
#5629=CARTESIAN_POINT('Origin',(8.00000011920929,26.8000004172325,-3.83));
#5630=CARTESIAN_POINT('Origin',(8.00000011920929,20.0000004172325,-3.83));
#5631=CARTESIAN_POINT('Origin',(8.00000011920929,28.0000004172325,-3.83));
#5632=CARTESIAN_POINT('',(10.5000001192093,28.0000004172325,-3.83));
#5633=CARTESIAN_POINT('Origin',(16.0000002384186,24.0000003576279,-7.66));
#5634=CARTESIAN_POINT('',(13.0000002384186,24.0000003576279,-6.16));
#5635=CARTESIAN_POINT('',(13.0000002384186,24.0000003576279,-7.66));
#5636=CARTESIAN_POINT('Origin',(16.0000002384186,24.0000003576279,-6.16));
#5637=CARTESIAN_POINT('Origin',(16.0000002384186,24.0000003576279,-6.16));
#5638=CARTESIAN_POINT('',(13.5000002384186,24.0000003576279,-6.16));
#5639=CARTESIAN_POINT('Origin',(16.0000002384186,24.0000003576279,-6.16));
#5640=CARTESIAN_POINT('Origin',(16.0000002384186,24.0000003576279,-1.5));
#5641=CARTESIAN_POINT('',(13.0000002384186,24.0000003576279,-1.5));
#5642=CARTESIAN_POINT('Origin',(16.0000002384186,24.0000003576279,-1.5));
#5643=CARTESIAN_POINT('',(13.5000002384186,24.0000003576279,-1.5));
#5644=CARTESIAN_POINT('Origin',(16.0000002384186,24.0000003576279,-1.5));
#5645=CARTESIAN_POINT('Origin',(16.0000002384186,24.0000003576279,0.));
#5646=CARTESIAN_POINT('',(13.5000002384186,24.0000003576279,0.));
#5647=CARTESIAN_POINT('Origin',(13.5000002980232,16.0000002384186,3.83));
#5648=CARTESIAN_POINT('',(13.5000002980232,13.0000002384186,3.83));
#5649=CARTESIAN_POINT('Origin',(13.5000002980232,16.0000002384186,3.83));
#5650=CARTESIAN_POINT('',(13.5000002980232,13.0000002384186,3.83));
#5651=CARTESIAN_POINT('Origin',(13.5000002980232,16.0000002384186,3.83));
#5652=CARTESIAN_POINT('',(13.5000002980232,13.5000002384186,3.83));
#5653=CARTESIAN_POINT('Origin',(13.5000002980232,16.0000002384186,3.83));
#5654=CARTESIAN_POINT('Origin',(13.5000002980232,8.00000011920929,3.83));
#5655=CARTESIAN_POINT('',(13.5000002980232,5.00000011920929,3.83));
#5656=CARTESIAN_POINT('Origin',(13.5000002980232,8.00000011920929,3.83));
#5657=CARTESIAN_POINT('',(13.5000002980232,5.00000011920929,3.83));
#5658=CARTESIAN_POINT('Origin',(13.5000002980232,8.00000011920929,3.83));
#5659=CARTESIAN_POINT('',(13.5000002980232,5.50000011920929,3.83));
#5660=CARTESIAN_POINT('Origin',(13.5000002980232,8.00000011920929,3.83));
#5661=CARTESIAN_POINT('Origin',(13.5000002980232,-8.00000011920929,3.83));
#5662=CARTESIAN_POINT('Origin',(13.5000002980232,-8.00000011920929,3.83));
#5663=CARTESIAN_POINT('Origin',(13.5000002980232,-8.00000011920929,3.83));
#5664=CARTESIAN_POINT('',(13.5000002980232,-10.5000001192093,3.83));
#5665=CARTESIAN_POINT('Origin',(13.5000002980232,-8.00000011920929,3.83));
#5666=CARTESIAN_POINT('Origin',(20.0000002980232,16.0000002384186,3.83));
#5667=CARTESIAN_POINT('',(18.8000002980232,13.0000002384186,3.83));
#5668=CARTESIAN_POINT('',(20.0000002980232,13.0000002384186,3.83));
#5669=CARTESIAN_POINT('Origin',(18.8000002980232,16.0000002384186,3.83));
#5670=CARTESIAN_POINT('Origin',(18.8000002980232,16.0000002384186,3.83));
#5671=CARTESIAN_POINT('',(18.8000002980232,13.5000002384186,3.83));
#5672=CARTESIAN_POINT('Origin',(18.8000002980232,16.0000002384186,3.83));
#5673=CARTESIAN_POINT('Origin',(20.0000002980232,8.00000011920929,3.83));
#5674=CARTESIAN_POINT('',(18.8000002980232,5.00000011920929,3.83));
#5675=CARTESIAN_POINT('',(20.0000002980232,5.00000011920929,3.83));
#5676=CARTESIAN_POINT('Origin',(18.8000002980232,8.00000011920929,3.83));
#5677=CARTESIAN_POINT('Origin',(18.8000002980232,8.00000011920929,3.83));
#5678=CARTESIAN_POINT('',(18.8000002980232,5.50000011920929,3.83));
#5679=CARTESIAN_POINT('Origin',(18.8000002980232,8.00000011920929,3.83));
#5680=CARTESIAN_POINT('Origin',(20.0000002980232,-8.00000011920929,3.83));
#5681=CARTESIAN_POINT('',(20.0000002980232,-11.0000001192093,3.83));
#5682=CARTESIAN_POINT('Origin',(20.0000002980232,-8.00000011920929,3.83));
#5683=CARTESIAN_POINT('',(18.8000002980232,-11.0000001192093,3.83));
#5684=CARTESIAN_POINT('',(20.0000002980232,-11.0000001192093,3.83));
#5685=CARTESIAN_POINT('Origin',(18.8000002980232,-8.00000011920929,3.83));
#5686=CARTESIAN_POINT('Origin',(18.8000002980232,-8.00000011920929,3.83));
#5687=CARTESIAN_POINT('',(18.8000002980232,-10.5000001192093,3.83));
#5688=CARTESIAN_POINT('Origin',(18.8000002980232,-8.00000011920929,3.83));
#5689=CARTESIAN_POINT('Origin',(20.0000002980232,16.0000002384186,3.83));
#5690=CARTESIAN_POINT('',(20.0000002980232,13.5000002384186,3.83));
#5691=CARTESIAN_POINT('Origin',(20.0000002980232,8.00000011920929,3.83));
#5692=CARTESIAN_POINT('',(20.0000002980232,5.50000011920929,3.83));
#5693=CARTESIAN_POINT('Origin',(20.0000002980232,-8.00000011920929,3.83));
#5694=CARTESIAN_POINT('',(20.0000002980232,-10.5000001192093,3.83));
#5695=CARTESIAN_POINT('Origin',(0.,20.0000004172325,3.83));
#5696=CARTESIAN_POINT('',(3.,21.5000004172325,3.83));
#5697=CARTESIAN_POINT('',(3.,20.0000004172325,3.83));
#5698=CARTESIAN_POINT('Origin',(0.,21.5000004172325,3.83));
#5699=CARTESIAN_POINT('Origin',(1.5,21.5000004172325,3.83));
#5700=CARTESIAN_POINT('',(2.5,21.5000004172325,3.83));
#5701=CARTESIAN_POINT('Origin',(0.,21.5000004172325,3.83));
#5702=CARTESIAN_POINT('Origin',(8.00000011920929,20.0000004172325,3.83));
#5703=CARTESIAN_POINT('',(11.0000001192093,20.0000002980232,3.83));
#5704=CARTESIAN_POINT('Origin',(8.00000011920929,20.0000004172325,3.83));
#5705=CARTESIAN_POINT('Origin',(8.00000011920929,20.0000004172325,3.83));
#5706=CARTESIAN_POINT('',(11.0000001192093,21.5000004172325,3.83));
#5707=CARTESIAN_POINT('',(11.0000001192093,20.0000004172325,3.83));
#5708=CARTESIAN_POINT('Origin',(8.00000011920929,21.5000004172325,3.83));
#5709=CARTESIAN_POINT('Origin',(8.00000011920929,21.5000004172325,3.83));
#5710=CARTESIAN_POINT('',(10.5000001192093,21.5000004172325,3.83));
#5711=CARTESIAN_POINT('Origin',(8.00000011920929,21.5000004172325,3.83));
#5712=CARTESIAN_POINT('Origin',(0.,28.0000004172325,3.83));
#5713=CARTESIAN_POINT('',(2.5,26.8000004172325,3.83));
#5714=CARTESIAN_POINT('Origin',(0.,26.8000004172325,3.83));
#5715=CARTESIAN_POINT('',(2.5,28.0000004172325,3.83));
#5716=CARTESIAN_POINT('Origin',(0.,28.0000004172325,3.83));
#5717=CARTESIAN_POINT('',(3.,26.8000004172325,3.83));
#5718=CARTESIAN_POINT('',(3.,28.0000004172325,3.83));
#5719=CARTESIAN_POINT('Origin',(0.,26.8000004172325,3.83));
#5720=CARTESIAN_POINT('Origin',(1.5,26.8000004172325,3.83));
#5721=CARTESIAN_POINT('Origin',(8.00000011920929,28.0000004172325,3.83));
#5722=CARTESIAN_POINT('',(11.0000001192093,26.8000004172325,3.83));
#5723=CARTESIAN_POINT('',(11.0000001192093,28.0000004172325,3.83));
#5724=CARTESIAN_POINT('Origin',(8.00000011920929,26.8000004172325,3.83));
#5725=CARTESIAN_POINT('Origin',(8.00000011920929,26.8000004172325,3.83));
#5726=CARTESIAN_POINT('',(10.5000001192093,26.8000004172325,3.83));
#5727=CARTESIAN_POINT('Origin',(8.00000011920929,26.8000004172325,3.83));
#5728=CARTESIAN_POINT('Origin',(8.00000011920929,20.0000004172325,3.83));
#5729=CARTESIAN_POINT('Origin',(8.00000011920929,28.0000004172325,3.83));
#5730=CARTESIAN_POINT('',(10.5000001192093,28.0000004172325,3.83));
#5731=CARTESIAN_POINT('Origin',(16.0000002384186,24.0000003576279,7.66));
#5732=CARTESIAN_POINT('',(13.0000002384186,24.0000003576279,6.16));
#5733=CARTESIAN_POINT('',(13.0000002384186,24.0000003576279,7.66));
#5734=CARTESIAN_POINT('Origin',(16.0000002384186,24.0000003576279,6.16));
#5735=CARTESIAN_POINT('Origin',(16.0000002384186,24.0000003576279,6.16));
#5736=CARTESIAN_POINT('',(13.5000002384186,24.0000003576279,6.16));
#5737=CARTESIAN_POINT('Origin',(16.0000002384186,24.0000003576279,6.16));
#5738=CARTESIAN_POINT('Origin',(16.0000002384186,24.0000003576279,0.));
#5739=CARTESIAN_POINT('',(13.0000002384186,24.0000003576279,1.5));
#5740=CARTESIAN_POINT('',(13.0000002384186,24.0000003576279,0.));
#5741=CARTESIAN_POINT('Origin',(16.0000002384186,24.0000003576279,1.5));
#5742=CARTESIAN_POINT('Origin',(16.0000002384186,24.0000003576279,1.5));
#5743=CARTESIAN_POINT('',(13.5000002384186,24.0000003576279,1.5));
#5744=CARTESIAN_POINT('Origin',(16.0000002384186,24.0000003576279,1.5));
#5745=CARTESIAN_POINT('Origin',(17.5,0.,0.));
#5746=CARTESIAN_POINT('',(15.55,-2.38806125833734E-16,0.));
#5747=CARTESIAN_POINT('Origin',(16.0000002384186,24.0000003576279,0.));
#5748=CARTESIAN_POINT('',(13.5000002384186,24.0000003576279,0.));
#5749=CARTESIAN_POINT('Origin',(20.0000002980232,-12.0000001788139,0.));
#5750=UNCERTAINTY_MEASURE_WITH_UNIT(LENGTH_MEASURE(0.01),#5754,
'DISTANCE_ACCURACY_VALUE',
'Maximum model space distance between geometric entities at asserted c
onnectivities');
#5751=UNCERTAINTY_MEASURE_WITH_UNIT(LENGTH_MEASURE(0.01),#5754,
'DISTANCE_ACCURACY_VALUE',
'Maximum model space distance between geometric entities at asserted c
onnectivities');
#5752=(
GEOMETRIC_REPRESENTATION_CONTEXT(3)
GLOBAL_UNCERTAINTY_ASSIGNED_CONTEXT((#5750))
GLOBAL_UNIT_ASSIGNED_CONTEXT((#5754,#5756,#5757))
REPRESENTATION_CONTEXT('','3D')
);
#5753=(
GEOMETRIC_REPRESENTATION_CONTEXT(3)
GLOBAL_UNCERTAINTY_ASSIGNED_CONTEXT((#5751))
GLOBAL_UNIT_ASSIGNED_CONTEXT((#5754,#5756,#5757))
REPRESENTATION_CONTEXT('','3D')
);
#5754=(
LENGTH_UNIT()
NAMED_UNIT(*)
SI_UNIT(.MILLI.,.METRE.)
);
#5755=(
LENGTH_UNIT()
NAMED_UNIT(*)
SI_UNIT($,.METRE.)
);
#5756=(
NAMED_UNIT(*)
PLANE_ANGLE_UNIT()
SI_UNIT($,.RADIAN.)
);
#5757=(
NAMED_UNIT(*)
SI_UNIT($,.STERADIAN.)
SOLID_ANGLE_UNIT()
);
#5758=SHAPE_DEFINITION_REPRESENTATION(#5759,#5760);
#5759=PRODUCT_DEFINITION_SHAPE('',$,#5762);
#5760=SHAPE_REPRESENTATION('',(#2894),#5752);
#5761=PRODUCT_DEFINITION_CONTEXT('part definition',#5766,'design');
#5762=PRODUCT_DEFINITION('motor_krok','motor_krok v1',#5763,#5761);
#5763=PRODUCT_DEFINITION_FORMATION('',$,#5768);
#5764=PRODUCT_RELATED_PRODUCT_CATEGORY('motor_krok v1','motor_krok v1',
(#5768));
#5765=APPLICATION_PROTOCOL_DEFINITION('international standard',
'automotive_design',2009,#5766);
#5766=APPLICATION_CONTEXT(
'Core Data for Automotive Mechanical Design Process');
#5767=PRODUCT_CONTEXT('part definition',#5766,'mechanical');
#5768=PRODUCT('motor_krok','motor_krok v1',$,(#5767));
#5769=PRESENTATION_STYLE_ASSIGNMENT((#5770));
#5770=SURFACE_STYLE_USAGE(.BOTH.,#5771);
#5771=SURFACE_SIDE_STYLE('',(#5772));
#5772=SURFACE_STYLE_FILL_AREA(#5773);
#5773=FILL_AREA_STYLE('Steel - Satin',(#5774));
#5774=FILL_AREA_STYLE_COLOUR('Steel - Satin',#5775);
#5775=COLOUR_RGB('Steel - Satin',0.627450980392157,0.627450980392157,0.627450980392157);
ENDSEC;
END-ISO-10303-21;
