ISO-10303-21;
HEADER;
/* Generated by software containing ST-Developer
 * from STEP Tools, Inc. (www.steptools.com) 
 */

FILE_DESCRIPTION(
/* description */ (''),
/* implementation_level */ '2;1');

FILE_NAME(
/* name */ 'PIR.step',
/* time_stamp */ '2024-11-18T08:32:48+01:00',
/* author */ (''),
/* organization */ (''),
/* preprocessor_version */ 'ST-DEVELOPER v20',
/* originating_system */ 'Autodesk Translation Framework v13.20.0.188',

/* authorisation */ '');

FILE_SCHEMA (('AUTOMOTIVE_DESIGN { 1 0 10303 214 3 1 1 }'));
ENDSEC;

DATA;
#10=MECHANICAL_DESIGN_GEOMETRIC_PRESENTATION_REPRESENTATION('',(#13),#3773);
#11=SHAPE_REPRESENTATION_RELATIONSHIP('SRR','None',#3780,#12);
#12=ADVANCED_BREP_SHAPE_REPRESENTATION('',(#14),#3772);
#13=STYLED_ITEM('',(#3789),#14);
#14=MANIFOLD_SOLID_BREP('Body1',#2060);
#15=B_SPLINE_SURFACE_WITH_KNOTS('',3,3,((#3351,#3352,#3353,#3354,#3355,
#3356),(#3357,#3358,#3359,#3360,#3361,#3362),(#3363,#3364,#3365,#3366,#3367,
#3368),(#3369,#3370,#3371,#3372,#3373,#3374)),.UNSPECIFIED.,.F.,.F.,.F.,
(4,4),(4,2,4),(0.,1.),(-0.465862682572109,-0.460521112638485,-0.323161703552235),
 .UNSPECIFIED.);
#16=SPHERICAL_SURFACE('',#2138,0.5);
#17=SPHERICAL_SURFACE('',#2158,0.5);
#18=SPHERICAL_SURFACE('',#2177,0.5);
#19=SPHERICAL_SURFACE('',#2183,0.5);
#20=SPHERICAL_SURFACE('',#2187,0.5);
#21=SPHERICAL_SURFACE('',#2276,0.5);
#22=SPHERICAL_SURFACE('',#2292,0.5);
#23=SPHERICAL_SURFACE('',#2296,0.5);
#24=SPHERICAL_SURFACE('',#2317,0.5);
#25=SPHERICAL_SURFACE('',#2318,0.5);
#26=ELLIPSE('',#2129,0.707106876016973,0.5);
#27=ELLIPSE('',#2131,0.707106876016978,0.5);
#28=ELLIPSE('',#2167,0.707106781186549,0.5);
#29=ELLIPSE('',#2169,0.707106781186548,0.5);
#30=ELLIPSE('',#2279,0.707106781186548,0.5);
#31=ELLIPSE('',#2281,0.707106781186546,0.5);
#32=ELLIPSE('',#2300,0.707106876016975,0.5);
#33=ELLIPSE('',#2302,0.70710687601698,0.5);
#34=ELLIPSE('',#2305,0.707106781186548,0.5);
#35=FACE_BOUND('',#255,.T.);
#36=FACE_BOUND('',#256,.T.);
#37=FACE_BOUND('',#257,.T.);
#38=FACE_BOUND('',#258,.T.);
#39=FACE_BOUND('',#264,.T.);
#40=FACE_BOUND('',#268,.T.);
#41=FACE_BOUND('',#321,.T.);
#42=FACE_BOUND('',#322,.T.);
#43=FACE_BOUND('',#323,.T.);
#44=FACE_BOUND('',#324,.T.);
#45=FACE_BOUND('',#363,.T.);
#46=FACE_BOUND('',#365,.T.);
#47=FACE_BOUND('',#369,.T.);
#48=FACE_BOUND('',#371,.T.);
#49=FACE_BOUND('',#375,.T.);
#50=FACE_BOUND('',#377,.T.);
#51=FACE_BOUND('',#381,.T.);
#52=FACE_BOUND('',#383,.T.);
#53=FACE_BOUND('',#387,.T.);
#54=FACE_BOUND('',#389,.T.);
#55=FACE_BOUND('',#393,.T.);
#56=FACE_BOUND('',#395,.T.);
#57=PLANE('',#2087);
#58=PLANE('',#2111);
#59=PLANE('',#2112);
#60=PLANE('',#2117);
#61=PLANE('',#2118);
#62=PLANE('',#2140);
#63=PLANE('',#2143);
#64=PLANE('',#2144);
#65=PLANE('',#2145);
#66=PLANE('',#2150);
#67=PLANE('',#2195);
#68=PLANE('',#2198);
#69=PLANE('',#2199);
#70=PLANE('',#2200);
#71=PLANE('',#2203);
#72=PLANE('',#2210);
#73=PLANE('',#2227);
#74=PLANE('',#2319);
#75=PLANE('',#2324);
#76=PLANE('',#2325);
#77=PLANE('',#2331);
#78=PLANE('',#2332);
#79=PLANE('',#2338);
#80=PLANE('',#2339);
#81=PLANE('',#2345);
#82=PLANE('',#2346);
#83=PLANE('',#2352);
#84=PLANE('',#2353);
#85=PLANE('',#2359);
#86=PLANE('',#2360);
#87=PLANE('',#2363);
#88=PLANE('',#2364);
#89=PLANE('',#2367);
#90=B_SPLINE_CURVE_WITH_KNOTS('',3,(#3116,#3117,#3118,#3119,#3120,#3121),
 .UNSPECIFIED.,.F.,.F.,(4,2,4),(0.0306748488186131,0.0367830795695179,0.0497848298515894),
 .UNSPECIFIED.);
#91=B_SPLINE_CURVE_WITH_KNOTS('',3,(#3204,#3205,#3206,#3207,#3208,#3209),
 .UNSPECIFIED.,.F.,.F.,(4,2,4),(0.566831375363059,0.655507944428213,0.801196673278745),
 .UNSPECIFIED.);
#92=B_SPLINE_CURVE_WITH_KNOTS('',3,(#3273,#3274,#3275,#3276,#3277,#3278,
#3279,#3280,#3281,#3282,#3283,#3284,#3285,#3286),.UNSPECIFIED.,.F.,.F.,
(4,2,2,2,2,2,4),(-0.0924019353736117,-0.0919951573191042,-0.0716148535814255,
-0.0516988222995261,-0.0301403358502697,-0.0140287146929381,0.),
 .UNSPECIFIED.);
#93=B_SPLINE_CURVE_WITH_KNOTS('',3,(#3295,#3296,#3297,#3298,#3299,#3300),
 .UNSPECIFIED.,.F.,.F.,(4,2,4),(0.,0.0748193192230556,0.149638638446111),
 .UNSPECIFIED.);
#94=B_SPLINE_CURVE_WITH_KNOTS('',3,(#3337,#3338,#3339,#3340,#3341,#3342),
 .UNSPECIFIED.,.F.,.F.,(4,2,4),(0.323161703552235,0.460521112638485,0.465862682572109),
 .UNSPECIFIED.);
#95=B_SPLINE_CURVE_WITH_KNOTS('',3,(#3427,#3428,#3429,#3430,#3431,#3432),
 .UNSPECIFIED.,.F.,.F.,(4,2,4),(0.,0.0748193192230557,0.149638638446111),
 .UNSPECIFIED.);
#96=B_SPLINE_CURVE_WITH_KNOTS('',3,(#3652,#3653,#3654,#3655,#3656,#3657,
#3658,#3659,#3660,#3661,#3662,#3663,#3664,#3665),.UNSPECIFIED.,.F.,.F.,
(4,2,2,2,2,2,4),(-0.000410217610806084,0.,0.0205526316394568,0.0406370651145274,
0.0623778417172846,0.0786256964595143,0.0927730324926303),.UNSPECIFIED.);
#97=(
BOUNDED_SURFACE()
B_SPLINE_SURFACE(2,2,((#3097,#3098,#3099,#3100,#3101),(#3102,#3103,#3104,
#3105,#3106),(#3107,#3108,#3109,#3110,#3111)),.UNSPECIFIED.,.F.,.F.,.F.)
B_SPLINE_SURFACE_WITH_KNOTS((3,3),(3,2,3),(-3.14159265358979,-1.5707963267949),
(-3.14159265358979,-2.32467548450063,-1.50775831541146),.UNSPECIFIED.)
GEOMETRIC_REPRESENTATION_ITEM()
RATIONAL_B_SPLINE_SURFACE(((1.,0.91773415563041,1.,0.91773415563041,1.),
(0.707106781186542,0.648936044772768,0.707106781186542,0.648936044772768,
0.707106781186542),(1.,0.91773415563041,1.,0.91773415563041,1.)))
REPRESENTATION_ITEM('')
SURFACE()
);
#98=TOROIDAL_SURFACE('',#2077,3.,1.);
#99=TOROIDAL_SURFACE('',#2107,3.,1.);
#100=TOROIDAL_SURFACE('',#2125,3.5,0.5);
#101=TOROIDAL_SURFACE('',#2133,3.,0.5);
#102=TOROIDAL_SURFACE('',#2154,3.,0.5);
#103=TOROIDAL_SURFACE('',#2163,2.49999999999999,0.5);
#104=TOROIDAL_SURFACE('',#2172,2.49999999999999,0.5);
#105=TOROIDAL_SURFACE('',#2179,3.,0.5);
#106=TOROIDAL_SURFACE('',#2211,1.5,0.5);
#107=TOROIDAL_SURFACE('',#2216,1.5,0.5);
#108=TOROIDAL_SURFACE('',#2221,3.5,0.5);
#109=TOROIDAL_SURFACE('',#2243,3.5,0.5);
#110=TOROIDAL_SURFACE('',#2252,3.5,0.5);
#111=TOROIDAL_SURFACE('',#2258,3.5,0.5);
#112=TOROIDAL_SURFACE('',#2264,3.5,0.5);
#113=TOROIDAL_SURFACE('',#2273,3.,0.5);
#114=TOROIDAL_SURFACE('',#2285,2.49999999999999,0.5);
#115=TOROIDAL_SURFACE('',#2288,2.49999999999999,0.5);
#116=TOROIDAL_SURFACE('',#2293,3.,0.5);
#117=TOROIDAL_SURFACE('',#2297,3.,0.5);
#118=TOROIDAL_SURFACE('',#2309,1.5,0.5);
#119=TOROIDAL_SURFACE('',#2313,3.5,0.5);
#120=FACE_OUTER_BOUND('',#250,.T.);
#121=FACE_OUTER_BOUND('',#251,.T.);
#122=FACE_OUTER_BOUND('',#252,.T.);
#123=FACE_OUTER_BOUND('',#253,.T.);
#124=FACE_OUTER_BOUND('',#254,.T.);
#125=FACE_OUTER_BOUND('',#259,.T.);
#126=FACE_OUTER_BOUND('',#260,.T.);
#127=FACE_OUTER_BOUND('',#261,.T.);
#128=FACE_OUTER_BOUND('',#262,.T.);
#129=FACE_OUTER_BOUND('',#263,.T.);
#130=FACE_OUTER_BOUND('',#265,.T.);
#131=FACE_OUTER_BOUND('',#266,.T.);
#132=FACE_OUTER_BOUND('',#267,.T.);
#133=FACE_OUTER_BOUND('',#269,.T.);
#134=FACE_OUTER_BOUND('',#270,.T.);
#135=FACE_OUTER_BOUND('',#271,.T.);
#136=FACE_OUTER_BOUND('',#272,.T.);
#137=FACE_OUTER_BOUND('',#273,.T.);
#138=FACE_OUTER_BOUND('',#274,.T.);
#139=FACE_OUTER_BOUND('',#275,.T.);
#140=FACE_OUTER_BOUND('',#276,.T.);
#141=FACE_OUTER_BOUND('',#277,.T.);
#142=FACE_OUTER_BOUND('',#278,.T.);
#143=FACE_OUTER_BOUND('',#279,.T.);
#144=FACE_OUTER_BOUND('',#280,.T.);
#145=FACE_OUTER_BOUND('',#281,.T.);
#146=FACE_OUTER_BOUND('',#282,.T.);
#147=FACE_OUTER_BOUND('',#283,.T.);
#148=FACE_OUTER_BOUND('',#284,.T.);
#149=FACE_OUTER_BOUND('',#285,.T.);
#150=FACE_OUTER_BOUND('',#286,.T.);
#151=FACE_OUTER_BOUND('',#287,.T.);
#152=FACE_OUTER_BOUND('',#288,.T.);
#153=FACE_OUTER_BOUND('',#289,.T.);
#154=FACE_OUTER_BOUND('',#290,.T.);
#155=FACE_OUTER_BOUND('',#291,.T.);
#156=FACE_OUTER_BOUND('',#292,.T.);
#157=FACE_OUTER_BOUND('',#293,.T.);
#158=FACE_OUTER_BOUND('',#294,.T.);
#159=FACE_OUTER_BOUND('',#295,.T.);
#160=FACE_OUTER_BOUND('',#296,.T.);
#161=FACE_OUTER_BOUND('',#297,.T.);
#162=FACE_OUTER_BOUND('',#298,.T.);
#163=FACE_OUTER_BOUND('',#299,.T.);
#164=FACE_OUTER_BOUND('',#300,.T.);
#165=FACE_OUTER_BOUND('',#301,.T.);
#166=FACE_OUTER_BOUND('',#302,.T.);
#167=FACE_OUTER_BOUND('',#303,.T.);
#168=FACE_OUTER_BOUND('',#304,.T.);
#169=FACE_OUTER_BOUND('',#305,.T.);
#170=FACE_OUTER_BOUND('',#306,.T.);
#171=FACE_OUTER_BOUND('',#307,.T.);
#172=FACE_OUTER_BOUND('',#308,.T.);
#173=FACE_OUTER_BOUND('',#309,.T.);
#174=FACE_OUTER_BOUND('',#310,.T.);
#175=FACE_OUTER_BOUND('',#311,.T.);
#176=FACE_OUTER_BOUND('',#312,.T.);
#177=FACE_OUTER_BOUND('',#313,.T.);
#178=FACE_OUTER_BOUND('',#314,.T.);
#179=FACE_OUTER_BOUND('',#315,.T.);
#180=FACE_OUTER_BOUND('',#316,.T.);
#181=FACE_OUTER_BOUND('',#317,.T.);
#182=FACE_OUTER_BOUND('',#318,.T.);
#183=FACE_OUTER_BOUND('',#319,.T.);
#184=FACE_OUTER_BOUND('',#320,.T.);
#185=FACE_OUTER_BOUND('',#325,.T.);
#186=FACE_OUTER_BOUND('',#326,.T.);
#187=FACE_OUTER_BOUND('',#327,.T.);
#188=FACE_OUTER_BOUND('',#328,.T.);
#189=FACE_OUTER_BOUND('',#329,.T.);
#190=FACE_OUTER_BOUND('',#330,.T.);
#191=FACE_OUTER_BOUND('',#331,.T.);
#192=FACE_OUTER_BOUND('',#332,.T.);
#193=FACE_OUTER_BOUND('',#333,.T.);
#194=FACE_OUTER_BOUND('',#334,.T.);
#195=FACE_OUTER_BOUND('',#335,.T.);
#196=FACE_OUTER_BOUND('',#336,.T.);
#197=FACE_OUTER_BOUND('',#337,.T.);
#198=FACE_OUTER_BOUND('',#338,.T.);
#199=FACE_OUTER_BOUND('',#339,.T.);
#200=FACE_OUTER_BOUND('',#340,.T.);
#201=FACE_OUTER_BOUND('',#341,.T.);
#202=FACE_OUTER_BOUND('',#342,.T.);
#203=FACE_OUTER_BOUND('',#343,.T.);
#204=FACE_OUTER_BOUND('',#344,.T.);
#205=FACE_OUTER_BOUND('',#345,.T.);
#206=FACE_OUTER_BOUND('',#346,.T.);
#207=FACE_OUTER_BOUND('',#347,.T.);
#208=FACE_OUTER_BOUND('',#348,.T.);
#209=FACE_OUTER_BOUND('',#349,.T.);
#210=FACE_OUTER_BOUND('',#350,.T.);
#211=FACE_OUTER_BOUND('',#351,.T.);
#212=FACE_OUTER_BOUND('',#352,.T.);
#213=FACE_OUTER_BOUND('',#353,.T.);
#214=FACE_OUTER_BOUND('',#354,.T.);
#215=FACE_OUTER_BOUND('',#355,.T.);
#216=FACE_OUTER_BOUND('',#356,.T.);
#217=FACE_OUTER_BOUND('',#357,.T.);
#218=FACE_OUTER_BOUND('',#358,.T.);
#219=FACE_OUTER_BOUND('',#359,.T.);
#220=FACE_OUTER_BOUND('',#360,.T.);
#221=FACE_OUTER_BOUND('',#361,.T.);
#222=FACE_OUTER_BOUND('',#362,.T.);
#223=FACE_OUTER_BOUND('',#364,.T.);
#224=FACE_OUTER_BOUND('',#366,.T.);
#225=FACE_OUTER_BOUND('',#367,.T.);
#226=FACE_OUTER_BOUND('',#368,.T.);
#227=FACE_OUTER_BOUND('',#370,.T.);
#228=FACE_OUTER_BOUND('',#372,.T.);
#229=FACE_OUTER_BOUND('',#373,.T.);
#230=FACE_OUTER_BOUND('',#374,.T.);
#231=FACE_OUTER_BOUND('',#376,.T.);
#232=FACE_OUTER_BOUND('',#378,.T.);
#233=FACE_OUTER_BOUND('',#379,.T.);
#234=FACE_OUTER_BOUND('',#380,.T.);
#235=FACE_OUTER_BOUND('',#382,.T.);
#236=FACE_OUTER_BOUND('',#384,.T.);
#237=FACE_OUTER_BOUND('',#385,.T.);
#238=FACE_OUTER_BOUND('',#386,.T.);
#239=FACE_OUTER_BOUND('',#388,.T.);
#240=FACE_OUTER_BOUND('',#390,.T.);
#241=FACE_OUTER_BOUND('',#391,.T.);
#242=FACE_OUTER_BOUND('',#392,.T.);
#243=FACE_OUTER_BOUND('',#394,.T.);
#244=FACE_OUTER_BOUND('',#396,.T.);
#245=FACE_OUTER_BOUND('',#397,.T.);
#246=FACE_OUTER_BOUND('',#398,.T.);
#247=FACE_OUTER_BOUND('',#399,.T.);
#248=FACE_OUTER_BOUND('',#400,.T.);
#249=FACE_OUTER_BOUND('',#401,.T.);
#250=EDGE_LOOP('',(#1275,#1276,#1277,#1278));
#251=EDGE_LOOP('',(#1279,#1280,#1281,#1282));
#252=EDGE_LOOP('',(#1283,#1284,#1285,#1286));
#253=EDGE_LOOP('',(#1287,#1288,#1289,#1290,#1291,#1292,#1293));
#254=EDGE_LOOP('',(#1294,#1295,#1296,#1297,#1298,#1299,#1300,#1301,#1302,
#1303,#1304,#1305,#1306,#1307,#1308,#1309,#1310,#1311,#1312,#1313,#1314,
#1315,#1316,#1317,#1318,#1319,#1320,#1321,#1322,#1323,#1324,#1325));
#255=EDGE_LOOP('',(#1326));
#256=EDGE_LOOP('',(#1327));
#257=EDGE_LOOP('',(#1328));
#258=EDGE_LOOP('',(#1329));
#259=EDGE_LOOP('',(#1330,#1331,#1332,#1333));
#260=EDGE_LOOP('',(#1334,#1335,#1336,#1337));
#261=EDGE_LOOP('',(#1338,#1339,#1340,#1341));
#262=EDGE_LOOP('',(#1342,#1343,#1344,#1345));
#263=EDGE_LOOP('',(#1346,#1347,#1348,#1349,#1350,#1351,#1352));
#264=EDGE_LOOP('',(#1353));
#265=EDGE_LOOP('',(#1354,#1355,#1356,#1357));
#266=EDGE_LOOP('',(#1358,#1359,#1360,#1361));
#267=EDGE_LOOP('',(#1362,#1363,#1364,#1365,#1366,#1367,#1368));
#268=EDGE_LOOP('',(#1369));
#269=EDGE_LOOP('',(#1370,#1371,#1372,#1373));
#270=EDGE_LOOP('',(#1374,#1375,#1376,#1377));
#271=EDGE_LOOP('',(#1378,#1379,#1380,#1381));
#272=EDGE_LOOP('',(#1382,#1383,#1384,#1385));
#273=EDGE_LOOP('',(#1386,#1387,#1388,#1389));
#274=EDGE_LOOP('',(#1390,#1391,#1392,#1393));
#275=EDGE_LOOP('',(#1394,#1395,#1396,#1397));
#276=EDGE_LOOP('',(#1398,#1399,#1400));
#277=EDGE_LOOP('',(#1401,#1402,#1403,#1404));
#278=EDGE_LOOP('',(#1405,#1406,#1407,#1408));
#279=EDGE_LOOP('',(#1409,#1410,#1411,#1412));
#280=EDGE_LOOP('',(#1413,#1414,#1415,#1416));
#281=EDGE_LOOP('',(#1417,#1418,#1419,#1420));
#282=EDGE_LOOP('',(#1421,#1422,#1423,#1424));
#283=EDGE_LOOP('',(#1425,#1426,#1427,#1428));
#284=EDGE_LOOP('',(#1429,#1430,#1431,#1432,#1433,#1434,#1435,#1436,#1437,
#1438));
#285=EDGE_LOOP('',(#1439,#1440,#1441,#1442));
#286=EDGE_LOOP('',(#1443,#1444,#1445));
#287=EDGE_LOOP('',(#1446,#1447,#1448,#1449));
#288=EDGE_LOOP('',(#1450,#1451,#1452));
#289=EDGE_LOOP('',(#1453,#1454,#1455,#1456));
#290=EDGE_LOOP('',(#1457,#1458,#1459,#1460));
#291=EDGE_LOOP('',(#1461,#1462,#1463,#1464));
#292=EDGE_LOOP('',(#1465,#1466,#1467,#1468));
#293=EDGE_LOOP('',(#1469,#1470,#1471,#1472));
#294=EDGE_LOOP('',(#1473,#1474,#1475,#1476));
#295=EDGE_LOOP('',(#1477,#1478,#1479,#1480));
#296=EDGE_LOOP('',(#1481,#1482,#1483));
#297=EDGE_LOOP('',(#1484,#1485,#1486,#1487));
#298=EDGE_LOOP('',(#1488,#1489,#1490));
#299=EDGE_LOOP('',(#1491,#1492,#1493,#1494));
#300=EDGE_LOOP('',(#1495,#1496,#1497));
#301=EDGE_LOOP('',(#1498,#1499,#1500,#1501));
#302=EDGE_LOOP('',(#1502,#1503,#1504,#1505));
#303=EDGE_LOOP('',(#1506,#1507,#1508,#1509));
#304=EDGE_LOOP('',(#1510,#1511,#1512,#1513));
#305=EDGE_LOOP('',(#1514,#1515,#1516,#1517));
#306=EDGE_LOOP('',(#1518,#1519,#1520,#1521));
#307=EDGE_LOOP('',(#1522,#1523,#1524,#1525));
#308=EDGE_LOOP('',(#1526,#1527,#1528,#1529));
#309=EDGE_LOOP('',(#1530,#1531,#1532,#1533));
#310=EDGE_LOOP('',(#1534,#1535,#1536,#1537));
#311=EDGE_LOOP('',(#1538,#1539,#1540,#1541));
#312=EDGE_LOOP('',(#1542,#1543,#1544,#1545));
#313=EDGE_LOOP('',(#1546,#1547,#1548,#1549));
#314=EDGE_LOOP('',(#1550,#1551,#1552,#1553,#1554,#1555));
#315=EDGE_LOOP('',(#1556,#1557,#1558,#1559));
#316=EDGE_LOOP('',(#1560,#1561,#1562,#1563));
#317=EDGE_LOOP('',(#1564,#1565,#1566,#1567));
#318=EDGE_LOOP('',(#1568,#1569,#1570,#1571));
#319=EDGE_LOOP('',(#1572,#1573,#1574,#1575,#1576,#1577));
#320=EDGE_LOOP('',(#1578,#1579,#1580,#1581,#1582,#1583,#1584,#1585,#1586,
#1587,#1588,#1589,#1590,#1591,#1592,#1593,#1594,#1595,#1596,#1597,#1598,
#1599,#1600,#1601,#1602,#1603,#1604,#1605));
#321=EDGE_LOOP('',(#1606));
#322=EDGE_LOOP('',(#1607));
#323=EDGE_LOOP('',(#1608));
#324=EDGE_LOOP('',(#1609));
#325=EDGE_LOOP('',(#1610,#1611,#1612,#1613,#1614));
#326=EDGE_LOOP('',(#1615,#1616,#1617,#1618,#1619,#1620));
#327=EDGE_LOOP('',(#1621,#1622,#1623,#1624,#1625));
#328=EDGE_LOOP('',(#1626,#1627,#1628,#1629));
#329=EDGE_LOOP('',(#1630,#1631,#1632,#1633,#1634));
#330=EDGE_LOOP('',(#1635,#1636,#1637,#1638,#1639));
#331=EDGE_LOOP('',(#1640,#1641,#1642,#1643,#1644,#1645));
#332=EDGE_LOOP('',(#1646,#1647,#1648,#1649,#1650));
#333=EDGE_LOOP('',(#1651,#1652,#1653,#1654,#1655));
#334=EDGE_LOOP('',(#1656,#1657,#1658,#1659,#1660));
#335=EDGE_LOOP('',(#1661,#1662,#1663,#1664));
#336=EDGE_LOOP('',(#1665,#1666,#1667,#1668));
#337=EDGE_LOOP('',(#1669,#1670,#1671));
#338=EDGE_LOOP('',(#1672,#1673,#1674,#1675));
#339=EDGE_LOOP('',(#1676,#1677,#1678,#1679,#1680));
#340=EDGE_LOOP('',(#1681,#1682,#1683,#1684));
#341=EDGE_LOOP('',(#1685,#1686,#1687,#1688));
#342=EDGE_LOOP('',(#1689,#1690,#1691,#1692));
#343=EDGE_LOOP('',(#1693,#1694,#1695,#1696));
#344=EDGE_LOOP('',(#1697,#1698,#1699,#1700));
#345=EDGE_LOOP('',(#1701,#1702,#1703));
#346=EDGE_LOOP('',(#1704,#1705,#1706,#1707));
#347=EDGE_LOOP('',(#1708,#1709,#1710));
#348=EDGE_LOOP('',(#1711,#1712,#1713,#1714));
#349=EDGE_LOOP('',(#1715,#1716,#1717,#1718));
#350=EDGE_LOOP('',(#1719,#1720,#1721,#1722));
#351=EDGE_LOOP('',(#1723,#1724,#1725,#1726));
#352=EDGE_LOOP('',(#1727,#1728,#1729,#1730));
#353=EDGE_LOOP('',(#1731,#1732,#1733,#1734));
#354=EDGE_LOOP('',(#1735,#1736,#1737,#1738));
#355=EDGE_LOOP('',(#1739,#1740,#1741,#1742,#1743,#1744,#1745));
#356=EDGE_LOOP('',(#1746,#1747,#1748,#1749,#1750,#1751));
#357=EDGE_LOOP('',(#1752,#1753,#1754));
#358=EDGE_LOOP('',(#1755,#1756,#1757));
#359=EDGE_LOOP('',(#1758,#1759,#1760,#1761,#1762,#1763,#1764,#1765));
#360=EDGE_LOOP('',(#1766,#1767,#1768,#1769));
#361=EDGE_LOOP('',(#1770,#1771,#1772,#1773));
#362=EDGE_LOOP('',(#1774));
#363=EDGE_LOOP('',(#1775));
#364=EDGE_LOOP('',(#1776));
#365=EDGE_LOOP('',(#1777));
#366=EDGE_LOOP('',(#1778,#1779,#1780,#1781));
#367=EDGE_LOOP('',(#1782,#1783,#1784,#1785));
#368=EDGE_LOOP('',(#1786));
#369=EDGE_LOOP('',(#1787));
#370=EDGE_LOOP('',(#1788));
#371=EDGE_LOOP('',(#1789));
#372=EDGE_LOOP('',(#1790,#1791,#1792,#1793));
#373=EDGE_LOOP('',(#1794,#1795,#1796,#1797));
#374=EDGE_LOOP('',(#1798));
#375=EDGE_LOOP('',(#1799));
#376=EDGE_LOOP('',(#1800));
#377=EDGE_LOOP('',(#1801));
#378=EDGE_LOOP('',(#1802,#1803,#1804,#1805));
#379=EDGE_LOOP('',(#1806,#1807,#1808,#1809));
#380=EDGE_LOOP('',(#1810));
#381=EDGE_LOOP('',(#1811));
#382=EDGE_LOOP('',(#1812));
#383=EDGE_LOOP('',(#1813));
#384=EDGE_LOOP('',(#1814,#1815,#1816,#1817));
#385=EDGE_LOOP('',(#1818,#1819,#1820,#1821));
#386=EDGE_LOOP('',(#1822));
#387=EDGE_LOOP('',(#1823));
#388=EDGE_LOOP('',(#1824));
#389=EDGE_LOOP('',(#1825));
#390=EDGE_LOOP('',(#1826,#1827,#1828,#1829));
#391=EDGE_LOOP('',(#1830,#1831,#1832,#1833));
#392=EDGE_LOOP('',(#1834));
#393=EDGE_LOOP('',(#1835));
#394=EDGE_LOOP('',(#1836));
#395=EDGE_LOOP('',(#1837));
#396=EDGE_LOOP('',(#1838,#1839,#1840,#1841,#1842));
#397=EDGE_LOOP('',(#1843,#1844,#1845,#1846));
#398=EDGE_LOOP('',(#1847,#1848,#1849,#1850,#1851));
#399=EDGE_LOOP('',(#1852,#1853,#1854,#1855,#1856));
#400=EDGE_LOOP('',(#1857,#1858,#1859,#1860,#1861));
#401=EDGE_LOOP('',(#1862,#1863,#1864,#1865,#1866));
#402=LINE('',#3087,#525);
#403=LINE('',#3090,#526);
#404=LINE('',#3128,#527);
#405=LINE('',#3130,#528);
#406=LINE('',#3133,#529);
#407=LINE('',#3139,#530);
#408=LINE('',#3143,#531);
#409=LINE('',#3147,#532);
#410=LINE('',#3149,#533);
#411=LINE('',#3151,#534);
#412=LINE('',#3155,#535);
#413=LINE('',#3157,#536);
#414=LINE('',#3161,#537);
#415=LINE('',#3164,#538);
#416=LINE('',#3168,#539);
#417=LINE('',#3172,#540);
#418=LINE('',#3176,#541);
#419=LINE('',#3178,#542);
#420=LINE('',#3180,#543);
#421=LINE('',#3184,#544);
#422=LINE('',#3187,#545);
#423=LINE('',#3201,#546);
#424=LINE('',#3213,#547);
#425=LINE('',#3216,#548);
#426=LINE('',#3219,#549);
#427=LINE('',#3220,#550);
#428=LINE('',#3222,#551);
#429=LINE('',#3224,#552);
#430=LINE('',#3227,#553);
#431=LINE('',#3232,#554);
#432=LINE('',#3235,#555);
#433=LINE('',#3238,#556);
#434=LINE('',#3239,#557);
#435=LINE('',#3242,#558);
#436=LINE('',#3246,#559);
#437=LINE('',#3249,#560);
#438=LINE('',#3257,#561);
#439=LINE('',#3264,#562);
#440=LINE('',#3268,#563);
#441=LINE('',#3272,#564);
#442=LINE('',#3301,#565);
#443=LINE('',#3306,#566);
#444=LINE('',#3308,#567);
#445=LINE('',#3309,#568);
#446=LINE('',#3312,#569);
#447=LINE('',#3316,#570);
#448=LINE('',#3317,#571);
#449=LINE('',#3320,#572);
#450=LINE('',#3321,#573);
#451=LINE('',#3324,#574);
#452=LINE('',#3325,#575);
#453=LINE('',#3328,#576);
#454=LINE('',#3332,#577);
#455=LINE('',#3335,#578);
#456=LINE('',#3344,#579);
#457=LINE('',#3346,#580);
#458=LINE('',#3347,#581);
#459=LINE('',#3387,#582);
#460=LINE('',#3395,#583);
#461=LINE('',#3399,#584);
#462=LINE('',#3404,#585);
#463=LINE('',#3412,#586);
#464=LINE('',#3433,#587);
#465=LINE('',#3438,#588);
#466=LINE('',#3442,#589);
#467=LINE('',#3446,#590);
#468=LINE('',#3450,#591);
#469=LINE('',#3451,#592);
#470=LINE('',#3454,#593);
#471=LINE('',#3458,#594);
#472=LINE('',#3459,#595);
#473=LINE('',#3462,#596);
#474=LINE('',#3463,#597);
#475=LINE('',#3466,#598);
#476=LINE('',#3467,#599);
#477=LINE('',#3470,#600);
#478=LINE('',#3474,#601);
#479=LINE('',#3475,#602);
#480=LINE('',#3478,#603);
#481=LINE('',#3482,#604);
#482=LINE('',#3486,#605);
#483=LINE('',#3489,#606);
#484=LINE('',#3491,#607);
#485=LINE('',#3492,#608);
#486=LINE('',#3499,#609);
#487=LINE('',#3507,#610);
#488=LINE('',#3524,#611);
#489=LINE('',#3528,#612);
#490=LINE('',#3530,#613);
#491=LINE('',#3532,#614);
#492=LINE('',#3534,#615);
#493=LINE('',#3538,#616);
#494=LINE('',#3542,#617);
#495=LINE('',#3546,#618);
#496=LINE('',#3548,#619);
#497=LINE('',#3553,#620);
#498=LINE('',#3555,#621);
#499=LINE('',#3559,#622);
#500=LINE('',#3563,#623);
#501=LINE('',#3567,#624);
#502=LINE('',#3568,#625);
#503=LINE('',#3575,#626);
#504=LINE('',#3585,#627);
#505=LINE('',#3591,#628);
#506=LINE('',#3601,#629);
#507=LINE('',#3611,#630);
#508=LINE('',#3621,#631);
#509=LINE('',#3681,#632);
#510=LINE('',#3689,#633);
#511=LINE('',#3695,#634);
#512=LINE('',#3702,#635);
#513=LINE('',#3707,#636);
#514=LINE('',#3714,#637);
#515=LINE('',#3719,#638);
#516=LINE('',#3726,#639);
#517=LINE('',#3731,#640);
#518=LINE('',#3738,#641);
#519=LINE('',#3743,#642);
#520=LINE('',#3750,#643);
#521=LINE('',#3755,#644);
#522=LINE('',#3762,#645);
#523=LINE('',#3765,#646);
#524=LINE('',#3768,#647);
#525=VECTOR('',#2374,10.);
#526=VECTOR('',#2377,10.);
#527=VECTOR('',#2396,10.);
#528=VECTOR('',#2397,10.);
#529=VECTOR('',#2400,10.);
#530=VECTOR('',#2407,10.);
#531=VECTOR('',#2410,10.);
#532=VECTOR('',#2413,10.);
#533=VECTOR('',#2414,10.);
#534=VECTOR('',#2415,10.);
#535=VECTOR('',#2418,10.);
#536=VECTOR('',#2419,10.);
#537=VECTOR('',#2422,10.);
#538=VECTOR('',#2425,10.);
#539=VECTOR('',#2428,10.);
#540=VECTOR('',#2431,10.);
#541=VECTOR('',#2434,10.);
#542=VECTOR('',#2435,10.);
#543=VECTOR('',#2436,10.);
#544=VECTOR('',#2439,10.);
#545=VECTOR('',#2442,10.);
#546=VECTOR('',#2457,10.);
#547=VECTOR('',#2464,10.);
#548=VECTOR('',#2467,10.);
#549=VECTOR('',#2470,10.);
#550=VECTOR('',#2471,10.);
#551=VECTOR('',#2474,10.);
#552=VECTOR('',#2475,10.);
#553=VECTOR('',#2478,10.);
#554=VECTOR('',#2483,10.);
#555=VECTOR('',#2486,10.);
#556=VECTOR('',#2489,10.);
#557=VECTOR('',#2490,10.);
#558=VECTOR('',#2493,10.);
#559=VECTOR('',#2496,10.);
#560=VECTOR('',#2499,10.);
#561=VECTOR('',#2508,10.);
#562=VECTOR('',#2517,10.);
#563=VECTOR('',#2522,10.);
#564=VECTOR('',#2527,10.);
#565=VECTOR('',#2538,10.);
#566=VECTOR('',#2545,10.);
#567=VECTOR('',#2546,10.);
#568=VECTOR('',#2547,10.);
#569=VECTOR('',#2550,10.);
#570=VECTOR('',#2555,10.);
#571=VECTOR('',#2556,10.);
#572=VECTOR('',#2559,10.);
#573=VECTOR('',#2560,10.);
#574=VECTOR('',#2563,10.);
#575=VECTOR('',#2564,10.);
#576=VECTOR('',#2567,10.);
#577=VECTOR('',#2572,10.);
#578=VECTOR('',#2577,10.);
#579=VECTOR('',#2578,10.);
#580=VECTOR('',#2579,10.);
#581=VECTOR('',#2580,10.);
#582=VECTOR('',#2603,10.);
#583=VECTOR('',#2614,10.);
#584=VECTOR('',#2619,10.);
#585=VECTOR('',#2626,10.);
#586=VECTOR('',#2637,10.);
#587=VECTOR('',#2658,10.);
#588=VECTOR('',#2665,10.);
#589=VECTOR('',#2670,10.);
#590=VECTOR('',#2675,10.);
#591=VECTOR('',#2680,10.);
#592=VECTOR('',#2681,10.);
#593=VECTOR('',#2684,10.);
#594=VECTOR('',#2689,10.);
#595=VECTOR('',#2690,10.);
#596=VECTOR('',#2693,10.);
#597=VECTOR('',#2694,10.);
#598=VECTOR('',#2697,10.);
#599=VECTOR('',#2698,10.);
#600=VECTOR('',#2701,10.);
#601=VECTOR('',#2706,10.);
#602=VECTOR('',#2707,10.);
#603=VECTOR('',#2710,10.);
#604=VECTOR('',#2715,10.);
#605=VECTOR('',#2720,10.);
#606=VECTOR('',#2725,10.);
#607=VECTOR('',#2726,10.);
#608=VECTOR('',#2727,10.);
#609=VECTOR('',#2736,1.);
#610=VECTOR('',#2747,1.);
#611=VECTOR('',#2766,10.);
#612=VECTOR('',#2771,10.);
#613=VECTOR('',#2772,10.);
#614=VECTOR('',#2773,10.);
#615=VECTOR('',#2774,10.);
#616=VECTOR('',#2777,10.);
#617=VECTOR('',#2780,10.);
#618=VECTOR('',#2783,10.);
#619=VECTOR('',#2784,10.);
#620=VECTOR('',#2789,10.);
#621=VECTOR('',#2790,10.);
#622=VECTOR('',#2793,10.);
#623=VECTOR('',#2796,10.);
#624=VECTOR('',#2799,10.);
#625=VECTOR('',#2800,10.);
#626=VECTOR('',#2807,3.);
#627=VECTOR('',#2820,3.);
#628=VECTOR('',#2827,3.);
#629=VECTOR('',#2840,3.);
#630=VECTOR('',#2853,3.);
#631=VECTOR('',#2866,3.);
#632=VECTOR('',#2955,10.);
#633=VECTOR('',#2970,10.);
#634=VECTOR('',#2977,2.5);
#635=VECTOR('',#2988,3.);
#636=VECTOR('',#2993,2.5);
#637=VECTOR('',#3004,3.);
#638=VECTOR('',#3009,2.5);
#639=VECTOR('',#3020,3.);
#640=VECTOR('',#3025,2.5);
#641=VECTOR('',#3036,3.);
#642=VECTOR('',#3041,2.5);
#643=VECTOR('',#3052,3.);
#644=VECTOR('',#3057,2.5);
#645=VECTOR('',#3068,3.);
#646=VECTOR('',#3073,10.);
#647=VECTOR('',#3078,10.);
#648=CIRCLE('',#2075,1.);
#649=CIRCLE('',#2076,1.);
#650=CIRCLE('',#2078,1.);
#651=CIRCLE('',#2079,2.);
#652=CIRCLE('',#2080,3.);
#653=CIRCLE('',#2081,1.);
#654=CIRCLE('',#2082,1.);
#655=CIRCLE('',#2084,2.00000049173832);
#656=CIRCLE('',#2085,2.00000049173832);
#657=CIRCLE('',#2086,2.00000049173832);
#658=CIRCLE('',#2088,3.);
#659=CIRCLE('',#2089,3.);
#660=CIRCLE('',#2090,2.);
#661=CIRCLE('',#2091,3.);
#662=CIRCLE('',#2092,3.5);
#663=CIRCLE('',#2093,3.);
#664=CIRCLE('',#2094,3.);
#665=CIRCLE('',#2095,2.);
#666=CIRCLE('',#2096,3.);
#667=CIRCLE('',#2097,2.49999999999999);
#668=CIRCLE('',#2098,2.49999999999999);
#669=CIRCLE('',#2099,3.);
#670=CIRCLE('',#2100,3.);
#671=CIRCLE('',#2101,3.);
#672=CIRCLE('',#2102,3.);
#673=CIRCLE('',#2103,3.);
#674=CIRCLE('',#2105,1.);
#675=CIRCLE('',#2106,1.);
#676=CIRCLE('',#2108,2.);
#677=CIRCLE('',#2110,2.);
#678=CIRCLE('',#2113,2.);
#679=CIRCLE('',#2114,1.5);
#680=CIRCLE('',#2116,2.);
#681=CIRCLE('',#2119,2.);
#682=CIRCLE('',#2120,2.);
#683=CIRCLE('',#2121,1.5);
#684=CIRCLE('',#2123,0.5);
#685=CIRCLE('',#2124,0.5);
#686=CIRCLE('',#2126,0.5);
#687=CIRCLE('',#2127,4.);
#688=CIRCLE('',#2134,0.5);
#689=CIRCLE('',#2135,2.5);
#690=CIRCLE('',#2137,0.500000000000003);
#691=CIRCLE('',#2139,0.499999999999997);
#692=CIRCLE('',#2142,4.);
#693=CIRCLE('',#2147,2.5);
#694=CIRCLE('',#2149,0.499999999999997);
#695=CIRCLE('',#2152,0.499999999999998);
#696=CIRCLE('',#2153,0.5);
#697=CIRCLE('',#2155,0.5);
#698=CIRCLE('',#2156,2.5);
#699=CIRCLE('',#2157,0.500000000000005);
#700=CIRCLE('',#2159,0.499999999999998);
#701=CIRCLE('',#2161,0.5);
#702=CIRCLE('',#2162,0.499999999999998);
#703=CIRCLE('',#2164,0.5);
#704=CIRCLE('',#2165,2.99999999999999);
#705=CIRCLE('',#2171,0.5);
#706=CIRCLE('',#2173,0.5);
#707=CIRCLE('',#2174,2.99999999999999);
#708=CIRCLE('',#2176,0.5);
#709=CIRCLE('',#2178,0.499999999999998);
#710=CIRCLE('',#2180,0.5);
#711=CIRCLE('',#2181,2.5);
#712=CIRCLE('',#2182,0.499999999999994);
#713=CIRCLE('',#2184,0.499999999999998);
#714=CIRCLE('',#2186,0.5);
#715=CIRCLE('',#2188,0.500000000000001);
#716=CIRCLE('',#2190,0.499999999999998);
#717=CIRCLE('',#2192,2.5);
#718=CIRCLE('',#2194,0.499999999999998);
#719=CIRCLE('',#2197,2.99999999999999);
#720=CIRCLE('',#2202,2.99999999999999);
#721=CIRCLE('',#2205,0.499999999999998);
#722=CIRCLE('',#2207,2.5);
#723=CIRCLE('',#2209,0.500000000000001);
#724=CIRCLE('',#2212,0.5);
#725=CIRCLE('',#2213,1.);
#726=CIRCLE('',#2215,1.);
#727=CIRCLE('',#2217,0.5);
#728=CIRCLE('',#2218,1.);
#729=CIRCLE('',#2220,1.);
#730=CIRCLE('',#2222,3.5);
#731=CIRCLE('',#2223,0.5);
#732=CIRCLE('',#2224,3.);
#733=CIRCLE('',#2225,3.);
#734=CIRCLE('',#2226,3.5);
#735=CIRCLE('',#2228,3.5);
#736=CIRCLE('',#2229,3.5);
#737=CIRCLE('',#2230,3.5);
#738=CIRCLE('',#2231,3.);
#739=CIRCLE('',#2232,3.);
#740=CIRCLE('',#2233,2.49999999999999);
#741=CIRCLE('',#2234,3.5);
#742=CIRCLE('',#2235,3.5);
#743=CIRCLE('',#2236,2.49999999999999);
#744=CIRCLE('',#2237,3.);
#745=CIRCLE('',#2238,1.5);
#746=CIRCLE('',#2239,3.5);
#747=CIRCLE('',#2240,3.5);
#748=CIRCLE('',#2242,3.);
#749=CIRCLE('',#2244,0.5);
#750=CIRCLE('',#2245,3.);
#751=CIRCLE('',#2246,3.);
#752=CIRCLE('',#2248,3.);
#753=CIRCLE('',#2250,3.);
#754=CIRCLE('',#2251,3.);
#755=CIRCLE('',#2253,0.5);
#756=CIRCLE('',#2254,3.);
#757=CIRCLE('',#2255,3.);
#758=CIRCLE('',#2257,3.);
#759=CIRCLE('',#2259,0.5);
#760=CIRCLE('',#2260,3.);
#761=CIRCLE('',#2261,3.);
#762=CIRCLE('',#2263,3.);
#763=CIRCLE('',#2265,0.5);
#764=CIRCLE('',#2266,3.);
#765=CIRCLE('',#2267,3.);
#766=CIRCLE('',#2269,3.);
#767=CIRCLE('',#2271,0.5);
#768=CIRCLE('',#2272,0.499999999999998);
#769=CIRCLE('',#2274,0.5);
#770=CIRCLE('',#2275,0.500000000000001);
#771=CIRCLE('',#2278,0.5);
#772=CIRCLE('',#2283,0.5);
#773=CIRCLE('',#2284,0.499999999999998);
#774=CIRCLE('',#2286,0.499999999999998);
#775=CIRCLE('',#2289,0.499999999999998);
#776=CIRCLE('',#2291,0.499999999999998);
#777=CIRCLE('',#2294,0.5);
#778=CIRCLE('',#2295,0.499999999999998);
#779=CIRCLE('',#2298,0.499999999999999);
#780=CIRCLE('',#2304,0.5);
#781=CIRCLE('',#2307,0.5);
#782=CIRCLE('',#2308,0.5);
#783=CIRCLE('',#2310,0.499999850988391);
#784=CIRCLE('',#2311,2.);
#785=CIRCLE('',#2314,0.5);
#786=CIRCLE('',#2315,0.5);
#787=CIRCLE('',#2322,2.5);
#788=CIRCLE('',#2323,2.5);
#789=CIRCLE('',#2326,3.);
#790=CIRCLE('',#2329,2.5);
#791=CIRCLE('',#2330,2.5);
#792=CIRCLE('',#2333,3.);
#793=CIRCLE('',#2336,2.5);
#794=CIRCLE('',#2337,2.5);
#795=CIRCLE('',#2340,3.);
#796=CIRCLE('',#2343,2.5);
#797=CIRCLE('',#2344,2.5);
#798=CIRCLE('',#2347,3.);
#799=CIRCLE('',#2350,2.5);
#800=CIRCLE('',#2351,2.5);
#801=CIRCLE('',#2354,3.);
#802=CIRCLE('',#2357,2.5);
#803=CIRCLE('',#2358,2.5);
#804=CIRCLE('',#2361,3.);
#805=VERTEX_POINT('',#3083);
#806=VERTEX_POINT('',#3084);
#807=VERTEX_POINT('',#3086);
#808=VERTEX_POINT('',#3088);
#809=VERTEX_POINT('',#3092);
#810=VERTEX_POINT('',#3093);
#811=VERTEX_POINT('',#3112);
#812=VERTEX_POINT('',#3114);
#813=VERTEX_POINT('',#3123);
#814=VERTEX_POINT('',#3125);
#815=VERTEX_POINT('',#3127);
#816=VERTEX_POINT('',#3129);
#817=VERTEX_POINT('',#3131);
#818=VERTEX_POINT('',#3135);
#819=VERTEX_POINT('',#3138);
#820=VERTEX_POINT('',#3140);
#821=VERTEX_POINT('',#3142);
#822=VERTEX_POINT('',#3144);
#823=VERTEX_POINT('',#3146);
#824=VERTEX_POINT('',#3148);
#825=VERTEX_POINT('',#3150);
#826=VERTEX_POINT('',#3152);
#827=VERTEX_POINT('',#3154);
#828=VERTEX_POINT('',#3156);
#829=VERTEX_POINT('',#3158);
#830=VERTEX_POINT('',#3160);
#831=VERTEX_POINT('',#3163);
#832=VERTEX_POINT('',#3165);
#833=VERTEX_POINT('',#3167);
#834=VERTEX_POINT('',#3169);
#835=VERTEX_POINT('',#3171);
#836=VERTEX_POINT('',#3173);
#837=VERTEX_POINT('',#3175);
#838=VERTEX_POINT('',#3177);
#839=VERTEX_POINT('',#3179);
#840=VERTEX_POINT('',#3181);
#841=VERTEX_POINT('',#3183);
#842=VERTEX_POINT('',#3185);
#843=VERTEX_POINT('',#3188);
#844=VERTEX_POINT('',#3190);
#845=VERTEX_POINT('',#3192);
#846=VERTEX_POINT('',#3194);
#847=VERTEX_POINT('',#3197);
#848=VERTEX_POINT('',#3199);
#849=VERTEX_POINT('',#3203);
#850=VERTEX_POINT('',#3212);
#851=VERTEX_POINT('',#3214);
#852=VERTEX_POINT('',#3218);
#853=VERTEX_POINT('',#3223);
#854=VERTEX_POINT('',#3225);
#855=VERTEX_POINT('',#3228);
#856=VERTEX_POINT('',#3231);
#857=VERTEX_POINT('',#3233);
#858=VERTEX_POINT('',#3237);
#859=VERTEX_POINT('',#3241);
#860=VERTEX_POINT('',#3243);
#861=VERTEX_POINT('',#3245);
#862=VERTEX_POINT('',#3247);
#863=VERTEX_POINT('',#3250);
#864=VERTEX_POINT('',#3253);
#865=VERTEX_POINT('',#3255);
#866=VERTEX_POINT('',#3259);
#867=VERTEX_POINT('',#3263);
#868=VERTEX_POINT('',#3267);
#869=VERTEX_POINT('',#3271);
#870=VERTEX_POINT('',#3288);
#871=VERTEX_POINT('',#3292);
#872=VERTEX_POINT('',#3294);
#873=VERTEX_POINT('',#3305);
#874=VERTEX_POINT('',#3307);
#875=VERTEX_POINT('',#3311);
#876=VERTEX_POINT('',#3315);
#877=VERTEX_POINT('',#3319);
#878=VERTEX_POINT('',#3323);
#879=VERTEX_POINT('',#3327);
#880=VERTEX_POINT('',#3331);
#881=VERTEX_POINT('',#3336);
#882=VERTEX_POINT('',#3343);
#883=VERTEX_POINT('',#3345);
#884=VERTEX_POINT('',#3376);
#885=VERTEX_POINT('',#3378);
#886=VERTEX_POINT('',#3384);
#887=VERTEX_POINT('',#3386);
#888=VERTEX_POINT('',#3390);
#889=VERTEX_POINT('',#3394);
#890=VERTEX_POINT('',#3398);
#891=VERTEX_POINT('',#3402);
#892=VERTEX_POINT('',#3406);
#893=VERTEX_POINT('',#3410);
#894=VERTEX_POINT('',#3416);
#895=VERTEX_POINT('',#3418);
#896=VERTEX_POINT('',#3424);
#897=VERTEX_POINT('',#3426);
#898=VERTEX_POINT('',#3437);
#899=VERTEX_POINT('',#3441);
#900=VERTEX_POINT('',#3445);
#901=VERTEX_POINT('',#3449);
#902=VERTEX_POINT('',#3453);
#903=VERTEX_POINT('',#3457);
#904=VERTEX_POINT('',#3461);
#905=VERTEX_POINT('',#3465);
#906=VERTEX_POINT('',#3469);
#907=VERTEX_POINT('',#3473);
#908=VERTEX_POINT('',#3477);
#909=VERTEX_POINT('',#3481);
#910=VERTEX_POINT('',#3485);
#911=VERTEX_POINT('',#3490);
#912=VERTEX_POINT('',#3494);
#913=VERTEX_POINT('',#3498);
#914=VERTEX_POINT('',#3502);
#915=VERTEX_POINT('',#3506);
#916=VERTEX_POINT('',#3510);
#917=VERTEX_POINT('',#3511);
#918=VERTEX_POINT('',#3513);
#919=VERTEX_POINT('',#3515);
#920=VERTEX_POINT('',#3520);
#921=VERTEX_POINT('',#3521);
#922=VERTEX_POINT('',#3523);
#923=VERTEX_POINT('',#3525);
#924=VERTEX_POINT('',#3529);
#925=VERTEX_POINT('',#3531);
#926=VERTEX_POINT('',#3533);
#927=VERTEX_POINT('',#3535);
#928=VERTEX_POINT('',#3537);
#929=VERTEX_POINT('',#3539);
#930=VERTEX_POINT('',#3541);
#931=VERTEX_POINT('',#3543);
#932=VERTEX_POINT('',#3545);
#933=VERTEX_POINT('',#3547);
#934=VERTEX_POINT('',#3549);
#935=VERTEX_POINT('',#3552);
#936=VERTEX_POINT('',#3554);
#937=VERTEX_POINT('',#3556);
#938=VERTEX_POINT('',#3558);
#939=VERTEX_POINT('',#3560);
#940=VERTEX_POINT('',#3562);
#941=VERTEX_POINT('',#3564);
#942=VERTEX_POINT('',#3566);
#943=VERTEX_POINT('',#3569);
#944=VERTEX_POINT('',#3571);
#945=VERTEX_POINT('',#3574);
#946=VERTEX_POINT('',#3578);
#947=VERTEX_POINT('',#3580);
#948=VERTEX_POINT('',#3584);
#949=VERTEX_POINT('',#3588);
#950=VERTEX_POINT('',#3590);
#951=VERTEX_POINT('',#3594);
#952=VERTEX_POINT('',#3596);
#953=VERTEX_POINT('',#3600);
#954=VERTEX_POINT('',#3604);
#955=VERTEX_POINT('',#3606);
#956=VERTEX_POINT('',#3610);
#957=VERTEX_POINT('',#3614);
#958=VERTEX_POINT('',#3616);
#959=VERTEX_POINT('',#3620);
#960=VERTEX_POINT('',#3677);
#961=VERTEX_POINT('',#3692);
#962=VERTEX_POINT('',#3694);
#963=VERTEX_POINT('',#3699);
#964=VERTEX_POINT('',#3704);
#965=VERTEX_POINT('',#3706);
#966=VERTEX_POINT('',#3711);
#967=VERTEX_POINT('',#3716);
#968=VERTEX_POINT('',#3718);
#969=VERTEX_POINT('',#3723);
#970=VERTEX_POINT('',#3728);
#971=VERTEX_POINT('',#3730);
#972=VERTEX_POINT('',#3735);
#973=VERTEX_POINT('',#3740);
#974=VERTEX_POINT('',#3742);
#975=VERTEX_POINT('',#3747);
#976=VERTEX_POINT('',#3752);
#977=VERTEX_POINT('',#3754);
#978=VERTEX_POINT('',#3759);
#979=EDGE_CURVE('',#805,#806,#648,.F.);
#980=EDGE_CURVE('',#805,#807,#402,.T.);
#981=EDGE_CURVE('',#807,#808,#649,.T.);
#982=EDGE_CURVE('',#808,#806,#403,.T.);
#983=EDGE_CURVE('',#809,#810,#650,.T.);
#984=EDGE_CURVE('',#810,#808,#651,.T.);
#985=EDGE_CURVE('',#807,#809,#652,.T.);
#986=EDGE_CURVE('',#810,#811,#653,.T.);
#987=EDGE_CURVE('',#809,#812,#654,.T.);
#988=EDGE_CURVE('',#811,#812,#90,.T.);
#989=EDGE_CURVE('',#813,#812,#655,.T.);
#990=EDGE_CURVE('',#814,#813,#656,.T.);
#991=EDGE_CURVE('',#814,#815,#404,.T.);
#992=EDGE_CURVE('',#815,#816,#405,.T.);
#993=EDGE_CURVE('',#817,#816,#657,.T.);
#994=EDGE_CURVE('',#811,#817,#406,.T.);
#995=EDGE_CURVE('',#818,#805,#658,.T.);
#996=EDGE_CURVE('',#805,#818,#659,.T.);
#997=EDGE_CURVE('',#805,#819,#407,.T.);
#998=EDGE_CURVE('',#819,#820,#660,.T.);
#999=EDGE_CURVE('',#821,#820,#408,.T.);
#1000=EDGE_CURVE('',#822,#821,#661,.T.);
#1001=EDGE_CURVE('',#823,#822,#409,.T.);
#1002=EDGE_CURVE('',#824,#823,#410,.T.);
#1003=EDGE_CURVE('',#825,#824,#411,.T.);
#1004=EDGE_CURVE('',#826,#825,#662,.T.);
#1005=EDGE_CURVE('',#827,#826,#412,.T.);
#1006=EDGE_CURVE('',#828,#827,#413,.T.);
#1007=EDGE_CURVE('',#829,#828,#663,.T.);
#1008=EDGE_CURVE('',#830,#829,#414,.T.);
#1009=EDGE_CURVE('',#830,#830,#664,.T.);
#1010=EDGE_CURVE('',#831,#830,#415,.T.);
#1011=EDGE_CURVE('',#831,#832,#665,.T.);
#1012=EDGE_CURVE('',#833,#832,#416,.T.);
#1013=EDGE_CURVE('',#834,#833,#666,.T.);
#1014=EDGE_CURVE('',#835,#834,#417,.T.);
#1015=EDGE_CURVE('',#836,#835,#667,.T.);
#1016=EDGE_CURVE('',#837,#836,#418,.T.);
#1017=EDGE_CURVE('',#838,#837,#419,.T.);
#1018=EDGE_CURVE('',#839,#838,#420,.T.);
#1019=EDGE_CURVE('',#840,#839,#668,.T.);
#1020=EDGE_CURVE('',#841,#840,#421,.T.);
#1021=EDGE_CURVE('',#842,#841,#669,.T.);
#1022=EDGE_CURVE('',#813,#842,#422,.T.);
#1023=EDGE_CURVE('',#843,#843,#670,.T.);
#1024=EDGE_CURVE('',#844,#844,#671,.T.);
#1025=EDGE_CURVE('',#845,#845,#672,.T.);
#1026=EDGE_CURVE('',#846,#846,#673,.T.);
#1027=EDGE_CURVE('',#830,#847,#674,.F.);
#1028=EDGE_CURVE('',#829,#848,#675,.T.);
#1029=EDGE_CURVE('',#848,#847,#423,.T.);
#1030=EDGE_CURVE('',#828,#849,#91,.T.);
#1031=EDGE_CURVE('',#849,#848,#676,.T.);
#1032=EDGE_CURVE('',#810,#850,#424,.T.);
#1033=EDGE_CURVE('',#850,#851,#677,.T.);
#1034=EDGE_CURVE('',#851,#808,#425,.T.);
#1035=EDGE_CURVE('',#852,#851,#426,.T.);
#1036=EDGE_CURVE('',#806,#852,#427,.T.);
#1037=EDGE_CURVE('',#850,#817,#428,.T.);
#1038=EDGE_CURVE('',#816,#853,#429,.T.);
#1039=EDGE_CURVE('',#853,#854,#678,.T.);
#1040=EDGE_CURVE('',#854,#852,#430,.T.);
#1041=EDGE_CURVE('',#855,#855,#679,.T.);
#1042=EDGE_CURVE('',#849,#856,#431,.T.);
#1043=EDGE_CURVE('',#856,#857,#680,.T.);
#1044=EDGE_CURVE('',#857,#848,#432,.T.);
#1045=EDGE_CURVE('',#858,#857,#433,.T.);
#1046=EDGE_CURVE('',#847,#858,#434,.T.);
#1047=EDGE_CURVE('',#856,#859,#435,.T.);
#1048=EDGE_CURVE('',#859,#860,#681,.T.);
#1049=EDGE_CURVE('',#860,#861,#436,.T.);
#1050=EDGE_CURVE('',#861,#862,#682,.T.);
#1051=EDGE_CURVE('',#862,#858,#437,.T.);
#1052=EDGE_CURVE('',#863,#863,#683,.T.);
#1053=EDGE_CURVE('',#827,#864,#684,.T.);
#1054=EDGE_CURVE('',#826,#865,#685,.T.);
#1055=EDGE_CURVE('',#865,#864,#438,.T.);
#1056=EDGE_CURVE('',#825,#866,#686,.T.);
#1057=EDGE_CURVE('',#866,#865,#687,.T.);
#1058=EDGE_CURVE('',#867,#866,#439,.T.);
#1059=EDGE_CURVE('',#824,#867,#26,.T.);
#1060=EDGE_CURVE('',#868,#867,#440,.T.);
#1061=EDGE_CURVE('',#823,#868,#27,.T.);
#1062=EDGE_CURVE('',#869,#868,#441,.T.);
#1063=EDGE_CURVE('',#822,#869,#92,.T.);
#1064=EDGE_CURVE('',#821,#870,#688,.T.);
#1065=EDGE_CURVE('',#870,#869,#689,.T.);
#1066=EDGE_CURVE('',#871,#821,#690,.T.);
#1067=EDGE_CURVE('',#820,#872,#93,.F.);
#1068=EDGE_CURVE('',#872,#871,#442,.T.);
#1069=EDGE_CURVE('',#871,#870,#691,.T.);
#1070=EDGE_CURVE('',#865,#873,#443,.T.);
#1071=EDGE_CURVE('',#874,#873,#444,.T.);
#1072=EDGE_CURVE('',#864,#874,#445,.T.);
#1073=EDGE_CURVE('',#866,#875,#446,.T.);
#1074=EDGE_CURVE('',#873,#875,#692,.T.);
#1075=EDGE_CURVE('',#867,#876,#447,.T.);
#1076=EDGE_CURVE('',#875,#876,#448,.T.);
#1077=EDGE_CURVE('',#868,#877,#449,.T.);
#1078=EDGE_CURVE('',#876,#877,#450,.T.);
#1079=EDGE_CURVE('',#869,#878,#451,.T.);
#1080=EDGE_CURVE('',#877,#878,#452,.T.);
#1081=EDGE_CURVE('',#870,#879,#453,.T.);
#1082=EDGE_CURVE('',#878,#879,#693,.T.);
#1083=EDGE_CURVE('',#871,#880,#454,.T.);
#1084=EDGE_CURVE('',#879,#880,#694,.T.);
#1085=EDGE_CURVE('',#872,#853,#455,.T.);
#1086=EDGE_CURVE('',#881,#814,#94,.T.);
#1087=EDGE_CURVE('',#882,#881,#456,.T.);
#1088=EDGE_CURVE('',#882,#883,#457,.T.);
#1089=EDGE_CURVE('',#880,#883,#458,.T.);
#1090=EDGE_CURVE('',#881,#813,#695,.T.);
#1091=EDGE_CURVE('',#842,#882,#696,.T.);
#1092=EDGE_CURVE('',#841,#884,#697,.T.);
#1093=EDGE_CURVE('',#884,#885,#698,.T.);
#1094=EDGE_CURVE('',#885,#842,#699,.T.);
#1095=EDGE_CURVE('',#885,#882,#700,.T.);
#1096=EDGE_CURVE('',#840,#886,#701,.T.);
#1097=EDGE_CURVE('',#886,#887,#459,.T.);
#1098=EDGE_CURVE('',#887,#841,#702,.T.);
#1099=EDGE_CURVE('',#839,#888,#703,.T.);
#1100=EDGE_CURVE('',#888,#886,#704,.T.);
#1101=EDGE_CURVE('',#889,#888,#460,.T.);
#1102=EDGE_CURVE('',#838,#889,#28,.T.);
#1103=EDGE_CURVE('',#890,#889,#461,.T.);
#1104=EDGE_CURVE('',#837,#890,#29,.T.);
#1105=EDGE_CURVE('',#836,#891,#705,.T.);
#1106=EDGE_CURVE('',#891,#890,#462,.T.);
#1107=EDGE_CURVE('',#835,#892,#706,.T.);
#1108=EDGE_CURVE('',#892,#891,#707,.T.);
#1109=EDGE_CURVE('',#834,#893,#708,.T.);
#1110=EDGE_CURVE('',#893,#892,#463,.T.);
#1111=EDGE_CURVE('',#887,#884,#709,.T.);
#1112=EDGE_CURVE('',#833,#894,#710,.T.);
#1113=EDGE_CURVE('',#894,#895,#711,.T.);
#1114=EDGE_CURVE('',#895,#834,#712,.T.);
#1115=EDGE_CURVE('',#895,#893,#713,.T.);
#1116=EDGE_CURVE('',#896,#833,#714,.T.);
#1117=EDGE_CURVE('',#832,#897,#95,.F.);
#1118=EDGE_CURVE('',#897,#896,#464,.T.);
#1119=EDGE_CURVE('',#896,#894,#715,.T.);
#1120=EDGE_CURVE('',#885,#898,#465,.T.);
#1121=EDGE_CURVE('',#883,#898,#716,.T.);
#1122=EDGE_CURVE('',#884,#899,#466,.T.);
#1123=EDGE_CURVE('',#898,#899,#717,.T.);
#1124=EDGE_CURVE('',#887,#900,#467,.T.);
#1125=EDGE_CURVE('',#899,#900,#718,.T.);
#1126=EDGE_CURVE('',#886,#901,#468,.T.);
#1127=EDGE_CURVE('',#900,#901,#469,.T.);
#1128=EDGE_CURVE('',#888,#902,#470,.T.);
#1129=EDGE_CURVE('',#901,#902,#719,.T.);
#1130=EDGE_CURVE('',#889,#903,#471,.T.);
#1131=EDGE_CURVE('',#902,#903,#472,.T.);
#1132=EDGE_CURVE('',#890,#904,#473,.T.);
#1133=EDGE_CURVE('',#903,#904,#474,.T.);
#1134=EDGE_CURVE('',#891,#905,#475,.T.);
#1135=EDGE_CURVE('',#904,#905,#476,.T.);
#1136=EDGE_CURVE('',#892,#906,#477,.T.);
#1137=EDGE_CURVE('',#905,#906,#720,.T.);
#1138=EDGE_CURVE('',#893,#907,#478,.T.);
#1139=EDGE_CURVE('',#906,#907,#479,.T.);
#1140=EDGE_CURVE('',#895,#908,#480,.T.);
#1141=EDGE_CURVE('',#907,#908,#721,.T.);
#1142=EDGE_CURVE('',#894,#909,#481,.T.);
#1143=EDGE_CURVE('',#908,#909,#722,.T.);
#1144=EDGE_CURVE('',#896,#910,#482,.T.);
#1145=EDGE_CURVE('',#909,#910,#723,.T.);
#1146=EDGE_CURVE('',#897,#861,#483,.T.);
#1147=EDGE_CURVE('',#860,#911,#484,.T.);
#1148=EDGE_CURVE('',#910,#911,#485,.T.);
#1149=EDGE_CURVE('',#863,#912,#724,.T.);
#1150=EDGE_CURVE('',#912,#912,#725,.T.);
#1151=EDGE_CURVE('',#912,#913,#486,.T.);
#1152=EDGE_CURVE('',#913,#913,#726,.T.);
#1153=EDGE_CURVE('',#855,#914,#727,.T.);
#1154=EDGE_CURVE('',#914,#914,#728,.T.);
#1155=EDGE_CURVE('',#914,#915,#487,.T.);
#1156=EDGE_CURVE('',#915,#915,#729,.T.);
#1157=EDGE_CURVE('',#916,#917,#730,.T.);
#1158=EDGE_CURVE('',#917,#918,#731,.T.);
#1159=EDGE_CURVE('',#918,#919,#732,.T.);
#1160=EDGE_CURVE('',#919,#918,#733,.T.);
#1161=EDGE_CURVE('',#917,#916,#734,.T.);
#1162=EDGE_CURVE('',#920,#921,#735,.T.);
#1163=EDGE_CURVE('',#922,#920,#488,.T.);
#1164=EDGE_CURVE('',#923,#922,#736,.T.);
#1165=EDGE_CURVE('',#922,#923,#737,.T.);
#1166=EDGE_CURVE('',#916,#922,#489,.T.);
#1167=EDGE_CURVE('',#924,#916,#490,.T.);
#1168=EDGE_CURVE('',#925,#924,#491,.T.);
#1169=EDGE_CURVE('',#926,#925,#492,.T.);
#1170=EDGE_CURVE('',#927,#926,#738,.T.);
#1171=EDGE_CURVE('',#928,#927,#493,.T.);
#1172=EDGE_CURVE('',#929,#928,#739,.T.);
#1173=EDGE_CURVE('',#930,#929,#494,.T.);
#1174=EDGE_CURVE('',#931,#930,#740,.T.);
#1175=EDGE_CURVE('',#932,#931,#495,.T.);
#1176=EDGE_CURVE('',#933,#932,#496,.T.);
#1177=EDGE_CURVE('',#934,#933,#741,.T.);
#1178=EDGE_CURVE('',#933,#934,#742,.T.);
#1179=EDGE_CURVE('',#935,#933,#497,.T.);
#1180=EDGE_CURVE('',#936,#935,#498,.T.);
#1181=EDGE_CURVE('',#937,#936,#743,.T.);
#1182=EDGE_CURVE('',#938,#937,#499,.T.);
#1183=EDGE_CURVE('',#939,#938,#744,.T.);
#1184=EDGE_CURVE('',#940,#939,#500,.T.);
#1185=EDGE_CURVE('',#941,#940,#745,.T.);
#1186=EDGE_CURVE('',#942,#941,#501,.T.);
#1187=EDGE_CURVE('',#921,#942,#502,.T.);
#1188=EDGE_CURVE('',#943,#943,#746,.T.);
#1189=EDGE_CURVE('',#944,#944,#747,.T.);
#1190=EDGE_CURVE('',#919,#945,#503,.T.);
#1191=EDGE_CURVE('',#945,#945,#748,.T.);
#1192=EDGE_CURVE('',#923,#946,#749,.T.);
#1193=EDGE_CURVE('',#946,#947,#750,.T.);
#1194=EDGE_CURVE('',#947,#946,#751,.T.);
#1195=EDGE_CURVE('',#947,#948,#504,.T.);
#1196=EDGE_CURVE('',#948,#948,#752,.T.);
#1197=EDGE_CURVE('',#949,#949,#753,.T.);
#1198=EDGE_CURVE('',#949,#950,#505,.T.);
#1199=EDGE_CURVE('',#950,#950,#754,.T.);
#1200=EDGE_CURVE('',#944,#951,#755,.T.);
#1201=EDGE_CURVE('',#951,#952,#756,.T.);
#1202=EDGE_CURVE('',#952,#951,#757,.T.);
#1203=EDGE_CURVE('',#952,#953,#506,.T.);
#1204=EDGE_CURVE('',#953,#953,#758,.T.);
#1205=EDGE_CURVE('',#934,#954,#759,.T.);
#1206=EDGE_CURVE('',#954,#955,#760,.T.);
#1207=EDGE_CURVE('',#955,#954,#761,.T.);
#1208=EDGE_CURVE('',#955,#956,#507,.T.);
#1209=EDGE_CURVE('',#956,#956,#762,.T.);
#1210=EDGE_CURVE('',#943,#957,#763,.T.);
#1211=EDGE_CURVE('',#957,#958,#764,.T.);
#1212=EDGE_CURVE('',#958,#957,#765,.T.);
#1213=EDGE_CURVE('',#958,#959,#508,.T.);
#1214=EDGE_CURVE('',#959,#959,#766,.T.);
#1215=EDGE_CURVE('',#927,#880,#767,.T.);
#1216=EDGE_CURVE('',#883,#928,#768,.T.);
#1217=EDGE_CURVE('',#928,#898,#769,.T.);
#1218=EDGE_CURVE('',#899,#929,#770,.T.);
#1219=EDGE_CURVE('',#905,#936,#771,.T.);
#1220=EDGE_CURVE('',#935,#904,#30,.T.);
#1221=EDGE_CURVE('',#932,#903,#31,.T.);
#1222=EDGE_CURVE('',#929,#900,#772,.T.);
#1223=EDGE_CURVE('',#901,#930,#773,.T.);
#1224=EDGE_CURVE('',#902,#931,#774,.T.);
#1225=EDGE_CURVE('',#906,#937,#775,.T.);
#1226=EDGE_CURVE('',#907,#938,#776,.T.);
#1227=EDGE_CURVE('',#938,#908,#777,.T.);
#1228=EDGE_CURVE('',#909,#939,#778,.T.);
#1229=EDGE_CURVE('',#879,#927,#779,.T.);
#1230=EDGE_CURVE('',#926,#878,#96,.T.);
#1231=EDGE_CURVE('',#925,#877,#32,.T.);
#1232=EDGE_CURVE('',#924,#876,#33,.T.);
#1233=EDGE_CURVE('',#873,#921,#780,.T.);
#1234=EDGE_CURVE('',#942,#874,#34,.T.);
#1235=EDGE_CURVE('',#939,#910,#781,.T.);
#1236=EDGE_CURVE('',#911,#940,#782,.T.);
#1237=EDGE_CURVE('',#960,#941,#783,.T.);
#1238=EDGE_CURVE('',#911,#960,#784,.T.);
#1239=EDGE_CURVE('',#960,#874,#509,.T.);
#1240=EDGE_CURVE('',#949,#921,#785,.T.);
#1241=EDGE_CURVE('',#875,#920,#786,.T.);
#1242=EDGE_CURVE('',#859,#960,#510,.T.);
#1243=EDGE_CURVE('',#961,#961,#787,.T.);
#1244=EDGE_CURVE('',#961,#962,#511,.T.);
#1245=EDGE_CURVE('',#962,#962,#788,.T.);
#1246=EDGE_CURVE('',#963,#963,#789,.T.);
#1247=EDGE_CURVE('',#963,#843,#512,.T.);
#1248=EDGE_CURVE('',#964,#964,#790,.T.);
#1249=EDGE_CURVE('',#964,#965,#513,.T.);
#1250=EDGE_CURVE('',#965,#965,#791,.T.);
#1251=EDGE_CURVE('',#966,#966,#792,.T.);
#1252=EDGE_CURVE('',#966,#844,#514,.T.);
#1253=EDGE_CURVE('',#967,#967,#793,.T.);
#1254=EDGE_CURVE('',#967,#968,#515,.T.);
#1255=EDGE_CURVE('',#968,#968,#794,.T.);
#1256=EDGE_CURVE('',#969,#969,#795,.T.);
#1257=EDGE_CURVE('',#969,#846,#516,.T.);
#1258=EDGE_CURVE('',#970,#970,#796,.T.);
#1259=EDGE_CURVE('',#970,#971,#517,.T.);
#1260=EDGE_CURVE('',#971,#971,#797,.T.);
#1261=EDGE_CURVE('',#972,#972,#798,.T.);
#1262=EDGE_CURVE('',#972,#845,#518,.T.);
#1263=EDGE_CURVE('',#973,#973,#799,.T.);
#1264=EDGE_CURVE('',#973,#974,#519,.T.);
#1265=EDGE_CURVE('',#974,#974,#800,.T.);
#1266=EDGE_CURVE('',#975,#975,#801,.T.);
#1267=EDGE_CURVE('',#975,#830,#520,.T.);
#1268=EDGE_CURVE('',#976,#976,#802,.T.);
#1269=EDGE_CURVE('',#976,#977,#521,.T.);
#1270=EDGE_CURVE('',#977,#977,#803,.T.);
#1271=EDGE_CURVE('',#978,#978,#804,.T.);
#1272=EDGE_CURVE('',#978,#818,#522,.T.);
#1273=EDGE_CURVE('',#819,#854,#523,.T.);
#1274=EDGE_CURVE('',#831,#862,#524,.T.);
#1275=ORIENTED_EDGE('',*,*,#979,.F.);
#1276=ORIENTED_EDGE('',*,*,#980,.T.);
#1277=ORIENTED_EDGE('',*,*,#981,.T.);
#1278=ORIENTED_EDGE('',*,*,#982,.T.);
#1279=ORIENTED_EDGE('',*,*,#983,.T.);
#1280=ORIENTED_EDGE('',*,*,#984,.T.);
#1281=ORIENTED_EDGE('',*,*,#981,.F.);
#1282=ORIENTED_EDGE('',*,*,#985,.T.);
#1283=ORIENTED_EDGE('',*,*,#986,.F.);
#1284=ORIENTED_EDGE('',*,*,#983,.F.);
#1285=ORIENTED_EDGE('',*,*,#987,.T.);
#1286=ORIENTED_EDGE('',*,*,#988,.F.);
#1287=ORIENTED_EDGE('',*,*,#988,.T.);
#1288=ORIENTED_EDGE('',*,*,#989,.F.);
#1289=ORIENTED_EDGE('',*,*,#990,.F.);
#1290=ORIENTED_EDGE('',*,*,#991,.T.);
#1291=ORIENTED_EDGE('',*,*,#992,.T.);
#1292=ORIENTED_EDGE('',*,*,#993,.F.);
#1293=ORIENTED_EDGE('',*,*,#994,.F.);
#1294=ORIENTED_EDGE('',*,*,#987,.F.);
#1295=ORIENTED_EDGE('',*,*,#985,.F.);
#1296=ORIENTED_EDGE('',*,*,#980,.F.);
#1297=ORIENTED_EDGE('',*,*,#995,.F.);
#1298=ORIENTED_EDGE('',*,*,#996,.F.);
#1299=ORIENTED_EDGE('',*,*,#997,.T.);
#1300=ORIENTED_EDGE('',*,*,#998,.T.);
#1301=ORIENTED_EDGE('',*,*,#999,.F.);
#1302=ORIENTED_EDGE('',*,*,#1000,.F.);
#1303=ORIENTED_EDGE('',*,*,#1001,.F.);
#1304=ORIENTED_EDGE('',*,*,#1002,.F.);
#1305=ORIENTED_EDGE('',*,*,#1003,.F.);
#1306=ORIENTED_EDGE('',*,*,#1004,.F.);
#1307=ORIENTED_EDGE('',*,*,#1005,.F.);
#1308=ORIENTED_EDGE('',*,*,#1006,.F.);
#1309=ORIENTED_EDGE('',*,*,#1007,.F.);
#1310=ORIENTED_EDGE('',*,*,#1008,.F.);
#1311=ORIENTED_EDGE('',*,*,#1009,.F.);
#1312=ORIENTED_EDGE('',*,*,#1010,.F.);
#1313=ORIENTED_EDGE('',*,*,#1011,.T.);
#1314=ORIENTED_EDGE('',*,*,#1012,.F.);
#1315=ORIENTED_EDGE('',*,*,#1013,.F.);
#1316=ORIENTED_EDGE('',*,*,#1014,.F.);
#1317=ORIENTED_EDGE('',*,*,#1015,.F.);
#1318=ORIENTED_EDGE('',*,*,#1016,.F.);
#1319=ORIENTED_EDGE('',*,*,#1017,.F.);
#1320=ORIENTED_EDGE('',*,*,#1018,.F.);
#1321=ORIENTED_EDGE('',*,*,#1019,.F.);
#1322=ORIENTED_EDGE('',*,*,#1020,.F.);
#1323=ORIENTED_EDGE('',*,*,#1021,.F.);
#1324=ORIENTED_EDGE('',*,*,#1022,.F.);
#1325=ORIENTED_EDGE('',*,*,#989,.T.);
#1326=ORIENTED_EDGE('',*,*,#1023,.F.);
#1327=ORIENTED_EDGE('',*,*,#1024,.F.);
#1328=ORIENTED_EDGE('',*,*,#1025,.F.);
#1329=ORIENTED_EDGE('',*,*,#1026,.F.);
#1330=ORIENTED_EDGE('',*,*,#1027,.F.);
#1331=ORIENTED_EDGE('',*,*,#1008,.T.);
#1332=ORIENTED_EDGE('',*,*,#1028,.T.);
#1333=ORIENTED_EDGE('',*,*,#1029,.T.);
#1334=ORIENTED_EDGE('',*,*,#1030,.T.);
#1335=ORIENTED_EDGE('',*,*,#1031,.T.);
#1336=ORIENTED_EDGE('',*,*,#1028,.F.);
#1337=ORIENTED_EDGE('',*,*,#1007,.T.);
#1338=ORIENTED_EDGE('',*,*,#984,.F.);
#1339=ORIENTED_EDGE('',*,*,#1032,.T.);
#1340=ORIENTED_EDGE('',*,*,#1033,.T.);
#1341=ORIENTED_EDGE('',*,*,#1034,.T.);
#1342=ORIENTED_EDGE('',*,*,#982,.F.);
#1343=ORIENTED_EDGE('',*,*,#1034,.F.);
#1344=ORIENTED_EDGE('',*,*,#1035,.F.);
#1345=ORIENTED_EDGE('',*,*,#1036,.F.);
#1346=ORIENTED_EDGE('',*,*,#1033,.F.);
#1347=ORIENTED_EDGE('',*,*,#1037,.T.);
#1348=ORIENTED_EDGE('',*,*,#993,.T.);
#1349=ORIENTED_EDGE('',*,*,#1038,.T.);
#1350=ORIENTED_EDGE('',*,*,#1039,.T.);
#1351=ORIENTED_EDGE('',*,*,#1040,.T.);
#1352=ORIENTED_EDGE('',*,*,#1035,.T.);
#1353=ORIENTED_EDGE('',*,*,#1041,.F.);
#1354=ORIENTED_EDGE('',*,*,#1031,.F.);
#1355=ORIENTED_EDGE('',*,*,#1042,.T.);
#1356=ORIENTED_EDGE('',*,*,#1043,.T.);
#1357=ORIENTED_EDGE('',*,*,#1044,.T.);
#1358=ORIENTED_EDGE('',*,*,#1029,.F.);
#1359=ORIENTED_EDGE('',*,*,#1044,.F.);
#1360=ORIENTED_EDGE('',*,*,#1045,.F.);
#1361=ORIENTED_EDGE('',*,*,#1046,.F.);
#1362=ORIENTED_EDGE('',*,*,#1043,.F.);
#1363=ORIENTED_EDGE('',*,*,#1047,.T.);
#1364=ORIENTED_EDGE('',*,*,#1048,.T.);
#1365=ORIENTED_EDGE('',*,*,#1049,.T.);
#1366=ORIENTED_EDGE('',*,*,#1050,.T.);
#1367=ORIENTED_EDGE('',*,*,#1051,.T.);
#1368=ORIENTED_EDGE('',*,*,#1045,.T.);
#1369=ORIENTED_EDGE('',*,*,#1052,.F.);
#1370=ORIENTED_EDGE('',*,*,#1053,.F.);
#1371=ORIENTED_EDGE('',*,*,#1005,.T.);
#1372=ORIENTED_EDGE('',*,*,#1054,.T.);
#1373=ORIENTED_EDGE('',*,*,#1055,.T.);
#1374=ORIENTED_EDGE('',*,*,#1056,.T.);
#1375=ORIENTED_EDGE('',*,*,#1057,.T.);
#1376=ORIENTED_EDGE('',*,*,#1054,.F.);
#1377=ORIENTED_EDGE('',*,*,#1004,.T.);
#1378=ORIENTED_EDGE('',*,*,#1058,.T.);
#1379=ORIENTED_EDGE('',*,*,#1056,.F.);
#1380=ORIENTED_EDGE('',*,*,#1003,.T.);
#1381=ORIENTED_EDGE('',*,*,#1059,.T.);
#1382=ORIENTED_EDGE('',*,*,#1060,.T.);
#1383=ORIENTED_EDGE('',*,*,#1059,.F.);
#1384=ORIENTED_EDGE('',*,*,#1002,.T.);
#1385=ORIENTED_EDGE('',*,*,#1061,.T.);
#1386=ORIENTED_EDGE('',*,*,#1062,.T.);
#1387=ORIENTED_EDGE('',*,*,#1061,.F.);
#1388=ORIENTED_EDGE('',*,*,#1001,.T.);
#1389=ORIENTED_EDGE('',*,*,#1063,.T.);
#1390=ORIENTED_EDGE('',*,*,#1000,.T.);
#1391=ORIENTED_EDGE('',*,*,#1064,.T.);
#1392=ORIENTED_EDGE('',*,*,#1065,.T.);
#1393=ORIENTED_EDGE('',*,*,#1063,.F.);
#1394=ORIENTED_EDGE('',*,*,#1066,.T.);
#1395=ORIENTED_EDGE('',*,*,#999,.T.);
#1396=ORIENTED_EDGE('',*,*,#1067,.T.);
#1397=ORIENTED_EDGE('',*,*,#1068,.T.);
#1398=ORIENTED_EDGE('',*,*,#1066,.F.);
#1399=ORIENTED_EDGE('',*,*,#1069,.T.);
#1400=ORIENTED_EDGE('',*,*,#1064,.F.);
#1401=ORIENTED_EDGE('',*,*,#1055,.F.);
#1402=ORIENTED_EDGE('',*,*,#1070,.T.);
#1403=ORIENTED_EDGE('',*,*,#1071,.F.);
#1404=ORIENTED_EDGE('',*,*,#1072,.F.);
#1405=ORIENTED_EDGE('',*,*,#1057,.F.);
#1406=ORIENTED_EDGE('',*,*,#1073,.T.);
#1407=ORIENTED_EDGE('',*,*,#1074,.F.);
#1408=ORIENTED_EDGE('',*,*,#1070,.F.);
#1409=ORIENTED_EDGE('',*,*,#1058,.F.);
#1410=ORIENTED_EDGE('',*,*,#1075,.T.);
#1411=ORIENTED_EDGE('',*,*,#1076,.F.);
#1412=ORIENTED_EDGE('',*,*,#1073,.F.);
#1413=ORIENTED_EDGE('',*,*,#1060,.F.);
#1414=ORIENTED_EDGE('',*,*,#1077,.T.);
#1415=ORIENTED_EDGE('',*,*,#1078,.F.);
#1416=ORIENTED_EDGE('',*,*,#1075,.F.);
#1417=ORIENTED_EDGE('',*,*,#1062,.F.);
#1418=ORIENTED_EDGE('',*,*,#1079,.T.);
#1419=ORIENTED_EDGE('',*,*,#1080,.F.);
#1420=ORIENTED_EDGE('',*,*,#1077,.F.);
#1421=ORIENTED_EDGE('',*,*,#1065,.F.);
#1422=ORIENTED_EDGE('',*,*,#1081,.T.);
#1423=ORIENTED_EDGE('',*,*,#1082,.F.);
#1424=ORIENTED_EDGE('',*,*,#1079,.F.);
#1425=ORIENTED_EDGE('',*,*,#1069,.F.);
#1426=ORIENTED_EDGE('',*,*,#1083,.T.);
#1427=ORIENTED_EDGE('',*,*,#1084,.F.);
#1428=ORIENTED_EDGE('',*,*,#1081,.F.);
#1429=ORIENTED_EDGE('',*,*,#1068,.F.);
#1430=ORIENTED_EDGE('',*,*,#1085,.T.);
#1431=ORIENTED_EDGE('',*,*,#1038,.F.);
#1432=ORIENTED_EDGE('',*,*,#992,.F.);
#1433=ORIENTED_EDGE('',*,*,#991,.F.);
#1434=ORIENTED_EDGE('',*,*,#1086,.F.);
#1435=ORIENTED_EDGE('',*,*,#1087,.F.);
#1436=ORIENTED_EDGE('',*,*,#1088,.T.);
#1437=ORIENTED_EDGE('',*,*,#1089,.F.);
#1438=ORIENTED_EDGE('',*,*,#1083,.F.);
#1439=ORIENTED_EDGE('',*,*,#1090,.T.);
#1440=ORIENTED_EDGE('',*,*,#1022,.T.);
#1441=ORIENTED_EDGE('',*,*,#1091,.T.);
#1442=ORIENTED_EDGE('',*,*,#1087,.T.);
#1443=ORIENTED_EDGE('',*,*,#1086,.T.);
#1444=ORIENTED_EDGE('',*,*,#990,.T.);
#1445=ORIENTED_EDGE('',*,*,#1090,.F.);
#1446=ORIENTED_EDGE('',*,*,#1092,.T.);
#1447=ORIENTED_EDGE('',*,*,#1093,.T.);
#1448=ORIENTED_EDGE('',*,*,#1094,.T.);
#1449=ORIENTED_EDGE('',*,*,#1021,.T.);
#1450=ORIENTED_EDGE('',*,*,#1094,.F.);
#1451=ORIENTED_EDGE('',*,*,#1095,.T.);
#1452=ORIENTED_EDGE('',*,*,#1091,.F.);
#1453=ORIENTED_EDGE('',*,*,#1096,.T.);
#1454=ORIENTED_EDGE('',*,*,#1097,.T.);
#1455=ORIENTED_EDGE('',*,*,#1098,.T.);
#1456=ORIENTED_EDGE('',*,*,#1020,.T.);
#1457=ORIENTED_EDGE('',*,*,#1099,.T.);
#1458=ORIENTED_EDGE('',*,*,#1100,.T.);
#1459=ORIENTED_EDGE('',*,*,#1096,.F.);
#1460=ORIENTED_EDGE('',*,*,#1019,.T.);
#1461=ORIENTED_EDGE('',*,*,#1101,.T.);
#1462=ORIENTED_EDGE('',*,*,#1099,.F.);
#1463=ORIENTED_EDGE('',*,*,#1018,.T.);
#1464=ORIENTED_EDGE('',*,*,#1102,.T.);
#1465=ORIENTED_EDGE('',*,*,#1103,.T.);
#1466=ORIENTED_EDGE('',*,*,#1102,.F.);
#1467=ORIENTED_EDGE('',*,*,#1017,.T.);
#1468=ORIENTED_EDGE('',*,*,#1104,.T.);
#1469=ORIENTED_EDGE('',*,*,#1016,.T.);
#1470=ORIENTED_EDGE('',*,*,#1105,.T.);
#1471=ORIENTED_EDGE('',*,*,#1106,.T.);
#1472=ORIENTED_EDGE('',*,*,#1104,.F.);
#1473=ORIENTED_EDGE('',*,*,#1107,.T.);
#1474=ORIENTED_EDGE('',*,*,#1108,.T.);
#1475=ORIENTED_EDGE('',*,*,#1105,.F.);
#1476=ORIENTED_EDGE('',*,*,#1015,.T.);
#1477=ORIENTED_EDGE('',*,*,#1109,.T.);
#1478=ORIENTED_EDGE('',*,*,#1110,.T.);
#1479=ORIENTED_EDGE('',*,*,#1107,.F.);
#1480=ORIENTED_EDGE('',*,*,#1014,.T.);
#1481=ORIENTED_EDGE('',*,*,#1098,.F.);
#1482=ORIENTED_EDGE('',*,*,#1111,.T.);
#1483=ORIENTED_EDGE('',*,*,#1092,.F.);
#1484=ORIENTED_EDGE('',*,*,#1112,.T.);
#1485=ORIENTED_EDGE('',*,*,#1113,.T.);
#1486=ORIENTED_EDGE('',*,*,#1114,.T.);
#1487=ORIENTED_EDGE('',*,*,#1013,.T.);
#1488=ORIENTED_EDGE('',*,*,#1114,.F.);
#1489=ORIENTED_EDGE('',*,*,#1115,.T.);
#1490=ORIENTED_EDGE('',*,*,#1109,.F.);
#1491=ORIENTED_EDGE('',*,*,#1116,.T.);
#1492=ORIENTED_EDGE('',*,*,#1012,.T.);
#1493=ORIENTED_EDGE('',*,*,#1117,.T.);
#1494=ORIENTED_EDGE('',*,*,#1118,.T.);
#1495=ORIENTED_EDGE('',*,*,#1116,.F.);
#1496=ORIENTED_EDGE('',*,*,#1119,.T.);
#1497=ORIENTED_EDGE('',*,*,#1112,.F.);
#1498=ORIENTED_EDGE('',*,*,#1095,.F.);
#1499=ORIENTED_EDGE('',*,*,#1120,.T.);
#1500=ORIENTED_EDGE('',*,*,#1121,.F.);
#1501=ORIENTED_EDGE('',*,*,#1088,.F.);
#1502=ORIENTED_EDGE('',*,*,#1093,.F.);
#1503=ORIENTED_EDGE('',*,*,#1122,.T.);
#1504=ORIENTED_EDGE('',*,*,#1123,.F.);
#1505=ORIENTED_EDGE('',*,*,#1120,.F.);
#1506=ORIENTED_EDGE('',*,*,#1111,.F.);
#1507=ORIENTED_EDGE('',*,*,#1124,.T.);
#1508=ORIENTED_EDGE('',*,*,#1125,.F.);
#1509=ORIENTED_EDGE('',*,*,#1122,.F.);
#1510=ORIENTED_EDGE('',*,*,#1097,.F.);
#1511=ORIENTED_EDGE('',*,*,#1126,.T.);
#1512=ORIENTED_EDGE('',*,*,#1127,.F.);
#1513=ORIENTED_EDGE('',*,*,#1124,.F.);
#1514=ORIENTED_EDGE('',*,*,#1100,.F.);
#1515=ORIENTED_EDGE('',*,*,#1128,.T.);
#1516=ORIENTED_EDGE('',*,*,#1129,.F.);
#1517=ORIENTED_EDGE('',*,*,#1126,.F.);
#1518=ORIENTED_EDGE('',*,*,#1101,.F.);
#1519=ORIENTED_EDGE('',*,*,#1130,.T.);
#1520=ORIENTED_EDGE('',*,*,#1131,.F.);
#1521=ORIENTED_EDGE('',*,*,#1128,.F.);
#1522=ORIENTED_EDGE('',*,*,#1103,.F.);
#1523=ORIENTED_EDGE('',*,*,#1132,.T.);
#1524=ORIENTED_EDGE('',*,*,#1133,.F.);
#1525=ORIENTED_EDGE('',*,*,#1130,.F.);
#1526=ORIENTED_EDGE('',*,*,#1106,.F.);
#1527=ORIENTED_EDGE('',*,*,#1134,.T.);
#1528=ORIENTED_EDGE('',*,*,#1135,.F.);
#1529=ORIENTED_EDGE('',*,*,#1132,.F.);
#1530=ORIENTED_EDGE('',*,*,#1108,.F.);
#1531=ORIENTED_EDGE('',*,*,#1136,.T.);
#1532=ORIENTED_EDGE('',*,*,#1137,.F.);
#1533=ORIENTED_EDGE('',*,*,#1134,.F.);
#1534=ORIENTED_EDGE('',*,*,#1110,.F.);
#1535=ORIENTED_EDGE('',*,*,#1138,.T.);
#1536=ORIENTED_EDGE('',*,*,#1139,.F.);
#1537=ORIENTED_EDGE('',*,*,#1136,.F.);
#1538=ORIENTED_EDGE('',*,*,#1115,.F.);
#1539=ORIENTED_EDGE('',*,*,#1140,.T.);
#1540=ORIENTED_EDGE('',*,*,#1141,.F.);
#1541=ORIENTED_EDGE('',*,*,#1138,.F.);
#1542=ORIENTED_EDGE('',*,*,#1113,.F.);
#1543=ORIENTED_EDGE('',*,*,#1142,.T.);
#1544=ORIENTED_EDGE('',*,*,#1143,.F.);
#1545=ORIENTED_EDGE('',*,*,#1140,.F.);
#1546=ORIENTED_EDGE('',*,*,#1119,.F.);
#1547=ORIENTED_EDGE('',*,*,#1144,.T.);
#1548=ORIENTED_EDGE('',*,*,#1145,.F.);
#1549=ORIENTED_EDGE('',*,*,#1142,.F.);
#1550=ORIENTED_EDGE('',*,*,#1118,.F.);
#1551=ORIENTED_EDGE('',*,*,#1146,.T.);
#1552=ORIENTED_EDGE('',*,*,#1049,.F.);
#1553=ORIENTED_EDGE('',*,*,#1147,.T.);
#1554=ORIENTED_EDGE('',*,*,#1148,.F.);
#1555=ORIENTED_EDGE('',*,*,#1144,.F.);
#1556=ORIENTED_EDGE('',*,*,#1052,.T.);
#1557=ORIENTED_EDGE('',*,*,#1149,.T.);
#1558=ORIENTED_EDGE('',*,*,#1150,.T.);
#1559=ORIENTED_EDGE('',*,*,#1149,.F.);
#1560=ORIENTED_EDGE('',*,*,#1150,.F.);
#1561=ORIENTED_EDGE('',*,*,#1151,.T.);
#1562=ORIENTED_EDGE('',*,*,#1152,.F.);
#1563=ORIENTED_EDGE('',*,*,#1151,.F.);
#1564=ORIENTED_EDGE('',*,*,#1041,.T.);
#1565=ORIENTED_EDGE('',*,*,#1153,.T.);
#1566=ORIENTED_EDGE('',*,*,#1154,.T.);
#1567=ORIENTED_EDGE('',*,*,#1153,.F.);
#1568=ORIENTED_EDGE('',*,*,#1154,.F.);
#1569=ORIENTED_EDGE('',*,*,#1155,.T.);
#1570=ORIENTED_EDGE('',*,*,#1156,.F.);
#1571=ORIENTED_EDGE('',*,*,#1155,.F.);
#1572=ORIENTED_EDGE('',*,*,#1157,.T.);
#1573=ORIENTED_EDGE('',*,*,#1158,.T.);
#1574=ORIENTED_EDGE('',*,*,#1159,.T.);
#1575=ORIENTED_EDGE('',*,*,#1160,.T.);
#1576=ORIENTED_EDGE('',*,*,#1158,.F.);
#1577=ORIENTED_EDGE('',*,*,#1161,.T.);
#1578=ORIENTED_EDGE('',*,*,#1162,.F.);
#1579=ORIENTED_EDGE('',*,*,#1163,.F.);
#1580=ORIENTED_EDGE('',*,*,#1164,.F.);
#1581=ORIENTED_EDGE('',*,*,#1165,.F.);
#1582=ORIENTED_EDGE('',*,*,#1166,.F.);
#1583=ORIENTED_EDGE('',*,*,#1161,.F.);
#1584=ORIENTED_EDGE('',*,*,#1157,.F.);
#1585=ORIENTED_EDGE('',*,*,#1167,.F.);
#1586=ORIENTED_EDGE('',*,*,#1168,.F.);
#1587=ORIENTED_EDGE('',*,*,#1169,.F.);
#1588=ORIENTED_EDGE('',*,*,#1170,.F.);
#1589=ORIENTED_EDGE('',*,*,#1171,.F.);
#1590=ORIENTED_EDGE('',*,*,#1172,.F.);
#1591=ORIENTED_EDGE('',*,*,#1173,.F.);
#1592=ORIENTED_EDGE('',*,*,#1174,.F.);
#1593=ORIENTED_EDGE('',*,*,#1175,.F.);
#1594=ORIENTED_EDGE('',*,*,#1176,.F.);
#1595=ORIENTED_EDGE('',*,*,#1177,.F.);
#1596=ORIENTED_EDGE('',*,*,#1178,.F.);
#1597=ORIENTED_EDGE('',*,*,#1179,.F.);
#1598=ORIENTED_EDGE('',*,*,#1180,.F.);
#1599=ORIENTED_EDGE('',*,*,#1181,.F.);
#1600=ORIENTED_EDGE('',*,*,#1182,.F.);
#1601=ORIENTED_EDGE('',*,*,#1183,.F.);
#1602=ORIENTED_EDGE('',*,*,#1184,.F.);
#1603=ORIENTED_EDGE('',*,*,#1185,.F.);
#1604=ORIENTED_EDGE('',*,*,#1186,.F.);
#1605=ORIENTED_EDGE('',*,*,#1187,.F.);
#1606=ORIENTED_EDGE('',*,*,#1152,.T.);
#1607=ORIENTED_EDGE('',*,*,#1156,.T.);
#1608=ORIENTED_EDGE('',*,*,#1188,.F.);
#1609=ORIENTED_EDGE('',*,*,#1189,.F.);
#1610=ORIENTED_EDGE('',*,*,#1160,.F.);
#1611=ORIENTED_EDGE('',*,*,#1190,.T.);
#1612=ORIENTED_EDGE('',*,*,#1191,.T.);
#1613=ORIENTED_EDGE('',*,*,#1190,.F.);
#1614=ORIENTED_EDGE('',*,*,#1159,.F.);
#1615=ORIENTED_EDGE('',*,*,#1165,.T.);
#1616=ORIENTED_EDGE('',*,*,#1192,.T.);
#1617=ORIENTED_EDGE('',*,*,#1193,.T.);
#1618=ORIENTED_EDGE('',*,*,#1194,.T.);
#1619=ORIENTED_EDGE('',*,*,#1192,.F.);
#1620=ORIENTED_EDGE('',*,*,#1164,.T.);
#1621=ORIENTED_EDGE('',*,*,#1194,.F.);
#1622=ORIENTED_EDGE('',*,*,#1195,.T.);
#1623=ORIENTED_EDGE('',*,*,#1196,.T.);
#1624=ORIENTED_EDGE('',*,*,#1195,.F.);
#1625=ORIENTED_EDGE('',*,*,#1193,.F.);
#1626=ORIENTED_EDGE('',*,*,#1197,.F.);
#1627=ORIENTED_EDGE('',*,*,#1198,.T.);
#1628=ORIENTED_EDGE('',*,*,#1199,.T.);
#1629=ORIENTED_EDGE('',*,*,#1198,.F.);
#1630=ORIENTED_EDGE('',*,*,#1189,.T.);
#1631=ORIENTED_EDGE('',*,*,#1200,.T.);
#1632=ORIENTED_EDGE('',*,*,#1201,.T.);
#1633=ORIENTED_EDGE('',*,*,#1202,.T.);
#1634=ORIENTED_EDGE('',*,*,#1200,.F.);
#1635=ORIENTED_EDGE('',*,*,#1202,.F.);
#1636=ORIENTED_EDGE('',*,*,#1203,.T.);
#1637=ORIENTED_EDGE('',*,*,#1204,.T.);
#1638=ORIENTED_EDGE('',*,*,#1203,.F.);
#1639=ORIENTED_EDGE('',*,*,#1201,.F.);
#1640=ORIENTED_EDGE('',*,*,#1178,.T.);
#1641=ORIENTED_EDGE('',*,*,#1205,.T.);
#1642=ORIENTED_EDGE('',*,*,#1206,.T.);
#1643=ORIENTED_EDGE('',*,*,#1207,.T.);
#1644=ORIENTED_EDGE('',*,*,#1205,.F.);
#1645=ORIENTED_EDGE('',*,*,#1177,.T.);
#1646=ORIENTED_EDGE('',*,*,#1207,.F.);
#1647=ORIENTED_EDGE('',*,*,#1208,.T.);
#1648=ORIENTED_EDGE('',*,*,#1209,.T.);
#1649=ORIENTED_EDGE('',*,*,#1208,.F.);
#1650=ORIENTED_EDGE('',*,*,#1206,.F.);
#1651=ORIENTED_EDGE('',*,*,#1188,.T.);
#1652=ORIENTED_EDGE('',*,*,#1210,.T.);
#1653=ORIENTED_EDGE('',*,*,#1211,.T.);
#1654=ORIENTED_EDGE('',*,*,#1212,.T.);
#1655=ORIENTED_EDGE('',*,*,#1210,.F.);
#1656=ORIENTED_EDGE('',*,*,#1212,.F.);
#1657=ORIENTED_EDGE('',*,*,#1213,.T.);
#1658=ORIENTED_EDGE('',*,*,#1214,.T.);
#1659=ORIENTED_EDGE('',*,*,#1213,.F.);
#1660=ORIENTED_EDGE('',*,*,#1211,.F.);
#1661=ORIENTED_EDGE('',*,*,#1215,.T.);
#1662=ORIENTED_EDGE('',*,*,#1089,.T.);
#1663=ORIENTED_EDGE('',*,*,#1216,.T.);
#1664=ORIENTED_EDGE('',*,*,#1171,.T.);
#1665=ORIENTED_EDGE('',*,*,#1217,.T.);
#1666=ORIENTED_EDGE('',*,*,#1123,.T.);
#1667=ORIENTED_EDGE('',*,*,#1218,.T.);
#1668=ORIENTED_EDGE('',*,*,#1172,.T.);
#1669=ORIENTED_EDGE('',*,*,#1217,.F.);
#1670=ORIENTED_EDGE('',*,*,#1216,.F.);
#1671=ORIENTED_EDGE('',*,*,#1121,.T.);
#1672=ORIENTED_EDGE('',*,*,#1135,.T.);
#1673=ORIENTED_EDGE('',*,*,#1219,.T.);
#1674=ORIENTED_EDGE('',*,*,#1180,.T.);
#1675=ORIENTED_EDGE('',*,*,#1220,.T.);
#1676=ORIENTED_EDGE('',*,*,#1179,.T.);
#1677=ORIENTED_EDGE('',*,*,#1176,.T.);
#1678=ORIENTED_EDGE('',*,*,#1221,.T.);
#1679=ORIENTED_EDGE('',*,*,#1133,.T.);
#1680=ORIENTED_EDGE('',*,*,#1220,.F.);
#1681=ORIENTED_EDGE('',*,*,#1222,.T.);
#1682=ORIENTED_EDGE('',*,*,#1127,.T.);
#1683=ORIENTED_EDGE('',*,*,#1223,.T.);
#1684=ORIENTED_EDGE('',*,*,#1173,.T.);
#1685=ORIENTED_EDGE('',*,*,#1224,.T.);
#1686=ORIENTED_EDGE('',*,*,#1174,.T.);
#1687=ORIENTED_EDGE('',*,*,#1223,.F.);
#1688=ORIENTED_EDGE('',*,*,#1129,.T.);
#1689=ORIENTED_EDGE('',*,*,#1175,.T.);
#1690=ORIENTED_EDGE('',*,*,#1224,.F.);
#1691=ORIENTED_EDGE('',*,*,#1131,.T.);
#1692=ORIENTED_EDGE('',*,*,#1221,.F.);
#1693=ORIENTED_EDGE('',*,*,#1225,.T.);
#1694=ORIENTED_EDGE('',*,*,#1181,.T.);
#1695=ORIENTED_EDGE('',*,*,#1219,.F.);
#1696=ORIENTED_EDGE('',*,*,#1137,.T.);
#1697=ORIENTED_EDGE('',*,*,#1226,.T.);
#1698=ORIENTED_EDGE('',*,*,#1182,.T.);
#1699=ORIENTED_EDGE('',*,*,#1225,.F.);
#1700=ORIENTED_EDGE('',*,*,#1139,.T.);
#1701=ORIENTED_EDGE('',*,*,#1222,.F.);
#1702=ORIENTED_EDGE('',*,*,#1218,.F.);
#1703=ORIENTED_EDGE('',*,*,#1125,.T.);
#1704=ORIENTED_EDGE('',*,*,#1227,.T.);
#1705=ORIENTED_EDGE('',*,*,#1143,.T.);
#1706=ORIENTED_EDGE('',*,*,#1228,.T.);
#1707=ORIENTED_EDGE('',*,*,#1183,.T.);
#1708=ORIENTED_EDGE('',*,*,#1227,.F.);
#1709=ORIENTED_EDGE('',*,*,#1226,.F.);
#1710=ORIENTED_EDGE('',*,*,#1141,.T.);
#1711=ORIENTED_EDGE('',*,*,#1082,.T.);
#1712=ORIENTED_EDGE('',*,*,#1229,.T.);
#1713=ORIENTED_EDGE('',*,*,#1170,.T.);
#1714=ORIENTED_EDGE('',*,*,#1230,.T.);
#1715=ORIENTED_EDGE('',*,*,#1080,.T.);
#1716=ORIENTED_EDGE('',*,*,#1230,.F.);
#1717=ORIENTED_EDGE('',*,*,#1169,.T.);
#1718=ORIENTED_EDGE('',*,*,#1231,.T.);
#1719=ORIENTED_EDGE('',*,*,#1168,.T.);
#1720=ORIENTED_EDGE('',*,*,#1232,.T.);
#1721=ORIENTED_EDGE('',*,*,#1078,.T.);
#1722=ORIENTED_EDGE('',*,*,#1231,.F.);
#1723=ORIENTED_EDGE('',*,*,#1071,.T.);
#1724=ORIENTED_EDGE('',*,*,#1233,.T.);
#1725=ORIENTED_EDGE('',*,*,#1187,.T.);
#1726=ORIENTED_EDGE('',*,*,#1234,.T.);
#1727=ORIENTED_EDGE('',*,*,#1235,.T.);
#1728=ORIENTED_EDGE('',*,*,#1148,.T.);
#1729=ORIENTED_EDGE('',*,*,#1236,.T.);
#1730=ORIENTED_EDGE('',*,*,#1184,.T.);
#1731=ORIENTED_EDGE('',*,*,#1237,.T.);
#1732=ORIENTED_EDGE('',*,*,#1185,.T.);
#1733=ORIENTED_EDGE('',*,*,#1236,.F.);
#1734=ORIENTED_EDGE('',*,*,#1238,.T.);
#1735=ORIENTED_EDGE('',*,*,#1186,.T.);
#1736=ORIENTED_EDGE('',*,*,#1237,.F.);
#1737=ORIENTED_EDGE('',*,*,#1239,.T.);
#1738=ORIENTED_EDGE('',*,*,#1234,.F.);
#1739=ORIENTED_EDGE('',*,*,#1197,.T.);
#1740=ORIENTED_EDGE('',*,*,#1240,.T.);
#1741=ORIENTED_EDGE('',*,*,#1233,.F.);
#1742=ORIENTED_EDGE('',*,*,#1074,.T.);
#1743=ORIENTED_EDGE('',*,*,#1241,.T.);
#1744=ORIENTED_EDGE('',*,*,#1162,.T.);
#1745=ORIENTED_EDGE('',*,*,#1240,.F.);
#1746=ORIENTED_EDGE('',*,*,#1167,.T.);
#1747=ORIENTED_EDGE('',*,*,#1166,.T.);
#1748=ORIENTED_EDGE('',*,*,#1163,.T.);
#1749=ORIENTED_EDGE('',*,*,#1241,.F.);
#1750=ORIENTED_EDGE('',*,*,#1076,.T.);
#1751=ORIENTED_EDGE('',*,*,#1232,.F.);
#1752=ORIENTED_EDGE('',*,*,#1235,.F.);
#1753=ORIENTED_EDGE('',*,*,#1228,.F.);
#1754=ORIENTED_EDGE('',*,*,#1145,.T.);
#1755=ORIENTED_EDGE('',*,*,#1215,.F.);
#1756=ORIENTED_EDGE('',*,*,#1229,.F.);
#1757=ORIENTED_EDGE('',*,*,#1084,.T.);
#1758=ORIENTED_EDGE('',*,*,#1006,.T.);
#1759=ORIENTED_EDGE('',*,*,#1053,.T.);
#1760=ORIENTED_EDGE('',*,*,#1072,.T.);
#1761=ORIENTED_EDGE('',*,*,#1239,.F.);
#1762=ORIENTED_EDGE('',*,*,#1242,.F.);
#1763=ORIENTED_EDGE('',*,*,#1047,.F.);
#1764=ORIENTED_EDGE('',*,*,#1042,.F.);
#1765=ORIENTED_EDGE('',*,*,#1030,.F.);
#1766=ORIENTED_EDGE('',*,*,#1238,.F.);
#1767=ORIENTED_EDGE('',*,*,#1147,.F.);
#1768=ORIENTED_EDGE('',*,*,#1048,.F.);
#1769=ORIENTED_EDGE('',*,*,#1242,.T.);
#1770=ORIENTED_EDGE('',*,*,#1243,.F.);
#1771=ORIENTED_EDGE('',*,*,#1244,.T.);
#1772=ORIENTED_EDGE('',*,*,#1245,.T.);
#1773=ORIENTED_EDGE('',*,*,#1244,.F.);
#1774=ORIENTED_EDGE('',*,*,#1199,.F.);
#1775=ORIENTED_EDGE('',*,*,#1243,.T.);
#1776=ORIENTED_EDGE('',*,*,#1246,.F.);
#1777=ORIENTED_EDGE('',*,*,#1245,.F.);
#1778=ORIENTED_EDGE('',*,*,#1246,.T.);
#1779=ORIENTED_EDGE('',*,*,#1247,.T.);
#1780=ORIENTED_EDGE('',*,*,#1023,.T.);
#1781=ORIENTED_EDGE('',*,*,#1247,.F.);
#1782=ORIENTED_EDGE('',*,*,#1248,.F.);
#1783=ORIENTED_EDGE('',*,*,#1249,.T.);
#1784=ORIENTED_EDGE('',*,*,#1250,.T.);
#1785=ORIENTED_EDGE('',*,*,#1249,.F.);
#1786=ORIENTED_EDGE('',*,*,#1209,.F.);
#1787=ORIENTED_EDGE('',*,*,#1248,.T.);
#1788=ORIENTED_EDGE('',*,*,#1251,.F.);
#1789=ORIENTED_EDGE('',*,*,#1250,.F.);
#1790=ORIENTED_EDGE('',*,*,#1251,.T.);
#1791=ORIENTED_EDGE('',*,*,#1252,.T.);
#1792=ORIENTED_EDGE('',*,*,#1024,.T.);
#1793=ORIENTED_EDGE('',*,*,#1252,.F.);
#1794=ORIENTED_EDGE('',*,*,#1253,.F.);
#1795=ORIENTED_EDGE('',*,*,#1254,.T.);
#1796=ORIENTED_EDGE('',*,*,#1255,.T.);
#1797=ORIENTED_EDGE('',*,*,#1254,.F.);
#1798=ORIENTED_EDGE('',*,*,#1214,.F.);
#1799=ORIENTED_EDGE('',*,*,#1253,.T.);
#1800=ORIENTED_EDGE('',*,*,#1256,.F.);
#1801=ORIENTED_EDGE('',*,*,#1255,.F.);
#1802=ORIENTED_EDGE('',*,*,#1256,.T.);
#1803=ORIENTED_EDGE('',*,*,#1257,.T.);
#1804=ORIENTED_EDGE('',*,*,#1026,.T.);
#1805=ORIENTED_EDGE('',*,*,#1257,.F.);
#1806=ORIENTED_EDGE('',*,*,#1258,.F.);
#1807=ORIENTED_EDGE('',*,*,#1259,.T.);
#1808=ORIENTED_EDGE('',*,*,#1260,.T.);
#1809=ORIENTED_EDGE('',*,*,#1259,.F.);
#1810=ORIENTED_EDGE('',*,*,#1196,.F.);
#1811=ORIENTED_EDGE('',*,*,#1258,.T.);
#1812=ORIENTED_EDGE('',*,*,#1261,.F.);
#1813=ORIENTED_EDGE('',*,*,#1260,.F.);
#1814=ORIENTED_EDGE('',*,*,#1261,.T.);
#1815=ORIENTED_EDGE('',*,*,#1262,.T.);
#1816=ORIENTED_EDGE('',*,*,#1025,.T.);
#1817=ORIENTED_EDGE('',*,*,#1262,.F.);
#1818=ORIENTED_EDGE('',*,*,#1263,.F.);
#1819=ORIENTED_EDGE('',*,*,#1264,.T.);
#1820=ORIENTED_EDGE('',*,*,#1265,.T.);
#1821=ORIENTED_EDGE('',*,*,#1264,.F.);
#1822=ORIENTED_EDGE('',*,*,#1204,.F.);
#1823=ORIENTED_EDGE('',*,*,#1263,.T.);
#1824=ORIENTED_EDGE('',*,*,#1266,.F.);
#1825=ORIENTED_EDGE('',*,*,#1265,.F.);
#1826=ORIENTED_EDGE('',*,*,#1266,.T.);
#1827=ORIENTED_EDGE('',*,*,#1267,.T.);
#1828=ORIENTED_EDGE('',*,*,#1009,.T.);
#1829=ORIENTED_EDGE('',*,*,#1267,.F.);
#1830=ORIENTED_EDGE('',*,*,#1268,.F.);
#1831=ORIENTED_EDGE('',*,*,#1269,.T.);
#1832=ORIENTED_EDGE('',*,*,#1270,.T.);
#1833=ORIENTED_EDGE('',*,*,#1269,.F.);
#1834=ORIENTED_EDGE('',*,*,#1191,.F.);
#1835=ORIENTED_EDGE('',*,*,#1268,.T.);
#1836=ORIENTED_EDGE('',*,*,#1271,.F.);
#1837=ORIENTED_EDGE('',*,*,#1270,.F.);
#1838=ORIENTED_EDGE('',*,*,#1271,.T.);
#1839=ORIENTED_EDGE('',*,*,#1272,.T.);
#1840=ORIENTED_EDGE('',*,*,#995,.T.);
#1841=ORIENTED_EDGE('',*,*,#996,.T.);
#1842=ORIENTED_EDGE('',*,*,#1272,.F.);
#1843=ORIENTED_EDGE('',*,*,#986,.T.);
#1844=ORIENTED_EDGE('',*,*,#994,.T.);
#1845=ORIENTED_EDGE('',*,*,#1037,.F.);
#1846=ORIENTED_EDGE('',*,*,#1032,.F.);
#1847=ORIENTED_EDGE('',*,*,#997,.F.);
#1848=ORIENTED_EDGE('',*,*,#979,.T.);
#1849=ORIENTED_EDGE('',*,*,#1036,.T.);
#1850=ORIENTED_EDGE('',*,*,#1040,.F.);
#1851=ORIENTED_EDGE('',*,*,#1273,.F.);
#1852=ORIENTED_EDGE('',*,*,#998,.F.);
#1853=ORIENTED_EDGE('',*,*,#1273,.T.);
#1854=ORIENTED_EDGE('',*,*,#1039,.F.);
#1855=ORIENTED_EDGE('',*,*,#1085,.F.);
#1856=ORIENTED_EDGE('',*,*,#1067,.F.);
#1857=ORIENTED_EDGE('',*,*,#1011,.F.);
#1858=ORIENTED_EDGE('',*,*,#1274,.T.);
#1859=ORIENTED_EDGE('',*,*,#1050,.F.);
#1860=ORIENTED_EDGE('',*,*,#1146,.F.);
#1861=ORIENTED_EDGE('',*,*,#1117,.F.);
#1862=ORIENTED_EDGE('',*,*,#1010,.T.);
#1863=ORIENTED_EDGE('',*,*,#1027,.T.);
#1864=ORIENTED_EDGE('',*,*,#1046,.T.);
#1865=ORIENTED_EDGE('',*,*,#1051,.F.);
#1866=ORIENTED_EDGE('',*,*,#1274,.F.);
#1867=CYLINDRICAL_SURFACE('',#2074,1.);
#1868=CYLINDRICAL_SURFACE('',#2083,2.00000049173832);
#1869=CYLINDRICAL_SURFACE('',#2104,1.);
#1870=CYLINDRICAL_SURFACE('',#2109,2.);
#1871=CYLINDRICAL_SURFACE('',#2115,2.);
#1872=CYLINDRICAL_SURFACE('',#2122,0.5);
#1873=CYLINDRICAL_SURFACE('',#2128,0.5);
#1874=CYLINDRICAL_SURFACE('',#2130,0.5);
#1875=CYLINDRICAL_SURFACE('',#2132,0.5);
#1876=CYLINDRICAL_SURFACE('',#2136,0.5);
#1877=CYLINDRICAL_SURFACE('',#2141,4.);
#1878=CYLINDRICAL_SURFACE('',#2146,2.5);
#1879=CYLINDRICAL_SURFACE('',#2148,0.499999999999997);
#1880=CYLINDRICAL_SURFACE('',#2151,0.5);
#1881=CYLINDRICAL_SURFACE('',#2160,0.5);
#1882=CYLINDRICAL_SURFACE('',#2166,0.5);
#1883=CYLINDRICAL_SURFACE('',#2168,0.5);
#1884=CYLINDRICAL_SURFACE('',#2170,0.5);
#1885=CYLINDRICAL_SURFACE('',#2175,0.5);
#1886=CYLINDRICAL_SURFACE('',#2185,0.5);
#1887=CYLINDRICAL_SURFACE('',#2189,0.499999999999998);
#1888=CYLINDRICAL_SURFACE('',#2191,2.5);
#1889=CYLINDRICAL_SURFACE('',#2193,0.499999999999998);
#1890=CYLINDRICAL_SURFACE('',#2196,2.99999999999999);
#1891=CYLINDRICAL_SURFACE('',#2201,2.99999999999999);
#1892=CYLINDRICAL_SURFACE('',#2204,0.499999999999998);
#1893=CYLINDRICAL_SURFACE('',#2206,2.5);
#1894=CYLINDRICAL_SURFACE('',#2208,0.500000000000001);
#1895=CYLINDRICAL_SURFACE('',#2214,1.);
#1896=CYLINDRICAL_SURFACE('',#2219,1.);
#1897=CYLINDRICAL_SURFACE('',#2241,3.);
#1898=CYLINDRICAL_SURFACE('',#2247,3.);
#1899=CYLINDRICAL_SURFACE('',#2249,3.);
#1900=CYLINDRICAL_SURFACE('',#2256,3.);
#1901=CYLINDRICAL_SURFACE('',#2262,3.);
#1902=CYLINDRICAL_SURFACE('',#2268,3.);
#1903=CYLINDRICAL_SURFACE('',#2270,0.5);
#1904=CYLINDRICAL_SURFACE('',#2277,0.5);
#1905=CYLINDRICAL_SURFACE('',#2280,0.5);
#1906=CYLINDRICAL_SURFACE('',#2282,0.5);
#1907=CYLINDRICAL_SURFACE('',#2287,0.5);
#1908=CYLINDRICAL_SURFACE('',#2290,0.5);
#1909=CYLINDRICAL_SURFACE('',#2299,0.5);
#1910=CYLINDRICAL_SURFACE('',#2301,0.5);
#1911=CYLINDRICAL_SURFACE('',#2303,0.5);
#1912=CYLINDRICAL_SURFACE('',#2306,0.5);
#1913=CYLINDRICAL_SURFACE('',#2312,0.5);
#1914=CYLINDRICAL_SURFACE('',#2316,0.5);
#1915=CYLINDRICAL_SURFACE('',#2320,2.);
#1916=CYLINDRICAL_SURFACE('',#2321,2.5);
#1917=CYLINDRICAL_SURFACE('',#2327,3.);
#1918=CYLINDRICAL_SURFACE('',#2328,2.5);
#1919=CYLINDRICAL_SURFACE('',#2334,3.);
#1920=CYLINDRICAL_SURFACE('',#2335,2.5);
#1921=CYLINDRICAL_SURFACE('',#2341,3.);
#1922=CYLINDRICAL_SURFACE('',#2342,2.5);
#1923=CYLINDRICAL_SURFACE('',#2348,3.);
#1924=CYLINDRICAL_SURFACE('',#2349,2.5);
#1925=CYLINDRICAL_SURFACE('',#2355,3.);
#1926=CYLINDRICAL_SURFACE('',#2356,2.5);
#1927=CYLINDRICAL_SURFACE('',#2362,3.);
#1928=CYLINDRICAL_SURFACE('',#2365,2.);
#1929=CYLINDRICAL_SURFACE('',#2366,2.);
#1930=ADVANCED_FACE('',(#120),#1867,.F.);
#1931=ADVANCED_FACE('',(#121),#98,.F.);
#1932=ADVANCED_FACE('',(#122),#97,.T.);
#1933=ADVANCED_FACE('',(#123),#1868,.T.);
#1934=ADVANCED_FACE('',(#124,#35,#36,#37,#38),#57,.F.);
#1935=ADVANCED_FACE('',(#125),#1869,.F.);
#1936=ADVANCED_FACE('',(#126),#99,.F.);
#1937=ADVANCED_FACE('',(#127),#1870,.T.);
#1938=ADVANCED_FACE('',(#128),#58,.T.);
#1939=ADVANCED_FACE('',(#129,#39),#59,.F.);
#1940=ADVANCED_FACE('',(#130),#1871,.T.);
#1941=ADVANCED_FACE('',(#131),#60,.T.);
#1942=ADVANCED_FACE('',(#132,#40),#61,.F.);
#1943=ADVANCED_FACE('',(#133),#1872,.T.);
#1944=ADVANCED_FACE('',(#134),#100,.T.);
#1945=ADVANCED_FACE('',(#135),#1873,.T.);
#1946=ADVANCED_FACE('',(#136),#1874,.T.);
#1947=ADVANCED_FACE('',(#137),#1875,.T.);
#1948=ADVANCED_FACE('',(#138),#101,.T.);
#1949=ADVANCED_FACE('',(#139),#1876,.T.);
#1950=ADVANCED_FACE('',(#140),#16,.T.);
#1951=ADVANCED_FACE('',(#141),#62,.T.);
#1952=ADVANCED_FACE('',(#142),#1877,.T.);
#1953=ADVANCED_FACE('',(#143),#63,.T.);
#1954=ADVANCED_FACE('',(#144),#64,.T.);
#1955=ADVANCED_FACE('',(#145),#65,.T.);
#1956=ADVANCED_FACE('',(#146),#1878,.F.);
#1957=ADVANCED_FACE('',(#147),#1879,.T.);
#1958=ADVANCED_FACE('',(#148),#66,.T.);
#1959=ADVANCED_FACE('',(#149),#1880,.T.);
#1960=ADVANCED_FACE('',(#150),#15,.F.);
#1961=ADVANCED_FACE('',(#151),#102,.T.);
#1962=ADVANCED_FACE('',(#152),#17,.T.);
#1963=ADVANCED_FACE('',(#153),#1881,.T.);
#1964=ADVANCED_FACE('',(#154),#103,.T.);
#1965=ADVANCED_FACE('',(#155),#1882,.T.);
#1966=ADVANCED_FACE('',(#156),#1883,.T.);
#1967=ADVANCED_FACE('',(#157),#1884,.T.);
#1968=ADVANCED_FACE('',(#158),#104,.T.);
#1969=ADVANCED_FACE('',(#159),#1885,.T.);
#1970=ADVANCED_FACE('',(#160),#18,.T.);
#1971=ADVANCED_FACE('',(#161),#105,.T.);
#1972=ADVANCED_FACE('',(#162),#19,.T.);
#1973=ADVANCED_FACE('',(#163),#1886,.T.);
#1974=ADVANCED_FACE('',(#164),#20,.T.);
#1975=ADVANCED_FACE('',(#165),#1887,.T.);
#1976=ADVANCED_FACE('',(#166),#1888,.F.);
#1977=ADVANCED_FACE('',(#167),#1889,.T.);
#1978=ADVANCED_FACE('',(#168),#67,.T.);
#1979=ADVANCED_FACE('',(#169),#1890,.T.);
#1980=ADVANCED_FACE('',(#170),#68,.T.);
#1981=ADVANCED_FACE('',(#171),#69,.T.);
#1982=ADVANCED_FACE('',(#172),#70,.T.);
#1983=ADVANCED_FACE('',(#173),#1891,.T.);
#1984=ADVANCED_FACE('',(#174),#71,.T.);
#1985=ADVANCED_FACE('',(#175),#1892,.T.);
#1986=ADVANCED_FACE('',(#176),#1893,.F.);
#1987=ADVANCED_FACE('',(#177),#1894,.T.);
#1988=ADVANCED_FACE('',(#178),#72,.T.);
#1989=ADVANCED_FACE('',(#179),#106,.T.);
#1990=ADVANCED_FACE('',(#180),#1895,.F.);
#1991=ADVANCED_FACE('',(#181),#107,.T.);
#1992=ADVANCED_FACE('',(#182),#1896,.F.);
#1993=ADVANCED_FACE('',(#183),#108,.T.);
#1994=ADVANCED_FACE('',(#184,#41,#42,#43,#44),#73,.T.);
#1995=ADVANCED_FACE('',(#185),#1897,.F.);
#1996=ADVANCED_FACE('',(#186),#109,.T.);
#1997=ADVANCED_FACE('',(#187),#1898,.F.);
#1998=ADVANCED_FACE('',(#188),#1899,.F.);
#1999=ADVANCED_FACE('',(#189),#110,.T.);
#2000=ADVANCED_FACE('',(#190),#1900,.F.);
#2001=ADVANCED_FACE('',(#191),#111,.T.);
#2002=ADVANCED_FACE('',(#192),#1901,.F.);
#2003=ADVANCED_FACE('',(#193),#112,.T.);
#2004=ADVANCED_FACE('',(#194),#1902,.F.);
#2005=ADVANCED_FACE('',(#195),#1903,.T.);
#2006=ADVANCED_FACE('',(#196),#113,.T.);
#2007=ADVANCED_FACE('',(#197),#21,.T.);
#2008=ADVANCED_FACE('',(#198),#1904,.T.);
#2009=ADVANCED_FACE('',(#199),#1905,.T.);
#2010=ADVANCED_FACE('',(#200),#1906,.T.);
#2011=ADVANCED_FACE('',(#201),#114,.T.);
#2012=ADVANCED_FACE('',(#202),#1907,.T.);
#2013=ADVANCED_FACE('',(#203),#115,.T.);
#2014=ADVANCED_FACE('',(#204),#1908,.T.);
#2015=ADVANCED_FACE('',(#205),#22,.T.);
#2016=ADVANCED_FACE('',(#206),#116,.T.);
#2017=ADVANCED_FACE('',(#207),#23,.T.);
#2018=ADVANCED_FACE('',(#208),#117,.T.);
#2019=ADVANCED_FACE('',(#209),#1909,.T.);
#2020=ADVANCED_FACE('',(#210),#1910,.T.);
#2021=ADVANCED_FACE('',(#211),#1911,.T.);
#2022=ADVANCED_FACE('',(#212),#1912,.T.);
#2023=ADVANCED_FACE('',(#213),#118,.T.);
#2024=ADVANCED_FACE('',(#214),#1913,.T.);
#2025=ADVANCED_FACE('',(#215),#119,.T.);
#2026=ADVANCED_FACE('',(#216),#1914,.T.);
#2027=ADVANCED_FACE('',(#217),#24,.T.);
#2028=ADVANCED_FACE('',(#218),#25,.T.);
#2029=ADVANCED_FACE('',(#219),#74,.T.);
#2030=ADVANCED_FACE('',(#220),#1915,.T.);
#2031=ADVANCED_FACE('',(#221),#1916,.F.);
#2032=ADVANCED_FACE('',(#222,#45),#75,.T.);
#2033=ADVANCED_FACE('',(#223,#46),#76,.F.);
#2034=ADVANCED_FACE('',(#224),#1917,.F.);
#2035=ADVANCED_FACE('',(#225),#1918,.F.);
#2036=ADVANCED_FACE('',(#226,#47),#77,.T.);
#2037=ADVANCED_FACE('',(#227,#48),#78,.F.);
#2038=ADVANCED_FACE('',(#228),#1919,.F.);
#2039=ADVANCED_FACE('',(#229),#1920,.F.);
#2040=ADVANCED_FACE('',(#230,#49),#79,.T.);
#2041=ADVANCED_FACE('',(#231,#50),#80,.F.);
#2042=ADVANCED_FACE('',(#232),#1921,.F.);
#2043=ADVANCED_FACE('',(#233),#1922,.F.);
#2044=ADVANCED_FACE('',(#234,#51),#81,.T.);
#2045=ADVANCED_FACE('',(#235,#52),#82,.F.);
#2046=ADVANCED_FACE('',(#236),#1923,.F.);
#2047=ADVANCED_FACE('',(#237),#1924,.F.);
#2048=ADVANCED_FACE('',(#238,#53),#83,.T.);
#2049=ADVANCED_FACE('',(#239,#54),#84,.F.);
#2050=ADVANCED_FACE('',(#240),#1925,.F.);
#2051=ADVANCED_FACE('',(#241),#1926,.F.);
#2052=ADVANCED_FACE('',(#242,#55),#85,.T.);
#2053=ADVANCED_FACE('',(#243,#56),#86,.F.);
#2054=ADVANCED_FACE('',(#244),#1927,.F.);
#2055=ADVANCED_FACE('',(#245),#87,.T.);
#2056=ADVANCED_FACE('',(#246),#88,.T.);
#2057=ADVANCED_FACE('',(#247),#1928,.T.);
#2058=ADVANCED_FACE('',(#248),#1929,.T.);
#2059=ADVANCED_FACE('',(#249),#89,.T.);
#2060=CLOSED_SHELL('',(#1930,#1931,#1932,#1933,#1934,#1935,#1936,#1937,
#1938,#1939,#1940,#1941,#1942,#1943,#1944,#1945,#1946,#1947,#1948,#1949,
#1950,#1951,#1952,#1953,#1954,#1955,#1956,#1957,#1958,#1959,#1960,#1961,
#1962,#1963,#1964,#1965,#1966,#1967,#1968,#1969,#1970,#1971,#1972,#1973,
#1974,#1975,#1976,#1977,#1978,#1979,#1980,#1981,#1982,#1983,#1984,#1985,
#1986,#1987,#1988,#1989,#1990,#1991,#1992,#1993,#1994,#1995,#1996,#1997,
#1998,#1999,#2000,#2001,#2002,#2003,#2004,#2005,#2006,#2007,#2008,#2009,
#2010,#2011,#2012,#2013,#2014,#2015,#2016,#2017,#2018,#2019,#2020,#2021,
#2022,#2023,#2024,#2025,#2026,#2027,#2028,#2029,#2030,#2031,#2032,#2033,
#2034,#2035,#2036,#2037,#2038,#2039,#2040,#2041,#2042,#2043,#2044,#2045,
#2046,#2047,#2048,#2049,#2050,#2051,#2052,#2053,#2054,#2055,#2056,#2057,
#2058,#2059));
#2061=DERIVED_UNIT_ELEMENT(#2063,1.);
#2062=DERIVED_UNIT_ELEMENT(#3775,-3.);
#2063=(
MASS_UNIT()
NAMED_UNIT(*)
SI_UNIT(.KILO.,.GRAM.)
);
#2064=DERIVED_UNIT((#2061,#2062));
#2065=MEASURE_REPRESENTATION_ITEM('density measure',
POSITIVE_RATIO_MEASURE(7850.),#2064);
#2066=PROPERTY_DEFINITION_REPRESENTATION(#2071,#2068);
#2067=PROPERTY_DEFINITION_REPRESENTATION(#2072,#2069);
#2068=REPRESENTATION('material name',(#2070),#3772);
#2069=REPRESENTATION('density',(#2065),#3772);
#2070=DESCRIPTIVE_REPRESENTATION_ITEM('Steel','Steel');
#2071=PROPERTY_DEFINITION('material property','material name',#3782);
#2072=PROPERTY_DEFINITION('material property','density of part',#3782);
#2073=AXIS2_PLACEMENT_3D('',#3081,#2368,#2369);
#2074=AXIS2_PLACEMENT_3D('',#3082,#2370,#2371);
#2075=AXIS2_PLACEMENT_3D('',#3085,#2372,#2373);
#2076=AXIS2_PLACEMENT_3D('',#3089,#2375,#2376);
#2077=AXIS2_PLACEMENT_3D('',#3091,#2378,#2379);
#2078=AXIS2_PLACEMENT_3D('',#3094,#2380,#2381);
#2079=AXIS2_PLACEMENT_3D('',#3095,#2382,#2383);
#2080=AXIS2_PLACEMENT_3D('',#3096,#2384,#2385);
#2081=AXIS2_PLACEMENT_3D('',#3113,#2386,#2387);
#2082=AXIS2_PLACEMENT_3D('',#3115,#2388,#2389);
#2083=AXIS2_PLACEMENT_3D('',#3122,#2390,#2391);
#2084=AXIS2_PLACEMENT_3D('',#3124,#2392,#2393);
#2085=AXIS2_PLACEMENT_3D('',#3126,#2394,#2395);
#2086=AXIS2_PLACEMENT_3D('',#3132,#2398,#2399);
#2087=AXIS2_PLACEMENT_3D('',#3134,#2401,#2402);
#2088=AXIS2_PLACEMENT_3D('',#3136,#2403,#2404);
#2089=AXIS2_PLACEMENT_3D('',#3137,#2405,#2406);
#2090=AXIS2_PLACEMENT_3D('',#3141,#2408,#2409);
#2091=AXIS2_PLACEMENT_3D('',#3145,#2411,#2412);
#2092=AXIS2_PLACEMENT_3D('',#3153,#2416,#2417);
#2093=AXIS2_PLACEMENT_3D('',#3159,#2420,#2421);
#2094=AXIS2_PLACEMENT_3D('',#3162,#2423,#2424);
#2095=AXIS2_PLACEMENT_3D('',#3166,#2426,#2427);
#2096=AXIS2_PLACEMENT_3D('',#3170,#2429,#2430);
#2097=AXIS2_PLACEMENT_3D('',#3174,#2432,#2433);
#2098=AXIS2_PLACEMENT_3D('',#3182,#2437,#2438);
#2099=AXIS2_PLACEMENT_3D('',#3186,#2440,#2441);
#2100=AXIS2_PLACEMENT_3D('',#3189,#2443,#2444);
#2101=AXIS2_PLACEMENT_3D('',#3191,#2445,#2446);
#2102=AXIS2_PLACEMENT_3D('',#3193,#2447,#2448);
#2103=AXIS2_PLACEMENT_3D('',#3195,#2449,#2450);
#2104=AXIS2_PLACEMENT_3D('',#3196,#2451,#2452);
#2105=AXIS2_PLACEMENT_3D('',#3198,#2453,#2454);
#2106=AXIS2_PLACEMENT_3D('',#3200,#2455,#2456);
#2107=AXIS2_PLACEMENT_3D('',#3202,#2458,#2459);
#2108=AXIS2_PLACEMENT_3D('',#3210,#2460,#2461);
#2109=AXIS2_PLACEMENT_3D('',#3211,#2462,#2463);
#2110=AXIS2_PLACEMENT_3D('',#3215,#2465,#2466);
#2111=AXIS2_PLACEMENT_3D('',#3217,#2468,#2469);
#2112=AXIS2_PLACEMENT_3D('',#3221,#2472,#2473);
#2113=AXIS2_PLACEMENT_3D('',#3226,#2476,#2477);
#2114=AXIS2_PLACEMENT_3D('',#3229,#2479,#2480);
#2115=AXIS2_PLACEMENT_3D('',#3230,#2481,#2482);
#2116=AXIS2_PLACEMENT_3D('',#3234,#2484,#2485);
#2117=AXIS2_PLACEMENT_3D('',#3236,#2487,#2488);
#2118=AXIS2_PLACEMENT_3D('',#3240,#2491,#2492);
#2119=AXIS2_PLACEMENT_3D('',#3244,#2494,#2495);
#2120=AXIS2_PLACEMENT_3D('',#3248,#2497,#2498);
#2121=AXIS2_PLACEMENT_3D('',#3251,#2500,#2501);
#2122=AXIS2_PLACEMENT_3D('',#3252,#2502,#2503);
#2123=AXIS2_PLACEMENT_3D('',#3254,#2504,#2505);
#2124=AXIS2_PLACEMENT_3D('',#3256,#2506,#2507);
#2125=AXIS2_PLACEMENT_3D('',#3258,#2509,#2510);
#2126=AXIS2_PLACEMENT_3D('',#3260,#2511,#2512);
#2127=AXIS2_PLACEMENT_3D('',#3261,#2513,#2514);
#2128=AXIS2_PLACEMENT_3D('',#3262,#2515,#2516);
#2129=AXIS2_PLACEMENT_3D('',#3265,#2518,#2519);
#2130=AXIS2_PLACEMENT_3D('',#3266,#2520,#2521);
#2131=AXIS2_PLACEMENT_3D('',#3269,#2523,#2524);
#2132=AXIS2_PLACEMENT_3D('',#3270,#2525,#2526);
#2133=AXIS2_PLACEMENT_3D('',#3287,#2528,#2529);
#2134=AXIS2_PLACEMENT_3D('',#3289,#2530,#2531);
#2135=AXIS2_PLACEMENT_3D('',#3290,#2532,#2533);
#2136=AXIS2_PLACEMENT_3D('',#3291,#2534,#2535);
#2137=AXIS2_PLACEMENT_3D('',#3293,#2536,#2537);
#2138=AXIS2_PLACEMENT_3D('',#3302,#2539,#2540);
#2139=AXIS2_PLACEMENT_3D('',#3303,#2541,#2542);
#2140=AXIS2_PLACEMENT_3D('',#3304,#2543,#2544);
#2141=AXIS2_PLACEMENT_3D('',#3310,#2548,#2549);
#2142=AXIS2_PLACEMENT_3D('',#3313,#2551,#2552);
#2143=AXIS2_PLACEMENT_3D('',#3314,#2553,#2554);
#2144=AXIS2_PLACEMENT_3D('',#3318,#2557,#2558);
#2145=AXIS2_PLACEMENT_3D('',#3322,#2561,#2562);
#2146=AXIS2_PLACEMENT_3D('',#3326,#2565,#2566);
#2147=AXIS2_PLACEMENT_3D('',#3329,#2568,#2569);
#2148=AXIS2_PLACEMENT_3D('',#3330,#2570,#2571);
#2149=AXIS2_PLACEMENT_3D('',#3333,#2573,#2574);
#2150=AXIS2_PLACEMENT_3D('',#3334,#2575,#2576);
#2151=AXIS2_PLACEMENT_3D('',#3348,#2581,#2582);
#2152=AXIS2_PLACEMENT_3D('',#3349,#2583,#2584);
#2153=AXIS2_PLACEMENT_3D('',#3350,#2585,#2586);
#2154=AXIS2_PLACEMENT_3D('',#3375,#2587,#2588);
#2155=AXIS2_PLACEMENT_3D('',#3377,#2589,#2590);
#2156=AXIS2_PLACEMENT_3D('',#3379,#2591,#2592);
#2157=AXIS2_PLACEMENT_3D('',#3380,#2593,#2594);
#2158=AXIS2_PLACEMENT_3D('',#3381,#2595,#2596);
#2159=AXIS2_PLACEMENT_3D('',#3382,#2597,#2598);
#2160=AXIS2_PLACEMENT_3D('',#3383,#2599,#2600);
#2161=AXIS2_PLACEMENT_3D('',#3385,#2601,#2602);
#2162=AXIS2_PLACEMENT_3D('',#3388,#2604,#2605);
#2163=AXIS2_PLACEMENT_3D('',#3389,#2606,#2607);
#2164=AXIS2_PLACEMENT_3D('',#3391,#2608,#2609);
#2165=AXIS2_PLACEMENT_3D('',#3392,#2610,#2611);
#2166=AXIS2_PLACEMENT_3D('',#3393,#2612,#2613);
#2167=AXIS2_PLACEMENT_3D('',#3396,#2615,#2616);
#2168=AXIS2_PLACEMENT_3D('',#3397,#2617,#2618);
#2169=AXIS2_PLACEMENT_3D('',#3400,#2620,#2621);
#2170=AXIS2_PLACEMENT_3D('',#3401,#2622,#2623);
#2171=AXIS2_PLACEMENT_3D('',#3403,#2624,#2625);
#2172=AXIS2_PLACEMENT_3D('',#3405,#2627,#2628);
#2173=AXIS2_PLACEMENT_3D('',#3407,#2629,#2630);
#2174=AXIS2_PLACEMENT_3D('',#3408,#2631,#2632);
#2175=AXIS2_PLACEMENT_3D('',#3409,#2633,#2634);
#2176=AXIS2_PLACEMENT_3D('',#3411,#2635,#2636);
#2177=AXIS2_PLACEMENT_3D('',#3413,#2638,#2639);
#2178=AXIS2_PLACEMENT_3D('',#3414,#2640,#2641);
#2179=AXIS2_PLACEMENT_3D('',#3415,#2642,#2643);
#2180=AXIS2_PLACEMENT_3D('',#3417,#2644,#2645);
#2181=AXIS2_PLACEMENT_3D('',#3419,#2646,#2647);
#2182=AXIS2_PLACEMENT_3D('',#3420,#2648,#2649);
#2183=AXIS2_PLACEMENT_3D('',#3421,#2650,#2651);
#2184=AXIS2_PLACEMENT_3D('',#3422,#2652,#2653);
#2185=AXIS2_PLACEMENT_3D('',#3423,#2654,#2655);
#2186=AXIS2_PLACEMENT_3D('',#3425,#2656,#2657);
#2187=AXIS2_PLACEMENT_3D('',#3434,#2659,#2660);
#2188=AXIS2_PLACEMENT_3D('',#3435,#2661,#2662);
#2189=AXIS2_PLACEMENT_3D('',#3436,#2663,#2664);
#2190=AXIS2_PLACEMENT_3D('',#3439,#2666,#2667);
#2191=AXIS2_PLACEMENT_3D('',#3440,#2668,#2669);
#2192=AXIS2_PLACEMENT_3D('',#3443,#2671,#2672);
#2193=AXIS2_PLACEMENT_3D('',#3444,#2673,#2674);
#2194=AXIS2_PLACEMENT_3D('',#3447,#2676,#2677);
#2195=AXIS2_PLACEMENT_3D('',#3448,#2678,#2679);
#2196=AXIS2_PLACEMENT_3D('',#3452,#2682,#2683);
#2197=AXIS2_PLACEMENT_3D('',#3455,#2685,#2686);
#2198=AXIS2_PLACEMENT_3D('',#3456,#2687,#2688);
#2199=AXIS2_PLACEMENT_3D('',#3460,#2691,#2692);
#2200=AXIS2_PLACEMENT_3D('',#3464,#2695,#2696);
#2201=AXIS2_PLACEMENT_3D('',#3468,#2699,#2700);
#2202=AXIS2_PLACEMENT_3D('',#3471,#2702,#2703);
#2203=AXIS2_PLACEMENT_3D('',#3472,#2704,#2705);
#2204=AXIS2_PLACEMENT_3D('',#3476,#2708,#2709);
#2205=AXIS2_PLACEMENT_3D('',#3479,#2711,#2712);
#2206=AXIS2_PLACEMENT_3D('',#3480,#2713,#2714);
#2207=AXIS2_PLACEMENT_3D('',#3483,#2716,#2717);
#2208=AXIS2_PLACEMENT_3D('',#3484,#2718,#2719);
#2209=AXIS2_PLACEMENT_3D('',#3487,#2721,#2722);
#2210=AXIS2_PLACEMENT_3D('',#3488,#2723,#2724);
#2211=AXIS2_PLACEMENT_3D('',#3493,#2728,#2729);
#2212=AXIS2_PLACEMENT_3D('',#3495,#2730,#2731);
#2213=AXIS2_PLACEMENT_3D('',#3496,#2732,#2733);
#2214=AXIS2_PLACEMENT_3D('',#3497,#2734,#2735);
#2215=AXIS2_PLACEMENT_3D('',#3500,#2737,#2738);
#2216=AXIS2_PLACEMENT_3D('',#3501,#2739,#2740);
#2217=AXIS2_PLACEMENT_3D('',#3503,#2741,#2742);
#2218=AXIS2_PLACEMENT_3D('',#3504,#2743,#2744);
#2219=AXIS2_PLACEMENT_3D('',#3505,#2745,#2746);
#2220=AXIS2_PLACEMENT_3D('',#3508,#2748,#2749);
#2221=AXIS2_PLACEMENT_3D('',#3509,#2750,#2751);
#2222=AXIS2_PLACEMENT_3D('',#3512,#2752,#2753);
#2223=AXIS2_PLACEMENT_3D('',#3514,#2754,#2755);
#2224=AXIS2_PLACEMENT_3D('',#3516,#2756,#2757);
#2225=AXIS2_PLACEMENT_3D('',#3517,#2758,#2759);
#2226=AXIS2_PLACEMENT_3D('',#3518,#2760,#2761);
#2227=AXIS2_PLACEMENT_3D('',#3519,#2762,#2763);
#2228=AXIS2_PLACEMENT_3D('',#3522,#2764,#2765);
#2229=AXIS2_PLACEMENT_3D('',#3526,#2767,#2768);
#2230=AXIS2_PLACEMENT_3D('',#3527,#2769,#2770);
#2231=AXIS2_PLACEMENT_3D('',#3536,#2775,#2776);
#2232=AXIS2_PLACEMENT_3D('',#3540,#2778,#2779);
#2233=AXIS2_PLACEMENT_3D('',#3544,#2781,#2782);
#2234=AXIS2_PLACEMENT_3D('',#3550,#2785,#2786);
#2235=AXIS2_PLACEMENT_3D('',#3551,#2787,#2788);
#2236=AXIS2_PLACEMENT_3D('',#3557,#2791,#2792);
#2237=AXIS2_PLACEMENT_3D('',#3561,#2794,#2795);
#2238=AXIS2_PLACEMENT_3D('',#3565,#2797,#2798);
#2239=AXIS2_PLACEMENT_3D('',#3570,#2801,#2802);
#2240=AXIS2_PLACEMENT_3D('',#3572,#2803,#2804);
#2241=AXIS2_PLACEMENT_3D('',#3573,#2805,#2806);
#2242=AXIS2_PLACEMENT_3D('',#3576,#2808,#2809);
#2243=AXIS2_PLACEMENT_3D('',#3577,#2810,#2811);
#2244=AXIS2_PLACEMENT_3D('',#3579,#2812,#2813);
#2245=AXIS2_PLACEMENT_3D('',#3581,#2814,#2815);
#2246=AXIS2_PLACEMENT_3D('',#3582,#2816,#2817);
#2247=AXIS2_PLACEMENT_3D('',#3583,#2818,#2819);
#2248=AXIS2_PLACEMENT_3D('',#3586,#2821,#2822);
#2249=AXIS2_PLACEMENT_3D('',#3587,#2823,#2824);
#2250=AXIS2_PLACEMENT_3D('',#3589,#2825,#2826);
#2251=AXIS2_PLACEMENT_3D('',#3592,#2828,#2829);
#2252=AXIS2_PLACEMENT_3D('',#3593,#2830,#2831);
#2253=AXIS2_PLACEMENT_3D('',#3595,#2832,#2833);
#2254=AXIS2_PLACEMENT_3D('',#3597,#2834,#2835);
#2255=AXIS2_PLACEMENT_3D('',#3598,#2836,#2837);
#2256=AXIS2_PLACEMENT_3D('',#3599,#2838,#2839);
#2257=AXIS2_PLACEMENT_3D('',#3602,#2841,#2842);
#2258=AXIS2_PLACEMENT_3D('',#3603,#2843,#2844);
#2259=AXIS2_PLACEMENT_3D('',#3605,#2845,#2846);
#2260=AXIS2_PLACEMENT_3D('',#3607,#2847,#2848);
#2261=AXIS2_PLACEMENT_3D('',#3608,#2849,#2850);
#2262=AXIS2_PLACEMENT_3D('',#3609,#2851,#2852);
#2263=AXIS2_PLACEMENT_3D('',#3612,#2854,#2855);
#2264=AXIS2_PLACEMENT_3D('',#3613,#2856,#2857);
#2265=AXIS2_PLACEMENT_3D('',#3615,#2858,#2859);
#2266=AXIS2_PLACEMENT_3D('',#3617,#2860,#2861);
#2267=AXIS2_PLACEMENT_3D('',#3618,#2862,#2863);
#2268=AXIS2_PLACEMENT_3D('',#3619,#2864,#2865);
#2269=AXIS2_PLACEMENT_3D('',#3622,#2867,#2868);
#2270=AXIS2_PLACEMENT_3D('',#3623,#2869,#2870);
#2271=AXIS2_PLACEMENT_3D('',#3624,#2871,#2872);
#2272=AXIS2_PLACEMENT_3D('',#3625,#2873,#2874);
#2273=AXIS2_PLACEMENT_3D('',#3626,#2875,#2876);
#2274=AXIS2_PLACEMENT_3D('',#3627,#2877,#2878);
#2275=AXIS2_PLACEMENT_3D('',#3628,#2879,#2880);
#2276=AXIS2_PLACEMENT_3D('',#3629,#2881,#2882);
#2277=AXIS2_PLACEMENT_3D('',#3630,#2883,#2884);
#2278=AXIS2_PLACEMENT_3D('',#3631,#2885,#2886);
#2279=AXIS2_PLACEMENT_3D('',#3632,#2887,#2888);
#2280=AXIS2_PLACEMENT_3D('',#3633,#2889,#2890);
#2281=AXIS2_PLACEMENT_3D('',#3634,#2891,#2892);
#2282=AXIS2_PLACEMENT_3D('',#3635,#2893,#2894);
#2283=AXIS2_PLACEMENT_3D('',#3636,#2895,#2896);
#2284=AXIS2_PLACEMENT_3D('',#3637,#2897,#2898);
#2285=AXIS2_PLACEMENT_3D('',#3638,#2899,#2900);
#2286=AXIS2_PLACEMENT_3D('',#3639,#2901,#2902);
#2287=AXIS2_PLACEMENT_3D('',#3640,#2903,#2904);
#2288=AXIS2_PLACEMENT_3D('',#3641,#2905,#2906);
#2289=AXIS2_PLACEMENT_3D('',#3642,#2907,#2908);
#2290=AXIS2_PLACEMENT_3D('',#3643,#2909,#2910);
#2291=AXIS2_PLACEMENT_3D('',#3644,#2911,#2912);
#2292=AXIS2_PLACEMENT_3D('',#3645,#2913,#2914);
#2293=AXIS2_PLACEMENT_3D('',#3646,#2915,#2916);
#2294=AXIS2_PLACEMENT_3D('',#3647,#2917,#2918);
#2295=AXIS2_PLACEMENT_3D('',#3648,#2919,#2920);
#2296=AXIS2_PLACEMENT_3D('',#3649,#2921,#2922);
#2297=AXIS2_PLACEMENT_3D('',#3650,#2923,#2924);
#2298=AXIS2_PLACEMENT_3D('',#3651,#2925,#2926);
#2299=AXIS2_PLACEMENT_3D('',#3666,#2927,#2928);
#2300=AXIS2_PLACEMENT_3D('',#3667,#2929,#2930);
#2301=AXIS2_PLACEMENT_3D('',#3668,#2931,#2932);
#2302=AXIS2_PLACEMENT_3D('',#3669,#2933,#2934);
#2303=AXIS2_PLACEMENT_3D('',#3670,#2935,#2936);
#2304=AXIS2_PLACEMENT_3D('',#3671,#2937,#2938);
#2305=AXIS2_PLACEMENT_3D('',#3672,#2939,#2940);
#2306=AXIS2_PLACEMENT_3D('',#3673,#2941,#2942);
#2307=AXIS2_PLACEMENT_3D('',#3674,#2943,#2944);
#2308=AXIS2_PLACEMENT_3D('',#3675,#2945,#2946);
#2309=AXIS2_PLACEMENT_3D('',#3676,#2947,#2948);
#2310=AXIS2_PLACEMENT_3D('',#3678,#2949,#2950);
#2311=AXIS2_PLACEMENT_3D('',#3679,#2951,#2952);
#2312=AXIS2_PLACEMENT_3D('',#3680,#2953,#2954);
#2313=AXIS2_PLACEMENT_3D('',#3682,#2956,#2957);
#2314=AXIS2_PLACEMENT_3D('',#3683,#2958,#2959);
#2315=AXIS2_PLACEMENT_3D('',#3684,#2960,#2961);
#2316=AXIS2_PLACEMENT_3D('',#3685,#2962,#2963);
#2317=AXIS2_PLACEMENT_3D('',#3686,#2964,#2965);
#2318=AXIS2_PLACEMENT_3D('',#3687,#2966,#2967);
#2319=AXIS2_PLACEMENT_3D('',#3688,#2968,#2969);
#2320=AXIS2_PLACEMENT_3D('',#3690,#2971,#2972);
#2321=AXIS2_PLACEMENT_3D('',#3691,#2973,#2974);
#2322=AXIS2_PLACEMENT_3D('',#3693,#2975,#2976);
#2323=AXIS2_PLACEMENT_3D('',#3696,#2978,#2979);
#2324=AXIS2_PLACEMENT_3D('',#3697,#2980,#2981);
#2325=AXIS2_PLACEMENT_3D('',#3698,#2982,#2983);
#2326=AXIS2_PLACEMENT_3D('',#3700,#2984,#2985);
#2327=AXIS2_PLACEMENT_3D('',#3701,#2986,#2987);
#2328=AXIS2_PLACEMENT_3D('',#3703,#2989,#2990);
#2329=AXIS2_PLACEMENT_3D('',#3705,#2991,#2992);
#2330=AXIS2_PLACEMENT_3D('',#3708,#2994,#2995);
#2331=AXIS2_PLACEMENT_3D('',#3709,#2996,#2997);
#2332=AXIS2_PLACEMENT_3D('',#3710,#2998,#2999);
#2333=AXIS2_PLACEMENT_3D('',#3712,#3000,#3001);
#2334=AXIS2_PLACEMENT_3D('',#3713,#3002,#3003);
#2335=AXIS2_PLACEMENT_3D('',#3715,#3005,#3006);
#2336=AXIS2_PLACEMENT_3D('',#3717,#3007,#3008);
#2337=AXIS2_PLACEMENT_3D('',#3720,#3010,#3011);
#2338=AXIS2_PLACEMENT_3D('',#3721,#3012,#3013);
#2339=AXIS2_PLACEMENT_3D('',#3722,#3014,#3015);
#2340=AXIS2_PLACEMENT_3D('',#3724,#3016,#3017);
#2341=AXIS2_PLACEMENT_3D('',#3725,#3018,#3019);
#2342=AXIS2_PLACEMENT_3D('',#3727,#3021,#3022);
#2343=AXIS2_PLACEMENT_3D('',#3729,#3023,#3024);
#2344=AXIS2_PLACEMENT_3D('',#3732,#3026,#3027);
#2345=AXIS2_PLACEMENT_3D('',#3733,#3028,#3029);
#2346=AXIS2_PLACEMENT_3D('',#3734,#3030,#3031);
#2347=AXIS2_PLACEMENT_3D('',#3736,#3032,#3033);
#2348=AXIS2_PLACEMENT_3D('',#3737,#3034,#3035);
#2349=AXIS2_PLACEMENT_3D('',#3739,#3037,#3038);
#2350=AXIS2_PLACEMENT_3D('',#3741,#3039,#3040);
#2351=AXIS2_PLACEMENT_3D('',#3744,#3042,#3043);
#2352=AXIS2_PLACEMENT_3D('',#3745,#3044,#3045);
#2353=AXIS2_PLACEMENT_3D('',#3746,#3046,#3047);
#2354=AXIS2_PLACEMENT_3D('',#3748,#3048,#3049);
#2355=AXIS2_PLACEMENT_3D('',#3749,#3050,#3051);
#2356=AXIS2_PLACEMENT_3D('',#3751,#3053,#3054);
#2357=AXIS2_PLACEMENT_3D('',#3753,#3055,#3056);
#2358=AXIS2_PLACEMENT_3D('',#3756,#3058,#3059);
#2359=AXIS2_PLACEMENT_3D('',#3757,#3060,#3061);
#2360=AXIS2_PLACEMENT_3D('',#3758,#3062,#3063);
#2361=AXIS2_PLACEMENT_3D('',#3760,#3064,#3065);
#2362=AXIS2_PLACEMENT_3D('',#3761,#3066,#3067);
#2363=AXIS2_PLACEMENT_3D('',#3763,#3069,#3070);
#2364=AXIS2_PLACEMENT_3D('',#3764,#3071,#3072);
#2365=AXIS2_PLACEMENT_3D('',#3766,#3074,#3075);
#2366=AXIS2_PLACEMENT_3D('',#3767,#3076,#3077);
#2367=AXIS2_PLACEMENT_3D('',#3769,#3079,#3080);
#2368=DIRECTION('axis',(0.,0.,1.));
#2369=DIRECTION('refdir',(1.,0.,0.));
#2370=DIRECTION('center_axis',(0.,1.,0.));
#2371=DIRECTION('ref_axis',(0.707106781186549,0.,0.707106781186546));
#2372=DIRECTION('center_axis',(0.,-1.,0.));
#2373=DIRECTION('ref_axis',(0.707106781186549,0.,0.707106781186546));
#2374=DIRECTION('',(0.,1.,0.));
#2375=DIRECTION('center_axis',(0.,1.,0.));
#2376=DIRECTION('ref_axis',(0.,0.,1.));
#2377=DIRECTION('',(0.,-1.,0.));
#2378=DIRECTION('center_axis',(0.,0.,-1.));
#2379=DIRECTION('ref_axis',(-1.,0.,0.));
#2380=DIRECTION('center_axis',(1.,0.,0.));
#2381=DIRECTION('ref_axis',(0.,0.,1.));
#2382=DIRECTION('center_axis',(0.,0.,1.));
#2383=DIRECTION('ref_axis',(-0.707106781186547,0.707106781186547,0.));
#2384=DIRECTION('center_axis',(0.,0.,-1.));
#2385=DIRECTION('ref_axis',(-0.707106781186548,0.707106781186548,0.));
#2386=DIRECTION('center_axis',(0.,1.,0.));
#2387=DIRECTION('ref_axis',(1.,0.,0.));
#2388=DIRECTION('center_axis',(0.,0.,-1.));
#2389=DIRECTION('ref_axis',(0.,-1.,0.));
#2390=DIRECTION('center_axis',(0.,0.,-1.));
#2391=DIRECTION('ref_axis',(1.,0.,0.));
#2392=DIRECTION('center_axis',(0.,0.,1.));
#2393=DIRECTION('ref_axis',(1.,0.,0.));
#2394=DIRECTION('center_axis',(0.,0.,1.));
#2395=DIRECTION('ref_axis',(1.,0.,0.));
#2396=DIRECTION('',(3.05681006150997E-16,-1.,0.));
#2397=DIRECTION('',(0.,0.,-1.));
#2398=DIRECTION('center_axis',(0.,0.,-1.));
#2399=DIRECTION('ref_axis',(1.,0.,0.));
#2400=DIRECTION('',(0.,0.,-1.));
#2401=DIRECTION('center_axis',(0.,0.,1.));
#2402=DIRECTION('ref_axis',(1.,0.,0.));
#2403=DIRECTION('center_axis',(0.,0.,-1.));
#2404=DIRECTION('ref_axis',(1.,0.,0.));
#2405=DIRECTION('center_axis',(0.,0.,-1.));
#2406=DIRECTION('ref_axis',(1.,0.,0.));
#2407=DIRECTION('',(1.,0.,0.));
#2408=DIRECTION('center_axis',(0.,0.,1.));
#2409=DIRECTION('ref_axis',(-2.22044604925032E-15,-1.,0.));
#2410=DIRECTION('',(0.,1.,0.));
#2411=DIRECTION('center_axis',(0.,0.,-1.));
#2412=DIRECTION('ref_axis',(-0.408248290463862,0.912870929175277,0.));
#2413=DIRECTION('',(1.,0.,0.));
#2414=DIRECTION('',(-2.68220903265606E-7,-0.999999999999964,0.));
#2415=DIRECTION('',(1.,1.04083408558608E-16,0.));
#2416=DIRECTION('center_axis',(0.,0.,1.));
#2417=DIRECTION('ref_axis',(-0.707106781186548,-0.707106781186547,0.));
#2418=DIRECTION('',(6.93889390390723E-17,-1.,0.));
#2419=DIRECTION('',(1.,0.,0.));
#2420=DIRECTION('center_axis',(0.,0.,-1.));
#2421=DIRECTION('ref_axis',(0.707106781186548,-0.707106781186547,0.));
#2422=DIRECTION('',(6.93889390390723E-17,-1.,0.));
#2423=DIRECTION('center_axis',(0.,0.,-1.));
#2424=DIRECTION('ref_axis',(1.,0.,0.));
#2425=DIRECTION('',(1.,8.88178419700126E-16,0.));
#2426=DIRECTION('center_axis',(0.,0.,1.));
#2427=DIRECTION('ref_axis',(0.,1.,0.));
#2428=DIRECTION('',(0.,-1.,0.));
#2429=DIRECTION('center_axis',(0.,0.,-1.));
#2430=DIRECTION('ref_axis',(0.707106781186548,-0.707106781186547,0.));
#2431=DIRECTION('',(-1.,0.,0.));
#2432=DIRECTION('center_axis',(0.,0.,1.));
#2433=DIRECTION('ref_axis',(0.707106781186548,0.707106781186548,0.));
#2434=DIRECTION('',(0.,1.,0.));
#2435=DIRECTION('',(-1.,0.,0.));
#2436=DIRECTION('',(0.,-1.,0.));
#2437=DIRECTION('center_axis',(0.,0.,1.));
#2438=DIRECTION('ref_axis',(-0.707106781186548,0.707106781186547,0.));
#2439=DIRECTION('',(-1.,0.,0.));
#2440=DIRECTION('center_axis',(0.,0.,-1.));
#2441=DIRECTION('ref_axis',(-0.707106781186548,-0.707106781186548,0.));
#2442=DIRECTION('',(0.,1.,0.));
#2443=DIRECTION('center_axis',(0.,0.,-1.));
#2444=DIRECTION('ref_axis',(1.,0.,0.));
#2445=DIRECTION('center_axis',(0.,0.,-1.));
#2446=DIRECTION('ref_axis',(1.,0.,0.));
#2447=DIRECTION('center_axis',(0.,0.,-1.));
#2448=DIRECTION('ref_axis',(1.,0.,0.));
#2449=DIRECTION('center_axis',(0.,0.,-1.));
#2450=DIRECTION('ref_axis',(1.,0.,0.));
#2451=DIRECTION('center_axis',(6.93889390390723E-17,-1.,0.));
#2452=DIRECTION('ref_axis',(-0.707106781186547,0.,0.707106781186548));
#2453=DIRECTION('center_axis',(-8.88178419700126E-16,1.,0.));
#2454=DIRECTION('ref_axis',(-0.707106781186547,0.,0.707106781186548));
#2455=DIRECTION('center_axis',(0.,-1.,0.));
#2456=DIRECTION('ref_axis',(0.,0.,1.));
#2457=DIRECTION('',(-6.93889390390723E-17,1.,0.));
#2458=DIRECTION('center_axis',(0.,0.,-1.));
#2459=DIRECTION('ref_axis',(-1.,0.,0.));
#2460=DIRECTION('center_axis',(0.,0.,1.));
#2461=DIRECTION('ref_axis',(0.707106781186548,-0.707106781186547,0.));
#2462=DIRECTION('center_axis',(0.,0.,-1.));
#2463=DIRECTION('ref_axis',(-0.707106781186548,0.707106781186547,0.));
#2464=DIRECTION('',(0.,0.,-1.));
#2465=DIRECTION('center_axis',(0.,0.,1.));
#2466=DIRECTION('ref_axis',(-0.707106781186548,0.707106781186547,0.));
#2467=DIRECTION('',(0.,0.,1.));
#2468=DIRECTION('center_axis',(-1.,0.,0.));
#2469=DIRECTION('ref_axis',(0.,1.,0.));
#2470=DIRECTION('',(0.,1.,0.));
#2471=DIRECTION('',(0.,0.,-1.));
#2472=DIRECTION('center_axis',(0.,0.,1.));
#2473=DIRECTION('ref_axis',(1.,0.,0.));
#2474=DIRECTION('',(1.,0.,0.));
#2475=DIRECTION('',(0.,-1.,0.));
#2476=DIRECTION('center_axis',(0.,0.,-1.));
#2477=DIRECTION('ref_axis',(-2.22044604925032E-15,-1.,0.));
#2478=DIRECTION('',(-1.,0.,0.));
#2479=DIRECTION('center_axis',(0.,0.,-1.));
#2480=DIRECTION('ref_axis',(1.,0.,0.));
#2481=DIRECTION('center_axis',(0.,0.,-1.));
#2482=DIRECTION('ref_axis',(0.707106781186548,-0.707106781186547,0.));
#2483=DIRECTION('',(0.,0.,-1.));
#2484=DIRECTION('center_axis',(0.,0.,1.));
#2485=DIRECTION('ref_axis',(0.707106781186548,-0.707106781186547,0.));
#2486=DIRECTION('',(0.,0.,1.));
#2487=DIRECTION('center_axis',(1.,6.93889390390723E-17,0.));
#2488=DIRECTION('ref_axis',(6.93889390390723E-17,-1.,0.));
#2489=DIRECTION('',(6.93889390390723E-17,-1.,0.));
#2490=DIRECTION('',(0.,0.,-1.));
#2491=DIRECTION('center_axis',(0.,0.,1.));
#2492=DIRECTION('ref_axis',(1.,0.,0.));
#2493=DIRECTION('',(-1.,0.,0.));
#2494=DIRECTION('center_axis',(0.,0.,-1.));
#2495=DIRECTION('ref_axis',(1.,0.,0.));
#2496=DIRECTION('',(0.,1.,0.));
#2497=DIRECTION('center_axis',(0.,0.,-1.));
#2498=DIRECTION('ref_axis',(0.,1.,0.));
#2499=DIRECTION('',(1.,8.88178419700126E-16,0.));
#2500=DIRECTION('center_axis',(0.,0.,-1.));
#2501=DIRECTION('ref_axis',(1.,0.,0.));
#2502=DIRECTION('center_axis',(6.93889390390723E-17,-1.,0.));
#2503=DIRECTION('ref_axis',(-0.707106781186548,0.,-0.707106781186547));
#2504=DIRECTION('center_axis',(0.,1.,0.));
#2505=DIRECTION('ref_axis',(-0.707106781186548,0.,-0.707106781186547));
#2506=DIRECTION('center_axis',(0.,1.,0.));
#2507=DIRECTION('ref_axis',(0.,0.,-1.));
#2508=DIRECTION('',(-6.93889390390723E-17,1.,0.));
#2509=DIRECTION('center_axis',(0.,0.,1.));
#2510=DIRECTION('ref_axis',(1.,0.,0.));
#2511=DIRECTION('center_axis',(-1.,-2.22044604925031E-15,0.));
#2512=DIRECTION('ref_axis',(0.,0.,-1.));
#2513=DIRECTION('center_axis',(0.,0.,-1.));
#2514=DIRECTION('ref_axis',(-0.707106781186548,-0.707106781186547,0.));
#2515=DIRECTION('center_axis',(1.,1.04083408558608E-16,0.));
#2516=DIRECTION('ref_axis',(0.,-0.707106781186547,-0.707106781186548));
#2517=DIRECTION('',(-1.,-1.04083408558608E-16,0.));
#2518=DIRECTION('center_axis',(-0.707106686356135,0.707106876016947,-7.85046334624781E-16));
#2519=DIRECTION('ref_axis',(-0.707106876016947,-0.707106686356135,7.8504612405898E-16));
#2520=DIRECTION('center_axis',(2.68220903265606E-7,0.999999999999964,0.));
#2521=DIRECTION('ref_axis',(-0.707106781186521,1.89660819555097E-7,-0.707106781186549));
#2522=DIRECTION('',(2.68220903265606E-7,0.999999999999964,0.));
#2523=DIRECTION('center_axis',(-0.707106686356133,0.70710687601695,0.));
#2524=DIRECTION('ref_axis',(-0.70710687601695,-0.707106686356133,0.));
#2525=DIRECTION('center_axis',(-1.,0.,0.));
#2526=DIRECTION('ref_axis',(0.,-0.707106781186548,-0.707106781186547));
#2527=DIRECTION('',(-1.,0.,0.));
#2528=DIRECTION('center_axis',(0.,0.,1.));
#2529=DIRECTION('ref_axis',(1.,0.,0.));
#2530=DIRECTION('center_axis',(-0.745355992499931,0.666666666666666,0.));
#2531=DIRECTION('ref_axis',(0.,0.,-1.));
#2532=DIRECTION('center_axis',(0.,0.,1.));
#2533=DIRECTION('ref_axis',(-0.408248290463862,0.912870929175277,0.));
#2534=DIRECTION('center_axis',(0.,-1.,0.));
#2535=DIRECTION('ref_axis',(0.707106781186546,0.,-0.707106781186549));
#2536=DIRECTION('center_axis',(0.,1.,0.));
#2537=DIRECTION('ref_axis',(1.,0.,0.));
#2538=DIRECTION('',(0.,-1.,0.));
#2539=DIRECTION('center_axis',(-0.182574185835051,-0.816496580927732,0.547722557505159));
#2540=DIRECTION('ref_axis',(0.258198889747163,-0.577350269189617,-0.774596669241489));
#2541=DIRECTION('center_axis',(0.,0.,-1.));
#2542=DIRECTION('ref_axis',(-0.666666666666668,-0.745355992499929,0.));
#2543=DIRECTION('center_axis',(-1.,-6.93889390390723E-17,0.));
#2544=DIRECTION('ref_axis',(6.93889390390723E-17,-1.,0.));
#2545=DIRECTION('',(0.,0.,1.));
#2546=DIRECTION('',(6.93889390390723E-17,-1.,0.));
#2547=DIRECTION('',(0.,0.,1.));
#2548=DIRECTION('center_axis',(0.,0.,1.));
#2549=DIRECTION('ref_axis',(-1.,2.77555756156289E-16,0.));
#2550=DIRECTION('',(0.,0.,1.));
#2551=DIRECTION('center_axis',(0.,0.,1.));
#2552=DIRECTION('ref_axis',(-0.707106781186548,-0.707106781186547,0.));
#2553=DIRECTION('center_axis',(1.04083408558608E-16,-1.,0.));
#2554=DIRECTION('ref_axis',(1.,1.04083408558608E-16,0.));
#2555=DIRECTION('',(0.,0.,1.));
#2556=DIRECTION('',(1.,1.04083408558608E-16,0.));
#2557=DIRECTION('center_axis',(-0.999999999999964,2.68220903265606E-7,0.));
#2558=DIRECTION('ref_axis',(-2.68220903265606E-7,-0.999999999999964,0.));
#2559=DIRECTION('',(0.,0.,1.));
#2560=DIRECTION('',(-2.68220903265606E-7,-0.999999999999964,0.));
#2561=DIRECTION('center_axis',(0.,-1.,0.));
#2562=DIRECTION('ref_axis',(1.,0.,0.));
#2563=DIRECTION('',(0.,0.,1.));
#2564=DIRECTION('',(1.,0.,0.));
#2565=DIRECTION('center_axis',(0.,0.,1.));
#2566=DIRECTION('ref_axis',(0.666666666666668,0.745355992499928,0.));
#2567=DIRECTION('',(0.,0.,1.));
#2568=DIRECTION('center_axis',(0.,0.,-1.));
#2569=DIRECTION('ref_axis',(-0.408248290463862,0.912870929175277,0.));
#2570=DIRECTION('center_axis',(0.,0.,1.));
#2571=DIRECTION('ref_axis',(-0.666666666666668,-0.745355992499929,0.));
#2572=DIRECTION('',(0.,0.,1.));
#2573=DIRECTION('center_axis',(0.,0.,1.));
#2574=DIRECTION('ref_axis',(-0.666666666666668,-0.745355992499929,0.));
#2575=DIRECTION('center_axis',(1.,0.,0.));
#2576=DIRECTION('ref_axis',(0.,-1.,0.));
#2577=DIRECTION('',(0.,0.,-1.));
#2578=DIRECTION('',(0.,-1.,0.));
#2579=DIRECTION('',(0.,0.,1.));
#2580=DIRECTION('',(0.,1.,0.));
#2581=DIRECTION('center_axis',(0.,-1.,0.));
#2582=DIRECTION('ref_axis',(0.707106781186546,0.,-0.707106781186549));
#2583=DIRECTION('center_axis',(0.,1.,0.));
#2584=DIRECTION('ref_axis',(1.,0.,0.));
#2585=DIRECTION('center_axis',(0.,-1.,0.));
#2586=DIRECTION('ref_axis',(0.,0.,-1.));
#2587=DIRECTION('center_axis',(0.,0.,1.));
#2588=DIRECTION('ref_axis',(-0.707106781186548,-0.707106781186547,0.));
#2589=DIRECTION('center_axis',(-0.666666666666672,-0.745355992499926,0.));
#2590=DIRECTION('ref_axis',(0.,0.,-1.));
#2591=DIRECTION('center_axis',(0.,0.,1.));
#2592=DIRECTION('ref_axis',(-0.707106781186547,-0.707106781186547,0.));
#2593=DIRECTION('center_axis',(-0.74535599249993,-0.666666666666667,0.));
#2594=DIRECTION('ref_axis',(-0.666666666666667,0.74535599249993,0.));
#2595=DIRECTION('center_axis',(0.182574185835051,-0.816496580927731,-0.54772255750516));
#2596=DIRECTION('ref_axis',(0.25819888974715,0.577350269189618,-0.774596669241493));
#2597=DIRECTION('center_axis',(0.,0.,-1.));
#2598=DIRECTION('ref_axis',(1.,-4.44089209850064E-15,0.));
#2599=DIRECTION('center_axis',(1.,0.,0.));
#2600=DIRECTION('ref_axis',(0.,0.707106781186546,-0.707106781186549));
#2601=DIRECTION('center_axis',(1.,0.,0.));
#2602=DIRECTION('ref_axis',(0.,0.,-1.));
#2603=DIRECTION('',(1.,0.,0.));
#2604=DIRECTION('center_axis',(-1.,0.,0.));
#2605=DIRECTION('ref_axis',(0.,1.,0.));
#2606=DIRECTION('center_axis',(0.,0.,1.));
#2607=DIRECTION('ref_axis',(1.,0.,0.));
#2608=DIRECTION('center_axis',(0.,1.,0.));
#2609=DIRECTION('ref_axis',(0.,0.,-1.));
#2610=DIRECTION('center_axis',(0.,0.,-1.));
#2611=DIRECTION('ref_axis',(-0.707106781186548,0.707106781186547,0.));
#2612=DIRECTION('center_axis',(0.,-1.,0.));
#2613=DIRECTION('ref_axis',(-0.707106781186546,0.,-0.707106781186549));
#2614=DIRECTION('',(0.,1.,0.));
#2615=DIRECTION('center_axis',(0.707106781186549,0.707106781186546,0.));
#2616=DIRECTION('ref_axis',(-0.707106781186546,0.707106781186549,0.));
#2617=DIRECTION('center_axis',(-1.,0.,0.));
#2618=DIRECTION('ref_axis',(0.,0.707106781186549,-0.707106781186546));
#2619=DIRECTION('',(1.,0.,0.));
#2620=DIRECTION('center_axis',(0.707106781186548,-0.707106781186548,0.));
#2621=DIRECTION('ref_axis',(0.707106781186547,0.707106781186547,0.));
#2622=DIRECTION('center_axis',(0.,1.,0.));
#2623=DIRECTION('ref_axis',(0.707106781186549,0.,-0.707106781186546));
#2624=DIRECTION('center_axis',(0.,-1.,0.));
#2625=DIRECTION('ref_axis',(0.,0.,-1.));
#2626=DIRECTION('',(0.,-1.,0.));
#2627=DIRECTION('center_axis',(0.,0.,1.));
#2628=DIRECTION('ref_axis',(1.,0.,0.));
#2629=DIRECTION('center_axis',(1.,0.,0.));
#2630=DIRECTION('ref_axis',(0.,0.,-1.));
#2631=DIRECTION('center_axis',(0.,0.,-1.));
#2632=DIRECTION('ref_axis',(0.707106781186547,0.707106781186547,0.));
#2633=DIRECTION('center_axis',(1.,0.,0.));
#2634=DIRECTION('ref_axis',(0.,0.707106781186546,-0.707106781186549));
#2635=DIRECTION('center_axis',(1.,0.,0.));
#2636=DIRECTION('ref_axis',(0.,0.,-1.));
#2637=DIRECTION('',(1.,0.,0.));
#2638=DIRECTION('center_axis',(0.154303349962092,-0.966091783079295,-0.207019667802712));
#2639=DIRECTION('ref_axis',(0.577350269189623,0.25819888974717,-0.774596669241483));
#2640=DIRECTION('center_axis',(0.,0.,-1.));
#2641=DIRECTION('ref_axis',(0.74535599249993,-0.666666666666667,0.));
#2642=DIRECTION('center_axis',(0.,0.,1.));
#2643=DIRECTION('ref_axis',(1.,0.,0.));
#2644=DIRECTION('center_axis',(0.745355992499927,-0.66666666666667,0.));
#2645=DIRECTION('ref_axis',(0.,0.,-1.));
#2646=DIRECTION('center_axis',(0.,0.,1.));
#2647=DIRECTION('ref_axis',(0.707106781186548,-0.707106781186547,0.));
#2648=DIRECTION('center_axis',(0.666666666666664,-0.745355992499933,0.));
#2649=DIRECTION('ref_axis',(-0.745355992499932,-0.666666666666664,0.));
#2650=DIRECTION('center_axis',(-0.154303349962092,-0.966091783079296,-0.207019667802707));
#2651=DIRECTION('ref_axis',(-0.577350269189624,0.258198889747163,-0.774596669241484));
#2652=DIRECTION('center_axis',(0.,0.,-1.));
#2653=DIRECTION('ref_axis',(0.,1.,0.));
#2654=DIRECTION('center_axis',(0.,-1.,0.));
#2655=DIRECTION('ref_axis',(-0.707106781186548,0.,-0.707106781186547));
#2656=DIRECTION('center_axis',(0.,-1.,0.));
#2657=DIRECTION('ref_axis',(-1.,0.,0.));
#2658=DIRECTION('',(0.,1.,0.));
#2659=DIRECTION('center_axis',(-0.182574185835047,-0.816496580927726,-0.547722557505169));
#2660=DIRECTION('ref_axis',(-0.258198889747149,0.577350269189629,-0.774596669241485));
#2661=DIRECTION('center_axis',(0.,0.,-1.));
#2662=DIRECTION('ref_axis',(0.666666666666672,0.745355992499926,0.));
#2663=DIRECTION('center_axis',(0.,0.,1.));
#2664=DIRECTION('ref_axis',(1.,-4.44089209850064E-15,0.));
#2665=DIRECTION('',(0.,0.,1.));
#2666=DIRECTION('center_axis',(0.,0.,1.));
#2667=DIRECTION('ref_axis',(1.,-4.44089209850064E-15,0.));
#2668=DIRECTION('center_axis',(0.,0.,1.));
#2669=DIRECTION('ref_axis',(-0.745355992499929,0.666666666666668,0.));
#2670=DIRECTION('',(0.,0.,1.));
#2671=DIRECTION('center_axis',(0.,0.,-1.));
#2672=DIRECTION('ref_axis',(-0.707106781186547,-0.707106781186547,0.));
#2673=DIRECTION('center_axis',(0.,0.,1.));
#2674=DIRECTION('ref_axis',(0.74535599249993,-0.666666666666667,0.));
#2675=DIRECTION('',(0.,0.,1.));
#2676=DIRECTION('center_axis',(0.,0.,1.));
#2677=DIRECTION('ref_axis',(0.74535599249993,-0.666666666666667,0.));
#2678=DIRECTION('center_axis',(0.,1.,0.));
#2679=DIRECTION('ref_axis',(-1.,0.,0.));
#2680=DIRECTION('',(0.,0.,1.));
#2681=DIRECTION('',(-1.,0.,0.));
#2682=DIRECTION('center_axis',(0.,0.,1.));
#2683=DIRECTION('ref_axis',(2.96059473233376E-15,1.,0.));
#2684=DIRECTION('',(0.,0.,1.));
#2685=DIRECTION('center_axis',(0.,0.,1.));
#2686=DIRECTION('ref_axis',(-0.707106781186548,0.707106781186547,0.));
#2687=DIRECTION('center_axis',(-1.,0.,0.));
#2688=DIRECTION('ref_axis',(0.,-1.,0.));
#2689=DIRECTION('',(0.,0.,1.));
#2690=DIRECTION('',(0.,-1.,0.));
#2691=DIRECTION('center_axis',(0.,1.,0.));
#2692=DIRECTION('ref_axis',(-1.,0.,0.));
#2693=DIRECTION('',(0.,0.,1.));
#2694=DIRECTION('',(-1.,0.,0.));
#2695=DIRECTION('center_axis',(1.,0.,0.));
#2696=DIRECTION('ref_axis',(0.,1.,0.));
#2697=DIRECTION('',(0.,0.,1.));
#2698=DIRECTION('',(0.,1.,0.));
#2699=DIRECTION('center_axis',(0.,0.,1.));
#2700=DIRECTION('ref_axis',(1.,-2.96059473233376E-15,0.));
#2701=DIRECTION('',(0.,0.,1.));
#2702=DIRECTION('center_axis',(0.,0.,1.));
#2703=DIRECTION('ref_axis',(0.707106781186547,0.707106781186547,0.));
#2704=DIRECTION('center_axis',(0.,1.,0.));
#2705=DIRECTION('ref_axis',(-1.,0.,0.));
#2706=DIRECTION('',(0.,0.,1.));
#2707=DIRECTION('',(-1.,0.,0.));
#2708=DIRECTION('center_axis',(0.,0.,1.));
#2709=DIRECTION('ref_axis',(0.,1.,0.));
#2710=DIRECTION('',(0.,0.,1.));
#2711=DIRECTION('center_axis',(0.,0.,1.));
#2712=DIRECTION('ref_axis',(0.,1.,0.));
#2713=DIRECTION('center_axis',(0.,0.,1.));
#2714=DIRECTION('ref_axis',(-0.666666666666667,-0.74535599249993,0.));
#2715=DIRECTION('',(0.,0.,1.));
#2716=DIRECTION('center_axis',(0.,0.,-1.));
#2717=DIRECTION('ref_axis',(0.707106781186548,-0.707106781186547,0.));
#2718=DIRECTION('center_axis',(0.,0.,1.));
#2719=DIRECTION('ref_axis',(0.666666666666672,0.745355992499926,0.));
#2720=DIRECTION('',(0.,0.,1.));
#2721=DIRECTION('center_axis',(0.,0.,1.));
#2722=DIRECTION('ref_axis',(0.666666666666672,0.745355992499926,0.));
#2723=DIRECTION('center_axis',(-1.,0.,0.));
#2724=DIRECTION('ref_axis',(0.,1.,0.));
#2725=DIRECTION('',(0.,0.,-1.));
#2726=DIRECTION('',(0.,0.,1.));
#2727=DIRECTION('',(0.,-1.,0.));
#2728=DIRECTION('center_axis',(0.,0.,1.));
#2729=DIRECTION('ref_axis',(1.,0.,0.));
#2730=DIRECTION('center_axis',(0.,-1.,0.));
#2731=DIRECTION('ref_axis',(-1.,0.,0.));
#2732=DIRECTION('center_axis',(0.,0.,1.));
#2733=DIRECTION('ref_axis',(1.,0.,0.));
#2734=DIRECTION('center_axis',(0.,0.,-1.));
#2735=DIRECTION('ref_axis',(1.,0.,0.));
#2736=DIRECTION('',(0.,0.,1.));
#2737=DIRECTION('center_axis',(0.,0.,-1.));
#2738=DIRECTION('ref_axis',(1.,0.,0.));
#2739=DIRECTION('center_axis',(0.,0.,1.));
#2740=DIRECTION('ref_axis',(1.,0.,0.));
#2741=DIRECTION('center_axis',(0.,-1.,0.));
#2742=DIRECTION('ref_axis',(-1.,0.,0.));
#2743=DIRECTION('center_axis',(0.,0.,1.));
#2744=DIRECTION('ref_axis',(1.,0.,0.));
#2745=DIRECTION('center_axis',(0.,0.,-1.));
#2746=DIRECTION('ref_axis',(1.,0.,0.));
#2747=DIRECTION('',(0.,0.,1.));
#2748=DIRECTION('center_axis',(0.,0.,-1.));
#2749=DIRECTION('ref_axis',(1.,0.,0.));
#2750=DIRECTION('center_axis',(0.,0.,-1.));
#2751=DIRECTION('ref_axis',(-1.,0.,0.));
#2752=DIRECTION('center_axis',(0.,0.,1.));
#2753=DIRECTION('ref_axis',(1.,0.,0.));
#2754=DIRECTION('center_axis',(0.,-1.,0.));
#2755=DIRECTION('ref_axis',(1.,0.,0.));
#2756=DIRECTION('center_axis',(0.,0.,-1.));
#2757=DIRECTION('ref_axis',(1.,0.,0.));
#2758=DIRECTION('center_axis',(0.,0.,-1.));
#2759=DIRECTION('ref_axis',(1.,0.,0.));
#2760=DIRECTION('center_axis',(0.,0.,1.));
#2761=DIRECTION('ref_axis',(1.,0.,0.));
#2762=DIRECTION('center_axis',(0.,0.,1.));
#2763=DIRECTION('ref_axis',(1.,0.,0.));
#2764=DIRECTION('center_axis',(0.,0.,1.));
#2765=DIRECTION('ref_axis',(1.,0.,0.));
#2766=DIRECTION('',(-1.,-1.04083408558608E-16,0.));
#2767=DIRECTION('center_axis',(0.,0.,1.));
#2768=DIRECTION('ref_axis',(1.,0.,0.));
#2769=DIRECTION('center_axis',(0.,0.,1.));
#2770=DIRECTION('ref_axis',(1.,0.,0.));
#2771=DIRECTION('',(-1.,-1.04083408558608E-16,0.));
#2772=DIRECTION('',(-1.,-1.04083408558608E-16,0.));
#2773=DIRECTION('',(2.68220903265606E-7,0.999999999999964,0.));
#2774=DIRECTION('',(-1.,0.,0.));
#2775=DIRECTION('center_axis',(0.,0.,1.));
#2776=DIRECTION('ref_axis',(-0.408248290463862,0.912870929175277,0.));
#2777=DIRECTION('',(0.,-1.,0.));
#2778=DIRECTION('center_axis',(0.,0.,1.));
#2779=DIRECTION('ref_axis',(-0.707106781186548,-0.707106781186548,0.));
#2780=DIRECTION('',(1.,0.,0.));
#2781=DIRECTION('center_axis',(0.,0.,-1.));
#2782=DIRECTION('ref_axis',(-0.707106781186548,0.707106781186547,0.));
#2783=DIRECTION('',(0.,1.,0.));
#2784=DIRECTION('',(1.,0.,0.));
#2785=DIRECTION('center_axis',(0.,0.,1.));
#2786=DIRECTION('ref_axis',(1.,0.,0.));
#2787=DIRECTION('center_axis',(0.,0.,1.));
#2788=DIRECTION('ref_axis',(1.,0.,0.));
#2789=DIRECTION('',(1.,0.,0.));
#2790=DIRECTION('',(0.,-1.,0.));
#2791=DIRECTION('center_axis',(0.,0.,-1.));
#2792=DIRECTION('ref_axis',(0.707106781186548,0.707106781186548,0.));
#2793=DIRECTION('',(1.,0.,0.));
#2794=DIRECTION('center_axis',(0.,0.,1.));
#2795=DIRECTION('ref_axis',(0.707106781186548,-0.707106781186547,0.));
#2796=DIRECTION('',(0.,1.,0.));
#2797=DIRECTION('center_axis',(0.,0.,-1.));
#2798=DIRECTION('ref_axis',(-0.707106775918191,-0.707106786454904,0.));
#2799=DIRECTION('',(-1.,0.,0.));
#2800=DIRECTION('',(-6.93889390390723E-17,1.,0.));
#2801=DIRECTION('center_axis',(0.,0.,1.));
#2802=DIRECTION('ref_axis',(1.,0.,0.));
#2803=DIRECTION('center_axis',(0.,0.,1.));
#2804=DIRECTION('ref_axis',(1.,0.,0.));
#2805=DIRECTION('center_axis',(0.,0.,1.));
#2806=DIRECTION('ref_axis',(1.,0.,0.));
#2807=DIRECTION('',(0.,0.,-1.));
#2808=DIRECTION('center_axis',(0.,0.,-1.));
#2809=DIRECTION('ref_axis',(1.,0.,0.));
#2810=DIRECTION('center_axis',(0.,0.,-1.));
#2811=DIRECTION('ref_axis',(-1.,0.,0.));
#2812=DIRECTION('center_axis',(0.,-1.,0.));
#2813=DIRECTION('ref_axis',(1.,0.,0.));
#2814=DIRECTION('center_axis',(0.,0.,-1.));
#2815=DIRECTION('ref_axis',(1.,0.,0.));
#2816=DIRECTION('center_axis',(0.,0.,-1.));
#2817=DIRECTION('ref_axis',(1.,0.,0.));
#2818=DIRECTION('center_axis',(0.,0.,1.));
#2819=DIRECTION('ref_axis',(1.,0.,0.));
#2820=DIRECTION('',(0.,0.,-1.));
#2821=DIRECTION('center_axis',(0.,0.,-1.));
#2822=DIRECTION('ref_axis',(1.,0.,0.));
#2823=DIRECTION('center_axis',(0.,0.,1.));
#2824=DIRECTION('ref_axis',(1.,0.,0.));
#2825=DIRECTION('center_axis',(0.,0.,-1.));
#2826=DIRECTION('ref_axis',(1.,0.,0.));
#2827=DIRECTION('',(0.,0.,-1.));
#2828=DIRECTION('center_axis',(0.,0.,-1.));
#2829=DIRECTION('ref_axis',(1.,0.,0.));
#2830=DIRECTION('center_axis',(0.,0.,-1.));
#2831=DIRECTION('ref_axis',(-1.,0.,0.));
#2832=DIRECTION('center_axis',(0.,-1.,0.));
#2833=DIRECTION('ref_axis',(1.,0.,0.));
#2834=DIRECTION('center_axis',(0.,0.,-1.));
#2835=DIRECTION('ref_axis',(1.,0.,0.));
#2836=DIRECTION('center_axis',(0.,0.,-1.));
#2837=DIRECTION('ref_axis',(1.,0.,0.));
#2838=DIRECTION('center_axis',(0.,0.,1.));
#2839=DIRECTION('ref_axis',(1.,0.,0.));
#2840=DIRECTION('',(0.,0.,-1.));
#2841=DIRECTION('center_axis',(0.,0.,-1.));
#2842=DIRECTION('ref_axis',(1.,0.,0.));
#2843=DIRECTION('center_axis',(0.,0.,-1.));
#2844=DIRECTION('ref_axis',(-1.,0.,0.));
#2845=DIRECTION('center_axis',(0.,-1.,0.));
#2846=DIRECTION('ref_axis',(1.,0.,0.));
#2847=DIRECTION('center_axis',(0.,0.,-1.));
#2848=DIRECTION('ref_axis',(1.,0.,0.));
#2849=DIRECTION('center_axis',(0.,0.,-1.));
#2850=DIRECTION('ref_axis',(1.,0.,0.));
#2851=DIRECTION('center_axis',(0.,0.,1.));
#2852=DIRECTION('ref_axis',(1.,0.,0.));
#2853=DIRECTION('',(0.,0.,-1.));
#2854=DIRECTION('center_axis',(0.,0.,-1.));
#2855=DIRECTION('ref_axis',(1.,0.,0.));
#2856=DIRECTION('center_axis',(0.,0.,-1.));
#2857=DIRECTION('ref_axis',(-1.,0.,0.));
#2858=DIRECTION('center_axis',(0.,-1.,0.));
#2859=DIRECTION('ref_axis',(1.,0.,0.));
#2860=DIRECTION('center_axis',(0.,0.,-1.));
#2861=DIRECTION('ref_axis',(1.,0.,0.));
#2862=DIRECTION('center_axis',(0.,0.,-1.));
#2863=DIRECTION('ref_axis',(1.,0.,0.));
#2864=DIRECTION('center_axis',(0.,0.,1.));
#2865=DIRECTION('ref_axis',(1.,0.,0.));
#2866=DIRECTION('',(0.,0.,-1.));
#2867=DIRECTION('center_axis',(0.,0.,-1.));
#2868=DIRECTION('ref_axis',(1.,0.,0.));
#2869=DIRECTION('center_axis',(0.,1.,0.));
#2870=DIRECTION('ref_axis',(0.707106781186546,0.,0.707106781186549));
#2871=DIRECTION('center_axis',(0.,1.,0.));
#2872=DIRECTION('ref_axis',(0.,0.,1.));
#2873=DIRECTION('center_axis',(0.,-1.,0.));
#2874=DIRECTION('ref_axis',(1.,0.,0.));
#2875=DIRECTION('center_axis',(0.,0.,-1.));
#2876=DIRECTION('ref_axis',(-1.,0.,0.));
#2877=DIRECTION('center_axis',(-0.74535599249993,-0.666666666666667,0.));
#2878=DIRECTION('ref_axis',(0.,0.,1.));
#2879=DIRECTION('center_axis',(-0.666666666666671,-0.745355992499926,0.));
#2880=DIRECTION('ref_axis',(0.745355992499926,-0.666666666666672,0.));
#2881=DIRECTION('center_axis',(0.182574185835051,-0.816496580927732,0.547722557505159));
#2882=DIRECTION('ref_axis',(0.25819888974715,0.577350269189617,0.774596669241494));
#2883=DIRECTION('center_axis',(0.,1.,0.));
#2884=DIRECTION('ref_axis',(0.707106781186549,0.,0.707106781186546));
#2885=DIRECTION('center_axis',(0.,-1.,0.));
#2886=DIRECTION('ref_axis',(1.,0.,0.));
#2887=DIRECTION('center_axis',(-0.707106781186548,0.707106781186548,0.));
#2888=DIRECTION('ref_axis',(-0.707106781186548,-0.707106781186548,0.));
#2889=DIRECTION('center_axis',(-1.,0.,0.));
#2890=DIRECTION('ref_axis',(0.,0.707106781186549,0.707106781186546));
#2891=DIRECTION('center_axis',(-0.707106781186549,-0.707106781186546,0.));
#2892=DIRECTION('ref_axis',(0.707106781186546,-0.707106781186549,0.));
#2893=DIRECTION('center_axis',(-1.,0.,0.));
#2894=DIRECTION('ref_axis',(0.,0.707106781186546,0.707106781186549));
#2895=DIRECTION('center_axis',(-1.,0.,0.));
#2896=DIRECTION('ref_axis',(0.,0.,1.));
#2897=DIRECTION('center_axis',(1.,0.,0.));
#2898=DIRECTION('ref_axis',(0.,1.,0.));
#2899=DIRECTION('center_axis',(0.,0.,1.));
#2900=DIRECTION('ref_axis',(1.,0.,0.));
#2901=DIRECTION('center_axis',(0.,1.,0.));
#2902=DIRECTION('ref_axis',(-1.,0.,0.));
#2903=DIRECTION('center_axis',(0.,-1.,0.));
#2904=DIRECTION('ref_axis',(-0.707106781186546,0.,0.707106781186549));
#2905=DIRECTION('center_axis',(0.,0.,1.));
#2906=DIRECTION('ref_axis',(1.,0.,0.));
#2907=DIRECTION('center_axis',(1.,0.,0.));
#2908=DIRECTION('ref_axis',(0.,1.,0.));
#2909=DIRECTION('center_axis',(-1.,0.,0.));
#2910=DIRECTION('ref_axis',(0.,0.707106781186546,0.707106781186549));
#2911=DIRECTION('center_axis',(1.,0.,0.));
#2912=DIRECTION('ref_axis',(0.,1.,0.));
#2913=DIRECTION('center_axis',(0.154303349962092,-0.966091783079295,0.207019667802712));
#2914=DIRECTION('ref_axis',(0.577350269189623,0.25819888974717,0.774596669241483));
#2915=DIRECTION('center_axis',(0.,0.,-1.));
#2916=DIRECTION('ref_axis',(0.707106781186548,-0.707106781186547,0.));
#2917=DIRECTION('center_axis',(0.666666666666664,-0.745355992499933,0.));
#2918=DIRECTION('ref_axis',(0.,0.,1.));
#2919=DIRECTION('center_axis',(0.745355992499927,-0.66666666666667,0.));
#2920=DIRECTION('ref_axis',(0.66666666666667,0.745355992499927,0.));
#2921=DIRECTION('center_axis',(-0.154303349962091,-0.966091783079296,0.207019667802706));
#2922=DIRECTION('ref_axis',(-0.577350269189624,0.258198889747163,0.774596669241484));
#2923=DIRECTION('center_axis',(0.,0.,-1.));
#2924=DIRECTION('ref_axis',(-1.,0.,0.));
#2925=DIRECTION('center_axis',(-0.745355992499931,0.666666666666666,0.));
#2926=DIRECTION('ref_axis',(-0.666666666666666,-0.745355992499931,0.));
#2927=DIRECTION('center_axis',(1.,0.,0.));
#2928=DIRECTION('ref_axis',(0.,-0.707106781186548,0.707106781186548));
#2929=DIRECTION('center_axis',(0.707106686356133,-0.70710687601695,1.57009266924957E-15));
#2930=DIRECTION('ref_axis',(-0.70710687601695,-0.707106686356133,1.57009224811795E-15));
#2931=DIRECTION('center_axis',(-2.68220903265606E-7,-0.999999999999964,
0.));
#2932=DIRECTION('ref_axis',(-0.707106781186521,1.89660819555097E-7,0.707106781186549));
#2933=DIRECTION('center_axis',(0.707106686356135,-0.707106876016947,0.));
#2934=DIRECTION('ref_axis',(0.707106876016947,0.707106686356135,0.));
#2935=DIRECTION('center_axis',(6.93889390390723E-17,-1.,0.));
#2936=DIRECTION('ref_axis',(-0.707106781186548,0.,0.707106781186548));
#2937=DIRECTION('center_axis',(0.,1.,0.));
#2938=DIRECTION('ref_axis',(-1.,0.,0.));
#2939=DIRECTION('center_axis',(0.707106781186548,-0.707106781186548,0.));
#2940=DIRECTION('ref_axis',(0.707106781186548,0.707106781186548,0.));
#2941=DIRECTION('center_axis',(0.,-1.,0.));
#2942=DIRECTION('ref_axis',(-0.707106781186548,0.,0.707106781186548));
#2943=DIRECTION('center_axis',(0.,-1.,0.));
#2944=DIRECTION('ref_axis',(0.,0.,1.));
#2945=DIRECTION('center_axis',(0.,1.,0.));
#2946=DIRECTION('ref_axis',(-1.,0.,0.));
#2947=DIRECTION('center_axis',(0.,0.,1.));
#2948=DIRECTION('ref_axis',(1.,0.,0.));
#2949=DIRECTION('center_axis',(-1.,-1.4901163636339E-8,0.));
#2950=DIRECTION('ref_axis',(1.4901163636339E-8,-1.,0.));
#2951=DIRECTION('center_axis',(0.,0.,1.));
#2952=DIRECTION('ref_axis',(-0.707106775918191,-0.707106786454904,0.));
#2953=DIRECTION('center_axis',(1.,0.,0.));
#2954=DIRECTION('ref_axis',(0.,-0.707106781186549,0.707106781186546));
#2955=DIRECTION('',(1.,0.,0.));
#2956=DIRECTION('center_axis',(0.,0.,1.));
#2957=DIRECTION('ref_axis',(1.,0.,0.));
#2958=DIRECTION('center_axis',(0.,-1.,0.));
#2959=DIRECTION('ref_axis',(-1.,0.,0.));
#2960=DIRECTION('center_axis',(-1.,-2.22044604925031E-15,0.));
#2961=DIRECTION('ref_axis',(2.22044604925031E-15,-1.,0.));
#2962=DIRECTION('center_axis',(1.,1.04083408558608E-16,0.));
#2963=DIRECTION('ref_axis',(0.,-0.707106781186547,0.707106781186548));
#2964=DIRECTION('center_axis',(-0.182574185835047,-0.816496580927726,0.547722557505169));
#2965=DIRECTION('ref_axis',(-0.25819888974715,0.577350269189624,0.774596669241488));
#2966=DIRECTION('center_axis',(-0.182574185835051,-0.816496580927732,-0.547722557505159));
#2967=DIRECTION('ref_axis',(0.258198889747163,-0.577350269189617,0.774596669241489));
#2968=DIRECTION('center_axis',(0.,-1.,0.));
#2969=DIRECTION('ref_axis',(-1.,0.,0.));
#2970=DIRECTION('',(0.,0.,1.));
#2971=DIRECTION('center_axis',(0.,0.,-1.));
#2972=DIRECTION('ref_axis',(1.,0.,0.));
#2973=DIRECTION('center_axis',(0.,0.,1.));
#2974=DIRECTION('ref_axis',(1.,0.,0.));
#2975=DIRECTION('center_axis',(0.,0.,-1.));
#2976=DIRECTION('ref_axis',(1.,0.,0.));
#2977=DIRECTION('',(0.,0.,-1.));
#2978=DIRECTION('center_axis',(0.,0.,-1.));
#2979=DIRECTION('ref_axis',(1.,0.,0.));
#2980=DIRECTION('center_axis',(0.,0.,1.));
#2981=DIRECTION('ref_axis',(1.,0.,0.));
#2982=DIRECTION('center_axis',(0.,0.,1.));
#2983=DIRECTION('ref_axis',(1.,0.,0.));
#2984=DIRECTION('center_axis',(0.,0.,1.));
#2985=DIRECTION('ref_axis',(1.,0.,0.));
#2986=DIRECTION('center_axis',(0.,0.,1.));
#2987=DIRECTION('ref_axis',(1.,0.,0.));
#2988=DIRECTION('',(0.,0.,-1.));
#2989=DIRECTION('center_axis',(0.,0.,1.));
#2990=DIRECTION('ref_axis',(1.,0.,0.));
#2991=DIRECTION('center_axis',(0.,0.,-1.));
#2992=DIRECTION('ref_axis',(1.,0.,0.));
#2993=DIRECTION('',(0.,0.,-1.));
#2994=DIRECTION('center_axis',(0.,0.,-1.));
#2995=DIRECTION('ref_axis',(1.,0.,0.));
#2996=DIRECTION('center_axis',(0.,0.,1.));
#2997=DIRECTION('ref_axis',(1.,0.,0.));
#2998=DIRECTION('center_axis',(0.,0.,1.));
#2999=DIRECTION('ref_axis',(1.,0.,0.));
#3000=DIRECTION('center_axis',(0.,0.,1.));
#3001=DIRECTION('ref_axis',(1.,0.,0.));
#3002=DIRECTION('center_axis',(0.,0.,1.));
#3003=DIRECTION('ref_axis',(1.,0.,0.));
#3004=DIRECTION('',(0.,0.,-1.));
#3005=DIRECTION('center_axis',(0.,0.,1.));
#3006=DIRECTION('ref_axis',(1.,0.,0.));
#3007=DIRECTION('center_axis',(0.,0.,-1.));
#3008=DIRECTION('ref_axis',(1.,0.,0.));
#3009=DIRECTION('',(0.,0.,-1.));
#3010=DIRECTION('center_axis',(0.,0.,-1.));
#3011=DIRECTION('ref_axis',(1.,0.,0.));
#3012=DIRECTION('center_axis',(0.,0.,1.));
#3013=DIRECTION('ref_axis',(1.,0.,0.));
#3014=DIRECTION('center_axis',(0.,0.,1.));
#3015=DIRECTION('ref_axis',(1.,0.,0.));
#3016=DIRECTION('center_axis',(0.,0.,1.));
#3017=DIRECTION('ref_axis',(1.,0.,0.));
#3018=DIRECTION('center_axis',(0.,0.,1.));
#3019=DIRECTION('ref_axis',(1.,0.,0.));
#3020=DIRECTION('',(0.,0.,-1.));
#3021=DIRECTION('center_axis',(0.,0.,1.));
#3022=DIRECTION('ref_axis',(1.,0.,0.));
#3023=DIRECTION('center_axis',(0.,0.,-1.));
#3024=DIRECTION('ref_axis',(1.,0.,0.));
#3025=DIRECTION('',(0.,0.,-1.));
#3026=DIRECTION('center_axis',(0.,0.,-1.));
#3027=DIRECTION('ref_axis',(1.,0.,0.));
#3028=DIRECTION('center_axis',(0.,0.,1.));
#3029=DIRECTION('ref_axis',(1.,0.,0.));
#3030=DIRECTION('center_axis',(0.,0.,1.));
#3031=DIRECTION('ref_axis',(1.,0.,0.));
#3032=DIRECTION('center_axis',(0.,0.,1.));
#3033=DIRECTION('ref_axis',(1.,0.,0.));
#3034=DIRECTION('center_axis',(0.,0.,1.));
#3035=DIRECTION('ref_axis',(1.,0.,0.));
#3036=DIRECTION('',(0.,0.,-1.));
#3037=DIRECTION('center_axis',(0.,0.,1.));
#3038=DIRECTION('ref_axis',(1.,0.,0.));
#3039=DIRECTION('center_axis',(0.,0.,-1.));
#3040=DIRECTION('ref_axis',(1.,0.,0.));
#3041=DIRECTION('',(0.,0.,-1.));
#3042=DIRECTION('center_axis',(0.,0.,-1.));
#3043=DIRECTION('ref_axis',(1.,0.,0.));
#3044=DIRECTION('center_axis',(0.,0.,1.));
#3045=DIRECTION('ref_axis',(1.,0.,0.));
#3046=DIRECTION('center_axis',(0.,0.,1.));
#3047=DIRECTION('ref_axis',(1.,0.,0.));
#3048=DIRECTION('center_axis',(0.,0.,1.));
#3049=DIRECTION('ref_axis',(1.,0.,0.));
#3050=DIRECTION('center_axis',(0.,0.,1.));
#3051=DIRECTION('ref_axis',(1.,0.,0.));
#3052=DIRECTION('',(0.,0.,-1.));
#3053=DIRECTION('center_axis',(0.,0.,1.));
#3054=DIRECTION('ref_axis',(1.,0.,0.));
#3055=DIRECTION('center_axis',(0.,0.,-1.));
#3056=DIRECTION('ref_axis',(1.,0.,0.));
#3057=DIRECTION('',(0.,0.,-1.));
#3058=DIRECTION('center_axis',(0.,0.,-1.));
#3059=DIRECTION('ref_axis',(1.,0.,0.));
#3060=DIRECTION('center_axis',(0.,0.,1.));
#3061=DIRECTION('ref_axis',(1.,0.,0.));
#3062=DIRECTION('center_axis',(0.,0.,1.));
#3063=DIRECTION('ref_axis',(1.,0.,0.));
#3064=DIRECTION('center_axis',(0.,0.,1.));
#3065=DIRECTION('ref_axis',(1.,0.,0.));
#3066=DIRECTION('center_axis',(0.,0.,1.));
#3067=DIRECTION('ref_axis',(1.,0.,0.));
#3068=DIRECTION('',(0.,0.,-1.));
#3069=DIRECTION('center_axis',(0.,1.,0.));
#3070=DIRECTION('ref_axis',(1.,0.,0.));
#3071=DIRECTION('center_axis',(0.,-1.,0.));
#3072=DIRECTION('ref_axis',(-1.,0.,0.));
#3073=DIRECTION('',(0.,0.,-1.));
#3074=DIRECTION('center_axis',(0.,0.,-1.));
#3075=DIRECTION('ref_axis',(-2.22044604925032E-15,-1.,0.));
#3076=DIRECTION('center_axis',(0.,0.,-1.));
#3077=DIRECTION('ref_axis',(0.,1.,0.));
#3078=DIRECTION('',(0.,0.,-1.));
#3079=DIRECTION('center_axis',(-8.88178419700126E-16,1.,0.));
#3080=DIRECTION('ref_axis',(1.,8.88178419700126E-16,0.));
#3081=CARTESIAN_POINT('',(0.,0.,0.));
#3082=CARTESIAN_POINT('Origin',(27.5,10.6250000596046,-1.));
#3083=CARTESIAN_POINT('',(27.5,8.,0.));
#3084=CARTESIAN_POINT('',(28.5,8.00000011920929,-1.));
#3085=CARTESIAN_POINT('Origin',(27.5,8.00000011920929,-1.));
#3086=CARTESIAN_POINT('',(27.5,12.0000002086163,0.));
#3087=CARTESIAN_POINT('',(27.5,10.6250000596046,0.));
#3088=CARTESIAN_POINT('',(28.5,12.0000002086163,-1.));
#3089=CARTESIAN_POINT('Origin',(27.5,12.0000002086163,-1.));
#3090=CARTESIAN_POINT('',(28.5,10.6250000596046,-1.));
#3091=CARTESIAN_POINT('Origin',(30.5,12.0000002086163,-1.));
#3092=CARTESIAN_POINT('',(30.5,15.0000002086163,0.));
#3093=CARTESIAN_POINT('',(30.5,14.0000002086163,-1.));
#3094=CARTESIAN_POINT('Origin',(30.5,15.0000002086163,-1.));
#3095=CARTESIAN_POINT('Origin',(30.5,12.0000002086163,-1.));
#3096=CARTESIAN_POINT('Origin',(30.5,12.0000002086163,0.));
#3097=CARTESIAN_POINT('Ctrl Pts',(30.5,14.0000002086163,-1.));
#3098=CARTESIAN_POINT('Ctrl Pts',(30.5,14.0000002086163,-1.));
#3099=CARTESIAN_POINT('Ctrl Pts',(30.5,14.0000002086163,-1.));
#3100=CARTESIAN_POINT('Ctrl Pts',(30.5,14.0000002086163,-1.));
#3101=CARTESIAN_POINT('Ctrl Pts',(30.5,14.0000002086163,-1.));
#3102=CARTESIAN_POINT('Ctrl Pts',(30.5,14.0000002086163,6.77151008219853E-16));
#3103=CARTESIAN_POINT('Ctrl Pts',(30.5,14.0000002086163,6.77151008219853E-16));
#3104=CARTESIAN_POINT('Ctrl Pts',(30.5,14.0000002086163,6.82432437125251E-16));
#3105=CARTESIAN_POINT('Ctrl Pts',(30.5,14.0000002086163,6.87713866030649E-16));
#3106=CARTESIAN_POINT('Ctrl Pts',(30.5,14.0000002086163,6.94943846028281E-16));
#3107=CARTESIAN_POINT('Ctrl Pts',(30.5,15.0000002086163,0.));
#3108=CARTESIAN_POINT('Ctrl Pts',(30.9327998346324,15.0000002086163,0.));
#3109=CARTESIAN_POINT('Ctrl Pts',(31.2290391860863,14.6844721694376,0.));
#3110=CARTESIAN_POINT('Ctrl Pts',(31.5252785375403,14.3689441302589,0.));
#3111=CARTESIAN_POINT('Ctrl Pts',(31.4980137624322,13.9370039389174,0.));
#3112=CARTESIAN_POINT('',(31.000000461936,14.0000002086163,-0.133974329516857));
#3113=CARTESIAN_POINT('Origin',(31.5,14.0000002086163,-1.));
#3114=CARTESIAN_POINT('',(31.4980137624322,13.9370039389174,0.));
#3115=CARTESIAN_POINT('Origin',(30.5,14.0000002086163,0.));
#3116=CARTESIAN_POINT('Ctrl Pts',(31.000000461936,14.0000004917383,-0.133974329516796));
#3117=CARTESIAN_POINT('Ctrl Pts',(31.0484442929516,14.0000004805493,-0.106005305092461));
#3118=CARTESIAN_POINT('Ctrl Pts',(31.0992274042498,13.9982384875843,-0.0820960529126073));
#3119=CARTESIAN_POINT('Ctrl Pts',(31.2643308776801,13.9856542010678,-0.0207754740967105));
#3120=CARTESIAN_POINT('Ctrl Pts',(31.3816284465101,13.9669272074817,-2.02451926099101E-16));
#3121=CARTESIAN_POINT('Ctrl Pts',(31.4980137624322,13.9370039389174,0.));
#3122=CARTESIAN_POINT('Origin',(31.,12.,0.));
#3123=CARTESIAN_POINT('',(32.5,13.3228763989706,0.));
#3124=CARTESIAN_POINT('Origin',(31.,12.,0.));
#3125=CARTESIAN_POINT('',(33.0000004917383,12.,0.));
#3126=CARTESIAN_POINT('Origin',(31.,12.,0.));
#3127=CARTESIAN_POINT('',(33.,11.9991902770815,0.));
#3128=CARTESIAN_POINT('',(33.,19.2639320225002,0.));
#3129=CARTESIAN_POINT('',(33.,11.9991902770815,-2.));
#3130=CARTESIAN_POINT('',(33.,11.9991902770815,0.));
#3131=CARTESIAN_POINT('',(31.000000461936,14.0000002086163,-2.));
#3132=CARTESIAN_POINT('Origin',(31.,12.,-2.));
#3133=CARTESIAN_POINT('',(31.000000461936,14.0000002086163,0.));
#3134=CARTESIAN_POINT('Origin',(16.5,13.25,0.));
#3135=CARTESIAN_POINT('',(21.5,8.,0.));
#3136=CARTESIAN_POINT('Origin',(24.5,8.,0.));
#3137=CARTESIAN_POINT('Origin',(24.5,8.,0.));
#3138=CARTESIAN_POINT('',(31.,8.00000011920929,0.));
#3139=CARTESIAN_POINT('',(23.75,8.00000011920929,0.));
#3140=CARTESIAN_POINT('',(32.5,8.67712446367699,0.));
#3141=CARTESIAN_POINT('Origin',(31.,10.0000001192093,0.));
#3142=CARTESIAN_POINT('',(32.5,4.73606797749979,0.));
#3143=CARTESIAN_POINT('',(32.5,12.6245951385407,0.));
#3144=CARTESIAN_POINT('',(27.5419601084502,3.,0.));
#3145=CARTESIAN_POINT('Origin',(30.5,2.5,0.));
#3146=CARTESIAN_POINT('',(27.5,3.,0.));
#3147=CARTESIAN_POINT('',(21.75,3.,0.));
#3148=CARTESIAN_POINT('',(27.5000005364418,4.5,0.));
#3149=CARTESIAN_POINT('',(27.5000016428526,8.62499845772942,0.));
#3150=CARTESIAN_POINT('',(8.5,4.5,0.));
#3151=CARTESIAN_POINT('',(12.5,4.5,0.));
#3152=CARTESIAN_POINT('',(5.,8.,0.));
#3153=CARTESIAN_POINT('Origin',(8.5,8.,0.));
#3154=CARTESIAN_POINT('',(5.,10.0000001490116,0.));
#3155=CARTESIAN_POINT('',(5.,11.6250000745058,0.));
#3156=CARTESIAN_POINT('',(4.73606797749979,10.0000001490116,0.));
#3157=CARTESIAN_POINT('',(10.5,10.0000001490116,0.));
#3158=CARTESIAN_POINT('',(5.5,12.0000001490116,0.));
#3159=CARTESIAN_POINT('Origin',(2.5,12.0000001490116,0.));
#3160=CARTESIAN_POINT('',(5.5,16.,0.));
#3161=CARTESIAN_POINT('',(5.5,14.6250001192093,0.));
#3162=CARTESIAN_POINT('Origin',(8.5,16.,0.));
#3163=CARTESIAN_POINT('',(2.,16.0000002384186,0.));
#3164=CARTESIAN_POINT('',(2.,16.0000002384186,0.));
#3165=CARTESIAN_POINT('',(0.5,15.3228758939509,0.));
#3166=CARTESIAN_POINT('Origin',(2.,14.0000002384186,0.));
#3167=CARTESIAN_POINT('',(0.500000000000001,19.2639320225002,0.));
#3168=CARTESIAN_POINT('',(0.5,12.625,0.));
#3169=CARTESIAN_POINT('',(4.73606797749979,23.5,0.));
#3170=CARTESIAN_POINT('Origin',(2.5,21.5,0.));
#3171=CARTESIAN_POINT('',(9.,23.5,0.));
#3172=CARTESIAN_POINT('',(12.75,23.5,0.));
#3173=CARTESIAN_POINT('',(11.5,21.,0.));
#3174=CARTESIAN_POINT('Origin',(9.00000000000001,21.,0.));
#3175=CARTESIAN_POINT('',(11.5,19.5,0.));
#3176=CARTESIAN_POINT('',(11.5,16.625,0.));
#3177=CARTESIAN_POINT('',(21.5,19.5,0.));
#3178=CARTESIAN_POINT('',(18.75,19.5,0.));
#3179=CARTESIAN_POINT('',(21.5,21.,0.));
#3180=CARTESIAN_POINT('',(21.5,17.125,0.));
#3181=CARTESIAN_POINT('',(24.,23.5,0.));
#3182=CARTESIAN_POINT('Origin',(24.,21.,0.));
#3183=CARTESIAN_POINT('',(28.2639320225002,23.5,0.));
#3184=CARTESIAN_POINT('',(22.3819660112501,23.5,0.));
#3185=CARTESIAN_POINT('',(32.5,19.2639320225002,0.));
#3186=CARTESIAN_POINT('Origin',(30.5,21.5,0.));
#3187=CARTESIAN_POINT('',(32.5,12.6245951385407,0.));
#3188=CARTESIAN_POINT('',(5.5,8.,0.));
#3189=CARTESIAN_POINT('Origin',(8.5,8.,0.));
#3190=CARTESIAN_POINT('',(13.5,16.,0.));
#3191=CARTESIAN_POINT('Origin',(16.5,16.,0.));
#3192=CARTESIAN_POINT('',(13.5,8.,0.));
#3193=CARTESIAN_POINT('Origin',(16.5,8.,0.));
#3194=CARTESIAN_POINT('',(21.5,16.,0.));
#3195=CARTESIAN_POINT('Origin',(24.5,16.,0.));
#3196=CARTESIAN_POINT('Origin',(5.5,14.6250001192093,-1.));
#3197=CARTESIAN_POINT('',(4.5,16.0000002384186,-1.));
#3198=CARTESIAN_POINT('Origin',(5.5,16.0000002384186,-1.));
#3199=CARTESIAN_POINT('',(4.5,12.0000001490116,-1.));
#3200=CARTESIAN_POINT('Origin',(5.5,12.0000001490116,-1.));
#3201=CARTESIAN_POINT('',(4.5,14.6250001192093,-1.));
#3202=CARTESIAN_POINT('Origin',(2.5,12.0000001490116,-1.));
#3203=CARTESIAN_POINT('',(2.5,10.0000001490116,-1.));
#3204=CARTESIAN_POINT('Ctrl Pts',(4.73606797749979,10.0000001490116,0.));
#3205=CARTESIAN_POINT('Ctrl Pts',(4.44047941394927,10.0000001490116,4.92253843604487E-17));
#3206=CARTESIAN_POINT('Ctrl Pts',(4.09679001332967,10.0000001490116,-0.0877162374957616));
#3207=CARTESIAN_POINT('Ctrl Pts',(3.37540452094036,10.0000001490116,-0.387556200187512));
#3208=CARTESIAN_POINT('Ctrl Pts',(2.89651449662055,10.0000001490116,-0.719621910600838));
#3209=CARTESIAN_POINT('Ctrl Pts',(2.5,10.0000001490116,-1.));
#3210=CARTESIAN_POINT('Origin',(2.5,12.0000001490116,-1.));
#3211=CARTESIAN_POINT('Origin',(30.5,12.0000002086163,0.));
#3212=CARTESIAN_POINT('',(30.5,14.0000002086163,-2.));
#3213=CARTESIAN_POINT('',(30.5,14.0000002086163,0.));
#3214=CARTESIAN_POINT('',(28.5,12.0000002086163,-2.));
#3215=CARTESIAN_POINT('Origin',(30.5,12.0000002086163,-2.));
#3216=CARTESIAN_POINT('',(28.5,12.0000002086163,0.));
#3217=CARTESIAN_POINT('Origin',(28.5,8.00000011920929,0.));
#3218=CARTESIAN_POINT('',(28.5,8.00000011920929,-2.));
#3219=CARTESIAN_POINT('',(28.5,8.,-2.));
#3220=CARTESIAN_POINT('',(28.5,8.00000011920929,0.));
#3221=CARTESIAN_POINT('Origin',(30.7500002458692,11.0000003054738,-2.));
#3222=CARTESIAN_POINT('',(31.000000461936,14.0000002086163,-2.));
#3223=CARTESIAN_POINT('',(33.,10.0000001192093,-2.));
#3224=CARTESIAN_POINT('',(33.,10.0000001192093,-2.));
#3225=CARTESIAN_POINT('',(31.,8.00000011920929,-2.));
#3226=CARTESIAN_POINT('Origin',(31.,10.0000001192093,-2.));
#3227=CARTESIAN_POINT('',(31.,8.00000011920929,-2.));
#3228=CARTESIAN_POINT('',(29.5,12.,-2.));
#3229=CARTESIAN_POINT('Origin',(31.,12.,-2.));
#3230=CARTESIAN_POINT('Origin',(2.5,12.0000001490116,0.));
#3231=CARTESIAN_POINT('',(2.5,10.0000001490116,-2.));
#3232=CARTESIAN_POINT('',(2.5,10.0000001490116,0.));
#3233=CARTESIAN_POINT('',(4.5,12.0000001490116,-2.));
#3234=CARTESIAN_POINT('Origin',(2.5,12.0000001490116,-2.));
#3235=CARTESIAN_POINT('',(4.5,12.0000001490116,0.));
#3236=CARTESIAN_POINT('Origin',(4.5,16.0000002384186,0.));
#3237=CARTESIAN_POINT('',(4.5,16.0000002384186,-2.));
#3238=CARTESIAN_POINT('',(4.5,16.,-2.));
#3239=CARTESIAN_POINT('',(4.5,16.0000002384186,0.));
#3240=CARTESIAN_POINT('Origin',(2.25,13.0000001192093,-2.));
#3241=CARTESIAN_POINT('',(2.00000002980232,10.0000001490116,-2.));
#3242=CARTESIAN_POINT('',(2.00000002980232,10.0000001490116,-2.));
#3243=CARTESIAN_POINT('',(0.,12.,-2.));
#3244=CARTESIAN_POINT('Origin',(2.,12.,-2.));
#3245=CARTESIAN_POINT('',(2.77555756156289E-15,14.0000002384186,-2.));
#3246=CARTESIAN_POINT('',(0.,12.,-2.));
#3247=CARTESIAN_POINT('',(2.,16.0000002384186,-2.));
#3248=CARTESIAN_POINT('Origin',(2.,14.0000002384186,-2.));
#3249=CARTESIAN_POINT('',(2.,16.0000002384186,-2.));
#3250=CARTESIAN_POINT('',(0.499999999999998,12.,-2.));
#3251=CARTESIAN_POINT('Origin',(2.,12.,-2.));
#3252=CARTESIAN_POINT('Origin',(5.,11.6250000745058,0.5));
#3253=CARTESIAN_POINT('',(4.5,10.0000001490116,0.5));
#3254=CARTESIAN_POINT('Origin',(5.,10.0000001490116,0.5));
#3255=CARTESIAN_POINT('',(4.5,8.,0.5));
#3256=CARTESIAN_POINT('Origin',(5.,8.,0.5));
#3257=CARTESIAN_POINT('',(4.5,11.6250000745058,0.5));
#3258=CARTESIAN_POINT('Origin',(8.5,8.,0.5));
#3259=CARTESIAN_POINT('',(8.5,4.,0.5));
#3260=CARTESIAN_POINT('Origin',(8.5,4.5,0.5));
#3261=CARTESIAN_POINT('Origin',(8.5,8.,0.5));
#3262=CARTESIAN_POINT('Origin',(12.5,4.5,0.5));
#3263=CARTESIAN_POINT('',(27.0000004023314,4.,0.5));
#3264=CARTESIAN_POINT('',(12.5,4.,0.5));
#3265=CARTESIAN_POINT('Origin',(27.5000005364418,4.5,0.5));
#3266=CARTESIAN_POINT('Origin',(27.5000016428526,8.62499845772942,0.5));
#3267=CARTESIAN_POINT('',(27.,2.5,0.5));
#3268=CARTESIAN_POINT('',(27.0000016428527,8.62499859183987,0.5));
#3269=CARTESIAN_POINT('Origin',(27.5000001341105,3.,0.5));
#3270=CARTESIAN_POINT('Origin',(21.75,3.,0.5));
#3271=CARTESIAN_POINT('',(28.,2.5,0.5));
#3272=CARTESIAN_POINT('',(21.75,2.5,0.5));
#3273=CARTESIAN_POINT('Ctrl Pts',(27.5419601084502,3.,0.));
#3274=CARTESIAN_POINT('Ctrl Pts',(27.5428427562152,2.99895563708041,-1.2234245447219E-18));
#3275=CARTESIAN_POINT('Ctrl Pts',(27.5437256356768,2.9979114674582,3.27208145828931E-6));
#3276=CARTESIAN_POINT('Ctrl Pts',(27.5888535563749,2.94456320239411,0.000337504836409781));
#3277=CARTESIAN_POINT('Ctrl Pts',(27.6338382820043,2.89258807415761,0.0088691658642399));
#3278=CARTESIAN_POINT('Ctrl Pts',(27.7209846215842,2.79421427001513,0.041442119954998));
#3279=CARTESIAN_POINT('Ctrl Pts',(27.7636227369836,2.74723221386976,0.0652909540664715));
#3280=CARTESIAN_POINT('Ctrl Pts',(27.846907340274,2.65740530313278,0.131239700564256));
#3281=CARTESIAN_POINT('Ctrl Pts',(27.8877576527087,2.61453720626528,0.175218752391786));
#3282=CARTESIAN_POINT('Ctrl Pts',(27.9463406168496,2.55410968725699,0.268803313158941));
#3283=CARTESIAN_POINT('Ctrl Pts',(27.9672513327646,2.53292398441348,0.314173274567333));
#3284=CARTESIAN_POINT('Ctrl Pts',(27.9934340212368,2.50654489833573,0.407573319735714));
#3285=CARTESIAN_POINT('Ctrl Pts',(28.,2.5,0.453237617690206));
#3286=CARTESIAN_POINT('Ctrl Pts',(28.,2.5,0.5));
#3287=CARTESIAN_POINT('Origin',(30.5,2.5,0.5));
#3288=CARTESIAN_POINT('',(32.1666666666667,4.36338998124983,0.5));
#3289=CARTESIAN_POINT('Origin',(32.5,4.73606797749979,0.5));
#3290=CARTESIAN_POINT('Origin',(30.5,2.5,0.5));
#3291=CARTESIAN_POINT('Origin',(32.5,12.6245951385407,0.5));
#3292=CARTESIAN_POINT('',(33.,4.73606797749979,0.5));
#3293=CARTESIAN_POINT('Origin',(32.5,4.73606797749979,0.5));
#3294=CARTESIAN_POINT('',(33.,10.0000001192093,0.5));
#3295=CARTESIAN_POINT('Ctrl Pts',(33.,10.0000001192093,0.5));
#3296=CARTESIAN_POINT('Ctrl Pts',(33.,9.77693200745861,0.388465944124661));
#3297=CARTESIAN_POINT('Ctrl Pts',(32.9607956083206,9.53685465956447,0.267531408113717));
#3298=CARTESIAN_POINT('Ctrl Pts',(32.7925040081022,9.08012642124134,0.0747910945588115));
#3299=CARTESIAN_POINT('Ctrl Pts',(32.6649610932728,8.86417276173463,3.46944695195361E-17));
#3300=CARTESIAN_POINT('Ctrl Pts',(32.5,8.67712446367699,3.46944695195361E-17));
#3301=CARTESIAN_POINT('',(33.,12.6245951385407,0.5));
#3302=CARTESIAN_POINT('Origin',(32.5,4.73606797749979,0.5));
#3303=CARTESIAN_POINT('Origin',(32.5,4.73606797749979,0.5));
#3304=CARTESIAN_POINT('Origin',(4.5,10.0000001490116,0.));
#3305=CARTESIAN_POINT('',(4.5,8.,7.5));
#3306=CARTESIAN_POINT('',(4.5,8.,0.));
#3307=CARTESIAN_POINT('',(4.5,10.0000001490116,7.5));
#3308=CARTESIAN_POINT('',(4.5,11.6250000745058,7.5));
#3309=CARTESIAN_POINT('',(4.5,10.0000001490116,0.));
#3310=CARTESIAN_POINT('Origin',(8.5,8.,0.));
#3311=CARTESIAN_POINT('',(8.5,4.,7.5));
#3312=CARTESIAN_POINT('',(8.5,4.,0.));
#3313=CARTESIAN_POINT('Origin',(8.5,8.,7.5));
#3314=CARTESIAN_POINT('Origin',(8.5,4.,0.));
#3315=CARTESIAN_POINT('',(27.0000004023314,4.,7.5));
#3316=CARTESIAN_POINT('',(27.0000004023314,4.,0.));
#3317=CARTESIAN_POINT('',(12.5,4.,7.5));
#3318=CARTESIAN_POINT('Origin',(27.0000004023314,4.,0.));
#3319=CARTESIAN_POINT('',(27.,2.5,7.5));
#3320=CARTESIAN_POINT('',(27.,2.5,0.));
#3321=CARTESIAN_POINT('',(27.0000016428527,8.62499859183987,7.5));
#3322=CARTESIAN_POINT('Origin',(27.,2.5,0.));
#3323=CARTESIAN_POINT('',(28.,2.5,7.5));
#3324=CARTESIAN_POINT('',(28.,2.5,0.));
#3325=CARTESIAN_POINT('',(21.75,2.5,7.5));
#3326=CARTESIAN_POINT('Origin',(30.5,2.5,0.));
#3327=CARTESIAN_POINT('',(32.1666666666667,4.36338998124983,7.5));
#3328=CARTESIAN_POINT('',(32.1666666666667,4.36338998124983,0.));
#3329=CARTESIAN_POINT('Origin',(30.5,2.5,7.5));
#3330=CARTESIAN_POINT('Origin',(32.5,4.73606797749979,0.));
#3331=CARTESIAN_POINT('',(33.,4.73606797749979,7.5));
#3332=CARTESIAN_POINT('',(33.,4.73606797749979,0.));
#3333=CARTESIAN_POINT('Origin',(32.5,4.73606797749979,7.5));
#3334=CARTESIAN_POINT('Origin',(33.,11.9991902770815,0.));
#3335=CARTESIAN_POINT('',(33.,10.0000001192093,0.));
#3336=CARTESIAN_POINT('',(33.,13.3228763989706,0.5));
#3337=CARTESIAN_POINT('Ctrl Pts',(33.,13.3228763989706,0.5));
#3338=CARTESIAN_POINT('Ctrl Pts',(33.,12.8650117020165,0.500000000000002));
#3339=CARTESIAN_POINT('Ctrl Pts',(33.0000009757427,12.4402329693582,0.252419101309673));
#3340=CARTESIAN_POINT('Ctrl Pts',(32.9999999726989,12.0309108082886,0.0178743345104468));
#3341=CARTESIAN_POINT('Ctrl Pts',(33.0000004917383,12.0154197848681,0.00888418812186484));
#3342=CARTESIAN_POINT('Ctrl Pts',(33.0000004917383,12.,4.59717274746985E-17));
#3343=CARTESIAN_POINT('',(33.,19.2639320225002,0.5));
#3344=CARTESIAN_POINT('',(33.,12.6245951385407,0.5));
#3345=CARTESIAN_POINT('',(33.,19.2639320225002,7.5));
#3346=CARTESIAN_POINT('',(33.,19.2639320225002,0.));
#3347=CARTESIAN_POINT('',(33.,12.6245951385407,7.5));
#3348=CARTESIAN_POINT('Origin',(32.5,12.6245951385407,0.5));
#3349=CARTESIAN_POINT('Origin',(32.5,13.3228763989706,0.5));
#3350=CARTESIAN_POINT('Origin',(32.5,19.2639320225002,0.5));
#3351=CARTESIAN_POINT('Ctrl Pts',(33.0000004917383,12.,0.));
#3352=CARTESIAN_POINT('Ctrl Pts',(33.0000004917383,12.0205384688267,0.));
#3353=CARTESIAN_POINT('Ctrl Pts',(32.9996103484686,12.0409374936159,0.));
#3354=CARTESIAN_POINT('Ctrl Pts',(32.9854641109049,12.5961013953069,0.));
#3355=CARTESIAN_POINT('Ctrl Pts',(32.7271367888788,13.0653276335809,0.));
#3356=CARTESIAN_POINT('Ctrl Pts',(32.5,13.3228763989706,0.));
#3357=CARTESIAN_POINT('Ctrl Pts',(33.0000004917383,12.,1.53239091582328E-17));
#3358=CARTESIAN_POINT('Ctrl Pts',(32.9998501074348,12.0176499931614,0.00345917425674768));
#3359=CARTESIAN_POINT('Ctrl Pts',(33.0000128048663,12.0388516535131,0.00538058375029462));
#3360=CARTESIAN_POINT('Ctrl Pts',(32.9924815816543,12.5260162702097,0.0929435517167929));
#3361=CARTESIAN_POINT('Ctrl Pts',(32.9135522830822,13.0460159508113,0.131227078631107));
#3362=CARTESIAN_POINT('Ctrl Pts',(32.7617993877992,13.3228763989706,0.));
#3363=CARTESIAN_POINT('Ctrl Pts',(33.0000004917383,12.,3.06478183164656E-17));
#3364=CARTESIAN_POINT('Ctrl Pts',(33.0000004917383,12.0168863694112,0.00624861189245164));
#3365=CARTESIAN_POINT('Ctrl Pts',(32.9999999726989,12.0346093073666,0.0115773967335646));
#3366=CARTESIAN_POINT('Ctrl Pts',(33.0000009757427,12.4852586549611,0.172157873666798));
#3367=CARTESIAN_POINT('Ctrl Pts',(33.,12.9655590172469,0.323045861066692));
#3368=CARTESIAN_POINT('Ctrl Pts',(33.,13.3228763989706,0.238200612200851));
#3369=CARTESIAN_POINT('Ctrl Pts',(33.0000004917383,12.,4.59717274746985E-17));
#3370=CARTESIAN_POINT('Ctrl Pts',(33.0000004917383,12.0154197848681,0.00888418812186484));
#3371=CARTESIAN_POINT('Ctrl Pts',(32.9999999726989,12.0309108082886,0.0178743345104468));
#3372=CARTESIAN_POINT('Ctrl Pts',(33.0000009757427,12.4402329693582,0.252419101309673));
#3373=CARTESIAN_POINT('Ctrl Pts',(33.,12.8650117020165,0.500000000000002));
#3374=CARTESIAN_POINT('Ctrl Pts',(33.,13.3228763989706,0.5));
#3375=CARTESIAN_POINT('Origin',(30.5,21.5,0.5));
#3376=CARTESIAN_POINT('',(28.6366100187502,23.1666666666667,0.5));
#3377=CARTESIAN_POINT('Origin',(28.2639320225002,23.5,0.5));
#3378=CARTESIAN_POINT('',(32.1666666666667,19.6366100187502,0.5));
#3379=CARTESIAN_POINT('Origin',(30.5,21.5,0.5));
#3380=CARTESIAN_POINT('Origin',(32.5,19.2639320225002,0.5));
#3381=CARTESIAN_POINT('Origin',(32.5,19.2639320225002,0.5));
#3382=CARTESIAN_POINT('Origin',(32.5,19.2639320225002,0.5));
#3383=CARTESIAN_POINT('Origin',(22.3819660112501,23.5,0.5));
#3384=CARTESIAN_POINT('',(24.,24.,0.5));
#3385=CARTESIAN_POINT('Origin',(24.,23.5,0.5));
#3386=CARTESIAN_POINT('',(28.2639320225002,24.,0.5));
#3387=CARTESIAN_POINT('',(22.3819660112501,24.,0.5));
#3388=CARTESIAN_POINT('Origin',(28.2639320225002,23.5,0.5));
#3389=CARTESIAN_POINT('Origin',(24.,21.,0.5));
#3390=CARTESIAN_POINT('',(21.,21.,0.5));
#3391=CARTESIAN_POINT('Origin',(21.5,21.,0.5));
#3392=CARTESIAN_POINT('Origin',(24.,21.,0.5));
#3393=CARTESIAN_POINT('Origin',(21.5,17.125,0.5));
#3394=CARTESIAN_POINT('',(21.,20.,0.5));
#3395=CARTESIAN_POINT('',(21.,17.125,0.5));
#3396=CARTESIAN_POINT('Origin',(21.5,19.5,0.5));
#3397=CARTESIAN_POINT('Origin',(18.75,19.5,0.5));
#3398=CARTESIAN_POINT('',(12.,20.,0.5));
#3399=CARTESIAN_POINT('',(18.75,20.,0.5));
#3400=CARTESIAN_POINT('Origin',(11.5,19.5,0.5));
#3401=CARTESIAN_POINT('Origin',(11.5,16.625,0.5));
#3402=CARTESIAN_POINT('',(12.,21.,0.5));
#3403=CARTESIAN_POINT('Origin',(11.5,21.,0.5));
#3404=CARTESIAN_POINT('',(12.,16.625,0.5));
#3405=CARTESIAN_POINT('Origin',(9.00000000000001,21.,0.5));
#3406=CARTESIAN_POINT('',(9.,24.,0.5));
#3407=CARTESIAN_POINT('Origin',(9.,23.5,0.5));
#3408=CARTESIAN_POINT('Origin',(9.00000000000001,21.,0.5));
#3409=CARTESIAN_POINT('Origin',(12.75,23.5,0.5));
#3410=CARTESIAN_POINT('',(4.73606797749979,24.,0.5));
#3411=CARTESIAN_POINT('Origin',(4.73606797749979,23.5,0.5));
#3412=CARTESIAN_POINT('',(12.75,24.,0.5));
#3413=CARTESIAN_POINT('Origin',(28.2639320225002,23.5,0.5));
#3414=CARTESIAN_POINT('Origin',(28.2639320225002,23.5,0.5));
#3415=CARTESIAN_POINT('Origin',(2.5,21.5,0.5));
#3416=CARTESIAN_POINT('',(0.833333333333335,19.6366100187502,0.5));
#3417=CARTESIAN_POINT('Origin',(0.500000000000001,19.2639320225002,0.5));
#3418=CARTESIAN_POINT('',(4.36338998124982,23.1666666666667,0.5));
#3419=CARTESIAN_POINT('Origin',(2.5,21.5,0.5));
#3420=CARTESIAN_POINT('Origin',(4.73606797749978,23.5,0.5));
#3421=CARTESIAN_POINT('Origin',(4.73606797749979,23.5,0.5));
#3422=CARTESIAN_POINT('Origin',(4.73606797749979,23.5,0.5));
#3423=CARTESIAN_POINT('Origin',(0.5,12.625,0.5));
#3424=CARTESIAN_POINT('',(0.,19.2639320225002,0.5));
#3425=CARTESIAN_POINT('Origin',(0.5,19.2639320225002,0.5));
#3426=CARTESIAN_POINT('',(0.,14.0000002384186,0.5));
#3427=CARTESIAN_POINT('Ctrl Pts',(4.16333634234434E-16,14.0000002384186,
0.5));
#3428=CARTESIAN_POINT('Ctrl Pts',(4.16333634234434E-16,14.2230683501693,
0.38846594412466));
#3429=CARTESIAN_POINT('Ctrl Pts',(0.0392043916794409,14.4631456980634,0.267531408113719));
#3430=CARTESIAN_POINT('Ctrl Pts',(0.207495991897823,14.9198739363865,0.0747910945588154));
#3431=CARTESIAN_POINT('Ctrl Pts',(0.335038906727201,15.1358275958932,-3.46944695195361E-17));
#3432=CARTESIAN_POINT('Ctrl Pts',(0.5,15.3228758939509,-3.46944695195361E-17));
#3433=CARTESIAN_POINT('',(0.,12.625,0.5));
#3434=CARTESIAN_POINT('Origin',(0.499999999999998,19.2639320225002,0.5));
#3435=CARTESIAN_POINT('Origin',(0.499999999999998,19.2639320225002,0.5));
#3436=CARTESIAN_POINT('Origin',(32.5,19.2639320225002,0.));
#3437=CARTESIAN_POINT('',(32.1666666666667,19.6366100187502,7.5));
#3438=CARTESIAN_POINT('',(32.1666666666667,19.6366100187502,0.));
#3439=CARTESIAN_POINT('Origin',(32.5,19.2639320225002,7.5));
#3440=CARTESIAN_POINT('Origin',(30.5,21.5,0.));
#3441=CARTESIAN_POINT('',(28.6366100187502,23.1666666666667,7.5));
#3442=CARTESIAN_POINT('',(28.6366100187502,23.1666666666667,0.));
#3443=CARTESIAN_POINT('Origin',(30.5,21.5,7.5));
#3444=CARTESIAN_POINT('Origin',(28.2639320225002,23.5,0.));
#3445=CARTESIAN_POINT('',(28.2639320225002,24.,7.5));
#3446=CARTESIAN_POINT('',(28.2639320225002,24.,0.));
#3447=CARTESIAN_POINT('Origin',(28.2639320225002,23.5,7.5));
#3448=CARTESIAN_POINT('Origin',(28.2639320225002,24.,0.));
#3449=CARTESIAN_POINT('',(24.,24.,7.5));
#3450=CARTESIAN_POINT('',(24.,24.,0.));
#3451=CARTESIAN_POINT('',(22.3819660112501,24.,7.5));
#3452=CARTESIAN_POINT('Origin',(24.,21.,0.));
#3453=CARTESIAN_POINT('',(21.,21.,7.5));
#3454=CARTESIAN_POINT('',(21.,21.,0.));
#3455=CARTESIAN_POINT('Origin',(24.,21.,7.5));
#3456=CARTESIAN_POINT('Origin',(21.,21.,0.));
#3457=CARTESIAN_POINT('',(21.,20.,7.5));
#3458=CARTESIAN_POINT('',(21.,20.,0.));
#3459=CARTESIAN_POINT('',(21.,17.125,7.5));
#3460=CARTESIAN_POINT('Origin',(21.,20.,0.));
#3461=CARTESIAN_POINT('',(12.,20.,7.5));
#3462=CARTESIAN_POINT('',(12.,20.,0.));
#3463=CARTESIAN_POINT('',(18.75,20.,7.5));
#3464=CARTESIAN_POINT('Origin',(12.,20.,0.));
#3465=CARTESIAN_POINT('',(12.,21.,7.5));
#3466=CARTESIAN_POINT('',(12.,21.,0.));
#3467=CARTESIAN_POINT('',(12.,16.625,7.5));
#3468=CARTESIAN_POINT('Origin',(9.00000000000001,21.,0.));
#3469=CARTESIAN_POINT('',(9.,24.,7.5));
#3470=CARTESIAN_POINT('',(9.,24.,0.));
#3471=CARTESIAN_POINT('Origin',(9.00000000000001,21.,7.5));
#3472=CARTESIAN_POINT('Origin',(9.,24.,0.));
#3473=CARTESIAN_POINT('',(4.73606797749979,24.,7.5));
#3474=CARTESIAN_POINT('',(4.73606797749979,24.,0.));
#3475=CARTESIAN_POINT('',(12.75,24.,7.5));
#3476=CARTESIAN_POINT('Origin',(4.73606797749979,23.5,0.));
#3477=CARTESIAN_POINT('',(4.36338998124982,23.1666666666667,7.5));
#3478=CARTESIAN_POINT('',(4.36338998124982,23.1666666666667,0.));
#3479=CARTESIAN_POINT('Origin',(4.73606797749979,23.5,7.5));
#3480=CARTESIAN_POINT('Origin',(2.5,21.5,0.));
#3481=CARTESIAN_POINT('',(0.833333333333335,19.6366100187502,7.5));
#3482=CARTESIAN_POINT('',(0.833333333333335,19.6366100187502,0.));
#3483=CARTESIAN_POINT('Origin',(2.5,21.5,7.5));
#3484=CARTESIAN_POINT('Origin',(0.499999999999998,19.2639320225002,0.));
#3485=CARTESIAN_POINT('',(0.,19.2639320225002,7.5));
#3486=CARTESIAN_POINT('',(0.,19.2639320225002,0.));
#3487=CARTESIAN_POINT('Origin',(0.499999999999998,19.2639320225002,7.5));
#3488=CARTESIAN_POINT('Origin',(0.,12.,0.));
#3489=CARTESIAN_POINT('',(2.77555756156289E-15,14.0000002384186,0.));
#3490=CARTESIAN_POINT('',(0.,12.,7.5));
#3491=CARTESIAN_POINT('',(0.,12.,0.));
#3492=CARTESIAN_POINT('',(0.,12.625,7.5));
#3493=CARTESIAN_POINT('Origin',(2.,12.,-1.5));
#3494=CARTESIAN_POINT('',(0.999999999999998,12.,-1.5));
#3495=CARTESIAN_POINT('Origin',(0.499999999999998,12.,-1.5));
#3496=CARTESIAN_POINT('Origin',(2.,12.,-1.5));
#3497=CARTESIAN_POINT('Origin',(2.,12.,0.));
#3498=CARTESIAN_POINT('',(0.999999999999998,12.,8.));
#3499=CARTESIAN_POINT('',(0.999999999999998,12.,0.));
#3500=CARTESIAN_POINT('Origin',(2.,12.,8.));
#3501=CARTESIAN_POINT('Origin',(31.,12.,-1.5));
#3502=CARTESIAN_POINT('',(30.,12.,-1.5));
#3503=CARTESIAN_POINT('Origin',(29.5,12.,-1.5));
#3504=CARTESIAN_POINT('Origin',(31.,12.,-1.5));
#3505=CARTESIAN_POINT('Origin',(31.,12.,0.));
#3506=CARTESIAN_POINT('',(30.,12.,8.));
#3507=CARTESIAN_POINT('',(30.,12.,0.));
#3508=CARTESIAN_POINT('Origin',(31.,12.,8.));
#3509=CARTESIAN_POINT('Origin',(24.5,8.,7.5));
#3510=CARTESIAN_POINT('',(24.5,4.5,8.));
#3511=CARTESIAN_POINT('',(28.,8.,8.));
#3512=CARTESIAN_POINT('Origin',(24.5,8.,8.));
#3513=CARTESIAN_POINT('',(27.5,8.,7.5));
#3514=CARTESIAN_POINT('Origin',(28.,8.,7.5));
#3515=CARTESIAN_POINT('',(21.5,8.,7.5));
#3516=CARTESIAN_POINT('Origin',(24.5,8.,7.5));
#3517=CARTESIAN_POINT('Origin',(24.5,8.,7.5));
#3518=CARTESIAN_POINT('Origin',(24.5,8.,8.));
#3519=CARTESIAN_POINT('Origin',(16.5,13.25,8.));
#3520=CARTESIAN_POINT('',(8.5,4.5,8.));
#3521=CARTESIAN_POINT('',(5.,8.,8.));
#3522=CARTESIAN_POINT('Origin',(8.5,8.,8.));
#3523=CARTESIAN_POINT('',(16.5,4.5,8.));
#3524=CARTESIAN_POINT('',(12.5,4.5,8.));
#3525=CARTESIAN_POINT('',(20.,8.,8.));
#3526=CARTESIAN_POINT('Origin',(16.5,8.,8.));
#3527=CARTESIAN_POINT('Origin',(16.5,8.,8.));
#3528=CARTESIAN_POINT('',(12.5,4.5,8.));
#3529=CARTESIAN_POINT('',(27.5000005364418,4.5,8.));
#3530=CARTESIAN_POINT('',(12.5,4.5,8.));
#3531=CARTESIAN_POINT('',(27.5000001341105,3.,8.));
#3532=CARTESIAN_POINT('',(27.5000016428526,8.62499845772942,8.));
#3533=CARTESIAN_POINT('',(27.5419601084502,3.,8.));
#3534=CARTESIAN_POINT('',(21.75,3.,8.));
#3535=CARTESIAN_POINT('',(32.5,4.73606797749979,8.));
#3536=CARTESIAN_POINT('Origin',(30.5,2.5,8.));
#3537=CARTESIAN_POINT('',(32.5,19.2639320225002,8.));
#3538=CARTESIAN_POINT('',(32.5,12.6245951385407,8.));
#3539=CARTESIAN_POINT('',(28.2639320225002,23.5,8.));
#3540=CARTESIAN_POINT('Origin',(30.5,21.5,8.));
#3541=CARTESIAN_POINT('',(24.,23.5,8.));
#3542=CARTESIAN_POINT('',(22.3819660112501,23.5,8.));
#3543=CARTESIAN_POINT('',(21.5,21.,8.));
#3544=CARTESIAN_POINT('Origin',(24.,21.,8.));
#3545=CARTESIAN_POINT('',(21.5,19.5,8.));
#3546=CARTESIAN_POINT('',(21.5,17.125,8.));
#3547=CARTESIAN_POINT('',(16.5,19.5,8.));
#3548=CARTESIAN_POINT('',(18.75,19.5,8.));
#3549=CARTESIAN_POINT('',(20.,16.,8.));
#3550=CARTESIAN_POINT('Origin',(16.5,16.,8.));
#3551=CARTESIAN_POINT('Origin',(16.5,16.,8.));
#3552=CARTESIAN_POINT('',(11.5,19.5,8.));
#3553=CARTESIAN_POINT('',(18.75,19.5,8.));
#3554=CARTESIAN_POINT('',(11.5,21.,8.));
#3555=CARTESIAN_POINT('',(11.5,16.625,8.));
#3556=CARTESIAN_POINT('',(9.,23.5,8.));
#3557=CARTESIAN_POINT('Origin',(9.00000000000001,21.,8.));
#3558=CARTESIAN_POINT('',(4.73606797749979,23.5,8.));
#3559=CARTESIAN_POINT('',(12.75,23.5,8.));
#3560=CARTESIAN_POINT('',(0.500000000000001,19.2639320225002,8.));
#3561=CARTESIAN_POINT('Origin',(2.5,21.5,8.));
#3562=CARTESIAN_POINT('',(0.5,12.,8.));
#3563=CARTESIAN_POINT('',(0.5,12.625,8.));
#3564=CARTESIAN_POINT('',(2.00000002235174,10.5,8.));
#3565=CARTESIAN_POINT('Origin',(2.,12.,8.));
#3566=CARTESIAN_POINT('',(5.,10.5000001490116,8.));
#3567=CARTESIAN_POINT('',(10.5,10.5000001490116,8.));
#3568=CARTESIAN_POINT('',(5.,11.6250000745058,8.));
#3569=CARTESIAN_POINT('',(28.,16.,8.));
#3570=CARTESIAN_POINT('Origin',(24.5,16.,8.));
#3571=CARTESIAN_POINT('',(12.,16.,8.));
#3572=CARTESIAN_POINT('Origin',(8.5,16.,8.));
#3573=CARTESIAN_POINT('Origin',(24.5,8.,0.));
#3574=CARTESIAN_POINT('',(21.5,8.,6.5));
#3575=CARTESIAN_POINT('',(21.5,8.,0.));
#3576=CARTESIAN_POINT('Origin',(24.5,8.,6.5));
#3577=CARTESIAN_POINT('Origin',(16.5,8.,7.5));
#3578=CARTESIAN_POINT('',(19.5,8.,7.5));
#3579=CARTESIAN_POINT('Origin',(20.,8.,7.5));
#3580=CARTESIAN_POINT('',(13.5,8.,7.5));
#3581=CARTESIAN_POINT('Origin',(16.5,8.,7.5));
#3582=CARTESIAN_POINT('Origin',(16.5,8.,7.5));
#3583=CARTESIAN_POINT('Origin',(16.5,8.,0.));
#3584=CARTESIAN_POINT('',(13.5,8.,6.5));
#3585=CARTESIAN_POINT('',(13.5,8.,0.));
#3586=CARTESIAN_POINT('Origin',(16.5,8.,6.5));
#3587=CARTESIAN_POINT('Origin',(8.5,8.,0.));
#3588=CARTESIAN_POINT('',(5.5,8.,7.5));
#3589=CARTESIAN_POINT('Origin',(8.5,8.,7.5));
#3590=CARTESIAN_POINT('',(5.5,8.,6.5));
#3591=CARTESIAN_POINT('',(5.5,8.,0.));
#3592=CARTESIAN_POINT('Origin',(8.5,8.,6.5));
#3593=CARTESIAN_POINT('Origin',(8.5,16.,7.5));
#3594=CARTESIAN_POINT('',(11.5,16.,7.5));
#3595=CARTESIAN_POINT('Origin',(12.,16.,7.5));
#3596=CARTESIAN_POINT('',(5.5,16.,7.5));
#3597=CARTESIAN_POINT('Origin',(8.5,16.,7.5));
#3598=CARTESIAN_POINT('Origin',(8.5,16.,7.5));
#3599=CARTESIAN_POINT('Origin',(8.5,16.,0.));
#3600=CARTESIAN_POINT('',(5.5,16.,6.5));
#3601=CARTESIAN_POINT('',(5.5,16.,0.));
#3602=CARTESIAN_POINT('Origin',(8.5,16.,6.5));
#3603=CARTESIAN_POINT('Origin',(16.5,16.,7.5));
#3604=CARTESIAN_POINT('',(19.5,16.,7.5));
#3605=CARTESIAN_POINT('Origin',(20.,16.,7.5));
#3606=CARTESIAN_POINT('',(13.5,16.,7.5));
#3607=CARTESIAN_POINT('Origin',(16.5,16.,7.5));
#3608=CARTESIAN_POINT('Origin',(16.5,16.,7.5));
#3609=CARTESIAN_POINT('Origin',(16.5,16.,0.));
#3610=CARTESIAN_POINT('',(13.5,16.,6.5));
#3611=CARTESIAN_POINT('',(13.5,16.,0.));
#3612=CARTESIAN_POINT('Origin',(16.5,16.,6.5));
#3613=CARTESIAN_POINT('Origin',(24.5,16.,7.5));
#3614=CARTESIAN_POINT('',(27.5,16.,7.5));
#3615=CARTESIAN_POINT('Origin',(28.,16.,7.5));
#3616=CARTESIAN_POINT('',(21.5,16.,7.5));
#3617=CARTESIAN_POINT('Origin',(24.5,16.,7.5));
#3618=CARTESIAN_POINT('Origin',(24.5,16.,7.5));
#3619=CARTESIAN_POINT('Origin',(24.5,16.,0.));
#3620=CARTESIAN_POINT('',(21.5,16.,6.5));
#3621=CARTESIAN_POINT('',(21.5,16.,0.));
#3622=CARTESIAN_POINT('Origin',(24.5,16.,6.5));
#3623=CARTESIAN_POINT('Origin',(32.5,12.6245951385407,7.5));
#3624=CARTESIAN_POINT('Origin',(32.5,4.73606797749979,7.5));
#3625=CARTESIAN_POINT('Origin',(32.5,19.2639320225002,7.5));
#3626=CARTESIAN_POINT('Origin',(30.5,21.5,7.5));
#3627=CARTESIAN_POINT('Origin',(32.5,19.2639320225002,7.5));
#3628=CARTESIAN_POINT('Origin',(28.2639320225002,23.5,7.5));
#3629=CARTESIAN_POINT('Origin',(32.5,19.2639320225002,7.5));
#3630=CARTESIAN_POINT('Origin',(11.5,16.625,7.5));
#3631=CARTESIAN_POINT('Origin',(11.5,21.,7.5));
#3632=CARTESIAN_POINT('Origin',(11.5,19.5,7.5));
#3633=CARTESIAN_POINT('Origin',(18.75,19.5,7.5));
#3634=CARTESIAN_POINT('Origin',(21.5,19.5,7.5));
#3635=CARTESIAN_POINT('Origin',(22.3819660112501,23.5,7.5));
#3636=CARTESIAN_POINT('Origin',(28.2639320225002,23.5,7.5));
#3637=CARTESIAN_POINT('Origin',(24.,23.5,7.5));
#3638=CARTESIAN_POINT('Origin',(24.,21.,7.5));
#3639=CARTESIAN_POINT('Origin',(21.5,21.,7.5));
#3640=CARTESIAN_POINT('Origin',(21.5,17.125,7.5));
#3641=CARTESIAN_POINT('Origin',(9.00000000000001,21.,7.5));
#3642=CARTESIAN_POINT('Origin',(9.,23.5,7.5));
#3643=CARTESIAN_POINT('Origin',(12.75,23.5,7.5));
#3644=CARTESIAN_POINT('Origin',(4.73606797749979,23.5,7.5));
#3645=CARTESIAN_POINT('Origin',(28.2639320225002,23.5,7.5));
#3646=CARTESIAN_POINT('Origin',(2.5,21.5,7.5));
#3647=CARTESIAN_POINT('Origin',(4.73606797749978,23.5,7.5));
#3648=CARTESIAN_POINT('Origin',(0.500000000000001,19.2639320225002,7.5));
#3649=CARTESIAN_POINT('Origin',(4.73606797749979,23.5,7.5));
#3650=CARTESIAN_POINT('Origin',(30.5,2.5,7.5));
#3651=CARTESIAN_POINT('Origin',(32.5,4.73606797749979,7.5));
#3652=CARTESIAN_POINT('Ctrl Pts',(27.5419601084502,3.,8.));
#3653=CARTESIAN_POINT('Ctrl Pts',(27.5428427562141,2.99895563708171,8.));
#3654=CARTESIAN_POINT('Ctrl Pts',(27.5437256356779,2.99791146745703,7.99999672791853));
#3655=CARTESIAN_POINT('Ctrl Pts',(27.5888535563534,2.94456320241739,7.99966249516375));
#3656=CARTESIAN_POINT('Ctrl Pts',(27.6338382820005,2.89258807416194,7.99113083413719));
#3657=CARTESIAN_POINT('Ctrl Pts',(27.7209846215842,2.79421427001514,7.958557880045));
#3658=CARTESIAN_POINT('Ctrl Pts',(27.7636227369836,2.74723221386976,7.93470904593353));
#3659=CARTESIAN_POINT('Ctrl Pts',(27.846907340274,2.65740530313278,7.86876029943574));
#3660=CARTESIAN_POINT('Ctrl Pts',(27.8877576527087,2.61453720626528,7.82478124760821));
#3661=CARTESIAN_POINT('Ctrl Pts',(27.9463406168496,2.55410968725699,7.73119668684106));
#3662=CARTESIAN_POINT('Ctrl Pts',(27.9672513327646,2.53292398441348,7.68582672543267));
#3663=CARTESIAN_POINT('Ctrl Pts',(27.9934340212368,2.50654489833573,7.59242668026429));
#3664=CARTESIAN_POINT('Ctrl Pts',(28.,2.5,7.5467623823098));
#3665=CARTESIAN_POINT('Ctrl Pts',(28.,2.5,7.5));
#3666=CARTESIAN_POINT('Origin',(21.75,3.,7.5));
#3667=CARTESIAN_POINT('Origin',(27.5000001341105,3.,7.5));
#3668=CARTESIAN_POINT('Origin',(27.5000016428526,8.62499845772942,7.5));
#3669=CARTESIAN_POINT('Origin',(27.5000005364418,4.5,7.5));
#3670=CARTESIAN_POINT('Origin',(5.,11.6250000745058,7.5));
#3671=CARTESIAN_POINT('Origin',(5.,8.,7.5));
#3672=CARTESIAN_POINT('Origin',(5.,10.5000001490116,7.5));
#3673=CARTESIAN_POINT('Origin',(0.5,12.625,7.5));
#3674=CARTESIAN_POINT('Origin',(0.5,19.2639320225002,7.5));
#3675=CARTESIAN_POINT('Origin',(0.5,12.,7.5));
#3676=CARTESIAN_POINT('Origin',(2.,12.,7.5));
#3677=CARTESIAN_POINT('',(2.00000002980232,10.0000001490116,7.5));
#3678=CARTESIAN_POINT('Origin',(2.00000002235174,10.5,7.5));
#3679=CARTESIAN_POINT('Origin',(2.,12.,7.5));
#3680=CARTESIAN_POINT('Origin',(10.5,10.5000001490116,7.5));
#3681=CARTESIAN_POINT('',(10.5,10.0000001490116,7.5));
#3682=CARTESIAN_POINT('Origin',(8.5,8.,7.5));
#3683=CARTESIAN_POINT('Origin',(5.,8.,7.5));
#3684=CARTESIAN_POINT('Origin',(8.5,4.5,7.5));
#3685=CARTESIAN_POINT('Origin',(12.5,4.5,7.5));
#3686=CARTESIAN_POINT('Origin',(0.499999999999998,19.2639320225002,7.5));
#3687=CARTESIAN_POINT('Origin',(32.5,4.73606797749979,7.5));
#3688=CARTESIAN_POINT('Origin',(4.5,10.0000001490116,0.));
#3689=CARTESIAN_POINT('',(2.00000002980232,10.0000001490116,0.));
#3690=CARTESIAN_POINT('Origin',(2.,12.,0.));
#3691=CARTESIAN_POINT('Origin',(8.5,8.,1.5));
#3692=CARTESIAN_POINT('',(6.,8.,6.5));
#3693=CARTESIAN_POINT('Origin',(8.5,8.,6.5));
#3694=CARTESIAN_POINT('',(6.,8.,1.5));
#3695=CARTESIAN_POINT('',(6.,8.,1.5));
#3696=CARTESIAN_POINT('Origin',(8.5,8.,1.5));
#3697=CARTESIAN_POINT('Origin',(8.5,8.,6.5));
#3698=CARTESIAN_POINT('Origin',(8.5,8.,1.5));
#3699=CARTESIAN_POINT('',(5.5,8.,1.5));
#3700=CARTESIAN_POINT('Origin',(8.5,8.,1.5));
#3701=CARTESIAN_POINT('Origin',(8.5,8.,0.));
#3702=CARTESIAN_POINT('',(5.5,8.,0.));
#3703=CARTESIAN_POINT('Origin',(16.5,16.,1.5));
#3704=CARTESIAN_POINT('',(14.,16.,6.5));
#3705=CARTESIAN_POINT('Origin',(16.5,16.,6.5));
#3706=CARTESIAN_POINT('',(14.,16.,1.5));
#3707=CARTESIAN_POINT('',(14.,16.,1.5));
#3708=CARTESIAN_POINT('Origin',(16.5,16.,1.5));
#3709=CARTESIAN_POINT('Origin',(16.5,16.,6.5));
#3710=CARTESIAN_POINT('Origin',(16.5,16.,1.5));
#3711=CARTESIAN_POINT('',(13.5,16.,1.5));
#3712=CARTESIAN_POINT('Origin',(16.5,16.,1.5));
#3713=CARTESIAN_POINT('Origin',(16.5,16.,0.));
#3714=CARTESIAN_POINT('',(13.5,16.,0.));
#3715=CARTESIAN_POINT('Origin',(24.5,16.,1.5));
#3716=CARTESIAN_POINT('',(22.,16.,6.5));
#3717=CARTESIAN_POINT('Origin',(24.5,16.,6.5));
#3718=CARTESIAN_POINT('',(22.,16.,1.5));
#3719=CARTESIAN_POINT('',(22.,16.,1.5));
#3720=CARTESIAN_POINT('Origin',(24.5,16.,1.5));
#3721=CARTESIAN_POINT('Origin',(24.5,16.,6.5));
#3722=CARTESIAN_POINT('Origin',(24.5,16.,1.5));
#3723=CARTESIAN_POINT('',(21.5,16.,1.5));
#3724=CARTESIAN_POINT('Origin',(24.5,16.,1.5));
#3725=CARTESIAN_POINT('Origin',(24.5,16.,0.));
#3726=CARTESIAN_POINT('',(21.5,16.,0.));
#3727=CARTESIAN_POINT('Origin',(16.5,8.,1.5));
#3728=CARTESIAN_POINT('',(14.,8.,6.5));
#3729=CARTESIAN_POINT('Origin',(16.5,8.,6.5));
#3730=CARTESIAN_POINT('',(14.,8.,1.5));
#3731=CARTESIAN_POINT('',(14.,8.,1.5));
#3732=CARTESIAN_POINT('Origin',(16.5,8.,1.5));
#3733=CARTESIAN_POINT('Origin',(16.5,8.,6.5));
#3734=CARTESIAN_POINT('Origin',(16.5,8.,1.5));
#3735=CARTESIAN_POINT('',(13.5,8.,1.5));
#3736=CARTESIAN_POINT('Origin',(16.5,8.,1.5));
#3737=CARTESIAN_POINT('Origin',(16.5,8.,0.));
#3738=CARTESIAN_POINT('',(13.5,8.,0.));
#3739=CARTESIAN_POINT('Origin',(8.5,16.,1.5));
#3740=CARTESIAN_POINT('',(6.,16.,6.5));
#3741=CARTESIAN_POINT('Origin',(8.5,16.,6.5));
#3742=CARTESIAN_POINT('',(6.,16.,1.5));
#3743=CARTESIAN_POINT('',(6.,16.,1.5));
#3744=CARTESIAN_POINT('Origin',(8.5,16.,1.5));
#3745=CARTESIAN_POINT('Origin',(8.5,16.,6.5));
#3746=CARTESIAN_POINT('Origin',(8.5,16.,1.5));
#3747=CARTESIAN_POINT('',(5.5,16.,1.5));
#3748=CARTESIAN_POINT('Origin',(8.5,16.,1.5));
#3749=CARTESIAN_POINT('Origin',(8.5,16.,0.));
#3750=CARTESIAN_POINT('',(5.5,16.,0.));
#3751=CARTESIAN_POINT('Origin',(24.5,8.,1.5));
#3752=CARTESIAN_POINT('',(22.,8.,6.5));
#3753=CARTESIAN_POINT('Origin',(24.5,8.,6.5));
#3754=CARTESIAN_POINT('',(22.,8.,1.5));
#3755=CARTESIAN_POINT('',(22.,8.,1.5));
#3756=CARTESIAN_POINT('Origin',(24.5,8.,1.5));
#3757=CARTESIAN_POINT('Origin',(24.5,8.,6.5));
#3758=CARTESIAN_POINT('Origin',(24.5,8.,1.5));
#3759=CARTESIAN_POINT('',(21.5,8.,1.5));
#3760=CARTESIAN_POINT('Origin',(24.5,8.,1.5));
#3761=CARTESIAN_POINT('Origin',(24.5,8.,0.));
#3762=CARTESIAN_POINT('',(21.5,8.,0.));
#3763=CARTESIAN_POINT('Origin',(28.5,14.0000002086163,0.));
#3764=CARTESIAN_POINT('Origin',(31.,8.00000011920929,0.));
#3765=CARTESIAN_POINT('',(31.,8.00000011920929,0.));
#3766=CARTESIAN_POINT('Origin',(31.,10.0000001192093,0.));
#3767=CARTESIAN_POINT('Origin',(2.,14.0000002384186,0.));
#3768=CARTESIAN_POINT('',(2.,16.0000002384186,0.));
#3769=CARTESIAN_POINT('Origin',(2.,16.0000002384186,0.));
#3770=UNCERTAINTY_MEASURE_WITH_UNIT(LENGTH_MEASURE(0.01),#3774,
'DISTANCE_ACCURACY_VALUE',
'Maximum model space distance between geometric entities at asserted c
onnectivities');
#3771=UNCERTAINTY_MEASURE_WITH_UNIT(LENGTH_MEASURE(0.01),#3774,
'DISTANCE_ACCURACY_VALUE',
'Maximum model space distance between geometric entities at asserted c
onnectivities');
#3772=(
GEOMETRIC_REPRESENTATION_CONTEXT(3)
GLOBAL_UNCERTAINTY_ASSIGNED_CONTEXT((#3770))
GLOBAL_UNIT_ASSIGNED_CONTEXT((#3774,#3776,#3777))
REPRESENTATION_CONTEXT('','3D')
);
#3773=(
GEOMETRIC_REPRESENTATION_CONTEXT(3)
GLOBAL_UNCERTAINTY_ASSIGNED_CONTEXT((#3771))
GLOBAL_UNIT_ASSIGNED_CONTEXT((#3774,#3776,#3777))
REPRESENTATION_CONTEXT('','3D')
);
#3774=(
LENGTH_UNIT()
NAMED_UNIT(*)
SI_UNIT(.MILLI.,.METRE.)
);
#3775=(
LENGTH_UNIT()
NAMED_UNIT(*)
SI_UNIT($,.METRE.)
);
#3776=(
NAMED_UNIT(*)
PLANE_ANGLE_UNIT()
SI_UNIT($,.RADIAN.)
);
#3777=(
NAMED_UNIT(*)
SI_UNIT($,.STERADIAN.)
SOLID_ANGLE_UNIT()
);
#3778=SHAPE_DEFINITION_REPRESENTATION(#3779,#3780);
#3779=PRODUCT_DEFINITION_SHAPE('',$,#3782);
#3780=SHAPE_REPRESENTATION('',(#2073),#3772);
#3781=PRODUCT_DEFINITION_CONTEXT('part definition',#3786,'design');
#3782=PRODUCT_DEFINITION('PIR','PIR v3',#3783,#3781);
#3783=PRODUCT_DEFINITION_FORMATION('',$,#3788);
#3784=PRODUCT_RELATED_PRODUCT_CATEGORY('PIR v3','PIR v3',(#3788));
#3785=APPLICATION_PROTOCOL_DEFINITION('international standard',
'automotive_design',2009,#3786);
#3786=APPLICATION_CONTEXT(
'Core Data for Automotive Mechanical Design Process');
#3787=PRODUCT_CONTEXT('part definition',#3786,'mechanical');
#3788=PRODUCT('PIR','PIR v3',$,(#3787));
#3789=PRESENTATION_STYLE_ASSIGNMENT((#3790));
#3790=SURFACE_STYLE_USAGE(.BOTH.,#3791);
#3791=SURFACE_SIDE_STYLE('',(#3792));
#3792=SURFACE_STYLE_FILL_AREA(#3793);
#3793=FILL_AREA_STYLE('Steel - Satin',(#3794));
#3794=FILL_AREA_STYLE_COLOUR('Steel - Satin',#3795);
#3795=COLOUR_RGB('Steel - Satin',0.627450980392157,0.627450980392157,0.627450980392157);
ENDSEC;
END-ISO-10303-21;
