ISO-10303-21;
HEADER;
/* Generated by software containing ST-Developer
 * from STEP Tools, Inc. (www.steptools.com) 
 */

FILE_DESCRIPTION(
/* description */ (''),
/* implementation_level */ '2;1');

FILE_NAME(
/* name */ 'semafor.step',
/* time_stamp */ '2024-11-18T08:33:03+01:00',
/* author */ (''),
/* organization */ (''),
/* preprocessor_version */ 'ST-DEVELOPER v20',
/* originating_system */ 'Autodesk Translation Framework v13.20.0.188',

/* authorisation */ '');

FILE_SCHEMA (('AUTOMOTIVE_DESIGN { 1 0 10303 214 3 1 1 }'));
ENDSEC;

DATA;
#10=MECHANICAL_DESIGN_GEOMETRIC_PRESENTATION_REPRESENTATION('',(#13),#3731);
#11=SHAPE_REPRESENTATION_RELATIONSHIP('SRR','None',#3738,#12);
#12=ADVANCED_BREP_SHAPE_REPRESENTATION('',(#14),#3730);
#13=STYLED_ITEM('',(#3747),#14);
#14=MANIFOLD_SOLID_BREP('Body1',#2068);
#15=CYLINDRICAL_SURFACE('',#2232,3.);
#16=CYLINDRICAL_SURFACE('',#2234,3.);
#17=CYLINDRICAL_SURFACE('',#2241,2.);
#18=CYLINDRICAL_SURFACE('',#2246,2.);
#19=CYLINDRICAL_SURFACE('',#2251,2.);
#20=CYLINDRICAL_SURFACE('',#2252,0.5);
#21=CYLINDRICAL_SURFACE('',#2257,2.);
#22=CYLINDRICAL_SURFACE('',#2262,2.);
#23=CYLINDRICAL_SURFACE('',#2263,0.5);
#24=CYLINDRICAL_SURFACE('',#2268,2.);
#25=CYLINDRICAL_SURFACE('',#2269,0.5);
#26=CYLINDRICAL_SURFACE('',#2275,0.5);
#27=CYLINDRICAL_SURFACE('',#2276,0.5);
#28=CYLINDRICAL_SURFACE('',#2277,0.5);
#29=CYLINDRICAL_SURFACE('',#2278,0.5);
#30=CYLINDRICAL_SURFACE('',#2282,4.);
#31=CYLINDRICAL_SURFACE('',#2284,2.5);
#32=CYLINDRICAL_SURFACE('',#2290,3.);
#33=CYLINDRICAL_SURFACE('',#2291,2.5);
#34=CYLINDRICAL_SURFACE('',#2297,3.);
#35=FACE_BOUND('',#373,.T.);
#36=FACE_BOUND('',#374,.T.);
#37=FACE_BOUND('',#375,.T.);
#38=FACE_BOUND('',#376,.T.);
#39=FACE_BOUND('',#379,.T.);
#40=FACE_BOUND('',#380,.T.);
#41=FACE_BOUND('',#410,.T.);
#42=FACE_BOUND('',#412,.T.);
#43=FACE_BOUND('',#416,.T.);
#44=FACE_BOUND('',#418,.T.);
#45=TOROIDAL_SURFACE('',#2166,1.98284438740354,0.5);
#46=TOROIDAL_SURFACE('',#2205,1.98284438740354,0.5);
#47=TOROIDAL_SURFACE('',#2218,3.5,0.5);
#48=TOROIDAL_SURFACE('',#2237,1.5,0.5);
#49=TOROIDAL_SURFACE('',#2242,1.5,0.5);
#50=TOROIDAL_SURFACE('',#2247,1.5,0.5);
#51=TOROIDAL_SURFACE('',#2253,1.5,0.499999999999998);
#52=TOROIDAL_SURFACE('',#2258,2.5,0.5);
#53=TOROIDAL_SURFACE('',#2264,2.5,0.5);
#54=TOROIDAL_SURFACE('',#2271,3.5,0.5);
#55=CIRCLE('',#2131,1.48314897389399);
#56=CIRCLE('',#2132,1.22063384406602);
#57=CIRCLE('',#2134,1.48314897389399);
#58=CIRCLE('',#2135,1.22063384406602);
#59=CIRCLE('',#2137,1.48314897389399);
#60=CIRCLE('',#2138,1.22063384406602);
#61=CIRCLE('',#2140,1.48314897389399);
#62=CIRCLE('',#2141,1.22063384406602);
#63=CIRCLE('',#2143,1.48314897389399);
#64=CIRCLE('',#2144,1.22063384406602);
#65=CIRCLE('',#2146,1.48314897389399);
#66=CIRCLE('',#2147,1.22063384406602);
#67=CIRCLE('',#2149,1.48314897389399);
#68=CIRCLE('',#2150,1.22063384406602);
#69=CIRCLE('',#2152,1.48314897389399);
#70=CIRCLE('',#2153,1.22063384406602);
#71=CIRCLE('',#2155,1.48314897389399);
#72=CIRCLE('',#2156,1.22063384406602);
#73=CIRCLE('',#2158,1.48314897389399);
#74=CIRCLE('',#2159,1.22063384406602);
#75=CIRCLE('',#2161,1.22063384406602);
#76=CIRCLE('',#2162,1.48314897389399);
#77=CIRCLE('',#2164,1.48314897389399);
#78=CIRCLE('',#2165,1.22063384406602);
#79=CIRCLE('',#2167,1.98284438740354);
#80=CIRCLE('',#2168,0.5);
#81=CIRCLE('',#2170,1.48314897389399);
#82=CIRCLE('',#2171,1.22063384406602);
#83=CIRCLE('',#2173,1.48314897389399);
#84=CIRCLE('',#2174,1.22063384406602);
#85=CIRCLE('',#2176,1.48314897389399);
#86=CIRCLE('',#2177,1.22063384406602);
#87=CIRCLE('',#2179,1.48314897389399);
#88=CIRCLE('',#2180,1.22063384406602);
#89=CIRCLE('',#2182,1.48314897389399);
#90=CIRCLE('',#2183,1.22063384406602);
#91=CIRCLE('',#2185,1.48314897389399);
#92=CIRCLE('',#2186,1.22063384406602);
#93=CIRCLE('',#2188,1.48314897389399);
#94=CIRCLE('',#2189,1.22063384406602);
#95=CIRCLE('',#2191,1.48314897389399);
#96=CIRCLE('',#2192,1.22063384406602);
#97=CIRCLE('',#2194,1.48314897389399);
#98=CIRCLE('',#2195,1.22063384406602);
#99=CIRCLE('',#2197,1.48314897389399);
#100=CIRCLE('',#2198,1.22063384406602);
#101=CIRCLE('',#2200,1.22063384406602);
#102=CIRCLE('',#2201,1.48314897389399);
#103=CIRCLE('',#2203,1.48314897389399);
#104=CIRCLE('',#2204,1.22063384406602);
#105=CIRCLE('',#2206,1.98284438740354);
#106=CIRCLE('',#2207,0.5);
#107=CIRCLE('',#2209,2.);
#108=CIRCLE('',#2210,2.);
#109=CIRCLE('',#2211,2.);
#110=CIRCLE('',#2212,4.);
#111=CIRCLE('',#2213,2.);
#112=CIRCLE('',#2214,2.);
#113=CIRCLE('',#2215,2.);
#114=CIRCLE('',#2216,3.);
#115=CIRCLE('',#2217,3.);
#116=CIRCLE('',#2219,3.5);
#117=CIRCLE('',#2220,0.5);
#118=CIRCLE('',#2221,3.);
#119=CIRCLE('',#2222,3.);
#120=CIRCLE('',#2223,3.5);
#121=CIRCLE('',#2225,3.5);
#122=CIRCLE('',#2226,2.5);
#123=CIRCLE('',#2227,1.5);
#124=CIRCLE('',#2228,1.5);
#125=CIRCLE('',#2229,1.5);
#126=CIRCLE('',#2230,1.5);
#127=CIRCLE('',#2231,2.5);
#128=CIRCLE('',#2233,3.);
#129=CIRCLE('',#2235,3.);
#130=CIRCLE('',#2236,3.);
#131=CIRCLE('',#2238,0.5);
#132=CIRCLE('',#2239,2.);
#133=CIRCLE('',#2240,0.5);
#134=CIRCLE('',#2243,0.5);
#135=CIRCLE('',#2244,2.);
#136=CIRCLE('',#2245,0.5);
#137=CIRCLE('',#2248,0.5);
#138=CIRCLE('',#2249,2.);
#139=CIRCLE('',#2250,0.5);
#140=CIRCLE('',#2254,0.499999999999998);
#141=CIRCLE('',#2255,2.);
#142=CIRCLE('',#2256,0.5);
#143=CIRCLE('',#2259,0.5);
#144=CIRCLE('',#2260,2.);
#145=CIRCLE('',#2261,0.5);
#146=CIRCLE('',#2265,0.5);
#147=CIRCLE('',#2266,2.);
#148=CIRCLE('',#2267,0.5);
#149=CIRCLE('',#2270,0.5);
#150=CIRCLE('',#2272,0.5);
#151=CIRCLE('',#2273,4.);
#152=CIRCLE('',#2274,0.499999999999999);
#153=CIRCLE('',#2285,2.5);
#154=CIRCLE('',#2286,2.5);
#155=CIRCLE('',#2289,3.);
#156=CIRCLE('',#2292,2.5);
#157=CIRCLE('',#2293,2.5);
#158=CIRCLE('',#2296,3.);
#159=CONICAL_SURFACE('',#2130,1.5,0.0349065850398866);
#160=CONICAL_SURFACE('',#2133,1.5,0.0349065850398866);
#161=CONICAL_SURFACE('',#2136,1.5,0.0349065850398866);
#162=CONICAL_SURFACE('',#2139,1.5,0.0349065850398866);
#163=CONICAL_SURFACE('',#2142,1.5,0.0349065850398866);
#164=CONICAL_SURFACE('',#2145,1.5,0.0349065850398866);
#165=CONICAL_SURFACE('',#2148,1.5,0.0349065850398866);
#166=CONICAL_SURFACE('',#2151,1.5,0.0349065850398866);
#167=CONICAL_SURFACE('',#2154,1.5,0.0349065850398866);
#168=CONICAL_SURFACE('',#2157,1.5,0.0349065850398866);
#169=CONICAL_SURFACE('',#2160,1.5,0.0349065850398866);
#170=CONICAL_SURFACE('',#2163,1.5,0.0349065850398866);
#171=CONICAL_SURFACE('',#2169,1.5,0.0349065850398866);
#172=CONICAL_SURFACE('',#2172,1.5,0.0349065850398866);
#173=CONICAL_SURFACE('',#2175,1.5,0.0349065850398866);
#174=CONICAL_SURFACE('',#2178,1.5,0.0349065850398866);
#175=CONICAL_SURFACE('',#2181,1.5,0.0349065850398866);
#176=CONICAL_SURFACE('',#2184,1.5,0.0349065850398866);
#177=CONICAL_SURFACE('',#2187,1.5,0.0349065850398866);
#178=CONICAL_SURFACE('',#2190,1.5,0.0349065850398866);
#179=CONICAL_SURFACE('',#2193,1.5,0.0349065850398866);
#180=CONICAL_SURFACE('',#2196,1.5,0.0349065850398866);
#181=CONICAL_SURFACE('',#2199,1.5,0.0349065850398866);
#182=CONICAL_SURFACE('',#2202,1.5,0.0349065850398866);
#183=FACE_OUTER_BOUND('',#298,.T.);
#184=FACE_OUTER_BOUND('',#299,.T.);
#185=FACE_OUTER_BOUND('',#300,.T.);
#186=FACE_OUTER_BOUND('',#301,.T.);
#187=FACE_OUTER_BOUND('',#302,.T.);
#188=FACE_OUTER_BOUND('',#303,.T.);
#189=FACE_OUTER_BOUND('',#304,.T.);
#190=FACE_OUTER_BOUND('',#305,.T.);
#191=FACE_OUTER_BOUND('',#306,.T.);
#192=FACE_OUTER_BOUND('',#307,.T.);
#193=FACE_OUTER_BOUND('',#308,.T.);
#194=FACE_OUTER_BOUND('',#309,.T.);
#195=FACE_OUTER_BOUND('',#310,.T.);
#196=FACE_OUTER_BOUND('',#311,.T.);
#197=FACE_OUTER_BOUND('',#312,.T.);
#198=FACE_OUTER_BOUND('',#313,.T.);
#199=FACE_OUTER_BOUND('',#314,.T.);
#200=FACE_OUTER_BOUND('',#315,.T.);
#201=FACE_OUTER_BOUND('',#316,.T.);
#202=FACE_OUTER_BOUND('',#317,.T.);
#203=FACE_OUTER_BOUND('',#318,.T.);
#204=FACE_OUTER_BOUND('',#319,.T.);
#205=FACE_OUTER_BOUND('',#320,.T.);
#206=FACE_OUTER_BOUND('',#321,.T.);
#207=FACE_OUTER_BOUND('',#322,.T.);
#208=FACE_OUTER_BOUND('',#323,.T.);
#209=FACE_OUTER_BOUND('',#324,.T.);
#210=FACE_OUTER_BOUND('',#325,.T.);
#211=FACE_OUTER_BOUND('',#326,.T.);
#212=FACE_OUTER_BOUND('',#327,.T.);
#213=FACE_OUTER_BOUND('',#328,.T.);
#214=FACE_OUTER_BOUND('',#329,.T.);
#215=FACE_OUTER_BOUND('',#330,.T.);
#216=FACE_OUTER_BOUND('',#331,.T.);
#217=FACE_OUTER_BOUND('',#332,.T.);
#218=FACE_OUTER_BOUND('',#333,.T.);
#219=FACE_OUTER_BOUND('',#334,.T.);
#220=FACE_OUTER_BOUND('',#335,.T.);
#221=FACE_OUTER_BOUND('',#336,.T.);
#222=FACE_OUTER_BOUND('',#337,.T.);
#223=FACE_OUTER_BOUND('',#338,.T.);
#224=FACE_OUTER_BOUND('',#339,.T.);
#225=FACE_OUTER_BOUND('',#340,.T.);
#226=FACE_OUTER_BOUND('',#341,.T.);
#227=FACE_OUTER_BOUND('',#342,.T.);
#228=FACE_OUTER_BOUND('',#343,.T.);
#229=FACE_OUTER_BOUND('',#344,.T.);
#230=FACE_OUTER_BOUND('',#345,.T.);
#231=FACE_OUTER_BOUND('',#346,.T.);
#232=FACE_OUTER_BOUND('',#347,.T.);
#233=FACE_OUTER_BOUND('',#348,.T.);
#234=FACE_OUTER_BOUND('',#349,.T.);
#235=FACE_OUTER_BOUND('',#350,.T.);
#236=FACE_OUTER_BOUND('',#351,.T.);
#237=FACE_OUTER_BOUND('',#352,.T.);
#238=FACE_OUTER_BOUND('',#353,.T.);
#239=FACE_OUTER_BOUND('',#354,.T.);
#240=FACE_OUTER_BOUND('',#355,.T.);
#241=FACE_OUTER_BOUND('',#356,.T.);
#242=FACE_OUTER_BOUND('',#357,.T.);
#243=FACE_OUTER_BOUND('',#358,.T.);
#244=FACE_OUTER_BOUND('',#359,.T.);
#245=FACE_OUTER_BOUND('',#360,.T.);
#246=FACE_OUTER_BOUND('',#361,.T.);
#247=FACE_OUTER_BOUND('',#362,.T.);
#248=FACE_OUTER_BOUND('',#363,.T.);
#249=FACE_OUTER_BOUND('',#364,.T.);
#250=FACE_OUTER_BOUND('',#365,.T.);
#251=FACE_OUTER_BOUND('',#366,.T.);
#252=FACE_OUTER_BOUND('',#367,.T.);
#253=FACE_OUTER_BOUND('',#368,.T.);
#254=FACE_OUTER_BOUND('',#369,.T.);
#255=FACE_OUTER_BOUND('',#370,.T.);
#256=FACE_OUTER_BOUND('',#371,.T.);
#257=FACE_OUTER_BOUND('',#372,.T.);
#258=FACE_OUTER_BOUND('',#377,.T.);
#259=FACE_OUTER_BOUND('',#378,.T.);
#260=FACE_OUTER_BOUND('',#381,.T.);
#261=FACE_OUTER_BOUND('',#382,.T.);
#262=FACE_OUTER_BOUND('',#383,.T.);
#263=FACE_OUTER_BOUND('',#384,.T.);
#264=FACE_OUTER_BOUND('',#385,.T.);
#265=FACE_OUTER_BOUND('',#386,.T.);
#266=FACE_OUTER_BOUND('',#387,.T.);
#267=FACE_OUTER_BOUND('',#388,.T.);
#268=FACE_OUTER_BOUND('',#389,.T.);
#269=FACE_OUTER_BOUND('',#390,.T.);
#270=FACE_OUTER_BOUND('',#391,.T.);
#271=FACE_OUTER_BOUND('',#392,.T.);
#272=FACE_OUTER_BOUND('',#393,.T.);
#273=FACE_OUTER_BOUND('',#394,.T.);
#274=FACE_OUTER_BOUND('',#395,.T.);
#275=FACE_OUTER_BOUND('',#396,.T.);
#276=FACE_OUTER_BOUND('',#397,.T.);
#277=FACE_OUTER_BOUND('',#398,.T.);
#278=FACE_OUTER_BOUND('',#399,.T.);
#279=FACE_OUTER_BOUND('',#400,.T.);
#280=FACE_OUTER_BOUND('',#401,.T.);
#281=FACE_OUTER_BOUND('',#402,.T.);
#282=FACE_OUTER_BOUND('',#403,.T.);
#283=FACE_OUTER_BOUND('',#404,.T.);
#284=FACE_OUTER_BOUND('',#405,.T.);
#285=FACE_OUTER_BOUND('',#406,.T.);
#286=FACE_OUTER_BOUND('',#407,.T.);
#287=FACE_OUTER_BOUND('',#408,.T.);
#288=FACE_OUTER_BOUND('',#409,.T.);
#289=FACE_OUTER_BOUND('',#411,.T.);
#290=FACE_OUTER_BOUND('',#413,.T.);
#291=FACE_OUTER_BOUND('',#414,.T.);
#292=FACE_OUTER_BOUND('',#415,.T.);
#293=FACE_OUTER_BOUND('',#417,.T.);
#294=FACE_OUTER_BOUND('',#419,.T.);
#295=FACE_OUTER_BOUND('',#420,.T.);
#296=FACE_OUTER_BOUND('',#421,.T.);
#297=FACE_OUTER_BOUND('',#422,.T.);
#298=EDGE_LOOP('',(#1264,#1265,#1266,#1267));
#299=EDGE_LOOP('',(#1268,#1269,#1270,#1271));
#300=EDGE_LOOP('',(#1272,#1273,#1274,#1275));
#301=EDGE_LOOP('',(#1276,#1277,#1278,#1279));
#302=EDGE_LOOP('',(#1280,#1281,#1282,#1283));
#303=EDGE_LOOP('',(#1284,#1285,#1286,#1287));
#304=EDGE_LOOP('',(#1288,#1289,#1290,#1291));
#305=EDGE_LOOP('',(#1292,#1293,#1294,#1295));
#306=EDGE_LOOP('',(#1296,#1297,#1298,#1299));
#307=EDGE_LOOP('',(#1300,#1301,#1302,#1303));
#308=EDGE_LOOP('',(#1304,#1305,#1306,#1307));
#309=EDGE_LOOP('',(#1308,#1309,#1310,#1311));
#310=EDGE_LOOP('',(#1312,#1313,#1314,#1315));
#311=EDGE_LOOP('',(#1316,#1317,#1318,#1319));
#312=EDGE_LOOP('',(#1320,#1321,#1322,#1323));
#313=EDGE_LOOP('',(#1324,#1325,#1326,#1327));
#314=EDGE_LOOP('',(#1328,#1329,#1330,#1331));
#315=EDGE_LOOP('',(#1332,#1333,#1334,#1335));
#316=EDGE_LOOP('',(#1336,#1337,#1338,#1339));
#317=EDGE_LOOP('',(#1340,#1341,#1342,#1343));
#318=EDGE_LOOP('',(#1344,#1345,#1346,#1347));
#319=EDGE_LOOP('',(#1348,#1349,#1350,#1351));
#320=EDGE_LOOP('',(#1352,#1353,#1354,#1355));
#321=EDGE_LOOP('',(#1356,#1357,#1358,#1359));
#322=EDGE_LOOP('',(#1360,#1361,#1362,#1363));
#323=EDGE_LOOP('',(#1364,#1365,#1366,#1367));
#324=EDGE_LOOP('',(#1368,#1369,#1370,#1371));
#325=EDGE_LOOP('',(#1372,#1373,#1374,#1375));
#326=EDGE_LOOP('',(#1376,#1377,#1378,#1379));
#327=EDGE_LOOP('',(#1380,#1381,#1382,#1383));
#328=EDGE_LOOP('',(#1384,#1385,#1386,#1387));
#329=EDGE_LOOP('',(#1388,#1389,#1390,#1391));
#330=EDGE_LOOP('',(#1392,#1393,#1394,#1395));
#331=EDGE_LOOP('',(#1396,#1397,#1398,#1399));
#332=EDGE_LOOP('',(#1400,#1401,#1402,#1403));
#333=EDGE_LOOP('',(#1404,#1405,#1406,#1407));
#334=EDGE_LOOP('',(#1408,#1409,#1410,#1411));
#335=EDGE_LOOP('',(#1412,#1413,#1414,#1415));
#336=EDGE_LOOP('',(#1416,#1417,#1418,#1419));
#337=EDGE_LOOP('',(#1420,#1421,#1422,#1423));
#338=EDGE_LOOP('',(#1424,#1425,#1426,#1427));
#339=EDGE_LOOP('',(#1428,#1429,#1430,#1431));
#340=EDGE_LOOP('',(#1432,#1433,#1434,#1435));
#341=EDGE_LOOP('',(#1436,#1437,#1438,#1439));
#342=EDGE_LOOP('',(#1440,#1441,#1442,#1443));
#343=EDGE_LOOP('',(#1444,#1445,#1446,#1447));
#344=EDGE_LOOP('',(#1448,#1449,#1450,#1451));
#345=EDGE_LOOP('',(#1452,#1453,#1454,#1455));
#346=EDGE_LOOP('',(#1456,#1457,#1458,#1459));
#347=EDGE_LOOP('',(#1460,#1461,#1462,#1463));
#348=EDGE_LOOP('',(#1464,#1465,#1466,#1467));
#349=EDGE_LOOP('',(#1468,#1469,#1470,#1471));
#350=EDGE_LOOP('',(#1472,#1473,#1474,#1475));
#351=EDGE_LOOP('',(#1476,#1477,#1478,#1479));
#352=EDGE_LOOP('',(#1480,#1481,#1482,#1483));
#353=EDGE_LOOP('',(#1484,#1485,#1486,#1487));
#354=EDGE_LOOP('',(#1488,#1489,#1490,#1491));
#355=EDGE_LOOP('',(#1492,#1493,#1494,#1495));
#356=EDGE_LOOP('',(#1496,#1497,#1498,#1499));
#357=EDGE_LOOP('',(#1500,#1501,#1502,#1503));
#358=EDGE_LOOP('',(#1504,#1505,#1506,#1507,#1508,#1509,#1510,#1511,#1512,
#1513,#1514,#1515,#1516,#1517,#1518,#1519,#1520,#1521,#1522,#1523,#1524,
#1525,#1526,#1527,#1528,#1529,#1530,#1531,#1532,#1533,#1534,#1535,#1536,
#1537,#1538,#1539,#1540,#1541,#1542));
#359=EDGE_LOOP('',(#1543,#1544,#1545,#1546));
#360=EDGE_LOOP('',(#1547,#1548,#1549,#1550));
#361=EDGE_LOOP('',(#1551,#1552,#1553,#1554));
#362=EDGE_LOOP('',(#1555,#1556,#1557,#1558));
#363=EDGE_LOOP('',(#1559,#1560,#1561,#1562));
#364=EDGE_LOOP('',(#1563,#1564,#1565,#1566));
#365=EDGE_LOOP('',(#1567,#1568,#1569,#1570));
#366=EDGE_LOOP('',(#1571,#1572,#1573,#1574));
#367=EDGE_LOOP('',(#1575,#1576,#1577,#1578));
#368=EDGE_LOOP('',(#1579,#1580,#1581,#1582));
#369=EDGE_LOOP('',(#1583,#1584,#1585,#1586));
#370=EDGE_LOOP('',(#1587,#1588,#1589,#1590));
#371=EDGE_LOOP('',(#1591,#1592,#1593,#1594,#1595,#1596,#1597,#1598,#1599,
#1600,#1601,#1602,#1603,#1604,#1605,#1606,#1607,#1608,#1609,#1610,#1611,
#1612,#1613,#1614,#1615,#1616,#1617,#1618,#1619,#1620,#1621,#1622,#1623,
#1624,#1625,#1626,#1627,#1628,#1629));
#372=EDGE_LOOP('',(#1630,#1631,#1632,#1633,#1634,#1635,#1636,#1637,#1638,
#1639,#1640,#1641,#1642,#1643));
#373=EDGE_LOOP('',(#1644));
#374=EDGE_LOOP('',(#1645));
#375=EDGE_LOOP('',(#1646));
#376=EDGE_LOOP('',(#1647));
#377=EDGE_LOOP('',(#1648,#1649,#1650,#1651,#1652,#1653));
#378=EDGE_LOOP('',(#1654,#1655,#1656,#1657,#1658,#1659,#1660,#1661,#1662,
#1663,#1664,#1665,#1666,#1667,#1668,#1669,#1670));
#379=EDGE_LOOP('',(#1671,#1672,#1673,#1674,#1675,#1676,#1677,#1678,#1679,
#1680,#1681,#1682,#1683,#1684,#1685,#1686,#1687,#1688,#1689,#1690,#1691,
#1692,#1693,#1694,#1695,#1696,#1697,#1698,#1699,#1700,#1701,#1702,#1703,
#1704,#1705,#1706));
#380=EDGE_LOOP('',(#1707,#1708,#1709,#1710,#1711,#1712,#1713,#1714,#1715,
#1716,#1717,#1718,#1719,#1720,#1721,#1722,#1723,#1724,#1725,#1726,#1727,
#1728,#1729,#1730,#1731,#1732,#1733,#1734,#1735,#1736,#1737,#1738,#1739,
#1740,#1741,#1742));
#381=EDGE_LOOP('',(#1743,#1744,#1745,#1746,#1747));
#382=EDGE_LOOP('',(#1748,#1749,#1750,#1751));
#383=EDGE_LOOP('',(#1752,#1753,#1754,#1755));
#384=EDGE_LOOP('',(#1756,#1757,#1758,#1759));
#385=EDGE_LOOP('',(#1760,#1761,#1762,#1763));
#386=EDGE_LOOP('',(#1764,#1765,#1766,#1767));
#387=EDGE_LOOP('',(#1768,#1769,#1770,#1771));
#388=EDGE_LOOP('',(#1772,#1773,#1774,#1775));
#389=EDGE_LOOP('',(#1776,#1777,#1778,#1779));
#390=EDGE_LOOP('',(#1780,#1781,#1782,#1783));
#391=EDGE_LOOP('',(#1784,#1785,#1786,#1787));
#392=EDGE_LOOP('',(#1788,#1789,#1790,#1791));
#393=EDGE_LOOP('',(#1792,#1793,#1794,#1795));
#394=EDGE_LOOP('',(#1796,#1797,#1798,#1799));
#395=EDGE_LOOP('',(#1800,#1801,#1802,#1803));
#396=EDGE_LOOP('',(#1804,#1805,#1806,#1807));
#397=EDGE_LOOP('',(#1808,#1809,#1810,#1811));
#398=EDGE_LOOP('',(#1812,#1813,#1814,#1815,#1816,#1817,#1818));
#399=EDGE_LOOP('',(#1819,#1820,#1821,#1822));
#400=EDGE_LOOP('',(#1823,#1824,#1825,#1826));
#401=EDGE_LOOP('',(#1827,#1828,#1829,#1830));
#402=EDGE_LOOP('',(#1831,#1832,#1833,#1834,#1835));
#403=EDGE_LOOP('',(#1836,#1837,#1838,#1839));
#404=EDGE_LOOP('',(#1840,#1841,#1842,#1843));
#405=EDGE_LOOP('',(#1844,#1845,#1846,#1847));
#406=EDGE_LOOP('',(#1848,#1849,#1850,#1851));
#407=EDGE_LOOP('',(#1852,#1853,#1854,#1855));
#408=EDGE_LOOP('',(#1856,#1857,#1858,#1859));
#409=EDGE_LOOP('',(#1860));
#410=EDGE_LOOP('',(#1861));
#411=EDGE_LOOP('',(#1862));
#412=EDGE_LOOP('',(#1863));
#413=EDGE_LOOP('',(#1864,#1865,#1866,#1867));
#414=EDGE_LOOP('',(#1868,#1869,#1870,#1871));
#415=EDGE_LOOP('',(#1872));
#416=EDGE_LOOP('',(#1873));
#417=EDGE_LOOP('',(#1874));
#418=EDGE_LOOP('',(#1875));
#419=EDGE_LOOP('',(#1876,#1877,#1878,#1879));
#420=EDGE_LOOP('',(#1880,#1881,#1882,#1883));
#421=EDGE_LOOP('',(#1884,#1885,#1886,#1887));
#422=EDGE_LOOP('',(#1888,#1889,#1890,#1891));
#423=B_SPLINE_CURVE_WITH_KNOTS('',3,(#2866,#2867,#2868,#2869),
 .UNSPECIFIED.,.F.,.F.,(4,4),(0.156246605567963,0.166888379314286),
 .UNSPECIFIED.);
#424=B_SPLINE_CURVE_WITH_KNOTS('',3,(#2880,#2881,#2882,#2883),
 .UNSPECIFIED.,.F.,.F.,(4,4),(0.156246605567963,0.166888379314286),
 .UNSPECIFIED.);
#425=B_SPLINE_CURVE_WITH_KNOTS('',3,(#2894,#2895,#2896,#2897),
 .UNSPECIFIED.,.F.,.F.,(4,4),(0.156246605567963,0.166888379314286),
 .UNSPECIFIED.);
#426=B_SPLINE_CURVE_WITH_KNOTS('',3,(#2908,#2909,#2910,#2911),
 .UNSPECIFIED.,.F.,.F.,(4,4),(0.156246605567963,0.166888379314286),
 .UNSPECIFIED.);
#427=B_SPLINE_CURVE_WITH_KNOTS('',3,(#2922,#2923,#2924,#2925),
 .UNSPECIFIED.,.F.,.F.,(4,4),(0.156246605567963,0.166888379314286),
 .UNSPECIFIED.);
#428=B_SPLINE_CURVE_WITH_KNOTS('',3,(#2936,#2937,#2938,#2939),
 .UNSPECIFIED.,.F.,.F.,(4,4),(0.156246605567963,0.166888379314286),
 .UNSPECIFIED.);
#429=B_SPLINE_CURVE_WITH_KNOTS('',3,(#2950,#2951,#2952,#2953),
 .UNSPECIFIED.,.F.,.F.,(4,4),(0.156246605567963,0.166888379314286),
 .UNSPECIFIED.);
#430=B_SPLINE_CURVE_WITH_KNOTS('',3,(#2964,#2965,#2966,#2967),
 .UNSPECIFIED.,.F.,.F.,(4,4),(0.156246605567963,0.166888379314286),
 .UNSPECIFIED.);
#431=B_SPLINE_CURVE_WITH_KNOTS('',3,(#2978,#2979,#2980,#2981),
 .UNSPECIFIED.,.F.,.F.,(4,4),(0.156246605567963,0.166888379314286),
 .UNSPECIFIED.);
#432=B_SPLINE_CURVE_WITH_KNOTS('',3,(#2992,#2993,#2994,#2995),
 .UNSPECIFIED.,.F.,.F.,(4,4),(0.156246605567963,0.166888379314286),
 .UNSPECIFIED.);
#433=B_SPLINE_CURVE_WITH_KNOTS('',3,(#3006,#3007,#3008,#3009),
 .UNSPECIFIED.,.F.,.F.,(4,4),(0.156246605567963,0.166888379314286),
 .UNSPECIFIED.);
#434=B_SPLINE_CURVE_WITH_KNOTS('',3,(#3020,#3021,#3022,#3023),
 .UNSPECIFIED.,.F.,.F.,(4,4),(0.156246605567963,0.166888379314286),
 .UNSPECIFIED.);
#435=B_SPLINE_CURVE_WITH_KNOTS('',3,(#3030,#3031,#3032,#3033),
 .UNSPECIFIED.,.F.,.F.,(4,4),(0.142167793285848,0.152809567032171),
 .UNSPECIFIED.);
#436=B_SPLINE_CURVE_WITH_KNOTS('',3,(#3041,#3042,#3043,#3044),
 .UNSPECIFIED.,.F.,.F.,(4,4),(0.142167793285848,0.152809567032171),
 .UNSPECIFIED.);
#437=B_SPLINE_CURVE_WITH_KNOTS('',3,(#3052,#3053,#3054,#3055),
 .UNSPECIFIED.,.F.,.F.,(4,4),(0.142167793285848,0.152809567032171),
 .UNSPECIFIED.);
#438=B_SPLINE_CURVE_WITH_KNOTS('',3,(#3063,#3064,#3065,#3066),
 .UNSPECIFIED.,.F.,.F.,(4,4),(0.142167793285848,0.152809567032171),
 .UNSPECIFIED.);
#439=B_SPLINE_CURVE_WITH_KNOTS('',3,(#3074,#3075,#3076,#3077),
 .UNSPECIFIED.,.F.,.F.,(4,4),(0.142167793285848,0.152809567032171),
 .UNSPECIFIED.);
#440=B_SPLINE_CURVE_WITH_KNOTS('',3,(#3085,#3086,#3087,#3088),
 .UNSPECIFIED.,.F.,.F.,(4,4),(0.142167793285848,0.152809567032171),
 .UNSPECIFIED.);
#441=B_SPLINE_CURVE_WITH_KNOTS('',3,(#3096,#3097,#3098,#3099),
 .UNSPECIFIED.,.F.,.F.,(4,4),(0.142167793285848,0.152809567032171),
 .UNSPECIFIED.);
#442=B_SPLINE_CURVE_WITH_KNOTS('',3,(#3107,#3108,#3109,#3110),
 .UNSPECIFIED.,.F.,.F.,(4,4),(0.142167793285848,0.152809567032171),
 .UNSPECIFIED.);
#443=B_SPLINE_CURVE_WITH_KNOTS('',3,(#3118,#3119,#3120,#3121),
 .UNSPECIFIED.,.F.,.F.,(4,4),(0.142167793285848,0.152809567032171),
 .UNSPECIFIED.);
#444=B_SPLINE_CURVE_WITH_KNOTS('',3,(#3129,#3130,#3131,#3132),
 .UNSPECIFIED.,.F.,.F.,(4,4),(0.142167793285848,0.152809567032171),
 .UNSPECIFIED.);
#445=B_SPLINE_CURVE_WITH_KNOTS('',3,(#3140,#3141,#3142,#3143),
 .UNSPECIFIED.,.F.,.F.,(4,4),(0.142167793285848,0.152809567032171),
 .UNSPECIFIED.);
#446=B_SPLINE_CURVE_WITH_KNOTS('',3,(#3151,#3152,#3153,#3154),
 .UNSPECIFIED.,.F.,.F.,(4,4),(0.142167793285848,0.152809567032171),
 .UNSPECIFIED.);
#447=B_SPLINE_CURVE_WITH_KNOTS('',3,(#3166,#3167,#3168,#3169),
 .UNSPECIFIED.,.F.,.F.,(4,4),(0.156246605567963,0.166888379314285),
 .UNSPECIFIED.);
#448=B_SPLINE_CURVE_WITH_KNOTS('',3,(#3180,#3181,#3182,#3183),
 .UNSPECIFIED.,.F.,.F.,(4,4),(0.156246605567964,0.166888379314285),
 .UNSPECIFIED.);
#449=B_SPLINE_CURVE_WITH_KNOTS('',3,(#3194,#3195,#3196,#3197),
 .UNSPECIFIED.,.F.,.F.,(4,4),(0.156246605567963,0.166888379314286),
 .UNSPECIFIED.);
#450=B_SPLINE_CURVE_WITH_KNOTS('',3,(#3208,#3209,#3210,#3211),
 .UNSPECIFIED.,.F.,.F.,(4,4),(0.156246605567963,0.166888379314285),
 .UNSPECIFIED.);
#451=B_SPLINE_CURVE_WITH_KNOTS('',3,(#3222,#3223,#3224,#3225),
 .UNSPECIFIED.,.F.,.F.,(4,4),(0.156246605567963,0.166888379314285),
 .UNSPECIFIED.);
#452=B_SPLINE_CURVE_WITH_KNOTS('',3,(#3236,#3237,#3238,#3239),
 .UNSPECIFIED.,.F.,.F.,(4,4),(0.156246605567963,0.166888379314287),
 .UNSPECIFIED.);
#453=B_SPLINE_CURVE_WITH_KNOTS('',3,(#3250,#3251,#3252,#3253),
 .UNSPECIFIED.,.F.,.F.,(4,4),(0.156246605567963,0.166888379314285),
 .UNSPECIFIED.);
#454=B_SPLINE_CURVE_WITH_KNOTS('',3,(#3264,#3265,#3266,#3267),
 .UNSPECIFIED.,.F.,.F.,(4,4),(0.156246605567964,0.166888379314286),
 .UNSPECIFIED.);
#455=B_SPLINE_CURVE_WITH_KNOTS('',3,(#3278,#3279,#3280,#3281),
 .UNSPECIFIED.,.F.,.F.,(4,4),(0.156246605567963,0.166888379314286),
 .UNSPECIFIED.);
#456=B_SPLINE_CURVE_WITH_KNOTS('',3,(#3292,#3293,#3294,#3295),
 .UNSPECIFIED.,.F.,.F.,(4,4),(0.156246605567963,0.166888379314285),
 .UNSPECIFIED.);
#457=B_SPLINE_CURVE_WITH_KNOTS('',3,(#3306,#3307,#3308,#3309),
 .UNSPECIFIED.,.F.,.F.,(4,4),(0.156246605567963,0.166888379314285),
 .UNSPECIFIED.);
#458=B_SPLINE_CURVE_WITH_KNOTS('',3,(#3320,#3321,#3322,#3323),
 .UNSPECIFIED.,.F.,.F.,(4,4),(0.156246605567963,0.166888379314285),
 .UNSPECIFIED.);
#459=B_SPLINE_CURVE_WITH_KNOTS('',3,(#3330,#3331,#3332,#3333),
 .UNSPECIFIED.,.F.,.F.,(4,4),(0.142167793285849,0.152809567032171),
 .UNSPECIFIED.);
#460=B_SPLINE_CURVE_WITH_KNOTS('',3,(#3341,#3342,#3343,#3344),
 .UNSPECIFIED.,.F.,.F.,(4,4),(0.142167793285849,0.15280956703217),
 .UNSPECIFIED.);
#461=B_SPLINE_CURVE_WITH_KNOTS('',3,(#3352,#3353,#3354,#3355),
 .UNSPECIFIED.,.F.,.F.,(4,4),(0.142167793285848,0.152809567032171),
 .UNSPECIFIED.);
#462=B_SPLINE_CURVE_WITH_KNOTS('',3,(#3363,#3364,#3365,#3366),
 .UNSPECIFIED.,.F.,.F.,(4,4),(0.142167793285849,0.152809567032171),
 .UNSPECIFIED.);
#463=B_SPLINE_CURVE_WITH_KNOTS('',3,(#3374,#3375,#3376,#3377),
 .UNSPECIFIED.,.F.,.F.,(4,4),(0.142167793285849,0.152809567032171),
 .UNSPECIFIED.);
#464=B_SPLINE_CURVE_WITH_KNOTS('',3,(#3385,#3386,#3387,#3388),
 .UNSPECIFIED.,.F.,.F.,(4,4),(0.142167793285847,0.15280956703217),
 .UNSPECIFIED.);
#465=B_SPLINE_CURVE_WITH_KNOTS('',3,(#3396,#3397,#3398,#3399),
 .UNSPECIFIED.,.F.,.F.,(4,4),(0.142167793285849,0.152809567032171),
 .UNSPECIFIED.);
#466=B_SPLINE_CURVE_WITH_KNOTS('',3,(#3407,#3408,#3409,#3410),
 .UNSPECIFIED.,.F.,.F.,(4,4),(0.142167793285848,0.152809567032171),
 .UNSPECIFIED.);
#467=B_SPLINE_CURVE_WITH_KNOTS('',3,(#3418,#3419,#3420,#3421),
 .UNSPECIFIED.,.F.,.F.,(4,4),(0.142167793285848,0.152809567032171),
 .UNSPECIFIED.);
#468=B_SPLINE_CURVE_WITH_KNOTS('',3,(#3429,#3430,#3431,#3432),
 .UNSPECIFIED.,.F.,.F.,(4,4),(0.142167793285849,0.152809567032171),
 .UNSPECIFIED.);
#469=B_SPLINE_CURVE_WITH_KNOTS('',3,(#3440,#3441,#3442,#3443),
 .UNSPECIFIED.,.F.,.F.,(4,4),(0.142167793285849,0.152809567032171),
 .UNSPECIFIED.);
#470=B_SPLINE_CURVE_WITH_KNOTS('',3,(#3451,#3452,#3453,#3454),
 .UNSPECIFIED.,.F.,.F.,(4,4),(0.142167793285849,0.152809567032171),
 .UNSPECIFIED.);
#471=LINE('',#2863,#585);
#472=LINE('',#2865,#586);
#473=LINE('',#2877,#587);
#474=LINE('',#2879,#588);
#475=LINE('',#2891,#589);
#476=LINE('',#2893,#590);
#477=LINE('',#2905,#591);
#478=LINE('',#2907,#592);
#479=LINE('',#2919,#593);
#480=LINE('',#2921,#594);
#481=LINE('',#2933,#595);
#482=LINE('',#2935,#596);
#483=LINE('',#2947,#597);
#484=LINE('',#2949,#598);
#485=LINE('',#2961,#599);
#486=LINE('',#2963,#600);
#487=LINE('',#2975,#601);
#488=LINE('',#2977,#602);
#489=LINE('',#2989,#603);
#490=LINE('',#2991,#604);
#491=LINE('',#3003,#605);
#492=LINE('',#3005,#606);
#493=LINE('',#3017,#607);
#494=LINE('',#3019,#608);
#495=LINE('',#3034,#609);
#496=LINE('',#3045,#610);
#497=LINE('',#3056,#611);
#498=LINE('',#3067,#612);
#499=LINE('',#3078,#613);
#500=LINE('',#3089,#614);
#501=LINE('',#3100,#615);
#502=LINE('',#3111,#616);
#503=LINE('',#3122,#617);
#504=LINE('',#3133,#618);
#505=LINE('',#3144,#619);
#506=LINE('',#3155,#620);
#507=LINE('',#3163,#621);
#508=LINE('',#3165,#622);
#509=LINE('',#3177,#623);
#510=LINE('',#3179,#624);
#511=LINE('',#3191,#625);
#512=LINE('',#3193,#626);
#513=LINE('',#3205,#627);
#514=LINE('',#3207,#628);
#515=LINE('',#3219,#629);
#516=LINE('',#3221,#630);
#517=LINE('',#3233,#631);
#518=LINE('',#3235,#632);
#519=LINE('',#3247,#633);
#520=LINE('',#3249,#634);
#521=LINE('',#3261,#635);
#522=LINE('',#3263,#636);
#523=LINE('',#3275,#637);
#524=LINE('',#3277,#638);
#525=LINE('',#3289,#639);
#526=LINE('',#3291,#640);
#527=LINE('',#3303,#641);
#528=LINE('',#3305,#642);
#529=LINE('',#3317,#643);
#530=LINE('',#3319,#644);
#531=LINE('',#3334,#645);
#532=LINE('',#3345,#646);
#533=LINE('',#3356,#647);
#534=LINE('',#3367,#648);
#535=LINE('',#3378,#649);
#536=LINE('',#3389,#650);
#537=LINE('',#3400,#651);
#538=LINE('',#3411,#652);
#539=LINE('',#3422,#653);
#540=LINE('',#3433,#654);
#541=LINE('',#3444,#655);
#542=LINE('',#3455,#656);
#543=LINE('',#3541,#657);
#544=LINE('',#3545,#658);
#545=LINE('',#3549,#659);
#546=LINE('',#3553,#660);
#547=LINE('',#3557,#661);
#548=LINE('',#3561,#662);
#549=LINE('',#3564,#663);
#550=LINE('',#3584,#664);
#551=LINE('',#3588,#665);
#552=LINE('',#3592,#666);
#553=LINE('',#3595,#667);
#554=LINE('',#3597,#668);
#555=LINE('',#3601,#669);
#556=LINE('',#3605,#670);
#557=LINE('',#3608,#671);
#558=LINE('',#3611,#672);
#559=LINE('',#3617,#673);
#560=LINE('',#3626,#674);
#561=LINE('',#3627,#675);
#562=LINE('',#3635,#676);
#563=LINE('',#3636,#677);
#564=LINE('',#3644,#678);
#565=LINE('',#3645,#679);
#566=LINE('',#3647,#680);
#567=LINE('',#3655,#681);
#568=LINE('',#3656,#682);
#569=LINE('',#3664,#683);
#570=LINE('',#3665,#684);
#571=LINE('',#3667,#685);
#572=LINE('',#3675,#686);
#573=LINE('',#3676,#687);
#574=LINE('',#3680,#688);
#575=LINE('',#3687,#689);
#576=LINE('',#3689,#690);
#577=LINE('',#3691,#691);
#578=LINE('',#3693,#692);
#579=LINE('',#3697,#693);
#580=LINE('',#3699,#694);
#581=LINE('',#3705,#695);
#582=LINE('',#3712,#696);
#583=LINE('',#3717,#697);
#584=LINE('',#3724,#698);
#585=VECTOR('',#2305,10.);
#586=VECTOR('',#2306,10.);
#587=VECTOR('',#2309,10.);
#588=VECTOR('',#2310,10.);
#589=VECTOR('',#2313,10.);
#590=VECTOR('',#2314,10.);
#591=VECTOR('',#2317,10.);
#592=VECTOR('',#2318,10.);
#593=VECTOR('',#2321,10.);
#594=VECTOR('',#2322,10.);
#595=VECTOR('',#2325,10.);
#596=VECTOR('',#2326,10.);
#597=VECTOR('',#2329,10.);
#598=VECTOR('',#2330,10.);
#599=VECTOR('',#2333,10.);
#600=VECTOR('',#2334,10.);
#601=VECTOR('',#2337,10.);
#602=VECTOR('',#2338,10.);
#603=VECTOR('',#2341,10.);
#604=VECTOR('',#2342,10.);
#605=VECTOR('',#2345,10.);
#606=VECTOR('',#2346,10.);
#607=VECTOR('',#2349,10.);
#608=VECTOR('',#2350,10.);
#609=VECTOR('',#2353,10.);
#610=VECTOR('',#2356,10.);
#611=VECTOR('',#2359,10.);
#612=VECTOR('',#2362,10.);
#613=VECTOR('',#2365,10.);
#614=VECTOR('',#2368,10.);
#615=VECTOR('',#2371,10.);
#616=VECTOR('',#2374,10.);
#617=VECTOR('',#2377,10.);
#618=VECTOR('',#2380,10.);
#619=VECTOR('',#2383,10.);
#620=VECTOR('',#2386,10.);
#621=VECTOR('',#2389,10.);
#622=VECTOR('',#2390,10.);
#623=VECTOR('',#2393,10.);
#624=VECTOR('',#2394,10.);
#625=VECTOR('',#2397,10.);
#626=VECTOR('',#2398,10.);
#627=VECTOR('',#2401,10.);
#628=VECTOR('',#2402,10.);
#629=VECTOR('',#2405,10.);
#630=VECTOR('',#2406,10.);
#631=VECTOR('',#2409,10.);
#632=VECTOR('',#2410,10.);
#633=VECTOR('',#2413,10.);
#634=VECTOR('',#2414,10.);
#635=VECTOR('',#2417,10.);
#636=VECTOR('',#2418,10.);
#637=VECTOR('',#2421,10.);
#638=VECTOR('',#2422,10.);
#639=VECTOR('',#2425,10.);
#640=VECTOR('',#2426,10.);
#641=VECTOR('',#2429,10.);
#642=VECTOR('',#2430,10.);
#643=VECTOR('',#2433,10.);
#644=VECTOR('',#2434,10.);
#645=VECTOR('',#2437,10.);
#646=VECTOR('',#2440,10.);
#647=VECTOR('',#2443,10.);
#648=VECTOR('',#2446,10.);
#649=VECTOR('',#2449,10.);
#650=VECTOR('',#2452,10.);
#651=VECTOR('',#2455,10.);
#652=VECTOR('',#2458,10.);
#653=VECTOR('',#2461,10.);
#654=VECTOR('',#2464,10.);
#655=VECTOR('',#2467,10.);
#656=VECTOR('',#2470,10.);
#657=VECTOR('',#2631,10.);
#658=VECTOR('',#2634,10.);
#659=VECTOR('',#2637,10.);
#660=VECTOR('',#2640,10.);
#661=VECTOR('',#2643,10.);
#662=VECTOR('',#2646,10.);
#663=VECTOR('',#2649,10.);
#664=VECTOR('',#2670,10.);
#665=VECTOR('',#2673,10.);
#666=VECTOR('',#2676,10.);
#667=VECTOR('',#2679,10.);
#668=VECTOR('',#2680,10.);
#669=VECTOR('',#2683,10.);
#670=VECTOR('',#2686,10.);
#671=VECTOR('',#2689,10.);
#672=VECTOR('',#2692,3.);
#673=VECTOR('',#2699,3.);
#674=VECTOR('',#2712,10.);
#675=VECTOR('',#2713,10.);
#676=VECTOR('',#2724,10.);
#677=VECTOR('',#2725,10.);
#678=VECTOR('',#2736,10.);
#679=VECTOR('',#2737,10.);
#680=VECTOR('',#2740,10.);
#681=VECTOR('',#2751,10.);
#682=VECTOR('',#2752,10.);
#683=VECTOR('',#2763,10.);
#684=VECTOR('',#2764,10.);
#685=VECTOR('',#2767,10.);
#686=VECTOR('',#2778,10.);
#687=VECTOR('',#2779,10.);
#688=VECTOR('',#2784,10.);
#689=VECTOR('',#2795,10.);
#690=VECTOR('',#2798,10.);
#691=VECTOR('',#2801,10.);
#692=VECTOR('',#2804,10.);
#693=VECTOR('',#2811,10.);
#694=VECTOR('',#2814,10.);
#695=VECTOR('',#2821,2.5);
#696=VECTOR('',#2832,3.);
#697=VECTOR('',#2837,2.5);
#698=VECTOR('',#2848,3.);
#699=(
BOUNDED_CURVE()
B_SPLINE_CURVE(2,(#2859,#2860,#2861),.UNSPECIFIED.,.F.,.F.)
B_SPLINE_CURVE_WITH_KNOTS((3,3),(0.,0.752411282313258),.UNSPECIFIED.)
CURVE()
GEOMETRIC_REPRESENTATION_ITEM()
RATIONAL_B_SPLINE_CURVE((1.,1.00692265899267,1.))
REPRESENTATION_ITEM('')
);
#700=(
BOUNDED_CURVE()
B_SPLINE_CURVE(2,(#2873,#2874,#2875),.UNSPECIFIED.,.F.,.F.)
B_SPLINE_CURVE_WITH_KNOTS((3,3),(0.,0.752411282313258),.UNSPECIFIED.)
CURVE()
GEOMETRIC_REPRESENTATION_ITEM()
RATIONAL_B_SPLINE_CURVE((1.,1.00692265899798,1.))
REPRESENTATION_ITEM('')
);
#701=(
BOUNDED_CURVE()
B_SPLINE_CURVE(2,(#2887,#2888,#2889),.UNSPECIFIED.,.F.,.F.)
B_SPLINE_CURVE_WITH_KNOTS((3,3),(0.,0.752411282313258),.UNSPECIFIED.)
CURVE()
GEOMETRIC_REPRESENTATION_ITEM()
RATIONAL_B_SPLINE_CURVE((1.,1.00692265900068,1.))
REPRESENTATION_ITEM('')
);
#702=(
BOUNDED_CURVE()
B_SPLINE_CURVE(2,(#2901,#2902,#2903),.UNSPECIFIED.,.F.,.F.)
B_SPLINE_CURVE_WITH_KNOTS((3,3),(0.,0.752411282313258),.UNSPECIFIED.)
CURVE()
GEOMETRIC_REPRESENTATION_ITEM()
RATIONAL_B_SPLINE_CURVE((1.,1.00692265900021,1.))
REPRESENTATION_ITEM('')
);
#703=(
BOUNDED_CURVE()
B_SPLINE_CURVE(2,(#2915,#2916,#2917),.UNSPECIFIED.,.F.,.F.)
B_SPLINE_CURVE_WITH_KNOTS((3,3),(0.,0.752411282313258),.UNSPECIFIED.)
CURVE()
GEOMETRIC_REPRESENTATION_ITEM()
RATIONAL_B_SPLINE_CURVE((1.,1.00692265900061,1.))
REPRESENTATION_ITEM('')
);
#704=(
BOUNDED_CURVE()
B_SPLINE_CURVE(2,(#2929,#2930,#2931),.UNSPECIFIED.,.F.,.F.)
B_SPLINE_CURVE_WITH_KNOTS((3,3),(0.,0.752411282313258),.UNSPECIFIED.)
CURVE()
GEOMETRIC_REPRESENTATION_ITEM()
RATIONAL_B_SPLINE_CURVE((1.,1.0069226589925,1.))
REPRESENTATION_ITEM('')
);
#705=(
BOUNDED_CURVE()
B_SPLINE_CURVE(2,(#2943,#2944,#2945),.UNSPECIFIED.,.F.,.F.)
B_SPLINE_CURVE_WITH_KNOTS((3,3),(0.,0.752411282313258),.UNSPECIFIED.)
CURVE()
GEOMETRIC_REPRESENTATION_ITEM()
RATIONAL_B_SPLINE_CURVE((1.,1.00692265899271,1.))
REPRESENTATION_ITEM('')
);
#706=(
BOUNDED_CURVE()
B_SPLINE_CURVE(2,(#2957,#2958,#2959),.UNSPECIFIED.,.F.,.F.)
B_SPLINE_CURVE_WITH_KNOTS((3,3),(0.,0.752411282313258),.UNSPECIFIED.)
CURVE()
GEOMETRIC_REPRESENTATION_ITEM()
RATIONAL_B_SPLINE_CURVE((1.,1.00692265899247,1.))
REPRESENTATION_ITEM('')
);
#707=(
BOUNDED_CURVE()
B_SPLINE_CURVE(2,(#2971,#2972,#2973),.UNSPECIFIED.,.F.,.F.)
B_SPLINE_CURVE_WITH_KNOTS((3,3),(0.,0.752411282313258),.UNSPECIFIED.)
CURVE()
GEOMETRIC_REPRESENTATION_ITEM()
RATIONAL_B_SPLINE_CURVE((1.,1.0069226590059,1.))
REPRESENTATION_ITEM('')
);
#708=(
BOUNDED_CURVE()
B_SPLINE_CURVE(2,(#2985,#2986,#2987),.UNSPECIFIED.,.F.,.F.)
B_SPLINE_CURVE_WITH_KNOTS((3,3),(0.,0.752411282313258),.UNSPECIFIED.)
CURVE()
GEOMETRIC_REPRESENTATION_ITEM()
RATIONAL_B_SPLINE_CURVE((1.,1.00692265899255,1.))
REPRESENTATION_ITEM('')
);
#709=(
BOUNDED_CURVE()
B_SPLINE_CURVE(2,(#2999,#3000,#3001),.UNSPECIFIED.,.F.,.F.)
B_SPLINE_CURVE_WITH_KNOTS((3,3),(0.,0.752411282313258),.UNSPECIFIED.)
CURVE()
GEOMETRIC_REPRESENTATION_ITEM()
RATIONAL_B_SPLINE_CURVE((1.,1.00692265899266,1.))
REPRESENTATION_ITEM('')
);
#710=(
BOUNDED_CURVE()
B_SPLINE_CURVE(2,(#3013,#3014,#3015),.UNSPECIFIED.,.F.,.F.)
B_SPLINE_CURVE_WITH_KNOTS((3,3),(0.,0.752411282313258),.UNSPECIFIED.)
CURVE()
GEOMETRIC_REPRESENTATION_ITEM()
RATIONAL_B_SPLINE_CURVE((1.,1.00692265900034,1.))
REPRESENTATION_ITEM('')
);
#711=(
BOUNDED_CURVE()
B_SPLINE_CURVE(2,(#3027,#3028,#3029),.UNSPECIFIED.,.F.,.F.)
B_SPLINE_CURVE_WITH_KNOTS((3,3),(0.,0.752411282313258),.UNSPECIFIED.)
CURVE()
GEOMETRIC_REPRESENTATION_ITEM()
RATIONAL_B_SPLINE_CURVE((1.,1.00692265899276,1.))
REPRESENTATION_ITEM('')
);
#712=(
BOUNDED_CURVE()
B_SPLINE_CURVE(2,(#3038,#3039,#3040),.UNSPECIFIED.,.F.,.F.)
B_SPLINE_CURVE_WITH_KNOTS((3,3),(0.,0.752411282313258),.UNSPECIFIED.)
CURVE()
GEOMETRIC_REPRESENTATION_ITEM()
RATIONAL_B_SPLINE_CURVE((1.,1.00692265900045,1.))
REPRESENTATION_ITEM('')
);
#713=(
BOUNDED_CURVE()
B_SPLINE_CURVE(2,(#3049,#3050,#3051),.UNSPECIFIED.,.F.,.F.)
B_SPLINE_CURVE_WITH_KNOTS((3,3),(0.,0.752411282313258),.UNSPECIFIED.)
CURVE()
GEOMETRIC_REPRESENTATION_ITEM()
RATIONAL_B_SPLINE_CURVE((1.,1.00692265899793,1.))
REPRESENTATION_ITEM('')
);
#714=(
BOUNDED_CURVE()
B_SPLINE_CURVE(2,(#3060,#3061,#3062),.UNSPECIFIED.,.F.,.F.)
B_SPLINE_CURVE_WITH_KNOTS((3,3),(0.,0.752411282313258),.UNSPECIFIED.)
CURVE()
GEOMETRIC_REPRESENTATION_ITEM()
RATIONAL_B_SPLINE_CURVE((1.,1.00692265900033,1.))
REPRESENTATION_ITEM('')
);
#715=(
BOUNDED_CURVE()
B_SPLINE_CURVE(2,(#3071,#3072,#3073),.UNSPECIFIED.,.F.,.F.)
B_SPLINE_CURVE_WITH_KNOTS((3,3),(0.,0.752411282313258),.UNSPECIFIED.)
CURVE()
GEOMETRIC_REPRESENTATION_ITEM()
RATIONAL_B_SPLINE_CURVE((1.,1.00692265900034,1.))
REPRESENTATION_ITEM('')
);
#716=(
BOUNDED_CURVE()
B_SPLINE_CURVE(2,(#3082,#3083,#3084),.UNSPECIFIED.,.F.,.F.)
B_SPLINE_CURVE_WITH_KNOTS((3,3),(0.,0.752411282313258),.UNSPECIFIED.)
CURVE()
GEOMETRIC_REPRESENTATION_ITEM()
RATIONAL_B_SPLINE_CURVE((1.,1.00692265899257,1.))
REPRESENTATION_ITEM('')
);
#717=(
BOUNDED_CURVE()
B_SPLINE_CURVE(2,(#3093,#3094,#3095),.UNSPECIFIED.,.F.,.F.)
B_SPLINE_CURVE_WITH_KNOTS((3,3),(0.,0.752411282313258),.UNSPECIFIED.)
CURVE()
GEOMETRIC_REPRESENTATION_ITEM()
RATIONAL_B_SPLINE_CURVE((1.,1.00692265899251,1.))
REPRESENTATION_ITEM('')
);
#718=(
BOUNDED_CURVE()
B_SPLINE_CURVE(2,(#3104,#3105,#3106),.UNSPECIFIED.,.F.,.F.)
B_SPLINE_CURVE_WITH_KNOTS((3,3),(0.,0.752411282313258),.UNSPECIFIED.)
CURVE()
GEOMETRIC_REPRESENTATION_ITEM()
RATIONAL_B_SPLINE_CURVE((1.,1.00692265899256,1.))
REPRESENTATION_ITEM('')
);
#719=(
BOUNDED_CURVE()
B_SPLINE_CURVE(2,(#3115,#3116,#3117),.UNSPECIFIED.,.F.,.F.)
B_SPLINE_CURVE_WITH_KNOTS((3,3),(0.,0.752411282313258),.UNSPECIFIED.)
CURVE()
GEOMETRIC_REPRESENTATION_ITEM()
RATIONAL_B_SPLINE_CURVE((1.,1.00692265900015,1.))
REPRESENTATION_ITEM('')
);
#720=(
BOUNDED_CURVE()
B_SPLINE_CURVE(2,(#3126,#3127,#3128),.UNSPECIFIED.,.F.,.F.)
B_SPLINE_CURVE_WITH_KNOTS((3,3),(0.,0.752411282313258),.UNSPECIFIED.)
CURVE()
GEOMETRIC_REPRESENTATION_ITEM()
RATIONAL_B_SPLINE_CURVE((1.,1.00692265900048,1.))
REPRESENTATION_ITEM('')
);
#721=(
BOUNDED_CURVE()
B_SPLINE_CURVE(2,(#3137,#3138,#3139),.UNSPECIFIED.,.F.,.F.)
B_SPLINE_CURVE_WITH_KNOTS((3,3),(0.,0.752411282313258),.UNSPECIFIED.)
CURVE()
GEOMETRIC_REPRESENTATION_ITEM()
RATIONAL_B_SPLINE_CURVE((1.,1.00692265899268,1.))
REPRESENTATION_ITEM('')
);
#722=(
BOUNDED_CURVE()
B_SPLINE_CURVE(2,(#3148,#3149,#3150),.UNSPECIFIED.,.F.,.F.)
B_SPLINE_CURVE_WITH_KNOTS((3,3),(0.,0.752411282313258),.UNSPECIFIED.)
CURVE()
GEOMETRIC_REPRESENTATION_ITEM()
RATIONAL_B_SPLINE_CURVE((1.,1.00692265900045,1.))
REPRESENTATION_ITEM('')
);
#723=(
BOUNDED_CURVE()
B_SPLINE_CURVE(2,(#3159,#3160,#3161),.UNSPECIFIED.,.F.,.F.)
B_SPLINE_CURVE_WITH_KNOTS((3,3),(0.,0.752411282313259),.UNSPECIFIED.)
CURVE()
GEOMETRIC_REPRESENTATION_ITEM()
RATIONAL_B_SPLINE_CURVE((1.,1.00692265899159,1.))
REPRESENTATION_ITEM('')
);
#724=(
BOUNDED_CURVE()
B_SPLINE_CURVE(2,(#3173,#3174,#3175),.UNSPECIFIED.,.F.,.F.)
B_SPLINE_CURVE_WITH_KNOTS((3,3),(0.,0.752411282313259),.UNSPECIFIED.)
CURVE()
GEOMETRIC_REPRESENTATION_ITEM()
RATIONAL_B_SPLINE_CURVE((1.,1.00692265900523,1.))
REPRESENTATION_ITEM('')
);
#725=(
BOUNDED_CURVE()
B_SPLINE_CURVE(2,(#3187,#3188,#3189),.UNSPECIFIED.,.F.,.F.)
B_SPLINE_CURVE_WITH_KNOTS((3,3),(0.,0.752411282313259),.UNSPECIFIED.)
CURVE()
GEOMETRIC_REPRESENTATION_ITEM()
RATIONAL_B_SPLINE_CURVE((1.,1.00692265900028,1.))
REPRESENTATION_ITEM('')
);
#726=(
BOUNDED_CURVE()
B_SPLINE_CURVE(2,(#3201,#3202,#3203),.UNSPECIFIED.,.F.,.F.)
B_SPLINE_CURVE_WITH_KNOTS((3,3),(0.,0.752411282313259),.UNSPECIFIED.)
CURVE()
GEOMETRIC_REPRESENTATION_ITEM()
RATIONAL_B_SPLINE_CURVE((1.,1.006922659,1.))
REPRESENTATION_ITEM('')
);
#727=(
BOUNDED_CURVE()
B_SPLINE_CURVE(2,(#3215,#3216,#3217),.UNSPECIFIED.,.F.,.F.)
B_SPLINE_CURVE_WITH_KNOTS((3,3),(0.,0.752411282313259),.UNSPECIFIED.)
CURVE()
GEOMETRIC_REPRESENTATION_ITEM()
RATIONAL_B_SPLINE_CURVE((1.,1.00692265900066,1.))
REPRESENTATION_ITEM('')
);
#728=(
BOUNDED_CURVE()
B_SPLINE_CURVE(2,(#3229,#3230,#3231),.UNSPECIFIED.,.F.,.F.)
B_SPLINE_CURVE_WITH_KNOTS((3,3),(0.,0.752411282313259),.UNSPECIFIED.)
CURVE()
GEOMETRIC_REPRESENTATION_ITEM()
RATIONAL_B_SPLINE_CURVE((1.,1.0069226589935,1.))
REPRESENTATION_ITEM('')
);
#729=(
BOUNDED_CURVE()
B_SPLINE_CURVE(2,(#3243,#3244,#3245),.UNSPECIFIED.,.F.,.F.)
B_SPLINE_CURVE_WITH_KNOTS((3,3),(0.,0.752411282313259),.UNSPECIFIED.)
CURVE()
GEOMETRIC_REPRESENTATION_ITEM()
RATIONAL_B_SPLINE_CURVE((1.,1.00692265900046,1.))
REPRESENTATION_ITEM('')
);
#730=(
BOUNDED_CURVE()
B_SPLINE_CURVE(2,(#3257,#3258,#3259),.UNSPECIFIED.,.F.,.F.)
B_SPLINE_CURVE_WITH_KNOTS((3,3),(0.,0.752411282313259),.UNSPECIFIED.)
CURVE()
GEOMETRIC_REPRESENTATION_ITEM()
RATIONAL_B_SPLINE_CURVE((1.,1.00692265899337,1.))
REPRESENTATION_ITEM('')
);
#731=(
BOUNDED_CURVE()
B_SPLINE_CURVE(2,(#3271,#3272,#3273),.UNSPECIFIED.,.F.,.F.)
B_SPLINE_CURVE_WITH_KNOTS((3,3),(0.,0.752411282313259),.UNSPECIFIED.)
CURVE()
GEOMETRIC_REPRESENTATION_ITEM()
RATIONAL_B_SPLINE_CURVE((1.,1.00692265900011,1.))
REPRESENTATION_ITEM('')
);
#732=(
BOUNDED_CURVE()
B_SPLINE_CURVE(2,(#3285,#3286,#3287),.UNSPECIFIED.,.F.,.F.)
B_SPLINE_CURVE_WITH_KNOTS((3,3),(0.,0.752411282313259),.UNSPECIFIED.)
CURVE()
GEOMETRIC_REPRESENTATION_ITEM()
RATIONAL_B_SPLINE_CURVE((1.,1.00692265899257,1.))
REPRESENTATION_ITEM('')
);
#733=(
BOUNDED_CURVE()
B_SPLINE_CURVE(2,(#3299,#3300,#3301),.UNSPECIFIED.,.F.,.F.)
B_SPLINE_CURVE_WITH_KNOTS((3,3),(0.,0.752411282313259),.UNSPECIFIED.)
CURVE()
GEOMETRIC_REPRESENTATION_ITEM()
RATIONAL_B_SPLINE_CURVE((1.,1.00692265900135,1.))
REPRESENTATION_ITEM('')
);
#734=(
BOUNDED_CURVE()
B_SPLINE_CURVE(2,(#3313,#3314,#3315),.UNSPECIFIED.,.F.,.F.)
B_SPLINE_CURVE_WITH_KNOTS((3,3),(0.,0.752411282313259),.UNSPECIFIED.)
CURVE()
GEOMETRIC_REPRESENTATION_ITEM()
RATIONAL_B_SPLINE_CURVE((1.,1.00692265899962,1.))
REPRESENTATION_ITEM('')
);
#735=(
BOUNDED_CURVE()
B_SPLINE_CURVE(2,(#3327,#3328,#3329),.UNSPECIFIED.,.F.,.F.)
B_SPLINE_CURVE_WITH_KNOTS((3,3),(0.,0.752411282313259),.UNSPECIFIED.)
CURVE()
GEOMETRIC_REPRESENTATION_ITEM()
RATIONAL_B_SPLINE_CURVE((1.,1.00692265899208,1.))
REPRESENTATION_ITEM('')
);
#736=(
BOUNDED_CURVE()
B_SPLINE_CURVE(2,(#3338,#3339,#3340),.UNSPECIFIED.,.F.,.F.)
B_SPLINE_CURVE_WITH_KNOTS((3,3),(0.,0.752411282313259),.UNSPECIFIED.)
CURVE()
GEOMETRIC_REPRESENTATION_ITEM()
RATIONAL_B_SPLINE_CURVE((1.,1.00692265900084,1.))
REPRESENTATION_ITEM('')
);
#737=(
BOUNDED_CURVE()
B_SPLINE_CURVE(2,(#3349,#3350,#3351),.UNSPECIFIED.,.F.,.F.)
B_SPLINE_CURVE_WITH_KNOTS((3,3),(0.,0.752411282313259),.UNSPECIFIED.)
CURVE()
GEOMETRIC_REPRESENTATION_ITEM()
RATIONAL_B_SPLINE_CURVE((1.,1.00692265899266,1.))
REPRESENTATION_ITEM('')
);
#738=(
BOUNDED_CURVE()
B_SPLINE_CURVE(2,(#3360,#3361,#3362),.UNSPECIFIED.,.F.,.F.)
B_SPLINE_CURVE_WITH_KNOTS((3,3),(0.,0.752411282313259),.UNSPECIFIED.)
CURVE()
GEOMETRIC_REPRESENTATION_ITEM()
RATIONAL_B_SPLINE_CURVE((1.,1.00692265899226,1.))
REPRESENTATION_ITEM('')
);
#739=(
BOUNDED_CURVE()
B_SPLINE_CURVE(2,(#3371,#3372,#3373),.UNSPECIFIED.,.F.,.F.)
B_SPLINE_CURVE_WITH_KNOTS((3,3),(0.,0.752411282313259),.UNSPECIFIED.)
CURVE()
GEOMETRIC_REPRESENTATION_ITEM()
RATIONAL_B_SPLINE_CURVE((1.,1.00692265899233,1.))
REPRESENTATION_ITEM('')
);
#740=(
BOUNDED_CURVE()
B_SPLINE_CURVE(2,(#3382,#3383,#3384),.UNSPECIFIED.,.F.,.F.)
B_SPLINE_CURVE_WITH_KNOTS((3,3),(0.,0.752411282313259),.UNSPECIFIED.)
CURVE()
GEOMETRIC_REPRESENTATION_ITEM()
RATIONAL_B_SPLINE_CURVE((1.,1.0069226589987,1.))
REPRESENTATION_ITEM('')
);
#741=(
BOUNDED_CURVE()
B_SPLINE_CURVE(2,(#3393,#3394,#3395),.UNSPECIFIED.,.F.,.F.)
B_SPLINE_CURVE_WITH_KNOTS((3,3),(0.,0.752411282313259),.UNSPECIFIED.)
CURVE()
GEOMETRIC_REPRESENTATION_ITEM()
RATIONAL_B_SPLINE_CURVE((1.,1.00692265899208,1.))
REPRESENTATION_ITEM('')
);
#742=(
BOUNDED_CURVE()
B_SPLINE_CURVE(2,(#3404,#3405,#3406),.UNSPECIFIED.,.F.,.F.)
B_SPLINE_CURVE_WITH_KNOTS((3,3),(0.,0.752411282313259),.UNSPECIFIED.)
CURVE()
GEOMETRIC_REPRESENTATION_ITEM()
RATIONAL_B_SPLINE_CURVE((1.,1.0069226590002,1.))
REPRESENTATION_ITEM('')
);
#743=(
BOUNDED_CURVE()
B_SPLINE_CURVE(2,(#3415,#3416,#3417),.UNSPECIFIED.,.F.,.F.)
B_SPLINE_CURVE_WITH_KNOTS((3,3),(0.,0.752411282313259),.UNSPECIFIED.)
CURVE()
GEOMETRIC_REPRESENTATION_ITEM()
RATIONAL_B_SPLINE_CURVE((1.,1.00692265899297,1.))
REPRESENTATION_ITEM('')
);
#744=(
BOUNDED_CURVE()
B_SPLINE_CURVE(2,(#3426,#3427,#3428),.UNSPECIFIED.,.F.,.F.)
B_SPLINE_CURVE_WITH_KNOTS((3,3),(0.,0.752411282313259),.UNSPECIFIED.)
CURVE()
GEOMETRIC_REPRESENTATION_ITEM()
RATIONAL_B_SPLINE_CURVE((1.,1.00692265899828,1.))
REPRESENTATION_ITEM('')
);
#745=(
BOUNDED_CURVE()
B_SPLINE_CURVE(2,(#3437,#3438,#3439),.UNSPECIFIED.,.F.,.F.)
B_SPLINE_CURVE_WITH_KNOTS((3,3),(0.,0.752411282313259),.UNSPECIFIED.)
CURVE()
GEOMETRIC_REPRESENTATION_ITEM()
RATIONAL_B_SPLINE_CURVE((1.,1.00692265899159,1.))
REPRESENTATION_ITEM('')
);
#746=(
BOUNDED_CURVE()
B_SPLINE_CURVE(2,(#3448,#3449,#3450),.UNSPECIFIED.,.F.,.F.)
B_SPLINE_CURVE_WITH_KNOTS((3,3),(0.,0.752411282313259),.UNSPECIFIED.)
CURVE()
GEOMETRIC_REPRESENTATION_ITEM()
RATIONAL_B_SPLINE_CURVE((1.,1.0069226589925,1.))
REPRESENTATION_ITEM('')
);
#747=VERTEX_POINT('',#2857);
#748=VERTEX_POINT('',#2858);
#749=VERTEX_POINT('',#2862);
#750=VERTEX_POINT('',#2864);
#751=VERTEX_POINT('',#2871);
#752=VERTEX_POINT('',#2872);
#753=VERTEX_POINT('',#2876);
#754=VERTEX_POINT('',#2878);
#755=VERTEX_POINT('',#2885);
#756=VERTEX_POINT('',#2886);
#757=VERTEX_POINT('',#2890);
#758=VERTEX_POINT('',#2892);
#759=VERTEX_POINT('',#2899);
#760=VERTEX_POINT('',#2900);
#761=VERTEX_POINT('',#2904);
#762=VERTEX_POINT('',#2906);
#763=VERTEX_POINT('',#2913);
#764=VERTEX_POINT('',#2914);
#765=VERTEX_POINT('',#2918);
#766=VERTEX_POINT('',#2920);
#767=VERTEX_POINT('',#2927);
#768=VERTEX_POINT('',#2928);
#769=VERTEX_POINT('',#2932);
#770=VERTEX_POINT('',#2934);
#771=VERTEX_POINT('',#2941);
#772=VERTEX_POINT('',#2942);
#773=VERTEX_POINT('',#2946);
#774=VERTEX_POINT('',#2948);
#775=VERTEX_POINT('',#2955);
#776=VERTEX_POINT('',#2956);
#777=VERTEX_POINT('',#2960);
#778=VERTEX_POINT('',#2962);
#779=VERTEX_POINT('',#2969);
#780=VERTEX_POINT('',#2970);
#781=VERTEX_POINT('',#2974);
#782=VERTEX_POINT('',#2976);
#783=VERTEX_POINT('',#2983);
#784=VERTEX_POINT('',#2984);
#785=VERTEX_POINT('',#2988);
#786=VERTEX_POINT('',#2990);
#787=VERTEX_POINT('',#2997);
#788=VERTEX_POINT('',#2998);
#789=VERTEX_POINT('',#3002);
#790=VERTEX_POINT('',#3004);
#791=VERTEX_POINT('',#3011);
#792=VERTEX_POINT('',#3012);
#793=VERTEX_POINT('',#3016);
#794=VERTEX_POINT('',#3018);
#795=VERTEX_POINT('',#3025);
#796=VERTEX_POINT('',#3026);
#797=VERTEX_POINT('',#3036);
#798=VERTEX_POINT('',#3037);
#799=VERTEX_POINT('',#3047);
#800=VERTEX_POINT('',#3048);
#801=VERTEX_POINT('',#3058);
#802=VERTEX_POINT('',#3059);
#803=VERTEX_POINT('',#3069);
#804=VERTEX_POINT('',#3070);
#805=VERTEX_POINT('',#3080);
#806=VERTEX_POINT('',#3081);
#807=VERTEX_POINT('',#3091);
#808=VERTEX_POINT('',#3092);
#809=VERTEX_POINT('',#3102);
#810=VERTEX_POINT('',#3103);
#811=VERTEX_POINT('',#3113);
#812=VERTEX_POINT('',#3114);
#813=VERTEX_POINT('',#3124);
#814=VERTEX_POINT('',#3125);
#815=VERTEX_POINT('',#3135);
#816=VERTEX_POINT('',#3136);
#817=VERTEX_POINT('',#3146);
#818=VERTEX_POINT('',#3147);
#819=VERTEX_POINT('',#3157);
#820=VERTEX_POINT('',#3158);
#821=VERTEX_POINT('',#3162);
#822=VERTEX_POINT('',#3164);
#823=VERTEX_POINT('',#3171);
#824=VERTEX_POINT('',#3172);
#825=VERTEX_POINT('',#3176);
#826=VERTEX_POINT('',#3178);
#827=VERTEX_POINT('',#3185);
#828=VERTEX_POINT('',#3186);
#829=VERTEX_POINT('',#3190);
#830=VERTEX_POINT('',#3192);
#831=VERTEX_POINT('',#3199);
#832=VERTEX_POINT('',#3200);
#833=VERTEX_POINT('',#3204);
#834=VERTEX_POINT('',#3206);
#835=VERTEX_POINT('',#3213);
#836=VERTEX_POINT('',#3214);
#837=VERTEX_POINT('',#3218);
#838=VERTEX_POINT('',#3220);
#839=VERTEX_POINT('',#3227);
#840=VERTEX_POINT('',#3228);
#841=VERTEX_POINT('',#3232);
#842=VERTEX_POINT('',#3234);
#843=VERTEX_POINT('',#3241);
#844=VERTEX_POINT('',#3242);
#845=VERTEX_POINT('',#3246);
#846=VERTEX_POINT('',#3248);
#847=VERTEX_POINT('',#3255);
#848=VERTEX_POINT('',#3256);
#849=VERTEX_POINT('',#3260);
#850=VERTEX_POINT('',#3262);
#851=VERTEX_POINT('',#3269);
#852=VERTEX_POINT('',#3270);
#853=VERTEX_POINT('',#3274);
#854=VERTEX_POINT('',#3276);
#855=VERTEX_POINT('',#3283);
#856=VERTEX_POINT('',#3284);
#857=VERTEX_POINT('',#3288);
#858=VERTEX_POINT('',#3290);
#859=VERTEX_POINT('',#3297);
#860=VERTEX_POINT('',#3298);
#861=VERTEX_POINT('',#3302);
#862=VERTEX_POINT('',#3304);
#863=VERTEX_POINT('',#3311);
#864=VERTEX_POINT('',#3312);
#865=VERTEX_POINT('',#3316);
#866=VERTEX_POINT('',#3318);
#867=VERTEX_POINT('',#3325);
#868=VERTEX_POINT('',#3326);
#869=VERTEX_POINT('',#3336);
#870=VERTEX_POINT('',#3337);
#871=VERTEX_POINT('',#3347);
#872=VERTEX_POINT('',#3348);
#873=VERTEX_POINT('',#3358);
#874=VERTEX_POINT('',#3359);
#875=VERTEX_POINT('',#3369);
#876=VERTEX_POINT('',#3370);
#877=VERTEX_POINT('',#3380);
#878=VERTEX_POINT('',#3381);
#879=VERTEX_POINT('',#3391);
#880=VERTEX_POINT('',#3392);
#881=VERTEX_POINT('',#3402);
#882=VERTEX_POINT('',#3403);
#883=VERTEX_POINT('',#3413);
#884=VERTEX_POINT('',#3414);
#885=VERTEX_POINT('',#3424);
#886=VERTEX_POINT('',#3425);
#887=VERTEX_POINT('',#3435);
#888=VERTEX_POINT('',#3436);
#889=VERTEX_POINT('',#3446);
#890=VERTEX_POINT('',#3447);
#891=VERTEX_POINT('',#3493);
#892=VERTEX_POINT('',#3533);
#893=VERTEX_POINT('',#3537);
#894=VERTEX_POINT('',#3538);
#895=VERTEX_POINT('',#3540);
#896=VERTEX_POINT('',#3542);
#897=VERTEX_POINT('',#3544);
#898=VERTEX_POINT('',#3546);
#899=VERTEX_POINT('',#3548);
#900=VERTEX_POINT('',#3550);
#901=VERTEX_POINT('',#3552);
#902=VERTEX_POINT('',#3554);
#903=VERTEX_POINT('',#3556);
#904=VERTEX_POINT('',#3558);
#905=VERTEX_POINT('',#3560);
#906=VERTEX_POINT('',#3562);
#907=VERTEX_POINT('',#3565);
#908=VERTEX_POINT('',#3567);
#909=VERTEX_POINT('',#3570);
#910=VERTEX_POINT('',#3571);
#911=VERTEX_POINT('',#3573);
#912=VERTEX_POINT('',#3575);
#913=VERTEX_POINT('',#3580);
#914=VERTEX_POINT('',#3581);
#915=VERTEX_POINT('',#3583);
#916=VERTEX_POINT('',#3585);
#917=VERTEX_POINT('',#3587);
#918=VERTEX_POINT('',#3589);
#919=VERTEX_POINT('',#3591);
#920=VERTEX_POINT('',#3593);
#921=VERTEX_POINT('',#3596);
#922=VERTEX_POINT('',#3598);
#923=VERTEX_POINT('',#3600);
#924=VERTEX_POINT('',#3602);
#925=VERTEX_POINT('',#3604);
#926=VERTEX_POINT('',#3606);
#927=VERTEX_POINT('',#3610);
#928=VERTEX_POINT('',#3614);
#929=VERTEX_POINT('',#3616);
#930=VERTEX_POINT('',#3620);
#931=VERTEX_POINT('',#3622);
#932=VERTEX_POINT('',#3629);
#933=VERTEX_POINT('',#3631);
#934=VERTEX_POINT('',#3638);
#935=VERTEX_POINT('',#3640);
#936=VERTEX_POINT('',#3649);
#937=VERTEX_POINT('',#3651);
#938=VERTEX_POINT('',#3658);
#939=VERTEX_POINT('',#3660);
#940=VERTEX_POINT('',#3669);
#941=VERTEX_POINT('',#3671);
#942=VERTEX_POINT('',#3678);
#943=VERTEX_POINT('',#3683);
#944=VERTEX_POINT('',#3702);
#945=VERTEX_POINT('',#3704);
#946=VERTEX_POINT('',#3709);
#947=VERTEX_POINT('',#3714);
#948=VERTEX_POINT('',#3716);
#949=VERTEX_POINT('',#3721);
#950=EDGE_CURVE('',#747,#748,#699,.T.);
#951=EDGE_CURVE('',#749,#747,#471,.T.);
#952=EDGE_CURVE('',#750,#749,#472,.T.);
#953=EDGE_CURVE('',#748,#750,#423,.T.);
#954=EDGE_CURVE('',#751,#752,#700,.T.);
#955=EDGE_CURVE('',#753,#751,#473,.T.);
#956=EDGE_CURVE('',#754,#753,#474,.T.);
#957=EDGE_CURVE('',#752,#754,#424,.T.);
#958=EDGE_CURVE('',#755,#756,#701,.T.);
#959=EDGE_CURVE('',#757,#755,#475,.T.);
#960=EDGE_CURVE('',#758,#757,#476,.T.);
#961=EDGE_CURVE('',#756,#758,#425,.T.);
#962=EDGE_CURVE('',#759,#760,#702,.T.);
#963=EDGE_CURVE('',#761,#759,#477,.T.);
#964=EDGE_CURVE('',#762,#761,#478,.T.);
#965=EDGE_CURVE('',#760,#762,#426,.T.);
#966=EDGE_CURVE('',#763,#764,#703,.T.);
#967=EDGE_CURVE('',#765,#763,#479,.T.);
#968=EDGE_CURVE('',#766,#765,#480,.T.);
#969=EDGE_CURVE('',#764,#766,#427,.T.);
#970=EDGE_CURVE('',#767,#768,#704,.T.);
#971=EDGE_CURVE('',#769,#767,#481,.T.);
#972=EDGE_CURVE('',#770,#769,#482,.T.);
#973=EDGE_CURVE('',#768,#770,#428,.T.);
#974=EDGE_CURVE('',#771,#772,#705,.T.);
#975=EDGE_CURVE('',#773,#771,#483,.T.);
#976=EDGE_CURVE('',#774,#773,#484,.T.);
#977=EDGE_CURVE('',#772,#774,#429,.T.);
#978=EDGE_CURVE('',#775,#776,#706,.T.);
#979=EDGE_CURVE('',#777,#775,#485,.T.);
#980=EDGE_CURVE('',#778,#777,#486,.T.);
#981=EDGE_CURVE('',#776,#778,#430,.T.);
#982=EDGE_CURVE('',#779,#780,#707,.T.);
#983=EDGE_CURVE('',#781,#779,#487,.T.);
#984=EDGE_CURVE('',#782,#781,#488,.T.);
#985=EDGE_CURVE('',#780,#782,#431,.T.);
#986=EDGE_CURVE('',#783,#784,#708,.T.);
#987=EDGE_CURVE('',#785,#783,#489,.T.);
#988=EDGE_CURVE('',#786,#785,#490,.T.);
#989=EDGE_CURVE('',#784,#786,#432,.T.);
#990=EDGE_CURVE('',#787,#788,#709,.T.);
#991=EDGE_CURVE('',#789,#787,#491,.T.);
#992=EDGE_CURVE('',#790,#789,#492,.T.);
#993=EDGE_CURVE('',#788,#790,#433,.T.);
#994=EDGE_CURVE('',#791,#792,#710,.T.);
#995=EDGE_CURVE('',#793,#791,#493,.T.);
#996=EDGE_CURVE('',#794,#793,#494,.T.);
#997=EDGE_CURVE('',#792,#794,#434,.T.);
#998=EDGE_CURVE('',#795,#796,#711,.T.);
#999=EDGE_CURVE('',#750,#795,#435,.T.);
#1000=EDGE_CURVE('',#796,#749,#495,.T.);
#1001=EDGE_CURVE('',#797,#798,#712,.T.);
#1002=EDGE_CURVE('',#754,#797,#436,.T.);
#1003=EDGE_CURVE('',#798,#753,#496,.T.);
#1004=EDGE_CURVE('',#799,#800,#713,.T.);
#1005=EDGE_CURVE('',#758,#799,#437,.T.);
#1006=EDGE_CURVE('',#800,#757,#497,.T.);
#1007=EDGE_CURVE('',#801,#802,#714,.T.);
#1008=EDGE_CURVE('',#762,#801,#438,.T.);
#1009=EDGE_CURVE('',#802,#761,#498,.T.);
#1010=EDGE_CURVE('',#803,#804,#715,.T.);
#1011=EDGE_CURVE('',#766,#803,#439,.T.);
#1012=EDGE_CURVE('',#804,#765,#499,.T.);
#1013=EDGE_CURVE('',#805,#806,#716,.T.);
#1014=EDGE_CURVE('',#770,#805,#440,.T.);
#1015=EDGE_CURVE('',#806,#769,#500,.T.);
#1016=EDGE_CURVE('',#807,#808,#717,.T.);
#1017=EDGE_CURVE('',#774,#807,#441,.T.);
#1018=EDGE_CURVE('',#808,#773,#501,.T.);
#1019=EDGE_CURVE('',#809,#810,#718,.T.);
#1020=EDGE_CURVE('',#778,#809,#442,.T.);
#1021=EDGE_CURVE('',#810,#777,#502,.T.);
#1022=EDGE_CURVE('',#811,#812,#719,.T.);
#1023=EDGE_CURVE('',#782,#811,#443,.T.);
#1024=EDGE_CURVE('',#812,#781,#503,.T.);
#1025=EDGE_CURVE('',#813,#814,#720,.T.);
#1026=EDGE_CURVE('',#786,#813,#444,.T.);
#1027=EDGE_CURVE('',#814,#785,#504,.T.);
#1028=EDGE_CURVE('',#815,#816,#721,.T.);
#1029=EDGE_CURVE('',#790,#815,#445,.T.);
#1030=EDGE_CURVE('',#816,#789,#505,.T.);
#1031=EDGE_CURVE('',#817,#818,#722,.T.);
#1032=EDGE_CURVE('',#794,#817,#446,.T.);
#1033=EDGE_CURVE('',#818,#793,#506,.T.);
#1034=EDGE_CURVE('',#819,#820,#723,.T.);
#1035=EDGE_CURVE('',#821,#819,#507,.T.);
#1036=EDGE_CURVE('',#822,#821,#508,.T.);
#1037=EDGE_CURVE('',#820,#822,#447,.T.);
#1038=EDGE_CURVE('',#823,#824,#724,.T.);
#1039=EDGE_CURVE('',#825,#823,#509,.T.);
#1040=EDGE_CURVE('',#826,#825,#510,.T.);
#1041=EDGE_CURVE('',#824,#826,#448,.T.);
#1042=EDGE_CURVE('',#827,#828,#725,.T.);
#1043=EDGE_CURVE('',#829,#827,#511,.T.);
#1044=EDGE_CURVE('',#830,#829,#512,.T.);
#1045=EDGE_CURVE('',#828,#830,#449,.T.);
#1046=EDGE_CURVE('',#831,#832,#726,.T.);
#1047=EDGE_CURVE('',#833,#831,#513,.T.);
#1048=EDGE_CURVE('',#834,#833,#514,.T.);
#1049=EDGE_CURVE('',#832,#834,#450,.T.);
#1050=EDGE_CURVE('',#835,#836,#727,.T.);
#1051=EDGE_CURVE('',#837,#835,#515,.T.);
#1052=EDGE_CURVE('',#838,#837,#516,.T.);
#1053=EDGE_CURVE('',#836,#838,#451,.T.);
#1054=EDGE_CURVE('',#839,#840,#728,.T.);
#1055=EDGE_CURVE('',#841,#839,#517,.T.);
#1056=EDGE_CURVE('',#842,#841,#518,.T.);
#1057=EDGE_CURVE('',#840,#842,#452,.T.);
#1058=EDGE_CURVE('',#843,#844,#729,.T.);
#1059=EDGE_CURVE('',#845,#843,#519,.T.);
#1060=EDGE_CURVE('',#846,#845,#520,.T.);
#1061=EDGE_CURVE('',#844,#846,#453,.T.);
#1062=EDGE_CURVE('',#847,#848,#730,.T.);
#1063=EDGE_CURVE('',#849,#847,#521,.T.);
#1064=EDGE_CURVE('',#850,#849,#522,.T.);
#1065=EDGE_CURVE('',#848,#850,#454,.T.);
#1066=EDGE_CURVE('',#851,#852,#731,.T.);
#1067=EDGE_CURVE('',#853,#851,#523,.T.);
#1068=EDGE_CURVE('',#854,#853,#524,.T.);
#1069=EDGE_CURVE('',#852,#854,#455,.T.);
#1070=EDGE_CURVE('',#855,#856,#732,.T.);
#1071=EDGE_CURVE('',#857,#855,#525,.T.);
#1072=EDGE_CURVE('',#858,#857,#526,.T.);
#1073=EDGE_CURVE('',#856,#858,#456,.T.);
#1074=EDGE_CURVE('',#859,#860,#733,.T.);
#1075=EDGE_CURVE('',#861,#859,#527,.T.);
#1076=EDGE_CURVE('',#862,#861,#528,.T.);
#1077=EDGE_CURVE('',#860,#862,#457,.T.);
#1078=EDGE_CURVE('',#863,#864,#734,.T.);
#1079=EDGE_CURVE('',#865,#863,#529,.T.);
#1080=EDGE_CURVE('',#866,#865,#530,.T.);
#1081=EDGE_CURVE('',#864,#866,#458,.T.);
#1082=EDGE_CURVE('',#867,#868,#735,.T.);
#1083=EDGE_CURVE('',#822,#867,#459,.T.);
#1084=EDGE_CURVE('',#868,#821,#531,.T.);
#1085=EDGE_CURVE('',#869,#870,#736,.T.);
#1086=EDGE_CURVE('',#826,#869,#460,.T.);
#1087=EDGE_CURVE('',#870,#825,#532,.T.);
#1088=EDGE_CURVE('',#871,#872,#737,.T.);
#1089=EDGE_CURVE('',#830,#871,#461,.T.);
#1090=EDGE_CURVE('',#872,#829,#533,.T.);
#1091=EDGE_CURVE('',#873,#874,#738,.T.);
#1092=EDGE_CURVE('',#834,#873,#462,.T.);
#1093=EDGE_CURVE('',#874,#833,#534,.T.);
#1094=EDGE_CURVE('',#875,#876,#739,.T.);
#1095=EDGE_CURVE('',#838,#875,#463,.T.);
#1096=EDGE_CURVE('',#876,#837,#535,.T.);
#1097=EDGE_CURVE('',#877,#878,#740,.T.);
#1098=EDGE_CURVE('',#842,#877,#464,.T.);
#1099=EDGE_CURVE('',#878,#841,#536,.T.);
#1100=EDGE_CURVE('',#879,#880,#741,.T.);
#1101=EDGE_CURVE('',#846,#879,#465,.T.);
#1102=EDGE_CURVE('',#880,#845,#537,.T.);
#1103=EDGE_CURVE('',#881,#882,#742,.T.);
#1104=EDGE_CURVE('',#850,#881,#466,.T.);
#1105=EDGE_CURVE('',#882,#849,#538,.T.);
#1106=EDGE_CURVE('',#883,#884,#743,.T.);
#1107=EDGE_CURVE('',#854,#883,#467,.T.);
#1108=EDGE_CURVE('',#884,#853,#539,.T.);
#1109=EDGE_CURVE('',#885,#886,#744,.T.);
#1110=EDGE_CURVE('',#858,#885,#468,.T.);
#1111=EDGE_CURVE('',#886,#857,#540,.T.);
#1112=EDGE_CURVE('',#887,#888,#745,.T.);
#1113=EDGE_CURVE('',#862,#887,#469,.T.);
#1114=EDGE_CURVE('',#888,#861,#541,.T.);
#1115=EDGE_CURVE('',#889,#890,#746,.T.);
#1116=EDGE_CURVE('',#866,#889,#470,.T.);
#1117=EDGE_CURVE('',#890,#865,#542,.T.);
#1118=EDGE_CURVE('',#817,#788,#55,.T.);
#1119=EDGE_CURVE('',#787,#818,#56,.T.);
#1120=EDGE_CURVE('',#815,#784,#57,.T.);
#1121=EDGE_CURVE('',#783,#816,#58,.T.);
#1122=EDGE_CURVE('',#813,#780,#59,.T.);
#1123=EDGE_CURVE('',#779,#814,#60,.T.);
#1124=EDGE_CURVE('',#811,#776,#61,.T.);
#1125=EDGE_CURVE('',#775,#812,#62,.T.);
#1126=EDGE_CURVE('',#809,#772,#63,.T.);
#1127=EDGE_CURVE('',#771,#810,#64,.T.);
#1128=EDGE_CURVE('',#807,#768,#65,.T.);
#1129=EDGE_CURVE('',#767,#808,#66,.T.);
#1130=EDGE_CURVE('',#805,#764,#67,.T.);
#1131=EDGE_CURVE('',#763,#806,#68,.T.);
#1132=EDGE_CURVE('',#803,#760,#69,.T.);
#1133=EDGE_CURVE('',#759,#804,#70,.T.);
#1134=EDGE_CURVE('',#801,#756,#71,.T.);
#1135=EDGE_CURVE('',#755,#802,#72,.T.);
#1136=EDGE_CURVE('',#799,#752,#73,.T.);
#1137=EDGE_CURVE('',#751,#800,#74,.T.);
#1138=EDGE_CURVE('',#791,#796,#75,.T.);
#1139=EDGE_CURVE('',#795,#792,#76,.T.);
#1140=EDGE_CURVE('',#797,#748,#77,.T.);
#1141=EDGE_CURVE('',#747,#798,#78,.T.);
#1142=EDGE_CURVE('',#891,#891,#79,.T.);
#1143=EDGE_CURVE('',#891,#750,#80,.T.);
#1144=EDGE_CURVE('',#889,#860,#81,.T.);
#1145=EDGE_CURVE('',#859,#890,#82,.T.);
#1146=EDGE_CURVE('',#887,#856,#83,.T.);
#1147=EDGE_CURVE('',#855,#888,#84,.T.);
#1148=EDGE_CURVE('',#885,#852,#85,.T.);
#1149=EDGE_CURVE('',#851,#886,#86,.T.);
#1150=EDGE_CURVE('',#883,#848,#87,.T.);
#1151=EDGE_CURVE('',#847,#884,#88,.T.);
#1152=EDGE_CURVE('',#881,#844,#89,.T.);
#1153=EDGE_CURVE('',#843,#882,#90,.T.);
#1154=EDGE_CURVE('',#879,#840,#91,.T.);
#1155=EDGE_CURVE('',#839,#880,#92,.T.);
#1156=EDGE_CURVE('',#877,#836,#93,.T.);
#1157=EDGE_CURVE('',#835,#878,#94,.T.);
#1158=EDGE_CURVE('',#875,#832,#95,.T.);
#1159=EDGE_CURVE('',#831,#876,#96,.T.);
#1160=EDGE_CURVE('',#873,#828,#97,.T.);
#1161=EDGE_CURVE('',#827,#874,#98,.T.);
#1162=EDGE_CURVE('',#871,#824,#99,.T.);
#1163=EDGE_CURVE('',#823,#872,#100,.T.);
#1164=EDGE_CURVE('',#863,#868,#101,.T.);
#1165=EDGE_CURVE('',#867,#864,#102,.T.);
#1166=EDGE_CURVE('',#869,#820,#103,.T.);
#1167=EDGE_CURVE('',#819,#870,#104,.T.);
#1168=EDGE_CURVE('',#892,#892,#105,.T.);
#1169=EDGE_CURVE('',#892,#866,#106,.T.);
#1170=EDGE_CURVE('',#893,#894,#107,.T.);
#1171=EDGE_CURVE('',#895,#893,#543,.T.);
#1172=EDGE_CURVE('',#896,#895,#108,.T.);
#1173=EDGE_CURVE('',#897,#896,#544,.T.);
#1174=EDGE_CURVE('',#898,#897,#109,.T.);
#1175=EDGE_CURVE('',#899,#898,#545,.T.);
#1176=EDGE_CURVE('',#900,#899,#110,.T.);
#1177=EDGE_CURVE('',#900,#901,#546,.T.);
#1178=EDGE_CURVE('',#902,#901,#111,.T.);
#1179=EDGE_CURVE('',#903,#902,#547,.T.);
#1180=EDGE_CURVE('',#904,#903,#112,.T.);
#1181=EDGE_CURVE('',#905,#904,#548,.T.);
#1182=EDGE_CURVE('',#906,#905,#113,.T.);
#1183=EDGE_CURVE('',#894,#906,#549,.T.);
#1184=EDGE_CURVE('',#907,#907,#114,.T.);
#1185=EDGE_CURVE('',#908,#908,#115,.T.);
#1186=EDGE_CURVE('',#909,#910,#116,.T.);
#1187=EDGE_CURVE('',#910,#911,#117,.T.);
#1188=EDGE_CURVE('',#911,#912,#118,.T.);
#1189=EDGE_CURVE('',#912,#911,#119,.T.);
#1190=EDGE_CURVE('',#910,#909,#120,.T.);
#1191=EDGE_CURVE('',#913,#914,#121,.T.);
#1192=EDGE_CURVE('',#915,#913,#550,.T.);
#1193=EDGE_CURVE('',#916,#915,#122,.T.);
#1194=EDGE_CURVE('',#917,#916,#551,.T.);
#1195=EDGE_CURVE('',#918,#917,#123,.T.);
#1196=EDGE_CURVE('',#919,#918,#552,.T.);
#1197=EDGE_CURVE('',#920,#919,#124,.T.);
#1198=EDGE_CURVE('',#909,#920,#553,.T.);
#1199=EDGE_CURVE('',#921,#909,#554,.T.);
#1200=EDGE_CURVE('',#922,#921,#125,.T.);
#1201=EDGE_CURVE('',#923,#922,#555,.T.);
#1202=EDGE_CURVE('',#924,#923,#126,.T.);
#1203=EDGE_CURVE('',#925,#924,#556,.T.);
#1204=EDGE_CURVE('',#926,#925,#127,.T.);
#1205=EDGE_CURVE('',#914,#926,#557,.T.);
#1206=EDGE_CURVE('',#912,#927,#558,.T.);
#1207=EDGE_CURVE('',#927,#927,#128,.T.);
#1208=EDGE_CURVE('',#928,#928,#129,.T.);
#1209=EDGE_CURVE('',#928,#929,#559,.T.);
#1210=EDGE_CURVE('',#929,#929,#130,.T.);
#1211=EDGE_CURVE('',#930,#919,#131,.T.);
#1212=EDGE_CURVE('',#931,#930,#132,.F.);
#1213=EDGE_CURVE('',#920,#931,#133,.T.);
#1214=EDGE_CURVE('',#894,#931,#560,.T.);
#1215=EDGE_CURVE('',#930,#893,#561,.T.);
#1216=EDGE_CURVE('',#932,#921,#134,.T.);
#1217=EDGE_CURVE('',#933,#932,#135,.F.);
#1218=EDGE_CURVE('',#922,#933,#136,.T.);
#1219=EDGE_CURVE('',#905,#933,#562,.T.);
#1220=EDGE_CURVE('',#932,#906,#563,.T.);
#1221=EDGE_CURVE('',#934,#917,#137,.T.);
#1222=EDGE_CURVE('',#935,#934,#138,.F.);
#1223=EDGE_CURVE('',#918,#935,#139,.T.);
#1224=EDGE_CURVE('',#895,#935,#564,.T.);
#1225=EDGE_CURVE('',#934,#896,#565,.T.);
#1226=EDGE_CURVE('',#935,#930,#566,.T.);
#1227=EDGE_CURVE('',#936,#923,#140,.T.);
#1228=EDGE_CURVE('',#937,#936,#141,.F.);
#1229=EDGE_CURVE('',#924,#937,#142,.T.);
#1230=EDGE_CURVE('',#903,#937,#567,.T.);
#1231=EDGE_CURVE('',#936,#904,#568,.T.);
#1232=EDGE_CURVE('',#938,#915,#143,.T.);
#1233=EDGE_CURVE('',#939,#938,#144,.F.);
#1234=EDGE_CURVE('',#916,#939,#145,.T.);
#1235=EDGE_CURVE('',#897,#939,#569,.T.);
#1236=EDGE_CURVE('',#938,#898,#570,.T.);
#1237=EDGE_CURVE('',#939,#934,#571,.T.);
#1238=EDGE_CURVE('',#940,#925,#146,.T.);
#1239=EDGE_CURVE('',#941,#940,#147,.F.);
#1240=EDGE_CURVE('',#926,#941,#148,.T.);
#1241=EDGE_CURVE('',#901,#941,#572,.T.);
#1242=EDGE_CURVE('',#940,#902,#573,.T.);
#1243=EDGE_CURVE('',#942,#914,#149,.T.);
#1244=EDGE_CURVE('',#941,#942,#574,.T.);
#1245=EDGE_CURVE('',#928,#913,#150,.T.);
#1246=EDGE_CURVE('',#942,#943,#151,.T.);
#1247=EDGE_CURVE('',#943,#913,#152,.T.);
#1248=EDGE_CURVE('',#943,#938,#575,.T.);
#1249=EDGE_CURVE('',#937,#940,#576,.T.);
#1250=EDGE_CURVE('',#933,#936,#577,.T.);
#1251=EDGE_CURVE('',#931,#932,#578,.T.);
#1252=EDGE_CURVE('',#899,#943,#579,.T.);
#1253=EDGE_CURVE('',#900,#942,#580,.T.);
#1254=EDGE_CURVE('',#944,#944,#153,.T.);
#1255=EDGE_CURVE('',#944,#945,#581,.T.);
#1256=EDGE_CURVE('',#945,#945,#154,.T.);
#1257=EDGE_CURVE('',#946,#946,#155,.T.);
#1258=EDGE_CURVE('',#946,#907,#582,.T.);
#1259=EDGE_CURVE('',#947,#947,#156,.T.);
#1260=EDGE_CURVE('',#947,#948,#583,.T.);
#1261=EDGE_CURVE('',#948,#948,#157,.T.);
#1262=EDGE_CURVE('',#949,#949,#158,.T.);
#1263=EDGE_CURVE('',#949,#908,#584,.T.);
#1264=ORIENTED_EDGE('',*,*,#950,.F.);
#1265=ORIENTED_EDGE('',*,*,#951,.F.);
#1266=ORIENTED_EDGE('',*,*,#952,.F.);
#1267=ORIENTED_EDGE('',*,*,#953,.F.);
#1268=ORIENTED_EDGE('',*,*,#954,.F.);
#1269=ORIENTED_EDGE('',*,*,#955,.F.);
#1270=ORIENTED_EDGE('',*,*,#956,.F.);
#1271=ORIENTED_EDGE('',*,*,#957,.F.);
#1272=ORIENTED_EDGE('',*,*,#958,.F.);
#1273=ORIENTED_EDGE('',*,*,#959,.F.);
#1274=ORIENTED_EDGE('',*,*,#960,.F.);
#1275=ORIENTED_EDGE('',*,*,#961,.F.);
#1276=ORIENTED_EDGE('',*,*,#962,.F.);
#1277=ORIENTED_EDGE('',*,*,#963,.F.);
#1278=ORIENTED_EDGE('',*,*,#964,.F.);
#1279=ORIENTED_EDGE('',*,*,#965,.F.);
#1280=ORIENTED_EDGE('',*,*,#966,.F.);
#1281=ORIENTED_EDGE('',*,*,#967,.F.);
#1282=ORIENTED_EDGE('',*,*,#968,.F.);
#1283=ORIENTED_EDGE('',*,*,#969,.F.);
#1284=ORIENTED_EDGE('',*,*,#970,.F.);
#1285=ORIENTED_EDGE('',*,*,#971,.F.);
#1286=ORIENTED_EDGE('',*,*,#972,.F.);
#1287=ORIENTED_EDGE('',*,*,#973,.F.);
#1288=ORIENTED_EDGE('',*,*,#974,.F.);
#1289=ORIENTED_EDGE('',*,*,#975,.F.);
#1290=ORIENTED_EDGE('',*,*,#976,.F.);
#1291=ORIENTED_EDGE('',*,*,#977,.F.);
#1292=ORIENTED_EDGE('',*,*,#978,.F.);
#1293=ORIENTED_EDGE('',*,*,#979,.F.);
#1294=ORIENTED_EDGE('',*,*,#980,.F.);
#1295=ORIENTED_EDGE('',*,*,#981,.F.);
#1296=ORIENTED_EDGE('',*,*,#982,.F.);
#1297=ORIENTED_EDGE('',*,*,#983,.F.);
#1298=ORIENTED_EDGE('',*,*,#984,.F.);
#1299=ORIENTED_EDGE('',*,*,#985,.F.);
#1300=ORIENTED_EDGE('',*,*,#986,.F.);
#1301=ORIENTED_EDGE('',*,*,#987,.F.);
#1302=ORIENTED_EDGE('',*,*,#988,.F.);
#1303=ORIENTED_EDGE('',*,*,#989,.F.);
#1304=ORIENTED_EDGE('',*,*,#990,.F.);
#1305=ORIENTED_EDGE('',*,*,#991,.F.);
#1306=ORIENTED_EDGE('',*,*,#992,.F.);
#1307=ORIENTED_EDGE('',*,*,#993,.F.);
#1308=ORIENTED_EDGE('',*,*,#994,.F.);
#1309=ORIENTED_EDGE('',*,*,#995,.F.);
#1310=ORIENTED_EDGE('',*,*,#996,.F.);
#1311=ORIENTED_EDGE('',*,*,#997,.F.);
#1312=ORIENTED_EDGE('',*,*,#998,.F.);
#1313=ORIENTED_EDGE('',*,*,#999,.F.);
#1314=ORIENTED_EDGE('',*,*,#952,.T.);
#1315=ORIENTED_EDGE('',*,*,#1000,.F.);
#1316=ORIENTED_EDGE('',*,*,#1001,.F.);
#1317=ORIENTED_EDGE('',*,*,#1002,.F.);
#1318=ORIENTED_EDGE('',*,*,#956,.T.);
#1319=ORIENTED_EDGE('',*,*,#1003,.F.);
#1320=ORIENTED_EDGE('',*,*,#1004,.F.);
#1321=ORIENTED_EDGE('',*,*,#1005,.F.);
#1322=ORIENTED_EDGE('',*,*,#960,.T.);
#1323=ORIENTED_EDGE('',*,*,#1006,.F.);
#1324=ORIENTED_EDGE('',*,*,#1007,.F.);
#1325=ORIENTED_EDGE('',*,*,#1008,.F.);
#1326=ORIENTED_EDGE('',*,*,#964,.T.);
#1327=ORIENTED_EDGE('',*,*,#1009,.F.);
#1328=ORIENTED_EDGE('',*,*,#1010,.F.);
#1329=ORIENTED_EDGE('',*,*,#1011,.F.);
#1330=ORIENTED_EDGE('',*,*,#968,.T.);
#1331=ORIENTED_EDGE('',*,*,#1012,.F.);
#1332=ORIENTED_EDGE('',*,*,#1013,.F.);
#1333=ORIENTED_EDGE('',*,*,#1014,.F.);
#1334=ORIENTED_EDGE('',*,*,#972,.T.);
#1335=ORIENTED_EDGE('',*,*,#1015,.F.);
#1336=ORIENTED_EDGE('',*,*,#1016,.F.);
#1337=ORIENTED_EDGE('',*,*,#1017,.F.);
#1338=ORIENTED_EDGE('',*,*,#976,.T.);
#1339=ORIENTED_EDGE('',*,*,#1018,.F.);
#1340=ORIENTED_EDGE('',*,*,#1019,.F.);
#1341=ORIENTED_EDGE('',*,*,#1020,.F.);
#1342=ORIENTED_EDGE('',*,*,#980,.T.);
#1343=ORIENTED_EDGE('',*,*,#1021,.F.);
#1344=ORIENTED_EDGE('',*,*,#1022,.F.);
#1345=ORIENTED_EDGE('',*,*,#1023,.F.);
#1346=ORIENTED_EDGE('',*,*,#984,.T.);
#1347=ORIENTED_EDGE('',*,*,#1024,.F.);
#1348=ORIENTED_EDGE('',*,*,#1025,.F.);
#1349=ORIENTED_EDGE('',*,*,#1026,.F.);
#1350=ORIENTED_EDGE('',*,*,#988,.T.);
#1351=ORIENTED_EDGE('',*,*,#1027,.F.);
#1352=ORIENTED_EDGE('',*,*,#1028,.F.);
#1353=ORIENTED_EDGE('',*,*,#1029,.F.);
#1354=ORIENTED_EDGE('',*,*,#992,.T.);
#1355=ORIENTED_EDGE('',*,*,#1030,.F.);
#1356=ORIENTED_EDGE('',*,*,#1031,.F.);
#1357=ORIENTED_EDGE('',*,*,#1032,.F.);
#1358=ORIENTED_EDGE('',*,*,#996,.T.);
#1359=ORIENTED_EDGE('',*,*,#1033,.F.);
#1360=ORIENTED_EDGE('',*,*,#1034,.F.);
#1361=ORIENTED_EDGE('',*,*,#1035,.F.);
#1362=ORIENTED_EDGE('',*,*,#1036,.F.);
#1363=ORIENTED_EDGE('',*,*,#1037,.F.);
#1364=ORIENTED_EDGE('',*,*,#1038,.F.);
#1365=ORIENTED_EDGE('',*,*,#1039,.F.);
#1366=ORIENTED_EDGE('',*,*,#1040,.F.);
#1367=ORIENTED_EDGE('',*,*,#1041,.F.);
#1368=ORIENTED_EDGE('',*,*,#1042,.F.);
#1369=ORIENTED_EDGE('',*,*,#1043,.F.);
#1370=ORIENTED_EDGE('',*,*,#1044,.F.);
#1371=ORIENTED_EDGE('',*,*,#1045,.F.);
#1372=ORIENTED_EDGE('',*,*,#1046,.F.);
#1373=ORIENTED_EDGE('',*,*,#1047,.F.);
#1374=ORIENTED_EDGE('',*,*,#1048,.F.);
#1375=ORIENTED_EDGE('',*,*,#1049,.F.);
#1376=ORIENTED_EDGE('',*,*,#1050,.F.);
#1377=ORIENTED_EDGE('',*,*,#1051,.F.);
#1378=ORIENTED_EDGE('',*,*,#1052,.F.);
#1379=ORIENTED_EDGE('',*,*,#1053,.F.);
#1380=ORIENTED_EDGE('',*,*,#1054,.F.);
#1381=ORIENTED_EDGE('',*,*,#1055,.F.);
#1382=ORIENTED_EDGE('',*,*,#1056,.F.);
#1383=ORIENTED_EDGE('',*,*,#1057,.F.);
#1384=ORIENTED_EDGE('',*,*,#1058,.F.);
#1385=ORIENTED_EDGE('',*,*,#1059,.F.);
#1386=ORIENTED_EDGE('',*,*,#1060,.F.);
#1387=ORIENTED_EDGE('',*,*,#1061,.F.);
#1388=ORIENTED_EDGE('',*,*,#1062,.F.);
#1389=ORIENTED_EDGE('',*,*,#1063,.F.);
#1390=ORIENTED_EDGE('',*,*,#1064,.F.);
#1391=ORIENTED_EDGE('',*,*,#1065,.F.);
#1392=ORIENTED_EDGE('',*,*,#1066,.F.);
#1393=ORIENTED_EDGE('',*,*,#1067,.F.);
#1394=ORIENTED_EDGE('',*,*,#1068,.F.);
#1395=ORIENTED_EDGE('',*,*,#1069,.F.);
#1396=ORIENTED_EDGE('',*,*,#1070,.F.);
#1397=ORIENTED_EDGE('',*,*,#1071,.F.);
#1398=ORIENTED_EDGE('',*,*,#1072,.F.);
#1399=ORIENTED_EDGE('',*,*,#1073,.F.);
#1400=ORIENTED_EDGE('',*,*,#1074,.F.);
#1401=ORIENTED_EDGE('',*,*,#1075,.F.);
#1402=ORIENTED_EDGE('',*,*,#1076,.F.);
#1403=ORIENTED_EDGE('',*,*,#1077,.F.);
#1404=ORIENTED_EDGE('',*,*,#1078,.F.);
#1405=ORIENTED_EDGE('',*,*,#1079,.F.);
#1406=ORIENTED_EDGE('',*,*,#1080,.F.);
#1407=ORIENTED_EDGE('',*,*,#1081,.F.);
#1408=ORIENTED_EDGE('',*,*,#1082,.F.);
#1409=ORIENTED_EDGE('',*,*,#1083,.F.);
#1410=ORIENTED_EDGE('',*,*,#1036,.T.);
#1411=ORIENTED_EDGE('',*,*,#1084,.F.);
#1412=ORIENTED_EDGE('',*,*,#1085,.F.);
#1413=ORIENTED_EDGE('',*,*,#1086,.F.);
#1414=ORIENTED_EDGE('',*,*,#1040,.T.);
#1415=ORIENTED_EDGE('',*,*,#1087,.F.);
#1416=ORIENTED_EDGE('',*,*,#1088,.F.);
#1417=ORIENTED_EDGE('',*,*,#1089,.F.);
#1418=ORIENTED_EDGE('',*,*,#1044,.T.);
#1419=ORIENTED_EDGE('',*,*,#1090,.F.);
#1420=ORIENTED_EDGE('',*,*,#1091,.F.);
#1421=ORIENTED_EDGE('',*,*,#1092,.F.);
#1422=ORIENTED_EDGE('',*,*,#1048,.T.);
#1423=ORIENTED_EDGE('',*,*,#1093,.F.);
#1424=ORIENTED_EDGE('',*,*,#1094,.F.);
#1425=ORIENTED_EDGE('',*,*,#1095,.F.);
#1426=ORIENTED_EDGE('',*,*,#1052,.T.);
#1427=ORIENTED_EDGE('',*,*,#1096,.F.);
#1428=ORIENTED_EDGE('',*,*,#1097,.F.);
#1429=ORIENTED_EDGE('',*,*,#1098,.F.);
#1430=ORIENTED_EDGE('',*,*,#1056,.T.);
#1431=ORIENTED_EDGE('',*,*,#1099,.F.);
#1432=ORIENTED_EDGE('',*,*,#1100,.F.);
#1433=ORIENTED_EDGE('',*,*,#1101,.F.);
#1434=ORIENTED_EDGE('',*,*,#1060,.T.);
#1435=ORIENTED_EDGE('',*,*,#1102,.F.);
#1436=ORIENTED_EDGE('',*,*,#1103,.F.);
#1437=ORIENTED_EDGE('',*,*,#1104,.F.);
#1438=ORIENTED_EDGE('',*,*,#1064,.T.);
#1439=ORIENTED_EDGE('',*,*,#1105,.F.);
#1440=ORIENTED_EDGE('',*,*,#1106,.F.);
#1441=ORIENTED_EDGE('',*,*,#1107,.F.);
#1442=ORIENTED_EDGE('',*,*,#1068,.T.);
#1443=ORIENTED_EDGE('',*,*,#1108,.F.);
#1444=ORIENTED_EDGE('',*,*,#1109,.F.);
#1445=ORIENTED_EDGE('',*,*,#1110,.F.);
#1446=ORIENTED_EDGE('',*,*,#1072,.T.);
#1447=ORIENTED_EDGE('',*,*,#1111,.F.);
#1448=ORIENTED_EDGE('',*,*,#1112,.F.);
#1449=ORIENTED_EDGE('',*,*,#1113,.F.);
#1450=ORIENTED_EDGE('',*,*,#1076,.T.);
#1451=ORIENTED_EDGE('',*,*,#1114,.F.);
#1452=ORIENTED_EDGE('',*,*,#1115,.F.);
#1453=ORIENTED_EDGE('',*,*,#1116,.F.);
#1454=ORIENTED_EDGE('',*,*,#1080,.T.);
#1455=ORIENTED_EDGE('',*,*,#1117,.F.);
#1456=ORIENTED_EDGE('',*,*,#990,.T.);
#1457=ORIENTED_EDGE('',*,*,#1118,.F.);
#1458=ORIENTED_EDGE('',*,*,#1031,.T.);
#1459=ORIENTED_EDGE('',*,*,#1119,.F.);
#1460=ORIENTED_EDGE('',*,*,#986,.T.);
#1461=ORIENTED_EDGE('',*,*,#1120,.F.);
#1462=ORIENTED_EDGE('',*,*,#1028,.T.);
#1463=ORIENTED_EDGE('',*,*,#1121,.F.);
#1464=ORIENTED_EDGE('',*,*,#982,.T.);
#1465=ORIENTED_EDGE('',*,*,#1122,.F.);
#1466=ORIENTED_EDGE('',*,*,#1025,.T.);
#1467=ORIENTED_EDGE('',*,*,#1123,.F.);
#1468=ORIENTED_EDGE('',*,*,#978,.T.);
#1469=ORIENTED_EDGE('',*,*,#1124,.F.);
#1470=ORIENTED_EDGE('',*,*,#1022,.T.);
#1471=ORIENTED_EDGE('',*,*,#1125,.F.);
#1472=ORIENTED_EDGE('',*,*,#974,.T.);
#1473=ORIENTED_EDGE('',*,*,#1126,.F.);
#1474=ORIENTED_EDGE('',*,*,#1019,.T.);
#1475=ORIENTED_EDGE('',*,*,#1127,.F.);
#1476=ORIENTED_EDGE('',*,*,#970,.T.);
#1477=ORIENTED_EDGE('',*,*,#1128,.F.);
#1478=ORIENTED_EDGE('',*,*,#1016,.T.);
#1479=ORIENTED_EDGE('',*,*,#1129,.F.);
#1480=ORIENTED_EDGE('',*,*,#966,.T.);
#1481=ORIENTED_EDGE('',*,*,#1130,.F.);
#1482=ORIENTED_EDGE('',*,*,#1013,.T.);
#1483=ORIENTED_EDGE('',*,*,#1131,.F.);
#1484=ORIENTED_EDGE('',*,*,#962,.T.);
#1485=ORIENTED_EDGE('',*,*,#1132,.F.);
#1486=ORIENTED_EDGE('',*,*,#1010,.T.);
#1487=ORIENTED_EDGE('',*,*,#1133,.F.);
#1488=ORIENTED_EDGE('',*,*,#958,.T.);
#1489=ORIENTED_EDGE('',*,*,#1134,.F.);
#1490=ORIENTED_EDGE('',*,*,#1007,.T.);
#1491=ORIENTED_EDGE('',*,*,#1135,.F.);
#1492=ORIENTED_EDGE('',*,*,#954,.T.);
#1493=ORIENTED_EDGE('',*,*,#1136,.F.);
#1494=ORIENTED_EDGE('',*,*,#1004,.T.);
#1495=ORIENTED_EDGE('',*,*,#1137,.F.);
#1496=ORIENTED_EDGE('',*,*,#998,.T.);
#1497=ORIENTED_EDGE('',*,*,#1138,.F.);
#1498=ORIENTED_EDGE('',*,*,#994,.T.);
#1499=ORIENTED_EDGE('',*,*,#1139,.F.);
#1500=ORIENTED_EDGE('',*,*,#950,.T.);
#1501=ORIENTED_EDGE('',*,*,#1140,.F.);
#1502=ORIENTED_EDGE('',*,*,#1001,.T.);
#1503=ORIENTED_EDGE('',*,*,#1141,.F.);
#1504=ORIENTED_EDGE('',*,*,#1142,.T.);
#1505=ORIENTED_EDGE('',*,*,#1143,.T.);
#1506=ORIENTED_EDGE('',*,*,#999,.T.);
#1507=ORIENTED_EDGE('',*,*,#1139,.T.);
#1508=ORIENTED_EDGE('',*,*,#997,.T.);
#1509=ORIENTED_EDGE('',*,*,#1032,.T.);
#1510=ORIENTED_EDGE('',*,*,#1118,.T.);
#1511=ORIENTED_EDGE('',*,*,#993,.T.);
#1512=ORIENTED_EDGE('',*,*,#1029,.T.);
#1513=ORIENTED_EDGE('',*,*,#1120,.T.);
#1514=ORIENTED_EDGE('',*,*,#989,.T.);
#1515=ORIENTED_EDGE('',*,*,#1026,.T.);
#1516=ORIENTED_EDGE('',*,*,#1122,.T.);
#1517=ORIENTED_EDGE('',*,*,#985,.T.);
#1518=ORIENTED_EDGE('',*,*,#1023,.T.);
#1519=ORIENTED_EDGE('',*,*,#1124,.T.);
#1520=ORIENTED_EDGE('',*,*,#981,.T.);
#1521=ORIENTED_EDGE('',*,*,#1020,.T.);
#1522=ORIENTED_EDGE('',*,*,#1126,.T.);
#1523=ORIENTED_EDGE('',*,*,#977,.T.);
#1524=ORIENTED_EDGE('',*,*,#1017,.T.);
#1525=ORIENTED_EDGE('',*,*,#1128,.T.);
#1526=ORIENTED_EDGE('',*,*,#973,.T.);
#1527=ORIENTED_EDGE('',*,*,#1014,.T.);
#1528=ORIENTED_EDGE('',*,*,#1130,.T.);
#1529=ORIENTED_EDGE('',*,*,#969,.T.);
#1530=ORIENTED_EDGE('',*,*,#1011,.T.);
#1531=ORIENTED_EDGE('',*,*,#1132,.T.);
#1532=ORIENTED_EDGE('',*,*,#965,.T.);
#1533=ORIENTED_EDGE('',*,*,#1008,.T.);
#1534=ORIENTED_EDGE('',*,*,#1134,.T.);
#1535=ORIENTED_EDGE('',*,*,#961,.T.);
#1536=ORIENTED_EDGE('',*,*,#1005,.T.);
#1537=ORIENTED_EDGE('',*,*,#1136,.T.);
#1538=ORIENTED_EDGE('',*,*,#957,.T.);
#1539=ORIENTED_EDGE('',*,*,#1002,.T.);
#1540=ORIENTED_EDGE('',*,*,#1140,.T.);
#1541=ORIENTED_EDGE('',*,*,#953,.T.);
#1542=ORIENTED_EDGE('',*,*,#1143,.F.);
#1543=ORIENTED_EDGE('',*,*,#1074,.T.);
#1544=ORIENTED_EDGE('',*,*,#1144,.F.);
#1545=ORIENTED_EDGE('',*,*,#1115,.T.);
#1546=ORIENTED_EDGE('',*,*,#1145,.F.);
#1547=ORIENTED_EDGE('',*,*,#1070,.T.);
#1548=ORIENTED_EDGE('',*,*,#1146,.F.);
#1549=ORIENTED_EDGE('',*,*,#1112,.T.);
#1550=ORIENTED_EDGE('',*,*,#1147,.F.);
#1551=ORIENTED_EDGE('',*,*,#1066,.T.);
#1552=ORIENTED_EDGE('',*,*,#1148,.F.);
#1553=ORIENTED_EDGE('',*,*,#1109,.T.);
#1554=ORIENTED_EDGE('',*,*,#1149,.F.);
#1555=ORIENTED_EDGE('',*,*,#1062,.T.);
#1556=ORIENTED_EDGE('',*,*,#1150,.F.);
#1557=ORIENTED_EDGE('',*,*,#1106,.T.);
#1558=ORIENTED_EDGE('',*,*,#1151,.F.);
#1559=ORIENTED_EDGE('',*,*,#1058,.T.);
#1560=ORIENTED_EDGE('',*,*,#1152,.F.);
#1561=ORIENTED_EDGE('',*,*,#1103,.T.);
#1562=ORIENTED_EDGE('',*,*,#1153,.F.);
#1563=ORIENTED_EDGE('',*,*,#1054,.T.);
#1564=ORIENTED_EDGE('',*,*,#1154,.F.);
#1565=ORIENTED_EDGE('',*,*,#1100,.T.);
#1566=ORIENTED_EDGE('',*,*,#1155,.F.);
#1567=ORIENTED_EDGE('',*,*,#1050,.T.);
#1568=ORIENTED_EDGE('',*,*,#1156,.F.);
#1569=ORIENTED_EDGE('',*,*,#1097,.T.);
#1570=ORIENTED_EDGE('',*,*,#1157,.F.);
#1571=ORIENTED_EDGE('',*,*,#1046,.T.);
#1572=ORIENTED_EDGE('',*,*,#1158,.F.);
#1573=ORIENTED_EDGE('',*,*,#1094,.T.);
#1574=ORIENTED_EDGE('',*,*,#1159,.F.);
#1575=ORIENTED_EDGE('',*,*,#1042,.T.);
#1576=ORIENTED_EDGE('',*,*,#1160,.F.);
#1577=ORIENTED_EDGE('',*,*,#1091,.T.);
#1578=ORIENTED_EDGE('',*,*,#1161,.F.);
#1579=ORIENTED_EDGE('',*,*,#1038,.T.);
#1580=ORIENTED_EDGE('',*,*,#1162,.F.);
#1581=ORIENTED_EDGE('',*,*,#1088,.T.);
#1582=ORIENTED_EDGE('',*,*,#1163,.F.);
#1583=ORIENTED_EDGE('',*,*,#1082,.T.);
#1584=ORIENTED_EDGE('',*,*,#1164,.F.);
#1585=ORIENTED_EDGE('',*,*,#1078,.T.);
#1586=ORIENTED_EDGE('',*,*,#1165,.F.);
#1587=ORIENTED_EDGE('',*,*,#1034,.T.);
#1588=ORIENTED_EDGE('',*,*,#1166,.F.);
#1589=ORIENTED_EDGE('',*,*,#1085,.T.);
#1590=ORIENTED_EDGE('',*,*,#1167,.F.);
#1591=ORIENTED_EDGE('',*,*,#1168,.T.);
#1592=ORIENTED_EDGE('',*,*,#1169,.T.);
#1593=ORIENTED_EDGE('',*,*,#1116,.T.);
#1594=ORIENTED_EDGE('',*,*,#1144,.T.);
#1595=ORIENTED_EDGE('',*,*,#1077,.T.);
#1596=ORIENTED_EDGE('',*,*,#1113,.T.);
#1597=ORIENTED_EDGE('',*,*,#1146,.T.);
#1598=ORIENTED_EDGE('',*,*,#1073,.T.);
#1599=ORIENTED_EDGE('',*,*,#1110,.T.);
#1600=ORIENTED_EDGE('',*,*,#1148,.T.);
#1601=ORIENTED_EDGE('',*,*,#1069,.T.);
#1602=ORIENTED_EDGE('',*,*,#1107,.T.);
#1603=ORIENTED_EDGE('',*,*,#1150,.T.);
#1604=ORIENTED_EDGE('',*,*,#1065,.T.);
#1605=ORIENTED_EDGE('',*,*,#1104,.T.);
#1606=ORIENTED_EDGE('',*,*,#1152,.T.);
#1607=ORIENTED_EDGE('',*,*,#1061,.T.);
#1608=ORIENTED_EDGE('',*,*,#1101,.T.);
#1609=ORIENTED_EDGE('',*,*,#1154,.T.);
#1610=ORIENTED_EDGE('',*,*,#1057,.T.);
#1611=ORIENTED_EDGE('',*,*,#1098,.T.);
#1612=ORIENTED_EDGE('',*,*,#1156,.T.);
#1613=ORIENTED_EDGE('',*,*,#1053,.T.);
#1614=ORIENTED_EDGE('',*,*,#1095,.T.);
#1615=ORIENTED_EDGE('',*,*,#1158,.T.);
#1616=ORIENTED_EDGE('',*,*,#1049,.T.);
#1617=ORIENTED_EDGE('',*,*,#1092,.T.);
#1618=ORIENTED_EDGE('',*,*,#1160,.T.);
#1619=ORIENTED_EDGE('',*,*,#1045,.T.);
#1620=ORIENTED_EDGE('',*,*,#1089,.T.);
#1621=ORIENTED_EDGE('',*,*,#1162,.T.);
#1622=ORIENTED_EDGE('',*,*,#1041,.T.);
#1623=ORIENTED_EDGE('',*,*,#1086,.T.);
#1624=ORIENTED_EDGE('',*,*,#1166,.T.);
#1625=ORIENTED_EDGE('',*,*,#1037,.T.);
#1626=ORIENTED_EDGE('',*,*,#1083,.T.);
#1627=ORIENTED_EDGE('',*,*,#1165,.T.);
#1628=ORIENTED_EDGE('',*,*,#1081,.T.);
#1629=ORIENTED_EDGE('',*,*,#1169,.F.);
#1630=ORIENTED_EDGE('',*,*,#1170,.F.);
#1631=ORIENTED_EDGE('',*,*,#1171,.F.);
#1632=ORIENTED_EDGE('',*,*,#1172,.F.);
#1633=ORIENTED_EDGE('',*,*,#1173,.F.);
#1634=ORIENTED_EDGE('',*,*,#1174,.F.);
#1635=ORIENTED_EDGE('',*,*,#1175,.F.);
#1636=ORIENTED_EDGE('',*,*,#1176,.F.);
#1637=ORIENTED_EDGE('',*,*,#1177,.T.);
#1638=ORIENTED_EDGE('',*,*,#1178,.F.);
#1639=ORIENTED_EDGE('',*,*,#1179,.F.);
#1640=ORIENTED_EDGE('',*,*,#1180,.F.);
#1641=ORIENTED_EDGE('',*,*,#1181,.F.);
#1642=ORIENTED_EDGE('',*,*,#1182,.F.);
#1643=ORIENTED_EDGE('',*,*,#1183,.F.);
#1644=ORIENTED_EDGE('',*,*,#1168,.F.);
#1645=ORIENTED_EDGE('',*,*,#1184,.F.);
#1646=ORIENTED_EDGE('',*,*,#1185,.F.);
#1647=ORIENTED_EDGE('',*,*,#1142,.F.);
#1648=ORIENTED_EDGE('',*,*,#1186,.T.);
#1649=ORIENTED_EDGE('',*,*,#1187,.T.);
#1650=ORIENTED_EDGE('',*,*,#1188,.T.);
#1651=ORIENTED_EDGE('',*,*,#1189,.T.);
#1652=ORIENTED_EDGE('',*,*,#1187,.F.);
#1653=ORIENTED_EDGE('',*,*,#1190,.T.);
#1654=ORIENTED_EDGE('',*,*,#1191,.F.);
#1655=ORIENTED_EDGE('',*,*,#1192,.F.);
#1656=ORIENTED_EDGE('',*,*,#1193,.F.);
#1657=ORIENTED_EDGE('',*,*,#1194,.F.);
#1658=ORIENTED_EDGE('',*,*,#1195,.F.);
#1659=ORIENTED_EDGE('',*,*,#1196,.F.);
#1660=ORIENTED_EDGE('',*,*,#1197,.F.);
#1661=ORIENTED_EDGE('',*,*,#1198,.F.);
#1662=ORIENTED_EDGE('',*,*,#1190,.F.);
#1663=ORIENTED_EDGE('',*,*,#1186,.F.);
#1664=ORIENTED_EDGE('',*,*,#1199,.F.);
#1665=ORIENTED_EDGE('',*,*,#1200,.F.);
#1666=ORIENTED_EDGE('',*,*,#1201,.F.);
#1667=ORIENTED_EDGE('',*,*,#1202,.F.);
#1668=ORIENTED_EDGE('',*,*,#1203,.F.);
#1669=ORIENTED_EDGE('',*,*,#1204,.F.);
#1670=ORIENTED_EDGE('',*,*,#1205,.F.);
#1671=ORIENTED_EDGE('',*,*,#951,.T.);
#1672=ORIENTED_EDGE('',*,*,#1141,.T.);
#1673=ORIENTED_EDGE('',*,*,#1003,.T.);
#1674=ORIENTED_EDGE('',*,*,#955,.T.);
#1675=ORIENTED_EDGE('',*,*,#1137,.T.);
#1676=ORIENTED_EDGE('',*,*,#1006,.T.);
#1677=ORIENTED_EDGE('',*,*,#959,.T.);
#1678=ORIENTED_EDGE('',*,*,#1135,.T.);
#1679=ORIENTED_EDGE('',*,*,#1009,.T.);
#1680=ORIENTED_EDGE('',*,*,#963,.T.);
#1681=ORIENTED_EDGE('',*,*,#1133,.T.);
#1682=ORIENTED_EDGE('',*,*,#1012,.T.);
#1683=ORIENTED_EDGE('',*,*,#967,.T.);
#1684=ORIENTED_EDGE('',*,*,#1131,.T.);
#1685=ORIENTED_EDGE('',*,*,#1015,.T.);
#1686=ORIENTED_EDGE('',*,*,#971,.T.);
#1687=ORIENTED_EDGE('',*,*,#1129,.T.);
#1688=ORIENTED_EDGE('',*,*,#1018,.T.);
#1689=ORIENTED_EDGE('',*,*,#975,.T.);
#1690=ORIENTED_EDGE('',*,*,#1127,.T.);
#1691=ORIENTED_EDGE('',*,*,#1021,.T.);
#1692=ORIENTED_EDGE('',*,*,#979,.T.);
#1693=ORIENTED_EDGE('',*,*,#1125,.T.);
#1694=ORIENTED_EDGE('',*,*,#1024,.T.);
#1695=ORIENTED_EDGE('',*,*,#983,.T.);
#1696=ORIENTED_EDGE('',*,*,#1123,.T.);
#1697=ORIENTED_EDGE('',*,*,#1027,.T.);
#1698=ORIENTED_EDGE('',*,*,#987,.T.);
#1699=ORIENTED_EDGE('',*,*,#1121,.T.);
#1700=ORIENTED_EDGE('',*,*,#1030,.T.);
#1701=ORIENTED_EDGE('',*,*,#991,.T.);
#1702=ORIENTED_EDGE('',*,*,#1119,.T.);
#1703=ORIENTED_EDGE('',*,*,#1033,.T.);
#1704=ORIENTED_EDGE('',*,*,#995,.T.);
#1705=ORIENTED_EDGE('',*,*,#1138,.T.);
#1706=ORIENTED_EDGE('',*,*,#1000,.T.);
#1707=ORIENTED_EDGE('',*,*,#1035,.T.);
#1708=ORIENTED_EDGE('',*,*,#1167,.T.);
#1709=ORIENTED_EDGE('',*,*,#1087,.T.);
#1710=ORIENTED_EDGE('',*,*,#1039,.T.);
#1711=ORIENTED_EDGE('',*,*,#1163,.T.);
#1712=ORIENTED_EDGE('',*,*,#1090,.T.);
#1713=ORIENTED_EDGE('',*,*,#1043,.T.);
#1714=ORIENTED_EDGE('',*,*,#1161,.T.);
#1715=ORIENTED_EDGE('',*,*,#1093,.T.);
#1716=ORIENTED_EDGE('',*,*,#1047,.T.);
#1717=ORIENTED_EDGE('',*,*,#1159,.T.);
#1718=ORIENTED_EDGE('',*,*,#1096,.T.);
#1719=ORIENTED_EDGE('',*,*,#1051,.T.);
#1720=ORIENTED_EDGE('',*,*,#1157,.T.);
#1721=ORIENTED_EDGE('',*,*,#1099,.T.);
#1722=ORIENTED_EDGE('',*,*,#1055,.T.);
#1723=ORIENTED_EDGE('',*,*,#1155,.T.);
#1724=ORIENTED_EDGE('',*,*,#1102,.T.);
#1725=ORIENTED_EDGE('',*,*,#1059,.T.);
#1726=ORIENTED_EDGE('',*,*,#1153,.T.);
#1727=ORIENTED_EDGE('',*,*,#1105,.T.);
#1728=ORIENTED_EDGE('',*,*,#1063,.T.);
#1729=ORIENTED_EDGE('',*,*,#1151,.T.);
#1730=ORIENTED_EDGE('',*,*,#1108,.T.);
#1731=ORIENTED_EDGE('',*,*,#1067,.T.);
#1732=ORIENTED_EDGE('',*,*,#1149,.T.);
#1733=ORIENTED_EDGE('',*,*,#1111,.T.);
#1734=ORIENTED_EDGE('',*,*,#1071,.T.);
#1735=ORIENTED_EDGE('',*,*,#1147,.T.);
#1736=ORIENTED_EDGE('',*,*,#1114,.T.);
#1737=ORIENTED_EDGE('',*,*,#1075,.T.);
#1738=ORIENTED_EDGE('',*,*,#1145,.T.);
#1739=ORIENTED_EDGE('',*,*,#1117,.T.);
#1740=ORIENTED_EDGE('',*,*,#1079,.T.);
#1741=ORIENTED_EDGE('',*,*,#1164,.T.);
#1742=ORIENTED_EDGE('',*,*,#1084,.T.);
#1743=ORIENTED_EDGE('',*,*,#1189,.F.);
#1744=ORIENTED_EDGE('',*,*,#1206,.T.);
#1745=ORIENTED_EDGE('',*,*,#1207,.T.);
#1746=ORIENTED_EDGE('',*,*,#1206,.F.);
#1747=ORIENTED_EDGE('',*,*,#1188,.F.);
#1748=ORIENTED_EDGE('',*,*,#1208,.F.);
#1749=ORIENTED_EDGE('',*,*,#1209,.T.);
#1750=ORIENTED_EDGE('',*,*,#1210,.T.);
#1751=ORIENTED_EDGE('',*,*,#1209,.F.);
#1752=ORIENTED_EDGE('',*,*,#1211,.F.);
#1753=ORIENTED_EDGE('',*,*,#1212,.F.);
#1754=ORIENTED_EDGE('',*,*,#1213,.F.);
#1755=ORIENTED_EDGE('',*,*,#1197,.T.);
#1756=ORIENTED_EDGE('',*,*,#1170,.T.);
#1757=ORIENTED_EDGE('',*,*,#1214,.T.);
#1758=ORIENTED_EDGE('',*,*,#1212,.T.);
#1759=ORIENTED_EDGE('',*,*,#1215,.T.);
#1760=ORIENTED_EDGE('',*,*,#1216,.F.);
#1761=ORIENTED_EDGE('',*,*,#1217,.F.);
#1762=ORIENTED_EDGE('',*,*,#1218,.F.);
#1763=ORIENTED_EDGE('',*,*,#1200,.T.);
#1764=ORIENTED_EDGE('',*,*,#1182,.T.);
#1765=ORIENTED_EDGE('',*,*,#1219,.T.);
#1766=ORIENTED_EDGE('',*,*,#1217,.T.);
#1767=ORIENTED_EDGE('',*,*,#1220,.T.);
#1768=ORIENTED_EDGE('',*,*,#1221,.F.);
#1769=ORIENTED_EDGE('',*,*,#1222,.F.);
#1770=ORIENTED_EDGE('',*,*,#1223,.F.);
#1771=ORIENTED_EDGE('',*,*,#1195,.T.);
#1772=ORIENTED_EDGE('',*,*,#1172,.T.);
#1773=ORIENTED_EDGE('',*,*,#1224,.T.);
#1774=ORIENTED_EDGE('',*,*,#1222,.T.);
#1775=ORIENTED_EDGE('',*,*,#1225,.T.);
#1776=ORIENTED_EDGE('',*,*,#1211,.T.);
#1777=ORIENTED_EDGE('',*,*,#1196,.T.);
#1778=ORIENTED_EDGE('',*,*,#1223,.T.);
#1779=ORIENTED_EDGE('',*,*,#1226,.T.);
#1780=ORIENTED_EDGE('',*,*,#1227,.F.);
#1781=ORIENTED_EDGE('',*,*,#1228,.F.);
#1782=ORIENTED_EDGE('',*,*,#1229,.F.);
#1783=ORIENTED_EDGE('',*,*,#1202,.T.);
#1784=ORIENTED_EDGE('',*,*,#1180,.T.);
#1785=ORIENTED_EDGE('',*,*,#1230,.T.);
#1786=ORIENTED_EDGE('',*,*,#1228,.T.);
#1787=ORIENTED_EDGE('',*,*,#1231,.T.);
#1788=ORIENTED_EDGE('',*,*,#1193,.T.);
#1789=ORIENTED_EDGE('',*,*,#1232,.F.);
#1790=ORIENTED_EDGE('',*,*,#1233,.F.);
#1791=ORIENTED_EDGE('',*,*,#1234,.F.);
#1792=ORIENTED_EDGE('',*,*,#1174,.T.);
#1793=ORIENTED_EDGE('',*,*,#1235,.T.);
#1794=ORIENTED_EDGE('',*,*,#1233,.T.);
#1795=ORIENTED_EDGE('',*,*,#1236,.T.);
#1796=ORIENTED_EDGE('',*,*,#1221,.T.);
#1797=ORIENTED_EDGE('',*,*,#1194,.T.);
#1798=ORIENTED_EDGE('',*,*,#1234,.T.);
#1799=ORIENTED_EDGE('',*,*,#1237,.T.);
#1800=ORIENTED_EDGE('',*,*,#1204,.T.);
#1801=ORIENTED_EDGE('',*,*,#1238,.F.);
#1802=ORIENTED_EDGE('',*,*,#1239,.F.);
#1803=ORIENTED_EDGE('',*,*,#1240,.F.);
#1804=ORIENTED_EDGE('',*,*,#1178,.T.);
#1805=ORIENTED_EDGE('',*,*,#1241,.T.);
#1806=ORIENTED_EDGE('',*,*,#1239,.T.);
#1807=ORIENTED_EDGE('',*,*,#1242,.T.);
#1808=ORIENTED_EDGE('',*,*,#1243,.T.);
#1809=ORIENTED_EDGE('',*,*,#1205,.T.);
#1810=ORIENTED_EDGE('',*,*,#1240,.T.);
#1811=ORIENTED_EDGE('',*,*,#1244,.T.);
#1812=ORIENTED_EDGE('',*,*,#1208,.T.);
#1813=ORIENTED_EDGE('',*,*,#1245,.T.);
#1814=ORIENTED_EDGE('',*,*,#1191,.T.);
#1815=ORIENTED_EDGE('',*,*,#1243,.F.);
#1816=ORIENTED_EDGE('',*,*,#1246,.T.);
#1817=ORIENTED_EDGE('',*,*,#1247,.T.);
#1818=ORIENTED_EDGE('',*,*,#1245,.F.);
#1819=ORIENTED_EDGE('',*,*,#1232,.T.);
#1820=ORIENTED_EDGE('',*,*,#1192,.T.);
#1821=ORIENTED_EDGE('',*,*,#1247,.F.);
#1822=ORIENTED_EDGE('',*,*,#1248,.T.);
#1823=ORIENTED_EDGE('',*,*,#1238,.T.);
#1824=ORIENTED_EDGE('',*,*,#1203,.T.);
#1825=ORIENTED_EDGE('',*,*,#1229,.T.);
#1826=ORIENTED_EDGE('',*,*,#1249,.T.);
#1827=ORIENTED_EDGE('',*,*,#1227,.T.);
#1828=ORIENTED_EDGE('',*,*,#1201,.T.);
#1829=ORIENTED_EDGE('',*,*,#1218,.T.);
#1830=ORIENTED_EDGE('',*,*,#1250,.T.);
#1831=ORIENTED_EDGE('',*,*,#1216,.T.);
#1832=ORIENTED_EDGE('',*,*,#1199,.T.);
#1833=ORIENTED_EDGE('',*,*,#1198,.T.);
#1834=ORIENTED_EDGE('',*,*,#1213,.T.);
#1835=ORIENTED_EDGE('',*,*,#1251,.T.);
#1836=ORIENTED_EDGE('',*,*,#1215,.F.);
#1837=ORIENTED_EDGE('',*,*,#1226,.F.);
#1838=ORIENTED_EDGE('',*,*,#1224,.F.);
#1839=ORIENTED_EDGE('',*,*,#1171,.T.);
#1840=ORIENTED_EDGE('',*,*,#1225,.F.);
#1841=ORIENTED_EDGE('',*,*,#1237,.F.);
#1842=ORIENTED_EDGE('',*,*,#1235,.F.);
#1843=ORIENTED_EDGE('',*,*,#1173,.T.);
#1844=ORIENTED_EDGE('',*,*,#1236,.F.);
#1845=ORIENTED_EDGE('',*,*,#1248,.F.);
#1846=ORIENTED_EDGE('',*,*,#1252,.F.);
#1847=ORIENTED_EDGE('',*,*,#1175,.T.);
#1848=ORIENTED_EDGE('',*,*,#1246,.F.);
#1849=ORIENTED_EDGE('',*,*,#1253,.F.);
#1850=ORIENTED_EDGE('',*,*,#1176,.T.);
#1851=ORIENTED_EDGE('',*,*,#1252,.T.);
#1852=ORIENTED_EDGE('',*,*,#1244,.F.);
#1853=ORIENTED_EDGE('',*,*,#1241,.F.);
#1854=ORIENTED_EDGE('',*,*,#1177,.F.);
#1855=ORIENTED_EDGE('',*,*,#1253,.T.);
#1856=ORIENTED_EDGE('',*,*,#1254,.F.);
#1857=ORIENTED_EDGE('',*,*,#1255,.T.);
#1858=ORIENTED_EDGE('',*,*,#1256,.T.);
#1859=ORIENTED_EDGE('',*,*,#1255,.F.);
#1860=ORIENTED_EDGE('',*,*,#1207,.F.);
#1861=ORIENTED_EDGE('',*,*,#1254,.T.);
#1862=ORIENTED_EDGE('',*,*,#1257,.F.);
#1863=ORIENTED_EDGE('',*,*,#1256,.F.);
#1864=ORIENTED_EDGE('',*,*,#1257,.T.);
#1865=ORIENTED_EDGE('',*,*,#1258,.T.);
#1866=ORIENTED_EDGE('',*,*,#1184,.T.);
#1867=ORIENTED_EDGE('',*,*,#1258,.F.);
#1868=ORIENTED_EDGE('',*,*,#1259,.F.);
#1869=ORIENTED_EDGE('',*,*,#1260,.T.);
#1870=ORIENTED_EDGE('',*,*,#1261,.T.);
#1871=ORIENTED_EDGE('',*,*,#1260,.F.);
#1872=ORIENTED_EDGE('',*,*,#1210,.F.);
#1873=ORIENTED_EDGE('',*,*,#1259,.T.);
#1874=ORIENTED_EDGE('',*,*,#1262,.F.);
#1875=ORIENTED_EDGE('',*,*,#1261,.F.);
#1876=ORIENTED_EDGE('',*,*,#1262,.T.);
#1877=ORIENTED_EDGE('',*,*,#1263,.T.);
#1878=ORIENTED_EDGE('',*,*,#1185,.T.);
#1879=ORIENTED_EDGE('',*,*,#1263,.F.);
#1880=ORIENTED_EDGE('',*,*,#1230,.F.);
#1881=ORIENTED_EDGE('',*,*,#1179,.T.);
#1882=ORIENTED_EDGE('',*,*,#1242,.F.);
#1883=ORIENTED_EDGE('',*,*,#1249,.F.);
#1884=ORIENTED_EDGE('',*,*,#1219,.F.);
#1885=ORIENTED_EDGE('',*,*,#1181,.T.);
#1886=ORIENTED_EDGE('',*,*,#1231,.F.);
#1887=ORIENTED_EDGE('',*,*,#1250,.F.);
#1888=ORIENTED_EDGE('',*,*,#1214,.F.);
#1889=ORIENTED_EDGE('',*,*,#1183,.T.);
#1890=ORIENTED_EDGE('',*,*,#1220,.F.);
#1891=ORIENTED_EDGE('',*,*,#1251,.F.);
#1892=PLANE('',#2082);
#1893=PLANE('',#2083);
#1894=PLANE('',#2084);
#1895=PLANE('',#2085);
#1896=PLANE('',#2086);
#1897=PLANE('',#2087);
#1898=PLANE('',#2088);
#1899=PLANE('',#2089);
#1900=PLANE('',#2090);
#1901=PLANE('',#2091);
#1902=PLANE('',#2092);
#1903=PLANE('',#2093);
#1904=PLANE('',#2094);
#1905=PLANE('',#2095);
#1906=PLANE('',#2096);
#1907=PLANE('',#2097);
#1908=PLANE('',#2098);
#1909=PLANE('',#2099);
#1910=PLANE('',#2100);
#1911=PLANE('',#2101);
#1912=PLANE('',#2102);
#1913=PLANE('',#2103);
#1914=PLANE('',#2104);
#1915=PLANE('',#2105);
#1916=PLANE('',#2106);
#1917=PLANE('',#2107);
#1918=PLANE('',#2108);
#1919=PLANE('',#2109);
#1920=PLANE('',#2110);
#1921=PLANE('',#2111);
#1922=PLANE('',#2112);
#1923=PLANE('',#2113);
#1924=PLANE('',#2114);
#1925=PLANE('',#2115);
#1926=PLANE('',#2116);
#1927=PLANE('',#2117);
#1928=PLANE('',#2118);
#1929=PLANE('',#2119);
#1930=PLANE('',#2120);
#1931=PLANE('',#2121);
#1932=PLANE('',#2122);
#1933=PLANE('',#2123);
#1934=PLANE('',#2124);
#1935=PLANE('',#2125);
#1936=PLANE('',#2126);
#1937=PLANE('',#2127);
#1938=PLANE('',#2128);
#1939=PLANE('',#2129);
#1940=PLANE('',#2208);
#1941=PLANE('',#2224);
#1942=PLANE('',#2279);
#1943=PLANE('',#2280);
#1944=PLANE('',#2281);
#1945=PLANE('',#2283);
#1946=PLANE('',#2287);
#1947=PLANE('',#2288);
#1948=PLANE('',#2294);
#1949=PLANE('',#2295);
#1950=PLANE('',#2298);
#1951=PLANE('',#2299);
#1952=PLANE('',#2300);
#1953=ADVANCED_FACE('',(#183),#1892,.F.);
#1954=ADVANCED_FACE('',(#184),#1893,.F.);
#1955=ADVANCED_FACE('',(#185),#1894,.F.);
#1956=ADVANCED_FACE('',(#186),#1895,.F.);
#1957=ADVANCED_FACE('',(#187),#1896,.F.);
#1958=ADVANCED_FACE('',(#188),#1897,.F.);
#1959=ADVANCED_FACE('',(#189),#1898,.F.);
#1960=ADVANCED_FACE('',(#190),#1899,.F.);
#1961=ADVANCED_FACE('',(#191),#1900,.F.);
#1962=ADVANCED_FACE('',(#192),#1901,.F.);
#1963=ADVANCED_FACE('',(#193),#1902,.F.);
#1964=ADVANCED_FACE('',(#194),#1903,.F.);
#1965=ADVANCED_FACE('',(#195),#1904,.F.);
#1966=ADVANCED_FACE('',(#196),#1905,.F.);
#1967=ADVANCED_FACE('',(#197),#1906,.F.);
#1968=ADVANCED_FACE('',(#198),#1907,.F.);
#1969=ADVANCED_FACE('',(#199),#1908,.F.);
#1970=ADVANCED_FACE('',(#200),#1909,.F.);
#1971=ADVANCED_FACE('',(#201),#1910,.F.);
#1972=ADVANCED_FACE('',(#202),#1911,.F.);
#1973=ADVANCED_FACE('',(#203),#1912,.F.);
#1974=ADVANCED_FACE('',(#204),#1913,.F.);
#1975=ADVANCED_FACE('',(#205),#1914,.F.);
#1976=ADVANCED_FACE('',(#206),#1915,.F.);
#1977=ADVANCED_FACE('',(#207),#1916,.F.);
#1978=ADVANCED_FACE('',(#208),#1917,.F.);
#1979=ADVANCED_FACE('',(#209),#1918,.F.);
#1980=ADVANCED_FACE('',(#210),#1919,.F.);
#1981=ADVANCED_FACE('',(#211),#1920,.F.);
#1982=ADVANCED_FACE('',(#212),#1921,.F.);
#1983=ADVANCED_FACE('',(#213),#1922,.F.);
#1984=ADVANCED_FACE('',(#214),#1923,.F.);
#1985=ADVANCED_FACE('',(#215),#1924,.F.);
#1986=ADVANCED_FACE('',(#216),#1925,.F.);
#1987=ADVANCED_FACE('',(#217),#1926,.F.);
#1988=ADVANCED_FACE('',(#218),#1927,.F.);
#1989=ADVANCED_FACE('',(#219),#1928,.F.);
#1990=ADVANCED_FACE('',(#220),#1929,.F.);
#1991=ADVANCED_FACE('',(#221),#1930,.F.);
#1992=ADVANCED_FACE('',(#222),#1931,.F.);
#1993=ADVANCED_FACE('',(#223),#1932,.F.);
#1994=ADVANCED_FACE('',(#224),#1933,.F.);
#1995=ADVANCED_FACE('',(#225),#1934,.F.);
#1996=ADVANCED_FACE('',(#226),#1935,.F.);
#1997=ADVANCED_FACE('',(#227),#1936,.F.);
#1998=ADVANCED_FACE('',(#228),#1937,.F.);
#1999=ADVANCED_FACE('',(#229),#1938,.F.);
#2000=ADVANCED_FACE('',(#230),#1939,.F.);
#2001=ADVANCED_FACE('',(#231),#159,.F.);
#2002=ADVANCED_FACE('',(#232),#160,.F.);
#2003=ADVANCED_FACE('',(#233),#161,.F.);
#2004=ADVANCED_FACE('',(#234),#162,.F.);
#2005=ADVANCED_FACE('',(#235),#163,.F.);
#2006=ADVANCED_FACE('',(#236),#164,.F.);
#2007=ADVANCED_FACE('',(#237),#165,.F.);
#2008=ADVANCED_FACE('',(#238),#166,.F.);
#2009=ADVANCED_FACE('',(#239),#167,.F.);
#2010=ADVANCED_FACE('',(#240),#168,.F.);
#2011=ADVANCED_FACE('',(#241),#169,.F.);
#2012=ADVANCED_FACE('',(#242),#170,.F.);
#2013=ADVANCED_FACE('',(#243),#45,.T.);
#2014=ADVANCED_FACE('',(#244),#171,.F.);
#2015=ADVANCED_FACE('',(#245),#172,.F.);
#2016=ADVANCED_FACE('',(#246),#173,.F.);
#2017=ADVANCED_FACE('',(#247),#174,.F.);
#2018=ADVANCED_FACE('',(#248),#175,.F.);
#2019=ADVANCED_FACE('',(#249),#176,.F.);
#2020=ADVANCED_FACE('',(#250),#177,.F.);
#2021=ADVANCED_FACE('',(#251),#178,.F.);
#2022=ADVANCED_FACE('',(#252),#179,.F.);
#2023=ADVANCED_FACE('',(#253),#180,.F.);
#2024=ADVANCED_FACE('',(#254),#181,.F.);
#2025=ADVANCED_FACE('',(#255),#182,.F.);
#2026=ADVANCED_FACE('',(#256),#46,.T.);
#2027=ADVANCED_FACE('',(#257,#35,#36,#37,#38),#1940,.F.);
#2028=ADVANCED_FACE('',(#258),#47,.T.);
#2029=ADVANCED_FACE('',(#259,#39,#40),#1941,.T.);
#2030=ADVANCED_FACE('',(#260),#15,.F.);
#2031=ADVANCED_FACE('',(#261),#16,.F.);
#2032=ADVANCED_FACE('',(#262),#48,.T.);
#2033=ADVANCED_FACE('',(#263),#17,.T.);
#2034=ADVANCED_FACE('',(#264),#49,.T.);
#2035=ADVANCED_FACE('',(#265),#18,.T.);
#2036=ADVANCED_FACE('',(#266),#50,.T.);
#2037=ADVANCED_FACE('',(#267),#19,.T.);
#2038=ADVANCED_FACE('',(#268),#20,.T.);
#2039=ADVANCED_FACE('',(#269),#51,.T.);
#2040=ADVANCED_FACE('',(#270),#21,.T.);
#2041=ADVANCED_FACE('',(#271),#52,.T.);
#2042=ADVANCED_FACE('',(#272),#22,.F.);
#2043=ADVANCED_FACE('',(#273),#23,.T.);
#2044=ADVANCED_FACE('',(#274),#53,.T.);
#2045=ADVANCED_FACE('',(#275),#24,.F.);
#2046=ADVANCED_FACE('',(#276),#25,.T.);
#2047=ADVANCED_FACE('',(#277),#54,.T.);
#2048=ADVANCED_FACE('',(#278),#26,.T.);
#2049=ADVANCED_FACE('',(#279),#27,.T.);
#2050=ADVANCED_FACE('',(#280),#28,.T.);
#2051=ADVANCED_FACE('',(#281),#29,.T.);
#2052=ADVANCED_FACE('',(#282),#1942,.T.);
#2053=ADVANCED_FACE('',(#283),#1943,.T.);
#2054=ADVANCED_FACE('',(#284),#1944,.T.);
#2055=ADVANCED_FACE('',(#285),#30,.T.);
#2056=ADVANCED_FACE('',(#286),#1945,.T.);
#2057=ADVANCED_FACE('',(#287),#31,.F.);
#2058=ADVANCED_FACE('',(#288,#41),#1946,.T.);
#2059=ADVANCED_FACE('',(#289,#42),#1947,.F.);
#2060=ADVANCED_FACE('',(#290),#32,.F.);
#2061=ADVANCED_FACE('',(#291),#33,.F.);
#2062=ADVANCED_FACE('',(#292,#43),#1948,.T.);
#2063=ADVANCED_FACE('',(#293,#44),#1949,.F.);
#2064=ADVANCED_FACE('',(#294),#34,.F.);
#2065=ADVANCED_FACE('',(#295),#1950,.T.);
#2066=ADVANCED_FACE('',(#296),#1951,.T.);
#2067=ADVANCED_FACE('',(#297),#1952,.T.);
#2068=CLOSED_SHELL('',(#1953,#1954,#1955,#1956,#1957,#1958,#1959,#1960,
#1961,#1962,#1963,#1964,#1965,#1966,#1967,#1968,#1969,#1970,#1971,#1972,
#1973,#1974,#1975,#1976,#1977,#1978,#1979,#1980,#1981,#1982,#1983,#1984,
#1985,#1986,#1987,#1988,#1989,#1990,#1991,#1992,#1993,#1994,#1995,#1996,
#1997,#1998,#1999,#2000,#2001,#2002,#2003,#2004,#2005,#2006,#2007,#2008,
#2009,#2010,#2011,#2012,#2013,#2014,#2015,#2016,#2017,#2018,#2019,#2020,
#2021,#2022,#2023,#2024,#2025,#2026,#2027,#2028,#2029,#2030,#2031,#2032,
#2033,#2034,#2035,#2036,#2037,#2038,#2039,#2040,#2041,#2042,#2043,#2044,
#2045,#2046,#2047,#2048,#2049,#2050,#2051,#2052,#2053,#2054,#2055,#2056,
#2057,#2058,#2059,#2060,#2061,#2062,#2063,#2064,#2065,#2066,#2067));
#2069=DERIVED_UNIT_ELEMENT(#2071,1.);
#2070=DERIVED_UNIT_ELEMENT(#3733,-3.);
#2071=(
MASS_UNIT()
NAMED_UNIT(*)
SI_UNIT(.KILO.,.GRAM.)
);
#2072=DERIVED_UNIT((#2069,#2070));
#2073=MEASURE_REPRESENTATION_ITEM('density measure',
POSITIVE_RATIO_MEASURE(7850.),#2072);
#2074=PROPERTY_DEFINITION_REPRESENTATION(#2079,#2076);
#2075=PROPERTY_DEFINITION_REPRESENTATION(#2080,#2077);
#2076=REPRESENTATION('material name',(#2078),#3730);
#2077=REPRESENTATION('density',(#2073),#3730);
#2078=DESCRIPTIVE_REPRESENTATION_ITEM('Steel','Steel');
#2079=PROPERTY_DEFINITION('material property','material name',#3740);
#2080=PROPERTY_DEFINITION('material property','density of part',#3740);
#2081=AXIS2_PLACEMENT_3D('',#2855,#2301,#2302);
#2082=AXIS2_PLACEMENT_3D('',#2856,#2303,#2304);
#2083=AXIS2_PLACEMENT_3D('',#2870,#2307,#2308);
#2084=AXIS2_PLACEMENT_3D('',#2884,#2311,#2312);
#2085=AXIS2_PLACEMENT_3D('',#2898,#2315,#2316);
#2086=AXIS2_PLACEMENT_3D('',#2912,#2319,#2320);
#2087=AXIS2_PLACEMENT_3D('',#2926,#2323,#2324);
#2088=AXIS2_PLACEMENT_3D('',#2940,#2327,#2328);
#2089=AXIS2_PLACEMENT_3D('',#2954,#2331,#2332);
#2090=AXIS2_PLACEMENT_3D('',#2968,#2335,#2336);
#2091=AXIS2_PLACEMENT_3D('',#2982,#2339,#2340);
#2092=AXIS2_PLACEMENT_3D('',#2996,#2343,#2344);
#2093=AXIS2_PLACEMENT_3D('',#3010,#2347,#2348);
#2094=AXIS2_PLACEMENT_3D('',#3024,#2351,#2352);
#2095=AXIS2_PLACEMENT_3D('',#3035,#2354,#2355);
#2096=AXIS2_PLACEMENT_3D('',#3046,#2357,#2358);
#2097=AXIS2_PLACEMENT_3D('',#3057,#2360,#2361);
#2098=AXIS2_PLACEMENT_3D('',#3068,#2363,#2364);
#2099=AXIS2_PLACEMENT_3D('',#3079,#2366,#2367);
#2100=AXIS2_PLACEMENT_3D('',#3090,#2369,#2370);
#2101=AXIS2_PLACEMENT_3D('',#3101,#2372,#2373);
#2102=AXIS2_PLACEMENT_3D('',#3112,#2375,#2376);
#2103=AXIS2_PLACEMENT_3D('',#3123,#2378,#2379);
#2104=AXIS2_PLACEMENT_3D('',#3134,#2381,#2382);
#2105=AXIS2_PLACEMENT_3D('',#3145,#2384,#2385);
#2106=AXIS2_PLACEMENT_3D('',#3156,#2387,#2388);
#2107=AXIS2_PLACEMENT_3D('',#3170,#2391,#2392);
#2108=AXIS2_PLACEMENT_3D('',#3184,#2395,#2396);
#2109=AXIS2_PLACEMENT_3D('',#3198,#2399,#2400);
#2110=AXIS2_PLACEMENT_3D('',#3212,#2403,#2404);
#2111=AXIS2_PLACEMENT_3D('',#3226,#2407,#2408);
#2112=AXIS2_PLACEMENT_3D('',#3240,#2411,#2412);
#2113=AXIS2_PLACEMENT_3D('',#3254,#2415,#2416);
#2114=AXIS2_PLACEMENT_3D('',#3268,#2419,#2420);
#2115=AXIS2_PLACEMENT_3D('',#3282,#2423,#2424);
#2116=AXIS2_PLACEMENT_3D('',#3296,#2427,#2428);
#2117=AXIS2_PLACEMENT_3D('',#3310,#2431,#2432);
#2118=AXIS2_PLACEMENT_3D('',#3324,#2435,#2436);
#2119=AXIS2_PLACEMENT_3D('',#3335,#2438,#2439);
#2120=AXIS2_PLACEMENT_3D('',#3346,#2441,#2442);
#2121=AXIS2_PLACEMENT_3D('',#3357,#2444,#2445);
#2122=AXIS2_PLACEMENT_3D('',#3368,#2447,#2448);
#2123=AXIS2_PLACEMENT_3D('',#3379,#2450,#2451);
#2124=AXIS2_PLACEMENT_3D('',#3390,#2453,#2454);
#2125=AXIS2_PLACEMENT_3D('',#3401,#2456,#2457);
#2126=AXIS2_PLACEMENT_3D('',#3412,#2459,#2460);
#2127=AXIS2_PLACEMENT_3D('',#3423,#2462,#2463);
#2128=AXIS2_PLACEMENT_3D('',#3434,#2465,#2466);
#2129=AXIS2_PLACEMENT_3D('',#3445,#2468,#2469);
#2130=AXIS2_PLACEMENT_3D('',#3456,#2471,#2472);
#2131=AXIS2_PLACEMENT_3D('',#3457,#2473,#2474);
#2132=AXIS2_PLACEMENT_3D('',#3458,#2475,#2476);
#2133=AXIS2_PLACEMENT_3D('',#3459,#2477,#2478);
#2134=AXIS2_PLACEMENT_3D('',#3460,#2479,#2480);
#2135=AXIS2_PLACEMENT_3D('',#3461,#2481,#2482);
#2136=AXIS2_PLACEMENT_3D('',#3462,#2483,#2484);
#2137=AXIS2_PLACEMENT_3D('',#3463,#2485,#2486);
#2138=AXIS2_PLACEMENT_3D('',#3464,#2487,#2488);
#2139=AXIS2_PLACEMENT_3D('',#3465,#2489,#2490);
#2140=AXIS2_PLACEMENT_3D('',#3466,#2491,#2492);
#2141=AXIS2_PLACEMENT_3D('',#3467,#2493,#2494);
#2142=AXIS2_PLACEMENT_3D('',#3468,#2495,#2496);
#2143=AXIS2_PLACEMENT_3D('',#3469,#2497,#2498);
#2144=AXIS2_PLACEMENT_3D('',#3470,#2499,#2500);
#2145=AXIS2_PLACEMENT_3D('',#3471,#2501,#2502);
#2146=AXIS2_PLACEMENT_3D('',#3472,#2503,#2504);
#2147=AXIS2_PLACEMENT_3D('',#3473,#2505,#2506);
#2148=AXIS2_PLACEMENT_3D('',#3474,#2507,#2508);
#2149=AXIS2_PLACEMENT_3D('',#3475,#2509,#2510);
#2150=AXIS2_PLACEMENT_3D('',#3476,#2511,#2512);
#2151=AXIS2_PLACEMENT_3D('',#3477,#2513,#2514);
#2152=AXIS2_PLACEMENT_3D('',#3478,#2515,#2516);
#2153=AXIS2_PLACEMENT_3D('',#3479,#2517,#2518);
#2154=AXIS2_PLACEMENT_3D('',#3480,#2519,#2520);
#2155=AXIS2_PLACEMENT_3D('',#3481,#2521,#2522);
#2156=AXIS2_PLACEMENT_3D('',#3482,#2523,#2524);
#2157=AXIS2_PLACEMENT_3D('',#3483,#2525,#2526);
#2158=AXIS2_PLACEMENT_3D('',#3484,#2527,#2528);
#2159=AXIS2_PLACEMENT_3D('',#3485,#2529,#2530);
#2160=AXIS2_PLACEMENT_3D('',#3486,#2531,#2532);
#2161=AXIS2_PLACEMENT_3D('',#3487,#2533,#2534);
#2162=AXIS2_PLACEMENT_3D('',#3488,#2535,#2536);
#2163=AXIS2_PLACEMENT_3D('',#3489,#2537,#2538);
#2164=AXIS2_PLACEMENT_3D('',#3490,#2539,#2540);
#2165=AXIS2_PLACEMENT_3D('',#3491,#2541,#2542);
#2166=AXIS2_PLACEMENT_3D('',#3492,#2543,#2544);
#2167=AXIS2_PLACEMENT_3D('',#3494,#2545,#2546);
#2168=AXIS2_PLACEMENT_3D('',#3495,#2547,#2548);
#2169=AXIS2_PLACEMENT_3D('',#3496,#2549,#2550);
#2170=AXIS2_PLACEMENT_3D('',#3497,#2551,#2552);
#2171=AXIS2_PLACEMENT_3D('',#3498,#2553,#2554);
#2172=AXIS2_PLACEMENT_3D('',#3499,#2555,#2556);
#2173=AXIS2_PLACEMENT_3D('',#3500,#2557,#2558);
#2174=AXIS2_PLACEMENT_3D('',#3501,#2559,#2560);
#2175=AXIS2_PLACEMENT_3D('',#3502,#2561,#2562);
#2176=AXIS2_PLACEMENT_3D('',#3503,#2563,#2564);
#2177=AXIS2_PLACEMENT_3D('',#3504,#2565,#2566);
#2178=AXIS2_PLACEMENT_3D('',#3505,#2567,#2568);
#2179=AXIS2_PLACEMENT_3D('',#3506,#2569,#2570);
#2180=AXIS2_PLACEMENT_3D('',#3507,#2571,#2572);
#2181=AXIS2_PLACEMENT_3D('',#3508,#2573,#2574);
#2182=AXIS2_PLACEMENT_3D('',#3509,#2575,#2576);
#2183=AXIS2_PLACEMENT_3D('',#3510,#2577,#2578);
#2184=AXIS2_PLACEMENT_3D('',#3511,#2579,#2580);
#2185=AXIS2_PLACEMENT_3D('',#3512,#2581,#2582);
#2186=AXIS2_PLACEMENT_3D('',#3513,#2583,#2584);
#2187=AXIS2_PLACEMENT_3D('',#3514,#2585,#2586);
#2188=AXIS2_PLACEMENT_3D('',#3515,#2587,#2588);
#2189=AXIS2_PLACEMENT_3D('',#3516,#2589,#2590);
#2190=AXIS2_PLACEMENT_3D('',#3517,#2591,#2592);
#2191=AXIS2_PLACEMENT_3D('',#3518,#2593,#2594);
#2192=AXIS2_PLACEMENT_3D('',#3519,#2595,#2596);
#2193=AXIS2_PLACEMENT_3D('',#3520,#2597,#2598);
#2194=AXIS2_PLACEMENT_3D('',#3521,#2599,#2600);
#2195=AXIS2_PLACEMENT_3D('',#3522,#2601,#2602);
#2196=AXIS2_PLACEMENT_3D('',#3523,#2603,#2604);
#2197=AXIS2_PLACEMENT_3D('',#3524,#2605,#2606);
#2198=AXIS2_PLACEMENT_3D('',#3525,#2607,#2608);
#2199=AXIS2_PLACEMENT_3D('',#3526,#2609,#2610);
#2200=AXIS2_PLACEMENT_3D('',#3527,#2611,#2612);
#2201=AXIS2_PLACEMENT_3D('',#3528,#2613,#2614);
#2202=AXIS2_PLACEMENT_3D('',#3529,#2615,#2616);
#2203=AXIS2_PLACEMENT_3D('',#3530,#2617,#2618);
#2204=AXIS2_PLACEMENT_3D('',#3531,#2619,#2620);
#2205=AXIS2_PLACEMENT_3D('',#3532,#2621,#2622);
#2206=AXIS2_PLACEMENT_3D('',#3534,#2623,#2624);
#2207=AXIS2_PLACEMENT_3D('',#3535,#2625,#2626);
#2208=AXIS2_PLACEMENT_3D('',#3536,#2627,#2628);
#2209=AXIS2_PLACEMENT_3D('',#3539,#2629,#2630);
#2210=AXIS2_PLACEMENT_3D('',#3543,#2632,#2633);
#2211=AXIS2_PLACEMENT_3D('',#3547,#2635,#2636);
#2212=AXIS2_PLACEMENT_3D('',#3551,#2638,#2639);
#2213=AXIS2_PLACEMENT_3D('',#3555,#2641,#2642);
#2214=AXIS2_PLACEMENT_3D('',#3559,#2644,#2645);
#2215=AXIS2_PLACEMENT_3D('',#3563,#2647,#2648);
#2216=AXIS2_PLACEMENT_3D('',#3566,#2650,#2651);
#2217=AXIS2_PLACEMENT_3D('',#3568,#2652,#2653);
#2218=AXIS2_PLACEMENT_3D('',#3569,#2654,#2655);
#2219=AXIS2_PLACEMENT_3D('',#3572,#2656,#2657);
#2220=AXIS2_PLACEMENT_3D('',#3574,#2658,#2659);
#2221=AXIS2_PLACEMENT_3D('',#3576,#2660,#2661);
#2222=AXIS2_PLACEMENT_3D('',#3577,#2662,#2663);
#2223=AXIS2_PLACEMENT_3D('',#3578,#2664,#2665);
#2224=AXIS2_PLACEMENT_3D('',#3579,#2666,#2667);
#2225=AXIS2_PLACEMENT_3D('',#3582,#2668,#2669);
#2226=AXIS2_PLACEMENT_3D('',#3586,#2671,#2672);
#2227=AXIS2_PLACEMENT_3D('',#3590,#2674,#2675);
#2228=AXIS2_PLACEMENT_3D('',#3594,#2677,#2678);
#2229=AXIS2_PLACEMENT_3D('',#3599,#2681,#2682);
#2230=AXIS2_PLACEMENT_3D('',#3603,#2684,#2685);
#2231=AXIS2_PLACEMENT_3D('',#3607,#2687,#2688);
#2232=AXIS2_PLACEMENT_3D('',#3609,#2690,#2691);
#2233=AXIS2_PLACEMENT_3D('',#3612,#2693,#2694);
#2234=AXIS2_PLACEMENT_3D('',#3613,#2695,#2696);
#2235=AXIS2_PLACEMENT_3D('',#3615,#2697,#2698);
#2236=AXIS2_PLACEMENT_3D('',#3618,#2700,#2701);
#2237=AXIS2_PLACEMENT_3D('',#3619,#2702,#2703);
#2238=AXIS2_PLACEMENT_3D('',#3621,#2704,#2705);
#2239=AXIS2_PLACEMENT_3D('',#3623,#2706,#2707);
#2240=AXIS2_PLACEMENT_3D('',#3624,#2708,#2709);
#2241=AXIS2_PLACEMENT_3D('',#3625,#2710,#2711);
#2242=AXIS2_PLACEMENT_3D('',#3628,#2714,#2715);
#2243=AXIS2_PLACEMENT_3D('',#3630,#2716,#2717);
#2244=AXIS2_PLACEMENT_3D('',#3632,#2718,#2719);
#2245=AXIS2_PLACEMENT_3D('',#3633,#2720,#2721);
#2246=AXIS2_PLACEMENT_3D('',#3634,#2722,#2723);
#2247=AXIS2_PLACEMENT_3D('',#3637,#2726,#2727);
#2248=AXIS2_PLACEMENT_3D('',#3639,#2728,#2729);
#2249=AXIS2_PLACEMENT_3D('',#3641,#2730,#2731);
#2250=AXIS2_PLACEMENT_3D('',#3642,#2732,#2733);
#2251=AXIS2_PLACEMENT_3D('',#3643,#2734,#2735);
#2252=AXIS2_PLACEMENT_3D('',#3646,#2738,#2739);
#2253=AXIS2_PLACEMENT_3D('',#3648,#2741,#2742);
#2254=AXIS2_PLACEMENT_3D('',#3650,#2743,#2744);
#2255=AXIS2_PLACEMENT_3D('',#3652,#2745,#2746);
#2256=AXIS2_PLACEMENT_3D('',#3653,#2747,#2748);
#2257=AXIS2_PLACEMENT_3D('',#3654,#2749,#2750);
#2258=AXIS2_PLACEMENT_3D('',#3657,#2753,#2754);
#2259=AXIS2_PLACEMENT_3D('',#3659,#2755,#2756);
#2260=AXIS2_PLACEMENT_3D('',#3661,#2757,#2758);
#2261=AXIS2_PLACEMENT_3D('',#3662,#2759,#2760);
#2262=AXIS2_PLACEMENT_3D('',#3663,#2761,#2762);
#2263=AXIS2_PLACEMENT_3D('',#3666,#2765,#2766);
#2264=AXIS2_PLACEMENT_3D('',#3668,#2768,#2769);
#2265=AXIS2_PLACEMENT_3D('',#3670,#2770,#2771);
#2266=AXIS2_PLACEMENT_3D('',#3672,#2772,#2773);
#2267=AXIS2_PLACEMENT_3D('',#3673,#2774,#2775);
#2268=AXIS2_PLACEMENT_3D('',#3674,#2776,#2777);
#2269=AXIS2_PLACEMENT_3D('',#3677,#2780,#2781);
#2270=AXIS2_PLACEMENT_3D('',#3679,#2782,#2783);
#2271=AXIS2_PLACEMENT_3D('',#3681,#2785,#2786);
#2272=AXIS2_PLACEMENT_3D('',#3682,#2787,#2788);
#2273=AXIS2_PLACEMENT_3D('',#3684,#2789,#2790);
#2274=AXIS2_PLACEMENT_3D('',#3685,#2791,#2792);
#2275=AXIS2_PLACEMENT_3D('',#3686,#2793,#2794);
#2276=AXIS2_PLACEMENT_3D('',#3688,#2796,#2797);
#2277=AXIS2_PLACEMENT_3D('',#3690,#2799,#2800);
#2278=AXIS2_PLACEMENT_3D('',#3692,#2802,#2803);
#2279=AXIS2_PLACEMENT_3D('',#3694,#2805,#2806);
#2280=AXIS2_PLACEMENT_3D('',#3695,#2807,#2808);
#2281=AXIS2_PLACEMENT_3D('',#3696,#2809,#2810);
#2282=AXIS2_PLACEMENT_3D('',#3698,#2812,#2813);
#2283=AXIS2_PLACEMENT_3D('',#3700,#2815,#2816);
#2284=AXIS2_PLACEMENT_3D('',#3701,#2817,#2818);
#2285=AXIS2_PLACEMENT_3D('',#3703,#2819,#2820);
#2286=AXIS2_PLACEMENT_3D('',#3706,#2822,#2823);
#2287=AXIS2_PLACEMENT_3D('',#3707,#2824,#2825);
#2288=AXIS2_PLACEMENT_3D('',#3708,#2826,#2827);
#2289=AXIS2_PLACEMENT_3D('',#3710,#2828,#2829);
#2290=AXIS2_PLACEMENT_3D('',#3711,#2830,#2831);
#2291=AXIS2_PLACEMENT_3D('',#3713,#2833,#2834);
#2292=AXIS2_PLACEMENT_3D('',#3715,#2835,#2836);
#2293=AXIS2_PLACEMENT_3D('',#3718,#2838,#2839);
#2294=AXIS2_PLACEMENT_3D('',#3719,#2840,#2841);
#2295=AXIS2_PLACEMENT_3D('',#3720,#2842,#2843);
#2296=AXIS2_PLACEMENT_3D('',#3722,#2844,#2845);
#2297=AXIS2_PLACEMENT_3D('',#3723,#2846,#2847);
#2298=AXIS2_PLACEMENT_3D('',#3725,#2849,#2850);
#2299=AXIS2_PLACEMENT_3D('',#3726,#2851,#2852);
#2300=AXIS2_PLACEMENT_3D('',#3727,#2853,#2854);
#2301=DIRECTION('axis',(0.,0.,1.));
#2302=DIRECTION('refdir',(1.,0.,0.));
#2303=DIRECTION('center_axis',(-0.499999999999999,0.866025403784439,0.));
#2304=DIRECTION('ref_axis',(-0.866025403784439,-0.499999999999999,0.));
#2305=DIRECTION('',(0.866025403784439,0.499999999999999,0.));
#2306=DIRECTION('',(0.,0.,1.));
#2307=DIRECTION('center_axis',(4.2732504141857E-16,1.,0.));
#2308=DIRECTION('ref_axis',(-1.,4.2732504141857E-16,0.));
#2309=DIRECTION('',(1.,-4.2732504141857E-16,0.));
#2310=DIRECTION('',(0.,0.,1.));
#2311=DIRECTION('center_axis',(0.5,0.866025403784439,0.));
#2312=DIRECTION('ref_axis',(-0.866025403784439,0.5,0.));
#2313=DIRECTION('',(0.866025403784439,-0.5,0.));
#2314=DIRECTION('',(0.,0.,1.));
#2315=DIRECTION('center_axis',(0.866025403784439,0.5,0.));
#2316=DIRECTION('ref_axis',(-0.5,0.866025403784439,0.));
#2317=DIRECTION('',(0.5,-0.866025403784439,0.));
#2318=DIRECTION('',(0.,0.,1.));
#2319=DIRECTION('center_axis',(1.,-6.40987562127855E-16,0.));
#2320=DIRECTION('ref_axis',(6.40987562127855E-16,1.,0.));
#2321=DIRECTION('',(-6.40987562127855E-16,-1.,0.));
#2322=DIRECTION('',(0.,0.,1.));
#2323=DIRECTION('center_axis',(0.866025403784439,-0.5,0.));
#2324=DIRECTION('ref_axis',(0.5,0.866025403784439,0.));
#2325=DIRECTION('',(-0.5,-0.866025403784439,0.));
#2326=DIRECTION('',(0.,0.,1.));
#2327=DIRECTION('center_axis',(0.5,-0.866025403784439,0.));
#2328=DIRECTION('ref_axis',(0.866025403784439,0.5,0.));
#2329=DIRECTION('',(-0.866025403784439,-0.5,0.));
#2330=DIRECTION('',(0.,0.,1.));
#2331=DIRECTION('center_axis',(-6.40987562127855E-16,-1.,0.));
#2332=DIRECTION('ref_axis',(1.,-6.40987562127855E-16,0.));
#2333=DIRECTION('',(-1.,6.40987562127855E-16,0.));
#2334=DIRECTION('',(0.,0.,1.));
#2335=DIRECTION('center_axis',(-0.5,-0.866025403784438,0.));
#2336=DIRECTION('ref_axis',(0.866025403784438,-0.5,0.));
#2337=DIRECTION('',(-0.866025403784438,0.5,0.));
#2338=DIRECTION('',(0.,0.,1.));
#2339=DIRECTION('center_axis',(-0.866025403784439,-0.5,0.));
#2340=DIRECTION('ref_axis',(0.5,-0.866025403784439,0.));
#2341=DIRECTION('',(-0.5,0.866025403784439,0.));
#2342=DIRECTION('',(0.,0.,1.));
#2343=DIRECTION('center_axis',(-1.,2.13662520709285E-16,0.));
#2344=DIRECTION('ref_axis',(-2.13662520709285E-16,-1.,0.));
#2345=DIRECTION('',(2.13662520709285E-16,1.,0.));
#2346=DIRECTION('',(0.,0.,1.));
#2347=DIRECTION('center_axis',(-0.866025403784439,0.5,0.));
#2348=DIRECTION('ref_axis',(-0.5,-0.866025403784438,0.));
#2349=DIRECTION('',(0.5,0.866025403784438,0.));
#2350=DIRECTION('',(0.,0.,1.));
#2351=DIRECTION('center_axis',(-0.5,-0.866025403784438,0.));
#2352=DIRECTION('ref_axis',(0.866025403784438,-0.5,0.));
#2353=DIRECTION('',(-0.866025403784438,0.5,0.));
#2354=DIRECTION('center_axis',(-0.866025403784439,-0.5,0.));
#2355=DIRECTION('ref_axis',(0.5,-0.866025403784439,0.));
#2356=DIRECTION('',(-0.5,0.866025403784439,0.));
#2357=DIRECTION('center_axis',(-1.,2.13662520709285E-16,0.));
#2358=DIRECTION('ref_axis',(-2.13662520709285E-16,-1.,0.));
#2359=DIRECTION('',(2.13662520709285E-16,1.,0.));
#2360=DIRECTION('center_axis',(-0.866025403784439,0.5,0.));
#2361=DIRECTION('ref_axis',(-0.5,-0.866025403784438,0.));
#2362=DIRECTION('',(0.5,0.866025403784438,0.));
#2363=DIRECTION('center_axis',(-0.499999999999999,0.866025403784439,0.));
#2364=DIRECTION('ref_axis',(-0.866025403784439,-0.499999999999999,0.));
#2365=DIRECTION('',(0.866025403784439,0.499999999999999,0.));
#2366=DIRECTION('center_axis',(4.2732504141857E-16,1.,0.));
#2367=DIRECTION('ref_axis',(-1.,4.2732504141857E-16,0.));
#2368=DIRECTION('',(1.,-4.2732504141857E-16,0.));
#2369=DIRECTION('center_axis',(0.5,0.866025403784439,0.));
#2370=DIRECTION('ref_axis',(-0.866025403784439,0.5,0.));
#2371=DIRECTION('',(0.866025403784439,-0.5,0.));
#2372=DIRECTION('center_axis',(0.866025403784439,0.5,0.));
#2373=DIRECTION('ref_axis',(-0.5,0.866025403784439,0.));
#2374=DIRECTION('',(0.5,-0.866025403784439,0.));
#2375=DIRECTION('center_axis',(1.,-6.40987562127855E-16,0.));
#2376=DIRECTION('ref_axis',(6.40987562127855E-16,1.,0.));
#2377=DIRECTION('',(-6.40987562127855E-16,-1.,0.));
#2378=DIRECTION('center_axis',(0.866025403784439,-0.5,0.));
#2379=DIRECTION('ref_axis',(0.5,0.866025403784439,0.));
#2380=DIRECTION('',(-0.5,-0.866025403784439,0.));
#2381=DIRECTION('center_axis',(0.5,-0.866025403784439,0.));
#2382=DIRECTION('ref_axis',(0.866025403784439,0.5,0.));
#2383=DIRECTION('',(-0.866025403784439,-0.5,0.));
#2384=DIRECTION('center_axis',(-6.40987562127855E-16,-1.,0.));
#2385=DIRECTION('ref_axis',(1.,-6.40987562127855E-16,0.));
#2386=DIRECTION('',(-1.,6.40987562127855E-16,0.));
#2387=DIRECTION('center_axis',(2.13662520709285E-16,1.,0.));
#2388=DIRECTION('ref_axis',(-1.,2.13662520709285E-16,0.));
#2389=DIRECTION('',(1.,-2.13662520709285E-16,0.));
#2390=DIRECTION('',(0.,0.,1.));
#2391=DIRECTION('center_axis',(0.5,0.866025403784439,0.));
#2392=DIRECTION('ref_axis',(-0.866025403784439,0.5,0.));
#2393=DIRECTION('',(0.866025403784439,-0.5,0.));
#2394=DIRECTION('',(0.,0.,1.));
#2395=DIRECTION('center_axis',(0.866025403784439,0.5,0.));
#2396=DIRECTION('ref_axis',(-0.5,0.866025403784439,0.));
#2397=DIRECTION('',(0.5,-0.866025403784439,0.));
#2398=DIRECTION('',(0.,0.,1.));
#2399=DIRECTION('center_axis',(1.,0.,0.));
#2400=DIRECTION('ref_axis',(0.,1.,0.));
#2401=DIRECTION('',(0.,-1.,0.));
#2402=DIRECTION('',(0.,0.,1.));
#2403=DIRECTION('center_axis',(0.866025403784439,-0.5,0.));
#2404=DIRECTION('ref_axis',(0.5,0.866025403784439,0.));
#2405=DIRECTION('',(-0.5,-0.866025403784439,0.));
#2406=DIRECTION('',(0.,0.,1.));
#2407=DIRECTION('center_axis',(0.5,-0.866025403784439,0.));
#2408=DIRECTION('ref_axis',(0.866025403784439,0.5,0.));
#2409=DIRECTION('',(-0.866025403784439,-0.5,0.));
#2410=DIRECTION('',(0.,0.,1.));
#2411=DIRECTION('center_axis',(-2.13662520709285E-16,-1.,0.));
#2412=DIRECTION('ref_axis',(1.,-2.13662520709285E-16,0.));
#2413=DIRECTION('',(-1.,2.13662520709285E-16,0.));
#2414=DIRECTION('',(0.,0.,1.));
#2415=DIRECTION('center_axis',(-0.5,-0.866025403784439,0.));
#2416=DIRECTION('ref_axis',(0.866025403784439,-0.5,0.));
#2417=DIRECTION('',(-0.866025403784439,0.5,0.));
#2418=DIRECTION('',(0.,0.,1.));
#2419=DIRECTION('center_axis',(-0.866025403784439,-0.5,0.));
#2420=DIRECTION('ref_axis',(0.5,-0.866025403784439,0.));
#2421=DIRECTION('',(-0.5,0.866025403784439,0.));
#2422=DIRECTION('',(0.,0.,1.));
#2423=DIRECTION('center_axis',(-1.,0.,0.));
#2424=DIRECTION('ref_axis',(0.,-1.,0.));
#2425=DIRECTION('',(0.,1.,0.));
#2426=DIRECTION('',(0.,0.,1.));
#2427=DIRECTION('center_axis',(-0.866025403784439,0.5,0.));
#2428=DIRECTION('ref_axis',(-0.5,-0.866025403784439,0.));
#2429=DIRECTION('',(0.5,0.866025403784439,0.));
#2430=DIRECTION('',(0.,0.,1.));
#2431=DIRECTION('center_axis',(-0.5,0.866025403784439,0.));
#2432=DIRECTION('ref_axis',(-0.866025403784439,-0.5,0.));
#2433=DIRECTION('',(0.866025403784439,0.5,0.));
#2434=DIRECTION('',(0.,0.,1.));
#2435=DIRECTION('center_axis',(-0.866025403784439,-0.5,0.));
#2436=DIRECTION('ref_axis',(0.5,-0.866025403784439,0.));
#2437=DIRECTION('',(-0.5,0.866025403784439,0.));
#2438=DIRECTION('center_axis',(-1.,0.,0.));
#2439=DIRECTION('ref_axis',(0.,-1.,0.));
#2440=DIRECTION('',(0.,1.,0.));
#2441=DIRECTION('center_axis',(-0.866025403784439,0.5,0.));
#2442=DIRECTION('ref_axis',(-0.5,-0.866025403784439,0.));
#2443=DIRECTION('',(0.5,0.866025403784439,0.));
#2444=DIRECTION('center_axis',(-0.5,0.866025403784439,0.));
#2445=DIRECTION('ref_axis',(-0.866025403784439,-0.5,0.));
#2446=DIRECTION('',(0.866025403784439,0.5,0.));
#2447=DIRECTION('center_axis',(2.13662520709285E-16,1.,0.));
#2448=DIRECTION('ref_axis',(-1.,2.13662520709285E-16,0.));
#2449=DIRECTION('',(1.,-2.13662520709285E-16,0.));
#2450=DIRECTION('center_axis',(0.5,0.866025403784439,0.));
#2451=DIRECTION('ref_axis',(-0.866025403784439,0.5,0.));
#2452=DIRECTION('',(0.866025403784439,-0.5,0.));
#2453=DIRECTION('center_axis',(0.866025403784439,0.5,0.));
#2454=DIRECTION('ref_axis',(-0.5,0.866025403784439,0.));
#2455=DIRECTION('',(0.5,-0.866025403784439,0.));
#2456=DIRECTION('center_axis',(1.,0.,0.));
#2457=DIRECTION('ref_axis',(0.,1.,0.));
#2458=DIRECTION('',(0.,-1.,0.));
#2459=DIRECTION('center_axis',(0.866025403784439,-0.5,0.));
#2460=DIRECTION('ref_axis',(0.5,0.866025403784439,0.));
#2461=DIRECTION('',(-0.5,-0.866025403784439,0.));
#2462=DIRECTION('center_axis',(0.5,-0.866025403784439,0.));
#2463=DIRECTION('ref_axis',(0.866025403784439,0.5,0.));
#2464=DIRECTION('',(-0.866025403784439,-0.5,0.));
#2465=DIRECTION('center_axis',(-2.13662520709285E-16,-1.,0.));
#2466=DIRECTION('ref_axis',(1.,-2.13662520709285E-16,0.));
#2467=DIRECTION('',(-1.,2.13662520709285E-16,0.));
#2468=DIRECTION('center_axis',(-0.5,-0.866025403784439,0.));
#2469=DIRECTION('ref_axis',(0.866025403784439,-0.5,0.));
#2470=DIRECTION('',(-0.866025403784439,0.5,0.));
#2471=DIRECTION('center_axis',(0.,0.,-1.));
#2472=DIRECTION('ref_axis',(1.,0.,0.));
#2473=DIRECTION('center_axis',(0.,0.,1.));
#2474=DIRECTION('ref_axis',(1.,0.,0.));
#2475=DIRECTION('center_axis',(0.,0.,-1.));
#2476=DIRECTION('ref_axis',(1.,0.,0.));
#2477=DIRECTION('center_axis',(0.,0.,-1.));
#2478=DIRECTION('ref_axis',(1.,0.,0.));
#2479=DIRECTION('center_axis',(0.,0.,1.));
#2480=DIRECTION('ref_axis',(1.,0.,0.));
#2481=DIRECTION('center_axis',(0.,0.,-1.));
#2482=DIRECTION('ref_axis',(1.,0.,0.));
#2483=DIRECTION('center_axis',(0.,0.,-1.));
#2484=DIRECTION('ref_axis',(1.,0.,0.));
#2485=DIRECTION('center_axis',(0.,0.,1.));
#2486=DIRECTION('ref_axis',(1.,0.,0.));
#2487=DIRECTION('center_axis',(0.,0.,-1.));
#2488=DIRECTION('ref_axis',(1.,0.,0.));
#2489=DIRECTION('center_axis',(0.,0.,-1.));
#2490=DIRECTION('ref_axis',(1.,0.,0.));
#2491=DIRECTION('center_axis',(0.,0.,1.));
#2492=DIRECTION('ref_axis',(1.,0.,0.));
#2493=DIRECTION('center_axis',(0.,0.,-1.));
#2494=DIRECTION('ref_axis',(1.,0.,0.));
#2495=DIRECTION('center_axis',(0.,0.,-1.));
#2496=DIRECTION('ref_axis',(1.,0.,0.));
#2497=DIRECTION('center_axis',(0.,0.,1.));
#2498=DIRECTION('ref_axis',(1.,0.,0.));
#2499=DIRECTION('center_axis',(0.,0.,-1.));
#2500=DIRECTION('ref_axis',(1.,0.,0.));
#2501=DIRECTION('center_axis',(0.,0.,-1.));
#2502=DIRECTION('ref_axis',(1.,0.,0.));
#2503=DIRECTION('center_axis',(0.,0.,1.));
#2504=DIRECTION('ref_axis',(1.,0.,0.));
#2505=DIRECTION('center_axis',(0.,0.,-1.));
#2506=DIRECTION('ref_axis',(1.,0.,0.));
#2507=DIRECTION('center_axis',(0.,0.,-1.));
#2508=DIRECTION('ref_axis',(1.,0.,0.));
#2509=DIRECTION('center_axis',(0.,0.,1.));
#2510=DIRECTION('ref_axis',(1.,0.,0.));
#2511=DIRECTION('center_axis',(0.,0.,-1.));
#2512=DIRECTION('ref_axis',(1.,0.,0.));
#2513=DIRECTION('center_axis',(0.,0.,-1.));
#2514=DIRECTION('ref_axis',(1.,0.,0.));
#2515=DIRECTION('center_axis',(0.,0.,1.));
#2516=DIRECTION('ref_axis',(1.,0.,0.));
#2517=DIRECTION('center_axis',(0.,0.,-1.));
#2518=DIRECTION('ref_axis',(1.,0.,0.));
#2519=DIRECTION('center_axis',(0.,0.,-1.));
#2520=DIRECTION('ref_axis',(1.,0.,0.));
#2521=DIRECTION('center_axis',(0.,0.,1.));
#2522=DIRECTION('ref_axis',(1.,0.,0.));
#2523=DIRECTION('center_axis',(0.,0.,-1.));
#2524=DIRECTION('ref_axis',(1.,0.,0.));
#2525=DIRECTION('center_axis',(0.,0.,-1.));
#2526=DIRECTION('ref_axis',(1.,0.,0.));
#2527=DIRECTION('center_axis',(0.,0.,1.));
#2528=DIRECTION('ref_axis',(1.,0.,0.));
#2529=DIRECTION('center_axis',(0.,0.,-1.));
#2530=DIRECTION('ref_axis',(1.,0.,0.));
#2531=DIRECTION('center_axis',(0.,0.,-1.));
#2532=DIRECTION('ref_axis',(1.,0.,0.));
#2533=DIRECTION('center_axis',(0.,0.,-1.));
#2534=DIRECTION('ref_axis',(1.,0.,0.));
#2535=DIRECTION('center_axis',(0.,0.,1.));
#2536=DIRECTION('ref_axis',(1.,0.,0.));
#2537=DIRECTION('center_axis',(0.,0.,-1.));
#2538=DIRECTION('ref_axis',(1.,0.,0.));
#2539=DIRECTION('center_axis',(0.,0.,1.));
#2540=DIRECTION('ref_axis',(1.,0.,0.));
#2541=DIRECTION('center_axis',(0.,0.,-1.));
#2542=DIRECTION('ref_axis',(1.,0.,0.));
#2543=DIRECTION('center_axis',(0.,0.,1.));
#2544=DIRECTION('ref_axis',(1.,0.,0.));
#2545=DIRECTION('center_axis',(0.,0.,-1.));
#2546=DIRECTION('ref_axis',(1.,0.,0.));
#2547=DIRECTION('center_axis',(1.11789428916464E-16,-1.,0.));
#2548=DIRECTION('ref_axis',(-1.,-1.11789428916464E-16,0.));
#2549=DIRECTION('center_axis',(0.,0.,-1.));
#2550=DIRECTION('ref_axis',(1.,0.,0.));
#2551=DIRECTION('center_axis',(0.,4.67848747903539E-17,1.));
#2552=DIRECTION('ref_axis',(1.,0.,0.));
#2553=DIRECTION('center_axis',(0.,0.,-1.));
#2554=DIRECTION('ref_axis',(1.,0.,0.));
#2555=DIRECTION('center_axis',(0.,0.,-1.));
#2556=DIRECTION('ref_axis',(1.,0.,0.));
#2557=DIRECTION('center_axis',(0.,4.67848747903539E-17,1.));
#2558=DIRECTION('ref_axis',(1.,0.,0.));
#2559=DIRECTION('center_axis',(0.,0.,-1.));
#2560=DIRECTION('ref_axis',(1.,0.,0.));
#2561=DIRECTION('center_axis',(0.,0.,-1.));
#2562=DIRECTION('ref_axis',(1.,0.,0.));
#2563=DIRECTION('center_axis',(0.,4.67848747903539E-17,1.));
#2564=DIRECTION('ref_axis',(1.,0.,0.));
#2565=DIRECTION('center_axis',(0.,0.,-1.));
#2566=DIRECTION('ref_axis',(1.,0.,0.));
#2567=DIRECTION('center_axis',(0.,0.,-1.));
#2568=DIRECTION('ref_axis',(1.,0.,0.));
#2569=DIRECTION('center_axis',(0.,4.67848747903539E-17,1.));
#2570=DIRECTION('ref_axis',(1.,0.,0.));
#2571=DIRECTION('center_axis',(0.,0.,-1.));
#2572=DIRECTION('ref_axis',(1.,0.,0.));
#2573=DIRECTION('center_axis',(0.,0.,-1.));
#2574=DIRECTION('ref_axis',(1.,0.,0.));
#2575=DIRECTION('center_axis',(0.,4.67848747903539E-17,1.));
#2576=DIRECTION('ref_axis',(1.,0.,0.));
#2577=DIRECTION('center_axis',(0.,0.,-1.));
#2578=DIRECTION('ref_axis',(1.,0.,0.));
#2579=DIRECTION('center_axis',(0.,0.,-1.));
#2580=DIRECTION('ref_axis',(1.,0.,0.));
#2581=DIRECTION('center_axis',(0.,4.67848747903539E-17,1.));
#2582=DIRECTION('ref_axis',(1.,0.,0.));
#2583=DIRECTION('center_axis',(0.,0.,-1.));
#2584=DIRECTION('ref_axis',(1.,0.,0.));
#2585=DIRECTION('center_axis',(0.,0.,-1.));
#2586=DIRECTION('ref_axis',(1.,0.,0.));
#2587=DIRECTION('center_axis',(0.,4.67848747903539E-17,1.));
#2588=DIRECTION('ref_axis',(1.,0.,0.));
#2589=DIRECTION('center_axis',(0.,0.,-1.));
#2590=DIRECTION('ref_axis',(1.,0.,0.));
#2591=DIRECTION('center_axis',(0.,0.,-1.));
#2592=DIRECTION('ref_axis',(1.,0.,0.));
#2593=DIRECTION('center_axis',(0.,4.67848747903539E-17,1.));
#2594=DIRECTION('ref_axis',(1.,0.,0.));
#2595=DIRECTION('center_axis',(0.,0.,-1.));
#2596=DIRECTION('ref_axis',(1.,0.,0.));
#2597=DIRECTION('center_axis',(0.,0.,-1.));
#2598=DIRECTION('ref_axis',(1.,0.,0.));
#2599=DIRECTION('center_axis',(0.,4.67848747903539E-17,1.));
#2600=DIRECTION('ref_axis',(1.,0.,0.));
#2601=DIRECTION('center_axis',(0.,0.,-1.));
#2602=DIRECTION('ref_axis',(1.,0.,0.));
#2603=DIRECTION('center_axis',(0.,0.,-1.));
#2604=DIRECTION('ref_axis',(1.,0.,0.));
#2605=DIRECTION('center_axis',(0.,4.67848747903539E-17,1.));
#2606=DIRECTION('ref_axis',(1.,0.,0.));
#2607=DIRECTION('center_axis',(0.,0.,-1.));
#2608=DIRECTION('ref_axis',(1.,0.,0.));
#2609=DIRECTION('center_axis',(0.,0.,-1.));
#2610=DIRECTION('ref_axis',(1.,0.,0.));
#2611=DIRECTION('center_axis',(0.,0.,-1.));
#2612=DIRECTION('ref_axis',(1.,0.,0.));
#2613=DIRECTION('center_axis',(0.,4.67848747903539E-17,1.));
#2614=DIRECTION('ref_axis',(1.,0.,0.));
#2615=DIRECTION('center_axis',(0.,0.,-1.));
#2616=DIRECTION('ref_axis',(1.,0.,0.));
#2617=DIRECTION('center_axis',(0.,4.67848747903539E-17,1.));
#2618=DIRECTION('ref_axis',(1.,0.,0.));
#2619=DIRECTION('center_axis',(0.,0.,-1.));
#2620=DIRECTION('ref_axis',(1.,0.,0.));
#2621=DIRECTION('center_axis',(0.,0.,1.));
#2622=DIRECTION('ref_axis',(1.,0.,0.));
#2623=DIRECTION('center_axis',(0.,0.,-1.));
#2624=DIRECTION('ref_axis',(1.,0.,0.));
#2625=DIRECTION('center_axis',(1.11789428916464E-16,-1.,0.));
#2626=DIRECTION('ref_axis',(-1.,-1.11789428916464E-16,0.));
#2627=DIRECTION('center_axis',(0.,0.,1.));
#2628=DIRECTION('ref_axis',(1.,0.,0.));
#2629=DIRECTION('center_axis',(0.,0.,1.));
#2630=DIRECTION('ref_axis',(-0.707106781186548,-0.707106781186548,0.));
#2631=DIRECTION('',(0.,-1.,0.));
#2632=DIRECTION('center_axis',(0.,0.,1.));
#2633=DIRECTION('ref_axis',(-0.707106781186548,0.707106781186547,0.));
#2634=DIRECTION('',(-1.,0.,0.));
#2635=DIRECTION('center_axis',(0.,0.,-1.));
#2636=DIRECTION('ref_axis',(0.707106781186548,-0.707106781186547,0.));
#2637=DIRECTION('',(-1.70803542250024E-16,-1.,0.));
#2638=DIRECTION('center_axis',(0.,0.,1.));
#2639=DIRECTION('ref_axis',(1.,0.,0.));
#2640=DIRECTION('',(0.,-1.,0.));
#2641=DIRECTION('center_axis',(0.,0.,-1.));
#2642=DIRECTION('ref_axis',(-0.707106781186547,-0.707106781186548,0.));
#2643=DIRECTION('',(-1.,0.,0.));
#2644=DIRECTION('center_axis',(0.,0.,1.));
#2645=DIRECTION('ref_axis',(0.707106781186548,0.707106781186547,0.));
#2646=DIRECTION('',(0.,1.,0.));
#2647=DIRECTION('center_axis',(0.,0.,1.));
#2648=DIRECTION('ref_axis',(0.707106781186547,-0.707106781186548,0.));
#2649=DIRECTION('',(1.,0.,0.));
#2650=DIRECTION('center_axis',(0.,0.,-1.));
#2651=DIRECTION('ref_axis',(1.,0.,0.));
#2652=DIRECTION('center_axis',(0.,0.,-1.));
#2653=DIRECTION('ref_axis',(1.,0.,0.));
#2654=DIRECTION('center_axis',(0.,0.,-1.));
#2655=DIRECTION('ref_axis',(-1.,0.,0.));
#2656=DIRECTION('center_axis',(0.,0.,1.));
#2657=DIRECTION('ref_axis',(1.,0.,0.));
#2658=DIRECTION('center_axis',(-1.38777878078145E-16,-1.,0.));
#2659=DIRECTION('ref_axis',(1.,-1.38777878078145E-16,0.));
#2660=DIRECTION('center_axis',(0.,0.,-1.));
#2661=DIRECTION('ref_axis',(1.,0.,0.));
#2662=DIRECTION('center_axis',(0.,0.,-1.));
#2663=DIRECTION('ref_axis',(1.,0.,0.));
#2664=DIRECTION('center_axis',(0.,0.,1.));
#2665=DIRECTION('ref_axis',(1.,0.,0.));
#2666=DIRECTION('center_axis',(0.,0.,1.));
#2667=DIRECTION('ref_axis',(1.,0.,0.));
#2668=DIRECTION('center_axis',(0.,0.,1.));
#2669=DIRECTION('ref_axis',(1.,0.,0.));
#2670=DIRECTION('',(1.70803542250024E-16,1.,0.));
#2671=DIRECTION('center_axis',(0.,0.,1.));
#2672=DIRECTION('ref_axis',(0.707106781186548,-0.707106781186547,0.));
#2673=DIRECTION('',(1.,0.,0.));
#2674=DIRECTION('center_axis',(0.,0.,-1.));
#2675=DIRECTION('ref_axis',(-0.707106781186548,0.707106781186547,0.));
#2676=DIRECTION('',(0.,1.,0.));
#2677=DIRECTION('center_axis',(0.,0.,-1.));
#2678=DIRECTION('ref_axis',(-0.707106781186547,-0.707106781186548,0.));
#2679=DIRECTION('',(-1.,0.,0.));
#2680=DIRECTION('',(-1.,0.,0.));
#2681=DIRECTION('center_axis',(0.,0.,-1.));
#2682=DIRECTION('ref_axis',(0.707106781186548,-0.707106781186547,0.));
#2683=DIRECTION('',(0.,-1.,0.));
#2684=DIRECTION('center_axis',(0.,0.,-1.));
#2685=DIRECTION('ref_axis',(0.707106781186548,0.707106781186547,0.));
#2686=DIRECTION('',(1.,0.,0.));
#2687=DIRECTION('center_axis',(0.,0.,1.));
#2688=DIRECTION('ref_axis',(-0.707106781186547,-0.707106781186547,0.));
#2689=DIRECTION('',(0.,-1.,0.));
#2690=DIRECTION('center_axis',(0.,0.,1.));
#2691=DIRECTION('ref_axis',(1.,0.,0.));
#2692=DIRECTION('',(0.,0.,-1.));
#2693=DIRECTION('center_axis',(0.,0.,-1.));
#2694=DIRECTION('ref_axis',(1.,0.,0.));
#2695=DIRECTION('center_axis',(0.,0.,1.));
#2696=DIRECTION('ref_axis',(1.,0.,0.));
#2697=DIRECTION('center_axis',(0.,0.,-1.));
#2698=DIRECTION('ref_axis',(1.,0.,0.));
#2699=DIRECTION('',(0.,0.,-1.));
#2700=DIRECTION('center_axis',(0.,0.,-1.));
#2701=DIRECTION('ref_axis',(1.,0.,0.));
#2702=DIRECTION('center_axis',(0.,0.,1.));
#2703=DIRECTION('ref_axis',(1.,0.,0.));
#2704=DIRECTION('center_axis',(0.,1.,0.));
#2705=DIRECTION('ref_axis',(-1.,0.,0.));
#2706=DIRECTION('center_axis',(0.,0.,1.));
#2707=DIRECTION('ref_axis',(0.,-1.,0.));
#2708=DIRECTION('center_axis',(1.,0.,0.));
#2709=DIRECTION('ref_axis',(0.,0.,1.));
#2710=DIRECTION('center_axis',(0.,0.,1.));
#2711=DIRECTION('ref_axis',(-0.707106781186548,-0.707106781186548,0.));
#2712=DIRECTION('',(0.,0.,1.));
#2713=DIRECTION('',(0.,0.,-1.));
#2714=DIRECTION('center_axis',(0.,0.,1.));
#2715=DIRECTION('ref_axis',(1.,0.,0.));
#2716=DIRECTION('center_axis',(-1.,0.,0.));
#2717=DIRECTION('ref_axis',(0.,-1.,0.));
#2718=DIRECTION('center_axis',(0.,0.,1.));
#2719=DIRECTION('ref_axis',(1.,0.,0.));
#2720=DIRECTION('center_axis',(0.,1.,0.));
#2721=DIRECTION('ref_axis',(0.,0.,1.));
#2722=DIRECTION('center_axis',(0.,0.,1.));
#2723=DIRECTION('ref_axis',(0.707106781186547,-0.707106781186548,0.));
#2724=DIRECTION('',(0.,0.,1.));
#2725=DIRECTION('',(0.,0.,-1.));
#2726=DIRECTION('center_axis',(0.,0.,1.));
#2727=DIRECTION('ref_axis',(1.,0.,0.));
#2728=DIRECTION('center_axis',(1.,0.,0.));
#2729=DIRECTION('ref_axis',(0.,1.,0.));
#2730=DIRECTION('center_axis',(0.,0.,1.));
#2731=DIRECTION('ref_axis',(-1.,0.,0.));
#2732=DIRECTION('center_axis',(0.,-1.,0.));
#2733=DIRECTION('ref_axis',(0.,0.,1.));
#2734=DIRECTION('center_axis',(0.,0.,1.));
#2735=DIRECTION('ref_axis',(-0.707106781186548,0.707106781186547,0.));
#2736=DIRECTION('',(0.,0.,1.));
#2737=DIRECTION('',(0.,0.,-1.));
#2738=DIRECTION('center_axis',(0.,-1.,0.));
#2739=DIRECTION('ref_axis',(-0.707106781186548,0.,0.707106781186548));
#2740=DIRECTION('',(0.,-1.,0.));
#2741=DIRECTION('center_axis',(0.,0.,1.));
#2742=DIRECTION('ref_axis',(1.,0.,0.));
#2743=DIRECTION('center_axis',(0.,-1.,0.));
#2744=DIRECTION('ref_axis',(1.,0.,0.));
#2745=DIRECTION('center_axis',(0.,0.,1.));
#2746=DIRECTION('ref_axis',(0.,1.,0.));
#2747=DIRECTION('center_axis',(-1.,0.,0.));
#2748=DIRECTION('ref_axis',(0.,0.,1.));
#2749=DIRECTION('center_axis',(0.,0.,1.));
#2750=DIRECTION('ref_axis',(0.707106781186548,0.707106781186547,0.));
#2751=DIRECTION('',(0.,0.,1.));
#2752=DIRECTION('',(0.,0.,-1.));
#2753=DIRECTION('center_axis',(0.,0.,-1.));
#2754=DIRECTION('ref_axis',(-1.,0.,0.));
#2755=DIRECTION('center_axis',(0.,1.,0.));
#2756=DIRECTION('ref_axis',(-1.,0.,0.));
#2757=DIRECTION('center_axis',(0.,0.,-1.));
#2758=DIRECTION('ref_axis',(0.,-1.,0.));
#2759=DIRECTION('center_axis',(-1.,0.,0.));
#2760=DIRECTION('ref_axis',(0.,0.,1.));
#2761=DIRECTION('center_axis',(0.,0.,1.));
#2762=DIRECTION('ref_axis',(0.707106781186548,-0.707106781186547,0.));
#2763=DIRECTION('',(0.,0.,1.));
#2764=DIRECTION('',(0.,0.,-1.));
#2765=DIRECTION('center_axis',(-1.,0.,0.));
#2766=DIRECTION('ref_axis',(0.,0.707106781186548,0.707106781186548));
#2767=DIRECTION('',(-1.,0.,0.));
#2768=DIRECTION('center_axis',(0.,0.,-1.));
#2769=DIRECTION('ref_axis',(-1.,0.,0.));
#2770=DIRECTION('center_axis',(1.,0.,0.));
#2771=DIRECTION('ref_axis',(0.,1.,0.));
#2772=DIRECTION('center_axis',(0.,0.,-1.));
#2773=DIRECTION('ref_axis',(-1.,0.,0.));
#2774=DIRECTION('center_axis',(0.,1.,0.));
#2775=DIRECTION('ref_axis',(0.,0.,1.));
#2776=DIRECTION('center_axis',(0.,0.,1.));
#2777=DIRECTION('ref_axis',(-0.707106781186547,-0.707106781186548,0.));
#2778=DIRECTION('',(0.,0.,1.));
#2779=DIRECTION('',(0.,0.,-1.));
#2780=DIRECTION('center_axis',(0.,1.,0.));
#2781=DIRECTION('ref_axis',(0.707106781186549,0.,0.707106781186546));
#2782=DIRECTION('center_axis',(0.,-1.,0.));
#2783=DIRECTION('ref_axis',(1.,0.,0.));
#2784=DIRECTION('',(0.,1.,0.));
#2785=DIRECTION('center_axis',(0.,0.,1.));
#2786=DIRECTION('ref_axis',(1.,0.,0.));
#2787=DIRECTION('center_axis',(0.,-1.,0.));
#2788=DIRECTION('ref_axis',(-1.,0.,0.));
#2789=DIRECTION('center_axis',(0.,0.,1.));
#2790=DIRECTION('ref_axis',(0.,1.,0.));
#2791=DIRECTION('center_axis',(0.,1.,0.));
#2792=DIRECTION('ref_axis',(-1.,0.,0.));
#2793=DIRECTION('center_axis',(-1.70803542250024E-16,-1.,0.));
#2794=DIRECTION('ref_axis',(-0.707106781186548,0.,0.707106781186548));
#2795=DIRECTION('',(-1.70803542250024E-16,-1.,0.));
#2796=DIRECTION('center_axis',(-1.,0.,0.));
#2797=DIRECTION('ref_axis',(0.,0.707106781186548,0.707106781186548));
#2798=DIRECTION('',(-1.,0.,0.));
#2799=DIRECTION('center_axis',(0.,1.,0.));
#2800=DIRECTION('ref_axis',(0.707106781186546,0.,0.707106781186549));
#2801=DIRECTION('',(0.,1.,0.));
#2802=DIRECTION('center_axis',(1.,0.,0.));
#2803=DIRECTION('ref_axis',(0.,-0.707106781186547,0.707106781186548));
#2804=DIRECTION('',(1.,0.,0.));
#2805=DIRECTION('center_axis',(-1.,0.,0.));
#2806=DIRECTION('ref_axis',(0.,-1.,0.));
#2807=DIRECTION('center_axis',(0.,1.,0.));
#2808=DIRECTION('ref_axis',(-1.,0.,0.));
#2809=DIRECTION('center_axis',(-1.,1.70803542250024E-16,0.));
#2810=DIRECTION('ref_axis',(-1.70803542250024E-16,-1.,0.));
#2811=DIRECTION('',(0.,0.,1.));
#2812=DIRECTION('center_axis',(0.,0.,1.));
#2813=DIRECTION('ref_axis',(1.,0.,0.));
#2814=DIRECTION('',(0.,0.,1.));
#2815=DIRECTION('center_axis',(1.,0.,0.));
#2816=DIRECTION('ref_axis',(0.,1.,0.));
#2817=DIRECTION('center_axis',(0.,0.,1.));
#2818=DIRECTION('ref_axis',(1.,0.,0.));
#2819=DIRECTION('center_axis',(0.,0.,-1.));
#2820=DIRECTION('ref_axis',(1.,0.,0.));
#2821=DIRECTION('',(0.,0.,-1.));
#2822=DIRECTION('center_axis',(0.,0.,-1.));
#2823=DIRECTION('ref_axis',(1.,0.,0.));
#2824=DIRECTION('center_axis',(0.,0.,1.));
#2825=DIRECTION('ref_axis',(1.,0.,0.));
#2826=DIRECTION('center_axis',(0.,0.,1.));
#2827=DIRECTION('ref_axis',(1.,0.,0.));
#2828=DIRECTION('center_axis',(0.,0.,1.));
#2829=DIRECTION('ref_axis',(1.,0.,0.));
#2830=DIRECTION('center_axis',(0.,0.,1.));
#2831=DIRECTION('ref_axis',(1.,0.,0.));
#2832=DIRECTION('',(0.,0.,-1.));
#2833=DIRECTION('center_axis',(0.,0.,1.));
#2834=DIRECTION('ref_axis',(1.,0.,0.));
#2835=DIRECTION('center_axis',(0.,0.,-1.));
#2836=DIRECTION('ref_axis',(1.,0.,0.));
#2837=DIRECTION('',(0.,0.,-1.));
#2838=DIRECTION('center_axis',(0.,0.,-1.));
#2839=DIRECTION('ref_axis',(1.,0.,0.));
#2840=DIRECTION('center_axis',(0.,0.,1.));
#2841=DIRECTION('ref_axis',(1.,0.,0.));
#2842=DIRECTION('center_axis',(0.,0.,1.));
#2843=DIRECTION('ref_axis',(1.,0.,0.));
#2844=DIRECTION('center_axis',(0.,0.,1.));
#2845=DIRECTION('ref_axis',(1.,0.,0.));
#2846=DIRECTION('center_axis',(0.,0.,1.));
#2847=DIRECTION('ref_axis',(1.,0.,0.));
#2848=DIRECTION('',(0.,0.,-1.));
#2849=DIRECTION('center_axis',(0.,1.,0.));
#2850=DIRECTION('ref_axis',(-1.,0.,0.));
#2851=DIRECTION('center_axis',(1.,0.,0.));
#2852=DIRECTION('ref_axis',(0.,1.,0.));
#2853=DIRECTION('center_axis',(0.,-1.,0.));
#2854=DIRECTION('ref_axis',(1.,0.,0.));
#2855=CARTESIAN_POINT('',(0.,0.,0.));
#2856=CARTESIAN_POINT('Origin',(1.97548094716167,2.77451905283833,0.));
#2857=CARTESIAN_POINT('',(1.7909824726305,2.66799880890268,8.));
#2858=CARTESIAN_POINT('',(1.51688305713156,2.50974743757965,0.48255025164875));
#2859=CARTESIAN_POINT('Ctrl Pts',(1.7909824726305,2.66799880890268,8.));
#2860=CARTESIAN_POINT('Ctrl Pts',(1.66723916714654,2.5965555781711,4.77175553624735));
#2861=CARTESIAN_POINT('Ctrl Pts',(1.51688305713156,2.50974743757965,0.48255025164875));
#2862=CARTESIAN_POINT('',(1.5,2.5,8.));
#2863=CARTESIAN_POINT('',(6.30352540378444,5.27331668493415,8.));
#2864=CARTESIAN_POINT('',(1.5,2.5,0.370148940886479));
#2865=CARTESIAN_POINT('',(1.5,2.5,0.));
#2866=CARTESIAN_POINT('Ctrl Pts',(1.51688305713156,2.50974743757965,0.48255025164875));
#2867=CARTESIAN_POINT('Ctrl Pts',(1.51560305686724,2.50900842908248,0.446035713613239));
#2868=CARTESIAN_POINT('Ctrl Pts',(1.50980426722956,2.50566049632419,0.406605596971642));
#2869=CARTESIAN_POINT('Ctrl Pts',(1.5,2.5,0.370148940886479));
#2870=CARTESIAN_POINT('Origin',(2.25,3.25,0.));
#2871=CARTESIAN_POINT('',(2.0369595121287,3.25,8.));
#2872=CARTESIAN_POINT('',(1.72045676948264,3.25,0.48255025164875));
#2873=CARTESIAN_POINT('Ctrl Pts',(2.0369595121287,3.25,8.));
#2874=CARTESIAN_POINT('Ctrl Pts',(1.89407305066834,3.25,4.77175553631333));
#2875=CARTESIAN_POINT('Ctrl Pts',(1.72045676948264,3.25,0.48255025164875));
#2876=CARTESIAN_POINT('',(1.70096189432334,3.25,8.));
#2877=CARTESIAN_POINT('',(6.375,3.25,8.));
#2878=CARTESIAN_POINT('',(1.70096189432334,3.25,0.37014894088648));
#2879=CARTESIAN_POINT('',(1.70096189432334,3.25,0.));
#2880=CARTESIAN_POINT('Ctrl Pts',(1.72045676948264,3.25,0.48255025164875));
#2881=CARTESIAN_POINT('Ctrl Pts',(1.71897875248831,3.25,0.446035713613239));
#2882=CARTESIAN_POINT('Ctrl Pts',(1.71228288697173,3.25,0.406605596971643));
#2883=CARTESIAN_POINT('Ctrl Pts',(1.70096189432334,3.25,0.37014894088648));
#2884=CARTESIAN_POINT('Origin',(2.72548094716167,3.52451905283833,0.));
#2885=CARTESIAN_POINT('',(2.5409824726305,3.63103929677398,8.));
#2886=CARTESIAN_POINT('',(2.26688305713156,3.78929066809701,0.48255025164875));
#2887=CARTESIAN_POINT('Ctrl Pts',(2.5409824726305,3.63103929677398,8.));
#2888=CARTESIAN_POINT('Ctrl Pts',(2.4172391671502,3.70248252750344,4.77175553634708));
#2889=CARTESIAN_POINT('Ctrl Pts',(2.26688305713156,3.78929066809701,0.48255025164875));
#2890=CARTESIAN_POINT('',(2.25,3.79903810567666,8.));
#2891=CARTESIAN_POINT('',(4.67195554337723,2.40072142074251,8.));
#2892=CARTESIAN_POINT('',(2.25,3.79903810567666,0.370148940886477));
#2893=CARTESIAN_POINT('',(2.25,3.79903810567666,0.));
#2894=CARTESIAN_POINT('Ctrl Pts',(2.26688305713156,3.78929066809701,0.48255025164875));
#2895=CARTESIAN_POINT('Ctrl Pts',(2.26560305686724,3.79002967659418,0.446035713613238));
#2896=CARTESIAN_POINT('Ctrl Pts',(2.25980426722956,3.79337760935247,0.40660559697164));
#2897=CARTESIAN_POINT('Ctrl Pts',(2.25,3.79903810567666,0.370148940886477));
#2898=CARTESIAN_POINT('Origin',(3.27451905283833,3.52451905283833,0.));
#2899=CARTESIAN_POINT('',(3.16799880890268,3.7090175273695,8.));
#2900=CARTESIAN_POINT('',(3.00974743757965,3.98311694286844,0.48255025164875));
#2901=CARTESIAN_POINT('Ctrl Pts',(3.16799880890268,3.7090175273695,8.));
#2902=CARTESIAN_POINT('Ctrl Pts',(3.09655557817322,3.8327608328498,4.77175553634737));
#2903=CARTESIAN_POINT('Ctrl Pts',(3.00974743757965,3.98311694286844,0.48255025164875));
#2904=CARTESIAN_POINT('',(3.,4.,8.));
#2905=CARTESIAN_POINT('',(3.20873412263472,3.63846189432334,8.));
#2906=CARTESIAN_POINT('',(3.,4.,0.370148940886477));
#2907=CARTESIAN_POINT('',(3.,4.,0.));
#2908=CARTESIAN_POINT('Ctrl Pts',(3.00974743757965,3.98311694286844,0.48255025164875));
#2909=CARTESIAN_POINT('Ctrl Pts',(3.00900842908248,3.98439694313276,0.446035713613238));
#2910=CARTESIAN_POINT('Ctrl Pts',(3.00566049632419,3.99019573277044,0.40660559697164));
#2911=CARTESIAN_POINT('Ctrl Pts',(3.,4.,0.370148940886477));
#2912=CARTESIAN_POINT('Origin',(3.75,3.25,0.));
#2913=CARTESIAN_POINT('',(3.75,3.4630404878713,8.));
#2914=CARTESIAN_POINT('',(3.75,3.77954323051736,0.48255025164875));
#2915=CARTESIAN_POINT('Ctrl Pts',(3.75,3.4630404878713,8.));
#2916=CARTESIAN_POINT('Ctrl Pts',(3.75,3.6059269493302,4.77175553634793));
#2917=CARTESIAN_POINT('Ctrl Pts',(3.75,3.77954323051736,0.48255025164875));
#2918=CARTESIAN_POINT('',(3.75,3.79903810567666,8.));
#2919=CARTESIAN_POINT('',(3.75,5.625,8.));
#2920=CARTESIAN_POINT('',(3.75,3.79903810567666,0.370148940886483));
#2921=CARTESIAN_POINT('',(3.75,3.79903810567666,0.));
#2922=CARTESIAN_POINT('Ctrl Pts',(3.75,3.77954323051736,0.48255025164875));
#2923=CARTESIAN_POINT('Ctrl Pts',(3.75,3.7810212475117,0.44603571361324));
#2924=CARTESIAN_POINT('Ctrl Pts',(3.75,3.78771711302827,0.406605596971645));
#2925=CARTESIAN_POINT('Ctrl Pts',(3.75,3.79903810567666,0.370148940886483));
#2926=CARTESIAN_POINT('Origin',(4.02451905283833,2.77451905283833,0.));
#2927=CARTESIAN_POINT('',(4.13103929677398,2.9590175273695,8.));
#2928=CARTESIAN_POINT('',(4.28929066809701,3.23311694286844,0.48255025164875));
#2929=CARTESIAN_POINT('Ctrl Pts',(4.13103929677398,2.9590175273695,8.));
#2930=CARTESIAN_POINT('Ctrl Pts',(4.20248252750556,3.08276083285348,4.77175553624706));
#2931=CARTESIAN_POINT('Ctrl Pts',(4.28929066809701,3.23311694286844,0.48255025164875));
#2932=CARTESIAN_POINT('',(4.29903810567666,3.25,8.));
#2933=CARTESIAN_POINT('',(5.96530398304193,6.13605715851499,8.));
#2934=CARTESIAN_POINT('',(4.29903810567666,3.25,0.37014894088648));
#2935=CARTESIAN_POINT('',(4.29903810567666,3.25,0.));
#2936=CARTESIAN_POINT('Ctrl Pts',(4.28929066809701,3.23311694286844,0.48255025164875));
#2937=CARTESIAN_POINT('Ctrl Pts',(4.29002967659418,3.23439694313276,0.446035713613239));
#2938=CARTESIAN_POINT('Ctrl Pts',(4.29337760935247,3.24019573277044,0.406605596971643));
#2939=CARTESIAN_POINT('Ctrl Pts',(4.29903810567666,3.25,0.37014894088648));
#2940=CARTESIAN_POINT('Origin',(4.02451905283833,2.22548094716167,0.));
#2941=CARTESIAN_POINT('',(4.2090175273695,2.33200119109732,8.));
#2942=CARTESIAN_POINT('',(4.48311694286844,2.49025256242035,0.48255025164875));
#2943=CARTESIAN_POINT('Ctrl Pts',(4.2090175273695,2.33200119109732,8.));
#2944=CARTESIAN_POINT('Ctrl Pts',(4.33276083285348,2.40344442182891,4.77175553624697));
#2945=CARTESIAN_POINT('Ctrl Pts',(4.48311694286844,2.49025256242035,0.48255025164875));
#2946=CARTESIAN_POINT('',(4.5,2.5,8.));
#2947=CARTESIAN_POINT('',(7.70304445662277,4.34927857925749,8.));
#2948=CARTESIAN_POINT('',(4.5,2.5,0.370148940886479));
#2949=CARTESIAN_POINT('',(4.5,2.5,0.));
#2950=CARTESIAN_POINT('Ctrl Pts',(4.48311694286844,2.49025256242035,0.48255025164875));
#2951=CARTESIAN_POINT('Ctrl Pts',(4.48439694313276,2.49099157091752,0.446035713613239));
#2952=CARTESIAN_POINT('Ctrl Pts',(4.49019573277044,2.49433950367581,0.406605596971642));
#2953=CARTESIAN_POINT('Ctrl Pts',(4.5,2.5,0.370148940886479));
#2954=CARTESIAN_POINT('Origin',(3.75,1.75,0.));
#2955=CARTESIAN_POINT('',(3.9630404878713,1.75,8.));
#2956=CARTESIAN_POINT('',(4.27954323051736,1.75,0.48255025164875));
#2957=CARTESIAN_POINT('Ctrl Pts',(3.9630404878713,1.75,8.));
#2958=CARTESIAN_POINT('Ctrl Pts',(4.10592694933448,1.75,4.77175553624678));
#2959=CARTESIAN_POINT('Ctrl Pts',(4.27954323051736,1.75,0.48255025164875));
#2960=CARTESIAN_POINT('',(4.29903810567666,1.75,8.));
#2961=CARTESIAN_POINT('',(7.125,1.75,8.));
#2962=CARTESIAN_POINT('',(4.29903810567666,1.75,0.37014894088648));
#2963=CARTESIAN_POINT('',(4.29903810567666,1.75,0.));
#2964=CARTESIAN_POINT('Ctrl Pts',(4.27954323051736,1.75,0.48255025164875));
#2965=CARTESIAN_POINT('Ctrl Pts',(4.2810212475117,1.75,0.446035713613239));
#2966=CARTESIAN_POINT('Ctrl Pts',(4.28771711302828,1.75,0.406605596971643));
#2967=CARTESIAN_POINT('Ctrl Pts',(4.29903810567666,1.75,0.37014894088648));
#2968=CARTESIAN_POINT('Origin',(3.27451905283833,1.47548094716167,0.));
#2969=CARTESIAN_POINT('',(3.4590175273695,1.36896070322602,8.));
#2970=CARTESIAN_POINT('',(3.73311694286844,1.21070933190299,0.48255025164875));
#2971=CARTESIAN_POINT('Ctrl Pts',(3.4590175273695,1.36896070322602,8.));
#2972=CARTESIAN_POINT('Ctrl Pts',(3.58276083284734,1.29751747249798,4.77175553641419));
#2973=CARTESIAN_POINT('Ctrl Pts',(3.73311694286844,1.21070933190299,0.48255025164875));
#2974=CARTESIAN_POINT('',(3.75,1.20096189432334,8.));
#2975=CARTESIAN_POINT('',(4.57147459621556,0.726683315065848,8.));
#2976=CARTESIAN_POINT('',(3.75,1.20096189432334,0.370148940886479));
#2977=CARTESIAN_POINT('',(3.75,1.20096189432334,0.));
#2978=CARTESIAN_POINT('Ctrl Pts',(3.73311694286844,1.21070933190299,0.48255025164875));
#2979=CARTESIAN_POINT('Ctrl Pts',(3.73439694313276,1.20997032340582,0.446035713613239));
#2980=CARTESIAN_POINT('Ctrl Pts',(3.74019573277044,1.20662239064753,0.406605596971642));
#2981=CARTESIAN_POINT('Ctrl Pts',(3.75,1.20096189432334,0.370148940886479));
#2982=CARTESIAN_POINT('Origin',(2.72548094716167,1.47548094716167,0.));
#2983=CARTESIAN_POINT('',(2.83200119109732,1.2909824726305,8.));
#2984=CARTESIAN_POINT('',(2.99025256242035,1.01688305713156,0.48255025164875));
#2985=CARTESIAN_POINT('Ctrl Pts',(2.83200119109732,1.2909824726305,8.));
#2986=CARTESIAN_POINT('Ctrl Pts',(2.90344442182891,1.16723916714652,4.77175553624689));
#2987=CARTESIAN_POINT('Ctrl Pts',(2.99025256242035,1.01688305713156,0.48255025164875));
#2988=CARTESIAN_POINT('',(3.,1.,8.));
#2989=CARTESIAN_POINT('',(2.28469601695807,2.23894284148502,8.));
#2990=CARTESIAN_POINT('',(3.,1.,0.370148940886479));
#2991=CARTESIAN_POINT('',(3.,1.,0.));
#2992=CARTESIAN_POINT('Ctrl Pts',(2.99025256242035,1.01688305713156,0.48255025164875));
#2993=CARTESIAN_POINT('Ctrl Pts',(2.99099157091752,1.01560305686724,0.446035713613239));
#2994=CARTESIAN_POINT('Ctrl Pts',(2.99433950367581,1.00980426722956,0.406605596971642));
#2995=CARTESIAN_POINT('Ctrl Pts',(3.,1.,0.370148940886479));
#2996=CARTESIAN_POINT('Origin',(2.25,1.75,0.));
#2997=CARTESIAN_POINT('',(2.25,1.5369595121287,8.));
#2998=CARTESIAN_POINT('',(2.25,1.22045676948264,0.48255025164875));
#2999=CARTESIAN_POINT('Ctrl Pts',(2.25,1.5369595121287,8.));
#3000=CARTESIAN_POINT('Ctrl Pts',(2.25,1.39407305066552,4.77175553624686));
#3001=CARTESIAN_POINT('Ctrl Pts',(2.25,1.22045676948264,0.48255025164875));
#3002=CARTESIAN_POINT('',(2.25,1.20096189432334,8.));
#3003=CARTESIAN_POINT('',(2.25,4.875,8.));
#3004=CARTESIAN_POINT('',(2.25,1.20096189432334,0.370148940886478));
#3005=CARTESIAN_POINT('',(2.25,1.20096189432334,0.));
#3006=CARTESIAN_POINT('Ctrl Pts',(2.25,1.22045676948264,0.48255025164875));
#3007=CARTESIAN_POINT('Ctrl Pts',(2.25,1.21897875248831,0.446035713613238));
#3008=CARTESIAN_POINT('Ctrl Pts',(2.25,1.21228288697173,0.406605596971641));
#3009=CARTESIAN_POINT('Ctrl Pts',(2.25,1.20096189432334,0.370148940886478));
#3010=CARTESIAN_POINT('Origin',(1.97548094716167,2.22548094716167,0.));
#3011=CARTESIAN_POINT('',(1.86896070322602,2.0409824726305,8.));
#3012=CARTESIAN_POINT('',(1.71070933190299,1.76688305713156,0.48255025164875));
#3013=CARTESIAN_POINT('Ctrl Pts',(1.86896070322602,2.0409824726305,8.));
#3014=CARTESIAN_POINT('Ctrl Pts',(1.79751747249656,1.91723916715021,4.77175553634749));
#3015=CARTESIAN_POINT('Ctrl Pts',(1.71070933190299,1.76688305713156,0.48255025164875));
#3016=CARTESIAN_POINT('',(1.70096189432334,1.75,8.));
#3017=CARTESIAN_POINT('',(4.29126587736527,6.23653810567666,8.));
#3018=CARTESIAN_POINT('',(1.70096189432334,1.75,0.370148940886479));
#3019=CARTESIAN_POINT('',(1.70096189432334,1.75,0.));
#3020=CARTESIAN_POINT('Ctrl Pts',(1.71070933190299,1.76688305713156,0.48255025164875));
#3021=CARTESIAN_POINT('Ctrl Pts',(1.70997032340582,1.76560305686724,0.446035713613239));
#3022=CARTESIAN_POINT('Ctrl Pts',(1.70662239064753,1.75980426722956,0.406605596971642));
#3023=CARTESIAN_POINT('Ctrl Pts',(1.70096189432334,1.75,0.370148940886479));
#3024=CARTESIAN_POINT('Origin',(1.5,2.5,0.));
#3025=CARTESIAN_POINT('',(1.51688305713156,2.49025256242035,0.48255025164875));
#3026=CARTESIAN_POINT('',(1.7909824726305,2.33200119109732,8.));
#3027=CARTESIAN_POINT('Ctrl Pts',(1.51688305713156,2.49025256242035,0.48255025164875));
#3028=CARTESIAN_POINT('Ctrl Pts',(1.66723916714651,2.40344442182891,4.77175553624672));
#3029=CARTESIAN_POINT('Ctrl Pts',(1.7909824726305,2.33200119109732,8.));
#3030=CARTESIAN_POINT('Ctrl Pts',(1.5,2.5,0.370148940886479));
#3031=CARTESIAN_POINT('Ctrl Pts',(1.50979690477425,2.49434375439136,0.406578220065782));
#3032=CARTESIAN_POINT('Ctrl Pts',(1.51560163685163,2.49099239076391,0.44599520486063));
#3033=CARTESIAN_POINT('Ctrl Pts',(1.51688305713156,2.49025256242035,0.48255025164875));
#3034=CARTESIAN_POINT('',(3.68421506979639,1.23894284148501,8.));
#3035=CARTESIAN_POINT('Origin',(1.70096189432334,3.25,0.));
#3036=CARTESIAN_POINT('',(1.71070933190299,3.23311694286844,0.48255025164875));
#3037=CARTESIAN_POINT('',(1.86896070322602,2.9590175273695,8.));
#3038=CARTESIAN_POINT('Ctrl Pts',(1.71070933190299,3.23311694286844,0.48255025164875));
#3039=CARTESIAN_POINT('Ctrl Pts',(1.79751747249657,3.08276083284978,4.77175553634774));
#3040=CARTESIAN_POINT('Ctrl Pts',(1.86896070322602,2.9590175273695,8.));
#3041=CARTESIAN_POINT('Ctrl Pts',(1.70096189432334,3.25,0.37014894088648));
#3042=CARTESIAN_POINT('Ctrl Pts',(1.70661813993198,3.24020309522575,0.406578220065783));
#3043=CARTESIAN_POINT('Ctrl Pts',(1.70996950355943,3.23439836314837,0.44599520486063));
#3044=CARTESIAN_POINT('Ctrl Pts',(1.71070933190299,3.23311694286844,0.48255025164875));
#3045=CARTESIAN_POINT('',(1.7724364905389,3.12620236790418,8.));
#3046=CARTESIAN_POINT('Origin',(2.25,3.79903810567666,0.));
#3047=CARTESIAN_POINT('',(2.25,3.77954323051736,0.48255025164875));
#3048=CARTESIAN_POINT('',(2.25,3.4630404878713,8.));
#3049=CARTESIAN_POINT('Ctrl Pts',(2.25,3.77954323051736,0.48255025164875));
#3050=CARTESIAN_POINT('Ctrl Pts',(2.25,3.60592694933165,4.77175553631363));
#3051=CARTESIAN_POINT('Ctrl Pts',(2.25,3.4630404878713,8.));
#3052=CARTESIAN_POINT('Ctrl Pts',(2.25,3.79903810567666,0.370148940886477));
#3053=CARTESIAN_POINT('Ctrl Pts',(2.25,3.78772561445938,0.40657822006578));
#3054=CARTESIAN_POINT('Ctrl Pts',(2.25,3.78102288720449,0.445995204860629));
#3055=CARTESIAN_POINT('Ctrl Pts',(2.25,3.77954323051736,0.48255025164875));
#3056=CARTESIAN_POINT('',(2.25,5.89951905283833,8.));
#3057=CARTESIAN_POINT('Origin',(3.,4.,0.));
#3058=CARTESIAN_POINT('',(2.99025256242035,3.98311694286844,0.48255025164875));
#3059=CARTESIAN_POINT('',(2.83200119109732,3.7090175273695,8.));
#3060=CARTESIAN_POINT('Ctrl Pts',(2.99025256242035,3.98311694286844,0.48255025164875));
#3061=CARTESIAN_POINT('Ctrl Pts',(2.90344442182679,3.83276083284981,4.77175553634705));
#3062=CARTESIAN_POINT('Ctrl Pts',(2.83200119109732,3.7090175273695,8.));
#3063=CARTESIAN_POINT('Ctrl Pts',(3.,4.,0.370148940886477));
#3064=CARTESIAN_POINT('Ctrl Pts',(2.99434375439136,3.99020309522575,0.40657822006578));
#3065=CARTESIAN_POINT('Ctrl Pts',(2.99099239076391,3.98439836314837,0.445995204860629));
#3066=CARTESIAN_POINT('Ctrl Pts',(2.99025256242035,3.98311694286844,0.48255025164875));
#3067=CARTESIAN_POINT('',(4.80352540378444,7.12379763209582,8.));
#3068=CARTESIAN_POINT('Origin',(3.75,3.79903810567666,0.));
#3069=CARTESIAN_POINT('',(3.73311694286844,3.78929066809701,0.48255025164875));
#3070=CARTESIAN_POINT('',(3.4590175273695,3.63103929677398,8.));
#3071=CARTESIAN_POINT('Ctrl Pts',(3.73311694286844,3.78929066809701,0.48255025164875));
#3072=CARTESIAN_POINT('Ctrl Pts',(3.5827608328498,3.70248252750344,4.77175553634717));
#3073=CARTESIAN_POINT('Ctrl Pts',(3.4590175273695,3.63103929677398,8.));
#3074=CARTESIAN_POINT('Ctrl Pts',(3.75,3.79903810567666,0.370148940886483));
#3075=CARTESIAN_POINT('Ctrl Pts',(3.74020309522575,3.79338186006802,0.406578220065785));
#3076=CARTESIAN_POINT('Ctrl Pts',(3.73439836314837,3.79003049644057,0.445995204860631));
#3077=CARTESIAN_POINT('Ctrl Pts',(3.73311694286844,3.78929066809701,0.48255025164875));
#3078=CARTESIAN_POINT('',(7.19078493020361,5.78557621135331,8.));
#3079=CARTESIAN_POINT('Origin',(4.29903810567666,3.25,0.));
#3080=CARTESIAN_POINT('',(4.27954323051736,3.25,0.48255025164875));
#3081=CARTESIAN_POINT('',(3.9630404878713,3.25,8.));
#3082=CARTESIAN_POINT('Ctrl Pts',(4.27954323051736,3.25,0.48255025164875));
#3083=CARTESIAN_POINT('Ctrl Pts',(4.10592694933449,3.25,4.77175553624664));
#3084=CARTESIAN_POINT('Ctrl Pts',(3.9630404878713,3.25,8.));
#3085=CARTESIAN_POINT('Ctrl Pts',(4.29903810567666,3.25,0.37014894088648));
#3086=CARTESIAN_POINT('Ctrl Pts',(4.28772561445938,3.25,0.406578220065783));
#3087=CARTESIAN_POINT('Ctrl Pts',(4.28102288720449,3.25,0.44599520486063));
#3088=CARTESIAN_POINT('Ctrl Pts',(4.27954323051736,3.25,0.48255025164875));
#3089=CARTESIAN_POINT('',(7.39951905283833,3.25,8.));
#3090=CARTESIAN_POINT('Origin',(4.5,2.5,0.));
#3091=CARTESIAN_POINT('',(4.48311694286844,2.50974743757965,0.48255025164875));
#3092=CARTESIAN_POINT('',(4.2090175273695,2.66799880890268,8.));
#3093=CARTESIAN_POINT('Ctrl Pts',(4.48311694286844,2.50974743757965,0.48255025164875));
#3094=CARTESIAN_POINT('Ctrl Pts',(4.33276083285351,2.59655557817108,4.77175553624611));
#3095=CARTESIAN_POINT('Ctrl Pts',(4.2090175273695,2.66799880890268,8.));
#3096=CARTESIAN_POINT('Ctrl Pts',(4.5,2.5,0.370148940886479));
#3097=CARTESIAN_POINT('Ctrl Pts',(4.49020309522575,2.50565624560864,0.406578220065782));
#3098=CARTESIAN_POINT('Ctrl Pts',(4.48439836314837,2.50900760923609,0.44599520486063));
#3099=CARTESIAN_POINT('Ctrl Pts',(4.48311694286844,2.50974743757965,0.48255025164875));
#3100=CARTESIAN_POINT('',(5.5592150697964,1.88846189432334,8.));
#3101=CARTESIAN_POINT('Origin',(4.29903810567666,1.75,0.));
#3102=CARTESIAN_POINT('',(4.28929066809701,1.76688305713156,0.48255025164875));
#3103=CARTESIAN_POINT('',(4.13103929677398,2.0409824726305,8.));
#3104=CARTESIAN_POINT('Ctrl Pts',(4.28929066809701,1.76688305713156,0.48255025164875));
#3105=CARTESIAN_POINT('Ctrl Pts',(4.20248252750557,1.91723916714652,4.77175553624693));
#3106=CARTESIAN_POINT('Ctrl Pts',(4.13103929677398,2.0409824726305,8.));
#3107=CARTESIAN_POINT('Ctrl Pts',(4.29903810567666,1.75,0.37014894088648));
#3108=CARTESIAN_POINT('Ctrl Pts',(4.29338186006802,1.75979690477425,0.406578220065783));
#3109=CARTESIAN_POINT('Ctrl Pts',(4.29003049644057,1.76560163685163,0.44599520486063));
#3110=CARTESIAN_POINT('Ctrl Pts',(4.28929066809701,1.76688305713156,0.48255025164875));
#3111=CARTESIAN_POINT('',(3.72099364905389,2.75120236790418,8.));
#3112=CARTESIAN_POINT('Origin',(3.75,1.20096189432334,0.));
#3113=CARTESIAN_POINT('',(3.75,1.22045676948264,0.48255025164875));
#3114=CARTESIAN_POINT('',(3.75,1.5369595121287,8.));
#3115=CARTESIAN_POINT('Ctrl Pts',(3.75,1.22045676948264,0.48255025164875));
#3116=CARTESIAN_POINT('Ctrl Pts',(3.75,1.39407305066978,4.7717555363474));
#3117=CARTESIAN_POINT('Ctrl Pts',(3.75,1.5369595121287,8.));
#3118=CARTESIAN_POINT('Ctrl Pts',(3.75,1.20096189432334,0.370148940886479));
#3119=CARTESIAN_POINT('Ctrl Pts',(3.75,1.21227438554062,0.406578220065782));
#3120=CARTESIAN_POINT('Ctrl Pts',(3.75,1.21897711279551,0.44599520486063));
#3121=CARTESIAN_POINT('Ctrl Pts',(3.75,1.22045676948264,0.48255025164875));
#3122=CARTESIAN_POINT('',(3.75,4.60048094716167,8.));
#3123=CARTESIAN_POINT('Origin',(3.,1.,0.));
#3124=CARTESIAN_POINT('',(3.00974743757965,1.01688305713156,0.48255025164875));
#3125=CARTESIAN_POINT('',(3.16799880890268,1.2909824726305,8.));
#3126=CARTESIAN_POINT('Ctrl Pts',(3.00974743757965,1.01688305713156,0.48255025164875));
#3127=CARTESIAN_POINT('Ctrl Pts',(3.09655557817324,1.16723916715024,4.77175553634836));
#3128=CARTESIAN_POINT('Ctrl Pts',(3.16799880890268,1.2909824726305,8.));
#3129=CARTESIAN_POINT('Ctrl Pts',(3.,1.,0.370148940886479));
#3130=CARTESIAN_POINT('Ctrl Pts',(3.00565624560864,1.00979690477425,0.406578220065782));
#3131=CARTESIAN_POINT('Ctrl Pts',(3.00900760923609,1.01560163685163,0.44599520486063));
#3132=CARTESIAN_POINT('Ctrl Pts',(3.00974743757965,1.01688305713156,0.48255025164875));
#3133=CARTESIAN_POINT('',(5.45304445662277,5.24879763209582,8.));
#3134=CARTESIAN_POINT('Origin',(2.25,1.20096189432334,0.));
#3135=CARTESIAN_POINT('',(2.26688305713156,1.21070933190299,0.48255025164875));
#3136=CARTESIAN_POINT('',(2.5409824726305,1.36896070322602,8.));
#3137=CARTESIAN_POINT('Ctrl Pts',(2.26688305713156,1.21070933190299,0.48255025164875));
#3138=CARTESIAN_POINT('Ctrl Pts',(2.41723916714652,1.29751747249443,4.77175553624691));
#3139=CARTESIAN_POINT('Ctrl Pts',(2.5409824726305,1.36896070322602,8.));
#3140=CARTESIAN_POINT('Ctrl Pts',(2.25,1.20096189432334,0.370148940886478));
#3141=CARTESIAN_POINT('Ctrl Pts',(2.25979690477425,1.20661813993198,0.406578220065781));
#3142=CARTESIAN_POINT('Ctrl Pts',(2.26560163685163,1.20996950355943,0.445995204860629));
#3143=CARTESIAN_POINT('Ctrl Pts',(2.26688305713156,1.21070933190299,0.48255025164875));
#3144=CARTESIAN_POINT('',(6.8157849302036,3.83701905283833,8.));
#3145=CARTESIAN_POINT('Origin',(1.70096189432334,1.75,0.));
#3146=CARTESIAN_POINT('',(1.72045676948264,1.75,0.48255025164875));
#3147=CARTESIAN_POINT('',(2.0369595121287,1.75,8.));
#3148=CARTESIAN_POINT('Ctrl Pts',(1.72045676948264,1.75,0.48255025164875));
#3149=CARTESIAN_POINT('Ctrl Pts',(1.89407305066977,1.75,4.77175553634717));
#3150=CARTESIAN_POINT('Ctrl Pts',(2.0369595121287,1.75,8.));
#3151=CARTESIAN_POINT('Ctrl Pts',(1.70096189432334,1.75,0.370148940886479));
#3152=CARTESIAN_POINT('Ctrl Pts',(1.71227438554062,1.75,0.406578220065782));
#3153=CARTESIAN_POINT('Ctrl Pts',(1.71897711279551,1.75,0.44599520486063));
#3154=CARTESIAN_POINT('Ctrl Pts',(1.72045676948264,1.75,0.48255025164875));
#3155=CARTESIAN_POINT('',(6.10048094716167,1.75,8.));
#3156=CARTESIAN_POINT('Origin',(17.25,3.25,0.));
#3157=CARTESIAN_POINT('',(17.0369595121287,3.25,8.));
#3158=CARTESIAN_POINT('',(16.7204567694826,3.25,0.48255025164875));
#3159=CARTESIAN_POINT('Ctrl Pts',(17.0369595121287,3.25,8.));
#3160=CARTESIAN_POINT('Ctrl Pts',(16.8940730506655,3.25,4.7717555362471));
#3161=CARTESIAN_POINT('Ctrl Pts',(16.7204567694826,3.25,0.48255025164875));
#3162=CARTESIAN_POINT('',(16.7009618943233,3.25,8.));
#3163=CARTESIAN_POINT('',(13.875,3.25,8.));
#3164=CARTESIAN_POINT('',(16.7009618943233,3.25,0.370148940886485));
#3165=CARTESIAN_POINT('',(16.7009618943233,3.25,0.));
#3166=CARTESIAN_POINT('Ctrl Pts',(16.7204567694826,3.25,0.48255025164875));
#3167=CARTESIAN_POINT('Ctrl Pts',(16.7189787524883,3.25,0.446035713613241));
#3168=CARTESIAN_POINT('Ctrl Pts',(16.7122828869717,3.25,0.406605596971646));
#3169=CARTESIAN_POINT('Ctrl Pts',(16.7009618943233,3.25,0.370148940886485));
#3170=CARTESIAN_POINT('Origin',(17.7254809471617,3.52451905283833,0.));
#3171=CARTESIAN_POINT('',(17.5409824726305,3.63103929677398,8.));
#3172=CARTESIAN_POINT('',(17.2668830571316,3.78929066809701,0.48255025164875));
#3173=CARTESIAN_POINT('Ctrl Pts',(17.5409824726305,3.63103929677398,8.));
#3174=CARTESIAN_POINT('Ctrl Pts',(17.4172391671527,3.70248252750202,4.77175553641447));
#3175=CARTESIAN_POINT('Ctrl Pts',(17.2668830571316,3.78929066809701,0.482550251648749));
#3176=CARTESIAN_POINT('',(17.25,3.79903810567666,8.));
#3177=CARTESIAN_POINT('',(14.0469555433772,5.64831668493415,8.));
#3178=CARTESIAN_POINT('',(17.25,3.79903810567666,0.370148940886491));
#3179=CARTESIAN_POINT('',(17.25,3.79903810567666,0.));
#3180=CARTESIAN_POINT('Ctrl Pts',(17.2668830571316,3.78929066809701,0.48255025164875));
#3181=CARTESIAN_POINT('Ctrl Pts',(17.2656030568672,3.79002967659418,0.446035713613243));
#3182=CARTESIAN_POINT('Ctrl Pts',(17.2598042672296,3.79337760935247,0.40660559697165));
#3183=CARTESIAN_POINT('Ctrl Pts',(17.25,3.79903810567666,0.370148940886491));
#3184=CARTESIAN_POINT('Origin',(18.2745190528383,3.52451905283833,0.));
#3185=CARTESIAN_POINT('',(18.1679988089027,3.7090175273695,8.));
#3186=CARTESIAN_POINT('',(18.0097474375797,3.98311694286844,0.482550251648749));
#3187=CARTESIAN_POINT('Ctrl Pts',(18.1679988089027,3.7090175273695,8.));
#3188=CARTESIAN_POINT('Ctrl Pts',(18.0965555781732,3.83276083284981,4.77175553634709));
#3189=CARTESIAN_POINT('Ctrl Pts',(18.0097474375797,3.98311694286844,0.482550251648749));
#3190=CARTESIAN_POINT('',(18.,4.,8.));
#3191=CARTESIAN_POINT('',(16.3337341226347,6.88605715851499,8.));
#3192=CARTESIAN_POINT('',(18.,4.,0.370148940886483));
#3193=CARTESIAN_POINT('',(18.,4.,0.));
#3194=CARTESIAN_POINT('Ctrl Pts',(18.0097474375797,3.98311694286844,0.482550251648749));
#3195=CARTESIAN_POINT('Ctrl Pts',(18.0090084290825,3.98439694313276,0.44603571361324));
#3196=CARTESIAN_POINT('Ctrl Pts',(18.0056604963242,3.99019573277044,0.406605596971645));
#3197=CARTESIAN_POINT('Ctrl Pts',(18.,4.,0.370148940886483));
#3198=CARTESIAN_POINT('Origin',(18.75,3.25,0.));
#3199=CARTESIAN_POINT('',(18.75,3.4630404878713,8.));
#3200=CARTESIAN_POINT('',(18.75,3.77954323051736,0.482550251648749));
#3201=CARTESIAN_POINT('Ctrl Pts',(18.75,3.4630404878713,8.));
#3202=CARTESIAN_POINT('Ctrl Pts',(18.75,3.6059269493302,4.77175553634795));
#3203=CARTESIAN_POINT('Ctrl Pts',(18.75,3.77954323051736,0.48255025164875));
#3204=CARTESIAN_POINT('',(18.75,3.79903810567666,8.));
#3205=CARTESIAN_POINT('',(18.75,5.625,8.));
#3206=CARTESIAN_POINT('',(18.75,3.79903810567666,0.370148940886494));
#3207=CARTESIAN_POINT('',(18.75,3.79903810567666,0.));
#3208=CARTESIAN_POINT('Ctrl Pts',(18.75,3.77954323051736,0.482550251648749));
#3209=CARTESIAN_POINT('Ctrl Pts',(18.75,3.7810212475117,0.446035713613243));
#3210=CARTESIAN_POINT('Ctrl Pts',(18.75,3.78771711302827,0.406605596971652));
#3211=CARTESIAN_POINT('Ctrl Pts',(18.75,3.79903810567666,0.370148940886494));
#3212=CARTESIAN_POINT('Origin',(19.0245190528383,2.77451905283833,0.));
#3213=CARTESIAN_POINT('',(19.131039296774,2.9590175273695,8.));
#3214=CARTESIAN_POINT('',(19.289290668097,3.23311694286844,0.482550251648749));
#3215=CARTESIAN_POINT('Ctrl Pts',(19.131039296774,2.95901752736951,8.));
#3216=CARTESIAN_POINT('Ctrl Pts',(19.2024825275034,3.08276083284975,4.77175553634858));
#3217=CARTESIAN_POINT('Ctrl Pts',(19.289290668097,3.23311694286844,0.482550251648749));
#3218=CARTESIAN_POINT('',(19.2990381056767,3.25,8.));
#3219=CARTESIAN_POINT('',(19.0903039830419,2.88846189432334,8.));
#3220=CARTESIAN_POINT('',(19.2990381056767,3.25,0.370148940886487));
#3221=CARTESIAN_POINT('',(19.2990381056767,3.25,0.));
#3222=CARTESIAN_POINT('Ctrl Pts',(19.289290668097,3.23311694286844,0.482550251648749));
#3223=CARTESIAN_POINT('Ctrl Pts',(19.2900296765942,3.23439694313276,0.446035713613241));
#3224=CARTESIAN_POINT('Ctrl Pts',(19.2933776093525,3.24019573277044,0.406605596971647));
#3225=CARTESIAN_POINT('Ctrl Pts',(19.2990381056767,3.25,0.370148940886487));
#3226=CARTESIAN_POINT('Origin',(19.0245190528383,2.22548094716167,0.));
#3227=CARTESIAN_POINT('',(19.2090175273695,2.33200119109732,8.));
#3228=CARTESIAN_POINT('',(19.4831169428684,2.49025256242035,0.48255025164875));
#3229=CARTESIAN_POINT('Ctrl Pts',(19.2090175273695,2.33200119109732,8.));
#3230=CARTESIAN_POINT('Ctrl Pts',(19.3327608328535,2.40344442182891,4.77175553624669));
#3231=CARTESIAN_POINT('Ctrl Pts',(19.4831169428684,2.49025256242035,0.482550251648749));
#3232=CARTESIAN_POINT('',(19.5,2.5,8.));
#3233=CARTESIAN_POINT('',(17.0780444566228,1.10168331506585,8.));
#3234=CARTESIAN_POINT('',(19.5,2.5,0.370148940886471));
#3235=CARTESIAN_POINT('',(19.5,2.5,0.));
#3236=CARTESIAN_POINT('Ctrl Pts',(19.4831169428684,2.49025256242035,0.48255025164875));
#3237=CARTESIAN_POINT('Ctrl Pts',(19.4843969431328,2.49099157091752,0.446035713613236));
#3238=CARTESIAN_POINT('Ctrl Pts',(19.4901957327704,2.49433950367581,0.406605596971635));
#3239=CARTESIAN_POINT('Ctrl Pts',(19.5,2.5,0.370148940886471));
#3240=CARTESIAN_POINT('Origin',(18.75,1.75,0.));
#3241=CARTESIAN_POINT('',(18.9630404878713,1.75,8.));
#3242=CARTESIAN_POINT('',(19.2795432305174,1.75,0.48255025164875));
#3243=CARTESIAN_POINT('Ctrl Pts',(18.9630404878713,1.75,8.));
#3244=CARTESIAN_POINT('Ctrl Pts',(19.1059269493302,1.75,4.77175553634749));
#3245=CARTESIAN_POINT('Ctrl Pts',(19.2795432305174,1.75,0.48255025164875));
#3246=CARTESIAN_POINT('',(19.2990381056767,1.75,8.));
#3247=CARTESIAN_POINT('',(14.625,1.75,8.));
#3248=CARTESIAN_POINT('',(19.2990381056767,1.75,0.370148940886485));
#3249=CARTESIAN_POINT('',(19.2990381056767,1.75,0.));
#3250=CARTESIAN_POINT('Ctrl Pts',(19.2795432305174,1.75,0.48255025164875));
#3251=CARTESIAN_POINT('Ctrl Pts',(19.2810212475117,1.75,0.446035713613241));
#3252=CARTESIAN_POINT('Ctrl Pts',(19.2877171130283,1.75,0.406605596971646));
#3253=CARTESIAN_POINT('Ctrl Pts',(19.2990381056767,1.75,0.370148940886485));
#3254=CARTESIAN_POINT('Origin',(18.2745190528383,1.47548094716167,0.));
#3255=CARTESIAN_POINT('',(18.4590175273695,1.36896070322602,8.));
#3256=CARTESIAN_POINT('',(18.7331169428684,1.21070933190299,0.48255025164875));
#3257=CARTESIAN_POINT('Ctrl Pts',(18.4590175273695,1.36896070322602,8.));
#3258=CARTESIAN_POINT('Ctrl Pts',(18.5827608328535,1.2975174724944,4.77175553624523));
#3259=CARTESIAN_POINT('Ctrl Pts',(18.7331169428684,1.21070933190299,0.482550251648749));
#3260=CARTESIAN_POINT('',(18.75,1.20096189432334,8.));
#3261=CARTESIAN_POINT('',(13.9464745962156,3.97427857925749,8.));
#3262=CARTESIAN_POINT('',(18.75,1.20096189432334,0.370148940886479));
#3263=CARTESIAN_POINT('',(18.75,1.20096189432334,0.));
#3264=CARTESIAN_POINT('Ctrl Pts',(18.7331169428684,1.21070933190299,0.48255025164875));
#3265=CARTESIAN_POINT('Ctrl Pts',(18.7343969431328,1.20997032340582,0.446035713613239));
#3266=CARTESIAN_POINT('Ctrl Pts',(18.7401957327704,1.20662239064753,0.406605596971642));
#3267=CARTESIAN_POINT('Ctrl Pts',(18.75,1.20096189432334,0.370148940886479));
#3268=CARTESIAN_POINT('Origin',(17.7254809471617,1.47548094716167,0.));
#3269=CARTESIAN_POINT('',(17.8320011910973,1.2909824726305,8.));
#3270=CARTESIAN_POINT('',(17.9902525624204,1.01688305713156,0.48255025164875));
#3271=CARTESIAN_POINT('Ctrl Pts',(17.8320011910973,1.2909824726305,8.));
#3272=CARTESIAN_POINT('Ctrl Pts',(17.9034444218267,1.16723916715028,4.7717555363495));
#3273=CARTESIAN_POINT('Ctrl Pts',(17.9902525624204,1.01688305713156,0.482550251648749));
#3274=CARTESIAN_POINT('',(18.,1.,8.));
#3275=CARTESIAN_POINT('',(15.4096960169581,5.48653810567666,8.));
#3276=CARTESIAN_POINT('',(18.,1.,0.370148940886483));
#3277=CARTESIAN_POINT('',(18.,1.,0.));
#3278=CARTESIAN_POINT('Ctrl Pts',(17.9902525624204,1.01688305713156,0.48255025164875));
#3279=CARTESIAN_POINT('Ctrl Pts',(17.9909915709175,1.01560305686724,0.44603571361324));
#3280=CARTESIAN_POINT('Ctrl Pts',(17.9943395036758,1.00980426722956,0.406605596971645));
#3281=CARTESIAN_POINT('Ctrl Pts',(18.,1.,0.370148940886483));
#3282=CARTESIAN_POINT('Origin',(17.25,1.75,0.));
#3283=CARTESIAN_POINT('',(17.25,1.5369595121287,8.));
#3284=CARTESIAN_POINT('',(17.25,1.22045676948264,0.48255025164875));
#3285=CARTESIAN_POINT('Ctrl Pts',(17.25,1.5369595121287,8.));
#3286=CARTESIAN_POINT('Ctrl Pts',(17.25,1.39407305066558,4.77175553624839));
#3287=CARTESIAN_POINT('Ctrl Pts',(17.25,1.22045676948264,0.48255025164875));
#3288=CARTESIAN_POINT('',(17.25,1.20096189432334,8.));
#3289=CARTESIAN_POINT('',(17.25,4.875,8.));
#3290=CARTESIAN_POINT('',(17.25,1.20096189432334,0.370148940886491));
#3291=CARTESIAN_POINT('',(17.25,1.20096189432334,0.));
#3292=CARTESIAN_POINT('Ctrl Pts',(17.25,1.22045676948264,0.48255025164875));
#3293=CARTESIAN_POINT('Ctrl Pts',(17.25,1.2189787524883,0.446035713613242));
#3294=CARTESIAN_POINT('Ctrl Pts',(17.25,1.21228288697172,0.40660559697165));
#3295=CARTESIAN_POINT('Ctrl Pts',(17.25,1.20096189432334,0.370148940886491));
#3296=CARTESIAN_POINT('Origin',(16.9754809471617,2.22548094716167,0.));
#3297=CARTESIAN_POINT('',(16.868960703226,2.0409824726305,8.));
#3298=CARTESIAN_POINT('',(16.710709331903,1.76688305713156,0.48255025164875));
#3299=CARTESIAN_POINT('Ctrl Pts',(16.868960703226,2.0409824726305,8.));
#3300=CARTESIAN_POINT('Ctrl Pts',(16.7975174724966,1.91723916715021,4.77175553634752));
#3301=CARTESIAN_POINT('Ctrl Pts',(16.710709331903,1.76688305713156,0.482550251648749));
#3302=CARTESIAN_POINT('',(16.7009618943233,1.75,8.));
#3303=CARTESIAN_POINT('',(17.4162658773653,2.98894284148501,8.));
#3304=CARTESIAN_POINT('',(16.7009618943233,1.75,0.370148940886487));
#3305=CARTESIAN_POINT('',(16.7009618943233,1.75,0.));
#3306=CARTESIAN_POINT('Ctrl Pts',(16.710709331903,1.76688305713156,0.48255025164875));
#3307=CARTESIAN_POINT('Ctrl Pts',(16.7099703234058,1.76560305686724,0.446035713613241));
#3308=CARTESIAN_POINT('Ctrl Pts',(16.7066223906475,1.75980426722956,0.406605596971647));
#3309=CARTESIAN_POINT('Ctrl Pts',(16.7009618943233,1.75,0.370148940886487));
#3310=CARTESIAN_POINT('Origin',(16.9754809471617,2.77451905283833,0.));
#3311=CARTESIAN_POINT('',(16.7909824726305,2.66799880890268,8.));
#3312=CARTESIAN_POINT('',(16.5168830571316,2.50974743757965,0.48255025164875));
#3313=CARTESIAN_POINT('Ctrl Pts',(16.7909824726305,2.66799880890268,8.));
#3314=CARTESIAN_POINT('Ctrl Pts',(16.6672391671502,2.59655557817324,4.77175553634862));
#3315=CARTESIAN_POINT('Ctrl Pts',(16.5168830571316,2.50974743757965,0.482550251648749));
#3316=CARTESIAN_POINT('',(16.5,2.5,8.));
#3317=CARTESIAN_POINT('',(15.6785254037844,2.0257214207425,8.));
#3318=CARTESIAN_POINT('',(16.5,2.5,0.370148940886488));
#3319=CARTESIAN_POINT('',(16.5,2.5,0.));
#3320=CARTESIAN_POINT('Ctrl Pts',(16.5168830571316,2.50974743757965,0.48255025164875));
#3321=CARTESIAN_POINT('Ctrl Pts',(16.5156030568672,2.50900842908248,0.446035713613241));
#3322=CARTESIAN_POINT('Ctrl Pts',(16.5098042672296,2.50566049632419,0.406605596971648));
#3323=CARTESIAN_POINT('Ctrl Pts',(16.5,2.5,0.370148940886488));
#3324=CARTESIAN_POINT('Origin',(16.7009618943233,3.25,0.));
#3325=CARTESIAN_POINT('',(16.710709331903,3.23311694286844,0.482550251648749));
#3326=CARTESIAN_POINT('',(16.868960703226,2.9590175273695,8.));
#3327=CARTESIAN_POINT('Ctrl Pts',(16.710709331903,3.23311694286844,0.482550251648749));
#3328=CARTESIAN_POINT('Ctrl Pts',(16.7975174724944,3.0827608328535,4.77175553624661));
#3329=CARTESIAN_POINT('Ctrl Pts',(16.868960703226,2.9590175273695,8.));
#3330=CARTESIAN_POINT('Ctrl Pts',(16.7009618943233,3.25,0.370148940886485));
#3331=CARTESIAN_POINT('Ctrl Pts',(16.706618139932,3.24020309522575,0.406578220065786));
#3332=CARTESIAN_POINT('Ctrl Pts',(16.7099695035594,3.23439836314837,0.445995204860631));
#3333=CARTESIAN_POINT('Ctrl Pts',(16.710709331903,3.23311694286844,0.482550251648749));
#3334=CARTESIAN_POINT('',(14.8974364905389,6.37379763209582,8.));
#3335=CARTESIAN_POINT('Origin',(17.25,3.79903810567666,0.));
#3336=CARTESIAN_POINT('',(17.25,3.77954323051736,0.482550251648749));
#3337=CARTESIAN_POINT('',(17.25,3.4630404878713,8.));
#3338=CARTESIAN_POINT('Ctrl Pts',(17.25,3.77954323051736,0.48255025164875));
#3339=CARTESIAN_POINT('Ctrl Pts',(17.25,3.60592694933017,4.77175553634856));
#3340=CARTESIAN_POINT('Ctrl Pts',(17.25,3.4630404878713,8.));
#3341=CARTESIAN_POINT('Ctrl Pts',(17.25,3.79903810567666,0.370148940886491));
#3342=CARTESIAN_POINT('Ctrl Pts',(17.25,3.78772561445938,0.40657822006579));
#3343=CARTESIAN_POINT('Ctrl Pts',(17.25,3.78102288720449,0.445995204860633));
#3344=CARTESIAN_POINT('Ctrl Pts',(17.25,3.77954323051736,0.482550251648749));
#3345=CARTESIAN_POINT('',(17.25,5.89951905283833,8.));
#3346=CARTESIAN_POINT('Origin',(18.,4.,0.));
#3347=CARTESIAN_POINT('',(17.9902525624204,3.98311694286844,0.482550251648749));
#3348=CARTESIAN_POINT('',(17.8320011910973,3.7090175273695,8.));
#3349=CARTESIAN_POINT('Ctrl Pts',(17.9902525624204,3.98311694286844,0.482550251648749));
#3350=CARTESIAN_POINT('Ctrl Pts',(17.9034444218289,3.83276083285341,4.77175553624899));
#3351=CARTESIAN_POINT('Ctrl Pts',(17.8320011910973,3.7090175273695,8.));
#3352=CARTESIAN_POINT('Ctrl Pts',(18.,4.,0.370148940886483));
#3353=CARTESIAN_POINT('Ctrl Pts',(17.9943437543914,3.99020309522575,0.406578220065785));
#3354=CARTESIAN_POINT('Ctrl Pts',(17.9909923907639,3.98439836314837,0.445995204860631));
#3355=CARTESIAN_POINT('Ctrl Pts',(17.9902525624204,3.98311694286844,0.482550251648749));
#3356=CARTESIAN_POINT('',(17.9285254037844,3.87620236790418,8.));
#3357=CARTESIAN_POINT('Origin',(18.75,3.79903810567666,0.));
#3358=CARTESIAN_POINT('',(18.7331169428684,3.78929066809701,0.48255025164875));
#3359=CARTESIAN_POINT('',(18.4590175273695,3.63103929677398,8.));
#3360=CARTESIAN_POINT('Ctrl Pts',(18.7331169428684,3.78929066809701,0.482550251648749));
#3361=CARTESIAN_POINT('Ctrl Pts',(18.5827608328535,3.70248252750558,4.77175553624606));
#3362=CARTESIAN_POINT('Ctrl Pts',(18.4590175273695,3.63103929677398,8.));
#3363=CARTESIAN_POINT('Ctrl Pts',(18.75,3.79903810567666,0.370148940886494));
#3364=CARTESIAN_POINT('Ctrl Pts',(18.7402030952257,3.79338186006802,0.406578220065793));
#3365=CARTESIAN_POINT('Ctrl Pts',(18.7343983631484,3.79003049644057,0.445995204860634));
#3366=CARTESIAN_POINT('Ctrl Pts',(18.7331169428684,3.78929066809701,0.48255025164875));
#3367=CARTESIAN_POINT('',(16.5657849302036,2.53798094716167,8.));
#3368=CARTESIAN_POINT('Origin',(19.2990381056767,3.25,0.));
#3369=CARTESIAN_POINT('',(19.2795432305174,3.25,0.48255025164875));
#3370=CARTESIAN_POINT('',(18.9630404878713,3.25,8.));
#3371=CARTESIAN_POINT('Ctrl Pts',(19.2795432305174,3.25,0.48255025164875));
#3372=CARTESIAN_POINT('Ctrl Pts',(19.1059269493345,3.25,4.77175553624726));
#3373=CARTESIAN_POINT('Ctrl Pts',(18.9630404878713,3.25,8.));
#3374=CARTESIAN_POINT('Ctrl Pts',(19.2990381056767,3.25,0.370148940886487));
#3375=CARTESIAN_POINT('Ctrl Pts',(19.2877256144594,3.25,0.406578220065787));
#3376=CARTESIAN_POINT('Ctrl Pts',(19.2810228872045,3.25,0.445995204860632));
#3377=CARTESIAN_POINT('Ctrl Pts',(19.2795432305174,3.25,0.48255025164875));
#3378=CARTESIAN_POINT('',(14.8995190528383,3.25,8.));
#3379=CARTESIAN_POINT('Origin',(19.5,2.5,0.));
#3380=CARTESIAN_POINT('',(19.4831169428684,2.50974743757965,0.48255025164875));
#3381=CARTESIAN_POINT('',(19.2090175273695,2.66799880890268,8.));
#3382=CARTESIAN_POINT('Ctrl Pts',(19.4831169428684,2.50974743757965,0.482550251648749));
#3383=CARTESIAN_POINT('Ctrl Pts',(19.332760832851,2.59655557817252,4.77175553631413));
#3384=CARTESIAN_POINT('Ctrl Pts',(19.2090175273695,2.66799880890268,8.));
#3385=CARTESIAN_POINT('Ctrl Pts',(19.5,2.5,0.370148940886471));
#3386=CARTESIAN_POINT('Ctrl Pts',(19.4902030952258,2.50565624560864,0.406578220065777));
#3387=CARTESIAN_POINT('Ctrl Pts',(19.4843983631484,2.50900760923609,0.445995204860627));
#3388=CARTESIAN_POINT('Ctrl Pts',(19.4831169428684,2.50974743757965,0.48255025164875));
#3389=CARTESIAN_POINT('',(14.9342150697964,5.13605715851499,8.));
#3390=CARTESIAN_POINT('Origin',(19.2990381056767,1.75,0.));
#3391=CARTESIAN_POINT('',(19.289290668097,1.76688305713156,0.48255025164875));
#3392=CARTESIAN_POINT('',(19.131039296774,2.0409824726305,8.));
#3393=CARTESIAN_POINT('Ctrl Pts',(19.289290668097,1.76688305713156,0.482550251648749));
#3394=CARTESIAN_POINT('Ctrl Pts',(19.2024825275056,1.9172391671465,4.77175553624661));
#3395=CARTESIAN_POINT('Ctrl Pts',(19.131039296774,2.0409824726305,8.));
#3396=CARTESIAN_POINT('Ctrl Pts',(19.2990381056767,1.75,0.370148940886485));
#3397=CARTESIAN_POINT('Ctrl Pts',(19.293381860068,1.75979690477425,0.406578220065786));
#3398=CARTESIAN_POINT('Ctrl Pts',(19.2900304964406,1.76560163685163,0.445995204860632));
#3399=CARTESIAN_POINT('Ctrl Pts',(19.289290668097,1.76688305713156,0.48255025164875));
#3400=CARTESIAN_POINT('',(16.8459936490539,5.99879763209582,8.));
#3401=CARTESIAN_POINT('Origin',(18.75,1.20096189432334,0.));
#3402=CARTESIAN_POINT('',(18.75,1.22045676948264,0.48255025164875));
#3403=CARTESIAN_POINT('',(18.75,1.5369595121287,8.));
#3404=CARTESIAN_POINT('Ctrl Pts',(18.75,1.22045676948264,0.48255025164875));
#3405=CARTESIAN_POINT('Ctrl Pts',(18.75,1.39407305066981,4.7717555363481));
#3406=CARTESIAN_POINT('Ctrl Pts',(18.75,1.5369595121287,8.));
#3407=CARTESIAN_POINT('Ctrl Pts',(18.75,1.20096189432334,0.370148940886479));
#3408=CARTESIAN_POINT('Ctrl Pts',(18.75,1.21227438554062,0.406578220065782));
#3409=CARTESIAN_POINT('Ctrl Pts',(18.75,1.21897711279551,0.44599520486063));
#3410=CARTESIAN_POINT('Ctrl Pts',(18.75,1.22045676948264,0.48255025164875));
#3411=CARTESIAN_POINT('',(18.75,4.60048094716167,8.));
#3412=CARTESIAN_POINT('Origin',(18.,1.,0.));
#3413=CARTESIAN_POINT('',(18.0097474375797,1.01688305713156,0.48255025164875));
#3414=CARTESIAN_POINT('',(18.1679988089027,1.2909824726305,8.));
#3415=CARTESIAN_POINT('Ctrl Pts',(18.0097474375797,1.01688305713156,0.482550251648749));
#3416=CARTESIAN_POINT('Ctrl Pts',(18.0965555781711,1.16723916714658,4.77175553624862));
#3417=CARTESIAN_POINT('Ctrl Pts',(18.1679988089027,1.2909824726305,8.));
#3418=CARTESIAN_POINT('Ctrl Pts',(18.,1.,0.370148940886483));
#3419=CARTESIAN_POINT('Ctrl Pts',(18.0056562456086,1.00979690477425,0.406578220065786));
#3420=CARTESIAN_POINT('Ctrl Pts',(18.0090076092361,1.01560163685163,0.445995204860631));
#3421=CARTESIAN_POINT('Ctrl Pts',(18.0097474375797,1.01688305713156,0.48255025164875));
#3422=CARTESIAN_POINT('',(18.5780444566228,2.00120236790418,8.));
#3423=CARTESIAN_POINT('Origin',(17.25,1.20096189432334,0.));
#3424=CARTESIAN_POINT('',(17.2668830571316,1.21070933190299,0.48255025164875));
#3425=CARTESIAN_POINT('',(17.5409824726305,1.36896070322602,8.));
#3426=CARTESIAN_POINT('Ctrl Pts',(17.2668830571316,1.21070933190299,0.482550251648749));
#3427=CARTESIAN_POINT('Ctrl Pts',(17.4172391671489,1.29751747249581,4.77175553631201));
#3428=CARTESIAN_POINT('Ctrl Pts',(17.5409824726305,1.36896070322602,8.));
#3429=CARTESIAN_POINT('Ctrl Pts',(17.25,1.20096189432334,0.370148940886491));
#3430=CARTESIAN_POINT('Ctrl Pts',(17.2597969047743,1.20661813993198,0.40657822006579));
#3431=CARTESIAN_POINT('Ctrl Pts',(17.2656016368516,1.20996950355943,0.445995204860633));
#3432=CARTESIAN_POINT('Ctrl Pts',(17.2668830571316,1.21070933190299,0.48255025164875));
#3433=CARTESIAN_POINT('',(16.1907849302036,0.589423788646683,8.));
#3434=CARTESIAN_POINT('Origin',(16.7009618943233,1.75,0.));
#3435=CARTESIAN_POINT('',(16.7204567694826,1.75,0.48255025164875));
#3436=CARTESIAN_POINT('',(17.0369595121287,1.75,8.));
#3437=CARTESIAN_POINT('Ctrl Pts',(16.7204567694826,1.75,0.48255025164875));
#3438=CARTESIAN_POINT('Ctrl Pts',(16.8940730506655,1.75,4.7717555362471));
#3439=CARTESIAN_POINT('Ctrl Pts',(17.0369595121287,1.75,8.));
#3440=CARTESIAN_POINT('Ctrl Pts',(16.7009618943233,1.75,0.370148940886487));
#3441=CARTESIAN_POINT('Ctrl Pts',(16.7122743855406,1.75,0.406578220065787));
#3442=CARTESIAN_POINT('Ctrl Pts',(16.7189771127955,1.75,0.445995204860632));
#3443=CARTESIAN_POINT('Ctrl Pts',(16.7204567694826,1.75,0.48255025164875));
#3444=CARTESIAN_POINT('',(13.6004809471617,1.75,8.));
#3445=CARTESIAN_POINT('Origin',(16.5,2.5,0.));
#3446=CARTESIAN_POINT('',(16.5168830571316,2.49025256242035,0.48255025164875));
#3447=CARTESIAN_POINT('',(16.7909824726305,2.33200119109732,8.));
#3448=CARTESIAN_POINT('Ctrl Pts',(16.5168830571316,2.49025256242035,0.482550251648749));
#3449=CARTESIAN_POINT('Ctrl Pts',(16.6672391671465,2.40344442182893,4.77175553624591));
#3450=CARTESIAN_POINT('Ctrl Pts',(16.7909824726305,2.33200119109732,8.));
#3451=CARTESIAN_POINT('Ctrl Pts',(16.5,2.5,0.370148940886487));
#3452=CARTESIAN_POINT('Ctrl Pts',(16.5097969047743,2.49434375439136,0.406578220065787));
#3453=CARTESIAN_POINT('Ctrl Pts',(16.5156016368516,2.49099239076391,0.445995204860632));
#3454=CARTESIAN_POINT('Ctrl Pts',(16.5168830571316,2.49025256242035,0.48255025164875));
#3455=CARTESIAN_POINT('',(13.0592150697964,4.48653810567666,8.));
#3456=CARTESIAN_POINT('Origin',(3.,2.5,0.));
#3457=CARTESIAN_POINT('Origin',(3.,2.5,0.48255025164875));
#3458=CARTESIAN_POINT('Origin',(3.,2.5,8.));
#3459=CARTESIAN_POINT('Origin',(3.,2.5,0.));
#3460=CARTESIAN_POINT('Origin',(3.,2.5,0.48255025164875));
#3461=CARTESIAN_POINT('Origin',(3.,2.5,8.));
#3462=CARTESIAN_POINT('Origin',(3.,2.5,0.));
#3463=CARTESIAN_POINT('Origin',(3.,2.5,0.48255025164875));
#3464=CARTESIAN_POINT('Origin',(3.,2.5,8.));
#3465=CARTESIAN_POINT('Origin',(3.,2.5,0.));
#3466=CARTESIAN_POINT('Origin',(3.,2.5,0.48255025164875));
#3467=CARTESIAN_POINT('Origin',(3.,2.5,8.));
#3468=CARTESIAN_POINT('Origin',(3.,2.5,0.));
#3469=CARTESIAN_POINT('Origin',(3.,2.5,0.48255025164875));
#3470=CARTESIAN_POINT('Origin',(3.,2.5,8.));
#3471=CARTESIAN_POINT('Origin',(3.,2.5,0.));
#3472=CARTESIAN_POINT('Origin',(3.,2.5,0.48255025164875));
#3473=CARTESIAN_POINT('Origin',(3.,2.5,8.));
#3474=CARTESIAN_POINT('Origin',(3.,2.5,0.));
#3475=CARTESIAN_POINT('Origin',(3.,2.5,0.48255025164875));
#3476=CARTESIAN_POINT('Origin',(3.,2.5,8.));
#3477=CARTESIAN_POINT('Origin',(3.,2.5,0.));
#3478=CARTESIAN_POINT('Origin',(3.,2.5,0.48255025164875));
#3479=CARTESIAN_POINT('Origin',(3.,2.5,8.));
#3480=CARTESIAN_POINT('Origin',(3.,2.5,0.));
#3481=CARTESIAN_POINT('Origin',(3.,2.5,0.48255025164875));
#3482=CARTESIAN_POINT('Origin',(3.,2.5,8.));
#3483=CARTESIAN_POINT('Origin',(3.,2.5,0.));
#3484=CARTESIAN_POINT('Origin',(3.,2.5,0.48255025164875));
#3485=CARTESIAN_POINT('Origin',(3.,2.5,8.));
#3486=CARTESIAN_POINT('Origin',(3.,2.5,0.));
#3487=CARTESIAN_POINT('Origin',(3.,2.5,8.));
#3488=CARTESIAN_POINT('Origin',(3.,2.5,0.48255025164875));
#3489=CARTESIAN_POINT('Origin',(3.,2.5,0.));
#3490=CARTESIAN_POINT('Origin',(3.,2.5,0.48255025164875));
#3491=CARTESIAN_POINT('Origin',(3.,2.5,8.));
#3492=CARTESIAN_POINT('Origin',(3.,2.5,0.5));
#3493=CARTESIAN_POINT('',(1.01715561259646,2.5,0.));
#3494=CARTESIAN_POINT('Origin',(3.,2.5,0.));
#3495=CARTESIAN_POINT('Origin',(1.01715561259646,2.5,0.5));
#3496=CARTESIAN_POINT('Origin',(18.,2.5,0.));
#3497=CARTESIAN_POINT('Origin',(18.,2.5,0.48255025164875));
#3498=CARTESIAN_POINT('Origin',(18.,2.5,8.));
#3499=CARTESIAN_POINT('Origin',(18.,2.5,0.));
#3500=CARTESIAN_POINT('Origin',(18.,2.5,0.48255025164875));
#3501=CARTESIAN_POINT('Origin',(18.,2.5,8.));
#3502=CARTESIAN_POINT('Origin',(18.,2.5,0.));
#3503=CARTESIAN_POINT('Origin',(18.,2.5,0.48255025164875));
#3504=CARTESIAN_POINT('Origin',(18.,2.5,8.));
#3505=CARTESIAN_POINT('Origin',(18.,2.5,0.));
#3506=CARTESIAN_POINT('Origin',(18.,2.5,0.48255025164875));
#3507=CARTESIAN_POINT('Origin',(18.,2.5,8.));
#3508=CARTESIAN_POINT('Origin',(18.,2.5,0.));
#3509=CARTESIAN_POINT('Origin',(18.,2.5,0.48255025164875));
#3510=CARTESIAN_POINT('Origin',(18.,2.5,8.));
#3511=CARTESIAN_POINT('Origin',(18.,2.5,0.));
#3512=CARTESIAN_POINT('Origin',(18.,2.5,0.48255025164875));
#3513=CARTESIAN_POINT('Origin',(18.,2.5,8.));
#3514=CARTESIAN_POINT('Origin',(18.,2.5,0.));
#3515=CARTESIAN_POINT('Origin',(18.,2.5,0.48255025164875));
#3516=CARTESIAN_POINT('Origin',(18.,2.5,8.));
#3517=CARTESIAN_POINT('Origin',(18.,2.5,0.));
#3518=CARTESIAN_POINT('Origin',(18.,2.5,0.48255025164875));
#3519=CARTESIAN_POINT('Origin',(18.,2.5,8.));
#3520=CARTESIAN_POINT('Origin',(18.,2.5,0.));
#3521=CARTESIAN_POINT('Origin',(18.,2.5,0.48255025164875));
#3522=CARTESIAN_POINT('Origin',(18.,2.5,8.));
#3523=CARTESIAN_POINT('Origin',(18.,2.5,0.));
#3524=CARTESIAN_POINT('Origin',(18.,2.5,0.48255025164875));
#3525=CARTESIAN_POINT('Origin',(18.,2.5,8.));
#3526=CARTESIAN_POINT('Origin',(18.,2.5,0.));
#3527=CARTESIAN_POINT('Origin',(18.,2.5,8.));
#3528=CARTESIAN_POINT('Origin',(18.,2.5,0.48255025164875));
#3529=CARTESIAN_POINT('Origin',(18.,2.5,0.));
#3530=CARTESIAN_POINT('Origin',(18.,2.5,0.48255025164875));
#3531=CARTESIAN_POINT('Origin',(18.,2.5,8.));
#3532=CARTESIAN_POINT('Origin',(18.,2.5,0.5));
#3533=CARTESIAN_POINT('',(16.0171556125965,2.5,0.));
#3534=CARTESIAN_POINT('Origin',(18.,2.5,0.));
#3535=CARTESIAN_POINT('Origin',(16.0171556125965,2.5,0.5));
#3536=CARTESIAN_POINT('Origin',(10.5,8.,0.));
#3537=CARTESIAN_POINT('',(0.,2.,0.));
#3538=CARTESIAN_POINT('',(2.,0.,0.));
#3539=CARTESIAN_POINT('Origin',(2.,2.,0.));
#3540=CARTESIAN_POINT('',(0.,3.5,0.));
#3541=CARTESIAN_POINT('',(0.,5.5,0.));
#3542=CARTESIAN_POINT('',(2.,5.5,0.));
#3543=CARTESIAN_POINT('Origin',(2.,3.5,0.));
#3544=CARTESIAN_POINT('',(4.5,5.5,0.));
#3545=CARTESIAN_POINT('',(21.,5.5,0.));
#3546=CARTESIAN_POINT('',(6.5,7.5,0.));
#3547=CARTESIAN_POINT('Origin',(4.5,7.5,0.));
#3548=CARTESIAN_POINT('',(6.5,12.,0.));
#3549=CARTESIAN_POINT('',(6.5,12.,0.));
#3550=CARTESIAN_POINT('',(14.5,12.,0.));
#3551=CARTESIAN_POINT('Origin',(10.5,12.,0.));
#3552=CARTESIAN_POINT('',(14.5,7.5,0.));
#3553=CARTESIAN_POINT('',(14.5,12.,0.));
#3554=CARTESIAN_POINT('',(16.5,5.5,0.));
#3555=CARTESIAN_POINT('Origin',(16.5,7.5,0.));
#3556=CARTESIAN_POINT('',(19.,5.5,0.));
#3557=CARTESIAN_POINT('',(21.,5.5,0.));
#3558=CARTESIAN_POINT('',(21.,3.5,0.));
#3559=CARTESIAN_POINT('Origin',(19.,3.5,0.));
#3560=CARTESIAN_POINT('',(21.,2.,0.));
#3561=CARTESIAN_POINT('',(21.,0.,0.));
#3562=CARTESIAN_POINT('',(19.,0.,0.));
#3563=CARTESIAN_POINT('Origin',(19.,2.,0.));
#3564=CARTESIAN_POINT('',(0.,0.,0.));
#3565=CARTESIAN_POINT('',(7.5,4.,0.));
#3566=CARTESIAN_POINT('Origin',(10.5,4.,0.));
#3567=CARTESIAN_POINT('',(7.5,12.,0.));
#3568=CARTESIAN_POINT('Origin',(10.5,12.,0.));
#3569=CARTESIAN_POINT('Origin',(10.5,4.,7.5));
#3570=CARTESIAN_POINT('',(10.5,0.5,8.));
#3571=CARTESIAN_POINT('',(14.,4.,8.));
#3572=CARTESIAN_POINT('Origin',(10.5,4.,8.));
#3573=CARTESIAN_POINT('',(13.5,4.,7.5));
#3574=CARTESIAN_POINT('Origin',(14.,4.,7.5));
#3575=CARTESIAN_POINT('',(7.5,4.,7.5));
#3576=CARTESIAN_POINT('Origin',(10.5,4.,7.5));
#3577=CARTESIAN_POINT('Origin',(10.5,4.,7.5));
#3578=CARTESIAN_POINT('Origin',(10.5,4.,8.));
#3579=CARTESIAN_POINT('Origin',(10.5,8.,8.));
#3580=CARTESIAN_POINT('',(7.,12.,8.));
#3581=CARTESIAN_POINT('',(14.,12.,8.));
#3582=CARTESIAN_POINT('Origin',(10.5,12.,8.));
#3583=CARTESIAN_POINT('',(7.,7.5,8.));
#3584=CARTESIAN_POINT('',(7.,10.,8.));
#3585=CARTESIAN_POINT('',(4.5,5.,8.));
#3586=CARTESIAN_POINT('Origin',(4.5,7.5,8.));
#3587=CARTESIAN_POINT('',(2.,5.,8.));
#3588=CARTESIAN_POINT('',(8.5,5.,8.));
#3589=CARTESIAN_POINT('',(0.5,3.5,8.));
#3590=CARTESIAN_POINT('Origin',(2.,3.5,8.));
#3591=CARTESIAN_POINT('',(0.5,2.,8.));
#3592=CARTESIAN_POINT('',(0.5,6.75,8.));
#3593=CARTESIAN_POINT('',(2.,0.5,8.));
#3594=CARTESIAN_POINT('Origin',(2.,2.,8.));
#3595=CARTESIAN_POINT('',(5.25,0.5,8.));
#3596=CARTESIAN_POINT('',(19.,0.5,8.));
#3597=CARTESIAN_POINT('',(5.25,0.5,8.));
#3598=CARTESIAN_POINT('',(20.5,2.,8.));
#3599=CARTESIAN_POINT('Origin',(19.,2.,8.));
#3600=CARTESIAN_POINT('',(20.5,3.5,8.));
#3601=CARTESIAN_POINT('',(20.5,4.,8.));
#3602=CARTESIAN_POINT('',(19.,5.,8.));
#3603=CARTESIAN_POINT('Origin',(19.,3.5,8.));
#3604=CARTESIAN_POINT('',(16.5,5.,8.));
#3605=CARTESIAN_POINT('',(15.75,5.,8.));
#3606=CARTESIAN_POINT('',(14.,7.5,8.));
#3607=CARTESIAN_POINT('Origin',(16.5,7.5,8.));
#3608=CARTESIAN_POINT('',(14.,6.75,8.));
#3609=CARTESIAN_POINT('Origin',(10.5,4.,0.));
#3610=CARTESIAN_POINT('',(7.5,4.,6.5));
#3611=CARTESIAN_POINT('',(7.5,4.,0.));
#3612=CARTESIAN_POINT('Origin',(10.5,4.,6.5));
#3613=CARTESIAN_POINT('Origin',(10.5,12.,0.));
#3614=CARTESIAN_POINT('',(7.5,12.,7.5));
#3615=CARTESIAN_POINT('Origin',(10.5,12.,7.5));
#3616=CARTESIAN_POINT('',(7.5,12.,6.5));
#3617=CARTESIAN_POINT('',(7.5,12.,0.));
#3618=CARTESIAN_POINT('Origin',(10.5,12.,6.5));
#3619=CARTESIAN_POINT('Origin',(2.,2.,7.5));
#3620=CARTESIAN_POINT('',(0.,2.,7.5));
#3621=CARTESIAN_POINT('Origin',(0.5,2.,7.5));
#3622=CARTESIAN_POINT('',(2.,0.,7.5));
#3623=CARTESIAN_POINT('Origin',(2.,2.,7.5));
#3624=CARTESIAN_POINT('Origin',(2.,0.5,7.5));
#3625=CARTESIAN_POINT('Origin',(2.,2.,0.));
#3626=CARTESIAN_POINT('',(2.,0.,0.));
#3627=CARTESIAN_POINT('',(0.,2.,0.));
#3628=CARTESIAN_POINT('Origin',(19.,2.,7.5));
#3629=CARTESIAN_POINT('',(19.,0.,7.5));
#3630=CARTESIAN_POINT('Origin',(19.,0.5,7.5));
#3631=CARTESIAN_POINT('',(21.,2.,7.5));
#3632=CARTESIAN_POINT('Origin',(19.,2.,7.5));
#3633=CARTESIAN_POINT('Origin',(20.5,2.,7.5));
#3634=CARTESIAN_POINT('Origin',(19.,2.,0.));
#3635=CARTESIAN_POINT('',(21.,2.,0.));
#3636=CARTESIAN_POINT('',(19.,0.,0.));
#3637=CARTESIAN_POINT('Origin',(2.,3.5,7.5));
#3638=CARTESIAN_POINT('',(2.,5.5,7.5));
#3639=CARTESIAN_POINT('Origin',(2.,5.,7.5));
#3640=CARTESIAN_POINT('',(0.,3.5,7.5));
#3641=CARTESIAN_POINT('Origin',(2.,3.5,7.5));
#3642=CARTESIAN_POINT('Origin',(0.5,3.5,7.5));
#3643=CARTESIAN_POINT('Origin',(2.,3.5,0.));
#3644=CARTESIAN_POINT('',(0.,3.5,0.));
#3645=CARTESIAN_POINT('',(2.,5.5,0.));
#3646=CARTESIAN_POINT('Origin',(0.5,6.75,7.5));
#3647=CARTESIAN_POINT('',(0.,6.75,7.5));
#3648=CARTESIAN_POINT('Origin',(19.,3.5,7.5));
#3649=CARTESIAN_POINT('',(21.,3.5,7.5));
#3650=CARTESIAN_POINT('Origin',(20.5,3.5,7.5));
#3651=CARTESIAN_POINT('',(19.,5.5,7.5));
#3652=CARTESIAN_POINT('Origin',(19.,3.5,7.5));
#3653=CARTESIAN_POINT('Origin',(19.,5.,7.5));
#3654=CARTESIAN_POINT('Origin',(19.,3.5,0.));
#3655=CARTESIAN_POINT('',(19.,5.5,0.));
#3656=CARTESIAN_POINT('',(21.,3.5,0.));
#3657=CARTESIAN_POINT('Origin',(4.5,7.5,7.5));
#3658=CARTESIAN_POINT('',(6.5,7.5,7.5));
#3659=CARTESIAN_POINT('Origin',(7.,7.5,7.5));
#3660=CARTESIAN_POINT('',(4.5,5.5,7.5));
#3661=CARTESIAN_POINT('Origin',(4.5,7.5,7.5));
#3662=CARTESIAN_POINT('Origin',(4.5,5.,7.5));
#3663=CARTESIAN_POINT('Origin',(4.5,7.5,0.));
#3664=CARTESIAN_POINT('',(4.5,5.5,0.));
#3665=CARTESIAN_POINT('',(6.5,7.5,0.));
#3666=CARTESIAN_POINT('Origin',(8.5,5.,7.5));
#3667=CARTESIAN_POINT('',(8.5,5.5,7.5));
#3668=CARTESIAN_POINT('Origin',(16.5,7.5,7.5));
#3669=CARTESIAN_POINT('',(16.5,5.5,7.5));
#3670=CARTESIAN_POINT('Origin',(16.5,5.,7.5));
#3671=CARTESIAN_POINT('',(14.5,7.5,7.5));
#3672=CARTESIAN_POINT('Origin',(16.5,7.5,7.5));
#3673=CARTESIAN_POINT('Origin',(14.,7.5,7.5));
#3674=CARTESIAN_POINT('Origin',(16.5,7.5,0.));
#3675=CARTESIAN_POINT('',(14.5,7.5,0.));
#3676=CARTESIAN_POINT('',(16.5,5.5,0.));
#3677=CARTESIAN_POINT('Origin',(14.,6.75,7.5));
#3678=CARTESIAN_POINT('',(14.5,12.,7.5));
#3679=CARTESIAN_POINT('Origin',(14.,12.,7.5));
#3680=CARTESIAN_POINT('',(14.5,6.75,7.5));
#3681=CARTESIAN_POINT('Origin',(10.5,12.,7.5));
#3682=CARTESIAN_POINT('Origin',(7.,12.,7.5));
#3683=CARTESIAN_POINT('',(6.5,12.,7.5));
#3684=CARTESIAN_POINT('Origin',(10.5,12.,7.5));
#3685=CARTESIAN_POINT('Origin',(7.,12.,7.5));
#3686=CARTESIAN_POINT('Origin',(7.,10.,7.5));
#3687=CARTESIAN_POINT('',(6.5,10.,7.5));
#3688=CARTESIAN_POINT('Origin',(15.75,5.,7.5));
#3689=CARTESIAN_POINT('',(15.75,5.5,7.5));
#3690=CARTESIAN_POINT('Origin',(20.5,4.,7.5));
#3691=CARTESIAN_POINT('',(21.,4.,7.5));
#3692=CARTESIAN_POINT('Origin',(5.25,0.5,7.5));
#3693=CARTESIAN_POINT('',(5.25,0.,7.5));
#3694=CARTESIAN_POINT('Origin',(0.,5.5,0.));
#3695=CARTESIAN_POINT('Origin',(6.5,5.5,0.));
#3696=CARTESIAN_POINT('Origin',(6.5,12.,0.));
#3697=CARTESIAN_POINT('',(6.5,12.,0.));
#3698=CARTESIAN_POINT('Origin',(10.5,12.,0.));
#3699=CARTESIAN_POINT('',(14.5,12.,0.));
#3700=CARTESIAN_POINT('Origin',(14.5,5.5,0.));
#3701=CARTESIAN_POINT('Origin',(10.5,4.,1.5));
#3702=CARTESIAN_POINT('',(8.,4.,6.5));
#3703=CARTESIAN_POINT('Origin',(10.5,4.,6.5));
#3704=CARTESIAN_POINT('',(8.,4.,1.5));
#3705=CARTESIAN_POINT('',(8.,4.,1.5));
#3706=CARTESIAN_POINT('Origin',(10.5,4.,1.5));
#3707=CARTESIAN_POINT('Origin',(10.5,4.,6.5));
#3708=CARTESIAN_POINT('Origin',(10.5,4.,1.5));
#3709=CARTESIAN_POINT('',(7.5,4.,1.5));
#3710=CARTESIAN_POINT('Origin',(10.5,4.,1.5));
#3711=CARTESIAN_POINT('Origin',(10.5,4.,0.));
#3712=CARTESIAN_POINT('',(7.5,4.,0.));
#3713=CARTESIAN_POINT('Origin',(10.5,12.,1.5));
#3714=CARTESIAN_POINT('',(8.,12.,6.5));
#3715=CARTESIAN_POINT('Origin',(10.5,12.,6.5));
#3716=CARTESIAN_POINT('',(8.,12.,1.5));
#3717=CARTESIAN_POINT('',(8.,12.,1.5));
#3718=CARTESIAN_POINT('Origin',(10.5,12.,1.5));
#3719=CARTESIAN_POINT('Origin',(10.5,12.,6.5));
#3720=CARTESIAN_POINT('Origin',(10.5,12.,1.5));
#3721=CARTESIAN_POINT('',(7.5,12.,1.5));
#3722=CARTESIAN_POINT('Origin',(10.5,12.,1.5));
#3723=CARTESIAN_POINT('Origin',(10.5,12.,0.));
#3724=CARTESIAN_POINT('',(7.5,12.,0.));
#3725=CARTESIAN_POINT('Origin',(21.,5.5,0.));
#3726=CARTESIAN_POINT('Origin',(21.,0.,0.));
#3727=CARTESIAN_POINT('Origin',(0.,0.,0.));
#3728=UNCERTAINTY_MEASURE_WITH_UNIT(LENGTH_MEASURE(0.01),#3732,
'DISTANCE_ACCURACY_VALUE',
'Maximum model space distance between geometric entities at asserted c
onnectivities');
#3729=UNCERTAINTY_MEASURE_WITH_UNIT(LENGTH_MEASURE(0.01),#3732,
'DISTANCE_ACCURACY_VALUE',
'Maximum model space distance between geometric entities at asserted c
onnectivities');
#3730=(
GEOMETRIC_REPRESENTATION_CONTEXT(3)
GLOBAL_UNCERTAINTY_ASSIGNED_CONTEXT((#3728))
GLOBAL_UNIT_ASSIGNED_CONTEXT((#3732,#3734,#3735))
REPRESENTATION_CONTEXT('','3D')
);
#3731=(
GEOMETRIC_REPRESENTATION_CONTEXT(3)
GLOBAL_UNCERTAINTY_ASSIGNED_CONTEXT((#3729))
GLOBAL_UNIT_ASSIGNED_CONTEXT((#3732,#3734,#3735))
REPRESENTATION_CONTEXT('','3D')
);
#3732=(
LENGTH_UNIT()
NAMED_UNIT(*)
SI_UNIT(.MILLI.,.METRE.)
);
#3733=(
LENGTH_UNIT()
NAMED_UNIT(*)
SI_UNIT($,.METRE.)
);
#3734=(
NAMED_UNIT(*)
PLANE_ANGLE_UNIT()
SI_UNIT($,.RADIAN.)
);
#3735=(
NAMED_UNIT(*)
SI_UNIT($,.STERADIAN.)
SOLID_ANGLE_UNIT()
);
#3736=SHAPE_DEFINITION_REPRESENTATION(#3737,#3738);
#3737=PRODUCT_DEFINITION_SHAPE('',$,#3740);
#3738=SHAPE_REPRESENTATION('',(#2081),#3730);
#3739=PRODUCT_DEFINITION_CONTEXT('part definition',#3744,'design');
#3740=PRODUCT_DEFINITION('semafor','semafor v2',#3741,#3739);
#3741=PRODUCT_DEFINITION_FORMATION('',$,#3746);
#3742=PRODUCT_RELATED_PRODUCT_CATEGORY('semafor v2','semafor v2',(#3746));
#3743=APPLICATION_PROTOCOL_DEFINITION('international standard',
'automotive_design',2009,#3744);
#3744=APPLICATION_CONTEXT(
'Core Data for Automotive Mechanical Design Process');
#3745=PRODUCT_CONTEXT('part definition',#3744,'mechanical');
#3746=PRODUCT('semafor','semafor v2',$,(#3745));
#3747=PRESENTATION_STYLE_ASSIGNMENT((#3748));
#3748=SURFACE_STYLE_USAGE(.BOTH.,#3749);
#3749=SURFACE_SIDE_STYLE('',(#3750));
#3750=SURFACE_STYLE_FILL_AREA(#3751);
#3751=FILL_AREA_STYLE('Steel - Satin',(#3752));
#3752=FILL_AREA_STYLE_COLOUR('Steel - Satin',#3753);
#3753=COLOUR_RGB('Steel - Satin',0.627450980392157,0.627450980392157,0.627450980392157);
ENDSEC;
END-ISO-10303-21;
