ISO-10303-21;
HEADER;
/* Generated by software containing ST-Developer
 * from STEP Tools, Inc. (www.steptools.com) 
 */

FILE_DESCRIPTION(
/* description */ (''),
/* implementation_level */ '2;1');

FILE_NAME(
/* name */ 'tlacitko.step',
/* time_stamp */ '2024-11-18T08:33:17+01:00',
/* author */ (''),
/* organization */ (''),
/* preprocessor_version */ 'ST-DEVELOPER v20',
/* originating_system */ 'Autodesk Translation Framework v13.20.0.188',

/* authorisation */ '');

FILE_SCHEMA (('AUTOMOTIVE_DESIGN { 1 0 10303 214 3 1 1 }'));
ENDSEC;

DATA;
#10=MECHANICAL_DESIGN_GEOMETRIC_PRESENTATION_REPRESENTATION('',(#17,#18),
#4066);
#11=SHAPE_REPRESENTATION_RELATIONSHIP('SRR','None',#4073,#12);
#12=ADVANCED_BREP_SHAPE_REPRESENTATION('',(#19,#20),#4065);
#13=ELLIPSE('',#2436,0.707106781186548,0.5);
#14=ELLIPSE('',#2438,0.707106781186547,0.5);
#15=ELLIPSE('',#2444,0.707106781186548,0.5);
#16=ELLIPSE('',#2446,0.707106781186547,0.5);
#17=STYLED_ITEM('',(#4082),#19);
#18=STYLED_ITEM('',(#4082),#20);
#19=MANIFOLD_SOLID_BREP('Body2',#2158);
#20=MANIFOLD_SOLID_BREP('Body3',#2159);
#21=B_SPLINE_CURVE_WITH_KNOTS('',3,(#3418,#3419,#3420,#3421,#3422,#3423,
#3424,#3425,#3426,#3427,#3428,#3429,#3430,#3431,#3432,#3433,#3434,#3435,
#3436,#3437,#3438,#3439,#3440,#3441,#3442,#3443,#3444,#3445,#3446,#3447,
#3448,#3449,#3450,#3451),.UNSPECIFIED.,.T.,.F.,(4,2,2,2,2,2,2,2,2,2,2,2,
2,2,2,2,4),(0.,0.116959909431808,0.233919818863616,0.350125090243389,0.466330361623162,
0.582535633002935,0.698740904382707,0.815700813814515,0.932660723246323,
1.04962063267813,1.16658054210994,1.28278581348971,1.39899108486948,1.51519635624926,
1.63140162762903,1.74836153706084,1.86532144649265),.UNSPECIFIED.);
#22=B_SPLINE_CURVE_WITH_KNOTS('',3,(#3465,#3466,#3467,#3468,#3469,#3470,
#3471,#3472,#3473,#3474,#3475,#3476,#3477,#3478,#3479,#3480,#3481,#3482,
#3483,#3484,#3485,#3486,#3487,#3488,#3489,#3490,#3491,#3492,#3493,#3494,
#3495,#3496,#3497,#3498),.UNSPECIFIED.,.T.,.F.,(4,2,2,2,2,2,2,2,2,2,2,2,
2,2,2,2,4),(0.,0.116959909431808,0.233919818863616,0.350125090243389,0.466330361623162,
0.582535633002935,0.698740904382707,0.815700813814515,0.932660723246323,
1.04962063267813,1.16658054210994,1.28278581348971,1.39899108486948,1.51519635624926,
1.63140162762903,1.74836153706084,1.86532144649265),.UNSPECIFIED.);
#23=B_SPLINE_CURVE_WITH_KNOTS('',3,(#3513,#3514,#3515,#3516,#3517,#3518,
#3519,#3520,#3521,#3522,#3523,#3524,#3525,#3526,#3527,#3528,#3529,#3530,
#3531,#3532,#3533,#3534,#3535,#3536,#3537,#3538,#3539,#3540,#3541,#3542,
#3543,#3544,#3545,#3546),.UNSPECIFIED.,.T.,.F.,(4,2,2,2,2,2,2,2,2,2,2,2,
2,2,2,2,4),(0.,0.116959909431808,0.233919818863616,0.350125090243389,0.466330361623162,
0.582535633002935,0.698740904382707,0.815700813814515,0.932660723246323,
1.04962063267813,1.16658054210994,1.28278581348971,1.39899108486948,1.51519635624926,
1.63140162762903,1.74836153706084,1.86532144649265),.UNSPECIFIED.);
#24=B_SPLINE_CURVE_WITH_KNOTS('',3,(#3560,#3561,#3562,#3563,#3564,#3565,
#3566,#3567,#3568,#3569,#3570,#3571,#3572,#3573,#3574,#3575,#3576,#3577,
#3578,#3579,#3580,#3581,#3582,#3583,#3584,#3585,#3586,#3587,#3588,#3589,
#3590,#3591,#3592,#3593),.UNSPECIFIED.,.T.,.F.,(4,2,2,2,2,2,2,2,2,2,2,2,
2,2,2,2,4),(0.,0.116959909431808,0.233919818863616,0.350125090243389,0.466330361623162,
0.582535633002934,0.698740904382707,0.815700813814515,0.932660723246323,
1.04962063267813,1.16658054210994,1.28278581348971,1.39899108486948,1.51519635624926,
1.63140162762903,1.74836153706084,1.86532144649265),.UNSPECIFIED.);
#25=B_SPLINE_CURVE_WITH_KNOTS('',3,(#3616,#3617,#3618,#3619,#3620,#3621,
#3622,#3623,#3624,#3625,#3626,#3627,#3628,#3629,#3630,#3631,#3632,#3633,
#3634,#3635,#3636,#3637,#3638,#3639,#3640,#3641,#3642,#3643,#3644,#3645,
#3646,#3647,#3648,#3649),.UNSPECIFIED.,.T.,.F.,(4,2,2,2,2,2,2,2,2,2,2,2,
2,2,2,2,4),(0.,0.116959909431808,0.233919818863616,0.350125090243389,0.466330361623162,
0.582535633002934,0.698740904382707,0.815700813814515,0.932660723246323,
1.04962063267813,1.16658054210994,1.28278581348971,1.39899108486948,1.51519635624926,
1.63140162762903,1.74836153706084,1.86532144649265),.UNSPECIFIED.);
#26=B_SPLINE_CURVE_WITH_KNOTS('',3,(#3653,#3654,#3655,#3656,#3657,#3658,
#3659,#3660,#3661,#3662,#3663,#3664,#3665,#3666,#3667,#3668,#3669,#3670,
#3671,#3672,#3673,#3674,#3675,#3676,#3677,#3678,#3679,#3680,#3681,#3682,
#3683,#3684,#3685,#3686),.UNSPECIFIED.,.T.,.F.,(4,2,2,2,2,2,2,2,2,2,2,2,
2,2,2,2,4),(0.,0.116959909431808,0.233919818863616,0.350125090243389,0.466330361623162,
0.582535633002935,0.698740904382707,0.815700813814515,0.932660723246323,
1.04962063267813,1.16658054210994,1.28278581348971,1.39899108486948,1.51519635624926,
1.63140162762903,1.74836153706084,1.86532144649265),.UNSPECIFIED.);
#27=B_SPLINE_CURVE_WITH_KNOTS('',3,(#3922,#3923,#3924,#3925,#3926,#3927,
#3928,#3929,#3930,#3931),.UNSPECIFIED.,.F.,.F.,(4,2,2,2,4),(0.157853000242424,
0.176681465878531,0.195509931514638,0.216582433677952,0.237654935841265),
 .UNSPECIFIED.);
#28=B_SPLINE_CURVE_WITH_KNOTS('',3,(#3952,#3953,#3954,#3955,#3956,#3957,
#3958,#3959,#3960,#3961),.UNSPECIFIED.,.F.,.F.,(4,2,2,2,4),(0.078051064643582,
0.0991235668068956,0.120196068970209,0.139024534606317,0.157853000242424),
 .UNSPECIFIED.);
#29=B_SPLINE_CURVE_WITH_KNOTS('',3,(#3991,#3992,#3993,#3994,#3995,#3996,
#3997,#3998,#3999,#4000),.UNSPECIFIED.,.F.,.F.,(4,2,2,2,4),(0.0808475446022029,
0.104722708903311,0.126988524765463,0.146567292211528,0.163756081357355),
 .UNSPECIFIED.);
#30=B_SPLINE_CURVE_WITH_KNOTS('',3,(#4002,#4003,#4004,#4005,#4006,#4007,
#4008,#4009,#4010,#4011),.UNSPECIFIED.,.F.,.F.,(4,2,2,2,4),(0.327512161272576,
0.345109196769765,0.364074635428254,0.385049024162162,0.408359705592803),
 .UNSPECIFIED.);
#31=B_SPLINE_CURVE_WITH_KNOTS('',3,(#4018,#4019,#4020,#4021,#4022,#4023,
#4024,#4025,#4026,#4027),.UNSPECIFIED.,.F.,.F.,(4,2,2,2,4),(0.163756081357355,
0.180944870503182,0.200523637949247,0.2227894538114,0.246664618112507),
 .UNSPECIFIED.);
#32=B_SPLINE_CURVE_WITH_KNOTS('',3,(#4029,#4030,#4031,#4032,#4033,#4034,
#4035,#4036,#4037,#4038),.UNSPECIFIED.,.F.,.F.,(4,2,2,2,4),(0.246664616952348,
0.269975298382989,0.290949687116897,0.309915125775386,0.327512161272575),
 .UNSPECIFIED.);
#33=TOROIDAL_SURFACE('',#2193,3.5,0.5);
#34=TOROIDAL_SURFACE('',#2203,3.5,0.5);
#35=TOROIDAL_SURFACE('',#2209,3.5,0.5);
#36=TOROIDAL_SURFACE('',#2219,3.5,0.5);
#37=TOROIDAL_SURFACE('',#2225,3.5,0.5);
#38=TOROIDAL_SURFACE('',#2235,3.5,0.5);
#39=TOROIDAL_SURFACE('',#2303,6.,0.5);
#40=TOROIDAL_SURFACE('',#2313,3.5,0.5);
#41=TOROIDAL_SURFACE('',#2319,3.5,0.5);
#42=TOROIDAL_SURFACE('',#2325,3.5,0.5);
#43=TOROIDAL_SURFACE('',#2331,3.5,0.5);
#44=TOROIDAL_SURFACE('',#2350,3.5,0.5);
#45=TOROIDAL_SURFACE('',#2355,3.5,0.5);
#46=TOROIDAL_SURFACE('',#2360,3.5,0.5);
#47=TOROIDAL_SURFACE('',#2365,3.5,0.5);
#48=TOROIDAL_SURFACE('',#2454,4.50000007450581,0.5);
#49=FACE_BOUND('',#280,.T.);
#50=FACE_BOUND('',#303,.T.);
#51=FACE_BOUND('',#306,.T.);
#52=FACE_BOUND('',#309,.T.);
#53=FACE_BOUND('',#312,.T.);
#54=FACE_BOUND('',#315,.T.);
#55=FACE_BOUND('',#318,.T.);
#56=FACE_BOUND('',#321,.T.);
#57=FACE_BOUND('',#324,.T.);
#58=FACE_BOUND('',#327,.T.);
#59=FACE_BOUND('',#330,.T.);
#60=FACE_BOUND('',#332,.T.);
#61=FACE_BOUND('',#335,.T.);
#62=FACE_BOUND('',#341,.T.);
#63=FACE_BOUND('',#374,.T.);
#64=FACE_BOUND('',#375,.T.);
#65=FACE_BOUND('',#376,.T.);
#66=FACE_BOUND('',#377,.T.);
#67=FACE_BOUND('',#378,.T.);
#68=FACE_BOUND('',#379,.T.);
#69=FACE_BOUND('',#382,.T.);
#70=FACE_BOUND('',#384,.T.);
#71=FACE_BOUND('',#387,.T.);
#72=FACE_BOUND('',#389,.T.);
#73=FACE_BOUND('',#392,.T.);
#74=FACE_BOUND('',#394,.T.);
#75=FACE_BOUND('',#397,.T.);
#76=FACE_BOUND('',#399,.T.);
#77=FACE_BOUND('',#406,.T.);
#78=FACE_BOUND('',#408,.T.);
#79=FACE_BOUND('',#411,.T.);
#80=FACE_BOUND('',#413,.T.);
#81=FACE_BOUND('',#416,.T.);
#82=FACE_BOUND('',#418,.T.);
#83=FACE_BOUND('',#421,.T.);
#84=FACE_BOUND('',#423,.T.);
#85=FACE_BOUND('',#426,.T.);
#86=PLANE('',#2182);
#87=PLANE('',#2198);
#88=PLANE('',#2215);
#89=PLANE('',#2231);
#90=PLANE('',#2250);
#91=PLANE('',#2261);
#92=PLANE('',#2265);
#93=PLANE('',#2268);
#94=PLANE('',#2272);
#95=PLANE('',#2275);
#96=PLANE('',#2279);
#97=PLANE('',#2282);
#98=PLANE('',#2286);
#99=PLANE('',#2289);
#100=PLANE('',#2294);
#101=PLANE('',#2295);
#102=PLANE('',#2300);
#103=PLANE('',#2308);
#104=PLANE('',#2337);
#105=PLANE('',#2346);
#106=PLANE('',#2367);
#107=PLANE('',#2368);
#108=PLANE('',#2369);
#109=PLANE('',#2370);
#110=PLANE('',#2371);
#111=PLANE('',#2372);
#112=PLANE('',#2374);
#113=PLANE('',#2376);
#114=PLANE('',#2382);
#115=PLANE('',#2384);
#116=PLANE('',#2389);
#117=PLANE('',#2391);
#118=PLANE('',#2396);
#119=PLANE('',#2398);
#120=PLANE('',#2403);
#121=PLANE('',#2405);
#122=PLANE('',#2417);
#123=PLANE('',#2418);
#124=PLANE('',#2421);
#125=PLANE('',#2422);
#126=PLANE('',#2425);
#127=PLANE('',#2426);
#128=PLANE('',#2429);
#129=PLANE('',#2430);
#130=PLANE('',#2433);
#131=PLANE('',#2440);
#132=PLANE('',#2441);
#133=PLANE('',#2442);
#134=PLANE('',#2449);
#135=PLANE('',#2453);
#136=PLANE('',#2457);
#137=PLANE('',#2459);
#138=PLANE('',#2460);
#139=PLANE('',#2461);
#140=PLANE('',#2464);
#141=PLANE('',#2465);
#142=FACE_OUTER_BOUND('',#276,.T.);
#143=FACE_OUTER_BOUND('',#277,.T.);
#144=FACE_OUTER_BOUND('',#278,.T.);
#145=FACE_OUTER_BOUND('',#279,.T.);
#146=FACE_OUTER_BOUND('',#281,.T.);
#147=FACE_OUTER_BOUND('',#282,.T.);
#148=FACE_OUTER_BOUND('',#283,.T.);
#149=FACE_OUTER_BOUND('',#284,.T.);
#150=FACE_OUTER_BOUND('',#285,.T.);
#151=FACE_OUTER_BOUND('',#286,.T.);
#152=FACE_OUTER_BOUND('',#287,.T.);
#153=FACE_OUTER_BOUND('',#288,.T.);
#154=FACE_OUTER_BOUND('',#289,.T.);
#155=FACE_OUTER_BOUND('',#290,.T.);
#156=FACE_OUTER_BOUND('',#291,.T.);
#157=FACE_OUTER_BOUND('',#292,.T.);
#158=FACE_OUTER_BOUND('',#293,.T.);
#159=FACE_OUTER_BOUND('',#294,.T.);
#160=FACE_OUTER_BOUND('',#295,.T.);
#161=FACE_OUTER_BOUND('',#296,.T.);
#162=FACE_OUTER_BOUND('',#297,.T.);
#163=FACE_OUTER_BOUND('',#298,.T.);
#164=FACE_OUTER_BOUND('',#299,.T.);
#165=FACE_OUTER_BOUND('',#300,.T.);
#166=FACE_OUTER_BOUND('',#301,.T.);
#167=FACE_OUTER_BOUND('',#302,.T.);
#168=FACE_OUTER_BOUND('',#304,.T.);
#169=FACE_OUTER_BOUND('',#305,.T.);
#170=FACE_OUTER_BOUND('',#307,.T.);
#171=FACE_OUTER_BOUND('',#308,.T.);
#172=FACE_OUTER_BOUND('',#310,.T.);
#173=FACE_OUTER_BOUND('',#311,.T.);
#174=FACE_OUTER_BOUND('',#313,.T.);
#175=FACE_OUTER_BOUND('',#314,.T.);
#176=FACE_OUTER_BOUND('',#316,.T.);
#177=FACE_OUTER_BOUND('',#317,.T.);
#178=FACE_OUTER_BOUND('',#319,.T.);
#179=FACE_OUTER_BOUND('',#320,.T.);
#180=FACE_OUTER_BOUND('',#322,.T.);
#181=FACE_OUTER_BOUND('',#323,.T.);
#182=FACE_OUTER_BOUND('',#325,.T.);
#183=FACE_OUTER_BOUND('',#326,.T.);
#184=FACE_OUTER_BOUND('',#328,.T.);
#185=FACE_OUTER_BOUND('',#329,.T.);
#186=FACE_OUTER_BOUND('',#331,.T.);
#187=FACE_OUTER_BOUND('',#333,.T.);
#188=FACE_OUTER_BOUND('',#334,.T.);
#189=FACE_OUTER_BOUND('',#336,.T.);
#190=FACE_OUTER_BOUND('',#337,.T.);
#191=FACE_OUTER_BOUND('',#338,.T.);
#192=FACE_OUTER_BOUND('',#339,.T.);
#193=FACE_OUTER_BOUND('',#340,.T.);
#194=FACE_OUTER_BOUND('',#342,.T.);
#195=FACE_OUTER_BOUND('',#343,.T.);
#196=FACE_OUTER_BOUND('',#344,.T.);
#197=FACE_OUTER_BOUND('',#345,.T.);
#198=FACE_OUTER_BOUND('',#346,.T.);
#199=FACE_OUTER_BOUND('',#347,.T.);
#200=FACE_OUTER_BOUND('',#348,.T.);
#201=FACE_OUTER_BOUND('',#349,.T.);
#202=FACE_OUTER_BOUND('',#350,.T.);
#203=FACE_OUTER_BOUND('',#351,.T.);
#204=FACE_OUTER_BOUND('',#352,.T.);
#205=FACE_OUTER_BOUND('',#353,.T.);
#206=FACE_OUTER_BOUND('',#354,.T.);
#207=FACE_OUTER_BOUND('',#355,.T.);
#208=FACE_OUTER_BOUND('',#356,.T.);
#209=FACE_OUTER_BOUND('',#357,.T.);
#210=FACE_OUTER_BOUND('',#358,.T.);
#211=FACE_OUTER_BOUND('',#359,.T.);
#212=FACE_OUTER_BOUND('',#360,.T.);
#213=FACE_OUTER_BOUND('',#361,.T.);
#214=FACE_OUTER_BOUND('',#362,.T.);
#215=FACE_OUTER_BOUND('',#363,.T.);
#216=FACE_OUTER_BOUND('',#364,.T.);
#217=FACE_OUTER_BOUND('',#365,.T.);
#218=FACE_OUTER_BOUND('',#366,.T.);
#219=FACE_OUTER_BOUND('',#367,.T.);
#220=FACE_OUTER_BOUND('',#368,.T.);
#221=FACE_OUTER_BOUND('',#369,.T.);
#222=FACE_OUTER_BOUND('',#370,.T.);
#223=FACE_OUTER_BOUND('',#371,.T.);
#224=FACE_OUTER_BOUND('',#372,.T.);
#225=FACE_OUTER_BOUND('',#373,.T.);
#226=FACE_OUTER_BOUND('',#380,.T.);
#227=FACE_OUTER_BOUND('',#381,.T.);
#228=FACE_OUTER_BOUND('',#383,.T.);
#229=FACE_OUTER_BOUND('',#385,.T.);
#230=FACE_OUTER_BOUND('',#386,.T.);
#231=FACE_OUTER_BOUND('',#388,.T.);
#232=FACE_OUTER_BOUND('',#390,.T.);
#233=FACE_OUTER_BOUND('',#391,.T.);
#234=FACE_OUTER_BOUND('',#393,.T.);
#235=FACE_OUTER_BOUND('',#395,.T.);
#236=FACE_OUTER_BOUND('',#396,.T.);
#237=FACE_OUTER_BOUND('',#398,.T.);
#238=FACE_OUTER_BOUND('',#400,.T.);
#239=FACE_OUTER_BOUND('',#401,.T.);
#240=FACE_OUTER_BOUND('',#402,.T.);
#241=FACE_OUTER_BOUND('',#403,.T.);
#242=FACE_OUTER_BOUND('',#404,.T.);
#243=FACE_OUTER_BOUND('',#405,.T.);
#244=FACE_OUTER_BOUND('',#407,.T.);
#245=FACE_OUTER_BOUND('',#409,.T.);
#246=FACE_OUTER_BOUND('',#410,.T.);
#247=FACE_OUTER_BOUND('',#412,.T.);
#248=FACE_OUTER_BOUND('',#414,.T.);
#249=FACE_OUTER_BOUND('',#415,.T.);
#250=FACE_OUTER_BOUND('',#417,.T.);
#251=FACE_OUTER_BOUND('',#419,.T.);
#252=FACE_OUTER_BOUND('',#420,.T.);
#253=FACE_OUTER_BOUND('',#422,.T.);
#254=FACE_OUTER_BOUND('',#424,.T.);
#255=FACE_OUTER_BOUND('',#425,.T.);
#256=FACE_OUTER_BOUND('',#427,.T.);
#257=FACE_OUTER_BOUND('',#428,.T.);
#258=FACE_OUTER_BOUND('',#429,.T.);
#259=FACE_OUTER_BOUND('',#430,.T.);
#260=FACE_OUTER_BOUND('',#431,.T.);
#261=FACE_OUTER_BOUND('',#432,.T.);
#262=FACE_OUTER_BOUND('',#433,.T.);
#263=FACE_OUTER_BOUND('',#434,.T.);
#264=FACE_OUTER_BOUND('',#435,.T.);
#265=FACE_OUTER_BOUND('',#436,.T.);
#266=FACE_OUTER_BOUND('',#437,.T.);
#267=FACE_OUTER_BOUND('',#438,.T.);
#268=FACE_OUTER_BOUND('',#439,.T.);
#269=FACE_OUTER_BOUND('',#440,.T.);
#270=FACE_OUTER_BOUND('',#441,.T.);
#271=FACE_OUTER_BOUND('',#442,.T.);
#272=FACE_OUTER_BOUND('',#443,.T.);
#273=FACE_OUTER_BOUND('',#444,.T.);
#274=FACE_OUTER_BOUND('',#445,.T.);
#275=FACE_OUTER_BOUND('',#446,.T.);
#276=EDGE_LOOP('',(#1356,#1357,#1358,#1359));
#277=EDGE_LOOP('',(#1360,#1361,#1362,#1363));
#278=EDGE_LOOP('',(#1364,#1365,#1366,#1367));
#279=EDGE_LOOP('',(#1368,#1369,#1370,#1371,#1372,#1373,#1374,#1375,#1376,
#1377));
#280=EDGE_LOOP('',(#1378));
#281=EDGE_LOOP('',(#1379,#1380,#1381,#1382));
#282=EDGE_LOOP('',(#1383,#1384,#1385,#1386,#1387));
#283=EDGE_LOOP('',(#1388,#1389,#1390,#1391,#1392,#1393,#1394,#1395,#1396));
#284=EDGE_LOOP('',(#1397,#1398,#1399,#1400,#1401));
#285=EDGE_LOOP('',(#1402,#1403,#1404,#1405,#1406,#1407));
#286=EDGE_LOOP('',(#1408,#1409,#1410,#1411,#1412));
#287=EDGE_LOOP('',(#1413,#1414,#1415,#1416,#1417,#1418));
#288=EDGE_LOOP('',(#1419,#1420,#1421,#1422,#1423,#1424,#1425,#1426,#1427));
#289=EDGE_LOOP('',(#1428,#1429,#1430,#1431,#1432));
#290=EDGE_LOOP('',(#1433,#1434,#1435,#1436,#1437));
#291=EDGE_LOOP('',(#1438,#1439,#1440,#1441,#1442));
#292=EDGE_LOOP('',(#1443,#1444,#1445,#1446,#1447,#1448));
#293=EDGE_LOOP('',(#1449,#1450,#1451,#1452,#1453,#1454,#1455,#1456,#1457));
#294=EDGE_LOOP('',(#1458,#1459,#1460,#1461,#1462));
#295=EDGE_LOOP('',(#1463,#1464,#1465,#1466,#1467));
#296=EDGE_LOOP('',(#1468,#1469,#1470,#1471,#1472));
#297=EDGE_LOOP('',(#1473,#1474,#1475,#1476));
#298=EDGE_LOOP('',(#1477,#1478,#1479,#1480));
#299=EDGE_LOOP('',(#1481,#1482,#1483,#1484));
#300=EDGE_LOOP('',(#1485,#1486,#1487,#1488,#1489,#1490,#1491,#1492,#1493,
#1494,#1495,#1496,#1497,#1498,#1499,#1500,#1501,#1502));
#301=EDGE_LOOP('',(#1503,#1504,#1505,#1506));
#302=EDGE_LOOP('',(#1507));
#303=EDGE_LOOP('',(#1508));
#304=EDGE_LOOP('',(#1509,#1510,#1511,#1512));
#305=EDGE_LOOP('',(#1513));
#306=EDGE_LOOP('',(#1514));
#307=EDGE_LOOP('',(#1515,#1516,#1517,#1518));
#308=EDGE_LOOP('',(#1519));
#309=EDGE_LOOP('',(#1520));
#310=EDGE_LOOP('',(#1521,#1522,#1523,#1524));
#311=EDGE_LOOP('',(#1525));
#312=EDGE_LOOP('',(#1526));
#313=EDGE_LOOP('',(#1527,#1528,#1529,#1530));
#314=EDGE_LOOP('',(#1531));
#315=EDGE_LOOP('',(#1532));
#316=EDGE_LOOP('',(#1533,#1534,#1535,#1536));
#317=EDGE_LOOP('',(#1537));
#318=EDGE_LOOP('',(#1538));
#319=EDGE_LOOP('',(#1539,#1540,#1541,#1542));
#320=EDGE_LOOP('',(#1543));
#321=EDGE_LOOP('',(#1544));
#322=EDGE_LOOP('',(#1545,#1546,#1547,#1548));
#323=EDGE_LOOP('',(#1549));
#324=EDGE_LOOP('',(#1550));
#325=EDGE_LOOP('',(#1551,#1552,#1553,#1554));
#326=EDGE_LOOP('',(#1555));
#327=EDGE_LOOP('',(#1556));
#328=EDGE_LOOP('',(#1557,#1558,#1559,#1560));
#329=EDGE_LOOP('',(#1561));
#330=EDGE_LOOP('',(#1562));
#331=EDGE_LOOP('',(#1563));
#332=EDGE_LOOP('',(#1564));
#333=EDGE_LOOP('',(#1565,#1566,#1567,#1568));
#334=EDGE_LOOP('',(#1569));
#335=EDGE_LOOP('',(#1570));
#336=EDGE_LOOP('',(#1571,#1572,#1573,#1574));
#337=EDGE_LOOP('',(#1575,#1576,#1577,#1578));
#338=EDGE_LOOP('',(#1579,#1580,#1581,#1582));
#339=EDGE_LOOP('',(#1583,#1584,#1585,#1586));
#340=EDGE_LOOP('',(#1587));
#341=EDGE_LOOP('',(#1588));
#342=EDGE_LOOP('',(#1589,#1590,#1591,#1592));
#343=EDGE_LOOP('',(#1593,#1594,#1595,#1596,#1597,#1598,#1599,#1600));
#344=EDGE_LOOP('',(#1601,#1602,#1603,#1604,#1605));
#345=EDGE_LOOP('',(#1606,#1607,#1608,#1609,#1610,#1611,#1612));
#346=EDGE_LOOP('',(#1613,#1614,#1615,#1616,#1617));
#347=EDGE_LOOP('',(#1618,#1619,#1620,#1621,#1622,#1623,#1624));
#348=EDGE_LOOP('',(#1625,#1626,#1627,#1628,#1629));
#349=EDGE_LOOP('',(#1630,#1631,#1632,#1633,#1634,#1635,#1636,#1637));
#350=EDGE_LOOP('',(#1638,#1639,#1640,#1641));
#351=EDGE_LOOP('',(#1642,#1643,#1644,#1645,#1646));
#352=EDGE_LOOP('',(#1647,#1648,#1649,#1650));
#353=EDGE_LOOP('',(#1651,#1652,#1653,#1654));
#354=EDGE_LOOP('',(#1655,#1656,#1657,#1658));
#355=EDGE_LOOP('',(#1659,#1660,#1661,#1662));
#356=EDGE_LOOP('',(#1663,#1664,#1665,#1666,#1667,#1668,#1669,#1670));
#357=EDGE_LOOP('',(#1671,#1672,#1673,#1674,#1675));
#358=EDGE_LOOP('',(#1676,#1677,#1678,#1679,#1680,#1681,#1682));
#359=EDGE_LOOP('',(#1683,#1684,#1685,#1686,#1687));
#360=EDGE_LOOP('',(#1688,#1689,#1690,#1691,#1692,#1693,#1694));
#361=EDGE_LOOP('',(#1695,#1696,#1697,#1698,#1699));
#362=EDGE_LOOP('',(#1700,#1701,#1702,#1703,#1704,#1705,#1706,#1707));
#363=EDGE_LOOP('',(#1708,#1709,#1710,#1711));
#364=EDGE_LOOP('',(#1712,#1713,#1714,#1715,#1716,#1717,#1718,#1719));
#365=EDGE_LOOP('',(#1720,#1721,#1722,#1723,#1724,#1725));
#366=EDGE_LOOP('',(#1726,#1727,#1728,#1729,#1730));
#367=EDGE_LOOP('',(#1731,#1732,#1733,#1734,#1735));
#368=EDGE_LOOP('',(#1736,#1737,#1738,#1739,#1740,#1741));
#369=EDGE_LOOP('',(#1742,#1743,#1744,#1745));
#370=EDGE_LOOP('',(#1746,#1747,#1748));
#371=EDGE_LOOP('',(#1749,#1750,#1751));
#372=EDGE_LOOP('',(#1752,#1753,#1754,#1755));
#373=EDGE_LOOP('',(#1756,#1757,#1758,#1759,#1760,#1761,#1762,#1763,#1764,
#1765));
#374=EDGE_LOOP('',(#1766));
#375=EDGE_LOOP('',(#1767));
#376=EDGE_LOOP('',(#1768));
#377=EDGE_LOOP('',(#1769));
#378=EDGE_LOOP('',(#1770));
#379=EDGE_LOOP('',(#1771));
#380=EDGE_LOOP('',(#1772,#1773,#1774,#1775));
#381=EDGE_LOOP('',(#1776));
#382=EDGE_LOOP('',(#1777));
#383=EDGE_LOOP('',(#1778));
#384=EDGE_LOOP('',(#1779));
#385=EDGE_LOOP('',(#1780,#1781,#1782,#1783));
#386=EDGE_LOOP('',(#1784));
#387=EDGE_LOOP('',(#1785));
#388=EDGE_LOOP('',(#1786));
#389=EDGE_LOOP('',(#1787));
#390=EDGE_LOOP('',(#1788,#1789,#1790,#1791));
#391=EDGE_LOOP('',(#1792));
#392=EDGE_LOOP('',(#1793));
#393=EDGE_LOOP('',(#1794));
#394=EDGE_LOOP('',(#1795));
#395=EDGE_LOOP('',(#1796,#1797,#1798,#1799));
#396=EDGE_LOOP('',(#1800));
#397=EDGE_LOOP('',(#1801));
#398=EDGE_LOOP('',(#1802));
#399=EDGE_LOOP('',(#1803));
#400=EDGE_LOOP('',(#1804,#1805,#1806,#1807));
#401=EDGE_LOOP('',(#1808,#1809,#1810,#1811));
#402=EDGE_LOOP('',(#1812,#1813,#1814,#1815));
#403=EDGE_LOOP('',(#1816,#1817,#1818,#1819));
#404=EDGE_LOOP('',(#1820,#1821,#1822,#1823));
#405=EDGE_LOOP('',(#1824));
#406=EDGE_LOOP('',(#1825));
#407=EDGE_LOOP('',(#1826));
#408=EDGE_LOOP('',(#1827));
#409=EDGE_LOOP('',(#1828,#1829,#1830,#1831));
#410=EDGE_LOOP('',(#1832));
#411=EDGE_LOOP('',(#1833));
#412=EDGE_LOOP('',(#1834));
#413=EDGE_LOOP('',(#1835));
#414=EDGE_LOOP('',(#1836,#1837,#1838,#1839));
#415=EDGE_LOOP('',(#1840));
#416=EDGE_LOOP('',(#1841));
#417=EDGE_LOOP('',(#1842));
#418=EDGE_LOOP('',(#1843));
#419=EDGE_LOOP('',(#1844,#1845,#1846,#1847));
#420=EDGE_LOOP('',(#1848));
#421=EDGE_LOOP('',(#1849));
#422=EDGE_LOOP('',(#1850));
#423=EDGE_LOOP('',(#1851));
#424=EDGE_LOOP('',(#1852,#1853,#1854,#1855));
#425=EDGE_LOOP('',(#1856));
#426=EDGE_LOOP('',(#1857));
#427=EDGE_LOOP('',(#1858,#1859,#1860,#1861));
#428=EDGE_LOOP('',(#1862,#1863,#1864,#1865));
#429=EDGE_LOOP('',(#1866,#1867,#1868,#1869));
#430=EDGE_LOOP('',(#1870,#1871,#1872,#1873));
#431=EDGE_LOOP('',(#1874,#1875,#1876,#1877));
#432=EDGE_LOOP('',(#1878,#1879,#1880,#1881));
#433=EDGE_LOOP('',(#1882,#1883,#1884,#1885));
#434=EDGE_LOOP('',(#1886,#1887,#1888,#1889));
#435=EDGE_LOOP('',(#1890,#1891,#1892,#1893));
#436=EDGE_LOOP('',(#1894,#1895,#1896,#1897,#1898,#1899,#1900,#1901,#1902,
#1903,#1904,#1905));
#437=EDGE_LOOP('',(#1906,#1907,#1908,#1909,#1910));
#438=EDGE_LOOP('',(#1911,#1912,#1913,#1914,#1915,#1916));
#439=EDGE_LOOP('',(#1917,#1918,#1919,#1920,#1921));
#440=EDGE_LOOP('',(#1922,#1923,#1924,#1925));
#441=EDGE_LOOP('',(#1926,#1927,#1928,#1929));
#442=EDGE_LOOP('',(#1930,#1931,#1932,#1933));
#443=EDGE_LOOP('',(#1934,#1935,#1936,#1937));
#444=EDGE_LOOP('',(#1938,#1939,#1940,#1941,#1942,#1943,#1944,#1945,#1946,
#1947));
#445=EDGE_LOOP('',(#1948,#1949,#1950,#1951,#1952,#1953));
#446=EDGE_LOOP('',(#1954,#1955,#1956,#1957,#1958,#1959,#1960,#1961));
#447=LINE('',#3191,#579);
#448=LINE('',#3197,#580);
#449=LINE('',#3203,#581);
#450=LINE('',#3210,#582);
#451=LINE('',#3216,#583);
#452=LINE('',#3220,#584);
#453=LINE('',#3224,#585);
#454=LINE('',#3232,#586);
#455=LINE('',#3245,#587);
#456=LINE('',#3247,#588);
#457=LINE('',#3248,#589);
#458=LINE('',#3250,#590);
#459=LINE('',#3252,#591);
#460=LINE('',#3253,#592);
#461=LINE('',#3259,#593);
#462=LINE('',#3269,#594);
#463=LINE('',#3284,#595);
#464=LINE('',#3286,#596);
#465=LINE('',#3287,#597);
#466=LINE('',#3289,#598);
#467=LINE('',#3291,#599);
#468=LINE('',#3292,#600);
#469=LINE('',#3297,#601);
#470=LINE('',#3307,#602);
#471=LINE('',#3321,#603);
#472=LINE('',#3323,#604);
#473=LINE('',#3324,#605);
#474=LINE('',#3326,#606);
#475=LINE('',#3328,#607);
#476=LINE('',#3329,#608);
#477=LINE('',#3334,#609);
#478=LINE('',#3344,#610);
#479=LINE('',#3349,#611);
#480=LINE('',#3355,#612);
#481=LINE('',#3361,#613);
#482=LINE('',#3368,#614);
#483=LINE('',#3372,#615);
#484=LINE('',#3376,#616);
#485=LINE('',#3382,#617);
#486=LINE('',#3384,#618);
#487=LINE('',#3386,#619);
#488=LINE('',#3388,#620);
#489=LINE('',#3392,#621);
#490=LINE('',#3394,#622);
#491=LINE('',#3396,#623);
#492=LINE('',#3398,#624);
#493=LINE('',#3404,#625);
#494=LINE('',#3412,#626);
#495=LINE('',#3452,#627);
#496=LINE('',#3459,#628);
#497=LINE('',#3499,#629);
#498=LINE('',#3506,#630);
#499=LINE('',#3512,#631);
#500=LINE('',#3553,#632);
#501=LINE('',#3559,#633);
#502=LINE('',#3602,#634);
#503=LINE('',#3612,#635);
#504=LINE('',#3650,#636);
#505=LINE('',#3687,#637);
#506=LINE('',#3695,#638);
#507=LINE('',#3703,#639);
#508=LINE('',#3731,#640);
#509=LINE('',#3734,#641);
#510=LINE('',#3736,#642);
#511=LINE('',#3737,#643);
#512=LINE('',#3741,#644);
#513=LINE('',#3748,#645);
#514=LINE('',#3751,#646);
#515=LINE('',#3753,#647);
#516=LINE('',#3754,#648);
#517=LINE('',#3778,#649);
#518=LINE('',#3780,#650);
#519=LINE('',#3781,#651);
#520=LINE('',#3783,#652);
#521=LINE('',#3784,#653);
#522=LINE('',#3786,#654);
#523=LINE('',#3787,#655);
#524=LINE('',#3790,#656);
#525=LINE('',#3792,#657);
#526=LINE('',#3793,#658);
#527=LINE('',#3796,#659);
#528=LINE('',#3797,#660);
#529=LINE('',#3802,#661);
#530=LINE('',#3805,#662);
#531=LINE('',#3808,#663);
#532=LINE('',#3814,#664);
#533=LINE('',#3826,#665);
#534=LINE('',#3838,#666);
#535=LINE('',#3850,#667);
#536=LINE('',#3860,#668);
#537=LINE('',#3864,#669);
#538=LINE('',#3868,#670);
#539=LINE('',#3872,#671);
#540=LINE('',#3877,#672);
#541=LINE('',#3883,#673);
#542=LINE('',#3889,#674);
#543=LINE('',#3895,#675);
#544=LINE('',#3901,#676);
#545=LINE('',#3906,#677);
#546=LINE('',#3910,#678);
#547=LINE('',#3914,#679);
#548=LINE('',#3916,#680);
#549=LINE('',#3920,#681);
#550=LINE('',#3932,#682);
#551=LINE('',#3935,#683);
#552=LINE('',#3937,#684);
#553=LINE('',#3938,#685);
#554=LINE('',#3941,#686);
#555=LINE('',#3942,#687);
#556=LINE('',#3945,#688);
#557=LINE('',#3946,#689);
#558=LINE('',#3950,#690);
#559=LINE('',#3963,#691);
#560=LINE('',#3967,#692);
#561=LINE('',#3969,#693);
#562=LINE('',#3973,#694);
#563=LINE('',#3976,#695);
#564=LINE('',#3978,#696);
#565=LINE('',#3982,#697);
#566=LINE('',#3986,#698);
#567=LINE('',#4012,#699);
#568=LINE('',#4013,#700);
#569=LINE('',#4041,#701);
#570=LINE('',#4042,#702);
#571=LINE('',#4046,#703);
#572=LINE('',#4048,#704);
#573=LINE('',#4049,#705);
#574=LINE('',#4052,#706);
#575=LINE('',#4053,#707);
#576=LINE('',#4056,#708);
#577=LINE('',#4057,#709);
#578=LINE('',#4061,#710);
#579=VECTOR('',#2472,3.);
#580=VECTOR('',#2479,3.);
#581=VECTOR('',#2486,3.);
#582=VECTOR('',#2493,10.);
#583=VECTOR('',#2498,10.);
#584=VECTOR('',#2501,10.);
#585=VECTOR('',#2504,10.);
#586=VECTOR('',#2513,3.);
#587=VECTOR('',#2528,10.);
#588=VECTOR('',#2529,10.);
#589=VECTOR('',#2530,10.);
#590=VECTOR('',#2531,10.);
#591=VECTOR('',#2532,10.);
#592=VECTOR('',#2533,10.);
#593=VECTOR('',#2540,3.);
#594=VECTOR('',#2553,3.);
#595=VECTOR('',#2570,10.);
#596=VECTOR('',#2571,10.);
#597=VECTOR('',#2572,10.);
#598=VECTOR('',#2573,10.);
#599=VECTOR('',#2574,10.);
#600=VECTOR('',#2575,10.);
#601=VECTOR('',#2582,3.);
#602=VECTOR('',#2595,3.);
#603=VECTOR('',#2610,10.);
#604=VECTOR('',#2611,10.);
#605=VECTOR('',#2612,10.);
#606=VECTOR('',#2613,10.);
#607=VECTOR('',#2614,10.);
#608=VECTOR('',#2615,10.);
#609=VECTOR('',#2622,3.);
#610=VECTOR('',#2635,3.);
#611=VECTOR('',#2640,3.);
#612=VECTOR('',#2647,3.);
#613=VECTOR('',#2654,3.);
#614=VECTOR('',#2661,10.);
#615=VECTOR('',#2664,10.);
#616=VECTOR('',#2667,10.);
#617=VECTOR('',#2672,10.);
#618=VECTOR('',#2673,10.);
#619=VECTOR('',#2674,10.);
#620=VECTOR('',#2675,10.);
#621=VECTOR('',#2678,10.);
#622=VECTOR('',#2679,10.);
#623=VECTOR('',#2680,10.);
#624=VECTOR('',#2681,10.);
#625=VECTOR('',#2688,3.);
#626=VECTOR('',#2699,2.5);
#627=VECTOR('',#2706,3.);
#628=VECTOR('',#2715,2.5);
#629=VECTOR('',#2722,3.);
#630=VECTOR('',#2731,2.5);
#631=VECTOR('',#2738,3.);
#632=VECTOR('',#2747,2.5);
#633=VECTOR('',#2754,3.);
#634=VECTOR('',#2765,2.5);
#635=VECTOR('',#2778,2.5);
#636=VECTOR('',#2783,3.);
#637=VECTOR('',#2786,3.);
#638=VECTOR('',#2797,6.5);
#639=VECTOR('',#2806,10.);
#640=VECTOR('',#2857,10.);
#641=VECTOR('',#2860,10.);
#642=VECTOR('',#2861,10.);
#643=VECTOR('',#2862,10.);
#644=VECTOR('',#2867,10.);
#645=VECTOR('',#2878,10.);
#646=VECTOR('',#2883,10.);
#647=VECTOR('',#2884,10.);
#648=VECTOR('',#2885,10.);
#649=VECTOR('',#2928,10.);
#650=VECTOR('',#2929,10.);
#651=VECTOR('',#2930,10.);
#652=VECTOR('',#2931,10.);
#653=VECTOR('',#2932,10.);
#654=VECTOR('',#2935,10.);
#655=VECTOR('',#2936,10.);
#656=VECTOR('',#2941,10.);
#657=VECTOR('',#2942,10.);
#658=VECTOR('',#2943,10.);
#659=VECTOR('',#2946,10.);
#660=VECTOR('',#2947,10.);
#661=VECTOR('',#2954,10.);
#662=VECTOR('',#2959,10.);
#663=VECTOR('',#2962,5.);
#664=VECTOR('',#2969,3.);
#665=VECTOR('',#2984,3.);
#666=VECTOR('',#2999,3.);
#667=VECTOR('',#3014,3.);
#668=VECTOR('',#3027,2.5);
#669=VECTOR('',#3032,2.5);
#670=VECTOR('',#3037,2.5);
#671=VECTOR('',#3042,2.5);
#672=VECTOR('',#3049,2.5);
#673=VECTOR('',#3058,2.5);
#674=VECTOR('',#3067,2.5);
#675=VECTOR('',#3076,2.5);
#676=VECTOR('',#3085,3.6);
#677=VECTOR('',#3090,10.);
#678=VECTOR('',#3093,10.);
#679=VECTOR('',#3098,10.);
#680=VECTOR('',#3099,10.);
#681=VECTOR('',#3104,10.);
#682=VECTOR('',#3105,10.);
#683=VECTOR('',#3108,10.);
#684=VECTOR('',#3109,10.);
#685=VECTOR('',#3110,10.);
#686=VECTOR('',#3113,10.);
#687=VECTOR('',#3114,10.);
#688=VECTOR('',#3117,10.);
#689=VECTOR('',#3118,10.);
#690=VECTOR('',#3121,10.);
#691=VECTOR('',#3122,10.);
#692=VECTOR('',#3127,10.);
#693=VECTOR('',#3128,10.);
#694=VECTOR('',#3133,10.);
#695=VECTOR('',#3136,10.);
#696=VECTOR('',#3139,10.);
#697=VECTOR('',#3142,10.);
#698=VECTOR('',#3145,10.);
#699=VECTOR('',#3150,10.);
#700=VECTOR('',#3151,10.);
#701=VECTOR('',#3160,10.);
#702=VECTOR('',#3161,10.);
#703=VECTOR('',#3166,10.);
#704=VECTOR('',#3167,10.);
#705=VECTOR('',#3168,10.);
#706=VECTOR('',#3171,10.);
#707=VECTOR('',#3172,10.);
#708=VECTOR('',#3175,10.);
#709=VECTOR('',#3176,10.);
#710=VECTOR('',#3183,10.);
#711=CIRCLE('',#2174,3.);
#712=CIRCLE('',#2175,3.);
#713=CIRCLE('',#2177,3.);
#714=CIRCLE('',#2178,3.);
#715=CIRCLE('',#2180,3.);
#716=CIRCLE('',#2181,3.);
#717=CIRCLE('',#2183,3.5);
#718=CIRCLE('',#2184,3.5);
#719=CIRCLE('',#2185,3.5);
#720=CIRCLE('',#2186,3.5);
#721=CIRCLE('',#2187,3.5);
#722=CIRCLE('',#2188,3.5);
#723=CIRCLE('',#2189,6.5);
#724=CIRCLE('',#2191,3.);
#725=CIRCLE('',#2192,3.);
#726=CIRCLE('',#2194,3.5);
#727=CIRCLE('',#2195,0.5);
#728=CIRCLE('',#2196,3.);
#729=CIRCLE('',#2197,3.);
#730=CIRCLE('',#2199,3.5);
#731=CIRCLE('',#2200,3.5);
#732=CIRCLE('',#2202,3.);
#733=CIRCLE('',#2204,0.5);
#734=CIRCLE('',#2205,3.);
#735=CIRCLE('',#2206,3.);
#736=CIRCLE('',#2208,3.);
#737=CIRCLE('',#2210,3.5);
#738=CIRCLE('',#2211,0.5);
#739=CIRCLE('',#2212,3.);
#740=CIRCLE('',#2213,3.);
#741=CIRCLE('',#2214,3.5);
#742=CIRCLE('',#2216,3.5);
#743=CIRCLE('',#2218,3.);
#744=CIRCLE('',#2220,0.5);
#745=CIRCLE('',#2221,3.);
#746=CIRCLE('',#2222,3.);
#747=CIRCLE('',#2224,3.);
#748=CIRCLE('',#2226,3.5);
#749=CIRCLE('',#2227,0.5);
#750=CIRCLE('',#2228,3.);
#751=CIRCLE('',#2229,3.);
#752=CIRCLE('',#2230,3.5);
#753=CIRCLE('',#2232,3.5);
#754=CIRCLE('',#2234,3.);
#755=CIRCLE('',#2236,0.5);
#756=CIRCLE('',#2237,3.);
#757=CIRCLE('',#2238,3.);
#758=CIRCLE('',#2240,3.);
#759=CIRCLE('',#2242,3.);
#760=CIRCLE('',#2243,3.);
#761=CIRCLE('',#2245,3.);
#762=CIRCLE('',#2246,3.);
#763=CIRCLE('',#2248,3.);
#764=CIRCLE('',#2249,3.);
#765=CIRCLE('',#2251,3.5);
#766=CIRCLE('',#2252,3.5);
#767=CIRCLE('',#2253,3.5);
#768=CIRCLE('',#2254,3.5);
#769=CIRCLE('',#2255,3.5);
#770=CIRCLE('',#2256,5.);
#771=CIRCLE('',#2257,3.5);
#772=CIRCLE('',#2259,3.);
#773=CIRCLE('',#2260,3.);
#774=CIRCLE('',#2262,2.5);
#775=CIRCLE('',#2264,2.5);
#776=CIRCLE('',#2266,3.);
#777=CIRCLE('',#2269,2.5);
#778=CIRCLE('',#2271,2.5);
#779=CIRCLE('',#2273,3.);
#780=CIRCLE('',#2276,2.5);
#781=CIRCLE('',#2278,2.5);
#782=CIRCLE('',#2280,3.);
#783=CIRCLE('',#2283,2.5);
#784=CIRCLE('',#2285,2.5);
#785=CIRCLE('',#2287,3.);
#786=CIRCLE('',#2290,3.);
#787=CIRCLE('',#2291,2.5);
#788=CIRCLE('',#2293,2.5);
#789=CIRCLE('',#2296,3.);
#790=CIRCLE('',#2297,2.5);
#791=CIRCLE('',#2299,2.5);
#792=CIRCLE('',#2304,6.5);
#793=CIRCLE('',#2305,0.5);
#794=CIRCLE('',#2306,6.);
#795=CIRCLE('',#2309,3.6);
#796=CIRCLE('',#2311,0.5);
#797=CIRCLE('',#2312,0.5);
#798=CIRCLE('',#2314,0.5);
#799=CIRCLE('',#2315,4.);
#800=CIRCLE('',#2316,0.5);
#801=CIRCLE('',#2318,0.5);
#802=CIRCLE('',#2320,0.5);
#803=CIRCLE('',#2321,4.);
#804=CIRCLE('',#2322,0.5);
#805=CIRCLE('',#2324,0.5);
#806=CIRCLE('',#2326,0.5);
#807=CIRCLE('',#2327,4.);
#808=CIRCLE('',#2328,0.5);
#809=CIRCLE('',#2330,0.5);
#810=CIRCLE('',#2332,0.5);
#811=CIRCLE('',#2333,4.);
#812=CIRCLE('',#2334,0.5);
#813=CIRCLE('',#2336,0.5);
#814=CIRCLE('',#2339,4.);
#815=CIRCLE('',#2341,4.);
#816=CIRCLE('',#2343,4.);
#817=CIRCLE('',#2345,4.);
#818=CIRCLE('',#2348,0.5);
#819=CIRCLE('',#2349,0.5);
#820=CIRCLE('',#2351,0.5);
#821=CIRCLE('',#2352,0.5);
#822=CIRCLE('',#2354,0.5);
#823=CIRCLE('',#2356,0.5);
#824=CIRCLE('',#2357,0.5);
#825=CIRCLE('',#2359,0.5);
#826=CIRCLE('',#2361,0.5);
#827=CIRCLE('',#2362,0.5);
#828=CIRCLE('',#2364,0.5);
#829=CIRCLE('',#2366,0.5);
#830=CIRCLE('',#2373,5.);
#831=CIRCLE('',#2375,5.);
#832=CIRCLE('',#2378,5.);
#833=CIRCLE('',#2380,3.);
#834=CIRCLE('',#2381,3.);
#835=CIRCLE('',#2383,2.5);
#836=CIRCLE('',#2385,2.5);
#837=CIRCLE('',#2387,3.);
#838=CIRCLE('',#2388,3.);
#839=CIRCLE('',#2390,2.5);
#840=CIRCLE('',#2392,2.5);
#841=CIRCLE('',#2394,3.);
#842=CIRCLE('',#2395,3.);
#843=CIRCLE('',#2397,2.5);
#844=CIRCLE('',#2399,2.5);
#845=CIRCLE('',#2401,3.);
#846=CIRCLE('',#2402,3.);
#847=CIRCLE('',#2404,2.5);
#848=CIRCLE('',#2406,2.5);
#849=CIRCLE('',#2408,2.5);
#850=CIRCLE('',#2410,2.5);
#851=CIRCLE('',#2412,2.5);
#852=CIRCLE('',#2414,2.5);
#853=CIRCLE('',#2416,2.5);
#854=CIRCLE('',#2420,2.5);
#855=CIRCLE('',#2424,2.5);
#856=CIRCLE('',#2428,2.5);
#857=CIRCLE('',#2432,3.6);
#858=CIRCLE('',#2435,0.5);
#859=CIRCLE('',#2448,0.5);
#860=CIRCLE('',#2450,5.00000007450581);
#861=CIRCLE('',#2451,4.);
#862=CIRCLE('',#2452,5.00000007450581);
#863=CIRCLE('',#2455,4.);
#864=CIRCLE('',#2456,5.00000007450581);
#865=CIRCLE('',#2463,5.00000007450581);
#866=VERTEX_POINT('',#3188);
#867=VERTEX_POINT('',#3190);
#868=VERTEX_POINT('',#3194);
#869=VERTEX_POINT('',#3196);
#870=VERTEX_POINT('',#3200);
#871=VERTEX_POINT('',#3202);
#872=VERTEX_POINT('',#3206);
#873=VERTEX_POINT('',#3207);
#874=VERTEX_POINT('',#3209);
#875=VERTEX_POINT('',#3211);
#876=VERTEX_POINT('',#3213);
#877=VERTEX_POINT('',#3215);
#878=VERTEX_POINT('',#3217);
#879=VERTEX_POINT('',#3219);
#880=VERTEX_POINT('',#3221);
#881=VERTEX_POINT('',#3223);
#882=VERTEX_POINT('',#3226);
#883=VERTEX_POINT('',#3229);
#884=VERTEX_POINT('',#3231);
#885=VERTEX_POINT('',#3235);
#886=VERTEX_POINT('',#3237);
#887=VERTEX_POINT('',#3239);
#888=VERTEX_POINT('',#3243);
#889=VERTEX_POINT('',#3244);
#890=VERTEX_POINT('',#3246);
#891=VERTEX_POINT('',#3249);
#892=VERTEX_POINT('',#3251);
#893=VERTEX_POINT('',#3254);
#894=VERTEX_POINT('',#3258);
#895=VERTEX_POINT('',#3262);
#896=VERTEX_POINT('',#3264);
#897=VERTEX_POINT('',#3268);
#898=VERTEX_POINT('',#3272);
#899=VERTEX_POINT('',#3273);
#900=VERTEX_POINT('',#3275);
#901=VERTEX_POINT('',#3277);
#902=VERTEX_POINT('',#3282);
#903=VERTEX_POINT('',#3283);
#904=VERTEX_POINT('',#3285);
#905=VERTEX_POINT('',#3288);
#906=VERTEX_POINT('',#3290);
#907=VERTEX_POINT('',#3295);
#908=VERTEX_POINT('',#3299);
#909=VERTEX_POINT('',#3301);
#910=VERTEX_POINT('',#3305);
#911=VERTEX_POINT('',#3309);
#912=VERTEX_POINT('',#3310);
#913=VERTEX_POINT('',#3312);
#914=VERTEX_POINT('',#3314);
#915=VERTEX_POINT('',#3319);
#916=VERTEX_POINT('',#3320);
#917=VERTEX_POINT('',#3322);
#918=VERTEX_POINT('',#3325);
#919=VERTEX_POINT('',#3327);
#920=VERTEX_POINT('',#3332);
#921=VERTEX_POINT('',#3336);
#922=VERTEX_POINT('',#3338);
#923=VERTEX_POINT('',#3342);
#924=VERTEX_POINT('',#3346);
#925=VERTEX_POINT('',#3348);
#926=VERTEX_POINT('',#3352);
#927=VERTEX_POINT('',#3354);
#928=VERTEX_POINT('',#3358);
#929=VERTEX_POINT('',#3360);
#930=VERTEX_POINT('',#3364);
#931=VERTEX_POINT('',#3365);
#932=VERTEX_POINT('',#3367);
#933=VERTEX_POINT('',#3369);
#934=VERTEX_POINT('',#3371);
#935=VERTEX_POINT('',#3373);
#936=VERTEX_POINT('',#3375);
#937=VERTEX_POINT('',#3377);
#938=VERTEX_POINT('',#3379);
#939=VERTEX_POINT('',#3381);
#940=VERTEX_POINT('',#3383);
#941=VERTEX_POINT('',#3385);
#942=VERTEX_POINT('',#3387);
#943=VERTEX_POINT('',#3389);
#944=VERTEX_POINT('',#3391);
#945=VERTEX_POINT('',#3393);
#946=VERTEX_POINT('',#3395);
#947=VERTEX_POINT('',#3397);
#948=VERTEX_POINT('',#3401);
#949=VERTEX_POINT('',#3403);
#950=VERTEX_POINT('',#3407);
#951=VERTEX_POINT('',#3410);
#952=VERTEX_POINT('',#3414);
#953=VERTEX_POINT('',#3417);
#954=VERTEX_POINT('',#3454);
#955=VERTEX_POINT('',#3457);
#956=VERTEX_POINT('',#3461);
#957=VERTEX_POINT('',#3464);
#958=VERTEX_POINT('',#3501);
#959=VERTEX_POINT('',#3504);
#960=VERTEX_POINT('',#3508);
#961=VERTEX_POINT('',#3511);
#962=VERTEX_POINT('',#3548);
#963=VERTEX_POINT('',#3551);
#964=VERTEX_POINT('',#3555);
#965=VERTEX_POINT('',#3558);
#966=VERTEX_POINT('',#3595);
#967=VERTEX_POINT('',#3597);
#968=VERTEX_POINT('',#3600);
#969=VERTEX_POINT('',#3605);
#970=VERTEX_POINT('',#3607);
#971=VERTEX_POINT('',#3610);
#972=VERTEX_POINT('',#3615);
#973=VERTEX_POINT('',#3652);
#974=VERTEX_POINT('',#3689);
#975=VERTEX_POINT('',#3691);
#976=VERTEX_POINT('',#3697);
#977=VERTEX_POINT('',#3700);
#978=VERTEX_POINT('',#3702);
#979=VERTEX_POINT('',#3725);
#980=VERTEX_POINT('',#3729);
#981=VERTEX_POINT('',#3733);
#982=VERTEX_POINT('',#3735);
#983=VERTEX_POINT('',#3739);
#984=VERTEX_POINT('',#3747);
#985=VERTEX_POINT('',#3752);
#986=VERTEX_POINT('',#3776);
#987=VERTEX_POINT('',#3777);
#988=VERTEX_POINT('',#3779);
#989=VERTEX_POINT('',#3782);
#990=VERTEX_POINT('',#3791);
#991=VERTEX_POINT('',#3795);
#992=VERTEX_POINT('',#3801);
#993=VERTEX_POINT('',#3807);
#994=VERTEX_POINT('',#3811);
#995=VERTEX_POINT('',#3813);
#996=VERTEX_POINT('',#3817);
#997=VERTEX_POINT('',#3820);
#998=VERTEX_POINT('',#3823);
#999=VERTEX_POINT('',#3825);
#1000=VERTEX_POINT('',#3829);
#1001=VERTEX_POINT('',#3832);
#1002=VERTEX_POINT('',#3835);
#1003=VERTEX_POINT('',#3837);
#1004=VERTEX_POINT('',#3841);
#1005=VERTEX_POINT('',#3844);
#1006=VERTEX_POINT('',#3847);
#1007=VERTEX_POINT('',#3849);
#1008=VERTEX_POINT('',#3853);
#1009=VERTEX_POINT('',#3856);
#1010=VERTEX_POINT('',#3859);
#1011=VERTEX_POINT('',#3863);
#1012=VERTEX_POINT('',#3867);
#1013=VERTEX_POINT('',#3871);
#1014=VERTEX_POINT('',#3875);
#1015=VERTEX_POINT('',#3881);
#1016=VERTEX_POINT('',#3887);
#1017=VERTEX_POINT('',#3893);
#1018=VERTEX_POINT('',#3899);
#1019=VERTEX_POINT('',#3904);
#1020=VERTEX_POINT('',#3905);
#1021=VERTEX_POINT('',#3907);
#1022=VERTEX_POINT('',#3909);
#1023=VERTEX_POINT('',#3913);
#1024=VERTEX_POINT('',#3915);
#1025=VERTEX_POINT('',#3919);
#1026=VERTEX_POINT('',#3921);
#1027=VERTEX_POINT('',#3934);
#1028=VERTEX_POINT('',#3936);
#1029=VERTEX_POINT('',#3940);
#1030=VERTEX_POINT('',#3944);
#1031=VERTEX_POINT('',#3948);
#1032=VERTEX_POINT('',#3949);
#1033=VERTEX_POINT('',#3951);
#1034=VERTEX_POINT('',#3962);
#1035=VERTEX_POINT('',#3966);
#1036=VERTEX_POINT('',#3968);
#1037=VERTEX_POINT('',#3972);
#1038=VERTEX_POINT('',#3974);
#1039=VERTEX_POINT('',#3979);
#1040=VERTEX_POINT('',#3981);
#1041=VERTEX_POINT('',#3983);
#1042=VERTEX_POINT('',#3985);
#1043=VERTEX_POINT('',#3989);
#1044=VERTEX_POINT('',#3990);
#1045=VERTEX_POINT('',#4001);
#1046=VERTEX_POINT('',#4015);
#1047=VERTEX_POINT('',#4017);
#1048=VERTEX_POINT('',#4028);
#1049=VERTEX_POINT('',#4045);
#1050=VERTEX_POINT('',#4047);
#1051=VERTEX_POINT('',#4051);
#1052=VERTEX_POINT('',#4055);
#1053=EDGE_CURVE('',#866,#866,#711,.T.);
#1054=EDGE_CURVE('',#866,#867,#447,.T.);
#1055=EDGE_CURVE('',#867,#867,#712,.T.);
#1056=EDGE_CURVE('',#868,#868,#713,.T.);
#1057=EDGE_CURVE('',#868,#869,#448,.T.);
#1058=EDGE_CURVE('',#869,#869,#714,.T.);
#1059=EDGE_CURVE('',#870,#870,#715,.T.);
#1060=EDGE_CURVE('',#870,#871,#449,.T.);
#1061=EDGE_CURVE('',#871,#871,#716,.T.);
#1062=EDGE_CURVE('',#872,#873,#717,.T.);
#1063=EDGE_CURVE('',#874,#872,#450,.T.);
#1064=EDGE_CURVE('',#875,#874,#718,.T.);
#1065=EDGE_CURVE('',#876,#875,#719,.T.);
#1066=EDGE_CURVE('',#877,#876,#451,.T.);
#1067=EDGE_CURVE('',#878,#877,#720,.T.);
#1068=EDGE_CURVE('',#879,#878,#452,.T.);
#1069=EDGE_CURVE('',#880,#879,#721,.T.);
#1070=EDGE_CURVE('',#881,#880,#453,.T.);
#1071=EDGE_CURVE('',#873,#881,#722,.T.);
#1072=EDGE_CURVE('',#882,#882,#723,.T.);
#1073=EDGE_CURVE('',#883,#883,#724,.T.);
#1074=EDGE_CURVE('',#883,#884,#454,.T.);
#1075=EDGE_CURVE('',#884,#884,#725,.T.);
#1076=EDGE_CURVE('',#885,#885,#726,.T.);
#1077=EDGE_CURVE('',#885,#886,#727,.T.);
#1078=EDGE_CURVE('',#886,#887,#728,.T.);
#1079=EDGE_CURVE('',#887,#886,#729,.T.);
#1080=EDGE_CURVE('',#888,#889,#455,.T.);
#1081=EDGE_CURVE('',#890,#888,#456,.T.);
#1082=EDGE_CURVE('',#885,#890,#457,.T.);
#1083=EDGE_CURVE('',#891,#885,#458,.T.);
#1084=EDGE_CURVE('',#891,#892,#459,.T.);
#1085=EDGE_CURVE('',#889,#892,#460,.T.);
#1086=EDGE_CURVE('',#893,#889,#730,.T.);
#1087=EDGE_CURVE('',#889,#893,#731,.T.);
#1088=EDGE_CURVE('',#887,#894,#461,.T.);
#1089=EDGE_CURVE('',#894,#894,#732,.T.);
#1090=EDGE_CURVE('',#893,#895,#733,.T.);
#1091=EDGE_CURVE('',#895,#896,#734,.T.);
#1092=EDGE_CURVE('',#896,#895,#735,.T.);
#1093=EDGE_CURVE('',#896,#897,#462,.T.);
#1094=EDGE_CURVE('',#897,#897,#736,.T.);
#1095=EDGE_CURVE('',#898,#899,#737,.T.);
#1096=EDGE_CURVE('',#899,#900,#738,.T.);
#1097=EDGE_CURVE('',#900,#901,#739,.T.);
#1098=EDGE_CURVE('',#901,#900,#740,.T.);
#1099=EDGE_CURVE('',#899,#898,#741,.T.);
#1100=EDGE_CURVE('',#902,#903,#463,.T.);
#1101=EDGE_CURVE('',#904,#902,#464,.T.);
#1102=EDGE_CURVE('',#898,#904,#465,.T.);
#1103=EDGE_CURVE('',#905,#898,#466,.T.);
#1104=EDGE_CURVE('',#905,#906,#467,.T.);
#1105=EDGE_CURVE('',#903,#906,#468,.T.);
#1106=EDGE_CURVE('',#903,#903,#742,.T.);
#1107=EDGE_CURVE('',#907,#907,#743,.T.);
#1108=EDGE_CURVE('',#907,#901,#469,.T.);
#1109=EDGE_CURVE('',#903,#908,#744,.T.);
#1110=EDGE_CURVE('',#908,#909,#745,.T.);
#1111=EDGE_CURVE('',#909,#908,#746,.T.);
#1112=EDGE_CURVE('',#910,#910,#747,.T.);
#1113=EDGE_CURVE('',#910,#909,#470,.T.);
#1114=EDGE_CURVE('',#911,#912,#748,.T.);
#1115=EDGE_CURVE('',#912,#913,#749,.T.);
#1116=EDGE_CURVE('',#913,#914,#750,.T.);
#1117=EDGE_CURVE('',#914,#913,#751,.T.);
#1118=EDGE_CURVE('',#912,#911,#752,.T.);
#1119=EDGE_CURVE('',#915,#916,#471,.T.);
#1120=EDGE_CURVE('',#917,#915,#472,.T.);
#1121=EDGE_CURVE('',#911,#917,#473,.T.);
#1122=EDGE_CURVE('',#918,#911,#474,.T.);
#1123=EDGE_CURVE('',#918,#919,#475,.T.);
#1124=EDGE_CURVE('',#916,#919,#476,.T.);
#1125=EDGE_CURVE('',#916,#916,#753,.T.);
#1126=EDGE_CURVE('',#920,#920,#754,.T.);
#1127=EDGE_CURVE('',#920,#914,#477,.T.);
#1128=EDGE_CURVE('',#916,#921,#755,.T.);
#1129=EDGE_CURVE('',#921,#922,#756,.T.);
#1130=EDGE_CURVE('',#922,#921,#757,.T.);
#1131=EDGE_CURVE('',#923,#923,#758,.T.);
#1132=EDGE_CURVE('',#923,#922,#478,.T.);
#1133=EDGE_CURVE('',#924,#924,#759,.T.);
#1134=EDGE_CURVE('',#924,#925,#479,.T.);
#1135=EDGE_CURVE('',#925,#925,#760,.T.);
#1136=EDGE_CURVE('',#926,#926,#761,.T.);
#1137=EDGE_CURVE('',#926,#927,#480,.T.);
#1138=EDGE_CURVE('',#927,#927,#762,.T.);
#1139=EDGE_CURVE('',#928,#928,#763,.T.);
#1140=EDGE_CURVE('',#928,#929,#481,.T.);
#1141=EDGE_CURVE('',#929,#929,#764,.T.);
#1142=EDGE_CURVE('',#930,#931,#765,.T.);
#1143=EDGE_CURVE('',#932,#930,#482,.T.);
#1144=EDGE_CURVE('',#933,#932,#766,.T.);
#1145=EDGE_CURVE('',#934,#933,#483,.T.);
#1146=EDGE_CURVE('',#935,#934,#767,.T.);
#1147=EDGE_CURVE('',#936,#935,#484,.T.);
#1148=EDGE_CURVE('',#937,#936,#768,.T.);
#1149=EDGE_CURVE('',#938,#937,#769,.T.);
#1150=EDGE_CURVE('',#939,#938,#485,.T.);
#1151=EDGE_CURVE('',#939,#940,#486,.T.);
#1152=EDGE_CURVE('',#940,#941,#487,.T.);
#1153=EDGE_CURVE('',#941,#942,#488,.T.);
#1154=EDGE_CURVE('',#942,#943,#770,.T.);
#1155=EDGE_CURVE('',#943,#944,#489,.T.);
#1156=EDGE_CURVE('',#944,#945,#490,.T.);
#1157=EDGE_CURVE('',#945,#946,#491,.T.);
#1158=EDGE_CURVE('',#947,#946,#492,.T.);
#1159=EDGE_CURVE('',#931,#947,#771,.T.);
#1160=EDGE_CURVE('',#948,#948,#772,.T.);
#1161=EDGE_CURVE('',#948,#949,#493,.T.);
#1162=EDGE_CURVE('',#949,#949,#773,.T.);
#1163=EDGE_CURVE('',#950,#950,#774,.T.);
#1164=EDGE_CURVE('',#951,#951,#775,.T.);
#1165=EDGE_CURVE('',#951,#950,#494,.T.);
#1166=EDGE_CURVE('',#952,#952,#776,.T.);
#1167=EDGE_CURVE('',#953,#953,#21,.T.);
#1168=EDGE_CURVE('',#953,#952,#495,.T.);
#1169=EDGE_CURVE('',#954,#954,#777,.T.);
#1170=EDGE_CURVE('',#955,#955,#778,.T.);
#1171=EDGE_CURVE('',#955,#954,#496,.T.);
#1172=EDGE_CURVE('',#956,#956,#779,.T.);
#1173=EDGE_CURVE('',#957,#957,#22,.T.);
#1174=EDGE_CURVE('',#957,#956,#497,.T.);
#1175=EDGE_CURVE('',#958,#958,#780,.T.);
#1176=EDGE_CURVE('',#959,#959,#781,.T.);
#1177=EDGE_CURVE('',#959,#958,#498,.T.);
#1178=EDGE_CURVE('',#960,#960,#782,.T.);
#1179=EDGE_CURVE('',#960,#961,#499,.T.);
#1180=EDGE_CURVE('',#961,#961,#23,.T.);
#1181=EDGE_CURVE('',#962,#962,#783,.T.);
#1182=EDGE_CURVE('',#963,#963,#784,.T.);
#1183=EDGE_CURVE('',#963,#962,#500,.T.);
#1184=EDGE_CURVE('',#964,#964,#785,.T.);
#1185=EDGE_CURVE('',#964,#965,#501,.T.);
#1186=EDGE_CURVE('',#965,#965,#24,.T.);
#1187=EDGE_CURVE('',#966,#966,#786,.T.);
#1188=EDGE_CURVE('',#967,#967,#787,.T.);
#1189=EDGE_CURVE('',#968,#968,#788,.T.);
#1190=EDGE_CURVE('',#968,#967,#502,.T.);
#1191=EDGE_CURVE('',#969,#969,#789,.T.);
#1192=EDGE_CURVE('',#970,#970,#790,.T.);
#1193=EDGE_CURVE('',#971,#971,#791,.T.);
#1194=EDGE_CURVE('',#971,#970,#503,.T.);
#1195=EDGE_CURVE('',#972,#972,#25,.T.);
#1196=EDGE_CURVE('',#972,#966,#504,.T.);
#1197=EDGE_CURVE('',#973,#973,#26,.T.);
#1198=EDGE_CURVE('',#973,#969,#505,.T.);
#1199=EDGE_CURVE('',#974,#974,#792,.T.);
#1200=EDGE_CURVE('',#974,#975,#793,.T.);
#1201=EDGE_CURVE('',#975,#975,#794,.T.);
#1202=EDGE_CURVE('',#882,#974,#506,.T.);
#1203=EDGE_CURVE('',#976,#976,#795,.T.);
#1204=EDGE_CURVE('',#946,#977,#796,.T.);
#1205=EDGE_CURVE('',#977,#978,#507,.T.);
#1206=EDGE_CURVE('',#978,#947,#797,.T.);
#1207=EDGE_CURVE('',#924,#931,#798,.T.);
#1208=EDGE_CURVE('',#978,#915,#799,.T.);
#1209=EDGE_CURVE('',#915,#930,#800,.T.);
#1210=EDGE_CURVE('',#919,#932,#801,.T.);
#1211=EDGE_CURVE('',#926,#933,#802,.T.);
#1212=EDGE_CURVE('',#919,#902,#803,.T.);
#1213=EDGE_CURVE('',#902,#933,#804,.T.);
#1214=EDGE_CURVE('',#906,#934,#805,.T.);
#1215=EDGE_CURVE('',#928,#934,#806,.T.);
#1216=EDGE_CURVE('',#906,#888,#807,.T.);
#1217=EDGE_CURVE('',#888,#935,#808,.T.);
#1218=EDGE_CURVE('',#892,#936,#809,.T.);
#1219=EDGE_CURVE('',#948,#937,#810,.T.);
#1220=EDGE_CURVE('',#892,#979,#811,.T.);
#1221=EDGE_CURVE('',#979,#938,#812,.T.);
#1222=EDGE_CURVE('',#980,#939,#813,.T.);
#1223=EDGE_CURVE('',#979,#980,#508,.T.);
#1224=EDGE_CURVE('',#981,#980,#509,.T.);
#1225=EDGE_CURVE('',#981,#982,#510,.T.);
#1226=EDGE_CURVE('',#982,#940,#511,.T.);
#1227=EDGE_CURVE('',#983,#891,#814,.T.);
#1228=EDGE_CURVE('',#983,#979,#512,.T.);
#1229=EDGE_CURVE('',#890,#905,#815,.T.);
#1230=EDGE_CURVE('',#904,#918,#816,.T.);
#1231=EDGE_CURVE('',#984,#978,#513,.T.);
#1232=EDGE_CURVE('',#917,#984,#817,.T.);
#1233=EDGE_CURVE('',#984,#983,#514,.T.);
#1234=EDGE_CURVE('',#977,#985,#515,.T.);
#1235=EDGE_CURVE('',#985,#981,#516,.T.);
#1236=EDGE_CURVE('',#917,#881,#818,.T.);
#1237=EDGE_CURVE('',#880,#918,#819,.T.);
#1238=EDGE_CURVE('',#879,#904,#820,.T.);
#1239=EDGE_CURVE('',#879,#884,#821,.T.);
#1240=EDGE_CURVE('',#878,#905,#822,.T.);
#1241=EDGE_CURVE('',#877,#890,#823,.T.);
#1242=EDGE_CURVE('',#878,#871,#824,.T.);
#1243=EDGE_CURVE('',#876,#891,#825,.T.);
#1244=EDGE_CURVE('',#874,#983,#826,.T.);
#1245=EDGE_CURVE('',#875,#869,#827,.T.);
#1246=EDGE_CURVE('',#872,#984,#828,.T.);
#1247=EDGE_CURVE('',#873,#867,#829,.T.);
#1248=EDGE_CURVE('',#986,#987,#517,.T.);
#1249=EDGE_CURVE('',#988,#987,#518,.T.);
#1250=EDGE_CURVE('',#945,#988,#519,.T.);
#1251=EDGE_CURVE('',#989,#944,#520,.T.);
#1252=EDGE_CURVE('',#986,#989,#521,.T.);
#1253=EDGE_CURVE('',#985,#988,#522,.T.);
#1254=EDGE_CURVE('',#987,#982,#523,.T.);
#1255=EDGE_CURVE('',#986,#987,#524,.T.);
#1256=EDGE_CURVE('',#990,#986,#525,.T.);
#1257=EDGE_CURVE('',#941,#990,#526,.T.);
#1258=EDGE_CURVE('',#990,#991,#527,.T.);
#1259=EDGE_CURVE('',#942,#991,#528,.T.);
#1260=EDGE_CURVE('',#991,#986,#830,.T.);
#1261=EDGE_CURVE('',#989,#992,#529,.T.);
#1262=EDGE_CURVE('',#986,#992,#831,.T.);
#1263=EDGE_CURVE('',#992,#943,#530,.T.);
#1264=EDGE_CURVE('',#987,#993,#531,.T.);
#1265=EDGE_CURVE('',#993,#993,#832,.T.);
#1266=EDGE_CURVE('',#994,#994,#833,.T.);
#1267=EDGE_CURVE('',#994,#995,#532,.T.);
#1268=EDGE_CURVE('',#995,#995,#834,.T.);
#1269=EDGE_CURVE('',#996,#996,#835,.T.);
#1270=EDGE_CURVE('',#997,#997,#836,.T.);
#1271=EDGE_CURVE('',#998,#998,#837,.T.);
#1272=EDGE_CURVE('',#998,#999,#533,.T.);
#1273=EDGE_CURVE('',#999,#999,#838,.T.);
#1274=EDGE_CURVE('',#1000,#1000,#839,.T.);
#1275=EDGE_CURVE('',#1001,#1001,#840,.T.);
#1276=EDGE_CURVE('',#1002,#1002,#841,.T.);
#1277=EDGE_CURVE('',#1002,#1003,#534,.T.);
#1278=EDGE_CURVE('',#1003,#1003,#842,.T.);
#1279=EDGE_CURVE('',#1004,#1004,#843,.T.);
#1280=EDGE_CURVE('',#1005,#1005,#844,.T.);
#1281=EDGE_CURVE('',#1006,#1006,#845,.T.);
#1282=EDGE_CURVE('',#1006,#1007,#535,.T.);
#1283=EDGE_CURVE('',#1007,#1007,#846,.T.);
#1284=EDGE_CURVE('',#1008,#1008,#847,.T.);
#1285=EDGE_CURVE('',#1009,#1009,#848,.T.);
#1286=EDGE_CURVE('',#997,#1010,#536,.T.);
#1287=EDGE_CURVE('',#1010,#1010,#849,.T.);
#1288=EDGE_CURVE('',#1001,#1011,#537,.T.);
#1289=EDGE_CURVE('',#1011,#1011,#850,.T.);
#1290=EDGE_CURVE('',#1005,#1012,#538,.T.);
#1291=EDGE_CURVE('',#1012,#1012,#851,.T.);
#1292=EDGE_CURVE('',#1009,#1013,#539,.T.);
#1293=EDGE_CURVE('',#1013,#1013,#852,.T.);
#1294=EDGE_CURVE('',#1014,#1014,#853,.T.);
#1295=EDGE_CURVE('',#1014,#1004,#540,.T.);
#1296=EDGE_CURVE('',#1015,#1015,#854,.T.);
#1297=EDGE_CURVE('',#1015,#1008,#541,.T.);
#1298=EDGE_CURVE('',#1016,#1016,#855,.T.);
#1299=EDGE_CURVE('',#1016,#996,#542,.T.);
#1300=EDGE_CURVE('',#1017,#1017,#856,.T.);
#1301=EDGE_CURVE('',#1017,#1000,#543,.T.);
#1302=EDGE_CURVE('',#1018,#1018,#857,.T.);
#1303=EDGE_CURVE('',#1018,#976,#544,.T.);
#1304=EDGE_CURVE('',#1019,#1020,#545,.T.);
#1305=EDGE_CURVE('',#1020,#1021,#858,.T.);
#1306=EDGE_CURVE('',#1021,#1022,#546,.T.);
#1307=EDGE_CURVE('',#1022,#1019,#13,.T.);
#1308=EDGE_CURVE('',#1023,#1019,#547,.T.);
#1309=EDGE_CURVE('',#1022,#1024,#548,.T.);
#1310=EDGE_CURVE('',#1024,#1023,#14,.T.);
#1311=EDGE_CURVE('',#1024,#1025,#549,.T.);
#1312=EDGE_CURVE('',#1025,#1026,#27,.F.);
#1313=EDGE_CURVE('',#1026,#1023,#550,.T.);
#1314=EDGE_CURVE('',#1019,#1027,#551,.T.);
#1315=EDGE_CURVE('',#1028,#1027,#552,.T.);
#1316=EDGE_CURVE('',#1020,#1028,#553,.T.);
#1317=EDGE_CURVE('',#1023,#1029,#554,.T.);
#1318=EDGE_CURVE('',#1027,#1029,#555,.T.);
#1319=EDGE_CURVE('',#1026,#1030,#556,.T.);
#1320=EDGE_CURVE('',#1029,#1030,#557,.T.);
#1321=EDGE_CURVE('',#1031,#1032,#558,.T.);
#1322=EDGE_CURVE('',#1033,#1032,#28,.T.);
#1323=EDGE_CURVE('',#1033,#1034,#559,.T.);
#1324=EDGE_CURVE('',#1034,#1031,#15,.T.);
#1325=EDGE_CURVE('',#1035,#1031,#560,.T.);
#1326=EDGE_CURVE('',#1034,#1036,#561,.T.);
#1327=EDGE_CURVE('',#1036,#1035,#16,.T.);
#1328=EDGE_CURVE('',#1036,#1037,#562,.T.);
#1329=EDGE_CURVE('',#1037,#1038,#859,.T.);
#1330=EDGE_CURVE('',#1038,#1035,#563,.T.);
#1331=EDGE_CURVE('',#1037,#1021,#564,.T.);
#1332=EDGE_CURVE('',#1039,#1033,#860,.T.);
#1333=EDGE_CURVE('',#1039,#1040,#565,.T.);
#1334=EDGE_CURVE('',#1040,#1041,#861,.T.);
#1335=EDGE_CURVE('',#1041,#1042,#566,.T.);
#1336=EDGE_CURVE('',#1025,#1042,#862,.T.);
#1337=EDGE_CURVE('',#1043,#1044,#29,.T.);
#1338=EDGE_CURVE('',#1045,#1043,#30,.T.);
#1339=EDGE_CURVE('',#1042,#1045,#567,.T.);
#1340=EDGE_CURVE('',#1041,#1044,#568,.T.);
#1341=EDGE_CURVE('',#1044,#1046,#863,.T.);
#1342=EDGE_CURVE('',#1046,#1047,#31,.T.);
#1343=EDGE_CURVE('',#1047,#1048,#32,.T.);
#1344=EDGE_CURVE('',#1048,#1045,#864,.T.);
#1345=EDGE_CURVE('',#1040,#1046,#569,.T.);
#1346=EDGE_CURVE('',#1039,#1048,#570,.T.);
#1347=EDGE_CURVE('',#1038,#1049,#571,.T.);
#1348=EDGE_CURVE('',#1050,#1049,#572,.T.);
#1349=EDGE_CURVE('',#1035,#1050,#573,.T.);
#1350=EDGE_CURVE('',#1051,#1050,#574,.T.);
#1351=EDGE_CURVE('',#1031,#1051,#575,.T.);
#1352=EDGE_CURVE('',#1052,#1051,#576,.T.);
#1353=EDGE_CURVE('',#1032,#1052,#577,.T.);
#1354=EDGE_CURVE('',#1030,#1052,#865,.T.);
#1355=EDGE_CURVE('',#1049,#1028,#578,.T.);
#1356=ORIENTED_EDGE('',*,*,#1053,.T.);
#1357=ORIENTED_EDGE('',*,*,#1054,.T.);
#1358=ORIENTED_EDGE('',*,*,#1055,.F.);
#1359=ORIENTED_EDGE('',*,*,#1054,.F.);
#1360=ORIENTED_EDGE('',*,*,#1056,.T.);
#1361=ORIENTED_EDGE('',*,*,#1057,.T.);
#1362=ORIENTED_EDGE('',*,*,#1058,.F.);
#1363=ORIENTED_EDGE('',*,*,#1057,.F.);
#1364=ORIENTED_EDGE('',*,*,#1059,.T.);
#1365=ORIENTED_EDGE('',*,*,#1060,.T.);
#1366=ORIENTED_EDGE('',*,*,#1061,.F.);
#1367=ORIENTED_EDGE('',*,*,#1060,.F.);
#1368=ORIENTED_EDGE('',*,*,#1062,.F.);
#1369=ORIENTED_EDGE('',*,*,#1063,.F.);
#1370=ORIENTED_EDGE('',*,*,#1064,.F.);
#1371=ORIENTED_EDGE('',*,*,#1065,.F.);
#1372=ORIENTED_EDGE('',*,*,#1066,.F.);
#1373=ORIENTED_EDGE('',*,*,#1067,.F.);
#1374=ORIENTED_EDGE('',*,*,#1068,.F.);
#1375=ORIENTED_EDGE('',*,*,#1069,.F.);
#1376=ORIENTED_EDGE('',*,*,#1070,.F.);
#1377=ORIENTED_EDGE('',*,*,#1071,.F.);
#1378=ORIENTED_EDGE('',*,*,#1072,.T.);
#1379=ORIENTED_EDGE('',*,*,#1073,.T.);
#1380=ORIENTED_EDGE('',*,*,#1074,.T.);
#1381=ORIENTED_EDGE('',*,*,#1075,.F.);
#1382=ORIENTED_EDGE('',*,*,#1074,.F.);
#1383=ORIENTED_EDGE('',*,*,#1076,.T.);
#1384=ORIENTED_EDGE('',*,*,#1077,.T.);
#1385=ORIENTED_EDGE('',*,*,#1078,.T.);
#1386=ORIENTED_EDGE('',*,*,#1079,.T.);
#1387=ORIENTED_EDGE('',*,*,#1077,.F.);
#1388=ORIENTED_EDGE('',*,*,#1080,.F.);
#1389=ORIENTED_EDGE('',*,*,#1081,.F.);
#1390=ORIENTED_EDGE('',*,*,#1082,.F.);
#1391=ORIENTED_EDGE('',*,*,#1076,.F.);
#1392=ORIENTED_EDGE('',*,*,#1083,.F.);
#1393=ORIENTED_EDGE('',*,*,#1084,.T.);
#1394=ORIENTED_EDGE('',*,*,#1085,.F.);
#1395=ORIENTED_EDGE('',*,*,#1086,.F.);
#1396=ORIENTED_EDGE('',*,*,#1087,.F.);
#1397=ORIENTED_EDGE('',*,*,#1079,.F.);
#1398=ORIENTED_EDGE('',*,*,#1088,.T.);
#1399=ORIENTED_EDGE('',*,*,#1089,.T.);
#1400=ORIENTED_EDGE('',*,*,#1088,.F.);
#1401=ORIENTED_EDGE('',*,*,#1078,.F.);
#1402=ORIENTED_EDGE('',*,*,#1087,.T.);
#1403=ORIENTED_EDGE('',*,*,#1090,.T.);
#1404=ORIENTED_EDGE('',*,*,#1091,.T.);
#1405=ORIENTED_EDGE('',*,*,#1092,.T.);
#1406=ORIENTED_EDGE('',*,*,#1090,.F.);
#1407=ORIENTED_EDGE('',*,*,#1086,.T.);
#1408=ORIENTED_EDGE('',*,*,#1092,.F.);
#1409=ORIENTED_EDGE('',*,*,#1093,.T.);
#1410=ORIENTED_EDGE('',*,*,#1094,.T.);
#1411=ORIENTED_EDGE('',*,*,#1093,.F.);
#1412=ORIENTED_EDGE('',*,*,#1091,.F.);
#1413=ORIENTED_EDGE('',*,*,#1095,.T.);
#1414=ORIENTED_EDGE('',*,*,#1096,.T.);
#1415=ORIENTED_EDGE('',*,*,#1097,.T.);
#1416=ORIENTED_EDGE('',*,*,#1098,.T.);
#1417=ORIENTED_EDGE('',*,*,#1096,.F.);
#1418=ORIENTED_EDGE('',*,*,#1099,.T.);
#1419=ORIENTED_EDGE('',*,*,#1100,.F.);
#1420=ORIENTED_EDGE('',*,*,#1101,.F.);
#1421=ORIENTED_EDGE('',*,*,#1102,.F.);
#1422=ORIENTED_EDGE('',*,*,#1099,.F.);
#1423=ORIENTED_EDGE('',*,*,#1095,.F.);
#1424=ORIENTED_EDGE('',*,*,#1103,.F.);
#1425=ORIENTED_EDGE('',*,*,#1104,.T.);
#1426=ORIENTED_EDGE('',*,*,#1105,.F.);
#1427=ORIENTED_EDGE('',*,*,#1106,.F.);
#1428=ORIENTED_EDGE('',*,*,#1107,.T.);
#1429=ORIENTED_EDGE('',*,*,#1108,.T.);
#1430=ORIENTED_EDGE('',*,*,#1097,.F.);
#1431=ORIENTED_EDGE('',*,*,#1098,.F.);
#1432=ORIENTED_EDGE('',*,*,#1108,.F.);
#1433=ORIENTED_EDGE('',*,*,#1106,.T.);
#1434=ORIENTED_EDGE('',*,*,#1109,.T.);
#1435=ORIENTED_EDGE('',*,*,#1110,.T.);
#1436=ORIENTED_EDGE('',*,*,#1111,.T.);
#1437=ORIENTED_EDGE('',*,*,#1109,.F.);
#1438=ORIENTED_EDGE('',*,*,#1112,.T.);
#1439=ORIENTED_EDGE('',*,*,#1113,.T.);
#1440=ORIENTED_EDGE('',*,*,#1110,.F.);
#1441=ORIENTED_EDGE('',*,*,#1111,.F.);
#1442=ORIENTED_EDGE('',*,*,#1113,.F.);
#1443=ORIENTED_EDGE('',*,*,#1114,.T.);
#1444=ORIENTED_EDGE('',*,*,#1115,.T.);
#1445=ORIENTED_EDGE('',*,*,#1116,.T.);
#1446=ORIENTED_EDGE('',*,*,#1117,.T.);
#1447=ORIENTED_EDGE('',*,*,#1115,.F.);
#1448=ORIENTED_EDGE('',*,*,#1118,.T.);
#1449=ORIENTED_EDGE('',*,*,#1119,.F.);
#1450=ORIENTED_EDGE('',*,*,#1120,.F.);
#1451=ORIENTED_EDGE('',*,*,#1121,.F.);
#1452=ORIENTED_EDGE('',*,*,#1118,.F.);
#1453=ORIENTED_EDGE('',*,*,#1114,.F.);
#1454=ORIENTED_EDGE('',*,*,#1122,.F.);
#1455=ORIENTED_EDGE('',*,*,#1123,.T.);
#1456=ORIENTED_EDGE('',*,*,#1124,.F.);
#1457=ORIENTED_EDGE('',*,*,#1125,.F.);
#1458=ORIENTED_EDGE('',*,*,#1126,.T.);
#1459=ORIENTED_EDGE('',*,*,#1127,.T.);
#1460=ORIENTED_EDGE('',*,*,#1116,.F.);
#1461=ORIENTED_EDGE('',*,*,#1117,.F.);
#1462=ORIENTED_EDGE('',*,*,#1127,.F.);
#1463=ORIENTED_EDGE('',*,*,#1125,.T.);
#1464=ORIENTED_EDGE('',*,*,#1128,.T.);
#1465=ORIENTED_EDGE('',*,*,#1129,.T.);
#1466=ORIENTED_EDGE('',*,*,#1130,.T.);
#1467=ORIENTED_EDGE('',*,*,#1128,.F.);
#1468=ORIENTED_EDGE('',*,*,#1131,.T.);
#1469=ORIENTED_EDGE('',*,*,#1132,.T.);
#1470=ORIENTED_EDGE('',*,*,#1129,.F.);
#1471=ORIENTED_EDGE('',*,*,#1130,.F.);
#1472=ORIENTED_EDGE('',*,*,#1132,.F.);
#1473=ORIENTED_EDGE('',*,*,#1133,.F.);
#1474=ORIENTED_EDGE('',*,*,#1134,.T.);
#1475=ORIENTED_EDGE('',*,*,#1135,.T.);
#1476=ORIENTED_EDGE('',*,*,#1134,.F.);
#1477=ORIENTED_EDGE('',*,*,#1136,.F.);
#1478=ORIENTED_EDGE('',*,*,#1137,.T.);
#1479=ORIENTED_EDGE('',*,*,#1138,.T.);
#1480=ORIENTED_EDGE('',*,*,#1137,.F.);
#1481=ORIENTED_EDGE('',*,*,#1139,.F.);
#1482=ORIENTED_EDGE('',*,*,#1140,.T.);
#1483=ORIENTED_EDGE('',*,*,#1141,.T.);
#1484=ORIENTED_EDGE('',*,*,#1140,.F.);
#1485=ORIENTED_EDGE('',*,*,#1142,.F.);
#1486=ORIENTED_EDGE('',*,*,#1143,.F.);
#1487=ORIENTED_EDGE('',*,*,#1144,.F.);
#1488=ORIENTED_EDGE('',*,*,#1145,.F.);
#1489=ORIENTED_EDGE('',*,*,#1146,.F.);
#1490=ORIENTED_EDGE('',*,*,#1147,.F.);
#1491=ORIENTED_EDGE('',*,*,#1148,.F.);
#1492=ORIENTED_EDGE('',*,*,#1149,.F.);
#1493=ORIENTED_EDGE('',*,*,#1150,.F.);
#1494=ORIENTED_EDGE('',*,*,#1151,.T.);
#1495=ORIENTED_EDGE('',*,*,#1152,.T.);
#1496=ORIENTED_EDGE('',*,*,#1153,.T.);
#1497=ORIENTED_EDGE('',*,*,#1154,.T.);
#1498=ORIENTED_EDGE('',*,*,#1155,.T.);
#1499=ORIENTED_EDGE('',*,*,#1156,.T.);
#1500=ORIENTED_EDGE('',*,*,#1157,.T.);
#1501=ORIENTED_EDGE('',*,*,#1158,.F.);
#1502=ORIENTED_EDGE('',*,*,#1159,.F.);
#1503=ORIENTED_EDGE('',*,*,#1160,.F.);
#1504=ORIENTED_EDGE('',*,*,#1161,.T.);
#1505=ORIENTED_EDGE('',*,*,#1162,.T.);
#1506=ORIENTED_EDGE('',*,*,#1161,.F.);
#1507=ORIENTED_EDGE('',*,*,#1112,.F.);
#1508=ORIENTED_EDGE('',*,*,#1163,.T.);
#1509=ORIENTED_EDGE('',*,*,#1164,.F.);
#1510=ORIENTED_EDGE('',*,*,#1165,.T.);
#1511=ORIENTED_EDGE('',*,*,#1163,.F.);
#1512=ORIENTED_EDGE('',*,*,#1165,.F.);
#1513=ORIENTED_EDGE('',*,*,#1166,.F.);
#1514=ORIENTED_EDGE('',*,*,#1164,.T.);
#1515=ORIENTED_EDGE('',*,*,#1167,.F.);
#1516=ORIENTED_EDGE('',*,*,#1168,.T.);
#1517=ORIENTED_EDGE('',*,*,#1166,.T.);
#1518=ORIENTED_EDGE('',*,*,#1168,.F.);
#1519=ORIENTED_EDGE('',*,*,#1107,.F.);
#1520=ORIENTED_EDGE('',*,*,#1169,.T.);
#1521=ORIENTED_EDGE('',*,*,#1170,.F.);
#1522=ORIENTED_EDGE('',*,*,#1171,.T.);
#1523=ORIENTED_EDGE('',*,*,#1169,.F.);
#1524=ORIENTED_EDGE('',*,*,#1171,.F.);
#1525=ORIENTED_EDGE('',*,*,#1172,.F.);
#1526=ORIENTED_EDGE('',*,*,#1170,.T.);
#1527=ORIENTED_EDGE('',*,*,#1173,.F.);
#1528=ORIENTED_EDGE('',*,*,#1174,.T.);
#1529=ORIENTED_EDGE('',*,*,#1172,.T.);
#1530=ORIENTED_EDGE('',*,*,#1174,.F.);
#1531=ORIENTED_EDGE('',*,*,#1089,.F.);
#1532=ORIENTED_EDGE('',*,*,#1175,.T.);
#1533=ORIENTED_EDGE('',*,*,#1176,.F.);
#1534=ORIENTED_EDGE('',*,*,#1177,.T.);
#1535=ORIENTED_EDGE('',*,*,#1175,.F.);
#1536=ORIENTED_EDGE('',*,*,#1177,.F.);
#1537=ORIENTED_EDGE('',*,*,#1178,.F.);
#1538=ORIENTED_EDGE('',*,*,#1176,.T.);
#1539=ORIENTED_EDGE('',*,*,#1178,.T.);
#1540=ORIENTED_EDGE('',*,*,#1179,.T.);
#1541=ORIENTED_EDGE('',*,*,#1180,.F.);
#1542=ORIENTED_EDGE('',*,*,#1179,.F.);
#1543=ORIENTED_EDGE('',*,*,#1094,.F.);
#1544=ORIENTED_EDGE('',*,*,#1181,.T.);
#1545=ORIENTED_EDGE('',*,*,#1182,.F.);
#1546=ORIENTED_EDGE('',*,*,#1183,.T.);
#1547=ORIENTED_EDGE('',*,*,#1181,.F.);
#1548=ORIENTED_EDGE('',*,*,#1183,.F.);
#1549=ORIENTED_EDGE('',*,*,#1184,.F.);
#1550=ORIENTED_EDGE('',*,*,#1182,.T.);
#1551=ORIENTED_EDGE('',*,*,#1184,.T.);
#1552=ORIENTED_EDGE('',*,*,#1185,.T.);
#1553=ORIENTED_EDGE('',*,*,#1186,.F.);
#1554=ORIENTED_EDGE('',*,*,#1185,.F.);
#1555=ORIENTED_EDGE('',*,*,#1187,.F.);
#1556=ORIENTED_EDGE('',*,*,#1188,.T.);
#1557=ORIENTED_EDGE('',*,*,#1189,.F.);
#1558=ORIENTED_EDGE('',*,*,#1190,.T.);
#1559=ORIENTED_EDGE('',*,*,#1188,.F.);
#1560=ORIENTED_EDGE('',*,*,#1190,.F.);
#1561=ORIENTED_EDGE('',*,*,#1131,.F.);
#1562=ORIENTED_EDGE('',*,*,#1189,.T.);
#1563=ORIENTED_EDGE('',*,*,#1191,.F.);
#1564=ORIENTED_EDGE('',*,*,#1192,.T.);
#1565=ORIENTED_EDGE('',*,*,#1193,.F.);
#1566=ORIENTED_EDGE('',*,*,#1194,.T.);
#1567=ORIENTED_EDGE('',*,*,#1192,.F.);
#1568=ORIENTED_EDGE('',*,*,#1194,.F.);
#1569=ORIENTED_EDGE('',*,*,#1126,.F.);
#1570=ORIENTED_EDGE('',*,*,#1193,.T.);
#1571=ORIENTED_EDGE('',*,*,#1195,.F.);
#1572=ORIENTED_EDGE('',*,*,#1196,.T.);
#1573=ORIENTED_EDGE('',*,*,#1187,.T.);
#1574=ORIENTED_EDGE('',*,*,#1196,.F.);
#1575=ORIENTED_EDGE('',*,*,#1197,.F.);
#1576=ORIENTED_EDGE('',*,*,#1198,.T.);
#1577=ORIENTED_EDGE('',*,*,#1191,.T.);
#1578=ORIENTED_EDGE('',*,*,#1198,.F.);
#1579=ORIENTED_EDGE('',*,*,#1199,.T.);
#1580=ORIENTED_EDGE('',*,*,#1200,.T.);
#1581=ORIENTED_EDGE('',*,*,#1201,.T.);
#1582=ORIENTED_EDGE('',*,*,#1200,.F.);
#1583=ORIENTED_EDGE('',*,*,#1072,.F.);
#1584=ORIENTED_EDGE('',*,*,#1202,.T.);
#1585=ORIENTED_EDGE('',*,*,#1199,.F.);
#1586=ORIENTED_EDGE('',*,*,#1202,.F.);
#1587=ORIENTED_EDGE('',*,*,#1201,.F.);
#1588=ORIENTED_EDGE('',*,*,#1203,.F.);
#1589=ORIENTED_EDGE('',*,*,#1204,.T.);
#1590=ORIENTED_EDGE('',*,*,#1205,.T.);
#1591=ORIENTED_EDGE('',*,*,#1206,.T.);
#1592=ORIENTED_EDGE('',*,*,#1158,.T.);
#1593=ORIENTED_EDGE('',*,*,#1133,.T.);
#1594=ORIENTED_EDGE('',*,*,#1207,.T.);
#1595=ORIENTED_EDGE('',*,*,#1159,.T.);
#1596=ORIENTED_EDGE('',*,*,#1206,.F.);
#1597=ORIENTED_EDGE('',*,*,#1208,.T.);
#1598=ORIENTED_EDGE('',*,*,#1209,.T.);
#1599=ORIENTED_EDGE('',*,*,#1142,.T.);
#1600=ORIENTED_EDGE('',*,*,#1207,.F.);
#1601=ORIENTED_EDGE('',*,*,#1210,.T.);
#1602=ORIENTED_EDGE('',*,*,#1143,.T.);
#1603=ORIENTED_EDGE('',*,*,#1209,.F.);
#1604=ORIENTED_EDGE('',*,*,#1119,.T.);
#1605=ORIENTED_EDGE('',*,*,#1124,.T.);
#1606=ORIENTED_EDGE('',*,*,#1136,.T.);
#1607=ORIENTED_EDGE('',*,*,#1211,.T.);
#1608=ORIENTED_EDGE('',*,*,#1144,.T.);
#1609=ORIENTED_EDGE('',*,*,#1210,.F.);
#1610=ORIENTED_EDGE('',*,*,#1212,.T.);
#1611=ORIENTED_EDGE('',*,*,#1213,.T.);
#1612=ORIENTED_EDGE('',*,*,#1211,.F.);
#1613=ORIENTED_EDGE('',*,*,#1214,.T.);
#1614=ORIENTED_EDGE('',*,*,#1145,.T.);
#1615=ORIENTED_EDGE('',*,*,#1213,.F.);
#1616=ORIENTED_EDGE('',*,*,#1100,.T.);
#1617=ORIENTED_EDGE('',*,*,#1105,.T.);
#1618=ORIENTED_EDGE('',*,*,#1139,.T.);
#1619=ORIENTED_EDGE('',*,*,#1215,.T.);
#1620=ORIENTED_EDGE('',*,*,#1214,.F.);
#1621=ORIENTED_EDGE('',*,*,#1216,.T.);
#1622=ORIENTED_EDGE('',*,*,#1217,.T.);
#1623=ORIENTED_EDGE('',*,*,#1146,.T.);
#1624=ORIENTED_EDGE('',*,*,#1215,.F.);
#1625=ORIENTED_EDGE('',*,*,#1218,.T.);
#1626=ORIENTED_EDGE('',*,*,#1147,.T.);
#1627=ORIENTED_EDGE('',*,*,#1217,.F.);
#1628=ORIENTED_EDGE('',*,*,#1080,.T.);
#1629=ORIENTED_EDGE('',*,*,#1085,.T.);
#1630=ORIENTED_EDGE('',*,*,#1160,.T.);
#1631=ORIENTED_EDGE('',*,*,#1219,.T.);
#1632=ORIENTED_EDGE('',*,*,#1148,.T.);
#1633=ORIENTED_EDGE('',*,*,#1218,.F.);
#1634=ORIENTED_EDGE('',*,*,#1220,.T.);
#1635=ORIENTED_EDGE('',*,*,#1221,.T.);
#1636=ORIENTED_EDGE('',*,*,#1149,.T.);
#1637=ORIENTED_EDGE('',*,*,#1219,.F.);
#1638=ORIENTED_EDGE('',*,*,#1222,.T.);
#1639=ORIENTED_EDGE('',*,*,#1150,.T.);
#1640=ORIENTED_EDGE('',*,*,#1221,.F.);
#1641=ORIENTED_EDGE('',*,*,#1223,.T.);
#1642=ORIENTED_EDGE('',*,*,#1222,.F.);
#1643=ORIENTED_EDGE('',*,*,#1224,.F.);
#1644=ORIENTED_EDGE('',*,*,#1225,.T.);
#1645=ORIENTED_EDGE('',*,*,#1226,.T.);
#1646=ORIENTED_EDGE('',*,*,#1151,.F.);
#1647=ORIENTED_EDGE('',*,*,#1220,.F.);
#1648=ORIENTED_EDGE('',*,*,#1084,.F.);
#1649=ORIENTED_EDGE('',*,*,#1227,.F.);
#1650=ORIENTED_EDGE('',*,*,#1228,.T.);
#1651=ORIENTED_EDGE('',*,*,#1216,.F.);
#1652=ORIENTED_EDGE('',*,*,#1104,.F.);
#1653=ORIENTED_EDGE('',*,*,#1229,.F.);
#1654=ORIENTED_EDGE('',*,*,#1081,.T.);
#1655=ORIENTED_EDGE('',*,*,#1212,.F.);
#1656=ORIENTED_EDGE('',*,*,#1123,.F.);
#1657=ORIENTED_EDGE('',*,*,#1230,.F.);
#1658=ORIENTED_EDGE('',*,*,#1101,.T.);
#1659=ORIENTED_EDGE('',*,*,#1208,.F.);
#1660=ORIENTED_EDGE('',*,*,#1231,.F.);
#1661=ORIENTED_EDGE('',*,*,#1232,.F.);
#1662=ORIENTED_EDGE('',*,*,#1120,.T.);
#1663=ORIENTED_EDGE('',*,*,#1223,.F.);
#1664=ORIENTED_EDGE('',*,*,#1228,.F.);
#1665=ORIENTED_EDGE('',*,*,#1233,.F.);
#1666=ORIENTED_EDGE('',*,*,#1231,.T.);
#1667=ORIENTED_EDGE('',*,*,#1205,.F.);
#1668=ORIENTED_EDGE('',*,*,#1234,.T.);
#1669=ORIENTED_EDGE('',*,*,#1235,.T.);
#1670=ORIENTED_EDGE('',*,*,#1224,.T.);
#1671=ORIENTED_EDGE('',*,*,#1236,.T.);
#1672=ORIENTED_EDGE('',*,*,#1070,.T.);
#1673=ORIENTED_EDGE('',*,*,#1237,.T.);
#1674=ORIENTED_EDGE('',*,*,#1122,.T.);
#1675=ORIENTED_EDGE('',*,*,#1121,.T.);
#1676=ORIENTED_EDGE('',*,*,#1238,.T.);
#1677=ORIENTED_EDGE('',*,*,#1230,.T.);
#1678=ORIENTED_EDGE('',*,*,#1237,.F.);
#1679=ORIENTED_EDGE('',*,*,#1069,.T.);
#1680=ORIENTED_EDGE('',*,*,#1239,.T.);
#1681=ORIENTED_EDGE('',*,*,#1075,.T.);
#1682=ORIENTED_EDGE('',*,*,#1239,.F.);
#1683=ORIENTED_EDGE('',*,*,#1240,.T.);
#1684=ORIENTED_EDGE('',*,*,#1103,.T.);
#1685=ORIENTED_EDGE('',*,*,#1102,.T.);
#1686=ORIENTED_EDGE('',*,*,#1238,.F.);
#1687=ORIENTED_EDGE('',*,*,#1068,.T.);
#1688=ORIENTED_EDGE('',*,*,#1241,.T.);
#1689=ORIENTED_EDGE('',*,*,#1229,.T.);
#1690=ORIENTED_EDGE('',*,*,#1240,.F.);
#1691=ORIENTED_EDGE('',*,*,#1242,.T.);
#1692=ORIENTED_EDGE('',*,*,#1061,.T.);
#1693=ORIENTED_EDGE('',*,*,#1242,.F.);
#1694=ORIENTED_EDGE('',*,*,#1067,.T.);
#1695=ORIENTED_EDGE('',*,*,#1243,.T.);
#1696=ORIENTED_EDGE('',*,*,#1083,.T.);
#1697=ORIENTED_EDGE('',*,*,#1082,.T.);
#1698=ORIENTED_EDGE('',*,*,#1241,.F.);
#1699=ORIENTED_EDGE('',*,*,#1066,.T.);
#1700=ORIENTED_EDGE('',*,*,#1244,.T.);
#1701=ORIENTED_EDGE('',*,*,#1227,.T.);
#1702=ORIENTED_EDGE('',*,*,#1243,.F.);
#1703=ORIENTED_EDGE('',*,*,#1065,.T.);
#1704=ORIENTED_EDGE('',*,*,#1245,.T.);
#1705=ORIENTED_EDGE('',*,*,#1058,.T.);
#1706=ORIENTED_EDGE('',*,*,#1245,.F.);
#1707=ORIENTED_EDGE('',*,*,#1064,.T.);
#1708=ORIENTED_EDGE('',*,*,#1246,.T.);
#1709=ORIENTED_EDGE('',*,*,#1233,.T.);
#1710=ORIENTED_EDGE('',*,*,#1244,.F.);
#1711=ORIENTED_EDGE('',*,*,#1063,.T.);
#1712=ORIENTED_EDGE('',*,*,#1236,.F.);
#1713=ORIENTED_EDGE('',*,*,#1232,.T.);
#1714=ORIENTED_EDGE('',*,*,#1246,.F.);
#1715=ORIENTED_EDGE('',*,*,#1062,.T.);
#1716=ORIENTED_EDGE('',*,*,#1247,.T.);
#1717=ORIENTED_EDGE('',*,*,#1055,.T.);
#1718=ORIENTED_EDGE('',*,*,#1247,.F.);
#1719=ORIENTED_EDGE('',*,*,#1071,.T.);
#1720=ORIENTED_EDGE('',*,*,#1248,.T.);
#1721=ORIENTED_EDGE('',*,*,#1249,.F.);
#1722=ORIENTED_EDGE('',*,*,#1250,.F.);
#1723=ORIENTED_EDGE('',*,*,#1156,.F.);
#1724=ORIENTED_EDGE('',*,*,#1251,.F.);
#1725=ORIENTED_EDGE('',*,*,#1252,.F.);
#1726=ORIENTED_EDGE('',*,*,#1235,.F.);
#1727=ORIENTED_EDGE('',*,*,#1253,.T.);
#1728=ORIENTED_EDGE('',*,*,#1249,.T.);
#1729=ORIENTED_EDGE('',*,*,#1254,.T.);
#1730=ORIENTED_EDGE('',*,*,#1225,.F.);
#1731=ORIENTED_EDGE('',*,*,#1204,.F.);
#1732=ORIENTED_EDGE('',*,*,#1157,.F.);
#1733=ORIENTED_EDGE('',*,*,#1250,.T.);
#1734=ORIENTED_EDGE('',*,*,#1253,.F.);
#1735=ORIENTED_EDGE('',*,*,#1234,.F.);
#1736=ORIENTED_EDGE('',*,*,#1255,.F.);
#1737=ORIENTED_EDGE('',*,*,#1256,.F.);
#1738=ORIENTED_EDGE('',*,*,#1257,.F.);
#1739=ORIENTED_EDGE('',*,*,#1152,.F.);
#1740=ORIENTED_EDGE('',*,*,#1226,.F.);
#1741=ORIENTED_EDGE('',*,*,#1254,.F.);
#1742=ORIENTED_EDGE('',*,*,#1257,.T.);
#1743=ORIENTED_EDGE('',*,*,#1258,.T.);
#1744=ORIENTED_EDGE('',*,*,#1259,.F.);
#1745=ORIENTED_EDGE('',*,*,#1153,.F.);
#1746=ORIENTED_EDGE('',*,*,#1256,.T.);
#1747=ORIENTED_EDGE('',*,*,#1260,.F.);
#1748=ORIENTED_EDGE('',*,*,#1258,.F.);
#1749=ORIENTED_EDGE('',*,*,#1252,.T.);
#1750=ORIENTED_EDGE('',*,*,#1261,.T.);
#1751=ORIENTED_EDGE('',*,*,#1262,.F.);
#1752=ORIENTED_EDGE('',*,*,#1251,.T.);
#1753=ORIENTED_EDGE('',*,*,#1155,.F.);
#1754=ORIENTED_EDGE('',*,*,#1263,.F.);
#1755=ORIENTED_EDGE('',*,*,#1261,.F.);
#1756=ORIENTED_EDGE('',*,*,#1259,.T.);
#1757=ORIENTED_EDGE('',*,*,#1260,.T.);
#1758=ORIENTED_EDGE('',*,*,#1255,.T.);
#1759=ORIENTED_EDGE('',*,*,#1264,.T.);
#1760=ORIENTED_EDGE('',*,*,#1265,.F.);
#1761=ORIENTED_EDGE('',*,*,#1264,.F.);
#1762=ORIENTED_EDGE('',*,*,#1248,.F.);
#1763=ORIENTED_EDGE('',*,*,#1262,.T.);
#1764=ORIENTED_EDGE('',*,*,#1263,.T.);
#1765=ORIENTED_EDGE('',*,*,#1154,.F.);
#1766=ORIENTED_EDGE('',*,*,#1167,.T.);
#1767=ORIENTED_EDGE('',*,*,#1173,.T.);
#1768=ORIENTED_EDGE('',*,*,#1195,.T.);
#1769=ORIENTED_EDGE('',*,*,#1186,.T.);
#1770=ORIENTED_EDGE('',*,*,#1197,.T.);
#1771=ORIENTED_EDGE('',*,*,#1180,.T.);
#1772=ORIENTED_EDGE('',*,*,#1266,.F.);
#1773=ORIENTED_EDGE('',*,*,#1267,.T.);
#1774=ORIENTED_EDGE('',*,*,#1268,.T.);
#1775=ORIENTED_EDGE('',*,*,#1267,.F.);
#1776=ORIENTED_EDGE('',*,*,#1268,.F.);
#1777=ORIENTED_EDGE('',*,*,#1269,.F.);
#1778=ORIENTED_EDGE('',*,*,#1266,.T.);
#1779=ORIENTED_EDGE('',*,*,#1270,.F.);
#1780=ORIENTED_EDGE('',*,*,#1271,.F.);
#1781=ORIENTED_EDGE('',*,*,#1272,.T.);
#1782=ORIENTED_EDGE('',*,*,#1273,.T.);
#1783=ORIENTED_EDGE('',*,*,#1272,.F.);
#1784=ORIENTED_EDGE('',*,*,#1273,.F.);
#1785=ORIENTED_EDGE('',*,*,#1274,.F.);
#1786=ORIENTED_EDGE('',*,*,#1271,.T.);
#1787=ORIENTED_EDGE('',*,*,#1275,.F.);
#1788=ORIENTED_EDGE('',*,*,#1276,.F.);
#1789=ORIENTED_EDGE('',*,*,#1277,.T.);
#1790=ORIENTED_EDGE('',*,*,#1278,.T.);
#1791=ORIENTED_EDGE('',*,*,#1277,.F.);
#1792=ORIENTED_EDGE('',*,*,#1278,.F.);
#1793=ORIENTED_EDGE('',*,*,#1279,.F.);
#1794=ORIENTED_EDGE('',*,*,#1276,.T.);
#1795=ORIENTED_EDGE('',*,*,#1280,.F.);
#1796=ORIENTED_EDGE('',*,*,#1281,.F.);
#1797=ORIENTED_EDGE('',*,*,#1282,.T.);
#1798=ORIENTED_EDGE('',*,*,#1283,.T.);
#1799=ORIENTED_EDGE('',*,*,#1282,.F.);
#1800=ORIENTED_EDGE('',*,*,#1283,.F.);
#1801=ORIENTED_EDGE('',*,*,#1284,.F.);
#1802=ORIENTED_EDGE('',*,*,#1281,.T.);
#1803=ORIENTED_EDGE('',*,*,#1285,.F.);
#1804=ORIENTED_EDGE('',*,*,#1270,.T.);
#1805=ORIENTED_EDGE('',*,*,#1286,.T.);
#1806=ORIENTED_EDGE('',*,*,#1287,.T.);
#1807=ORIENTED_EDGE('',*,*,#1286,.F.);
#1808=ORIENTED_EDGE('',*,*,#1275,.T.);
#1809=ORIENTED_EDGE('',*,*,#1288,.T.);
#1810=ORIENTED_EDGE('',*,*,#1289,.T.);
#1811=ORIENTED_EDGE('',*,*,#1288,.F.);
#1812=ORIENTED_EDGE('',*,*,#1280,.T.);
#1813=ORIENTED_EDGE('',*,*,#1290,.T.);
#1814=ORIENTED_EDGE('',*,*,#1291,.T.);
#1815=ORIENTED_EDGE('',*,*,#1290,.F.);
#1816=ORIENTED_EDGE('',*,*,#1285,.T.);
#1817=ORIENTED_EDGE('',*,*,#1292,.T.);
#1818=ORIENTED_EDGE('',*,*,#1293,.T.);
#1819=ORIENTED_EDGE('',*,*,#1292,.F.);
#1820=ORIENTED_EDGE('',*,*,#1294,.F.);
#1821=ORIENTED_EDGE('',*,*,#1295,.T.);
#1822=ORIENTED_EDGE('',*,*,#1279,.T.);
#1823=ORIENTED_EDGE('',*,*,#1295,.F.);
#1824=ORIENTED_EDGE('',*,*,#1135,.F.);
#1825=ORIENTED_EDGE('',*,*,#1294,.T.);
#1826=ORIENTED_EDGE('',*,*,#1053,.F.);
#1827=ORIENTED_EDGE('',*,*,#1291,.F.);
#1828=ORIENTED_EDGE('',*,*,#1296,.F.);
#1829=ORIENTED_EDGE('',*,*,#1297,.T.);
#1830=ORIENTED_EDGE('',*,*,#1284,.T.);
#1831=ORIENTED_EDGE('',*,*,#1297,.F.);
#1832=ORIENTED_EDGE('',*,*,#1162,.F.);
#1833=ORIENTED_EDGE('',*,*,#1296,.T.);
#1834=ORIENTED_EDGE('',*,*,#1056,.F.);
#1835=ORIENTED_EDGE('',*,*,#1293,.F.);
#1836=ORIENTED_EDGE('',*,*,#1298,.F.);
#1837=ORIENTED_EDGE('',*,*,#1299,.T.);
#1838=ORIENTED_EDGE('',*,*,#1269,.T.);
#1839=ORIENTED_EDGE('',*,*,#1299,.F.);
#1840=ORIENTED_EDGE('',*,*,#1138,.F.);
#1841=ORIENTED_EDGE('',*,*,#1298,.T.);
#1842=ORIENTED_EDGE('',*,*,#1073,.F.);
#1843=ORIENTED_EDGE('',*,*,#1287,.F.);
#1844=ORIENTED_EDGE('',*,*,#1300,.F.);
#1845=ORIENTED_EDGE('',*,*,#1301,.T.);
#1846=ORIENTED_EDGE('',*,*,#1274,.T.);
#1847=ORIENTED_EDGE('',*,*,#1301,.F.);
#1848=ORIENTED_EDGE('',*,*,#1141,.F.);
#1849=ORIENTED_EDGE('',*,*,#1300,.T.);
#1850=ORIENTED_EDGE('',*,*,#1059,.F.);
#1851=ORIENTED_EDGE('',*,*,#1289,.F.);
#1852=ORIENTED_EDGE('',*,*,#1302,.F.);
#1853=ORIENTED_EDGE('',*,*,#1303,.T.);
#1854=ORIENTED_EDGE('',*,*,#1203,.T.);
#1855=ORIENTED_EDGE('',*,*,#1303,.F.);
#1856=ORIENTED_EDGE('',*,*,#1265,.T.);
#1857=ORIENTED_EDGE('',*,*,#1302,.T.);
#1858=ORIENTED_EDGE('',*,*,#1304,.T.);
#1859=ORIENTED_EDGE('',*,*,#1305,.T.);
#1860=ORIENTED_EDGE('',*,*,#1306,.T.);
#1861=ORIENTED_EDGE('',*,*,#1307,.T.);
#1862=ORIENTED_EDGE('',*,*,#1308,.T.);
#1863=ORIENTED_EDGE('',*,*,#1307,.F.);
#1864=ORIENTED_EDGE('',*,*,#1309,.T.);
#1865=ORIENTED_EDGE('',*,*,#1310,.T.);
#1866=ORIENTED_EDGE('',*,*,#1311,.T.);
#1867=ORIENTED_EDGE('',*,*,#1312,.T.);
#1868=ORIENTED_EDGE('',*,*,#1313,.T.);
#1869=ORIENTED_EDGE('',*,*,#1310,.F.);
#1870=ORIENTED_EDGE('',*,*,#1304,.F.);
#1871=ORIENTED_EDGE('',*,*,#1314,.T.);
#1872=ORIENTED_EDGE('',*,*,#1315,.F.);
#1873=ORIENTED_EDGE('',*,*,#1316,.F.);
#1874=ORIENTED_EDGE('',*,*,#1308,.F.);
#1875=ORIENTED_EDGE('',*,*,#1317,.T.);
#1876=ORIENTED_EDGE('',*,*,#1318,.F.);
#1877=ORIENTED_EDGE('',*,*,#1314,.F.);
#1878=ORIENTED_EDGE('',*,*,#1313,.F.);
#1879=ORIENTED_EDGE('',*,*,#1319,.T.);
#1880=ORIENTED_EDGE('',*,*,#1320,.F.);
#1881=ORIENTED_EDGE('',*,*,#1317,.F.);
#1882=ORIENTED_EDGE('',*,*,#1321,.T.);
#1883=ORIENTED_EDGE('',*,*,#1322,.F.);
#1884=ORIENTED_EDGE('',*,*,#1323,.T.);
#1885=ORIENTED_EDGE('',*,*,#1324,.T.);
#1886=ORIENTED_EDGE('',*,*,#1325,.T.);
#1887=ORIENTED_EDGE('',*,*,#1324,.F.);
#1888=ORIENTED_EDGE('',*,*,#1326,.T.);
#1889=ORIENTED_EDGE('',*,*,#1327,.T.);
#1890=ORIENTED_EDGE('',*,*,#1328,.T.);
#1891=ORIENTED_EDGE('',*,*,#1329,.T.);
#1892=ORIENTED_EDGE('',*,*,#1330,.T.);
#1893=ORIENTED_EDGE('',*,*,#1327,.F.);
#1894=ORIENTED_EDGE('',*,*,#1306,.F.);
#1895=ORIENTED_EDGE('',*,*,#1331,.F.);
#1896=ORIENTED_EDGE('',*,*,#1328,.F.);
#1897=ORIENTED_EDGE('',*,*,#1326,.F.);
#1898=ORIENTED_EDGE('',*,*,#1323,.F.);
#1899=ORIENTED_EDGE('',*,*,#1332,.F.);
#1900=ORIENTED_EDGE('',*,*,#1333,.T.);
#1901=ORIENTED_EDGE('',*,*,#1334,.T.);
#1902=ORIENTED_EDGE('',*,*,#1335,.T.);
#1903=ORIENTED_EDGE('',*,*,#1336,.F.);
#1904=ORIENTED_EDGE('',*,*,#1311,.F.);
#1905=ORIENTED_EDGE('',*,*,#1309,.F.);
#1906=ORIENTED_EDGE('',*,*,#1337,.F.);
#1907=ORIENTED_EDGE('',*,*,#1338,.F.);
#1908=ORIENTED_EDGE('',*,*,#1339,.F.);
#1909=ORIENTED_EDGE('',*,*,#1335,.F.);
#1910=ORIENTED_EDGE('',*,*,#1340,.T.);
#1911=ORIENTED_EDGE('',*,*,#1338,.T.);
#1912=ORIENTED_EDGE('',*,*,#1337,.T.);
#1913=ORIENTED_EDGE('',*,*,#1341,.T.);
#1914=ORIENTED_EDGE('',*,*,#1342,.T.);
#1915=ORIENTED_EDGE('',*,*,#1343,.T.);
#1916=ORIENTED_EDGE('',*,*,#1344,.T.);
#1917=ORIENTED_EDGE('',*,*,#1342,.F.);
#1918=ORIENTED_EDGE('',*,*,#1345,.F.);
#1919=ORIENTED_EDGE('',*,*,#1333,.F.);
#1920=ORIENTED_EDGE('',*,*,#1346,.T.);
#1921=ORIENTED_EDGE('',*,*,#1343,.F.);
#1922=ORIENTED_EDGE('',*,*,#1341,.F.);
#1923=ORIENTED_EDGE('',*,*,#1340,.F.);
#1924=ORIENTED_EDGE('',*,*,#1334,.F.);
#1925=ORIENTED_EDGE('',*,*,#1345,.T.);
#1926=ORIENTED_EDGE('',*,*,#1330,.F.);
#1927=ORIENTED_EDGE('',*,*,#1347,.T.);
#1928=ORIENTED_EDGE('',*,*,#1348,.F.);
#1929=ORIENTED_EDGE('',*,*,#1349,.F.);
#1930=ORIENTED_EDGE('',*,*,#1325,.F.);
#1931=ORIENTED_EDGE('',*,*,#1349,.T.);
#1932=ORIENTED_EDGE('',*,*,#1350,.F.);
#1933=ORIENTED_EDGE('',*,*,#1351,.F.);
#1934=ORIENTED_EDGE('',*,*,#1321,.F.);
#1935=ORIENTED_EDGE('',*,*,#1351,.T.);
#1936=ORIENTED_EDGE('',*,*,#1352,.F.);
#1937=ORIENTED_EDGE('',*,*,#1353,.F.);
#1938=ORIENTED_EDGE('',*,*,#1344,.F.);
#1939=ORIENTED_EDGE('',*,*,#1346,.F.);
#1940=ORIENTED_EDGE('',*,*,#1332,.T.);
#1941=ORIENTED_EDGE('',*,*,#1322,.T.);
#1942=ORIENTED_EDGE('',*,*,#1353,.T.);
#1943=ORIENTED_EDGE('',*,*,#1354,.F.);
#1944=ORIENTED_EDGE('',*,*,#1319,.F.);
#1945=ORIENTED_EDGE('',*,*,#1312,.F.);
#1946=ORIENTED_EDGE('',*,*,#1336,.T.);
#1947=ORIENTED_EDGE('',*,*,#1339,.T.);
#1948=ORIENTED_EDGE('',*,*,#1305,.F.);
#1949=ORIENTED_EDGE('',*,*,#1316,.T.);
#1950=ORIENTED_EDGE('',*,*,#1355,.F.);
#1951=ORIENTED_EDGE('',*,*,#1347,.F.);
#1952=ORIENTED_EDGE('',*,*,#1329,.F.);
#1953=ORIENTED_EDGE('',*,*,#1331,.T.);
#1954=ORIENTED_EDGE('',*,*,#1355,.T.);
#1955=ORIENTED_EDGE('',*,*,#1315,.T.);
#1956=ORIENTED_EDGE('',*,*,#1318,.T.);
#1957=ORIENTED_EDGE('',*,*,#1320,.T.);
#1958=ORIENTED_EDGE('',*,*,#1354,.T.);
#1959=ORIENTED_EDGE('',*,*,#1352,.T.);
#1960=ORIENTED_EDGE('',*,*,#1350,.T.);
#1961=ORIENTED_EDGE('',*,*,#1348,.T.);
#1962=CYLINDRICAL_SURFACE('',#2173,3.);
#1963=CYLINDRICAL_SURFACE('',#2176,3.);
#1964=CYLINDRICAL_SURFACE('',#2179,3.);
#1965=CYLINDRICAL_SURFACE('',#2190,3.);
#1966=CYLINDRICAL_SURFACE('',#2201,3.);
#1967=CYLINDRICAL_SURFACE('',#2207,3.);
#1968=CYLINDRICAL_SURFACE('',#2217,3.);
#1969=CYLINDRICAL_SURFACE('',#2223,3.);
#1970=CYLINDRICAL_SURFACE('',#2233,3.);
#1971=CYLINDRICAL_SURFACE('',#2239,3.);
#1972=CYLINDRICAL_SURFACE('',#2241,3.);
#1973=CYLINDRICAL_SURFACE('',#2244,3.);
#1974=CYLINDRICAL_SURFACE('',#2247,3.);
#1975=CYLINDRICAL_SURFACE('',#2258,3.);
#1976=CYLINDRICAL_SURFACE('',#2263,2.5);
#1977=CYLINDRICAL_SURFACE('',#2267,3.);
#1978=CYLINDRICAL_SURFACE('',#2270,2.5);
#1979=CYLINDRICAL_SURFACE('',#2274,3.);
#1980=CYLINDRICAL_SURFACE('',#2277,2.5);
#1981=CYLINDRICAL_SURFACE('',#2281,3.);
#1982=CYLINDRICAL_SURFACE('',#2284,2.5);
#1983=CYLINDRICAL_SURFACE('',#2288,3.);
#1984=CYLINDRICAL_SURFACE('',#2292,2.5);
#1985=CYLINDRICAL_SURFACE('',#2298,2.5);
#1986=CYLINDRICAL_SURFACE('',#2301,3.);
#1987=CYLINDRICAL_SURFACE('',#2302,3.);
#1988=CYLINDRICAL_SURFACE('',#2307,6.5);
#1989=CYLINDRICAL_SURFACE('',#2310,0.5);
#1990=CYLINDRICAL_SURFACE('',#2317,0.5);
#1991=CYLINDRICAL_SURFACE('',#2323,0.5);
#1992=CYLINDRICAL_SURFACE('',#2329,0.5);
#1993=CYLINDRICAL_SURFACE('',#2335,0.5);
#1994=CYLINDRICAL_SURFACE('',#2338,4.);
#1995=CYLINDRICAL_SURFACE('',#2340,4.);
#1996=CYLINDRICAL_SURFACE('',#2342,4.);
#1997=CYLINDRICAL_SURFACE('',#2344,4.);
#1998=CYLINDRICAL_SURFACE('',#2347,0.5);
#1999=CYLINDRICAL_SURFACE('',#2353,0.5);
#2000=CYLINDRICAL_SURFACE('',#2358,0.5);
#2001=CYLINDRICAL_SURFACE('',#2363,0.5);
#2002=CYLINDRICAL_SURFACE('',#2377,5.);
#2003=CYLINDRICAL_SURFACE('',#2379,3.);
#2004=CYLINDRICAL_SURFACE('',#2386,3.);
#2005=CYLINDRICAL_SURFACE('',#2393,3.);
#2006=CYLINDRICAL_SURFACE('',#2400,3.);
#2007=CYLINDRICAL_SURFACE('',#2407,2.5);
#2008=CYLINDRICAL_SURFACE('',#2409,2.5);
#2009=CYLINDRICAL_SURFACE('',#2411,2.5);
#2010=CYLINDRICAL_SURFACE('',#2413,2.5);
#2011=CYLINDRICAL_SURFACE('',#2415,2.5);
#2012=CYLINDRICAL_SURFACE('',#2419,2.5);
#2013=CYLINDRICAL_SURFACE('',#2423,2.5);
#2014=CYLINDRICAL_SURFACE('',#2427,2.5);
#2015=CYLINDRICAL_SURFACE('',#2431,3.6);
#2016=CYLINDRICAL_SURFACE('',#2434,0.5);
#2017=CYLINDRICAL_SURFACE('',#2437,0.5);
#2018=CYLINDRICAL_SURFACE('',#2439,0.5);
#2019=CYLINDRICAL_SURFACE('',#2443,0.5);
#2020=CYLINDRICAL_SURFACE('',#2445,0.5);
#2021=CYLINDRICAL_SURFACE('',#2447,0.5);
#2022=CYLINDRICAL_SURFACE('',#2458,4.);
#2023=CYLINDRICAL_SURFACE('',#2462,5.00000007450581);
#2024=ADVANCED_FACE('',(#142),#1962,.F.);
#2025=ADVANCED_FACE('',(#143),#1963,.F.);
#2026=ADVANCED_FACE('',(#144),#1964,.F.);
#2027=ADVANCED_FACE('',(#145,#49),#86,.F.);
#2028=ADVANCED_FACE('',(#146),#1965,.F.);
#2029=ADVANCED_FACE('',(#147),#33,.T.);
#2030=ADVANCED_FACE('',(#148),#87,.T.);
#2031=ADVANCED_FACE('',(#149),#1966,.F.);
#2032=ADVANCED_FACE('',(#150),#34,.T.);
#2033=ADVANCED_FACE('',(#151),#1967,.F.);
#2034=ADVANCED_FACE('',(#152),#35,.T.);
#2035=ADVANCED_FACE('',(#153),#88,.T.);
#2036=ADVANCED_FACE('',(#154),#1968,.F.);
#2037=ADVANCED_FACE('',(#155),#36,.T.);
#2038=ADVANCED_FACE('',(#156),#1969,.F.);
#2039=ADVANCED_FACE('',(#157),#37,.T.);
#2040=ADVANCED_FACE('',(#158),#89,.T.);
#2041=ADVANCED_FACE('',(#159),#1970,.F.);
#2042=ADVANCED_FACE('',(#160),#38,.T.);
#2043=ADVANCED_FACE('',(#161),#1971,.F.);
#2044=ADVANCED_FACE('',(#162),#1972,.F.);
#2045=ADVANCED_FACE('',(#163),#1973,.F.);
#2046=ADVANCED_FACE('',(#164),#1974,.F.);
#2047=ADVANCED_FACE('',(#165),#90,.T.);
#2048=ADVANCED_FACE('',(#166),#1975,.F.);
#2049=ADVANCED_FACE('',(#167,#50),#91,.F.);
#2050=ADVANCED_FACE('',(#168),#1976,.F.);
#2051=ADVANCED_FACE('',(#169,#51),#92,.T.);
#2052=ADVANCED_FACE('',(#170),#1977,.F.);
#2053=ADVANCED_FACE('',(#171,#52),#93,.F.);
#2054=ADVANCED_FACE('',(#172),#1978,.F.);
#2055=ADVANCED_FACE('',(#173,#53),#94,.T.);
#2056=ADVANCED_FACE('',(#174),#1979,.F.);
#2057=ADVANCED_FACE('',(#175,#54),#95,.F.);
#2058=ADVANCED_FACE('',(#176),#1980,.F.);
#2059=ADVANCED_FACE('',(#177,#55),#96,.T.);
#2060=ADVANCED_FACE('',(#178),#1981,.F.);
#2061=ADVANCED_FACE('',(#179,#56),#97,.F.);
#2062=ADVANCED_FACE('',(#180),#1982,.F.);
#2063=ADVANCED_FACE('',(#181,#57),#98,.T.);
#2064=ADVANCED_FACE('',(#182),#1983,.F.);
#2065=ADVANCED_FACE('',(#183,#58),#99,.F.);
#2066=ADVANCED_FACE('',(#184),#1984,.F.);
#2067=ADVANCED_FACE('',(#185,#59),#100,.T.);
#2068=ADVANCED_FACE('',(#186,#60),#101,.F.);
#2069=ADVANCED_FACE('',(#187),#1985,.F.);
#2070=ADVANCED_FACE('',(#188,#61),#102,.T.);
#2071=ADVANCED_FACE('',(#189),#1986,.F.);
#2072=ADVANCED_FACE('',(#190),#1987,.F.);
#2073=ADVANCED_FACE('',(#191),#39,.T.);
#2074=ADVANCED_FACE('',(#192),#1988,.T.);
#2075=ADVANCED_FACE('',(#193,#62),#103,.F.);
#2076=ADVANCED_FACE('',(#194),#1989,.T.);
#2077=ADVANCED_FACE('',(#195),#40,.T.);
#2078=ADVANCED_FACE('',(#196),#1990,.T.);
#2079=ADVANCED_FACE('',(#197),#41,.T.);
#2080=ADVANCED_FACE('',(#198),#1991,.T.);
#2081=ADVANCED_FACE('',(#199),#42,.T.);
#2082=ADVANCED_FACE('',(#200),#1992,.T.);
#2083=ADVANCED_FACE('',(#201),#43,.T.);
#2084=ADVANCED_FACE('',(#202),#1993,.T.);
#2085=ADVANCED_FACE('',(#203),#104,.F.);
#2086=ADVANCED_FACE('',(#204),#1994,.T.);
#2087=ADVANCED_FACE('',(#205),#1995,.T.);
#2088=ADVANCED_FACE('',(#206),#1996,.T.);
#2089=ADVANCED_FACE('',(#207),#1997,.T.);
#2090=ADVANCED_FACE('',(#208),#105,.T.);
#2091=ADVANCED_FACE('',(#209),#1998,.T.);
#2092=ADVANCED_FACE('',(#210),#44,.T.);
#2093=ADVANCED_FACE('',(#211),#1999,.T.);
#2094=ADVANCED_FACE('',(#212),#45,.T.);
#2095=ADVANCED_FACE('',(#213),#2000,.T.);
#2096=ADVANCED_FACE('',(#214),#46,.T.);
#2097=ADVANCED_FACE('',(#215),#2001,.T.);
#2098=ADVANCED_FACE('',(#216),#47,.T.);
#2099=ADVANCED_FACE('',(#217),#106,.F.);
#2100=ADVANCED_FACE('',(#218),#107,.F.);
#2101=ADVANCED_FACE('',(#219),#108,.F.);
#2102=ADVANCED_FACE('',(#220),#109,.F.);
#2103=ADVANCED_FACE('',(#221),#110,.F.);
#2104=ADVANCED_FACE('',(#222),#111,.F.);
#2105=ADVANCED_FACE('',(#223),#112,.F.);
#2106=ADVANCED_FACE('',(#224),#113,.F.);
#2107=ADVANCED_FACE('',(#225,#63,#64,#65,#66,#67,#68),#2002,.F.);
#2108=ADVANCED_FACE('',(#226),#2003,.F.);
#2109=ADVANCED_FACE('',(#227,#69),#114,.F.);
#2110=ADVANCED_FACE('',(#228,#70),#115,.T.);
#2111=ADVANCED_FACE('',(#229),#2004,.F.);
#2112=ADVANCED_FACE('',(#230,#71),#116,.F.);
#2113=ADVANCED_FACE('',(#231,#72),#117,.T.);
#2114=ADVANCED_FACE('',(#232),#2005,.F.);
#2115=ADVANCED_FACE('',(#233,#73),#118,.F.);
#2116=ADVANCED_FACE('',(#234,#74),#119,.T.);
#2117=ADVANCED_FACE('',(#235),#2006,.F.);
#2118=ADVANCED_FACE('',(#236,#75),#120,.F.);
#2119=ADVANCED_FACE('',(#237,#76),#121,.T.);
#2120=ADVANCED_FACE('',(#238),#2007,.F.);
#2121=ADVANCED_FACE('',(#239),#2008,.F.);
#2122=ADVANCED_FACE('',(#240),#2009,.F.);
#2123=ADVANCED_FACE('',(#241),#2010,.F.);
#2124=ADVANCED_FACE('',(#242),#2011,.F.);
#2125=ADVANCED_FACE('',(#243,#77),#122,.T.);
#2126=ADVANCED_FACE('',(#244,#78),#123,.F.);
#2127=ADVANCED_FACE('',(#245),#2012,.F.);
#2128=ADVANCED_FACE('',(#246,#79),#124,.T.);
#2129=ADVANCED_FACE('',(#247,#80),#125,.F.);
#2130=ADVANCED_FACE('',(#248),#2013,.F.);
#2131=ADVANCED_FACE('',(#249,#81),#126,.T.);
#2132=ADVANCED_FACE('',(#250,#82),#127,.F.);
#2133=ADVANCED_FACE('',(#251),#2014,.F.);
#2134=ADVANCED_FACE('',(#252,#83),#128,.T.);
#2135=ADVANCED_FACE('',(#253,#84),#129,.F.);
#2136=ADVANCED_FACE('',(#254),#2015,.F.);
#2137=ADVANCED_FACE('',(#255,#85),#130,.T.);
#2138=ADVANCED_FACE('',(#256),#2016,.T.);
#2139=ADVANCED_FACE('',(#257),#2017,.T.);
#2140=ADVANCED_FACE('',(#258),#2018,.T.);
#2141=ADVANCED_FACE('',(#259),#131,.T.);
#2142=ADVANCED_FACE('',(#260),#132,.T.);
#2143=ADVANCED_FACE('',(#261),#133,.T.);
#2144=ADVANCED_FACE('',(#262),#2019,.T.);
#2145=ADVANCED_FACE('',(#263),#2020,.T.);
#2146=ADVANCED_FACE('',(#264),#2021,.T.);
#2147=ADVANCED_FACE('',(#265),#134,.F.);
#2148=ADVANCED_FACE('',(#266),#135,.T.);
#2149=ADVANCED_FACE('',(#267),#48,.T.);
#2150=ADVANCED_FACE('',(#268),#136,.T.);
#2151=ADVANCED_FACE('',(#269),#2022,.F.);
#2152=ADVANCED_FACE('',(#270),#137,.T.);
#2153=ADVANCED_FACE('',(#271),#138,.T.);
#2154=ADVANCED_FACE('',(#272),#139,.T.);
#2155=ADVANCED_FACE('',(#273),#2023,.T.);
#2156=ADVANCED_FACE('',(#274),#140,.T.);
#2157=ADVANCED_FACE('',(#275),#141,.T.);
#2158=CLOSED_SHELL('',(#2024,#2025,#2026,#2027,#2028,#2029,#2030,#2031,
#2032,#2033,#2034,#2035,#2036,#2037,#2038,#2039,#2040,#2041,#2042,#2043,
#2044,#2045,#2046,#2047,#2048,#2049,#2050,#2051,#2052,#2053,#2054,#2055,
#2056,#2057,#2058,#2059,#2060,#2061,#2062,#2063,#2064,#2065,#2066,#2067,
#2068,#2069,#2070,#2071,#2072,#2073,#2074,#2075,#2076,#2077,#2078,#2079,
#2080,#2081,#2082,#2083,#2084,#2085,#2086,#2087,#2088,#2089,#2090,#2091,
#2092,#2093,#2094,#2095,#2096,#2097,#2098,#2099,#2100,#2101,#2102,#2103,
#2104,#2105,#2106,#2107,#2108,#2109,#2110,#2111,#2112,#2113,#2114,#2115,
#2116,#2117,#2118,#2119,#2120,#2121,#2122,#2123,#2124,#2125,#2126,#2127,
#2128,#2129,#2130,#2131,#2132,#2133,#2134,#2135,#2136,#2137));
#2159=CLOSED_SHELL('',(#2138,#2139,#2140,#2141,#2142,#2143,#2144,#2145,
#2146,#2147,#2148,#2149,#2150,#2151,#2152,#2153,#2154,#2155,#2156,#2157));
#2160=DERIVED_UNIT_ELEMENT(#2162,1.);
#2161=DERIVED_UNIT_ELEMENT(#4068,-3.);
#2162=(
MASS_UNIT()
NAMED_UNIT(*)
SI_UNIT(.KILO.,.GRAM.)
);
#2163=DERIVED_UNIT((#2160,#2161));
#2164=MEASURE_REPRESENTATION_ITEM('density measure',
POSITIVE_RATIO_MEASURE(7850.),#2163);
#2165=PROPERTY_DEFINITION_REPRESENTATION(#2170,#2167);
#2166=PROPERTY_DEFINITION_REPRESENTATION(#2171,#2168);
#2167=REPRESENTATION('material name',(#2169),#4065);
#2168=REPRESENTATION('density',(#2164),#4065);
#2169=DESCRIPTIVE_REPRESENTATION_ITEM('Steel','Steel');
#2170=PROPERTY_DEFINITION('material property','material name',#4075);
#2171=PROPERTY_DEFINITION('material property','density of part',#4075);
#2172=AXIS2_PLACEMENT_3D('',#3186,#2466,#2467);
#2173=AXIS2_PLACEMENT_3D('',#3187,#2468,#2469);
#2174=AXIS2_PLACEMENT_3D('',#3189,#2470,#2471);
#2175=AXIS2_PLACEMENT_3D('',#3192,#2473,#2474);
#2176=AXIS2_PLACEMENT_3D('',#3193,#2475,#2476);
#2177=AXIS2_PLACEMENT_3D('',#3195,#2477,#2478);
#2178=AXIS2_PLACEMENT_3D('',#3198,#2480,#2481);
#2179=AXIS2_PLACEMENT_3D('',#3199,#2482,#2483);
#2180=AXIS2_PLACEMENT_3D('',#3201,#2484,#2485);
#2181=AXIS2_PLACEMENT_3D('',#3204,#2487,#2488);
#2182=AXIS2_PLACEMENT_3D('',#3205,#2489,#2490);
#2183=AXIS2_PLACEMENT_3D('',#3208,#2491,#2492);
#2184=AXIS2_PLACEMENT_3D('',#3212,#2494,#2495);
#2185=AXIS2_PLACEMENT_3D('',#3214,#2496,#2497);
#2186=AXIS2_PLACEMENT_3D('',#3218,#2499,#2500);
#2187=AXIS2_PLACEMENT_3D('',#3222,#2502,#2503);
#2188=AXIS2_PLACEMENT_3D('',#3225,#2505,#2506);
#2189=AXIS2_PLACEMENT_3D('',#3227,#2507,#2508);
#2190=AXIS2_PLACEMENT_3D('',#3228,#2509,#2510);
#2191=AXIS2_PLACEMENT_3D('',#3230,#2511,#2512);
#2192=AXIS2_PLACEMENT_3D('',#3233,#2514,#2515);
#2193=AXIS2_PLACEMENT_3D('',#3234,#2516,#2517);
#2194=AXIS2_PLACEMENT_3D('',#3236,#2518,#2519);
#2195=AXIS2_PLACEMENT_3D('',#3238,#2520,#2521);
#2196=AXIS2_PLACEMENT_3D('',#3240,#2522,#2523);
#2197=AXIS2_PLACEMENT_3D('',#3241,#2524,#2525);
#2198=AXIS2_PLACEMENT_3D('',#3242,#2526,#2527);
#2199=AXIS2_PLACEMENT_3D('',#3255,#2534,#2535);
#2200=AXIS2_PLACEMENT_3D('',#3256,#2536,#2537);
#2201=AXIS2_PLACEMENT_3D('',#3257,#2538,#2539);
#2202=AXIS2_PLACEMENT_3D('',#3260,#2541,#2542);
#2203=AXIS2_PLACEMENT_3D('',#3261,#2543,#2544);
#2204=AXIS2_PLACEMENT_3D('',#3263,#2545,#2546);
#2205=AXIS2_PLACEMENT_3D('',#3265,#2547,#2548);
#2206=AXIS2_PLACEMENT_3D('',#3266,#2549,#2550);
#2207=AXIS2_PLACEMENT_3D('',#3267,#2551,#2552);
#2208=AXIS2_PLACEMENT_3D('',#3270,#2554,#2555);
#2209=AXIS2_PLACEMENT_3D('',#3271,#2556,#2557);
#2210=AXIS2_PLACEMENT_3D('',#3274,#2558,#2559);
#2211=AXIS2_PLACEMENT_3D('',#3276,#2560,#2561);
#2212=AXIS2_PLACEMENT_3D('',#3278,#2562,#2563);
#2213=AXIS2_PLACEMENT_3D('',#3279,#2564,#2565);
#2214=AXIS2_PLACEMENT_3D('',#3280,#2566,#2567);
#2215=AXIS2_PLACEMENT_3D('',#3281,#2568,#2569);
#2216=AXIS2_PLACEMENT_3D('',#3293,#2576,#2577);
#2217=AXIS2_PLACEMENT_3D('',#3294,#2578,#2579);
#2218=AXIS2_PLACEMENT_3D('',#3296,#2580,#2581);
#2219=AXIS2_PLACEMENT_3D('',#3298,#2583,#2584);
#2220=AXIS2_PLACEMENT_3D('',#3300,#2585,#2586);
#2221=AXIS2_PLACEMENT_3D('',#3302,#2587,#2588);
#2222=AXIS2_PLACEMENT_3D('',#3303,#2589,#2590);
#2223=AXIS2_PLACEMENT_3D('',#3304,#2591,#2592);
#2224=AXIS2_PLACEMENT_3D('',#3306,#2593,#2594);
#2225=AXIS2_PLACEMENT_3D('',#3308,#2596,#2597);
#2226=AXIS2_PLACEMENT_3D('',#3311,#2598,#2599);
#2227=AXIS2_PLACEMENT_3D('',#3313,#2600,#2601);
#2228=AXIS2_PLACEMENT_3D('',#3315,#2602,#2603);
#2229=AXIS2_PLACEMENT_3D('',#3316,#2604,#2605);
#2230=AXIS2_PLACEMENT_3D('',#3317,#2606,#2607);
#2231=AXIS2_PLACEMENT_3D('',#3318,#2608,#2609);
#2232=AXIS2_PLACEMENT_3D('',#3330,#2616,#2617);
#2233=AXIS2_PLACEMENT_3D('',#3331,#2618,#2619);
#2234=AXIS2_PLACEMENT_3D('',#3333,#2620,#2621);
#2235=AXIS2_PLACEMENT_3D('',#3335,#2623,#2624);
#2236=AXIS2_PLACEMENT_3D('',#3337,#2625,#2626);
#2237=AXIS2_PLACEMENT_3D('',#3339,#2627,#2628);
#2238=AXIS2_PLACEMENT_3D('',#3340,#2629,#2630);
#2239=AXIS2_PLACEMENT_3D('',#3341,#2631,#2632);
#2240=AXIS2_PLACEMENT_3D('',#3343,#2633,#2634);
#2241=AXIS2_PLACEMENT_3D('',#3345,#2636,#2637);
#2242=AXIS2_PLACEMENT_3D('',#3347,#2638,#2639);
#2243=AXIS2_PLACEMENT_3D('',#3350,#2641,#2642);
#2244=AXIS2_PLACEMENT_3D('',#3351,#2643,#2644);
#2245=AXIS2_PLACEMENT_3D('',#3353,#2645,#2646);
#2246=AXIS2_PLACEMENT_3D('',#3356,#2648,#2649);
#2247=AXIS2_PLACEMENT_3D('',#3357,#2650,#2651);
#2248=AXIS2_PLACEMENT_3D('',#3359,#2652,#2653);
#2249=AXIS2_PLACEMENT_3D('',#3362,#2655,#2656);
#2250=AXIS2_PLACEMENT_3D('',#3363,#2657,#2658);
#2251=AXIS2_PLACEMENT_3D('',#3366,#2659,#2660);
#2252=AXIS2_PLACEMENT_3D('',#3370,#2662,#2663);
#2253=AXIS2_PLACEMENT_3D('',#3374,#2665,#2666);
#2254=AXIS2_PLACEMENT_3D('',#3378,#2668,#2669);
#2255=AXIS2_PLACEMENT_3D('',#3380,#2670,#2671);
#2256=AXIS2_PLACEMENT_3D('',#3390,#2676,#2677);
#2257=AXIS2_PLACEMENT_3D('',#3399,#2682,#2683);
#2258=AXIS2_PLACEMENT_3D('',#3400,#2684,#2685);
#2259=AXIS2_PLACEMENT_3D('',#3402,#2686,#2687);
#2260=AXIS2_PLACEMENT_3D('',#3405,#2689,#2690);
#2261=AXIS2_PLACEMENT_3D('',#3406,#2691,#2692);
#2262=AXIS2_PLACEMENT_3D('',#3408,#2693,#2694);
#2263=AXIS2_PLACEMENT_3D('',#3409,#2695,#2696);
#2264=AXIS2_PLACEMENT_3D('',#3411,#2697,#2698);
#2265=AXIS2_PLACEMENT_3D('',#3413,#2700,#2701);
#2266=AXIS2_PLACEMENT_3D('',#3415,#2702,#2703);
#2267=AXIS2_PLACEMENT_3D('',#3416,#2704,#2705);
#2268=AXIS2_PLACEMENT_3D('',#3453,#2707,#2708);
#2269=AXIS2_PLACEMENT_3D('',#3455,#2709,#2710);
#2270=AXIS2_PLACEMENT_3D('',#3456,#2711,#2712);
#2271=AXIS2_PLACEMENT_3D('',#3458,#2713,#2714);
#2272=AXIS2_PLACEMENT_3D('',#3460,#2716,#2717);
#2273=AXIS2_PLACEMENT_3D('',#3462,#2718,#2719);
#2274=AXIS2_PLACEMENT_3D('',#3463,#2720,#2721);
#2275=AXIS2_PLACEMENT_3D('',#3500,#2723,#2724);
#2276=AXIS2_PLACEMENT_3D('',#3502,#2725,#2726);
#2277=AXIS2_PLACEMENT_3D('',#3503,#2727,#2728);
#2278=AXIS2_PLACEMENT_3D('',#3505,#2729,#2730);
#2279=AXIS2_PLACEMENT_3D('',#3507,#2732,#2733);
#2280=AXIS2_PLACEMENT_3D('',#3509,#2734,#2735);
#2281=AXIS2_PLACEMENT_3D('',#3510,#2736,#2737);
#2282=AXIS2_PLACEMENT_3D('',#3547,#2739,#2740);
#2283=AXIS2_PLACEMENT_3D('',#3549,#2741,#2742);
#2284=AXIS2_PLACEMENT_3D('',#3550,#2743,#2744);
#2285=AXIS2_PLACEMENT_3D('',#3552,#2745,#2746);
#2286=AXIS2_PLACEMENT_3D('',#3554,#2748,#2749);
#2287=AXIS2_PLACEMENT_3D('',#3556,#2750,#2751);
#2288=AXIS2_PLACEMENT_3D('',#3557,#2752,#2753);
#2289=AXIS2_PLACEMENT_3D('',#3594,#2755,#2756);
#2290=AXIS2_PLACEMENT_3D('',#3596,#2757,#2758);
#2291=AXIS2_PLACEMENT_3D('',#3598,#2759,#2760);
#2292=AXIS2_PLACEMENT_3D('',#3599,#2761,#2762);
#2293=AXIS2_PLACEMENT_3D('',#3601,#2763,#2764);
#2294=AXIS2_PLACEMENT_3D('',#3603,#2766,#2767);
#2295=AXIS2_PLACEMENT_3D('',#3604,#2768,#2769);
#2296=AXIS2_PLACEMENT_3D('',#3606,#2770,#2771);
#2297=AXIS2_PLACEMENT_3D('',#3608,#2772,#2773);
#2298=AXIS2_PLACEMENT_3D('',#3609,#2774,#2775);
#2299=AXIS2_PLACEMENT_3D('',#3611,#2776,#2777);
#2300=AXIS2_PLACEMENT_3D('',#3613,#2779,#2780);
#2301=AXIS2_PLACEMENT_3D('',#3614,#2781,#2782);
#2302=AXIS2_PLACEMENT_3D('',#3651,#2784,#2785);
#2303=AXIS2_PLACEMENT_3D('',#3688,#2787,#2788);
#2304=AXIS2_PLACEMENT_3D('',#3690,#2789,#2790);
#2305=AXIS2_PLACEMENT_3D('',#3692,#2791,#2792);
#2306=AXIS2_PLACEMENT_3D('',#3693,#2793,#2794);
#2307=AXIS2_PLACEMENT_3D('',#3694,#2795,#2796);
#2308=AXIS2_PLACEMENT_3D('',#3696,#2798,#2799);
#2309=AXIS2_PLACEMENT_3D('',#3698,#2800,#2801);
#2310=AXIS2_PLACEMENT_3D('',#3699,#2802,#2803);
#2311=AXIS2_PLACEMENT_3D('',#3701,#2804,#2805);
#2312=AXIS2_PLACEMENT_3D('',#3704,#2807,#2808);
#2313=AXIS2_PLACEMENT_3D('',#3705,#2809,#2810);
#2314=AXIS2_PLACEMENT_3D('',#3706,#2811,#2812);
#2315=AXIS2_PLACEMENT_3D('',#3707,#2813,#2814);
#2316=AXIS2_PLACEMENT_3D('',#3708,#2815,#2816);
#2317=AXIS2_PLACEMENT_3D('',#3709,#2817,#2818);
#2318=AXIS2_PLACEMENT_3D('',#3710,#2819,#2820);
#2319=AXIS2_PLACEMENT_3D('',#3711,#2821,#2822);
#2320=AXIS2_PLACEMENT_3D('',#3712,#2823,#2824);
#2321=AXIS2_PLACEMENT_3D('',#3713,#2825,#2826);
#2322=AXIS2_PLACEMENT_3D('',#3714,#2827,#2828);
#2323=AXIS2_PLACEMENT_3D('',#3715,#2829,#2830);
#2324=AXIS2_PLACEMENT_3D('',#3716,#2831,#2832);
#2325=AXIS2_PLACEMENT_3D('',#3717,#2833,#2834);
#2326=AXIS2_PLACEMENT_3D('',#3718,#2835,#2836);
#2327=AXIS2_PLACEMENT_3D('',#3719,#2837,#2838);
#2328=AXIS2_PLACEMENT_3D('',#3720,#2839,#2840);
#2329=AXIS2_PLACEMENT_3D('',#3721,#2841,#2842);
#2330=AXIS2_PLACEMENT_3D('',#3722,#2843,#2844);
#2331=AXIS2_PLACEMENT_3D('',#3723,#2845,#2846);
#2332=AXIS2_PLACEMENT_3D('',#3724,#2847,#2848);
#2333=AXIS2_PLACEMENT_3D('',#3726,#2849,#2850);
#2334=AXIS2_PLACEMENT_3D('',#3727,#2851,#2852);
#2335=AXIS2_PLACEMENT_3D('',#3728,#2853,#2854);
#2336=AXIS2_PLACEMENT_3D('',#3730,#2855,#2856);
#2337=AXIS2_PLACEMENT_3D('',#3732,#2858,#2859);
#2338=AXIS2_PLACEMENT_3D('',#3738,#2863,#2864);
#2339=AXIS2_PLACEMENT_3D('',#3740,#2865,#2866);
#2340=AXIS2_PLACEMENT_3D('',#3742,#2868,#2869);
#2341=AXIS2_PLACEMENT_3D('',#3743,#2870,#2871);
#2342=AXIS2_PLACEMENT_3D('',#3744,#2872,#2873);
#2343=AXIS2_PLACEMENT_3D('',#3745,#2874,#2875);
#2344=AXIS2_PLACEMENT_3D('',#3746,#2876,#2877);
#2345=AXIS2_PLACEMENT_3D('',#3749,#2879,#2880);
#2346=AXIS2_PLACEMENT_3D('',#3750,#2881,#2882);
#2347=AXIS2_PLACEMENT_3D('',#3755,#2886,#2887);
#2348=AXIS2_PLACEMENT_3D('',#3756,#2888,#2889);
#2349=AXIS2_PLACEMENT_3D('',#3757,#2890,#2891);
#2350=AXIS2_PLACEMENT_3D('',#3758,#2892,#2893);
#2351=AXIS2_PLACEMENT_3D('',#3759,#2894,#2895);
#2352=AXIS2_PLACEMENT_3D('',#3760,#2896,#2897);
#2353=AXIS2_PLACEMENT_3D('',#3761,#2898,#2899);
#2354=AXIS2_PLACEMENT_3D('',#3762,#2900,#2901);
#2355=AXIS2_PLACEMENT_3D('',#3763,#2902,#2903);
#2356=AXIS2_PLACEMENT_3D('',#3764,#2904,#2905);
#2357=AXIS2_PLACEMENT_3D('',#3765,#2906,#2907);
#2358=AXIS2_PLACEMENT_3D('',#3766,#2908,#2909);
#2359=AXIS2_PLACEMENT_3D('',#3767,#2910,#2911);
#2360=AXIS2_PLACEMENT_3D('',#3768,#2912,#2913);
#2361=AXIS2_PLACEMENT_3D('',#3769,#2914,#2915);
#2362=AXIS2_PLACEMENT_3D('',#3770,#2916,#2917);
#2363=AXIS2_PLACEMENT_3D('',#3771,#2918,#2919);
#2364=AXIS2_PLACEMENT_3D('',#3772,#2920,#2921);
#2365=AXIS2_PLACEMENT_3D('',#3773,#2922,#2923);
#2366=AXIS2_PLACEMENT_3D('',#3774,#2924,#2925);
#2367=AXIS2_PLACEMENT_3D('',#3775,#2926,#2927);
#2368=AXIS2_PLACEMENT_3D('',#3785,#2933,#2934);
#2369=AXIS2_PLACEMENT_3D('',#3788,#2937,#2938);
#2370=AXIS2_PLACEMENT_3D('',#3789,#2939,#2940);
#2371=AXIS2_PLACEMENT_3D('',#3794,#2944,#2945);
#2372=AXIS2_PLACEMENT_3D('',#3798,#2948,#2949);
#2373=AXIS2_PLACEMENT_3D('',#3799,#2950,#2951);
#2374=AXIS2_PLACEMENT_3D('',#3800,#2952,#2953);
#2375=AXIS2_PLACEMENT_3D('',#3803,#2955,#2956);
#2376=AXIS2_PLACEMENT_3D('',#3804,#2957,#2958);
#2377=AXIS2_PLACEMENT_3D('',#3806,#2960,#2961);
#2378=AXIS2_PLACEMENT_3D('',#3809,#2963,#2964);
#2379=AXIS2_PLACEMENT_3D('',#3810,#2965,#2966);
#2380=AXIS2_PLACEMENT_3D('',#3812,#2967,#2968);
#2381=AXIS2_PLACEMENT_3D('',#3815,#2970,#2971);
#2382=AXIS2_PLACEMENT_3D('',#3816,#2972,#2973);
#2383=AXIS2_PLACEMENT_3D('',#3818,#2974,#2975);
#2384=AXIS2_PLACEMENT_3D('',#3819,#2976,#2977);
#2385=AXIS2_PLACEMENT_3D('',#3821,#2978,#2979);
#2386=AXIS2_PLACEMENT_3D('',#3822,#2980,#2981);
#2387=AXIS2_PLACEMENT_3D('',#3824,#2982,#2983);
#2388=AXIS2_PLACEMENT_3D('',#3827,#2985,#2986);
#2389=AXIS2_PLACEMENT_3D('',#3828,#2987,#2988);
#2390=AXIS2_PLACEMENT_3D('',#3830,#2989,#2990);
#2391=AXIS2_PLACEMENT_3D('',#3831,#2991,#2992);
#2392=AXIS2_PLACEMENT_3D('',#3833,#2993,#2994);
#2393=AXIS2_PLACEMENT_3D('',#3834,#2995,#2996);
#2394=AXIS2_PLACEMENT_3D('',#3836,#2997,#2998);
#2395=AXIS2_PLACEMENT_3D('',#3839,#3000,#3001);
#2396=AXIS2_PLACEMENT_3D('',#3840,#3002,#3003);
#2397=AXIS2_PLACEMENT_3D('',#3842,#3004,#3005);
#2398=AXIS2_PLACEMENT_3D('',#3843,#3006,#3007);
#2399=AXIS2_PLACEMENT_3D('',#3845,#3008,#3009);
#2400=AXIS2_PLACEMENT_3D('',#3846,#3010,#3011);
#2401=AXIS2_PLACEMENT_3D('',#3848,#3012,#3013);
#2402=AXIS2_PLACEMENT_3D('',#3851,#3015,#3016);
#2403=AXIS2_PLACEMENT_3D('',#3852,#3017,#3018);
#2404=AXIS2_PLACEMENT_3D('',#3854,#3019,#3020);
#2405=AXIS2_PLACEMENT_3D('',#3855,#3021,#3022);
#2406=AXIS2_PLACEMENT_3D('',#3857,#3023,#3024);
#2407=AXIS2_PLACEMENT_3D('',#3858,#3025,#3026);
#2408=AXIS2_PLACEMENT_3D('',#3861,#3028,#3029);
#2409=AXIS2_PLACEMENT_3D('',#3862,#3030,#3031);
#2410=AXIS2_PLACEMENT_3D('',#3865,#3033,#3034);
#2411=AXIS2_PLACEMENT_3D('',#3866,#3035,#3036);
#2412=AXIS2_PLACEMENT_3D('',#3869,#3038,#3039);
#2413=AXIS2_PLACEMENT_3D('',#3870,#3040,#3041);
#2414=AXIS2_PLACEMENT_3D('',#3873,#3043,#3044);
#2415=AXIS2_PLACEMENT_3D('',#3874,#3045,#3046);
#2416=AXIS2_PLACEMENT_3D('',#3876,#3047,#3048);
#2417=AXIS2_PLACEMENT_3D('',#3878,#3050,#3051);
#2418=AXIS2_PLACEMENT_3D('',#3879,#3052,#3053);
#2419=AXIS2_PLACEMENT_3D('',#3880,#3054,#3055);
#2420=AXIS2_PLACEMENT_3D('',#3882,#3056,#3057);
#2421=AXIS2_PLACEMENT_3D('',#3884,#3059,#3060);
#2422=AXIS2_PLACEMENT_3D('',#3885,#3061,#3062);
#2423=AXIS2_PLACEMENT_3D('',#3886,#3063,#3064);
#2424=AXIS2_PLACEMENT_3D('',#3888,#3065,#3066);
#2425=AXIS2_PLACEMENT_3D('',#3890,#3068,#3069);
#2426=AXIS2_PLACEMENT_3D('',#3891,#3070,#3071);
#2427=AXIS2_PLACEMENT_3D('',#3892,#3072,#3073);
#2428=AXIS2_PLACEMENT_3D('',#3894,#3074,#3075);
#2429=AXIS2_PLACEMENT_3D('',#3896,#3077,#3078);
#2430=AXIS2_PLACEMENT_3D('',#3897,#3079,#3080);
#2431=AXIS2_PLACEMENT_3D('',#3898,#3081,#3082);
#2432=AXIS2_PLACEMENT_3D('',#3900,#3083,#3084);
#2433=AXIS2_PLACEMENT_3D('',#3902,#3086,#3087);
#2434=AXIS2_PLACEMENT_3D('',#3903,#3088,#3089);
#2435=AXIS2_PLACEMENT_3D('',#3908,#3091,#3092);
#2436=AXIS2_PLACEMENT_3D('',#3911,#3094,#3095);
#2437=AXIS2_PLACEMENT_3D('',#3912,#3096,#3097);
#2438=AXIS2_PLACEMENT_3D('',#3917,#3100,#3101);
#2439=AXIS2_PLACEMENT_3D('',#3918,#3102,#3103);
#2440=AXIS2_PLACEMENT_3D('',#3933,#3106,#3107);
#2441=AXIS2_PLACEMENT_3D('',#3939,#3111,#3112);
#2442=AXIS2_PLACEMENT_3D('',#3943,#3115,#3116);
#2443=AXIS2_PLACEMENT_3D('',#3947,#3119,#3120);
#2444=AXIS2_PLACEMENT_3D('',#3964,#3123,#3124);
#2445=AXIS2_PLACEMENT_3D('',#3965,#3125,#3126);
#2446=AXIS2_PLACEMENT_3D('',#3970,#3129,#3130);
#2447=AXIS2_PLACEMENT_3D('',#3971,#3131,#3132);
#2448=AXIS2_PLACEMENT_3D('',#3975,#3134,#3135);
#2449=AXIS2_PLACEMENT_3D('',#3977,#3137,#3138);
#2450=AXIS2_PLACEMENT_3D('',#3980,#3140,#3141);
#2451=AXIS2_PLACEMENT_3D('',#3984,#3143,#3144);
#2452=AXIS2_PLACEMENT_3D('',#3987,#3146,#3147);
#2453=AXIS2_PLACEMENT_3D('',#3988,#3148,#3149);
#2454=AXIS2_PLACEMENT_3D('',#4014,#3152,#3153);
#2455=AXIS2_PLACEMENT_3D('',#4016,#3154,#3155);
#2456=AXIS2_PLACEMENT_3D('',#4039,#3156,#3157);
#2457=AXIS2_PLACEMENT_3D('',#4040,#3158,#3159);
#2458=AXIS2_PLACEMENT_3D('',#4043,#3162,#3163);
#2459=AXIS2_PLACEMENT_3D('',#4044,#3164,#3165);
#2460=AXIS2_PLACEMENT_3D('',#4050,#3169,#3170);
#2461=AXIS2_PLACEMENT_3D('',#4054,#3173,#3174);
#2462=AXIS2_PLACEMENT_3D('',#4058,#3177,#3178);
#2463=AXIS2_PLACEMENT_3D('',#4059,#3179,#3180);
#2464=AXIS2_PLACEMENT_3D('',#4060,#3181,#3182);
#2465=AXIS2_PLACEMENT_3D('',#4062,#3184,#3185);
#2466=DIRECTION('axis',(0.,0.,1.));
#2467=DIRECTION('refdir',(1.,0.,0.));
#2468=DIRECTION('center_axis',(0.,0.,1.));
#2469=DIRECTION('ref_axis',(1.,0.,0.));
#2470=DIRECTION('center_axis',(0.,0.,1.));
#2471=DIRECTION('ref_axis',(1.,0.,0.));
#2472=DIRECTION('',(0.,0.,-1.));
#2473=DIRECTION('center_axis',(0.,0.,1.));
#2474=DIRECTION('ref_axis',(1.,0.,0.));
#2475=DIRECTION('center_axis',(0.,0.,1.));
#2476=DIRECTION('ref_axis',(1.,0.,0.));
#2477=DIRECTION('center_axis',(0.,0.,1.));
#2478=DIRECTION('ref_axis',(1.,0.,0.));
#2479=DIRECTION('',(0.,0.,-1.));
#2480=DIRECTION('center_axis',(0.,0.,1.));
#2481=DIRECTION('ref_axis',(1.,0.,0.));
#2482=DIRECTION('center_axis',(0.,0.,1.));
#2483=DIRECTION('ref_axis',(1.,0.,0.));
#2484=DIRECTION('center_axis',(0.,0.,1.));
#2485=DIRECTION('ref_axis',(1.,0.,0.));
#2486=DIRECTION('',(0.,0.,-1.));
#2487=DIRECTION('center_axis',(0.,0.,1.));
#2488=DIRECTION('ref_axis',(1.,0.,0.));
#2489=DIRECTION('center_axis',(0.,0.,1.));
#2490=DIRECTION('ref_axis',(1.,0.,0.));
#2491=DIRECTION('center_axis',(0.,0.,-1.));
#2492=DIRECTION('ref_axis',(1.,0.,0.));
#2493=DIRECTION('',(0.,1.,0.));
#2494=DIRECTION('center_axis',(0.,0.,-1.));
#2495=DIRECTION('ref_axis',(1.,0.,0.));
#2496=DIRECTION('center_axis',(0.,0.,-1.));
#2497=DIRECTION('ref_axis',(1.,0.,0.));
#2498=DIRECTION('',(1.,0.,0.));
#2499=DIRECTION('center_axis',(0.,0.,-1.));
#2500=DIRECTION('ref_axis',(1.,0.,0.));
#2501=DIRECTION('',(0.,-1.,0.));
#2502=DIRECTION('center_axis',(0.,0.,-1.));
#2503=DIRECTION('ref_axis',(1.,0.,0.));
#2504=DIRECTION('',(-1.,0.,0.));
#2505=DIRECTION('center_axis',(0.,0.,-1.));
#2506=DIRECTION('ref_axis',(1.,0.,0.));
#2507=DIRECTION('center_axis',(0.,0.,1.));
#2508=DIRECTION('ref_axis',(1.,0.,0.));
#2509=DIRECTION('center_axis',(0.,0.,1.));
#2510=DIRECTION('ref_axis',(1.,0.,0.));
#2511=DIRECTION('center_axis',(0.,0.,1.));
#2512=DIRECTION('ref_axis',(1.,0.,0.));
#2513=DIRECTION('',(0.,0.,-1.));
#2514=DIRECTION('center_axis',(0.,0.,1.));
#2515=DIRECTION('ref_axis',(1.,0.,0.));
#2516=DIRECTION('center_axis',(0.,1.,0.));
#2517=DIRECTION('ref_axis',(0.,0.,1.));
#2518=DIRECTION('center_axis',(0.,-1.,0.));
#2519=DIRECTION('ref_axis',(1.,0.,0.));
#2520=DIRECTION('center_axis',(-1.,0.,1.22464679914735E-16));
#2521=DIRECTION('ref_axis',(-1.22464679914735E-16,0.,-1.));
#2522=DIRECTION('center_axis',(0.,1.,0.));
#2523=DIRECTION('ref_axis',(1.,0.,0.));
#2524=DIRECTION('center_axis',(0.,1.,0.));
#2525=DIRECTION('ref_axis',(1.,0.,0.));
#2526=DIRECTION('center_axis',(0.,-1.,0.));
#2527=DIRECTION('ref_axis',(1.,0.,0.));
#2528=DIRECTION('',(1.,0.,0.));
#2529=DIRECTION('',(0.,0.,1.));
#2530=DIRECTION('',(-1.,0.,0.));
#2531=DIRECTION('',(-1.,0.,0.));
#2532=DIRECTION('',(0.,0.,1.));
#2533=DIRECTION('',(1.,0.,0.));
#2534=DIRECTION('center_axis',(0.,-1.,0.));
#2535=DIRECTION('ref_axis',(1.,0.,0.));
#2536=DIRECTION('center_axis',(0.,-1.,0.));
#2537=DIRECTION('ref_axis',(1.,0.,0.));
#2538=DIRECTION('center_axis',(0.,1.,0.));
#2539=DIRECTION('ref_axis',(1.,0.,0.));
#2540=DIRECTION('',(0.,1.,0.));
#2541=DIRECTION('center_axis',(0.,1.,0.));
#2542=DIRECTION('ref_axis',(1.,0.,0.));
#2543=DIRECTION('center_axis',(0.,1.,0.));
#2544=DIRECTION('ref_axis',(0.,0.,1.));
#2545=DIRECTION('center_axis',(-1.,0.,1.22464679914735E-16));
#2546=DIRECTION('ref_axis',(-1.22464679914735E-16,0.,-1.));
#2547=DIRECTION('center_axis',(0.,1.,0.));
#2548=DIRECTION('ref_axis',(1.,0.,0.));
#2549=DIRECTION('center_axis',(0.,1.,0.));
#2550=DIRECTION('ref_axis',(1.,0.,0.));
#2551=DIRECTION('center_axis',(0.,1.,0.));
#2552=DIRECTION('ref_axis',(1.,0.,0.));
#2553=DIRECTION('',(0.,1.,0.));
#2554=DIRECTION('center_axis',(0.,1.,0.));
#2555=DIRECTION('ref_axis',(1.,0.,0.));
#2556=DIRECTION('center_axis',(1.,0.,0.));
#2557=DIRECTION('ref_axis',(0.,0.,-1.));
#2558=DIRECTION('center_axis',(-1.,0.,0.));
#2559=DIRECTION('ref_axis',(0.,1.,0.));
#2560=DIRECTION('center_axis',(0.,-1.,-1.22464679914735E-16));
#2561=DIRECTION('ref_axis',(0.,-1.22464679914735E-16,1.));
#2562=DIRECTION('center_axis',(1.,0.,0.));
#2563=DIRECTION('ref_axis',(0.,1.,0.));
#2564=DIRECTION('center_axis',(1.,0.,0.));
#2565=DIRECTION('ref_axis',(0.,1.,0.));
#2566=DIRECTION('center_axis',(-1.,0.,0.));
#2567=DIRECTION('ref_axis',(0.,1.,0.));
#2568=DIRECTION('center_axis',(-1.,0.,0.));
#2569=DIRECTION('ref_axis',(0.,-1.,0.));
#2570=DIRECTION('',(0.,-1.,0.));
#2571=DIRECTION('',(0.,0.,1.));
#2572=DIRECTION('',(0.,1.,0.));
#2573=DIRECTION('',(0.,1.,0.));
#2574=DIRECTION('',(0.,0.,1.));
#2575=DIRECTION('',(0.,-1.,0.));
#2576=DIRECTION('center_axis',(-1.,0.,0.));
#2577=DIRECTION('ref_axis',(0.,1.,0.));
#2578=DIRECTION('center_axis',(-1.,0.,0.));
#2579=DIRECTION('ref_axis',(0.,1.,0.));
#2580=DIRECTION('center_axis',(1.,0.,0.));
#2581=DIRECTION('ref_axis',(0.,1.,0.));
#2582=DIRECTION('',(-1.,0.,0.));
#2583=DIRECTION('center_axis',(1.,0.,0.));
#2584=DIRECTION('ref_axis',(0.,0.,-1.));
#2585=DIRECTION('center_axis',(0.,-1.,-1.22464679914735E-16));
#2586=DIRECTION('ref_axis',(0.,-1.22464679914735E-16,1.));
#2587=DIRECTION('center_axis',(1.,0.,0.));
#2588=DIRECTION('ref_axis',(0.,1.,0.));
#2589=DIRECTION('center_axis',(1.,0.,0.));
#2590=DIRECTION('ref_axis',(0.,1.,0.));
#2591=DIRECTION('center_axis',(-1.,0.,0.));
#2592=DIRECTION('ref_axis',(0.,1.,0.));
#2593=DIRECTION('center_axis',(1.,0.,0.));
#2594=DIRECTION('ref_axis',(0.,1.,0.));
#2595=DIRECTION('',(-1.,0.,0.));
#2596=DIRECTION('center_axis',(0.,-1.,0.));
#2597=DIRECTION('ref_axis',(0.,0.,-1.));
#2598=DIRECTION('center_axis',(0.,1.,0.));
#2599=DIRECTION('ref_axis',(1.,0.,0.));
#2600=DIRECTION('center_axis',(-1.,0.,-1.22464679914735E-16));
#2601=DIRECTION('ref_axis',(-1.22464679914735E-16,0.,1.));
#2602=DIRECTION('center_axis',(0.,-1.,0.));
#2603=DIRECTION('ref_axis',(1.,0.,0.));
#2604=DIRECTION('center_axis',(0.,-1.,0.));
#2605=DIRECTION('ref_axis',(1.,0.,0.));
#2606=DIRECTION('center_axis',(0.,1.,0.));
#2607=DIRECTION('ref_axis',(1.,0.,0.));
#2608=DIRECTION('center_axis',(0.,1.,0.));
#2609=DIRECTION('ref_axis',(-1.,0.,0.));
#2610=DIRECTION('',(-1.,0.,0.));
#2611=DIRECTION('',(0.,0.,1.));
#2612=DIRECTION('',(1.,0.,0.));
#2613=DIRECTION('',(1.,0.,0.));
#2614=DIRECTION('',(0.,0.,1.));
#2615=DIRECTION('',(-1.,0.,0.));
#2616=DIRECTION('center_axis',(0.,1.,0.));
#2617=DIRECTION('ref_axis',(1.,0.,0.));
#2618=DIRECTION('center_axis',(0.,1.,0.));
#2619=DIRECTION('ref_axis',(1.,0.,0.));
#2620=DIRECTION('center_axis',(0.,-1.,0.));
#2621=DIRECTION('ref_axis',(1.,0.,0.));
#2622=DIRECTION('',(0.,1.,0.));
#2623=DIRECTION('center_axis',(0.,-1.,0.));
#2624=DIRECTION('ref_axis',(0.,0.,-1.));
#2625=DIRECTION('center_axis',(-1.,0.,-1.22464679914735E-16));
#2626=DIRECTION('ref_axis',(-1.22464679914735E-16,0.,1.));
#2627=DIRECTION('center_axis',(0.,-1.,0.));
#2628=DIRECTION('ref_axis',(1.,0.,0.));
#2629=DIRECTION('center_axis',(0.,-1.,0.));
#2630=DIRECTION('ref_axis',(1.,0.,0.));
#2631=DIRECTION('center_axis',(0.,1.,0.));
#2632=DIRECTION('ref_axis',(1.,0.,0.));
#2633=DIRECTION('center_axis',(0.,-1.,0.));
#2634=DIRECTION('ref_axis',(1.,0.,0.));
#2635=DIRECTION('',(0.,1.,0.));
#2636=DIRECTION('center_axis',(0.,0.,1.));
#2637=DIRECTION('ref_axis',(1.,0.,0.));
#2638=DIRECTION('center_axis',(0.,0.,-1.));
#2639=DIRECTION('ref_axis',(1.,0.,0.));
#2640=DIRECTION('',(0.,0.,-1.));
#2641=DIRECTION('center_axis',(0.,0.,-1.));
#2642=DIRECTION('ref_axis',(1.,0.,0.));
#2643=DIRECTION('center_axis',(0.,0.,1.));
#2644=DIRECTION('ref_axis',(1.,0.,0.));
#2645=DIRECTION('center_axis',(0.,0.,-1.));
#2646=DIRECTION('ref_axis',(1.,0.,0.));
#2647=DIRECTION('',(0.,0.,-1.));
#2648=DIRECTION('center_axis',(0.,0.,-1.));
#2649=DIRECTION('ref_axis',(1.,0.,0.));
#2650=DIRECTION('center_axis',(0.,0.,1.));
#2651=DIRECTION('ref_axis',(1.,0.,0.));
#2652=DIRECTION('center_axis',(0.,0.,-1.));
#2653=DIRECTION('ref_axis',(1.,0.,0.));
#2654=DIRECTION('',(0.,0.,-1.));
#2655=DIRECTION('center_axis',(0.,0.,-1.));
#2656=DIRECTION('ref_axis',(1.,0.,0.));
#2657=DIRECTION('center_axis',(0.,0.,1.));
#2658=DIRECTION('ref_axis',(1.,0.,0.));
#2659=DIRECTION('center_axis',(0.,0.,1.));
#2660=DIRECTION('ref_axis',(1.,0.,0.));
#2661=DIRECTION('',(1.,0.,0.));
#2662=DIRECTION('center_axis',(0.,0.,1.));
#2663=DIRECTION('ref_axis',(1.,0.,0.));
#2664=DIRECTION('',(0.,1.,0.));
#2665=DIRECTION('center_axis',(0.,0.,1.));
#2666=DIRECTION('ref_axis',(1.,0.,0.));
#2667=DIRECTION('',(-1.,0.,0.));
#2668=DIRECTION('center_axis',(0.,0.,1.));
#2669=DIRECTION('ref_axis',(1.,0.,0.));
#2670=DIRECTION('center_axis',(0.,0.,1.));
#2671=DIRECTION('ref_axis',(1.,0.,0.));
#2672=DIRECTION('',(0.,-1.,0.));
#2673=DIRECTION('',(-1.,0.,0.));
#2674=DIRECTION('',(0.,1.,0.));
#2675=DIRECTION('',(-1.,0.,0.));
#2676=DIRECTION('center_axis',(0.,0.,-1.));
#2677=DIRECTION('ref_axis',(1.,0.,0.));
#2678=DIRECTION('',(1.,0.,0.));
#2679=DIRECTION('',(0.,1.,0.));
#2680=DIRECTION('',(1.,0.,0.));
#2681=DIRECTION('',(0.,-1.,0.));
#2682=DIRECTION('center_axis',(0.,0.,1.));
#2683=DIRECTION('ref_axis',(1.,0.,0.));
#2684=DIRECTION('center_axis',(0.,0.,1.));
#2685=DIRECTION('ref_axis',(1.,0.,0.));
#2686=DIRECTION('center_axis',(0.,0.,-1.));
#2687=DIRECTION('ref_axis',(1.,0.,0.));
#2688=DIRECTION('',(0.,0.,-1.));
#2689=DIRECTION('center_axis',(0.,0.,-1.));
#2690=DIRECTION('ref_axis',(1.,0.,0.));
#2691=DIRECTION('center_axis',(1.,0.,0.));
#2692=DIRECTION('ref_axis',(0.,1.,0.));
#2693=DIRECTION('center_axis',(1.,0.,0.));
#2694=DIRECTION('ref_axis',(0.,1.,0.));
#2695=DIRECTION('center_axis',(1.,0.,0.));
#2696=DIRECTION('ref_axis',(0.,1.,0.));
#2697=DIRECTION('center_axis',(-1.,0.,0.));
#2698=DIRECTION('ref_axis',(0.,1.,0.));
#2699=DIRECTION('',(-1.,0.,0.));
#2700=DIRECTION('center_axis',(1.,0.,0.));
#2701=DIRECTION('ref_axis',(0.,1.,0.));
#2702=DIRECTION('center_axis',(-1.,0.,0.));
#2703=DIRECTION('ref_axis',(0.,1.,0.));
#2704=DIRECTION('center_axis',(-1.,0.,0.));
#2705=DIRECTION('ref_axis',(0.,1.,0.));
#2706=DIRECTION('',(-1.,0.,0.));
#2707=DIRECTION('center_axis',(1.,0.,0.));
#2708=DIRECTION('ref_axis',(0.,1.,0.));
#2709=DIRECTION('center_axis',(1.,0.,0.));
#2710=DIRECTION('ref_axis',(0.,1.,0.));
#2711=DIRECTION('center_axis',(1.,0.,0.));
#2712=DIRECTION('ref_axis',(0.,1.,0.));
#2713=DIRECTION('center_axis',(-1.,0.,0.));
#2714=DIRECTION('ref_axis',(0.,1.,0.));
#2715=DIRECTION('',(-1.,0.,0.));
#2716=DIRECTION('center_axis',(1.,0.,0.));
#2717=DIRECTION('ref_axis',(0.,1.,0.));
#2718=DIRECTION('center_axis',(-1.,0.,0.));
#2719=DIRECTION('ref_axis',(0.,1.,0.));
#2720=DIRECTION('center_axis',(-1.,0.,0.));
#2721=DIRECTION('ref_axis',(0.,1.,0.));
#2722=DIRECTION('',(-1.,0.,0.));
#2723=DIRECTION('center_axis',(0.,1.,0.));
#2724=DIRECTION('ref_axis',(1.,0.,0.));
#2725=DIRECTION('center_axis',(0.,1.,0.));
#2726=DIRECTION('ref_axis',(1.,0.,0.));
#2727=DIRECTION('center_axis',(0.,1.,0.));
#2728=DIRECTION('ref_axis',(1.,0.,0.));
#2729=DIRECTION('center_axis',(0.,-1.,0.));
#2730=DIRECTION('ref_axis',(1.,0.,0.));
#2731=DIRECTION('',(0.,-1.,0.));
#2732=DIRECTION('center_axis',(0.,1.,0.));
#2733=DIRECTION('ref_axis',(1.,0.,0.));
#2734=DIRECTION('center_axis',(0.,-1.,0.));
#2735=DIRECTION('ref_axis',(1.,0.,0.));
#2736=DIRECTION('center_axis',(0.,1.,0.));
#2737=DIRECTION('ref_axis',(1.,0.,0.));
#2738=DIRECTION('',(0.,1.,0.));
#2739=DIRECTION('center_axis',(0.,1.,0.));
#2740=DIRECTION('ref_axis',(1.,0.,0.));
#2741=DIRECTION('center_axis',(0.,1.,0.));
#2742=DIRECTION('ref_axis',(1.,0.,0.));
#2743=DIRECTION('center_axis',(0.,1.,0.));
#2744=DIRECTION('ref_axis',(1.,0.,0.));
#2745=DIRECTION('center_axis',(0.,-1.,0.));
#2746=DIRECTION('ref_axis',(1.,0.,0.));
#2747=DIRECTION('',(0.,-1.,0.));
#2748=DIRECTION('center_axis',(0.,1.,0.));
#2749=DIRECTION('ref_axis',(1.,0.,0.));
#2750=DIRECTION('center_axis',(0.,-1.,0.));
#2751=DIRECTION('ref_axis',(1.,0.,0.));
#2752=DIRECTION('center_axis',(0.,1.,0.));
#2753=DIRECTION('ref_axis',(1.,0.,0.));
#2754=DIRECTION('',(0.,1.,0.));
#2755=DIRECTION('center_axis',(0.,1.,0.));
#2756=DIRECTION('ref_axis',(1.,0.,0.));
#2757=DIRECTION('center_axis',(0.,1.,0.));
#2758=DIRECTION('ref_axis',(1.,0.,0.));
#2759=DIRECTION('center_axis',(0.,1.,0.));
#2760=DIRECTION('ref_axis',(1.,0.,0.));
#2761=DIRECTION('center_axis',(0.,1.,0.));
#2762=DIRECTION('ref_axis',(1.,0.,0.));
#2763=DIRECTION('center_axis',(0.,-1.,0.));
#2764=DIRECTION('ref_axis',(1.,0.,0.));
#2765=DIRECTION('',(0.,-1.,0.));
#2766=DIRECTION('center_axis',(0.,1.,0.));
#2767=DIRECTION('ref_axis',(1.,0.,0.));
#2768=DIRECTION('center_axis',(0.,1.,0.));
#2769=DIRECTION('ref_axis',(1.,0.,0.));
#2770=DIRECTION('center_axis',(0.,1.,0.));
#2771=DIRECTION('ref_axis',(1.,0.,0.));
#2772=DIRECTION('center_axis',(0.,1.,0.));
#2773=DIRECTION('ref_axis',(1.,0.,0.));
#2774=DIRECTION('center_axis',(0.,1.,0.));
#2775=DIRECTION('ref_axis',(1.,0.,0.));
#2776=DIRECTION('center_axis',(0.,-1.,0.));
#2777=DIRECTION('ref_axis',(1.,0.,0.));
#2778=DIRECTION('',(0.,-1.,0.));
#2779=DIRECTION('center_axis',(0.,1.,0.));
#2780=DIRECTION('ref_axis',(1.,0.,0.));
#2781=DIRECTION('center_axis',(0.,1.,0.));
#2782=DIRECTION('ref_axis',(1.,0.,0.));
#2783=DIRECTION('',(0.,1.,0.));
#2784=DIRECTION('center_axis',(0.,1.,0.));
#2785=DIRECTION('ref_axis',(1.,0.,0.));
#2786=DIRECTION('',(0.,1.,0.));
#2787=DIRECTION('center_axis',(0.,0.,1.));
#2788=DIRECTION('ref_axis',(1.,0.,0.));
#2789=DIRECTION('center_axis',(0.,0.,-1.));
#2790=DIRECTION('ref_axis',(1.,0.,0.));
#2791=DIRECTION('center_axis',(1.22464679914735E-16,-1.,0.));
#2792=DIRECTION('ref_axis',(-1.,-1.22464679914735E-16,0.));
#2793=DIRECTION('center_axis',(0.,0.,1.));
#2794=DIRECTION('ref_axis',(1.,0.,0.));
#2795=DIRECTION('center_axis',(0.,0.,1.));
#2796=DIRECTION('ref_axis',(1.,0.,0.));
#2797=DIRECTION('',(0.,0.,-1.));
#2798=DIRECTION('center_axis',(0.,0.,1.));
#2799=DIRECTION('ref_axis',(1.,0.,0.));
#2800=DIRECTION('center_axis',(0.,0.,-1.));
#2801=DIRECTION('ref_axis',(1.,0.,0.));
#2802=DIRECTION('center_axis',(0.,1.,0.));
#2803=DIRECTION('ref_axis',(0.707106781186548,0.,0.707106781186548));
#2804=DIRECTION('center_axis',(0.,1.,0.));
#2805=DIRECTION('ref_axis',(0.707106781186548,0.,0.707106781186548));
#2806=DIRECTION('',(0.,1.,0.));
#2807=DIRECTION('center_axis',(0.,-1.,0.));
#2808=DIRECTION('ref_axis',(1.,0.,-4.44089209850062E-15));
#2809=DIRECTION('center_axis',(0.,0.,1.));
#2810=DIRECTION('ref_axis',(1.,0.,0.));
#2811=DIRECTION('center_axis',(0.,-1.,0.));
#2812=DIRECTION('ref_axis',(-1.,0.,0.));
#2813=DIRECTION('center_axis',(0.,0.,1.));
#2814=DIRECTION('ref_axis',(0.707106781186547,0.707106781186548,0.));
#2815=DIRECTION('center_axis',(1.,0.,0.));
#2816=DIRECTION('ref_axis',(0.,1.,0.));
#2817=DIRECTION('center_axis',(-1.,0.,0.));
#2818=DIRECTION('ref_axis',(0.,0.707106781186548,0.707106781186548));
#2819=DIRECTION('center_axis',(1.,-2.22044604925031E-15,0.));
#2820=DIRECTION('ref_axis',(2.22044604925031E-15,1.,-4.44089209850062E-15));
#2821=DIRECTION('center_axis',(0.,0.,1.));
#2822=DIRECTION('ref_axis',(1.,0.,0.));
#2823=DIRECTION('center_axis',(0.,-1.,0.));
#2824=DIRECTION('ref_axis',(-1.,0.,0.));
#2825=DIRECTION('center_axis',(0.,0.,1.));
#2826=DIRECTION('ref_axis',(-0.707106781186548,0.707106781186548,0.));
#2827=DIRECTION('center_axis',(0.,1.,0.));
#2828=DIRECTION('ref_axis',(-1.,0.,0.));
#2829=DIRECTION('center_axis',(0.,-1.,0.));
#2830=DIRECTION('ref_axis',(-0.707106781186548,0.,0.707106781186548));
#2831=DIRECTION('center_axis',(-2.22044604925031E-15,1.,0.));
#2832=DIRECTION('ref_axis',(-1.,-2.22044604925031E-15,-4.44089209850062E-15));
#2833=DIRECTION('center_axis',(0.,0.,1.));
#2834=DIRECTION('ref_axis',(1.,0.,0.));
#2835=DIRECTION('center_axis',(0.,-1.,0.));
#2836=DIRECTION('ref_axis',(-1.,0.,0.));
#2837=DIRECTION('center_axis',(0.,0.,1.));
#2838=DIRECTION('ref_axis',(-0.707106781186547,-0.707106781186548,0.));
#2839=DIRECTION('center_axis',(-1.,0.,0.));
#2840=DIRECTION('ref_axis',(0.,-1.,0.));
#2841=DIRECTION('center_axis',(1.,0.,0.));
#2842=DIRECTION('ref_axis',(0.,-0.707106781186548,0.707106781186548));
#2843=DIRECTION('center_axis',(-1.,-2.22044604925031E-15,0.));
#2844=DIRECTION('ref_axis',(2.22044604925031E-15,-1.,-4.44089209850062E-15));
#2845=DIRECTION('center_axis',(0.,0.,1.));
#2846=DIRECTION('ref_axis',(1.,0.,0.));
#2847=DIRECTION('center_axis',(0.,-1.,0.));
#2848=DIRECTION('ref_axis',(-1.,0.,0.));
#2849=DIRECTION('center_axis',(0.,0.,1.));
#2850=DIRECTION('ref_axis',(0.707106781186548,-0.707106781186548,0.));
#2851=DIRECTION('center_axis',(0.,-1.,0.));
#2852=DIRECTION('ref_axis',(1.,0.,0.));
#2853=DIRECTION('center_axis',(0.,1.,0.));
#2854=DIRECTION('ref_axis',(0.707106781186548,0.,0.707106781186548));
#2855=DIRECTION('center_axis',(0.,-1.,0.));
#2856=DIRECTION('ref_axis',(0.707106781186548,0.,0.707106781186548));
#2857=DIRECTION('',(0.,1.,0.));
#2858=DIRECTION('center_axis',(0.,-1.,0.));
#2859=DIRECTION('ref_axis',(0.,0.,1.));
#2860=DIRECTION('',(0.,0.,1.));
#2861=DIRECTION('',(-1.,0.,0.));
#2862=DIRECTION('',(0.,0.,1.));
#2863=DIRECTION('center_axis',(0.,0.,1.));
#2864=DIRECTION('ref_axis',(0.,-1.,0.));
#2865=DIRECTION('center_axis',(0.,0.,-1.));
#2866=DIRECTION('ref_axis',(0.707106781186548,-0.707106781186548,0.));
#2867=DIRECTION('',(0.,0.,1.));
#2868=DIRECTION('center_axis',(0.,0.,1.));
#2869=DIRECTION('ref_axis',(-1.,0.,0.));
#2870=DIRECTION('center_axis',(0.,0.,-1.));
#2871=DIRECTION('ref_axis',(-0.707106781186547,-0.707106781186548,0.));
#2872=DIRECTION('center_axis',(0.,0.,1.));
#2873=DIRECTION('ref_axis',(0.,1.,0.));
#2874=DIRECTION('center_axis',(0.,0.,-1.));
#2875=DIRECTION('ref_axis',(-0.707106781186548,0.707106781186548,0.));
#2876=DIRECTION('center_axis',(0.,0.,1.));
#2877=DIRECTION('ref_axis',(1.,8.32667268468867E-16,0.));
#2878=DIRECTION('',(0.,0.,1.));
#2879=DIRECTION('center_axis',(0.,0.,-1.));
#2880=DIRECTION('ref_axis',(0.707106781186547,0.707106781186548,0.));
#2881=DIRECTION('center_axis',(1.,0.,0.));
#2882=DIRECTION('ref_axis',(0.,1.,0.));
#2883=DIRECTION('',(0.,-1.,0.));
#2884=DIRECTION('',(0.,0.,-1.));
#2885=DIRECTION('',(0.,-1.,0.));
#2886=DIRECTION('center_axis',(-1.,0.,0.));
#2887=DIRECTION('ref_axis',(0.,0.70710678118655,-0.707106781186545));
#2888=DIRECTION('center_axis',(-1.,0.,0.));
#2889=DIRECTION('ref_axis',(0.,1.,0.));
#2890=DIRECTION('center_axis',(1.,-2.22044604925031E-15,0.));
#2891=DIRECTION('ref_axis',(0.,0.,-1.));
#2892=DIRECTION('center_axis',(0.,0.,1.));
#2893=DIRECTION('ref_axis',(1.,0.,0.));
#2894=DIRECTION('center_axis',(0.,1.,0.));
#2895=DIRECTION('ref_axis',(0.,0.,-1.));
#2896=DIRECTION('center_axis',(0.,-1.,0.));
#2897=DIRECTION('ref_axis',(-1.,0.,0.));
#2898=DIRECTION('center_axis',(0.,-1.,0.));
#2899=DIRECTION('ref_axis',(-0.70710678118655,0.,-0.707106781186545));
#2900=DIRECTION('center_axis',(-2.22044604925031E-15,1.,0.));
#2901=DIRECTION('ref_axis',(0.,0.,-1.));
#2902=DIRECTION('center_axis',(0.,0.,1.));
#2903=DIRECTION('ref_axis',(1.,0.,0.));
#2904=DIRECTION('center_axis',(-1.,0.,0.));
#2905=DIRECTION('ref_axis',(0.,0.,-1.));
#2906=DIRECTION('center_axis',(0.,-1.,0.));
#2907=DIRECTION('ref_axis',(-1.,0.,0.));
#2908=DIRECTION('center_axis',(1.,0.,0.));
#2909=DIRECTION('ref_axis',(0.,-0.70710678118655,-0.707106781186545));
#2910=DIRECTION('center_axis',(-1.,-2.22044604925031E-15,0.));
#2911=DIRECTION('ref_axis',(0.,0.,-1.));
#2912=DIRECTION('center_axis',(0.,0.,1.));
#2913=DIRECTION('ref_axis',(1.,0.,0.));
#2914=DIRECTION('center_axis',(0.,-1.,0.));
#2915=DIRECTION('ref_axis',(0.,0.,-1.));
#2916=DIRECTION('center_axis',(0.,-1.,0.));
#2917=DIRECTION('ref_axis',(-1.,0.,0.));
#2918=DIRECTION('center_axis',(0.,1.,0.));
#2919=DIRECTION('ref_axis',(0.70710678118655,0.,-0.707106781186545));
#2920=DIRECTION('center_axis',(0.,-1.,0.));
#2921=DIRECTION('ref_axis',(0.,0.,-1.));
#2922=DIRECTION('center_axis',(0.,0.,1.));
#2923=DIRECTION('ref_axis',(1.,0.,0.));
#2924=DIRECTION('center_axis',(0.,-1.,0.));
#2925=DIRECTION('ref_axis',(-1.,0.,0.));
#2926=DIRECTION('center_axis',(-1.,0.,0.));
#2927=DIRECTION('ref_axis',(0.,0.,1.));
#2928=DIRECTION('',(0.,0.,-1.));
#2929=DIRECTION('',(0.,-1.,0.));
#2930=DIRECTION('',(0.,0.,-1.));
#2931=DIRECTION('',(0.,0.,1.));
#2932=DIRECTION('',(0.,1.,0.));
#2933=DIRECTION('center_axis',(0.,0.,-1.));
#2934=DIRECTION('ref_axis',(0.,-1.,0.));
#2935=DIRECTION('',(-1.,0.,0.));
#2936=DIRECTION('',(0.,-1.,0.));
#2937=DIRECTION('center_axis',(0.,1.,0.));
#2938=DIRECTION('ref_axis',(0.,0.,-1.));
#2939=DIRECTION('center_axis',(-1.,0.,0.));
#2940=DIRECTION('ref_axis',(0.,0.,1.));
#2941=DIRECTION('',(0.,0.,-1.));
#2942=DIRECTION('',(0.,1.,0.));
#2943=DIRECTION('',(0.,0.,-1.));
#2944=DIRECTION('center_axis',(0.,-1.,0.));
#2945=DIRECTION('ref_axis',(0.,0.,1.));
#2946=DIRECTION('',(-1.,0.,0.));
#2947=DIRECTION('',(0.,0.,-1.));
#2948=DIRECTION('center_axis',(0.,0.,-1.));
#2949=DIRECTION('ref_axis',(0.,-1.,0.));
#2950=DIRECTION('center_axis',(0.,0.,1.));
#2951=DIRECTION('ref_axis',(1.,0.,0.));
#2952=DIRECTION('center_axis',(0.,0.,-1.));
#2953=DIRECTION('ref_axis',(0.,-1.,0.));
#2954=DIRECTION('',(-1.,0.,0.));
#2955=DIRECTION('center_axis',(0.,0.,1.));
#2956=DIRECTION('ref_axis',(1.,0.,0.));
#2957=DIRECTION('center_axis',(0.,1.,0.));
#2958=DIRECTION('ref_axis',(0.,0.,-1.));
#2959=DIRECTION('',(0.,0.,1.));
#2960=DIRECTION('center_axis',(0.,0.,1.));
#2961=DIRECTION('ref_axis',(-1.,1.22464679914735E-16,0.));
#2962=DIRECTION('',(0.,0.,-1.));
#2963=DIRECTION('center_axis',(0.,0.,1.));
#2964=DIRECTION('ref_axis',(1.,0.,0.));
#2965=DIRECTION('center_axis',(0.,0.,1.));
#2966=DIRECTION('ref_axis',(1.,0.,0.));
#2967=DIRECTION('center_axis',(0.,0.,1.));
#2968=DIRECTION('ref_axis',(1.,0.,0.));
#2969=DIRECTION('',(0.,0.,1.));
#2970=DIRECTION('center_axis',(0.,0.,1.));
#2971=DIRECTION('ref_axis',(1.,0.,0.));
#2972=DIRECTION('center_axis',(0.,0.,1.));
#2973=DIRECTION('ref_axis',(1.,0.,0.));
#2974=DIRECTION('center_axis',(0.,0.,-1.));
#2975=DIRECTION('ref_axis',(1.,0.,0.));
#2976=DIRECTION('center_axis',(0.,0.,1.));
#2977=DIRECTION('ref_axis',(1.,0.,0.));
#2978=DIRECTION('center_axis',(0.,0.,1.));
#2979=DIRECTION('ref_axis',(1.,0.,0.));
#2980=DIRECTION('center_axis',(0.,0.,1.));
#2981=DIRECTION('ref_axis',(1.,0.,0.));
#2982=DIRECTION('center_axis',(0.,0.,1.));
#2983=DIRECTION('ref_axis',(1.,0.,0.));
#2984=DIRECTION('',(0.,0.,1.));
#2985=DIRECTION('center_axis',(0.,0.,1.));
#2986=DIRECTION('ref_axis',(1.,0.,0.));
#2987=DIRECTION('center_axis',(0.,0.,1.));
#2988=DIRECTION('ref_axis',(1.,0.,0.));
#2989=DIRECTION('center_axis',(0.,0.,-1.));
#2990=DIRECTION('ref_axis',(1.,0.,0.));
#2991=DIRECTION('center_axis',(0.,0.,1.));
#2992=DIRECTION('ref_axis',(1.,0.,0.));
#2993=DIRECTION('center_axis',(0.,0.,1.));
#2994=DIRECTION('ref_axis',(1.,0.,0.));
#2995=DIRECTION('center_axis',(0.,0.,1.));
#2996=DIRECTION('ref_axis',(1.,0.,0.));
#2997=DIRECTION('center_axis',(0.,0.,1.));
#2998=DIRECTION('ref_axis',(1.,0.,0.));
#2999=DIRECTION('',(0.,0.,1.));
#3000=DIRECTION('center_axis',(0.,0.,1.));
#3001=DIRECTION('ref_axis',(1.,0.,0.));
#3002=DIRECTION('center_axis',(0.,0.,1.));
#3003=DIRECTION('ref_axis',(1.,0.,0.));
#3004=DIRECTION('center_axis',(0.,0.,-1.));
#3005=DIRECTION('ref_axis',(1.,0.,0.));
#3006=DIRECTION('center_axis',(0.,0.,1.));
#3007=DIRECTION('ref_axis',(1.,0.,0.));
#3008=DIRECTION('center_axis',(0.,0.,1.));
#3009=DIRECTION('ref_axis',(1.,0.,0.));
#3010=DIRECTION('center_axis',(0.,0.,1.));
#3011=DIRECTION('ref_axis',(1.,0.,0.));
#3012=DIRECTION('center_axis',(0.,0.,1.));
#3013=DIRECTION('ref_axis',(1.,0.,0.));
#3014=DIRECTION('',(0.,0.,1.));
#3015=DIRECTION('center_axis',(0.,0.,1.));
#3016=DIRECTION('ref_axis',(1.,0.,0.));
#3017=DIRECTION('center_axis',(0.,0.,1.));
#3018=DIRECTION('ref_axis',(1.,0.,0.));
#3019=DIRECTION('center_axis',(0.,0.,-1.));
#3020=DIRECTION('ref_axis',(1.,0.,0.));
#3021=DIRECTION('center_axis',(0.,0.,1.));
#3022=DIRECTION('ref_axis',(1.,0.,0.));
#3023=DIRECTION('center_axis',(0.,0.,1.));
#3024=DIRECTION('ref_axis',(1.,0.,0.));
#3025=DIRECTION('center_axis',(0.,0.,1.));
#3026=DIRECTION('ref_axis',(1.,0.,0.));
#3027=DIRECTION('',(0.,0.,-1.));
#3028=DIRECTION('center_axis',(0.,0.,-1.));
#3029=DIRECTION('ref_axis',(1.,0.,0.));
#3030=DIRECTION('center_axis',(0.,0.,1.));
#3031=DIRECTION('ref_axis',(1.,0.,0.));
#3032=DIRECTION('',(0.,0.,-1.));
#3033=DIRECTION('center_axis',(0.,0.,-1.));
#3034=DIRECTION('ref_axis',(1.,0.,0.));
#3035=DIRECTION('center_axis',(0.,0.,1.));
#3036=DIRECTION('ref_axis',(1.,0.,0.));
#3037=DIRECTION('',(0.,0.,-1.));
#3038=DIRECTION('center_axis',(0.,0.,-1.));
#3039=DIRECTION('ref_axis',(1.,0.,0.));
#3040=DIRECTION('center_axis',(0.,0.,1.));
#3041=DIRECTION('ref_axis',(1.,0.,0.));
#3042=DIRECTION('',(0.,0.,-1.));
#3043=DIRECTION('center_axis',(0.,0.,-1.));
#3044=DIRECTION('ref_axis',(1.,0.,0.));
#3045=DIRECTION('center_axis',(0.,0.,1.));
#3046=DIRECTION('ref_axis',(1.,0.,0.));
#3047=DIRECTION('center_axis',(0.,0.,-1.));
#3048=DIRECTION('ref_axis',(1.,0.,0.));
#3049=DIRECTION('',(0.,0.,-1.));
#3050=DIRECTION('center_axis',(0.,0.,1.));
#3051=DIRECTION('ref_axis',(1.,0.,0.));
#3052=DIRECTION('center_axis',(0.,0.,1.));
#3053=DIRECTION('ref_axis',(1.,0.,0.));
#3054=DIRECTION('center_axis',(0.,0.,1.));
#3055=DIRECTION('ref_axis',(1.,0.,0.));
#3056=DIRECTION('center_axis',(0.,0.,-1.));
#3057=DIRECTION('ref_axis',(1.,0.,0.));
#3058=DIRECTION('',(0.,0.,-1.));
#3059=DIRECTION('center_axis',(0.,0.,1.));
#3060=DIRECTION('ref_axis',(1.,0.,0.));
#3061=DIRECTION('center_axis',(0.,0.,1.));
#3062=DIRECTION('ref_axis',(1.,0.,0.));
#3063=DIRECTION('center_axis',(0.,0.,1.));
#3064=DIRECTION('ref_axis',(1.,0.,0.));
#3065=DIRECTION('center_axis',(0.,0.,-1.));
#3066=DIRECTION('ref_axis',(1.,0.,0.));
#3067=DIRECTION('',(0.,0.,-1.));
#3068=DIRECTION('center_axis',(0.,0.,1.));
#3069=DIRECTION('ref_axis',(1.,0.,0.));
#3070=DIRECTION('center_axis',(0.,0.,1.));
#3071=DIRECTION('ref_axis',(1.,0.,0.));
#3072=DIRECTION('center_axis',(0.,0.,1.));
#3073=DIRECTION('ref_axis',(1.,0.,0.));
#3074=DIRECTION('center_axis',(0.,0.,-1.));
#3075=DIRECTION('ref_axis',(1.,0.,0.));
#3076=DIRECTION('',(0.,0.,-1.));
#3077=DIRECTION('center_axis',(0.,0.,1.));
#3078=DIRECTION('ref_axis',(1.,0.,0.));
#3079=DIRECTION('center_axis',(0.,0.,1.));
#3080=DIRECTION('ref_axis',(1.,0.,0.));
#3081=DIRECTION('center_axis',(0.,0.,1.));
#3082=DIRECTION('ref_axis',(1.,0.,0.));
#3083=DIRECTION('center_axis',(0.,0.,-1.));
#3084=DIRECTION('ref_axis',(1.,0.,0.));
#3085=DIRECTION('',(0.,0.,-1.));
#3086=DIRECTION('center_axis',(0.,0.,1.));
#3087=DIRECTION('ref_axis',(1.,0.,0.));
#3088=DIRECTION('center_axis',(-1.,0.,0.));
#3089=DIRECTION('ref_axis',(0.,0.707106781186547,-0.707106781186548));
#3090=DIRECTION('',(1.,0.,0.));
#3091=DIRECTION('center_axis',(-1.,0.,0.));
#3092=DIRECTION('ref_axis',(0.,0.707106781186547,-0.707106781186548));
#3093=DIRECTION('',(-1.,0.,0.));
#3094=DIRECTION('center_axis',(0.707106781186547,0.707106781186548,0.));
#3095=DIRECTION('ref_axis',(0.707106781186548,-0.707106781186547,0.));
#3096=DIRECTION('center_axis',(0.,-1.,0.));
#3097=DIRECTION('ref_axis',(-0.707106781186548,0.,-0.707106781186547));
#3098=DIRECTION('',(0.,1.,0.));
#3099=DIRECTION('',(0.,-1.,0.));
#3100=DIRECTION('center_axis',(0.707106781186547,0.707106781186548,0.));
#3101=DIRECTION('ref_axis',(-0.707106781186548,0.707106781186547,0.));
#3102=DIRECTION('center_axis',(-1.,0.,0.));
#3103=DIRECTION('ref_axis',(0.,0.707106781186547,-0.707106781186548));
#3104=DIRECTION('',(-1.,0.,0.));
#3105=DIRECTION('',(1.,0.,0.));
#3106=DIRECTION('center_axis',(0.,1.,0.));
#3107=DIRECTION('ref_axis',(-1.,0.,0.));
#3108=DIRECTION('',(0.,0.,1.));
#3109=DIRECTION('',(-1.,0.,0.));
#3110=DIRECTION('',(0.,0.,1.));
#3111=DIRECTION('center_axis',(-1.,0.,0.));
#3112=DIRECTION('ref_axis',(0.,-1.,0.));
#3113=DIRECTION('',(0.,0.,1.));
#3114=DIRECTION('',(0.,-1.,0.));
#3115=DIRECTION('center_axis',(0.,1.,0.));
#3116=DIRECTION('ref_axis',(-1.,0.,0.));
#3117=DIRECTION('',(0.,0.,1.));
#3118=DIRECTION('',(-1.,0.,0.));
#3119=DIRECTION('center_axis',(1.,0.,0.));
#3120=DIRECTION('ref_axis',(0.,-0.707106781186547,-0.707106781186548));
#3121=DIRECTION('',(-1.,0.,0.));
#3122=DIRECTION('',(1.,0.,0.));
#3123=DIRECTION('center_axis',(-0.707106781186547,0.707106781186548,0.));
#3124=DIRECTION('ref_axis',(-0.707106781186548,-0.707106781186547,0.));
#3125=DIRECTION('center_axis',(0.,-1.,0.));
#3126=DIRECTION('ref_axis',(-0.707106781186548,0.,-0.707106781186547));
#3127=DIRECTION('',(0.,1.,0.));
#3128=DIRECTION('',(0.,-1.,0.));
#3129=DIRECTION('center_axis',(-0.707106781186547,0.707106781186548,0.));
#3130=DIRECTION('ref_axis',(0.707106781186548,0.707106781186547,0.));
#3131=DIRECTION('center_axis',(1.,0.,0.));
#3132=DIRECTION('ref_axis',(0.,-0.707106781186547,-0.707106781186548));
#3133=DIRECTION('',(1.,0.,0.));
#3134=DIRECTION('center_axis',(-1.,0.,0.));
#3135=DIRECTION('ref_axis',(0.,-0.707106781186547,-0.707106781186548));
#3136=DIRECTION('',(-1.,0.,0.));
#3137=DIRECTION('center_axis',(0.,0.,1.));
#3138=DIRECTION('ref_axis',(1.,0.,0.));
#3139=DIRECTION('',(0.,1.,0.));
#3140=DIRECTION('center_axis',(0.,0.,1.));
#3141=DIRECTION('ref_axis',(1.,0.,0.));
#3142=DIRECTION('',(-1.,0.,0.));
#3143=DIRECTION('center_axis',(0.,0.,-1.));
#3144=DIRECTION('ref_axis',(1.,0.,0.));
#3145=DIRECTION('',(1.,0.,0.));
#3146=DIRECTION('center_axis',(0.,0.,1.));
#3147=DIRECTION('ref_axis',(1.,0.,0.));
#3148=DIRECTION('center_axis',(0.,-1.,0.));
#3149=DIRECTION('ref_axis',(-1.,0.,0.));
#3150=DIRECTION('',(0.,0.,-1.));
#3151=DIRECTION('',(0.,0.,-1.));
#3152=DIRECTION('center_axis',(0.,0.,-1.));
#3153=DIRECTION('ref_axis',(-1.,0.,0.));
#3154=DIRECTION('center_axis',(0.,0.,1.));
#3155=DIRECTION('ref_axis',(-1.,1.22464679914735E-16,0.));
#3156=DIRECTION('center_axis',(0.,0.,-1.));
#3157=DIRECTION('ref_axis',(-1.,1.22464679914735E-16,0.));
#3158=DIRECTION('center_axis',(0.,1.,0.));
#3159=DIRECTION('ref_axis',(1.,0.,0.));
#3160=DIRECTION('',(0.,0.,-1.));
#3161=DIRECTION('',(0.,0.,-1.));
#3162=DIRECTION('center_axis',(0.,0.,-1.));
#3163=DIRECTION('ref_axis',(-1.,-1.22464679914735E-16,0.));
#3164=DIRECTION('center_axis',(0.,-1.,0.));
#3165=DIRECTION('ref_axis',(1.,0.,0.));
#3166=DIRECTION('',(0.,0.,1.));
#3167=DIRECTION('',(1.,0.,0.));
#3168=DIRECTION('',(0.,0.,1.));
#3169=DIRECTION('center_axis',(-1.,0.,0.));
#3170=DIRECTION('ref_axis',(0.,-1.,0.));
#3171=DIRECTION('',(0.,-1.,0.));
#3172=DIRECTION('',(0.,0.,1.));
#3173=DIRECTION('center_axis',(0.,-1.,0.));
#3174=DIRECTION('ref_axis',(1.,0.,0.));
#3175=DIRECTION('',(1.,0.,0.));
#3176=DIRECTION('',(0.,0.,1.));
#3177=DIRECTION('center_axis',(0.,0.,1.));
#3178=DIRECTION('ref_axis',(-1.,1.22464679914735E-16,0.));
#3179=DIRECTION('center_axis',(0.,0.,1.));
#3180=DIRECTION('ref_axis',(1.,0.,0.));
#3181=DIRECTION('center_axis',(1.,0.,0.));
#3182=DIRECTION('ref_axis',(0.,1.,0.));
#3183=DIRECTION('',(0.,1.,0.));
#3184=DIRECTION('center_axis',(0.,0.,1.));
#3185=DIRECTION('ref_axis',(1.,0.,0.));
#3186=CARTESIAN_POINT('',(0.,0.,0.));
#3187=CARTESIAN_POINT('Origin',(8.,8.,4.));
#3188=CARTESIAN_POINT('',(5.,8.,5.5));
#3189=CARTESIAN_POINT('Origin',(8.,8.,5.5));
#3190=CARTESIAN_POINT('',(5.,8.,4.5));
#3191=CARTESIAN_POINT('',(5.,8.,4.));
#3192=CARTESIAN_POINT('Origin',(8.,8.,4.5));
#3193=CARTESIAN_POINT('Origin',(8.,-8.,4.));
#3194=CARTESIAN_POINT('',(5.,-8.,5.5));
#3195=CARTESIAN_POINT('Origin',(8.,-8.,5.5));
#3196=CARTESIAN_POINT('',(5.,-8.,4.5));
#3197=CARTESIAN_POINT('',(5.,-8.,4.));
#3198=CARTESIAN_POINT('Origin',(8.,-8.,4.5));
#3199=CARTESIAN_POINT('Origin',(-8.,-8.,4.));
#3200=CARTESIAN_POINT('',(-11.,-8.,5.5));
#3201=CARTESIAN_POINT('Origin',(-8.,-8.,5.5));
#3202=CARTESIAN_POINT('',(-11.,-8.,4.5));
#3203=CARTESIAN_POINT('',(-11.,-8.,4.));
#3204=CARTESIAN_POINT('Origin',(-8.,-8.,4.5));
#3205=CARTESIAN_POINT('Origin',(0.,0.,4.));
#3206=CARTESIAN_POINT('',(11.5000001788139,8.00000017881394,4.));
#3207=CARTESIAN_POINT('',(4.5,8.,4.));
#3208=CARTESIAN_POINT('Origin',(8.,8.,4.));
#3209=CARTESIAN_POINT('',(11.5000001788139,-8.00000017881393,4.));
#3210=CARTESIAN_POINT('',(11.5000001788139,-4.00000008940697,4.));
#3211=CARTESIAN_POINT('',(4.5,-8.,4.));
#3212=CARTESIAN_POINT('Origin',(8.,-8.,4.));
#3213=CARTESIAN_POINT('',(8.00000017881393,-11.5000001788139,4.));
#3214=CARTESIAN_POINT('Origin',(8.,-8.,4.));
#3215=CARTESIAN_POINT('',(-8.00000017881393,-11.5000001788139,4.));
#3216=CARTESIAN_POINT('',(-4.00000008940697,-11.5000001788139,4.));
#3217=CARTESIAN_POINT('',(-11.5000001788139,-8.00000017881393,4.));
#3218=CARTESIAN_POINT('Origin',(-8.,-8.,4.));
#3219=CARTESIAN_POINT('',(-11.5000001788139,8.00000017881393,4.));
#3220=CARTESIAN_POINT('',(-11.5000001788139,4.00000008940697,4.));
#3221=CARTESIAN_POINT('',(-8.00000017881393,11.5000001788139,4.));
#3222=CARTESIAN_POINT('Origin',(-8.,8.,4.));
#3223=CARTESIAN_POINT('',(8.00000017881393,11.5000001788139,4.));
#3224=CARTESIAN_POINT('',(4.00000008940697,11.5000001788139,4.));
#3225=CARTESIAN_POINT('Origin',(8.,8.,4.));
#3226=CARTESIAN_POINT('',(-6.5,-7.9602041944578E-16,4.));
#3227=CARTESIAN_POINT('Origin',(0.,0.,4.));
#3228=CARTESIAN_POINT('Origin',(-8.,8.,4.));
#3229=CARTESIAN_POINT('',(-11.,8.,5.5));
#3230=CARTESIAN_POINT('Origin',(-8.,8.,5.5));
#3231=CARTESIAN_POINT('',(-11.,8.,4.5));
#3232=CARTESIAN_POINT('',(-11.,8.,4.));
#3233=CARTESIAN_POINT('Origin',(-8.,8.,4.5));
#3234=CARTESIAN_POINT('Origin',(0.,-11.5000001788139,8.00000029802322));
#3235=CARTESIAN_POINT('',(0.,-12.0000001788139,4.5));
#3236=CARTESIAN_POINT('Origin',(0.,-12.0000001788139,8.00000029802322));
#3237=CARTESIAN_POINT('',(-3.67394039744206E-16,-11.5000001788139,5.00000029802322));
#3238=CARTESIAN_POINT('Origin',(-4.28626379701574E-16,-11.5000001788139,
4.50000029802322));
#3239=CARTESIAN_POINT('',(-3.,-11.5000001788139,8.00000029802322));
#3240=CARTESIAN_POINT('Origin',(0.,-11.5000001788139,8.00000029802322));
#3241=CARTESIAN_POINT('Origin',(0.,-11.5000001788139,8.00000029802322));
#3242=CARTESIAN_POINT('Origin',(-8.00000017881393,-12.0000001788139,4.));
#3243=CARTESIAN_POINT('',(-8.00000017881393,-12.0000001788139,19.5));
#3244=CARTESIAN_POINT('',(0.,-12.0000001788139,19.5));
#3245=CARTESIAN_POINT('',(-4.00000008940697,-12.0000001788139,19.5));
#3246=CARTESIAN_POINT('',(-8.00000017881393,-12.0000001788139,4.5));
#3247=CARTESIAN_POINT('',(-8.00000017881393,-12.0000001788139,4.));
#3248=CARTESIAN_POINT('',(-4.00000008940697,-12.0000001788139,4.5));
#3249=CARTESIAN_POINT('',(8.00000017881393,-12.0000001788139,4.5));
#3250=CARTESIAN_POINT('',(-4.00000008940697,-12.0000001788139,4.5));
#3251=CARTESIAN_POINT('',(8.00000017881393,-12.0000001788139,19.5));
#3252=CARTESIAN_POINT('',(8.00000017881393,-12.0000001788139,4.));
#3253=CARTESIAN_POINT('',(-4.00000008940697,-12.0000001788139,19.5));
#3254=CARTESIAN_POINT('',(-4.28626379701573E-16,-12.0000001788139,12.5000002980232));
#3255=CARTESIAN_POINT('Origin',(0.,-12.0000001788139,16.0000002980232));
#3256=CARTESIAN_POINT('Origin',(0.,-12.0000001788139,16.0000002980232));
#3257=CARTESIAN_POINT('Origin',(0.,0.,8.00000029802322));
#3258=CARTESIAN_POINT('',(-3.,-10.5,8.00000029802322));
#3259=CARTESIAN_POINT('',(-3.,0.,8.00000029802322));
#3260=CARTESIAN_POINT('Origin',(0.,-10.5,8.00000029802322));
#3261=CARTESIAN_POINT('Origin',(0.,-11.5000001788139,16.0000002980232));
#3262=CARTESIAN_POINT('',(-3.67394039744206E-16,-11.5000001788139,13.0000002980232));
#3263=CARTESIAN_POINT('Origin',(-4.28626379701574E-16,-11.5000001788139,
12.5000002980232));
#3264=CARTESIAN_POINT('',(-3.,-11.5000001788139,16.0000002980232));
#3265=CARTESIAN_POINT('Origin',(0.,-11.5000001788139,16.0000002980232));
#3266=CARTESIAN_POINT('Origin',(0.,-11.5000001788139,16.0000002980232));
#3267=CARTESIAN_POINT('Origin',(0.,0.,16.0000002980232));
#3268=CARTESIAN_POINT('',(-3.,-10.5,16.0000002980232));
#3269=CARTESIAN_POINT('',(-3.,0.,16.0000002980232));
#3270=CARTESIAN_POINT('Origin',(0.,-10.5,16.0000002980232));
#3271=CARTESIAN_POINT('Origin',(-11.5000001788139,0.,8.00000029802322));
#3272=CARTESIAN_POINT('',(-12.0000001788139,0.,4.5));
#3273=CARTESIAN_POINT('',(-12.0000001788139,-4.28626379701574E-16,11.5000002980232));
#3274=CARTESIAN_POINT('Origin',(-12.0000001788139,0.,8.00000029802322));
#3275=CARTESIAN_POINT('',(-11.5000001788139,-3.67394039744206E-16,11.0000002980232));
#3276=CARTESIAN_POINT('Origin',(-11.5000001788139,-4.28626379701574E-16,
11.5000002980232));
#3277=CARTESIAN_POINT('',(-11.5000001788139,-3.,8.00000029802322));
#3278=CARTESIAN_POINT('Origin',(-11.5000001788139,0.,8.00000029802322));
#3279=CARTESIAN_POINT('Origin',(-11.5000001788139,0.,8.00000029802322));
#3280=CARTESIAN_POINT('Origin',(-12.0000001788139,0.,8.00000029802322));
#3281=CARTESIAN_POINT('Origin',(-12.0000001788139,8.00000017881393,4.));
#3282=CARTESIAN_POINT('',(-12.0000001788139,8.00000017881393,19.5));
#3283=CARTESIAN_POINT('',(-12.0000001788139,0.,19.5));
#3284=CARTESIAN_POINT('',(-12.0000001788139,4.00000008940697,19.5));
#3285=CARTESIAN_POINT('',(-12.0000001788139,8.00000017881393,4.5));
#3286=CARTESIAN_POINT('',(-12.0000001788139,8.00000017881393,4.));
#3287=CARTESIAN_POINT('',(-12.0000001788139,4.00000008940697,4.5));
#3288=CARTESIAN_POINT('',(-12.0000001788139,-8.00000017881393,4.5));
#3289=CARTESIAN_POINT('',(-12.0000001788139,4.00000008940697,4.5));
#3290=CARTESIAN_POINT('',(-12.0000001788139,-8.00000017881393,19.5));
#3291=CARTESIAN_POINT('',(-12.0000001788139,-8.00000017881393,4.));
#3292=CARTESIAN_POINT('',(-12.0000001788139,4.00000008940697,19.5));
#3293=CARTESIAN_POINT('Origin',(-12.0000001788139,0.,16.0000002980232));
#3294=CARTESIAN_POINT('Origin',(0.,0.,8.00000029802322));
#3295=CARTESIAN_POINT('',(-10.5,-3.,8.00000029802322));
#3296=CARTESIAN_POINT('Origin',(-10.5,0.,8.00000029802322));
#3297=CARTESIAN_POINT('',(0.,-3.,8.00000029802322));
#3298=CARTESIAN_POINT('Origin',(-11.5000001788139,0.,16.0000002980232));
#3299=CARTESIAN_POINT('',(-11.5000001788139,-3.67394039744206E-16,19.0000002980232));
#3300=CARTESIAN_POINT('Origin',(-11.5000001788139,-4.28626379701574E-16,
19.5000002980232));
#3301=CARTESIAN_POINT('',(-11.5000001788139,-3.,16.0000002980232));
#3302=CARTESIAN_POINT('Origin',(-11.5000001788139,0.,16.0000002980232));
#3303=CARTESIAN_POINT('Origin',(-11.5000001788139,0.,16.0000002980232));
#3304=CARTESIAN_POINT('Origin',(0.,0.,16.0000002980232));
#3305=CARTESIAN_POINT('',(-10.5,-3.,16.0000002980232));
#3306=CARTESIAN_POINT('Origin',(-10.5,0.,16.0000002980232));
#3307=CARTESIAN_POINT('',(0.,-3.,16.0000002980232));
#3308=CARTESIAN_POINT('Origin',(0.,11.5000001788139,8.00000029802322));
#3309=CARTESIAN_POINT('',(0.,12.0000001788139,4.5));
#3310=CARTESIAN_POINT('',(-4.28626379701574E-16,12.0000001788139,11.5000002980232));
#3311=CARTESIAN_POINT('Origin',(0.,12.0000001788139,8.00000029802322));
#3312=CARTESIAN_POINT('',(-3.67394039744206E-16,11.5000001788139,11.0000002980232));
#3313=CARTESIAN_POINT('Origin',(-4.28626379701574E-16,11.5000001788139,
11.5000002980232));
#3314=CARTESIAN_POINT('',(-3.,11.5000001788139,8.00000029802322));
#3315=CARTESIAN_POINT('Origin',(0.,11.5000001788139,8.00000029802322));
#3316=CARTESIAN_POINT('Origin',(0.,11.5000001788139,8.00000029802322));
#3317=CARTESIAN_POINT('Origin',(0.,12.0000001788139,8.00000029802322));
#3318=CARTESIAN_POINT('Origin',(8.00000017881393,12.0000001788139,4.));
#3319=CARTESIAN_POINT('',(8.00000017881393,12.0000001788139,19.5));
#3320=CARTESIAN_POINT('',(0.,12.0000001788139,19.5));
#3321=CARTESIAN_POINT('',(4.00000008940697,12.0000001788139,19.5));
#3322=CARTESIAN_POINT('',(8.00000017881393,12.0000001788139,4.5));
#3323=CARTESIAN_POINT('',(8.00000017881393,12.0000001788139,4.));
#3324=CARTESIAN_POINT('',(4.00000008940697,12.0000001788139,4.5));
#3325=CARTESIAN_POINT('',(-8.00000017881393,12.0000001788139,4.5));
#3326=CARTESIAN_POINT('',(4.00000008940697,12.0000001788139,4.5));
#3327=CARTESIAN_POINT('',(-8.00000017881393,12.0000001788139,19.5));
#3328=CARTESIAN_POINT('',(-8.00000017881393,12.0000001788139,4.));
#3329=CARTESIAN_POINT('',(4.00000008940697,12.0000001788139,19.5));
#3330=CARTESIAN_POINT('Origin',(0.,12.0000001788139,16.0000002980232));
#3331=CARTESIAN_POINT('Origin',(0.,0.,8.00000029802322));
#3332=CARTESIAN_POINT('',(-3.,10.5,8.00000029802322));
#3333=CARTESIAN_POINT('Origin',(0.,10.5,8.00000029802322));
#3334=CARTESIAN_POINT('',(-3.,0.,8.00000029802322));
#3335=CARTESIAN_POINT('Origin',(0.,11.5000001788139,16.0000002980232));
#3336=CARTESIAN_POINT('',(-3.67394039744206E-16,11.5000001788139,19.0000002980232));
#3337=CARTESIAN_POINT('Origin',(-4.28626379701574E-16,11.5000001788139,
19.5000002980232));
#3338=CARTESIAN_POINT('',(-3.,11.5000001788139,16.0000002980232));
#3339=CARTESIAN_POINT('Origin',(0.,11.5000001788139,16.0000002980232));
#3340=CARTESIAN_POINT('Origin',(0.,11.5000001788139,16.0000002980232));
#3341=CARTESIAN_POINT('Origin',(0.,0.,16.0000002980232));
#3342=CARTESIAN_POINT('',(-3.,10.5,16.0000002980232));
#3343=CARTESIAN_POINT('Origin',(0.,10.5,16.0000002980232));
#3344=CARTESIAN_POINT('',(-3.,0.,16.0000002980232));
#3345=CARTESIAN_POINT('Origin',(8.,8.,4.));
#3346=CARTESIAN_POINT('',(5.,8.,19.5));
#3347=CARTESIAN_POINT('Origin',(8.,8.,19.5));
#3348=CARTESIAN_POINT('',(5.,8.,18.5));
#3349=CARTESIAN_POINT('',(5.,8.,4.));
#3350=CARTESIAN_POINT('Origin',(8.,8.,18.5));
#3351=CARTESIAN_POINT('Origin',(-8.,8.,4.));
#3352=CARTESIAN_POINT('',(-11.,8.,19.5));
#3353=CARTESIAN_POINT('Origin',(-8.,8.,19.5));
#3354=CARTESIAN_POINT('',(-11.,8.,18.5));
#3355=CARTESIAN_POINT('',(-11.,8.,4.));
#3356=CARTESIAN_POINT('Origin',(-8.,8.,18.5));
#3357=CARTESIAN_POINT('Origin',(-8.,-8.,4.));
#3358=CARTESIAN_POINT('',(-11.,-8.,19.5));
#3359=CARTESIAN_POINT('Origin',(-8.,-8.,19.5));
#3360=CARTESIAN_POINT('',(-11.,-8.,18.5));
#3361=CARTESIAN_POINT('',(-11.,-8.,4.));
#3362=CARTESIAN_POINT('Origin',(-8.,-8.,18.5));
#3363=CARTESIAN_POINT('Origin',(0.,0.,20.));
#3364=CARTESIAN_POINT('',(8.00000017881393,11.5000001788139,20.));
#3365=CARTESIAN_POINT('',(4.5,8.,20.));
#3366=CARTESIAN_POINT('Origin',(8.,8.,20.));
#3367=CARTESIAN_POINT('',(-8.00000017881393,11.5000001788139,20.));
#3368=CARTESIAN_POINT('',(4.00000008940697,11.5000001788139,20.));
#3369=CARTESIAN_POINT('',(-11.5000001788139,8.00000017881393,20.));
#3370=CARTESIAN_POINT('Origin',(-8.,8.,20.));
#3371=CARTESIAN_POINT('',(-11.5000001788139,-8.00000017881393,20.));
#3372=CARTESIAN_POINT('',(-11.5000001788139,4.00000008940697,20.));
#3373=CARTESIAN_POINT('',(-8.00000017881393,-11.5000001788139,20.));
#3374=CARTESIAN_POINT('Origin',(-8.,-8.,20.));
#3375=CARTESIAN_POINT('',(8.00000017881393,-11.5000001788139,20.));
#3376=CARTESIAN_POINT('',(-4.00000008940697,-11.5000001788139,20.));
#3377=CARTESIAN_POINT('',(4.5,-8.,20.));
#3378=CARTESIAN_POINT('Origin',(8.,-8.,20.));
#3379=CARTESIAN_POINT('',(11.5000001788139,-8.00000017881393,20.));
#3380=CARTESIAN_POINT('Origin',(8.,-8.,20.));
#3381=CARTESIAN_POINT('',(11.5000001788139,-3.,20.));
#3382=CARTESIAN_POINT('',(11.5000001788139,-4.00000008940697,20.));
#3383=CARTESIAN_POINT('',(5.00000017881393,-3.,20.));
#3384=CARTESIAN_POINT('',(6.00000008940697,-3.,20.));
#3385=CARTESIAN_POINT('',(5.00000017881393,-2.5,20.));
#3386=CARTESIAN_POINT('',(5.00000017881393,1.11022302462516E-15,20.));
#3387=CARTESIAN_POINT('',(4.33012701892219,-2.5,20.));
#3388=CARTESIAN_POINT('',(6.00000008940697,-2.5,20.));
#3389=CARTESIAN_POINT('',(4.33012701892219,2.5,20.));
#3390=CARTESIAN_POINT('Origin',(0.,0.,20.));
#3391=CARTESIAN_POINT('',(5.00000017881393,2.5,20.));
#3392=CARTESIAN_POINT('',(6.00000008940697,2.5,20.));
#3393=CARTESIAN_POINT('',(5.00000017881393,3.,20.));
#3394=CARTESIAN_POINT('',(5.00000017881393,1.11022302462516E-15,20.));
#3395=CARTESIAN_POINT('',(11.5000001788139,3.,20.));
#3396=CARTESIAN_POINT('',(6.00000008940697,3.,20.));
#3397=CARTESIAN_POINT('',(11.5000001788139,8.00000017881394,20.));
#3398=CARTESIAN_POINT('',(11.5000001788139,-4.00000008940697,20.));
#3399=CARTESIAN_POINT('Origin',(8.,8.,20.));
#3400=CARTESIAN_POINT('Origin',(8.,-8.,4.));
#3401=CARTESIAN_POINT('',(5.,-8.,19.5));
#3402=CARTESIAN_POINT('Origin',(8.,-8.,19.5));
#3403=CARTESIAN_POINT('',(5.,-8.,18.5));
#3404=CARTESIAN_POINT('',(5.,-8.,4.));
#3405=CARTESIAN_POINT('Origin',(8.,-8.,18.5));
#3406=CARTESIAN_POINT('Origin',(-10.5,0.,16.0000002980232));
#3407=CARTESIAN_POINT('',(-10.5,-2.5,16.0000002980232));
#3408=CARTESIAN_POINT('Origin',(-10.5,0.,16.0000002980232));
#3409=CARTESIAN_POINT('Origin',(-8.,0.,16.0000002980232));
#3410=CARTESIAN_POINT('',(-5.5,-2.5,16.0000002980232));
#3411=CARTESIAN_POINT('Origin',(-5.5,0.,16.0000002980232));
#3412=CARTESIAN_POINT('',(-8.,-2.5,16.0000002980232));
#3413=CARTESIAN_POINT('Origin',(-5.5,0.,16.0000002980232));
#3414=CARTESIAN_POINT('',(-5.5,-3.,16.0000002980232));
#3415=CARTESIAN_POINT('Origin',(-5.5,0.,16.0000002980232));
#3416=CARTESIAN_POINT('Origin',(0.,0.,16.0000002980232));
#3417=CARTESIAN_POINT('',(-4.,-3.,16.0000002980232));
#3418=CARTESIAN_POINT('Ctrl Pts',(-4.,-3.,16.0000002980232));
#3419=CARTESIAN_POINT('Ctrl Pts',(-4.,-3.,16.3898666627959));
#3420=CARTESIAN_POINT('Ctrl Pts',(-4.06300445394763,-2.91998110979302,16.7951583554562));
#3421=CARTESIAN_POINT('Ctrl Pts',(-4.26786885059966,-2.61143371678758,17.5293744551077));
#3422=CARTESIAN_POINT('Ctrl Pts',(-4.40508526950697,-2.38301026739628,17.8596307177462));
#3423=CARTESIAN_POINT('Ctrl Pts',(-4.64950879300328,-1.86131887156364,18.3813221135789));
#3424=CARTESIAN_POINT('Ctrl Pts',(-4.77500763116833,-1.53059740759081,18.6109212553898));
#3425=CARTESIAN_POINT('Ctrl Pts',(-4.95107374628269,-0.793911366150571,
18.9205040179708));
#3426=CARTESIAN_POINT('Ctrl Pts',(-5.,-0.387350904599243,19.0000002980232));
#3427=CARTESIAN_POINT('Ctrl Pts',(-5.,0.387350904599243,19.0000002980232));
#3428=CARTESIAN_POINT('Ctrl Pts',(-4.95107374628269,0.79391136615057,18.9205040179708));
#3429=CARTESIAN_POINT('Ctrl Pts',(-4.77500763116833,1.53059740759081,18.6109212553898));
#3430=CARTESIAN_POINT('Ctrl Pts',(-4.64950879300328,1.86131887156364,18.3813221135789));
#3431=CARTESIAN_POINT('Ctrl Pts',(-4.40508526950697,2.38301026739628,17.8596307177462));
#3432=CARTESIAN_POINT('Ctrl Pts',(-4.26786885059966,2.61143371678758,17.5293744551077));
#3433=CARTESIAN_POINT('Ctrl Pts',(-4.06300445394763,2.91998110979302,16.7951583554562));
#3434=CARTESIAN_POINT('Ctrl Pts',(-4.,3.,16.3898666627959));
#3435=CARTESIAN_POINT('Ctrl Pts',(-4.,3.,15.6101339332505));
#3436=CARTESIAN_POINT('Ctrl Pts',(-4.06300445394763,2.91998110979302,15.2048422405902));
#3437=CARTESIAN_POINT('Ctrl Pts',(-4.26786885059966,2.61143371678758,14.4706261409387));
#3438=CARTESIAN_POINT('Ctrl Pts',(-4.40508526950697,2.38301026739628,14.1403698783002));
#3439=CARTESIAN_POINT('Ctrl Pts',(-4.64950879300328,1.86131887156364,13.6186784824676));
#3440=CARTESIAN_POINT('Ctrl Pts',(-4.77500763116833,1.53059740759081,13.3890793406567));
#3441=CARTESIAN_POINT('Ctrl Pts',(-4.95107374628269,0.793911366150569,13.0794965780757));
#3442=CARTESIAN_POINT('Ctrl Pts',(-5.,0.387350904599243,13.0000002980232));
#3443=CARTESIAN_POINT('Ctrl Pts',(-5.,-0.387350904599242,13.0000002980232));
#3444=CARTESIAN_POINT('Ctrl Pts',(-4.95107374628269,-0.793911366150568,
13.0794965780756));
#3445=CARTESIAN_POINT('Ctrl Pts',(-4.77500763116833,-1.5305974075908,13.3890793406567));
#3446=CARTESIAN_POINT('Ctrl Pts',(-4.64950879300328,-1.86131887156364,13.6186784824676));
#3447=CARTESIAN_POINT('Ctrl Pts',(-4.40508526950697,-2.38301026739628,14.1403698783002));
#3448=CARTESIAN_POINT('Ctrl Pts',(-4.26786885059966,-2.61143371678757,14.4706261409387));
#3449=CARTESIAN_POINT('Ctrl Pts',(-4.06300445394763,-2.91998110979302,15.2048422405902));
#3450=CARTESIAN_POINT('Ctrl Pts',(-4.,-3.,15.6101339332505));
#3451=CARTESIAN_POINT('Ctrl Pts',(-4.,-3.,16.0000002980232));
#3452=CARTESIAN_POINT('',(0.,-3.,16.0000002980232));
#3453=CARTESIAN_POINT('Origin',(-10.5,0.,8.00000029802322));
#3454=CARTESIAN_POINT('',(-10.5,-2.5,8.00000029802322));
#3455=CARTESIAN_POINT('Origin',(-10.5,0.,8.00000029802322));
#3456=CARTESIAN_POINT('Origin',(-8.,0.,8.00000029802322));
#3457=CARTESIAN_POINT('',(-5.5,-2.5,8.00000029802322));
#3458=CARTESIAN_POINT('Origin',(-5.5,0.,8.00000029802322));
#3459=CARTESIAN_POINT('',(-8.,-2.5,8.00000029802322));
#3460=CARTESIAN_POINT('Origin',(-5.5,0.,8.00000029802322));
#3461=CARTESIAN_POINT('',(-5.5,-3.,8.00000029802322));
#3462=CARTESIAN_POINT('Origin',(-5.5,0.,8.00000029802322));
#3463=CARTESIAN_POINT('Origin',(0.,0.,8.00000029802322));
#3464=CARTESIAN_POINT('',(-4.,-3.,8.00000029802322));
#3465=CARTESIAN_POINT('Ctrl Pts',(-4.,-3.,8.00000029802322));
#3466=CARTESIAN_POINT('Ctrl Pts',(-4.,-3.,8.38986666279592));
#3467=CARTESIAN_POINT('Ctrl Pts',(-4.06300445394763,-2.91998110979302,8.79515835545623));
#3468=CARTESIAN_POINT('Ctrl Pts',(-4.26786885059966,-2.61143371678758,9.5293744551077));
#3469=CARTESIAN_POINT('Ctrl Pts',(-4.40508526950697,-2.38301026739628,9.85963071774623));
#3470=CARTESIAN_POINT('Ctrl Pts',(-4.64950879300328,-1.86131887156364,10.3813221135789));
#3471=CARTESIAN_POINT('Ctrl Pts',(-4.77500763116832,-1.53059740759081,10.6109212553898));
#3472=CARTESIAN_POINT('Ctrl Pts',(-4.95107374628269,-0.79391136615057,10.9205040179708));
#3473=CARTESIAN_POINT('Ctrl Pts',(-5.,-0.387350904599243,11.0000002980232));
#3474=CARTESIAN_POINT('Ctrl Pts',(-5.,0.387350904599243,11.0000002980232));
#3475=CARTESIAN_POINT('Ctrl Pts',(-4.95107374628269,0.79391136615057,10.9205040179708));
#3476=CARTESIAN_POINT('Ctrl Pts',(-4.77500763116833,1.53059740759081,10.6109212553898));
#3477=CARTESIAN_POINT('Ctrl Pts',(-4.64950879300328,1.86131887156364,10.3813221135789));
#3478=CARTESIAN_POINT('Ctrl Pts',(-4.40508526950697,2.38301026739628,9.85963071774623));
#3479=CARTESIAN_POINT('Ctrl Pts',(-4.26786885059966,2.61143371678758,9.5293744551077));
#3480=CARTESIAN_POINT('Ctrl Pts',(-4.06300445394763,2.91998110979302,8.79515835545623));
#3481=CARTESIAN_POINT('Ctrl Pts',(-4.,3.,8.38986666279592));
#3482=CARTESIAN_POINT('Ctrl Pts',(-4.,3.,7.61013393325053));
#3483=CARTESIAN_POINT('Ctrl Pts',(-4.06300445394763,2.91998110979302,7.20484224059022));
#3484=CARTESIAN_POINT('Ctrl Pts',(-4.26786885059966,2.61143371678758,6.47062614093875));
#3485=CARTESIAN_POINT('Ctrl Pts',(-4.40508526950697,2.38301026739628,6.14036987830022));
#3486=CARTESIAN_POINT('Ctrl Pts',(-4.64950879300328,1.86131887156364,5.61867848246758));
#3487=CARTESIAN_POINT('Ctrl Pts',(-4.77500763116833,1.53059740759081,5.38907934065665));
#3488=CARTESIAN_POINT('Ctrl Pts',(-4.95107374628269,0.793911366150569,5.07949657807565));
#3489=CARTESIAN_POINT('Ctrl Pts',(-5.,0.387350904599243,5.00000029802322));
#3490=CARTESIAN_POINT('Ctrl Pts',(-5.,-0.387350904599242,5.00000029802322));
#3491=CARTESIAN_POINT('Ctrl Pts',(-4.95107374628269,-0.793911366150568,
5.07949657807565));
#3492=CARTESIAN_POINT('Ctrl Pts',(-4.77500763116833,-1.5305974075908,5.38907934065665));
#3493=CARTESIAN_POINT('Ctrl Pts',(-4.64950879300328,-1.86131887156364,5.61867848246758));
#3494=CARTESIAN_POINT('Ctrl Pts',(-4.40508526950697,-2.38301026739628,6.14036987830022));
#3495=CARTESIAN_POINT('Ctrl Pts',(-4.26786885059966,-2.61143371678758,6.47062614093875));
#3496=CARTESIAN_POINT('Ctrl Pts',(-4.06300445394763,-2.91998110979302,7.20484224059022));
#3497=CARTESIAN_POINT('Ctrl Pts',(-4.,-3.,7.61013393325053));
#3498=CARTESIAN_POINT('Ctrl Pts',(-4.,-3.,8.00000029802322));
#3499=CARTESIAN_POINT('',(0.,-3.,8.00000029802322));
#3500=CARTESIAN_POINT('Origin',(0.,-10.5,8.00000029802322));
#3501=CARTESIAN_POINT('',(-2.5,-10.5,8.00000029802322));
#3502=CARTESIAN_POINT('Origin',(0.,-10.5,8.00000029802322));
#3503=CARTESIAN_POINT('Origin',(0.,-8.,8.00000029802322));
#3504=CARTESIAN_POINT('',(-2.5,-5.5,8.00000029802322));
#3505=CARTESIAN_POINT('Origin',(0.,-5.5,8.00000029802322));
#3506=CARTESIAN_POINT('',(-2.5,-8.,8.00000029802322));
#3507=CARTESIAN_POINT('Origin',(0.,-5.5,8.00000029802322));
#3508=CARTESIAN_POINT('',(-3.,-5.5,8.00000029802322));
#3509=CARTESIAN_POINT('Origin',(0.,-5.5,8.00000029802322));
#3510=CARTESIAN_POINT('Origin',(0.,0.,8.00000029802322));
#3511=CARTESIAN_POINT('',(-3.,-4.,8.00000029802322));
#3512=CARTESIAN_POINT('',(-3.,0.,8.00000029802322));
#3513=CARTESIAN_POINT('Ctrl Pts',(-3.,-4.,8.00000029802322));
#3514=CARTESIAN_POINT('Ctrl Pts',(-3.,-4.,7.61013393325053));
#3515=CARTESIAN_POINT('Ctrl Pts',(-2.91998110979302,-4.06300445394763,7.20484224059022));
#3516=CARTESIAN_POINT('Ctrl Pts',(-2.61143371678758,-4.26786885059966,6.47062614093875));
#3517=CARTESIAN_POINT('Ctrl Pts',(-2.38301026739628,-4.40508526950697,6.14036987830022));
#3518=CARTESIAN_POINT('Ctrl Pts',(-1.86131887156364,-4.64950879300328,5.61867848246758));
#3519=CARTESIAN_POINT('Ctrl Pts',(-1.53059740759081,-4.77500763116833,5.38907934065665));
#3520=CARTESIAN_POINT('Ctrl Pts',(-0.793911366150569,-4.95107374628269,
5.07949657807565));
#3521=CARTESIAN_POINT('Ctrl Pts',(-0.387350904599242,-5.,5.00000029802322));
#3522=CARTESIAN_POINT('Ctrl Pts',(0.387350904599243,-5.,5.00000029802322));
#3523=CARTESIAN_POINT('Ctrl Pts',(0.79391136615057,-4.95107374628269,5.07949657807565));
#3524=CARTESIAN_POINT('Ctrl Pts',(1.53059740759081,-4.77500763116833,5.38907934065665));
#3525=CARTESIAN_POINT('Ctrl Pts',(1.86131887156364,-4.64950879300328,5.61867848246758));
#3526=CARTESIAN_POINT('Ctrl Pts',(2.38301026739628,-4.40508526950697,6.14036987830022));
#3527=CARTESIAN_POINT('Ctrl Pts',(2.61143371678758,-4.26786885059966,6.47062614093875));
#3528=CARTESIAN_POINT('Ctrl Pts',(2.91998110979302,-4.06300445394763,7.20484224059022));
#3529=CARTESIAN_POINT('Ctrl Pts',(3.,-4.,7.61013393325053));
#3530=CARTESIAN_POINT('Ctrl Pts',(3.,-4.,8.38986666279592));
#3531=CARTESIAN_POINT('Ctrl Pts',(2.91998110979302,-4.06300445394763,8.79515835545622));
#3532=CARTESIAN_POINT('Ctrl Pts',(2.61143371678758,-4.26786885059966,9.5293744551077));
#3533=CARTESIAN_POINT('Ctrl Pts',(2.38301026739629,-4.40508526950697,9.85963071774622));
#3534=CARTESIAN_POINT('Ctrl Pts',(1.86131887156364,-4.64950879300328,10.3813221135789));
#3535=CARTESIAN_POINT('Ctrl Pts',(1.53059740759081,-4.77500763116833,10.6109212553898));
#3536=CARTESIAN_POINT('Ctrl Pts',(0.79391136615057,-4.95107374628269,10.9205040179708));
#3537=CARTESIAN_POINT('Ctrl Pts',(0.387350904599243,-5.,11.0000002980232));
#3538=CARTESIAN_POINT('Ctrl Pts',(-0.387350904599242,-5.,11.0000002980232));
#3539=CARTESIAN_POINT('Ctrl Pts',(-0.793911366150569,-4.95107374628269,
10.9205040179708));
#3540=CARTESIAN_POINT('Ctrl Pts',(-1.53059740759081,-4.77500763116833,10.6109212553898));
#3541=CARTESIAN_POINT('Ctrl Pts',(-1.86131887156364,-4.64950879300328,10.3813221135789));
#3542=CARTESIAN_POINT('Ctrl Pts',(-2.38301026739628,-4.40508526950697,9.85963071774623));
#3543=CARTESIAN_POINT('Ctrl Pts',(-2.61143371678758,-4.26786885059966,9.5293744551077));
#3544=CARTESIAN_POINT('Ctrl Pts',(-2.91998110979302,-4.06300445394762,8.79515835545622));
#3545=CARTESIAN_POINT('Ctrl Pts',(-3.,-4.,8.38986666279592));
#3546=CARTESIAN_POINT('Ctrl Pts',(-3.,-4.,8.00000029802322));
#3547=CARTESIAN_POINT('Origin',(0.,-10.5,16.0000002980232));
#3548=CARTESIAN_POINT('',(-2.5,-10.5,16.0000002980232));
#3549=CARTESIAN_POINT('Origin',(0.,-10.5,16.0000002980232));
#3550=CARTESIAN_POINT('Origin',(0.,-8.,16.0000002980232));
#3551=CARTESIAN_POINT('',(-2.5,-5.5,16.0000002980232));
#3552=CARTESIAN_POINT('Origin',(0.,-5.5,16.0000002980232));
#3553=CARTESIAN_POINT('',(-2.5,-8.,16.0000002980232));
#3554=CARTESIAN_POINT('Origin',(0.,-5.5,16.0000002980232));
#3555=CARTESIAN_POINT('',(-3.,-5.5,16.0000002980232));
#3556=CARTESIAN_POINT('Origin',(0.,-5.5,16.0000002980232));
#3557=CARTESIAN_POINT('Origin',(0.,0.,16.0000002980232));
#3558=CARTESIAN_POINT('',(-3.,-4.,16.0000002980232));
#3559=CARTESIAN_POINT('',(-3.,0.,16.0000002980232));
#3560=CARTESIAN_POINT('Ctrl Pts',(-3.,-4.,16.0000002980232));
#3561=CARTESIAN_POINT('Ctrl Pts',(-3.,-4.,15.6101339332505));
#3562=CARTESIAN_POINT('Ctrl Pts',(-2.91998110979302,-4.06300445394763,15.2048422405902));
#3563=CARTESIAN_POINT('Ctrl Pts',(-2.61143371678757,-4.26786885059966,14.4706261409387));
#3564=CARTESIAN_POINT('Ctrl Pts',(-2.38301026739628,-4.40508526950698,14.1403698783002));
#3565=CARTESIAN_POINT('Ctrl Pts',(-1.86131887156364,-4.64950879300328,13.6186784824676));
#3566=CARTESIAN_POINT('Ctrl Pts',(-1.5305974075908,-4.77500763116833,13.3890793406567));
#3567=CARTESIAN_POINT('Ctrl Pts',(-0.793911366150568,-4.95107374628269,
13.0794965780757));
#3568=CARTESIAN_POINT('Ctrl Pts',(-0.387350904599242,-5.,13.0000002980232));
#3569=CARTESIAN_POINT('Ctrl Pts',(0.387350904599243,-5.,13.0000002980232));
#3570=CARTESIAN_POINT('Ctrl Pts',(0.793911366150569,-4.95107374628269,13.0794965780757));
#3571=CARTESIAN_POINT('Ctrl Pts',(1.53059740759081,-4.77500763116833,13.3890793406567));
#3572=CARTESIAN_POINT('Ctrl Pts',(1.86131887156364,-4.64950879300328,13.6186784824676));
#3573=CARTESIAN_POINT('Ctrl Pts',(2.38301026739628,-4.40508526950698,14.1403698783002));
#3574=CARTESIAN_POINT('Ctrl Pts',(2.61143371678757,-4.26786885059966,14.4706261409387));
#3575=CARTESIAN_POINT('Ctrl Pts',(2.91998110979302,-4.06300445394763,15.2048422405902));
#3576=CARTESIAN_POINT('Ctrl Pts',(3.,-4.,15.6101339332505));
#3577=CARTESIAN_POINT('Ctrl Pts',(3.,-4.,16.3898666627959));
#3578=CARTESIAN_POINT('Ctrl Pts',(2.91998110979302,-4.06300445394763,16.7951583554562));
#3579=CARTESIAN_POINT('Ctrl Pts',(2.61143371678758,-4.26786885059966,17.5293744551077));
#3580=CARTESIAN_POINT('Ctrl Pts',(2.38301026739628,-4.40508526950698,17.8596307177462));
#3581=CARTESIAN_POINT('Ctrl Pts',(1.86131887156364,-4.64950879300328,18.3813221135789));
#3582=CARTESIAN_POINT('Ctrl Pts',(1.53059740759081,-4.77500763116833,18.6109212553898));
#3583=CARTESIAN_POINT('Ctrl Pts',(0.793911366150569,-4.95107374628269,18.9205040179708));
#3584=CARTESIAN_POINT('Ctrl Pts',(0.387350904599243,-5.,19.0000002980232));
#3585=CARTESIAN_POINT('Ctrl Pts',(-0.387350904599242,-5.,19.0000002980232));
#3586=CARTESIAN_POINT('Ctrl Pts',(-0.793911366150569,-4.95107374628269,
18.9205040179708));
#3587=CARTESIAN_POINT('Ctrl Pts',(-1.5305974075908,-4.77500763116833,18.6109212553898));
#3588=CARTESIAN_POINT('Ctrl Pts',(-1.86131887156364,-4.64950879300328,18.3813221135789));
#3589=CARTESIAN_POINT('Ctrl Pts',(-2.38301026739628,-4.40508526950698,17.8596307177462));
#3590=CARTESIAN_POINT('Ctrl Pts',(-2.61143371678758,-4.26786885059966,17.5293744551077));
#3591=CARTESIAN_POINT('Ctrl Pts',(-2.91998110979302,-4.06300445394763,16.7951583554562));
#3592=CARTESIAN_POINT('Ctrl Pts',(-3.,-4.,16.3898666627959));
#3593=CARTESIAN_POINT('Ctrl Pts',(-3.,-4.,16.0000002980232));
#3594=CARTESIAN_POINT('Origin',(0.,5.5,16.0000002980232));
#3595=CARTESIAN_POINT('',(-3.,5.5,16.0000002980232));
#3596=CARTESIAN_POINT('Origin',(0.,5.5,16.0000002980232));
#3597=CARTESIAN_POINT('',(-2.5,5.5,16.0000002980232));
#3598=CARTESIAN_POINT('Origin',(0.,5.5,16.0000002980232));
#3599=CARTESIAN_POINT('Origin',(0.,8.,16.0000002980232));
#3600=CARTESIAN_POINT('',(-2.5,10.5,16.0000002980232));
#3601=CARTESIAN_POINT('Origin',(0.,10.5,16.0000002980232));
#3602=CARTESIAN_POINT('',(-2.5,8.,16.0000002980232));
#3603=CARTESIAN_POINT('Origin',(0.,10.5,16.0000002980232));
#3604=CARTESIAN_POINT('Origin',(0.,5.5,8.00000029802322));
#3605=CARTESIAN_POINT('',(-3.,5.5,8.00000029802322));
#3606=CARTESIAN_POINT('Origin',(0.,5.5,8.00000029802322));
#3607=CARTESIAN_POINT('',(-2.5,5.5,8.00000029802322));
#3608=CARTESIAN_POINT('Origin',(0.,5.5,8.00000029802322));
#3609=CARTESIAN_POINT('Origin',(0.,8.,8.00000029802322));
#3610=CARTESIAN_POINT('',(-2.5,10.5,8.00000029802322));
#3611=CARTESIAN_POINT('Origin',(0.,10.5,8.00000029802322));
#3612=CARTESIAN_POINT('',(-2.5,8.,8.00000029802322));
#3613=CARTESIAN_POINT('Origin',(0.,10.5,8.00000029802322));
#3614=CARTESIAN_POINT('Origin',(0.,0.,16.0000002980232));
#3615=CARTESIAN_POINT('',(-3.,4.,16.0000002980232));
#3616=CARTESIAN_POINT('Ctrl Pts',(-3.,4.,16.0000002980232));
#3617=CARTESIAN_POINT('Ctrl Pts',(-3.,4.,16.3898666627959));
#3618=CARTESIAN_POINT('Ctrl Pts',(-2.91998110979302,4.06300445394763,16.7951583554562));
#3619=CARTESIAN_POINT('Ctrl Pts',(-2.61143371678757,4.26786885059966,17.5293744551077));
#3620=CARTESIAN_POINT('Ctrl Pts',(-2.38301026739628,4.40508526950698,17.8596307177462));
#3621=CARTESIAN_POINT('Ctrl Pts',(-1.86131887156364,4.64950879300328,18.3813221135789));
#3622=CARTESIAN_POINT('Ctrl Pts',(-1.53059740759081,4.77500763116833,18.6109212553898));
#3623=CARTESIAN_POINT('Ctrl Pts',(-0.793911366150569,4.95107374628269,18.9205040179708));
#3624=CARTESIAN_POINT('Ctrl Pts',(-0.387350904599242,5.,19.0000002980232));
#3625=CARTESIAN_POINT('Ctrl Pts',(0.387350904599243,5.,19.0000002980232));
#3626=CARTESIAN_POINT('Ctrl Pts',(0.793911366150569,4.95107374628269,18.9205040179708));
#3627=CARTESIAN_POINT('Ctrl Pts',(1.53059740759081,4.77500763116833,18.6109212553898));
#3628=CARTESIAN_POINT('Ctrl Pts',(1.86131887156364,4.64950879300328,18.3813221135789));
#3629=CARTESIAN_POINT('Ctrl Pts',(2.38301026739628,4.40508526950698,17.8596307177462));
#3630=CARTESIAN_POINT('Ctrl Pts',(2.61143371678758,4.26786885059966,17.5293744551077));
#3631=CARTESIAN_POINT('Ctrl Pts',(2.91998110979302,4.06300445394763,16.7951583554562));
#3632=CARTESIAN_POINT('Ctrl Pts',(3.,4.,16.3898666627959));
#3633=CARTESIAN_POINT('Ctrl Pts',(3.,4.,15.6101339332505));
#3634=CARTESIAN_POINT('Ctrl Pts',(2.91998110979302,4.06300445394763,15.2048422405902));
#3635=CARTESIAN_POINT('Ctrl Pts',(2.61143371678757,4.26786885059966,14.4706261409387));
#3636=CARTESIAN_POINT('Ctrl Pts',(2.38301026739628,4.40508526950698,14.1403698783002));
#3637=CARTESIAN_POINT('Ctrl Pts',(1.86131887156364,4.64950879300328,13.6186784824676));
#3638=CARTESIAN_POINT('Ctrl Pts',(1.53059740759081,4.77500763116833,13.3890793406567));
#3639=CARTESIAN_POINT('Ctrl Pts',(0.793911366150569,4.95107374628269,13.0794965780757));
#3640=CARTESIAN_POINT('Ctrl Pts',(0.387350904599243,5.,13.0000002980232));
#3641=CARTESIAN_POINT('Ctrl Pts',(-0.387350904599242,5.,13.0000002980232));
#3642=CARTESIAN_POINT('Ctrl Pts',(-0.793911366150569,4.95107374628269,13.0794965780757));
#3643=CARTESIAN_POINT('Ctrl Pts',(-1.5305974075908,4.77500763116833,13.3890793406567));
#3644=CARTESIAN_POINT('Ctrl Pts',(-1.86131887156364,4.64950879300328,13.6186784824676));
#3645=CARTESIAN_POINT('Ctrl Pts',(-2.38301026739628,4.40508526950698,14.1403698783002));
#3646=CARTESIAN_POINT('Ctrl Pts',(-2.61143371678757,4.26786885059966,14.4706261409387));
#3647=CARTESIAN_POINT('Ctrl Pts',(-2.91998110979302,4.06300445394763,15.2048422405902));
#3648=CARTESIAN_POINT('Ctrl Pts',(-3.,4.,15.6101339332505));
#3649=CARTESIAN_POINT('Ctrl Pts',(-3.,4.,16.0000002980232));
#3650=CARTESIAN_POINT('',(-3.,0.,16.0000002980232));
#3651=CARTESIAN_POINT('Origin',(0.,0.,8.00000029802322));
#3652=CARTESIAN_POINT('',(-3.,4.,8.00000029802322));
#3653=CARTESIAN_POINT('Ctrl Pts',(-3.,4.,8.00000029802322));
#3654=CARTESIAN_POINT('Ctrl Pts',(-3.,4.,8.38986666279592));
#3655=CARTESIAN_POINT('Ctrl Pts',(-2.91998110979302,4.06300445394763,8.79515835545623));
#3656=CARTESIAN_POINT('Ctrl Pts',(-2.61143371678758,4.26786885059966,9.5293744551077));
#3657=CARTESIAN_POINT('Ctrl Pts',(-2.38301026739628,4.40508526950697,9.85963071774623));
#3658=CARTESIAN_POINT('Ctrl Pts',(-1.86131887156364,4.64950879300328,10.3813221135789));
#3659=CARTESIAN_POINT('Ctrl Pts',(-1.53059740759081,4.77500763116833,10.6109212553898));
#3660=CARTESIAN_POINT('Ctrl Pts',(-0.79391136615057,4.95107374628269,10.9205040179708));
#3661=CARTESIAN_POINT('Ctrl Pts',(-0.387350904599242,5.,11.0000002980232));
#3662=CARTESIAN_POINT('Ctrl Pts',(0.387350904599243,5.,11.0000002980232));
#3663=CARTESIAN_POINT('Ctrl Pts',(0.79391136615057,4.95107374628269,10.9205040179708));
#3664=CARTESIAN_POINT('Ctrl Pts',(1.53059740759081,4.77500763116833,10.6109212553898));
#3665=CARTESIAN_POINT('Ctrl Pts',(1.86131887156364,4.64950879300328,10.3813221135789));
#3666=CARTESIAN_POINT('Ctrl Pts',(2.38301026739629,4.40508526950697,9.85963071774623));
#3667=CARTESIAN_POINT('Ctrl Pts',(2.61143371678758,4.26786885059966,9.5293744551077));
#3668=CARTESIAN_POINT('Ctrl Pts',(2.91998110979302,4.06300445394763,8.79515835545623));
#3669=CARTESIAN_POINT('Ctrl Pts',(3.,4.,8.38986666279592));
#3670=CARTESIAN_POINT('Ctrl Pts',(3.,4.,7.61013393325053));
#3671=CARTESIAN_POINT('Ctrl Pts',(2.91998110979302,4.06300445394763,7.20484224059022));
#3672=CARTESIAN_POINT('Ctrl Pts',(2.61143371678758,4.26786885059966,6.47062614093875));
#3673=CARTESIAN_POINT('Ctrl Pts',(2.38301026739628,4.40508526950697,6.14036987830022));
#3674=CARTESIAN_POINT('Ctrl Pts',(1.86131887156364,4.64950879300328,5.61867848246758));
#3675=CARTESIAN_POINT('Ctrl Pts',(1.53059740759081,4.77500763116833,5.38907934065665));
#3676=CARTESIAN_POINT('Ctrl Pts',(0.79391136615057,4.95107374628269,5.07949657807565));
#3677=CARTESIAN_POINT('Ctrl Pts',(0.387350904599243,5.,5.00000029802322));
#3678=CARTESIAN_POINT('Ctrl Pts',(-0.387350904599242,5.,5.00000029802322));
#3679=CARTESIAN_POINT('Ctrl Pts',(-0.793911366150569,4.95107374628269,5.07949657807565));
#3680=CARTESIAN_POINT('Ctrl Pts',(-1.53059740759081,4.77500763116833,5.38907934065665));
#3681=CARTESIAN_POINT('Ctrl Pts',(-1.86131887156364,4.64950879300328,5.61867848246758));
#3682=CARTESIAN_POINT('Ctrl Pts',(-2.38301026739628,4.40508526950697,6.14036987830022));
#3683=CARTESIAN_POINT('Ctrl Pts',(-2.61143371678758,4.26786885059966,6.47062614093875));
#3684=CARTESIAN_POINT('Ctrl Pts',(-2.91998110979302,4.06300445394763,7.20484224059022));
#3685=CARTESIAN_POINT('Ctrl Pts',(-3.,4.,7.61013393325053));
#3686=CARTESIAN_POINT('Ctrl Pts',(-3.,4.,8.00000029802322));
#3687=CARTESIAN_POINT('',(-3.,0.,8.00000029802322));
#3688=CARTESIAN_POINT('Origin',(0.,0.,0.5));
#3689=CARTESIAN_POINT('',(-6.5,7.9602041944578E-16,0.5));
#3690=CARTESIAN_POINT('Origin',(0.,0.,0.5));
#3691=CARTESIAN_POINT('',(-6.,-7.34788079488412E-16,0.));
#3692=CARTESIAN_POINT('Origin',(-6.,-7.34788079488412E-16,0.5));
#3693=CARTESIAN_POINT('Origin',(0.,0.,0.));
#3694=CARTESIAN_POINT('Origin',(0.,0.,0.));
#3695=CARTESIAN_POINT('',(-6.5,-7.9602041944578E-16,0.));
#3696=CARTESIAN_POINT('Origin',(0.,0.,0.));
#3697=CARTESIAN_POINT('',(-3.6,-4.40872847693047E-16,0.));
#3698=CARTESIAN_POINT('Origin',(0.,0.,0.));
#3699=CARTESIAN_POINT('Origin',(11.5000001788139,-4.00000008940697,19.5));
#3700=CARTESIAN_POINT('',(12.0000001788139,3.,19.5));
#3701=CARTESIAN_POINT('Origin',(11.5000001788139,3.,19.5));
#3702=CARTESIAN_POINT('',(12.0000001788139,8.00000017881394,19.5));
#3703=CARTESIAN_POINT('',(12.0000001788139,-4.00000008940697,19.5));
#3704=CARTESIAN_POINT('Origin',(11.5000001788139,8.00000017881394,19.5));
#3705=CARTESIAN_POINT('Origin',(8.00000017881393,8.00000017881393,19.5));
#3706=CARTESIAN_POINT('Origin',(4.50000017881393,8.00000017881393,19.5));
#3707=CARTESIAN_POINT('Origin',(8.00000017881393,8.00000017881393,19.5));
#3708=CARTESIAN_POINT('Origin',(8.00000017881393,11.5000001788139,19.5));
#3709=CARTESIAN_POINT('Origin',(4.00000008940697,11.5000001788139,19.5));
#3710=CARTESIAN_POINT('Origin',(-8.00000017881393,11.5000001788139,19.5));
#3711=CARTESIAN_POINT('Origin',(-8.00000017881393,8.00000017881393,19.5));
#3712=CARTESIAN_POINT('Origin',(-11.5000001788139,8.00000017881393,19.5));
#3713=CARTESIAN_POINT('Origin',(-8.00000017881393,8.00000017881393,19.5));
#3714=CARTESIAN_POINT('Origin',(-11.5000001788139,8.00000017881393,19.5));
#3715=CARTESIAN_POINT('Origin',(-11.5000001788139,4.00000008940697,19.5));
#3716=CARTESIAN_POINT('Origin',(-11.5000001788139,-8.00000017881393,19.5));
#3717=CARTESIAN_POINT('Origin',(-8.00000017881393,-8.00000017881393,19.5));
#3718=CARTESIAN_POINT('Origin',(-11.5000001788139,-8.00000017881393,19.5));
#3719=CARTESIAN_POINT('Origin',(-8.00000017881393,-8.00000017881393,19.5));
#3720=CARTESIAN_POINT('Origin',(-8.00000017881393,-11.5000001788139,19.5));
#3721=CARTESIAN_POINT('Origin',(-4.00000008940697,-11.5000001788139,19.5));
#3722=CARTESIAN_POINT('Origin',(8.00000017881393,-11.5000001788139,19.5));
#3723=CARTESIAN_POINT('Origin',(8.00000017881393,-8.00000017881393,19.5));
#3724=CARTESIAN_POINT('Origin',(4.50000017881393,-8.00000017881393,19.5));
#3725=CARTESIAN_POINT('',(12.0000001788139,-8.00000017881393,19.5));
#3726=CARTESIAN_POINT('Origin',(8.00000017881393,-8.00000017881393,19.5));
#3727=CARTESIAN_POINT('Origin',(11.5000001788139,-8.00000017881393,19.5));
#3728=CARTESIAN_POINT('Origin',(11.5000001788139,-4.00000008940697,19.5));
#3729=CARTESIAN_POINT('',(12.0000001788139,-3.,19.5));
#3730=CARTESIAN_POINT('Origin',(11.5000001788139,-3.,19.5));
#3731=CARTESIAN_POINT('',(12.0000001788139,-4.00000008940697,19.5));
#3732=CARTESIAN_POINT('Origin',(12.0000001788139,-3.,14.5));
#3733=CARTESIAN_POINT('',(12.0000001788139,-3.,14.5));
#3734=CARTESIAN_POINT('',(12.0000001788139,-3.,9.25));
#3735=CARTESIAN_POINT('',(5.00000017881393,-3.,14.5));
#3736=CARTESIAN_POINT('',(12.0000001788139,-3.,14.5));
#3737=CARTESIAN_POINT('',(5.00000017881393,-3.,25.5));
#3738=CARTESIAN_POINT('Origin',(8.00000017881393,-8.00000017881393,4.));
#3739=CARTESIAN_POINT('',(12.0000001788139,-8.00000017881393,4.5));
#3740=CARTESIAN_POINT('Origin',(8.00000017881393,-8.00000017881393,4.5));
#3741=CARTESIAN_POINT('',(12.0000001788139,-8.00000017881393,4.));
#3742=CARTESIAN_POINT('Origin',(-8.00000017881393,-8.00000017881393,4.));
#3743=CARTESIAN_POINT('Origin',(-8.00000017881393,-8.00000017881393,4.5));
#3744=CARTESIAN_POINT('Origin',(-8.00000017881393,8.00000017881393,4.));
#3745=CARTESIAN_POINT('Origin',(-8.00000017881393,8.00000017881393,4.5));
#3746=CARTESIAN_POINT('Origin',(8.00000017881393,8.00000017881393,4.));
#3747=CARTESIAN_POINT('',(12.0000001788139,8.00000017881394,4.5));
#3748=CARTESIAN_POINT('',(12.0000001788139,8.00000017881394,4.));
#3749=CARTESIAN_POINT('Origin',(8.00000017881393,8.00000017881393,4.5));
#3750=CARTESIAN_POINT('Origin',(12.0000001788139,-8.00000017881393,4.));
#3751=CARTESIAN_POINT('',(12.0000001788139,-4.00000008940697,4.5));
#3752=CARTESIAN_POINT('',(12.0000001788139,3.,14.5));
#3753=CARTESIAN_POINT('',(12.0000001788139,3.,12.));
#3754=CARTESIAN_POINT('',(12.0000001788139,-2.50000008940697,14.5));
#3755=CARTESIAN_POINT('Origin',(4.00000008940697,11.5000001788139,4.5));
#3756=CARTESIAN_POINT('Origin',(8.00000017881393,11.5000001788139,4.5));
#3757=CARTESIAN_POINT('Origin',(-8.00000017881393,11.5000001788139,4.5));
#3758=CARTESIAN_POINT('Origin',(-8.00000017881393,8.00000017881393,4.5));
#3759=CARTESIAN_POINT('Origin',(-11.5000001788139,8.00000017881393,4.5));
#3760=CARTESIAN_POINT('Origin',(-11.5000001788139,8.00000017881393,4.5));
#3761=CARTESIAN_POINT('Origin',(-11.5000001788139,4.00000008940697,4.5));
#3762=CARTESIAN_POINT('Origin',(-11.5000001788139,-8.00000017881393,4.5));
#3763=CARTESIAN_POINT('Origin',(-8.00000017881393,-8.00000017881393,4.5));
#3764=CARTESIAN_POINT('Origin',(-8.00000017881393,-11.5000001788139,4.5));
#3765=CARTESIAN_POINT('Origin',(-11.5000001788139,-8.00000017881393,4.5));
#3766=CARTESIAN_POINT('Origin',(-4.00000008940697,-11.5000001788139,4.5));
#3767=CARTESIAN_POINT('Origin',(8.00000017881393,-11.5000001788139,4.5));
#3768=CARTESIAN_POINT('Origin',(8.00000017881393,-8.00000017881393,4.5));
#3769=CARTESIAN_POINT('Origin',(11.5000001788139,-8.00000017881393,4.5));
#3770=CARTESIAN_POINT('Origin',(4.50000017881393,-8.00000017881393,4.5));
#3771=CARTESIAN_POINT('Origin',(11.5000001788139,-4.00000008940697,4.5));
#3772=CARTESIAN_POINT('Origin',(11.5000001788139,8.00000017881394,4.5));
#3773=CARTESIAN_POINT('Origin',(8.00000017881393,8.00000017881393,4.5));
#3774=CARTESIAN_POINT('Origin',(4.50000017881393,8.00000017881393,4.5));
#3775=CARTESIAN_POINT('Origin',(5.00000017881393,2.22044604925031E-15,17.25));
#3776=CARTESIAN_POINT('',(5.00000017881393,0.,15.));
#3777=CARTESIAN_POINT('',(5.00000017881393,0.,14.5));
#3778=CARTESIAN_POINT('',(5.00000017881393,0.,0.));
#3779=CARTESIAN_POINT('',(5.00000017881393,3.,14.5));
#3780=CARTESIAN_POINT('',(5.00000017881393,-3.,14.5));
#3781=CARTESIAN_POINT('',(5.00000017881393,3.,14.5));
#3782=CARTESIAN_POINT('',(5.00000017881393,2.5,15.));
#3783=CARTESIAN_POINT('',(5.00000017881393,2.5,18.625));
#3784=CARTESIAN_POINT('',(5.00000017881393,1.25,15.));
#3785=CARTESIAN_POINT('Origin',(12.0000001788139,3.,14.5));
#3786=CARTESIAN_POINT('',(12.0000001788139,3.,14.5));
#3787=CARTESIAN_POINT('',(5.00000017881393,-3.,14.5));
#3788=CARTESIAN_POINT('Origin',(12.0000001788139,3.,20.));
#3789=CARTESIAN_POINT('Origin',(5.00000017881393,2.22044604925031E-15,17.25));
#3790=CARTESIAN_POINT('',(5.00000017881393,0.,0.));
#3791=CARTESIAN_POINT('',(5.00000017881393,-2.5,15.));
#3792=CARTESIAN_POINT('',(5.00000017881393,1.25,15.));
#3793=CARTESIAN_POINT('',(5.00000017881393,-2.5,16.125));
#3794=CARTESIAN_POINT('Origin',(12.0000001788139,-2.5,15.));
#3795=CARTESIAN_POINT('',(4.33012701892219,-2.5,15.));
#3796=CARTESIAN_POINT('',(12.0000001788139,-2.5,15.));
#3797=CARTESIAN_POINT('',(4.33012701892219,-2.5,0.));
#3798=CARTESIAN_POINT('Origin',(12.0000001788139,2.5,15.));
#3799=CARTESIAN_POINT('Origin',(0.,0.,15.));
#3800=CARTESIAN_POINT('Origin',(12.0000001788139,2.5,15.));
#3801=CARTESIAN_POINT('',(4.33012701892219,2.5,15.));
#3802=CARTESIAN_POINT('',(12.0000001788139,2.5,15.));
#3803=CARTESIAN_POINT('Origin',(0.,0.,15.));
#3804=CARTESIAN_POINT('Origin',(12.0000001788139,2.5,20.));
#3805=CARTESIAN_POINT('',(4.33012701892219,2.5,0.));
#3806=CARTESIAN_POINT('Origin',(0.,0.,0.));
#3807=CARTESIAN_POINT('',(5.,0.,2.));
#3808=CARTESIAN_POINT('',(5.,0.,0.));
#3809=CARTESIAN_POINT('Origin',(0.,0.,2.));
#3810=CARTESIAN_POINT('Origin',(-8.,8.,10.5));
#3811=CARTESIAN_POINT('',(-11.,8.,10.5));
#3812=CARTESIAN_POINT('Origin',(-8.,8.,10.5));
#3813=CARTESIAN_POINT('',(-11.,8.,13.5));
#3814=CARTESIAN_POINT('',(-11.,8.,10.5));
#3815=CARTESIAN_POINT('Origin',(-8.,8.,13.5));
#3816=CARTESIAN_POINT('Origin',(-8.,8.,13.5));
#3817=CARTESIAN_POINT('',(-10.5,8.,13.5));
#3818=CARTESIAN_POINT('Origin',(-8.,8.,13.5));
#3819=CARTESIAN_POINT('Origin',(-8.,8.,10.5));
#3820=CARTESIAN_POINT('',(-10.5,8.,10.5));
#3821=CARTESIAN_POINT('Origin',(-8.,8.,10.5));
#3822=CARTESIAN_POINT('Origin',(-8.,-8.,10.5));
#3823=CARTESIAN_POINT('',(-11.,-8.,10.5));
#3824=CARTESIAN_POINT('Origin',(-8.,-8.,10.5));
#3825=CARTESIAN_POINT('',(-11.,-8.,13.5));
#3826=CARTESIAN_POINT('',(-11.,-8.,10.5));
#3827=CARTESIAN_POINT('Origin',(-8.,-8.,13.5));
#3828=CARTESIAN_POINT('Origin',(-8.,-8.,13.5));
#3829=CARTESIAN_POINT('',(-10.5,-8.,13.5));
#3830=CARTESIAN_POINT('Origin',(-8.,-8.,13.5));
#3831=CARTESIAN_POINT('Origin',(-8.,-8.,10.5));
#3832=CARTESIAN_POINT('',(-10.5,-8.,10.5));
#3833=CARTESIAN_POINT('Origin',(-8.,-8.,10.5));
#3834=CARTESIAN_POINT('Origin',(8.,8.,10.5));
#3835=CARTESIAN_POINT('',(5.,8.,10.5));
#3836=CARTESIAN_POINT('Origin',(8.,8.,10.5));
#3837=CARTESIAN_POINT('',(5.,8.,13.5));
#3838=CARTESIAN_POINT('',(5.,8.,10.5));
#3839=CARTESIAN_POINT('Origin',(8.,8.,13.5));
#3840=CARTESIAN_POINT('Origin',(8.,8.,13.5));
#3841=CARTESIAN_POINT('',(5.5,8.,13.5));
#3842=CARTESIAN_POINT('Origin',(8.,8.,13.5));
#3843=CARTESIAN_POINT('Origin',(8.,8.,10.5));
#3844=CARTESIAN_POINT('',(5.5,8.,10.5));
#3845=CARTESIAN_POINT('Origin',(8.,8.,10.5));
#3846=CARTESIAN_POINT('Origin',(8.,-8.,10.5));
#3847=CARTESIAN_POINT('',(5.,-8.,10.5));
#3848=CARTESIAN_POINT('Origin',(8.,-8.,10.5));
#3849=CARTESIAN_POINT('',(5.,-8.,13.5));
#3850=CARTESIAN_POINT('',(5.,-8.,10.5));
#3851=CARTESIAN_POINT('Origin',(8.,-8.,13.5));
#3852=CARTESIAN_POINT('Origin',(8.,-8.,13.5));
#3853=CARTESIAN_POINT('',(5.5,-8.,13.5));
#3854=CARTESIAN_POINT('Origin',(8.,-8.,13.5));
#3855=CARTESIAN_POINT('Origin',(8.,-8.,10.5));
#3856=CARTESIAN_POINT('',(5.5,-8.,10.5));
#3857=CARTESIAN_POINT('Origin',(8.,-8.,10.5));
#3858=CARTESIAN_POINT('Origin',(-8.,8.,5.5));
#3859=CARTESIAN_POINT('',(-10.5,8.,5.5));
#3860=CARTESIAN_POINT('',(-10.5,8.,5.5));
#3861=CARTESIAN_POINT('Origin',(-8.,8.,5.5));
#3862=CARTESIAN_POINT('Origin',(-8.,-8.,5.5));
#3863=CARTESIAN_POINT('',(-10.5,-8.,5.5));
#3864=CARTESIAN_POINT('',(-10.5,-8.,5.5));
#3865=CARTESIAN_POINT('Origin',(-8.,-8.,5.5));
#3866=CARTESIAN_POINT('Origin',(8.,8.,5.5));
#3867=CARTESIAN_POINT('',(5.5,8.,5.5));
#3868=CARTESIAN_POINT('',(5.5,8.,5.5));
#3869=CARTESIAN_POINT('Origin',(8.,8.,5.5));
#3870=CARTESIAN_POINT('Origin',(8.,-8.,5.5));
#3871=CARTESIAN_POINT('',(5.5,-8.,5.5));
#3872=CARTESIAN_POINT('',(5.5,-8.,5.5));
#3873=CARTESIAN_POINT('Origin',(8.,-8.,5.5));
#3874=CARTESIAN_POINT('Origin',(8.,8.,5.5));
#3875=CARTESIAN_POINT('',(5.5,8.,18.5));
#3876=CARTESIAN_POINT('Origin',(8.,8.,18.5));
#3877=CARTESIAN_POINT('',(5.5,8.,5.5));
#3878=CARTESIAN_POINT('Origin',(8.,8.,18.5));
#3879=CARTESIAN_POINT('Origin',(8.,8.,5.5));
#3880=CARTESIAN_POINT('Origin',(8.,-8.,5.5));
#3881=CARTESIAN_POINT('',(5.5,-8.,18.5));
#3882=CARTESIAN_POINT('Origin',(8.,-8.,18.5));
#3883=CARTESIAN_POINT('',(5.5,-8.,5.5));
#3884=CARTESIAN_POINT('Origin',(8.,-8.,18.5));
#3885=CARTESIAN_POINT('Origin',(8.,-8.,5.5));
#3886=CARTESIAN_POINT('Origin',(-8.,8.,5.5));
#3887=CARTESIAN_POINT('',(-10.5,8.,18.5));
#3888=CARTESIAN_POINT('Origin',(-8.,8.,18.5));
#3889=CARTESIAN_POINT('',(-10.5,8.,5.5));
#3890=CARTESIAN_POINT('Origin',(-8.,8.,18.5));
#3891=CARTESIAN_POINT('Origin',(-8.,8.,5.5));
#3892=CARTESIAN_POINT('Origin',(-8.,-8.,5.5));
#3893=CARTESIAN_POINT('',(-10.5,-8.,18.5));
#3894=CARTESIAN_POINT('Origin',(-8.,-8.,18.5));
#3895=CARTESIAN_POINT('',(-10.5,-8.,5.5));
#3896=CARTESIAN_POINT('Origin',(-8.,-8.,18.5));
#3897=CARTESIAN_POINT('Origin',(-8.,-8.,5.5));
#3898=CARTESIAN_POINT('Origin',(0.,0.,0.));
#3899=CARTESIAN_POINT('',(-3.6,-4.40872847693047E-16,2.));
#3900=CARTESIAN_POINT('Origin',(0.,0.,2.));
#3901=CARTESIAN_POINT('',(-3.6,-4.40872847693047E-16,0.));
#3902=CARTESIAN_POINT('Origin',(0.,0.,2.));
#3903=CARTESIAN_POINT('Origin',(7.750000115484,27.5000000447035,0.5));
#3904=CARTESIAN_POINT('',(6.00000008940697,28.0000000447035,0.5));
#3905=CARTESIAN_POINT('',(12.0000001788139,28.0000000447035,0.5));
#3906=CARTESIAN_POINT('',(7.750000115484,28.0000000447035,0.5));
#3907=CARTESIAN_POINT('',(12.0000001788139,27.5000000447035,0.));
#3908=CARTESIAN_POINT('Origin',(12.0000001788139,27.5000000447035,0.5));
#3909=CARTESIAN_POINT('',(6.50000008940697,27.5000000372529,0.));
#3910=CARTESIAN_POINT('',(7.750000115484,27.5000000447035,0.));
#3911=CARTESIAN_POINT('Origin',(6.50000008940697,27.5000000447035,0.5));
#3912=CARTESIAN_POINT('Origin',(6.50000008940697,26.5000000223517,0.5));
#3913=CARTESIAN_POINT('',(6.00000008940697,27.5000000372529,0.5));
#3914=CARTESIAN_POINT('',(6.00000008940697,26.5000000223517,0.5));
#3915=CARTESIAN_POINT('',(6.50000008940697,27.0000000372529,0.));
#3916=CARTESIAN_POINT('',(6.50000008940697,26.5000000223517,0.));
#3917=CARTESIAN_POINT('Origin',(6.50000008940697,27.0000000372529,0.5));
#3918=CARTESIAN_POINT('Origin',(4.75000007078052,27.0000000372529,0.5));
#3919=CARTESIAN_POINT('',(4.58257575998984,27.0000000372529,0.));
#3920=CARTESIAN_POINT('',(4.75000007078052,27.0000000372529,0.));
#3921=CARTESIAN_POINT('',(4.33012708344611,27.5000000372529,0.5));
#3922=CARTESIAN_POINT('Ctrl Pts',(4.33012708344611,27.5000000372529,0.5));
#3923=CARTESIAN_POINT('Ctrl Pts',(4.33012708344611,27.5000000372529,0.437238447879643));
#3924=CARTESIAN_POINT('Ctrl Pts',(4.33744700023075,27.4874382691808,0.371092395882915));
#3925=CARTESIAN_POINT('Ctrl Pts',(4.36522206645104,27.4383666494139,0.250905764622248));
#3926=CARTESIAN_POINT('Ctrl Pts',(4.38553552813624,27.401917993535,0.196807511907062));
#3927=CARTESIAN_POINT('Ctrl Pts',(4.43173586049359,27.3156829340535,0.106702562363825));
#3928=CARTESIAN_POINT('Ctrl Pts',(4.46150993755545,27.2582777451356,0.0664674654451843));
#3929=CARTESIAN_POINT('Ctrl Pts',(4.52291097092398,27.1326428780948,0.0131081082248345));
#3930=CARTESIAN_POINT('Ctrl Pts',(4.55447909033409,27.0643775947042,1.06167916071123E-16));
#3931=CARTESIAN_POINT('Ctrl Pts',(4.58257575998984,27.0000000372529,3.46944695195362E-17));
#3932=CARTESIAN_POINT('',(4.75000007078052,27.5000000372529,0.5));
#3933=CARTESIAN_POINT('Origin',(12.0000001788139,28.0000000447035,0.));
#3934=CARTESIAN_POINT('',(6.00000008940697,28.0000000447035,2.));
#3935=CARTESIAN_POINT('',(6.00000008940697,28.0000000447035,0.));
#3936=CARTESIAN_POINT('',(12.0000001788139,28.0000000447035,2.));
#3937=CARTESIAN_POINT('',(12.0000001788139,28.0000000447035,2.));
#3938=CARTESIAN_POINT('',(12.0000001788139,28.0000000447035,0.));
#3939=CARTESIAN_POINT('Origin',(6.00000008940697,28.0000000447035,0.));
#3940=CARTESIAN_POINT('',(6.00000008940697,27.5000000372529,2.));
#3941=CARTESIAN_POINT('',(6.00000008940697,27.5000000372529,0.));
#3942=CARTESIAN_POINT('',(6.00000008940697,28.0000000447035,2.));
#3943=CARTESIAN_POINT('Origin',(6.00000008940697,27.5000000372529,0.));
#3944=CARTESIAN_POINT('',(4.33012708344611,27.5000000372529,2.));
#3945=CARTESIAN_POINT('',(4.33012708344611,27.5000000372529,0.));
#3946=CARTESIAN_POINT('',(6.00000008940697,27.5000000372529,2.));
#3947=CARTESIAN_POINT('Origin',(3.91506356780009,22.9999999627471,0.5));
#3948=CARTESIAN_POINT('',(6.00000008940697,22.4999999627471,0.5));
#3949=CARTESIAN_POINT('',(4.33012708344611,22.4999999627471,0.5));
#3950=CARTESIAN_POINT('',(3.91506356780009,22.4999999627471,0.5));
#3951=CARTESIAN_POINT('',(4.58257575998984,22.9999999627471,0.));
#3952=CARTESIAN_POINT('Ctrl Pts',(4.58257575998984,22.9999999627471,3.46944695195362E-17));
#3953=CARTESIAN_POINT('Ctrl Pts',(4.55447909033409,22.9356224052958,3.46944695195362E-17));
#3954=CARTESIAN_POINT('Ctrl Pts',(4.52291097092398,22.8673571219052,0.0131081082248346));
#3955=CARTESIAN_POINT('Ctrl Pts',(4.46150993755545,22.7417222548644,0.0664674654451846));
#3956=CARTESIAN_POINT('Ctrl Pts',(4.43173586049359,22.6843170659465,0.106702562363825));
#3957=CARTESIAN_POINT('Ctrl Pts',(4.38553552813624,22.598082006465,0.196807511907062));
#3958=CARTESIAN_POINT('Ctrl Pts',(4.36522206645104,22.5616333505861,0.250905764622248));
#3959=CARTESIAN_POINT('Ctrl Pts',(4.33744700023075,22.5125617308192,0.371092395882915));
#3960=CARTESIAN_POINT('Ctrl Pts',(4.33012708344611,22.4999999627471,0.437238447879643));
#3961=CARTESIAN_POINT('Ctrl Pts',(4.33012708344611,22.4999999627471,0.5));
#3962=CARTESIAN_POINT('',(6.50000008940697,22.9999999627471,0.));
#3963=CARTESIAN_POINT('',(3.91506356780009,22.9999999627471,0.));
#3964=CARTESIAN_POINT('Origin',(6.50000008940697,22.9999999627471,0.5));
#3965=CARTESIAN_POINT('Origin',(6.50000008940697,23.7499999813735,0.5));
#3966=CARTESIAN_POINT('',(6.00000008940697,21.9999999552965,0.5));
#3967=CARTESIAN_POINT('',(6.00000008940697,23.7499999813735,0.5));
#3968=CARTESIAN_POINT('',(6.50000008940697,22.4999999552965,0.));
#3969=CARTESIAN_POINT('',(6.50000008940697,23.7499999813735,0.));
#3970=CARTESIAN_POINT('Origin',(6.50000008940697,22.4999999552965,0.5));
#3971=CARTESIAN_POINT('Origin',(4.75000007078052,22.4999999552965,0.5));
#3972=CARTESIAN_POINT('',(12.0000001788139,22.4999999552965,0.));
#3973=CARTESIAN_POINT('',(4.75000007078052,22.4999999552965,0.));
#3974=CARTESIAN_POINT('',(12.0000001788139,21.9999999552965,0.5));
#3975=CARTESIAN_POINT('Origin',(12.0000001788139,22.4999999552965,0.5));
#3976=CARTESIAN_POINT('',(4.75000007078052,21.9999999552965,0.5));
#3977=CARTESIAN_POINT('Origin',(3.50000005215406,25.,0.));
#3978=CARTESIAN_POINT('',(12.0000001788139,21.9999999552965,0.));
#3979=CARTESIAN_POINT('',(4.33012708344611,22.4999999627471,0.));
#3980=CARTESIAN_POINT('Origin',(0.,25.,0.));
#3981=CARTESIAN_POINT('',(3.12249896937301,22.4999999627471,0.));
#3982=CARTESIAN_POINT('',(3.31124951076354,22.4999999627471,0.));
#3983=CARTESIAN_POINT('',(3.12249896937301,27.5000000372529,0.));
#3984=CARTESIAN_POINT('Origin',(0.,25.,0.));
#3985=CARTESIAN_POINT('',(4.33012708344611,27.5000000372529,0.));
#3986=CARTESIAN_POINT('',(3.91506356780009,27.5000000372529,0.));
#3987=CARTESIAN_POINT('Origin',(0.,25.,0.));
#3988=CARTESIAN_POINT('Origin',(4.33012708344611,27.5000000372529,0.));
#3989=CARTESIAN_POINT('',(3.74165745148961,27.5000000372529,-5.));
#3990=CARTESIAN_POINT('',(3.12249896937301,27.5000000372529,-4.5));
#3991=CARTESIAN_POINT('Ctrl Pts',(3.7416573618833,27.5000000372529,-5.));
#3992=CARTESIAN_POINT('Ctrl Pts',(3.66207348087961,27.5000000372529,-5.));
#3993=CARTESIAN_POINT('Ctrl Pts',(3.56799767843422,27.5000000372529,-4.98356470503047));
#3994=CARTESIAN_POINT('Ctrl Pts',(3.42347898532169,27.5000000372529,-4.93093588834433));
#3995=CARTESIAN_POINT('Ctrl Pts',(3.34598178754728,27.5000000372529,-4.88704455396919));
#3996=CARTESIAN_POINT('Ctrl Pts',(3.24052765875491,27.5000000372529,-4.79575030703495));
#3997=CARTESIAN_POINT('Ctrl Pts',(3.19148835120544,27.5000000372529,-4.73468971032658));
#3998=CARTESIAN_POINT('Ctrl Pts',(3.13856170978354,27.5000000372529,-4.62414848753617));
#3999=CARTESIAN_POINT('Ctrl Pts',(3.12249896937301,27.5000000372529,-4.55729596381942));
#4000=CARTESIAN_POINT('Ctrl Pts',(3.12249896937301,27.5000000372529,-4.5));
#4001=CARTESIAN_POINT('',(4.33012708344611,27.5000000372529,-4.5));
#4002=CARTESIAN_POINT('Ctrl Pts',(4.33012708344611,27.5000000372529,-4.5));
#4003=CARTESIAN_POINT('Ctrl Pts',(4.33012708344611,27.5000000372529,-4.55865678499063));
#4004=CARTESIAN_POINT('Ctrl Pts',(4.31500104334272,27.5000000372529,-4.62740046428858));
#4005=CARTESIAN_POINT('Ctrl Pts',(4.26506410467561,27.5000000372529,-4.738575087216));
#4006=CARTESIAN_POINT('Ctrl Pts',(4.21976740214834,27.5000000372529,-4.79942913027231));
#4007=CARTESIAN_POINT('Ctrl Pts',(4.12151867446173,27.5000000372529,-4.88927076179078));
#4008=CARTESIAN_POINT('Ctrl Pts',(4.04937024926206,27.5000000372529,-4.93208903435502));
#4009=CARTESIAN_POINT('Ctrl Pts',(3.91125134102186,27.5000000372529,-4.98418429819042));
#4010=CARTESIAN_POINT('Ctrl Pts',(3.81935972292508,27.5000000372529,-5.));
#4011=CARTESIAN_POINT('Ctrl Pts',(3.74165745148961,27.5000000372529,-5.));
#4012=CARTESIAN_POINT('',(4.33012708344611,27.5000000372529,0.));
#4013=CARTESIAN_POINT('',(3.12249896937301,27.5000000372529,0.));
#4014=CARTESIAN_POINT('Origin',(0.,25.,-4.5));
#4015=CARTESIAN_POINT('',(3.12249896937301,22.4999999627471,-4.5));
#4016=CARTESIAN_POINT('Origin',(0.,25.,-4.5));
#4017=CARTESIAN_POINT('',(3.74165745148961,22.4999999627471,-5.));
#4018=CARTESIAN_POINT('Ctrl Pts',(3.12249896937301,22.4999999627471,-4.5));
#4019=CARTESIAN_POINT('Ctrl Pts',(3.12249896937301,22.4999999627471,-4.55729596381942));
#4020=CARTESIAN_POINT('Ctrl Pts',(3.13856170978354,22.4999999627471,-4.62414848753617));
#4021=CARTESIAN_POINT('Ctrl Pts',(3.19148835120544,22.4999999627471,-4.73468971032658));
#4022=CARTESIAN_POINT('Ctrl Pts',(3.24052765875491,22.4999999627471,-4.79575030703495));
#4023=CARTESIAN_POINT('Ctrl Pts',(3.34598178754728,22.4999999627471,-4.88704455396919));
#4024=CARTESIAN_POINT('Ctrl Pts',(3.42347898532169,22.4999999627471,-4.93093588834433));
#4025=CARTESIAN_POINT('Ctrl Pts',(3.56799767843422,22.4999999627471,-4.98356470503047));
#4026=CARTESIAN_POINT('Ctrl Pts',(3.66207348087961,22.4999999627471,-5.));
#4027=CARTESIAN_POINT('Ctrl Pts',(3.7416573618833,22.4999999627471,-5.));
#4028=CARTESIAN_POINT('',(4.33012708344611,22.4999999627471,-4.5));
#4029=CARTESIAN_POINT('Ctrl Pts',(3.74165745148961,22.4999999627471,-5.));
#4030=CARTESIAN_POINT('Ctrl Pts',(3.81935972292508,22.4999999627471,-5.));
#4031=CARTESIAN_POINT('Ctrl Pts',(3.91125134102186,22.4999999627471,-4.98418429819042));
#4032=CARTESIAN_POINT('Ctrl Pts',(4.04937024926206,22.4999999627471,-4.93208903435502));
#4033=CARTESIAN_POINT('Ctrl Pts',(4.12151867446173,22.4999999627471,-4.88927076179078));
#4034=CARTESIAN_POINT('Ctrl Pts',(4.21976740214834,22.4999999627471,-4.79942913027231));
#4035=CARTESIAN_POINT('Ctrl Pts',(4.26506410467561,22.4999999627471,-4.738575087216));
#4036=CARTESIAN_POINT('Ctrl Pts',(4.31500104334272,22.4999999627471,-4.62740046428858));
#4037=CARTESIAN_POINT('Ctrl Pts',(4.33012708344611,22.4999999627471,-4.55865678499063));
#4038=CARTESIAN_POINT('Ctrl Pts',(4.33012708344611,22.4999999627471,-4.5));
#4039=CARTESIAN_POINT('Origin',(0.,25.,-4.5));
#4040=CARTESIAN_POINT('Origin',(3.12249896937301,22.4999999627471,0.));
#4041=CARTESIAN_POINT('',(3.12249896937301,22.4999999627471,0.));
#4042=CARTESIAN_POINT('',(4.33012708344611,22.4999999627471,0.));
#4043=CARTESIAN_POINT('Origin',(0.,25.,0.));
#4044=CARTESIAN_POINT('Origin',(6.00000008940697,21.9999999552965,0.));
#4045=CARTESIAN_POINT('',(12.0000001788139,21.9999999552965,2.));
#4046=CARTESIAN_POINT('',(12.0000001788139,21.9999999552965,0.));
#4047=CARTESIAN_POINT('',(6.00000008940697,21.9999999552965,2.));
#4048=CARTESIAN_POINT('',(6.00000008940697,21.9999999552965,2.));
#4049=CARTESIAN_POINT('',(6.00000008940697,21.9999999552965,0.));
#4050=CARTESIAN_POINT('Origin',(6.00000008940697,22.4999999627471,0.));
#4051=CARTESIAN_POINT('',(6.00000008940697,22.4999999627471,2.));
#4052=CARTESIAN_POINT('',(6.00000008940697,22.4999999627471,2.));
#4053=CARTESIAN_POINT('',(6.00000008940697,22.4999999627471,0.));
#4054=CARTESIAN_POINT('Origin',(4.33012708344611,22.4999999627471,0.));
#4055=CARTESIAN_POINT('',(4.33012708344611,22.4999999627471,2.));
#4056=CARTESIAN_POINT('',(4.33012708344611,22.4999999627471,2.));
#4057=CARTESIAN_POINT('',(4.33012708344611,22.4999999627471,0.));
#4058=CARTESIAN_POINT('Origin',(0.,25.,0.));
#4059=CARTESIAN_POINT('Origin',(0.,25.,2.));
#4060=CARTESIAN_POINT('Origin',(12.0000001788139,21.9999999552965,0.));
#4061=CARTESIAN_POINT('',(12.0000001788139,21.9999999552965,2.));
#4062=CARTESIAN_POINT('Origin',(3.50000005215406,25.,2.));
#4063=UNCERTAINTY_MEASURE_WITH_UNIT(LENGTH_MEASURE(0.01),#4067,
'DISTANCE_ACCURACY_VALUE',
'Maximum model space distance between geometric entities at asserted c
onnectivities');
#4064=UNCERTAINTY_MEASURE_WITH_UNIT(LENGTH_MEASURE(0.01),#4067,
'DISTANCE_ACCURACY_VALUE',
'Maximum model space distance between geometric entities at asserted c
onnectivities');
#4065=(
GEOMETRIC_REPRESENTATION_CONTEXT(3)
GLOBAL_UNCERTAINTY_ASSIGNED_CONTEXT((#4063))
GLOBAL_UNIT_ASSIGNED_CONTEXT((#4067,#4069,#4070))
REPRESENTATION_CONTEXT('','3D')
);
#4066=(
GEOMETRIC_REPRESENTATION_CONTEXT(3)
GLOBAL_UNCERTAINTY_ASSIGNED_CONTEXT((#4064))
GLOBAL_UNIT_ASSIGNED_CONTEXT((#4067,#4069,#4070))
REPRESENTATION_CONTEXT('','3D')
);
#4067=(
LENGTH_UNIT()
NAMED_UNIT(*)
SI_UNIT(.MILLI.,.METRE.)
);
#4068=(
LENGTH_UNIT()
NAMED_UNIT(*)
SI_UNIT($,.METRE.)
);
#4069=(
NAMED_UNIT(*)
PLANE_ANGLE_UNIT()
SI_UNIT($,.RADIAN.)
);
#4070=(
NAMED_UNIT(*)
SI_UNIT($,.STERADIAN.)
SOLID_ANGLE_UNIT()
);
#4071=SHAPE_DEFINITION_REPRESENTATION(#4072,#4073);
#4072=PRODUCT_DEFINITION_SHAPE('',$,#4075);
#4073=SHAPE_REPRESENTATION('',(#2172),#4065);
#4074=PRODUCT_DEFINITION_CONTEXT('part definition',#4079,'design');
#4075=PRODUCT_DEFINITION('tlacitko','tlacitko v3',#4076,#4074);
#4076=PRODUCT_DEFINITION_FORMATION('',$,#4081);
#4077=PRODUCT_RELATED_PRODUCT_CATEGORY('tlacitko v3','tlacitko v3',(#4081));
#4078=APPLICATION_PROTOCOL_DEFINITION('international standard',
'automotive_design',2009,#4079);
#4079=APPLICATION_CONTEXT(
'Core Data for Automotive Mechanical Design Process');
#4080=PRODUCT_CONTEXT('part definition',#4079,'mechanical');
#4081=PRODUCT('tlacitko','tlacitko v3',$,(#4080));
#4082=PRESENTATION_STYLE_ASSIGNMENT((#4083));
#4083=SURFACE_STYLE_USAGE(.BOTH.,#4084);
#4084=SURFACE_SIDE_STYLE('',(#4085));
#4085=SURFACE_STYLE_FILL_AREA(#4086);
#4086=FILL_AREA_STYLE('Steel - Satin',(#4087));
#4087=FILL_AREA_STYLE_COLOUR('Steel - Satin',#4088);
#4088=COLOUR_RGB('Steel - Satin',0.627450980392157,0.627450980392157,0.627450980392157);
ENDSEC;
END-ISO-10303-21;
