ISO-10303-21;
HEADER;
/* Generated by software containing ST-Developer
 * from STEP Tools, Inc. (www.steptools.com) 
 */

FILE_DESCRIPTION(
/* description */ (''),
/* implementation_level */ '2;1');

FILE_NAME(
/* name */ 'ultrazvuk.step',
/* time_stamp */ '2024-11-18T08:33:32+01:00',
/* author */ (''),
/* organization */ (''),
/* preprocessor_version */ 'ST-DEVELOPER v20',
/* originating_system */ 'Autodesk Translation Framework v13.20.0.188',

/* authorisation */ '');

FILE_SCHEMA (('AUTOMOTIVE_DESIGN { 1 0 10303 214 3 1 1 }'));
ENDSEC;

DATA;
#10=MECHANICAL_DESIGN_GEOMETRIC_PRESENTATION_REPRESENTATION('',(#13),#5343);
#11=SHAPE_REPRESENTATION_RELATIONSHIP('SRR','None',#5350,#12);
#12=ADVANCED_BREP_SHAPE_REPRESENTATION('',(#14),#5342);
#13=STYLED_ITEM('',(#5359),#14);
#14=MANIFOLD_SOLID_BREP('Body1',#2912);
#15=B_SPLINE_CURVE_WITH_KNOTS('',3,(#4675,#4676,#4677,#4678,#4679,#4680,
#4681,#4682,#4683,#4684,#4685,#4686,#4687,#4688),.UNSPECIFIED.,.F.,.F.,
(4,2,2,2,2,2,4),(1.19638167222725,1.21020716239203,1.23122057854559,1.25929350740231,
1.30025037885774,1.34522828109481,1.39821813948642),.UNSPECIFIED.);
#16=B_SPLINE_CURVE_WITH_KNOTS('',3,(#4690,#4691,#4692,#4693,#4694,#4695,
#4696,#4697,#4698,#4699,#4700,#4701,#4702,#4703),.UNSPECIFIED.,.F.,.F.,
(4,2,2,2,2,2,4),(1.68626882113402,1.70386146071781,1.77520667549153,1.82599074058482,
1.85710530921358,1.87895109996478,1.88822674766405),.UNSPECIFIED.);
#17=B_SPLINE_CURVE_WITH_KNOTS('',3,(#4736,#4737,#4738,#4739,#4740,#4741,
#4742,#4743,#4744,#4745,#4746,#4747,#4748,#4749),.UNSPECIFIED.,.F.,.F.,
(4,2,2,2,2,2,4),(1.19638214257645,1.21020755468585,1.23122095295917,1.25929383164713,
1.30025060561851,1.34522857503259,1.39821852492237),.UNSPECIFIED.);
#18=B_SPLINE_CURVE_WITH_KNOTS('',3,(#4751,#4752,#4753,#4754,#4755,#4756,
#4757,#4758,#4759,#4760,#4761,#4762,#4763,#4764),.UNSPECIFIED.,.F.,.F.,
(4,2,2,2,2,2,4),(1.68626937017377,1.7038618173142,1.77520705824225,1.82599122078237,
1.85710583509692,1.87895164748852,1.88822734369881),.UNSPECIFIED.);
#19=B_SPLINE_CURVE_WITH_KNOTS('',3,(#4829,#4830,#4831,#4832,#4833,#4834,
#4835,#4836,#4837,#4838,#4839,#4840,#4841,#4842),.UNSPECIFIED.,.F.,.F.,
(4,2,2,2,2,2,4),(0.954300552379767,0.963939976276838,0.984173096702082,
1.01228986118951,1.05626249378189,1.12500937191521,1.18292175306805),
 .UNSPECIFIED.);
#20=B_SPLINE_CURVE_WITH_KNOTS('',3,(#4844,#4845,#4846,#4847,#4848,#4849,
#4850,#4851,#4852,#4853,#4854,#4855),.UNSPECIFIED.,.F.,.F.,(4,2,2,2,2,4),
(1.49805684096775,1.57443649126337,1.63856702217977,1.67608018027692,1.70107941125649,
1.71598821865318),.UNSPECIFIED.);
#21=B_SPLINE_CURVE_WITH_KNOTS('',3,(#4886,#4887,#4888,#4889,#4890,#4891,
#4892,#4893,#4894,#4895,#4896,#4897,#4898,#4899),.UNSPECIFIED.,.F.,.F.,
(4,2,2,2,2,2,4),(0.954300684145497,0.963940095967448,0.984173217429712,
1.01228997717485,1.05626259414504,1.12500944128289,1.18292184379419),
 .UNSPECIFIED.);
#22=B_SPLINE_CURVE_WITH_KNOTS('',3,(#4901,#4902,#4903,#4904,#4905,#4906,
#4907,#4908,#4909,#4910,#4911,#4912),.UNSPECIFIED.,.F.,.F.,(4,2,2,2,2,4),
(1.49805705684176,1.57443670658621,1.63856721354589,1.67608036434034,1.70107959415889,
1.71598839375544),.UNSPECIFIED.);
#23=FACE_BOUND('',#744,.T.);
#24=FACE_BOUND('',#745,.T.);
#25=FACE_BOUND('',#746,.T.);
#26=FACE_BOUND('',#747,.T.);
#27=FACE_BOUND('',#796,.T.);
#28=FACE_BOUND('',#798,.T.);
#29=FACE_BOUND('',#801,.T.);
#30=FACE_BOUND('',#803,.T.);
#31=FACE_BOUND('',#810,.T.);
#32=FACE_BOUND('',#812,.T.);
#33=FACE_BOUND('',#815,.T.);
#34=FACE_BOUND('',#817,.T.);
#35=FACE_BOUND('',#820,.T.);
#36=FACE_BOUND('',#822,.T.);
#37=FACE_BOUND('',#825,.T.);
#38=FACE_BOUND('',#827,.T.);
#39=FACE_BOUND('',#830,.T.);
#40=FACE_BOUND('',#832,.T.);
#41=FACE_BOUND('',#836,.T.);
#42=FACE_BOUND('',#838,.T.);
#43=FACE_BOUND('',#842,.T.);
#44=FACE_BOUND('',#844,.T.);
#45=FACE_BOUND('',#848,.T.);
#46=FACE_BOUND('',#850,.T.);
#47=FACE_BOUND('',#870,.T.);
#48=FACE_BOUND('',#872,.T.);
#49=FACE_BOUND('',#879,.T.);
#50=FACE_BOUND('',#881,.T.);
#51=FACE_BOUND('',#889,.T.);
#52=FACE_BOUND('',#891,.T.);
#53=FACE_BOUND('',#898,.T.);
#54=FACE_BOUND('',#900,.T.);
#55=FACE_BOUND('',#903,.T.);
#56=FACE_BOUND('',#905,.T.);
#57=FACE_BOUND('',#907,.T.);
#58=FACE_BOUND('',#909,.T.);
#59=FACE_BOUND('',#919,.T.);
#60=FACE_BOUND('',#920,.T.);
#61=FACE_BOUND('',#921,.T.);
#62=FACE_BOUND('',#922,.T.);
#63=FACE_BOUND('',#947,.T.);
#64=FACE_BOUND('',#948,.T.);
#65=FACE_BOUND('',#949,.T.);
#66=FACE_BOUND('',#950,.T.);
#67=PLANE('',#2950);
#68=PLANE('',#2961);
#69=PLANE('',#2965);
#70=PLANE('',#2968);
#71=PLANE('',#2971);
#72=PLANE('',#2974);
#73=PLANE('',#2977);
#74=PLANE('',#2980);
#75=PLANE('',#2983);
#76=PLANE('',#2992);
#77=PLANE('',#2995);
#78=PLANE('',#3034);
#79=PLANE('',#3042);
#80=PLANE('',#3139);
#81=PLANE('',#3141);
#82=PLANE('',#3145);
#83=PLANE('',#3146);
#84=PLANE('',#3152);
#85=PLANE('',#3153);
#86=PLANE('',#3157);
#87=PLANE('',#3159);
#88=PLANE('',#3163);
#89=PLANE('',#3165);
#90=PLANE('',#3169);
#91=PLANE('',#3171);
#92=PLANE('',#3175);
#93=PLANE('',#3177);
#94=PLANE('',#3181);
#95=PLANE('',#3182);
#96=PLANE('',#3189);
#97=PLANE('',#3190);
#98=PLANE('',#3197);
#99=PLANE('',#3198);
#100=PLANE('',#3205);
#101=PLANE('',#3206);
#102=PLANE('',#3212);
#103=PLANE('',#3215);
#104=PLANE('',#3218);
#105=PLANE('',#3221);
#106=PLANE('',#3222);
#107=PLANE('',#3223);
#108=PLANE('',#3224);
#109=PLANE('',#3225);
#110=PLANE('',#3229);
#111=PLANE('',#3230);
#112=PLANE('',#3237);
#113=PLANE('',#3238);
#114=PLANE('',#3245);
#115=PLANE('',#3246);
#116=PLANE('',#3251);
#117=PLANE('',#3252);
#118=PLANE('',#3259);
#119=PLANE('',#3260);
#120=PLANE('',#3267);
#121=PLANE('',#3268);
#122=PLANE('',#3275);
#123=PLANE('',#3276);
#124=PLANE('',#3281);
#125=PLANE('',#3282);
#126=PLANE('',#3286);
#127=PLANE('',#3288);
#128=PLANE('',#3290);
#129=PLANE('',#3292);
#130=PLANE('',#3294);
#131=PLANE('',#3296);
#132=PLANE('',#3298);
#133=PLANE('',#3301);
#134=PLANE('',#3302);
#135=PLANE('',#3303);
#136=PLANE('',#3304);
#137=PLANE('',#3325);
#138=PLANE('',#3326);
#139=PLANE('',#3333);
#140=PLANE('',#3340);
#141=PLANE('',#3347);
#142=PLANE('',#3354);
#143=PLANE('',#3355);
#144=PLANE('',#3356);
#145=LINE('',#4394,#303);
#146=LINE('',#4396,#304);
#147=LINE('',#4398,#305);
#148=LINE('',#4400,#306);
#149=LINE('',#4401,#307);
#150=LINE('',#4403,#308);
#151=LINE('',#4405,#309);
#152=LINE('',#4406,#310);
#153=LINE('',#4418,#311);
#154=LINE('',#4419,#312);
#155=LINE('',#4421,#313);
#156=LINE('',#4423,#314);
#157=LINE('',#4425,#315);
#158=LINE('',#4427,#316);
#159=LINE('',#4428,#317);
#160=LINE('',#4440,#318);
#161=LINE('',#4442,#319);
#162=LINE('',#4444,#320);
#163=LINE('',#4446,#321);
#164=LINE('',#4447,#322);
#165=LINE('',#4449,#323);
#166=LINE('',#4451,#324);
#167=LINE('',#4452,#325);
#168=LINE('',#4461,#326);
#169=LINE('',#4463,#327);
#170=LINE('',#4465,#328);
#171=LINE('',#4467,#329);
#172=LINE('',#4468,#330);
#173=LINE('',#4470,#331);
#174=LINE('',#4471,#332);
#175=LINE('',#4486,#333);
#176=LINE('',#4488,#334);
#177=LINE('',#4490,#335);
#178=LINE('',#4492,#336);
#179=LINE('',#4494,#337);
#180=LINE('',#4496,#338);
#181=LINE('',#4497,#339);
#182=LINE('',#4500,#340);
#183=LINE('',#4505,#341);
#184=LINE('',#4506,#342);
#185=LINE('',#4509,#343);
#186=LINE('',#4564,#344);
#187=LINE('',#4574,#345);
#188=LINE('',#4584,#346);
#189=LINE('',#4594,#347);
#190=LINE('',#4604,#348);
#191=LINE('',#4617,#349);
#192=LINE('',#4619,#350);
#193=LINE('',#4620,#351);
#194=LINE('',#4623,#352);
#195=LINE('',#4634,#353);
#196=LINE('',#4635,#354);
#197=LINE('',#4641,#355);
#198=LINE('',#4651,#356);
#199=LINE('',#4661,#357);
#200=LINE('',#4671,#358);
#201=LINE('',#4707,#359);
#202=LINE('',#4711,#360);
#203=LINE('',#4715,#361);
#204=LINE('',#4719,#362);
#205=LINE('',#4724,#363);
#206=LINE('',#4728,#364);
#207=LINE('',#4731,#365);
#208=LINE('',#4768,#366);
#209=LINE('',#4772,#367);
#210=LINE('',#4776,#368);
#211=LINE('',#4780,#369);
#212=LINE('',#4785,#370);
#213=LINE('',#4789,#371);
#214=LINE('',#4792,#372);
#215=LINE('',#4801,#373);
#216=LINE('',#4809,#374);
#217=LINE('',#4817,#375);
#218=LINE('',#4825,#376);
#219=LINE('',#4859,#377);
#220=LINE('',#4863,#378);
#221=LINE('',#4867,#379);
#222=LINE('',#4871,#380);
#223=LINE('',#4875,#381);
#224=LINE('',#4878,#382);
#225=LINE('',#4880,#383);
#226=LINE('',#4916,#384);
#227=LINE('',#4920,#385);
#228=LINE('',#4924,#386);
#229=LINE('',#4928,#387);
#230=LINE('',#4932,#388);
#231=LINE('',#4935,#389);
#232=LINE('',#4937,#390);
#233=LINE('',#4949,#391);
#234=LINE('',#4959,#392);
#235=LINE('',#4967,#393);
#236=LINE('',#4971,#394);
#237=LINE('',#4979,#395);
#238=LINE('',#4989,#396);
#239=LINE('',#4999,#397);
#240=LINE('',#5009,#398);
#241=LINE('',#5019,#399);
#242=LINE('',#5027,#400);
#243=LINE('',#5033,#401);
#244=LINE('',#5041,#402);
#245=LINE('',#5047,#403);
#246=LINE('',#5055,#404);
#247=LINE('',#5061,#405);
#248=LINE('',#5069,#406);
#249=LINE('',#5073,#407);
#250=LINE('',#5078,#408);
#251=LINE('',#5083,#409);
#252=LINE('',#5088,#410);
#253=LINE('',#5107,#411);
#254=LINE('',#5115,#412);
#255=LINE('',#5127,#413);
#256=LINE('',#5135,#414);
#257=LINE('',#5149,#415);
#258=LINE('',#5157,#416);
#259=LINE('',#5169,#417);
#260=LINE('',#5177,#418);
#261=LINE('',#5197,#419);
#262=LINE('',#5199,#420);
#263=LINE('',#5200,#421);
#264=LINE('',#5207,#422);
#265=LINE('',#5208,#423);
#266=LINE('',#5209,#424);
#267=LINE('',#5214,#425);
#268=LINE('',#5215,#426);
#269=LINE('',#5217,#427);
#270=LINE('',#5219,#428);
#271=LINE('',#5227,#429);
#272=LINE('',#5235,#430);
#273=LINE('',#5243,#431);
#274=LINE('',#5252,#432);
#275=LINE('',#5256,#433);
#276=LINE('',#5260,#434);
#277=LINE('',#5264,#435);
#278=LINE('',#5267,#436);
#279=LINE('',#5268,#437);
#280=LINE('',#5271,#438);
#281=LINE('',#5272,#439);
#282=LINE('',#5276,#440);
#283=LINE('',#5280,#441);
#284=LINE('',#5284,#442);
#285=LINE('',#5287,#443);
#286=LINE('',#5288,#444);
#287=LINE('',#5292,#445);
#288=LINE('',#5296,#446);
#289=LINE('',#5300,#447);
#290=LINE('',#5303,#448);
#291=LINE('',#5304,#449);
#292=LINE('',#5308,#450);
#293=LINE('',#5312,#451);
#294=LINE('',#5316,#452);
#295=LINE('',#5319,#453);
#296=LINE('',#5320,#454);
#297=LINE('',#5324,#455);
#298=LINE('',#5328,#456);
#299=LINE('',#5332,#457);
#300=LINE('',#5335,#458);
#301=LINE('',#5336,#459);
#302=LINE('',#5338,#460);
#303=VECTOR('',#3373,10.);
#304=VECTOR('',#3374,10.);
#305=VECTOR('',#3375,10.);
#306=VECTOR('',#3376,10.);
#307=VECTOR('',#3377,10.);
#308=VECTOR('',#3378,10.);
#309=VECTOR('',#3379,10.);
#310=VECTOR('',#3380,10.);
#311=VECTOR('',#3393,10.);
#312=VECTOR('',#3394,10.);
#313=VECTOR('',#3395,10.);
#314=VECTOR('',#3396,10.);
#315=VECTOR('',#3397,10.);
#316=VECTOR('',#3398,10.);
#317=VECTOR('',#3399,10.);
#318=VECTOR('',#3412,10.);
#319=VECTOR('',#3413,10.);
#320=VECTOR('',#3414,10.);
#321=VECTOR('',#3415,10.);
#322=VECTOR('',#3416,10.);
#323=VECTOR('',#3417,10.);
#324=VECTOR('',#3418,10.);
#325=VECTOR('',#3419,10.);
#326=VECTOR('',#3430,10.);
#327=VECTOR('',#3431,10.);
#328=VECTOR('',#3432,10.);
#329=VECTOR('',#3433,10.);
#330=VECTOR('',#3434,10.);
#331=VECTOR('',#3435,10.);
#332=VECTOR('',#3436,10.);
#333=VECTOR('',#3455,10.);
#334=VECTOR('',#3456,10.);
#335=VECTOR('',#3457,10.);
#336=VECTOR('',#3458,10.);
#337=VECTOR('',#3459,10.);
#338=VECTOR('',#3460,10.);
#339=VECTOR('',#3461,10.);
#340=VECTOR('',#3464,10.);
#341=VECTOR('',#3471,10.);
#342=VECTOR('',#3472,10.);
#343=VECTOR('',#3475,10.);
#344=VECTOR('',#3554,3.);
#345=VECTOR('',#3567,3.);
#346=VECTOR('',#3580,3.);
#347=VECTOR('',#3593,3.);
#348=VECTOR('',#3606,3.);
#349=VECTOR('',#3623,10.);
#350=VECTOR('',#3624,10.);
#351=VECTOR('',#3625,10.);
#352=VECTOR('',#3628,3.);
#353=VECTOR('',#3643,10.);
#354=VECTOR('',#3644,10.);
#355=VECTOR('',#3653,3.);
#356=VECTOR('',#3666,3.);
#357=VECTOR('',#3679,3.);
#358=VECTOR('',#3692,3.);
#359=VECTOR('',#3701,10.);
#360=VECTOR('',#3704,10.);
#361=VECTOR('',#3707,10.);
#362=VECTOR('',#3710,2.25);
#363=VECTOR('',#3715,10.);
#364=VECTOR('',#3718,10.);
#365=VECTOR('',#3721,10.);
#366=VECTOR('',#3732,10.);
#367=VECTOR('',#3735,10.);
#368=VECTOR('',#3738,10.);
#369=VECTOR('',#3741,2.25);
#370=VECTOR('',#3746,10.);
#371=VECTOR('',#3749,10.);
#372=VECTOR('',#3752,10.);
#373=VECTOR('',#3765,3.);
#374=VECTOR('',#3776,3.);
#375=VECTOR('',#3787,3.);
#376=VECTOR('',#3798,3.);
#377=VECTOR('',#3807,10.);
#378=VECTOR('',#3810,10.);
#379=VECTOR('',#3813,10.);
#380=VECTOR('',#3816,10.);
#381=VECTOR('',#3819,10.);
#382=VECTOR('',#3822,10.);
#383=VECTOR('',#3823,2.25);
#384=VECTOR('',#3836,10.);
#385=VECTOR('',#3839,10.);
#386=VECTOR('',#3842,10.);
#387=VECTOR('',#3845,10.);
#388=VECTOR('',#3848,10.);
#389=VECTOR('',#3851,10.);
#390=VECTOR('',#3852,2.25);
#391=VECTOR('',#3871,2.5);
#392=VECTOR('',#3884,2.5);
#393=VECTOR('',#3895,3.);
#394=VECTOR('',#3900,3.);
#395=VECTOR('',#3911,2.5);
#396=VECTOR('',#3924,2.5);
#397=VECTOR('',#3937,2.5);
#398=VECTOR('',#3950,2.5);
#399=VECTOR('',#3963,2.5);
#400=VECTOR('',#3974,3.);
#401=VECTOR('',#3981,2.5);
#402=VECTOR('',#3992,3.);
#403=VECTOR('',#3999,2.5);
#404=VECTOR('',#4010,3.);
#405=VECTOR('',#4017,2.5);
#406=VECTOR('',#4028,3.);
#407=VECTOR('',#4033,3.);
#408=VECTOR('',#4040,3.);
#409=VECTOR('',#4047,3.);
#410=VECTOR('',#4054,3.);
#411=VECTOR('',#4087,2.5);
#412=VECTOR('',#4098,3.);
#413=VECTOR('',#4117,2.5);
#414=VECTOR('',#4128,3.);
#415=VECTOR('',#4151,2.5);
#416=VECTOR('',#4162,3.);
#417=VECTOR('',#4181,2.5);
#418=VECTOR('',#4192,3.);
#419=VECTOR('',#4221,10.);
#420=VECTOR('',#4222,10.);
#421=VECTOR('',#4223,10.);
#422=VECTOR('',#4232,10.);
#423=VECTOR('',#4233,10.);
#424=VECTOR('',#4234,10.);
#425=VECTOR('',#4239,10.);
#426=VECTOR('',#4240,10.);
#427=VECTOR('',#4241,10.);
#428=VECTOR('',#4242,10.);
#429=VECTOR('',#4249,10.);
#430=VECTOR('',#4256,10.);
#431=VECTOR('',#4263,10.);
#432=VECTOR('',#4274,1.3);
#433=VECTOR('',#4279,1.3);
#434=VECTOR('',#4284,1.3);
#435=VECTOR('',#4289,1.3);
#436=VECTOR('',#4292,10.);
#437=VECTOR('',#4293,10.);
#438=VECTOR('',#4296,10.);
#439=VECTOR('',#4297,10.);
#440=VECTOR('',#4302,10.);
#441=VECTOR('',#4307,10.);
#442=VECTOR('',#4312,10.);
#443=VECTOR('',#4315,10.);
#444=VECTOR('',#4316,10.);
#445=VECTOR('',#4321,10.);
#446=VECTOR('',#4326,10.);
#447=VECTOR('',#4331,10.);
#448=VECTOR('',#4334,10.);
#449=VECTOR('',#4335,10.);
#450=VECTOR('',#4340,10.);
#451=VECTOR('',#4345,10.);
#452=VECTOR('',#4350,10.);
#453=VECTOR('',#4353,10.);
#454=VECTOR('',#4354,10.);
#455=VECTOR('',#4359,10.);
#456=VECTOR('',#4364,10.);
#457=VECTOR('',#4369,10.);
#458=VECTOR('',#4372,10.);
#459=VECTOR('',#4373,10.);
#460=VECTOR('',#4376,10.);
#461=CYLINDRICAL_SURFACE('',#2931,0.5);
#462=CYLINDRICAL_SURFACE('',#2937,0.5);
#463=CYLINDRICAL_SURFACE('',#2943,0.5);
#464=CYLINDRICAL_SURFACE('',#2949,0.5);
#465=CYLINDRICAL_SURFACE('',#2959,2.);
#466=CYLINDRICAL_SURFACE('',#2963,2.);
#467=CYLINDRICAL_SURFACE('',#3002,3.);
#468=CYLINDRICAL_SURFACE('',#3008,3.);
#469=CYLINDRICAL_SURFACE('',#3014,3.);
#470=CYLINDRICAL_SURFACE('',#3020,3.);
#471=CYLINDRICAL_SURFACE('',#3026,3.);
#472=CYLINDRICAL_SURFACE('',#3035,3.);
#473=CYLINDRICAL_SURFACE('',#3046,3.);
#474=CYLINDRICAL_SURFACE('',#3052,3.);
#475=CYLINDRICAL_SURFACE('',#3058,3.);
#476=CYLINDRICAL_SURFACE('',#3064,3.);
#477=CYLINDRICAL_SURFACE('',#3068,2.25);
#478=CYLINDRICAL_SURFACE('',#3076,3.);
#479=CYLINDRICAL_SURFACE('',#3080,2.25);
#480=CYLINDRICAL_SURFACE('',#3088,3.);
#481=CYLINDRICAL_SURFACE('',#3093,3.);
#482=CYLINDRICAL_SURFACE('',#3098,3.);
#483=CYLINDRICAL_SURFACE('',#3103,3.);
#484=CYLINDRICAL_SURFACE('',#3108,3.);
#485=CYLINDRICAL_SURFACE('',#3112,2.25);
#486=CYLINDRICAL_SURFACE('',#3119,3.);
#487=CYLINDRICAL_SURFACE('',#3123,2.25);
#488=CYLINDRICAL_SURFACE('',#3130,3.);
#489=CYLINDRICAL_SURFACE('',#3132,2.);
#490=CYLINDRICAL_SURFACE('',#3134,2.);
#491=CYLINDRICAL_SURFACE('',#3136,2.5);
#492=CYLINDRICAL_SURFACE('',#3142,2.5);
#493=CYLINDRICAL_SURFACE('',#3148,3.);
#494=CYLINDRICAL_SURFACE('',#3150,3.);
#495=CYLINDRICAL_SURFACE('',#3154,2.5);
#496=CYLINDRICAL_SURFACE('',#3160,2.5);
#497=CYLINDRICAL_SURFACE('',#3166,2.5);
#498=CYLINDRICAL_SURFACE('',#3172,2.5);
#499=CYLINDRICAL_SURFACE('',#3178,2.5);
#500=CYLINDRICAL_SURFACE('',#3184,3.);
#501=CYLINDRICAL_SURFACE('',#3186,2.5);
#502=CYLINDRICAL_SURFACE('',#3192,3.);
#503=CYLINDRICAL_SURFACE('',#3194,2.5);
#504=CYLINDRICAL_SURFACE('',#3200,3.);
#505=CYLINDRICAL_SURFACE('',#3202,2.5);
#506=CYLINDRICAL_SURFACE('',#3208,3.);
#507=CYLINDRICAL_SURFACE('',#3210,3.);
#508=CYLINDRICAL_SURFACE('',#3213,3.);
#509=CYLINDRICAL_SURFACE('',#3216,3.);
#510=CYLINDRICAL_SURFACE('',#3219,3.);
#511=CYLINDRICAL_SURFACE('',#3226,2.5);
#512=CYLINDRICAL_SURFACE('',#3232,3.);
#513=CYLINDRICAL_SURFACE('',#3234,2.5);
#514=CYLINDRICAL_SURFACE('',#3240,3.);
#515=CYLINDRICAL_SURFACE('',#3242,2.5);
#516=CYLINDRICAL_SURFACE('',#3248,2.5);
#517=CYLINDRICAL_SURFACE('',#3254,3.);
#518=CYLINDRICAL_SURFACE('',#3256,2.5);
#519=CYLINDRICAL_SURFACE('',#3262,3.);
#520=CYLINDRICAL_SURFACE('',#3264,2.5);
#521=CYLINDRICAL_SURFACE('',#3270,3.);
#522=CYLINDRICAL_SURFACE('',#3272,2.5);
#523=CYLINDRICAL_SURFACE('',#3278,2.5);
#524=CYLINDRICAL_SURFACE('',#3284,3.);
#525=CYLINDRICAL_SURFACE('',#3299,3.);
#526=CYLINDRICAL_SURFACE('',#3300,3.);
#527=CYLINDRICAL_SURFACE('',#3317,1.3);
#528=CYLINDRICAL_SURFACE('',#3319,1.3);
#529=CYLINDRICAL_SURFACE('',#3321,1.3);
#530=CYLINDRICAL_SURFACE('',#3323,1.3);
#531=CYLINDRICAL_SURFACE('',#3327,2.99999999999999);
#532=CYLINDRICAL_SURFACE('',#3329,2.75);
#533=CYLINDRICAL_SURFACE('',#3331,2.99999999999999);
#534=CYLINDRICAL_SURFACE('',#3334,3.);
#535=CYLINDRICAL_SURFACE('',#3336,2.75);
#536=CYLINDRICAL_SURFACE('',#3338,3.);
#537=CYLINDRICAL_SURFACE('',#3341,3.);
#538=CYLINDRICAL_SURFACE('',#3343,2.75);
#539=CYLINDRICAL_SURFACE('',#3345,3.);
#540=CYLINDRICAL_SURFACE('',#3348,3.);
#541=CYLINDRICAL_SURFACE('',#3350,2.75000000000001);
#542=CYLINDRICAL_SURFACE('',#3352,3.);
#543=FACE_OUTER_BOUND('',#725,.T.);
#544=FACE_OUTER_BOUND('',#726,.T.);
#545=FACE_OUTER_BOUND('',#727,.T.);
#546=FACE_OUTER_BOUND('',#728,.T.);
#547=FACE_OUTER_BOUND('',#729,.T.);
#548=FACE_OUTER_BOUND('',#730,.T.);
#549=FACE_OUTER_BOUND('',#731,.T.);
#550=FACE_OUTER_BOUND('',#732,.T.);
#551=FACE_OUTER_BOUND('',#733,.T.);
#552=FACE_OUTER_BOUND('',#734,.T.);
#553=FACE_OUTER_BOUND('',#735,.T.);
#554=FACE_OUTER_BOUND('',#736,.T.);
#555=FACE_OUTER_BOUND('',#737,.T.);
#556=FACE_OUTER_BOUND('',#738,.T.);
#557=FACE_OUTER_BOUND('',#739,.T.);
#558=FACE_OUTER_BOUND('',#740,.T.);
#559=FACE_OUTER_BOUND('',#741,.T.);
#560=FACE_OUTER_BOUND('',#742,.T.);
#561=FACE_OUTER_BOUND('',#743,.T.);
#562=FACE_OUTER_BOUND('',#748,.T.);
#563=FACE_OUTER_BOUND('',#749,.T.);
#564=FACE_OUTER_BOUND('',#750,.T.);
#565=FACE_OUTER_BOUND('',#751,.T.);
#566=FACE_OUTER_BOUND('',#752,.T.);
#567=FACE_OUTER_BOUND('',#753,.T.);
#568=FACE_OUTER_BOUND('',#754,.T.);
#569=FACE_OUTER_BOUND('',#755,.T.);
#570=FACE_OUTER_BOUND('',#756,.T.);
#571=FACE_OUTER_BOUND('',#757,.T.);
#572=FACE_OUTER_BOUND('',#758,.T.);
#573=FACE_OUTER_BOUND('',#759,.T.);
#574=FACE_OUTER_BOUND('',#760,.T.);
#575=FACE_OUTER_BOUND('',#761,.T.);
#576=FACE_OUTER_BOUND('',#762,.T.);
#577=FACE_OUTER_BOUND('',#763,.T.);
#578=FACE_OUTER_BOUND('',#764,.T.);
#579=FACE_OUTER_BOUND('',#765,.T.);
#580=FACE_OUTER_BOUND('',#766,.T.);
#581=FACE_OUTER_BOUND('',#767,.T.);
#582=FACE_OUTER_BOUND('',#768,.T.);
#583=FACE_OUTER_BOUND('',#769,.T.);
#584=FACE_OUTER_BOUND('',#770,.T.);
#585=FACE_OUTER_BOUND('',#771,.T.);
#586=FACE_OUTER_BOUND('',#772,.T.);
#587=FACE_OUTER_BOUND('',#773,.T.);
#588=FACE_OUTER_BOUND('',#774,.T.);
#589=FACE_OUTER_BOUND('',#775,.T.);
#590=FACE_OUTER_BOUND('',#776,.T.);
#591=FACE_OUTER_BOUND('',#777,.T.);
#592=FACE_OUTER_BOUND('',#778,.T.);
#593=FACE_OUTER_BOUND('',#779,.T.);
#594=FACE_OUTER_BOUND('',#780,.T.);
#595=FACE_OUTER_BOUND('',#781,.T.);
#596=FACE_OUTER_BOUND('',#782,.T.);
#597=FACE_OUTER_BOUND('',#783,.T.);
#598=FACE_OUTER_BOUND('',#784,.T.);
#599=FACE_OUTER_BOUND('',#785,.T.);
#600=FACE_OUTER_BOUND('',#786,.T.);
#601=FACE_OUTER_BOUND('',#787,.T.);
#602=FACE_OUTER_BOUND('',#788,.T.);
#603=FACE_OUTER_BOUND('',#789,.T.);
#604=FACE_OUTER_BOUND('',#790,.T.);
#605=FACE_OUTER_BOUND('',#791,.T.);
#606=FACE_OUTER_BOUND('',#792,.T.);
#607=FACE_OUTER_BOUND('',#793,.T.);
#608=FACE_OUTER_BOUND('',#794,.T.);
#609=FACE_OUTER_BOUND('',#795,.T.);
#610=FACE_OUTER_BOUND('',#797,.T.);
#611=FACE_OUTER_BOUND('',#799,.T.);
#612=FACE_OUTER_BOUND('',#800,.T.);
#613=FACE_OUTER_BOUND('',#802,.T.);
#614=FACE_OUTER_BOUND('',#804,.T.);
#615=FACE_OUTER_BOUND('',#805,.T.);
#616=FACE_OUTER_BOUND('',#806,.T.);
#617=FACE_OUTER_BOUND('',#807,.T.);
#618=FACE_OUTER_BOUND('',#808,.T.);
#619=FACE_OUTER_BOUND('',#809,.T.);
#620=FACE_OUTER_BOUND('',#811,.T.);
#621=FACE_OUTER_BOUND('',#813,.T.);
#622=FACE_OUTER_BOUND('',#814,.T.);
#623=FACE_OUTER_BOUND('',#816,.T.);
#624=FACE_OUTER_BOUND('',#818,.T.);
#625=FACE_OUTER_BOUND('',#819,.T.);
#626=FACE_OUTER_BOUND('',#821,.T.);
#627=FACE_OUTER_BOUND('',#823,.T.);
#628=FACE_OUTER_BOUND('',#824,.T.);
#629=FACE_OUTER_BOUND('',#826,.T.);
#630=FACE_OUTER_BOUND('',#828,.T.);
#631=FACE_OUTER_BOUND('',#829,.T.);
#632=FACE_OUTER_BOUND('',#831,.T.);
#633=FACE_OUTER_BOUND('',#833,.T.);
#634=FACE_OUTER_BOUND('',#834,.T.);
#635=FACE_OUTER_BOUND('',#835,.T.);
#636=FACE_OUTER_BOUND('',#837,.T.);
#637=FACE_OUTER_BOUND('',#839,.T.);
#638=FACE_OUTER_BOUND('',#840,.T.);
#639=FACE_OUTER_BOUND('',#841,.T.);
#640=FACE_OUTER_BOUND('',#843,.T.);
#641=FACE_OUTER_BOUND('',#845,.T.);
#642=FACE_OUTER_BOUND('',#846,.T.);
#643=FACE_OUTER_BOUND('',#847,.T.);
#644=FACE_OUTER_BOUND('',#849,.T.);
#645=FACE_OUTER_BOUND('',#851,.T.);
#646=FACE_OUTER_BOUND('',#852,.T.);
#647=FACE_OUTER_BOUND('',#853,.T.);
#648=FACE_OUTER_BOUND('',#854,.T.);
#649=FACE_OUTER_BOUND('',#855,.T.);
#650=FACE_OUTER_BOUND('',#856,.T.);
#651=FACE_OUTER_BOUND('',#857,.T.);
#652=FACE_OUTER_BOUND('',#858,.T.);
#653=FACE_OUTER_BOUND('',#859,.T.);
#654=FACE_OUTER_BOUND('',#860,.T.);
#655=FACE_OUTER_BOUND('',#861,.T.);
#656=FACE_OUTER_BOUND('',#862,.T.);
#657=FACE_OUTER_BOUND('',#863,.T.);
#658=FACE_OUTER_BOUND('',#864,.T.);
#659=FACE_OUTER_BOUND('',#865,.T.);
#660=FACE_OUTER_BOUND('',#866,.T.);
#661=FACE_OUTER_BOUND('',#867,.T.);
#662=FACE_OUTER_BOUND('',#868,.T.);
#663=FACE_OUTER_BOUND('',#869,.T.);
#664=FACE_OUTER_BOUND('',#871,.T.);
#665=FACE_OUTER_BOUND('',#873,.T.);
#666=FACE_OUTER_BOUND('',#874,.T.);
#667=FACE_OUTER_BOUND('',#875,.T.);
#668=FACE_OUTER_BOUND('',#876,.T.);
#669=FACE_OUTER_BOUND('',#877,.T.);
#670=FACE_OUTER_BOUND('',#878,.T.);
#671=FACE_OUTER_BOUND('',#880,.T.);
#672=FACE_OUTER_BOUND('',#882,.T.);
#673=FACE_OUTER_BOUND('',#883,.T.);
#674=FACE_OUTER_BOUND('',#884,.T.);
#675=FACE_OUTER_BOUND('',#885,.T.);
#676=FACE_OUTER_BOUND('',#886,.T.);
#677=FACE_OUTER_BOUND('',#887,.T.);
#678=FACE_OUTER_BOUND('',#888,.T.);
#679=FACE_OUTER_BOUND('',#890,.T.);
#680=FACE_OUTER_BOUND('',#892,.T.);
#681=FACE_OUTER_BOUND('',#893,.T.);
#682=FACE_OUTER_BOUND('',#894,.T.);
#683=FACE_OUTER_BOUND('',#895,.T.);
#684=FACE_OUTER_BOUND('',#896,.T.);
#685=FACE_OUTER_BOUND('',#897,.T.);
#686=FACE_OUTER_BOUND('',#899,.T.);
#687=FACE_OUTER_BOUND('',#901,.T.);
#688=FACE_OUTER_BOUND('',#902,.T.);
#689=FACE_OUTER_BOUND('',#904,.T.);
#690=FACE_OUTER_BOUND('',#906,.T.);
#691=FACE_OUTER_BOUND('',#908,.T.);
#692=FACE_OUTER_BOUND('',#910,.T.);
#693=FACE_OUTER_BOUND('',#911,.T.);
#694=FACE_OUTER_BOUND('',#912,.T.);
#695=FACE_OUTER_BOUND('',#913,.T.);
#696=FACE_OUTER_BOUND('',#914,.T.);
#697=FACE_OUTER_BOUND('',#915,.T.);
#698=FACE_OUTER_BOUND('',#916,.T.);
#699=FACE_OUTER_BOUND('',#917,.T.);
#700=FACE_OUTER_BOUND('',#918,.T.);
#701=FACE_OUTER_BOUND('',#923,.T.);
#702=FACE_OUTER_BOUND('',#924,.T.);
#703=FACE_OUTER_BOUND('',#925,.T.);
#704=FACE_OUTER_BOUND('',#926,.T.);
#705=FACE_OUTER_BOUND('',#927,.T.);
#706=FACE_OUTER_BOUND('',#928,.T.);
#707=FACE_OUTER_BOUND('',#929,.T.);
#708=FACE_OUTER_BOUND('',#930,.T.);
#709=FACE_OUTER_BOUND('',#931,.T.);
#710=FACE_OUTER_BOUND('',#932,.T.);
#711=FACE_OUTER_BOUND('',#933,.T.);
#712=FACE_OUTER_BOUND('',#934,.T.);
#713=FACE_OUTER_BOUND('',#935,.T.);
#714=FACE_OUTER_BOUND('',#936,.T.);
#715=FACE_OUTER_BOUND('',#937,.T.);
#716=FACE_OUTER_BOUND('',#938,.T.);
#717=FACE_OUTER_BOUND('',#939,.T.);
#718=FACE_OUTER_BOUND('',#940,.T.);
#719=FACE_OUTER_BOUND('',#941,.T.);
#720=FACE_OUTER_BOUND('',#942,.T.);
#721=FACE_OUTER_BOUND('',#943,.T.);
#722=FACE_OUTER_BOUND('',#944,.T.);
#723=FACE_OUTER_BOUND('',#945,.T.);
#724=FACE_OUTER_BOUND('',#946,.T.);
#725=EDGE_LOOP('',(#1878,#1879,#1880,#1881));
#726=EDGE_LOOP('',(#1882,#1883,#1884,#1885,#1886,#1887,#1888,#1889,#1890,
#1891));
#727=EDGE_LOOP('',(#1892,#1893,#1894,#1895));
#728=EDGE_LOOP('',(#1896,#1897,#1898,#1899,#1900,#1901,#1902,#1903,#1904));
#729=EDGE_LOOP('',(#1905,#1906,#1907,#1908));
#730=EDGE_LOOP('',(#1909,#1910,#1911,#1912,#1913,#1914,#1915,#1916,#1917,
#1918));
#731=EDGE_LOOP('',(#1919,#1920,#1921,#1922));
#732=EDGE_LOOP('',(#1923,#1924,#1925,#1926,#1927,#1928,#1929,#1930,#1931));
#733=EDGE_LOOP('',(#1932,#1933,#1934,#1935,#1936,#1937,#1938,#1939,#1940,
#1941,#1942,#1943,#1944,#1945,#1946,#1947,#1948,#1949,#1950,#1951));
#734=EDGE_LOOP('',(#1952,#1953,#1954,#1955));
#735=EDGE_LOOP('',(#1956,#1957,#1958,#1959,#1960,#1961));
#736=EDGE_LOOP('',(#1962,#1963,#1964,#1965));
#737=EDGE_LOOP('',(#1966,#1967,#1968,#1969,#1970));
#738=EDGE_LOOP('',(#1971,#1972,#1973));
#739=EDGE_LOOP('',(#1974,#1975,#1976));
#740=EDGE_LOOP('',(#1977,#1978,#1979,#1980,#1981));
#741=EDGE_LOOP('',(#1982,#1983,#1984,#1985,#1986));
#742=EDGE_LOOP('',(#1987,#1988,#1989));
#743=EDGE_LOOP('',(#1990,#1991,#1992,#1993,#1994,#1995,#1996,#1997));
#744=EDGE_LOOP('',(#1998));
#745=EDGE_LOOP('',(#1999));
#746=EDGE_LOOP('',(#2000));
#747=EDGE_LOOP('',(#2001));
#748=EDGE_LOOP('',(#2002,#2003,#2004));
#749=EDGE_LOOP('',(#2005,#2006,#2007,#2008,#2009));
#750=EDGE_LOOP('',(#2010,#2011,#2012,#2013,#2014));
#751=EDGE_LOOP('',(#2015,#2016,#2017,#2018,#2019));
#752=EDGE_LOOP('',(#2020,#2021,#2022,#2023,#2024,#2025));
#753=EDGE_LOOP('',(#2026,#2027,#2028,#2029,#2030));
#754=EDGE_LOOP('',(#2031,#2032,#2033,#2034,#2035,#2036));
#755=EDGE_LOOP('',(#2037,#2038,#2039,#2040,#2041));
#756=EDGE_LOOP('',(#2042,#2043,#2044,#2045,#2046,#2047));
#757=EDGE_LOOP('',(#2048,#2049,#2050,#2051,#2052));
#758=EDGE_LOOP('',(#2053,#2054,#2055,#2056,#2057,#2058));
#759=EDGE_LOOP('',(#2059,#2060,#2061,#2062,#2063));
#760=EDGE_LOOP('',(#2064,#2065,#2066,#2067,#2068,#2069));
#761=EDGE_LOOP('',(#2070,#2071,#2072,#2073,#2074,#2075,#2076));
#762=EDGE_LOOP('',(#2077,#2078,#2079,#2080,#2081));
#763=EDGE_LOOP('',(#2082,#2083,#2084,#2085,#2086));
#764=EDGE_LOOP('',(#2087,#2088,#2089,#2090,#2091,#2092,#2093,#2094,#2095,
#2096,#2097,#2098));
#765=EDGE_LOOP('',(#2099,#2100,#2101,#2102,#2103));
#766=EDGE_LOOP('',(#2104,#2105,#2106,#2107,#2108));
#767=EDGE_LOOP('',(#2109,#2110,#2111,#2112,#2113));
#768=EDGE_LOOP('',(#2114,#2115,#2116,#2117,#2118));
#769=EDGE_LOOP('',(#2119,#2120,#2121,#2122,#2123));
#770=EDGE_LOOP('',(#2124,#2125,#2126,#2127,#2128));
#771=EDGE_LOOP('',(#2129,#2130,#2131,#2132,#2133));
#772=EDGE_LOOP('',(#2134,#2135,#2136,#2137,#2138,#2139));
#773=EDGE_LOOP('',(#2140,#2141,#2142,#2143,#2144,#2145,#2146,#2147,#2148,
#2149,#2150,#2151,#2152,#2153,#2154,#2155,#2156,#2157,#2158));
#774=EDGE_LOOP('',(#2159,#2160,#2161,#2162));
#775=EDGE_LOOP('',(#2163,#2164,#2165,#2166,#2167,#2168));
#776=EDGE_LOOP('',(#2169,#2170,#2171,#2172,#2173,#2174,#2175,#2176,#2177,
#2178,#2179,#2180,#2181,#2182,#2183,#2184,#2185,#2186,#2187));
#777=EDGE_LOOP('',(#2188,#2189,#2190,#2191));
#778=EDGE_LOOP('',(#2192,#2193,#2194,#2195));
#779=EDGE_LOOP('',(#2196,#2197,#2198,#2199));
#780=EDGE_LOOP('',(#2200,#2201,#2202,#2203));
#781=EDGE_LOOP('',(#2204,#2205,#2206,#2207));
#782=EDGE_LOOP('',(#2208,#2209,#2210,#2211));
#783=EDGE_LOOP('',(#2212,#2213,#2214,#2215));
#784=EDGE_LOOP('',(#2216,#2217,#2218,#2219));
#785=EDGE_LOOP('',(#2220,#2221,#2222,#2223));
#786=EDGE_LOOP('',(#2224,#2225,#2226,#2227,#2228,#2229));
#787=EDGE_LOOP('',(#2230,#2231,#2232,#2233,#2234,#2235,#2236,#2237,#2238,
#2239,#2240,#2241,#2242,#2243,#2244,#2245,#2246,#2247));
#788=EDGE_LOOP('',(#2248,#2249,#2250,#2251));
#789=EDGE_LOOP('',(#2252,#2253,#2254,#2255,#2256,#2257));
#790=EDGE_LOOP('',(#2258,#2259,#2260,#2261,#2262,#2263,#2264,#2265,#2266,
#2267,#2268,#2269,#2270,#2271,#2272,#2273,#2274,#2275));
#791=EDGE_LOOP('',(#2276,#2277,#2278,#2279));
#792=EDGE_LOOP('',(#2280,#2281,#2282,#2283));
#793=EDGE_LOOP('',(#2284,#2285,#2286,#2287));
#794=EDGE_LOOP('',(#2288,#2289,#2290,#2291));
#795=EDGE_LOOP('',(#2292));
#796=EDGE_LOOP('',(#2293));
#797=EDGE_LOOP('',(#2294));
#798=EDGE_LOOP('',(#2295));
#799=EDGE_LOOP('',(#2296,#2297,#2298,#2299));
#800=EDGE_LOOP('',(#2300));
#801=EDGE_LOOP('',(#2301));
#802=EDGE_LOOP('',(#2302));
#803=EDGE_LOOP('',(#2303));
#804=EDGE_LOOP('',(#2304,#2305,#2306,#2307));
#805=EDGE_LOOP('',(#2308,#2309,#2310,#2311));
#806=EDGE_LOOP('',(#2312));
#807=EDGE_LOOP('',(#2313));
#808=EDGE_LOOP('',(#2314,#2315,#2316,#2317));
#809=EDGE_LOOP('',(#2318));
#810=EDGE_LOOP('',(#2319));
#811=EDGE_LOOP('',(#2320));
#812=EDGE_LOOP('',(#2321));
#813=EDGE_LOOP('',(#2322,#2323,#2324,#2325));
#814=EDGE_LOOP('',(#2326));
#815=EDGE_LOOP('',(#2327));
#816=EDGE_LOOP('',(#2328));
#817=EDGE_LOOP('',(#2329));
#818=EDGE_LOOP('',(#2330,#2331,#2332,#2333));
#819=EDGE_LOOP('',(#2334));
#820=EDGE_LOOP('',(#2335));
#821=EDGE_LOOP('',(#2336));
#822=EDGE_LOOP('',(#2337));
#823=EDGE_LOOP('',(#2338,#2339,#2340,#2341));
#824=EDGE_LOOP('',(#2342));
#825=EDGE_LOOP('',(#2343));
#826=EDGE_LOOP('',(#2344));
#827=EDGE_LOOP('',(#2345));
#828=EDGE_LOOP('',(#2346,#2347,#2348,#2349));
#829=EDGE_LOOP('',(#2350));
#830=EDGE_LOOP('',(#2351));
#831=EDGE_LOOP('',(#2352));
#832=EDGE_LOOP('',(#2353));
#833=EDGE_LOOP('',(#2354,#2355,#2356,#2357));
#834=EDGE_LOOP('',(#2358,#2359,#2360,#2361));
#835=EDGE_LOOP('',(#2362));
#836=EDGE_LOOP('',(#2363));
#837=EDGE_LOOP('',(#2364));
#838=EDGE_LOOP('',(#2365));
#839=EDGE_LOOP('',(#2366,#2367,#2368,#2369));
#840=EDGE_LOOP('',(#2370,#2371,#2372,#2373));
#841=EDGE_LOOP('',(#2374));
#842=EDGE_LOOP('',(#2375));
#843=EDGE_LOOP('',(#2376));
#844=EDGE_LOOP('',(#2377));
#845=EDGE_LOOP('',(#2378,#2379,#2380,#2381));
#846=EDGE_LOOP('',(#2382,#2383,#2384,#2385));
#847=EDGE_LOOP('',(#2386));
#848=EDGE_LOOP('',(#2387));
#849=EDGE_LOOP('',(#2388));
#850=EDGE_LOOP('',(#2389));
#851=EDGE_LOOP('',(#2390,#2391,#2392,#2393));
#852=EDGE_LOOP('',(#2394,#2395,#2396,#2397));
#853=EDGE_LOOP('',(#2398));
#854=EDGE_LOOP('',(#2399,#2400,#2401,#2402));
#855=EDGE_LOOP('',(#2403));
#856=EDGE_LOOP('',(#2404,#2405,#2406,#2407));
#857=EDGE_LOOP('',(#2408));
#858=EDGE_LOOP('',(#2409,#2410,#2411,#2412));
#859=EDGE_LOOP('',(#2413));
#860=EDGE_LOOP('',(#2414));
#861=EDGE_LOOP('',(#2415));
#862=EDGE_LOOP('',(#2416));
#863=EDGE_LOOP('',(#2417));
#864=EDGE_LOOP('',(#2418,#2419,#2420,#2421));
#865=EDGE_LOOP('',(#2422,#2423,#2424,#2425));
#866=EDGE_LOOP('',(#2426,#2427,#2428,#2429));
#867=EDGE_LOOP('',(#2430,#2431,#2432,#2433));
#868=EDGE_LOOP('',(#2434,#2435,#2436,#2437));
#869=EDGE_LOOP('',(#2438));
#870=EDGE_LOOP('',(#2439));
#871=EDGE_LOOP('',(#2440));
#872=EDGE_LOOP('',(#2441));
#873=EDGE_LOOP('',(#2442,#2443,#2444,#2445));
#874=EDGE_LOOP('',(#2446,#2447,#2448,#2449));
#875=EDGE_LOOP('',(#2450,#2451,#2452,#2453));
#876=EDGE_LOOP('',(#2454,#2455,#2456,#2457));
#877=EDGE_LOOP('',(#2458,#2459,#2460,#2461));
#878=EDGE_LOOP('',(#2462));
#879=EDGE_LOOP('',(#2463));
#880=EDGE_LOOP('',(#2464));
#881=EDGE_LOOP('',(#2465));
#882=EDGE_LOOP('',(#2466,#2467,#2468,#2469));
#883=EDGE_LOOP('',(#2470,#2471,#2472,#2473));
#884=EDGE_LOOP('',(#2474,#2475,#2476,#2477));
#885=EDGE_LOOP('',(#2478,#2479,#2480,#2481));
#886=EDGE_LOOP('',(#2482,#2483,#2484,#2485));
#887=EDGE_LOOP('',(#2486,#2487,#2488,#2489));
#888=EDGE_LOOP('',(#2490));
#889=EDGE_LOOP('',(#2491));
#890=EDGE_LOOP('',(#2492));
#891=EDGE_LOOP('',(#2493));
#892=EDGE_LOOP('',(#2494,#2495,#2496,#2497));
#893=EDGE_LOOP('',(#2498,#2499,#2500,#2501));
#894=EDGE_LOOP('',(#2502,#2503,#2504,#2505));
#895=EDGE_LOOP('',(#2506,#2507,#2508,#2509));
#896=EDGE_LOOP('',(#2510,#2511,#2512,#2513));
#897=EDGE_LOOP('',(#2514));
#898=EDGE_LOOP('',(#2515));
#899=EDGE_LOOP('',(#2516));
#900=EDGE_LOOP('',(#2517));
#901=EDGE_LOOP('',(#2518,#2519,#2520,#2521));
#902=EDGE_LOOP('',(#2522));
#903=EDGE_LOOP('',(#2523));
#904=EDGE_LOOP('',(#2524));
#905=EDGE_LOOP('',(#2525));
#906=EDGE_LOOP('',(#2526));
#907=EDGE_LOOP('',(#2527));
#908=EDGE_LOOP('',(#2528));
#909=EDGE_LOOP('',(#2529));
#910=EDGE_LOOP('',(#2530,#2531,#2532));
#911=EDGE_LOOP('',(#2533,#2534,#2535));
#912=EDGE_LOOP('',(#2536,#2537,#2538,#2539));
#913=EDGE_LOOP('',(#2540,#2541,#2542,#2543));
#914=EDGE_LOOP('',(#2544,#2545,#2546,#2547));
#915=EDGE_LOOP('',(#2548,#2549));
#916=EDGE_LOOP('',(#2550,#2551,#2552,#2553));
#917=EDGE_LOOP('',(#2554,#2555));
#918=EDGE_LOOP('',(#2556,#2557,#2558,#2559,#2560,#2561,#2562,#2563,#2564,
#2565,#2566,#2567,#2568,#2569,#2570,#2571,#2572,#2573,#2574,#2575));
#919=EDGE_LOOP('',(#2576));
#920=EDGE_LOOP('',(#2577));
#921=EDGE_LOOP('',(#2578));
#922=EDGE_LOOP('',(#2579));
#923=EDGE_LOOP('',(#2580,#2581,#2582,#2583));
#924=EDGE_LOOP('',(#2584,#2585,#2586,#2587));
#925=EDGE_LOOP('',(#2588,#2589,#2590,#2591));
#926=EDGE_LOOP('',(#2592,#2593,#2594,#2595));
#927=EDGE_LOOP('',(#2596,#2597,#2598,#2599,#2600,#2601));
#928=EDGE_LOOP('',(#2602,#2603,#2604,#2605));
#929=EDGE_LOOP('',(#2606,#2607,#2608,#2609));
#930=EDGE_LOOP('',(#2610,#2611,#2612,#2613));
#931=EDGE_LOOP('',(#2614,#2615,#2616,#2617));
#932=EDGE_LOOP('',(#2618,#2619,#2620,#2621));
#933=EDGE_LOOP('',(#2622,#2623,#2624,#2625));
#934=EDGE_LOOP('',(#2626,#2627,#2628,#2629));
#935=EDGE_LOOP('',(#2630,#2631,#2632,#2633));
#936=EDGE_LOOP('',(#2634,#2635,#2636,#2637));
#937=EDGE_LOOP('',(#2638,#2639,#2640,#2641));
#938=EDGE_LOOP('',(#2642,#2643,#2644,#2645));
#939=EDGE_LOOP('',(#2646,#2647,#2648,#2649));
#940=EDGE_LOOP('',(#2650,#2651,#2652,#2653));
#941=EDGE_LOOP('',(#2654,#2655,#2656,#2657));
#942=EDGE_LOOP('',(#2658,#2659,#2660,#2661));
#943=EDGE_LOOP('',(#2662,#2663,#2664,#2665));
#944=EDGE_LOOP('',(#2666,#2667,#2668,#2669));
#945=EDGE_LOOP('',(#2670,#2671,#2672,#2673,#2674,#2675));
#946=EDGE_LOOP('',(#2676,#2677,#2678,#2679,#2680,#2681,#2682,#2683,#2684,
#2685,#2686,#2687,#2688,#2689,#2690,#2691,#2692,#2693,#2694,#2695,#2696,
#2697,#2698,#2699,#2700,#2701,#2702,#2703));
#947=EDGE_LOOP('',(#2704));
#948=EDGE_LOOP('',(#2705));
#949=EDGE_LOOP('',(#2706));
#950=EDGE_LOOP('',(#2707));
#951=CIRCLE('',#2927,0.5);
#952=CIRCLE('',#2928,1.5);
#953=CIRCLE('',#2929,0.5);
#954=CIRCLE('',#2930,2.);
#955=CIRCLE('',#2932,0.5);
#956=CIRCLE('',#2934,0.5);
#957=CIRCLE('',#2935,2.);
#958=CIRCLE('',#2936,1.5);
#959=CIRCLE('',#2938,0.5);
#960=CIRCLE('',#2940,0.5);
#961=CIRCLE('',#2941,2.);
#962=CIRCLE('',#2942,1.5);
#963=CIRCLE('',#2944,0.5);
#964=CIRCLE('',#2946,0.5);
#965=CIRCLE('',#2947,2.);
#966=CIRCLE('',#2948,1.5);
#967=CIRCLE('',#2951,3.5);
#968=CIRCLE('',#2952,3.5);
#969=CIRCLE('',#2953,3.5);
#970=CIRCLE('',#2954,3.5);
#971=CIRCLE('',#2955,3.5);
#972=CIRCLE('',#2956,3.5);
#973=CIRCLE('',#2957,3.5);
#974=CIRCLE('',#2958,3.5);
#975=CIRCLE('',#2960,2.);
#976=CIRCLE('',#2962,3.5);
#977=CIRCLE('',#2964,2.);
#978=CIRCLE('',#2966,2.25);
#979=CIRCLE('',#2967,3.5);
#980=CIRCLE('',#2969,3.5);
#981=CIRCLE('',#2970,2.25);
#982=CIRCLE('',#2972,2.25);
#983=CIRCLE('',#2973,3.5);
#984=CIRCLE('',#2975,3.5);
#985=CIRCLE('',#2976,2.25);
#986=CIRCLE('',#2978,2.25);
#987=CIRCLE('',#2979,3.5);
#988=CIRCLE('',#2981,3.5);
#989=CIRCLE('',#2982,2.25);
#990=CIRCLE('',#2984,3.5);
#991=CIRCLE('',#2985,3.5);
#992=CIRCLE('',#2986,3.5);
#993=CIRCLE('',#2987,3.5);
#994=CIRCLE('',#2988,3.5);
#995=CIRCLE('',#2989,3.5);
#996=CIRCLE('',#2990,3.5);
#997=CIRCLE('',#2991,3.5);
#998=CIRCLE('',#2993,2.25);
#999=CIRCLE('',#2994,3.5);
#1000=CIRCLE('',#2996,3.5);
#1001=CIRCLE('',#2997,2.25);
#1002=CIRCLE('',#2999,0.5);
#1003=CIRCLE('',#3000,3.);
#1004=CIRCLE('',#3001,3.);
#1005=CIRCLE('',#3003,3.);
#1006=CIRCLE('',#3005,0.5);
#1007=CIRCLE('',#3006,3.);
#1008=CIRCLE('',#3007,3.);
#1009=CIRCLE('',#3009,3.);
#1010=CIRCLE('',#3011,0.5);
#1011=CIRCLE('',#3012,3.);
#1012=CIRCLE('',#3013,3.);
#1013=CIRCLE('',#3015,3.);
#1014=CIRCLE('',#3017,0.5);
#1015=CIRCLE('',#3018,3.);
#1016=CIRCLE('',#3019,3.);
#1017=CIRCLE('',#3021,3.);
#1018=CIRCLE('',#3023,0.5);
#1019=CIRCLE('',#3024,3.);
#1020=CIRCLE('',#3025,3.);
#1021=CIRCLE('',#3027,3.);
#1022=CIRCLE('',#3029,3.5);
#1023=CIRCLE('',#3030,0.5);
#1024=CIRCLE('',#3031,3.);
#1025=CIRCLE('',#3032,3.);
#1026=CIRCLE('',#3033,3.5);
#1027=CIRCLE('',#3036,3.);
#1028=CIRCLE('',#3038,3.5);
#1029=CIRCLE('',#3039,0.5);
#1030=CIRCLE('',#3040,3.);
#1031=CIRCLE('',#3041,3.);
#1032=CIRCLE('',#3043,3.5);
#1033=CIRCLE('',#3044,3.5);
#1034=CIRCLE('',#3045,3.5);
#1035=CIRCLE('',#3047,3.);
#1036=CIRCLE('',#3049,0.5);
#1037=CIRCLE('',#3050,3.);
#1038=CIRCLE('',#3051,3.);
#1039=CIRCLE('',#3053,3.);
#1040=CIRCLE('',#3055,0.5);
#1041=CIRCLE('',#3056,3.);
#1042=CIRCLE('',#3057,3.);
#1043=CIRCLE('',#3059,3.);
#1044=CIRCLE('',#3061,0.5);
#1045=CIRCLE('',#3062,3.);
#1046=CIRCLE('',#3063,3.);
#1047=CIRCLE('',#3065,3.);
#1048=CIRCLE('',#3067,3.);
#1049=CIRCLE('',#3069,2.25);
#1050=CIRCLE('',#3070,2.25);
#1051=CIRCLE('',#3071,2.25);
#1052=CIRCLE('',#3072,2.25);
#1053=CIRCLE('',#3073,2.25);
#1054=CIRCLE('',#3074,2.25);
#1055=CIRCLE('',#3075,2.25);
#1056=CIRCLE('',#3077,3.);
#1057=CIRCLE('',#3079,3.);
#1058=CIRCLE('',#3081,2.25);
#1059=CIRCLE('',#3082,2.25);
#1060=CIRCLE('',#3083,2.25);
#1061=CIRCLE('',#3084,2.25);
#1062=CIRCLE('',#3085,2.25);
#1063=CIRCLE('',#3086,2.25);
#1064=CIRCLE('',#3087,2.25);
#1065=CIRCLE('',#3089,3.);
#1066=CIRCLE('',#3091,0.5);
#1067=CIRCLE('',#3092,3.);
#1068=CIRCLE('',#3094,3.);
#1069=CIRCLE('',#3096,0.5);
#1070=CIRCLE('',#3097,3.);
#1071=CIRCLE('',#3099,3.);
#1072=CIRCLE('',#3101,0.5);
#1073=CIRCLE('',#3102,3.);
#1074=CIRCLE('',#3104,3.);
#1075=CIRCLE('',#3106,0.5);
#1076=CIRCLE('',#3107,3.);
#1077=CIRCLE('',#3109,3.);
#1078=CIRCLE('',#3111,3.);
#1079=CIRCLE('',#3113,2.25);
#1080=CIRCLE('',#3114,2.25);
#1081=CIRCLE('',#3115,2.25);
#1082=CIRCLE('',#3116,2.25);
#1083=CIRCLE('',#3117,2.25);
#1084=CIRCLE('',#3118,2.25);
#1085=CIRCLE('',#3120,3.);
#1086=CIRCLE('',#3122,3.);
#1087=CIRCLE('',#3124,2.25);
#1088=CIRCLE('',#3125,2.25);
#1089=CIRCLE('',#3126,2.25);
#1090=CIRCLE('',#3127,2.25);
#1091=CIRCLE('',#3128,2.25);
#1092=CIRCLE('',#3129,2.25);
#1093=CIRCLE('',#3131,3.);
#1094=CIRCLE('',#3133,2.);
#1095=CIRCLE('',#3135,2.);
#1096=CIRCLE('',#3137,2.5);
#1097=CIRCLE('',#3138,2.5);
#1098=CIRCLE('',#3140,3.);
#1099=CIRCLE('',#3143,2.5);
#1100=CIRCLE('',#3144,2.5);
#1101=CIRCLE('',#3147,3.);
#1102=CIRCLE('',#3149,3.);
#1103=CIRCLE('',#3151,3.);
#1104=CIRCLE('',#3155,2.5);
#1105=CIRCLE('',#3156,2.5);
#1106=CIRCLE('',#3158,3.);
#1107=CIRCLE('',#3161,2.5);
#1108=CIRCLE('',#3162,2.5);
#1109=CIRCLE('',#3164,3.);
#1110=CIRCLE('',#3167,2.5);
#1111=CIRCLE('',#3168,2.5);
#1112=CIRCLE('',#3170,3.);
#1113=CIRCLE('',#3173,2.5);
#1114=CIRCLE('',#3174,2.5);
#1115=CIRCLE('',#3176,3.);
#1116=CIRCLE('',#3179,2.5);
#1117=CIRCLE('',#3180,2.5);
#1118=CIRCLE('',#3183,3.);
#1119=CIRCLE('',#3185,3.);
#1120=CIRCLE('',#3187,2.5);
#1121=CIRCLE('',#3188,2.5);
#1122=CIRCLE('',#3191,3.);
#1123=CIRCLE('',#3193,3.);
#1124=CIRCLE('',#3195,2.5);
#1125=CIRCLE('',#3196,2.5);
#1126=CIRCLE('',#3199,3.);
#1127=CIRCLE('',#3201,3.);
#1128=CIRCLE('',#3203,2.5);
#1129=CIRCLE('',#3204,2.5);
#1130=CIRCLE('',#3207,3.);
#1131=CIRCLE('',#3209,3.);
#1132=CIRCLE('',#3211,3.);
#1133=CIRCLE('',#3214,3.);
#1134=CIRCLE('',#3217,3.);
#1135=CIRCLE('',#3220,3.);
#1136=CIRCLE('',#3227,2.5);
#1137=CIRCLE('',#3228,2.5);
#1138=CIRCLE('',#3231,3.);
#1139=CIRCLE('',#3233,3.);
#1140=CIRCLE('',#3235,2.5);
#1141=CIRCLE('',#3236,2.5);
#1142=CIRCLE('',#3239,3.);
#1143=CIRCLE('',#3241,3.);
#1144=CIRCLE('',#3243,2.5);
#1145=CIRCLE('',#3244,2.5);
#1146=CIRCLE('',#3247,3.);
#1147=CIRCLE('',#3249,2.5);
#1148=CIRCLE('',#3250,2.5);
#1149=CIRCLE('',#3253,3.);
#1150=CIRCLE('',#3255,3.);
#1151=CIRCLE('',#3257,2.5);
#1152=CIRCLE('',#3258,2.5);
#1153=CIRCLE('',#3261,3.);
#1154=CIRCLE('',#3263,3.);
#1155=CIRCLE('',#3265,2.5);
#1156=CIRCLE('',#3266,2.5);
#1157=CIRCLE('',#3269,3.);
#1158=CIRCLE('',#3271,3.);
#1159=CIRCLE('',#3273,2.5);
#1160=CIRCLE('',#3274,2.5);
#1161=CIRCLE('',#3277,3.);
#1162=CIRCLE('',#3279,2.5);
#1163=CIRCLE('',#3280,2.5);
#1164=CIRCLE('',#3283,3.);
#1165=CIRCLE('',#3285,3.);
#1166=CIRCLE('',#3287,1.3);
#1167=CIRCLE('',#3289,1.3);
#1168=CIRCLE('',#3291,1.3);
#1169=CIRCLE('',#3293,1.3);
#1170=CIRCLE('',#3295,3.);
#1171=CIRCLE('',#3297,3.);
#1172=CIRCLE('',#3305,2.99999999999999);
#1173=CIRCLE('',#3306,2.75);
#1174=CIRCLE('',#3307,2.99999999999999);
#1175=CIRCLE('',#3308,3.);
#1176=CIRCLE('',#3309,2.75);
#1177=CIRCLE('',#3310,3.);
#1178=CIRCLE('',#3311,3.);
#1179=CIRCLE('',#3312,2.75);
#1180=CIRCLE('',#3313,3.);
#1181=CIRCLE('',#3314,3.);
#1182=CIRCLE('',#3315,2.75000000000001);
#1183=CIRCLE('',#3316,3.);
#1184=CIRCLE('',#3318,1.3);
#1185=CIRCLE('',#3320,1.3);
#1186=CIRCLE('',#3322,1.3);
#1187=CIRCLE('',#3324,1.3);
#1188=CIRCLE('',#3328,2.99999999999999);
#1189=CIRCLE('',#3330,2.75);
#1190=CIRCLE('',#3332,2.99999999999999);
#1191=CIRCLE('',#3335,3.);
#1192=CIRCLE('',#3337,2.75);
#1193=CIRCLE('',#3339,3.);
#1194=CIRCLE('',#3342,3.);
#1195=CIRCLE('',#3344,2.75);
#1196=CIRCLE('',#3346,3.);
#1197=CIRCLE('',#3349,3.);
#1198=CIRCLE('',#3351,2.75000000000001);
#1199=CIRCLE('',#3353,3.);
#1200=VERTEX_POINT('',#4381);
#1201=VERTEX_POINT('',#4382);
#1202=VERTEX_POINT('',#4384);
#1203=VERTEX_POINT('',#4386);
#1204=VERTEX_POINT('',#4390);
#1205=VERTEX_POINT('',#4391);
#1206=VERTEX_POINT('',#4393);
#1207=VERTEX_POINT('',#4395);
#1208=VERTEX_POINT('',#4397);
#1209=VERTEX_POINT('',#4399);
#1210=VERTEX_POINT('',#4402);
#1211=VERTEX_POINT('',#4404);
#1212=VERTEX_POINT('',#4408);
#1213=VERTEX_POINT('',#4409);
#1214=VERTEX_POINT('',#4414);
#1215=VERTEX_POINT('',#4415);
#1216=VERTEX_POINT('',#4417);
#1217=VERTEX_POINT('',#4420);
#1218=VERTEX_POINT('',#4422);
#1219=VERTEX_POINT('',#4424);
#1220=VERTEX_POINT('',#4426);
#1221=VERTEX_POINT('',#4430);
#1222=VERTEX_POINT('',#4431);
#1223=VERTEX_POINT('',#4436);
#1224=VERTEX_POINT('',#4437);
#1225=VERTEX_POINT('',#4439);
#1226=VERTEX_POINT('',#4441);
#1227=VERTEX_POINT('',#4443);
#1228=VERTEX_POINT('',#4445);
#1229=VERTEX_POINT('',#4448);
#1230=VERTEX_POINT('',#4450);
#1231=VERTEX_POINT('',#4454);
#1232=VERTEX_POINT('',#4455);
#1233=VERTEX_POINT('',#4460);
#1234=VERTEX_POINT('',#4462);
#1235=VERTEX_POINT('',#4464);
#1236=VERTEX_POINT('',#4466);
#1237=VERTEX_POINT('',#4469);
#1238=VERTEX_POINT('',#4473);
#1239=VERTEX_POINT('',#4476);
#1240=VERTEX_POINT('',#4479);
#1241=VERTEX_POINT('',#4482);
#1242=VERTEX_POINT('',#4485);
#1243=VERTEX_POINT('',#4487);
#1244=VERTEX_POINT('',#4489);
#1245=VERTEX_POINT('',#4491);
#1246=VERTEX_POINT('',#4493);
#1247=VERTEX_POINT('',#4495);
#1248=VERTEX_POINT('',#4499);
#1249=VERTEX_POINT('',#4504);
#1250=VERTEX_POINT('',#4508);
#1251=VERTEX_POINT('',#4512);
#1252=VERTEX_POINT('',#4516);
#1253=VERTEX_POINT('',#4520);
#1254=VERTEX_POINT('',#4524);
#1255=VERTEX_POINT('',#4528);
#1256=VERTEX_POINT('',#4532);
#1257=VERTEX_POINT('',#4540);
#1258=VERTEX_POINT('',#4542);
#1259=VERTEX_POINT('',#4544);
#1260=VERTEX_POINT('',#4546);
#1261=VERTEX_POINT('',#4549);
#1262=VERTEX_POINT('',#4553);
#1263=VERTEX_POINT('',#4557);
#1264=VERTEX_POINT('',#4559);
#1265=VERTEX_POINT('',#4563);
#1266=VERTEX_POINT('',#4567);
#1267=VERTEX_POINT('',#4569);
#1268=VERTEX_POINT('',#4573);
#1269=VERTEX_POINT('',#4577);
#1270=VERTEX_POINT('',#4579);
#1271=VERTEX_POINT('',#4583);
#1272=VERTEX_POINT('',#4587);
#1273=VERTEX_POINT('',#4589);
#1274=VERTEX_POINT('',#4593);
#1275=VERTEX_POINT('',#4597);
#1276=VERTEX_POINT('',#4599);
#1277=VERTEX_POINT('',#4603);
#1278=VERTEX_POINT('',#4607);
#1279=VERTEX_POINT('',#4609);
#1280=VERTEX_POINT('',#4611);
#1281=VERTEX_POINT('',#4616);
#1282=VERTEX_POINT('',#4618);
#1283=VERTEX_POINT('',#4622);
#1284=VERTEX_POINT('',#4627);
#1285=VERTEX_POINT('',#4629);
#1286=VERTEX_POINT('',#4633);
#1287=VERTEX_POINT('',#4640);
#1288=VERTEX_POINT('',#4644);
#1289=VERTEX_POINT('',#4646);
#1290=VERTEX_POINT('',#4650);
#1291=VERTEX_POINT('',#4654);
#1292=VERTEX_POINT('',#4656);
#1293=VERTEX_POINT('',#4660);
#1294=VERTEX_POINT('',#4664);
#1295=VERTEX_POINT('',#4666);
#1296=VERTEX_POINT('',#4670);
#1297=VERTEX_POINT('',#4674);
#1298=VERTEX_POINT('',#4689);
#1299=VERTEX_POINT('',#4706);
#1300=VERTEX_POINT('',#4708);
#1301=VERTEX_POINT('',#4710);
#1302=VERTEX_POINT('',#4712);
#1303=VERTEX_POINT('',#4714);
#1304=VERTEX_POINT('',#4716);
#1305=VERTEX_POINT('',#4718);
#1306=VERTEX_POINT('',#4721);
#1307=VERTEX_POINT('',#4723);
#1308=VERTEX_POINT('',#4725);
#1309=VERTEX_POINT('',#4727);
#1310=VERTEX_POINT('',#4729);
#1311=VERTEX_POINT('',#4735);
#1312=VERTEX_POINT('',#4750);
#1313=VERTEX_POINT('',#4767);
#1314=VERTEX_POINT('',#4769);
#1315=VERTEX_POINT('',#4771);
#1316=VERTEX_POINT('',#4773);
#1317=VERTEX_POINT('',#4775);
#1318=VERTEX_POINT('',#4777);
#1319=VERTEX_POINT('',#4779);
#1320=VERTEX_POINT('',#4782);
#1321=VERTEX_POINT('',#4784);
#1322=VERTEX_POINT('',#4786);
#1323=VERTEX_POINT('',#4788);
#1324=VERTEX_POINT('',#4790);
#1325=VERTEX_POINT('',#4796);
#1326=VERTEX_POINT('',#4800);
#1327=VERTEX_POINT('',#4804);
#1328=VERTEX_POINT('',#4808);
#1329=VERTEX_POINT('',#4812);
#1330=VERTEX_POINT('',#4816);
#1331=VERTEX_POINT('',#4820);
#1332=VERTEX_POINT('',#4824);
#1333=VERTEX_POINT('',#4828);
#1334=VERTEX_POINT('',#4843);
#1335=VERTEX_POINT('',#4858);
#1336=VERTEX_POINT('',#4860);
#1337=VERTEX_POINT('',#4862);
#1338=VERTEX_POINT('',#4864);
#1339=VERTEX_POINT('',#4866);
#1340=VERTEX_POINT('',#4868);
#1341=VERTEX_POINT('',#4870);
#1342=VERTEX_POINT('',#4872);
#1343=VERTEX_POINT('',#4874);
#1344=VERTEX_POINT('',#4876);
#1345=VERTEX_POINT('',#4879);
#1346=VERTEX_POINT('',#4885);
#1347=VERTEX_POINT('',#4900);
#1348=VERTEX_POINT('',#4915);
#1349=VERTEX_POINT('',#4917);
#1350=VERTEX_POINT('',#4919);
#1351=VERTEX_POINT('',#4921);
#1352=VERTEX_POINT('',#4923);
#1353=VERTEX_POINT('',#4925);
#1354=VERTEX_POINT('',#4927);
#1355=VERTEX_POINT('',#4929);
#1356=VERTEX_POINT('',#4931);
#1357=VERTEX_POINT('',#4933);
#1358=VERTEX_POINT('',#4936);
#1359=VERTEX_POINT('',#4946);
#1360=VERTEX_POINT('',#4948);
#1361=VERTEX_POINT('',#4952);
#1362=VERTEX_POINT('',#4956);
#1363=VERTEX_POINT('',#4958);
#1364=VERTEX_POINT('',#4963);
#1365=VERTEX_POINT('',#4966);
#1366=VERTEX_POINT('',#4970);
#1367=VERTEX_POINT('',#4976);
#1368=VERTEX_POINT('',#4978);
#1369=VERTEX_POINT('',#4982);
#1370=VERTEX_POINT('',#4986);
#1371=VERTEX_POINT('',#4988);
#1372=VERTEX_POINT('',#4992);
#1373=VERTEX_POINT('',#4996);
#1374=VERTEX_POINT('',#4998);
#1375=VERTEX_POINT('',#5002);
#1376=VERTEX_POINT('',#5006);
#1377=VERTEX_POINT('',#5008);
#1378=VERTEX_POINT('',#5012);
#1379=VERTEX_POINT('',#5016);
#1380=VERTEX_POINT('',#5018);
#1381=VERTEX_POINT('',#5023);
#1382=VERTEX_POINT('',#5026);
#1383=VERTEX_POINT('',#5030);
#1384=VERTEX_POINT('',#5032);
#1385=VERTEX_POINT('',#5037);
#1386=VERTEX_POINT('',#5040);
#1387=VERTEX_POINT('',#5044);
#1388=VERTEX_POINT('',#5046);
#1389=VERTEX_POINT('',#5051);
#1390=VERTEX_POINT('',#5054);
#1391=VERTEX_POINT('',#5058);
#1392=VERTEX_POINT('',#5060);
#1393=VERTEX_POINT('',#5065);
#1394=VERTEX_POINT('',#5068);
#1395=VERTEX_POINT('',#5072);
#1396=VERTEX_POINT('',#5077);
#1397=VERTEX_POINT('',#5082);
#1398=VERTEX_POINT('',#5087);
#1399=VERTEX_POINT('',#5104);
#1400=VERTEX_POINT('',#5106);
#1401=VERTEX_POINT('',#5111);
#1402=VERTEX_POINT('',#5114);
#1403=VERTEX_POINT('',#5124);
#1404=VERTEX_POINT('',#5126);
#1405=VERTEX_POINT('',#5131);
#1406=VERTEX_POINT('',#5134);
#1407=VERTEX_POINT('',#5146);
#1408=VERTEX_POINT('',#5148);
#1409=VERTEX_POINT('',#5153);
#1410=VERTEX_POINT('',#5156);
#1411=VERTEX_POINT('',#5166);
#1412=VERTEX_POINT('',#5168);
#1413=VERTEX_POINT('',#5173);
#1414=VERTEX_POINT('',#5176);
#1415=VERTEX_POINT('',#5180);
#1416=VERTEX_POINT('',#5183);
#1417=VERTEX_POINT('',#5186);
#1418=VERTEX_POINT('',#5189);
#1419=VERTEX_POINT('',#5196);
#1420=VERTEX_POINT('',#5198);
#1421=VERTEX_POINT('',#5205);
#1422=VERTEX_POINT('',#5206);
#1423=VERTEX_POINT('',#5212);
#1424=VERTEX_POINT('',#5213);
#1425=VERTEX_POINT('',#5216);
#1426=VERTEX_POINT('',#5218);
#1427=VERTEX_POINT('',#5220);
#1428=VERTEX_POINT('',#5222);
#1429=VERTEX_POINT('',#5224);
#1430=VERTEX_POINT('',#5226);
#1431=VERTEX_POINT('',#5228);
#1432=VERTEX_POINT('',#5230);
#1433=VERTEX_POINT('',#5232);
#1434=VERTEX_POINT('',#5234);
#1435=VERTEX_POINT('',#5236);
#1436=VERTEX_POINT('',#5238);
#1437=VERTEX_POINT('',#5240);
#1438=VERTEX_POINT('',#5242);
#1439=VERTEX_POINT('',#5244);
#1440=VERTEX_POINT('',#5246);
#1441=VERTEX_POINT('',#5250);
#1442=VERTEX_POINT('',#5254);
#1443=VERTEX_POINT('',#5258);
#1444=VERTEX_POINT('',#5262);
#1445=VERTEX_POINT('',#5266);
#1446=VERTEX_POINT('',#5270);
#1447=VERTEX_POINT('',#5274);
#1448=VERTEX_POINT('',#5278);
#1449=VERTEX_POINT('',#5282);
#1450=VERTEX_POINT('',#5286);
#1451=VERTEX_POINT('',#5290);
#1452=VERTEX_POINT('',#5294);
#1453=VERTEX_POINT('',#5298);
#1454=VERTEX_POINT('',#5302);
#1455=VERTEX_POINT('',#5306);
#1456=VERTEX_POINT('',#5310);
#1457=VERTEX_POINT('',#5314);
#1458=VERTEX_POINT('',#5318);
#1459=VERTEX_POINT('',#5322);
#1460=VERTEX_POINT('',#5326);
#1461=VERTEX_POINT('',#5330);
#1462=VERTEX_POINT('',#5334);
#1463=EDGE_CURVE('',#1200,#1201,#951,.T.);
#1464=EDGE_CURVE('',#1201,#1202,#952,.T.);
#1465=EDGE_CURVE('',#1202,#1203,#953,.T.);
#1466=EDGE_CURVE('',#1203,#1200,#954,.T.);
#1467=EDGE_CURVE('',#1204,#1205,#955,.T.);
#1468=EDGE_CURVE('',#1205,#1206,#145,.T.);
#1469=EDGE_CURVE('',#1206,#1207,#146,.T.);
#1470=EDGE_CURVE('',#1207,#1208,#147,.T.);
#1471=EDGE_CURVE('',#1208,#1209,#148,.T.);
#1472=EDGE_CURVE('',#1209,#1203,#149,.T.);
#1473=EDGE_CURVE('',#1202,#1210,#150,.T.);
#1474=EDGE_CURVE('',#1210,#1211,#151,.T.);
#1475=EDGE_CURVE('',#1211,#1204,#152,.T.);
#1476=EDGE_CURVE('',#1212,#1213,#956,.T.);
#1477=EDGE_CURVE('',#1213,#1205,#957,.T.);
#1478=EDGE_CURVE('',#1204,#1212,#958,.T.);
#1479=EDGE_CURVE('',#1214,#1215,#959,.T.);
#1480=EDGE_CURVE('',#1215,#1216,#153,.T.);
#1481=EDGE_CURVE('',#1216,#1213,#154,.T.);
#1482=EDGE_CURVE('',#1212,#1217,#155,.T.);
#1483=EDGE_CURVE('',#1217,#1218,#156,.T.);
#1484=EDGE_CURVE('',#1218,#1219,#157,.T.);
#1485=EDGE_CURVE('',#1219,#1220,#158,.T.);
#1486=EDGE_CURVE('',#1220,#1214,#159,.T.);
#1487=EDGE_CURVE('',#1221,#1222,#960,.T.);
#1488=EDGE_CURVE('',#1222,#1215,#961,.T.);
#1489=EDGE_CURVE('',#1214,#1221,#962,.T.);
#1490=EDGE_CURVE('',#1223,#1224,#963,.T.);
#1491=EDGE_CURVE('',#1224,#1225,#160,.T.);
#1492=EDGE_CURVE('',#1225,#1226,#161,.T.);
#1493=EDGE_CURVE('',#1226,#1227,#162,.T.);
#1494=EDGE_CURVE('',#1227,#1228,#163,.T.);
#1495=EDGE_CURVE('',#1228,#1222,#164,.T.);
#1496=EDGE_CURVE('',#1221,#1229,#165,.T.);
#1497=EDGE_CURVE('',#1229,#1230,#166,.T.);
#1498=EDGE_CURVE('',#1230,#1223,#167,.T.);
#1499=EDGE_CURVE('',#1231,#1232,#964,.T.);
#1500=EDGE_CURVE('',#1232,#1224,#965,.T.);
#1501=EDGE_CURVE('',#1223,#1231,#966,.T.);
#1502=EDGE_CURVE('',#1231,#1233,#168,.T.);
#1503=EDGE_CURVE('',#1233,#1234,#169,.T.);
#1504=EDGE_CURVE('',#1234,#1235,#170,.T.);
#1505=EDGE_CURVE('',#1235,#1236,#171,.T.);
#1506=EDGE_CURVE('',#1236,#1201,#172,.T.);
#1507=EDGE_CURVE('',#1200,#1237,#173,.T.);
#1508=EDGE_CURVE('',#1237,#1232,#174,.T.);
#1509=EDGE_CURVE('',#1238,#1228,#967,.T.);
#1510=EDGE_CURVE('',#1228,#1238,#968,.T.);
#1511=EDGE_CURVE('',#1239,#1227,#969,.T.);
#1512=EDGE_CURVE('',#1227,#1239,#970,.T.);
#1513=EDGE_CURVE('',#1240,#1226,#971,.T.);
#1514=EDGE_CURVE('',#1226,#1240,#972,.T.);
#1515=EDGE_CURVE('',#1241,#1225,#973,.T.);
#1516=EDGE_CURVE('',#1225,#1241,#974,.T.);
#1517=EDGE_CURVE('',#1242,#1224,#175,.T.);
#1518=EDGE_CURVE('',#1243,#1242,#176,.T.);
#1519=EDGE_CURVE('',#1243,#1244,#177,.T.);
#1520=EDGE_CURVE('',#1244,#1245,#178,.T.);
#1521=EDGE_CURVE('',#1245,#1246,#179,.T.);
#1522=EDGE_CURVE('',#1247,#1246,#180,.T.);
#1523=EDGE_CURVE('',#1222,#1247,#181,.T.);
#1524=EDGE_CURVE('',#1232,#1248,#182,.T.);
#1525=EDGE_CURVE('',#1248,#1242,#975,.T.);
#1526=EDGE_CURVE('',#1237,#1237,#976,.T.);
#1527=EDGE_CURVE('',#1249,#1200,#183,.T.);
#1528=EDGE_CURVE('',#1248,#1249,#184,.T.);
#1529=EDGE_CURVE('',#1203,#1250,#185,.T.);
#1530=EDGE_CURVE('',#1250,#1249,#977,.T.);
#1531=EDGE_CURVE('',#1220,#1251,#978,.T.);
#1532=EDGE_CURVE('',#1229,#1251,#979,.T.);
#1533=EDGE_CURVE('',#1252,#1219,#980,.T.);
#1534=EDGE_CURVE('',#1252,#1220,#981,.T.);
#1535=EDGE_CURVE('',#1217,#1253,#982,.T.);
#1536=EDGE_CURVE('',#1218,#1253,#983,.T.);
#1537=EDGE_CURVE('',#1254,#1211,#984,.T.);
#1538=EDGE_CURVE('',#1254,#1217,#985,.T.);
#1539=EDGE_CURVE('',#1236,#1255,#986,.T.);
#1540=EDGE_CURVE('',#1210,#1255,#987,.T.);
#1541=EDGE_CURVE('',#1256,#1235,#988,.T.);
#1542=EDGE_CURVE('',#1256,#1236,#989,.T.);
#1543=EDGE_CURVE('',#1235,#1210,#990,.T.);
#1544=EDGE_CURVE('',#1230,#1234,#991,.T.);
#1545=EDGE_CURVE('',#1219,#1229,#992,.T.);
#1546=EDGE_CURVE('',#1211,#1218,#993,.T.);
#1547=EDGE_CURVE('',#1257,#1257,#994,.T.);
#1548=EDGE_CURVE('',#1258,#1258,#995,.T.);
#1549=EDGE_CURVE('',#1259,#1259,#996,.T.);
#1550=EDGE_CURVE('',#1260,#1260,#997,.T.);
#1551=EDGE_CURVE('',#1233,#1261,#998,.T.);
#1552=EDGE_CURVE('',#1234,#1261,#999,.T.);
#1553=EDGE_CURVE('',#1262,#1230,#1000,.T.);
#1554=EDGE_CURVE('',#1262,#1233,#1001,.T.);
#1555=EDGE_CURVE('',#1237,#1263,#1002,.T.);
#1556=EDGE_CURVE('',#1263,#1264,#1003,.T.);
#1557=EDGE_CURVE('',#1264,#1263,#1004,.T.);
#1558=EDGE_CURVE('',#1264,#1265,#186,.T.);
#1559=EDGE_CURVE('',#1265,#1265,#1005,.T.);
#1560=EDGE_CURVE('',#1241,#1266,#1006,.T.);
#1561=EDGE_CURVE('',#1266,#1267,#1007,.T.);
#1562=EDGE_CURVE('',#1267,#1266,#1008,.T.);
#1563=EDGE_CURVE('',#1267,#1268,#187,.T.);
#1564=EDGE_CURVE('',#1268,#1268,#1009,.T.);
#1565=EDGE_CURVE('',#1240,#1269,#1010,.T.);
#1566=EDGE_CURVE('',#1269,#1270,#1011,.T.);
#1567=EDGE_CURVE('',#1270,#1269,#1012,.T.);
#1568=EDGE_CURVE('',#1270,#1271,#188,.T.);
#1569=EDGE_CURVE('',#1271,#1271,#1013,.T.);
#1570=EDGE_CURVE('',#1239,#1272,#1014,.T.);
#1571=EDGE_CURVE('',#1272,#1273,#1015,.T.);
#1572=EDGE_CURVE('',#1273,#1272,#1016,.T.);
#1573=EDGE_CURVE('',#1273,#1274,#189,.T.);
#1574=EDGE_CURVE('',#1274,#1274,#1017,.T.);
#1575=EDGE_CURVE('',#1238,#1275,#1018,.T.);
#1576=EDGE_CURVE('',#1275,#1276,#1019,.T.);
#1577=EDGE_CURVE('',#1276,#1275,#1020,.T.);
#1578=EDGE_CURVE('',#1276,#1277,#190,.T.);
#1579=EDGE_CURVE('',#1277,#1277,#1021,.T.);
#1580=EDGE_CURVE('',#1216,#1278,#1022,.T.);
#1581=EDGE_CURVE('',#1278,#1279,#1023,.T.);
#1582=EDGE_CURVE('',#1279,#1280,#1024,.T.);
#1583=EDGE_CURVE('',#1280,#1279,#1025,.T.);
#1584=EDGE_CURVE('',#1278,#1216,#1026,.T.);
#1585=EDGE_CURVE('',#1281,#1215,#191,.T.);
#1586=EDGE_CURVE('',#1282,#1281,#192,.T.);
#1587=EDGE_CURVE('',#1213,#1282,#193,.T.);
#1588=EDGE_CURVE('',#1280,#1283,#194,.T.);
#1589=EDGE_CURVE('',#1283,#1283,#1027,.T.);
#1590=EDGE_CURVE('',#1206,#1206,#1028,.T.);
#1591=EDGE_CURVE('',#1206,#1284,#1029,.T.);
#1592=EDGE_CURVE('',#1284,#1285,#1030,.T.);
#1593=EDGE_CURVE('',#1285,#1284,#1031,.T.);
#1594=EDGE_CURVE('',#1286,#1205,#195,.T.);
#1595=EDGE_CURVE('',#1250,#1286,#196,.T.);
#1596=EDGE_CURVE('',#1209,#1209,#1032,.T.);
#1597=EDGE_CURVE('',#1208,#1208,#1033,.T.);
#1598=EDGE_CURVE('',#1207,#1207,#1034,.T.);
#1599=EDGE_CURVE('',#1285,#1287,#197,.T.);
#1600=EDGE_CURVE('',#1287,#1287,#1035,.T.);
#1601=EDGE_CURVE('',#1207,#1288,#1036,.T.);
#1602=EDGE_CURVE('',#1288,#1289,#1037,.T.);
#1603=EDGE_CURVE('',#1289,#1288,#1038,.T.);
#1604=EDGE_CURVE('',#1289,#1290,#198,.T.);
#1605=EDGE_CURVE('',#1290,#1290,#1039,.T.);
#1606=EDGE_CURVE('',#1208,#1291,#1040,.T.);
#1607=EDGE_CURVE('',#1291,#1292,#1041,.T.);
#1608=EDGE_CURVE('',#1292,#1291,#1042,.T.);
#1609=EDGE_CURVE('',#1292,#1293,#199,.T.);
#1610=EDGE_CURVE('',#1293,#1293,#1043,.T.);
#1611=EDGE_CURVE('',#1209,#1294,#1044,.T.);
#1612=EDGE_CURVE('',#1294,#1295,#1045,.T.);
#1613=EDGE_CURVE('',#1295,#1294,#1046,.T.);
#1614=EDGE_CURVE('',#1295,#1296,#200,.T.);
#1615=EDGE_CURVE('',#1296,#1296,#1047,.T.);
#1616=EDGE_CURVE('',#1297,#1256,#15,.T.);
#1617=EDGE_CURVE('',#1255,#1298,#16,.T.);
#1618=EDGE_CURVE('',#1298,#1297,#1048,.T.);
#1619=EDGE_CURVE('',#1299,#1297,#201,.T.);
#1620=EDGE_CURVE('',#1300,#1299,#1049,.T.);
#1621=EDGE_CURVE('',#1301,#1300,#202,.T.);
#1622=EDGE_CURVE('',#1302,#1301,#1050,.T.);
#1623=EDGE_CURVE('',#1303,#1302,#203,.T.);
#1624=EDGE_CURVE('',#1304,#1303,#1051,.T.);
#1625=EDGE_CURVE('',#1304,#1305,#204,.T.);
#1626=EDGE_CURVE('',#1305,#1305,#1052,.T.);
#1627=EDGE_CURVE('',#1306,#1304,#1053,.T.);
#1628=EDGE_CURVE('',#1306,#1307,#205,.T.);
#1629=EDGE_CURVE('',#1308,#1307,#1054,.T.);
#1630=EDGE_CURVE('',#1308,#1309,#206,.T.);
#1631=EDGE_CURVE('',#1310,#1309,#1055,.T.);
#1632=EDGE_CURVE('',#1310,#1298,#207,.T.);
#1633=EDGE_CURVE('',#1310,#1299,#1056,.T.);
#1634=EDGE_CURVE('',#1311,#1262,#17,.T.);
#1635=EDGE_CURVE('',#1261,#1312,#18,.T.);
#1636=EDGE_CURVE('',#1312,#1311,#1057,.T.);
#1637=EDGE_CURVE('',#1313,#1311,#208,.T.);
#1638=EDGE_CURVE('',#1314,#1313,#1058,.T.);
#1639=EDGE_CURVE('',#1315,#1314,#209,.T.);
#1640=EDGE_CURVE('',#1316,#1315,#1059,.T.);
#1641=EDGE_CURVE('',#1317,#1316,#210,.T.);
#1642=EDGE_CURVE('',#1318,#1317,#1060,.T.);
#1643=EDGE_CURVE('',#1318,#1319,#211,.T.);
#1644=EDGE_CURVE('',#1319,#1319,#1061,.T.);
#1645=EDGE_CURVE('',#1320,#1318,#1062,.T.);
#1646=EDGE_CURVE('',#1320,#1321,#212,.T.);
#1647=EDGE_CURVE('',#1322,#1321,#1063,.T.);
#1648=EDGE_CURVE('',#1322,#1323,#213,.T.);
#1649=EDGE_CURVE('',#1324,#1323,#1064,.T.);
#1650=EDGE_CURVE('',#1324,#1312,#214,.T.);
#1651=EDGE_CURVE('',#1324,#1313,#1065,.T.);
#1652=EDGE_CURVE('',#1257,#1325,#1066,.T.);
#1653=EDGE_CURVE('',#1325,#1325,#1067,.T.);
#1654=EDGE_CURVE('',#1325,#1326,#215,.T.);
#1655=EDGE_CURVE('',#1326,#1326,#1068,.T.);
#1656=EDGE_CURVE('',#1260,#1327,#1069,.T.);
#1657=EDGE_CURVE('',#1327,#1327,#1070,.T.);
#1658=EDGE_CURVE('',#1327,#1328,#216,.T.);
#1659=EDGE_CURVE('',#1328,#1328,#1071,.T.);
#1660=EDGE_CURVE('',#1258,#1329,#1072,.T.);
#1661=EDGE_CURVE('',#1329,#1329,#1073,.T.);
#1662=EDGE_CURVE('',#1329,#1330,#217,.T.);
#1663=EDGE_CURVE('',#1330,#1330,#1074,.T.);
#1664=EDGE_CURVE('',#1259,#1331,#1075,.T.);
#1665=EDGE_CURVE('',#1331,#1331,#1076,.T.);
#1666=EDGE_CURVE('',#1331,#1332,#218,.T.);
#1667=EDGE_CURVE('',#1332,#1332,#1077,.T.);
#1668=EDGE_CURVE('',#1333,#1254,#19,.T.);
#1669=EDGE_CURVE('',#1253,#1334,#20,.T.);
#1670=EDGE_CURVE('',#1334,#1333,#1078,.T.);
#1671=EDGE_CURVE('',#1335,#1333,#219,.T.);
#1672=EDGE_CURVE('',#1336,#1335,#1079,.T.);
#1673=EDGE_CURVE('',#1337,#1336,#220,.T.);
#1674=EDGE_CURVE('',#1338,#1337,#1080,.T.);
#1675=EDGE_CURVE('',#1339,#1338,#221,.T.);
#1676=EDGE_CURVE('',#1340,#1339,#1081,.T.);
#1677=EDGE_CURVE('',#1340,#1341,#222,.T.);
#1678=EDGE_CURVE('',#1342,#1341,#1082,.T.);
#1679=EDGE_CURVE('',#1342,#1343,#223,.T.);
#1680=EDGE_CURVE('',#1344,#1343,#1083,.T.);
#1681=EDGE_CURVE('',#1344,#1334,#224,.T.);
#1682=EDGE_CURVE('',#1217,#1345,#225,.T.);
#1683=EDGE_CURVE('',#1345,#1345,#1084,.T.);
#1684=EDGE_CURVE('',#1344,#1335,#1085,.T.);
#1685=EDGE_CURVE('',#1346,#1252,#21,.T.);
#1686=EDGE_CURVE('',#1251,#1347,#22,.T.);
#1687=EDGE_CURVE('',#1347,#1346,#1086,.T.);
#1688=EDGE_CURVE('',#1348,#1346,#226,.T.);
#1689=EDGE_CURVE('',#1349,#1348,#1087,.T.);
#1690=EDGE_CURVE('',#1350,#1349,#227,.T.);
#1691=EDGE_CURVE('',#1351,#1350,#1088,.T.);
#1692=EDGE_CURVE('',#1352,#1351,#228,.T.);
#1693=EDGE_CURVE('',#1353,#1352,#1089,.T.);
#1694=EDGE_CURVE('',#1353,#1354,#229,.T.);
#1695=EDGE_CURVE('',#1355,#1354,#1090,.T.);
#1696=EDGE_CURVE('',#1355,#1356,#230,.T.);
#1697=EDGE_CURVE('',#1357,#1356,#1091,.T.);
#1698=EDGE_CURVE('',#1357,#1347,#231,.T.);
#1699=EDGE_CURVE('',#1220,#1358,#232,.T.);
#1700=EDGE_CURVE('',#1358,#1358,#1092,.T.);
#1701=EDGE_CURVE('',#1357,#1348,#1093,.T.);
#1702=EDGE_CURVE('',#1247,#1281,#1094,.T.);
#1703=EDGE_CURVE('',#1282,#1286,#1095,.T.);
#1704=EDGE_CURVE('',#1359,#1359,#1096,.T.);
#1705=EDGE_CURVE('',#1359,#1360,#233,.T.);
#1706=EDGE_CURVE('',#1360,#1360,#1097,.T.);
#1707=EDGE_CURVE('',#1361,#1361,#1098,.T.);
#1708=EDGE_CURVE('',#1362,#1362,#1099,.T.);
#1709=EDGE_CURVE('',#1362,#1363,#234,.T.);
#1710=EDGE_CURVE('',#1363,#1363,#1100,.T.);
#1711=EDGE_CURVE('',#1364,#1364,#1101,.T.);
#1712=EDGE_CURVE('',#1364,#1365,#235,.T.);
#1713=EDGE_CURVE('',#1365,#1365,#1102,.T.);
#1714=EDGE_CURVE('',#1361,#1366,#236,.T.);
#1715=EDGE_CURVE('',#1366,#1366,#1103,.T.);
#1716=EDGE_CURVE('',#1367,#1367,#1104,.T.);
#1717=EDGE_CURVE('',#1367,#1368,#237,.T.);
#1718=EDGE_CURVE('',#1368,#1368,#1105,.T.);
#1719=EDGE_CURVE('',#1369,#1369,#1106,.T.);
#1720=EDGE_CURVE('',#1370,#1370,#1107,.T.);
#1721=EDGE_CURVE('',#1370,#1371,#238,.T.);
#1722=EDGE_CURVE('',#1371,#1371,#1108,.T.);
#1723=EDGE_CURVE('',#1372,#1372,#1109,.T.);
#1724=EDGE_CURVE('',#1373,#1373,#1110,.T.);
#1725=EDGE_CURVE('',#1373,#1374,#239,.T.);
#1726=EDGE_CURVE('',#1374,#1374,#1111,.T.);
#1727=EDGE_CURVE('',#1375,#1375,#1112,.T.);
#1728=EDGE_CURVE('',#1376,#1376,#1113,.T.);
#1729=EDGE_CURVE('',#1376,#1377,#240,.T.);
#1730=EDGE_CURVE('',#1377,#1377,#1114,.T.);
#1731=EDGE_CURVE('',#1378,#1378,#1115,.T.);
#1732=EDGE_CURVE('',#1379,#1379,#1116,.T.);
#1733=EDGE_CURVE('',#1379,#1380,#241,.T.);
#1734=EDGE_CURVE('',#1380,#1380,#1117,.T.);
#1735=EDGE_CURVE('',#1381,#1381,#1118,.T.);
#1736=EDGE_CURVE('',#1381,#1382,#242,.T.);
#1737=EDGE_CURVE('',#1382,#1382,#1119,.T.);
#1738=EDGE_CURVE('',#1383,#1383,#1120,.T.);
#1739=EDGE_CURVE('',#1383,#1384,#243,.T.);
#1740=EDGE_CURVE('',#1384,#1384,#1121,.T.);
#1741=EDGE_CURVE('',#1385,#1385,#1122,.T.);
#1742=EDGE_CURVE('',#1385,#1386,#244,.T.);
#1743=EDGE_CURVE('',#1386,#1386,#1123,.T.);
#1744=EDGE_CURVE('',#1387,#1387,#1124,.T.);
#1745=EDGE_CURVE('',#1387,#1388,#245,.T.);
#1746=EDGE_CURVE('',#1388,#1388,#1125,.T.);
#1747=EDGE_CURVE('',#1389,#1389,#1126,.T.);
#1748=EDGE_CURVE('',#1389,#1390,#246,.T.);
#1749=EDGE_CURVE('',#1390,#1390,#1127,.T.);
#1750=EDGE_CURVE('',#1391,#1391,#1128,.T.);
#1751=EDGE_CURVE('',#1391,#1392,#247,.T.);
#1752=EDGE_CURVE('',#1392,#1392,#1129,.T.);
#1753=EDGE_CURVE('',#1393,#1393,#1130,.T.);
#1754=EDGE_CURVE('',#1393,#1394,#248,.T.);
#1755=EDGE_CURVE('',#1394,#1394,#1131,.T.);
#1756=EDGE_CURVE('',#1378,#1395,#249,.T.);
#1757=EDGE_CURVE('',#1395,#1395,#1132,.T.);
#1758=EDGE_CURVE('',#1375,#1396,#250,.T.);
#1759=EDGE_CURVE('',#1396,#1396,#1133,.T.);
#1760=EDGE_CURVE('',#1372,#1397,#251,.T.);
#1761=EDGE_CURVE('',#1397,#1397,#1134,.T.);
#1762=EDGE_CURVE('',#1369,#1398,#252,.T.);
#1763=EDGE_CURVE('',#1398,#1398,#1135,.T.);
#1764=EDGE_CURVE('',#1350,#1355,#1136,.T.);
#1765=EDGE_CURVE('',#1356,#1349,#1137,.T.);
#1766=EDGE_CURVE('',#1351,#1354,#1138,.T.);
#1767=EDGE_CURVE('',#1352,#1353,#1139,.T.);
#1768=EDGE_CURVE('',#1399,#1399,#1140,.T.);
#1769=EDGE_CURVE('',#1399,#1400,#253,.T.);
#1770=EDGE_CURVE('',#1400,#1400,#1141,.T.);
#1771=EDGE_CURVE('',#1401,#1401,#1142,.T.);
#1772=EDGE_CURVE('',#1401,#1402,#254,.T.);
#1773=EDGE_CURVE('',#1402,#1402,#1143,.T.);
#1774=EDGE_CURVE('',#1301,#1308,#1144,.T.);
#1775=EDGE_CURVE('',#1309,#1300,#1145,.T.);
#1776=EDGE_CURVE('',#1302,#1307,#1146,.T.);
#1777=EDGE_CURVE('',#1403,#1403,#1147,.T.);
#1778=EDGE_CURVE('',#1403,#1404,#255,.T.);
#1779=EDGE_CURVE('',#1404,#1404,#1148,.T.);
#1780=EDGE_CURVE('',#1405,#1405,#1149,.T.);
#1781=EDGE_CURVE('',#1405,#1406,#256,.T.);
#1782=EDGE_CURVE('',#1406,#1406,#1150,.T.);
#1783=EDGE_CURVE('',#1337,#1342,#1151,.T.);
#1784=EDGE_CURVE('',#1343,#1336,#1152,.T.);
#1785=EDGE_CURVE('',#1338,#1341,#1153,.T.);
#1786=EDGE_CURVE('',#1339,#1340,#1154,.T.);
#1787=EDGE_CURVE('',#1407,#1407,#1155,.T.);
#1788=EDGE_CURVE('',#1407,#1408,#257,.T.);
#1789=EDGE_CURVE('',#1408,#1408,#1156,.T.);
#1790=EDGE_CURVE('',#1409,#1409,#1157,.T.);
#1791=EDGE_CURVE('',#1409,#1410,#258,.T.);
#1792=EDGE_CURVE('',#1410,#1410,#1158,.T.);
#1793=EDGE_CURVE('',#1315,#1322,#1159,.T.);
#1794=EDGE_CURVE('',#1323,#1314,#1160,.T.);
#1795=EDGE_CURVE('',#1316,#1321,#1161,.T.);
#1796=EDGE_CURVE('',#1411,#1411,#1162,.T.);
#1797=EDGE_CURVE('',#1411,#1412,#259,.T.);
#1798=EDGE_CURVE('',#1412,#1412,#1163,.T.);
#1799=EDGE_CURVE('',#1413,#1413,#1164,.T.);
#1800=EDGE_CURVE('',#1413,#1414,#260,.T.);
#1801=EDGE_CURVE('',#1414,#1414,#1165,.T.);
#1802=EDGE_CURVE('',#1415,#1415,#1166,.T.);
#1803=EDGE_CURVE('',#1416,#1416,#1167,.T.);
#1804=EDGE_CURVE('',#1417,#1417,#1168,.T.);
#1805=EDGE_CURVE('',#1418,#1418,#1169,.T.);
#1806=EDGE_CURVE('',#1317,#1320,#1170,.T.);
#1807=EDGE_CURVE('',#1303,#1306,#1171,.T.);
#1808=EDGE_CURVE('',#1244,#1419,#261,.T.);
#1809=EDGE_CURVE('',#1419,#1420,#262,.T.);
#1810=EDGE_CURVE('',#1420,#1245,#263,.T.);
#1811=EDGE_CURVE('',#1421,#1422,#264,.T.);
#1812=EDGE_CURVE('',#1421,#1420,#265,.T.);
#1813=EDGE_CURVE('',#1422,#1419,#266,.T.);
#1814=EDGE_CURVE('',#1423,#1424,#267,.T.);
#1815=EDGE_CURVE('',#1423,#1421,#268,.T.);
#1816=EDGE_CURVE('',#1422,#1425,#269,.T.);
#1817=EDGE_CURVE('',#1426,#1425,#270,.T.);
#1818=EDGE_CURVE('',#1427,#1426,#1172,.T.);
#1819=EDGE_CURVE('',#1427,#1428,#1173,.T.);
#1820=EDGE_CURVE('',#1429,#1428,#1174,.T.);
#1821=EDGE_CURVE('',#1430,#1429,#271,.T.);
#1822=EDGE_CURVE('',#1431,#1430,#1175,.T.);
#1823=EDGE_CURVE('',#1431,#1432,#1176,.T.);
#1824=EDGE_CURVE('',#1433,#1432,#1177,.T.);
#1825=EDGE_CURVE('',#1434,#1433,#272,.T.);
#1826=EDGE_CURVE('',#1435,#1434,#1178,.T.);
#1827=EDGE_CURVE('',#1435,#1436,#1179,.T.);
#1828=EDGE_CURVE('',#1437,#1436,#1180,.T.);
#1829=EDGE_CURVE('',#1438,#1437,#273,.T.);
#1830=EDGE_CURVE('',#1439,#1438,#1181,.T.);
#1831=EDGE_CURVE('',#1439,#1440,#1182,.T.);
#1832=EDGE_CURVE('',#1424,#1440,#1183,.T.);
#1833=EDGE_CURVE('',#1441,#1441,#1184,.T.);
#1834=EDGE_CURVE('',#1441,#1417,#274,.T.);
#1835=EDGE_CURVE('',#1442,#1442,#1185,.T.);
#1836=EDGE_CURVE('',#1442,#1418,#275,.T.);
#1837=EDGE_CURVE('',#1443,#1443,#1186,.T.);
#1838=EDGE_CURVE('',#1443,#1416,#276,.T.);
#1839=EDGE_CURVE('',#1444,#1444,#1187,.T.);
#1840=EDGE_CURVE('',#1444,#1415,#277,.T.);
#1841=EDGE_CURVE('',#1445,#1243,#278,.T.);
#1842=EDGE_CURVE('',#1425,#1445,#279,.T.);
#1843=EDGE_CURVE('',#1446,#1445,#280,.T.);
#1844=EDGE_CURVE('',#1426,#1446,#281,.T.);
#1845=EDGE_CURVE('',#1447,#1446,#1188,.T.);
#1846=EDGE_CURVE('',#1427,#1447,#282,.T.);
#1847=EDGE_CURVE('',#1448,#1447,#1189,.T.);
#1848=EDGE_CURVE('',#1428,#1448,#283,.T.);
#1849=EDGE_CURVE('',#1449,#1448,#1190,.T.);
#1850=EDGE_CURVE('',#1429,#1449,#284,.T.);
#1851=EDGE_CURVE('',#1450,#1449,#285,.T.);
#1852=EDGE_CURVE('',#1430,#1450,#286,.T.);
#1853=EDGE_CURVE('',#1451,#1450,#1191,.T.);
#1854=EDGE_CURVE('',#1431,#1451,#287,.T.);
#1855=EDGE_CURVE('',#1452,#1451,#1192,.T.);
#1856=EDGE_CURVE('',#1432,#1452,#288,.T.);
#1857=EDGE_CURVE('',#1453,#1452,#1193,.T.);
#1858=EDGE_CURVE('',#1433,#1453,#289,.T.);
#1859=EDGE_CURVE('',#1454,#1453,#290,.T.);
#1860=EDGE_CURVE('',#1434,#1454,#291,.T.);
#1861=EDGE_CURVE('',#1455,#1454,#1194,.T.);
#1862=EDGE_CURVE('',#1435,#1455,#292,.T.);
#1863=EDGE_CURVE('',#1456,#1455,#1195,.T.);
#1864=EDGE_CURVE('',#1436,#1456,#293,.T.);
#1865=EDGE_CURVE('',#1457,#1456,#1196,.T.);
#1866=EDGE_CURVE('',#1437,#1457,#294,.T.);
#1867=EDGE_CURVE('',#1458,#1457,#295,.T.);
#1868=EDGE_CURVE('',#1438,#1458,#296,.T.);
#1869=EDGE_CURVE('',#1459,#1458,#1197,.T.);
#1870=EDGE_CURVE('',#1439,#1459,#297,.T.);
#1871=EDGE_CURVE('',#1460,#1459,#1198,.T.);
#1872=EDGE_CURVE('',#1440,#1460,#298,.T.);
#1873=EDGE_CURVE('',#1461,#1460,#1199,.T.);
#1874=EDGE_CURVE('',#1424,#1461,#299,.T.);
#1875=EDGE_CURVE('',#1462,#1461,#300,.T.);
#1876=EDGE_CURVE('',#1423,#1462,#301,.T.);
#1877=EDGE_CURVE('',#1246,#1462,#302,.T.);
#1878=ORIENTED_EDGE('',*,*,#1463,.T.);
#1879=ORIENTED_EDGE('',*,*,#1464,.T.);
#1880=ORIENTED_EDGE('',*,*,#1465,.T.);
#1881=ORIENTED_EDGE('',*,*,#1466,.T.);
#1882=ORIENTED_EDGE('',*,*,#1467,.T.);
#1883=ORIENTED_EDGE('',*,*,#1468,.T.);
#1884=ORIENTED_EDGE('',*,*,#1469,.T.);
#1885=ORIENTED_EDGE('',*,*,#1470,.T.);
#1886=ORIENTED_EDGE('',*,*,#1471,.T.);
#1887=ORIENTED_EDGE('',*,*,#1472,.T.);
#1888=ORIENTED_EDGE('',*,*,#1465,.F.);
#1889=ORIENTED_EDGE('',*,*,#1473,.T.);
#1890=ORIENTED_EDGE('',*,*,#1474,.T.);
#1891=ORIENTED_EDGE('',*,*,#1475,.T.);
#1892=ORIENTED_EDGE('',*,*,#1476,.T.);
#1893=ORIENTED_EDGE('',*,*,#1477,.T.);
#1894=ORIENTED_EDGE('',*,*,#1467,.F.);
#1895=ORIENTED_EDGE('',*,*,#1478,.T.);
#1896=ORIENTED_EDGE('',*,*,#1479,.T.);
#1897=ORIENTED_EDGE('',*,*,#1480,.T.);
#1898=ORIENTED_EDGE('',*,*,#1481,.T.);
#1899=ORIENTED_EDGE('',*,*,#1476,.F.);
#1900=ORIENTED_EDGE('',*,*,#1482,.T.);
#1901=ORIENTED_EDGE('',*,*,#1483,.T.);
#1902=ORIENTED_EDGE('',*,*,#1484,.T.);
#1903=ORIENTED_EDGE('',*,*,#1485,.T.);
#1904=ORIENTED_EDGE('',*,*,#1486,.T.);
#1905=ORIENTED_EDGE('',*,*,#1487,.T.);
#1906=ORIENTED_EDGE('',*,*,#1488,.T.);
#1907=ORIENTED_EDGE('',*,*,#1479,.F.);
#1908=ORIENTED_EDGE('',*,*,#1489,.T.);
#1909=ORIENTED_EDGE('',*,*,#1490,.T.);
#1910=ORIENTED_EDGE('',*,*,#1491,.T.);
#1911=ORIENTED_EDGE('',*,*,#1492,.T.);
#1912=ORIENTED_EDGE('',*,*,#1493,.T.);
#1913=ORIENTED_EDGE('',*,*,#1494,.T.);
#1914=ORIENTED_EDGE('',*,*,#1495,.T.);
#1915=ORIENTED_EDGE('',*,*,#1487,.F.);
#1916=ORIENTED_EDGE('',*,*,#1496,.T.);
#1917=ORIENTED_EDGE('',*,*,#1497,.T.);
#1918=ORIENTED_EDGE('',*,*,#1498,.T.);
#1919=ORIENTED_EDGE('',*,*,#1499,.T.);
#1920=ORIENTED_EDGE('',*,*,#1500,.T.);
#1921=ORIENTED_EDGE('',*,*,#1490,.F.);
#1922=ORIENTED_EDGE('',*,*,#1501,.T.);
#1923=ORIENTED_EDGE('',*,*,#1499,.F.);
#1924=ORIENTED_EDGE('',*,*,#1502,.T.);
#1925=ORIENTED_EDGE('',*,*,#1503,.T.);
#1926=ORIENTED_EDGE('',*,*,#1504,.T.);
#1927=ORIENTED_EDGE('',*,*,#1505,.T.);
#1928=ORIENTED_EDGE('',*,*,#1506,.T.);
#1929=ORIENTED_EDGE('',*,*,#1463,.F.);
#1930=ORIENTED_EDGE('',*,*,#1507,.T.);
#1931=ORIENTED_EDGE('',*,*,#1508,.T.);
#1932=ORIENTED_EDGE('',*,*,#1495,.F.);
#1933=ORIENTED_EDGE('',*,*,#1509,.F.);
#1934=ORIENTED_EDGE('',*,*,#1510,.F.);
#1935=ORIENTED_EDGE('',*,*,#1494,.F.);
#1936=ORIENTED_EDGE('',*,*,#1511,.F.);
#1937=ORIENTED_EDGE('',*,*,#1512,.F.);
#1938=ORIENTED_EDGE('',*,*,#1493,.F.);
#1939=ORIENTED_EDGE('',*,*,#1513,.F.);
#1940=ORIENTED_EDGE('',*,*,#1514,.F.);
#1941=ORIENTED_EDGE('',*,*,#1492,.F.);
#1942=ORIENTED_EDGE('',*,*,#1515,.F.);
#1943=ORIENTED_EDGE('',*,*,#1516,.F.);
#1944=ORIENTED_EDGE('',*,*,#1491,.F.);
#1945=ORIENTED_EDGE('',*,*,#1517,.F.);
#1946=ORIENTED_EDGE('',*,*,#1518,.F.);
#1947=ORIENTED_EDGE('',*,*,#1519,.T.);
#1948=ORIENTED_EDGE('',*,*,#1520,.T.);
#1949=ORIENTED_EDGE('',*,*,#1521,.T.);
#1950=ORIENTED_EDGE('',*,*,#1522,.F.);
#1951=ORIENTED_EDGE('',*,*,#1523,.F.);
#1952=ORIENTED_EDGE('',*,*,#1500,.F.);
#1953=ORIENTED_EDGE('',*,*,#1524,.T.);
#1954=ORIENTED_EDGE('',*,*,#1525,.T.);
#1955=ORIENTED_EDGE('',*,*,#1517,.T.);
#1956=ORIENTED_EDGE('',*,*,#1508,.F.);
#1957=ORIENTED_EDGE('',*,*,#1526,.F.);
#1958=ORIENTED_EDGE('',*,*,#1507,.F.);
#1959=ORIENTED_EDGE('',*,*,#1527,.F.);
#1960=ORIENTED_EDGE('',*,*,#1528,.F.);
#1961=ORIENTED_EDGE('',*,*,#1524,.F.);
#1962=ORIENTED_EDGE('',*,*,#1466,.F.);
#1963=ORIENTED_EDGE('',*,*,#1529,.T.);
#1964=ORIENTED_EDGE('',*,*,#1530,.T.);
#1965=ORIENTED_EDGE('',*,*,#1527,.T.);
#1966=ORIENTED_EDGE('',*,*,#1486,.F.);
#1967=ORIENTED_EDGE('',*,*,#1531,.T.);
#1968=ORIENTED_EDGE('',*,*,#1532,.F.);
#1969=ORIENTED_EDGE('',*,*,#1496,.F.);
#1970=ORIENTED_EDGE('',*,*,#1489,.F.);
#1971=ORIENTED_EDGE('',*,*,#1485,.F.);
#1972=ORIENTED_EDGE('',*,*,#1533,.F.);
#1973=ORIENTED_EDGE('',*,*,#1534,.T.);
#1974=ORIENTED_EDGE('',*,*,#1483,.F.);
#1975=ORIENTED_EDGE('',*,*,#1535,.T.);
#1976=ORIENTED_EDGE('',*,*,#1536,.F.);
#1977=ORIENTED_EDGE('',*,*,#1475,.F.);
#1978=ORIENTED_EDGE('',*,*,#1537,.F.);
#1979=ORIENTED_EDGE('',*,*,#1538,.T.);
#1980=ORIENTED_EDGE('',*,*,#1482,.F.);
#1981=ORIENTED_EDGE('',*,*,#1478,.F.);
#1982=ORIENTED_EDGE('',*,*,#1473,.F.);
#1983=ORIENTED_EDGE('',*,*,#1464,.F.);
#1984=ORIENTED_EDGE('',*,*,#1506,.F.);
#1985=ORIENTED_EDGE('',*,*,#1539,.T.);
#1986=ORIENTED_EDGE('',*,*,#1540,.F.);
#1987=ORIENTED_EDGE('',*,*,#1505,.F.);
#1988=ORIENTED_EDGE('',*,*,#1541,.F.);
#1989=ORIENTED_EDGE('',*,*,#1542,.T.);
#1990=ORIENTED_EDGE('',*,*,#1474,.F.);
#1991=ORIENTED_EDGE('',*,*,#1543,.F.);
#1992=ORIENTED_EDGE('',*,*,#1504,.F.);
#1993=ORIENTED_EDGE('',*,*,#1544,.F.);
#1994=ORIENTED_EDGE('',*,*,#1497,.F.);
#1995=ORIENTED_EDGE('',*,*,#1545,.F.);
#1996=ORIENTED_EDGE('',*,*,#1484,.F.);
#1997=ORIENTED_EDGE('',*,*,#1546,.F.);
#1998=ORIENTED_EDGE('',*,*,#1547,.F.);
#1999=ORIENTED_EDGE('',*,*,#1548,.F.);
#2000=ORIENTED_EDGE('',*,*,#1549,.F.);
#2001=ORIENTED_EDGE('',*,*,#1550,.F.);
#2002=ORIENTED_EDGE('',*,*,#1503,.F.);
#2003=ORIENTED_EDGE('',*,*,#1551,.T.);
#2004=ORIENTED_EDGE('',*,*,#1552,.F.);
#2005=ORIENTED_EDGE('',*,*,#1502,.F.);
#2006=ORIENTED_EDGE('',*,*,#1501,.F.);
#2007=ORIENTED_EDGE('',*,*,#1498,.F.);
#2008=ORIENTED_EDGE('',*,*,#1553,.F.);
#2009=ORIENTED_EDGE('',*,*,#1554,.T.);
#2010=ORIENTED_EDGE('',*,*,#1526,.T.);
#2011=ORIENTED_EDGE('',*,*,#1555,.T.);
#2012=ORIENTED_EDGE('',*,*,#1556,.T.);
#2013=ORIENTED_EDGE('',*,*,#1557,.T.);
#2014=ORIENTED_EDGE('',*,*,#1555,.F.);
#2015=ORIENTED_EDGE('',*,*,#1557,.F.);
#2016=ORIENTED_EDGE('',*,*,#1558,.T.);
#2017=ORIENTED_EDGE('',*,*,#1559,.T.);
#2018=ORIENTED_EDGE('',*,*,#1558,.F.);
#2019=ORIENTED_EDGE('',*,*,#1556,.F.);
#2020=ORIENTED_EDGE('',*,*,#1516,.T.);
#2021=ORIENTED_EDGE('',*,*,#1560,.T.);
#2022=ORIENTED_EDGE('',*,*,#1561,.T.);
#2023=ORIENTED_EDGE('',*,*,#1562,.T.);
#2024=ORIENTED_EDGE('',*,*,#1560,.F.);
#2025=ORIENTED_EDGE('',*,*,#1515,.T.);
#2026=ORIENTED_EDGE('',*,*,#1562,.F.);
#2027=ORIENTED_EDGE('',*,*,#1563,.T.);
#2028=ORIENTED_EDGE('',*,*,#1564,.T.);
#2029=ORIENTED_EDGE('',*,*,#1563,.F.);
#2030=ORIENTED_EDGE('',*,*,#1561,.F.);
#2031=ORIENTED_EDGE('',*,*,#1514,.T.);
#2032=ORIENTED_EDGE('',*,*,#1565,.T.);
#2033=ORIENTED_EDGE('',*,*,#1566,.T.);
#2034=ORIENTED_EDGE('',*,*,#1567,.T.);
#2035=ORIENTED_EDGE('',*,*,#1565,.F.);
#2036=ORIENTED_EDGE('',*,*,#1513,.T.);
#2037=ORIENTED_EDGE('',*,*,#1567,.F.);
#2038=ORIENTED_EDGE('',*,*,#1568,.T.);
#2039=ORIENTED_EDGE('',*,*,#1569,.T.);
#2040=ORIENTED_EDGE('',*,*,#1568,.F.);
#2041=ORIENTED_EDGE('',*,*,#1566,.F.);
#2042=ORIENTED_EDGE('',*,*,#1512,.T.);
#2043=ORIENTED_EDGE('',*,*,#1570,.T.);
#2044=ORIENTED_EDGE('',*,*,#1571,.T.);
#2045=ORIENTED_EDGE('',*,*,#1572,.T.);
#2046=ORIENTED_EDGE('',*,*,#1570,.F.);
#2047=ORIENTED_EDGE('',*,*,#1511,.T.);
#2048=ORIENTED_EDGE('',*,*,#1572,.F.);
#2049=ORIENTED_EDGE('',*,*,#1573,.T.);
#2050=ORIENTED_EDGE('',*,*,#1574,.T.);
#2051=ORIENTED_EDGE('',*,*,#1573,.F.);
#2052=ORIENTED_EDGE('',*,*,#1571,.F.);
#2053=ORIENTED_EDGE('',*,*,#1510,.T.);
#2054=ORIENTED_EDGE('',*,*,#1575,.T.);
#2055=ORIENTED_EDGE('',*,*,#1576,.T.);
#2056=ORIENTED_EDGE('',*,*,#1577,.T.);
#2057=ORIENTED_EDGE('',*,*,#1575,.F.);
#2058=ORIENTED_EDGE('',*,*,#1509,.T.);
#2059=ORIENTED_EDGE('',*,*,#1577,.F.);
#2060=ORIENTED_EDGE('',*,*,#1578,.T.);
#2061=ORIENTED_EDGE('',*,*,#1579,.T.);
#2062=ORIENTED_EDGE('',*,*,#1578,.F.);
#2063=ORIENTED_EDGE('',*,*,#1576,.F.);
#2064=ORIENTED_EDGE('',*,*,#1580,.T.);
#2065=ORIENTED_EDGE('',*,*,#1581,.T.);
#2066=ORIENTED_EDGE('',*,*,#1582,.T.);
#2067=ORIENTED_EDGE('',*,*,#1583,.T.);
#2068=ORIENTED_EDGE('',*,*,#1581,.F.);
#2069=ORIENTED_EDGE('',*,*,#1584,.T.);
#2070=ORIENTED_EDGE('',*,*,#1480,.F.);
#2071=ORIENTED_EDGE('',*,*,#1585,.F.);
#2072=ORIENTED_EDGE('',*,*,#1586,.F.);
#2073=ORIENTED_EDGE('',*,*,#1587,.F.);
#2074=ORIENTED_EDGE('',*,*,#1481,.F.);
#2075=ORIENTED_EDGE('',*,*,#1584,.F.);
#2076=ORIENTED_EDGE('',*,*,#1580,.F.);
#2077=ORIENTED_EDGE('',*,*,#1583,.F.);
#2078=ORIENTED_EDGE('',*,*,#1588,.T.);
#2079=ORIENTED_EDGE('',*,*,#1589,.T.);
#2080=ORIENTED_EDGE('',*,*,#1588,.F.);
#2081=ORIENTED_EDGE('',*,*,#1582,.F.);
#2082=ORIENTED_EDGE('',*,*,#1590,.T.);
#2083=ORIENTED_EDGE('',*,*,#1591,.T.);
#2084=ORIENTED_EDGE('',*,*,#1592,.T.);
#2085=ORIENTED_EDGE('',*,*,#1593,.T.);
#2086=ORIENTED_EDGE('',*,*,#1591,.F.);
#2087=ORIENTED_EDGE('',*,*,#1468,.F.);
#2088=ORIENTED_EDGE('',*,*,#1594,.F.);
#2089=ORIENTED_EDGE('',*,*,#1595,.F.);
#2090=ORIENTED_EDGE('',*,*,#1529,.F.);
#2091=ORIENTED_EDGE('',*,*,#1472,.F.);
#2092=ORIENTED_EDGE('',*,*,#1596,.F.);
#2093=ORIENTED_EDGE('',*,*,#1471,.F.);
#2094=ORIENTED_EDGE('',*,*,#1597,.F.);
#2095=ORIENTED_EDGE('',*,*,#1470,.F.);
#2096=ORIENTED_EDGE('',*,*,#1598,.F.);
#2097=ORIENTED_EDGE('',*,*,#1469,.F.);
#2098=ORIENTED_EDGE('',*,*,#1590,.F.);
#2099=ORIENTED_EDGE('',*,*,#1593,.F.);
#2100=ORIENTED_EDGE('',*,*,#1599,.T.);
#2101=ORIENTED_EDGE('',*,*,#1600,.T.);
#2102=ORIENTED_EDGE('',*,*,#1599,.F.);
#2103=ORIENTED_EDGE('',*,*,#1592,.F.);
#2104=ORIENTED_EDGE('',*,*,#1598,.T.);
#2105=ORIENTED_EDGE('',*,*,#1601,.T.);
#2106=ORIENTED_EDGE('',*,*,#1602,.T.);
#2107=ORIENTED_EDGE('',*,*,#1603,.T.);
#2108=ORIENTED_EDGE('',*,*,#1601,.F.);
#2109=ORIENTED_EDGE('',*,*,#1603,.F.);
#2110=ORIENTED_EDGE('',*,*,#1604,.T.);
#2111=ORIENTED_EDGE('',*,*,#1605,.T.);
#2112=ORIENTED_EDGE('',*,*,#1604,.F.);
#2113=ORIENTED_EDGE('',*,*,#1602,.F.);
#2114=ORIENTED_EDGE('',*,*,#1597,.T.);
#2115=ORIENTED_EDGE('',*,*,#1606,.T.);
#2116=ORIENTED_EDGE('',*,*,#1607,.T.);
#2117=ORIENTED_EDGE('',*,*,#1608,.T.);
#2118=ORIENTED_EDGE('',*,*,#1606,.F.);
#2119=ORIENTED_EDGE('',*,*,#1608,.F.);
#2120=ORIENTED_EDGE('',*,*,#1609,.T.);
#2121=ORIENTED_EDGE('',*,*,#1610,.T.);
#2122=ORIENTED_EDGE('',*,*,#1609,.F.);
#2123=ORIENTED_EDGE('',*,*,#1607,.F.);
#2124=ORIENTED_EDGE('',*,*,#1596,.T.);
#2125=ORIENTED_EDGE('',*,*,#1611,.T.);
#2126=ORIENTED_EDGE('',*,*,#1612,.T.);
#2127=ORIENTED_EDGE('',*,*,#1613,.T.);
#2128=ORIENTED_EDGE('',*,*,#1611,.F.);
#2129=ORIENTED_EDGE('',*,*,#1613,.F.);
#2130=ORIENTED_EDGE('',*,*,#1614,.T.);
#2131=ORIENTED_EDGE('',*,*,#1615,.T.);
#2132=ORIENTED_EDGE('',*,*,#1614,.F.);
#2133=ORIENTED_EDGE('',*,*,#1612,.F.);
#2134=ORIENTED_EDGE('',*,*,#1616,.T.);
#2135=ORIENTED_EDGE('',*,*,#1541,.T.);
#2136=ORIENTED_EDGE('',*,*,#1543,.T.);
#2137=ORIENTED_EDGE('',*,*,#1540,.T.);
#2138=ORIENTED_EDGE('',*,*,#1617,.T.);
#2139=ORIENTED_EDGE('',*,*,#1618,.T.);
#2140=ORIENTED_EDGE('',*,*,#1616,.F.);
#2141=ORIENTED_EDGE('',*,*,#1619,.F.);
#2142=ORIENTED_EDGE('',*,*,#1620,.F.);
#2143=ORIENTED_EDGE('',*,*,#1621,.F.);
#2144=ORIENTED_EDGE('',*,*,#1622,.F.);
#2145=ORIENTED_EDGE('',*,*,#1623,.F.);
#2146=ORIENTED_EDGE('',*,*,#1624,.F.);
#2147=ORIENTED_EDGE('',*,*,#1625,.T.);
#2148=ORIENTED_EDGE('',*,*,#1626,.T.);
#2149=ORIENTED_EDGE('',*,*,#1625,.F.);
#2150=ORIENTED_EDGE('',*,*,#1627,.F.);
#2151=ORIENTED_EDGE('',*,*,#1628,.T.);
#2152=ORIENTED_EDGE('',*,*,#1629,.F.);
#2153=ORIENTED_EDGE('',*,*,#1630,.T.);
#2154=ORIENTED_EDGE('',*,*,#1631,.F.);
#2155=ORIENTED_EDGE('',*,*,#1632,.T.);
#2156=ORIENTED_EDGE('',*,*,#1617,.F.);
#2157=ORIENTED_EDGE('',*,*,#1539,.F.);
#2158=ORIENTED_EDGE('',*,*,#1542,.F.);
#2159=ORIENTED_EDGE('',*,*,#1618,.F.);
#2160=ORIENTED_EDGE('',*,*,#1632,.F.);
#2161=ORIENTED_EDGE('',*,*,#1633,.T.);
#2162=ORIENTED_EDGE('',*,*,#1619,.T.);
#2163=ORIENTED_EDGE('',*,*,#1634,.T.);
#2164=ORIENTED_EDGE('',*,*,#1553,.T.);
#2165=ORIENTED_EDGE('',*,*,#1544,.T.);
#2166=ORIENTED_EDGE('',*,*,#1552,.T.);
#2167=ORIENTED_EDGE('',*,*,#1635,.T.);
#2168=ORIENTED_EDGE('',*,*,#1636,.T.);
#2169=ORIENTED_EDGE('',*,*,#1634,.F.);
#2170=ORIENTED_EDGE('',*,*,#1637,.F.);
#2171=ORIENTED_EDGE('',*,*,#1638,.F.);
#2172=ORIENTED_EDGE('',*,*,#1639,.F.);
#2173=ORIENTED_EDGE('',*,*,#1640,.F.);
#2174=ORIENTED_EDGE('',*,*,#1641,.F.);
#2175=ORIENTED_EDGE('',*,*,#1642,.F.);
#2176=ORIENTED_EDGE('',*,*,#1643,.T.);
#2177=ORIENTED_EDGE('',*,*,#1644,.T.);
#2178=ORIENTED_EDGE('',*,*,#1643,.F.);
#2179=ORIENTED_EDGE('',*,*,#1645,.F.);
#2180=ORIENTED_EDGE('',*,*,#1646,.T.);
#2181=ORIENTED_EDGE('',*,*,#1647,.F.);
#2182=ORIENTED_EDGE('',*,*,#1648,.T.);
#2183=ORIENTED_EDGE('',*,*,#1649,.F.);
#2184=ORIENTED_EDGE('',*,*,#1650,.T.);
#2185=ORIENTED_EDGE('',*,*,#1635,.F.);
#2186=ORIENTED_EDGE('',*,*,#1551,.F.);
#2187=ORIENTED_EDGE('',*,*,#1554,.F.);
#2188=ORIENTED_EDGE('',*,*,#1636,.F.);
#2189=ORIENTED_EDGE('',*,*,#1650,.F.);
#2190=ORIENTED_EDGE('',*,*,#1651,.T.);
#2191=ORIENTED_EDGE('',*,*,#1637,.T.);
#2192=ORIENTED_EDGE('',*,*,#1547,.T.);
#2193=ORIENTED_EDGE('',*,*,#1652,.T.);
#2194=ORIENTED_EDGE('',*,*,#1653,.T.);
#2195=ORIENTED_EDGE('',*,*,#1652,.F.);
#2196=ORIENTED_EDGE('',*,*,#1653,.F.);
#2197=ORIENTED_EDGE('',*,*,#1654,.T.);
#2198=ORIENTED_EDGE('',*,*,#1655,.T.);
#2199=ORIENTED_EDGE('',*,*,#1654,.F.);
#2200=ORIENTED_EDGE('',*,*,#1550,.T.);
#2201=ORIENTED_EDGE('',*,*,#1656,.T.);
#2202=ORIENTED_EDGE('',*,*,#1657,.T.);
#2203=ORIENTED_EDGE('',*,*,#1656,.F.);
#2204=ORIENTED_EDGE('',*,*,#1657,.F.);
#2205=ORIENTED_EDGE('',*,*,#1658,.T.);
#2206=ORIENTED_EDGE('',*,*,#1659,.T.);
#2207=ORIENTED_EDGE('',*,*,#1658,.F.);
#2208=ORIENTED_EDGE('',*,*,#1548,.T.);
#2209=ORIENTED_EDGE('',*,*,#1660,.T.);
#2210=ORIENTED_EDGE('',*,*,#1661,.T.);
#2211=ORIENTED_EDGE('',*,*,#1660,.F.);
#2212=ORIENTED_EDGE('',*,*,#1661,.F.);
#2213=ORIENTED_EDGE('',*,*,#1662,.T.);
#2214=ORIENTED_EDGE('',*,*,#1663,.T.);
#2215=ORIENTED_EDGE('',*,*,#1662,.F.);
#2216=ORIENTED_EDGE('',*,*,#1549,.T.);
#2217=ORIENTED_EDGE('',*,*,#1664,.T.);
#2218=ORIENTED_EDGE('',*,*,#1665,.T.);
#2219=ORIENTED_EDGE('',*,*,#1664,.F.);
#2220=ORIENTED_EDGE('',*,*,#1665,.F.);
#2221=ORIENTED_EDGE('',*,*,#1666,.T.);
#2222=ORIENTED_EDGE('',*,*,#1667,.T.);
#2223=ORIENTED_EDGE('',*,*,#1666,.F.);
#2224=ORIENTED_EDGE('',*,*,#1668,.T.);
#2225=ORIENTED_EDGE('',*,*,#1537,.T.);
#2226=ORIENTED_EDGE('',*,*,#1546,.T.);
#2227=ORIENTED_EDGE('',*,*,#1536,.T.);
#2228=ORIENTED_EDGE('',*,*,#1669,.T.);
#2229=ORIENTED_EDGE('',*,*,#1670,.T.);
#2230=ORIENTED_EDGE('',*,*,#1668,.F.);
#2231=ORIENTED_EDGE('',*,*,#1671,.F.);
#2232=ORIENTED_EDGE('',*,*,#1672,.F.);
#2233=ORIENTED_EDGE('',*,*,#1673,.F.);
#2234=ORIENTED_EDGE('',*,*,#1674,.F.);
#2235=ORIENTED_EDGE('',*,*,#1675,.F.);
#2236=ORIENTED_EDGE('',*,*,#1676,.F.);
#2237=ORIENTED_EDGE('',*,*,#1677,.T.);
#2238=ORIENTED_EDGE('',*,*,#1678,.F.);
#2239=ORIENTED_EDGE('',*,*,#1679,.T.);
#2240=ORIENTED_EDGE('',*,*,#1680,.F.);
#2241=ORIENTED_EDGE('',*,*,#1681,.T.);
#2242=ORIENTED_EDGE('',*,*,#1669,.F.);
#2243=ORIENTED_EDGE('',*,*,#1535,.F.);
#2244=ORIENTED_EDGE('',*,*,#1682,.T.);
#2245=ORIENTED_EDGE('',*,*,#1683,.T.);
#2246=ORIENTED_EDGE('',*,*,#1682,.F.);
#2247=ORIENTED_EDGE('',*,*,#1538,.F.);
#2248=ORIENTED_EDGE('',*,*,#1670,.F.);
#2249=ORIENTED_EDGE('',*,*,#1681,.F.);
#2250=ORIENTED_EDGE('',*,*,#1684,.T.);
#2251=ORIENTED_EDGE('',*,*,#1671,.T.);
#2252=ORIENTED_EDGE('',*,*,#1685,.T.);
#2253=ORIENTED_EDGE('',*,*,#1533,.T.);
#2254=ORIENTED_EDGE('',*,*,#1545,.T.);
#2255=ORIENTED_EDGE('',*,*,#1532,.T.);
#2256=ORIENTED_EDGE('',*,*,#1686,.T.);
#2257=ORIENTED_EDGE('',*,*,#1687,.T.);
#2258=ORIENTED_EDGE('',*,*,#1685,.F.);
#2259=ORIENTED_EDGE('',*,*,#1688,.F.);
#2260=ORIENTED_EDGE('',*,*,#1689,.F.);
#2261=ORIENTED_EDGE('',*,*,#1690,.F.);
#2262=ORIENTED_EDGE('',*,*,#1691,.F.);
#2263=ORIENTED_EDGE('',*,*,#1692,.F.);
#2264=ORIENTED_EDGE('',*,*,#1693,.F.);
#2265=ORIENTED_EDGE('',*,*,#1694,.T.);
#2266=ORIENTED_EDGE('',*,*,#1695,.F.);
#2267=ORIENTED_EDGE('',*,*,#1696,.T.);
#2268=ORIENTED_EDGE('',*,*,#1697,.F.);
#2269=ORIENTED_EDGE('',*,*,#1698,.T.);
#2270=ORIENTED_EDGE('',*,*,#1686,.F.);
#2271=ORIENTED_EDGE('',*,*,#1531,.F.);
#2272=ORIENTED_EDGE('',*,*,#1699,.T.);
#2273=ORIENTED_EDGE('',*,*,#1700,.T.);
#2274=ORIENTED_EDGE('',*,*,#1699,.F.);
#2275=ORIENTED_EDGE('',*,*,#1534,.F.);
#2276=ORIENTED_EDGE('',*,*,#1687,.F.);
#2277=ORIENTED_EDGE('',*,*,#1698,.F.);
#2278=ORIENTED_EDGE('',*,*,#1701,.T.);
#2279=ORIENTED_EDGE('',*,*,#1688,.T.);
#2280=ORIENTED_EDGE('',*,*,#1488,.F.);
#2281=ORIENTED_EDGE('',*,*,#1523,.T.);
#2282=ORIENTED_EDGE('',*,*,#1702,.T.);
#2283=ORIENTED_EDGE('',*,*,#1585,.T.);
#2284=ORIENTED_EDGE('',*,*,#1477,.F.);
#2285=ORIENTED_EDGE('',*,*,#1587,.T.);
#2286=ORIENTED_EDGE('',*,*,#1703,.T.);
#2287=ORIENTED_EDGE('',*,*,#1594,.T.);
#2288=ORIENTED_EDGE('',*,*,#1704,.F.);
#2289=ORIENTED_EDGE('',*,*,#1705,.T.);
#2290=ORIENTED_EDGE('',*,*,#1706,.T.);
#2291=ORIENTED_EDGE('',*,*,#1705,.F.);
#2292=ORIENTED_EDGE('',*,*,#1707,.F.);
#2293=ORIENTED_EDGE('',*,*,#1704,.T.);
#2294=ORIENTED_EDGE('',*,*,#1559,.F.);
#2295=ORIENTED_EDGE('',*,*,#1706,.F.);
#2296=ORIENTED_EDGE('',*,*,#1708,.F.);
#2297=ORIENTED_EDGE('',*,*,#1709,.T.);
#2298=ORIENTED_EDGE('',*,*,#1710,.F.);
#2299=ORIENTED_EDGE('',*,*,#1709,.F.);
#2300=ORIENTED_EDGE('',*,*,#1589,.F.);
#2301=ORIENTED_EDGE('',*,*,#1710,.T.);
#2302=ORIENTED_EDGE('',*,*,#1711,.F.);
#2303=ORIENTED_EDGE('',*,*,#1708,.T.);
#2304=ORIENTED_EDGE('',*,*,#1711,.T.);
#2305=ORIENTED_EDGE('',*,*,#1712,.T.);
#2306=ORIENTED_EDGE('',*,*,#1713,.T.);
#2307=ORIENTED_EDGE('',*,*,#1712,.F.);
#2308=ORIENTED_EDGE('',*,*,#1707,.T.);
#2309=ORIENTED_EDGE('',*,*,#1714,.T.);
#2310=ORIENTED_EDGE('',*,*,#1715,.T.);
#2311=ORIENTED_EDGE('',*,*,#1714,.F.);
#2312=ORIENTED_EDGE('',*,*,#1715,.F.);
#2313=ORIENTED_EDGE('',*,*,#1713,.F.);
#2314=ORIENTED_EDGE('',*,*,#1716,.F.);
#2315=ORIENTED_EDGE('',*,*,#1717,.T.);
#2316=ORIENTED_EDGE('',*,*,#1718,.T.);
#2317=ORIENTED_EDGE('',*,*,#1717,.F.);
#2318=ORIENTED_EDGE('',*,*,#1719,.F.);
#2319=ORIENTED_EDGE('',*,*,#1716,.T.);
#2320=ORIENTED_EDGE('',*,*,#1564,.F.);
#2321=ORIENTED_EDGE('',*,*,#1718,.F.);
#2322=ORIENTED_EDGE('',*,*,#1720,.F.);
#2323=ORIENTED_EDGE('',*,*,#1721,.T.);
#2324=ORIENTED_EDGE('',*,*,#1722,.T.);
#2325=ORIENTED_EDGE('',*,*,#1721,.F.);
#2326=ORIENTED_EDGE('',*,*,#1723,.F.);
#2327=ORIENTED_EDGE('',*,*,#1720,.T.);
#2328=ORIENTED_EDGE('',*,*,#1579,.F.);
#2329=ORIENTED_EDGE('',*,*,#1722,.F.);
#2330=ORIENTED_EDGE('',*,*,#1724,.F.);
#2331=ORIENTED_EDGE('',*,*,#1725,.T.);
#2332=ORIENTED_EDGE('',*,*,#1726,.T.);
#2333=ORIENTED_EDGE('',*,*,#1725,.F.);
#2334=ORIENTED_EDGE('',*,*,#1727,.F.);
#2335=ORIENTED_EDGE('',*,*,#1724,.T.);
#2336=ORIENTED_EDGE('',*,*,#1569,.F.);
#2337=ORIENTED_EDGE('',*,*,#1726,.F.);
#2338=ORIENTED_EDGE('',*,*,#1728,.F.);
#2339=ORIENTED_EDGE('',*,*,#1729,.T.);
#2340=ORIENTED_EDGE('',*,*,#1730,.T.);
#2341=ORIENTED_EDGE('',*,*,#1729,.F.);
#2342=ORIENTED_EDGE('',*,*,#1731,.F.);
#2343=ORIENTED_EDGE('',*,*,#1728,.T.);
#2344=ORIENTED_EDGE('',*,*,#1574,.F.);
#2345=ORIENTED_EDGE('',*,*,#1730,.F.);
#2346=ORIENTED_EDGE('',*,*,#1732,.F.);
#2347=ORIENTED_EDGE('',*,*,#1733,.T.);
#2348=ORIENTED_EDGE('',*,*,#1734,.F.);
#2349=ORIENTED_EDGE('',*,*,#1733,.F.);
#2350=ORIENTED_EDGE('',*,*,#1615,.F.);
#2351=ORIENTED_EDGE('',*,*,#1734,.T.);
#2352=ORIENTED_EDGE('',*,*,#1735,.F.);
#2353=ORIENTED_EDGE('',*,*,#1732,.T.);
#2354=ORIENTED_EDGE('',*,*,#1735,.T.);
#2355=ORIENTED_EDGE('',*,*,#1736,.T.);
#2356=ORIENTED_EDGE('',*,*,#1737,.T.);
#2357=ORIENTED_EDGE('',*,*,#1736,.F.);
#2358=ORIENTED_EDGE('',*,*,#1738,.F.);
#2359=ORIENTED_EDGE('',*,*,#1739,.T.);
#2360=ORIENTED_EDGE('',*,*,#1740,.F.);
#2361=ORIENTED_EDGE('',*,*,#1739,.F.);
#2362=ORIENTED_EDGE('',*,*,#1600,.F.);
#2363=ORIENTED_EDGE('',*,*,#1740,.T.);
#2364=ORIENTED_EDGE('',*,*,#1741,.F.);
#2365=ORIENTED_EDGE('',*,*,#1738,.T.);
#2366=ORIENTED_EDGE('',*,*,#1741,.T.);
#2367=ORIENTED_EDGE('',*,*,#1742,.T.);
#2368=ORIENTED_EDGE('',*,*,#1743,.T.);
#2369=ORIENTED_EDGE('',*,*,#1742,.F.);
#2370=ORIENTED_EDGE('',*,*,#1744,.F.);
#2371=ORIENTED_EDGE('',*,*,#1745,.T.);
#2372=ORIENTED_EDGE('',*,*,#1746,.F.);
#2373=ORIENTED_EDGE('',*,*,#1745,.F.);
#2374=ORIENTED_EDGE('',*,*,#1610,.F.);
#2375=ORIENTED_EDGE('',*,*,#1746,.T.);
#2376=ORIENTED_EDGE('',*,*,#1747,.F.);
#2377=ORIENTED_EDGE('',*,*,#1744,.T.);
#2378=ORIENTED_EDGE('',*,*,#1747,.T.);
#2379=ORIENTED_EDGE('',*,*,#1748,.T.);
#2380=ORIENTED_EDGE('',*,*,#1749,.T.);
#2381=ORIENTED_EDGE('',*,*,#1748,.F.);
#2382=ORIENTED_EDGE('',*,*,#1750,.F.);
#2383=ORIENTED_EDGE('',*,*,#1751,.T.);
#2384=ORIENTED_EDGE('',*,*,#1752,.F.);
#2385=ORIENTED_EDGE('',*,*,#1751,.F.);
#2386=ORIENTED_EDGE('',*,*,#1605,.F.);
#2387=ORIENTED_EDGE('',*,*,#1752,.T.);
#2388=ORIENTED_EDGE('',*,*,#1753,.F.);
#2389=ORIENTED_EDGE('',*,*,#1750,.T.);
#2390=ORIENTED_EDGE('',*,*,#1753,.T.);
#2391=ORIENTED_EDGE('',*,*,#1754,.T.);
#2392=ORIENTED_EDGE('',*,*,#1755,.T.);
#2393=ORIENTED_EDGE('',*,*,#1754,.F.);
#2394=ORIENTED_EDGE('',*,*,#1731,.T.);
#2395=ORIENTED_EDGE('',*,*,#1756,.T.);
#2396=ORIENTED_EDGE('',*,*,#1757,.T.);
#2397=ORIENTED_EDGE('',*,*,#1756,.F.);
#2398=ORIENTED_EDGE('',*,*,#1757,.F.);
#2399=ORIENTED_EDGE('',*,*,#1727,.T.);
#2400=ORIENTED_EDGE('',*,*,#1758,.T.);
#2401=ORIENTED_EDGE('',*,*,#1759,.T.);
#2402=ORIENTED_EDGE('',*,*,#1758,.F.);
#2403=ORIENTED_EDGE('',*,*,#1759,.F.);
#2404=ORIENTED_EDGE('',*,*,#1723,.T.);
#2405=ORIENTED_EDGE('',*,*,#1760,.T.);
#2406=ORIENTED_EDGE('',*,*,#1761,.T.);
#2407=ORIENTED_EDGE('',*,*,#1760,.F.);
#2408=ORIENTED_EDGE('',*,*,#1761,.F.);
#2409=ORIENTED_EDGE('',*,*,#1719,.T.);
#2410=ORIENTED_EDGE('',*,*,#1762,.T.);
#2411=ORIENTED_EDGE('',*,*,#1763,.T.);
#2412=ORIENTED_EDGE('',*,*,#1762,.F.);
#2413=ORIENTED_EDGE('',*,*,#1763,.F.);
#2414=ORIENTED_EDGE('',*,*,#1755,.F.);
#2415=ORIENTED_EDGE('',*,*,#1749,.F.);
#2416=ORIENTED_EDGE('',*,*,#1743,.F.);
#2417=ORIENTED_EDGE('',*,*,#1737,.F.);
#2418=ORIENTED_EDGE('',*,*,#1764,.F.);
#2419=ORIENTED_EDGE('',*,*,#1690,.T.);
#2420=ORIENTED_EDGE('',*,*,#1765,.F.);
#2421=ORIENTED_EDGE('',*,*,#1696,.F.);
#2422=ORIENTED_EDGE('',*,*,#1701,.F.);
#2423=ORIENTED_EDGE('',*,*,#1697,.T.);
#2424=ORIENTED_EDGE('',*,*,#1765,.T.);
#2425=ORIENTED_EDGE('',*,*,#1689,.T.);
#2426=ORIENTED_EDGE('',*,*,#1766,.F.);
#2427=ORIENTED_EDGE('',*,*,#1691,.T.);
#2428=ORIENTED_EDGE('',*,*,#1764,.T.);
#2429=ORIENTED_EDGE('',*,*,#1695,.T.);
#2430=ORIENTED_EDGE('',*,*,#1766,.T.);
#2431=ORIENTED_EDGE('',*,*,#1694,.F.);
#2432=ORIENTED_EDGE('',*,*,#1767,.F.);
#2433=ORIENTED_EDGE('',*,*,#1692,.T.);
#2434=ORIENTED_EDGE('',*,*,#1768,.F.);
#2435=ORIENTED_EDGE('',*,*,#1769,.T.);
#2436=ORIENTED_EDGE('',*,*,#1770,.T.);
#2437=ORIENTED_EDGE('',*,*,#1769,.F.);
#2438=ORIENTED_EDGE('',*,*,#1659,.F.);
#2439=ORIENTED_EDGE('',*,*,#1768,.T.);
#2440=ORIENTED_EDGE('',*,*,#1771,.F.);
#2441=ORIENTED_EDGE('',*,*,#1770,.F.);
#2442=ORIENTED_EDGE('',*,*,#1771,.T.);
#2443=ORIENTED_EDGE('',*,*,#1772,.T.);
#2444=ORIENTED_EDGE('',*,*,#1773,.F.);
#2445=ORIENTED_EDGE('',*,*,#1772,.F.);
#2446=ORIENTED_EDGE('',*,*,#1774,.F.);
#2447=ORIENTED_EDGE('',*,*,#1621,.T.);
#2448=ORIENTED_EDGE('',*,*,#1775,.F.);
#2449=ORIENTED_EDGE('',*,*,#1630,.F.);
#2450=ORIENTED_EDGE('',*,*,#1620,.T.);
#2451=ORIENTED_EDGE('',*,*,#1633,.F.);
#2452=ORIENTED_EDGE('',*,*,#1631,.T.);
#2453=ORIENTED_EDGE('',*,*,#1775,.T.);
#2454=ORIENTED_EDGE('',*,*,#1622,.T.);
#2455=ORIENTED_EDGE('',*,*,#1774,.T.);
#2456=ORIENTED_EDGE('',*,*,#1629,.T.);
#2457=ORIENTED_EDGE('',*,*,#1776,.F.);
#2458=ORIENTED_EDGE('',*,*,#1777,.F.);
#2459=ORIENTED_EDGE('',*,*,#1778,.T.);
#2460=ORIENTED_EDGE('',*,*,#1779,.T.);
#2461=ORIENTED_EDGE('',*,*,#1778,.F.);
#2462=ORIENTED_EDGE('',*,*,#1663,.F.);
#2463=ORIENTED_EDGE('',*,*,#1777,.T.);
#2464=ORIENTED_EDGE('',*,*,#1780,.F.);
#2465=ORIENTED_EDGE('',*,*,#1779,.F.);
#2466=ORIENTED_EDGE('',*,*,#1780,.T.);
#2467=ORIENTED_EDGE('',*,*,#1781,.T.);
#2468=ORIENTED_EDGE('',*,*,#1782,.F.);
#2469=ORIENTED_EDGE('',*,*,#1781,.F.);
#2470=ORIENTED_EDGE('',*,*,#1783,.F.);
#2471=ORIENTED_EDGE('',*,*,#1673,.T.);
#2472=ORIENTED_EDGE('',*,*,#1784,.F.);
#2473=ORIENTED_EDGE('',*,*,#1679,.F.);
#2474=ORIENTED_EDGE('',*,*,#1684,.F.);
#2475=ORIENTED_EDGE('',*,*,#1680,.T.);
#2476=ORIENTED_EDGE('',*,*,#1784,.T.);
#2477=ORIENTED_EDGE('',*,*,#1672,.T.);
#2478=ORIENTED_EDGE('',*,*,#1785,.F.);
#2479=ORIENTED_EDGE('',*,*,#1674,.T.);
#2480=ORIENTED_EDGE('',*,*,#1783,.T.);
#2481=ORIENTED_EDGE('',*,*,#1678,.T.);
#2482=ORIENTED_EDGE('',*,*,#1785,.T.);
#2483=ORIENTED_EDGE('',*,*,#1677,.F.);
#2484=ORIENTED_EDGE('',*,*,#1786,.F.);
#2485=ORIENTED_EDGE('',*,*,#1675,.T.);
#2486=ORIENTED_EDGE('',*,*,#1787,.F.);
#2487=ORIENTED_EDGE('',*,*,#1788,.T.);
#2488=ORIENTED_EDGE('',*,*,#1789,.T.);
#2489=ORIENTED_EDGE('',*,*,#1788,.F.);
#2490=ORIENTED_EDGE('',*,*,#1655,.F.);
#2491=ORIENTED_EDGE('',*,*,#1787,.T.);
#2492=ORIENTED_EDGE('',*,*,#1790,.F.);
#2493=ORIENTED_EDGE('',*,*,#1789,.F.);
#2494=ORIENTED_EDGE('',*,*,#1790,.T.);
#2495=ORIENTED_EDGE('',*,*,#1791,.T.);
#2496=ORIENTED_EDGE('',*,*,#1792,.F.);
#2497=ORIENTED_EDGE('',*,*,#1791,.F.);
#2498=ORIENTED_EDGE('',*,*,#1793,.F.);
#2499=ORIENTED_EDGE('',*,*,#1639,.T.);
#2500=ORIENTED_EDGE('',*,*,#1794,.F.);
#2501=ORIENTED_EDGE('',*,*,#1648,.F.);
#2502=ORIENTED_EDGE('',*,*,#1638,.T.);
#2503=ORIENTED_EDGE('',*,*,#1651,.F.);
#2504=ORIENTED_EDGE('',*,*,#1649,.T.);
#2505=ORIENTED_EDGE('',*,*,#1794,.T.);
#2506=ORIENTED_EDGE('',*,*,#1640,.T.);
#2507=ORIENTED_EDGE('',*,*,#1793,.T.);
#2508=ORIENTED_EDGE('',*,*,#1647,.T.);
#2509=ORIENTED_EDGE('',*,*,#1795,.F.);
#2510=ORIENTED_EDGE('',*,*,#1796,.F.);
#2511=ORIENTED_EDGE('',*,*,#1797,.T.);
#2512=ORIENTED_EDGE('',*,*,#1798,.T.);
#2513=ORIENTED_EDGE('',*,*,#1797,.F.);
#2514=ORIENTED_EDGE('',*,*,#1667,.F.);
#2515=ORIENTED_EDGE('',*,*,#1796,.T.);
#2516=ORIENTED_EDGE('',*,*,#1799,.F.);
#2517=ORIENTED_EDGE('',*,*,#1798,.F.);
#2518=ORIENTED_EDGE('',*,*,#1799,.T.);
#2519=ORIENTED_EDGE('',*,*,#1800,.T.);
#2520=ORIENTED_EDGE('',*,*,#1801,.F.);
#2521=ORIENTED_EDGE('',*,*,#1800,.F.);
#2522=ORIENTED_EDGE('',*,*,#1644,.F.);
#2523=ORIENTED_EDGE('',*,*,#1802,.F.);
#2524=ORIENTED_EDGE('',*,*,#1683,.F.);
#2525=ORIENTED_EDGE('',*,*,#1803,.F.);
#2526=ORIENTED_EDGE('',*,*,#1626,.F.);
#2527=ORIENTED_EDGE('',*,*,#1804,.F.);
#2528=ORIENTED_EDGE('',*,*,#1700,.F.);
#2529=ORIENTED_EDGE('',*,*,#1805,.F.);
#2530=ORIENTED_EDGE('',*,*,#1645,.T.);
#2531=ORIENTED_EDGE('',*,*,#1642,.T.);
#2532=ORIENTED_EDGE('',*,*,#1806,.T.);
#2533=ORIENTED_EDGE('',*,*,#1627,.T.);
#2534=ORIENTED_EDGE('',*,*,#1624,.T.);
#2535=ORIENTED_EDGE('',*,*,#1807,.T.);
#2536=ORIENTED_EDGE('',*,*,#1808,.T.);
#2537=ORIENTED_EDGE('',*,*,#1809,.T.);
#2538=ORIENTED_EDGE('',*,*,#1810,.T.);
#2539=ORIENTED_EDGE('',*,*,#1520,.F.);
#2540=ORIENTED_EDGE('',*,*,#1776,.T.);
#2541=ORIENTED_EDGE('',*,*,#1628,.F.);
#2542=ORIENTED_EDGE('',*,*,#1807,.F.);
#2543=ORIENTED_EDGE('',*,*,#1623,.T.);
#2544=ORIENTED_EDGE('',*,*,#1795,.T.);
#2545=ORIENTED_EDGE('',*,*,#1646,.F.);
#2546=ORIENTED_EDGE('',*,*,#1806,.F.);
#2547=ORIENTED_EDGE('',*,*,#1641,.T.);
#2548=ORIENTED_EDGE('',*,*,#1676,.T.);
#2549=ORIENTED_EDGE('',*,*,#1786,.T.);
#2550=ORIENTED_EDGE('',*,*,#1811,.F.);
#2551=ORIENTED_EDGE('',*,*,#1812,.T.);
#2552=ORIENTED_EDGE('',*,*,#1809,.F.);
#2553=ORIENTED_EDGE('',*,*,#1813,.F.);
#2554=ORIENTED_EDGE('',*,*,#1693,.T.);
#2555=ORIENTED_EDGE('',*,*,#1767,.T.);
#2556=ORIENTED_EDGE('',*,*,#1814,.F.);
#2557=ORIENTED_EDGE('',*,*,#1815,.T.);
#2558=ORIENTED_EDGE('',*,*,#1811,.T.);
#2559=ORIENTED_EDGE('',*,*,#1816,.T.);
#2560=ORIENTED_EDGE('',*,*,#1817,.F.);
#2561=ORIENTED_EDGE('',*,*,#1818,.F.);
#2562=ORIENTED_EDGE('',*,*,#1819,.T.);
#2563=ORIENTED_EDGE('',*,*,#1820,.F.);
#2564=ORIENTED_EDGE('',*,*,#1821,.F.);
#2565=ORIENTED_EDGE('',*,*,#1822,.F.);
#2566=ORIENTED_EDGE('',*,*,#1823,.T.);
#2567=ORIENTED_EDGE('',*,*,#1824,.F.);
#2568=ORIENTED_EDGE('',*,*,#1825,.F.);
#2569=ORIENTED_EDGE('',*,*,#1826,.F.);
#2570=ORIENTED_EDGE('',*,*,#1827,.T.);
#2571=ORIENTED_EDGE('',*,*,#1828,.F.);
#2572=ORIENTED_EDGE('',*,*,#1829,.F.);
#2573=ORIENTED_EDGE('',*,*,#1830,.F.);
#2574=ORIENTED_EDGE('',*,*,#1831,.T.);
#2575=ORIENTED_EDGE('',*,*,#1832,.F.);
#2576=ORIENTED_EDGE('',*,*,#1801,.T.);
#2577=ORIENTED_EDGE('',*,*,#1792,.T.);
#2578=ORIENTED_EDGE('',*,*,#1782,.T.);
#2579=ORIENTED_EDGE('',*,*,#1773,.T.);
#2580=ORIENTED_EDGE('',*,*,#1833,.F.);
#2581=ORIENTED_EDGE('',*,*,#1834,.T.);
#2582=ORIENTED_EDGE('',*,*,#1804,.T.);
#2583=ORIENTED_EDGE('',*,*,#1834,.F.);
#2584=ORIENTED_EDGE('',*,*,#1835,.F.);
#2585=ORIENTED_EDGE('',*,*,#1836,.T.);
#2586=ORIENTED_EDGE('',*,*,#1805,.T.);
#2587=ORIENTED_EDGE('',*,*,#1836,.F.);
#2588=ORIENTED_EDGE('',*,*,#1837,.F.);
#2589=ORIENTED_EDGE('',*,*,#1838,.T.);
#2590=ORIENTED_EDGE('',*,*,#1803,.T.);
#2591=ORIENTED_EDGE('',*,*,#1838,.F.);
#2592=ORIENTED_EDGE('',*,*,#1839,.F.);
#2593=ORIENTED_EDGE('',*,*,#1840,.T.);
#2594=ORIENTED_EDGE('',*,*,#1802,.T.);
#2595=ORIENTED_EDGE('',*,*,#1840,.F.);
#2596=ORIENTED_EDGE('',*,*,#1519,.F.);
#2597=ORIENTED_EDGE('',*,*,#1841,.F.);
#2598=ORIENTED_EDGE('',*,*,#1842,.F.);
#2599=ORIENTED_EDGE('',*,*,#1816,.F.);
#2600=ORIENTED_EDGE('',*,*,#1813,.T.);
#2601=ORIENTED_EDGE('',*,*,#1808,.F.);
#2602=ORIENTED_EDGE('',*,*,#1817,.T.);
#2603=ORIENTED_EDGE('',*,*,#1842,.T.);
#2604=ORIENTED_EDGE('',*,*,#1843,.F.);
#2605=ORIENTED_EDGE('',*,*,#1844,.F.);
#2606=ORIENTED_EDGE('',*,*,#1818,.T.);
#2607=ORIENTED_EDGE('',*,*,#1844,.T.);
#2608=ORIENTED_EDGE('',*,*,#1845,.F.);
#2609=ORIENTED_EDGE('',*,*,#1846,.F.);
#2610=ORIENTED_EDGE('',*,*,#1819,.F.);
#2611=ORIENTED_EDGE('',*,*,#1846,.T.);
#2612=ORIENTED_EDGE('',*,*,#1847,.F.);
#2613=ORIENTED_EDGE('',*,*,#1848,.F.);
#2614=ORIENTED_EDGE('',*,*,#1820,.T.);
#2615=ORIENTED_EDGE('',*,*,#1848,.T.);
#2616=ORIENTED_EDGE('',*,*,#1849,.F.);
#2617=ORIENTED_EDGE('',*,*,#1850,.F.);
#2618=ORIENTED_EDGE('',*,*,#1821,.T.);
#2619=ORIENTED_EDGE('',*,*,#1850,.T.);
#2620=ORIENTED_EDGE('',*,*,#1851,.F.);
#2621=ORIENTED_EDGE('',*,*,#1852,.F.);
#2622=ORIENTED_EDGE('',*,*,#1822,.T.);
#2623=ORIENTED_EDGE('',*,*,#1852,.T.);
#2624=ORIENTED_EDGE('',*,*,#1853,.F.);
#2625=ORIENTED_EDGE('',*,*,#1854,.F.);
#2626=ORIENTED_EDGE('',*,*,#1823,.F.);
#2627=ORIENTED_EDGE('',*,*,#1854,.T.);
#2628=ORIENTED_EDGE('',*,*,#1855,.F.);
#2629=ORIENTED_EDGE('',*,*,#1856,.F.);
#2630=ORIENTED_EDGE('',*,*,#1824,.T.);
#2631=ORIENTED_EDGE('',*,*,#1856,.T.);
#2632=ORIENTED_EDGE('',*,*,#1857,.F.);
#2633=ORIENTED_EDGE('',*,*,#1858,.F.);
#2634=ORIENTED_EDGE('',*,*,#1825,.T.);
#2635=ORIENTED_EDGE('',*,*,#1858,.T.);
#2636=ORIENTED_EDGE('',*,*,#1859,.F.);
#2637=ORIENTED_EDGE('',*,*,#1860,.F.);
#2638=ORIENTED_EDGE('',*,*,#1826,.T.);
#2639=ORIENTED_EDGE('',*,*,#1860,.T.);
#2640=ORIENTED_EDGE('',*,*,#1861,.F.);
#2641=ORIENTED_EDGE('',*,*,#1862,.F.);
#2642=ORIENTED_EDGE('',*,*,#1827,.F.);
#2643=ORIENTED_EDGE('',*,*,#1862,.T.);
#2644=ORIENTED_EDGE('',*,*,#1863,.F.);
#2645=ORIENTED_EDGE('',*,*,#1864,.F.);
#2646=ORIENTED_EDGE('',*,*,#1828,.T.);
#2647=ORIENTED_EDGE('',*,*,#1864,.T.);
#2648=ORIENTED_EDGE('',*,*,#1865,.F.);
#2649=ORIENTED_EDGE('',*,*,#1866,.F.);
#2650=ORIENTED_EDGE('',*,*,#1829,.T.);
#2651=ORIENTED_EDGE('',*,*,#1866,.T.);
#2652=ORIENTED_EDGE('',*,*,#1867,.F.);
#2653=ORIENTED_EDGE('',*,*,#1868,.F.);
#2654=ORIENTED_EDGE('',*,*,#1830,.T.);
#2655=ORIENTED_EDGE('',*,*,#1868,.T.);
#2656=ORIENTED_EDGE('',*,*,#1869,.F.);
#2657=ORIENTED_EDGE('',*,*,#1870,.F.);
#2658=ORIENTED_EDGE('',*,*,#1831,.F.);
#2659=ORIENTED_EDGE('',*,*,#1870,.T.);
#2660=ORIENTED_EDGE('',*,*,#1871,.F.);
#2661=ORIENTED_EDGE('',*,*,#1872,.F.);
#2662=ORIENTED_EDGE('',*,*,#1832,.T.);
#2663=ORIENTED_EDGE('',*,*,#1872,.T.);
#2664=ORIENTED_EDGE('',*,*,#1873,.F.);
#2665=ORIENTED_EDGE('',*,*,#1874,.F.);
#2666=ORIENTED_EDGE('',*,*,#1814,.T.);
#2667=ORIENTED_EDGE('',*,*,#1874,.T.);
#2668=ORIENTED_EDGE('',*,*,#1875,.F.);
#2669=ORIENTED_EDGE('',*,*,#1876,.F.);
#2670=ORIENTED_EDGE('',*,*,#1876,.T.);
#2671=ORIENTED_EDGE('',*,*,#1877,.F.);
#2672=ORIENTED_EDGE('',*,*,#1521,.F.);
#2673=ORIENTED_EDGE('',*,*,#1810,.F.);
#2674=ORIENTED_EDGE('',*,*,#1812,.F.);
#2675=ORIENTED_EDGE('',*,*,#1815,.F.);
#2676=ORIENTED_EDGE('',*,*,#1525,.F.);
#2677=ORIENTED_EDGE('',*,*,#1528,.T.);
#2678=ORIENTED_EDGE('',*,*,#1530,.F.);
#2679=ORIENTED_EDGE('',*,*,#1595,.T.);
#2680=ORIENTED_EDGE('',*,*,#1703,.F.);
#2681=ORIENTED_EDGE('',*,*,#1586,.T.);
#2682=ORIENTED_EDGE('',*,*,#1702,.F.);
#2683=ORIENTED_EDGE('',*,*,#1522,.T.);
#2684=ORIENTED_EDGE('',*,*,#1877,.T.);
#2685=ORIENTED_EDGE('',*,*,#1875,.T.);
#2686=ORIENTED_EDGE('',*,*,#1873,.T.);
#2687=ORIENTED_EDGE('',*,*,#1871,.T.);
#2688=ORIENTED_EDGE('',*,*,#1869,.T.);
#2689=ORIENTED_EDGE('',*,*,#1867,.T.);
#2690=ORIENTED_EDGE('',*,*,#1865,.T.);
#2691=ORIENTED_EDGE('',*,*,#1863,.T.);
#2692=ORIENTED_EDGE('',*,*,#1861,.T.);
#2693=ORIENTED_EDGE('',*,*,#1859,.T.);
#2694=ORIENTED_EDGE('',*,*,#1857,.T.);
#2695=ORIENTED_EDGE('',*,*,#1855,.T.);
#2696=ORIENTED_EDGE('',*,*,#1853,.T.);
#2697=ORIENTED_EDGE('',*,*,#1851,.T.);
#2698=ORIENTED_EDGE('',*,*,#1849,.T.);
#2699=ORIENTED_EDGE('',*,*,#1847,.T.);
#2700=ORIENTED_EDGE('',*,*,#1845,.T.);
#2701=ORIENTED_EDGE('',*,*,#1843,.T.);
#2702=ORIENTED_EDGE('',*,*,#1841,.T.);
#2703=ORIENTED_EDGE('',*,*,#1518,.T.);
#2704=ORIENTED_EDGE('',*,*,#1839,.T.);
#2705=ORIENTED_EDGE('',*,*,#1837,.T.);
#2706=ORIENTED_EDGE('',*,*,#1835,.T.);
#2707=ORIENTED_EDGE('',*,*,#1833,.T.);
#2708=TOROIDAL_SURFACE('',#2926,1.5,0.5);
#2709=TOROIDAL_SURFACE('',#2933,1.5,0.5);
#2710=TOROIDAL_SURFACE('',#2939,1.5,0.5);
#2711=TOROIDAL_SURFACE('',#2945,1.5,0.5);
#2712=TOROIDAL_SURFACE('',#2998,3.5,0.5);
#2713=TOROIDAL_SURFACE('',#3004,3.5,0.5);
#2714=TOROIDAL_SURFACE('',#3010,3.5,0.5);
#2715=TOROIDAL_SURFACE('',#3016,3.5,0.5);
#2716=TOROIDAL_SURFACE('',#3022,3.5,0.5);
#2717=TOROIDAL_SURFACE('',#3028,3.5,0.5);
#2718=TOROIDAL_SURFACE('',#3037,3.5,0.5);
#2719=TOROIDAL_SURFACE('',#3048,3.5,0.5);
#2720=TOROIDAL_SURFACE('',#3054,3.5,0.5);
#2721=TOROIDAL_SURFACE('',#3060,3.5,0.5);
#2722=TOROIDAL_SURFACE('',#3066,3.5,0.5);
#2723=TOROIDAL_SURFACE('',#3078,3.5,0.5);
#2724=TOROIDAL_SURFACE('',#3090,3.5,0.5);
#2725=TOROIDAL_SURFACE('',#3095,3.5,0.5);
#2726=TOROIDAL_SURFACE('',#3100,3.5,0.5);
#2727=TOROIDAL_SURFACE('',#3105,3.5,0.5);
#2728=TOROIDAL_SURFACE('',#3110,3.5,0.5);
#2729=TOROIDAL_SURFACE('',#3121,3.5,0.5);
#2730=ADVANCED_FACE('',(#543),#2708,.T.);
#2731=ADVANCED_FACE('',(#544),#461,.T.);
#2732=ADVANCED_FACE('',(#545),#2709,.T.);
#2733=ADVANCED_FACE('',(#546),#462,.T.);
#2734=ADVANCED_FACE('',(#547),#2710,.T.);
#2735=ADVANCED_FACE('',(#548),#463,.T.);
#2736=ADVANCED_FACE('',(#549),#2711,.T.);
#2737=ADVANCED_FACE('',(#550),#464,.T.);
#2738=ADVANCED_FACE('',(#551),#67,.T.);
#2739=ADVANCED_FACE('',(#552),#465,.T.);
#2740=ADVANCED_FACE('',(#553),#68,.T.);
#2741=ADVANCED_FACE('',(#554),#466,.T.);
#2742=ADVANCED_FACE('',(#555),#69,.T.);
#2743=ADVANCED_FACE('',(#556),#70,.T.);
#2744=ADVANCED_FACE('',(#557),#71,.T.);
#2745=ADVANCED_FACE('',(#558),#72,.T.);
#2746=ADVANCED_FACE('',(#559),#73,.T.);
#2747=ADVANCED_FACE('',(#560),#74,.T.);
#2748=ADVANCED_FACE('',(#561,#23,#24,#25,#26),#75,.T.);
#2749=ADVANCED_FACE('',(#562),#76,.T.);
#2750=ADVANCED_FACE('',(#563),#77,.T.);
#2751=ADVANCED_FACE('',(#564),#2712,.T.);
#2752=ADVANCED_FACE('',(#565),#467,.F.);
#2753=ADVANCED_FACE('',(#566),#2713,.T.);
#2754=ADVANCED_FACE('',(#567),#468,.F.);
#2755=ADVANCED_FACE('',(#568),#2714,.T.);
#2756=ADVANCED_FACE('',(#569),#469,.F.);
#2757=ADVANCED_FACE('',(#570),#2715,.T.);
#2758=ADVANCED_FACE('',(#571),#470,.F.);
#2759=ADVANCED_FACE('',(#572),#2716,.T.);
#2760=ADVANCED_FACE('',(#573),#471,.F.);
#2761=ADVANCED_FACE('',(#574),#2717,.T.);
#2762=ADVANCED_FACE('',(#575),#78,.T.);
#2763=ADVANCED_FACE('',(#576),#472,.F.);
#2764=ADVANCED_FACE('',(#577),#2718,.T.);
#2765=ADVANCED_FACE('',(#578),#79,.T.);
#2766=ADVANCED_FACE('',(#579),#473,.F.);
#2767=ADVANCED_FACE('',(#580),#2719,.T.);
#2768=ADVANCED_FACE('',(#581),#474,.F.);
#2769=ADVANCED_FACE('',(#582),#2720,.T.);
#2770=ADVANCED_FACE('',(#583),#475,.F.);
#2771=ADVANCED_FACE('',(#584),#2721,.T.);
#2772=ADVANCED_FACE('',(#585),#476,.F.);
#2773=ADVANCED_FACE('',(#586),#2722,.T.);
#2774=ADVANCED_FACE('',(#587),#477,.F.);
#2775=ADVANCED_FACE('',(#588),#478,.F.);
#2776=ADVANCED_FACE('',(#589),#2723,.T.);
#2777=ADVANCED_FACE('',(#590),#479,.F.);
#2778=ADVANCED_FACE('',(#591),#480,.F.);
#2779=ADVANCED_FACE('',(#592),#2724,.T.);
#2780=ADVANCED_FACE('',(#593),#481,.F.);
#2781=ADVANCED_FACE('',(#594),#2725,.T.);
#2782=ADVANCED_FACE('',(#595),#482,.F.);
#2783=ADVANCED_FACE('',(#596),#2726,.T.);
#2784=ADVANCED_FACE('',(#597),#483,.F.);
#2785=ADVANCED_FACE('',(#598),#2727,.T.);
#2786=ADVANCED_FACE('',(#599),#484,.F.);
#2787=ADVANCED_FACE('',(#600),#2728,.T.);
#2788=ADVANCED_FACE('',(#601),#485,.F.);
#2789=ADVANCED_FACE('',(#602),#486,.F.);
#2790=ADVANCED_FACE('',(#603),#2729,.T.);
#2791=ADVANCED_FACE('',(#604),#487,.F.);
#2792=ADVANCED_FACE('',(#605),#488,.F.);
#2793=ADVANCED_FACE('',(#606),#489,.T.);
#2794=ADVANCED_FACE('',(#607),#490,.T.);
#2795=ADVANCED_FACE('',(#608),#491,.F.);
#2796=ADVANCED_FACE('',(#609,#27),#80,.T.);
#2797=ADVANCED_FACE('',(#610,#28),#81,.F.);
#2798=ADVANCED_FACE('',(#611),#492,.F.);
#2799=ADVANCED_FACE('',(#612,#29),#82,.T.);
#2800=ADVANCED_FACE('',(#613,#30),#83,.F.);
#2801=ADVANCED_FACE('',(#614),#493,.F.);
#2802=ADVANCED_FACE('',(#615),#494,.F.);
#2803=ADVANCED_FACE('',(#616),#84,.F.);
#2804=ADVANCED_FACE('',(#617),#85,.T.);
#2805=ADVANCED_FACE('',(#618),#495,.F.);
#2806=ADVANCED_FACE('',(#619,#31),#86,.T.);
#2807=ADVANCED_FACE('',(#620,#32),#87,.F.);
#2808=ADVANCED_FACE('',(#621),#496,.F.);
#2809=ADVANCED_FACE('',(#622,#33),#88,.T.);
#2810=ADVANCED_FACE('',(#623,#34),#89,.F.);
#2811=ADVANCED_FACE('',(#624),#497,.F.);
#2812=ADVANCED_FACE('',(#625,#35),#90,.T.);
#2813=ADVANCED_FACE('',(#626,#36),#91,.F.);
#2814=ADVANCED_FACE('',(#627),#498,.F.);
#2815=ADVANCED_FACE('',(#628,#37),#92,.T.);
#2816=ADVANCED_FACE('',(#629,#38),#93,.F.);
#2817=ADVANCED_FACE('',(#630),#499,.F.);
#2818=ADVANCED_FACE('',(#631,#39),#94,.T.);
#2819=ADVANCED_FACE('',(#632,#40),#95,.F.);
#2820=ADVANCED_FACE('',(#633),#500,.F.);
#2821=ADVANCED_FACE('',(#634),#501,.F.);
#2822=ADVANCED_FACE('',(#635,#41),#96,.T.);
#2823=ADVANCED_FACE('',(#636,#42),#97,.F.);
#2824=ADVANCED_FACE('',(#637),#502,.F.);
#2825=ADVANCED_FACE('',(#638),#503,.F.);
#2826=ADVANCED_FACE('',(#639,#43),#98,.T.);
#2827=ADVANCED_FACE('',(#640,#44),#99,.F.);
#2828=ADVANCED_FACE('',(#641),#504,.F.);
#2829=ADVANCED_FACE('',(#642),#505,.F.);
#2830=ADVANCED_FACE('',(#643,#45),#100,.T.);
#2831=ADVANCED_FACE('',(#644,#46),#101,.F.);
#2832=ADVANCED_FACE('',(#645),#506,.F.);
#2833=ADVANCED_FACE('',(#646),#507,.F.);
#2834=ADVANCED_FACE('',(#647),#102,.F.);
#2835=ADVANCED_FACE('',(#648),#508,.F.);
#2836=ADVANCED_FACE('',(#649),#103,.F.);
#2837=ADVANCED_FACE('',(#650),#509,.F.);
#2838=ADVANCED_FACE('',(#651),#104,.F.);
#2839=ADVANCED_FACE('',(#652),#510,.F.);
#2840=ADVANCED_FACE('',(#653),#105,.F.);
#2841=ADVANCED_FACE('',(#654),#106,.T.);
#2842=ADVANCED_FACE('',(#655),#107,.T.);
#2843=ADVANCED_FACE('',(#656),#108,.T.);
#2844=ADVANCED_FACE('',(#657),#109,.T.);
#2845=ADVANCED_FACE('',(#658),#511,.F.);
#2846=ADVANCED_FACE('',(#659),#110,.T.);
#2847=ADVANCED_FACE('',(#660),#111,.F.);
#2848=ADVANCED_FACE('',(#661),#512,.F.);
#2849=ADVANCED_FACE('',(#662),#513,.F.);
#2850=ADVANCED_FACE('',(#663,#47),#112,.T.);
#2851=ADVANCED_FACE('',(#664,#48),#113,.F.);
#2852=ADVANCED_FACE('',(#665),#514,.F.);
#2853=ADVANCED_FACE('',(#666),#515,.F.);
#2854=ADVANCED_FACE('',(#667),#114,.T.);
#2855=ADVANCED_FACE('',(#668),#115,.F.);
#2856=ADVANCED_FACE('',(#669),#516,.F.);
#2857=ADVANCED_FACE('',(#670,#49),#116,.T.);
#2858=ADVANCED_FACE('',(#671,#50),#117,.F.);
#2859=ADVANCED_FACE('',(#672),#517,.F.);
#2860=ADVANCED_FACE('',(#673),#518,.F.);
#2861=ADVANCED_FACE('',(#674),#118,.T.);
#2862=ADVANCED_FACE('',(#675),#119,.F.);
#2863=ADVANCED_FACE('',(#676),#519,.F.);
#2864=ADVANCED_FACE('',(#677),#520,.F.);
#2865=ADVANCED_FACE('',(#678,#51),#120,.T.);
#2866=ADVANCED_FACE('',(#679,#52),#121,.F.);
#2867=ADVANCED_FACE('',(#680),#521,.F.);
#2868=ADVANCED_FACE('',(#681),#522,.F.);
#2869=ADVANCED_FACE('',(#682),#122,.T.);
#2870=ADVANCED_FACE('',(#683),#123,.F.);
#2871=ADVANCED_FACE('',(#684),#523,.F.);
#2872=ADVANCED_FACE('',(#685,#53),#124,.T.);
#2873=ADVANCED_FACE('',(#686,#54),#125,.F.);
#2874=ADVANCED_FACE('',(#687),#524,.F.);
#2875=ADVANCED_FACE('',(#688,#55),#126,.T.);
#2876=ADVANCED_FACE('',(#689,#56),#127,.T.);
#2877=ADVANCED_FACE('',(#690,#57),#128,.T.);
#2878=ADVANCED_FACE('',(#691,#58),#129,.T.);
#2879=ADVANCED_FACE('',(#692),#130,.T.);
#2880=ADVANCED_FACE('',(#693),#131,.T.);
#2881=ADVANCED_FACE('',(#694),#132,.F.);
#2882=ADVANCED_FACE('',(#695),#525,.F.);
#2883=ADVANCED_FACE('',(#696),#526,.F.);
#2884=ADVANCED_FACE('',(#697),#133,.T.);
#2885=ADVANCED_FACE('',(#698),#134,.T.);
#2886=ADVANCED_FACE('',(#699),#135,.T.);
#2887=ADVANCED_FACE('',(#700,#59,#60,#61,#62),#136,.F.);
#2888=ADVANCED_FACE('',(#701),#527,.F.);
#2889=ADVANCED_FACE('',(#702),#528,.F.);
#2890=ADVANCED_FACE('',(#703),#529,.F.);
#2891=ADVANCED_FACE('',(#704),#530,.F.);
#2892=ADVANCED_FACE('',(#705),#137,.T.);
#2893=ADVANCED_FACE('',(#706),#138,.T.);
#2894=ADVANCED_FACE('',(#707),#531,.F.);
#2895=ADVANCED_FACE('',(#708),#532,.T.);
#2896=ADVANCED_FACE('',(#709),#533,.F.);
#2897=ADVANCED_FACE('',(#710),#139,.T.);
#2898=ADVANCED_FACE('',(#711),#534,.F.);
#2899=ADVANCED_FACE('',(#712),#535,.T.);
#2900=ADVANCED_FACE('',(#713),#536,.F.);
#2901=ADVANCED_FACE('',(#714),#140,.T.);
#2902=ADVANCED_FACE('',(#715),#537,.F.);
#2903=ADVANCED_FACE('',(#716),#538,.T.);
#2904=ADVANCED_FACE('',(#717),#539,.F.);
#2905=ADVANCED_FACE('',(#718),#141,.T.);
#2906=ADVANCED_FACE('',(#719),#540,.F.);
#2907=ADVANCED_FACE('',(#720),#541,.T.);
#2908=ADVANCED_FACE('',(#721),#542,.F.);
#2909=ADVANCED_FACE('',(#722),#142,.T.);
#2910=ADVANCED_FACE('',(#723),#143,.T.);
#2911=ADVANCED_FACE('',(#724,#63,#64,#65,#66),#144,.F.);
#2912=CLOSED_SHELL('',(#2730,#2731,#2732,#2733,#2734,#2735,#2736,#2737,
#2738,#2739,#2740,#2741,#2742,#2743,#2744,#2745,#2746,#2747,#2748,#2749,
#2750,#2751,#2752,#2753,#2754,#2755,#2756,#2757,#2758,#2759,#2760,#2761,
#2762,#2763,#2764,#2765,#2766,#2767,#2768,#2769,#2770,#2771,#2772,#2773,
#2774,#2775,#2776,#2777,#2778,#2779,#2780,#2781,#2782,#2783,#2784,#2785,
#2786,#2787,#2788,#2789,#2790,#2791,#2792,#2793,#2794,#2795,#2796,#2797,
#2798,#2799,#2800,#2801,#2802,#2803,#2804,#2805,#2806,#2807,#2808,#2809,
#2810,#2811,#2812,#2813,#2814,#2815,#2816,#2817,#2818,#2819,#2820,#2821,
#2822,#2823,#2824,#2825,#2826,#2827,#2828,#2829,#2830,#2831,#2832,#2833,
#2834,#2835,#2836,#2837,#2838,#2839,#2840,#2841,#2842,#2843,#2844,#2845,
#2846,#2847,#2848,#2849,#2850,#2851,#2852,#2853,#2854,#2855,#2856,#2857,
#2858,#2859,#2860,#2861,#2862,#2863,#2864,#2865,#2866,#2867,#2868,#2869,
#2870,#2871,#2872,#2873,#2874,#2875,#2876,#2877,#2878,#2879,#2880,#2881,
#2882,#2883,#2884,#2885,#2886,#2887,#2888,#2889,#2890,#2891,#2892,#2893,
#2894,#2895,#2896,#2897,#2898,#2899,#2900,#2901,#2902,#2903,#2904,#2905,
#2906,#2907,#2908,#2909,#2910,#2911));
#2913=DERIVED_UNIT_ELEMENT(#2915,1.);
#2914=DERIVED_UNIT_ELEMENT(#5345,-3.);
#2915=(
MASS_UNIT()
NAMED_UNIT(*)
SI_UNIT(.KILO.,.GRAM.)
);
#2916=DERIVED_UNIT((#2913,#2914));
#2917=MEASURE_REPRESENTATION_ITEM('density measure',
POSITIVE_RATIO_MEASURE(7850.),#2916);
#2918=PROPERTY_DEFINITION_REPRESENTATION(#2923,#2920);
#2919=PROPERTY_DEFINITION_REPRESENTATION(#2924,#2921);
#2920=REPRESENTATION('material name',(#2922),#5342);
#2921=REPRESENTATION('density',(#2917),#5342);
#2922=DESCRIPTIVE_REPRESENTATION_ITEM('Steel','Steel');
#2923=PROPERTY_DEFINITION('material property','material name',#5352);
#2924=PROPERTY_DEFINITION('material property','density of part',#5352);
#2925=AXIS2_PLACEMENT_3D('',#4379,#3357,#3358);
#2926=AXIS2_PLACEMENT_3D('',#4380,#3359,#3360);
#2927=AXIS2_PLACEMENT_3D('',#4383,#3361,#3362);
#2928=AXIS2_PLACEMENT_3D('',#4385,#3363,#3364);
#2929=AXIS2_PLACEMENT_3D('',#4387,#3365,#3366);
#2930=AXIS2_PLACEMENT_3D('',#4388,#3367,#3368);
#2931=AXIS2_PLACEMENT_3D('',#4389,#3369,#3370);
#2932=AXIS2_PLACEMENT_3D('',#4392,#3371,#3372);
#2933=AXIS2_PLACEMENT_3D('',#4407,#3381,#3382);
#2934=AXIS2_PLACEMENT_3D('',#4410,#3383,#3384);
#2935=AXIS2_PLACEMENT_3D('',#4411,#3385,#3386);
#2936=AXIS2_PLACEMENT_3D('',#4412,#3387,#3388);
#2937=AXIS2_PLACEMENT_3D('',#4413,#3389,#3390);
#2938=AXIS2_PLACEMENT_3D('',#4416,#3391,#3392);
#2939=AXIS2_PLACEMENT_3D('',#4429,#3400,#3401);
#2940=AXIS2_PLACEMENT_3D('',#4432,#3402,#3403);
#2941=AXIS2_PLACEMENT_3D('',#4433,#3404,#3405);
#2942=AXIS2_PLACEMENT_3D('',#4434,#3406,#3407);
#2943=AXIS2_PLACEMENT_3D('',#4435,#3408,#3409);
#2944=AXIS2_PLACEMENT_3D('',#4438,#3410,#3411);
#2945=AXIS2_PLACEMENT_3D('',#4453,#3420,#3421);
#2946=AXIS2_PLACEMENT_3D('',#4456,#3422,#3423);
#2947=AXIS2_PLACEMENT_3D('',#4457,#3424,#3425);
#2948=AXIS2_PLACEMENT_3D('',#4458,#3426,#3427);
#2949=AXIS2_PLACEMENT_3D('',#4459,#3428,#3429);
#2950=AXIS2_PLACEMENT_3D('',#4472,#3437,#3438);
#2951=AXIS2_PLACEMENT_3D('',#4474,#3439,#3440);
#2952=AXIS2_PLACEMENT_3D('',#4475,#3441,#3442);
#2953=AXIS2_PLACEMENT_3D('',#4477,#3443,#3444);
#2954=AXIS2_PLACEMENT_3D('',#4478,#3445,#3446);
#2955=AXIS2_PLACEMENT_3D('',#4480,#3447,#3448);
#2956=AXIS2_PLACEMENT_3D('',#4481,#3449,#3450);
#2957=AXIS2_PLACEMENT_3D('',#4483,#3451,#3452);
#2958=AXIS2_PLACEMENT_3D('',#4484,#3453,#3454);
#2959=AXIS2_PLACEMENT_3D('',#4498,#3462,#3463);
#2960=AXIS2_PLACEMENT_3D('',#4501,#3465,#3466);
#2961=AXIS2_PLACEMENT_3D('',#4502,#3467,#3468);
#2962=AXIS2_PLACEMENT_3D('',#4503,#3469,#3470);
#2963=AXIS2_PLACEMENT_3D('',#4507,#3473,#3474);
#2964=AXIS2_PLACEMENT_3D('',#4510,#3476,#3477);
#2965=AXIS2_PLACEMENT_3D('',#4511,#3478,#3479);
#2966=AXIS2_PLACEMENT_3D('',#4513,#3480,#3481);
#2967=AXIS2_PLACEMENT_3D('',#4514,#3482,#3483);
#2968=AXIS2_PLACEMENT_3D('',#4515,#3484,#3485);
#2969=AXIS2_PLACEMENT_3D('',#4517,#3486,#3487);
#2970=AXIS2_PLACEMENT_3D('',#4518,#3488,#3489);
#2971=AXIS2_PLACEMENT_3D('',#4519,#3490,#3491);
#2972=AXIS2_PLACEMENT_3D('',#4521,#3492,#3493);
#2973=AXIS2_PLACEMENT_3D('',#4522,#3494,#3495);
#2974=AXIS2_PLACEMENT_3D('',#4523,#3496,#3497);
#2975=AXIS2_PLACEMENT_3D('',#4525,#3498,#3499);
#2976=AXIS2_PLACEMENT_3D('',#4526,#3500,#3501);
#2977=AXIS2_PLACEMENT_3D('',#4527,#3502,#3503);
#2978=AXIS2_PLACEMENT_3D('',#4529,#3504,#3505);
#2979=AXIS2_PLACEMENT_3D('',#4530,#3506,#3507);
#2980=AXIS2_PLACEMENT_3D('',#4531,#3508,#3509);
#2981=AXIS2_PLACEMENT_3D('',#4533,#3510,#3511);
#2982=AXIS2_PLACEMENT_3D('',#4534,#3512,#3513);
#2983=AXIS2_PLACEMENT_3D('',#4535,#3514,#3515);
#2984=AXIS2_PLACEMENT_3D('',#4536,#3516,#3517);
#2985=AXIS2_PLACEMENT_3D('',#4537,#3518,#3519);
#2986=AXIS2_PLACEMENT_3D('',#4538,#3520,#3521);
#2987=AXIS2_PLACEMENT_3D('',#4539,#3522,#3523);
#2988=AXIS2_PLACEMENT_3D('',#4541,#3524,#3525);
#2989=AXIS2_PLACEMENT_3D('',#4543,#3526,#3527);
#2990=AXIS2_PLACEMENT_3D('',#4545,#3528,#3529);
#2991=AXIS2_PLACEMENT_3D('',#4547,#3530,#3531);
#2992=AXIS2_PLACEMENT_3D('',#4548,#3532,#3533);
#2993=AXIS2_PLACEMENT_3D('',#4550,#3534,#3535);
#2994=AXIS2_PLACEMENT_3D('',#4551,#3536,#3537);
#2995=AXIS2_PLACEMENT_3D('',#4552,#3538,#3539);
#2996=AXIS2_PLACEMENT_3D('',#4554,#3540,#3541);
#2997=AXIS2_PLACEMENT_3D('',#4555,#3542,#3543);
#2998=AXIS2_PLACEMENT_3D('',#4556,#3544,#3545);
#2999=AXIS2_PLACEMENT_3D('',#4558,#3546,#3547);
#3000=AXIS2_PLACEMENT_3D('',#4560,#3548,#3549);
#3001=AXIS2_PLACEMENT_3D('',#4561,#3550,#3551);
#3002=AXIS2_PLACEMENT_3D('',#4562,#3552,#3553);
#3003=AXIS2_PLACEMENT_3D('',#4565,#3555,#3556);
#3004=AXIS2_PLACEMENT_3D('',#4566,#3557,#3558);
#3005=AXIS2_PLACEMENT_3D('',#4568,#3559,#3560);
#3006=AXIS2_PLACEMENT_3D('',#4570,#3561,#3562);
#3007=AXIS2_PLACEMENT_3D('',#4571,#3563,#3564);
#3008=AXIS2_PLACEMENT_3D('',#4572,#3565,#3566);
#3009=AXIS2_PLACEMENT_3D('',#4575,#3568,#3569);
#3010=AXIS2_PLACEMENT_3D('',#4576,#3570,#3571);
#3011=AXIS2_PLACEMENT_3D('',#4578,#3572,#3573);
#3012=AXIS2_PLACEMENT_3D('',#4580,#3574,#3575);
#3013=AXIS2_PLACEMENT_3D('',#4581,#3576,#3577);
#3014=AXIS2_PLACEMENT_3D('',#4582,#3578,#3579);
#3015=AXIS2_PLACEMENT_3D('',#4585,#3581,#3582);
#3016=AXIS2_PLACEMENT_3D('',#4586,#3583,#3584);
#3017=AXIS2_PLACEMENT_3D('',#4588,#3585,#3586);
#3018=AXIS2_PLACEMENT_3D('',#4590,#3587,#3588);
#3019=AXIS2_PLACEMENT_3D('',#4591,#3589,#3590);
#3020=AXIS2_PLACEMENT_3D('',#4592,#3591,#3592);
#3021=AXIS2_PLACEMENT_3D('',#4595,#3594,#3595);
#3022=AXIS2_PLACEMENT_3D('',#4596,#3596,#3597);
#3023=AXIS2_PLACEMENT_3D('',#4598,#3598,#3599);
#3024=AXIS2_PLACEMENT_3D('',#4600,#3600,#3601);
#3025=AXIS2_PLACEMENT_3D('',#4601,#3602,#3603);
#3026=AXIS2_PLACEMENT_3D('',#4602,#3604,#3605);
#3027=AXIS2_PLACEMENT_3D('',#4605,#3607,#3608);
#3028=AXIS2_PLACEMENT_3D('',#4606,#3609,#3610);
#3029=AXIS2_PLACEMENT_3D('',#4608,#3611,#3612);
#3030=AXIS2_PLACEMENT_3D('',#4610,#3613,#3614);
#3031=AXIS2_PLACEMENT_3D('',#4612,#3615,#3616);
#3032=AXIS2_PLACEMENT_3D('',#4613,#3617,#3618);
#3033=AXIS2_PLACEMENT_3D('',#4614,#3619,#3620);
#3034=AXIS2_PLACEMENT_3D('',#4615,#3621,#3622);
#3035=AXIS2_PLACEMENT_3D('',#4621,#3626,#3627);
#3036=AXIS2_PLACEMENT_3D('',#4624,#3629,#3630);
#3037=AXIS2_PLACEMENT_3D('',#4625,#3631,#3632);
#3038=AXIS2_PLACEMENT_3D('',#4626,#3633,#3634);
#3039=AXIS2_PLACEMENT_3D('',#4628,#3635,#3636);
#3040=AXIS2_PLACEMENT_3D('',#4630,#3637,#3638);
#3041=AXIS2_PLACEMENT_3D('',#4631,#3639,#3640);
#3042=AXIS2_PLACEMENT_3D('',#4632,#3641,#3642);
#3043=AXIS2_PLACEMENT_3D('',#4636,#3645,#3646);
#3044=AXIS2_PLACEMENT_3D('',#4637,#3647,#3648);
#3045=AXIS2_PLACEMENT_3D('',#4638,#3649,#3650);
#3046=AXIS2_PLACEMENT_3D('',#4639,#3651,#3652);
#3047=AXIS2_PLACEMENT_3D('',#4642,#3654,#3655);
#3048=AXIS2_PLACEMENT_3D('',#4643,#3656,#3657);
#3049=AXIS2_PLACEMENT_3D('',#4645,#3658,#3659);
#3050=AXIS2_PLACEMENT_3D('',#4647,#3660,#3661);
#3051=AXIS2_PLACEMENT_3D('',#4648,#3662,#3663);
#3052=AXIS2_PLACEMENT_3D('',#4649,#3664,#3665);
#3053=AXIS2_PLACEMENT_3D('',#4652,#3667,#3668);
#3054=AXIS2_PLACEMENT_3D('',#4653,#3669,#3670);
#3055=AXIS2_PLACEMENT_3D('',#4655,#3671,#3672);
#3056=AXIS2_PLACEMENT_3D('',#4657,#3673,#3674);
#3057=AXIS2_PLACEMENT_3D('',#4658,#3675,#3676);
#3058=AXIS2_PLACEMENT_3D('',#4659,#3677,#3678);
#3059=AXIS2_PLACEMENT_3D('',#4662,#3680,#3681);
#3060=AXIS2_PLACEMENT_3D('',#4663,#3682,#3683);
#3061=AXIS2_PLACEMENT_3D('',#4665,#3684,#3685);
#3062=AXIS2_PLACEMENT_3D('',#4667,#3686,#3687);
#3063=AXIS2_PLACEMENT_3D('',#4668,#3688,#3689);
#3064=AXIS2_PLACEMENT_3D('',#4669,#3690,#3691);
#3065=AXIS2_PLACEMENT_3D('',#4672,#3693,#3694);
#3066=AXIS2_PLACEMENT_3D('',#4673,#3695,#3696);
#3067=AXIS2_PLACEMENT_3D('',#4704,#3697,#3698);
#3068=AXIS2_PLACEMENT_3D('',#4705,#3699,#3700);
#3069=AXIS2_PLACEMENT_3D('',#4709,#3702,#3703);
#3070=AXIS2_PLACEMENT_3D('',#4713,#3705,#3706);
#3071=AXIS2_PLACEMENT_3D('',#4717,#3708,#3709);
#3072=AXIS2_PLACEMENT_3D('',#4720,#3711,#3712);
#3073=AXIS2_PLACEMENT_3D('',#4722,#3713,#3714);
#3074=AXIS2_PLACEMENT_3D('',#4726,#3716,#3717);
#3075=AXIS2_PLACEMENT_3D('',#4730,#3719,#3720);
#3076=AXIS2_PLACEMENT_3D('',#4732,#3722,#3723);
#3077=AXIS2_PLACEMENT_3D('',#4733,#3724,#3725);
#3078=AXIS2_PLACEMENT_3D('',#4734,#3726,#3727);
#3079=AXIS2_PLACEMENT_3D('',#4765,#3728,#3729);
#3080=AXIS2_PLACEMENT_3D('',#4766,#3730,#3731);
#3081=AXIS2_PLACEMENT_3D('',#4770,#3733,#3734);
#3082=AXIS2_PLACEMENT_3D('',#4774,#3736,#3737);
#3083=AXIS2_PLACEMENT_3D('',#4778,#3739,#3740);
#3084=AXIS2_PLACEMENT_3D('',#4781,#3742,#3743);
#3085=AXIS2_PLACEMENT_3D('',#4783,#3744,#3745);
#3086=AXIS2_PLACEMENT_3D('',#4787,#3747,#3748);
#3087=AXIS2_PLACEMENT_3D('',#4791,#3750,#3751);
#3088=AXIS2_PLACEMENT_3D('',#4793,#3753,#3754);
#3089=AXIS2_PLACEMENT_3D('',#4794,#3755,#3756);
#3090=AXIS2_PLACEMENT_3D('',#4795,#3757,#3758);
#3091=AXIS2_PLACEMENT_3D('',#4797,#3759,#3760);
#3092=AXIS2_PLACEMENT_3D('',#4798,#3761,#3762);
#3093=AXIS2_PLACEMENT_3D('',#4799,#3763,#3764);
#3094=AXIS2_PLACEMENT_3D('',#4802,#3766,#3767);
#3095=AXIS2_PLACEMENT_3D('',#4803,#3768,#3769);
#3096=AXIS2_PLACEMENT_3D('',#4805,#3770,#3771);
#3097=AXIS2_PLACEMENT_3D('',#4806,#3772,#3773);
#3098=AXIS2_PLACEMENT_3D('',#4807,#3774,#3775);
#3099=AXIS2_PLACEMENT_3D('',#4810,#3777,#3778);
#3100=AXIS2_PLACEMENT_3D('',#4811,#3779,#3780);
#3101=AXIS2_PLACEMENT_3D('',#4813,#3781,#3782);
#3102=AXIS2_PLACEMENT_3D('',#4814,#3783,#3784);
#3103=AXIS2_PLACEMENT_3D('',#4815,#3785,#3786);
#3104=AXIS2_PLACEMENT_3D('',#4818,#3788,#3789);
#3105=AXIS2_PLACEMENT_3D('',#4819,#3790,#3791);
#3106=AXIS2_PLACEMENT_3D('',#4821,#3792,#3793);
#3107=AXIS2_PLACEMENT_3D('',#4822,#3794,#3795);
#3108=AXIS2_PLACEMENT_3D('',#4823,#3796,#3797);
#3109=AXIS2_PLACEMENT_3D('',#4826,#3799,#3800);
#3110=AXIS2_PLACEMENT_3D('',#4827,#3801,#3802);
#3111=AXIS2_PLACEMENT_3D('',#4856,#3803,#3804);
#3112=AXIS2_PLACEMENT_3D('',#4857,#3805,#3806);
#3113=AXIS2_PLACEMENT_3D('',#4861,#3808,#3809);
#3114=AXIS2_PLACEMENT_3D('',#4865,#3811,#3812);
#3115=AXIS2_PLACEMENT_3D('',#4869,#3814,#3815);
#3116=AXIS2_PLACEMENT_3D('',#4873,#3817,#3818);
#3117=AXIS2_PLACEMENT_3D('',#4877,#3820,#3821);
#3118=AXIS2_PLACEMENT_3D('',#4881,#3824,#3825);
#3119=AXIS2_PLACEMENT_3D('',#4882,#3826,#3827);
#3120=AXIS2_PLACEMENT_3D('',#4883,#3828,#3829);
#3121=AXIS2_PLACEMENT_3D('',#4884,#3830,#3831);
#3122=AXIS2_PLACEMENT_3D('',#4913,#3832,#3833);
#3123=AXIS2_PLACEMENT_3D('',#4914,#3834,#3835);
#3124=AXIS2_PLACEMENT_3D('',#4918,#3837,#3838);
#3125=AXIS2_PLACEMENT_3D('',#4922,#3840,#3841);
#3126=AXIS2_PLACEMENT_3D('',#4926,#3843,#3844);
#3127=AXIS2_PLACEMENT_3D('',#4930,#3846,#3847);
#3128=AXIS2_PLACEMENT_3D('',#4934,#3849,#3850);
#3129=AXIS2_PLACEMENT_3D('',#4938,#3853,#3854);
#3130=AXIS2_PLACEMENT_3D('',#4939,#3855,#3856);
#3131=AXIS2_PLACEMENT_3D('',#4940,#3857,#3858);
#3132=AXIS2_PLACEMENT_3D('',#4941,#3859,#3860);
#3133=AXIS2_PLACEMENT_3D('',#4942,#3861,#3862);
#3134=AXIS2_PLACEMENT_3D('',#4943,#3863,#3864);
#3135=AXIS2_PLACEMENT_3D('',#4944,#3865,#3866);
#3136=AXIS2_PLACEMENT_3D('',#4945,#3867,#3868);
#3137=AXIS2_PLACEMENT_3D('',#4947,#3869,#3870);
#3138=AXIS2_PLACEMENT_3D('',#4950,#3872,#3873);
#3139=AXIS2_PLACEMENT_3D('',#4951,#3874,#3875);
#3140=AXIS2_PLACEMENT_3D('',#4953,#3876,#3877);
#3141=AXIS2_PLACEMENT_3D('',#4954,#3878,#3879);
#3142=AXIS2_PLACEMENT_3D('',#4955,#3880,#3881);
#3143=AXIS2_PLACEMENT_3D('',#4957,#3882,#3883);
#3144=AXIS2_PLACEMENT_3D('',#4960,#3885,#3886);
#3145=AXIS2_PLACEMENT_3D('',#4961,#3887,#3888);
#3146=AXIS2_PLACEMENT_3D('',#4962,#3889,#3890);
#3147=AXIS2_PLACEMENT_3D('',#4964,#3891,#3892);
#3148=AXIS2_PLACEMENT_3D('',#4965,#3893,#3894);
#3149=AXIS2_PLACEMENT_3D('',#4968,#3896,#3897);
#3150=AXIS2_PLACEMENT_3D('',#4969,#3898,#3899);
#3151=AXIS2_PLACEMENT_3D('',#4972,#3901,#3902);
#3152=AXIS2_PLACEMENT_3D('',#4973,#3903,#3904);
#3153=AXIS2_PLACEMENT_3D('',#4974,#3905,#3906);
#3154=AXIS2_PLACEMENT_3D('',#4975,#3907,#3908);
#3155=AXIS2_PLACEMENT_3D('',#4977,#3909,#3910);
#3156=AXIS2_PLACEMENT_3D('',#4980,#3912,#3913);
#3157=AXIS2_PLACEMENT_3D('',#4981,#3914,#3915);
#3158=AXIS2_PLACEMENT_3D('',#4983,#3916,#3917);
#3159=AXIS2_PLACEMENT_3D('',#4984,#3918,#3919);
#3160=AXIS2_PLACEMENT_3D('',#4985,#3920,#3921);
#3161=AXIS2_PLACEMENT_3D('',#4987,#3922,#3923);
#3162=AXIS2_PLACEMENT_3D('',#4990,#3925,#3926);
#3163=AXIS2_PLACEMENT_3D('',#4991,#3927,#3928);
#3164=AXIS2_PLACEMENT_3D('',#4993,#3929,#3930);
#3165=AXIS2_PLACEMENT_3D('',#4994,#3931,#3932);
#3166=AXIS2_PLACEMENT_3D('',#4995,#3933,#3934);
#3167=AXIS2_PLACEMENT_3D('',#4997,#3935,#3936);
#3168=AXIS2_PLACEMENT_3D('',#5000,#3938,#3939);
#3169=AXIS2_PLACEMENT_3D('',#5001,#3940,#3941);
#3170=AXIS2_PLACEMENT_3D('',#5003,#3942,#3943);
#3171=AXIS2_PLACEMENT_3D('',#5004,#3944,#3945);
#3172=AXIS2_PLACEMENT_3D('',#5005,#3946,#3947);
#3173=AXIS2_PLACEMENT_3D('',#5007,#3948,#3949);
#3174=AXIS2_PLACEMENT_3D('',#5010,#3951,#3952);
#3175=AXIS2_PLACEMENT_3D('',#5011,#3953,#3954);
#3176=AXIS2_PLACEMENT_3D('',#5013,#3955,#3956);
#3177=AXIS2_PLACEMENT_3D('',#5014,#3957,#3958);
#3178=AXIS2_PLACEMENT_3D('',#5015,#3959,#3960);
#3179=AXIS2_PLACEMENT_3D('',#5017,#3961,#3962);
#3180=AXIS2_PLACEMENT_3D('',#5020,#3964,#3965);
#3181=AXIS2_PLACEMENT_3D('',#5021,#3966,#3967);
#3182=AXIS2_PLACEMENT_3D('',#5022,#3968,#3969);
#3183=AXIS2_PLACEMENT_3D('',#5024,#3970,#3971);
#3184=AXIS2_PLACEMENT_3D('',#5025,#3972,#3973);
#3185=AXIS2_PLACEMENT_3D('',#5028,#3975,#3976);
#3186=AXIS2_PLACEMENT_3D('',#5029,#3977,#3978);
#3187=AXIS2_PLACEMENT_3D('',#5031,#3979,#3980);
#3188=AXIS2_PLACEMENT_3D('',#5034,#3982,#3983);
#3189=AXIS2_PLACEMENT_3D('',#5035,#3984,#3985);
#3190=AXIS2_PLACEMENT_3D('',#5036,#3986,#3987);
#3191=AXIS2_PLACEMENT_3D('',#5038,#3988,#3989);
#3192=AXIS2_PLACEMENT_3D('',#5039,#3990,#3991);
#3193=AXIS2_PLACEMENT_3D('',#5042,#3993,#3994);
#3194=AXIS2_PLACEMENT_3D('',#5043,#3995,#3996);
#3195=AXIS2_PLACEMENT_3D('',#5045,#3997,#3998);
#3196=AXIS2_PLACEMENT_3D('',#5048,#4000,#4001);
#3197=AXIS2_PLACEMENT_3D('',#5049,#4002,#4003);
#3198=AXIS2_PLACEMENT_3D('',#5050,#4004,#4005);
#3199=AXIS2_PLACEMENT_3D('',#5052,#4006,#4007);
#3200=AXIS2_PLACEMENT_3D('',#5053,#4008,#4009);
#3201=AXIS2_PLACEMENT_3D('',#5056,#4011,#4012);
#3202=AXIS2_PLACEMENT_3D('',#5057,#4013,#4014);
#3203=AXIS2_PLACEMENT_3D('',#5059,#4015,#4016);
#3204=AXIS2_PLACEMENT_3D('',#5062,#4018,#4019);
#3205=AXIS2_PLACEMENT_3D('',#5063,#4020,#4021);
#3206=AXIS2_PLACEMENT_3D('',#5064,#4022,#4023);
#3207=AXIS2_PLACEMENT_3D('',#5066,#4024,#4025);
#3208=AXIS2_PLACEMENT_3D('',#5067,#4026,#4027);
#3209=AXIS2_PLACEMENT_3D('',#5070,#4029,#4030);
#3210=AXIS2_PLACEMENT_3D('',#5071,#4031,#4032);
#3211=AXIS2_PLACEMENT_3D('',#5074,#4034,#4035);
#3212=AXIS2_PLACEMENT_3D('',#5075,#4036,#4037);
#3213=AXIS2_PLACEMENT_3D('',#5076,#4038,#4039);
#3214=AXIS2_PLACEMENT_3D('',#5079,#4041,#4042);
#3215=AXIS2_PLACEMENT_3D('',#5080,#4043,#4044);
#3216=AXIS2_PLACEMENT_3D('',#5081,#4045,#4046);
#3217=AXIS2_PLACEMENT_3D('',#5084,#4048,#4049);
#3218=AXIS2_PLACEMENT_3D('',#5085,#4050,#4051);
#3219=AXIS2_PLACEMENT_3D('',#5086,#4052,#4053);
#3220=AXIS2_PLACEMENT_3D('',#5089,#4055,#4056);
#3221=AXIS2_PLACEMENT_3D('',#5090,#4057,#4058);
#3222=AXIS2_PLACEMENT_3D('',#5091,#4059,#4060);
#3223=AXIS2_PLACEMENT_3D('',#5092,#4061,#4062);
#3224=AXIS2_PLACEMENT_3D('',#5093,#4063,#4064);
#3225=AXIS2_PLACEMENT_3D('',#5094,#4065,#4066);
#3226=AXIS2_PLACEMENT_3D('',#5095,#4067,#4068);
#3227=AXIS2_PLACEMENT_3D('',#5096,#4069,#4070);
#3228=AXIS2_PLACEMENT_3D('',#5097,#4071,#4072);
#3229=AXIS2_PLACEMENT_3D('',#5098,#4073,#4074);
#3230=AXIS2_PLACEMENT_3D('',#5099,#4075,#4076);
#3231=AXIS2_PLACEMENT_3D('',#5100,#4077,#4078);
#3232=AXIS2_PLACEMENT_3D('',#5101,#4079,#4080);
#3233=AXIS2_PLACEMENT_3D('',#5102,#4081,#4082);
#3234=AXIS2_PLACEMENT_3D('',#5103,#4083,#4084);
#3235=AXIS2_PLACEMENT_3D('',#5105,#4085,#4086);
#3236=AXIS2_PLACEMENT_3D('',#5108,#4088,#4089);
#3237=AXIS2_PLACEMENT_3D('',#5109,#4090,#4091);
#3238=AXIS2_PLACEMENT_3D('',#5110,#4092,#4093);
#3239=AXIS2_PLACEMENT_3D('',#5112,#4094,#4095);
#3240=AXIS2_PLACEMENT_3D('',#5113,#4096,#4097);
#3241=AXIS2_PLACEMENT_3D('',#5116,#4099,#4100);
#3242=AXIS2_PLACEMENT_3D('',#5117,#4101,#4102);
#3243=AXIS2_PLACEMENT_3D('',#5118,#4103,#4104);
#3244=AXIS2_PLACEMENT_3D('',#5119,#4105,#4106);
#3245=AXIS2_PLACEMENT_3D('',#5120,#4107,#4108);
#3246=AXIS2_PLACEMENT_3D('',#5121,#4109,#4110);
#3247=AXIS2_PLACEMENT_3D('',#5122,#4111,#4112);
#3248=AXIS2_PLACEMENT_3D('',#5123,#4113,#4114);
#3249=AXIS2_PLACEMENT_3D('',#5125,#4115,#4116);
#3250=AXIS2_PLACEMENT_3D('',#5128,#4118,#4119);
#3251=AXIS2_PLACEMENT_3D('',#5129,#4120,#4121);
#3252=AXIS2_PLACEMENT_3D('',#5130,#4122,#4123);
#3253=AXIS2_PLACEMENT_3D('',#5132,#4124,#4125);
#3254=AXIS2_PLACEMENT_3D('',#5133,#4126,#4127);
#3255=AXIS2_PLACEMENT_3D('',#5136,#4129,#4130);
#3256=AXIS2_PLACEMENT_3D('',#5137,#4131,#4132);
#3257=AXIS2_PLACEMENT_3D('',#5138,#4133,#4134);
#3258=AXIS2_PLACEMENT_3D('',#5139,#4135,#4136);
#3259=AXIS2_PLACEMENT_3D('',#5140,#4137,#4138);
#3260=AXIS2_PLACEMENT_3D('',#5141,#4139,#4140);
#3261=AXIS2_PLACEMENT_3D('',#5142,#4141,#4142);
#3262=AXIS2_PLACEMENT_3D('',#5143,#4143,#4144);
#3263=AXIS2_PLACEMENT_3D('',#5144,#4145,#4146);
#3264=AXIS2_PLACEMENT_3D('',#5145,#4147,#4148);
#3265=AXIS2_PLACEMENT_3D('',#5147,#4149,#4150);
#3266=AXIS2_PLACEMENT_3D('',#5150,#4152,#4153);
#3267=AXIS2_PLACEMENT_3D('',#5151,#4154,#4155);
#3268=AXIS2_PLACEMENT_3D('',#5152,#4156,#4157);
#3269=AXIS2_PLACEMENT_3D('',#5154,#4158,#4159);
#3270=AXIS2_PLACEMENT_3D('',#5155,#4160,#4161);
#3271=AXIS2_PLACEMENT_3D('',#5158,#4163,#4164);
#3272=AXIS2_PLACEMENT_3D('',#5159,#4165,#4166);
#3273=AXIS2_PLACEMENT_3D('',#5160,#4167,#4168);
#3274=AXIS2_PLACEMENT_3D('',#5161,#4169,#4170);
#3275=AXIS2_PLACEMENT_3D('',#5162,#4171,#4172);
#3276=AXIS2_PLACEMENT_3D('',#5163,#4173,#4174);
#3277=AXIS2_PLACEMENT_3D('',#5164,#4175,#4176);
#3278=AXIS2_PLACEMENT_3D('',#5165,#4177,#4178);
#3279=AXIS2_PLACEMENT_3D('',#5167,#4179,#4180);
#3280=AXIS2_PLACEMENT_3D('',#5170,#4182,#4183);
#3281=AXIS2_PLACEMENT_3D('',#5171,#4184,#4185);
#3282=AXIS2_PLACEMENT_3D('',#5172,#4186,#4187);
#3283=AXIS2_PLACEMENT_3D('',#5174,#4188,#4189);
#3284=AXIS2_PLACEMENT_3D('',#5175,#4190,#4191);
#3285=AXIS2_PLACEMENT_3D('',#5178,#4193,#4194);
#3286=AXIS2_PLACEMENT_3D('',#5179,#4195,#4196);
#3287=AXIS2_PLACEMENT_3D('',#5181,#4197,#4198);
#3288=AXIS2_PLACEMENT_3D('',#5182,#4199,#4200);
#3289=AXIS2_PLACEMENT_3D('',#5184,#4201,#4202);
#3290=AXIS2_PLACEMENT_3D('',#5185,#4203,#4204);
#3291=AXIS2_PLACEMENT_3D('',#5187,#4205,#4206);
#3292=AXIS2_PLACEMENT_3D('',#5188,#4207,#4208);
#3293=AXIS2_PLACEMENT_3D('',#5190,#4209,#4210);
#3294=AXIS2_PLACEMENT_3D('',#5191,#4211,#4212);
#3295=AXIS2_PLACEMENT_3D('',#5192,#4213,#4214);
#3296=AXIS2_PLACEMENT_3D('',#5193,#4215,#4216);
#3297=AXIS2_PLACEMENT_3D('',#5194,#4217,#4218);
#3298=AXIS2_PLACEMENT_3D('',#5195,#4219,#4220);
#3299=AXIS2_PLACEMENT_3D('',#5201,#4224,#4225);
#3300=AXIS2_PLACEMENT_3D('',#5202,#4226,#4227);
#3301=AXIS2_PLACEMENT_3D('',#5203,#4228,#4229);
#3302=AXIS2_PLACEMENT_3D('',#5204,#4230,#4231);
#3303=AXIS2_PLACEMENT_3D('',#5210,#4235,#4236);
#3304=AXIS2_PLACEMENT_3D('',#5211,#4237,#4238);
#3305=AXIS2_PLACEMENT_3D('',#5221,#4243,#4244);
#3306=AXIS2_PLACEMENT_3D('',#5223,#4245,#4246);
#3307=AXIS2_PLACEMENT_3D('',#5225,#4247,#4248);
#3308=AXIS2_PLACEMENT_3D('',#5229,#4250,#4251);
#3309=AXIS2_PLACEMENT_3D('',#5231,#4252,#4253);
#3310=AXIS2_PLACEMENT_3D('',#5233,#4254,#4255);
#3311=AXIS2_PLACEMENT_3D('',#5237,#4257,#4258);
#3312=AXIS2_PLACEMENT_3D('',#5239,#4259,#4260);
#3313=AXIS2_PLACEMENT_3D('',#5241,#4261,#4262);
#3314=AXIS2_PLACEMENT_3D('',#5245,#4264,#4265);
#3315=AXIS2_PLACEMENT_3D('',#5247,#4266,#4267);
#3316=AXIS2_PLACEMENT_3D('',#5248,#4268,#4269);
#3317=AXIS2_PLACEMENT_3D('',#5249,#4270,#4271);
#3318=AXIS2_PLACEMENT_3D('',#5251,#4272,#4273);
#3319=AXIS2_PLACEMENT_3D('',#5253,#4275,#4276);
#3320=AXIS2_PLACEMENT_3D('',#5255,#4277,#4278);
#3321=AXIS2_PLACEMENT_3D('',#5257,#4280,#4281);
#3322=AXIS2_PLACEMENT_3D('',#5259,#4282,#4283);
#3323=AXIS2_PLACEMENT_3D('',#5261,#4285,#4286);
#3324=AXIS2_PLACEMENT_3D('',#5263,#4287,#4288);
#3325=AXIS2_PLACEMENT_3D('',#5265,#4290,#4291);
#3326=AXIS2_PLACEMENT_3D('',#5269,#4294,#4295);
#3327=AXIS2_PLACEMENT_3D('',#5273,#4298,#4299);
#3328=AXIS2_PLACEMENT_3D('',#5275,#4300,#4301);
#3329=AXIS2_PLACEMENT_3D('',#5277,#4303,#4304);
#3330=AXIS2_PLACEMENT_3D('',#5279,#4305,#4306);
#3331=AXIS2_PLACEMENT_3D('',#5281,#4308,#4309);
#3332=AXIS2_PLACEMENT_3D('',#5283,#4310,#4311);
#3333=AXIS2_PLACEMENT_3D('',#5285,#4313,#4314);
#3334=AXIS2_PLACEMENT_3D('',#5289,#4317,#4318);
#3335=AXIS2_PLACEMENT_3D('',#5291,#4319,#4320);
#3336=AXIS2_PLACEMENT_3D('',#5293,#4322,#4323);
#3337=AXIS2_PLACEMENT_3D('',#5295,#4324,#4325);
#3338=AXIS2_PLACEMENT_3D('',#5297,#4327,#4328);
#3339=AXIS2_PLACEMENT_3D('',#5299,#4329,#4330);
#3340=AXIS2_PLACEMENT_3D('',#5301,#4332,#4333);
#3341=AXIS2_PLACEMENT_3D('',#5305,#4336,#4337);
#3342=AXIS2_PLACEMENT_3D('',#5307,#4338,#4339);
#3343=AXIS2_PLACEMENT_3D('',#5309,#4341,#4342);
#3344=AXIS2_PLACEMENT_3D('',#5311,#4343,#4344);
#3345=AXIS2_PLACEMENT_3D('',#5313,#4346,#4347);
#3346=AXIS2_PLACEMENT_3D('',#5315,#4348,#4349);
#3347=AXIS2_PLACEMENT_3D('',#5317,#4351,#4352);
#3348=AXIS2_PLACEMENT_3D('',#5321,#4355,#4356);
#3349=AXIS2_PLACEMENT_3D('',#5323,#4357,#4358);
#3350=AXIS2_PLACEMENT_3D('',#5325,#4360,#4361);
#3351=AXIS2_PLACEMENT_3D('',#5327,#4362,#4363);
#3352=AXIS2_PLACEMENT_3D('',#5329,#4365,#4366);
#3353=AXIS2_PLACEMENT_3D('',#5331,#4367,#4368);
#3354=AXIS2_PLACEMENT_3D('',#5333,#4370,#4371);
#3355=AXIS2_PLACEMENT_3D('',#5337,#4374,#4375);
#3356=AXIS2_PLACEMENT_3D('',#5339,#4377,#4378);
#3357=DIRECTION('axis',(0.,0.,1.));
#3358=DIRECTION('refdir',(1.,0.,0.));
#3359=DIRECTION('center_axis',(0.,0.,-1.));
#3360=DIRECTION('ref_axis',(-1.,0.,0.));
#3361=DIRECTION('center_axis',(0.,1.,0.));
#3362=DIRECTION('ref_axis',(-1.,0.,0.));
#3363=DIRECTION('center_axis',(0.,0.,-1.));
#3364=DIRECTION('ref_axis',(-0.707106781186547,0.707106781186548,0.));
#3365=DIRECTION('center_axis',(-1.,0.,0.));
#3366=DIRECTION('ref_axis',(0.,0.,1.));
#3367=DIRECTION('center_axis',(0.,0.,1.));
#3368=DIRECTION('ref_axis',(-0.707106781186547,0.707106781186548,0.));
#3369=DIRECTION('center_axis',(-1.,0.,0.));
#3370=DIRECTION('ref_axis',(0.,0.707106781186546,0.707106781186549));
#3371=DIRECTION('center_axis',(-1.,0.,0.));
#3372=DIRECTION('ref_axis',(0.,0.,1.));
#3373=DIRECTION('',(-1.,0.,0.));
#3374=DIRECTION('',(-1.,0.,0.));
#3375=DIRECTION('',(-1.,0.,0.));
#3376=DIRECTION('',(-1.,0.,0.));
#3377=DIRECTION('',(-1.,0.,0.));
#3378=DIRECTION('',(1.,0.,0.));
#3379=DIRECTION('',(1.,0.,0.));
#3380=DIRECTION('',(1.,0.,0.));
#3381=DIRECTION('center_axis',(0.,0.,-1.));
#3382=DIRECTION('ref_axis',(-1.,0.,0.));
#3383=DIRECTION('center_axis',(0.,1.,0.));
#3384=DIRECTION('ref_axis',(0.,0.,1.));
#3385=DIRECTION('center_axis',(0.,0.,1.));
#3386=DIRECTION('ref_axis',(0.707106781186548,0.707106781186548,0.));
#3387=DIRECTION('center_axis',(0.,0.,-1.));
#3388=DIRECTION('ref_axis',(0.707106781186548,0.707106781186548,0.));
#3389=DIRECTION('center_axis',(0.,1.,0.));
#3390=DIRECTION('ref_axis',(0.707106781186552,0.,0.707106781186543));
#3391=DIRECTION('center_axis',(0.,1.,0.));
#3392=DIRECTION('ref_axis',(0.,0.,1.));
#3393=DIRECTION('',(0.,1.,0.));
#3394=DIRECTION('',(0.,1.,0.));
#3395=DIRECTION('',(0.,-1.,0.));
#3396=DIRECTION('',(0.,-1.,0.));
#3397=DIRECTION('',(0.,-1.,0.));
#3398=DIRECTION('',(0.,-1.,0.));
#3399=DIRECTION('',(0.,-1.,0.));
#3400=DIRECTION('center_axis',(0.,0.,-1.));
#3401=DIRECTION('ref_axis',(-1.,0.,0.));
#3402=DIRECTION('center_axis',(1.,0.,0.));
#3403=DIRECTION('ref_axis',(0.,0.,1.));
#3404=DIRECTION('center_axis',(0.,0.,1.));
#3405=DIRECTION('ref_axis',(0.707106781186547,-0.707106781186548,0.));
#3406=DIRECTION('center_axis',(0.,0.,-1.));
#3407=DIRECTION('ref_axis',(0.707106781186547,-0.707106781186548,0.));
#3408=DIRECTION('center_axis',(1.,0.,0.));
#3409=DIRECTION('ref_axis',(0.,-0.707106781186548,0.707106781186548));
#3410=DIRECTION('center_axis',(1.,0.,0.));
#3411=DIRECTION('ref_axis',(0.,0.,1.));
#3412=DIRECTION('',(1.,0.,0.));
#3413=DIRECTION('',(1.,0.,0.));
#3414=DIRECTION('',(1.,0.,0.));
#3415=DIRECTION('',(1.,0.,0.));
#3416=DIRECTION('',(1.,0.,0.));
#3417=DIRECTION('',(-1.,0.,0.));
#3418=DIRECTION('',(-1.,0.,0.));
#3419=DIRECTION('',(-1.,0.,0.));
#3420=DIRECTION('center_axis',(0.,0.,-1.));
#3421=DIRECTION('ref_axis',(-1.,0.,0.));
#3422=DIRECTION('center_axis',(0.,-1.,0.));
#3423=DIRECTION('ref_axis',(0.,0.,1.));
#3424=DIRECTION('center_axis',(0.,0.,1.));
#3425=DIRECTION('ref_axis',(-0.707106781186548,-0.707106781186547,0.));
#3426=DIRECTION('center_axis',(0.,0.,-1.));
#3427=DIRECTION('ref_axis',(-0.707106781186548,-0.707106781186547,0.));
#3428=DIRECTION('center_axis',(0.,-1.,0.));
#3429=DIRECTION('ref_axis',(-0.707106781186548,0.,0.707106781186548));
#3430=DIRECTION('',(0.,1.,0.));
#3431=DIRECTION('',(0.,1.,0.));
#3432=DIRECTION('',(0.,1.,0.));
#3433=DIRECTION('',(0.,1.,0.));
#3434=DIRECTION('',(0.,1.,0.));
#3435=DIRECTION('',(0.,-1.,0.));
#3436=DIRECTION('',(0.,-1.,0.));
#3437=DIRECTION('center_axis',(0.,-1.,0.));
#3438=DIRECTION('ref_axis',(-1.,0.,0.));
#3439=DIRECTION('center_axis',(0.,-1.,0.));
#3440=DIRECTION('ref_axis',(-1.,0.,0.));
#3441=DIRECTION('center_axis',(0.,-1.,0.));
#3442=DIRECTION('ref_axis',(-1.,0.,0.));
#3443=DIRECTION('center_axis',(0.,-1.,0.));
#3444=DIRECTION('ref_axis',(-1.,0.,0.));
#3445=DIRECTION('center_axis',(0.,-1.,0.));
#3446=DIRECTION('ref_axis',(-1.,0.,0.));
#3447=DIRECTION('center_axis',(0.,-1.,0.));
#3448=DIRECTION('ref_axis',(-1.,0.,0.));
#3449=DIRECTION('center_axis',(0.,-1.,0.));
#3450=DIRECTION('ref_axis',(-1.,0.,0.));
#3451=DIRECTION('center_axis',(0.,-1.,0.));
#3452=DIRECTION('ref_axis',(-1.,0.,0.));
#3453=DIRECTION('center_axis',(0.,-1.,0.));
#3454=DIRECTION('ref_axis',(-1.,0.,0.));
#3455=DIRECTION('',(0.,0.,1.));
#3456=DIRECTION('',(-1.,0.,0.));
#3457=DIRECTION('',(0.,0.,1.));
#3458=DIRECTION('',(1.,0.,0.));
#3459=DIRECTION('',(0.,0.,-1.));
#3460=DIRECTION('',(-1.,0.,0.));
#3461=DIRECTION('',(0.,0.,-1.));
#3462=DIRECTION('center_axis',(0.,0.,1.));
#3463=DIRECTION('ref_axis',(-0.707106781186547,-0.707106781186548,0.));
#3464=DIRECTION('',(0.,0.,-1.));
#3465=DIRECTION('center_axis',(0.,0.,1.));
#3466=DIRECTION('ref_axis',(-0.707106781186547,-0.707106781186548,0.));
#3467=DIRECTION('center_axis',(-1.,0.,0.));
#3468=DIRECTION('ref_axis',(0.,1.,0.));
#3469=DIRECTION('center_axis',(-1.,0.,0.));
#3470=DIRECTION('ref_axis',(0.,1.,0.));
#3471=DIRECTION('',(0.,0.,1.));
#3472=DIRECTION('',(0.,1.,0.));
#3473=DIRECTION('center_axis',(0.,0.,1.));
#3474=DIRECTION('ref_axis',(-0.707106781186547,0.707106781186548,0.));
#3475=DIRECTION('',(0.,0.,-1.));
#3476=DIRECTION('center_axis',(0.,0.,1.));
#3477=DIRECTION('ref_axis',(-0.707106781186547,0.707106781186548,0.));
#3478=DIRECTION('center_axis',(0.,0.,1.));
#3479=DIRECTION('ref_axis',(-1.,0.,0.));
#3480=DIRECTION('center_axis',(0.,0.,-1.));
#3481=DIRECTION('ref_axis',(-1.,0.,0.));
#3482=DIRECTION('center_axis',(0.,0.,1.));
#3483=DIRECTION('ref_axis',(-0.857492806654964,0.514495953856775,0.));
#3484=DIRECTION('center_axis',(0.,0.,1.));
#3485=DIRECTION('ref_axis',(-1.,0.,0.));
#3486=DIRECTION('center_axis',(0.,0.,1.));
#3487=DIRECTION('ref_axis',(-0.857492806654964,0.514495953856775,0.));
#3488=DIRECTION('center_axis',(0.,0.,-1.));
#3489=DIRECTION('ref_axis',(-1.,0.,0.));
#3490=DIRECTION('center_axis',(0.,0.,1.));
#3491=DIRECTION('ref_axis',(-1.,0.,0.));
#3492=DIRECTION('center_axis',(0.,0.,-1.));
#3493=DIRECTION('ref_axis',(-1.,0.,0.));
#3494=DIRECTION('center_axis',(0.,0.,1.));
#3495=DIRECTION('ref_axis',(-0.857492914889126,-0.514495773466556,0.));
#3496=DIRECTION('center_axis',(0.,0.,1.));
#3497=DIRECTION('ref_axis',(-1.,0.,0.));
#3498=DIRECTION('center_axis',(0.,0.,1.));
#3499=DIRECTION('ref_axis',(-0.857492914889126,-0.514495773466556,0.));
#3500=DIRECTION('center_axis',(0.,0.,-1.));
#3501=DIRECTION('ref_axis',(-1.,0.,0.));
#3502=DIRECTION('center_axis',(0.,0.,1.));
#3503=DIRECTION('ref_axis',(-1.,0.,0.));
#3504=DIRECTION('center_axis',(0.,0.,-1.));
#3505=DIRECTION('ref_axis',(-1.,0.,0.));
#3506=DIRECTION('center_axis',(0.,0.,1.));
#3507=DIRECTION('ref_axis',(0.857493044770047,-0.514495556998303,0.));
#3508=DIRECTION('center_axis',(0.,0.,1.));
#3509=DIRECTION('ref_axis',(-1.,0.,0.));
#3510=DIRECTION('center_axis',(0.,0.,1.));
#3511=DIRECTION('ref_axis',(0.857493044770047,-0.514495556998303,0.));
#3512=DIRECTION('center_axis',(0.,0.,-1.));
#3513=DIRECTION('ref_axis',(-1.,0.,0.));
#3514=DIRECTION('center_axis',(0.,0.,1.));
#3515=DIRECTION('ref_axis',(-1.,0.,0.));
#3516=DIRECTION('center_axis',(0.,0.,1.));
#3517=DIRECTION('ref_axis',(0.857493044770047,-0.514495556998303,0.));
#3518=DIRECTION('center_axis',(0.,0.,1.));
#3519=DIRECTION('ref_axis',(0.857492936535956,0.514495737388506,0.));
#3520=DIRECTION('center_axis',(0.,0.,1.));
#3521=DIRECTION('ref_axis',(-0.857492806654964,0.514495953856775,0.));
#3522=DIRECTION('center_axis',(0.,0.,1.));
#3523=DIRECTION('ref_axis',(-0.857492914889126,-0.514495773466556,0.));
#3524=DIRECTION('center_axis',(0.,0.,1.));
#3525=DIRECTION('ref_axis',(-1.,0.,0.));
#3526=DIRECTION('center_axis',(0.,0.,1.));
#3527=DIRECTION('ref_axis',(-1.,0.,0.));
#3528=DIRECTION('center_axis',(0.,0.,1.));
#3529=DIRECTION('ref_axis',(-1.,0.,0.));
#3530=DIRECTION('center_axis',(0.,0.,1.));
#3531=DIRECTION('ref_axis',(-1.,0.,0.));
#3532=DIRECTION('center_axis',(0.,0.,1.));
#3533=DIRECTION('ref_axis',(-1.,0.,0.));
#3534=DIRECTION('center_axis',(0.,0.,-1.));
#3535=DIRECTION('ref_axis',(-1.,0.,0.));
#3536=DIRECTION('center_axis',(0.,0.,1.));
#3537=DIRECTION('ref_axis',(0.857492936535956,0.514495737388506,0.));
#3538=DIRECTION('center_axis',(0.,0.,1.));
#3539=DIRECTION('ref_axis',(-1.,0.,0.));
#3540=DIRECTION('center_axis',(0.,0.,1.));
#3541=DIRECTION('ref_axis',(0.857492936535956,0.514495737388506,0.));
#3542=DIRECTION('center_axis',(0.,0.,-1.));
#3543=DIRECTION('ref_axis',(-1.,0.,0.));
#3544=DIRECTION('center_axis',(1.,0.,0.));
#3545=DIRECTION('ref_axis',(0.,0.,-1.));
#3546=DIRECTION('center_axis',(0.,-1.,0.));
#3547=DIRECTION('ref_axis',(0.,0.,1.));
#3548=DIRECTION('center_axis',(1.,0.,0.));
#3549=DIRECTION('ref_axis',(0.,1.,0.));
#3550=DIRECTION('center_axis',(1.,0.,0.));
#3551=DIRECTION('ref_axis',(0.,1.,0.));
#3552=DIRECTION('center_axis',(1.,0.,0.));
#3553=DIRECTION('ref_axis',(0.,1.,0.));
#3554=DIRECTION('',(1.,0.,0.));
#3555=DIRECTION('center_axis',(1.,0.,0.));
#3556=DIRECTION('ref_axis',(0.,1.,0.));
#3557=DIRECTION('center_axis',(0.,1.,0.));
#3558=DIRECTION('ref_axis',(0.,0.,1.));
#3559=DIRECTION('center_axis',(-1.,0.,0.));
#3560=DIRECTION('ref_axis',(0.,0.,-1.));
#3561=DIRECTION('center_axis',(0.,1.,0.));
#3562=DIRECTION('ref_axis',(-1.,0.,0.));
#3563=DIRECTION('center_axis',(0.,1.,0.));
#3564=DIRECTION('ref_axis',(-1.,0.,0.));
#3565=DIRECTION('center_axis',(0.,1.,0.));
#3566=DIRECTION('ref_axis',(-1.,0.,0.));
#3567=DIRECTION('',(0.,1.,0.));
#3568=DIRECTION('center_axis',(0.,1.,0.));
#3569=DIRECTION('ref_axis',(-1.,0.,0.));
#3570=DIRECTION('center_axis',(0.,1.,0.));
#3571=DIRECTION('ref_axis',(0.,0.,1.));
#3572=DIRECTION('center_axis',(-1.,0.,0.));
#3573=DIRECTION('ref_axis',(0.,0.,-1.));
#3574=DIRECTION('center_axis',(0.,1.,0.));
#3575=DIRECTION('ref_axis',(-1.,0.,0.));
#3576=DIRECTION('center_axis',(0.,1.,0.));
#3577=DIRECTION('ref_axis',(-1.,0.,0.));
#3578=DIRECTION('center_axis',(0.,1.,0.));
#3579=DIRECTION('ref_axis',(-1.,0.,0.));
#3580=DIRECTION('',(0.,1.,0.));
#3581=DIRECTION('center_axis',(0.,1.,0.));
#3582=DIRECTION('ref_axis',(-1.,0.,0.));
#3583=DIRECTION('center_axis',(0.,1.,0.));
#3584=DIRECTION('ref_axis',(0.,0.,1.));
#3585=DIRECTION('center_axis',(-1.,0.,0.));
#3586=DIRECTION('ref_axis',(0.,0.,-1.));
#3587=DIRECTION('center_axis',(0.,1.,0.));
#3588=DIRECTION('ref_axis',(-1.,0.,0.));
#3589=DIRECTION('center_axis',(0.,1.,0.));
#3590=DIRECTION('ref_axis',(-1.,0.,0.));
#3591=DIRECTION('center_axis',(0.,1.,0.));
#3592=DIRECTION('ref_axis',(-1.,0.,0.));
#3593=DIRECTION('',(0.,1.,0.));
#3594=DIRECTION('center_axis',(0.,1.,0.));
#3595=DIRECTION('ref_axis',(-1.,0.,0.));
#3596=DIRECTION('center_axis',(0.,1.,0.));
#3597=DIRECTION('ref_axis',(0.,0.,1.));
#3598=DIRECTION('center_axis',(-1.,0.,0.));
#3599=DIRECTION('ref_axis',(0.,0.,-1.));
#3600=DIRECTION('center_axis',(0.,1.,0.));
#3601=DIRECTION('ref_axis',(-1.,0.,0.));
#3602=DIRECTION('center_axis',(0.,1.,0.));
#3603=DIRECTION('ref_axis',(-1.,0.,0.));
#3604=DIRECTION('center_axis',(0.,1.,0.));
#3605=DIRECTION('ref_axis',(-1.,0.,0.));
#3606=DIRECTION('',(0.,1.,0.));
#3607=DIRECTION('center_axis',(0.,1.,0.));
#3608=DIRECTION('ref_axis',(-1.,0.,0.));
#3609=DIRECTION('center_axis',(-1.,0.,0.));
#3610=DIRECTION('ref_axis',(0.,0.,1.));
#3611=DIRECTION('center_axis',(1.,0.,0.));
#3612=DIRECTION('ref_axis',(0.,1.,0.));
#3613=DIRECTION('center_axis',(0.,-1.,0.));
#3614=DIRECTION('ref_axis',(0.,0.,-1.));
#3615=DIRECTION('center_axis',(-1.,0.,0.));
#3616=DIRECTION('ref_axis',(0.,1.,0.));
#3617=DIRECTION('center_axis',(-1.,0.,0.));
#3618=DIRECTION('ref_axis',(0.,1.,0.));
#3619=DIRECTION('center_axis',(1.,0.,0.));
#3620=DIRECTION('ref_axis',(0.,1.,0.));
#3621=DIRECTION('center_axis',(1.,0.,0.));
#3622=DIRECTION('ref_axis',(0.,-1.,0.));
#3623=DIRECTION('',(0.,0.,1.));
#3624=DIRECTION('',(0.,-1.,0.));
#3625=DIRECTION('',(0.,0.,-1.));
#3626=DIRECTION('center_axis',(-1.,0.,0.));
#3627=DIRECTION('ref_axis',(0.,1.,0.));
#3628=DIRECTION('',(-1.,0.,0.));
#3629=DIRECTION('center_axis',(-1.,0.,0.));
#3630=DIRECTION('ref_axis',(0.,1.,0.));
#3631=DIRECTION('center_axis',(0.,-1.,0.));
#3632=DIRECTION('ref_axis',(0.,0.,-1.));
#3633=DIRECTION('center_axis',(0.,1.,0.));
#3634=DIRECTION('ref_axis',(-1.,0.,0.));
#3635=DIRECTION('center_axis',(-1.,0.,0.));
#3636=DIRECTION('ref_axis',(0.,0.,1.));
#3637=DIRECTION('center_axis',(0.,-1.,0.));
#3638=DIRECTION('ref_axis',(-1.,0.,0.));
#3639=DIRECTION('center_axis',(0.,-1.,0.));
#3640=DIRECTION('ref_axis',(-1.,0.,0.));
#3641=DIRECTION('center_axis',(0.,1.,0.));
#3642=DIRECTION('ref_axis',(1.,0.,0.));
#3643=DIRECTION('',(0.,0.,1.));
#3644=DIRECTION('',(1.,0.,0.));
#3645=DIRECTION('center_axis',(0.,1.,0.));
#3646=DIRECTION('ref_axis',(-1.,0.,0.));
#3647=DIRECTION('center_axis',(0.,1.,0.));
#3648=DIRECTION('ref_axis',(-1.,0.,0.));
#3649=DIRECTION('center_axis',(0.,1.,0.));
#3650=DIRECTION('ref_axis',(-1.,0.,0.));
#3651=DIRECTION('center_axis',(0.,-1.,0.));
#3652=DIRECTION('ref_axis',(-1.,0.,0.));
#3653=DIRECTION('',(0.,-1.,0.));
#3654=DIRECTION('center_axis',(0.,-1.,0.));
#3655=DIRECTION('ref_axis',(-1.,0.,0.));
#3656=DIRECTION('center_axis',(0.,-1.,0.));
#3657=DIRECTION('ref_axis',(0.,0.,-1.));
#3658=DIRECTION('center_axis',(-1.,0.,0.));
#3659=DIRECTION('ref_axis',(0.,0.,1.));
#3660=DIRECTION('center_axis',(0.,-1.,0.));
#3661=DIRECTION('ref_axis',(-1.,0.,0.));
#3662=DIRECTION('center_axis',(0.,-1.,0.));
#3663=DIRECTION('ref_axis',(-1.,0.,0.));
#3664=DIRECTION('center_axis',(0.,-1.,0.));
#3665=DIRECTION('ref_axis',(-1.,0.,0.));
#3666=DIRECTION('',(0.,-1.,0.));
#3667=DIRECTION('center_axis',(0.,-1.,0.));
#3668=DIRECTION('ref_axis',(-1.,0.,0.));
#3669=DIRECTION('center_axis',(0.,-1.,0.));
#3670=DIRECTION('ref_axis',(0.,0.,-1.));
#3671=DIRECTION('center_axis',(-1.,0.,0.));
#3672=DIRECTION('ref_axis',(0.,0.,1.));
#3673=DIRECTION('center_axis',(0.,-1.,0.));
#3674=DIRECTION('ref_axis',(-1.,0.,0.));
#3675=DIRECTION('center_axis',(0.,-1.,0.));
#3676=DIRECTION('ref_axis',(-1.,0.,0.));
#3677=DIRECTION('center_axis',(0.,-1.,0.));
#3678=DIRECTION('ref_axis',(-1.,0.,0.));
#3679=DIRECTION('',(0.,-1.,0.));
#3680=DIRECTION('center_axis',(0.,-1.,0.));
#3681=DIRECTION('ref_axis',(-1.,0.,0.));
#3682=DIRECTION('center_axis',(0.,-1.,0.));
#3683=DIRECTION('ref_axis',(0.,0.,-1.));
#3684=DIRECTION('center_axis',(-1.,0.,0.));
#3685=DIRECTION('ref_axis',(0.,0.,1.));
#3686=DIRECTION('center_axis',(0.,-1.,0.));
#3687=DIRECTION('ref_axis',(-1.,0.,0.));
#3688=DIRECTION('center_axis',(0.,-1.,0.));
#3689=DIRECTION('ref_axis',(-1.,0.,0.));
#3690=DIRECTION('center_axis',(0.,-1.,0.));
#3691=DIRECTION('ref_axis',(-1.,0.,0.));
#3692=DIRECTION('',(0.,-1.,0.));
#3693=DIRECTION('center_axis',(0.,-1.,0.));
#3694=DIRECTION('ref_axis',(-1.,0.,0.));
#3695=DIRECTION('center_axis',(0.,0.,-1.));
#3696=DIRECTION('ref_axis',(0.857493044770046,-0.514495556998305,0.));
#3697=DIRECTION('center_axis',(0.,0.,-1.));
#3698=DIRECTION('ref_axis',(0.857493044770047,-0.514495556998304,0.));
#3699=DIRECTION('center_axis',(0.,0.,1.));
#3700=DIRECTION('ref_axis',(-1.,0.,0.));
#3701=DIRECTION('',(0.,0.,1.));
#3702=DIRECTION('center_axis',(0.,0.,-1.));
#3703=DIRECTION('ref_axis',(-1.,0.,0.));
#3704=DIRECTION('',(0.,0.,1.));
#3705=DIRECTION('center_axis',(0.,0.,1.));
#3706=DIRECTION('ref_axis',(-1.,0.,0.));
#3707=DIRECTION('',(0.,0.,1.));
#3708=DIRECTION('center_axis',(0.,0.,-1.));
#3709=DIRECTION('ref_axis',(-1.,0.,0.));
#3710=DIRECTION('',(0.,0.,-1.));
#3711=DIRECTION('center_axis',(0.,0.,-1.));
#3712=DIRECTION('ref_axis',(-1.,0.,0.));
#3713=DIRECTION('center_axis',(0.,0.,-1.));
#3714=DIRECTION('ref_axis',(-1.,0.,0.));
#3715=DIRECTION('',(0.,0.,1.));
#3716=DIRECTION('center_axis',(0.,0.,1.));
#3717=DIRECTION('ref_axis',(-1.,0.,0.));
#3718=DIRECTION('',(0.,0.,1.));
#3719=DIRECTION('center_axis',(0.,0.,-1.));
#3720=DIRECTION('ref_axis',(-1.,0.,0.));
#3721=DIRECTION('',(0.,0.,1.));
#3722=DIRECTION('center_axis',(0.,0.,1.));
#3723=DIRECTION('ref_axis',(0.857493044770047,-0.514495556998304,0.));
#3724=DIRECTION('center_axis',(0.,0.,-1.));
#3725=DIRECTION('ref_axis',(-1.,0.,0.));
#3726=DIRECTION('center_axis',(0.,0.,-1.));
#3727=DIRECTION('ref_axis',(0.857492936535956,0.514495737388506,0.));
#3728=DIRECTION('center_axis',(0.,0.,-1.));
#3729=DIRECTION('ref_axis',(0.857492936535956,0.514495737388506,0.));
#3730=DIRECTION('center_axis',(0.,0.,1.));
#3731=DIRECTION('ref_axis',(-1.,0.,0.));
#3732=DIRECTION('',(0.,0.,1.));
#3733=DIRECTION('center_axis',(0.,0.,-1.));
#3734=DIRECTION('ref_axis',(-1.,0.,0.));
#3735=DIRECTION('',(0.,0.,1.));
#3736=DIRECTION('center_axis',(0.,0.,1.));
#3737=DIRECTION('ref_axis',(-1.,0.,0.));
#3738=DIRECTION('',(0.,0.,1.));
#3739=DIRECTION('center_axis',(0.,0.,-1.));
#3740=DIRECTION('ref_axis',(-1.,0.,0.));
#3741=DIRECTION('',(0.,0.,-1.));
#3742=DIRECTION('center_axis',(0.,0.,-1.));
#3743=DIRECTION('ref_axis',(-1.,0.,0.));
#3744=DIRECTION('center_axis',(0.,0.,-1.));
#3745=DIRECTION('ref_axis',(-1.,0.,0.));
#3746=DIRECTION('',(0.,0.,1.));
#3747=DIRECTION('center_axis',(0.,0.,1.));
#3748=DIRECTION('ref_axis',(-1.,0.,0.));
#3749=DIRECTION('',(0.,0.,1.));
#3750=DIRECTION('center_axis',(0.,0.,-1.));
#3751=DIRECTION('ref_axis',(-1.,0.,0.));
#3752=DIRECTION('',(0.,0.,1.));
#3753=DIRECTION('center_axis',(0.,0.,1.));
#3754=DIRECTION('ref_axis',(0.857492936535956,0.514495737388506,0.));
#3755=DIRECTION('center_axis',(0.,0.,-1.));
#3756=DIRECTION('ref_axis',(-1.,0.,0.));
#3757=DIRECTION('center_axis',(0.,0.,-1.));
#3758=DIRECTION('ref_axis',(-1.,0.,0.));
#3759=DIRECTION('center_axis',(0.,-1.,0.));
#3760=DIRECTION('ref_axis',(1.,0.,0.));
#3761=DIRECTION('center_axis',(0.,0.,-1.));
#3762=DIRECTION('ref_axis',(-1.,0.,0.));
#3763=DIRECTION('center_axis',(0.,0.,1.));
#3764=DIRECTION('ref_axis',(-1.,0.,0.));
#3765=DIRECTION('',(0.,0.,-1.));
#3766=DIRECTION('center_axis',(0.,0.,-1.));
#3767=DIRECTION('ref_axis',(-1.,0.,0.));
#3768=DIRECTION('center_axis',(0.,0.,-1.));
#3769=DIRECTION('ref_axis',(-1.,0.,0.));
#3770=DIRECTION('center_axis',(0.,-1.,0.));
#3771=DIRECTION('ref_axis',(1.,0.,0.));
#3772=DIRECTION('center_axis',(0.,0.,-1.));
#3773=DIRECTION('ref_axis',(-1.,0.,0.));
#3774=DIRECTION('center_axis',(0.,0.,1.));
#3775=DIRECTION('ref_axis',(-1.,0.,0.));
#3776=DIRECTION('',(0.,0.,-1.));
#3777=DIRECTION('center_axis',(0.,0.,-1.));
#3778=DIRECTION('ref_axis',(-1.,0.,0.));
#3779=DIRECTION('center_axis',(0.,0.,-1.));
#3780=DIRECTION('ref_axis',(-1.,0.,0.));
#3781=DIRECTION('center_axis',(0.,-1.,0.));
#3782=DIRECTION('ref_axis',(1.,0.,0.));
#3783=DIRECTION('center_axis',(0.,0.,-1.));
#3784=DIRECTION('ref_axis',(-1.,0.,0.));
#3785=DIRECTION('center_axis',(0.,0.,1.));
#3786=DIRECTION('ref_axis',(-1.,0.,0.));
#3787=DIRECTION('',(0.,0.,-1.));
#3788=DIRECTION('center_axis',(0.,0.,-1.));
#3789=DIRECTION('ref_axis',(-1.,0.,0.));
#3790=DIRECTION('center_axis',(0.,0.,-1.));
#3791=DIRECTION('ref_axis',(-1.,0.,0.));
#3792=DIRECTION('center_axis',(0.,-1.,0.));
#3793=DIRECTION('ref_axis',(1.,0.,0.));
#3794=DIRECTION('center_axis',(0.,0.,-1.));
#3795=DIRECTION('ref_axis',(-1.,0.,0.));
#3796=DIRECTION('center_axis',(0.,0.,1.));
#3797=DIRECTION('ref_axis',(-1.,0.,0.));
#3798=DIRECTION('',(0.,0.,-1.));
#3799=DIRECTION('center_axis',(0.,0.,-1.));
#3800=DIRECTION('ref_axis',(-1.,0.,0.));
#3801=DIRECTION('center_axis',(0.,0.,-1.));
#3802=DIRECTION('ref_axis',(-0.857492914889128,-0.514495773466554,0.));
#3803=DIRECTION('center_axis',(0.,0.,-1.));
#3804=DIRECTION('ref_axis',(-0.857492914889126,-0.514495773466556,0.));
#3805=DIRECTION('center_axis',(0.,0.,1.));
#3806=DIRECTION('ref_axis',(-1.,0.,0.));
#3807=DIRECTION('',(0.,0.,1.));
#3808=DIRECTION('center_axis',(0.,0.,-1.));
#3809=DIRECTION('ref_axis',(-1.,0.,0.));
#3810=DIRECTION('',(0.,0.,1.));
#3811=DIRECTION('center_axis',(0.,0.,1.));
#3812=DIRECTION('ref_axis',(-1.,0.,0.));
#3813=DIRECTION('',(0.,0.,1.));
#3814=DIRECTION('center_axis',(0.,0.,-1.));
#3815=DIRECTION('ref_axis',(-1.,0.,0.));
#3816=DIRECTION('',(0.,0.,1.));
#3817=DIRECTION('center_axis',(0.,0.,1.));
#3818=DIRECTION('ref_axis',(-1.,0.,0.));
#3819=DIRECTION('',(0.,0.,1.));
#3820=DIRECTION('center_axis',(0.,0.,-1.));
#3821=DIRECTION('ref_axis',(-1.,0.,0.));
#3822=DIRECTION('',(0.,0.,1.));
#3823=DIRECTION('',(0.,0.,-1.));
#3824=DIRECTION('center_axis',(0.,0.,-1.));
#3825=DIRECTION('ref_axis',(-1.,0.,0.));
#3826=DIRECTION('center_axis',(0.,0.,1.));
#3827=DIRECTION('ref_axis',(-1.,0.,0.));
#3828=DIRECTION('center_axis',(0.,0.,-1.));
#3829=DIRECTION('ref_axis',(-1.,0.,0.));
#3830=DIRECTION('center_axis',(0.,0.,-1.));
#3831=DIRECTION('ref_axis',(-0.857492806654963,0.514495953856776,0.));
#3832=DIRECTION('center_axis',(0.,0.,-1.));
#3833=DIRECTION('ref_axis',(-0.857492806654964,0.514495953856775,0.));
#3834=DIRECTION('center_axis',(0.,0.,1.));
#3835=DIRECTION('ref_axis',(-1.,0.,0.));
#3836=DIRECTION('',(0.,0.,1.));
#3837=DIRECTION('center_axis',(0.,0.,-1.));
#3838=DIRECTION('ref_axis',(-1.,0.,0.));
#3839=DIRECTION('',(0.,0.,1.));
#3840=DIRECTION('center_axis',(0.,0.,1.));
#3841=DIRECTION('ref_axis',(-1.,0.,0.));
#3842=DIRECTION('',(0.,0.,1.));
#3843=DIRECTION('center_axis',(0.,0.,-1.));
#3844=DIRECTION('ref_axis',(-1.,0.,0.));
#3845=DIRECTION('',(0.,0.,1.));
#3846=DIRECTION('center_axis',(0.,0.,1.));
#3847=DIRECTION('ref_axis',(-1.,0.,0.));
#3848=DIRECTION('',(0.,0.,1.));
#3849=DIRECTION('center_axis',(0.,0.,-1.));
#3850=DIRECTION('ref_axis',(-1.,0.,0.));
#3851=DIRECTION('',(0.,0.,1.));
#3852=DIRECTION('',(0.,0.,-1.));
#3853=DIRECTION('center_axis',(0.,0.,-1.));
#3854=DIRECTION('ref_axis',(-1.,0.,0.));
#3855=DIRECTION('center_axis',(0.,0.,1.));
#3856=DIRECTION('ref_axis',(-1.,0.,0.));
#3857=DIRECTION('center_axis',(0.,0.,-1.));
#3858=DIRECTION('ref_axis',(-1.,0.,0.));
#3859=DIRECTION('center_axis',(0.,0.,1.));
#3860=DIRECTION('ref_axis',(0.707106781186546,-0.707106781186549,0.));
#3861=DIRECTION('center_axis',(0.,0.,1.));
#3862=DIRECTION('ref_axis',(0.707106781186546,-0.707106781186549,0.));
#3863=DIRECTION('center_axis',(0.,0.,1.));
#3864=DIRECTION('ref_axis',(0.707106781186546,0.707106781186549,0.));
#3865=DIRECTION('center_axis',(0.,0.,1.));
#3866=DIRECTION('ref_axis',(0.707106781186546,0.707106781186549,0.));
#3867=DIRECTION('center_axis',(1.,0.,0.));
#3868=DIRECTION('ref_axis',(0.,1.,0.));
#3869=DIRECTION('center_axis',(-1.,0.,0.));
#3870=DIRECTION('ref_axis',(0.,1.,0.));
#3871=DIRECTION('',(-1.,0.,0.));
#3872=DIRECTION('center_axis',(-1.,0.,0.));
#3873=DIRECTION('ref_axis',(0.,1.,0.));
#3874=DIRECTION('center_axis',(1.,0.,0.));
#3875=DIRECTION('ref_axis',(0.,1.,0.));
#3876=DIRECTION('center_axis',(-1.,0.,0.));
#3877=DIRECTION('ref_axis',(0.,1.,0.));
#3878=DIRECTION('center_axis',(1.,0.,0.));
#3879=DIRECTION('ref_axis',(0.,1.,0.));
#3880=DIRECTION('center_axis',(-1.,0.,0.));
#3881=DIRECTION('ref_axis',(0.,1.,0.));
#3882=DIRECTION('center_axis',(1.,0.,0.));
#3883=DIRECTION('ref_axis',(0.,1.,0.));
#3884=DIRECTION('',(1.,0.,0.));
#3885=DIRECTION('center_axis',(-1.,0.,0.));
#3886=DIRECTION('ref_axis',(0.,1.,0.));
#3887=DIRECTION('center_axis',(1.,0.,0.));
#3888=DIRECTION('ref_axis',(0.,1.,0.));
#3889=DIRECTION('center_axis',(1.,0.,0.));
#3890=DIRECTION('ref_axis',(0.,1.,0.));
#3891=DIRECTION('center_axis',(1.,0.,0.));
#3892=DIRECTION('ref_axis',(0.,1.,0.));
#3893=DIRECTION('center_axis',(-1.,0.,0.));
#3894=DIRECTION('ref_axis',(0.,1.,0.));
#3895=DIRECTION('',(-1.,0.,0.));
#3896=DIRECTION('center_axis',(-1.,0.,0.));
#3897=DIRECTION('ref_axis',(0.,1.,0.));
#3898=DIRECTION('center_axis',(1.,0.,0.));
#3899=DIRECTION('ref_axis',(0.,1.,0.));
#3900=DIRECTION('',(1.,0.,0.));
#3901=DIRECTION('center_axis',(1.,0.,0.));
#3902=DIRECTION('ref_axis',(0.,1.,0.));
#3903=DIRECTION('center_axis',(1.,0.,0.));
#3904=DIRECTION('ref_axis',(0.,1.,0.));
#3905=DIRECTION('center_axis',(1.,0.,0.));
#3906=DIRECTION('ref_axis',(0.,1.,0.));
#3907=DIRECTION('center_axis',(0.,1.,0.));
#3908=DIRECTION('ref_axis',(-1.,0.,0.));
#3909=DIRECTION('center_axis',(0.,-1.,0.));
#3910=DIRECTION('ref_axis',(-1.,0.,0.));
#3911=DIRECTION('',(0.,-1.,0.));
#3912=DIRECTION('center_axis',(0.,-1.,0.));
#3913=DIRECTION('ref_axis',(-1.,0.,0.));
#3914=DIRECTION('center_axis',(0.,1.,0.));
#3915=DIRECTION('ref_axis',(-1.,0.,0.));
#3916=DIRECTION('center_axis',(0.,-1.,0.));
#3917=DIRECTION('ref_axis',(-1.,0.,0.));
#3918=DIRECTION('center_axis',(0.,1.,0.));
#3919=DIRECTION('ref_axis',(-1.,0.,0.));
#3920=DIRECTION('center_axis',(0.,1.,0.));
#3921=DIRECTION('ref_axis',(-1.,0.,0.));
#3922=DIRECTION('center_axis',(0.,-1.,0.));
#3923=DIRECTION('ref_axis',(-1.,0.,0.));
#3924=DIRECTION('',(0.,-1.,0.));
#3925=DIRECTION('center_axis',(0.,-1.,0.));
#3926=DIRECTION('ref_axis',(-1.,0.,0.));
#3927=DIRECTION('center_axis',(0.,1.,0.));
#3928=DIRECTION('ref_axis',(-1.,0.,0.));
#3929=DIRECTION('center_axis',(0.,-1.,0.));
#3930=DIRECTION('ref_axis',(-1.,0.,0.));
#3931=DIRECTION('center_axis',(0.,1.,0.));
#3932=DIRECTION('ref_axis',(-1.,0.,0.));
#3933=DIRECTION('center_axis',(0.,1.,0.));
#3934=DIRECTION('ref_axis',(-1.,0.,0.));
#3935=DIRECTION('center_axis',(0.,-1.,0.));
#3936=DIRECTION('ref_axis',(-1.,0.,0.));
#3937=DIRECTION('',(0.,-1.,0.));
#3938=DIRECTION('center_axis',(0.,-1.,0.));
#3939=DIRECTION('ref_axis',(-1.,0.,0.));
#3940=DIRECTION('center_axis',(0.,1.,0.));
#3941=DIRECTION('ref_axis',(-1.,0.,0.));
#3942=DIRECTION('center_axis',(0.,-1.,0.));
#3943=DIRECTION('ref_axis',(-1.,0.,0.));
#3944=DIRECTION('center_axis',(0.,1.,0.));
#3945=DIRECTION('ref_axis',(-1.,0.,0.));
#3946=DIRECTION('center_axis',(0.,1.,0.));
#3947=DIRECTION('ref_axis',(-1.,0.,0.));
#3948=DIRECTION('center_axis',(0.,-1.,0.));
#3949=DIRECTION('ref_axis',(-1.,0.,0.));
#3950=DIRECTION('',(0.,-1.,0.));
#3951=DIRECTION('center_axis',(0.,-1.,0.));
#3952=DIRECTION('ref_axis',(-1.,0.,0.));
#3953=DIRECTION('center_axis',(0.,1.,0.));
#3954=DIRECTION('ref_axis',(-1.,0.,0.));
#3955=DIRECTION('center_axis',(0.,-1.,0.));
#3956=DIRECTION('ref_axis',(-1.,0.,0.));
#3957=DIRECTION('center_axis',(0.,1.,0.));
#3958=DIRECTION('ref_axis',(-1.,0.,0.));
#3959=DIRECTION('center_axis',(0.,-1.,0.));
#3960=DIRECTION('ref_axis',(-1.,0.,0.));
#3961=DIRECTION('center_axis',(0.,1.,0.));
#3962=DIRECTION('ref_axis',(-1.,0.,0.));
#3963=DIRECTION('',(0.,1.,0.));
#3964=DIRECTION('center_axis',(0.,-1.,0.));
#3965=DIRECTION('ref_axis',(-1.,0.,0.));
#3966=DIRECTION('center_axis',(0.,1.,0.));
#3967=DIRECTION('ref_axis',(-1.,0.,0.));
#3968=DIRECTION('center_axis',(0.,1.,0.));
#3969=DIRECTION('ref_axis',(-1.,0.,0.));
#3970=DIRECTION('center_axis',(0.,1.,0.));
#3971=DIRECTION('ref_axis',(-1.,0.,0.));
#3972=DIRECTION('center_axis',(0.,-1.,0.));
#3973=DIRECTION('ref_axis',(-1.,0.,0.));
#3974=DIRECTION('',(0.,-1.,0.));
#3975=DIRECTION('center_axis',(0.,-1.,0.));
#3976=DIRECTION('ref_axis',(-1.,0.,0.));
#3977=DIRECTION('center_axis',(0.,-1.,0.));
#3978=DIRECTION('ref_axis',(-1.,0.,0.));
#3979=DIRECTION('center_axis',(0.,1.,0.));
#3980=DIRECTION('ref_axis',(-1.,0.,0.));
#3981=DIRECTION('',(0.,1.,0.));
#3982=DIRECTION('center_axis',(0.,-1.,0.));
#3983=DIRECTION('ref_axis',(-1.,0.,0.));
#3984=DIRECTION('center_axis',(0.,1.,0.));
#3985=DIRECTION('ref_axis',(-1.,0.,0.));
#3986=DIRECTION('center_axis',(0.,1.,0.));
#3987=DIRECTION('ref_axis',(-1.,0.,0.));
#3988=DIRECTION('center_axis',(0.,1.,0.));
#3989=DIRECTION('ref_axis',(-1.,0.,0.));
#3990=DIRECTION('center_axis',(0.,-1.,0.));
#3991=DIRECTION('ref_axis',(-1.,0.,0.));
#3992=DIRECTION('',(0.,-1.,0.));
#3993=DIRECTION('center_axis',(0.,-1.,0.));
#3994=DIRECTION('ref_axis',(-1.,0.,0.));
#3995=DIRECTION('center_axis',(0.,-1.,0.));
#3996=DIRECTION('ref_axis',(-1.,0.,0.));
#3997=DIRECTION('center_axis',(0.,1.,0.));
#3998=DIRECTION('ref_axis',(-1.,0.,0.));
#3999=DIRECTION('',(0.,1.,0.));
#4000=DIRECTION('center_axis',(0.,-1.,0.));
#4001=DIRECTION('ref_axis',(-1.,0.,0.));
#4002=DIRECTION('center_axis',(0.,1.,0.));
#4003=DIRECTION('ref_axis',(-1.,0.,0.));
#4004=DIRECTION('center_axis',(0.,1.,0.));
#4005=DIRECTION('ref_axis',(-1.,0.,0.));
#4006=DIRECTION('center_axis',(0.,1.,0.));
#4007=DIRECTION('ref_axis',(-1.,0.,0.));
#4008=DIRECTION('center_axis',(0.,-1.,0.));
#4009=DIRECTION('ref_axis',(-1.,0.,0.));
#4010=DIRECTION('',(0.,-1.,0.));
#4011=DIRECTION('center_axis',(0.,-1.,0.));
#4012=DIRECTION('ref_axis',(-1.,0.,0.));
#4013=DIRECTION('center_axis',(0.,-1.,0.));
#4014=DIRECTION('ref_axis',(-1.,0.,0.));
#4015=DIRECTION('center_axis',(0.,1.,0.));
#4016=DIRECTION('ref_axis',(-1.,0.,0.));
#4017=DIRECTION('',(0.,1.,0.));
#4018=DIRECTION('center_axis',(0.,-1.,0.));
#4019=DIRECTION('ref_axis',(-1.,0.,0.));
#4020=DIRECTION('center_axis',(0.,1.,0.));
#4021=DIRECTION('ref_axis',(-1.,0.,0.));
#4022=DIRECTION('center_axis',(0.,1.,0.));
#4023=DIRECTION('ref_axis',(-1.,0.,0.));
#4024=DIRECTION('center_axis',(0.,1.,0.));
#4025=DIRECTION('ref_axis',(-1.,0.,0.));
#4026=DIRECTION('center_axis',(0.,-1.,0.));
#4027=DIRECTION('ref_axis',(-1.,0.,0.));
#4028=DIRECTION('',(0.,-1.,0.));
#4029=DIRECTION('center_axis',(0.,-1.,0.));
#4030=DIRECTION('ref_axis',(-1.,0.,0.));
#4031=DIRECTION('center_axis',(0.,1.,0.));
#4032=DIRECTION('ref_axis',(-1.,0.,0.));
#4033=DIRECTION('',(0.,1.,0.));
#4034=DIRECTION('center_axis',(0.,1.,0.));
#4035=DIRECTION('ref_axis',(-1.,0.,0.));
#4036=DIRECTION('center_axis',(0.,1.,0.));
#4037=DIRECTION('ref_axis',(-1.,0.,0.));
#4038=DIRECTION('center_axis',(0.,1.,0.));
#4039=DIRECTION('ref_axis',(-1.,0.,0.));
#4040=DIRECTION('',(0.,1.,0.));
#4041=DIRECTION('center_axis',(0.,1.,0.));
#4042=DIRECTION('ref_axis',(-1.,0.,0.));
#4043=DIRECTION('center_axis',(0.,1.,0.));
#4044=DIRECTION('ref_axis',(-1.,0.,0.));
#4045=DIRECTION('center_axis',(0.,1.,0.));
#4046=DIRECTION('ref_axis',(-1.,0.,0.));
#4047=DIRECTION('',(0.,1.,0.));
#4048=DIRECTION('center_axis',(0.,1.,0.));
#4049=DIRECTION('ref_axis',(-1.,0.,0.));
#4050=DIRECTION('center_axis',(0.,1.,0.));
#4051=DIRECTION('ref_axis',(-1.,0.,0.));
#4052=DIRECTION('center_axis',(0.,1.,0.));
#4053=DIRECTION('ref_axis',(-1.,0.,0.));
#4054=DIRECTION('',(0.,1.,0.));
#4055=DIRECTION('center_axis',(0.,1.,0.));
#4056=DIRECTION('ref_axis',(-1.,0.,0.));
#4057=DIRECTION('center_axis',(0.,1.,0.));
#4058=DIRECTION('ref_axis',(-1.,0.,0.));
#4059=DIRECTION('center_axis',(0.,1.,0.));
#4060=DIRECTION('ref_axis',(-1.,0.,0.));
#4061=DIRECTION('center_axis',(0.,1.,0.));
#4062=DIRECTION('ref_axis',(-1.,0.,0.));
#4063=DIRECTION('center_axis',(0.,1.,0.));
#4064=DIRECTION('ref_axis',(-1.,0.,0.));
#4065=DIRECTION('center_axis',(0.,1.,0.));
#4066=DIRECTION('ref_axis',(-1.,0.,0.));
#4067=DIRECTION('center_axis',(0.,0.,1.));
#4068=DIRECTION('ref_axis',(-1.,0.,0.));
#4069=DIRECTION('center_axis',(0.,0.,1.));
#4070=DIRECTION('ref_axis',(-1.,0.,0.));
#4071=DIRECTION('center_axis',(0.,0.,-1.));
#4072=DIRECTION('ref_axis',(-1.,0.,0.));
#4073=DIRECTION('center_axis',(0.,0.,1.));
#4074=DIRECTION('ref_axis',(-1.,0.,0.));
#4075=DIRECTION('center_axis',(0.,0.,1.));
#4076=DIRECTION('ref_axis',(-1.,0.,0.));
#4077=DIRECTION('center_axis',(0.,0.,1.));
#4078=DIRECTION('ref_axis',(-1.,0.,0.));
#4079=DIRECTION('center_axis',(0.,0.,1.));
#4080=DIRECTION('ref_axis',(-1.,0.,0.));
#4081=DIRECTION('center_axis',(0.,0.,1.));
#4082=DIRECTION('ref_axis',(-1.,0.,0.));
#4083=DIRECTION('center_axis',(0.,0.,1.));
#4084=DIRECTION('ref_axis',(-1.,0.,0.));
#4085=DIRECTION('center_axis',(0.,0.,-1.));
#4086=DIRECTION('ref_axis',(-1.,0.,0.));
#4087=DIRECTION('',(0.,0.,-1.));
#4088=DIRECTION('center_axis',(0.,0.,-1.));
#4089=DIRECTION('ref_axis',(-1.,0.,0.));
#4090=DIRECTION('center_axis',(0.,0.,1.));
#4091=DIRECTION('ref_axis',(-1.,0.,0.));
#4092=DIRECTION('center_axis',(0.,0.,1.));
#4093=DIRECTION('ref_axis',(-1.,0.,0.));
#4094=DIRECTION('center_axis',(0.,0.,1.));
#4095=DIRECTION('ref_axis',(-1.,0.,0.));
#4096=DIRECTION('center_axis',(0.,0.,1.));
#4097=DIRECTION('ref_axis',(-1.,0.,0.));
#4098=DIRECTION('',(0.,0.,-1.));
#4099=DIRECTION('center_axis',(0.,0.,1.));
#4100=DIRECTION('ref_axis',(-1.,0.,0.));
#4101=DIRECTION('center_axis',(0.,0.,1.));
#4102=DIRECTION('ref_axis',(0.857493044770046,-0.514495556998304,0.));
#4103=DIRECTION('center_axis',(0.,0.,1.));
#4104=DIRECTION('ref_axis',(-1.,0.,0.));
#4105=DIRECTION('center_axis',(0.,0.,-1.));
#4106=DIRECTION('ref_axis',(-1.,0.,0.));
#4107=DIRECTION('center_axis',(0.,0.,1.));
#4108=DIRECTION('ref_axis',(-1.,0.,0.));
#4109=DIRECTION('center_axis',(0.,0.,1.));
#4110=DIRECTION('ref_axis',(-1.,0.,0.));
#4111=DIRECTION('center_axis',(0.,0.,1.));
#4112=DIRECTION('ref_axis',(-1.,0.,0.));
#4113=DIRECTION('center_axis',(0.,0.,1.));
#4114=DIRECTION('ref_axis',(-1.,0.,0.));
#4115=DIRECTION('center_axis',(0.,0.,-1.));
#4116=DIRECTION('ref_axis',(-1.,0.,0.));
#4117=DIRECTION('',(0.,0.,-1.));
#4118=DIRECTION('center_axis',(0.,0.,-1.));
#4119=DIRECTION('ref_axis',(-1.,0.,0.));
#4120=DIRECTION('center_axis',(0.,0.,1.));
#4121=DIRECTION('ref_axis',(-1.,0.,0.));
#4122=DIRECTION('center_axis',(0.,0.,1.));
#4123=DIRECTION('ref_axis',(-1.,0.,0.));
#4124=DIRECTION('center_axis',(0.,0.,1.));
#4125=DIRECTION('ref_axis',(-1.,0.,0.));
#4126=DIRECTION('center_axis',(0.,0.,1.));
#4127=DIRECTION('ref_axis',(-1.,0.,0.));
#4128=DIRECTION('',(0.,0.,-1.));
#4129=DIRECTION('center_axis',(0.,0.,1.));
#4130=DIRECTION('ref_axis',(-1.,0.,0.));
#4131=DIRECTION('center_axis',(0.,0.,1.));
#4132=DIRECTION('ref_axis',(-1.,0.,0.));
#4133=DIRECTION('center_axis',(0.,0.,1.));
#4134=DIRECTION('ref_axis',(-1.,0.,0.));
#4135=DIRECTION('center_axis',(0.,0.,-1.));
#4136=DIRECTION('ref_axis',(-1.,0.,0.));
#4137=DIRECTION('center_axis',(0.,0.,1.));
#4138=DIRECTION('ref_axis',(-1.,0.,0.));
#4139=DIRECTION('center_axis',(0.,0.,1.));
#4140=DIRECTION('ref_axis',(-1.,0.,0.));
#4141=DIRECTION('center_axis',(0.,0.,1.));
#4142=DIRECTION('ref_axis',(-1.,0.,0.));
#4143=DIRECTION('center_axis',(0.,0.,1.));
#4144=DIRECTION('ref_axis',(-1.,0.,0.));
#4145=DIRECTION('center_axis',(0.,0.,1.));
#4146=DIRECTION('ref_axis',(-1.,0.,0.));
#4147=DIRECTION('center_axis',(0.,0.,1.));
#4148=DIRECTION('ref_axis',(-1.,0.,0.));
#4149=DIRECTION('center_axis',(0.,0.,-1.));
#4150=DIRECTION('ref_axis',(-1.,0.,0.));
#4151=DIRECTION('',(0.,0.,-1.));
#4152=DIRECTION('center_axis',(0.,0.,-1.));
#4153=DIRECTION('ref_axis',(-1.,0.,0.));
#4154=DIRECTION('center_axis',(0.,0.,1.));
#4155=DIRECTION('ref_axis',(-1.,0.,0.));
#4156=DIRECTION('center_axis',(0.,0.,1.));
#4157=DIRECTION('ref_axis',(-1.,0.,0.));
#4158=DIRECTION('center_axis',(0.,0.,1.));
#4159=DIRECTION('ref_axis',(-1.,0.,0.));
#4160=DIRECTION('center_axis',(0.,0.,1.));
#4161=DIRECTION('ref_axis',(-1.,0.,0.));
#4162=DIRECTION('',(0.,0.,-1.));
#4163=DIRECTION('center_axis',(0.,0.,1.));
#4164=DIRECTION('ref_axis',(-1.,0.,0.));
#4165=DIRECTION('center_axis',(0.,0.,1.));
#4166=DIRECTION('ref_axis',(0.857492936535957,0.514495737388505,0.));
#4167=DIRECTION('center_axis',(0.,0.,1.));
#4168=DIRECTION('ref_axis',(-1.,0.,0.));
#4169=DIRECTION('center_axis',(0.,0.,-1.));
#4170=DIRECTION('ref_axis',(-1.,0.,0.));
#4171=DIRECTION('center_axis',(0.,0.,1.));
#4172=DIRECTION('ref_axis',(-1.,0.,0.));
#4173=DIRECTION('center_axis',(0.,0.,1.));
#4174=DIRECTION('ref_axis',(-1.,0.,0.));
#4175=DIRECTION('center_axis',(0.,0.,1.));
#4176=DIRECTION('ref_axis',(-1.,0.,0.));
#4177=DIRECTION('center_axis',(0.,0.,1.));
#4178=DIRECTION('ref_axis',(-1.,0.,0.));
#4179=DIRECTION('center_axis',(0.,0.,-1.));
#4180=DIRECTION('ref_axis',(-1.,0.,0.));
#4181=DIRECTION('',(0.,0.,-1.));
#4182=DIRECTION('center_axis',(0.,0.,-1.));
#4183=DIRECTION('ref_axis',(-1.,0.,0.));
#4184=DIRECTION('center_axis',(0.,0.,1.));
#4185=DIRECTION('ref_axis',(-1.,0.,0.));
#4186=DIRECTION('center_axis',(0.,0.,1.));
#4187=DIRECTION('ref_axis',(-1.,0.,0.));
#4188=DIRECTION('center_axis',(0.,0.,1.));
#4189=DIRECTION('ref_axis',(-1.,0.,0.));
#4190=DIRECTION('center_axis',(0.,0.,1.));
#4191=DIRECTION('ref_axis',(-1.,0.,0.));
#4192=DIRECTION('',(0.,0.,-1.));
#4193=DIRECTION('center_axis',(0.,0.,1.));
#4194=DIRECTION('ref_axis',(-1.,0.,0.));
#4195=DIRECTION('center_axis',(0.,0.,1.));
#4196=DIRECTION('ref_axis',(-1.,0.,0.));
#4197=DIRECTION('center_axis',(0.,0.,1.));
#4198=DIRECTION('ref_axis',(1.,0.,0.));
#4199=DIRECTION('center_axis',(0.,0.,1.));
#4200=DIRECTION('ref_axis',(-1.,0.,0.));
#4201=DIRECTION('center_axis',(0.,0.,1.));
#4202=DIRECTION('ref_axis',(1.,0.,0.));
#4203=DIRECTION('center_axis',(0.,0.,1.));
#4204=DIRECTION('ref_axis',(-1.,0.,0.));
#4205=DIRECTION('center_axis',(0.,0.,1.));
#4206=DIRECTION('ref_axis',(1.,0.,0.));
#4207=DIRECTION('center_axis',(0.,0.,1.));
#4208=DIRECTION('ref_axis',(-1.,0.,0.));
#4209=DIRECTION('center_axis',(0.,0.,1.));
#4210=DIRECTION('ref_axis',(1.,0.,0.));
#4211=DIRECTION('center_axis',(0.,0.,1.));
#4212=DIRECTION('ref_axis',(1.,0.,0.));
#4213=DIRECTION('center_axis',(0.,0.,1.));
#4214=DIRECTION('ref_axis',(-1.,0.,0.));
#4215=DIRECTION('center_axis',(0.,0.,1.));
#4216=DIRECTION('ref_axis',(1.,0.,0.));
#4217=DIRECTION('center_axis',(0.,0.,1.));
#4218=DIRECTION('ref_axis',(-1.,0.,0.));
#4219=DIRECTION('center_axis',(0.,0.,1.));
#4220=DIRECTION('ref_axis',(-1.,0.,0.));
#4221=DIRECTION('',(0.,1.,0.));
#4222=DIRECTION('',(1.,0.,0.));
#4223=DIRECTION('',(0.,-1.,0.));
#4224=DIRECTION('center_axis',(0.,0.,1.));
#4225=DIRECTION('ref_axis',(0.857493044770047,-0.514495556998304,0.));
#4226=DIRECTION('center_axis',(0.,0.,1.));
#4227=DIRECTION('ref_axis',(0.857492936535956,0.514495737388506,0.));
#4228=DIRECTION('center_axis',(0.,0.,1.));
#4229=DIRECTION('ref_axis',(1.,0.,0.));
#4230=DIRECTION('center_axis',(0.,-1.,0.));
#4231=DIRECTION('ref_axis',(1.,0.,0.));
#4232=DIRECTION('',(-1.,0.,0.));
#4233=DIRECTION('',(0.,0.,1.));
#4234=DIRECTION('',(0.,0.,1.));
#4235=DIRECTION('center_axis',(0.,0.,1.));
#4236=DIRECTION('ref_axis',(1.,0.,0.));
#4237=DIRECTION('center_axis',(0.,0.,1.));
#4238=DIRECTION('ref_axis',(1.,0.,0.));
#4239=DIRECTION('',(1.,0.,0.));
#4240=DIRECTION('',(0.,1.,0.));
#4241=DIRECTION('',(0.,-1.,0.));
#4242=DIRECTION('',(1.,-5.36617225943429E-17,0.));
#4243=DIRECTION('center_axis',(0.,0.,1.));
#4244=DIRECTION('ref_axis',(-0.853105081319504,-0.521739130434781,0.));
#4245=DIRECTION('center_axis',(0.,0.,1.));
#4246=DIRECTION('ref_axis',(0.853105081319504,0.521739130434783,0.));
#4247=DIRECTION('center_axis',(0.,0.,1.));
#4248=DIRECTION('ref_axis',(-1.,1.11022302462516E-15,0.));
#4249=DIRECTION('',(2.2115898387036E-17,-1.,0.));
#4250=DIRECTION('center_axis',(0.,0.,1.));
#4251=DIRECTION('ref_axis',(-0.217391304347826,0.976084535680159,0.));
#4252=DIRECTION('center_axis',(0.,0.,1.));
#4253=DIRECTION('ref_axis',(0.217391304347827,-0.976084535680159,0.));
#4254=DIRECTION('center_axis',(0.,0.,1.));
#4255=DIRECTION('ref_axis',(0.,1.,0.));
#4256=DIRECTION('',(-1.,0.,0.));
#4257=DIRECTION('center_axis',(0.,0.,1.));
#4258=DIRECTION('ref_axis',(0.853105081319504,0.521739130434783,0.));
#4259=DIRECTION('center_axis',(0.,0.,1.));
#4260=DIRECTION('ref_axis',(-0.853105081319504,-0.521739130434783,0.));
#4261=DIRECTION('center_axis',(0.,0.,1.));
#4262=DIRECTION('ref_axis',(1.,0.,0.));
#4263=DIRECTION('',(0.,1.,0.));
#4264=DIRECTION('center_axis',(0.,0.,1.));
#4265=DIRECTION('ref_axis',(0.217391304347828,-0.976084535680158,0.));
#4266=DIRECTION('center_axis',(0.,0.,1.));
#4267=DIRECTION('ref_axis',(-0.217391304347823,0.976084535680159,0.));
#4268=DIRECTION('center_axis',(0.,0.,1.));
#4269=DIRECTION('ref_axis',(0.,-1.,0.));
#4270=DIRECTION('center_axis',(0.,0.,-1.));
#4271=DIRECTION('ref_axis',(1.,0.,0.));
#4272=DIRECTION('center_axis',(0.,0.,1.));
#4273=DIRECTION('ref_axis',(1.,0.,0.));
#4274=DIRECTION('',(0.,0.,1.));
#4275=DIRECTION('center_axis',(0.,0.,-1.));
#4276=DIRECTION('ref_axis',(1.,0.,0.));
#4277=DIRECTION('center_axis',(0.,0.,1.));
#4278=DIRECTION('ref_axis',(1.,0.,0.));
#4279=DIRECTION('',(0.,0.,1.));
#4280=DIRECTION('center_axis',(0.,0.,-1.));
#4281=DIRECTION('ref_axis',(1.,0.,0.));
#4282=DIRECTION('center_axis',(0.,0.,1.));
#4283=DIRECTION('ref_axis',(1.,0.,0.));
#4284=DIRECTION('',(0.,0.,1.));
#4285=DIRECTION('center_axis',(0.,0.,-1.));
#4286=DIRECTION('ref_axis',(1.,0.,0.));
#4287=DIRECTION('center_axis',(0.,0.,1.));
#4288=DIRECTION('ref_axis',(1.,0.,0.));
#4289=DIRECTION('',(0.,0.,1.));
#4290=DIRECTION('center_axis',(1.,0.,0.));
#4291=DIRECTION('ref_axis',(0.,-1.,0.));
#4292=DIRECTION('',(0.,-1.,0.));
#4293=DIRECTION('',(0.,0.,-1.));
#4294=DIRECTION('center_axis',(5.36617225943429E-17,1.,0.));
#4295=DIRECTION('ref_axis',(1.,-5.36617225943429E-17,0.));
#4296=DIRECTION('',(1.,-5.36617225943429E-17,0.));
#4297=DIRECTION('',(0.,0.,-1.));
#4298=DIRECTION('center_axis',(0.,0.,-1.));
#4299=DIRECTION('ref_axis',(-0.853105081319504,-0.521739130434781,0.));
#4300=DIRECTION('center_axis',(0.,0.,1.));
#4301=DIRECTION('ref_axis',(-0.853105081319504,-0.521739130434781,0.));
#4302=DIRECTION('',(0.,0.,-1.));
#4303=DIRECTION('center_axis',(0.,0.,-1.));
#4304=DIRECTION('ref_axis',(0.853105081319504,0.521739130434783,0.));
#4305=DIRECTION('center_axis',(0.,0.,-1.));
#4306=DIRECTION('ref_axis',(0.853105081319504,0.521739130434783,0.));
#4307=DIRECTION('',(0.,0.,-1.));
#4308=DIRECTION('center_axis',(0.,0.,-1.));
#4309=DIRECTION('ref_axis',(-1.,1.11022302462516E-15,0.));
#4310=DIRECTION('center_axis',(0.,0.,1.));
#4311=DIRECTION('ref_axis',(-1.,1.11022302462516E-15,0.));
#4312=DIRECTION('',(0.,0.,-1.));
#4313=DIRECTION('center_axis',(1.,2.2115898387036E-17,0.));
#4314=DIRECTION('ref_axis',(2.2115898387036E-17,-1.,0.));
#4315=DIRECTION('',(2.2115898387036E-17,-1.,0.));
#4316=DIRECTION('',(0.,0.,-1.));
#4317=DIRECTION('center_axis',(0.,0.,-1.));
#4318=DIRECTION('ref_axis',(-0.217391304347826,0.976084535680159,0.));
#4319=DIRECTION('center_axis',(0.,0.,1.));
#4320=DIRECTION('ref_axis',(-0.217391304347826,0.976084535680159,0.));
#4321=DIRECTION('',(0.,0.,-1.));
#4322=DIRECTION('center_axis',(0.,0.,-1.));
#4323=DIRECTION('ref_axis',(0.217391304347827,-0.976084535680159,0.));
#4324=DIRECTION('center_axis',(0.,0.,-1.));
#4325=DIRECTION('ref_axis',(0.217391304347827,-0.976084535680159,0.));
#4326=DIRECTION('',(0.,0.,-1.));
#4327=DIRECTION('center_axis',(0.,0.,-1.));
#4328=DIRECTION('ref_axis',(0.,1.,0.));
#4329=DIRECTION('center_axis',(0.,0.,1.));
#4330=DIRECTION('ref_axis',(0.,1.,0.));
#4331=DIRECTION('',(0.,0.,-1.));
#4332=DIRECTION('center_axis',(0.,-1.,0.));
#4333=DIRECTION('ref_axis',(-1.,0.,0.));
#4334=DIRECTION('',(-1.,0.,0.));
#4335=DIRECTION('',(0.,0.,-1.));
#4336=DIRECTION('center_axis',(0.,0.,-1.));
#4337=DIRECTION('ref_axis',(0.853105081319504,0.521739130434783,0.));
#4338=DIRECTION('center_axis',(0.,0.,1.));
#4339=DIRECTION('ref_axis',(0.853105081319504,0.521739130434783,0.));
#4340=DIRECTION('',(0.,0.,-1.));
#4341=DIRECTION('center_axis',(0.,0.,-1.));
#4342=DIRECTION('ref_axis',(-0.853105081319504,-0.521739130434783,0.));
#4343=DIRECTION('center_axis',(0.,0.,-1.));
#4344=DIRECTION('ref_axis',(-0.853105081319504,-0.521739130434783,0.));
#4345=DIRECTION('',(0.,0.,-1.));
#4346=DIRECTION('center_axis',(0.,0.,-1.));
#4347=DIRECTION('ref_axis',(1.,0.,0.));
#4348=DIRECTION('center_axis',(0.,0.,1.));
#4349=DIRECTION('ref_axis',(1.,0.,0.));
#4350=DIRECTION('',(0.,0.,-1.));
#4351=DIRECTION('center_axis',(-1.,0.,0.));
#4352=DIRECTION('ref_axis',(0.,1.,0.));
#4353=DIRECTION('',(0.,1.,0.));
#4354=DIRECTION('',(0.,0.,-1.));
#4355=DIRECTION('center_axis',(0.,0.,-1.));
#4356=DIRECTION('ref_axis',(0.217391304347828,-0.976084535680158,0.));
#4357=DIRECTION('center_axis',(0.,0.,1.));
#4358=DIRECTION('ref_axis',(0.217391304347828,-0.976084535680158,0.));
#4359=DIRECTION('',(0.,0.,-1.));
#4360=DIRECTION('center_axis',(0.,0.,-1.));
#4361=DIRECTION('ref_axis',(-0.217391304347823,0.976084535680159,0.));
#4362=DIRECTION('center_axis',(0.,0.,-1.));
#4363=DIRECTION('ref_axis',(-0.217391304347823,0.976084535680159,0.));
#4364=DIRECTION('',(0.,0.,-1.));
#4365=DIRECTION('center_axis',(0.,0.,-1.));
#4366=DIRECTION('ref_axis',(0.,-1.,0.));
#4367=DIRECTION('center_axis',(0.,0.,1.));
#4368=DIRECTION('ref_axis',(0.,-1.,0.));
#4369=DIRECTION('',(0.,0.,-1.));
#4370=DIRECTION('center_axis',(0.,1.,0.));
#4371=DIRECTION('ref_axis',(1.,0.,0.));
#4372=DIRECTION('',(1.,0.,0.));
#4373=DIRECTION('',(0.,0.,-1.));
#4374=DIRECTION('center_axis',(-1.,0.,0.));
#4375=DIRECTION('ref_axis',(0.,1.,0.));
#4376=DIRECTION('',(0.,1.,0.));
#4377=DIRECTION('center_axis',(0.,0.,1.));
#4378=DIRECTION('ref_axis',(1.,0.,0.));
#4379=CARTESIAN_POINT('',(0.,0.,0.));
#4380=CARTESIAN_POINT('Origin',(2.,22.,9.5));
#4381=CARTESIAN_POINT('',(0.,22.,9.5));
#4382=CARTESIAN_POINT('',(0.5,22.,10.));
#4383=CARTESIAN_POINT('Origin',(0.5,22.,9.5));
#4384=CARTESIAN_POINT('',(2.,23.5,10.));
#4385=CARTESIAN_POINT('Origin',(2.,22.,10.));
#4386=CARTESIAN_POINT('',(2.,24.,9.5));
#4387=CARTESIAN_POINT('Origin',(2.,23.5,9.5));
#4388=CARTESIAN_POINT('Origin',(2.,22.,9.5));
#4389=CARTESIAN_POINT('Origin',(12.,23.5,9.5));
#4390=CARTESIAN_POINT('',(46.,23.5,10.));
#4391=CARTESIAN_POINT('',(46.,24.,9.5));
#4392=CARTESIAN_POINT('Origin',(46.,23.5,9.5));
#4393=CARTESIAN_POINT('',(36.,24.,9.5));
#4394=CARTESIAN_POINT('',(12.,24.,9.5));
#4395=CARTESIAN_POINT('',(28.,24.,9.5));
#4396=CARTESIAN_POINT('',(12.,24.,9.5));
#4397=CARTESIAN_POINT('',(20.,24.,9.5));
#4398=CARTESIAN_POINT('',(12.,24.,9.5));
#4399=CARTESIAN_POINT('',(12.,24.,9.5));
#4400=CARTESIAN_POINT('',(12.,24.,9.5));
#4401=CARTESIAN_POINT('',(12.,24.,9.5));
#4402=CARTESIAN_POINT('',(4.00000035762787,23.5,10.));
#4403=CARTESIAN_POINT('',(12.,23.5,10.));
#4404=CARTESIAN_POINT('',(44.0000003576279,23.5,10.));
#4405=CARTESIAN_POINT('',(12.,23.5,10.));
#4406=CARTESIAN_POINT('',(12.,23.5,10.));
#4407=CARTESIAN_POINT('Origin',(46.,22.,9.5));
#4408=CARTESIAN_POINT('',(47.5,22.,10.));
#4409=CARTESIAN_POINT('',(48.,22.,9.5));
#4410=CARTESIAN_POINT('Origin',(47.5,22.,9.5));
#4411=CARTESIAN_POINT('Origin',(46.,22.,9.5));
#4412=CARTESIAN_POINT('Origin',(46.,22.,10.));
#4413=CARTESIAN_POINT('Origin',(47.5,18.,9.5));
#4414=CARTESIAN_POINT('',(47.5,2.,10.));
#4415=CARTESIAN_POINT('',(48.,2.,9.5));
#4416=CARTESIAN_POINT('Origin',(47.5,2.,9.5));
#4417=CARTESIAN_POINT('',(48.,12.,9.5));
#4418=CARTESIAN_POINT('',(48.,18.,9.5));
#4419=CARTESIAN_POINT('',(48.,18.,9.5));
#4420=CARTESIAN_POINT('',(47.5,20.75,10.));
#4421=CARTESIAN_POINT('',(47.5,18.,10.));
#4422=CARTESIAN_POINT('',(47.5,20.0000001788139,10.));
#4423=CARTESIAN_POINT('',(47.5,18.,10.));
#4424=CARTESIAN_POINT('',(47.5,4.00000017881393,10.));
#4425=CARTESIAN_POINT('',(47.5,18.,10.));
#4426=CARTESIAN_POINT('',(47.5,3.25,10.));
#4427=CARTESIAN_POINT('',(47.5,18.,10.));
#4428=CARTESIAN_POINT('',(47.5,18.,10.));
#4429=CARTESIAN_POINT('Origin',(46.,2.,9.5));
#4430=CARTESIAN_POINT('',(46.,0.500000000000002,10.));
#4431=CARTESIAN_POINT('',(46.,0.,9.5));
#4432=CARTESIAN_POINT('Origin',(46.,0.500000000000002,9.5));
#4433=CARTESIAN_POINT('Origin',(46.,2.,9.5));
#4434=CARTESIAN_POINT('Origin',(46.,2.,10.));
#4435=CARTESIAN_POINT('Origin',(21.,0.5,9.5));
#4436=CARTESIAN_POINT('',(2.,0.5,10.));
#4437=CARTESIAN_POINT('',(2.,0.,9.5));
#4438=CARTESIAN_POINT('Origin',(2.,0.5,9.5));
#4439=CARTESIAN_POINT('',(12.,0.,9.5));
#4440=CARTESIAN_POINT('',(21.,0.,9.5));
#4441=CARTESIAN_POINT('',(20.,0.,9.5));
#4442=CARTESIAN_POINT('',(21.,0.,9.5));
#4443=CARTESIAN_POINT('',(28.,0.,9.5));
#4444=CARTESIAN_POINT('',(21.,0.,9.5));
#4445=CARTESIAN_POINT('',(36.,0.,9.5));
#4446=CARTESIAN_POINT('',(21.,0.,9.5));
#4447=CARTESIAN_POINT('',(21.,0.,9.5));
#4448=CARTESIAN_POINT('',(44.0000003576279,0.5,10.));
#4449=CARTESIAN_POINT('',(21.,0.5,10.));
#4450=CARTESIAN_POINT('',(4.00000035762787,0.5,10.));
#4451=CARTESIAN_POINT('',(21.,0.5,10.));
#4452=CARTESIAN_POINT('',(21.,0.5,10.));
#4453=CARTESIAN_POINT('Origin',(2.,2.,9.5));
#4454=CARTESIAN_POINT('',(0.499999999999999,2.,10.));
#4455=CARTESIAN_POINT('',(0.,2.,9.5));
#4456=CARTESIAN_POINT('Origin',(0.499999999999999,2.,9.5));
#4457=CARTESIAN_POINT('Origin',(2.,2.,9.5));
#4458=CARTESIAN_POINT('Origin',(2.,2.,10.));
#4459=CARTESIAN_POINT('Origin',(0.5,6.,9.5));
#4460=CARTESIAN_POINT('',(0.5,3.25,10.));
#4461=CARTESIAN_POINT('',(0.5,6.,10.));
#4462=CARTESIAN_POINT('',(0.5,4.00000017881393,10.));
#4463=CARTESIAN_POINT('',(0.5,6.,10.));
#4464=CARTESIAN_POINT('',(0.5,20.0000001788139,10.));
#4465=CARTESIAN_POINT('',(0.5,6.,10.));
#4466=CARTESIAN_POINT('',(0.5,20.75,10.));
#4467=CARTESIAN_POINT('',(0.5,6.,10.));
#4468=CARTESIAN_POINT('',(0.5,6.,10.));
#4469=CARTESIAN_POINT('',(0.,12.,9.5));
#4470=CARTESIAN_POINT('',(0.,6.,9.5));
#4471=CARTESIAN_POINT('',(0.,6.,9.5));
#4472=CARTESIAN_POINT('Origin',(18.,0.,0.));
#4473=CARTESIAN_POINT('',(36.,0.,2.5));
#4474=CARTESIAN_POINT('Origin',(36.,0.,6.));
#4475=CARTESIAN_POINT('Origin',(36.,0.,6.));
#4476=CARTESIAN_POINT('',(28.,0.,2.5));
#4477=CARTESIAN_POINT('Origin',(28.,0.,6.));
#4478=CARTESIAN_POINT('Origin',(28.,0.,6.));
#4479=CARTESIAN_POINT('',(20.,0.,2.5));
#4480=CARTESIAN_POINT('Origin',(20.,0.,6.));
#4481=CARTESIAN_POINT('Origin',(20.,0.,6.));
#4482=CARTESIAN_POINT('',(12.,0.,2.5));
#4483=CARTESIAN_POINT('Origin',(12.,0.,6.));
#4484=CARTESIAN_POINT('Origin',(12.,0.,6.));
#4485=CARTESIAN_POINT('',(2.,0.,-3.));
#4486=CARTESIAN_POINT('',(2.,0.,0.));
#4487=CARTESIAN_POINT('',(18.,0.,-3.));
#4488=CARTESIAN_POINT('',(0.,0.,-3.));
#4489=CARTESIAN_POINT('',(18.,0.,2.));
#4490=CARTESIAN_POINT('',(18.,0.,0.));
#4491=CARTESIAN_POINT('',(30.,0.,2.));
#4492=CARTESIAN_POINT('',(0.,0.,2.));
#4493=CARTESIAN_POINT('',(30.,0.,-3.));
#4494=CARTESIAN_POINT('',(30.,0.,0.));
#4495=CARTESIAN_POINT('',(46.,0.,-3.));
#4496=CARTESIAN_POINT('',(0.,0.,-3.));
#4497=CARTESIAN_POINT('',(46.,0.,0.));
#4498=CARTESIAN_POINT('Origin',(2.,2.,0.));
#4499=CARTESIAN_POINT('',(0.,2.,-3.));
#4500=CARTESIAN_POINT('',(0.,2.,0.));
#4501=CARTESIAN_POINT('Origin',(2.,2.,-3.));
#4502=CARTESIAN_POINT('Origin',(0.,0.,0.));
#4503=CARTESIAN_POINT('Origin',(0.,12.,6.00000008940697));
#4504=CARTESIAN_POINT('',(0.,22.,-3.));
#4505=CARTESIAN_POINT('',(0.,22.,0.));
#4506=CARTESIAN_POINT('',(0.,24.,-3.));
#4507=CARTESIAN_POINT('Origin',(2.,22.,0.));
#4508=CARTESIAN_POINT('',(2.,24.,-3.));
#4509=CARTESIAN_POINT('',(2.,24.,0.));
#4510=CARTESIAN_POINT('Origin',(2.,22.,-3.));
#4511=CARTESIAN_POINT('Origin',(24.,12.,10.));
#4512=CARTESIAN_POINT('',(46.0028040330125,1.12967311768205,10.));
#4513=CARTESIAN_POINT('Origin',(45.25,3.25,10.));
#4514=CARTESIAN_POINT('Origin',(44.0000003576279,4.00000017881393,10.));
#4515=CARTESIAN_POINT('Origin',(24.,12.,10.));
#4516=CARTESIAN_POINT('',(47.4751375366629,3.583561003317,10.));
#4517=CARTESIAN_POINT('Origin',(44.0000003576279,4.00000017881393,10.));
#4518=CARTESIAN_POINT('Origin',(45.25,3.25,10.));
#4519=CARTESIAN_POINT('Origin',(24.,12.,10.));
#4520=CARTESIAN_POINT('',(47.4751375604797,20.4164391555619,10.));
#4521=CARTESIAN_POINT('Origin',(45.25,20.75,10.));
#4522=CARTESIAN_POINT('Origin',(44.0000003576279,20.0000001788139,10.));
#4523=CARTESIAN_POINT('Origin',(24.,12.,10.));
#4524=CARTESIAN_POINT('',(46.0028050765112,22.8703265118323,10.));
#4525=CARTESIAN_POINT('Origin',(44.0000003576279,20.0000001788139,10.));
#4526=CARTESIAN_POINT('Origin',(45.25,20.75,10.));
#4527=CARTESIAN_POINT('Origin',(24.,12.,10.));
#4528=CARTESIAN_POINT('',(1.99719637971523,22.8703270288534,10.));
#4529=CARTESIAN_POINT('Origin',(2.74999999999999,20.75,10.));
#4530=CARTESIAN_POINT('Origin',(4.00000035762787,20.0000001788139,10.));
#4531=CARTESIAN_POINT('Origin',(24.,12.,10.));
#4532=CARTESIAN_POINT('',(0.524862837019534,20.4164365039108,10.));
#4533=CARTESIAN_POINT('Origin',(4.00000035762787,20.0000001788139,10.));
#4534=CARTESIAN_POINT('Origin',(2.74999999999999,20.75,10.));
#4535=CARTESIAN_POINT('Origin',(24.,12.,10.));
#4536=CARTESIAN_POINT('Origin',(4.00000035762787,20.0000001788139,10.));
#4537=CARTESIAN_POINT('Origin',(4.00000035762787,4.00000017881393,10.));
#4538=CARTESIAN_POINT('Origin',(44.0000003576279,4.00000017881393,10.));
#4539=CARTESIAN_POINT('Origin',(44.0000003576279,20.0000001788139,10.));
#4540=CARTESIAN_POINT('',(15.5000003576279,12.0000001788139,10.));
#4541=CARTESIAN_POINT('Origin',(12.0000003576279,12.0000001788139,10.));
#4542=CARTESIAN_POINT('',(31.5000003576279,12.0000001788139,10.));
#4543=CARTESIAN_POINT('Origin',(28.0000003576279,12.0000001788139,10.));
#4544=CARTESIAN_POINT('',(39.5000003576279,12.0000001788139,10.));
#4545=CARTESIAN_POINT('Origin',(36.0000003576279,12.0000001788139,10.));
#4546=CARTESIAN_POINT('',(23.5000003576279,12.0000001788139,10.));
#4547=CARTESIAN_POINT('Origin',(20.0000003576279,12.0000001788139,10.));
#4548=CARTESIAN_POINT('Origin',(24.,12.,10.));
#4549=CARTESIAN_POINT('',(0.524862860836392,3.58356365496681,10.));
#4550=CARTESIAN_POINT('Origin',(2.74999999999999,3.25,10.));
#4551=CARTESIAN_POINT('Origin',(4.00000035762787,4.00000017881393,10.));
#4552=CARTESIAN_POINT('Origin',(24.,12.,10.));
#4553=CARTESIAN_POINT('',(1.99719742321276,1.12967260066223,10.));
#4554=CARTESIAN_POINT('Origin',(4.00000035762787,4.00000017881393,10.));
#4555=CARTESIAN_POINT('Origin',(2.74999999999999,3.25,10.));
#4556=CARTESIAN_POINT('Origin',(0.5,12.,6.00000008940697));
#4557=CARTESIAN_POINT('',(0.5,12.,9.00000008940697));
#4558=CARTESIAN_POINT('Origin',(0.5,12.,9.50000008940697));
#4559=CARTESIAN_POINT('',(0.5,9.,6.00000008940697));
#4560=CARTESIAN_POINT('Origin',(0.5,12.,6.00000008940697));
#4561=CARTESIAN_POINT('Origin',(0.5,12.,6.00000008940697));
#4562=CARTESIAN_POINT('Origin',(-8.88178419700125E-15,12.,6.00000008940697));
#4563=CARTESIAN_POINT('',(1.49999999999999,9.,6.00000008940697));
#4564=CARTESIAN_POINT('',(-8.88178419700125E-15,9.,6.00000008940697));
#4565=CARTESIAN_POINT('Origin',(1.49999999999999,12.,6.00000008940697));
#4566=CARTESIAN_POINT('Origin',(12.,0.5,6.));
#4567=CARTESIAN_POINT('',(12.,0.5,3.));
#4568=CARTESIAN_POINT('Origin',(12.,0.5,2.5));
#4569=CARTESIAN_POINT('',(15.,0.5,6.));
#4570=CARTESIAN_POINT('Origin',(12.,0.5,6.));
#4571=CARTESIAN_POINT('Origin',(12.,0.5,6.));
#4572=CARTESIAN_POINT('Origin',(12.,0.,6.));
#4573=CARTESIAN_POINT('',(15.,1.5,6.));
#4574=CARTESIAN_POINT('',(15.,0.,6.));
#4575=CARTESIAN_POINT('Origin',(12.,1.5,6.));
#4576=CARTESIAN_POINT('Origin',(20.,0.5,6.));
#4577=CARTESIAN_POINT('',(20.,0.5,3.));
#4578=CARTESIAN_POINT('Origin',(20.,0.5,2.5));
#4579=CARTESIAN_POINT('',(23.,0.5,6.));
#4580=CARTESIAN_POINT('Origin',(20.,0.5,6.));
#4581=CARTESIAN_POINT('Origin',(20.,0.5,6.));
#4582=CARTESIAN_POINT('Origin',(20.,0.,6.));
#4583=CARTESIAN_POINT('',(23.,1.5,6.));
#4584=CARTESIAN_POINT('',(23.,0.,6.));
#4585=CARTESIAN_POINT('Origin',(20.,1.5,6.));
#4586=CARTESIAN_POINT('Origin',(28.,0.5,6.));
#4587=CARTESIAN_POINT('',(28.,0.5,3.));
#4588=CARTESIAN_POINT('Origin',(28.,0.5,2.5));
#4589=CARTESIAN_POINT('',(31.,0.5,6.));
#4590=CARTESIAN_POINT('Origin',(28.,0.5,6.));
#4591=CARTESIAN_POINT('Origin',(28.,0.5,6.));
#4592=CARTESIAN_POINT('Origin',(28.,0.,6.));
#4593=CARTESIAN_POINT('',(31.,1.5,6.));
#4594=CARTESIAN_POINT('',(31.,0.,6.));
#4595=CARTESIAN_POINT('Origin',(28.,1.5,6.));
#4596=CARTESIAN_POINT('Origin',(36.,0.5,6.));
#4597=CARTESIAN_POINT('',(36.,0.5,3.));
#4598=CARTESIAN_POINT('Origin',(36.,0.5,2.5));
#4599=CARTESIAN_POINT('',(39.,0.5,6.));
#4600=CARTESIAN_POINT('Origin',(36.,0.5,6.));
#4601=CARTESIAN_POINT('Origin',(36.,0.5,6.));
#4602=CARTESIAN_POINT('Origin',(36.,0.,6.));
#4603=CARTESIAN_POINT('',(39.,1.5,6.));
#4604=CARTESIAN_POINT('',(39.,0.,6.));
#4605=CARTESIAN_POINT('Origin',(36.,1.5,6.));
#4606=CARTESIAN_POINT('Origin',(47.5,12.,6.00000008940697));
#4607=CARTESIAN_POINT('',(48.,12.,2.50000008940697));
#4608=CARTESIAN_POINT('Origin',(48.,12.,6.00000008940697));
#4609=CARTESIAN_POINT('',(47.5,12.,3.00000008940697));
#4610=CARTESIAN_POINT('Origin',(47.5,12.,2.50000008940697));
#4611=CARTESIAN_POINT('',(47.5,9.,6.00000008940697));
#4612=CARTESIAN_POINT('Origin',(47.5,12.,6.00000008940697));
#4613=CARTESIAN_POINT('Origin',(47.5,12.,6.00000008940697));
#4614=CARTESIAN_POINT('Origin',(48.,12.,6.00000008940697));
#4615=CARTESIAN_POINT('Origin',(48.,24.,0.));
#4616=CARTESIAN_POINT('',(48.,2.,-3.));
#4617=CARTESIAN_POINT('',(48.,2.,0.));
#4618=CARTESIAN_POINT('',(48.,22.,-3.));
#4619=CARTESIAN_POINT('',(48.,0.,-3.));
#4620=CARTESIAN_POINT('',(48.,22.,0.));
#4621=CARTESIAN_POINT('Origin',(48.,12.,6.00000008940697));
#4622=CARTESIAN_POINT('',(46.5,9.,6.00000008940697));
#4623=CARTESIAN_POINT('',(48.,9.,6.00000008940697));
#4624=CARTESIAN_POINT('Origin',(46.5,12.,6.00000008940697));
#4625=CARTESIAN_POINT('Origin',(36.,23.5,6.));
#4626=CARTESIAN_POINT('Origin',(36.,24.,6.));
#4627=CARTESIAN_POINT('',(36.,23.5,9.));
#4628=CARTESIAN_POINT('Origin',(36.,23.5,9.5));
#4629=CARTESIAN_POINT('',(39.,23.5,6.));
#4630=CARTESIAN_POINT('Origin',(36.,23.5,6.));
#4631=CARTESIAN_POINT('Origin',(36.,23.5,6.));
#4632=CARTESIAN_POINT('Origin',(0.,24.,0.));
#4633=CARTESIAN_POINT('',(46.,24.,-3.));
#4634=CARTESIAN_POINT('',(46.,24.,0.));
#4635=CARTESIAN_POINT('',(48.,24.,-3.));
#4636=CARTESIAN_POINT('Origin',(12.,24.,6.));
#4637=CARTESIAN_POINT('Origin',(20.,24.,6.));
#4638=CARTESIAN_POINT('Origin',(28.,24.,6.));
#4639=CARTESIAN_POINT('Origin',(36.,24.,6.));
#4640=CARTESIAN_POINT('',(39.,22.5,6.));
#4641=CARTESIAN_POINT('',(39.,24.,6.));
#4642=CARTESIAN_POINT('Origin',(36.,22.5,6.));
#4643=CARTESIAN_POINT('Origin',(28.,23.5,6.));
#4644=CARTESIAN_POINT('',(28.,23.5,9.));
#4645=CARTESIAN_POINT('Origin',(28.,23.5,9.5));
#4646=CARTESIAN_POINT('',(31.,23.5,6.));
#4647=CARTESIAN_POINT('Origin',(28.,23.5,6.));
#4648=CARTESIAN_POINT('Origin',(28.,23.5,6.));
#4649=CARTESIAN_POINT('Origin',(28.,24.,6.));
#4650=CARTESIAN_POINT('',(31.,22.5,6.));
#4651=CARTESIAN_POINT('',(31.,24.,6.));
#4652=CARTESIAN_POINT('Origin',(28.,22.5,6.));
#4653=CARTESIAN_POINT('Origin',(20.,23.5,6.));
#4654=CARTESIAN_POINT('',(20.,23.5,9.));
#4655=CARTESIAN_POINT('Origin',(20.,23.5,9.5));
#4656=CARTESIAN_POINT('',(23.,23.5,6.));
#4657=CARTESIAN_POINT('Origin',(20.,23.5,6.));
#4658=CARTESIAN_POINT('Origin',(20.,23.5,6.));
#4659=CARTESIAN_POINT('Origin',(20.,24.,6.));
#4660=CARTESIAN_POINT('',(23.,22.5,6.));
#4661=CARTESIAN_POINT('',(23.,24.,6.));
#4662=CARTESIAN_POINT('Origin',(20.,22.5,6.));
#4663=CARTESIAN_POINT('Origin',(12.,23.5,6.));
#4664=CARTESIAN_POINT('',(12.,23.5,9.));
#4665=CARTESIAN_POINT('Origin',(12.,23.5,9.5));
#4666=CARTESIAN_POINT('',(15.,23.5,6.));
#4667=CARTESIAN_POINT('Origin',(12.,23.5,6.));
#4668=CARTESIAN_POINT('Origin',(12.,23.5,6.));
#4669=CARTESIAN_POINT('Origin',(12.,24.,6.));
#4670=CARTESIAN_POINT('',(15.,22.5,6.));
#4671=CARTESIAN_POINT('',(15.,24.,6.));
#4672=CARTESIAN_POINT('Origin',(12.,22.5,6.));
#4673=CARTESIAN_POINT('Origin',(4.00000035762787,20.0000001788139,9.5));
#4674=CARTESIAN_POINT('',(1.1043622818085,19.2156022352514,9.5));
#4675=CARTESIAN_POINT('Ctrl Pts',(1.1043622818085,19.2156022352514,9.5));
#4676=CARTESIAN_POINT('Ctrl Pts',(1.1043622818085,19.2156022352514,9.52251737761367));
#4677=CARTESIAN_POINT('Ctrl Pts',(1.10213584313932,19.217980192519,9.54490418188717));
#4678=CARTESIAN_POINT('Ctrl Pts',(1.09118710006022,19.2298242180377,9.60048810544231));
#4679=CARTESIAN_POINT('Ctrl Pts',(1.08000675109746,19.2420008087695,9.63168286189796));
#4680=CARTESIAN_POINT('Ctrl Pts',(1.04754430400228,19.2786305227398,9.69818616983876));
#4681=CARTESIAN_POINT('Ctrl Pts',(1.02270573530597,19.3073569361099,9.73424427739381));
#4682=CARTESIAN_POINT('Ctrl Pts',(0.949612567345923,19.3987320393467,9.81624903294069));
#4683=CARTESIAN_POINT('Ctrl Pts',(0.896817726689646,19.4696758603877,9.85799190600593));
#4684=CARTESIAN_POINT('Ctrl Pts',(0.780228334679707,19.6564814009484,9.92902503759005));
#4685=CARTESIAN_POINT('Ctrl Pts',(0.717889462144228,19.7728438861944,9.95563591092808));
#4686=CARTESIAN_POINT('Ctrl Pts',(0.597782853382505,20.0712292468653,9.9938699206304));
#4687=CARTESIAN_POINT('Ctrl Pts',(0.551048736904536,20.2417554621801,10.));
#4688=CARTESIAN_POINT('Ctrl Pts',(0.524862837019534,20.4164365039108,10.));
#4689=CARTESIAN_POINT('',(3.3294616247214,22.9241030852918,9.5));
#4690=CARTESIAN_POINT('Ctrl Pts',(1.99719637971523,22.8703270288534,10.));
#4691=CARTESIAN_POINT('Ctrl Pts',(2.0557859035443,22.8911287283314,10.));
#4692=CARTESIAN_POINT('Ctrl Pts',(2.1148456234895,22.9093616703915,9.99918958822544));
#4693=CARTESIAN_POINT('Ctrl Pts',(2.41466823176616,22.9887395675008,9.98965678480758));
#4694=CARTESIAN_POINT('Ctrl Pts',(2.63885075415817,23.0052935799068,9.96485567423739));
#4695=CARTESIAN_POINT('Ctrl Pts',(2.9643582907996,22.9938568679219,9.87723274325873));
#4696=CARTESIAN_POINT('Ctrl Pts',(3.07730049499914,22.9777402194325,9.82862191424216));
#4697=CARTESIAN_POINT('Ctrl Pts',(3.21416055527657,22.9522380338469,9.73150231185611));
#4698=CARTESIAN_POINT('Ctrl Pts',(3.2548426149101,22.9428251874423,9.69078659270184));
#4699=CARTESIAN_POINT('Ctrl Pts',(3.30300764810133,22.9310778870341,9.61668060807398));
#4700=CARTESIAN_POINT('Ctrl Pts',(3.31788438760836,22.9271680542364,9.58301749366462));
#4701=CARTESIAN_POINT('Ctrl Pts',(3.32795037763304,22.9245075282931,9.53116780703623));
#4702=CARTESIAN_POINT('Ctrl Pts',(3.3294616247214,22.9241030852918,9.51560513324147));
#4703=CARTESIAN_POINT('Ctrl Pts',(3.3294616247214,22.9241030852918,9.5));
#4704=CARTESIAN_POINT('Origin',(4.00000035762787,20.0000001788139,9.5));
#4705=CARTESIAN_POINT('Origin',(2.74999999999999,20.75,2.));
#4706=CARTESIAN_POINT('',(1.1043622818085,19.2156022352514,8.5));
#4707=CARTESIAN_POINT('',(1.1043622818085,19.2156022352514,2.));
#4708=CARTESIAN_POINT('',(1.88000352401689,18.6750045465647,8.5));
#4709=CARTESIAN_POINT('Origin',(2.74999999999999,20.75,8.5));
#4710=CARTESIAN_POINT('',(1.88000352401689,18.6750045465647,3.5));
#4711=CARTESIAN_POINT('',(1.88000352401689,18.6750045465647,3.5));
#4712=CARTESIAN_POINT('',(1.1043622818085,19.2156022352514,3.5));
#4713=CARTESIAN_POINT('Origin',(2.74999999999999,20.75,3.5));
#4714=CARTESIAN_POINT('',(1.1043622818085,19.2156022352514,2.));
#4715=CARTESIAN_POINT('',(1.1043622818085,19.2156022352514,2.));
#4716=CARTESIAN_POINT('',(5.,20.75,2.));
#4717=CARTESIAN_POINT('Origin',(2.74999999999999,20.75,2.));
#4718=CARTESIAN_POINT('',(5.,20.75,-0.5));
#4719=CARTESIAN_POINT('',(5.,20.75,2.));
#4720=CARTESIAN_POINT('Origin',(2.74999999999999,20.75,-0.5));
#4721=CARTESIAN_POINT('',(3.3294616247214,22.9241030852918,2.));
#4722=CARTESIAN_POINT('Origin',(2.74999999999999,20.75,2.));
#4723=CARTESIAN_POINT('',(3.3294616247214,22.9241030852918,3.5));
#4724=CARTESIAN_POINT('',(3.3294616247214,22.9241030852918,2.));
#4725=CARTESIAN_POINT('',(4.17146742772429,22.4941130559453,3.5));
#4726=CARTESIAN_POINT('Origin',(2.74999999999999,20.75,3.5));
#4727=CARTESIAN_POINT('',(4.17146742772429,22.4941130559453,8.5));
#4728=CARTESIAN_POINT('',(4.17146742772429,22.4941130559453,3.5));
#4729=CARTESIAN_POINT('',(3.3294616247214,22.9241030852918,8.5));
#4730=CARTESIAN_POINT('Origin',(2.74999999999999,20.75,8.5));
#4731=CARTESIAN_POINT('',(3.3294616247214,22.9241030852918,2.));
#4732=CARTESIAN_POINT('Origin',(4.00000035762787,20.0000001788139,2.));
#4733=CARTESIAN_POINT('Origin',(4.00000035762787,20.0000001788139,8.5));
#4734=CARTESIAN_POINT('Origin',(4.00000035762787,4.00000017881393,9.5));
#4735=CARTESIAN_POINT('',(3.32946234597298,1.07589710694285,9.5));
#4736=CARTESIAN_POINT('Ctrl Pts',(3.32946234597298,1.07589710694285,9.5));
#4737=CARTESIAN_POINT('Ctrl Pts',(3.32946234597298,1.07589710694285,9.52251724706552));
#4738=CARTESIAN_POINT('Ctrl Pts',(3.3263164494057,1.07505165136971,9.54490392590478));
#4739=CARTESIAN_POINT('Ctrl Pts',(3.31071361774595,1.0709646898824,9.60048771545589));
#4740=CARTESIAN_POINT('Ctrl Pts',(3.29470829128294,1.06682985387644,9.63168246412557));
#4741=CARTESIAN_POINT('Ctrl Pts',(3.24711167697706,1.05542407059406,9.69818573873639));
#4742=CARTESIAN_POINT('Ctrl Pts',(3.21007623352429,1.04702602562925,9.73424382251269));
#4743=CARTESIAN_POINT('Ctrl Pts',(3.09505476309483,1.02553215720836,9.81624852285657));
#4744=CARTESIAN_POINT('Ctrl Pts',(3.00761296019292,1.01233382128401,9.85799138509477));
#4745=CARTESIAN_POINT('Ctrl Pts',(2.78791926677531,0.997369209016767,9.92902470442702));
#4746=CARTESIAN_POINT('Ctrl Pts',(2.65591041292395,0.997123057342641,9.95563570080241));
#4747=CARTESIAN_POINT('Ctrl Pts',(2.33610795795532,1.03156319519689,9.99386989547923));
#4748=CARTESIAN_POINT('Ctrl Pts',(2.16365081971771,1.07057486611281,10.));
#4749=CARTESIAN_POINT('Ctrl Pts',(1.99719742321276,1.12967260066223,10.));
#4750=CARTESIAN_POINT('',(1.10436214525959,4.78439761830023,9.5));
#4751=CARTESIAN_POINT('Ctrl Pts',(0.524862860836391,3.58356365496681,10.));
#4752=CARTESIAN_POINT('Ctrl Pts',(0.534079890273109,3.64504863454123,10.));
#4753=CARTESIAN_POINT('Ctrl Pts',(0.545784683172154,3.70573968424465,9.99918960556631));
#4754=CARTESIAN_POINT('Ctrl Pts',(0.616838102130508,4.00764279240934,9.98965693563602));
#4755=CARTESIAN_POINT('Ctrl Pts',(0.707729249499563,4.21324116154938,9.96485593943019));
#4756=CARTESIAN_POINT('Ctrl Pts',(0.871000678443538,4.49507219114249,9.87723315570168));
#4757=CARTESIAN_POINT('Ctrl Pts',(0.93837069934454,4.58714300506344,9.82862231829268));
#4758=CARTESIAN_POINT('Ctrl Pts',(1.02527759605436,4.69590111020726,9.73150265219147));
#4759=CARTESIAN_POINT('Ctrl Pts',(1.05272762149503,4.72736753936074,9.69078690848681));
#4760=CARTESIAN_POINT('Ctrl Pts',(1.08575888002026,4.76433804173468,9.61668088132072));
#4761=CARTESIAN_POINT('Ctrl Pts',(1.09620958723638,4.77562468691382,9.58301775053071));
#4762=CARTESIAN_POINT('Ctrl Pts',(1.10329409757374,4.78325448008888,9.53116796424127));
#4763=CARTESIAN_POINT('Ctrl Pts',(1.10436214525959,4.78439761830023,9.51560521248155));
#4764=CARTESIAN_POINT('Ctrl Pts',(1.10436214525959,4.78439761830023,9.5));
#4765=CARTESIAN_POINT('Origin',(4.00000035762787,4.00000017881393,9.5));
#4766=CARTESIAN_POINT('Origin',(2.74999999999999,3.25,2.));
#4767=CARTESIAN_POINT('',(3.32946234597298,1.07589710694285,8.5));
#4768=CARTESIAN_POINT('',(3.32946234597298,1.07589710694285,2.));
#4769=CARTESIAN_POINT('',(4.17146790695107,1.50588733462883,8.5));
#4770=CARTESIAN_POINT('Origin',(2.74999999999999,3.25,8.5));
#4771=CARTESIAN_POINT('',(4.17146790695107,1.50588733462883,3.5));
#4772=CARTESIAN_POINT('',(4.17146790695107,1.50588733462883,3.5));
#4773=CARTESIAN_POINT('',(3.32946234597298,1.07589710694285,3.5));
#4774=CARTESIAN_POINT('Origin',(2.74999999999999,3.25,3.5));
#4775=CARTESIAN_POINT('',(3.32946234597298,1.07589710694285,2.));
#4776=CARTESIAN_POINT('',(3.32946234597298,1.07589710694285,2.));
#4777=CARTESIAN_POINT('',(4.99999999999999,3.25,2.));
#4778=CARTESIAN_POINT('Origin',(2.74999999999999,3.25,2.));
#4779=CARTESIAN_POINT('',(4.99999999999999,3.25,-0.5));
#4780=CARTESIAN_POINT('',(4.99999999999999,3.25,2.));
#4781=CARTESIAN_POINT('Origin',(2.74999999999999,3.25,-0.5));
#4782=CARTESIAN_POINT('',(1.10436214525959,4.78439761830023,2.));
#4783=CARTESIAN_POINT('Origin',(2.74999999999999,3.25,2.));
#4784=CARTESIAN_POINT('',(1.10436214525959,4.78439761830023,3.5));
#4785=CARTESIAN_POINT('',(1.10436214525959,4.78439761830023,2.));
#4786=CARTESIAN_POINT('',(1.88000322112901,5.32499532644151,3.5));
#4787=CARTESIAN_POINT('Origin',(2.74999999999999,3.25,3.5));
#4788=CARTESIAN_POINT('',(1.88000322112901,5.32499532644151,8.5));
#4789=CARTESIAN_POINT('',(1.88000322112901,5.32499532644151,3.5));
#4790=CARTESIAN_POINT('',(1.10436214525959,4.78439761830023,8.5));
#4791=CARTESIAN_POINT('Origin',(2.74999999999999,3.25,8.5));
#4792=CARTESIAN_POINT('',(1.10436214525959,4.78439761830023,2.));
#4793=CARTESIAN_POINT('Origin',(4.00000035762787,4.00000017881393,2.));
#4794=CARTESIAN_POINT('Origin',(4.00000035762787,4.00000017881393,8.5));
#4795=CARTESIAN_POINT('Origin',(12.0000003576279,12.0000001788139,9.5));
#4796=CARTESIAN_POINT('',(15.0000003576279,12.0000001788139,9.5));
#4797=CARTESIAN_POINT('Origin',(15.5000003576279,12.0000001788139,9.5));
#4798=CARTESIAN_POINT('Origin',(12.0000003576279,12.0000001788139,9.5));
#4799=CARTESIAN_POINT('Origin',(12.0000003576279,12.0000001788139,2.));
#4800=CARTESIAN_POINT('',(15.0000003576279,12.0000001788139,8.5));
#4801=CARTESIAN_POINT('',(15.0000003576279,12.0000001788139,2.));
#4802=CARTESIAN_POINT('Origin',(12.0000003576279,12.0000001788139,8.5));
#4803=CARTESIAN_POINT('Origin',(20.0000003576279,12.0000001788139,9.5));
#4804=CARTESIAN_POINT('',(23.0000003576279,12.0000001788139,9.5));
#4805=CARTESIAN_POINT('Origin',(23.5000003576279,12.0000001788139,9.5));
#4806=CARTESIAN_POINT('Origin',(20.0000003576279,12.0000001788139,9.5));
#4807=CARTESIAN_POINT('Origin',(20.0000003576279,12.0000001788139,2.));
#4808=CARTESIAN_POINT('',(23.0000003576279,12.0000001788139,8.5));
#4809=CARTESIAN_POINT('',(23.0000003576279,12.0000001788139,2.));
#4810=CARTESIAN_POINT('Origin',(20.0000003576279,12.0000001788139,8.5));
#4811=CARTESIAN_POINT('Origin',(28.0000003576279,12.0000001788139,9.5));
#4812=CARTESIAN_POINT('',(31.0000003576279,12.0000001788139,9.5));
#4813=CARTESIAN_POINT('Origin',(31.5000003576279,12.0000001788139,9.5));
#4814=CARTESIAN_POINT('Origin',(28.0000003576279,12.0000001788139,9.5));
#4815=CARTESIAN_POINT('Origin',(28.0000003576279,12.0000001788139,2.));
#4816=CARTESIAN_POINT('',(31.0000003576279,12.0000001788139,8.5));
#4817=CARTESIAN_POINT('',(31.0000003576279,12.0000001788139,2.));
#4818=CARTESIAN_POINT('Origin',(28.0000003576279,12.0000001788139,8.5));
#4819=CARTESIAN_POINT('Origin',(36.0000003576279,12.0000001788139,9.5));
#4820=CARTESIAN_POINT('',(39.0000003576279,12.0000001788139,9.5));
#4821=CARTESIAN_POINT('Origin',(39.5000003576279,12.0000001788139,9.5));
#4822=CARTESIAN_POINT('Origin',(36.0000003576279,12.0000001788139,9.5));
#4823=CARTESIAN_POINT('Origin',(36.0000003576279,12.0000001788139,2.));
#4824=CARTESIAN_POINT('',(39.0000003576279,12.0000001788139,8.5));
#4825=CARTESIAN_POINT('',(39.0000003576279,12.0000001788139,2.));
#4826=CARTESIAN_POINT('Origin',(36.0000003576279,12.0000001788139,8.5));
#4827=CARTESIAN_POINT('Origin',(44.0000003576279,20.0000001788139,9.5));
#4828=CARTESIAN_POINT('',(44.6705387060653,22.924103173456,9.5));
#4829=CARTESIAN_POINT('Ctrl Pts',(44.6705387060653,22.924103173456,9.5));
#4830=CARTESIAN_POINT('Ctrl Pts',(44.6705387060653,22.924103173456,9.51552530271293));
#4831=CARTESIAN_POINT('Ctrl Pts',(44.6720344438955,22.9245035026901,9.53107113389337));
#4832=CARTESIAN_POINT('Ctrl Pts',(44.6813500036911,22.9269657263195,9.57910726411477));
#4833=CARTESIAN_POINT('Ctrl Pts',(44.693977660701,22.9302868840381,9.60974647359067));
#4834=CARTESIAN_POINT('Ctrl Pts',(44.7349414788844,22.9403919097555,9.67749269331799));
#4835=CARTESIAN_POINT('Ctrl Pts',(44.7671212379912,22.947873253857,9.71192551178278));
#4836=CARTESIAN_POINT('Ctrl Pts',(44.8583705750712,22.9663826077117,9.78768231037763));
#4837=CARTESIAN_POINT('Ctrl Pts',(44.9302830218043,22.9788728277927,9.82853167038139));
#4838=CARTESIAN_POINT('Ctrl Pts',(45.1524512627712,23.0020087272937,9.91705203220274));
#4839=CARTESIAN_POINT('Ctrl Pts',(45.3192832847821,23.0070324555451,9.95375599676361));
#4840=CARTESIAN_POINT('Ctrl Pts',(45.6689119038834,22.9665088626996,9.99345380632017));
#4841=CARTESIAN_POINT('Ctrl Pts',(45.8353702369366,22.9297729209175,10.));
#4842=CARTESIAN_POINT('Ctrl Pts',(46.0028050765112,22.8703265118323,10.));
#4843=CARTESIAN_POINT('',(46.8956387263441,19.2156033164932,9.5));
#4844=CARTESIAN_POINT('Ctrl Pts',(47.4751375604797,20.4164391555619,10.));
#4845=CARTESIAN_POINT('Ctrl Pts',(47.4373934706271,20.1646536315188,10.));
#4846=CARTESIAN_POINT('Ctrl Pts',(47.3603521080075,19.9425906549659,9.98636619412256));
#4847=CARTESIAN_POINT('Ctrl Pts',(47.1919257921346,19.6003325372328,9.91567532160073));
#4848=CARTESIAN_POINT('Ctrl Pts',(47.1092599472863,19.4778391640517,9.8673431946174));
#4849=CARTESIAN_POINT('Ctrl Pts',(47.0009646879262,19.3354392489458,9.76460910035081));
#4850=CARTESIAN_POINT('Ctrl Pts',(46.9666530486953,19.2949895478246,9.72172529825005));
#4851=CARTESIAN_POINT('Ctrl Pts',(46.9247654635342,19.2472338923995,9.64388848393581));
#4852=CARTESIAN_POINT('Ctrl Pts',(46.9108774498109,19.2320657102805,9.60889460489291));
#4853=CARTESIAN_POINT('Ctrl Pts',(46.8981349237002,19.2182687897934,9.54736873329337));
#4854=CARTESIAN_POINT('Ctrl Pts',(46.8956387263441,19.2156033164932,9.52384445129375));
#4855=CARTESIAN_POINT('Ctrl Pts',(46.8956387263441,19.2156033164932,9.5));
#4856=CARTESIAN_POINT('Origin',(44.0000003576279,20.0000001788139,9.5));
#4857=CARTESIAN_POINT('Origin',(45.25,20.75,2.));
#4858=CARTESIAN_POINT('',(44.6705387060653,22.924103173456,8.5));
#4859=CARTESIAN_POINT('',(44.6705387060653,22.924103173456,2.));
#4860=CARTESIAN_POINT('',(43.8285325063831,22.4941130022422,8.5));
#4861=CARTESIAN_POINT('Origin',(45.25,20.75,8.5));
#4862=CARTESIAN_POINT('',(43.8285325063831,22.4941130022422,3.5));
#4863=CARTESIAN_POINT('',(43.8285325063831,22.4941130022422,3.5));
#4864=CARTESIAN_POINT('',(44.6705387060653,22.924103173456,3.5));
#4865=CARTESIAN_POINT('Origin',(45.25,20.75,3.5));
#4866=CARTESIAN_POINT('',(44.6705387060653,22.924103173456,2.));
#4867=CARTESIAN_POINT('',(44.6705387060653,22.924103173456,2.));
#4868=CARTESIAN_POINT('',(46.8956387263441,19.2156033164932,2.));
#4869=CARTESIAN_POINT('Origin',(45.25,20.75,2.));
#4870=CARTESIAN_POINT('',(46.8956387263441,19.2156033164932,3.5));
#4871=CARTESIAN_POINT('',(46.8956387263441,19.2156033164932,2.));
#4872=CARTESIAN_POINT('',(46.1199974452265,18.6750049529458,3.5));
#4873=CARTESIAN_POINT('Origin',(45.25,20.75,3.5));
#4874=CARTESIAN_POINT('',(46.1199974452265,18.6750049529458,8.5));
#4875=CARTESIAN_POINT('',(46.1199974452265,18.6750049529458,3.5));
#4876=CARTESIAN_POINT('',(46.8956387263441,19.2156033164932,8.5));
#4877=CARTESIAN_POINT('Origin',(45.25,20.75,8.5));
#4878=CARTESIAN_POINT('',(46.8956387263441,19.2156033164932,2.));
#4879=CARTESIAN_POINT('',(47.5,20.75,-0.5));
#4880=CARTESIAN_POINT('',(47.5,20.75,2.));
#4881=CARTESIAN_POINT('Origin',(45.25,20.75,-0.5));
#4882=CARTESIAN_POINT('Origin',(44.0000003576279,20.0000001788139,2.));
#4883=CARTESIAN_POINT('Origin',(44.0000003576279,20.0000001788139,8.5));
#4884=CARTESIAN_POINT('Origin',(44.0000003576279,4.00000017881393,9.5));
#4885=CARTESIAN_POINT('',(46.8956388628928,4.78439653705847,9.5));
#4886=CARTESIAN_POINT('Ctrl Pts',(46.8956388628928,4.78439653705848,9.5));
#4887=CARTESIAN_POINT('Ctrl Pts',(46.8956388628928,4.78439653705848,9.51552528255166));
#4888=CARTESIAN_POINT('Ctrl Pts',(46.8966959681279,4.78326516159265,9.5310710938575));
#4889=CARTESIAN_POINT('Ctrl Pts',(46.9032522984575,4.77620425546454,9.57910720663473));
#4890=CARTESIAN_POINT('Ctrl Pts',(46.9121251513937,4.76662510837676,9.60974641938013));
#4891=CARTESIAN_POINT('Ctrl Pts',(46.9403184227954,4.73523588271347,9.67749264104832));
#4892=CARTESIAN_POINT('Ctrl Pts',(46.9620630111206,4.71036262061449,9.71192545941057));
#4893=CARTESIAN_POINT('Ctrl Pts',(47.0213356206422,4.63855881597681,9.78768225354244));
#4894=CARTESIAN_POINT('Ctrl Pts',(47.0661975243176,4.58098443751904,9.8285316112648));
#4895=CARTESIAN_POINT('Ctrl Pts',(47.1911612305513,4.39584122676542,9.91705197081897));
#4896=CARTESIAN_POINT('Ctrl Pts',(47.2741030689564,4.25100070010792,9.9537559447606));
#4897=CARTESIAN_POINT('Ctrl Pts',(47.4028780756344,3.92343501886936,9.99345379533781));
#4898=CARTESIAN_POINT('Ctrl Pts',(47.4487973700795,3.7592724707961,10.));
#4899=CARTESIAN_POINT('Ctrl Pts',(47.4751375366629,3.583561003317,10.));
#4900=CARTESIAN_POINT('',(44.6705379848133,1.07589701877861,9.5));
#4901=CARTESIAN_POINT('Ctrl Pts',(46.0028040330124,1.12967311768205,10.));
#4902=CARTESIAN_POINT('Ctrl Pts',(45.7628783669159,1.0444895497299,10.));
#4903=CARTESIAN_POINT('Ctrl Pts',(45.5306856813347,1.00796712637761,9.98636618124707));
#4904=CARTESIAN_POINT('Ctrl Pts',(45.1494338927808,0.995516137907493,9.9156752803549));
#4905=CARTESIAN_POINT('Ctrl Pts',(45.0024500141748,1.01081270649583,9.86734315291411));
#4906=CARTESIAN_POINT('Ctrl Pts',(44.8258406471647,1.03935568278784,9.76460906779593));
#4907=CARTESIAN_POINT('Ctrl Pts',(44.7740031045008,1.05059552155478,9.7217252662054));
#4908=CARTESIAN_POINT('Ctrl Pts',(44.7121539843193,1.06508192486032,9.64388845086252));
#4909=CARTESIAN_POINT('Ctrl Pts',(44.6922347684655,1.0701980921416,9.60889456983418));
#4910=CARTESIAN_POINT('Ctrl Pts',(44.6740645493985,1.07494883194234,9.54736870845812));
#4911=CARTESIAN_POINT('Ctrl Pts',(44.6705379848133,1.07589701877861,9.52384443840293));
#4912=CARTESIAN_POINT('Ctrl Pts',(44.6705379848133,1.07589701877861,9.5));
#4913=CARTESIAN_POINT('Origin',(44.0000003576279,4.00000017881393,9.5));
#4914=CARTESIAN_POINT('Origin',(45.25,3.25,2.));
#4915=CARTESIAN_POINT('',(46.8956388628928,4.78439653705847,8.5));
#4916=CARTESIAN_POINT('',(46.8956388628928,4.78439653705847,2.));
#4917=CARTESIAN_POINT('',(46.1199977481144,5.32499492006027,8.5));
#4918=CARTESIAN_POINT('Origin',(45.25,3.25,8.5));
#4919=CARTESIAN_POINT('',(46.1199977481144,5.32499492006027,3.5));
#4920=CARTESIAN_POINT('',(46.1199977481144,5.32499492006027,3.5));
#4921=CARTESIAN_POINT('',(46.8956388628928,4.78439653705847,3.5));
#4922=CARTESIAN_POINT('Origin',(45.25,3.25,3.5));
#4923=CARTESIAN_POINT('',(46.8956388628928,4.78439653705847,2.));
#4924=CARTESIAN_POINT('',(46.8956388628928,4.78439653705847,2.));
#4925=CARTESIAN_POINT('',(44.6705379848133,1.07589701877861,2.));
#4926=CARTESIAN_POINT('Origin',(45.25,3.25,2.));
#4927=CARTESIAN_POINT('',(44.6705379848133,1.07589701877861,3.5));
#4928=CARTESIAN_POINT('',(44.6705379848133,1.07589701877861,2.));
#4929=CARTESIAN_POINT('',(43.8285320271561,1.50588738833207,3.5));
#4930=CARTESIAN_POINT('Origin',(45.25,3.25,3.5));
#4931=CARTESIAN_POINT('',(43.8285320271561,1.50588738833207,8.5));
#4932=CARTESIAN_POINT('',(43.8285320271561,1.50588738833207,3.5));
#4933=CARTESIAN_POINT('',(44.6705379848133,1.07589701877861,8.5));
#4934=CARTESIAN_POINT('Origin',(45.25,3.25,8.5));
#4935=CARTESIAN_POINT('',(44.6705379848133,1.07589701877861,2.));
#4936=CARTESIAN_POINT('',(47.5,3.25,-0.5));
#4937=CARTESIAN_POINT('',(47.5,3.25,2.));
#4938=CARTESIAN_POINT('Origin',(45.25,3.25,-0.5));
#4939=CARTESIAN_POINT('Origin',(44.0000003576279,4.00000017881393,2.));
#4940=CARTESIAN_POINT('Origin',(44.0000003576279,4.00000017881393,8.5));
#4941=CARTESIAN_POINT('Origin',(46.,2.,0.));
#4942=CARTESIAN_POINT('Origin',(46.,2.,-3.));
#4943=CARTESIAN_POINT('Origin',(46.,22.,0.));
#4944=CARTESIAN_POINT('Origin',(46.,22.,-3.));
#4945=CARTESIAN_POINT('Origin',(1.49999999999999,12.,6.00000008940697));
#4946=CARTESIAN_POINT('',(6.49999999999999,9.5,6.00000008940697));
#4947=CARTESIAN_POINT('Origin',(6.49999999999999,12.,6.00000008940697));
#4948=CARTESIAN_POINT('',(1.49999999999999,9.5,6.00000008940697));
#4949=CARTESIAN_POINT('',(1.49999999999999,9.5,6.00000008940697));
#4950=CARTESIAN_POINT('Origin',(1.49999999999999,12.,6.00000008940697));
#4951=CARTESIAN_POINT('Origin',(6.49999999999999,12.,6.00000008940697));
#4952=CARTESIAN_POINT('',(6.49999999999999,9.,6.00000008940697));
#4953=CARTESIAN_POINT('Origin',(6.49999999999999,12.,6.00000008940697));
#4954=CARTESIAN_POINT('Origin',(1.49999999999999,12.,6.00000008940697));
#4955=CARTESIAN_POINT('Origin',(46.5,12.,6.00000008940697));
#4956=CARTESIAN_POINT('',(41.5,9.5,6.00000008940697));
#4957=CARTESIAN_POINT('Origin',(41.5,12.,6.00000008940697));
#4958=CARTESIAN_POINT('',(46.5,9.5,6.00000008940697));
#4959=CARTESIAN_POINT('',(46.5,9.5,6.00000008940697));
#4960=CARTESIAN_POINT('Origin',(46.5,12.,6.00000008940697));
#4961=CARTESIAN_POINT('Origin',(46.5,12.,6.00000008940697));
#4962=CARTESIAN_POINT('Origin',(41.5,12.,6.00000008940697));
#4963=CARTESIAN_POINT('',(41.5,9.,6.00000008940697));
#4964=CARTESIAN_POINT('Origin',(41.5,12.,6.00000008940697));
#4965=CARTESIAN_POINT('Origin',(48.,12.,6.00000008940697));
#4966=CARTESIAN_POINT('',(40.,9.,6.00000008940697));
#4967=CARTESIAN_POINT('',(48.,9.,6.00000008940697));
#4968=CARTESIAN_POINT('Origin',(40.,12.,6.00000008940697));
#4969=CARTESIAN_POINT('Origin',(-8.88178419700125E-15,12.,6.00000008940697));
#4970=CARTESIAN_POINT('',(7.99999999999999,9.,6.00000008940697));
#4971=CARTESIAN_POINT('',(-8.88178419700125E-15,9.,6.00000008940697));
#4972=CARTESIAN_POINT('Origin',(7.99999999999999,12.,6.00000008940697));
#4973=CARTESIAN_POINT('Origin',(7.99999999999999,12.,6.00000008940697));
#4974=CARTESIAN_POINT('Origin',(40.,12.,6.00000008940697));
#4975=CARTESIAN_POINT('Origin',(12.,1.5,6.));
#4976=CARTESIAN_POINT('',(14.5,6.5,6.));
#4977=CARTESIAN_POINT('Origin',(12.,6.5,6.));
#4978=CARTESIAN_POINT('',(14.5,1.5,6.));
#4979=CARTESIAN_POINT('',(14.5,1.5,6.));
#4980=CARTESIAN_POINT('Origin',(12.,1.5,6.));
#4981=CARTESIAN_POINT('Origin',(12.,6.5,6.));
#4982=CARTESIAN_POINT('',(15.,6.5,6.));
#4983=CARTESIAN_POINT('Origin',(12.,6.5,6.));
#4984=CARTESIAN_POINT('Origin',(12.,1.5,6.));
#4985=CARTESIAN_POINT('Origin',(36.,1.5,6.));
#4986=CARTESIAN_POINT('',(38.5,6.5,6.));
#4987=CARTESIAN_POINT('Origin',(36.,6.5,6.));
#4988=CARTESIAN_POINT('',(38.5,1.5,6.));
#4989=CARTESIAN_POINT('',(38.5,1.5,6.));
#4990=CARTESIAN_POINT('Origin',(36.,1.5,6.));
#4991=CARTESIAN_POINT('Origin',(36.,6.5,6.));
#4992=CARTESIAN_POINT('',(39.,6.5,6.));
#4993=CARTESIAN_POINT('Origin',(36.,6.5,6.));
#4994=CARTESIAN_POINT('Origin',(36.,1.5,6.));
#4995=CARTESIAN_POINT('Origin',(20.,1.5,6.));
#4996=CARTESIAN_POINT('',(22.5,6.5,6.));
#4997=CARTESIAN_POINT('Origin',(20.,6.5,6.));
#4998=CARTESIAN_POINT('',(22.5,1.5,6.));
#4999=CARTESIAN_POINT('',(22.5,1.5,6.));
#5000=CARTESIAN_POINT('Origin',(20.,1.5,6.));
#5001=CARTESIAN_POINT('Origin',(20.,6.5,6.));
#5002=CARTESIAN_POINT('',(23.,6.5,6.));
#5003=CARTESIAN_POINT('Origin',(20.,6.5,6.));
#5004=CARTESIAN_POINT('Origin',(20.,1.5,6.));
#5005=CARTESIAN_POINT('Origin',(28.,1.5,6.));
#5006=CARTESIAN_POINT('',(30.5,6.5,6.));
#5007=CARTESIAN_POINT('Origin',(28.,6.5,6.));
#5008=CARTESIAN_POINT('',(30.5,1.5,6.));
#5009=CARTESIAN_POINT('',(30.5,1.5,6.));
#5010=CARTESIAN_POINT('Origin',(28.,1.5,6.));
#5011=CARTESIAN_POINT('Origin',(28.,6.5,6.));
#5012=CARTESIAN_POINT('',(31.,6.5,6.));
#5013=CARTESIAN_POINT('Origin',(28.,6.5,6.));
#5014=CARTESIAN_POINT('Origin',(28.,1.5,6.));
#5015=CARTESIAN_POINT('Origin',(12.,22.5,6.));
#5016=CARTESIAN_POINT('',(14.5,17.5,6.));
#5017=CARTESIAN_POINT('Origin',(12.,17.5,6.));
#5018=CARTESIAN_POINT('',(14.5,22.5,6.));
#5019=CARTESIAN_POINT('',(14.5,22.5,6.));
#5020=CARTESIAN_POINT('Origin',(12.,22.5,6.));
#5021=CARTESIAN_POINT('Origin',(12.,22.5,6.));
#5022=CARTESIAN_POINT('Origin',(12.,17.5,6.));
#5023=CARTESIAN_POINT('',(15.,17.5,6.));
#5024=CARTESIAN_POINT('Origin',(12.,17.5,6.));
#5025=CARTESIAN_POINT('Origin',(12.,24.,6.));
#5026=CARTESIAN_POINT('',(15.,16.,6.));
#5027=CARTESIAN_POINT('',(15.,24.,6.));
#5028=CARTESIAN_POINT('Origin',(12.,16.,6.));
#5029=CARTESIAN_POINT('Origin',(36.,22.5,6.));
#5030=CARTESIAN_POINT('',(38.5,17.5,6.));
#5031=CARTESIAN_POINT('Origin',(36.,17.5,6.));
#5032=CARTESIAN_POINT('',(38.5,22.5,6.));
#5033=CARTESIAN_POINT('',(38.5,22.5,6.));
#5034=CARTESIAN_POINT('Origin',(36.,22.5,6.));
#5035=CARTESIAN_POINT('Origin',(36.,22.5,6.));
#5036=CARTESIAN_POINT('Origin',(36.,17.5,6.));
#5037=CARTESIAN_POINT('',(39.,17.5,6.));
#5038=CARTESIAN_POINT('Origin',(36.,17.5,6.));
#5039=CARTESIAN_POINT('Origin',(36.,24.,6.));
#5040=CARTESIAN_POINT('',(39.,16.,6.));
#5041=CARTESIAN_POINT('',(39.,24.,6.));
#5042=CARTESIAN_POINT('Origin',(36.,16.,6.));
#5043=CARTESIAN_POINT('Origin',(20.,22.5,6.));
#5044=CARTESIAN_POINT('',(22.5,17.5,6.));
#5045=CARTESIAN_POINT('Origin',(20.,17.5,6.));
#5046=CARTESIAN_POINT('',(22.5,22.5,6.));
#5047=CARTESIAN_POINT('',(22.5,22.5,6.));
#5048=CARTESIAN_POINT('Origin',(20.,22.5,6.));
#5049=CARTESIAN_POINT('Origin',(20.,22.5,6.));
#5050=CARTESIAN_POINT('Origin',(20.,17.5,6.));
#5051=CARTESIAN_POINT('',(23.,17.5,6.));
#5052=CARTESIAN_POINT('Origin',(20.,17.5,6.));
#5053=CARTESIAN_POINT('Origin',(20.,24.,6.));
#5054=CARTESIAN_POINT('',(23.,16.,6.));
#5055=CARTESIAN_POINT('',(23.,24.,6.));
#5056=CARTESIAN_POINT('Origin',(20.,16.,6.));
#5057=CARTESIAN_POINT('Origin',(28.,22.5,6.));
#5058=CARTESIAN_POINT('',(30.5,17.5,6.));
#5059=CARTESIAN_POINT('Origin',(28.,17.5,6.));
#5060=CARTESIAN_POINT('',(30.5,22.5,6.));
#5061=CARTESIAN_POINT('',(30.5,22.5,6.));
#5062=CARTESIAN_POINT('Origin',(28.,22.5,6.));
#5063=CARTESIAN_POINT('Origin',(28.,22.5,6.));
#5064=CARTESIAN_POINT('Origin',(28.,17.5,6.));
#5065=CARTESIAN_POINT('',(31.,17.5,6.));
#5066=CARTESIAN_POINT('Origin',(28.,17.5,6.));
#5067=CARTESIAN_POINT('Origin',(28.,24.,6.));
#5068=CARTESIAN_POINT('',(31.,16.,6.));
#5069=CARTESIAN_POINT('',(31.,24.,6.));
#5070=CARTESIAN_POINT('Origin',(28.,16.,6.));
#5071=CARTESIAN_POINT('Origin',(28.,0.,6.));
#5072=CARTESIAN_POINT('',(31.,8.,6.));
#5073=CARTESIAN_POINT('',(31.,0.,6.));
#5074=CARTESIAN_POINT('Origin',(28.,8.,6.));
#5075=CARTESIAN_POINT('Origin',(28.,8.,6.));
#5076=CARTESIAN_POINT('Origin',(20.,0.,6.));
#5077=CARTESIAN_POINT('',(23.,8.,6.));
#5078=CARTESIAN_POINT('',(23.,0.,6.));
#5079=CARTESIAN_POINT('Origin',(20.,8.,6.));
#5080=CARTESIAN_POINT('Origin',(20.,8.,6.));
#5081=CARTESIAN_POINT('Origin',(36.,0.,6.));
#5082=CARTESIAN_POINT('',(39.,8.,6.));
#5083=CARTESIAN_POINT('',(39.,0.,6.));
#5084=CARTESIAN_POINT('Origin',(36.,8.,6.));
#5085=CARTESIAN_POINT('Origin',(36.,8.,6.));
#5086=CARTESIAN_POINT('Origin',(12.,0.,6.));
#5087=CARTESIAN_POINT('',(15.,8.,6.));
#5088=CARTESIAN_POINT('',(15.,0.,6.));
#5089=CARTESIAN_POINT('Origin',(12.,8.,6.));
#5090=CARTESIAN_POINT('Origin',(12.,8.,6.));
#5091=CARTESIAN_POINT('Origin',(28.,16.,6.));
#5092=CARTESIAN_POINT('Origin',(20.,16.,6.));
#5093=CARTESIAN_POINT('Origin',(36.,16.,6.));
#5094=CARTESIAN_POINT('Origin',(12.,16.,6.));
#5095=CARTESIAN_POINT('Origin',(44.0000003576279,4.00000017881393,3.5));
#5096=CARTESIAN_POINT('Origin',(44.0000003576279,4.00000017881393,3.5));
#5097=CARTESIAN_POINT('Origin',(44.0000003576279,4.00000017881393,8.5));
#5098=CARTESIAN_POINT('Origin',(43.9478196102603,4.00000017881393,8.5));
#5099=CARTESIAN_POINT('Origin',(43.9478196102603,4.00000017881393,3.5));
#5100=CARTESIAN_POINT('Origin',(44.0000003576279,4.00000017881393,3.5));
#5101=CARTESIAN_POINT('Origin',(44.0000003576279,4.00000017881393,2.));
#5102=CARTESIAN_POINT('Origin',(44.0000003576279,4.00000017881393,2.));
#5103=CARTESIAN_POINT('Origin',(20.0000003576279,12.0000001788139,3.5));
#5104=CARTESIAN_POINT('',(22.5000003576279,12.0000001788139,8.5));
#5105=CARTESIAN_POINT('Origin',(20.0000003576279,12.0000001788139,8.5));
#5106=CARTESIAN_POINT('',(22.5000003576279,12.0000001788139,3.5));
#5107=CARTESIAN_POINT('',(22.5000003576279,12.0000001788139,3.5));
#5108=CARTESIAN_POINT('Origin',(20.0000003576279,12.0000001788139,3.5));
#5109=CARTESIAN_POINT('Origin',(20.0000003576279,12.0000001788139,8.5));
#5110=CARTESIAN_POINT('Origin',(20.0000003576279,12.0000001788139,3.5));
#5111=CARTESIAN_POINT('',(23.0000003576279,12.0000001788139,3.5));
#5112=CARTESIAN_POINT('Origin',(20.0000003576279,12.0000001788139,3.5));
#5113=CARTESIAN_POINT('Origin',(20.0000003576279,12.0000001788139,2.));
#5114=CARTESIAN_POINT('',(23.0000003576279,12.0000001788139,0.));
#5115=CARTESIAN_POINT('',(23.0000003576279,12.0000001788139,2.));
#5116=CARTESIAN_POINT('Origin',(20.0000003576279,12.0000001788139,0.));
#5117=CARTESIAN_POINT('Origin',(4.00000035762787,20.0000001788139,3.5));
#5118=CARTESIAN_POINT('Origin',(4.00000035762787,20.0000001788139,3.5));
#5119=CARTESIAN_POINT('Origin',(4.00000035762787,20.0000001788139,8.5));
#5120=CARTESIAN_POINT('Origin',(4.05218131971819,20.0000001788139,8.5));
#5121=CARTESIAN_POINT('Origin',(4.05218131971819,20.0000001788139,3.5));
#5122=CARTESIAN_POINT('Origin',(4.00000035762787,20.0000001788139,3.5));
#5123=CARTESIAN_POINT('Origin',(28.0000003576279,12.0000001788139,3.5));
#5124=CARTESIAN_POINT('',(30.5000003576279,12.0000001788139,8.5));
#5125=CARTESIAN_POINT('Origin',(28.0000003576279,12.0000001788139,8.5));
#5126=CARTESIAN_POINT('',(30.5000003576279,12.0000001788139,3.5));
#5127=CARTESIAN_POINT('',(30.5000003576279,12.0000001788139,3.5));
#5128=CARTESIAN_POINT('Origin',(28.0000003576279,12.0000001788139,3.5));
#5129=CARTESIAN_POINT('Origin',(28.0000003576279,12.0000001788139,8.5));
#5130=CARTESIAN_POINT('Origin',(28.0000003576279,12.0000001788139,3.5));
#5131=CARTESIAN_POINT('',(31.0000003576279,12.0000001788139,3.5));
#5132=CARTESIAN_POINT('Origin',(28.0000003576279,12.0000001788139,3.5));
#5133=CARTESIAN_POINT('Origin',(28.0000003576279,12.0000001788139,2.));
#5134=CARTESIAN_POINT('',(31.0000003576279,12.0000001788139,0.));
#5135=CARTESIAN_POINT('',(31.0000003576279,12.0000001788139,2.));
#5136=CARTESIAN_POINT('Origin',(28.0000003576279,12.0000001788139,0.));
#5137=CARTESIAN_POINT('Origin',(44.0000003576279,20.0000001788139,3.5));
#5138=CARTESIAN_POINT('Origin',(44.0000003576279,20.0000001788139,3.5));
#5139=CARTESIAN_POINT('Origin',(44.0000003576279,20.0000001788139,8.5));
#5140=CARTESIAN_POINT('Origin',(43.947819541986,20.0000001788139,8.5));
#5141=CARTESIAN_POINT('Origin',(43.947819541986,20.0000001788139,3.5));
#5142=CARTESIAN_POINT('Origin',(44.0000003576279,20.0000001788139,3.5));
#5143=CARTESIAN_POINT('Origin',(44.0000003576279,20.0000001788139,2.));
#5144=CARTESIAN_POINT('Origin',(44.0000003576279,20.0000001788139,2.));
#5145=CARTESIAN_POINT('Origin',(12.0000003576279,12.0000001788139,3.5));
#5146=CARTESIAN_POINT('',(14.5000003576279,12.0000001788139,8.5));
#5147=CARTESIAN_POINT('Origin',(12.0000003576279,12.0000001788139,8.5));
#5148=CARTESIAN_POINT('',(14.5000003576279,12.0000001788139,3.5));
#5149=CARTESIAN_POINT('',(14.5000003576279,12.0000001788139,3.5));
#5150=CARTESIAN_POINT('Origin',(12.0000003576279,12.0000001788139,3.5));
#5151=CARTESIAN_POINT('Origin',(12.0000003576279,12.0000001788139,8.5));
#5152=CARTESIAN_POINT('Origin',(12.0000003576279,12.0000001788139,3.5));
#5153=CARTESIAN_POINT('',(15.0000003576279,12.0000001788139,3.5));
#5154=CARTESIAN_POINT('Origin',(12.0000003576279,12.0000001788139,3.5));
#5155=CARTESIAN_POINT('Origin',(12.0000003576279,12.0000001788139,2.));
#5156=CARTESIAN_POINT('',(15.0000003576279,12.0000001788139,0.));
#5157=CARTESIAN_POINT('',(15.0000003576279,12.0000001788139,2.));
#5158=CARTESIAN_POINT('Origin',(12.0000003576279,12.0000001788139,0.));
#5159=CARTESIAN_POINT('Origin',(4.00000035762787,4.00000017881393,3.5));
#5160=CARTESIAN_POINT('Origin',(4.00000035762787,4.00000017881393,3.5));
#5161=CARTESIAN_POINT('Origin',(4.00000035762787,4.00000017881393,8.5));
#5162=CARTESIAN_POINT('Origin',(4.05218125144373,4.00000017881393,8.5));
#5163=CARTESIAN_POINT('Origin',(4.05218125144373,4.00000017881393,3.5));
#5164=CARTESIAN_POINT('Origin',(4.00000035762787,4.00000017881393,3.5));
#5165=CARTESIAN_POINT('Origin',(36.0000003576279,12.0000001788139,3.5));
#5166=CARTESIAN_POINT('',(38.5000003576279,12.0000001788139,8.5));
#5167=CARTESIAN_POINT('Origin',(36.0000003576279,12.0000001788139,8.5));
#5168=CARTESIAN_POINT('',(38.5000003576279,12.0000001788139,3.5));
#5169=CARTESIAN_POINT('',(38.5000003576279,12.0000001788139,3.5));
#5170=CARTESIAN_POINT('Origin',(36.0000003576279,12.0000001788139,3.5));
#5171=CARTESIAN_POINT('Origin',(36.0000003576279,12.0000001788139,8.5));
#5172=CARTESIAN_POINT('Origin',(36.0000003576279,12.0000001788139,3.5));
#5173=CARTESIAN_POINT('',(39.0000003576279,12.0000001788139,3.5));
#5174=CARTESIAN_POINT('Origin',(36.0000003576279,12.0000001788139,3.5));
#5175=CARTESIAN_POINT('Origin',(36.0000003576279,12.0000001788139,2.));
#5176=CARTESIAN_POINT('',(39.0000003576279,12.0000001788139,0.));
#5177=CARTESIAN_POINT('',(39.0000003576279,12.0000001788139,2.));
#5178=CARTESIAN_POINT('Origin',(36.0000003576279,12.0000001788139,0.));
#5179=CARTESIAN_POINT('Origin',(2.74999999999999,3.25,-0.5));
#5180=CARTESIAN_POINT('',(1.44999999999999,3.25,-0.5));
#5181=CARTESIAN_POINT('Origin',(2.74999999999999,3.25,-0.5));
#5182=CARTESIAN_POINT('Origin',(45.25,20.75,-0.5));
#5183=CARTESIAN_POINT('',(43.95,20.75,-0.5));
#5184=CARTESIAN_POINT('Origin',(45.25,20.75,-0.5));
#5185=CARTESIAN_POINT('Origin',(2.74999999999999,20.75,-0.5));
#5186=CARTESIAN_POINT('',(1.44999999999999,20.75,-0.5));
#5187=CARTESIAN_POINT('Origin',(2.74999999999999,20.75,-0.5));
#5188=CARTESIAN_POINT('Origin',(45.25,3.25,-0.5));
#5189=CARTESIAN_POINT('',(43.95,3.25,-0.5));
#5190=CARTESIAN_POINT('Origin',(45.25,3.25,-0.5));
#5191=CARTESIAN_POINT('Origin',(24.,12.,2.));
#5192=CARTESIAN_POINT('Origin',(4.00000035762787,4.00000017881393,2.));
#5193=CARTESIAN_POINT('Origin',(24.,12.,2.));
#5194=CARTESIAN_POINT('Origin',(4.00000035762787,20.0000001788139,2.));
#5195=CARTESIAN_POINT('Origin',(24.,12.,2.));
#5196=CARTESIAN_POINT('',(18.,4.5,2.));
#5197=CARTESIAN_POINT('',(18.,4.5,2.));
#5198=CARTESIAN_POINT('',(30.,4.5,2.));
#5199=CARTESIAN_POINT('',(30.,4.5,2.));
#5200=CARTESIAN_POINT('',(30.,0.,2.));
#5201=CARTESIAN_POINT('Origin',(4.00000035762787,20.0000001788139,2.));
#5202=CARTESIAN_POINT('Origin',(4.00000035762787,4.00000017881393,2.));
#5203=CARTESIAN_POINT('Origin',(24.,12.,2.));
#5204=CARTESIAN_POINT('Origin',(18.,4.5,0.));
#5205=CARTESIAN_POINT('',(30.,4.5,0.));
#5206=CARTESIAN_POINT('',(18.,4.5,0.));
#5207=CARTESIAN_POINT('',(30.,4.5,0.));
#5208=CARTESIAN_POINT('',(30.,4.5,0.));
#5209=CARTESIAN_POINT('',(18.,4.5,0.));
#5210=CARTESIAN_POINT('Origin',(24.,12.,2.));
#5211=CARTESIAN_POINT('Origin',(24.,12.,0.));
#5212=CARTESIAN_POINT('',(30.,3.25,0.));
#5213=CARTESIAN_POINT('',(40.3446457824128,3.25,0.));
#5214=CARTESIAN_POINT('',(30.,3.25,0.));
#5215=CARTESIAN_POINT('',(30.,0.,0.));
#5216=CARTESIAN_POINT('',(18.,3.25,0.));
#5217=CARTESIAN_POINT('',(18.,4.5,0.));
#5218=CARTESIAN_POINT('',(7.65535421758714,3.25,0.));
#5219=CARTESIAN_POINT('',(7.65535421758714,3.25,0.));
#5220=CARTESIAN_POINT('',(5.09603897362863,4.68478260869565,0.));
#5221=CARTESIAN_POINT('Origin',(7.65535421758714,6.25,0.));
#5222=CARTESIAN_POINT('',(3.34782608695652,5.93423247312044,0.));
#5223=CARTESIAN_POINT('Origin',(2.74999999999999,3.25,0.));
#5224=CARTESIAN_POINT('',(0.999999999999997,8.86248608016091,0.));
#5225=CARTESIAN_POINT('Origin',(3.99999999999999,8.86248608016091,0.));
#5226=CARTESIAN_POINT('',(0.999999999999999,15.1375139198391,0.));
#5227=CARTESIAN_POINT('',(0.999999999999997,15.1375139198391,0.));
#5228=CARTESIAN_POINT('',(3.34782608695652,18.0657675268796,0.));
#5229=CARTESIAN_POINT('Origin',(4.,15.1375139198391,0.));
#5230=CARTESIAN_POINT('',(5.09603897362863,19.3152173913044,0.));
#5231=CARTESIAN_POINT('Origin',(2.74999999999999,20.75,0.));
#5232=CARTESIAN_POINT('',(7.65535421758714,20.75,0.));
#5233=CARTESIAN_POINT('Origin',(7.65535421758714,17.75,0.));
#5234=CARTESIAN_POINT('',(40.3446457824129,20.75,0.));
#5235=CARTESIAN_POINT('',(40.3446457824129,20.75,0.));
#5236=CARTESIAN_POINT('',(42.9039610263714,19.3152173913043,0.));
#5237=CARTESIAN_POINT('Origin',(40.3446457824129,17.75,0.));
#5238=CARTESIAN_POINT('',(44.6521739130435,18.0657675268796,0.));
#5239=CARTESIAN_POINT('Origin',(45.25,20.75,0.));
#5240=CARTESIAN_POINT('',(47.,15.1375139198391,0.));
#5241=CARTESIAN_POINT('Origin',(44.,15.1375139198391,0.));
#5242=CARTESIAN_POINT('',(47.,8.86248608016092,0.));
#5243=CARTESIAN_POINT('',(47.,8.86248608016092,0.));
#5244=CARTESIAN_POINT('',(44.6521739130435,5.93423247312045,0.));
#5245=CARTESIAN_POINT('Origin',(44.,8.86248608016092,0.));
#5246=CARTESIAN_POINT('',(42.9039610263714,4.68478260869566,0.));
#5247=CARTESIAN_POINT('Origin',(45.25,3.25,0.));
#5248=CARTESIAN_POINT('Origin',(40.3446457824128,6.25,0.));
#5249=CARTESIAN_POINT('Origin',(2.74999999999999,20.75,0.));
#5250=CARTESIAN_POINT('',(1.44999999999999,20.75,-3.));
#5251=CARTESIAN_POINT('Origin',(2.74999999999999,20.75,-3.));
#5252=CARTESIAN_POINT('',(1.44999999999999,20.75,0.));
#5253=CARTESIAN_POINT('Origin',(45.25,3.25,0.));
#5254=CARTESIAN_POINT('',(43.95,3.25,-3.));
#5255=CARTESIAN_POINT('Origin',(45.25,3.25,-3.));
#5256=CARTESIAN_POINT('',(43.95,3.25,0.));
#5257=CARTESIAN_POINT('Origin',(45.25,20.75,0.));
#5258=CARTESIAN_POINT('',(43.95,20.75,-3.));
#5259=CARTESIAN_POINT('Origin',(45.25,20.75,-3.));
#5260=CARTESIAN_POINT('',(43.95,20.75,0.));
#5261=CARTESIAN_POINT('Origin',(2.74999999999999,3.25,0.));
#5262=CARTESIAN_POINT('',(1.44999999999999,3.25,-3.));
#5263=CARTESIAN_POINT('Origin',(2.74999999999999,3.25,-3.));
#5264=CARTESIAN_POINT('',(1.44999999999999,3.25,0.));
#5265=CARTESIAN_POINT('Origin',(18.,3.25,0.));
#5266=CARTESIAN_POINT('',(18.,3.25,-3.));
#5267=CARTESIAN_POINT('',(18.,4.5,-3.));
#5268=CARTESIAN_POINT('',(18.,3.25,0.));
#5269=CARTESIAN_POINT('Origin',(7.65535421758714,3.25,0.));
#5270=CARTESIAN_POINT('',(7.65535421758714,3.25,-3.));
#5271=CARTESIAN_POINT('',(7.65535421758714,3.25,-3.));
#5272=CARTESIAN_POINT('',(7.65535421758714,3.25,0.));
#5273=CARTESIAN_POINT('Origin',(7.65535421758714,6.25,0.));
#5274=CARTESIAN_POINT('',(5.09603897362863,4.68478260869565,-3.));
#5275=CARTESIAN_POINT('Origin',(7.65535421758714,6.25,-3.));
#5276=CARTESIAN_POINT('',(5.09603897362863,4.68478260869565,0.));
#5277=CARTESIAN_POINT('Origin',(2.74999999999999,3.25,0.));
#5278=CARTESIAN_POINT('',(3.34782608695652,5.93423247312044,-3.));
#5279=CARTESIAN_POINT('Origin',(2.74999999999999,3.25,-3.));
#5280=CARTESIAN_POINT('',(3.34782608695652,5.93423247312044,0.));
#5281=CARTESIAN_POINT('Origin',(3.99999999999999,8.86248608016091,0.));
#5282=CARTESIAN_POINT('',(0.999999999999997,8.86248608016091,-3.));
#5283=CARTESIAN_POINT('Origin',(3.99999999999999,8.86248608016091,-3.));
#5284=CARTESIAN_POINT('',(0.999999999999997,8.86248608016091,0.));
#5285=CARTESIAN_POINT('Origin',(0.999999999999997,15.1375139198391,0.));
#5286=CARTESIAN_POINT('',(0.999999999999999,15.1375139198391,-3.));
#5287=CARTESIAN_POINT('',(0.999999999999997,15.1375139198391,-3.));
#5288=CARTESIAN_POINT('',(0.999999999999999,15.1375139198391,0.));
#5289=CARTESIAN_POINT('Origin',(4.,15.1375139198391,0.));
#5290=CARTESIAN_POINT('',(3.34782608695652,18.0657675268796,-3.));
#5291=CARTESIAN_POINT('Origin',(4.,15.1375139198391,-3.));
#5292=CARTESIAN_POINT('',(3.34782608695652,18.0657675268796,0.));
#5293=CARTESIAN_POINT('Origin',(2.74999999999999,20.75,0.));
#5294=CARTESIAN_POINT('',(5.09603897362863,19.3152173913044,-3.));
#5295=CARTESIAN_POINT('Origin',(2.74999999999999,20.75,-3.));
#5296=CARTESIAN_POINT('',(5.09603897362863,19.3152173913044,0.));
#5297=CARTESIAN_POINT('Origin',(7.65535421758714,17.75,0.));
#5298=CARTESIAN_POINT('',(7.65535421758714,20.75,-3.));
#5299=CARTESIAN_POINT('Origin',(7.65535421758714,17.75,-3.));
#5300=CARTESIAN_POINT('',(7.65535421758714,20.75,0.));
#5301=CARTESIAN_POINT('Origin',(40.3446457824129,20.75,0.));
#5302=CARTESIAN_POINT('',(40.3446457824129,20.75,-3.));
#5303=CARTESIAN_POINT('',(40.3446457824129,20.75,-3.));
#5304=CARTESIAN_POINT('',(40.3446457824129,20.75,0.));
#5305=CARTESIAN_POINT('Origin',(40.3446457824129,17.75,0.));
#5306=CARTESIAN_POINT('',(42.9039610263714,19.3152173913043,-3.));
#5307=CARTESIAN_POINT('Origin',(40.3446457824129,17.75,-3.));
#5308=CARTESIAN_POINT('',(42.9039610263714,19.3152173913043,0.));
#5309=CARTESIAN_POINT('Origin',(45.25,20.75,0.));
#5310=CARTESIAN_POINT('',(44.6521739130435,18.0657675268796,-3.));
#5311=CARTESIAN_POINT('Origin',(45.25,20.75,-3.));
#5312=CARTESIAN_POINT('',(44.6521739130435,18.0657675268796,0.));
#5313=CARTESIAN_POINT('Origin',(44.,15.1375139198391,0.));
#5314=CARTESIAN_POINT('',(47.,15.1375139198391,-3.));
#5315=CARTESIAN_POINT('Origin',(44.,15.1375139198391,-3.));
#5316=CARTESIAN_POINT('',(47.,15.1375139198391,0.));
#5317=CARTESIAN_POINT('Origin',(47.,8.86248608016092,0.));
#5318=CARTESIAN_POINT('',(47.,8.86248608016092,-3.));
#5319=CARTESIAN_POINT('',(47.,8.86248608016092,-3.));
#5320=CARTESIAN_POINT('',(47.,8.86248608016092,0.));
#5321=CARTESIAN_POINT('Origin',(44.,8.86248608016092,0.));
#5322=CARTESIAN_POINT('',(44.6521739130435,5.93423247312045,-3.));
#5323=CARTESIAN_POINT('Origin',(44.,8.86248608016092,-3.));
#5324=CARTESIAN_POINT('',(44.6521739130435,5.93423247312045,0.));
#5325=CARTESIAN_POINT('Origin',(45.25,3.25,0.));
#5326=CARTESIAN_POINT('',(42.9039610263714,4.68478260869566,-3.));
#5327=CARTESIAN_POINT('Origin',(45.25,3.25,-3.));
#5328=CARTESIAN_POINT('',(42.9039610263714,4.68478260869566,0.));
#5329=CARTESIAN_POINT('Origin',(40.3446457824128,6.25,0.));
#5330=CARTESIAN_POINT('',(40.3446457824128,3.25,-3.));
#5331=CARTESIAN_POINT('Origin',(40.3446457824128,6.25,-3.));
#5332=CARTESIAN_POINT('',(40.3446457824128,3.25,0.));
#5333=CARTESIAN_POINT('Origin',(30.,3.25,0.));
#5334=CARTESIAN_POINT('',(30.,3.25,-3.));
#5335=CARTESIAN_POINT('',(30.,3.25,-3.));
#5336=CARTESIAN_POINT('',(30.,3.25,0.));
#5337=CARTESIAN_POINT('Origin',(30.,0.,0.));
#5338=CARTESIAN_POINT('',(30.,0.,-3.));
#5339=CARTESIAN_POINT('Origin',(24.,12.,-3.));
#5340=UNCERTAINTY_MEASURE_WITH_UNIT(LENGTH_MEASURE(0.01),#5344,
'DISTANCE_ACCURACY_VALUE',
'Maximum model space distance between geometric entities at asserted c
onnectivities');
#5341=UNCERTAINTY_MEASURE_WITH_UNIT(LENGTH_MEASURE(0.01),#5344,
'DISTANCE_ACCURACY_VALUE',
'Maximum model space distance between geometric entities at asserted c
onnectivities');
#5342=(
GEOMETRIC_REPRESENTATION_CONTEXT(3)
GLOBAL_UNCERTAINTY_ASSIGNED_CONTEXT((#5340))
GLOBAL_UNIT_ASSIGNED_CONTEXT((#5344,#5346,#5347))
REPRESENTATION_CONTEXT('','3D')
);
#5343=(
GEOMETRIC_REPRESENTATION_CONTEXT(3)
GLOBAL_UNCERTAINTY_ASSIGNED_CONTEXT((#5341))
GLOBAL_UNIT_ASSIGNED_CONTEXT((#5344,#5346,#5347))
REPRESENTATION_CONTEXT('','3D')
);
#5344=(
LENGTH_UNIT()
NAMED_UNIT(*)
SI_UNIT(.MILLI.,.METRE.)
);
#5345=(
LENGTH_UNIT()
NAMED_UNIT(*)
SI_UNIT($,.METRE.)
);
#5346=(
NAMED_UNIT(*)
PLANE_ANGLE_UNIT()
SI_UNIT($,.RADIAN.)
);
#5347=(
NAMED_UNIT(*)
SI_UNIT($,.STERADIAN.)
SOLID_ANGLE_UNIT()
);
#5348=SHAPE_DEFINITION_REPRESENTATION(#5349,#5350);
#5349=PRODUCT_DEFINITION_SHAPE('',$,#5352);
#5350=SHAPE_REPRESENTATION('',(#2925),#5342);
#5351=PRODUCT_DEFINITION_CONTEXT('part definition',#5356,'design');
#5352=PRODUCT_DEFINITION('ultrazvuk','ultrazvuk v1',#5353,#5351);
#5353=PRODUCT_DEFINITION_FORMATION('',$,#5358);
#5354=PRODUCT_RELATED_PRODUCT_CATEGORY('ultrazvuk v1','ultrazvuk v1',(#5358));
#5355=APPLICATION_PROTOCOL_DEFINITION('international standard',
'automotive_design',2009,#5356);
#5356=APPLICATION_CONTEXT(
'Core Data for Automotive Mechanical Design Process');
#5357=PRODUCT_CONTEXT('part definition',#5356,'mechanical');
#5358=PRODUCT('ultrazvuk','ultrazvuk v1',$,(#5357));
#5359=PRESENTATION_STYLE_ASSIGNMENT((#5360));
#5360=SURFACE_STYLE_USAGE(.BOTH.,#5361);
#5361=SURFACE_SIDE_STYLE('',(#5362));
#5362=SURFACE_STYLE_FILL_AREA(#5363);
#5363=FILL_AREA_STYLE('Steel - Satin',(#5364));
#5364=FILL_AREA_STYLE_COLOUR('Steel - Satin',#5365);
#5365=COLOUR_RGB('Steel - Satin',0.627450980392157,0.627450980392157,0.627450980392157);
ENDSEC;
END-ISO-10303-21;
