ISO-10303-21;
HEADER;
/* Generated by software containing ST-Developer
 * from STEP Tools, Inc. (www.steptools.com) 
 */

FILE_DESCRIPTION(
/* description */ (''),
/* implementation_level */ '2;1');

FILE_NAME(
/* name */ 'vaha_cidlo.step',
/* time_stamp */ '2024-11-18T08:33:48+01:00',
/* author */ (''),
/* organization */ (''),
/* preprocessor_version */ 'ST-DEVELOPER v20',
/* originating_system */ 'Autodesk Translation Framework v13.20.0.188',

/* authorisation */ '');

FILE_SCHEMA (('AUTOMOTIVE_DESIGN { 1 0 10303 214 3 1 1 }'));
ENDSEC;

DATA;
#10=MECHANICAL_DESIGN_GEOMETRIC_PRESENTATION_REPRESENTATION('',(#13),#4791);
#11=SHAPE_REPRESENTATION_RELATIONSHIP('SRR','None',#4798,#12);
#12=ADVANCED_BREP_SHAPE_REPRESENTATION('',(#14),#4790);
#13=STYLED_ITEM('',(#4807),#14);
#14=MANIFOLD_SOLID_BREP('Body1',#2704);
#15=SPHERICAL_SURFACE('',#2817,1.);
#16=SPHERICAL_SURFACE('',#2831,1.);
#17=FACE_BOUND('',#801,.T.);
#18=FACE_BOUND('',#803,.T.);
#19=FACE_BOUND('',#807,.T.);
#20=FACE_BOUND('',#809,.T.);
#21=FACE_BOUND('',#813,.T.);
#22=FACE_BOUND('',#815,.T.);
#23=FACE_BOUND('',#819,.T.);
#24=FACE_BOUND('',#821,.T.);
#25=FACE_BOUND('',#825,.T.);
#26=FACE_BOUND('',#827,.T.);
#27=FACE_BOUND('',#831,.T.);
#28=FACE_BOUND('',#833,.T.);
#29=FACE_BOUND('',#837,.T.);
#30=FACE_BOUND('',#839,.T.);
#31=FACE_BOUND('',#843,.T.);
#32=FACE_BOUND('',#845,.T.);
#33=FACE_BOUND('',#852,.T.);
#34=FACE_BOUND('',#860,.T.);
#35=FACE_BOUND('',#861,.T.);
#36=FACE_BOUND('',#867,.T.);
#37=FACE_BOUND('',#868,.T.);
#38=FACE_BOUND('',#870,.T.);
#39=FACE_BOUND('',#871,.T.);
#40=FACE_BOUND('',#877,.T.);
#41=FACE_BOUND('',#878,.T.);
#42=FACE_BOUND('',#879,.T.);
#43=FACE_BOUND('',#886,.T.);
#44=FACE_BOUND('',#887,.T.);
#45=FACE_BOUND('',#888,.T.);
#46=FACE_BOUND('',#889,.T.);
#47=FACE_BOUND('',#890,.T.);
#48=FACE_BOUND('',#891,.T.);
#49=FACE_BOUND('',#892,.T.);
#50=FACE_BOUND('',#893,.T.);
#51=FACE_BOUND('',#894,.T.);
#52=FACE_BOUND('',#895,.T.);
#53=FACE_BOUND('',#901,.T.);
#54=FACE_BOUND('',#902,.T.);
#55=FACE_BOUND('',#904,.T.);
#56=FACE_BOUND('',#915,.T.);
#57=FACE_BOUND('',#916,.T.);
#58=FACE_BOUND('',#920,.T.);
#59=FACE_BOUND('',#922,.T.);
#60=FACE_BOUND('',#926,.T.);
#61=FACE_BOUND('',#928,.T.);
#62=FACE_BOUND('',#934,.T.);
#63=FACE_BOUND('',#936,.T.);
#64=FACE_BOUND('',#940,.T.);
#65=FACE_BOUND('',#942,.T.);
#66=FACE_BOUND('',#948,.T.);
#67=FACE_BOUND('',#950,.T.);
#68=FACE_BOUND('',#954,.T.);
#69=FACE_BOUND('',#956,.T.);
#70=FACE_BOUND('',#960,.T.);
#71=FACE_BOUND('',#962,.T.);
#72=FACE_BOUND('',#966,.T.);
#73=FACE_BOUND('',#968,.T.);
#74=FACE_BOUND('',#1009,.T.);
#75=FACE_BOUND('',#1010,.T.);
#76=FACE_BOUND('',#1011,.T.);
#77=FACE_BOUND('',#1014,.T.);
#78=FACE_BOUND('',#1015,.T.);
#79=PLANE('',#2733);
#80=PLANE('',#2739);
#81=PLANE('',#2741);
#82=PLANE('',#2748);
#83=PLANE('',#2750);
#84=PLANE('',#2759);
#85=PLANE('',#2761);
#86=PLANE('',#2770);
#87=PLANE('',#2772);
#88=PLANE('',#2781);
#89=PLANE('',#2783);
#90=PLANE('',#2790);
#91=PLANE('',#2792);
#92=PLANE('',#2801);
#93=PLANE('',#2803);
#94=PLANE('',#2811);
#95=PLANE('',#2813);
#96=PLANE('',#2827);
#97=PLANE('',#2830);
#98=PLANE('',#2841);
#99=PLANE('',#2844);
#100=PLANE('',#2849);
#101=PLANE('',#2861);
#102=PLANE('',#2866);
#103=PLANE('',#2876);
#104=PLANE('',#2885);
#105=PLANE('',#2886);
#106=PLANE('',#2907);
#107=PLANE('',#2910);
#108=PLANE('',#2933);
#109=PLANE('',#2940);
#110=PLANE('',#2942);
#111=PLANE('',#2949);
#112=PLANE('',#2951);
#113=PLANE('',#2960);
#114=PLANE('',#2962);
#115=PLANE('',#2968);
#116=PLANE('',#2970);
#117=PLANE('',#2978);
#118=PLANE('',#2980);
#119=PLANE('',#2986);
#120=PLANE('',#2988);
#121=PLANE('',#2994);
#122=PLANE('',#2996);
#123=PLANE('',#3002);
#124=PLANE('',#3004);
#125=PLANE('',#3016);
#126=PLANE('',#3017);
#127=PLANE('',#3019);
#128=PLANE('',#3020);
#129=PLANE('',#3023);
#130=PLANE('',#3024);
#131=PLANE('',#3029);
#132=PLANE('',#3036);
#133=PLANE('',#3037);
#134=PLANE('',#3039);
#135=PLANE('',#3040);
#136=PLANE('',#3041);
#137=PLANE('',#3044);
#138=PLANE('',#3046);
#139=PLANE('',#3047);
#140=PLANE('',#3048);
#141=PLANE('',#3049);
#142=PLANE('',#3050);
#143=PLANE('',#3052);
#144=PLANE('',#3053);
#145=PLANE('',#3055);
#146=PLANE('',#3057);
#147=ELLIPSE('',#2722,1.13137084989848,0.8);
#148=ELLIPSE('',#2724,1.13137084989848,0.8);
#149=ELLIPSE('',#2726,1.13137084989848,0.8);
#150=ELLIPSE('',#2728,1.13137084989848,0.8);
#151=ELLIPSE('',#2824,1.4142135623731,1.);
#152=ELLIPSE('',#2836,1.41421356237309,1.);
#153=ELLIPSE('',#2859,1.4142135623731,1.);
#154=ELLIPSE('',#2872,1.4142135623731,1.);
#155=ELLIPSE('',#2878,0.707106781186549,0.5);
#156=ELLIPSE('',#2879,0.707106781186548,0.5);
#157=ELLIPSE('',#2881,0.707106781186547,0.5);
#158=ELLIPSE('',#2883,0.707106892697553,0.5);
#159=ELLIPSE('',#2900,0.707106781186549,0.5);
#160=ELLIPSE('',#2901,0.707106781186548,0.5);
#161=ELLIPSE('',#2903,0.707106669675594,0.5);
#162=ELLIPSE('',#2905,0.707106781186546,0.5);
#163=LINE('',#3963,#349);
#164=LINE('',#3966,#350);
#165=LINE('',#3969,#351);
#166=LINE('',#3971,#352);
#167=LINE('',#3975,#353);
#168=LINE('',#3977,#354);
#169=LINE('',#3981,#355);
#170=LINE('',#3983,#356);
#171=LINE('',#3987,#357);
#172=LINE('',#3989,#358);
#173=LINE('',#4021,#359);
#174=LINE('',#4025,#360);
#175=LINE('',#4028,#361);
#176=LINE('',#4033,#362);
#177=LINE('',#4043,#363);
#178=LINE('',#4049,#364);
#179=LINE('',#4059,#365);
#180=LINE('',#4069,#366);
#181=LINE('',#4079,#367);
#182=LINE('',#4089,#368);
#183=LINE('',#4099,#369);
#184=LINE('',#4109,#370);
#185=LINE('',#4119,#371);
#186=LINE('',#4125,#372);
#187=LINE('',#4135,#373);
#188=LINE('',#4145,#374);
#189=LINE('',#4155,#375);
#190=LINE('',#4199,#376);
#191=LINE('',#4209,#377);
#192=LINE('',#4222,#378);
#193=LINE('',#4223,#379);
#194=LINE('',#4228,#380);
#195=LINE('',#4229,#381);
#196=LINE('',#4234,#382);
#197=LINE('',#4236,#383);
#198=LINE('',#4249,#384);
#199=LINE('',#4251,#385);
#200=LINE('',#4253,#386);
#201=LINE('',#4255,#387);
#202=LINE('',#4257,#388);
#203=LINE('',#4260,#389);
#204=LINE('',#4264,#390);
#205=LINE('',#4276,#391);
#206=LINE('',#4277,#392);
#207=LINE('',#4282,#393);
#208=LINE('',#4283,#394);
#209=LINE('',#4297,#395);
#210=LINE('',#4299,#396);
#211=LINE('',#4302,#397);
#212=LINE('',#4304,#398);
#213=LINE('',#4309,#399);
#214=LINE('',#4311,#400);
#215=LINE('',#4313,#401);
#216=LINE('',#4315,#402);
#217=LINE('',#4316,#403);
#218=LINE('',#4319,#404);
#219=LINE('',#4321,#405);
#220=LINE('',#4322,#406);
#221=LINE('',#4323,#407);
#222=LINE('',#4332,#408);
#223=LINE('',#4333,#409);
#224=LINE('',#4336,#410);
#225=LINE('',#4340,#411);
#226=LINE('',#4342,#412);
#227=LINE('',#4344,#413);
#228=LINE('',#4346,#414);
#229=LINE('',#4348,#415);
#230=LINE('',#4352,#416);
#231=LINE('',#4358,#417);
#232=LINE('',#4362,#418);
#233=LINE('',#4366,#419);
#234=LINE('',#4371,#420);
#235=LINE('',#4375,#421);
#236=LINE('',#4378,#422);
#237=LINE('',#4379,#423);
#238=LINE('',#4382,#424);
#239=LINE('',#4384,#425);
#240=LINE('',#4386,#426);
#241=LINE('',#4388,#427);
#242=LINE('',#4390,#428);
#243=LINE('',#4392,#429);
#244=LINE('',#4394,#430);
#245=LINE('',#4396,#431);
#246=LINE('',#4400,#432);
#247=LINE('',#4407,#433);
#248=LINE('',#4413,#434);
#249=LINE('',#4414,#435);
#250=LINE('',#4420,#436);
#251=LINE('',#4423,#437);
#252=LINE('',#4426,#438);
#253=LINE('',#4428,#439);
#254=LINE('',#4429,#440);
#255=LINE('',#4430,#441);
#256=LINE('',#4434,#442);
#257=LINE('',#4439,#443);
#258=LINE('',#4443,#444);
#259=LINE('',#4446,#445);
#260=LINE('',#4447,#446);
#261=LINE('',#4452,#447);
#262=LINE('',#4456,#448);
#263=LINE('',#4460,#449);
#264=LINE('',#4464,#450);
#265=LINE('',#4468,#451);
#266=LINE('',#4470,#452);
#267=LINE('',#4472,#453);
#268=LINE('',#4473,#454);
#269=LINE('',#4494,#455);
#270=LINE('',#4498,#456);
#271=LINE('',#4502,#457);
#272=LINE('',#4504,#458);
#273=LINE('',#4510,#459);
#274=LINE('',#4511,#460);
#275=LINE('',#4524,#461);
#276=LINE('',#4532,#462);
#277=LINE('',#4540,#463);
#278=LINE('',#4544,#464);
#279=LINE('',#4545,#465);
#280=LINE('',#4547,#466);
#281=LINE('',#4557,#467);
#282=LINE('',#4568,#468);
#283=LINE('',#4573,#469);
#284=LINE('',#4584,#470);
#285=LINE('',#4586,#471);
#286=LINE('',#4588,#472);
#287=LINE('',#4593,#473);
#288=LINE('',#4602,#474);
#289=LINE('',#4607,#475);
#290=LINE('',#4616,#476);
#291=LINE('',#4618,#477);
#292=LINE('',#4620,#478);
#293=LINE('',#4625,#479);
#294=LINE('',#4634,#480);
#295=LINE('',#4639,#481);
#296=LINE('',#4648,#482);
#297=LINE('',#4653,#483);
#298=LINE('',#4662,#484);
#299=LINE('',#4667,#485);
#300=LINE('',#4676,#486);
#301=LINE('',#4680,#487);
#302=LINE('',#4682,#488);
#303=LINE('',#4686,#489);
#304=LINE('',#4688,#490);
#305=LINE('',#4690,#491);
#306=LINE('',#4691,#492);
#307=LINE('',#4694,#493);
#308=LINE('',#4697,#494);
#309=LINE('',#4700,#495);
#310=LINE('',#4702,#496);
#311=LINE('',#4703,#497);
#312=LINE('',#4705,#498);
#313=LINE('',#4707,#499);
#314=LINE('',#4710,#500);
#315=LINE('',#4712,#501);
#316=LINE('',#4713,#502);
#317=LINE('',#4716,#503);
#318=LINE('',#4717,#504);
#319=LINE('',#4723,#505);
#320=LINE('',#4727,#506);
#321=LINE('',#4728,#507);
#322=LINE('',#4730,#508);
#323=LINE('',#4732,#509);
#324=LINE('',#4735,#510);
#325=LINE('',#4737,#511);
#326=LINE('',#4739,#512);
#327=LINE('',#4741,#513);
#328=LINE('',#4743,#514);
#329=LINE('',#4745,#515);
#330=LINE('',#4747,#516);
#331=LINE('',#4748,#517);
#332=LINE('',#4752,#518);
#333=LINE('',#4754,#519);
#334=LINE('',#4758,#520);
#335=LINE('',#4759,#521);
#336=LINE('',#4761,#522);
#337=LINE('',#4763,#523);
#338=LINE('',#4765,#524);
#339=LINE('',#4766,#525);
#340=LINE('',#4768,#526);
#341=LINE('',#4770,#527);
#342=LINE('',#4772,#528);
#343=LINE('',#4774,#529);
#344=LINE('',#4776,#530);
#345=LINE('',#4779,#531);
#346=LINE('',#4781,#532);
#347=LINE('',#4783,#533);
#348=LINE('',#4786,#534);
#349=VECTOR('',#3069,10.);
#350=VECTOR('',#3072,10.);
#351=VECTOR('',#3075,10.);
#352=VECTOR('',#3076,10.);
#353=VECTOR('',#3081,10.);
#354=VECTOR('',#3082,10.);
#355=VECTOR('',#3087,10.);
#356=VECTOR('',#3088,10.);
#357=VECTOR('',#3093,10.);
#358=VECTOR('',#3094,10.);
#359=VECTOR('',#3103,10.);
#360=VECTOR('',#3106,10.);
#361=VECTOR('',#3109,10.);
#362=VECTOR('',#3114,2.5);
#363=VECTOR('',#3127,3.);
#364=VECTOR('',#3134,2.5);
#365=VECTOR('',#3147,3.);
#366=VECTOR('',#3158,2.5);
#367=VECTOR('',#3171,3.);
#368=VECTOR('',#3182,2.5);
#369=VECTOR('',#3195,3.);
#370=VECTOR('',#3206,2.5);
#371=VECTOR('',#3219,3.);
#372=VECTOR('',#3226,2.5);
#373=VECTOR('',#3239,3.);
#374=VECTOR('',#3250,2.5);
#375=VECTOR('',#3263,3.);
#376=VECTOR('',#3272,2.5);
#377=VECTOR('',#3285,3.);
#378=VECTOR('',#3300,10.);
#379=VECTOR('',#3301,10.);
#380=VECTOR('',#3306,10.);
#381=VECTOR('',#3307,10.);
#382=VECTOR('',#3312,10.);
#383=VECTOR('',#3313,10.);
#384=VECTOR('',#3316,10.);
#385=VECTOR('',#3317,10.);
#386=VECTOR('',#3318,10.);
#387=VECTOR('',#3319,10.);
#388=VECTOR('',#3320,10.);
#389=VECTOR('',#3323,10.);
#390=VECTOR('',#3328,10.);
#391=VECTOR('',#3341,10.);
#392=VECTOR('',#3342,10.);
#393=VECTOR('',#3347,10.);
#394=VECTOR('',#3348,10.);
#395=VECTOR('',#3351,10.);
#396=VECTOR('',#3352,10.);
#397=VECTOR('',#3357,10.);
#398=VECTOR('',#3358,10.);
#399=VECTOR('',#3363,10.);
#400=VECTOR('',#3364,10.);
#401=VECTOR('',#3365,10.);
#402=VECTOR('',#3366,10.);
#403=VECTOR('',#3367,10.);
#404=VECTOR('',#3370,10.);
#405=VECTOR('',#3371,10.);
#406=VECTOR('',#3372,10.);
#407=VECTOR('',#3373,10.);
#408=VECTOR('',#3382,10.);
#409=VECTOR('',#3383,10.);
#410=VECTOR('',#3386,10.);
#411=VECTOR('',#3389,10.);
#412=VECTOR('',#3390,10.);
#413=VECTOR('',#3391,10.);
#414=VECTOR('',#3392,10.);
#415=VECTOR('',#3393,10.);
#416=VECTOR('',#3396,10.);
#417=VECTOR('',#3401,10.);
#418=VECTOR('',#3404,10.);
#419=VECTOR('',#3407,10.);
#420=VECTOR('',#3412,10.);
#421=VECTOR('',#3415,10.);
#422=VECTOR('',#3420,10.);
#423=VECTOR('',#3421,10.);
#424=VECTOR('',#3424,10.);
#425=VECTOR('',#3425,10.);
#426=VECTOR('',#3426,10.);
#427=VECTOR('',#3427,10.);
#428=VECTOR('',#3428,10.);
#429=VECTOR('',#3429,10.);
#430=VECTOR('',#3430,10.);
#431=VECTOR('',#3431,10.);
#432=VECTOR('',#3434,10.);
#433=VECTOR('',#3443,10.);
#434=VECTOR('',#3450,10.);
#435=VECTOR('',#3451,10.);
#436=VECTOR('',#3460,10.);
#437=VECTOR('',#3465,10.);
#438=VECTOR('',#3468,10.);
#439=VECTOR('',#3469,10.);
#440=VECTOR('',#3470,10.);
#441=VECTOR('',#3471,10.);
#442=VECTOR('',#3474,10.);
#443=VECTOR('',#3481,10.);
#444=VECTOR('',#3486,10.);
#445=VECTOR('',#3491,10.);
#446=VECTOR('',#3492,10.);
#447=VECTOR('',#3497,10.);
#448=VECTOR('',#3500,10.);
#449=VECTOR('',#3503,10.);
#450=VECTOR('',#3506,10.);
#451=VECTOR('',#3509,10.);
#452=VECTOR('',#3510,10.);
#453=VECTOR('',#3511,10.);
#454=VECTOR('',#3512,10.);
#455=VECTOR('',#3533,10.);
#456=VECTOR('',#3540,10.);
#457=VECTOR('',#3547,10.);
#458=VECTOR('',#3550,10.);
#459=VECTOR('',#3557,10.);
#460=VECTOR('',#3558,10.);
#461=VECTOR('',#3577,10.);
#462=VECTOR('',#3588,10.);
#463=VECTOR('',#3599,10.);
#464=VECTOR('',#3606,10.);
#465=VECTOR('',#3607,10.);
#466=VECTOR('',#3610,10.);
#467=VECTOR('',#3621,2.5);
#468=VECTOR('',#3636,3.);
#469=VECTOR('',#3641,2.5);
#470=VECTOR('',#3656,3.);
#471=VECTOR('',#3659,3.);
#472=VECTOR('',#3662,3.);
#473=VECTOR('',#3667,2.5);
#474=VECTOR('',#3680,3.);
#475=VECTOR('',#3685,2.5);
#476=VECTOR('',#3698,3.);
#477=VECTOR('',#3701,3.);
#478=VECTOR('',#3704,3.);
#479=VECTOR('',#3709,2.5);
#480=VECTOR('',#3722,3.);
#481=VECTOR('',#3727,2.5);
#482=VECTOR('',#3740,3.);
#483=VECTOR('',#3745,2.5);
#484=VECTOR('',#3758,3.);
#485=VECTOR('',#3763,2.5);
#486=VECTOR('',#3776,3.);
#487=VECTOR('',#3781,3.);
#488=VECTOR('',#3784,3.);
#489=VECTOR('',#3789,3.);
#490=VECTOR('',#3792,3.);
#491=VECTOR('',#3795,10.);
#492=VECTOR('',#3796,10.);
#493=VECTOR('',#3799,10.);
#494=VECTOR('',#3802,10.);
#495=VECTOR('',#3805,10.);
#496=VECTOR('',#3806,10.);
#497=VECTOR('',#3807,10.);
#498=VECTOR('',#3810,10.);
#499=VECTOR('',#3813,10.);
#500=VECTOR('',#3816,10.);
#501=VECTOR('',#3817,10.);
#502=VECTOR('',#3818,10.);
#503=VECTOR('',#3821,10.);
#504=VECTOR('',#3822,10.);
#505=VECTOR('',#3831,10.);
#506=VECTOR('',#3836,10.);
#507=VECTOR('',#3837,10.);
#508=VECTOR('',#3840,3.);
#509=VECTOR('',#3843,3.);
#510=VECTOR('',#3848,3.);
#511=VECTOR('',#3851,3.);
#512=VECTOR('',#3854,3.);
#513=VECTOR('',#3857,3.);
#514=VECTOR('',#3860,3.);
#515=VECTOR('',#3863,3.);
#516=VECTOR('',#3866,10.);
#517=VECTOR('',#3867,10.);
#518=VECTOR('',#3874,10.);
#519=VECTOR('',#3877,10.);
#520=VECTOR('',#3884,10.);
#521=VECTOR('',#3885,10.);
#522=VECTOR('',#3888,10.);
#523=VECTOR('',#3891,10.);
#524=VECTOR('',#3894,10.);
#525=VECTOR('',#3895,10.);
#526=VECTOR('',#3898,10.);
#527=VECTOR('',#3901,10.);
#528=VECTOR('',#3904,10.);
#529=VECTOR('',#3907,10.);
#530=VECTOR('',#3910,10.);
#531=VECTOR('',#3915,10.);
#532=VECTOR('',#3918,10.);
#533=VECTOR('',#3921,10.);
#534=VECTOR('',#3926,10.);
#535=CYLINDRICAL_SURFACE('',#2721,0.8);
#536=CYLINDRICAL_SURFACE('',#2723,0.8);
#537=CYLINDRICAL_SURFACE('',#2725,0.8);
#538=CYLINDRICAL_SURFACE('',#2727,0.8);
#539=CYLINDRICAL_SURFACE('',#2729,0.8);
#540=CYLINDRICAL_SURFACE('',#2736,2.5);
#541=CYLINDRICAL_SURFACE('',#2743,3.);
#542=CYLINDRICAL_SURFACE('',#2745,2.5);
#543=CYLINDRICAL_SURFACE('',#2752,3.);
#544=CYLINDRICAL_SURFACE('',#2756,2.5);
#545=CYLINDRICAL_SURFACE('',#2763,3.);
#546=CYLINDRICAL_SURFACE('',#2767,2.5);
#547=CYLINDRICAL_SURFACE('',#2774,3.);
#548=CYLINDRICAL_SURFACE('',#2778,2.5);
#549=CYLINDRICAL_SURFACE('',#2785,3.);
#550=CYLINDRICAL_SURFACE('',#2787,2.5);
#551=CYLINDRICAL_SURFACE('',#2794,3.);
#552=CYLINDRICAL_SURFACE('',#2798,2.5);
#553=CYLINDRICAL_SURFACE('',#2805,3.);
#554=CYLINDRICAL_SURFACE('',#2808,2.5);
#555=CYLINDRICAL_SURFACE('',#2815,3.);
#556=CYLINDRICAL_SURFACE('',#2821,1.);
#557=CYLINDRICAL_SURFACE('',#2823,1.);
#558=CYLINDRICAL_SURFACE('',#2825,1.);
#559=CYLINDRICAL_SURFACE('',#2835,1.);
#560=CYLINDRICAL_SURFACE('',#2837,1.);
#561=CYLINDRICAL_SURFACE('',#2839,1.);
#562=CYLINDRICAL_SURFACE('',#2847,1.);
#563=CYLINDRICAL_SURFACE('',#2857,1.);
#564=CYLINDRICAL_SURFACE('',#2860,1.);
#565=CYLINDRICAL_SURFACE('',#2869,1.);
#566=CYLINDRICAL_SURFACE('',#2870,1.);
#567=CYLINDRICAL_SURFACE('',#2873,1.);
#568=CYLINDRICAL_SURFACE('',#2875,0.5);
#569=CYLINDRICAL_SURFACE('',#2877,0.5);
#570=CYLINDRICAL_SURFACE('',#2880,0.5);
#571=CYLINDRICAL_SURFACE('',#2882,0.5);
#572=CYLINDRICAL_SURFACE('',#2884,0.5);
#573=CYLINDRICAL_SURFACE('',#2899,0.5);
#574=CYLINDRICAL_SURFACE('',#2902,0.5);
#575=CYLINDRICAL_SURFACE('',#2904,0.5);
#576=CYLINDRICAL_SURFACE('',#2906,0.5);
#577=CYLINDRICAL_SURFACE('',#2912,0.5);
#578=CYLINDRICAL_SURFACE('',#2918,0.5);
#579=CYLINDRICAL_SURFACE('',#2923,0.5);
#580=CYLINDRICAL_SURFACE('',#2928,0.5);
#581=CYLINDRICAL_SURFACE('',#2932,4.);
#582=CYLINDRICAL_SURFACE('',#2936,4.);
#583=CYLINDRICAL_SURFACE('',#2937,2.5);
#584=CYLINDRICAL_SURFACE('',#2944,3.);
#585=CYLINDRICAL_SURFACE('',#2946,2.5);
#586=CYLINDRICAL_SURFACE('',#2953,3.);
#587=CYLINDRICAL_SURFACE('',#2955,3.);
#588=CYLINDRICAL_SURFACE('',#2956,3.);
#589=CYLINDRICAL_SURFACE('',#2957,2.5);
#590=CYLINDRICAL_SURFACE('',#2964,3.);
#591=CYLINDRICAL_SURFACE('',#2965,2.5);
#592=CYLINDRICAL_SURFACE('',#2972,3.);
#593=CYLINDRICAL_SURFACE('',#2973,3.);
#594=CYLINDRICAL_SURFACE('',#2974,3.);
#595=CYLINDRICAL_SURFACE('',#2975,2.5);
#596=CYLINDRICAL_SURFACE('',#2982,3.);
#597=CYLINDRICAL_SURFACE('',#2983,2.5);
#598=CYLINDRICAL_SURFACE('',#2990,3.);
#599=CYLINDRICAL_SURFACE('',#2991,2.5);
#600=CYLINDRICAL_SURFACE('',#2998,3.);
#601=CYLINDRICAL_SURFACE('',#2999,2.5);
#602=CYLINDRICAL_SURFACE('',#3006,3.);
#603=CYLINDRICAL_SURFACE('',#3007,3.);
#604=CYLINDRICAL_SURFACE('',#3009,3.);
#605=CYLINDRICAL_SURFACE('',#3010,3.);
#606=CYLINDRICAL_SURFACE('',#3012,3.);
#607=CYLINDRICAL_SURFACE('',#3013,1.);
#608=CYLINDRICAL_SURFACE('',#3014,1.);
#609=CYLINDRICAL_SURFACE('',#3018,1.);
#610=CYLINDRICAL_SURFACE('',#3021,1.);
#611=CYLINDRICAL_SURFACE('',#3027,3.);
#612=CYLINDRICAL_SURFACE('',#3028,3.);
#613=CYLINDRICAL_SURFACE('',#3030,3.);
#614=CYLINDRICAL_SURFACE('',#3031,3.);
#615=CYLINDRICAL_SURFACE('',#3032,3.);
#616=CYLINDRICAL_SURFACE('',#3033,3.);
#617=CYLINDRICAL_SURFACE('',#3034,3.);
#618=CYLINDRICAL_SURFACE('',#3035,3.);
#619=CYLINDRICAL_SURFACE('',#3043,3.);
#620=CYLINDRICAL_SURFACE('',#3045,3.);
#621=CYLINDRICAL_SURFACE('',#3051,3.);
#622=CYLINDRICAL_SURFACE('',#3054,4.);
#623=CYLINDRICAL_SURFACE('',#3056,4.);
#624=CYLINDRICAL_SURFACE('',#3058,3.);
#625=FACE_OUTER_BOUND('',#791,.T.);
#626=FACE_OUTER_BOUND('',#792,.T.);
#627=FACE_OUTER_BOUND('',#793,.T.);
#628=FACE_OUTER_BOUND('',#794,.T.);
#629=FACE_OUTER_BOUND('',#795,.T.);
#630=FACE_OUTER_BOUND('',#796,.T.);
#631=FACE_OUTER_BOUND('',#797,.T.);
#632=FACE_OUTER_BOUND('',#798,.T.);
#633=FACE_OUTER_BOUND('',#799,.T.);
#634=FACE_OUTER_BOUND('',#800,.T.);
#635=FACE_OUTER_BOUND('',#802,.T.);
#636=FACE_OUTER_BOUND('',#804,.T.);
#637=FACE_OUTER_BOUND('',#805,.T.);
#638=FACE_OUTER_BOUND('',#806,.T.);
#639=FACE_OUTER_BOUND('',#808,.T.);
#640=FACE_OUTER_BOUND('',#810,.T.);
#641=FACE_OUTER_BOUND('',#811,.T.);
#642=FACE_OUTER_BOUND('',#812,.T.);
#643=FACE_OUTER_BOUND('',#814,.T.);
#644=FACE_OUTER_BOUND('',#816,.T.);
#645=FACE_OUTER_BOUND('',#817,.T.);
#646=FACE_OUTER_BOUND('',#818,.T.);
#647=FACE_OUTER_BOUND('',#820,.T.);
#648=FACE_OUTER_BOUND('',#822,.T.);
#649=FACE_OUTER_BOUND('',#823,.T.);
#650=FACE_OUTER_BOUND('',#824,.T.);
#651=FACE_OUTER_BOUND('',#826,.T.);
#652=FACE_OUTER_BOUND('',#828,.T.);
#653=FACE_OUTER_BOUND('',#829,.T.);
#654=FACE_OUTER_BOUND('',#830,.T.);
#655=FACE_OUTER_BOUND('',#832,.T.);
#656=FACE_OUTER_BOUND('',#834,.T.);
#657=FACE_OUTER_BOUND('',#835,.T.);
#658=FACE_OUTER_BOUND('',#836,.T.);
#659=FACE_OUTER_BOUND('',#838,.T.);
#660=FACE_OUTER_BOUND('',#840,.T.);
#661=FACE_OUTER_BOUND('',#841,.T.);
#662=FACE_OUTER_BOUND('',#842,.T.);
#663=FACE_OUTER_BOUND('',#844,.T.);
#664=FACE_OUTER_BOUND('',#846,.T.);
#665=FACE_OUTER_BOUND('',#847,.T.);
#666=FACE_OUTER_BOUND('',#848,.T.);
#667=FACE_OUTER_BOUND('',#849,.T.);
#668=FACE_OUTER_BOUND('',#850,.T.);
#669=FACE_OUTER_BOUND('',#851,.T.);
#670=FACE_OUTER_BOUND('',#853,.T.);
#671=FACE_OUTER_BOUND('',#854,.T.);
#672=FACE_OUTER_BOUND('',#855,.T.);
#673=FACE_OUTER_BOUND('',#856,.T.);
#674=FACE_OUTER_BOUND('',#857,.T.);
#675=FACE_OUTER_BOUND('',#858,.T.);
#676=FACE_OUTER_BOUND('',#859,.T.);
#677=FACE_OUTER_BOUND('',#862,.T.);
#678=FACE_OUTER_BOUND('',#863,.T.);
#679=FACE_OUTER_BOUND('',#864,.T.);
#680=FACE_OUTER_BOUND('',#865,.T.);
#681=FACE_OUTER_BOUND('',#866,.T.);
#682=FACE_OUTER_BOUND('',#869,.T.);
#683=FACE_OUTER_BOUND('',#872,.T.);
#684=FACE_OUTER_BOUND('',#873,.T.);
#685=FACE_OUTER_BOUND('',#874,.T.);
#686=FACE_OUTER_BOUND('',#875,.T.);
#687=FACE_OUTER_BOUND('',#876,.T.);
#688=FACE_OUTER_BOUND('',#880,.T.);
#689=FACE_OUTER_BOUND('',#881,.T.);
#690=FACE_OUTER_BOUND('',#882,.T.);
#691=FACE_OUTER_BOUND('',#883,.T.);
#692=FACE_OUTER_BOUND('',#884,.T.);
#693=FACE_OUTER_BOUND('',#885,.T.);
#694=FACE_OUTER_BOUND('',#896,.T.);
#695=FACE_OUTER_BOUND('',#897,.T.);
#696=FACE_OUTER_BOUND('',#898,.T.);
#697=FACE_OUTER_BOUND('',#899,.T.);
#698=FACE_OUTER_BOUND('',#900,.T.);
#699=FACE_OUTER_BOUND('',#903,.T.);
#700=FACE_OUTER_BOUND('',#905,.T.);
#701=FACE_OUTER_BOUND('',#906,.T.);
#702=FACE_OUTER_BOUND('',#907,.T.);
#703=FACE_OUTER_BOUND('',#908,.T.);
#704=FACE_OUTER_BOUND('',#909,.T.);
#705=FACE_OUTER_BOUND('',#910,.T.);
#706=FACE_OUTER_BOUND('',#911,.T.);
#707=FACE_OUTER_BOUND('',#912,.T.);
#708=FACE_OUTER_BOUND('',#913,.T.);
#709=FACE_OUTER_BOUND('',#914,.T.);
#710=FACE_OUTER_BOUND('',#917,.T.);
#711=FACE_OUTER_BOUND('',#918,.T.);
#712=FACE_OUTER_BOUND('',#919,.T.);
#713=FACE_OUTER_BOUND('',#921,.T.);
#714=FACE_OUTER_BOUND('',#923,.T.);
#715=FACE_OUTER_BOUND('',#924,.T.);
#716=FACE_OUTER_BOUND('',#925,.T.);
#717=FACE_OUTER_BOUND('',#927,.T.);
#718=FACE_OUTER_BOUND('',#929,.T.);
#719=FACE_OUTER_BOUND('',#930,.T.);
#720=FACE_OUTER_BOUND('',#931,.T.);
#721=FACE_OUTER_BOUND('',#932,.T.);
#722=FACE_OUTER_BOUND('',#933,.T.);
#723=FACE_OUTER_BOUND('',#935,.T.);
#724=FACE_OUTER_BOUND('',#937,.T.);
#725=FACE_OUTER_BOUND('',#938,.T.);
#726=FACE_OUTER_BOUND('',#939,.T.);
#727=FACE_OUTER_BOUND('',#941,.T.);
#728=FACE_OUTER_BOUND('',#943,.T.);
#729=FACE_OUTER_BOUND('',#944,.T.);
#730=FACE_OUTER_BOUND('',#945,.T.);
#731=FACE_OUTER_BOUND('',#946,.T.);
#732=FACE_OUTER_BOUND('',#947,.T.);
#733=FACE_OUTER_BOUND('',#949,.T.);
#734=FACE_OUTER_BOUND('',#951,.T.);
#735=FACE_OUTER_BOUND('',#952,.T.);
#736=FACE_OUTER_BOUND('',#953,.T.);
#737=FACE_OUTER_BOUND('',#955,.T.);
#738=FACE_OUTER_BOUND('',#957,.T.);
#739=FACE_OUTER_BOUND('',#958,.T.);
#740=FACE_OUTER_BOUND('',#959,.T.);
#741=FACE_OUTER_BOUND('',#961,.T.);
#742=FACE_OUTER_BOUND('',#963,.T.);
#743=FACE_OUTER_BOUND('',#964,.T.);
#744=FACE_OUTER_BOUND('',#965,.T.);
#745=FACE_OUTER_BOUND('',#967,.T.);
#746=FACE_OUTER_BOUND('',#969,.T.);
#747=FACE_OUTER_BOUND('',#970,.T.);
#748=FACE_OUTER_BOUND('',#971,.T.);
#749=FACE_OUTER_BOUND('',#972,.T.);
#750=FACE_OUTER_BOUND('',#973,.T.);
#751=FACE_OUTER_BOUND('',#974,.T.);
#752=FACE_OUTER_BOUND('',#975,.T.);
#753=FACE_OUTER_BOUND('',#976,.T.);
#754=FACE_OUTER_BOUND('',#977,.T.);
#755=FACE_OUTER_BOUND('',#978,.T.);
#756=FACE_OUTER_BOUND('',#979,.T.);
#757=FACE_OUTER_BOUND('',#980,.T.);
#758=FACE_OUTER_BOUND('',#981,.T.);
#759=FACE_OUTER_BOUND('',#982,.T.);
#760=FACE_OUTER_BOUND('',#983,.T.);
#761=FACE_OUTER_BOUND('',#984,.T.);
#762=FACE_OUTER_BOUND('',#985,.T.);
#763=FACE_OUTER_BOUND('',#986,.T.);
#764=FACE_OUTER_BOUND('',#987,.T.);
#765=FACE_OUTER_BOUND('',#988,.T.);
#766=FACE_OUTER_BOUND('',#989,.T.);
#767=FACE_OUTER_BOUND('',#990,.T.);
#768=FACE_OUTER_BOUND('',#991,.T.);
#769=FACE_OUTER_BOUND('',#992,.T.);
#770=FACE_OUTER_BOUND('',#993,.T.);
#771=FACE_OUTER_BOUND('',#994,.T.);
#772=FACE_OUTER_BOUND('',#995,.T.);
#773=FACE_OUTER_BOUND('',#996,.T.);
#774=FACE_OUTER_BOUND('',#997,.T.);
#775=FACE_OUTER_BOUND('',#998,.T.);
#776=FACE_OUTER_BOUND('',#999,.T.);
#777=FACE_OUTER_BOUND('',#1000,.T.);
#778=FACE_OUTER_BOUND('',#1001,.T.);
#779=FACE_OUTER_BOUND('',#1002,.T.);
#780=FACE_OUTER_BOUND('',#1003,.T.);
#781=FACE_OUTER_BOUND('',#1004,.T.);
#782=FACE_OUTER_BOUND('',#1005,.T.);
#783=FACE_OUTER_BOUND('',#1006,.T.);
#784=FACE_OUTER_BOUND('',#1007,.T.);
#785=FACE_OUTER_BOUND('',#1008,.T.);
#786=FACE_OUTER_BOUND('',#1012,.T.);
#787=FACE_OUTER_BOUND('',#1013,.T.);
#788=FACE_OUTER_BOUND('',#1016,.T.);
#789=FACE_OUTER_BOUND('',#1017,.T.);
#790=FACE_OUTER_BOUND('',#1018,.T.);
#791=EDGE_LOOP('',(#1790,#1791,#1792,#1793));
#792=EDGE_LOOP('',(#1794,#1795,#1796,#1797));
#793=EDGE_LOOP('',(#1798,#1799,#1800,#1801));
#794=EDGE_LOOP('',(#1802,#1803,#1804,#1805));
#795=EDGE_LOOP('',(#1806,#1807,#1808,#1809));
#796=EDGE_LOOP('',(#1810,#1811,#1812,#1813));
#797=EDGE_LOOP('',(#1814,#1815,#1816,#1817));
#798=EDGE_LOOP('',(#1818,#1819,#1820,#1821,#1822,#1823,#1824,#1825,#1826,
#1827,#1828,#1829));
#799=EDGE_LOOP('',(#1830,#1831,#1832,#1833));
#800=EDGE_LOOP('',(#1834));
#801=EDGE_LOOP('',(#1835));
#802=EDGE_LOOP('',(#1836));
#803=EDGE_LOOP('',(#1837));
#804=EDGE_LOOP('',(#1838,#1839,#1840,#1841));
#805=EDGE_LOOP('',(#1842,#1843,#1844,#1845));
#806=EDGE_LOOP('',(#1846));
#807=EDGE_LOOP('',(#1847));
#808=EDGE_LOOP('',(#1848));
#809=EDGE_LOOP('',(#1849));
#810=EDGE_LOOP('',(#1850,#1851,#1852,#1853,#1854,#1855));
#811=EDGE_LOOP('',(#1856,#1857,#1858,#1859));
#812=EDGE_LOOP('',(#1860));
#813=EDGE_LOOP('',(#1861));
#814=EDGE_LOOP('',(#1862));
#815=EDGE_LOOP('',(#1863));
#816=EDGE_LOOP('',(#1864,#1865,#1866,#1867,#1868,#1869));
#817=EDGE_LOOP('',(#1870,#1871,#1872,#1873));
#818=EDGE_LOOP('',(#1874));
#819=EDGE_LOOP('',(#1875));
#820=EDGE_LOOP('',(#1876));
#821=EDGE_LOOP('',(#1877));
#822=EDGE_LOOP('',(#1878,#1879,#1880,#1881,#1882,#1883));
#823=EDGE_LOOP('',(#1884,#1885,#1886,#1887));
#824=EDGE_LOOP('',(#1888));
#825=EDGE_LOOP('',(#1889));
#826=EDGE_LOOP('',(#1890));
#827=EDGE_LOOP('',(#1891));
#828=EDGE_LOOP('',(#1892,#1893,#1894,#1895));
#829=EDGE_LOOP('',(#1896,#1897,#1898,#1899));
#830=EDGE_LOOP('',(#1900));
#831=EDGE_LOOP('',(#1901));
#832=EDGE_LOOP('',(#1902));
#833=EDGE_LOOP('',(#1903));
#834=EDGE_LOOP('',(#1904,#1905,#1906,#1907,#1908,#1909));
#835=EDGE_LOOP('',(#1910,#1911,#1912,#1913));
#836=EDGE_LOOP('',(#1914));
#837=EDGE_LOOP('',(#1915));
#838=EDGE_LOOP('',(#1916));
#839=EDGE_LOOP('',(#1917));
#840=EDGE_LOOP('',(#1918,#1919,#1920,#1921,#1922,#1923,#1924,#1925,#1926));
#841=EDGE_LOOP('',(#1927,#1928,#1929,#1930));
#842=EDGE_LOOP('',(#1931));
#843=EDGE_LOOP('',(#1932));
#844=EDGE_LOOP('',(#1933));
#845=EDGE_LOOP('',(#1934));
#846=EDGE_LOOP('',(#1935,#1936,#1937,#1938));
#847=EDGE_LOOP('',(#1939,#1940,#1941));
#848=EDGE_LOOP('',(#1942,#1943,#1944,#1945));
#849=EDGE_LOOP('',(#1946,#1947,#1948,#1949));
#850=EDGE_LOOP('',(#1950,#1951,#1952,#1953,#1954));
#851=EDGE_LOOP('',(#1955,#1956,#1957,#1958,#1959,#1960,#1961,#1962));
#852=EDGE_LOOP('',(#1963));
#853=EDGE_LOOP('',(#1964,#1965,#1966,#1967));
#854=EDGE_LOOP('',(#1968,#1969,#1970));
#855=EDGE_LOOP('',(#1971,#1972,#1973,#1974));
#856=EDGE_LOOP('',(#1975,#1976,#1977,#1978));
#857=EDGE_LOOP('',(#1979,#1980,#1981,#1982,#1983));
#858=EDGE_LOOP('',(#1984,#1985,#1986,#1987,#1988,#1989,#1990,#1991,#1992,
#1993,#1994,#1995,#1996,#1997));
#859=EDGE_LOOP('',(#1998,#1999,#2000,#2001,#2002,#2003,#2004,#2005));
#860=EDGE_LOOP('',(#2006));
#861=EDGE_LOOP('',(#2007));
#862=EDGE_LOOP('',(#2008,#2009,#2010,#2011));
#863=EDGE_LOOP('',(#2012,#2013,#2014,#2015,#2016,#2017,#2018,#2019,#2020,
#2021,#2022,#2023,#2024,#2025,#2026,#2027,#2028,#2029));
#864=EDGE_LOOP('',(#2030,#2031,#2032,#2033));
#865=EDGE_LOOP('',(#2034,#2035,#2036,#2037));
#866=EDGE_LOOP('',(#2038,#2039,#2040,#2041,#2042,#2043,#2044,#2045,#2046,
#2047,#2048,#2049));
#867=EDGE_LOOP('',(#2050));
#868=EDGE_LOOP('',(#2051));
#869=EDGE_LOOP('',(#2052,#2053,#2054,#2055));
#870=EDGE_LOOP('',(#2056));
#871=EDGE_LOOP('',(#2057));
#872=EDGE_LOOP('',(#2058,#2059,#2060,#2061));
#873=EDGE_LOOP('',(#2062,#2063,#2064,#2065));
#874=EDGE_LOOP('',(#2066,#2067,#2068,#2069));
#875=EDGE_LOOP('',(#2070,#2071,#2072,#2073));
#876=EDGE_LOOP('',(#2074,#2075,#2076,#2077,#2078,#2079,#2080,#2081,#2082,
#2083));
#877=EDGE_LOOP('',(#2084));
#878=EDGE_LOOP('',(#2085));
#879=EDGE_LOOP('',(#2086));
#880=EDGE_LOOP('',(#2087,#2088,#2089,#2090));
#881=EDGE_LOOP('',(#2091,#2092,#2093,#2094));
#882=EDGE_LOOP('',(#2095,#2096,#2097,#2098));
#883=EDGE_LOOP('',(#2099,#2100,#2101,#2102));
#884=EDGE_LOOP('',(#2103,#2104,#2105,#2106));
#885=EDGE_LOOP('',(#2107,#2108,#2109,#2110,#2111,#2112,#2113,#2114));
#886=EDGE_LOOP('',(#2115,#2116,#2117,#2118));
#887=EDGE_LOOP('',(#2119));
#888=EDGE_LOOP('',(#2120));
#889=EDGE_LOOP('',(#2121));
#890=EDGE_LOOP('',(#2122));
#891=EDGE_LOOP('',(#2123));
#892=EDGE_LOOP('',(#2124));
#893=EDGE_LOOP('',(#2125));
#894=EDGE_LOOP('',(#2126));
#895=EDGE_LOOP('',(#2127,#2128,#2129,#2130));
#896=EDGE_LOOP('',(#2131,#2132,#2133,#2134));
#897=EDGE_LOOP('',(#2135,#2136,#2137,#2138));
#898=EDGE_LOOP('',(#2139,#2140,#2141,#2142));
#899=EDGE_LOOP('',(#2143,#2144,#2145,#2146));
#900=EDGE_LOOP('',(#2147,#2148,#2149,#2150));
#901=EDGE_LOOP('',(#2151));
#902=EDGE_LOOP('',(#2152));
#903=EDGE_LOOP('',(#2153,#2154,#2155,#2156,#2157,#2158,#2159,#2160));
#904=EDGE_LOOP('',(#2161));
#905=EDGE_LOOP('',(#2162,#2163,#2164,#2165));
#906=EDGE_LOOP('',(#2166,#2167,#2168,#2169));
#907=EDGE_LOOP('',(#2170,#2171,#2172,#2173));
#908=EDGE_LOOP('',(#2174,#2175,#2176,#2177));
#909=EDGE_LOOP('',(#2178,#2179,#2180,#2181));
#910=EDGE_LOOP('',(#2182,#2183,#2184,#2185));
#911=EDGE_LOOP('',(#2186,#2187,#2188,#2189));
#912=EDGE_LOOP('',(#2190,#2191,#2192,#2193));
#913=EDGE_LOOP('',(#2194,#2195,#2196,#2197));
#914=EDGE_LOOP('',(#2198,#2199,#2200,#2201));
#915=EDGE_LOOP('',(#2202));
#916=EDGE_LOOP('',(#2203));
#917=EDGE_LOOP('',(#2204,#2205,#2206,#2207,#2208));
#918=EDGE_LOOP('',(#2209,#2210,#2211,#2212));
#919=EDGE_LOOP('',(#2213));
#920=EDGE_LOOP('',(#2214));
#921=EDGE_LOOP('',(#2215));
#922=EDGE_LOOP('',(#2216));
#923=EDGE_LOOP('',(#2217,#2218,#2219,#2220));
#924=EDGE_LOOP('',(#2221,#2222,#2223,#2224));
#925=EDGE_LOOP('',(#2225));
#926=EDGE_LOOP('',(#2226));
#927=EDGE_LOOP('',(#2227));
#928=EDGE_LOOP('',(#2228));
#929=EDGE_LOOP('',(#2229,#2230,#2231,#2232));
#930=EDGE_LOOP('',(#2233,#2234,#2235,#2236));
#931=EDGE_LOOP('',(#2237,#2238,#2239,#2240));
#932=EDGE_LOOP('',(#2241,#2242,#2243,#2244));
#933=EDGE_LOOP('',(#2245));
#934=EDGE_LOOP('',(#2246));
#935=EDGE_LOOP('',(#2247));
#936=EDGE_LOOP('',(#2248));
#937=EDGE_LOOP('',(#2249,#2250,#2251,#2252));
#938=EDGE_LOOP('',(#2253,#2254,#2255,#2256));
#939=EDGE_LOOP('',(#2257));
#940=EDGE_LOOP('',(#2258));
#941=EDGE_LOOP('',(#2259));
#942=EDGE_LOOP('',(#2260));
#943=EDGE_LOOP('',(#2261,#2262,#2263,#2264));
#944=EDGE_LOOP('',(#2265,#2266,#2267,#2268));
#945=EDGE_LOOP('',(#2269,#2270,#2271,#2272));
#946=EDGE_LOOP('',(#2273,#2274,#2275,#2276));
#947=EDGE_LOOP('',(#2277));
#948=EDGE_LOOP('',(#2278));
#949=EDGE_LOOP('',(#2279));
#950=EDGE_LOOP('',(#2280));
#951=EDGE_LOOP('',(#2281,#2282,#2283,#2284));
#952=EDGE_LOOP('',(#2285,#2286,#2287,#2288));
#953=EDGE_LOOP('',(#2289));
#954=EDGE_LOOP('',(#2290));
#955=EDGE_LOOP('',(#2291));
#956=EDGE_LOOP('',(#2292));
#957=EDGE_LOOP('',(#2293,#2294,#2295,#2296));
#958=EDGE_LOOP('',(#2297,#2298,#2299,#2300));
#959=EDGE_LOOP('',(#2301));
#960=EDGE_LOOP('',(#2302));
#961=EDGE_LOOP('',(#2303));
#962=EDGE_LOOP('',(#2304));
#963=EDGE_LOOP('',(#2305,#2306,#2307,#2308));
#964=EDGE_LOOP('',(#2309,#2310,#2311,#2312));
#965=EDGE_LOOP('',(#2313));
#966=EDGE_LOOP('',(#2314));
#967=EDGE_LOOP('',(#2315));
#968=EDGE_LOOP('',(#2316));
#969=EDGE_LOOP('',(#2317,#2318,#2319,#2320));
#970=EDGE_LOOP('',(#2321,#2322,#2323,#2324));
#971=EDGE_LOOP('',(#2325,#2326,#2327,#2328));
#972=EDGE_LOOP('',(#2329,#2330,#2331,#2332));
#973=EDGE_LOOP('',(#2333,#2334,#2335,#2336));
#974=EDGE_LOOP('',(#2337,#2338,#2339,#2340));
#975=EDGE_LOOP('',(#2341,#2342,#2343,#2344));
#976=EDGE_LOOP('',(#2345,#2346,#2347,#2348,#2349,#2350));
#977=EDGE_LOOP('',(#2351,#2352,#2353,#2354));
#978=EDGE_LOOP('',(#2355,#2356,#2357,#2358));
#979=EDGE_LOOP('',(#2359,#2360,#2361,#2362,#2363,#2364));
#980=EDGE_LOOP('',(#2365,#2366,#2367,#2368));
#981=EDGE_LOOP('',(#2369,#2370,#2371,#2372));
#982=EDGE_LOOP('',(#2373,#2374,#2375,#2376));
#983=EDGE_LOOP('',(#2377,#2378,#2379,#2380,#2381,#2382,#2383,#2384,#2385,
#2386,#2387,#2388,#2389));
#984=EDGE_LOOP('',(#2390,#2391,#2392,#2393));
#985=EDGE_LOOP('',(#2394,#2395,#2396,#2397));
#986=EDGE_LOOP('',(#2398,#2399,#2400,#2401));
#987=EDGE_LOOP('',(#2402,#2403,#2404,#2405));
#988=EDGE_LOOP('',(#2406,#2407,#2408,#2409));
#989=EDGE_LOOP('',(#2410,#2411,#2412,#2413));
#990=EDGE_LOOP('',(#2414,#2415,#2416,#2417));
#991=EDGE_LOOP('',(#2418,#2419,#2420,#2421));
#992=EDGE_LOOP('',(#2422,#2423,#2424,#2425));
#993=EDGE_LOOP('',(#2426,#2427,#2428,#2429));
#994=EDGE_LOOP('',(#2430,#2431,#2432));
#995=EDGE_LOOP('',(#2433,#2434));
#996=EDGE_LOOP('',(#2435,#2436,#2437));
#997=EDGE_LOOP('',(#2438,#2439,#2440));
#998=EDGE_LOOP('',(#2441,#2442,#2443,#2444,#2445,#2446));
#999=EDGE_LOOP('',(#2447,#2448,#2449,#2450,#2451,#2452));
#1000=EDGE_LOOP('',(#2453,#2454,#2455,#2456,#2457,#2458));
#1001=EDGE_LOOP('',(#2459,#2460,#2461,#2462));
#1002=EDGE_LOOP('',(#2463,#2464,#2465,#2466));
#1003=EDGE_LOOP('',(#2467,#2468,#2469,#2470));
#1004=EDGE_LOOP('',(#2471,#2472,#2473,#2474));
#1005=EDGE_LOOP('',(#2475,#2476,#2477,#2478));
#1006=EDGE_LOOP('',(#2479,#2480,#2481,#2482));
#1007=EDGE_LOOP('',(#2483,#2484,#2485,#2486,#2487,#2488,#2489,#2490,#2491));
#1008=EDGE_LOOP('',(#2492,#2493,#2494,#2495));
#1009=EDGE_LOOP('',(#2496));
#1010=EDGE_LOOP('',(#2497));
#1011=EDGE_LOOP('',(#2498,#2499,#2500,#2501,#2502,#2503));
#1012=EDGE_LOOP('',(#2504,#2505,#2506,#2507));
#1013=EDGE_LOOP('',(#2508,#2509,#2510,#2511));
#1014=EDGE_LOOP('',(#2512));
#1015=EDGE_LOOP('',(#2513));
#1016=EDGE_LOOP('',(#2514,#2515,#2516,#2517,#2518));
#1017=EDGE_LOOP('',(#2519,#2520,#2521,#2522,#2523,#2524,#2525,#2526,#2527));
#1018=EDGE_LOOP('',(#2528,#2529,#2530,#2531));
#1019=B_SPLINE_CURVE_WITH_KNOTS('',3,(#3935,#3936,#3937,#3938,#3939,#3940,
#3941,#3942,#3943,#3944),.UNSPECIFIED.,.F.,.F.,(4,2,2,2,4),(0.,0.0289211176407,
0.0587303396775828,0.0900707034688591,0.123868508150523),.UNSPECIFIED.);
#1020=B_SPLINE_CURVE_WITH_KNOTS('',3,(#3947,#3948,#3949,#3950,#3951,#3952,
#3953,#3954,#3955,#3956,#3957,#3958,#3959,#3960),.UNSPECIFIED.,.F.,.F.,
(4,2,2,2,2,2,4),(-0.164267650254431,-0.141491562591867,-0.115739700904062,
-0.0818001958491005,-0.0434148842393903,0.,0.000679203998053509),
 .UNSPECIFIED.);
#1021=B_SPLINE_CURVE_WITH_KNOTS('',3,(#3990,#3991,#3992,#3993,#3994,#3995,
#3996,#3997,#3998,#3999,#4000,#4001,#4002,#4003),.UNSPECIFIED.,.F.,.F.,
(4,2,2,2,2,2,4),(0.,0.0224386314899576,0.0478089471979846,0.0812455961151547,
0.119062181412774,0.161833819942883,0.162502960685742),.UNSPECIFIED.);
#1022=B_SPLINE_CURVE_WITH_KNOTS('',3,(#4008,#4009,#4010,#4011,#4012,#4013,
#4014,#4015,#4016,#4017),.UNSPECIFIED.,.F.,.F.,(4,2,2,2,4),(0.385733167276064,
0.419530971957728,0.450871335749004,0.480680557785887,0.509601675426587),
 .UNSPECIFIED.);
#1023=B_SPLINE_CURVE_WITH_KNOTS('',3,(#4157,#4158,#4159,#4160,#4161,#4162,
#4163,#4164),.UNSPECIFIED.,.F.,.F.,(4,2,2,4),(0.,0.134480423148779,0.201720634723168,
0.268960846297558),.UNSPECIFIED.);
#1024=B_SPLINE_CURVE_WITH_KNOTS('',3,(#4168,#4169,#4170,#4171,#4172,#4173,
#4174,#4175),.UNSPECIFIED.,.F.,.F.,(4,2,2,4),(0.590281873723234,0.657522077283019,
0.724762280842803,0.859242687962371),.UNSPECIFIED.);
#1025=B_SPLINE_CURVE_WITH_KNOTS('',3,(#4177,#4178,#4179,#4180,#4181,#4182,
#4183,#4184),.UNSPECIFIED.,.F.,.F.,(4,2,2,4),(0.,0.134480407119568,0.201720610679352,
0.268960814239136),.UNSPECIFIED.);
#1026=B_SPLINE_CURVE_WITH_KNOTS('',3,(#4187,#4188,#4189,#4190,#4191,#4192,
#4193,#4194),.UNSPECIFIED.,.F.,.F.,(4,2,2,4),(0.59963512097248,0.666875332546869,
0.734115544121259,0.868595967270038),.UNSPECIFIED.);
#1027=B_SPLINE_CURVE_WITH_KNOTS('',3,(#4237,#4238,#4239,#4240,#4241,#4242,
#4243,#4244,#4245,#4246),.UNSPECIFIED.,.F.,.F.,(4,2,2,2,4),(0.267222722206037,
0.289893058775198,0.312563395344359,0.345827802749548,0.379092210154737),
 .UNSPECIFIED.);
#1028=B_SPLINE_CURVE_WITH_KNOTS('',3,(#4287,#4288,#4289,#4290,#4291,#4292,
#4293,#4294,#4295,#4296),.UNSPECIFIED.,.F.,.F.,(4,2,2,2,4),(0.,0.0332644074051891,
0.0665288148103782,0.0891991513795389,0.1118694879487),.UNSPECIFIED.);
#1029=CIRCLE('',#2719,2.2);
#1030=CIRCLE('',#2720,3.);
#1031=CIRCLE('',#2731,3.);
#1032=CIRCLE('',#2732,2.2);
#1033=CIRCLE('',#2734,3.);
#1034=CIRCLE('',#2735,3.);
#1035=CIRCLE('',#2737,2.5);
#1036=CIRCLE('',#2738,2.5);
#1037=CIRCLE('',#2740,3.);
#1038=CIRCLE('',#2742,3.);
#1039=CIRCLE('',#2744,3.);
#1040=CIRCLE('',#2746,2.5);
#1041=CIRCLE('',#2747,2.5);
#1042=CIRCLE('',#2749,3.);
#1043=CIRCLE('',#2751,3.);
#1044=CIRCLE('',#2753,3.);
#1045=CIRCLE('',#2754,3.);
#1046=CIRCLE('',#2755,3.);
#1047=CIRCLE('',#2757,2.5);
#1048=CIRCLE('',#2758,2.5);
#1049=CIRCLE('',#2760,3.);
#1050=CIRCLE('',#2762,3.);
#1051=CIRCLE('',#2764,3.);
#1052=CIRCLE('',#2765,3.);
#1053=CIRCLE('',#2766,3.);
#1054=CIRCLE('',#2768,2.5);
#1055=CIRCLE('',#2769,2.5);
#1056=CIRCLE('',#2771,3.);
#1057=CIRCLE('',#2773,3.);
#1058=CIRCLE('',#2775,3.);
#1059=CIRCLE('',#2776,3.);
#1060=CIRCLE('',#2777,3.);
#1061=CIRCLE('',#2779,2.5);
#1062=CIRCLE('',#2780,2.5);
#1063=CIRCLE('',#2782,3.);
#1064=CIRCLE('',#2784,3.);
#1065=CIRCLE('',#2786,3.);
#1066=CIRCLE('',#2788,2.5);
#1067=CIRCLE('',#2789,2.5);
#1068=CIRCLE('',#2791,3.);
#1069=CIRCLE('',#2793,3.);
#1070=CIRCLE('',#2795,3.);
#1071=CIRCLE('',#2796,3.);
#1072=CIRCLE('',#2797,3.);
#1073=CIRCLE('',#2799,2.5);
#1074=CIRCLE('',#2800,2.5);
#1075=CIRCLE('',#2802,3.);
#1076=CIRCLE('',#2804,3.);
#1077=CIRCLE('',#2806,3.);
#1078=CIRCLE('',#2807,3.);
#1079=CIRCLE('',#2809,2.5);
#1080=CIRCLE('',#2810,2.5);
#1081=CIRCLE('',#2812,3.);
#1082=CIRCLE('',#2814,3.);
#1083=CIRCLE('',#2816,3.);
#1084=CIRCLE('',#2818,1.);
#1085=CIRCLE('',#2819,1.);
#1086=CIRCLE('',#2820,1.);
#1087=CIRCLE('',#2822,1.);
#1088=CIRCLE('',#2826,1.);
#1089=CIRCLE('',#2828,1.);
#1090=CIRCLE('',#2829,3.);
#1091=CIRCLE('',#2832,1.);
#1092=CIRCLE('',#2833,1.);
#1093=CIRCLE('',#2834,1.);
#1094=CIRCLE('',#2838,1.);
#1095=CIRCLE('',#2840,1.);
#1096=CIRCLE('',#2842,3.);
#1097=CIRCLE('',#2843,3.);
#1098=CIRCLE('',#2845,3.);
#1099=CIRCLE('',#2846,3.);
#1100=CIRCLE('',#2848,1.);
#1101=CIRCLE('',#2850,3.);
#1102=CIRCLE('',#2851,3.);
#1103=CIRCLE('',#2852,1.);
#1104=CIRCLE('',#2853,4.);
#1105=CIRCLE('',#2854,4.);
#1106=CIRCLE('',#2855,4.);
#1107=CIRCLE('',#2856,4.);
#1108=CIRCLE('',#2858,1.);
#1109=CIRCLE('',#2862,1.);
#1110=CIRCLE('',#2863,1.);
#1111=CIRCLE('',#2864,3.);
#1112=CIRCLE('',#2865,3.);
#1113=CIRCLE('',#2867,3.);
#1114=CIRCLE('',#2868,3.);
#1115=CIRCLE('',#2871,1.);
#1116=CIRCLE('',#2874,1.);
#1117=CIRCLE('',#2887,3.5);
#1118=CIRCLE('',#2888,3.5);
#1119=CIRCLE('',#2889,3.5);
#1120=CIRCLE('',#2890,3.5);
#1121=CIRCLE('',#2891,3.);
#1122=CIRCLE('',#2892,3.);
#1123=CIRCLE('',#2893,3.);
#1124=CIRCLE('',#2894,3.);
#1125=CIRCLE('',#2895,3.);
#1126=CIRCLE('',#2896,3.);
#1127=CIRCLE('',#2897,3.);
#1128=CIRCLE('',#2898,3.);
#1129=CIRCLE('',#2908,3.);
#1130=CIRCLE('',#2909,3.);
#1131=CIRCLE('',#2911,3.);
#1132=CIRCLE('',#2913,0.5);
#1133=CIRCLE('',#2914,0.499999999999998);
#1134=CIRCLE('',#2916,0.499999999999999);
#1135=CIRCLE('',#2917,4.);
#1136=CIRCLE('',#2919,0.499999999999999);
#1137=CIRCLE('',#2921,0.5);
#1138=CIRCLE('',#2922,4.);
#1139=CIRCLE('',#2924,0.5);
#1140=CIRCLE('',#2926,0.499999999999998);
#1141=CIRCLE('',#2927,4.);
#1142=CIRCLE('',#2929,0.499999999999998);
#1143=CIRCLE('',#2931,4.);
#1144=CIRCLE('',#2934,3.);
#1145=CIRCLE('',#2935,3.);
#1146=CIRCLE('',#2938,2.5);
#1147=CIRCLE('',#2939,2.5);
#1148=CIRCLE('',#2941,3.);
#1149=CIRCLE('',#2943,3.);
#1150=CIRCLE('',#2945,3.);
#1151=CIRCLE('',#2947,2.5);
#1152=CIRCLE('',#2948,2.5);
#1153=CIRCLE('',#2950,3.);
#1154=CIRCLE('',#2952,3.);
#1155=CIRCLE('',#2954,3.);
#1156=CIRCLE('',#2958,2.5);
#1157=CIRCLE('',#2959,2.5);
#1158=CIRCLE('',#2961,3.);
#1159=CIRCLE('',#2963,3.);
#1160=CIRCLE('',#2966,2.5);
#1161=CIRCLE('',#2967,2.5);
#1162=CIRCLE('',#2969,3.);
#1163=CIRCLE('',#2971,3.);
#1164=CIRCLE('',#2976,2.5);
#1165=CIRCLE('',#2977,2.5);
#1166=CIRCLE('',#2979,3.);
#1167=CIRCLE('',#2981,3.);
#1168=CIRCLE('',#2984,2.5);
#1169=CIRCLE('',#2985,2.5);
#1170=CIRCLE('',#2987,3.);
#1171=CIRCLE('',#2989,3.);
#1172=CIRCLE('',#2992,2.5);
#1173=CIRCLE('',#2993,2.5);
#1174=CIRCLE('',#2995,3.);
#1175=CIRCLE('',#2997,3.);
#1176=CIRCLE('',#3000,2.5);
#1177=CIRCLE('',#3001,2.5);
#1178=CIRCLE('',#3003,3.);
#1179=CIRCLE('',#3005,3.);
#1180=CIRCLE('',#3008,3.);
#1181=CIRCLE('',#3011,3.);
#1182=CIRCLE('',#3015,1.);
#1183=CIRCLE('',#3022,1.);
#1184=CIRCLE('',#3025,3.);
#1185=CIRCLE('',#3026,3.);
#1186=CIRCLE('',#3038,3.);
#1187=CIRCLE('',#3042,3.);
#1188=VERTEX_POINT('',#3931);
#1189=VERTEX_POINT('',#3932);
#1190=VERTEX_POINT('',#3934);
#1191=VERTEX_POINT('',#3945);
#1192=VERTEX_POINT('',#3962);
#1193=VERTEX_POINT('',#3964);
#1194=VERTEX_POINT('',#3968);
#1195=VERTEX_POINT('',#3970);
#1196=VERTEX_POINT('',#3974);
#1197=VERTEX_POINT('',#3976);
#1198=VERTEX_POINT('',#3980);
#1199=VERTEX_POINT('',#3982);
#1200=VERTEX_POINT('',#3986);
#1201=VERTEX_POINT('',#3988);
#1202=VERTEX_POINT('',#4005);
#1203=VERTEX_POINT('',#4007);
#1204=VERTEX_POINT('',#4020);
#1205=VERTEX_POINT('',#4022);
#1206=VERTEX_POINT('',#4024);
#1207=VERTEX_POINT('',#4026);
#1208=VERTEX_POINT('',#4030);
#1209=VERTEX_POINT('',#4032);
#1210=VERTEX_POINT('',#4036);
#1211=VERTEX_POINT('',#4039);
#1212=VERTEX_POINT('',#4042);
#1213=VERTEX_POINT('',#4046);
#1214=VERTEX_POINT('',#4048);
#1215=VERTEX_POINT('',#4052);
#1216=VERTEX_POINT('',#4055);
#1217=VERTEX_POINT('',#4058);
#1218=VERTEX_POINT('',#4060);
#1219=VERTEX_POINT('',#4062);
#1220=VERTEX_POINT('',#4066);
#1221=VERTEX_POINT('',#4068);
#1222=VERTEX_POINT('',#4072);
#1223=VERTEX_POINT('',#4075);
#1224=VERTEX_POINT('',#4078);
#1225=VERTEX_POINT('',#4080);
#1226=VERTEX_POINT('',#4082);
#1227=VERTEX_POINT('',#4086);
#1228=VERTEX_POINT('',#4088);
#1229=VERTEX_POINT('',#4092);
#1230=VERTEX_POINT('',#4095);
#1231=VERTEX_POINT('',#4098);
#1232=VERTEX_POINT('',#4100);
#1233=VERTEX_POINT('',#4102);
#1234=VERTEX_POINT('',#4106);
#1235=VERTEX_POINT('',#4108);
#1236=VERTEX_POINT('',#4112);
#1237=VERTEX_POINT('',#4115);
#1238=VERTEX_POINT('',#4118);
#1239=VERTEX_POINT('',#4122);
#1240=VERTEX_POINT('',#4124);
#1241=VERTEX_POINT('',#4128);
#1242=VERTEX_POINT('',#4131);
#1243=VERTEX_POINT('',#4134);
#1244=VERTEX_POINT('',#4136);
#1245=VERTEX_POINT('',#4138);
#1246=VERTEX_POINT('',#4142);
#1247=VERTEX_POINT('',#4144);
#1248=VERTEX_POINT('',#4148);
#1249=VERTEX_POINT('',#4151);
#1250=VERTEX_POINT('',#4154);
#1251=VERTEX_POINT('',#4156);
#1252=VERTEX_POINT('',#4165);
#1253=VERTEX_POINT('',#4167);
#1254=VERTEX_POINT('',#4176);
#1255=VERTEX_POINT('',#4185);
#1256=VERTEX_POINT('',#4196);
#1257=VERTEX_POINT('',#4198);
#1258=VERTEX_POINT('',#4202);
#1259=VERTEX_POINT('',#4205);
#1260=VERTEX_POINT('',#4208);
#1261=VERTEX_POINT('',#4212);
#1262=VERTEX_POINT('',#4213);
#1263=VERTEX_POINT('',#4215);
#1264=VERTEX_POINT('',#4219);
#1265=VERTEX_POINT('',#4220);
#1266=VERTEX_POINT('',#4225);
#1267=VERTEX_POINT('',#4226);
#1268=VERTEX_POINT('',#4231);
#1269=VERTEX_POINT('',#4232);
#1270=VERTEX_POINT('',#4235);
#1271=VERTEX_POINT('',#4248);
#1272=VERTEX_POINT('',#4250);
#1273=VERTEX_POINT('',#4252);
#1274=VERTEX_POINT('',#4254);
#1275=VERTEX_POINT('',#4256);
#1276=VERTEX_POINT('',#4258);
#1277=VERTEX_POINT('',#4261);
#1278=VERTEX_POINT('',#4266);
#1279=VERTEX_POINT('',#4267);
#1280=VERTEX_POINT('',#4269);
#1281=VERTEX_POINT('',#4273);
#1282=VERTEX_POINT('',#4274);
#1283=VERTEX_POINT('',#4279);
#1284=VERTEX_POINT('',#4280);
#1285=VERTEX_POINT('',#4285);
#1286=VERTEX_POINT('',#4286);
#1287=VERTEX_POINT('',#4298);
#1288=VERTEX_POINT('',#4303);
#1289=VERTEX_POINT('',#4306);
#1290=VERTEX_POINT('',#4308);
#1291=VERTEX_POINT('',#4310);
#1292=VERTEX_POINT('',#4312);
#1293=VERTEX_POINT('',#4314);
#1294=VERTEX_POINT('',#4318);
#1295=VERTEX_POINT('',#4320);
#1296=VERTEX_POINT('',#4324);
#1297=VERTEX_POINT('',#4326);
#1298=VERTEX_POINT('',#4329);
#1299=VERTEX_POINT('',#4330);
#1300=VERTEX_POINT('',#4335);
#1301=VERTEX_POINT('',#4337);
#1302=VERTEX_POINT('',#4339);
#1303=VERTEX_POINT('',#4341);
#1304=VERTEX_POINT('',#4343);
#1305=VERTEX_POINT('',#4345);
#1306=VERTEX_POINT('',#4347);
#1307=VERTEX_POINT('',#4349);
#1308=VERTEX_POINT('',#4351);
#1309=VERTEX_POINT('',#4353);
#1310=VERTEX_POINT('',#4355);
#1311=VERTEX_POINT('',#4357);
#1312=VERTEX_POINT('',#4359);
#1313=VERTEX_POINT('',#4361);
#1314=VERTEX_POINT('',#4363);
#1315=VERTEX_POINT('',#4365);
#1316=VERTEX_POINT('',#4369);
#1317=VERTEX_POINT('',#4370);
#1318=VERTEX_POINT('',#4372);
#1319=VERTEX_POINT('',#4374);
#1320=VERTEX_POINT('',#4381);
#1321=VERTEX_POINT('',#4383);
#1322=VERTEX_POINT('',#4385);
#1323=VERTEX_POINT('',#4387);
#1324=VERTEX_POINT('',#4389);
#1325=VERTEX_POINT('',#4391);
#1326=VERTEX_POINT('',#4393);
#1327=VERTEX_POINT('',#4395);
#1328=VERTEX_POINT('',#4397);
#1329=VERTEX_POINT('',#4399);
#1330=VERTEX_POINT('',#4402);
#1331=VERTEX_POINT('',#4404);
#1332=VERTEX_POINT('',#4408);
#1333=VERTEX_POINT('',#4410);
#1334=VERTEX_POINT('',#4419);
#1335=VERTEX_POINT('',#4425);
#1336=VERTEX_POINT('',#4427);
#1337=VERTEX_POINT('',#4432);
#1338=VERTEX_POINT('',#4433);
#1339=VERTEX_POINT('',#4438);
#1340=VERTEX_POINT('',#4442);
#1341=VERTEX_POINT('',#4450);
#1342=VERTEX_POINT('',#4451);
#1343=VERTEX_POINT('',#4453);
#1344=VERTEX_POINT('',#4455);
#1345=VERTEX_POINT('',#4457);
#1346=VERTEX_POINT('',#4459);
#1347=VERTEX_POINT('',#4461);
#1348=VERTEX_POINT('',#4463);
#1349=VERTEX_POINT('',#4466);
#1350=VERTEX_POINT('',#4467);
#1351=VERTEX_POINT('',#4469);
#1352=VERTEX_POINT('',#4471);
#1353=VERTEX_POINT('',#4474);
#1354=VERTEX_POINT('',#4476);
#1355=VERTEX_POINT('',#4478);
#1356=VERTEX_POINT('',#4480);
#1357=VERTEX_POINT('',#4482);
#1358=VERTEX_POINT('',#4484);
#1359=VERTEX_POINT('',#4486);
#1360=VERTEX_POINT('',#4488);
#1361=VERTEX_POINT('',#4491);
#1362=VERTEX_POINT('',#4493);
#1363=VERTEX_POINT('',#4505);
#1364=VERTEX_POINT('',#4507);
#1365=VERTEX_POINT('',#4512);
#1366=VERTEX_POINT('',#4518);
#1367=VERTEX_POINT('',#4522);
#1368=VERTEX_POINT('',#4526);
#1369=VERTEX_POINT('',#4530);
#1370=VERTEX_POINT('',#4534);
#1371=VERTEX_POINT('',#4538);
#1372=VERTEX_POINT('',#4548);
#1373=VERTEX_POINT('',#4550);
#1374=VERTEX_POINT('',#4554);
#1375=VERTEX_POINT('',#4556);
#1376=VERTEX_POINT('',#4560);
#1377=VERTEX_POINT('',#4563);
#1378=VERTEX_POINT('',#4566);
#1379=VERTEX_POINT('',#4570);
#1380=VERTEX_POINT('',#4572);
#1381=VERTEX_POINT('',#4576);
#1382=VERTEX_POINT('',#4579);
#1383=VERTEX_POINT('',#4582);
#1384=VERTEX_POINT('',#4590);
#1385=VERTEX_POINT('',#4592);
#1386=VERTEX_POINT('',#4596);
#1387=VERTEX_POINT('',#4599);
#1388=VERTEX_POINT('',#4604);
#1389=VERTEX_POINT('',#4606);
#1390=VERTEX_POINT('',#4610);
#1391=VERTEX_POINT('',#4613);
#1392=VERTEX_POINT('',#4622);
#1393=VERTEX_POINT('',#4624);
#1394=VERTEX_POINT('',#4628);
#1395=VERTEX_POINT('',#4631);
#1396=VERTEX_POINT('',#4636);
#1397=VERTEX_POINT('',#4638);
#1398=VERTEX_POINT('',#4642);
#1399=VERTEX_POINT('',#4645);
#1400=VERTEX_POINT('',#4650);
#1401=VERTEX_POINT('',#4652);
#1402=VERTEX_POINT('',#4656);
#1403=VERTEX_POINT('',#4659);
#1404=VERTEX_POINT('',#4664);
#1405=VERTEX_POINT('',#4666);
#1406=VERTEX_POINT('',#4670);
#1407=VERTEX_POINT('',#4673);
#1408=VERTEX_POINT('',#4678);
#1409=VERTEX_POINT('',#4684);
#1410=VERTEX_POINT('',#4693);
#1411=VERTEX_POINT('',#4695);
#1412=VERTEX_POINT('',#4699);
#1413=VERTEX_POINT('',#4701);
#1414=VERTEX_POINT('',#4709);
#1415=VERTEX_POINT('',#4711);
#1416=VERTEX_POINT('',#4715);
#1417=VERTEX_POINT('',#4722);
#1418=VERTEX_POINT('',#4725);
#1419=EDGE_CURVE('',#1188,#1189,#1029,.T.);
#1420=EDGE_CURVE('',#1189,#1190,#1019,.F.);
#1421=EDGE_CURVE('',#1190,#1191,#1030,.T.);
#1422=EDGE_CURVE('',#1191,#1188,#1020,.T.);
#1423=EDGE_CURVE('',#1191,#1192,#163,.T.);
#1424=EDGE_CURVE('',#1192,#1193,#147,.T.);
#1425=EDGE_CURVE('',#1193,#1188,#164,.T.);
#1426=EDGE_CURVE('',#1194,#1193,#165,.T.);
#1427=EDGE_CURVE('',#1192,#1195,#166,.T.);
#1428=EDGE_CURVE('',#1195,#1194,#148,.T.);
#1429=EDGE_CURVE('',#1196,#1194,#167,.T.);
#1430=EDGE_CURVE('',#1195,#1197,#168,.T.);
#1431=EDGE_CURVE('',#1197,#1196,#149,.T.);
#1432=EDGE_CURVE('',#1198,#1196,#169,.T.);
#1433=EDGE_CURVE('',#1197,#1199,#170,.T.);
#1434=EDGE_CURVE('',#1199,#1198,#150,.T.);
#1435=EDGE_CURVE('',#1200,#1198,#171,.T.);
#1436=EDGE_CURVE('',#1199,#1201,#172,.T.);
#1437=EDGE_CURVE('',#1201,#1200,#1021,.T.);
#1438=EDGE_CURVE('',#1201,#1202,#1031,.T.);
#1439=EDGE_CURVE('',#1202,#1203,#1022,.F.);
#1440=EDGE_CURVE('',#1203,#1200,#1032,.T.);
#1441=EDGE_CURVE('',#1203,#1204,#173,.T.);
#1442=EDGE_CURVE('',#1204,#1205,#1033,.T.);
#1443=EDGE_CURVE('',#1205,#1206,#174,.T.);
#1444=EDGE_CURVE('',#1206,#1207,#1034,.T.);
#1445=EDGE_CURVE('',#1207,#1189,#175,.T.);
#1446=EDGE_CURVE('',#1208,#1208,#1035,.T.);
#1447=EDGE_CURVE('',#1208,#1209,#176,.T.);
#1448=EDGE_CURVE('',#1209,#1209,#1036,.T.);
#1449=EDGE_CURVE('',#1210,#1210,#1037,.T.);
#1450=EDGE_CURVE('',#1211,#1211,#1038,.T.);
#1451=EDGE_CURVE('',#1211,#1212,#177,.T.);
#1452=EDGE_CURVE('',#1212,#1212,#1039,.T.);
#1453=EDGE_CURVE('',#1213,#1213,#1040,.T.);
#1454=EDGE_CURVE('',#1213,#1214,#178,.T.);
#1455=EDGE_CURVE('',#1214,#1214,#1041,.T.);
#1456=EDGE_CURVE('',#1215,#1215,#1042,.T.);
#1457=EDGE_CURVE('',#1216,#1216,#1043,.T.);
#1458=EDGE_CURVE('',#1216,#1217,#179,.T.);
#1459=EDGE_CURVE('',#1218,#1217,#1044,.T.);
#1460=EDGE_CURVE('',#1218,#1219,#1045,.T.);
#1461=EDGE_CURVE('',#1217,#1219,#1046,.T.);
#1462=EDGE_CURVE('',#1220,#1220,#1047,.T.);
#1463=EDGE_CURVE('',#1220,#1221,#180,.T.);
#1464=EDGE_CURVE('',#1221,#1221,#1048,.T.);
#1465=EDGE_CURVE('',#1222,#1222,#1049,.T.);
#1466=EDGE_CURVE('',#1223,#1223,#1050,.T.);
#1467=EDGE_CURVE('',#1223,#1224,#181,.T.);
#1468=EDGE_CURVE('',#1225,#1224,#1051,.T.);
#1469=EDGE_CURVE('',#1225,#1226,#1052,.T.);
#1470=EDGE_CURVE('',#1224,#1226,#1053,.T.);
#1471=EDGE_CURVE('',#1227,#1227,#1054,.T.);
#1472=EDGE_CURVE('',#1227,#1228,#182,.T.);
#1473=EDGE_CURVE('',#1228,#1228,#1055,.T.);
#1474=EDGE_CURVE('',#1229,#1229,#1056,.T.);
#1475=EDGE_CURVE('',#1230,#1230,#1057,.T.);
#1476=EDGE_CURVE('',#1230,#1231,#183,.T.);
#1477=EDGE_CURVE('',#1231,#1232,#1058,.T.);
#1478=EDGE_CURVE('',#1233,#1232,#1059,.T.);
#1479=EDGE_CURVE('',#1233,#1231,#1060,.T.);
#1480=EDGE_CURVE('',#1234,#1234,#1061,.T.);
#1481=EDGE_CURVE('',#1234,#1235,#184,.T.);
#1482=EDGE_CURVE('',#1235,#1235,#1062,.T.);
#1483=EDGE_CURVE('',#1236,#1236,#1063,.T.);
#1484=EDGE_CURVE('',#1237,#1237,#1064,.T.);
#1485=EDGE_CURVE('',#1237,#1238,#185,.T.);
#1486=EDGE_CURVE('',#1238,#1238,#1065,.T.);
#1487=EDGE_CURVE('',#1239,#1239,#1066,.T.);
#1488=EDGE_CURVE('',#1239,#1240,#186,.T.);
#1489=EDGE_CURVE('',#1240,#1240,#1067,.T.);
#1490=EDGE_CURVE('',#1241,#1241,#1068,.T.);
#1491=EDGE_CURVE('',#1242,#1242,#1069,.T.);
#1492=EDGE_CURVE('',#1242,#1243,#187,.T.);
#1493=EDGE_CURVE('',#1244,#1243,#1070,.T.);
#1494=EDGE_CURVE('',#1244,#1245,#1071,.T.);
#1495=EDGE_CURVE('',#1243,#1245,#1072,.T.);
#1496=EDGE_CURVE('',#1246,#1246,#1073,.T.);
#1497=EDGE_CURVE('',#1246,#1247,#188,.T.);
#1498=EDGE_CURVE('',#1247,#1247,#1074,.T.);
#1499=EDGE_CURVE('',#1248,#1248,#1075,.T.);
#1500=EDGE_CURVE('',#1249,#1249,#1076,.T.);
#1501=EDGE_CURVE('',#1249,#1250,#189,.T.);
#1502=EDGE_CURVE('',#1250,#1251,#1023,.T.);
#1503=EDGE_CURVE('',#1251,#1252,#1077,.T.);
#1504=EDGE_CURVE('',#1252,#1253,#1024,.T.);
#1505=EDGE_CURVE('',#1253,#1254,#1025,.T.);
#1506=EDGE_CURVE('',#1254,#1255,#1078,.T.);
#1507=EDGE_CURVE('',#1255,#1250,#1026,.T.);
#1508=EDGE_CURVE('',#1256,#1256,#1079,.T.);
#1509=EDGE_CURVE('',#1256,#1257,#190,.T.);
#1510=EDGE_CURVE('',#1257,#1257,#1080,.T.);
#1511=EDGE_CURVE('',#1258,#1258,#1081,.T.);
#1512=EDGE_CURVE('',#1259,#1259,#1082,.T.);
#1513=EDGE_CURVE('',#1259,#1260,#191,.T.);
#1514=EDGE_CURVE('',#1260,#1260,#1083,.T.);
#1515=EDGE_CURVE('',#1261,#1262,#1084,.F.);
#1516=EDGE_CURVE('',#1263,#1261,#1085,.F.);
#1517=EDGE_CURVE('',#1262,#1263,#1086,.F.);
#1518=EDGE_CURVE('',#1264,#1265,#1087,.T.);
#1519=EDGE_CURVE('',#1265,#1263,#192,.T.);
#1520=EDGE_CURVE('',#1261,#1264,#193,.T.);
#1521=EDGE_CURVE('',#1266,#1267,#151,.T.);
#1522=EDGE_CURVE('',#1266,#1262,#194,.T.);
#1523=EDGE_CURVE('',#1263,#1267,#195,.T.);
#1524=EDGE_CURVE('',#1268,#1269,#1088,.F.);
#1525=EDGE_CURVE('',#1269,#1261,#196,.T.);
#1526=EDGE_CURVE('',#1262,#1270,#197,.T.);
#1527=EDGE_CURVE('',#1270,#1268,#1027,.F.);
#1528=EDGE_CURVE('',#1264,#1271,#198,.T.);
#1529=EDGE_CURVE('',#1271,#1272,#199,.T.);
#1530=EDGE_CURVE('',#1272,#1273,#200,.T.);
#1531=EDGE_CURVE('',#1274,#1273,#201,.T.);
#1532=EDGE_CURVE('',#1275,#1274,#202,.T.);
#1533=EDGE_CURVE('',#1276,#1275,#1089,.F.);
#1534=EDGE_CURVE('',#1276,#1265,#203,.T.);
#1535=EDGE_CURVE('',#1277,#1277,#1090,.T.);
#1536=EDGE_CURVE('',#1269,#1271,#204,.T.);
#1537=EDGE_CURVE('',#1278,#1279,#1091,.F.);
#1538=EDGE_CURVE('',#1280,#1278,#1092,.F.);
#1539=EDGE_CURVE('',#1279,#1280,#1093,.F.);
#1540=EDGE_CURVE('',#1281,#1282,#152,.F.);
#1541=EDGE_CURVE('',#1282,#1280,#205,.T.);
#1542=EDGE_CURVE('',#1278,#1281,#206,.T.);
#1543=EDGE_CURVE('',#1283,#1284,#1094,.T.);
#1544=EDGE_CURVE('',#1284,#1279,#207,.T.);
#1545=EDGE_CURVE('',#1280,#1283,#208,.T.);
#1546=EDGE_CURVE('',#1285,#1286,#1028,.T.);
#1547=EDGE_CURVE('',#1285,#1278,#209,.T.);
#1548=EDGE_CURVE('',#1279,#1287,#210,.T.);
#1549=EDGE_CURVE('',#1286,#1287,#1095,.T.);
#1550=EDGE_CURVE('',#1282,#1232,#211,.T.);
#1551=EDGE_CURVE('',#1233,#1288,#212,.T.);
#1552=EDGE_CURVE('',#1288,#1226,#1096,.T.);
#1553=EDGE_CURVE('',#1225,#1289,#1097,.T.);
#1554=EDGE_CURVE('',#1289,#1290,#213,.T.);
#1555=EDGE_CURVE('',#1290,#1291,#214,.T.);
#1556=EDGE_CURVE('',#1292,#1291,#215,.T.);
#1557=EDGE_CURVE('',#1293,#1292,#216,.T.);
#1558=EDGE_CURVE('',#1283,#1293,#217,.T.);
#1559=EDGE_CURVE('',#1266,#1294,#218,.T.);
#1560=EDGE_CURVE('',#1295,#1294,#219,.T.);
#1561=EDGE_CURVE('',#1281,#1295,#220,.T.);
#1562=EDGE_CURVE('',#1285,#1270,#221,.T.);
#1563=EDGE_CURVE('',#1296,#1296,#1098,.T.);
#1564=EDGE_CURVE('',#1297,#1297,#1099,.T.);
#1565=EDGE_CURVE('',#1298,#1299,#1100,.T.);
#1566=EDGE_CURVE('',#1299,#1266,#222,.T.);
#1567=EDGE_CURVE('',#1267,#1298,#223,.T.);
#1568=EDGE_CURVE('',#1298,#1300,#224,.T.);
#1569=EDGE_CURVE('',#1300,#1301,#1101,.T.);
#1570=EDGE_CURVE('',#1301,#1302,#225,.T.);
#1571=EDGE_CURVE('',#1302,#1303,#226,.T.);
#1572=EDGE_CURVE('',#1303,#1304,#227,.T.);
#1573=EDGE_CURVE('',#1304,#1305,#228,.T.);
#1574=EDGE_CURVE('',#1305,#1306,#229,.T.);
#1575=EDGE_CURVE('',#1306,#1307,#1102,.T.);
#1576=EDGE_CURVE('',#1307,#1308,#230,.T.);
#1577=EDGE_CURVE('',#1309,#1308,#1103,.T.);
#1578=EDGE_CURVE('',#1309,#1310,#1104,.T.);
#1579=EDGE_CURVE('',#1310,#1311,#231,.T.);
#1580=EDGE_CURVE('',#1311,#1312,#1105,.T.);
#1581=EDGE_CURVE('',#1312,#1313,#232,.T.);
#1582=EDGE_CURVE('',#1313,#1314,#1106,.T.);
#1583=EDGE_CURVE('',#1314,#1315,#233,.T.);
#1584=EDGE_CURVE('',#1315,#1299,#1107,.T.);
#1585=EDGE_CURVE('',#1316,#1317,#234,.T.);
#1586=EDGE_CURVE('',#1317,#1318,#1108,.T.);
#1587=EDGE_CURVE('',#1318,#1319,#235,.T.);
#1588=EDGE_CURVE('',#1319,#1316,#153,.T.);
#1589=EDGE_CURVE('',#1319,#1276,#236,.T.);
#1590=EDGE_CURVE('',#1275,#1316,#237,.T.);
#1591=EDGE_CURVE('',#1316,#1320,#238,.T.);
#1592=EDGE_CURVE('',#1321,#1320,#239,.T.);
#1593=EDGE_CURVE('',#1322,#1321,#240,.T.);
#1594=EDGE_CURVE('',#1322,#1323,#241,.T.);
#1595=EDGE_CURVE('',#1323,#1324,#242,.T.);
#1596=EDGE_CURVE('',#1325,#1324,#243,.T.);
#1597=EDGE_CURVE('',#1326,#1325,#244,.T.);
#1598=EDGE_CURVE('',#1327,#1326,#245,.T.);
#1599=EDGE_CURVE('',#1327,#1328,#1109,.T.);
#1600=EDGE_CURVE('',#1328,#1329,#246,.T.);
#1601=EDGE_CURVE('',#1329,#1317,#1110,.T.);
#1602=EDGE_CURVE('',#1330,#1330,#1111,.T.);
#1603=EDGE_CURVE('',#1331,#1331,#1112,.T.);
#1604=EDGE_CURVE('',#1320,#1274,#247,.T.);
#1605=EDGE_CURVE('',#1332,#1332,#1113,.T.);
#1606=EDGE_CURVE('',#1333,#1333,#1114,.T.);
#1607=EDGE_CURVE('',#1308,#1282,#248,.T.);
#1608=EDGE_CURVE('',#1309,#1281,#249,.T.);
#1609=EDGE_CURVE('',#1291,#1327,#1115,.T.);
#1610=EDGE_CURVE('',#1326,#1292,#154,.T.);
#1611=EDGE_CURVE('',#1326,#1334,#250,.T.);
#1612=EDGE_CURVE('',#1334,#1293,#1116,.F.);
#1613=EDGE_CURVE('',#1286,#1268,#251,.T.);
#1614=EDGE_CURVE('',#1335,#1287,#252,.T.);
#1615=EDGE_CURVE('',#1336,#1335,#253,.T.);
#1616=EDGE_CURVE('',#1323,#1336,#254,.T.);
#1617=EDGE_CURVE('',#1272,#1322,#255,.T.);
#1618=EDGE_CURVE('',#1337,#1338,#256,.T.);
#1619=EDGE_CURVE('',#1338,#1274,#155,.T.);
#1620=EDGE_CURVE('',#1337,#1273,#156,.T.);
#1621=EDGE_CURVE('',#1338,#1339,#257,.T.);
#1622=EDGE_CURVE('',#1339,#1320,#157,.T.);
#1623=EDGE_CURVE('',#1339,#1340,#258,.T.);
#1624=EDGE_CURVE('',#1340,#1321,#158,.T.);
#1625=EDGE_CURVE('',#1273,#1321,#259,.T.);
#1626=EDGE_CURVE('',#1340,#1337,#260,.T.);
#1627=EDGE_CURVE('',#1341,#1342,#261,.T.);
#1628=EDGE_CURVE('',#1343,#1341,#1117,.T.);
#1629=EDGE_CURVE('',#1344,#1343,#262,.T.);
#1630=EDGE_CURVE('',#1345,#1344,#1118,.T.);
#1631=EDGE_CURVE('',#1346,#1345,#263,.T.);
#1632=EDGE_CURVE('',#1347,#1346,#1119,.T.);
#1633=EDGE_CURVE('',#1348,#1347,#264,.T.);
#1634=EDGE_CURVE('',#1342,#1348,#1120,.T.);
#1635=EDGE_CURVE('',#1349,#1350,#265,.T.);
#1636=EDGE_CURVE('',#1351,#1349,#266,.T.);
#1637=EDGE_CURVE('',#1352,#1351,#267,.T.);
#1638=EDGE_CURVE('',#1350,#1352,#268,.T.);
#1639=EDGE_CURVE('',#1353,#1353,#1121,.T.);
#1640=EDGE_CURVE('',#1354,#1354,#1122,.T.);
#1641=EDGE_CURVE('',#1355,#1355,#1123,.T.);
#1642=EDGE_CURVE('',#1356,#1356,#1124,.T.);
#1643=EDGE_CURVE('',#1357,#1357,#1125,.T.);
#1644=EDGE_CURVE('',#1358,#1358,#1126,.T.);
#1645=EDGE_CURVE('',#1359,#1359,#1127,.T.);
#1646=EDGE_CURVE('',#1360,#1360,#1128,.T.);
#1647=EDGE_CURVE('',#1350,#1361,#159,.T.);
#1648=EDGE_CURVE('',#1361,#1362,#269,.T.);
#1649=EDGE_CURVE('',#1349,#1362,#160,.T.);
#1650=EDGE_CURVE('',#1352,#1324,#161,.T.);
#1651=EDGE_CURVE('',#1324,#1361,#270,.T.);
#1652=EDGE_CURVE('',#1351,#1325,#162,.T.);
#1653=EDGE_CURVE('',#1362,#1325,#271,.T.);
#1654=EDGE_CURVE('',#1334,#1362,#272,.T.);
#1655=EDGE_CURVE('',#1363,#1363,#1129,.T.);
#1656=EDGE_CURVE('',#1364,#1364,#1130,.T.);
#1657=EDGE_CURVE('',#1336,#1361,#273,.T.);
#1658=EDGE_CURVE('',#1335,#1284,#274,.T.);
#1659=EDGE_CURVE('',#1365,#1365,#1131,.T.);
#1660=EDGE_CURVE('',#1342,#1295,#1132,.T.);
#1661=EDGE_CURVE('',#1294,#1341,#1133,.T.);
#1662=EDGE_CURVE('',#1366,#1343,#1134,.T.);
#1663=EDGE_CURVE('',#1294,#1366,#1135,.T.);
#1664=EDGE_CURVE('',#1367,#1344,#1136,.T.);
#1665=EDGE_CURVE('',#1366,#1367,#275,.T.);
#1666=EDGE_CURVE('',#1368,#1345,#1137,.T.);
#1667=EDGE_CURVE('',#1367,#1368,#1138,.T.);
#1668=EDGE_CURVE('',#1369,#1346,#1139,.T.);
#1669=EDGE_CURVE('',#1368,#1369,#276,.T.);
#1670=EDGE_CURVE('',#1370,#1347,#1140,.T.);
#1671=EDGE_CURVE('',#1369,#1370,#1141,.T.);
#1672=EDGE_CURVE('',#1371,#1348,#1142,.T.);
#1673=EDGE_CURVE('',#1370,#1371,#277,.T.);
#1674=EDGE_CURVE('',#1371,#1295,#1143,.T.);
#1675=EDGE_CURVE('',#1314,#1367,#278,.T.);
#1676=EDGE_CURVE('',#1313,#1368,#279,.T.);
#1677=EDGE_CURVE('',#1315,#1366,#280,.T.);
#1678=EDGE_CURVE('',#1372,#1372,#1144,.T.);
#1679=EDGE_CURVE('',#1373,#1373,#1145,.T.);
#1680=EDGE_CURVE('',#1374,#1374,#1146,.T.);
#1681=EDGE_CURVE('',#1374,#1375,#281,.T.);
#1682=EDGE_CURVE('',#1375,#1375,#1147,.T.);
#1683=EDGE_CURVE('',#1376,#1376,#1148,.T.);
#1684=EDGE_CURVE('',#1377,#1377,#1149,.T.);
#1685=EDGE_CURVE('',#1378,#1378,#1150,.T.);
#1686=EDGE_CURVE('',#1378,#1377,#282,.T.);
#1687=EDGE_CURVE('',#1379,#1379,#1151,.T.);
#1688=EDGE_CURVE('',#1379,#1380,#283,.T.);
#1689=EDGE_CURVE('',#1380,#1380,#1152,.T.);
#1690=EDGE_CURVE('',#1381,#1381,#1153,.T.);
#1691=EDGE_CURVE('',#1382,#1382,#1154,.T.);
#1692=EDGE_CURVE('',#1383,#1383,#1155,.T.);
#1693=EDGE_CURVE('',#1383,#1382,#284,.T.);
#1694=EDGE_CURVE('',#1381,#1364,#285,.T.);
#1695=EDGE_CURVE('',#1376,#1363,#286,.T.);
#1696=EDGE_CURVE('',#1384,#1384,#1156,.T.);
#1697=EDGE_CURVE('',#1384,#1385,#287,.T.);
#1698=EDGE_CURVE('',#1385,#1385,#1157,.T.);
#1699=EDGE_CURVE('',#1386,#1386,#1158,.T.);
#1700=EDGE_CURVE('',#1387,#1387,#1159,.T.);
#1701=EDGE_CURVE('',#1387,#1332,#288,.T.);
#1702=EDGE_CURVE('',#1388,#1388,#1160,.T.);
#1703=EDGE_CURVE('',#1388,#1389,#289,.T.);
#1704=EDGE_CURVE('',#1389,#1389,#1161,.T.);
#1705=EDGE_CURVE('',#1390,#1390,#1162,.T.);
#1706=EDGE_CURVE('',#1391,#1391,#1163,.T.);
#1707=EDGE_CURVE('',#1391,#1333,#290,.T.);
#1708=EDGE_CURVE('',#1373,#1390,#291,.T.);
#1709=EDGE_CURVE('',#1372,#1386,#292,.T.);
#1710=EDGE_CURVE('',#1392,#1392,#1164,.T.);
#1711=EDGE_CURVE('',#1392,#1393,#293,.T.);
#1712=EDGE_CURVE('',#1393,#1393,#1165,.T.);
#1713=EDGE_CURVE('',#1394,#1394,#1166,.T.);
#1714=EDGE_CURVE('',#1395,#1395,#1167,.T.);
#1715=EDGE_CURVE('',#1395,#1297,#294,.T.);
#1716=EDGE_CURVE('',#1396,#1396,#1168,.T.);
#1717=EDGE_CURVE('',#1396,#1397,#295,.T.);
#1718=EDGE_CURVE('',#1397,#1397,#1169,.T.);
#1719=EDGE_CURVE('',#1398,#1398,#1170,.T.);
#1720=EDGE_CURVE('',#1399,#1399,#1171,.T.);
#1721=EDGE_CURVE('',#1399,#1296,#296,.T.);
#1722=EDGE_CURVE('',#1400,#1400,#1172,.T.);
#1723=EDGE_CURVE('',#1400,#1401,#297,.T.);
#1724=EDGE_CURVE('',#1401,#1401,#1173,.T.);
#1725=EDGE_CURVE('',#1402,#1402,#1174,.T.);
#1726=EDGE_CURVE('',#1403,#1403,#1175,.T.);
#1727=EDGE_CURVE('',#1403,#1330,#298,.T.);
#1728=EDGE_CURVE('',#1404,#1404,#1176,.T.);
#1729=EDGE_CURVE('',#1404,#1405,#299,.T.);
#1730=EDGE_CURVE('',#1405,#1405,#1177,.T.);
#1731=EDGE_CURVE('',#1406,#1406,#1178,.T.);
#1732=EDGE_CURVE('',#1407,#1407,#1179,.T.);
#1733=EDGE_CURVE('',#1407,#1331,#300,.T.);
#1734=EDGE_CURVE('',#1408,#1408,#1180,.T.);
#1735=EDGE_CURVE('',#1408,#1406,#301,.T.);
#1736=EDGE_CURVE('',#1277,#1398,#302,.T.);
#1737=EDGE_CURVE('',#1409,#1409,#1181,.T.);
#1738=EDGE_CURVE('',#1409,#1402,#303,.T.);
#1739=EDGE_CURVE('',#1365,#1394,#304,.T.);
#1740=EDGE_CURVE('',#1250,#1317,#305,.T.);
#1741=EDGE_CURVE('',#1251,#1329,#306,.T.);
#1742=EDGE_CURVE('',#1410,#1255,#307,.T.);
#1743=EDGE_CURVE('',#1411,#1410,#1182,.T.);
#1744=EDGE_CURVE('',#1411,#1250,#308,.T.);
#1745=EDGE_CURVE('',#1412,#1411,#309,.T.);
#1746=EDGE_CURVE('',#1413,#1412,#310,.T.);
#1747=EDGE_CURVE('',#1318,#1413,#311,.T.);
#1748=EDGE_CURVE('',#1252,#1328,#312,.T.);
#1749=EDGE_CURVE('',#1253,#1327,#313,.T.);
#1750=EDGE_CURVE('',#1414,#1290,#314,.T.);
#1751=EDGE_CURVE('',#1415,#1414,#315,.T.);
#1752=EDGE_CURVE('',#1415,#1253,#316,.T.);
#1753=EDGE_CURVE('',#1416,#1254,#317,.T.);
#1754=EDGE_CURVE('',#1410,#1416,#318,.T.);
#1755=EDGE_CURVE('',#1416,#1415,#1183,.T.);
#1756=EDGE_CURVE('',#1413,#1417,#319,.T.);
#1757=EDGE_CURVE('',#1417,#1245,#1184,.T.);
#1758=EDGE_CURVE('',#1244,#1418,#1185,.T.);
#1759=EDGE_CURVE('',#1418,#1219,#320,.T.);
#1760=EDGE_CURVE('',#1218,#1267,#321,.T.);
#1761=EDGE_CURVE('',#1353,#1222,#322,.T.);
#1762=EDGE_CURVE('',#1354,#1215,#323,.T.);
#1763=EDGE_CURVE('',#1355,#1210,#324,.T.);
#1764=EDGE_CURVE('',#1356,#1248,#325,.T.);
#1765=EDGE_CURVE('',#1357,#1241,#326,.T.);
#1766=EDGE_CURVE('',#1358,#1229,#327,.T.);
#1767=EDGE_CURVE('',#1359,#1236,#328,.T.);
#1768=EDGE_CURVE('',#1360,#1258,#329,.T.);
#1769=EDGE_CURVE('',#1290,#1413,#330,.T.);
#1770=EDGE_CURVE('',#1414,#1412,#331,.T.);
#1771=EDGE_CURVE('',#1226,#1225,#1186,.T.);
#1772=EDGE_CURVE('',#1232,#1233,#332,.T.);
#1773=EDGE_CURVE('',#1219,#1218,#333,.T.);
#1774=EDGE_CURVE('',#1245,#1244,#1187,.T.);
#1775=EDGE_CURVE('',#1204,#1418,#334,.T.);
#1776=EDGE_CURVE('',#1205,#1417,#335,.T.);
#1777=EDGE_CURVE('',#1206,#1289,#336,.T.);
#1778=EDGE_CURVE('',#1207,#1288,#337,.T.);
#1779=EDGE_CURVE('',#1191,#1306,#338,.T.);
#1780=EDGE_CURVE('',#1192,#1305,#339,.T.);
#1781=EDGE_CURVE('',#1195,#1304,#340,.T.);
#1782=EDGE_CURVE('',#1197,#1303,#341,.T.);
#1783=EDGE_CURVE('',#1199,#1302,#342,.T.);
#1784=EDGE_CURVE('',#1201,#1301,#343,.T.);
#1785=EDGE_CURVE('',#1202,#1300,#344,.T.);
#1786=EDGE_CURVE('',#1312,#1369,#345,.T.);
#1787=EDGE_CURVE('',#1311,#1370,#346,.T.);
#1788=EDGE_CURVE('',#1310,#1371,#347,.T.);
#1789=EDGE_CURVE('',#1190,#1307,#348,.T.);
#1790=ORIENTED_EDGE('',*,*,#1419,.T.);
#1791=ORIENTED_EDGE('',*,*,#1420,.T.);
#1792=ORIENTED_EDGE('',*,*,#1421,.T.);
#1793=ORIENTED_EDGE('',*,*,#1422,.T.);
#1794=ORIENTED_EDGE('',*,*,#1423,.T.);
#1795=ORIENTED_EDGE('',*,*,#1424,.T.);
#1796=ORIENTED_EDGE('',*,*,#1425,.T.);
#1797=ORIENTED_EDGE('',*,*,#1422,.F.);
#1798=ORIENTED_EDGE('',*,*,#1426,.T.);
#1799=ORIENTED_EDGE('',*,*,#1424,.F.);
#1800=ORIENTED_EDGE('',*,*,#1427,.T.);
#1801=ORIENTED_EDGE('',*,*,#1428,.T.);
#1802=ORIENTED_EDGE('',*,*,#1429,.T.);
#1803=ORIENTED_EDGE('',*,*,#1428,.F.);
#1804=ORIENTED_EDGE('',*,*,#1430,.T.);
#1805=ORIENTED_EDGE('',*,*,#1431,.T.);
#1806=ORIENTED_EDGE('',*,*,#1432,.T.);
#1807=ORIENTED_EDGE('',*,*,#1431,.F.);
#1808=ORIENTED_EDGE('',*,*,#1433,.T.);
#1809=ORIENTED_EDGE('',*,*,#1434,.T.);
#1810=ORIENTED_EDGE('',*,*,#1435,.T.);
#1811=ORIENTED_EDGE('',*,*,#1434,.F.);
#1812=ORIENTED_EDGE('',*,*,#1436,.T.);
#1813=ORIENTED_EDGE('',*,*,#1437,.T.);
#1814=ORIENTED_EDGE('',*,*,#1438,.T.);
#1815=ORIENTED_EDGE('',*,*,#1439,.T.);
#1816=ORIENTED_EDGE('',*,*,#1440,.T.);
#1817=ORIENTED_EDGE('',*,*,#1437,.F.);
#1818=ORIENTED_EDGE('',*,*,#1419,.F.);
#1819=ORIENTED_EDGE('',*,*,#1425,.F.);
#1820=ORIENTED_EDGE('',*,*,#1426,.F.);
#1821=ORIENTED_EDGE('',*,*,#1429,.F.);
#1822=ORIENTED_EDGE('',*,*,#1432,.F.);
#1823=ORIENTED_EDGE('',*,*,#1435,.F.);
#1824=ORIENTED_EDGE('',*,*,#1440,.F.);
#1825=ORIENTED_EDGE('',*,*,#1441,.T.);
#1826=ORIENTED_EDGE('',*,*,#1442,.T.);
#1827=ORIENTED_EDGE('',*,*,#1443,.T.);
#1828=ORIENTED_EDGE('',*,*,#1444,.T.);
#1829=ORIENTED_EDGE('',*,*,#1445,.T.);
#1830=ORIENTED_EDGE('',*,*,#1446,.F.);
#1831=ORIENTED_EDGE('',*,*,#1447,.T.);
#1832=ORIENTED_EDGE('',*,*,#1448,.T.);
#1833=ORIENTED_EDGE('',*,*,#1447,.F.);
#1834=ORIENTED_EDGE('',*,*,#1449,.F.);
#1835=ORIENTED_EDGE('',*,*,#1446,.T.);
#1836=ORIENTED_EDGE('',*,*,#1450,.F.);
#1837=ORIENTED_EDGE('',*,*,#1448,.F.);
#1838=ORIENTED_EDGE('',*,*,#1450,.T.);
#1839=ORIENTED_EDGE('',*,*,#1451,.T.);
#1840=ORIENTED_EDGE('',*,*,#1452,.T.);
#1841=ORIENTED_EDGE('',*,*,#1451,.F.);
#1842=ORIENTED_EDGE('',*,*,#1453,.F.);
#1843=ORIENTED_EDGE('',*,*,#1454,.T.);
#1844=ORIENTED_EDGE('',*,*,#1455,.T.);
#1845=ORIENTED_EDGE('',*,*,#1454,.F.);
#1846=ORIENTED_EDGE('',*,*,#1456,.F.);
#1847=ORIENTED_EDGE('',*,*,#1453,.T.);
#1848=ORIENTED_EDGE('',*,*,#1457,.F.);
#1849=ORIENTED_EDGE('',*,*,#1455,.F.);
#1850=ORIENTED_EDGE('',*,*,#1457,.T.);
#1851=ORIENTED_EDGE('',*,*,#1458,.T.);
#1852=ORIENTED_EDGE('',*,*,#1459,.F.);
#1853=ORIENTED_EDGE('',*,*,#1460,.T.);
#1854=ORIENTED_EDGE('',*,*,#1461,.F.);
#1855=ORIENTED_EDGE('',*,*,#1458,.F.);
#1856=ORIENTED_EDGE('',*,*,#1462,.F.);
#1857=ORIENTED_EDGE('',*,*,#1463,.T.);
#1858=ORIENTED_EDGE('',*,*,#1464,.T.);
#1859=ORIENTED_EDGE('',*,*,#1463,.F.);
#1860=ORIENTED_EDGE('',*,*,#1465,.F.);
#1861=ORIENTED_EDGE('',*,*,#1462,.T.);
#1862=ORIENTED_EDGE('',*,*,#1466,.F.);
#1863=ORIENTED_EDGE('',*,*,#1464,.F.);
#1864=ORIENTED_EDGE('',*,*,#1466,.T.);
#1865=ORIENTED_EDGE('',*,*,#1467,.T.);
#1866=ORIENTED_EDGE('',*,*,#1468,.F.);
#1867=ORIENTED_EDGE('',*,*,#1469,.T.);
#1868=ORIENTED_EDGE('',*,*,#1470,.F.);
#1869=ORIENTED_EDGE('',*,*,#1467,.F.);
#1870=ORIENTED_EDGE('',*,*,#1471,.F.);
#1871=ORIENTED_EDGE('',*,*,#1472,.T.);
#1872=ORIENTED_EDGE('',*,*,#1473,.T.);
#1873=ORIENTED_EDGE('',*,*,#1472,.F.);
#1874=ORIENTED_EDGE('',*,*,#1474,.F.);
#1875=ORIENTED_EDGE('',*,*,#1471,.T.);
#1876=ORIENTED_EDGE('',*,*,#1475,.F.);
#1877=ORIENTED_EDGE('',*,*,#1473,.F.);
#1878=ORIENTED_EDGE('',*,*,#1475,.T.);
#1879=ORIENTED_EDGE('',*,*,#1476,.T.);
#1880=ORIENTED_EDGE('',*,*,#1477,.T.);
#1881=ORIENTED_EDGE('',*,*,#1478,.F.);
#1882=ORIENTED_EDGE('',*,*,#1479,.T.);
#1883=ORIENTED_EDGE('',*,*,#1476,.F.);
#1884=ORIENTED_EDGE('',*,*,#1480,.F.);
#1885=ORIENTED_EDGE('',*,*,#1481,.T.);
#1886=ORIENTED_EDGE('',*,*,#1482,.T.);
#1887=ORIENTED_EDGE('',*,*,#1481,.F.);
#1888=ORIENTED_EDGE('',*,*,#1483,.F.);
#1889=ORIENTED_EDGE('',*,*,#1480,.T.);
#1890=ORIENTED_EDGE('',*,*,#1484,.F.);
#1891=ORIENTED_EDGE('',*,*,#1482,.F.);
#1892=ORIENTED_EDGE('',*,*,#1484,.T.);
#1893=ORIENTED_EDGE('',*,*,#1485,.T.);
#1894=ORIENTED_EDGE('',*,*,#1486,.T.);
#1895=ORIENTED_EDGE('',*,*,#1485,.F.);
#1896=ORIENTED_EDGE('',*,*,#1487,.F.);
#1897=ORIENTED_EDGE('',*,*,#1488,.T.);
#1898=ORIENTED_EDGE('',*,*,#1489,.T.);
#1899=ORIENTED_EDGE('',*,*,#1488,.F.);
#1900=ORIENTED_EDGE('',*,*,#1490,.F.);
#1901=ORIENTED_EDGE('',*,*,#1487,.T.);
#1902=ORIENTED_EDGE('',*,*,#1491,.F.);
#1903=ORIENTED_EDGE('',*,*,#1489,.F.);
#1904=ORIENTED_EDGE('',*,*,#1491,.T.);
#1905=ORIENTED_EDGE('',*,*,#1492,.T.);
#1906=ORIENTED_EDGE('',*,*,#1493,.F.);
#1907=ORIENTED_EDGE('',*,*,#1494,.T.);
#1908=ORIENTED_EDGE('',*,*,#1495,.F.);
#1909=ORIENTED_EDGE('',*,*,#1492,.F.);
#1910=ORIENTED_EDGE('',*,*,#1496,.F.);
#1911=ORIENTED_EDGE('',*,*,#1497,.T.);
#1912=ORIENTED_EDGE('',*,*,#1498,.T.);
#1913=ORIENTED_EDGE('',*,*,#1497,.F.);
#1914=ORIENTED_EDGE('',*,*,#1499,.F.);
#1915=ORIENTED_EDGE('',*,*,#1496,.T.);
#1916=ORIENTED_EDGE('',*,*,#1500,.F.);
#1917=ORIENTED_EDGE('',*,*,#1498,.F.);
#1918=ORIENTED_EDGE('',*,*,#1500,.T.);
#1919=ORIENTED_EDGE('',*,*,#1501,.T.);
#1920=ORIENTED_EDGE('',*,*,#1502,.T.);
#1921=ORIENTED_EDGE('',*,*,#1503,.T.);
#1922=ORIENTED_EDGE('',*,*,#1504,.T.);
#1923=ORIENTED_EDGE('',*,*,#1505,.T.);
#1924=ORIENTED_EDGE('',*,*,#1506,.T.);
#1925=ORIENTED_EDGE('',*,*,#1507,.T.);
#1926=ORIENTED_EDGE('',*,*,#1501,.F.);
#1927=ORIENTED_EDGE('',*,*,#1508,.F.);
#1928=ORIENTED_EDGE('',*,*,#1509,.T.);
#1929=ORIENTED_EDGE('',*,*,#1510,.T.);
#1930=ORIENTED_EDGE('',*,*,#1509,.F.);
#1931=ORIENTED_EDGE('',*,*,#1511,.F.);
#1932=ORIENTED_EDGE('',*,*,#1508,.T.);
#1933=ORIENTED_EDGE('',*,*,#1512,.F.);
#1934=ORIENTED_EDGE('',*,*,#1510,.F.);
#1935=ORIENTED_EDGE('',*,*,#1512,.T.);
#1936=ORIENTED_EDGE('',*,*,#1513,.T.);
#1937=ORIENTED_EDGE('',*,*,#1514,.T.);
#1938=ORIENTED_EDGE('',*,*,#1513,.F.);
#1939=ORIENTED_EDGE('',*,*,#1515,.F.);
#1940=ORIENTED_EDGE('',*,*,#1516,.F.);
#1941=ORIENTED_EDGE('',*,*,#1517,.F.);
#1942=ORIENTED_EDGE('',*,*,#1518,.T.);
#1943=ORIENTED_EDGE('',*,*,#1519,.T.);
#1944=ORIENTED_EDGE('',*,*,#1516,.T.);
#1945=ORIENTED_EDGE('',*,*,#1520,.T.);
#1946=ORIENTED_EDGE('',*,*,#1521,.F.);
#1947=ORIENTED_EDGE('',*,*,#1522,.T.);
#1948=ORIENTED_EDGE('',*,*,#1517,.T.);
#1949=ORIENTED_EDGE('',*,*,#1523,.T.);
#1950=ORIENTED_EDGE('',*,*,#1524,.T.);
#1951=ORIENTED_EDGE('',*,*,#1525,.T.);
#1952=ORIENTED_EDGE('',*,*,#1515,.T.);
#1953=ORIENTED_EDGE('',*,*,#1526,.T.);
#1954=ORIENTED_EDGE('',*,*,#1527,.T.);
#1955=ORIENTED_EDGE('',*,*,#1518,.F.);
#1956=ORIENTED_EDGE('',*,*,#1528,.T.);
#1957=ORIENTED_EDGE('',*,*,#1529,.T.);
#1958=ORIENTED_EDGE('',*,*,#1530,.T.);
#1959=ORIENTED_EDGE('',*,*,#1531,.F.);
#1960=ORIENTED_EDGE('',*,*,#1532,.F.);
#1961=ORIENTED_EDGE('',*,*,#1533,.F.);
#1962=ORIENTED_EDGE('',*,*,#1534,.T.);
#1963=ORIENTED_EDGE('',*,*,#1535,.T.);
#1964=ORIENTED_EDGE('',*,*,#1520,.F.);
#1965=ORIENTED_EDGE('',*,*,#1525,.F.);
#1966=ORIENTED_EDGE('',*,*,#1536,.T.);
#1967=ORIENTED_EDGE('',*,*,#1528,.F.);
#1968=ORIENTED_EDGE('',*,*,#1537,.F.);
#1969=ORIENTED_EDGE('',*,*,#1538,.F.);
#1970=ORIENTED_EDGE('',*,*,#1539,.F.);
#1971=ORIENTED_EDGE('',*,*,#1540,.T.);
#1972=ORIENTED_EDGE('',*,*,#1541,.T.);
#1973=ORIENTED_EDGE('',*,*,#1538,.T.);
#1974=ORIENTED_EDGE('',*,*,#1542,.T.);
#1975=ORIENTED_EDGE('',*,*,#1543,.T.);
#1976=ORIENTED_EDGE('',*,*,#1544,.T.);
#1977=ORIENTED_EDGE('',*,*,#1539,.T.);
#1978=ORIENTED_EDGE('',*,*,#1545,.T.);
#1979=ORIENTED_EDGE('',*,*,#1546,.F.);
#1980=ORIENTED_EDGE('',*,*,#1547,.T.);
#1981=ORIENTED_EDGE('',*,*,#1537,.T.);
#1982=ORIENTED_EDGE('',*,*,#1548,.T.);
#1983=ORIENTED_EDGE('',*,*,#1549,.F.);
#1984=ORIENTED_EDGE('',*,*,#1545,.F.);
#1985=ORIENTED_EDGE('',*,*,#1541,.F.);
#1986=ORIENTED_EDGE('',*,*,#1550,.T.);
#1987=ORIENTED_EDGE('',*,*,#1477,.F.);
#1988=ORIENTED_EDGE('',*,*,#1479,.F.);
#1989=ORIENTED_EDGE('',*,*,#1551,.T.);
#1990=ORIENTED_EDGE('',*,*,#1552,.T.);
#1991=ORIENTED_EDGE('',*,*,#1469,.F.);
#1992=ORIENTED_EDGE('',*,*,#1553,.T.);
#1993=ORIENTED_EDGE('',*,*,#1554,.T.);
#1994=ORIENTED_EDGE('',*,*,#1555,.T.);
#1995=ORIENTED_EDGE('',*,*,#1556,.F.);
#1996=ORIENTED_EDGE('',*,*,#1557,.F.);
#1997=ORIENTED_EDGE('',*,*,#1558,.F.);
#1998=ORIENTED_EDGE('',*,*,#1522,.F.);
#1999=ORIENTED_EDGE('',*,*,#1559,.T.);
#2000=ORIENTED_EDGE('',*,*,#1560,.F.);
#2001=ORIENTED_EDGE('',*,*,#1561,.F.);
#2002=ORIENTED_EDGE('',*,*,#1542,.F.);
#2003=ORIENTED_EDGE('',*,*,#1547,.F.);
#2004=ORIENTED_EDGE('',*,*,#1562,.T.);
#2005=ORIENTED_EDGE('',*,*,#1526,.F.);
#2006=ORIENTED_EDGE('',*,*,#1563,.T.);
#2007=ORIENTED_EDGE('',*,*,#1564,.T.);
#2008=ORIENTED_EDGE('',*,*,#1565,.T.);
#2009=ORIENTED_EDGE('',*,*,#1566,.T.);
#2010=ORIENTED_EDGE('',*,*,#1521,.T.);
#2011=ORIENTED_EDGE('',*,*,#1567,.T.);
#2012=ORIENTED_EDGE('',*,*,#1565,.F.);
#2013=ORIENTED_EDGE('',*,*,#1568,.T.);
#2014=ORIENTED_EDGE('',*,*,#1569,.T.);
#2015=ORIENTED_EDGE('',*,*,#1570,.T.);
#2016=ORIENTED_EDGE('',*,*,#1571,.T.);
#2017=ORIENTED_EDGE('',*,*,#1572,.T.);
#2018=ORIENTED_EDGE('',*,*,#1573,.T.);
#2019=ORIENTED_EDGE('',*,*,#1574,.T.);
#2020=ORIENTED_EDGE('',*,*,#1575,.T.);
#2021=ORIENTED_EDGE('',*,*,#1576,.T.);
#2022=ORIENTED_EDGE('',*,*,#1577,.F.);
#2023=ORIENTED_EDGE('',*,*,#1578,.T.);
#2024=ORIENTED_EDGE('',*,*,#1579,.T.);
#2025=ORIENTED_EDGE('',*,*,#1580,.T.);
#2026=ORIENTED_EDGE('',*,*,#1581,.T.);
#2027=ORIENTED_EDGE('',*,*,#1582,.T.);
#2028=ORIENTED_EDGE('',*,*,#1583,.T.);
#2029=ORIENTED_EDGE('',*,*,#1584,.T.);
#2030=ORIENTED_EDGE('',*,*,#1585,.T.);
#2031=ORIENTED_EDGE('',*,*,#1586,.T.);
#2032=ORIENTED_EDGE('',*,*,#1587,.T.);
#2033=ORIENTED_EDGE('',*,*,#1588,.T.);
#2034=ORIENTED_EDGE('',*,*,#1589,.T.);
#2035=ORIENTED_EDGE('',*,*,#1533,.T.);
#2036=ORIENTED_EDGE('',*,*,#1590,.T.);
#2037=ORIENTED_EDGE('',*,*,#1588,.F.);
#2038=ORIENTED_EDGE('',*,*,#1585,.F.);
#2039=ORIENTED_EDGE('',*,*,#1591,.T.);
#2040=ORIENTED_EDGE('',*,*,#1592,.F.);
#2041=ORIENTED_EDGE('',*,*,#1593,.F.);
#2042=ORIENTED_EDGE('',*,*,#1594,.T.);
#2043=ORIENTED_EDGE('',*,*,#1595,.T.);
#2044=ORIENTED_EDGE('',*,*,#1596,.F.);
#2045=ORIENTED_EDGE('',*,*,#1597,.F.);
#2046=ORIENTED_EDGE('',*,*,#1598,.F.);
#2047=ORIENTED_EDGE('',*,*,#1599,.T.);
#2048=ORIENTED_EDGE('',*,*,#1600,.T.);
#2049=ORIENTED_EDGE('',*,*,#1601,.T.);
#2050=ORIENTED_EDGE('',*,*,#1602,.T.);
#2051=ORIENTED_EDGE('',*,*,#1603,.T.);
#2052=ORIENTED_EDGE('',*,*,#1590,.F.);
#2053=ORIENTED_EDGE('',*,*,#1532,.T.);
#2054=ORIENTED_EDGE('',*,*,#1604,.F.);
#2055=ORIENTED_EDGE('',*,*,#1591,.F.);
#2056=ORIENTED_EDGE('',*,*,#1605,.T.);
#2057=ORIENTED_EDGE('',*,*,#1606,.T.);
#2058=ORIENTED_EDGE('',*,*,#1577,.T.);
#2059=ORIENTED_EDGE('',*,*,#1607,.T.);
#2060=ORIENTED_EDGE('',*,*,#1540,.F.);
#2061=ORIENTED_EDGE('',*,*,#1608,.F.);
#2062=ORIENTED_EDGE('',*,*,#1556,.T.);
#2063=ORIENTED_EDGE('',*,*,#1609,.T.);
#2064=ORIENTED_EDGE('',*,*,#1598,.T.);
#2065=ORIENTED_EDGE('',*,*,#1610,.T.);
#2066=ORIENTED_EDGE('',*,*,#1611,.T.);
#2067=ORIENTED_EDGE('',*,*,#1612,.T.);
#2068=ORIENTED_EDGE('',*,*,#1557,.T.);
#2069=ORIENTED_EDGE('',*,*,#1610,.F.);
#2070=ORIENTED_EDGE('',*,*,#1613,.T.);
#2071=ORIENTED_EDGE('',*,*,#1527,.F.);
#2072=ORIENTED_EDGE('',*,*,#1562,.F.);
#2073=ORIENTED_EDGE('',*,*,#1546,.T.);
#2074=ORIENTED_EDGE('',*,*,#1613,.F.);
#2075=ORIENTED_EDGE('',*,*,#1549,.T.);
#2076=ORIENTED_EDGE('',*,*,#1614,.F.);
#2077=ORIENTED_EDGE('',*,*,#1615,.F.);
#2078=ORIENTED_EDGE('',*,*,#1616,.F.);
#2079=ORIENTED_EDGE('',*,*,#1594,.F.);
#2080=ORIENTED_EDGE('',*,*,#1617,.F.);
#2081=ORIENTED_EDGE('',*,*,#1529,.F.);
#2082=ORIENTED_EDGE('',*,*,#1536,.F.);
#2083=ORIENTED_EDGE('',*,*,#1524,.F.);
#2084=ORIENTED_EDGE('',*,*,#1452,.F.);
#2085=ORIENTED_EDGE('',*,*,#1486,.F.);
#2086=ORIENTED_EDGE('',*,*,#1514,.F.);
#2087=ORIENTED_EDGE('',*,*,#1618,.T.);
#2088=ORIENTED_EDGE('',*,*,#1619,.T.);
#2089=ORIENTED_EDGE('',*,*,#1531,.T.);
#2090=ORIENTED_EDGE('',*,*,#1620,.F.);
#2091=ORIENTED_EDGE('',*,*,#1621,.T.);
#2092=ORIENTED_EDGE('',*,*,#1622,.T.);
#2093=ORIENTED_EDGE('',*,*,#1604,.T.);
#2094=ORIENTED_EDGE('',*,*,#1619,.F.);
#2095=ORIENTED_EDGE('',*,*,#1623,.T.);
#2096=ORIENTED_EDGE('',*,*,#1624,.T.);
#2097=ORIENTED_EDGE('',*,*,#1592,.T.);
#2098=ORIENTED_EDGE('',*,*,#1622,.F.);
#2099=ORIENTED_EDGE('',*,*,#1625,.T.);
#2100=ORIENTED_EDGE('',*,*,#1624,.F.);
#2101=ORIENTED_EDGE('',*,*,#1626,.T.);
#2102=ORIENTED_EDGE('',*,*,#1620,.T.);
#2103=ORIENTED_EDGE('',*,*,#1625,.F.);
#2104=ORIENTED_EDGE('',*,*,#1530,.F.);
#2105=ORIENTED_EDGE('',*,*,#1617,.T.);
#2106=ORIENTED_EDGE('',*,*,#1593,.T.);
#2107=ORIENTED_EDGE('',*,*,#1627,.F.);
#2108=ORIENTED_EDGE('',*,*,#1628,.F.);
#2109=ORIENTED_EDGE('',*,*,#1629,.F.);
#2110=ORIENTED_EDGE('',*,*,#1630,.F.);
#2111=ORIENTED_EDGE('',*,*,#1631,.F.);
#2112=ORIENTED_EDGE('',*,*,#1632,.F.);
#2113=ORIENTED_EDGE('',*,*,#1633,.F.);
#2114=ORIENTED_EDGE('',*,*,#1634,.F.);
#2115=ORIENTED_EDGE('',*,*,#1635,.F.);
#2116=ORIENTED_EDGE('',*,*,#1636,.F.);
#2117=ORIENTED_EDGE('',*,*,#1637,.F.);
#2118=ORIENTED_EDGE('',*,*,#1638,.F.);
#2119=ORIENTED_EDGE('',*,*,#1639,.T.);
#2120=ORIENTED_EDGE('',*,*,#1640,.T.);
#2121=ORIENTED_EDGE('',*,*,#1641,.T.);
#2122=ORIENTED_EDGE('',*,*,#1642,.T.);
#2123=ORIENTED_EDGE('',*,*,#1643,.T.);
#2124=ORIENTED_EDGE('',*,*,#1644,.T.);
#2125=ORIENTED_EDGE('',*,*,#1645,.T.);
#2126=ORIENTED_EDGE('',*,*,#1646,.T.);
#2127=ORIENTED_EDGE('',*,*,#1618,.F.);
#2128=ORIENTED_EDGE('',*,*,#1626,.F.);
#2129=ORIENTED_EDGE('',*,*,#1623,.F.);
#2130=ORIENTED_EDGE('',*,*,#1621,.F.);
#2131=ORIENTED_EDGE('',*,*,#1635,.T.);
#2132=ORIENTED_EDGE('',*,*,#1647,.T.);
#2133=ORIENTED_EDGE('',*,*,#1648,.T.);
#2134=ORIENTED_EDGE('',*,*,#1649,.F.);
#2135=ORIENTED_EDGE('',*,*,#1638,.T.);
#2136=ORIENTED_EDGE('',*,*,#1650,.T.);
#2137=ORIENTED_EDGE('',*,*,#1651,.T.);
#2138=ORIENTED_EDGE('',*,*,#1647,.F.);
#2139=ORIENTED_EDGE('',*,*,#1637,.T.);
#2140=ORIENTED_EDGE('',*,*,#1652,.T.);
#2141=ORIENTED_EDGE('',*,*,#1596,.T.);
#2142=ORIENTED_EDGE('',*,*,#1650,.F.);
#2143=ORIENTED_EDGE('',*,*,#1653,.T.);
#2144=ORIENTED_EDGE('',*,*,#1652,.F.);
#2145=ORIENTED_EDGE('',*,*,#1636,.T.);
#2146=ORIENTED_EDGE('',*,*,#1649,.T.);
#2147=ORIENTED_EDGE('',*,*,#1611,.F.);
#2148=ORIENTED_EDGE('',*,*,#1597,.T.);
#2149=ORIENTED_EDGE('',*,*,#1653,.F.);
#2150=ORIENTED_EDGE('',*,*,#1654,.F.);
#2151=ORIENTED_EDGE('',*,*,#1655,.T.);
#2152=ORIENTED_EDGE('',*,*,#1656,.T.);
#2153=ORIENTED_EDGE('',*,*,#1543,.F.);
#2154=ORIENTED_EDGE('',*,*,#1558,.T.);
#2155=ORIENTED_EDGE('',*,*,#1612,.F.);
#2156=ORIENTED_EDGE('',*,*,#1654,.T.);
#2157=ORIENTED_EDGE('',*,*,#1648,.F.);
#2158=ORIENTED_EDGE('',*,*,#1657,.F.);
#2159=ORIENTED_EDGE('',*,*,#1615,.T.);
#2160=ORIENTED_EDGE('',*,*,#1658,.T.);
#2161=ORIENTED_EDGE('',*,*,#1659,.T.);
#2162=ORIENTED_EDGE('',*,*,#1660,.T.);
#2163=ORIENTED_EDGE('',*,*,#1560,.T.);
#2164=ORIENTED_EDGE('',*,*,#1661,.T.);
#2165=ORIENTED_EDGE('',*,*,#1627,.T.);
#2166=ORIENTED_EDGE('',*,*,#1662,.T.);
#2167=ORIENTED_EDGE('',*,*,#1628,.T.);
#2168=ORIENTED_EDGE('',*,*,#1661,.F.);
#2169=ORIENTED_EDGE('',*,*,#1663,.T.);
#2170=ORIENTED_EDGE('',*,*,#1664,.T.);
#2171=ORIENTED_EDGE('',*,*,#1629,.T.);
#2172=ORIENTED_EDGE('',*,*,#1662,.F.);
#2173=ORIENTED_EDGE('',*,*,#1665,.T.);
#2174=ORIENTED_EDGE('',*,*,#1666,.T.);
#2175=ORIENTED_EDGE('',*,*,#1630,.T.);
#2176=ORIENTED_EDGE('',*,*,#1664,.F.);
#2177=ORIENTED_EDGE('',*,*,#1667,.T.);
#2178=ORIENTED_EDGE('',*,*,#1668,.T.);
#2179=ORIENTED_EDGE('',*,*,#1631,.T.);
#2180=ORIENTED_EDGE('',*,*,#1666,.F.);
#2181=ORIENTED_EDGE('',*,*,#1669,.T.);
#2182=ORIENTED_EDGE('',*,*,#1670,.T.);
#2183=ORIENTED_EDGE('',*,*,#1632,.T.);
#2184=ORIENTED_EDGE('',*,*,#1668,.F.);
#2185=ORIENTED_EDGE('',*,*,#1671,.T.);
#2186=ORIENTED_EDGE('',*,*,#1672,.T.);
#2187=ORIENTED_EDGE('',*,*,#1633,.T.);
#2188=ORIENTED_EDGE('',*,*,#1670,.F.);
#2189=ORIENTED_EDGE('',*,*,#1673,.T.);
#2190=ORIENTED_EDGE('',*,*,#1660,.F.);
#2191=ORIENTED_EDGE('',*,*,#1634,.T.);
#2192=ORIENTED_EDGE('',*,*,#1672,.F.);
#2193=ORIENTED_EDGE('',*,*,#1674,.T.);
#2194=ORIENTED_EDGE('',*,*,#1667,.F.);
#2195=ORIENTED_EDGE('',*,*,#1675,.F.);
#2196=ORIENTED_EDGE('',*,*,#1582,.F.);
#2197=ORIENTED_EDGE('',*,*,#1676,.T.);
#2198=ORIENTED_EDGE('',*,*,#1665,.F.);
#2199=ORIENTED_EDGE('',*,*,#1677,.F.);
#2200=ORIENTED_EDGE('',*,*,#1583,.F.);
#2201=ORIENTED_EDGE('',*,*,#1675,.T.);
#2202=ORIENTED_EDGE('',*,*,#1678,.T.);
#2203=ORIENTED_EDGE('',*,*,#1679,.T.);
#2204=ORIENTED_EDGE('',*,*,#1663,.F.);
#2205=ORIENTED_EDGE('',*,*,#1559,.F.);
#2206=ORIENTED_EDGE('',*,*,#1566,.F.);
#2207=ORIENTED_EDGE('',*,*,#1584,.F.);
#2208=ORIENTED_EDGE('',*,*,#1677,.T.);
#2209=ORIENTED_EDGE('',*,*,#1680,.F.);
#2210=ORIENTED_EDGE('',*,*,#1681,.T.);
#2211=ORIENTED_EDGE('',*,*,#1682,.T.);
#2212=ORIENTED_EDGE('',*,*,#1681,.F.);
#2213=ORIENTED_EDGE('',*,*,#1683,.F.);
#2214=ORIENTED_EDGE('',*,*,#1680,.T.);
#2215=ORIENTED_EDGE('',*,*,#1684,.F.);
#2216=ORIENTED_EDGE('',*,*,#1682,.F.);
#2217=ORIENTED_EDGE('',*,*,#1685,.F.);
#2218=ORIENTED_EDGE('',*,*,#1686,.T.);
#2219=ORIENTED_EDGE('',*,*,#1684,.T.);
#2220=ORIENTED_EDGE('',*,*,#1686,.F.);
#2221=ORIENTED_EDGE('',*,*,#1687,.F.);
#2222=ORIENTED_EDGE('',*,*,#1688,.T.);
#2223=ORIENTED_EDGE('',*,*,#1689,.T.);
#2224=ORIENTED_EDGE('',*,*,#1688,.F.);
#2225=ORIENTED_EDGE('',*,*,#1690,.F.);
#2226=ORIENTED_EDGE('',*,*,#1687,.T.);
#2227=ORIENTED_EDGE('',*,*,#1691,.F.);
#2228=ORIENTED_EDGE('',*,*,#1689,.F.);
#2229=ORIENTED_EDGE('',*,*,#1692,.F.);
#2230=ORIENTED_EDGE('',*,*,#1693,.T.);
#2231=ORIENTED_EDGE('',*,*,#1691,.T.);
#2232=ORIENTED_EDGE('',*,*,#1693,.F.);
#2233=ORIENTED_EDGE('',*,*,#1690,.T.);
#2234=ORIENTED_EDGE('',*,*,#1694,.T.);
#2235=ORIENTED_EDGE('',*,*,#1656,.F.);
#2236=ORIENTED_EDGE('',*,*,#1694,.F.);
#2237=ORIENTED_EDGE('',*,*,#1683,.T.);
#2238=ORIENTED_EDGE('',*,*,#1695,.T.);
#2239=ORIENTED_EDGE('',*,*,#1655,.F.);
#2240=ORIENTED_EDGE('',*,*,#1695,.F.);
#2241=ORIENTED_EDGE('',*,*,#1696,.F.);
#2242=ORIENTED_EDGE('',*,*,#1697,.T.);
#2243=ORIENTED_EDGE('',*,*,#1698,.F.);
#2244=ORIENTED_EDGE('',*,*,#1697,.F.);
#2245=ORIENTED_EDGE('',*,*,#1699,.F.);
#2246=ORIENTED_EDGE('',*,*,#1698,.T.);
#2247=ORIENTED_EDGE('',*,*,#1700,.F.);
#2248=ORIENTED_EDGE('',*,*,#1696,.T.);
#2249=ORIENTED_EDGE('',*,*,#1700,.T.);
#2250=ORIENTED_EDGE('',*,*,#1701,.T.);
#2251=ORIENTED_EDGE('',*,*,#1605,.F.);
#2252=ORIENTED_EDGE('',*,*,#1701,.F.);
#2253=ORIENTED_EDGE('',*,*,#1702,.F.);
#2254=ORIENTED_EDGE('',*,*,#1703,.T.);
#2255=ORIENTED_EDGE('',*,*,#1704,.F.);
#2256=ORIENTED_EDGE('',*,*,#1703,.F.);
#2257=ORIENTED_EDGE('',*,*,#1705,.F.);
#2258=ORIENTED_EDGE('',*,*,#1704,.T.);
#2259=ORIENTED_EDGE('',*,*,#1706,.F.);
#2260=ORIENTED_EDGE('',*,*,#1702,.T.);
#2261=ORIENTED_EDGE('',*,*,#1706,.T.);
#2262=ORIENTED_EDGE('',*,*,#1707,.T.);
#2263=ORIENTED_EDGE('',*,*,#1606,.F.);
#2264=ORIENTED_EDGE('',*,*,#1707,.F.);
#2265=ORIENTED_EDGE('',*,*,#1679,.F.);
#2266=ORIENTED_EDGE('',*,*,#1708,.T.);
#2267=ORIENTED_EDGE('',*,*,#1705,.T.);
#2268=ORIENTED_EDGE('',*,*,#1708,.F.);
#2269=ORIENTED_EDGE('',*,*,#1678,.F.);
#2270=ORIENTED_EDGE('',*,*,#1709,.T.);
#2271=ORIENTED_EDGE('',*,*,#1699,.T.);
#2272=ORIENTED_EDGE('',*,*,#1709,.F.);
#2273=ORIENTED_EDGE('',*,*,#1710,.F.);
#2274=ORIENTED_EDGE('',*,*,#1711,.T.);
#2275=ORIENTED_EDGE('',*,*,#1712,.F.);
#2276=ORIENTED_EDGE('',*,*,#1711,.F.);
#2277=ORIENTED_EDGE('',*,*,#1713,.F.);
#2278=ORIENTED_EDGE('',*,*,#1712,.T.);
#2279=ORIENTED_EDGE('',*,*,#1714,.F.);
#2280=ORIENTED_EDGE('',*,*,#1710,.T.);
#2281=ORIENTED_EDGE('',*,*,#1714,.T.);
#2282=ORIENTED_EDGE('',*,*,#1715,.T.);
#2283=ORIENTED_EDGE('',*,*,#1564,.F.);
#2284=ORIENTED_EDGE('',*,*,#1715,.F.);
#2285=ORIENTED_EDGE('',*,*,#1716,.F.);
#2286=ORIENTED_EDGE('',*,*,#1717,.T.);
#2287=ORIENTED_EDGE('',*,*,#1718,.F.);
#2288=ORIENTED_EDGE('',*,*,#1717,.F.);
#2289=ORIENTED_EDGE('',*,*,#1719,.F.);
#2290=ORIENTED_EDGE('',*,*,#1718,.T.);
#2291=ORIENTED_EDGE('',*,*,#1720,.F.);
#2292=ORIENTED_EDGE('',*,*,#1716,.T.);
#2293=ORIENTED_EDGE('',*,*,#1720,.T.);
#2294=ORIENTED_EDGE('',*,*,#1721,.T.);
#2295=ORIENTED_EDGE('',*,*,#1563,.F.);
#2296=ORIENTED_EDGE('',*,*,#1721,.F.);
#2297=ORIENTED_EDGE('',*,*,#1722,.F.);
#2298=ORIENTED_EDGE('',*,*,#1723,.T.);
#2299=ORIENTED_EDGE('',*,*,#1724,.F.);
#2300=ORIENTED_EDGE('',*,*,#1723,.F.);
#2301=ORIENTED_EDGE('',*,*,#1725,.F.);
#2302=ORIENTED_EDGE('',*,*,#1724,.T.);
#2303=ORIENTED_EDGE('',*,*,#1726,.F.);
#2304=ORIENTED_EDGE('',*,*,#1722,.T.);
#2305=ORIENTED_EDGE('',*,*,#1726,.T.);
#2306=ORIENTED_EDGE('',*,*,#1727,.T.);
#2307=ORIENTED_EDGE('',*,*,#1602,.F.);
#2308=ORIENTED_EDGE('',*,*,#1727,.F.);
#2309=ORIENTED_EDGE('',*,*,#1728,.F.);
#2310=ORIENTED_EDGE('',*,*,#1729,.T.);
#2311=ORIENTED_EDGE('',*,*,#1730,.F.);
#2312=ORIENTED_EDGE('',*,*,#1729,.F.);
#2313=ORIENTED_EDGE('',*,*,#1731,.F.);
#2314=ORIENTED_EDGE('',*,*,#1730,.T.);
#2315=ORIENTED_EDGE('',*,*,#1732,.F.);
#2316=ORIENTED_EDGE('',*,*,#1728,.T.);
#2317=ORIENTED_EDGE('',*,*,#1732,.T.);
#2318=ORIENTED_EDGE('',*,*,#1733,.T.);
#2319=ORIENTED_EDGE('',*,*,#1603,.F.);
#2320=ORIENTED_EDGE('',*,*,#1733,.F.);
#2321=ORIENTED_EDGE('',*,*,#1734,.F.);
#2322=ORIENTED_EDGE('',*,*,#1735,.T.);
#2323=ORIENTED_EDGE('',*,*,#1731,.T.);
#2324=ORIENTED_EDGE('',*,*,#1735,.F.);
#2325=ORIENTED_EDGE('',*,*,#1535,.F.);
#2326=ORIENTED_EDGE('',*,*,#1736,.T.);
#2327=ORIENTED_EDGE('',*,*,#1719,.T.);
#2328=ORIENTED_EDGE('',*,*,#1736,.F.);
#2329=ORIENTED_EDGE('',*,*,#1737,.F.);
#2330=ORIENTED_EDGE('',*,*,#1738,.T.);
#2331=ORIENTED_EDGE('',*,*,#1725,.T.);
#2332=ORIENTED_EDGE('',*,*,#1738,.F.);
#2333=ORIENTED_EDGE('',*,*,#1659,.F.);
#2334=ORIENTED_EDGE('',*,*,#1739,.T.);
#2335=ORIENTED_EDGE('',*,*,#1713,.T.);
#2336=ORIENTED_EDGE('',*,*,#1739,.F.);
#2337=ORIENTED_EDGE('',*,*,#1502,.F.);
#2338=ORIENTED_EDGE('',*,*,#1740,.T.);
#2339=ORIENTED_EDGE('',*,*,#1601,.F.);
#2340=ORIENTED_EDGE('',*,*,#1741,.F.);
#2341=ORIENTED_EDGE('',*,*,#1507,.F.);
#2342=ORIENTED_EDGE('',*,*,#1742,.F.);
#2343=ORIENTED_EDGE('',*,*,#1743,.F.);
#2344=ORIENTED_EDGE('',*,*,#1744,.T.);
#2345=ORIENTED_EDGE('',*,*,#1586,.F.);
#2346=ORIENTED_EDGE('',*,*,#1740,.F.);
#2347=ORIENTED_EDGE('',*,*,#1744,.F.);
#2348=ORIENTED_EDGE('',*,*,#1745,.F.);
#2349=ORIENTED_EDGE('',*,*,#1746,.F.);
#2350=ORIENTED_EDGE('',*,*,#1747,.F.);
#2351=ORIENTED_EDGE('',*,*,#1503,.F.);
#2352=ORIENTED_EDGE('',*,*,#1741,.T.);
#2353=ORIENTED_EDGE('',*,*,#1600,.F.);
#2354=ORIENTED_EDGE('',*,*,#1748,.F.);
#2355=ORIENTED_EDGE('',*,*,#1504,.F.);
#2356=ORIENTED_EDGE('',*,*,#1748,.T.);
#2357=ORIENTED_EDGE('',*,*,#1599,.F.);
#2358=ORIENTED_EDGE('',*,*,#1749,.F.);
#2359=ORIENTED_EDGE('',*,*,#1609,.F.);
#2360=ORIENTED_EDGE('',*,*,#1555,.F.);
#2361=ORIENTED_EDGE('',*,*,#1750,.F.);
#2362=ORIENTED_EDGE('',*,*,#1751,.F.);
#2363=ORIENTED_EDGE('',*,*,#1752,.T.);
#2364=ORIENTED_EDGE('',*,*,#1749,.T.);
#2365=ORIENTED_EDGE('',*,*,#1506,.F.);
#2366=ORIENTED_EDGE('',*,*,#1753,.F.);
#2367=ORIENTED_EDGE('',*,*,#1754,.F.);
#2368=ORIENTED_EDGE('',*,*,#1742,.T.);
#2369=ORIENTED_EDGE('',*,*,#1505,.F.);
#2370=ORIENTED_EDGE('',*,*,#1752,.F.);
#2371=ORIENTED_EDGE('',*,*,#1755,.F.);
#2372=ORIENTED_EDGE('',*,*,#1753,.T.);
#2373=ORIENTED_EDGE('',*,*,#1544,.F.);
#2374=ORIENTED_EDGE('',*,*,#1658,.F.);
#2375=ORIENTED_EDGE('',*,*,#1614,.T.);
#2376=ORIENTED_EDGE('',*,*,#1548,.F.);
#2377=ORIENTED_EDGE('',*,*,#1519,.F.);
#2378=ORIENTED_EDGE('',*,*,#1534,.F.);
#2379=ORIENTED_EDGE('',*,*,#1589,.F.);
#2380=ORIENTED_EDGE('',*,*,#1587,.F.);
#2381=ORIENTED_EDGE('',*,*,#1747,.T.);
#2382=ORIENTED_EDGE('',*,*,#1756,.T.);
#2383=ORIENTED_EDGE('',*,*,#1757,.T.);
#2384=ORIENTED_EDGE('',*,*,#1494,.F.);
#2385=ORIENTED_EDGE('',*,*,#1758,.T.);
#2386=ORIENTED_EDGE('',*,*,#1759,.T.);
#2387=ORIENTED_EDGE('',*,*,#1460,.F.);
#2388=ORIENTED_EDGE('',*,*,#1760,.T.);
#2389=ORIENTED_EDGE('',*,*,#1523,.F.);
#2390=ORIENTED_EDGE('',*,*,#1639,.F.);
#2391=ORIENTED_EDGE('',*,*,#1761,.T.);
#2392=ORIENTED_EDGE('',*,*,#1465,.T.);
#2393=ORIENTED_EDGE('',*,*,#1761,.F.);
#2394=ORIENTED_EDGE('',*,*,#1640,.F.);
#2395=ORIENTED_EDGE('',*,*,#1762,.T.);
#2396=ORIENTED_EDGE('',*,*,#1456,.T.);
#2397=ORIENTED_EDGE('',*,*,#1762,.F.);
#2398=ORIENTED_EDGE('',*,*,#1651,.F.);
#2399=ORIENTED_EDGE('',*,*,#1595,.F.);
#2400=ORIENTED_EDGE('',*,*,#1616,.T.);
#2401=ORIENTED_EDGE('',*,*,#1657,.T.);
#2402=ORIENTED_EDGE('',*,*,#1641,.F.);
#2403=ORIENTED_EDGE('',*,*,#1763,.T.);
#2404=ORIENTED_EDGE('',*,*,#1449,.T.);
#2405=ORIENTED_EDGE('',*,*,#1763,.F.);
#2406=ORIENTED_EDGE('',*,*,#1642,.F.);
#2407=ORIENTED_EDGE('',*,*,#1764,.T.);
#2408=ORIENTED_EDGE('',*,*,#1499,.T.);
#2409=ORIENTED_EDGE('',*,*,#1764,.F.);
#2410=ORIENTED_EDGE('',*,*,#1643,.F.);
#2411=ORIENTED_EDGE('',*,*,#1765,.T.);
#2412=ORIENTED_EDGE('',*,*,#1490,.T.);
#2413=ORIENTED_EDGE('',*,*,#1765,.F.);
#2414=ORIENTED_EDGE('',*,*,#1644,.F.);
#2415=ORIENTED_EDGE('',*,*,#1766,.T.);
#2416=ORIENTED_EDGE('',*,*,#1474,.T.);
#2417=ORIENTED_EDGE('',*,*,#1766,.F.);
#2418=ORIENTED_EDGE('',*,*,#1645,.F.);
#2419=ORIENTED_EDGE('',*,*,#1767,.T.);
#2420=ORIENTED_EDGE('',*,*,#1483,.T.);
#2421=ORIENTED_EDGE('',*,*,#1767,.F.);
#2422=ORIENTED_EDGE('',*,*,#1646,.F.);
#2423=ORIENTED_EDGE('',*,*,#1768,.T.);
#2424=ORIENTED_EDGE('',*,*,#1511,.T.);
#2425=ORIENTED_EDGE('',*,*,#1768,.F.);
#2426=ORIENTED_EDGE('',*,*,#1769,.T.);
#2427=ORIENTED_EDGE('',*,*,#1746,.T.);
#2428=ORIENTED_EDGE('',*,*,#1770,.F.);
#2429=ORIENTED_EDGE('',*,*,#1750,.T.);
#2430=ORIENTED_EDGE('',*,*,#1468,.T.);
#2431=ORIENTED_EDGE('',*,*,#1470,.T.);
#2432=ORIENTED_EDGE('',*,*,#1771,.T.);
#2433=ORIENTED_EDGE('',*,*,#1478,.T.);
#2434=ORIENTED_EDGE('',*,*,#1772,.T.);
#2435=ORIENTED_EDGE('',*,*,#1459,.T.);
#2436=ORIENTED_EDGE('',*,*,#1461,.T.);
#2437=ORIENTED_EDGE('',*,*,#1773,.T.);
#2438=ORIENTED_EDGE('',*,*,#1493,.T.);
#2439=ORIENTED_EDGE('',*,*,#1495,.T.);
#2440=ORIENTED_EDGE('',*,*,#1774,.T.);
#2441=ORIENTED_EDGE('',*,*,#1442,.F.);
#2442=ORIENTED_EDGE('',*,*,#1775,.T.);
#2443=ORIENTED_EDGE('',*,*,#1758,.F.);
#2444=ORIENTED_EDGE('',*,*,#1774,.F.);
#2445=ORIENTED_EDGE('',*,*,#1757,.F.);
#2446=ORIENTED_EDGE('',*,*,#1776,.F.);
#2447=ORIENTED_EDGE('',*,*,#1443,.F.);
#2448=ORIENTED_EDGE('',*,*,#1776,.T.);
#2449=ORIENTED_EDGE('',*,*,#1756,.F.);
#2450=ORIENTED_EDGE('',*,*,#1769,.F.);
#2451=ORIENTED_EDGE('',*,*,#1554,.F.);
#2452=ORIENTED_EDGE('',*,*,#1777,.F.);
#2453=ORIENTED_EDGE('',*,*,#1444,.F.);
#2454=ORIENTED_EDGE('',*,*,#1777,.T.);
#2455=ORIENTED_EDGE('',*,*,#1553,.F.);
#2456=ORIENTED_EDGE('',*,*,#1771,.F.);
#2457=ORIENTED_EDGE('',*,*,#1552,.F.);
#2458=ORIENTED_EDGE('',*,*,#1778,.F.);
#2459=ORIENTED_EDGE('',*,*,#1423,.F.);
#2460=ORIENTED_EDGE('',*,*,#1779,.T.);
#2461=ORIENTED_EDGE('',*,*,#1574,.F.);
#2462=ORIENTED_EDGE('',*,*,#1780,.F.);
#2463=ORIENTED_EDGE('',*,*,#1427,.F.);
#2464=ORIENTED_EDGE('',*,*,#1780,.T.);
#2465=ORIENTED_EDGE('',*,*,#1573,.F.);
#2466=ORIENTED_EDGE('',*,*,#1781,.F.);
#2467=ORIENTED_EDGE('',*,*,#1430,.F.);
#2468=ORIENTED_EDGE('',*,*,#1781,.T.);
#2469=ORIENTED_EDGE('',*,*,#1572,.F.);
#2470=ORIENTED_EDGE('',*,*,#1782,.F.);
#2471=ORIENTED_EDGE('',*,*,#1433,.F.);
#2472=ORIENTED_EDGE('',*,*,#1782,.T.);
#2473=ORIENTED_EDGE('',*,*,#1571,.F.);
#2474=ORIENTED_EDGE('',*,*,#1783,.F.);
#2475=ORIENTED_EDGE('',*,*,#1436,.F.);
#2476=ORIENTED_EDGE('',*,*,#1783,.T.);
#2477=ORIENTED_EDGE('',*,*,#1570,.F.);
#2478=ORIENTED_EDGE('',*,*,#1784,.F.);
#2479=ORIENTED_EDGE('',*,*,#1438,.F.);
#2480=ORIENTED_EDGE('',*,*,#1784,.T.);
#2481=ORIENTED_EDGE('',*,*,#1569,.F.);
#2482=ORIENTED_EDGE('',*,*,#1785,.F.);
#2483=ORIENTED_EDGE('',*,*,#1567,.F.);
#2484=ORIENTED_EDGE('',*,*,#1760,.F.);
#2485=ORIENTED_EDGE('',*,*,#1773,.F.);
#2486=ORIENTED_EDGE('',*,*,#1759,.F.);
#2487=ORIENTED_EDGE('',*,*,#1775,.F.);
#2488=ORIENTED_EDGE('',*,*,#1441,.F.);
#2489=ORIENTED_EDGE('',*,*,#1439,.F.);
#2490=ORIENTED_EDGE('',*,*,#1785,.T.);
#2491=ORIENTED_EDGE('',*,*,#1568,.F.);
#2492=ORIENTED_EDGE('',*,*,#1669,.F.);
#2493=ORIENTED_EDGE('',*,*,#1676,.F.);
#2494=ORIENTED_EDGE('',*,*,#1581,.F.);
#2495=ORIENTED_EDGE('',*,*,#1786,.T.);
#2496=ORIENTED_EDGE('',*,*,#1734,.T.);
#2497=ORIENTED_EDGE('',*,*,#1737,.T.);
#2498=ORIENTED_EDGE('',*,*,#1754,.T.);
#2499=ORIENTED_EDGE('',*,*,#1755,.T.);
#2500=ORIENTED_EDGE('',*,*,#1751,.T.);
#2501=ORIENTED_EDGE('',*,*,#1770,.T.);
#2502=ORIENTED_EDGE('',*,*,#1745,.T.);
#2503=ORIENTED_EDGE('',*,*,#1743,.T.);
#2504=ORIENTED_EDGE('',*,*,#1671,.F.);
#2505=ORIENTED_EDGE('',*,*,#1786,.F.);
#2506=ORIENTED_EDGE('',*,*,#1580,.F.);
#2507=ORIENTED_EDGE('',*,*,#1787,.T.);
#2508=ORIENTED_EDGE('',*,*,#1673,.F.);
#2509=ORIENTED_EDGE('',*,*,#1787,.F.);
#2510=ORIENTED_EDGE('',*,*,#1579,.F.);
#2511=ORIENTED_EDGE('',*,*,#1788,.T.);
#2512=ORIENTED_EDGE('',*,*,#1692,.T.);
#2513=ORIENTED_EDGE('',*,*,#1685,.T.);
#2514=ORIENTED_EDGE('',*,*,#1674,.F.);
#2515=ORIENTED_EDGE('',*,*,#1788,.F.);
#2516=ORIENTED_EDGE('',*,*,#1578,.F.);
#2517=ORIENTED_EDGE('',*,*,#1608,.T.);
#2518=ORIENTED_EDGE('',*,*,#1561,.T.);
#2519=ORIENTED_EDGE('',*,*,#1607,.F.);
#2520=ORIENTED_EDGE('',*,*,#1576,.F.);
#2521=ORIENTED_EDGE('',*,*,#1789,.F.);
#2522=ORIENTED_EDGE('',*,*,#1420,.F.);
#2523=ORIENTED_EDGE('',*,*,#1445,.F.);
#2524=ORIENTED_EDGE('',*,*,#1778,.T.);
#2525=ORIENTED_EDGE('',*,*,#1551,.F.);
#2526=ORIENTED_EDGE('',*,*,#1772,.F.);
#2527=ORIENTED_EDGE('',*,*,#1550,.F.);
#2528=ORIENTED_EDGE('',*,*,#1421,.F.);
#2529=ORIENTED_EDGE('',*,*,#1789,.T.);
#2530=ORIENTED_EDGE('',*,*,#1575,.F.);
#2531=ORIENTED_EDGE('',*,*,#1779,.F.);
#2532=TOROIDAL_SURFACE('',#2718,2.2,0.8);
#2533=TOROIDAL_SURFACE('',#2730,2.2,0.8);
#2534=TOROIDAL_SURFACE('',#2915,3.5,0.5);
#2535=TOROIDAL_SURFACE('',#2920,3.5,0.5);
#2536=TOROIDAL_SURFACE('',#2925,3.5,0.5);
#2537=TOROIDAL_SURFACE('',#2930,3.5,0.5);
#2538=ADVANCED_FACE('',(#625),#2532,.T.);
#2539=ADVANCED_FACE('',(#626),#535,.T.);
#2540=ADVANCED_FACE('',(#627),#536,.T.);
#2541=ADVANCED_FACE('',(#628),#537,.T.);
#2542=ADVANCED_FACE('',(#629),#538,.T.);
#2543=ADVANCED_FACE('',(#630),#539,.T.);
#2544=ADVANCED_FACE('',(#631),#2533,.T.);
#2545=ADVANCED_FACE('',(#632),#79,.T.);
#2546=ADVANCED_FACE('',(#633),#540,.F.);
#2547=ADVANCED_FACE('',(#634,#17),#80,.T.);
#2548=ADVANCED_FACE('',(#635,#18),#81,.F.);
#2549=ADVANCED_FACE('',(#636),#541,.F.);
#2550=ADVANCED_FACE('',(#637),#542,.F.);
#2551=ADVANCED_FACE('',(#638,#19),#82,.T.);
#2552=ADVANCED_FACE('',(#639,#20),#83,.F.);
#2553=ADVANCED_FACE('',(#640),#543,.F.);
#2554=ADVANCED_FACE('',(#641),#544,.F.);
#2555=ADVANCED_FACE('',(#642,#21),#84,.T.);
#2556=ADVANCED_FACE('',(#643,#22),#85,.F.);
#2557=ADVANCED_FACE('',(#644),#545,.F.);
#2558=ADVANCED_FACE('',(#645),#546,.F.);
#2559=ADVANCED_FACE('',(#646,#23),#86,.T.);
#2560=ADVANCED_FACE('',(#647,#24),#87,.F.);
#2561=ADVANCED_FACE('',(#648),#547,.F.);
#2562=ADVANCED_FACE('',(#649),#548,.F.);
#2563=ADVANCED_FACE('',(#650,#25),#88,.T.);
#2564=ADVANCED_FACE('',(#651,#26),#89,.F.);
#2565=ADVANCED_FACE('',(#652),#549,.F.);
#2566=ADVANCED_FACE('',(#653),#550,.F.);
#2567=ADVANCED_FACE('',(#654,#27),#90,.T.);
#2568=ADVANCED_FACE('',(#655,#28),#91,.F.);
#2569=ADVANCED_FACE('',(#656),#551,.F.);
#2570=ADVANCED_FACE('',(#657),#552,.F.);
#2571=ADVANCED_FACE('',(#658,#29),#92,.T.);
#2572=ADVANCED_FACE('',(#659,#30),#93,.F.);
#2573=ADVANCED_FACE('',(#660),#553,.F.);
#2574=ADVANCED_FACE('',(#661),#554,.F.);
#2575=ADVANCED_FACE('',(#662,#31),#94,.T.);
#2576=ADVANCED_FACE('',(#663,#32),#95,.F.);
#2577=ADVANCED_FACE('',(#664),#555,.F.);
#2578=ADVANCED_FACE('',(#665),#15,.T.);
#2579=ADVANCED_FACE('',(#666),#556,.T.);
#2580=ADVANCED_FACE('',(#667),#557,.T.);
#2581=ADVANCED_FACE('',(#668),#558,.T.);
#2582=ADVANCED_FACE('',(#669,#33),#96,.T.);
#2583=ADVANCED_FACE('',(#670),#97,.F.);
#2584=ADVANCED_FACE('',(#671),#16,.T.);
#2585=ADVANCED_FACE('',(#672),#559,.T.);
#2586=ADVANCED_FACE('',(#673),#560,.T.);
#2587=ADVANCED_FACE('',(#674),#561,.T.);
#2588=ADVANCED_FACE('',(#675),#98,.F.);
#2589=ADVANCED_FACE('',(#676,#34,#35),#99,.T.);
#2590=ADVANCED_FACE('',(#677),#562,.T.);
#2591=ADVANCED_FACE('',(#678),#100,.F.);
#2592=ADVANCED_FACE('',(#679),#563,.T.);
#2593=ADVANCED_FACE('',(#680),#564,.T.);
#2594=ADVANCED_FACE('',(#681,#36,#37),#101,.T.);
#2595=ADVANCED_FACE('',(#682,#38,#39),#102,.T.);
#2596=ADVANCED_FACE('',(#683),#565,.T.);
#2597=ADVANCED_FACE('',(#684),#566,.T.);
#2598=ADVANCED_FACE('',(#685),#567,.T.);
#2599=ADVANCED_FACE('',(#686),#568,.T.);
#2600=ADVANCED_FACE('',(#687,#40,#41,#42),#103,.F.);
#2601=ADVANCED_FACE('',(#688),#569,.T.);
#2602=ADVANCED_FACE('',(#689),#570,.T.);
#2603=ADVANCED_FACE('',(#690),#571,.T.);
#2604=ADVANCED_FACE('',(#691),#572,.T.);
#2605=ADVANCED_FACE('',(#692),#104,.T.);
#2606=ADVANCED_FACE('',(#693,#43,#44,#45,#46,#47,#48,#49,#50,#51,#52),#105,
 .T.);
#2607=ADVANCED_FACE('',(#694),#573,.T.);
#2608=ADVANCED_FACE('',(#695),#574,.T.);
#2609=ADVANCED_FACE('',(#696),#575,.T.);
#2610=ADVANCED_FACE('',(#697),#576,.T.);
#2611=ADVANCED_FACE('',(#698,#53,#54),#106,.T.);
#2612=ADVANCED_FACE('',(#699,#55),#107,.T.);
#2613=ADVANCED_FACE('',(#700),#577,.T.);
#2614=ADVANCED_FACE('',(#701),#2534,.T.);
#2615=ADVANCED_FACE('',(#702),#578,.T.);
#2616=ADVANCED_FACE('',(#703),#2535,.T.);
#2617=ADVANCED_FACE('',(#704),#579,.T.);
#2618=ADVANCED_FACE('',(#705),#2536,.T.);
#2619=ADVANCED_FACE('',(#706),#580,.T.);
#2620=ADVANCED_FACE('',(#707),#2537,.T.);
#2621=ADVANCED_FACE('',(#708),#581,.T.);
#2622=ADVANCED_FACE('',(#709,#56,#57),#108,.T.);
#2623=ADVANCED_FACE('',(#710),#582,.T.);
#2624=ADVANCED_FACE('',(#711),#583,.F.);
#2625=ADVANCED_FACE('',(#712,#58),#109,.T.);
#2626=ADVANCED_FACE('',(#713,#59),#110,.F.);
#2627=ADVANCED_FACE('',(#714),#584,.F.);
#2628=ADVANCED_FACE('',(#715),#585,.F.);
#2629=ADVANCED_FACE('',(#716,#60),#111,.T.);
#2630=ADVANCED_FACE('',(#717,#61),#112,.F.);
#2631=ADVANCED_FACE('',(#718),#586,.F.);
#2632=ADVANCED_FACE('',(#719),#587,.F.);
#2633=ADVANCED_FACE('',(#720),#588,.F.);
#2634=ADVANCED_FACE('',(#721),#589,.F.);
#2635=ADVANCED_FACE('',(#722,#62),#113,.T.);
#2636=ADVANCED_FACE('',(#723,#63),#114,.F.);
#2637=ADVANCED_FACE('',(#724),#590,.F.);
#2638=ADVANCED_FACE('',(#725),#591,.F.);
#2639=ADVANCED_FACE('',(#726,#64),#115,.T.);
#2640=ADVANCED_FACE('',(#727,#65),#116,.F.);
#2641=ADVANCED_FACE('',(#728),#592,.F.);
#2642=ADVANCED_FACE('',(#729),#593,.F.);
#2643=ADVANCED_FACE('',(#730),#594,.F.);
#2644=ADVANCED_FACE('',(#731),#595,.F.);
#2645=ADVANCED_FACE('',(#732,#66),#117,.T.);
#2646=ADVANCED_FACE('',(#733,#67),#118,.F.);
#2647=ADVANCED_FACE('',(#734),#596,.F.);
#2648=ADVANCED_FACE('',(#735),#597,.F.);
#2649=ADVANCED_FACE('',(#736,#68),#119,.T.);
#2650=ADVANCED_FACE('',(#737,#69),#120,.F.);
#2651=ADVANCED_FACE('',(#738),#598,.F.);
#2652=ADVANCED_FACE('',(#739),#599,.F.);
#2653=ADVANCED_FACE('',(#740,#70),#121,.T.);
#2654=ADVANCED_FACE('',(#741,#71),#122,.F.);
#2655=ADVANCED_FACE('',(#742),#600,.F.);
#2656=ADVANCED_FACE('',(#743),#601,.F.);
#2657=ADVANCED_FACE('',(#744,#72),#123,.T.);
#2658=ADVANCED_FACE('',(#745,#73),#124,.F.);
#2659=ADVANCED_FACE('',(#746),#602,.F.);
#2660=ADVANCED_FACE('',(#747),#603,.F.);
#2661=ADVANCED_FACE('',(#748),#604,.F.);
#2662=ADVANCED_FACE('',(#749),#605,.F.);
#2663=ADVANCED_FACE('',(#750),#606,.F.);
#2664=ADVANCED_FACE('',(#751),#607,.F.);
#2665=ADVANCED_FACE('',(#752),#608,.F.);
#2666=ADVANCED_FACE('',(#753),#125,.F.);
#2667=ADVANCED_FACE('',(#754),#126,.F.);
#2668=ADVANCED_FACE('',(#755),#609,.F.);
#2669=ADVANCED_FACE('',(#756),#127,.F.);
#2670=ADVANCED_FACE('',(#757),#128,.F.);
#2671=ADVANCED_FACE('',(#758),#610,.F.);
#2672=ADVANCED_FACE('',(#759),#129,.F.);
#2673=ADVANCED_FACE('',(#760),#130,.F.);
#2674=ADVANCED_FACE('',(#761),#611,.F.);
#2675=ADVANCED_FACE('',(#762),#612,.F.);
#2676=ADVANCED_FACE('',(#763),#131,.T.);
#2677=ADVANCED_FACE('',(#764),#613,.F.);
#2678=ADVANCED_FACE('',(#765),#614,.F.);
#2679=ADVANCED_FACE('',(#766),#615,.F.);
#2680=ADVANCED_FACE('',(#767),#616,.F.);
#2681=ADVANCED_FACE('',(#768),#617,.F.);
#2682=ADVANCED_FACE('',(#769),#618,.F.);
#2683=ADVANCED_FACE('',(#770),#132,.T.);
#2684=ADVANCED_FACE('',(#771),#133,.T.);
#2685=ADVANCED_FACE('',(#772),#134,.T.);
#2686=ADVANCED_FACE('',(#773),#135,.T.);
#2687=ADVANCED_FACE('',(#774),#136,.T.);
#2688=ADVANCED_FACE('',(#775),#619,.F.);
#2689=ADVANCED_FACE('',(#776),#137,.T.);
#2690=ADVANCED_FACE('',(#777),#620,.F.);
#2691=ADVANCED_FACE('',(#778),#138,.T.);
#2692=ADVANCED_FACE('',(#779),#139,.T.);
#2693=ADVANCED_FACE('',(#780),#140,.T.);
#2694=ADVANCED_FACE('',(#781),#141,.T.);
#2695=ADVANCED_FACE('',(#782),#142,.T.);
#2696=ADVANCED_FACE('',(#783),#621,.T.);
#2697=ADVANCED_FACE('',(#784),#143,.T.);
#2698=ADVANCED_FACE('',(#785,#74,#75,#76),#144,.T.);
#2699=ADVANCED_FACE('',(#786),#622,.T.);
#2700=ADVANCED_FACE('',(#787,#77,#78),#145,.T.);
#2701=ADVANCED_FACE('',(#788),#623,.T.);
#2702=ADVANCED_FACE('',(#789),#146,.T.);
#2703=ADVANCED_FACE('',(#790),#624,.T.);
#2704=CLOSED_SHELL('',(#2538,#2539,#2540,#2541,#2542,#2543,#2544,#2545,
#2546,#2547,#2548,#2549,#2550,#2551,#2552,#2553,#2554,#2555,#2556,#2557,
#2558,#2559,#2560,#2561,#2562,#2563,#2564,#2565,#2566,#2567,#2568,#2569,
#2570,#2571,#2572,#2573,#2574,#2575,#2576,#2577,#2578,#2579,#2580,#2581,
#2582,#2583,#2584,#2585,#2586,#2587,#2588,#2589,#2590,#2591,#2592,#2593,
#2594,#2595,#2596,#2597,#2598,#2599,#2600,#2601,#2602,#2603,#2604,#2605,
#2606,#2607,#2608,#2609,#2610,#2611,#2612,#2613,#2614,#2615,#2616,#2617,
#2618,#2619,#2620,#2621,#2622,#2623,#2624,#2625,#2626,#2627,#2628,#2629,
#2630,#2631,#2632,#2633,#2634,#2635,#2636,#2637,#2638,#2639,#2640,#2641,
#2642,#2643,#2644,#2645,#2646,#2647,#2648,#2649,#2650,#2651,#2652,#2653,
#2654,#2655,#2656,#2657,#2658,#2659,#2660,#2661,#2662,#2663,#2664,#2665,
#2666,#2667,#2668,#2669,#2670,#2671,#2672,#2673,#2674,#2675,#2676,#2677,
#2678,#2679,#2680,#2681,#2682,#2683,#2684,#2685,#2686,#2687,#2688,#2689,
#2690,#2691,#2692,#2693,#2694,#2695,#2696,#2697,#2698,#2699,#2700,#2701,
#2702,#2703));
#2705=DERIVED_UNIT_ELEMENT(#2707,1.);
#2706=DERIVED_UNIT_ELEMENT(#4793,-3.);
#2707=(
MASS_UNIT()
NAMED_UNIT(*)
SI_UNIT(.KILO.,.GRAM.)
);
#2708=DERIVED_UNIT((#2705,#2706));
#2709=MEASURE_REPRESENTATION_ITEM('density measure',
POSITIVE_RATIO_MEASURE(7850.),#2708);
#2710=PROPERTY_DEFINITION_REPRESENTATION(#2715,#2712);
#2711=PROPERTY_DEFINITION_REPRESENTATION(#2716,#2713);
#2712=REPRESENTATION('material name',(#2714),#4790);
#2713=REPRESENTATION('density',(#2709),#4790);
#2714=DESCRIPTIVE_REPRESENTATION_ITEM('Steel','Steel');
#2715=PROPERTY_DEFINITION('material property','material name',#4800);
#2716=PROPERTY_DEFINITION('material property','density of part',#4800);
#2717=AXIS2_PLACEMENT_3D('',#3929,#3059,#3060);
#2718=AXIS2_PLACEMENT_3D('',#3930,#3061,#3062);
#2719=AXIS2_PLACEMENT_3D('',#3933,#3063,#3064);
#2720=AXIS2_PLACEMENT_3D('',#3946,#3065,#3066);
#2721=AXIS2_PLACEMENT_3D('',#3961,#3067,#3068);
#2722=AXIS2_PLACEMENT_3D('',#3965,#3070,#3071);
#2723=AXIS2_PLACEMENT_3D('',#3967,#3073,#3074);
#2724=AXIS2_PLACEMENT_3D('',#3972,#3077,#3078);
#2725=AXIS2_PLACEMENT_3D('',#3973,#3079,#3080);
#2726=AXIS2_PLACEMENT_3D('',#3978,#3083,#3084);
#2727=AXIS2_PLACEMENT_3D('',#3979,#3085,#3086);
#2728=AXIS2_PLACEMENT_3D('',#3984,#3089,#3090);
#2729=AXIS2_PLACEMENT_3D('',#3985,#3091,#3092);
#2730=AXIS2_PLACEMENT_3D('',#4004,#3095,#3096);
#2731=AXIS2_PLACEMENT_3D('',#4006,#3097,#3098);
#2732=AXIS2_PLACEMENT_3D('',#4018,#3099,#3100);
#2733=AXIS2_PLACEMENT_3D('',#4019,#3101,#3102);
#2734=AXIS2_PLACEMENT_3D('',#4023,#3104,#3105);
#2735=AXIS2_PLACEMENT_3D('',#4027,#3107,#3108);
#2736=AXIS2_PLACEMENT_3D('',#4029,#3110,#3111);
#2737=AXIS2_PLACEMENT_3D('',#4031,#3112,#3113);
#2738=AXIS2_PLACEMENT_3D('',#4034,#3115,#3116);
#2739=AXIS2_PLACEMENT_3D('',#4035,#3117,#3118);
#2740=AXIS2_PLACEMENT_3D('',#4037,#3119,#3120);
#2741=AXIS2_PLACEMENT_3D('',#4038,#3121,#3122);
#2742=AXIS2_PLACEMENT_3D('',#4040,#3123,#3124);
#2743=AXIS2_PLACEMENT_3D('',#4041,#3125,#3126);
#2744=AXIS2_PLACEMENT_3D('',#4044,#3128,#3129);
#2745=AXIS2_PLACEMENT_3D('',#4045,#3130,#3131);
#2746=AXIS2_PLACEMENT_3D('',#4047,#3132,#3133);
#2747=AXIS2_PLACEMENT_3D('',#4050,#3135,#3136);
#2748=AXIS2_PLACEMENT_3D('',#4051,#3137,#3138);
#2749=AXIS2_PLACEMENT_3D('',#4053,#3139,#3140);
#2750=AXIS2_PLACEMENT_3D('',#4054,#3141,#3142);
#2751=AXIS2_PLACEMENT_3D('',#4056,#3143,#3144);
#2752=AXIS2_PLACEMENT_3D('',#4057,#3145,#3146);
#2753=AXIS2_PLACEMENT_3D('',#4061,#3148,#3149);
#2754=AXIS2_PLACEMENT_3D('',#4063,#3150,#3151);
#2755=AXIS2_PLACEMENT_3D('',#4064,#3152,#3153);
#2756=AXIS2_PLACEMENT_3D('',#4065,#3154,#3155);
#2757=AXIS2_PLACEMENT_3D('',#4067,#3156,#3157);
#2758=AXIS2_PLACEMENT_3D('',#4070,#3159,#3160);
#2759=AXIS2_PLACEMENT_3D('',#4071,#3161,#3162);
#2760=AXIS2_PLACEMENT_3D('',#4073,#3163,#3164);
#2761=AXIS2_PLACEMENT_3D('',#4074,#3165,#3166);
#2762=AXIS2_PLACEMENT_3D('',#4076,#3167,#3168);
#2763=AXIS2_PLACEMENT_3D('',#4077,#3169,#3170);
#2764=AXIS2_PLACEMENT_3D('',#4081,#3172,#3173);
#2765=AXIS2_PLACEMENT_3D('',#4083,#3174,#3175);
#2766=AXIS2_PLACEMENT_3D('',#4084,#3176,#3177);
#2767=AXIS2_PLACEMENT_3D('',#4085,#3178,#3179);
#2768=AXIS2_PLACEMENT_3D('',#4087,#3180,#3181);
#2769=AXIS2_PLACEMENT_3D('',#4090,#3183,#3184);
#2770=AXIS2_PLACEMENT_3D('',#4091,#3185,#3186);
#2771=AXIS2_PLACEMENT_3D('',#4093,#3187,#3188);
#2772=AXIS2_PLACEMENT_3D('',#4094,#3189,#3190);
#2773=AXIS2_PLACEMENT_3D('',#4096,#3191,#3192);
#2774=AXIS2_PLACEMENT_3D('',#4097,#3193,#3194);
#2775=AXIS2_PLACEMENT_3D('',#4101,#3196,#3197);
#2776=AXIS2_PLACEMENT_3D('',#4103,#3198,#3199);
#2777=AXIS2_PLACEMENT_3D('',#4104,#3200,#3201);
#2778=AXIS2_PLACEMENT_3D('',#4105,#3202,#3203);
#2779=AXIS2_PLACEMENT_3D('',#4107,#3204,#3205);
#2780=AXIS2_PLACEMENT_3D('',#4110,#3207,#3208);
#2781=AXIS2_PLACEMENT_3D('',#4111,#3209,#3210);
#2782=AXIS2_PLACEMENT_3D('',#4113,#3211,#3212);
#2783=AXIS2_PLACEMENT_3D('',#4114,#3213,#3214);
#2784=AXIS2_PLACEMENT_3D('',#4116,#3215,#3216);
#2785=AXIS2_PLACEMENT_3D('',#4117,#3217,#3218);
#2786=AXIS2_PLACEMENT_3D('',#4120,#3220,#3221);
#2787=AXIS2_PLACEMENT_3D('',#4121,#3222,#3223);
#2788=AXIS2_PLACEMENT_3D('',#4123,#3224,#3225);
#2789=AXIS2_PLACEMENT_3D('',#4126,#3227,#3228);
#2790=AXIS2_PLACEMENT_3D('',#4127,#3229,#3230);
#2791=AXIS2_PLACEMENT_3D('',#4129,#3231,#3232);
#2792=AXIS2_PLACEMENT_3D('',#4130,#3233,#3234);
#2793=AXIS2_PLACEMENT_3D('',#4132,#3235,#3236);
#2794=AXIS2_PLACEMENT_3D('',#4133,#3237,#3238);
#2795=AXIS2_PLACEMENT_3D('',#4137,#3240,#3241);
#2796=AXIS2_PLACEMENT_3D('',#4139,#3242,#3243);
#2797=AXIS2_PLACEMENT_3D('',#4140,#3244,#3245);
#2798=AXIS2_PLACEMENT_3D('',#4141,#3246,#3247);
#2799=AXIS2_PLACEMENT_3D('',#4143,#3248,#3249);
#2800=AXIS2_PLACEMENT_3D('',#4146,#3251,#3252);
#2801=AXIS2_PLACEMENT_3D('',#4147,#3253,#3254);
#2802=AXIS2_PLACEMENT_3D('',#4149,#3255,#3256);
#2803=AXIS2_PLACEMENT_3D('',#4150,#3257,#3258);
#2804=AXIS2_PLACEMENT_3D('',#4152,#3259,#3260);
#2805=AXIS2_PLACEMENT_3D('',#4153,#3261,#3262);
#2806=AXIS2_PLACEMENT_3D('',#4166,#3264,#3265);
#2807=AXIS2_PLACEMENT_3D('',#4186,#3266,#3267);
#2808=AXIS2_PLACEMENT_3D('',#4195,#3268,#3269);
#2809=AXIS2_PLACEMENT_3D('',#4197,#3270,#3271);
#2810=AXIS2_PLACEMENT_3D('',#4200,#3273,#3274);
#2811=AXIS2_PLACEMENT_3D('',#4201,#3275,#3276);
#2812=AXIS2_PLACEMENT_3D('',#4203,#3277,#3278);
#2813=AXIS2_PLACEMENT_3D('',#4204,#3279,#3280);
#2814=AXIS2_PLACEMENT_3D('',#4206,#3281,#3282);
#2815=AXIS2_PLACEMENT_3D('',#4207,#3283,#3284);
#2816=AXIS2_PLACEMENT_3D('',#4210,#3286,#3287);
#2817=AXIS2_PLACEMENT_3D('',#4211,#3288,#3289);
#2818=AXIS2_PLACEMENT_3D('',#4214,#3290,#3291);
#2819=AXIS2_PLACEMENT_3D('',#4216,#3292,#3293);
#2820=AXIS2_PLACEMENT_3D('',#4217,#3294,#3295);
#2821=AXIS2_PLACEMENT_3D('',#4218,#3296,#3297);
#2822=AXIS2_PLACEMENT_3D('',#4221,#3298,#3299);
#2823=AXIS2_PLACEMENT_3D('',#4224,#3302,#3303);
#2824=AXIS2_PLACEMENT_3D('',#4227,#3304,#3305);
#2825=AXIS2_PLACEMENT_3D('',#4230,#3308,#3309);
#2826=AXIS2_PLACEMENT_3D('',#4233,#3310,#3311);
#2827=AXIS2_PLACEMENT_3D('',#4247,#3314,#3315);
#2828=AXIS2_PLACEMENT_3D('',#4259,#3321,#3322);
#2829=AXIS2_PLACEMENT_3D('',#4262,#3324,#3325);
#2830=AXIS2_PLACEMENT_3D('',#4263,#3326,#3327);
#2831=AXIS2_PLACEMENT_3D('',#4265,#3329,#3330);
#2832=AXIS2_PLACEMENT_3D('',#4268,#3331,#3332);
#2833=AXIS2_PLACEMENT_3D('',#4270,#3333,#3334);
#2834=AXIS2_PLACEMENT_3D('',#4271,#3335,#3336);
#2835=AXIS2_PLACEMENT_3D('',#4272,#3337,#3338);
#2836=AXIS2_PLACEMENT_3D('',#4275,#3339,#3340);
#2837=AXIS2_PLACEMENT_3D('',#4278,#3343,#3344);
#2838=AXIS2_PLACEMENT_3D('',#4281,#3345,#3346);
#2839=AXIS2_PLACEMENT_3D('',#4284,#3349,#3350);
#2840=AXIS2_PLACEMENT_3D('',#4300,#3353,#3354);
#2841=AXIS2_PLACEMENT_3D('',#4301,#3355,#3356);
#2842=AXIS2_PLACEMENT_3D('',#4305,#3359,#3360);
#2843=AXIS2_PLACEMENT_3D('',#4307,#3361,#3362);
#2844=AXIS2_PLACEMENT_3D('',#4317,#3368,#3369);
#2845=AXIS2_PLACEMENT_3D('',#4325,#3374,#3375);
#2846=AXIS2_PLACEMENT_3D('',#4327,#3376,#3377);
#2847=AXIS2_PLACEMENT_3D('',#4328,#3378,#3379);
#2848=AXIS2_PLACEMENT_3D('',#4331,#3380,#3381);
#2849=AXIS2_PLACEMENT_3D('',#4334,#3384,#3385);
#2850=AXIS2_PLACEMENT_3D('',#4338,#3387,#3388);
#2851=AXIS2_PLACEMENT_3D('',#4350,#3394,#3395);
#2852=AXIS2_PLACEMENT_3D('',#4354,#3397,#3398);
#2853=AXIS2_PLACEMENT_3D('',#4356,#3399,#3400);
#2854=AXIS2_PLACEMENT_3D('',#4360,#3402,#3403);
#2855=AXIS2_PLACEMENT_3D('',#4364,#3405,#3406);
#2856=AXIS2_PLACEMENT_3D('',#4367,#3408,#3409);
#2857=AXIS2_PLACEMENT_3D('',#4368,#3410,#3411);
#2858=AXIS2_PLACEMENT_3D('',#4373,#3413,#3414);
#2859=AXIS2_PLACEMENT_3D('',#4376,#3416,#3417);
#2860=AXIS2_PLACEMENT_3D('',#4377,#3418,#3419);
#2861=AXIS2_PLACEMENT_3D('',#4380,#3422,#3423);
#2862=AXIS2_PLACEMENT_3D('',#4398,#3432,#3433);
#2863=AXIS2_PLACEMENT_3D('',#4401,#3435,#3436);
#2864=AXIS2_PLACEMENT_3D('',#4403,#3437,#3438);
#2865=AXIS2_PLACEMENT_3D('',#4405,#3439,#3440);
#2866=AXIS2_PLACEMENT_3D('',#4406,#3441,#3442);
#2867=AXIS2_PLACEMENT_3D('',#4409,#3444,#3445);
#2868=AXIS2_PLACEMENT_3D('',#4411,#3446,#3447);
#2869=AXIS2_PLACEMENT_3D('',#4412,#3448,#3449);
#2870=AXIS2_PLACEMENT_3D('',#4415,#3452,#3453);
#2871=AXIS2_PLACEMENT_3D('',#4416,#3454,#3455);
#2872=AXIS2_PLACEMENT_3D('',#4417,#3456,#3457);
#2873=AXIS2_PLACEMENT_3D('',#4418,#3458,#3459);
#2874=AXIS2_PLACEMENT_3D('',#4421,#3461,#3462);
#2875=AXIS2_PLACEMENT_3D('',#4422,#3463,#3464);
#2876=AXIS2_PLACEMENT_3D('',#4424,#3466,#3467);
#2877=AXIS2_PLACEMENT_3D('',#4431,#3472,#3473);
#2878=AXIS2_PLACEMENT_3D('',#4435,#3475,#3476);
#2879=AXIS2_PLACEMENT_3D('',#4436,#3477,#3478);
#2880=AXIS2_PLACEMENT_3D('',#4437,#3479,#3480);
#2881=AXIS2_PLACEMENT_3D('',#4440,#3482,#3483);
#2882=AXIS2_PLACEMENT_3D('',#4441,#3484,#3485);
#2883=AXIS2_PLACEMENT_3D('',#4444,#3487,#3488);
#2884=AXIS2_PLACEMENT_3D('',#4445,#3489,#3490);
#2885=AXIS2_PLACEMENT_3D('',#4448,#3493,#3494);
#2886=AXIS2_PLACEMENT_3D('',#4449,#3495,#3496);
#2887=AXIS2_PLACEMENT_3D('',#4454,#3498,#3499);
#2888=AXIS2_PLACEMENT_3D('',#4458,#3501,#3502);
#2889=AXIS2_PLACEMENT_3D('',#4462,#3504,#3505);
#2890=AXIS2_PLACEMENT_3D('',#4465,#3507,#3508);
#2891=AXIS2_PLACEMENT_3D('',#4475,#3513,#3514);
#2892=AXIS2_PLACEMENT_3D('',#4477,#3515,#3516);
#2893=AXIS2_PLACEMENT_3D('',#4479,#3517,#3518);
#2894=AXIS2_PLACEMENT_3D('',#4481,#3519,#3520);
#2895=AXIS2_PLACEMENT_3D('',#4483,#3521,#3522);
#2896=AXIS2_PLACEMENT_3D('',#4485,#3523,#3524);
#2897=AXIS2_PLACEMENT_3D('',#4487,#3525,#3526);
#2898=AXIS2_PLACEMENT_3D('',#4489,#3527,#3528);
#2899=AXIS2_PLACEMENT_3D('',#4490,#3529,#3530);
#2900=AXIS2_PLACEMENT_3D('',#4492,#3531,#3532);
#2901=AXIS2_PLACEMENT_3D('',#4495,#3534,#3535);
#2902=AXIS2_PLACEMENT_3D('',#4496,#3536,#3537);
#2903=AXIS2_PLACEMENT_3D('',#4497,#3538,#3539);
#2904=AXIS2_PLACEMENT_3D('',#4499,#3541,#3542);
#2905=AXIS2_PLACEMENT_3D('',#4500,#3543,#3544);
#2906=AXIS2_PLACEMENT_3D('',#4501,#3545,#3546);
#2907=AXIS2_PLACEMENT_3D('',#4503,#3548,#3549);
#2908=AXIS2_PLACEMENT_3D('',#4506,#3551,#3552);
#2909=AXIS2_PLACEMENT_3D('',#4508,#3553,#3554);
#2910=AXIS2_PLACEMENT_3D('',#4509,#3555,#3556);
#2911=AXIS2_PLACEMENT_3D('',#4513,#3559,#3560);
#2912=AXIS2_PLACEMENT_3D('',#4514,#3561,#3562);
#2913=AXIS2_PLACEMENT_3D('',#4515,#3563,#3564);
#2914=AXIS2_PLACEMENT_3D('',#4516,#3565,#3566);
#2915=AXIS2_PLACEMENT_3D('',#4517,#3567,#3568);
#2916=AXIS2_PLACEMENT_3D('',#4519,#3569,#3570);
#2917=AXIS2_PLACEMENT_3D('',#4520,#3571,#3572);
#2918=AXIS2_PLACEMENT_3D('',#4521,#3573,#3574);
#2919=AXIS2_PLACEMENT_3D('',#4523,#3575,#3576);
#2920=AXIS2_PLACEMENT_3D('',#4525,#3578,#3579);
#2921=AXIS2_PLACEMENT_3D('',#4527,#3580,#3581);
#2922=AXIS2_PLACEMENT_3D('',#4528,#3582,#3583);
#2923=AXIS2_PLACEMENT_3D('',#4529,#3584,#3585);
#2924=AXIS2_PLACEMENT_3D('',#4531,#3586,#3587);
#2925=AXIS2_PLACEMENT_3D('',#4533,#3589,#3590);
#2926=AXIS2_PLACEMENT_3D('',#4535,#3591,#3592);
#2927=AXIS2_PLACEMENT_3D('',#4536,#3593,#3594);
#2928=AXIS2_PLACEMENT_3D('',#4537,#3595,#3596);
#2929=AXIS2_PLACEMENT_3D('',#4539,#3597,#3598);
#2930=AXIS2_PLACEMENT_3D('',#4541,#3600,#3601);
#2931=AXIS2_PLACEMENT_3D('',#4542,#3602,#3603);
#2932=AXIS2_PLACEMENT_3D('',#4543,#3604,#3605);
#2933=AXIS2_PLACEMENT_3D('',#4546,#3608,#3609);
#2934=AXIS2_PLACEMENT_3D('',#4549,#3611,#3612);
#2935=AXIS2_PLACEMENT_3D('',#4551,#3613,#3614);
#2936=AXIS2_PLACEMENT_3D('',#4552,#3615,#3616);
#2937=AXIS2_PLACEMENT_3D('',#4553,#3617,#3618);
#2938=AXIS2_PLACEMENT_3D('',#4555,#3619,#3620);
#2939=AXIS2_PLACEMENT_3D('',#4558,#3622,#3623);
#2940=AXIS2_PLACEMENT_3D('',#4559,#3624,#3625);
#2941=AXIS2_PLACEMENT_3D('',#4561,#3626,#3627);
#2942=AXIS2_PLACEMENT_3D('',#4562,#3628,#3629);
#2943=AXIS2_PLACEMENT_3D('',#4564,#3630,#3631);
#2944=AXIS2_PLACEMENT_3D('',#4565,#3632,#3633);
#2945=AXIS2_PLACEMENT_3D('',#4567,#3634,#3635);
#2946=AXIS2_PLACEMENT_3D('',#4569,#3637,#3638);
#2947=AXIS2_PLACEMENT_3D('',#4571,#3639,#3640);
#2948=AXIS2_PLACEMENT_3D('',#4574,#3642,#3643);
#2949=AXIS2_PLACEMENT_3D('',#4575,#3644,#3645);
#2950=AXIS2_PLACEMENT_3D('',#4577,#3646,#3647);
#2951=AXIS2_PLACEMENT_3D('',#4578,#3648,#3649);
#2952=AXIS2_PLACEMENT_3D('',#4580,#3650,#3651);
#2953=AXIS2_PLACEMENT_3D('',#4581,#3652,#3653);
#2954=AXIS2_PLACEMENT_3D('',#4583,#3654,#3655);
#2955=AXIS2_PLACEMENT_3D('',#4585,#3657,#3658);
#2956=AXIS2_PLACEMENT_3D('',#4587,#3660,#3661);
#2957=AXIS2_PLACEMENT_3D('',#4589,#3663,#3664);
#2958=AXIS2_PLACEMENT_3D('',#4591,#3665,#3666);
#2959=AXIS2_PLACEMENT_3D('',#4594,#3668,#3669);
#2960=AXIS2_PLACEMENT_3D('',#4595,#3670,#3671);
#2961=AXIS2_PLACEMENT_3D('',#4597,#3672,#3673);
#2962=AXIS2_PLACEMENT_3D('',#4598,#3674,#3675);
#2963=AXIS2_PLACEMENT_3D('',#4600,#3676,#3677);
#2964=AXIS2_PLACEMENT_3D('',#4601,#3678,#3679);
#2965=AXIS2_PLACEMENT_3D('',#4603,#3681,#3682);
#2966=AXIS2_PLACEMENT_3D('',#4605,#3683,#3684);
#2967=AXIS2_PLACEMENT_3D('',#4608,#3686,#3687);
#2968=AXIS2_PLACEMENT_3D('',#4609,#3688,#3689);
#2969=AXIS2_PLACEMENT_3D('',#4611,#3690,#3691);
#2970=AXIS2_PLACEMENT_3D('',#4612,#3692,#3693);
#2971=AXIS2_PLACEMENT_3D('',#4614,#3694,#3695);
#2972=AXIS2_PLACEMENT_3D('',#4615,#3696,#3697);
#2973=AXIS2_PLACEMENT_3D('',#4617,#3699,#3700);
#2974=AXIS2_PLACEMENT_3D('',#4619,#3702,#3703);
#2975=AXIS2_PLACEMENT_3D('',#4621,#3705,#3706);
#2976=AXIS2_PLACEMENT_3D('',#4623,#3707,#3708);
#2977=AXIS2_PLACEMENT_3D('',#4626,#3710,#3711);
#2978=AXIS2_PLACEMENT_3D('',#4627,#3712,#3713);
#2979=AXIS2_PLACEMENT_3D('',#4629,#3714,#3715);
#2980=AXIS2_PLACEMENT_3D('',#4630,#3716,#3717);
#2981=AXIS2_PLACEMENT_3D('',#4632,#3718,#3719);
#2982=AXIS2_PLACEMENT_3D('',#4633,#3720,#3721);
#2983=AXIS2_PLACEMENT_3D('',#4635,#3723,#3724);
#2984=AXIS2_PLACEMENT_3D('',#4637,#3725,#3726);
#2985=AXIS2_PLACEMENT_3D('',#4640,#3728,#3729);
#2986=AXIS2_PLACEMENT_3D('',#4641,#3730,#3731);
#2987=AXIS2_PLACEMENT_3D('',#4643,#3732,#3733);
#2988=AXIS2_PLACEMENT_3D('',#4644,#3734,#3735);
#2989=AXIS2_PLACEMENT_3D('',#4646,#3736,#3737);
#2990=AXIS2_PLACEMENT_3D('',#4647,#3738,#3739);
#2991=AXIS2_PLACEMENT_3D('',#4649,#3741,#3742);
#2992=AXIS2_PLACEMENT_3D('',#4651,#3743,#3744);
#2993=AXIS2_PLACEMENT_3D('',#4654,#3746,#3747);
#2994=AXIS2_PLACEMENT_3D('',#4655,#3748,#3749);
#2995=AXIS2_PLACEMENT_3D('',#4657,#3750,#3751);
#2996=AXIS2_PLACEMENT_3D('',#4658,#3752,#3753);
#2997=AXIS2_PLACEMENT_3D('',#4660,#3754,#3755);
#2998=AXIS2_PLACEMENT_3D('',#4661,#3756,#3757);
#2999=AXIS2_PLACEMENT_3D('',#4663,#3759,#3760);
#3000=AXIS2_PLACEMENT_3D('',#4665,#3761,#3762);
#3001=AXIS2_PLACEMENT_3D('',#4668,#3764,#3765);
#3002=AXIS2_PLACEMENT_3D('',#4669,#3766,#3767);
#3003=AXIS2_PLACEMENT_3D('',#4671,#3768,#3769);
#3004=AXIS2_PLACEMENT_3D('',#4672,#3770,#3771);
#3005=AXIS2_PLACEMENT_3D('',#4674,#3772,#3773);
#3006=AXIS2_PLACEMENT_3D('',#4675,#3774,#3775);
#3007=AXIS2_PLACEMENT_3D('',#4677,#3777,#3778);
#3008=AXIS2_PLACEMENT_3D('',#4679,#3779,#3780);
#3009=AXIS2_PLACEMENT_3D('',#4681,#3782,#3783);
#3010=AXIS2_PLACEMENT_3D('',#4683,#3785,#3786);
#3011=AXIS2_PLACEMENT_3D('',#4685,#3787,#3788);
#3012=AXIS2_PLACEMENT_3D('',#4687,#3790,#3791);
#3013=AXIS2_PLACEMENT_3D('',#4689,#3793,#3794);
#3014=AXIS2_PLACEMENT_3D('',#4692,#3797,#3798);
#3015=AXIS2_PLACEMENT_3D('',#4696,#3800,#3801);
#3016=AXIS2_PLACEMENT_3D('',#4698,#3803,#3804);
#3017=AXIS2_PLACEMENT_3D('',#4704,#3808,#3809);
#3018=AXIS2_PLACEMENT_3D('',#4706,#3811,#3812);
#3019=AXIS2_PLACEMENT_3D('',#4708,#3814,#3815);
#3020=AXIS2_PLACEMENT_3D('',#4714,#3819,#3820);
#3021=AXIS2_PLACEMENT_3D('',#4718,#3823,#3824);
#3022=AXIS2_PLACEMENT_3D('',#4719,#3825,#3826);
#3023=AXIS2_PLACEMENT_3D('',#4720,#3827,#3828);
#3024=AXIS2_PLACEMENT_3D('',#4721,#3829,#3830);
#3025=AXIS2_PLACEMENT_3D('',#4724,#3832,#3833);
#3026=AXIS2_PLACEMENT_3D('',#4726,#3834,#3835);
#3027=AXIS2_PLACEMENT_3D('',#4729,#3838,#3839);
#3028=AXIS2_PLACEMENT_3D('',#4731,#3841,#3842);
#3029=AXIS2_PLACEMENT_3D('',#4733,#3844,#3845);
#3030=AXIS2_PLACEMENT_3D('',#4734,#3846,#3847);
#3031=AXIS2_PLACEMENT_3D('',#4736,#3849,#3850);
#3032=AXIS2_PLACEMENT_3D('',#4738,#3852,#3853);
#3033=AXIS2_PLACEMENT_3D('',#4740,#3855,#3856);
#3034=AXIS2_PLACEMENT_3D('',#4742,#3858,#3859);
#3035=AXIS2_PLACEMENT_3D('',#4744,#3861,#3862);
#3036=AXIS2_PLACEMENT_3D('',#4746,#3864,#3865);
#3037=AXIS2_PLACEMENT_3D('',#4749,#3868,#3869);
#3038=AXIS2_PLACEMENT_3D('',#4750,#3870,#3871);
#3039=AXIS2_PLACEMENT_3D('',#4751,#3872,#3873);
#3040=AXIS2_PLACEMENT_3D('',#4753,#3875,#3876);
#3041=AXIS2_PLACEMENT_3D('',#4755,#3878,#3879);
#3042=AXIS2_PLACEMENT_3D('',#4756,#3880,#3881);
#3043=AXIS2_PLACEMENT_3D('',#4757,#3882,#3883);
#3044=AXIS2_PLACEMENT_3D('',#4760,#3886,#3887);
#3045=AXIS2_PLACEMENT_3D('',#4762,#3889,#3890);
#3046=AXIS2_PLACEMENT_3D('',#4764,#3892,#3893);
#3047=AXIS2_PLACEMENT_3D('',#4767,#3896,#3897);
#3048=AXIS2_PLACEMENT_3D('',#4769,#3899,#3900);
#3049=AXIS2_PLACEMENT_3D('',#4771,#3902,#3903);
#3050=AXIS2_PLACEMENT_3D('',#4773,#3905,#3906);
#3051=AXIS2_PLACEMENT_3D('',#4775,#3908,#3909);
#3052=AXIS2_PLACEMENT_3D('',#4777,#3911,#3912);
#3053=AXIS2_PLACEMENT_3D('',#4778,#3913,#3914);
#3054=AXIS2_PLACEMENT_3D('',#4780,#3916,#3917);
#3055=AXIS2_PLACEMENT_3D('',#4782,#3919,#3920);
#3056=AXIS2_PLACEMENT_3D('',#4784,#3922,#3923);
#3057=AXIS2_PLACEMENT_3D('',#4785,#3924,#3925);
#3058=AXIS2_PLACEMENT_3D('',#4787,#3927,#3928);
#3059=DIRECTION('axis',(0.,0.,1.));
#3060=DIRECTION('refdir',(1.,0.,0.));
#3061=DIRECTION('center_axis',(0.,0.,1.));
#3062=DIRECTION('ref_axis',(-0.909217630474607,0.416321150596677,0.));
#3063=DIRECTION('center_axis',(0.,0.,-1.));
#3064=DIRECTION('ref_axis',(-0.816496603869563,0.577350236744967,0.));
#3065=DIRECTION('center_axis',(0.,0.,1.));
#3066=DIRECTION('ref_axis',(-0.816496603869563,0.577350236744967,0.));
#3067=DIRECTION('center_axis',(-1.,0.,0.));
#3068=DIRECTION('ref_axis',(0.,0.707106781186548,0.707106781186547));
#3069=DIRECTION('',(-1.,0.,0.));
#3070=DIRECTION('center_axis',(0.707106781186548,0.707106781186548,0.));
#3071=DIRECTION('ref_axis',(0.707106781186547,-0.707106781186547,0.));
#3072=DIRECTION('',(1.,0.,0.));
#3073=DIRECTION('center_axis',(0.,-1.,0.));
#3074=DIRECTION('ref_axis',(-0.707106781186548,0.,0.707106781186547));
#3075=DIRECTION('',(0.,1.,0.));
#3076=DIRECTION('',(0.,-1.,0.));
#3077=DIRECTION('center_axis',(0.707106781186548,0.707106781186548,0.));
#3078=DIRECTION('ref_axis',(-0.707106781186547,0.707106781186547,0.));
#3079=DIRECTION('center_axis',(-1.,0.,0.));
#3080=DIRECTION('ref_axis',(0.,0.707106781186548,0.707106781186547));
#3081=DIRECTION('',(1.,0.,0.));
#3082=DIRECTION('',(-1.,0.,0.));
#3083=DIRECTION('center_axis',(0.707106781186548,-0.707106781186548,0.));
#3084=DIRECTION('ref_axis',(0.707106781186547,0.707106781186547,0.));
#3085=DIRECTION('center_axis',(0.,1.,0.));
#3086=DIRECTION('ref_axis',(0.707106781186548,0.,0.707106781186547));
#3087=DIRECTION('',(0.,-1.,0.));
#3088=DIRECTION('',(0.,1.,0.));
#3089=DIRECTION('center_axis',(0.707106781186548,-0.707106781186548,0.));
#3090=DIRECTION('ref_axis',(-0.707106781186547,-0.707106781186547,0.));
#3091=DIRECTION('center_axis',(-1.,0.,0.));
#3092=DIRECTION('ref_axis',(0.,0.707106781186548,0.707106781186547));
#3093=DIRECTION('',(1.,0.,0.));
#3094=DIRECTION('',(-1.,0.,0.));
#3095=DIRECTION('center_axis',(0.,0.,1.));
#3096=DIRECTION('ref_axis',(1.,0.,0.));
#3097=DIRECTION('center_axis',(0.,0.,1.));
#3098=DIRECTION('ref_axis',(0.816496603869563,0.577350236744967,0.));
#3099=DIRECTION('center_axis',(0.,0.,-1.));
#3100=DIRECTION('ref_axis',(0.816496603869563,0.577350236744967,0.));
#3101=DIRECTION('center_axis',(0.,0.,1.));
#3102=DIRECTION('ref_axis',(1.,0.,0.));
#3103=DIRECTION('',(0.,-1.,0.));
#3104=DIRECTION('center_axis',(0.,0.,1.));
#3105=DIRECTION('ref_axis',(-1.,0.,0.));
#3106=DIRECTION('',(1.,0.,0.));
#3107=DIRECTION('center_axis',(0.,0.,1.));
#3108=DIRECTION('ref_axis',(0.,-1.,0.));
#3109=DIRECTION('',(0.,1.,0.));
#3110=DIRECTION('center_axis',(0.,0.,1.));
#3111=DIRECTION('ref_axis',(1.,0.,0.));
#3112=DIRECTION('center_axis',(0.,0.,-1.));
#3113=DIRECTION('ref_axis',(1.,0.,0.));
#3114=DIRECTION('',(0.,0.,-1.));
#3115=DIRECTION('center_axis',(0.,0.,-1.));
#3116=DIRECTION('ref_axis',(1.,0.,0.));
#3117=DIRECTION('center_axis',(0.,0.,1.));
#3118=DIRECTION('ref_axis',(1.,0.,0.));
#3119=DIRECTION('center_axis',(0.,0.,-1.));
#3120=DIRECTION('ref_axis',(1.,0.,0.));
#3121=DIRECTION('center_axis',(0.,0.,1.));
#3122=DIRECTION('ref_axis',(1.,0.,0.));
#3123=DIRECTION('center_axis',(0.,0.,1.));
#3124=DIRECTION('ref_axis',(1.,0.,0.));
#3125=DIRECTION('center_axis',(0.,0.,1.));
#3126=DIRECTION('ref_axis',(1.,0.,0.));
#3127=DIRECTION('',(0.,0.,-1.));
#3128=DIRECTION('center_axis',(0.,0.,-1.));
#3129=DIRECTION('ref_axis',(1.,0.,0.));
#3130=DIRECTION('center_axis',(0.,0.,1.));
#3131=DIRECTION('ref_axis',(1.,0.,0.));
#3132=DIRECTION('center_axis',(0.,0.,-1.));
#3133=DIRECTION('ref_axis',(1.,0.,0.));
#3134=DIRECTION('',(0.,0.,-1.));
#3135=DIRECTION('center_axis',(0.,0.,-1.));
#3136=DIRECTION('ref_axis',(1.,0.,0.));
#3137=DIRECTION('center_axis',(0.,0.,1.));
#3138=DIRECTION('ref_axis',(1.,0.,0.));
#3139=DIRECTION('center_axis',(0.,0.,-1.));
#3140=DIRECTION('ref_axis',(1.,0.,0.));
#3141=DIRECTION('center_axis',(0.,0.,1.));
#3142=DIRECTION('ref_axis',(1.,0.,0.));
#3143=DIRECTION('center_axis',(0.,0.,1.));
#3144=DIRECTION('ref_axis',(1.,0.,0.));
#3145=DIRECTION('center_axis',(0.,0.,1.));
#3146=DIRECTION('ref_axis',(1.,0.,0.));
#3147=DIRECTION('',(0.,0.,-1.));
#3148=DIRECTION('center_axis',(0.,0.,1.));
#3149=DIRECTION('ref_axis',(1.,0.,0.));
#3150=DIRECTION('center_axis',(0.,0.,-1.));
#3151=DIRECTION('ref_axis',(1.,0.,0.));
#3152=DIRECTION('center_axis',(0.,0.,1.));
#3153=DIRECTION('ref_axis',(1.,0.,0.));
#3154=DIRECTION('center_axis',(0.,0.,1.));
#3155=DIRECTION('ref_axis',(1.,0.,0.));
#3156=DIRECTION('center_axis',(0.,0.,-1.));
#3157=DIRECTION('ref_axis',(1.,0.,0.));
#3158=DIRECTION('',(0.,0.,-1.));
#3159=DIRECTION('center_axis',(0.,0.,-1.));
#3160=DIRECTION('ref_axis',(1.,0.,0.));
#3161=DIRECTION('center_axis',(0.,0.,1.));
#3162=DIRECTION('ref_axis',(1.,0.,0.));
#3163=DIRECTION('center_axis',(0.,0.,-1.));
#3164=DIRECTION('ref_axis',(1.,0.,0.));
#3165=DIRECTION('center_axis',(0.,0.,1.));
#3166=DIRECTION('ref_axis',(1.,0.,0.));
#3167=DIRECTION('center_axis',(0.,0.,1.));
#3168=DIRECTION('ref_axis',(1.,0.,0.));
#3169=DIRECTION('center_axis',(0.,0.,1.));
#3170=DIRECTION('ref_axis',(1.,0.,0.));
#3171=DIRECTION('',(0.,0.,-1.));
#3172=DIRECTION('center_axis',(0.,0.,1.));
#3173=DIRECTION('ref_axis',(1.,0.,0.));
#3174=DIRECTION('center_axis',(0.,0.,-1.));
#3175=DIRECTION('ref_axis',(1.,0.,0.));
#3176=DIRECTION('center_axis',(0.,0.,1.));
#3177=DIRECTION('ref_axis',(1.,0.,0.));
#3178=DIRECTION('center_axis',(0.,0.,1.));
#3179=DIRECTION('ref_axis',(1.,0.,0.));
#3180=DIRECTION('center_axis',(0.,0.,-1.));
#3181=DIRECTION('ref_axis',(1.,0.,0.));
#3182=DIRECTION('',(0.,0.,-1.));
#3183=DIRECTION('center_axis',(0.,0.,-1.));
#3184=DIRECTION('ref_axis',(1.,0.,0.));
#3185=DIRECTION('center_axis',(0.,0.,1.));
#3186=DIRECTION('ref_axis',(1.,0.,0.));
#3187=DIRECTION('center_axis',(0.,0.,-1.));
#3188=DIRECTION('ref_axis',(1.,0.,0.));
#3189=DIRECTION('center_axis',(0.,0.,1.));
#3190=DIRECTION('ref_axis',(1.,0.,0.));
#3191=DIRECTION('center_axis',(0.,0.,1.));
#3192=DIRECTION('ref_axis',(1.,0.,0.));
#3193=DIRECTION('center_axis',(0.,0.,1.));
#3194=DIRECTION('ref_axis',(1.,0.,0.));
#3195=DIRECTION('',(0.,0.,-1.));
#3196=DIRECTION('center_axis',(0.,0.,-1.));
#3197=DIRECTION('ref_axis',(1.,0.,0.));
#3198=DIRECTION('center_axis',(0.,0.,1.));
#3199=DIRECTION('ref_axis',(1.,0.,0.));
#3200=DIRECTION('center_axis',(0.,0.,-1.));
#3201=DIRECTION('ref_axis',(1.,0.,0.));
#3202=DIRECTION('center_axis',(0.,0.,1.));
#3203=DIRECTION('ref_axis',(1.,0.,0.));
#3204=DIRECTION('center_axis',(0.,0.,-1.));
#3205=DIRECTION('ref_axis',(1.,0.,0.));
#3206=DIRECTION('',(0.,0.,-1.));
#3207=DIRECTION('center_axis',(0.,0.,-1.));
#3208=DIRECTION('ref_axis',(1.,0.,0.));
#3209=DIRECTION('center_axis',(0.,0.,1.));
#3210=DIRECTION('ref_axis',(1.,0.,0.));
#3211=DIRECTION('center_axis',(0.,0.,-1.));
#3212=DIRECTION('ref_axis',(1.,0.,0.));
#3213=DIRECTION('center_axis',(0.,0.,1.));
#3214=DIRECTION('ref_axis',(1.,0.,0.));
#3215=DIRECTION('center_axis',(0.,0.,1.));
#3216=DIRECTION('ref_axis',(1.,0.,0.));
#3217=DIRECTION('center_axis',(0.,0.,1.));
#3218=DIRECTION('ref_axis',(1.,0.,0.));
#3219=DIRECTION('',(0.,0.,-1.));
#3220=DIRECTION('center_axis',(0.,0.,-1.));
#3221=DIRECTION('ref_axis',(1.,0.,0.));
#3222=DIRECTION('center_axis',(0.,0.,1.));
#3223=DIRECTION('ref_axis',(1.,0.,0.));
#3224=DIRECTION('center_axis',(0.,0.,-1.));
#3225=DIRECTION('ref_axis',(1.,0.,0.));
#3226=DIRECTION('',(0.,0.,-1.));
#3227=DIRECTION('center_axis',(0.,0.,-1.));
#3228=DIRECTION('ref_axis',(1.,0.,0.));
#3229=DIRECTION('center_axis',(0.,0.,1.));
#3230=DIRECTION('ref_axis',(1.,0.,0.));
#3231=DIRECTION('center_axis',(0.,0.,-1.));
#3232=DIRECTION('ref_axis',(1.,0.,0.));
#3233=DIRECTION('center_axis',(0.,0.,1.));
#3234=DIRECTION('ref_axis',(1.,0.,0.));
#3235=DIRECTION('center_axis',(0.,0.,1.));
#3236=DIRECTION('ref_axis',(1.,0.,0.));
#3237=DIRECTION('center_axis',(0.,0.,1.));
#3238=DIRECTION('ref_axis',(1.,0.,0.));
#3239=DIRECTION('',(0.,0.,-1.));
#3240=DIRECTION('center_axis',(0.,0.,1.));
#3241=DIRECTION('ref_axis',(1.,0.,0.));
#3242=DIRECTION('center_axis',(0.,0.,-1.));
#3243=DIRECTION('ref_axis',(1.,0.,0.));
#3244=DIRECTION('center_axis',(0.,0.,1.));
#3245=DIRECTION('ref_axis',(1.,0.,0.));
#3246=DIRECTION('center_axis',(0.,0.,1.));
#3247=DIRECTION('ref_axis',(1.,0.,0.));
#3248=DIRECTION('center_axis',(0.,0.,-1.));
#3249=DIRECTION('ref_axis',(1.,0.,0.));
#3250=DIRECTION('',(0.,0.,-1.));
#3251=DIRECTION('center_axis',(0.,0.,-1.));
#3252=DIRECTION('ref_axis',(1.,0.,0.));
#3253=DIRECTION('center_axis',(0.,0.,1.));
#3254=DIRECTION('ref_axis',(1.,0.,0.));
#3255=DIRECTION('center_axis',(0.,0.,-1.));
#3256=DIRECTION('ref_axis',(1.,0.,0.));
#3257=DIRECTION('center_axis',(0.,0.,1.));
#3258=DIRECTION('ref_axis',(1.,0.,0.));
#3259=DIRECTION('center_axis',(0.,0.,1.));
#3260=DIRECTION('ref_axis',(1.,0.,0.));
#3261=DIRECTION('center_axis',(0.,0.,1.));
#3262=DIRECTION('ref_axis',(1.,0.,0.));
#3263=DIRECTION('',(0.,0.,-1.));
#3264=DIRECTION('center_axis',(0.,0.,-1.));
#3265=DIRECTION('ref_axis',(1.,0.,0.));
#3266=DIRECTION('center_axis',(0.,0.,-1.));
#3267=DIRECTION('ref_axis',(1.,0.,0.));
#3268=DIRECTION('center_axis',(0.,0.,1.));
#3269=DIRECTION('ref_axis',(1.,0.,0.));
#3270=DIRECTION('center_axis',(0.,0.,-1.));
#3271=DIRECTION('ref_axis',(1.,0.,0.));
#3272=DIRECTION('',(0.,0.,-1.));
#3273=DIRECTION('center_axis',(0.,0.,-1.));
#3274=DIRECTION('ref_axis',(1.,0.,0.));
#3275=DIRECTION('center_axis',(0.,0.,1.));
#3276=DIRECTION('ref_axis',(1.,0.,0.));
#3277=DIRECTION('center_axis',(0.,0.,-1.));
#3278=DIRECTION('ref_axis',(1.,0.,0.));
#3279=DIRECTION('center_axis',(0.,0.,1.));
#3280=DIRECTION('ref_axis',(1.,0.,0.));
#3281=DIRECTION('center_axis',(0.,0.,1.));
#3282=DIRECTION('ref_axis',(1.,0.,0.));
#3283=DIRECTION('center_axis',(0.,0.,1.));
#3284=DIRECTION('ref_axis',(1.,0.,0.));
#3285=DIRECTION('',(0.,0.,-1.));
#3286=DIRECTION('center_axis',(0.,0.,-1.));
#3287=DIRECTION('ref_axis',(1.,0.,0.));
#3288=DIRECTION('center_axis',(-0.816496580927726,0.408248290463863,-0.408248290463863));
#3289=DIRECTION('ref_axis',(0.577350269189626,0.577350269189626,-0.577350269189626));
#3290=DIRECTION('center_axis',(0.,0.,-1.));
#3291=DIRECTION('ref_axis',(1.,0.,0.));
#3292=DIRECTION('center_axis',(0.,1.,0.));
#3293=DIRECTION('ref_axis',(0.,0.,-1.));
#3294=DIRECTION('center_axis',(1.,0.,0.));
#3295=DIRECTION('ref_axis',(0.,1.,0.));
#3296=DIRECTION('center_axis',(0.,-1.,0.));
#3297=DIRECTION('ref_axis',(0.707106781186548,0.,-0.707106781186548));
#3298=DIRECTION('center_axis',(0.,1.,0.));
#3299=DIRECTION('ref_axis',(0.707106781186548,0.,-0.707106781186548));
#3300=DIRECTION('',(0.,1.,0.));
#3301=DIRECTION('',(0.,-1.,0.));
#3302=DIRECTION('center_axis',(1.,0.,0.));
#3303=DIRECTION('ref_axis',(0.,0.707106781186546,-0.707106781186549));
#3304=DIRECTION('center_axis',(-0.707106781186547,0.,-0.707106781186548));
#3305=DIRECTION('ref_axis',(0.707106781186548,-1.96261557335472E-16,-0.707106781186547));
#3306=DIRECTION('',(1.,0.,0.));
#3307=DIRECTION('',(-1.,0.,0.));
#3308=DIRECTION('center_axis',(0.,0.,-1.));
#3309=DIRECTION('ref_axis',(0.707106781186549,0.707106781186546,0.));
#3310=DIRECTION('center_axis',(0.,0.,1.));
#3311=DIRECTION('ref_axis',(0.707106781186549,0.707106781186546,0.));
#3312=DIRECTION('',(0.,0.,-1.));
#3313=DIRECTION('',(0.,0.,1.));
#3314=DIRECTION('center_axis',(0.,-1.,0.));
#3315=DIRECTION('ref_axis',(1.,0.,0.));
#3316=DIRECTION('',(0.,0.,1.));
#3317=DIRECTION('',(1.,0.,0.));
#3318=DIRECTION('',(0.,0.,1.));
#3319=DIRECTION('',(1.,0.,0.));
#3320=DIRECTION('',(0.,0.,1.));
#3321=DIRECTION('center_axis',(0.,1.,0.));
#3322=DIRECTION('ref_axis',(0.707106781186548,0.,-0.707106781186547));
#3323=DIRECTION('',(1.,0.,0.));
#3324=DIRECTION('center_axis',(0.,1.,0.));
#3325=DIRECTION('ref_axis',(1.,-3.15404264247016E-17,0.));
#3326=DIRECTION('center_axis',(-1.,0.,0.));
#3327=DIRECTION('ref_axis',(0.,-1.,0.));
#3328=DIRECTION('',(0.,-1.,0.));
#3329=DIRECTION('center_axis',(-0.816496580927726,-0.408248290463863,0.408248290463863));
#3330=DIRECTION('ref_axis',(-0.577350269189626,0.577350269189626,-0.577350269189625));
#3331=DIRECTION('center_axis',(0.,0.,-1.));
#3332=DIRECTION('ref_axis',(0.,1.,0.));
#3333=DIRECTION('center_axis',(-1.,0.,0.));
#3334=DIRECTION('ref_axis',(0.,0.,-1.));
#3335=DIRECTION('center_axis',(0.,1.,0.));
#3336=DIRECTION('ref_axis',(-1.,0.,0.));
#3337=DIRECTION('center_axis',(1.,0.,0.));
#3338=DIRECTION('ref_axis',(0.,0.707106781186546,-0.707106781186549));
#3339=DIRECTION('center_axis',(0.707106781186549,0.,-0.707106781186547));
#3340=DIRECTION('ref_axis',(-0.707106781186546,4.9065389333868E-17,-0.707106781186549));
#3341=DIRECTION('',(-1.,0.,0.));
#3342=DIRECTION('',(1.,0.,0.));
#3343=DIRECTION('center_axis',(0.,1.,0.));
#3344=DIRECTION('ref_axis',(-0.707106781186546,0.,-0.707106781186549));
#3345=DIRECTION('center_axis',(0.,1.,0.));
#3346=DIRECTION('ref_axis',(-0.707106781186546,0.,-0.707106781186549));
#3347=DIRECTION('',(0.,1.,0.));
#3348=DIRECTION('',(0.,-1.,0.));
#3349=DIRECTION('center_axis',(0.,0.,1.));
#3350=DIRECTION('ref_axis',(-0.707106781186548,0.707106781186548,0.));
#3351=DIRECTION('',(0.,0.,-1.));
#3352=DIRECTION('',(0.,0.,1.));
#3353=DIRECTION('center_axis',(0.,0.,1.));
#3354=DIRECTION('ref_axis',(-0.707106781186548,0.707106781186548,0.));
#3355=DIRECTION('center_axis',(0.,0.,1.));
#3356=DIRECTION('ref_axis',(1.,0.,0.));
#3357=DIRECTION('',(0.,-1.,0.));
#3358=DIRECTION('',(0.,-1.,0.));
#3359=DIRECTION('center_axis',(0.,0.,-1.));
#3360=DIRECTION('ref_axis',(0.,-1.,0.));
#3361=DIRECTION('center_axis',(0.,0.,-1.));
#3362=DIRECTION('ref_axis',(0.,-1.,0.));
#3363=DIRECTION('',(-1.,0.,0.));
#3364=DIRECTION('',(6.30808528494032E-17,1.,0.));
#3365=DIRECTION('',(-1.,4.62592926927149E-17,0.));
#3366=DIRECTION('',(0.,-1.,0.));
#3367=DIRECTION('',(1.,0.,0.));
#3368=DIRECTION('center_axis',(0.,1.,0.));
#3369=DIRECTION('ref_axis',(1.,0.,0.));
#3370=DIRECTION('',(0.,0.,1.));
#3371=DIRECTION('',(-1.,0.,0.));
#3372=DIRECTION('',(0.,0.,1.));
#3373=DIRECTION('',(-1.,0.,0.));
#3374=DIRECTION('center_axis',(0.,-1.,0.));
#3375=DIRECTION('ref_axis',(1.,-3.15404264247016E-17,0.));
#3376=DIRECTION('center_axis',(0.,-1.,0.));
#3377=DIRECTION('ref_axis',(1.,0.,0.));
#3378=DIRECTION('center_axis',(0.,0.,1.));
#3379=DIRECTION('ref_axis',(0.707106781186549,0.707106781186546,0.));
#3380=DIRECTION('center_axis',(0.,0.,1.));
#3381=DIRECTION('ref_axis',(0.707106781186549,0.707106781186546,0.));
#3382=DIRECTION('',(0.,0.,1.));
#3383=DIRECTION('',(0.,0.,-1.));
#3384=DIRECTION('center_axis',(0.,0.,1.));
#3385=DIRECTION('ref_axis',(1.,0.,0.));
#3386=DIRECTION('',(0.,-1.,0.));
#3387=DIRECTION('center_axis',(0.,0.,-1.));
#3388=DIRECTION('ref_axis',(1.,0.,0.));
#3389=DIRECTION('',(1.,0.,0.));
#3390=DIRECTION('',(0.,-1.,0.));
#3391=DIRECTION('',(1.,0.,0.));
#3392=DIRECTION('',(0.,1.,0.));
#3393=DIRECTION('',(1.,0.,0.));
#3394=DIRECTION('center_axis',(0.,0.,-1.));
#3395=DIRECTION('ref_axis',(1.,0.,0.));
#3396=DIRECTION('',(0.,1.,0.));
#3397=DIRECTION('center_axis',(0.,0.,1.));
#3398=DIRECTION('ref_axis',(-0.707106781186551,0.707106781186544,0.));
#3399=DIRECTION('center_axis',(0.,0.,-1.));
#3400=DIRECTION('ref_axis',(1.,0.,0.));
#3401=DIRECTION('',(0.,-1.,0.));
#3402=DIRECTION('center_axis',(0.,0.,-1.));
#3403=DIRECTION('ref_axis',(0.,-1.,0.));
#3404=DIRECTION('',(-1.,3.46944695195361E-17,0.));
#3405=DIRECTION('center_axis',(0.,0.,-1.));
#3406=DIRECTION('ref_axis',(-1.,2.4407899181455E-16,0.));
#3407=DIRECTION('',(0.,1.,0.));
#3408=DIRECTION('center_axis',(0.,0.,-1.));
#3409=DIRECTION('ref_axis',(0.,1.,0.));
#3410=DIRECTION('center_axis',(-1.,4.62592926927149E-17,0.));
#3411=DIRECTION('ref_axis',(0.,0.707106781186548,-0.707106781186548));
#3412=DIRECTION('',(1.,-4.62592926927149E-17,0.));
#3413=DIRECTION('center_axis',(-1.,6.30808528494032E-17,0.));
#3414=DIRECTION('ref_axis',(0.,0.707106781186548,-0.707106781186548));
#3415=DIRECTION('',(-1.,4.62592926927149E-17,0.));
#3416=DIRECTION('center_axis',(0.707106781186547,-0.707106781186548,-3.92523114670944E-16));
#3417=DIRECTION('ref_axis',(0.707106781186548,0.707106781186547,3.92523114670943E-16));
#3418=DIRECTION('center_axis',(1.38777878078145E-16,1.,0.));
#3419=DIRECTION('ref_axis',(0.707106781186548,0.,-0.707106781186547));
#3420=DIRECTION('',(1.38777878078145E-16,1.,0.));
#3421=DIRECTION('',(-1.38777878078145E-16,-1.,0.));
#3422=DIRECTION('center_axis',(4.62592926927149E-17,1.,0.));
#3423=DIRECTION('ref_axis',(-1.,4.62592926927149E-17,0.));
#3424=DIRECTION('',(0.,0.,1.));
#3425=DIRECTION('',(-1.,4.62592926927149E-17,0.));
#3426=DIRECTION('',(0.,0.,1.));
#3427=DIRECTION('',(1.,-1.38777878078145E-16,0.));
#3428=DIRECTION('',(0.,0.,1.));
#3429=DIRECTION('',(-1.,4.62592926927149E-17,0.));
#3430=DIRECTION('',(0.,0.,1.));
#3431=DIRECTION('',(1.,-4.62592926927148E-17,0.));
#3432=DIRECTION('center_axis',(-4.62592926927149E-17,-1.,0.));
#3433=DIRECTION('ref_axis',(1.,-6.30808528494032E-17,1.66533453693773E-15));
#3434=DIRECTION('',(-1.,4.62592926927149E-17,0.));
#3435=DIRECTION('center_axis',(-4.62592926927149E-17,-1.,0.));
#3436=DIRECTION('ref_axis',(0.,0.,1.));
#3437=DIRECTION('center_axis',(-4.62592926927149E-17,-1.,0.));
#3438=DIRECTION('ref_axis',(1.,0.,0.));
#3439=DIRECTION('center_axis',(-4.62592926927149E-17,-1.,0.));
#3440=DIRECTION('ref_axis',(1.,-3.15404264247016E-17,0.));
#3441=DIRECTION('center_axis',(1.,-1.38777878078145E-16,0.));
#3442=DIRECTION('ref_axis',(1.38777878078145E-16,1.,0.));
#3443=DIRECTION('',(1.38777878078145E-16,1.,0.));
#3444=DIRECTION('center_axis',(-1.,1.38777878078145E-16,0.));
#3445=DIRECTION('ref_axis',(0.,-1.,0.));
#3446=DIRECTION('center_axis',(-1.,1.38777878078145E-16,0.));
#3447=DIRECTION('ref_axis',(0.,-1.,0.));
#3448=DIRECTION('center_axis',(0.,0.,1.));
#3449=DIRECTION('ref_axis',(-0.707106781186551,0.707106781186544,0.));
#3450=DIRECTION('',(0.,0.,1.));
#3451=DIRECTION('',(0.,0.,1.));
#3452=DIRECTION('center_axis',(-1.,4.62592926927149E-17,0.));
#3453=DIRECTION('ref_axis',(0.,0.707106781186548,-0.707106781186548));
#3454=DIRECTION('center_axis',(1.,-6.30808528494032E-17,0.));
#3455=DIRECTION('ref_axis',(0.,0.707106781186548,-0.707106781186548));
#3456=DIRECTION('center_axis',(-0.707106781186546,-0.707106781186549,3.92523114670945E-16));
#3457=DIRECTION('ref_axis',(0.707106781186549,-0.707106781186546,3.92523114670943E-16));
#3458=DIRECTION('center_axis',(0.,-1.,0.));
#3459=DIRECTION('ref_axis',(-0.707106781186549,0.,-0.707106781186546));
#3460=DIRECTION('',(0.,1.,0.));
#3461=DIRECTION('center_axis',(0.,1.,0.));
#3462=DIRECTION('ref_axis',(-0.707106781186549,0.,-0.707106781186546));
#3463=DIRECTION('center_axis',(-1.,0.,0.));
#3464=DIRECTION('ref_axis',(0.,0.707106781186546,-0.707106781186549));
#3465=DIRECTION('',(-1.,0.,0.));
#3466=DIRECTION('center_axis',(0.,0.,1.));
#3467=DIRECTION('ref_axis',(1.,0.,0.));
#3468=DIRECTION('',(0.,1.,0.));
#3469=DIRECTION('',(1.,0.,0.));
#3470=DIRECTION('',(-1.38777876710312E-16,1.,0.));
#3471=DIRECTION('',(2.77555753420625E-16,-1.,0.));
#3472=DIRECTION('center_axis',(1.,0.,0.));
#3473=DIRECTION('ref_axis',(0.,-0.707106781186548,0.707106781186548));
#3474=DIRECTION('',(-1.,0.,0.));
#3475=DIRECTION('center_axis',(0.707106781186547,0.707106781186548,7.85046229341886E-16));
#3476=DIRECTION('ref_axis',(-0.707106781186548,0.707106781186547,7.85046229341884E-16));
#3477=DIRECTION('center_axis',(0.707106781186548,-0.707106781186548,0.));
#3478=DIRECTION('ref_axis',(0.707106781186547,0.707106781186547,0.));
#3479=DIRECTION('center_axis',(1.38777878078145E-16,1.,0.));
#3480=DIRECTION('ref_axis',(0.707106781186549,0.,0.707106781186546));
#3481=DIRECTION('',(-1.38777878078145E-16,-1.,0.));
#3482=DIRECTION('center_axis',(-0.707106781186547,0.707106781186548,-7.85046229341886E-16));
#3483=DIRECTION('ref_axis',(-0.707106781186548,-0.707106781186547,-7.85046229341887E-16));
#3484=DIRECTION('center_axis',(-1.,4.62592926927149E-17,0.));
#3485=DIRECTION('ref_axis',(0.,0.707106781186548,0.707106781186547));
#3486=DIRECTION('',(1.,-4.62592926927149E-17,0.));
#3487=DIRECTION('center_axis',(-0.707106669675559,-0.707106892697518,7.85046353143934E-16));
#3488=DIRECTION('ref_axis',(0.707106892697518,-0.707106669675559,7.8504610553982E-16));
#3489=DIRECTION('center_axis',(2.77555753420625E-16,-1.,0.));
#3490=DIRECTION('ref_axis',(-0.707106781186548,0.,0.707106781186548));
#3491=DIRECTION('',(2.77555753420625E-16,-1.,0.));
#3492=DIRECTION('',(-2.77555753420625E-16,1.,0.));
#3493=DIRECTION('center_axis',(-1.,-2.77555753420625E-16,0.));
#3494=DIRECTION('ref_axis',(2.77555753420625E-16,-1.,0.));
#3495=DIRECTION('center_axis',(0.,0.,1.));
#3496=DIRECTION('ref_axis',(1.,0.,0.));
#3497=DIRECTION('',(1.,0.,0.));
#3498=DIRECTION('center_axis',(0.,0.,-1.));
#3499=DIRECTION('ref_axis',(-0.707106781186548,0.707106781186547,0.));
#3500=DIRECTION('',(0.,1.,0.));
#3501=DIRECTION('center_axis',(0.,0.,-1.));
#3502=DIRECTION('ref_axis',(-0.707106781186547,-0.707106781186548,0.));
#3503=DIRECTION('',(-1.,3.46944695195361E-17,0.));
#3504=DIRECTION('center_axis',(0.,0.,-1.));
#3505=DIRECTION('ref_axis',(0.707106781186547,-0.707106781186548,0.));
#3506=DIRECTION('',(0.,-1.,0.));
#3507=DIRECTION('center_axis',(0.,0.,-1.));
#3508=DIRECTION('ref_axis',(0.707106781186548,0.707106781186548,0.));
#3509=DIRECTION('',(-1.,0.,0.));
#3510=DIRECTION('',(0.,1.,0.));
#3511=DIRECTION('',(1.,-4.62592926927149E-17,0.));
#3512=DIRECTION('',(1.38777876710312E-16,-1.,0.));
#3513=DIRECTION('center_axis',(0.,0.,-1.));
#3514=DIRECTION('ref_axis',(1.,0.,0.));
#3515=DIRECTION('center_axis',(0.,0.,-1.));
#3516=DIRECTION('ref_axis',(1.,0.,0.));
#3517=DIRECTION('center_axis',(0.,0.,-1.));
#3518=DIRECTION('ref_axis',(1.,0.,0.));
#3519=DIRECTION('center_axis',(0.,0.,-1.));
#3520=DIRECTION('ref_axis',(1.,0.,0.));
#3521=DIRECTION('center_axis',(0.,0.,-1.));
#3522=DIRECTION('ref_axis',(1.,0.,0.));
#3523=DIRECTION('center_axis',(0.,0.,-1.));
#3524=DIRECTION('ref_axis',(1.,0.,0.));
#3525=DIRECTION('center_axis',(0.,0.,-1.));
#3526=DIRECTION('ref_axis',(1.,0.,0.));
#3527=DIRECTION('center_axis',(0.,0.,-1.));
#3528=DIRECTION('ref_axis',(1.,0.,0.));
#3529=DIRECTION('center_axis',(1.,0.,0.));
#3530=DIRECTION('ref_axis',(0.,-0.707106781186548,0.707106781186548));
#3531=DIRECTION('center_axis',(0.707106781186546,0.707106781186549,0.));
#3532=DIRECTION('ref_axis',(-0.707106781186549,0.707106781186546,0.));
#3533=DIRECTION('',(1.,0.,0.));
#3534=DIRECTION('center_axis',(0.707106781186548,-0.707106781186548,0.));
#3535=DIRECTION('ref_axis',(0.707106781186548,0.707106781186548,0.));
#3536=DIRECTION('center_axis',(-1.38777876710312E-16,1.,0.));
#3537=DIRECTION('ref_axis',(0.707106781186551,0.,0.707106781186544));
#3538=DIRECTION('center_axis',(-0.707106669675559,0.707106892697518,0.));
#3539=DIRECTION('ref_axis',(-0.707106892697518,-0.707106669675559,0.));
#3540=DIRECTION('',(-1.38777876710312E-16,1.,0.));
#3541=DIRECTION('center_axis',(-1.,4.62592926927149E-17,0.));
#3542=DIRECTION('ref_axis',(0.,0.707106781186548,0.707106781186547));
#3543=DIRECTION('center_axis',(-0.707106781186549,-0.707106781186546,-7.85046229341886E-16));
#3544=DIRECTION('ref_axis',(0.707106781186546,-0.707106781186549,-7.85046229341888E-16));
#3545=DIRECTION('center_axis',(0.,-1.,0.));
#3546=DIRECTION('ref_axis',(-0.707106781186548,0.,0.707106781186548));
#3547=DIRECTION('',(0.,-1.,0.));
#3548=DIRECTION('center_axis',(-1.,0.,0.));
#3549=DIRECTION('ref_axis',(0.,-1.,0.));
#3550=DIRECTION('',(0.,0.,1.));
#3551=DIRECTION('center_axis',(1.,0.,0.));
#3552=DIRECTION('ref_axis',(0.,-1.,0.));
#3553=DIRECTION('center_axis',(1.,0.,0.));
#3554=DIRECTION('ref_axis',(0.,-1.,0.));
#3555=DIRECTION('center_axis',(0.,-1.,0.));
#3556=DIRECTION('ref_axis',(1.,0.,0.));
#3557=DIRECTION('',(0.,0.,1.));
#3558=DIRECTION('',(0.,0.,-1.));
#3559=DIRECTION('center_axis',(0.,1.,0.));
#3560=DIRECTION('ref_axis',(1.,0.,0.));
#3561=DIRECTION('center_axis',(-1.,0.,0.));
#3562=DIRECTION('ref_axis',(0.,0.707106781186548,0.707106781186548));
#3563=DIRECTION('center_axis',(-1.,0.,0.));
#3564=DIRECTION('ref_axis',(0.,0.,1.));
#3565=DIRECTION('center_axis',(1.,0.,0.));
#3566=DIRECTION('ref_axis',(0.,1.,0.));
#3567=DIRECTION('center_axis',(0.,0.,1.));
#3568=DIRECTION('ref_axis',(1.,0.,0.));
#3569=DIRECTION('center_axis',(0.,1.,0.));
#3570=DIRECTION('ref_axis',(-1.,0.,0.));
#3571=DIRECTION('center_axis',(0.,0.,1.));
#3572=DIRECTION('ref_axis',(-0.707106781186548,0.707106781186547,0.));
#3573=DIRECTION('center_axis',(0.,-1.,0.));
#3574=DIRECTION('ref_axis',(-0.707106781186548,0.,0.707106781186547));
#3575=DIRECTION('center_axis',(-8.22925627046491E-16,1.,0.));
#3576=DIRECTION('ref_axis',(-1.,-8.22925627046491E-16,0.));
#3577=DIRECTION('',(0.,-1.,0.));
#3578=DIRECTION('center_axis',(0.,0.,1.));
#3579=DIRECTION('ref_axis',(1.,0.,0.));
#3580=DIRECTION('center_axis',(-1.,-2.22044604925031E-15,0.));
#3581=DIRECTION('ref_axis',(2.22044604925031E-15,-1.,0.));
#3582=DIRECTION('center_axis',(0.,0.,1.));
#3583=DIRECTION('ref_axis',(-0.707106781186547,-0.707106781186548,0.));
#3584=DIRECTION('center_axis',(1.,-3.46944695195361E-17,0.));
#3585=DIRECTION('ref_axis',(0.,-0.707106781186549,0.707106781186546));
#3586=DIRECTION('center_axis',(-1.,0.,0.));
#3587=DIRECTION('ref_axis',(0.,-1.,0.));
#3588=DIRECTION('',(1.,-3.46944695195361E-17,0.));
#3589=DIRECTION('center_axis',(0.,0.,1.));
#3590=DIRECTION('ref_axis',(1.,0.,0.));
#3591=DIRECTION('center_axis',(-4.89858719658943E-16,-1.,0.));
#3592=DIRECTION('ref_axis',(1.,-4.89858719658943E-16,0.));
#3593=DIRECTION('center_axis',(0.,0.,1.));
#3594=DIRECTION('ref_axis',(0.707106781186547,-0.707106781186548,0.));
#3595=DIRECTION('center_axis',(0.,1.,0.));
#3596=DIRECTION('ref_axis',(0.707106781186548,0.,0.707106781186548));
#3597=DIRECTION('center_axis',(0.,-1.,0.));
#3598=DIRECTION('ref_axis',(1.,0.,0.));
#3599=DIRECTION('',(0.,1.,0.));
#3600=DIRECTION('center_axis',(0.,0.,1.));
#3601=DIRECTION('ref_axis',(1.,0.,0.));
#3602=DIRECTION('center_axis',(0.,0.,1.));
#3603=DIRECTION('ref_axis',(0.707106781186548,0.707106781186548,0.));
#3604=DIRECTION('center_axis',(0.,0.,-1.));
#3605=DIRECTION('ref_axis',(-1.,2.4407899181455E-16,0.));
#3606=DIRECTION('',(0.,0.,1.));
#3607=DIRECTION('',(0.,0.,1.));
#3608=DIRECTION('center_axis',(-1.,0.,0.));
#3609=DIRECTION('ref_axis',(0.,1.,0.));
#3610=DIRECTION('',(0.,0.,1.));
#3611=DIRECTION('center_axis',(1.,0.,0.));
#3612=DIRECTION('ref_axis',(0.,-1.,0.));
#3613=DIRECTION('center_axis',(1.,0.,0.));
#3614=DIRECTION('ref_axis',(0.,-1.,0.));
#3615=DIRECTION('center_axis',(0.,0.,-1.));
#3616=DIRECTION('ref_axis',(0.,1.,0.));
#3617=DIRECTION('center_axis',(-1.,0.,0.));
#3618=DIRECTION('ref_axis',(0.,-1.,0.));
#3619=DIRECTION('center_axis',(1.,0.,0.));
#3620=DIRECTION('ref_axis',(0.,-1.,0.));
#3621=DIRECTION('',(1.,0.,0.));
#3622=DIRECTION('center_axis',(1.,0.,0.));
#3623=DIRECTION('ref_axis',(0.,-1.,0.));
#3624=DIRECTION('center_axis',(-1.,0.,0.));
#3625=DIRECTION('ref_axis',(0.,-1.,0.));
#3626=DIRECTION('center_axis',(1.,0.,0.));
#3627=DIRECTION('ref_axis',(0.,-1.,0.));
#3628=DIRECTION('center_axis',(-1.,0.,0.));
#3629=DIRECTION('ref_axis',(0.,-1.,0.));
#3630=DIRECTION('center_axis',(-1.,0.,0.));
#3631=DIRECTION('ref_axis',(0.,-1.,0.));
#3632=DIRECTION('center_axis',(-1.,0.,0.));
#3633=DIRECTION('ref_axis',(0.,-1.,0.));
#3634=DIRECTION('center_axis',(-1.,0.,0.));
#3635=DIRECTION('ref_axis',(0.,-1.,0.));
#3636=DIRECTION('',(-1.,0.,0.));
#3637=DIRECTION('center_axis',(-1.,0.,0.));
#3638=DIRECTION('ref_axis',(0.,-1.,0.));
#3639=DIRECTION('center_axis',(1.,0.,0.));
#3640=DIRECTION('ref_axis',(0.,-1.,0.));
#3641=DIRECTION('',(1.,0.,0.));
#3642=DIRECTION('center_axis',(1.,0.,0.));
#3643=DIRECTION('ref_axis',(0.,-1.,0.));
#3644=DIRECTION('center_axis',(-1.,0.,0.));
#3645=DIRECTION('ref_axis',(0.,-1.,0.));
#3646=DIRECTION('center_axis',(1.,0.,0.));
#3647=DIRECTION('ref_axis',(0.,-1.,0.));
#3648=DIRECTION('center_axis',(-1.,0.,0.));
#3649=DIRECTION('ref_axis',(0.,-1.,0.));
#3650=DIRECTION('center_axis',(-1.,0.,0.));
#3651=DIRECTION('ref_axis',(0.,-1.,0.));
#3652=DIRECTION('center_axis',(-1.,0.,0.));
#3653=DIRECTION('ref_axis',(0.,-1.,0.));
#3654=DIRECTION('center_axis',(-1.,0.,0.));
#3655=DIRECTION('ref_axis',(0.,-1.,0.));
#3656=DIRECTION('',(-1.,0.,0.));
#3657=DIRECTION('center_axis',(-1.,0.,0.));
#3658=DIRECTION('ref_axis',(0.,-1.,0.));
#3659=DIRECTION('',(-1.,0.,0.));
#3660=DIRECTION('center_axis',(-1.,0.,0.));
#3661=DIRECTION('ref_axis',(0.,-1.,0.));
#3662=DIRECTION('',(-1.,0.,0.));
#3663=DIRECTION('center_axis',(1.,0.,0.));
#3664=DIRECTION('ref_axis',(0.,-1.,0.));
#3665=DIRECTION('center_axis',(-1.,0.,0.));
#3666=DIRECTION('ref_axis',(0.,-1.,0.));
#3667=DIRECTION('',(-1.,0.,0.));
#3668=DIRECTION('center_axis',(1.,0.,0.));
#3669=DIRECTION('ref_axis',(0.,-1.,0.));
#3670=DIRECTION('center_axis',(-1.,0.,0.));
#3671=DIRECTION('ref_axis',(0.,-1.,0.));
#3672=DIRECTION('center_axis',(1.,0.,0.));
#3673=DIRECTION('ref_axis',(0.,-1.,0.));
#3674=DIRECTION('center_axis',(-1.,0.,0.));
#3675=DIRECTION('ref_axis',(0.,-1.,0.));
#3676=DIRECTION('center_axis',(-1.,0.,0.));
#3677=DIRECTION('ref_axis',(0.,-1.,0.));
#3678=DIRECTION('center_axis',(1.,0.,0.));
#3679=DIRECTION('ref_axis',(0.,-1.,0.));
#3680=DIRECTION('',(1.,0.,0.));
#3681=DIRECTION('center_axis',(1.,0.,0.));
#3682=DIRECTION('ref_axis',(0.,-1.,0.));
#3683=DIRECTION('center_axis',(-1.,0.,0.));
#3684=DIRECTION('ref_axis',(0.,-1.,0.));
#3685=DIRECTION('',(-1.,0.,0.));
#3686=DIRECTION('center_axis',(1.,0.,0.));
#3687=DIRECTION('ref_axis',(0.,-1.,0.));
#3688=DIRECTION('center_axis',(-1.,0.,0.));
#3689=DIRECTION('ref_axis',(0.,-1.,0.));
#3690=DIRECTION('center_axis',(1.,0.,0.));
#3691=DIRECTION('ref_axis',(0.,-1.,0.));
#3692=DIRECTION('center_axis',(-1.,0.,0.));
#3693=DIRECTION('ref_axis',(0.,-1.,0.));
#3694=DIRECTION('center_axis',(-1.,0.,0.));
#3695=DIRECTION('ref_axis',(0.,-1.,0.));
#3696=DIRECTION('center_axis',(1.,0.,0.));
#3697=DIRECTION('ref_axis',(0.,-1.,0.));
#3698=DIRECTION('',(1.,0.,0.));
#3699=DIRECTION('center_axis',(1.,0.,0.));
#3700=DIRECTION('ref_axis',(0.,-1.,0.));
#3701=DIRECTION('',(1.,0.,0.));
#3702=DIRECTION('center_axis',(1.,0.,0.));
#3703=DIRECTION('ref_axis',(0.,-1.,0.));
#3704=DIRECTION('',(1.,0.,0.));
#3705=DIRECTION('center_axis',(0.,1.,0.));
#3706=DIRECTION('ref_axis',(1.,0.,0.));
#3707=DIRECTION('center_axis',(-3.46944695195361E-17,-1.,0.));
#3708=DIRECTION('ref_axis',(1.,-3.46944695195361E-17,0.));
#3709=DIRECTION('',(0.,-1.,0.));
#3710=DIRECTION('center_axis',(3.46944695195361E-17,1.,0.));
#3711=DIRECTION('ref_axis',(1.,-3.46944695195361E-17,0.));
#3712=DIRECTION('center_axis',(-3.46944695195361E-17,-1.,0.));
#3713=DIRECTION('ref_axis',(1.,-3.46944695195361E-17,0.));
#3714=DIRECTION('center_axis',(3.46944695195361E-17,1.,0.));
#3715=DIRECTION('ref_axis',(1.,0.,0.));
#3716=DIRECTION('center_axis',(-3.46944695195361E-17,-1.,0.));
#3717=DIRECTION('ref_axis',(1.,-3.46944695195361E-17,0.));
#3718=DIRECTION('center_axis',(-3.46944695195361E-17,-1.,0.));
#3719=DIRECTION('ref_axis',(1.,0.,0.));
#3720=DIRECTION('center_axis',(0.,1.,0.));
#3721=DIRECTION('ref_axis',(1.,0.,0.));
#3722=DIRECTION('',(0.,1.,0.));
#3723=DIRECTION('center_axis',(0.,1.,0.));
#3724=DIRECTION('ref_axis',(1.,0.,0.));
#3725=DIRECTION('center_axis',(-3.46944695195361E-17,-1.,0.));
#3726=DIRECTION('ref_axis',(1.,-3.46944695195361E-17,0.));
#3727=DIRECTION('',(0.,-1.,0.));
#3728=DIRECTION('center_axis',(3.46944695195361E-17,1.,0.));
#3729=DIRECTION('ref_axis',(1.,-3.46944695195361E-17,0.));
#3730=DIRECTION('center_axis',(-3.46944695195361E-17,-1.,0.));
#3731=DIRECTION('ref_axis',(1.,-3.46944695195361E-17,0.));
#3732=DIRECTION('center_axis',(3.46944695195361E-17,1.,0.));
#3733=DIRECTION('ref_axis',(1.,-3.15404264247016E-17,0.));
#3734=DIRECTION('center_axis',(-3.46944695195361E-17,-1.,0.));
#3735=DIRECTION('ref_axis',(1.,-3.46944695195361E-17,0.));
#3736=DIRECTION('center_axis',(-3.46944695195361E-17,-1.,0.));
#3737=DIRECTION('ref_axis',(1.,-3.15404264247016E-17,0.));
#3738=DIRECTION('center_axis',(3.15404264247016E-17,1.,0.));
#3739=DIRECTION('ref_axis',(1.,-3.15404264247016E-17,0.));
#3740=DIRECTION('',(3.15404264247016E-17,1.,0.));
#3741=DIRECTION('center_axis',(0.,1.,0.));
#3742=DIRECTION('ref_axis',(1.,0.,0.));
#3743=DIRECTION('center_axis',(-3.46944695195361E-17,-1.,0.));
#3744=DIRECTION('ref_axis',(1.,-3.46944695195361E-17,0.));
#3745=DIRECTION('',(0.,-1.,0.));
#3746=DIRECTION('center_axis',(3.46944695195361E-17,1.,0.));
#3747=DIRECTION('ref_axis',(1.,-3.46944695195361E-17,0.));
#3748=DIRECTION('center_axis',(-3.46944695195361E-17,-1.,0.));
#3749=DIRECTION('ref_axis',(1.,-3.46944695195361E-17,0.));
#3750=DIRECTION('center_axis',(3.46944695195361E-17,1.,0.));
#3751=DIRECTION('ref_axis',(1.,0.,0.));
#3752=DIRECTION('center_axis',(-3.46944695195361E-17,-1.,0.));
#3753=DIRECTION('ref_axis',(1.,-3.46944695195361E-17,0.));
#3754=DIRECTION('center_axis',(-3.46944695195361E-17,-1.,0.));
#3755=DIRECTION('ref_axis',(1.,0.,0.));
#3756=DIRECTION('center_axis',(0.,1.,0.));
#3757=DIRECTION('ref_axis',(1.,0.,0.));
#3758=DIRECTION('',(0.,1.,0.));
#3759=DIRECTION('center_axis',(0.,1.,0.));
#3760=DIRECTION('ref_axis',(1.,0.,0.));
#3761=DIRECTION('center_axis',(-3.46944695195361E-17,-1.,0.));
#3762=DIRECTION('ref_axis',(1.,-3.46944695195361E-17,0.));
#3763=DIRECTION('',(0.,-1.,0.));
#3764=DIRECTION('center_axis',(3.46944695195361E-17,1.,0.));
#3765=DIRECTION('ref_axis',(1.,-3.46944695195361E-17,0.));
#3766=DIRECTION('center_axis',(-3.46944695195361E-17,-1.,0.));
#3767=DIRECTION('ref_axis',(1.,-3.46944695195361E-17,0.));
#3768=DIRECTION('center_axis',(3.46944695195361E-17,1.,0.));
#3769=DIRECTION('ref_axis',(1.,-3.15404264247016E-17,0.));
#3770=DIRECTION('center_axis',(-3.46944695195361E-17,-1.,0.));
#3771=DIRECTION('ref_axis',(1.,-3.46944695195361E-17,0.));
#3772=DIRECTION('center_axis',(-3.46944695195361E-17,-1.,0.));
#3773=DIRECTION('ref_axis',(1.,-3.15404264247016E-17,0.));
#3774=DIRECTION('center_axis',(3.15404264247016E-17,1.,0.));
#3775=DIRECTION('ref_axis',(1.,-3.15404264247016E-17,0.));
#3776=DIRECTION('',(3.15404264247016E-17,1.,0.));
#3777=DIRECTION('center_axis',(3.15404264247016E-17,1.,0.));
#3778=DIRECTION('ref_axis',(1.,-3.15404264247016E-17,0.));
#3779=DIRECTION('center_axis',(3.46944695195361E-17,1.,0.));
#3780=DIRECTION('ref_axis',(1.,-3.15404264247016E-17,0.));
#3781=DIRECTION('',(3.15404264247016E-17,1.,0.));
#3782=DIRECTION('center_axis',(3.15404264247016E-17,1.,0.));
#3783=DIRECTION('ref_axis',(1.,-3.15404264247016E-17,0.));
#3784=DIRECTION('',(3.15404264247016E-17,1.,0.));
#3785=DIRECTION('center_axis',(0.,1.,0.));
#3786=DIRECTION('ref_axis',(1.,0.,0.));
#3787=DIRECTION('center_axis',(3.46944695195361E-17,1.,0.));
#3788=DIRECTION('ref_axis',(1.,0.,0.));
#3789=DIRECTION('',(0.,1.,0.));
#3790=DIRECTION('center_axis',(0.,1.,0.));
#3791=DIRECTION('ref_axis',(1.,0.,0.));
#3792=DIRECTION('',(0.,1.,0.));
#3793=DIRECTION('center_axis',(6.30808528494032E-17,1.,0.));
#3794=DIRECTION('ref_axis',(0.,0.,1.));
#3795=DIRECTION('',(6.30808528494032E-17,1.,0.));
#3796=DIRECTION('',(6.30808528494032E-17,1.,0.));
#3797=DIRECTION('center_axis',(6.30808528494032E-17,1.,0.));
#3798=DIRECTION('ref_axis',(0.,0.,1.));
#3799=DIRECTION('',(6.30808528494032E-17,1.,0.));
#3800=DIRECTION('center_axis',(3.46944695195361E-17,1.,0.));
#3801=DIRECTION('ref_axis',(0.,0.,1.));
#3802=DIRECTION('',(6.30808528494032E-17,1.,0.));
#3803=DIRECTION('center_axis',(-1.,6.30808528494032E-17,0.));
#3804=DIRECTION('ref_axis',(0.,0.,1.));
#3805=DIRECTION('',(0.,0.,1.));
#3806=DIRECTION('',(-6.30808528494032E-17,-1.,0.));
#3807=DIRECTION('',(-6.30808528494032E-17,-1.,0.));
#3808=DIRECTION('center_axis',(0.,0.,1.));
#3809=DIRECTION('ref_axis',(1.,-3.46944695195361E-17,0.));
#3810=DIRECTION('',(6.30808528494032E-17,1.,0.));
#3811=DIRECTION('center_axis',(6.30808528494032E-17,1.,0.));
#3812=DIRECTION('ref_axis',(1.,-6.30808528494032E-17,1.66533453693773E-15));
#3813=DIRECTION('',(6.30808528494032E-17,1.,0.));
#3814=DIRECTION('center_axis',(1.,-6.30808528494032E-17,0.));
#3815=DIRECTION('ref_axis',(0.,0.,-1.));
#3816=DIRECTION('',(6.30808528494032E-17,1.,0.));
#3817=DIRECTION('',(0.,0.,-1.));
#3818=DIRECTION('',(6.30808528494032E-17,1.,0.));
#3819=DIRECTION('center_axis',(0.,0.,1.));
#3820=DIRECTION('ref_axis',(1.,-3.46944695195361E-17,0.));
#3821=DIRECTION('',(6.30808528494032E-17,1.,0.));
#3822=DIRECTION('',(1.,-3.46944695195361E-17,0.));
#3823=DIRECTION('center_axis',(6.30808528494032E-17,1.,0.));
#3824=DIRECTION('ref_axis',(1.,-6.30808528494032E-17,1.66533453693773E-15));
#3825=DIRECTION('center_axis',(3.46944695195361E-17,1.,0.));
#3826=DIRECTION('ref_axis',(1.,-6.30808528494032E-17,1.66533453693773E-15));
#3827=DIRECTION('center_axis',(1.,0.,0.));
#3828=DIRECTION('ref_axis',(0.,1.,0.));
#3829=DIRECTION('center_axis',(0.,0.,1.));
#3830=DIRECTION('ref_axis',(1.,0.,0.));
#3831=DIRECTION('',(-1.,0.,0.));
#3832=DIRECTION('center_axis',(0.,0.,-1.));
#3833=DIRECTION('ref_axis',(-1.,0.,0.));
#3834=DIRECTION('center_axis',(0.,0.,-1.));
#3835=DIRECTION('ref_axis',(-1.,0.,0.));
#3836=DIRECTION('',(0.,1.,0.));
#3837=DIRECTION('',(0.,1.,0.));
#3838=DIRECTION('center_axis',(0.,0.,1.));
#3839=DIRECTION('ref_axis',(1.,0.,0.));
#3840=DIRECTION('',(0.,0.,-1.));
#3841=DIRECTION('center_axis',(0.,0.,1.));
#3842=DIRECTION('ref_axis',(1.,0.,0.));
#3843=DIRECTION('',(0.,0.,-1.));
#3844=DIRECTION('center_axis',(1.,1.38777876710312E-16,0.));
#3845=DIRECTION('ref_axis',(-1.38777876710312E-16,1.,0.));
#3846=DIRECTION('center_axis',(0.,0.,1.));
#3847=DIRECTION('ref_axis',(1.,0.,0.));
#3848=DIRECTION('',(0.,0.,-1.));
#3849=DIRECTION('center_axis',(0.,0.,1.));
#3850=DIRECTION('ref_axis',(1.,0.,0.));
#3851=DIRECTION('',(0.,0.,-1.));
#3852=DIRECTION('center_axis',(0.,0.,1.));
#3853=DIRECTION('ref_axis',(1.,0.,0.));
#3854=DIRECTION('',(0.,0.,-1.));
#3855=DIRECTION('center_axis',(0.,0.,1.));
#3856=DIRECTION('ref_axis',(1.,0.,0.));
#3857=DIRECTION('',(0.,0.,-1.));
#3858=DIRECTION('center_axis',(0.,0.,1.));
#3859=DIRECTION('ref_axis',(1.,0.,0.));
#3860=DIRECTION('',(0.,0.,-1.));
#3861=DIRECTION('center_axis',(0.,0.,1.));
#3862=DIRECTION('ref_axis',(1.,0.,0.));
#3863=DIRECTION('',(0.,0.,-1.));
#3864=DIRECTION('center_axis',(0.,0.,1.));
#3865=DIRECTION('ref_axis',(1.,0.,0.));
#3866=DIRECTION('',(-1.,0.,0.));
#3867=DIRECTION('',(-1.,3.46944695195361E-17,0.));
#3868=DIRECTION('center_axis',(0.,0.,1.));
#3869=DIRECTION('ref_axis',(1.,0.,0.));
#3870=DIRECTION('center_axis',(0.,0.,-1.));
#3871=DIRECTION('ref_axis',(0.,-1.,0.));
#3872=DIRECTION('center_axis',(0.,0.,1.));
#3873=DIRECTION('ref_axis',(1.,0.,0.));
#3874=DIRECTION('',(0.,-1.,0.));
#3875=DIRECTION('center_axis',(0.,0.,1.));
#3876=DIRECTION('ref_axis',(1.,0.,0.));
#3877=DIRECTION('',(0.,1.,0.));
#3878=DIRECTION('center_axis',(0.,0.,1.));
#3879=DIRECTION('ref_axis',(1.,0.,0.));
#3880=DIRECTION('center_axis',(0.,0.,-1.));
#3881=DIRECTION('ref_axis',(-1.,0.,0.));
#3882=DIRECTION('center_axis',(0.,0.,1.));
#3883=DIRECTION('ref_axis',(-1.,0.,0.));
#3884=DIRECTION('',(0.,0.,1.));
#3885=DIRECTION('',(0.,0.,1.));
#3886=DIRECTION('center_axis',(0.,1.,0.));
#3887=DIRECTION('ref_axis',(-1.,0.,0.));
#3888=DIRECTION('',(0.,0.,1.));
#3889=DIRECTION('center_axis',(0.,0.,1.));
#3890=DIRECTION('ref_axis',(0.,-1.,0.));
#3891=DIRECTION('',(0.,0.,1.));
#3892=DIRECTION('center_axis',(0.,1.,0.));
#3893=DIRECTION('ref_axis',(1.,0.,0.));
#3894=DIRECTION('',(0.,0.,-1.));
#3895=DIRECTION('',(0.,0.,-1.));
#3896=DIRECTION('center_axis',(-1.,0.,0.));
#3897=DIRECTION('ref_axis',(0.,1.,0.));
#3898=DIRECTION('',(0.,0.,-1.));
#3899=DIRECTION('center_axis',(0.,1.,0.));
#3900=DIRECTION('ref_axis',(1.,0.,0.));
#3901=DIRECTION('',(0.,0.,-1.));
#3902=DIRECTION('center_axis',(1.,0.,0.));
#3903=DIRECTION('ref_axis',(0.,-1.,0.));
#3904=DIRECTION('',(0.,0.,-1.));
#3905=DIRECTION('center_axis',(0.,1.,0.));
#3906=DIRECTION('ref_axis',(1.,0.,0.));
#3907=DIRECTION('',(0.,0.,-1.));
#3908=DIRECTION('center_axis',(0.,0.,-1.));
#3909=DIRECTION('ref_axis',(1.,0.,0.));
#3910=DIRECTION('',(0.,0.,-1.));
#3911=DIRECTION('center_axis',(1.,0.,0.));
#3912=DIRECTION('ref_axis',(0.,-1.,0.));
#3913=DIRECTION('center_axis',(-3.46944695195361E-17,-1.,0.));
#3914=DIRECTION('ref_axis',(-1.,3.46944695195361E-17,0.));
#3915=DIRECTION('',(0.,0.,1.));
#3916=DIRECTION('center_axis',(0.,0.,-1.));
#3917=DIRECTION('ref_axis',(0.,-1.,0.));
#3918=DIRECTION('',(0.,0.,1.));
#3919=DIRECTION('center_axis',(1.,0.,0.));
#3920=DIRECTION('ref_axis',(0.,-1.,0.));
#3921=DIRECTION('',(0.,0.,1.));
#3922=DIRECTION('center_axis',(0.,0.,-1.));
#3923=DIRECTION('ref_axis',(1.,0.,0.));
#3924=DIRECTION('center_axis',(-1.,0.,0.));
#3925=DIRECTION('ref_axis',(0.,1.,0.));
#3926=DIRECTION('',(0.,0.,-1.));
#3927=DIRECTION('center_axis',(0.,0.,-1.));
#3928=DIRECTION('ref_axis',(-0.816496603869564,0.577350236744967,0.));
#3929=CARTESIAN_POINT('',(0.,0.,0.));
#3930=CARTESIAN_POINT('Origin',(31.,24.0000002384186,-0.8));
#3931=CARTESIAN_POINT('',(28.9506099398772,23.2,0.));
#3932=CARTESIAN_POINT('',(30.,25.9595920326451,0.));
#3933=CARTESIAN_POINT('Origin',(31.,24.0000002384186,0.));
#3934=CARTESIAN_POINT('',(30.,26.8284273631648,-0.8));
#3935=CARTESIAN_POINT('Ctrl Pts',(30.,26.8284273631648,-0.8));
#3936=CARTESIAN_POINT('Ctrl Pts',(30.,26.8284273631648,-0.703596274531));
#3937=CARTESIAN_POINT('Ctrl Pts',(30.,26.8050238688562,-0.590303851202932));
#3938=CARTESIAN_POINT('Ctrl Pts',(30.,26.7280906628408,-0.410286316200851));
#3939=CARTESIAN_POINT('Ctrl Pts',(30.,26.6598681999484,-0.31249505354406));
#3940=CARTESIAN_POINT('Ctrl Pts',(30.,26.5130848480152,-0.17106622847143));
#3941=CARTESIAN_POINT('Ctrl Pts',(30.,26.4071378072532,-0.104053401379244));
#3942=CARTESIAN_POINT('Ctrl Pts',(30.,26.2052854070316,-0.0240543903271305));
#3943=CARTESIAN_POINT('Ctrl Pts',(30.,26.072251381584,1.95432817392538E-16));
#3944=CARTESIAN_POINT('Ctrl Pts',(30.,25.9595920326451,6.16297582203915E-32));
#3945=CARTESIAN_POINT('',(28.,24.,-0.8));
#3946=CARTESIAN_POINT('Origin',(31.,24.0000002384186,-0.8));
#3947=CARTESIAN_POINT('Ctrl Pts',(28.,24.,-0.8));
#3948=CARTESIAN_POINT('Ctrl Pts',(28.,24.,-0.725204561700134));
#3949=CARTESIAN_POINT('Ctrl Pts',(28.0104538061768,23.9894989140495,-0.652004399366015));
#3950=CARTESIAN_POINT('Ctrl Pts',(28.0526905222413,23.9476884707046,-0.503986702562707));
#3951=CARTESIAN_POINT('Ctrl Pts',(28.0862684319895,23.9146849294758,-0.432980856206417));
#3952=CARTESIAN_POINT('Ctrl Pts',(28.1824593136837,23.8225907221409,-0.288242976190268));
#3953=CARTESIAN_POINT('Ctrl Pts',(28.2500517534934,23.7594480498486,-0.221978576978655));
#3954=CARTESIAN_POINT('Ctrl Pts',(28.408480289198,23.6181507578305,-0.111363520028064));
#3955=CARTESIAN_POINT('Ctrl Pts',(28.5017173943412,23.5386568988497,-0.0705471100245621));
#3956=CARTESIAN_POINT('Ctrl Pts',(28.7091487495023,23.3726465563492,-0.0133112900690494));
#3957=CARTESIAN_POINT('Ctrl Pts',(28.8256129502923,23.2856175249137,-0.000401220450320636));
#3958=CARTESIAN_POINT('Ctrl Pts',(28.9468718568561,23.2025553439489,-3.05797690485707E-6));
#3959=CARTESIAN_POINT('Ctrl Pts',(28.9487404923254,23.201277075642,-3.19744365012095E-18));
#3960=CARTESIAN_POINT('Ctrl Pts',(28.9506099398772,23.2,0.));
#3961=CARTESIAN_POINT('Origin',(20.5,23.2,-0.8));
#3962=CARTESIAN_POINT('',(26.,24.,-0.8));
#3963=CARTESIAN_POINT('',(20.5,24.,-0.8));
#3964=CARTESIAN_POINT('',(26.8,23.2,0.));
#3965=CARTESIAN_POINT('Origin',(26.8,23.2,-0.8));
#3966=CARTESIAN_POINT('',(20.5,23.2,0.));
#3967=CARTESIAN_POINT('Origin',(26.8,9.5,-0.8));
#3968=CARTESIAN_POINT('',(26.8,6.2,0.));
#3969=CARTESIAN_POINT('',(26.8,9.5,0.));
#3970=CARTESIAN_POINT('',(26.,7.,-0.8));
#3971=CARTESIAN_POINT('',(26.,9.5,-0.8));
#3972=CARTESIAN_POINT('Origin',(26.8,6.2,-0.8));
#3973=CARTESIAN_POINT('Origin',(9.5,6.2,-0.8));
#3974=CARTESIAN_POINT('',(3.2,6.2,0.));
#3975=CARTESIAN_POINT('',(9.5,6.2,0.));
#3976=CARTESIAN_POINT('',(4.,7.,-0.8));
#3977=CARTESIAN_POINT('',(9.5,7.,-0.8));
#3978=CARTESIAN_POINT('Origin',(3.2,6.2,-0.8));
#3979=CARTESIAN_POINT('Origin',(3.2,18.,-0.8));
#3980=CARTESIAN_POINT('',(3.2,23.2,0.));
#3981=CARTESIAN_POINT('',(3.2,18.,0.));
#3982=CARTESIAN_POINT('',(4.,24.,-0.8));
#3983=CARTESIAN_POINT('',(4.,18.,-0.8));
#3984=CARTESIAN_POINT('Origin',(3.2,23.2,-0.8));
#3985=CARTESIAN_POINT('Origin',(8.49999999999999,23.2,-0.8));
#3986=CARTESIAN_POINT('',(1.04939006012282,23.2,0.));
#3987=CARTESIAN_POINT('',(8.49999999999999,23.2,0.));
#3988=CARTESIAN_POINT('',(1.99999999999999,24.,-0.8));
#3989=CARTESIAN_POINT('',(8.49999999999999,24.,-0.8));
#3990=CARTESIAN_POINT('Ctrl Pts',(1.99999999999999,24.,-0.8));
#3991=CARTESIAN_POINT('Ctrl Pts',(1.99999999999999,24.,-0.725204561700141));
#3992=CARTESIAN_POINT('Ctrl Pts',(1.98954619382324,23.9894989140495,-0.652004399366029));
#3993=CARTESIAN_POINT('Ctrl Pts',(1.94730947775867,23.9476884707046,-0.5039867025627));
#3994=CARTESIAN_POINT('Ctrl Pts',(1.91373156801047,23.9146849294758,-0.432980856206406));
#3995=CARTESIAN_POINT('Ctrl Pts',(1.81754068631634,23.8225907221409,-0.288242976190274));
#3996=CARTESIAN_POINT('Ctrl Pts',(1.74994824650666,23.7594480498486,-0.221978576978661));
#3997=CARTESIAN_POINT('Ctrl Pts',(1.59151971080199,23.6181507578305,-0.111363520028062));
#3998=CARTESIAN_POINT('Ctrl Pts',(1.49828260565883,23.5386568988497,-0.0705471100245609));
#3999=CARTESIAN_POINT('Ctrl Pts',(1.29085125049702,23.3726465563486,-0.0133112900688492));
#4000=CARTESIAN_POINT('Ctrl Pts',(1.17438704970147,23.2856175249094,-0.000401220450300448));
#4001=CARTESIAN_POINT('Ctrl Pts',(1.05312814314412,23.2025553439491,-3.05797690556037E-6));
#4002=CARTESIAN_POINT('Ctrl Pts',(1.05125950767435,23.2012770756419,-1.21246935527096E-18));
#4003=CARTESIAN_POINT('Ctrl Pts',(1.04939006012282,23.2,0.));
#4004=CARTESIAN_POINT('Origin',(-1.,24.0000002384186,-0.8));
#4005=CARTESIAN_POINT('',(0.,26.8284273631648,-0.8));
#4006=CARTESIAN_POINT('Origin',(-1.,24.0000002384186,-0.8));
#4007=CARTESIAN_POINT('',(0.,25.9595920326451,0.));
#4008=CARTESIAN_POINT('Ctrl Pts',(0.,25.9595920326451,-3.08148791101958E-32));
#4009=CARTESIAN_POINT('Ctrl Pts',(-9.69032395118367E-19,26.072251381584,
-2.98621344975799E-16));
#4010=CARTESIAN_POINT('Ctrl Pts',(0.,26.2052854070316,-0.0240543903271306));
#4011=CARTESIAN_POINT('Ctrl Pts',(0.,26.4071378072532,-0.104053401379244));
#4012=CARTESIAN_POINT('Ctrl Pts',(0.,26.5130848480152,-0.171066228471431));
#4013=CARTESIAN_POINT('Ctrl Pts',(0.,26.6598681999484,-0.31249505354406));
#4014=CARTESIAN_POINT('Ctrl Pts',(0.,26.7280906628408,-0.410286316200851));
#4015=CARTESIAN_POINT('Ctrl Pts',(0.,26.8050238688562,-0.590303851202931));
#4016=CARTESIAN_POINT('Ctrl Pts',(0.,26.8284273631648,-0.703596274531));
#4017=CARTESIAN_POINT('Ctrl Pts',(0.,26.8284273631648,-0.8));
#4018=CARTESIAN_POINT('Origin',(-1.,24.0000002384186,0.));
#4019=CARTESIAN_POINT('Origin',(15.,12.,0.));
#4020=CARTESIAN_POINT('',(0.,3.,0.));
#4021=CARTESIAN_POINT('',(0.,7.5,0.));
#4022=CARTESIAN_POINT('',(3.,0.,0.));
#4023=CARTESIAN_POINT('Origin',(3.,3.,0.));
#4024=CARTESIAN_POINT('',(27.,0.,0.));
#4025=CARTESIAN_POINT('',(21.,0.,0.));
#4026=CARTESIAN_POINT('',(30.,3.,0.));
#4027=CARTESIAN_POINT('Origin',(27.,3.,0.));
#4028=CARTESIAN_POINT('',(30.,20.,0.));
#4029=CARTESIAN_POINT('Origin',(15.,8.00000023841858,7.5));
#4030=CARTESIAN_POINT('',(12.5,8.00000023841858,12.5));
#4031=CARTESIAN_POINT('Origin',(15.,8.00000023841858,12.5));
#4032=CARTESIAN_POINT('',(12.5,8.00000023841858,7.5));
#4033=CARTESIAN_POINT('',(12.5,8.00000023841858,7.5));
#4034=CARTESIAN_POINT('Origin',(15.,8.00000023841858,7.5));
#4035=CARTESIAN_POINT('Origin',(15.,8.00000023841858,12.5));
#4036=CARTESIAN_POINT('',(12.,8.00000023841858,12.5));
#4037=CARTESIAN_POINT('Origin',(15.,8.00000023841858,12.5));
#4038=CARTESIAN_POINT('Origin',(15.,8.00000023841858,7.5));
#4039=CARTESIAN_POINT('',(12.,8.00000023841858,7.5));
#4040=CARTESIAN_POINT('Origin',(15.,8.00000023841858,7.5));
#4041=CARTESIAN_POINT('Origin',(15.,8.00000023841858,3.));
#4042=CARTESIAN_POINT('',(12.,8.00000023841858,6.));
#4043=CARTESIAN_POINT('',(12.,8.00000023841858,3.));
#4044=CARTESIAN_POINT('Origin',(15.,8.00000023841858,6.));
#4045=CARTESIAN_POINT('Origin',(-1.,24.0000002384186,7.5));
#4046=CARTESIAN_POINT('',(-3.5,24.0000002384186,12.5));
#4047=CARTESIAN_POINT('Origin',(-1.,24.0000002384186,12.5));
#4048=CARTESIAN_POINT('',(-3.5,24.0000002384186,7.5));
#4049=CARTESIAN_POINT('',(-3.5,24.0000002384186,7.5));
#4050=CARTESIAN_POINT('Origin',(-1.,24.0000002384186,7.5));
#4051=CARTESIAN_POINT('Origin',(-1.,24.0000002384186,12.5));
#4052=CARTESIAN_POINT('',(-4.,24.0000002384186,12.5));
#4053=CARTESIAN_POINT('Origin',(-1.,24.0000002384186,12.5));
#4054=CARTESIAN_POINT('Origin',(-1.,24.0000002384186,7.5));
#4055=CARTESIAN_POINT('',(-4.,24.0000002384186,7.5));
#4056=CARTESIAN_POINT('Origin',(-1.,24.0000002384186,7.5));
#4057=CARTESIAN_POINT('Origin',(-1.,24.0000002384186,3.));
#4058=CARTESIAN_POINT('',(-4.,24.0000002384186,3.));
#4059=CARTESIAN_POINT('',(-4.,24.0000002384186,3.));
#4060=CARTESIAN_POINT('',(0.,26.8284273631648,3.));
#4061=CARTESIAN_POINT('Origin',(-1.,24.0000002384186,3.));
#4062=CARTESIAN_POINT('',(0.,21.1715731136724,3.));
#4063=CARTESIAN_POINT('Origin',(-1.,24.0000002384186,3.));
#4064=CARTESIAN_POINT('Origin',(-1.,24.0000002384186,3.));
#4065=CARTESIAN_POINT('Origin',(31.,2.38418578213384E-7,7.5));
#4066=CARTESIAN_POINT('',(28.5,2.38418577907222E-7,12.5));
#4067=CARTESIAN_POINT('Origin',(31.,2.38418578213384E-7,12.5));
#4068=CARTESIAN_POINT('',(28.5,2.38418577907222E-7,7.5));
#4069=CARTESIAN_POINT('',(28.5,2.38418577907222E-7,7.5));
#4070=CARTESIAN_POINT('Origin',(31.,2.38418578213384E-7,7.5));
#4071=CARTESIAN_POINT('Origin',(31.,2.38418578213384E-7,12.5));
#4072=CARTESIAN_POINT('',(28.,2.3841857784599E-7,12.5));
#4073=CARTESIAN_POINT('Origin',(31.,2.38418578213384E-7,12.5));
#4074=CARTESIAN_POINT('Origin',(31.,2.38418578213384E-7,7.5));
#4075=CARTESIAN_POINT('',(28.,2.3841857784599E-7,7.5));
#4076=CARTESIAN_POINT('Origin',(31.,2.38418578213384E-7,7.5));
#4077=CARTESIAN_POINT('Origin',(31.,2.38418578213384E-7,3.));
#4078=CARTESIAN_POINT('',(28.,2.3841857784599E-7,3.));
#4079=CARTESIAN_POINT('',(28.,2.3841857784599E-7,3.));
#4080=CARTESIAN_POINT('',(28.0050125488038,0.173350078848288,3.));
#4081=CARTESIAN_POINT('Origin',(31.,2.38418578213384E-7,3.));
#4082=CARTESIAN_POINT('',(29.9949874511963,2.82665015957029,3.));
#4083=CARTESIAN_POINT('Origin',(31.,2.38418578213384E-7,3.));
#4084=CARTESIAN_POINT('Origin',(31.,2.38418578213384E-7,3.));
#4085=CARTESIAN_POINT('Origin',(31.,24.0000002384186,7.5));
#4086=CARTESIAN_POINT('',(28.5,24.0000002384186,12.5));
#4087=CARTESIAN_POINT('Origin',(31.,24.0000002384186,12.5));
#4088=CARTESIAN_POINT('',(28.5,24.0000002384186,7.5));
#4089=CARTESIAN_POINT('',(28.5,24.0000002384186,7.5));
#4090=CARTESIAN_POINT('Origin',(31.,24.0000002384186,7.5));
#4091=CARTESIAN_POINT('Origin',(31.,24.0000002384186,12.5));
#4092=CARTESIAN_POINT('',(28.,24.0000002384186,12.5));
#4093=CARTESIAN_POINT('Origin',(31.,24.0000002384186,12.5));
#4094=CARTESIAN_POINT('Origin',(31.,24.0000002384186,7.5));
#4095=CARTESIAN_POINT('',(28.,24.0000002384186,7.5));
#4096=CARTESIAN_POINT('Origin',(31.,24.0000002384186,7.5));
#4097=CARTESIAN_POINT('Origin',(31.,24.0000002384186,3.));
#4098=CARTESIAN_POINT('',(28.,24.0000002384186,3.));
#4099=CARTESIAN_POINT('',(28.,24.0000002384186,3.));
#4100=CARTESIAN_POINT('',(30.,26.8284273631648,3.));
#4101=CARTESIAN_POINT('Origin',(31.,24.0000002384186,3.));
#4102=CARTESIAN_POINT('',(30.,21.1715731136724,3.));
#4103=CARTESIAN_POINT('Origin',(31.,24.0000002384186,3.));
#4104=CARTESIAN_POINT('Origin',(31.,24.0000002384186,3.));
#4105=CARTESIAN_POINT('Origin',(15.,16.0000002384186,7.5));
#4106=CARTESIAN_POINT('',(12.5,16.0000002384186,12.5));
#4107=CARTESIAN_POINT('Origin',(15.,16.0000002384186,12.5));
#4108=CARTESIAN_POINT('',(12.5,16.0000002384186,7.5));
#4109=CARTESIAN_POINT('',(12.5,16.0000002384186,7.5));
#4110=CARTESIAN_POINT('Origin',(15.,16.0000002384186,7.5));
#4111=CARTESIAN_POINT('Origin',(15.,16.0000002384186,12.5));
#4112=CARTESIAN_POINT('',(12.,16.0000002384186,12.5));
#4113=CARTESIAN_POINT('Origin',(15.,16.0000002384186,12.5));
#4114=CARTESIAN_POINT('Origin',(15.,16.0000002384186,7.5));
#4115=CARTESIAN_POINT('',(12.,16.0000002384186,7.5));
#4116=CARTESIAN_POINT('Origin',(15.,16.0000002384186,7.5));
#4117=CARTESIAN_POINT('Origin',(15.,16.0000002384186,3.));
#4118=CARTESIAN_POINT('',(12.,16.0000002384186,6.));
#4119=CARTESIAN_POINT('',(12.,16.0000002384186,3.));
#4120=CARTESIAN_POINT('Origin',(15.,16.0000002384186,6.));
#4121=CARTESIAN_POINT('Origin',(-1.,2.38418578213384E-7,7.5));
#4122=CARTESIAN_POINT('',(-3.5,2.38418577907222E-7,12.5));
#4123=CARTESIAN_POINT('Origin',(-1.,2.38418578213384E-7,12.5));
#4124=CARTESIAN_POINT('',(-3.5,2.38418577907222E-7,7.5));
#4125=CARTESIAN_POINT('',(-3.5,2.38418577907222E-7,7.5));
#4126=CARTESIAN_POINT('Origin',(-1.,2.38418578213384E-7,7.5));
#4127=CARTESIAN_POINT('Origin',(-1.,2.38418578213384E-7,12.5));
#4128=CARTESIAN_POINT('',(-4.,2.3841857784599E-7,12.5));
#4129=CARTESIAN_POINT('Origin',(-1.,2.38418578213384E-7,12.5));
#4130=CARTESIAN_POINT('Origin',(-1.,2.38418578213384E-7,7.5));
#4131=CARTESIAN_POINT('',(-4.,2.3841857784599E-7,7.5));
#4132=CARTESIAN_POINT('Origin',(-1.,2.38418578213384E-7,7.5));
#4133=CARTESIAN_POINT('Origin',(-1.,2.38418578213384E-7,3.));
#4134=CARTESIAN_POINT('',(-4.,2.3841857784599E-7,3.));
#4135=CARTESIAN_POINT('',(-4.,2.3841857784599E-7,3.));
#4136=CARTESIAN_POINT('',(0.0050125488037521,2.82665015957029,3.));
#4137=CARTESIAN_POINT('Origin',(-1.,2.38418578213384E-7,3.));
#4138=CARTESIAN_POINT('',(1.99498745119625,0.173350078848288,3.));
#4139=CARTESIAN_POINT('Origin',(-1.,2.38418578213384E-7,3.));
#4140=CARTESIAN_POINT('Origin',(-1.,2.38418578213384E-7,3.));
#4141=CARTESIAN_POINT('Origin',(15.,2.38418578213384E-7,7.5));
#4142=CARTESIAN_POINT('',(12.5,2.38418577907222E-7,12.5));
#4143=CARTESIAN_POINT('Origin',(15.,2.38418578213384E-7,12.5));
#4144=CARTESIAN_POINT('',(12.5,2.38418577907222E-7,7.5));
#4145=CARTESIAN_POINT('',(12.5,2.38418577907222E-7,7.5));
#4146=CARTESIAN_POINT('Origin',(15.,2.38418578213384E-7,7.5));
#4147=CARTESIAN_POINT('Origin',(15.,2.38418578213384E-7,12.5));
#4148=CARTESIAN_POINT('',(12.,2.3841857784599E-7,12.5));
#4149=CARTESIAN_POINT('Origin',(15.,2.38418578213384E-7,12.5));
#4150=CARTESIAN_POINT('Origin',(15.,2.38418578213384E-7,7.5));
#4151=CARTESIAN_POINT('',(12.,2.3841857784599E-7,7.5));
#4152=CARTESIAN_POINT('Origin',(15.,2.38418578213384E-7,7.5));
#4153=CARTESIAN_POINT('Origin',(15.,2.38418578213384E-7,3.));
#4154=CARTESIAN_POINT('',(12.0000001788139,2.3841857849094E-7,4.00000007450581));
#4155=CARTESIAN_POINT('',(12.,2.3841857784599E-7,3.));
#4156=CARTESIAN_POINT('',(13.0000001788139,2.2360683758544,5.00000007450581));
#4157=CARTESIAN_POINT('Ctrl Pts',(12.0000001788139,2.38418578213384E-7,
4.00000007450581));
#4158=CARTESIAN_POINT('Ctrl Pts',(12.0000001788139,0.388211778054588,4.22413411809689));
#4159=CARTESIAN_POINT('Ctrl Pts',(12.0789544797554,0.803658575351098,4.46553894940413));
#4160=CARTESIAN_POINT('Ctrl Pts',(12.3305328948547,1.38511922650016,4.7537002517043));
#4161=CARTESIAN_POINT('Ctrl Pts',(12.4357395343129,1.5719837194161,4.83735871075755));
#4162=CARTESIAN_POINT('Ctrl Pts',(12.6871145755121,1.92279113725566,4.96003245302108));
#4163=CARTESIAN_POINT('Ctrl Pts',(12.8329405180851,2.0866456968263,5.00000007450581));
#4164=CARTESIAN_POINT('Ctrl Pts',(13.0000001788139,2.2360683758544,5.00000007450581));
#4165=CARTESIAN_POINT('',(17.0000001788139,2.23606805598231,5.00000007450581));
#4166=CARTESIAN_POINT('Origin',(15.,2.38418578213384E-7,5.00000007450581));
#4167=CARTESIAN_POINT('',(18.0000001788139,2.38418577935828E-7,4.00000007450581));
#4168=CARTESIAN_POINT('Ctrl Pts',(17.0000001788139,2.23606805598231,5.00000007450581));
#4169=CARTESIAN_POINT('Ctrl Pts',(17.1670597957322,2.08664536804558,5.00000007450581));
#4170=CARTESIAN_POINT('Ctrl Pts',(17.3128857022641,1.92279080177751,4.96003247267427));
#4171=CARTESIAN_POINT('Ctrl Pts',(17.5642606800781,1.57198336804853,4.83735879997404));
#4172=CARTESIAN_POINT('Ctrl Pts',(17.6694672926584,1.38511886641108,4.7537003900686));
#4173=CARTESIAN_POINT('Ctrl Pts',(17.9210456394493,0.803658153263956,4.46553933551547));
#4174=CARTESIAN_POINT('Ctrl Pts',(18.0000001788139,0.388211737567045,4.22413408136197));
#4175=CARTESIAN_POINT('Ctrl Pts',(18.0000001788139,2.38418578213384E-7,
4.0000000745058));
#4176=CARTESIAN_POINT('',(17.0000001788139,-2.23606757914515,5.00000007450581));
#4177=CARTESIAN_POINT('Ctrl Pts',(18.0000001788139,2.38418578213384E-7,
4.0000000745058));
#4178=CARTESIAN_POINT('Ctrl Pts',(18.0000001788139,-0.388211260729889,4.22413408136197));
#4179=CARTESIAN_POINT('Ctrl Pts',(17.9210456394493,-0.803657676426799,4.46553933551547));
#4180=CARTESIAN_POINT('Ctrl Pts',(17.6694672926584,-1.38511838957392,4.7537003900686));
#4181=CARTESIAN_POINT('Ctrl Pts',(17.5642606800781,-1.57198289121137,4.83735879997404));
#4182=CARTESIAN_POINT('Ctrl Pts',(17.3128857022641,-1.92279032494036,4.96003247267427));
#4183=CARTESIAN_POINT('Ctrl Pts',(17.1670597957322,-2.08664489120843,5.00000007450581));
#4184=CARTESIAN_POINT('Ctrl Pts',(17.0000001788139,-2.23606757914515,5.00000007450581));
#4185=CARTESIAN_POINT('',(13.0000001788139,-2.23606789901724,5.00000007450581));
#4186=CARTESIAN_POINT('Origin',(15.,2.38418578213384E-7,5.00000007450581));
#4187=CARTESIAN_POINT('Ctrl Pts',(13.0000001788139,-2.23606789901724,5.00000007450581));
#4188=CARTESIAN_POINT('Ctrl Pts',(12.8329405180851,-2.08664521998914,5.00000007450581));
#4189=CARTESIAN_POINT('Ctrl Pts',(12.6871145755121,-1.9227906604185,4.96003245302108));
#4190=CARTESIAN_POINT('Ctrl Pts',(12.4357395343129,-1.57198324257894,4.83735871075755));
#4191=CARTESIAN_POINT('Ctrl Pts',(12.3305328948547,-1.38511874966301,4.7537002517043));
#4192=CARTESIAN_POINT('Ctrl Pts',(12.0789544797554,-0.803658098513942,4.46553894940413));
#4193=CARTESIAN_POINT('Ctrl Pts',(12.0000001788139,-0.388211301217431,4.22413411809689));
#4194=CARTESIAN_POINT('Ctrl Pts',(12.0000001788139,2.38418578213384E-7,
4.00000007450581));
#4195=CARTESIAN_POINT('Origin',(15.,24.0000002384186,7.5));
#4196=CARTESIAN_POINT('',(12.5,24.0000002384186,12.5));
#4197=CARTESIAN_POINT('Origin',(15.,24.0000002384186,12.5));
#4198=CARTESIAN_POINT('',(12.5,24.0000002384186,7.5));
#4199=CARTESIAN_POINT('',(12.5,24.0000002384186,7.5));
#4200=CARTESIAN_POINT('Origin',(15.,24.0000002384186,7.5));
#4201=CARTESIAN_POINT('Origin',(15.,24.0000002384186,12.5));
#4202=CARTESIAN_POINT('',(12.,24.0000002384186,12.5));
#4203=CARTESIAN_POINT('Origin',(15.,24.0000002384186,12.5));
#4204=CARTESIAN_POINT('Origin',(15.,24.0000002384186,7.5));
#4205=CARTESIAN_POINT('',(12.,24.0000002384186,7.5));
#4206=CARTESIAN_POINT('Origin',(15.,24.0000002384186,7.5));
#4207=CARTESIAN_POINT('Origin',(15.,24.0000002384186,3.));
#4208=CARTESIAN_POINT('',(12.,24.0000002384186,6.));
#4209=CARTESIAN_POINT('',(12.,24.0000002384186,3.));
#4210=CARTESIAN_POINT('Origin',(15.,24.0000002384186,6.));
#4211=CARTESIAN_POINT('Origin',(3.,27.,4.));
#4212=CARTESIAN_POINT('',(4.,27.,4.));
#4213=CARTESIAN_POINT('',(3.,28.,4.));
#4214=CARTESIAN_POINT('Origin',(3.,27.,4.));
#4215=CARTESIAN_POINT('',(3.,27.,3.));
#4216=CARTESIAN_POINT('Origin',(3.,27.,4.));
#4217=CARTESIAN_POINT('Origin',(3.,27.,4.));
#4218=CARTESIAN_POINT('Origin',(3.,20.0000002086163,4.));
#4219=CARTESIAN_POINT('',(4.,20.,4.));
#4220=CARTESIAN_POINT('',(3.,20.,3.));
#4221=CARTESIAN_POINT('Origin',(3.,20.,4.));
#4222=CARTESIAN_POINT('',(3.,20.0000002086163,3.));
#4223=CARTESIAN_POINT('',(4.,20.0000002086163,4.));
#4224=CARTESIAN_POINT('Origin',(7.,27.,4.));
#4225=CARTESIAN_POINT('',(-1.,28.,4.));
#4226=CARTESIAN_POINT('',(0.,27.,3.));
#4227=CARTESIAN_POINT('Origin',(-1.,27.,4.));
#4228=CARTESIAN_POINT('',(7.,28.,4.));
#4229=CARTESIAN_POINT('',(7.,27.,3.));
#4230=CARTESIAN_POINT('Origin',(3.,27.,0.));
#4231=CARTESIAN_POINT('',(3.86602540378444,27.5,6.));
#4232=CARTESIAN_POINT('',(4.,27.,6.));
#4233=CARTESIAN_POINT('Origin',(3.,27.,6.));
#4234=CARTESIAN_POINT('',(4.,27.,0.));
#4235=CARTESIAN_POINT('',(3.,28.,6.5));
#4236=CARTESIAN_POINT('',(3.,28.,0.));
#4237=CARTESIAN_POINT('Ctrl Pts',(3.86602540378444,27.5,6.));
#4238=CARTESIAN_POINT('Ctrl Pts',(3.8282415095025,27.5654436246041,6.));
#4239=CARTESIAN_POINT('Ctrl Pts',(3.78029342306492,27.6302450210669,6.013419097078));
#4240=CARTESIAN_POINT('Ctrl Pts',(3.67329766317836,27.7434627185903,6.05903439448142));
#4241=CARTESIAN_POINT('Ctrl Pts',(3.61428215811392,27.791999322001,6.09100709875613));
#4242=CARTESIAN_POINT('Ctrl Pts',(3.47532872457472,27.8854254499147,6.17302408596949));
#4243=CARTESIAN_POINT('Ctrl Pts',(3.38146130404133,27.9298163989785,6.23466520034978));
#4244=CARTESIAN_POINT('Ctrl Pts',(3.18909093056914,27.9870743510596,6.36619653727087));
#4245=CARTESIAN_POINT('Ctrl Pts',(3.09053424970975,28.,6.4359826181006));
#4246=CARTESIAN_POINT('Ctrl Pts',(3.,28.,6.5));
#4247=CARTESIAN_POINT('Origin',(3.,20.,3.));
#4248=CARTESIAN_POINT('',(4.,20.,6.));
#4249=CARTESIAN_POINT('',(4.,20.,1.5));
#4250=CARTESIAN_POINT('',(11.0000000077999,20.,6.));
#4251=CARTESIAN_POINT('',(9.,20.,6.));
#4252=CARTESIAN_POINT('',(11.0000000077999,20.,13.5));
#4253=CARTESIAN_POINT('',(11.0000000077999,20.,3.));
#4254=CARTESIAN_POINT('',(3.,20.,13.5));
#4255=CARTESIAN_POINT('',(9.,20.,13.5));
#4256=CARTESIAN_POINT('',(3.,20.,4.));
#4257=CARTESIAN_POINT('',(3.,20.,3.));
#4258=CARTESIAN_POINT('',(2.,20.,3.));
#4259=CARTESIAN_POINT('Origin',(2.,20.,4.));
#4260=CARTESIAN_POINT('',(3.,20.,3.));
#4261=CARTESIAN_POINT('',(4.,20.,10.));
#4262=CARTESIAN_POINT('Origin',(7.00000000000001,20.,10.));
#4263=CARTESIAN_POINT('Origin',(4.,28.0000004172325,0.));
#4264=CARTESIAN_POINT('',(4.,24.,6.));
#4265=CARTESIAN_POINT('Origin',(27.,27.,4.));
#4266=CARTESIAN_POINT('',(27.,28.,4.));
#4267=CARTESIAN_POINT('',(26.,27.,4.));
#4268=CARTESIAN_POINT('Origin',(27.,27.,4.));
#4269=CARTESIAN_POINT('',(27.,27.,3.));
#4270=CARTESIAN_POINT('Origin',(27.,27.,4.));
#4271=CARTESIAN_POINT('Origin',(27.,27.,4.));
#4272=CARTESIAN_POINT('Origin',(7.,27.,4.));
#4273=CARTESIAN_POINT('',(31.,28.,4.));
#4274=CARTESIAN_POINT('',(30.,27.,3.));
#4275=CARTESIAN_POINT('Origin',(31.,27.,4.));
#4276=CARTESIAN_POINT('',(7.,27.,3.));
#4277=CARTESIAN_POINT('',(7.,28.,4.));
#4278=CARTESIAN_POINT('Origin',(27.,16.,4.));
#4279=CARTESIAN_POINT('',(27.,20.,3.));
#4280=CARTESIAN_POINT('',(26.,20.,4.));
#4281=CARTESIAN_POINT('Origin',(27.,20.,4.));
#4282=CARTESIAN_POINT('',(26.,16.,4.));
#4283=CARTESIAN_POINT('',(27.,16.,3.));
#4284=CARTESIAN_POINT('Origin',(27.,27.,0.));
#4285=CARTESIAN_POINT('',(27.,28.,6.5));
#4286=CARTESIAN_POINT('',(26.1339745962156,27.5,6.));
#4287=CARTESIAN_POINT('Ctrl Pts',(27.,28.,6.5));
#4288=CARTESIAN_POINT('Ctrl Pts',(26.9094657502903,28.,6.4359826181006));
#4289=CARTESIAN_POINT('Ctrl Pts',(26.8109090694309,27.9870743510596,6.36619653727087));
#4290=CARTESIAN_POINT('Ctrl Pts',(26.6185386959587,27.9298163989785,6.23466520034978));
#4291=CARTESIAN_POINT('Ctrl Pts',(26.5246712754253,27.8854254499147,6.1730240859695));
#4292=CARTESIAN_POINT('Ctrl Pts',(26.3857178418861,27.791999322001,6.09100709875613));
#4293=CARTESIAN_POINT('Ctrl Pts',(26.3267023368216,27.7434627185903,6.05903439448142));
#4294=CARTESIAN_POINT('Ctrl Pts',(26.2197065769351,27.6302450210669,6.013419097078));
#4295=CARTESIAN_POINT('Ctrl Pts',(26.1717584904975,27.5654436246041,6.));
#4296=CARTESIAN_POINT('Ctrl Pts',(26.1339745962156,27.5,6.));
#4297=CARTESIAN_POINT('',(27.,28.,0.));
#4298=CARTESIAN_POINT('',(26.,27.,6.));
#4299=CARTESIAN_POINT('',(26.,27.,0.));
#4300=CARTESIAN_POINT('Origin',(27.,27.,6.));
#4301=CARTESIAN_POINT('Origin',(15.,12.,3.));
#4302=CARTESIAN_POINT('',(30.,24.,3.));
#4303=CARTESIAN_POINT('',(30.,3.,3.));
#4304=CARTESIAN_POINT('',(30.,24.,3.));
#4305=CARTESIAN_POINT('Origin',(27.,3.,3.));
#4306=CARTESIAN_POINT('',(27.,0.,3.));
#4307=CARTESIAN_POINT('Origin',(27.,3.,3.));
#4308=CARTESIAN_POINT('',(18.,0.,3.));
#4309=CARTESIAN_POINT('',(3.,0.,3.));
#4310=CARTESIAN_POINT('',(18.0000001788139,3.,3.));
#4311=CARTESIAN_POINT('',(18.0000001788139,4.,3.));
#4312=CARTESIAN_POINT('',(28.,3.,3.));
#4313=CARTESIAN_POINT('',(21.,3.,3.));
#4314=CARTESIAN_POINT('',(28.,20.,3.));
#4315=CARTESIAN_POINT('',(28.,16.,3.));
#4316=CARTESIAN_POINT('',(3.,20.,3.));
#4317=CARTESIAN_POINT('Origin',(-1.,28.,0.));
#4318=CARTESIAN_POINT('',(-1.,28.,13.5));
#4319=CARTESIAN_POINT('',(-1.,28.,0.));
#4320=CARTESIAN_POINT('',(31.,28.,13.5));
#4321=CARTESIAN_POINT('',(7.,28.,13.5));
#4322=CARTESIAN_POINT('',(31.,28.,0.));
#4323=CARTESIAN_POINT('',(7.00000000389997,28.,6.5));
#4324=CARTESIAN_POINT('',(4.,28.,10.));
#4325=CARTESIAN_POINT('Origin',(7.00000000000001,28.,10.));
#4326=CARTESIAN_POINT('',(20.,28.,10.));
#4327=CARTESIAN_POINT('Origin',(23.,28.,10.));
#4328=CARTESIAN_POINT('Origin',(-1.,27.,0.));
#4329=CARTESIAN_POINT('',(0.,27.,-1.));
#4330=CARTESIAN_POINT('',(-1.,28.,-1.));
#4331=CARTESIAN_POINT('Origin',(-1.,27.,-1.));
#4332=CARTESIAN_POINT('',(-1.,28.,0.));
#4333=CARTESIAN_POINT('',(0.,27.,0.));
#4334=CARTESIAN_POINT('Origin',(15.,12.,-1.));
#4335=CARTESIAN_POINT('',(0.,26.8284273631648,-1.));
#4336=CARTESIAN_POINT('',(0.,24.,-1.));
#4337=CARTESIAN_POINT('',(1.99999999999999,24.,-1.));
#4338=CARTESIAN_POINT('Origin',(-1.,24.0000002384186,-1.));
#4339=CARTESIAN_POINT('',(4.,24.,-1.));
#4340=CARTESIAN_POINT('',(4.,24.,-1.));
#4341=CARTESIAN_POINT('',(4.,7.,-1.));
#4342=CARTESIAN_POINT('',(4.,7.,-1.));
#4343=CARTESIAN_POINT('',(26.,7.,-1.));
#4344=CARTESIAN_POINT('',(26.,7.,-1.));
#4345=CARTESIAN_POINT('',(26.,24.,-1.));
#4346=CARTESIAN_POINT('',(26.,24.,-1.));
#4347=CARTESIAN_POINT('',(28.,24.,-1.));
#4348=CARTESIAN_POINT('',(30.,24.,-1.));
#4349=CARTESIAN_POINT('',(30.,26.8284273631648,-1.));
#4350=CARTESIAN_POINT('Origin',(31.,24.0000002384186,-1.));
#4351=CARTESIAN_POINT('',(30.,27.,-1.));
#4352=CARTESIAN_POINT('',(30.,24.,-1.));
#4353=CARTESIAN_POINT('',(31.,28.,-1.));
#4354=CARTESIAN_POINT('Origin',(31.,27.,-1.));
#4355=CARTESIAN_POINT('',(35.,24.,-1.));
#4356=CARTESIAN_POINT('Origin',(31.,24.,-1.));
#4357=CARTESIAN_POINT('',(35.,0.,-1.));
#4358=CARTESIAN_POINT('',(35.,24.,-1.));
#4359=CARTESIAN_POINT('',(31.,-4.,-1.));
#4360=CARTESIAN_POINT('Origin',(31.,-1.11022302462516E-15,-1.));
#4361=CARTESIAN_POINT('',(-0.999999999999996,-4.,-1.));
#4362=CARTESIAN_POINT('',(31.,-4.,-1.));
#4363=CARTESIAN_POINT('',(-5.,0.,-1.));
#4364=CARTESIAN_POINT('Origin',(-1.,-1.38777878078145E-15,-1.));
#4365=CARTESIAN_POINT('',(-5.,24.,-1.));
#4366=CARTESIAN_POINT('',(-5.,-4.11462813523245E-16,-1.));
#4367=CARTESIAN_POINT('Origin',(-1.,24.,-1.));
#4368=CARTESIAN_POINT('Origin',(21.,3.,4.));
#4369=CARTESIAN_POINT('',(3.,4.,4.));
#4370=CARTESIAN_POINT('',(12.0000001788139,4.,4.00000007450581));
#4371=CARTESIAN_POINT('',(21.,4.,4.));
#4372=CARTESIAN_POINT('',(12.0000001788139,3.,3.));
#4373=CARTESIAN_POINT('Origin',(12.0000001788139,3.,4.));
#4374=CARTESIAN_POINT('',(2.,3.,3.));
#4375=CARTESIAN_POINT('',(21.,3.,3.));
#4376=CARTESIAN_POINT('Origin',(2.,3.,4.));
#4377=CARTESIAN_POINT('Origin',(2.,8.,4.));
#4378=CARTESIAN_POINT('',(2.,8.,3.));
#4379=CARTESIAN_POINT('',(3.,8.,4.));
#4380=CARTESIAN_POINT('Origin',(27.,4.,3.));
#4381=CARTESIAN_POINT('',(3.,4.,13.5));
#4382=CARTESIAN_POINT('',(3.,4.,3.));
#4383=CARTESIAN_POINT('',(11.0000000077999,3.99999984229969,13.5));
#4384=CARTESIAN_POINT('',(21.,4.,13.5));
#4385=CARTESIAN_POINT('',(11.0000000077999,3.99999984229969,6.));
#4386=CARTESIAN_POINT('',(11.0000000077999,3.99999984229969,3.));
#4387=CARTESIAN_POINT('',(19.0000000077999,3.99999984229968,6.));
#4388=CARTESIAN_POINT('',(11.0000000077999,3.99999984229969,6.));
#4389=CARTESIAN_POINT('',(19.0000000077999,3.99999984229968,13.5));
#4390=CARTESIAN_POINT('',(19.0000000077999,3.99999984229968,3.));
#4391=CARTESIAN_POINT('',(27.,4.,13.5));
#4392=CARTESIAN_POINT('',(21.,4.,13.5));
#4393=CARTESIAN_POINT('',(27.,4.,4.));
#4394=CARTESIAN_POINT('',(27.,4.,3.));
#4395=CARTESIAN_POINT('',(18.0000001788139,4.,4.00000007450581));
#4396=CARTESIAN_POINT('',(21.,4.,4.));
#4397=CARTESIAN_POINT('',(17.0000001788139,4.,5.00000007450581));
#4398=CARTESIAN_POINT('Origin',(17.0000001788139,4.,4.0000000745058));
#4399=CARTESIAN_POINT('',(13.0000001788139,4.,5.00000007450581));
#4400=CARTESIAN_POINT('',(20.000000089407,4.,5.00000007450581));
#4401=CARTESIAN_POINT('Origin',(13.0000001788139,4.,4.00000007450581));
#4402=CARTESIAN_POINT('',(20.,4.,10.));
#4403=CARTESIAN_POINT('Origin',(23.,4.,10.));
#4404=CARTESIAN_POINT('',(4.,4.,10.));
#4405=CARTESIAN_POINT('Origin',(7.,4.,10.));
#4406=CARTESIAN_POINT('Origin',(3.,4.,3.));
#4407=CARTESIAN_POINT('',(3.,8.,13.5));
#4408=CARTESIAN_POINT('',(3.,11.,10.));
#4409=CARTESIAN_POINT('Origin',(3.,8.,10.));
#4410=CARTESIAN_POINT('',(3.,19.,10.));
#4411=CARTESIAN_POINT('Origin',(3.,16.,10.));
#4412=CARTESIAN_POINT('Origin',(31.,27.,0.));
#4413=CARTESIAN_POINT('',(30.,27.,0.));
#4414=CARTESIAN_POINT('',(31.,28.,0.));
#4415=CARTESIAN_POINT('Origin',(21.,3.,4.));
#4416=CARTESIAN_POINT('Origin',(18.0000001788139,3.,4.));
#4417=CARTESIAN_POINT('Origin',(28.,3.,4.));
#4418=CARTESIAN_POINT('Origin',(28.,16.,4.));
#4419=CARTESIAN_POINT('',(27.,20.,4.));
#4420=CARTESIAN_POINT('',(27.,16.,4.));
#4421=CARTESIAN_POINT('Origin',(28.,20.,4.));
#4422=CARTESIAN_POINT('Origin',(7.00000000389997,27.5,6.5));
#4423=CARTESIAN_POINT('',(7.00000000389997,27.5,6.));
#4424=CARTESIAN_POINT('Origin',(15.0000000077999,11.9999999211498,6.));
#4425=CARTESIAN_POINT('',(26.,20.,6.));
#4426=CARTESIAN_POINT('',(26.,24.,6.));
#4427=CARTESIAN_POINT('',(19.0000000077999,20.,6.));
#4428=CARTESIAN_POINT('',(9.,20.,6.));
#4429=CARTESIAN_POINT('',(19.0000000077999,7.99999988172476,6.));
#4430=CARTESIAN_POINT('',(11.0000000077999,15.9999999605749,6.));
#4431=CARTESIAN_POINT('Origin',(9.,20.5,13.5));
#4432=CARTESIAN_POINT('',(11.5000000077999,20.5,14.));
#4433=CARTESIAN_POINT('',(2.5,20.5,14.));
#4434=CARTESIAN_POINT('',(9.,20.5,14.));
#4435=CARTESIAN_POINT('Origin',(2.5,20.5,13.5));
#4436=CARTESIAN_POINT('Origin',(11.5000000077999,20.5,13.5));
#4437=CARTESIAN_POINT('Origin',(2.5,8.,13.5));
#4438=CARTESIAN_POINT('',(2.5,3.5,14.));
#4439=CARTESIAN_POINT('',(2.5,8.,14.));
#4440=CARTESIAN_POINT('Origin',(2.5,3.5,13.5));
#4441=CARTESIAN_POINT('Origin',(21.,3.5,13.5));
#4442=CARTESIAN_POINT('',(11.5000000077999,3.5,14.));
#4443=CARTESIAN_POINT('',(21.,3.5,14.));
#4444=CARTESIAN_POINT('Origin',(11.5000000077999,3.5,13.5));
#4445=CARTESIAN_POINT('Origin',(11.5000000077999,16.,13.5));
#4446=CARTESIAN_POINT('',(11.0000000077999,16.,13.5));
#4447=CARTESIAN_POINT('',(11.5000000077999,16.,14.));
#4448=CARTESIAN_POINT('Origin',(11.0000000077999,20.,3.));
#4449=CARTESIAN_POINT('Origin',(15.,12.,14.));
#4450=CARTESIAN_POINT('',(-1.,27.5,14.));
#4451=CARTESIAN_POINT('',(31.,27.5,14.));
#4452=CARTESIAN_POINT('',(7.,27.5,14.));
#4453=CARTESIAN_POINT('',(-4.5,24.,14.));
#4454=CARTESIAN_POINT('Origin',(-1.,24.,14.));
#4455=CARTESIAN_POINT('',(-4.5,0.,14.));
#4456=CARTESIAN_POINT('',(-4.5,6.,14.));
#4457=CARTESIAN_POINT('',(-0.999999999999998,-3.5,14.));
#4458=CARTESIAN_POINT('Origin',(-1.,-1.38777878078145E-15,14.));
#4459=CARTESIAN_POINT('',(31.,-3.5,14.));
#4460=CARTESIAN_POINT('',(23.,-3.5,14.));
#4461=CARTESIAN_POINT('',(34.5,-1.11022302462516E-15,14.));
#4462=CARTESIAN_POINT('Origin',(31.,-1.11022302462516E-15,14.));
#4463=CARTESIAN_POINT('',(34.5,24.,14.));
#4464=CARTESIAN_POINT('',(34.5,18.,14.));
#4465=CARTESIAN_POINT('Origin',(31.,24.,14.));
#4466=CARTESIAN_POINT('',(27.5,20.5,14.));
#4467=CARTESIAN_POINT('',(18.5000000077999,20.5,14.));
#4468=CARTESIAN_POINT('',(9.,20.5,14.));
#4469=CARTESIAN_POINT('',(27.5,3.5,14.));
#4470=CARTESIAN_POINT('',(27.5,16.,14.));
#4471=CARTESIAN_POINT('',(18.5000000077999,3.5,14.));
#4472=CARTESIAN_POINT('',(21.,3.5,14.));
#4473=CARTESIAN_POINT('',(18.5000000077999,7.99999992114984,14.));
#4474=CARTESIAN_POINT('',(28.,2.38418578213384E-7,14.));
#4475=CARTESIAN_POINT('Origin',(31.,2.38418578213384E-7,14.));
#4476=CARTESIAN_POINT('',(-4.,24.0000002384186,14.));
#4477=CARTESIAN_POINT('Origin',(-1.,24.0000002384186,14.));
#4478=CARTESIAN_POINT('',(12.,8.00000023841858,14.));
#4479=CARTESIAN_POINT('Origin',(15.,8.00000023841858,14.));
#4480=CARTESIAN_POINT('',(12.,2.38418578213384E-7,14.));
#4481=CARTESIAN_POINT('Origin',(15.,2.38418578213384E-7,14.));
#4482=CARTESIAN_POINT('',(-4.,2.38418578213384E-7,14.));
#4483=CARTESIAN_POINT('Origin',(-1.,2.38418578213384E-7,14.));
#4484=CARTESIAN_POINT('',(28.,24.0000002384186,14.));
#4485=CARTESIAN_POINT('Origin',(31.,24.0000002384186,14.));
#4486=CARTESIAN_POINT('',(12.,16.0000002384186,14.));
#4487=CARTESIAN_POINT('Origin',(15.,16.0000002384186,14.));
#4488=CARTESIAN_POINT('',(12.,24.0000002384186,14.));
#4489=CARTESIAN_POINT('Origin',(15.,24.0000002384186,14.));
#4490=CARTESIAN_POINT('Origin',(9.,20.5,13.5));
#4491=CARTESIAN_POINT('',(19.0000000077999,20.,13.5));
#4492=CARTESIAN_POINT('Origin',(18.5000000077999,20.5,13.5));
#4493=CARTESIAN_POINT('',(27.,20.,13.5));
#4494=CARTESIAN_POINT('',(9.,20.,13.5));
#4495=CARTESIAN_POINT('Origin',(27.5,20.5,13.5));
#4496=CARTESIAN_POINT('Origin',(18.5000000077999,7.99999992114984,13.5));
#4497=CARTESIAN_POINT('Origin',(18.5000000077999,3.5,13.5));
#4498=CARTESIAN_POINT('',(19.0000000077999,7.99999992114984,13.5));
#4499=CARTESIAN_POINT('Origin',(21.,3.5,13.5));
#4500=CARTESIAN_POINT('Origin',(27.5,3.5,13.5));
#4501=CARTESIAN_POINT('Origin',(27.5,16.,13.5));
#4502=CARTESIAN_POINT('',(27.,16.,13.5));
#4503=CARTESIAN_POINT('Origin',(27.,20.,3.));
#4504=CARTESIAN_POINT('',(27.,20.,3.));
#4505=CARTESIAN_POINT('',(27.,11.,10.));
#4506=CARTESIAN_POINT('Origin',(27.,8.,10.));
#4507=CARTESIAN_POINT('',(27.,19.,10.));
#4508=CARTESIAN_POINT('Origin',(27.,16.,10.));
#4509=CARTESIAN_POINT('Origin',(3.,20.,3.));
#4510=CARTESIAN_POINT('',(19.0000000077999,20.,3.));
#4511=CARTESIAN_POINT('',(26.,20.,1.5));
#4512=CARTESIAN_POINT('',(20.,20.,10.));
#4513=CARTESIAN_POINT('Origin',(23.,20.,10.));
#4514=CARTESIAN_POINT('Origin',(7.,27.5,13.5));
#4515=CARTESIAN_POINT('Origin',(31.,27.5,13.5));
#4516=CARTESIAN_POINT('Origin',(-1.,27.5,13.5));
#4517=CARTESIAN_POINT('Origin',(-1.,24.,13.5));
#4518=CARTESIAN_POINT('',(-5.,24.,13.5));
#4519=CARTESIAN_POINT('Origin',(-4.5,24.,13.5));
#4520=CARTESIAN_POINT('Origin',(-1.,24.,13.5));
#4521=CARTESIAN_POINT('Origin',(-4.5,6.,13.5));
#4522=CARTESIAN_POINT('',(-5.,-4.11462813523245E-16,13.5));
#4523=CARTESIAN_POINT('Origin',(-4.5,0.,13.5));
#4524=CARTESIAN_POINT('',(-5.,6.,13.5));
#4525=CARTESIAN_POINT('Origin',(-1.,-1.38777878078145E-15,13.5));
#4526=CARTESIAN_POINT('',(-0.999999999999996,-4.,13.5));
#4527=CARTESIAN_POINT('Origin',(-0.999999999999998,-3.5,13.5));
#4528=CARTESIAN_POINT('Origin',(-1.,-1.38777878078145E-15,13.5));
#4529=CARTESIAN_POINT('Origin',(23.,-3.5,13.5));
#4530=CARTESIAN_POINT('',(31.,-4.,13.5));
#4531=CARTESIAN_POINT('Origin',(31.,-3.5,13.5));
#4532=CARTESIAN_POINT('',(23.,-4.,13.5));
#4533=CARTESIAN_POINT('Origin',(31.,-1.11022302462516E-15,13.5));
#4534=CARTESIAN_POINT('',(35.,-1.35515238445463E-15,13.5));
#4535=CARTESIAN_POINT('Origin',(34.5,-1.11022302462516E-15,13.5));
#4536=CARTESIAN_POINT('Origin',(31.,-1.11022302462516E-15,13.5));
#4537=CARTESIAN_POINT('Origin',(34.5,18.,13.5));
#4538=CARTESIAN_POINT('',(35.,24.,13.5));
#4539=CARTESIAN_POINT('Origin',(34.5,24.,13.5));
#4540=CARTESIAN_POINT('',(35.,18.,13.5));
#4541=CARTESIAN_POINT('Origin',(31.,24.,13.5));
#4542=CARTESIAN_POINT('Origin',(31.,24.,13.5));
#4543=CARTESIAN_POINT('Origin',(-1.,-1.38777878078145E-15,0.));
#4544=CARTESIAN_POINT('',(-5.,-4.11462813523245E-16,0.));
#4545=CARTESIAN_POINT('',(-0.999999999999996,-4.,0.));
#4546=CARTESIAN_POINT('Origin',(-5.,-4.11462813523245E-16,0.));
#4547=CARTESIAN_POINT('',(-5.,24.,0.));
#4548=CARTESIAN_POINT('',(-5.,11.,10.));
#4549=CARTESIAN_POINT('Origin',(-5.,8.,10.));
#4550=CARTESIAN_POINT('',(-5.,19.,10.));
#4551=CARTESIAN_POINT('Origin',(-5.,16.,10.));
#4552=CARTESIAN_POINT('Origin',(-1.,24.,0.));
#4553=CARTESIAN_POINT('Origin',(33.5,8.,10.));
#4554=CARTESIAN_POINT('',(28.5,10.5,10.));
#4555=CARTESIAN_POINT('Origin',(28.5,8.,10.));
#4556=CARTESIAN_POINT('',(33.5,10.5,10.));
#4557=CARTESIAN_POINT('',(33.5,10.5,10.));
#4558=CARTESIAN_POINT('Origin',(33.5,8.,10.));
#4559=CARTESIAN_POINT('Origin',(28.5,8.,10.));
#4560=CARTESIAN_POINT('',(28.5,11.,10.));
#4561=CARTESIAN_POINT('Origin',(28.5,8.,10.));
#4562=CARTESIAN_POINT('Origin',(33.5,8.,10.));
#4563=CARTESIAN_POINT('',(33.5,11.,10.));
#4564=CARTESIAN_POINT('Origin',(33.5,8.,10.));
#4565=CARTESIAN_POINT('Origin',(35.,8.,10.));
#4566=CARTESIAN_POINT('',(35.,11.,10.));
#4567=CARTESIAN_POINT('Origin',(35.,8.,10.));
#4568=CARTESIAN_POINT('',(35.,11.,10.));
#4569=CARTESIAN_POINT('Origin',(33.5,16.,10.));
#4570=CARTESIAN_POINT('',(28.5,18.5,10.));
#4571=CARTESIAN_POINT('Origin',(28.5,16.,10.));
#4572=CARTESIAN_POINT('',(33.5,18.5,10.));
#4573=CARTESIAN_POINT('',(33.5,18.5,10.));
#4574=CARTESIAN_POINT('Origin',(33.5,16.,10.));
#4575=CARTESIAN_POINT('Origin',(28.5,16.,10.));
#4576=CARTESIAN_POINT('',(28.5,19.,10.));
#4577=CARTESIAN_POINT('Origin',(28.5,16.,10.));
#4578=CARTESIAN_POINT('Origin',(33.5,16.,10.));
#4579=CARTESIAN_POINT('',(33.5,19.,10.));
#4580=CARTESIAN_POINT('Origin',(33.5,16.,10.));
#4581=CARTESIAN_POINT('Origin',(35.,16.,10.));
#4582=CARTESIAN_POINT('',(35.,19.,10.));
#4583=CARTESIAN_POINT('Origin',(35.,16.,10.));
#4584=CARTESIAN_POINT('',(35.,19.,10.));
#4585=CARTESIAN_POINT('Origin',(35.,16.,10.));
#4586=CARTESIAN_POINT('',(35.,19.,10.));
#4587=CARTESIAN_POINT('Origin',(35.,8.,10.));
#4588=CARTESIAN_POINT('',(35.,11.,10.));
#4589=CARTESIAN_POINT('Origin',(-3.5,8.,10.));
#4590=CARTESIAN_POINT('',(1.5,10.5,10.));
#4591=CARTESIAN_POINT('Origin',(1.5,8.,10.));
#4592=CARTESIAN_POINT('',(-3.5,10.5,10.));
#4593=CARTESIAN_POINT('',(-3.5,10.5,10.));
#4594=CARTESIAN_POINT('Origin',(-3.5,8.,10.));
#4595=CARTESIAN_POINT('Origin',(-3.5,8.,10.));
#4596=CARTESIAN_POINT('',(-3.5,11.,10.));
#4597=CARTESIAN_POINT('Origin',(-3.5,8.,10.));
#4598=CARTESIAN_POINT('Origin',(1.5,8.,10.));
#4599=CARTESIAN_POINT('',(1.5,11.,10.));
#4600=CARTESIAN_POINT('Origin',(1.5,8.,10.));
#4601=CARTESIAN_POINT('Origin',(-5.,8.,10.));
#4602=CARTESIAN_POINT('',(-5.,11.,10.));
#4603=CARTESIAN_POINT('Origin',(-3.5,16.,10.));
#4604=CARTESIAN_POINT('',(1.5,18.5,10.));
#4605=CARTESIAN_POINT('Origin',(1.5,16.,10.));
#4606=CARTESIAN_POINT('',(-3.5,18.5,10.));
#4607=CARTESIAN_POINT('',(-3.5,18.5,10.));
#4608=CARTESIAN_POINT('Origin',(-3.5,16.,10.));
#4609=CARTESIAN_POINT('Origin',(-3.5,16.,10.));
#4610=CARTESIAN_POINT('',(-3.5,19.,10.));
#4611=CARTESIAN_POINT('Origin',(-3.5,16.,10.));
#4612=CARTESIAN_POINT('Origin',(1.5,16.,10.));
#4613=CARTESIAN_POINT('',(1.5,19.,10.));
#4614=CARTESIAN_POINT('Origin',(1.5,16.,10.));
#4615=CARTESIAN_POINT('Origin',(-5.,16.,10.));
#4616=CARTESIAN_POINT('',(-5.,19.,10.));
#4617=CARTESIAN_POINT('Origin',(-5.,16.,10.));
#4618=CARTESIAN_POINT('',(-5.,19.,10.));
#4619=CARTESIAN_POINT('Origin',(-5.,8.,10.));
#4620=CARTESIAN_POINT('',(-5.,11.,10.));
#4621=CARTESIAN_POINT('Origin',(23.,21.5,10.));
#4622=CARTESIAN_POINT('',(20.5,26.5,10.));
#4623=CARTESIAN_POINT('Origin',(23.,26.5,10.));
#4624=CARTESIAN_POINT('',(20.5,21.5,10.));
#4625=CARTESIAN_POINT('',(20.5,21.5,10.));
#4626=CARTESIAN_POINT('Origin',(23.,21.5,10.));
#4627=CARTESIAN_POINT('Origin',(23.,21.5,10.));
#4628=CARTESIAN_POINT('',(20.,21.5,10.));
#4629=CARTESIAN_POINT('Origin',(23.,21.5,10.));
#4630=CARTESIAN_POINT('Origin',(23.,26.5,10.));
#4631=CARTESIAN_POINT('',(20.,26.5,10.));
#4632=CARTESIAN_POINT('Origin',(23.,26.5,10.));
#4633=CARTESIAN_POINT('Origin',(23.,-4.,10.));
#4634=CARTESIAN_POINT('',(20.,-4.,10.));
#4635=CARTESIAN_POINT('Origin',(7.00000000000001,21.5,10.));
#4636=CARTESIAN_POINT('',(4.5,26.5,10.));
#4637=CARTESIAN_POINT('Origin',(7.00000000000001,26.5,10.));
#4638=CARTESIAN_POINT('',(4.5,21.5,10.));
#4639=CARTESIAN_POINT('',(4.5,21.5,10.));
#4640=CARTESIAN_POINT('Origin',(7.00000000000001,21.5,10.));
#4641=CARTESIAN_POINT('Origin',(7.00000000000001,21.5,10.));
#4642=CARTESIAN_POINT('',(4.,21.5,10.));
#4643=CARTESIAN_POINT('Origin',(7.00000000000001,21.5,10.));
#4644=CARTESIAN_POINT('Origin',(7.00000000000001,26.5,10.));
#4645=CARTESIAN_POINT('',(4.,26.5,10.));
#4646=CARTESIAN_POINT('Origin',(7.00000000000001,26.5,10.));
#4647=CARTESIAN_POINT('Origin',(7.,-4.,10.));
#4648=CARTESIAN_POINT('',(4.,-4.,10.));
#4649=CARTESIAN_POINT('Origin',(23.,-2.5,10.));
#4650=CARTESIAN_POINT('',(20.5,2.5,10.));
#4651=CARTESIAN_POINT('Origin',(23.,2.5,10.));
#4652=CARTESIAN_POINT('',(20.5,-2.5,10.));
#4653=CARTESIAN_POINT('',(20.5,-2.5,10.));
#4654=CARTESIAN_POINT('Origin',(23.,-2.5,10.));
#4655=CARTESIAN_POINT('Origin',(23.,-2.5,10.));
#4656=CARTESIAN_POINT('',(20.,-2.5,10.));
#4657=CARTESIAN_POINT('Origin',(23.,-2.5,10.));
#4658=CARTESIAN_POINT('Origin',(23.,2.5,10.));
#4659=CARTESIAN_POINT('',(20.,2.5,10.));
#4660=CARTESIAN_POINT('Origin',(23.,2.5,10.));
#4661=CARTESIAN_POINT('Origin',(23.,-4.,10.));
#4662=CARTESIAN_POINT('',(20.,-4.,10.));
#4663=CARTESIAN_POINT('Origin',(7.,-2.5,10.));
#4664=CARTESIAN_POINT('',(4.5,2.5,10.));
#4665=CARTESIAN_POINT('Origin',(7.,2.5,10.));
#4666=CARTESIAN_POINT('',(4.5,-2.5,10.));
#4667=CARTESIAN_POINT('',(4.5,-2.5,10.));
#4668=CARTESIAN_POINT('Origin',(7.,-2.5,10.));
#4669=CARTESIAN_POINT('Origin',(7.,-2.5,10.));
#4670=CARTESIAN_POINT('',(4.,-2.5,10.));
#4671=CARTESIAN_POINT('Origin',(7.,-2.5,10.));
#4672=CARTESIAN_POINT('Origin',(7.,2.5,10.));
#4673=CARTESIAN_POINT('',(4.,2.5,10.));
#4674=CARTESIAN_POINT('Origin',(7.,2.5,10.));
#4675=CARTESIAN_POINT('Origin',(7.,-4.,10.));
#4676=CARTESIAN_POINT('',(4.,-4.,10.));
#4677=CARTESIAN_POINT('Origin',(7.,-4.,10.));
#4678=CARTESIAN_POINT('',(4.,-4.,10.));
#4679=CARTESIAN_POINT('Origin',(7.,-4.,10.));
#4680=CARTESIAN_POINT('',(4.,-4.,10.));
#4681=CARTESIAN_POINT('Origin',(7.,-4.,10.));
#4682=CARTESIAN_POINT('',(4.,-4.,10.));
#4683=CARTESIAN_POINT('Origin',(23.,-4.,10.));
#4684=CARTESIAN_POINT('',(20.,-4.,10.));
#4685=CARTESIAN_POINT('Origin',(23.,-4.,10.));
#4686=CARTESIAN_POINT('',(20.,-4.,10.));
#4687=CARTESIAN_POINT('Origin',(23.,-4.,10.));
#4688=CARTESIAN_POINT('',(20.,-4.,10.));
#4689=CARTESIAN_POINT('Origin',(13.0000001788139,-4.,4.00000007450581));
#4690=CARTESIAN_POINT('',(12.0000001788139,-4.,4.00000007450581));
#4691=CARTESIAN_POINT('',(13.0000001788139,-4.,5.00000007450581));
#4692=CARTESIAN_POINT('Origin',(13.0000001788139,-4.,4.00000007450581));
#4693=CARTESIAN_POINT('',(13.0000001788139,-4.,5.00000007450581));
#4694=CARTESIAN_POINT('',(13.0000001788139,-4.,5.00000007450581));
#4695=CARTESIAN_POINT('',(12.0000001788139,-4.,4.00000007450581));
#4696=CARTESIAN_POINT('Origin',(13.0000001788139,-4.,4.00000007450581));
#4697=CARTESIAN_POINT('',(12.0000001788139,-4.,4.00000007450581));
#4698=CARTESIAN_POINT('Origin',(12.0000001788139,-4.,3.00000007450581));
#4699=CARTESIAN_POINT('',(12.0000001788139,-4.,3.00000007450581));
#4700=CARTESIAN_POINT('',(12.0000001788139,-4.,1.5000000372529));
#4701=CARTESIAN_POINT('',(12.,2.3841857784599E-7,3.));
#4702=CARTESIAN_POINT('',(12.0000001788139,4.,3.));
#4703=CARTESIAN_POINT('',(12.0000001788139,4.,3.));
#4704=CARTESIAN_POINT('Origin',(13.0000001788139,-4.,5.00000007450581));
#4705=CARTESIAN_POINT('',(17.0000001788139,-4.,5.00000007450581));
#4706=CARTESIAN_POINT('Origin',(17.0000001788139,-4.,4.0000000745058));
#4707=CARTESIAN_POINT('',(18.0000001788139,-4.,4.00000007450581));
#4708=CARTESIAN_POINT('Origin',(18.0000001788139,-4.,4.00000007450581));
#4709=CARTESIAN_POINT('',(18.0000001788139,-4.,3.00000007450581));
#4710=CARTESIAN_POINT('',(18.0000001788139,-4.,3.00000007450581));
#4711=CARTESIAN_POINT('',(18.0000001788139,-4.,4.00000007450581));
#4712=CARTESIAN_POINT('',(18.0000001788139,-4.,2.0000000372529));
#4713=CARTESIAN_POINT('',(18.0000001788139,-4.,4.00000007450581));
#4714=CARTESIAN_POINT('Origin',(13.0000001788139,-4.,5.00000007450581));
#4715=CARTESIAN_POINT('',(17.0000001788139,-4.,5.00000007450581));
#4716=CARTESIAN_POINT('',(17.0000001788139,-4.,5.00000007450581));
#4717=CARTESIAN_POINT('',(22.000000089407,-4.,5.00000007450581));
#4718=CARTESIAN_POINT('Origin',(17.0000001788139,-4.,4.0000000745058));
#4719=CARTESIAN_POINT('Origin',(17.0000001788139,-4.,4.0000000745058));
#4720=CARTESIAN_POINT('Origin',(26.,20.,0.));
#4721=CARTESIAN_POINT('Origin',(15.,12.,3.));
#4722=CARTESIAN_POINT('',(3.,0.,3.));
#4723=CARTESIAN_POINT('',(3.,0.,3.));
#4724=CARTESIAN_POINT('Origin',(3.,3.,3.));
#4725=CARTESIAN_POINT('',(0.,3.,3.));
#4726=CARTESIAN_POINT('Origin',(3.,3.,3.));
#4727=CARTESIAN_POINT('',(0.,24.,3.));
#4728=CARTESIAN_POINT('',(0.,24.,3.));
#4729=CARTESIAN_POINT('Origin',(31.,2.38418578213384E-7,3.));
#4730=CARTESIAN_POINT('',(28.,2.3841857784599E-7,3.));
#4731=CARTESIAN_POINT('Origin',(-1.,24.0000002384186,3.));
#4732=CARTESIAN_POINT('',(-4.,24.0000002384186,3.));
#4733=CARTESIAN_POINT('Origin',(19.0000000077999,3.99999984229968,3.));
#4734=CARTESIAN_POINT('Origin',(15.,8.00000023841858,3.));
#4735=CARTESIAN_POINT('',(12.,8.00000023841858,3.));
#4736=CARTESIAN_POINT('Origin',(15.,2.38418578213384E-7,3.));
#4737=CARTESIAN_POINT('',(12.,2.3841857784599E-7,3.));
#4738=CARTESIAN_POINT('Origin',(-1.,2.38418578213384E-7,3.));
#4739=CARTESIAN_POINT('',(-4.,2.3841857784599E-7,3.));
#4740=CARTESIAN_POINT('Origin',(31.,24.0000002384186,3.));
#4741=CARTESIAN_POINT('',(28.,24.0000002384186,3.));
#4742=CARTESIAN_POINT('Origin',(15.,16.0000002384186,3.));
#4743=CARTESIAN_POINT('',(12.,16.0000002384186,3.));
#4744=CARTESIAN_POINT('Origin',(15.,24.0000002384186,3.));
#4745=CARTESIAN_POINT('',(12.,24.0000002384186,3.));
#4746=CARTESIAN_POINT('Origin',(15.,12.,3.));
#4747=CARTESIAN_POINT('',(3.,0.,3.));
#4748=CARTESIAN_POINT('',(23.,-4.,3.));
#4749=CARTESIAN_POINT('Origin',(15.,12.,3.));
#4750=CARTESIAN_POINT('Origin',(27.,3.,3.));
#4751=CARTESIAN_POINT('Origin',(15.,12.,3.));
#4752=CARTESIAN_POINT('',(30.,24.,3.));
#4753=CARTESIAN_POINT('Origin',(15.,12.,3.));
#4754=CARTESIAN_POINT('',(0.,24.,3.));
#4755=CARTESIAN_POINT('Origin',(15.,12.,3.));
#4756=CARTESIAN_POINT('Origin',(3.,3.,3.));
#4757=CARTESIAN_POINT('Origin',(3.,3.,0.));
#4758=CARTESIAN_POINT('',(0.,3.,0.));
#4759=CARTESIAN_POINT('',(3.,0.,0.));
#4760=CARTESIAN_POINT('Origin',(27.,0.,0.));
#4761=CARTESIAN_POINT('',(27.,0.,0.));
#4762=CARTESIAN_POINT('Origin',(27.,3.,0.));
#4763=CARTESIAN_POINT('',(30.,3.,0.));
#4764=CARTESIAN_POINT('Origin',(26.,24.,0.));
#4765=CARTESIAN_POINT('',(28.,24.,0.));
#4766=CARTESIAN_POINT('',(26.,24.,0.));
#4767=CARTESIAN_POINT('Origin',(26.,7.,0.));
#4768=CARTESIAN_POINT('',(26.,7.,0.));
#4769=CARTESIAN_POINT('Origin',(4.,7.,0.));
#4770=CARTESIAN_POINT('',(4.,7.,0.));
#4771=CARTESIAN_POINT('Origin',(4.,24.,0.));
#4772=CARTESIAN_POINT('',(4.,24.,0.));
#4773=CARTESIAN_POINT('Origin',(1.99999999999999,24.,0.));
#4774=CARTESIAN_POINT('',(1.99999999999999,24.,0.));
#4775=CARTESIAN_POINT('Origin',(-1.,24.0000002384186,0.));
#4776=CARTESIAN_POINT('',(0.,26.8284273631648,0.));
#4777=CARTESIAN_POINT('Origin',(0.,28.,0.));
#4778=CARTESIAN_POINT('Origin',(31.,-4.,0.));
#4779=CARTESIAN_POINT('',(31.,-4.,0.));
#4780=CARTESIAN_POINT('Origin',(31.,-1.11022302462516E-15,0.));
#4781=CARTESIAN_POINT('',(35.,-1.35515238445463E-15,0.));
#4782=CARTESIAN_POINT('Origin',(35.,24.,0.));
#4783=CARTESIAN_POINT('',(35.,24.,0.));
#4784=CARTESIAN_POINT('Origin',(31.,24.,0.));
#4785=CARTESIAN_POINT('Origin',(30.,26.8284273631648,0.));
#4786=CARTESIAN_POINT('',(30.,26.8284273631648,0.));
#4787=CARTESIAN_POINT('Origin',(31.,24.0000002384186,0.));
#4788=UNCERTAINTY_MEASURE_WITH_UNIT(LENGTH_MEASURE(0.01),#4792,
'DISTANCE_ACCURACY_VALUE',
'Maximum model space distance between geometric entities at asserted c
onnectivities');
#4789=UNCERTAINTY_MEASURE_WITH_UNIT(LENGTH_MEASURE(0.01),#4792,
'DISTANCE_ACCURACY_VALUE',
'Maximum model space distance between geometric entities at asserted c
onnectivities');
#4790=(
GEOMETRIC_REPRESENTATION_CONTEXT(3)
GLOBAL_UNCERTAINTY_ASSIGNED_CONTEXT((#4788))
GLOBAL_UNIT_ASSIGNED_CONTEXT((#4792,#4794,#4795))
REPRESENTATION_CONTEXT('','3D')
);
#4791=(
GEOMETRIC_REPRESENTATION_CONTEXT(3)
GLOBAL_UNCERTAINTY_ASSIGNED_CONTEXT((#4789))
GLOBAL_UNIT_ASSIGNED_CONTEXT((#4792,#4794,#4795))
REPRESENTATION_CONTEXT('','3D')
);
#4792=(
LENGTH_UNIT()
NAMED_UNIT(*)
SI_UNIT(.MILLI.,.METRE.)
);
#4793=(
LENGTH_UNIT()
NAMED_UNIT(*)
SI_UNIT($,.METRE.)
);
#4794=(
NAMED_UNIT(*)
PLANE_ANGLE_UNIT()
SI_UNIT($,.RADIAN.)
);
#4795=(
NAMED_UNIT(*)
SI_UNIT($,.STERADIAN.)
SOLID_ANGLE_UNIT()
);
#4796=SHAPE_DEFINITION_REPRESENTATION(#4797,#4798);
#4797=PRODUCT_DEFINITION_SHAPE('',$,#4800);
#4798=SHAPE_REPRESENTATION('',(#2717),#4790);
#4799=PRODUCT_DEFINITION_CONTEXT('part definition',#4804,'design');
#4800=PRODUCT_DEFINITION('vaha_cidlo','vaha_cidlo v2',#4801,#4799);
#4801=PRODUCT_DEFINITION_FORMATION('',$,#4806);
#4802=PRODUCT_RELATED_PRODUCT_CATEGORY('vaha_cidlo v2','vaha_cidlo v2',
(#4806));
#4803=APPLICATION_PROTOCOL_DEFINITION('international standard',
'automotive_design',2009,#4804);
#4804=APPLICATION_CONTEXT(
'Core Data for Automotive Mechanical Design Process');
#4805=PRODUCT_CONTEXT('part definition',#4804,'mechanical');
#4806=PRODUCT('vaha_cidlo','vaha_cidlo v2',$,(#4805));
#4807=PRESENTATION_STYLE_ASSIGNMENT((#4808));
#4808=SURFACE_STYLE_USAGE(.BOTH.,#4809);
#4809=SURFACE_SIDE_STYLE('',(#4810));
#4810=SURFACE_STYLE_FILL_AREA(#4811);
#4811=FILL_AREA_STYLE('Steel - Satin',(#4812));
#4812=FILL_AREA_STYLE_COLOUR('Steel - Satin',#4813);
#4813=COLOUR_RGB('Steel - Satin',0.627450980392157,0.627450980392157,0.627450980392157);
ENDSEC;
END-ISO-10303-21;
